[2026-07-17 08:44:04,120] [INFO] [__main__] Using seed=1002
[2026-07-17 08:44:04,836] [INFO] [__main__] Training for the **copy** task
[2026-07-17 08:44:04,836] [INFO] [__main__] CopyTaskParams(name='copy-task', controller_size=100, controller_layers=1, num_heads=1, sequence_width=8, sequence_min_len=1, sequence_max_len=20, memory_n=128, memory_m=20, num_batches=20000, batch_size=1, rmsprop_lr=0.0001, rmsprop_momentum=0.9, rmsprop_alpha=0.95, advice_type='combined', advice_size=16, advice_strength=1.0, advice_random_seed=1729)
[2026-07-17 08:44:06,546] [INFO] [__main__] Total number of parameters: 69260
[2026-07-17 08:44:06,547] [INFO] [__main__] Training model for 20000 batches (batch_size=1)...

[                                        ]: 1 (Loss: 0.6875)
[                                        ]: 2 (Loss: 0.6725)
[                                        ]: 3 (Loss: 0.6972)
[                                        ]: 4 (Loss: 0.7051)
[=                                       ]: 5 (Loss: 0.7143)
[=                                       ]: 6 (Loss: 0.7100)
[=                                       ]: 7 (Loss: 0.6844)
[=                                       ]: 8 (Loss: 0.6960)
[=                                       ]: 9 (Loss: 0.7077)
[==                                      ]: 10 (Loss: 0.7105)
[==                                      ]: 11 (Loss: 0.6935)
[==                                      ]: 12 (Loss: 0.7144)
[==                                      ]: 13 (Loss: 0.7190)
[==                                      ]: 14 (Loss: 0.6983)
[===                                     ]: 15 (Loss: 0.7121)
[===                                     ]: 16 (Loss: 0.6832)
[===                                     ]: 17 (Loss: 0.7090)
[===                                     ]: 18 (Loss: 0.7128)
[===                                     ]: 19 (Loss: 0.6864)
[====                                    ]: 20 (Loss: 0.6455)
[====                                    ]: 21 (Loss: 0.7178)
[====                                    ]: 22 (Loss: 0.7362)
[====                                    ]: 23 (Loss: 0.7386)
[====                                    ]: 24 (Loss: 0.7204)
[=====                                   ]: 25 (Loss: 0.7132)
[=====                                   ]: 26 (Loss: 0.7010)
[=====                                   ]: 27 (Loss: 0.6731)
[=====                                   ]: 28 (Loss: 0.6950)
[=====                                   ]: 29 (Loss: 0.6824)
[======                                  ]: 30 (Loss: 0.6923)
[======                                  ]: 31 (Loss: 0.6882)
[======                                  ]: 32 (Loss: 0.7033)
[======                                  ]: 33 (Loss: 0.6920)
[======                                  ]: 34 (Loss: 0.6981)
[=======                                 ]: 35 (Loss: 0.6985)
[=======                                 ]: 36 (Loss: 0.7150)
[=======                                 ]: 37 (Loss: 0.6902)
[=======                                 ]: 38 (Loss: 0.6899)
[=======                                 ]: 39 (Loss: 0.6855)
[========                                ]: 40 (Loss: 0.7005)
[========                                ]: 41 (Loss: 0.6913)
[========                                ]: 42 (Loss: 0.6900)
[========                                ]: 43 (Loss: 0.6874)
[========                                ]: 44 (Loss: 0.6844)
[=========                               ]: 45 (Loss: 0.6926)
[=========                               ]: 46 (Loss: 0.6795)
[=========                               ]: 47 (Loss: 0.7102)
[=========                               ]: 48 (Loss: 0.7068)
[=========                               ]: 49 (Loss: 0.6866)
[==========                              ]: 50 (Loss: 0.6879)
[==========                              ]: 51 (Loss: 0.7027)
[==========                              ]: 52 (Loss: 0.6917)
[==========                              ]: 53 (Loss: 0.6913)
[==========                              ]: 54 (Loss: 0.6782)
[===========                             ]: 55 (Loss: 0.6954)
[===========                             ]: 56 (Loss: 0.6986)
[===========                             ]: 57 (Loss: 0.6958)
[===========                             ]: 58 (Loss: 0.6948)
[===========                             ]: 59 (Loss: 0.6862)
[============                            ]: 60 (Loss: 0.6905)
[============                            ]: 61 (Loss: 0.6593)
[============                            ]: 62 (Loss: 0.6687)
[============                            ]: 63 (Loss: 0.6712)
[============                            ]: 64 (Loss: 0.7212)
[=============                           ]: 65 (Loss: 0.6730)
[=============                           ]: 66 (Loss: 0.6833)
[=============                           ]: 67 (Loss: 0.7419)
[=============                           ]: 68 (Loss: 0.6778)
[=============                           ]: 69 (Loss: 0.6997)
[==============                          ]: 70 (Loss: 0.6785)
[==============                          ]: 71 (Loss: 0.6937)
[==============                          ]: 72 (Loss: 0.6395)
[==============                          ]: 73 (Loss: 0.7072)
[==============                          ]: 74 (Loss: 0.7184)
[===============                         ]: 75 (Loss: 0.6859)
[===============                         ]: 76 (Loss: 0.7005)
[===============                         ]: 77 (Loss: 0.7082)
[===============                         ]: 78 (Loss: 0.6535)
[===============                         ]: 79 (Loss: 0.6986)
[================                        ]: 80 (Loss: 0.6612)
[================                        ]: 81 (Loss: 0.6857)
[================                        ]: 82 (Loss: 0.6904)
[================                        ]: 83 (Loss: 0.6634)
[================                        ]: 84 (Loss: 0.6941)
[=================                       ]: 85 (Loss: 0.7087)
[=================                       ]: 86 (Loss: 0.6793)
[=================                       ]: 87 (Loss: 0.7004)
[=================                       ]: 88 (Loss: 0.6866)
[=================                       ]: 89 (Loss: 0.7171)
[==================                      ]: 90 (Loss: 0.6992)
[==================                      ]: 91 (Loss: 0.6987)
[==================                      ]: 92 (Loss: 0.6782)
[==================                      ]: 93 (Loss: 0.6966)
[==================                      ]: 94 (Loss: 0.6977)
[===================                     ]: 95 (Loss: 0.6990)
[===================                     ]: 96 (Loss: 0.7069)
[===================                     ]: 97 (Loss: 0.6559)
[===================                     ]: 98 (Loss: 0.6984)
[===================                     ]: 99 (Loss: 0.7036)
[====================                    ]: 100 (Loss: 0.7028)
[====================                    ]: 101 (Loss: 0.7002)
[====================                    ]: 102 (Loss: 0.6751)
[====================                    ]: 103 (Loss: 0.7036)
[====================                    ]: 104 (Loss: 0.6920)
[=====================                   ]: 105 (Loss: 0.6827)
[=====================                   ]: 106 (Loss: 0.7039)
[=====================                   ]: 107 (Loss: 0.6790)
[=====================                   ]: 108 (Loss: 0.6868)
[=====================                   ]: 109 (Loss: 0.6965)
[======================                  ]: 110 (Loss: 0.6773)
[======================                  ]: 111 (Loss: 0.6906)
[======================                  ]: 112 (Loss: 0.6913)
[======================                  ]: 113 (Loss: 0.7104)
[======================                  ]: 114 (Loss: 0.6960)
[=======================                 ]: 115 (Loss: 0.6990)
[=======================                 ]: 116 (Loss: 0.6995)
[=======================                 ]: 117 (Loss: 0.7015)
[=======================                 ]: 118 (Loss: 0.6994)
[=======================                 ]: 119 (Loss: 0.6954)
[========================                ]: 120 (Loss: 0.6930)
[========================                ]: 121 (Loss: 0.6872)
[========================                ]: 122 (Loss: 0.7056)
[========================                ]: 123 (Loss: 0.7497)
[========================                ]: 124 (Loss: 0.6855)
[=========================               ]: 125 (Loss: 0.6830)
[=========================               ]: 126 (Loss: 0.6560)
[=========================               ]: 127 (Loss: 0.7055)
[=========================               ]: 128 (Loss: 0.7039)
[=========================               ]: 129 (Loss: 0.6751)
[==========================              ]: 130 (Loss: 0.6821)
[==========================              ]: 131 (Loss: 0.6922)
[==========================              ]: 132 (Loss: 0.6920)
[==========================              ]: 133 (Loss: 0.6767)
[==========================              ]: 134 (Loss: 0.6914)
[===========================             ]: 135 (Loss: 0.6952)
[===========================             ]: 136 (Loss: 0.7080)
[===========================             ]: 137 (Loss: 0.6962)
[===========================             ]: 138 (Loss: 0.6688)
[===========================             ]: 139 (Loss: 0.6929)
[============================            ]: 140 (Loss: 0.6965)
[============================            ]: 141 (Loss: 0.6878)
[============================            ]: 142 (Loss: 0.6836)
[============================            ]: 143 (Loss: 0.6916)
[============================            ]: 144 (Loss: 0.6877)
[=============================           ]: 145 (Loss: 0.6855)
[=============================           ]: 146 (Loss: 0.6896)
[=============================           ]: 147 (Loss: 0.6959)
[=============================           ]: 148 (Loss: 0.6848)
[=============================           ]: 149 (Loss: 0.6819)
[==============================          ]: 150 (Loss: 0.6729)
[==============================          ]: 151 (Loss: 0.6879)
[==============================          ]: 152 (Loss: 0.6742)
[==============================          ]: 153 (Loss: 0.6905)
[==============================          ]: 154 (Loss: 0.6873)
[===============================         ]: 155 (Loss: 0.6747)
[===============================         ]: 156 (Loss: 0.6961)
[===============================         ]: 157 (Loss: 0.6852)
[===============================         ]: 158 (Loss: 0.6681)
[===============================         ]: 159 (Loss: 0.6987)
[================================        ]: 160 (Loss: 0.6910)
[================================        ]: 161 (Loss: 0.6614)
[================================        ]: 162 (Loss: 0.6977)
[================================        ]: 163 (Loss: 0.6923)
[================================        ]: 164 (Loss: 0.6905)
[=================================       ]: 165 (Loss: 0.7053)
[=================================       ]: 166 (Loss: 0.6925)
[=================================       ]: 167 (Loss: 0.6715)
[=================================       ]: 168 (Loss: 0.6884)
[=================================       ]: 169 (Loss: 0.6994)
[==================================      ]: 170 (Loss: 0.6667)
[==================================      ]: 171 (Loss: 0.6745)
[==================================      ]: 172 (Loss: 0.6955)
[==================================      ]: 173 (Loss: 0.6693)
[==================================      ]: 174 (Loss: 0.6978)
[===================================     ]: 175 (Loss: 0.6940)
[===================================     ]: 176 (Loss: 0.6872)
[===================================     ]: 177 (Loss: 0.7086)
[===================================     ]: 178 (Loss: 0.6735)
[===================================     ]: 179 (Loss: 0.7011)
[====================================    ]: 180 (Loss: 0.7310)
[====================================    ]: 181 (Loss: 0.7122)
[====================================    ]: 182 (Loss: 0.6893)
[====================================    ]: 183 (Loss: 0.6517)
[====================================    ]: 184 (Loss: 0.7089)
[=====================================   ]: 185 (Loss: 0.6984)
[=====================================   ]: 186 (Loss: 0.7015)
[=====================================   ]: 187 (Loss: 0.6967)
[=====================================   ]: 188 (Loss: 0.6934)
[=====================================   ]: 189 (Loss: 0.6875)
[======================================  ]: 190 (Loss: 0.6805)
[======================================  ]: 191 (Loss: 0.6603)
[======================================  ]: 192 (Loss: 0.6754)
[======================================  ]: 193 (Loss: 0.6751)
[======================================  ]: 194 (Loss: 0.6773)
[======================================= ]: 195 (Loss: 0.6527)
[======================================= ]: 196 (Loss: 0.6491)
[======================================= ]: 197 (Loss: 0.6744)
[======================================= ]: 198 (Loss: 0.6943)
[======================================= ]: 199 (Loss: 0.7048)
[========================================]: 200 (Loss: 0.6589)
                                                                                                    
[2026-07-17 08:44:23,718] [INFO] [__main__] Batch 200 Loss: 0.691545 Cost: 39.10 Time: 85 ms/sequence
[2026-07-17 08:44:23,736] [INFO] [__main__] Advice weight norm: 19.204262 | Advice gradient norm: 0.055044

[                                        ]: 201 (Loss: 0.6760)
[                                        ]: 202 (Loss: 0.7024)
[                                        ]: 203 (Loss: 0.6947)
[                                        ]: 204 (Loss: 0.6883)
[=                                       ]: 205 (Loss: 0.6759)
[=                                       ]: 206 (Loss: 0.6561)
[=                                       ]: 207 (Loss: 0.6623)
[=                                       ]: 208 (Loss: 0.7094)
[=                                       ]: 209 (Loss: 0.6821)
[==                                      ]: 210 (Loss: 0.6821)
[==                                      ]: 211 (Loss: 0.6801)
[==                                      ]: 212 (Loss: 0.7012)
[==                                      ]: 213 (Loss: 0.6662)
[==                                      ]: 214 (Loss: 0.7097)
[===                                     ]: 215 (Loss: 0.6824)
[===                                     ]: 216 (Loss: 0.6553)
[===                                     ]: 217 (Loss: 0.6881)
[===                                     ]: 218 (Loss: 0.6968)
[===                                     ]: 219 (Loss: 0.7014)
[====                                    ]: 220 (Loss: 0.6806)
[====                                    ]: 221 (Loss: 0.6880)
[====                                    ]: 222 (Loss: 0.6760)
[====                                    ]: 223 (Loss: 0.6708)
[====                                    ]: 224 (Loss: 0.6884)
[=====                                   ]: 225 (Loss: 0.6792)
[=====                                   ]: 226 (Loss: 0.7111)
[=====                                   ]: 227 (Loss: 0.7083)
[=====                                   ]: 228 (Loss: 0.6781)
[=====                                   ]: 229 (Loss: 0.7034)
[======                                  ]: 230 (Loss: 0.6432)
[======                                  ]: 231 (Loss: 0.7057)
[======                                  ]: 232 (Loss: 0.6803)
[======                                  ]: 233 (Loss: 0.6705)
[======                                  ]: 234 (Loss: 0.6906)
[=======                                 ]: 235 (Loss: 0.6903)
[=======                                 ]: 236 (Loss: 0.6534)
[=======                                 ]: 237 (Loss: 0.7023)
[=======                                 ]: 238 (Loss: 0.6924)
[=======                                 ]: 239 (Loss: 0.6932)
[========                                ]: 240 (Loss: 0.6869)
[========                                ]: 241 (Loss: 0.6900)
[========                                ]: 242 (Loss: 0.6677)
[========                                ]: 243 (Loss: 0.6813)
[========                                ]: 244 (Loss: 0.6890)
[=========                               ]: 245 (Loss: 0.6999)
[=========                               ]: 246 (Loss: 0.6493)
[=========                               ]: 247 (Loss: 0.6911)
[=========                               ]: 248 (Loss: 0.6827)
[=========                               ]: 249 (Loss: 0.6863)
[==========                              ]: 250 (Loss: 0.6816)
[==========                              ]: 251 (Loss: 0.6491)
[==========                              ]: 252 (Loss: 0.6814)
[==========                              ]: 253 (Loss: 0.6939)
[==========                              ]: 254 (Loss: 0.6962)
[===========                             ]: 255 (Loss: 0.6883)
[===========                             ]: 256 (Loss: 0.6813)
[===========                             ]: 257 (Loss: 0.6485)
[===========                             ]: 258 (Loss: 0.6943)
[===========                             ]: 259 (Loss: 0.6946)
[============                            ]: 260 (Loss: 0.5981)
[============                            ]: 261 (Loss: 0.6789)
[============                            ]: 262 (Loss: 0.6926)
[============                            ]: 263 (Loss: 0.6455)
[============                            ]: 264 (Loss: 0.6607)
[=============                           ]: 265 (Loss: 0.6856)
[=============                           ]: 266 (Loss: 0.6868)
[=============                           ]: 267 (Loss: 0.6839)
[=============                           ]: 268 (Loss: 0.6745)
[=============                           ]: 269 (Loss: 0.6846)
[==============                          ]: 270 (Loss: 0.6974)
[==============                          ]: 271 (Loss: 0.6452)
[==============                          ]: 272 (Loss: 0.6937)
[==============                          ]: 273 (Loss: 0.6644)
[==============                          ]: 274 (Loss: 0.6944)
[===============                         ]: 275 (Loss: 0.6286)
[===============                         ]: 276 (Loss: 0.6759)
[===============                         ]: 277 (Loss: 0.6919)
[===============                         ]: 278 (Loss: 0.6624)
[===============                         ]: 279 (Loss: 0.6008)
[================                        ]: 280 (Loss: 0.6473)
[================                        ]: 281 (Loss: 0.6739)
[================                        ]: 282 (Loss: 0.6320)
[================                        ]: 283 (Loss: 0.7165)
[================                        ]: 284 (Loss: 0.6429)
[=================                       ]: 285 (Loss: 0.7021)
[=================                       ]: 286 (Loss: 0.6953)
[=================                       ]: 287 (Loss: 0.6826)
[=================                       ]: 288 (Loss: 0.7164)
[=================                       ]: 289 (Loss: 0.6936)
[==================                      ]: 290 (Loss: 0.6647)
[==================                      ]: 291 (Loss: 0.6705)
[==================                      ]: 292 (Loss: 0.5932)
[==================                      ]: 293 (Loss: 0.6996)
[==================                      ]: 294 (Loss: 0.7061)
[===================                     ]: 295 (Loss: 0.6335)
[===================                     ]: 296 (Loss: 0.7037)
[===================                     ]: 297 (Loss: 0.6640)
[===================                     ]: 298 (Loss: 0.6646)
[===================                     ]: 299 (Loss: 0.6809)
[====================                    ]: 300 (Loss: 0.6593)
[====================                    ]: 301 (Loss: 0.6793)
[====================                    ]: 302 (Loss: 0.6504)
[====================                    ]: 303 (Loss: 0.6913)
[====================                    ]: 304 (Loss: 0.7127)
[=====================                   ]: 305 (Loss: 0.6800)
[=====================                   ]: 306 (Loss: 0.6048)
[=====================                   ]: 307 (Loss: 0.6982)
[=====================                   ]: 308 (Loss: 0.6631)
[=====================                   ]: 309 (Loss: 0.7053)
[======================                  ]: 310 (Loss: 0.7006)
[======================                  ]: 311 (Loss: 0.6976)
[======================                  ]: 312 (Loss: 0.6622)
[======================                  ]: 313 (Loss: 0.6900)
[======================                  ]: 314 (Loss: 0.6726)
[=======================                 ]: 315 (Loss: 0.6931)
[=======================                 ]: 316 (Loss: 0.6794)
[=======================                 ]: 317 (Loss: 0.6730)
[=======================                 ]: 318 (Loss: 0.7064)
[=======================                 ]: 319 (Loss: 0.5687)
[========================                ]: 320 (Loss: 0.6816)
[========================                ]: 321 (Loss: 0.6586)
[========================                ]: 322 (Loss: 0.6300)
[========================                ]: 323 (Loss: 0.6297)
[========================                ]: 324 (Loss: 0.7002)
[=========================               ]: 325 (Loss: 0.6763)
[=========================               ]: 326 (Loss: 0.6669)
[=========================               ]: 327 (Loss: 0.6900)
[=========================               ]: 328 (Loss: 0.6925)
[=========================               ]: 329 (Loss: 0.6608)
[==========================              ]: 330 (Loss: 0.6843)
[==========================              ]: 331 (Loss: 0.6790)
[==========================              ]: 332 (Loss: 0.7079)
[==========================              ]: 333 (Loss: 0.6960)
[==========================              ]: 334 (Loss: 0.6374)
[===========================             ]: 335 (Loss: 0.6955)
[===========================             ]: 336 (Loss: 0.6806)
[===========================             ]: 337 (Loss: 0.6554)
[===========================             ]: 338 (Loss: 0.6707)
[===========================             ]: 339 (Loss: 0.6611)
[============================            ]: 340 (Loss: 0.7103)
[============================            ]: 341 (Loss: 0.6725)
[============================            ]: 342 (Loss: 0.6868)
[============================            ]: 343 (Loss: 0.6923)
[============================            ]: 344 (Loss: 0.7025)
[=============================           ]: 345 (Loss: 0.6874)
[=============================           ]: 346 (Loss: 0.6899)
[=============================           ]: 347 (Loss: 0.7053)
[=============================           ]: 348 (Loss: 0.7013)
[=============================           ]: 349 (Loss: 0.6914)
[==============================          ]: 350 (Loss: 0.6635)
[==============================          ]: 351 (Loss: 0.6960)
[==============================          ]: 352 (Loss: 0.6981)
[==============================          ]: 353 (Loss: 0.6471)
[==============================          ]: 354 (Loss: 0.6926)
[===============================         ]: 355 (Loss: 0.6936)
[===============================         ]: 356 (Loss: 0.7059)
[===============================         ]: 357 (Loss: 0.6607)
[===============================         ]: 358 (Loss: 0.6528)
[===============================         ]: 359 (Loss: 0.7036)
[================================        ]: 360 (Loss: 0.6770)
[================================        ]: 361 (Loss: 0.6632)
[================================        ]: 362 (Loss: 0.6708)
[================================        ]: 363 (Loss: 0.6988)
[================================        ]: 364 (Loss: 0.6760)
[=================================       ]: 365 (Loss: 0.6813)
[=================================       ]: 366 (Loss: 0.6954)
[=================================       ]: 367 (Loss: 0.6740)
[=================================       ]: 368 (Loss: 0.6690)
[=================================       ]: 369 (Loss: 0.6486)
[==================================      ]: 370 (Loss: 0.6635)
[==================================      ]: 371 (Loss: 0.6907)
[==================================      ]: 372 (Loss: 0.6749)
[==================================      ]: 373 (Loss: 0.6901)
[==================================      ]: 374 (Loss: 0.6610)
[===================================     ]: 375 (Loss: 0.6303)
[===================================     ]: 376 (Loss: 0.5602)
[===================================     ]: 377 (Loss: 0.6412)
[===================================     ]: 378 (Loss: 0.7054)
[===================================     ]: 379 (Loss: 0.6809)
[====================================    ]: 380 (Loss: 0.6933)
[====================================    ]: 381 (Loss: 0.6984)
[====================================    ]: 382 (Loss: 0.6799)
[====================================    ]: 383 (Loss: 0.6921)
[====================================    ]: 384 (Loss: 0.6880)
[=====================================   ]: 385 (Loss: 0.6681)
[=====================================   ]: 386 (Loss: 0.6906)
[=====================================   ]: 387 (Loss: 0.6761)
[=====================================   ]: 388 (Loss: 0.6898)
[=====================================   ]: 389 (Loss: 0.7302)
[======================================  ]: 390 (Loss: 0.6872)
[======================================  ]: 391 (Loss: 0.6683)
[======================================  ]: 392 (Loss: 0.6876)
[======================================  ]: 393 (Loss: 0.7101)
[======================================  ]: 394 (Loss: 0.6687)
[======================================= ]: 395 (Loss: 0.7194)
[======================================= ]: 396 (Loss: 0.7132)
[======================================= ]: 397 (Loss: 0.6972)
[======================================= ]: 398 (Loss: 0.6131)
[======================================= ]: 399 (Loss: 0.6491)
[========================================]: 400 (Loss: 0.6839)
                                                                                                    
[2026-07-17 08:44:40,561] [INFO] [__main__] Batch 400 Loss: 0.678157 Cost: 36.67 Time: 84 ms/sequence
[2026-07-17 08:44:40,567] [INFO] [__main__] Advice weight norm: 19.222925 | Advice gradient norm: 0.124794

[                                        ]: 401 (Loss: 0.7028)
[                                        ]: 402 (Loss: 0.6948)
[                                        ]: 403 (Loss: 0.6890)
[                                        ]: 404 (Loss: 0.7016)
[=                                       ]: 405 (Loss: 0.6793)
[=                                       ]: 406 (Loss: 0.6774)
[=                                       ]: 407 (Loss: 0.6819)
[=                                       ]: 408 (Loss: 0.6424)
[=                                       ]: 409 (Loss: 0.6903)
[==                                      ]: 410 (Loss: 0.7087)
[==                                      ]: 411 (Loss: 0.6971)
[==                                      ]: 412 (Loss: 0.6984)
[==                                      ]: 413 (Loss: 0.6748)
[==                                      ]: 414 (Loss: 0.6778)
[===                                     ]: 415 (Loss: 0.6690)
[===                                     ]: 416 (Loss: 0.6707)
[===                                     ]: 417 (Loss: 0.6753)
[===                                     ]: 418 (Loss: 0.6804)
[===                                     ]: 419 (Loss: 0.6769)
[====                                    ]: 420 (Loss: 0.6907)
[====                                    ]: 421 (Loss: 0.6671)
[====                                    ]: 422 (Loss: 0.6435)
[====                                    ]: 423 (Loss: 0.6858)
[====                                    ]: 424 (Loss: 0.6574)
[=====                                   ]: 425 (Loss: 0.6899)
[=====                                   ]: 426 (Loss: 0.6731)
[=====                                   ]: 427 (Loss: 0.6929)
[=====                                   ]: 428 (Loss: 0.6902)
[=====                                   ]: 429 (Loss: 0.6831)
[======                                  ]: 430 (Loss: 0.6868)
[======                                  ]: 431 (Loss: 0.6777)
[======                                  ]: 432 (Loss: 0.6032)
[======                                  ]: 433 (Loss: 0.6701)
[======                                  ]: 434 (Loss: 0.6687)
[=======                                 ]: 435 (Loss: 0.6663)
[=======                                 ]: 436 (Loss: 0.6415)
[=======                                 ]: 437 (Loss: 0.6652)
[=======                                 ]: 438 (Loss: 0.6432)
[=======                                 ]: 439 (Loss: 0.6940)
[========                                ]: 440 (Loss: 0.6967)
[========                                ]: 441 (Loss: 0.7011)
[========                                ]: 442 (Loss: 0.6977)
[========                                ]: 443 (Loss: 0.7028)
[========                                ]: 444 (Loss: 0.6797)
[=========                               ]: 445 (Loss: 0.6856)
[=========                               ]: 446 (Loss: 0.6960)
[=========                               ]: 447 (Loss: 0.6958)
[=========                               ]: 448 (Loss: 0.6486)
[=========                               ]: 449 (Loss: 0.6721)
[==========                              ]: 450 (Loss: 0.6885)
[==========                              ]: 451 (Loss: 0.6764)
[==========                              ]: 452 (Loss: 0.6828)
[==========                              ]: 453 (Loss: 0.6613)
[==========                              ]: 454 (Loss: 0.6716)
[===========                             ]: 455 (Loss: 0.6634)
[===========                             ]: 456 (Loss: 0.6857)
[===========                             ]: 457 (Loss: 0.6905)
[===========                             ]: 458 (Loss: 0.6682)
[===========                             ]: 459 (Loss: 0.6813)
[============                            ]: 460 (Loss: 0.6906)
[============                            ]: 461 (Loss: 0.6770)
[============                            ]: 462 (Loss: 0.6933)
[============                            ]: 463 (Loss: 0.6960)
[============                            ]: 464 (Loss: 0.6803)
[=============                           ]: 465 (Loss: 0.6666)
[=============                           ]: 466 (Loss: 0.6116)
[=============                           ]: 467 (Loss: 0.6814)
[=============                           ]: 468 (Loss: 0.6811)
[=============                           ]: 469 (Loss: 0.6820)
[==============                          ]: 470 (Loss: 0.6850)
[==============                          ]: 471 (Loss: 0.6653)
[==============                          ]: 472 (Loss: 0.6768)
[==============                          ]: 473 (Loss: 0.6820)
[==============                          ]: 474 (Loss: 0.6670)
[===============                         ]: 475 (Loss: 0.6687)
[===============                         ]: 476 (Loss: 0.6784)
[===============                         ]: 477 (Loss: 0.6529)
[===============                         ]: 478 (Loss: 0.6168)
[===============                         ]: 479 (Loss: 0.6729)
[================                        ]: 480 (Loss: 0.6904)
[================                        ]: 481 (Loss: 0.6738)
[================                        ]: 482 (Loss: 0.6975)
[================                        ]: 483 (Loss: 0.6906)
[================                        ]: 484 (Loss: 0.6908)
[=================                       ]: 485 (Loss: 0.6984)
[=================                       ]: 486 (Loss: 0.6911)
[=================                       ]: 487 (Loss: 0.6886)
[=================                       ]: 488 (Loss: 0.7089)
[=================                       ]: 489 (Loss: 0.6868)
[==================                      ]: 490 (Loss: 0.6604)
[==================                      ]: 491 (Loss: 0.6603)
[==================                      ]: 492 (Loss: 0.6726)
[==================                      ]: 493 (Loss: 0.6867)
[==================                      ]: 494 (Loss: 0.6927)
[===================                     ]: 495 (Loss: 0.6828)
[===================                     ]: 496 (Loss: 0.7038)
[===================                     ]: 497 (Loss: 0.6931)
[===================                     ]: 498 (Loss: 0.6572)
[===================                     ]: 499 (Loss: 0.6891)
[====================                    ]: 500 (Loss: 0.6937)
[====================                    ]: 501 (Loss: 0.6676)
[====================                    ]: 502 (Loss: 0.6833)
[====================                    ]: 503 (Loss: 0.6858)
[====================                    ]: 504 (Loss: 0.6808)
[=====================                   ]: 505 (Loss: 0.6840)
[=====================                   ]: 506 (Loss: 0.6740)
[=====================                   ]: 507 (Loss: 0.6617)
[=====================                   ]: 508 (Loss: 0.6793)
[=====================                   ]: 509 (Loss: 0.6808)
[======================                  ]: 510 (Loss: 0.6719)
[======================                  ]: 511 (Loss: 0.6702)
[======================                  ]: 512 (Loss: 0.6984)
[======================                  ]: 513 (Loss: 0.6320)
[======================                  ]: 514 (Loss: 0.6768)
[=======================                 ]: 515 (Loss: 0.6828)
[=======================                 ]: 516 (Loss: 0.6286)
[=======================                 ]: 517 (Loss: 0.6295)
[=======================                 ]: 518 (Loss: 0.6869)
[=======================                 ]: 519 (Loss: 0.6334)
[========================                ]: 520 (Loss: 0.6805)
[========================                ]: 521 (Loss: 0.6821)
[========================                ]: 522 (Loss: 0.6978)
[========================                ]: 523 (Loss: 0.6820)
[========================                ]: 524 (Loss: 0.6711)
[=========================               ]: 525 (Loss: 0.6937)
[=========================               ]: 526 (Loss: 0.6755)
[=========================               ]: 527 (Loss: 0.6956)
[=========================               ]: 528 (Loss: 0.6772)
[=========================               ]: 529 (Loss: 0.6746)
[==========================              ]: 530 (Loss: 0.6942)
[==========================              ]: 531 (Loss: 0.6761)
[==========================              ]: 532 (Loss: 0.6393)
[==========================              ]: 533 (Loss: 0.6815)
[==========================              ]: 534 (Loss: 0.6867)
[===========================             ]: 535 (Loss: 0.6826)
[===========================             ]: 536 (Loss: 0.6814)
[===========================             ]: 537 (Loss: 0.6870)
[===========================             ]: 538 (Loss: 0.6887)
[===========================             ]: 539 (Loss: 0.7181)
[============================            ]: 540 (Loss: 0.6502)
[============================            ]: 541 (Loss: 0.6504)
[============================            ]: 542 (Loss: 0.6827)
[============================            ]: 543 (Loss: 0.6807)
[============================            ]: 544 (Loss: 0.6083)
[=============================           ]: 545 (Loss: 0.6418)
[=============================           ]: 546 (Loss: 0.6508)
[=============================           ]: 547 (Loss: 0.6935)
[=============================           ]: 548 (Loss: 0.6932)
[=============================           ]: 549 (Loss: 0.6695)
[==============================          ]: 550 (Loss: 0.6907)
[==============================          ]: 551 (Loss: 0.6769)
[==============================          ]: 552 (Loss: 0.6439)
[==============================          ]: 553 (Loss: 0.6812)
[==============================          ]: 554 (Loss: 0.6724)
[===============================         ]: 555 (Loss: 0.6038)
[===============================         ]: 556 (Loss: 0.6422)
[===============================         ]: 557 (Loss: 0.6806)
[===============================         ]: 558 (Loss: 0.6828)
[===============================         ]: 559 (Loss: 0.6471)
[================================        ]: 560 (Loss: 0.6507)
[================================        ]: 561 (Loss: 0.6601)
[================================        ]: 562 (Loss: 0.6872)
[================================        ]: 563 (Loss: 0.6832)
[================================        ]: 564 (Loss: 0.6544)
[=================================       ]: 565 (Loss: 0.6847)
[=================================       ]: 566 (Loss: 0.7136)
[=================================       ]: 567 (Loss: 0.6831)
[=================================       ]: 568 (Loss: 0.6264)
[=================================       ]: 569 (Loss: 0.6555)
[==================================      ]: 570 (Loss: 0.6959)
[==================================      ]: 571 (Loss: 0.7062)
[==================================      ]: 572 (Loss: 0.6968)
[==================================      ]: 573 (Loss: 0.6950)
[==================================      ]: 574 (Loss: 0.5270)
[===================================     ]: 575 (Loss: 0.6567)
[===================================     ]: 576 (Loss: 0.6592)
[===================================     ]: 577 (Loss: 0.6968)
[===================================     ]: 578 (Loss: 0.6996)
[===================================     ]: 579 (Loss: 0.6840)
[====================================    ]: 580 (Loss: 0.6984)
[====================================    ]: 581 (Loss: 0.6873)
[====================================    ]: 582 (Loss: 0.6771)
[====================================    ]: 583 (Loss: 0.6836)
[====================================    ]: 584 (Loss: 0.6907)
[=====================================   ]: 585 (Loss: 0.7037)
[=====================================   ]: 586 (Loss: 0.6634)
[=====================================   ]: 587 (Loss: 0.6749)
[=====================================   ]: 588 (Loss: 0.6940)
[=====================================   ]: 589 (Loss: 0.6897)
[======================================  ]: 590 (Loss: 0.6996)
[======================================  ]: 591 (Loss: 0.6925)
[======================================  ]: 592 (Loss: 0.6579)
[======================================  ]: 593 (Loss: 0.6775)
[======================================  ]: 594 (Loss: 0.6901)
[======================================= ]: 595 (Loss: 0.6770)
[======================================= ]: 596 (Loss: 0.6793)
[======================================= ]: 597 (Loss: 0.6798)
[======================================= ]: 598 (Loss: 0.6479)
[======================================= ]: 599 (Loss: 0.6875)
[========================================]: 600 (Loss: 0.6769)
                                                                                                    
[2026-07-17 08:44:58,644] [INFO] [__main__] Batch 600 Loss: 0.676108 Cost: 39.98 Time: 90 ms/sequence
[2026-07-17 08:44:58,650] [INFO] [__main__] Advice weight norm: 19.215263 | Advice gradient norm: 0.380353

[                                        ]: 601 (Loss: 0.6681)
[                                        ]: 602 (Loss: 0.6911)
[                                        ]: 603 (Loss: 0.6851)
[                                        ]: 604 (Loss: 0.6833)
[=                                       ]: 605 (Loss: 0.6503)
[=                                       ]: 606 (Loss: 0.6837)
[=                                       ]: 607 (Loss: 0.6577)
[=                                       ]: 608 (Loss: 0.6972)
[=                                       ]: 609 (Loss: 0.6776)
[==                                      ]: 610 (Loss: 0.6367)
[==                                      ]: 611 (Loss: 0.6485)
[==                                      ]: 612 (Loss: 0.6593)
[==                                      ]: 613 (Loss: 0.7029)
[==                                      ]: 614 (Loss: 0.6769)
[===                                     ]: 615 (Loss: 0.6697)
[===                                     ]: 616 (Loss: 0.6736)
[===                                     ]: 617 (Loss: 0.6894)
[===                                     ]: 618 (Loss: 0.5540)
[===                                     ]: 619 (Loss: 0.6905)
[====                                    ]: 620 (Loss: 0.7111)
[====                                    ]: 621 (Loss: 0.6705)
[====                                    ]: 622 (Loss: 0.6870)
[====                                    ]: 623 (Loss: 0.6863)
[====                                    ]: 624 (Loss: 0.6781)
[=====                                   ]: 625 (Loss: 0.6863)
[=====                                   ]: 626 (Loss: 0.6908)
[=====                                   ]: 627 (Loss: 0.6690)
[=====                                   ]: 628 (Loss: 0.6593)
[=====                                   ]: 629 (Loss: 0.6153)
[======                                  ]: 630 (Loss: 0.6877)
[======                                  ]: 631 (Loss: 0.6627)
[======                                  ]: 632 (Loss: 0.6806)
[======                                  ]: 633 (Loss: 0.6396)
[======                                  ]: 634 (Loss: 0.7140)
[=======                                 ]: 635 (Loss: 0.6922)
[=======                                 ]: 636 (Loss: 0.6787)
[=======                                 ]: 637 (Loss: 0.6225)
[=======                                 ]: 638 (Loss: 0.6708)
[=======                                 ]: 639 (Loss: 0.6902)
[========                                ]: 640 (Loss: 0.6426)
[========                                ]: 641 (Loss: 0.6693)
[========                                ]: 642 (Loss: 0.6906)
[========                                ]: 643 (Loss: 0.7315)
[========                                ]: 644 (Loss: 0.6338)
[=========                               ]: 645 (Loss: 0.7044)
[=========                               ]: 646 (Loss: 0.7001)
[=========                               ]: 647 (Loss: 0.5970)
[=========                               ]: 648 (Loss: 0.7275)
[=========                               ]: 649 (Loss: 0.7364)
[==========                              ]: 650 (Loss: 0.7055)
[==========                              ]: 651 (Loss: 0.5970)
[==========                              ]: 652 (Loss: 0.6827)
[==========                              ]: 653 (Loss: 0.6896)
[==========                              ]: 654 (Loss: 0.6835)
[===========                             ]: 655 (Loss: 0.6970)
[===========                             ]: 656 (Loss: 0.6876)
[===========                             ]: 657 (Loss: 0.6371)
[===========                             ]: 658 (Loss: 0.6200)
[===========                             ]: 659 (Loss: 0.6696)
[============                            ]: 660 (Loss: 0.6601)
[============                            ]: 661 (Loss: 0.6501)
[============                            ]: 662 (Loss: 0.6971)
[============                            ]: 663 (Loss: 0.6808)
[============                            ]: 664 (Loss: 0.6993)
[=============                           ]: 665 (Loss: 0.6873)
[=============                           ]: 666 (Loss: 0.6302)
[=============                           ]: 667 (Loss: 0.6713)
[=============                           ]: 668 (Loss: 0.6581)
[=============                           ]: 669 (Loss: 0.6856)
[==============                          ]: 670 (Loss: 0.6049)
[==============                          ]: 671 (Loss: 0.6389)
[==============                          ]: 672 (Loss: 0.6557)
[==============                          ]: 673 (Loss: 0.6070)
[==============                          ]: 674 (Loss: 0.6816)
[===============                         ]: 675 (Loss: 0.7186)
[===============                         ]: 676 (Loss: 0.6803)
[===============                         ]: 677 (Loss: 0.6212)
[===============                         ]: 678 (Loss: 0.6945)
[===============                         ]: 679 (Loss: 0.6624)
[================                        ]: 680 (Loss: 0.6946)
[================                        ]: 681 (Loss: 0.6966)
[================                        ]: 682 (Loss: 0.6897)
[================                        ]: 683 (Loss: 0.6317)
[================                        ]: 684 (Loss: 0.6766)
[=================                       ]: 685 (Loss: 0.6978)
[=================                       ]: 686 (Loss: 0.6869)
[=================                       ]: 687 (Loss: 0.7056)
[=================                       ]: 688 (Loss: 0.6685)
[=================                       ]: 689 (Loss: 0.6500)
[==================                      ]: 690 (Loss: 0.6811)
[==================                      ]: 691 (Loss: 0.6604)
[==================                      ]: 692 (Loss: 0.6570)
[==================                      ]: 693 (Loss: 0.6692)
[==================                      ]: 694 (Loss: 0.6351)
[===================                     ]: 695 (Loss: 0.7025)
[===================                     ]: 696 (Loss: 0.6679)
[===================                     ]: 697 (Loss: 0.6667)
[===================                     ]: 698 (Loss: 0.6992)
[===================                     ]: 699 (Loss: 0.6738)
[====================                    ]: 700 (Loss: 0.6895)
[====================                    ]: 701 (Loss: 0.6904)
[====================                    ]: 702 (Loss: 0.6712)
[====================                    ]: 703 (Loss: 0.6690)
[====================                    ]: 704 (Loss: 0.6958)
[=====================                   ]: 705 (Loss: 0.6165)
[=====================                   ]: 706 (Loss: 0.6573)
[=====================                   ]: 707 (Loss: 0.6921)
[=====================                   ]: 708 (Loss: 0.6705)
[=====================                   ]: 709 (Loss: 0.6907)
[======================                  ]: 710 (Loss: 0.6309)
[======================                  ]: 711 (Loss: 0.6828)
[======================                  ]: 712 (Loss: 0.6906)
[======================                  ]: 713 (Loss: 0.5901)
[======================                  ]: 714 (Loss: 0.6386)
[=======================                 ]: 715 (Loss: 0.5745)
[=======================                 ]: 716 (Loss: 0.6856)
[=======================                 ]: 717 (Loss: 0.6411)
[=======================                 ]: 718 (Loss: 0.6932)
[=======================                 ]: 719 (Loss: 0.6630)
[========================                ]: 720 (Loss: 0.6269)
[========================                ]: 721 (Loss: 0.6895)
[========================                ]: 722 (Loss: 0.6691)
[========================                ]: 723 (Loss: 0.6766)
[========================                ]: 724 (Loss: 0.5366)
[=========================               ]: 725 (Loss: 0.6813)
[=========================               ]: 726 (Loss: 0.6479)
[=========================               ]: 727 (Loss: 0.6987)
[=========================               ]: 728 (Loss: 0.7076)
[=========================               ]: 729 (Loss: 0.6090)
[==========================              ]: 730 (Loss: 0.7048)
[==========================              ]: 731 (Loss: 0.6788)
[==========================              ]: 732 (Loss: 0.6387)
[==========================              ]: 733 (Loss: 0.6577)
[==========================              ]: 734 (Loss: 0.6777)
[===========================             ]: 735 (Loss: 0.6685)
[===========================             ]: 736 (Loss: 0.6862)
[===========================             ]: 737 (Loss: 0.6683)
[===========================             ]: 738 (Loss: 0.6117)
[===========================             ]: 739 (Loss: 0.6932)
[============================            ]: 740 (Loss: 0.6887)
[============================            ]: 741 (Loss: 0.6781)
[============================            ]: 742 (Loss: 0.6958)
[============================            ]: 743 (Loss: 0.6919)
[============================            ]: 744 (Loss: 0.5525)
[=============================           ]: 745 (Loss: 0.6950)
[=============================           ]: 746 (Loss: 0.7137)
[=============================           ]: 747 (Loss: 0.6427)
[=============================           ]: 748 (Loss: 0.6927)
[=============================           ]: 749 (Loss: 0.6823)
[==============================          ]: 750 (Loss: 0.6669)
[==============================          ]: 751 (Loss: 0.6931)
[==============================          ]: 752 (Loss: 0.6633)
[==============================          ]: 753 (Loss: 0.6789)
[==============================          ]: 754 (Loss: 0.5822)
[===============================         ]: 755 (Loss: 0.7073)
[===============================         ]: 756 (Loss: 0.6576)
[===============================         ]: 757 (Loss: 0.6930)
[===============================         ]: 758 (Loss: 0.5964)
[===============================         ]: 759 (Loss: 0.6631)
[================================        ]: 760 (Loss: 0.6689)
[================================        ]: 761 (Loss: 0.6528)
[================================        ]: 762 (Loss: 0.6851)
[================================        ]: 763 (Loss: 0.6446)
[================================        ]: 764 (Loss: 0.6222)
[=================================       ]: 765 (Loss: 0.6701)
[=================================       ]: 766 (Loss: 0.5295)
[=================================       ]: 767 (Loss: 0.6821)
[=================================       ]: 768 (Loss: 0.6609)
[=================================       ]: 769 (Loss: 0.6995)
[==================================      ]: 770 (Loss: 0.6624)
[==================================      ]: 771 (Loss: 0.6851)
[==================================      ]: 772 (Loss: 0.6800)
[==================================      ]: 773 (Loss: 0.5748)
[==================================      ]: 774 (Loss: 0.5525)
[===================================     ]: 775 (Loss: 0.5944)
[===================================     ]: 776 (Loss: 0.6863)
[===================================     ]: 777 (Loss: 0.6596)
[===================================     ]: 778 (Loss: 0.6867)
[===================================     ]: 779 (Loss: 0.6486)
[====================================    ]: 780 (Loss: 0.6900)
[====================================    ]: 781 (Loss: 0.6825)
[====================================    ]: 782 (Loss: 0.6705)
[====================================    ]: 783 (Loss: 0.7027)
[====================================    ]: 784 (Loss: 0.6106)
[=====================================   ]: 785 (Loss: 0.7064)
[=====================================   ]: 786 (Loss: 0.7190)
[=====================================   ]: 787 (Loss: 0.6084)
[=====================================   ]: 788 (Loss: 0.6130)
[=====================================   ]: 789 (Loss: 0.7047)
[======================================  ]: 790 (Loss: 0.6852)
[======================================  ]: 791 (Loss: 0.6582)
[======================================  ]: 792 (Loss: 0.6757)
[======================================  ]: 793 (Loss: 0.6683)
[======================================  ]: 794 (Loss: 0.5854)
[======================================= ]: 795 (Loss: 0.6924)
[======================================= ]: 796 (Loss: 0.6538)
[======================================= ]: 797 (Loss: 0.6787)
[======================================= ]: 798 (Loss: 0.6629)
[======================================= ]: 799 (Loss: 0.6726)
[========================================]: 800 (Loss: 0.6764)
                                                                                                    
[2026-07-17 08:45:16,298] [INFO] [__main__] Batch 800 Loss: 0.666243 Cost: 38.66 Time: 88 ms/sequence
[2026-07-17 08:45:16,301] [INFO] [__main__] Advice weight norm: 19.233295 | Advice gradient norm: 0.110801

[                                        ]: 801 (Loss: 0.6484)
[                                        ]: 802 (Loss: 0.6273)
[                                        ]: 803 (Loss: 0.5821)
[                                        ]: 804 (Loss: 0.6469)
[=                                       ]: 805 (Loss: 0.6762)
[=                                       ]: 806 (Loss: 0.6648)
[=                                       ]: 807 (Loss: 0.6737)
[=                                       ]: 808 (Loss: 0.6702)
[=                                       ]: 809 (Loss: 0.6836)
[==                                      ]: 810 (Loss: 0.6423)
[==                                      ]: 811 (Loss: 0.6780)
[==                                      ]: 812 (Loss: 0.6164)
[==                                      ]: 813 (Loss: 0.5405)
[==                                      ]: 814 (Loss: 0.6717)
[===                                     ]: 815 (Loss: 0.6906)
[===                                     ]: 816 (Loss: 0.6956)
[===                                     ]: 817 (Loss: 0.6656)
[===                                     ]: 818 (Loss: 0.6811)
[===                                     ]: 819 (Loss: 0.7397)
[====                                    ]: 820 (Loss: 0.6739)
[====                                    ]: 821 (Loss: 0.6981)
[====                                    ]: 822 (Loss: 0.6992)
[====                                    ]: 823 (Loss: 0.6942)
[====                                    ]: 824 (Loss: 0.6996)
[=====                                   ]: 825 (Loss: 0.6885)
[=====                                   ]: 826 (Loss: 0.7093)
[=====                                   ]: 827 (Loss: 0.6633)
[=====                                   ]: 828 (Loss: 0.6997)
[=====                                   ]: 829 (Loss: 0.6897)
[======                                  ]: 830 (Loss: 0.6806)
[======                                  ]: 831 (Loss: 0.7130)
[======                                  ]: 832 (Loss: 0.6624)
[======                                  ]: 833 (Loss: 0.7103)
[======                                  ]: 834 (Loss: 0.6677)
[=======                                 ]: 835 (Loss: 0.6389)
[=======                                 ]: 836 (Loss: 0.5823)
[=======                                 ]: 837 (Loss: 0.7199)
[=======                                 ]: 838 (Loss: 0.6593)
[=======                                 ]: 839 (Loss: 0.6700)
[========                                ]: 840 (Loss: 0.6816)
[========                                ]: 841 (Loss: 0.5611)
[========                                ]: 842 (Loss: 0.6759)
[========                                ]: 843 (Loss: 0.7051)
[========                                ]: 844 (Loss: 0.6204)
[=========                               ]: 845 (Loss: 0.6791)
[=========                               ]: 846 (Loss: 0.6961)
[=========                               ]: 847 (Loss: 0.7013)
[=========                               ]: 848 (Loss: 0.6845)
[=========                               ]: 849 (Loss: 0.6690)
[==========                              ]: 850 (Loss: 0.6777)
[==========                              ]: 851 (Loss: 0.6153)
[==========                              ]: 852 (Loss: 0.6683)
[==========                              ]: 853 (Loss: 0.6860)
[==========                              ]: 854 (Loss: 0.5829)
[===========                             ]: 855 (Loss: 0.5983)
[===========                             ]: 856 (Loss: 0.6761)
[===========                             ]: 857 (Loss: 0.6836)
[===========                             ]: 858 (Loss: 0.5659)
[===========                             ]: 859 (Loss: 0.6953)
[============                            ]: 860 (Loss: 0.6585)
[============                            ]: 861 (Loss: 0.5977)
[============                            ]: 862 (Loss: 0.6420)
[============                            ]: 863 (Loss: 0.6730)
[============                            ]: 864 (Loss: 0.6887)
[=============                           ]: 865 (Loss: 0.6924)
[=============                           ]: 866 (Loss: 0.7014)
[=============                           ]: 867 (Loss: 0.6863)
[=============                           ]: 868 (Loss: 0.6766)
[=============                           ]: 869 (Loss: 0.6239)
[==============                          ]: 870 (Loss: 0.6674)
[==============                          ]: 871 (Loss: 0.6926)
[==============                          ]: 872 (Loss: 0.6924)
[==============                          ]: 873 (Loss: 0.6876)
[==============                          ]: 874 (Loss: 0.6507)
[===============                         ]: 875 (Loss: 0.6227)
[===============                         ]: 876 (Loss: 0.6854)
[===============                         ]: 877 (Loss: 0.6559)
[===============                         ]: 878 (Loss: 0.6887)
[===============                         ]: 879 (Loss: 0.6697)
[================                        ]: 880 (Loss: 0.6832)
[================                        ]: 881 (Loss: 0.6077)
[================                        ]: 882 (Loss: 0.5189)
[================                        ]: 883 (Loss: 0.6461)
[================                        ]: 884 (Loss: 0.6370)
[=================                       ]: 885 (Loss: 0.6737)
[=================                       ]: 886 (Loss: 0.6735)
[=================                       ]: 887 (Loss: 0.6751)
[=================                       ]: 888 (Loss: 0.6788)
[=================                       ]: 889 (Loss: 0.6521)
[==================                      ]: 890 (Loss: 0.6613)
[==================                      ]: 891 (Loss: 0.6865)
[==================                      ]: 892 (Loss: 0.6797)
[==================                      ]: 893 (Loss: 0.6591)
[==================                      ]: 894 (Loss: 0.6925)
[===================                     ]: 895 (Loss: 0.6030)
[===================                     ]: 896 (Loss: 0.6728)
[===================                     ]: 897 (Loss: 0.6628)
[===================                     ]: 898 (Loss: 0.6718)
[===================                     ]: 899 (Loss: 0.6992)
[====================                    ]: 900 (Loss: 0.7172)
[====================                    ]: 901 (Loss: 0.6709)
[====================                    ]: 902 (Loss: 0.6585)
[====================                    ]: 903 (Loss: 0.6373)
[====================                    ]: 904 (Loss: 0.6743)
[=====================                   ]: 905 (Loss: 0.6575)
[=====================                   ]: 906 (Loss: 0.6688)
[=====================                   ]: 907 (Loss: 0.6810)
[=====================                   ]: 908 (Loss: 0.6794)
[=====================                   ]: 909 (Loss: 0.7070)
[======================                  ]: 910 (Loss: 0.6798)
[======================                  ]: 911 (Loss: 0.6790)
[======================                  ]: 912 (Loss: 0.6926)
[======================                  ]: 913 (Loss: 0.6379)
[======================                  ]: 914 (Loss: 0.6119)
[=======================                 ]: 915 (Loss: 0.6516)
[=======================                 ]: 916 (Loss: 0.6905)
[=======================                 ]: 917 (Loss: 0.7030)
[=======================                 ]: 918 (Loss: 0.6550)
[=======================                 ]: 919 (Loss: 0.7035)
[========================                ]: 920 (Loss: 0.6804)
[========================                ]: 921 (Loss: 0.5835)
[========================                ]: 922 (Loss: 0.6768)
[========================                ]: 923 (Loss: 0.6692)
[========================                ]: 924 (Loss: 0.5066)
[=========================               ]: 925 (Loss: 0.5089)
[=========================               ]: 926 (Loss: 0.6928)
[=========================               ]: 927 (Loss: 0.6501)
[=========================               ]: 928 (Loss: 0.5497)
[=========================               ]: 929 (Loss: 0.6883)
[==========================              ]: 930 (Loss: 0.6544)
[==========================              ]: 931 (Loss: 0.6623)
[==========================              ]: 932 (Loss: 0.6862)
[==========================              ]: 933 (Loss: 0.5486)
[==========================              ]: 934 (Loss: 0.6391)
[===========================             ]: 935 (Loss: 0.7010)
[===========================             ]: 936 (Loss: 0.5508)
[===========================             ]: 937 (Loss: 0.6912)
[===========================             ]: 938 (Loss: 0.6915)
[===========================             ]: 939 (Loss: 0.6869)
[============================            ]: 940 (Loss: 0.6817)
[============================            ]: 941 (Loss: 0.6900)
[============================            ]: 942 (Loss: 0.6625)
[============================            ]: 943 (Loss: 0.4924)
[============================            ]: 944 (Loss: 0.6874)
[=============================           ]: 945 (Loss: 0.6891)
[=============================           ]: 946 (Loss: 0.6895)
[=============================           ]: 947 (Loss: 0.6756)
[=============================           ]: 948 (Loss: 0.6579)
[=============================           ]: 949 (Loss: 0.6221)
[==============================          ]: 950 (Loss: 0.6814)
[==============================          ]: 951 (Loss: 0.6363)
[==============================          ]: 952 (Loss: 0.6681)
[==============================          ]: 953 (Loss: 0.6658)
[==============================          ]: 954 (Loss: 0.6767)
[===============================         ]: 955 (Loss: 0.6489)
[===============================         ]: 956 (Loss: 0.6495)
[===============================         ]: 957 (Loss: 0.6865)
[===============================         ]: 958 (Loss: 0.6385)
[===============================         ]: 959 (Loss: 0.6920)
[================================        ]: 960 (Loss: 0.6846)
[================================        ]: 961 (Loss: 0.6897)
[================================        ]: 962 (Loss: 0.6436)
[================================        ]: 963 (Loss: 0.6564)
[================================        ]: 964 (Loss: 0.6003)
[=================================       ]: 965 (Loss: 0.6948)
[=================================       ]: 966 (Loss: 0.6768)
[=================================       ]: 967 (Loss: 0.6619)
[=================================       ]: 968 (Loss: 0.6367)
[=================================       ]: 969 (Loss: 0.6268)
[==================================      ]: 970 (Loss: 0.5555)
[==================================      ]: 971 (Loss: 0.6796)
[==================================      ]: 972 (Loss: 0.6880)
[==================================      ]: 973 (Loss: 0.6583)
[==================================      ]: 974 (Loss: 0.6668)
[===================================     ]: 975 (Loss: 0.6306)
[===================================     ]: 976 (Loss: 0.6890)
[===================================     ]: 977 (Loss: 0.6172)
[===================================     ]: 978 (Loss: 0.6989)
[===================================     ]: 979 (Loss: 0.6889)
[====================================    ]: 980 (Loss: 0.6969)
[====================================    ]: 981 (Loss: 0.6944)
[====================================    ]: 982 (Loss: 0.7026)
[====================================    ]: 983 (Loss: 0.6786)
[====================================    ]: 984 (Loss: 0.6677)
[=====================================   ]: 985 (Loss: 0.6357)
[=====================================   ]: 986 (Loss: 0.6202)
[=====================================   ]: 987 (Loss: 0.6457)
[=====================================   ]: 988 (Loss: 0.6850)
[=====================================   ]: 989 (Loss: 0.5622)
[======================================  ]: 990 (Loss: 0.6879)
[======================================  ]: 991 (Loss: 0.6932)
[======================================  ]: 992 (Loss: 0.6763)
[======================================  ]: 993 (Loss: 0.6896)
[======================================  ]: 994 (Loss: 0.6965)
[======================================= ]: 995 (Loss: 0.5528)
[======================================= ]: 996 (Loss: 0.6005)
[======================================= ]: 997 (Loss: 0.6494)
[======================================= ]: 998 (Loss: 0.6839)
[======================================= ]: 999 (Loss: 0.6328)
[========================================]: 1000 (Loss: 0.6931)
                                                                                                    
[2026-07-17 08:45:34,550] [INFO] [__main__] Batch 1000 Loss: 0.660414 Cost: 38.98 Time: 91 ms/sequence
[2026-07-17 08:45:34,555] [INFO] [__main__] Advice weight norm: 19.254593 | Advice gradient norm: 0.127625

[                                        ]: 1001 (Loss: 0.6811)
[                                        ]: 1002 (Loss: 0.5371)
[                                        ]: 1003 (Loss: 0.6909)
[                                        ]: 1004 (Loss: 0.6761)
[=                                       ]: 1005 (Loss: 0.6683)
[=                                       ]: 1006 (Loss: 0.5738)
[=                                       ]: 1007 (Loss: 0.6553)
[=                                       ]: 1008 (Loss: 0.6860)
[=                                       ]: 1009 (Loss: 0.6717)
[==                                      ]: 1010 (Loss: 0.6177)
[==                                      ]: 1011 (Loss: 0.6685)
[==                                      ]: 1012 (Loss: 0.6089)
[==                                      ]: 1013 (Loss: 0.6847)
[==                                      ]: 1014 (Loss: 0.6888)
[===                                     ]: 1015 (Loss: 0.6940)
[===                                     ]: 1016 (Loss: 0.6842)
[===                                     ]: 1017 (Loss: 0.6876)
[===                                     ]: 1018 (Loss: 0.6485)
[===                                     ]: 1019 (Loss: 0.6734)
[====                                    ]: 1020 (Loss: 0.6693)
[====                                    ]: 1021 (Loss: 0.6533)
[====                                    ]: 1022 (Loss: 0.7027)
[====                                    ]: 1023 (Loss: 0.6857)
[====                                    ]: 1024 (Loss: 0.6919)
[=====                                   ]: 1025 (Loss: 0.6828)
[=====                                   ]: 1026 (Loss: 0.5530)
[=====                                   ]: 1027 (Loss: 0.6787)
[=====                                   ]: 1028 (Loss: 0.6336)
[=====                                   ]: 1029 (Loss: 0.7053)
[======                                  ]: 1030 (Loss: 0.6459)
[======                                  ]: 1031 (Loss: 0.6943)
[======                                  ]: 1032 (Loss: 0.4996)
[======                                  ]: 1033 (Loss: 0.6818)
[======                                  ]: 1034 (Loss: 0.7002)
[=======                                 ]: 1035 (Loss: 0.6291)
[=======                                 ]: 1036 (Loss: 0.6878)
[=======                                 ]: 1037 (Loss: 0.6666)
[=======                                 ]: 1038 (Loss: 0.6864)
[=======                                 ]: 1039 (Loss: 0.6354)
[========                                ]: 1040 (Loss: 0.6816)
[========                                ]: 1041 (Loss: 0.4456)
[========                                ]: 1042 (Loss: 0.6750)
[========                                ]: 1043 (Loss: 0.6689)
[========                                ]: 1044 (Loss: 0.5577)
[=========                               ]: 1045 (Loss: 0.6995)
[=========                               ]: 1046 (Loss: 0.6853)
[=========                               ]: 1047 (Loss: 0.6506)
[=========                               ]: 1048 (Loss: 0.6791)
[=========                               ]: 1049 (Loss: 0.6944)
[==========                              ]: 1050 (Loss: 0.6904)
[==========                              ]: 1051 (Loss: 0.6766)
[==========                              ]: 1052 (Loss: 0.6880)
[==========                              ]: 1053 (Loss: 0.6960)
[==========                              ]: 1054 (Loss: 0.6723)
[===========                             ]: 1055 (Loss: 0.6768)
[===========                             ]: 1056 (Loss: 0.6653)
[===========                             ]: 1057 (Loss: 0.6806)
[===========                             ]: 1058 (Loss: 0.6803)
[===========                             ]: 1059 (Loss: 0.6646)
[============                            ]: 1060 (Loss: 0.6777)
[============                            ]: 1061 (Loss: 0.6957)
[============                            ]: 1062 (Loss: 0.6429)
[============                            ]: 1063 (Loss: 0.6454)
[============                            ]: 1064 (Loss: 0.6268)
[=============                           ]: 1065 (Loss: 0.6332)
[=============                           ]: 1066 (Loss: 0.6842)
[=============                           ]: 1067 (Loss: 0.6477)
[=============                           ]: 1068 (Loss: 0.6713)
[=============                           ]: 1069 (Loss: 0.6800)
[==============                          ]: 1070 (Loss: 0.6780)
[==============                          ]: 1071 (Loss: 0.6724)
[==============                          ]: 1072 (Loss: 0.6782)
[==============                          ]: 1073 (Loss: 0.6671)
[==============                          ]: 1074 (Loss: 0.6950)
[===============                         ]: 1075 (Loss: 0.7020)
[===============                         ]: 1076 (Loss: 0.6240)
[===============                         ]: 1077 (Loss: 0.6423)
[===============                         ]: 1078 (Loss: 0.6715)
[===============                         ]: 1079 (Loss: 0.6862)
[================                        ]: 1080 (Loss: 0.6640)
[================                        ]: 1081 (Loss: 0.6628)
[================                        ]: 1082 (Loss: 0.6375)
[================                        ]: 1083 (Loss: 0.6453)
[================                        ]: 1084 (Loss: 0.6598)
[=================                       ]: 1085 (Loss: 0.6691)
[=================                       ]: 1086 (Loss: 0.5994)
[=================                       ]: 1087 (Loss: 0.6894)
[=================                       ]: 1088 (Loss: 0.6604)
[=================                       ]: 1089 (Loss: 0.6321)
[==================                      ]: 1090 (Loss: 0.6717)
[==================                      ]: 1091 (Loss: 0.6996)
[==================                      ]: 1092 (Loss: 0.5237)
[==================                      ]: 1093 (Loss: 0.6113)
[==================                      ]: 1094 (Loss: 0.6538)
[===================                     ]: 1095 (Loss: 0.6436)
[===================                     ]: 1096 (Loss: 0.7131)
[===================                     ]: 1097 (Loss: 0.6886)
[===================                     ]: 1098 (Loss: 0.7116)
[===================                     ]: 1099 (Loss: 0.6431)
[====================                    ]: 1100 (Loss: 0.6483)
[====================                    ]: 1101 (Loss: 0.6648)
[====================                    ]: 1102 (Loss: 0.6514)
[====================                    ]: 1103 (Loss: 0.7088)
[====================                    ]: 1104 (Loss: 0.6516)
[=====================                   ]: 1105 (Loss: 0.6389)
[=====================                   ]: 1106 (Loss: 0.6947)
[=====================                   ]: 1107 (Loss: 0.6003)
[=====================                   ]: 1108 (Loss: 0.6813)
[=====================                   ]: 1109 (Loss: 0.6730)
[======================                  ]: 1110 (Loss: 0.5645)
[======================                  ]: 1111 (Loss: 0.6749)
[======================                  ]: 1112 (Loss: 0.6679)
[======================                  ]: 1113 (Loss: 0.6742)
[======================                  ]: 1114 (Loss: 0.6472)
[=======================                 ]: 1115 (Loss: 0.6821)
[=======================                 ]: 1116 (Loss: 0.6503)
[=======================                 ]: 1117 (Loss: 0.6667)
[=======================                 ]: 1118 (Loss: 0.6793)
[=======================                 ]: 1119 (Loss: 0.6829)
[========================                ]: 1120 (Loss: 0.6856)
[========================                ]: 1121 (Loss: 0.6843)
[========================                ]: 1122 (Loss: 0.6798)
[========================                ]: 1123 (Loss: 0.6985)
[========================                ]: 1124 (Loss: 0.6856)
[=========================               ]: 1125 (Loss: 0.6356)
[=========================               ]: 1126 (Loss: 0.6814)
[=========================               ]: 1127 (Loss: 0.6513)
[=========================               ]: 1128 (Loss: 0.6596)
[=========================               ]: 1129 (Loss: 0.6869)
[==========================              ]: 1130 (Loss: 0.6883)
[==========================              ]: 1131 (Loss: 0.6835)
[==========================              ]: 1132 (Loss: 0.6975)
[==========================              ]: 1133 (Loss: 0.6776)
[==========================              ]: 1134 (Loss: 0.6829)
[===========================             ]: 1135 (Loss: 0.6747)
[===========================             ]: 1136 (Loss: 0.6944)
[===========================             ]: 1137 (Loss: 0.6869)
[===========================             ]: 1138 (Loss: 0.5397)
[===========================             ]: 1139 (Loss: 0.6937)
[============================            ]: 1140 (Loss: 0.6587)
[============================            ]: 1141 (Loss: 0.6956)
[============================            ]: 1142 (Loss: 0.6015)
[============================            ]: 1143 (Loss: 0.6444)
[============================            ]: 1144 (Loss: 0.6802)
[=============================           ]: 1145 (Loss: 0.5295)
[=============================           ]: 1146 (Loss: 0.6681)
[=============================           ]: 1147 (Loss: 0.6489)
[=============================           ]: 1148 (Loss: 0.6770)
[=============================           ]: 1149 (Loss: 0.6798)
[==============================          ]: 1150 (Loss: 0.5794)
[==============================          ]: 1151 (Loss: 0.4293)
[==============================          ]: 1152 (Loss: 0.6641)
[==============================          ]: 1153 (Loss: 0.6964)
[==============================          ]: 1154 (Loss: 0.5244)
[===============================         ]: 1155 (Loss: 0.6774)
[===============================         ]: 1156 (Loss: 0.6554)
[===============================         ]: 1157 (Loss: 0.6905)
[===============================         ]: 1158 (Loss: 0.6529)
[===============================         ]: 1159 (Loss: 0.6712)
[================================        ]: 1160 (Loss: 0.5086)
[================================        ]: 1161 (Loss: 0.6986)
[================================        ]: 1162 (Loss: 0.6425)
[================================        ]: 1163 (Loss: 0.5185)
[================================        ]: 1164 (Loss: 0.6973)
[=================================       ]: 1165 (Loss: 0.6919)
[=================================       ]: 1166 (Loss: 0.6730)
[=================================       ]: 1167 (Loss: 0.5446)
[=================================       ]: 1168 (Loss: 0.6918)
[=================================       ]: 1169 (Loss: 0.6904)
[==================================      ]: 1170 (Loss: 0.6437)
[==================================      ]: 1171 (Loss: 0.6183)
[==================================      ]: 1172 (Loss: 0.5862)
[==================================      ]: 1173 (Loss: 0.6691)
[==================================      ]: 1174 (Loss: 0.5226)
[===================================     ]: 1175 (Loss: 0.6115)
[===================================     ]: 1176 (Loss: 0.7002)
[===================================     ]: 1177 (Loss: 0.4934)
[===================================     ]: 1178 (Loss: 0.6948)
[===================================     ]: 1179 (Loss: 0.6203)
[====================================    ]: 1180 (Loss: 0.7091)
[====================================    ]: 1181 (Loss: 0.6431)
[====================================    ]: 1182 (Loss: 0.6545)
[====================================    ]: 1183 (Loss: 0.6668)
[====================================    ]: 1184 (Loss: 0.5969)
[=====================================   ]: 1185 (Loss: 0.6718)
[=====================================   ]: 1186 (Loss: 0.6713)
[=====================================   ]: 1187 (Loss: 0.6838)
[=====================================   ]: 1188 (Loss: 0.6762)
[=====================================   ]: 1189 (Loss: 0.6870)
[======================================  ]: 1190 (Loss: 0.6842)
[======================================  ]: 1191 (Loss: 0.6786)
[======================================  ]: 1192 (Loss: 0.6199)
[======================================  ]: 1193 (Loss: 0.6444)
[======================================  ]: 1194 (Loss: 0.6712)
[======================================= ]: 1195 (Loss: 0.6949)
[======================================= ]: 1196 (Loss: 0.6794)
[======================================= ]: 1197 (Loss: 0.6905)
[======================================= ]: 1198 (Loss: 0.6639)
[======================================= ]: 1199 (Loss: 0.6448)
[========================================]: 1200 (Loss: 0.6784)
                                                                                                    
[2026-07-17 08:45:51,660] [INFO] [__main__] Batch 1200 Loss: 0.656171 Cost: 36.95 Time: 85 ms/sequence
[2026-07-17 08:45:51,666] [INFO] [__main__] Advice weight norm: 19.288792 | Advice gradient norm: 0.137210

[                                        ]: 1201 (Loss: 0.6730)
[                                        ]: 1202 (Loss: 0.6906)
[                                        ]: 1203 (Loss: 0.6840)
[                                        ]: 1204 (Loss: 0.6780)
[=                                       ]: 1205 (Loss: 0.6073)
[=                                       ]: 1206 (Loss: 0.6500)
[=                                       ]: 1207 (Loss: 0.6701)
[=                                       ]: 1208 (Loss: 0.6823)
[=                                       ]: 1209 (Loss: 0.6841)
[==                                      ]: 1210 (Loss: 0.6848)
[==                                      ]: 1211 (Loss: 0.6780)
[==                                      ]: 1212 (Loss: 0.6755)
[==                                      ]: 1213 (Loss: 0.5793)
[==                                      ]: 1214 (Loss: 0.6639)
[===                                     ]: 1215 (Loss: 0.6614)
[===                                     ]: 1216 (Loss: 0.6259)
[===                                     ]: 1217 (Loss: 0.6282)
[===                                     ]: 1218 (Loss: 0.6653)
[===                                     ]: 1219 (Loss: 0.7068)
[====                                    ]: 1220 (Loss: 0.5330)
[====                                    ]: 1221 (Loss: 0.4916)
[====                                    ]: 1222 (Loss: 0.7005)
[====                                    ]: 1223 (Loss: 0.5471)
[====                                    ]: 1224 (Loss: 0.5708)
[=====                                   ]: 1225 (Loss: 0.6989)
[=====                                   ]: 1226 (Loss: 0.6393)
[=====                                   ]: 1227 (Loss: 0.6766)
[=====                                   ]: 1228 (Loss: 0.6128)
[=====                                   ]: 1229 (Loss: 0.6516)
[======                                  ]: 1230 (Loss: 0.5921)
[======                                  ]: 1231 (Loss: 0.6519)
[======                                  ]: 1232 (Loss: 0.7049)
[======                                  ]: 1233 (Loss: 0.6782)
[======                                  ]: 1234 (Loss: 0.6428)
[=======                                 ]: 1235 (Loss: 0.6703)
[=======                                 ]: 1236 (Loss: 0.6738)
[=======                                 ]: 1237 (Loss: 0.7088)
[=======                                 ]: 1238 (Loss: 0.6963)
[=======                                 ]: 1239 (Loss: 0.7155)
[========                                ]: 1240 (Loss: 0.6837)
[========                                ]: 1241 (Loss: 0.5130)
[========                                ]: 1242 (Loss: 0.6254)
[========                                ]: 1243 (Loss: 0.6745)
[========                                ]: 1244 (Loss: 0.5890)
[=========                               ]: 1245 (Loss: 0.6853)
[=========                               ]: 1246 (Loss: 0.5074)
[=========                               ]: 1247 (Loss: 0.4706)
[=========                               ]: 1248 (Loss: 0.6940)
[=========                               ]: 1249 (Loss: 0.6970)
[==========                              ]: 1250 (Loss: 0.6726)
[==========                              ]: 1251 (Loss: 0.6772)
[==========                              ]: 1252 (Loss: 0.6609)
[==========                              ]: 1253 (Loss: 0.6732)
[==========                              ]: 1254 (Loss: 0.6672)
[===========                             ]: 1255 (Loss: 0.5918)
[===========                             ]: 1256 (Loss: 0.5757)
[===========                             ]: 1257 (Loss: 0.6901)
[===========                             ]: 1258 (Loss: 0.6889)
[===========                             ]: 1259 (Loss: 0.6618)
[============                            ]: 1260 (Loss: 0.6705)
[============                            ]: 1261 (Loss: 0.6583)
[============                            ]: 1262 (Loss: 0.6564)
[============                            ]: 1263 (Loss: 0.6905)
[============                            ]: 1264 (Loss: 0.6615)
[=============                           ]: 1265 (Loss: 0.6383)
[=============                           ]: 1266 (Loss: 0.4840)
[=============                           ]: 1267 (Loss: 0.6757)
[=============                           ]: 1268 (Loss: 0.7130)
[=============                           ]: 1269 (Loss: 0.6308)
[==============                          ]: 1270 (Loss: 0.6669)
[==============                          ]: 1271 (Loss: 0.6855)
[==============                          ]: 1272 (Loss: 0.6716)
[==============                          ]: 1273 (Loss: 0.6911)
[==============                          ]: 1274 (Loss: 0.6367)
[===============                         ]: 1275 (Loss: 0.6148)
[===============                         ]: 1276 (Loss: 0.5521)
[===============                         ]: 1277 (Loss: 0.7148)
[===============                         ]: 1278 (Loss: 0.4566)
[===============                         ]: 1279 (Loss: 0.6620)
[================                        ]: 1280 (Loss: 0.6476)
[================                        ]: 1281 (Loss: 0.6709)
[================                        ]: 1282 (Loss: 0.5885)
[================                        ]: 1283 (Loss: 0.6929)
[================                        ]: 1284 (Loss: 0.6759)
[=================                       ]: 1285 (Loss: 0.6826)
[=================                       ]: 1286 (Loss: 0.6679)
[=================                       ]: 1287 (Loss: 0.6215)
[=================                       ]: 1288 (Loss: 0.6457)
[=================                       ]: 1289 (Loss: 0.6340)
[==================                      ]: 1290 (Loss: 0.6605)
[==================                      ]: 1291 (Loss: 0.6691)
[==================                      ]: 1292 (Loss: 0.6499)
[==================                      ]: 1293 (Loss: 0.6340)
[==================                      ]: 1294 (Loss: 0.6921)
[===================                     ]: 1295 (Loss: 0.7459)
[===================                     ]: 1296 (Loss: 0.6051)
[===================                     ]: 1297 (Loss: 0.6926)
[===================                     ]: 1298 (Loss: 0.6617)
[===================                     ]: 1299 (Loss: 0.6325)
[====================                    ]: 1300 (Loss: 0.6791)
[====================                    ]: 1301 (Loss: 0.6901)
[====================                    ]: 1302 (Loss: 0.6994)
[====================                    ]: 1303 (Loss: 0.6621)
[====================                    ]: 1304 (Loss: 0.6594)
[=====================                   ]: 1305 (Loss: 0.6745)
[=====================                   ]: 1306 (Loss: 0.6712)
[=====================                   ]: 1307 (Loss: 0.6160)
[=====================                   ]: 1308 (Loss: 0.6822)
[=====================                   ]: 1309 (Loss: 0.6266)
[======================                  ]: 1310 (Loss: 0.6836)
[======================                  ]: 1311 (Loss: 0.6646)
[======================                  ]: 1312 (Loss: 0.7019)
[======================                  ]: 1313 (Loss: 0.5212)
[======================                  ]: 1314 (Loss: 0.6692)
[=======================                 ]: 1315 (Loss: 0.6569)
[=======================                 ]: 1316 (Loss: 0.6255)
[=======================                 ]: 1317 (Loss: 0.6958)
[=======================                 ]: 1318 (Loss: 0.5095)
[=======================                 ]: 1319 (Loss: 0.6913)
[========================                ]: 1320 (Loss: 0.6994)
[========================                ]: 1321 (Loss: 0.6180)
[========================                ]: 1322 (Loss: 0.6780)
[========================                ]: 1323 (Loss: 0.6892)
[========================                ]: 1324 (Loss: 0.6560)
[=========================               ]: 1325 (Loss: 0.6496)
[=========================               ]: 1326 (Loss: 0.6589)
[=========================               ]: 1327 (Loss: 0.6567)
[=========================               ]: 1328 (Loss: 0.6841)
[=========================               ]: 1329 (Loss: 0.4246)
[==========================              ]: 1330 (Loss: 0.6730)
[==========================              ]: 1331 (Loss: 0.6417)
[==========================              ]: 1332 (Loss: 0.6734)
[==========================              ]: 1333 (Loss: 0.6800)
[==========================              ]: 1334 (Loss: 0.6741)
[===========================             ]: 1335 (Loss: 0.6781)
[===========================             ]: 1336 (Loss: 0.6392)
[===========================             ]: 1337 (Loss: 0.6751)
[===========================             ]: 1338 (Loss: 0.4843)
[===========================             ]: 1339 (Loss: 0.6561)
[============================            ]: 1340 (Loss: 0.6610)
[============================            ]: 1341 (Loss: 0.6805)
[============================            ]: 1342 (Loss: 0.6807)
[============================            ]: 1343 (Loss: 0.5526)
[============================            ]: 1344 (Loss: 0.6070)
[=============================           ]: 1345 (Loss: 0.6806)
[=============================           ]: 1346 (Loss: 0.4958)
[=============================           ]: 1347 (Loss: 0.6317)
[=============================           ]: 1348 (Loss: 0.6881)
[=============================           ]: 1349 (Loss: 0.6401)
[==============================          ]: 1350 (Loss: 0.6079)
[==============================          ]: 1351 (Loss: 0.5817)
[==============================          ]: 1352 (Loss: 0.6162)
[==============================          ]: 1353 (Loss: 0.6754)
[==============================          ]: 1354 (Loss: 0.6831)
[===============================         ]: 1355 (Loss: 0.6380)
[===============================         ]: 1356 (Loss: 0.5403)
[===============================         ]: 1357 (Loss: 0.6708)
[===============================         ]: 1358 (Loss: 0.5197)
[===============================         ]: 1359 (Loss: 0.4449)
[================================        ]: 1360 (Loss: 0.4350)
[================================        ]: 1361 (Loss: 0.6612)
[================================        ]: 1362 (Loss: 0.6922)
[================================        ]: 1363 (Loss: 0.5899)
[================================        ]: 1364 (Loss: 0.6758)
[=================================       ]: 1365 (Loss: 0.6870)
[=================================       ]: 1366 (Loss: 0.6605)
[=================================       ]: 1367 (Loss: 0.6844)
[=================================       ]: 1368 (Loss: 0.6588)
[=================================       ]: 1369 (Loss: 0.6821)
[==================================      ]: 1370 (Loss: 0.6659)
[==================================      ]: 1371 (Loss: 0.6964)
[==================================      ]: 1372 (Loss: 0.6407)
[==================================      ]: 1373 (Loss: 0.6724)
[==================================      ]: 1374 (Loss: 0.5128)
[===================================     ]: 1375 (Loss: 0.6701)
[===================================     ]: 1376 (Loss: 0.6874)
[===================================     ]: 1377 (Loss: 0.6757)
[===================================     ]: 1378 (Loss: 0.6852)
[===================================     ]: 1379 (Loss: 0.4595)
[====================================    ]: 1380 (Loss: 0.6290)
[====================================    ]: 1381 (Loss: 0.6728)
[====================================    ]: 1382 (Loss: 0.6985)
[====================================    ]: 1383 (Loss: 0.5585)
[====================================    ]: 1384 (Loss: 0.6471)
[=====================================   ]: 1385 (Loss: 0.6661)
[=====================================   ]: 1386 (Loss: 0.6596)
[=====================================   ]: 1387 (Loss: 0.6404)
[=====================================   ]: 1388 (Loss: 0.6593)
[=====================================   ]: 1389 (Loss: 0.6373)
[======================================  ]: 1390 (Loss: 0.6733)
[======================================  ]: 1391 (Loss: 0.6424)
[======================================  ]: 1392 (Loss: 0.6802)
[======================================  ]: 1393 (Loss: 0.6277)
[======================================  ]: 1394 (Loss: 0.6668)
[======================================= ]: 1395 (Loss: 0.6791)
[======================================= ]: 1396 (Loss: 0.6851)
[======================================= ]: 1397 (Loss: 0.6150)
[======================================= ]: 1398 (Loss: 0.6967)
[======================================= ]: 1399 (Loss: 0.6912)
[========================================]: 1400 (Loss: 0.6847)
                                                                                                    
[2026-07-17 08:46:08,058] [INFO] [__main__] Batch 1400 Loss: 0.645081 Cost: 34.76 Time: 81 ms/sequence
[2026-07-17 08:46:08,064] [INFO] [__main__] Advice weight norm: 19.365311 | Advice gradient norm: 0.096274

[                                        ]: 1401 (Loss: 0.6965)
[                                        ]: 1402 (Loss: 0.6713)
[                                        ]: 1403 (Loss: 0.6754)
[                                        ]: 1404 (Loss: 0.6917)
[=                                       ]: 1405 (Loss: 0.6846)
[=                                       ]: 1406 (Loss: 0.6673)
[=                                       ]: 1407 (Loss: 0.4995)
[=                                       ]: 1408 (Loss: 0.6827)
[=                                       ]: 1409 (Loss: 0.7006)
[==                                      ]: 1410 (Loss: 0.5840)
[==                                      ]: 1411 (Loss: 0.6675)
[==                                      ]: 1412 (Loss: 0.6660)
[==                                      ]: 1413 (Loss: 0.6666)
[==                                      ]: 1414 (Loss: 0.6633)
[===                                     ]: 1415 (Loss: 0.4099)
[===                                     ]: 1416 (Loss: 0.5650)
[===                                     ]: 1417 (Loss: 0.6804)
[===                                     ]: 1418 (Loss: 0.4837)
[===                                     ]: 1419 (Loss: 0.7048)
[====                                    ]: 1420 (Loss: 0.6225)
[====                                    ]: 1421 (Loss: 0.6597)
[====                                    ]: 1422 (Loss: 0.6953)
[====                                    ]: 1423 (Loss: 0.6862)
[====                                    ]: 1424 (Loss: 0.5836)
[=====                                   ]: 1425 (Loss: 0.5696)
[=====                                   ]: 1426 (Loss: 0.5777)
[=====                                   ]: 1427 (Loss: 0.6718)
[=====                                   ]: 1428 (Loss: 0.6958)
[=====                                   ]: 1429 (Loss: 0.6712)
[======                                  ]: 1430 (Loss: 0.6384)
[======                                  ]: 1431 (Loss: 0.6821)
[======                                  ]: 1432 (Loss: 0.6755)
[======                                  ]: 1433 (Loss: 0.6563)
[======                                  ]: 1434 (Loss: 0.6724)
[=======                                 ]: 1435 (Loss: 0.6856)
[=======                                 ]: 1436 (Loss: 0.3522)
[=======                                 ]: 1437 (Loss: 0.4358)
[=======                                 ]: 1438 (Loss: 0.3762)
[=======                                 ]: 1439 (Loss: 0.4453)
[========                                ]: 1440 (Loss: 0.6723)
[========                                ]: 1441 (Loss: 0.6667)
[========                                ]: 1442 (Loss: 0.6816)
[========                                ]: 1443 (Loss: 0.7020)
[========                                ]: 1444 (Loss: 0.6700)
[=========                               ]: 1445 (Loss: 0.4045)
[=========                               ]: 1446 (Loss: 0.6848)
[=========                               ]: 1447 (Loss: 0.5979)
[=========                               ]: 1448 (Loss: 0.6834)
[=========                               ]: 1449 (Loss: 0.6869)
[==========                              ]: 1450 (Loss: 0.5759)
[==========                              ]: 1451 (Loss: 0.7021)
[==========                              ]: 1452 (Loss: 0.6309)
[==========                              ]: 1453 (Loss: 0.5954)
[==========                              ]: 1454 (Loss: 0.6358)
[===========                             ]: 1455 (Loss: 0.6861)
[===========                             ]: 1456 (Loss: 0.6855)
[===========                             ]: 1457 (Loss: 0.6876)
[===========                             ]: 1458 (Loss: 0.6811)
[===========                             ]: 1459 (Loss: 0.6159)
[============                            ]: 1460 (Loss: 0.6951)
[============                            ]: 1461 (Loss: 0.6741)
[============                            ]: 1462 (Loss: 0.6457)
[============                            ]: 1463 (Loss: 0.6623)
[============                            ]: 1464 (Loss: 0.5413)
[=============                           ]: 1465 (Loss: 0.6588)
[=============                           ]: 1466 (Loss: 0.6667)
[=============                           ]: 1467 (Loss: 0.6986)
[=============                           ]: 1468 (Loss: 0.6645)
[=============                           ]: 1469 (Loss: 0.6805)
[==============                          ]: 1470 (Loss: 0.6254)
[==============                          ]: 1471 (Loss: 0.6666)
[==============                          ]: 1472 (Loss: 0.6881)
[==============                          ]: 1473 (Loss: 0.6645)
[==============                          ]: 1474 (Loss: 0.6722)
[===============                         ]: 1475 (Loss: 0.6727)
[===============                         ]: 1476 (Loss: 0.6103)
[===============                         ]: 1477 (Loss: 0.6678)
[===============                         ]: 1478 (Loss: 0.5744)
[===============                         ]: 1479 (Loss: 0.5361)
[================                        ]: 1480 (Loss: 0.4883)
[================                        ]: 1481 (Loss: 0.6913)
[================                        ]: 1482 (Loss: 0.6862)
[================                        ]: 1483 (Loss: 0.6539)
[================                        ]: 1484 (Loss: 0.6620)
[=================                       ]: 1485 (Loss: 0.6749)
[=================                       ]: 1486 (Loss: 0.6859)
[=================                       ]: 1487 (Loss: 0.6814)
[=================                       ]: 1488 (Loss: 0.6614)
[=================                       ]: 1489 (Loss: 0.6934)
[==================                      ]: 1490 (Loss: 0.6790)
[==================                      ]: 1491 (Loss: 0.6258)
[==================                      ]: 1492 (Loss: 0.6482)
[==================                      ]: 1493 (Loss: 0.6558)
[==================                      ]: 1494 (Loss: 0.6655)
[===================                     ]: 1495 (Loss: 0.6875)
[===================                     ]: 1496 (Loss: 0.6490)
[===================                     ]: 1497 (Loss: 0.6566)
[===================                     ]: 1498 (Loss: 0.6949)
[===================                     ]: 1499 (Loss: 0.3644)
[====================                    ]: 1500 (Loss: 0.6928)
[====================                    ]: 1501 (Loss: 0.6963)
[====================                    ]: 1502 (Loss: 0.7025)
[====================                    ]: 1503 (Loss: 0.6814)
[====================                    ]: 1504 (Loss: 0.6789)
[=====================                   ]: 1505 (Loss: 0.6882)
[=====================                   ]: 1506 (Loss: 0.6690)
[=====================                   ]: 1507 (Loss: 0.6813)
[=====================                   ]: 1508 (Loss: 0.7002)
[=====================                   ]: 1509 (Loss: 0.5897)
[======================                  ]: 1510 (Loss: 0.6902)
[======================                  ]: 1511 (Loss: 0.6486)
[======================                  ]: 1512 (Loss: 0.6709)
[======================                  ]: 1513 (Loss: 0.6773)
[======================                  ]: 1514 (Loss: 0.6082)
[=======================                 ]: 1515 (Loss: 0.6810)
[=======================                 ]: 1516 (Loss: 0.6637)
[=======================                 ]: 1517 (Loss: 0.6768)
[=======================                 ]: 1518 (Loss: 0.6500)
[=======================                 ]: 1519 (Loss: 0.6437)
[========================                ]: 1520 (Loss: 0.6802)
[========================                ]: 1521 (Loss: 0.6727)
[========================                ]: 1522 (Loss: 0.6600)
[========================                ]: 1523 (Loss: 0.7018)
[========================                ]: 1524 (Loss: 0.4676)
[=========================               ]: 1525 (Loss: 0.6828)
[=========================               ]: 1526 (Loss: 0.6458)
[=========================               ]: 1527 (Loss: 0.6807)
[=========================               ]: 1528 (Loss: 0.6550)
[=========================               ]: 1529 (Loss: 0.6673)
[==========================              ]: 1530 (Loss: 0.5910)
[==========================              ]: 1531 (Loss: 0.4972)
[==========================              ]: 1532 (Loss: 0.5257)
[==========================              ]: 1533 (Loss: 0.6753)
[==========================              ]: 1534 (Loss: 0.6401)
[===========================             ]: 1535 (Loss: 0.6874)
[===========================             ]: 1536 (Loss: 0.6896)
[===========================             ]: 1537 (Loss: 0.6795)
[===========================             ]: 1538 (Loss: 0.6356)
[===========================             ]: 1539 (Loss: 0.6857)
[============================            ]: 1540 (Loss: 0.6794)
[============================            ]: 1541 (Loss: 0.6662)
[============================            ]: 1542 (Loss: 0.3962)
[============================            ]: 1543 (Loss: 0.6701)
[============================            ]: 1544 (Loss: 0.5810)
[=============================           ]: 1545 (Loss: 0.6593)
[=============================           ]: 1546 (Loss: 0.3387)
[=============================           ]: 1547 (Loss: 0.6190)
[=============================           ]: 1548 (Loss: 0.6373)
[=============================           ]: 1549 (Loss: 0.6111)
[==============================          ]: 1550 (Loss: 0.6029)
[==============================          ]: 1551 (Loss: 0.6825)
[==============================          ]: 1552 (Loss: 0.6702)
[==============================          ]: 1553 (Loss: 0.6775)
[==============================          ]: 1554 (Loss: 0.6551)
[===============================         ]: 1555 (Loss: 0.6647)
[===============================         ]: 1556 (Loss: 0.6943)
[===============================         ]: 1557 (Loss: 0.6259)
[===============================         ]: 1558 (Loss: 0.6795)
[===============================         ]: 1559 (Loss: 0.6352)
[================================        ]: 1560 (Loss: 0.6775)
[================================        ]: 1561 (Loss: 0.6106)
[================================        ]: 1562 (Loss: 0.6868)
[================================        ]: 1563 (Loss: 0.4555)
[================================        ]: 1564 (Loss: 0.6926)
[=================================       ]: 1565 (Loss: 0.6931)
[=================================       ]: 1566 (Loss: 0.6440)
[=================================       ]: 1567 (Loss: 0.6465)
[=================================       ]: 1568 (Loss: 0.6886)
[=================================       ]: 1569 (Loss: 0.6310)
[==================================      ]: 1570 (Loss: 0.6573)
[==================================      ]: 1571 (Loss: 0.6758)
[==================================      ]: 1572 (Loss: 0.6878)
[==================================      ]: 1573 (Loss: 0.5901)
[==================================      ]: 1574 (Loss: 0.6674)
[===================================     ]: 1575 (Loss: 0.6934)
[===================================     ]: 1576 (Loss: 0.6357)
[===================================     ]: 1577 (Loss: 0.6379)
[===================================     ]: 1578 (Loss: 0.6087)
[===================================     ]: 1579 (Loss: 0.6426)
[====================================    ]: 1580 (Loss: 0.4644)
[====================================    ]: 1581 (Loss: 0.6712)
[====================================    ]: 1582 (Loss: 0.5578)
[====================================    ]: 1583 (Loss: 0.6832)
[====================================    ]: 1584 (Loss: 0.6227)
[=====================================   ]: 1585 (Loss: 0.3067)
[=====================================   ]: 1586 (Loss: 0.6889)
[=====================================   ]: 1587 (Loss: 0.5866)
[=====================================   ]: 1588 (Loss: 0.6905)
[=====================================   ]: 1589 (Loss: 0.6860)
[======================================  ]: 1590 (Loss: 0.6796)
[======================================  ]: 1591 (Loss: 0.6398)
[======================================  ]: 1592 (Loss: 0.6848)
[======================================  ]: 1593 (Loss: 0.5369)
[======================================  ]: 1594 (Loss: 0.4947)
[======================================= ]: 1595 (Loss: 0.6616)
[======================================= ]: 1596 (Loss: 0.5984)
[======================================= ]: 1597 (Loss: 0.6397)
[======================================= ]: 1598 (Loss: 0.6734)
[======================================= ]: 1599 (Loss: 0.5999)
[========================================]: 1600 (Loss: 0.7163)
                                                                                                    
[2026-07-17 08:46:24,972] [INFO] [__main__] Batch 1600 Loss: 0.636979 Cost: 35.42 Time: 84 ms/sequence
[2026-07-17 08:46:24,977] [INFO] [__main__] Advice weight norm: 19.421900 | Advice gradient norm: 0.326414

[                                        ]: 1601 (Loss: 0.5671)
[                                        ]: 1602 (Loss: 0.6675)
[                                        ]: 1603 (Loss: 0.6215)
[                                        ]: 1604 (Loss: 0.5894)
[=                                       ]: 1605 (Loss: 0.6926)
[=                                       ]: 1606 (Loss: 0.5665)
[=                                       ]: 1607 (Loss: 0.6193)
[=                                       ]: 1608 (Loss: 0.6822)
[=                                       ]: 1609 (Loss: 0.6783)
[==                                      ]: 1610 (Loss: 0.6155)
[==                                      ]: 1611 (Loss: 0.6855)
[==                                      ]: 1612 (Loss: 0.6580)
[==                                      ]: 1613 (Loss: 0.5871)
[==                                      ]: 1614 (Loss: 0.7022)
[===                                     ]: 1615 (Loss: 0.6927)
[===                                     ]: 1616 (Loss: 0.6686)
[===                                     ]: 1617 (Loss: 0.6044)
[===                                     ]: 1618 (Loss: 0.6787)
[===                                     ]: 1619 (Loss: 0.6658)
[====                                    ]: 1620 (Loss: 0.6801)
[====                                    ]: 1621 (Loss: 0.6676)
[====                                    ]: 1622 (Loss: 0.6651)
[====                                    ]: 1623 (Loss: 0.6814)
[====                                    ]: 1624 (Loss: 0.6962)
[=====                                   ]: 1625 (Loss: 0.3334)
[=====                                   ]: 1626 (Loss: 0.6873)
[=====                                   ]: 1627 (Loss: 0.6565)
[=====                                   ]: 1628 (Loss: 0.4766)
[=====                                   ]: 1629 (Loss: 0.5888)
[======                                  ]: 1630 (Loss: 0.6890)
[======                                  ]: 1631 (Loss: 0.4950)
[======                                  ]: 1632 (Loss: 0.6677)
[======                                  ]: 1633 (Loss: 0.6420)
[======                                  ]: 1634 (Loss: 0.6907)
[=======                                 ]: 1635 (Loss: 0.6980)
[=======                                 ]: 1636 (Loss: 0.6165)
[=======                                 ]: 1637 (Loss: 0.6476)
[=======                                 ]: 1638 (Loss: 0.6759)
[=======                                 ]: 1639 (Loss: 0.6845)
[========                                ]: 1640 (Loss: 0.6832)
[========                                ]: 1641 (Loss: 0.2960)
[========                                ]: 1642 (Loss: 0.6851)
[========                                ]: 1643 (Loss: 0.6880)
[========                                ]: 1644 (Loss: 0.6632)
[=========                               ]: 1645 (Loss: 0.6789)
[=========                               ]: 1646 (Loss: 0.6823)
[=========                               ]: 1647 (Loss: 0.6706)
[=========                               ]: 1648 (Loss: 0.6925)
[=========                               ]: 1649 (Loss: 0.5100)
[==========                              ]: 1650 (Loss: 0.6831)
[==========                              ]: 1651 (Loss: 0.5501)
[==========                              ]: 1652 (Loss: 0.6933)
[==========                              ]: 1653 (Loss: 0.6838)
[==========                              ]: 1654 (Loss: 0.6311)
[===========                             ]: 1655 (Loss: 0.3237)
[===========                             ]: 1656 (Loss: 0.6796)
[===========                             ]: 1657 (Loss: 0.6828)
[===========                             ]: 1658 (Loss: 0.6890)
[===========                             ]: 1659 (Loss: 0.5717)
[============                            ]: 1660 (Loss: 0.6680)
[============                            ]: 1661 (Loss: 0.6970)
[============                            ]: 1662 (Loss: 0.6846)
[============                            ]: 1663 (Loss: 0.6384)
[============                            ]: 1664 (Loss: 0.6742)
[=============                           ]: 1665 (Loss: 0.6677)
[=============                           ]: 1666 (Loss: 0.6724)
[=============                           ]: 1667 (Loss: 0.6215)
[=============                           ]: 1668 (Loss: 0.6969)
[=============                           ]: 1669 (Loss: 0.4134)
[==============                          ]: 1670 (Loss: 0.6780)
[==============                          ]: 1671 (Loss: 0.2891)
[==============                          ]: 1672 (Loss: 0.4638)
[==============                          ]: 1673 (Loss: 0.6815)
[==============                          ]: 1674 (Loss: 0.6613)
[===============                         ]: 1675 (Loss: 0.5363)
[===============                         ]: 1676 (Loss: 0.6759)
[===============                         ]: 1677 (Loss: 0.5353)
[===============                         ]: 1678 (Loss: 0.6317)
[===============                         ]: 1679 (Loss: 0.6862)
[================                        ]: 1680 (Loss: 0.5976)
[================                        ]: 1681 (Loss: 0.6815)
[================                        ]: 1682 (Loss: 0.6746)
[================                        ]: 1683 (Loss: 0.6771)
[================                        ]: 1684 (Loss: 0.6836)
[=================                       ]: 1685 (Loss: 0.6976)
[=================                       ]: 1686 (Loss: 0.4324)
[=================                       ]: 1687 (Loss: 0.3456)
[=================                       ]: 1688 (Loss: 0.6726)
[=================                       ]: 1689 (Loss: 0.2675)
[==================                      ]: 1690 (Loss: 0.6824)
[==================                      ]: 1691 (Loss: 0.4868)
[==================                      ]: 1692 (Loss: 0.5170)
[==================                      ]: 1693 (Loss: 0.6467)
[==================                      ]: 1694 (Loss: 0.6669)
[===================                     ]: 1695 (Loss: 0.5537)
[===================                     ]: 1696 (Loss: 0.6847)
[===================                     ]: 1697 (Loss: 0.6214)
[===================                     ]: 1698 (Loss: 0.3609)
[===================                     ]: 1699 (Loss: 0.6751)
[====================                    ]: 1700 (Loss: 0.6813)
[====================                    ]: 1701 (Loss: 0.6793)
[====================                    ]: 1702 (Loss: 0.6921)
[====================                    ]: 1703 (Loss: 0.6232)
[====================                    ]: 1704 (Loss: 0.6309)
[=====================                   ]: 1705 (Loss: 0.3087)
[=====================                   ]: 1706 (Loss: 0.6901)
[=====================                   ]: 1707 (Loss: 0.6754)
[=====================                   ]: 1708 (Loss: 0.6789)
[=====================                   ]: 1709 (Loss: 0.5821)
[======================                  ]: 1710 (Loss: 0.4711)
[======================                  ]: 1711 (Loss: 0.6500)
[======================                  ]: 1712 (Loss: 0.5931)
[======================                  ]: 1713 (Loss: 0.5508)
[======================                  ]: 1714 (Loss: 0.6799)
[=======================                 ]: 1715 (Loss: 0.6291)
[=======================                 ]: 1716 (Loss: 0.6320)
[=======================                 ]: 1717 (Loss: 0.5995)
[=======================                 ]: 1718 (Loss: 0.6160)
[=======================                 ]: 1719 (Loss: 0.5943)
[========================                ]: 1720 (Loss: 0.6333)
[========================                ]: 1721 (Loss: 0.2879)
[========================                ]: 1722 (Loss: 0.7032)
[========================                ]: 1723 (Loss: 0.4657)
[========================                ]: 1724 (Loss: 0.6783)
[=========================               ]: 1725 (Loss: 0.6772)
[=========================               ]: 1726 (Loss: 0.6788)
[=========================               ]: 1727 (Loss: 0.6548)
[=========================               ]: 1728 (Loss: 0.6939)
[=========================               ]: 1729 (Loss: 0.6771)
[==========================              ]: 1730 (Loss: 0.6905)
[==========================              ]: 1731 (Loss: 0.6736)
[==========================              ]: 1732 (Loss: 0.6503)
[==========================              ]: 1733 (Loss: 0.6792)
[==========================              ]: 1734 (Loss: 0.6633)
[===========================             ]: 1735 (Loss: 0.6759)
[===========================             ]: 1736 (Loss: 0.4815)
[===========================             ]: 1737 (Loss: 0.6781)
[===========================             ]: 1738 (Loss: 0.7020)
[===========================             ]: 1739 (Loss: 0.3176)
[============================            ]: 1740 (Loss: 0.6548)
[============================            ]: 1741 (Loss: 0.6938)
[============================            ]: 1742 (Loss: 0.6855)
[============================            ]: 1743 (Loss: 0.6873)
[============================            ]: 1744 (Loss: 0.6705)
[=============================           ]: 1745 (Loss: 0.6517)
[=============================           ]: 1746 (Loss: 0.6359)
[=============================           ]: 1747 (Loss: 0.6875)
[=============================           ]: 1748 (Loss: 0.6737)
[=============================           ]: 1749 (Loss: 0.6918)
[==============================          ]: 1750 (Loss: 0.6740)
[==============================          ]: 1751 (Loss: 0.6406)
[==============================          ]: 1752 (Loss: 0.4082)
[==============================          ]: 1753 (Loss: 0.6383)
[==============================          ]: 1754 (Loss: 0.6278)
[===============================         ]: 1755 (Loss: 0.6138)
[===============================         ]: 1756 (Loss: 0.6874)
[===============================         ]: 1757 (Loss: 0.6339)
[===============================         ]: 1758 (Loss: 0.6216)
[===============================         ]: 1759 (Loss: 0.3546)
[================================        ]: 1760 (Loss: 0.5568)
[================================        ]: 1761 (Loss: 0.6708)
[================================        ]: 1762 (Loss: 0.6469)
[================================        ]: 1763 (Loss: 0.6821)
[================================        ]: 1764 (Loss: 0.6491)
[=================================       ]: 1765 (Loss: 0.6683)
[=================================       ]: 1766 (Loss: 0.6499)
[=================================       ]: 1767 (Loss: 0.6863)
[=================================       ]: 1768 (Loss: 0.6939)
[=================================       ]: 1769 (Loss: 0.6670)
[==================================      ]: 1770 (Loss: 0.6919)
[==================================      ]: 1771 (Loss: 0.6899)
[==================================      ]: 1772 (Loss: 0.7073)
[==================================      ]: 1773 (Loss: 0.5629)
[==================================      ]: 1774 (Loss: 0.6848)
[===================================     ]: 1775 (Loss: 0.6630)
[===================================     ]: 1776 (Loss: 0.5857)
[===================================     ]: 1777 (Loss: 0.5210)
[===================================     ]: 1778 (Loss: 0.6675)
[===================================     ]: 1779 (Loss: 0.5242)
[====================================    ]: 1780 (Loss: 0.6665)
[====================================    ]: 1781 (Loss: 0.6829)
[====================================    ]: 1782 (Loss: 0.4680)
[====================================    ]: 1783 (Loss: 0.6620)
[====================================    ]: 1784 (Loss: 0.6904)
[=====================================   ]: 1785 (Loss: 0.6860)
[=====================================   ]: 1786 (Loss: 0.6765)
[=====================================   ]: 1787 (Loss: 0.6336)
[=====================================   ]: 1788 (Loss: 0.6712)
[=====================================   ]: 1789 (Loss: 0.6389)
[======================================  ]: 1790 (Loss: 0.6903)
[======================================  ]: 1791 (Loss: 0.2785)
[======================================  ]: 1792 (Loss: 0.6729)
[======================================  ]: 1793 (Loss: 0.6707)
[======================================  ]: 1794 (Loss: 0.4008)
[======================================= ]: 1795 (Loss: 0.6787)
[======================================= ]: 1796 (Loss: 0.6943)
[======================================= ]: 1797 (Loss: 0.6716)
[======================================= ]: 1798 (Loss: 0.6999)
[======================================= ]: 1799 (Loss: 0.6668)
[========================================]: 1800 (Loss: 0.5488)
                                                                                                    
[2026-07-17 08:46:41,764] [INFO] [__main__] Batch 1800 Loss: 0.622453 Cost: 35.90 Time: 83 ms/sequence
[2026-07-17 08:46:41,770] [INFO] [__main__] Advice weight norm: 19.519226 | Advice gradient norm: 0.203142

[                                        ]: 1801 (Loss: 0.4629)
[                                        ]: 1802 (Loss: 0.6798)
[                                        ]: 1803 (Loss: 0.6844)
[                                        ]: 1804 (Loss: 0.7040)
[=                                       ]: 1805 (Loss: 0.6674)
[=                                       ]: 1806 (Loss: 0.6858)
[=                                       ]: 1807 (Loss: 0.6732)
[=                                       ]: 1808 (Loss: 0.6992)
[=                                       ]: 1809 (Loss: 0.6692)
[==                                      ]: 1810 (Loss: 0.5074)
[==                                      ]: 1811 (Loss: 0.6247)
[==                                      ]: 1812 (Loss: 0.6789)
[==                                      ]: 1813 (Loss: 0.6520)
[==                                      ]: 1814 (Loss: 0.5915)
[===                                     ]: 1815 (Loss: 0.6854)
[===                                     ]: 1816 (Loss: 0.3157)
[===                                     ]: 1817 (Loss: 0.6813)
[===                                     ]: 1818 (Loss: 0.6124)
[===                                     ]: 1819 (Loss: 0.4031)
[====                                    ]: 1820 (Loss: 0.6283)
[====                                    ]: 1821 (Loss: 0.5642)
[====                                    ]: 1822 (Loss: 0.3912)
[====                                    ]: 1823 (Loss: 0.6305)
[====                                    ]: 1824 (Loss: 0.6864)
[=====                                   ]: 1825 (Loss: 0.6791)
[=====                                   ]: 1826 (Loss: 0.6698)
[=====                                   ]: 1827 (Loss: 0.3839)
[=====                                   ]: 1828 (Loss: 0.6682)
[=====                                   ]: 1829 (Loss: 0.5078)
[======                                  ]: 1830 (Loss: 0.6757)
[======                                  ]: 1831 (Loss: 0.6923)
[======                                  ]: 1832 (Loss: 0.6661)
[======                                  ]: 1833 (Loss: 0.6204)
[======                                  ]: 1834 (Loss: 0.6713)
[=======                                 ]: 1835 (Loss: 0.6255)
[=======                                 ]: 1836 (Loss: 0.5437)
[=======                                 ]: 1837 (Loss: 0.2298)
[=======                                 ]: 1838 (Loss: 0.6269)
[=======                                 ]: 1839 (Loss: 0.6671)
[========                                ]: 1840 (Loss: 0.6655)
[========                                ]: 1841 (Loss: 0.6458)
[========                                ]: 1842 (Loss: 0.7975)
[========                                ]: 1843 (Loss: 0.6840)
[========                                ]: 1844 (Loss: 0.6622)
[=========                               ]: 1845 (Loss: 0.5751)
[=========                               ]: 1846 (Loss: 0.6785)
[=========                               ]: 1847 (Loss: 0.6631)
[=========                               ]: 1848 (Loss: 0.6733)
[=========                               ]: 1849 (Loss: 0.6672)
[==========                              ]: 1850 (Loss: 0.2191)
[==========                              ]: 1851 (Loss: 0.6405)
[==========                              ]: 1852 (Loss: 0.6913)
[==========                              ]: 1853 (Loss: 0.6829)
[==========                              ]: 1854 (Loss: 0.6699)
[===========                             ]: 1855 (Loss: 0.6998)
[===========                             ]: 1856 (Loss: 0.6655)
[===========                             ]: 1857 (Loss: 0.6861)
[===========                             ]: 1858 (Loss: 0.6312)
[===========                             ]: 1859 (Loss: 0.6257)
[============                            ]: 1860 (Loss: 0.6638)
[============                            ]: 1861 (Loss: 0.6766)
[============                            ]: 1862 (Loss: 0.6403)
[============                            ]: 1863 (Loss: 0.6820)
[============                            ]: 1864 (Loss: 0.6855)
[=============                           ]: 1865 (Loss: 0.6694)
[=============                           ]: 1866 (Loss: 0.6493)
[=============                           ]: 1867 (Loss: 0.6562)
[=============                           ]: 1868 (Loss: 0.6902)
[=============                           ]: 1869 (Loss: 0.6593)
[==============                          ]: 1870 (Loss: 0.6934)
[==============                          ]: 1871 (Loss: 0.6620)
[==============                          ]: 1872 (Loss: 0.4411)
[==============                          ]: 1873 (Loss: 0.6406)
[==============                          ]: 1874 (Loss: 0.6031)
[===============                         ]: 1875 (Loss: 0.6413)
[===============                         ]: 1876 (Loss: 0.6731)
[===============                         ]: 1877 (Loss: 0.6870)
[===============                         ]: 1878 (Loss: 0.6369)
[===============                         ]: 1879 (Loss: 0.6722)
[================                        ]: 1880 (Loss: 0.6569)
[================                        ]: 1881 (Loss: 0.6224)
[================                        ]: 1882 (Loss: 0.3261)
[================                        ]: 1883 (Loss: 0.3646)
[================                        ]: 1884 (Loss: 0.6768)
[=================                       ]: 1885 (Loss: 0.6853)
[=================                       ]: 1886 (Loss: 0.6723)
[=================                       ]: 1887 (Loss: 0.6617)
[=================                       ]: 1888 (Loss: 0.6652)
[=================                       ]: 1889 (Loss: 0.6896)
[==================                      ]: 1890 (Loss: 0.6795)
[==================                      ]: 1891 (Loss: 0.6765)
[==================                      ]: 1892 (Loss: 0.7233)
[==================                      ]: 1893 (Loss: 0.4791)
[==================                      ]: 1894 (Loss: 0.6843)
[===================                     ]: 1895 (Loss: 0.7039)
[===================                     ]: 1896 (Loss: 0.5509)
[===================                     ]: 1897 (Loss: 0.6603)
[===================                     ]: 1898 (Loss: 0.6867)
[===================                     ]: 1899 (Loss: 0.6774)
[====================                    ]: 1900 (Loss: 0.6449)
[====================                    ]: 1901 (Loss: 0.6278)
[====================                    ]: 1902 (Loss: 0.6808)
[====================                    ]: 1903 (Loss: 0.6681)
[====================                    ]: 1904 (Loss: 0.6566)
[=====================                   ]: 1905 (Loss: 0.6610)
[=====================                   ]: 1906 (Loss: 0.6780)
[=====================                   ]: 1907 (Loss: 0.5470)
[=====================                   ]: 1908 (Loss: 0.6676)
[=====================                   ]: 1909 (Loss: 0.4636)
[======================                  ]: 1910 (Loss: 0.6696)
[======================                  ]: 1911 (Loss: 0.6463)
[======================                  ]: 1912 (Loss: 0.6177)
[======================                  ]: 1913 (Loss: 0.4852)
[======================                  ]: 1914 (Loss: 0.6755)
[=======================                 ]: 1915 (Loss: 0.6398)
[=======================                 ]: 1916 (Loss: 0.2847)
[=======================                 ]: 1917 (Loss: 0.5893)
[=======================                 ]: 1918 (Loss: 0.7064)
[=======================                 ]: 1919 (Loss: 0.6651)
[========================                ]: 1920 (Loss: 0.6901)
[========================                ]: 1921 (Loss: 0.6865)
[========================                ]: 1922 (Loss: 0.6697)
[========================                ]: 1923 (Loss: 0.6815)
[========================                ]: 1924 (Loss: 0.6838)
[=========================               ]: 1925 (Loss: 0.3971)
[=========================               ]: 1926 (Loss: 0.6693)
[=========================               ]: 1927 (Loss: 0.6234)
[=========================               ]: 1928 (Loss: 0.5977)
[=========================               ]: 1929 (Loss: 0.3120)
[==========================              ]: 1930 (Loss: 0.6973)
[==========================              ]: 1931 (Loss: 0.6779)
[==========================              ]: 1932 (Loss: 0.4752)
[==========================              ]: 1933 (Loss: 0.4410)
[==========================              ]: 1934 (Loss: 0.4378)
[===========================             ]: 1935 (Loss: 0.6783)
[===========================             ]: 1936 (Loss: 0.6852)
[===========================             ]: 1937 (Loss: 0.2119)
[===========================             ]: 1938 (Loss: 0.6848)
[===========================             ]: 1939 (Loss: 0.6624)
[============================            ]: 1940 (Loss: 0.6699)
[============================            ]: 1941 (Loss: 0.6835)
[============================            ]: 1942 (Loss: 0.7005)
[============================            ]: 1943 (Loss: 0.6240)
[============================            ]: 1944 (Loss: 0.6913)
[=============================           ]: 1945 (Loss: 0.6840)
[=============================           ]: 1946 (Loss: 0.6949)
[=============================           ]: 1947 (Loss: 0.6831)
[=============================           ]: 1948 (Loss: 0.3578)
[=============================           ]: 1949 (Loss: 0.6670)
[==============================          ]: 1950 (Loss: 0.6585)
[==============================          ]: 1951 (Loss: 0.6820)
[==============================          ]: 1952 (Loss: 0.6689)
[==============================          ]: 1953 (Loss: 0.4720)
[==============================          ]: 1954 (Loss: 0.6863)
[===============================         ]: 1955 (Loss: 0.6859)
[===============================         ]: 1956 (Loss: 0.7027)
[===============================         ]: 1957 (Loss: 0.6410)
[===============================         ]: 1958 (Loss: 0.6816)
[===============================         ]: 1959 (Loss: 0.6483)
[================================        ]: 1960 (Loss: 0.6781)
[================================        ]: 1961 (Loss: 0.3685)
[================================        ]: 1962 (Loss: 0.6622)
[================================        ]: 1963 (Loss: 0.6590)
[================================        ]: 1964 (Loss: 0.6685)
[=================================       ]: 1965 (Loss: 0.6636)
[=================================       ]: 1966 (Loss: 0.6676)
[=================================       ]: 1967 (Loss: 0.6526)
[=================================       ]: 1968 (Loss: 0.6878)
[=================================       ]: 1969 (Loss: 0.6798)
[==================================      ]: 1970 (Loss: 0.5180)
[==================================      ]: 1971 (Loss: 0.6396)
[==================================      ]: 1972 (Loss: 0.6563)
[==================================      ]: 1973 (Loss: 0.4923)
[==================================      ]: 1974 (Loss: 0.6832)
[===================================     ]: 1975 (Loss: 0.6995)
[===================================     ]: 1976 (Loss: 0.6539)
[===================================     ]: 1977 (Loss: 0.6558)
[===================================     ]: 1978 (Loss: 0.7068)
[===================================     ]: 1979 (Loss: 0.6494)
[====================================    ]: 1980 (Loss: 0.6703)
[====================================    ]: 1981 (Loss: 0.6689)
[====================================    ]: 1982 (Loss: 0.6740)
[====================================    ]: 1983 (Loss: 0.3593)
[====================================    ]: 1984 (Loss: 0.7022)
[=====================================   ]: 1985 (Loss: 0.6544)
[=====================================   ]: 1986 (Loss: 0.7315)
[=====================================   ]: 1987 (Loss: 0.6403)
[=====================================   ]: 1988 (Loss: 0.6859)
[=====================================   ]: 1989 (Loss: 0.6756)
[======================================  ]: 1990 (Loss: 0.6724)
[======================================  ]: 1991 (Loss: 0.4098)
[======================================  ]: 1992 (Loss: 0.6645)
[======================================  ]: 1993 (Loss: 0.6439)
[======================================  ]: 1994 (Loss: 0.6644)
[======================================= ]: 1995 (Loss: 0.6720)
[======================================= ]: 1996 (Loss: 0.6882)
[======================================= ]: 1997 (Loss: 0.6731)
[======================================= ]: 1998 (Loss: 0.6699)
[======================================= ]: 1999 (Loss: 0.6657)
[========================================]: 2000 (Loss: 0.5461)
                                                                                                    
[2026-07-17 08:46:58,989] [INFO] [__main__] Batch 2000 Loss: 0.625468 Cost: 37.61 Time: 86 ms/sequence
[2026-07-17 08:46:58,995] [INFO] [__main__] Advice weight norm: 19.599566 | Advice gradient norm: 0.164777

[                                        ]: 2001 (Loss: 0.6275)
[                                        ]: 2002 (Loss: 0.6999)
[                                        ]: 2003 (Loss: 0.6509)
[                                        ]: 2004 (Loss: 0.6187)
[=                                       ]: 2005 (Loss: 0.6674)
[=                                       ]: 2006 (Loss: 0.6832)
[=                                       ]: 2007 (Loss: 0.6717)
[=                                       ]: 2008 (Loss: 0.6611)
[=                                       ]: 2009 (Loss: 0.6816)
[==                                      ]: 2010 (Loss: 0.6860)
[==                                      ]: 2011 (Loss: 0.2621)
[==                                      ]: 2012 (Loss: 0.6734)
[==                                      ]: 2013 (Loss: 0.6789)
[==                                      ]: 2014 (Loss: 0.6805)
[===                                     ]: 2015 (Loss: 0.6781)
[===                                     ]: 2016 (Loss: 0.6464)
[===                                     ]: 2017 (Loss: 0.6882)
[===                                     ]: 2018 (Loss: 0.6883)
[===                                     ]: 2019 (Loss: 0.4331)
[====                                    ]: 2020 (Loss: 0.5766)
[====                                    ]: 2021 (Loss: 0.4753)
[====                                    ]: 2022 (Loss: 0.6705)
[====                                    ]: 2023 (Loss: 0.6389)
[====                                    ]: 2024 (Loss: 0.2294)
[=====                                   ]: 2025 (Loss: 0.6760)
[=====                                   ]: 2026 (Loss: 0.5922)
[=====                                   ]: 2027 (Loss: 0.4830)
[=====                                   ]: 2028 (Loss: 0.6755)
[=====                                   ]: 2029 (Loss: 0.6754)
[======                                  ]: 2030 (Loss: 0.6310)
[======                                  ]: 2031 (Loss: 0.6508)
[======                                  ]: 2032 (Loss: 0.6330)
[======                                  ]: 2033 (Loss: 0.6563)
[======                                  ]: 2034 (Loss: 0.6843)
[=======                                 ]: 2035 (Loss: 0.6747)
[=======                                 ]: 2036 (Loss: 0.6933)
[=======                                 ]: 2037 (Loss: 0.6329)
[=======                                 ]: 2038 (Loss: 0.5208)
[=======                                 ]: 2039 (Loss: 0.6553)
[========                                ]: 2040 (Loss: 0.6646)
[========                                ]: 2041 (Loss: 0.5484)
[========                                ]: 2042 (Loss: 0.6705)
[========                                ]: 2043 (Loss: 0.6864)
[========                                ]: 2044 (Loss: 0.4432)
[=========                               ]: 2045 (Loss: 0.6558)
[=========                               ]: 2046 (Loss: 0.6395)
[=========                               ]: 2047 (Loss: 0.6772)
[=========                               ]: 2048 (Loss: 0.6223)
[=========                               ]: 2049 (Loss: 0.6174)
[==========                              ]: 2050 (Loss: 0.6695)
[==========                              ]: 2051 (Loss: 0.6759)
[==========                              ]: 2052 (Loss: 0.5607)
[==========                              ]: 2053 (Loss: 0.4905)
[==========                              ]: 2054 (Loss: 0.6687)
[===========                             ]: 2055 (Loss: 0.6888)
[===========                             ]: 2056 (Loss: 0.6766)
[===========                             ]: 2057 (Loss: 0.6919)
[===========                             ]: 2058 (Loss: 0.2359)
[===========                             ]: 2059 (Loss: 0.3448)
[============                            ]: 2060 (Loss: 0.6670)
[============                            ]: 2061 (Loss: 0.6544)
[============                            ]: 2062 (Loss: 0.6530)
[============                            ]: 2063 (Loss: 0.6746)
[============                            ]: 2064 (Loss: 0.6879)
[=============                           ]: 2065 (Loss: 0.6832)
[=============                           ]: 2066 (Loss: 0.6839)
[=============                           ]: 2067 (Loss: 0.6925)
[=============                           ]: 2068 (Loss: 0.6647)
[=============                           ]: 2069 (Loss: 0.6403)
[==============                          ]: 2070 (Loss: 0.5197)
[==============                          ]: 2071 (Loss: 0.5479)
[==============                          ]: 2072 (Loss: 0.6649)
[==============                          ]: 2073 (Loss: 0.6623)
[==============                          ]: 2074 (Loss: 0.6776)
[===============                         ]: 2075 (Loss: 0.6465)
[===============                         ]: 2076 (Loss: 0.6760)
[===============                         ]: 2077 (Loss: 0.6794)
[===============                         ]: 2078 (Loss: 0.6928)
[===============                         ]: 2079 (Loss: 0.5475)
[================                        ]: 2080 (Loss: 0.6953)
[================                        ]: 2081 (Loss: 0.6843)
[================                        ]: 2082 (Loss: 0.6745)
[================                        ]: 2083 (Loss: 0.6279)
[================                        ]: 2084 (Loss: 0.2657)
[=================                       ]: 2085 (Loss: 0.5685)
[=================                       ]: 2086 (Loss: 0.6790)
[=================                       ]: 2087 (Loss: 0.6662)
[=================                       ]: 2088 (Loss: 0.2614)
[=================                       ]: 2089 (Loss: 0.6699)
[==================                      ]: 2090 (Loss: 0.6833)
[==================                      ]: 2091 (Loss: 0.6646)
[==================                      ]: 2092 (Loss: 0.5413)
[==================                      ]: 2093 (Loss: 0.6111)
[==================                      ]: 2094 (Loss: 0.6678)
[===================                     ]: 2095 (Loss: 0.6590)
[===================                     ]: 2096 (Loss: 0.5050)
[===================                     ]: 2097 (Loss: 0.6770)
[===================                     ]: 2098 (Loss: 0.6940)
[===================                     ]: 2099 (Loss: 0.6678)
[====================                    ]: 2100 (Loss: 0.6570)
[====================                    ]: 2101 (Loss: 0.5708)
[====================                    ]: 2102 (Loss: 0.6089)
[====================                    ]: 2103 (Loss: 0.6288)
[====================                    ]: 2104 (Loss: 0.6525)
[=====================                   ]: 2105 (Loss: 0.6465)
[=====================                   ]: 2106 (Loss: 0.6499)
[=====================                   ]: 2107 (Loss: 0.5585)
[=====================                   ]: 2108 (Loss: 0.6788)
[=====================                   ]: 2109 (Loss: 0.5517)
[======================                  ]: 2110 (Loss: 0.5706)
[======================                  ]: 2111 (Loss: 0.4863)
[======================                  ]: 2112 (Loss: 0.6294)
[======================                  ]: 2113 (Loss: 0.6733)
[======================                  ]: 2114 (Loss: 0.6656)
[=======================                 ]: 2115 (Loss: 0.6186)
[=======================                 ]: 2116 (Loss: 0.6735)
[=======================                 ]: 2117 (Loss: 0.6595)
[=======================                 ]: 2118 (Loss: 0.6035)
[=======================                 ]: 2119 (Loss: 0.6641)
[========================                ]: 2120 (Loss: 0.6668)
[========================                ]: 2121 (Loss: 0.6678)
[========================                ]: 2122 (Loss: 0.6308)
[========================                ]: 2123 (Loss: 0.6557)
[========================                ]: 2124 (Loss: 0.3949)
[=========================               ]: 2125 (Loss: 0.6778)
[=========================               ]: 2126 (Loss: 0.6458)
[=========================               ]: 2127 (Loss: 0.6888)
[=========================               ]: 2128 (Loss: 0.6945)
[=========================               ]: 2129 (Loss: 0.2347)
[==========================              ]: 2130 (Loss: 0.6675)
[==========================              ]: 2131 (Loss: 0.6294)
[==========================              ]: 2132 (Loss: 0.6518)
[==========================              ]: 2133 (Loss: 0.6751)
[==========================              ]: 2134 (Loss: 0.5499)
[===========================             ]: 2135 (Loss: 0.5851)
[===========================             ]: 2136 (Loss: 0.6379)
[===========================             ]: 2137 (Loss: 0.6860)
[===========================             ]: 2138 (Loss: 0.6548)
[===========================             ]: 2139 (Loss: 0.6197)
[============================            ]: 2140 (Loss: 0.5397)
[============================            ]: 2141 (Loss: 0.6791)
[============================            ]: 2142 (Loss: 0.6795)
[============================            ]: 2143 (Loss: 0.6882)
[============================            ]: 2144 (Loss: 0.6337)
[=============================           ]: 2145 (Loss: 0.6743)
[=============================           ]: 2146 (Loss: 0.6862)
[=============================           ]: 2147 (Loss: 0.6643)
[=============================           ]: 2148 (Loss: 0.4292)
[=============================           ]: 2149 (Loss: 0.6670)
[==============================          ]: 2150 (Loss: 0.3273)
[==============================          ]: 2151 (Loss: 0.6104)
[==============================          ]: 2152 (Loss: 0.6871)
[==============================          ]: 2153 (Loss: 0.5494)
[==============================          ]: 2154 (Loss: 0.6826)
[===============================         ]: 2155 (Loss: 0.6680)
[===============================         ]: 2156 (Loss: 0.3114)
[===============================         ]: 2157 (Loss: 0.6539)
[===============================         ]: 2158 (Loss: 0.6733)
[===============================         ]: 2159 (Loss: 0.6835)
[================================        ]: 2160 (Loss: 0.6561)
[================================        ]: 2161 (Loss: 0.6817)
[================================        ]: 2162 (Loss: 0.3880)
[================================        ]: 2163 (Loss: 0.6723)
[================================        ]: 2164 (Loss: 0.6541)
[=================================       ]: 2165 (Loss: 0.6232)
[=================================       ]: 2166 (Loss: 0.6651)
[=================================       ]: 2167 (Loss: 0.1903)
[=================================       ]: 2168 (Loss: 0.6545)
[=================================       ]: 2169 (Loss: 0.6552)
[==================================      ]: 2170 (Loss: 0.6859)
[==================================      ]: 2171 (Loss: 0.6770)
[==================================      ]: 2172 (Loss: 0.6954)
[==================================      ]: 2173 (Loss: 0.6887)
[==================================      ]: 2174 (Loss: 0.6326)
[===================================     ]: 2175 (Loss: 0.6877)
[===================================     ]: 2176 (Loss: 0.5831)
[===================================     ]: 2177 (Loss: 0.6761)
[===================================     ]: 2178 (Loss: 0.6417)
[===================================     ]: 2179 (Loss: 0.5887)
[====================================    ]: 2180 (Loss: 0.6872)
[====================================    ]: 2181 (Loss: 0.6757)
[====================================    ]: 2182 (Loss: 0.6858)
[====================================    ]: 2183 (Loss: 0.6479)
[====================================    ]: 2184 (Loss: 0.6790)
[=====================================   ]: 2185 (Loss: 0.5542)
[=====================================   ]: 2186 (Loss: 0.6399)
[=====================================   ]: 2187 (Loss: 0.6468)
[=====================================   ]: 2188 (Loss: 0.6032)
[=====================================   ]: 2189 (Loss: 0.6583)
[======================================  ]: 2190 (Loss: 0.4425)
[======================================  ]: 2191 (Loss: 0.6771)
[======================================  ]: 2192 (Loss: 0.6822)
[======================================  ]: 2193 (Loss: 0.6806)
[======================================  ]: 2194 (Loss: 0.6774)
[======================================= ]: 2195 (Loss: 0.6672)
[======================================= ]: 2196 (Loss: 0.6553)
[======================================= ]: 2197 (Loss: 0.6822)
[======================================= ]: 2198 (Loss: 0.6772)
[======================================= ]: 2199 (Loss: 0.5889)
[========================================]: 2200 (Loss: 0.6250)
                                                                                                    
[2026-07-17 08:47:15,663] [INFO] [__main__] Batch 2200 Loss: 0.620961 Cost: 35.16 Time: 83 ms/sequence
[2026-07-17 08:47:15,667] [INFO] [__main__] Advice weight norm: 19.684084 | Advice gradient norm: 0.166102

[                                        ]: 2201 (Loss: 0.6631)
[                                        ]: 2202 (Loss: 0.5428)
[                                        ]: 2203 (Loss: 0.6821)
[                                        ]: 2204 (Loss: 0.6692)
[=                                       ]: 2205 (Loss: 0.6413)
[=                                       ]: 2206 (Loss: 0.6488)
[=                                       ]: 2207 (Loss: 0.6351)
[=                                       ]: 2208 (Loss: 0.6902)
[=                                       ]: 2209 (Loss: 0.4691)
[==                                      ]: 2210 (Loss: 0.2245)
[==                                      ]: 2211 (Loss: 0.6732)
[==                                      ]: 2212 (Loss: 0.6814)
[==                                      ]: 2213 (Loss: 0.6512)
[==                                      ]: 2214 (Loss: 0.6484)
[===                                     ]: 2215 (Loss: 0.6311)
[===                                     ]: 2216 (Loss: 0.6730)
[===                                     ]: 2217 (Loss: 0.5170)
[===                                     ]: 2218 (Loss: 0.6007)
[===                                     ]: 2219 (Loss: 0.6814)
[====                                    ]: 2220 (Loss: 0.6534)
[====                                    ]: 2221 (Loss: 0.6341)
[====                                    ]: 2222 (Loss: 0.6771)
[====                                    ]: 2223 (Loss: 0.6709)
[====                                    ]: 2224 (Loss: 0.6126)
[=====                                   ]: 2225 (Loss: 0.6757)
[=====                                   ]: 2226 (Loss: 0.6404)
[=====                                   ]: 2227 (Loss: 0.6836)
[=====                                   ]: 2228 (Loss: 0.6518)
[=====                                   ]: 2229 (Loss: 0.6864)
[======                                  ]: 2230 (Loss: 0.5740)
[======                                  ]: 2231 (Loss: 0.6708)
[======                                  ]: 2232 (Loss: 0.6771)
[======                                  ]: 2233 (Loss: 0.2883)
[======                                  ]: 2234 (Loss: 0.6348)
[=======                                 ]: 2235 (Loss: 0.6566)
[=======                                 ]: 2236 (Loss: 0.6813)
[=======                                 ]: 2237 (Loss: 0.6171)
[=======                                 ]: 2238 (Loss: 0.6520)
[=======                                 ]: 2239 (Loss: 0.6434)
[========                                ]: 2240 (Loss: 0.6762)
[========                                ]: 2241 (Loss: 0.5907)
[========                                ]: 2242 (Loss: 0.6555)
[========                                ]: 2243 (Loss: 0.6699)
[========                                ]: 2244 (Loss: 0.4459)
[=========                               ]: 2245 (Loss: 0.2852)
[=========                               ]: 2246 (Loss: 0.6784)
[=========                               ]: 2247 (Loss: 0.6290)
[=========                               ]: 2248 (Loss: 0.6640)
[=========                               ]: 2249 (Loss: 0.6756)
[==========                              ]: 2250 (Loss: 0.6874)
[==========                              ]: 2251 (Loss: 0.6748)
[==========                              ]: 2252 (Loss: 0.5805)
[==========                              ]: 2253 (Loss: 0.6535)
[==========                              ]: 2254 (Loss: 0.6750)
[===========                             ]: 2255 (Loss: 0.5845)
[===========                             ]: 2256 (Loss: 0.6695)
[===========                             ]: 2257 (Loss: 0.2471)
[===========                             ]: 2258 (Loss: 0.6780)
[===========                             ]: 2259 (Loss: 0.6577)
[============                            ]: 2260 (Loss: 0.6749)
[============                            ]: 2261 (Loss: 0.5711)
[============                            ]: 2262 (Loss: 0.5073)
[============                            ]: 2263 (Loss: 0.6515)
[============                            ]: 2264 (Loss: 0.6728)
[=============                           ]: 2265 (Loss: 0.6805)
[=============                           ]: 2266 (Loss: 0.6856)
[=============                           ]: 2267 (Loss: 0.4316)
[=============                           ]: 2268 (Loss: 0.6810)
[=============                           ]: 2269 (Loss: 0.6649)
[==============                          ]: 2270 (Loss: 0.6706)
[==============                          ]: 2271 (Loss: 0.6919)
[==============                          ]: 2272 (Loss: 0.6572)
[==============                          ]: 2273 (Loss: 0.2070)
[==============                          ]: 2274 (Loss: 0.6895)
[===============                         ]: 2275 (Loss: 0.6742)
[===============                         ]: 2276 (Loss: 0.4396)
[===============                         ]: 2277 (Loss: 0.6363)
[===============                         ]: 2278 (Loss: 0.5887)
[===============                         ]: 2279 (Loss: 0.6763)
[================                        ]: 2280 (Loss: 0.6612)
[================                        ]: 2281 (Loss: 0.6841)
[================                        ]: 2282 (Loss: 0.4736)
[================                        ]: 2283 (Loss: 0.6932)
[================                        ]: 2284 (Loss: 0.6733)
[=================                       ]: 2285 (Loss: 0.6706)
[=================                       ]: 2286 (Loss: 0.6455)
[=================                       ]: 2287 (Loss: 0.6929)
[=================                       ]: 2288 (Loss: 0.2184)
[=================                       ]: 2289 (Loss: 0.6264)
[==================                      ]: 2290 (Loss: 0.6750)
[==================                      ]: 2291 (Loss: 0.6205)
[==================                      ]: 2292 (Loss: 0.6740)
[==================                      ]: 2293 (Loss: 0.6770)
[==================                      ]: 2294 (Loss: 0.6668)
[===================                     ]: 2295 (Loss: 0.6457)
[===================                     ]: 2296 (Loss: 0.6738)
[===================                     ]: 2297 (Loss: 0.6518)
[===================                     ]: 2298 (Loss: 0.6605)
[===================                     ]: 2299 (Loss: 0.6151)
[====================                    ]: 2300 (Loss: 0.6789)
[====================                    ]: 2301 (Loss: 0.6698)
[====================                    ]: 2302 (Loss: 0.6756)
[====================                    ]: 2303 (Loss: 0.6693)
[====================                    ]: 2304 (Loss: 0.6761)
[=====================                   ]: 2305 (Loss: 0.6684)
[=====================                   ]: 2306 (Loss: 0.6795)
[=====================                   ]: 2307 (Loss: 0.6801)
[=====================                   ]: 2308 (Loss: 0.6703)
[=====================                   ]: 2309 (Loss: 0.6767)
[======================                  ]: 2310 (Loss: 0.6338)
[======================                  ]: 2311 (Loss: 0.6695)
[======================                  ]: 2312 (Loss: 0.3986)
[======================                  ]: 2313 (Loss: 0.6429)
[======================                  ]: 2314 (Loss: 0.6632)
[=======================                 ]: 2315 (Loss: 0.5076)
[=======================                 ]: 2316 (Loss: 0.6550)
[=======================                 ]: 2317 (Loss: 0.6497)
[=======================                 ]: 2318 (Loss: 0.6759)
[=======================                 ]: 2319 (Loss: 0.6022)
[========================                ]: 2320 (Loss: 0.6825)
[========================                ]: 2321 (Loss: 0.6297)
[========================                ]: 2322 (Loss: 0.1780)
[========================                ]: 2323 (Loss: 0.6755)
[========================                ]: 2324 (Loss: 0.6795)
[=========================               ]: 2325 (Loss: 0.6837)
[=========================               ]: 2326 (Loss: 0.3490)
[=========================               ]: 2327 (Loss: 0.6565)
[=========================               ]: 2328 (Loss: 0.6167)
[=========================               ]: 2329 (Loss: 0.1943)
[==========================              ]: 2330 (Loss: 0.6437)
[==========================              ]: 2331 (Loss: 0.6553)
[==========================              ]: 2332 (Loss: 0.6499)
[==========================              ]: 2333 (Loss: 0.3958)
[==========================              ]: 2334 (Loss: 0.6582)
[===========================             ]: 2335 (Loss: 0.6635)
[===========================             ]: 2336 (Loss: 0.6556)
[===========================             ]: 2337 (Loss: 0.6508)
[===========================             ]: 2338 (Loss: 0.6819)
[===========================             ]: 2339 (Loss: 0.6350)
[============================            ]: 2340 (Loss: 0.6823)
[============================            ]: 2341 (Loss: 0.6816)
[============================            ]: 2342 (Loss: 0.6168)
[============================            ]: 2343 (Loss: 0.6817)
[============================            ]: 2344 (Loss: 0.6057)
[=============================           ]: 2345 (Loss: 0.7041)
[=============================           ]: 2346 (Loss: 0.6824)
[=============================           ]: 2347 (Loss: 0.4822)
[=============================           ]: 2348 (Loss: 0.6353)
[=============================           ]: 2349 (Loss: 0.6313)
[==============================          ]: 2350 (Loss: 0.6455)
[==============================          ]: 2351 (Loss: 0.6800)
[==============================          ]: 2352 (Loss: 0.5757)
[==============================          ]: 2353 (Loss: 0.6313)
[==============================          ]: 2354 (Loss: 0.1321)
[===============================         ]: 2355 (Loss: 0.6622)
[===============================         ]: 2356 (Loss: 0.5911)
[===============================         ]: 2357 (Loss: 0.6520)
[===============================         ]: 2358 (Loss: 0.7044)
[===============================         ]: 2359 (Loss: 0.6842)
[================================        ]: 2360 (Loss: 0.6743)
[================================        ]: 2361 (Loss: 0.6353)
[================================        ]: 2362 (Loss: 0.5337)
[================================        ]: 2363 (Loss: 0.7031)
[================================        ]: 2364 (Loss: 0.6691)
[=================================       ]: 2365 (Loss: 0.6544)
[=================================       ]: 2366 (Loss: 0.6562)
[=================================       ]: 2367 (Loss: 0.6662)
[=================================       ]: 2368 (Loss: 0.2245)
[=================================       ]: 2369 (Loss: 0.6008)
[==================================      ]: 2370 (Loss: 0.6566)
[==================================      ]: 2371 (Loss: 0.5431)
[==================================      ]: 2372 (Loss: 0.6795)
[==================================      ]: 2373 (Loss: 0.6791)
[==================================      ]: 2374 (Loss: 0.6644)
[===================================     ]: 2375 (Loss: 0.6396)
[===================================     ]: 2376 (Loss: 0.6365)
[===================================     ]: 2377 (Loss: 0.6821)
[===================================     ]: 2378 (Loss: 0.6420)
[===================================     ]: 2379 (Loss: 0.5135)
[====================================    ]: 2380 (Loss: 0.6781)
[====================================    ]: 2381 (Loss: 0.6432)
[====================================    ]: 2382 (Loss: 0.6786)
[====================================    ]: 2383 (Loss: 0.6141)
[====================================    ]: 2384 (Loss: 0.6315)
[=====================================   ]: 2385 (Loss: 0.5950)
[=====================================   ]: 2386 (Loss: 0.6662)
[=====================================   ]: 2387 (Loss: 0.6872)
[=====================================   ]: 2388 (Loss: 0.5181)
[=====================================   ]: 2389 (Loss: 0.5829)
[======================================  ]: 2390 (Loss: 0.6602)
[======================================  ]: 2391 (Loss: 0.6559)
[======================================  ]: 2392 (Loss: 0.6668)
[======================================  ]: 2393 (Loss: 0.6877)
[======================================  ]: 2394 (Loss: 0.6436)
[======================================= ]: 2395 (Loss: 0.6755)
[======================================= ]: 2396 (Loss: 0.6991)
[======================================= ]: 2397 (Loss: 0.2024)
[======================================= ]: 2398 (Loss: 0.6871)
[======================================= ]: 2399 (Loss: 0.5976)
[========================================]: 2400 (Loss: 0.6533)
                                                                                                    
[2026-07-17 08:47:33,442] [INFO] [__main__] Batch 2400 Loss: 0.617270 Cost: 37.37 Time: 88 ms/sequence
[2026-07-17 08:47:33,446] [INFO] [__main__] Advice weight norm: 19.770979 | Advice gradient norm: 0.063383

[                                        ]: 2401 (Loss: 0.6732)
[                                        ]: 2402 (Loss: 0.4189)
[                                        ]: 2403 (Loss: 0.1386)
[                                        ]: 2404 (Loss: 0.6792)
[=                                       ]: 2405 (Loss: 0.6536)
[=                                       ]: 2406 (Loss: 0.6553)
[=                                       ]: 2407 (Loss: 0.6190)
[=                                       ]: 2408 (Loss: 0.6101)
[=                                       ]: 2409 (Loss: 0.6521)
[==                                      ]: 2410 (Loss: 0.5900)
[==                                      ]: 2411 (Loss: 0.6102)
[==                                      ]: 2412 (Loss: 0.6019)
[==                                      ]: 2413 (Loss: 0.6569)
[==                                      ]: 2414 (Loss: 0.6548)
[===                                     ]: 2415 (Loss: 0.6702)
[===                                     ]: 2416 (Loss: 0.5558)
[===                                     ]: 2417 (Loss: 0.6660)
[===                                     ]: 2418 (Loss: 0.6915)
[===                                     ]: 2419 (Loss: 0.6896)
[====                                    ]: 2420 (Loss: 0.6786)
[====                                    ]: 2421 (Loss: 0.5325)
[====                                    ]: 2422 (Loss: 0.1439)
[====                                    ]: 2423 (Loss: 0.6802)
[====                                    ]: 2424 (Loss: 0.6826)
[=====                                   ]: 2425 (Loss: 0.6347)
[=====                                   ]: 2426 (Loss: 0.5512)
[=====                                   ]: 2427 (Loss: 0.6593)
[=====                                   ]: 2428 (Loss: 0.6845)
[=====                                   ]: 2429 (Loss: 0.5650)
[======                                  ]: 2430 (Loss: 0.6269)
[======                                  ]: 2431 (Loss: 0.6546)
[======                                  ]: 2432 (Loss: 0.6803)
[======                                  ]: 2433 (Loss: 0.1370)
[======                                  ]: 2434 (Loss: 0.6908)
[=======                                 ]: 2435 (Loss: 0.5534)
[=======                                 ]: 2436 (Loss: 0.6822)
[=======                                 ]: 2437 (Loss: 0.6750)
[=======                                 ]: 2438 (Loss: 0.6349)
[=======                                 ]: 2439 (Loss: 0.6656)
[========                                ]: 2440 (Loss: 0.1683)
[========                                ]: 2441 (Loss: 0.5927)
[========                                ]: 2442 (Loss: 0.6531)
[========                                ]: 2443 (Loss: 0.6470)
[========                                ]: 2444 (Loss: 0.6678)
[=========                               ]: 2445 (Loss: 0.6395)
[=========                               ]: 2446 (Loss: 0.6670)
[=========                               ]: 2447 (Loss: 0.5212)
[=========                               ]: 2448 (Loss: 0.6412)
[=========                               ]: 2449 (Loss: 0.6567)
[==========                              ]: 2450 (Loss: 0.6553)
[==========                              ]: 2451 (Loss: 0.1202)
[==========                              ]: 2452 (Loss: 0.6507)
[==========                              ]: 2453 (Loss: 0.5742)
[==========                              ]: 2454 (Loss: 0.6647)
[===========                             ]: 2455 (Loss: 0.6720)
[===========                             ]: 2456 (Loss: 0.6669)
[===========                             ]: 2457 (Loss: 0.6587)
[===========                             ]: 2458 (Loss: 0.6317)
[===========                             ]: 2459 (Loss: 0.4299)
[============                            ]: 2460 (Loss: 0.6422)
[============                            ]: 2461 (Loss: 0.6640)
[============                            ]: 2462 (Loss: 0.5729)
[============                            ]: 2463 (Loss: 0.6622)
[============                            ]: 2464 (Loss: 0.6644)
[=============                           ]: 2465 (Loss: 0.6003)
[=============                           ]: 2466 (Loss: 0.6502)
[=============                           ]: 2467 (Loss: 0.6800)
[=============                           ]: 2468 (Loss: 0.6627)
[=============                           ]: 2469 (Loss: 0.6558)
[==============                          ]: 2470 (Loss: 0.6883)
[==============                          ]: 2471 (Loss: 0.6566)
[==============                          ]: 2472 (Loss: 0.6718)
[==============                          ]: 2473 (Loss: 0.6682)
[==============                          ]: 2474 (Loss: 0.4791)
[===============                         ]: 2475 (Loss: 0.5360)
[===============                         ]: 2476 (Loss: 0.3744)
[===============                         ]: 2477 (Loss: 0.6410)
[===============                         ]: 2478 (Loss: 0.6511)
[===============                         ]: 2479 (Loss: 0.6871)
[================                        ]: 2480 (Loss: 0.1491)
[================                        ]: 2481 (Loss: 0.6534)
[================                        ]: 2482 (Loss: 0.6691)
[================                        ]: 2483 (Loss: 0.6688)
[================                        ]: 2484 (Loss: 0.6700)
[=================                       ]: 2485 (Loss: 0.6449)
[=================                       ]: 2486 (Loss: 0.6240)
[=================                       ]: 2487 (Loss: 0.6742)
[=================                       ]: 2488 (Loss: 0.5786)
[=================                       ]: 2489 (Loss: 0.5446)
[==================                      ]: 2490 (Loss: 0.6604)
[==================                      ]: 2491 (Loss: 0.6508)
[==================                      ]: 2492 (Loss: 0.6267)
[==================                      ]: 2493 (Loss: 0.1222)
[==================                      ]: 2494 (Loss: 0.6710)
[===================                     ]: 2495 (Loss: 0.6268)
[===================                     ]: 2496 (Loss: 0.6689)
[===================                     ]: 2497 (Loss: 0.2477)
[===================                     ]: 2498 (Loss: 0.6386)
[===================                     ]: 2499 (Loss: 0.6102)
[====================                    ]: 2500 (Loss: 0.6496)
[====================                    ]: 2501 (Loss: 0.6820)
[====================                    ]: 2502 (Loss: 0.6548)
[====================                    ]: 2503 (Loss: 0.6829)
[====================                    ]: 2504 (Loss: 0.6446)
[=====================                   ]: 2505 (Loss: 0.6290)
[=====================                   ]: 2506 (Loss: 0.3043)
[=====================                   ]: 2507 (Loss: 0.5552)
[=====================                   ]: 2508 (Loss: 0.6697)
[=====================                   ]: 2509 (Loss: 0.5505)
[======================                  ]: 2510 (Loss: 0.6637)
[======================                  ]: 2511 (Loss: 0.6496)
[======================                  ]: 2512 (Loss: 0.6895)
[======================                  ]: 2513 (Loss: 0.6547)
[======================                  ]: 2514 (Loss: 0.1517)
[=======================                 ]: 2515 (Loss: 0.6451)
[=======================                 ]: 2516 (Loss: 0.6136)
[=======================                 ]: 2517 (Loss: 0.6483)
[=======================                 ]: 2518 (Loss: 0.6452)
[=======================                 ]: 2519 (Loss: 0.6662)
[========================                ]: 2520 (Loss: 0.6233)
[========================                ]: 2521 (Loss: 0.5706)
[========================                ]: 2522 (Loss: 0.6749)
[========================                ]: 2523 (Loss: 0.6377)
[========================                ]: 2524 (Loss: 0.6078)
[=========================               ]: 2525 (Loss: 0.6528)
[=========================               ]: 2526 (Loss: 0.4952)
[=========================               ]: 2527 (Loss: 0.6717)
[=========================               ]: 2528 (Loss: 0.4453)
[=========================               ]: 2529 (Loss: 0.1106)
[==========================              ]: 2530 (Loss: 0.6851)
[==========================              ]: 2531 (Loss: 0.1112)
[==========================              ]: 2532 (Loss: 0.6636)
[==========================              ]: 2533 (Loss: 0.6718)
[==========================              ]: 2534 (Loss: 0.6566)
[===========================             ]: 2535 (Loss: 0.0899)
[===========================             ]: 2536 (Loss: 0.6648)
[===========================             ]: 2537 (Loss: 0.6167)
[===========================             ]: 2538 (Loss: 0.6758)
[===========================             ]: 2539 (Loss: 0.5951)
[============================            ]: 2540 (Loss: 0.6451)
[============================            ]: 2541 (Loss: 0.6713)
[============================            ]: 2542 (Loss: 0.6866)
[============================            ]: 2543 (Loss: 0.6580)
[============================            ]: 2544 (Loss: 0.6060)
[=============================           ]: 2545 (Loss: 0.6744)
[=============================           ]: 2546 (Loss: 0.6463)
[=============================           ]: 2547 (Loss: 0.6132)
[=============================           ]: 2548 (Loss: 0.5990)
[=============================           ]: 2549 (Loss: 0.6836)
[==============================          ]: 2550 (Loss: 0.6299)
[==============================          ]: 2551 (Loss: 0.1260)
[==============================          ]: 2552 (Loss: 0.6471)
[==============================          ]: 2553 (Loss: 0.3177)
[==============================          ]: 2554 (Loss: 0.5929)
[===============================         ]: 2555 (Loss: 0.6602)
[===============================         ]: 2556 (Loss: 0.2762)
[===============================         ]: 2557 (Loss: 0.6929)
[===============================         ]: 2558 (Loss: 0.6222)
[===============================         ]: 2559 (Loss: 0.6296)
[================================        ]: 2560 (Loss: 0.1814)
[================================        ]: 2561 (Loss: 0.6767)
[================================        ]: 2562 (Loss: 0.6647)
[================================        ]: 2563 (Loss: 0.6782)
[================================        ]: 2564 (Loss: 0.6317)
[=================================       ]: 2565 (Loss: 0.6684)
[=================================       ]: 2566 (Loss: 0.6596)
[=================================       ]: 2567 (Loss: 0.6729)
[=================================       ]: 2568 (Loss: 0.6321)
[=================================       ]: 2569 (Loss: 0.6846)
[==================================      ]: 2570 (Loss: 0.6488)
[==================================      ]: 2571 (Loss: 0.6534)
[==================================      ]: 2572 (Loss: 0.6602)
[==================================      ]: 2573 (Loss: 0.4140)
[==================================      ]: 2574 (Loss: 0.5197)
[===================================     ]: 2575 (Loss: 0.6780)
[===================================     ]: 2576 (Loss: 0.6504)
[===================================     ]: 2577 (Loss: 0.6721)
[===================================     ]: 2578 (Loss: 0.6433)
[===================================     ]: 2579 (Loss: 0.6202)
[====================================    ]: 2580 (Loss: 0.6841)
[====================================    ]: 2581 (Loss: 0.6813)
[====================================    ]: 2582 (Loss: 0.6108)
[====================================    ]: 2583 (Loss: 0.6712)
[====================================    ]: 2584 (Loss: 0.6840)
[=====================================   ]: 2585 (Loss: 0.6060)
[=====================================   ]: 2586 (Loss: 0.1227)
[=====================================   ]: 2587 (Loss: 0.5490)
[=====================================   ]: 2588 (Loss: 0.6832)
[=====================================   ]: 2589 (Loss: 0.6683)
[======================================  ]: 2590 (Loss: 0.6202)
[======================================  ]: 2591 (Loss: 0.6416)
[======================================  ]: 2592 (Loss: 0.6535)
[======================================  ]: 2593 (Loss: 0.6756)
[======================================  ]: 2594 (Loss: 0.6594)
[======================================= ]: 2595 (Loss: 0.6579)
[======================================= ]: 2596 (Loss: 0.6781)
[======================================= ]: 2597 (Loss: 0.6739)
[======================================= ]: 2598 (Loss: 0.6713)
[======================================= ]: 2599 (Loss: 0.6787)
[========================================]: 2600 (Loss: 0.6501)
                                                                                                    
[2026-07-17 08:47:50,103] [INFO] [__main__] Batch 2600 Loss: 0.594835 Cost: 35.02 Time: 83 ms/sequence
[2026-07-17 08:47:50,108] [INFO] [__main__] Advice weight norm: 19.888710 | Advice gradient norm: 0.074392

[                                        ]: 2601 (Loss: 0.5946)
[                                        ]: 2602 (Loss: 0.6666)
[                                        ]: 2603 (Loss: 0.6274)
[                                        ]: 2604 (Loss: 0.6745)
[=                                       ]: 2605 (Loss: 0.6719)
[=                                       ]: 2606 (Loss: 0.5602)
[=                                       ]: 2607 (Loss: 0.6757)
[=                                       ]: 2608 (Loss: 0.0753)
[=                                       ]: 2609 (Loss: 0.5892)
[==                                      ]: 2610 (Loss: 0.6579)
[==                                      ]: 2611 (Loss: 0.5575)
[==                                      ]: 2612 (Loss: 0.6565)
[==                                      ]: 2613 (Loss: 0.6753)
[==                                      ]: 2614 (Loss: 0.6635)
[===                                     ]: 2615 (Loss: 0.6666)
[===                                     ]: 2616 (Loss: 0.6530)
[===                                     ]: 2617 (Loss: 0.6604)
[===                                     ]: 2618 (Loss: 0.5724)
[===                                     ]: 2619 (Loss: 0.6709)
[====                                    ]: 2620 (Loss: 0.5726)
[====                                    ]: 2621 (Loss: 0.6214)
[====                                    ]: 2622 (Loss: 0.6701)
[====                                    ]: 2623 (Loss: 0.6817)
[====                                    ]: 2624 (Loss: 0.6578)
[=====                                   ]: 2625 (Loss: 0.6100)
[=====                                   ]: 2626 (Loss: 0.6758)
[=====                                   ]: 2627 (Loss: 0.6607)
[=====                                   ]: 2628 (Loss: 0.6809)
[=====                                   ]: 2629 (Loss: 0.6622)
[======                                  ]: 2630 (Loss: 0.5167)
[======                                  ]: 2631 (Loss: 0.6476)
[======                                  ]: 2632 (Loss: 0.6686)
[======                                  ]: 2633 (Loss: 0.6763)
[======                                  ]: 2634 (Loss: 0.6452)
[=======                                 ]: 2635 (Loss: 0.6660)
[=======                                 ]: 2636 (Loss: 0.6382)
[=======                                 ]: 2637 (Loss: 0.0878)
[=======                                 ]: 2638 (Loss: 0.5789)
[=======                                 ]: 2639 (Loss: 0.6750)
[========                                ]: 2640 (Loss: 0.6633)
[========                                ]: 2641 (Loss: 0.6525)
[========                                ]: 2642 (Loss: 0.6434)
[========                                ]: 2643 (Loss: 0.6476)
[========                                ]: 2644 (Loss: 0.6111)
[=========                               ]: 2645 (Loss: 0.6018)
[=========                               ]: 2646 (Loss: 0.1555)
[=========                               ]: 2647 (Loss: 0.5874)
[=========                               ]: 2648 (Loss: 0.6742)
[=========                               ]: 2649 (Loss: 0.6197)
[==========                              ]: 2650 (Loss: 0.6807)
[==========                              ]: 2651 (Loss: 0.6521)
[==========                              ]: 2652 (Loss: 0.1276)
[==========                              ]: 2653 (Loss: 0.6640)
[==========                              ]: 2654 (Loss: 0.6226)
[===========                             ]: 2655 (Loss: 0.5220)
[===========                             ]: 2656 (Loss: 0.6670)
[===========                             ]: 2657 (Loss: 0.6176)
[===========                             ]: 2658 (Loss: 0.6680)
[===========                             ]: 2659 (Loss: 0.6121)
[============                            ]: 2660 (Loss: 0.6153)
[============                            ]: 2661 (Loss: 0.6367)
[============                            ]: 2662 (Loss: 0.6316)
[============                            ]: 2663 (Loss: 0.6505)
[============                            ]: 2664 (Loss: 0.6804)
[=============                           ]: 2665 (Loss: 0.6432)
[=============                           ]: 2666 (Loss: 0.6733)
[=============                           ]: 2667 (Loss: 0.6695)
[=============                           ]: 2668 (Loss: 0.0754)
[=============                           ]: 2669 (Loss: 0.6100)
[==============                          ]: 2670 (Loss: 0.6500)
[==============                          ]: 2671 (Loss: 0.6285)
[==============                          ]: 2672 (Loss: 0.6717)
[==============                          ]: 2673 (Loss: 0.6299)
[==============                          ]: 2674 (Loss: 0.6370)
[===============                         ]: 2675 (Loss: 0.6747)
[===============                         ]: 2676 (Loss: 0.6644)
[===============                         ]: 2677 (Loss: 0.3229)
[===============                         ]: 2678 (Loss: 0.6398)
[===============                         ]: 2679 (Loss: 0.6551)
[================                        ]: 2680 (Loss: 0.0911)
[================                        ]: 2681 (Loss: 0.6580)
[================                        ]: 2682 (Loss: 0.6658)
[================                        ]: 2683 (Loss: 0.6737)
[================                        ]: 2684 (Loss: 0.5573)
[=================                       ]: 2685 (Loss: 0.6491)
[=================                       ]: 2686 (Loss: 0.6440)
[=================                       ]: 2687 (Loss: 0.6643)
[=================                       ]: 2688 (Loss: 0.6527)
[=================                       ]: 2689 (Loss: 0.5422)
[==================                      ]: 2690 (Loss: 0.6537)
[==================                      ]: 2691 (Loss: 0.6811)
[==================                      ]: 2692 (Loss: 0.6409)
[==================                      ]: 2693 (Loss: 0.3910)
[==================                      ]: 2694 (Loss: 0.4831)
[===================                     ]: 2695 (Loss: 0.6606)
[===================                     ]: 2696 (Loss: 0.6514)
[===================                     ]: 2697 (Loss: 0.6561)
[===================                     ]: 2698 (Loss: 0.6771)
[===================                     ]: 2699 (Loss: 0.6497)
[====================                    ]: 2700 (Loss: 0.6672)
[====================                    ]: 2701 (Loss: 0.6612)
[====================                    ]: 2702 (Loss: 0.6294)
[====================                    ]: 2703 (Loss: 0.6863)
[====================                    ]: 2704 (Loss: 0.6785)
[=====================                   ]: 2705 (Loss: 0.4995)
[=====================                   ]: 2706 (Loss: 0.5891)
[=====================                   ]: 2707 (Loss: 0.5932)
[=====================                   ]: 2708 (Loss: 0.6638)
[=====================                   ]: 2709 (Loss: 0.5971)
[======================                  ]: 2710 (Loss: 0.6466)
[======================                  ]: 2711 (Loss: 0.6722)
[======================                  ]: 2712 (Loss: 0.6751)
[======================                  ]: 2713 (Loss: 0.6134)
[======================                  ]: 2714 (Loss: 0.6705)
[=======================                 ]: 2715 (Loss: 0.6717)
[=======================                 ]: 2716 (Loss: 0.5840)
[=======================                 ]: 2717 (Loss: 0.6571)
[=======================                 ]: 2718 (Loss: 0.6664)
[=======================                 ]: 2719 (Loss: 0.6264)
[========================                ]: 2720 (Loss: 0.5518)
[========================                ]: 2721 (Loss: 0.6861)
[========================                ]: 2722 (Loss: 0.6293)
[========================                ]: 2723 (Loss: 0.0986)
[========================                ]: 2724 (Loss: 0.6641)
[=========================               ]: 2725 (Loss: 0.6632)
[=========================               ]: 2726 (Loss: 0.6673)
[=========================               ]: 2727 (Loss: 0.6385)
[=========================               ]: 2728 (Loss: 0.3832)
[=========================               ]: 2729 (Loss: 0.6193)
[==========================              ]: 2730 (Loss: 0.6643)
[==========================              ]: 2731 (Loss: 0.6771)
[==========================              ]: 2732 (Loss: 0.5737)
[==========================              ]: 2733 (Loss: 0.6703)
[==========================              ]: 2734 (Loss: 0.6929)
[===========================             ]: 2735 (Loss: 0.6690)
[===========================             ]: 2736 (Loss: 0.6445)
[===========================             ]: 2737 (Loss: 0.5881)
[===========================             ]: 2738 (Loss: 0.3928)
[===========================             ]: 2739 (Loss: 0.4566)
[============================            ]: 2740 (Loss: 0.6882)
[============================            ]: 2741 (Loss: 0.5592)
[============================            ]: 2742 (Loss: 0.6718)
[============================            ]: 2743 (Loss: 0.6587)
[============================            ]: 2744 (Loss: 0.6568)
[=============================           ]: 2745 (Loss: 0.6398)
[=============================           ]: 2746 (Loss: 0.6644)
[=============================           ]: 2747 (Loss: 0.6720)
[=============================           ]: 2748 (Loss: 0.3861)
[=============================           ]: 2749 (Loss: 0.6751)
[==============================          ]: 2750 (Loss: 0.6782)
[==============================          ]: 2751 (Loss: 0.5655)
[==============================          ]: 2752 (Loss: 0.6415)
[==============================          ]: 2753 (Loss: 0.5887)
[==============================          ]: 2754 (Loss: 0.6730)
[===============================         ]: 2755 (Loss: 0.6242)
[===============================         ]: 2756 (Loss: 0.6679)
[===============================         ]: 2757 (Loss: 0.2328)
[===============================         ]: 2758 (Loss: 0.6770)
[===============================         ]: 2759 (Loss: 0.6397)
[================================        ]: 2760 (Loss: 0.6717)
[================================        ]: 2761 (Loss: 0.6640)
[================================        ]: 2762 (Loss: 0.6610)
[================================        ]: 2763 (Loss: 0.6630)
[================================        ]: 2764 (Loss: 0.5880)
[=================================       ]: 2765 (Loss: 0.0982)
[=================================       ]: 2766 (Loss: 0.1242)
[=================================       ]: 2767 (Loss: 0.6626)
[=================================       ]: 2768 (Loss: 0.6890)
[=================================       ]: 2769 (Loss: 0.6674)
[==================================      ]: 2770 (Loss: 0.6295)
[==================================      ]: 2771 (Loss: 0.6646)
[==================================      ]: 2772 (Loss: 0.4940)
[==================================      ]: 2773 (Loss: 0.6637)
[==================================      ]: 2774 (Loss: 0.6754)
[===================================     ]: 2775 (Loss: 0.6782)
[===================================     ]: 2776 (Loss: 0.6632)
[===================================     ]: 2777 (Loss: 0.6894)
[===================================     ]: 2778 (Loss: 0.6677)
[===================================     ]: 2779 (Loss: 0.6416)
[====================================    ]: 2780 (Loss: 0.6858)
[====================================    ]: 2781 (Loss: 0.1519)
[====================================    ]: 2782 (Loss: 0.6299)
[====================================    ]: 2783 (Loss: 0.6634)
[====================================    ]: 2784 (Loss: 0.6791)
[=====================================   ]: 2785 (Loss: 0.6411)
[=====================================   ]: 2786 (Loss: 0.6610)
[=====================================   ]: 2787 (Loss: 0.5450)
[=====================================   ]: 2788 (Loss: 0.6560)
[=====================================   ]: 2789 (Loss: 0.6614)
[======================================  ]: 2790 (Loss: 0.6711)
[======================================  ]: 2791 (Loss: 0.6651)
[======================================  ]: 2792 (Loss: 0.6674)
[======================================  ]: 2793 (Loss: 0.0767)
[======================================  ]: 2794 (Loss: 0.6565)
[======================================= ]: 2795 (Loss: 0.6883)
[======================================= ]: 2796 (Loss: 0.5987)
[======================================= ]: 2797 (Loss: 0.5999)
[======================================= ]: 2798 (Loss: 0.6475)
[======================================= ]: 2799 (Loss: 0.4917)
[========================================]: 2800 (Loss: 0.6507)
                                                                                                    
[2026-07-17 08:48:07,701] [INFO] [__main__] Batch 2800 Loss: 0.602701 Cost: 37.57 Time: 87 ms/sequence
[2026-07-17 08:48:07,706] [INFO] [__main__] Advice weight norm: 20.004803 | Advice gradient norm: 0.061122

[                                        ]: 2801 (Loss: 0.6661)
[                                        ]: 2802 (Loss: 0.5712)
[                                        ]: 2803 (Loss: 0.6553)
[                                        ]: 2804 (Loss: 0.6390)
[=                                       ]: 2805 (Loss: 0.5548)
[=                                       ]: 2806 (Loss: 0.6695)
[=                                       ]: 2807 (Loss: 0.6789)
[=                                       ]: 2808 (Loss: 0.0774)
[=                                       ]: 2809 (Loss: 0.0455)
[==                                      ]: 2810 (Loss: 0.6155)
[==                                      ]: 2811 (Loss: 0.6553)
[==                                      ]: 2812 (Loss: 0.6659)
[==                                      ]: 2813 (Loss: 0.6510)
[==                                      ]: 2814 (Loss: 0.6592)
[===                                     ]: 2815 (Loss: 0.6641)
[===                                     ]: 2816 (Loss: 0.5780)
[===                                     ]: 2817 (Loss: 0.6805)
[===                                     ]: 2818 (Loss: 0.0936)
[===                                     ]: 2819 (Loss: 0.6739)
[====                                    ]: 2820 (Loss: 0.6724)
[====                                    ]: 2821 (Loss: 0.6440)
[====                                    ]: 2822 (Loss: 0.6400)
[====                                    ]: 2823 (Loss: 0.6324)
[====                                    ]: 2824 (Loss: 0.6725)
[=====                                   ]: 2825 (Loss: 0.6698)
[=====                                   ]: 2826 (Loss: 0.6358)
[=====                                   ]: 2827 (Loss: 0.4478)
[=====                                   ]: 2828 (Loss: 0.2723)
[=====                                   ]: 2829 (Loss: 0.4261)
[======                                  ]: 2830 (Loss: 0.6853)
[======                                  ]: 2831 (Loss: 0.6597)
[======                                  ]: 2832 (Loss: 0.6692)
[======                                  ]: 2833 (Loss: 0.5699)
[======                                  ]: 2834 (Loss: 0.6692)
[=======                                 ]: 2835 (Loss: 0.6421)
[=======                                 ]: 2836 (Loss: 0.6757)
[=======                                 ]: 2837 (Loss: 0.6340)
[=======                                 ]: 2838 (Loss: 0.6485)
[=======                                 ]: 2839 (Loss: 0.6375)
[========                                ]: 2840 (Loss: 0.0502)
[========                                ]: 2841 (Loss: 0.2830)
[========                                ]: 2842 (Loss: 0.6583)
[========                                ]: 2843 (Loss: 0.6401)
[========                                ]: 2844 (Loss: 0.6164)
[=========                               ]: 2845 (Loss: 0.6875)
[=========                               ]: 2846 (Loss: 0.6778)
[=========                               ]: 2847 (Loss: 0.6954)
[=========                               ]: 2848 (Loss: 0.4123)
[=========                               ]: 2849 (Loss: 0.6024)
[==========                              ]: 2850 (Loss: 0.6846)
[==========                              ]: 2851 (Loss: 0.6645)
[==========                              ]: 2852 (Loss: 0.4665)
[==========                              ]: 2853 (Loss: 0.6579)
[==========                              ]: 2854 (Loss: 0.5043)
[===========                             ]: 2855 (Loss: 0.5453)
[===========                             ]: 2856 (Loss: 0.6630)
[===========                             ]: 2857 (Loss: 0.6396)
[===========                             ]: 2858 (Loss: 0.6731)
[===========                             ]: 2859 (Loss: 0.7015)
[============                            ]: 2860 (Loss: 0.6323)
[============                            ]: 2861 (Loss: 0.5647)
[============                            ]: 2862 (Loss: 0.6560)
[============                            ]: 2863 (Loss: 0.6409)
[============                            ]: 2864 (Loss: 0.5300)
[=============                           ]: 2865 (Loss: 0.4341)
[=============                           ]: 2866 (Loss: 0.6527)
[=============                           ]: 2867 (Loss: 0.6711)
[=============                           ]: 2868 (Loss: 0.5507)
[=============                           ]: 2869 (Loss: 0.2070)
[==============                          ]: 2870 (Loss: 0.6302)
[==============                          ]: 2871 (Loss: 0.4859)
[==============                          ]: 2872 (Loss: 0.6956)
[==============                          ]: 2873 (Loss: 0.6800)
[==============                          ]: 2874 (Loss: 0.6535)
[===============                         ]: 2875 (Loss: 0.7342)
[===============                         ]: 2876 (Loss: 0.5363)
[===============                         ]: 2877 (Loss: 0.6780)
[===============                         ]: 2878 (Loss: 0.6295)
[===============                         ]: 2879 (Loss: 0.6347)
[================                        ]: 2880 (Loss: 0.6514)
[================                        ]: 2881 (Loss: 0.4481)
[================                        ]: 2882 (Loss: 0.0618)
[================                        ]: 2883 (Loss: 0.6573)
[================                        ]: 2884 (Loss: 0.6741)
[=================                       ]: 2885 (Loss: 0.6247)
[=================                       ]: 2886 (Loss: 0.5816)
[=================                       ]: 2887 (Loss: 0.1078)
[=================                       ]: 2888 (Loss: 0.7057)
[=================                       ]: 2889 (Loss: 0.5245)
[==================                      ]: 2890 (Loss: 0.6465)
[==================                      ]: 2891 (Loss: 0.6481)
[==================                      ]: 2892 (Loss: 0.6287)
[==================                      ]: 2893 (Loss: 0.4173)
[==================                      ]: 2894 (Loss: 0.6644)
[===================                     ]: 2895 (Loss: 0.6655)
[===================                     ]: 2896 (Loss: 0.6359)
[===================                     ]: 2897 (Loss: 0.6642)
[===================                     ]: 2898 (Loss: 0.5366)
[===================                     ]: 2899 (Loss: 0.6518)
[====================                    ]: 2900 (Loss: 0.4143)
[====================                    ]: 2901 (Loss: 0.4875)
[====================                    ]: 2902 (Loss: 0.6682)
[====================                    ]: 2903 (Loss: 0.6851)
[====================                    ]: 2904 (Loss: 0.6616)
[=====================                   ]: 2905 (Loss: 0.4523)
[=====================                   ]: 2906 (Loss: 0.6716)
[=====================                   ]: 2907 (Loss: 0.5938)
[=====================                   ]: 2908 (Loss: 0.6836)
[=====================                   ]: 2909 (Loss: 0.2335)
[======================                  ]: 2910 (Loss: 0.6800)
[======================                  ]: 2911 (Loss: 0.6560)
[======================                  ]: 2912 (Loss: 0.5911)
[======================                  ]: 2913 (Loss: 0.6021)
[======================                  ]: 2914 (Loss: 0.5914)
[=======================                 ]: 2915 (Loss: 0.6509)
[=======================                 ]: 2916 (Loss: 0.4452)
[=======================                 ]: 2917 (Loss: 0.6623)
[=======================                 ]: 2918 (Loss: 0.4841)
[=======================                 ]: 2919 (Loss: 0.6587)
[========================                ]: 2920 (Loss: 0.5829)
[========================                ]: 2921 (Loss: 0.5412)
[========================                ]: 2922 (Loss: 0.6645)
[========================                ]: 2923 (Loss: 0.6481)
[========================                ]: 2924 (Loss: 0.6630)
[=========================               ]: 2925 (Loss: 0.6772)
[=========================               ]: 2926 (Loss: 0.6730)
[=========================               ]: 2927 (Loss: 0.6668)
[=========================               ]: 2928 (Loss: 0.6422)
[=========================               ]: 2929 (Loss: 0.6527)
[==========================              ]: 2930 (Loss: 0.0918)
[==========================              ]: 2931 (Loss: 0.6455)
[==========================              ]: 2932 (Loss: 0.6646)
[==========================              ]: 2933 (Loss: 0.5518)
[==========================              ]: 2934 (Loss: 0.6309)
[===========================             ]: 2935 (Loss: 0.3924)
[===========================             ]: 2936 (Loss: 0.4708)
[===========================             ]: 2937 (Loss: 0.4477)
[===========================             ]: 2938 (Loss: 0.6707)
[===========================             ]: 2939 (Loss: 0.5812)
[============================            ]: 2940 (Loss: 0.4907)
[============================            ]: 2941 (Loss: 0.6442)
[============================            ]: 2942 (Loss: 0.5294)
[============================            ]: 2943 (Loss: 0.6389)
[============================            ]: 2944 (Loss: 0.6788)
[=============================           ]: 2945 (Loss: 0.6469)
[=============================           ]: 2946 (Loss: 0.6933)
[=============================           ]: 2947 (Loss: 0.5642)
[=============================           ]: 2948 (Loss: 0.5806)
[=============================           ]: 2949 (Loss: 0.5887)
[==============================          ]: 2950 (Loss: 0.6022)
[==============================          ]: 2951 (Loss: 0.1077)
[==============================          ]: 2952 (Loss: 0.6664)
[==============================          ]: 2953 (Loss: 0.6221)
[==============================          ]: 2954 (Loss: 0.5032)
[===============================         ]: 2955 (Loss: 0.6715)
[===============================         ]: 2956 (Loss: 0.6582)
[===============================         ]: 2957 (Loss: 0.6225)
[===============================         ]: 2958 (Loss: 0.6410)
[===============================         ]: 2959 (Loss: 0.4294)
[================================        ]: 2960 (Loss: 0.6835)
[================================        ]: 2961 (Loss: 0.6707)
[================================        ]: 2962 (Loss: 0.6163)
[================================        ]: 2963 (Loss: 0.6254)
[================================        ]: 2964 (Loss: 0.5462)
[=================================       ]: 2965 (Loss: 0.6587)
[=================================       ]: 2966 (Loss: 0.6315)
[=================================       ]: 2967 (Loss: 0.6728)
[=================================       ]: 2968 (Loss: 0.3844)
[=================================       ]: 2969 (Loss: 0.6247)
[==================================      ]: 2970 (Loss: 0.5857)
[==================================      ]: 2971 (Loss: 0.6210)
[==================================      ]: 2972 (Loss: 0.6213)
[==================================      ]: 2973 (Loss: 0.6638)
[==================================      ]: 2974 (Loss: 0.6282)
[===================================     ]: 2975 (Loss: 0.6711)
[===================================     ]: 2976 (Loss: 0.5368)
[===================================     ]: 2977 (Loss: 0.6564)
[===================================     ]: 2978 (Loss: 0.4286)
[===================================     ]: 2979 (Loss: 0.6171)
[====================================    ]: 2980 (Loss: 0.6692)
[====================================    ]: 2981 (Loss: 0.6474)
[====================================    ]: 2982 (Loss: 0.6629)
[====================================    ]: 2983 (Loss: 0.6507)
[====================================    ]: 2984 (Loss: 0.6296)
[=====================================   ]: 2985 (Loss: 0.6284)
[=====================================   ]: 2986 (Loss: 0.6395)
[=====================================   ]: 2987 (Loss: 0.5060)
[=====================================   ]: 2988 (Loss: 0.6719)
[=====================================   ]: 2989 (Loss: 0.6347)
[======================================  ]: 2990 (Loss: 0.6099)
[======================================  ]: 2991 (Loss: 0.5680)
[======================================  ]: 2992 (Loss: 0.3952)
[======================================  ]: 2993 (Loss: 0.5974)
[======================================  ]: 2994 (Loss: 0.6507)
[======================================= ]: 2995 (Loss: 0.4858)
[======================================= ]: 2996 (Loss: 0.6873)
[======================================= ]: 2997 (Loss: 0.6542)
[======================================= ]: 2998 (Loss: 0.6488)
[======================================= ]: 2999 (Loss: 0.5686)
[========================================]: 3000 (Loss: 0.6524)
                                                                                                    
[2026-07-17 08:48:24,258] [INFO] [__main__] Batch 3000 Loss: 0.585150 Cost: 34.13 Time: 82 ms/sequence
[2026-07-17 08:48:24,262] [INFO] [__main__] Advice weight norm: 20.093508 | Advice gradient norm: 0.044600

[                                        ]: 3001 (Loss: 0.6396)
[                                        ]: 3002 (Loss: 0.6662)
[                                        ]: 3003 (Loss: 0.0430)
[                                        ]: 3004 (Loss: 0.6275)
[=                                       ]: 3005 (Loss: 0.6216)
[=                                       ]: 3006 (Loss: 0.5847)
[=                                       ]: 3007 (Loss: 0.6322)
[=                                       ]: 3008 (Loss: 0.5297)
[=                                       ]: 3009 (Loss: 0.6524)
[==                                      ]: 3010 (Loss: 0.5000)
[==                                      ]: 3011 (Loss: 0.6031)
[==                                      ]: 3012 (Loss: 0.6602)
[==                                      ]: 3013 (Loss: 0.6549)
[==                                      ]: 3014 (Loss: 0.6503)
[===                                     ]: 3015 (Loss: 0.6571)
[===                                     ]: 3016 (Loss: 0.5515)
[===                                     ]: 3017 (Loss: 0.6634)
[===                                     ]: 3018 (Loss: 0.5188)
[===                                     ]: 3019 (Loss: 0.6796)
[====                                    ]: 3020 (Loss: 0.6344)
[====                                    ]: 3021 (Loss: 0.5798)
[====                                    ]: 3022 (Loss: 0.6134)
[====                                    ]: 3023 (Loss: 0.6602)
[====                                    ]: 3024 (Loss: 0.6128)
[=====                                   ]: 3025 (Loss: 0.6192)
[=====                                   ]: 3026 (Loss: 0.6627)
[=====                                   ]: 3027 (Loss: 0.6525)
[=====                                   ]: 3028 (Loss: 0.3723)
[=====                                   ]: 3029 (Loss: 0.6679)
[======                                  ]: 3030 (Loss: 0.6195)
[======                                  ]: 3031 (Loss: 0.6251)
[======                                  ]: 3032 (Loss: 0.1241)
[======                                  ]: 3033 (Loss: 0.5836)
[======                                  ]: 3034 (Loss: 0.6755)
[=======                                 ]: 3035 (Loss: 0.3887)
[=======                                 ]: 3036 (Loss: 0.6349)
[=======                                 ]: 3037 (Loss: 0.6514)
[=======                                 ]: 3038 (Loss: 0.0752)
[=======                                 ]: 3039 (Loss: 0.4766)
[========                                ]: 3040 (Loss: 0.6507)
[========                                ]: 3041 (Loss: 0.6606)
[========                                ]: 3042 (Loss: 0.3061)
[========                                ]: 3043 (Loss: 0.6670)
[========                                ]: 3044 (Loss: 0.6593)
[=========                               ]: 3045 (Loss: 0.6522)
[=========                               ]: 3046 (Loss: 0.6562)
[=========                               ]: 3047 (Loss: 0.6027)
[=========                               ]: 3048 (Loss: 0.6630)
[=========                               ]: 3049 (Loss: 0.6519)
[==========                              ]: 3050 (Loss: 0.4070)
[==========                              ]: 3051 (Loss: 0.6217)
[==========                              ]: 3052 (Loss: 0.6194)
[==========                              ]: 3053 (Loss: 0.6465)
[==========                              ]: 3054 (Loss: 0.4895)
[===========                             ]: 3055 (Loss: 0.5383)
[===========                             ]: 3056 (Loss: 0.2839)
[===========                             ]: 3057 (Loss: 0.6252)
[===========                             ]: 3058 (Loss: 0.6145)
[===========                             ]: 3059 (Loss: 0.6963)
[============                            ]: 3060 (Loss: 0.6634)
[============                            ]: 3061 (Loss: 0.2993)
[============                            ]: 3062 (Loss: 0.6269)
[============                            ]: 3063 (Loss: 0.6960)
[============                            ]: 3064 (Loss: 0.6317)
[=============                           ]: 3065 (Loss: 0.6948)
[=============                           ]: 3066 (Loss: 0.4720)
[=============                           ]: 3067 (Loss: 0.6174)
[=============                           ]: 3068 (Loss: 0.6888)
[=============                           ]: 3069 (Loss: 0.6602)
[==============                          ]: 3070 (Loss: 0.6535)
[==============                          ]: 3071 (Loss: 0.6335)
[==============                          ]: 3072 (Loss: 0.6909)
[==============                          ]: 3073 (Loss: 0.6179)
[==============                          ]: 3074 (Loss: 0.0667)
[===============                         ]: 3075 (Loss: 0.5935)
[===============                         ]: 3076 (Loss: 0.6080)
[===============                         ]: 3077 (Loss: 0.6399)
[===============                         ]: 3078 (Loss: 0.6747)
[===============                         ]: 3079 (Loss: 0.5967)
[================                        ]: 3080 (Loss: 0.5955)
[================                        ]: 3081 (Loss: 0.6638)
[================                        ]: 3082 (Loss: 0.6712)
[================                        ]: 3083 (Loss: 0.6862)
[================                        ]: 3084 (Loss: 0.6616)
[=================                       ]: 3085 (Loss: 0.0501)
[=================                       ]: 3086 (Loss: 0.6562)
[=================                       ]: 3087 (Loss: 0.6782)
[=================                       ]: 3088 (Loss: 0.6632)
[=================                       ]: 3089 (Loss: 0.6358)
[==================                      ]: 3090 (Loss: 0.6685)
[==================                      ]: 3091 (Loss: 0.6424)
[==================                      ]: 3092 (Loss: 0.6638)
[==================                      ]: 3093 (Loss: 0.5225)
[==================                      ]: 3094 (Loss: 0.6440)
[===================                     ]: 3095 (Loss: 0.5502)
[===================                     ]: 3096 (Loss: 0.6368)
[===================                     ]: 3097 (Loss: 0.5701)
[===================                     ]: 3098 (Loss: 0.0332)
[===================                     ]: 3099 (Loss: 0.6413)
[====================                    ]: 3100 (Loss: 0.6402)
[====================                    ]: 3101 (Loss: 0.6632)
[====================                    ]: 3102 (Loss: 0.6638)
[====================                    ]: 3103 (Loss: 0.5730)
[====================                    ]: 3104 (Loss: 0.6633)
[=====================                   ]: 3105 (Loss: 0.6640)
[=====================                   ]: 3106 (Loss: 0.5243)
[=====================                   ]: 3107 (Loss: 0.6568)
[=====================                   ]: 3108 (Loss: 0.5648)
[=====================                   ]: 3109 (Loss: 0.5949)
[======================                  ]: 3110 (Loss: 0.0638)
[======================                  ]: 3111 (Loss: 0.2094)
[======================                  ]: 3112 (Loss: 0.6468)
[======================                  ]: 3113 (Loss: 0.6551)
[======================                  ]: 3114 (Loss: 0.6554)
[=======================                 ]: 3115 (Loss: 0.6085)
[=======================                 ]: 3116 (Loss: 0.6695)
[=======================                 ]: 3117 (Loss: 0.4341)
[=======================                 ]: 3118 (Loss: 0.5185)
[=======================                 ]: 3119 (Loss: 0.6514)
[========================                ]: 3120 (Loss: 0.6072)
[========================                ]: 3121 (Loss: 0.6727)
[========================                ]: 3122 (Loss: 0.6710)
[========================                ]: 3123 (Loss: 0.2239)
[========================                ]: 3124 (Loss: 0.6519)
[=========================               ]: 3125 (Loss: 0.6314)
[=========================               ]: 3126 (Loss: 0.6829)
[=========================               ]: 3127 (Loss: 0.6373)
[=========================               ]: 3128 (Loss: 0.4903)
[=========================               ]: 3129 (Loss: 0.6537)
[==========================              ]: 3130 (Loss: 0.6394)
[==========================              ]: 3131 (Loss: 0.6578)
[==========================              ]: 3132 (Loss: 0.5931)
[==========================              ]: 3133 (Loss: 0.6381)
[==========================              ]: 3134 (Loss: 0.6463)
[===========================             ]: 3135 (Loss: 0.3354)
[===========================             ]: 3136 (Loss: 0.6367)
[===========================             ]: 3137 (Loss: 0.6415)
[===========================             ]: 3138 (Loss: 0.5084)
[===========================             ]: 3139 (Loss: 0.2479)
[============================            ]: 3140 (Loss: 0.0471)
[============================            ]: 3141 (Loss: 0.6823)
[============================            ]: 3142 (Loss: 0.4921)
[============================            ]: 3143 (Loss: 0.6051)
[============================            ]: 3144 (Loss: 0.4697)
[=============================           ]: 3145 (Loss: 0.5605)
[=============================           ]: 3146 (Loss: 0.6904)
[=============================           ]: 3147 (Loss: 0.6566)
[=============================           ]: 3148 (Loss: 0.2445)
[=============================           ]: 3149 (Loss: 0.6700)
[==============================          ]: 3150 (Loss: 0.6074)
[==============================          ]: 3151 (Loss: 0.6070)
[==============================          ]: 3152 (Loss: 0.6345)
[==============================          ]: 3153 (Loss: 0.6561)
[==============================          ]: 3154 (Loss: 0.3486)
[===============================         ]: 3155 (Loss: 0.6597)
[===============================         ]: 3156 (Loss: 0.6062)
[===============================         ]: 3157 (Loss: 0.6758)
[===============================         ]: 3158 (Loss: 0.0406)
[===============================         ]: 3159 (Loss: 0.6376)
[================================        ]: 3160 (Loss: 0.6552)
[================================        ]: 3161 (Loss: 0.6724)
[================================        ]: 3162 (Loss: 0.6563)
[================================        ]: 3163 (Loss: 0.5005)
[================================        ]: 3164 (Loss: 0.5075)
[=================================       ]: 3165 (Loss: 0.5148)
[=================================       ]: 3166 (Loss: 0.6776)
[=================================       ]: 3167 (Loss: 0.6612)
[=================================       ]: 3168 (Loss: 0.5889)
[=================================       ]: 3169 (Loss: 0.4441)
[==================================      ]: 3170 (Loss: 0.6687)
[==================================      ]: 3171 (Loss: 0.6176)
[==================================      ]: 3172 (Loss: 0.6926)
[==================================      ]: 3173 (Loss: 0.6798)
[==================================      ]: 3174 (Loss: 0.6719)
[===================================     ]: 3175 (Loss: 0.6485)
[===================================     ]: 3176 (Loss: 0.5755)
[===================================     ]: 3177 (Loss: 0.6234)
[===================================     ]: 3178 (Loss: 0.6221)
[===================================     ]: 3179 (Loss: 0.5967)
[====================================    ]: 3180 (Loss: 0.6815)
[====================================    ]: 3181 (Loss: 0.6668)
[====================================    ]: 3182 (Loss: 0.6073)
[====================================    ]: 3183 (Loss: 0.6370)
[====================================    ]: 3184 (Loss: 0.6589)
[=====================================   ]: 3185 (Loss: 0.6431)
[=====================================   ]: 3186 (Loss: 0.6408)
[=====================================   ]: 3187 (Loss: 0.5826)
[=====================================   ]: 3188 (Loss: 0.6686)
[=====================================   ]: 3189 (Loss: 0.6447)
[======================================  ]: 3190 (Loss: 0.6426)
[======================================  ]: 3191 (Loss: 0.6347)
[======================================  ]: 3192 (Loss: 0.6736)
[======================================  ]: 3193 (Loss: 0.6377)
[======================================  ]: 3194 (Loss: 0.6627)
[======================================= ]: 3195 (Loss: 0.6365)
[======================================= ]: 3196 (Loss: 0.4674)
[======================================= ]: 3197 (Loss: 0.6153)
[======================================= ]: 3198 (Loss: 0.6607)
[======================================= ]: 3199 (Loss: 0.6258)
[========================================]: 3200 (Loss: 0.6539)
                                                                                                    
[2026-07-17 08:48:41,544] [INFO] [__main__] Batch 3200 Loss: 0.580677 Cost: 34.85 Time: 86 ms/sequence
[2026-07-17 08:48:41,550] [INFO] [__main__] Advice weight norm: 20.172701 | Advice gradient norm: 0.098457

[                                        ]: 3201 (Loss: 0.6208)
[                                        ]: 3202 (Loss: 0.6717)
[                                        ]: 3203 (Loss: 0.6715)
[                                        ]: 3204 (Loss: 0.6642)
[=                                       ]: 3205 (Loss: 0.6661)
[=                                       ]: 3206 (Loss: 0.6911)
[=                                       ]: 3207 (Loss: 0.6333)
[=                                       ]: 3208 (Loss: 0.6189)
[=                                       ]: 3209 (Loss: 0.1204)
[==                                      ]: 3210 (Loss: 0.6192)
[==                                      ]: 3211 (Loss: 0.5425)
[==                                      ]: 3212 (Loss: 0.1029)
[==                                      ]: 3213 (Loss: 0.6167)
[==                                      ]: 3214 (Loss: 0.5634)
[===                                     ]: 3215 (Loss: 0.6460)
[===                                     ]: 3216 (Loss: 0.6661)
[===                                     ]: 3217 (Loss: 0.3240)
[===                                     ]: 3218 (Loss: 0.6366)
[===                                     ]: 3219 (Loss: 0.5348)
[====                                    ]: 3220 (Loss: 0.6744)
[====                                    ]: 3221 (Loss: 0.4229)
[====                                    ]: 3222 (Loss: 0.5846)
[====                                    ]: 3223 (Loss: 0.5543)
[====                                    ]: 3224 (Loss: 0.6101)
[=====                                   ]: 3225 (Loss: 0.2685)
[=====                                   ]: 3226 (Loss: 0.6500)
[=====                                   ]: 3227 (Loss: 0.6488)
[=====                                   ]: 3228 (Loss: 0.5851)
[=====                                   ]: 3229 (Loss: 0.6431)
[======                                  ]: 3230 (Loss: 0.6699)
[======                                  ]: 3231 (Loss: 0.5306)
[======                                  ]: 3232 (Loss: 0.5793)
[======                                  ]: 3233 (Loss: 0.6523)
[======                                  ]: 3234 (Loss: 0.4892)
[=======                                 ]: 3235 (Loss: 0.6375)
[=======                                 ]: 3236 (Loss: 0.6193)
[=======                                 ]: 3237 (Loss: 0.5611)
[=======                                 ]: 3238 (Loss: 0.6530)
[=======                                 ]: 3239 (Loss: 0.6398)
[========                                ]: 3240 (Loss: 0.6234)
[========                                ]: 3241 (Loss: 0.6322)
[========                                ]: 3242 (Loss: 0.6500)
[========                                ]: 3243 (Loss: 0.6251)
[========                                ]: 3244 (Loss: 0.5864)
[=========                               ]: 3245 (Loss: 0.6567)
[=========                               ]: 3246 (Loss: 0.5886)
[=========                               ]: 3247 (Loss: 0.6334)
[=========                               ]: 3248 (Loss: 0.6201)
[=========                               ]: 3249 (Loss: 0.5924)
[==========                              ]: 3250 (Loss: 0.6261)
[==========                              ]: 3251 (Loss: 0.6136)
[==========                              ]: 3252 (Loss: 0.6252)
[==========                              ]: 3253 (Loss: 0.5197)
[==========                              ]: 3254 (Loss: 0.1924)
[===========                             ]: 3255 (Loss: 0.6441)
[===========                             ]: 3256 (Loss: 0.6529)
[===========                             ]: 3257 (Loss: 0.0526)
[===========                             ]: 3258 (Loss: 0.6376)
[===========                             ]: 3259 (Loss: 0.6541)
[============                            ]: 3260 (Loss: 0.6219)
[============                            ]: 3261 (Loss: 0.5549)
[============                            ]: 3262 (Loss: 0.6173)
[============                            ]: 3263 (Loss: 0.4883)
[============                            ]: 3264 (Loss: 0.4895)
[=============                           ]: 3265 (Loss: 0.5630)
[=============                           ]: 3266 (Loss: 0.6104)
[=============                           ]: 3267 (Loss: 0.6444)
[=============                           ]: 3268 (Loss: 0.3808)
[=============                           ]: 3269 (Loss: 0.5248)
[==============                          ]: 3270 (Loss: 0.0534)
[==============                          ]: 3271 (Loss: 0.0622)
[==============                          ]: 3272 (Loss: 0.5369)
[==============                          ]: 3273 (Loss: 0.5082)
[==============                          ]: 3274 (Loss: 0.0432)
[===============                         ]: 3275 (Loss: 0.3495)
[===============                         ]: 3276 (Loss: 0.6077)
[===============                         ]: 3277 (Loss: 0.6641)
[===============                         ]: 3278 (Loss: 0.5631)
[===============                         ]: 3279 (Loss: 0.6019)
[================                        ]: 3280 (Loss: 0.5506)
[================                        ]: 3281 (Loss: 0.6121)
[================                        ]: 3282 (Loss: 0.5741)
[================                        ]: 3283 (Loss: 0.6152)
[================                        ]: 3284 (Loss: 0.6214)
[=================                       ]: 3285 (Loss: 0.5660)
[=================                       ]: 3286 (Loss: 0.6719)
[=================                       ]: 3287 (Loss: 0.4935)
[=================                       ]: 3288 (Loss: 0.6086)
[=================                       ]: 3289 (Loss: 0.5489)
[==================                      ]: 3290 (Loss: 0.6203)
[==================                      ]: 3291 (Loss: 0.6502)
[==================                      ]: 3292 (Loss: 0.6434)
[==================                      ]: 3293 (Loss: 0.5817)
[==================                      ]: 3294 (Loss: 0.5540)
[===================                     ]: 3295 (Loss: 0.6191)
[===================                     ]: 3296 (Loss: 0.5879)
[===================                     ]: 3297 (Loss: 0.5933)
[===================                     ]: 3298 (Loss: 0.5905)
[===================                     ]: 3299 (Loss: 0.5902)
[====================                    ]: 3300 (Loss: 0.3411)
[====================                    ]: 3301 (Loss: 0.5252)
[====================                    ]: 3302 (Loss: 0.5366)
[====================                    ]: 3303 (Loss: 0.5172)
[====================                    ]: 3304 (Loss: 0.0503)
[=====================                   ]: 3305 (Loss: 0.6239)
[=====================                   ]: 3306 (Loss: 0.6384)
[=====================                   ]: 3307 (Loss: 0.5528)
[=====================                   ]: 3308 (Loss: 0.5171)
[=====================                   ]: 3309 (Loss: 0.6129)
[======================                  ]: 3310 (Loss: 0.0711)
[======================                  ]: 3311 (Loss: 0.6308)
[======================                  ]: 3312 (Loss: 0.5872)
[======================                  ]: 3313 (Loss: 0.0506)
[======================                  ]: 3314 (Loss: 0.5233)
[=======================                 ]: 3315 (Loss: 0.3899)
[=======================                 ]: 3316 (Loss: 0.6143)
[=======================                 ]: 3317 (Loss: 0.6148)
[=======================                 ]: 3318 (Loss: 0.5603)
[=======================                 ]: 3319 (Loss: 0.6098)
[========================                ]: 3320 (Loss: 0.5612)
[========================                ]: 3321 (Loss: 0.5865)
[========================                ]: 3322 (Loss: 0.3023)
[========================                ]: 3323 (Loss: 0.5571)
[========================                ]: 3324 (Loss: 0.5557)
[=========================               ]: 3325 (Loss: 0.5520)
[=========================               ]: 3326 (Loss: 0.5547)
[=========================               ]: 3327 (Loss: 0.6363)
[=========================               ]: 3328 (Loss: 0.5906)
[=========================               ]: 3329 (Loss: 0.4899)
[==========================              ]: 3330 (Loss: 0.5709)
[==========================              ]: 3331 (Loss: 0.5645)
[==========================              ]: 3332 (Loss: 0.6510)
[==========================              ]: 3333 (Loss: 0.5622)
[==========================              ]: 3334 (Loss: 0.4868)
[===========================             ]: 3335 (Loss: 0.4236)
[===========================             ]: 3336 (Loss: 0.5729)
[===========================             ]: 3337 (Loss: 0.5763)
[===========================             ]: 3338 (Loss: 0.4878)
[===========================             ]: 3339 (Loss: 0.6063)
[============================            ]: 3340 (Loss: 0.4213)
[============================            ]: 3341 (Loss: 0.5699)
[============================            ]: 3342 (Loss: 0.4543)
[============================            ]: 3343 (Loss: 0.5689)
[============================            ]: 3344 (Loss: 0.5672)
[=============================           ]: 3345 (Loss: 0.4940)
[=============================           ]: 3346 (Loss: 0.0441)
[=============================           ]: 3347 (Loss: 0.5162)
[=============================           ]: 3348 (Loss: 0.5524)
[=============================           ]: 3349 (Loss: 0.5955)
[==============================          ]: 3350 (Loss: 0.5861)
[==============================          ]: 3351 (Loss: 0.6014)
[==============================          ]: 3352 (Loss: 0.5727)
[==============================          ]: 3353 (Loss: 0.5372)
[==============================          ]: 3354 (Loss: 0.6150)
[===============================         ]: 3355 (Loss: 0.6277)
[===============================         ]: 3356 (Loss: 0.5066)
[===============================         ]: 3357 (Loss: 0.2683)
[===============================         ]: 3358 (Loss: 0.5848)
[===============================         ]: 3359 (Loss: 0.5222)
[================================        ]: 3360 (Loss: 0.5409)
[================================        ]: 3361 (Loss: 0.5515)
[================================        ]: 3362 (Loss: 0.5595)
[================================        ]: 3363 (Loss: 0.5742)
[================================        ]: 3364 (Loss: 0.4122)
[=================================       ]: 3365 (Loss: 0.5385)
[=================================       ]: 3366 (Loss: 0.5589)
[=================================       ]: 3367 (Loss: 0.0537)
[=================================       ]: 3368 (Loss: 0.5291)
[=================================       ]: 3369 (Loss: 0.5615)
[==================================      ]: 3370 (Loss: 0.5565)
[==================================      ]: 3371 (Loss: 0.5244)
[==================================      ]: 3372 (Loss: 0.4479)
[==================================      ]: 3373 (Loss: 0.3771)
[==================================      ]: 3374 (Loss: 0.5792)
[===================================     ]: 3375 (Loss: 0.5399)
[===================================     ]: 3376 (Loss: 0.5305)
[===================================     ]: 3377 (Loss: 0.5045)
[===================================     ]: 3378 (Loss: 0.4976)
[===================================     ]: 3379 (Loss: 0.5685)
[====================================    ]: 3380 (Loss: 0.5863)
[====================================    ]: 3381 (Loss: 0.5284)
[====================================    ]: 3382 (Loss: 0.5610)
[====================================    ]: 3383 (Loss: 0.3941)
[====================================    ]: 3384 (Loss: 0.5338)
[=====================================   ]: 3385 (Loss: 0.5387)
[=====================================   ]: 3386 (Loss: 0.5385)
[=====================================   ]: 3387 (Loss: 0.5434)
[=====================================   ]: 3388 (Loss: 0.4749)
[=====================================   ]: 3389 (Loss: 0.4974)
[======================================  ]: 3390 (Loss: 0.4512)
[======================================  ]: 3391 (Loss: 0.5627)
[======================================  ]: 3392 (Loss: 0.5184)
[======================================  ]: 3393 (Loss: 0.5443)
[======================================  ]: 3394 (Loss: 0.4942)
[======================================= ]: 3395 (Loss: 0.5145)
[======================================= ]: 3396 (Loss: 0.5260)
[======================================= ]: 3397 (Loss: 0.5384)
[======================================= ]: 3398 (Loss: 0.5610)
[======================================= ]: 3399 (Loss: 0.5373)
[========================================]: 3400 (Loss: 0.5655)
                                                                                                    
[2026-07-17 08:48:58,122] [INFO] [__main__] Batch 3400 Loss: 0.533837 Cost: 26.55 Time: 82 ms/sequence
[2026-07-17 08:48:58,128] [INFO] [__main__] Advice weight norm: 20.247734 | Advice gradient norm: 0.359283

[                                        ]: 3401 (Loss: 0.0679)
[                                        ]: 3402 (Loss: 0.0404)
[                                        ]: 3403 (Loss: 0.5422)
[                                        ]: 3404 (Loss: 0.5135)
[=                                       ]: 3405 (Loss: 0.5318)
[=                                       ]: 3406 (Loss: 0.5268)
[=                                       ]: 3407 (Loss: 0.5205)
[=                                       ]: 3408 (Loss: 0.0450)
[=                                       ]: 3409 (Loss: 0.3756)
[==                                      ]: 3410 (Loss: 0.4844)
[==                                      ]: 3411 (Loss: 0.5496)
[==                                      ]: 3412 (Loss: 0.5246)
[==                                      ]: 3413 (Loss: 0.4766)
[==                                      ]: 3414 (Loss: 0.4586)
[===                                     ]: 3415 (Loss: 0.3434)
[===                                     ]: 3416 (Loss: 0.5005)
[===                                     ]: 3417 (Loss: 0.3374)
[===                                     ]: 3418 (Loss: 0.5073)
[===                                     ]: 3419 (Loss: 0.4906)
[====                                    ]: 3420 (Loss: 0.0432)
[====                                    ]: 3421 (Loss: 0.5400)
[====                                    ]: 3422 (Loss: 0.4943)
[====                                    ]: 3423 (Loss: 0.4482)
[====                                    ]: 3424 (Loss: 0.4975)
[=====                                   ]: 3425 (Loss: 0.4637)
[=====                                   ]: 3426 (Loss: 0.4502)
[=====                                   ]: 3427 (Loss: 0.4004)
[=====                                   ]: 3428 (Loss: 0.5040)
[=====                                   ]: 3429 (Loss: 0.5407)
[======                                  ]: 3430 (Loss: 0.5294)
[======                                  ]: 3431 (Loss: 0.5068)
[======                                  ]: 3432 (Loss: 0.6016)
[======                                  ]: 3433 (Loss: 0.2322)
[======                                  ]: 3434 (Loss: 0.5270)
[=======                                 ]: 3435 (Loss: 0.5158)
[=======                                 ]: 3436 (Loss: 0.5271)
[=======                                 ]: 3437 (Loss: 0.5243)
[=======                                 ]: 3438 (Loss: 0.5262)
[=======                                 ]: 3439 (Loss: 0.4823)
[========                                ]: 3440 (Loss: 0.4922)
[========                                ]: 3441 (Loss: 0.5138)
[========                                ]: 3442 (Loss: 0.4433)
[========                                ]: 3443 (Loss: 0.2668)
[========                                ]: 3444 (Loss: 0.5712)
[=========                               ]: 3445 (Loss: 0.2262)
[=========                               ]: 3446 (Loss: 0.1981)
[=========                               ]: 3447 (Loss: 0.4888)
[=========                               ]: 3448 (Loss: 0.2975)
[=========                               ]: 3449 (Loss: 0.4944)
[==========                              ]: 3450 (Loss: 0.5102)
[==========                              ]: 3451 (Loss: 0.5264)
[==========                              ]: 3452 (Loss: 0.4882)
[==========                              ]: 3453 (Loss: 0.5836)
[==========                              ]: 3454 (Loss: 0.6260)
[===========                             ]: 3455 (Loss: 0.5004)
[===========                             ]: 3456 (Loss: 0.6079)
[===========                             ]: 3457 (Loss: 0.5612)
[===========                             ]: 3458 (Loss: 0.3667)
[===========                             ]: 3459 (Loss: 0.5211)
[============                            ]: 3460 (Loss: 0.0374)
[============                            ]: 3461 (Loss: 0.5580)
[============                            ]: 3462 (Loss: 0.3368)
[============                            ]: 3463 (Loss: 0.4804)
[============                            ]: 3464 (Loss: 0.4097)
[=============                           ]: 3465 (Loss: 0.5678)
[=============                           ]: 3466 (Loss: 0.6039)
[=============                           ]: 3467 (Loss: 0.3989)
[=============                           ]: 3468 (Loss: 0.4827)
[=============                           ]: 3469 (Loss: 0.5260)
[==============                          ]: 3470 (Loss: 0.6002)
[==============                          ]: 3471 (Loss: 0.5169)
[==============                          ]: 3472 (Loss: 0.5158)
[==============                          ]: 3473 (Loss: 0.5125)
[==============                          ]: 3474 (Loss: 0.5853)
[===============                         ]: 3475 (Loss: 0.4821)
[===============                         ]: 3476 (Loss: 0.2732)
[===============                         ]: 3477 (Loss: 0.5010)
[===============                         ]: 3478 (Loss: 0.5384)
[===============                         ]: 3479 (Loss: 0.4904)
[================                        ]: 3480 (Loss: 0.4670)
[================                        ]: 3481 (Loss: 0.4573)
[================                        ]: 3482 (Loss: 0.4082)
[================                        ]: 3483 (Loss: 0.5011)
[================                        ]: 3484 (Loss: 0.1687)
[=================                       ]: 3485 (Loss: 0.4667)
[=================                       ]: 3486 (Loss: 0.3666)
[=================                       ]: 3487 (Loss: 0.4333)
[=================                       ]: 3488 (Loss: 0.5737)
[=================                       ]: 3489 (Loss: 0.5007)
[==================                      ]: 3490 (Loss: 0.4877)
[==================                      ]: 3491 (Loss: 0.5158)
[==================                      ]: 3492 (Loss: 0.4770)
[==================                      ]: 3493 (Loss: 0.4739)
[==================                      ]: 3494 (Loss: 0.4737)
[===================                     ]: 3495 (Loss: 0.5589)
[===================                     ]: 3496 (Loss: 0.5333)
[===================                     ]: 3497 (Loss: 0.5317)
[===================                     ]: 3498 (Loss: 0.4404)
[===================                     ]: 3499 (Loss: 0.4744)
[====================                    ]: 3500 (Loss: 0.4703)
[====================                    ]: 3501 (Loss: 0.3080)
[====================                    ]: 3502 (Loss: 0.5008)
[====================                    ]: 3503 (Loss: 0.5046)
[====================                    ]: 3504 (Loss: 0.4776)
[=====================                   ]: 3505 (Loss: 0.4933)
[=====================                   ]: 3506 (Loss: 0.4342)
[=====================                   ]: 3507 (Loss: 0.4816)
[=====================                   ]: 3508 (Loss: 0.5580)
[=====================                   ]: 3509 (Loss: 0.5207)
[======================                  ]: 3510 (Loss: 0.4999)
[======================                  ]: 3511 (Loss: 0.3451)
[======================                  ]: 3512 (Loss: 0.4643)
[======================                  ]: 3513 (Loss: 0.2580)
[======================                  ]: 3514 (Loss: 0.3248)
[=======================                 ]: 3515 (Loss: 0.4137)
[=======================                 ]: 3516 (Loss: 0.3588)
[=======================                 ]: 3517 (Loss: 0.4289)
[=======================                 ]: 3518 (Loss: 0.4566)
[=======================                 ]: 3519 (Loss: 0.5289)
[========================                ]: 3520 (Loss: 0.3799)
[========================                ]: 3521 (Loss: 0.3508)
[========================                ]: 3522 (Loss: 0.4276)
[========================                ]: 3523 (Loss: 0.5440)
[========================                ]: 3524 (Loss: 0.4404)
[=========================               ]: 3525 (Loss: 0.4661)
[=========================               ]: 3526 (Loss: 0.4907)
[=========================               ]: 3527 (Loss: 0.4388)
[=========================               ]: 3528 (Loss: 0.4775)
[=========================               ]: 3529 (Loss: 0.4956)
[==========================              ]: 3530 (Loss: 0.4128)
[==========================              ]: 3531 (Loss: 0.2636)
[==========================              ]: 3532 (Loss: 0.5017)
[==========================              ]: 3533 (Loss: 0.0386)
[==========================              ]: 3534 (Loss: 0.4172)
[===========================             ]: 3535 (Loss: 0.4688)
[===========================             ]: 3536 (Loss: 0.4080)
[===========================             ]: 3537 (Loss: 0.4431)
[===========================             ]: 3538 (Loss: 0.0779)
[===========================             ]: 3539 (Loss: 0.3878)
[============================            ]: 3540 (Loss: 0.1894)
[============================            ]: 3541 (Loss: 0.4741)
[============================            ]: 3542 (Loss: 0.4806)
[============================            ]: 3543 (Loss: 0.5099)
[============================            ]: 3544 (Loss: 0.3812)
[=============================           ]: 3545 (Loss: 0.4290)
[=============================           ]: 3546 (Loss: 0.4073)
[=============================           ]: 3547 (Loss: 0.4910)
[=============================           ]: 3548 (Loss: 0.4542)
[=============================           ]: 3549 (Loss: 0.4501)
[==============================          ]: 3550 (Loss: 0.0777)
[==============================          ]: 3551 (Loss: 0.4822)
[==============================          ]: 3552 (Loss: 0.3892)
[==============================          ]: 3553 (Loss: 0.4845)
[==============================          ]: 3554 (Loss: 0.4496)
[===============================         ]: 3555 (Loss: 0.4333)
[===============================         ]: 3556 (Loss: 0.4296)
[===============================         ]: 3557 (Loss: 0.4404)
[===============================         ]: 3558 (Loss: 0.4035)
[===============================         ]: 3559 (Loss: 0.4239)
[================================        ]: 3560 (Loss: 0.4598)
[================================        ]: 3561 (Loss: 0.4254)
[================================        ]: 3562 (Loss: 0.4422)
[================================        ]: 3563 (Loss: 0.3863)
[================================        ]: 3564 (Loss: 0.4504)
[=================================       ]: 3565 (Loss: 0.4762)
[=================================       ]: 3566 (Loss: 0.3666)
[=================================       ]: 3567 (Loss: 0.4861)
[=================================       ]: 3568 (Loss: 0.3447)
[=================================       ]: 3569 (Loss: 0.4476)
[==================================      ]: 3570 (Loss: 0.4254)
[==================================      ]: 3571 (Loss: 0.3116)
[==================================      ]: 3572 (Loss: 0.4268)
[==================================      ]: 3573 (Loss: 0.4669)
[==================================      ]: 3574 (Loss: 0.3606)
[===================================     ]: 3575 (Loss: 0.5220)
[===================================     ]: 3576 (Loss: 0.4102)
[===================================     ]: 3577 (Loss: 0.3980)
[===================================     ]: 3578 (Loss: 0.4609)
[===================================     ]: 3579 (Loss: 0.4011)
[====================================    ]: 3580 (Loss: 0.4325)
[====================================    ]: 3581 (Loss: 0.4200)
[====================================    ]: 3582 (Loss: 0.3352)
[====================================    ]: 3583 (Loss: 0.4310)
[====================================    ]: 3584 (Loss: 0.3886)
[=====================================   ]: 3585 (Loss: 0.4242)
[=====================================   ]: 3586 (Loss: 0.4293)
[=====================================   ]: 3587 (Loss: 0.4290)
[=====================================   ]: 3588 (Loss: 0.4429)
[=====================================   ]: 3589 (Loss: 0.4278)
[======================================  ]: 3590 (Loss: 0.3652)
[======================================  ]: 3591 (Loss: 0.4026)
[======================================  ]: 3592 (Loss: 0.4747)
[======================================  ]: 3593 (Loss: 0.3434)
[======================================  ]: 3594 (Loss: 0.4353)
[======================================= ]: 3595 (Loss: 0.3884)
[======================================= ]: 3596 (Loss: 0.4145)
[======================================= ]: 3597 (Loss: 0.4176)
[======================================= ]: 3598 (Loss: 0.3772)
[======================================= ]: 3599 (Loss: 0.2271)
[========================================]: 3600 (Loss: 0.4007)
                                                                                                    
[2026-07-17 08:49:15,406] [INFO] [__main__] Batch 3600 Loss: 0.435595 Cost: 17.91 Time: 86 ms/sequence
[2026-07-17 08:49:15,411] [INFO] [__main__] Advice weight norm: 20.378790 | Advice gradient norm: 0.169365

[                                        ]: 3601 (Loss: 0.4326)
[                                        ]: 3602 (Loss: 0.4217)
[                                        ]: 3603 (Loss: 0.3993)
[                                        ]: 3604 (Loss: 0.6409)
[=                                       ]: 3605 (Loss: 0.3994)
[=                                       ]: 3606 (Loss: 0.4219)
[=                                       ]: 3607 (Loss: 0.4284)
[=                                       ]: 3608 (Loss: 0.4023)
[=                                       ]: 3609 (Loss: 0.4634)
[==                                      ]: 3610 (Loss: 0.4448)
[==                                      ]: 3611 (Loss: 0.3678)
[==                                      ]: 3612 (Loss: 0.4417)
[==                                      ]: 3613 (Loss: 0.3835)
[==                                      ]: 3614 (Loss: 0.3939)
[===                                     ]: 3615 (Loss: 0.4018)
[===                                     ]: 3616 (Loss: 0.3838)
[===                                     ]: 3617 (Loss: 0.3382)
[===                                     ]: 3618 (Loss: 0.4218)
[===                                     ]: 3619 (Loss: 0.3805)
[====                                    ]: 3620 (Loss: 0.4002)
[====                                    ]: 3621 (Loss: 0.3655)
[====                                    ]: 3622 (Loss: 0.4143)
[====                                    ]: 3623 (Loss: 0.3486)
[====                                    ]: 3624 (Loss: 0.4311)
[=====                                   ]: 3625 (Loss: 0.4022)
[=====                                   ]: 3626 (Loss: 0.3816)
[=====                                   ]: 3627 (Loss: 0.4274)
[=====                                   ]: 3628 (Loss: 0.3179)
[=====                                   ]: 3629 (Loss: 0.4237)
[======                                  ]: 3630 (Loss: 0.3900)
[======                                  ]: 3631 (Loss: 0.4213)
[======                                  ]: 3632 (Loss: 0.3953)
[======                                  ]: 3633 (Loss: 0.3159)
[======                                  ]: 3634 (Loss: 0.3699)
[=======                                 ]: 3635 (Loss: 0.3884)
[=======                                 ]: 3636 (Loss: 0.3759)
[=======                                 ]: 3637 (Loss: 0.5986)
[=======                                 ]: 3638 (Loss: 0.4036)
[=======                                 ]: 3639 (Loss: 0.6504)
[========                                ]: 3640 (Loss: 0.3762)
[========                                ]: 3641 (Loss: 0.3819)
[========                                ]: 3642 (Loss: 0.3228)
[========                                ]: 3643 (Loss: 0.3320)
[========                                ]: 3644 (Loss: 0.3053)
[=========                               ]: 3645 (Loss: 0.4184)
[=========                               ]: 3646 (Loss: 0.3971)
[=========                               ]: 3647 (Loss: 0.3614)
[=========                               ]: 3648 (Loss: 0.4082)
[=========                               ]: 3649 (Loss: 0.3597)
[==========                              ]: 3650 (Loss: 0.4007)
[==========                              ]: 3651 (Loss: 0.3640)
[==========                              ]: 3652 (Loss: 0.4212)
[==========                              ]: 3653 (Loss: 0.3866)
[==========                              ]: 3654 (Loss: 0.3679)
[===========                             ]: 3655 (Loss: 0.0361)
[===========                             ]: 3656 (Loss: 0.3815)
[===========                             ]: 3657 (Loss: 0.4051)
[===========                             ]: 3658 (Loss: 0.3728)
[===========                             ]: 3659 (Loss: 0.3218)
[============                            ]: 3660 (Loss: 0.0385)
[============                            ]: 3661 (Loss: 0.3757)
[============                            ]: 3662 (Loss: 0.3571)
[============                            ]: 3663 (Loss: 0.3782)
[============                            ]: 3664 (Loss: 0.3846)
[=============                           ]: 3665 (Loss: 0.4052)
[=============                           ]: 3666 (Loss: 0.3669)
[=============                           ]: 3667 (Loss: 0.3326)
[=============                           ]: 3668 (Loss: 0.4040)
[=============                           ]: 3669 (Loss: 0.3581)
[==============                          ]: 3670 (Loss: 0.7068)
[==============                          ]: 3671 (Loss: 0.3545)
[==============                          ]: 3672 (Loss: 0.3724)
[==============                          ]: 3673 (Loss: 0.3575)
[==============                          ]: 3674 (Loss: 0.4030)
[===============                         ]: 3675 (Loss: 0.3417)
[===============                         ]: 3676 (Loss: 0.4317)
[===============                         ]: 3677 (Loss: 0.4258)
[===============                         ]: 3678 (Loss: 0.4079)
[===============                         ]: 3679 (Loss: 0.3590)
[================                        ]: 3680 (Loss: 0.3611)
[================                        ]: 3681 (Loss: 0.3563)
[================                        ]: 3682 (Loss: 0.3415)
[================                        ]: 3683 (Loss: 0.2918)
[================                        ]: 3684 (Loss: 0.3751)
[=================                       ]: 3685 (Loss: 0.3700)
[=================                       ]: 3686 (Loss: 0.3375)
[=================                       ]: 3687 (Loss: 0.0594)
[=================                       ]: 3688 (Loss: 0.3188)
[=================                       ]: 3689 (Loss: 0.3515)
[==================                      ]: 3690 (Loss: 0.2663)
[==================                      ]: 3691 (Loss: 0.3739)
[==================                      ]: 3692 (Loss: 0.3270)
[==================                      ]: 3693 (Loss: 0.3564)
[==================                      ]: 3694 (Loss: 0.3803)
[===================                     ]: 3695 (Loss: 0.3233)
[===================                     ]: 3696 (Loss: 0.5920)
[===================                     ]: 3697 (Loss: 0.3368)
[===================                     ]: 3698 (Loss: 0.3359)
[===================                     ]: 3699 (Loss: 0.3214)
[====================                    ]: 3700 (Loss: 0.0272)
[====================                    ]: 3701 (Loss: 0.2816)
[====================                    ]: 3702 (Loss: 0.2939)
[====================                    ]: 3703 (Loss: 0.3370)
[====================                    ]: 3704 (Loss: 0.3515)
[=====================                   ]: 3705 (Loss: 0.3031)
[=====================                   ]: 3706 (Loss: 0.3464)
[=====================                   ]: 3707 (Loss: 0.7003)
[=====================                   ]: 3708 (Loss: 0.4795)
[=====================                   ]: 3709 (Loss: 0.3108)
[======================                  ]: 3710 (Loss: 0.3191)
[======================                  ]: 3711 (Loss: 0.3181)
[======================                  ]: 3712 (Loss: 0.4288)
[======================                  ]: 3713 (Loss: 0.3899)
[======================                  ]: 3714 (Loss: 0.3178)
[=======================                 ]: 3715 (Loss: 0.2823)
[=======================                 ]: 3716 (Loss: 0.3127)
[=======================                 ]: 3717 (Loss: 0.3224)
[=======================                 ]: 3718 (Loss: 0.2998)
[=======================                 ]: 3719 (Loss: 0.7724)
[========================                ]: 3720 (Loss: 0.3035)
[========================                ]: 3721 (Loss: 0.3737)
[========================                ]: 3722 (Loss: 0.2777)
[========================                ]: 3723 (Loss: 0.3468)
[========================                ]: 3724 (Loss: 0.0304)
[=========================               ]: 3725 (Loss: 0.3531)
[=========================               ]: 3726 (Loss: 0.4474)
[=========================               ]: 3727 (Loss: 0.3209)
[=========================               ]: 3728 (Loss: 0.2773)
[=========================               ]: 3729 (Loss: 0.3567)
[==========================              ]: 3730 (Loss: 0.2874)
[==========================              ]: 3731 (Loss: 0.2785)
[==========================              ]: 3732 (Loss: 0.3063)
[==========================              ]: 3733 (Loss: 0.3196)
[==========================              ]: 3734 (Loss: 0.3379)
[===========================             ]: 3735 (Loss: 0.3649)
[===========================             ]: 3736 (Loss: 0.0437)
[===========================             ]: 3737 (Loss: 0.3056)
[===========================             ]: 3738 (Loss: 0.2813)
[===========================             ]: 3739 (Loss: 0.2940)
[============================            ]: 3740 (Loss: 0.0239)
[============================            ]: 3741 (Loss: 0.3362)
[============================            ]: 3742 (Loss: 0.3677)
[============================            ]: 3743 (Loss: 0.2604)
[============================            ]: 3744 (Loss: 0.2988)
[=============================           ]: 3745 (Loss: 0.2900)
[=============================           ]: 3746 (Loss: 0.3216)
[=============================           ]: 3747 (Loss: 0.0175)
[=============================           ]: 3748 (Loss: 0.3175)
[=============================           ]: 3749 (Loss: 0.6352)
[==============================          ]: 3750 (Loss: 0.0199)
[==============================          ]: 3751 (Loss: 0.2543)
[==============================          ]: 3752 (Loss: 0.2834)
[==============================          ]: 3753 (Loss: 0.3169)
[==============================          ]: 3754 (Loss: 0.3230)
[===============================         ]: 3755 (Loss: 0.1708)
[===============================         ]: 3756 (Loss: 0.3377)
[===============================         ]: 3757 (Loss: 0.3147)
[===============================         ]: 3758 (Loss: 0.3397)
[===============================         ]: 3759 (Loss: 0.2742)
[================================        ]: 3760 (Loss: 0.3103)
[================================        ]: 3761 (Loss: 0.3101)
[================================        ]: 3762 (Loss: 0.2824)
[================================        ]: 3763 (Loss: 0.2994)
[================================        ]: 3764 (Loss: 0.3703)
[=================================       ]: 3765 (Loss: 0.2334)
[=================================       ]: 3766 (Loss: 0.3079)
[=================================       ]: 3767 (Loss: 0.2717)
[=================================       ]: 3768 (Loss: 0.3547)
[=================================       ]: 3769 (Loss: 0.2665)
[==================================      ]: 3770 (Loss: 0.2870)
[==================================      ]: 3771 (Loss: 0.2911)
[==================================      ]: 3772 (Loss: 0.2386)
[==================================      ]: 3773 (Loss: 0.2878)
[==================================      ]: 3774 (Loss: 0.2483)
[===================================     ]: 3775 (Loss: 0.3649)
[===================================     ]: 3776 (Loss: 0.1929)
[===================================     ]: 3777 (Loss: 0.2455)
[===================================     ]: 3778 (Loss: 0.2868)
[===================================     ]: 3779 (Loss: 0.6486)
[====================================    ]: 3780 (Loss: 0.2767)
[====================================    ]: 3781 (Loss: 0.2914)
[====================================    ]: 3782 (Loss: 0.3765)
[====================================    ]: 3783 (Loss: 0.3140)
[====================================    ]: 3784 (Loss: 0.2709)
[=====================================   ]: 3785 (Loss: 0.1299)
[=====================================   ]: 3786 (Loss: 0.2761)
[=====================================   ]: 3787 (Loss: 0.3205)
[=====================================   ]: 3788 (Loss: 0.2982)
[=====================================   ]: 3789 (Loss: 0.3032)
[======================================  ]: 3790 (Loss: 0.2693)
[======================================  ]: 3791 (Loss: 0.3579)
[======================================  ]: 3792 (Loss: 0.6848)
[======================================  ]: 3793 (Loss: 0.3020)
[======================================  ]: 3794 (Loss: 0.2938)
[======================================= ]: 3795 (Loss: 0.3284)
[======================================= ]: 3796 (Loss: 0.3029)
[======================================= ]: 3797 (Loss: 0.2873)
[======================================= ]: 3798 (Loss: 0.2705)
[======================================= ]: 3799 (Loss: 0.2559)
[========================================]: 3800 (Loss: 0.2989)
                                                                                                    
[2026-07-17 08:49:33,315] [INFO] [__main__] Batch 3800 Loss: 0.344295 Cost: 13.09 Time: 89 ms/sequence
[2026-07-17 08:49:33,319] [INFO] [__main__] Advice weight norm: 20.536381 | Advice gradient norm: 0.274845

[                                        ]: 3801 (Loss: 0.2727)
[                                        ]: 3802 (Loss: 0.3226)
[                                        ]: 3803 (Loss: 0.3121)
[                                        ]: 3804 (Loss: 0.2809)
[=                                       ]: 3805 (Loss: 0.3515)
[=                                       ]: 3806 (Loss: 0.2496)
[=                                       ]: 3807 (Loss: 0.0205)
[=                                       ]: 3808 (Loss: 0.2776)
[=                                       ]: 3809 (Loss: 0.2399)
[==                                      ]: 3810 (Loss: 0.2490)
[==                                      ]: 3811 (Loss: 0.2929)
[==                                      ]: 3812 (Loss: 0.2787)
[==                                      ]: 3813 (Loss: 0.2853)
[==                                      ]: 3814 (Loss: 0.0237)
[===                                     ]: 3815 (Loss: 0.3223)
[===                                     ]: 3816 (Loss: 0.3497)
[===                                     ]: 3817 (Loss: 0.2350)
[===                                     ]: 3818 (Loss: 0.2843)
[===                                     ]: 3819 (Loss: 0.2490)
[====                                    ]: 3820 (Loss: 0.3044)
[====                                    ]: 3821 (Loss: 0.3016)
[====                                    ]: 3822 (Loss: 0.0418)
[====                                    ]: 3823 (Loss: 0.2666)
[====                                    ]: 3824 (Loss: 0.2081)
[=====                                   ]: 3825 (Loss: 0.2741)
[=====                                   ]: 3826 (Loss: 0.2518)
[=====                                   ]: 3827 (Loss: 0.2384)
[=====                                   ]: 3828 (Loss: 0.1953)
[=====                                   ]: 3829 (Loss: 0.2801)
[======                                  ]: 3830 (Loss: 0.3709)
[======                                  ]: 3831 (Loss: 0.2776)
[======                                  ]: 3832 (Loss: 0.1752)
[======                                  ]: 3833 (Loss: 0.2537)
[======                                  ]: 3834 (Loss: 0.2564)
[=======                                 ]: 3835 (Loss: 0.0184)
[=======                                 ]: 3836 (Loss: 0.2612)
[=======                                 ]: 3837 (Loss: 0.0232)
[=======                                 ]: 3838 (Loss: 0.2692)
[=======                                 ]: 3839 (Loss: 0.2439)
[========                                ]: 3840 (Loss: 0.2559)
[========                                ]: 3841 (Loss: 0.2596)
[========                                ]: 3842 (Loss: 0.2776)
[========                                ]: 3843 (Loss: 0.2577)
[========                                ]: 3844 (Loss: 0.2384)
[=========                               ]: 3845 (Loss: 0.2543)
[=========                               ]: 3846 (Loss: 0.2431)
[=========                               ]: 3847 (Loss: 0.2593)
[=========                               ]: 3848 (Loss: 0.2147)
[=========                               ]: 3849 (Loss: 0.2685)
[==========                              ]: 3850 (Loss: 0.2660)
[==========                              ]: 3851 (Loss: 0.2865)
[==========                              ]: 3852 (Loss: 0.2932)
[==========                              ]: 3853 (Loss: 0.3039)
[==========                              ]: 3854 (Loss: 0.2417)
[===========                             ]: 3855 (Loss: 0.2305)
[===========                             ]: 3856 (Loss: 0.2202)
[===========                             ]: 3857 (Loss: 0.2402)
[===========                             ]: 3858 (Loss: 0.1943)
[===========                             ]: 3859 (Loss: 0.0220)
[============                            ]: 3860 (Loss: 0.2211)
[============                            ]: 3861 (Loss: 0.2800)
[============                            ]: 3862 (Loss: 0.2293)
[============                            ]: 3863 (Loss: 0.1737)
[============                            ]: 3864 (Loss: 0.2962)
[=============                           ]: 3865 (Loss: 0.2672)
[=============                           ]: 3866 (Loss: 0.2499)
[=============                           ]: 3867 (Loss: 0.2557)
[=============                           ]: 3868 (Loss: 0.2210)
[=============                           ]: 3869 (Loss: 0.2702)
[==============                          ]: 3870 (Loss: 0.2809)
[==============                          ]: 3871 (Loss: 0.2521)
[==============                          ]: 3872 (Loss: 0.2187)
[==============                          ]: 3873 (Loss: 0.2564)
[==============                          ]: 3874 (Loss: 0.2160)
[===============                         ]: 3875 (Loss: 0.0209)
[===============                         ]: 3876 (Loss: 0.1769)
[===============                         ]: 3877 (Loss: 0.2116)
[===============                         ]: 3878 (Loss: 0.2829)
[===============                         ]: 3879 (Loss: 0.1615)
[================                        ]: 3880 (Loss: 0.2174)
[================                        ]: 3881 (Loss: 0.2169)
[================                        ]: 3882 (Loss: 0.2354)
[================                        ]: 3883 (Loss: 0.2377)
[================                        ]: 3884 (Loss: 0.2108)
[=================                       ]: 3885 (Loss: 0.2085)
[=================                       ]: 3886 (Loss: 0.0132)
[=================                       ]: 3887 (Loss: 0.2305)
[=================                       ]: 3888 (Loss: 0.2524)
[=================                       ]: 3889 (Loss: 0.2235)
[==================                      ]: 3890 (Loss: 0.2179)
[==================                      ]: 3891 (Loss: 0.1206)
[==================                      ]: 3892 (Loss: 0.2521)
[==================                      ]: 3893 (Loss: 0.1667)
[==================                      ]: 3894 (Loss: 0.1590)
[===================                     ]: 3895 (Loss: 0.2275)
[===================                     ]: 3896 (Loss: 0.2459)
[===================                     ]: 3897 (Loss: 0.3476)
[===================                     ]: 3898 (Loss: 0.1669)
[===================                     ]: 3899 (Loss: 0.2167)
[====================                    ]: 3900 (Loss: 0.2308)
[====================                    ]: 3901 (Loss: 0.2035)
[====================                    ]: 3902 (Loss: 0.3123)
[====================                    ]: 3903 (Loss: 0.1767)
[====================                    ]: 3904 (Loss: 0.9437)
[=====================                   ]: 3905 (Loss: 0.1974)
[=====================                   ]: 3906 (Loss: 0.1703)
[=====================                   ]: 3907 (Loss: 0.2928)
[=====================                   ]: 3908 (Loss: 0.2548)
[=====================                   ]: 3909 (Loss: 0.1794)
[======================                  ]: 3910 (Loss: 0.2075)
[======================                  ]: 3911 (Loss: 0.0082)
[======================                  ]: 3912 (Loss: 0.1767)
[======================                  ]: 3913 (Loss: 0.8138)
[======================                  ]: 3914 (Loss: 0.2525)
[=======================                 ]: 3915 (Loss: 0.7718)
[=======================                 ]: 3916 (Loss: 0.7942)
[=======================                 ]: 3917 (Loss: 0.7286)
[=======================                 ]: 3918 (Loss: 0.2898)
[=======================                 ]: 3919 (Loss: 0.2077)
[========================                ]: 3920 (Loss: 0.1629)
[========================                ]: 3921 (Loss: 0.8785)
[========================                ]: 3922 (Loss: 0.7307)
[========================                ]: 3923 (Loss: 0.1961)
[========================                ]: 3924 (Loss: 0.7889)
[=========================               ]: 3925 (Loss: 0.3093)
[=========================               ]: 3926 (Loss: 0.2752)
[=========================               ]: 3927 (Loss: 0.2577)
[=========================               ]: 3928 (Loss: 0.2650)
[=========================               ]: 3929 (Loss: 0.2455)
[==========================              ]: 3930 (Loss: 0.1990)
[==========================              ]: 3931 (Loss: 0.2034)
[==========================              ]: 3932 (Loss: 0.4807)
[==========================              ]: 3933 (Loss: 0.2531)
[==========================              ]: 3934 (Loss: 0.3685)
[===========================             ]: 3935 (Loss: 0.7583)
[===========================             ]: 3936 (Loss: 0.1715)
[===========================             ]: 3937 (Loss: 0.2791)
[===========================             ]: 3938 (Loss: 0.2181)
[===========================             ]: 3939 (Loss: 0.2813)
[============================            ]: 3940 (Loss: 0.8577)
[============================            ]: 3941 (Loss: 0.0383)
[============================            ]: 3942 (Loss: 0.2468)
[============================            ]: 3943 (Loss: 0.2202)
[============================            ]: 3944 (Loss: 0.1971)
[=============================           ]: 3945 (Loss: 0.7171)
[=============================           ]: 3946 (Loss: 0.2488)
[=============================           ]: 3947 (Loss: 0.1461)
[=============================           ]: 3948 (Loss: 0.2068)
[=============================           ]: 3949 (Loss: 0.2225)
[==============================          ]: 3950 (Loss: 0.2119)
[==============================          ]: 3951 (Loss: 0.2769)
[==============================          ]: 3952 (Loss: 0.2291)
[==============================          ]: 3953 (Loss: 0.1429)
[==============================          ]: 3954 (Loss: 0.1985)
[===============================         ]: 3955 (Loss: 0.0254)
[===============================         ]: 3956 (Loss: 0.2425)
[===============================         ]: 3957 (Loss: 0.1910)
[===============================         ]: 3958 (Loss: 0.6792)
[===============================         ]: 3959 (Loss: 0.2411)
[================================        ]: 3960 (Loss: 0.7705)
[================================        ]: 3961 (Loss: 0.2654)
[================================        ]: 3962 (Loss: 0.2261)
[================================        ]: 3963 (Loss: 0.2729)
[================================        ]: 3964 (Loss: 0.7088)
[=================================       ]: 3965 (Loss: 0.8034)
[=================================       ]: 3966 (Loss: 0.7498)
[=================================       ]: 3967 (Loss: 0.7695)
[=================================       ]: 3968 (Loss: 0.2214)
[=================================       ]: 3969 (Loss: 0.8692)
[==================================      ]: 3970 (Loss: 0.2866)
[==================================      ]: 3971 (Loss: 0.2530)
[==================================      ]: 3972 (Loss: 0.3089)
[==================================      ]: 3973 (Loss: 0.7984)
[==================================      ]: 3974 (Loss: 0.2938)
[===================================     ]: 3975 (Loss: 0.2815)
[===================================     ]: 3976 (Loss: 0.2211)
[===================================     ]: 3977 (Loss: 0.8010)
[===================================     ]: 3978 (Loss: 0.7287)
[===================================     ]: 3979 (Loss: 0.0200)
[====================================    ]: 3980 (Loss: 0.2444)
[====================================    ]: 3981 (Loss: 0.2432)
[====================================    ]: 3982 (Loss: 0.2828)
[====================================    ]: 3983 (Loss: 0.2481)
[====================================    ]: 3984 (Loss: 0.0250)
[=====================================   ]: 3985 (Loss: 0.1700)
[=====================================   ]: 3986 (Loss: 0.8299)
[=====================================   ]: 3987 (Loss: 0.8686)
[=====================================   ]: 3988 (Loss: 0.8240)
[=====================================   ]: 3989 (Loss: 0.0171)
[======================================  ]: 3990 (Loss: 0.2523)
[======================================  ]: 3991 (Loss: 0.3752)
[======================================  ]: 3992 (Loss: 0.2684)
[======================================  ]: 3993 (Loss: 0.2338)
[======================================  ]: 3994 (Loss: 0.2719)
[======================================= ]: 3995 (Loss: 0.2202)
[======================================= ]: 3996 (Loss: 0.2165)
[======================================= ]: 3997 (Loss: 0.0214)
[======================================= ]: 3998 (Loss: 0.2684)
[======================================= ]: 3999 (Loss: 0.7241)
[========================================]: 4000 (Loss: 0.2144)
                                                                                                    
[2026-07-17 08:49:49,740] [INFO] [__main__] Batch 4000 Loss: 0.297454 Cost: 10.48 Time: 82 ms/sequence
[2026-07-17 08:49:49,746] [INFO] [__main__] Advice weight norm: 20.703871 | Advice gradient norm: 0.154188

[                                        ]: 4001 (Loss: 0.2450)
[                                        ]: 4002 (Loss: 0.3232)
[                                        ]: 4003 (Loss: 0.4302)
[                                        ]: 4004 (Loss: 0.2434)
[=                                       ]: 4005 (Loss: 0.9489)
[=                                       ]: 4006 (Loss: 0.2471)
[=                                       ]: 4007 (Loss: 0.1760)
[=                                       ]: 4008 (Loss: 0.3156)
[=                                       ]: 4009 (Loss: 0.0133)
[==                                      ]: 4010 (Loss: 0.1857)
[==                                      ]: 4011 (Loss: 0.2111)
[==                                      ]: 4012 (Loss: 0.2750)
[==                                      ]: 4013 (Loss: 0.6146)
[==                                      ]: 4014 (Loss: 0.6326)
[===                                     ]: 4015 (Loss: 0.1487)
[===                                     ]: 4016 (Loss: 1.2004)
[===                                     ]: 4017 (Loss: 0.2841)
[===                                     ]: 4018 (Loss: 0.6620)
[===                                     ]: 4019 (Loss: 0.2043)
[====                                    ]: 4020 (Loss: 0.2380)
[====                                    ]: 4021 (Loss: 0.4548)
[====                                    ]: 4022 (Loss: 0.2746)
[====                                    ]: 4023 (Loss: 0.0725)
[====                                    ]: 4024 (Loss: 0.0232)
[=====                                   ]: 4025 (Loss: 0.4058)
[=====                                   ]: 4026 (Loss: 0.2398)
[=====                                   ]: 4027 (Loss: 0.9838)
[=====                                   ]: 4028 (Loss: 0.0193)
[=====                                   ]: 4029 (Loss: 0.2594)
[======                                  ]: 4030 (Loss: 0.2646)
[======                                  ]: 4031 (Loss: 0.2320)
[======                                  ]: 4032 (Loss: 0.8668)
[======                                  ]: 4033 (Loss: 0.2111)
[======                                  ]: 4034 (Loss: 0.2389)
[=======                                 ]: 4035 (Loss: 0.2766)
[=======                                 ]: 4036 (Loss: 0.2320)
[=======                                 ]: 4037 (Loss: 0.2487)
[=======                                 ]: 4038 (Loss: 0.2221)
[=======                                 ]: 4039 (Loss: 0.9758)
[========                                ]: 4040 (Loss: 0.8817)
[========                                ]: 4041 (Loss: 0.2170)
[========                                ]: 4042 (Loss: 0.1904)
[========                                ]: 4043 (Loss: 0.2297)
[========                                ]: 4044 (Loss: 0.7611)
[=========                               ]: 4045 (Loss: 0.2781)
[=========                               ]: 4046 (Loss: 0.2219)
[=========                               ]: 4047 (Loss: 0.2080)
[=========                               ]: 4048 (Loss: 0.2197)
[=========                               ]: 4049 (Loss: 0.5591)
[==========                              ]: 4050 (Loss: 0.2759)
[==========                              ]: 4051 (Loss: 0.6494)
[==========                              ]: 4052 (Loss: 0.2095)
[==========                              ]: 4053 (Loss: 0.2944)
[==========                              ]: 4054 (Loss: 0.2001)
[===========                             ]: 4055 (Loss: 0.2203)
[===========                             ]: 4056 (Loss: 0.2792)
[===========                             ]: 4057 (Loss: 0.2178)
[===========                             ]: 4058 (Loss: 0.7250)
[===========                             ]: 4059 (Loss: 0.7962)
[============                            ]: 4060 (Loss: 0.2009)
[============                            ]: 4061 (Loss: 0.2117)
[============                            ]: 4062 (Loss: 0.2460)
[============                            ]: 4063 (Loss: 0.2074)
[============                            ]: 4064 (Loss: 0.2271)
[=============                           ]: 4065 (Loss: 0.2106)
[=============                           ]: 4066 (Loss: 0.2260)
[=============                           ]: 4067 (Loss: 0.2539)
[=============                           ]: 4068 (Loss: 0.2087)
[=============                           ]: 4069 (Loss: 0.2217)
[==============                          ]: 4070 (Loss: 0.0201)
[==============                          ]: 4071 (Loss: 0.2163)
[==============                          ]: 4072 (Loss: 0.3447)
[==============                          ]: 4073 (Loss: 0.2041)
[==============                          ]: 4074 (Loss: 0.3134)
[===============                         ]: 4075 (Loss: 0.1429)
[===============                         ]: 4076 (Loss: 0.1991)
[===============                         ]: 4077 (Loss: 0.2720)
[===============                         ]: 4078 (Loss: 0.7183)
[===============                         ]: 4079 (Loss: 0.1907)
[================                        ]: 4080 (Loss: 0.2287)
[================                        ]: 4081 (Loss: 0.1955)
[================                        ]: 4082 (Loss: 0.0139)
[================                        ]: 4083 (Loss: 0.9020)
[================                        ]: 4084 (Loss: 0.2274)
[=================                       ]: 4085 (Loss: 0.2219)
[=================                       ]: 4086 (Loss: 0.8540)
[=================                       ]: 4087 (Loss: 0.1812)
[=================                       ]: 4088 (Loss: 0.6905)
[=================                       ]: 4089 (Loss: 0.8188)
[==================                      ]: 4090 (Loss: 0.1900)
[==================                      ]: 4091 (Loss: 0.7182)
[==================                      ]: 4092 (Loss: 0.8256)
[==================                      ]: 4093 (Loss: 0.4999)
[==================                      ]: 4094 (Loss: 0.2398)
[===================                     ]: 4095 (Loss: 0.7754)
[===================                     ]: 4096 (Loss: 0.8319)
[===================                     ]: 4097 (Loss: 0.1492)
[===================                     ]: 4098 (Loss: 0.6855)
[===================                     ]: 4099 (Loss: 0.6547)
[====================                    ]: 4100 (Loss: 0.2905)
[====================                    ]: 4101 (Loss: 0.2384)
[====================                    ]: 4102 (Loss: 0.6480)
[====================                    ]: 4103 (Loss: 0.5996)
[====================                    ]: 4104 (Loss: 0.2424)
[=====================                   ]: 4105 (Loss: 0.5791)
[=====================                   ]: 4106 (Loss: 0.7235)
[=====================                   ]: 4107 (Loss: 0.2081)
[=====================                   ]: 4108 (Loss: 0.1821)
[=====================                   ]: 4109 (Loss: 0.7809)
[======================                  ]: 4110 (Loss: 0.2447)
[======================                  ]: 4111 (Loss: 0.2669)
[======================                  ]: 4112 (Loss: 0.2033)
[======================                  ]: 4113 (Loss: 0.2207)
[======================                  ]: 4114 (Loss: 0.2404)
[=======================                 ]: 4115 (Loss: 0.2260)
[=======================                 ]: 4116 (Loss: 0.2068)
[=======================                 ]: 4117 (Loss: 0.2106)
[=======================                 ]: 4118 (Loss: 0.1677)
[=======================                 ]: 4119 (Loss: 0.2438)
[========================                ]: 4120 (Loss: 0.2622)
[========================                ]: 4121 (Loss: 0.8653)
[========================                ]: 4122 (Loss: 0.1639)
[========================                ]: 4123 (Loss: 0.0143)
[========================                ]: 4124 (Loss: 0.2049)
[=========================               ]: 4125 (Loss: 0.1835)
[=========================               ]: 4126 (Loss: 0.2355)
[=========================               ]: 4127 (Loss: 0.2053)
[=========================               ]: 4128 (Loss: 0.2605)
[=========================               ]: 4129 (Loss: 0.1927)
[==========================              ]: 4130 (Loss: 0.2345)
[==========================              ]: 4131 (Loss: 0.7050)
[==========================              ]: 4132 (Loss: 0.7461)
[==========================              ]: 4133 (Loss: 0.2148)
[==========================              ]: 4134 (Loss: 0.1912)
[===========================             ]: 4135 (Loss: 0.2319)
[===========================             ]: 4136 (Loss: 0.7615)
[===========================             ]: 4137 (Loss: 0.1890)
[===========================             ]: 4138 (Loss: 0.7712)
[===========================             ]: 4139 (Loss: 0.8057)
[============================            ]: 4140 (Loss: 0.7425)
[============================            ]: 4141 (Loss: 0.7462)
[============================            ]: 4142 (Loss: 0.1923)
[============================            ]: 4143 (Loss: 0.3071)
[============================            ]: 4144 (Loss: 0.2369)
[=============================           ]: 4145 (Loss: 0.6248)
[=============================           ]: 4146 (Loss: 0.7475)
[=============================           ]: 4147 (Loss: 0.1593)
[=============================           ]: 4148 (Loss: 0.1344)
[=============================           ]: 4149 (Loss: 0.2264)
[==============================          ]: 4150 (Loss: 0.2669)
[==============================          ]: 4151 (Loss: 0.1918)
[==============================          ]: 4152 (Loss: 0.2162)
[==============================          ]: 4153 (Loss: 0.8060)
[==============================          ]: 4154 (Loss: 0.3096)
[===============================         ]: 4155 (Loss: 0.2244)
[===============================         ]: 4156 (Loss: 0.1415)
[===============================         ]: 4157 (Loss: 0.2182)
[===============================         ]: 4158 (Loss: 0.2305)
[===============================         ]: 4159 (Loss: 0.2727)
[================================        ]: 4160 (Loss: 0.4512)
[================================        ]: 4161 (Loss: 0.0189)
[================================        ]: 4162 (Loss: 0.2310)
[================================        ]: 4163 (Loss: 0.2616)
[================================        ]: 4164 (Loss: 0.2410)
[=================================       ]: 4165 (Loss: 0.2717)
[=================================       ]: 4166 (Loss: 0.2588)
[=================================       ]: 4167 (Loss: 0.2435)
[=================================       ]: 4168 (Loss: 0.6071)
[=================================       ]: 4169 (Loss: 0.2571)
[==================================      ]: 4170 (Loss: 0.2506)
[==================================      ]: 4171 (Loss: 0.2693)
[==================================      ]: 4172 (Loss: 0.2335)
[==================================      ]: 4173 (Loss: 0.2115)
[==================================      ]: 4174 (Loss: 0.1776)
[===================================     ]: 4175 (Loss: 0.2178)
[===================================     ]: 4176 (Loss: 0.2201)
[===================================     ]: 4177 (Loss: 0.2849)
[===================================     ]: 4178 (Loss: 0.1758)
[===================================     ]: 4179 (Loss: 0.2388)
[====================================    ]: 4180 (Loss: 0.2126)
[====================================    ]: 4181 (Loss: 0.2061)
[====================================    ]: 4182 (Loss: 0.2154)
[====================================    ]: 4183 (Loss: 0.2117)
[====================================    ]: 4184 (Loss: 0.2961)
[=====================================   ]: 4185 (Loss: 0.7805)
[=====================================   ]: 4186 (Loss: 0.2411)
[=====================================   ]: 4187 (Loss: 0.0118)
[=====================================   ]: 4188 (Loss: 0.1997)
[=====================================   ]: 4189 (Loss: 0.3317)
[======================================  ]: 4190 (Loss: 0.2311)
[======================================  ]: 4191 (Loss: 0.2469)
[======================================  ]: 4192 (Loss: 0.2538)
[======================================  ]: 4193 (Loss: 0.1942)
[======================================  ]: 4194 (Loss: 0.2151)
[======================================= ]: 4195 (Loss: 0.2023)
[======================================= ]: 4196 (Loss: 0.2530)
[======================================= ]: 4197 (Loss: 0.2550)
[======================================= ]: 4198 (Loss: 0.2170)
[======================================= ]: 4199 (Loss: 0.2085)
[========================================]: 4200 (Loss: 0.2120)
                                                                                                    
[2026-07-17 08:50:06,980] [INFO] [__main__] Batch 4200 Loss: 0.339755 Cost: 13.51 Time: 86 ms/sequence
[2026-07-17 08:50:06,986] [INFO] [__main__] Advice weight norm: 20.783375 | Advice gradient norm: 0.452868

[                                        ]: 4201 (Loss: 0.2035)
[                                        ]: 4202 (Loss: 0.1585)
[                                        ]: 4203 (Loss: 0.2073)
[                                        ]: 4204 (Loss: 0.2003)
[=                                       ]: 4205 (Loss: 0.0406)
[=                                       ]: 4206 (Loss: 0.2064)
[=                                       ]: 4207 (Loss: 0.1820)
[=                                       ]: 4208 (Loss: 0.2173)
[=                                       ]: 4209 (Loss: 0.2226)
[==                                      ]: 4210 (Loss: 0.7685)
[==                                      ]: 4211 (Loss: 0.1925)
[==                                      ]: 4212 (Loss: 0.2103)
[==                                      ]: 4213 (Loss: 0.1874)
[==                                      ]: 4214 (Loss: 0.1941)
[===                                     ]: 4215 (Loss: 0.7553)
[===                                     ]: 4216 (Loss: 0.8144)
[===                                     ]: 4217 (Loss: 0.1638)
[===                                     ]: 4218 (Loss: 0.5415)
[===                                     ]: 4219 (Loss: 0.1971)
[====                                    ]: 4220 (Loss: 0.2265)
[====                                    ]: 4221 (Loss: 0.6456)
[====                                    ]: 4222 (Loss: 0.1845)
[====                                    ]: 4223 (Loss: 0.8274)
[====                                    ]: 4224 (Loss: 0.2406)
[=====                                   ]: 4225 (Loss: 0.1781)
[=====                                   ]: 4226 (Loss: 0.2389)
[=====                                   ]: 4227 (Loss: 0.2159)
[=====                                   ]: 4228 (Loss: 0.1273)
[=====                                   ]: 4229 (Loss: 0.2178)
[======                                  ]: 4230 (Loss: 0.1976)
[======                                  ]: 4231 (Loss: 0.2300)
[======                                  ]: 4232 (Loss: 0.1489)
[======                                  ]: 4233 (Loss: 0.1844)
[======                                  ]: 4234 (Loss: 0.2193)
[=======                                 ]: 4235 (Loss: 0.2044)
[=======                                 ]: 4236 (Loss: 0.1820)
[=======                                 ]: 4237 (Loss: 0.1964)
[=======                                 ]: 4238 (Loss: 0.1512)
[=======                                 ]: 4239 (Loss: 0.7877)
[========                                ]: 4240 (Loss: 0.2054)
[========                                ]: 4241 (Loss: 0.1657)
[========                                ]: 4242 (Loss: 0.1626)
[========                                ]: 4243 (Loss: 0.1601)
[========                                ]: 4244 (Loss: 0.1432)
[=========                               ]: 4245 (Loss: 0.0922)
[=========                               ]: 4246 (Loss: 0.1998)
[=========                               ]: 4247 (Loss: 0.1890)
[=========                               ]: 4248 (Loss: 0.1990)
[=========                               ]: 4249 (Loss: 0.1798)
[==========                              ]: 4250 (Loss: 0.2533)
[==========                              ]: 4251 (Loss: 0.1648)
[==========                              ]: 4252 (Loss: 0.2188)
[==========                              ]: 4253 (Loss: 0.1692)
[==========                              ]: 4254 (Loss: 0.2283)
[===========                             ]: 4255 (Loss: 0.2135)
[===========                             ]: 4256 (Loss: 0.1810)
[===========                             ]: 4257 (Loss: 0.1681)
[===========                             ]: 4258 (Loss: 0.2033)
[===========                             ]: 4259 (Loss: 0.1610)
[============                            ]: 4260 (Loss: 0.1550)
[============                            ]: 4261 (Loss: 0.1498)
[============                            ]: 4262 (Loss: 0.1929)
[============                            ]: 4263 (Loss: 0.1918)
[============                            ]: 4264 (Loss: 0.2022)
[=============                           ]: 4265 (Loss: 0.2243)
[=============                           ]: 4266 (Loss: 0.2170)
[=============                           ]: 4267 (Loss: 0.1990)
[=============                           ]: 4268 (Loss: 0.2044)
[=============                           ]: 4269 (Loss: 0.2203)
[==============                          ]: 4270 (Loss: 0.1176)
[==============                          ]: 4271 (Loss: 0.1444)
[==============                          ]: 4272 (Loss: 0.1840)
[==============                          ]: 4273 (Loss: 0.7960)
[==============                          ]: 4274 (Loss: 0.2063)
[===============                         ]: 4275 (Loss: 0.0113)
[===============                         ]: 4276 (Loss: 0.1638)
[===============                         ]: 4277 (Loss: 0.0791)
[===============                         ]: 4278 (Loss: 0.1716)
[===============                         ]: 4279 (Loss: 0.1997)
[================                        ]: 4280 (Loss: 0.1688)
[================                        ]: 4281 (Loss: 0.2514)
[================                        ]: 4282 (Loss: 0.2043)
[================                        ]: 4283 (Loss: 0.1535)
[================                        ]: 4284 (Loss: 0.8321)
[=================                       ]: 4285 (Loss: 0.1768)
[=================                       ]: 4286 (Loss: 0.1983)
[=================                       ]: 4287 (Loss: 0.2076)
[=================                       ]: 4288 (Loss: 0.1993)
[=================                       ]: 4289 (Loss: 0.2247)
[==================                      ]: 4290 (Loss: 0.2381)
[==================                      ]: 4291 (Loss: 0.1833)
[==================                      ]: 4292 (Loss: 0.1499)
[==================                      ]: 4293 (Loss: 0.1765)
[==================                      ]: 4294 (Loss: 0.1578)
[===================                     ]: 4295 (Loss: 0.1907)
[===================                     ]: 4296 (Loss: 0.1578)
[===================                     ]: 4297 (Loss: 0.1767)
[===================                     ]: 4298 (Loss: 0.1656)
[===================                     ]: 4299 (Loss: 0.0220)
[====================                    ]: 4300 (Loss: 0.1350)
[====================                    ]: 4301 (Loss: 0.1847)
[====================                    ]: 4302 (Loss: 0.1297)
[====================                    ]: 4303 (Loss: 0.2062)
[====================                    ]: 4304 (Loss: 0.1674)
[=====================                   ]: 4305 (Loss: 0.0170)
[=====================                   ]: 4306 (Loss: 0.1621)
[=====================                   ]: 4307 (Loss: 0.1414)
[=====================                   ]: 4308 (Loss: 0.1314)
[=====================                   ]: 4309 (Loss: 0.1027)
[======================                  ]: 4310 (Loss: 0.1612)
[======================                  ]: 4311 (Loss: 0.1602)
[======================                  ]: 4312 (Loss: 0.1610)
[======================                  ]: 4313 (Loss: 0.1584)
[======================                  ]: 4314 (Loss: 0.1645)
[=======================                 ]: 4315 (Loss: 0.2074)
[=======================                 ]: 4316 (Loss: 0.1865)
[=======================                 ]: 4317 (Loss: 0.1695)
[=======================                 ]: 4318 (Loss: 0.2242)
[=======================                 ]: 4319 (Loss: 0.1874)
[========================                ]: 4320 (Loss: 0.2177)
[========================                ]: 4321 (Loss: 0.1545)
[========================                ]: 4322 (Loss: 0.1818)
[========================                ]: 4323 (Loss: 0.1443)
[========================                ]: 4324 (Loss: 0.0089)
[=========================               ]: 4325 (Loss: 0.1507)
[=========================               ]: 4326 (Loss: 0.1783)
[=========================               ]: 4327 (Loss: 0.1845)
[=========================               ]: 4328 (Loss: 0.1723)
[=========================               ]: 4329 (Loss: 0.1709)
[==========================              ]: 4330 (Loss: 0.8801)
[==========================              ]: 4331 (Loss: 0.1438)
[==========================              ]: 4332 (Loss: 0.1602)
[==========================              ]: 4333 (Loss: 0.1633)
[==========================              ]: 4334 (Loss: 0.1601)
[===========================             ]: 4335 (Loss: 1.1946)
[===========================             ]: 4336 (Loss: 0.1675)
[===========================             ]: 4337 (Loss: 0.1451)
[===========================             ]: 4338 (Loss: 0.1512)
[===========================             ]: 4339 (Loss: 0.1712)
[============================            ]: 4340 (Loss: 0.1569)
[============================            ]: 4341 (Loss: 0.1456)
[============================            ]: 4342 (Loss: 0.1551)
[============================            ]: 4343 (Loss: 0.1651)
[============================            ]: 4344 (Loss: 0.1513)
[=============================           ]: 4345 (Loss: 0.1688)
[=============================           ]: 4346 (Loss: 0.0125)
[=============================           ]: 4347 (Loss: 0.1385)
[=============================           ]: 4348 (Loss: 0.1076)
[=============================           ]: 4349 (Loss: 0.1696)
[==============================          ]: 4350 (Loss: 0.1296)
[==============================          ]: 4351 (Loss: 0.1352)
[==============================          ]: 4352 (Loss: 0.1172)
[==============================          ]: 4353 (Loss: 0.1531)
[==============================          ]: 4354 (Loss: 0.1409)
[===============================         ]: 4355 (Loss: 0.1216)
[===============================         ]: 4356 (Loss: 0.1206)
[===============================         ]: 4357 (Loss: 0.1322)
[===============================         ]: 4358 (Loss: 0.1586)
[===============================         ]: 4359 (Loss: 0.0763)
[================================        ]: 4360 (Loss: 0.0975)
[================================        ]: 4361 (Loss: 0.1559)
[================================        ]: 4362 (Loss: 0.1658)
[================================        ]: 4363 (Loss: 0.1763)
[================================        ]: 4364 (Loss: 0.1762)
[=================================       ]: 4365 (Loss: 0.1203)
[=================================       ]: 4366 (Loss: 0.2377)
[=================================       ]: 4367 (Loss: 0.1272)
[=================================       ]: 4368 (Loss: 0.2032)
[=================================       ]: 4369 (Loss: 0.1422)
[==================================      ]: 4370 (Loss: 0.1516)
[==================================      ]: 4371 (Loss: 0.1879)
[==================================      ]: 4372 (Loss: 0.1237)
[==================================      ]: 4373 (Loss: 0.1941)
[==================================      ]: 4374 (Loss: 0.1653)
[===================================     ]: 4375 (Loss: 0.1345)
[===================================     ]: 4376 (Loss: 0.1944)
[===================================     ]: 4377 (Loss: 0.1420)
[===================================     ]: 4378 (Loss: 0.1468)
[===================================     ]: 4379 (Loss: 0.1303)
[====================================    ]: 4380 (Loss: 0.1757)
[====================================    ]: 4381 (Loss: 0.1189)
[====================================    ]: 4382 (Loss: 0.1264)
[====================================    ]: 4383 (Loss: 0.1545)
[====================================    ]: 4384 (Loss: 0.1191)
[=====================================   ]: 4385 (Loss: 0.1295)
[=====================================   ]: 4386 (Loss: 0.1398)
[=====================================   ]: 4387 (Loss: 0.1546)
[=====================================   ]: 4388 (Loss: 0.1455)
[=====================================   ]: 4389 (Loss: 0.1226)
[======================================  ]: 4390 (Loss: 0.1047)
[======================================  ]: 4391 (Loss: 0.1225)
[======================================  ]: 4392 (Loss: 0.1495)
[======================================  ]: 4393 (Loss: 0.1209)
[======================================  ]: 4394 (Loss: 0.9712)
[======================================= ]: 4395 (Loss: 0.1740)
[======================================= ]: 4396 (Loss: 0.1447)
[======================================= ]: 4397 (Loss: 0.1317)
[======================================= ]: 4398 (Loss: 0.1523)
[======================================= ]: 4399 (Loss: 0.1563)
[========================================]: 4400 (Loss: 0.1221)
                                                                                                    
[2026-07-17 08:50:23,622] [INFO] [__main__] Batch 4400 Loss: 0.204082 Cost: 6.00 Time: 83 ms/sequence
[2026-07-17 08:50:23,627] [INFO] [__main__] Advice weight norm: 20.912172 | Advice gradient norm: 0.328281

[                                        ]: 4401 (Loss: 0.0883)
[                                        ]: 4402 (Loss: 0.1212)
[                                        ]: 4403 (Loss: 0.1479)
[                                        ]: 4404 (Loss: 0.2565)
[=                                       ]: 4405 (Loss: 0.1516)
[=                                       ]: 4406 (Loss: 0.1108)
[=                                       ]: 4407 (Loss: 0.1885)
[=                                       ]: 4408 (Loss: 0.1638)
[=                                       ]: 4409 (Loss: 0.1190)
[==                                      ]: 4410 (Loss: 0.1690)
[==                                      ]: 4411 (Loss: 0.0820)
[==                                      ]: 4412 (Loss: 0.1554)
[==                                      ]: 4413 (Loss: 0.0975)
[==                                      ]: 4414 (Loss: 0.1610)
[===                                     ]: 4415 (Loss: 0.1617)
[===                                     ]: 4416 (Loss: 0.1482)
[===                                     ]: 4417 (Loss: 0.1662)
[===                                     ]: 4418 (Loss: 0.1198)
[===                                     ]: 4419 (Loss: 0.1646)
[====                                    ]: 4420 (Loss: 0.1123)
[====                                    ]: 4421 (Loss: 0.1730)
[====                                    ]: 4422 (Loss: 0.0869)
[====                                    ]: 4423 (Loss: 0.1537)
[====                                    ]: 4424 (Loss: 1.3958)
[=====                                   ]: 4425 (Loss: 0.2199)
[=====                                   ]: 4426 (Loss: 0.1238)
[=====                                   ]: 4427 (Loss: 0.1592)
[=====                                   ]: 4428 (Loss: 0.1057)
[=====                                   ]: 4429 (Loss: 1.2884)
[======                                  ]: 4430 (Loss: 0.1015)
[======                                  ]: 4431 (Loss: 0.1673)
[======                                  ]: 4432 (Loss: 0.1315)
[======                                  ]: 4433 (Loss: 0.1056)
[======                                  ]: 4434 (Loss: 0.1538)
[=======                                 ]: 4435 (Loss: 0.3229)
[=======                                 ]: 4436 (Loss: 0.1334)
[=======                                 ]: 4437 (Loss: 0.1367)
[=======                                 ]: 4438 (Loss: 0.1450)
[=======                                 ]: 4439 (Loss: 0.1218)
[========                                ]: 4440 (Loss: 0.2083)
[========                                ]: 4441 (Loss: 0.1107)
[========                                ]: 4442 (Loss: 0.1249)
[========                                ]: 4443 (Loss: 0.1693)
[========                                ]: 4444 (Loss: 0.1301)
[=========                               ]: 4445 (Loss: 0.1512)
[=========                               ]: 4446 (Loss: 0.2431)
[=========                               ]: 4447 (Loss: 0.0122)
[=========                               ]: 4448 (Loss: 0.1673)
[=========                               ]: 4449 (Loss: 0.1270)
[==========                              ]: 4450 (Loss: 0.1305)
[==========                              ]: 4451 (Loss: 0.1381)
[==========                              ]: 4452 (Loss: 0.1581)
[==========                              ]: 4453 (Loss: 0.1111)
[==========                              ]: 4454 (Loss: 0.1037)
[===========                             ]: 4455 (Loss: 0.1406)
[===========                             ]: 4456 (Loss: 0.1312)
[===========                             ]: 4457 (Loss: 0.1507)
[===========                             ]: 4458 (Loss: 0.1078)
[===========                             ]: 4459 (Loss: 0.1559)
[============                            ]: 4460 (Loss: 0.1039)
[============                            ]: 4461 (Loss: 0.1261)
[============                            ]: 4462 (Loss: 0.1102)
[============                            ]: 4463 (Loss: 0.1035)
[============                            ]: 4464 (Loss: 0.1191)
[=============                           ]: 4465 (Loss: 0.0642)
[=============                           ]: 4466 (Loss: 0.1239)
[=============                           ]: 4467 (Loss: 0.1440)
[=============                           ]: 4468 (Loss: 0.1520)
[=============                           ]: 4469 (Loss: 0.1340)
[==============                          ]: 4470 (Loss: 0.3063)
[==============                          ]: 4471 (Loss: 0.1507)
[==============                          ]: 4472 (Loss: 0.1936)
[==============                          ]: 4473 (Loss: 0.1394)
[==============                          ]: 4474 (Loss: 0.1441)
[===============                         ]: 4475 (Loss: 0.1152)
[===============                         ]: 4476 (Loss: 0.1183)
[===============                         ]: 4477 (Loss: 0.1529)
[===============                         ]: 4478 (Loss: 0.1183)
[===============                         ]: 4479 (Loss: 0.0919)
[================                        ]: 4480 (Loss: 0.1522)
[================                        ]: 4481 (Loss: 0.1419)
[================                        ]: 4482 (Loss: 0.1501)
[================                        ]: 4483 (Loss: 0.1177)
[================                        ]: 4484 (Loss: 0.0918)
[=================                       ]: 4485 (Loss: 0.1133)
[=================                       ]: 4486 (Loss: 0.1077)
[=================                       ]: 4487 (Loss: 0.1146)
[=================                       ]: 4488 (Loss: 0.1628)
[=================                       ]: 4489 (Loss: 0.1424)
[==================                      ]: 4490 (Loss: 0.1996)
[==================                      ]: 4491 (Loss: 0.1826)
[==================                      ]: 4492 (Loss: 0.1835)
[==================                      ]: 4493 (Loss: 0.0945)
[==================                      ]: 4494 (Loss: 0.1247)
[===================                     ]: 4495 (Loss: 0.0221)
[===================                     ]: 4496 (Loss: 0.1227)
[===================                     ]: 4497 (Loss: 0.1376)
[===================                     ]: 4498 (Loss: 0.1349)
[===================                     ]: 4499 (Loss: 0.1192)
[====================                    ]: 4500 (Loss: 0.0342)
[====================                    ]: 4501 (Loss: 0.1505)
[====================                    ]: 4502 (Loss: 0.1630)
[====================                    ]: 4503 (Loss: 0.1098)
[====================                    ]: 4504 (Loss: 0.0989)
[=====================                   ]: 4505 (Loss: 0.1463)
[=====================                   ]: 4506 (Loss: 0.2083)
[=====================                   ]: 4507 (Loss: 0.0662)
[=====================                   ]: 4508 (Loss: 0.1578)
[=====================                   ]: 4509 (Loss: 0.0093)
[======================                  ]: 4510 (Loss: 0.0968)
[======================                  ]: 4511 (Loss: 0.0557)
[======================                  ]: 4512 (Loss: 0.1182)
[======================                  ]: 4513 (Loss: 0.1048)
[======================                  ]: 4514 (Loss: 0.1323)
[=======================                 ]: 4515 (Loss: 0.1619)
[=======================                 ]: 4516 (Loss: 0.0997)
[=======================                 ]: 4517 (Loss: 0.1432)
[=======================                 ]: 4518 (Loss: 0.1037)
[=======================                 ]: 4519 (Loss: 0.1492)
[========================                ]: 4520 (Loss: 0.2059)
[========================                ]: 4521 (Loss: 0.0976)
[========================                ]: 4522 (Loss: 0.0968)
[========================                ]: 4523 (Loss: 0.2480)
[========================                ]: 4524 (Loss: 0.1033)
[=========================               ]: 4525 (Loss: 0.1231)
[=========================               ]: 4526 (Loss: 0.1532)
[=========================               ]: 4527 (Loss: 0.0977)
[=========================               ]: 4528 (Loss: 0.1235)
[=========================               ]: 4529 (Loss: 0.0712)
[==========================              ]: 4530 (Loss: 0.1239)
[==========================              ]: 4531 (Loss: 0.0794)
[==========================              ]: 4532 (Loss: 0.0200)
[==========================              ]: 4533 (Loss: 0.0873)
[==========================              ]: 4534 (Loss: 0.0850)
[===========================             ]: 4535 (Loss: 0.1283)
[===========================             ]: 4536 (Loss: 0.1110)
[===========================             ]: 4537 (Loss: 0.0622)
[===========================             ]: 4538 (Loss: 0.1463)
[===========================             ]: 4539 (Loss: 0.0975)
[============================            ]: 4540 (Loss: 0.1528)
[============================            ]: 4541 (Loss: 0.0989)
[============================            ]: 4542 (Loss: 0.1333)
[============================            ]: 4543 (Loss: 0.0737)
[============================            ]: 4544 (Loss: 0.1196)
[=============================           ]: 4545 (Loss: 0.1101)
[=============================           ]: 4546 (Loss: 0.1517)
[=============================           ]: 4547 (Loss: 0.0963)
[=============================           ]: 4548 (Loss: 0.0781)
[=============================           ]: 4549 (Loss: 0.0997)
[==============================          ]: 4550 (Loss: 0.1361)
[==============================          ]: 4551 (Loss: 0.1517)
[==============================          ]: 4552 (Loss: 1.2585)
[==============================          ]: 4553 (Loss: 0.0957)
[==============================          ]: 4554 (Loss: 0.0893)
[===============================         ]: 4555 (Loss: 0.0686)
[===============================         ]: 4556 (Loss: 0.1094)
[===============================         ]: 4557 (Loss: 0.0951)
[===============================         ]: 4558 (Loss: 0.1705)
[===============================         ]: 4559 (Loss: 0.1067)
[================================        ]: 4560 (Loss: 0.1426)
[================================        ]: 4561 (Loss: 0.0813)
[================================        ]: 4562 (Loss: 0.1082)
[================================        ]: 4563 (Loss: 0.0915)
[================================        ]: 4564 (Loss: 0.1068)
[=================================       ]: 4565 (Loss: 0.0822)
[=================================       ]: 4566 (Loss: 0.1022)
[=================================       ]: 4567 (Loss: 1.0502)
[=================================       ]: 4568 (Loss: 1.4246)
[=================================       ]: 4569 (Loss: 0.0158)
[==================================      ]: 4570 (Loss: 0.1100)
[==================================      ]: 4571 (Loss: 0.1307)
[==================================      ]: 4572 (Loss: 0.0670)
[==================================      ]: 4573 (Loss: 0.0919)
[==================================      ]: 4574 (Loss: 0.1578)
[===================================     ]: 4575 (Loss: 0.0886)
[===================================     ]: 4576 (Loss: 0.1170)
[===================================     ]: 4577 (Loss: 0.0884)
[===================================     ]: 4578 (Loss: 0.1595)
[===================================     ]: 4579 (Loss: 0.0829)
[====================================    ]: 4580 (Loss: 0.0989)
[====================================    ]: 4581 (Loss: 0.1219)
[====================================    ]: 4582 (Loss: 0.0622)
[====================================    ]: 4583 (Loss: 0.0606)
[====================================    ]: 4584 (Loss: 0.1261)
[=====================================   ]: 4585 (Loss: 0.0948)
[=====================================   ]: 4586 (Loss: 0.0538)
[=====================================   ]: 4587 (Loss: 0.0878)
[=====================================   ]: 4588 (Loss: 0.1096)
[=====================================   ]: 4589 (Loss: 0.0834)
[======================================  ]: 4590 (Loss: 0.1126)
[======================================  ]: 4591 (Loss: 0.1013)
[======================================  ]: 4592 (Loss: 0.1249)
[======================================  ]: 4593 (Loss: 0.0160)
[======================================  ]: 4594 (Loss: 0.0869)
[======================================= ]: 4595 (Loss: 0.0809)
[======================================= ]: 4596 (Loss: 0.0519)
[======================================= ]: 4597 (Loss: 0.1159)
[======================================= ]: 4598 (Loss: 0.0978)
[======================================= ]: 4599 (Loss: 0.1775)
[========================================]: 4600 (Loss: 0.1275)
                                                                                                    
[2026-07-17 08:50:40,843] [INFO] [__main__] Batch 4600 Loss: 0.152342 Cost: 3.71 Time: 86 ms/sequence
[2026-07-17 08:50:40,849] [INFO] [__main__] Advice weight norm: 21.045883 | Advice gradient norm: 0.294569

[                                        ]: 4601 (Loss: 0.0087)
[                                        ]: 4602 (Loss: 0.0693)
[                                        ]: 4603 (Loss: 0.1236)
[                                        ]: 4604 (Loss: 0.0881)
[=                                       ]: 4605 (Loss: 0.1183)
[=                                       ]: 4606 (Loss: 0.1040)
[=                                       ]: 4607 (Loss: 0.0839)
[=                                       ]: 4608 (Loss: 0.0649)
[=                                       ]: 4609 (Loss: 0.1106)
[==                                      ]: 4610 (Loss: 1.4215)
[==                                      ]: 4611 (Loss: 0.0984)
[==                                      ]: 4612 (Loss: 0.0851)
[==                                      ]: 4613 (Loss: 0.1110)
[==                                      ]: 4614 (Loss: 0.0944)
[===                                     ]: 4615 (Loss: 0.0491)
[===                                     ]: 4616 (Loss: 1.5711)
[===                                     ]: 4617 (Loss: 0.1345)
[===                                     ]: 4618 (Loss: 0.1041)
[===                                     ]: 4619 (Loss: 0.0881)
[====                                    ]: 4620 (Loss: 0.1265)
[====                                    ]: 4621 (Loss: 0.0811)
[====                                    ]: 4622 (Loss: 0.0824)
[====                                    ]: 4623 (Loss: 0.0911)
[====                                    ]: 4624 (Loss: 0.0410)
[=====                                   ]: 4625 (Loss: 0.1044)
[=====                                   ]: 4626 (Loss: 0.0629)
[=====                                   ]: 4627 (Loss: 0.1144)
[=====                                   ]: 4628 (Loss: 0.0967)
[=====                                   ]: 4629 (Loss: 0.1456)
[======                                  ]: 4630 (Loss: 0.1103)
[======                                  ]: 4631 (Loss: 0.0888)
[======                                  ]: 4632 (Loss: 0.0806)
[======                                  ]: 4633 (Loss: 0.0862)
[======                                  ]: 4634 (Loss: 0.1306)
[=======                                 ]: 4635 (Loss: 0.0959)
[=======                                 ]: 4636 (Loss: 0.0486)
[=======                                 ]: 4637 (Loss: 0.1576)
[=======                                 ]: 4638 (Loss: 0.0974)
[=======                                 ]: 4639 (Loss: 0.1668)
[========                                ]: 4640 (Loss: 0.0720)
[========                                ]: 4641 (Loss: 0.0641)
[========                                ]: 4642 (Loss: 0.0879)
[========                                ]: 4643 (Loss: 0.1015)
[========                                ]: 4644 (Loss: 0.1268)
[=========                               ]: 4645 (Loss: 0.1041)
[=========                               ]: 4646 (Loss: 0.1017)
[=========                               ]: 4647 (Loss: 0.0699)
[=========                               ]: 4648 (Loss: 0.0472)
[=========                               ]: 4649 (Loss: 0.0901)
[==========                              ]: 4650 (Loss: 0.1130)
[==========                              ]: 4651 (Loss: 0.1465)
[==========                              ]: 4652 (Loss: 0.0085)
[==========                              ]: 4653 (Loss: 0.1050)
[==========                              ]: 4654 (Loss: 0.0597)
[===========                             ]: 4655 (Loss: 0.1122)
[===========                             ]: 4656 (Loss: 0.1323)
[===========                             ]: 4657 (Loss: 0.0727)
[===========                             ]: 4658 (Loss: 0.0796)
[===========                             ]: 4659 (Loss: 0.1235)
[============                            ]: 4660 (Loss: 1.2928)
[============                            ]: 4661 (Loss: 1.2705)
[============                            ]: 4662 (Loss: 0.1092)
[============                            ]: 4663 (Loss: 0.1009)
[============                            ]: 4664 (Loss: 0.0080)
[=============                           ]: 4665 (Loss: 0.0816)
[=============                           ]: 4666 (Loss: 0.0683)
[=============                           ]: 4667 (Loss: 0.0842)
[=============                           ]: 4668 (Loss: 0.2251)
[=============                           ]: 4669 (Loss: 0.0673)
[==============                          ]: 4670 (Loss: 0.0034)
[==============                          ]: 4671 (Loss: 0.0682)
[==============                          ]: 4672 (Loss: 0.0930)
[==============                          ]: 4673 (Loss: 0.0920)
[==============                          ]: 4674 (Loss: 0.0869)
[===============                         ]: 4675 (Loss: 0.0734)
[===============                         ]: 4676 (Loss: 0.0946)
[===============                         ]: 4677 (Loss: 0.0830)
[===============                         ]: 4678 (Loss: 0.1326)
[===============                         ]: 4679 (Loss: 0.1698)
[================                        ]: 4680 (Loss: 0.1120)
[================                        ]: 4681 (Loss: 0.2133)
[================                        ]: 4682 (Loss: 0.0788)
[================                        ]: 4683 (Loss: 0.0819)
[================                        ]: 4684 (Loss: 0.7396)
[=================                       ]: 4685 (Loss: 0.0999)
[=================                       ]: 4686 (Loss: 0.0796)
[=================                       ]: 4687 (Loss: 0.1075)
[=================                       ]: 4688 (Loss: 0.0918)
[=================                       ]: 4689 (Loss: 0.0779)
[==================                      ]: 4690 (Loss: 0.0769)
[==================                      ]: 4691 (Loss: 0.0933)
[==================                      ]: 4692 (Loss: 0.1043)
[==================                      ]: 4693 (Loss: 0.0916)
[==================                      ]: 4694 (Loss: 0.0854)
[===================                     ]: 4695 (Loss: 0.0989)
[===================                     ]: 4696 (Loss: 0.0662)
[===================                     ]: 4697 (Loss: 0.1693)
[===================                     ]: 4698 (Loss: 0.0825)
[===================                     ]: 4699 (Loss: 0.1005)
[====================                    ]: 4700 (Loss: 0.0728)
[====================                    ]: 4701 (Loss: 0.0582)
[====================                    ]: 4702 (Loss: 0.0722)
[====================                    ]: 4703 (Loss: 0.0779)
[====================                    ]: 4704 (Loss: 0.0726)
[=====================                   ]: 4705 (Loss: 0.0173)
[=====================                   ]: 4706 (Loss: 0.1467)
[=====================                   ]: 4707 (Loss: 0.1905)
[=====================                   ]: 4708 (Loss: 0.0593)
[=====================                   ]: 4709 (Loss: 0.1270)
[======================                  ]: 4710 (Loss: 0.0764)
[======================                  ]: 4711 (Loss: 0.0876)
[======================                  ]: 4712 (Loss: 0.0462)
[======================                  ]: 4713 (Loss: 0.0411)
[======================                  ]: 4714 (Loss: 0.0794)
[=======================                 ]: 4715 (Loss: 0.0425)
[=======================                 ]: 4716 (Loss: 0.0535)
[=======================                 ]: 4717 (Loss: 0.0646)
[=======================                 ]: 4718 (Loss: 0.0611)
[=======================                 ]: 4719 (Loss: 0.0371)
[========================                ]: 4720 (Loss: 0.0855)
[========================                ]: 4721 (Loss: 0.1032)
[========================                ]: 4722 (Loss: 0.0729)
[========================                ]: 4723 (Loss: 0.0438)
[========================                ]: 4724 (Loss: 0.0974)
[=========================               ]: 4725 (Loss: 0.0787)
[=========================               ]: 4726 (Loss: 0.0941)
[=========================               ]: 4727 (Loss: 0.0632)
[=========================               ]: 4728 (Loss: 0.0973)
[=========================               ]: 4729 (Loss: 0.0602)
[==========================              ]: 4730 (Loss: 0.0732)
[==========================              ]: 4731 (Loss: 0.0725)
[==========================              ]: 4732 (Loss: 0.0753)
[==========================              ]: 4733 (Loss: 0.0918)
[==========================              ]: 4734 (Loss: 0.0370)
[===========================             ]: 4735 (Loss: 0.0618)
[===========================             ]: 4736 (Loss: 0.0340)
[===========================             ]: 4737 (Loss: 0.0537)
[===========================             ]: 4738 (Loss: 0.0685)
[===========================             ]: 4739 (Loss: 1.1399)
[============================            ]: 4740 (Loss: 0.0736)
[============================            ]: 4741 (Loss: 0.0672)
[============================            ]: 4742 (Loss: 0.0817)
[============================            ]: 4743 (Loss: 0.0580)
[============================            ]: 4744 (Loss: 0.0693)
[=============================           ]: 4745 (Loss: 0.0756)
[=============================           ]: 4746 (Loss: 0.0693)
[=============================           ]: 4747 (Loss: 0.0658)
[=============================           ]: 4748 (Loss: 0.0636)
[=============================           ]: 4749 (Loss: 0.0592)
[==============================          ]: 4750 (Loss: 0.0871)
[==============================          ]: 4751 (Loss: 0.0994)
[==============================          ]: 4752 (Loss: 0.0714)
[==============================          ]: 4753 (Loss: 0.0729)
[==============================          ]: 4754 (Loss: 0.0786)
[===============================         ]: 4755 (Loss: 0.0568)
[===============================         ]: 4756 (Loss: 0.0895)
[===============================         ]: 4757 (Loss: 0.0596)
[===============================         ]: 4758 (Loss: 0.0945)
[===============================         ]: 4759 (Loss: 0.0783)
[================================        ]: 4760 (Loss: 0.0725)
[================================        ]: 4761 (Loss: 0.0644)
[================================        ]: 4762 (Loss: 0.0730)
[================================        ]: 4763 (Loss: 0.1219)
[================================        ]: 4764 (Loss: 0.1185)
[=================================       ]: 4765 (Loss: 0.0786)
[=================================       ]: 4766 (Loss: 0.0708)
[=================================       ]: 4767 (Loss: 0.0628)
[=================================       ]: 4768 (Loss: 0.0449)
[=================================       ]: 4769 (Loss: 0.0953)
[==================================      ]: 4770 (Loss: 0.0733)
[==================================      ]: 4771 (Loss: 0.0758)
[==================================      ]: 4772 (Loss: 0.0418)
[==================================      ]: 4773 (Loss: 0.0730)
[==================================      ]: 4774 (Loss: 0.0515)
[===================================     ]: 4775 (Loss: 0.0507)
[===================================     ]: 4776 (Loss: 0.0722)
[===================================     ]: 4777 (Loss: 0.0678)
[===================================     ]: 4778 (Loss: 0.0583)
[===================================     ]: 4779 (Loss: 0.0265)
[====================================    ]: 4780 (Loss: 0.0604)
[====================================    ]: 4781 (Loss: 0.6944)
[====================================    ]: 4782 (Loss: 0.0715)
[====================================    ]: 4783 (Loss: 0.0779)
[====================================    ]: 4784 (Loss: 0.0541)
[=====================================   ]: 4785 (Loss: 0.0495)
[=====================================   ]: 4786 (Loss: 0.0740)
[=====================================   ]: 4787 (Loss: 0.0565)
[=====================================   ]: 4788 (Loss: 0.0600)
[=====================================   ]: 4789 (Loss: 0.0819)
[======================================  ]: 4790 (Loss: 0.0618)
[======================================  ]: 4791 (Loss: 0.0693)
[======================================  ]: 4792 (Loss: 0.0423)
[======================================  ]: 4793 (Loss: 0.1595)
[======================================  ]: 4794 (Loss: 0.0398)
[======================================= ]: 4795 (Loss: 0.0498)
[======================================= ]: 4796 (Loss: 0.0545)
[======================================= ]: 4797 (Loss: 0.0518)
[======================================= ]: 4798 (Loss: 0.0579)
[======================================= ]: 4799 (Loss: 0.0047)
[========================================]: 4800 (Loss: 0.0469)
                                                                                                    
[2026-07-17 08:50:58,765] [INFO] [__main__] Batch 4800 Loss: 0.119918 Cost: 3.23 Time: 89 ms/sequence
[2026-07-17 08:50:58,770] [INFO] [__main__] Advice weight norm: 21.183626 | Advice gradient norm: 0.104471

[                                        ]: 4801 (Loss: 0.0416)
[                                        ]: 4802 (Loss: 0.0773)
[                                        ]: 4803 (Loss: 0.0487)
[                                        ]: 4804 (Loss: 0.0536)
[=                                       ]: 4805 (Loss: 0.0836)
[=                                       ]: 4806 (Loss: 0.0640)
[=                                       ]: 4807 (Loss: 0.1181)
[=                                       ]: 4808 (Loss: 0.0694)
[=                                       ]: 4809 (Loss: 0.0355)
[==                                      ]: 4810 (Loss: 0.0104)
[==                                      ]: 4811 (Loss: 0.0276)
[==                                      ]: 4812 (Loss: 0.0464)
[==                                      ]: 4813 (Loss: 0.0575)
[==                                      ]: 4814 (Loss: 0.0615)
[===                                     ]: 4815 (Loss: 0.0502)
[===                                     ]: 4816 (Loss: 0.0488)
[===                                     ]: 4817 (Loss: 0.0776)
[===                                     ]: 4818 (Loss: 0.0468)
[===                                     ]: 4819 (Loss: 0.0588)
[====                                    ]: 4820 (Loss: 0.0506)
[====                                    ]: 4821 (Loss: 0.0606)
[====                                    ]: 4822 (Loss: 0.0368)
[====                                    ]: 4823 (Loss: 0.0573)
[====                                    ]: 4824 (Loss: 0.0503)
[=====                                   ]: 4825 (Loss: 0.0407)
[=====                                   ]: 4826 (Loss: 0.0619)
[=====                                   ]: 4827 (Loss: 0.0320)
[=====                                   ]: 4828 (Loss: 0.0501)
[=====                                   ]: 4829 (Loss: 0.0510)
[======                                  ]: 4830 (Loss: 0.0443)
[======                                  ]: 4831 (Loss: 0.0524)
[======                                  ]: 4832 (Loss: 0.0729)
[======                                  ]: 4833 (Loss: 0.0510)
[======                                  ]: 4834 (Loss: 0.0442)
[=======                                 ]: 4835 (Loss: 0.0285)
[=======                                 ]: 4836 (Loss: 0.0579)
[=======                                 ]: 4837 (Loss: 0.0331)
[=======                                 ]: 4838 (Loss: 0.0514)
[=======                                 ]: 4839 (Loss: 0.0409)
[========                                ]: 4840 (Loss: 0.0544)
[========                                ]: 4841 (Loss: 0.0184)
[========                                ]: 4842 (Loss: 0.0526)
[========                                ]: 4843 (Loss: 0.0777)
[========                                ]: 4844 (Loss: 0.0613)
[=========                               ]: 4845 (Loss: 0.0355)
[=========                               ]: 4846 (Loss: 0.0208)
[=========                               ]: 4847 (Loss: 0.0496)
[=========                               ]: 4848 (Loss: 0.0709)
[=========                               ]: 4849 (Loss: 0.0880)
[==========                              ]: 4850 (Loss: 0.0607)
[==========                              ]: 4851 (Loss: 0.0552)
[==========                              ]: 4852 (Loss: 0.0442)
[==========                              ]: 4853 (Loss: 0.0530)
[==========                              ]: 4854 (Loss: 0.0566)
[===========                             ]: 4855 (Loss: 0.0704)
[===========                             ]: 4856 (Loss: 1.4292)
[===========                             ]: 4857 (Loss: 0.0466)
[===========                             ]: 4858 (Loss: 0.0758)
[===========                             ]: 4859 (Loss: 0.0102)
[============                            ]: 4860 (Loss: 0.0624)
[============                            ]: 4861 (Loss: 0.0446)
[============                            ]: 4862 (Loss: 0.0822)
[============                            ]: 4863 (Loss: 0.0671)
[============                            ]: 4864 (Loss: 0.0537)
[=============                           ]: 4865 (Loss: 0.0557)
[=============                           ]: 4866 (Loss: 0.0615)
[=============                           ]: 4867 (Loss: 0.0870)
[=============                           ]: 4868 (Loss: 0.0356)
[=============                           ]: 4869 (Loss: 0.0859)
[==============                          ]: 4870 (Loss: 0.0638)
[==============                          ]: 4871 (Loss: 0.0447)
[==============                          ]: 4872 (Loss: 0.1501)
[==============                          ]: 4873 (Loss: 0.0545)
[==============                          ]: 4874 (Loss: 0.0543)
[===============                         ]: 4875 (Loss: 0.0542)
[===============                         ]: 4876 (Loss: 0.0446)
[===============                         ]: 4877 (Loss: 0.0483)
[===============                         ]: 4878 (Loss: 0.0605)
[===============                         ]: 4879 (Loss: 0.0625)
[================                        ]: 4880 (Loss: 0.0654)
[================                        ]: 4881 (Loss: 0.0846)
[================                        ]: 4882 (Loss: 0.0676)
[================                        ]: 4883 (Loss: 0.0612)
[================                        ]: 4884 (Loss: 0.0377)
[=================                       ]: 4885 (Loss: 0.0482)
[=================                       ]: 4886 (Loss: 0.0270)
[=================                       ]: 4887 (Loss: 0.0572)
[=================                       ]: 4888 (Loss: 0.0628)
[=================                       ]: 4889 (Loss: 0.0071)
[==================                      ]: 4890 (Loss: 0.0613)
[==================                      ]: 4891 (Loss: 0.0529)
[==================                      ]: 4892 (Loss: 0.0517)
[==================                      ]: 4893 (Loss: 0.0541)
[==================                      ]: 4894 (Loss: 0.0395)
[===================                     ]: 4895 (Loss: 0.0427)
[===================                     ]: 4896 (Loss: 0.0512)
[===================                     ]: 4897 (Loss: 0.0306)
[===================                     ]: 4898 (Loss: 0.0793)
[===================                     ]: 4899 (Loss: 0.0553)
[====================                    ]: 4900 (Loss: 0.0530)
[====================                    ]: 4901 (Loss: 0.0451)
[====================                    ]: 4902 (Loss: 0.0453)
[====================                    ]: 4903 (Loss: 0.0351)
[====================                    ]: 4904 (Loss: 0.1226)
[=====================                   ]: 4905 (Loss: 0.0543)
[=====================                   ]: 4906 (Loss: 0.0481)
[=====================                   ]: 4907 (Loss: 0.0371)
[=====================                   ]: 4908 (Loss: 0.0400)
[=====================                   ]: 4909 (Loss: 0.0449)
[======================                  ]: 4910 (Loss: 0.0645)
[======================                  ]: 4911 (Loss: 0.0374)
[======================                  ]: 4912 (Loss: 0.0403)
[======================                  ]: 4913 (Loss: 0.0395)
[======================                  ]: 4914 (Loss: 0.0257)
[=======================                 ]: 4915 (Loss: 0.0416)
[=======================                 ]: 4916 (Loss: 0.0388)
[=======================                 ]: 4917 (Loss: 0.0526)
[=======================                 ]: 4918 (Loss: 0.0547)
[=======================                 ]: 4919 (Loss: 0.0341)
[========================                ]: 4920 (Loss: 0.1032)
[========================                ]: 4921 (Loss: 0.0568)
[========================                ]: 4922 (Loss: 0.0476)
[========================                ]: 4923 (Loss: 0.0371)
[========================                ]: 4924 (Loss: 0.0491)
[=========================               ]: 4925 (Loss: 0.0330)
[=========================               ]: 4926 (Loss: 0.0663)
[=========================               ]: 4927 (Loss: 0.0444)
[=========================               ]: 4928 (Loss: 0.0517)
[=========================               ]: 4929 (Loss: 0.0279)
[==========================              ]: 4930 (Loss: 0.0296)
[==========================              ]: 4931 (Loss: 0.0676)
[==========================              ]: 4932 (Loss: 0.0544)
[==========================              ]: 4933 (Loss: 0.0322)
[==========================              ]: 4934 (Loss: 0.0121)
[===========================             ]: 4935 (Loss: 0.0128)
[===========================             ]: 4936 (Loss: 0.0425)
[===========================             ]: 4937 (Loss: 0.0418)
[===========================             ]: 4938 (Loss: 0.0275)
[===========================             ]: 4939 (Loss: 0.0491)
[============================            ]: 4940 (Loss: 0.0483)
[============================            ]: 4941 (Loss: 0.0459)
[============================            ]: 4942 (Loss: 0.0441)
[============================            ]: 4943 (Loss: 0.0605)
[============================            ]: 4944 (Loss: 0.0414)
[=============================           ]: 4945 (Loss: 0.0638)
[=============================           ]: 4946 (Loss: 0.0258)
[=============================           ]: 4947 (Loss: 0.0317)
[=============================           ]: 4948 (Loss: 0.0465)
[=============================           ]: 4949 (Loss: 0.0127)
[==============================          ]: 4950 (Loss: 0.0457)
[==============================          ]: 4951 (Loss: 0.0076)
[==============================          ]: 4952 (Loss: 0.0303)
[==============================          ]: 4953 (Loss: 0.0326)
[==============================          ]: 4954 (Loss: 0.0481)
[===============================         ]: 4955 (Loss: 0.0277)
[===============================         ]: 4956 (Loss: 0.0668)
[===============================         ]: 4957 (Loss: 0.0338)
[===============================         ]: 4958 (Loss: 0.0226)
[===============================         ]: 4959 (Loss: 0.0387)
[================================        ]: 4960 (Loss: 0.0595)
[================================        ]: 4961 (Loss: 0.0266)
[================================        ]: 4962 (Loss: 0.0549)
[================================        ]: 4963 (Loss: 0.0811)
[================================        ]: 4964 (Loss: 0.0482)
[=================================       ]: 4965 (Loss: 0.0147)
[=================================       ]: 4966 (Loss: 0.0552)
[=================================       ]: 4967 (Loss: 0.0441)
[=================================       ]: 4968 (Loss: 0.0268)
[=================================       ]: 4969 (Loss: 0.0325)
[==================================      ]: 4970 (Loss: 0.0640)
[==================================      ]: 4971 (Loss: 0.0558)
[==================================      ]: 4972 (Loss: 0.0350)
[==================================      ]: 4973 (Loss: 0.0343)
[==================================      ]: 4974 (Loss: 0.0320)
[===================================     ]: 4975 (Loss: 0.0012)
[===================================     ]: 4976 (Loss: 0.0230)
[===================================     ]: 4977 (Loss: 0.0508)
[===================================     ]: 4978 (Loss: 0.0418)
[===================================     ]: 4979 (Loss: 0.0221)
[====================================    ]: 4980 (Loss: 0.0381)
[====================================    ]: 4981 (Loss: 0.0427)
[====================================    ]: 4982 (Loss: 0.0334)
[====================================    ]: 4983 (Loss: 0.0315)
[====================================    ]: 4984 (Loss: 0.0474)
[=====================================   ]: 4985 (Loss: 0.0481)
[=====================================   ]: 4986 (Loss: 0.0357)
[=====================================   ]: 4987 (Loss: 0.0440)
[=====================================   ]: 4988 (Loss: 0.0458)
[=====================================   ]: 4989 (Loss: 0.0252)
[======================================  ]: 4990 (Loss: 0.0276)
[======================================  ]: 4991 (Loss: 0.0273)
[======================================  ]: 4992 (Loss: 0.0539)
[======================================  ]: 4993 (Loss: 0.0318)
[======================================  ]: 4994 (Loss: 0.0419)
[======================================= ]: 4995 (Loss: 0.0231)
[======================================= ]: 4996 (Loss: 0.0412)
[======================================= ]: 4997 (Loss: 0.0356)
[======================================= ]: 4998 (Loss: 0.0257)
[======================================= ]: 4999 (Loss: 0.0214)
[========================================]: 5000 (Loss: 0.0374)
                                                                                                    
[2026-07-17 08:51:16,680] [INFO] [__main__] Batch 5000 Loss: 0.054828 Cost: 0.89 Time: 89 ms/sequence
[2026-07-17 08:51:16,685] [INFO] [__main__] Advice weight norm: 21.290756 | Advice gradient norm: 0.126034

                                                                                                    
[2026-07-17 08:51:16,686] [INFO] [__main__] Saving checkpoint to 'runs\copy_advice_sweep\copy\combined\seed_1002\checkpoint-batch-00005000.pt'

[                                        ]: 5001 (Loss: 0.0322)
[                                        ]: 5002 (Loss: 0.0271)
[                                        ]: 5003 (Loss: 0.0329)
[                                        ]: 5004 (Loss: 0.0378)
[=                                       ]: 5005 (Loss: 0.0445)
[=                                       ]: 5006 (Loss: 0.0349)
[=                                       ]: 5007 (Loss: 0.0745)
[=                                       ]: 5008 (Loss: 0.0333)
[=                                       ]: 5009 (Loss: 0.0434)
[==                                      ]: 5010 (Loss: 0.0650)
[==                                      ]: 5011 (Loss: 0.0433)
[==                                      ]: 5012 (Loss: 0.0655)
[==                                      ]: 5013 (Loss: 0.0279)
[==                                      ]: 5014 (Loss: 0.0257)
[===                                     ]: 5015 (Loss: 0.0242)
[===                                     ]: 5016 (Loss: 0.0299)
[===                                     ]: 5017 (Loss: 0.0329)
[===                                     ]: 5018 (Loss: 0.0574)
[===                                     ]: 5019 (Loss: 0.0448)
[====                                    ]: 5020 (Loss: 0.0355)
[====                                    ]: 5021 (Loss: 0.0297)
[====                                    ]: 5022 (Loss: 0.0402)
[====                                    ]: 5023 (Loss: 0.0416)
[====                                    ]: 5024 (Loss: 0.2268)
[=====                                   ]: 5025 (Loss: 0.0399)
[=====                                   ]: 5026 (Loss: 0.0384)
[=====                                   ]: 5027 (Loss: 0.0063)
[=====                                   ]: 5028 (Loss: 0.0284)
[=====                                   ]: 5029 (Loss: 0.0133)
[======                                  ]: 5030 (Loss: 0.0532)
[======                                  ]: 5031 (Loss: 0.0294)
[======                                  ]: 5032 (Loss: 0.0318)
[======                                  ]: 5033 (Loss: 0.0300)
[======                                  ]: 5034 (Loss: 0.0305)
[=======                                 ]: 5035 (Loss: 0.0025)
[=======                                 ]: 5036 (Loss: 0.0385)
[=======                                 ]: 5037 (Loss: 0.0269)
[=======                                 ]: 5038 (Loss: 0.0290)
[=======                                 ]: 5039 (Loss: 0.0380)
[========                                ]: 5040 (Loss: 0.0190)
[========                                ]: 5041 (Loss: 0.0424)
[========                                ]: 5042 (Loss: 0.0266)
[========                                ]: 5043 (Loss: 0.0304)
[========                                ]: 5044 (Loss: 0.0190)
[=========                               ]: 5045 (Loss: 0.0352)
[=========                               ]: 5046 (Loss: 0.0257)
[=========                               ]: 5047 (Loss: 0.0153)
[=========                               ]: 5048 (Loss: 0.0295)
[=========                               ]: 5049 (Loss: 0.0312)
[==========                              ]: 5050 (Loss: 0.0472)
[==========                              ]: 5051 (Loss: 0.0304)
[==========                              ]: 5052 (Loss: 0.0286)
[==========                              ]: 5053 (Loss: 0.0312)
[==========                              ]: 5054 (Loss: 0.0261)
[===========                             ]: 5055 (Loss: 0.0281)
[===========                             ]: 5056 (Loss: 0.0191)
[===========                             ]: 5057 (Loss: 0.0311)
[===========                             ]: 5058 (Loss: 0.0464)
[===========                             ]: 5059 (Loss: 0.0450)
[============                            ]: 5060 (Loss: 0.0359)
[============                            ]: 5061 (Loss: 0.0231)
[============                            ]: 5062 (Loss: 0.0192)
[============                            ]: 5063 (Loss: 0.0271)
[============                            ]: 5064 (Loss: 0.0267)
[=============                           ]: 5065 (Loss: 0.0334)
[=============                           ]: 5066 (Loss: 0.0230)
[=============                           ]: 5067 (Loss: 0.0331)
[=============                           ]: 5068 (Loss: 0.0402)
[=============                           ]: 5069 (Loss: 0.0239)
[==============                          ]: 5070 (Loss: 0.0921)
[==============                          ]: 5071 (Loss: 0.0321)
[==============                          ]: 5072 (Loss: 0.0235)
[==============                          ]: 5073 (Loss: 0.0410)
[==============                          ]: 5074 (Loss: 0.0026)
[===============                         ]: 5075 (Loss: 0.0413)
[===============                         ]: 5076 (Loss: 0.0214)
[===============                         ]: 5077 (Loss: 0.0256)
[===============                         ]: 5078 (Loss: 0.0241)
[===============                         ]: 5079 (Loss: 0.0017)
[================                        ]: 5080 (Loss: 0.0201)
[================                        ]: 5081 (Loss: 0.0533)
[================                        ]: 5082 (Loss: 0.0170)
[================                        ]: 5083 (Loss: 0.0275)
[================                        ]: 5084 (Loss: 0.7793)
[=================                       ]: 5085 (Loss: 0.0180)
[=================                       ]: 5086 (Loss: 0.0338)
[=================                       ]: 5087 (Loss: 0.0443)
[=================                       ]: 5088 (Loss: 0.0283)
[=================                       ]: 5089 (Loss: 0.0223)
[==================                      ]: 5090 (Loss: 0.0277)
[==================                      ]: 5091 (Loss: 0.0213)
[==================                      ]: 5092 (Loss: 0.0473)
[==================                      ]: 5093 (Loss: 0.0375)
[==================                      ]: 5094 (Loss: 0.0162)
[===================                     ]: 5095 (Loss: 0.0375)
[===================                     ]: 5096 (Loss: 0.0268)
[===================                     ]: 5097 (Loss: 0.0506)
[===================                     ]: 5098 (Loss: 0.0263)
[===================                     ]: 5099 (Loss: 0.0344)
[====================                    ]: 5100 (Loss: 0.0184)
[====================                    ]: 5101 (Loss: 0.0176)
[====================                    ]: 5102 (Loss: 0.0254)
[====================                    ]: 5103 (Loss: 0.0160)
[====================                    ]: 5104 (Loss: 0.0281)
[=====================                   ]: 5105 (Loss: 0.0253)
[=====================                   ]: 5106 (Loss: 0.0376)
[=====================                   ]: 5107 (Loss: 0.0014)
[=====================                   ]: 5108 (Loss: 0.0455)
[=====================                   ]: 5109 (Loss: 0.0283)
[======================                  ]: 5110 (Loss: 0.0230)
[======================                  ]: 5111 (Loss: 0.0717)
[======================                  ]: 5112 (Loss: 0.0243)
[======================                  ]: 5113 (Loss: 0.0359)
[======================                  ]: 5114 (Loss: 0.0393)
[=======================                 ]: 5115 (Loss: 0.0164)
[=======================                 ]: 5116 (Loss: 0.0243)
[=======================                 ]: 5117 (Loss: 0.0166)
[=======================                 ]: 5118 (Loss: 0.0152)
[=======================                 ]: 5119 (Loss: 0.0228)
[========================                ]: 5120 (Loss: 0.0216)
[========================                ]: 5121 (Loss: 0.0230)
[========================                ]: 5122 (Loss: 0.1242)
[========================                ]: 5123 (Loss: 0.0260)
[========================                ]: 5124 (Loss: 0.0725)
[=========================               ]: 5125 (Loss: 0.0208)
[=========================               ]: 5126 (Loss: 0.0237)
[=========================               ]: 5127 (Loss: 0.0720)
[=========================               ]: 5128 (Loss: 0.0517)
[=========================               ]: 5129 (Loss: 0.0371)
[==========================              ]: 5130 (Loss: 0.0106)
[==========================              ]: 5131 (Loss: 0.0457)
[==========================              ]: 5132 (Loss: 0.0170)
[==========================              ]: 5133 (Loss: 0.0250)
[==========================              ]: 5134 (Loss: 0.0132)
[===========================             ]: 5135 (Loss: 0.0238)
[===========================             ]: 5136 (Loss: 2.0405)
[===========================             ]: 5137 (Loss: 0.0374)
[===========================             ]: 5138 (Loss: 0.0244)
[===========================             ]: 5139 (Loss: 0.0492)
[============================            ]: 5140 (Loss: 0.0216)
[============================            ]: 5141 (Loss: 0.0273)
[============================            ]: 5142 (Loss: 0.0163)
[============================            ]: 5143 (Loss: 0.0541)
[============================            ]: 5144 (Loss: 0.0068)
[=============================           ]: 5145 (Loss: 0.0273)
[=============================           ]: 5146 (Loss: 0.0378)
[=============================           ]: 5147 (Loss: 0.1235)
[=============================           ]: 5148 (Loss: 0.1363)
[=============================           ]: 5149 (Loss: 0.0482)
[==============================          ]: 5150 (Loss: 0.0974)
[==============================          ]: 5151 (Loss: 0.0295)
[==============================          ]: 5152 (Loss: 0.0375)
[==============================          ]: 5153 (Loss: 0.0411)
[==============================          ]: 5154 (Loss: 0.0446)
[===============================         ]: 5155 (Loss: 0.0246)
[===============================         ]: 5156 (Loss: 0.0279)
[===============================         ]: 5157 (Loss: 0.0290)
[===============================         ]: 5158 (Loss: 0.0328)
[===============================         ]: 5159 (Loss: 0.0281)
[================================        ]: 5160 (Loss: 0.0175)
[================================        ]: 5161 (Loss: 0.0186)
[================================        ]: 5162 (Loss: 0.0521)
[================================        ]: 5163 (Loss: 0.0275)
[================================        ]: 5164 (Loss: 0.0235)
[=================================       ]: 5165 (Loss: 0.0327)
[=================================       ]: 5166 (Loss: 0.0420)
[=================================       ]: 5167 (Loss: 0.0630)
[=================================       ]: 5168 (Loss: 0.0278)
[=================================       ]: 5169 (Loss: 0.0369)
[==================================      ]: 5170 (Loss: 0.0151)
[==================================      ]: 5171 (Loss: 0.0256)
[==================================      ]: 5172 (Loss: 0.0375)
[==================================      ]: 5173 (Loss: 0.0136)
[==================================      ]: 5174 (Loss: 0.0214)
[===================================     ]: 5175 (Loss: 0.0427)
[===================================     ]: 5176 (Loss: 0.0227)
[===================================     ]: 5177 (Loss: 0.0310)
[===================================     ]: 5178 (Loss: 0.0224)
[===================================     ]: 5179 (Loss: 0.0201)
[====================================    ]: 5180 (Loss: 0.1047)
[====================================    ]: 5181 (Loss: 0.0260)
[====================================    ]: 5182 (Loss: 0.0210)
[====================================    ]: 5183 (Loss: 0.0144)
[====================================    ]: 5184 (Loss: 0.0025)
[=====================================   ]: 5185 (Loss: 0.0031)
[=====================================   ]: 5186 (Loss: 0.0229)
[=====================================   ]: 5187 (Loss: 0.0266)
[=====================================   ]: 5188 (Loss: 0.0206)
[=====================================   ]: 5189 (Loss: 0.0015)
[======================================  ]: 5190 (Loss: 0.0228)
[======================================  ]: 5191 (Loss: 0.0338)
[======================================  ]: 5192 (Loss: 0.0259)
[======================================  ]: 5193 (Loss: 0.0311)
[======================================  ]: 5194 (Loss: 0.0448)
[======================================= ]: 5195 (Loss: 0.0149)
[======================================= ]: 5196 (Loss: 0.0169)
[======================================= ]: 5197 (Loss: 0.0132)
[======================================= ]: 5198 (Loss: 0.0218)
[======================================= ]: 5199 (Loss: 0.0029)
[========================================]: 5200 (Loss: 0.0273)
                                                                                                    
[2026-07-17 08:51:34,669] [INFO] [__main__] Batch 5200 Loss: 0.047157 Cost: 1.15 Time: 89 ms/sequence
[2026-07-17 08:51:34,674] [INFO] [__main__] Advice weight norm: 21.393726 | Advice gradient norm: 0.081120

[                                        ]: 5201 (Loss: 0.0531)
[                                        ]: 5202 (Loss: 0.0223)
[                                        ]: 5203 (Loss: 0.0168)
[                                        ]: 5204 (Loss: 0.0258)
[=                                       ]: 5205 (Loss: 0.0193)
[=                                       ]: 5206 (Loss: 0.0355)
[=                                       ]: 5207 (Loss: 0.0154)
[=                                       ]: 5208 (Loss: 0.0159)
[=                                       ]: 5209 (Loss: 0.0161)
[==                                      ]: 5210 (Loss: 0.0202)
[==                                      ]: 5211 (Loss: 0.0122)
[==                                      ]: 5212 (Loss: 0.0173)
[==                                      ]: 5213 (Loss: 0.0233)
[==                                      ]: 5214 (Loss: 0.0390)
[===                                     ]: 5215 (Loss: 0.0389)
[===                                     ]: 5216 (Loss: 0.0139)
[===                                     ]: 5217 (Loss: 0.0229)
[===                                     ]: 5218 (Loss: 0.0024)
[===                                     ]: 5219 (Loss: 0.0246)
[====                                    ]: 5220 (Loss: 0.0246)
[====                                    ]: 5221 (Loss: 0.0136)
[====                                    ]: 5222 (Loss: 0.0047)
[====                                    ]: 5223 (Loss: 0.0153)
[====                                    ]: 5224 (Loss: 0.0213)
[=====                                   ]: 5225 (Loss: 0.0159)
[=====                                   ]: 5226 (Loss: 0.0174)
[=====                                   ]: 5227 (Loss: 0.0236)
[=====                                   ]: 5228 (Loss: 0.0163)
[=====                                   ]: 5229 (Loss: 0.0033)
[======                                  ]: 5230 (Loss: 0.0589)
[======                                  ]: 5231 (Loss: 0.0198)
[======                                  ]: 5232 (Loss: 0.0016)
[======                                  ]: 5233 (Loss: 0.0161)
[======                                  ]: 5234 (Loss: 0.0159)
[=======                                 ]: 5235 (Loss: 0.0232)
[=======                                 ]: 5236 (Loss: 0.0253)
[=======                                 ]: 5237 (Loss: 0.0440)
[=======                                 ]: 5238 (Loss: 0.0142)
[=======                                 ]: 5239 (Loss: 0.0157)
[========                                ]: 5240 (Loss: 0.0238)
[========                                ]: 5241 (Loss: 0.0202)
[========                                ]: 5242 (Loss: 0.0091)
[========                                ]: 5243 (Loss: 0.0164)
[========                                ]: 5244 (Loss: 0.0388)
[=========                               ]: 5245 (Loss: 0.0325)
[=========                               ]: 5246 (Loss: 0.0160)
[=========                               ]: 5247 (Loss: 0.0102)
[=========                               ]: 5248 (Loss: 0.0233)
[=========                               ]: 5249 (Loss: 0.0215)
[==========                              ]: 5250 (Loss: 0.0224)
[==========                              ]: 5251 (Loss: 0.0469)
[==========                              ]: 5252 (Loss: 0.0193)
[==========                              ]: 5253 (Loss: 0.0334)
[==========                              ]: 5254 (Loss: 0.0135)
[===========                             ]: 5255 (Loss: 0.0141)
[===========                             ]: 5256 (Loss: 0.0236)
[===========                             ]: 5257 (Loss: 0.0131)
[===========                             ]: 5258 (Loss: 0.0240)
[===========                             ]: 5259 (Loss: 0.0179)
[============                            ]: 5260 (Loss: 0.0335)
[============                            ]: 5261 (Loss: 0.0210)
[============                            ]: 5262 (Loss: 0.0166)
[============                            ]: 5263 (Loss: 0.0012)
[============                            ]: 5264 (Loss: 0.0116)
[=============                           ]: 5265 (Loss: 0.0025)
[=============                           ]: 5266 (Loss: 0.0025)
[=============                           ]: 5267 (Loss: 0.0152)
[=============                           ]: 5268 (Loss: 0.0259)
[=============                           ]: 5269 (Loss: 0.0245)
[==============                          ]: 5270 (Loss: 0.0273)
[==============                          ]: 5271 (Loss: 0.0264)
[==============                          ]: 5272 (Loss: 0.0151)
[==============                          ]: 5273 (Loss: 0.0214)
[==============                          ]: 5274 (Loss: 0.0104)
[===============                         ]: 5275 (Loss: 0.0191)
[===============                         ]: 5276 (Loss: 0.0160)
[===============                         ]: 5277 (Loss: 0.0052)
[===============                         ]: 5278 (Loss: 0.0323)
[===============                         ]: 5279 (Loss: 0.0172)
[================                        ]: 5280 (Loss: 0.0042)
[================                        ]: 5281 (Loss: 0.0179)
[================                        ]: 5282 (Loss: 0.0238)
[================                        ]: 5283 (Loss: 0.0104)
[================                        ]: 5284 (Loss: 0.0201)
[=================                       ]: 5285 (Loss: 0.0179)
[=================                       ]: 5286 (Loss: 0.0016)
[=================                       ]: 5287 (Loss: 0.0145)
[=================                       ]: 5288 (Loss: 0.0264)
[=================                       ]: 5289 (Loss: 0.0165)
[==================                      ]: 5290 (Loss: 0.0111)
[==================                      ]: 5291 (Loss: 0.0163)
[==================                      ]: 5292 (Loss: 0.0202)
[==================                      ]: 5293 (Loss: 0.0169)
[==================                      ]: 5294 (Loss: 0.0176)
[===================                     ]: 5295 (Loss: 0.0153)
[===================                     ]: 5296 (Loss: 0.0123)
[===================                     ]: 5297 (Loss: 0.0126)
[===================                     ]: 5298 (Loss: 0.0009)
[===================                     ]: 5299 (Loss: 0.0126)
[====================                    ]: 5300 (Loss: 0.0256)
[====================                    ]: 5301 (Loss: 0.0042)
[====================                    ]: 5302 (Loss: 0.0022)
[====================                    ]: 5303 (Loss: 0.0030)
[====================                    ]: 5304 (Loss: 0.0053)
[=====================                   ]: 5305 (Loss: 0.0217)
[=====================                   ]: 5306 (Loss: 0.0006)
[=====================                   ]: 5307 (Loss: 0.0034)
[=====================                   ]: 5308 (Loss: 0.0134)
[=====================                   ]: 5309 (Loss: 0.0145)
[======================                  ]: 5310 (Loss: 0.0149)
[======================                  ]: 5311 (Loss: 0.0120)
[======================                  ]: 5312 (Loss: 0.0243)
[======================                  ]: 5313 (Loss: 0.0126)
[======================                  ]: 5314 (Loss: 0.0193)
[=======================                 ]: 5315 (Loss: 0.0160)
[=======================                 ]: 5316 (Loss: 0.0243)
[=======================                 ]: 5317 (Loss: 0.0453)
[=======================                 ]: 5318 (Loss: 0.0008)
[=======================                 ]: 5319 (Loss: 0.0134)
[========================                ]: 5320 (Loss: 0.0077)
[========================                ]: 5321 (Loss: 0.0125)
[========================                ]: 5322 (Loss: 0.0003)
[========================                ]: 5323 (Loss: 0.0251)
[========================                ]: 5324 (Loss: 0.0256)
[=========================               ]: 5325 (Loss: 0.0302)
[=========================               ]: 5326 (Loss: 0.0162)
[=========================               ]: 5327 (Loss: 0.0190)
[=========================               ]: 5328 (Loss: 0.0128)
[=========================               ]: 5329 (Loss: 0.0179)
[==========================              ]: 5330 (Loss: 0.0170)
[==========================              ]: 5331 (Loss: 0.0252)
[==========================              ]: 5332 (Loss: 0.0068)
[==========================              ]: 5333 (Loss: 0.0092)
[==========================              ]: 5334 (Loss: 0.0166)
[===========================             ]: 5335 (Loss: 0.0402)
[===========================             ]: 5336 (Loss: 0.0291)
[===========================             ]: 5337 (Loss: 0.0538)
[===========================             ]: 5338 (Loss: 0.0268)
[===========================             ]: 5339 (Loss: 0.0191)
[============================            ]: 5340 (Loss: 0.0156)
[============================            ]: 5341 (Loss: 0.0141)
[============================            ]: 5342 (Loss: 0.0112)
[============================            ]: 5343 (Loss: 0.0098)
[============================            ]: 5344 (Loss: 0.0164)
[=============================           ]: 5345 (Loss: 0.0191)
[=============================           ]: 5346 (Loss: 0.0061)
[=============================           ]: 5347 (Loss: 0.0156)
[=============================           ]: 5348 (Loss: 0.0457)
[=============================           ]: 5349 (Loss: 0.0230)
[==============================          ]: 5350 (Loss: 0.0187)
[==============================          ]: 5351 (Loss: 0.0077)
[==============================          ]: 5352 (Loss: 0.0141)
[==============================          ]: 5353 (Loss: 0.0087)
[==============================          ]: 5354 (Loss: 0.0202)
[===============================         ]: 5355 (Loss: 0.0353)
[===============================         ]: 5356 (Loss: 0.0132)
[===============================         ]: 5357 (Loss: 0.0149)
[===============================         ]: 5358 (Loss: 0.0069)
[===============================         ]: 5359 (Loss: 0.0120)
[================================        ]: 5360 (Loss: 0.0134)
[================================        ]: 5361 (Loss: 0.0173)
[================================        ]: 5362 (Loss: 0.0122)
[================================        ]: 5363 (Loss: 0.0020)
[================================        ]: 5364 (Loss: 0.0172)
[=================================       ]: 5365 (Loss: 0.0152)
[=================================       ]: 5366 (Loss: 0.0181)
[=================================       ]: 5367 (Loss: 0.0155)
[=================================       ]: 5368 (Loss: 0.0141)
[=================================       ]: 5369 (Loss: 0.0179)
[==================================      ]: 5370 (Loss: 0.0111)
[==================================      ]: 5371 (Loss: 0.0397)
[==================================      ]: 5372 (Loss: 0.0165)
[==================================      ]: 5373 (Loss: 0.0117)
[==================================      ]: 5374 (Loss: 0.0228)
[===================================     ]: 5375 (Loss: 0.0130)
[===================================     ]: 5376 (Loss: 0.0111)
[===================================     ]: 5377 (Loss: 0.0109)
[===================================     ]: 5378 (Loss: 0.0231)
[===================================     ]: 5379 (Loss: 0.0104)
[====================================    ]: 5380 (Loss: 0.0307)
[====================================    ]: 5381 (Loss: 0.0187)
[====================================    ]: 5382 (Loss: 0.0063)
[====================================    ]: 5383 (Loss: 0.0152)
[====================================    ]: 5384 (Loss: 0.0275)
[=====================================   ]: 5385 (Loss: 0.0135)
[=====================================   ]: 5386 (Loss: 0.0115)
[=====================================   ]: 5387 (Loss: 0.0058)
[=====================================   ]: 5388 (Loss: 0.0183)
[=====================================   ]: 5389 (Loss: 0.0152)
[======================================  ]: 5390 (Loss: 0.0194)
[======================================  ]: 5391 (Loss: 0.0038)
[======================================  ]: 5392 (Loss: 0.0169)
[======================================  ]: 5393 (Loss: 0.0143)
[======================================  ]: 5394 (Loss: 0.0054)
[======================================= ]: 5395 (Loss: 0.0196)
[======================================= ]: 5396 (Loss: 0.0190)
[======================================= ]: 5397 (Loss: 0.0205)
[======================================= ]: 5398 (Loss: 0.0123)
[======================================= ]: 5399 (Loss: 0.0102)
[========================================]: 5400 (Loss: 0.0164)
                                                                                                    
[2026-07-17 08:51:51,786] [INFO] [__main__] Batch 5400 Loss: 0.017750 Cost: 0.15 Time: 85 ms/sequence
[2026-07-17 08:51:51,792] [INFO] [__main__] Advice weight norm: 21.530865 | Advice gradient norm: 0.132227

[                                        ]: 5401 (Loss: 0.0065)
[                                        ]: 5402 (Loss: 0.0009)
[                                        ]: 5403 (Loss: 0.0137)
[                                        ]: 5404 (Loss: 0.0162)
[=                                       ]: 5405 (Loss: 0.0096)
[=                                       ]: 5406 (Loss: 0.0197)
[=                                       ]: 5407 (Loss: 0.0134)
[=                                       ]: 5408 (Loss: 0.0099)
[=                                       ]: 5409 (Loss: 0.0054)
[==                                      ]: 5410 (Loss: 0.0170)
[==                                      ]: 5411 (Loss: 0.0070)
[==                                      ]: 5412 (Loss: 0.0073)
[==                                      ]: 5413 (Loss: 0.0057)
[==                                      ]: 5414 (Loss: 0.0107)
[===                                     ]: 5415 (Loss: 0.0207)
[===                                     ]: 5416 (Loss: 0.0022)
[===                                     ]: 5417 (Loss: 0.0082)
[===                                     ]: 5418 (Loss: 0.0114)
[===                                     ]: 5419 (Loss: 0.0143)
[====                                    ]: 5420 (Loss: 0.0021)
[====                                    ]: 5421 (Loss: 0.0590)
[====                                    ]: 5422 (Loss: 0.0052)
[====                                    ]: 5423 (Loss: 0.0131)
[====                                    ]: 5424 (Loss: 0.0167)
[=====                                   ]: 5425 (Loss: 0.0112)
[=====                                   ]: 5426 (Loss: 0.0113)
[=====                                   ]: 5427 (Loss: 0.0053)
[=====                                   ]: 5428 (Loss: 0.0030)
[=====                                   ]: 5429 (Loss: 0.0151)
[======                                  ]: 5430 (Loss: 3.2737)
[======                                  ]: 5431 (Loss: 0.0005)
[======                                  ]: 5432 (Loss: 0.0319)
[======                                  ]: 5433 (Loss: 0.0062)
[======                                  ]: 5434 (Loss: 0.0151)
[=======                                 ]: 5435 (Loss: 0.0196)
[=======                                 ]: 5436 (Loss: 0.0169)
[=======                                 ]: 5437 (Loss: 0.0349)
[=======                                 ]: 5438 (Loss: 0.0092)
[=======                                 ]: 5439 (Loss: 0.0643)
[========                                ]: 5440 (Loss: 0.0207)
[========                                ]: 5441 (Loss: 0.0184)
[========                                ]: 5442 (Loss: 0.0255)
[========                                ]: 5443 (Loss: 0.0215)
[========                                ]: 5444 (Loss: 0.0504)
[=========                               ]: 5445 (Loss: 0.0380)
[=========                               ]: 5446 (Loss: 0.0263)
[=========                               ]: 5447 (Loss: 0.0187)
[=========                               ]: 5448 (Loss: 0.0093)
[=========                               ]: 5449 (Loss: 0.0058)
[==========                              ]: 5450 (Loss: 0.0107)
[==========                              ]: 5451 (Loss: 0.0152)
[==========                              ]: 5452 (Loss: 0.0131)
[==========                              ]: 5453 (Loss: 0.0077)
[==========                              ]: 5454 (Loss: 0.0107)
[===========                             ]: 5455 (Loss: 0.0142)
[===========                             ]: 5456 (Loss: 0.0020)
[===========                             ]: 5457 (Loss: 0.0121)
[===========                             ]: 5458 (Loss: 0.0082)
[===========                             ]: 5459 (Loss: 0.0142)
[============                            ]: 5460 (Loss: 0.0081)
[============                            ]: 5461 (Loss: 0.0041)
[============                            ]: 5462 (Loss: 0.0089)
[============                            ]: 5463 (Loss: 0.0256)
[============                            ]: 5464 (Loss: 0.0118)
[=============                           ]: 5465 (Loss: 0.0251)
[=============                           ]: 5466 (Loss: 0.0179)
[=============                           ]: 5467 (Loss: 0.0119)
[=============                           ]: 5468 (Loss: 0.0116)
[=============                           ]: 5469 (Loss: 0.0066)
[==============                          ]: 5470 (Loss: 0.0134)
[==============                          ]: 5471 (Loss: 0.0079)
[==============                          ]: 5472 (Loss: 0.0085)
[==============                          ]: 5473 (Loss: 0.0078)
[==============                          ]: 5474 (Loss: 1.7607)
[===============                         ]: 5475 (Loss: 0.0167)
[===============                         ]: 5476 (Loss: 0.0087)
[===============                         ]: 5477 (Loss: 0.0125)
[===============                         ]: 5478 (Loss: 0.0422)
[===============                         ]: 5479 (Loss: 0.0062)
[================                        ]: 5480 (Loss: 0.0005)
[================                        ]: 5481 (Loss: 0.0090)
[================                        ]: 5482 (Loss: 0.0199)
[================                        ]: 5483 (Loss: 0.0273)
[================                        ]: 5484 (Loss: 0.0507)
[=================                       ]: 5485 (Loss: 0.0058)
[=================                       ]: 5486 (Loss: 0.0093)
[=================                       ]: 5487 (Loss: 0.0509)
[=================                       ]: 5488 (Loss: 0.1066)
[=================                       ]: 5489 (Loss: 0.0335)
[==================                      ]: 5490 (Loss: 0.0276)
[==================                      ]: 5491 (Loss: 0.7090)
[==================                      ]: 5492 (Loss: 0.0131)
[==================                      ]: 5493 (Loss: 0.0156)
[==================                      ]: 5494 (Loss: 0.0789)
[===================                     ]: 5495 (Loss: 0.0331)
[===================                     ]: 5496 (Loss: 0.0579)
[===================                     ]: 5497 (Loss: 0.0797)
[===================                     ]: 5498 (Loss: 0.0398)
[===================                     ]: 5499 (Loss: 0.0405)
[====================                    ]: 5500 (Loss: 0.0394)
[====================                    ]: 5501 (Loss: 2.1363)
[====================                    ]: 5502 (Loss: 0.6955)
[====================                    ]: 5503 (Loss: 0.0118)
[====================                    ]: 5504 (Loss: 1.7132)
[=====================                   ]: 5505 (Loss: 0.0429)
[=====================                   ]: 5506 (Loss: 0.0029)
[=====================                   ]: 5507 (Loss: 0.0633)
[=====================                   ]: 5508 (Loss: 2.3308)
[=====================                   ]: 5509 (Loss: 0.0321)
[======================                  ]: 5510 (Loss: 2.4884)
[======================                  ]: 5511 (Loss: 0.7372)
[======================                  ]: 5512 (Loss: 0.0512)
[======================                  ]: 5513 (Loss: 0.0674)
[======================                  ]: 5514 (Loss: 0.6355)
[=======================                 ]: 5515 (Loss: 0.0408)
[=======================                 ]: 5516 (Loss: 0.0227)
[=======================                 ]: 5517 (Loss: 0.0364)
[=======================                 ]: 5518 (Loss: 0.0133)
[=======================                 ]: 5519 (Loss: 0.0306)
[========================                ]: 5520 (Loss: 0.0375)
[========================                ]: 5521 (Loss: 0.0135)
[========================                ]: 5522 (Loss: 0.0879)
[========================                ]: 5523 (Loss: 0.0109)
[========================                ]: 5524 (Loss: 2.2301)
[=========================               ]: 5525 (Loss: 0.0591)
[=========================               ]: 5526 (Loss: 0.0019)
[=========================               ]: 5527 (Loss: 0.1472)
[=========================               ]: 5528 (Loss: 0.0992)
[=========================               ]: 5529 (Loss: 0.0111)
[==========================              ]: 5530 (Loss: 0.0550)
[==========================              ]: 5531 (Loss: 0.0410)
[==========================              ]: 5532 (Loss: 0.0225)
[==========================              ]: 5533 (Loss: 0.6864)
[==========================              ]: 5534 (Loss: 0.6349)
[===========================             ]: 5535 (Loss: 0.0440)
[===========================             ]: 5536 (Loss: 0.0257)
[===========================             ]: 5537 (Loss: 0.0624)
[===========================             ]: 5538 (Loss: 2.0206)
[===========================             ]: 5539 (Loss: 3.0267)
[============================            ]: 5540 (Loss: 0.0297)
[============================            ]: 5541 (Loss: 0.0374)
[============================            ]: 5542 (Loss: 2.2507)
[============================            ]: 5543 (Loss: 0.0165)
[============================            ]: 5544 (Loss: 0.0626)
[=============================           ]: 5545 (Loss: 0.0304)
[=============================           ]: 5546 (Loss: 0.0106)
[=============================           ]: 5547 (Loss: 0.0500)
[=============================           ]: 5548 (Loss: 0.7234)
[=============================           ]: 5549 (Loss: 0.0176)
[==============================          ]: 5550 (Loss: 0.6601)
[==============================          ]: 5551 (Loss: 0.0607)
[==============================          ]: 5552 (Loss: 0.0520)
[==============================          ]: 5553 (Loss: 0.0222)
[==============================          ]: 5554 (Loss: 0.0135)
[===============================         ]: 5555 (Loss: 0.0287)
[===============================         ]: 5556 (Loss: 0.0231)
[===============================         ]: 5557 (Loss: 0.0449)
[===============================         ]: 5558 (Loss: 0.0310)
[===============================         ]: 5559 (Loss: 0.0713)
[================================        ]: 5560 (Loss: 0.0550)
[================================        ]: 5561 (Loss: 0.0673)
[================================        ]: 5562 (Loss: 0.0589)
[================================        ]: 5563 (Loss: 0.0445)
[================================        ]: 5564 (Loss: 0.0113)
[=================================       ]: 5565 (Loss: 0.0292)
[=================================       ]: 5566 (Loss: 0.0211)
[=================================       ]: 5567 (Loss: 0.0572)
[=================================       ]: 5568 (Loss: 0.0078)
[=================================       ]: 5569 (Loss: 0.0158)
[==================================      ]: 5570 (Loss: 0.0220)
[==================================      ]: 5571 (Loss: 0.0248)
[==================================      ]: 5572 (Loss: 0.0280)
[==================================      ]: 5573 (Loss: 0.7275)
[==================================      ]: 5574 (Loss: 0.0189)
[===================================     ]: 5575 (Loss: 0.0088)
[===================================     ]: 5576 (Loss: 0.0142)
[===================================     ]: 5577 (Loss: 0.0106)
[===================================     ]: 5578 (Loss: 0.0303)
[===================================     ]: 5579 (Loss: 0.0171)
[====================================    ]: 5580 (Loss: 0.0285)
[====================================    ]: 5581 (Loss: 0.0168)
[====================================    ]: 5582 (Loss: 0.0147)
[====================================    ]: 5583 (Loss: 0.0092)
[====================================    ]: 5584 (Loss: 0.0228)
[=====================================   ]: 5585 (Loss: 0.0213)
[=====================================   ]: 5586 (Loss: 0.0169)
[=====================================   ]: 5587 (Loss: 0.0010)
[=====================================   ]: 5588 (Loss: 0.0137)
[=====================================   ]: 5589 (Loss: 0.0108)
[======================================  ]: 5590 (Loss: 0.0219)
[======================================  ]: 5591 (Loss: 0.0201)
[======================================  ]: 5592 (Loss: 0.0146)
[======================================  ]: 5593 (Loss: 0.0082)
[======================================  ]: 5594 (Loss: 0.0116)
[======================================= ]: 5595 (Loss: 0.0099)
[======================================= ]: 5596 (Loss: 0.0226)
[======================================= ]: 5597 (Loss: 0.0180)
[======================================= ]: 5598 (Loss: 0.0103)
[======================================= ]: 5599 (Loss: 0.0141)
[========================================]: 5600 (Loss: 0.0261)
                                                                                                    
[2026-07-17 08:52:08,846] [INFO] [__main__] Batch 5600 Loss: 0.169656 Cost: 6.31 Time: 85 ms/sequence
[2026-07-17 08:52:08,851] [INFO] [__main__] Advice weight norm: 21.582546 | Advice gradient norm: 0.258184

[                                        ]: 5601 (Loss: 0.0227)
[                                        ]: 5602 (Loss: 0.0170)
[                                        ]: 5603 (Loss: 0.0102)
[                                        ]: 5604 (Loss: 0.0177)
[=                                       ]: 5605 (Loss: 0.0279)
[=                                       ]: 5606 (Loss: 0.0125)
[=                                       ]: 5607 (Loss: 0.0093)
[=                                       ]: 5608 (Loss: 0.0167)
[=                                       ]: 5609 (Loss: 0.0202)
[==                                      ]: 5610 (Loss: 0.0124)
[==                                      ]: 5611 (Loss: 0.0226)
[==                                      ]: 5612 (Loss: 0.0175)
[==                                      ]: 5613 (Loss: 0.0156)
[==                                      ]: 5614 (Loss: 0.0235)
[===                                     ]: 5615 (Loss: 0.0079)
[===                                     ]: 5616 (Loss: 0.0078)
[===                                     ]: 5617 (Loss: 0.0229)
[===                                     ]: 5618 (Loss: 0.0135)
[===                                     ]: 5619 (Loss: 0.0141)
[====                                    ]: 5620 (Loss: 0.0263)
[====                                    ]: 5621 (Loss: 0.0211)
[====                                    ]: 5622 (Loss: 0.0162)
[====                                    ]: 5623 (Loss: 0.0141)
[====                                    ]: 5624 (Loss: 0.0151)
[=====                                   ]: 5625 (Loss: 0.0216)
[=====                                   ]: 5626 (Loss: 0.0157)
[=====                                   ]: 5627 (Loss: 0.0150)
[=====                                   ]: 5628 (Loss: 0.0100)
[=====                                   ]: 5629 (Loss: 0.0101)
[======                                  ]: 5630 (Loss: 0.0131)
[======                                  ]: 5631 (Loss: 0.0124)
[======                                  ]: 5632 (Loss: 0.0159)
[======                                  ]: 5633 (Loss: 0.0113)
[======                                  ]: 5634 (Loss: 0.0132)
[=======                                 ]: 5635 (Loss: 0.0141)
[=======                                 ]: 5636 (Loss: 0.0114)
[=======                                 ]: 5637 (Loss: 0.0125)
[=======                                 ]: 5638 (Loss: 0.0151)
[=======                                 ]: 5639 (Loss: 0.0235)
[========                                ]: 5640 (Loss: 0.0032)
[========                                ]: 5641 (Loss: 0.0116)
[========                                ]: 5642 (Loss: 0.0140)
[========                                ]: 5643 (Loss: 0.0219)
[========                                ]: 5644 (Loss: 0.0166)
[=========                               ]: 5645 (Loss: 0.0235)
[=========                               ]: 5646 (Loss: 0.0110)
[=========                               ]: 5647 (Loss: 0.0127)
[=========                               ]: 5648 (Loss: 0.0126)
[=========                               ]: 5649 (Loss: 0.0087)
[==========                              ]: 5650 (Loss: 0.0082)
[==========                              ]: 5651 (Loss: 0.0132)
[==========                              ]: 5652 (Loss: 0.0160)
[==========                              ]: 5653 (Loss: 0.0179)
[==========                              ]: 5654 (Loss: 0.0224)
[===========                             ]: 5655 (Loss: 0.0234)
[===========                             ]: 5656 (Loss: 0.0119)
[===========                             ]: 5657 (Loss: 0.0119)
[===========                             ]: 5658 (Loss: 0.0099)
[===========                             ]: 5659 (Loss: 0.0067)
[============                            ]: 5660 (Loss: 0.0166)
[============                            ]: 5661 (Loss: 0.0124)
[============                            ]: 5662 (Loss: 0.0186)
[============                            ]: 5663 (Loss: 0.0094)
[============                            ]: 5664 (Loss: 0.0111)
[=============                           ]: 5665 (Loss: 0.0089)
[=============                           ]: 5666 (Loss: 0.0128)
[=============                           ]: 5667 (Loss: 0.0364)
[=============                           ]: 5668 (Loss: 0.0028)
[=============                           ]: 5669 (Loss: 0.0103)
[==============                          ]: 5670 (Loss: 0.0119)
[==============                          ]: 5671 (Loss: 0.0090)
[==============                          ]: 5672 (Loss: 0.0089)
[==============                          ]: 5673 (Loss: 0.0123)
[==============                          ]: 5674 (Loss: 0.0167)
[===============                         ]: 5675 (Loss: 0.0215)
[===============                         ]: 5676 (Loss: 0.0123)
[===============                         ]: 5677 (Loss: 0.0450)
[===============                         ]: 5678 (Loss: 0.0111)
[===============                         ]: 5679 (Loss: 0.0153)
[================                        ]: 5680 (Loss: 0.0103)
[================                        ]: 5681 (Loss: 0.0044)
[================                        ]: 5682 (Loss: 0.0118)
[================                        ]: 5683 (Loss: 0.0223)
[================                        ]: 5684 (Loss: 0.0153)
[=================                       ]: 5685 (Loss: 0.0052)
[=================                       ]: 5686 (Loss: 0.0098)
[=================                       ]: 5687 (Loss: 0.0130)
[=================                       ]: 5688 (Loss: 0.0081)
[=================                       ]: 5689 (Loss: 0.0057)
[==================                      ]: 5690 (Loss: 0.0140)
[==================                      ]: 5691 (Loss: 0.0081)
[==================                      ]: 5692 (Loss: 0.0187)
[==================                      ]: 5693 (Loss: 0.0117)
[==================                      ]: 5694 (Loss: 0.0137)
[===================                     ]: 5695 (Loss: 0.0107)
[===================                     ]: 5696 (Loss: 0.0100)
[===================                     ]: 5697 (Loss: 0.0079)
[===================                     ]: 5698 (Loss: 0.0064)
[===================                     ]: 5699 (Loss: 0.0110)
[====================                    ]: 5700 (Loss: 0.0134)
[====================                    ]: 5701 (Loss: 0.0081)
[====================                    ]: 5702 (Loss: 0.0133)
[====================                    ]: 5703 (Loss: 0.0097)
[====================                    ]: 5704 (Loss: 0.0122)
[=====================                   ]: 5705 (Loss: 0.0082)
[=====================                   ]: 5706 (Loss: 0.0132)
[=====================                   ]: 5707 (Loss: 0.0093)
[=====================                   ]: 5708 (Loss: 0.0293)
[=====================                   ]: 5709 (Loss: 0.0148)
[======================                  ]: 5710 (Loss: 0.0098)
[======================                  ]: 5711 (Loss: 0.0092)
[======================                  ]: 5712 (Loss: 0.0044)
[======================                  ]: 5713 (Loss: 0.0078)
[======================                  ]: 5714 (Loss: 0.0070)
[=======================                 ]: 5715 (Loss: 0.0159)
[=======================                 ]: 5716 (Loss: 0.0079)
[=======================                 ]: 5717 (Loss: 0.0093)
[=======================                 ]: 5718 (Loss: 0.0081)
[=======================                 ]: 5719 (Loss: 0.0174)
[========================                ]: 5720 (Loss: 0.0058)
[========================                ]: 5721 (Loss: 0.0061)
[========================                ]: 5722 (Loss: 0.0104)
[========================                ]: 5723 (Loss: 0.0129)
[========================                ]: 5724 (Loss: 0.0026)
[=========================               ]: 5725 (Loss: 0.0120)
[=========================               ]: 5726 (Loss: 0.0113)
[=========================               ]: 5727 (Loss: 0.0303)
[=========================               ]: 5728 (Loss: 0.0040)
[=========================               ]: 5729 (Loss: 0.0082)
[==========================              ]: 5730 (Loss: 0.0126)
[==========================              ]: 5731 (Loss: 0.0218)
[==========================              ]: 5732 (Loss: 0.0078)
[==========================              ]: 5733 (Loss: 0.0182)
[==========================              ]: 5734 (Loss: 0.0078)
[===========================             ]: 5735 (Loss: 0.0092)
[===========================             ]: 5736 (Loss: 0.0110)
[===========================             ]: 5737 (Loss: 0.0029)
[===========================             ]: 5738 (Loss: 0.0128)
[===========================             ]: 5739 (Loss: 0.0063)
[============================            ]: 5740 (Loss: 0.0081)
[============================            ]: 5741 (Loss: 0.0090)
[============================            ]: 5742 (Loss: 0.0116)
[============================            ]: 5743 (Loss: 0.0117)
[============================            ]: 5744 (Loss: 0.0074)
[=============================           ]: 5745 (Loss: 0.0051)
[=============================           ]: 5746 (Loss: 0.0119)
[=============================           ]: 5747 (Loss: 0.0128)
[=============================           ]: 5748 (Loss: 0.0104)
[=============================           ]: 5749 (Loss: 0.0110)
[==============================          ]: 5750 (Loss: 0.0082)
[==============================          ]: 5751 (Loss: 0.0052)
[==============================          ]: 5752 (Loss: 0.0081)
[==============================          ]: 5753 (Loss: 0.0065)
[==============================          ]: 5754 (Loss: 0.0127)
[===============================         ]: 5755 (Loss: 0.0103)
[===============================         ]: 5756 (Loss: 0.0082)
[===============================         ]: 5757 (Loss: 0.0130)
[===============================         ]: 5758 (Loss: 0.0085)
[===============================         ]: 5759 (Loss: 0.0072)
[================================        ]: 5760 (Loss: 0.0098)
[================================        ]: 5761 (Loss: 0.0054)
[================================        ]: 5762 (Loss: 0.0075)
[================================        ]: 5763 (Loss: 0.0120)
[================================        ]: 5764 (Loss: 0.0180)
[=================================       ]: 5765 (Loss: 0.0072)
[=================================       ]: 5766 (Loss: 0.0018)
[=================================       ]: 5767 (Loss: 0.0052)
[=================================       ]: 5768 (Loss: 0.0046)
[=================================       ]: 5769 (Loss: 0.0078)
[==================================      ]: 5770 (Loss: 0.0086)
[==================================      ]: 5771 (Loss: 0.0110)
[==================================      ]: 5772 (Loss: 0.0072)
[==================================      ]: 5773 (Loss: 0.0096)
[==================================      ]: 5774 (Loss: 0.0064)
[===================================     ]: 5775 (Loss: 0.0045)
[===================================     ]: 5776 (Loss: 0.0090)
[===================================     ]: 5777 (Loss: 0.0094)
[===================================     ]: 5778 (Loss: 0.0110)
[===================================     ]: 5779 (Loss: 0.0076)
[====================================    ]: 5780 (Loss: 0.0052)
[====================================    ]: 5781 (Loss: 0.0076)
[====================================    ]: 5782 (Loss: 0.0095)
[====================================    ]: 5783 (Loss: 0.0066)
[====================================    ]: 5784 (Loss: 0.0092)
[=====================================   ]: 5785 (Loss: 0.0081)
[=====================================   ]: 5786 (Loss: 0.0098)
[=====================================   ]: 5787 (Loss: 0.0132)
[=====================================   ]: 5788 (Loss: 0.0083)
[=====================================   ]: 5789 (Loss: 2.5193)
[======================================  ]: 5790 (Loss: 0.0123)
[======================================  ]: 5791 (Loss: 0.0207)
[======================================  ]: 5792 (Loss: 0.0059)
[======================================  ]: 5793 (Loss: 0.0064)
[======================================  ]: 5794 (Loss: 0.0067)
[======================================= ]: 5795 (Loss: 0.0160)
[======================================= ]: 5796 (Loss: 0.0131)
[======================================= ]: 5797 (Loss: 0.0068)
[======================================= ]: 5798 (Loss: 0.0089)
[======================================= ]: 5799 (Loss: 0.0109)
[========================================]: 5800 (Loss: 0.0069)
                                                                                                    
[2026-07-17 08:52:27,456] [INFO] [__main__] Batch 5800 Loss: 0.024614 Cost: 0.39 Time: 93 ms/sequence
[2026-07-17 08:52:27,462] [INFO] [__main__] Advice weight norm: 21.637068 | Advice gradient norm: 0.045034

[                                        ]: 5801 (Loss: 0.0111)
[                                        ]: 5802 (Loss: 0.0210)
[                                        ]: 5803 (Loss: 0.0085)
[                                        ]: 5804 (Loss: 0.0306)
[=                                       ]: 5805 (Loss: 0.0257)
[=                                       ]: 5806 (Loss: 0.0208)
[=                                       ]: 5807 (Loss: 0.0366)
[=                                       ]: 5808 (Loss: 0.0416)
[=                                       ]: 5809 (Loss: 0.0148)
[==                                      ]: 5810 (Loss: 0.0127)
[==                                      ]: 5811 (Loss: 0.7119)
[==                                      ]: 5812 (Loss: 0.0425)
[==                                      ]: 5813 (Loss: 0.0373)
[==                                      ]: 5814 (Loss: 0.0516)
[===                                     ]: 5815 (Loss: 2.4747)
[===                                     ]: 5816 (Loss: 0.0285)
[===                                     ]: 5817 (Loss: 0.0054)
[===                                     ]: 5818 (Loss: 0.0088)
[===                                     ]: 5819 (Loss: 0.0006)
[====                                    ]: 5820 (Loss: 0.0211)
[====                                    ]: 5821 (Loss: 0.0106)
[====                                    ]: 5822 (Loss: 0.0276)
[====                                    ]: 5823 (Loss: 0.0082)
[====                                    ]: 5824 (Loss: 0.0117)
[=====                                   ]: 5825 (Loss: 0.0211)
[=====                                   ]: 5826 (Loss: 0.0136)
[=====                                   ]: 5827 (Loss: 0.0159)
[=====                                   ]: 5828 (Loss: 0.0139)
[=====                                   ]: 5829 (Loss: 0.0135)
[======                                  ]: 5830 (Loss: 0.0086)
[======                                  ]: 5831 (Loss: 0.0277)
[======                                  ]: 5832 (Loss: 0.0056)
[======                                  ]: 5833 (Loss: 0.0067)
[======                                  ]: 5834 (Loss: 0.0105)
[=======                                 ]: 5835 (Loss: 0.0091)
[=======                                 ]: 5836 (Loss: 0.0172)
[=======                                 ]: 5837 (Loss: 0.0256)
[=======                                 ]: 5838 (Loss: 0.0123)
[=======                                 ]: 5839 (Loss: 0.0053)
[========                                ]: 5840 (Loss: 0.0175)
[========                                ]: 5841 (Loss: 0.0196)
[========                                ]: 5842 (Loss: 0.0047)
[========                                ]: 5843 (Loss: 0.0126)
[========                                ]: 5844 (Loss: 0.0109)
[=========                               ]: 5845 (Loss: 0.0078)
[=========                               ]: 5846 (Loss: 0.0144)
[=========                               ]: 5847 (Loss: 0.0026)
[=========                               ]: 5848 (Loss: 0.0036)
[=========                               ]: 5849 (Loss: 0.0054)
[==========                              ]: 5850 (Loss: 0.0099)
[==========                              ]: 5851 (Loss: 0.0068)
[==========                              ]: 5852 (Loss: 0.0027)
[==========                              ]: 5853 (Loss: 0.0137)
[==========                              ]: 5854 (Loss: 0.0042)
[===========                             ]: 5855 (Loss: 0.0113)
[===========                             ]: 5856 (Loss: 0.0114)
[===========                             ]: 5857 (Loss: 0.0097)
[===========                             ]: 5858 (Loss: 0.0084)
[===========                             ]: 5859 (Loss: 0.0097)
[============                            ]: 5860 (Loss: 0.0072)
[============                            ]: 5861 (Loss: 0.0117)
[============                            ]: 5862 (Loss: 0.0086)
[============                            ]: 5863 (Loss: 0.0060)
[============                            ]: 5864 (Loss: 0.0150)
[=============                           ]: 5865 (Loss: 0.0120)
[=============                           ]: 5866 (Loss: 0.0096)
[=============                           ]: 5867 (Loss: 0.0058)
[=============                           ]: 5868 (Loss: 0.0076)
[=============                           ]: 5869 (Loss: 0.0073)
[==============                          ]: 5870 (Loss: 0.0073)
[==============                          ]: 5871 (Loss: 0.0069)
[==============                          ]: 5872 (Loss: 0.0118)
[==============                          ]: 5873 (Loss: 0.0019)
[==============                          ]: 5874 (Loss: 0.0072)
[===============                         ]: 5875 (Loss: 0.0111)
[===============                         ]: 5876 (Loss: 0.0094)
[===============                         ]: 5877 (Loss: 0.0098)
[===============                         ]: 5878 (Loss: 0.0053)
[===============                         ]: 5879 (Loss: 0.0448)
[================                        ]: 5880 (Loss: 0.0035)
[================                        ]: 5881 (Loss: 0.0055)
[================                        ]: 5882 (Loss: 0.0086)
[================                        ]: 5883 (Loss: 0.0056)
[================                        ]: 5884 (Loss: 0.0062)
[=================                       ]: 5885 (Loss: 0.0033)
[=================                       ]: 5886 (Loss: 0.0060)
[=================                       ]: 5887 (Loss: 0.0011)
[=================                       ]: 5888 (Loss: 0.0070)
[=================                       ]: 5889 (Loss: 0.0101)
[==================                      ]: 5890 (Loss: 0.0036)
[==================                      ]: 5891 (Loss: 0.0053)
[==================                      ]: 5892 (Loss: 0.0068)
[==================                      ]: 5893 (Loss: 0.0083)
[==================                      ]: 5894 (Loss: 0.0179)
[===================                     ]: 5895 (Loss: 0.0066)
[===================                     ]: 5896 (Loss: 0.0071)
[===================                     ]: 5897 (Loss: 0.0128)
[===================                     ]: 5898 (Loss: 0.0073)
[===================                     ]: 5899 (Loss: 0.0104)
[====================                    ]: 5900 (Loss: 0.0050)
[====================                    ]: 5901 (Loss: 0.0093)
[====================                    ]: 5902 (Loss: 0.0115)
[====================                    ]: 5903 (Loss: 0.0139)
[====================                    ]: 5904 (Loss: 0.0010)
[=====================                   ]: 5905 (Loss: 0.0031)
[=====================                   ]: 5906 (Loss: 0.0073)
[=====================                   ]: 5907 (Loss: 0.0084)
[=====================                   ]: 5908 (Loss: 0.0090)
[=====================                   ]: 5909 (Loss: 0.0067)
[======================                  ]: 5910 (Loss: 0.0037)
[======================                  ]: 5911 (Loss: 0.0195)
[======================                  ]: 5912 (Loss: 0.0049)
[======================                  ]: 5913 (Loss: 0.0076)
[======================                  ]: 5914 (Loss: 0.0056)
[=======================                 ]: 5915 (Loss: 0.0093)
[=======================                 ]: 5916 (Loss: 0.0072)
[=======================                 ]: 5917 (Loss: 0.0112)
[=======================                 ]: 5918 (Loss: 0.0055)
[=======================                 ]: 5919 (Loss: 0.0058)
[========================                ]: 5920 (Loss: 0.0065)
[========================                ]: 5921 (Loss: 0.0045)
[========================                ]: 5922 (Loss: 0.0088)
[========================                ]: 5923 (Loss: 0.0040)
[========================                ]: 5924 (Loss: 0.0055)
[=========================               ]: 5925 (Loss: 0.0045)
[=========================               ]: 5926 (Loss: 0.0071)
[=========================               ]: 5927 (Loss: 0.0083)
[=========================               ]: 5928 (Loss: 0.0076)
[=========================               ]: 5929 (Loss: 0.0173)
[==========================              ]: 5930 (Loss: 0.0058)
[==========================              ]: 5931 (Loss: 0.0073)
[==========================              ]: 5932 (Loss: 0.0046)
[==========================              ]: 5933 (Loss: 0.0021)
[==========================              ]: 5934 (Loss: 0.0020)
[===========================             ]: 5935 (Loss: 0.0068)
[===========================             ]: 5936 (Loss: 0.0068)
[===========================             ]: 5937 (Loss: 0.0036)
[===========================             ]: 5938 (Loss: 0.0048)
[===========================             ]: 5939 (Loss: 0.0032)
[============================            ]: 5940 (Loss: 0.0072)
[============================            ]: 5941 (Loss: 0.0052)
[============================            ]: 5942 (Loss: 0.0056)
[============================            ]: 5943 (Loss: 0.0029)
[============================            ]: 5944 (Loss: 0.0111)
[=============================           ]: 5945 (Loss: 0.0041)
[=============================           ]: 5946 (Loss: 0.0150)
[=============================           ]: 5947 (Loss: 0.0064)
[=============================           ]: 5948 (Loss: 0.0063)
[=============================           ]: 5949 (Loss: 0.0061)
[==============================          ]: 5950 (Loss: 0.0147)
[==============================          ]: 5951 (Loss: 0.0023)
[==============================          ]: 5952 (Loss: 0.0052)
[==============================          ]: 5953 (Loss: 0.0125)
[==============================          ]: 5954 (Loss: 0.0018)
[===============================         ]: 5955 (Loss: 0.0007)
[===============================         ]: 5956 (Loss: 0.0087)
[===============================         ]: 5957 (Loss: 0.0080)
[===============================         ]: 5958 (Loss: 0.0073)
[===============================         ]: 5959 (Loss: 0.0059)
[================================        ]: 5960 (Loss: 0.0046)
[================================        ]: 5961 (Loss: 0.0071)
[================================        ]: 5962 (Loss: 0.0056)
[================================        ]: 5963 (Loss: 0.0078)
[================================        ]: 5964 (Loss: 0.0040)
[=================================       ]: 5965 (Loss: 0.0082)
[=================================       ]: 5966 (Loss: 0.0060)
[=================================       ]: 5967 (Loss: 0.0175)
[=================================       ]: 5968 (Loss: 0.0105)
[=================================       ]: 5969 (Loss: 0.0047)
[==================================      ]: 5970 (Loss: 0.0066)
[==================================      ]: 5971 (Loss: 0.0015)
[==================================      ]: 5972 (Loss: 0.0084)
[==================================      ]: 5973 (Loss: 0.0047)
[==================================      ]: 5974 (Loss: 0.0054)
[===================================     ]: 5975 (Loss: 0.0055)
[===================================     ]: 5976 (Loss: 0.0094)
[===================================     ]: 5977 (Loss: 0.0223)
[===================================     ]: 5978 (Loss: 0.0065)
[===================================     ]: 5979 (Loss: 0.0042)
[====================================    ]: 5980 (Loss: 0.0077)
[====================================    ]: 5981 (Loss: 0.0063)
[====================================    ]: 5982 (Loss: 0.0108)
[====================================    ]: 5983 (Loss: 0.0029)
[====================================    ]: 5984 (Loss: 0.0048)
[=====================================   ]: 5985 (Loss: 0.0018)
[=====================================   ]: 5986 (Loss: 0.0004)
[=====================================   ]: 5987 (Loss: 0.0041)
[=====================================   ]: 5988 (Loss: 0.0054)
[=====================================   ]: 5989 (Loss: 0.0147)
[======================================  ]: 5990 (Loss: 0.0066)
[======================================  ]: 5991 (Loss: 0.0049)
[======================================  ]: 5992 (Loss: 0.0061)
[======================================  ]: 5993 (Loss: 0.0091)
[======================================  ]: 5994 (Loss: 0.0089)
[======================================= ]: 5995 (Loss: 0.0024)
[======================================= ]: 5996 (Loss: 0.0053)
[======================================= ]: 5997 (Loss: 0.0069)
[======================================= ]: 5998 (Loss: 0.0085)
[======================================= ]: 5999 (Loss: 0.0020)
[========================================]: 6000 (Loss: 0.0017)
                                                                                                    
[2026-07-17 08:52:45,591] [INFO] [__main__] Batch 6000 Loss: 0.025461 Cost: 0.67 Time: 90 ms/sequence
[2026-07-17 08:52:45,596] [INFO] [__main__] Advice weight norm: 21.694073 | Advice gradient norm: 0.013189

[                                        ]: 6001 (Loss: 0.0030)
[                                        ]: 6002 (Loss: 0.0244)
[                                        ]: 6003 (Loss: 0.0291)
[                                        ]: 6004 (Loss: 0.0056)
[=                                       ]: 6005 (Loss: 0.0032)
[=                                       ]: 6006 (Loss: 0.0071)
[=                                       ]: 6007 (Loss: 0.0061)
[=                                       ]: 6008 (Loss: 0.0170)
[=                                       ]: 6009 (Loss: 0.0019)
[==                                      ]: 6010 (Loss: 0.0059)
[==                                      ]: 6011 (Loss: 0.0080)
[==                                      ]: 6012 (Loss: 0.0067)
[==                                      ]: 6013 (Loss: 0.0192)
[==                                      ]: 6014 (Loss: 0.0059)
[===                                     ]: 6015 (Loss: 0.0076)
[===                                     ]: 6016 (Loss: 0.0044)
[===                                     ]: 6017 (Loss: 0.0033)
[===                                     ]: 6018 (Loss: 0.0064)
[===                                     ]: 6019 (Loss: 0.0018)
[====                                    ]: 6020 (Loss: 0.0037)
[====                                    ]: 6021 (Loss: 0.0116)
[====                                    ]: 6022 (Loss: 0.0038)
[====                                    ]: 6023 (Loss: 0.0052)
[====                                    ]: 6024 (Loss: 0.0101)
[=====                                   ]: 6025 (Loss: 0.0044)
[=====                                   ]: 6026 (Loss: 0.0084)
[=====                                   ]: 6027 (Loss: 0.0095)
[=====                                   ]: 6028 (Loss: 0.0065)
[=====                                   ]: 6029 (Loss: 0.0038)
[======                                  ]: 6030 (Loss: 0.0050)
[======                                  ]: 6031 (Loss: 0.0098)
[======                                  ]: 6032 (Loss: 0.0012)
[======                                  ]: 6033 (Loss: 0.0058)
[======                                  ]: 6034 (Loss: 0.0012)
[=======                                 ]: 6035 (Loss: 0.0037)
[=======                                 ]: 6036 (Loss: 0.0048)
[=======                                 ]: 6037 (Loss: 0.0032)
[=======                                 ]: 6038 (Loss: 0.0050)
[=======                                 ]: 6039 (Loss: 0.0047)
[========                                ]: 6040 (Loss: 0.0160)
[========                                ]: 6041 (Loss: 0.0051)
[========                                ]: 6042 (Loss: 0.0056)
[========                                ]: 6043 (Loss: 0.0037)
[========                                ]: 6044 (Loss: 0.0060)
[=========                               ]: 6045 (Loss: 0.0049)
[=========                               ]: 6046 (Loss: 0.0040)
[=========                               ]: 6047 (Loss: 0.0028)
[=========                               ]: 6048 (Loss: 0.0033)
[=========                               ]: 6049 (Loss: 0.0037)
[==========                              ]: 6050 (Loss: 0.0022)
[==========                              ]: 6051 (Loss: 0.0042)
[==========                              ]: 6052 (Loss: 0.0037)
[==========                              ]: 6053 (Loss: 0.0061)
[==========                              ]: 6054 (Loss: 0.0040)
[===========                             ]: 6055 (Loss: 0.0124)
[===========                             ]: 6056 (Loss: 0.0037)
[===========                             ]: 6057 (Loss: 0.0027)
[===========                             ]: 6058 (Loss: 0.0035)
[===========                             ]: 6059 (Loss: 0.0030)
[============                            ]: 6060 (Loss: 0.0030)
[============                            ]: 6061 (Loss: 0.0175)
[============                            ]: 6062 (Loss: 0.0074)
[============                            ]: 6063 (Loss: 0.0060)
[============                            ]: 6064 (Loss: 0.0064)
[=============                           ]: 6065 (Loss: 0.0045)
[=============                           ]: 6066 (Loss: 0.0057)
[=============                           ]: 6067 (Loss: 0.0032)
[=============                           ]: 6068 (Loss: 0.0039)
[=============                           ]: 6069 (Loss: 0.0271)
[==============                          ]: 6070 (Loss: 0.0031)
[==============                          ]: 6071 (Loss: 0.0048)
[==============                          ]: 6072 (Loss: 0.0054)
[==============                          ]: 6073 (Loss: 0.0069)
[==============                          ]: 6074 (Loss: 0.0030)
[===============                         ]: 6075 (Loss: 0.0004)
[===============                         ]: 6076 (Loss: 0.0065)
[===============                         ]: 6077 (Loss: 0.0038)
[===============                         ]: 6078 (Loss: 0.0038)
[===============                         ]: 6079 (Loss: 0.0051)
[================                        ]: 6080 (Loss: 0.0074)
[================                        ]: 6081 (Loss: 0.0065)
[================                        ]: 6082 (Loss: 0.0039)
[================                        ]: 6083 (Loss: 0.0114)
[================                        ]: 6084 (Loss: 0.0038)
[=================                       ]: 6085 (Loss: 0.0005)
[=================                       ]: 6086 (Loss: 0.0016)
[=================                       ]: 6087 (Loss: 0.0015)
[=================                       ]: 6088 (Loss: 0.0045)
[=================                       ]: 6089 (Loss: 0.0056)
[==================                      ]: 6090 (Loss: 0.0070)
[==================                      ]: 6091 (Loss: 0.0040)
[==================                      ]: 6092 (Loss: 0.0037)
[==================                      ]: 6093 (Loss: 0.0049)
[==================                      ]: 6094 (Loss: 0.0030)
[===================                     ]: 6095 (Loss: 0.0057)
[===================                     ]: 6096 (Loss: 0.0032)
[===================                     ]: 6097 (Loss: 0.0063)
[===================                     ]: 6098 (Loss: 0.0071)
[===================                     ]: 6099 (Loss: 0.0091)
[====================                    ]: 6100 (Loss: 0.0007)
[====================                    ]: 6101 (Loss: 0.0049)
[====================                    ]: 6102 (Loss: 0.0072)
[====================                    ]: 6103 (Loss: 0.0016)
[====================                    ]: 6104 (Loss: 0.0047)
[=====================                   ]: 6105 (Loss: 0.0036)
[=====================                   ]: 6106 (Loss: 0.0016)
[=====================                   ]: 6107 (Loss: 0.0090)
[=====================                   ]: 6108 (Loss: 0.0085)
[=====================                   ]: 6109 (Loss: 0.0041)
[======================                  ]: 6110 (Loss: 0.0025)
[======================                  ]: 6111 (Loss: 0.0076)
[======================                  ]: 6112 (Loss: 0.0041)
[======================                  ]: 6113 (Loss: 0.0058)
[======================                  ]: 6114 (Loss: 0.0019)
[=======================                 ]: 6115 (Loss: 0.0028)
[=======================                 ]: 6116 (Loss: 0.0092)
[=======================                 ]: 6117 (Loss: 0.0045)
[=======================                 ]: 6118 (Loss: 0.0138)
[=======================                 ]: 6119 (Loss: 0.0046)
[========================                ]: 6120 (Loss: 0.0066)
[========================                ]: 6121 (Loss: 0.0043)
[========================                ]: 6122 (Loss: 0.0014)
[========================                ]: 6123 (Loss: 0.0036)
[========================                ]: 6124 (Loss: 0.0129)
[=========================               ]: 6125 (Loss: 0.0041)
[=========================               ]: 6126 (Loss: 0.0052)
[=========================               ]: 6127 (Loss: 0.0038)
[=========================               ]: 6128 (Loss: 0.0002)
[=========================               ]: 6129 (Loss: 0.0103)
[==========================              ]: 6130 (Loss: 0.0078)
[==========================              ]: 6131 (Loss: 0.0039)
[==========================              ]: 6132 (Loss: 0.0077)
[==========================              ]: 6133 (Loss: 0.0048)
[==========================              ]: 6134 (Loss: 0.0039)
[===========================             ]: 6135 (Loss: 0.0005)
[===========================             ]: 6136 (Loss: 3.0357)
[===========================             ]: 6137 (Loss: 0.0050)
[===========================             ]: 6138 (Loss: 0.0191)
[===========================             ]: 6139 (Loss: 0.0032)
[============================            ]: 6140 (Loss: 0.0036)
[============================            ]: 6141 (Loss: 0.0049)
[============================            ]: 6142 (Loss: 0.0035)
[============================            ]: 6143 (Loss: 0.0051)
[============================            ]: 6144 (Loss: 0.0063)
[=============================           ]: 6145 (Loss: 0.0066)
[=============================           ]: 6146 (Loss: 0.0064)
[=============================           ]: 6147 (Loss: 0.0095)
[=============================           ]: 6148 (Loss: 0.0110)
[=============================           ]: 6149 (Loss: 0.0090)
[==============================          ]: 6150 (Loss: 0.0072)
[==============================          ]: 6151 (Loss: 0.0069)
[==============================          ]: 6152 (Loss: 0.0167)
[==============================          ]: 6153 (Loss: 0.0170)
[==============================          ]: 6154 (Loss: 0.0100)
[===============================         ]: 6155 (Loss: 0.0075)
[===============================         ]: 6156 (Loss: 0.0109)
[===============================         ]: 6157 (Loss: 0.0035)
[===============================         ]: 6158 (Loss: 0.0228)
[===============================         ]: 6159 (Loss: 0.0020)
[================================        ]: 6160 (Loss: 0.0093)
[================================        ]: 6161 (Loss: 0.0142)
[================================        ]: 6162 (Loss: 0.0043)
[================================        ]: 6163 (Loss: 0.0117)
[================================        ]: 6164 (Loss: 0.0078)
[=================================       ]: 6165 (Loss: 0.0274)
[=================================       ]: 6166 (Loss: 0.0077)
[=================================       ]: 6167 (Loss: 0.0081)
[=================================       ]: 6168 (Loss: 0.0059)
[=================================       ]: 6169 (Loss: 0.0084)
[==================================      ]: 6170 (Loss: 0.0058)
[==================================      ]: 6171 (Loss: 0.0027)
[==================================      ]: 6172 (Loss: 0.0036)
[==================================      ]: 6173 (Loss: 0.0048)
[==================================      ]: 6174 (Loss: 0.0103)
[===================================     ]: 6175 (Loss: 0.0074)
[===================================     ]: 6176 (Loss: 0.0056)
[===================================     ]: 6177 (Loss: 0.0083)
[===================================     ]: 6178 (Loss: 0.0094)
[===================================     ]: 6179 (Loss: 0.0019)
[====================================    ]: 6180 (Loss: 0.0266)
[====================================    ]: 6181 (Loss: 0.0032)
[====================================    ]: 6182 (Loss: 0.0048)
[====================================    ]: 6183 (Loss: 0.0043)
[====================================    ]: 6184 (Loss: 0.0050)
[=====================================   ]: 6185 (Loss: 0.0078)
[=====================================   ]: 6186 (Loss: 0.0125)
[=====================================   ]: 6187 (Loss: 0.0057)
[=====================================   ]: 6188 (Loss: 0.0061)
[=====================================   ]: 6189 (Loss: 0.0006)
[======================================  ]: 6190 (Loss: 0.0025)
[======================================  ]: 6191 (Loss: 0.0032)
[======================================  ]: 6192 (Loss: 0.0041)
[======================================  ]: 6193 (Loss: 0.0018)
[======================================  ]: 6194 (Loss: 0.0177)
[======================================= ]: 6195 (Loss: 0.0271)
[======================================= ]: 6196 (Loss: 0.0007)
[======================================= ]: 6197 (Loss: 0.0053)
[======================================= ]: 6198 (Loss: 0.0024)
[======================================= ]: 6199 (Loss: 0.0074)
[========================================]: 6200 (Loss: 0.0090)
                                                                                                    
[2026-07-17 08:53:03,856] [INFO] [__main__] Batch 6200 Loss: 0.021730 Cost: 0.29 Time: 91 ms/sequence
[2026-07-17 08:53:03,860] [INFO] [__main__] Advice weight norm: 21.757223 | Advice gradient norm: 0.095792

[                                        ]: 6201 (Loss: 0.0035)
[                                        ]: 6202 (Loss: 0.0022)
[                                        ]: 6203 (Loss: 0.0042)
[                                        ]: 6204 (Loss: 0.0037)
[=                                       ]: 6205 (Loss: 0.0074)
[=                                       ]: 6206 (Loss: 0.0065)
[=                                       ]: 6207 (Loss: 0.0058)
[=                                       ]: 6208 (Loss: 0.0030)
[=                                       ]: 6209 (Loss: 0.0052)
[==                                      ]: 6210 (Loss: 0.0033)
[==                                      ]: 6211 (Loss: 0.0087)
[==                                      ]: 6212 (Loss: 0.0060)
[==                                      ]: 6213 (Loss: 0.0004)
[==                                      ]: 6214 (Loss: 0.0096)
[===                                     ]: 6215 (Loss: 0.0035)
[===                                     ]: 6216 (Loss: 0.0054)
[===                                     ]: 6217 (Loss: 0.0066)
[===                                     ]: 6218 (Loss: 0.0031)
[===                                     ]: 6219 (Loss: 0.0021)
[====                                    ]: 6220 (Loss: 0.0043)
[====                                    ]: 6221 (Loss: 0.0026)
[====                                    ]: 6222 (Loss: 0.0030)
[====                                    ]: 6223 (Loss: 0.0085)
[====                                    ]: 6224 (Loss: 0.0042)
[=====                                   ]: 6225 (Loss: 0.0037)
[=====                                   ]: 6226 (Loss: 0.0039)
[=====                                   ]: 6227 (Loss: 0.0028)
[=====                                   ]: 6228 (Loss: 0.0074)
[=====                                   ]: 6229 (Loss: 0.0059)
[======                                  ]: 6230 (Loss: 0.0101)
[======                                  ]: 6231 (Loss: 0.0036)
[======                                  ]: 6232 (Loss: 0.0036)
[======                                  ]: 6233 (Loss: 0.0065)
[======                                  ]: 6234 (Loss: 0.0025)
[=======                                 ]: 6235 (Loss: 0.0039)
[=======                                 ]: 6236 (Loss: 0.0042)
[=======                                 ]: 6237 (Loss: 0.0018)
[=======                                 ]: 6238 (Loss: 0.0081)
[=======                                 ]: 6239 (Loss: 0.0017)
[========                                ]: 6240 (Loss: 0.0028)
[========                                ]: 6241 (Loss: 0.0077)
[========                                ]: 6242 (Loss: 0.0055)
[========                                ]: 6243 (Loss: 0.0021)
[========                                ]: 6244 (Loss: 0.0055)
[=========                               ]: 6245 (Loss: 0.0059)
[=========                               ]: 6246 (Loss: 0.0070)
[=========                               ]: 6247 (Loss: 0.0038)
[=========                               ]: 6248 (Loss: 0.0059)
[=========                               ]: 6249 (Loss: 0.0026)
[==========                              ]: 6250 (Loss: 0.0038)
[==========                              ]: 6251 (Loss: 0.0091)
[==========                              ]: 6252 (Loss: 0.0040)
[==========                              ]: 6253 (Loss: 0.0027)
[==========                              ]: 6254 (Loss: 0.0042)
[===========                             ]: 6255 (Loss: 0.0078)
[===========                             ]: 6256 (Loss: 0.0033)
[===========                             ]: 6257 (Loss: 0.0045)
[===========                             ]: 6258 (Loss: 0.0043)
[===========                             ]: 6259 (Loss: 0.0053)
[============                            ]: 6260 (Loss: 0.0040)
[============                            ]: 6261 (Loss: 0.0008)
[============                            ]: 6262 (Loss: 0.0049)
[============                            ]: 6263 (Loss: 0.0017)
[============                            ]: 6264 (Loss: 0.0037)
[=============                           ]: 6265 (Loss: 0.0015)
[=============                           ]: 6266 (Loss: 0.0069)
[=============                           ]: 6267 (Loss: 0.0039)
[=============                           ]: 6268 (Loss: 0.0042)
[=============                           ]: 6269 (Loss: 0.0107)
[==============                          ]: 6270 (Loss: 0.0017)
[==============                          ]: 6271 (Loss: 0.0033)
[==============                          ]: 6272 (Loss: 0.0059)
[==============                          ]: 6273 (Loss: 0.0005)
[==============                          ]: 6274 (Loss: 0.0011)
[===============                         ]: 6275 (Loss: 0.0012)
[===============                         ]: 6276 (Loss: 0.0005)
[===============                         ]: 6277 (Loss: 0.0155)
[===============                         ]: 6278 (Loss: 0.0012)
[===============                         ]: 6279 (Loss: 0.0029)
[================                        ]: 6280 (Loss: 0.0015)
[================                        ]: 6281 (Loss: 0.0033)
[================                        ]: 6282 (Loss: 0.0063)
[================                        ]: 6283 (Loss: 0.0107)
[================                        ]: 6284 (Loss: 0.0030)
[=================                       ]: 6285 (Loss: 0.0034)
[=================                       ]: 6286 (Loss: 0.0049)
[=================                       ]: 6287 (Loss: 0.0038)
[=================                       ]: 6288 (Loss: 0.0073)
[=================                       ]: 6289 (Loss: 0.0028)
[==================                      ]: 6290 (Loss: 0.0013)
[==================                      ]: 6291 (Loss: 0.0022)
[==================                      ]: 6292 (Loss: 0.0067)
[==================                      ]: 6293 (Loss: 0.0023)
[==================                      ]: 6294 (Loss: 0.0045)
[===================                     ]: 6295 (Loss: 0.0030)
[===================                     ]: 6296 (Loss: 0.0019)
[===================                     ]: 6297 (Loss: 0.0083)
[===================                     ]: 6298 (Loss: 0.0002)
[===================                     ]: 6299 (Loss: 0.0107)
[====================                    ]: 6300 (Loss: 0.0053)
[====================                    ]: 6301 (Loss: 0.0120)
[====================                    ]: 6302 (Loss: 0.0036)
[====================                    ]: 6303 (Loss: 0.0043)
[====================                    ]: 6304 (Loss: 0.0013)
[=====================                   ]: 6305 (Loss: 0.0027)
[=====================                   ]: 6306 (Loss: 0.0051)
[=====================                   ]: 6307 (Loss: 0.0034)
[=====================                   ]: 6308 (Loss: 0.0029)
[=====================                   ]: 6309 (Loss: 0.0062)
[======================                  ]: 6310 (Loss: 0.0040)
[======================                  ]: 6311 (Loss: 0.0022)
[======================                  ]: 6312 (Loss: 0.0031)
[======================                  ]: 6313 (Loss: 0.0193)
[======================                  ]: 6314 (Loss: 0.0013)
[=======================                 ]: 6315 (Loss: 0.0033)
[=======================                 ]: 6316 (Loss: 0.0047)
[=======================                 ]: 6317 (Loss: 0.0053)
[=======================                 ]: 6318 (Loss: 0.0027)
[=======================                 ]: 6319 (Loss: 0.0003)
[========================                ]: 6320 (Loss: 0.0025)
[========================                ]: 6321 (Loss: 0.0005)
[========================                ]: 6322 (Loss: 0.0052)
[========================                ]: 6323 (Loss: 0.0051)
[========================                ]: 6324 (Loss: 0.0096)
[=========================               ]: 6325 (Loss: 0.0078)
[=========================               ]: 6326 (Loss: 0.0031)
[=========================               ]: 6327 (Loss: 0.0054)
[=========================               ]: 6328 (Loss: 0.0071)
[=========================               ]: 6329 (Loss: 0.0096)
[==========================              ]: 6330 (Loss: 0.0002)
[==========================              ]: 6331 (Loss: 0.0015)
[==========================              ]: 6332 (Loss: 0.0047)
[==========================              ]: 6333 (Loss: 0.0086)
[==========================              ]: 6334 (Loss: 0.0026)
[===========================             ]: 6335 (Loss: 0.0010)
[===========================             ]: 6336 (Loss: 0.0032)
[===========================             ]: 6337 (Loss: 0.0062)
[===========================             ]: 6338 (Loss: 0.0120)
[===========================             ]: 6339 (Loss: 0.0158)
[============================            ]: 6340 (Loss: 0.0040)
[============================            ]: 6341 (Loss: 0.0045)
[============================            ]: 6342 (Loss: 0.0057)
[============================            ]: 6343 (Loss: 0.0054)
[============================            ]: 6344 (Loss: 0.0050)
[=============================           ]: 6345 (Loss: 0.0027)
[=============================           ]: 6346 (Loss: 0.0057)
[=============================           ]: 6347 (Loss: 0.0023)
[=============================           ]: 6348 (Loss: 0.0042)
[=============================           ]: 6349 (Loss: 0.0026)
[==============================          ]: 6350 (Loss: 0.0046)
[==============================          ]: 6351 (Loss: 0.0030)
[==============================          ]: 6352 (Loss: 0.0006)
[==============================          ]: 6353 (Loss: 0.0018)
[==============================          ]: 6354 (Loss: 0.0043)
[===============================         ]: 6355 (Loss: 0.0017)
[===============================         ]: 6356 (Loss: 0.0041)
[===============================         ]: 6357 (Loss: 0.0048)
[===============================         ]: 6358 (Loss: 0.0034)
[===============================         ]: 6359 (Loss: 0.0020)
[================================        ]: 6360 (Loss: 0.0019)
[================================        ]: 6361 (Loss: 0.0059)
[================================        ]: 6362 (Loss: 0.0029)
[================================        ]: 6363 (Loss: 0.0063)
[================================        ]: 6364 (Loss: 0.0006)
[=================================       ]: 6365 (Loss: 0.0029)
[=================================       ]: 6366 (Loss: 0.0023)
[=================================       ]: 6367 (Loss: 0.0043)
[=================================       ]: 6368 (Loss: 0.0014)
[=================================       ]: 6369 (Loss: 0.0018)
[==================================      ]: 6370 (Loss: 0.0044)
[==================================      ]: 6371 (Loss: 0.0024)
[==================================      ]: 6372 (Loss: 0.0038)
[==================================      ]: 6373 (Loss: 0.0036)
[==================================      ]: 6374 (Loss: 0.0017)
[===================================     ]: 6375 (Loss: 0.0007)
[===================================     ]: 6376 (Loss: 0.0044)
[===================================     ]: 6377 (Loss: 0.0025)
[===================================     ]: 6378 (Loss: 0.0026)
[===================================     ]: 6379 (Loss: 0.0033)
[====================================    ]: 6380 (Loss: 0.0062)
[====================================    ]: 6381 (Loss: 0.0040)
[====================================    ]: 6382 (Loss: 0.0011)
[====================================    ]: 6383 (Loss: 0.0030)
[====================================    ]: 6384 (Loss: 0.0014)
[=====================================   ]: 6385 (Loss: 0.0043)
[=====================================   ]: 6386 (Loss: 0.0034)
[=====================================   ]: 6387 (Loss: 0.0027)
[=====================================   ]: 6388 (Loss: 0.0008)
[=====================================   ]: 6389 (Loss: 0.0018)
[======================================  ]: 6390 (Loss: 0.0060)
[======================================  ]: 6391 (Loss: 0.0063)
[======================================  ]: 6392 (Loss: 0.0094)
[======================================  ]: 6393 (Loss: 0.0008)
[======================================  ]: 6394 (Loss: 0.0057)
[======================================= ]: 6395 (Loss: 0.0030)
[======================================= ]: 6396 (Loss: 0.0017)
[======================================= ]: 6397 (Loss: 0.0016)
[======================================= ]: 6398 (Loss: 0.0088)
[======================================= ]: 6399 (Loss: 0.0041)
[========================================]: 6400 (Loss: 0.0033)
                                                                                                    
[2026-07-17 08:53:21,185] [INFO] [__main__] Batch 6400 Loss: 0.004307 Cost: 0.01 Time: 86 ms/sequence
[2026-07-17 08:53:21,191] [INFO] [__main__] Advice weight norm: 21.818726 | Advice gradient norm: 0.021132

[                                        ]: 6401 (Loss: 0.0028)
[                                        ]: 6402 (Loss: 0.0012)
[                                        ]: 6403 (Loss: 0.0021)
[                                        ]: 6404 (Loss: 0.0053)
[=                                       ]: 6405 (Loss: 0.0051)
[=                                       ]: 6406 (Loss: 0.0049)
[=                                       ]: 6407 (Loss: 0.0040)
[=                                       ]: 6408 (Loss: 0.0017)
[=                                       ]: 6409 (Loss: 0.0044)
[==                                      ]: 6410 (Loss: 0.0082)
[==                                      ]: 6411 (Loss: 0.0026)
[==                                      ]: 6412 (Loss: 0.0050)
[==                                      ]: 6413 (Loss: 0.0024)
[==                                      ]: 6414 (Loss: 0.0045)
[===                                     ]: 6415 (Loss: 0.0023)
[===                                     ]: 6416 (Loss: 0.0012)
[===                                     ]: 6417 (Loss: 0.0025)
[===                                     ]: 6418 (Loss: 0.0024)
[===                                     ]: 6419 (Loss: 0.0012)
[====                                    ]: 6420 (Loss: 0.0032)
[====                                    ]: 6421 (Loss: 0.0017)
[====                                    ]: 6422 (Loss: 0.0021)
[====                                    ]: 6423 (Loss: 0.0090)
[====                                    ]: 6424 (Loss: 0.0025)
[=====                                   ]: 6425 (Loss: 0.0016)
[=====                                   ]: 6426 (Loss: 0.0018)
[=====                                   ]: 6427 (Loss: 0.0021)
[=====                                   ]: 6428 (Loss: 0.0041)
[=====                                   ]: 6429 (Loss: 0.0019)
[======                                  ]: 6430 (Loss: 0.0015)
[======                                  ]: 6431 (Loss: 0.0023)
[======                                  ]: 6432 (Loss: 0.0023)
[======                                  ]: 6433 (Loss: 0.0013)
[======                                  ]: 6434 (Loss: 0.0010)
[=======                                 ]: 6435 (Loss: 0.0021)
[=======                                 ]: 6436 (Loss: 0.0009)
[=======                                 ]: 6437 (Loss: 0.0015)
[=======                                 ]: 6438 (Loss: 0.0032)
[=======                                 ]: 6439 (Loss: 0.0018)
[========                                ]: 6440 (Loss: 0.0019)
[========                                ]: 6441 (Loss: 0.0063)
[========                                ]: 6442 (Loss: 0.0016)
[========                                ]: 6443 (Loss: 0.0022)
[========                                ]: 6444 (Loss: 0.0017)
[=========                               ]: 6445 (Loss: 0.0043)
[=========                               ]: 6446 (Loss: 0.0025)
[=========                               ]: 6447 (Loss: 0.0024)
[=========                               ]: 6448 (Loss: 0.0019)
[=========                               ]: 6449 (Loss: 0.0031)
[==========                              ]: 6450 (Loss: 0.0046)
[==========                              ]: 6451 (Loss: 0.0013)
[==========                              ]: 6452 (Loss: 0.0033)
[==========                              ]: 6453 (Loss: 0.0025)
[==========                              ]: 6454 (Loss: 0.0033)
[===========                             ]: 6455 (Loss: 0.0013)
[===========                             ]: 6456 (Loss: 0.0065)
[===========                             ]: 6457 (Loss: 0.0037)
[===========                             ]: 6458 (Loss: 0.0015)
[===========                             ]: 6459 (Loss: 0.0007)
[============                            ]: 6460 (Loss: 0.0010)
[============                            ]: 6461 (Loss: 0.0032)
[============                            ]: 6462 (Loss: 0.0014)
[============                            ]: 6463 (Loss: 0.0013)
[============                            ]: 6464 (Loss: 0.0018)
[=============                           ]: 6465 (Loss: 0.0035)
[=============                           ]: 6466 (Loss: 0.0010)
[=============                           ]: 6467 (Loss: 0.0017)
[=============                           ]: 6468 (Loss: 0.0040)
[=============                           ]: 6469 (Loss: 0.0042)
[==============                          ]: 6470 (Loss: 0.0063)
[==============                          ]: 6471 (Loss: 0.0003)
[==============                          ]: 6472 (Loss: 0.0026)
[==============                          ]: 6473 (Loss: 0.0035)
[==============                          ]: 6474 (Loss: 0.0028)
[===============                         ]: 6475 (Loss: 0.0083)
[===============                         ]: 6476 (Loss: 0.0041)
[===============                         ]: 6477 (Loss: 0.0030)
[===============                         ]: 6478 (Loss: 0.0005)
[===============                         ]: 6479 (Loss: 0.0023)
[================                        ]: 6480 (Loss: 0.0017)
[================                        ]: 6481 (Loss: 0.0028)
[================                        ]: 6482 (Loss: 0.0017)
[================                        ]: 6483 (Loss: 0.0021)
[================                        ]: 6484 (Loss: 0.0019)
[=================                       ]: 6485 (Loss: 3.5167)
[=================                       ]: 6486 (Loss: 0.0004)
[=================                       ]: 6487 (Loss: 3.8810)
[=================                       ]: 6488 (Loss: 0.0028)
[=================                       ]: 6489 (Loss: 0.0066)
[==================                      ]: 6490 (Loss: 0.0500)
[==================                      ]: 6491 (Loss: 0.0031)
[==================                      ]: 6492 (Loss: 0.0030)
[==================                      ]: 6493 (Loss: 0.0059)
[==================                      ]: 6494 (Loss: 0.0030)
[===================                     ]: 6495 (Loss: 0.0081)
[===================                     ]: 6496 (Loss: 0.0021)
[===================                     ]: 6497 (Loss: 0.0097)
[===================                     ]: 6498 (Loss: 0.0090)
[===================                     ]: 6499 (Loss: 0.0027)
[====================                    ]: 6500 (Loss: 0.0045)
[====================                    ]: 6501 (Loss: 0.0056)
[====================                    ]: 6502 (Loss: 0.0067)
[====================                    ]: 6503 (Loss: 0.0079)
[====================                    ]: 6504 (Loss: 0.0050)
[=====================                   ]: 6505 (Loss: 0.0067)
[=====================                   ]: 6506 (Loss: 0.0042)
[=====================                   ]: 6507 (Loss: 0.0154)
[=====================                   ]: 6508 (Loss: 0.0038)
[=====================                   ]: 6509 (Loss: 0.7449)
[======================                  ]: 6510 (Loss: 0.0181)
[======================                  ]: 6511 (Loss: 0.0085)
[======================                  ]: 6512 (Loss: 0.0056)
[======================                  ]: 6513 (Loss: 0.0211)
[======================                  ]: 6514 (Loss: 0.0010)
[=======================                 ]: 6515 (Loss: 0.0038)
[=======================                 ]: 6516 (Loss: 0.0076)
[=======================                 ]: 6517 (Loss: 0.0063)
[=======================                 ]: 6518 (Loss: 0.0031)
[=======================                 ]: 6519 (Loss: 0.0010)
[========================                ]: 6520 (Loss: 0.0243)
[========================                ]: 6521 (Loss: 0.0040)
[========================                ]: 6522 (Loss: 0.0018)
[========================                ]: 6523 (Loss: 0.0032)
[========================                ]: 6524 (Loss: 0.0079)
[=========================               ]: 6525 (Loss: 0.0009)
[=========================               ]: 6526 (Loss: 0.0033)
[=========================               ]: 6527 (Loss: 0.0036)
[=========================               ]: 6528 (Loss: 0.0035)
[=========================               ]: 6529 (Loss: 0.0068)
[==========================              ]: 6530 (Loss: 0.0057)
[==========================              ]: 6531 (Loss: 0.0018)
[==========================              ]: 6532 (Loss: 0.0058)
[==========================              ]: 6533 (Loss: 0.0018)
[==========================              ]: 6534 (Loss: 0.0012)
[===========================             ]: 6535 (Loss: 0.0070)
[===========================             ]: 6536 (Loss: 0.0045)
[===========================             ]: 6537 (Loss: 0.0040)
[===========================             ]: 6538 (Loss: 0.0036)
[===========================             ]: 6539 (Loss: 0.0151)
[============================            ]: 6540 (Loss: 0.0031)
[============================            ]: 6541 (Loss: 0.0015)
[============================            ]: 6542 (Loss: 0.0034)
[============================            ]: 6543 (Loss: 0.0003)
[============================            ]: 6544 (Loss: 0.0044)
[=============================           ]: 6545 (Loss: 0.0018)
[=============================           ]: 6546 (Loss: 0.0071)
[=============================           ]: 6547 (Loss: 0.0017)
[=============================           ]: 6548 (Loss: 0.0007)
[=============================           ]: 6549 (Loss: 0.0039)
[==============================          ]: 6550 (Loss: 0.0017)
[==============================          ]: 6551 (Loss: 0.0024)
[==============================          ]: 6552 (Loss: 0.0026)
[==============================          ]: 6553 (Loss: 0.0023)
[==============================          ]: 6554 (Loss: 0.0036)
[===============================         ]: 6555 (Loss: 0.0074)
[===============================         ]: 6556 (Loss: 0.0046)
[===============================         ]: 6557 (Loss: 0.0018)
[===============================         ]: 6558 (Loss: 0.0004)
[===============================         ]: 6559 (Loss: 0.0060)
[================================        ]: 6560 (Loss: 0.0026)
[================================        ]: 6561 (Loss: 0.0015)
[================================        ]: 6562 (Loss: 0.0027)
[================================        ]: 6563 (Loss: 0.0008)
[================================        ]: 6564 (Loss: 0.0005)
[=================================       ]: 6565 (Loss: 0.0009)
[=================================       ]: 6566 (Loss: 0.0061)
[=================================       ]: 6567 (Loss: 0.0019)
[=================================       ]: 6568 (Loss: 0.0009)
[=================================       ]: 6569 (Loss: 0.0037)
[==================================      ]: 6570 (Loss: 0.0016)
[==================================      ]: 6571 (Loss: 0.0007)
[==================================      ]: 6572 (Loss: 0.0259)
[==================================      ]: 6573 (Loss: 0.0058)
[==================================      ]: 6574 (Loss: 0.0024)
[===================================     ]: 6575 (Loss: 0.0034)
[===================================     ]: 6576 (Loss: 0.0037)
[===================================     ]: 6577 (Loss: 0.0051)
[===================================     ]: 6578 (Loss: 0.0015)
[===================================     ]: 6579 (Loss: 0.0040)
[====================================    ]: 6580 (Loss: 0.0007)
[====================================    ]: 6581 (Loss: 0.0034)
[====================================    ]: 6582 (Loss: 0.0008)
[====================================    ]: 6583 (Loss: 0.0030)
[====================================    ]: 6584 (Loss: 0.0161)
[=====================================   ]: 6585 (Loss: 0.0035)
[=====================================   ]: 6586 (Loss: 0.0019)
[=====================================   ]: 6587 (Loss: 0.0030)
[=====================================   ]: 6588 (Loss: 0.0008)
[=====================================   ]: 6589 (Loss: 0.0023)
[======================================  ]: 6590 (Loss: 0.0061)
[======================================  ]: 6591 (Loss: 0.0036)
[======================================  ]: 6592 (Loss: 0.0024)
[======================================  ]: 6593 (Loss: 0.0039)
[======================================  ]: 6594 (Loss: 0.0040)
[======================================= ]: 6595 (Loss: 0.0113)
[======================================= ]: 6596 (Loss: 0.0019)
[======================================= ]: 6597 (Loss: 0.0020)
[======================================= ]: 6598 (Loss: 0.0039)
[======================================= ]: 6599 (Loss: 0.0026)
[========================================]: 6600 (Loss: 0.0030)
                                                                                                    
[2026-07-17 08:53:39,324] [INFO] [__main__] Batch 6600 Loss: 0.044736 Cost: 0.86 Time: 90 ms/sequence
[2026-07-17 08:53:39,329] [INFO] [__main__] Advice weight norm: 21.837191 | Advice gradient norm: 0.019207

[                                        ]: 6601 (Loss: 0.7543)
[                                        ]: 6602 (Loss: 0.0033)
[                                        ]: 6603 (Loss: 0.0022)
[                                        ]: 6604 (Loss: 0.0033)
[=                                       ]: 6605 (Loss: 0.0058)
[=                                       ]: 6606 (Loss: 0.0035)
[=                                       ]: 6607 (Loss: 0.0029)
[=                                       ]: 6608 (Loss: 0.0037)
[=                                       ]: 6609 (Loss: 0.0039)
[==                                      ]: 6610 (Loss: 0.0026)
[==                                      ]: 6611 (Loss: 0.0028)
[==                                      ]: 6612 (Loss: 0.0016)
[==                                      ]: 6613 (Loss: 0.0039)
[==                                      ]: 6614 (Loss: 0.0002)
[===                                     ]: 6615 (Loss: 0.0017)
[===                                     ]: 6616 (Loss: 0.0018)
[===                                     ]: 6617 (Loss: 0.0027)
[===                                     ]: 6618 (Loss: 0.0039)
[===                                     ]: 6619 (Loss: 0.0021)
[====                                    ]: 6620 (Loss: 0.0009)
[====                                    ]: 6621 (Loss: 0.0032)
[====                                    ]: 6622 (Loss: 0.0037)
[====                                    ]: 6623 (Loss: 0.0065)
[====                                    ]: 6624 (Loss: 0.0053)
[=====                                   ]: 6625 (Loss: 0.0067)
[=====                                   ]: 6626 (Loss: 0.0021)
[=====                                   ]: 6627 (Loss: 0.0028)
[=====                                   ]: 6628 (Loss: 0.0002)
[=====                                   ]: 6629 (Loss: 0.0035)
[======                                  ]: 6630 (Loss: 0.0021)
[======                                  ]: 6631 (Loss: 0.0021)
[======                                  ]: 6632 (Loss: 0.0020)
[======                                  ]: 6633 (Loss: 0.0023)
[======                                  ]: 6634 (Loss: 0.0046)
[=======                                 ]: 6635 (Loss: 0.0038)
[=======                                 ]: 6636 (Loss: 0.0035)
[=======                                 ]: 6637 (Loss: 0.0020)
[=======                                 ]: 6638 (Loss: 0.0022)
[=======                                 ]: 6639 (Loss: 0.0021)
[========                                ]: 6640 (Loss: 0.0029)
[========                                ]: 6641 (Loss: 0.0018)
[========                                ]: 6642 (Loss: 0.0057)
[========                                ]: 6643 (Loss: 0.0002)
[========                                ]: 6644 (Loss: 0.0013)
[=========                               ]: 6645 (Loss: 0.0094)
[=========                               ]: 6646 (Loss: 0.0021)
[=========                               ]: 6647 (Loss: 0.0008)
[=========                               ]: 6648 (Loss: 0.0026)
[=========                               ]: 6649 (Loss: 0.0010)
[==========                              ]: 6650 (Loss: 0.0066)
[==========                              ]: 6651 (Loss: 0.0054)
[==========                              ]: 6652 (Loss: 0.0030)
[==========                              ]: 6653 (Loss: 0.0029)
[==========                              ]: 6654 (Loss: 0.0021)
[===========                             ]: 6655 (Loss: 0.0109)
[===========                             ]: 6656 (Loss: 0.0036)
[===========                             ]: 6657 (Loss: 0.0017)
[===========                             ]: 6658 (Loss: 0.0054)
[===========                             ]: 6659 (Loss: 0.0046)
[============                            ]: 6660 (Loss: 0.0028)
[============                            ]: 6661 (Loss: 0.0018)
[============                            ]: 6662 (Loss: 0.0023)
[============                            ]: 6663 (Loss: 0.0038)
[============                            ]: 6664 (Loss: 0.0022)
[=============                           ]: 6665 (Loss: 0.0018)
[=============                           ]: 6666 (Loss: 0.0041)
[=============                           ]: 6667 (Loss: 0.0027)
[=============                           ]: 6668 (Loss: 0.0022)
[=============                           ]: 6669 (Loss: 0.0023)
[==============                          ]: 6670 (Loss: 0.0020)
[==============                          ]: 6671 (Loss: 0.0022)
[==============                          ]: 6672 (Loss: 0.0019)
[==============                          ]: 6673 (Loss: 0.0020)
[==============                          ]: 6674 (Loss: 0.0032)
[===============                         ]: 6675 (Loss: 0.0022)
[===============                         ]: 6676 (Loss: 0.0030)
[===============                         ]: 6677 (Loss: 0.0033)
[===============                         ]: 6678 (Loss: 0.0022)
[===============                         ]: 6679 (Loss: 0.0031)
[================                        ]: 6680 (Loss: 0.0029)
[================                        ]: 6681 (Loss: 0.0040)
[================                        ]: 6682 (Loss: 0.0044)
[================                        ]: 6683 (Loss: 0.0021)
[================                        ]: 6684 (Loss: 0.0017)
[=================                       ]: 6685 (Loss: 0.0019)
[=================                       ]: 6686 (Loss: 0.0049)
[=================                       ]: 6687 (Loss: 0.0023)
[=================                       ]: 6688 (Loss: 0.0022)
[=================                       ]: 6689 (Loss: 0.0020)
[==================                      ]: 6690 (Loss: 0.0013)
[==================                      ]: 6691 (Loss: 0.0033)
[==================                      ]: 6692 (Loss: 0.0018)
[==================                      ]: 6693 (Loss: 0.0030)
[==================                      ]: 6694 (Loss: 0.0020)
[===================                     ]: 6695 (Loss: 0.0022)
[===================                     ]: 6696 (Loss: 0.0007)
[===================                     ]: 6697 (Loss: 0.0019)
[===================                     ]: 6698 (Loss: 0.0013)
[===================                     ]: 6699 (Loss: 0.0027)
[====================                    ]: 6700 (Loss: 0.0028)
[====================                    ]: 6701 (Loss: 0.0020)
[====================                    ]: 6702 (Loss: 0.0018)
[====================                    ]: 6703 (Loss: 0.0032)
[====================                    ]: 6704 (Loss: 0.0010)
[=====================                   ]: 6705 (Loss: 0.0014)
[=====================                   ]: 6706 (Loss: 0.0033)
[=====================                   ]: 6707 (Loss: 0.0004)
[=====================                   ]: 6708 (Loss: 0.0018)
[=====================                   ]: 6709 (Loss: 0.0023)
[======================                  ]: 6710 (Loss: 0.0013)
[======================                  ]: 6711 (Loss: 0.0052)
[======================                  ]: 6712 (Loss: 0.0024)
[======================                  ]: 6713 (Loss: 0.0015)
[======================                  ]: 6714 (Loss: 0.0020)
[=======================                 ]: 6715 (Loss: 0.0009)
[=======================                 ]: 6716 (Loss: 0.0014)
[=======================                 ]: 6717 (Loss: 0.0008)
[=======================                 ]: 6718 (Loss: 0.0065)
[=======================                 ]: 6719 (Loss: 0.0011)
[========================                ]: 6720 (Loss: 0.0041)
[========================                ]: 6721 (Loss: 0.0030)
[========================                ]: 6722 (Loss: 0.0014)
[========================                ]: 6723 (Loss: 0.0011)
[========================                ]: 6724 (Loss: 0.0016)
[=========================               ]: 6725 (Loss: 0.0006)
[=========================               ]: 6726 (Loss: 0.0060)
[=========================               ]: 6727 (Loss: 0.0013)
[=========================               ]: 6728 (Loss: 0.0020)
[=========================               ]: 6729 (Loss: 0.0040)
[==========================              ]: 6730 (Loss: 0.0014)
[==========================              ]: 6731 (Loss: 0.0009)
[==========================              ]: 6732 (Loss: 0.0021)
[==========================              ]: 6733 (Loss: 0.0031)
[==========================              ]: 6734 (Loss: 0.0031)
[===========================             ]: 6735 (Loss: 0.0031)
[===========================             ]: 6736 (Loss: 0.0009)
[===========================             ]: 6737 (Loss: 0.0061)
[===========================             ]: 6738 (Loss: 0.0018)
[===========================             ]: 6739 (Loss: 0.0007)
[============================            ]: 6740 (Loss: 0.0010)
[============================            ]: 6741 (Loss: 0.0009)
[============================            ]: 6742 (Loss: 0.0001)
[============================            ]: 6743 (Loss: 0.0024)
[============================            ]: 6744 (Loss: 0.0014)
[=============================           ]: 6745 (Loss: 0.0005)
[=============================           ]: 6746 (Loss: 0.0022)
[=============================           ]: 6747 (Loss: 0.0021)
[=============================           ]: 6748 (Loss: 0.0027)
[=============================           ]: 6749 (Loss: 0.0009)
[==============================          ]: 6750 (Loss: 0.0020)
[==============================          ]: 6751 (Loss: 0.0018)
[==============================          ]: 6752 (Loss: 0.0015)
[==============================          ]: 6753 (Loss: 0.0015)
[==============================          ]: 6754 (Loss: 0.0001)
[===============================         ]: 6755 (Loss: 0.0010)
[===============================         ]: 6756 (Loss: 0.0008)
[===============================         ]: 6757 (Loss: 0.0015)
[===============================         ]: 6758 (Loss: 0.0069)
[===============================         ]: 6759 (Loss: 0.0042)
[================================        ]: 6760 (Loss: 0.0233)
[================================        ]: 6761 (Loss: 0.0009)
[================================        ]: 6762 (Loss: 0.0016)
[================================        ]: 6763 (Loss: 0.0009)
[================================        ]: 6764 (Loss: 0.0034)
[=================================       ]: 6765 (Loss: 0.0013)
[=================================       ]: 6766 (Loss: 0.0012)
[=================================       ]: 6767 (Loss: 0.0018)
[=================================       ]: 6768 (Loss: 0.0031)
[=================================       ]: 6769 (Loss: 0.0028)
[==================================      ]: 6770 (Loss: 0.0067)
[==================================      ]: 6771 (Loss: 0.0054)
[==================================      ]: 6772 (Loss: 0.0033)
[==================================      ]: 6773 (Loss: 0.0042)
[==================================      ]: 6774 (Loss: 0.0028)
[===================================     ]: 6775 (Loss: 0.0033)
[===================================     ]: 6776 (Loss: 0.0111)
[===================================     ]: 6777 (Loss: 0.0018)
[===================================     ]: 6778 (Loss: 0.0008)
[===================================     ]: 6779 (Loss: 0.0030)
[====================================    ]: 6780 (Loss: 0.0054)
[====================================    ]: 6781 (Loss: 0.0019)
[====================================    ]: 6782 (Loss: 0.0015)
[====================================    ]: 6783 (Loss: 0.0010)
[====================================    ]: 6784 (Loss: 0.0047)
[=====================================   ]: 6785 (Loss: 0.0022)
[=====================================   ]: 6786 (Loss: 0.0031)
[=====================================   ]: 6787 (Loss: 0.0031)
[=====================================   ]: 6788 (Loss: 0.0008)
[=====================================   ]: 6789 (Loss: 0.0031)
[======================================  ]: 6790 (Loss: 0.0029)
[======================================  ]: 6791 (Loss: 0.0003)
[======================================  ]: 6792 (Loss: 0.0008)
[======================================  ]: 6793 (Loss: 0.0015)
[======================================  ]: 6794 (Loss: 0.0022)
[======================================= ]: 6795 (Loss: 0.0003)
[======================================= ]: 6796 (Loss: 0.0008)
[======================================= ]: 6797 (Loss: 0.0044)
[======================================= ]: 6798 (Loss: 0.0029)
[======================================= ]: 6799 (Loss: 0.0005)
[========================================]: 6800 (Loss: 0.0024)
                                                                                                    
[2026-07-17 08:53:57,251] [INFO] [__main__] Batch 6800 Loss: 0.006486 Cost: 0.40 Time: 89 ms/sequence
[2026-07-17 08:53:57,257] [INFO] [__main__] Advice weight norm: 21.887712 | Advice gradient norm: 0.022507

[                                        ]: 6801 (Loss: 0.0025)
[                                        ]: 6802 (Loss: 0.0005)
[                                        ]: 6803 (Loss: 0.0022)
[                                        ]: 6804 (Loss: 0.0018)
[=                                       ]: 6805 (Loss: 0.0013)
[=                                       ]: 6806 (Loss: 0.0028)
[=                                       ]: 6807 (Loss: 0.0018)
[=                                       ]: 6808 (Loss: 0.0011)
[=                                       ]: 6809 (Loss: 0.0015)
[==                                      ]: 6810 (Loss: 0.0040)
[==                                      ]: 6811 (Loss: 0.0012)
[==                                      ]: 6812 (Loss: 0.0009)
[==                                      ]: 6813 (Loss: 0.0023)
[==                                      ]: 6814 (Loss: 0.0021)
[===                                     ]: 6815 (Loss: 0.0007)
[===                                     ]: 6816 (Loss: 0.0016)
[===                                     ]: 6817 (Loss: 0.0008)
[===                                     ]: 6818 (Loss: 0.0021)
[===                                     ]: 6819 (Loss: 0.0006)
[====                                    ]: 6820 (Loss: 0.0007)
[====                                    ]: 6821 (Loss: 0.0005)
[====                                    ]: 6822 (Loss: 0.0009)
[====                                    ]: 6823 (Loss: 0.0007)
[====                                    ]: 6824 (Loss: 0.0010)
[=====                                   ]: 6825 (Loss: 0.0031)
[=====                                   ]: 6826 (Loss: 0.0033)
[=====                                   ]: 6827 (Loss: 0.0020)
[=====                                   ]: 6828 (Loss: 0.0007)
[=====                                   ]: 6829 (Loss: 0.0006)
[======                                  ]: 6830 (Loss: 0.0015)
[======                                  ]: 6831 (Loss: 0.0017)
[======                                  ]: 6832 (Loss: 0.0010)
[======                                  ]: 6833 (Loss: 0.0019)
[======                                  ]: 6834 (Loss: 0.0017)
[=======                                 ]: 6835 (Loss: 0.0014)
[=======                                 ]: 6836 (Loss: 0.0017)
[=======                                 ]: 6837 (Loss: 0.0001)
[=======                                 ]: 6838 (Loss: 0.0013)
[=======                                 ]: 6839 (Loss: 0.0008)
[========                                ]: 6840 (Loss: 0.0014)
[========                                ]: 6841 (Loss: 0.0008)
[========                                ]: 6842 (Loss: 0.0142)
[========                                ]: 6843 (Loss: 0.0009)
[========                                ]: 6844 (Loss: 0.0008)
[=========                               ]: 6845 (Loss: 0.0014)
[=========                               ]: 6846 (Loss: 0.0007)
[=========                               ]: 6847 (Loss: 0.0002)
[=========                               ]: 6848 (Loss: 0.0021)
[=========                               ]: 6849 (Loss: 0.0038)
[==========                              ]: 6850 (Loss: 0.0015)
[==========                              ]: 6851 (Loss: 0.0022)
[==========                              ]: 6852 (Loss: 0.0071)
[==========                              ]: 6853 (Loss: 0.0023)
[==========                              ]: 6854 (Loss: 0.0001)
[===========                             ]: 6855 (Loss: 0.0028)
[===========                             ]: 6856 (Loss: 0.0000)
[===========                             ]: 6857 (Loss: 0.0038)
[===========                             ]: 6858 (Loss: 0.0032)
[===========                             ]: 6859 (Loss: 0.0002)
[============                            ]: 6860 (Loss: 0.0008)
[============                            ]: 6861 (Loss: 0.0001)
[============                            ]: 6862 (Loss: 0.0006)
[============                            ]: 6863 (Loss: 0.0033)
[============                            ]: 6864 (Loss: 0.0023)
[=============                           ]: 6865 (Loss: 0.0014)
[=============                           ]: 6866 (Loss: 0.0006)
[=============                           ]: 6867 (Loss: 0.0007)
[=============                           ]: 6868 (Loss: 0.0038)
[=============                           ]: 6869 (Loss: 0.0033)
[==============                          ]: 6870 (Loss: 0.0002)
[==============                          ]: 6871 (Loss: 0.0015)
[==============                          ]: 6872 (Loss: 0.0020)
[==============                          ]: 6873 (Loss: 0.0043)
[==============                          ]: 6874 (Loss: 0.0013)
[===============                         ]: 6875 (Loss: 0.0007)
[===============                         ]: 6876 (Loss: 0.0036)
[===============                         ]: 6877 (Loss: 0.0016)
[===============                         ]: 6878 (Loss: 0.0030)
[===============                         ]: 6879 (Loss: 0.0050)
[================                        ]: 6880 (Loss: 0.0002)
[================                        ]: 6881 (Loss: 0.0011)
[================                        ]: 6882 (Loss: 0.0017)
[================                        ]: 6883 (Loss: 0.0017)
[================                        ]: 6884 (Loss: 0.0012)
[=================                       ]: 6885 (Loss: 0.0010)
[=================                       ]: 6886 (Loss: 0.0076)
[=================                       ]: 6887 (Loss: 0.0001)
[=================                       ]: 6888 (Loss: 0.0005)
[=================                       ]: 6889 (Loss: 0.0007)
[==================                      ]: 6890 (Loss: 0.0051)
[==================                      ]: 6891 (Loss: 0.0001)
[==================                      ]: 6892 (Loss: 0.0012)
[==================                      ]: 6893 (Loss: 0.0011)
[==================                      ]: 6894 (Loss: 0.0005)
[===================                     ]: 6895 (Loss: 0.0009)
[===================                     ]: 6896 (Loss: 0.0026)
[===================                     ]: 6897 (Loss: 0.0010)
[===================                     ]: 6898 (Loss: 0.0011)
[===================                     ]: 6899 (Loss: 0.0013)
[====================                    ]: 6900 (Loss: 0.0013)
[====================                    ]: 6901 (Loss: 0.0005)
[====================                    ]: 6902 (Loss: 0.0009)
[====================                    ]: 6903 (Loss: 0.0007)
[====================                    ]: 6904 (Loss: 0.0019)
[=====================                   ]: 6905 (Loss: 0.0015)
[=====================                   ]: 6906 (Loss: 0.0035)
[=====================                   ]: 6907 (Loss: 0.0007)
[=====================                   ]: 6908 (Loss: 0.0035)
[=====================                   ]: 6909 (Loss: 0.0003)
[======================                  ]: 6910 (Loss: 0.0005)
[======================                  ]: 6911 (Loss: 0.0005)
[======================                  ]: 6912 (Loss: 0.0008)
[======================                  ]: 6913 (Loss: 0.0000)
[======================                  ]: 6914 (Loss: 0.0027)
[=======================                 ]: 6915 (Loss: 0.0011)
[=======================                 ]: 6916 (Loss: 0.0003)
[=======================                 ]: 6917 (Loss: 0.0018)
[=======================                 ]: 6918 (Loss: 0.0010)
[=======================                 ]: 6919 (Loss: 0.0007)
[========================                ]: 6920 (Loss: 0.0002)
[========================                ]: 6921 (Loss: 0.0014)
[========================                ]: 6922 (Loss: 0.0006)
[========================                ]: 6923 (Loss: 0.0008)
[========================                ]: 6924 (Loss: 0.0011)
[=========================               ]: 6925 (Loss: 0.0000)
[=========================               ]: 6926 (Loss: 0.0012)
[=========================               ]: 6927 (Loss: 0.0008)
[=========================               ]: 6928 (Loss: 0.0008)
[=========================               ]: 6929 (Loss: 0.0013)
[==========================              ]: 6930 (Loss: 0.0017)
[==========================              ]: 6931 (Loss: 0.0019)
[==========================              ]: 6932 (Loss: 0.0009)
[==========================              ]: 6933 (Loss: 0.0106)
[==========================              ]: 6934 (Loss: 0.0018)
[===========================             ]: 6935 (Loss: 0.0007)
[===========================             ]: 6936 (Loss: 0.0018)
[===========================             ]: 6937 (Loss: 0.0007)
[===========================             ]: 6938 (Loss: 0.0017)
[===========================             ]: 6939 (Loss: 0.0033)
[============================            ]: 6940 (Loss: 0.0008)
[============================            ]: 6941 (Loss: 0.0032)
[============================            ]: 6942 (Loss: 0.0021)
[============================            ]: 6943 (Loss: 0.0011)
[============================            ]: 6944 (Loss: 0.0015)
[=============================           ]: 6945 (Loss: 0.0007)
[=============================           ]: 6946 (Loss: 0.0021)
[=============================           ]: 6947 (Loss: 0.0007)
[=============================           ]: 6948 (Loss: 0.0019)
[=============================           ]: 6949 (Loss: 0.0009)
[==============================          ]: 6950 (Loss: 0.0004)
[==============================          ]: 6951 (Loss: 0.0013)
[==============================          ]: 6952 (Loss: 0.0001)
[==============================          ]: 6953 (Loss: 0.0009)
[==============================          ]: 6954 (Loss: 0.0009)
[===============================         ]: 6955 (Loss: 0.0021)
[===============================         ]: 6956 (Loss: 0.0016)
[===============================         ]: 6957 (Loss: 0.0007)
[===============================         ]: 6958 (Loss: 0.0010)
[===============================         ]: 6959 (Loss: 0.0017)
[================================        ]: 6960 (Loss: 0.0025)
[================================        ]: 6961 (Loss: 0.0006)
[================================        ]: 6962 (Loss: 0.0014)
[================================        ]: 6963 (Loss: 0.0012)
[================================        ]: 6964 (Loss: 0.0009)
[=================================       ]: 6965 (Loss: 0.0020)
[=================================       ]: 6966 (Loss: 0.0037)
[=================================       ]: 6967 (Loss: 0.0024)
[=================================       ]: 6968 (Loss: 0.0019)
[=================================       ]: 6969 (Loss: 0.0005)
[==================================      ]: 6970 (Loss: 0.0031)
[==================================      ]: 6971 (Loss: 0.0009)
[==================================      ]: 6972 (Loss: 0.0020)
[==================================      ]: 6973 (Loss: 0.0027)
[==================================      ]: 6974 (Loss: 0.0066)
[===================================     ]: 6975 (Loss: 0.0008)
[===================================     ]: 6976 (Loss: 0.0040)
[===================================     ]: 6977 (Loss: 0.0007)
[===================================     ]: 6978 (Loss: 0.0023)
[===================================     ]: 6979 (Loss: 0.0007)
[====================================    ]: 6980 (Loss: 0.0018)
[====================================    ]: 6981 (Loss: 0.0009)
[====================================    ]: 6982 (Loss: 0.0003)
[====================================    ]: 6983 (Loss: 0.0032)
[====================================    ]: 6984 (Loss: 0.0021)
[=====================================   ]: 6985 (Loss: 0.0015)
[=====================================   ]: 6986 (Loss: 0.0028)
[=====================================   ]: 6987 (Loss: 0.0006)
[=====================================   ]: 6988 (Loss: 0.0019)
[=====================================   ]: 6989 (Loss: 0.0010)
[======================================  ]: 6990 (Loss: 0.0015)
[======================================  ]: 6991 (Loss: 0.0026)
[======================================  ]: 6992 (Loss: 0.0026)
[======================================  ]: 6993 (Loss: 0.0050)
[======================================  ]: 6994 (Loss: 0.0035)
[======================================= ]: 6995 (Loss: 0.0002)
[======================================= ]: 6996 (Loss: 0.0011)
[======================================= ]: 6997 (Loss: 0.0028)
[======================================= ]: 6998 (Loss: 0.0015)
[======================================= ]: 6999 (Loss: 0.0067)
[========================================]: 7000 (Loss: 0.0007)
                                                                                                    
[2026-07-17 08:54:13,803] [INFO] [__main__] Batch 7000 Loss: 0.001736 Cost: 0.01 Time: 82 ms/sequence
[2026-07-17 08:54:13,808] [INFO] [__main__] Advice weight norm: 21.955425 | Advice gradient norm: 0.005886

[                                        ]: 7001 (Loss: 0.0006)
[                                        ]: 7002 (Loss: 0.0024)
[                                        ]: 7003 (Loss: 0.0009)
[                                        ]: 7004 (Loss: 0.0008)
[=                                       ]: 7005 (Loss: 0.0015)
[=                                       ]: 7006 (Loss: 0.0012)
[=                                       ]: 7007 (Loss: 0.0008)
[=                                       ]: 7008 (Loss: 0.0013)
[=                                       ]: 7009 (Loss: 0.0016)
[==                                      ]: 7010 (Loss: 0.0009)
[==                                      ]: 7011 (Loss: 0.0040)
[==                                      ]: 7012 (Loss: 0.0011)
[==                                      ]: 7013 (Loss: 0.0011)
[==                                      ]: 7014 (Loss: 0.0011)
[===                                     ]: 7015 (Loss: 0.0014)
[===                                     ]: 7016 (Loss: 0.0011)
[===                                     ]: 7017 (Loss: 0.0011)
[===                                     ]: 7018 (Loss: 0.0005)
[===                                     ]: 7019 (Loss: 0.0013)
[====                                    ]: 7020 (Loss: 0.0008)
[====                                    ]: 7021 (Loss: 0.0025)
[====                                    ]: 7022 (Loss: 0.0010)
[====                                    ]: 7023 (Loss: 0.0009)
[====                                    ]: 7024 (Loss: 0.0039)
[=====                                   ]: 7025 (Loss: 0.0008)
[=====                                   ]: 7026 (Loss: 0.0011)
[=====                                   ]: 7027 (Loss: 0.0013)
[=====                                   ]: 7028 (Loss: 0.0012)
[=====                                   ]: 7029 (Loss: 0.0006)
[======                                  ]: 7030 (Loss: 0.0010)
[======                                  ]: 7031 (Loss: 0.0011)
[======                                  ]: 7032 (Loss: 0.0023)
[======                                  ]: 7033 (Loss: 0.0011)
[======                                  ]: 7034 (Loss: 0.0003)
[=======                                 ]: 7035 (Loss: 0.0009)
[=======                                 ]: 7036 (Loss: 0.0016)
[=======                                 ]: 7037 (Loss: 0.0015)
[=======                                 ]: 7038 (Loss: 0.0021)
[=======                                 ]: 7039 (Loss: 0.0019)
[========                                ]: 7040 (Loss: 0.0004)
[========                                ]: 7041 (Loss: 0.0012)
[========                                ]: 7042 (Loss: 0.0011)
[========                                ]: 7043 (Loss: 0.0008)
[========                                ]: 7044 (Loss: 0.0007)
[=========                               ]: 7045 (Loss: 0.0016)
[=========                               ]: 7046 (Loss: 0.0007)
[=========                               ]: 7047 (Loss: 0.0007)
[=========                               ]: 7048 (Loss: 0.0003)
[=========                               ]: 7049 (Loss: 0.0006)
[==========                              ]: 7050 (Loss: 0.0000)
[==========                              ]: 7051 (Loss: 0.0013)
[==========                              ]: 7052 (Loss: 0.0011)
[==========                              ]: 7053 (Loss: 0.0008)
[==========                              ]: 7054 (Loss: 0.0006)
[===========                             ]: 7055 (Loss: 0.0013)
[===========                             ]: 7056 (Loss: 0.0004)
[===========                             ]: 7057 (Loss: 0.0041)
[===========                             ]: 7058 (Loss: 0.0011)
[===========                             ]: 7059 (Loss: 0.0020)
[============                            ]: 7060 (Loss: 0.0017)
[============                            ]: 7061 (Loss: 0.0008)
[============                            ]: 7062 (Loss: 0.0010)
[============                            ]: 7063 (Loss: 0.0005)
[============                            ]: 7064 (Loss: 0.0011)
[=============                           ]: 7065 (Loss: 0.0010)
[=============                           ]: 7066 (Loss: 0.0039)
[=============                           ]: 7067 (Loss: 0.0008)
[=============                           ]: 7068 (Loss: 0.0018)
[=============                           ]: 7069 (Loss: 0.0010)
[==============                          ]: 7070 (Loss: 0.0006)
[==============                          ]: 7071 (Loss: 0.0006)
[==============                          ]: 7072 (Loss: 0.0004)
[==============                          ]: 7073 (Loss: 0.0018)
[==============                          ]: 7074 (Loss: 0.0030)
[===============                         ]: 7075 (Loss: 0.0009)
[===============                         ]: 7076 (Loss: 0.0016)
[===============                         ]: 7077 (Loss: 0.0009)
[===============                         ]: 7078 (Loss: 0.0012)
[===============                         ]: 7079 (Loss: 0.0098)
[================                        ]: 7080 (Loss: 0.0024)
[================                        ]: 7081 (Loss: 0.0002)
[================                        ]: 7082 (Loss: 0.0016)
[================                        ]: 7083 (Loss: 0.0041)
[================                        ]: 7084 (Loss: 0.0007)
[=================                       ]: 7085 (Loss: 0.0017)
[=================                       ]: 7086 (Loss: 0.0004)
[=================                       ]: 7087 (Loss: 0.0005)
[=================                       ]: 7088 (Loss: 0.0011)
[=================                       ]: 7089 (Loss: 0.0001)
[==================                      ]: 7090 (Loss: 0.0008)
[==================                      ]: 7091 (Loss: 0.0007)
[==================                      ]: 7092 (Loss: 0.0004)
[==================                      ]: 7093 (Loss: 0.0004)
[==================                      ]: 7094 (Loss: 0.0012)
[===================                     ]: 7095 (Loss: 0.0225)
[===================                     ]: 7096 (Loss: 0.0019)
[===================                     ]: 7097 (Loss: 0.0037)
[===================                     ]: 7098 (Loss: 0.0003)
[===================                     ]: 7099 (Loss: 0.0006)
[====================                    ]: 7100 (Loss: 0.0001)
[====================                    ]: 7101 (Loss: 0.0008)
[====================                    ]: 7102 (Loss: 0.0069)
[====================                    ]: 7103 (Loss: 3.8010)
[====================                    ]: 7104 (Loss: 0.0005)
[=====================                   ]: 7105 (Loss: 0.0017)
[=====================                   ]: 7106 (Loss: 0.0013)
[=====================                   ]: 7107 (Loss: 0.0003)
[=====================                   ]: 7108 (Loss: 0.0023)
[=====================                   ]: 7109 (Loss: 0.0010)
[======================                  ]: 7110 (Loss: 0.0008)
[======================                  ]: 7111 (Loss: 0.0006)
[======================                  ]: 7112 (Loss: 0.0007)
[======================                  ]: 7113 (Loss: 0.0003)
[======================                  ]: 7114 (Loss: 0.0016)
[=======================                 ]: 7115 (Loss: 0.0008)
[=======================                 ]: 7116 (Loss: 0.0003)
[=======================                 ]: 7117 (Loss: 0.0005)
[=======================                 ]: 7118 (Loss: 0.0028)
[=======================                 ]: 7119 (Loss: 0.0014)
[========================                ]: 7120 (Loss: 0.0024)
[========================                ]: 7121 (Loss: 0.0007)
[========================                ]: 7122 (Loss: 0.0020)
[========================                ]: 7123 (Loss: 0.0023)
[========================                ]: 7124 (Loss: 0.0027)
[=========================               ]: 7125 (Loss: 0.0053)
[=========================               ]: 7126 (Loss: 0.0004)
[=========================               ]: 7127 (Loss: 0.0017)
[=========================               ]: 7128 (Loss: 0.0022)
[=========================               ]: 7129 (Loss: 0.0012)
[==========================              ]: 7130 (Loss: 0.0010)
[==========================              ]: 7131 (Loss: 0.0021)
[==========================              ]: 7132 (Loss: 0.0014)
[==========================              ]: 7133 (Loss: 0.0009)
[==========================              ]: 7134 (Loss: 0.0009)
[===========================             ]: 7135 (Loss: 0.0043)
[===========================             ]: 7136 (Loss: 0.0008)
[===========================             ]: 7137 (Loss: 0.0010)
[===========================             ]: 7138 (Loss: 0.0005)
[===========================             ]: 7139 (Loss: 0.0018)
[============================            ]: 7140 (Loss: 0.0008)
[============================            ]: 7141 (Loss: 0.0014)
[============================            ]: 7142 (Loss: 0.0037)
[============================            ]: 7143 (Loss: 0.0012)
[============================            ]: 7144 (Loss: 0.0019)
[=============================           ]: 7145 (Loss: 0.0010)
[=============================           ]: 7146 (Loss: 0.0008)
[=============================           ]: 7147 (Loss: 0.0013)
[=============================           ]: 7148 (Loss: 0.0023)
[=============================           ]: 7149 (Loss: 0.0009)
[==============================          ]: 7150 (Loss: 0.0013)
[==============================          ]: 7151 (Loss: 0.0010)
[==============================          ]: 7152 (Loss: 0.0017)
[==============================          ]: 7153 (Loss: 0.0009)
[==============================          ]: 7154 (Loss: 0.0006)
[===============================         ]: 7155 (Loss: 0.0001)
[===============================         ]: 7156 (Loss: 0.0001)
[===============================         ]: 7157 (Loss: 0.0012)
[===============================         ]: 7158 (Loss: 0.0041)
[===============================         ]: 7159 (Loss: 0.0013)
[================================        ]: 7160 (Loss: 0.0015)
[================================        ]: 7161 (Loss: 0.0008)
[================================        ]: 7162 (Loss: 0.0010)
[================================        ]: 7163 (Loss: 0.0020)
[================================        ]: 7164 (Loss: 0.0002)
[=================================       ]: 7165 (Loss: 0.0009)
[=================================       ]: 7166 (Loss: 0.0007)
[=================================       ]: 7167 (Loss: 0.0024)
[=================================       ]: 7168 (Loss: 0.0008)
[=================================       ]: 7169 (Loss: 0.0016)
[==================================      ]: 7170 (Loss: 0.0015)
[==================================      ]: 7171 (Loss: 0.0010)
[==================================      ]: 7172 (Loss: 0.0024)
[==================================      ]: 7173 (Loss: 0.0005)
[==================================      ]: 7174 (Loss: 0.0013)
[===================================     ]: 7175 (Loss: 0.0007)
[===================================     ]: 7176 (Loss: 0.0006)
[===================================     ]: 7177 (Loss: 0.0004)
[===================================     ]: 7178 (Loss: 0.0000)
[===================================     ]: 7179 (Loss: 0.0011)
[====================================    ]: 7180 (Loss: 0.0012)
[====================================    ]: 7181 (Loss: 0.0007)
[====================================    ]: 7182 (Loss: 0.0007)
[====================================    ]: 7183 (Loss: 0.0011)
[====================================    ]: 7184 (Loss: 0.0005)
[=====================================   ]: 7185 (Loss: 0.0024)
[=====================================   ]: 7186 (Loss: 0.0006)
[=====================================   ]: 7187 (Loss: 0.0005)
[=====================================   ]: 7188 (Loss: 0.0007)
[=====================================   ]: 7189 (Loss: 0.0004)
[======================================  ]: 7190 (Loss: 0.0054)
[======================================  ]: 7191 (Loss: 0.0013)
[======================================  ]: 7192 (Loss: 0.0008)
[======================================  ]: 7193 (Loss: 0.0008)
[======================================  ]: 7194 (Loss: 0.0010)
[======================================= ]: 7195 (Loss: 0.0006)
[======================================= ]: 7196 (Loss: 0.0010)
[======================================= ]: 7197 (Loss: 0.0007)
[======================================= ]: 7198 (Loss: 0.0007)
[======================================= ]: 7199 (Loss: 0.0010)
[========================================]: 7200 (Loss: 0.0010)
                                                                                                    
[2026-07-17 08:54:30,886] [INFO] [__main__] Batch 7200 Loss: 0.020435 Cost: 0.35 Time: 85 ms/sequence
[2026-07-17 08:54:30,891] [INFO] [__main__] Advice weight norm: 21.969469 | Advice gradient norm: 0.009280

[                                        ]: 7201 (Loss: 0.0014)
[                                        ]: 7202 (Loss: 0.0016)
[                                        ]: 7203 (Loss: 0.0029)
[                                        ]: 7204 (Loss: 0.0011)
[=                                       ]: 7205 (Loss: 0.0004)
[=                                       ]: 7206 (Loss: 0.0043)
[=                                       ]: 7207 (Loss: 0.0008)
[=                                       ]: 7208 (Loss: 0.0008)
[=                                       ]: 7209 (Loss: 0.0009)
[==                                      ]: 7210 (Loss: 0.0006)
[==                                      ]: 7211 (Loss: 0.0009)
[==                                      ]: 7212 (Loss: 0.0145)
[==                                      ]: 7213 (Loss: 0.0021)
[==                                      ]: 7214 (Loss: 0.0007)
[===                                     ]: 7215 (Loss: 0.0011)
[===                                     ]: 7216 (Loss: 0.0000)
[===                                     ]: 7217 (Loss: 0.0007)
[===                                     ]: 7218 (Loss: 0.0008)
[===                                     ]: 7219 (Loss: 0.0005)
[====                                    ]: 7220 (Loss: 0.0009)
[====                                    ]: 7221 (Loss: 0.0008)
[====                                    ]: 7222 (Loss: 0.0001)
[====                                    ]: 7223 (Loss: 0.0011)
[====                                    ]: 7224 (Loss: 0.0031)
[=====                                   ]: 7225 (Loss: 0.0025)
[=====                                   ]: 7226 (Loss: 0.0011)
[=====                                   ]: 7227 (Loss: 0.0007)
[=====                                   ]: 7228 (Loss: 0.0033)
[=====                                   ]: 7229 (Loss: 0.0014)
[======                                  ]: 7230 (Loss: 0.0008)
[======                                  ]: 7231 (Loss: 0.0005)
[======                                  ]: 7232 (Loss: 0.0001)
[======                                  ]: 7233 (Loss: 0.0013)
[======                                  ]: 7234 (Loss: 0.0077)
[=======                                 ]: 7235 (Loss: 0.0008)
[=======                                 ]: 7236 (Loss: 0.0008)
[=======                                 ]: 7237 (Loss: 0.0010)
[=======                                 ]: 7238 (Loss: 0.0009)
[=======                                 ]: 7239 (Loss: 0.0002)
[========                                ]: 7240 (Loss: 0.0049)
[========                                ]: 7241 (Loss: 0.0005)
[========                                ]: 7242 (Loss: 0.0025)
[========                                ]: 7243 (Loss: 0.0013)
[========                                ]: 7244 (Loss: 0.0000)
[=========                               ]: 7245 (Loss: 0.0009)
[=========                               ]: 7246 (Loss: 0.0006)
[=========                               ]: 7247 (Loss: 0.0009)
[=========                               ]: 7248 (Loss: 0.0031)
[=========                               ]: 7249 (Loss: 0.0016)
[==========                              ]: 7250 (Loss: 0.0014)
[==========                              ]: 7251 (Loss: 0.0026)
[==========                              ]: 7252 (Loss: 0.0008)
[==========                              ]: 7253 (Loss: 0.0004)
[==========                              ]: 7254 (Loss: 0.0004)
[===========                             ]: 7255 (Loss: 0.0006)
[===========                             ]: 7256 (Loss: 0.0021)
[===========                             ]: 7257 (Loss: 0.0003)
[===========                             ]: 7258 (Loss: 0.0000)
[===========                             ]: 7259 (Loss: 0.0005)
[============                            ]: 7260 (Loss: 0.0096)
[============                            ]: 7261 (Loss: 0.0011)
[============                            ]: 7262 (Loss: 0.0026)
[============                            ]: 7263 (Loss: 0.0004)
[============                            ]: 7264 (Loss: 0.0007)
[=============                           ]: 7265 (Loss: 0.0003)
[=============                           ]: 7266 (Loss: 0.0009)
[=============                           ]: 7267 (Loss: 0.0007)
[=============                           ]: 7268 (Loss: 0.0002)
[=============                           ]: 7269 (Loss: 0.0007)
[==============                          ]: 7270 (Loss: 0.0010)
[==============                          ]: 7271 (Loss: 0.0012)
[==============                          ]: 7272 (Loss: 0.0005)
[==============                          ]: 7273 (Loss: 0.0014)
[==============                          ]: 7274 (Loss: 0.0008)
[===============                         ]: 7275 (Loss: 0.0007)
[===============                         ]: 7276 (Loss: 0.0007)
[===============                         ]: 7277 (Loss: 0.0002)
[===============                         ]: 7278 (Loss: 0.0014)
[===============                         ]: 7279 (Loss: 0.0009)
[================                        ]: 7280 (Loss: 0.0017)
[================                        ]: 7281 (Loss: 0.0008)
[================                        ]: 7282 (Loss: 0.0005)
[================                        ]: 7283 (Loss: 0.0097)
[================                        ]: 7284 (Loss: 0.0010)
[=================                       ]: 7285 (Loss: 0.0051)
[=================                       ]: 7286 (Loss: 0.0013)
[=================                       ]: 7287 (Loss: 0.0010)
[=================                       ]: 7288 (Loss: 0.0015)
[=================                       ]: 7289 (Loss: 0.0009)
[==================                      ]: 7290 (Loss: 0.0024)
[==================                      ]: 7291 (Loss: 0.0013)
[==================                      ]: 7292 (Loss: 0.0008)
[==================                      ]: 7293 (Loss: 0.0005)
[==================                      ]: 7294 (Loss: 0.0029)
[===================                     ]: 7295 (Loss: 0.0004)
[===================                     ]: 7296 (Loss: 0.0003)
[===================                     ]: 7297 (Loss: 0.0006)
[===================                     ]: 7298 (Loss: 0.0013)
[===================                     ]: 7299 (Loss: 0.0014)
[====================                    ]: 7300 (Loss: 0.0007)
[====================                    ]: 7301 (Loss: 0.0017)
[====================                    ]: 7302 (Loss: 0.0029)
[====================                    ]: 7303 (Loss: 0.0025)
[====================                    ]: 7304 (Loss: 0.0027)
[=====================                   ]: 7305 (Loss: 0.0003)
[=====================                   ]: 7306 (Loss: 0.0005)
[=====================                   ]: 7307 (Loss: 0.0005)
[=====================                   ]: 7308 (Loss: 0.0006)
[=====================                   ]: 7309 (Loss: 0.0016)
[======================                  ]: 7310 (Loss: 0.0055)
[======================                  ]: 7311 (Loss: 0.0017)
[======================                  ]: 7312 (Loss: 0.0012)
[======================                  ]: 7313 (Loss: 0.0005)
[======================                  ]: 7314 (Loss: 0.0012)
[=======================                 ]: 7315 (Loss: 0.0001)
[=======================                 ]: 7316 (Loss: 0.0004)
[=======================                 ]: 7317 (Loss: 0.0004)
[=======================                 ]: 7318 (Loss: 0.0008)
[=======================                 ]: 7319 (Loss: 0.0010)
[========================                ]: 7320 (Loss: 0.0007)
[========================                ]: 7321 (Loss: 0.0006)
[========================                ]: 7322 (Loss: 0.0013)
[========================                ]: 7323 (Loss: 0.0005)
[========================                ]: 7324 (Loss: 0.0004)
[=========================               ]: 7325 (Loss: 0.0012)
[=========================               ]: 7326 (Loss: 0.0024)
[=========================               ]: 7327 (Loss: 0.0008)
[=========================               ]: 7328 (Loss: 0.0006)
[=========================               ]: 7329 (Loss: 0.0002)
[==========================              ]: 7330 (Loss: 0.0008)
[==========================              ]: 7331 (Loss: 0.0024)
[==========================              ]: 7332 (Loss: 0.0012)
[==========================              ]: 7333 (Loss: 0.0023)
[==========================              ]: 7334 (Loss: 0.0013)
[===========================             ]: 7335 (Loss: 0.0015)
[===========================             ]: 7336 (Loss: 0.0009)
[===========================             ]: 7337 (Loss: 0.0008)
[===========================             ]: 7338 (Loss: 0.0007)
[===========================             ]: 7339 (Loss: 0.0032)
[============================            ]: 7340 (Loss: 0.0003)
[============================            ]: 7341 (Loss: 0.0009)
[============================            ]: 7342 (Loss: 0.0000)
[============================            ]: 7343 (Loss: 0.0006)
[============================            ]: 7344 (Loss: 0.0010)
[=============================           ]: 7345 (Loss: 0.0023)
[=============================           ]: 7346 (Loss: 0.0005)
[=============================           ]: 7347 (Loss: 0.0010)
[=============================           ]: 7348 (Loss: 0.0016)
[=============================           ]: 7349 (Loss: 0.0009)
[==============================          ]: 7350 (Loss: 0.0009)
[==============================          ]: 7351 (Loss: 0.0005)
[==============================          ]: 7352 (Loss: 0.0004)
[==============================          ]: 7353 (Loss: 0.0006)
[==============================          ]: 7354 (Loss: 0.0009)
[===============================         ]: 7355 (Loss: 0.0006)
[===============================         ]: 7356 (Loss: 0.0002)
[===============================         ]: 7357 (Loss: 0.0003)
[===============================         ]: 7358 (Loss: 0.0010)
[===============================         ]: 7359 (Loss: 0.0001)
[================================        ]: 7360 (Loss: 0.0005)
[================================        ]: 7361 (Loss: 0.0004)
[================================        ]: 7362 (Loss: 0.0008)
[================================        ]: 7363 (Loss: 0.0007)
[================================        ]: 7364 (Loss: 0.0008)
[=================================       ]: 7365 (Loss: 0.0013)
[=================================       ]: 7366 (Loss: 0.0033)
[=================================       ]: 7367 (Loss: 0.0005)
[=================================       ]: 7368 (Loss: 0.0011)
[=================================       ]: 7369 (Loss: 0.0006)
[==================================      ]: 7370 (Loss: 0.0005)
[==================================      ]: 7371 (Loss: 0.0006)
[==================================      ]: 7372 (Loss: 0.0006)
[==================================      ]: 7373 (Loss: 0.0002)
[==================================      ]: 7374 (Loss: 0.0003)
[===================================     ]: 7375 (Loss: 0.0004)
[===================================     ]: 7376 (Loss: 0.0007)
[===================================     ]: 7377 (Loss: 0.0001)
[===================================     ]: 7378 (Loss: 0.0009)
[===================================     ]: 7379 (Loss: 0.0004)
[====================================    ]: 7380 (Loss: 0.0030)
[====================================    ]: 7381 (Loss: 0.0006)
[====================================    ]: 7382 (Loss: 0.0049)
[====================================    ]: 7383 (Loss: 0.0041)
[====================================    ]: 7384 (Loss: 0.0014)
[=====================================   ]: 7385 (Loss: 0.0018)
[=====================================   ]: 7386 (Loss: 0.0008)
[=====================================   ]: 7387 (Loss: 0.0004)
[=====================================   ]: 7388 (Loss: 0.0009)
[=====================================   ]: 7389 (Loss: 0.0004)
[======================================  ]: 7390 (Loss: 0.0010)
[======================================  ]: 7391 (Loss: 0.0023)
[======================================  ]: 7392 (Loss: 0.0014)
[======================================  ]: 7393 (Loss: 0.0006)
[======================================  ]: 7394 (Loss: 0.0006)
[======================================= ]: 7395 (Loss: 0.0258)
[======================================= ]: 7396 (Loss: 0.0000)
[======================================= ]: 7397 (Loss: 0.0010)
[======================================= ]: 7398 (Loss: 0.0063)
[======================================= ]: 7399 (Loss: 0.0007)
[========================================]: 7400 (Loss: 0.0008)
                                                                                                    
[2026-07-17 08:54:47,158] [INFO] [__main__] Batch 7400 Loss: 0.001453 Cost: 0.01 Time: 81 ms/sequence
[2026-07-17 08:54:47,163] [INFO] [__main__] Advice weight norm: 22.011765 | Advice gradient norm: 0.010278

[                                        ]: 7401 (Loss: 0.0002)
[                                        ]: 7402 (Loss: 0.0012)
[                                        ]: 7403 (Loss: 0.0019)
[                                        ]: 7404 (Loss: 0.0000)
[=                                       ]: 7405 (Loss: 0.0025)
[=                                       ]: 7406 (Loss: 0.0007)
[=                                       ]: 7407 (Loss: 0.0011)
[=                                       ]: 7408 (Loss: 0.0008)
[=                                       ]: 7409 (Loss: 0.0007)
[==                                      ]: 7410 (Loss: 0.0013)
[==                                      ]: 7411 (Loss: 0.0028)
[==                                      ]: 7412 (Loss: 0.0050)
[==                                      ]: 7413 (Loss: 0.0116)
[==                                      ]: 7414 (Loss: 0.0005)
[===                                     ]: 7415 (Loss: 0.0062)
[===                                     ]: 7416 (Loss: 0.0021)
[===                                     ]: 7417 (Loss: 0.0006)
[===                                     ]: 7418 (Loss: 0.0008)
[===                                     ]: 7419 (Loss: 0.0006)
[====                                    ]: 7420 (Loss: 0.0006)
[====                                    ]: 7421 (Loss: 0.0013)
[====                                    ]: 7422 (Loss: 0.0008)
[====                                    ]: 7423 (Loss: 0.0016)
[====                                    ]: 7424 (Loss: 0.0016)
[=====                                   ]: 7425 (Loss: 0.0045)
[=====                                   ]: 7426 (Loss: 0.0011)
[=====                                   ]: 7427 (Loss: 0.0009)
[=====                                   ]: 7428 (Loss: 0.0008)
[=====                                   ]: 7429 (Loss: 0.0023)
[======                                  ]: 7430 (Loss: 0.0002)
[======                                  ]: 7431 (Loss: 0.0015)
[======                                  ]: 7432 (Loss: 0.0017)
[======                                  ]: 7433 (Loss: 0.0008)
[======                                  ]: 7434 (Loss: 0.0033)
[=======                                 ]: 7435 (Loss: 0.0016)
[=======                                 ]: 7436 (Loss: 0.0023)
[=======                                 ]: 7437 (Loss: 0.0011)
[=======                                 ]: 7438 (Loss: 0.0001)
[=======                                 ]: 7439 (Loss: 0.0015)
[========                                ]: 7440 (Loss: 0.0193)
[========                                ]: 7441 (Loss: 0.0006)
[========                                ]: 7442 (Loss: 0.0013)
[========                                ]: 7443 (Loss: 0.0015)
[========                                ]: 7444 (Loss: 0.0006)
[=========                               ]: 7445 (Loss: 0.0006)
[=========                               ]: 7446 (Loss: 0.0002)
[=========                               ]: 7447 (Loss: 0.0012)
[=========                               ]: 7448 (Loss: 0.0010)
[=========                               ]: 7449 (Loss: 0.0009)
[==========                              ]: 7450 (Loss: 0.0053)
[==========                              ]: 7451 (Loss: 0.0010)
[==========                              ]: 7452 (Loss: 0.0000)
[==========                              ]: 7453 (Loss: 0.0009)
[==========                              ]: 7454 (Loss: 0.0012)
[===========                             ]: 7455 (Loss: 0.0015)
[===========                             ]: 7456 (Loss: 0.0038)
[===========                             ]: 7457 (Loss: 0.0009)
[===========                             ]: 7458 (Loss: 0.0024)
[===========                             ]: 7459 (Loss: 0.0015)
[============                            ]: 7460 (Loss: 0.0001)
[============                            ]: 7461 (Loss: 0.0066)
[============                            ]: 7462 (Loss: 0.0004)
[============                            ]: 7463 (Loss: 0.0008)
[============                            ]: 7464 (Loss: 0.0005)
[=============                           ]: 7465 (Loss: 0.0008)
[=============                           ]: 7466 (Loss: 0.0005)
[=============                           ]: 7467 (Loss: 0.0008)
[=============                           ]: 7468 (Loss: 0.0004)
[=============                           ]: 7469 (Loss: 0.0010)
[==============                          ]: 7470 (Loss: 0.0008)
[==============                          ]: 7471 (Loss: 0.0000)
[==============                          ]: 7472 (Loss: 0.0005)
[==============                          ]: 7473 (Loss: 0.0003)
[==============                          ]: 7474 (Loss: 0.0001)
[===============                         ]: 7475 (Loss: 0.0017)
[===============                         ]: 7476 (Loss: 0.0023)
[===============                         ]: 7477 (Loss: 0.0014)
[===============                         ]: 7478 (Loss: 0.0004)
[===============                         ]: 7479 (Loss: 0.0008)
[================                        ]: 7480 (Loss: 0.0004)
[================                        ]: 7481 (Loss: 0.0007)
[================                        ]: 7482 (Loss: 0.0007)
[================                        ]: 7483 (Loss: 0.0004)
[================                        ]: 7484 (Loss: 0.0005)
[=================                       ]: 7485 (Loss: 0.0005)
[=================                       ]: 7486 (Loss: 0.0014)
[=================                       ]: 7487 (Loss: 0.0011)
[=================                       ]: 7488 (Loss: 0.0003)
[=================                       ]: 7489 (Loss: 0.0007)
[==================                      ]: 7490 (Loss: 0.0005)
[==================                      ]: 7491 (Loss: 4.4358)
[==================                      ]: 7492 (Loss: 0.0006)
[==================                      ]: 7493 (Loss: 0.0016)
[==================                      ]: 7494 (Loss: 0.0003)
[===================                     ]: 7495 (Loss: 0.0005)
[===================                     ]: 7496 (Loss: 0.0006)
[===================                     ]: 7497 (Loss: 0.0020)
[===================                     ]: 7498 (Loss: 0.0030)
[===================                     ]: 7499 (Loss: 0.0026)
[====================                    ]: 7500 (Loss: 0.0018)
[====================                    ]: 7501 (Loss: 0.0038)
[====================                    ]: 7502 (Loss: 0.0010)
[====================                    ]: 7503 (Loss: 0.0017)
[====================                    ]: 7504 (Loss: 0.0010)
[=====================                   ]: 7505 (Loss: 0.0013)
[=====================                   ]: 7506 (Loss: 0.0001)
[=====================                   ]: 7507 (Loss: 0.0021)
[=====================                   ]: 7508 (Loss: 0.0060)
[=====================                   ]: 7509 (Loss: 0.0012)
[======================                  ]: 7510 (Loss: 0.0013)
[======================                  ]: 7511 (Loss: 0.0028)
[======================                  ]: 7512 (Loss: 0.0013)
[======================                  ]: 7513 (Loss: 0.0029)
[======================                  ]: 7514 (Loss: 0.0009)
[=======================                 ]: 7515 (Loss: 0.0007)
[=======================                 ]: 7516 (Loss: 0.0166)
[=======================                 ]: 7517 (Loss: 0.0002)
[=======================                 ]: 7518 (Loss: 0.0001)
[=======================                 ]: 7519 (Loss: 0.0025)
[========================                ]: 7520 (Loss: 0.0006)
[========================                ]: 7521 (Loss: 0.0025)
[========================                ]: 7522 (Loss: 0.0021)
[========================                ]: 7523 (Loss: 0.0039)
[========================                ]: 7524 (Loss: 0.0001)
[=========================               ]: 7525 (Loss: 0.0028)
[=========================               ]: 7526 (Loss: 0.0017)
[=========================               ]: 7527 (Loss: 0.0010)
[=========================               ]: 7528 (Loss: 0.0009)
[=========================               ]: 7529 (Loss: 0.0041)
[==========================              ]: 7530 (Loss: 0.0019)
[==========================              ]: 7531 (Loss: 0.0003)
[==========================              ]: 7532 (Loss: 0.0014)
[==========================              ]: 7533 (Loss: 0.0021)
[==========================              ]: 7534 (Loss: 0.0011)
[===========================             ]: 7535 (Loss: 0.0010)
[===========================             ]: 7536 (Loss: 0.0030)
[===========================             ]: 7537 (Loss: 0.0015)
[===========================             ]: 7538 (Loss: 0.0025)
[===========================             ]: 7539 (Loss: 0.0005)
[============================            ]: 7540 (Loss: 0.0011)
[============================            ]: 7541 (Loss: 0.0012)
[============================            ]: 7542 (Loss: 0.0001)
[============================            ]: 7543 (Loss: 0.0028)
[============================            ]: 7544 (Loss: 0.0024)
[=============================           ]: 7545 (Loss: 0.0012)
[=============================           ]: 7546 (Loss: 0.0006)
[=============================           ]: 7547 (Loss: 0.0030)
[=============================           ]: 7548 (Loss: 0.0027)
[=============================           ]: 7549 (Loss: 0.0014)
[==============================          ]: 7550 (Loss: 0.0008)
[==============================          ]: 7551 (Loss: 0.0023)
[==============================          ]: 7552 (Loss: 0.0010)
[==============================          ]: 7553 (Loss: 0.0006)
[==============================          ]: 7554 (Loss: 0.0007)
[===============================         ]: 7555 (Loss: 0.0026)
[===============================         ]: 7556 (Loss: 0.0005)
[===============================         ]: 7557 (Loss: 0.0009)
[===============================         ]: 7558 (Loss: 0.0016)
[===============================         ]: 7559 (Loss: 0.0006)
[================================        ]: 7560 (Loss: 0.0015)
[================================        ]: 7561 (Loss: 0.0008)
[================================        ]: 7562 (Loss: 0.0008)
[================================        ]: 7563 (Loss: 0.0005)
[================================        ]: 7564 (Loss: 0.0005)
[=================================       ]: 7565 (Loss: 0.0006)
[=================================       ]: 7566 (Loss: 0.0008)
[=================================       ]: 7567 (Loss: 0.0010)
[=================================       ]: 7568 (Loss: 0.0004)
[=================================       ]: 7569 (Loss: 0.0013)
[==================================      ]: 7570 (Loss: 0.0008)
[==================================      ]: 7571 (Loss: 0.0006)
[==================================      ]: 7572 (Loss: 0.0009)
[==================================      ]: 7573 (Loss: 0.0010)
[==================================      ]: 7574 (Loss: 0.0008)
[===================================     ]: 7575 (Loss: 0.0003)
[===================================     ]: 7576 (Loss: 0.0013)
[===================================     ]: 7577 (Loss: 0.0011)
[===================================     ]: 7578 (Loss: 0.0011)
[===================================     ]: 7579 (Loss: 0.0006)
[====================================    ]: 7580 (Loss: 0.0003)
[====================================    ]: 7581 (Loss: 0.0004)
[====================================    ]: 7582 (Loss: 0.0008)
[====================================    ]: 7583 (Loss: 0.0018)
[====================================    ]: 7584 (Loss: 0.0003)
[=====================================   ]: 7585 (Loss: 0.0005)
[=====================================   ]: 7586 (Loss: 0.0008)
[=====================================   ]: 7587 (Loss: 0.0010)
[=====================================   ]: 7588 (Loss: 0.0023)
[=====================================   ]: 7589 (Loss: 0.0007)
[======================================  ]: 7590 (Loss: 0.0009)
[======================================  ]: 7591 (Loss: 0.0004)
[======================================  ]: 7592 (Loss: 0.0007)
[======================================  ]: 7593 (Loss: 0.0003)
[======================================  ]: 7594 (Loss: 0.0008)
[======================================= ]: 7595 (Loss: 0.0006)
[======================================= ]: 7596 (Loss: 0.0014)
[======================================= ]: 7597 (Loss: 0.0008)
[======================================= ]: 7598 (Loss: 0.0008)
[======================================= ]: 7599 (Loss: 0.0007)
[========================================]: 7600 (Loss: 0.0005)
                                                                                                    
[2026-07-17 08:55:04,925] [INFO] [__main__] Batch 7600 Loss: 0.023679 Cost: 0.41 Time: 88 ms/sequence
[2026-07-17 08:55:04,930] [INFO] [__main__] Advice weight norm: 22.044577 | Advice gradient norm: 0.006651

[                                        ]: 7601 (Loss: 0.0004)
[                                        ]: 7602 (Loss: 0.0006)
[                                        ]: 7603 (Loss: 0.0013)
[                                        ]: 7604 (Loss: 0.0010)
[=                                       ]: 7605 (Loss: 0.0003)
[=                                       ]: 7606 (Loss: 0.0010)
[=                                       ]: 7607 (Loss: 0.0009)
[=                                       ]: 7608 (Loss: 0.0002)
[=                                       ]: 7609 (Loss: 0.0006)
[==                                      ]: 7610 (Loss: 0.0007)
[==                                      ]: 7611 (Loss: 0.0004)
[==                                      ]: 7612 (Loss: 0.0005)
[==                                      ]: 7613 (Loss: 0.0006)
[==                                      ]: 7614 (Loss: 0.0003)
[===                                     ]: 7615 (Loss: 0.0020)
[===                                     ]: 7616 (Loss: 0.0010)
[===                                     ]: 7617 (Loss: 0.0003)
[===                                     ]: 7618 (Loss: 0.0002)
[===                                     ]: 7619 (Loss: 0.0002)
[====                                    ]: 7620 (Loss: 0.0004)
[====                                    ]: 7621 (Loss: 0.0008)
[====                                    ]: 7622 (Loss: 0.0008)
[====                                    ]: 7623 (Loss: 0.0007)
[====                                    ]: 7624 (Loss: 0.0011)
[=====                                   ]: 7625 (Loss: 0.0006)
[=====                                   ]: 7626 (Loss: 0.0008)
[=====                                   ]: 7627 (Loss: 0.0011)
[=====                                   ]: 7628 (Loss: 0.0001)
[=====                                   ]: 7629 (Loss: 0.0003)
[======                                  ]: 7630 (Loss: 0.0011)
[======                                  ]: 7631 (Loss: 0.0004)
[======                                  ]: 7632 (Loss: 0.0008)
[======                                  ]: 7633 (Loss: 0.0005)
[======                                  ]: 7634 (Loss: 0.0005)
[=======                                 ]: 7635 (Loss: 0.0006)
[=======                                 ]: 7636 (Loss: 0.0005)
[=======                                 ]: 7637 (Loss: 0.0006)
[=======                                 ]: 7638 (Loss: 0.0006)
[=======                                 ]: 7639 (Loss: 0.0004)
[========                                ]: 7640 (Loss: 0.0004)
[========                                ]: 7641 (Loss: 0.0003)
[========                                ]: 7642 (Loss: 0.0000)
[========                                ]: 7643 (Loss: 0.0003)
[========                                ]: 7644 (Loss: 0.0007)
[=========                               ]: 7645 (Loss: 0.0005)
[=========                               ]: 7646 (Loss: 0.0005)
[=========                               ]: 7647 (Loss: 0.0004)
[=========                               ]: 7648 (Loss: 0.0006)
[=========                               ]: 7649 (Loss: 0.0004)
[==========                              ]: 7650 (Loss: 0.0002)
[==========                              ]: 7651 (Loss: 0.0005)
[==========                              ]: 7652 (Loss: 0.0025)
[==========                              ]: 7653 (Loss: 0.0004)
[==========                              ]: 7654 (Loss: 0.0007)
[===========                             ]: 7655 (Loss: 0.0006)
[===========                             ]: 7656 (Loss: 0.0005)
[===========                             ]: 7657 (Loss: 0.0003)
[===========                             ]: 7658 (Loss: 0.0006)
[===========                             ]: 7659 (Loss: 0.0000)
[============                            ]: 7660 (Loss: 0.0007)
[============                            ]: 7661 (Loss: 0.0003)
[============                            ]: 7662 (Loss: 0.0007)
[============                            ]: 7663 (Loss: 0.0011)
[============                            ]: 7664 (Loss: 0.0005)
[=============                           ]: 7665 (Loss: 0.0004)
[=============                           ]: 7666 (Loss: 0.0004)
[=============                           ]: 7667 (Loss: 0.0007)
[=============                           ]: 7668 (Loss: 0.0003)
[=============                           ]: 7669 (Loss: 0.0008)
[==============                          ]: 7670 (Loss: 0.0005)
[==============                          ]: 7671 (Loss: 0.0002)
[==============                          ]: 7672 (Loss: 0.0002)
[==============                          ]: 7673 (Loss: 0.0004)
[==============                          ]: 7674 (Loss: 0.0010)
[===============                         ]: 7675 (Loss: 0.0003)
[===============                         ]: 7676 (Loss: 0.0004)
[===============                         ]: 7677 (Loss: 0.0005)
[===============                         ]: 7678 (Loss: 0.0013)
[===============                         ]: 7679 (Loss: 0.0002)
[================                        ]: 7680 (Loss: 0.0003)
[================                        ]: 7681 (Loss: 0.0009)
[================                        ]: 7682 (Loss: 0.0002)
[================                        ]: 7683 (Loss: 0.0005)
[================                        ]: 7684 (Loss: 0.0001)
[=================                       ]: 7685 (Loss: 0.0002)
[=================                       ]: 7686 (Loss: 0.0006)
[=================                       ]: 7687 (Loss: 0.0003)
[=================                       ]: 7688 (Loss: 0.0010)
[=================                       ]: 7689 (Loss: 0.0011)
[==================                      ]: 7690 (Loss: 0.0006)
[==================                      ]: 7691 (Loss: 0.0004)
[==================                      ]: 7692 (Loss: 0.0006)
[==================                      ]: 7693 (Loss: 0.0004)
[==================                      ]: 7694 (Loss: 0.0011)
[===================                     ]: 7695 (Loss: 0.0004)
[===================                     ]: 7696 (Loss: 0.0008)
[===================                     ]: 7697 (Loss: 0.0007)
[===================                     ]: 7698 (Loss: 0.0001)
[===================                     ]: 7699 (Loss: 0.0002)
[====================                    ]: 7700 (Loss: 0.0002)
[====================                    ]: 7701 (Loss: 0.0007)
[====================                    ]: 7702 (Loss: 0.0007)
[====================                    ]: 7703 (Loss: 0.0005)
[====================                    ]: 7704 (Loss: 0.0005)
[=====================                   ]: 7705 (Loss: 0.0005)
[=====================                   ]: 7706 (Loss: 0.0009)
[=====================                   ]: 7707 (Loss: 0.0003)
[=====================                   ]: 7708 (Loss: 0.0002)
[=====================                   ]: 7709 (Loss: 0.0000)
[======================                  ]: 7710 (Loss: 0.0003)
[======================                  ]: 7711 (Loss: 0.0002)
[======================                  ]: 7712 (Loss: 0.0004)
[======================                  ]: 7713 (Loss: 0.0005)
[======================                  ]: 7714 (Loss: 0.0004)
[=======================                 ]: 7715 (Loss: 0.0002)
[=======================                 ]: 7716 (Loss: 0.0005)
[=======================                 ]: 7717 (Loss: 0.0005)
[=======================                 ]: 7718 (Loss: 0.0004)
[=======================                 ]: 7719 (Loss: 0.0003)
[========================                ]: 7720 (Loss: 0.0005)
[========================                ]: 7721 (Loss: 0.0004)
[========================                ]: 7722 (Loss: 0.0001)
[========================                ]: 7723 (Loss: 0.0012)
[========================                ]: 7724 (Loss: 0.0000)
[=========================               ]: 7725 (Loss: 0.0002)
[=========================               ]: 7726 (Loss: 0.0005)
[=========================               ]: 7727 (Loss: 0.0000)
[=========================               ]: 7728 (Loss: 0.0005)
[=========================               ]: 7729 (Loss: 0.0015)
[==========================              ]: 7730 (Loss: 0.0003)
[==========================              ]: 7731 (Loss: 0.0001)
[==========================              ]: 7732 (Loss: 0.0006)
[==========================              ]: 7733 (Loss: 0.0003)
[==========================              ]: 7734 (Loss: 0.0003)
[===========================             ]: 7735 (Loss: 0.0012)
[===========================             ]: 7736 (Loss: 0.0004)
[===========================             ]: 7737 (Loss: 0.0009)
[===========================             ]: 7738 (Loss: 0.0008)
[===========================             ]: 7739 (Loss: 0.0004)
[============================            ]: 7740 (Loss: 0.0002)
[============================            ]: 7741 (Loss: 0.0002)
[============================            ]: 7742 (Loss: 0.0001)
[============================            ]: 7743 (Loss: 0.0003)
[============================            ]: 7744 (Loss: 0.0006)
[=============================           ]: 7745 (Loss: 0.0010)
[=============================           ]: 7746 (Loss: 0.0005)
[=============================           ]: 7747 (Loss: 0.0012)
[=============================           ]: 7748 (Loss: 0.0003)
[=============================           ]: 7749 (Loss: 0.0006)
[==============================          ]: 7750 (Loss: 0.0002)
[==============================          ]: 7751 (Loss: 0.0004)
[==============================          ]: 7752 (Loss: 0.0003)
[==============================          ]: 7753 (Loss: 0.0000)
[==============================          ]: 7754 (Loss: 0.0007)
[===============================         ]: 7755 (Loss: 0.0005)
[===============================         ]: 7756 (Loss: 0.0003)
[===============================         ]: 7757 (Loss: 0.0014)
[===============================         ]: 7758 (Loss: 0.0002)
[===============================         ]: 7759 (Loss: 0.0001)
[================================        ]: 7760 (Loss: 0.0006)
[================================        ]: 7761 (Loss: 0.0002)
[================================        ]: 7762 (Loss: 0.0005)
[================================        ]: 7763 (Loss: 0.0003)
[================================        ]: 7764 (Loss: 0.0004)
[=================================       ]: 7765 (Loss: 0.0003)
[=================================       ]: 7766 (Loss: 0.0006)
[=================================       ]: 7767 (Loss: 0.0001)
[=================================       ]: 7768 (Loss: 0.0000)
[=================================       ]: 7769 (Loss: 0.0006)
[==================================      ]: 7770 (Loss: 0.0006)
[==================================      ]: 7771 (Loss: 0.0000)
[==================================      ]: 7772 (Loss: 0.0000)
[==================================      ]: 7773 (Loss: 0.0000)
[==================================      ]: 7774 (Loss: 0.0009)
[===================================     ]: 7775 (Loss: 0.0004)
[===================================     ]: 7776 (Loss: 0.0005)
[===================================     ]: 7777 (Loss: 0.0008)
[===================================     ]: 7778 (Loss: 0.0005)
[===================================     ]: 7779 (Loss: 0.0004)
[====================================    ]: 7780 (Loss: 0.0001)
[====================================    ]: 7781 (Loss: 0.0003)
[====================================    ]: 7782 (Loss: 0.0002)
[====================================    ]: 7783 (Loss: 0.0001)
[====================================    ]: 7784 (Loss: 0.0003)
[=====================================   ]: 7785 (Loss: 0.0005)
[=====================================   ]: 7786 (Loss: 0.0001)
[=====================================   ]: 7787 (Loss: 0.0004)
[=====================================   ]: 7788 (Loss: 0.0002)
[=====================================   ]: 7789 (Loss: 0.0000)
[======================================  ]: 7790 (Loss: 0.0004)
[======================================  ]: 7791 (Loss: 0.0005)
[======================================  ]: 7792 (Loss: 0.0001)
[======================================  ]: 7793 (Loss: 0.0003)
[======================================  ]: 7794 (Loss: 0.0002)
[======================================= ]: 7795 (Loss: 0.0006)
[======================================= ]: 7796 (Loss: 0.0039)
[======================================= ]: 7797 (Loss: 0.0002)
[======================================= ]: 7798 (Loss: 0.0001)
[======================================= ]: 7799 (Loss: 0.0091)
[========================================]: 7800 (Loss: 0.0002)
                                                                                                    
[2026-07-17 08:55:20,617] [INFO] [__main__] Batch 7800 Loss: 0.000549 Cost: 0.00 Time: 78 ms/sequence
[2026-07-17 08:55:20,622] [INFO] [__main__] Advice weight norm: 22.121904 | Advice gradient norm: 0.002396

[                                        ]: 7801 (Loss: 0.0002)
[                                        ]: 7802 (Loss: 0.0018)
[                                        ]: 7803 (Loss: 0.0038)
[                                        ]: 7804 (Loss: 0.0003)
[=                                       ]: 7805 (Loss: 0.0007)
[=                                       ]: 7806 (Loss: 0.0007)
[=                                       ]: 7807 (Loss: 0.0004)
[=                                       ]: 7808 (Loss: 0.0012)
[=                                       ]: 7809 (Loss: 0.0011)
[==                                      ]: 7810 (Loss: 0.0010)
[==                                      ]: 7811 (Loss: 0.0002)
[==                                      ]: 7812 (Loss: 0.0001)
[==                                      ]: 7813 (Loss: 0.0003)
[==                                      ]: 7814 (Loss: 0.0012)
[===                                     ]: 7815 (Loss: 0.0001)
[===                                     ]: 7816 (Loss: 0.0000)
[===                                     ]: 7817 (Loss: 0.0196)
[===                                     ]: 7818 (Loss: 0.0024)
[===                                     ]: 7819 (Loss: 0.0001)
[====                                    ]: 7820 (Loss: 0.0013)
[====                                    ]: 7821 (Loss: 0.0009)
[====                                    ]: 7822 (Loss: 0.0002)
[====                                    ]: 7823 (Loss: 0.0006)
[====                                    ]: 7824 (Loss: 0.0009)
[=====                                   ]: 7825 (Loss: 0.0003)
[=====                                   ]: 7826 (Loss: 0.0010)
[=====                                   ]: 7827 (Loss: 0.0005)
[=====                                   ]: 7828 (Loss: 0.0005)
[=====                                   ]: 7829 (Loss: 0.0003)
[======                                  ]: 7830 (Loss: 0.0006)
[======                                  ]: 7831 (Loss: 0.0030)
[======                                  ]: 7832 (Loss: 0.0002)
[======                                  ]: 7833 (Loss: 0.0011)
[======                                  ]: 7834 (Loss: 0.0014)
[=======                                 ]: 7835 (Loss: 0.0004)
[=======                                 ]: 7836 (Loss: 0.0013)
[=======                                 ]: 7837 (Loss: 0.0003)
[=======                                 ]: 7838 (Loss: 0.0011)
[=======                                 ]: 7839 (Loss: 0.0010)
[========                                ]: 7840 (Loss: 0.0004)
[========                                ]: 7841 (Loss: 0.0014)
[========                                ]: 7842 (Loss: 0.0004)
[========                                ]: 7843 (Loss: 0.0001)
[========                                ]: 7844 (Loss: 0.0001)
[=========                               ]: 7845 (Loss: 0.0005)
[=========                               ]: 7846 (Loss: 0.0009)
[=========                               ]: 7847 (Loss: 0.0005)
[=========                               ]: 7848 (Loss: 0.0008)
[=========                               ]: 7849 (Loss: 0.0001)
[==========                              ]: 7850 (Loss: 0.0005)
[==========                              ]: 7851 (Loss: 0.0005)
[==========                              ]: 7852 (Loss: 0.0007)
[==========                              ]: 7853 (Loss: 0.0006)
[==========                              ]: 7854 (Loss: 0.0005)
[===========                             ]: 7855 (Loss: 0.0003)
[===========                             ]: 7856 (Loss: 0.0006)
[===========                             ]: 7857 (Loss: 0.0011)
[===========                             ]: 7858 (Loss: 0.0001)
[===========                             ]: 7859 (Loss: 0.0000)
[============                            ]: 7860 (Loss: 0.0002)
[============                            ]: 7861 (Loss: 0.0003)
[============                            ]: 7862 (Loss: 0.0003)
[============                            ]: 7863 (Loss: 0.0003)
[============                            ]: 7864 (Loss: 0.0001)
[=============                           ]: 7865 (Loss: 0.0003)
[=============                           ]: 7866 (Loss: 0.0007)
[=============                           ]: 7867 (Loss: 0.0022)
[=============                           ]: 7868 (Loss: 0.0006)
[=============                           ]: 7869 (Loss: 0.0002)
[==============                          ]: 7870 (Loss: 0.0007)
[==============                          ]: 7871 (Loss: 0.0004)
[==============                          ]: 7872 (Loss: 0.0004)
[==============                          ]: 7873 (Loss: 0.0006)
[==============                          ]: 7874 (Loss: 0.0002)
[===============                         ]: 7875 (Loss: 0.0008)
[===============                         ]: 7876 (Loss: 0.0043)
[===============                         ]: 7877 (Loss: 0.0004)
[===============                         ]: 7878 (Loss: 0.0006)
[===============                         ]: 7879 (Loss: 0.0000)
[================                        ]: 7880 (Loss: 0.0002)
[================                        ]: 7881 (Loss: 0.0018)
[================                        ]: 7882 (Loss: 0.0004)
[================                        ]: 7883 (Loss: 0.0005)
[================                        ]: 7884 (Loss: 0.0000)
[=================                       ]: 7885 (Loss: 0.0001)
[=================                       ]: 7886 (Loss: 0.0007)
[=================                       ]: 7887 (Loss: 0.0001)
[=================                       ]: 7888 (Loss: 0.0012)
[=================                       ]: 7889 (Loss: 0.0006)
[==================                      ]: 7890 (Loss: 0.0005)
[==================                      ]: 7891 (Loss: 0.0009)
[==================                      ]: 7892 (Loss: 0.0008)
[==================                      ]: 7893 (Loss: 0.0022)
[==================                      ]: 7894 (Loss: 0.0003)
[===================                     ]: 7895 (Loss: 0.0005)
[===================                     ]: 7896 (Loss: 0.0001)
[===================                     ]: 7897 (Loss: 0.0001)
[===================                     ]: 7898 (Loss: 0.0004)
[===================                     ]: 7899 (Loss: 0.0000)
[====================                    ]: 7900 (Loss: 0.0004)
[====================                    ]: 7901 (Loss: 0.0000)
[====================                    ]: 7902 (Loss: 0.0004)
[====================                    ]: 7903 (Loss: 0.0000)
[====================                    ]: 7904 (Loss: 0.0009)
[=====================                   ]: 7905 (Loss: 0.0007)
[=====================                   ]: 7906 (Loss: 0.0006)
[=====================                   ]: 7907 (Loss: 0.0000)
[=====================                   ]: 7908 (Loss: 0.0002)
[=====================                   ]: 7909 (Loss: 0.0001)
[======================                  ]: 7910 (Loss: 0.0004)
[======================                  ]: 7911 (Loss: 0.0003)
[======================                  ]: 7912 (Loss: 0.0003)
[======================                  ]: 7913 (Loss: 0.0002)
[======================                  ]: 7914 (Loss: 0.0003)
[=======================                 ]: 7915 (Loss: 0.0004)
[=======================                 ]: 7916 (Loss: 0.0003)
[=======================                 ]: 7917 (Loss: 0.0005)
[=======================                 ]: 7918 (Loss: 0.0002)
[=======================                 ]: 7919 (Loss: 0.0006)
[========================                ]: 7920 (Loss: 0.0006)
[========================                ]: 7921 (Loss: 0.0003)
[========================                ]: 7922 (Loss: 0.0006)
[========================                ]: 7923 (Loss: 0.0001)
[========================                ]: 7924 (Loss: 0.0003)
[=========================               ]: 7925 (Loss: 0.0002)
[=========================               ]: 7926 (Loss: 0.0004)
[=========================               ]: 7927 (Loss: 0.0003)
[=========================               ]: 7928 (Loss: 0.0010)
[=========================               ]: 7929 (Loss: 0.0007)
[==========================              ]: 7930 (Loss: 0.0002)
[==========================              ]: 7931 (Loss: 0.0003)
[==========================              ]: 7932 (Loss: 0.0001)
[==========================              ]: 7933 (Loss: 0.0006)
[==========================              ]: 7934 (Loss: 0.0011)
[===========================             ]: 7935 (Loss: 0.0005)
[===========================             ]: 7936 (Loss: 0.0004)
[===========================             ]: 7937 (Loss: 0.0003)
[===========================             ]: 7938 (Loss: 0.0016)
[===========================             ]: 7939 (Loss: 0.0001)
[============================            ]: 7940 (Loss: 0.0017)
[============================            ]: 7941 (Loss: 0.0004)
[============================            ]: 7942 (Loss: 0.0006)
[============================            ]: 7943 (Loss: 0.0003)
[============================            ]: 7944 (Loss: 0.0003)
[=============================           ]: 7945 (Loss: 0.0003)
[=============================           ]: 7946 (Loss: 0.0002)
[=============================           ]: 7947 (Loss: 0.0005)
[=============================           ]: 7948 (Loss: 0.0002)
[=============================           ]: 7949 (Loss: 0.0009)
[==============================          ]: 7950 (Loss: 0.0001)
[==============================          ]: 7951 (Loss: 0.0011)
[==============================          ]: 7952 (Loss: 0.0006)
[==============================          ]: 7953 (Loss: 0.0002)
[==============================          ]: 7954 (Loss: 0.0002)
[===============================         ]: 7955 (Loss: 0.0002)
[===============================         ]: 7956 (Loss: 0.0005)
[===============================         ]: 7957 (Loss: 0.0014)
[===============================         ]: 7958 (Loss: 0.0003)
[===============================         ]: 7959 (Loss: 0.0004)
[================================        ]: 7960 (Loss: 0.0002)
[================================        ]: 7961 (Loss: 0.0002)
[================================        ]: 7962 (Loss: 0.0001)
[================================        ]: 7963 (Loss: 0.0003)
[================================        ]: 7964 (Loss: 0.0003)
[=================================       ]: 7965 (Loss: 0.0003)
[=================================       ]: 7966 (Loss: 0.0004)
[=================================       ]: 7967 (Loss: 0.0008)
[=================================       ]: 7968 (Loss: 0.0002)
[=================================       ]: 7969 (Loss: 0.0006)
[==================================      ]: 7970 (Loss: 0.0004)
[==================================      ]: 7971 (Loss: 0.0004)
[==================================      ]: 7972 (Loss: 0.0004)
[==================================      ]: 7973 (Loss: 0.0004)
[==================================      ]: 7974 (Loss: 0.0004)
[===================================     ]: 7975 (Loss: 0.0003)
[===================================     ]: 7976 (Loss: 0.0002)
[===================================     ]: 7977 (Loss: 0.0007)
[===================================     ]: 7978 (Loss: 0.0005)
[===================================     ]: 7979 (Loss: 0.0003)
[====================================    ]: 7980 (Loss: 0.0001)
[====================================    ]: 7981 (Loss: 0.0000)
[====================================    ]: 7982 (Loss: 0.0012)
[====================================    ]: 7983 (Loss: 0.0002)
[====================================    ]: 7984 (Loss: 0.0001)
[=====================================   ]: 7985 (Loss: 0.7606)
[=====================================   ]: 7986 (Loss: 0.0002)
[=====================================   ]: 7987 (Loss: 0.0055)
[=====================================   ]: 7988 (Loss: 0.0002)
[=====================================   ]: 7989 (Loss: 0.0016)
[======================================  ]: 7990 (Loss: 0.0002)
[======================================  ]: 7991 (Loss: 0.0015)
[======================================  ]: 7992 (Loss: 0.0002)
[======================================  ]: 7993 (Loss: 0.0000)
[======================================  ]: 7994 (Loss: 0.0004)
[======================================= ]: 7995 (Loss: 0.0091)
[======================================= ]: 7996 (Loss: 0.0430)
[======================================= ]: 7997 (Loss: 0.0003)
[======================================= ]: 7998 (Loss: 0.0005)
[======================================= ]: 7999 (Loss: 0.0000)
[========================================]: 8000 (Loss: 0.0006)
                                                                                                    
[2026-07-17 08:55:37,543] [INFO] [__main__] Batch 8000 Loss: 0.004739 Cost: 0.41 Time: 84 ms/sequence
[2026-07-17 08:55:37,549] [INFO] [__main__] Advice weight norm: 22.194834 | Advice gradient norm: 0.008516

[                                        ]: 8001 (Loss: 0.0002)
[                                        ]: 8002 (Loss: 0.0006)
[                                        ]: 8003 (Loss: 0.0009)
[                                        ]: 8004 (Loss: 0.0009)
[=                                       ]: 8005 (Loss: 0.0058)
[=                                       ]: 8006 (Loss: 0.0008)
[=                                       ]: 8007 (Loss: 0.0062)
[=                                       ]: 8008 (Loss: 0.0018)
[=                                       ]: 8009 (Loss: 0.0008)
[==                                      ]: 8010 (Loss: 0.0002)
[==                                      ]: 8011 (Loss: 0.0007)
[==                                      ]: 8012 (Loss: 0.0038)
[==                                      ]: 8013 (Loss: 0.0002)
[==                                      ]: 8014 (Loss: 0.0000)
[===                                     ]: 8015 (Loss: 0.0005)
[===                                     ]: 8016 (Loss: 0.5815)
[===                                     ]: 8017 (Loss: 0.0010)
[===                                     ]: 8018 (Loss: 0.0004)
[===                                     ]: 8019 (Loss: 0.0003)
[====                                    ]: 8020 (Loss: 0.0003)
[====                                    ]: 8021 (Loss: 0.0004)
[====                                    ]: 8022 (Loss: 0.0010)
[====                                    ]: 8023 (Loss: 0.0003)
[====                                    ]: 8024 (Loss: 0.0005)
[=====                                   ]: 8025 (Loss: 0.0005)
[=====                                   ]: 8026 (Loss: 0.0000)
[=====                                   ]: 8027 (Loss: 0.0012)
[=====                                   ]: 8028 (Loss: 0.0006)
[=====                                   ]: 8029 (Loss: 0.0003)
[======                                  ]: 8030 (Loss: 0.0007)
[======                                  ]: 8031 (Loss: 0.0009)
[======                                  ]: 8032 (Loss: 0.0101)
[======                                  ]: 8033 (Loss: 0.0016)
[======                                  ]: 8034 (Loss: 0.0009)
[=======                                 ]: 8035 (Loss: 0.0014)
[=======                                 ]: 8036 (Loss: 0.0014)
[=======                                 ]: 8037 (Loss: 0.0010)
[=======                                 ]: 8038 (Loss: 0.0012)
[=======                                 ]: 8039 (Loss: 0.0092)
[========                                ]: 8040 (Loss: 0.0267)
[========                                ]: 8041 (Loss: 0.0004)
[========                                ]: 8042 (Loss: 0.0012)
[========                                ]: 8043 (Loss: 0.0097)
[========                                ]: 8044 (Loss: 0.0174)
[=========                               ]: 8045 (Loss: 5.6565)
[=========                               ]: 8046 (Loss: 0.0019)
[=========                               ]: 8047 (Loss: 0.0023)
[=========                               ]: 8048 (Loss: 0.0001)
[=========                               ]: 8049 (Loss: 0.0012)
[==========                              ]: 8050 (Loss: 0.0009)
[==========                              ]: 8051 (Loss: 0.0007)
[==========                              ]: 8052 (Loss: 0.0002)
[==========                              ]: 8053 (Loss: 0.0010)
[==========                              ]: 8054 (Loss: 0.0065)
[===========                             ]: 8055 (Loss: 0.0021)
[===========                             ]: 8056 (Loss: 0.0022)
[===========                             ]: 8057 (Loss: 0.0024)
[===========                             ]: 8058 (Loss: 0.0020)
[===========                             ]: 8059 (Loss: 0.0020)
[============                            ]: 8060 (Loss: 0.0010)
[============                            ]: 8061 (Loss: 0.0009)
[============                            ]: 8062 (Loss: 0.0015)
[============                            ]: 8063 (Loss: 0.0000)
[============                            ]: 8064 (Loss: 0.0016)
[=============                           ]: 8065 (Loss: 0.0001)
[=============                           ]: 8066 (Loss: 0.0001)
[=============                           ]: 8067 (Loss: 0.0037)
[=============                           ]: 8068 (Loss: 0.0023)
[=============                           ]: 8069 (Loss: 0.0009)
[==============                          ]: 8070 (Loss: 0.0016)
[==============                          ]: 8071 (Loss: 0.0145)
[==============                          ]: 8072 (Loss: 0.0013)
[==============                          ]: 8073 (Loss: 0.0108)
[==============                          ]: 8074 (Loss: 0.0013)
[===============                         ]: 8075 (Loss: 0.0034)
[===============                         ]: 8076 (Loss: 0.0045)
[===============                         ]: 8077 (Loss: 0.0020)
[===============                         ]: 8078 (Loss: 0.0097)
[===============                         ]: 8079 (Loss: 0.0033)
[================                        ]: 8080 (Loss: 0.0001)
[================                        ]: 8081 (Loss: 0.0031)
[================                        ]: 8082 (Loss: 0.0024)
[================                        ]: 8083 (Loss: 0.0005)
[================                        ]: 8084 (Loss: 0.0012)
[=================                       ]: 8085 (Loss: 0.0045)
[=================                       ]: 8086 (Loss: 0.0023)
[=================                       ]: 8087 (Loss: 0.0027)
[=================                       ]: 8088 (Loss: 0.0010)
[=================                       ]: 8089 (Loss: 0.0018)
[==================                      ]: 8090 (Loss: 0.0009)
[==================                      ]: 8091 (Loss: 0.0022)
[==================                      ]: 8092 (Loss: 0.0007)
[==================                      ]: 8093 (Loss: 0.0011)
[==================                      ]: 8094 (Loss: 0.0029)
[===================                     ]: 8095 (Loss: 0.0029)
[===================                     ]: 8096 (Loss: 0.0016)
[===================                     ]: 8097 (Loss: 0.0001)
[===================                     ]: 8098 (Loss: 0.0064)
[===================                     ]: 8099 (Loss: 0.0007)
[====================                    ]: 8100 (Loss: 0.0012)
[====================                    ]: 8101 (Loss: 0.0007)
[====================                    ]: 8102 (Loss: 0.0001)
[====================                    ]: 8103 (Loss: 0.0008)
[====================                    ]: 8104 (Loss: 0.0014)
[=====================                   ]: 8105 (Loss: 0.0004)
[=====================                   ]: 8106 (Loss: 0.0007)
[=====================                   ]: 8107 (Loss: 0.0004)
[=====================                   ]: 8108 (Loss: 0.0009)
[=====================                   ]: 8109 (Loss: 0.0033)
[======================                  ]: 8110 (Loss: 0.0004)
[======================                  ]: 8111 (Loss: 0.0039)
[======================                  ]: 8112 (Loss: 0.0008)
[======================                  ]: 8113 (Loss: 0.0005)
[======================                  ]: 8114 (Loss: 0.0007)
[=======================                 ]: 8115 (Loss: 0.0003)
[=======================                 ]: 8116 (Loss: 0.0021)
[=======================                 ]: 8117 (Loss: 0.0022)
[=======================                 ]: 8118 (Loss: 0.0013)
[=======================                 ]: 8119 (Loss: 0.0016)
[========================                ]: 8120 (Loss: 0.0002)
[========================                ]: 8121 (Loss: 0.0075)
[========================                ]: 8122 (Loss: 0.0002)
[========================                ]: 8123 (Loss: 0.0002)
[========================                ]: 8124 (Loss: 0.0005)
[=========================               ]: 8125 (Loss: 0.0005)
[=========================               ]: 8126 (Loss: 0.0009)
[=========================               ]: 8127 (Loss: 0.0011)
[=========================               ]: 8128 (Loss: 0.0007)
[=========================               ]: 8129 (Loss: 0.0012)
[==========================              ]: 8130 (Loss: 0.0011)
[==========================              ]: 8131 (Loss: 0.0030)
[==========================              ]: 8132 (Loss: 0.0013)
[==========================              ]: 8133 (Loss: 0.0019)
[==========================              ]: 8134 (Loss: 0.0009)
[===========================             ]: 8135 (Loss: 0.0016)
[===========================             ]: 8136 (Loss: 0.0005)
[===========================             ]: 8137 (Loss: 0.0003)
[===========================             ]: 8138 (Loss: 0.0009)
[===========================             ]: 8139 (Loss: 0.0030)
[============================            ]: 8140 (Loss: 0.0003)
[============================            ]: 8141 (Loss: 0.0008)
[============================            ]: 8142 (Loss: 0.0005)
[============================            ]: 8143 (Loss: 0.0011)
[============================            ]: 8144 (Loss: 0.0027)
[=============================           ]: 8145 (Loss: 0.0008)
[=============================           ]: 8146 (Loss: 0.0023)
[=============================           ]: 8147 (Loss: 0.0006)
[=============================           ]: 8148 (Loss: 0.0013)
[=============================           ]: 8149 (Loss: 0.0003)
[==============================          ]: 8150 (Loss: 0.0006)
[==============================          ]: 8151 (Loss: 0.0022)
[==============================          ]: 8152 (Loss: 0.0005)
[==============================          ]: 8153 (Loss: 0.0012)
[==============================          ]: 8154 (Loss: 0.0003)
[===============================         ]: 8155 (Loss: 0.0005)
[===============================         ]: 8156 (Loss: 0.0007)
[===============================         ]: 8157 (Loss: 0.0013)
[===============================         ]: 8158 (Loss: 0.0006)
[===============================         ]: 8159 (Loss: 0.0010)
[================================        ]: 8160 (Loss: 0.0010)
[================================        ]: 8161 (Loss: 0.0006)
[================================        ]: 8162 (Loss: 0.0004)
[================================        ]: 8163 (Loss: 0.0003)
[================================        ]: 8164 (Loss: 0.0001)
[=================================       ]: 8165 (Loss: 0.0006)
[=================================       ]: 8166 (Loss: 0.0003)
[=================================       ]: 8167 (Loss: 0.0009)
[=================================       ]: 8168 (Loss: 0.0009)
[=================================       ]: 8169 (Loss: 0.0005)
[==================================      ]: 8170 (Loss: 0.0011)
[==================================      ]: 8171 (Loss: 0.0016)
[==================================      ]: 8172 (Loss: 0.0003)
[==================================      ]: 8173 (Loss: 0.0005)
[==================================      ]: 8174 (Loss: 0.0008)
[===================================     ]: 8175 (Loss: 0.0016)
[===================================     ]: 8176 (Loss: 0.0003)
[===================================     ]: 8177 (Loss: 0.0008)
[===================================     ]: 8178 (Loss: 0.0004)
[===================================     ]: 8179 (Loss: 0.0007)
[====================================    ]: 8180 (Loss: 0.0003)
[====================================    ]: 8181 (Loss: 0.0006)
[====================================    ]: 8182 (Loss: 0.0001)
[====================================    ]: 8183 (Loss: 0.0001)
[====================================    ]: 8184 (Loss: 0.0011)
[=====================================   ]: 8185 (Loss: 0.0000)
[=====================================   ]: 8186 (Loss: 0.0004)
[=====================================   ]: 8187 (Loss: 0.0007)
[=====================================   ]: 8188 (Loss: 0.0011)
[=====================================   ]: 8189 (Loss: 0.0005)
[======================================  ]: 8190 (Loss: 0.0015)
[======================================  ]: 8191 (Loss: 0.0006)
[======================================  ]: 8192 (Loss: 0.0005)
[======================================  ]: 8193 (Loss: 0.0003)
[======================================  ]: 8194 (Loss: 0.0001)
[======================================= ]: 8195 (Loss: 0.0005)
[======================================= ]: 8196 (Loss: 0.0003)
[======================================= ]: 8197 (Loss: 0.0004)
[======================================= ]: 8198 (Loss: 0.0003)
[======================================= ]: 8199 (Loss: 0.0012)
[========================================]: 8200 (Loss: 0.0003)
                                                                                                    
[2026-07-17 08:55:54,380] [INFO] [__main__] Batch 8200 Loss: 0.032885 Cost: 0.67 Time: 84 ms/sequence
[2026-07-17 08:55:54,386] [INFO] [__main__] Advice weight norm: 22.200314 | Advice gradient norm: 0.004591

[                                        ]: 8201 (Loss: 0.0003)
[                                        ]: 8202 (Loss: 0.0024)
[                                        ]: 8203 (Loss: 0.0004)
[                                        ]: 8204 (Loss: 0.0004)
[=                                       ]: 8205 (Loss: 0.0007)
[=                                       ]: 8206 (Loss: 0.0002)
[=                                       ]: 8207 (Loss: 0.0005)
[=                                       ]: 8208 (Loss: 0.0004)
[=                                       ]: 8209 (Loss: 0.0004)
[==                                      ]: 8210 (Loss: 0.0000)
[==                                      ]: 8211 (Loss: 0.0003)
[==                                      ]: 8212 (Loss: 0.0002)
[==                                      ]: 8213 (Loss: 0.0002)
[==                                      ]: 8214 (Loss: 0.0000)
[===                                     ]: 8215 (Loss: 0.0002)
[===                                     ]: 8216 (Loss: 0.0000)
[===                                     ]: 8217 (Loss: 0.0003)
[===                                     ]: 8218 (Loss: 0.0003)
[===                                     ]: 8219 (Loss: 0.0007)
[====                                    ]: 8220 (Loss: 0.0006)
[====                                    ]: 8221 (Loss: 0.0005)
[====                                    ]: 8222 (Loss: 0.0001)
[====                                    ]: 8223 (Loss: 0.0005)
[====                                    ]: 8224 (Loss: 0.0006)
[=====                                   ]: 8225 (Loss: 0.0001)
[=====                                   ]: 8226 (Loss: 0.0004)
[=====                                   ]: 8227 (Loss: 0.0008)
[=====                                   ]: 8228 (Loss: 0.0004)
[=====                                   ]: 8229 (Loss: 0.0011)
[======                                  ]: 8230 (Loss: 0.0001)
[======                                  ]: 8231 (Loss: 0.0001)
[======                                  ]: 8232 (Loss: 0.0000)
[======                                  ]: 8233 (Loss: 0.0003)
[======                                  ]: 8234 (Loss: 0.0007)
[=======                                 ]: 8235 (Loss: 0.0006)
[=======                                 ]: 8236 (Loss: 0.0002)
[=======                                 ]: 8237 (Loss: 0.0003)
[=======                                 ]: 8238 (Loss: 0.0001)
[=======                                 ]: 8239 (Loss: 0.0002)
[========                                ]: 8240 (Loss: 0.0002)
[========                                ]: 8241 (Loss: 0.0003)
[========                                ]: 8242 (Loss: 0.0001)
[========                                ]: 8243 (Loss: 0.0004)
[========                                ]: 8244 (Loss: 0.0001)
[=========                               ]: 8245 (Loss: 0.0003)
[=========                               ]: 8246 (Loss: 0.0005)
[=========                               ]: 8247 (Loss: 0.0003)
[=========                               ]: 8248 (Loss: 0.0001)
[=========                               ]: 8249 (Loss: 0.0000)
[==========                              ]: 8250 (Loss: 0.0009)
[==========                              ]: 8251 (Loss: 0.0007)
[==========                              ]: 8252 (Loss: 0.0003)
[==========                              ]: 8253 (Loss: 0.0004)
[==========                              ]: 8254 (Loss: 0.0005)
[===========                             ]: 8255 (Loss: 0.0002)
[===========                             ]: 8256 (Loss: 0.0002)
[===========                             ]: 8257 (Loss: 0.0002)
[===========                             ]: 8258 (Loss: 0.0008)
[===========                             ]: 8259 (Loss: 0.0005)
[============                            ]: 8260 (Loss: 0.0009)
[============                            ]: 8261 (Loss: 0.0002)
[============                            ]: 8262 (Loss: 0.0003)
[============                            ]: 8263 (Loss: 0.0002)
[============                            ]: 8264 (Loss: 0.0004)
[=============                           ]: 8265 (Loss: 0.0002)
[=============                           ]: 8266 (Loss: 0.0004)
[=============                           ]: 8267 (Loss: 0.0002)
[=============                           ]: 8268 (Loss: 0.0004)
[=============                           ]: 8269 (Loss: 0.0003)
[==============                          ]: 8270 (Loss: 0.0002)
[==============                          ]: 8271 (Loss: 0.0001)
[==============                          ]: 8272 (Loss: 0.0003)
[==============                          ]: 8273 (Loss: 0.0004)
[==============                          ]: 8274 (Loss: 0.0004)
[===============                         ]: 8275 (Loss: 0.0012)
[===============                         ]: 8276 (Loss: 0.0002)
[===============                         ]: 8277 (Loss: 0.0001)
[===============                         ]: 8278 (Loss: 0.0003)
[===============                         ]: 8279 (Loss: 0.0002)
[================                        ]: 8280 (Loss: 0.0004)
[================                        ]: 8281 (Loss: 0.0006)
[================                        ]: 8282 (Loss: 0.0002)
[================                        ]: 8283 (Loss: 0.0000)
[================                        ]: 8284 (Loss: 0.0000)
[=================                       ]: 8285 (Loss: 0.0004)
[=================                       ]: 8286 (Loss: 0.0004)
[=================                       ]: 8287 (Loss: 0.0001)
[=================                       ]: 8288 (Loss: 0.0001)
[=================                       ]: 8289 (Loss: 0.0000)
[==================                      ]: 8290 (Loss: 0.0001)
[==================                      ]: 8291 (Loss: 0.0001)
[==================                      ]: 8292 (Loss: 0.0002)
[==================                      ]: 8293 (Loss: 0.0005)
[==================                      ]: 8294 (Loss: 0.0002)
[===================                     ]: 8295 (Loss: 0.0005)
[===================                     ]: 8296 (Loss: 0.0004)
[===================                     ]: 8297 (Loss: 0.0001)
[===================                     ]: 8298 (Loss: 0.0002)
[===================                     ]: 8299 (Loss: 0.0001)
[====================                    ]: 8300 (Loss: 0.0001)
[====================                    ]: 8301 (Loss: 0.0001)
[====================                    ]: 8302 (Loss: 0.0002)
[====================                    ]: 8303 (Loss: 0.0002)
[====================                    ]: 8304 (Loss: 0.0004)
[=====================                   ]: 8305 (Loss: 0.0002)
[=====================                   ]: 8306 (Loss: 0.0000)
[=====================                   ]: 8307 (Loss: 0.0001)
[=====================                   ]: 8308 (Loss: 0.0002)
[=====================                   ]: 8309 (Loss: 0.0003)
[======================                  ]: 8310 (Loss: 0.0002)
[======================                  ]: 8311 (Loss: 0.0001)
[======================                  ]: 8312 (Loss: 0.0002)
[======================                  ]: 8313 (Loss: 0.0005)
[======================                  ]: 8314 (Loss: 0.0001)
[=======================                 ]: 8315 (Loss: 0.0005)
[=======================                 ]: 8316 (Loss: 0.0001)
[=======================                 ]: 8317 (Loss: 0.0002)
[=======================                 ]: 8318 (Loss: 0.0001)
[=======================                 ]: 8319 (Loss: 0.0000)
[========================                ]: 8320 (Loss: 0.0001)
[========================                ]: 8321 (Loss: 0.0003)
[========================                ]: 8322 (Loss: 0.0002)
[========================                ]: 8323 (Loss: 0.0000)
[========================                ]: 8324 (Loss: 0.0002)
[=========================               ]: 8325 (Loss: 0.0002)
[=========================               ]: 8326 (Loss: 0.0004)
[=========================               ]: 8327 (Loss: 0.0003)
[=========================               ]: 8328 (Loss: 0.0008)
[=========================               ]: 8329 (Loss: 0.0003)
[==========================              ]: 8330 (Loss: 0.0001)
[==========================              ]: 8331 (Loss: 0.0002)
[==========================              ]: 8332 (Loss: 0.0003)
[==========================              ]: 8333 (Loss: 0.0002)
[==========================              ]: 8334 (Loss: 0.0001)
[===========================             ]: 8335 (Loss: 0.0004)
[===========================             ]: 8336 (Loss: 0.0002)
[===========================             ]: 8337 (Loss: 0.0000)
[===========================             ]: 8338 (Loss: 0.0006)
[===========================             ]: 8339 (Loss: 0.0003)
[============================            ]: 8340 (Loss: 0.0009)
[============================            ]: 8341 (Loss: 0.0001)
[============================            ]: 8342 (Loss: 0.0005)
[============================            ]: 8343 (Loss: 0.0000)
[============================            ]: 8344 (Loss: 0.0040)
[=============================           ]: 8345 (Loss: 0.0002)
[=============================           ]: 8346 (Loss: 0.0001)
[=============================           ]: 8347 (Loss: 0.0002)
[=============================           ]: 8348 (Loss: 0.0000)
[=============================           ]: 8349 (Loss: 0.0109)
[==============================          ]: 8350 (Loss: 0.0004)
[==============================          ]: 8351 (Loss: 0.0032)
[==============================          ]: 8352 (Loss: 0.0015)
[==============================          ]: 8353 (Loss: 0.0013)
[==============================          ]: 8354 (Loss: 2.1070)
[===============================         ]: 8355 (Loss: 0.0014)
[===============================         ]: 8356 (Loss: 0.0015)
[===============================         ]: 8357 (Loss: 0.0009)
[===============================         ]: 8358 (Loss: 0.0000)
[===============================         ]: 8359 (Loss: 0.0009)
[================================        ]: 8360 (Loss: 0.0002)
[================================        ]: 8361 (Loss: 0.0010)
[================================        ]: 8362 (Loss: 0.0004)
[================================        ]: 8363 (Loss: 0.0006)
[================================        ]: 8364 (Loss: 0.0002)
[=================================       ]: 8365 (Loss: 0.0004)
[=================================       ]: 8366 (Loss: 0.0009)
[=================================       ]: 8367 (Loss: 0.0018)
[=================================       ]: 8368 (Loss: 0.0020)
[=================================       ]: 8369 (Loss: 0.0002)
[==================================      ]: 8370 (Loss: 0.0004)
[==================================      ]: 8371 (Loss: 0.0002)
[==================================      ]: 8372 (Loss: 0.0000)
[==================================      ]: 8373 (Loss: 0.0004)
[==================================      ]: 8374 (Loss: 0.0010)
[===================================     ]: 8375 (Loss: 0.0001)
[===================================     ]: 8376 (Loss: 0.0016)
[===================================     ]: 8377 (Loss: 0.0003)
[===================================     ]: 8378 (Loss: 0.0066)
[===================================     ]: 8379 (Loss: 0.0005)
[====================================    ]: 8380 (Loss: 0.0001)
[====================================    ]: 8381 (Loss: 0.0015)
[====================================    ]: 8382 (Loss: 0.0002)
[====================================    ]: 8383 (Loss: 0.0084)
[====================================    ]: 8384 (Loss: 0.0004)
[=====================================   ]: 8385 (Loss: 0.0000)
[=====================================   ]: 8386 (Loss: 0.0000)
[=====================================   ]: 8387 (Loss: 0.0006)
[=====================================   ]: 8388 (Loss: 0.0002)
[=====================================   ]: 8389 (Loss: 0.0008)
[======================================  ]: 8390 (Loss: 0.0005)
[======================================  ]: 8391 (Loss: 0.0028)
[======================================  ]: 8392 (Loss: 0.0122)
[======================================  ]: 8393 (Loss: 0.0003)
[======================================  ]: 8394 (Loss: 0.0004)
[======================================= ]: 8395 (Loss: 0.0003)
[======================================= ]: 8396 (Loss: 0.0004)
[======================================= ]: 8397 (Loss: 0.0005)
[======================================= ]: 8398 (Loss: 0.0004)
[======================================= ]: 8399 (Loss: 0.0002)
[========================================]: 8400 (Loss: 0.0002)
                                                                                                    
[2026-07-17 08:56:10,922] [INFO] [__main__] Batch 8400 Loss: 0.011136 Cost: 0.07 Time: 82 ms/sequence
[2026-07-17 08:56:10,927] [INFO] [__main__] Advice weight norm: 22.251337 | Advice gradient norm: 0.002278

[                                        ]: 8401 (Loss: 0.0003)
[                                        ]: 8402 (Loss: 0.0003)
[                                        ]: 8403 (Loss: 0.0003)
[                                        ]: 8404 (Loss: 0.0001)
[=                                       ]: 8405 (Loss: 0.0005)
[=                                       ]: 8406 (Loss: 0.0001)
[=                                       ]: 8407 (Loss: 0.0001)
[=                                       ]: 8408 (Loss: 0.0001)
[=                                       ]: 8409 (Loss: 0.0003)
[==                                      ]: 8410 (Loss: 0.0001)
[==                                      ]: 8411 (Loss: 0.0001)
[==                                      ]: 8412 (Loss: 0.0002)
[==                                      ]: 8413 (Loss: 0.0003)
[==                                      ]: 8414 (Loss: 0.0003)
[===                                     ]: 8415 (Loss: 0.0005)
[===                                     ]: 8416 (Loss: 0.0002)
[===                                     ]: 8417 (Loss: 0.0001)
[===                                     ]: 8418 (Loss: 0.0001)
[===                                     ]: 8419 (Loss: 0.0002)
[====                                    ]: 8420 (Loss: 0.0003)
[====                                    ]: 8421 (Loss: 0.0002)
[====                                    ]: 8422 (Loss: 0.0011)
[====                                    ]: 8423 (Loss: 0.0002)
[====                                    ]: 8424 (Loss: 0.0004)
[=====                                   ]: 8425 (Loss: 0.0005)
[=====                                   ]: 8426 (Loss: 0.0001)
[=====                                   ]: 8427 (Loss: 0.0003)
[=====                                   ]: 8428 (Loss: 0.0002)
[=====                                   ]: 8429 (Loss: 0.0001)
[======                                  ]: 8430 (Loss: 0.0003)
[======                                  ]: 8431 (Loss: 0.0002)
[======                                  ]: 8432 (Loss: 0.0003)
[======                                  ]: 8433 (Loss: 0.0002)
[======                                  ]: 8434 (Loss: 0.0005)
[=======                                 ]: 8435 (Loss: 0.0013)
[=======                                 ]: 8436 (Loss: 0.0003)
[=======                                 ]: 8437 (Loss: 0.0001)
[=======                                 ]: 8438 (Loss: 0.0002)
[=======                                 ]: 8439 (Loss: 0.0010)
[========                                ]: 8440 (Loss: 0.0005)
[========                                ]: 8441 (Loss: 0.0000)
[========                                ]: 8442 (Loss: 0.0003)
[========                                ]: 8443 (Loss: 0.0005)
[========                                ]: 8444 (Loss: 0.0005)
[=========                               ]: 8445 (Loss: 0.0000)
[=========                               ]: 8446 (Loss: 0.0002)
[=========                               ]: 8447 (Loss: 0.0003)
[=========                               ]: 8448 (Loss: 0.0001)
[=========                               ]: 8449 (Loss: 0.0011)
[==========                              ]: 8450 (Loss: 0.0001)
[==========                              ]: 8451 (Loss: 0.0001)
[==========                              ]: 8452 (Loss: 0.0008)
[==========                              ]: 8453 (Loss: 0.0003)
[==========                              ]: 8454 (Loss: 0.0003)
[===========                             ]: 8455 (Loss: 0.0002)
[===========                             ]: 8456 (Loss: 0.0003)
[===========                             ]: 8457 (Loss: 0.0003)
[===========                             ]: 8458 (Loss: 0.0009)
[===========                             ]: 8459 (Loss: 0.0002)
[============                            ]: 8460 (Loss: 0.0003)
[============                            ]: 8461 (Loss: 0.0004)
[============                            ]: 8462 (Loss: 0.0003)
[============                            ]: 8463 (Loss: 0.0003)
[============                            ]: 8464 (Loss: 0.0002)
[=============                           ]: 8465 (Loss: 0.0004)
[=============                           ]: 8466 (Loss: 0.0003)
[=============                           ]: 8467 (Loss: 0.0005)
[=============                           ]: 8468 (Loss: 0.0004)
[=============                           ]: 8469 (Loss: 0.0007)
[==============                          ]: 8470 (Loss: 0.0001)
[==============                          ]: 8471 (Loss: 0.0001)
[==============                          ]: 8472 (Loss: 0.0002)
[==============                          ]: 8473 (Loss: 0.0004)
[==============                          ]: 8474 (Loss: 0.0013)
[===============                         ]: 8475 (Loss: 0.0002)
[===============                         ]: 8476 (Loss: 0.0002)
[===============                         ]: 8477 (Loss: 0.0001)
[===============                         ]: 8478 (Loss: 0.0001)
[===============                         ]: 8479 (Loss: 0.0002)
[================                        ]: 8480 (Loss: 0.0002)
[================                        ]: 8481 (Loss: 0.0001)
[================                        ]: 8482 (Loss: 0.0003)
[================                        ]: 8483 (Loss: 0.0000)
[================                        ]: 8484 (Loss: 0.0003)
[=================                       ]: 8485 (Loss: 0.0005)
[=================                       ]: 8486 (Loss: 0.0001)
[=================                       ]: 8487 (Loss: 0.0002)
[=================                       ]: 8488 (Loss: 0.0001)
[=================                       ]: 8489 (Loss: 0.0003)
[==================                      ]: 8490 (Loss: 0.0000)
[==================                      ]: 8491 (Loss: 0.0002)
[==================                      ]: 8492 (Loss: 0.0003)
[==================                      ]: 8493 (Loss: 0.0004)
[==================                      ]: 8494 (Loss: 0.0001)
[===================                     ]: 8495 (Loss: 0.0000)
[===================                     ]: 8496 (Loss: 0.0004)
[===================                     ]: 8497 (Loss: 0.0000)
[===================                     ]: 8498 (Loss: 0.0003)
[===================                     ]: 8499 (Loss: 0.0002)
[====================                    ]: 8500 (Loss: 0.0002)
[====================                    ]: 8501 (Loss: 0.0001)
[====================                    ]: 8502 (Loss: 0.0001)
[====================                    ]: 8503 (Loss: 0.0001)
[====================                    ]: 8504 (Loss: 0.0002)
[=====================                   ]: 8505 (Loss: 0.0001)
[=====================                   ]: 8506 (Loss: 0.0004)
[=====================                   ]: 8507 (Loss: 0.0001)
[=====================                   ]: 8508 (Loss: 0.0002)
[=====================                   ]: 8509 (Loss: 0.0002)
[======================                  ]: 8510 (Loss: 0.0001)
[======================                  ]: 8511 (Loss: 0.0002)
[======================                  ]: 8512 (Loss: 0.0006)
[======================                  ]: 8513 (Loss: 0.0001)
[======================                  ]: 8514 (Loss: 0.0001)
[=======================                 ]: 8515 (Loss: 0.0001)
[=======================                 ]: 8516 (Loss: 0.0001)
[=======================                 ]: 8517 (Loss: 0.0001)
[=======================                 ]: 8518 (Loss: 0.0003)
[=======================                 ]: 8519 (Loss: 0.0001)
[========================                ]: 8520 (Loss: 0.0001)
[========================                ]: 8521 (Loss: 0.0000)
[========================                ]: 8522 (Loss: 0.0001)
[========================                ]: 8523 (Loss: 0.0002)
[========================                ]: 8524 (Loss: 0.0002)
[=========================               ]: 8525 (Loss: 0.0000)
[=========================               ]: 8526 (Loss: 0.0002)
[=========================               ]: 8527 (Loss: 0.0001)
[=========================               ]: 8528 (Loss: 0.0008)
[=========================               ]: 8529 (Loss: 0.0003)
[==========================              ]: 8530 (Loss: 0.0001)
[==========================              ]: 8531 (Loss: 0.0000)
[==========================              ]: 8532 (Loss: 0.0057)
[==========================              ]: 8533 (Loss: 0.0004)
[==========================              ]: 8534 (Loss: 0.0002)
[===========================             ]: 8535 (Loss: 0.0006)
[===========================             ]: 8536 (Loss: 0.0070)
[===========================             ]: 8537 (Loss: 0.0001)
[===========================             ]: 8538 (Loss: 0.0004)
[===========================             ]: 8539 (Loss: 0.0005)
[============================            ]: 8540 (Loss: 0.0001)
[============================            ]: 8541 (Loss: 0.0003)
[============================            ]: 8542 (Loss: 0.0031)
[============================            ]: 8543 (Loss: 0.0008)
[============================            ]: 8544 (Loss: 0.0002)
[=============================           ]: 8545 (Loss: 0.0009)
[=============================           ]: 8546 (Loss: 0.0012)
[=============================           ]: 8547 (Loss: 0.0009)
[=============================           ]: 8548 (Loss: 0.0003)
[=============================           ]: 8549 (Loss: 0.0002)
[==============================          ]: 8550 (Loss: 0.0001)
[==============================          ]: 8551 (Loss: 0.0083)
[==============================          ]: 8552 (Loss: 0.0007)
[==============================          ]: 8553 (Loss: 0.0001)
[==============================          ]: 8554 (Loss: 0.0001)
[===============================         ]: 8555 (Loss: 0.0005)
[===============================         ]: 8556 (Loss: 0.0013)
[===============================         ]: 8557 (Loss: 0.0004)
[===============================         ]: 8558 (Loss: 0.0005)
[===============================         ]: 8559 (Loss: 0.0001)
[================================        ]: 8560 (Loss: 0.0002)
[================================        ]: 8561 (Loss: 0.0002)
[================================        ]: 8562 (Loss: 0.0001)
[================================        ]: 8563 (Loss: 0.0002)
[================================        ]: 8564 (Loss: 0.0003)
[=================================       ]: 8565 (Loss: 0.0002)
[=================================       ]: 8566 (Loss: 0.0001)
[=================================       ]: 8567 (Loss: 0.0004)
[=================================       ]: 8568 (Loss: 0.0002)
[=================================       ]: 8569 (Loss: 0.0003)
[==================================      ]: 8570 (Loss: 0.0002)
[==================================      ]: 8571 (Loss: 0.0002)
[==================================      ]: 8572 (Loss: 0.0010)
[==================================      ]: 8573 (Loss: 0.0009)
[==================================      ]: 8574 (Loss: 0.0001)
[===================================     ]: 8575 (Loss: 0.0002)
[===================================     ]: 8576 (Loss: 0.0001)
[===================================     ]: 8577 (Loss: 0.0002)
[===================================     ]: 8578 (Loss: 0.0001)
[===================================     ]: 8579 (Loss: 0.0001)
[====================================    ]: 8580 (Loss: 0.0002)
[====================================    ]: 8581 (Loss: 0.0005)
[====================================    ]: 8582 (Loss: 0.0001)
[====================================    ]: 8583 (Loss: 0.0002)
[====================================    ]: 8584 (Loss: 0.0000)
[=====================================   ]: 8585 (Loss: 0.0001)
[=====================================   ]: 8586 (Loss: 0.0002)
[=====================================   ]: 8587 (Loss: 0.0001)
[=====================================   ]: 8588 (Loss: 0.0007)
[=====================================   ]: 8589 (Loss: 0.0002)
[======================================  ]: 8590 (Loss: 0.0002)
[======================================  ]: 8591 (Loss: 0.0002)
[======================================  ]: 8592 (Loss: 0.0001)
[======================================  ]: 8593 (Loss: 0.0001)
[======================================  ]: 8594 (Loss: 0.0006)
[======================================= ]: 8595 (Loss: 0.0003)
[======================================= ]: 8596 (Loss: 0.0002)
[======================================= ]: 8597 (Loss: 0.0002)
[======================================= ]: 8598 (Loss: 0.0001)
[======================================= ]: 8599 (Loss: 0.0003)
[========================================]: 8600 (Loss: 0.0001)
                                                                                                    
[2026-07-17 08:56:27,578] [INFO] [__main__] Batch 8600 Loss: 0.000397 Cost: 0.00 Time: 83 ms/sequence
[2026-07-17 08:56:27,582] [INFO] [__main__] Advice weight norm: 22.279392 | Advice gradient norm: 0.001702

[                                        ]: 8601 (Loss: 0.0000)
[                                        ]: 8602 (Loss: 0.0001)
[                                        ]: 8603 (Loss: 0.0002)
[                                        ]: 8604 (Loss: 0.0001)
[=                                       ]: 8605 (Loss: 0.0001)
[=                                       ]: 8606 (Loss: 0.0000)
[=                                       ]: 8607 (Loss: 0.0001)
[=                                       ]: 8608 (Loss: 0.0006)
[=                                       ]: 8609 (Loss: 0.0002)
[==                                      ]: 8610 (Loss: 0.0002)
[==                                      ]: 8611 (Loss: 0.0010)
[==                                      ]: 8612 (Loss: 0.0003)
[==                                      ]: 8613 (Loss: 0.0003)
[==                                      ]: 8614 (Loss: 0.0007)
[===                                     ]: 8615 (Loss: 0.0003)
[===                                     ]: 8616 (Loss: 0.0004)
[===                                     ]: 8617 (Loss: 0.0001)
[===                                     ]: 8618 (Loss: 0.0001)
[===                                     ]: 8619 (Loss: 0.0005)
[====                                    ]: 8620 (Loss: 0.0000)
[====                                    ]: 8621 (Loss: 0.0000)
[====                                    ]: 8622 (Loss: 0.0002)
[====                                    ]: 8623 (Loss: 0.0001)
[====                                    ]: 8624 (Loss: 0.0004)
[=====                                   ]: 8625 (Loss: 0.0001)
[=====                                   ]: 8626 (Loss: 0.0010)
[=====                                   ]: 8627 (Loss: 0.0006)
[=====                                   ]: 8628 (Loss: 0.0004)
[=====                                   ]: 8629 (Loss: 0.0000)
[======                                  ]: 8630 (Loss: 0.0001)
[======                                  ]: 8631 (Loss: 0.0006)
[======                                  ]: 8632 (Loss: 0.0002)
[======                                  ]: 8633 (Loss: 0.0002)
[======                                  ]: 8634 (Loss: 0.0002)
[=======                                 ]: 8635 (Loss: 0.0000)
[=======                                 ]: 8636 (Loss: 0.0001)
[=======                                 ]: 8637 (Loss: 0.0001)
[=======                                 ]: 8638 (Loss: 0.0002)
[=======                                 ]: 8639 (Loss: 0.0012)
[========                                ]: 8640 (Loss: 0.0046)
[========                                ]: 8641 (Loss: 0.0001)
[========                                ]: 8642 (Loss: 0.0002)
[========                                ]: 8643 (Loss: 0.0001)
[========                                ]: 8644 (Loss: 0.0001)
[=========                               ]: 8645 (Loss: 0.0003)
[=========                               ]: 8646 (Loss: 0.0001)
[=========                               ]: 8647 (Loss: 0.0001)
[=========                               ]: 8648 (Loss: 0.0007)
[=========                               ]: 8649 (Loss: 0.0000)
[==========                              ]: 8650 (Loss: 0.0001)
[==========                              ]: 8651 (Loss: 0.0002)
[==========                              ]: 8652 (Loss: 0.0001)
[==========                              ]: 8653 (Loss: 0.0001)
[==========                              ]: 8654 (Loss: 0.0004)
[===========                             ]: 8655 (Loss: 0.0003)
[===========                             ]: 8656 (Loss: 0.0012)
[===========                             ]: 8657 (Loss: 0.0000)
[===========                             ]: 8658 (Loss: 0.0002)
[===========                             ]: 8659 (Loss: 0.0003)
[============                            ]: 8660 (Loss: 0.0000)
[============                            ]: 8661 (Loss: 0.0002)
[============                            ]: 8662 (Loss: 0.0003)
[============                            ]: 8663 (Loss: 0.0002)
[============                            ]: 8664 (Loss: 0.0002)
[=============                           ]: 8665 (Loss: 0.0001)
[=============                           ]: 8666 (Loss: 0.0006)
[=============                           ]: 8667 (Loss: 0.0002)
[=============                           ]: 8668 (Loss: 0.0002)
[=============                           ]: 8669 (Loss: 0.0000)
[==============                          ]: 8670 (Loss: 0.0002)
[==============                          ]: 8671 (Loss: 0.0005)
[==============                          ]: 8672 (Loss: 0.0002)
[==============                          ]: 8673 (Loss: 0.0006)
[==============                          ]: 8674 (Loss: 0.0005)
[===============                         ]: 8675 (Loss: 0.0002)
[===============                         ]: 8676 (Loss: 0.0004)
[===============                         ]: 8677 (Loss: 0.0002)
[===============                         ]: 8678 (Loss: 0.0000)
[===============                         ]: 8679 (Loss: 0.0003)
[================                        ]: 8680 (Loss: 0.0001)
[================                        ]: 8681 (Loss: 0.0000)
[================                        ]: 8682 (Loss: 0.0001)
[================                        ]: 8683 (Loss: 0.0002)
[================                        ]: 8684 (Loss: 0.0002)
[=================                       ]: 8685 (Loss: 0.0005)
[=================                       ]: 8686 (Loss: 0.0002)
[=================                       ]: 8687 (Loss: 0.0001)
[=================                       ]: 8688 (Loss: 0.0001)
[=================                       ]: 8689 (Loss: 0.0000)
[==================                      ]: 8690 (Loss: 0.0002)
[==================                      ]: 8691 (Loss: 0.0002)
[==================                      ]: 8692 (Loss: 0.0001)
[==================                      ]: 8693 (Loss: 0.0000)
[==================                      ]: 8694 (Loss: 0.0001)
[===================                     ]: 8695 (Loss: 4.8113)
[===================                     ]: 8696 (Loss: 0.0000)
[===================                     ]: 8697 (Loss: 0.0002)
[===================                     ]: 8698 (Loss: 0.0002)
[===================                     ]: 8699 (Loss: 0.0000)
[====================                    ]: 8700 (Loss: 0.0006)
[====================                    ]: 8701 (Loss: 0.0007)
[====================                    ]: 8702 (Loss: 0.0014)
[====================                    ]: 8703 (Loss: 0.0006)
[====================                    ]: 8704 (Loss: 0.0001)
[=====================                   ]: 8705 (Loss: 0.0000)
[=====================                   ]: 8706 (Loss: 0.0010)
[=====================                   ]: 8707 (Loss: 0.0023)
[=====================                   ]: 8708 (Loss: 0.0007)
[=====================                   ]: 8709 (Loss: 0.0071)
[======================                  ]: 8710 (Loss: 0.0001)
[======================                  ]: 8711 (Loss: 0.0006)
[======================                  ]: 8712 (Loss: 6.4439)
[======================                  ]: 8713 (Loss: 0.0003)
[======================                  ]: 8714 (Loss: 0.0005)
[=======================                 ]: 8715 (Loss: 0.0008)
[=======================                 ]: 8716 (Loss: 0.0008)
[=======================                 ]: 8717 (Loss: 0.0204)
[=======================                 ]: 8718 (Loss: 0.0004)
[=======================                 ]: 8719 (Loss: 0.0004)
[========================                ]: 8720 (Loss: 0.0001)
[========================                ]: 8721 (Loss: 0.0001)
[========================                ]: 8722 (Loss: 0.0017)
[========================                ]: 8723 (Loss: 0.0014)
[========================                ]: 8724 (Loss: 0.0043)
[=========================               ]: 8725 (Loss: 0.0001)
[=========================               ]: 8726 (Loss: 0.0020)
[=========================               ]: 8727 (Loss: 0.0021)
[=========================               ]: 8728 (Loss: 0.0018)
[=========================               ]: 8729 (Loss: 0.0001)
[==========================              ]: 8730 (Loss: 0.0004)
[==========================              ]: 8731 (Loss: 0.0004)
[==========================              ]: 8732 (Loss: 0.0029)
[==========================              ]: 8733 (Loss: 0.0038)
[==========================              ]: 8734 (Loss: 0.0010)
[===========================             ]: 8735 (Loss: 0.0000)
[===========================             ]: 8736 (Loss: 0.0008)
[===========================             ]: 8737 (Loss: 0.0034)
[===========================             ]: 8738 (Loss: 0.0007)
[===========================             ]: 8739 (Loss: 0.0008)
[============================            ]: 8740 (Loss: 0.0050)
[============================            ]: 8741 (Loss: 0.0006)
[============================            ]: 8742 (Loss: 0.0009)
[============================            ]: 8743 (Loss: 0.0008)
[============================            ]: 8744 (Loss: 0.0020)
[=============================           ]: 8745 (Loss: 0.0006)
[=============================           ]: 8746 (Loss: 0.0005)
[=============================           ]: 8747 (Loss: 0.0010)
[=============================           ]: 8748 (Loss: 0.0006)
[=============================           ]: 8749 (Loss: 0.0003)
[==============================          ]: 8750 (Loss: 0.0004)
[==============================          ]: 8751 (Loss: 0.0010)
[==============================          ]: 8752 (Loss: 0.0012)
[==============================          ]: 8753 (Loss: 0.0001)
[==============================          ]: 8754 (Loss: 0.0005)
[===============================         ]: 8755 (Loss: 0.0002)
[===============================         ]: 8756 (Loss: 0.0009)
[===============================         ]: 8757 (Loss: 0.0003)
[===============================         ]: 8758 (Loss: 0.0004)
[===============================         ]: 8759 (Loss: 0.0010)
[================================        ]: 8760 (Loss: 0.0004)
[================================        ]: 8761 (Loss: 0.0005)
[================================        ]: 8762 (Loss: 0.0010)
[================================        ]: 8763 (Loss: 0.0003)
[================================        ]: 8764 (Loss: 0.0000)
[=================================       ]: 8765 (Loss: 0.0053)
[=================================       ]: 8766 (Loss: 0.0009)
[=================================       ]: 8767 (Loss: 0.0009)
[=================================       ]: 8768 (Loss: 0.0027)
[=================================       ]: 8769 (Loss: 0.0004)
[==================================      ]: 8770 (Loss: 0.0001)
[==================================      ]: 8771 (Loss: 0.0011)
[==================================      ]: 8772 (Loss: 0.0002)
[==================================      ]: 8773 (Loss: 0.0003)
[==================================      ]: 8774 (Loss: 0.0020)
[===================================     ]: 8775 (Loss: 0.0005)
[===================================     ]: 8776 (Loss: 0.0006)
[===================================     ]: 8777 (Loss: 0.0002)
[===================================     ]: 8778 (Loss: 0.0001)
[===================================     ]: 8779 (Loss: 0.0002)
[====================================    ]: 8780 (Loss: 0.0003)
[====================================    ]: 8781 (Loss: 0.0000)
[====================================    ]: 8782 (Loss: 0.0001)
[====================================    ]: 8783 (Loss: 0.0001)
[====================================    ]: 8784 (Loss: 0.0002)
[=====================================   ]: 8785 (Loss: 0.0002)
[=====================================   ]: 8786 (Loss: 0.0001)
[=====================================   ]: 8787 (Loss: 0.0008)
[=====================================   ]: 8788 (Loss: 0.0001)
[=====================================   ]: 8789 (Loss: 0.0002)
[======================================  ]: 8790 (Loss: 0.0001)
[======================================  ]: 8791 (Loss: 0.0001)
[======================================  ]: 8792 (Loss: 0.0002)
[======================================  ]: 8793 (Loss: 0.0002)
[======================================  ]: 8794 (Loss: 0.0003)
[======================================= ]: 8795 (Loss: 0.0000)
[======================================= ]: 8796 (Loss: 0.0002)
[======================================= ]: 8797 (Loss: 0.0003)
[======================================= ]: 8798 (Loss: 0.0001)
[======================================= ]: 8799 (Loss: 0.0002)
[========================================]: 8800 (Loss: 0.0006)
                                                                                                    
[2026-07-17 08:56:43,665] [INFO] [__main__] Batch 8800 Loss: 0.056948 Cost: 0.58 Time: 80 ms/sequence
[2026-07-17 08:56:43,669] [INFO] [__main__] Advice weight norm: 22.284719 | Advice gradient norm: 0.014403

[                                        ]: 8801 (Loss: 0.0001)
[                                        ]: 8802 (Loss: 0.0001)
[                                        ]: 8803 (Loss: 0.0007)
[                                        ]: 8804 (Loss: 0.0000)
[=                                       ]: 8805 (Loss: 0.0001)
[=                                       ]: 8806 (Loss: 0.0001)
[=                                       ]: 8807 (Loss: 0.0000)
[=                                       ]: 8808 (Loss: 0.0002)
[=                                       ]: 8809 (Loss: 0.0003)
[==                                      ]: 8810 (Loss: 0.0015)
[==                                      ]: 8811 (Loss: 0.0003)
[==                                      ]: 8812 (Loss: 0.0003)
[==                                      ]: 8813 (Loss: 6.0371)
[==                                      ]: 8814 (Loss: 0.0000)
[===                                     ]: 8815 (Loss: 0.0000)
[===                                     ]: 8816 (Loss: 0.0004)
[===                                     ]: 8817 (Loss: 0.0000)
[===                                     ]: 8818 (Loss: 0.0012)
[===                                     ]: 8819 (Loss: 0.0011)
[====                                    ]: 8820 (Loss: 0.0002)
[====                                    ]: 8821 (Loss: 0.0003)
[====                                    ]: 8822 (Loss: 0.0001)
[====                                    ]: 8823 (Loss: 0.0003)
[====                                    ]: 8824 (Loss: 0.0032)
[=====                                   ]: 8825 (Loss: 0.0056)
[=====                                   ]: 8826 (Loss: 0.0014)
[=====                                   ]: 8827 (Loss: 0.0001)
[=====                                   ]: 8828 (Loss: 0.0009)
[=====                                   ]: 8829 (Loss: 0.0851)
[======                                  ]: 8830 (Loss: 0.0000)
[======                                  ]: 8831 (Loss: 0.0002)
[======                                  ]: 8832 (Loss: 0.0002)
[======                                  ]: 8833 (Loss: 0.0006)
[======                                  ]: 8834 (Loss: 0.0004)
[=======                                 ]: 8835 (Loss: 0.0004)
[=======                                 ]: 8836 (Loss: 0.0002)
[=======                                 ]: 8837 (Loss: 0.0023)
[=======                                 ]: 8838 (Loss: 0.0010)
[=======                                 ]: 8839 (Loss: 0.0003)
[========                                ]: 8840 (Loss: 0.0001)
[========                                ]: 8841 (Loss: 0.0044)
[========                                ]: 8842 (Loss: 0.0004)
[========                                ]: 8843 (Loss: 0.0050)
[========                                ]: 8844 (Loss: 0.0004)
[=========                               ]: 8845 (Loss: 0.0003)
[=========                               ]: 8846 (Loss: 0.0014)
[=========                               ]: 8847 (Loss: 0.0023)
[=========                               ]: 8848 (Loss: 0.0008)
[=========                               ]: 8849 (Loss: 0.0000)
[==========                              ]: 8850 (Loss: 0.0001)
[==========                              ]: 8851 (Loss: 0.0002)
[==========                              ]: 8852 (Loss: 0.0001)
[==========                              ]: 8853 (Loss: 0.0004)
[==========                              ]: 8854 (Loss: 0.0000)
[===========                             ]: 8855 (Loss: 0.0003)
[===========                             ]: 8856 (Loss: 6.7844)
[===========                             ]: 8857 (Loss: 0.0000)
[===========                             ]: 8858 (Loss: 0.0002)
[===========                             ]: 8859 (Loss: 0.0004)
[============                            ]: 8860 (Loss: 0.0002)
[============                            ]: 8861 (Loss: 0.0011)
[============                            ]: 8862 (Loss: 0.0002)
[============                            ]: 8863 (Loss: 0.0028)
[============                            ]: 8864 (Loss: 0.0001)
[=============                           ]: 8865 (Loss: 0.0006)
[=============                           ]: 8866 (Loss: 0.0006)
[=============                           ]: 8867 (Loss: 0.0007)
[=============                           ]: 8868 (Loss: 0.0053)
[=============                           ]: 8869 (Loss: 0.0037)
[==============                          ]: 8870 (Loss: 0.0004)
[==============                          ]: 8871 (Loss: 0.0005)
[==============                          ]: 8872 (Loss: 0.0017)
[==============                          ]: 8873 (Loss: 0.0015)
[==============                          ]: 8874 (Loss: 0.0006)
[===============                         ]: 8875 (Loss: 0.0000)
[===============                         ]: 8876 (Loss: 0.0008)
[===============                         ]: 8877 (Loss: 0.0017)
[===============                         ]: 8878 (Loss: 0.0050)
[===============                         ]: 8879 (Loss: 0.0005)
[================                        ]: 8880 (Loss: 0.0002)
[================                        ]: 8881 (Loss: 0.0000)
[================                        ]: 8882 (Loss: 0.0021)
[================                        ]: 8883 (Loss: 0.0013)
[================                        ]: 8884 (Loss: 0.0005)
[=================                       ]: 8885 (Loss: 0.0012)
[=================                       ]: 8886 (Loss: 0.0007)
[=================                       ]: 8887 (Loss: 0.0008)
[=================                       ]: 8888 (Loss: 0.0014)
[=================                       ]: 8889 (Loss: 0.0011)
[==================                      ]: 8890 (Loss: 0.0006)
[==================                      ]: 8891 (Loss: 0.0001)
[==================                      ]: 8892 (Loss: 0.0007)
[==================                      ]: 8893 (Loss: 0.0018)
[==================                      ]: 8894 (Loss: 0.0003)
[===================                     ]: 8895 (Loss: 0.0013)
[===================                     ]: 8896 (Loss: 0.0004)
[===================                     ]: 8897 (Loss: 0.0005)
[===================                     ]: 8898 (Loss: 0.0005)
[===================                     ]: 8899 (Loss: 0.0009)
[====================                    ]: 8900 (Loss: 0.0020)
[====================                    ]: 8901 (Loss: 0.0007)
[====================                    ]: 8902 (Loss: 0.0024)
[====================                    ]: 8903 (Loss: 0.0006)
[====================                    ]: 8904 (Loss: 0.0000)
[=====================                   ]: 8905 (Loss: 0.0002)
[=====================                   ]: 8906 (Loss: 0.0006)
[=====================                   ]: 8907 (Loss: 0.0009)
[=====================                   ]: 8908 (Loss: 0.0008)
[=====================                   ]: 8909 (Loss: 0.0003)
[======================                  ]: 8910 (Loss: 0.0027)
[======================                  ]: 8911 (Loss: 0.0009)
[======================                  ]: 8912 (Loss: 0.0007)
[======================                  ]: 8913 (Loss: 0.0002)
[======================                  ]: 8914 (Loss: 0.0007)
[=======================                 ]: 8915 (Loss: 0.0007)
[=======================                 ]: 8916 (Loss: 0.0004)
[=======================                 ]: 8917 (Loss: 0.0004)
[=======================                 ]: 8918 (Loss: 0.0037)
[=======================                 ]: 8919 (Loss: 0.0004)
[========================                ]: 8920 (Loss: 0.0085)
[========================                ]: 8921 (Loss: 0.0004)
[========================                ]: 8922 (Loss: 0.0014)
[========================                ]: 8923 (Loss: 0.0004)
[========================                ]: 8924 (Loss: 0.0005)
[=========================               ]: 8925 (Loss: 0.0009)
[=========================               ]: 8926 (Loss: 0.0018)
[=========================               ]: 8927 (Loss: 0.0006)
[=========================               ]: 8928 (Loss: 0.0000)
[=========================               ]: 8929 (Loss: 0.0010)
[==========================              ]: 8930 (Loss: 0.0002)
[==========================              ]: 8931 (Loss: 0.0002)
[==========================              ]: 8932 (Loss: 0.0011)
[==========================              ]: 8933 (Loss: 0.0003)
[==========================              ]: 8934 (Loss: 0.0003)
[===========================             ]: 8935 (Loss: 0.0010)
[===========================             ]: 8936 (Loss: 0.0004)
[===========================             ]: 8937 (Loss: 0.0002)
[===========================             ]: 8938 (Loss: 0.0000)
[===========================             ]: 8939 (Loss: 0.0004)
[============================            ]: 8940 (Loss: 0.0003)
[============================            ]: 8941 (Loss: 0.0004)
[============================            ]: 8942 (Loss: 0.0001)
[============================            ]: 8943 (Loss: 0.0006)
[============================            ]: 8944 (Loss: 0.0002)
[=============================           ]: 8945 (Loss: 0.0002)
[=============================           ]: 8946 (Loss: 0.0008)
[=============================           ]: 8947 (Loss: 0.0005)
[=============================           ]: 8948 (Loss: 0.0003)
[=============================           ]: 8949 (Loss: 0.0002)
[==============================          ]: 8950 (Loss: 0.0023)
[==============================          ]: 8951 (Loss: 0.0011)
[==============================          ]: 8952 (Loss: 0.0007)
[==============================          ]: 8953 (Loss: 0.0004)
[==============================          ]: 8954 (Loss: 0.0004)
[===============================         ]: 8955 (Loss: 0.0007)
[===============================         ]: 8956 (Loss: 0.0003)
[===============================         ]: 8957 (Loss: 0.0002)
[===============================         ]: 8958 (Loss: 0.0006)
[===============================         ]: 8959 (Loss: 0.0008)
[================================        ]: 8960 (Loss: 0.0003)
[================================        ]: 8961 (Loss: 0.0003)
[================================        ]: 8962 (Loss: 0.0004)
[================================        ]: 8963 (Loss: 0.0011)
[================================        ]: 8964 (Loss: 0.0012)
[=================================       ]: 8965 (Loss: 0.0001)
[=================================       ]: 8966 (Loss: 0.0006)
[=================================       ]: 8967 (Loss: 0.0006)
[=================================       ]: 8968 (Loss: 0.0002)
[=================================       ]: 8969 (Loss: 0.0001)
[==================================      ]: 8970 (Loss: 0.0005)
[==================================      ]: 8971 (Loss: 0.0005)
[==================================      ]: 8972 (Loss: 0.0005)
[==================================      ]: 8973 (Loss: 0.0004)
[==================================      ]: 8974 (Loss: 0.0003)
[===================================     ]: 8975 (Loss: 0.0004)
[===================================     ]: 8976 (Loss: 0.0003)
[===================================     ]: 8977 (Loss: 0.0002)
[===================================     ]: 8978 (Loss: 0.0003)
[===================================     ]: 8979 (Loss: 0.0010)
[====================================    ]: 8980 (Loss: 0.0005)
[====================================    ]: 8981 (Loss: 0.0006)
[====================================    ]: 8982 (Loss: 0.0002)
[====================================    ]: 8983 (Loss: 0.0003)
[====================================    ]: 8984 (Loss: 0.0004)
[=====================================   ]: 8985 (Loss: 0.0007)
[=====================================   ]: 8986 (Loss: 0.0004)
[=====================================   ]: 8987 (Loss: 0.0004)
[=====================================   ]: 8988 (Loss: 0.0002)
[=====================================   ]: 8989 (Loss: 0.0001)
[======================================  ]: 8990 (Loss: 0.0007)
[======================================  ]: 8991 (Loss: 0.0007)
[======================================  ]: 8992 (Loss: 0.0003)
[======================================  ]: 8993 (Loss: 0.0002)
[======================================  ]: 8994 (Loss: 0.0012)
[======================================= ]: 8995 (Loss: 0.0008)
[======================================= ]: 8996 (Loss: 0.0002)
[======================================= ]: 8997 (Loss: 0.0006)
[======================================= ]: 8998 (Loss: 0.0005)
[======================================= ]: 8999 (Loss: 0.0001)
[========================================]: 9000 (Loss: 0.0002)
                                                                                                    
[2026-07-17 08:57:00,761] [INFO] [__main__] Batch 9000 Loss: 0.065305 Cost: 0.90 Time: 85 ms/sequence
[2026-07-17 08:57:00,766] [INFO] [__main__] Advice weight norm: 22.276951 | Advice gradient norm: 0.001368

[                                        ]: 9001 (Loss: 0.0003)
[                                        ]: 9002 (Loss: 0.0001)
[                                        ]: 9003 (Loss: 0.0028)
[                                        ]: 9004 (Loss: 0.0004)
[=                                       ]: 9005 (Loss: 0.0003)
[=                                       ]: 9006 (Loss: 0.0002)
[=                                       ]: 9007 (Loss: 0.0006)
[=                                       ]: 9008 (Loss: 0.0003)
[=                                       ]: 9009 (Loss: 0.0005)
[==                                      ]: 9010 (Loss: 0.0004)
[==                                      ]: 9011 (Loss: 0.0008)
[==                                      ]: 9012 (Loss: 0.0003)
[==                                      ]: 9013 (Loss: 0.0002)
[==                                      ]: 9014 (Loss: 0.0003)
[===                                     ]: 9015 (Loss: 0.0007)
[===                                     ]: 9016 (Loss: 0.0006)
[===                                     ]: 9017 (Loss: 0.0003)
[===                                     ]: 9018 (Loss: 0.0003)
[===                                     ]: 9019 (Loss: 0.0004)
[====                                    ]: 9020 (Loss: 0.0004)
[====                                    ]: 9021 (Loss: 0.0004)
[====                                    ]: 9022 (Loss: 0.0003)
[====                                    ]: 9023 (Loss: 0.0004)
[====                                    ]: 9024 (Loss: 0.0002)
[=====                                   ]: 9025 (Loss: 0.0002)
[=====                                   ]: 9026 (Loss: 0.0008)
[=====                                   ]: 9027 (Loss: 0.0003)
[=====                                   ]: 9028 (Loss: 0.0004)
[=====                                   ]: 9029 (Loss: 0.0003)
[======                                  ]: 9030 (Loss: 0.0003)
[======                                  ]: 9031 (Loss: 0.0006)
[======                                  ]: 9032 (Loss: 0.0003)
[======                                  ]: 9033 (Loss: 0.0005)
[======                                  ]: 9034 (Loss: 0.0001)
[=======                                 ]: 9035 (Loss: 0.0004)
[=======                                 ]: 9036 (Loss: 0.0002)
[=======                                 ]: 9037 (Loss: 0.0072)
[=======                                 ]: 9038 (Loss: 0.0003)
[=======                                 ]: 9039 (Loss: 0.0004)
[========                                ]: 9040 (Loss: 0.0001)
[========                                ]: 9041 (Loss: 0.0002)
[========                                ]: 9042 (Loss: 0.0004)
[========                                ]: 9043 (Loss: 0.0002)
[========                                ]: 9044 (Loss: 0.0000)
[=========                               ]: 9045 (Loss: 0.0008)
[=========                               ]: 9046 (Loss: 0.0000)
[=========                               ]: 9047 (Loss: 0.0001)
[=========                               ]: 9048 (Loss: 0.0004)
[=========                               ]: 9049 (Loss: 0.0002)
[==========                              ]: 9050 (Loss: 0.0004)
[==========                              ]: 9051 (Loss: 0.0002)
[==========                              ]: 9052 (Loss: 0.0005)
[==========                              ]: 9053 (Loss: 0.0012)
[==========                              ]: 9054 (Loss: 0.0000)
[===========                             ]: 9055 (Loss: 0.0001)
[===========                             ]: 9056 (Loss: 0.0013)
[===========                             ]: 9057 (Loss: 0.0001)
[===========                             ]: 9058 (Loss: 0.0017)
[===========                             ]: 9059 (Loss: 0.0005)
[============                            ]: 9060 (Loss: 0.0002)
[============                            ]: 9061 (Loss: 0.0000)
[============                            ]: 9062 (Loss: 0.0016)
[============                            ]: 9063 (Loss: 0.0019)
[============                            ]: 9064 (Loss: 0.0002)
[=============                           ]: 9065 (Loss: 0.0004)
[=============                           ]: 9066 (Loss: 0.0019)
[=============                           ]: 9067 (Loss: 0.0002)
[=============                           ]: 9068 (Loss: 0.0004)
[=============                           ]: 9069 (Loss: 0.0001)
[==============                          ]: 9070 (Loss: 0.0003)
[==============                          ]: 9071 (Loss: 0.0003)
[==============                          ]: 9072 (Loss: 0.0002)
[==============                          ]: 9073 (Loss: 0.0006)
[==============                          ]: 9074 (Loss: 0.0002)
[===============                         ]: 9075 (Loss: 0.0003)
[===============                         ]: 9076 (Loss: 0.0001)
[===============                         ]: 9077 (Loss: 0.0002)
[===============                         ]: 9078 (Loss: 0.0000)
[===============                         ]: 9079 (Loss: 0.0001)
[================                        ]: 9080 (Loss: 0.0004)
[================                        ]: 9081 (Loss: 0.0003)
[================                        ]: 9082 (Loss: 0.0001)
[================                        ]: 9083 (Loss: 0.0003)
[================                        ]: 9084 (Loss: 0.0002)
[=================                       ]: 9085 (Loss: 0.0002)
[=================                       ]: 9086 (Loss: 0.0004)
[=================                       ]: 9087 (Loss: 0.0004)
[=================                       ]: 9088 (Loss: 0.0003)
[=================                       ]: 9089 (Loss: 0.0002)
[==================                      ]: 9090 (Loss: 0.0002)
[==================                      ]: 9091 (Loss: 0.0003)
[==================                      ]: 9092 (Loss: 0.0003)
[==================                      ]: 9093 (Loss: 0.0004)
[==================                      ]: 9094 (Loss: 0.0028)
[===================                     ]: 9095 (Loss: 0.0001)
[===================                     ]: 9096 (Loss: 0.0001)
[===================                     ]: 9097 (Loss: 0.0004)
[===================                     ]: 9098 (Loss: 0.0004)
[===================                     ]: 9099 (Loss: 0.0003)
[====================                    ]: 9100 (Loss: 0.0003)
[====================                    ]: 9101 (Loss: 0.0004)
[====================                    ]: 9102 (Loss: 0.0003)
[====================                    ]: 9103 (Loss: 0.0000)
[====================                    ]: 9104 (Loss: 0.0000)
[=====================                   ]: 9105 (Loss: 0.0003)
[=====================                   ]: 9106 (Loss: 0.0004)
[=====================                   ]: 9107 (Loss: 0.0008)
[=====================                   ]: 9108 (Loss: 0.0001)
[=====================                   ]: 9109 (Loss: 0.0000)
[======================                  ]: 9110 (Loss: 0.0004)
[======================                  ]: 9111 (Loss: 0.0002)
[======================                  ]: 9112 (Loss: 0.0002)
[======================                  ]: 9113 (Loss: 0.0004)
[======================                  ]: 9114 (Loss: 0.0002)
[=======================                 ]: 9115 (Loss: 0.0003)
[=======================                 ]: 9116 (Loss: 0.0002)
[=======================                 ]: 9117 (Loss: 0.0004)
[=======================                 ]: 9118 (Loss: 0.0001)
[=======================                 ]: 9119 (Loss: 0.0004)
[========================                ]: 9120 (Loss: 0.0001)
[========================                ]: 9121 (Loss: 0.0001)
[========================                ]: 9122 (Loss: 0.0002)
[========================                ]: 9123 (Loss: 0.0002)
[========================                ]: 9124 (Loss: 0.0004)
[=========================               ]: 9125 (Loss: 0.0001)
[=========================               ]: 9126 (Loss: 0.0001)
[=========================               ]: 9127 (Loss: 0.0004)
[=========================               ]: 9128 (Loss: 0.0002)
[=========================               ]: 9129 (Loss: 0.0000)
[==========================              ]: 9130 (Loss: 0.0002)
[==========================              ]: 9131 (Loss: 0.0002)
[==========================              ]: 9132 (Loss: 0.0000)
[==========================              ]: 9133 (Loss: 0.0002)
[==========================              ]: 9134 (Loss: 0.0002)
[===========================             ]: 9135 (Loss: 0.0002)
[===========================             ]: 9136 (Loss: 0.0003)
[===========================             ]: 9137 (Loss: 0.0001)
[===========================             ]: 9138 (Loss: 0.0001)
[===========================             ]: 9139 (Loss: 0.0004)
[============================            ]: 9140 (Loss: 0.0003)
[============================            ]: 9141 (Loss: 0.0001)
[============================            ]: 9142 (Loss: 0.0001)
[============================            ]: 9143 (Loss: 0.0002)
[============================            ]: 9144 (Loss: 0.0001)
[=============================           ]: 9145 (Loss: 0.0001)
[=============================           ]: 9146 (Loss: 0.0003)
[=============================           ]: 9147 (Loss: 0.0001)
[=============================           ]: 9148 (Loss: 0.0001)
[=============================           ]: 9149 (Loss: 0.0001)
[==============================          ]: 9150 (Loss: 0.0002)
[==============================          ]: 9151 (Loss: 0.0002)
[==============================          ]: 9152 (Loss: 0.0002)
[==============================          ]: 9153 (Loss: 0.0000)
[==============================          ]: 9154 (Loss: 0.0001)
[===============================         ]: 9155 (Loss: 0.0001)
[===============================         ]: 9156 (Loss: 0.0001)
[===============================         ]: 9157 (Loss: 0.0001)
[===============================         ]: 9158 (Loss: 0.0000)
[===============================         ]: 9159 (Loss: 0.0000)
[================================        ]: 9160 (Loss: 0.0000)
[================================        ]: 9161 (Loss: 0.0000)
[================================        ]: 9162 (Loss: 0.0002)
[================================        ]: 9163 (Loss: 0.0001)
[================================        ]: 9164 (Loss: 0.0001)
[=================================       ]: 9165 (Loss: 0.0001)
[=================================       ]: 9166 (Loss: 0.0000)
[=================================       ]: 9167 (Loss: 0.0000)
[=================================       ]: 9168 (Loss: 0.0002)
[=================================       ]: 9169 (Loss: 0.0001)
[==================================      ]: 9170 (Loss: 0.0000)
[==================================      ]: 9171 (Loss: 0.0001)
[==================================      ]: 9172 (Loss: 0.0001)
[==================================      ]: 9173 (Loss: 0.0002)
[==================================      ]: 9174 (Loss: 0.0002)
[===================================     ]: 9175 (Loss: 0.0000)
[===================================     ]: 9176 (Loss: 0.0000)
[===================================     ]: 9177 (Loss: 0.0002)
[===================================     ]: 9178 (Loss: 0.0001)
[===================================     ]: 9179 (Loss: 0.0001)
[====================================    ]: 9180 (Loss: 0.0003)
[====================================    ]: 9181 (Loss: 0.0001)
[====================================    ]: 9182 (Loss: 0.0001)
[====================================    ]: 9183 (Loss: 0.0002)
[====================================    ]: 9184 (Loss: 0.0001)
[=====================================   ]: 9185 (Loss: 0.0003)
[=====================================   ]: 9186 (Loss: 0.0015)
[=====================================   ]: 9187 (Loss: 0.0017)
[=====================================   ]: 9188 (Loss: 0.0001)
[=====================================   ]: 9189 (Loss: 0.0000)
[======================================  ]: 9190 (Loss: 0.0001)
[======================================  ]: 9191 (Loss: 0.0003)
[======================================  ]: 9192 (Loss: 0.0002)
[======================================  ]: 9193 (Loss: 0.0003)
[======================================  ]: 9194 (Loss: 0.0020)
[======================================= ]: 9195 (Loss: 0.0002)
[======================================= ]: 9196 (Loss: 0.0004)
[======================================= ]: 9197 (Loss: 0.0002)
[======================================= ]: 9198 (Loss: 0.0003)
[======================================= ]: 9199 (Loss: 0.0002)
[========================================]: 9200 (Loss: 0.0003)
                                                                                                    
[2026-07-17 08:57:19,794] [INFO] [__main__] Batch 9200 Loss: 0.000363 Cost: 0.00 Time: 95 ms/sequence
[2026-07-17 08:57:19,800] [INFO] [__main__] Advice weight norm: 22.325754 | Advice gradient norm: 0.003847

[                                        ]: 9201 (Loss: 0.0003)
[                                        ]: 9202 (Loss: 0.0002)
[                                        ]: 9203 (Loss: 0.0000)
[                                        ]: 9204 (Loss: 0.0001)
[=                                       ]: 9205 (Loss: 0.0001)
[=                                       ]: 9206 (Loss: 0.0007)
[=                                       ]: 9207 (Loss: 0.0001)
[=                                       ]: 9208 (Loss: 0.0000)
[=                                       ]: 9209 (Loss: 0.0039)
[==                                      ]: 9210 (Loss: 0.0000)
[==                                      ]: 9211 (Loss: 0.0001)
[==                                      ]: 9212 (Loss: 0.0002)
[==                                      ]: 9213 (Loss: 0.0005)
[==                                      ]: 9214 (Loss: 0.0001)
[===                                     ]: 9215 (Loss: 0.0002)
[===                                     ]: 9216 (Loss: 0.0001)
[===                                     ]: 9217 (Loss: 0.0009)
[===                                     ]: 9218 (Loss: 0.0003)
[===                                     ]: 9219 (Loss: 0.0004)
[====                                    ]: 9220 (Loss: 0.0001)
[====                                    ]: 9221 (Loss: 0.0002)
[====                                    ]: 9222 (Loss: 0.0002)
[====                                    ]: 9223 (Loss: 0.0010)
[====                                    ]: 9224 (Loss: 0.0003)
[=====                                   ]: 9225 (Loss: 0.0022)
[=====                                   ]: 9226 (Loss: 0.0002)
[=====                                   ]: 9227 (Loss: 0.0002)
[=====                                   ]: 9228 (Loss: 0.0002)
[=====                                   ]: 9229 (Loss: 0.0003)
[======                                  ]: 9230 (Loss: 0.0000)
[======                                  ]: 9231 (Loss: 0.0003)
[======                                  ]: 9232 (Loss: 0.0001)
[======                                  ]: 9233 (Loss: 0.0002)
[======                                  ]: 9234 (Loss: 0.0008)
[=======                                 ]: 9235 (Loss: 0.0002)
[=======                                 ]: 9236 (Loss: 0.0000)
[=======                                 ]: 9237 (Loss: 0.0003)
[=======                                 ]: 9238 (Loss: 0.0004)
[=======                                 ]: 9239 (Loss: 0.0001)
[========                                ]: 9240 (Loss: 0.0016)
[========                                ]: 9241 (Loss: 0.0004)
[========                                ]: 9242 (Loss: 0.0007)
[========                                ]: 9243 (Loss: 0.0001)
[========                                ]: 9244 (Loss: 0.0001)
[=========                               ]: 9245 (Loss: 0.0001)
[=========                               ]: 9246 (Loss: 0.0005)
[=========                               ]: 9247 (Loss: 0.0004)
[=========                               ]: 9248 (Loss: 0.0003)
[=========                               ]: 9249 (Loss: 0.0003)
[==========                              ]: 9250 (Loss: 0.0003)
[==========                              ]: 9251 (Loss: 0.0002)
[==========                              ]: 9252 (Loss: 0.0000)
[==========                              ]: 9253 (Loss: 0.0001)
[==========                              ]: 9254 (Loss: 0.0001)
[===========                             ]: 9255 (Loss: 0.0001)
[===========                             ]: 9256 (Loss: 0.0001)
[===========                             ]: 9257 (Loss: 0.0003)
[===========                             ]: 9258 (Loss: 0.0004)
[===========                             ]: 9259 (Loss: 0.0000)
[============                            ]: 9260 (Loss: 0.0004)
[============                            ]: 9261 (Loss: 0.0002)
[============                            ]: 9262 (Loss: 0.0001)
[============                            ]: 9263 (Loss: 0.0001)
[============                            ]: 9264 (Loss: 0.0002)
[=============                           ]: 9265 (Loss: 0.0001)
[=============                           ]: 9266 (Loss: 0.0001)
[=============                           ]: 9267 (Loss: 0.0001)
[=============                           ]: 9268 (Loss: 0.0002)
[=============                           ]: 9269 (Loss: 0.0000)
[==============                          ]: 9270 (Loss: 0.0002)
[==============                          ]: 9271 (Loss: 0.0002)
[==============                          ]: 9272 (Loss: 0.0001)
[==============                          ]: 9273 (Loss: 0.0003)
[==============                          ]: 9274 (Loss: 0.0001)
[===============                         ]: 9275 (Loss: 0.0003)
[===============                         ]: 9276 (Loss: 0.0001)
[===============                         ]: 9277 (Loss: 0.0001)
[===============                         ]: 9278 (Loss: 0.0002)
[===============                         ]: 9279 (Loss: 0.0002)
[================                        ]: 9280 (Loss: 0.0002)
[================                        ]: 9281 (Loss: 0.0001)
[================                        ]: 9282 (Loss: 0.0001)
[================                        ]: 9283 (Loss: 0.0000)
[================                        ]: 9284 (Loss: 0.0000)
[=================                       ]: 9285 (Loss: 0.0003)
[=================                       ]: 9286 (Loss: 0.0000)
[=================                       ]: 9287 (Loss: 0.0002)
[=================                       ]: 9288 (Loss: 0.0007)
[=================                       ]: 9289 (Loss: 0.0002)
[==================                      ]: 9290 (Loss: 0.0000)
[==================                      ]: 9291 (Loss: 0.0003)
[==================                      ]: 9292 (Loss: 0.0002)
[==================                      ]: 9293 (Loss: 0.0004)
[==================                      ]: 9294 (Loss: 0.0001)
[===================                     ]: 9295 (Loss: 0.0005)
[===================                     ]: 9296 (Loss: 0.0003)
[===================                     ]: 9297 (Loss: 0.0001)
[===================                     ]: 9298 (Loss: 0.0002)
[===================                     ]: 9299 (Loss: 0.0001)
[====================                    ]: 9300 (Loss: 0.0001)
[====================                    ]: 9301 (Loss: 0.0005)
[====================                    ]: 9302 (Loss: 0.0001)
[====================                    ]: 9303 (Loss: 0.0002)
[====================                    ]: 9304 (Loss: 0.0002)
[=====================                   ]: 9305 (Loss: 0.0005)
[=====================                   ]: 9306 (Loss: 0.0000)
[=====================                   ]: 9307 (Loss: 0.0001)
[=====================                   ]: 9308 (Loss: 0.0001)
[=====================                   ]: 9309 (Loss: 0.0001)
[======================                  ]: 9310 (Loss: 0.0003)
[======================                  ]: 9311 (Loss: 0.0002)
[======================                  ]: 9312 (Loss: 0.0002)
[======================                  ]: 9313 (Loss: 0.0003)
[======================                  ]: 9314 (Loss: 0.0001)
[=======================                 ]: 9315 (Loss: 0.0000)
[=======================                 ]: 9316 (Loss: 0.0001)
[=======================                 ]: 9317 (Loss: 0.0003)
[=======================                 ]: 9318 (Loss: 0.0002)
[=======================                 ]: 9319 (Loss: 0.0000)
[========================                ]: 9320 (Loss: 0.0002)
[========================                ]: 9321 (Loss: 0.0001)
[========================                ]: 9322 (Loss: 0.0001)
[========================                ]: 9323 (Loss: 0.0001)
[========================                ]: 9324 (Loss: 0.0001)
[=========================               ]: 9325 (Loss: 0.0001)
[=========================               ]: 9326 (Loss: 0.0000)
[=========================               ]: 9327 (Loss: 0.0000)
[=========================               ]: 9328 (Loss: 0.0001)
[=========================               ]: 9329 (Loss: 0.0001)
[==========================              ]: 9330 (Loss: 0.0001)
[==========================              ]: 9331 (Loss: 0.0002)
[==========================              ]: 9332 (Loss: 0.0004)
[==========================              ]: 9333 (Loss: 0.0001)
[==========================              ]: 9334 (Loss: 0.0000)
[===========================             ]: 9335 (Loss: 0.0001)
[===========================             ]: 9336 (Loss: 0.0003)
[===========================             ]: 9337 (Loss: 0.0001)
[===========================             ]: 9338 (Loss: 0.0002)
[===========================             ]: 9339 (Loss: 0.0000)
[============================            ]: 9340 (Loss: 0.0002)
[============================            ]: 9341 (Loss: 0.0001)
[============================            ]: 9342 (Loss: 0.0005)
[============================            ]: 9343 (Loss: 0.0001)
[============================            ]: 9344 (Loss: 0.0001)
[=============================           ]: 9345 (Loss: 0.0000)
[=============================           ]: 9346 (Loss: 0.0000)
[=============================           ]: 9347 (Loss: 0.0005)
[=============================           ]: 9348 (Loss: 0.0001)
[=============================           ]: 9349 (Loss: 0.0001)
[==============================          ]: 9350 (Loss: 0.0001)
[==============================          ]: 9351 (Loss: 0.0000)
[==============================          ]: 9352 (Loss: 0.0003)
[==============================          ]: 9353 (Loss: 0.0002)
[==============================          ]: 9354 (Loss: 0.0002)
[===============================         ]: 9355 (Loss: 0.0000)
[===============================         ]: 9356 (Loss: 0.0007)
[===============================         ]: 9357 (Loss: 0.0000)
[===============================         ]: 9358 (Loss: 0.0002)
[===============================         ]: 9359 (Loss: 0.0004)
[================================        ]: 9360 (Loss: 0.0001)
[================================        ]: 9361 (Loss: 0.0002)
[================================        ]: 9362 (Loss: 0.0000)
[================================        ]: 9363 (Loss: 0.0001)
[================================        ]: 9364 (Loss: 0.0007)
[=================================       ]: 9365 (Loss: 0.0002)
[=================================       ]: 9366 (Loss: 0.0001)
[=================================       ]: 9367 (Loss: 0.0002)
[=================================       ]: 9368 (Loss: 0.0001)
[=================================       ]: 9369 (Loss: 0.0001)
[==================================      ]: 9370 (Loss: 0.0003)
[==================================      ]: 9371 (Loss: 0.0003)
[==================================      ]: 9372 (Loss: 0.0001)
[==================================      ]: 9373 (Loss: 0.0002)
[==================================      ]: 9374 (Loss: 0.0000)
[===================================     ]: 9375 (Loss: 0.0002)
[===================================     ]: 9376 (Loss: 0.0000)
[===================================     ]: 9377 (Loss: 0.0001)
[===================================     ]: 9378 (Loss: 0.0031)
[===================================     ]: 9379 (Loss: 0.0002)
[====================================    ]: 9380 (Loss: 0.0001)
[====================================    ]: 9381 (Loss: 0.0000)
[====================================    ]: 9382 (Loss: 0.0011)
[====================================    ]: 9383 (Loss: 0.0002)
[====================================    ]: 9384 (Loss: 0.0001)
[=====================================   ]: 9385 (Loss: 0.0004)
[=====================================   ]: 9386 (Loss: 0.0000)
[=====================================   ]: 9387 (Loss: 0.0006)
[=====================================   ]: 9388 (Loss: 0.0002)
[=====================================   ]: 9389 (Loss: 0.0001)
[======================================  ]: 9390 (Loss: 0.0000)
[======================================  ]: 9391 (Loss: 0.0005)
[======================================  ]: 9392 (Loss: 0.0008)
[======================================  ]: 9393 (Loss: 0.0001)
[======================================  ]: 9394 (Loss: 0.0001)
[======================================= ]: 9395 (Loss: 0.0001)
[======================================= ]: 9396 (Loss: 0.0003)
[======================================= ]: 9397 (Loss: 0.0010)
[======================================= ]: 9398 (Loss: 0.0001)
[======================================= ]: 9399 (Loss: 0.0003)
[========================================]: 9400 (Loss: 0.0004)
                                                                                                    
[2026-07-17 08:57:48,259] [INFO] [__main__] Batch 9400 Loss: 0.000257 Cost: 0.00 Time: 142 ms/sequence
[2026-07-17 08:57:48,266] [INFO] [__main__] Advice weight norm: 22.400232 | Advice gradient norm: 0.007028

[                                        ]: 9401 (Loss: 0.0001)
[                                        ]: 9402 (Loss: 0.0012)
[                                        ]: 9403 (Loss: 0.0004)
[                                        ]: 9404 (Loss: 0.0005)
[=                                       ]: 9405 (Loss: 0.0001)
[=                                       ]: 9406 (Loss: 0.0001)
[=                                       ]: 9407 (Loss: 0.0002)
[=                                       ]: 9408 (Loss: 0.0020)
[=                                       ]: 9409 (Loss: 0.0002)
[==                                      ]: 9410 (Loss: 0.0005)
[==                                      ]: 9411 (Loss: 0.0002)
[==                                      ]: 9412 (Loss: 0.0002)
[==                                      ]: 9413 (Loss: 0.0000)
[==                                      ]: 9414 (Loss: 0.0002)
[===                                     ]: 9415 (Loss: 0.0002)
[===                                     ]: 9416 (Loss: 0.0002)
[===                                     ]: 9417 (Loss: 0.0002)
[===                                     ]: 9418 (Loss: 0.0002)
[===                                     ]: 9419 (Loss: 0.0001)
[====                                    ]: 9420 (Loss: 0.0002)
[====                                    ]: 9421 (Loss: 0.0001)
[====                                    ]: 9422 (Loss: 0.0000)
[====                                    ]: 9423 (Loss: 0.0001)
[====                                    ]: 9424 (Loss: 0.0004)
[=====                                   ]: 9425 (Loss: 0.0001)
[=====                                   ]: 9426 (Loss: 0.0002)
[=====                                   ]: 9427 (Loss: 0.0002)
[=====                                   ]: 9428 (Loss: 0.0000)
[=====                                   ]: 9429 (Loss: 0.0005)
[======                                  ]: 9430 (Loss: 0.0002)
[======                                  ]: 9431 (Loss: 0.0001)
[======                                  ]: 9432 (Loss: 0.0000)
[======                                  ]: 9433 (Loss: 0.0002)
[======                                  ]: 9434 (Loss: 0.0002)
[=======                                 ]: 9435 (Loss: 0.0001)
[=======                                 ]: 9436 (Loss: 0.0001)
[=======                                 ]: 9437 (Loss: 0.0002)
[=======                                 ]: 9438 (Loss: 0.0001)
[=======                                 ]: 9439 (Loss: 0.0001)
[========                                ]: 9440 (Loss: 0.0000)
[========                                ]: 9441 (Loss: 0.0001)
[========                                ]: 9442 (Loss: 0.0002)
[========                                ]: 9443 (Loss: 0.0013)
[========                                ]: 9444 (Loss: 0.0001)
[=========                               ]: 9445 (Loss: 0.0000)
[=========                               ]: 9446 (Loss: 0.0000)
[=========                               ]: 9447 (Loss: 0.0002)
[=========                               ]: 9448 (Loss: 0.0000)
[=========                               ]: 9449 (Loss: 0.0001)
[==========                              ]: 9450 (Loss: 0.0004)
[==========                              ]: 9451 (Loss: 0.0001)
[==========                              ]: 9452 (Loss: 0.0000)
[==========                              ]: 9453 (Loss: 0.0001)
[==========                              ]: 9454 (Loss: 0.0001)
[===========                             ]: 9455 (Loss: 0.0000)
[===========                             ]: 9456 (Loss: 0.0001)
[===========                             ]: 9457 (Loss: 0.0001)
[===========                             ]: 9458 (Loss: 0.0000)
[===========                             ]: 9459 (Loss: 0.0001)
[============                            ]: 9460 (Loss: 0.0000)
[============                            ]: 9461 (Loss: 0.0002)
[============                            ]: 9462 (Loss: 0.0000)
[============                            ]: 9463 (Loss: 0.0001)
[============                            ]: 9464 (Loss: 0.0010)
[=============                           ]: 9465 (Loss: 0.0002)
[=============                           ]: 9466 (Loss: 0.0001)
[=============                           ]: 9467 (Loss: 0.0001)
[=============                           ]: 9468 (Loss: 0.0002)
[=============                           ]: 9469 (Loss: 0.0002)
[==============                          ]: 9470 (Loss: 0.0006)
[==============                          ]: 9471 (Loss: 0.0007)
[==============                          ]: 9472 (Loss: 0.0017)
[==============                          ]: 9473 (Loss: 0.0000)
[==============                          ]: 9474 (Loss: 0.0000)
[===============                         ]: 9475 (Loss: 0.0002)
[===============                         ]: 9476 (Loss: 0.0007)
[===============                         ]: 9477 (Loss: 0.0001)
[===============                         ]: 9478 (Loss: 0.0001)
[===============                         ]: 9479 (Loss: 0.0001)
[================                        ]: 9480 (Loss: 0.0024)
[================                        ]: 9481 (Loss: 0.0001)
[================                        ]: 9482 (Loss: 0.0002)
[================                        ]: 9483 (Loss: 0.0001)
[================                        ]: 9484 (Loss: 0.0001)
[=================                       ]: 9485 (Loss: 0.0010)
[=================                       ]: 9486 (Loss: 0.0001)
[=================                       ]: 9487 (Loss: 0.0002)
[=================                       ]: 9488 (Loss: 0.0000)
[=================                       ]: 9489 (Loss: 0.0007)
[==================                      ]: 9490 (Loss: 0.0009)
[==================                      ]: 9491 (Loss: 0.0002)
[==================                      ]: 9492 (Loss: 0.0002)
[==================                      ]: 9493 (Loss: 0.0004)
[==================                      ]: 9494 (Loss: 0.0001)
[===================                     ]: 9495 (Loss: 0.0001)
[===================                     ]: 9496 (Loss: 0.0003)
[===================                     ]: 9497 (Loss: 0.0000)
[===================                     ]: 9498 (Loss: 0.0006)
[===================                     ]: 9499 (Loss: 0.0000)
[====================                    ]: 9500 (Loss: 0.0001)
[====================                    ]: 9501 (Loss: 0.0016)
[====================                    ]: 9502 (Loss: 0.0008)
[====================                    ]: 9503 (Loss: 0.0002)
[====================                    ]: 9504 (Loss: 0.0001)
[=====================                   ]: 9505 (Loss: 0.0007)
[=====================                   ]: 9506 (Loss: 0.0001)
[=====================                   ]: 9507 (Loss: 0.0003)
[=====================                   ]: 9508 (Loss: 0.0001)
[=====================                   ]: 9509 (Loss: 0.0001)
[======================                  ]: 9510 (Loss: 0.0002)
[======================                  ]: 9511 (Loss: 0.0003)
[======================                  ]: 9512 (Loss: 0.0001)
[======================                  ]: 9513 (Loss: 0.0001)
[======================                  ]: 9514 (Loss: 0.0001)
[=======================                 ]: 9515 (Loss: 0.0000)
[=======================                 ]: 9516 (Loss: 0.0003)
[=======================                 ]: 9517 (Loss: 0.0003)
[=======================                 ]: 9518 (Loss: 0.0001)
[=======================                 ]: 9519 (Loss: 0.0005)
[========================                ]: 9520 (Loss: 0.0001)
[========================                ]: 9521 (Loss: 0.0002)
[========================                ]: 9522 (Loss: 0.0001)
[========================                ]: 9523 (Loss: 0.0000)
[========================                ]: 9524 (Loss: 0.0004)
[=========================               ]: 9525 (Loss: 0.0001)
[=========================               ]: 9526 (Loss: 0.0002)
[=========================               ]: 9527 (Loss: 0.0001)
[=========================               ]: 9528 (Loss: 0.0000)
[=========================               ]: 9529 (Loss: 0.0001)
[==========================              ]: 9530 (Loss: 0.0001)
[==========================              ]: 9531 (Loss: 0.0000)
[==========================              ]: 9532 (Loss: 0.0000)
[==========================              ]: 9533 (Loss: 0.0001)
[==========================              ]: 9534 (Loss: 0.0002)
[===========================             ]: 9535 (Loss: 0.0001)
[===========================             ]: 9536 (Loss: 0.0000)
[===========================             ]: 9537 (Loss: 0.0000)
[===========================             ]: 9538 (Loss: 0.0001)
[===========================             ]: 9539 (Loss: 0.0001)
[============================            ]: 9540 (Loss: 0.0000)
[============================            ]: 9541 (Loss: 0.0002)
[============================            ]: 9542 (Loss: 0.0001)
[============================            ]: 9543 (Loss: 0.0001)
[============================            ]: 9544 (Loss: 0.0001)
[=============================           ]: 9545 (Loss: 0.0000)
[=============================           ]: 9546 (Loss: 0.0000)
[=============================           ]: 9547 (Loss: 0.0002)
[=============================           ]: 9548 (Loss: 0.0001)
[=============================           ]: 9549 (Loss: 0.0002)
[==============================          ]: 9550 (Loss: 0.0003)
[==============================          ]: 9551 (Loss: 0.0001)
[==============================          ]: 9552 (Loss: 0.0000)
[==============================          ]: 9553 (Loss: 0.0002)
[==============================          ]: 9554 (Loss: 0.0001)
[===============================         ]: 9555 (Loss: 0.0001)
[===============================         ]: 9556 (Loss: 0.0000)
[===============================         ]: 9557 (Loss: 0.0002)
[===============================         ]: 9558 (Loss: 0.0002)
[===============================         ]: 9559 (Loss: 0.0002)
[================================        ]: 9560 (Loss: 0.0001)
[================================        ]: 9561 (Loss: 0.0001)
[================================        ]: 9562 (Loss: 0.0003)
[================================        ]: 9563 (Loss: 0.0000)
[================================        ]: 9564 (Loss: 0.0001)
[=================================       ]: 9565 (Loss: 0.0001)
[=================================       ]: 9566 (Loss: 0.0000)
[=================================       ]: 9567 (Loss: 0.0001)
[=================================       ]: 9568 (Loss: 0.0002)
[=================================       ]: 9569 (Loss: 0.0000)
[==================================      ]: 9570 (Loss: 0.0000)
[==================================      ]: 9571 (Loss: 0.0005)
[==================================      ]: 9572 (Loss: 0.0000)
[==================================      ]: 9573 (Loss: 0.0001)
[==================================      ]: 9574 (Loss: 0.0001)
[===================================     ]: 9575 (Loss: 0.0001)
[===================================     ]: 9576 (Loss: 0.0001)
[===================================     ]: 9577 (Loss: 0.0008)
[===================================     ]: 9578 (Loss: 0.0001)
[===================================     ]: 9579 (Loss: 0.0001)
[====================================    ]: 9580 (Loss: 0.0001)
[====================================    ]: 9581 (Loss: 0.0001)
[====================================    ]: 9582 (Loss: 0.0002)
[====================================    ]: 9583 (Loss: 0.0003)
[====================================    ]: 9584 (Loss: 0.0000)
[=====================================   ]: 9585 (Loss: 0.0002)
[=====================================   ]: 9586 (Loss: 0.0001)
[=====================================   ]: 9587 (Loss: 0.0001)
[=====================================   ]: 9588 (Loss: 0.0040)
[=====================================   ]: 9589 (Loss: 0.0010)
[======================================  ]: 9590 (Loss: 0.0002)
[======================================  ]: 9591 (Loss: 0.0001)
[======================================  ]: 9592 (Loss: 0.0001)
[======================================  ]: 9593 (Loss: 0.0002)
[======================================  ]: 9594 (Loss: 0.0003)
[======================================= ]: 9595 (Loss: 0.0007)
[======================================= ]: 9596 (Loss: 0.0003)
[======================================= ]: 9597 (Loss: 0.0003)
[======================================= ]: 9598 (Loss: 0.0012)
[======================================= ]: 9599 (Loss: 0.0001)
[========================================]: 9600 (Loss: 0.0004)
                                                                                                    
[2026-07-17 08:58:15,975] [INFO] [__main__] Batch 9600 Loss: 0.000252 Cost: 0.00 Time: 138 ms/sequence
[2026-07-17 08:58:15,990] [INFO] [__main__] Advice weight norm: 22.450947 | Advice gradient norm: 0.006537

[                                        ]: 9601 (Loss: 0.0002)
[                                        ]: 9602 (Loss: 0.0047)
[                                        ]: 9603 (Loss: 0.0006)
[                                        ]: 9604 (Loss: 0.0002)
[=                                       ]: 9605 (Loss: 0.0074)
[=                                       ]: 9606 (Loss: 0.0003)
[=                                       ]: 9607 (Loss: 0.0001)
[=                                       ]: 9608 (Loss: 0.0002)
[=                                       ]: 9609 (Loss: 0.0003)
[==                                      ]: 9610 (Loss: 0.0005)
[==                                      ]: 9611 (Loss: 0.0005)
[==                                      ]: 9612 (Loss: 0.0003)
[==                                      ]: 9613 (Loss: 0.0129)
[==                                      ]: 9614 (Loss: 0.0000)
[===                                     ]: 9615 (Loss: 0.0004)
[===                                     ]: 9616 (Loss: 0.0028)
[===                                     ]: 9617 (Loss: 0.0005)
[===                                     ]: 9618 (Loss: 0.0002)
[===                                     ]: 9619 (Loss: 0.0003)
[====                                    ]: 9620 (Loss: 0.0002)
[====                                    ]: 9621 (Loss: 0.0004)
[====                                    ]: 9622 (Loss: 0.0004)
[====                                    ]: 9623 (Loss: 0.0005)
[====                                    ]: 9624 (Loss: 0.0012)
[=====                                   ]: 9625 (Loss: 0.0002)
[=====                                   ]: 9626 (Loss: 0.0003)
[=====                                   ]: 9627 (Loss: 0.0000)
[=====                                   ]: 9628 (Loss: 0.0001)
[=====                                   ]: 9629 (Loss: 0.0003)
[======                                  ]: 9630 (Loss: 0.0001)
[======                                  ]: 9631 (Loss: 0.0011)
[======                                  ]: 9632 (Loss: 0.0002)
[======                                  ]: 9633 (Loss: 0.0012)
[======                                  ]: 9634 (Loss: 0.0003)
[=======                                 ]: 9635 (Loss: 0.0008)
[=======                                 ]: 9636 (Loss: 0.0001)
[=======                                 ]: 9637 (Loss: 0.0002)
[=======                                 ]: 9638 (Loss: 0.0001)
[=======                                 ]: 9639 (Loss: 0.0001)
[========                                ]: 9640 (Loss: 0.0000)
[========                                ]: 9641 (Loss: 0.0002)
[========                                ]: 9642 (Loss: 0.0002)
[========                                ]: 9643 (Loss: 0.0004)
[========                                ]: 9644 (Loss: 0.0015)
[=========                               ]: 9645 (Loss: 0.0003)
[=========                               ]: 9646 (Loss: 0.0000)
[=========                               ]: 9647 (Loss: 0.0000)
[=========                               ]: 9648 (Loss: 0.0000)
[=========                               ]: 9649 (Loss: 0.0003)
[==========                              ]: 9650 (Loss: 0.0004)
[==========                              ]: 9651 (Loss: 0.0001)
[==========                              ]: 9652 (Loss: 0.0013)
[==========                              ]: 9653 (Loss: 0.0001)
[==========                              ]: 9654 (Loss: 0.0001)
[===========                             ]: 9655 (Loss: 0.0002)
[===========                             ]: 9656 (Loss: 0.0002)
[===========                             ]: 9657 (Loss: 0.0003)
[===========                             ]: 9658 (Loss: 0.0001)
[===========                             ]: 9659 (Loss: 0.0005)
[============                            ]: 9660 (Loss: 0.0006)
[============                            ]: 9661 (Loss: 0.0002)
[============                            ]: 9662 (Loss: 0.0004)
[============                            ]: 9663 (Loss: 0.0006)
[============                            ]: 9664 (Loss: 0.0001)
[=============                           ]: 9665 (Loss: 0.0001)
[=============                           ]: 9666 (Loss: 0.0002)
[=============                           ]: 9667 (Loss: 0.0002)
[=============                           ]: 9668 (Loss: 0.0543)
[=============                           ]: 9669 (Loss: 0.0000)
[==============                          ]: 9670 (Loss: 0.0001)
[==============                          ]: 9671 (Loss: 0.0000)
[==============                          ]: 9672 (Loss: 0.0002)
[==============                          ]: 9673 (Loss: 0.0004)
[==============                          ]: 9674 (Loss: 7.7194)
[===============                         ]: 9675 (Loss: 0.0000)
[===============                         ]: 9676 (Loss: 0.0001)
[===============                         ]: 9677 (Loss: 0.0006)
[===============                         ]: 9678 (Loss: 6.6867)
[===============                         ]: 9679 (Loss: 0.0057)
[================                        ]: 9680 (Loss: 0.0024)
[================                        ]: 9681 (Loss: 0.0015)
[================                        ]: 9682 (Loss: 0.0022)
[================                        ]: 9683 (Loss: 0.0002)
[================                        ]: 9684 (Loss: 0.0009)
[=================                       ]: 9685 (Loss: 0.0026)
[=================                       ]: 9686 (Loss: 0.0050)
[=================                       ]: 9687 (Loss: 0.0007)
[=================                       ]: 9688 (Loss: 0.0005)
[=================                       ]: 9689 (Loss: 0.0000)
[==================                      ]: 9690 (Loss: 0.0000)
[==================                      ]: 9691 (Loss: 0.0048)
[==================                      ]: 9692 (Loss: 0.0053)
[==================                      ]: 9693 (Loss: 0.0001)
[==================                      ]: 9694 (Loss: 0.0066)
[===================                     ]: 9695 (Loss: 0.0006)
[===================                     ]: 9696 (Loss: 0.0008)
[===================                     ]: 9697 (Loss: 0.0024)
[===================                     ]: 9698 (Loss: 0.0017)
[===================                     ]: 9699 (Loss: 0.0007)
[====================                    ]: 9700 (Loss: 0.0001)
[====================                    ]: 9701 (Loss: 0.0044)
[====================                    ]: 9702 (Loss: 0.0029)
[====================                    ]: 9703 (Loss: 0.0028)
[====================                    ]: 9704 (Loss: 0.0015)
[=====================                   ]: 9705 (Loss: 0.0000)
[=====================                   ]: 9706 (Loss: 0.0078)
[=====================                   ]: 9707 (Loss: 0.0032)
[=====================                   ]: 9708 (Loss: 0.0019)
[=====================                   ]: 9709 (Loss: 0.0082)
[======================                  ]: 9710 (Loss: 0.0215)
[======================                  ]: 9711 (Loss: 0.0007)
[======================                  ]: 9712 (Loss: 0.0015)
[======================                  ]: 9713 (Loss: 0.0000)
[======================                  ]: 9714 (Loss: 0.0014)
[=======================                 ]: 9715 (Loss: 0.0003)
[=======================                 ]: 9716 (Loss: 0.0013)
[=======================                 ]: 9717 (Loss: 0.0007)
[=======================                 ]: 9718 (Loss: 0.0002)
[=======================                 ]: 9719 (Loss: 0.0007)
[========================                ]: 9720 (Loss: 0.0024)
[========================                ]: 9721 (Loss: 0.0012)
[========================                ]: 9722 (Loss: 0.0014)
[========================                ]: 9723 (Loss: 0.0005)
[========================                ]: 9724 (Loss: 0.0006)
[=========================               ]: 9725 (Loss: 0.0004)
[=========================               ]: 9726 (Loss: 0.0007)
[=========================               ]: 9727 (Loss: 0.0001)
[=========================               ]: 9728 (Loss: 0.0001)
[=========================               ]: 9729 (Loss: 0.0006)
[==========================              ]: 9730 (Loss: 0.0007)
[==========================              ]: 9731 (Loss: 0.0000)
[==========================              ]: 9732 (Loss: 0.0005)
[==========================              ]: 9733 (Loss: 0.0011)
[==========================              ]: 9734 (Loss: 0.0010)
[===========================             ]: 9735 (Loss: 0.0001)
[===========================             ]: 9736 (Loss: 0.0013)
[===========================             ]: 9737 (Loss: 0.0001)
[===========================             ]: 9738 (Loss: 0.0011)
[===========================             ]: 9739 (Loss: 0.0002)
[============================            ]: 9740 (Loss: 0.0002)
[============================            ]: 9741 (Loss: 0.0003)
[============================            ]: 9742 (Loss: 0.0003)
[============================            ]: 9743 (Loss: 0.0003)
[============================            ]: 9744 (Loss: 0.0003)
[=============================           ]: 9745 (Loss: 0.0000)
[=============================           ]: 9746 (Loss: 0.0000)
[=============================           ]: 9747 (Loss: 0.0001)
[=============================           ]: 9748 (Loss: 0.0009)
[=============================           ]: 9749 (Loss: 0.0002)
[==============================          ]: 9750 (Loss: 0.0000)
[==============================          ]: 9751 (Loss: 0.0001)
[==============================          ]: 9752 (Loss: 0.0003)
[==============================          ]: 9753 (Loss: 0.0001)
[==============================          ]: 9754 (Loss: 0.0001)
[===============================         ]: 9755 (Loss: 0.0005)
[===============================         ]: 9756 (Loss: 0.0001)
[===============================         ]: 9757 (Loss: 0.0008)
[===============================         ]: 9758 (Loss: 0.0011)
[===============================         ]: 9759 (Loss: 0.0003)
[================================        ]: 9760 (Loss: 0.0003)
[================================        ]: 9761 (Loss: 0.0007)
[================================        ]: 9762 (Loss: 0.0010)
[================================        ]: 9763 (Loss: 0.0005)
[================================        ]: 9764 (Loss: 0.0001)
[=================================       ]: 9765 (Loss: 0.0002)
[=================================       ]: 9766 (Loss: 0.0001)
[=================================       ]: 9767 (Loss: 0.0004)
[=================================       ]: 9768 (Loss: 0.0006)
[=================================       ]: 9769 (Loss: 0.0006)
[==================================      ]: 9770 (Loss: 0.0051)
[==================================      ]: 9771 (Loss: 0.0005)
[==================================      ]: 9772 (Loss: 0.0001)
[==================================      ]: 9773 (Loss: 0.0002)
[==================================      ]: 9774 (Loss: 0.0002)
[===================================     ]: 9775 (Loss: 0.0002)
[===================================     ]: 9776 (Loss: 0.0002)
[===================================     ]: 9777 (Loss: 0.0008)
[===================================     ]: 9778 (Loss: 0.0001)
[===================================     ]: 9779 (Loss: 0.0006)
[====================================    ]: 9780 (Loss: 0.0010)
[====================================    ]: 9781 (Loss: 0.0002)
[====================================    ]: 9782 (Loss: 0.0021)
[====================================    ]: 9783 (Loss: 0.0006)
[====================================    ]: 9784 (Loss: 0.0001)
[=====================================   ]: 9785 (Loss: 0.0004)
[=====================================   ]: 9786 (Loss: 0.0013)
[=====================================   ]: 9787 (Loss: 0.0002)
[=====================================   ]: 9788 (Loss: 0.0001)
[=====================================   ]: 9789 (Loss: 0.0003)
[======================================  ]: 9790 (Loss: 0.0003)
[======================================  ]: 9791 (Loss: 0.0003)
[======================================  ]: 9792 (Loss: 0.0003)
[======================================  ]: 9793 (Loss: 0.0017)
[======================================  ]: 9794 (Loss: 0.0004)
[======================================= ]: 9795 (Loss: 0.0001)
[======================================= ]: 9796 (Loss: 0.0003)
[======================================= ]: 9797 (Loss: 0.0007)
[======================================= ]: 9798 (Loss: 0.0008)
[======================================= ]: 9799 (Loss: 0.0002)
[========================================]: 9800 (Loss: 0.0002)
                                                                                                    
[2026-07-17 08:58:41,620] [INFO] [__main__] Batch 9800 Loss: 0.073303 Cost: 0.76 Time: 128 ms/sequence
[2026-07-17 08:58:41,626] [INFO] [__main__] Advice weight norm: 22.449856 | Advice gradient norm: 0.001985

[                                        ]: 9801 (Loss: 0.0019)
[                                        ]: 9802 (Loss: 0.0003)
[                                        ]: 9803 (Loss: 0.0004)
[                                        ]: 9804 (Loss: 0.0003)
[=                                       ]: 9805 (Loss: 0.0017)
[=                                       ]: 9806 (Loss: 0.0002)
[=                                       ]: 9807 (Loss: 0.0003)
[=                                       ]: 9808 (Loss: 0.0006)
[=                                       ]: 9809 (Loss: 0.0001)
[==                                      ]: 9810 (Loss: 0.0002)
[==                                      ]: 9811 (Loss: 0.0007)
[==                                      ]: 9812 (Loss: 0.0006)
[==                                      ]: 9813 (Loss: 0.0001)
[==                                      ]: 9814 (Loss: 0.0005)
[===                                     ]: 9815 (Loss: 0.0001)
[===                                     ]: 9816 (Loss: 0.0002)
[===                                     ]: 9817 (Loss: 0.0002)
[===                                     ]: 9818 (Loss: 0.0002)
[===                                     ]: 9819 (Loss: 0.0000)
[====                                    ]: 9820 (Loss: 0.0003)
[====                                    ]: 9821 (Loss: 0.0000)
[====                                    ]: 9822 (Loss: 0.0000)
[====                                    ]: 9823 (Loss: 0.0005)
[====                                    ]: 9824 (Loss: 0.0001)
[=====                                   ]: 9825 (Loss: 0.0050)
[=====                                   ]: 9826 (Loss: 0.0004)
[=====                                   ]: 9827 (Loss: 0.0001)
[=====                                   ]: 9828 (Loss: 0.0001)
[=====                                   ]: 9829 (Loss: 0.0005)
[======                                  ]: 9830 (Loss: 0.0002)
[======                                  ]: 9831 (Loss: 0.0004)
[======                                  ]: 9832 (Loss: 0.0003)
[======                                  ]: 9833 (Loss: 0.0003)
[======                                  ]: 9834 (Loss: 0.0002)
[=======                                 ]: 9835 (Loss: 0.0009)
[=======                                 ]: 9836 (Loss: 0.0000)
[=======                                 ]: 9837 (Loss: 0.0005)
[=======                                 ]: 9838 (Loss: 0.0047)
[=======                                 ]: 9839 (Loss: 0.0029)
[========                                ]: 9840 (Loss: 0.0002)
[========                                ]: 9841 (Loss: 0.0001)
[========                                ]: 9842 (Loss: 0.0000)
[========                                ]: 9843 (Loss: 0.0001)
[========                                ]: 9844 (Loss: 0.0001)
[=========                               ]: 9845 (Loss: 0.0005)
[=========                               ]: 9846 (Loss: 0.0001)
[=========                               ]: 9847 (Loss: 0.0004)
[=========                               ]: 9848 (Loss: 0.0003)
[=========                               ]: 9849 (Loss: 0.0006)
[==========                              ]: 9850 (Loss: 0.0005)
[==========                              ]: 9851 (Loss: 0.0014)
[==========                              ]: 9852 (Loss: 0.0002)
[==========                              ]: 9853 (Loss: 0.0005)
[==========                              ]: 9854 (Loss: 0.0004)
[===========                             ]: 9855 (Loss: 0.0001)
[===========                             ]: 9856 (Loss: 0.0003)
[===========                             ]: 9857 (Loss: 0.0002)
[===========                             ]: 9858 (Loss: 0.0001)
[===========                             ]: 9859 (Loss: 0.0009)
[============                            ]: 9860 (Loss: 0.0002)
[============                            ]: 9861 (Loss: 0.0001)
[============                            ]: 9862 (Loss: 0.0001)
[============                            ]: 9863 (Loss: 0.0003)
[============                            ]: 9864 (Loss: 0.0002)
[=============                           ]: 9865 (Loss: 0.0001)
[=============                           ]: 9866 (Loss: 0.0001)
[=============                           ]: 9867 (Loss: 0.0002)
[=============                           ]: 9868 (Loss: 0.0001)
[=============                           ]: 9869 (Loss: 0.0002)
[==============                          ]: 9870 (Loss: 0.0002)
[==============                          ]: 9871 (Loss: 0.0000)
[==============                          ]: 9872 (Loss: 0.0002)
[==============                          ]: 9873 (Loss: 0.0006)
[==============                          ]: 9874 (Loss: 0.0001)
[===============                         ]: 9875 (Loss: 0.0000)
[===============                         ]: 9876 (Loss: 0.0002)
[===============                         ]: 9877 (Loss: 0.0001)
[===============                         ]: 9878 (Loss: 0.0001)
[===============                         ]: 9879 (Loss: 0.0002)
[================                        ]: 9880 (Loss: 0.0001)
[================                        ]: 9881 (Loss: 0.0000)
[================                        ]: 9882 (Loss: 0.0001)
[================                        ]: 9883 (Loss: 0.0001)
[================                        ]: 9884 (Loss: 0.0010)
[=================                       ]: 9885 (Loss: 0.0005)
[=================                       ]: 9886 (Loss: 0.0000)
[=================                       ]: 9887 (Loss: 0.0001)
[=================                       ]: 9888 (Loss: 0.0000)
[=================                       ]: 9889 (Loss: 0.0001)
[==================                      ]: 9890 (Loss: 0.0002)
[==================                      ]: 9891 (Loss: 0.0001)
[==================                      ]: 9892 (Loss: 0.0002)
[==================                      ]: 9893 (Loss: 0.0002)
[==================                      ]: 9894 (Loss: 0.0001)
[===================                     ]: 9895 (Loss: 0.0002)
[===================                     ]: 9896 (Loss: 0.0001)
[===================                     ]: 9897 (Loss: 0.0003)
[===================                     ]: 9898 (Loss: 0.0001)
[===================                     ]: 9899 (Loss: 0.0002)
[====================                    ]: 9900 (Loss: 0.0001)
[====================                    ]: 9901 (Loss: 0.0000)
[====================                    ]: 9902 (Loss: 0.0000)
[====================                    ]: 9903 (Loss: 0.0001)
[====================                    ]: 9904 (Loss: 0.0000)
[=====================                   ]: 9905 (Loss: 0.0001)
[=====================                   ]: 9906 (Loss: 0.0001)
[=====================                   ]: 9907 (Loss: 0.0001)
[=====================                   ]: 9908 (Loss: 0.0001)
[=====================                   ]: 9909 (Loss: 0.0004)
[======================                  ]: 9910 (Loss: 0.0001)
[======================                  ]: 9911 (Loss: 0.0001)
[======================                  ]: 9912 (Loss: 0.0006)
[======================                  ]: 9913 (Loss: 0.0004)
[======================                  ]: 9914 (Loss: 0.0002)
[=======================                 ]: 9915 (Loss: 0.0000)
[=======================                 ]: 9916 (Loss: 0.0001)
[=======================                 ]: 9917 (Loss: 0.0002)
[=======================                 ]: 9918 (Loss: 0.0000)
[=======================                 ]: 9919 (Loss: 0.0002)
[========================                ]: 9920 (Loss: 0.0002)
[========================                ]: 9921 (Loss: 0.0002)
[========================                ]: 9922 (Loss: 0.0001)
[========================                ]: 9923 (Loss: 0.0000)
[========================                ]: 9924 (Loss: 0.0000)
[=========================               ]: 9925 (Loss: 0.0000)
[=========================               ]: 9926 (Loss: 0.0001)
[=========================               ]: 9927 (Loss: 0.0000)
[=========================               ]: 9928 (Loss: 0.0001)
[=========================               ]: 9929 (Loss: 0.0000)
[==========================              ]: 9930 (Loss: 0.0001)
[==========================              ]: 9931 (Loss: 0.0000)
[==========================              ]: 9932 (Loss: 0.0000)
[==========================              ]: 9933 (Loss: 0.0001)
[==========================              ]: 9934 (Loss: 0.0000)
[===========================             ]: 9935 (Loss: 0.0000)
[===========================             ]: 9936 (Loss: 0.0001)
[===========================             ]: 9937 (Loss: 0.0001)
[===========================             ]: 9938 (Loss: 0.0001)
[===========================             ]: 9939 (Loss: 0.0001)
[============================            ]: 9940 (Loss: 0.0003)
[============================            ]: 9941 (Loss: 0.0010)
[============================            ]: 9942 (Loss: 0.0002)
[============================            ]: 9943 (Loss: 0.0001)
[============================            ]: 9944 (Loss: 0.0001)
[=============================           ]: 9945 (Loss: 0.0001)
[=============================           ]: 9946 (Loss: 0.0001)
[=============================           ]: 9947 (Loss: 0.0002)
[=============================           ]: 9948 (Loss: 0.0001)
[=============================           ]: 9949 (Loss: 0.0000)
[==============================          ]: 9950 (Loss: 0.0000)
[==============================          ]: 9951 (Loss: 0.0001)
[==============================          ]: 9952 (Loss: 0.0002)
[==============================          ]: 9953 (Loss: 0.0002)
[==============================          ]: 9954 (Loss: 0.0000)
[===============================         ]: 9955 (Loss: 0.0000)
[===============================         ]: 9956 (Loss: 0.0001)
[===============================         ]: 9957 (Loss: 0.0002)
[===============================         ]: 9958 (Loss: 0.0000)
[===============================         ]: 9959 (Loss: 0.0001)
[================================        ]: 9960 (Loss: 0.0000)
[================================        ]: 9961 (Loss: 0.0000)
[================================        ]: 9962 (Loss: 0.0002)
[================================        ]: 9963 (Loss: 0.0001)
[================================        ]: 9964 (Loss: 0.0000)
[=================================       ]: 9965 (Loss: 0.0000)
[=================================       ]: 9966 (Loss: 0.0001)
[=================================       ]: 9967 (Loss: 0.0002)
[=================================       ]: 9968 (Loss: 0.0001)
[=================================       ]: 9969 (Loss: 0.0001)
[==================================      ]: 9970 (Loss: 0.0002)
[==================================      ]: 9971 (Loss: 0.0000)
[==================================      ]: 9972 (Loss: 0.0000)
[==================================      ]: 9973 (Loss: 0.0001)
[==================================      ]: 9974 (Loss: 0.0000)
[===================================     ]: 9975 (Loss: 0.0001)
[===================================     ]: 9976 (Loss: 0.0003)
[===================================     ]: 9977 (Loss: 0.0000)
[===================================     ]: 9978 (Loss: 0.0000)
[===================================     ]: 9979 (Loss: 0.0000)
[====================================    ]: 9980 (Loss: 0.0004)
[====================================    ]: 9981 (Loss: 0.0001)
[====================================    ]: 9982 (Loss: 0.0000)
[====================================    ]: 9983 (Loss: 0.0001)
[====================================    ]: 9984 (Loss: 0.0001)
[=====================================   ]: 9985 (Loss: 0.0002)
[=====================================   ]: 9986 (Loss: 0.0008)
[=====================================   ]: 9987 (Loss: 0.0001)
[=====================================   ]: 9988 (Loss: 0.0001)
[=====================================   ]: 9989 (Loss: 0.0000)
[======================================  ]: 9990 (Loss: 0.0001)
[======================================  ]: 9991 (Loss: 0.0001)
[======================================  ]: 9992 (Loss: 0.0002)
[======================================  ]: 9993 (Loss: 0.0000)
[======================================  ]: 9994 (Loss: 0.0001)
[======================================= ]: 9995 (Loss: 0.0003)
[======================================= ]: 9996 (Loss: 0.0000)
[======================================= ]: 9997 (Loss: 0.0001)
[======================================= ]: 9998 (Loss: 0.0003)
[======================================= ]: 9999 (Loss: 0.0001)
[========================================]: 10000 (Loss: 0.0001)
                                                                                                    
[2026-07-17 08:59:02,156] [INFO] [__main__] Batch 10000 Loss: 0.000265 Cost: 0.00 Time: 102 ms/sequence
[2026-07-17 08:59:02,161] [INFO] [__main__] Advice weight norm: 22.486094 | Advice gradient norm: 0.002029

                                                                                                    
[2026-07-17 08:59:02,162] [INFO] [__main__] Saving checkpoint to 'runs\copy_advice_sweep\copy\combined\seed_1002\checkpoint-batch-00010000.pt'

[                                        ]: 10001 (Loss: 0.0001)
[                                        ]: 10002 (Loss: 0.0001)
[                                        ]: 10003 (Loss: 0.0003)
[                                        ]: 10004 (Loss: 0.0001)
[=                                       ]: 10005 (Loss: 0.0000)
[=                                       ]: 10006 (Loss: 0.0001)
[=                                       ]: 10007 (Loss: 0.0001)
[=                                       ]: 10008 (Loss: 0.0001)
[=                                       ]: 10009 (Loss: 0.0001)
[==                                      ]: 10010 (Loss: 0.0000)
[==                                      ]: 10011 (Loss: 0.0004)
[==                                      ]: 10012 (Loss: 0.0001)
[==                                      ]: 10013 (Loss: 0.0001)
[==                                      ]: 10014 (Loss: 0.0001)
[===                                     ]: 10015 (Loss: 0.0001)
[===                                     ]: 10016 (Loss: 0.0000)
[===                                     ]: 10017 (Loss: 0.0000)
[===                                     ]: 10018 (Loss: 0.0000)
[===                                     ]: 10019 (Loss: 0.0002)
[====                                    ]: 10020 (Loss: 0.0000)
[====                                    ]: 10021 (Loss: 0.0000)
[====                                    ]: 10022 (Loss: 0.0004)
[====                                    ]: 10023 (Loss: 0.0001)
[====                                    ]: 10024 (Loss: 0.0001)
[=====                                   ]: 10025 (Loss: 0.0000)
[=====                                   ]: 10026 (Loss: 0.0000)
[=====                                   ]: 10027 (Loss: 0.0005)
[=====                                   ]: 10028 (Loss: 0.0002)
[=====                                   ]: 10029 (Loss: 0.0012)
[======                                  ]: 10030 (Loss: 0.0006)
[======                                  ]: 10031 (Loss: 0.0001)
[======                                  ]: 10032 (Loss: 0.0004)
[======                                  ]: 10033 (Loss: 0.0001)
[======                                  ]: 10034 (Loss: 0.0004)
[=======                                 ]: 10035 (Loss: 0.0001)
[=======                                 ]: 10036 (Loss: 0.0003)
[=======                                 ]: 10037 (Loss: 0.0000)
[=======                                 ]: 10038 (Loss: 0.0008)
[=======                                 ]: 10039 (Loss: 0.0003)
[========                                ]: 10040 (Loss: 0.0000)
[========                                ]: 10041 (Loss: 0.0001)
[========                                ]: 10042 (Loss: 0.0001)
[========                                ]: 10043 (Loss: 0.0002)
[========                                ]: 10044 (Loss: 0.0001)
[=========                               ]: 10045 (Loss: 0.0008)
[=========                               ]: 10046 (Loss: 0.0000)
[=========                               ]: 10047 (Loss: 0.0001)
[=========                               ]: 10048 (Loss: 0.0004)
[=========                               ]: 10049 (Loss: 0.0000)
[==========                              ]: 10050 (Loss: 0.0000)
[==========                              ]: 10051 (Loss: 0.0000)
[==========                              ]: 10052 (Loss: 0.0001)
[==========                              ]: 10053 (Loss: 0.0000)
[==========                              ]: 10054 (Loss: 0.0001)
[===========                             ]: 10055 (Loss: 0.0003)
[===========                             ]: 10056 (Loss: 0.0001)
[===========                             ]: 10057 (Loss: 0.0002)
[===========                             ]: 10058 (Loss: 0.0002)
[===========                             ]: 10059 (Loss: 0.0004)
[============                            ]: 10060 (Loss: 0.0001)
[============                            ]: 10061 (Loss: 0.0000)
[============                            ]: 10062 (Loss: 0.0000)
[============                            ]: 10063 (Loss: 0.0001)
[============                            ]: 10064 (Loss: 0.0000)
[=============                           ]: 10065 (Loss: 0.0001)
[=============                           ]: 10066 (Loss: 0.0000)
[=============                           ]: 10067 (Loss: 0.0001)
[=============                           ]: 10068 (Loss: 0.0002)
[=============                           ]: 10069 (Loss: 0.0001)
[==============                          ]: 10070 (Loss: 0.0001)
[==============                          ]: 10071 (Loss: 0.0002)
[==============                          ]: 10072 (Loss: 0.0001)
[==============                          ]: 10073 (Loss: 0.0001)
[==============                          ]: 10074 (Loss: 0.0000)
[===============                         ]: 10075 (Loss: 0.0002)
[===============                         ]: 10076 (Loss: 0.0001)
[===============                         ]: 10077 (Loss: 0.0003)
[===============                         ]: 10078 (Loss: 0.0003)
[===============                         ]: 10079 (Loss: 0.0000)
[================                        ]: 10080 (Loss: 0.0003)
[================                        ]: 10081 (Loss: 0.0000)
[================                        ]: 10082 (Loss: 0.0002)
[================                        ]: 10083 (Loss: 0.0001)
[================                        ]: 10084 (Loss: 0.0001)
[=================                       ]: 10085 (Loss: 0.0001)
[=================                       ]: 10086 (Loss: 0.0001)
[=================                       ]: 10087 (Loss: 0.0001)
[=================                       ]: 10088 (Loss: 0.0011)
[=================                       ]: 10089 (Loss: 0.0001)
[==================                      ]: 10090 (Loss: 0.0000)
[==================                      ]: 10091 (Loss: 0.0000)
[==================                      ]: 10092 (Loss: 0.0001)
[==================                      ]: 10093 (Loss: 0.0000)
[==================                      ]: 10094 (Loss: 0.0000)
[===================                     ]: 10095 (Loss: 0.0002)
[===================                     ]: 10096 (Loss: 0.0008)
[===================                     ]: 10097 (Loss: 0.0000)
[===================                     ]: 10098 (Loss: 0.0000)
[===================                     ]: 10099 (Loss: 0.0001)
[====================                    ]: 10100 (Loss: 0.0001)
[====================                    ]: 10101 (Loss: 0.0000)
[====================                    ]: 10102 (Loss: 0.0001)
[====================                    ]: 10103 (Loss: 0.0006)
[====================                    ]: 10104 (Loss: 0.0007)
[=====================                   ]: 10105 (Loss: 0.0001)
[=====================                   ]: 10106 (Loss: 0.0001)
[=====================                   ]: 10107 (Loss: 0.0001)
[=====================                   ]: 10108 (Loss: 0.0003)
[=====================                   ]: 10109 (Loss: 0.0000)
[======================                  ]: 10110 (Loss: 0.0000)
[======================                  ]: 10111 (Loss: 0.0001)
[======================                  ]: 10112 (Loss: 0.0006)
[======================                  ]: 10113 (Loss: 0.0008)
[======================                  ]: 10114 (Loss: 0.0001)
[=======================                 ]: 10115 (Loss: 0.0002)
[=======================                 ]: 10116 (Loss: 0.0000)
[=======================                 ]: 10117 (Loss: 0.0003)
[=======================                 ]: 10118 (Loss: 0.0000)
[=======================                 ]: 10119 (Loss: 0.0002)
[========================                ]: 10120 (Loss: 0.0000)
[========================                ]: 10121 (Loss: 0.0001)
[========================                ]: 10122 (Loss: 0.0000)
[========================                ]: 10123 (Loss: 0.0002)
[========================                ]: 10124 (Loss: 0.0000)
[=========================               ]: 10125 (Loss: 0.0004)
[=========================               ]: 10126 (Loss: 0.0005)
[=========================               ]: 10127 (Loss: 0.0000)
[=========================               ]: 10128 (Loss: 0.0000)
[=========================               ]: 10129 (Loss: 0.0001)
[==========================              ]: 10130 (Loss: 0.0001)
[==========================              ]: 10131 (Loss: 0.0002)
[==========================              ]: 10132 (Loss: 0.0004)
[==========================              ]: 10133 (Loss: 0.0002)
[==========================              ]: 10134 (Loss: 0.0002)
[===========================             ]: 10135 (Loss: 0.0000)
[===========================             ]: 10136 (Loss: 0.0000)
[===========================             ]: 10137 (Loss: 0.0000)
[===========================             ]: 10138 (Loss: 0.0000)
[===========================             ]: 10139 (Loss: 0.0001)
[============================            ]: 10140 (Loss: 0.0000)
[============================            ]: 10141 (Loss: 0.0002)
[============================            ]: 10142 (Loss: 0.0002)
[============================            ]: 10143 (Loss: 0.0000)
[============================            ]: 10144 (Loss: 0.0001)
[=============================           ]: 10145 (Loss: 0.0001)
[=============================           ]: 10146 (Loss: 0.0000)
[=============================           ]: 10147 (Loss: 0.0001)
[=============================           ]: 10148 (Loss: 0.0002)
[=============================           ]: 10149 (Loss: 0.0000)
[==============================          ]: 10150 (Loss: 0.0058)
[==============================          ]: 10151 (Loss: 0.0001)
[==============================          ]: 10152 (Loss: 0.0001)
[==============================          ]: 10153 (Loss: 0.0000)
[==============================          ]: 10154 (Loss: 0.0001)
[===============================         ]: 10155 (Loss: 0.0003)
[===============================         ]: 10156 (Loss: 0.0009)
[===============================         ]: 10157 (Loss: 0.0002)
[===============================         ]: 10158 (Loss: 0.0001)
[===============================         ]: 10159 (Loss: 0.0000)
[================================        ]: 10160 (Loss: 0.0013)
[================================        ]: 10161 (Loss: 0.0002)
[================================        ]: 10162 (Loss: 0.0003)
[================================        ]: 10163 (Loss: 0.0004)
[================================        ]: 10164 (Loss: 0.0001)
[=================================       ]: 10165 (Loss: 0.0001)
[=================================       ]: 10166 (Loss: 0.0000)
[=================================       ]: 10167 (Loss: 0.0001)
[=================================       ]: 10168 (Loss: 0.0000)
[=================================       ]: 10169 (Loss: 0.0006)
[==================================      ]: 10170 (Loss: 0.0000)
[==================================      ]: 10171 (Loss: 0.0001)
[==================================      ]: 10172 (Loss: 0.0001)
[==================================      ]: 10173 (Loss: 0.0005)
[==================================      ]: 10174 (Loss: 0.0000)
[===================================     ]: 10175 (Loss: 0.0001)
[===================================     ]: 10176 (Loss: 0.0001)
[===================================     ]: 10177 (Loss: 0.0001)
[===================================     ]: 10178 (Loss: 0.0000)
[===================================     ]: 10179 (Loss: 0.0006)
[====================================    ]: 10180 (Loss: 0.0000)
[====================================    ]: 10181 (Loss: 0.0000)
[====================================    ]: 10182 (Loss: 0.0002)
[====================================    ]: 10183 (Loss: 0.0001)
[====================================    ]: 10184 (Loss: 0.0000)
[=====================================   ]: 10185 (Loss: 0.0001)
[=====================================   ]: 10186 (Loss: 0.0000)
[=====================================   ]: 10187 (Loss: 0.0004)
[=====================================   ]: 10188 (Loss: 0.0000)
[=====================================   ]: 10189 (Loss: 0.0001)
[======================================  ]: 10190 (Loss: 0.0001)
[======================================  ]: 10191 (Loss: 0.0000)
[======================================  ]: 10192 (Loss: 0.0001)
[======================================  ]: 10193 (Loss: 0.0000)
[======================================  ]: 10194 (Loss: 0.0003)
[======================================= ]: 10195 (Loss: 0.0000)
[======================================= ]: 10196 (Loss: 0.0001)
[======================================= ]: 10197 (Loss: 0.0001)
[======================================= ]: 10198 (Loss: 0.0001)
[======================================= ]: 10199 (Loss: 0.0001)
[========================================]: 10200 (Loss: 0.0000)
                                                                                                    
[2026-07-17 08:59:22,563] [INFO] [__main__] Batch 10200 Loss: 0.000192 Cost: 0.00 Time: 102 ms/sequence
[2026-07-17 08:59:22,569] [INFO] [__main__] Advice weight norm: 22.521196 | Advice gradient norm: 0.000149
