[2026-07-16 22:03:50,286] [INFO] [__main__] Using seed=1000
[2026-07-16 22:03:51,771] [INFO] [__main__] Training for the **copy** task
[2026-07-16 22:03:51,773] [INFO] [__main__] CopyTaskParams(name='copy-task', controller_size=100, controller_layers=1, num_heads=1, sequence_width=8, sequence_min_len=5, sequence_max_len=5, memory_n=128, memory_m=20, num_batches=5000, batch_size=1, rmsprop_lr=0.0001, rmsprop_momentum=0.9, rmsprop_alpha=0.95, advice_type='combined', advice_size=16, advice_strength=1.0, advice_random_seed=1729)
[2026-07-16 22:03:56,662] [INFO] [__main__] Total number of parameters: 69260
[2026-07-16 22:03:56,663] [INFO] [__main__] Training model for 5000 batches (batch_size=1)...

[                                        ]: 1 (Loss: 0.7117)
[                                        ]: 2 (Loss: 0.7001)
[=                                       ]: 3 (Loss: 0.6961)
[=                                       ]: 4 (Loss: 0.7024)
[==                                      ]: 5 (Loss: 0.7178)
[==                                      ]: 6 (Loss: 0.7130)
[==                                      ]: 7 (Loss: 0.6968)
[===                                     ]: 8 (Loss: 0.7040)
[===                                     ]: 9 (Loss: 0.6874)
[====                                    ]: 10 (Loss: 0.6944)
[====                                    ]: 11 (Loss: 0.6939)
[====                                    ]: 12 (Loss: 0.6969)
[=====                                   ]: 13 (Loss: 0.6583)
[=====                                   ]: 14 (Loss: 0.6853)
[======                                  ]: 15 (Loss: 0.6929)
[======                                  ]: 16 (Loss: 0.6775)
[======                                  ]: 17 (Loss: 0.6730)
[=======                                 ]: 18 (Loss: 0.7173)
[=======                                 ]: 19 (Loss: 0.7237)
[========                                ]: 20 (Loss: 0.7239)
[========                                ]: 21 (Loss: 0.6841)
[========                                ]: 22 (Loss: 0.6814)
[=========                               ]: 23 (Loss: 0.6641)
[=========                               ]: 24 (Loss: 0.7026)
[==========                              ]: 25 (Loss: 0.7118)
[==========                              ]: 26 (Loss: 0.6974)
[==========                              ]: 27 (Loss: 0.7030)
[===========                             ]: 28 (Loss: 0.6852)
[===========                             ]: 29 (Loss: 0.6693)
[============                            ]: 30 (Loss: 0.6966)
[============                            ]: 31 (Loss: 0.7018)
[============                            ]: 32 (Loss: 0.6768)
[=============                           ]: 33 (Loss: 0.7012)
[=============                           ]: 34 (Loss: 0.7133)
[==============                          ]: 35 (Loss: 0.6962)
[==============                          ]: 36 (Loss: 0.7065)
[==============                          ]: 37 (Loss: 0.6860)
[===============                         ]: 38 (Loss: 0.6860)
[===============                         ]: 39 (Loss: 0.6818)
[================                        ]: 40 (Loss: 0.6930)
[================                        ]: 41 (Loss: 0.6716)
[================                        ]: 42 (Loss: 0.7120)
[=================                       ]: 43 (Loss: 0.6635)
[=================                       ]: 44 (Loss: 0.7197)
[==================                      ]: 45 (Loss: 0.6644)
[==================                      ]: 46 (Loss: 0.6935)
[==================                      ]: 47 (Loss: 0.6677)
[===================                     ]: 48 (Loss: 0.7066)
[===================                     ]: 49 (Loss: 0.6797)
[====================                    ]: 50 (Loss: 0.6665)
[====================                    ]: 51 (Loss: 0.6527)
[====================                    ]: 52 (Loss: 0.6538)
[=====================                   ]: 53 (Loss: 0.6805)
[=====================                   ]: 54 (Loss: 0.6478)
[======================                  ]: 55 (Loss: 0.6835)
[======================                  ]: 56 (Loss: 0.6413)
[======================                  ]: 57 (Loss: 0.6906)
[=======================                 ]: 58 (Loss: 0.6885)
[=======================                 ]: 59 (Loss: 0.7117)
[========================                ]: 60 (Loss: 0.6278)
[========================                ]: 61 (Loss: 0.6769)
[========================                ]: 62 (Loss: 0.6490)
[=========================               ]: 63 (Loss: 0.6914)
[=========================               ]: 64 (Loss: 0.7098)
[==========================              ]: 65 (Loss: 0.6962)
[==========================              ]: 66 (Loss: 0.7046)
[==========================              ]: 67 (Loss: 0.6991)
[===========================             ]: 68 (Loss: 0.6802)
[===========================             ]: 69 (Loss: 0.6623)
[============================            ]: 70 (Loss: 0.6733)
[============================            ]: 71 (Loss: 0.6624)
[============================            ]: 72 (Loss: 0.6899)
[=============================           ]: 73 (Loss: 0.6545)
[=============================           ]: 74 (Loss: 0.6615)
[==============================          ]: 75 (Loss: 0.6687)
[==============================          ]: 76 (Loss: 0.6528)
[==============================          ]: 77 (Loss: 0.6644)
[===============================         ]: 78 (Loss: 0.6681)
[===============================         ]: 79 (Loss: 0.7010)
[================================        ]: 80 (Loss: 0.6523)
[================================        ]: 81 (Loss: 0.6696)
[================================        ]: 82 (Loss: 0.6789)
[=================================       ]: 83 (Loss: 0.6658)
[=================================       ]: 84 (Loss: 0.6752)
[==================================      ]: 85 (Loss: 0.6473)
[==================================      ]: 86 (Loss: 0.6435)
[==================================      ]: 87 (Loss: 0.6259)
[===================================     ]: 88 (Loss: 0.6482)
[===================================     ]: 89 (Loss: 0.6835)
[====================================    ]: 90 (Loss: 0.6588)
[====================================    ]: 91 (Loss: 0.6316)
[====================================    ]: 92 (Loss: 0.7062)
[=====================================   ]: 93 (Loss: 0.6697)
[=====================================   ]: 94 (Loss: 0.6744)
[======================================  ]: 95 (Loss: 0.6994)
[======================================  ]: 96 (Loss: 0.6773)
[======================================  ]: 97 (Loss: 0.6625)
[======================================= ]: 98 (Loss: 0.6554)
[======================================= ]: 99 (Loss: 0.6636)
[========================================]: 100 (Loss: 0.6435)
                                                                                                    
[2026-07-16 22:04:17,083] [INFO] [__main__] Batch 100 Loss: 0.681266 Cost: 17.87 Time: 204 ms/sequence
[2026-07-16 22:04:17,083] [INFO] [__main__] Advice weight norm: 19.247875 | Advice gradient norm: 0.065075

[                                        ]: 101 (Loss: 0.7031)
[                                        ]: 102 (Loss: 0.6386)
[=                                       ]: 103 (Loss: 0.6913)
[=                                       ]: 104 (Loss: 0.6526)
[==                                      ]: 105 (Loss: 0.6809)
[==                                      ]: 106 (Loss: 0.6783)
[==                                      ]: 107 (Loss: 0.6849)
[===                                     ]: 108 (Loss: 0.6644)
[===                                     ]: 109 (Loss: 0.6757)
[====                                    ]: 110 (Loss: 0.6539)
[====                                    ]: 111 (Loss: 0.7030)
[====                                    ]: 112 (Loss: 0.6367)
[=====                                   ]: 113 (Loss: 0.6389)
[=====                                   ]: 114 (Loss: 0.6817)
[======                                  ]: 115 (Loss: 0.6669)
[======                                  ]: 116 (Loss: 0.6747)
[======                                  ]: 117 (Loss: 0.6640)
[=======                                 ]: 118 (Loss: 0.6616)
[=======                                 ]: 119 (Loss: 0.6931)
[========                                ]: 120 (Loss: 0.6407)
[========                                ]: 121 (Loss: 0.6580)
[========                                ]: 122 (Loss: 0.6687)
[=========                               ]: 123 (Loss: 0.6931)
[=========                               ]: 124 (Loss: 0.6737)
[==========                              ]: 125 (Loss: 0.6407)
[==========                              ]: 126 (Loss: 0.6287)
[==========                              ]: 127 (Loss: 0.6433)
[===========                             ]: 128 (Loss: 0.6693)
[===========                             ]: 129 (Loss: 0.6412)
[============                            ]: 130 (Loss: 0.6706)
[============                            ]: 131 (Loss: 0.6429)
[============                            ]: 132 (Loss: 0.6556)
[=============                           ]: 133 (Loss: 0.5903)
[=============                           ]: 134 (Loss: 0.6601)
[==============                          ]: 135 (Loss: 0.6918)
[==============                          ]: 136 (Loss: 0.6481)
[==============                          ]: 137 (Loss: 0.6371)
[===============                         ]: 138 (Loss: 0.6594)
[===============                         ]: 139 (Loss: 0.6814)
[================                        ]: 140 (Loss: 0.6472)
[================                        ]: 141 (Loss: 0.6658)
[================                        ]: 142 (Loss: 0.6398)
[=================                       ]: 143 (Loss: 0.5811)
[=================                       ]: 144 (Loss: 0.6773)
[==================                      ]: 145 (Loss: 0.6449)
[==================                      ]: 146 (Loss: 0.6248)
[==================                      ]: 147 (Loss: 0.6546)
[===================                     ]: 148 (Loss: 0.6454)
[===================                     ]: 149 (Loss: 0.6608)
[====================                    ]: 150 (Loss: 0.6031)
[====================                    ]: 151 (Loss: 0.6103)
[====================                    ]: 152 (Loss: 0.6356)
[=====================                   ]: 153 (Loss: 0.6349)
[=====================                   ]: 154 (Loss: 0.6262)
[======================                  ]: 155 (Loss: 0.6523)
[======================                  ]: 156 (Loss: 0.6078)
[======================                  ]: 157 (Loss: 0.5625)
[=======================                 ]: 158 (Loss: 0.6674)
[=======================                 ]: 159 (Loss: 0.6405)
[========================                ]: 160 (Loss: 0.6297)
[========================                ]: 161 (Loss: 0.6978)
[========================                ]: 162 (Loss: 0.6732)
[=========================               ]: 163 (Loss: 0.6820)
[=========================               ]: 164 (Loss: 0.6754)
[==========================              ]: 165 (Loss: 0.6504)
[==========================              ]: 166 (Loss: 0.7061)
[==========================              ]: 167 (Loss: 0.6147)
[===========================             ]: 168 (Loss: 0.7040)
[===========================             ]: 169 (Loss: 0.6102)
[============================            ]: 170 (Loss: 0.6372)
[============================            ]: 171 (Loss: 0.6023)
[============================            ]: 172 (Loss: 0.6554)
[=============================           ]: 173 (Loss: 0.6289)
[=============================           ]: 174 (Loss: 0.6587)
[==============================          ]: 175 (Loss: 0.6278)
[==============================          ]: 176 (Loss: 0.5966)
[==============================          ]: 177 (Loss: 0.6243)
[===============================         ]: 178 (Loss: 0.6191)
[===============================         ]: 179 (Loss: 0.6658)
[================================        ]: 180 (Loss: 0.6044)
[================================        ]: 181 (Loss: 0.7045)
[================================        ]: 182 (Loss: 0.6346)
[=================================       ]: 183 (Loss: 0.6929)
[=================================       ]: 184 (Loss: 0.6788)
[==================================      ]: 185 (Loss: 0.6420)
[==================================      ]: 186 (Loss: 0.6457)
[==================================      ]: 187 (Loss: 0.6619)
[===================================     ]: 188 (Loss: 0.6289)
[===================================     ]: 189 (Loss: 0.6865)
[====================================    ]: 190 (Loss: 0.6226)
[====================================    ]: 191 (Loss: 0.5772)
[====================================    ]: 192 (Loss: 0.7163)
[=====================================   ]: 193 (Loss: 0.6595)
[=====================================   ]: 194 (Loss: 0.6134)
[======================================  ]: 195 (Loss: 0.5894)
[======================================  ]: 196 (Loss: 0.6017)
[======================================  ]: 197 (Loss: 0.6808)
[======================================= ]: 198 (Loss: 0.6733)
[======================================= ]: 199 (Loss: 0.6400)
[========================================]: 200 (Loss: 0.6583)
                                                                                                    
[2026-07-16 22:04:37,252] [INFO] [__main__] Batch 200 Loss: 0.650941 Cost: 15.17 Time: 201 ms/sequence
[2026-07-16 22:04:37,252] [INFO] [__main__] Advice weight norm: 19.242018 | Advice gradient norm: 0.216621

[                                        ]: 201 (Loss: 0.6830)
[                                        ]: 202 (Loss: 0.6383)
[=                                       ]: 203 (Loss: 0.6537)
[=                                       ]: 204 (Loss: 0.6085)
[==                                      ]: 205 (Loss: 0.6247)
[==                                      ]: 206 (Loss: 0.6469)
[==                                      ]: 207 (Loss: 0.6143)
[===                                     ]: 208 (Loss: 0.6483)
[===                                     ]: 209 (Loss: 0.6378)
[====                                    ]: 210 (Loss: 0.6773)
[====                                    ]: 211 (Loss: 0.5699)
[====                                    ]: 212 (Loss: 0.6312)
[=====                                   ]: 213 (Loss: 0.6539)
[=====                                   ]: 214 (Loss: 0.6298)
[======                                  ]: 215 (Loss: 0.5988)
[======                                  ]: 216 (Loss: 0.6229)
[======                                  ]: 217 (Loss: 0.6551)
[=======                                 ]: 218 (Loss: 0.6606)
[=======                                 ]: 219 (Loss: 0.6604)
[========                                ]: 220 (Loss: 0.6460)
[========                                ]: 221 (Loss: 0.6335)
[========                                ]: 222 (Loss: 0.5799)
[=========                               ]: 223 (Loss: 0.6342)
[=========                               ]: 224 (Loss: 0.6643)
[==========                              ]: 225 (Loss: 0.6004)
[==========                              ]: 226 (Loss: 0.6756)
[==========                              ]: 227 (Loss: 0.5934)
[===========                             ]: 228 (Loss: 0.5391)
[===========                             ]: 229 (Loss: 0.6519)
[============                            ]: 230 (Loss: 0.6003)
[============                            ]: 231 (Loss: 0.6518)
[============                            ]: 232 (Loss: 0.6727)
[=============                           ]: 233 (Loss: 0.6456)
[=============                           ]: 234 (Loss: 0.6434)
[==============                          ]: 235 (Loss: 0.6396)
[==============                          ]: 236 (Loss: 0.6687)
[==============                          ]: 237 (Loss: 0.6272)
[===============                         ]: 238 (Loss: 0.5794)
[===============                         ]: 239 (Loss: 0.6765)
[================                        ]: 240 (Loss: 0.5360)
[================                        ]: 241 (Loss: 0.6319)
[================                        ]: 242 (Loss: 0.6815)
[=================                       ]: 243 (Loss: 0.6031)
[=================                       ]: 244 (Loss: 0.6619)
[==================                      ]: 245 (Loss: 0.6549)
[==================                      ]: 246 (Loss: 0.6309)
[==================                      ]: 247 (Loss: 0.6623)
[===================                     ]: 248 (Loss: 0.5628)
[===================                     ]: 249 (Loss: 0.6413)
[====================                    ]: 250 (Loss: 0.6635)
[====================                    ]: 251 (Loss: 0.6070)
[====================                    ]: 252 (Loss: 0.6153)
[=====================                   ]: 253 (Loss: 0.5853)
[=====================                   ]: 254 (Loss: 0.6184)
[======================                  ]: 255 (Loss: 0.6282)
[======================                  ]: 256 (Loss: 0.6024)
[======================                  ]: 257 (Loss: 0.6307)
[=======================                 ]: 258 (Loss: 0.5812)
[=======================                 ]: 259 (Loss: 0.6053)
[========================                ]: 260 (Loss: 0.6365)
[========================                ]: 261 (Loss: 0.5673)
[========================                ]: 262 (Loss: 0.6211)
[=========================               ]: 263 (Loss: 0.6397)
[=========================               ]: 264 (Loss: 0.6293)
[==========================              ]: 265 (Loss: 0.6092)
[==========================              ]: 266 (Loss: 0.6074)
[==========================              ]: 267 (Loss: 0.6174)
[===========================             ]: 268 (Loss: 0.5683)
[===========================             ]: 269 (Loss: 0.5774)
[============================            ]: 270 (Loss: 0.6454)
[============================            ]: 271 (Loss: 0.6729)
[============================            ]: 272 (Loss: 0.6101)
[=============================           ]: 273 (Loss: 0.5775)
[=============================           ]: 274 (Loss: 0.6739)
[==============================          ]: 275 (Loss: 0.6859)
[==============================          ]: 276 (Loss: 0.5701)
[==============================          ]: 277 (Loss: 0.6220)
[===============================         ]: 278 (Loss: 0.6404)
[===============================         ]: 279 (Loss: 0.6343)
[================================        ]: 280 (Loss: 0.6242)
[================================        ]: 281 (Loss: 0.5962)
[================================        ]: 282 (Loss: 0.5674)
[=================================       ]: 283 (Loss: 0.6406)
[=================================       ]: 284 (Loss: 0.6529)
[==================================      ]: 285 (Loss: 0.6288)
[==================================      ]: 286 (Loss: 0.6289)
[==================================      ]: 287 (Loss: 0.6498)
[===================================     ]: 288 (Loss: 0.6314)
[===================================     ]: 289 (Loss: 0.6644)
[====================================    ]: 290 (Loss: 0.6387)
[====================================    ]: 291 (Loss: 0.6593)
[====================================    ]: 292 (Loss: 0.6458)
[=====================================   ]: 293 (Loss: 0.5975)
[=====================================   ]: 294 (Loss: 0.6171)
[======================================  ]: 295 (Loss: 0.5598)
[======================================  ]: 296 (Loss: 0.6705)
[======================================  ]: 297 (Loss: 0.6685)
[======================================= ]: 298 (Loss: 0.6082)
[======================================= ]: 299 (Loss: 0.6237)
[========================================]: 300 (Loss: 0.6276)
                                                                                                    
[2026-07-16 22:04:56,958] [INFO] [__main__] Batch 300 Loss: 0.627505 Cost: 14.17 Time: 197 ms/sequence
[2026-07-16 22:04:56,959] [INFO] [__main__] Advice weight norm: 19.246265 | Advice gradient norm: 0.230867

[                                        ]: 301 (Loss: 0.6182)
[                                        ]: 302 (Loss: 0.6427)
[=                                       ]: 303 (Loss: 0.5967)
[=                                       ]: 304 (Loss: 0.6323)
[==                                      ]: 305 (Loss: 0.6219)
[==                                      ]: 306 (Loss: 0.5968)
[==                                      ]: 307 (Loss: 0.6247)
[===                                     ]: 308 (Loss: 0.6275)
[===                                     ]: 309 (Loss: 0.6070)
[====                                    ]: 310 (Loss: 0.5899)
[====                                    ]: 311 (Loss: 0.6763)
[====                                    ]: 312 (Loss: 0.6429)
[=====                                   ]: 313 (Loss: 0.6576)
[=====                                   ]: 314 (Loss: 0.6544)
[======                                  ]: 315 (Loss: 0.6476)
[======                                  ]: 316 (Loss: 0.5966)
[======                                  ]: 317 (Loss: 0.6198)
[=======                                 ]: 318 (Loss: 0.5764)
[=======                                 ]: 319 (Loss: 0.6434)
[========                                ]: 320 (Loss: 0.6478)
[========                                ]: 321 (Loss: 0.5937)
[========                                ]: 322 (Loss: 0.6045)
[=========                               ]: 323 (Loss: 0.6438)
[=========                               ]: 324 (Loss: 0.5943)
[==========                              ]: 325 (Loss: 0.5621)
[==========                              ]: 326 (Loss: 0.5943)
[==========                              ]: 327 (Loss: 0.6361)
[===========                             ]: 328 (Loss: 0.5752)
[===========                             ]: 329 (Loss: 0.6020)
[============                            ]: 330 (Loss: 0.5960)
[============                            ]: 331 (Loss: 0.5431)
[============                            ]: 332 (Loss: 0.5964)
[=============                           ]: 333 (Loss: 0.6984)
[=============                           ]: 334 (Loss: 0.5864)
[==============                          ]: 335 (Loss: 0.6107)
[==============                          ]: 336 (Loss: 0.6360)
[==============                          ]: 337 (Loss: 0.5913)
[===============                         ]: 338 (Loss: 0.6691)
[===============                         ]: 339 (Loss: 0.5805)
[================                        ]: 340 (Loss: 0.6011)
[================                        ]: 341 (Loss: 0.6065)
[================                        ]: 342 (Loss: 0.6361)
[=================                       ]: 343 (Loss: 0.5980)
[=================                       ]: 344 (Loss: 0.6945)
[==================                      ]: 345 (Loss: 0.6037)
[==================                      ]: 346 (Loss: 0.5837)
[==================                      ]: 347 (Loss: 0.6228)
[===================                     ]: 348 (Loss: 0.6559)
[===================                     ]: 349 (Loss: 0.6208)
[====================                    ]: 350 (Loss: 0.6107)
[====================                    ]: 351 (Loss: 0.6814)
[====================                    ]: 352 (Loss: 0.5779)
[=====================                   ]: 353 (Loss: 0.5796)
[=====================                   ]: 354 (Loss: 0.6264)
[======================                  ]: 355 (Loss: 0.6114)
[======================                  ]: 356 (Loss: 0.6407)
[======================                  ]: 357 (Loss: 0.5774)
[=======================                 ]: 358 (Loss: 0.6015)
[=======================                 ]: 359 (Loss: 0.5478)
[========================                ]: 360 (Loss: 0.6181)
[========================                ]: 361 (Loss: 0.5298)
[========================                ]: 362 (Loss: 0.5378)
[=========================               ]: 363 (Loss: 0.6041)
[=========================               ]: 364 (Loss: 0.5787)
[==========================              ]: 365 (Loss: 0.4846)
[==========================              ]: 366 (Loss: 0.6278)
[==========================              ]: 367 (Loss: 0.5236)
[===========================             ]: 368 (Loss: 0.6024)
[===========================             ]: 369 (Loss: 0.6272)
[============================            ]: 370 (Loss: 0.5905)
[============================            ]: 371 (Loss: 0.6246)
[============================            ]: 372 (Loss: 0.6160)
[=============================           ]: 373 (Loss: 0.5684)
[=============================           ]: 374 (Loss: 0.6298)
[==============================          ]: 375 (Loss: 0.5826)
[==============================          ]: 376 (Loss: 0.6626)
[==============================          ]: 377 (Loss: 0.6191)
[===============================         ]: 378 (Loss: 0.6747)
[===============================         ]: 379 (Loss: 0.5741)
[================================        ]: 380 (Loss: 0.6316)
[================================        ]: 381 (Loss: 0.6201)
[================================        ]: 382 (Loss: 0.5789)
[=================================       ]: 383 (Loss: 0.5836)
[=================================       ]: 384 (Loss: 0.5813)
[==================================      ]: 385 (Loss: 0.6261)
[==================================      ]: 386 (Loss: 0.5562)
[==================================      ]: 387 (Loss: 0.6156)
[===================================     ]: 388 (Loss: 0.5604)
[===================================     ]: 389 (Loss: 0.5810)
[====================================    ]: 390 (Loss: 0.6154)
[====================================    ]: 391 (Loss: 0.6248)
[====================================    ]: 392 (Loss: 0.6377)
[=====================================   ]: 393 (Loss: 0.6340)
[=====================================   ]: 394 (Loss: 0.5830)
[======================================  ]: 395 (Loss: 0.6488)
[======================================  ]: 396 (Loss: 0.6606)
[======================================  ]: 397 (Loss: 0.6348)
[======================================= ]: 398 (Loss: 0.6197)
[======================================= ]: 399 (Loss: 0.6342)
[========================================]: 400 (Loss: 0.6726)
                                                                                                    
[2026-07-16 22:05:16,752] [INFO] [__main__] Batch 400 Loss: 0.610886 Cost: 13.35 Time: 197 ms/sequence
[2026-07-16 22:05:16,753] [INFO] [__main__] Advice weight norm: 19.247818 | Advice gradient norm: 0.370771

[                                        ]: 401 (Loss: 0.6354)
[                                        ]: 402 (Loss: 0.6573)
[=                                       ]: 403 (Loss: 0.5999)
[=                                       ]: 404 (Loss: 0.5933)
[==                                      ]: 405 (Loss: 0.6216)
[==                                      ]: 406 (Loss: 0.6507)
[==                                      ]: 407 (Loss: 0.5899)
[===                                     ]: 408 (Loss: 0.6015)
[===                                     ]: 409 (Loss: 0.6262)
[====                                    ]: 410 (Loss: 0.6866)
[====                                    ]: 411 (Loss: 0.5576)
[====                                    ]: 412 (Loss: 0.6520)
[=====                                   ]: 413 (Loss: 0.5973)
[=====                                   ]: 414 (Loss: 0.6477)
[======                                  ]: 415 (Loss: 0.6041)
[======                                  ]: 416 (Loss: 0.6040)
[======                                  ]: 417 (Loss: 0.6356)
[=======                                 ]: 418 (Loss: 0.5838)
[=======                                 ]: 419 (Loss: 0.6285)
[========                                ]: 420 (Loss: 0.6179)
[========                                ]: 421 (Loss: 0.6051)
[========                                ]: 422 (Loss: 0.6071)
[=========                               ]: 423 (Loss: 0.5421)
[=========                               ]: 424 (Loss: 0.6455)
[==========                              ]: 425 (Loss: 0.6297)
[==========                              ]: 426 (Loss: 0.5287)
[==========                              ]: 427 (Loss: 0.6385)
[===========                             ]: 428 (Loss: 0.6107)
[===========                             ]: 429 (Loss: 0.6431)
[============                            ]: 430 (Loss: 0.5945)
[============                            ]: 431 (Loss: 0.5825)
[============                            ]: 432 (Loss: 0.6521)
[=============                           ]: 433 (Loss: 0.6400)
[=============                           ]: 434 (Loss: 0.5890)
[==============                          ]: 435 (Loss: 0.6399)
[==============                          ]: 436 (Loss: 0.5924)
[==============                          ]: 437 (Loss: 0.5701)
[===============                         ]: 438 (Loss: 0.6132)
[===============                         ]: 439 (Loss: 0.5330)
[================                        ]: 440 (Loss: 0.6123)
[================                        ]: 441 (Loss: 0.6026)
[================                        ]: 442 (Loss: 0.5891)
[=================                       ]: 443 (Loss: 0.5795)
[=================                       ]: 444 (Loss: 0.6266)
[==================                      ]: 445 (Loss: 0.5776)
[==================                      ]: 446 (Loss: 0.5474)
[==================                      ]: 447 (Loss: 0.6062)
[===================                     ]: 448 (Loss: 0.6455)
[===================                     ]: 449 (Loss: 0.5434)
[====================                    ]: 450 (Loss: 0.6022)
[====================                    ]: 451 (Loss: 0.6585)
[====================                    ]: 452 (Loss: 0.6358)
[=====================                   ]: 453 (Loss: 0.5572)
[=====================                   ]: 454 (Loss: 0.5785)
[======================                  ]: 455 (Loss: 0.5378)
[======================                  ]: 456 (Loss: 0.6805)
[======================                  ]: 457 (Loss: 0.7032)
[=======================                 ]: 458 (Loss: 0.6109)
[=======================                 ]: 459 (Loss: 0.5924)
[========================                ]: 460 (Loss: 0.6519)
[========================                ]: 461 (Loss: 0.5540)
[========================                ]: 462 (Loss: 0.6199)
[=========================               ]: 463 (Loss: 0.6183)
[=========================               ]: 464 (Loss: 0.6270)
[==========================              ]: 465 (Loss: 0.5823)
[==========================              ]: 466 (Loss: 0.6346)
[==========================              ]: 467 (Loss: 0.5242)
[===========================             ]: 468 (Loss: 0.6260)
[===========================             ]: 469 (Loss: 0.5277)
[============================            ]: 470 (Loss: 0.6273)
[============================            ]: 471 (Loss: 0.5974)
[============================            ]: 472 (Loss: 0.5401)
[=============================           ]: 473 (Loss: 0.6020)
[=============================           ]: 474 (Loss: 0.5361)
[==============================          ]: 475 (Loss: 0.6164)
[==============================          ]: 476 (Loss: 0.5775)
[==============================          ]: 477 (Loss: 0.5697)
[===============================         ]: 478 (Loss: 0.5947)
[===============================         ]: 479 (Loss: 0.6369)
[================================        ]: 480 (Loss: 0.5672)
[================================        ]: 481 (Loss: 0.6040)
[================================        ]: 482 (Loss: 0.6013)
[=================================       ]: 483 (Loss: 0.5559)
[=================================       ]: 484 (Loss: 0.5517)
[==================================      ]: 485 (Loss: 0.4746)
[==================================      ]: 486 (Loss: 0.5967)
[==================================      ]: 487 (Loss: 0.5762)
[===================================     ]: 488 (Loss: 0.6487)
[===================================     ]: 489 (Loss: 0.6272)
[====================================    ]: 490 (Loss: 0.6613)
[====================================    ]: 491 (Loss: 0.6127)
[====================================    ]: 492 (Loss: 0.6657)
[=====================================   ]: 493 (Loss: 0.5937)
[=====================================   ]: 494 (Loss: 0.5786)
[======================================  ]: 495 (Loss: 0.5168)
[======================================  ]: 496 (Loss: 0.5850)
[======================================  ]: 497 (Loss: 0.6451)
[======================================= ]: 498 (Loss: 0.6097)
[======================================= ]: 499 (Loss: 0.6667)
[========================================]: 500 (Loss: 0.6730)
                                                                                                    
[2026-07-16 22:05:36,535] [INFO] [__main__] Batch 500 Loss: 0.604106 Cost: 13.13 Time: 197 ms/sequence
[2026-07-16 22:05:36,535] [INFO] [__main__] Advice weight norm: 19.243961 | Advice gradient norm: 0.304750

[                                        ]: 501 (Loss: 0.6024)
[                                        ]: 502 (Loss: 0.6031)
[=                                       ]: 503 (Loss: 0.5646)
[=                                       ]: 504 (Loss: 0.5336)
[==                                      ]: 505 (Loss: 0.5837)
[==                                      ]: 506 (Loss: 0.5654)
[==                                      ]: 507 (Loss: 0.5510)
[===                                     ]: 508 (Loss: 0.6089)
[===                                     ]: 509 (Loss: 0.5339)
[====                                    ]: 510 (Loss: 0.6267)
[====                                    ]: 511 (Loss: 0.5930)
[====                                    ]: 512 (Loss: 0.6391)
[=====                                   ]: 513 (Loss: 0.5645)
[=====                                   ]: 514 (Loss: 0.6106)
[======                                  ]: 515 (Loss: 0.6515)
[======                                  ]: 516 (Loss: 0.6176)
[======                                  ]: 517 (Loss: 0.5818)
[=======                                 ]: 518 (Loss: 0.5679)
[=======                                 ]: 519 (Loss: 0.5375)
[========                                ]: 520 (Loss: 0.5993)
[========                                ]: 521 (Loss: 0.6284)
[========                                ]: 522 (Loss: 0.5960)
[=========                               ]: 523 (Loss: 0.5659)
[=========                               ]: 524 (Loss: 0.6045)
[==========                              ]: 525 (Loss: 0.5898)
[==========                              ]: 526 (Loss: 0.6586)
[==========                              ]: 527 (Loss: 0.6062)
[===========                             ]: 528 (Loss: 0.5916)
[===========                             ]: 529 (Loss: 0.6536)
[============                            ]: 530 (Loss: 0.5833)
[============                            ]: 531 (Loss: 0.6077)
[============                            ]: 532 (Loss: 0.6370)
[=============                           ]: 533 (Loss: 0.6557)
[=============                           ]: 534 (Loss: 0.6023)
[==============                          ]: 535 (Loss: 0.5789)
[==============                          ]: 536 (Loss: 0.5774)
[==============                          ]: 537 (Loss: 0.5381)
[===============                         ]: 538 (Loss: 0.5815)
[===============                         ]: 539 (Loss: 0.6468)
[================                        ]: 540 (Loss: 0.5681)
[================                        ]: 541 (Loss: 0.4789)
[================                        ]: 542 (Loss: 0.5419)
[=================                       ]: 543 (Loss: 0.5687)
[=================                       ]: 544 (Loss: 0.5865)
[==================                      ]: 545 (Loss: 0.5553)
[==================                      ]: 546 (Loss: 0.5724)
[==================                      ]: 547 (Loss: 0.6331)
[===================                     ]: 548 (Loss: 0.6073)
[===================                     ]: 549 (Loss: 0.5652)
[====================                    ]: 550 (Loss: 0.5745)
[====================                    ]: 551 (Loss: 0.6263)
[====================                    ]: 552 (Loss: 0.5672)
[=====================                   ]: 553 (Loss: 0.5861)
[=====================                   ]: 554 (Loss: 0.6146)
[======================                  ]: 555 (Loss: 0.7263)
[======================                  ]: 556 (Loss: 0.6471)
[======================                  ]: 557 (Loss: 0.5840)
[=======================                 ]: 558 (Loss: 0.5781)
[=======================                 ]: 559 (Loss: 0.6271)
[========================                ]: 560 (Loss: 0.5384)
[========================                ]: 561 (Loss: 0.6137)
[========================                ]: 562 (Loss: 0.5182)
[=========================               ]: 563 (Loss: 0.6141)
[=========================               ]: 564 (Loss: 0.5849)
[==========================              ]: 565 (Loss: 0.5400)
[==========================              ]: 566 (Loss: 0.5733)
[==========================              ]: 567 (Loss: 0.6048)
[===========================             ]: 568 (Loss: 0.5556)
[===========================             ]: 569 (Loss: 0.5349)
[============================            ]: 570 (Loss: 0.5836)
[============================            ]: 571 (Loss: 0.6070)
[============================            ]: 572 (Loss: 0.5803)
[=============================           ]: 573 (Loss: 0.6948)
[=============================           ]: 574 (Loss: 0.5746)
[==============================          ]: 575 (Loss: 0.5142)
[==============================          ]: 576 (Loss: 0.5688)
[==============================          ]: 577 (Loss: 0.5501)
[===============================         ]: 578 (Loss: 0.5607)
[===============================         ]: 579 (Loss: 0.6283)
[================================        ]: 580 (Loss: 0.5536)
[================================        ]: 581 (Loss: 0.5693)
[================================        ]: 582 (Loss: 0.5560)
[=================================       ]: 583 (Loss: 0.5828)
[=================================       ]: 584 (Loss: 0.5841)
[==================================      ]: 585 (Loss: 0.6366)
[==================================      ]: 586 (Loss: 0.5201)
[==================================      ]: 587 (Loss: 0.6097)
[===================================     ]: 588 (Loss: 0.5849)
[===================================     ]: 589 (Loss: 0.6350)
[====================================    ]: 590 (Loss: 0.6285)
[====================================    ]: 591 (Loss: 0.4709)
[====================================    ]: 592 (Loss: 0.5876)
[=====================================   ]: 593 (Loss: 0.6291)
[=====================================   ]: 594 (Loss: 0.6237)
[======================================  ]: 595 (Loss: 0.6543)
[======================================  ]: 596 (Loss: 0.5089)
[======================================  ]: 597 (Loss: 0.5743)
[======================================= ]: 598 (Loss: 0.6146)
[======================================= ]: 599 (Loss: 0.5890)
[========================================]: 600 (Loss: 0.5847)
                                                                                                    
[2026-07-16 22:05:50,979] [INFO] [__main__] Batch 600 Loss: 0.588860 Cost: 12.87 Time: 144 ms/sequence
[2026-07-16 22:05:50,979] [INFO] [__main__] Advice weight norm: 19.240261 | Advice gradient norm: 0.385525

[                                        ]: 601 (Loss: 0.5958)
[                                        ]: 602 (Loss: 0.5684)
[=                                       ]: 603 (Loss: 0.4923)
[=                                       ]: 604 (Loss: 0.5796)
[==                                      ]: 605 (Loss: 0.4910)
[==                                      ]: 606 (Loss: 0.5107)
[==                                      ]: 607 (Loss: 0.5965)
[===                                     ]: 608 (Loss: 0.6621)
[===                                     ]: 609 (Loss: 0.5625)
[====                                    ]: 610 (Loss: 0.6495)
[====                                    ]: 611 (Loss: 0.5987)
[====                                    ]: 612 (Loss: 0.5499)
[=====                                   ]: 613 (Loss: 0.6316)
[=====                                   ]: 614 (Loss: 0.5996)
[======                                  ]: 615 (Loss: 0.5887)
[======                                  ]: 616 (Loss: 0.5843)
[======                                  ]: 617 (Loss: 0.5558)
[=======                                 ]: 618 (Loss: 0.5871)
[=======                                 ]: 619 (Loss: 0.5044)
[========                                ]: 620 (Loss: 0.6153)
[========                                ]: 621 (Loss: 0.5531)
[========                                ]: 622 (Loss: 0.6141)
[=========                               ]: 623 (Loss: 0.5446)
[=========                               ]: 624 (Loss: 0.5193)
[==========                              ]: 625 (Loss: 0.5543)
[==========                              ]: 626 (Loss: 0.5190)
[==========                              ]: 627 (Loss: 0.6327)
[===========                             ]: 628 (Loss: 0.6113)
[===========                             ]: 629 (Loss: 0.5722)
[============                            ]: 630 (Loss: 0.5096)
[============                            ]: 631 (Loss: 0.6009)
[============                            ]: 632 (Loss: 0.5333)
[=============                           ]: 633 (Loss: 0.5832)
[=============                           ]: 634 (Loss: 0.6047)
[==============                          ]: 635 (Loss: 0.5836)
[==============                          ]: 636 (Loss: 0.5968)
[==============                          ]: 637 (Loss: 0.6519)
[===============                         ]: 638 (Loss: 0.5495)
[===============                         ]: 639 (Loss: 0.6016)
[================                        ]: 640 (Loss: 0.6042)
[================                        ]: 641 (Loss: 0.5334)
[================                        ]: 642 (Loss: 0.6584)
[=================                       ]: 643 (Loss: 0.5898)
[=================                       ]: 644 (Loss: 0.5482)
[==================                      ]: 645 (Loss: 0.5222)
[==================                      ]: 646 (Loss: 0.5790)
[==================                      ]: 647 (Loss: 0.5917)
[===================                     ]: 648 (Loss: 0.4998)
[===================                     ]: 649 (Loss: 0.6241)
[====================                    ]: 650 (Loss: 0.6129)
[====================                    ]: 651 (Loss: 0.4765)
[====================                    ]: 652 (Loss: 0.5572)
[=====================                   ]: 653 (Loss: 0.5440)
[=====================                   ]: 654 (Loss: 0.5346)
[======================                  ]: 655 (Loss: 0.4951)
[======================                  ]: 656 (Loss: 0.5038)
[======================                  ]: 657 (Loss: 0.6186)
[=======================                 ]: 658 (Loss: 0.5749)
[=======================                 ]: 659 (Loss: 0.5635)
[========================                ]: 660 (Loss: 0.4809)
[========================                ]: 661 (Loss: 0.5664)
[========================                ]: 662 (Loss: 0.5725)
[=========================               ]: 663 (Loss: 0.5946)
[=========================               ]: 664 (Loss: 0.5357)
[==========================              ]: 665 (Loss: 0.5791)
[==========================              ]: 666 (Loss: 0.5707)
[==========================              ]: 667 (Loss: 0.4706)
[===========================             ]: 668 (Loss: 0.5385)
[===========================             ]: 669 (Loss: 0.6034)
[============================            ]: 670 (Loss: 0.5549)
[============================            ]: 671 (Loss: 0.5878)
[============================            ]: 672 (Loss: 0.5442)
[=============================           ]: 673 (Loss: 0.5730)
[=============================           ]: 674 (Loss: 0.6557)
[==============================          ]: 675 (Loss: 0.5122)
[==============================          ]: 676 (Loss: 0.5914)
[==============================          ]: 677 (Loss: 0.5281)
[===============================         ]: 678 (Loss: 0.6473)
[===============================         ]: 679 (Loss: 0.5632)
[================================        ]: 680 (Loss: 0.5446)
[================================        ]: 681 (Loss: 0.6534)
[================================        ]: 682 (Loss: 0.5988)
[=================================       ]: 683 (Loss: 0.5220)
[=================================       ]: 684 (Loss: 0.5113)
[==================================      ]: 685 (Loss: 0.5077)
[==================================      ]: 686 (Loss: 0.4635)
[==================================      ]: 687 (Loss: 0.5367)
[===================================     ]: 688 (Loss: 0.6229)
[===================================     ]: 689 (Loss: 0.5651)
[====================================    ]: 690 (Loss: 0.5987)
[====================================    ]: 691 (Loss: 0.5756)
[====================================    ]: 692 (Loss: 0.5722)
[=====================================   ]: 693 (Loss: 0.5643)
[=====================================   ]: 694 (Loss: 0.6124)
[======================================  ]: 695 (Loss: 0.5437)
[======================================  ]: 696 (Loss: 0.5562)
[======================================  ]: 697 (Loss: 0.5136)
[======================================= ]: 698 (Loss: 0.5828)
[======================================= ]: 699 (Loss: 0.5167)
[========================================]: 700 (Loss: 0.5646)
                                                                                                    
[2026-07-16 22:05:59,129] [INFO] [__main__] Batch 700 Loss: 0.566886 Cost: 11.73 Time: 81 ms/sequence
[2026-07-16 22:05:59,130] [INFO] [__main__] Advice weight norm: 19.249966 | Advice gradient norm: 0.428774

[                                        ]: 701 (Loss: 0.4455)
[                                        ]: 702 (Loss: 0.5473)
[=                                       ]: 703 (Loss: 0.5851)
[=                                       ]: 704 (Loss: 0.4735)
[==                                      ]: 705 (Loss: 0.5598)
[==                                      ]: 706 (Loss: 0.5654)
[==                                      ]: 707 (Loss: 0.5902)
[===                                     ]: 708 (Loss: 0.5500)
[===                                     ]: 709 (Loss: 0.6451)
[====                                    ]: 710 (Loss: 0.4915)
[====                                    ]: 711 (Loss: 0.6171)
[====                                    ]: 712 (Loss: 0.5358)
[=====                                   ]: 713 (Loss: 0.5055)
[=====                                   ]: 714 (Loss: 0.5388)
[======                                  ]: 715 (Loss: 0.5116)
[======                                  ]: 716 (Loss: 0.4910)
[======                                  ]: 717 (Loss: 0.4534)
[=======                                 ]: 718 (Loss: 0.5887)
[=======                                 ]: 719 (Loss: 0.5847)
[========                                ]: 720 (Loss: 0.5644)
[========                                ]: 721 (Loss: 0.4802)
[========                                ]: 722 (Loss: 0.5165)
[=========                               ]: 723 (Loss: 0.4950)
[=========                               ]: 724 (Loss: 0.5475)
[==========                              ]: 725 (Loss: 0.5142)
[==========                              ]: 726 (Loss: 0.6447)
[==========                              ]: 727 (Loss: 0.6190)
[===========                             ]: 728 (Loss: 0.6450)
[===========                             ]: 729 (Loss: 0.5474)
[============                            ]: 730 (Loss: 0.5950)
[============                            ]: 731 (Loss: 0.6522)
[============                            ]: 732 (Loss: 0.5236)
[=============                           ]: 733 (Loss: 0.5935)
[=============                           ]: 734 (Loss: 0.5139)
[==============                          ]: 735 (Loss: 0.5335)
[==============                          ]: 736 (Loss: 0.5946)
[==============                          ]: 737 (Loss: 0.6514)
[===============                         ]: 738 (Loss: 0.6189)
[===============                         ]: 739 (Loss: 0.5773)
[================                        ]: 740 (Loss: 0.5701)
[================                        ]: 741 (Loss: 0.5886)
[================                        ]: 742 (Loss: 0.5734)
[=================                       ]: 743 (Loss: 0.5810)
[=================                       ]: 744 (Loss: 0.6044)
[==================                      ]: 745 (Loss: 0.5102)
[==================                      ]: 746 (Loss: 0.5187)
[==================                      ]: 747 (Loss: 0.6538)
[===================                     ]: 748 (Loss: 0.5672)
[===================                     ]: 749 (Loss: 0.5872)
[====================                    ]: 750 (Loss: 0.6116)
[====================                    ]: 751 (Loss: 0.6156)
[====================                    ]: 752 (Loss: 0.5849)
[=====================                   ]: 753 (Loss: 0.4736)
[=====================                   ]: 754 (Loss: 0.5451)
[======================                  ]: 755 (Loss: 0.5800)
[======================                  ]: 756 (Loss: 0.5284)
[======================                  ]: 757 (Loss: 0.5939)
[=======================                 ]: 758 (Loss: 0.5810)
[=======================                 ]: 759 (Loss: 0.5290)
[========================                ]: 760 (Loss: 0.5787)
[========================                ]: 761 (Loss: 0.5461)
[========================                ]: 762 (Loss: 0.5122)
[=========================               ]: 763 (Loss: 0.6026)
[=========================               ]: 764 (Loss: 0.5517)
[==========================              ]: 765 (Loss: 0.4128)
[==========================              ]: 766 (Loss: 0.4981)
[==========================              ]: 767 (Loss: 0.4554)
[===========================             ]: 768 (Loss: 0.5712)
[===========================             ]: 769 (Loss: 0.6081)
[============================            ]: 770 (Loss: 0.5596)
[============================            ]: 771 (Loss: 0.5149)
[============================            ]: 772 (Loss: 0.5904)
[=============================           ]: 773 (Loss: 0.5177)
[=============================           ]: 774 (Loss: 0.5188)
[==============================          ]: 775 (Loss: 0.5201)
[==============================          ]: 776 (Loss: 0.6090)
[==============================          ]: 777 (Loss: 0.6146)
[===============================         ]: 778 (Loss: 0.5015)
[===============================         ]: 779 (Loss: 0.5655)
[================================        ]: 780 (Loss: 0.5527)
[================================        ]: 781 (Loss: 0.4950)
[================================        ]: 782 (Loss: 0.5710)
[=================================       ]: 783 (Loss: 0.5794)
[=================================       ]: 784 (Loss: 0.5632)
[==================================      ]: 785 (Loss: 0.5490)
[==================================      ]: 786 (Loss: 0.5888)
[==================================      ]: 787 (Loss: 0.5885)
[===================================     ]: 788 (Loss: 0.4991)
[===================================     ]: 789 (Loss: 0.5366)
[====================================    ]: 790 (Loss: 0.5810)
[====================================    ]: 791 (Loss: 0.5581)
[====================================    ]: 792 (Loss: 0.5667)
[=====================================   ]: 793 (Loss: 0.6418)
[=====================================   ]: 794 (Loss: 0.5427)
[======================================  ]: 795 (Loss: 0.5075)
[======================================  ]: 796 (Loss: 0.5183)
[======================================  ]: 797 (Loss: 0.5119)
[======================================= ]: 798 (Loss: 0.5177)
[======================================= ]: 799 (Loss: 0.5604)
[========================================]: 800 (Loss: 0.5226)
                                                                                                    
[2026-07-16 22:06:07,253] [INFO] [__main__] Batch 800 Loss: 0.555067 Cost: 11.38 Time: 81 ms/sequence
[2026-07-16 22:06:07,253] [INFO] [__main__] Advice weight norm: 19.260027 | Advice gradient norm: 0.312062

[                                        ]: 801 (Loss: 0.5630)
[                                        ]: 802 (Loss: 0.5141)
[=                                       ]: 803 (Loss: 0.6039)
[=                                       ]: 804 (Loss: 0.5506)
[==                                      ]: 805 (Loss: 0.5290)
[==                                      ]: 806 (Loss: 0.6061)
[==                                      ]: 807 (Loss: 0.4739)
[===                                     ]: 808 (Loss: 0.6583)
[===                                     ]: 809 (Loss: 0.5869)
[====                                    ]: 810 (Loss: 0.5311)
[====                                    ]: 811 (Loss: 0.5824)
[====                                    ]: 812 (Loss: 0.5886)
[=====                                   ]: 813 (Loss: 0.5292)
[=====                                   ]: 814 (Loss: 0.5261)
[======                                  ]: 815 (Loss: 0.5820)
[======                                  ]: 816 (Loss: 0.4610)
[======                                  ]: 817 (Loss: 0.6273)
[=======                                 ]: 818 (Loss: 0.5551)
[=======                                 ]: 819 (Loss: 0.5712)
[========                                ]: 820 (Loss: 0.6192)
[========                                ]: 821 (Loss: 0.5366)
[========                                ]: 822 (Loss: 0.4427)
[=========                               ]: 823 (Loss: 0.5848)
[=========                               ]: 824 (Loss: 0.5239)
[==========                              ]: 825 (Loss: 0.5644)
[==========                              ]: 826 (Loss: 0.4644)
[==========                              ]: 827 (Loss: 0.5989)
[===========                             ]: 828 (Loss: 0.4777)
[===========                             ]: 829 (Loss: 0.5818)
[============                            ]: 830 (Loss: 0.5361)
[============                            ]: 831 (Loss: 0.4768)
[============                            ]: 832 (Loss: 0.5947)
[=============                           ]: 833 (Loss: 0.5842)
[=============                           ]: 834 (Loss: 0.7020)
[==============                          ]: 835 (Loss: 0.4780)
[==============                          ]: 836 (Loss: 0.5920)
[==============                          ]: 837 (Loss: 0.5599)
[===============                         ]: 838 (Loss: 0.5451)
[===============                         ]: 839 (Loss: 0.5535)
[================                        ]: 840 (Loss: 0.5653)
[================                        ]: 841 (Loss: 0.4604)
[================                        ]: 842 (Loss: 0.4845)
[=================                       ]: 843 (Loss: 0.4912)
[=================                       ]: 844 (Loss: 0.5060)
[==================                      ]: 845 (Loss: 0.5494)
[==================                      ]: 846 (Loss: 0.5450)
[==================                      ]: 847 (Loss: 0.4897)
[===================                     ]: 848 (Loss: 0.5669)
[===================                     ]: 849 (Loss: 0.4722)
[====================                    ]: 850 (Loss: 0.5870)
[====================                    ]: 851 (Loss: 0.5280)
[====================                    ]: 852 (Loss: 0.5758)
[=====================                   ]: 853 (Loss: 0.6252)
[=====================                   ]: 854 (Loss: 0.6083)
[======================                  ]: 855 (Loss: 0.5837)
[======================                  ]: 856 (Loss: 0.5297)
[======================                  ]: 857 (Loss: 0.5248)
[=======================                 ]: 858 (Loss: 0.5851)
[=======================                 ]: 859 (Loss: 0.5778)
[========================                ]: 860 (Loss: 0.5013)
[========================                ]: 861 (Loss: 0.4586)
[========================                ]: 862 (Loss: 0.5365)
[=========================               ]: 863 (Loss: 0.5685)
[=========================               ]: 864 (Loss: 0.5600)
[==========================              ]: 865 (Loss: 0.5897)
[==========================              ]: 866 (Loss: 0.6148)
[==========================              ]: 867 (Loss: 0.5137)
[===========================             ]: 868 (Loss: 0.5768)
[===========================             ]: 869 (Loss: 0.5372)
[============================            ]: 870 (Loss: 0.6022)
[============================            ]: 871 (Loss: 0.5217)
[============================            ]: 872 (Loss: 0.6050)
[=============================           ]: 873 (Loss: 0.5602)
[=============================           ]: 874 (Loss: 0.4889)
[==============================          ]: 875 (Loss: 0.5583)
[==============================          ]: 876 (Loss: 0.4409)
[==============================          ]: 877 (Loss: 0.5539)
[===============================         ]: 878 (Loss: 0.5640)
[===============================         ]: 879 (Loss: 0.4654)
[================================        ]: 880 (Loss: 0.5189)
[================================        ]: 881 (Loss: 0.4849)
[================================        ]: 882 (Loss: 0.5397)
[=================================       ]: 883 (Loss: 0.5292)
[=================================       ]: 884 (Loss: 0.5497)
[==================================      ]: 885 (Loss: 0.5062)
[==================================      ]: 886 (Loss: 0.5566)
[==================================      ]: 887 (Loss: 0.6303)
[===================================     ]: 888 (Loss: 0.5006)
[===================================     ]: 889 (Loss: 0.4952)
[====================================    ]: 890 (Loss: 0.6068)
[====================================    ]: 891 (Loss: 0.5596)
[====================================    ]: 892 (Loss: 0.5143)
[=====================================   ]: 893 (Loss: 0.5521)
[=====================================   ]: 894 (Loss: 0.6179)
[======================================  ]: 895 (Loss: 0.5643)
[======================================  ]: 896 (Loss: 0.5266)
[======================================  ]: 897 (Loss: 0.5976)
[======================================= ]: 898 (Loss: 0.5689)
[======================================= ]: 899 (Loss: 0.6097)
[========================================]: 900 (Loss: 0.5830)
                                                                                                    
[2026-07-16 22:06:15,605] [INFO] [__main__] Batch 900 Loss: 0.549426 Cost: 11.15 Time: 83 ms/sequence
[2026-07-16 22:06:15,605] [INFO] [__main__] Advice weight norm: 19.266603 | Advice gradient norm: 0.347345

[                                        ]: 901 (Loss: 0.4661)
[                                        ]: 902 (Loss: 0.5231)
[=                                       ]: 903 (Loss: 0.5552)
[=                                       ]: 904 (Loss: 0.4669)
[==                                      ]: 905 (Loss: 0.4968)
[==                                      ]: 906 (Loss: 0.5609)
[==                                      ]: 907 (Loss: 0.6409)
[===                                     ]: 908 (Loss: 0.5127)
[===                                     ]: 909 (Loss: 0.5727)
[====                                    ]: 910 (Loss: 0.5156)
[====                                    ]: 911 (Loss: 0.5737)
[====                                    ]: 912 (Loss: 0.4830)
[=====                                   ]: 913 (Loss: 0.5740)
[=====                                   ]: 914 (Loss: 0.5809)
[======                                  ]: 915 (Loss: 0.4662)
[======                                  ]: 916 (Loss: 0.5351)
[======                                  ]: 917 (Loss: 0.5245)
[=======                                 ]: 918 (Loss: 0.6171)
[=======                                 ]: 919 (Loss: 0.6327)
[========                                ]: 920 (Loss: 0.6230)
[========                                ]: 921 (Loss: 0.4578)
[========                                ]: 922 (Loss: 0.5170)
[=========                               ]: 923 (Loss: 0.5849)
[=========                               ]: 924 (Loss: 0.5851)
[==========                              ]: 925 (Loss: 0.5460)
[==========                              ]: 926 (Loss: 0.5727)
[==========                              ]: 927 (Loss: 0.4671)
[===========                             ]: 928 (Loss: 0.5009)
[===========                             ]: 929 (Loss: 0.5081)
[============                            ]: 930 (Loss: 0.5754)
[============                            ]: 931 (Loss: 0.5160)
[============                            ]: 932 (Loss: 0.4990)
[=============                           ]: 933 (Loss: 0.5415)
[=============                           ]: 934 (Loss: 0.6401)
[==============                          ]: 935 (Loss: 0.5318)
[==============                          ]: 936 (Loss: 0.5966)
[==============                          ]: 937 (Loss: 0.5204)
[===============                         ]: 938 (Loss: 0.4808)
[===============                         ]: 939 (Loss: 0.5704)
[================                        ]: 940 (Loss: 0.5887)
[================                        ]: 941 (Loss: 0.5462)
[================                        ]: 942 (Loss: 0.6012)
[=================                       ]: 943 (Loss: 0.6180)
[=================                       ]: 944 (Loss: 0.5511)
[==================                      ]: 945 (Loss: 0.5248)
[==================                      ]: 946 (Loss: 0.5842)
[==================                      ]: 947 (Loss: 0.4899)
[===================                     ]: 948 (Loss: 0.4920)
[===================                     ]: 949 (Loss: 0.5607)
[====================                    ]: 950 (Loss: 0.5241)
[====================                    ]: 951 (Loss: 0.4977)
[====================                    ]: 952 (Loss: 0.5122)
[=====================                   ]: 953 (Loss: 0.5637)
[=====================                   ]: 954 (Loss: 0.4480)
[======================                  ]: 955 (Loss: 0.4115)
[======================                  ]: 956 (Loss: 0.6467)
[======================                  ]: 957 (Loss: 0.5171)
[=======================                 ]: 958 (Loss: 0.5369)
[=======================                 ]: 959 (Loss: 0.4973)
[========================                ]: 960 (Loss: 0.6414)
[========================                ]: 961 (Loss: 0.4998)
[========================                ]: 962 (Loss: 0.6392)
[=========================               ]: 963 (Loss: 0.6541)
[=========================               ]: 964 (Loss: 0.5111)
[==========================              ]: 965 (Loss: 0.5516)
[==========================              ]: 966 (Loss: 0.7066)
[==========================              ]: 967 (Loss: 0.4875)
[===========================             ]: 968 (Loss: 0.5889)
[===========================             ]: 969 (Loss: 0.5972)
[============================            ]: 970 (Loss: 0.5081)
[============================            ]: 971 (Loss: 0.5458)
[============================            ]: 972 (Loss: 0.4665)
[=============================           ]: 973 (Loss: 0.4712)
[=============================           ]: 974 (Loss: 0.4746)
[==============================          ]: 975 (Loss: 0.5698)
[==============================          ]: 976 (Loss: 0.5317)
[==============================          ]: 977 (Loss: 0.5594)
[===============================         ]: 978 (Loss: 0.5554)
[===============================         ]: 979 (Loss: 0.6055)
[================================        ]: 980 (Loss: 0.6218)
[================================        ]: 981 (Loss: 0.5408)
[================================        ]: 982 (Loss: 0.4722)
[=================================       ]: 983 (Loss: 0.5135)
[=================================       ]: 984 (Loss: 0.6282)
[==================================      ]: 985 (Loss: 0.6225)
[==================================      ]: 986 (Loss: 0.5603)
[==================================      ]: 987 (Loss: 0.5487)
[===================================     ]: 988 (Loss: 0.4868)
[===================================     ]: 989 (Loss: 0.5919)
[====================================    ]: 990 (Loss: 0.4762)
[====================================    ]: 991 (Loss: 0.5675)
[====================================    ]: 992 (Loss: 0.5780)
[=====================================   ]: 993 (Loss: 0.5885)
[=====================================   ]: 994 (Loss: 0.5715)
[======================================  ]: 995 (Loss: 0.5871)
[======================================  ]: 996 (Loss: 0.5659)
[======================================  ]: 997 (Loss: 0.6176)
[======================================= ]: 998 (Loss: 0.5357)
[======================================= ]: 999 (Loss: 0.4944)
[========================================]: 1000 (Loss: 0.5915)
                                                                                                    
[2026-07-16 22:06:23,718] [INFO] [__main__] Batch 1000 Loss: 0.547708 Cost: 11.50 Time: 81 ms/sequence
[2026-07-16 22:06:23,718] [INFO] [__main__] Advice weight norm: 19.280382 | Advice gradient norm: 0.480616

                                                                                                    
[2026-07-16 22:06:23,719] [INFO] [__main__] Saving checkpoint to 'runs\copy_sanity_len5\copy\combined\seed_1000\checkpoint-batch-00001000.pt'

[                                        ]: 1001 (Loss: 0.5820)
[                                        ]: 1002 (Loss: 0.5958)
[=                                       ]: 1003 (Loss: 0.4436)
[=                                       ]: 1004 (Loss: 0.4635)
[==                                      ]: 1005 (Loss: 0.5521)
[==                                      ]: 1006 (Loss: 0.5345)
[==                                      ]: 1007 (Loss: 0.5442)
[===                                     ]: 1008 (Loss: 0.5683)
[===                                     ]: 1009 (Loss: 0.5749)
[====                                    ]: 1010 (Loss: 0.5790)
[====                                    ]: 1011 (Loss: 0.6309)
[====                                    ]: 1012 (Loss: 0.5252)
[=====                                   ]: 1013 (Loss: 0.5185)
[=====                                   ]: 1014 (Loss: 0.5401)
[======                                  ]: 1015 (Loss: 0.4994)
[======                                  ]: 1016 (Loss: 0.5501)
[======                                  ]: 1017 (Loss: 0.5054)
[=======                                 ]: 1018 (Loss: 0.5130)
[=======                                 ]: 1019 (Loss: 0.6080)
[========                                ]: 1020 (Loss: 0.5402)
[========                                ]: 1021 (Loss: 0.5465)
[========                                ]: 1022 (Loss: 0.4939)
[=========                               ]: 1023 (Loss: 0.5138)
[=========                               ]: 1024 (Loss: 0.5587)
[==========                              ]: 1025 (Loss: 0.4882)
[==========                              ]: 1026 (Loss: 0.5418)
[==========                              ]: 1027 (Loss: 0.5301)
[===========                             ]: 1028 (Loss: 0.5177)
[===========                             ]: 1029 (Loss: 0.6093)
[============                            ]: 1030 (Loss: 0.5662)
[============                            ]: 1031 (Loss: 0.5434)
[============                            ]: 1032 (Loss: 0.5110)
[=============                           ]: 1033 (Loss: 0.4418)
[=============                           ]: 1034 (Loss: 0.4540)
[==============                          ]: 1035 (Loss: 0.5321)
[==============                          ]: 1036 (Loss: 0.5788)
[==============                          ]: 1037 (Loss: 0.5663)
[===============                         ]: 1038 (Loss: 0.5159)
[===============                         ]: 1039 (Loss: 0.4629)
[================                        ]: 1040 (Loss: 0.5593)
[================                        ]: 1041 (Loss: 0.5548)
[================                        ]: 1042 (Loss: 0.5101)
[=================                       ]: 1043 (Loss: 0.4472)
[=================                       ]: 1044 (Loss: 0.5238)
[==================                      ]: 1045 (Loss: 0.5254)
[==================                      ]: 1046 (Loss: 0.4987)
[==================                      ]: 1047 (Loss: 0.6046)
[===================                     ]: 1048 (Loss: 0.5154)
[===================                     ]: 1049 (Loss: 0.5186)
[====================                    ]: 1050 (Loss: 0.5115)
[====================                    ]: 1051 (Loss: 0.4468)
[====================                    ]: 1052 (Loss: 0.5450)
[=====================                   ]: 1053 (Loss: 0.5294)
[=====================                   ]: 1054 (Loss: 0.5007)
[======================                  ]: 1055 (Loss: 0.5866)
[======================                  ]: 1056 (Loss: 0.5575)
[======================                  ]: 1057 (Loss: 0.5435)
[=======================                 ]: 1058 (Loss: 0.5762)
[=======================                 ]: 1059 (Loss: 0.5632)
[========================                ]: 1060 (Loss: 0.4901)
[========================                ]: 1061 (Loss: 0.6098)
[========================                ]: 1062 (Loss: 0.4990)
[=========================               ]: 1063 (Loss: 0.5317)
[=========================               ]: 1064 (Loss: 0.5730)
[==========================              ]: 1065 (Loss: 0.4753)
[==========================              ]: 1066 (Loss: 0.5517)
[==========================              ]: 1067 (Loss: 0.4754)
[===========================             ]: 1068 (Loss: 0.5094)
[===========================             ]: 1069 (Loss: 0.5703)
[============================            ]: 1070 (Loss: 0.4913)
[============================            ]: 1071 (Loss: 0.6132)
[============================            ]: 1072 (Loss: 0.5323)
[=============================           ]: 1073 (Loss: 0.4184)
[=============================           ]: 1074 (Loss: 0.5215)
[==============================          ]: 1075 (Loss: 0.4717)
[==============================          ]: 1076 (Loss: 0.4568)
[==============================          ]: 1077 (Loss: 0.5311)
[===============================         ]: 1078 (Loss: 0.5497)
[===============================         ]: 1079 (Loss: 0.5378)
[================================        ]: 1080 (Loss: 0.4847)
[================================        ]: 1081 (Loss: 0.6101)
[================================        ]: 1082 (Loss: 0.4593)
[=================================       ]: 1083 (Loss: 0.5676)
[=================================       ]: 1084 (Loss: 0.5901)
[==================================      ]: 1085 (Loss: 0.5395)
[==================================      ]: 1086 (Loss: 0.4567)
[==================================      ]: 1087 (Loss: 0.5159)
[===================================     ]: 1088 (Loss: 0.4825)
[===================================     ]: 1089 (Loss: 0.5428)
[====================================    ]: 1090 (Loss: 0.5585)
[====================================    ]: 1091 (Loss: 0.5688)
[====================================    ]: 1092 (Loss: 0.5056)
[=====================================   ]: 1093 (Loss: 0.4592)
[=====================================   ]: 1094 (Loss: 0.5026)
[======================================  ]: 1095 (Loss: 0.5299)
[======================================  ]: 1096 (Loss: 0.4434)
[======================================  ]: 1097 (Loss: 0.5845)
[======================================= ]: 1098 (Loss: 0.4731)
[======================================= ]: 1099 (Loss: 0.5669)
[========================================]: 1100 (Loss: 0.5174)
                                                                                                    
[2026-07-16 22:06:32,003] [INFO] [__main__] Batch 1100 Loss: 0.528283 Cost: 10.57 Time: 82 ms/sequence
[2026-07-16 22:06:32,004] [INFO] [__main__] Advice weight norm: 19.301403 | Advice gradient norm: 0.414985

[                                        ]: 1101 (Loss: 0.5521)
[                                        ]: 1102 (Loss: 0.5007)
[=                                       ]: 1103 (Loss: 0.5681)
[=                                       ]: 1104 (Loss: 0.5069)
[==                                      ]: 1105 (Loss: 0.6599)
[==                                      ]: 1106 (Loss: 0.5328)
[==                                      ]: 1107 (Loss: 0.5982)
[===                                     ]: 1108 (Loss: 0.4742)
[===                                     ]: 1109 (Loss: 0.5213)
[====                                    ]: 1110 (Loss: 0.5313)
[====                                    ]: 1111 (Loss: 0.5913)
[====                                    ]: 1112 (Loss: 0.6039)
[=====                                   ]: 1113 (Loss: 0.5355)
[=====                                   ]: 1114 (Loss: 0.5553)
[======                                  ]: 1115 (Loss: 0.5267)
[======                                  ]: 1116 (Loss: 0.4685)
[======                                  ]: 1117 (Loss: 0.6002)
[=======                                 ]: 1118 (Loss: 0.5134)
[=======                                 ]: 1119 (Loss: 0.6259)
[========                                ]: 1120 (Loss: 0.4632)
[========                                ]: 1121 (Loss: 0.5595)
[========                                ]: 1122 (Loss: 0.4613)
[=========                               ]: 1123 (Loss: 0.5832)
[=========                               ]: 1124 (Loss: 0.4523)
[==========                              ]: 1125 (Loss: 0.6129)
[==========                              ]: 1126 (Loss: 0.5318)
[==========                              ]: 1127 (Loss: 0.5157)
[===========                             ]: 1128 (Loss: 0.5871)
[===========                             ]: 1129 (Loss: 0.5610)
[============                            ]: 1130 (Loss: 0.5607)
[============                            ]: 1131 (Loss: 0.4555)
[============                            ]: 1132 (Loss: 0.5096)
[=============                           ]: 1133 (Loss: 0.4659)
[=============                           ]: 1134 (Loss: 0.5637)
[==============                          ]: 1135 (Loss: 0.5421)
[==============                          ]: 1136 (Loss: 0.6023)
[==============                          ]: 1137 (Loss: 0.5333)
[===============                         ]: 1138 (Loss: 0.5295)
[===============                         ]: 1139 (Loss: 0.5687)
[================                        ]: 1140 (Loss: 0.5284)
[================                        ]: 1141 (Loss: 0.5571)
[================                        ]: 1142 (Loss: 0.5262)
[=================                       ]: 1143 (Loss: 0.4880)
[=================                       ]: 1144 (Loss: 0.5807)
[==================                      ]: 1145 (Loss: 0.6073)
[==================                      ]: 1146 (Loss: 0.7029)
[==================                      ]: 1147 (Loss: 0.5745)
[===================                     ]: 1148 (Loss: 0.5022)
[===================                     ]: 1149 (Loss: 0.5158)
[====================                    ]: 1150 (Loss: 0.5673)
[====================                    ]: 1151 (Loss: 0.5238)
[====================                    ]: 1152 (Loss: 0.4832)
[=====================                   ]: 1153 (Loss: 0.5615)
[=====================                   ]: 1154 (Loss: 0.5486)
[======================                  ]: 1155 (Loss: 0.5085)
[======================                  ]: 1156 (Loss: 0.6216)
[======================                  ]: 1157 (Loss: 0.5436)
[=======================                 ]: 1158 (Loss: 0.5211)
[=======================                 ]: 1159 (Loss: 0.5463)
[========================                ]: 1160 (Loss: 0.5943)
[========================                ]: 1161 (Loss: 0.5111)
[========================                ]: 1162 (Loss: 0.5870)
[=========================               ]: 1163 (Loss: 0.4849)
[=========================               ]: 1164 (Loss: 0.5912)
[==========================              ]: 1165 (Loss: 0.5297)
[==========================              ]: 1166 (Loss: 0.4970)
[==========================              ]: 1167 (Loss: 0.5328)
[===========================             ]: 1168 (Loss: 0.4977)
[===========================             ]: 1169 (Loss: 0.5455)
[============================            ]: 1170 (Loss: 0.4886)
[============================            ]: 1171 (Loss: 0.5467)
[============================            ]: 1172 (Loss: 0.5157)
[=============================           ]: 1173 (Loss: 0.5320)
[=============================           ]: 1174 (Loss: 0.5151)
[==============================          ]: 1175 (Loss: 0.4958)
[==============================          ]: 1176 (Loss: 0.5143)
[==============================          ]: 1177 (Loss: 0.5701)
[===============================         ]: 1178 (Loss: 0.5326)
[===============================         ]: 1179 (Loss: 0.5730)
[================================        ]: 1180 (Loss: 0.5260)
[================================        ]: 1181 (Loss: 0.4886)
[================================        ]: 1182 (Loss: 0.5508)
[=================================       ]: 1183 (Loss: 0.5187)
[=================================       ]: 1184 (Loss: 0.5313)
[==================================      ]: 1185 (Loss: 0.5142)
[==================================      ]: 1186 (Loss: 0.5147)
[==================================      ]: 1187 (Loss: 0.5321)
[===================================     ]: 1188 (Loss: 0.5736)
[===================================     ]: 1189 (Loss: 0.4873)
[====================================    ]: 1190 (Loss: 0.5296)
[====================================    ]: 1191 (Loss: 0.4971)
[====================================    ]: 1192 (Loss: 0.4177)
[=====================================   ]: 1193 (Loss: 0.4886)
[=====================================   ]: 1194 (Loss: 0.5876)
[======================================  ]: 1195 (Loss: 0.5923)
[======================================  ]: 1196 (Loss: 0.5013)
[======================================  ]: 1197 (Loss: 0.4149)
[======================================= ]: 1198 (Loss: 0.4580)
[======================================= ]: 1199 (Loss: 0.6466)
[========================================]: 1200 (Loss: 0.4688)
                                                                                                    
[2026-07-16 22:06:40,485] [INFO] [__main__] Batch 1200 Loss: 0.536287 Cost: 10.91 Time: 84 ms/sequence
[2026-07-16 22:06:40,485] [INFO] [__main__] Advice weight norm: 19.310452 | Advice gradient norm: 0.582292

[                                        ]: 1201 (Loss: 0.4464)
[                                        ]: 1202 (Loss: 0.5304)
[=                                       ]: 1203 (Loss: 0.4915)
[=                                       ]: 1204 (Loss: 0.5562)
[==                                      ]: 1205 (Loss: 0.5908)
[==                                      ]: 1206 (Loss: 0.5448)
[==                                      ]: 1207 (Loss: 0.4724)
[===                                     ]: 1208 (Loss: 0.5060)
[===                                     ]: 1209 (Loss: 0.5906)
[====                                    ]: 1210 (Loss: 0.5026)
[====                                    ]: 1211 (Loss: 0.5648)
[====                                    ]: 1212 (Loss: 0.5273)
[=====                                   ]: 1213 (Loss: 0.5729)
[=====                                   ]: 1214 (Loss: 0.3813)
[======                                  ]: 1215 (Loss: 0.6227)
[======                                  ]: 1216 (Loss: 0.4371)
[======                                  ]: 1217 (Loss: 0.5206)
[=======                                 ]: 1218 (Loss: 0.5208)
[=======                                 ]: 1219 (Loss: 0.4818)
[========                                ]: 1220 (Loss: 0.4611)
[========                                ]: 1221 (Loss: 0.5427)
[========                                ]: 1222 (Loss: 0.5997)
[=========                               ]: 1223 (Loss: 0.4507)
[=========                               ]: 1224 (Loss: 0.6021)
[==========                              ]: 1225 (Loss: 0.5478)
[==========                              ]: 1226 (Loss: 0.5234)
[==========                              ]: 1227 (Loss: 0.5548)
[===========                             ]: 1228 (Loss: 0.4627)
[===========                             ]: 1229 (Loss: 0.6068)
[============                            ]: 1230 (Loss: 0.4589)
[============                            ]: 1231 (Loss: 0.4179)
[============                            ]: 1232 (Loss: 0.5160)
[=============                           ]: 1233 (Loss: 0.5212)
[=============                           ]: 1234 (Loss: 0.3992)
[==============                          ]: 1235 (Loss: 0.5656)
[==============                          ]: 1236 (Loss: 0.5679)
[==============                          ]: 1237 (Loss: 0.4796)
[===============                         ]: 1238 (Loss: 0.5607)
[===============                         ]: 1239 (Loss: 0.5023)
[================                        ]: 1240 (Loss: 0.5257)
[================                        ]: 1241 (Loss: 0.5044)
[================                        ]: 1242 (Loss: 0.6611)
[=================                       ]: 1243 (Loss: 0.5313)
[=================                       ]: 1244 (Loss: 0.5595)
[==================                      ]: 1245 (Loss: 0.5343)
[==================                      ]: 1246 (Loss: 0.5937)
[==================                      ]: 1247 (Loss: 0.5312)
[===================                     ]: 1248 (Loss: 0.5011)
[===================                     ]: 1249 (Loss: 0.5223)
[====================                    ]: 1250 (Loss: 0.6487)
[====================                    ]: 1251 (Loss: 0.5549)
[====================                    ]: 1252 (Loss: 0.4816)
[=====================                   ]: 1253 (Loss: 0.5923)
[=====================                   ]: 1254 (Loss: 0.4613)
[======================                  ]: 1255 (Loss: 0.5945)
[======================                  ]: 1256 (Loss: 0.5630)
[======================                  ]: 1257 (Loss: 0.4238)
[=======================                 ]: 1258 (Loss: 0.5519)
[=======================                 ]: 1259 (Loss: 0.4672)
[========================                ]: 1260 (Loss: 0.5386)
[========================                ]: 1261 (Loss: 0.4810)
[========================                ]: 1262 (Loss: 0.5363)
[=========================               ]: 1263 (Loss: 0.5590)
[=========================               ]: 1264 (Loss: 0.4785)
[==========================              ]: 1265 (Loss: 0.5443)
[==========================              ]: 1266 (Loss: 0.5332)
[==========================              ]: 1267 (Loss: 0.6266)
[===========================             ]: 1268 (Loss: 0.5513)
[===========================             ]: 1269 (Loss: 0.4244)
[============================            ]: 1270 (Loss: 0.4943)
[============================            ]: 1271 (Loss: 0.4880)
[============================            ]: 1272 (Loss: 0.5791)
[=============================           ]: 1273 (Loss: 0.5488)
[=============================           ]: 1274 (Loss: 0.6010)
[==============================          ]: 1275 (Loss: 0.5819)
[==============================          ]: 1276 (Loss: 0.5570)
[==============================          ]: 1277 (Loss: 0.3984)
[===============================         ]: 1278 (Loss: 0.4910)
[===============================         ]: 1279 (Loss: 0.5363)
[================================        ]: 1280 (Loss: 0.5563)
[================================        ]: 1281 (Loss: 0.5205)
[================================        ]: 1282 (Loss: 0.5272)
[=================================       ]: 1283 (Loss: 0.4678)
[=================================       ]: 1284 (Loss: 0.5787)
[==================================      ]: 1285 (Loss: 0.4821)
[==================================      ]: 1286 (Loss: 0.5516)
[==================================      ]: 1287 (Loss: 0.5318)
[===================================     ]: 1288 (Loss: 0.5262)
[===================================     ]: 1289 (Loss: 0.5408)
[====================================    ]: 1290 (Loss: 0.5214)
[====================================    ]: 1291 (Loss: 0.5852)
[====================================    ]: 1292 (Loss: 0.4497)
[=====================================   ]: 1293 (Loss: 0.5572)
[=====================================   ]: 1294 (Loss: 0.5006)
[======================================  ]: 1295 (Loss: 0.4976)
[======================================  ]: 1296 (Loss: 0.5603)
[======================================  ]: 1297 (Loss: 0.5957)
[======================================= ]: 1298 (Loss: 0.4957)
[======================================= ]: 1299 (Loss: 0.4978)
[========================================]: 1300 (Loss: 0.5555)
                                                                                                    
[2026-07-16 22:06:48,854] [INFO] [__main__] Batch 1300 Loss: 0.526540 Cost: 10.69 Time: 83 ms/sequence
[2026-07-16 22:06:48,855] [INFO] [__main__] Advice weight norm: 19.329018 | Advice gradient norm: 0.408951

[                                        ]: 1301 (Loss: 0.5444)
[                                        ]: 1302 (Loss: 0.4993)
[=                                       ]: 1303 (Loss: 0.4785)
[=                                       ]: 1304 (Loss: 0.5253)
[==                                      ]: 1305 (Loss: 0.5376)
[==                                      ]: 1306 (Loss: 0.5362)
[==                                      ]: 1307 (Loss: 0.4734)
[===                                     ]: 1308 (Loss: 0.5444)
[===                                     ]: 1309 (Loss: 0.5643)
[====                                    ]: 1310 (Loss: 0.5201)
[====                                    ]: 1311 (Loss: 0.4934)
[====                                    ]: 1312 (Loss: 0.5243)
[=====                                   ]: 1313 (Loss: 0.5163)
[=====                                   ]: 1314 (Loss: 0.4521)
[======                                  ]: 1315 (Loss: 0.5610)
[======                                  ]: 1316 (Loss: 0.5059)
[======                                  ]: 1317 (Loss: 0.4910)
[=======                                 ]: 1318 (Loss: 0.4342)
[=======                                 ]: 1319 (Loss: 0.4823)
[========                                ]: 1320 (Loss: 0.5483)
[========                                ]: 1321 (Loss: 0.5650)
[========                                ]: 1322 (Loss: 0.6296)
[=========                               ]: 1323 (Loss: 0.6150)
[=========                               ]: 1324 (Loss: 0.5464)
[==========                              ]: 1325 (Loss: 0.5305)
[==========                              ]: 1326 (Loss: 0.4565)
[==========                              ]: 1327 (Loss: 0.5021)
[===========                             ]: 1328 (Loss: 0.5407)
[===========                             ]: 1329 (Loss: 0.4312)
[============                            ]: 1330 (Loss: 0.5169)
[============                            ]: 1331 (Loss: 0.5843)
[============                            ]: 1332 (Loss: 0.5302)
[=============                           ]: 1333 (Loss: 0.4645)
[=============                           ]: 1334 (Loss: 0.3564)
[==============                          ]: 1335 (Loss: 0.5389)
[==============                          ]: 1336 (Loss: 0.5143)
[==============                          ]: 1337 (Loss: 0.5377)
[===============                         ]: 1338 (Loss: 0.5302)
[===============                         ]: 1339 (Loss: 0.4699)
[================                        ]: 1340 (Loss: 0.4991)
[================                        ]: 1341 (Loss: 0.4854)
[================                        ]: 1342 (Loss: 0.4901)
[=================                       ]: 1343 (Loss: 0.5216)
[=================                       ]: 1344 (Loss: 0.5892)
[==================                      ]: 1345 (Loss: 0.4339)
[==================                      ]: 1346 (Loss: 0.5570)
[==================                      ]: 1347 (Loss: 0.5308)
[===================                     ]: 1348 (Loss: 0.5588)
[===================                     ]: 1349 (Loss: 0.4984)
[====================                    ]: 1350 (Loss: 0.5982)
[====================                    ]: 1351 (Loss: 0.6461)
[====================                    ]: 1352 (Loss: 0.5444)
[=====================                   ]: 1353 (Loss: 0.4153)
[=====================                   ]: 1354 (Loss: 0.5045)
[======================                  ]: 1355 (Loss: 0.5309)
[======================                  ]: 1356 (Loss: 0.5355)
[======================                  ]: 1357 (Loss: 0.5242)
[=======================                 ]: 1358 (Loss: 0.5093)
[=======================                 ]: 1359 (Loss: 0.5866)
[========================                ]: 1360 (Loss: 0.4771)
[========================                ]: 1361 (Loss: 0.5048)
[========================                ]: 1362 (Loss: 0.4600)
[=========================               ]: 1363 (Loss: 0.5271)
[=========================               ]: 1364 (Loss: 0.5412)
[==========================              ]: 1365 (Loss: 0.4486)
[==========================              ]: 1366 (Loss: 0.4690)
[==========================              ]: 1367 (Loss: 0.5152)
[===========================             ]: 1368 (Loss: 0.5671)
[===========================             ]: 1369 (Loss: 0.5737)
[============================            ]: 1370 (Loss: 0.5171)
[============================            ]: 1371 (Loss: 0.4687)
[============================            ]: 1372 (Loss: 0.5654)
[=============================           ]: 1373 (Loss: 0.4359)
[=============================           ]: 1374 (Loss: 0.5283)
[==============================          ]: 1375 (Loss: 0.4482)
[==============================          ]: 1376 (Loss: 0.4406)
[==============================          ]: 1377 (Loss: 0.4989)
[===============================         ]: 1378 (Loss: 0.4788)
[===============================         ]: 1379 (Loss: 0.4678)
[================================        ]: 1380 (Loss: 0.5314)
[================================        ]: 1381 (Loss: 0.4556)
[================================        ]: 1382 (Loss: 0.4757)
[=================================       ]: 1383 (Loss: 0.5104)
[=================================       ]: 1384 (Loss: 0.4382)
[==================================      ]: 1385 (Loss: 0.5787)
[==================================      ]: 1386 (Loss: 0.4297)
[==================================      ]: 1387 (Loss: 0.5072)
[===================================     ]: 1388 (Loss: 0.5861)
[===================================     ]: 1389 (Loss: 0.5136)
[====================================    ]: 1390 (Loss: 0.4986)
[====================================    ]: 1391 (Loss: 0.5385)
[====================================    ]: 1392 (Loss: 0.4989)
[=====================================   ]: 1393 (Loss: 0.5005)
[=====================================   ]: 1394 (Loss: 0.5456)
[======================================  ]: 1395 (Loss: 0.5155)
[======================================  ]: 1396 (Loss: 0.5155)
[======================================  ]: 1397 (Loss: 0.4932)
[======================================= ]: 1398 (Loss: 0.4971)
[======================================= ]: 1399 (Loss: 0.5507)
[========================================]: 1400 (Loss: 0.5182)
                                                                                                    
[2026-07-16 22:06:56,905] [INFO] [__main__] Batch 1400 Loss: 0.512842 Cost: 10.28 Time: 80 ms/sequence
[2026-07-16 22:06:56,906] [INFO] [__main__] Advice weight norm: 19.345646 | Advice gradient norm: 0.314714

[                                        ]: 1401 (Loss: 0.4381)
[                                        ]: 1402 (Loss: 0.4801)
[=                                       ]: 1403 (Loss: 0.5366)
[=                                       ]: 1404 (Loss: 0.5114)
[==                                      ]: 1405 (Loss: 0.5720)
[==                                      ]: 1406 (Loss: 0.4339)
[==                                      ]: 1407 (Loss: 0.5023)
[===                                     ]: 1408 (Loss: 0.5915)
[===                                     ]: 1409 (Loss: 0.5124)
[====                                    ]: 1410 (Loss: 0.5274)
[====                                    ]: 1411 (Loss: 0.5192)
[====                                    ]: 1412 (Loss: 0.5117)
[=====                                   ]: 1413 (Loss: 0.5193)
[=====                                   ]: 1414 (Loss: 0.4232)
[======                                  ]: 1415 (Loss: 0.5347)
[======                                  ]: 1416 (Loss: 0.5452)
[======                                  ]: 1417 (Loss: 0.5430)
[=======                                 ]: 1418 (Loss: 0.3863)
[=======                                 ]: 1419 (Loss: 0.5617)
[========                                ]: 1420 (Loss: 0.4716)
[========                                ]: 1421 (Loss: 0.5259)
[========                                ]: 1422 (Loss: 0.5526)
[=========                               ]: 1423 (Loss: 0.4934)
[=========                               ]: 1424 (Loss: 0.5586)
[==========                              ]: 1425 (Loss: 0.5194)
[==========                              ]: 1426 (Loss: 0.5257)
[==========                              ]: 1427 (Loss: 0.3373)
[===========                             ]: 1428 (Loss: 0.5741)
[===========                             ]: 1429 (Loss: 0.6606)
[============                            ]: 1430 (Loss: 0.6265)
[============                            ]: 1431 (Loss: 0.4627)
[============                            ]: 1432 (Loss: 0.5910)
[=============                           ]: 1433 (Loss: 0.4704)
[=============                           ]: 1434 (Loss: 0.3874)
[==============                          ]: 1435 (Loss: 0.5175)
[==============                          ]: 1436 (Loss: 0.5184)
[==============                          ]: 1437 (Loss: 0.3757)
[===============                         ]: 1438 (Loss: 0.4121)
[===============                         ]: 1439 (Loss: 0.5581)
[================                        ]: 1440 (Loss: 0.4620)
[================                        ]: 1441 (Loss: 0.4565)
[================                        ]: 1442 (Loss: 0.4967)
[=================                       ]: 1443 (Loss: 0.5757)
[=================                       ]: 1444 (Loss: 0.4285)
[==================                      ]: 1445 (Loss: 0.6768)
[==================                      ]: 1446 (Loss: 0.5773)
[==================                      ]: 1447 (Loss: 0.5136)
[===================                     ]: 1448 (Loss: 0.6095)
[===================                     ]: 1449 (Loss: 0.5584)
[====================                    ]: 1450 (Loss: 0.4310)
[====================                    ]: 1451 (Loss: 0.5733)
[====================                    ]: 1452 (Loss: 0.5696)
[=====================                   ]: 1453 (Loss: 0.6360)
[=====================                   ]: 1454 (Loss: 0.4605)
[======================                  ]: 1455 (Loss: 0.5119)
[======================                  ]: 1456 (Loss: 0.4790)
[======================                  ]: 1457 (Loss: 0.5465)
[=======================                 ]: 1458 (Loss: 0.4371)
[=======================                 ]: 1459 (Loss: 0.5131)
[========================                ]: 1460 (Loss: 0.5341)
[========================                ]: 1461 (Loss: 0.4889)
[========================                ]: 1462 (Loss: 0.4013)
[=========================               ]: 1463 (Loss: 0.4861)
[=========================               ]: 1464 (Loss: 0.4832)
[==========================              ]: 1465 (Loss: 0.5147)
[==========================              ]: 1466 (Loss: 0.4938)
[==========================              ]: 1467 (Loss: 0.4531)
[===========================             ]: 1468 (Loss: 0.5229)
[===========================             ]: 1469 (Loss: 0.5799)
[============================            ]: 1470 (Loss: 0.5246)
[============================            ]: 1471 (Loss: 0.3759)
[============================            ]: 1472 (Loss: 0.4242)
[=============================           ]: 1473 (Loss: 0.4141)
[=============================           ]: 1474 (Loss: 0.5042)
[==============================          ]: 1475 (Loss: 0.5349)
[==============================          ]: 1476 (Loss: 0.5029)
[==============================          ]: 1477 (Loss: 0.5042)
[===============================         ]: 1478 (Loss: 0.4885)
[===============================         ]: 1479 (Loss: 0.4629)
[================================        ]: 1480 (Loss: 0.4323)
[================================        ]: 1481 (Loss: 0.4306)
[================================        ]: 1482 (Loss: 0.5337)
[=================================       ]: 1483 (Loss: 0.4126)
[=================================       ]: 1484 (Loss: 0.5333)
[==================================      ]: 1485 (Loss: 0.4682)
[==================================      ]: 1486 (Loss: 0.5742)
[==================================      ]: 1487 (Loss: 0.5154)
[===================================     ]: 1488 (Loss: 0.4788)
[===================================     ]: 1489 (Loss: 0.5402)
[====================================    ]: 1490 (Loss: 0.5783)
[====================================    ]: 1491 (Loss: 0.4930)
[====================================    ]: 1492 (Loss: 0.4374)
[=====================================   ]: 1493 (Loss: 0.5209)
[=====================================   ]: 1494 (Loss: 0.4643)
[======================================  ]: 1495 (Loss: 0.5220)
[======================================  ]: 1496 (Loss: 0.5199)
[======================================  ]: 1497 (Loss: 0.5287)
[======================================= ]: 1498 (Loss: 0.5676)
[======================================= ]: 1499 (Loss: 0.5318)
[========================================]: 1500 (Loss: 0.4723)
                                                                                                    
[2026-07-16 22:07:04,994] [INFO] [__main__] Batch 1500 Loss: 0.505519 Cost: 9.97 Time: 80 ms/sequence
[2026-07-16 22:07:04,995] [INFO] [__main__] Advice weight norm: 19.359484 | Advice gradient norm: 0.413901

[                                        ]: 1501 (Loss: 0.5692)
[                                        ]: 1502 (Loss: 0.4502)
[=                                       ]: 1503 (Loss: 0.4455)
[=                                       ]: 1504 (Loss: 0.4770)
[==                                      ]: 1505 (Loss: 0.5183)
[==                                      ]: 1506 (Loss: 0.4408)
[==                                      ]: 1507 (Loss: 0.5062)
[===                                     ]: 1508 (Loss: 0.4808)
[===                                     ]: 1509 (Loss: 0.4569)
[====                                    ]: 1510 (Loss: 0.4796)
[====                                    ]: 1511 (Loss: 0.3993)
[====                                    ]: 1512 (Loss: 0.5623)
[=====                                   ]: 1513 (Loss: 0.5362)
[=====                                   ]: 1514 (Loss: 0.5612)
[======                                  ]: 1515 (Loss: 0.5154)
[======                                  ]: 1516 (Loss: 0.4266)
[======                                  ]: 1517 (Loss: 0.5005)
[=======                                 ]: 1518 (Loss: 0.5632)
[=======                                 ]: 1519 (Loss: 0.4997)
[========                                ]: 1520 (Loss: 0.4513)
[========                                ]: 1521 (Loss: 0.6035)
[========                                ]: 1522 (Loss: 0.5073)
[=========                               ]: 1523 (Loss: 0.4601)
[=========                               ]: 1524 (Loss: 0.5889)
[==========                              ]: 1525 (Loss: 0.4907)
[==========                              ]: 1526 (Loss: 0.4837)
[==========                              ]: 1527 (Loss: 0.5547)
[===========                             ]: 1528 (Loss: 0.4492)
[===========                             ]: 1529 (Loss: 0.5619)
[============                            ]: 1530 (Loss: 0.5725)
[============                            ]: 1531 (Loss: 0.4728)
[============                            ]: 1532 (Loss: 0.4190)
[=============                           ]: 1533 (Loss: 0.4256)
[=============                           ]: 1534 (Loss: 0.4853)
[==============                          ]: 1535 (Loss: 0.5217)
[==============                          ]: 1536 (Loss: 0.5233)
[==============                          ]: 1537 (Loss: 0.4741)
[===============                         ]: 1538 (Loss: 0.4467)
[===============                         ]: 1539 (Loss: 0.4085)
[================                        ]: 1540 (Loss: 0.5031)
[================                        ]: 1541 (Loss: 0.5020)
[================                        ]: 1542 (Loss: 0.5835)
[=================                       ]: 1543 (Loss: 0.5089)
[=================                       ]: 1544 (Loss: 0.4434)
[==================                      ]: 1545 (Loss: 0.5259)
[==================                      ]: 1546 (Loss: 0.5095)
[==================                      ]: 1547 (Loss: 0.5114)
[===================                     ]: 1548 (Loss: 0.5998)
[===================                     ]: 1549 (Loss: 0.3674)
[====================                    ]: 1550 (Loss: 0.4656)
[====================                    ]: 1551 (Loss: 0.4873)
[====================                    ]: 1552 (Loss: 0.4740)
[=====================                   ]: 1553 (Loss: 0.5249)
[=====================                   ]: 1554 (Loss: 0.4963)
[======================                  ]: 1555 (Loss: 0.4895)
[======================                  ]: 1556 (Loss: 0.4372)
[======================                  ]: 1557 (Loss: 0.4294)
[=======================                 ]: 1558 (Loss: 0.4619)
[=======================                 ]: 1559 (Loss: 0.3686)
[========================                ]: 1560 (Loss: 0.4401)
[========================                ]: 1561 (Loss: 0.4564)
[========================                ]: 1562 (Loss: 0.3083)
[=========================               ]: 1563 (Loss: 0.6328)
[=========================               ]: 1564 (Loss: 0.5496)
[==========================              ]: 1565 (Loss: 0.5266)
[==========================              ]: 1566 (Loss: 0.5192)
[==========================              ]: 1567 (Loss: 0.5549)
[===========================             ]: 1568 (Loss: 0.4538)
[===========================             ]: 1569 (Loss: 0.4365)
[============================            ]: 1570 (Loss: 0.3759)
[============================            ]: 1571 (Loss: 0.6265)
[============================            ]: 1572 (Loss: 0.4120)
[=============================           ]: 1573 (Loss: 0.5463)
[=============================           ]: 1574 (Loss: 0.4641)
[==============================          ]: 1575 (Loss: 0.5361)
[==============================          ]: 1576 (Loss: 0.4898)
[==============================          ]: 1577 (Loss: 0.5863)
[===============================         ]: 1578 (Loss: 0.4087)
[===============================         ]: 1579 (Loss: 0.4616)
[================================        ]: 1580 (Loss: 0.3729)
[================================        ]: 1581 (Loss: 0.3975)
[================================        ]: 1582 (Loss: 0.5279)
[=================================       ]: 1583 (Loss: 0.5107)
[=================================       ]: 1584 (Loss: 0.4775)
[==================================      ]: 1585 (Loss: 0.5063)
[==================================      ]: 1586 (Loss: 0.5670)
[==================================      ]: 1587 (Loss: 0.3952)
[===================================     ]: 1588 (Loss: 0.6037)
[===================================     ]: 1589 (Loss: 0.4889)
[====================================    ]: 1590 (Loss: 0.5338)
[====================================    ]: 1591 (Loss: 0.4540)
[====================================    ]: 1592 (Loss: 0.5915)
[=====================================   ]: 1593 (Loss: 0.5025)
[=====================================   ]: 1594 (Loss: 0.5345)
[======================================  ]: 1595 (Loss: 0.5405)
[======================================  ]: 1596 (Loss: 0.4498)
[======================================  ]: 1597 (Loss: 0.5278)
[======================================= ]: 1598 (Loss: 0.4446)
[======================================= ]: 1599 (Loss: 0.5163)
[========================================]: 1600 (Loss: 0.3567)
                                                                                                    
[2026-07-16 22:07:13,203] [INFO] [__main__] Batch 1600 Loss: 0.490646 Cost: 9.68 Time: 82 ms/sequence
[2026-07-16 22:07:13,203] [INFO] [__main__] Advice weight norm: 19.370428 | Advice gradient norm: 0.287913

[                                        ]: 1601 (Loss: 0.4492)
[                                        ]: 1602 (Loss: 0.6047)
[=                                       ]: 1603 (Loss: 0.5607)
[=                                       ]: 1604 (Loss: 0.5703)
[==                                      ]: 1605 (Loss: 0.4668)
[==                                      ]: 1606 (Loss: 0.4552)
[==                                      ]: 1607 (Loss: 0.4145)
[===                                     ]: 1608 (Loss: 0.4875)
[===                                     ]: 1609 (Loss: 0.5531)
[====                                    ]: 1610 (Loss: 0.5787)
[====                                    ]: 1611 (Loss: 0.4637)
[====                                    ]: 1612 (Loss: 0.5269)
[=====                                   ]: 1613 (Loss: 0.5339)
[=====                                   ]: 1614 (Loss: 0.4567)
[======                                  ]: 1615 (Loss: 0.5022)
[======                                  ]: 1616 (Loss: 0.4934)
[======                                  ]: 1617 (Loss: 0.5233)
[=======                                 ]: 1618 (Loss: 0.5532)
[=======                                 ]: 1619 (Loss: 0.5765)
[========                                ]: 1620 (Loss: 0.5097)
[========                                ]: 1621 (Loss: 0.5950)
[========                                ]: 1622 (Loss: 0.5486)
[=========                               ]: 1623 (Loss: 0.4132)
[=========                               ]: 1624 (Loss: 0.4592)
[==========                              ]: 1625 (Loss: 0.4666)
[==========                              ]: 1626 (Loss: 0.5808)
[==========                              ]: 1627 (Loss: 0.5550)
[===========                             ]: 1628 (Loss: 0.5717)
[===========                             ]: 1629 (Loss: 0.5751)
[============                            ]: 1630 (Loss: 0.4157)
[============                            ]: 1631 (Loss: 0.4297)
[============                            ]: 1632 (Loss: 0.4798)
[=============                           ]: 1633 (Loss: 0.4925)
[=============                           ]: 1634 (Loss: 0.5906)
[==============                          ]: 1635 (Loss: 0.4487)
[==============                          ]: 1636 (Loss: 0.5566)
[==============                          ]: 1637 (Loss: 0.5656)
[===============                         ]: 1638 (Loss: 0.4889)
[===============                         ]: 1639 (Loss: 0.5579)
[================                        ]: 1640 (Loss: 0.5993)
[================                        ]: 1641 (Loss: 0.5092)
[================                        ]: 1642 (Loss: 0.6137)
[=================                       ]: 1643 (Loss: 0.5952)
[=================                       ]: 1644 (Loss: 0.5369)
[==================                      ]: 1645 (Loss: 0.4530)
[==================                      ]: 1646 (Loss: 0.4693)
[==================                      ]: 1647 (Loss: 0.4624)
[===================                     ]: 1648 (Loss: 0.5556)
[===================                     ]: 1649 (Loss: 0.5509)
[====================                    ]: 1650 (Loss: 0.4999)
[====================                    ]: 1651 (Loss: 0.5375)
[====================                    ]: 1652 (Loss: 0.6173)
[=====================                   ]: 1653 (Loss: 0.5311)
[=====================                   ]: 1654 (Loss: 0.5945)
[======================                  ]: 1655 (Loss: 0.5493)
[======================                  ]: 1656 (Loss: 0.4885)
[======================                  ]: 1657 (Loss: 0.4676)
[=======================                 ]: 1658 (Loss: 0.5914)
[=======================                 ]: 1659 (Loss: 0.6717)
[========================                ]: 1660 (Loss: 0.4790)
[========================                ]: 1661 (Loss: 0.4530)
[========================                ]: 1662 (Loss: 0.4414)
[=========================               ]: 1663 (Loss: 0.3981)
[=========================               ]: 1664 (Loss: 0.4657)
[==========================              ]: 1665 (Loss: 0.5294)
[==========================              ]: 1666 (Loss: 0.4023)
[==========================              ]: 1667 (Loss: 0.4950)
[===========================             ]: 1668 (Loss: 0.4567)
[===========================             ]: 1669 (Loss: 0.4518)
[============================            ]: 1670 (Loss: 0.5662)
[============================            ]: 1671 (Loss: 0.5112)
[============================            ]: 1672 (Loss: 0.4788)
[=============================           ]: 1673 (Loss: 0.5047)
[=============================           ]: 1674 (Loss: 0.5310)
[==============================          ]: 1675 (Loss: 0.5376)
[==============================          ]: 1676 (Loss: 0.4685)
[==============================          ]: 1677 (Loss: 0.4610)
[===============================         ]: 1678 (Loss: 0.3533)
[===============================         ]: 1679 (Loss: 0.4002)
[================================        ]: 1680 (Loss: 0.4608)
[================================        ]: 1681 (Loss: 0.4541)
[================================        ]: 1682 (Loss: 0.4525)
[=================================       ]: 1683 (Loss: 0.5667)
[=================================       ]: 1684 (Loss: 0.5237)
[==================================      ]: 1685 (Loss: 0.5486)
[==================================      ]: 1686 (Loss: 0.6630)
[==================================      ]: 1687 (Loss: 0.4736)
[===================================     ]: 1688 (Loss: 0.4124)
[===================================     ]: 1689 (Loss: 0.5153)
[====================================    ]: 1690 (Loss: 0.4773)
[====================================    ]: 1691 (Loss: 0.5202)
[====================================    ]: 1692 (Loss: 0.3801)
[=====================================   ]: 1693 (Loss: 0.5600)
[=====================================   ]: 1694 (Loss: 0.4850)
[======================================  ]: 1695 (Loss: 0.4828)
[======================================  ]: 1696 (Loss: 0.4900)
[======================================  ]: 1697 (Loss: 0.4108)
[======================================= ]: 1698 (Loss: 0.5217)
[======================================= ]: 1699 (Loss: 0.4251)
[========================================]: 1700 (Loss: 0.4344)
                                                                                                    
[2026-07-16 22:07:21,373] [INFO] [__main__] Batch 1700 Loss: 0.506087 Cost: 10.14 Time: 81 ms/sequence
[2026-07-16 22:07:21,373] [INFO] [__main__] Advice weight norm: 19.399149 | Advice gradient norm: 0.257235

[                                        ]: 1701 (Loss: 0.5027)
[                                        ]: 1702 (Loss: 0.5450)
[=                                       ]: 1703 (Loss: 0.4804)
[=                                       ]: 1704 (Loss: 0.4389)
[==                                      ]: 1705 (Loss: 0.4512)
[==                                      ]: 1706 (Loss: 0.4348)
[==                                      ]: 1707 (Loss: 0.5206)
[===                                     ]: 1708 (Loss: 0.4775)
[===                                     ]: 1709 (Loss: 0.4181)
[====                                    ]: 1710 (Loss: 0.3757)
[====                                    ]: 1711 (Loss: 0.4685)
[====                                    ]: 1712 (Loss: 0.5157)
[=====                                   ]: 1713 (Loss: 0.5809)
[=====                                   ]: 1714 (Loss: 0.6258)
[======                                  ]: 1715 (Loss: 0.4679)
[======                                  ]: 1716 (Loss: 0.5261)
[======                                  ]: 1717 (Loss: 0.5384)
[=======                                 ]: 1718 (Loss: 0.5221)
[=======                                 ]: 1719 (Loss: 0.4933)
[========                                ]: 1720 (Loss: 0.5471)
[========                                ]: 1721 (Loss: 0.4965)
[========                                ]: 1722 (Loss: 0.5192)
[=========                               ]: 1723 (Loss: 0.4375)
[=========                               ]: 1724 (Loss: 0.3791)
[==========                              ]: 1725 (Loss: 0.5584)
[==========                              ]: 1726 (Loss: 0.4826)
[==========                              ]: 1727 (Loss: 0.4561)
[===========                             ]: 1728 (Loss: 0.4932)
[===========                             ]: 1729 (Loss: 0.5204)
[============                            ]: 1730 (Loss: 0.5235)
[============                            ]: 1731 (Loss: 0.5314)
[============                            ]: 1732 (Loss: 0.5229)
[=============                           ]: 1733 (Loss: 0.4489)
[=============                           ]: 1734 (Loss: 0.5070)
[==============                          ]: 1735 (Loss: 0.5541)
[==============                          ]: 1736 (Loss: 0.4909)
[==============                          ]: 1737 (Loss: 0.4942)
[===============                         ]: 1738 (Loss: 0.4709)
[===============                         ]: 1739 (Loss: 0.5211)
[================                        ]: 1740 (Loss: 0.4176)
[================                        ]: 1741 (Loss: 0.4972)
[================                        ]: 1742 (Loss: 0.4226)
[=================                       ]: 1743 (Loss: 0.4652)
[=================                       ]: 1744 (Loss: 0.5375)
[==================                      ]: 1745 (Loss: 0.5028)
[==================                      ]: 1746 (Loss: 0.5680)
[==================                      ]: 1747 (Loss: 0.3713)
[===================                     ]: 1748 (Loss: 0.5197)
[===================                     ]: 1749 (Loss: 0.4927)
[====================                    ]: 1750 (Loss: 0.4628)
[====================                    ]: 1751 (Loss: 0.4597)
[====================                    ]: 1752 (Loss: 0.4749)
[=====================                   ]: 1753 (Loss: 0.3927)
[=====================                   ]: 1754 (Loss: 0.5625)
[======================                  ]: 1755 (Loss: 0.5899)
[======================                  ]: 1756 (Loss: 0.5524)
[======================                  ]: 1757 (Loss: 0.6079)
[=======================                 ]: 1758 (Loss: 0.5288)
[=======================                 ]: 1759 (Loss: 0.4481)
[========================                ]: 1760 (Loss: 0.3838)
[========================                ]: 1761 (Loss: 0.4396)
[========================                ]: 1762 (Loss: 0.4955)
[=========================               ]: 1763 (Loss: 0.4238)
[=========================               ]: 1764 (Loss: 0.5735)
[==========================              ]: 1765 (Loss: 0.5015)
[==========================              ]: 1766 (Loss: 0.4451)
[==========================              ]: 1767 (Loss: 0.4216)
[===========================             ]: 1768 (Loss: 0.4642)
[===========================             ]: 1769 (Loss: 0.4932)
[============================            ]: 1770 (Loss: 0.5156)
[============================            ]: 1771 (Loss: 0.4342)
[============================            ]: 1772 (Loss: 0.4930)
[=============================           ]: 1773 (Loss: 0.4776)
[=============================           ]: 1774 (Loss: 0.3858)
[==============================          ]: 1775 (Loss: 0.5737)
[==============================          ]: 1776 (Loss: 0.4734)
[==============================          ]: 1777 (Loss: 0.4933)
[===============================         ]: 1778 (Loss: 0.4092)
[===============================         ]: 1779 (Loss: 0.4036)
[================================        ]: 1780 (Loss: 0.4639)
[================================        ]: 1781 (Loss: 0.5269)
[================================        ]: 1782 (Loss: 0.4813)
[=================================       ]: 1783 (Loss: 0.4456)
[=================================       ]: 1784 (Loss: 0.5141)
[==================================      ]: 1785 (Loss: 0.5770)
[==================================      ]: 1786 (Loss: 0.4922)
[==================================      ]: 1787 (Loss: 0.4981)
[===================================     ]: 1788 (Loss: 0.4839)
[===================================     ]: 1789 (Loss: 0.5290)
[====================================    ]: 1790 (Loss: 0.5304)
[====================================    ]: 1791 (Loss: 0.4384)
[====================================    ]: 1792 (Loss: 0.4786)
[=====================================   ]: 1793 (Loss: 0.4166)
[=====================================   ]: 1794 (Loss: 0.4805)
[======================================  ]: 1795 (Loss: 0.4624)
[======================================  ]: 1796 (Loss: 0.4547)
[======================================  ]: 1797 (Loss: 0.4649)
[======================================= ]: 1798 (Loss: 0.4729)
[======================================= ]: 1799 (Loss: 0.5303)
[========================================]: 1800 (Loss: 0.6041)
                                                                                                    
[2026-07-16 22:07:29,519] [INFO] [__main__] Batch 1800 Loss: 0.488601 Cost: 9.73 Time: 81 ms/sequence
[2026-07-16 22:07:29,519] [INFO] [__main__] Advice weight norm: 19.423967 | Advice gradient norm: 0.319999

[                                        ]: 1801 (Loss: 0.4216)
[                                        ]: 1802 (Loss: 0.4651)
[=                                       ]: 1803 (Loss: 0.4765)
[=                                       ]: 1804 (Loss: 0.4179)
[==                                      ]: 1805 (Loss: 0.5564)
[==                                      ]: 1806 (Loss: 0.3524)
[==                                      ]: 1807 (Loss: 0.5665)
[===                                     ]: 1808 (Loss: 0.4835)
[===                                     ]: 1809 (Loss: 0.4989)
[====                                    ]: 1810 (Loss: 0.5340)
[====                                    ]: 1811 (Loss: 0.6417)
[====                                    ]: 1812 (Loss: 0.4554)
[=====                                   ]: 1813 (Loss: 0.4982)
[=====                                   ]: 1814 (Loss: 0.4179)
[======                                  ]: 1815 (Loss: 0.3863)
[======                                  ]: 1816 (Loss: 0.4883)
[======                                  ]: 1817 (Loss: 0.5027)
[=======                                 ]: 1818 (Loss: 0.4720)
[=======                                 ]: 1819 (Loss: 0.4836)
[========                                ]: 1820 (Loss: 0.5481)
[========                                ]: 1821 (Loss: 0.3884)
[========                                ]: 1822 (Loss: 0.4167)
[=========                               ]: 1823 (Loss: 0.4916)
[=========                               ]: 1824 (Loss: 0.5148)
[==========                              ]: 1825 (Loss: 0.5075)
[==========                              ]: 1826 (Loss: 0.5069)
[==========                              ]: 1827 (Loss: 0.5475)
[===========                             ]: 1828 (Loss: 0.4307)
[===========                             ]: 1829 (Loss: 0.4712)
[============                            ]: 1830 (Loss: 0.5399)
[============                            ]: 1831 (Loss: 0.5267)
[============                            ]: 1832 (Loss: 0.4277)
[=============                           ]: 1833 (Loss: 0.3970)
[=============                           ]: 1834 (Loss: 0.4434)
[==============                          ]: 1835 (Loss: 0.4574)
[==============                          ]: 1836 (Loss: 0.4915)
[==============                          ]: 1837 (Loss: 0.4188)
[===============                         ]: 1838 (Loss: 0.5326)
[===============                         ]: 1839 (Loss: 0.4586)
[================                        ]: 1840 (Loss: 0.3911)
[================                        ]: 1841 (Loss: 0.4395)
[================                        ]: 1842 (Loss: 0.3517)
[=================                       ]: 1843 (Loss: 0.5089)
[=================                       ]: 1844 (Loss: 0.3898)
[==================                      ]: 1845 (Loss: 0.5010)
[==================                      ]: 1846 (Loss: 0.4277)
[==================                      ]: 1847 (Loss: 0.4809)
[===================                     ]: 1848 (Loss: 0.4872)
[===================                     ]: 1849 (Loss: 0.5558)
[====================                    ]: 1850 (Loss: 0.4844)
[====================                    ]: 1851 (Loss: 0.4752)
[====================                    ]: 1852 (Loss: 0.5606)
[=====================                   ]: 1853 (Loss: 0.4187)
[=====================                   ]: 1854 (Loss: 0.4378)
[======================                  ]: 1855 (Loss: 0.5019)
[======================                  ]: 1856 (Loss: 0.4528)
[======================                  ]: 1857 (Loss: 0.5022)
[=======================                 ]: 1858 (Loss: 0.5475)
[=======================                 ]: 1859 (Loss: 0.4817)
[========================                ]: 1860 (Loss: 0.4506)
[========================                ]: 1861 (Loss: 0.5089)
[========================                ]: 1862 (Loss: 0.4449)
[=========================               ]: 1863 (Loss: 0.4922)
[=========================               ]: 1864 (Loss: 0.3978)
[==========================              ]: 1865 (Loss: 0.4613)
[==========================              ]: 1866 (Loss: 0.4597)
[==========================              ]: 1867 (Loss: 0.5278)
[===========================             ]: 1868 (Loss: 0.5687)
[===========================             ]: 1869 (Loss: 0.4484)
[============================            ]: 1870 (Loss: 0.4434)
[============================            ]: 1871 (Loss: 0.4399)
[============================            ]: 1872 (Loss: 0.3963)
[=============================           ]: 1873 (Loss: 0.4905)
[=============================           ]: 1874 (Loss: 0.4323)
[==============================          ]: 1875 (Loss: 0.4953)
[==============================          ]: 1876 (Loss: 0.4588)
[==============================          ]: 1877 (Loss: 0.4346)
[===============================         ]: 1878 (Loss: 0.4258)
[===============================         ]: 1879 (Loss: 0.4729)
[================================        ]: 1880 (Loss: 0.4561)
[================================        ]: 1881 (Loss: 0.5854)
[================================        ]: 1882 (Loss: 0.4196)
[=================================       ]: 1883 (Loss: 0.4752)
[=================================       ]: 1884 (Loss: 0.4725)
[==================================      ]: 1885 (Loss: 0.5633)
[==================================      ]: 1886 (Loss: 0.5559)
[==================================      ]: 1887 (Loss: 0.3922)
[===================================     ]: 1888 (Loss: 0.6744)
[===================================     ]: 1889 (Loss: 0.5010)
[====================================    ]: 1890 (Loss: 0.4591)
[====================================    ]: 1891 (Loss: 0.4881)
[====================================    ]: 1892 (Loss: 0.4375)
[=====================================   ]: 1893 (Loss: 0.5006)
[=====================================   ]: 1894 (Loss: 0.5124)
[======================================  ]: 1895 (Loss: 0.4081)
[======================================  ]: 1896 (Loss: 0.3586)
[======================================  ]: 1897 (Loss: 0.4154)
[======================================= ]: 1898 (Loss: 0.4271)
[======================================= ]: 1899 (Loss: 0.6005)
[========================================]: 1900 (Loss: 0.4097)
                                                                                                    
[2026-07-16 22:07:37,748] [INFO] [__main__] Batch 1900 Loss: 0.473955 Cost: 9.05 Time: 82 ms/sequence
[2026-07-16 22:07:37,748] [INFO] [__main__] Advice weight norm: 19.456688 | Advice gradient norm: 0.323636

[                                        ]: 1901 (Loss: 0.4671)
[                                        ]: 1902 (Loss: 0.4199)
[=                                       ]: 1903 (Loss: 0.4548)
[=                                       ]: 1904 (Loss: 0.4173)
[==                                      ]: 1905 (Loss: 0.5037)
[==                                      ]: 1906 (Loss: 0.4803)
[==                                      ]: 1907 (Loss: 0.4257)
[===                                     ]: 1908 (Loss: 0.3882)
[===                                     ]: 1909 (Loss: 0.3679)
[====                                    ]: 1910 (Loss: 0.4985)
[====                                    ]: 1911 (Loss: 0.4354)
[====                                    ]: 1912 (Loss: 0.4099)
[=====                                   ]: 1913 (Loss: 0.5126)
[=====                                   ]: 1914 (Loss: 0.4149)
[======                                  ]: 1915 (Loss: 0.4950)
[======                                  ]: 1916 (Loss: 0.4492)
[======                                  ]: 1917 (Loss: 0.6233)
[=======                                 ]: 1918 (Loss: 0.4290)
[=======                                 ]: 1919 (Loss: 0.5839)
[========                                ]: 1920 (Loss: 0.4344)
[========                                ]: 1921 (Loss: 0.5602)
[========                                ]: 1922 (Loss: 0.4312)
[=========                               ]: 1923 (Loss: 0.4298)
[=========                               ]: 1924 (Loss: 0.4978)
[==========                              ]: 1925 (Loss: 0.4565)
[==========                              ]: 1926 (Loss: 0.3495)
[==========                              ]: 1927 (Loss: 0.4606)
[===========                             ]: 1928 (Loss: 0.4574)
[===========                             ]: 1929 (Loss: 0.5596)
[============                            ]: 1930 (Loss: 0.4589)
[============                            ]: 1931 (Loss: 0.3942)
[============                            ]: 1932 (Loss: 0.5073)
[=============                           ]: 1933 (Loss: 0.4392)
[=============                           ]: 1934 (Loss: 0.4755)
[==============                          ]: 1935 (Loss: 0.4633)
[==============                          ]: 1936 (Loss: 0.4106)
[==============                          ]: 1937 (Loss: 0.5773)
[===============                         ]: 1938 (Loss: 0.5916)
[===============                         ]: 1939 (Loss: 0.5068)
[================                        ]: 1940 (Loss: 0.5122)
[================                        ]: 1941 (Loss: 0.4701)
[================                        ]: 1942 (Loss: 0.4922)
[=================                       ]: 1943 (Loss: 0.5825)
[=================                       ]: 1944 (Loss: 0.5157)
[==================                      ]: 1945 (Loss: 0.5261)
[==================                      ]: 1946 (Loss: 0.3864)
[==================                      ]: 1947 (Loss: 0.4372)
[===================                     ]: 1948 (Loss: 0.5302)
[===================                     ]: 1949 (Loss: 0.3866)
[====================                    ]: 1950 (Loss: 0.5161)
[====================                    ]: 1951 (Loss: 0.4235)
[====================                    ]: 1952 (Loss: 0.4995)
[=====================                   ]: 1953 (Loss: 0.5567)
[=====================                   ]: 1954 (Loss: 0.4793)
[======================                  ]: 1955 (Loss: 0.3884)
[======================                  ]: 1956 (Loss: 0.4512)
[======================                  ]: 1957 (Loss: 0.5824)
[=======================                 ]: 1958 (Loss: 0.5196)
[=======================                 ]: 1959 (Loss: 0.4205)
[========================                ]: 1960 (Loss: 0.4820)
[========================                ]: 1961 (Loss: 0.4222)
[========================                ]: 1962 (Loss: 0.4362)
[=========================               ]: 1963 (Loss: 0.4459)
[=========================               ]: 1964 (Loss: 0.5147)
[==========================              ]: 1965 (Loss: 0.5115)
[==========================              ]: 1966 (Loss: 0.4477)
[==========================              ]: 1967 (Loss: 0.5564)
[===========================             ]: 1968 (Loss: 0.5952)
[===========================             ]: 1969 (Loss: 0.4017)
[============================            ]: 1970 (Loss: 0.4181)
[============================            ]: 1971 (Loss: 0.4884)
[============================            ]: 1972 (Loss: 0.4817)
[=============================           ]: 1973 (Loss: 0.4980)
[=============================           ]: 1974 (Loss: 0.6327)
[==============================          ]: 1975 (Loss: 0.4654)
[==============================          ]: 1976 (Loss: 0.4815)
[==============================          ]: 1977 (Loss: 0.3865)
[===============================         ]: 1978 (Loss: 0.5362)
[===============================         ]: 1979 (Loss: 0.5245)
[================================        ]: 1980 (Loss: 0.5151)
[================================        ]: 1981 (Loss: 0.4318)
[================================        ]: 1982 (Loss: 0.4974)
[=================================       ]: 1983 (Loss: 0.4705)
[=================================       ]: 1984 (Loss: 0.5330)
[==================================      ]: 1985 (Loss: 0.5187)
[==================================      ]: 1986 (Loss: 0.4093)
[==================================      ]: 1987 (Loss: 0.4400)
[===================================     ]: 1988 (Loss: 0.5602)
[===================================     ]: 1989 (Loss: 0.5173)
[====================================    ]: 1990 (Loss: 0.5124)
[====================================    ]: 1991 (Loss: 0.5137)
[====================================    ]: 1992 (Loss: 0.3847)
[=====================================   ]: 1993 (Loss: 0.4792)
[=====================================   ]: 1994 (Loss: 0.5300)
[======================================  ]: 1995 (Loss: 0.4106)
[======================================  ]: 1996 (Loss: 0.5325)
[======================================  ]: 1997 (Loss: 0.4625)
[======================================= ]: 1998 (Loss: 0.3441)
[======================================= ]: 1999 (Loss: 0.3958)
[========================================]: 2000 (Loss: 0.4631)
                                                                                                    
[2026-07-16 22:07:46,248] [INFO] [__main__] Batch 2000 Loss: 0.475634 Cost: 9.63 Time: 85 ms/sequence
[2026-07-16 22:07:46,249] [INFO] [__main__] Advice weight norm: 19.476931 | Advice gradient norm: 0.416904

                                                                                                    
[2026-07-16 22:07:46,250] [INFO] [__main__] Saving checkpoint to 'runs\copy_sanity_len5\copy\combined\seed_1000\checkpoint-batch-00002000.pt'

[                                        ]: 2001 (Loss: 0.4816)
[                                        ]: 2002 (Loss: 0.5302)
[=                                       ]: 2003 (Loss: 0.5152)
[=                                       ]: 2004 (Loss: 0.5151)
[==                                      ]: 2005 (Loss: 0.4425)
[==                                      ]: 2006 (Loss: 0.4735)
[==                                      ]: 2007 (Loss: 0.5630)
[===                                     ]: 2008 (Loss: 0.5744)
[===                                     ]: 2009 (Loss: 0.4901)
[====                                    ]: 2010 (Loss: 0.4431)
[====                                    ]: 2011 (Loss: 0.4622)
[====                                    ]: 2012 (Loss: 0.5380)
[=====                                   ]: 2013 (Loss: 0.5535)
[=====                                   ]: 2014 (Loss: 0.3027)
[======                                  ]: 2015 (Loss: 0.4619)
[======                                  ]: 2016 (Loss: 0.4604)
[======                                  ]: 2017 (Loss: 0.4366)
[=======                                 ]: 2018 (Loss: 0.3951)
[=======                                 ]: 2019 (Loss: 0.5390)
[========                                ]: 2020 (Loss: 0.4191)
[========                                ]: 2021 (Loss: 0.4141)
[========                                ]: 2022 (Loss: 0.5228)
[=========                               ]: 2023 (Loss: 0.4609)
[=========                               ]: 2024 (Loss: 0.4795)
[==========                              ]: 2025 (Loss: 0.4857)
[==========                              ]: 2026 (Loss: 0.5504)
[==========                              ]: 2027 (Loss: 0.4418)
[===========                             ]: 2028 (Loss: 0.4898)
[===========                             ]: 2029 (Loss: 0.5647)
[============                            ]: 2030 (Loss: 0.4613)
[============                            ]: 2031 (Loss: 0.3065)
[============                            ]: 2032 (Loss: 0.4631)
[=============                           ]: 2033 (Loss: 0.4957)
[=============                           ]: 2034 (Loss: 0.4205)
[==============                          ]: 2035 (Loss: 0.4813)
[==============                          ]: 2036 (Loss: 0.5294)
[==============                          ]: 2037 (Loss: 0.3857)
[===============                         ]: 2038 (Loss: 0.5604)
[===============                         ]: 2039 (Loss: 0.4443)
[================                        ]: 2040 (Loss: 0.5562)
[================                        ]: 2041 (Loss: 0.4324)
[================                        ]: 2042 (Loss: 0.4109)
[=================                       ]: 2043 (Loss: 0.3585)
[=================                       ]: 2044 (Loss: 0.4701)
[==================                      ]: 2045 (Loss: 0.4795)
[==================                      ]: 2046 (Loss: 0.3571)
[==================                      ]: 2047 (Loss: 0.4334)
[===================                     ]: 2048 (Loss: 0.4718)
[===================                     ]: 2049 (Loss: 0.4748)
[====================                    ]: 2050 (Loss: 0.5786)
[====================                    ]: 2051 (Loss: 0.4781)
[====================                    ]: 2052 (Loss: 0.3896)
[=====================                   ]: 2053 (Loss: 0.4089)
[=====================                   ]: 2054 (Loss: 0.5765)
[======================                  ]: 2055 (Loss: 0.4097)
[======================                  ]: 2056 (Loss: 0.3655)
[======================                  ]: 2057 (Loss: 0.4834)
[=======================                 ]: 2058 (Loss: 0.4306)
[=======================                 ]: 2059 (Loss: 0.5494)
[========================                ]: 2060 (Loss: 0.3425)
[========================                ]: 2061 (Loss: 0.4535)
[========================                ]: 2062 (Loss: 0.4654)
[=========================               ]: 2063 (Loss: 0.4805)
[=========================               ]: 2064 (Loss: 0.5900)
[==========================              ]: 2065 (Loss: 0.4958)
[==========================              ]: 2066 (Loss: 0.3909)
[==========================              ]: 2067 (Loss: 0.5308)
[===========================             ]: 2068 (Loss: 0.4209)
[===========================             ]: 2069 (Loss: 0.5331)
[============================            ]: 2070 (Loss: 0.5448)
[============================            ]: 2071 (Loss: 0.5534)
[============================            ]: 2072 (Loss: 0.3542)
[=============================           ]: 2073 (Loss: 0.4774)
[=============================           ]: 2074 (Loss: 0.5128)
[==============================          ]: 2075 (Loss: 0.3687)
[==============================          ]: 2076 (Loss: 0.4860)
[==============================          ]: 2077 (Loss: 0.6226)
[===============================         ]: 2078 (Loss: 0.5969)
[===============================         ]: 2079 (Loss: 0.4490)
[================================        ]: 2080 (Loss: 0.4999)
[================================        ]: 2081 (Loss: 0.5323)
[================================        ]: 2082 (Loss: 0.3732)
[=================================       ]: 2083 (Loss: 0.5368)
[=================================       ]: 2084 (Loss: 0.3850)
[==================================      ]: 2085 (Loss: 0.5243)
[==================================      ]: 2086 (Loss: 0.5426)
[==================================      ]: 2087 (Loss: 0.5278)
[===================================     ]: 2088 (Loss: 0.5879)
[===================================     ]: 2089 (Loss: 0.4491)
[====================================    ]: 2090 (Loss: 0.4343)
[====================================    ]: 2091 (Loss: 0.4994)
[====================================    ]: 2092 (Loss: 0.4960)
[=====================================   ]: 2093 (Loss: 0.4433)
[=====================================   ]: 2094 (Loss: 0.4351)
[======================================  ]: 2095 (Loss: 0.3966)
[======================================  ]: 2096 (Loss: 0.4837)
[======================================  ]: 2097 (Loss: 0.4455)
[======================================= ]: 2098 (Loss: 0.4172)
[======================================= ]: 2099 (Loss: 0.4624)
[========================================]: 2100 (Loss: 0.4454)
                                                                                                    
[2026-07-16 22:07:54,405] [INFO] [__main__] Batch 2100 Loss: 0.472568 Cost: 9.30 Time: 81 ms/sequence
[2026-07-16 22:07:54,405] [INFO] [__main__] Advice weight norm: 19.500658 | Advice gradient norm: 0.291364

[                                        ]: 2101 (Loss: 0.5229)
[                                        ]: 2102 (Loss: 0.4498)
[=                                       ]: 2103 (Loss: 0.5078)
[=                                       ]: 2104 (Loss: 0.4788)
[==                                      ]: 2105 (Loss: 0.4259)
[==                                      ]: 2106 (Loss: 0.4011)
[==                                      ]: 2107 (Loss: 0.4768)
[===                                     ]: 2108 (Loss: 0.4210)
[===                                     ]: 2109 (Loss: 0.4654)
[====                                    ]: 2110 (Loss: 0.5136)
[====                                    ]: 2111 (Loss: 0.4329)
[====                                    ]: 2112 (Loss: 0.3547)
[=====                                   ]: 2113 (Loss: 0.5064)
[=====                                   ]: 2114 (Loss: 0.5666)
[======                                  ]: 2115 (Loss: 0.5201)
[======                                  ]: 2116 (Loss: 0.4595)
[======                                  ]: 2117 (Loss: 0.4539)
[=======                                 ]: 2118 (Loss: 0.5174)
[=======                                 ]: 2119 (Loss: 0.5962)
[========                                ]: 2120 (Loss: 0.4515)
[========                                ]: 2121 (Loss: 0.5422)
[========                                ]: 2122 (Loss: 0.4277)
[=========                               ]: 2123 (Loss: 0.4796)
[=========                               ]: 2124 (Loss: 0.5586)
[==========                              ]: 2125 (Loss: 0.3677)
[==========                              ]: 2126 (Loss: 0.5564)
[==========                              ]: 2127 (Loss: 0.4701)
[===========                             ]: 2128 (Loss: 0.3186)
[===========                             ]: 2129 (Loss: 0.3959)
[============                            ]: 2130 (Loss: 0.4648)
[============                            ]: 2131 (Loss: 0.3736)
[============                            ]: 2132 (Loss: 0.4293)
[=============                           ]: 2133 (Loss: 0.5694)
[=============                           ]: 2134 (Loss: 0.6069)
[==============                          ]: 2135 (Loss: 0.3199)
[==============                          ]: 2136 (Loss: 0.4510)
[==============                          ]: 2137 (Loss: 0.4895)
[===============                         ]: 2138 (Loss: 0.5380)
[===============                         ]: 2139 (Loss: 0.3600)
[================                        ]: 2140 (Loss: 0.4718)
[================                        ]: 2141 (Loss: 0.3748)
[================                        ]: 2142 (Loss: 0.5959)
[=================                       ]: 2143 (Loss: 0.5058)
[=================                       ]: 2144 (Loss: 0.4809)
[==================                      ]: 2145 (Loss: 0.4113)
[==================                      ]: 2146 (Loss: 0.4782)
[==================                      ]: 2147 (Loss: 0.4193)
[===================                     ]: 2148 (Loss: 0.5137)
[===================                     ]: 2149 (Loss: 0.4762)
[====================                    ]: 2150 (Loss: 0.5547)
[====================                    ]: 2151 (Loss: 0.4178)
[====================                    ]: 2152 (Loss: 0.4222)
[=====================                   ]: 2153 (Loss: 0.4372)
[=====================                   ]: 2154 (Loss: 0.3507)
[======================                  ]: 2155 (Loss: 0.4362)
[======================                  ]: 2156 (Loss: 0.4390)
[======================                  ]: 2157 (Loss: 0.4101)
[=======================                 ]: 2158 (Loss: 0.4376)
[=======================                 ]: 2159 (Loss: 0.4776)
[========================                ]: 2160 (Loss: 0.5560)
[========================                ]: 2161 (Loss: 0.3553)
[========================                ]: 2162 (Loss: 0.5191)
[=========================               ]: 2163 (Loss: 0.4713)
[=========================               ]: 2164 (Loss: 0.4748)
[==========================              ]: 2165 (Loss: 0.4642)
[==========================              ]: 2166 (Loss: 0.5084)
[==========================              ]: 2167 (Loss: 0.4679)
[===========================             ]: 2168 (Loss: 0.6078)
[===========================             ]: 2169 (Loss: 0.4419)
[============================            ]: 2170 (Loss: 0.4658)
[============================            ]: 2171 (Loss: 0.5317)
[============================            ]: 2172 (Loss: 0.3955)
[=============================           ]: 2173 (Loss: 0.4381)
[=============================           ]: 2174 (Loss: 0.3793)
[==============================          ]: 2175 (Loss: 0.5086)
[==============================          ]: 2176 (Loss: 0.5364)
[==============================          ]: 2177 (Loss: 0.5736)
[===============================         ]: 2178 (Loss: 0.4008)
[===============================         ]: 2179 (Loss: 0.4575)
[================================        ]: 2180 (Loss: 0.3695)
[================================        ]: 2181 (Loss: 0.4232)
[================================        ]: 2182 (Loss: 0.6086)
[=================================       ]: 2183 (Loss: 0.4333)
[=================================       ]: 2184 (Loss: 0.4666)
[==================================      ]: 2185 (Loss: 0.4188)
[==================================      ]: 2186 (Loss: 0.4850)
[==================================      ]: 2187 (Loss: 0.4835)
[===================================     ]: 2188 (Loss: 0.4270)
[===================================     ]: 2189 (Loss: 0.5514)
[====================================    ]: 2190 (Loss: 0.4146)
[====================================    ]: 2191 (Loss: 0.4221)
[====================================    ]: 2192 (Loss: 0.4328)
[=====================================   ]: 2193 (Loss: 0.5319)
[=====================================   ]: 2194 (Loss: 0.5673)
[======================================  ]: 2195 (Loss: 0.3716)
[======================================  ]: 2196 (Loss: 0.4459)
[======================================  ]: 2197 (Loss: 0.4420)
[======================================= ]: 2198 (Loss: 0.4051)
[======================================= ]: 2199 (Loss: 0.4908)
[========================================]: 2200 (Loss: 0.4022)
                                                                                                    
[2026-07-16 22:08:02,597] [INFO] [__main__] Batch 2200 Loss: 0.464995 Cost: 9.13 Time: 81 ms/sequence
[2026-07-16 22:08:02,598] [INFO] [__main__] Advice weight norm: 19.525650 | Advice gradient norm: 0.320180

[                                        ]: 2201 (Loss: 0.5064)
[                                        ]: 2202 (Loss: 0.5821)
[=                                       ]: 2203 (Loss: 0.4531)
[=                                       ]: 2204 (Loss: 0.4048)
[==                                      ]: 2205 (Loss: 0.4675)
[==                                      ]: 2206 (Loss: 0.4344)
[==                                      ]: 2207 (Loss: 0.4858)
[===                                     ]: 2208 (Loss: 0.4080)
[===                                     ]: 2209 (Loss: 0.5137)
[====                                    ]: 2210 (Loss: 0.4489)
[====                                    ]: 2211 (Loss: 0.4926)
[====                                    ]: 2212 (Loss: 0.5569)
[=====                                   ]: 2213 (Loss: 0.5519)
[=====                                   ]: 2214 (Loss: 0.4859)
[======                                  ]: 2215 (Loss: 0.5306)
[======                                  ]: 2216 (Loss: 0.4309)
[======                                  ]: 2217 (Loss: 0.3828)
[=======                                 ]: 2218 (Loss: 0.5751)
[=======                                 ]: 2219 (Loss: 0.3614)
[========                                ]: 2220 (Loss: 0.5292)
[========                                ]: 2221 (Loss: 0.4074)
[========                                ]: 2222 (Loss: 0.5491)
[=========                               ]: 2223 (Loss: 0.4791)
[=========                               ]: 2224 (Loss: 0.4304)
[==========                              ]: 2225 (Loss: 0.4077)
[==========                              ]: 2226 (Loss: 0.5139)
[==========                              ]: 2227 (Loss: 0.4744)
[===========                             ]: 2228 (Loss: 0.4349)
[===========                             ]: 2229 (Loss: 0.4682)
[============                            ]: 2230 (Loss: 0.4768)
[============                            ]: 2231 (Loss: 0.4042)
[============                            ]: 2232 (Loss: 0.4396)
[=============                           ]: 2233 (Loss: 0.4133)
[=============                           ]: 2234 (Loss: 0.3325)
[==============                          ]: 2235 (Loss: 0.4679)
[==============                          ]: 2236 (Loss: 0.4363)
[==============                          ]: 2237 (Loss: 0.5123)
[===============                         ]: 2238 (Loss: 0.4216)
[===============                         ]: 2239 (Loss: 0.4849)
[================                        ]: 2240 (Loss: 0.4381)
[================                        ]: 2241 (Loss: 0.4277)
[================                        ]: 2242 (Loss: 0.4486)
[=================                       ]: 2243 (Loss: 0.5146)
[=================                       ]: 2244 (Loss: 0.4293)
[==================                      ]: 2245 (Loss: 0.5580)
[==================                      ]: 2246 (Loss: 0.5430)
[==================                      ]: 2247 (Loss: 0.4425)
[===================                     ]: 2248 (Loss: 0.4448)
[===================                     ]: 2249 (Loss: 0.5374)
[====================                    ]: 2250 (Loss: 0.5449)
[====================                    ]: 2251 (Loss: 0.4488)
[====================                    ]: 2252 (Loss: 0.5236)
[=====================                   ]: 2253 (Loss: 0.4493)
[=====================                   ]: 2254 (Loss: 0.4625)
[======================                  ]: 2255 (Loss: 0.4518)
[======================                  ]: 2256 (Loss: 0.3896)
[======================                  ]: 2257 (Loss: 0.5932)
[=======================                 ]: 2258 (Loss: 0.3939)
[=======================                 ]: 2259 (Loss: 0.4820)
[========================                ]: 2260 (Loss: 0.4693)
[========================                ]: 2261 (Loss: 0.4469)
[========================                ]: 2262 (Loss: 0.4566)
[=========================               ]: 2263 (Loss: 0.5974)
[=========================               ]: 2264 (Loss: 0.5177)
[==========================              ]: 2265 (Loss: 0.3924)
[==========================              ]: 2266 (Loss: 0.3390)
[==========================              ]: 2267 (Loss: 0.5000)
[===========================             ]: 2268 (Loss: 0.4826)
[===========================             ]: 2269 (Loss: 0.4500)
[============================            ]: 2270 (Loss: 0.4080)
[============================            ]: 2271 (Loss: 0.4148)
[============================            ]: 2272 (Loss: 0.3345)
[=============================           ]: 2273 (Loss: 0.3896)
[=============================           ]: 2274 (Loss: 0.5101)
[==============================          ]: 2275 (Loss: 0.5234)
[==============================          ]: 2276 (Loss: 0.5219)
[==============================          ]: 2277 (Loss: 0.3868)
[===============================         ]: 2278 (Loss: 0.5632)
[===============================         ]: 2279 (Loss: 0.3381)
[================================        ]: 2280 (Loss: 0.5228)
[================================        ]: 2281 (Loss: 0.4374)
[================================        ]: 2282 (Loss: 0.5254)
[=================================       ]: 2283 (Loss: 0.5043)
[=================================       ]: 2284 (Loss: 0.4192)
[==================================      ]: 2285 (Loss: 0.3968)
[==================================      ]: 2286 (Loss: 0.3603)
[==================================      ]: 2287 (Loss: 0.4373)
[===================================     ]: 2288 (Loss: 0.3757)
[===================================     ]: 2289 (Loss: 0.5549)
[====================================    ]: 2290 (Loss: 0.4684)
[====================================    ]: 2291 (Loss: 0.4996)
[====================================    ]: 2292 (Loss: 0.4650)
[=====================================   ]: 2293 (Loss: 0.4135)
[=====================================   ]: 2294 (Loss: 0.5388)
[======================================  ]: 2295 (Loss: 0.3458)
[======================================  ]: 2296 (Loss: 0.4916)
[======================================  ]: 2297 (Loss: 0.4662)
[======================================= ]: 2298 (Loss: 0.5117)
[======================================= ]: 2299 (Loss: 0.3846)
[========================================]: 2300 (Loss: 0.4786)
                                                                                                    
[2026-07-16 22:08:10,915] [INFO] [__main__] Batch 2300 Loss: 0.463203 Cost: 9.28 Time: 83 ms/sequence
[2026-07-16 22:08:10,916] [INFO] [__main__] Advice weight norm: 19.552000 | Advice gradient norm: 0.342940

[                                        ]: 2301 (Loss: 0.4669)
[                                        ]: 2302 (Loss: 0.4238)
[=                                       ]: 2303 (Loss: 0.4853)
[=                                       ]: 2304 (Loss: 0.6228)
[==                                      ]: 2305 (Loss: 0.5665)
[==                                      ]: 2306 (Loss: 0.4116)
[==                                      ]: 2307 (Loss: 0.4053)
[===                                     ]: 2308 (Loss: 0.5325)
[===                                     ]: 2309 (Loss: 0.4742)
[====                                    ]: 2310 (Loss: 0.4776)
[====                                    ]: 2311 (Loss: 0.4222)
[====                                    ]: 2312 (Loss: 0.5067)
[=====                                   ]: 2313 (Loss: 0.4222)
[=====                                   ]: 2314 (Loss: 0.4784)
[======                                  ]: 2315 (Loss: 0.4726)
[======                                  ]: 2316 (Loss: 0.5208)
[======                                  ]: 2317 (Loss: 0.4757)
[=======                                 ]: 2318 (Loss: 0.3944)
[=======                                 ]: 2319 (Loss: 0.5638)
[========                                ]: 2320 (Loss: 0.5080)
[========                                ]: 2321 (Loss: 0.4103)
[========                                ]: 2322 (Loss: 0.5311)
[=========                               ]: 2323 (Loss: 0.5991)
[=========                               ]: 2324 (Loss: 0.3997)
[==========                              ]: 2325 (Loss: 0.5096)
[==========                              ]: 2326 (Loss: 0.3816)
[==========                              ]: 2327 (Loss: 0.4974)
[===========                             ]: 2328 (Loss: 0.4852)
[===========                             ]: 2329 (Loss: 0.4455)
[============                            ]: 2330 (Loss: 0.5408)
[============                            ]: 2331 (Loss: 0.4108)
[============                            ]: 2332 (Loss: 0.3991)
[=============                           ]: 2333 (Loss: 0.5558)
[=============                           ]: 2334 (Loss: 0.5123)
[==============                          ]: 2335 (Loss: 0.5308)
[==============                          ]: 2336 (Loss: 0.4045)
[==============                          ]: 2337 (Loss: 0.4049)
[===============                         ]: 2338 (Loss: 0.4527)
[===============                         ]: 2339 (Loss: 0.3558)
[================                        ]: 2340 (Loss: 0.5153)
[================                        ]: 2341 (Loss: 0.4674)
[================                        ]: 2342 (Loss: 0.5229)
[=================                       ]: 2343 (Loss: 0.4665)
[=================                       ]: 2344 (Loss: 0.3944)
[==================                      ]: 2345 (Loss: 0.3455)
[==================                      ]: 2346 (Loss: 0.3373)
[==================                      ]: 2347 (Loss: 0.3752)
[===================                     ]: 2348 (Loss: 0.5258)
[===================                     ]: 2349 (Loss: 0.4318)
[====================                    ]: 2350 (Loss: 0.4546)
[====================                    ]: 2351 (Loss: 0.4199)
[====================                    ]: 2352 (Loss: 0.5535)
[=====================                   ]: 2353 (Loss: 0.5135)
[=====================                   ]: 2354 (Loss: 0.4449)
[======================                  ]: 2355 (Loss: 0.3213)
[======================                  ]: 2356 (Loss: 0.4538)
[======================                  ]: 2357 (Loss: 0.4895)
[=======================                 ]: 2358 (Loss: 0.4437)
[=======================                 ]: 2359 (Loss: 0.4613)
[========================                ]: 2360 (Loss: 0.5319)
[========================                ]: 2361 (Loss: 0.3862)
[========================                ]: 2362 (Loss: 0.4651)
[=========================               ]: 2363 (Loss: 0.5359)
[=========================               ]: 2364 (Loss: 0.6304)
[==========================              ]: 2365 (Loss: 0.4794)
[==========================              ]: 2366 (Loss: 0.4252)
[==========================              ]: 2367 (Loss: 0.4907)
[===========================             ]: 2368 (Loss: 0.4057)
[===========================             ]: 2369 (Loss: 0.5626)
[============================            ]: 2370 (Loss: 0.3682)
[============================            ]: 2371 (Loss: 0.4001)
[============================            ]: 2372 (Loss: 0.4979)
[=============================           ]: 2373 (Loss: 0.5462)
[=============================           ]: 2374 (Loss: 0.4742)
[==============================          ]: 2375 (Loss: 0.4224)
[==============================          ]: 2376 (Loss: 0.4307)
[==============================          ]: 2377 (Loss: 0.4765)
[===============================         ]: 2378 (Loss: 0.4663)
[===============================         ]: 2379 (Loss: 0.5112)
[================================        ]: 2380 (Loss: 0.5810)
[================================        ]: 2381 (Loss: 0.4920)
[================================        ]: 2382 (Loss: 0.4700)
[=================================       ]: 2383 (Loss: 0.4921)
[=================================       ]: 2384 (Loss: 0.4489)
[==================================      ]: 2385 (Loss: 0.3816)
[==================================      ]: 2386 (Loss: 0.4828)
[==================================      ]: 2387 (Loss: 0.5296)
[===================================     ]: 2388 (Loss: 0.5796)
[===================================     ]: 2389 (Loss: 0.4717)
[====================================    ]: 2390 (Loss: 0.4449)
[====================================    ]: 2391 (Loss: 0.4803)
[====================================    ]: 2392 (Loss: 0.3650)
[=====================================   ]: 2393 (Loss: 0.4072)
[=====================================   ]: 2394 (Loss: 0.4043)
[======================================  ]: 2395 (Loss: 0.4616)
[======================================  ]: 2396 (Loss: 0.3479)
[======================================  ]: 2397 (Loss: 0.3946)
[======================================= ]: 2398 (Loss: 0.4468)
[======================================= ]: 2399 (Loss: 0.4677)
[========================================]: 2400 (Loss: 0.5166)
                                                                                                    
[2026-07-16 22:08:19,118] [INFO] [__main__] Batch 2400 Loss: 0.465696 Cost: 9.34 Time: 82 ms/sequence
[2026-07-16 22:08:19,119] [INFO] [__main__] Advice weight norm: 19.571743 | Advice gradient norm: 0.342035

[                                        ]: 2401 (Loss: 0.4341)
[                                        ]: 2402 (Loss: 0.3959)
[=                                       ]: 2403 (Loss: 0.5488)
[=                                       ]: 2404 (Loss: 0.4344)
[==                                      ]: 2405 (Loss: 0.4480)
[==                                      ]: 2406 (Loss: 0.4599)
[==                                      ]: 2407 (Loss: 0.4210)
[===                                     ]: 2408 (Loss: 0.4482)
[===                                     ]: 2409 (Loss: 0.6024)
[====                                    ]: 2410 (Loss: 0.3652)
[====                                    ]: 2411 (Loss: 0.4049)
[====                                    ]: 2412 (Loss: 0.4491)
[=====                                   ]: 2413 (Loss: 0.4978)
[=====                                   ]: 2414 (Loss: 0.4464)
[======                                  ]: 2415 (Loss: 0.4171)
[======                                  ]: 2416 (Loss: 0.5400)
[======                                  ]: 2417 (Loss: 0.4352)
[=======                                 ]: 2418 (Loss: 0.3844)
[=======                                 ]: 2419 (Loss: 0.4035)
[========                                ]: 2420 (Loss: 0.4273)
[========                                ]: 2421 (Loss: 0.5451)
[========                                ]: 2422 (Loss: 0.5129)
[=========                               ]: 2423 (Loss: 0.4934)
[=========                               ]: 2424 (Loss: 0.5595)
[==========                              ]: 2425 (Loss: 0.4364)
[==========                              ]: 2426 (Loss: 0.4760)
[==========                              ]: 2427 (Loss: 0.4226)
[===========                             ]: 2428 (Loss: 0.3350)
[===========                             ]: 2429 (Loss: 0.4523)
[============                            ]: 2430 (Loss: 0.3892)
[============                            ]: 2431 (Loss: 0.4568)
[============                            ]: 2432 (Loss: 0.4159)
[=============                           ]: 2433 (Loss: 0.2945)
[=============                           ]: 2434 (Loss: 0.5974)
[==============                          ]: 2435 (Loss: 0.4751)
[==============                          ]: 2436 (Loss: 0.3715)
[==============                          ]: 2437 (Loss: 0.5068)
[===============                         ]: 2438 (Loss: 0.3765)
[===============                         ]: 2439 (Loss: 0.4634)
[================                        ]: 2440 (Loss: 0.5073)
[================                        ]: 2441 (Loss: 0.4869)
[================                        ]: 2442 (Loss: 0.4705)
[=================                       ]: 2443 (Loss: 0.4657)
[=================                       ]: 2444 (Loss: 0.5191)
[==================                      ]: 2445 (Loss: 0.3901)
[==================                      ]: 2446 (Loss: 0.3929)
[==================                      ]: 2447 (Loss: 0.4014)
[===================                     ]: 2448 (Loss: 0.4244)
[===================                     ]: 2449 (Loss: 0.4762)
[====================                    ]: 2450 (Loss: 0.5009)
[====================                    ]: 2451 (Loss: 0.4835)
[====================                    ]: 2452 (Loss: 0.4104)
[=====================                   ]: 2453 (Loss: 0.4098)
[=====================                   ]: 2454 (Loss: 0.4430)
[======================                  ]: 2455 (Loss: 0.5573)
[======================                  ]: 2456 (Loss: 0.3452)
[======================                  ]: 2457 (Loss: 0.3725)
[=======================                 ]: 2458 (Loss: 0.4453)
[=======================                 ]: 2459 (Loss: 0.4001)
[========================                ]: 2460 (Loss: 0.4088)
[========================                ]: 2461 (Loss: 0.4452)
[========================                ]: 2462 (Loss: 0.4064)
[=========================               ]: 2463 (Loss: 0.3856)
[=========================               ]: 2464 (Loss: 0.3426)
[==========================              ]: 2465 (Loss: 0.4774)
[==========================              ]: 2466 (Loss: 0.4160)
[==========================              ]: 2467 (Loss: 0.4324)
[===========================             ]: 2468 (Loss: 0.6090)
[===========================             ]: 2469 (Loss: 0.3729)
[============================            ]: 2470 (Loss: 0.3499)
[============================            ]: 2471 (Loss: 0.4613)
[============================            ]: 2472 (Loss: 0.3127)
[=============================           ]: 2473 (Loss: 0.4432)
[=============================           ]: 2474 (Loss: 0.3796)
[==============================          ]: 2475 (Loss: 0.3894)
[==============================          ]: 2476 (Loss: 0.4511)
[==============================          ]: 2477 (Loss: 0.4041)
[===============================         ]: 2478 (Loss: 0.3980)
[===============================         ]: 2479 (Loss: 0.4145)
[================================        ]: 2480 (Loss: 0.3978)
[================================        ]: 2481 (Loss: 0.3194)
[================================        ]: 2482 (Loss: 0.4149)
[=================================       ]: 2483 (Loss: 0.5380)
[=================================       ]: 2484 (Loss: 0.4001)
[==================================      ]: 2485 (Loss: 0.5314)
[==================================      ]: 2486 (Loss: 0.4405)
[==================================      ]: 2487 (Loss: 0.4334)
[===================================     ]: 2488 (Loss: 0.4285)
[===================================     ]: 2489 (Loss: 0.5167)
[====================================    ]: 2490 (Loss: 0.4638)
[====================================    ]: 2491 (Loss: 0.4344)
[====================================    ]: 2492 (Loss: 0.4577)
[=====================================   ]: 2493 (Loss: 0.4787)
[=====================================   ]: 2494 (Loss: 0.4340)
[======================================  ]: 2495 (Loss: 0.3842)
[======================================  ]: 2496 (Loss: 0.4832)
[======================================  ]: 2497 (Loss: 0.5261)
[======================================= ]: 2498 (Loss: 0.4445)
[======================================= ]: 2499 (Loss: 0.3909)
[========================================]: 2500 (Loss: 0.4411)
                                                                                                    
[2026-07-16 22:08:27,264] [INFO] [__main__] Batch 2500 Loss: 0.441057 Cost: 8.70 Time: 81 ms/sequence
[2026-07-16 22:08:27,264] [INFO] [__main__] Advice weight norm: 19.602270 | Advice gradient norm: 0.425394

[                                        ]: 2501 (Loss: 0.4183)
[                                        ]: 2502 (Loss: 0.3666)
[=                                       ]: 2503 (Loss: 0.5241)
[=                                       ]: 2504 (Loss: 0.3553)
[==                                      ]: 2505 (Loss: 0.4589)
[==                                      ]: 2506 (Loss: 0.4873)
[==                                      ]: 2507 (Loss: 0.4691)
[===                                     ]: 2508 (Loss: 0.4028)
[===                                     ]: 2509 (Loss: 0.3767)
[====                                    ]: 2510 (Loss: 0.4362)
[====                                    ]: 2511 (Loss: 0.5136)
[====                                    ]: 2512 (Loss: 0.4667)
[=====                                   ]: 2513 (Loss: 0.5121)
[=====                                   ]: 2514 (Loss: 0.4261)
[======                                  ]: 2515 (Loss: 0.4371)
[======                                  ]: 2516 (Loss: 0.3758)
[======                                  ]: 2517 (Loss: 0.3688)
[=======                                 ]: 2518 (Loss: 0.4315)
[=======                                 ]: 2519 (Loss: 0.5635)
[========                                ]: 2520 (Loss: 0.4363)
[========                                ]: 2521 (Loss: 0.4474)
[========                                ]: 2522 (Loss: 0.4503)
[=========                               ]: 2523 (Loss: 0.6442)
[=========                               ]: 2524 (Loss: 0.5744)
[==========                              ]: 2525 (Loss: 0.4898)
[==========                              ]: 2526 (Loss: 0.6448)
[==========                              ]: 2527 (Loss: 0.5132)
[===========                             ]: 2528 (Loss: 0.5177)
[===========                             ]: 2529 (Loss: 0.4016)
[============                            ]: 2530 (Loss: 0.5409)
[============                            ]: 2531 (Loss: 0.4778)
[============                            ]: 2532 (Loss: 0.5110)
[=============                           ]: 2533 (Loss: 0.4672)
[=============                           ]: 2534 (Loss: 0.5188)
[==============                          ]: 2535 (Loss: 0.4731)
[==============                          ]: 2536 (Loss: 0.4486)
[==============                          ]: 2537 (Loss: 0.4857)
[===============                         ]: 2538 (Loss: 0.3619)
[===============                         ]: 2539 (Loss: 0.4874)
[================                        ]: 2540 (Loss: 0.4625)
[================                        ]: 2541 (Loss: 0.3804)
[================                        ]: 2542 (Loss: 0.4721)
[=================                       ]: 2543 (Loss: 0.4160)
[=================                       ]: 2544 (Loss: 0.3692)
[==================                      ]: 2545 (Loss: 0.5363)
[==================                      ]: 2546 (Loss: 0.3929)
[==================                      ]: 2547 (Loss: 0.4024)
[===================                     ]: 2548 (Loss: 0.4743)
[===================                     ]: 2549 (Loss: 0.4396)
[====================                    ]: 2550 (Loss: 0.4586)
[====================                    ]: 2551 (Loss: 0.4886)
[====================                    ]: 2552 (Loss: 0.4988)
[=====================                   ]: 2553 (Loss: 0.4004)
[=====================                   ]: 2554 (Loss: 0.5406)
[======================                  ]: 2555 (Loss: 0.3973)
[======================                  ]: 2556 (Loss: 0.4823)
[======================                  ]: 2557 (Loss: 0.4533)
[=======================                 ]: 2558 (Loss: 0.4150)
[=======================                 ]: 2559 (Loss: 0.4236)
[========================                ]: 2560 (Loss: 0.5236)
[========================                ]: 2561 (Loss: 0.3551)
[========================                ]: 2562 (Loss: 0.5512)
[=========================               ]: 2563 (Loss: 0.5389)
[=========================               ]: 2564 (Loss: 0.5143)
[==========================              ]: 2565 (Loss: 0.5602)
[==========================              ]: 2566 (Loss: 0.4861)
[==========================              ]: 2567 (Loss: 0.5569)
[===========================             ]: 2568 (Loss: 0.4625)
[===========================             ]: 2569 (Loss: 0.4808)
[============================            ]: 2570 (Loss: 0.4339)
[============================            ]: 2571 (Loss: 0.4377)
[============================            ]: 2572 (Loss: 0.5314)
[=============================           ]: 2573 (Loss: 0.5086)
[=============================           ]: 2574 (Loss: 0.4263)
[==============================          ]: 2575 (Loss: 0.4308)
[==============================          ]: 2576 (Loss: 0.4890)
[==============================          ]: 2577 (Loss: 0.3723)
[===============================         ]: 2578 (Loss: 0.3932)
[===============================         ]: 2579 (Loss: 0.3613)
[================================        ]: 2580 (Loss: 0.5661)
[================================        ]: 2581 (Loss: 0.4467)
[================================        ]: 2582 (Loss: 0.2991)
[=================================       ]: 2583 (Loss: 0.4560)
[=================================       ]: 2584 (Loss: 0.4847)
[==================================      ]: 2585 (Loss: 0.4159)
[==================================      ]: 2586 (Loss: 0.4853)
[==================================      ]: 2587 (Loss: 0.4758)
[===================================     ]: 2588 (Loss: 0.4040)
[===================================     ]: 2589 (Loss: 0.4598)
[====================================    ]: 2590 (Loss: 0.4346)
[====================================    ]: 2591 (Loss: 0.3794)
[====================================    ]: 2592 (Loss: 0.4334)
[=====================================   ]: 2593 (Loss: 0.5185)
[=====================================   ]: 2594 (Loss: 0.4405)
[======================================  ]: 2595 (Loss: 0.4223)
[======================================  ]: 2596 (Loss: 0.4630)
[======================================  ]: 2597 (Loss: 0.5733)
[======================================= ]: 2598 (Loss: 0.3962)
[======================================= ]: 2599 (Loss: 0.4259)
[========================================]: 2600 (Loss: 0.5129)
                                                                                                    
[2026-07-16 22:08:35,412] [INFO] [__main__] Batch 2600 Loss: 0.460948 Cost: 9.11 Time: 81 ms/sequence
[2026-07-16 22:08:35,412] [INFO] [__main__] Advice weight norm: 19.622831 | Advice gradient norm: 0.624401

[                                        ]: 2601 (Loss: 0.6157)
[                                        ]: 2602 (Loss: 0.4404)
[=                                       ]: 2603 (Loss: 0.5138)
[=                                       ]: 2604 (Loss: 0.3835)
[==                                      ]: 2605 (Loss: 0.3563)
[==                                      ]: 2606 (Loss: 0.5356)
[==                                      ]: 2607 (Loss: 0.5440)
[===                                     ]: 2608 (Loss: 0.4246)
[===                                     ]: 2609 (Loss: 0.4784)
[====                                    ]: 2610 (Loss: 0.4579)
[====                                    ]: 2611 (Loss: 0.4228)
[====                                    ]: 2612 (Loss: 0.4546)
[=====                                   ]: 2613 (Loss: 0.3993)
[=====                                   ]: 2614 (Loss: 0.4778)
[======                                  ]: 2615 (Loss: 0.4516)
[======                                  ]: 2616 (Loss: 0.5020)
[======                                  ]: 2617 (Loss: 0.4748)
[=======                                 ]: 2618 (Loss: 0.4166)
[=======                                 ]: 2619 (Loss: 0.4494)
[========                                ]: 2620 (Loss: 0.4004)
[========                                ]: 2621 (Loss: 0.4396)
[========                                ]: 2622 (Loss: 0.3634)
[=========                               ]: 2623 (Loss: 0.4111)
[=========                               ]: 2624 (Loss: 0.4684)
[==========                              ]: 2625 (Loss: 0.5136)
[==========                              ]: 2626 (Loss: 0.4266)
[==========                              ]: 2627 (Loss: 0.4040)
[===========                             ]: 2628 (Loss: 0.4423)
[===========                             ]: 2629 (Loss: 0.5210)
[============                            ]: 2630 (Loss: 0.4444)
[============                            ]: 2631 (Loss: 0.4041)
[============                            ]: 2632 (Loss: 0.5946)
[=============                           ]: 2633 (Loss: 0.5777)
[=============                           ]: 2634 (Loss: 0.4799)
[==============                          ]: 2635 (Loss: 0.3454)
[==============                          ]: 2636 (Loss: 0.4152)
[==============                          ]: 2637 (Loss: 0.4099)
[===============                         ]: 2638 (Loss: 0.6042)
[===============                         ]: 2639 (Loss: 0.3690)
[================                        ]: 2640 (Loss: 0.3977)
[================                        ]: 2641 (Loss: 0.5126)
[================                        ]: 2642 (Loss: 0.4062)
[=================                       ]: 2643 (Loss: 0.4674)
[=================                       ]: 2644 (Loss: 0.4377)
[==================                      ]: 2645 (Loss: 0.4570)
[==================                      ]: 2646 (Loss: 0.4979)
[==================                      ]: 2647 (Loss: 0.4713)
[===================                     ]: 2648 (Loss: 0.4841)
[===================                     ]: 2649 (Loss: 0.5005)
[====================                    ]: 2650 (Loss: 0.5649)
[====================                    ]: 2651 (Loss: 0.4111)
[====================                    ]: 2652 (Loss: 0.3685)
[=====================                   ]: 2653 (Loss: 0.5768)
[=====================                   ]: 2654 (Loss: 0.3988)
[======================                  ]: 2655 (Loss: 0.4066)
[======================                  ]: 2656 (Loss: 0.3419)
[======================                  ]: 2657 (Loss: 0.3729)
[=======================                 ]: 2658 (Loss: 0.4659)
[=======================                 ]: 2659 (Loss: 0.4049)
[========================                ]: 2660 (Loss: 0.4282)
[========================                ]: 2661 (Loss: 0.5335)
[========================                ]: 2662 (Loss: 0.3782)
[=========================               ]: 2663 (Loss: 0.5568)
[=========================               ]: 2664 (Loss: 0.5292)
[==========================              ]: 2665 (Loss: 0.4574)
[==========================              ]: 2666 (Loss: 0.3930)
[==========================              ]: 2667 (Loss: 0.3680)
[===========================             ]: 2668 (Loss: 0.3988)
[===========================             ]: 2669 (Loss: 0.3846)
[============================            ]: 2670 (Loss: 0.4598)
[============================            ]: 2671 (Loss: 0.4667)
[============================            ]: 2672 (Loss: 0.5049)
[=============================           ]: 2673 (Loss: 0.4641)
[=============================           ]: 2674 (Loss: 0.3516)
[==============================          ]: 2675 (Loss: 0.4695)
[==============================          ]: 2676 (Loss: 0.4886)
[==============================          ]: 2677 (Loss: 0.4192)
[===============================         ]: 2678 (Loss: 0.3235)
[===============================         ]: 2679 (Loss: 0.5349)
[================================        ]: 2680 (Loss: 0.3989)
[================================        ]: 2681 (Loss: 0.4828)
[================================        ]: 2682 (Loss: 0.5253)
[=================================       ]: 2683 (Loss: 0.3561)
[=================================       ]: 2684 (Loss: 0.3353)
[==================================      ]: 2685 (Loss: 0.3490)
[==================================      ]: 2686 (Loss: 0.4581)
[==================================      ]: 2687 (Loss: 0.4835)
[===================================     ]: 2688 (Loss: 0.4119)
[===================================     ]: 2689 (Loss: 0.3776)
[====================================    ]: 2690 (Loss: 0.3985)
[====================================    ]: 2691 (Loss: 0.3552)
[====================================    ]: 2692 (Loss: 0.4210)
[=====================================   ]: 2693 (Loss: 0.4618)
[=====================================   ]: 2694 (Loss: 0.4403)
[======================================  ]: 2695 (Loss: 0.3920)
[======================================  ]: 2696 (Loss: 0.3724)
[======================================  ]: 2697 (Loss: 0.4461)
[======================================= ]: 2698 (Loss: 0.4500)
[======================================= ]: 2699 (Loss: 0.4074)
[========================================]: 2700 (Loss: 0.4939)
                                                                                                    
[2026-07-16 22:08:43,485] [INFO] [__main__] Batch 2700 Loss: 0.445063 Cost: 8.71 Time: 80 ms/sequence
[2026-07-16 22:08:43,485] [INFO] [__main__] Advice weight norm: 19.648666 | Advice gradient norm: 0.446067

[                                        ]: 2701 (Loss: 0.3232)
[                                        ]: 2702 (Loss: 0.5289)
[=                                       ]: 2703 (Loss: 0.3960)
[=                                       ]: 2704 (Loss: 0.5111)
[==                                      ]: 2705 (Loss: 0.4409)
[==                                      ]: 2706 (Loss: 0.3767)
[==                                      ]: 2707 (Loss: 0.3994)
[===                                     ]: 2708 (Loss: 0.5494)
[===                                     ]: 2709 (Loss: 0.4383)
[====                                    ]: 2710 (Loss: 0.4426)
[====                                    ]: 2711 (Loss: 0.5476)
[====                                    ]: 2712 (Loss: 0.4837)
[=====                                   ]: 2713 (Loss: 0.4490)
[=====                                   ]: 2714 (Loss: 0.3952)
[======                                  ]: 2715 (Loss: 0.5153)
[======                                  ]: 2716 (Loss: 0.4164)
[======                                  ]: 2717 (Loss: 0.4945)
[=======                                 ]: 2718 (Loss: 0.3566)
[=======                                 ]: 2719 (Loss: 0.4245)
[========                                ]: 2720 (Loss: 0.4653)
[========                                ]: 2721 (Loss: 0.3812)
[========                                ]: 2722 (Loss: 0.4605)
[=========                               ]: 2723 (Loss: 0.4770)
[=========                               ]: 2724 (Loss: 0.3412)
[==========                              ]: 2725 (Loss: 0.4604)
[==========                              ]: 2726 (Loss: 0.4648)
[==========                              ]: 2727 (Loss: 0.4823)
[===========                             ]: 2728 (Loss: 0.4553)
[===========                             ]: 2729 (Loss: 0.4463)
[============                            ]: 2730 (Loss: 0.5334)
[============                            ]: 2731 (Loss: 0.5860)
[============                            ]: 2732 (Loss: 0.3575)
[=============                           ]: 2733 (Loss: 0.3703)
[=============                           ]: 2734 (Loss: 0.4386)
[==============                          ]: 2735 (Loss: 0.4701)
[==============                          ]: 2736 (Loss: 0.4236)
[==============                          ]: 2737 (Loss: 0.4568)
[===============                         ]: 2738 (Loss: 0.4229)
[===============                         ]: 2739 (Loss: 0.4416)
[================                        ]: 2740 (Loss: 0.5308)
[================                        ]: 2741 (Loss: 0.3113)
[================                        ]: 2742 (Loss: 0.3199)
[=================                       ]: 2743 (Loss: 0.4100)
[=================                       ]: 2744 (Loss: 0.4829)
[==================                      ]: 2745 (Loss: 0.4384)
[==================                      ]: 2746 (Loss: 0.5473)
[==================                      ]: 2747 (Loss: 0.5149)
[===================                     ]: 2748 (Loss: 0.4169)
[===================                     ]: 2749 (Loss: 0.4466)
[====================                    ]: 2750 (Loss: 0.3742)
[====================                    ]: 2751 (Loss: 0.5483)
[====================                    ]: 2752 (Loss: 0.4477)
[=====================                   ]: 2753 (Loss: 0.4449)
[=====================                   ]: 2754 (Loss: 0.4109)
[======================                  ]: 2755 (Loss: 0.3827)
[======================                  ]: 2756 (Loss: 0.4688)
[======================                  ]: 2757 (Loss: 0.5309)
[=======================                 ]: 2758 (Loss: 0.3720)
[=======================                 ]: 2759 (Loss: 0.4379)
[========================                ]: 2760 (Loss: 0.4452)
[========================                ]: 2761 (Loss: 0.4720)
[========================                ]: 2762 (Loss: 0.3688)
[=========================               ]: 2763 (Loss: 0.4090)
[=========================               ]: 2764 (Loss: 0.3853)
[==========================              ]: 2765 (Loss: 0.4220)
[==========================              ]: 2766 (Loss: 0.4524)
[==========================              ]: 2767 (Loss: 0.4160)
[===========================             ]: 2768 (Loss: 0.4003)
[===========================             ]: 2769 (Loss: 0.3778)
[============================            ]: 2770 (Loss: 0.3967)
[============================            ]: 2771 (Loss: 0.5670)
[============================            ]: 2772 (Loss: 0.3856)
[=============================           ]: 2773 (Loss: 0.3022)
[=============================           ]: 2774 (Loss: 0.4151)
[==============================          ]: 2775 (Loss: 0.3347)
[==============================          ]: 2776 (Loss: 0.4357)
[==============================          ]: 2777 (Loss: 0.5351)
[===============================         ]: 2778 (Loss: 0.4901)
[===============================         ]: 2779 (Loss: 0.3225)
[================================        ]: 2780 (Loss: 0.4364)
[================================        ]: 2781 (Loss: 0.4288)
[================================        ]: 2782 (Loss: 0.4703)
[=================================       ]: 2783 (Loss: 0.6052)
[=================================       ]: 2784 (Loss: 0.3113)
[==================================      ]: 2785 (Loss: 0.5378)
[==================================      ]: 2786 (Loss: 0.3300)
[==================================      ]: 2787 (Loss: 0.4363)
[===================================     ]: 2788 (Loss: 0.4597)
[===================================     ]: 2789 (Loss: 0.4125)
[====================================    ]: 2790 (Loss: 0.4143)
[====================================    ]: 2791 (Loss: 0.3143)
[====================================    ]: 2792 (Loss: 0.5372)
[=====================================   ]: 2793 (Loss: 0.4398)
[=====================================   ]: 2794 (Loss: 0.4705)
[======================================  ]: 2795 (Loss: 0.5245)
[======================================  ]: 2796 (Loss: 0.4190)
[======================================  ]: 2797 (Loss: 0.4477)
[======================================= ]: 2798 (Loss: 0.4070)
[======================================= ]: 2799 (Loss: 0.3561)
[========================================]: 2800 (Loss: 0.4271)
                                                                                                    
[2026-07-16 22:08:51,486] [INFO] [__main__] Batch 2800 Loss: 0.437812 Cost: 8.53 Time: 80 ms/sequence
[2026-07-16 22:08:51,487] [INFO] [__main__] Advice weight norm: 19.675522 | Advice gradient norm: 0.502319

[                                        ]: 2801 (Loss: 0.4143)
[                                        ]: 2802 (Loss: 0.3070)
[=                                       ]: 2803 (Loss: 0.3605)
[=                                       ]: 2804 (Loss: 0.5543)
[==                                      ]: 2805 (Loss: 0.4725)
[==                                      ]: 2806 (Loss: 0.3565)
[==                                      ]: 2807 (Loss: 0.5141)
[===                                     ]: 2808 (Loss: 0.4318)
[===                                     ]: 2809 (Loss: 0.6486)
[====                                    ]: 2810 (Loss: 0.4407)
[====                                    ]: 2811 (Loss: 0.5183)
[====                                    ]: 2812 (Loss: 0.4380)
[=====                                   ]: 2813 (Loss: 0.3993)
[=====                                   ]: 2814 (Loss: 0.4470)
[======                                  ]: 2815 (Loss: 0.4090)
[======                                  ]: 2816 (Loss: 0.3638)
[======                                  ]: 2817 (Loss: 0.4406)
[=======                                 ]: 2818 (Loss: 0.5869)
[=======                                 ]: 2819 (Loss: 0.4464)
[========                                ]: 2820 (Loss: 0.3563)
[========                                ]: 2821 (Loss: 0.3653)
[========                                ]: 2822 (Loss: 0.5132)
[=========                               ]: 2823 (Loss: 0.3881)
[=========                               ]: 2824 (Loss: 0.3492)
[==========                              ]: 2825 (Loss: 0.4375)
[==========                              ]: 2826 (Loss: 0.4419)
[==========                              ]: 2827 (Loss: 0.4563)
[===========                             ]: 2828 (Loss: 0.3781)
[===========                             ]: 2829 (Loss: 0.4255)
[============                            ]: 2830 (Loss: 0.4456)
[============                            ]: 2831 (Loss: 0.5162)
[============                            ]: 2832 (Loss: 0.4198)
[=============                           ]: 2833 (Loss: 0.6015)
[=============                           ]: 2834 (Loss: 0.4175)
[==============                          ]: 2835 (Loss: 0.5005)
[==============                          ]: 2836 (Loss: 0.5846)
[==============                          ]: 2837 (Loss: 0.3809)
[===============                         ]: 2838 (Loss: 0.5209)
[===============                         ]: 2839 (Loss: 0.4041)
[================                        ]: 2840 (Loss: 0.3750)
[================                        ]: 2841 (Loss: 0.3356)
[================                        ]: 2842 (Loss: 0.4600)
[=================                       ]: 2843 (Loss: 0.4215)
[=================                       ]: 2844 (Loss: 0.5093)
[==================                      ]: 2845 (Loss: 0.4635)
[==================                      ]: 2846 (Loss: 0.4078)
[==================                      ]: 2847 (Loss: 0.5236)
[===================                     ]: 2848 (Loss: 0.4998)
[===================                     ]: 2849 (Loss: 0.4982)
[====================                    ]: 2850 (Loss: 0.5097)
[====================                    ]: 2851 (Loss: 0.4145)
[====================                    ]: 2852 (Loss: 0.3017)
[=====================                   ]: 2853 (Loss: 0.3666)
[=====================                   ]: 2854 (Loss: 0.4218)
[======================                  ]: 2855 (Loss: 0.4975)
[======================                  ]: 2856 (Loss: 0.5490)
[======================                  ]: 2857 (Loss: 0.5267)
[=======================                 ]: 2858 (Loss: 0.4194)
[=======================                 ]: 2859 (Loss: 0.4366)
[========================                ]: 2860 (Loss: 0.4525)
[========================                ]: 2861 (Loss: 0.3828)
[========================                ]: 2862 (Loss: 0.4586)
[=========================               ]: 2863 (Loss: 0.3004)
[=========================               ]: 2864 (Loss: 0.3097)
[==========================              ]: 2865 (Loss: 0.3954)
[==========================              ]: 2866 (Loss: 0.3499)
[==========================              ]: 2867 (Loss: 0.4408)
[===========================             ]: 2868 (Loss: 0.3244)
[===========================             ]: 2869 (Loss: 0.4539)
[============================            ]: 2870 (Loss: 0.4774)
[============================            ]: 2871 (Loss: 0.3417)
[============================            ]: 2872 (Loss: 0.4422)
[=============================           ]: 2873 (Loss: 0.4378)
[=============================           ]: 2874 (Loss: 0.5348)
[==============================          ]: 2875 (Loss: 0.4772)
[==============================          ]: 2876 (Loss: 0.4567)
[==============================          ]: 2877 (Loss: 0.4798)
[===============================         ]: 2878 (Loss: 0.4705)
[===============================         ]: 2879 (Loss: 0.3058)
[================================        ]: 2880 (Loss: 0.3840)
[================================        ]: 2881 (Loss: 0.3823)
[================================        ]: 2882 (Loss: 0.4769)
[=================================       ]: 2883 (Loss: 0.4791)
[=================================       ]: 2884 (Loss: 0.3196)
[==================================      ]: 2885 (Loss: 0.5073)
[==================================      ]: 2886 (Loss: 0.4717)
[==================================      ]: 2887 (Loss: 0.3949)
[===================================     ]: 2888 (Loss: 0.5037)
[===================================     ]: 2889 (Loss: 0.4058)
[====================================    ]: 2890 (Loss: 0.4247)
[====================================    ]: 2891 (Loss: 0.5175)
[====================================    ]: 2892 (Loss: 0.5230)
[=====================================   ]: 2893 (Loss: 0.3900)
[=====================================   ]: 2894 (Loss: 0.3741)
[======================================  ]: 2895 (Loss: 0.4119)
[======================================  ]: 2896 (Loss: 0.4039)
[======================================  ]: 2897 (Loss: 0.3180)
[======================================= ]: 2898 (Loss: 0.5192)
[======================================= ]: 2899 (Loss: 0.4346)
[========================================]: 2900 (Loss: 0.4336)
                                                                                                    
[2026-07-16 22:08:59,706] [INFO] [__main__] Batch 2900 Loss: 0.437588 Cost: 8.47 Time: 82 ms/sequence
[2026-07-16 22:08:59,706] [INFO] [__main__] Advice weight norm: 19.699785 | Advice gradient norm: 0.604310

[                                        ]: 2901 (Loss: 0.4087)
[                                        ]: 2902 (Loss: 0.3997)
[=                                       ]: 2903 (Loss: 0.4905)
[=                                       ]: 2904 (Loss: 0.4130)
[==                                      ]: 2905 (Loss: 0.3917)
[==                                      ]: 2906 (Loss: 0.5199)
[==                                      ]: 2907 (Loss: 0.3664)
[===                                     ]: 2908 (Loss: 0.4155)
[===                                     ]: 2909 (Loss: 0.3504)
[====                                    ]: 2910 (Loss: 0.4724)
[====                                    ]: 2911 (Loss: 0.4623)
[====                                    ]: 2912 (Loss: 0.3381)
[=====                                   ]: 2913 (Loss: 0.4930)
[=====                                   ]: 2914 (Loss: 0.4298)
[======                                  ]: 2915 (Loss: 0.4951)
[======                                  ]: 2916 (Loss: 0.5174)
[======                                  ]: 2917 (Loss: 0.5420)
[=======                                 ]: 2918 (Loss: 0.5772)
[=======                                 ]: 2919 (Loss: 0.4519)
[========                                ]: 2920 (Loss: 0.3444)
[========                                ]: 2921 (Loss: 0.3377)
[========                                ]: 2922 (Loss: 0.3946)
[=========                               ]: 2923 (Loss: 0.5591)
[=========                               ]: 2924 (Loss: 0.3190)
[==========                              ]: 2925 (Loss: 0.3765)
[==========                              ]: 2926 (Loss: 0.4305)
[==========                              ]: 2927 (Loss: 0.3210)
[===========                             ]: 2928 (Loss: 0.4272)
[===========                             ]: 2929 (Loss: 0.3671)
[============                            ]: 2930 (Loss: 0.4662)
[============                            ]: 2931 (Loss: 0.3820)
[============                            ]: 2932 (Loss: 0.4617)
[=============                           ]: 2933 (Loss: 0.4452)
[=============                           ]: 2934 (Loss: 0.4265)
[==============                          ]: 2935 (Loss: 0.3969)
[==============                          ]: 2936 (Loss: 0.3257)
[==============                          ]: 2937 (Loss: 0.3965)
[===============                         ]: 2938 (Loss: 0.4683)
[===============                         ]: 2939 (Loss: 0.4794)
[================                        ]: 2940 (Loss: 0.4044)
[================                        ]: 2941 (Loss: 0.3834)
[================                        ]: 2942 (Loss: 0.3961)
[=================                       ]: 2943 (Loss: 0.3742)
[=================                       ]: 2944 (Loss: 0.4819)
[==================                      ]: 2945 (Loss: 0.3806)
[==================                      ]: 2946 (Loss: 0.4274)
[==================                      ]: 2947 (Loss: 0.4633)
[===================                     ]: 2948 (Loss: 0.3111)
[===================                     ]: 2949 (Loss: 0.4589)
[====================                    ]: 2950 (Loss: 0.5220)
[====================                    ]: 2951 (Loss: 0.4071)
[====================                    ]: 2952 (Loss: 0.5072)
[=====================                   ]: 2953 (Loss: 0.3659)
[=====================                   ]: 2954 (Loss: 0.4598)
[======================                  ]: 2955 (Loss: 0.4144)
[======================                  ]: 2956 (Loss: 0.5246)
[======================                  ]: 2957 (Loss: 0.4529)
[=======================                 ]: 2958 (Loss: 0.4771)
[=======================                 ]: 2959 (Loss: 0.4829)
[========================                ]: 2960 (Loss: 0.3565)
[========================                ]: 2961 (Loss: 0.3978)
[========================                ]: 2962 (Loss: 0.4165)
[=========================               ]: 2963 (Loss: 0.3372)
[=========================               ]: 2964 (Loss: 0.4193)
[==========================              ]: 2965 (Loss: 0.5897)
[==========================              ]: 2966 (Loss: 0.5504)
[==========================              ]: 2967 (Loss: 0.4423)
[===========================             ]: 2968 (Loss: 0.4376)
[===========================             ]: 2969 (Loss: 0.4065)
[============================            ]: 2970 (Loss: 0.3329)
[============================            ]: 2971 (Loss: 0.4466)
[============================            ]: 2972 (Loss: 0.3122)
[=============================           ]: 2973 (Loss: 0.3382)
[=============================           ]: 2974 (Loss: 0.4861)
[==============================          ]: 2975 (Loss: 0.3295)
[==============================          ]: 2976 (Loss: 0.4469)
[==============================          ]: 2977 (Loss: 0.5079)
[===============================         ]: 2978 (Loss: 0.3632)
[===============================         ]: 2979 (Loss: 0.2804)
[================================        ]: 2980 (Loss: 0.4115)
[================================        ]: 2981 (Loss: 0.5425)
[================================        ]: 2982 (Loss: 0.4891)
[=================================       ]: 2983 (Loss: 0.4271)
[=================================       ]: 2984 (Loss: 0.5339)
[==================================      ]: 2985 (Loss: 0.3026)
[==================================      ]: 2986 (Loss: 0.3967)
[==================================      ]: 2987 (Loss: 0.3259)
[===================================     ]: 2988 (Loss: 0.4537)
[===================================     ]: 2989 (Loss: 0.4160)
[====================================    ]: 2990 (Loss: 0.4366)
[====================================    ]: 2991 (Loss: 0.5852)
[====================================    ]: 2992 (Loss: 0.4529)
[=====================================   ]: 2993 (Loss: 0.4093)
[=====================================   ]: 2994 (Loss: 0.4602)
[======================================  ]: 2995 (Loss: 0.4092)
[======================================  ]: 2996 (Loss: 0.4912)
[======================================  ]: 2997 (Loss: 0.3652)
[======================================= ]: 2998 (Loss: 0.3214)
[======================================= ]: 2999 (Loss: 0.3104)
[========================================]: 3000 (Loss: 0.5454)
                                                                                                    
[2026-07-16 22:09:07,815] [INFO] [__main__] Batch 3000 Loss: 0.426398 Cost: 8.25 Time: 81 ms/sequence
[2026-07-16 22:09:07,815] [INFO] [__main__] Advice weight norm: 19.720312 | Advice gradient norm: 0.420588

                                                                                                    
[2026-07-16 22:09:07,816] [INFO] [__main__] Saving checkpoint to 'runs\copy_sanity_len5\copy\combined\seed_1000\checkpoint-batch-00003000.pt'

[                                        ]: 3001 (Loss: 0.4318)
[                                        ]: 3002 (Loss: 0.4809)
[=                                       ]: 3003 (Loss: 0.4241)
[=                                       ]: 3004 (Loss: 0.5479)
[==                                      ]: 3005 (Loss: 0.4310)
[==                                      ]: 3006 (Loss: 0.5189)
[==                                      ]: 3007 (Loss: 0.4050)
[===                                     ]: 3008 (Loss: 0.4854)
[===                                     ]: 3009 (Loss: 0.4443)
[====                                    ]: 3010 (Loss: 0.4365)
[====                                    ]: 3011 (Loss: 0.3650)
[====                                    ]: 3012 (Loss: 0.4033)
[=====                                   ]: 3013 (Loss: 0.4844)
[=====                                   ]: 3014 (Loss: 0.3831)
[======                                  ]: 3015 (Loss: 0.3916)
[======                                  ]: 3016 (Loss: 0.4736)
[======                                  ]: 3017 (Loss: 0.4540)
[=======                                 ]: 3018 (Loss: 0.4868)
[=======                                 ]: 3019 (Loss: 0.3778)
[========                                ]: 3020 (Loss: 0.3456)
[========                                ]: 3021 (Loss: 0.2968)
[========                                ]: 3022 (Loss: 0.3252)
[=========                               ]: 3023 (Loss: 0.3044)
[=========                               ]: 3024 (Loss: 0.4377)
[==========                              ]: 3025 (Loss: 0.4410)
[==========                              ]: 3026 (Loss: 0.3687)
[==========                              ]: 3027 (Loss: 0.3719)
[===========                             ]: 3028 (Loss: 0.5984)
[===========                             ]: 3029 (Loss: 0.4198)
[============                            ]: 3030 (Loss: 0.2499)
[============                            ]: 3031 (Loss: 0.4290)
[============                            ]: 3032 (Loss: 0.3490)
[=============                           ]: 3033 (Loss: 0.4263)
[=============                           ]: 3034 (Loss: 0.3717)
[==============                          ]: 3035 (Loss: 0.4332)
[==============                          ]: 3036 (Loss: 0.4431)
[==============                          ]: 3037 (Loss: 0.4180)
[===============                         ]: 3038 (Loss: 0.3635)
[===============                         ]: 3039 (Loss: 0.3322)
[================                        ]: 3040 (Loss: 0.3704)
[================                        ]: 3041 (Loss: 0.4337)
[================                        ]: 3042 (Loss: 0.3521)
[=================                       ]: 3043 (Loss: 0.4308)
[=================                       ]: 3044 (Loss: 0.4097)
[==================                      ]: 3045 (Loss: 0.2958)
[==================                      ]: 3046 (Loss: 0.4773)
[==================                      ]: 3047 (Loss: 0.4851)
[===================                     ]: 3048 (Loss: 0.4293)
[===================                     ]: 3049 (Loss: 0.3875)
[====================                    ]: 3050 (Loss: 0.5628)
[====================                    ]: 3051 (Loss: 0.3591)
[====================                    ]: 3052 (Loss: 0.4544)
[=====================                   ]: 3053 (Loss: 0.5031)
[=====================                   ]: 3054 (Loss: 0.3172)
[======================                  ]: 3055 (Loss: 0.3539)
[======================                  ]: 3056 (Loss: 0.3332)
[======================                  ]: 3057 (Loss: 0.4877)
[=======================                 ]: 3058 (Loss: 0.3938)
[=======================                 ]: 3059 (Loss: 0.3978)
[========================                ]: 3060 (Loss: 0.4847)
[========================                ]: 3061 (Loss: 0.3899)
[========================                ]: 3062 (Loss: 0.4535)
[=========================               ]: 3063 (Loss: 0.4244)
[=========================               ]: 3064 (Loss: 0.4471)
[==========================              ]: 3065 (Loss: 0.3992)
[==========================              ]: 3066 (Loss: 0.4844)
[==========================              ]: 3067 (Loss: 0.4112)
[===========================             ]: 3068 (Loss: 0.3441)
[===========================             ]: 3069 (Loss: 0.4168)
[============================            ]: 3070 (Loss: 0.4488)
[============================            ]: 3071 (Loss: 0.4349)
[============================            ]: 3072 (Loss: 0.4534)
[=============================           ]: 3073 (Loss: 0.4163)
[=============================           ]: 3074 (Loss: 0.5155)
[==============================          ]: 3075 (Loss: 0.5237)
[==============================          ]: 3076 (Loss: 0.3577)
[==============================          ]: 3077 (Loss: 0.4916)
[===============================         ]: 3078 (Loss: 0.3616)
[===============================         ]: 3079 (Loss: 0.4132)
[================================        ]: 3080 (Loss: 0.4398)
[================================        ]: 3081 (Loss: 0.4333)
[================================        ]: 3082 (Loss: 0.4552)
[=================================       ]: 3083 (Loss: 0.3475)
[=================================       ]: 3084 (Loss: 0.5779)
[==================================      ]: 3085 (Loss: 0.4818)
[==================================      ]: 3086 (Loss: 0.2773)
[==================================      ]: 3087 (Loss: 0.3969)
[===================================     ]: 3088 (Loss: 0.4990)
[===================================     ]: 3089 (Loss: 0.4798)
[====================================    ]: 3090 (Loss: 0.3743)
[====================================    ]: 3091 (Loss: 0.3981)
[====================================    ]: 3092 (Loss: 0.4183)
[=====================================   ]: 3093 (Loss: 0.3528)
[=====================================   ]: 3094 (Loss: 0.3115)
[======================================  ]: 3095 (Loss: 0.4161)
[======================================  ]: 3096 (Loss: 0.4254)
[======================================  ]: 3097 (Loss: 0.4324)
[======================================= ]: 3098 (Loss: 0.3486)
[======================================= ]: 3099 (Loss: 0.3276)
[========================================]: 3100 (Loss: 0.4248)
                                                                                                    
[2026-07-16 22:09:15,993] [INFO] [__main__] Batch 3100 Loss: 0.416754 Cost: 7.92 Time: 81 ms/sequence
[2026-07-16 22:09:15,993] [INFO] [__main__] Advice weight norm: 19.753590 | Advice gradient norm: 0.425309

[                                        ]: 3101 (Loss: 0.4404)
[                                        ]: 3102 (Loss: 0.4843)
[=                                       ]: 3103 (Loss: 0.4130)
[=                                       ]: 3104 (Loss: 0.3852)
[==                                      ]: 3105 (Loss: 0.3764)
[==                                      ]: 3106 (Loss: 0.4516)
[==                                      ]: 3107 (Loss: 0.3986)
[===                                     ]: 3108 (Loss: 0.4578)
[===                                     ]: 3109 (Loss: 0.4341)
[====                                    ]: 3110 (Loss: 0.4229)
[====                                    ]: 3111 (Loss: 0.3586)
[====                                    ]: 3112 (Loss: 0.5797)
[=====                                   ]: 3113 (Loss: 0.4720)
[=====                                   ]: 3114 (Loss: 0.4389)
[======                                  ]: 3115 (Loss: 0.2732)
[======                                  ]: 3116 (Loss: 0.4667)
[======                                  ]: 3117 (Loss: 0.3540)
[=======                                 ]: 3118 (Loss: 0.4046)
[=======                                 ]: 3119 (Loss: 0.2961)
[========                                ]: 3120 (Loss: 0.4515)
[========                                ]: 3121 (Loss: 0.3292)
[========                                ]: 3122 (Loss: 0.4138)
[=========                               ]: 3123 (Loss: 0.4400)
[=========                               ]: 3124 (Loss: 0.3754)
[==========                              ]: 3125 (Loss: 0.5168)
[==========                              ]: 3126 (Loss: 0.3223)
[==========                              ]: 3127 (Loss: 0.3713)
[===========                             ]: 3128 (Loss: 0.5208)
[===========                             ]: 3129 (Loss: 0.5280)
[============                            ]: 3130 (Loss: 0.4189)
[============                            ]: 3131 (Loss: 0.4126)
[============                            ]: 3132 (Loss: 0.3576)
[=============                           ]: 3133 (Loss: 0.4719)
[=============                           ]: 3134 (Loss: 0.3786)
[==============                          ]: 3135 (Loss: 0.4195)
[==============                          ]: 3136 (Loss: 0.4762)
[==============                          ]: 3137 (Loss: 0.3717)
[===============                         ]: 3138 (Loss: 0.3763)
[===============                         ]: 3139 (Loss: 0.4196)
[================                        ]: 3140 (Loss: 0.3847)
[================                        ]: 3141 (Loss: 0.3446)
[================                        ]: 3142 (Loss: 0.3759)
[=================                       ]: 3143 (Loss: 0.4106)
[=================                       ]: 3144 (Loss: 0.4395)
[==================                      ]: 3145 (Loss: 0.4747)
[==================                      ]: 3146 (Loss: 0.4079)
[==================                      ]: 3147 (Loss: 0.3494)
[===================                     ]: 3148 (Loss: 0.3906)
[===================                     ]: 3149 (Loss: 0.3225)
[====================                    ]: 3150 (Loss: 0.4237)
[====================                    ]: 3151 (Loss: 0.3866)
[====================                    ]: 3152 (Loss: 0.3581)
[=====================                   ]: 3153 (Loss: 0.5999)
[=====================                   ]: 3154 (Loss: 0.3411)
[======================                  ]: 3155 (Loss: 0.3650)
[======================                  ]: 3156 (Loss: 0.3733)
[======================                  ]: 3157 (Loss: 0.4043)
[=======================                 ]: 3158 (Loss: 0.3909)
[=======================                 ]: 3159 (Loss: 0.3528)
[========================                ]: 3160 (Loss: 0.4246)
[========================                ]: 3161 (Loss: 0.5593)
[========================                ]: 3162 (Loss: 0.5206)
[=========================               ]: 3163 (Loss: 0.4598)
[=========================               ]: 3164 (Loss: 0.4132)
[==========================              ]: 3165 (Loss: 0.4126)
[==========================              ]: 3166 (Loss: 0.4889)
[==========================              ]: 3167 (Loss: 0.4988)
[===========================             ]: 3168 (Loss: 0.4178)
[===========================             ]: 3169 (Loss: 0.3127)
[============================            ]: 3170 (Loss: 0.4408)
[============================            ]: 3171 (Loss: 0.3651)
[============================            ]: 3172 (Loss: 0.4073)
[=============================           ]: 3173 (Loss: 0.3946)
[=============================           ]: 3174 (Loss: 0.5428)
[==============================          ]: 3175 (Loss: 0.5509)
[==============================          ]: 3176 (Loss: 0.3059)
[==============================          ]: 3177 (Loss: 0.4091)
[===============================         ]: 3178 (Loss: 0.3906)
[===============================         ]: 3179 (Loss: 0.3916)
[================================        ]: 3180 (Loss: 0.2742)
[================================        ]: 3181 (Loss: 0.3546)
[================================        ]: 3182 (Loss: 0.5241)
[=================================       ]: 3183 (Loss: 0.3438)
[=================================       ]: 3184 (Loss: 0.4367)
[==================================      ]: 3185 (Loss: 0.5212)
[==================================      ]: 3186 (Loss: 0.3187)
[==================================      ]: 3187 (Loss: 0.3276)
[===================================     ]: 3188 (Loss: 0.3766)
[===================================     ]: 3189 (Loss: 0.4348)
[====================================    ]: 3190 (Loss: 0.4160)
[====================================    ]: 3191 (Loss: 0.4893)
[====================================    ]: 3192 (Loss: 0.4730)
[=====================================   ]: 3193 (Loss: 0.4261)
[=====================================   ]: 3194 (Loss: 0.4589)
[======================================  ]: 3195 (Loss: 0.5128)
[======================================  ]: 3196 (Loss: 0.3785)
[======================================  ]: 3197 (Loss: 0.3872)
[======================================= ]: 3198 (Loss: 0.4888)
[======================================= ]: 3199 (Loss: 0.3307)
[========================================]: 3200 (Loss: 0.3418)
                                                                                                    
[2026-07-16 22:09:24,447] [INFO] [__main__] Batch 3200 Loss: 0.414988 Cost: 8.00 Time: 84 ms/sequence
[2026-07-16 22:09:24,447] [INFO] [__main__] Advice weight norm: 19.780741 | Advice gradient norm: 0.271872

[                                        ]: 3201 (Loss: 0.3274)
[                                        ]: 3202 (Loss: 0.4792)
[=                                       ]: 3203 (Loss: 0.4732)
[=                                       ]: 3204 (Loss: 0.5029)
[==                                      ]: 3205 (Loss: 0.4041)
[==                                      ]: 3206 (Loss: 0.3747)
[==                                      ]: 3207 (Loss: 0.4614)
[===                                     ]: 3208 (Loss: 0.3854)
[===                                     ]: 3209 (Loss: 0.4224)
[====                                    ]: 3210 (Loss: 0.4749)
[====                                    ]: 3211 (Loss: 0.3642)
[====                                    ]: 3212 (Loss: 0.2747)
[=====                                   ]: 3213 (Loss: 0.4480)
[=====                                   ]: 3214 (Loss: 0.4218)
[======                                  ]: 3215 (Loss: 0.3899)
[======                                  ]: 3216 (Loss: 0.4351)
[======                                  ]: 3217 (Loss: 0.4082)
[=======                                 ]: 3218 (Loss: 0.3301)
[=======                                 ]: 3219 (Loss: 0.4613)
[========                                ]: 3220 (Loss: 0.3182)
[========                                ]: 3221 (Loss: 0.4095)
[========                                ]: 3222 (Loss: 0.4903)
[=========                               ]: 3223 (Loss: 0.5389)
[=========                               ]: 3224 (Loss: 0.5996)
[==========                              ]: 3225 (Loss: 0.3134)
[==========                              ]: 3226 (Loss: 0.4457)
[==========                              ]: 3227 (Loss: 0.5053)
[===========                             ]: 3228 (Loss: 0.3429)
[===========                             ]: 3229 (Loss: 0.4602)
[============                            ]: 3230 (Loss: 0.4280)
[============                            ]: 3231 (Loss: 0.3324)
[============                            ]: 3232 (Loss: 0.3682)
[=============                           ]: 3233 (Loss: 0.3515)
[=============                           ]: 3234 (Loss: 0.4636)
[==============                          ]: 3235 (Loss: 0.5462)
[==============                          ]: 3236 (Loss: 0.3273)
[==============                          ]: 3237 (Loss: 0.4662)
[===============                         ]: 3238 (Loss: 0.3655)
[===============                         ]: 3239 (Loss: 0.5673)
[================                        ]: 3240 (Loss: 0.3508)
[================                        ]: 3241 (Loss: 0.4383)
[================                        ]: 3242 (Loss: 0.3573)
[=================                       ]: 3243 (Loss: 0.3947)
[=================                       ]: 3244 (Loss: 0.4436)
[==================                      ]: 3245 (Loss: 0.4036)
[==================                      ]: 3246 (Loss: 0.4710)
[==================                      ]: 3247 (Loss: 0.3660)
[===================                     ]: 3248 (Loss: 0.4658)
[===================                     ]: 3249 (Loss: 0.4273)
[====================                    ]: 3250 (Loss: 0.4439)
[====================                    ]: 3251 (Loss: 0.3842)
[====================                    ]: 3252 (Loss: 0.3874)
[=====================                   ]: 3253 (Loss: 0.3772)
[=====================                   ]: 3254 (Loss: 0.4515)
[======================                  ]: 3255 (Loss: 0.3693)
[======================                  ]: 3256 (Loss: 0.5759)
[======================                  ]: 3257 (Loss: 0.4699)
[=======================                 ]: 3258 (Loss: 0.4775)
[=======================                 ]: 3259 (Loss: 0.3847)
[========================                ]: 3260 (Loss: 0.3994)
[========================                ]: 3261 (Loss: 0.5652)
[========================                ]: 3262 (Loss: 0.3763)
[=========================               ]: 3263 (Loss: 0.4164)
[=========================               ]: 3264 (Loss: 0.3584)
[==========================              ]: 3265 (Loss: 0.5978)
[==========================              ]: 3266 (Loss: 0.4443)
[==========================              ]: 3267 (Loss: 0.4810)
[===========================             ]: 3268 (Loss: 0.3846)
[===========================             ]: 3269 (Loss: 0.3735)
[============================            ]: 3270 (Loss: 0.3984)
[============================            ]: 3271 (Loss: 0.4880)
[============================            ]: 3272 (Loss: 0.4774)
[=============================           ]: 3273 (Loss: 0.5269)
[=============================           ]: 3274 (Loss: 0.4418)
[==============================          ]: 3275 (Loss: 0.4671)
[==============================          ]: 3276 (Loss: 0.3033)
[==============================          ]: 3277 (Loss: 0.3217)
[===============================         ]: 3278 (Loss: 0.5204)
[===============================         ]: 3279 (Loss: 0.3979)
[================================        ]: 3280 (Loss: 0.4022)
[================================        ]: 3281 (Loss: 0.3421)
[================================        ]: 3282 (Loss: 0.4503)
[=================================       ]: 3283 (Loss: 0.4318)
[=================================       ]: 3284 (Loss: 0.3406)
[==================================      ]: 3285 (Loss: 0.3001)
[==================================      ]: 3286 (Loss: 0.3873)
[==================================      ]: 3287 (Loss: 0.4072)
[===================================     ]: 3288 (Loss: 0.2742)
[===================================     ]: 3289 (Loss: 0.5072)
[====================================    ]: 3290 (Loss: 0.4164)
[====================================    ]: 3291 (Loss: 0.2962)
[====================================    ]: 3292 (Loss: 0.3563)
[=====================================   ]: 3293 (Loss: 0.4915)
[=====================================   ]: 3294 (Loss: 0.4925)
[======================================  ]: 3295 (Loss: 0.4945)
[======================================  ]: 3296 (Loss: 0.4768)
[======================================  ]: 3297 (Loss: 0.5618)
[======================================= ]: 3298 (Loss: 0.5217)
[======================================= ]: 3299 (Loss: 0.4089)
[========================================]: 3300 (Loss: 0.4893)
                                                                                                    
[2026-07-16 22:09:32,789] [INFO] [__main__] Batch 3300 Loss: 0.425078 Cost: 8.15 Time: 83 ms/sequence
[2026-07-16 22:09:32,789] [INFO] [__main__] Advice weight norm: 19.805498 | Advice gradient norm: 0.700903

[                                        ]: 3301 (Loss: 0.4984)
[                                        ]: 3302 (Loss: 0.2920)
[=                                       ]: 3303 (Loss: 0.3437)
[=                                       ]: 3304 (Loss: 0.3531)
[==                                      ]: 3305 (Loss: 0.3424)
[==                                      ]: 3306 (Loss: 0.4386)
[==                                      ]: 3307 (Loss: 0.4960)
[===                                     ]: 3308 (Loss: 0.5263)
[===                                     ]: 3309 (Loss: 0.3901)
[====                                    ]: 3310 (Loss: 0.4098)
[====                                    ]: 3311 (Loss: 0.4302)
[====                                    ]: 3312 (Loss: 0.2932)
[=====                                   ]: 3313 (Loss: 0.4214)
[=====                                   ]: 3314 (Loss: 0.4141)
[======                                  ]: 3315 (Loss: 0.4145)
[======                                  ]: 3316 (Loss: 0.3947)
[======                                  ]: 3317 (Loss: 0.4068)
[=======                                 ]: 3318 (Loss: 0.3214)
[=======                                 ]: 3319 (Loss: 0.4476)
[========                                ]: 3320 (Loss: 0.3282)
[========                                ]: 3321 (Loss: 0.4166)
[========                                ]: 3322 (Loss: 0.3215)
[=========                               ]: 3323 (Loss: 0.4028)
[=========                               ]: 3324 (Loss: 0.3953)
[==========                              ]: 3325 (Loss: 0.4421)
[==========                              ]: 3326 (Loss: 0.4185)
[==========                              ]: 3327 (Loss: 0.3716)
[===========                             ]: 3328 (Loss: 0.3299)
[===========                             ]: 3329 (Loss: 0.4050)
[============                            ]: 3330 (Loss: 0.4611)
[============                            ]: 3331 (Loss: 0.3981)
[============                            ]: 3332 (Loss: 0.4528)
[=============                           ]: 3333 (Loss: 0.3318)
[=============                           ]: 3334 (Loss: 0.4182)
[==============                          ]: 3335 (Loss: 0.3457)
[==============                          ]: 3336 (Loss: 0.4497)
[==============                          ]: 3337 (Loss: 0.4138)
[===============                         ]: 3338 (Loss: 0.3946)
[===============                         ]: 3339 (Loss: 0.4554)
[================                        ]: 3340 (Loss: 0.5966)
[================                        ]: 3341 (Loss: 0.3265)
[================                        ]: 3342 (Loss: 0.4487)
[=================                       ]: 3343 (Loss: 0.3793)
[=================                       ]: 3344 (Loss: 0.4642)
[==================                      ]: 3345 (Loss: 0.3030)
[==================                      ]: 3346 (Loss: 0.5299)
[==================                      ]: 3347 (Loss: 0.3707)
[===================                     ]: 3348 (Loss: 0.4931)
[===================                     ]: 3349 (Loss: 0.4227)
[====================                    ]: 3350 (Loss: 0.4342)
[====================                    ]: 3351 (Loss: 0.4288)
[====================                    ]: 3352 (Loss: 0.3098)
[=====================                   ]: 3353 (Loss: 0.4763)
[=====================                   ]: 3354 (Loss: 0.3025)
[======================                  ]: 3355 (Loss: 0.3944)
[======================                  ]: 3356 (Loss: 0.4797)
[======================                  ]: 3357 (Loss: 0.4812)
[=======================                 ]: 3358 (Loss: 0.5224)
[=======================                 ]: 3359 (Loss: 0.5684)
[========================                ]: 3360 (Loss: 0.4150)
[========================                ]: 3361 (Loss: 0.3796)
[========================                ]: 3362 (Loss: 0.3993)
[=========================               ]: 3363 (Loss: 0.4049)
[=========================               ]: 3364 (Loss: 0.3070)
[==========================              ]: 3365 (Loss: 0.3722)
[==========================              ]: 3366 (Loss: 0.4006)
[==========================              ]: 3367 (Loss: 0.3016)
[===========================             ]: 3368 (Loss: 0.5194)
[===========================             ]: 3369 (Loss: 0.3753)
[============================            ]: 3370 (Loss: 0.4590)
[============================            ]: 3371 (Loss: 0.4445)
[============================            ]: 3372 (Loss: 0.4627)
[=============================           ]: 3373 (Loss: 0.3471)
[=============================           ]: 3374 (Loss: 0.4839)
[==============================          ]: 3375 (Loss: 0.5084)
[==============================          ]: 3376 (Loss: 0.4078)
[==============================          ]: 3377 (Loss: 0.4492)
[===============================         ]: 3378 (Loss: 0.3860)
[===============================         ]: 3379 (Loss: 0.5115)
[================================        ]: 3380 (Loss: 0.4240)
[================================        ]: 3381 (Loss: 0.4618)
[================================        ]: 3382 (Loss: 0.4546)
[=================================       ]: 3383 (Loss: 0.3022)
[=================================       ]: 3384 (Loss: 0.5259)
[==================================      ]: 3385 (Loss: 0.4477)
[==================================      ]: 3386 (Loss: 0.2603)
[==================================      ]: 3387 (Loss: 0.3781)
[===================================     ]: 3388 (Loss: 0.4472)
[===================================     ]: 3389 (Loss: 0.3154)
[====================================    ]: 3390 (Loss: 0.3723)
[====================================    ]: 3391 (Loss: 0.4039)
[====================================    ]: 3392 (Loss: 0.3852)
[=====================================   ]: 3393 (Loss: 0.4016)
[=====================================   ]: 3394 (Loss: 0.4512)
[======================================  ]: 3395 (Loss: 0.3543)
[======================================  ]: 3396 (Loss: 0.3167)
[======================================  ]: 3397 (Loss: 0.3975)
[======================================= ]: 3398 (Loss: 0.3842)
[======================================= ]: 3399 (Loss: 0.3909)
[========================================]: 3400 (Loss: 0.4376)
                                                                                                    
[2026-07-16 22:09:41,032] [INFO] [__main__] Batch 3400 Loss: 0.409671 Cost: 7.88 Time: 82 ms/sequence
[2026-07-16 22:09:41,032] [INFO] [__main__] Advice weight norm: 19.836491 | Advice gradient norm: 0.391793

[                                        ]: 3401 (Loss: 0.4781)
[                                        ]: 3402 (Loss: 0.2685)
[=                                       ]: 3403 (Loss: 0.3498)
[=                                       ]: 3404 (Loss: 0.3606)
[==                                      ]: 3405 (Loss: 0.4098)
[==                                      ]: 3406 (Loss: 0.4545)
[==                                      ]: 3407 (Loss: 0.4507)
[===                                     ]: 3408 (Loss: 0.4544)
[===                                     ]: 3409 (Loss: 0.4066)
[====                                    ]: 3410 (Loss: 0.4087)
[====                                    ]: 3411 (Loss: 0.3858)
[====                                    ]: 3412 (Loss: 0.5336)
[=====                                   ]: 3413 (Loss: 0.4205)
[=====                                   ]: 3414 (Loss: 0.5166)
[======                                  ]: 3415 (Loss: 0.4057)
[======                                  ]: 3416 (Loss: 0.4421)
[======                                  ]: 3417 (Loss: 0.3179)
[=======                                 ]: 3418 (Loss: 0.4895)
[=======                                 ]: 3419 (Loss: 0.3842)
[========                                ]: 3420 (Loss: 0.4796)
[========                                ]: 3421 (Loss: 0.2964)
[========                                ]: 3422 (Loss: 0.4156)
[=========                               ]: 3423 (Loss: 0.3776)
[=========                               ]: 3424 (Loss: 0.4157)
[==========                              ]: 3425 (Loss: 0.5657)
[==========                              ]: 3426 (Loss: 0.4407)
[==========                              ]: 3427 (Loss: 0.5067)
[===========                             ]: 3428 (Loss: 0.4225)
[===========                             ]: 3429 (Loss: 0.3977)
[============                            ]: 3430 (Loss: 0.4442)
[============                            ]: 3431 (Loss: 0.3645)
[============                            ]: 3432 (Loss: 0.3557)
[=============                           ]: 3433 (Loss: 0.3937)
[=============                           ]: 3434 (Loss: 0.4618)
[==============                          ]: 3435 (Loss: 0.2832)
[==============                          ]: 3436 (Loss: 0.5007)
[==============                          ]: 3437 (Loss: 0.3685)
[===============                         ]: 3438 (Loss: 0.4761)
[===============                         ]: 3439 (Loss: 0.3545)
[================                        ]: 3440 (Loss: 0.4357)
[================                        ]: 3441 (Loss: 0.3834)
[================                        ]: 3442 (Loss: 0.3407)
[=================                       ]: 3443 (Loss: 0.4151)
[=================                       ]: 3444 (Loss: 0.5184)
[==================                      ]: 3445 (Loss: 0.2934)
[==================                      ]: 3446 (Loss: 0.3050)
[==================                      ]: 3447 (Loss: 0.3227)
[===================                     ]: 3448 (Loss: 0.4971)
[===================                     ]: 3449 (Loss: 0.4187)
[====================                    ]: 3450 (Loss: 0.4309)
[====================                    ]: 3451 (Loss: 0.6605)
[====================                    ]: 3452 (Loss: 0.3005)
[=====================                   ]: 3453 (Loss: 0.5102)
[=====================                   ]: 3454 (Loss: 0.3891)
[======================                  ]: 3455 (Loss: 0.3875)
[======================                  ]: 3456 (Loss: 0.3529)
[======================                  ]: 3457 (Loss: 0.3644)
[=======================                 ]: 3458 (Loss: 0.5207)
[=======================                 ]: 3459 (Loss: 0.5372)
[========================                ]: 3460 (Loss: 0.4500)
[========================                ]: 3461 (Loss: 0.4266)
[========================                ]: 3462 (Loss: 0.5927)
[=========================               ]: 3463 (Loss: 0.3346)
[=========================               ]: 3464 (Loss: 0.3061)
[==========================              ]: 3465 (Loss: 0.3571)
[==========================              ]: 3466 (Loss: 0.3603)
[==========================              ]: 3467 (Loss: 0.4032)
[===========================             ]: 3468 (Loss: 0.4266)
[===========================             ]: 3469 (Loss: 0.4028)
[============================            ]: 3470 (Loss: 0.3907)
[============================            ]: 3471 (Loss: 0.5391)
[============================            ]: 3472 (Loss: 0.3902)
[=============================           ]: 3473 (Loss: 0.3619)
[=============================           ]: 3474 (Loss: 0.3636)
[==============================          ]: 3475 (Loss: 0.3836)
[==============================          ]: 3476 (Loss: 0.5653)
[==============================          ]: 3477 (Loss: 0.5259)
[===============================         ]: 3478 (Loss: 0.2761)
[===============================         ]: 3479 (Loss: 0.4502)
[================================        ]: 3480 (Loss: 0.3528)
[================================        ]: 3481 (Loss: 0.4484)
[================================        ]: 3482 (Loss: 0.3809)
[=================================       ]: 3483 (Loss: 0.4774)
[=================================       ]: 3484 (Loss: 0.3912)
[==================================      ]: 3485 (Loss: 0.3238)
[==================================      ]: 3486 (Loss: 0.4081)
[==================================      ]: 3487 (Loss: 0.4485)
[===================================     ]: 3488 (Loss: 0.4520)
[===================================     ]: 3489 (Loss: 0.4502)
[====================================    ]: 3490 (Loss: 0.2661)
[====================================    ]: 3491 (Loss: 0.3865)
[====================================    ]: 3492 (Loss: 0.3763)
[=====================================   ]: 3493 (Loss: 0.3860)
[=====================================   ]: 3494 (Loss: 0.3165)
[======================================  ]: 3495 (Loss: 0.3794)
[======================================  ]: 3496 (Loss: 0.3911)
[======================================  ]: 3497 (Loss: 0.3000)
[======================================= ]: 3498 (Loss: 0.4366)
[======================================= ]: 3499 (Loss: 0.3353)
[========================================]: 3500 (Loss: 0.3008)
                                                                                                    
[2026-07-16 22:09:52,023] [INFO] [__main__] Batch 3500 Loss: 0.409576 Cost: 8.05 Time: 109 ms/sequence
[2026-07-16 22:09:52,023] [INFO] [__main__] Advice weight norm: 19.861139 | Advice gradient norm: 0.346763

[                                        ]: 3501 (Loss: 0.3317)
[                                        ]: 3502 (Loss: 0.3478)
[=                                       ]: 3503 (Loss: 0.2850)
[=                                       ]: 3504 (Loss: 0.4758)
[==                                      ]: 3505 (Loss: 0.4123)
[==                                      ]: 3506 (Loss: 0.3709)
[==                                      ]: 3507 (Loss: 0.3344)
[===                                     ]: 3508 (Loss: 0.4972)
[===                                     ]: 3509 (Loss: 0.5382)
[====                                    ]: 3510 (Loss: 0.4262)
[====                                    ]: 3511 (Loss: 0.5575)
[====                                    ]: 3512 (Loss: 0.3476)
[=====                                   ]: 3513 (Loss: 0.3364)
[=====                                   ]: 3514 (Loss: 0.4149)
[======                                  ]: 3515 (Loss: 0.3802)
[======                                  ]: 3516 (Loss: 0.2872)
[======                                  ]: 3517 (Loss: 0.4323)
[=======                                 ]: 3518 (Loss: 0.2695)
[=======                                 ]: 3519 (Loss: 0.3092)
[========                                ]: 3520 (Loss: 0.4166)
[========                                ]: 3521 (Loss: 0.4177)
[========                                ]: 3522 (Loss: 0.4469)
[=========                               ]: 3523 (Loss: 0.3564)
[=========                               ]: 3524 (Loss: 0.4126)
[==========                              ]: 3525 (Loss: 0.3716)
[==========                              ]: 3526 (Loss: 0.5032)
[==========                              ]: 3527 (Loss: 0.2944)
[===========                             ]: 3528 (Loss: 0.4841)
[===========                             ]: 3529 (Loss: 0.3081)
[============                            ]: 3530 (Loss: 0.3626)
[============                            ]: 3531 (Loss: 0.4475)
[============                            ]: 3532 (Loss: 0.3008)
[=============                           ]: 3533 (Loss: 0.4113)
[=============                           ]: 3534 (Loss: 0.2866)
[==============                          ]: 3535 (Loss: 0.4254)
[==============                          ]: 3536 (Loss: 0.3828)
[==============                          ]: 3537 (Loss: 0.3540)
[===============                         ]: 3538 (Loss: 0.3722)
[===============                         ]: 3539 (Loss: 0.4557)
[================                        ]: 3540 (Loss: 0.4617)
[================                        ]: 3541 (Loss: 0.3723)
[================                        ]: 3542 (Loss: 0.3157)
[=================                       ]: 3543 (Loss: 0.4525)
[=================                       ]: 3544 (Loss: 0.4546)
[==================                      ]: 3545 (Loss: 0.3731)
[==================                      ]: 3546 (Loss: 0.4140)
[==================                      ]: 3547 (Loss: 0.5636)
[===================                     ]: 3548 (Loss: 0.4451)
[===================                     ]: 3549 (Loss: 0.5584)
[====================                    ]: 3550 (Loss: 0.3957)
[====================                    ]: 3551 (Loss: 0.4552)
[====================                    ]: 3552 (Loss: 0.4280)
[=====================                   ]: 3553 (Loss: 0.5833)
[=====================                   ]: 3554 (Loss: 0.3939)
[======================                  ]: 3555 (Loss: 0.3593)
[======================                  ]: 3556 (Loss: 0.3797)
[======================                  ]: 3557 (Loss: 0.3598)
[=======================                 ]: 3558 (Loss: 0.4138)
[=======================                 ]: 3559 (Loss: 0.3840)
[========================                ]: 3560 (Loss: 0.2724)
[========================                ]: 3561 (Loss: 0.3649)
[========================                ]: 3562 (Loss: 0.3556)
[=========================               ]: 3563 (Loss: 0.4979)
[=========================               ]: 3564 (Loss: 0.4040)
[==========================              ]: 3565 (Loss: 0.3887)
[==========================              ]: 3566 (Loss: 0.4711)
[==========================              ]: 3567 (Loss: 0.4379)
[===========================             ]: 3568 (Loss: 0.4515)
[===========================             ]: 3569 (Loss: 0.4207)
[============================            ]: 3570 (Loss: 0.3261)
[============================            ]: 3571 (Loss: 0.4686)
[============================            ]: 3572 (Loss: 0.3187)
[=============================           ]: 3573 (Loss: 0.4833)
[=============================           ]: 3574 (Loss: 0.3692)
[==============================          ]: 3575 (Loss: 0.3964)
[==============================          ]: 3576 (Loss: 0.4363)
[==============================          ]: 3577 (Loss: 0.3056)
[===============================         ]: 3578 (Loss: 0.3961)
[===============================         ]: 3579 (Loss: 0.3971)
[================================        ]: 3580 (Loss: 0.3967)
[================================        ]: 3581 (Loss: 0.5579)
[================================        ]: 3582 (Loss: 0.3823)
[=================================       ]: 3583 (Loss: 0.3908)
[=================================       ]: 3584 (Loss: 0.3822)
[==================================      ]: 3585 (Loss: 0.3406)
[==================================      ]: 3586 (Loss: 0.4266)
[==================================      ]: 3587 (Loss: 0.4574)
[===================================     ]: 3588 (Loss: 0.4515)
[===================================     ]: 3589 (Loss: 0.4759)
[====================================    ]: 3590 (Loss: 0.4091)
[====================================    ]: 3591 (Loss: 0.4917)
[====================================    ]: 3592 (Loss: 0.4108)
[=====================================   ]: 3593 (Loss: 0.3639)
[=====================================   ]: 3594 (Loss: 0.2940)
[======================================  ]: 3595 (Loss: 0.4048)
[======================================  ]: 3596 (Loss: 0.3947)
[======================================  ]: 3597 (Loss: 0.3426)
[======================================= ]: 3598 (Loss: 0.4373)
[======================================= ]: 3599 (Loss: 0.3829)
[========================================]: 3600 (Loss: 0.3747)
                                                                                                    
[2026-07-16 22:10:12,003] [INFO] [__main__] Batch 3600 Loss: 0.402586 Cost: 7.58 Time: 199 ms/sequence
[2026-07-16 22:10:12,004] [INFO] [__main__] Advice weight norm: 19.894476 | Advice gradient norm: 0.381379

[                                        ]: 3601 (Loss: 0.3667)
[                                        ]: 3602 (Loss: 0.4546)
[=                                       ]: 3603 (Loss: 0.2834)
[=                                       ]: 3604 (Loss: 0.2771)
[==                                      ]: 3605 (Loss: 0.3846)
[==                                      ]: 3606 (Loss: 0.4571)
[==                                      ]: 3607 (Loss: 0.3004)
[===                                     ]: 3608 (Loss: 0.3998)
[===                                     ]: 3609 (Loss: 0.4397)
[====                                    ]: 3610 (Loss: 0.3952)
[====                                    ]: 3611 (Loss: 0.4373)
[====                                    ]: 3612 (Loss: 0.4673)
[=====                                   ]: 3613 (Loss: 0.4365)
[=====                                   ]: 3614 (Loss: 0.3577)
[======                                  ]: 3615 (Loss: 0.4050)
[======                                  ]: 3616 (Loss: 0.3794)
[======                                  ]: 3617 (Loss: 0.3808)
[=======                                 ]: 3618 (Loss: 0.3523)
[=======                                 ]: 3619 (Loss: 0.4476)
[========                                ]: 3620 (Loss: 0.3730)
[========                                ]: 3621 (Loss: 0.3841)
[========                                ]: 3622 (Loss: 0.3990)
[=========                               ]: 3623 (Loss: 0.4057)
[=========                               ]: 3624 (Loss: 0.4848)
[==========                              ]: 3625 (Loss: 0.4313)
[==========                              ]: 3626 (Loss: 0.4341)
[==========                              ]: 3627 (Loss: 0.3722)
[===========                             ]: 3628 (Loss: 0.4483)
[===========                             ]: 3629 (Loss: 0.4236)
[============                            ]: 3630 (Loss: 0.2882)
[============                            ]: 3631 (Loss: 0.3782)
[============                            ]: 3632 (Loss: 0.4567)
[=============                           ]: 3633 (Loss: 0.3133)
[=============                           ]: 3634 (Loss: 0.3574)
[==============                          ]: 3635 (Loss: 0.3731)
[==============                          ]: 3636 (Loss: 0.3783)
[==============                          ]: 3637 (Loss: 0.3693)
[===============                         ]: 3638 (Loss: 0.5731)
[===============                         ]: 3639 (Loss: 0.3364)
[================                        ]: 3640 (Loss: 0.2955)
[================                        ]: 3641 (Loss: 0.3587)
[================                        ]: 3642 (Loss: 0.4283)
[=================                       ]: 3643 (Loss: 0.3114)
[=================                       ]: 3644 (Loss: 0.5121)
[==================                      ]: 3645 (Loss: 0.3208)
[==================                      ]: 3646 (Loss: 0.3980)
[==================                      ]: 3647 (Loss: 0.3481)
[===================                     ]: 3648 (Loss: 0.4170)
[===================                     ]: 3649 (Loss: 0.3168)
[====================                    ]: 3650 (Loss: 0.3976)
[====================                    ]: 3651 (Loss: 0.2601)
[====================                    ]: 3652 (Loss: 0.4915)
[=====================                   ]: 3653 (Loss: 0.3651)
[=====================                   ]: 3654 (Loss: 0.4993)
[======================                  ]: 3655 (Loss: 0.5008)
[======================                  ]: 3656 (Loss: 0.3776)
[======================                  ]: 3657 (Loss: 0.4780)
[=======================                 ]: 3658 (Loss: 0.4711)
[=======================                 ]: 3659 (Loss: 0.3905)
[========================                ]: 3660 (Loss: 0.3418)
[========================                ]: 3661 (Loss: 0.5214)
[========================                ]: 3662 (Loss: 0.3940)
[=========================               ]: 3663 (Loss: 0.3542)
[=========================               ]: 3664 (Loss: 0.4584)
[==========================              ]: 3665 (Loss: 0.3953)
[==========================              ]: 3666 (Loss: 0.4952)
[==========================              ]: 3667 (Loss: 0.3644)
[===========================             ]: 3668 (Loss: 0.4840)
[===========================             ]: 3669 (Loss: 0.3068)
[============================            ]: 3670 (Loss: 0.4168)
[============================            ]: 3671 (Loss: 0.3211)
[============================            ]: 3672 (Loss: 0.5950)
[=============================           ]: 3673 (Loss: 0.2702)
[=============================           ]: 3674 (Loss: 0.5474)
[==============================          ]: 3675 (Loss: 0.4261)
[==============================          ]: 3676 (Loss: 0.3615)
[==============================          ]: 3677 (Loss: 0.4326)
[===============================         ]: 3678 (Loss: 0.4171)
[===============================         ]: 3679 (Loss: 0.4657)
[================================        ]: 3680 (Loss: 0.4136)
[================================        ]: 3681 (Loss: 0.2568)
[================================        ]: 3682 (Loss: 0.3653)
[=================================       ]: 3683 (Loss: 0.3563)
[=================================       ]: 3684 (Loss: 0.4244)
[==================================      ]: 3685 (Loss: 0.4088)
[==================================      ]: 3686 (Loss: 0.4822)
[==================================      ]: 3687 (Loss: 0.4235)
[===================================     ]: 3688 (Loss: 0.4025)
[===================================     ]: 3689 (Loss: 0.3721)
[====================================    ]: 3690 (Loss: 0.3828)
[====================================    ]: 3691 (Loss: 0.2840)
[====================================    ]: 3692 (Loss: 0.3726)
[=====================================   ]: 3693 (Loss: 0.4286)
[=====================================   ]: 3694 (Loss: 0.5289)
[======================================  ]: 3695 (Loss: 0.3914)
[======================================  ]: 3696 (Loss: 0.4345)
[======================================  ]: 3697 (Loss: 0.3503)
[======================================= ]: 3698 (Loss: 0.3916)
[======================================= ]: 3699 (Loss: 0.3411)
[========================================]: 3700 (Loss: 0.4019)
                                                                                                    
[2026-07-16 22:10:25,059] [INFO] [__main__] Batch 3700 Loss: 0.399231 Cost: 7.63 Time: 130 ms/sequence
[2026-07-16 22:10:25,059] [INFO] [__main__] Advice weight norm: 19.920811 | Advice gradient norm: 0.410766

[                                        ]: 3701 (Loss: 0.3607)
[                                        ]: 3702 (Loss: 0.3884)
[=                                       ]: 3703 (Loss: 0.4699)
[=                                       ]: 3704 (Loss: 0.3745)
[==                                      ]: 3705 (Loss: 0.3735)
[==                                      ]: 3706 (Loss: 0.3351)
[==                                      ]: 3707 (Loss: 0.2779)
[===                                     ]: 3708 (Loss: 0.3453)
[===                                     ]: 3709 (Loss: 0.3322)
[====                                    ]: 3710 (Loss: 0.3234)
[====                                    ]: 3711 (Loss: 0.3745)
[====                                    ]: 3712 (Loss: 0.4400)
[=====                                   ]: 3713 (Loss: 0.4039)
[=====                                   ]: 3714 (Loss: 0.4620)
[======                                  ]: 3715 (Loss: 0.4760)
[======                                  ]: 3716 (Loss: 0.3147)
[======                                  ]: 3717 (Loss: 0.3484)
[=======                                 ]: 3718 (Loss: 0.3285)
[=======                                 ]: 3719 (Loss: 0.4095)
[========                                ]: 3720 (Loss: 0.3045)
[========                                ]: 3721 (Loss: 0.4873)
[========                                ]: 3722 (Loss: 0.2652)
[=========                               ]: 3723 (Loss: 0.2959)
[=========                               ]: 3724 (Loss: 0.3317)
[==========                              ]: 3725 (Loss: 0.4156)
[==========                              ]: 3726 (Loss: 0.3622)
[==========                              ]: 3727 (Loss: 0.4580)
[===========                             ]: 3728 (Loss: 0.3872)
[===========                             ]: 3729 (Loss: 0.2680)
[============                            ]: 3730 (Loss: 0.4861)
[============                            ]: 3731 (Loss: 0.4346)
[============                            ]: 3732 (Loss: 0.4045)
[=============                           ]: 3733 (Loss: 0.5463)
[=============                           ]: 3734 (Loss: 0.4212)
[==============                          ]: 3735 (Loss: 0.3832)
[==============                          ]: 3736 (Loss: 0.3660)
[==============                          ]: 3737 (Loss: 0.4471)
[===============                         ]: 3738 (Loss: 0.3608)
[===============                         ]: 3739 (Loss: 0.3515)
[================                        ]: 3740 (Loss: 0.3498)
[================                        ]: 3741 (Loss: 0.4281)
[================                        ]: 3742 (Loss: 0.3478)
[=================                       ]: 3743 (Loss: 0.4193)
[=================                       ]: 3744 (Loss: 0.4371)
[==================                      ]: 3745 (Loss: 0.2646)
[==================                      ]: 3746 (Loss: 0.3102)
[==================                      ]: 3747 (Loss: 0.4493)
[===================                     ]: 3748 (Loss: 0.3322)
[===================                     ]: 3749 (Loss: 0.4390)
[====================                    ]: 3750 (Loss: 0.3462)
[====================                    ]: 3751 (Loss: 0.3301)
[====================                    ]: 3752 (Loss: 0.3682)
[=====================                   ]: 3753 (Loss: 0.3629)
[=====================                   ]: 3754 (Loss: 0.3706)
[======================                  ]: 3755 (Loss: 0.3931)
[======================                  ]: 3756 (Loss: 0.3773)
[======================                  ]: 3757 (Loss: 0.4426)
[=======================                 ]: 3758 (Loss: 0.4253)
[=======================                 ]: 3759 (Loss: 0.2328)
[========================                ]: 3760 (Loss: 0.4678)
[========================                ]: 3761 (Loss: 0.3794)
[========================                ]: 3762 (Loss: 0.3723)
[=========================               ]: 3763 (Loss: 0.3755)
[=========================               ]: 3764 (Loss: 0.3540)
[==========================              ]: 3765 (Loss: 0.4006)
[==========================              ]: 3766 (Loss: 0.3831)
[==========================              ]: 3767 (Loss: 0.2883)
[===========================             ]: 3768 (Loss: 0.4497)
[===========================             ]: 3769 (Loss: 0.3828)
[============================            ]: 3770 (Loss: 0.3873)
[============================            ]: 3771 (Loss: 0.3151)
[============================            ]: 3772 (Loss: 0.5662)
[=============================           ]: 3773 (Loss: 0.3468)
[=============================           ]: 3774 (Loss: 0.4342)
[==============================          ]: 3775 (Loss: 0.3195)
[==============================          ]: 3776 (Loss: 0.4330)
[==============================          ]: 3777 (Loss: 0.4417)
[===============================         ]: 3778 (Loss: 0.2869)
[===============================         ]: 3779 (Loss: 0.3845)
[================================        ]: 3780 (Loss: 0.3965)
[================================        ]: 3781 (Loss: 0.4689)
[================================        ]: 3782 (Loss: 0.3595)
[=================================       ]: 3783 (Loss: 0.4783)
[=================================       ]: 3784 (Loss: 0.3369)
[==================================      ]: 3785 (Loss: 0.4216)
[==================================      ]: 3786 (Loss: 0.3273)
[==================================      ]: 3787 (Loss: 0.4190)
[===================================     ]: 3788 (Loss: 0.5543)
[===================================     ]: 3789 (Loss: 0.2628)
[====================================    ]: 3790 (Loss: 0.3003)
[====================================    ]: 3791 (Loss: 0.3821)
[====================================    ]: 3792 (Loss: 0.4174)
[=====================================   ]: 3793 (Loss: 0.4191)
[=====================================   ]: 3794 (Loss: 0.3799)
[======================================  ]: 3795 (Loss: 0.2847)
[======================================  ]: 3796 (Loss: 0.4587)
[======================================  ]: 3797 (Loss: 0.4187)
[======================================= ]: 3798 (Loss: 0.2132)
[======================================= ]: 3799 (Loss: 0.3829)
[========================================]: 3800 (Loss: 0.4787)
                                                                                                    
[2026-07-16 22:10:33,564] [INFO] [__main__] Batch 3800 Loss: 0.382710 Cost: 7.24 Time: 85 ms/sequence
[2026-07-16 22:10:33,564] [INFO] [__main__] Advice weight norm: 19.951115 | Advice gradient norm: 0.505736

[                                        ]: 3801 (Loss: 0.4703)
[                                        ]: 3802 (Loss: 0.4159)
[=                                       ]: 3803 (Loss: 0.4197)
[=                                       ]: 3804 (Loss: 0.3980)
[==                                      ]: 3805 (Loss: 0.2547)
[==                                      ]: 3806 (Loss: 0.3996)
[==                                      ]: 3807 (Loss: 0.4671)
[===                                     ]: 3808 (Loss: 0.4100)
[===                                     ]: 3809 (Loss: 0.4347)
[====                                    ]: 3810 (Loss: 0.3218)
[====                                    ]: 3811 (Loss: 0.2633)
[====                                    ]: 3812 (Loss: 0.3796)
[=====                                   ]: 3813 (Loss: 0.4346)
[=====                                   ]: 3814 (Loss: 0.3419)
[======                                  ]: 3815 (Loss: 0.4316)
[======                                  ]: 3816 (Loss: 0.4579)
[======                                  ]: 3817 (Loss: 0.2739)
[=======                                 ]: 3818 (Loss: 0.3896)
[=======                                 ]: 3819 (Loss: 0.3864)
[========                                ]: 3820 (Loss: 0.3693)
[========                                ]: 3821 (Loss: 0.3881)
[========                                ]: 3822 (Loss: 0.4308)
[=========                               ]: 3823 (Loss: 0.2691)
[=========                               ]: 3824 (Loss: 0.3338)
[==========                              ]: 3825 (Loss: 0.4560)
[==========                              ]: 3826 (Loss: 0.4924)
[==========                              ]: 3827 (Loss: 0.4906)
[===========                             ]: 3828 (Loss: 0.3960)
[===========                             ]: 3829 (Loss: 0.4282)
[============                            ]: 3830 (Loss: 0.3353)
[============                            ]: 3831 (Loss: 0.4038)
[============                            ]: 3832 (Loss: 0.3447)
[=============                           ]: 3833 (Loss: 0.3910)
[=============                           ]: 3834 (Loss: 0.4320)
[==============                          ]: 3835 (Loss: 0.3895)
[==============                          ]: 3836 (Loss: 0.4521)
[==============                          ]: 3837 (Loss: 0.2827)
[===============                         ]: 3838 (Loss: 0.3535)
[===============                         ]: 3839 (Loss: 0.2580)
[================                        ]: 3840 (Loss: 0.3821)
[================                        ]: 3841 (Loss: 0.3993)
[================                        ]: 3842 (Loss: 0.4603)
[=================                       ]: 3843 (Loss: 0.2713)
[=================                       ]: 3844 (Loss: 0.3334)
[==================                      ]: 3845 (Loss: 0.3004)
[==================                      ]: 3846 (Loss: 0.4458)
[==================                      ]: 3847 (Loss: 0.3574)
[===================                     ]: 3848 (Loss: 0.3851)
[===================                     ]: 3849 (Loss: 0.4439)
[====================                    ]: 3850 (Loss: 0.3575)
[====================                    ]: 3851 (Loss: 0.2568)
[====================                    ]: 3852 (Loss: 0.3054)
[=====================                   ]: 3853 (Loss: 0.4004)
[=====================                   ]: 3854 (Loss: 0.4181)
[======================                  ]: 3855 (Loss: 0.3396)
[======================                  ]: 3856 (Loss: 0.4127)
[======================                  ]: 3857 (Loss: 0.4918)
[=======================                 ]: 3858 (Loss: 0.4618)
[=======================                 ]: 3859 (Loss: 0.5115)
[========================                ]: 3860 (Loss: 0.4638)
[========================                ]: 3861 (Loss: 0.3313)
[========================                ]: 3862 (Loss: 0.3770)
[=========================               ]: 3863 (Loss: 0.4477)
[=========================               ]: 3864 (Loss: 0.3737)
[==========================              ]: 3865 (Loss: 0.3863)
[==========================              ]: 3866 (Loss: 0.4942)
[==========================              ]: 3867 (Loss: 0.3302)
[===========================             ]: 3868 (Loss: 0.3889)
[===========================             ]: 3869 (Loss: 0.4780)
[============================            ]: 3870 (Loss: 0.3952)
[============================            ]: 3871 (Loss: 0.3204)
[============================            ]: 3872 (Loss: 0.3454)
[=============================           ]: 3873 (Loss: 0.3266)
[=============================           ]: 3874 (Loss: 0.3325)
[==============================          ]: 3875 (Loss: 0.3482)
[==============================          ]: 3876 (Loss: 0.5051)
[==============================          ]: 3877 (Loss: 0.6294)
[===============================         ]: 3878 (Loss: 0.4163)
[===============================         ]: 3879 (Loss: 0.4118)
[================================        ]: 3880 (Loss: 0.2720)
[================================        ]: 3881 (Loss: 0.3921)
[================================        ]: 3882 (Loss: 0.3492)
[=================================       ]: 3883 (Loss: 0.3416)
[=================================       ]: 3884 (Loss: 0.3062)
[==================================      ]: 3885 (Loss: 0.4151)
[==================================      ]: 3886 (Loss: 0.4299)
[==================================      ]: 3887 (Loss: 0.4419)
[===================================     ]: 3888 (Loss: 0.3021)
[===================================     ]: 3889 (Loss: 0.3834)
[====================================    ]: 3890 (Loss: 0.4440)
[====================================    ]: 3891 (Loss: 0.4922)
[====================================    ]: 3892 (Loss: 0.4644)
[=====================================   ]: 3893 (Loss: 0.3850)
[=====================================   ]: 3894 (Loss: 0.3625)
[======================================  ]: 3895 (Loss: 0.4121)
[======================================  ]: 3896 (Loss: 0.4719)
[======================================  ]: 3897 (Loss: 0.3885)
[======================================= ]: 3898 (Loss: 0.3560)
[======================================= ]: 3899 (Loss: 0.4253)
[========================================]: 3900 (Loss: 0.4076)
                                                                                                    
[2026-07-16 22:10:41,808] [INFO] [__main__] Batch 3900 Loss: 0.391269 Cost: 7.73 Time: 82 ms/sequence
[2026-07-16 22:10:41,808] [INFO] [__main__] Advice weight norm: 19.982792 | Advice gradient norm: 0.429332

[                                        ]: 3901 (Loss: 0.3660)
[                                        ]: 3902 (Loss: 0.4637)
[=                                       ]: 3903 (Loss: 0.3620)
[=                                       ]: 3904 (Loss: 0.4414)
[==                                      ]: 3905 (Loss: 0.3770)
[==                                      ]: 3906 (Loss: 0.3101)
[==                                      ]: 3907 (Loss: 0.4783)
[===                                     ]: 3908 (Loss: 0.4602)
[===                                     ]: 3909 (Loss: 0.3029)
[====                                    ]: 3910 (Loss: 0.3182)
[====                                    ]: 3911 (Loss: 0.3963)
[====                                    ]: 3912 (Loss: 0.3504)
[=====                                   ]: 3913 (Loss: 0.4140)
[=====                                   ]: 3914 (Loss: 0.4142)
[======                                  ]: 3915 (Loss: 0.3321)
[======                                  ]: 3916 (Loss: 0.3577)
[======                                  ]: 3917 (Loss: 0.2768)
[=======                                 ]: 3918 (Loss: 0.3475)
[=======                                 ]: 3919 (Loss: 0.3356)
[========                                ]: 3920 (Loss: 0.3986)
[========                                ]: 3921 (Loss: 0.3650)
[========                                ]: 3922 (Loss: 0.3056)
[=========                               ]: 3923 (Loss: 0.3460)
[=========                               ]: 3924 (Loss: 0.3458)
[==========                              ]: 3925 (Loss: 0.3855)
[==========                              ]: 3926 (Loss: 0.2888)
[==========                              ]: 3927 (Loss: 0.3950)
[===========                             ]: 3928 (Loss: 0.3330)
[===========                             ]: 3929 (Loss: 0.3795)
[============                            ]: 3930 (Loss: 0.3613)
[============                            ]: 3931 (Loss: 0.4301)
[============                            ]: 3932 (Loss: 0.2964)
[=============                           ]: 3933 (Loss: 0.3394)
[=============                           ]: 3934 (Loss: 0.3743)
[==============                          ]: 3935 (Loss: 0.3766)
[==============                          ]: 3936 (Loss: 0.4375)
[==============                          ]: 3937 (Loss: 0.5001)
[===============                         ]: 3938 (Loss: 0.3127)
[===============                         ]: 3939 (Loss: 0.5249)
[================                        ]: 3940 (Loss: 0.3935)
[================                        ]: 3941 (Loss: 0.5567)
[================                        ]: 3942 (Loss: 0.3079)
[=================                       ]: 3943 (Loss: 0.3809)
[=================                       ]: 3944 (Loss: 0.4459)
[==================                      ]: 3945 (Loss: 0.3466)
[==================                      ]: 3946 (Loss: 0.4073)
[==================                      ]: 3947 (Loss: 0.3445)
[===================                     ]: 3948 (Loss: 0.4711)
[===================                     ]: 3949 (Loss: 0.3697)
[====================                    ]: 3950 (Loss: 0.3038)
[====================                    ]: 3951 (Loss: 0.4551)
[====================                    ]: 3952 (Loss: 0.2981)
[=====================                   ]: 3953 (Loss: 0.3575)
[=====================                   ]: 3954 (Loss: 0.3198)
[======================                  ]: 3955 (Loss: 0.5390)
[======================                  ]: 3956 (Loss: 0.3839)
[======================                  ]: 3957 (Loss: 0.2728)
[=======================                 ]: 3958 (Loss: 0.4602)
[=======================                 ]: 3959 (Loss: 0.4293)
[========================                ]: 3960 (Loss: 0.3512)
[========================                ]: 3961 (Loss: 0.3481)
[========================                ]: 3962 (Loss: 0.3747)
[=========================               ]: 3963 (Loss: 0.4535)
[=========================               ]: 3964 (Loss: 0.3679)
[==========================              ]: 3965 (Loss: 0.4098)
[==========================              ]: 3966 (Loss: 0.4531)
[==========================              ]: 3967 (Loss: 0.3482)
[===========================             ]: 3968 (Loss: 0.3008)
[===========================             ]: 3969 (Loss: 0.3901)
[============================            ]: 3970 (Loss: 0.3576)
[============================            ]: 3971 (Loss: 0.3206)
[============================            ]: 3972 (Loss: 0.4803)
[=============================           ]: 3973 (Loss: 0.3354)
[=============================           ]: 3974 (Loss: 0.5110)
[==============================          ]: 3975 (Loss: 0.4260)
[==============================          ]: 3976 (Loss: 0.3122)
[==============================          ]: 3977 (Loss: 0.4514)
[===============================         ]: 3978 (Loss: 0.3577)
[===============================         ]: 3979 (Loss: 0.3422)
[================================        ]: 3980 (Loss: 0.3470)
[================================        ]: 3981 (Loss: 0.4368)
[================================        ]: 3982 (Loss: 0.3717)
[=================================       ]: 3983 (Loss: 0.3704)
[=================================       ]: 3984 (Loss: 0.3757)
[==================================      ]: 3985 (Loss: 0.4981)
[==================================      ]: 3986 (Loss: 0.3699)
[==================================      ]: 3987 (Loss: 0.4035)
[===================================     ]: 3988 (Loss: 0.3961)
[===================================     ]: 3989 (Loss: 0.4785)
[====================================    ]: 3990 (Loss: 0.3746)
[====================================    ]: 3991 (Loss: 0.3459)
[====================================    ]: 3992 (Loss: 0.3646)
[=====================================   ]: 3993 (Loss: 0.4552)
[=====================================   ]: 3994 (Loss: 0.4294)
[======================================  ]: 3995 (Loss: 0.3418)
[======================================  ]: 3996 (Loss: 0.2595)
[======================================  ]: 3997 (Loss: 0.4298)
[======================================= ]: 3998 (Loss: 0.4266)
[======================================= ]: 3999 (Loss: 0.5353)
[========================================]: 4000 (Loss: 0.4944)
                                                                                                    
[2026-07-16 22:10:50,376] [INFO] [__main__] Batch 4000 Loss: 0.386408 Cost: 7.41 Time: 85 ms/sequence
[2026-07-16 22:10:50,376] [INFO] [__main__] Advice weight norm: 20.015717 | Advice gradient norm: 0.600470

                                                                                                    
[2026-07-16 22:10:50,377] [INFO] [__main__] Saving checkpoint to 'runs\copy_sanity_len5\copy\combined\seed_1000\checkpoint-batch-00004000.pt'

[                                        ]: 4001 (Loss: 0.4328)
[                                        ]: 4002 (Loss: 0.4069)
[=                                       ]: 4003 (Loss: 0.5040)
[=                                       ]: 4004 (Loss: 0.3229)
[==                                      ]: 4005 (Loss: 0.2932)
[==                                      ]: 4006 (Loss: 0.3872)
[==                                      ]: 4007 (Loss: 0.2341)
[===                                     ]: 4008 (Loss: 0.3303)
[===                                     ]: 4009 (Loss: 0.4394)
[====                                    ]: 4010 (Loss: 0.4089)
[====                                    ]: 4011 (Loss: 0.4619)
[====                                    ]: 4012 (Loss: 0.3156)
[=====                                   ]: 4013 (Loss: 0.3164)
[=====                                   ]: 4014 (Loss: 0.5148)
[======                                  ]: 4015 (Loss: 0.4128)
[======                                  ]: 4016 (Loss: 0.4253)
[======                                  ]: 4017 (Loss: 0.3725)
[=======                                 ]: 4018 (Loss: 0.2878)
[=======                                 ]: 4019 (Loss: 0.3454)
[========                                ]: 4020 (Loss: 0.4163)
[========                                ]: 4021 (Loss: 0.4287)
[========                                ]: 4022 (Loss: 0.4500)
[=========                               ]: 4023 (Loss: 0.3276)
[=========                               ]: 4024 (Loss: 0.4145)
[==========                              ]: 4025 (Loss: 0.3007)
[==========                              ]: 4026 (Loss: 0.4113)
[==========                              ]: 4027 (Loss: 0.3617)
[===========                             ]: 4028 (Loss: 0.2947)
[===========                             ]: 4029 (Loss: 0.3400)
[============                            ]: 4030 (Loss: 0.3577)
[============                            ]: 4031 (Loss: 0.3053)
[============                            ]: 4032 (Loss: 0.3566)
[=============                           ]: 4033 (Loss: 0.4435)
[=============                           ]: 4034 (Loss: 0.4057)
[==============                          ]: 4035 (Loss: 0.3668)
[==============                          ]: 4036 (Loss: 0.4969)
[==============                          ]: 4037 (Loss: 0.4379)
[===============                         ]: 4038 (Loss: 0.4336)
[===============                         ]: 4039 (Loss: 0.5019)
[================                        ]: 4040 (Loss: 0.3472)
[================                        ]: 4041 (Loss: 0.3394)
[================                        ]: 4042 (Loss: 0.2823)
[=================                       ]: 4043 (Loss: 0.3735)
[=================                       ]: 4044 (Loss: 0.4267)
[==================                      ]: 4045 (Loss: 0.4862)
[==================                      ]: 4046 (Loss: 0.4457)
[==================                      ]: 4047 (Loss: 0.5241)
[===================                     ]: 4048 (Loss: 0.2967)
[===================                     ]: 4049 (Loss: 0.3891)
[====================                    ]: 4050 (Loss: 0.4071)
[====================                    ]: 4051 (Loss: 0.3857)
[====================                    ]: 4052 (Loss: 0.3168)
[=====================                   ]: 4053 (Loss: 0.3298)
[=====================                   ]: 4054 (Loss: 0.4018)
[======================                  ]: 4055 (Loss: 0.4122)
[======================                  ]: 4056 (Loss: 0.3972)
[======================                  ]: 4057 (Loss: 0.3477)
[=======================                 ]: 4058 (Loss: 0.3597)
[=======================                 ]: 4059 (Loss: 0.2518)
[========================                ]: 4060 (Loss: 0.4613)
[========================                ]: 4061 (Loss: 0.4247)
[========================                ]: 4062 (Loss: 0.3627)
[=========================               ]: 4063 (Loss: 0.4262)
[=========================               ]: 4064 (Loss: 0.4226)
[==========================              ]: 4065 (Loss: 0.4694)
[==========================              ]: 4066 (Loss: 0.4547)
[==========================              ]: 4067 (Loss: 0.4341)
[===========================             ]: 4068 (Loss: 0.3401)
[===========================             ]: 4069 (Loss: 0.2603)
[============================            ]: 4070 (Loss: 0.5192)
[============================            ]: 4071 (Loss: 0.4671)
[============================            ]: 4072 (Loss: 0.4574)
[=============================           ]: 4073 (Loss: 0.3189)
[=============================           ]: 4074 (Loss: 0.4404)
[==============================          ]: 4075 (Loss: 0.4830)
[==============================          ]: 4076 (Loss: 0.4419)
[==============================          ]: 4077 (Loss: 0.4894)
[===============================         ]: 4078 (Loss: 0.3223)
[===============================         ]: 4079 (Loss: 0.4080)
[================================        ]: 4080 (Loss: 0.2956)
[================================        ]: 4081 (Loss: 0.2397)
[================================        ]: 4082 (Loss: 0.3067)
[=================================       ]: 4083 (Loss: 0.4680)
[=================================       ]: 4084 (Loss: 0.3471)
[==================================      ]: 4085 (Loss: 0.4739)
[==================================      ]: 4086 (Loss: 0.4415)
[==================================      ]: 4087 (Loss: 0.4604)
[===================================     ]: 4088 (Loss: 0.3314)
[===================================     ]: 4089 (Loss: 0.3482)
[====================================    ]: 4090 (Loss: 0.4384)
[====================================    ]: 4091 (Loss: 0.2814)
[====================================    ]: 4092 (Loss: 0.4282)
[=====================================   ]: 4093 (Loss: 0.2832)
[=====================================   ]: 4094 (Loss: 0.3868)
[======================================  ]: 4095 (Loss: 0.3809)
[======================================  ]: 4096 (Loss: 0.3933)
[======================================  ]: 4097 (Loss: 0.4316)
[======================================= ]: 4098 (Loss: 0.3587)
[======================================= ]: 4099 (Loss: 0.3730)
[========================================]: 4100 (Loss: 0.3042)
                                                                                                    
[2026-07-16 22:10:58,964] [INFO] [__main__] Batch 4100 Loss: 0.387601 Cost: 7.48 Time: 85 ms/sequence
[2026-07-16 22:10:58,965] [INFO] [__main__] Advice weight norm: 20.046721 | Advice gradient norm: 0.311588

[                                        ]: 4101 (Loss: 0.3283)
[                                        ]: 4102 (Loss: 0.3836)
[=                                       ]: 4103 (Loss: 0.4049)
[=                                       ]: 4104 (Loss: 0.2728)
[==                                      ]: 4105 (Loss: 0.2480)
[==                                      ]: 4106 (Loss: 0.4367)
[==                                      ]: 4107 (Loss: 0.3945)
[===                                     ]: 4108 (Loss: 0.4004)
[===                                     ]: 4109 (Loss: 0.4196)
[====                                    ]: 4110 (Loss: 0.2995)
[====                                    ]: 4111 (Loss: 0.2943)
[====                                    ]: 4112 (Loss: 0.3401)
[=====                                   ]: 4113 (Loss: 0.2969)
[=====                                   ]: 4114 (Loss: 0.2792)
[======                                  ]: 4115 (Loss: 0.3784)
[======                                  ]: 4116 (Loss: 0.4148)
[======                                  ]: 4117 (Loss: 0.2386)
[=======                                 ]: 4118 (Loss: 0.3035)
[=======                                 ]: 4119 (Loss: 0.4032)
[========                                ]: 4120 (Loss: 0.3837)
[========                                ]: 4121 (Loss: 0.5091)
[========                                ]: 4122 (Loss: 0.3539)
[=========                               ]: 4123 (Loss: 0.5340)
[=========                               ]: 4124 (Loss: 0.2646)
[==========                              ]: 4125 (Loss: 0.3571)
[==========                              ]: 4126 (Loss: 0.3583)
[==========                              ]: 4127 (Loss: 0.3606)
[===========                             ]: 4128 (Loss: 0.3319)
[===========                             ]: 4129 (Loss: 0.4577)
[============                            ]: 4130 (Loss: 0.3451)
[============                            ]: 4131 (Loss: 0.4292)
[============                            ]: 4132 (Loss: 0.5610)
[=============                           ]: 4133 (Loss: 0.3033)
[=============                           ]: 4134 (Loss: 0.3834)
[==============                          ]: 4135 (Loss: 0.4600)
[==============                          ]: 4136 (Loss: 0.4074)
[==============                          ]: 4137 (Loss: 0.3979)
[===============                         ]: 4138 (Loss: 0.4605)
[===============                         ]: 4139 (Loss: 0.3662)
[================                        ]: 4140 (Loss: 0.3940)
[================                        ]: 4141 (Loss: 0.3982)
[================                        ]: 4142 (Loss: 0.4110)
[=================                       ]: 4143 (Loss: 0.3130)
[=================                       ]: 4144 (Loss: 0.3699)
[==================                      ]: 4145 (Loss: 0.3821)
[==================                      ]: 4146 (Loss: 0.4364)
[==================                      ]: 4147 (Loss: 0.3542)
[===================                     ]: 4148 (Loss: 0.4471)
[===================                     ]: 4149 (Loss: 0.3580)
[====================                    ]: 4150 (Loss: 0.3289)
[====================                    ]: 4151 (Loss: 0.3610)
[====================                    ]: 4152 (Loss: 0.5585)
[=====================                   ]: 4153 (Loss: 0.4306)
[=====================                   ]: 4154 (Loss: 0.3335)
[======================                  ]: 4155 (Loss: 0.4293)
[======================                  ]: 4156 (Loss: 0.3970)
[======================                  ]: 4157 (Loss: 0.2431)
[=======================                 ]: 4158 (Loss: 0.3517)
[=======================                 ]: 4159 (Loss: 0.4503)
[========================                ]: 4160 (Loss: 0.3034)
[========================                ]: 4161 (Loss: 0.4157)
[========================                ]: 4162 (Loss: 0.3633)
[=========================               ]: 4163 (Loss: 0.3705)
[=========================               ]: 4164 (Loss: 0.4262)
[==========================              ]: 4165 (Loss: 0.4748)
[==========================              ]: 4166 (Loss: 0.3310)
[==========================              ]: 4167 (Loss: 0.2530)
[===========================             ]: 4168 (Loss: 0.3580)
[===========================             ]: 4169 (Loss: 0.4347)
[============================            ]: 4170 (Loss: 0.4204)
[============================            ]: 4171 (Loss: 0.2576)
[============================            ]: 4172 (Loss: 0.3067)
[=============================           ]: 4173 (Loss: 0.4190)
[=============================           ]: 4174 (Loss: 0.4342)
[==============================          ]: 4175 (Loss: 0.4740)
[==============================          ]: 4176 (Loss: 0.4675)
[==============================          ]: 4177 (Loss: 0.4348)
[===============================         ]: 4178 (Loss: 0.4382)
[===============================         ]: 4179 (Loss: 0.3855)
[================================        ]: 4180 (Loss: 0.5840)
[================================        ]: 4181 (Loss: 0.3204)
[================================        ]: 4182 (Loss: 0.2782)
[=================================       ]: 4183 (Loss: 0.4331)
[=================================       ]: 4184 (Loss: 0.4264)
[==================================      ]: 4185 (Loss: 0.4052)
[==================================      ]: 4186 (Loss: 0.2632)
[==================================      ]: 4187 (Loss: 0.3430)
[===================================     ]: 4188 (Loss: 0.4187)
[===================================     ]: 4189 (Loss: 0.3257)
[====================================    ]: 4190 (Loss: 0.4420)
[====================================    ]: 4191 (Loss: 0.4698)
[====================================    ]: 4192 (Loss: 0.4922)
[=====================================   ]: 4193 (Loss: 0.3970)
[=====================================   ]: 4194 (Loss: 0.3225)
[======================================  ]: 4195 (Loss: 0.2634)
[======================================  ]: 4196 (Loss: 0.2602)
[======================================  ]: 4197 (Loss: 0.3167)
[======================================= ]: 4198 (Loss: 0.4078)
[======================================= ]: 4199 (Loss: 0.3749)
[========================================]: 4200 (Loss: 0.4253)
                                                                                                    
[2026-07-16 22:11:07,486] [INFO] [__main__] Batch 4200 Loss: 0.380481 Cost: 7.14 Time: 85 ms/sequence
[2026-07-16 22:11:07,486] [INFO] [__main__] Advice weight norm: 20.075556 | Advice gradient norm: 0.708186

[                                        ]: 4201 (Loss: 0.2254)
[                                        ]: 4202 (Loss: 0.4114)
[=                                       ]: 4203 (Loss: 0.3733)
[=                                       ]: 4204 (Loss: 0.5048)
[==                                      ]: 4205 (Loss: 0.3437)
[==                                      ]: 4206 (Loss: 0.2906)
[==                                      ]: 4207 (Loss: 0.4187)
[===                                     ]: 4208 (Loss: 0.3441)
[===                                     ]: 4209 (Loss: 0.4939)
[====                                    ]: 4210 (Loss: 0.4415)
[====                                    ]: 4211 (Loss: 0.3851)
[====                                    ]: 4212 (Loss: 0.3014)
[=====                                   ]: 4213 (Loss: 0.4531)
[=====                                   ]: 4214 (Loss: 0.4703)
[======                                  ]: 4215 (Loss: 0.4029)
[======                                  ]: 4216 (Loss: 0.3510)
[======                                  ]: 4217 (Loss: 0.2961)
[=======                                 ]: 4218 (Loss: 0.3035)
[=======                                 ]: 4219 (Loss: 0.4075)
[========                                ]: 4220 (Loss: 0.3960)
[========                                ]: 4221 (Loss: 0.3825)
[========                                ]: 4222 (Loss: 0.4077)
[=========                               ]: 4223 (Loss: 0.4329)
[=========                               ]: 4224 (Loss: 0.3761)
[==========                              ]: 4225 (Loss: 0.3903)
[==========                              ]: 4226 (Loss: 0.4123)
[==========                              ]: 4227 (Loss: 0.3673)
[===========                             ]: 4228 (Loss: 0.2769)
[===========                             ]: 4229 (Loss: 0.3143)
[============                            ]: 4230 (Loss: 0.3356)
[============                            ]: 4231 (Loss: 0.3935)
[============                            ]: 4232 (Loss: 0.3674)
[=============                           ]: 4233 (Loss: 0.4303)
[=============                           ]: 4234 (Loss: 0.3037)
[==============                          ]: 4235 (Loss: 0.2924)
[==============                          ]: 4236 (Loss: 0.3302)
[==============                          ]: 4237 (Loss: 0.3468)
[===============                         ]: 4238 (Loss: 0.4627)
[===============                         ]: 4239 (Loss: 0.3183)
[================                        ]: 4240 (Loss: 0.3524)
[================                        ]: 4241 (Loss: 0.2929)
[================                        ]: 4242 (Loss: 0.3059)
[=================                       ]: 4243 (Loss: 0.2639)
[=================                       ]: 4244 (Loss: 0.3579)
[==================                      ]: 4245 (Loss: 0.4352)
[==================                      ]: 4246 (Loss: 0.3817)
[==================                      ]: 4247 (Loss: 0.3901)
[===================                     ]: 4248 (Loss: 0.3199)
[===================                     ]: 4249 (Loss: 0.4126)
[====================                    ]: 4250 (Loss: 0.2539)
[====================                    ]: 4251 (Loss: 0.3016)
[====================                    ]: 4252 (Loss: 0.2905)
[=====================                   ]: 4253 (Loss: 0.4049)
[=====================                   ]: 4254 (Loss: 0.3197)
[======================                  ]: 4255 (Loss: 0.3769)
[======================                  ]: 4256 (Loss: 0.4430)
[======================                  ]: 4257 (Loss: 0.3931)
[=======================                 ]: 4258 (Loss: 0.5131)
[=======================                 ]: 4259 (Loss: 0.3886)
[========================                ]: 4260 (Loss: 0.4549)
[========================                ]: 4261 (Loss: 0.3935)
[========================                ]: 4262 (Loss: 0.3257)
[=========================               ]: 4263 (Loss: 0.4179)
[=========================               ]: 4264 (Loss: 0.4936)
[==========================              ]: 4265 (Loss: 0.3609)
[==========================              ]: 4266 (Loss: 0.3460)
[==========================              ]: 4267 (Loss: 0.4639)
[===========================             ]: 4268 (Loss: 0.3216)
[===========================             ]: 4269 (Loss: 0.3783)
[============================            ]: 4270 (Loss: 0.4237)
[============================            ]: 4271 (Loss: 0.3720)
[============================            ]: 4272 (Loss: 0.3407)
[=============================           ]: 4273 (Loss: 0.2901)
[=============================           ]: 4274 (Loss: 0.6067)
[==============================          ]: 4275 (Loss: 0.4492)
[==============================          ]: 4276 (Loss: 0.3486)
[==============================          ]: 4277 (Loss: 0.3499)
[===============================         ]: 4278 (Loss: 0.3803)
[===============================         ]: 4279 (Loss: 0.3091)
[================================        ]: 4280 (Loss: 0.3774)
[================================        ]: 4281 (Loss: 0.3653)
[================================        ]: 4282 (Loss: 0.3613)
[=================================       ]: 4283 (Loss: 0.3439)
[=================================       ]: 4284 (Loss: 0.4305)
[==================================      ]: 4285 (Loss: 0.4561)
[==================================      ]: 4286 (Loss: 0.3476)
[==================================      ]: 4287 (Loss: 0.4452)
[===================================     ]: 4288 (Loss: 0.3752)
[===================================     ]: 4289 (Loss: 0.2956)
[====================================    ]: 4290 (Loss: 0.3558)
[====================================    ]: 4291 (Loss: 0.3524)
[====================================    ]: 4292 (Loss: 0.3576)
[=====================================   ]: 4293 (Loss: 0.3138)
[=====================================   ]: 4294 (Loss: 0.3620)
[======================================  ]: 4295 (Loss: 0.3223)
[======================================  ]: 4296 (Loss: 0.3561)
[======================================  ]: 4297 (Loss: 0.2795)
[======================================= ]: 4298 (Loss: 0.3599)
[======================================= ]: 4299 (Loss: 0.4242)
[========================================]: 4300 (Loss: 0.3744)
                                                                                                    
[2026-07-16 22:11:15,556] [INFO] [__main__] Batch 4300 Loss: 0.372361 Cost: 6.97 Time: 80 ms/sequence
[2026-07-16 22:11:15,556] [INFO] [__main__] Advice weight norm: 20.109224 | Advice gradient norm: 0.703741

[                                        ]: 4301 (Loss: 0.3292)
[                                        ]: 4302 (Loss: 0.4478)
[=                                       ]: 4303 (Loss: 0.2703)
[=                                       ]: 4304 (Loss: 0.2907)
[==                                      ]: 4305 (Loss: 0.4212)
[==                                      ]: 4306 (Loss: 0.3746)
[==                                      ]: 4307 (Loss: 0.4179)
[===                                     ]: 4308 (Loss: 0.3082)
[===                                     ]: 4309 (Loss: 0.4044)
[====                                    ]: 4310 (Loss: 0.3557)
[====                                    ]: 4311 (Loss: 0.3248)
[====                                    ]: 4312 (Loss: 0.5617)
[=====                                   ]: 4313 (Loss: 0.3046)
[=====                                   ]: 4314 (Loss: 0.3370)
[======                                  ]: 4315 (Loss: 0.4110)
[======                                  ]: 4316 (Loss: 0.4020)
[======                                  ]: 4317 (Loss: 0.2948)
[=======                                 ]: 4318 (Loss: 0.2885)
[=======                                 ]: 4319 (Loss: 0.4532)
[========                                ]: 4320 (Loss: 0.3359)
[========                                ]: 4321 (Loss: 0.3764)
[========                                ]: 4322 (Loss: 0.2400)
[=========                               ]: 4323 (Loss: 0.3407)
[=========                               ]: 4324 (Loss: 0.3729)
[==========                              ]: 4325 (Loss: 0.4745)
[==========                              ]: 4326 (Loss: 0.3421)
[==========                              ]: 4327 (Loss: 0.4317)
[===========                             ]: 4328 (Loss: 0.4066)
[===========                             ]: 4329 (Loss: 0.4655)
[============                            ]: 4330 (Loss: 0.3666)
[============                            ]: 4331 (Loss: 0.3862)
[============                            ]: 4332 (Loss: 0.2978)
[=============                           ]: 4333 (Loss: 0.4954)
[=============                           ]: 4334 (Loss: 0.3130)
[==============                          ]: 4335 (Loss: 0.2806)
[==============                          ]: 4336 (Loss: 0.3847)
[==============                          ]: 4337 (Loss: 0.3420)
[===============                         ]: 4338 (Loss: 0.3980)
[===============                         ]: 4339 (Loss: 0.3794)
[================                        ]: 4340 (Loss: 0.2951)
[================                        ]: 4341 (Loss: 0.3563)
[================                        ]: 4342 (Loss: 0.2966)
[=================                       ]: 4343 (Loss: 0.4138)
[=================                       ]: 4344 (Loss: 0.3846)
[==================                      ]: 4345 (Loss: 0.4472)
[==================                      ]: 4346 (Loss: 0.4756)
[==================                      ]: 4347 (Loss: 0.2839)
[===================                     ]: 4348 (Loss: 0.3623)
[===================                     ]: 4349 (Loss: 0.3293)
[====================                    ]: 4350 (Loss: 0.2471)
[====================                    ]: 4351 (Loss: 0.4830)
[====================                    ]: 4352 (Loss: 0.4888)
[=====================                   ]: 4353 (Loss: 0.4240)
[=====================                   ]: 4354 (Loss: 0.3561)
[======================                  ]: 4355 (Loss: 0.2814)
[======================                  ]: 4356 (Loss: 0.3349)
[======================                  ]: 4357 (Loss: 0.3939)
[=======================                 ]: 4358 (Loss: 0.2539)
[=======================                 ]: 4359 (Loss: 0.2847)
[========================                ]: 4360 (Loss: 0.3928)
[========================                ]: 4361 (Loss: 0.4624)
[========================                ]: 4362 (Loss: 0.3741)
[=========================               ]: 4363 (Loss: 0.3367)
[=========================               ]: 4364 (Loss: 0.2542)
[==========================              ]: 4365 (Loss: 0.3804)
[==========================              ]: 4366 (Loss: 0.5183)
[==========================              ]: 4367 (Loss: 0.3260)
[===========================             ]: 4368 (Loss: 0.2788)
[===========================             ]: 4369 (Loss: 0.5162)
[============================            ]: 4370 (Loss: 0.3189)
[============================            ]: 4371 (Loss: 0.3219)
[============================            ]: 4372 (Loss: 0.2849)
[=============================           ]: 4373 (Loss: 0.4648)
[=============================           ]: 4374 (Loss: 0.4317)
[==============================          ]: 4375 (Loss: 0.4629)
[==============================          ]: 4376 (Loss: 0.2526)
[==============================          ]: 4377 (Loss: 0.3228)
[===============================         ]: 4378 (Loss: 0.3393)
[===============================         ]: 4379 (Loss: 0.3918)
[================================        ]: 4380 (Loss: 0.2403)
[================================        ]: 4381 (Loss: 0.3462)
[================================        ]: 4382 (Loss: 0.1719)
[=================================       ]: 4383 (Loss: 0.3433)
[=================================       ]: 4384 (Loss: 0.3338)
[==================================      ]: 4385 (Loss: 0.4420)
[==================================      ]: 4386 (Loss: 0.3528)
[==================================      ]: 4387 (Loss: 0.3702)
[===================================     ]: 4388 (Loss: 0.2994)
[===================================     ]: 4389 (Loss: 0.3595)
[====================================    ]: 4390 (Loss: 0.3726)
[====================================    ]: 4391 (Loss: 0.2701)
[====================================    ]: 4392 (Loss: 0.3617)
[=====================================   ]: 4393 (Loss: 0.2404)
[=====================================   ]: 4394 (Loss: 0.3825)
[======================================  ]: 4395 (Loss: 0.4738)
[======================================  ]: 4396 (Loss: 0.3902)
[======================================  ]: 4397 (Loss: 0.2968)
[======================================= ]: 4398 (Loss: 0.3606)
[======================================= ]: 4399 (Loss: 0.4708)
[========================================]: 4400 (Loss: 0.3375)
                                                                                                    
[2026-07-16 22:11:23,832] [INFO] [__main__] Batch 4400 Loss: 0.362680 Cost: 7.15 Time: 82 ms/sequence
[2026-07-16 22:11:23,832] [INFO] [__main__] Advice weight norm: 20.150343 | Advice gradient norm: 0.696821

[                                        ]: 4401 (Loss: 0.5139)
[                                        ]: 4402 (Loss: 0.3139)
[=                                       ]: 4403 (Loss: 0.2540)
[=                                       ]: 4404 (Loss: 0.3804)
[==                                      ]: 4405 (Loss: 0.4029)
[==                                      ]: 4406 (Loss: 0.3173)
[==                                      ]: 4407 (Loss: 0.5267)
[===                                     ]: 4408 (Loss: 0.3328)
[===                                     ]: 4409 (Loss: 0.3623)
[====                                    ]: 4410 (Loss: 0.3676)
[====                                    ]: 4411 (Loss: 0.3968)
[====                                    ]: 4412 (Loss: 0.2411)
[=====                                   ]: 4413 (Loss: 0.2864)
[=====                                   ]: 4414 (Loss: 0.2801)
[======                                  ]: 4415 (Loss: 0.4395)
[======                                  ]: 4416 (Loss: 0.5091)
[======                                  ]: 4417 (Loss: 0.3687)
[=======                                 ]: 4418 (Loss: 0.4038)
[=======                                 ]: 4419 (Loss: 0.3265)
[========                                ]: 4420 (Loss: 0.3934)
[========                                ]: 4421 (Loss: 0.3391)
[========                                ]: 4422 (Loss: 0.3867)
[=========                               ]: 4423 (Loss: 0.3172)
[=========                               ]: 4424 (Loss: 0.4658)
[==========                              ]: 4425 (Loss: 0.3813)
[==========                              ]: 4426 (Loss: 0.3260)
[==========                              ]: 4427 (Loss: 0.3794)
[===========                             ]: 4428 (Loss: 0.2146)
[===========                             ]: 4429 (Loss: 0.3510)
[============                            ]: 4430 (Loss: 0.3661)
[============                            ]: 4431 (Loss: 0.3848)
[============                            ]: 4432 (Loss: 0.1720)
[=============                           ]: 4433 (Loss: 0.3786)
[=============                           ]: 4434 (Loss: 0.5877)
[==============                          ]: 4435 (Loss: 0.2600)
[==============                          ]: 4436 (Loss: 0.3396)
[==============                          ]: 4437 (Loss: 0.3651)
[===============                         ]: 4438 (Loss: 0.4131)
[===============                         ]: 4439 (Loss: 0.4053)
[================                        ]: 4440 (Loss: 0.3504)
[================                        ]: 4441 (Loss: 0.4393)
[================                        ]: 4442 (Loss: 0.3423)
[=================                       ]: 4443 (Loss: 0.4090)
[=================                       ]: 4444 (Loss: 0.3065)
[==================                      ]: 4445 (Loss: 0.5932)
[==================                      ]: 4446 (Loss: 0.3856)
[==================                      ]: 4447 (Loss: 0.3183)
[===================                     ]: 4448 (Loss: 0.2264)
[===================                     ]: 4449 (Loss: 0.3108)
[====================                    ]: 4450 (Loss: 0.4070)
[====================                    ]: 4451 (Loss: 0.3192)
[====================                    ]: 4452 (Loss: 0.3703)
[=====================                   ]: 4453 (Loss: 0.4077)
[=====================                   ]: 4454 (Loss: 0.3099)
[======================                  ]: 4455 (Loss: 0.3586)
[======================                  ]: 4456 (Loss: 0.3776)
[======================                  ]: 4457 (Loss: 0.3852)
[=======================                 ]: 4458 (Loss: 0.2966)
[=======================                 ]: 4459 (Loss: 0.4799)
[========================                ]: 4460 (Loss: 0.2446)
[========================                ]: 4461 (Loss: 0.4050)
[========================                ]: 4462 (Loss: 0.4435)
[=========================               ]: 4463 (Loss: 0.3365)
[=========================               ]: 4464 (Loss: 0.3329)
[==========================              ]: 4465 (Loss: 0.4809)
[==========================              ]: 4466 (Loss: 0.3384)
[==========================              ]: 4467 (Loss: 0.3607)
[===========================             ]: 4468 (Loss: 0.3474)
[===========================             ]: 4469 (Loss: 0.3586)
[============================            ]: 4470 (Loss: 0.2793)
[============================            ]: 4471 (Loss: 0.3930)
[============================            ]: 4472 (Loss: 0.3704)
[=============================           ]: 4473 (Loss: 0.3717)
[=============================           ]: 4474 (Loss: 0.4027)
[==============================          ]: 4475 (Loss: 0.3368)
[==============================          ]: 4476 (Loss: 0.3409)
[==============================          ]: 4477 (Loss: 0.4168)
[===============================         ]: 4478 (Loss: 0.3886)
[===============================         ]: 4479 (Loss: 0.3322)
[================================        ]: 4480 (Loss: 0.3105)
[================================        ]: 4481 (Loss: 0.4142)
[================================        ]: 4482 (Loss: 0.4007)
[=================================       ]: 4483 (Loss: 0.5078)
[=================================       ]: 4484 (Loss: 0.2756)
[==================================      ]: 4485 (Loss: 0.2633)
[==================================      ]: 4486 (Loss: 0.3005)
[==================================      ]: 4487 (Loss: 0.2684)
[===================================     ]: 4488 (Loss: 0.3082)
[===================================     ]: 4489 (Loss: 0.4320)
[====================================    ]: 4490 (Loss: 0.3559)
[====================================    ]: 4491 (Loss: 0.2953)
[====================================    ]: 4492 (Loss: 0.3711)
[=====================================   ]: 4493 (Loss: 0.4240)
[=====================================   ]: 4494 (Loss: 0.4442)
[======================================  ]: 4495 (Loss: 0.3537)
[======================================  ]: 4496 (Loss: 0.5165)
[======================================  ]: 4497 (Loss: 0.3761)
[======================================= ]: 4498 (Loss: 0.3813)
[======================================= ]: 4499 (Loss: 0.3353)
[========================================]: 4500 (Loss: 0.3372)
                                                                                                    
[2026-07-16 22:11:32,101] [INFO] [__main__] Batch 4500 Loss: 0.365970 Cost: 6.77 Time: 82 ms/sequence
[2026-07-16 22:11:32,102] [INFO] [__main__] Advice weight norm: 20.184212 | Advice gradient norm: 0.366747

[                                        ]: 4501 (Loss: 0.3495)
[                                        ]: 4502 (Loss: 0.4116)
[=                                       ]: 4503 (Loss: 0.3464)
[=                                       ]: 4504 (Loss: 0.3481)
[==                                      ]: 4505 (Loss: 0.2672)
[==                                      ]: 4506 (Loss: 0.1771)
[==                                      ]: 4507 (Loss: 0.4291)
[===                                     ]: 4508 (Loss: 0.3183)
[===                                     ]: 4509 (Loss: 0.2626)
[====                                    ]: 4510 (Loss: 0.2501)
[====                                    ]: 4511 (Loss: 0.3246)
[====                                    ]: 4512 (Loss: 0.3329)
[=====                                   ]: 4513 (Loss: 0.2803)
[=====                                   ]: 4514 (Loss: 0.2898)
[======                                  ]: 4515 (Loss: 0.3333)
[======                                  ]: 4516 (Loss: 0.2931)
[======                                  ]: 4517 (Loss: 0.4020)
[=======                                 ]: 4518 (Loss: 0.3557)
[=======                                 ]: 4519 (Loss: 0.3791)
[========                                ]: 4520 (Loss: 0.4741)
[========                                ]: 4521 (Loss: 0.4549)
[========                                ]: 4522 (Loss: 0.3462)
[=========                               ]: 4523 (Loss: 0.3424)
[=========                               ]: 4524 (Loss: 0.3543)
[==========                              ]: 4525 (Loss: 0.4921)
[==========                              ]: 4526 (Loss: 0.2804)
[==========                              ]: 4527 (Loss: 0.2831)
[===========                             ]: 4528 (Loss: 0.2689)
[===========                             ]: 4529 (Loss: 0.3444)
[============                            ]: 4530 (Loss: 0.2536)
[============                            ]: 4531 (Loss: 0.3321)
[============                            ]: 4532 (Loss: 0.4124)
[=============                           ]: 4533 (Loss: 0.4412)
[=============                           ]: 4534 (Loss: 0.3788)
[==============                          ]: 4535 (Loss: 0.3576)
[==============                          ]: 4536 (Loss: 0.2778)
[==============                          ]: 4537 (Loss: 0.3726)
[===============                         ]: 4538 (Loss: 0.3725)
[===============                         ]: 4539 (Loss: 0.3552)
[================                        ]: 4540 (Loss: 0.4073)
[================                        ]: 4541 (Loss: 0.3517)
[================                        ]: 4542 (Loss: 0.2977)
[=================                       ]: 4543 (Loss: 0.4463)
[=================                       ]: 4544 (Loss: 0.3171)
[==================                      ]: 4545 (Loss: 0.5030)
[==================                      ]: 4546 (Loss: 0.3817)
[==================                      ]: 4547 (Loss: 0.3745)
[===================                     ]: 4548 (Loss: 0.3911)
[===================                     ]: 4549 (Loss: 0.2458)
[====================                    ]: 4550 (Loss: 0.3944)
[====================                    ]: 4551 (Loss: 0.4386)
[====================                    ]: 4552 (Loss: 0.3646)
[=====================                   ]: 4553 (Loss: 0.4326)
[=====================                   ]: 4554 (Loss: 0.4328)
[======================                  ]: 4555 (Loss: 0.4647)
[======================                  ]: 4556 (Loss: 0.2938)
[======================                  ]: 4557 (Loss: 0.3647)
[=======================                 ]: 4558 (Loss: 0.1909)
[=======================                 ]: 4559 (Loss: 0.2860)
[========================                ]: 4560 (Loss: 0.3270)
[========================                ]: 4561 (Loss: 0.3615)
[========================                ]: 4562 (Loss: 0.3726)
[=========================               ]: 4563 (Loss: 0.4681)
[=========================               ]: 4564 (Loss: 0.2508)
[==========================              ]: 4565 (Loss: 0.3508)
[==========================              ]: 4566 (Loss: 0.3082)
[==========================              ]: 4567 (Loss: 0.3830)
[===========================             ]: 4568 (Loss: 0.3487)
[===========================             ]: 4569 (Loss: 0.3996)
[============================            ]: 4570 (Loss: 0.3774)
[============================            ]: 4571 (Loss: 0.2855)
[============================            ]: 4572 (Loss: 0.2688)
[=============================           ]: 4573 (Loss: 0.3757)
[=============================           ]: 4574 (Loss: 0.2949)
[==============================          ]: 4575 (Loss: 0.3927)
[==============================          ]: 4576 (Loss: 0.4039)
[==============================          ]: 4577 (Loss: 0.2819)
[===============================         ]: 4578 (Loss: 0.3099)
[===============================         ]: 4579 (Loss: 0.3234)
[================================        ]: 4580 (Loss: 0.3729)
[================================        ]: 4581 (Loss: 0.3216)
[================================        ]: 4582 (Loss: 0.4781)
[=================================       ]: 4583 (Loss: 0.2301)
[=================================       ]: 4584 (Loss: 0.3913)
[==================================      ]: 4585 (Loss: 0.4545)
[==================================      ]: 4586 (Loss: 0.4386)
[==================================      ]: 4587 (Loss: 0.4053)
[===================================     ]: 4588 (Loss: 0.3848)
[===================================     ]: 4589 (Loss: 0.3537)
[====================================    ]: 4590 (Loss: 0.2906)
[====================================    ]: 4591 (Loss: 0.2232)
[====================================    ]: 4592 (Loss: 0.3656)
[=====================================   ]: 4593 (Loss: 0.4384)
[=====================================   ]: 4594 (Loss: 0.4828)
[======================================  ]: 4595 (Loss: 0.3492)
[======================================  ]: 4596 (Loss: 0.4540)
[======================================  ]: 4597 (Loss: 0.3948)
[======================================= ]: 4598 (Loss: 0.4055)
[======================================= ]: 4599 (Loss: 0.5290)
[========================================]: 4600 (Loss: 0.3459)
                                                                                                    
[2026-07-16 22:11:40,104] [INFO] [__main__] Batch 4600 Loss: 0.357187 Cost: 6.75 Time: 80 ms/sequence
[2026-07-16 22:11:40,105] [INFO] [__main__] Advice weight norm: 20.219496 | Advice gradient norm: 0.423703

[                                        ]: 4601 (Loss: 0.2855)
[                                        ]: 4602 (Loss: 0.2877)
[=                                       ]: 4603 (Loss: 0.3312)
[=                                       ]: 4604 (Loss: 0.3062)
[==                                      ]: 4605 (Loss: 0.3358)
[==                                      ]: 4606 (Loss: 0.3764)
[==                                      ]: 4607 (Loss: 0.2835)
[===                                     ]: 4608 (Loss: 0.2929)
[===                                     ]: 4609 (Loss: 0.4179)
[====                                    ]: 4610 (Loss: 0.3516)
[====                                    ]: 4611 (Loss: 0.3486)
[====                                    ]: 4612 (Loss: 0.2846)
[=====                                   ]: 4613 (Loss: 0.3092)
[=====                                   ]: 4614 (Loss: 0.2486)
[======                                  ]: 4615 (Loss: 0.4172)
[======                                  ]: 4616 (Loss: 0.3277)
[======                                  ]: 4617 (Loss: 0.2654)
[=======                                 ]: 4618 (Loss: 0.2243)
[=======                                 ]: 4619 (Loss: 0.3847)
[========                                ]: 4620 (Loss: 0.2578)
[========                                ]: 4621 (Loss: 0.2972)
[========                                ]: 4622 (Loss: 0.3629)
[=========                               ]: 4623 (Loss: 0.2800)
[=========                               ]: 4624 (Loss: 0.5416)
[==========                              ]: 4625 (Loss: 0.3453)
[==========                              ]: 4626 (Loss: 0.2322)
[==========                              ]: 4627 (Loss: 0.2824)
[===========                             ]: 4628 (Loss: 0.3689)
[===========                             ]: 4629 (Loss: 0.3710)
[============                            ]: 4630 (Loss: 0.4272)
[============                            ]: 4631 (Loss: 0.4099)
[============                            ]: 4632 (Loss: 0.3721)
[=============                           ]: 4633 (Loss: 0.3264)
[=============                           ]: 4634 (Loss: 0.3292)
[==============                          ]: 4635 (Loss: 0.4113)
[==============                          ]: 4636 (Loss: 0.3582)
[==============                          ]: 4637 (Loss: 0.3351)
[===============                         ]: 4638 (Loss: 0.3391)
[===============                         ]: 4639 (Loss: 0.6138)
[================                        ]: 4640 (Loss: 0.5637)
[================                        ]: 4641 (Loss: 0.3767)
[================                        ]: 4642 (Loss: 0.3640)
[=================                       ]: 4643 (Loss: 0.3032)
[=================                       ]: 4644 (Loss: 0.3324)
[==================                      ]: 4645 (Loss: 0.3766)
[==================                      ]: 4646 (Loss: 0.3824)
[==================                      ]: 4647 (Loss: 0.2704)
[===================                     ]: 4648 (Loss: 0.3738)
[===================                     ]: 4649 (Loss: 0.2428)
[====================                    ]: 4650 (Loss: 0.2958)
[====================                    ]: 4651 (Loss: 0.3059)
[====================                    ]: 4652 (Loss: 0.3897)
[=====================                   ]: 4653 (Loss: 0.3376)
[=====================                   ]: 4654 (Loss: 0.4709)
[======================                  ]: 4655 (Loss: 0.2523)
[======================                  ]: 4656 (Loss: 0.2628)
[======================                  ]: 4657 (Loss: 0.2828)
[=======================                 ]: 4658 (Loss: 0.4242)
[=======================                 ]: 4659 (Loss: 0.2565)
[========================                ]: 4660 (Loss: 0.3897)
[========================                ]: 4661 (Loss: 0.2892)
[========================                ]: 4662 (Loss: 0.3770)
[=========================               ]: 4663 (Loss: 0.3627)
[=========================               ]: 4664 (Loss: 0.3414)
[==========================              ]: 4665 (Loss: 0.3375)
[==========================              ]: 4666 (Loss: 0.4472)
[==========================              ]: 4667 (Loss: 0.3173)
[===========================             ]: 4668 (Loss: 0.3211)
[===========================             ]: 4669 (Loss: 0.5220)
[============================            ]: 4670 (Loss: 0.4140)
[============================            ]: 4671 (Loss: 0.2714)
[============================            ]: 4672 (Loss: 0.3529)
[=============================           ]: 4673 (Loss: 0.2203)
[=============================           ]: 4674 (Loss: 0.3817)
[==============================          ]: 4675 (Loss: 0.4268)
[==============================          ]: 4676 (Loss: 0.3526)
[==============================          ]: 4677 (Loss: 0.4442)
[===============================         ]: 4678 (Loss: 0.2854)
[===============================         ]: 4679 (Loss: 0.3179)
[================================        ]: 4680 (Loss: 0.2557)
[================================        ]: 4681 (Loss: 0.2239)
[================================        ]: 4682 (Loss: 0.3801)
[=================================       ]: 4683 (Loss: 0.6241)
[=================================       ]: 4684 (Loss: 0.3670)
[==================================      ]: 4685 (Loss: 0.2745)
[==================================      ]: 4686 (Loss: 0.3727)
[==================================      ]: 4687 (Loss: 0.4462)
[===================================     ]: 4688 (Loss: 0.2400)
[===================================     ]: 4689 (Loss: 0.4776)
[====================================    ]: 4690 (Loss: 0.3644)
[====================================    ]: 4691 (Loss: 0.3776)
[====================================    ]: 4692 (Loss: 0.2241)
[=====================================   ]: 4693 (Loss: 0.5203)
[=====================================   ]: 4694 (Loss: 0.3439)
[======================================  ]: 4695 (Loss: 0.2924)
[======================================  ]: 4696 (Loss: 0.2890)
[======================================  ]: 4697 (Loss: 0.3359)
[======================================= ]: 4698 (Loss: 0.4108)
[======================================= ]: 4699 (Loss: 0.4283)
[========================================]: 4700 (Loss: 0.3337)
                                                                                                    
[2026-07-16 22:11:48,230] [INFO] [__main__] Batch 4700 Loss: 0.349595 Cost: 6.37 Time: 81 ms/sequence
[2026-07-16 22:11:48,230] [INFO] [__main__] Advice weight norm: 20.249186 | Advice gradient norm: 0.436322

[                                        ]: 4701 (Loss: 0.4078)
[                                        ]: 4702 (Loss: 0.3104)
[=                                       ]: 4703 (Loss: 0.4318)
[=                                       ]: 4704 (Loss: 0.3476)
[==                                      ]: 4705 (Loss: 0.3409)
[==                                      ]: 4706 (Loss: 0.3473)
[==                                      ]: 4707 (Loss: 0.3529)
[===                                     ]: 4708 (Loss: 0.3719)
[===                                     ]: 4709 (Loss: 0.3499)
[====                                    ]: 4710 (Loss: 0.3738)
[====                                    ]: 4711 (Loss: 0.2190)
[====                                    ]: 4712 (Loss: 0.4080)
[=====                                   ]: 4713 (Loss: 0.2824)
[=====                                   ]: 4714 (Loss: 0.3718)
[======                                  ]: 4715 (Loss: 0.4211)
[======                                  ]: 4716 (Loss: 0.2871)
[======                                  ]: 4717 (Loss: 0.2647)
[=======                                 ]: 4718 (Loss: 0.2599)
[=======                                 ]: 4719 (Loss: 0.3822)
[========                                ]: 4720 (Loss: 0.3402)
[========                                ]: 4721 (Loss: 0.3394)
[========                                ]: 4722 (Loss: 0.3530)
[=========                               ]: 4723 (Loss: 0.3921)
[=========                               ]: 4724 (Loss: 0.3214)
[==========                              ]: 4725 (Loss: 0.3504)
[==========                              ]: 4726 (Loss: 0.2986)
[==========                              ]: 4727 (Loss: 0.2586)
[===========                             ]: 4728 (Loss: 0.2239)
[===========                             ]: 4729 (Loss: 0.3540)
[============                            ]: 4730 (Loss: 0.3338)
[============                            ]: 4731 (Loss: 0.3705)
[============                            ]: 4732 (Loss: 0.4121)
[=============                           ]: 4733 (Loss: 0.3447)
[=============                           ]: 4734 (Loss: 0.4305)
[==============                          ]: 4735 (Loss: 0.3874)
[==============                          ]: 4736 (Loss: 0.3290)
[==============                          ]: 4737 (Loss: 0.2309)
[===============                         ]: 4738 (Loss: 0.3188)
[===============                         ]: 4739 (Loss: 0.3399)
[================                        ]: 4740 (Loss: 0.2834)
[================                        ]: 4741 (Loss: 0.3538)
[================                        ]: 4742 (Loss: 0.3483)
[=================                       ]: 4743 (Loss: 0.3751)
[=================                       ]: 4744 (Loss: 0.3387)
[==================                      ]: 4745 (Loss: 0.2692)
[==================                      ]: 4746 (Loss: 0.2533)
[==================                      ]: 4747 (Loss: 0.3232)
[===================                     ]: 4748 (Loss: 0.3194)
[===================                     ]: 4749 (Loss: 0.3497)
[====================                    ]: 4750 (Loss: 0.2473)
[====================                    ]: 4751 (Loss: 0.3846)
[====================                    ]: 4752 (Loss: 0.3787)
[=====================                   ]: 4753 (Loss: 0.5794)
[=====================                   ]: 4754 (Loss: 0.3333)
[======================                  ]: 4755 (Loss: 0.3486)
[======================                  ]: 4756 (Loss: 0.3700)
[======================                  ]: 4757 (Loss: 0.3134)
[=======================                 ]: 4758 (Loss: 0.3681)
[=======================                 ]: 4759 (Loss: 0.3994)
[========================                ]: 4760 (Loss: 0.2653)
[========================                ]: 4761 (Loss: 0.2417)
[========================                ]: 4762 (Loss: 0.4531)
[=========================               ]: 4763 (Loss: 0.4374)
[=========================               ]: 4764 (Loss: 0.3520)
[==========================              ]: 4765 (Loss: 0.3554)
[==========================              ]: 4766 (Loss: 0.3931)
[==========================              ]: 4767 (Loss: 0.4346)
[===========================             ]: 4768 (Loss: 0.3384)
[===========================             ]: 4769 (Loss: 0.4790)
[============================            ]: 4770 (Loss: 0.3053)
[============================            ]: 4771 (Loss: 0.2710)
[============================            ]: 4772 (Loss: 0.3911)
[=============================           ]: 4773 (Loss: 0.3272)
[=============================           ]: 4774 (Loss: 0.3582)
[==============================          ]: 4775 (Loss: 0.2328)
[==============================          ]: 4776 (Loss: 0.2696)
[==============================          ]: 4777 (Loss: 0.4036)
[===============================         ]: 4778 (Loss: 0.2482)
[===============================         ]: 4779 (Loss: 0.3527)
[================================        ]: 4780 (Loss: 0.3796)
[================================        ]: 4781 (Loss: 0.3843)
[================================        ]: 4782 (Loss: 0.3501)
[=================================       ]: 4783 (Loss: 0.3385)
[=================================       ]: 4784 (Loss: 0.3810)
[==================================      ]: 4785 (Loss: 0.3324)
[==================================      ]: 4786 (Loss: 0.4859)
[==================================      ]: 4787 (Loss: 0.3047)
[===================================     ]: 4788 (Loss: 0.3028)
[===================================     ]: 4789 (Loss: 0.2939)
[====================================    ]: 4790 (Loss: 0.2240)
[====================================    ]: 4791 (Loss: 0.4252)
[====================================    ]: 4792 (Loss: 0.3105)
[=====================================   ]: 4793 (Loss: 0.3679)
[=====================================   ]: 4794 (Loss: 0.3903)
[======================================  ]: 4795 (Loss: 0.5186)
[======================================  ]: 4796 (Loss: 0.4444)
[======================================  ]: 4797 (Loss: 0.4302)
[======================================= ]: 4798 (Loss: 0.3542)
[======================================= ]: 4799 (Loss: 0.3067)
[========================================]: 4800 (Loss: 0.3076)
                                                                                                    
[2026-07-16 22:11:56,458] [INFO] [__main__] Batch 4800 Loss: 0.347389 Cost: 6.31 Time: 82 ms/sequence
[2026-07-16 22:11:56,458] [INFO] [__main__] Advice weight norm: 20.291416 | Advice gradient norm: 0.543432

[                                        ]: 4801 (Loss: 0.4243)
[                                        ]: 4802 (Loss: 0.2366)
[=                                       ]: 4803 (Loss: 0.3074)
[=                                       ]: 4804 (Loss: 0.4047)
[==                                      ]: 4805 (Loss: 0.3030)
[==                                      ]: 4806 (Loss: 0.3072)
[==                                      ]: 4807 (Loss: 0.4271)
[===                                     ]: 4808 (Loss: 0.2445)
[===                                     ]: 4809 (Loss: 0.3269)
[====                                    ]: 4810 (Loss: 0.3529)
[====                                    ]: 4811 (Loss: 0.2708)
[====                                    ]: 4812 (Loss: 0.4430)
[=====                                   ]: 4813 (Loss: 0.3830)
[=====                                   ]: 4814 (Loss: 0.3320)
[======                                  ]: 4815 (Loss: 0.2327)
[======                                  ]: 4816 (Loss: 0.2925)
[======                                  ]: 4817 (Loss: 0.4995)
[=======                                 ]: 4818 (Loss: 0.3749)
[=======                                 ]: 4819 (Loss: 0.4460)
[========                                ]: 4820 (Loss: 0.2927)
[========                                ]: 4821 (Loss: 0.3073)
[========                                ]: 4822 (Loss: 0.2178)
[=========                               ]: 4823 (Loss: 0.3595)
[=========                               ]: 4824 (Loss: 0.3256)
[==========                              ]: 4825 (Loss: 0.3342)
[==========                              ]: 4826 (Loss: 0.5220)
[==========                              ]: 4827 (Loss: 0.3495)
[===========                             ]: 4828 (Loss: 0.3619)
[===========                             ]: 4829 (Loss: 0.4942)
[============                            ]: 4830 (Loss: 0.3535)
[============                            ]: 4831 (Loss: 0.5055)
[============                            ]: 4832 (Loss: 0.2721)
[=============                           ]: 4833 (Loss: 0.3113)
[=============                           ]: 4834 (Loss: 0.4166)
[==============                          ]: 4835 (Loss: 0.4173)
[==============                          ]: 4836 (Loss: 0.4035)
[==============                          ]: 4837 (Loss: 0.3915)
[===============                         ]: 4838 (Loss: 0.3259)
[===============                         ]: 4839 (Loss: 0.4221)
[================                        ]: 4840 (Loss: 0.4827)
[================                        ]: 4841 (Loss: 0.3354)
[================                        ]: 4842 (Loss: 0.3348)
[=================                       ]: 4843 (Loss: 0.3627)
[=================                       ]: 4844 (Loss: 0.3962)
[==================                      ]: 4845 (Loss: 0.4010)
[==================                      ]: 4846 (Loss: 0.3168)
[==================                      ]: 4847 (Loss: 0.3263)
[===================                     ]: 4848 (Loss: 0.3878)
[===================                     ]: 4849 (Loss: 0.2879)
[====================                    ]: 4850 (Loss: 0.4476)
[====================                    ]: 4851 (Loss: 0.4248)
[====================                    ]: 4852 (Loss: 0.3390)
[=====================                   ]: 4853 (Loss: 0.4064)
[=====================                   ]: 4854 (Loss: 0.3698)
[======================                  ]: 4855 (Loss: 0.4005)
[======================                  ]: 4856 (Loss: 0.3552)
[======================                  ]: 4857 (Loss: 0.3503)
[=======================                 ]: 4858 (Loss: 0.3969)
[=======================                 ]: 4859 (Loss: 0.5402)
[========================                ]: 4860 (Loss: 0.2955)
[========================                ]: 4861 (Loss: 0.3633)
[========================                ]: 4862 (Loss: 0.2284)
[=========================               ]: 4863 (Loss: 0.4731)
[=========================               ]: 4864 (Loss: 0.4153)
[==========================              ]: 4865 (Loss: 0.3318)
[==========================              ]: 4866 (Loss: 0.3187)
[==========================              ]: 4867 (Loss: 0.1595)
[===========================             ]: 4868 (Loss: 0.4347)
[===========================             ]: 4869 (Loss: 0.4106)
[============================            ]: 4870 (Loss: 0.4052)
[============================            ]: 4871 (Loss: 0.3804)
[============================            ]: 4872 (Loss: 0.2996)
[=============================           ]: 4873 (Loss: 0.3291)
[=============================           ]: 4874 (Loss: 0.3460)
[==============================          ]: 4875 (Loss: 0.3385)
[==============================          ]: 4876 (Loss: 0.3927)
[==============================          ]: 4877 (Loss: 0.2552)
[===============================         ]: 4878 (Loss: 0.4312)
[===============================         ]: 4879 (Loss: 0.3879)
[================================        ]: 4880 (Loss: 0.3309)
[================================        ]: 4881 (Loss: 0.3394)
[================================        ]: 4882 (Loss: 0.3350)
[=================================       ]: 4883 (Loss: 0.4358)
[=================================       ]: 4884 (Loss: 0.3418)
[==================================      ]: 4885 (Loss: 0.3358)
[==================================      ]: 4886 (Loss: 0.3883)
[==================================      ]: 4887 (Loss: 0.3308)
[===================================     ]: 4888 (Loss: 0.3988)
[===================================     ]: 4889 (Loss: 0.2475)
[====================================    ]: 4890 (Loss: 0.3294)
[====================================    ]: 4891 (Loss: 0.3454)
[====================================    ]: 4892 (Loss: 0.4443)
[=====================================   ]: 4893 (Loss: 0.2755)
[=====================================   ]: 4894 (Loss: 0.2909)
[======================================  ]: 4895 (Loss: 0.3332)
[======================================  ]: 4896 (Loss: 0.3724)
[======================================  ]: 4897 (Loss: 0.3251)
[======================================= ]: 4898 (Loss: 0.2540)
[======================================= ]: 4899 (Loss: 0.3686)
[========================================]: 4900 (Loss: 0.3465)
                                                                                                    
[2026-07-16 22:12:04,509] [INFO] [__main__] Batch 4900 Loss: 0.358215 Cost: 6.63 Time: 80 ms/sequence
[2026-07-16 22:12:04,509] [INFO] [__main__] Advice weight norm: 20.318426 | Advice gradient norm: 0.422370

[                                        ]: 4901 (Loss: 0.4155)
[                                        ]: 4902 (Loss: 0.2643)
[=                                       ]: 4903 (Loss: 0.3527)
[=                                       ]: 4904 (Loss: 0.4800)
[==                                      ]: 4905 (Loss: 0.3307)
[==                                      ]: 4906 (Loss: 0.2788)
[==                                      ]: 4907 (Loss: 0.5341)
[===                                     ]: 4908 (Loss: 0.2789)
[===                                     ]: 4909 (Loss: 0.3405)
[====                                    ]: 4910 (Loss: 0.4089)
[====                                    ]: 4911 (Loss: 0.3973)
[====                                    ]: 4912 (Loss: 0.2196)
[=====                                   ]: 4913 (Loss: 0.4442)
[=====                                   ]: 4914 (Loss: 0.2613)
[======                                  ]: 4915 (Loss: 0.4192)
[======                                  ]: 4916 (Loss: 0.2808)
[======                                  ]: 4917 (Loss: 0.3292)
[=======                                 ]: 4918 (Loss: 0.2652)
[=======                                 ]: 4919 (Loss: 0.2934)
[========                                ]: 4920 (Loss: 0.2598)
[========                                ]: 4921 (Loss: 0.3972)
[========                                ]: 4922 (Loss: 0.3063)
[=========                               ]: 4923 (Loss: 0.2724)
[=========                               ]: 4924 (Loss: 0.3529)
[==========                              ]: 4925 (Loss: 0.2383)
[==========                              ]: 4926 (Loss: 0.3295)
[==========                              ]: 4927 (Loss: 0.3570)
[===========                             ]: 4928 (Loss: 0.3517)
[===========                             ]: 4929 (Loss: 0.3332)
[============                            ]: 4930 (Loss: 0.5056)
[============                            ]: 4931 (Loss: 0.3553)
[============                            ]: 4932 (Loss: 0.3839)
[=============                           ]: 4933 (Loss: 0.3080)
[=============                           ]: 4934 (Loss: 0.3209)
[==============                          ]: 4935 (Loss: 0.3447)
[==============                          ]: 4936 (Loss: 0.3223)
[==============                          ]: 4937 (Loss: 0.3311)
[===============                         ]: 4938 (Loss: 0.4192)
[===============                         ]: 4939 (Loss: 0.5118)
[================                        ]: 4940 (Loss: 0.3353)
[================                        ]: 4941 (Loss: 0.2570)
[================                        ]: 4942 (Loss: 0.4905)
[=================                       ]: 4943 (Loss: 0.2629)
[=================                       ]: 4944 (Loss: 0.2804)
[==================                      ]: 4945 (Loss: 0.3240)
[==================                      ]: 4946 (Loss: 0.3897)
[==================                      ]: 4947 (Loss: 0.4193)
[===================                     ]: 4948 (Loss: 0.2657)
[===================                     ]: 4949 (Loss: 0.4145)
[====================                    ]: 4950 (Loss: 0.3450)
[====================                    ]: 4951 (Loss: 0.4312)
[====================                    ]: 4952 (Loss: 0.3754)
[=====================                   ]: 4953 (Loss: 0.4084)
[=====================                   ]: 4954 (Loss: 0.2536)
[======================                  ]: 4955 (Loss: 0.3519)
[======================                  ]: 4956 (Loss: 0.3035)
[======================                  ]: 4957 (Loss: 0.3001)
[=======================                 ]: 4958 (Loss: 0.3754)
[=======================                 ]: 4959 (Loss: 0.2649)
[========================                ]: 4960 (Loss: 0.3546)
[========================                ]: 4961 (Loss: 0.3232)
[========================                ]: 4962 (Loss: 0.3909)
[=========================               ]: 4963 (Loss: 0.4120)
[=========================               ]: 4964 (Loss: 0.2880)
[==========================              ]: 4965 (Loss: 0.4034)
[==========================              ]: 4966 (Loss: 0.3460)
[==========================              ]: 4967 (Loss: 0.3699)
[===========================             ]: 4968 (Loss: 0.3451)
[===========================             ]: 4969 (Loss: 0.3476)
[============================            ]: 4970 (Loss: 0.3183)
[============================            ]: 4971 (Loss: 0.5465)
[============================            ]: 4972 (Loss: 0.3409)
[=============================           ]: 4973 (Loss: 0.3696)
[=============================           ]: 4974 (Loss: 0.6038)
[==============================          ]: 4975 (Loss: 0.2820)
[==============================          ]: 4976 (Loss: 0.2765)
[==============================          ]: 4977 (Loss: 0.3588)
[===============================         ]: 4978 (Loss: 0.3432)
[===============================         ]: 4979 (Loss: 0.3803)
[================================        ]: 4980 (Loss: 0.4222)
[================================        ]: 4981 (Loss: 0.3760)
[================================        ]: 4982 (Loss: 0.3290)
[=================================       ]: 4983 (Loss: 0.2790)
[=================================       ]: 4984 (Loss: 0.2481)
[==================================      ]: 4985 (Loss: 0.5241)
[==================================      ]: 4986 (Loss: 0.3648)
[==================================      ]: 4987 (Loss: 0.3882)
[===================================     ]: 4988 (Loss: 0.3533)
[===================================     ]: 4989 (Loss: 0.2851)
[====================================    ]: 4990 (Loss: 0.2558)
[====================================    ]: 4991 (Loss: 0.5862)
[====================================    ]: 4992 (Loss: 0.3073)
[=====================================   ]: 4993 (Loss: 0.3459)
[=====================================   ]: 4994 (Loss: 0.2852)
[======================================  ]: 4995 (Loss: 0.3150)
[======================================  ]: 4996 (Loss: 0.2714)
[======================================  ]: 4997 (Loss: 0.2419)
[======================================= ]: 4998 (Loss: 0.3782)
[======================================= ]: 4999 (Loss: 0.3548)
[========================================]: 5000 (Loss: 0.3136)
                                                                                                    
[2026-07-16 22:12:12,535] [INFO] [__main__] Batch 5000 Loss: 0.350702 Cost: 6.62 Time: 80 ms/sequence
[2026-07-16 22:12:12,535] [INFO] [__main__] Advice weight norm: 20.351181 | Advice gradient norm: 0.442847

                                                                                                    
[2026-07-16 22:12:12,537] [INFO] [__main__] Saving checkpoint to 'runs\copy_sanity_len5\copy\combined\seed_1000\checkpoint-batch-00005000.pt'

                                                                                                    
[2026-07-16 22:12:12,606] [INFO] [__main__] Saving checkpoint to 'runs\copy_sanity_len5\copy\combined\seed_1000\checkpoint-final.pt'
[2026-07-16 22:12:12,683] [INFO] [__main__] Final advice weight norm: 20.351181
[2026-07-16 22:12:12,683] [INFO] [__main__] Done training.
