task,metric,advice_type,batch,n_seeds,mean,std,lower_band,upper_band
copy,loss,combined,100,2,0.6937877866625786,6.37635456436716e-05,0.6937240231169349,0.6938515502082222
copy,loss,combined,200,2,0.6863306248188019,0.0008679536536200288,0.6854626711651819,0.6871985784724219
copy,loss,combined,300,2,0.6827747732400894,0.0015760797141909796,0.6811986935258985,0.6843508529542803
copy,loss,combined,400,2,0.6798355320096017,0.0008013738555588467,0.6790341581540428,0.6806369058651606
copy,loss,combined,500,2,0.6801572343707085,0.0005426638553443946,0.6796145705153641,0.6806998982260529
copy,loss,combined,600,2,0.6689130809903145,0.008503405277741582,0.6604096757125729,0.6774164862680562
copy,loss,combined,700,2,0.6674028681218624,0.0024021429828732623,0.6650007251389892,0.6698050111047357
copy,loss,combined,800,2,0.6608845096826553,0.005098532924219826,0.6557859767584355,0.6659830426068751
copy,loss,combined,900,2,0.6554294680058956,0.004064170236421529,0.651365297769474,0.6594936382423172
copy,loss,combined,1000,2,0.6535283149778843,0.0006757368396930815,0.6528525781381912,0.6542040518175775
copy,loss,combined,1100,2,0.6487785896658897,0.006411745694527768,0.642366843971362,0.6551903353604175
copy,loss,combined,1200,2,0.6493132872879506,7.224412376670635e-05,0.6492410431641839,0.6493855314117173
copy,loss,combined,1300,2,0.6370047032833099,0.008740140332610835,0.6282645629506991,0.6457448436159208
copy,loss,combined,1400,2,0.6407799598574638,0.0063185564836591695,0.6344614033738046,0.647098516341123
copy,loss,combined,1500,2,0.6337859299778938,0.0010937457007419672,0.6326921842771519,0.6348796756786358
copy,loss,combined,1600,2,0.6347952903807164,0.0026755504321003833,0.6321197399486159,0.6374708408128168
copy,loss,combined,1700,2,0.6203619693219662,0.0016046955277216183,0.6187572737942446,0.6219666648496878
copy,loss,combined,1800,2,0.6327660006284714,0.0006016563777366643,0.6321643442507348,0.6333676570062081
copy,loss,combined,1900,2,0.6227263805270196,0.002031421199979618,0.62069495932704,0.6247578017269991
copy,loss,combined,2000,2,0.6167331536859274,0.009096167300669764,0.6076369863852576,0.6258293209865972
copy,loss,combined,2100,2,0.6071007933467627,0.011304240904889778,0.5957965524418729,0.6184050342516525
copy,loss,combined,2200,2,0.6044229573756457,0.0015431289919237547,0.6028798283837219,0.6059660863675694
copy,loss,combined,2300,2,0.607135574221611,0.0081087261724831,0.5990268480491279,0.6152443003940942
copy,loss,combined,2400,2,0.6036024414002896,0.008683834671811212,0.5949186067284784,0.6122862760721008
copy,loss,combined,2500,2,0.5977771444618702,0.003207917390885138,0.5945692270709851,0.6009850618527554
copy,loss,combined,2600,2,0.5789466039463878,0.01140184178444262,0.5675447621619452,0.5903484457308303
copy,loss,combined,2700,2,0.6003505822271109,0.01749819992470167,0.5828523823024092,0.6178487821518126
copy,loss,combined,2800,2,0.6027710126340389,0.030388975701758258,0.5723820369322806,0.6331599883357971
copy,loss,combined,2900,2,0.5679909525439143,0.022877351992713856,0.5451136005512004,0.5908683045366282
copy,loss,combined,3000,2,0.5440484626218677,0.05665516570094633,0.48739329692092137,0.600703628322814
copy,loss,combined,3100,2,0.5159928288310767,0.08778763730928013,0.42820519152179654,0.6037804661403567
copy,loss,combined,3200,2,0.4999397895857692,0.12055218208982424,0.3793876074959449,0.6204919716755934
copy,loss,combined,3300,2,0.4732082988880575,0.1634873817913153,0.3097209170967422,0.6366956806793728
copy,loss,combined,3400,2,0.41986484779044986,0.20936350083742636,0.2105013469530235,0.6292283486278762
copy,loss,combined,3500,2,0.3674996160669252,0.25331502704265835,0.11418458902426687,0.6208146431095836
copy,loss,combined,3600,2,0.35882409363053736,0.24222095401228982,0.11660313961824753,0.6010450476428272
copy,loss,combined,3700,2,0.2984359594900161,0.24970670058367805,0.04872925890633806,0.5481426600736942
copy,loss,combined,3800,2,0.26991935734287836,0.2654341988752907,0.00448515846758768,0.535353556218169
copy,loss,combined,3900,2,0.22917400523321704,0.1951137376746145,0.03406026755860253,0.42428774290783156
copy,loss,combined,4000,2,0.17177611896477174,0.18460190842145768,-0.012825789456685943,0.3563780273862294
copy,loss,combined,4100,2,0.14144054464937653,0.1551385995445887,-0.01369805489521217,0.29657914419396525
copy,loss,combined,4200,2,0.1069513147395628,0.10944941544527119,-0.0024981007057083837,0.216400730184834
copy,loss,combined,4300,2,0.09407027624431066,0.07117858171794991,0.02289169452636075,0.16524885796226058
copy,loss,combined,4400,2,0.06043387905781856,0.06744951243105342,-0.00701563337323486,0.12788339148887198
copy,loss,combined,4500,2,0.04437639301082527,0.047166017745203584,-0.0027896247343783126,0.09154241075602886
copy,loss,combined,4600,2,0.046709444187217744,0.042292490568432706,0.004416953618785038,0.08900193475565045
copy,loss,combined,4700,2,0.02548825892597961,0.02692455760760736,-0.0014362986816277498,0.05241281653358697
copy,loss,combined,4800,2,0.029545041245000903,0.03431169955670794,-0.004766658311707035,0.06385674080170883
copy,loss,combined,4900,2,0.014665015431310166,0.015258172636143107,-0.0005931572048329409,0.029923188067453275
copy,loss,combined,5000,2,0.028180167520108625,0.015525556125209661,0.012654611394898964,0.04370572364531829
copy,loss,combined,5100,2,0.008460695634312287,0.008134837168915048,0.0003258584653972399,0.016595532803227335
copy,loss,combined,5200,2,0.08962961774821453,0.12317404572748263,-0.0335444279792681,0.21280366347569715
copy,loss,combined,5300,2,0.018162050670689496,0.022111450612742185,-0.003949399942052689,0.040273501283431684
copy,loss,combined,5400,2,0.01784382715324682,0.011411056325622988,0.006432770827623833,0.029254883478869807
copy,loss,combined,5500,2,0.01250401228251576,0.0016137745393361475,0.010890237743179612,0.014117786821851906
copy,loss,combined,5600,2,0.009983209419569903,0.0055976506525701715,0.004385558766999731,0.015580860072140074
copy,loss,combined,5700,2,0.008708293063755264,0.005133586804170908,0.003574706259584356,0.013841879867926172
copy,loss,combined,5800,2,0.07646735837008237,0.10469612905251559,-0.02822877068243322,0.18116348742259797
copy,loss,combined,5900,2,0.16044479639534528,0.22538850424259443,-0.06494370784724915,0.38583330063793975
copy,loss,combined,6000,2,0.0040317946710092655,0.004018217348525498,1.3577322483767848e-05,0.008050012019534763
copy,loss,combined,6100,2,0.02908486374963104,0.03633565772938266,-0.0072507939797516185,0.0654205214790137
copy,loss,combined,6200,2,0.05974541981837092,0.03135851477835842,0.028386905040012497,0.09110393459672934
copy,loss,combined,6300,2,0.09683621414201299,0.13458899914811506,-0.037752785006102074,0.23142521329012805
copy,loss,combined,6400,2,0.0020758191615868784,0.0016336602718766743,0.00044215888971020417,0.0037094794334635527
copy,loss,combined,6500,2,0.0021191192862852403,0.0013423174499359416,0.0007768018363492988,0.003461436736221182
copy,loss,combined,6600,2,0.043514432162451155,0.05886851875621956,-0.015354086593768405,0.10238295091867072
copy,loss,combined,6700,2,0.04117084934666309,0.056053678390788154,-0.014882829044125065,0.09722452773745124
copy,loss,combined,6800,2,0.008752090367656819,0.011120933363006917,-0.0023688429953500987,0.019873023730663734
copy,loss,combined,6900,2,0.3200335879948057,0.4512827259053645,-0.1312491379105588,0.7713163139001702
copy,loss,combined,7000,2,0.05319193294683487,0.07449082039068348,-0.021298887443848613,0.12768275333751836
copy,loss,combined,7100,2,0.02621232539579296,0.03270750238897701,-0.006495176993184051,0.058919827784769965
copy,loss,combined,7200,2,0.0008559713041921668,0.0005014436164085865,0.0003545276877835803,0.0013574149206007531
copy,loss,combined,7300,2,0.027030494487962926,0.037223546574069004,-0.010193052086106078,0.06425404106203193
copy,loss,combined,7400,2,0.008114494911843621,0.009855445172658558,-0.0017409502608149371,0.01796994008450218
copy,loss,combined,7500,2,0.004252900292260052,0.005130886873888789,-0.0008779865816287372,0.00938378716614884
copy,loss,combined,7600,2,0.004178672177347949,0.005348266683027211,-0.0011695945056792618,0.00952693886037516
copy,loss,combined,7700,2,0.00047571030983363017,7.622360508011332e-05,0.00039948670475351683,0.0005519339149137435
copy,loss,combined,7800,2,0.0006193750957561406,0.00025815611416404736,0.0003612189815920932,0.000877531209920188
copy,loss,combined,7900,2,0.0003751955604582236,0.00026273265359791896,0.00011246290686030465,0.0006379282140561426
copy,loss,combined,8000,2,0.00030252008921785036,3.9273746297995034e-06,0.00029859271458805087,0.00030644746384764985
copy,loss,combined,8100,2,0.13765948488050184,0.1942421784111143,-0.05658269353061246,0.33190166329161613
copy,loss,combined,8200,2,0.38945691828971574,0.16898966599178988,0.22046725229792585,0.5584465842815056
copy,loss,combined,8300,2,0.015183360229401616,0.01696419693312178,-0.001780836703720163,0.03214755716252339
copy,loss,combined,8400,2,0.0007494450003287057,0.00015098811966790635,0.0005984568806607993,0.000900433119996612
copy,loss,combined,8500,2,0.0003223364835864118,1.657455748743461e-05,0.00030576192609897717,0.0003389110410738464
copy,loss,combined,8600,2,0.00037981349680450195,0.00019234872535310598,0.00018746477145139596,0.0005721622221576079
copy,loss,combined,8700,2,0.0006341625293160291,0.0005121507541051718,0.0001220117752108573,0.001146313283421201
copy,loss,combined,8800,2,0.0003136585057225716,0.00028084381280727973,3.2814692915291864e-05,0.0005945023185298514
copy,loss,combined,8900,2,0.019576445811539996,0.027477694290872986,-0.00790124847933299,0.04705414010241298
copy,loss,combined,9000,2,0.016697549404463104,0.02296727618633324,-0.006269726781870134,0.03966482559079634
copy,loss,combined,9100,2,0.05320763386218317,0.07492607638141155,-0.02171844251922838,0.1281337102435947
copy,loss,combined,9200,2,0.10879063103056523,0.15348245087481263,-0.0446918198442474,0.26227308190537785
copy,loss,combined,9300,2,0.0003999511466696504,0.00032937555504419894,7.057559162545145e-05,0.0007293267017138493
copy,loss,combined,9400,2,0.2629422639395744,0.3714796877668948,-0.10853742382732035,0.6344219517064692
copy,loss,combined,9500,2,0.327448111073848,0.4626488918562666,-0.1352007807824186,0.7900970029301146
copy,loss,combined,9600,2,0.2845156848876036,0.286723591115829,-0.0022079062282254203,0.5712392760034326
copy,loss,combined,9700,2,0.01426270984994261,0.019450648146645932,-0.005187938296703323,0.03371335799658854
copy,loss,combined,9800,2,0.0005824067420918766,0.0006146485094911497,-3.224176739927305e-05,0.0011970552515830264
copy,loss,combined,9900,2,0.00015955702618185796,7.87723690529141e-05,8.078465712894386e-05,0.00023832939523477206
copy,loss,combined,10000,2,0.01153170085295244,0.016222100575293982,-0.004690399722341542,0.027753801428246423
copy,loss,combined,10100,2,0.00011710197055467831,6.526376078414805e-06,0.00011057559447626351,0.0001236283466330931
copy,loss,combined,10200,2,6.930508199930684e-05,1.8106812263035563e-07,6.912401387667648e-05,6.94861501219372e-05
copy,loss,combined,10300,2,8.451508920096274e-05,5.823607643623166e-05,2.6279012764731075e-05,0.0001427511656371944
copy,loss,combined,10400,2,0.4722966300694455,0.6677998712273376,-0.19550324115789214,1.1400965012967832
copy,loss,combined,10500,2,0.1774558415872765,0.250834339819461,-0.07337849823218451,0.4282901814067375
copy,loss,combined,10600,2,0.15474184996619839,0.21872043376863237,-0.06397858380243399,0.37346228373483076
copy,loss,combined,10700,2,0.0028780166291838415,0.004029764330946389,-0.0011517477017625477,0.006907780960130231
copy,loss,combined,10800,2,0.0002357454987043184,0.0002656221553169185,-2.987665661260009e-05,0.0005013676540212369
copy,loss,combined,10900,2,0.06147122609877982,0.08672689348574612,-0.025255667386966302,0.14819811958452594
copy,loss,combined,11000,2,0.0717101612932512,0.10130526788991064,-0.02959510659665944,0.17301542918316182
copy,loss,combined,11100,2,0.18107405984320743,0.2559494500920623,-0.0748753902488549,0.4370235099352697
copy,loss,combined,11200,2,0.6266391263396608,0.24219155040924617,0.3844475759304146,0.8688306767489069
copy,loss,combined,11300,2,0.14762507818337042,0.17429889127723405,-0.02667381309386363,0.3219239694606045
copy,loss,combined,11400,2,0.020800186726941592,0.028763501245181695,-0.007963314518240103,0.04956368797212329
copy,loss,combined,11500,2,0.07079700312935158,0.10000748152653681,-0.029210478397185227,0.17080448465588838
copy,loss,combined,11600,2,0.030546875578910716,0.043094197051350966,-0.01254732147244025,0.07364107263026168
copy,loss,combined,11700,2,0.01891647311100709,0.026533102630501435,-0.007616629519494347,0.04544957574150853
copy,loss,combined,11800,2,0.02972538559481002,0.04198272704906996,-0.01225734145425994,0.07170811264387998
copy,loss,combined,11900,2,0.37510842941010675,0.5304287805713942,-0.15532035116128745,0.9055372099815009
copy,loss,combined,12000,2,0.1870071652046592,0.056698522575111335,0.1303086426295479,0.24370568777977053
copy,loss,combined,12100,2,0.06308495592322835,0.08860504384152952,-0.025520087918301168,0.1516899997647579
copy,loss,combined,12200,2,0.004844851394389309,0.006780648334439407,-0.0019357969400500977,0.011625499728828717
copy,loss,combined,12300,2,0.014171903490707035,0.020025094360490193,-0.005853190869783158,0.03419699785119723
copy,loss,combined,12400,2,0.1389160352048448,0.19642449194899922,-0.05750845674415442,0.335340527153844
copy,loss,combined,12500,2,0.16720954974682725,0.2364443629177452,-0.06923481317091795,0.40365391266457246
copy,loss,combined,12600,2,0.13968245459497194,0.19741227298343172,-0.05772981838845978,0.33709472757840364
copy,loss,combined,12700,2,0.1730015802803658,0.24457300109711194,-0.07157142081674614,0.4175745813774777
copy,loss,combined,12800,2,0.12450095407926984,0.17603979842127065,-0.05153884434200082,0.30054075250054046
copy,loss,combined,12900,2,0.18989711934393666,0.07239726346650464,0.11749985587743202,0.2622943828104413
copy,loss,combined,13000,2,0.2333405348084393,0.3263507249667623,-0.09301019015832301,0.5596912597752016
copy,loss,combined,13100,2,0.2090804116318256,0.29560581887101134,-0.08652540723918573,0.504686230502837
copy,loss,combined,13200,2,0.25370781625396505,0.35877922088528996,-0.10507140463132492,0.612487037139255
copy,loss,combined,13300,2,0.20669351621492785,0.2922913461912962,-0.08559782997636836,0.4989848624062241
copy,loss,combined,13400,2,0.17505839190411412,0.24755606609915198,-0.07249767419503786,0.42261445800326614
copy,loss,combined,13500,2,0.10850560263812219,0.1533034423397907,-0.04479783970166852,0.2618090449779129
copy,loss,combined,13600,2,0.295247859193838,0.4175029980595829,-0.1222551388657449,0.7127508572534209
copy,loss,combined,13700,2,0.2750857115428726,0.3882928245667962,-0.11320711302392361,0.6633785361096688
copy,loss,combined,13800,2,0.2752869191622147,0.38923145486756244,-0.11394453570534774,0.6645183740297771
copy,loss,combined,13900,2,0.22418475241771077,0.31701890861320625,-0.09283415619549548,0.541203661030917
copy,loss,combined,14000,2,0.12066013011986762,0.17052088271409507,-0.04986075259422745,0.2911810128339627
copy,loss,combined,14100,2,0.3223396733605787,0.4557700173654591,-0.13343034400488035,0.7781096907260379
copy,loss,combined,14200,2,0.2607599572666042,0.3687540431718432,-0.10799408590523896,0.6295140004384474
copy,loss,combined,14300,2,0.2621265928529419,0.37069777795069453,-0.10857118509775265,0.6328243708036364
copy,loss,combined,14400,2,0.2505877951263212,0.3543780048477733,-0.10379020972145214,0.6049657999740945
copy,loss,combined,14500,2,0.27122141507687714,0.37726365436131215,-0.10604223928443501,0.6484850694381893
copy,loss,combined,14600,2,0.26914641410624546,0.3805932434007232,-0.11144682929447774,0.6497396575069687
copy,loss,combined,14700,2,0.24346329477182896,0.301029314687515,-0.05756601991568602,0.544492609459344
copy,loss,combined,14800,2,0.240678513890919,0.34011772374540017,-0.09943920985448118,0.5807962376363192
copy,loss,combined,14900,2,0.25794243218131385,0.3647764092354056,-0.10683397705409176,0.6227188414167195
copy,loss,combined,15000,2,0.2334279747969873,0.3301110036481377,-0.09668302885115043,0.563538978445125
copy,loss,combined,15100,2,0.25280658053010124,0.35751473871610745,-0.1047081581860062,0.6103213192462087
copy,loss,combined,15200,2,0.2226558776153263,0.3148811516731432,-0.09222527405781689,0.5375370292884695
copy,loss,combined,15300,2,0.5139353633053616,0.0896471655518662,0.4242881977534954,0.6035825288572279
copy,loss,combined,15400,2,0.23483233670397974,0.33196879186022854,-0.0971364551562488,0.5668011285642083
copy,loss,combined,15500,2,0.23574044093949012,0.3333688295493381,-0.09762838860984799,0.5691092704888282
copy,loss,combined,15600,2,0.25145256560722784,0.35560399970387857,-0.10415143409665073,0.6070565653111064
copy,loss,combined,15700,2,0.1415494486125645,0.2001730163691106,-0.05862356775654612,0.34172246498167513
copy,loss,combined,15800,2,0.02983951013617595,0.04208879984522453,-0.012249289709048584,0.07192830998140048
copy,loss,combined,15900,2,0.23359959643105768,0.33035519040175365,-0.09675559397069597,0.5639547868328113
copy,loss,combined,16000,2,0.17657054217309373,0.24962988377962966,-0.07305934160653593,0.4262004259527234
copy,loss,combined,16100,2,0.05245198041083815,0.07417439732524954,-0.021722416914411388,0.1266263777360877
copy,loss,combined,16200,2,0.07450813916472558,0.1053634776657908,-0.030855338501065213,0.1798716168305164
copy,loss,combined,16300,2,0.1868832817895928,0.2642860580567389,-0.07740277626714609,0.4511693398463317
copy,loss,combined,16400,2,0.11342850714856972,0.16041049453453585,-0.04698198738596612,0.2738390016831056
copy,loss,combined,16500,2,0.12812664248036665,0.18092225856457678,-0.05279561608421013,0.3090489010449434
copy,loss,combined,16600,2,0.12617927146678523,0.17838061030717606,-0.052201338840390826,0.3045598817739613
copy,loss,combined,16700,2,0.20889602630260318,0.29541913875669895,-0.08652311245409577,0.5043151650593021
copy,loss,combined,16800,2,0.05369559940497446,0.07593280586415321,-0.022237206459178753,0.12962840526912767
copy,loss,combined,16900,2,0.15872567655916975,0.22447096368876732,-0.06574528712959757,0.3831966402479371
copy,loss,combined,17000,2,0.19724594387186808,0.27894604552035995,-0.08170010164849187,0.47619198939222807
copy,loss,combined,17100,2,0.17441739651982258,0.24665723705093404,-0.07223984053111146,0.4210746335707566
copy,loss,combined,17200,2,0.04393435625480228,0.061892176190181225,-0.017957819935378948,0.1058265324449835
copy,loss,combined,17300,2,0.10600454983094774,0.08519541344790796,0.020809136383039786,0.1911999632788557
copy,loss,combined,17400,2,0.15041232218405676,0.212472647397467,-0.06206032521341023,0.3628849695815237
copy,loss,combined,17500,2,0.1970597534496866,0.2786656011706267,-0.08160584772094012,0.4757253546203133
copy,loss,combined,17600,2,0.28807903499692816,0.40739887907524597,-0.1193198440783178,0.6954779140721741
copy,loss,combined,17700,2,0.27131350282626177,0.3836870730473839,-0.11237357022112215,0.6550005758736457
copy,loss,combined,17800,2,0.17475743175502303,0.24705639226870932,-0.07229896051368628,0.42181382402373235
copy,loss,combined,17900,2,0.10787093170526299,0.15253921730705158,-0.04466828560178859,0.2604101490123146
copy,loss,combined,18000,2,0.10358626966611101,0.14648689172007046,-0.04290062205395945,0.25007316138618146
copy,loss,combined,18100,2,0.12469188734771693,0.1763396486197526,-0.05164776127203567,0.3010315359674695
copy,loss,combined,18200,2,0.0432680543568974,0.06118588903466124,-0.01791783467776384,0.10445394339155864
copy,loss,combined,18300,2,0.12652239836111484,0.17889576128098056,-0.05237336291986572,0.3054181596420954
copy,loss,combined,18400,2,0.20876677125502444,0.295239366797183,-0.08647259554215855,0.5040061380522074
copy,loss,combined,18500,2,0.23677902285474078,0.33485535291748275,-0.09807633006274197,0.5716343757722235
copy,loss,combined,18600,2,0.11998912195703225,0.1696896592466539,-0.04970053728962166,0.2896787812036862
copy,loss,combined,18700,2,0.2245833373451694,0.317604368878872,-0.09302103153370261,0.5421877062240414
copy,loss,combined,18800,2,0.16751766320128483,0.2369051898472894,-0.06938752664600456,0.4044228530485742
copy,loss,combined,18900,2,0.15006414054390993,0.21221826236178634,-0.06215412181787641,0.36228240290569624
copy,loss,combined,19000,2,0.13171950196407273,0.18627889643362305,-0.054559394469550326,0.3179983983976958
copy,loss,combined,19100,2,0.10532322050085573,0.14894532449447084,-0.043622103993615116,0.2542685449953266
copy,loss,combined,19200,2,0.26168260574896085,0.3700742825077375,-0.10839167675877664,0.6317568882566984
copy,loss,combined,19300,2,0.2658221224389612,0.3759289828970583,-0.11010686045809709,0.6417511053360194
copy,loss,combined,19400,2,0.21620950102027905,0.30576608737684674,-0.08955658635656769,0.5219755883971258
copy,loss,combined,19500,2,0.21420685752999905,0.3029295611611062,-0.08872270363110715,0.5171364186911053
copy,loss,combined,19600,2,2.462664331486012,3.125027554469709,-0.6623632229836969,5.587691885955721
copy,loss,combined,19700,2,0.6547746308943647,0.7571662039911672,-0.10239157309680247,1.4119408348855318
copy,loss,combined,19800,2,0.3948049888235164,0.4717601652803976,-0.07695517645688121,0.866565154103914
copy,loss,combined,19900,2,0.37638002516581764,0.4447099805271047,-0.06832995536128705,0.8210900056929223
copy,loss,combined,20000,2,0.415426233402668,0.3857712148168291,0.02965501858583891,0.801197448219497
copy,loss,length,100,3,0.6914968715111414,0.0010715110897714895,0.6904253604213699,0.6925683826009128
copy,loss,length,200,3,0.68278455555439,0.0019160431612344749,0.6808685123931555,0.6847005987156245
copy,loss,length,300,3,0.676292345325152,0.004942761584987776,0.6713495837401643,0.6812351069101398
copy,loss,length,400,3,0.674982147415479,0.001359068485991881,0.6736230789294871,0.6763412159014709
copy,loss,length,500,3,0.6734944011767704,0.0014402035490160363,0.6720541976277543,0.6749346047257865
copy,loss,length,600,3,0.666812099814415,0.004765187744711304,0.6620469120697037,0.6715772875591264
copy,loss,length,700,3,0.6665482705831528,0.0017460141808541504,0.6648022564022986,0.668294284764007
copy,loss,length,800,3,0.655836941798528,0.001667103404468072,0.65416983839406,0.6575040452029961
copy,loss,length,900,3,0.6564120084047317,0.0026062931893635166,0.6538057152153681,0.6590183015940952
copy,loss,length,1000,3,0.6532804009318351,0.0011560472258892777,0.6521243537059459,0.6544364481577244
copy,loss,length,1100,3,0.649467614889145,0.008487408383999638,0.6409802065051453,0.6579550232731446
copy,loss,length,1200,3,0.6496429653962453,0.001675730755736294,0.647967234640509,0.6513186961519817
copy,loss,length,1300,3,0.6394975147644678,0.00977993957567822,0.6297175751887896,0.649277454340146
copy,loss,length,1400,3,0.6399435964226722,0.002805407270259951,0.6371381891524123,0.6427490036929321
copy,loss,length,1500,3,0.6357362599174181,0.0041757329107691785,0.6315605270066489,0.6399119928281873
copy,loss,length,1600,3,0.6358607186873754,0.0020549812867766346,0.6338057374005988,0.637915699974152
copy,loss,length,1700,3,0.6248508104681969,0.0025927804433163847,0.6222580300248806,0.6274435909115132
copy,loss,length,1800,3,0.6316818454861641,0.004515399019625955,0.6271664464665382,0.6361972445057901
copy,loss,length,1900,3,0.6259620740016302,0.0012598269612606253,0.6247022470403696,0.6272219009628908
copy,loss,length,2000,3,0.6233599306146304,0.0021486469794887273,0.6212112836351417,0.625508577594119
copy,loss,length,2100,3,0.6167565843462944,0.00604680978710022,0.6107097745591942,0.6228033941333947
copy,loss,length,2200,3,0.6173462581137816,0.008715691108304018,0.6086305670054776,0.6260619492220857
copy,loss,length,2300,3,0.619222067495187,0.0056926929462801,0.613529374548907,0.6249147604414671
copy,loss,length,2400,3,0.6175948015848794,0.00743538924414488,0.6101594123407346,0.6250301908290243
copy,loss,length,2500,3,0.6079901490608851,0.0010686037338964794,0.6069215453269886,0.6090587527947816
copy,loss,length,2600,3,0.5993742795785268,0.008789703803194809,0.5905845757753321,0.6081639833817216
copy,loss,length,2700,3,0.6157802332192659,0.008760537692068497,0.6070196955271974,0.6245407709113344
copy,loss,length,2800,3,0.6169830827663342,0.017354188352054958,0.5996288944142792,0.6343372711183891
copy,loss,length,2900,3,0.597324048926433,0.0060147652814107186,0.5913092836450222,0.6033388142078437
copy,loss,length,3000,3,0.5980006720125676,0.010542235628498544,0.587458436384069,0.6085429076410661
copy,loss,length,3100,3,0.5913024802257617,0.007876141016548186,0.5834263392092135,0.5991786212423099
copy,loss,length,3200,3,0.602792831187447,0.0016726152109590472,0.6011202159764879,0.604465446398406
copy,loss,length,3300,3,0.60307221904397,0.007226497020701793,0.5958457220232682,0.6102987160646718
copy,loss,length,3400,3,0.5911409618208805,0.008176161675142186,0.5829648001457383,0.5993171234960227
copy,loss,length,3500,3,0.5785677919288477,0.00033250818527766075,0.57823528374357,0.5789003001141253
copy,loss,length,3600,3,0.5898701179772615,0.011925991497226172,0.5779441264800353,0.6017961094744877
copy,loss,length,3700,3,0.5902936430647969,0.01900510581571976,0.5712885372490771,0.6092987488805167
copy,loss,length,3800,3,0.5901009761790434,0.03528551149060183,0.5548154646884416,0.6253864876696453
copy,loss,length,3900,3,0.5734496178726355,0.01096745800976627,0.5624821598628692,0.5844170758824018
copy,loss,length,4000,3,0.575263477837046,0.004566826969993998,0.570696650867052,0.57983030480704
copy,loss,length,4100,3,0.5731614868342877,0.01805816498726791,0.5551033218470198,0.5912196518215556
copy,loss,length,4200,3,0.5774758957078059,0.012491163691567162,0.5649847320162388,0.589967059399373
copy,loss,length,4300,3,0.5576635031898817,0.01776438404708443,0.5398991191427972,0.5754278872369661
copy,loss,length,4400,3,0.56658345254759,0.02576714263037457,0.5408163099172154,0.5923505951779646
copy,loss,length,4500,3,0.5493694713215033,0.036204681313974495,0.5131647900075288,0.5855741526354777
copy,loss,length,4600,3,0.5288866570778191,0.06893631169354202,0.4599503453842771,0.5978229687713611
copy,loss,length,4700,3,0.5181839733881255,0.09199634459748003,0.4261876287906455,0.6101803179856056
copy,loss,length,4800,3,0.48834546888868013,0.09432722767648381,0.3940182412121963,0.582672696565164
copy,loss,length,4900,3,0.4550182307635744,0.12338822219170918,0.3316300085718652,0.5784064529552836
copy,loss,length,5000,3,0.43865020536507165,0.1327865819068448,0.3058636234582268,0.5714367872719165
copy,loss,length,5100,3,0.385074024074711,0.14624565501671236,0.23882836905799862,0.5313196790914233
copy,loss,length,5200,3,0.32798815335767967,0.2074548826395449,0.12053327071813477,0.5354430359972245
copy,loss,length,5300,3,0.5089769713052859,0.12530898177621197,0.3836679895290739,0.6342859530814978
copy,loss,length,5400,3,0.46835569508373737,0.19676911478149442,0.2715865803022429,0.6651248098652318
copy,loss,length,5500,3,0.41945447729279595,0.282255333902195,0.13719914339060096,0.7017098111949909
copy,loss,length,5600,3,0.4275048415812974,0.25308391835104677,0.17442092323025066,0.6805887599323441
copy,loss,length,5700,3,0.3103809331691203,0.26445962544414614,0.04592130772497416,0.5748405586132664
copy,loss,length,5800,3,0.29925390986492856,0.21085964780258662,0.08839426206234194,0.5101135576675152
copy,loss,length,5900,3,0.48905782460235053,0.27823132808601964,0.2108264965163309,0.7672891526883702
copy,loss,length,6000,3,0.49121634575693557,0.14976333061893185,0.34145301513800375,0.6409796763758674
copy,loss,length,6100,3,0.42455225547309966,0.2668861288541039,0.15766612661899576,0.6914383843272036
copy,loss,length,6200,3,0.38350836723266796,0.2737136534415233,0.10979471379114464,0.6572220206741912
copy,loss,length,6300,3,0.35537767090679456,0.26765473581179355,0.08772293509500101,0.6230324067185882
copy,loss,length,6400,3,0.35308219196740537,0.26993170951040735,0.08315048245699802,0.6230139014778127
copy,loss,length,6500,3,0.3148739052556145,0.2244964532410893,0.09037745201452518,0.5393703584967038
copy,loss,length,6600,3,0.28071557781193407,0.23942168282602735,0.041293894985906715,0.5201372606379614
copy,loss,length,6700,3,0.4210661293845624,0.1324163823372628,0.2886497470472996,0.5534825117218252
copy,loss,length,6800,3,0.36171346115879716,0.21468012893350466,0.1470333322252925,0.5763935900923018
copy,loss,length,6900,3,0.2688930288283154,0.11133944635464404,0.15755358247367135,0.38023247518295944
copy,loss,length,7000,3,0.14040826731827108,0.06985050940976067,0.0705577579085104,0.21025877672803175
copy,loss,length,7100,3,0.12086799686464171,0.10989722876585134,0.01097076809879037,0.23076522563049306
copy,loss,length,7200,3,0.07715608470025472,0.01754055814766674,0.05961552655258798,0.09469664284792145
copy,loss,length,7300,3,0.07048912783424992,0.03547226817853341,0.035016859655716506,0.10596139601278333
copy,loss,length,7400,3,0.11411130987262974,0.15268107191671607,-0.038569762044086325,0.26679238178934583
copy,loss,length,7500,3,0.03642854076237806,0.027599906889032955,0.008828633873345103,0.06402844765141101
copy,loss,length,7600,3,0.051825005720796374,0.04943490231941437,0.0023901034013820016,0.10125990804021075
copy,loss,length,7700,3,0.013063969673967222,0.010837495919612822,0.0022264737543543998,0.023901465593580043
copy,loss,length,7800,3,0.017090758797955158,0.019229038916981855,-0.0021382801190266976,0.03631979771493701
copy,loss,length,7900,3,0.006045045978759542,0.006860679024637949,-0.0008156330458784075,0.01290572500339749
copy,loss,length,8000,3,0.015763693376796558,0.01740218058590443,-0.0016384872091078709,0.03316587396270099
copy,loss,length,8100,3,0.0027480016863902766,0.0027020484671911324,4.595321919914413e-05,0.005450050153581409
copy,loss,length,8200,3,0.05731116129822985,0.0903493211909531,-0.03303815989272325,0.14766048248918295
copy,loss,length,8300,3,0.012937737280862506,0.010835829811065668,0.0021019074697968387,0.023773567091928176
copy,loss,length,8400,3,0.0020583604274456014,0.0019124807431435882,0.0001458796843020133,0.00397084117058919
copy,loss,length,8500,3,0.0014539254314369524,0.0013586283231085414,9.529710832841096e-05,0.0028125537545454935
copy,loss,length,8600,3,0.0245876570792052,0.04146413606808811,-0.01687647898888291,0.06605179314729331
copy,loss,length,8700,3,0.028614632066181117,0.048869161208753335,-0.020254529142572218,0.07748379327493446
copy,loss,length,8800,3,0.03362781602291705,0.057711723633830286,-0.02408390761091324,0.09133953965674733
copy,loss,length,8900,3,0.005962196403011812,0.0053084687754370715,0.0006537276275747402,0.011270665178448883
copy,loss,length,9000,3,0.02555845472981628,0.04384823595350226,-0.01828978122368598,0.06940669068331855
copy,loss,length,9100,3,0.00570448670151709,0.009607332723730691,-0.0039028460222136014,0.015311819425247782
copy,loss,length,9200,3,0.011248073809639778,0.019269481804801182,-0.008021407995161404,0.030517555614440958
copy,loss,length,9300,3,0.008647285453977954,0.014784596951804726,-0.006137311497826772,0.02343188240578268
copy,loss,length,9400,3,0.014466685111446656,0.024941970662856142,-0.010475285551409487,0.039408655774302796
copy,loss,length,9500,3,0.019045650276138044,0.03131105001743276,-0.012265399741294713,0.0503567002935708
copy,loss,length,9600,3,0.00047667652277437017,0.0006570191945188947,-0.00018034267174452454,0.0011336957172932648
copy,loss,length,9700,3,0.016846716847674238,0.02907617962016194,-0.012229462772487702,0.04592289646783618
copy,loss,length,9800,3,0.009456181575387844,0.016303462916059722,-0.006847281340671878,0.02575964449144757
copy,loss,length,9900,3,0.08861205606694773,0.15258279095095892,-0.06397073488401119,0.24119484701790667
copy,loss,length,10000,3,0.0002958712456789923,0.0004646348745309953,-0.00016876362885200302,0.0007605061202099876
copy,loss,length,10100,3,0.030351207793543614,0.05252548868517124,-0.022174280891627627,0.08287669647871486
copy,loss,length,10200,3,0.00037843391341981484,0.0006252320862435616,-0.0002467981728237468,0.0010036659996633765
copy,loss,length,10300,3,0.0003035577727123273,0.0004920962492975125,-0.00018853847658518514,0.0007956540220098397
copy,loss,length,10400,3,0.015725822574525868,0.027207412324275364,-0.011481589749749496,0.04293323489880123
copy,loss,length,10500,3,0.0025145806331527583,0.0037308782985572995,-0.0012162976654045412,0.006245458931710058
copy,loss,length,10600,3,0.0001662766956284248,0.00024039461795052566,-7.411792232210086e-05,0.00040667131357895045
copy,loss,length,10700,3,0.023446764755061935,0.04022427566669282,-0.016777510911630888,0.06367104042175475
copy,loss,length,10800,3,0.00017060118490278044,0.00026521889675827447,-9.461771185549403e-05,0.00043582008166105494
copy,loss,length,10900,3,0.029235297338935706,0.05061687351929345,-0.021381576180357742,0.07985217085822915
copy,loss,length,11000,3,0.0001672432990217085,0.00027779647902470935,-0.00011055318000300086,0.0004450397780464178
copy,loss,length,11100,3,0.09555408514184079,0.16549387452456146,-0.06993978938272068,0.26104795966640226
copy,loss,length,11200,3,0.09990372664499876,0.17303139609813306,-0.0731276694531343,0.2729351227431318
copy,loss,length,11300,3,0.03889705009308505,0.06736374231325146,-0.028466692220166408,0.10626079240633651
copy,loss,length,11400,3,0.0002468480693906723,0.00042188357819287586,-0.00017503550880220358,0.0006687316475835481
copy,loss,length,11500,3,0.000156849617584886,0.00026840952106456606,-0.00011155990347968005,0.00042525913864945204
copy,loss,length,11600,3,0.0191361579400982,0.03314115726582857,-0.01400499932573037,0.05227731520592677
copy,loss,length,11700,3,0.00014515703964898416,0.00024874696077437406,-0.0001035899211253899,0.0003939040004233582
copy,loss,length,11800,3,0.002399075924467173,0.004153101575983685,-0.0017540256515165124,0.006552177500450859
copy,loss,length,11900,3,0.005586361287564011,0.00483745325625397,0.0007489080313100418,0.01042381454381798
copy,loss,length,12000,3,7.727203665472253e-05,0.00013286419810541882,-5.55921614506963e-05,0.00021013623476014135
copy,loss,length,12100,3,0.14556816660581928,0.08892239284106106,0.056645773764758225,0.23449055944688035
copy,loss,length,12200,3,0.00010433518766945853,0.00017758394045778848,-7.324875278832995e-05,0.00028191912812724703
copy,loss,length,12300,3,0.0838514225150946,0.1450598718679049,-0.06120844935281029,0.2289112943829995
copy,loss,length,12400,3,0.002262928147593863,0.003906115181135798,-0.0016431870335419352,0.006169043328729661
copy,loss,length,12500,3,0.08107274684049709,0.13428866690181193,-0.05321592006131484,0.21536141374230902
copy,loss,length,12600,3,0.00015756257974286036,0.0002546594784005304,-9.709689865767005e-05,0.0004122220581433908
copy,loss,length,12700,3,4.507529233992907e-05,7.480543211528821e-05,-2.9730139775359142e-05,0.00011988072445521728
copy,loss,length,12800,3,0.018004360392666948,0.031183737399504915,-0.013179377006837967,0.04918809779217186
copy,loss,length,12900,3,0.8441138824846574,1.4551338413409625,-0.6110199588563051,2.2992477238256197
copy,loss,length,13000,3,1.2427651313099366,2.1523418622931265,-0.9095767309831899,3.395106993603063
copy,loss,length,13100,3,0.6185696591510966,1.071238051855195,-0.4526683927040983,1.6898077110062917
copy,loss,length,13200,3,0.228484067418361,0.39568306182305774,-0.16719899440469674,0.6241671292414187
copy,loss,length,13300,3,0.22873498542645299,0.39607929853706664,-0.16734431311061365,0.6248142839635196
copy,loss,length,13400,3,0.23509022561483559,0.4070693662158484,-0.1719791406010128,0.6421595918306839
copy,loss,length,13500,3,0.21457760392330083,0.3716006493154421,-0.1570230453921413,0.586178253238743
copy,loss,length,13600,3,0.3860620041320077,0.3431638993371217,0.04289810479488598,0.7292259034691294
copy,loss,length,13700,3,0.23761365680488075,0.3472057585661255,-0.10959210176124476,0.5848194153710062
copy,loss,length,13800,3,0.28605191093111504,0.2996840024803979,-0.013632091549282854,0.585735913411513
copy,loss,length,13900,3,0.19854108632934195,0.33750849099777436,-0.1389674046684324,0.5360495773271163
copy,loss,length,14000,3,0.20244237614141536,0.3504756637801864,-0.14803328763877105,0.5529180399216018
copy,loss,length,14100,3,0.19531961014155053,0.3380626292931077,-0.14274301915155718,0.5333822394346582
copy,loss,length,14200,3,0.18509557480505878,0.32013555441361036,-0.13503997960855157,0.5052311292186691
copy,loss,length,14300,3,0.1522041291546314,0.2635414412345912,-0.11133731207995981,0.41574557038922266
copy,loss,length,14400,3,0.003236488857681613,0.005564935600507273,-0.0023284467428256604,0.008801424458188887
copy,loss,length,14500,3,7.582292891527083e-05,7.454435367572338e-05,1.278575239547453e-06,0.00015036728259099422
copy,loss,length,14600,3,2.636003637585427e-05,2.3579164655671285e-05,2.7808717201829835e-06,4.993920103152556e-05
copy,loss,length,14700,3,1.9170440371012826e-05,3.0449398280531323e-05,-1.1278957909518497e-05,4.961983865154415e-05
copy,loss,length,14800,3,1.9860864818871117e-05,3.348704154072237e-05,-1.3626176721851255e-05,5.334790635959349e-05
copy,loss,length,14900,3,0.017658092612663476,0.030547622733878926,-0.01288953012121545,0.0482057153465424
copy,loss,length,15000,3,2.1398594435542155e-05,3.561056900195976e-05,-1.4211974566417604e-05,5.700916343750192e-05
copy,loss,length,15100,3,3.0568932946175944e-05,5.1982498936352226e-05,-2.1413565990176283e-05,8.255143188252817e-05
copy,loss,length,15200,3,3.117091649647218e-05,5.3236408990241295e-05,-2.2065492493769114e-05,8.440732548671348e-05
copy,loss,length,15300,3,6.4607140819394895e-06,1.078022557575313e-05,-4.31951149381364e-06,1.724093965769262e-05
copy,loss,length,15400,3,2.8432745074875588e-05,4.907266083178637e-05,-2.063991575691078e-05,7.750540590666196e-05
copy,loss,length,15500,3,0.01683355195628213,0.02915600227721488,-0.012322450320932751,0.04598955423349701
copy,loss,length,15600,3,0.014834031798159848,0.025693213786870065,-0.010859181988710217,0.04052724558502992
copy,loss,length,15700,3,0.051964620353962154,0.08997577954749729,-0.038011159193535135,0.14194039990145946
copy,loss,length,15800,3,8.681369748089197e-06,1.4665778492033917e-05,-5.9844087439447194e-06,2.3347148240123114e-05
copy,loss,length,15900,3,9.614264965696432e-06,1.6491131326191575e-05,-6.8768663604951425e-06,2.6105396291888006e-05
copy,loss,length,16000,3,9.497465448417102e-06,1.6354982961084513e-05,-6.857517512667411e-06,2.5852448409501617e-05
copy,loss,length,16100,3,0.037548966443857947,0.06503668944737916,-0.02748772300352121,0.10258565589123711
copy,loss,length,16200,3,0.04230187190901466,0.07326897436997866,-0.030967102460964,0.11557084627899332
copy,loss,length,16300,3,3.750257506063041e-05,6.49422835940759e-05,-2.7439708533445497e-05,0.00010244485865470632
copy,loss,length,16400,3,1.2560690619833546e-05,2.1745595243346854e-05,-9.184904623513307e-06,3.4306285863180397e-05
copy,loss,length,16500,3,0.002387826249932254,0.004135826832910075,-0.0017480005829778205,0.006523653082842329
copy,loss,length,16600,3,1.0749482559574958e-05,1.861058813377617e-05,-7.861105574201213e-06,2.9360070693351126e-05
copy,loss,length,16700,3,6.553559009851589e-06,1.1342454419838234e-05,-4.788895409986645e-06,1.7896013429689824e-05
copy,loss,length,16800,3,0.039704630124844764,0.06877042903572311,-0.02906579891087835,0.10847505916056788
copy,loss,length,16900,3,0.5060003317905742,0.7733138543381943,-0.2673135225476201,1.2793141861287687
copy,loss,length,17000,3,0.22348680839946286,0.38692912921238787,-0.163442320812925,0.6104159376118508
copy,loss,length,17100,3,0.35462308962529376,0.614192962737126,-0.2595698731118322,0.9688160523624197
copy,loss,length,17200,3,0.26002847200841084,0.32242525350640444,-0.0623967814979936,0.5824537255148152
copy,loss,length,17300,3,0.7530290407629879,0.9056103587482559,-0.15258131798526797,1.6586393995112438
copy,loss,length,17400,3,0.2123755245749994,0.36767041991663635,-0.15529489534163696,0.5800459444916357
copy,loss,length,17500,3,0.00020565532822876668,0.0003258373756540412,-0.00012018204742527449,0.0005314927038828079
copy,loss,length,17600,3,3.170718346889571e-05,4.3620905728023844e-05,-1.1913722259128135e-05,7.532808919691955e-05
copy,loss,length,17700,3,0.0024629503106165097,0.004250056841201544,-0.001787106530585034,0.006713007151818053
copy,loss,length,17800,3,4.903806606864625e-06,6.0277721025749735e-06,-1.1239654957103486e-06,1.09315787094396e-05
copy,loss,length,17900,3,6.543309932726302e-06,1.0937412507315614e-05,-4.394102574589312e-06,1.7480722440041914e-05
copy,loss,length,18000,3,2.9211153084048956e-06,4.9639719271926735e-06,-2.042856618787778e-06,7.885087235597569e-06
copy,loss,length,18100,3,3.258563253170736e-06,5.61965335471222e-06,-2.3610901015414837e-06,8.878216607882955e-06
copy,loss,length,18200,3,0.08671922038463663,0.15020207877332498,-0.06348285838868835,0.23692129915796162
copy,loss,length,18300,3,3.554796615554666e-05,6.156197863743372e-05,-2.6014012481887057e-05,9.710994479298038e-05
copy,loss,length,18400,3,1.1999213213138676e-05,2.0776907285013607e-05,-8.777694071874931e-06,3.277612049815228e-05
copy,loss,length,18500,3,3.0646939453241964e-06,5.300577400018008e-06,-2.2358834546938114e-06,8.365271345342204e-06
copy,loss,length,18600,3,8.459647011996238e-06,1.4647199352352909e-05,-6.187552340356671e-06,2.3106846364349148e-05
copy,loss,length,18700,3,1.208942816259088e-06,2.089349962471002e-06,-8.804071462119138e-07,3.29829277873009e-06
copy,loss,length,18800,3,0.007506015413218947,0.013000795253190891,-0.0054947798399719435,0.020506810666409837
copy,loss,length,18900,3,6.851581428230417e-06,1.1863270903041058e-05,-5.0116894748106406e-06,1.8714852331271477e-05
copy,loss,length,19000,3,3.419028178080711e-06,5.918391607724169e-06,-2.499363429643458e-06,9.33741978580488e-06
copy,loss,length,19100,3,0.002403728464633419,0.004163376068195033,-0.001759647603561614,0.006567104532828452
copy,loss,length,19200,3,1.2157623530794108e-05,2.1054036836379686e-05,-8.896413305585578e-06,3.321166036717379e-05
copy,loss,length,19300,3,0.0019968033736643834,0.0034585615705558697,-0.0014617581968914863,0.005455364944220253
copy,loss,length,19400,3,9.826033109964957e-06,1.7015878703520078e-05,-7.189845593555121e-06,2.6841911813485036e-05
copy,loss,length,19500,3,4.974005344771075e-06,8.612300803537716e-06,-3.638295458766641e-06,1.3586306148308791e-05
copy,loss,length,19600,3,6.409628666532429e-06,1.109930238700821e-05,-4.689673720475781e-06,1.7508931053540637e-05
copy,loss,length,19700,3,1.723567834930555e-05,2.9850314871419313e-05,-1.2614636522113763e-05,4.7085993220724864e-05
copy,loss,length,19800,3,1.101740619342969e-05,1.9080146827606687e-05,-8.062740634176997e-06,3.0097553021036374e-05
copy,loss,length,19900,3,3.84816778449507e-06,6.662726057230657e-06,-2.8145582727355867e-06,1.0510893841725727e-05
copy,loss,length,20000,3,5.778617072215539e-06,1.0006228713594395e-05,-4.227611641378856e-06,1.5784845785809932e-05
copy,loss,none,100,3,0.6952470902601878,0.0009795662414663457,0.6942675240187215,0.6962266565016542
copy,loss,none,200,3,0.6856882003943126,0.001817896543002882,0.6838703038513096,0.6875060969373155
copy,loss,none,300,3,0.6792600051561992,0.002618985273003632,0.6766410198831956,0.6818789904292029
copy,loss,none,400,3,0.6766148642698924,0.004056449966007833,0.6725584143038845,0.6806713142359002
copy,loss,none,500,3,0.6743045290311178,0.0033207857483629113,0.6709837432827549,0.6776253147794807
copy,loss,none,600,3,0.6684170365333557,0.002722358652474264,0.6656946778808814,0.67113939518583
copy,loss,none,700,3,0.6672981729110082,0.0019670707555340186,0.6653311021554742,0.6692652436665423
copy,loss,none,800,3,0.6602898843089738,0.003217240614349334,0.6570726436946245,0.6635071249233232
copy,loss,none,900,3,0.6568076365192731,0.004367786425820998,0.6524398500934521,0.6611754229450941
copy,loss,none,1000,3,0.6551656703154246,0.0049390834275643905,0.6502265868878602,0.660104753742989
copy,loss,none,1100,3,0.6484790284434954,0.013598377420832537,0.6348806510226628,0.662077405864328
copy,loss,none,1200,3,0.6518690423170725,0.004505943260995643,0.6473630990560769,0.6563749855780682
copy,loss,none,1300,3,0.6406129032373429,0.012861707387833578,0.6277511958495093,0.6534746106251764
copy,loss,none,1400,3,0.6414556938409804,0.0032056493370252593,0.6382500445039552,0.6446613431780057
copy,loss,none,1500,3,0.6359952300786972,0.0048770126477764965,0.6311182174309207,0.6408722427264737
copy,loss,none,1600,3,0.6384894375999769,0.0036389448082327506,0.6348504927917441,0.6421283824082097
copy,loss,none,1700,3,0.6241625853379568,0.005884476660341937,0.6182781086776148,0.6300470619982987
copy,loss,none,1800,3,0.6335636733969052,0.00845897147536449,0.6251047019215408,0.6420226448722697
copy,loss,none,1900,3,0.628091883957386,0.005040609068580738,0.6230512748888053,0.6331324930259667
copy,loss,none,2000,3,0.6228093398610751,0.001455076729032852,0.6213542631320422,0.624264416590108
copy,loss,none,2100,3,0.6174882856011391,0.0006118029294273052,0.6168764826717118,0.6181000885305664
copy,loss,none,2200,3,0.6168551758428414,0.007334101530027124,0.6095210743128143,0.6241892773728686
copy,loss,none,2300,3,0.618743320852518,0.0027238151894111015,0.6160195056631069,0.6214671360419292
copy,loss,none,2400,3,0.6169731695453327,0.009562436315431418,0.6074107332299012,0.6265356058607641
copy,loss,none,2500,3,0.6116780272126198,0.007868361481229484,0.6038096657313903,0.6195463886938493
copy,loss,none,2600,3,0.599552488376697,0.0037537361682180278,0.5957987522084789,0.603306224544915
copy,loss,none,2700,3,0.6151830038179954,0.00545505496821384,0.6097279488497815,0.6206380587862093
copy,loss,none,2800,3,0.6179601487517358,0.012821973319868521,0.6051381754318672,0.6307821220716043
copy,loss,none,2900,3,0.5969826270391544,0.010811343815587213,0.5861712832235672,0.6077939708547416
copy,loss,none,3000,3,0.596918131907781,0.0046469019692898655,0.5922712299384911,0.6015650338770708
copy,loss,none,3100,3,0.5803365601971745,0.015530942795300956,0.5648056174018735,0.5958675029924755
copy,loss,none,3200,3,0.5764158172657093,0.04601099419353194,0.5304048230721774,0.6224268114592413
copy,loss,none,3300,3,0.5651120334118604,0.07606100301065566,0.4890510304012048,0.6411730364225161
copy,loss,none,3400,3,0.5352924780237178,0.09586258410918497,0.43942989391453285,0.6311550621329027
copy,loss,none,3500,3,0.5130128715808193,0.1189562912522165,0.3940565803286028,0.6319691628330358
copy,loss,none,3600,3,0.5038688513512413,0.14887534059174118,0.3549935107595001,0.6527441919429824
copy,loss,none,3700,3,0.4844777542290588,0.17382277473684382,0.310654979492215,0.6583005289659026
copy,loss,none,3800,3,0.4668598246574402,0.2132193891302892,0.253640435527151,0.6800792137877294
copy,loss,none,3900,3,0.4433458846093466,0.2282245092072536,0.215121375402093,0.6715703938166002
copy,loss,none,4000,3,0.4308059980751326,0.2577874869848833,0.1730185110902493,0.6885934850600159
copy,loss,none,4100,3,0.4314069348775471,0.263318036713647,0.1680888981639001,0.6947249715911941
copy,loss,none,4200,3,0.42953464248217643,0.2714671100244067,0.15806753245776972,0.7010017525065831
copy,loss,none,4300,3,0.412567953709513,0.2593650804326225,0.15320287327689047,0.6719330341421355
copy,loss,none,4400,3,0.40561892484702794,0.30159691877442096,0.10402200607260698,0.7072158436214488
copy,loss,none,4500,3,0.39058908216034377,0.29984970901582453,0.09073937314451924,0.6904387911761682
copy,loss,none,4600,3,0.3811534827648817,0.3026306382339387,0.07852284453094299,0.6837841209988205
copy,loss,none,4700,3,0.3744986104771184,0.30274175873687426,0.07175685174024415,0.6772403692139927
copy,loss,none,4800,3,0.36919598493298206,0.28922464285393823,0.07997134207904383,0.6584206277869202
copy,loss,none,4900,3,0.3702940461415953,0.2701076437783367,0.1001864023632586,0.640401689919932
copy,loss,none,5000,3,0.38400199329402923,0.19380376847308042,0.1901982248209488,0.5778057617671096
copy,loss,none,5100,3,0.3178660447488073,0.2724865641023781,0.045379480646429216,0.5903526088511855
copy,loss,none,5200,3,0.3371740537130972,0.22450322281042145,0.11267083090267577,0.5616772765235187
copy,loss,none,5300,3,0.3646458507952048,0.08341792422837173,0.28122792656683304,0.4480637750235765
copy,loss,none,5400,3,0.46109663836502773,0.231864670579223,0.22923196778580474,0.6929613089442508
copy,loss,none,5500,3,0.39971493343512216,0.26379256627975395,0.1359223671553682,0.6635074997148761
copy,loss,none,5600,3,0.46569808923639355,0.435399640934278,0.030298448302115533,0.9010977301706715
copy,loss,none,5700,3,0.35114576327924923,0.3327648337918308,0.01838092948741843,0.68391059707108
copy,loss,none,5800,3,0.32591582203594344,0.3256938958991678,0.00022192613677562978,0.6516097179351112
copy,loss,none,5900,3,0.297872494586433,0.33029109126100403,-0.03241859667457103,0.628163585847437
copy,loss,none,6000,3,0.2974056647073788,0.304645917027438,-0.007240252320059204,0.6020515817348168
copy,loss,none,6100,3,0.622117887250109,0.9352523248658722,-0.3131344376157632,1.5573702121159811
copy,loss,none,6200,3,0.6525261725248613,0.9059386411307603,-0.25341246860589894,1.5584648136556216
copy,loss,none,6300,3,0.5199019838450477,0.6635721331284183,-0.14367014928337063,1.183474116973466
copy,loss,none,6400,3,0.21933313583877556,0.25523753797724386,-0.035904402138468294,0.4745706738160194
copy,loss,none,6500,3,0.25181383850984274,0.24533271764867065,0.006481120861172085,0.4971465561585134
copy,loss,none,6600,3,0.11992731361164867,0.12541914282154956,-0.005491829209900892,0.24534645643319825
copy,loss,none,6700,3,0.05569028290124454,0.05067909628164171,0.005011186619602828,0.10636937918288625
copy,loss,none,6800,3,0.03736624758608135,0.04680128860772063,-0.009435041021639279,0.08416753619380198
copy,loss,none,6900,3,0.0710106938930888,0.07157736900980183,-0.0005666751167130307,0.1425880629028906
copy,loss,none,7000,3,0.04624139955946399,0.049132700023233354,-0.0028913004637693626,0.09537409958269735
copy,loss,none,7100,3,0.043064411497034605,0.04469950406741433,-0.0016350925703797273,0.08776391556444893
copy,loss,none,7200,3,0.04917738156138512,0.05305638592574002,-0.003879004364354899,0.10223376748712514
copy,loss,none,7300,3,0.036181659576444265,0.0326809619453125,0.003500697631131762,0.06886262152175676
copy,loss,none,7400,3,0.024218002204555278,0.03365981526619761,-0.00944181306164233,0.057877817470752886
copy,loss,none,7500,3,0.02667441188719143,0.022897964905502097,0.0037764469816893333,0.04957237679269352
copy,loss,none,7600,3,0.04995767607342713,0.0455367881621086,0.004420887911318533,0.09549446423553573
copy,loss,none,7700,3,0.021148184068976356,0.014927820090702107,0.006220363978274249,0.03607600415967846
copy,loss,none,7800,3,0.0042842022221157095,0.004700583588929289,-0.0004163813668135799,0.008984785811044999
copy,loss,none,7900,3,0.014149774678953689,0.018152088840369868,-0.004002314161416179,0.032301863519323556
copy,loss,none,8000,3,0.16952867194122215,0.2779351680293095,-0.10840649608808736,0.44746383997053163
copy,loss,none,8100,3,0.20956566287016964,0.3611312592785936,-0.15156559640842393,0.5706969221487632
copy,loss,none,8200,3,0.16381663172301464,0.25949101494880283,-0.0956743832257882,0.4233076466718175
copy,loss,none,8300,3,0.19563156981048602,0.3168722860115898,-0.12124071620110377,0.5125038558220758
copy,loss,none,8400,3,0.21025290725128498,0.3625595263096214,-0.15230661905833642,0.5728124335609064
copy,loss,none,8500,3,0.22976365078684316,0.36479340544719174,-0.13502975466034858,0.5945570562340349
copy,loss,none,8600,3,0.19114349361466343,0.3298249264143112,-0.13868143279964779,0.5209684200289746
copy,loss,none,8700,3,0.10038918594933118,0.16424193392202574,-0.06385274797269457,0.2646311198713569
copy,loss,none,8800,3,0.011082128412770847,0.017948776146059872,-0.006866647733289025,0.02903090455883072
copy,loss,none,8900,3,0.019250733661861735,0.020221398664890238,-0.0009706650030285036,0.03947213232675197
copy,loss,none,9000,3,0.16893724134954483,0.2919266263303167,-0.12298938498077186,0.46086386767986154
copy,loss,none,9100,3,0.20713489416524833,0.358275995592488,-0.1511411014272397,0.5654108897577363
copy,loss,none,9200,3,0.22932871006942224,0.35472254084634813,-0.1253938307769259,0.5840512509157704
copy,loss,none,9300,3,0.20823871533561866,0.3598891967405374,-0.1516504814049187,0.568127912076156
copy,loss,none,9400,3,0.27627117057632217,0.3093631982327892,-0.033092027656467016,0.5856343688091113
copy,loss,none,9500,3,0.35698613716910965,0.31824858776128456,0.03873754940782509,0.6752347249303943
copy,loss,none,9600,3,0.4594923197367668,0.4052104434024681,0.054281876334298707,0.8647027631392349
copy,loss,none,9700,3,0.4648196465146159,0.41051720965328403,0.05430243686133185,0.8753368561678999
copy,loss,none,9800,3,0.3451640775631059,0.3120224396800628,0.033141637883043085,0.6571865172431688
copy,loss,none,9900,3,0.25890234321451316,0.2805421206976012,-0.02163977748308804,0.5394444639121143
copy,loss,none,10000,3,0.3406697118023147,0.30259248517132736,0.03807722663098734,0.6432621969736421
copy,loss,none,10100,3,0.2594908149408505,0.2796679779796319,-0.020177163038781365,0.5391587929204824
copy,loss,none,10200,3,0.27159492565846005,0.2682770532421942,0.0033178724162658546,0.5398719789006543
copy,loss,none,10300,3,0.254134926816572,0.26830709519490226,-0.014172168378330241,0.5224420220114743
copy,loss,none,10400,3,0.2007884324358226,0.271106675545344,-0.07031824310952142,0.47189510798116663
copy,loss,none,10500,3,0.18147761432885823,0.2953820331957923,-0.11390441886693409,0.47685964752465054
copy,loss,none,10600,3,0.16282335753066438,0.2790035833789571,-0.11618022584829271,0.4418269409096215
copy,loss,none,10700,3,0.04164919095193876,0.07116662020986274,-0.02951742925792398,0.1128158111618015
copy,loss,none,10800,3,0.029709504825770994,0.033348979744953954,-0.003639474919182959,0.06305848457072495
copy,loss,none,10900,3,0.03576598655931892,0.035926723621253584,-0.0001607370619346668,0.0716927101805725
copy,loss,none,11000,3,0.021036936415788465,0.018354869204204358,0.0026820672115841077,0.03939180561999282
copy,loss,none,11100,3,0.005799693387638148,0.006868386630054522,-0.0010686932424163742,0.01266808001769267
copy,loss,none,11200,3,0.0011896223221108217,0.00159263263120327,-0.00040301030909244834,0.002782254953314092
copy,loss,none,11300,3,0.09902797696398824,0.1690963250499839,-0.07006834808599566,0.26812430201397214
copy,loss,none,11400,3,0.26978491652896563,0.3288684927631496,-0.059083576234183977,0.5986534092921152
copy,loss,none,11500,3,0.2867733743035325,0.4938513462523479,-0.2070779719488154,0.7806247205558804
copy,loss,none,11600,3,0.2732336790617272,0.47193574923368464,-0.19870207017195746,0.7451694282954118
copy,loss,none,11700,3,0.235194310660477,0.37647212710048084,-0.14127781644000384,0.6116664377609579
copy,loss,none,11800,3,0.22056882715436954,0.38081674021324047,-0.16024791305887093,0.6013855673676101
copy,loss,none,11900,3,0.21795629339142797,0.3765533448261808,-0.15859705143475283,0.5945096382176087
copy,loss,none,12000,3,0.20730565472475826,0.358402771834958,-0.15109711711019974,0.5657084265597163
copy,loss,none,12100,3,0.17422057751133066,0.3007837104189515,-0.12656313290762086,0.47500428793028215
copy,loss,none,12200,3,0.056556660501439905,0.09739560919674031,-0.04083894869530041,0.1539522696981802
copy,loss,none,12300,3,0.012339768099256928,0.02091266225980149,-0.008572894160544563,0.03325243035905842
copy,loss,none,12400,3,0.23797857362757938,0.411884028836125,-0.17390545520854564,0.6498626024637044
copy,loss,none,12500,3,0.38061554690370886,0.3436234308246027,0.03699211607910613,0.7242389777283116
copy,loss,none,12600,3,0.4690832447108333,0.4071266386529098,0.06195660605792347,0.8762098833637431
copy,loss,none,12700,3,0.4263612743602474,0.36934139282015727,0.057019881540090134,0.7957026671804046
copy,loss,none,12800,3,0.13511652294935325,0.12506084836477177,0.010055674584581481,0.260177371314125
copy,loss,none,12900,3,0.09046314583259518,0.08552790871967984,0.004935237112915339,0.17599105455227504
copy,loss,none,13000,3,0.12386814091976249,0.21273515478496294,-0.08886701386520045,0.3366032957047254
copy,loss,none,13100,3,0.11378943363254951,0.14293052767528386,-0.02914109404273435,0.25671996130783337
copy,loss,none,13200,3,0.03368277546654389,0.05627116140159175,-0.02258838593504786,0.08995393686813564
copy,loss,none,13300,3,0.03045937080379491,0.05212800644532708,-0.02166863564153217,0.08258737724912199
copy,loss,none,13400,3,0.0057836685605287645,0.009696247883121865,-0.003912579322593101,0.01547991644365063
copy,loss,none,13500,3,0.015687522028006034,0.025597934581550248,-0.009910412553544214,0.04128545660955628
copy,loss,none,13600,3,0.014996678708450775,0.025616167053252637,-0.010619488344801862,0.04061284576170341
copy,loss,none,13700,3,0.0005554783539125399,0.000780133688465494,-0.00022465533455295417,0.001335612042378034
copy,loss,none,13800,3,0.0638194478506251,0.11034440918822747,-0.046524961337602366,0.17416385703885257
copy,loss,none,13900,3,0.0709608115270104,0.11648307694747312,-0.04552226542046271,0.1874438884744835
copy,loss,none,14000,3,0.19476900088162372,0.33723334233905894,-0.14246434145743522,0.5320023432206826
copy,loss,none,14100,3,0.10868784982204298,0.1881461949606961,-0.07945834513865312,0.29683404478273906
copy,loss,none,14200,3,0.014828104786809439,0.02560690979849611,-0.010778805011686671,0.040435014585305545
copy,loss,none,14300,3,0.0006278120154588107,0.0009860457779200774,-0.00035823376246126666,0.001613857793378888
copy,loss,none,14400,3,0.017366528492093337,0.03001401542420455,-0.012647486932111214,0.04738054391629789
copy,loss,none,14500,3,0.03347694066342501,0.05784177580947786,-0.024364835146052845,0.09131871647290288
copy,loss,none,14600,3,0.0006089621528029659,0.0010096070321611607,-0.0004006448793581948,0.0016185691849641267
copy,loss,none,14700,3,0.002194567253399277,0.003648945594803796,-0.001454378341404519,0.005843512848203072
copy,loss,none,14800,3,0.00019003694763037235,0.00022837716988908992,-3.834022225871758e-05,0.00041841411751946224
copy,loss,none,14900,3,0.0047242343095437005,0.008096723705721464,-0.0033724893961777636,0.012820958015265164
copy,loss,none,15000,3,0.010516175946404483,0.018119540301411583,-0.0076033643550071,0.028635716247816065
copy,loss,none,15100,3,0.00015046107944650448,0.00013467682749732326,1.5784251949181214e-05,0.00028513790694382774
copy,loss,none,15200,3,8.865080306625897e-05,0.00010652348455287204,-1.7872681486613066e-05,0.000195174287619131
copy,loss,none,15300,3,0.0026426849118250644,0.004530208249614483,-0.0018875233377894183,0.007172893161439547
copy,loss,none,15400,3,6.18378274560146e-05,7.655566921221818e-05,-1.4717841756203587e-05,0.00013839349666823277
copy,loss,none,15500,3,7.228176862272914e-05,6.322361803855028e-05,9.058150584178855e-06,0.00013550538666127942
copy,loss,none,15600,3,0.016398861023079293,0.028380072335614386,-0.011981211312535094,0.04477893335869368
copy,loss,none,15700,3,0.001100811755791464,0.001860417851247978,-0.0007596060954565139,0.0029612296070394423
copy,loss,none,15800,3,3.7181327766726326e-05,5.1981328201050676e-05,-1.480000043432435e-05,8.9162655967777e-05
copy,loss,none,15900,3,0.005588307703741535,0.004894507165118841,0.0006938005386226947,0.010482814868860376
copy,loss,none,16000,3,0.1422918089649243,0.2462933547302805,-0.1040015457653562,0.3885851636952048
copy,loss,none,16100,3,0.02372250654576018,0.041026194318902046,-0.017303687773141865,0.06474870086466222
copy,loss,none,16200,3,0.013816360014420112,0.023867678235685325,-0.010051318221265213,0.03768403825010544
copy,loss,none,16300,3,0.00011237567525556687,0.0001078123272152622,4.563348040304669e-06,0.00022018800247082906
copy,loss,none,16400,3,0.17943600517210476,0.3107231950540013,-0.13128718988189655,0.49015920022610604
copy,loss,none,16500,3,0.023065815670704273,0.03992543871921052,-0.016859623048506245,0.06299125438991479
copy,loss,none,16600,3,0.00014354833112103764,0.0002002155016503146,-5.666717052927697e-05,0.0003437638327713523
copy,loss,none,16700,3,8.535620881981616e-05,8.205613655693055e-05,3.3000722628856157e-06,0.0001674123453767467
copy,loss,none,16800,3,0.0036335899881264106,0.006278273540906177,-0.002644683552779766,0.009911863529032587
copy,loss,none,16900,3,0.02110877273604314,0.03648011315922003,-0.015371340423176887,0.05758888589526317
copy,loss,none,17000,3,3.7745120555051055e-05,3.786440299224092e-05,-1.192824371898637e-07,7.560952354729197e-05
copy,loss,none,17100,3,3.4163018880583645e-05,4.253550476202482e-05,-8.372485881441174e-06,7.669852364260846e-05
copy,loss,none,17200,3,3.068061842232392e-05,3.617691279570966e-05,-5.496294373385737e-06,6.685753121803358e-05
copy,loss,none,17300,3,0.060364340491111196,0.1007746660276382,-0.040410325536527,0.1611390065187494
copy,loss,none,17400,3,0.016140192687117607,0.027940365020098286,-0.011800172332980679,0.04408055770721589
copy,loss,none,17500,3,5.96839347440505e-05,9.052741553983202e-05,-3.084348079578152e-05,0.00015021135028388252
copy,loss,none,17600,3,3.4696790883475356e-05,4.6839384443291746e-05,-1.214259355981639e-05,8.15361753267671e-05
copy,loss,none,17700,3,2.054055890241358e-05,2.193479756069694e-05,-1.3942386582833592e-06,4.2475356463110523e-05
copy,loss,none,17800,3,5.1518266818605456e-05,6.598682577022607e-05,-1.4468558951620616e-05,0.00011750509258883152
copy,loss,none,17900,3,5.103970043728688e-05,4.8182419024216516e-05,2.8572814130703672e-06,9.92221194615034e-05
copy,loss,none,18000,3,2.1026987382599173e-05,2.0770212692008218e-05,2.567746905909555e-07,4.179720007460739e-05
copy,loss,none,18100,3,0.04048687436574928,0.07011638862352415,-0.029629514257774874,0.11060326298927342
copy,loss,none,18200,3,1.8750715224366625e-05,2.5774894731218274e-05,-7.02417950685165e-06,4.45256099555849e-05
copy,loss,none,18300,3,1.0448749072756682e-05,1.1793042022918769e-05,-1.3442929501620866e-06,2.224179109567545e-05
copy,loss,none,18400,3,6.240958901266603e-06,8.0103414532079e-06,-1.769382551941297e-06,1.4251300354474503e-05
copy,loss,none,18500,3,1.1950719416173929e-05,1.0373142309006027e-05,1.5775771071679014e-06,2.2323861725179958e-05
copy,loss,none,18600,3,7.2360060281425236e-06,7.509772768156555e-06,-2.737667400140318e-07,1.4745778796299079e-05
copy,loss,none,18700,3,7.353642861252386e-06,1.0529063563653561e-05,-3.175420702401175e-06,1.7882706424905947e-05
copy,loss,none,18800,3,0.03958303289552021,0.068555670236276,-0.028972637340755787,0.10813870313179622
copy,loss,none,18900,3,0.005063924594664821,0.008766496890899804,-0.003702572296234983,0.013830421485564626
copy,loss,none,19000,3,0.002429680138000827,0.004205714465047953,-0.0017760343270471265,0.00663539460304878
copy,loss,none,19100,3,0.060786316146258325,0.10528295263713977,-0.044496636490881446,0.1660692687833981
copy,loss,none,19200,3,0.03305613670955627,0.04997451022868398,-0.016918373519127713,0.08303064693824025
copy,loss,none,19300,3,0.0027147350027209908,0.004695907254820266,-0.001981172252099275,0.007410642257541256
copy,loss,none,19400,3,1.4751869697922337e-05,2.3106859773239588e-05,-8.354990075317251e-06,3.7858729471161924e-05
copy,loss,none,19500,3,9.28845107109733e-06,1.467357148445522e-05,-5.385120413357891e-06,2.396202255555255e-05
copy,loss,none,19600,3,9.321849311374094e-06,1.0217646033881536e-05,-8.957967225074419e-07,1.9539495345255628e-05
copy,loss,none,19700,3,1.3913909079346957e-05,1.2165855073167346e-05,1.7480540061796104e-06,2.60797641525143e-05
copy,loss,none,19800,3,4.250309196459032e-06,4.808094186436107e-06,-5.57784989977075e-07,9.05840338289514e-06
copy,loss,none,19900,3,0.004858360189265822,0.008412888940053462,-0.0035545287507876408,0.013271249129319283
copy,loss,none,20000,3,0.10761786018488402,0.18639656459443055,-0.07877870440954653,0.29401442477931455
copy,loss,relation,100,3,0.693816232085228,0.0015510166069648728,0.6922652154782631,0.6953672486921929
copy,loss,relation,200,3,0.6868788182735442,0.0011597282588476968,0.6857190900146966,0.6880385465323919
copy,loss,relation,300,3,0.6791368436813355,0.004490943571651605,0.674645900109684,0.6836277872529871
copy,loss,relation,400,3,0.6778920823335648,0.0017096339950618817,0.6761824483385029,0.6796017163286266
copy,loss,relation,500,3,0.6774876203139623,0.0004077877316437511,0.6770798325823185,0.677895408045606
copy,loss,relation,600,3,0.6678795091311137,0.004412759862469554,0.6634667492686441,0.6722922689935833
copy,loss,relation,700,3,0.6695174688100815,0.003417901220190237,0.6660995675898912,0.6729353700302717
copy,loss,relation,800,3,0.662630884051323,0.003599504199268664,0.6590313798520543,0.6662303882505917
copy,loss,relation,900,3,0.6570506550868352,0.006569827576790254,0.650480827510045,0.6636204826636255
copy,loss,relation,1000,3,0.655068983634313,0.0036986641523502933,0.6513703194819627,0.6587676477866633
copy,loss,relation,1100,3,0.6508501800894738,0.009922941014407726,0.6409272390750661,0.6607731211038815
copy,loss,relation,1200,3,0.6508867771426837,0.003115262352538404,0.6477715147901453,0.6540020394952222
copy,loss,relation,1300,3,0.6412714102864265,0.012826096215687827,0.6284453140707387,0.6540975065021144
copy,loss,relation,1400,3,0.6407923866311709,0.0046001673654576004,0.6361922192657132,0.6453925539966285
copy,loss,relation,1500,3,0.6382399568955104,0.0017524242447876095,0.6364875326507228,0.639992381140298
copy,loss,relation,1600,3,0.6359602977832158,0.003933234689695974,0.6320270630935199,0.6398935324729118
copy,loss,relation,1700,3,0.6218343861897787,0.0003510028229809062,0.6214833833667978,0.6221853890127597
copy,loss,relation,1800,3,0.6311639766891798,0.003843837862213859,0.6273201388269659,0.6350078145513937
copy,loss,relation,1900,3,0.6223111806313196,0.0042411348463830476,0.6180700457849366,0.6265523154777026
copy,loss,relation,2000,3,0.6186444665491581,0.0034652121320387355,0.6151792544171193,0.6221096786811968
copy,loss,relation,2100,3,0.612886275847753,0.005982409397926129,0.6069038664498269,0.6188686852456792
copy,loss,relation,2200,3,0.6114559395114582,0.009702243783694197,0.6017536957277639,0.6211581832951524
copy,loss,relation,2300,3,0.6134608879685403,0.006470183677801942,0.6069907042907383,0.6199310716463422
copy,loss,relation,2400,3,0.6125824332237243,0.01230681104743175,0.6002756221762926,0.624889244271156
copy,loss,relation,2500,3,0.604097624917825,0.003132849103422885,0.6009647758144021,0.607230474021248
copy,loss,relation,2600,3,0.5926548458139101,0.011337006799640892,0.5813178390142693,0.603991852613551
copy,loss,relation,2700,3,0.608242761194706,0.008767065963951827,0.5994756952307542,0.6170098271586578
copy,loss,relation,2800,3,0.6097762458523114,0.015625379868919993,0.5941508659833914,0.6254016257212314
copy,loss,relation,2900,3,0.5897191895296175,0.0024018477888076814,0.5873173417408099,0.5921210373184252
copy,loss,relation,3000,3,0.591825109347701,0.011955881061042981,0.5798692282866581,0.603780990408744
copy,loss,relation,3100,3,0.5818508383880059,0.01157168242365939,0.5702791559643465,0.5934225208116652
copy,loss,relation,3200,3,0.5942266835023959,0.0026725684761440584,0.5915541150262519,0.59689925197854
copy,loss,relation,3300,3,0.593558043812712,0.004425942423921755,0.5891321013887902,0.5979839862366338
copy,loss,relation,3400,3,0.5805133226389686,0.012368816829210958,0.5681445058097576,0.5928821394681796
copy,loss,relation,3500,3,0.5691058575982848,0.004838287679366189,0.5642675699189186,0.573944145277651
copy,loss,relation,3600,3,0.5822015309209625,0.015414070503427083,0.5667874604175354,0.5976156014243896
copy,loss,relation,3700,3,0.5774235796804229,0.025639889294118572,0.5517836903863044,0.6030634689745414
copy,loss,relation,3800,3,0.5776399706304073,0.033120517276695655,0.5445194533537117,0.6107604879071029
copy,loss,relation,3900,3,0.5622278130240739,0.013662457751461684,0.5485653552726122,0.5758902707755356
copy,loss,relation,4000,3,0.5623408743366599,0.01642795610838937,0.5459129182282706,0.5787688304450492
copy,loss,relation,4100,3,0.5593793289673825,0.008333190677329185,0.5510461382900533,0.5677125196447117
copy,loss,relation,4200,3,0.5658388667491575,0.02723500753411539,0.5386038592150422,0.5930738742832729
copy,loss,relation,4300,3,0.5455155484688778,0.037809156280049196,0.5077063921888286,0.5833247047489271
copy,loss,relation,4400,3,0.5556444774319728,0.036951928189251255,0.5186925492427215,0.5925964056212241
copy,loss,relation,4500,3,0.5401087662577629,0.05178499544811176,0.48832377080965117,0.5918937617058747
copy,loss,relation,4600,3,0.5283083706628532,0.0659310536764217,0.4623773169864315,0.5942394243392749
copy,loss,relation,4700,3,0.5236492295625309,0.08525379887256584,0.43839543068996506,0.6089030284350967
copy,loss,relation,4800,3,0.509384287376888,0.08546180672193973,0.4239224806549483,0.5948460940988277
copy,loss,relation,4900,3,0.47250412618120513,0.1319468001443134,0.3405573260368917,0.6044509263255186
copy,loss,relation,5000,3,0.42677159847381213,0.20393570514311993,0.2228358933306922,0.6307073036169321
copy,loss,relation,5100,3,0.3957475082296878,0.21988144696308493,0.17586606126660287,0.6156289551927727
copy,loss,relation,5200,3,0.37322963359920935,0.23305199320212475,0.1401776403970846,0.6062816268013341
copy,loss,relation,5300,3,0.3310282974899746,0.2539429320367386,0.07708536545323597,0.5849712295267132
copy,loss,relation,5400,3,0.3067536082601873,0.2498602894443191,0.05689331881586823,0.5566138977045064
copy,loss,relation,5500,3,0.2856772094741851,0.24942698128551088,0.03625022818867424,0.5351041907596961
copy,loss,relation,5600,3,0.26224931187384454,0.24106510809510973,0.02118420377873481,0.5033144199689543
copy,loss,relation,5700,3,0.24774855858008474,0.24795245939144708,-0.00020390081136234528,0.4957010179715318
copy,loss,relation,5800,3,0.20393027619334436,0.21684214834389007,-0.012911872150545706,0.4207724245372344
copy,loss,relation,5900,3,0.25488647795489666,0.2241988388208148,0.030687639134081873,0.4790853167757114
copy,loss,relation,6000,3,0.2141321782239447,0.19237680010585384,0.021755378118090862,0.40650897832979854
copy,loss,relation,6100,3,0.17042654806915988,0.1775672847699899,-0.007140736700830014,0.34799383283914975
copy,loss,relation,6200,3,0.12703276978324007,0.145170163738707,-0.01813739395546693,0.2722029335219471
copy,loss,relation,6300,3,0.0996755464743516,0.12809676997223163,-0.028421223497880024,0.22777231644658325
copy,loss,relation,6400,3,0.2740532454370886,0.2979570603417867,-0.023903814904698117,0.5720103057788752
copy,loss,relation,6500,3,0.280501557821903,0.33172809980993784,-0.051226541988034835,0.6122296576318409
copy,loss,relation,6600,3,0.21761983895255646,0.2354945795552589,-0.017874740602702444,0.45311441850781536
copy,loss,relation,6700,3,0.10311813165562984,0.12320631669308381,-0.020088185037453965,0.22632444834871365
copy,loss,relation,6800,3,0.09860507196418593,0.08723476289004205,0.01137030907414388,0.18583983485422798
copy,loss,relation,6900,3,0.053853951016647104,0.06343548062771892,-0.009581529611071816,0.11728943164436603
copy,loss,relation,7000,3,0.043224862189010275,0.055576802939774766,-0.012351940750764491,0.09880166512878505
copy,loss,relation,7100,3,0.03612843269636729,0.0482374682982211,-0.012109035601853807,0.08436590099458839
copy,loss,relation,7200,3,0.02437422666527723,0.03252053024323436,-0.00814630357795713,0.05689475690851159
copy,loss,relation,7300,3,0.2733969563069347,0.4154558462817303,-0.1420588899747956,0.6888528025886651
copy,loss,relation,7400,3,0.28097960612275424,0.2873124355465735,-0.006332829423819242,0.5682920416693278
copy,loss,relation,7500,3,0.08268666034824941,0.12932239078387314,-0.04663573043562373,0.21200905113212254
copy,loss,relation,7600,3,0.03379406354765012,0.03453321206450919,-0.0007391485168590714,0.06832727561215932
copy,loss,relation,7700,3,0.01419465385896957,0.01680909898893168,-0.0026144451299621105,0.03100375284790125
copy,loss,relation,7800,3,0.023750540264079467,0.03284800422327367,-0.009097463959194203,0.05659854448735314
copy,loss,relation,7900,3,0.2118994954014688,0.36256361017102706,-0.15066411476955827,0.5744631055724958
copy,loss,relation,8000,3,0.19419325064035176,0.3325377399703002,-0.13834448932994842,0.5267309906106519
copy,loss,relation,8100,3,0.07254820891372099,0.12265544433207165,-0.05010723541835066,0.19520365324579264
copy,loss,relation,8200,3,0.00379276005583812,0.004802857160195416,-0.0010100971043572955,0.008595617216033536
copy,loss,relation,8300,3,0.004444155569092065,0.006383151238675704,-0.0019389956695836392,0.01082730680776777
copy,loss,relation,8400,3,0.0017955968353413482,0.0020077113295989407,-0.00021211449425759255,0.003803308164940289
copy,loss,relation,8500,3,0.0038771733231844174,0.005616528037197377,-0.0017393547140129597,0.009493701360381794
copy,loss,relation,8600,3,0.03629948078780965,0.06229900389486402,-0.02599952310705437,0.09859848468267368
copy,loss,relation,8700,3,0.003513454949653439,0.00562606192086459,-0.0021126069712111514,0.00913951687051803
copy,loss,relation,8800,3,0.0009674549349853338,0.0012869749897950543,-0.00031952005480972046,0.002254429924780388
copy,loss,relation,8900,3,0.004883139293405146,0.006571594978118092,-0.0016884556847129454,0.011454734271523239
copy,loss,relation,9000,3,0.0007023399210511777,0.0009726971522864412,-0.0002703572312352635,0.0016750370733376188
copy,loss,relation,9100,3,0.005542670546913389,0.00939867313286579,-0.0038560025859524,0.014941343679779178
copy,loss,relation,9200,3,0.1615295739033599,0.27962351238657995,-0.11809393848322006,0.4411530862899399
copy,loss,relation,9300,3,0.363981576447926,0.6302997510750264,-0.26631817462710045,0.9942813275229525
copy,loss,relation,9400,3,0.2984737762470154,0.5168294535170426,-0.2183556772700272,0.8153032297640579
copy,loss,relation,9500,3,0.24575093947161494,0.42556488355648037,-0.17981394408486542,0.6713158230280953
copy,loss,relation,9600,3,0.22627615248259383,0.39184675198782476,-0.16557059950523093,0.6181229044704186
copy,loss,relation,9700,3,0.21611411268061675,0.37426615821547005,-0.1581520455348533,0.5903802708960868
copy,loss,relation,9800,3,0.20375496311128583,0.35285216062650254,-0.14909719751521672,0.5566071237377883
copy,loss,relation,9900,3,0.09053339327708211,0.1567747746006187,-0.06624138132353659,0.24730816787770082
copy,loss,relation,10000,3,0.02492062359418328,0.04313654742894588,-0.018215923834762605,0.06805717102312916
copy,loss,relation,10100,3,0.016745401313400566,0.028986571108260625,-0.01224116979486006,0.04573197242166119
copy,loss,relation,10200,3,0.008616337523959539,0.01490126594031722,-0.006284928416357681,0.02351760346427676
copy,loss,relation,10300,3,0.003631643852786749,0.006271154947866068,-0.0026395110950793188,0.009902798800652817
copy,loss,relation,10400,3,0.015153095174950828,0.02623147326227671,-0.01107837808732588,0.041384568437227535
copy,loss,relation,10500,3,0.01775181674026623,0.030738970992092777,-0.012987154251826546,0.04849078773235901
copy,loss,relation,10600,3,0.0017239044298644611,0.002977157164398857,-0.001253252734534396,0.0047010615942633185
copy,loss,relation,10700,3,0.0012522443543176514,0.002160450941428087,-0.0009082065871104355,0.003412695295745738
copy,loss,relation,10800,3,0.003636640399216288,0.00629381990436478,-0.002657179505148492,0.009930460303581069
copy,loss,relation,10900,3,0.0007470063898300586,0.0012883843358536616,-0.000541377946023603,0.0020353907256837203
copy,loss,relation,11000,3,0.0007061285209364622,0.0012195034193370304,-0.0005133748984005682,0.0019256319402734927
copy,loss,relation,11100,3,0.0004630780381066224,0.0008001109732247715,-0.0003370329351181491,0.001263189011331394
copy,loss,relation,11200,3,0.0003877653340380656,0.000668381594573104,-0.0002806162605350384,0.0010561469286111695
copy,loss,relation,11300,3,0.0035959015179177507,0.006226667421552999,-0.0026307659036352484,0.00982256893947075
copy,loss,relation,11400,3,0.0003432937947369439,0.0005936069775469031,-0.00025031318280995923,0.000936900772283847
copy,loss,relation,11500,3,0.00015681105929065458,0.0002493006894717749,-9.248963018112033e-05,0.00040611174876242946
copy,loss,relation,11600,3,0.0003855886295040756,0.0006660364851689403,-0.0002804478556648647,0.001051625114673016
copy,loss,relation,11700,3,0.00033761009196552077,0.000583795859633855,-0.00024618576766833423,0.0009214059515993758
copy,loss,relation,11800,3,0.0003076904511631875,0.0005318005403302496,-0.00022411008916706216,0.0008394909914934371
copy,loss,relation,11900,3,0.0023318500529191308,0.004038277124318029,-0.001706427071398898,0.00637012717723716
copy,loss,relation,12000,3,0.0006975488294185429,0.0012056398887415228,-0.0005080910593229798,0.0019031887181600658
copy,loss,relation,12100,3,0.000169439862083524,0.0002930273809954009,-0.00012358751891187688,0.00046246724307892487
copy,loss,relation,12200,3,0.00010693812956332866,0.0001846857076469156,-7.774757808358693e-05,0.00029162383721024424
copy,loss,relation,12300,3,0.00010795243882938558,0.00018437648920028918,-7.64240503709036e-05,0.00029232892802967476
copy,loss,relation,12400,3,5.868066081889391e-05,0.00010138370039041796,-4.270303957152405e-05,0.00016006436120931188
copy,loss,relation,12500,3,7.85541137530789e-05,0.00013582127838025187,-5.726716462717297e-05,0.0002143753921333308
copy,loss,relation,12600,3,0.00016033724341940633,0.00027746855254038276,-0.00011713130912097643,0.00043780579595978906
copy,loss,relation,12700,3,7.735433241572661e-05,0.0001335179014430397,-5.6163569027313086e-05,0.0002108722338587663
copy,loss,relation,12800,3,0.024443900996008613,0.04233795348292168,-0.017894052486913066,0.06678185447893029
copy,loss,relation,12900,3,7.185287098588653e-05,0.00012437893839849725,-5.252606741261072e-05,0.0001962318093843838
copy,loss,relation,13000,3,3.0443257415868585e-05,5.2640987817640556e-05,-2.219773040177197e-05,8.308424523350914e-05
copy,loss,relation,13100,3,7.547716879492721e-05,0.00013057628397423356,-5.5099115179306355e-05,0.00020605345276916077
copy,loss,relation,13200,3,7.704435814835633e-05,0.00013335010921151094,-5.630575106315462e-05,0.00021039446735986726
copy,loss,relation,13300,3,3.321236673154688e-05,5.738010610288839e-05,-2.416773937134151e-05,9.059247283443526e-05
copy,loss,relation,13400,3,2.337276215211737e-05,4.009301728716848e-05,-1.672025513505111e-05,6.346577943928585e-05
copy,loss,relation,13500,3,0.00037746476886990865,0.0006537104996793632,-0.0002762457308094545,0.0010311752685492719
copy,loss,relation,13600,3,2.8230217338158584e-05,4.883750120001252e-05,-2.060728386185394e-05,7.70677185381711e-05
copy,loss,relation,13700,3,8.672778111072544e-06,1.4900314772706708e-05,-6.227536661634163e-06,2.3573092883779254e-05
copy,loss,relation,13800,3,1.9571444717026188e-05,3.385828321137887e-05,-1.4286838494352681e-05,5.342972792840506e-05
copy,loss,relation,13900,3,1.9740398183032967e-05,3.411680538803837e-05,-1.4376407205005401e-05,5.385720357107133e-05
copy,loss,relation,14000,3,4.80117120298723e-05,8.301067542559815e-05,-3.499896339572585e-05,0.00013102238745547044
copy,loss,relation,14100,3,3.9163590536960624e-05,6.720172225109285e-05,-2.803813171413222e-05,0.00010636531278805346
copy,loss,relation,14200,3,2.0844898839849734e-05,3.520501248858022e-05,-1.4360113648730483e-05,5.604991132842995e-05
copy,loss,relation,14300,3,1.6577540429408626e-05,2.8678014554230002e-05,-1.2100474124821376e-05,4.525555498363863e-05
copy,loss,relation,14400,3,1.4529057751402375e-05,2.5121884566571974e-05,-1.0592826815169598e-05,3.965094231797435e-05
copy,loss,relation,14500,3,0.00016826414461165251,0.00029138760658128373,-0.00012312346196963122,0.00045965175119293625
copy,loss,relation,14600,3,0.0032021536268653917,0.00554623944708037,-0.002344085820214978,0.008748393073945761
copy,loss,relation,14700,3,2.0333578855994235e-05,3.519874642482692e-05,-1.4865167568832685e-05,5.5532325280821155e-05
copy,loss,relation,14800,3,9.20173149495638e-06,1.590991504606878e-05,-6.7081835511124e-06,2.511164654102516e-05
copy,loss,relation,14900,3,3.873143119326406e-06,6.689973813958988e-06,-2.8168306946325816e-06,1.0563116933285395e-05
copy,loss,relation,15000,3,7.351512622796805e-06,1.2714623994477363e-05,-5.363111371680558e-06,2.006613661727417e-05
copy,loss,relation,15100,3,8.505852502517652e-06,1.4719106364480922e-05,-6.21325386196327e-06,2.3224958866998575e-05
copy,loss,relation,15200,3,0.001117447999282559,0.0019354164618775743,-0.0008179684625950153,0.0030528644611601333
copy,loss,relation,15300,3,2.220433736005917e-05,3.844722020587831e-05,-1.6242882845819143e-05,6.0651557565937484e-05
copy,loss,relation,15400,3,3.5170575111131526e-05,6.090167424827523e-05,-2.5731099137143706e-05,9.607224935940676e-05
copy,loss,relation,15500,3,2.6399076500778334e-06,4.561056836316564e-06,-1.9211491862387308e-06,7.2009644863943975e-06
copy,loss,relation,15600,3,0.003284965214269223,0.005689719510772009,-0.002404754296502786,0.008974684725041232
copy,loss,relation,15700,3,3.329152679863933e-05,5.7651931381571586e-05,-2.4360404582932258e-05,9.094345818021091e-05
copy,loss,relation,15800,3,3.226862225281415e-06,5.572515266356604e-06,-2.345653041075189e-06,8.799377491638019e-06
copy,loss,relation,15900,3,2.4776387964401568e-06,4.284511473361316e-06,-1.8068726769211593e-06,6.762150269801473e-06
copy,loss,relation,16000,3,9.560324834839853e-05,0.00016558408099102474,-6.998083264262621e-05,0.00026118732933942326
copy,loss,relation,16100,3,0.0024239069417175316,0.0041983241150997,-0.0017744171733821688,0.0066222310568172325
copy,loss,relation,16200,3,4.333681525794297e-06,7.500887517581784e-06,-3.1672059917874867e-06,1.1834569043376082e-05
copy,loss,relation,16300,3,2.7076457870390528e-06,4.6843610781153625e-06,-1.9767152910763098e-06,7.392006865154415e-06
copy,loss,relation,16400,3,1.8053859616790414e-06,3.1228574459528014e-06,-1.31747148427376e-06,4.928243407631843e-06
copy,loss,relation,16500,3,1.6758443066402697e-05,2.902189594501064e-05,-1.2263452878607944e-05,4.578033901141334e-05
copy,loss,relation,16600,3,2.0726067997293407e-06,3.585465705802334e-06,-1.5128589060729932e-06,5.658072505531675e-06
copy,loss,relation,16700,3,0.00014938401259211763,0.0002587369246858241,-0.00010935291209370645,0.0004081209372779417
copy,loss,relation,16800,3,1.1625668451811925e-05,2.0133012738545406e-05,-8.507344286733481e-06,3.175868119035733e-05
copy,loss,relation,16900,3,1.8703808133678112e-06,3.235950665202485e-06,-1.3655698518346738e-06,5.106331478570296e-06
copy,loss,relation,17000,3,2.8036087192508167e-06,4.853016086323419e-06,-2.0494073670726025e-06,7.656624805574236e-06
copy,loss,relation,17100,3,1.5573863148964603e-05,2.6971993837248446e-05,-1.1398130688283842e-05,4.254585698621305e-05
copy,loss,relation,17200,3,0.04036795316748993,0.06991934259475091,-0.02955138942726098,0.11028729576224083
copy,loss,relation,17300,3,4.542234780355166e-05,7.866923827636916e-05,-3.3246890472817506e-05,0.00012409158607992082
copy,loss,relation,17400,3,2.4284061521734344e-06,4.201933281216854e-06,-1.7735271290434198e-06,6.630339433390289e-06
copy,loss,relation,17500,3,0.09255371386596162,0.16030773131877032,-0.0677540174528087,0.25286144518473197
copy,loss,relation,17600,3,3.0652587928505042e-06,5.305955082860567e-06,-2.2406962900100626e-06,8.371213875711071e-06
copy,loss,relation,17700,3,4.140464248352402e-06,7.16925335270512e-06,-3.028789104352718e-06,1.1309717601057521e-05
copy,loss,relation,17800,3,2.0436947562132575e-06,3.5344222459276443e-06,-1.4907274897143868e-06,5.578117002140902e-06
copy,loss,relation,17900,3,2.2077887494803545e-06,3.821264576085078e-06,-1.6134758266047236e-06,6.029053325565432e-06
copy,loss,relation,18000,3,1.3282687194853341e-05,2.3003199604483248e-05,-9.720512409629906e-06,3.628588679933659e-05
copy,loss,relation,18100,3,1.1730879487160524e-06,2.029580531238121e-06,-8.564925825220687e-07,3.2026684799541737e-06
copy,loss,relation,18200,3,2.5323487084447384e-06,4.384122074204946e-06,-1.8517733657602075e-06,6.916470782649684e-06
copy,loss,relation,18300,3,7.262061559185054e-07,1.254762799162748e-06,-5.285566432442425e-07,1.9809689550812532e-06
copy,loss,relation,18400,3,1.0564215648640865e-06,1.8263367317242633e-06,-7.699151668601768e-07,2.88275829658835e-06
copy,loss,relation,18500,3,2.429880813163412e-06,4.2058495183103265e-06,-1.7759687051469144e-06,6.635730331473739e-06
copy,loss,relation,18600,3,1.3028737465866503e-06,2.2476776044433376e-06,-9.448038578566874e-07,3.550551351029988e-06
copy,loss,relation,18700,3,1.6010412740160244e-06,2.770254889276557e-06,-1.1692136152605324e-06,4.371296163292581e-06
copy,loss,relation,18800,3,1.5766315152426363e-06,2.7280163362973348e-06,-1.1513848210546984e-06,4.304647851539971e-06
copy,loss,relation,18900,3,2.0422942100484226e-06,3.5354887077075864e-06,-1.4931944976591638e-06,5.577782917756009e-06
copy,loss,relation,19000,3,2.7788476574565275e-05,4.812861888122383e-05,-2.0340142306658558e-05,7.59170954557891e-05
copy,loss,relation,19100,3,1.4478671238282265e-06,2.504835462483077e-06,-1.0569683386548506e-06,3.952702586311303e-06
copy,loss,relation,19200,3,7.812330698483656e-07,1.3505554709721192e-06,-5.693224011237537e-07,2.131788540820485e-06
copy,loss,relation,19300,3,1.3885555357541514e-06,2.4028620614287857e-06,-1.0143065256746342e-06,3.791417597182937e-06
copy,loss,relation,19400,3,9.91266890991464e-07,1.7149698923393292e-06,-7.237030013478651e-07,2.706236783330793e-06
copy,loss,relation,19500,3,5.281944462111117e-07,9.126848801737835e-07,-3.844904339626718e-07,1.4408793263848952e-06
copy,loss,relation,19600,3,5.722053470494667e-06,9.90686180561105e-06,-4.184808335116384e-06,1.5628915276105717e-05
copy,loss,relation,19700,3,2.806217711829972e-06,4.858824265947596e-06,-2.0526065541176244e-06,7.665041977777569e-06
copy,loss,relation,19800,3,1.4542874314260536e-06,2.516749170104235e-06,-1.0624617386781813e-06,3.971036601530288e-06
copy,loss,relation,19900,3,6.445367265960891e-07,1.1147269777417212e-06,-4.7019025114563203e-07,1.7592637043378102e-06
copy,loss,relation,20000,3,5.415839485440595e-07,9.363583928037141e-07,-3.947744442596546e-07,1.4779423413477735e-06
copy,loss,zero,100,3,0.6910281956195831,0.0019416609324577213,0.6890865346871253,0.6929698565520408
copy,loss,zero,200,3,0.6834329628944397,0.0009483631372659692,0.6824845997571737,0.6843813260317057
copy,loss,zero,300,3,0.6764105862379074,0.0040653822919531745,0.6723452039459542,0.6804759685298606
copy,loss,zero,400,3,0.6742974529663721,0.0015200073791377681,0.6727774455872343,0.6758174603455099
copy,loss,zero,500,3,0.6736764232317606,0.0006571148666265193,0.673019308365134,0.6743335380983871
copy,loss,zero,600,3,0.6669564625620842,0.0015315185429171062,0.6654249440191671,0.6684879811050013
copy,loss,zero,700,3,0.6666646871964137,0.0009851795062066231,0.6656795076902071,0.6676498667026203
copy,loss,zero,800,3,0.6557668867707251,0.0021783287992761403,0.653588557971449,0.6579452155700013
copy,loss,zero,900,3,0.6551823344826698,0.0016950425707243939,0.6534872919119454,0.6568773770533942
copy,loss,zero,1000,3,0.6538432481884956,0.002741932263413395,0.6511013159250822,0.656585180451909
copy,loss,zero,1100,3,0.6498950999975205,0.010803388683197503,0.639091711314323,0.660698488680718
copy,loss,zero,1200,3,0.6513780402143796,0.00392432397604548,0.6474537162383341,0.6553023641904251
copy,loss,zero,1300,3,0.6396907461682956,0.013003601111990391,0.6266871450563052,0.652694347280286
copy,loss,zero,1400,3,0.6416683438420296,0.002888572887803729,0.6387797709542259,0.6445569167298334
copy,loss,zero,1500,3,0.638794838587443,0.00977852650137361,0.6290163120860695,0.6485733650888166
copy,loss,zero,1600,3,0.6383609025677045,0.004963058384281245,0.6333978441834233,0.6433239609519857
copy,loss,zero,1700,3,0.6269493076205254,0.005390388197938925,0.6215589194225865,0.6323396958184643
copy,loss,zero,1800,3,0.6338058499495188,0.007442594158594426,0.6263632557909244,0.6412484441081132
copy,loss,zero,1900,3,0.6287403360009193,0.008536355811930206,0.620203980188989,0.6372766918128495
copy,loss,zero,2000,3,0.6261265516281128,0.004887097445780099,0.6212394541823327,0.6310136490738929
copy,loss,zero,2100,3,0.6202612026532491,0.0008144267407962708,0.6194467759124529,0.6210756293940454
copy,loss,zero,2200,3,0.6208315066496531,0.011391503751137401,0.6094400028985157,0.6322230104007905
copy,loss,zero,2300,3,0.622598251849413,0.004336475373080198,0.6182617764763327,0.6269347272224932
copy,loss,zero,2400,3,0.6184611391027769,0.012564112241015026,0.6058970268617618,0.631025251343792
copy,loss,zero,2500,3,0.6102278866370519,0.010105472354261963,0.6001224142827899,0.6203333589913138
copy,loss,zero,2600,3,0.5987842904031276,0.011199046769018187,0.5875852436341095,0.6099833371721458
copy,loss,zero,2700,3,0.6121518631776174,0.008601596529470432,0.6035502666481469,0.6207534597070878
copy,loss,zero,2800,3,0.6068705578148365,0.011958296309789876,0.5949122615050466,0.6188288541246263
copy,loss,zero,2900,3,0.5819622805714607,0.02005356703671557,0.5619087135347451,0.6020158476081763
copy,loss,zero,3000,3,0.5760859355827174,0.03809831054080215,0.5379876250419152,0.6141842461235195
copy,loss,zero,3100,3,0.5529350532591343,0.04823943947902868,0.5046956137801056,0.6011744927381629
copy,loss,zero,3200,3,0.5417887499928474,0.05880236177281032,0.4829863882200371,0.6005911117656577
copy,loss,zero,3300,3,0.5225666790952285,0.06802719492307568,0.4545394841721528,0.5905938740183041
copy,loss,zero,3400,3,0.4891880329201619,0.10152701347208651,0.3876610194480754,0.5907150463922484
copy,loss,zero,3500,3,0.4376062360902628,0.1281211976649145,0.30948503842534825,0.5657274337551773
copy,loss,zero,3600,3,0.4147498001282413,0.16768348591375537,0.24706631421448594,0.5824332860419967
copy,loss,zero,3700,3,0.3656422741835316,0.21867177894038842,0.1469704952431432,0.58431405312392
copy,loss,zero,3800,3,0.3536801039427519,0.217926170051128,0.1357539338916239,0.5716062739938799
copy,loss,zero,3900,3,0.3120169665974875,0.24025781290825235,0.07175915368923516,0.5522747795057399
copy,loss,zero,4000,3,0.27887946895634136,0.26891630922176857,0.00996315973457279,0.54779577817811
copy,loss,zero,4100,3,0.29598954420536755,0.2538078180125447,0.042181726192822844,0.5497973622179122
copy,loss,zero,4200,3,0.3221320410631597,0.243360451848964,0.07877158921419569,0.5654924929121237
copy,loss,zero,4300,3,0.33164655964821577,0.2514918084708307,0.08015475117738508,0.5831383681190465
copy,loss,zero,4400,3,0.2611667383353536,0.2983025580072868,-0.03713581967193319,0.5594692963426404
copy,loss,zero,4500,3,0.27009012547166394,0.2918529299567302,-0.021762804485066234,0.5619430554283942
copy,loss,zero,4600,3,0.24072694735446323,0.29903115868706026,-0.05830421133259703,0.5397581060415235
copy,loss,zero,4700,3,0.25543664340395483,0.29762443188595733,-0.0421877884820025,0.5530610752899121
copy,loss,zero,4800,3,0.26511645356503627,0.2990249475884878,-0.03390849402345153,0.5641414011535241
copy,loss,zero,4900,3,0.2621202875037367,0.2934621290348708,-0.03134184153113406,0.5555824165386075
copy,loss,zero,5000,3,0.24290342064263917,0.289946328490109,-0.04704290784746981,0.5328497491327482
copy,loss,zero,5100,3,0.23464101148070768,0.30346357235534976,-0.06882256087464209,0.5381045838360574
copy,loss,zero,5200,3,0.45930959931807597,0.3792817184144504,0.08002788090362556,0.8385913177325264
copy,loss,zero,5300,3,0.4960041543259286,0.4539844474608844,0.04201970686504419,0.949988601786813
copy,loss,zero,5400,3,0.3919300323468633,0.3007495731565011,0.09118045919036222,0.6926796055033644
copy,loss,zero,5500,3,0.26826146086600294,0.27387763305614216,-0.0056161721901392125,0.5421390939221451
copy,loss,zero,5600,3,0.2867098605108913,0.2847331348200986,0.0019767256907927133,0.5714429953309899
copy,loss,zero,5700,3,0.29640740077826194,0.2680308674294005,0.02837653334886142,0.5644382682076625
copy,loss,zero,5800,3,0.27624133488784236,0.2904506251856421,-0.014209290297799715,0.5666919600734844
copy,loss,zero,5900,3,0.2261652473321495,0.32002081910401436,-0.09385557177186488,0.5461860664361639
copy,loss,zero,6000,3,0.2039563020968732,0.3044294615639091,-0.10047315946703589,0.5083857636607823
copy,loss,zero,6100,3,0.2081467604072532,0.32590646170971793,-0.11775970130246474,0.5340532221169711
copy,loss,zero,6200,3,0.25923789192379143,0.26085741920134353,-0.001619527277552102,0.520095311125135
copy,loss,zero,6300,3,0.22599409865234824,0.2886427891403191,-0.06264869048797087,0.5146368877926674
copy,loss,zero,6400,3,0.23368055256316436,0.2661850832545551,-0.032504530691390726,0.4998656358177195
copy,loss,zero,6500,3,0.34195035907789134,0.30171857610042235,0.04023178297746899,0.6436689351783137
copy,loss,zero,6600,3,0.39368110461461275,0.31920266027742666,0.07447844433718609,0.7128837648920394
copy,loss,zero,6700,3,0.25468684144395715,0.29445210543439837,-0.039765263990441224,0.5491389468783555
copy,loss,zero,6800,3,0.21568818283092694,0.2948673282010867,-0.07917914537015974,0.5105555110320137
copy,loss,zero,6900,3,0.21339258045103635,0.2649212352916994,-0.051528654840663074,0.4783138157427358
copy,loss,zero,7000,3,0.41332291983368724,0.35188541488964514,0.0614375049440421,0.7652083347233324
copy,loss,zero,7100,3,0.4284728176199133,0.36699108893226867,0.06148172868764462,0.795463906552182
copy,loss,zero,7200,3,0.44698465626706213,0.39149278925889675,0.055491867008165385,0.8384774455259589
copy,loss,zero,7300,3,0.39475256747507953,0.3106859509738984,0.08406661650118114,0.705438518448978
copy,loss,zero,7400,3,0.3868784232598652,0.33334243766063837,0.05353598559922684,0.7202208609205036
copy,loss,zero,7500,3,0.4036676702517434,0.35186709313420467,0.051800577117538715,0.755534763385948
copy,loss,zero,7600,3,0.4050626937609438,0.2925559259121077,0.11250676784883606,0.6976186196730515
copy,loss,zero,7700,3,0.4226923681620974,0.3157229287686143,0.10696943939348308,0.7384152969307116
copy,loss,zero,7800,3,0.38924596467278505,0.29817454048587405,0.091071424186911,0.687420505158659
copy,loss,zero,7900,3,0.3978979151810442,0.2410305822777142,0.15686733290333002,0.6389284974587585
copy,loss,zero,8000,3,0.24743053723019934,0.24396941067151337,0.0034611265586859674,0.4913999479017127
copy,loss,zero,8100,3,0.20737860388452342,0.28598408653610297,-0.07860548265157954,0.4933626904206264
copy,loss,zero,8200,3,0.1952971892117057,0.2897777512006587,-0.094480561988953,0.4850749404123644
copy,loss,zero,8300,3,0.25643538909940006,0.24752230296224267,0.008913086137157383,0.5039576920616428
copy,loss,zero,8400,3,0.2030333224129087,0.2576861657611819,-0.05465284334827322,0.4607194881740906
copy,loss,zero,8500,3,0.20797421962296844,0.2585213814180355,-0.05054716179506705,0.46649560104100396
copy,loss,zero,8600,3,0.21355595585526319,0.2759050176590414,-0.06234906180377822,0.4894609735143046
copy,loss,zero,8700,3,0.1918227695770838,0.2518764442915522,-0.0600536747144684,0.443699213868636
copy,loss,zero,8800,3,0.21623310488988257,0.24481333627249433,-0.02858023138261176,0.4610464411623769
copy,loss,zero,8900,3,0.17526286615634792,0.26402475509475504,-0.08876188893840711,0.439287621251103
copy,loss,zero,9000,3,0.19871639589822734,0.29618199766668135,-0.09746560176845401,0.4948983935649087
copy,loss,zero,9100,3,0.1991839832785869,0.2788975706341172,-0.07971358735553027,0.4780815539127041
copy,loss,zero,9200,3,0.21662821019589804,0.23893907222307176,-0.022310862027173722,0.4555672824189698
copy,loss,zero,9300,3,0.2401723105731071,0.25679247997007654,-0.016620169396969448,0.49696479054318365
copy,loss,zero,9400,3,0.38343430799005845,0.3383015747003097,0.04513273328974876,0.7217358826903681
copy,loss,zero,9500,3,0.37623084235655063,0.32252523621958057,0.05370560613697006,0.6987560785761312
copy,loss,zero,9600,3,0.250468110517977,0.26525364143045455,-0.01478553091247753,0.5157217519484316
copy,loss,zero,9700,3,0.22962678103588888,0.23309851414486982,-0.00347173310898094,0.46272529518075867
copy,loss,zero,9800,3,0.2623838738068783,0.25758286578627915,0.004801008020599129,0.5199667395931574
copy,loss,zero,9900,3,0.2419880320923888,0.24489450074109034,-0.0029064686487015323,0.48688253283347915
copy,loss,zero,10000,3,0.18028408624745984,0.2676865604928832,-0.08740247424542336,0.44797064674034304
copy,loss,zero,10100,3,0.20361888686973542,0.2634571786488831,-0.05983829177914765,0.46707606551861847
copy,loss,zero,10200,3,0.18898344213700813,0.2685046855247109,-0.07952124338770278,0.45748812766171904
copy,loss,zero,10300,3,0.22547359593450286,0.2342352962190988,-0.008761700284595941,0.45970889215360167
copy,loss,zero,10400,3,0.18390562536384095,0.26634314514796276,-0.08243751978412181,0.4502487705118037
copy,loss,zero,10500,3,0.3807983830387578,0.33012256120305716,0.05067582183570063,0.710920944241815
copy,loss,zero,10600,3,0.3520582634613311,0.3045592877312006,0.04749897573013051,0.6566175511925317
copy,loss,zero,10700,3,0.20784373882794172,0.24583151060546368,-0.03798777177752197,0.4536752494334054
copy,loss,zero,10800,3,0.23139325276161493,0.220985709975925,0.010407542785689922,0.45237896273753997
copy,loss,zero,10900,3,0.19014775502936876,0.271290123569082,-0.08114236853971324,0.46143787859845076
copy,loss,zero,11000,3,0.18289507764750246,0.2812237664703895,-0.09832868882288703,0.46411884411789195
copy,loss,zero,11100,3,0.18207264297556927,0.25786927474071575,-0.07579663176514648,0.439941917716285
copy,loss,zero,11200,3,0.17889863525697366,0.2577318843576202,-0.07883324910064651,0.43663051961459387
copy,loss,zero,11300,3,0.173526866146179,0.27921978122225194,-0.10569291507607295,0.45274664736843095
copy,loss,zero,11400,3,0.1519414766499176,0.25528163057910985,-0.10334015392919224,0.40722310722902744
copy,loss,zero,11500,3,0.19458080467751793,0.26530689528324986,-0.07072609060573193,0.4598876999607678
copy,loss,zero,11600,3,0.1567969360694163,0.2659446258604535,-0.10914768979103717,0.4227415619298698
copy,loss,zero,11700,3,0.14436456526427266,0.2461597654675582,-0.10179520020328553,0.39052433073183085
copy,loss,zero,11800,3,0.15245328281740209,0.2567953915002161,-0.10434210868281399,0.40924867431761813
copy,loss,zero,11900,3,0.15576219793601467,0.2659940105383217,-0.11023181260230705,0.42175620847433637
copy,loss,zero,12000,3,0.15588393448146312,0.2663065666779598,-0.1104226321964967,0.4221905011594229
copy,loss,zero,12100,3,0.17396276802716937,0.24957217076340316,-0.07560940273623379,0.4235349387905725
copy,loss,zero,12200,3,0.16612101605749255,0.2743597146319375,-0.10823869857444493,0.44048073068943006
copy,loss,zero,12300,3,0.1603709335442515,0.24476499533575288,-0.08439406179150138,0.4051359288800044
copy,loss,zero,12400,3,0.19499914958895184,0.25476594924139234,-0.0597667996524405,0.4497650988303442
copy,loss,zero,12500,3,0.15930623484554265,0.2732561836213029,-0.11394994877576023,0.4325624184668455
copy,loss,zero,12600,3,0.17606970182892687,0.2610784244332888,-0.08500872260436196,0.43714812626221566
copy,loss,zero,12700,3,0.16261850425253216,0.2748062385306291,-0.11218773427809692,0.43742474278316124
copy,loss,zero,12800,3,0.15922344095471014,0.2621790248850924,-0.10295558393038229,0.42140246583980256
copy,loss,zero,12900,3,0.16409773952924298,0.25737748464844756,-0.09327974511920459,0.42147522417769057
copy,loss,zero,13000,3,0.16134675873629173,0.2675876757419531,-0.10624091700566135,0.4289344344782448
copy,loss,zero,13100,3,0.17742079522069618,0.25894002216229806,-0.08151922694160188,0.43636081738299426
copy,loss,zero,13200,3,0.15567970585390187,0.2625717790044548,-0.10689207315055291,0.4182514848583566
copy,loss,zero,13300,3,0.16132214350629814,0.27624506254085557,-0.11492291903455742,0.4375672060471537
copy,loss,zero,13400,3,0.1624803769276029,0.24880959308497694,-0.08632921615737404,0.41128997001257983
copy,loss,zero,13500,3,0.1743723903535268,0.24506143515688208,-0.07068904480335528,0.41943382551040886
copy,loss,zero,13600,3,0.19013691649369624,0.23848621021479266,-0.04834929372109642,0.4286231267084889
copy,loss,zero,13700,3,0.136071651993866,0.2349371270081283,-0.0988654750142623,0.3710087790019943
copy,loss,zero,13800,3,0.14755000981617286,0.2432749863845109,-0.09572497656833803,0.3908249962006838
copy,loss,zero,13900,3,0.15645832427982212,0.2647378346190075,-0.1082795103391854,0.42119615889882966
copy,loss,zero,14000,3,0.15762744179845944,0.21720451585418898,-0.05957707405572954,0.37483195765264843
copy,loss,zero,14100,3,0.1495723111538147,0.25290655983189697,-0.10333424867808227,0.40247887098571167
copy,loss,zero,14200,3,0.14649474029367185,0.25335621633577055,-0.1068614760420987,0.39985095662944237
copy,loss,zero,14300,3,0.1620368458409962,0.24499778501176422,-0.08296093917076802,0.4070346308527604
copy,loss,zero,14400,3,0.22799553600366684,0.1865793783247426,0.04141615767892423,0.4145749143284094
copy,loss,zero,14500,3,0.162313947914469,0.2745643379040641,-0.1122503899895951,0.43687828581853305
copy,loss,zero,14600,3,0.31204603126938996,0.2730221719899053,0.03902385927948465,0.5850682032592953
copy,loss,zero,14700,3,0.2164671205294053,0.20759321756649401,0.008873902962911295,0.4240603380958993
copy,loss,zero,14800,3,0.18173161254764034,0.21695131702206605,-0.03521970447442571,0.3986829295697064
copy,loss,zero,14900,3,0.2142212416250694,0.2145180862307385,-0.0002968446056691165,0.42873932785580793
copy,loss,zero,15000,3,0.19792444248002616,0.20202720023297285,-0.00410275775294669,0.399951642712999
copy,loss,zero,15100,3,0.12782108491226155,0.2127371128711983,-0.08491602795893674,0.34055819778345986
copy,loss,zero,15200,3,0.1356955199110265,0.22795392180090185,-0.09225840188987536,0.36364944171192837
copy,loss,zero,15300,3,0.13165958951768894,0.22619433282112741,-0.09453474330343847,0.35785392233881635
copy,loss,zero,15400,3,0.13588644351025927,0.21795756899014132,-0.08207112547988205,0.3538440125004006
copy,loss,zero,15500,3,0.2832560122425936,0.2471550587746822,0.03610095346791142,0.5304110710172758
copy,loss,zero,15600,3,0.20465428401693317,0.19055465906051938,0.014099624956413787,0.3952089430774526
copy,loss,zero,15700,3,0.3413483641615494,0.2634022857612405,0.07794607840030893,0.6047506499227899
copy,loss,zero,15800,3,0.3386822583733154,0.17486829734257972,0.16381396103073567,0.5135505557158951
copy,loss,zero,15900,3,0.23679551141162544,0.20031559755695746,0.03647991385466798,0.4371111089685829
copy,loss,zero,16000,3,0.1460710569908118,0.18028708485095302,-0.03421602786014122,0.3263581418417648
copy,loss,zero,16100,3,0.2089983600730102,0.14027545697175067,0.06872290310125953,0.3492738170447609
copy,loss,zero,16200,3,0.11056338366894579,0.1905436382750261,-0.07998025460608031,0.3011070219439719
copy,loss,zero,16300,3,0.09663336414049961,0.1665968696983452,-0.06996350555784558,0.2632302338388448
copy,loss,zero,16400,3,0.07869698760531264,0.1354356085798531,-0.05673862097454045,0.21413259618516572
copy,loss,zero,16500,3,0.08005673722640684,0.1384992408023678,-0.058442503575960966,0.21855597802877463
copy,loss,zero,16600,3,0.0706609757195262,0.1114031328257382,-0.040742157106212,0.1820641085452644
copy,loss,zero,16700,3,0.1467582507431422,0.1312956651238816,0.015462585619260588,0.27805391586702377
copy,loss,zero,16800,3,0.0703736949428416,0.12026036557311101,-0.049886670630269414,0.1906340605159526
copy,loss,zero,16900,3,0.36991534302733303,0.5154474486986328,-0.14553210567129976,0.8853627917259659
copy,loss,zero,17000,3,0.3541338214066854,0.4815093787989603,-0.12737555739227485,0.8356432002056458
copy,loss,zero,17100,3,0.25871941086982736,0.3799328137760443,-0.12121340290621696,0.6386522246458717
copy,loss,zero,17200,3,0.2339049911882997,0.3501880234799166,-0.11628303229161693,0.5840930146682163
copy,loss,zero,17300,3,0.21973962149573065,0.32792700168235417,-0.10818738018662352,0.5476666231780848
copy,loss,zero,17400,3,0.04163715635746106,0.04491735276090468,-0.003280196403443618,0.08655450911836574
copy,loss,zero,17500,3,0.04797255692807947,0.0241371420707145,0.023835414857364966,0.07210969899879396
copy,loss,zero,17600,3,0.23312931629580058,0.2558380863551375,-0.022708770059336914,0.4889674026509381
copy,loss,zero,17700,3,0.25039661084220105,0.400004458068146,-0.14960784722594495,0.650401068910347
copy,loss,zero,17800,3,0.2094321741791517,0.329563009976195,-0.12013083579704328,0.5389951841553466
copy,loss,zero,17900,3,0.17764520991659236,0.20910022505905315,-0.031455015142460796,0.3867454349756455
copy,loss,zero,18000,3,0.013541754971001865,0.012552922532411434,0.0009888324385904316,0.0260946775034133
copy,loss,zero,18100,3,0.2554220934922819,0.4313551370128399,-0.175933043520558,0.6867772305051218
copy,loss,zero,18200,3,0.22395466098344516,0.3548543466274083,-0.13089968564396312,0.5788090076108534
copy,loss,zero,18300,3,0.1918036677102168,0.2735059200044121,-0.08170225229419528,0.46530958771462894
copy,loss,zero,18400,3,0.1254136828997031,0.1897805386660812,-0.0643668557663781,0.31519422156578425
copy,loss,zero,18500,3,0.05267016679529812,0.08525935802532074,-0.032589191230022616,0.13792952482061888
copy,loss,zero,18600,3,0.10257641509099946,0.13475905807220598,-0.032182642981206516,0.23733547316320544
copy,loss,zero,18700,3,0.04692090676439875,0.03666008765841716,0.010260819105981589,0.08358099442281591
copy,loss,zero,18800,3,0.023490845191820996,0.03623100557037788,-0.012740160378556884,0.05972185076219888
copy,loss,zero,18900,3,0.0025172000133513468,0.002310417027268579,0.00020678298608276793,0.004827617040619925
copy,loss,zero,19000,3,0.0018581849525620934,0.001574610461386325,0.00028357449117576844,0.0034327954139484183
copy,loss,zero,19100,3,0.014877478103865797,0.023208190938100153,-0.008330712834234356,0.03808566904196595
copy,loss,zero,19200,3,0.12538719007604668,0.1873760617024738,-0.06198887162642713,0.3127632517785205
copy,loss,zero,19300,3,0.3861551574761621,0.6663447656697163,-0.28018960819355426,1.0524999231458785
copy,loss,zero,19400,3,0.2438860688761042,0.4210734418266628,-0.17718737295055859,0.664959510702767
copy,loss,zero,19500,3,0.24911259306432268,0.39558884440737074,-0.14647625134304806,0.6447014374716934
copy,loss,zero,19600,3,0.1657318882484795,0.28544886399979946,-0.11971697575131995,0.45118075224827897
copy,loss,zero,19700,3,0.03377683961342768,0.05659071401543699,-0.022813874402009313,0.09036755362886467
copy,loss,zero,19800,3,0.023105276736746796,0.01803018984460842,0.0050750868921383765,0.041135466581355216
copy,loss,zero,19900,3,0.0013532609812602913,0.0019608126664791554,-0.0006075516852188641,0.003314073647739447
copy,loss,zero,20000,3,0.0005336396348991458,0.0008286883883172947,-0.00029504875341814895,0.0013623280232164404
