[2026-07-16 22:12:19,502] [INFO] [__main__] Using seed=1001
[2026-07-16 22:12:20,315] [INFO] [__main__] Training for the **copy** task
[2026-07-16 22:12:20,315] [INFO] [__main__] CopyTaskParams(name='copy-task', controller_size=100, controller_layers=1, num_heads=1, sequence_width=8, sequence_min_len=5, sequence_max_len=5, memory_n=128, memory_m=20, num_batches=5000, batch_size=1, rmsprop_lr=0.0001, rmsprop_momentum=0.9, rmsprop_alpha=0.95, advice_type='combined', advice_size=16, advice_strength=1.0, advice_random_seed=1729)
[2026-07-16 22:12:23,295] [INFO] [__main__] Total number of parameters: 69260
[2026-07-16 22:12:23,297] [INFO] [__main__] Training model for 5000 batches (batch_size=1)...

[                                        ]: 1 (Loss: 0.7078)
[                                        ]: 2 (Loss: 0.7248)
[=                                       ]: 3 (Loss: 0.6977)
[=                                       ]: 4 (Loss: 0.6798)
[==                                      ]: 5 (Loss: 0.6788)
[==                                      ]: 6 (Loss: 0.7237)
[==                                      ]: 7 (Loss: 0.6873)
[===                                     ]: 8 (Loss: 0.7302)
[===                                     ]: 9 (Loss: 0.7096)
[====                                    ]: 10 (Loss: 0.6633)
[====                                    ]: 11 (Loss: 0.6923)
[====                                    ]: 12 (Loss: 0.6816)
[=====                                   ]: 13 (Loss: 0.6840)
[=====                                   ]: 14 (Loss: 0.7083)
[======                                  ]: 15 (Loss: 0.6937)
[======                                  ]: 16 (Loss: 0.7156)
[======                                  ]: 17 (Loss: 0.6944)
[=======                                 ]: 18 (Loss: 0.7067)
[=======                                 ]: 19 (Loss: 0.7074)
[========                                ]: 20 (Loss: 0.6906)
[========                                ]: 21 (Loss: 0.7170)
[========                                ]: 22 (Loss: 0.6683)
[=========                               ]: 23 (Loss: 0.7030)
[=========                               ]: 24 (Loss: 0.6843)
[==========                              ]: 25 (Loss: 0.6956)
[==========                              ]: 26 (Loss: 0.6827)
[==========                              ]: 27 (Loss: 0.6913)
[===========                             ]: 28 (Loss: 0.6955)
[===========                             ]: 29 (Loss: 0.6925)
[============                            ]: 30 (Loss: 0.7068)
[============                            ]: 31 (Loss: 0.6989)
[============                            ]: 32 (Loss: 0.6937)
[=============                           ]: 33 (Loss: 0.6974)
[=============                           ]: 34 (Loss: 0.6951)
[==============                          ]: 35 (Loss: 0.7098)
[==============                          ]: 36 (Loss: 0.6986)
[==============                          ]: 37 (Loss: 0.6974)
[===============                         ]: 38 (Loss: 0.7088)
[===============                         ]: 39 (Loss: 0.6791)
[================                        ]: 40 (Loss: 0.6651)
[================                        ]: 41 (Loss: 0.6725)
[================                        ]: 42 (Loss: 0.7139)
[=================                       ]: 43 (Loss: 0.6869)
[=================                       ]: 44 (Loss: 0.6934)
[==================                      ]: 45 (Loss: 0.6910)
[==================                      ]: 46 (Loss: 0.7009)
[==================                      ]: 47 (Loss: 0.7208)
[===================                     ]: 48 (Loss: 0.6740)
[===================                     ]: 49 (Loss: 0.6740)
[====================                    ]: 50 (Loss: 0.6874)
[====================                    ]: 51 (Loss: 0.6887)
[====================                    ]: 52 (Loss: 0.6818)
[=====================                   ]: 53 (Loss: 0.6598)
[=====================                   ]: 54 (Loss: 0.6711)
[======================                  ]: 55 (Loss: 0.6763)
[======================                  ]: 56 (Loss: 0.6763)
[======================                  ]: 57 (Loss: 0.6827)
[=======================                 ]: 58 (Loss: 0.6924)
[=======================                 ]: 59 (Loss: 0.6745)
[========================                ]: 60 (Loss: 0.6773)
[========================                ]: 61 (Loss: 0.7078)
[========================                ]: 62 (Loss: 0.6527)
[=========================               ]: 63 (Loss: 0.6230)
[=========================               ]: 64 (Loss: 0.6806)
[==========================              ]: 65 (Loss: 0.6894)
[==========================              ]: 66 (Loss: 0.6520)
[==========================              ]: 67 (Loss: 0.6864)
[===========================             ]: 68 (Loss: 0.7044)
[===========================             ]: 69 (Loss: 0.7202)
[============================            ]: 70 (Loss: 0.6706)
[============================            ]: 71 (Loss: 0.6840)
[============================            ]: 72 (Loss: 0.6758)
[=============================           ]: 73 (Loss: 0.6708)
[=============================           ]: 74 (Loss: 0.6617)
[==============================          ]: 75 (Loss: 0.7111)
[==============================          ]: 76 (Loss: 0.6997)
[==============================          ]: 77 (Loss: 0.6901)
[===============================         ]: 78 (Loss: 0.6732)
[===============================         ]: 79 (Loss: 0.6575)
[================================        ]: 80 (Loss: 0.6485)
[================================        ]: 81 (Loss: 0.6788)
[================================        ]: 82 (Loss: 0.6924)
[=================================       ]: 83 (Loss: 0.6809)
[=================================       ]: 84 (Loss: 0.6681)
[==================================      ]: 85 (Loss: 0.6710)
[==================================      ]: 86 (Loss: 0.6851)
[==================================      ]: 87 (Loss: 0.6758)
[===================================     ]: 88 (Loss: 0.6810)
[===================================     ]: 89 (Loss: 0.6580)
[====================================    ]: 90 (Loss: 0.6863)
[====================================    ]: 91 (Loss: 0.6863)
[====================================    ]: 92 (Loss: 0.6506)
[=====================================   ]: 93 (Loss: 0.6757)
[=====================================   ]: 94 (Loss: 0.6888)
[======================================  ]: 95 (Loss: 0.6625)
[======================================  ]: 96 (Loss: 0.6971)
[======================================  ]: 97 (Loss: 0.6760)
[======================================= ]: 98 (Loss: 0.6782)
[======================================= ]: 99 (Loss: 0.6596)
[========================================]: 100 (Loss: 0.6200)
                                                                                                    
[2026-07-16 22:12:31,788] [INFO] [__main__] Batch 100 Loss: 0.685863 Cost: 18.06 Time: 84 ms/sequence
[2026-07-16 22:12:31,788] [INFO] [__main__] Advice weight norm: 19.063736 | Advice gradient norm: 0.159717

[                                        ]: 101 (Loss: 0.6682)
[                                        ]: 102 (Loss: 0.6521)
[=                                       ]: 103 (Loss: 0.7070)
[=                                       ]: 104 (Loss: 0.6644)
[==                                      ]: 105 (Loss: 0.6662)
[==                                      ]: 106 (Loss: 0.6294)
[==                                      ]: 107 (Loss: 0.6343)
[===                                     ]: 108 (Loss: 0.7009)
[===                                     ]: 109 (Loss: 0.6694)
[====                                    ]: 110 (Loss: 0.6819)
[====                                    ]: 111 (Loss: 0.6405)
[====                                    ]: 112 (Loss: 0.6833)
[=====                                   ]: 113 (Loss: 0.6129)
[=====                                   ]: 114 (Loss: 0.6644)
[======                                  ]: 115 (Loss: 0.7002)
[======                                  ]: 116 (Loss: 0.6567)
[======                                  ]: 117 (Loss: 0.6889)
[=======                                 ]: 118 (Loss: 0.6736)
[=======                                 ]: 119 (Loss: 0.6924)
[========                                ]: 120 (Loss: 0.6759)
[========                                ]: 121 (Loss: 0.6935)
[========                                ]: 122 (Loss: 0.6805)
[=========                               ]: 123 (Loss: 0.6662)
[=========                               ]: 124 (Loss: 0.6871)
[==========                              ]: 125 (Loss: 0.6770)
[==========                              ]: 126 (Loss: 0.6607)
[==========                              ]: 127 (Loss: 0.6415)
[===========                             ]: 128 (Loss: 0.6718)
[===========                             ]: 129 (Loss: 0.6717)
[============                            ]: 130 (Loss: 0.6165)
[============                            ]: 131 (Loss: 0.6390)
[============                            ]: 132 (Loss: 0.6469)
[=============                           ]: 133 (Loss: 0.6696)
[=============                           ]: 134 (Loss: 0.6230)
[==============                          ]: 135 (Loss: 0.6657)
[==============                          ]: 136 (Loss: 0.6396)
[==============                          ]: 137 (Loss: 0.6729)
[===============                         ]: 138 (Loss: 0.6752)
[===============                         ]: 139 (Loss: 0.6503)
[================                        ]: 140 (Loss: 0.6657)
[================                        ]: 141 (Loss: 0.6568)
[================                        ]: 142 (Loss: 0.6231)
[=================                       ]: 143 (Loss: 0.6510)
[=================                       ]: 144 (Loss: 0.6672)
[==================                      ]: 145 (Loss: 0.6726)
[==================                      ]: 146 (Loss: 0.6773)
[==================                      ]: 147 (Loss: 0.6640)
[===================                     ]: 148 (Loss: 0.6578)
[===================                     ]: 149 (Loss: 0.6300)
[====================                    ]: 150 (Loss: 0.6432)
[====================                    ]: 151 (Loss: 0.6371)
[====================                    ]: 152 (Loss: 0.6558)
[=====================                   ]: 153 (Loss: 0.6284)
[=====================                   ]: 154 (Loss: 0.6694)
[======================                  ]: 155 (Loss: 0.6686)
[======================                  ]: 156 (Loss: 0.6609)
[======================                  ]: 157 (Loss: 0.6264)
[=======================                 ]: 158 (Loss: 0.6552)
[=======================                 ]: 159 (Loss: 0.6532)
[========================                ]: 160 (Loss: 0.6834)
[========================                ]: 161 (Loss: 0.6512)
[========================                ]: 162 (Loss: 0.6666)
[=========================               ]: 163 (Loss: 0.6508)
[=========================               ]: 164 (Loss: 0.6674)
[==========================              ]: 165 (Loss: 0.6604)
[==========================              ]: 166 (Loss: 0.6577)
[==========================              ]: 167 (Loss: 0.6161)
[===========================             ]: 168 (Loss: 0.6600)
[===========================             ]: 169 (Loss: 0.6596)
[============================            ]: 170 (Loss: 0.6371)
[============================            ]: 171 (Loss: 0.6784)
[============================            ]: 172 (Loss: 0.6035)
[=============================           ]: 173 (Loss: 0.6758)
[=============================           ]: 174 (Loss: 0.6763)
[==============================          ]: 175 (Loss: 0.6642)
[==============================          ]: 176 (Loss: 0.6664)
[==============================          ]: 177 (Loss: 0.6597)
[===============================         ]: 178 (Loss: 0.6294)
[===============================         ]: 179 (Loss: 0.6883)
[================================        ]: 180 (Loss: 0.5920)
[================================        ]: 181 (Loss: 0.6522)
[================================        ]: 182 (Loss: 0.6478)
[=================================       ]: 183 (Loss: 0.6421)
[=================================       ]: 184 (Loss: 0.6249)
[==================================      ]: 185 (Loss: 0.6160)
[==================================      ]: 186 (Loss: 0.6355)
[==================================      ]: 187 (Loss: 0.6880)
[===================================     ]: 188 (Loss: 0.6564)
[===================================     ]: 189 (Loss: 0.6202)
[====================================    ]: 190 (Loss: 0.6053)
[====================================    ]: 191 (Loss: 0.6469)
[====================================    ]: 192 (Loss: 0.6718)
[=====================================   ]: 193 (Loss: 0.6643)
[=====================================   ]: 194 (Loss: 0.6215)
[======================================  ]: 195 (Loss: 0.6241)
[======================================  ]: 196 (Loss: 0.6515)
[======================================  ]: 197 (Loss: 0.6973)
[======================================= ]: 198 (Loss: 0.6519)
[======================================= ]: 199 (Loss: 0.6460)
[========================================]: 200 (Loss: 0.6637)
                                                                                                    
[2026-07-16 22:12:40,242] [INFO] [__main__] Batch 200 Loss: 0.656463 Cost: 15.62 Time: 84 ms/sequence
[2026-07-16 22:12:40,243] [INFO] [__main__] Advice weight norm: 19.073843 | Advice gradient norm: 0.226168

[                                        ]: 201 (Loss: 0.6167)
[                                        ]: 202 (Loss: 0.6443)
[=                                       ]: 203 (Loss: 0.6346)
[=                                       ]: 204 (Loss: 0.6119)
[==                                      ]: 205 (Loss: 0.5964)
[==                                      ]: 206 (Loss: 0.5383)
[==                                      ]: 207 (Loss: 0.6211)
[===                                     ]: 208 (Loss: 0.6735)
[===                                     ]: 209 (Loss: 0.6463)
[====                                    ]: 210 (Loss: 0.5520)
[====                                    ]: 211 (Loss: 0.6085)
[====                                    ]: 212 (Loss: 0.5880)
[=====                                   ]: 213 (Loss: 0.6230)
[=====                                   ]: 214 (Loss: 0.6355)
[======                                  ]: 215 (Loss: 0.5616)
[======                                  ]: 216 (Loss: 0.6758)
[======                                  ]: 217 (Loss: 0.6876)
[=======                                 ]: 218 (Loss: 0.6244)
[=======                                 ]: 219 (Loss: 0.6831)
[========                                ]: 220 (Loss: 0.6315)
[========                                ]: 221 (Loss: 0.6571)
[========                                ]: 222 (Loss: 0.6808)
[=========                               ]: 223 (Loss: 0.6607)
[=========                               ]: 224 (Loss: 0.6070)
[==========                              ]: 225 (Loss: 0.6707)
[==========                              ]: 226 (Loss: 0.6386)
[==========                              ]: 227 (Loss: 0.5656)
[===========                             ]: 228 (Loss: 0.6327)
[===========                             ]: 229 (Loss: 0.5938)
[============                            ]: 230 (Loss: 0.6356)
[============                            ]: 231 (Loss: 0.6235)
[============                            ]: 232 (Loss: 0.6684)
[=============                           ]: 233 (Loss: 0.6274)
[=============                           ]: 234 (Loss: 0.5587)
[==============                          ]: 235 (Loss: 0.6216)
[==============                          ]: 236 (Loss: 0.6561)
[==============                          ]: 237 (Loss: 0.6746)
[===============                         ]: 238 (Loss: 0.6353)
[===============                         ]: 239 (Loss: 0.6746)
[================                        ]: 240 (Loss: 0.6035)
[================                        ]: 241 (Loss: 0.6567)
[================                        ]: 242 (Loss: 0.5578)
[=================                       ]: 243 (Loss: 0.6278)
[=================                       ]: 244 (Loss: 0.6892)
[==================                      ]: 245 (Loss: 0.6208)
[==================                      ]: 246 (Loss: 0.6411)
[==================                      ]: 247 (Loss: 0.6317)
[===================                     ]: 248 (Loss: 0.6467)
[===================                     ]: 249 (Loss: 0.5872)
[====================                    ]: 250 (Loss: 0.6709)
[====================                    ]: 251 (Loss: 0.6405)
[====================                    ]: 252 (Loss: 0.6002)
[=====================                   ]: 253 (Loss: 0.6309)
[=====================                   ]: 254 (Loss: 0.6434)
[======================                  ]: 255 (Loss: 0.6425)
[======================                  ]: 256 (Loss: 0.6297)
[======================                  ]: 257 (Loss: 0.6204)
[=======================                 ]: 258 (Loss: 0.6084)
[=======================                 ]: 259 (Loss: 0.6758)
[========================                ]: 260 (Loss: 0.6300)
[========================                ]: 261 (Loss: 0.5760)
[========================                ]: 262 (Loss: 0.5954)
[=========================               ]: 263 (Loss: 0.6381)
[=========================               ]: 264 (Loss: 0.6182)
[==========================              ]: 265 (Loss: 0.6150)
[==========================              ]: 266 (Loss: 0.6608)
[==========================              ]: 267 (Loss: 0.6508)
[===========================             ]: 268 (Loss: 0.6162)
[===========================             ]: 269 (Loss: 0.5784)
[============================            ]: 270 (Loss: 0.6251)
[============================            ]: 271 (Loss: 0.6716)
[============================            ]: 272 (Loss: 0.6337)
[=============================           ]: 273 (Loss: 0.6778)
[=============================           ]: 274 (Loss: 0.6302)
[==============================          ]: 275 (Loss: 0.6380)
[==============================          ]: 276 (Loss: 0.5984)
[==============================          ]: 277 (Loss: 0.6018)
[===============================         ]: 278 (Loss: 0.6881)
[===============================         ]: 279 (Loss: 0.5868)
[================================        ]: 280 (Loss: 0.5776)
[================================        ]: 281 (Loss: 0.5932)
[================================        ]: 282 (Loss: 0.6213)
[=================================       ]: 283 (Loss: 0.6654)
[=================================       ]: 284 (Loss: 0.5791)
[==================================      ]: 285 (Loss: 0.6386)
[==================================      ]: 286 (Loss: 0.6193)
[==================================      ]: 287 (Loss: 0.6429)
[===================================     ]: 288 (Loss: 0.6383)
[===================================     ]: 289 (Loss: 0.6262)
[====================================    ]: 290 (Loss: 0.6079)
[====================================    ]: 291 (Loss: 0.6560)
[====================================    ]: 292 (Loss: 0.6306)
[=====================================   ]: 293 (Loss: 0.6245)
[=====================================   ]: 294 (Loss: 0.6052)
[======================================  ]: 295 (Loss: 0.5923)
[======================================  ]: 296 (Loss: 0.6147)
[======================================  ]: 297 (Loss: 0.5939)
[======================================= ]: 298 (Loss: 0.5988)
[======================================= ]: 299 (Loss: 0.6204)
[========================================]: 300 (Loss: 0.6219)
                                                                                                    
[2026-07-16 22:12:48,206] [INFO] [__main__] Batch 300 Loss: 0.626603 Cost: 13.77 Time: 79 ms/sequence
[2026-07-16 22:12:48,206] [INFO] [__main__] Advice weight norm: 19.082191 | Advice gradient norm: 0.214626

[                                        ]: 301 (Loss: 0.6272)
[                                        ]: 302 (Loss: 0.6606)
[=                                       ]: 303 (Loss: 0.6260)
[=                                       ]: 304 (Loss: 0.6362)
[==                                      ]: 305 (Loss: 0.6556)
[==                                      ]: 306 (Loss: 0.6381)
[==                                      ]: 307 (Loss: 0.6296)
[===                                     ]: 308 (Loss: 0.6396)
[===                                     ]: 309 (Loss: 0.6218)
[====                                    ]: 310 (Loss: 0.6470)
[====                                    ]: 311 (Loss: 0.6074)
[====                                    ]: 312 (Loss: 0.5947)
[=====                                   ]: 313 (Loss: 0.5990)
[=====                                   ]: 314 (Loss: 0.6297)
[======                                  ]: 315 (Loss: 0.6012)
[======                                  ]: 316 (Loss: 0.5859)
[======                                  ]: 317 (Loss: 0.6596)
[=======                                 ]: 318 (Loss: 0.5842)
[=======                                 ]: 319 (Loss: 0.6555)
[========                                ]: 320 (Loss: 0.6096)
[========                                ]: 321 (Loss: 0.6588)
[========                                ]: 322 (Loss: 0.6409)
[=========                               ]: 323 (Loss: 0.6881)
[=========                               ]: 324 (Loss: 0.5817)
[==========                              ]: 325 (Loss: 0.5817)
[==========                              ]: 326 (Loss: 0.6278)
[==========                              ]: 327 (Loss: 0.5945)
[===========                             ]: 328 (Loss: 0.5955)
[===========                             ]: 329 (Loss: 0.6388)
[============                            ]: 330 (Loss: 0.6396)
[============                            ]: 331 (Loss: 0.5832)
[============                            ]: 332 (Loss: 0.6325)
[=============                           ]: 333 (Loss: 0.5575)
[=============                           ]: 334 (Loss: 0.6170)
[==============                          ]: 335 (Loss: 0.5891)
[==============                          ]: 336 (Loss: 0.5583)
[==============                          ]: 337 (Loss: 0.6362)
[===============                         ]: 338 (Loss: 0.6366)
[===============                         ]: 339 (Loss: 0.6987)
[================                        ]: 340 (Loss: 0.6960)
[================                        ]: 341 (Loss: 0.5892)
[================                        ]: 342 (Loss: 0.5691)
[=================                       ]: 343 (Loss: 0.5518)
[=================                       ]: 344 (Loss: 0.6097)
[==================                      ]: 345 (Loss: 0.6435)
[==================                      ]: 346 (Loss: 0.5999)
[==================                      ]: 347 (Loss: 0.6118)
[===================                     ]: 348 (Loss: 0.6374)
[===================                     ]: 349 (Loss: 0.6054)
[====================                    ]: 350 (Loss: 0.6560)
[====================                    ]: 351 (Loss: 0.6155)
[====================                    ]: 352 (Loss: 0.6469)
[=====================                   ]: 353 (Loss: 0.6218)
[=====================                   ]: 354 (Loss: 0.6177)
[======================                  ]: 355 (Loss: 0.6214)
[======================                  ]: 356 (Loss: 0.6212)
[======================                  ]: 357 (Loss: 0.5587)
[=======================                 ]: 358 (Loss: 0.6060)
[=======================                 ]: 359 (Loss: 0.6053)
[========================                ]: 360 (Loss: 0.6128)
[========================                ]: 361 (Loss: 0.6211)
[========================                ]: 362 (Loss: 0.5846)
[=========================               ]: 363 (Loss: 0.6016)
[=========================               ]: 364 (Loss: 0.6078)
[==========================              ]: 365 (Loss: 0.5820)
[==========================              ]: 366 (Loss: 0.5177)
[==========================              ]: 367 (Loss: 0.6340)
[===========================             ]: 368 (Loss: 0.5293)
[===========================             ]: 369 (Loss: 0.5943)
[============================            ]: 370 (Loss: 0.5428)
[============================            ]: 371 (Loss: 0.5414)
[============================            ]: 372 (Loss: 0.5128)
[=============================           ]: 373 (Loss: 0.5501)
[=============================           ]: 374 (Loss: 0.5699)
[==============================          ]: 375 (Loss: 0.6174)
[==============================          ]: 376 (Loss: 0.6755)
[==============================          ]: 377 (Loss: 0.6298)
[===============================         ]: 378 (Loss: 0.6069)
[===============================         ]: 379 (Loss: 0.5895)
[================================        ]: 380 (Loss: 0.6410)
[================================        ]: 381 (Loss: 0.6177)
[================================        ]: 382 (Loss: 0.6615)
[=================================       ]: 383 (Loss: 0.6392)
[=================================       ]: 384 (Loss: 0.5701)
[==================================      ]: 385 (Loss: 0.5906)
[==================================      ]: 386 (Loss: 0.5372)
[==================================      ]: 387 (Loss: 0.6511)
[===================================     ]: 388 (Loss: 0.6444)
[===================================     ]: 389 (Loss: 0.6062)
[====================================    ]: 390 (Loss: 0.5417)
[====================================    ]: 391 (Loss: 0.5610)
[====================================    ]: 392 (Loss: 0.5954)
[=====================================   ]: 393 (Loss: 0.5536)
[=====================================   ]: 394 (Loss: 0.5927)
[======================================  ]: 395 (Loss: 0.6307)
[======================================  ]: 396 (Loss: 0.6359)
[======================================  ]: 397 (Loss: 0.6226)
[======================================= ]: 398 (Loss: 0.5668)
[======================================= ]: 399 (Loss: 0.5398)
[========================================]: 400 (Loss: 0.6070)
                                                                                                    
[2026-07-16 22:12:56,648] [INFO] [__main__] Batch 400 Loss: 0.608766 Cost: 13.18 Time: 84 ms/sequence
[2026-07-16 22:12:56,648] [INFO] [__main__] Advice weight norm: 19.081383 | Advice gradient norm: 0.387847

[                                        ]: 401 (Loss: 0.5671)
[                                        ]: 402 (Loss: 0.6200)
[=                                       ]: 403 (Loss: 0.5637)
[=                                       ]: 404 (Loss: 0.6827)
[==                                      ]: 405 (Loss: 0.5991)
[==                                      ]: 406 (Loss: 0.5746)
[==                                      ]: 407 (Loss: 0.6645)
[===                                     ]: 408 (Loss: 0.5900)
[===                                     ]: 409 (Loss: 0.5413)
[====                                    ]: 410 (Loss: 0.6048)
[====                                    ]: 411 (Loss: 0.6189)
[====                                    ]: 412 (Loss: 0.6509)
[=====                                   ]: 413 (Loss: 0.6612)
[=====                                   ]: 414 (Loss: 0.5828)
[======                                  ]: 415 (Loss: 0.6506)
[======                                  ]: 416 (Loss: 0.6324)
[======                                  ]: 417 (Loss: 0.6279)
[=======                                 ]: 418 (Loss: 0.5841)
[=======                                 ]: 419 (Loss: 0.5424)
[========                                ]: 420 (Loss: 0.6013)
[========                                ]: 421 (Loss: 0.6585)
[========                                ]: 422 (Loss: 0.6268)
[=========                               ]: 423 (Loss: 0.6401)
[=========                               ]: 424 (Loss: 0.6208)
[==========                              ]: 425 (Loss: 0.6034)
[==========                              ]: 426 (Loss: 0.6285)
[==========                              ]: 427 (Loss: 0.6027)
[===========                             ]: 428 (Loss: 0.6477)
[===========                             ]: 429 (Loss: 0.5572)
[============                            ]: 430 (Loss: 0.6631)
[============                            ]: 431 (Loss: 0.6365)
[============                            ]: 432 (Loss: 0.5957)
[=============                           ]: 433 (Loss: 0.6065)
[=============                           ]: 434 (Loss: 0.5780)
[==============                          ]: 435 (Loss: 0.6234)
[==============                          ]: 436 (Loss: 0.6066)
[==============                          ]: 437 (Loss: 0.6264)
[===============                         ]: 438 (Loss: 0.5450)
[===============                         ]: 439 (Loss: 0.5956)
[================                        ]: 440 (Loss: 0.5809)
[================                        ]: 441 (Loss: 0.6300)
[================                        ]: 442 (Loss: 0.6617)
[=================                       ]: 443 (Loss: 0.5940)
[=================                       ]: 444 (Loss: 0.5595)
[==================                      ]: 445 (Loss: 0.5284)
[==================                      ]: 446 (Loss: 0.5532)
[==================                      ]: 447 (Loss: 0.5161)
[===================                     ]: 448 (Loss: 0.6439)
[===================                     ]: 449 (Loss: 0.6501)
[====================                    ]: 450 (Loss: 0.5842)
[====================                    ]: 451 (Loss: 0.5546)
[====================                    ]: 452 (Loss: 0.5815)
[=====================                   ]: 453 (Loss: 0.6477)
[=====================                   ]: 454 (Loss: 0.5895)
[======================                  ]: 455 (Loss: 0.5862)
[======================                  ]: 456 (Loss: 0.7010)
[======================                  ]: 457 (Loss: 0.6074)
[=======================                 ]: 458 (Loss: 0.5485)
[=======================                 ]: 459 (Loss: 0.5487)
[========================                ]: 460 (Loss: 0.5489)
[========================                ]: 461 (Loss: 0.6396)
[========================                ]: 462 (Loss: 0.5521)
[=========================               ]: 463 (Loss: 0.6237)
[=========================               ]: 464 (Loss: 0.4688)
[==========================              ]: 465 (Loss: 0.6213)
[==========================              ]: 466 (Loss: 0.6050)
[==========================              ]: 467 (Loss: 0.5752)
[===========================             ]: 468 (Loss: 0.5867)
[===========================             ]: 469 (Loss: 0.5660)
[============================            ]: 470 (Loss: 0.5732)
[============================            ]: 471 (Loss: 0.5608)
[============================            ]: 472 (Loss: 0.6232)
[=============================           ]: 473 (Loss: 0.6379)
[=============================           ]: 474 (Loss: 0.5932)
[==============================          ]: 475 (Loss: 0.5562)
[==============================          ]: 476 (Loss: 0.6589)
[==============================          ]: 477 (Loss: 0.6003)
[===============================         ]: 478 (Loss: 0.6652)
[===============================         ]: 479 (Loss: 0.6063)
[================================        ]: 480 (Loss: 0.6298)
[================================        ]: 481 (Loss: 0.6203)
[================================        ]: 482 (Loss: 0.5785)
[=================================       ]: 483 (Loss: 0.6798)
[=================================       ]: 484 (Loss: 0.5227)
[==================================      ]: 485 (Loss: 0.5362)
[==================================      ]: 486 (Loss: 0.5560)
[==================================      ]: 487 (Loss: 0.5402)
[===================================     ]: 488 (Loss: 0.5738)
[===================================     ]: 489 (Loss: 0.5830)
[====================================    ]: 490 (Loss: 0.6374)
[====================================    ]: 491 (Loss: 0.6512)
[====================================    ]: 492 (Loss: 0.5872)
[=====================================   ]: 493 (Loss: 0.6164)
[=====================================   ]: 494 (Loss: 0.6055)
[======================================  ]: 495 (Loss: 0.5652)
[======================================  ]: 496 (Loss: 0.6214)
[======================================  ]: 497 (Loss: 0.6173)
[======================================= ]: 498 (Loss: 0.6360)
[======================================= ]: 499 (Loss: 0.6160)
[========================================]: 500 (Loss: 0.6400)
                                                                                                    
[2026-07-16 22:13:04,791] [INFO] [__main__] Batch 500 Loss: 0.601665 Cost: 12.89 Time: 81 ms/sequence
[2026-07-16 22:13:04,791] [INFO] [__main__] Advice weight norm: 19.090137 | Advice gradient norm: 0.270848

[                                        ]: 501 (Loss: 0.6592)
[                                        ]: 502 (Loss: 0.6542)
[=                                       ]: 503 (Loss: 0.5845)
[=                                       ]: 504 (Loss: 0.5643)
[==                                      ]: 505 (Loss: 0.5936)
[==                                      ]: 506 (Loss: 0.5673)
[==                                      ]: 507 (Loss: 0.4905)
[===                                     ]: 508 (Loss: 0.5705)
[===                                     ]: 509 (Loss: 0.6633)
[====                                    ]: 510 (Loss: 0.6252)
[====                                    ]: 511 (Loss: 0.6367)
[====                                    ]: 512 (Loss: 0.6260)
[=====                                   ]: 513 (Loss: 0.6914)
[=====                                   ]: 514 (Loss: 0.6274)
[======                                  ]: 515 (Loss: 0.5568)
[======                                  ]: 516 (Loss: 0.5477)
[======                                  ]: 517 (Loss: 0.5927)
[=======                                 ]: 518 (Loss: 0.6404)
[=======                                 ]: 519 (Loss: 0.6267)
[========                                ]: 520 (Loss: 0.6065)
[========                                ]: 521 (Loss: 0.5099)
[========                                ]: 522 (Loss: 0.6386)
[=========                               ]: 523 (Loss: 0.5827)
[=========                               ]: 524 (Loss: 0.6267)
[==========                              ]: 525 (Loss: 0.5598)
[==========                              ]: 526 (Loss: 0.6022)
[==========                              ]: 527 (Loss: 0.5168)
[===========                             ]: 528 (Loss: 0.5839)
[===========                             ]: 529 (Loss: 0.5458)
[============                            ]: 530 (Loss: 0.5957)
[============                            ]: 531 (Loss: 0.5987)
[============                            ]: 532 (Loss: 0.6677)
[=============                           ]: 533 (Loss: 0.5839)
[=============                           ]: 534 (Loss: 0.6088)
[==============                          ]: 535 (Loss: 0.5592)
[==============                          ]: 536 (Loss: 0.6312)
[==============                          ]: 537 (Loss: 0.5492)
[===============                         ]: 538 (Loss: 0.6072)
[===============                         ]: 539 (Loss: 0.5453)
[================                        ]: 540 (Loss: 0.6548)
[================                        ]: 541 (Loss: 0.6286)
[================                        ]: 542 (Loss: 0.6403)
[=================                       ]: 543 (Loss: 0.6156)
[=================                       ]: 544 (Loss: 0.6025)
[==================                      ]: 545 (Loss: 0.5923)
[==================                      ]: 546 (Loss: 0.6048)
[==================                      ]: 547 (Loss: 0.6113)
[===================                     ]: 548 (Loss: 0.5802)
[===================                     ]: 549 (Loss: 0.5087)
[====================                    ]: 550 (Loss: 0.5880)
[====================                    ]: 551 (Loss: 0.6094)
[====================                    ]: 552 (Loss: 0.5851)
[=====================                   ]: 553 (Loss: 0.5293)
[=====================                   ]: 554 (Loss: 0.5117)
[======================                  ]: 555 (Loss: 0.6137)
[======================                  ]: 556 (Loss: 0.5836)
[======================                  ]: 557 (Loss: 0.6503)
[=======================                 ]: 558 (Loss: 0.5186)
[=======================                 ]: 559 (Loss: 0.5789)
[========================                ]: 560 (Loss: 0.5727)
[========================                ]: 561 (Loss: 0.6135)
[========================                ]: 562 (Loss: 0.6039)
[=========================               ]: 563 (Loss: 0.5724)
[=========================               ]: 564 (Loss: 0.5188)
[==========================              ]: 565 (Loss: 0.5204)
[==========================              ]: 566 (Loss: 0.5958)
[==========================              ]: 567 (Loss: 0.6275)
[===========================             ]: 568 (Loss: 0.5736)
[===========================             ]: 569 (Loss: 0.5256)
[============================            ]: 570 (Loss: 0.5670)
[============================            ]: 571 (Loss: 0.5601)
[============================            ]: 572 (Loss: 0.5578)
[=============================           ]: 573 (Loss: 0.5796)
[=============================           ]: 574 (Loss: 0.6103)
[==============================          ]: 575 (Loss: 0.4450)
[==============================          ]: 576 (Loss: 0.5749)
[==============================          ]: 577 (Loss: 0.5664)
[===============================         ]: 578 (Loss: 0.5382)
[===============================         ]: 579 (Loss: 0.6466)
[================================        ]: 580 (Loss: 0.5951)
[================================        ]: 581 (Loss: 0.5688)
[================================        ]: 582 (Loss: 0.5267)
[=================================       ]: 583 (Loss: 0.6749)
[=================================       ]: 584 (Loss: 0.6259)
[==================================      ]: 585 (Loss: 0.6434)
[==================================      ]: 586 (Loss: 0.4934)
[==================================      ]: 587 (Loss: 0.5539)
[===================================     ]: 588 (Loss: 0.5423)
[===================================     ]: 589 (Loss: 0.6300)
[====================================    ]: 590 (Loss: 0.6086)
[====================================    ]: 591 (Loss: 0.6489)
[====================================    ]: 592 (Loss: 0.5365)
[=====================================   ]: 593 (Loss: 0.5519)
[=====================================   ]: 594 (Loss: 0.5291)
[======================================  ]: 595 (Loss: 0.5832)
[======================================  ]: 596 (Loss: 0.5648)
[======================================  ]: 597 (Loss: 0.6387)
[======================================= ]: 598 (Loss: 0.6053)
[======================================= ]: 599 (Loss: 0.5152)
[========================================]: 600 (Loss: 0.5703)
                                                                                                    
[2026-07-16 22:13:12,795] [INFO] [__main__] Batch 600 Loss: 0.586230 Cost: 12.25 Time: 80 ms/sequence
[2026-07-16 22:13:12,796] [INFO] [__main__] Advice weight norm: 19.094059 | Advice gradient norm: 0.280341

[                                        ]: 601 (Loss: 0.6028)
[                                        ]: 602 (Loss: 0.6072)
[=                                       ]: 603 (Loss: 0.6273)
[=                                       ]: 604 (Loss: 0.5789)
[==                                      ]: 605 (Loss: 0.5946)
[==                                      ]: 606 (Loss: 0.6720)
[==                                      ]: 607 (Loss: 0.5577)
[===                                     ]: 608 (Loss: 0.5150)
[===                                     ]: 609 (Loss: 0.6117)
[====                                    ]: 610 (Loss: 0.5436)
[====                                    ]: 611 (Loss: 0.6191)
[====                                    ]: 612 (Loss: 0.6105)
[=====                                   ]: 613 (Loss: 0.6204)
[=====                                   ]: 614 (Loss: 0.6509)
[======                                  ]: 615 (Loss: 0.5903)
[======                                  ]: 616 (Loss: 0.5735)
[======                                  ]: 617 (Loss: 0.5755)
[=======                                 ]: 618 (Loss: 0.5627)
[=======                                 ]: 619 (Loss: 0.5234)
[========                                ]: 620 (Loss: 0.5679)
[========                                ]: 621 (Loss: 0.6204)
[========                                ]: 622 (Loss: 0.6087)
[=========                               ]: 623 (Loss: 0.5397)
[=========                               ]: 624 (Loss: 0.6145)
[==========                              ]: 625 (Loss: 0.5476)
[==========                              ]: 626 (Loss: 0.5993)
[==========                              ]: 627 (Loss: 0.5246)
[===========                             ]: 628 (Loss: 0.6185)
[===========                             ]: 629 (Loss: 0.5620)
[============                            ]: 630 (Loss: 0.5225)
[============                            ]: 631 (Loss: 0.6346)
[============                            ]: 632 (Loss: 0.5579)
[=============                           ]: 633 (Loss: 0.6192)
[=============                           ]: 634 (Loss: 0.5977)
[==============                          ]: 635 (Loss: 0.5368)
[==============                          ]: 636 (Loss: 0.5987)
[==============                          ]: 637 (Loss: 0.6048)
[===============                         ]: 638 (Loss: 0.5903)
[===============                         ]: 639 (Loss: 0.4935)
[================                        ]: 640 (Loss: 0.6394)
[================                        ]: 641 (Loss: 0.5807)
[================                        ]: 642 (Loss: 0.5797)
[=================                       ]: 643 (Loss: 0.5268)
[=================                       ]: 644 (Loss: 0.6148)
[==================                      ]: 645 (Loss: 0.5842)
[==================                      ]: 646 (Loss: 0.5691)
[==================                      ]: 647 (Loss: 0.4989)
[===================                     ]: 648 (Loss: 0.5612)
[===================                     ]: 649 (Loss: 0.6280)
[====================                    ]: 650 (Loss: 0.6139)
[====================                    ]: 651 (Loss: 0.5351)
[====================                    ]: 652 (Loss: 0.5700)
[=====================                   ]: 653 (Loss: 0.6805)
[=====================                   ]: 654 (Loss: 0.6089)
[======================                  ]: 655 (Loss: 0.6262)
[======================                  ]: 656 (Loss: 0.5863)
[======================                  ]: 657 (Loss: 0.5118)
[=======================                 ]: 658 (Loss: 0.5416)
[=======================                 ]: 659 (Loss: 0.5796)
[========================                ]: 660 (Loss: 0.5852)
[========================                ]: 661 (Loss: 0.5047)
[========================                ]: 662 (Loss: 0.6023)
[=========================               ]: 663 (Loss: 0.6460)
[=========================               ]: 664 (Loss: 0.6646)
[==========================              ]: 665 (Loss: 0.5557)
[==========================              ]: 666 (Loss: 0.5460)
[==========================              ]: 667 (Loss: 0.5823)
[===========================             ]: 668 (Loss: 0.5437)
[===========================             ]: 669 (Loss: 0.5651)
[============================            ]: 670 (Loss: 0.6065)
[============================            ]: 671 (Loss: 0.5239)
[============================            ]: 672 (Loss: 0.5852)
[=============================           ]: 673 (Loss: 0.5091)
[=============================           ]: 674 (Loss: 0.5986)
[==============================          ]: 675 (Loss: 0.5609)
[==============================          ]: 676 (Loss: 0.5313)
[==============================          ]: 677 (Loss: 0.4869)
[===============================         ]: 678 (Loss: 0.5888)
[===============================         ]: 679 (Loss: 0.6639)
[================================        ]: 680 (Loss: 0.5669)
[================================        ]: 681 (Loss: 0.5465)
[================================        ]: 682 (Loss: 0.5016)
[=================================       ]: 683 (Loss: 0.5252)
[=================================       ]: 684 (Loss: 0.5505)
[==================================      ]: 685 (Loss: 0.5714)
[==================================      ]: 686 (Loss: 0.5423)
[==================================      ]: 687 (Loss: 0.5045)
[===================================     ]: 688 (Loss: 0.5667)
[===================================     ]: 689 (Loss: 0.6138)
[====================================    ]: 690 (Loss: 0.5411)
[====================================    ]: 691 (Loss: 0.5762)
[====================================    ]: 692 (Loss: 0.5011)
[=====================================   ]: 693 (Loss: 0.5622)
[=====================================   ]: 694 (Loss: 0.5472)
[======================================  ]: 695 (Loss: 0.5467)
[======================================  ]: 696 (Loss: 0.5614)
[======================================  ]: 697 (Loss: 0.6178)
[======================================= ]: 698 (Loss: 0.6526)
[======================================= ]: 699 (Loss: 0.6353)
[========================================]: 700 (Loss: 0.5432)
                                                                                                    
[2026-07-16 22:13:20,938] [INFO] [__main__] Batch 700 Loss: 0.576579 Cost: 12.26 Time: 81 ms/sequence
[2026-07-16 22:13:20,938] [INFO] [__main__] Advice weight norm: 19.096537 | Advice gradient norm: 0.656747

[                                        ]: 701 (Loss: 0.5727)
[                                        ]: 702 (Loss: 0.6394)
[=                                       ]: 703 (Loss: 0.5776)
[=                                       ]: 704 (Loss: 0.6105)
[==                                      ]: 705 (Loss: 0.6048)
[==                                      ]: 706 (Loss: 0.5621)
[==                                      ]: 707 (Loss: 0.5736)
[===                                     ]: 708 (Loss: 0.5069)
[===                                     ]: 709 (Loss: 0.5256)
[====                                    ]: 710 (Loss: 0.5221)
[====                                    ]: 711 (Loss: 0.5440)
[====                                    ]: 712 (Loss: 0.5415)
[=====                                   ]: 713 (Loss: 0.6198)
[=====                                   ]: 714 (Loss: 0.5332)
[======                                  ]: 715 (Loss: 0.5417)
[======                                  ]: 716 (Loss: 0.5339)
[======                                  ]: 717 (Loss: 0.5299)
[=======                                 ]: 718 (Loss: 0.5826)
[=======                                 ]: 719 (Loss: 0.4862)
[========                                ]: 720 (Loss: 0.5301)
[========                                ]: 721 (Loss: 0.5616)
[========                                ]: 722 (Loss: 0.6055)
[=========                               ]: 723 (Loss: 0.6082)
[=========                               ]: 724 (Loss: 0.5305)
[==========                              ]: 725 (Loss: 0.5652)
[==========                              ]: 726 (Loss: 0.5125)
[==========                              ]: 727 (Loss: 0.5615)
[===========                             ]: 728 (Loss: 0.5764)
[===========                             ]: 729 (Loss: 0.5624)
[============                            ]: 730 (Loss: 0.5262)
[============                            ]: 731 (Loss: 0.5990)
[============                            ]: 732 (Loss: 0.5247)
[=============                           ]: 733 (Loss: 0.6153)
[=============                           ]: 734 (Loss: 0.5793)
[==============                          ]: 735 (Loss: 0.6437)
[==============                          ]: 736 (Loss: 0.4907)
[==============                          ]: 737 (Loss: 0.5493)
[===============                         ]: 738 (Loss: 0.5324)
[===============                         ]: 739 (Loss: 0.4985)
[================                        ]: 740 (Loss: 0.5719)
[================                        ]: 741 (Loss: 0.5936)
[================                        ]: 742 (Loss: 0.5860)
[=================                       ]: 743 (Loss: 0.5029)
[=================                       ]: 744 (Loss: 0.5398)
[==================                      ]: 745 (Loss: 0.6335)
[==================                      ]: 746 (Loss: 0.6385)
[==================                      ]: 747 (Loss: 0.6249)
[===================                     ]: 748 (Loss: 0.6122)
[===================                     ]: 749 (Loss: 0.5033)
[====================                    ]: 750 (Loss: 0.4832)
[====================                    ]: 751 (Loss: 0.6203)
[====================                    ]: 752 (Loss: 0.5760)
[=====================                   ]: 753 (Loss: 0.5347)
[=====================                   ]: 754 (Loss: 0.5719)
[======================                  ]: 755 (Loss: 0.5620)
[======================                  ]: 756 (Loss: 0.5329)
[======================                  ]: 757 (Loss: 0.5745)
[=======================                 ]: 758 (Loss: 0.5205)
[=======================                 ]: 759 (Loss: 0.5356)
[========================                ]: 760 (Loss: 0.5866)
[========================                ]: 761 (Loss: 0.6528)
[========================                ]: 762 (Loss: 0.5285)
[=========================               ]: 763 (Loss: 0.5763)
[=========================               ]: 764 (Loss: 0.6157)
[==========================              ]: 765 (Loss: 0.5250)
[==========================              ]: 766 (Loss: 0.5656)
[==========================              ]: 767 (Loss: 0.5484)
[===========================             ]: 768 (Loss: 0.5891)
[===========================             ]: 769 (Loss: 0.5776)
[============================            ]: 770 (Loss: 0.5956)
[============================            ]: 771 (Loss: 0.5634)
[============================            ]: 772 (Loss: 0.5122)
[=============================           ]: 773 (Loss: 0.5377)
[=============================           ]: 774 (Loss: 0.4718)
[==============================          ]: 775 (Loss: 0.4981)
[==============================          ]: 776 (Loss: 0.5826)
[==============================          ]: 777 (Loss: 0.4899)
[===============================         ]: 778 (Loss: 0.5935)
[===============================         ]: 779 (Loss: 0.5882)
[================================        ]: 780 (Loss: 0.5173)
[================================        ]: 781 (Loss: 0.5963)
[================================        ]: 782 (Loss: 0.6018)
[=================================       ]: 783 (Loss: 0.5714)
[=================================       ]: 784 (Loss: 0.5502)
[==================================      ]: 785 (Loss: 0.5507)
[==================================      ]: 786 (Loss: 0.5678)
[==================================      ]: 787 (Loss: 0.6168)
[===================================     ]: 788 (Loss: 0.5409)
[===================================     ]: 789 (Loss: 0.5696)
[====================================    ]: 790 (Loss: 0.5715)
[====================================    ]: 791 (Loss: 0.5859)
[====================================    ]: 792 (Loss: 0.5983)
[=====================================   ]: 793 (Loss: 0.5717)
[=====================================   ]: 794 (Loss: 0.6062)
[======================================  ]: 795 (Loss: 0.4231)
[======================================  ]: 796 (Loss: 0.5403)
[======================================  ]: 797 (Loss: 0.6263)
[======================================= ]: 798 (Loss: 0.6462)
[======================================= ]: 799 (Loss: 0.5722)
[========================================]: 800 (Loss: 0.5609)
                                                                                                    
[2026-07-16 22:13:29,148] [INFO] [__main__] Batch 800 Loss: 0.562830 Cost: 11.60 Time: 82 ms/sequence
[2026-07-16 22:13:29,148] [INFO] [__main__] Advice weight norm: 19.102810 | Advice gradient norm: 0.555726

[                                        ]: 801 (Loss: 0.4888)
[                                        ]: 802 (Loss: 0.5230)
[=                                       ]: 803 (Loss: 0.4983)
[=                                       ]: 804 (Loss: 0.5877)
[==                                      ]: 805 (Loss: 0.4800)
[==                                      ]: 806 (Loss: 0.5111)
[==                                      ]: 807 (Loss: 0.5579)
[===                                     ]: 808 (Loss: 0.5162)
[===                                     ]: 809 (Loss: 0.5109)
[====                                    ]: 810 (Loss: 0.5090)
[====                                    ]: 811 (Loss: 0.6403)
[====                                    ]: 812 (Loss: 0.4846)
[=====                                   ]: 813 (Loss: 0.5868)
[=====                                   ]: 814 (Loss: 0.6013)
[======                                  ]: 815 (Loss: 0.5540)
[======                                  ]: 816 (Loss: 0.5320)
[======                                  ]: 817 (Loss: 0.5850)
[=======                                 ]: 818 (Loss: 0.5588)
[=======                                 ]: 819 (Loss: 0.4582)
[========                                ]: 820 (Loss: 0.5250)
[========                                ]: 821 (Loss: 0.3938)
[========                                ]: 822 (Loss: 0.6053)
[=========                               ]: 823 (Loss: 0.6184)
[=========                               ]: 824 (Loss: 0.5295)
[==========                              ]: 825 (Loss: 0.4894)
[==========                              ]: 826 (Loss: 0.4612)
[==========                              ]: 827 (Loss: 0.6079)
[===========                             ]: 828 (Loss: 0.5338)
[===========                             ]: 829 (Loss: 0.5650)
[============                            ]: 830 (Loss: 0.5955)
[============                            ]: 831 (Loss: 0.5665)
[============                            ]: 832 (Loss: 0.5970)
[=============                           ]: 833 (Loss: 0.5792)
[=============                           ]: 834 (Loss: 0.5590)
[==============                          ]: 835 (Loss: 0.5212)
[==============                          ]: 836 (Loss: 0.6317)
[==============                          ]: 837 (Loss: 0.4842)
[===============                         ]: 838 (Loss: 0.5354)
[===============                         ]: 839 (Loss: 0.5700)
[================                        ]: 840 (Loss: 0.6002)
[================                        ]: 841 (Loss: 0.5180)
[================                        ]: 842 (Loss: 0.5768)
[=================                       ]: 843 (Loss: 0.5250)
[=================                       ]: 844 (Loss: 0.4693)
[==================                      ]: 845 (Loss: 0.5559)
[==================                      ]: 846 (Loss: 0.5717)
[==================                      ]: 847 (Loss: 0.4248)
[===================                     ]: 848 (Loss: 0.4664)
[===================                     ]: 849 (Loss: 0.6235)
[====================                    ]: 850 (Loss: 0.6228)
[====================                    ]: 851 (Loss: 0.6036)
[====================                    ]: 852 (Loss: 0.5078)
[=====================                   ]: 853 (Loss: 0.5984)
[=====================                   ]: 854 (Loss: 0.5548)
[======================                  ]: 855 (Loss: 0.5821)
[======================                  ]: 856 (Loss: 0.4934)
[======================                  ]: 857 (Loss: 0.4972)
[=======================                 ]: 858 (Loss: 0.5430)
[=======================                 ]: 859 (Loss: 0.5504)
[========================                ]: 860 (Loss: 0.5494)
[========================                ]: 861 (Loss: 0.5436)
[========================                ]: 862 (Loss: 0.5348)
[=========================               ]: 863 (Loss: 0.5737)
[=========================               ]: 864 (Loss: 0.5605)
[==========================              ]: 865 (Loss: 0.5853)
[==========================              ]: 866 (Loss: 0.4984)
[==========================              ]: 867 (Loss: 0.6139)
[===========================             ]: 868 (Loss: 0.5284)
[===========================             ]: 869 (Loss: 0.5234)
[============================            ]: 870 (Loss: 0.6215)
[============================            ]: 871 (Loss: 0.5286)
[============================            ]: 872 (Loss: 0.5882)
[=============================           ]: 873 (Loss: 0.5991)
[=============================           ]: 874 (Loss: 0.5913)
[==============================          ]: 875 (Loss: 0.6057)
[==============================          ]: 876 (Loss: 0.6084)
[==============================          ]: 877 (Loss: 0.5925)
[===============================         ]: 878 (Loss: 0.5146)
[===============================         ]: 879 (Loss: 0.5518)
[================================        ]: 880 (Loss: 0.5533)
[================================        ]: 881 (Loss: 0.6172)
[================================        ]: 882 (Loss: 0.5822)
[=================================       ]: 883 (Loss: 0.4615)
[=================================       ]: 884 (Loss: 0.5779)
[==================================      ]: 885 (Loss: 0.5884)
[==================================      ]: 886 (Loss: 0.5467)
[==================================      ]: 887 (Loss: 0.6173)
[===================================     ]: 888 (Loss: 0.4268)
[===================================     ]: 889 (Loss: 0.5159)
[====================================    ]: 890 (Loss: 0.5454)
[====================================    ]: 891 (Loss: 0.5147)
[====================================    ]: 892 (Loss: 0.5533)
[=====================================   ]: 893 (Loss: 0.6427)
[=====================================   ]: 894 (Loss: 0.5370)
[======================================  ]: 895 (Loss: 0.6500)
[======================================  ]: 896 (Loss: 0.5830)
[======================================  ]: 897 (Loss: 0.5647)
[======================================= ]: 898 (Loss: 0.5780)
[======================================= ]: 899 (Loss: 0.5902)
[========================================]: 900 (Loss: 0.6006)
                                                                                                    
[2026-07-16 22:13:37,344] [INFO] [__main__] Batch 900 Loss: 0.551976 Cost: 11.29 Time: 81 ms/sequence
[2026-07-16 22:13:37,345] [INFO] [__main__] Advice weight norm: 19.111767 | Advice gradient norm: 0.268886

[                                        ]: 901 (Loss: 0.5950)
[                                        ]: 902 (Loss: 0.5461)
[=                                       ]: 903 (Loss: 0.5572)
[=                                       ]: 904 (Loss: 0.5513)
[==                                      ]: 905 (Loss: 0.4917)
[==                                      ]: 906 (Loss: 0.4860)
[==                                      ]: 907 (Loss: 0.5612)
[===                                     ]: 908 (Loss: 0.5541)
[===                                     ]: 909 (Loss: 0.6305)
[====                                    ]: 910 (Loss: 0.5337)
[====                                    ]: 911 (Loss: 0.6090)
[====                                    ]: 912 (Loss: 0.5800)
[=====                                   ]: 913 (Loss: 0.4878)
[=====                                   ]: 914 (Loss: 0.6058)
[======                                  ]: 915 (Loss: 0.5714)
[======                                  ]: 916 (Loss: 0.5600)
[======                                  ]: 917 (Loss: 0.4572)
[=======                                 ]: 918 (Loss: 0.5218)
[=======                                 ]: 919 (Loss: 0.5377)
[========                                ]: 920 (Loss: 0.5618)
[========                                ]: 921 (Loss: 0.4643)
[========                                ]: 922 (Loss: 0.5661)
[=========                               ]: 923 (Loss: 0.5657)
[=========                               ]: 924 (Loss: 0.6350)
[==========                              ]: 925 (Loss: 0.5249)
[==========                              ]: 926 (Loss: 0.6549)
[==========                              ]: 927 (Loss: 0.6096)
[===========                             ]: 928 (Loss: 0.5788)
[===========                             ]: 929 (Loss: 0.5219)
[============                            ]: 930 (Loss: 0.5479)
[============                            ]: 931 (Loss: 0.5200)
[============                            ]: 932 (Loss: 0.5797)
[=============                           ]: 933 (Loss: 0.5956)
[=============                           ]: 934 (Loss: 0.5525)
[==============                          ]: 935 (Loss: 0.6321)
[==============                          ]: 936 (Loss: 0.5660)
[==============                          ]: 937 (Loss: 0.5528)
[===============                         ]: 938 (Loss: 0.6150)
[===============                         ]: 939 (Loss: 0.5651)
[================                        ]: 940 (Loss: 0.3999)
[================                        ]: 941 (Loss: 0.5595)
[================                        ]: 942 (Loss: 0.5371)
[=================                       ]: 943 (Loss: 0.5332)
[=================                       ]: 944 (Loss: 0.5665)
[==================                      ]: 945 (Loss: 0.6240)
[==================                      ]: 946 (Loss: 0.6089)
[==================                      ]: 947 (Loss: 0.5580)
[===================                     ]: 948 (Loss: 0.4987)
[===================                     ]: 949 (Loss: 0.5956)
[====================                    ]: 950 (Loss: 0.5382)
[====================                    ]: 951 (Loss: 0.5720)
[====================                    ]: 952 (Loss: 0.5589)
[=====================                   ]: 953 (Loss: 0.4648)
[=====================                   ]: 954 (Loss: 0.5331)
[======================                  ]: 955 (Loss: 0.4840)
[======================                  ]: 956 (Loss: 0.5782)
[======================                  ]: 957 (Loss: 0.5314)
[=======================                 ]: 958 (Loss: 0.5416)
[=======================                 ]: 959 (Loss: 0.5665)
[========================                ]: 960 (Loss: 0.4915)
[========================                ]: 961 (Loss: 0.5261)
[========================                ]: 962 (Loss: 0.5176)
[=========================               ]: 963 (Loss: 0.5943)
[=========================               ]: 964 (Loss: 0.4919)
[==========================              ]: 965 (Loss: 0.5148)
[==========================              ]: 966 (Loss: 0.5930)
[==========================              ]: 967 (Loss: 0.5057)
[===========================             ]: 968 (Loss: 0.5522)
[===========================             ]: 969 (Loss: 0.5508)
[============================            ]: 970 (Loss: 0.6391)
[============================            ]: 971 (Loss: 0.4999)
[============================            ]: 972 (Loss: 0.5414)
[=============================           ]: 973 (Loss: 0.5647)
[=============================           ]: 974 (Loss: 0.4995)
[==============================          ]: 975 (Loss: 0.4937)
[==============================          ]: 976 (Loss: 0.5753)
[==============================          ]: 977 (Loss: 0.6017)
[===============================         ]: 978 (Loss: 0.5244)
[===============================         ]: 979 (Loss: 0.5368)
[================================        ]: 980 (Loss: 0.5165)
[================================        ]: 981 (Loss: 0.5252)
[================================        ]: 982 (Loss: 0.5844)
[=================================       ]: 983 (Loss: 0.5964)
[=================================       ]: 984 (Loss: 0.5632)
[==================================      ]: 985 (Loss: 0.5150)
[==================================      ]: 986 (Loss: 0.5205)
[==================================      ]: 987 (Loss: 0.4988)
[===================================     ]: 988 (Loss: 0.6066)
[===================================     ]: 989 (Loss: 0.5211)
[====================================    ]: 990 (Loss: 0.5750)
[====================================    ]: 991 (Loss: 0.4386)
[====================================    ]: 992 (Loss: 0.5039)
[=====================================   ]: 993 (Loss: 0.5711)
[=====================================   ]: 994 (Loss: 0.5680)
[======================================  ]: 995 (Loss: 0.5134)
[======================================  ]: 996 (Loss: 0.5064)
[======================================  ]: 997 (Loss: 0.5231)
[======================================= ]: 998 (Loss: 0.6106)
[======================================= ]: 999 (Loss: 0.4420)
[========================================]: 1000 (Loss: 0.6136)
                                                                                                    
[2026-07-16 22:13:45,467] [INFO] [__main__] Batch 1000 Loss: 0.548253 Cost: 11.36 Time: 81 ms/sequence
[2026-07-16 22:13:45,467] [INFO] [__main__] Advice weight norm: 19.119930 | Advice gradient norm: 0.486469

                                                                                                    
[2026-07-16 22:13:45,468] [INFO] [__main__] Saving checkpoint to 'runs\copy_sanity_len5\copy\combined\seed_1001\checkpoint-batch-00001000.pt'

[                                        ]: 1001 (Loss: 0.6551)
[                                        ]: 1002 (Loss: 0.5088)
[=                                       ]: 1003 (Loss: 0.5883)
[=                                       ]: 1004 (Loss: 0.6522)
[==                                      ]: 1005 (Loss: 0.5328)
[==                                      ]: 1006 (Loss: 0.5598)
[==                                      ]: 1007 (Loss: 0.5958)
[===                                     ]: 1008 (Loss: 0.6028)
[===                                     ]: 1009 (Loss: 0.5492)
[====                                    ]: 1010 (Loss: 0.6174)
[====                                    ]: 1011 (Loss: 0.4676)
[====                                    ]: 1012 (Loss: 0.5045)
[=====                                   ]: 1013 (Loss: 0.5531)
[=====                                   ]: 1014 (Loss: 0.6065)
[======                                  ]: 1015 (Loss: 0.5403)
[======                                  ]: 1016 (Loss: 0.5199)
[======                                  ]: 1017 (Loss: 0.6335)
[=======                                 ]: 1018 (Loss: 0.5404)
[=======                                 ]: 1019 (Loss: 0.5358)
[========                                ]: 1020 (Loss: 0.5796)
[========                                ]: 1021 (Loss: 0.5031)
[========                                ]: 1022 (Loss: 0.5689)
[=========                               ]: 1023 (Loss: 0.5470)
[=========                               ]: 1024 (Loss: 0.5879)
[==========                              ]: 1025 (Loss: 0.5247)
[==========                              ]: 1026 (Loss: 0.5691)
[==========                              ]: 1027 (Loss: 0.4849)
[===========                             ]: 1028 (Loss: 0.4710)
[===========                             ]: 1029 (Loss: 0.5239)
[============                            ]: 1030 (Loss: 0.6445)
[============                            ]: 1031 (Loss: 0.4955)
[============                            ]: 1032 (Loss: 0.5853)
[=============                           ]: 1033 (Loss: 0.5710)
[=============                           ]: 1034 (Loss: 0.6248)
[==============                          ]: 1035 (Loss: 0.5002)
[==============                          ]: 1036 (Loss: 0.5728)
[==============                          ]: 1037 (Loss: 0.5883)
[===============                         ]: 1038 (Loss: 0.6067)
[===============                         ]: 1039 (Loss: 0.5496)
[================                        ]: 1040 (Loss: 0.5654)
[================                        ]: 1041 (Loss: 0.5665)
[================                        ]: 1042 (Loss: 0.5619)
[=================                       ]: 1043 (Loss: 0.4732)
[=================                       ]: 1044 (Loss: 0.5358)
[==================                      ]: 1045 (Loss: 0.5614)
[==================                      ]: 1046 (Loss: 0.6017)
[==================                      ]: 1047 (Loss: 0.4403)
[===================                     ]: 1048 (Loss: 0.5747)
[===================                     ]: 1049 (Loss: 0.5410)
[====================                    ]: 1050 (Loss: 0.4618)
[====================                    ]: 1051 (Loss: 0.6215)
[====================                    ]: 1052 (Loss: 0.6440)
[=====================                   ]: 1053 (Loss: 0.5450)
[=====================                   ]: 1054 (Loss: 0.5524)
[======================                  ]: 1055 (Loss: 0.4738)
[======================                  ]: 1056 (Loss: 0.5906)
[======================                  ]: 1057 (Loss: 0.5932)
[=======================                 ]: 1058 (Loss: 0.6128)
[=======================                 ]: 1059 (Loss: 0.5860)
[========================                ]: 1060 (Loss: 0.5626)
[========================                ]: 1061 (Loss: 0.5427)
[========================                ]: 1062 (Loss: 0.5441)
[=========================               ]: 1063 (Loss: 0.5976)
[=========================               ]: 1064 (Loss: 0.5831)
[==========================              ]: 1065 (Loss: 0.5799)
[==========================              ]: 1066 (Loss: 0.5126)
[==========================              ]: 1067 (Loss: 0.5349)
[===========================             ]: 1068 (Loss: 0.5900)
[===========================             ]: 1069 (Loss: 0.5818)
[============================            ]: 1070 (Loss: 0.4926)
[============================            ]: 1071 (Loss: 0.5040)
[============================            ]: 1072 (Loss: 0.5405)
[=============================           ]: 1073 (Loss: 0.4952)
[=============================           ]: 1074 (Loss: 0.5789)
[==============================          ]: 1075 (Loss: 0.4434)
[==============================          ]: 1076 (Loss: 0.4798)
[==============================          ]: 1077 (Loss: 0.5322)
[===============================         ]: 1078 (Loss: 0.4633)
[===============================         ]: 1079 (Loss: 0.5447)
[================================        ]: 1080 (Loss: 0.4997)
[================================        ]: 1081 (Loss: 0.5559)
[================================        ]: 1082 (Loss: 0.4733)
[=================================       ]: 1083 (Loss: 0.5263)
[=================================       ]: 1084 (Loss: 0.5211)
[==================================      ]: 1085 (Loss: 0.4901)
[==================================      ]: 1086 (Loss: 0.6320)
[==================================      ]: 1087 (Loss: 0.5369)
[===================================     ]: 1088 (Loss: 0.5414)
[===================================     ]: 1089 (Loss: 0.5295)
[====================================    ]: 1090 (Loss: 0.4539)
[====================================    ]: 1091 (Loss: 0.5288)
[====================================    ]: 1092 (Loss: 0.5252)
[=====================================   ]: 1093 (Loss: 0.4637)
[=====================================   ]: 1094 (Loss: 0.5190)
[======================================  ]: 1095 (Loss: 0.4957)
[======================================  ]: 1096 (Loss: 0.5961)
[======================================  ]: 1097 (Loss: 0.5678)
[======================================= ]: 1098 (Loss: 0.6291)
[======================================= ]: 1099 (Loss: 0.4566)
[========================================]: 1100 (Loss: 0.5121)
                                                                                                    
[2026-07-16 22:13:53,841] [INFO] [__main__] Batch 1100 Loss: 0.547235 Cost: 11.27 Time: 83 ms/sequence
[2026-07-16 22:13:53,841] [INFO] [__main__] Advice weight norm: 19.129162 | Advice gradient norm: 0.343519

[                                        ]: 1101 (Loss: 0.6443)
[                                        ]: 1102 (Loss: 0.5606)
[=                                       ]: 1103 (Loss: 0.5798)
[=                                       ]: 1104 (Loss: 0.5101)
[==                                      ]: 1105 (Loss: 0.5840)
[==                                      ]: 1106 (Loss: 0.4734)
[==                                      ]: 1107 (Loss: 0.5748)
[===                                     ]: 1108 (Loss: 0.4439)
[===                                     ]: 1109 (Loss: 0.5113)
[====                                    ]: 1110 (Loss: 0.4335)
[====                                    ]: 1111 (Loss: 0.5378)
[====                                    ]: 1112 (Loss: 0.5200)
[=====                                   ]: 1113 (Loss: 0.5537)
[=====                                   ]: 1114 (Loss: 0.6128)
[======                                  ]: 1115 (Loss: 0.5181)
[======                                  ]: 1116 (Loss: 0.5063)
[======                                  ]: 1117 (Loss: 0.5100)
[=======                                 ]: 1118 (Loss: 0.5682)
[=======                                 ]: 1119 (Loss: 0.4265)
[========                                ]: 1120 (Loss: 0.5389)
[========                                ]: 1121 (Loss: 0.5199)
[========                                ]: 1122 (Loss: 0.5219)
[=========                               ]: 1123 (Loss: 0.4735)
[=========                               ]: 1124 (Loss: 0.4852)
[==========                              ]: 1125 (Loss: 0.5147)
[==========                              ]: 1126 (Loss: 0.4852)
[==========                              ]: 1127 (Loss: 0.5858)
[===========                             ]: 1128 (Loss: 0.4855)
[===========                             ]: 1129 (Loss: 0.5855)
[============                            ]: 1130 (Loss: 0.5887)
[============                            ]: 1131 (Loss: 0.6144)
[============                            ]: 1132 (Loss: 0.5186)
[=============                           ]: 1133 (Loss: 0.6477)
[=============                           ]: 1134 (Loss: 0.5542)
[==============                          ]: 1135 (Loss: 0.4564)
[==============                          ]: 1136 (Loss: 0.6276)
[==============                          ]: 1137 (Loss: 0.5762)
[===============                         ]: 1138 (Loss: 0.6518)
[===============                         ]: 1139 (Loss: 0.6248)
[================                        ]: 1140 (Loss: 0.4962)
[================                        ]: 1141 (Loss: 0.5765)
[================                        ]: 1142 (Loss: 0.5749)
[=================                       ]: 1143 (Loss: 0.4851)
[=================                       ]: 1144 (Loss: 0.5774)
[==================                      ]: 1145 (Loss: 0.5154)
[==================                      ]: 1146 (Loss: 0.5327)
[==================                      ]: 1147 (Loss: 0.5496)
[===================                     ]: 1148 (Loss: 0.4693)
[===================                     ]: 1149 (Loss: 0.4725)
[====================                    ]: 1150 (Loss: 0.6473)
[====================                    ]: 1151 (Loss: 0.4677)
[====================                    ]: 1152 (Loss: 0.5526)
[=====================                   ]: 1153 (Loss: 0.4717)
[=====================                   ]: 1154 (Loss: 0.4962)
[======================                  ]: 1155 (Loss: 0.5593)
[======================                  ]: 1156 (Loss: 0.4637)
[======================                  ]: 1157 (Loss: 0.5259)
[=======================                 ]: 1158 (Loss: 0.5445)
[=======================                 ]: 1159 (Loss: 0.5765)
[========================                ]: 1160 (Loss: 0.5740)
[========================                ]: 1161 (Loss: 0.6040)
[========================                ]: 1162 (Loss: 0.4936)
[=========================               ]: 1163 (Loss: 0.6075)
[=========================               ]: 1164 (Loss: 0.4899)
[==========================              ]: 1165 (Loss: 0.5211)
[==========================              ]: 1166 (Loss: 0.4894)
[==========================              ]: 1167 (Loss: 0.5607)
[===========================             ]: 1168 (Loss: 0.5328)
[===========================             ]: 1169 (Loss: 0.5949)
[============================            ]: 1170 (Loss: 0.4798)
[============================            ]: 1171 (Loss: 0.5734)
[============================            ]: 1172 (Loss: 0.5901)
[=============================           ]: 1173 (Loss: 0.5350)
[=============================           ]: 1174 (Loss: 0.5207)
[==============================          ]: 1175 (Loss: 0.5211)
[==============================          ]: 1176 (Loss: 0.5096)
[==============================          ]: 1177 (Loss: 0.4875)
[===============================         ]: 1178 (Loss: 0.6373)
[===============================         ]: 1179 (Loss: 0.5422)
[================================        ]: 1180 (Loss: 0.4879)
[================================        ]: 1181 (Loss: 0.6117)
[================================        ]: 1182 (Loss: 0.5333)
[=================================       ]: 1183 (Loss: 0.4349)
[=================================       ]: 1184 (Loss: 0.5991)
[==================================      ]: 1185 (Loss: 0.5365)
[==================================      ]: 1186 (Loss: 0.5185)
[==================================      ]: 1187 (Loss: 0.5852)
[===================================     ]: 1188 (Loss: 0.5838)
[===================================     ]: 1189 (Loss: 0.5742)
[====================================    ]: 1190 (Loss: 0.5644)
[====================================    ]: 1191 (Loss: 0.4718)
[====================================    ]: 1192 (Loss: 0.5204)
[=====================================   ]: 1193 (Loss: 0.5124)
[=====================================   ]: 1194 (Loss: 0.6492)
[======================================  ]: 1195 (Loss: 0.5013)
[======================================  ]: 1196 (Loss: 0.5399)
[======================================  ]: 1197 (Loss: 0.4054)
[======================================= ]: 1198 (Loss: 0.4884)
[======================================= ]: 1199 (Loss: 0.5660)
[========================================]: 1200 (Loss: 0.5521)
                                                                                                    
[2026-07-16 22:14:02,043] [INFO] [__main__] Batch 1200 Loss: 0.537818 Cost: 11.02 Time: 82 ms/sequence
[2026-07-16 22:14:02,044] [INFO] [__main__] Advice weight norm: 19.140173 | Advice gradient norm: 0.331031

[                                        ]: 1201 (Loss: 0.4474)
[                                        ]: 1202 (Loss: 0.5515)
[=                                       ]: 1203 (Loss: 0.6155)
[=                                       ]: 1204 (Loss: 0.5666)
[==                                      ]: 1205 (Loss: 0.4766)
[==                                      ]: 1206 (Loss: 0.5597)
[==                                      ]: 1207 (Loss: 0.6245)
[===                                     ]: 1208 (Loss: 0.5470)
[===                                     ]: 1209 (Loss: 0.6015)
[====                                    ]: 1210 (Loss: 0.6039)
[====                                    ]: 1211 (Loss: 0.5375)
[====                                    ]: 1212 (Loss: 0.5198)
[=====                                   ]: 1213 (Loss: 0.5928)
[=====                                   ]: 1214 (Loss: 0.5047)
[======                                  ]: 1215 (Loss: 0.6751)
[======                                  ]: 1216 (Loss: 0.4959)
[======                                  ]: 1217 (Loss: 0.4909)
[=======                                 ]: 1218 (Loss: 0.5468)
[=======                                 ]: 1219 (Loss: 0.6367)
[========                                ]: 1220 (Loss: 0.4464)
[========                                ]: 1221 (Loss: 0.5522)
[========                                ]: 1222 (Loss: 0.6216)
[=========                               ]: 1223 (Loss: 0.4934)
[=========                               ]: 1224 (Loss: 0.5684)
[==========                              ]: 1225 (Loss: 0.5359)
[==========                              ]: 1226 (Loss: 0.5200)
[==========                              ]: 1227 (Loss: 0.4918)
[===========                             ]: 1228 (Loss: 0.6091)
[===========                             ]: 1229 (Loss: 0.5806)
[============                            ]: 1230 (Loss: 0.4413)
[============                            ]: 1231 (Loss: 0.6122)
[============                            ]: 1232 (Loss: 0.5579)
[=============                           ]: 1233 (Loss: 0.5532)
[=============                           ]: 1234 (Loss: 0.4198)
[==============                          ]: 1235 (Loss: 0.5430)
[==============                          ]: 1236 (Loss: 0.5648)
[==============                          ]: 1237 (Loss: 0.5242)
[===============                         ]: 1238 (Loss: 0.4985)
[===============                         ]: 1239 (Loss: 0.5448)
[================                        ]: 1240 (Loss: 0.4513)
[================                        ]: 1241 (Loss: 0.5255)
[================                        ]: 1242 (Loss: 0.4509)
[=================                       ]: 1243 (Loss: 0.5122)
[=================                       ]: 1244 (Loss: 0.5611)
[==================                      ]: 1245 (Loss: 0.5845)
[==================                      ]: 1246 (Loss: 0.5985)
[==================                      ]: 1247 (Loss: 0.6358)
[===================                     ]: 1248 (Loss: 0.4948)
[===================                     ]: 1249 (Loss: 0.5151)
[====================                    ]: 1250 (Loss: 0.4585)
[====================                    ]: 1251 (Loss: 0.5525)
[====================                    ]: 1252 (Loss: 0.4417)
[=====================                   ]: 1253 (Loss: 0.5098)
[=====================                   ]: 1254 (Loss: 0.5672)
[======================                  ]: 1255 (Loss: 0.5234)
[======================                  ]: 1256 (Loss: 0.5083)
[======================                  ]: 1257 (Loss: 0.5160)
[=======================                 ]: 1258 (Loss: 0.4231)
[=======================                 ]: 1259 (Loss: 0.4938)
[========================                ]: 1260 (Loss: 0.4562)
[========================                ]: 1261 (Loss: 0.4356)
[========================                ]: 1262 (Loss: 0.6208)
[=========================               ]: 1263 (Loss: 0.5369)
[=========================               ]: 1264 (Loss: 0.4529)
[==========================              ]: 1265 (Loss: 0.5557)
[==========================              ]: 1266 (Loss: 0.5558)
[==========================              ]: 1267 (Loss: 0.5597)
[===========================             ]: 1268 (Loss: 0.5323)
[===========================             ]: 1269 (Loss: 0.4892)
[============================            ]: 1270 (Loss: 0.4449)
[============================            ]: 1271 (Loss: 0.6096)
[============================            ]: 1272 (Loss: 0.4621)
[=============================           ]: 1273 (Loss: 0.4316)
[=============================           ]: 1274 (Loss: 0.5902)
[==============================          ]: 1275 (Loss: 0.5589)
[==============================          ]: 1276 (Loss: 0.4891)
[==============================          ]: 1277 (Loss: 0.5604)
[===============================         ]: 1278 (Loss: 0.4311)
[===============================         ]: 1279 (Loss: 0.5340)
[================================        ]: 1280 (Loss: 0.4833)
[================================        ]: 1281 (Loss: 0.5583)
[================================        ]: 1282 (Loss: 0.4488)
[=================================       ]: 1283 (Loss: 0.5178)
[=================================       ]: 1284 (Loss: 0.4864)
[==================================      ]: 1285 (Loss: 0.5368)
[==================================      ]: 1286 (Loss: 0.5191)
[==================================      ]: 1287 (Loss: 0.5030)
[===================================     ]: 1288 (Loss: 0.4729)
[===================================     ]: 1289 (Loss: 0.5323)
[====================================    ]: 1290 (Loss: 0.4336)
[====================================    ]: 1291 (Loss: 0.5024)
[====================================    ]: 1292 (Loss: 0.4836)
[=====================================   ]: 1293 (Loss: 0.4689)
[=====================================   ]: 1294 (Loss: 0.5001)
[======================================  ]: 1295 (Loss: 0.5318)
[======================================  ]: 1296 (Loss: 0.4462)
[======================================  ]: 1297 (Loss: 0.5100)
[======================================= ]: 1298 (Loss: 0.4719)
[======================================= ]: 1299 (Loss: 0.4697)
[========================================]: 1300 (Loss: 0.4966)
                                                                                                    
[2026-07-16 22:14:10,388] [INFO] [__main__] Batch 1300 Loss: 0.522777 Cost: 10.77 Time: 83 ms/sequence
[2026-07-16 22:14:10,388] [INFO] [__main__] Advice weight norm: 19.161617 | Advice gradient norm: 0.275215

[                                        ]: 1301 (Loss: 0.5317)
[                                        ]: 1302 (Loss: 0.5733)
[=                                       ]: 1303 (Loss: 0.5102)
[=                                       ]: 1304 (Loss: 0.5414)
[==                                      ]: 1305 (Loss: 0.5805)
[==                                      ]: 1306 (Loss: 0.4373)
[==                                      ]: 1307 (Loss: 0.5457)
[===                                     ]: 1308 (Loss: 0.4277)
[===                                     ]: 1309 (Loss: 0.4419)
[====                                    ]: 1310 (Loss: 0.5179)
[====                                    ]: 1311 (Loss: 0.5635)
[====                                    ]: 1312 (Loss: 0.5545)
[=====                                   ]: 1313 (Loss: 0.5070)
[=====                                   ]: 1314 (Loss: 0.5277)
[======                                  ]: 1315 (Loss: 0.5158)
[======                                  ]: 1316 (Loss: 0.4970)
[======                                  ]: 1317 (Loss: 0.5787)
[=======                                 ]: 1318 (Loss: 0.5093)
[=======                                 ]: 1319 (Loss: 0.4147)
[========                                ]: 1320 (Loss: 0.5501)
[========                                ]: 1321 (Loss: 0.6007)
[========                                ]: 1322 (Loss: 0.4904)
[=========                               ]: 1323 (Loss: 0.4367)
[=========                               ]: 1324 (Loss: 0.5378)
[==========                              ]: 1325 (Loss: 0.6124)
[==========                              ]: 1326 (Loss: 0.5641)
[==========                              ]: 1327 (Loss: 0.4954)
[===========                             ]: 1328 (Loss: 0.4999)
[===========                             ]: 1329 (Loss: 0.5268)
[============                            ]: 1330 (Loss: 0.5559)
[============                            ]: 1331 (Loss: 0.4929)
[============                            ]: 1332 (Loss: 0.5224)
[=============                           ]: 1333 (Loss: 0.3840)
[=============                           ]: 1334 (Loss: 0.5186)
[==============                          ]: 1335 (Loss: 0.4635)
[==============                          ]: 1336 (Loss: 0.3718)
[==============                          ]: 1337 (Loss: 0.4677)
[===============                         ]: 1338 (Loss: 0.5612)
[===============                         ]: 1339 (Loss: 0.6294)
[================                        ]: 1340 (Loss: 0.4552)
[================                        ]: 1341 (Loss: 0.4406)
[================                        ]: 1342 (Loss: 0.5658)
[=================                       ]: 1343 (Loss: 0.5138)
[=================                       ]: 1344 (Loss: 0.5094)
[==================                      ]: 1345 (Loss: 0.5266)
[==================                      ]: 1346 (Loss: 0.3690)
[==================                      ]: 1347 (Loss: 0.4549)
[===================                     ]: 1348 (Loss: 0.5027)
[===================                     ]: 1349 (Loss: 0.5603)
[====================                    ]: 1350 (Loss: 0.4176)
[====================                    ]: 1351 (Loss: 0.4382)
[====================                    ]: 1352 (Loss: 0.5935)
[=====================                   ]: 1353 (Loss: 0.5533)
[=====================                   ]: 1354 (Loss: 0.5442)
[======================                  ]: 1355 (Loss: 0.6144)
[======================                  ]: 1356 (Loss: 0.4756)
[======================                  ]: 1357 (Loss: 0.5156)
[=======================                 ]: 1358 (Loss: 0.6786)
[=======================                 ]: 1359 (Loss: 0.5492)
[========================                ]: 1360 (Loss: 0.5881)
[========================                ]: 1361 (Loss: 0.5260)
[========================                ]: 1362 (Loss: 0.6474)
[=========================               ]: 1363 (Loss: 0.4394)
[=========================               ]: 1364 (Loss: 0.5386)
[==========================              ]: 1365 (Loss: 0.5073)
[==========================              ]: 1366 (Loss: 0.4161)
[==========================              ]: 1367 (Loss: 0.5504)
[===========================             ]: 1368 (Loss: 0.4101)
[===========================             ]: 1369 (Loss: 0.4294)
[============================            ]: 1370 (Loss: 0.5543)
[============================            ]: 1371 (Loss: 0.5243)
[============================            ]: 1372 (Loss: 0.5029)
[=============================           ]: 1373 (Loss: 0.4654)
[=============================           ]: 1374 (Loss: 0.4714)
[==============================          ]: 1375 (Loss: 0.4832)
[==============================          ]: 1376 (Loss: 0.3798)
[==============================          ]: 1377 (Loss: 0.6018)
[===============================         ]: 1378 (Loss: 0.5387)
[===============================         ]: 1379 (Loss: 0.5412)
[================================        ]: 1380 (Loss: 0.4740)
[================================        ]: 1381 (Loss: 0.4816)
[================================        ]: 1382 (Loss: 0.5220)
[=================================       ]: 1383 (Loss: 0.4972)
[=================================       ]: 1384 (Loss: 0.6464)
[==================================      ]: 1385 (Loss: 0.5564)
[==================================      ]: 1386 (Loss: 0.5048)
[==================================      ]: 1387 (Loss: 0.5219)
[===================================     ]: 1388 (Loss: 0.5572)
[===================================     ]: 1389 (Loss: 0.4731)
[====================================    ]: 1390 (Loss: 0.5382)
[====================================    ]: 1391 (Loss: 0.5758)
[====================================    ]: 1392 (Loss: 0.4601)
[=====================================   ]: 1393 (Loss: 0.4762)
[=====================================   ]: 1394 (Loss: 0.5107)
[======================================  ]: 1395 (Loss: 0.5924)
[======================================  ]: 1396 (Loss: 0.4794)
[======================================  ]: 1397 (Loss: 0.5893)
[======================================= ]: 1398 (Loss: 0.5338)
[======================================= ]: 1399 (Loss: 0.5480)
[========================================]: 1400 (Loss: 0.6023)
                                                                                                    
[2026-07-16 22:14:18,590] [INFO] [__main__] Batch 1400 Loss: 0.515925 Cost: 10.11 Time: 82 ms/sequence
[2026-07-16 22:14:18,590] [INFO] [__main__] Advice weight norm: 19.177595 | Advice gradient norm: 0.385363

[                                        ]: 1401 (Loss: 0.5042)
[                                        ]: 1402 (Loss: 0.5148)
[=                                       ]: 1403 (Loss: 0.4586)
[=                                       ]: 1404 (Loss: 0.4807)
[==                                      ]: 1405 (Loss: 0.4760)
[==                                      ]: 1406 (Loss: 0.4694)
[==                                      ]: 1407 (Loss: 0.5022)
[===                                     ]: 1408 (Loss: 0.4835)
[===                                     ]: 1409 (Loss: 0.4110)
[====                                    ]: 1410 (Loss: 0.5985)
[====                                    ]: 1411 (Loss: 0.5226)
[====                                    ]: 1412 (Loss: 0.4532)
[=====                                   ]: 1413 (Loss: 0.4986)
[=====                                   ]: 1414 (Loss: 0.6130)
[======                                  ]: 1415 (Loss: 0.5430)
[======                                  ]: 1416 (Loss: 0.5708)
[======                                  ]: 1417 (Loss: 0.5129)
[=======                                 ]: 1418 (Loss: 0.5916)
[=======                                 ]: 1419 (Loss: 0.5054)
[========                                ]: 1420 (Loss: 0.5770)
[========                                ]: 1421 (Loss: 0.5049)
[========                                ]: 1422 (Loss: 0.5131)
[=========                               ]: 1423 (Loss: 0.4757)
[=========                               ]: 1424 (Loss: 0.5727)
[==========                              ]: 1425 (Loss: 0.4580)
[==========                              ]: 1426 (Loss: 0.6449)
[==========                              ]: 1427 (Loss: 0.5269)
[===========                             ]: 1428 (Loss: 0.5706)
[===========                             ]: 1429 (Loss: 0.4931)
[============                            ]: 1430 (Loss: 0.5481)
[============                            ]: 1431 (Loss: 0.5154)
[============                            ]: 1432 (Loss: 0.5444)
[=============                           ]: 1433 (Loss: 0.5709)
[=============                           ]: 1434 (Loss: 0.5459)
[==============                          ]: 1435 (Loss: 0.4780)
[==============                          ]: 1436 (Loss: 0.4998)
[==============                          ]: 1437 (Loss: 0.5870)
[===============                         ]: 1438 (Loss: 0.4591)
[===============                         ]: 1439 (Loss: 0.4921)
[================                        ]: 1440 (Loss: 0.5196)
[================                        ]: 1441 (Loss: 0.5568)
[================                        ]: 1442 (Loss: 0.4828)
[=================                       ]: 1443 (Loss: 0.4387)
[=================                       ]: 1444 (Loss: 0.5419)
[==================                      ]: 1445 (Loss: 0.4212)
[==================                      ]: 1446 (Loss: 0.6063)
[==================                      ]: 1447 (Loss: 0.4017)
[===================                     ]: 1448 (Loss: 0.4490)
[===================                     ]: 1449 (Loss: 0.6217)
[====================                    ]: 1450 (Loss: 0.4224)
[====================                    ]: 1451 (Loss: 0.6236)
[====================                    ]: 1452 (Loss: 0.5666)
[=====================                   ]: 1453 (Loss: 0.5173)
[=====================                   ]: 1454 (Loss: 0.5361)
[======================                  ]: 1455 (Loss: 0.6199)
[======================                  ]: 1456 (Loss: 0.5312)
[======================                  ]: 1457 (Loss: 0.5900)
[=======================                 ]: 1458 (Loss: 0.5639)
[=======================                 ]: 1459 (Loss: 0.5363)
[========================                ]: 1460 (Loss: 0.4875)
[========================                ]: 1461 (Loss: 0.6343)
[========================                ]: 1462 (Loss: 0.5391)
[=========================               ]: 1463 (Loss: 0.4935)
[=========================               ]: 1464 (Loss: 0.4830)
[==========================              ]: 1465 (Loss: 0.5218)
[==========================              ]: 1466 (Loss: 0.4553)
[==========================              ]: 1467 (Loss: 0.5923)
[===========================             ]: 1468 (Loss: 0.5326)
[===========================             ]: 1469 (Loss: 0.5380)
[============================            ]: 1470 (Loss: 0.5205)
[============================            ]: 1471 (Loss: 0.5236)
[============================            ]: 1472 (Loss: 0.5704)
[=============================           ]: 1473 (Loss: 0.5938)
[=============================           ]: 1474 (Loss: 0.5268)
[==============================          ]: 1475 (Loss: 0.5269)
[==============================          ]: 1476 (Loss: 0.5015)
[==============================          ]: 1477 (Loss: 0.4827)
[===============================         ]: 1478 (Loss: 0.4823)
[===============================         ]: 1479 (Loss: 0.6010)
[================================        ]: 1480 (Loss: 0.5070)
[================================        ]: 1481 (Loss: 0.4751)
[================================        ]: 1482 (Loss: 0.5686)
[=================================       ]: 1483 (Loss: 0.5560)
[=================================       ]: 1484 (Loss: 0.4321)
[==================================      ]: 1485 (Loss: 0.5666)
[==================================      ]: 1486 (Loss: 0.4930)
[==================================      ]: 1487 (Loss: 0.4596)
[===================================     ]: 1488 (Loss: 0.4572)
[===================================     ]: 1489 (Loss: 0.4815)
[====================================    ]: 1490 (Loss: 0.5019)
[====================================    ]: 1491 (Loss: 0.5296)
[====================================    ]: 1492 (Loss: 0.6007)
[=====================================   ]: 1493 (Loss: 0.5359)
[=====================================   ]: 1494 (Loss: 0.4436)
[======================================  ]: 1495 (Loss: 0.5120)
[======================================  ]: 1496 (Loss: 0.5549)
[======================================  ]: 1497 (Loss: 0.5204)
[======================================= ]: 1498 (Loss: 0.5016)
[======================================= ]: 1499 (Loss: 0.4625)
[========================================]: 1500 (Loss: 0.5255)
                                                                                                    
[2026-07-16 22:14:32,136] [INFO] [__main__] Batch 1500 Loss: 0.521271 Cost: 10.30 Time: 135 ms/sequence
[2026-07-16 22:14:32,136] [INFO] [__main__] Advice weight norm: 19.191442 | Advice gradient norm: 0.298773

[                                        ]: 1501 (Loss: 0.6009)
[                                        ]: 1502 (Loss: 0.5416)
[=                                       ]: 1503 (Loss: 0.5320)
[=                                       ]: 1504 (Loss: 0.4675)
[==                                      ]: 1505 (Loss: 0.5444)
[==                                      ]: 1506 (Loss: 0.4794)
[==                                      ]: 1507 (Loss: 0.4747)
[===                                     ]: 1508 (Loss: 0.6386)
[===                                     ]: 1509 (Loss: 0.5704)
[====                                    ]: 1510 (Loss: 0.4378)
[====                                    ]: 1511 (Loss: 0.5184)
[====                                    ]: 1512 (Loss: 0.4902)
[=====                                   ]: 1513 (Loss: 0.5025)
[=====                                   ]: 1514 (Loss: 0.5565)
[======                                  ]: 1515 (Loss: 0.5053)
[======                                  ]: 1516 (Loss: 0.5762)
[======                                  ]: 1517 (Loss: 0.6322)
[=======                                 ]: 1518 (Loss: 0.5748)
[=======                                 ]: 1519 (Loss: 0.5361)
[========                                ]: 1520 (Loss: 0.5075)
[========                                ]: 1521 (Loss: 0.3966)
[========                                ]: 1522 (Loss: 0.6113)
[=========                               ]: 1523 (Loss: 0.5260)
[=========                               ]: 1524 (Loss: 0.4494)
[==========                              ]: 1525 (Loss: 0.5752)
[==========                              ]: 1526 (Loss: 0.4799)
[==========                              ]: 1527 (Loss: 0.5269)
[===========                             ]: 1528 (Loss: 0.5706)
[===========                             ]: 1529 (Loss: 0.5612)
[============                            ]: 1530 (Loss: 0.5446)
[============                            ]: 1531 (Loss: 0.5793)
[============                            ]: 1532 (Loss: 0.4681)
[=============                           ]: 1533 (Loss: 0.4820)
[=============                           ]: 1534 (Loss: 0.4707)
[==============                          ]: 1535 (Loss: 0.5278)
[==============                          ]: 1536 (Loss: 0.4984)
[==============                          ]: 1537 (Loss: 0.5346)
[===============                         ]: 1538 (Loss: 0.5050)
[===============                         ]: 1539 (Loss: 0.5141)
[================                        ]: 1540 (Loss: 0.6407)
[================                        ]: 1541 (Loss: 0.5332)
[================                        ]: 1542 (Loss: 0.4997)
[=================                       ]: 1543 (Loss: 0.5219)
[=================                       ]: 1544 (Loss: 0.5178)
[==================                      ]: 1545 (Loss: 0.4129)
[==================                      ]: 1546 (Loss: 0.5714)
[==================                      ]: 1547 (Loss: 0.4936)
[===================                     ]: 1548 (Loss: 0.5666)
[===================                     ]: 1549 (Loss: 0.5183)
[====================                    ]: 1550 (Loss: 0.5882)
[====================                    ]: 1551 (Loss: 0.5412)
[====================                    ]: 1552 (Loss: 0.5858)
[=====================                   ]: 1553 (Loss: 0.5424)
[=====================                   ]: 1554 (Loss: 0.4873)
[======================                  ]: 1555 (Loss: 0.4871)
[======================                  ]: 1556 (Loss: 0.5406)
[======================                  ]: 1557 (Loss: 0.5085)
[=======================                 ]: 1558 (Loss: 0.4705)
[=======================                 ]: 1559 (Loss: 0.4088)
[========================                ]: 1560 (Loss: 0.5236)
[========================                ]: 1561 (Loss: 0.5692)
[========================                ]: 1562 (Loss: 0.5777)
[=========================               ]: 1563 (Loss: 0.4936)
[=========================               ]: 1564 (Loss: 0.5877)
[==========================              ]: 1565 (Loss: 0.4213)
[==========================              ]: 1566 (Loss: 0.4697)
[==========================              ]: 1567 (Loss: 0.5003)
[===========================             ]: 1568 (Loss: 0.4039)
[===========================             ]: 1569 (Loss: 0.4613)
[============================            ]: 1570 (Loss: 0.4727)
[============================            ]: 1571 (Loss: 0.5293)
[============================            ]: 1572 (Loss: 0.4700)
[=============================           ]: 1573 (Loss: 0.4616)
[=============================           ]: 1574 (Loss: 0.4847)
[==============================          ]: 1575 (Loss: 0.4842)
[==============================          ]: 1576 (Loss: 0.5209)
[==============================          ]: 1577 (Loss: 0.4814)
[===============================         ]: 1578 (Loss: 0.4722)
[===============================         ]: 1579 (Loss: 0.4270)
[================================        ]: 1580 (Loss: 0.6088)
[================================        ]: 1581 (Loss: 0.5603)
[================================        ]: 1582 (Loss: 0.5326)
[=================================       ]: 1583 (Loss: 0.4684)
[=================================       ]: 1584 (Loss: 0.4831)
[==================================      ]: 1585 (Loss: 0.4885)
[==================================      ]: 1586 (Loss: 0.5343)
[==================================      ]: 1587 (Loss: 0.4270)
[===================================     ]: 1588 (Loss: 0.5483)
[===================================     ]: 1589 (Loss: 0.5655)
[====================================    ]: 1590 (Loss: 0.4733)
[====================================    ]: 1591 (Loss: 0.5545)
[====================================    ]: 1592 (Loss: 0.5181)
[=====================================   ]: 1593 (Loss: 0.5099)
[=====================================   ]: 1594 (Loss: 0.4713)
[======================================  ]: 1595 (Loss: 0.4902)
[======================================  ]: 1596 (Loss: 0.4509)
[======================================  ]: 1597 (Loss: 0.5213)
[======================================= ]: 1598 (Loss: 0.4016)
[======================================= ]: 1599 (Loss: 0.5605)
[========================================]: 1600 (Loss: 0.5166)
                                                                                                    
[2026-07-16 22:14:51,894] [INFO] [__main__] Batch 1600 Loss: 0.514429 Cost: 10.48 Time: 197 ms/sequence
[2026-07-16 22:14:51,895] [INFO] [__main__] Advice weight norm: 19.205076 | Advice gradient norm: 0.466290

[                                        ]: 1601 (Loss: 0.4805)
[                                        ]: 1602 (Loss: 0.5351)
[=                                       ]: 1603 (Loss: 0.4813)
[=                                       ]: 1604 (Loss: 0.5825)
[==                                      ]: 1605 (Loss: 0.5000)
[==                                      ]: 1606 (Loss: 0.5455)
[==                                      ]: 1607 (Loss: 0.4437)
[===                                     ]: 1608 (Loss: 0.5848)
[===                                     ]: 1609 (Loss: 0.5731)
[====                                    ]: 1610 (Loss: 0.4305)
[====                                    ]: 1611 (Loss: 0.3990)
[====                                    ]: 1612 (Loss: 0.4991)
[=====                                   ]: 1613 (Loss: 0.5114)
[=====                                   ]: 1614 (Loss: 0.4872)
[======                                  ]: 1615 (Loss: 0.4460)
[======                                  ]: 1616 (Loss: 0.4644)
[======                                  ]: 1617 (Loss: 0.4691)
[=======                                 ]: 1618 (Loss: 0.4243)
[=======                                 ]: 1619 (Loss: 0.5365)
[========                                ]: 1620 (Loss: 0.5001)
[========                                ]: 1621 (Loss: 0.4696)
[========                                ]: 1622 (Loss: 0.3864)
[=========                               ]: 1623 (Loss: 0.5334)
[=========                               ]: 1624 (Loss: 0.5064)
[==========                              ]: 1625 (Loss: 0.5024)
[==========                              ]: 1626 (Loss: 0.5858)
[==========                              ]: 1627 (Loss: 0.4421)
[===========                             ]: 1628 (Loss: 0.3543)
[===========                             ]: 1629 (Loss: 0.4986)
[============                            ]: 1630 (Loss: 0.6220)
[============                            ]: 1631 (Loss: 0.4086)
[============                            ]: 1632 (Loss: 0.5388)
[=============                           ]: 1633 (Loss: 0.4952)
[=============                           ]: 1634 (Loss: 0.4595)
[==============                          ]: 1635 (Loss: 0.4256)
[==============                          ]: 1636 (Loss: 0.3805)
[==============                          ]: 1637 (Loss: 0.4451)
[===============                         ]: 1638 (Loss: 0.4631)
[===============                         ]: 1639 (Loss: 0.6019)
[================                        ]: 1640 (Loss: 0.4977)
[================                        ]: 1641 (Loss: 0.5940)
[================                        ]: 1642 (Loss: 0.4821)
[=================                       ]: 1643 (Loss: 0.5404)
[=================                       ]: 1644 (Loss: 0.5415)
[==================                      ]: 1645 (Loss: 0.5061)
[==================                      ]: 1646 (Loss: 0.4820)
[==================                      ]: 1647 (Loss: 0.5134)
[===================                     ]: 1648 (Loss: 0.4399)
[===================                     ]: 1649 (Loss: 0.4597)
[====================                    ]: 1650 (Loss: 0.5020)
[====================                    ]: 1651 (Loss: 0.4588)
[====================                    ]: 1652 (Loss: 0.6137)
[=====================                   ]: 1653 (Loss: 0.4089)
[=====================                   ]: 1654 (Loss: 0.4348)
[======================                  ]: 1655 (Loss: 0.5716)
[======================                  ]: 1656 (Loss: 0.4283)
[======================                  ]: 1657 (Loss: 0.4867)
[=======================                 ]: 1658 (Loss: 0.4511)
[=======================                 ]: 1659 (Loss: 0.4395)
[========================                ]: 1660 (Loss: 0.4806)
[========================                ]: 1661 (Loss: 0.4177)
[========================                ]: 1662 (Loss: 0.5101)
[=========================               ]: 1663 (Loss: 0.5384)
[=========================               ]: 1664 (Loss: 0.5335)
[==========================              ]: 1665 (Loss: 0.5292)
[==========================              ]: 1666 (Loss: 0.5355)
[==========================              ]: 1667 (Loss: 0.4268)
[===========================             ]: 1668 (Loss: 0.5312)
[===========================             ]: 1669 (Loss: 0.4018)
[============================            ]: 1670 (Loss: 0.4751)
[============================            ]: 1671 (Loss: 0.5309)
[============================            ]: 1672 (Loss: 0.4393)
[=============================           ]: 1673 (Loss: 0.5294)
[=============================           ]: 1674 (Loss: 0.5855)
[==============================          ]: 1675 (Loss: 0.4748)
[==============================          ]: 1676 (Loss: 0.6424)
[==============================          ]: 1677 (Loss: 0.6337)
[===============================         ]: 1678 (Loss: 0.5337)
[===============================         ]: 1679 (Loss: 0.3703)
[================================        ]: 1680 (Loss: 0.5293)
[================================        ]: 1681 (Loss: 0.4972)
[================================        ]: 1682 (Loss: 0.4921)
[=================================       ]: 1683 (Loss: 0.5255)
[=================================       ]: 1684 (Loss: 0.4471)
[==================================      ]: 1685 (Loss: 0.4239)
[==================================      ]: 1686 (Loss: 0.4407)
[==================================      ]: 1687 (Loss: 0.5189)
[===================================     ]: 1688 (Loss: 0.4256)
[===================================     ]: 1689 (Loss: 0.4616)
[====================================    ]: 1690 (Loss: 0.4786)
[====================================    ]: 1691 (Loss: 0.5240)
[====================================    ]: 1692 (Loss: 0.4911)
[=====================================   ]: 1693 (Loss: 0.5365)
[=====================================   ]: 1694 (Loss: 0.4743)
[======================================  ]: 1695 (Loss: 0.5430)
[======================================  ]: 1696 (Loss: 0.4407)
[======================================  ]: 1697 (Loss: 0.4754)
[======================================= ]: 1698 (Loss: 0.5152)
[======================================= ]: 1699 (Loss: 0.4802)
[========================================]: 1700 (Loss: 0.4265)
                                                                                                    
[2026-07-16 22:15:12,042] [INFO] [__main__] Batch 1700 Loss: 0.491329 Cost: 9.77 Time: 201 ms/sequence
[2026-07-16 22:15:12,043] [INFO] [__main__] Advice weight norm: 19.222092 | Advice gradient norm: 0.373977

[                                        ]: 1701 (Loss: 0.3725)
[                                        ]: 1702 (Loss: 0.5372)
[=                                       ]: 1703 (Loss: 0.5194)
[=                                       ]: 1704 (Loss: 0.5621)
[==                                      ]: 1705 (Loss: 0.4199)
[==                                      ]: 1706 (Loss: 0.5416)
[==                                      ]: 1707 (Loss: 0.4983)
[===                                     ]: 1708 (Loss: 0.3872)
[===                                     ]: 1709 (Loss: 0.4616)
[====                                    ]: 1710 (Loss: 0.5296)
[====                                    ]: 1711 (Loss: 0.4937)
[====                                    ]: 1712 (Loss: 0.4273)
[=====                                   ]: 1713 (Loss: 0.4926)
[=====                                   ]: 1714 (Loss: 0.5216)
[======                                  ]: 1715 (Loss: 0.4259)
[======                                  ]: 1716 (Loss: 0.3686)
[======                                  ]: 1717 (Loss: 0.4065)
[=======                                 ]: 1718 (Loss: 0.4587)
[=======                                 ]: 1719 (Loss: 0.4759)
[========                                ]: 1720 (Loss: 0.4735)
[========                                ]: 1721 (Loss: 0.3827)
[========                                ]: 1722 (Loss: 0.4662)
[=========                               ]: 1723 (Loss: 0.4719)
[=========                               ]: 1724 (Loss: 0.4817)
[==========                              ]: 1725 (Loss: 0.4880)
[==========                              ]: 1726 (Loss: 0.5343)
[==========                              ]: 1727 (Loss: 0.4575)
[===========                             ]: 1728 (Loss: 0.4645)
[===========                             ]: 1729 (Loss: 0.4957)
[============                            ]: 1730 (Loss: 0.4661)
[============                            ]: 1731 (Loss: 0.5714)
[============                            ]: 1732 (Loss: 0.5238)
[=============                           ]: 1733 (Loss: 0.4259)
[=============                           ]: 1734 (Loss: 0.4307)
[==============                          ]: 1735 (Loss: 0.6557)
[==============                          ]: 1736 (Loss: 0.5055)
[==============                          ]: 1737 (Loss: 0.5563)
[===============                         ]: 1738 (Loss: 0.5588)
[===============                         ]: 1739 (Loss: 0.4559)
[================                        ]: 1740 (Loss: 0.5161)
[================                        ]: 1741 (Loss: 0.5136)
[================                        ]: 1742 (Loss: 0.4808)
[=================                       ]: 1743 (Loss: 0.4914)
[=================                       ]: 1744 (Loss: 0.4325)
[==================                      ]: 1745 (Loss: 0.4660)
[==================                      ]: 1746 (Loss: 0.5084)
[==================                      ]: 1747 (Loss: 0.4652)
[===================                     ]: 1748 (Loss: 0.5533)
[===================                     ]: 1749 (Loss: 0.5192)
[====================                    ]: 1750 (Loss: 0.5179)
[====================                    ]: 1751 (Loss: 0.3309)
[====================                    ]: 1752 (Loss: 0.4361)
[=====================                   ]: 1753 (Loss: 0.3595)
[=====================                   ]: 1754 (Loss: 0.4864)
[======================                  ]: 1755 (Loss: 0.5635)
[======================                  ]: 1756 (Loss: 0.4491)
[======================                  ]: 1757 (Loss: 0.5494)
[=======================                 ]: 1758 (Loss: 0.4785)
[=======================                 ]: 1759 (Loss: 0.5300)
[========================                ]: 1760 (Loss: 0.3972)
[========================                ]: 1761 (Loss: 0.4609)
[========================                ]: 1762 (Loss: 0.5172)
[=========================               ]: 1763 (Loss: 0.5119)
[=========================               ]: 1764 (Loss: 0.6345)
[==========================              ]: 1765 (Loss: 0.3837)
[==========================              ]: 1766 (Loss: 0.5742)
[==========================              ]: 1767 (Loss: 0.5502)
[===========================             ]: 1768 (Loss: 0.4835)
[===========================             ]: 1769 (Loss: 0.6304)
[============================            ]: 1770 (Loss: 0.5708)
[============================            ]: 1771 (Loss: 0.4461)
[============================            ]: 1772 (Loss: 0.4980)
[=============================           ]: 1773 (Loss: 0.4232)
[=============================           ]: 1774 (Loss: 0.5035)
[==============================          ]: 1775 (Loss: 0.4071)
[==============================          ]: 1776 (Loss: 0.4213)
[==============================          ]: 1777 (Loss: 0.4788)
[===============================         ]: 1778 (Loss: 0.5016)
[===============================         ]: 1779 (Loss: 0.4512)
[================================        ]: 1780 (Loss: 0.5785)
[================================        ]: 1781 (Loss: 0.5574)
[================================        ]: 1782 (Loss: 0.4863)
[=================================       ]: 1783 (Loss: 0.4763)
[=================================       ]: 1784 (Loss: 0.4546)
[==================================      ]: 1785 (Loss: 0.5035)
[==================================      ]: 1786 (Loss: 0.4633)
[==================================      ]: 1787 (Loss: 0.5815)
[===================================     ]: 1788 (Loss: 0.4984)
[===================================     ]: 1789 (Loss: 0.4797)
[====================================    ]: 1790 (Loss: 0.5604)
[====================================    ]: 1791 (Loss: 0.4198)
[====================================    ]: 1792 (Loss: 0.4483)
[=====================================   ]: 1793 (Loss: 0.5124)
[=====================================   ]: 1794 (Loss: 0.4778)
[======================================  ]: 1795 (Loss: 0.5551)
[======================================  ]: 1796 (Loss: 0.4881)
[======================================  ]: 1797 (Loss: 0.4125)
[======================================= ]: 1798 (Loss: 0.5213)
[======================================= ]: 1799 (Loss: 0.5936)
[========================================]: 1800 (Loss: 0.5672)
                                                                                                    
[2026-07-16 22:15:32,057] [INFO] [__main__] Batch 1800 Loss: 0.488960 Cost: 9.79 Time: 200 ms/sequence
[2026-07-16 22:15:32,057] [INFO] [__main__] Advice weight norm: 19.242388 | Advice gradient norm: 0.404491

[                                        ]: 1801 (Loss: 0.5335)
[                                        ]: 1802 (Loss: 0.3948)
[=                                       ]: 1803 (Loss: 0.4133)
[=                                       ]: 1804 (Loss: 0.5396)
[==                                      ]: 1805 (Loss: 0.4645)
[==                                      ]: 1806 (Loss: 0.4749)
[==                                      ]: 1807 (Loss: 0.4555)
[===                                     ]: 1808 (Loss: 0.5867)
[===                                     ]: 1809 (Loss: 0.4325)
[====                                    ]: 1810 (Loss: 0.5502)
[====                                    ]: 1811 (Loss: 0.4370)
[====                                    ]: 1812 (Loss: 0.5160)
[=====                                   ]: 1813 (Loss: 0.5071)
[=====                                   ]: 1814 (Loss: 0.4800)
[======                                  ]: 1815 (Loss: 0.5394)
[======                                  ]: 1816 (Loss: 0.4769)
[======                                  ]: 1817 (Loss: 0.4873)
[=======                                 ]: 1818 (Loss: 0.4690)
[=======                                 ]: 1819 (Loss: 0.5795)
[========                                ]: 1820 (Loss: 0.4379)
[========                                ]: 1821 (Loss: 0.4638)
[========                                ]: 1822 (Loss: 0.4251)
[=========                               ]: 1823 (Loss: 0.5187)
[=========                               ]: 1824 (Loss: 0.5198)
[==========                              ]: 1825 (Loss: 0.4977)
[==========                              ]: 1826 (Loss: 0.5928)
[==========                              ]: 1827 (Loss: 0.4560)
[===========                             ]: 1828 (Loss: 0.5093)
[===========                             ]: 1829 (Loss: 0.4724)
[============                            ]: 1830 (Loss: 0.4586)
[============                            ]: 1831 (Loss: 0.4523)
[============                            ]: 1832 (Loss: 0.4126)
[=============                           ]: 1833 (Loss: 0.4108)
[=============                           ]: 1834 (Loss: 0.4164)
[==============                          ]: 1835 (Loss: 0.6132)
[==============                          ]: 1836 (Loss: 0.5458)
[==============                          ]: 1837 (Loss: 0.5565)
[===============                         ]: 1838 (Loss: 0.4500)
[===============                         ]: 1839 (Loss: 0.5072)
[================                        ]: 1840 (Loss: 0.4257)
[================                        ]: 1841 (Loss: 0.5711)
[================                        ]: 1842 (Loss: 0.4181)
[=================                       ]: 1843 (Loss: 0.5201)
[=================                       ]: 1844 (Loss: 0.4012)
[==================                      ]: 1845 (Loss: 0.4273)
[==================                      ]: 1846 (Loss: 0.5631)
[==================                      ]: 1847 (Loss: 0.5229)
[===================                     ]: 1848 (Loss: 0.4509)
[===================                     ]: 1849 (Loss: 0.4488)
[====================                    ]: 1850 (Loss: 0.5270)
[====================                    ]: 1851 (Loss: 0.5124)
[====================                    ]: 1852 (Loss: 0.4339)
[=====================                   ]: 1853 (Loss: 0.4038)
[=====================                   ]: 1854 (Loss: 0.5433)
[======================                  ]: 1855 (Loss: 0.4391)
[======================                  ]: 1856 (Loss: 0.4640)
[======================                  ]: 1857 (Loss: 0.5891)
[=======================                 ]: 1858 (Loss: 0.4129)
[=======================                 ]: 1859 (Loss: 0.5781)
[========================                ]: 1860 (Loss: 0.4258)
[========================                ]: 1861 (Loss: 0.4601)
[========================                ]: 1862 (Loss: 0.4707)
[=========================               ]: 1863 (Loss: 0.4884)
[=========================               ]: 1864 (Loss: 0.5872)
[==========================              ]: 1865 (Loss: 0.4067)
[==========================              ]: 1866 (Loss: 0.4398)
[==========================              ]: 1867 (Loss: 0.4119)
[===========================             ]: 1868 (Loss: 0.4864)
[===========================             ]: 1869 (Loss: 0.4737)
[============================            ]: 1870 (Loss: 0.4933)
[============================            ]: 1871 (Loss: 0.4863)
[============================            ]: 1872 (Loss: 0.5327)
[=============================           ]: 1873 (Loss: 0.5391)
[=============================           ]: 1874 (Loss: 0.4722)
[==============================          ]: 1875 (Loss: 0.5617)
[==============================          ]: 1876 (Loss: 0.4984)
[==============================          ]: 1877 (Loss: 0.3969)
[===============================         ]: 1878 (Loss: 0.5191)
[===============================         ]: 1879 (Loss: 0.4855)
[================================        ]: 1880 (Loss: 0.4901)
[================================        ]: 1881 (Loss: 0.4650)
[================================        ]: 1882 (Loss: 0.4559)
[=================================       ]: 1883 (Loss: 0.6132)
[=================================       ]: 1884 (Loss: 0.4408)
[==================================      ]: 1885 (Loss: 0.4301)
[==================================      ]: 1886 (Loss: 0.4733)
[==================================      ]: 1887 (Loss: 0.4894)
[===================================     ]: 1888 (Loss: 0.5261)
[===================================     ]: 1889 (Loss: 0.4755)
[====================================    ]: 1890 (Loss: 0.4673)
[====================================    ]: 1891 (Loss: 0.5580)
[====================================    ]: 1892 (Loss: 0.4660)
[=====================================   ]: 1893 (Loss: 0.4773)
[=====================================   ]: 1894 (Loss: 0.4592)
[======================================  ]: 1895 (Loss: 0.3788)
[======================================  ]: 1896 (Loss: 0.4618)
[======================================  ]: 1897 (Loss: 0.5801)
[======================================= ]: 1898 (Loss: 0.6364)
[======================================= ]: 1899 (Loss: 0.3938)
[========================================]: 1900 (Loss: 0.4875)
                                                                                                    
[2026-07-16 22:15:51,680] [INFO] [__main__] Batch 1900 Loss: 0.485685 Cost: 9.64 Time: 196 ms/sequence
[2026-07-16 22:15:51,680] [INFO] [__main__] Advice weight norm: 19.266428 | Advice gradient norm: 0.313219

[                                        ]: 1901 (Loss: 0.5800)
[                                        ]: 1902 (Loss: 0.5188)
[=                                       ]: 1903 (Loss: 0.4942)
[=                                       ]: 1904 (Loss: 0.5367)
[==                                      ]: 1905 (Loss: 0.4351)
[==                                      ]: 1906 (Loss: 0.5742)
[==                                      ]: 1907 (Loss: 0.5057)
[===                                     ]: 1908 (Loss: 0.5450)
[===                                     ]: 1909 (Loss: 0.3853)
[====                                    ]: 1910 (Loss: 0.5337)
[====                                    ]: 1911 (Loss: 0.4810)
[====                                    ]: 1912 (Loss: 0.5111)
[=====                                   ]: 1913 (Loss: 0.4502)
[=====                                   ]: 1914 (Loss: 0.4777)
[======                                  ]: 1915 (Loss: 0.3950)
[======                                  ]: 1916 (Loss: 0.3513)
[======                                  ]: 1917 (Loss: 0.4396)
[=======                                 ]: 1918 (Loss: 0.5083)
[=======                                 ]: 1919 (Loss: 0.4399)
[========                                ]: 1920 (Loss: 0.5932)
[========                                ]: 1921 (Loss: 0.4976)
[========                                ]: 1922 (Loss: 0.4476)
[=========                               ]: 1923 (Loss: 0.5031)
[=========                               ]: 1924 (Loss: 0.4573)
[==========                              ]: 1925 (Loss: 0.3848)
[==========                              ]: 1926 (Loss: 0.4797)
[==========                              ]: 1927 (Loss: 0.6097)
[===========                             ]: 1928 (Loss: 0.4630)
[===========                             ]: 1929 (Loss: 0.5222)
[============                            ]: 1930 (Loss: 0.4931)
[============                            ]: 1931 (Loss: 0.5677)
[============                            ]: 1932 (Loss: 0.4069)
[=============                           ]: 1933 (Loss: 0.4814)
[=============                           ]: 1934 (Loss: 0.5482)
[==============                          ]: 1935 (Loss: 0.4255)
[==============                          ]: 1936 (Loss: 0.6351)
[==============                          ]: 1937 (Loss: 0.4248)
[===============                         ]: 1938 (Loss: 0.3582)
[===============                         ]: 1939 (Loss: 0.4503)
[================                        ]: 1940 (Loss: 0.5165)
[================                        ]: 1941 (Loss: 0.4055)
[================                        ]: 1942 (Loss: 0.5968)
[=================                       ]: 1943 (Loss: 0.3875)
[=================                       ]: 1944 (Loss: 0.3889)
[==================                      ]: 1945 (Loss: 0.5258)
[==================                      ]: 1946 (Loss: 0.5177)
[==================                      ]: 1947 (Loss: 0.5232)
[===================                     ]: 1948 (Loss: 0.4729)
[===================                     ]: 1949 (Loss: 0.3691)
[====================                    ]: 1950 (Loss: 0.5731)
[====================                    ]: 1951 (Loss: 0.4910)
[====================                    ]: 1952 (Loss: 0.4747)
[=====================                   ]: 1953 (Loss: 0.4591)
[=====================                   ]: 1954 (Loss: 0.5161)
[======================                  ]: 1955 (Loss: 0.5351)
[======================                  ]: 1956 (Loss: 0.4081)
[======================                  ]: 1957 (Loss: 0.4369)
[=======================                 ]: 1958 (Loss: 0.5412)
[=======================                 ]: 1959 (Loss: 0.5264)
[========================                ]: 1960 (Loss: 0.3395)
[========================                ]: 1961 (Loss: 0.5044)
[========================                ]: 1962 (Loss: 0.5081)
[=========================               ]: 1963 (Loss: 0.4798)
[=========================               ]: 1964 (Loss: 0.4352)
[==========================              ]: 1965 (Loss: 0.3387)
[==========================              ]: 1966 (Loss: 0.5103)
[==========================              ]: 1967 (Loss: 0.4923)
[===========================             ]: 1968 (Loss: 0.4352)
[===========================             ]: 1969 (Loss: 0.5079)
[============================            ]: 1970 (Loss: 0.4374)
[============================            ]: 1971 (Loss: 0.5206)
[============================            ]: 1972 (Loss: 0.4837)
[=============================           ]: 1973 (Loss: 0.3838)
[=============================           ]: 1974 (Loss: 0.4766)
[==============================          ]: 1975 (Loss: 0.4895)
[==============================          ]: 1976 (Loss: 0.4978)
[==============================          ]: 1977 (Loss: 0.5539)
[===============================         ]: 1978 (Loss: 0.5724)
[===============================         ]: 1979 (Loss: 0.5976)
[================================        ]: 1980 (Loss: 0.3995)
[================================        ]: 1981 (Loss: 0.4787)
[================================        ]: 1982 (Loss: 0.5030)
[=================================       ]: 1983 (Loss: 0.5348)
[=================================       ]: 1984 (Loss: 0.4936)
[==================================      ]: 1985 (Loss: 0.5167)
[==================================      ]: 1986 (Loss: 0.4502)
[==================================      ]: 1987 (Loss: 0.4449)
[===================================     ]: 1988 (Loss: 0.3606)
[===================================     ]: 1989 (Loss: 0.5056)
[====================================    ]: 1990 (Loss: 0.4984)
[====================================    ]: 1991 (Loss: 0.4751)
[====================================    ]: 1992 (Loss: 0.4778)
[=====================================   ]: 1993 (Loss: 0.5250)
[=====================================   ]: 1994 (Loss: 0.4481)
[======================================  ]: 1995 (Loss: 0.4197)
[======================================  ]: 1996 (Loss: 0.4409)
[======================================  ]: 1997 (Loss: 0.4176)
[======================================= ]: 1998 (Loss: 0.4513)
[======================================= ]: 1999 (Loss: 0.4271)
[========================================]: 2000 (Loss: 0.4753)
                                                                                                    
[2026-07-16 22:16:11,435] [INFO] [__main__] Batch 2000 Loss: 0.478863 Cost: 9.67 Time: 197 ms/sequence
[2026-07-16 22:16:11,435] [INFO] [__main__] Advice weight norm: 19.285103 | Advice gradient norm: 0.493445

                                                                                                    
[2026-07-16 22:16:11,438] [INFO] [__main__] Saving checkpoint to 'runs\copy_sanity_len5\copy\combined\seed_1001\checkpoint-batch-00002000.pt'

[                                        ]: 2001 (Loss: 0.3740)
[                                        ]: 2002 (Loss: 0.4383)
[=                                       ]: 2003 (Loss: 0.4193)
[=                                       ]: 2004 (Loss: 0.5624)
[==                                      ]: 2005 (Loss: 0.3904)
[==                                      ]: 2006 (Loss: 0.5157)
[==                                      ]: 2007 (Loss: 0.3859)
[===                                     ]: 2008 (Loss: 0.3933)
[===                                     ]: 2009 (Loss: 0.4478)
[====                                    ]: 2010 (Loss: 0.4985)
[====                                    ]: 2011 (Loss: 0.3939)
[====                                    ]: 2012 (Loss: 0.6308)
[=====                                   ]: 2013 (Loss: 0.4605)
[=====                                   ]: 2014 (Loss: 0.5403)
[======                                  ]: 2015 (Loss: 0.5411)
[======                                  ]: 2016 (Loss: 0.5001)
[======                                  ]: 2017 (Loss: 0.4478)
[=======                                 ]: 2018 (Loss: 0.5061)
[=======                                 ]: 2019 (Loss: 0.4339)
[========                                ]: 2020 (Loss: 0.4685)
[========                                ]: 2021 (Loss: 0.3847)
[========                                ]: 2022 (Loss: 0.4388)
[=========                               ]: 2023 (Loss: 0.6637)
[=========                               ]: 2024 (Loss: 0.5051)
[==========                              ]: 2025 (Loss: 0.4773)
[==========                              ]: 2026 (Loss: 0.4034)
[==========                              ]: 2027 (Loss: 0.3897)
[===========                             ]: 2028 (Loss: 0.6505)
[===========                             ]: 2029 (Loss: 0.4227)
[============                            ]: 2030 (Loss: 0.5760)
[============                            ]: 2031 (Loss: 0.4696)
[============                            ]: 2032 (Loss: 0.5003)
[=============                           ]: 2033 (Loss: 0.4666)
[=============                           ]: 2034 (Loss: 0.4993)
[==============                          ]: 2035 (Loss: 0.4983)
[==============                          ]: 2036 (Loss: 0.3919)
[==============                          ]: 2037 (Loss: 0.5297)
[===============                         ]: 2038 (Loss: 0.4948)
[===============                         ]: 2039 (Loss: 0.4593)
[================                        ]: 2040 (Loss: 0.5265)
[================                        ]: 2041 (Loss: 0.4449)
[================                        ]: 2042 (Loss: 0.4743)
[=================                       ]: 2043 (Loss: 0.4967)
[=================                       ]: 2044 (Loss: 0.5154)
[==================                      ]: 2045 (Loss: 0.4254)
[==================                      ]: 2046 (Loss: 0.5498)
[==================                      ]: 2047 (Loss: 0.3995)
[===================                     ]: 2048 (Loss: 0.5071)
[===================                     ]: 2049 (Loss: 0.6035)
[====================                    ]: 2050 (Loss: 0.4732)
[====================                    ]: 2051 (Loss: 0.4912)
[====================                    ]: 2052 (Loss: 0.4811)
[=====================                   ]: 2053 (Loss: 0.3528)
[=====================                   ]: 2054 (Loss: 0.3806)
[======================                  ]: 2055 (Loss: 0.4841)
[======================                  ]: 2056 (Loss: 0.3820)
[======================                  ]: 2057 (Loss: 0.3719)
[=======================                 ]: 2058 (Loss: 0.4868)
[=======================                 ]: 2059 (Loss: 0.5112)
[========================                ]: 2060 (Loss: 0.3815)
[========================                ]: 2061 (Loss: 0.5073)
[========================                ]: 2062 (Loss: 0.5537)
[=========================               ]: 2063 (Loss: 0.3606)
[=========================               ]: 2064 (Loss: 0.5205)
[==========================              ]: 2065 (Loss: 0.4938)
[==========================              ]: 2066 (Loss: 0.4923)
[==========================              ]: 2067 (Loss: 0.3848)
[===========================             ]: 2068 (Loss: 0.4882)
[===========================             ]: 2069 (Loss: 0.4193)
[============================            ]: 2070 (Loss: 0.4797)
[============================            ]: 2071 (Loss: 0.4816)
[============================            ]: 2072 (Loss: 0.4604)
[=============================           ]: 2073 (Loss: 0.5720)
[=============================           ]: 2074 (Loss: 0.4778)
[==============================          ]: 2075 (Loss: 0.3745)
[==============================          ]: 2076 (Loss: 0.4871)
[==============================          ]: 2077 (Loss: 0.4847)
[===============================         ]: 2078 (Loss: 0.4779)
[===============================         ]: 2079 (Loss: 0.4516)
[================================        ]: 2080 (Loss: 0.4356)
[================================        ]: 2081 (Loss: 0.5093)
[================================        ]: 2082 (Loss: 0.5192)
[=================================       ]: 2083 (Loss: 0.5030)
[=================================       ]: 2084 (Loss: 0.5326)
[==================================      ]: 2085 (Loss: 0.5553)
[==================================      ]: 2086 (Loss: 0.5408)
[==================================      ]: 2087 (Loss: 0.3877)
[===================================     ]: 2088 (Loss: 0.5559)
[===================================     ]: 2089 (Loss: 0.4654)
[====================================    ]: 2090 (Loss: 0.5740)
[====================================    ]: 2091 (Loss: 0.5638)
[====================================    ]: 2092 (Loss: 0.4924)
[=====================================   ]: 2093 (Loss: 0.4936)
[=====================================   ]: 2094 (Loss: 0.4069)
[======================================  ]: 2095 (Loss: 0.4314)
[======================================  ]: 2096 (Loss: 0.5000)
[======================================  ]: 2097 (Loss: 0.4455)
[======================================= ]: 2098 (Loss: 0.3069)
[======================================= ]: 2099 (Loss: 0.5240)
[========================================]: 2100 (Loss: 0.4998)
                                                                                                    
[2026-07-16 22:16:31,653] [INFO] [__main__] Batch 2100 Loss: 0.475208 Cost: 9.25 Time: 202 ms/sequence
[2026-07-16 22:16:31,653] [INFO] [__main__] Advice weight norm: 19.301685 | Advice gradient norm: 0.372003

[                                        ]: 2101 (Loss: 0.4600)
[                                        ]: 2102 (Loss: 0.4125)
[=                                       ]: 2103 (Loss: 0.4031)
[=                                       ]: 2104 (Loss: 0.5074)
[==                                      ]: 2105 (Loss: 0.5015)
[==                                      ]: 2106 (Loss: 0.4576)
[==                                      ]: 2107 (Loss: 0.3746)
[===                                     ]: 2108 (Loss: 0.4556)
[===                                     ]: 2109 (Loss: 0.4032)
[====                                    ]: 2110 (Loss: 0.4111)
[====                                    ]: 2111 (Loss: 0.4562)
[====                                    ]: 2112 (Loss: 0.3535)
[=====                                   ]: 2113 (Loss: 0.4395)
[=====                                   ]: 2114 (Loss: 0.4388)
[======                                  ]: 2115 (Loss: 0.4304)
[======                                  ]: 2116 (Loss: 0.4301)
[======                                  ]: 2117 (Loss: 0.5246)
[=======                                 ]: 2118 (Loss: 0.5419)
[=======                                 ]: 2119 (Loss: 0.3806)
[========                                ]: 2120 (Loss: 0.4988)
[========                                ]: 2121 (Loss: 0.5175)
[========                                ]: 2122 (Loss: 0.5385)
[=========                               ]: 2123 (Loss: 0.3714)
[=========                               ]: 2124 (Loss: 0.3886)
[==========                              ]: 2125 (Loss: 0.4282)
[==========                              ]: 2126 (Loss: 0.3910)
[==========                              ]: 2127 (Loss: 0.4503)
[===========                             ]: 2128 (Loss: 0.5113)
[===========                             ]: 2129 (Loss: 0.5906)
[============                            ]: 2130 (Loss: 0.3559)
[============                            ]: 2131 (Loss: 0.3918)
[============                            ]: 2132 (Loss: 0.5886)
[=============                           ]: 2133 (Loss: 0.5193)
[=============                           ]: 2134 (Loss: 0.4501)
[==============                          ]: 2135 (Loss: 0.5071)
[==============                          ]: 2136 (Loss: 0.5316)
[==============                          ]: 2137 (Loss: 0.4498)
[===============                         ]: 2138 (Loss: 0.5440)
[===============                         ]: 2139 (Loss: 0.4056)
[================                        ]: 2140 (Loss: 0.3706)
[================                        ]: 2141 (Loss: 0.4899)
[================                        ]: 2142 (Loss: 0.4581)
[=================                       ]: 2143 (Loss: 0.4304)
[=================                       ]: 2144 (Loss: 0.5428)
[==================                      ]: 2145 (Loss: 0.4773)
[==================                      ]: 2146 (Loss: 0.4856)
[==================                      ]: 2147 (Loss: 0.5173)
[===================                     ]: 2148 (Loss: 0.4178)
[===================                     ]: 2149 (Loss: 0.4679)
[====================                    ]: 2150 (Loss: 0.3870)
[====================                    ]: 2151 (Loss: 0.4632)
[====================                    ]: 2152 (Loss: 0.4094)
[=====================                   ]: 2153 (Loss: 0.4273)
[=====================                   ]: 2154 (Loss: 0.4773)
[======================                  ]: 2155 (Loss: 0.3985)
[======================                  ]: 2156 (Loss: 0.4712)
[======================                  ]: 2157 (Loss: 0.4701)
[=======================                 ]: 2158 (Loss: 0.4943)
[=======================                 ]: 2159 (Loss: 0.4115)
[========================                ]: 2160 (Loss: 0.4243)
[========================                ]: 2161 (Loss: 0.2988)
[========================                ]: 2162 (Loss: 0.5937)
[=========================               ]: 2163 (Loss: 0.5285)
[=========================               ]: 2164 (Loss: 0.4771)
[==========================              ]: 2165 (Loss: 0.5487)
[==========================              ]: 2166 (Loss: 0.5184)
[==========================              ]: 2167 (Loss: 0.4891)
[===========================             ]: 2168 (Loss: 0.4313)
[===========================             ]: 2169 (Loss: 0.4679)
[============================            ]: 2170 (Loss: 0.4642)
[============================            ]: 2171 (Loss: 0.4812)
[============================            ]: 2172 (Loss: 0.3817)
[=============================           ]: 2173 (Loss: 0.5373)
[=============================           ]: 2174 (Loss: 0.5452)
[==============================          ]: 2175 (Loss: 0.5091)
[==============================          ]: 2176 (Loss: 0.4366)
[==============================          ]: 2177 (Loss: 0.4468)
[===============================         ]: 2178 (Loss: 0.5759)
[===============================         ]: 2179 (Loss: 0.4860)
[================================        ]: 2180 (Loss: 0.4554)
[================================        ]: 2181 (Loss: 0.4421)
[================================        ]: 2182 (Loss: 0.4255)
[=================================       ]: 2183 (Loss: 0.4983)
[=================================       ]: 2184 (Loss: 0.4854)
[==================================      ]: 2185 (Loss: 0.4495)
[==================================      ]: 2186 (Loss: 0.3825)
[==================================      ]: 2187 (Loss: 0.4582)
[===================================     ]: 2188 (Loss: 0.5684)
[===================================     ]: 2189 (Loss: 0.4042)
[====================================    ]: 2190 (Loss: 0.4294)
[====================================    ]: 2191 (Loss: 0.4902)
[====================================    ]: 2192 (Loss: 0.3812)
[=====================================   ]: 2193 (Loss: 0.3958)
[=====================================   ]: 2194 (Loss: 0.4594)
[======================================  ]: 2195 (Loss: 0.4003)
[======================================  ]: 2196 (Loss: 0.4779)
[======================================  ]: 2197 (Loss: 0.4291)
[======================================= ]: 2198 (Loss: 0.5139)
[======================================= ]: 2199 (Loss: 0.5209)
[========================================]: 2200 (Loss: 0.5935)
                                                                                                    
[2026-07-16 22:16:51,161] [INFO] [__main__] Batch 2200 Loss: 0.461824 Cost: 9.02 Time: 195 ms/sequence
[2026-07-16 22:16:51,161] [INFO] [__main__] Advice weight norm: 19.325003 | Advice gradient norm: 0.601851

[                                        ]: 2201 (Loss: 0.6125)
[                                        ]: 2202 (Loss: 0.4945)
[=                                       ]: 2203 (Loss: 0.5136)
[=                                       ]: 2204 (Loss: 0.4674)
[==                                      ]: 2205 (Loss: 0.4034)
[==                                      ]: 2206 (Loss: 0.4953)
[==                                      ]: 2207 (Loss: 0.4752)
[===                                     ]: 2208 (Loss: 0.4731)
[===                                     ]: 2209 (Loss: 0.4688)
[====                                    ]: 2210 (Loss: 0.4233)
[====                                    ]: 2211 (Loss: 0.4760)
[====                                    ]: 2212 (Loss: 0.4630)
[=====                                   ]: 2213 (Loss: 0.4933)
[=====                                   ]: 2214 (Loss: 0.6884)
[======                                  ]: 2215 (Loss: 0.4821)
[======                                  ]: 2216 (Loss: 0.4402)
[======                                  ]: 2217 (Loss: 0.4987)
[=======                                 ]: 2218 (Loss: 0.3931)
[=======                                 ]: 2219 (Loss: 0.4511)
[========                                ]: 2220 (Loss: 0.4373)
[========                                ]: 2221 (Loss: 0.3858)
[========                                ]: 2222 (Loss: 0.4934)
[=========                               ]: 2223 (Loss: 0.4339)
[=========                               ]: 2224 (Loss: 0.4791)
[==========                              ]: 2225 (Loss: 0.5088)
[==========                              ]: 2226 (Loss: 0.5566)
[==========                              ]: 2227 (Loss: 0.4310)
[===========                             ]: 2228 (Loss: 0.4207)
[===========                             ]: 2229 (Loss: 0.5486)
[============                            ]: 2230 (Loss: 0.4541)
[============                            ]: 2231 (Loss: 0.3994)
[============                            ]: 2232 (Loss: 0.4794)
[=============                           ]: 2233 (Loss: 0.4809)
[=============                           ]: 2234 (Loss: 0.2969)
[==============                          ]: 2235 (Loss: 0.4424)
[==============                          ]: 2236 (Loss: 0.4868)
[==============                          ]: 2237 (Loss: 0.4350)
[===============                         ]: 2238 (Loss: 0.4478)
[===============                         ]: 2239 (Loss: 0.5936)
[================                        ]: 2240 (Loss: 0.6603)
[================                        ]: 2241 (Loss: 0.4088)
[================                        ]: 2242 (Loss: 0.5348)
[=================                       ]: 2243 (Loss: 0.3603)
[=================                       ]: 2244 (Loss: 0.4342)
[==================                      ]: 2245 (Loss: 0.4552)
[==================                      ]: 2246 (Loss: 0.4097)
[==================                      ]: 2247 (Loss: 0.5074)
[===================                     ]: 2248 (Loss: 0.4201)
[===================                     ]: 2249 (Loss: 0.5513)
[====================                    ]: 2250 (Loss: 0.4714)
[====================                    ]: 2251 (Loss: 0.4071)
[====================                    ]: 2252 (Loss: 0.5213)
[=====================                   ]: 2253 (Loss: 0.5432)
[=====================                   ]: 2254 (Loss: 0.4891)
[======================                  ]: 2255 (Loss: 0.5388)
[======================                  ]: 2256 (Loss: 0.3391)
[======================                  ]: 2257 (Loss: 0.4621)
[=======================                 ]: 2258 (Loss: 0.5648)
[=======================                 ]: 2259 (Loss: 0.5621)
[========================                ]: 2260 (Loss: 0.4269)
[========================                ]: 2261 (Loss: 0.5461)
[========================                ]: 2262 (Loss: 0.3729)
[=========================               ]: 2263 (Loss: 0.4514)
[=========================               ]: 2264 (Loss: 0.3503)
[==========================              ]: 2265 (Loss: 0.4415)
[==========================              ]: 2266 (Loss: 0.4729)
[==========================              ]: 2267 (Loss: 0.4923)
[===========================             ]: 2268 (Loss: 0.4786)
[===========================             ]: 2269 (Loss: 0.5485)
[============================            ]: 2270 (Loss: 0.4316)
[============================            ]: 2271 (Loss: 0.6162)
[============================            ]: 2272 (Loss: 0.3401)
[=============================           ]: 2273 (Loss: 0.5289)
[=============================           ]: 2274 (Loss: 0.5041)
[==============================          ]: 2275 (Loss: 0.3896)
[==============================          ]: 2276 (Loss: 0.3748)
[==============================          ]: 2277 (Loss: 0.3849)
[===============================         ]: 2278 (Loss: 0.5480)
[===============================         ]: 2279 (Loss: 0.4776)
[================================        ]: 2280 (Loss: 0.5424)
[================================        ]: 2281 (Loss: 0.4641)
[================================        ]: 2282 (Loss: 0.5376)
[=================================       ]: 2283 (Loss: 0.3376)
[=================================       ]: 2284 (Loss: 0.5031)
[==================================      ]: 2285 (Loss: 0.4189)
[==================================      ]: 2286 (Loss: 0.4631)
[==================================      ]: 2287 (Loss: 0.4796)
[===================================     ]: 2288 (Loss: 0.5831)
[===================================     ]: 2289 (Loss: 0.4392)
[====================================    ]: 2290 (Loss: 0.5330)
[====================================    ]: 2291 (Loss: 0.4718)
[====================================    ]: 2292 (Loss: 0.4401)
[=====================================   ]: 2293 (Loss: 0.3863)
[=====================================   ]: 2294 (Loss: 0.5142)
[======================================  ]: 2295 (Loss: 0.5058)
[======================================  ]: 2296 (Loss: 0.4732)
[======================================  ]: 2297 (Loss: 0.4287)
[======================================= ]: 2298 (Loss: 0.5152)
[======================================= ]: 2299 (Loss: 0.4582)
[========================================]: 2300 (Loss: 0.3952)
                                                                                                    
[2026-07-16 22:17:10,770] [INFO] [__main__] Batch 2300 Loss: 0.471333 Cost: 9.44 Time: 196 ms/sequence
[2026-07-16 22:17:10,770] [INFO] [__main__] Advice weight norm: 19.345041 | Advice gradient norm: 0.392497

[                                        ]: 2301 (Loss: 0.3568)
[                                        ]: 2302 (Loss: 0.4872)
[=                                       ]: 2303 (Loss: 0.4063)
[=                                       ]: 2304 (Loss: 0.5011)
[==                                      ]: 2305 (Loss: 0.4899)
[==                                      ]: 2306 (Loss: 0.4661)
[==                                      ]: 2307 (Loss: 0.5010)
[===                                     ]: 2308 (Loss: 0.3769)
[===                                     ]: 2309 (Loss: 0.4572)
[====                                    ]: 2310 (Loss: 0.4614)
[====                                    ]: 2311 (Loss: 0.5166)
[====                                    ]: 2312 (Loss: 0.4431)
[=====                                   ]: 2313 (Loss: 0.4861)
[=====                                   ]: 2314 (Loss: 0.3674)
[======                                  ]: 2315 (Loss: 0.4218)
[======                                  ]: 2316 (Loss: 0.6148)
[======                                  ]: 2317 (Loss: 0.5156)
[=======                                 ]: 2318 (Loss: 0.5110)
[=======                                 ]: 2319 (Loss: 0.4977)
[========                                ]: 2320 (Loss: 0.3970)
[========                                ]: 2321 (Loss: 0.5744)
[========                                ]: 2322 (Loss: 0.3965)
[=========                               ]: 2323 (Loss: 0.3731)
[=========                               ]: 2324 (Loss: 0.4839)
[==========                              ]: 2325 (Loss: 0.5285)
[==========                              ]: 2326 (Loss: 0.4370)
[==========                              ]: 2327 (Loss: 0.4592)
[===========                             ]: 2328 (Loss: 0.4055)
[===========                             ]: 2329 (Loss: 0.5100)
[============                            ]: 2330 (Loss: 0.3717)
[============                            ]: 2331 (Loss: 0.5645)
[============                            ]: 2332 (Loss: 0.5161)
[=============                           ]: 2333 (Loss: 0.3871)
[=============                           ]: 2334 (Loss: 0.3748)
[==============                          ]: 2335 (Loss: 0.4572)
[==============                          ]: 2336 (Loss: 0.4557)
[==============                          ]: 2337 (Loss: 0.5616)
[===============                         ]: 2338 (Loss: 0.4819)
[===============                         ]: 2339 (Loss: 0.5085)
[================                        ]: 2340 (Loss: 0.5778)
[================                        ]: 2341 (Loss: 0.5792)
[================                        ]: 2342 (Loss: 0.4630)
[=================                       ]: 2343 (Loss: 0.4245)
[=================                       ]: 2344 (Loss: 0.5172)
[==================                      ]: 2345 (Loss: 0.4613)
[==================                      ]: 2346 (Loss: 0.4203)
[==================                      ]: 2347 (Loss: 0.4691)
[===================                     ]: 2348 (Loss: 0.4042)
[===================                     ]: 2349 (Loss: 0.4541)
[====================                    ]: 2350 (Loss: 0.5119)
[====================                    ]: 2351 (Loss: 0.3933)
[====================                    ]: 2352 (Loss: 0.5875)
[=====================                   ]: 2353 (Loss: 0.5429)
[=====================                   ]: 2354 (Loss: 0.4728)
[======================                  ]: 2355 (Loss: 0.5210)
[======================                  ]: 2356 (Loss: 0.4858)
[======================                  ]: 2357 (Loss: 0.4880)
[=======================                 ]: 2358 (Loss: 0.5511)
[=======================                 ]: 2359 (Loss: 0.4890)
[========================                ]: 2360 (Loss: 0.4828)
[========================                ]: 2361 (Loss: 0.5093)
[========================                ]: 2362 (Loss: 0.4396)
[=========================               ]: 2363 (Loss: 0.4512)
[=========================               ]: 2364 (Loss: 0.5490)
[==========================              ]: 2365 (Loss: 0.5056)
[==========================              ]: 2366 (Loss: 0.3752)
[==========================              ]: 2367 (Loss: 0.5017)
[===========================             ]: 2368 (Loss: 0.4241)
[===========================             ]: 2369 (Loss: 0.6516)
[============================            ]: 2370 (Loss: 0.5021)
[============================            ]: 2371 (Loss: 0.4515)
[============================            ]: 2372 (Loss: 0.5077)
[=============================           ]: 2373 (Loss: 0.4408)
[=============================           ]: 2374 (Loss: 0.4322)
[==============================          ]: 2375 (Loss: 0.4305)
[==============================          ]: 2376 (Loss: 0.4283)
[==============================          ]: 2377 (Loss: 0.4711)
[===============================         ]: 2378 (Loss: 0.4358)
[===============================         ]: 2379 (Loss: 0.4982)
[================================        ]: 2380 (Loss: 0.4653)
[================================        ]: 2381 (Loss: 0.5076)
[================================        ]: 2382 (Loss: 0.4670)
[=================================       ]: 2383 (Loss: 0.5020)
[=================================       ]: 2384 (Loss: 0.3913)
[==================================      ]: 2385 (Loss: 0.4710)
[==================================      ]: 2386 (Loss: 0.5023)
[==================================      ]: 2387 (Loss: 0.3428)
[===================================     ]: 2388 (Loss: 0.5051)
[===================================     ]: 2389 (Loss: 0.4044)
[====================================    ]: 2390 (Loss: 0.4009)
[====================================    ]: 2391 (Loss: 0.5437)
[====================================    ]: 2392 (Loss: 0.4966)
[=====================================   ]: 2393 (Loss: 0.3227)
[=====================================   ]: 2394 (Loss: 0.3127)
[======================================  ]: 2395 (Loss: 0.5487)
[======================================  ]: 2396 (Loss: 0.3876)
[======================================  ]: 2397 (Loss: 0.4714)
[======================================= ]: 2398 (Loss: 0.4586)
[======================================= ]: 2399 (Loss: 0.3922)
[========================================]: 2400 (Loss: 0.3940)
                                                                                                    
[2026-07-16 22:17:30,514] [INFO] [__main__] Batch 2400 Loss: 0.467122 Cost: 9.07 Time: 197 ms/sequence
[2026-07-16 22:17:30,515] [INFO] [__main__] Advice weight norm: 19.362164 | Advice gradient norm: 0.272393

[                                        ]: 2401 (Loss: 0.3438)
[                                        ]: 2402 (Loss: 0.4858)
[=                                       ]: 2403 (Loss: 0.4572)
[=                                       ]: 2404 (Loss: 0.4082)
[==                                      ]: 2405 (Loss: 0.3963)
[==                                      ]: 2406 (Loss: 0.4486)
[==                                      ]: 2407 (Loss: 0.3941)
[===                                     ]: 2408 (Loss: 0.5048)
[===                                     ]: 2409 (Loss: 0.4801)
[====                                    ]: 2410 (Loss: 0.5824)
[====                                    ]: 2411 (Loss: 0.3984)
[====                                    ]: 2412 (Loss: 0.4414)
[=====                                   ]: 2413 (Loss: 0.4695)
[=====                                   ]: 2414 (Loss: 0.4899)
[======                                  ]: 2415 (Loss: 0.4709)
[======                                  ]: 2416 (Loss: 0.4853)
[======                                  ]: 2417 (Loss: 0.4063)
[=======                                 ]: 2418 (Loss: 0.5527)
[=======                                 ]: 2419 (Loss: 0.4855)
[========                                ]: 2420 (Loss: 0.4540)
[========                                ]: 2421 (Loss: 0.4312)
[========                                ]: 2422 (Loss: 0.3612)
[=========                               ]: 2423 (Loss: 0.5680)
[=========                               ]: 2424 (Loss: 0.4395)
[==========                              ]: 2425 (Loss: 0.4625)
[==========                              ]: 2426 (Loss: 0.4180)
[==========                              ]: 2427 (Loss: 0.4083)
[===========                             ]: 2428 (Loss: 0.5235)
[===========                             ]: 2429 (Loss: 0.4995)
[============                            ]: 2430 (Loss: 0.5434)
[============                            ]: 2431 (Loss: 0.4936)
[============                            ]: 2432 (Loss: 0.4832)
[=============                           ]: 2433 (Loss: 0.4132)
[=============                           ]: 2434 (Loss: 0.4775)
[==============                          ]: 2435 (Loss: 0.4479)
[==============                          ]: 2436 (Loss: 0.4306)
[==============                          ]: 2437 (Loss: 0.4120)
[===============                         ]: 2438 (Loss: 0.6216)
[===============                         ]: 2439 (Loss: 0.3823)
[================                        ]: 2440 (Loss: 0.3783)
[================                        ]: 2441 (Loss: 0.4819)
[================                        ]: 2442 (Loss: 0.3849)
[=================                       ]: 2443 (Loss: 0.5064)
[=================                       ]: 2444 (Loss: 0.3640)
[==================                      ]: 2445 (Loss: 0.5185)
[==================                      ]: 2446 (Loss: 0.4470)
[==================                      ]: 2447 (Loss: 0.5172)
[===================                     ]: 2448 (Loss: 0.3821)
[===================                     ]: 2449 (Loss: 0.4986)
[====================                    ]: 2450 (Loss: 0.4843)
[====================                    ]: 2451 (Loss: 0.4529)
[====================                    ]: 2452 (Loss: 0.4114)
[=====================                   ]: 2453 (Loss: 0.3886)
[=====================                   ]: 2454 (Loss: 0.5312)
[======================                  ]: 2455 (Loss: 0.5459)
[======================                  ]: 2456 (Loss: 0.4897)
[======================                  ]: 2457 (Loss: 0.3875)
[=======================                 ]: 2458 (Loss: 0.4143)
[=======================                 ]: 2459 (Loss: 0.4036)
[========================                ]: 2460 (Loss: 0.4606)
[========================                ]: 2461 (Loss: 0.3575)
[========================                ]: 2462 (Loss: 0.4410)
[=========================               ]: 2463 (Loss: 0.4705)
[=========================               ]: 2464 (Loss: 0.5351)
[==========================              ]: 2465 (Loss: 0.4241)
[==========================              ]: 2466 (Loss: 0.4350)
[==========================              ]: 2467 (Loss: 0.4731)
[===========================             ]: 2468 (Loss: 0.3630)
[===========================             ]: 2469 (Loss: 0.4701)
[============================            ]: 2470 (Loss: 0.5628)
[============================            ]: 2471 (Loss: 0.3551)
[============================            ]: 2472 (Loss: 0.4396)
[=============================           ]: 2473 (Loss: 0.4728)
[=============================           ]: 2474 (Loss: 0.5105)
[==============================          ]: 2475 (Loss: 0.5025)
[==============================          ]: 2476 (Loss: 0.4838)
[==============================          ]: 2477 (Loss: 0.4012)
[===============================         ]: 2478 (Loss: 0.4615)
[===============================         ]: 2479 (Loss: 0.4544)
[================================        ]: 2480 (Loss: 0.3687)
[================================        ]: 2481 (Loss: 0.4069)
[================================        ]: 2482 (Loss: 0.6298)
[=================================       ]: 2483 (Loss: 0.4265)
[=================================       ]: 2484 (Loss: 0.4689)
[==================================      ]: 2485 (Loss: 0.4277)
[==================================      ]: 2486 (Loss: 0.4590)
[==================================      ]: 2487 (Loss: 0.4210)
[===================================     ]: 2488 (Loss: 0.5035)
[===================================     ]: 2489 (Loss: 0.4624)
[====================================    ]: 2490 (Loss: 0.3803)
[====================================    ]: 2491 (Loss: 0.5320)
[====================================    ]: 2492 (Loss: 0.4695)
[=====================================   ]: 2493 (Loss: 0.3733)
[=====================================   ]: 2494 (Loss: 0.3286)
[======================================  ]: 2495 (Loss: 0.4688)
[======================================  ]: 2496 (Loss: 0.4269)
[======================================  ]: 2497 (Loss: 0.4830)
[======================================= ]: 2498 (Loss: 0.4593)
[======================================= ]: 2499 (Loss: 0.6963)
[========================================]: 2500 (Loss: 0.4796)
                                                                                                    
[2026-07-16 22:17:50,338] [INFO] [__main__] Batch 2500 Loss: 0.457067 Cost: 8.99 Time: 198 ms/sequence
[2026-07-16 22:17:50,339] [INFO] [__main__] Advice weight norm: 19.382149 | Advice gradient norm: 0.371770

[                                        ]: 2501 (Loss: 0.5176)
[                                        ]: 2502 (Loss: 0.5496)
[=                                       ]: 2503 (Loss: 0.4893)
[=                                       ]: 2504 (Loss: 0.4564)
[==                                      ]: 2505 (Loss: 0.4732)
[==                                      ]: 2506 (Loss: 0.5409)
[==                                      ]: 2507 (Loss: 0.4306)
[===                                     ]: 2508 (Loss: 0.4317)
[===                                     ]: 2509 (Loss: 0.4448)
[====                                    ]: 2510 (Loss: 0.5591)
[====                                    ]: 2511 (Loss: 0.4917)
[====                                    ]: 2512 (Loss: 0.3838)
[=====                                   ]: 2513 (Loss: 0.3792)
[=====                                   ]: 2514 (Loss: 0.4903)
[======                                  ]: 2515 (Loss: 0.4518)
[======                                  ]: 2516 (Loss: 0.4778)
[======                                  ]: 2517 (Loss: 0.3984)
[=======                                 ]: 2518 (Loss: 0.4487)
[=======                                 ]: 2519 (Loss: 0.3740)
[========                                ]: 2520 (Loss: 0.5121)
[========                                ]: 2521 (Loss: 0.3563)
[========                                ]: 2522 (Loss: 0.4087)
[=========                               ]: 2523 (Loss: 0.4446)
[=========                               ]: 2524 (Loss: 0.4959)
[==========                              ]: 2525 (Loss: 0.4314)
[==========                              ]: 2526 (Loss: 0.3659)
[==========                              ]: 2527 (Loss: 0.5834)
[===========                             ]: 2528 (Loss: 0.3715)
[===========                             ]: 2529 (Loss: 0.4753)
[============                            ]: 2530 (Loss: 0.5207)
[============                            ]: 2531 (Loss: 0.5287)
[============                            ]: 2532 (Loss: 0.4047)
[=============                           ]: 2533 (Loss: 0.4061)
[=============                           ]: 2534 (Loss: 0.4050)
[==============                          ]: 2535 (Loss: 0.4301)
[==============                          ]: 2536 (Loss: 0.4651)
[==============                          ]: 2537 (Loss: 0.4631)
[===============                         ]: 2538 (Loss: 0.3513)
[===============                         ]: 2539 (Loss: 0.5637)
[================                        ]: 2540 (Loss: 0.5582)
[================                        ]: 2541 (Loss: 0.4024)
[================                        ]: 2542 (Loss: 0.5168)
[=================                       ]: 2543 (Loss: 0.5458)
[=================                       ]: 2544 (Loss: 0.4959)
[==================                      ]: 2545 (Loss: 0.4609)
[==================                      ]: 2546 (Loss: 0.3877)
[==================                      ]: 2547 (Loss: 0.4886)
[===================                     ]: 2548 (Loss: 0.5487)
[===================                     ]: 2549 (Loss: 0.4353)
[====================                    ]: 2550 (Loss: 0.5591)
[====================                    ]: 2551 (Loss: 0.5778)
[====================                    ]: 2552 (Loss: 0.3717)
[=====================                   ]: 2553 (Loss: 0.4096)
[=====================                   ]: 2554 (Loss: 0.5956)
[======================                  ]: 2555 (Loss: 0.4353)
[======================                  ]: 2556 (Loss: 0.4083)
[======================                  ]: 2557 (Loss: 0.4961)
[=======================                 ]: 2558 (Loss: 0.5047)
[=======================                 ]: 2559 (Loss: 0.3759)
[========================                ]: 2560 (Loss: 0.4292)
[========================                ]: 2561 (Loss: 0.4157)
[========================                ]: 2562 (Loss: 0.4564)
[=========================               ]: 2563 (Loss: 0.4006)
[=========================               ]: 2564 (Loss: 0.4042)
[==========================              ]: 2565 (Loss: 0.4671)
[==========================              ]: 2566 (Loss: 0.4864)
[==========================              ]: 2567 (Loss: 0.3825)
[===========================             ]: 2568 (Loss: 0.4835)
[===========================             ]: 2569 (Loss: 0.3833)
[============================            ]: 2570 (Loss: 0.4316)
[============================            ]: 2571 (Loss: 0.4131)
[============================            ]: 2572 (Loss: 0.3617)
[=============================           ]: 2573 (Loss: 0.5531)
[=============================           ]: 2574 (Loss: 0.5954)
[==============================          ]: 2575 (Loss: 0.5019)
[==============================          ]: 2576 (Loss: 0.6040)
[==============================          ]: 2577 (Loss: 0.4990)
[===============================         ]: 2578 (Loss: 0.4945)
[===============================         ]: 2579 (Loss: 0.4123)
[================================        ]: 2580 (Loss: 0.4828)
[================================        ]: 2581 (Loss: 0.4658)
[================================        ]: 2582 (Loss: 0.5499)
[=================================       ]: 2583 (Loss: 0.6008)
[=================================       ]: 2584 (Loss: 0.4358)
[==================================      ]: 2585 (Loss: 0.4699)
[==================================      ]: 2586 (Loss: 0.5094)
[==================================      ]: 2587 (Loss: 0.3894)
[===================================     ]: 2588 (Loss: 0.4972)
[===================================     ]: 2589 (Loss: 0.4140)
[====================================    ]: 2590 (Loss: 0.4595)
[====================================    ]: 2591 (Loss: 0.5872)
[====================================    ]: 2592 (Loss: 0.4989)
[=====================================   ]: 2593 (Loss: 0.3856)
[=====================================   ]: 2594 (Loss: 0.3876)
[======================================  ]: 2595 (Loss: 0.5369)
[======================================  ]: 2596 (Loss: 0.4663)
[======================================  ]: 2597 (Loss: 0.3836)
[======================================= ]: 2598 (Loss: 0.4699)
[======================================= ]: 2599 (Loss: 0.4756)
[========================================]: 2600 (Loss: 0.4518)
                                                                                                    
[2026-07-16 22:18:09,992] [INFO] [__main__] Batch 2600 Loss: 0.464409 Cost: 9.35 Time: 196 ms/sequence
[2026-07-16 22:18:09,993] [INFO] [__main__] Advice weight norm: 19.404457 | Advice gradient norm: 0.496887

[                                        ]: 2601 (Loss: 0.4593)
[                                        ]: 2602 (Loss: 0.4644)
[=                                       ]: 2603 (Loss: 0.5416)
[=                                       ]: 2604 (Loss: 0.4946)
[==                                      ]: 2605 (Loss: 0.4436)
[==                                      ]: 2606 (Loss: 0.5573)
[==                                      ]: 2607 (Loss: 0.4456)
[===                                     ]: 2608 (Loss: 0.4751)
[===                                     ]: 2609 (Loss: 0.5181)
[====                                    ]: 2610 (Loss: 0.4063)
[====                                    ]: 2611 (Loss: 0.6085)
[====                                    ]: 2612 (Loss: 0.4113)
[=====                                   ]: 2613 (Loss: 0.4968)
[=====                                   ]: 2614 (Loss: 0.4761)
[======                                  ]: 2615 (Loss: 0.2941)
[======                                  ]: 2616 (Loss: 0.4237)
[======                                  ]: 2617 (Loss: 0.4859)
[=======                                 ]: 2618 (Loss: 0.4984)
[=======                                 ]: 2619 (Loss: 0.4393)
[========                                ]: 2620 (Loss: 0.4335)
[========                                ]: 2621 (Loss: 0.5086)
[========                                ]: 2622 (Loss: 0.4691)
[=========                               ]: 2623 (Loss: 0.4295)
[=========                               ]: 2624 (Loss: 0.4605)
[==========                              ]: 2625 (Loss: 0.4182)
[==========                              ]: 2626 (Loss: 0.4843)
[==========                              ]: 2627 (Loss: 0.4933)
[===========                             ]: 2628 (Loss: 0.3955)
[===========                             ]: 2629 (Loss: 0.4512)
[============                            ]: 2630 (Loss: 0.4433)
[============                            ]: 2631 (Loss: 0.3924)
[============                            ]: 2632 (Loss: 0.5144)
[=============                           ]: 2633 (Loss: 0.4093)
[=============                           ]: 2634 (Loss: 0.4069)
[==============                          ]: 2635 (Loss: 0.5190)
[==============                          ]: 2636 (Loss: 0.5589)
[==============                          ]: 2637 (Loss: 0.5314)
[===============                         ]: 2638 (Loss: 0.4369)
[===============                         ]: 2639 (Loss: 0.5111)
[================                        ]: 2640 (Loss: 0.5911)
[================                        ]: 2641 (Loss: 0.4963)
[================                        ]: 2642 (Loss: 0.4192)
[=================                       ]: 2643 (Loss: 0.4389)
[=================                       ]: 2644 (Loss: 0.4170)
[==================                      ]: 2645 (Loss: 0.4353)
[==================                      ]: 2646 (Loss: 0.4216)
[==================                      ]: 2647 (Loss: 0.3504)
[===================                     ]: 2648 (Loss: 0.4479)
[===================                     ]: 2649 (Loss: 0.3521)
[====================                    ]: 2650 (Loss: 0.4807)
[====================                    ]: 2651 (Loss: 0.4689)
[====================                    ]: 2652 (Loss: 0.4009)
[=====================                   ]: 2653 (Loss: 0.3664)
[=====================                   ]: 2654 (Loss: 0.4616)
[======================                  ]: 2655 (Loss: 0.4465)
[======================                  ]: 2656 (Loss: 0.4622)
[======================                  ]: 2657 (Loss: 0.5023)
[=======================                 ]: 2658 (Loss: 0.5026)
[=======================                 ]: 2659 (Loss: 0.4091)
[========================                ]: 2660 (Loss: 0.5306)
[========================                ]: 2661 (Loss: 0.6272)
[========================                ]: 2662 (Loss: 0.4302)
[=========================               ]: 2663 (Loss: 0.4938)
[=========================               ]: 2664 (Loss: 0.4349)
[==========================              ]: 2665 (Loss: 0.5091)
[==========================              ]: 2666 (Loss: 0.4398)
[==========================              ]: 2667 (Loss: 0.4813)
[===========================             ]: 2668 (Loss: 0.4311)
[===========================             ]: 2669 (Loss: 0.3936)
[============================            ]: 2670 (Loss: 0.4074)
[============================            ]: 2671 (Loss: 0.4604)
[============================            ]: 2672 (Loss: 0.3034)
[=============================           ]: 2673 (Loss: 0.4423)
[=============================           ]: 2674 (Loss: 0.4586)
[==============================          ]: 2675 (Loss: 0.3813)
[==============================          ]: 2676 (Loss: 0.4477)
[==============================          ]: 2677 (Loss: 0.5723)
[===============================         ]: 2678 (Loss: 0.4717)
[===============================         ]: 2679 (Loss: 0.3928)
[================================        ]: 2680 (Loss: 0.3851)
[================================        ]: 2681 (Loss: 0.4247)
[================================        ]: 2682 (Loss: 0.3604)
[=================================       ]: 2683 (Loss: 0.4284)
[=================================       ]: 2684 (Loss: 0.3908)
[==================================      ]: 2685 (Loss: 0.5025)
[==================================      ]: 2686 (Loss: 0.5301)
[==================================      ]: 2687 (Loss: 0.5055)
[===================================     ]: 2688 (Loss: 0.5259)
[===================================     ]: 2689 (Loss: 0.4539)
[====================================    ]: 2690 (Loss: 0.5506)
[====================================    ]: 2691 (Loss: 0.4652)
[====================================    ]: 2692 (Loss: 0.4137)
[=====================================   ]: 2693 (Loss: 0.4555)
[=====================================   ]: 2694 (Loss: 0.4364)
[======================================  ]: 2695 (Loss: 0.4051)
[======================================  ]: 2696 (Loss: 0.4277)
[======================================  ]: 2697 (Loss: 0.4411)
[======================================= ]: 2698 (Loss: 0.4310)
[======================================= ]: 2699 (Loss: 0.5288)
[========================================]: 2700 (Loss: 0.4361)
                                                                                                    
[2026-07-16 22:18:29,679] [INFO] [__main__] Batch 2700 Loss: 0.456863 Cost: 8.89 Time: 196 ms/sequence
[2026-07-16 22:18:29,680] [INFO] [__main__] Advice weight norm: 19.431147 | Advice gradient norm: 0.416070

[                                        ]: 2701 (Loss: 0.4939)
[                                        ]: 2702 (Loss: 0.4472)
[=                                       ]: 2703 (Loss: 0.3988)
[=                                       ]: 2704 (Loss: 0.4405)
[==                                      ]: 2705 (Loss: 0.3962)
[==                                      ]: 2706 (Loss: 0.5284)
[==                                      ]: 2707 (Loss: 0.3681)
[===                                     ]: 2708 (Loss: 0.4784)
[===                                     ]: 2709 (Loss: 0.3758)
[====                                    ]: 2710 (Loss: 0.4054)
[====                                    ]: 2711 (Loss: 0.5209)
[====                                    ]: 2712 (Loss: 0.5638)
[=====                                   ]: 2713 (Loss: 0.5109)
[=====                                   ]: 2714 (Loss: 0.4278)
[======                                  ]: 2715 (Loss: 0.4838)
[======                                  ]: 2716 (Loss: 0.4325)
[======                                  ]: 2717 (Loss: 0.3563)
[=======                                 ]: 2718 (Loss: 0.4803)
[=======                                 ]: 2719 (Loss: 0.5346)
[========                                ]: 2720 (Loss: 0.5680)
[========                                ]: 2721 (Loss: 0.3366)
[========                                ]: 2722 (Loss: 0.4113)
[=========                               ]: 2723 (Loss: 0.4124)
[=========                               ]: 2724 (Loss: 0.4248)
[==========                              ]: 2725 (Loss: 0.5228)
[==========                              ]: 2726 (Loss: 0.5474)
[==========                              ]: 2727 (Loss: 0.4882)
[===========                             ]: 2728 (Loss: 0.3562)
[===========                             ]: 2729 (Loss: 0.2841)
[============                            ]: 2730 (Loss: 0.5243)
[============                            ]: 2731 (Loss: 0.3742)
[============                            ]: 2732 (Loss: 0.4024)
[=============                           ]: 2733 (Loss: 0.4141)
[=============                           ]: 2734 (Loss: 0.4715)
[==============                          ]: 2735 (Loss: 0.5021)
[==============                          ]: 2736 (Loss: 0.4609)
[==============                          ]: 2737 (Loss: 0.4542)
[===============                         ]: 2738 (Loss: 0.5217)
[===============                         ]: 2739 (Loss: 0.3422)
[================                        ]: 2740 (Loss: 0.5836)
[================                        ]: 2741 (Loss: 0.4298)
[================                        ]: 2742 (Loss: 0.4080)
[=================                       ]: 2743 (Loss: 0.4772)
[=================                       ]: 2744 (Loss: 0.5265)
[==================                      ]: 2745 (Loss: 0.4833)
[==================                      ]: 2746 (Loss: 0.4139)
[==================                      ]: 2747 (Loss: 0.4198)
[===================                     ]: 2748 (Loss: 0.4401)
[===================                     ]: 2749 (Loss: 0.4271)
[====================                    ]: 2750 (Loss: 0.3721)
[====================                    ]: 2751 (Loss: 0.3039)
[====================                    ]: 2752 (Loss: 0.4098)
[=====================                   ]: 2753 (Loss: 0.3928)
[=====================                   ]: 2754 (Loss: 0.3696)
[======================                  ]: 2755 (Loss: 0.3962)
[======================                  ]: 2756 (Loss: 0.3994)
[======================                  ]: 2757 (Loss: 0.4721)
[=======================                 ]: 2758 (Loss: 0.3889)
[=======================                 ]: 2759 (Loss: 0.4963)
[========================                ]: 2760 (Loss: 0.3557)
[========================                ]: 2761 (Loss: 0.4238)
[========================                ]: 2762 (Loss: 0.3653)
[=========================               ]: 2763 (Loss: 0.3734)
[=========================               ]: 2764 (Loss: 0.3885)
[==========================              ]: 2765 (Loss: 0.3707)
[==========================              ]: 2766 (Loss: 0.3006)
[==========================              ]: 2767 (Loss: 0.4473)
[===========================             ]: 2768 (Loss: 0.5564)
[===========================             ]: 2769 (Loss: 0.4796)
[============================            ]: 2770 (Loss: 0.4701)
[============================            ]: 2771 (Loss: 0.3859)
[============================            ]: 2772 (Loss: 0.4088)
[=============================           ]: 2773 (Loss: 0.4212)
[=============================           ]: 2774 (Loss: 0.4791)
[==============================          ]: 2775 (Loss: 0.2855)
[==============================          ]: 2776 (Loss: 0.4554)
[==============================          ]: 2777 (Loss: 0.5202)
[===============================         ]: 2778 (Loss: 0.4639)
[===============================         ]: 2779 (Loss: 0.1904)
[================================        ]: 2780 (Loss: 0.3954)
[================================        ]: 2781 (Loss: 0.3864)
[================================        ]: 2782 (Loss: 0.5483)
[=================================       ]: 2783 (Loss: 0.3779)
[=================================       ]: 2784 (Loss: 0.5145)
[==================================      ]: 2785 (Loss: 0.6125)
[==================================      ]: 2786 (Loss: 0.5156)
[==================================      ]: 2787 (Loss: 0.4177)
[===================================     ]: 2788 (Loss: 0.4401)
[===================================     ]: 2789 (Loss: 0.4060)
[====================================    ]: 2790 (Loss: 0.4298)
[====================================    ]: 2791 (Loss: 0.4628)
[====================================    ]: 2792 (Loss: 0.5307)
[=====================================   ]: 2793 (Loss: 0.4903)
[=====================================   ]: 2794 (Loss: 0.5581)
[======================================  ]: 2795 (Loss: 0.4643)
[======================================  ]: 2796 (Loss: 0.3721)
[======================================  ]: 2797 (Loss: 0.4608)
[======================================= ]: 2798 (Loss: 0.3278)
[======================================= ]: 2799 (Loss: 0.5509)
[========================================]: 2800 (Loss: 0.4995)
                                                                                                    
[2026-07-16 22:18:49,444] [INFO] [__main__] Batch 2800 Loss: 0.439769 Cost: 8.88 Time: 197 ms/sequence
[2026-07-16 22:18:49,444] [INFO] [__main__] Advice weight norm: 19.459965 | Advice gradient norm: 0.404871

[                                        ]: 2801 (Loss: 0.3567)
[                                        ]: 2802 (Loss: 0.4254)
[=                                       ]: 2803 (Loss: 0.3593)
[=                                       ]: 2804 (Loss: 0.4112)
[==                                      ]: 2805 (Loss: 0.4584)
[==                                      ]: 2806 (Loss: 0.3708)
[==                                      ]: 2807 (Loss: 0.3892)
[===                                     ]: 2808 (Loss: 0.3633)
[===                                     ]: 2809 (Loss: 0.5217)
[====                                    ]: 2810 (Loss: 0.3534)
[====                                    ]: 2811 (Loss: 0.5888)
[====                                    ]: 2812 (Loss: 0.4553)
[=====                                   ]: 2813 (Loss: 0.4511)
[=====                                   ]: 2814 (Loss: 0.4242)
[======                                  ]: 2815 (Loss: 0.4193)
[======                                  ]: 2816 (Loss: 0.3995)
[======                                  ]: 2817 (Loss: 0.3868)
[=======                                 ]: 2818 (Loss: 0.3887)
[=======                                 ]: 2819 (Loss: 0.3028)
[========                                ]: 2820 (Loss: 0.4275)
[========                                ]: 2821 (Loss: 0.4764)
[========                                ]: 2822 (Loss: 0.4195)
[=========                               ]: 2823 (Loss: 0.3647)
[=========                               ]: 2824 (Loss: 0.5177)
[==========                              ]: 2825 (Loss: 0.4123)
[==========                              ]: 2826 (Loss: 0.4884)
[==========                              ]: 2827 (Loss: 0.4030)
[===========                             ]: 2828 (Loss: 0.4022)
[===========                             ]: 2829 (Loss: 0.3461)
[============                            ]: 2830 (Loss: 0.4669)
[============                            ]: 2831 (Loss: 0.5575)
[============                            ]: 2832 (Loss: 0.5171)
[=============                           ]: 2833 (Loss: 0.5162)
[=============                           ]: 2834 (Loss: 0.4597)
[==============                          ]: 2835 (Loss: 0.5566)
[==============                          ]: 2836 (Loss: 0.3578)
[==============                          ]: 2837 (Loss: 0.6153)
[===============                         ]: 2838 (Loss: 0.4251)
[===============                         ]: 2839 (Loss: 0.4316)
[================                        ]: 2840 (Loss: 0.3322)
[================                        ]: 2841 (Loss: 0.3521)
[================                        ]: 2842 (Loss: 0.3247)
[=================                       ]: 2843 (Loss: 0.4767)
[=================                       ]: 2844 (Loss: 0.5104)
[==================                      ]: 2845 (Loss: 0.4120)
[==================                      ]: 2846 (Loss: 0.4587)
[==================                      ]: 2847 (Loss: 0.4962)
[===================                     ]: 2848 (Loss: 0.3955)
[===================                     ]: 2849 (Loss: 0.4952)
[====================                    ]: 2850 (Loss: 0.3769)
[====================                    ]: 2851 (Loss: 0.4577)
[====================                    ]: 2852 (Loss: 0.3696)
[=====================                   ]: 2853 (Loss: 0.4241)
[=====================                   ]: 2854 (Loss: 0.3985)
[======================                  ]: 2855 (Loss: 0.4229)
[======================                  ]: 2856 (Loss: 0.4800)
[======================                  ]: 2857 (Loss: 0.3624)
[=======================                 ]: 2858 (Loss: 0.3616)
[=======================                 ]: 2859 (Loss: 0.4845)
[========================                ]: 2860 (Loss: 0.4497)
[========================                ]: 2861 (Loss: 0.3696)
[========================                ]: 2862 (Loss: 0.3945)
[=========================               ]: 2863 (Loss: 0.5413)
[=========================               ]: 2864 (Loss: 0.5182)
[==========================              ]: 2865 (Loss: 0.3506)
[==========================              ]: 2866 (Loss: 0.4262)
[==========================              ]: 2867 (Loss: 0.5149)
[===========================             ]: 2868 (Loss: 0.3070)
[===========================             ]: 2869 (Loss: 0.5698)
[============================            ]: 2870 (Loss: 0.4912)
[============================            ]: 2871 (Loss: 0.4426)
[============================            ]: 2872 (Loss: 0.4675)
[=============================           ]: 2873 (Loss: 0.5692)
[=============================           ]: 2874 (Loss: 0.3342)
[==============================          ]: 2875 (Loss: 0.3195)
[==============================          ]: 2876 (Loss: 0.5103)
[==============================          ]: 2877 (Loss: 0.4906)
[===============================         ]: 2878 (Loss: 0.4148)
[===============================         ]: 2879 (Loss: 0.3870)
[================================        ]: 2880 (Loss: 0.4282)
[================================        ]: 2881 (Loss: 0.4010)
[================================        ]: 2882 (Loss: 0.5081)
[=================================       ]: 2883 (Loss: 0.5100)
[=================================       ]: 2884 (Loss: 0.3103)
[==================================      ]: 2885 (Loss: 0.5636)
[==================================      ]: 2886 (Loss: 0.4782)
[==================================      ]: 2887 (Loss: 0.5034)
[===================================     ]: 2888 (Loss: 0.3959)
[===================================     ]: 2889 (Loss: 0.4150)
[====================================    ]: 2890 (Loss: 0.3968)
[====================================    ]: 2891 (Loss: 0.5450)
[====================================    ]: 2892 (Loss: 0.3604)
[=====================================   ]: 2893 (Loss: 0.3760)
[=====================================   ]: 2894 (Loss: 0.3936)
[======================================  ]: 2895 (Loss: 0.5009)
[======================================  ]: 2896 (Loss: 0.6535)
[======================================  ]: 2897 (Loss: 0.4153)
[======================================= ]: 2898 (Loss: 0.4497)
[======================================= ]: 2899 (Loss: 0.4955)
[========================================]: 2900 (Loss: 0.4442)
                                                                                                    
[2026-07-16 22:19:09,255] [INFO] [__main__] Batch 2900 Loss: 0.437924 Cost: 8.31 Time: 198 ms/sequence
[2026-07-16 22:19:09,256] [INFO] [__main__] Advice weight norm: 19.498137 | Advice gradient norm: 0.593345

[                                        ]: 2901 (Loss: 0.6075)
[                                        ]: 2902 (Loss: 0.4994)
[=                                       ]: 2903 (Loss: 0.3751)
[=                                       ]: 2904 (Loss: 0.5194)
[==                                      ]: 2905 (Loss: 0.5280)
[==                                      ]: 2906 (Loss: 0.5183)
[==                                      ]: 2907 (Loss: 0.4083)
[===                                     ]: 2908 (Loss: 0.4899)
[===                                     ]: 2909 (Loss: 0.4676)
[====                                    ]: 2910 (Loss: 0.4412)
[====                                    ]: 2911 (Loss: 0.4617)
[====                                    ]: 2912 (Loss: 0.4033)
[=====                                   ]: 2913 (Loss: 0.4673)
[=====                                   ]: 2914 (Loss: 0.4929)
[======                                  ]: 2915 (Loss: 0.4792)
[======                                  ]: 2916 (Loss: 0.5587)
[======                                  ]: 2917 (Loss: 0.4195)
[=======                                 ]: 2918 (Loss: 0.4000)
[=======                                 ]: 2919 (Loss: 0.4313)
[========                                ]: 2920 (Loss: 0.4866)
[========                                ]: 2921 (Loss: 0.4087)
[========                                ]: 2922 (Loss: 0.4424)
[=========                               ]: 2923 (Loss: 0.4756)
[=========                               ]: 2924 (Loss: 0.3529)
[==========                              ]: 2925 (Loss: 0.4740)
[==========                              ]: 2926 (Loss: 0.3699)
[==========                              ]: 2927 (Loss: 0.3447)
[===========                             ]: 2928 (Loss: 0.3986)
[===========                             ]: 2929 (Loss: 0.4308)
[============                            ]: 2930 (Loss: 0.4045)
[============                            ]: 2931 (Loss: 0.4221)
[============                            ]: 2932 (Loss: 0.3853)
[=============                           ]: 2933 (Loss: 0.5479)
[=============                           ]: 2934 (Loss: 0.5037)
[==============                          ]: 2935 (Loss: 0.4351)
[==============                          ]: 2936 (Loss: 0.3981)
[==============                          ]: 2937 (Loss: 0.3784)
[===============                         ]: 2938 (Loss: 0.5631)
[===============                         ]: 2939 (Loss: 0.4212)
[================                        ]: 2940 (Loss: 0.4044)
[================                        ]: 2941 (Loss: 0.5045)
[================                        ]: 2942 (Loss: 0.4236)
[=================                       ]: 2943 (Loss: 0.3783)
[=================                       ]: 2944 (Loss: 0.5758)
[==================                      ]: 2945 (Loss: 0.3764)
[==================                      ]: 2946 (Loss: 0.3097)
[==================                      ]: 2947 (Loss: 0.3865)
[===================                     ]: 2948 (Loss: 0.3610)
[===================                     ]: 2949 (Loss: 0.3703)
[====================                    ]: 2950 (Loss: 0.4516)
[====================                    ]: 2951 (Loss: 0.3342)
[====================                    ]: 2952 (Loss: 0.4278)
[=====================                   ]: 2953 (Loss: 0.5158)
[=====================                   ]: 2954 (Loss: 0.5123)
[======================                  ]: 2955 (Loss: 0.4604)
[======================                  ]: 2956 (Loss: 0.4178)
[======================                  ]: 2957 (Loss: 0.6046)
[=======================                 ]: 2958 (Loss: 0.3795)
[=======================                 ]: 2959 (Loss: 0.4176)
[========================                ]: 2960 (Loss: 0.5150)
[========================                ]: 2961 (Loss: 0.4719)
[========================                ]: 2962 (Loss: 0.4057)
[=========================               ]: 2963 (Loss: 0.4236)
[=========================               ]: 2964 (Loss: 0.3366)
[==========================              ]: 2965 (Loss: 0.3705)
[==========================              ]: 2966 (Loss: 0.6010)
[==========================              ]: 2967 (Loss: 0.4419)
[===========================             ]: 2968 (Loss: 0.4686)
[===========================             ]: 2969 (Loss: 0.3265)
[============================            ]: 2970 (Loss: 0.3936)
[============================            ]: 2971 (Loss: 0.4091)
[============================            ]: 2972 (Loss: 0.3789)
[=============================           ]: 2973 (Loss: 0.3909)
[=============================           ]: 2974 (Loss: 0.4450)
[==============================          ]: 2975 (Loss: 0.4157)
[==============================          ]: 2976 (Loss: 0.4374)
[==============================          ]: 2977 (Loss: 0.5065)
[===============================         ]: 2978 (Loss: 0.5708)
[===============================         ]: 2979 (Loss: 0.4116)
[================================        ]: 2980 (Loss: 0.3464)
[================================        ]: 2981 (Loss: 0.4043)
[================================        ]: 2982 (Loss: 0.5749)
[=================================       ]: 2983 (Loss: 0.3283)
[=================================       ]: 2984 (Loss: 0.4024)
[==================================      ]: 2985 (Loss: 0.4918)
[==================================      ]: 2986 (Loss: 0.4455)
[==================================      ]: 2987 (Loss: 0.5091)
[===================================     ]: 2988 (Loss: 0.5076)
[===================================     ]: 2989 (Loss: 0.4430)
[====================================    ]: 2990 (Loss: 0.5279)
[====================================    ]: 2991 (Loss: 0.3918)
[====================================    ]: 2992 (Loss: 0.4464)
[=====================================   ]: 2993 (Loss: 0.3550)
[=====================================   ]: 2994 (Loss: 0.5465)
[======================================  ]: 2995 (Loss: 0.4378)
[======================================  ]: 2996 (Loss: 0.3638)
[======================================  ]: 2997 (Loss: 0.3720)
[======================================= ]: 2998 (Loss: 0.4210)
[======================================= ]: 2999 (Loss: 0.3427)
[========================================]: 3000 (Loss: 0.3301)
                                                                                                    
[2026-07-16 22:19:28,922] [INFO] [__main__] Batch 3000 Loss: 0.439334 Cost: 8.27 Time: 196 ms/sequence
[2026-07-16 22:19:28,923] [INFO] [__main__] Advice weight norm: 19.520313 | Advice gradient norm: 0.463037

                                                                                                    
[2026-07-16 22:19:28,925] [INFO] [__main__] Saving checkpoint to 'runs\copy_sanity_len5\copy\combined\seed_1001\checkpoint-batch-00003000.pt'

[                                        ]: 3001 (Loss: 0.3145)
[                                        ]: 3002 (Loss: 0.3584)
[=                                       ]: 3003 (Loss: 0.4981)
[=                                       ]: 3004 (Loss: 0.5583)
[==                                      ]: 3005 (Loss: 0.3954)
[==                                      ]: 3006 (Loss: 0.3191)
[==                                      ]: 3007 (Loss: 0.4269)
[===                                     ]: 3008 (Loss: 0.4817)
[===                                     ]: 3009 (Loss: 0.3744)
[====                                    ]: 3010 (Loss: 0.5197)
[====                                    ]: 3011 (Loss: 0.4820)
[====                                    ]: 3012 (Loss: 0.4456)
[=====                                   ]: 3013 (Loss: 0.4632)
[=====                                   ]: 3014 (Loss: 0.3940)
[======                                  ]: 3015 (Loss: 0.3686)
[======                                  ]: 3016 (Loss: 0.3695)
[======                                  ]: 3017 (Loss: 0.4323)
[=======                                 ]: 3018 (Loss: 0.5399)
[=======                                 ]: 3019 (Loss: 0.4706)
[========                                ]: 3020 (Loss: 0.4978)
[========                                ]: 3021 (Loss: 0.4617)
[========                                ]: 3022 (Loss: 0.4665)
[=========                               ]: 3023 (Loss: 0.4263)
[=========                               ]: 3024 (Loss: 0.4117)
[==========                              ]: 3025 (Loss: 0.5039)
[==========                              ]: 3026 (Loss: 0.4748)
[==========                              ]: 3027 (Loss: 0.4469)
[===========                             ]: 3028 (Loss: 0.6238)
[===========                             ]: 3029 (Loss: 0.4535)
[============                            ]: 3030 (Loss: 0.3530)
[============                            ]: 3031 (Loss: 0.4223)
[============                            ]: 3032 (Loss: 0.4846)
[=============                           ]: 3033 (Loss: 0.4649)
[=============                           ]: 3034 (Loss: 0.3948)
[==============                          ]: 3035 (Loss: 0.4402)
[==============                          ]: 3036 (Loss: 0.3559)
[==============                          ]: 3037 (Loss: 0.4672)
[===============                         ]: 3038 (Loss: 0.4882)
[===============                         ]: 3039 (Loss: 0.3530)
[================                        ]: 3040 (Loss: 0.5187)
[================                        ]: 3041 (Loss: 0.3333)
[================                        ]: 3042 (Loss: 0.4398)
[=================                       ]: 3043 (Loss: 0.4007)
[=================                       ]: 3044 (Loss: 0.4356)
[==================                      ]: 3045 (Loss: 0.5090)
[==================                      ]: 3046 (Loss: 0.4333)
[==================                      ]: 3047 (Loss: 0.4388)
[===================                     ]: 3048 (Loss: 0.3987)
[===================                     ]: 3049 (Loss: 0.3626)
[====================                    ]: 3050 (Loss: 0.3899)
[====================                    ]: 3051 (Loss: 0.4806)
[====================                    ]: 3052 (Loss: 0.3975)
[=====================                   ]: 3053 (Loss: 0.4522)
[=====================                   ]: 3054 (Loss: 0.4846)
[======================                  ]: 3055 (Loss: 0.4245)
[======================                  ]: 3056 (Loss: 0.3772)
[======================                  ]: 3057 (Loss: 0.3100)
[=======================                 ]: 3058 (Loss: 0.4388)
[=======================                 ]: 3059 (Loss: 0.3883)
[========================                ]: 3060 (Loss: 0.4713)
[========================                ]: 3061 (Loss: 0.4003)
[========================                ]: 3062 (Loss: 0.3606)
[=========================               ]: 3063 (Loss: 0.4220)
[=========================               ]: 3064 (Loss: 0.5182)
[==========================              ]: 3065 (Loss: 0.4811)
[==========================              ]: 3066 (Loss: 0.3649)
[==========================              ]: 3067 (Loss: 0.4958)
[===========================             ]: 3068 (Loss: 0.3907)
[===========================             ]: 3069 (Loss: 0.4652)
[============================            ]: 3070 (Loss: 0.3793)
[============================            ]: 3071 (Loss: 0.4636)
[============================            ]: 3072 (Loss: 0.3399)
[=============================           ]: 3073 (Loss: 0.4757)
[=============================           ]: 3074 (Loss: 0.3369)
[==============================          ]: 3075 (Loss: 0.3674)
[==============================          ]: 3076 (Loss: 0.5039)
[==============================          ]: 3077 (Loss: 0.4266)
[===============================         ]: 3078 (Loss: 0.3333)
[===============================         ]: 3079 (Loss: 0.5221)
[================================        ]: 3080 (Loss: 0.3580)
[================================        ]: 3081 (Loss: 0.4267)
[================================        ]: 3082 (Loss: 0.4279)
[=================================       ]: 3083 (Loss: 0.3956)
[=================================       ]: 3084 (Loss: 0.4563)
[==================================      ]: 3085 (Loss: 0.5566)
[==================================      ]: 3086 (Loss: 0.4769)
[==================================      ]: 3087 (Loss: 0.3655)
[===================================     ]: 3088 (Loss: 0.4016)
[===================================     ]: 3089 (Loss: 0.4105)
[====================================    ]: 3090 (Loss: 0.3826)
[====================================    ]: 3091 (Loss: 0.5144)
[====================================    ]: 3092 (Loss: 0.4844)
[=====================================   ]: 3093 (Loss: 0.3062)
[=====================================   ]: 3094 (Loss: 0.4021)
[======================================  ]: 3095 (Loss: 0.5321)
[======================================  ]: 3096 (Loss: 0.3740)
[======================================  ]: 3097 (Loss: 0.4384)
[======================================= ]: 3098 (Loss: 0.3780)
[======================================= ]: 3099 (Loss: 0.3862)
[========================================]: 3100 (Loss: 0.3319)
                                                                                                    
[2026-07-16 22:19:49,117] [INFO] [__main__] Batch 3100 Loss: 0.429424 Cost: 8.45 Time: 201 ms/sequence
[2026-07-16 22:19:49,118] [INFO] [__main__] Advice weight norm: 19.552868 | Advice gradient norm: 0.362062

[                                        ]: 3101 (Loss: 0.4535)
[                                        ]: 3102 (Loss: 0.3795)
[=                                       ]: 3103 (Loss: 0.4145)
[=                                       ]: 3104 (Loss: 0.4839)
[==                                      ]: 3105 (Loss: 0.5297)
[==                                      ]: 3106 (Loss: 0.4896)
[==                                      ]: 3107 (Loss: 0.4611)
[===                                     ]: 3108 (Loss: 0.4818)
[===                                     ]: 3109 (Loss: 0.4221)
[====                                    ]: 3110 (Loss: 0.5354)
[====                                    ]: 3111 (Loss: 0.4199)
[====                                    ]: 3112 (Loss: 0.5695)
[=====                                   ]: 3113 (Loss: 0.4381)
[=====                                   ]: 3114 (Loss: 0.3961)
[======                                  ]: 3115 (Loss: 0.3881)
[======                                  ]: 3116 (Loss: 0.4309)
[======                                  ]: 3117 (Loss: 0.4782)
[=======                                 ]: 3118 (Loss: 0.5092)
[=======                                 ]: 3119 (Loss: 0.4466)
[========                                ]: 3120 (Loss: 0.3643)
[========                                ]: 3121 (Loss: 0.3705)
[========                                ]: 3122 (Loss: 0.4074)
[=========                               ]: 3123 (Loss: 0.4504)
[=========                               ]: 3124 (Loss: 0.4111)
[==========                              ]: 3125 (Loss: 0.3860)
[==========                              ]: 3126 (Loss: 0.4994)
[==========                              ]: 3127 (Loss: 0.3965)
[===========                             ]: 3128 (Loss: 0.4671)
[===========                             ]: 3129 (Loss: 0.4471)
[============                            ]: 3130 (Loss: 0.4360)
[============                            ]: 3131 (Loss: 0.3835)
[============                            ]: 3132 (Loss: 0.3723)
[=============                           ]: 3133 (Loss: 0.5122)
[=============                           ]: 3134 (Loss: 0.4652)
[==============                          ]: 3135 (Loss: 0.5092)
[==============                          ]: 3136 (Loss: 0.4003)
[==============                          ]: 3137 (Loss: 0.3660)
[===============                         ]: 3138 (Loss: 0.3252)
[===============                         ]: 3139 (Loss: 0.3847)
[================                        ]: 3140 (Loss: 0.5688)
[================                        ]: 3141 (Loss: 0.5398)
[================                        ]: 3142 (Loss: 0.6078)
[=================                       ]: 3143 (Loss: 0.4042)
[=================                       ]: 3144 (Loss: 0.5394)
[==================                      ]: 3145 (Loss: 0.4041)
[==================                      ]: 3146 (Loss: 0.5166)
[==================                      ]: 3147 (Loss: 0.4348)
[===================                     ]: 3148 (Loss: 0.4649)
[===================                     ]: 3149 (Loss: 0.4943)
[====================                    ]: 3150 (Loss: 0.4730)
[====================                    ]: 3151 (Loss: 0.4698)
[====================                    ]: 3152 (Loss: 0.3088)
[=====================                   ]: 3153 (Loss: 0.4839)
[=====================                   ]: 3154 (Loss: 0.5317)
[======================                  ]: 3155 (Loss: 0.4461)
[======================                  ]: 3156 (Loss: 0.4659)
[======================                  ]: 3157 (Loss: 0.4750)
[=======================                 ]: 3158 (Loss: 0.4609)
[=======================                 ]: 3159 (Loss: 0.3554)
[========================                ]: 3160 (Loss: 0.4418)
[========================                ]: 3161 (Loss: 0.3630)
[========================                ]: 3162 (Loss: 0.3699)
[=========================               ]: 3163 (Loss: 0.4884)
[=========================               ]: 3164 (Loss: 0.3922)
[==========================              ]: 3165 (Loss: 0.4229)
[==========================              ]: 3166 (Loss: 0.3174)
[==========================              ]: 3167 (Loss: 0.3646)
[===========================             ]: 3168 (Loss: 0.4526)
[===========================             ]: 3169 (Loss: 0.4004)
[============================            ]: 3170 (Loss: 0.3594)
[============================            ]: 3171 (Loss: 0.4086)
[============================            ]: 3172 (Loss: 0.4323)
[=============================           ]: 3173 (Loss: 0.5667)
[=============================           ]: 3174 (Loss: 0.2702)
[==============================          ]: 3175 (Loss: 0.2934)
[==============================          ]: 3176 (Loss: 0.4275)
[==============================          ]: 3177 (Loss: 0.3320)
[===============================         ]: 3178 (Loss: 0.3529)
[===============================         ]: 3179 (Loss: 0.5294)
[================================        ]: 3180 (Loss: 0.4224)
[================================        ]: 3181 (Loss: 0.3801)
[================================        ]: 3182 (Loss: 0.3663)
[=================================       ]: 3183 (Loss: 0.4359)
[=================================       ]: 3184 (Loss: 0.4166)
[==================================      ]: 3185 (Loss: 0.4012)
[==================================      ]: 3186 (Loss: 0.4806)
[==================================      ]: 3187 (Loss: 0.3760)
[===================================     ]: 3188 (Loss: 0.4550)
[===================================     ]: 3189 (Loss: 0.5392)
[====================================    ]: 3190 (Loss: 0.4420)
[====================================    ]: 3191 (Loss: 0.4065)
[====================================    ]: 3192 (Loss: 0.4858)
[=====================================   ]: 3193 (Loss: 0.3224)
[=====================================   ]: 3194 (Loss: 0.4941)
[======================================  ]: 3195 (Loss: 0.4476)
[======================================  ]: 3196 (Loss: 0.4677)
[======================================  ]: 3197 (Loss: 0.5687)
[======================================= ]: 3198 (Loss: 0.4338)
[======================================= ]: 3199 (Loss: 0.4666)
[========================================]: 3200 (Loss: 0.4626)
                                                                                                    
[2026-07-16 22:20:09,063] [INFO] [__main__] Batch 3200 Loss: 0.437839 Cost: 8.29 Time: 199 ms/sequence
[2026-07-16 22:20:09,064] [INFO] [__main__] Advice weight norm: 19.579351 | Advice gradient norm: 0.709078

[                                        ]: 3201 (Loss: 0.3598)
[                                        ]: 3202 (Loss: 0.4016)
[=                                       ]: 3203 (Loss: 0.3754)
[=                                       ]: 3204 (Loss: 0.4842)
[==                                      ]: 3205 (Loss: 0.3585)
[==                                      ]: 3206 (Loss: 0.4322)
[==                                      ]: 3207 (Loss: 0.4904)
[===                                     ]: 3208 (Loss: 0.4169)
[===                                     ]: 3209 (Loss: 0.5374)
[====                                    ]: 3210 (Loss: 0.4058)
[====                                    ]: 3211 (Loss: 0.4196)
[====                                    ]: 3212 (Loss: 0.3920)
[=====                                   ]: 3213 (Loss: 0.4138)
[=====                                   ]: 3214 (Loss: 0.5058)
[======                                  ]: 3215 (Loss: 0.5734)
[======                                  ]: 3216 (Loss: 0.4264)
[======                                  ]: 3217 (Loss: 0.5042)
[=======                                 ]: 3218 (Loss: 0.4500)
[=======                                 ]: 3219 (Loss: 0.4538)
[========                                ]: 3220 (Loss: 0.3838)
[========                                ]: 3221 (Loss: 0.4270)
[========                                ]: 3222 (Loss: 0.3243)
[=========                               ]: 3223 (Loss: 0.3580)
[=========                               ]: 3224 (Loss: 0.3565)
[==========                              ]: 3225 (Loss: 0.5152)
[==========                              ]: 3226 (Loss: 0.5029)
[==========                              ]: 3227 (Loss: 0.4083)
[===========                             ]: 3228 (Loss: 0.4544)
[===========                             ]: 3229 (Loss: 0.3657)
[============                            ]: 3230 (Loss: 0.4853)
[============                            ]: 3231 (Loss: 0.4107)
[============                            ]: 3232 (Loss: 0.5037)
[=============                           ]: 3233 (Loss: 0.4472)
[=============                           ]: 3234 (Loss: 0.4000)
[==============                          ]: 3235 (Loss: 0.3239)
[==============                          ]: 3236 (Loss: 0.3942)
[==============                          ]: 3237 (Loss: 0.4918)
[===============                         ]: 3238 (Loss: 0.3560)
[===============                         ]: 3239 (Loss: 0.4469)
[================                        ]: 3240 (Loss: 0.5014)
[================                        ]: 3241 (Loss: 0.3801)
[================                        ]: 3242 (Loss: 0.3115)
[=================                       ]: 3243 (Loss: 0.3565)
[=================                       ]: 3244 (Loss: 0.5209)
[==================                      ]: 3245 (Loss: 0.5340)
[==================                      ]: 3246 (Loss: 0.3658)
[==================                      ]: 3247 (Loss: 0.3865)
[===================                     ]: 3248 (Loss: 0.4801)
[===================                     ]: 3249 (Loss: 0.4290)
[====================                    ]: 3250 (Loss: 0.5830)
[====================                    ]: 3251 (Loss: 0.3850)
[====================                    ]: 3252 (Loss: 0.5620)
[=====================                   ]: 3253 (Loss: 0.4985)
[=====================                   ]: 3254 (Loss: 0.4594)
[======================                  ]: 3255 (Loss: 0.3415)
[======================                  ]: 3256 (Loss: 0.4621)
[======================                  ]: 3257 (Loss: 0.4635)
[=======================                 ]: 3258 (Loss: 0.4396)
[=======================                 ]: 3259 (Loss: 0.4166)
[========================                ]: 3260 (Loss: 0.3874)
[========================                ]: 3261 (Loss: 0.4083)
[========================                ]: 3262 (Loss: 0.4685)
[=========================               ]: 3263 (Loss: 0.3304)
[=========================               ]: 3264 (Loss: 0.4717)
[==========================              ]: 3265 (Loss: 0.3115)
[==========================              ]: 3266 (Loss: 0.3642)
[==========================              ]: 3267 (Loss: 0.4156)
[===========================             ]: 3268 (Loss: 0.4154)
[===========================             ]: 3269 (Loss: 0.5270)
[============================            ]: 3270 (Loss: 0.4310)
[============================            ]: 3271 (Loss: 0.4443)
[============================            ]: 3272 (Loss: 0.3597)
[=============================           ]: 3273 (Loss: 0.3678)
[=============================           ]: 3274 (Loss: 0.3256)
[==============================          ]: 3275 (Loss: 0.3880)
[==============================          ]: 3276 (Loss: 0.4923)
[==============================          ]: 3277 (Loss: 0.4128)
[===============================         ]: 3278 (Loss: 0.4484)
[===============================         ]: 3279 (Loss: 0.5271)
[================================        ]: 3280 (Loss: 0.4446)
[================================        ]: 3281 (Loss: 0.4477)
[================================        ]: 3282 (Loss: 0.3730)
[=================================       ]: 3283 (Loss: 0.4233)
[=================================       ]: 3284 (Loss: 0.4058)
[==================================      ]: 3285 (Loss: 0.4166)
[==================================      ]: 3286 (Loss: 0.5084)
[==================================      ]: 3287 (Loss: 0.5044)
[===================================     ]: 3288 (Loss: 0.4455)
[===================================     ]: 3289 (Loss: 0.3752)
[====================================    ]: 3290 (Loss: 0.3066)
[====================================    ]: 3291 (Loss: 0.4173)
[====================================    ]: 3292 (Loss: 0.4128)
[=====================================   ]: 3293 (Loss: 0.4314)
[=====================================   ]: 3294 (Loss: 0.3780)
[======================================  ]: 3295 (Loss: 0.4683)
[======================================  ]: 3296 (Loss: 0.3476)
[======================================  ]: 3297 (Loss: 0.4112)
[======================================= ]: 3298 (Loss: 0.2934)
[======================================= ]: 3299 (Loss: 0.4528)
[========================================]: 3300 (Loss: 0.3966)
                                                                                                    
[2026-07-16 22:20:28,725] [INFO] [__main__] Batch 3300 Loss: 0.425909 Cost: 8.27 Time: 196 ms/sequence
[2026-07-16 22:20:28,726] [INFO] [__main__] Advice weight norm: 19.618313 | Advice gradient norm: 0.520978

[                                        ]: 3301 (Loss: 0.4316)
[                                        ]: 3302 (Loss: 0.4547)
[=                                       ]: 3303 (Loss: 0.4925)
[=                                       ]: 3304 (Loss: 0.4198)
[==                                      ]: 3305 (Loss: 0.6457)
[==                                      ]: 3306 (Loss: 0.4587)
[==                                      ]: 3307 (Loss: 0.3000)
[===                                     ]: 3308 (Loss: 0.5458)
[===                                     ]: 3309 (Loss: 0.4133)
[====                                    ]: 3310 (Loss: 0.4834)
[====                                    ]: 3311 (Loss: 0.3874)
[====                                    ]: 3312 (Loss: 0.4914)
[=====                                   ]: 3313 (Loss: 0.3204)
[=====                                   ]: 3314 (Loss: 0.4041)
[======                                  ]: 3315 (Loss: 0.4690)
[======                                  ]: 3316 (Loss: 0.4082)
[======                                  ]: 3317 (Loss: 0.3245)
[=======                                 ]: 3318 (Loss: 0.4430)
[=======                                 ]: 3319 (Loss: 0.3887)
[========                                ]: 3320 (Loss: 0.3502)
[========                                ]: 3321 (Loss: 0.4284)
[========                                ]: 3322 (Loss: 0.4330)
[=========                               ]: 3323 (Loss: 0.4653)
[=========                               ]: 3324 (Loss: 0.4242)
[==========                              ]: 3325 (Loss: 0.3470)
[==========                              ]: 3326 (Loss: 0.4509)
[==========                              ]: 3327 (Loss: 0.4708)
[===========                             ]: 3328 (Loss: 0.3475)
[===========                             ]: 3329 (Loss: 0.4107)
[============                            ]: 3330 (Loss: 0.5093)
[============                            ]: 3331 (Loss: 0.5197)
[============                            ]: 3332 (Loss: 0.2583)
[=============                           ]: 3333 (Loss: 0.3294)
[=============                           ]: 3334 (Loss: 0.3823)
[==============                          ]: 3335 (Loss: 0.3656)
[==============                          ]: 3336 (Loss: 0.3862)
[==============                          ]: 3337 (Loss: 0.3176)
[===============                         ]: 3338 (Loss: 0.3136)
[===============                         ]: 3339 (Loss: 0.3748)
[================                        ]: 3340 (Loss: 0.3172)
[================                        ]: 3341 (Loss: 0.6314)
[================                        ]: 3342 (Loss: 0.4203)
[=================                       ]: 3343 (Loss: 0.4012)
[=================                       ]: 3344 (Loss: 0.4022)
[==================                      ]: 3345 (Loss: 0.4308)
[==================                      ]: 3346 (Loss: 0.4868)
[==================                      ]: 3347 (Loss: 0.4476)
[===================                     ]: 3348 (Loss: 0.4651)
[===================                     ]: 3349 (Loss: 0.4158)
[====================                    ]: 3350 (Loss: 0.5785)
[====================                    ]: 3351 (Loss: 0.3979)
[====================                    ]: 3352 (Loss: 0.4719)
[=====================                   ]: 3353 (Loss: 0.2905)
[=====================                   ]: 3354 (Loss: 0.4835)
[======================                  ]: 3355 (Loss: 0.4901)
[======================                  ]: 3356 (Loss: 0.3904)
[======================                  ]: 3357 (Loss: 0.4368)
[=======================                 ]: 3358 (Loss: 0.3854)
[=======================                 ]: 3359 (Loss: 0.4682)
[========================                ]: 3360 (Loss: 0.3881)
[========================                ]: 3361 (Loss: 0.4037)
[========================                ]: 3362 (Loss: 0.4323)
[=========================               ]: 3363 (Loss: 0.4119)
[=========================               ]: 3364 (Loss: 0.3844)
[==========================              ]: 3365 (Loss: 0.4935)
[==========================              ]: 3366 (Loss: 0.3203)
[==========================              ]: 3367 (Loss: 0.4763)
[===========================             ]: 3368 (Loss: 0.5374)
[===========================             ]: 3369 (Loss: 0.3665)
[============================            ]: 3370 (Loss: 0.6149)
[============================            ]: 3371 (Loss: 0.4496)
[============================            ]: 3372 (Loss: 0.3516)
[=============================           ]: 3373 (Loss: 0.4552)
[=============================           ]: 3374 (Loss: 0.5962)
[==============================          ]: 3375 (Loss: 0.3956)
[==============================          ]: 3376 (Loss: 0.5352)
[==============================          ]: 3377 (Loss: 0.4106)
[===============================         ]: 3378 (Loss: 0.3585)
[===============================         ]: 3379 (Loss: 0.4163)
[================================        ]: 3380 (Loss: 0.4591)
[================================        ]: 3381 (Loss: 0.3378)
[================================        ]: 3382 (Loss: 0.4820)
[=================================       ]: 3383 (Loss: 0.5068)
[=================================       ]: 3384 (Loss: 0.4362)
[==================================      ]: 3385 (Loss: 0.3494)
[==================================      ]: 3386 (Loss: 0.5021)
[==================================      ]: 3387 (Loss: 0.4414)
[===================================     ]: 3388 (Loss: 0.3522)
[===================================     ]: 3389 (Loss: 0.3787)
[====================================    ]: 3390 (Loss: 0.5514)
[====================================    ]: 3391 (Loss: 0.3399)
[====================================    ]: 3392 (Loss: 0.4531)
[=====================================   ]: 3393 (Loss: 0.4166)
[=====================================   ]: 3394 (Loss: 0.4623)
[======================================  ]: 3395 (Loss: 0.4832)
[======================================  ]: 3396 (Loss: 0.4803)
[======================================  ]: 3397 (Loss: 0.3265)
[======================================= ]: 3398 (Loss: 0.3224)
[======================================= ]: 3399 (Loss: 0.4021)
[========================================]: 3400 (Loss: 0.3823)
                                                                                                    
[2026-07-16 22:20:48,371] [INFO] [__main__] Batch 3400 Loss: 0.426428 Cost: 8.11 Time: 196 ms/sequence
[2026-07-16 22:20:48,372] [INFO] [__main__] Advice weight norm: 19.644445 | Advice gradient norm: 0.420482

[                                        ]: 3401 (Loss: 0.4272)
[                                        ]: 3402 (Loss: 0.4317)
[=                                       ]: 3403 (Loss: 0.4303)
[=                                       ]: 3404 (Loss: 0.3121)
[==                                      ]: 3405 (Loss: 0.3895)
[==                                      ]: 3406 (Loss: 0.4531)
[==                                      ]: 3407 (Loss: 0.4173)
[===                                     ]: 3408 (Loss: 0.4696)
[===                                     ]: 3409 (Loss: 0.2923)
[====                                    ]: 3410 (Loss: 0.3929)
[====                                    ]: 3411 (Loss: 0.4428)
[====                                    ]: 3412 (Loss: 0.3934)
[=====                                   ]: 3413 (Loss: 0.4472)
[=====                                   ]: 3414 (Loss: 0.4162)
[======                                  ]: 3415 (Loss: 0.3817)
[======                                  ]: 3416 (Loss: 0.4290)
[======                                  ]: 3417 (Loss: 0.6085)
[=======                                 ]: 3418 (Loss: 0.4341)
[=======                                 ]: 3419 (Loss: 0.2833)
[========                                ]: 3420 (Loss: 0.4102)
[========                                ]: 3421 (Loss: 0.3359)
[========                                ]: 3422 (Loss: 0.4235)
[=========                               ]: 3423 (Loss: 0.3763)
[=========                               ]: 3424 (Loss: 0.5108)
[==========                              ]: 3425 (Loss: 0.3839)
[==========                              ]: 3426 (Loss: 0.3581)
[==========                              ]: 3427 (Loss: 0.4532)
[===========                             ]: 3428 (Loss: 0.3351)
[===========                             ]: 3429 (Loss: 0.4809)
[============                            ]: 3430 (Loss: 0.4501)
[============                            ]: 3431 (Loss: 0.5234)
[============                            ]: 3432 (Loss: 0.4597)
[=============                           ]: 3433 (Loss: 0.4672)
[=============                           ]: 3434 (Loss: 0.3467)
[==============                          ]: 3435 (Loss: 0.3825)
[==============                          ]: 3436 (Loss: 0.5713)
[==============                          ]: 3437 (Loss: 0.4462)
[===============                         ]: 3438 (Loss: 0.2737)
[===============                         ]: 3439 (Loss: 0.3356)
[================                        ]: 3440 (Loss: 0.3125)
[================                        ]: 3441 (Loss: 0.3212)
[================                        ]: 3442 (Loss: 0.5752)
[=================                       ]: 3443 (Loss: 0.4513)
[=================                       ]: 3444 (Loss: 0.3744)
[==================                      ]: 3445 (Loss: 0.3645)
[==================                      ]: 3446 (Loss: 0.4447)
[==================                      ]: 3447 (Loss: 0.4708)
[===================                     ]: 3448 (Loss: 0.3675)
[===================                     ]: 3449 (Loss: 0.3411)
[====================                    ]: 3450 (Loss: 0.4465)
[====================                    ]: 3451 (Loss: 0.3890)
[====================                    ]: 3452 (Loss: 0.3012)
[=====================                   ]: 3453 (Loss: 0.3732)
[=====================                   ]: 3454 (Loss: 0.5811)
[======================                  ]: 3455 (Loss: 0.3478)
[======================                  ]: 3456 (Loss: 0.3759)
[======================                  ]: 3457 (Loss: 0.3904)
[=======================                 ]: 3458 (Loss: 0.4280)
[=======================                 ]: 3459 (Loss: 0.3438)
[========================                ]: 3460 (Loss: 0.3919)
[========================                ]: 3461 (Loss: 0.2615)
[========================                ]: 3462 (Loss: 0.4341)
[=========================               ]: 3463 (Loss: 0.3740)
[=========================               ]: 3464 (Loss: 0.3191)
[==========================              ]: 3465 (Loss: 0.3861)
[==========================              ]: 3466 (Loss: 0.5214)
[==========================              ]: 3467 (Loss: 0.4088)
[===========================             ]: 3468 (Loss: 0.3595)
[===========================             ]: 3469 (Loss: 0.4715)
[============================            ]: 3470 (Loss: 0.4407)
[============================            ]: 3471 (Loss: 0.4102)
[============================            ]: 3472 (Loss: 0.3330)
[=============================           ]: 3473 (Loss: 0.4178)
[=============================           ]: 3474 (Loss: 0.4621)
[==============================          ]: 3475 (Loss: 0.3738)
[==============================          ]: 3476 (Loss: 0.4502)
[==============================          ]: 3477 (Loss: 0.4399)
[===============================         ]: 3478 (Loss: 0.4057)
[===============================         ]: 3479 (Loss: 0.3839)
[================================        ]: 3480 (Loss: 0.3952)
[================================        ]: 3481 (Loss: 0.4309)
[================================        ]: 3482 (Loss: 0.2767)
[=================================       ]: 3483 (Loss: 0.3548)
[=================================       ]: 3484 (Loss: 0.5353)
[==================================      ]: 3485 (Loss: 0.2965)
[==================================      ]: 3486 (Loss: 0.4610)
[==================================      ]: 3487 (Loss: 0.3984)
[===================================     ]: 3488 (Loss: 0.4023)
[===================================     ]: 3489 (Loss: 0.4300)
[====================================    ]: 3490 (Loss: 0.4879)
[====================================    ]: 3491 (Loss: 0.4048)
[====================================    ]: 3492 (Loss: 0.3044)
[=====================================   ]: 3493 (Loss: 0.4474)
[=====================================   ]: 3494 (Loss: 0.4517)
[======================================  ]: 3495 (Loss: 0.4851)
[======================================  ]: 3496 (Loss: 0.4244)
[======================================  ]: 3497 (Loss: 0.3128)
[======================================= ]: 3498 (Loss: 0.4822)
[======================================= ]: 3499 (Loss: 0.4169)
[========================================]: 3500 (Loss: 0.4022)
                                                                                                    
[2026-07-16 22:21:08,198] [INFO] [__main__] Batch 3500 Loss: 0.408230 Cost: 7.88 Time: 198 ms/sequence
[2026-07-16 22:21:08,199] [INFO] [__main__] Advice weight norm: 19.670742 | Advice gradient norm: 0.394997

[                                        ]: 3501 (Loss: 0.3798)
[                                        ]: 3502 (Loss: 0.3466)
[=                                       ]: 3503 (Loss: 0.3121)
[=                                       ]: 3504 (Loss: 0.6105)
[==                                      ]: 3505 (Loss: 0.6453)
[==                                      ]: 3506 (Loss: 0.4744)
[==                                      ]: 3507 (Loss: 0.5239)
[===                                     ]: 3508 (Loss: 0.3741)
[===                                     ]: 3509 (Loss: 0.4836)
[====                                    ]: 3510 (Loss: 0.4117)
[====                                    ]: 3511 (Loss: 0.3948)
[====                                    ]: 3512 (Loss: 0.4145)
[=====                                   ]: 3513 (Loss: 0.4125)
[=====                                   ]: 3514 (Loss: 0.3816)
[======                                  ]: 3515 (Loss: 0.3290)
[======                                  ]: 3516 (Loss: 0.4398)
[======                                  ]: 3517 (Loss: 0.4384)
[=======                                 ]: 3518 (Loss: 0.3190)
[=======                                 ]: 3519 (Loss: 0.3582)
[========                                ]: 3520 (Loss: 0.4243)
[========                                ]: 3521 (Loss: 0.4114)
[========                                ]: 3522 (Loss: 0.4121)
[=========                               ]: 3523 (Loss: 0.3332)
[=========                               ]: 3524 (Loss: 0.4032)
[==========                              ]: 3525 (Loss: 0.4180)
[==========                              ]: 3526 (Loss: 0.3874)
[==========                              ]: 3527 (Loss: 0.3896)
[===========                             ]: 3528 (Loss: 0.4760)
[===========                             ]: 3529 (Loss: 0.3392)
[============                            ]: 3530 (Loss: 0.3866)
[============                            ]: 3531 (Loss: 0.4643)
[============                            ]: 3532 (Loss: 0.3572)
[=============                           ]: 3533 (Loss: 0.4053)
[=============                           ]: 3534 (Loss: 0.3066)
[==============                          ]: 3535 (Loss: 0.5012)
[==============                          ]: 3536 (Loss: 0.4982)
[==============                          ]: 3537 (Loss: 0.4107)
[===============                         ]: 3538 (Loss: 0.4279)
[===============                         ]: 3539 (Loss: 0.5209)
[================                        ]: 3540 (Loss: 0.4177)
[================                        ]: 3541 (Loss: 0.4748)
[================                        ]: 3542 (Loss: 0.5006)
[=================                       ]: 3543 (Loss: 0.4575)
[=================                       ]: 3544 (Loss: 0.5074)
[==================                      ]: 3545 (Loss: 0.4447)
[==================                      ]: 3546 (Loss: 0.3834)
[==================                      ]: 3547 (Loss: 0.3539)
[===================                     ]: 3548 (Loss: 0.5349)
[===================                     ]: 3549 (Loss: 0.4091)
[====================                    ]: 3550 (Loss: 0.3730)
[====================                    ]: 3551 (Loss: 0.4714)
[====================                    ]: 3552 (Loss: 0.4127)
[=====================                   ]: 3553 (Loss: 0.4217)
[=====================                   ]: 3554 (Loss: 0.4636)
[======================                  ]: 3555 (Loss: 0.3734)
[======================                  ]: 3556 (Loss: 0.4065)
[======================                  ]: 3557 (Loss: 0.4748)
[=======================                 ]: 3558 (Loss: 0.3842)
[=======================                 ]: 3559 (Loss: 0.4263)
[========================                ]: 3560 (Loss: 0.4688)
[========================                ]: 3561 (Loss: 0.4432)
[========================                ]: 3562 (Loss: 0.4105)
[=========================               ]: 3563 (Loss: 0.5146)
[=========================               ]: 3564 (Loss: 0.3832)
[==========================              ]: 3565 (Loss: 0.3173)
[==========================              ]: 3566 (Loss: 0.4015)
[==========================              ]: 3567 (Loss: 0.2988)
[===========================             ]: 3568 (Loss: 0.3970)
[===========================             ]: 3569 (Loss: 0.4626)
[============================            ]: 3570 (Loss: 0.3992)
[============================            ]: 3571 (Loss: 0.4646)
[============================            ]: 3572 (Loss: 0.3670)
[=============================           ]: 3573 (Loss: 0.3966)
[=============================           ]: 3574 (Loss: 0.3518)
[==============================          ]: 3575 (Loss: 0.3436)
[==============================          ]: 3576 (Loss: 0.4036)
[==============================          ]: 3577 (Loss: 0.4073)
[===============================         ]: 3578 (Loss: 0.3201)
[===============================         ]: 3579 (Loss: 0.4239)
[================================        ]: 3580 (Loss: 0.3842)
[================================        ]: 3581 (Loss: 0.4723)
[================================        ]: 3582 (Loss: 0.4438)
[=================================       ]: 3583 (Loss: 0.4659)
[=================================       ]: 3584 (Loss: 0.4297)
[==================================      ]: 3585 (Loss: 0.3786)
[==================================      ]: 3586 (Loss: 0.2776)
[==================================      ]: 3587 (Loss: 0.4038)
[===================================     ]: 3588 (Loss: 0.3658)
[===================================     ]: 3589 (Loss: 0.3429)
[====================================    ]: 3590 (Loss: 0.2762)
[====================================    ]: 3591 (Loss: 0.4494)
[====================================    ]: 3592 (Loss: 0.3632)
[=====================================   ]: 3593 (Loss: 0.3069)
[=====================================   ]: 3594 (Loss: 0.3086)
[======================================  ]: 3595 (Loss: 0.3954)
[======================================  ]: 3596 (Loss: 0.4046)
[======================================  ]: 3597 (Loss: 0.3926)
[======================================= ]: 3598 (Loss: 0.5157)
[======================================= ]: 3599 (Loss: 0.4018)
[========================================]: 3600 (Loss: 0.3671)
                                                                                                    
[2026-07-16 22:21:27,965] [INFO] [__main__] Batch 3600 Loss: 0.411359 Cost: 8.01 Time: 197 ms/sequence
[2026-07-16 22:21:27,965] [INFO] [__main__] Advice weight norm: 19.703873 | Advice gradient norm: 0.375644

[                                        ]: 3601 (Loss: 0.4071)
[                                        ]: 3602 (Loss: 0.4693)
[=                                       ]: 3603 (Loss: 0.4314)
[=                                       ]: 3604 (Loss: 0.4509)
[==                                      ]: 3605 (Loss: 0.3037)
[==                                      ]: 3606 (Loss: 0.3966)
[==                                      ]: 3607 (Loss: 0.4194)
[===                                     ]: 3608 (Loss: 0.4106)
[===                                     ]: 3609 (Loss: 0.4355)
[====                                    ]: 3610 (Loss: 0.4951)
[====                                    ]: 3611 (Loss: 0.3934)
[====                                    ]: 3612 (Loss: 0.3282)
[=====                                   ]: 3613 (Loss: 0.4420)
[=====                                   ]: 3614 (Loss: 0.4759)
[======                                  ]: 3615 (Loss: 0.3307)
[======                                  ]: 3616 (Loss: 0.2732)
[======                                  ]: 3617 (Loss: 0.3225)
[=======                                 ]: 3618 (Loss: 0.3084)
[=======                                 ]: 3619 (Loss: 0.4296)
[========                                ]: 3620 (Loss: 0.4208)
[========                                ]: 3621 (Loss: 0.4321)
[========                                ]: 3622 (Loss: 0.4435)
[=========                               ]: 3623 (Loss: 0.4604)
[=========                               ]: 3624 (Loss: 0.3814)
[==========                              ]: 3625 (Loss: 0.4438)
[==========                              ]: 3626 (Loss: 0.3025)
[==========                              ]: 3627 (Loss: 0.4350)
[===========                             ]: 3628 (Loss: 0.5526)
[===========                             ]: 3629 (Loss: 0.3706)
[============                            ]: 3630 (Loss: 0.3700)
[============                            ]: 3631 (Loss: 0.4075)
[============                            ]: 3632 (Loss: 0.3962)
[=============                           ]: 3633 (Loss: 0.4378)
[=============                           ]: 3634 (Loss: 0.3559)
[==============                          ]: 3635 (Loss: 0.3539)
[==============                          ]: 3636 (Loss: 0.4262)
[==============                          ]: 3637 (Loss: 0.3171)
[===============                         ]: 3638 (Loss: 0.3585)
[===============                         ]: 3639 (Loss: 0.4227)
[================                        ]: 3640 (Loss: 0.4116)
[================                        ]: 3641 (Loss: 0.3309)
[================                        ]: 3642 (Loss: 0.4023)
[=================                       ]: 3643 (Loss: 0.3133)
[=================                       ]: 3644 (Loss: 0.4396)
[==================                      ]: 3645 (Loss: 0.4126)
[==================                      ]: 3646 (Loss: 0.3689)
[==================                      ]: 3647 (Loss: 0.4028)
[===================                     ]: 3648 (Loss: 0.3994)
[===================                     ]: 3649 (Loss: 0.3481)
[====================                    ]: 3650 (Loss: 0.3492)
[====================                    ]: 3651 (Loss: 0.5880)
[====================                    ]: 3652 (Loss: 0.3512)
[=====================                   ]: 3653 (Loss: 0.4560)
[=====================                   ]: 3654 (Loss: 0.3661)
[======================                  ]: 3655 (Loss: 0.3065)
[======================                  ]: 3656 (Loss: 0.4604)
[======================                  ]: 3657 (Loss: 0.3129)
[=======================                 ]: 3658 (Loss: 0.3097)
[=======================                 ]: 3659 (Loss: 0.3919)
[========================                ]: 3660 (Loss: 0.3745)
[========================                ]: 3661 (Loss: 0.4172)
[========================                ]: 3662 (Loss: 0.4233)
[=========================               ]: 3663 (Loss: 0.3732)
[=========================               ]: 3664 (Loss: 0.3528)
[==========================              ]: 3665 (Loss: 0.2630)
[==========================              ]: 3666 (Loss: 0.4775)
[==========================              ]: 3667 (Loss: 0.3944)
[===========================             ]: 3668 (Loss: 0.4146)
[===========================             ]: 3669 (Loss: 0.4979)
[============================            ]: 3670 (Loss: 0.3500)
[============================            ]: 3671 (Loss: 0.3136)
[============================            ]: 3672 (Loss: 0.4191)
[=============================           ]: 3673 (Loss: 0.4112)
[=============================           ]: 3674 (Loss: 0.3718)
[==============================          ]: 3675 (Loss: 0.3141)
[==============================          ]: 3676 (Loss: 0.3500)
[==============================          ]: 3677 (Loss: 0.2873)
[===============================         ]: 3678 (Loss: 0.3571)
[===============================         ]: 3679 (Loss: 0.4906)
[================================        ]: 3680 (Loss: 0.3475)
[================================        ]: 3681 (Loss: 0.4316)
[================================        ]: 3682 (Loss: 0.3218)
[=================================       ]: 3683 (Loss: 0.2651)
[=================================       ]: 3684 (Loss: 0.3731)
[==================================      ]: 3685 (Loss: 0.3153)
[==================================      ]: 3686 (Loss: 0.5067)
[==================================      ]: 3687 (Loss: 0.4388)
[===================================     ]: 3688 (Loss: 0.3640)
[===================================     ]: 3689 (Loss: 0.4442)
[====================================    ]: 3690 (Loss: 0.3280)
[====================================    ]: 3691 (Loss: 0.4244)
[====================================    ]: 3692 (Loss: 0.3235)
[=====================================   ]: 3693 (Loss: 0.4402)
[=====================================   ]: 3694 (Loss: 0.4103)
[======================================  ]: 3695 (Loss: 0.4908)
[======================================  ]: 3696 (Loss: 0.4371)
[======================================  ]: 3697 (Loss: 0.3635)
[======================================= ]: 3698 (Loss: 0.3867)
[======================================= ]: 3699 (Loss: 0.3994)
[========================================]: 3700 (Loss: 0.4747)
                                                                                                    
[2026-07-16 22:21:47,779] [INFO] [__main__] Batch 3700 Loss: 0.392732 Cost: 7.15 Time: 198 ms/sequence
[2026-07-16 22:21:47,779] [INFO] [__main__] Advice weight norm: 19.738230 | Advice gradient norm: 0.723641

[                                        ]: 3701 (Loss: 0.3234)
[                                        ]: 3702 (Loss: 0.3762)
[=                                       ]: 3703 (Loss: 0.3885)
[=                                       ]: 3704 (Loss: 0.3826)
[==                                      ]: 3705 (Loss: 0.4561)
[==                                      ]: 3706 (Loss: 0.2636)
[==                                      ]: 3707 (Loss: 0.5219)
[===                                     ]: 3708 (Loss: 0.3999)
[===                                     ]: 3709 (Loss: 0.3616)
[====                                    ]: 3710 (Loss: 0.3467)
[====                                    ]: 3711 (Loss: 0.2838)
[====                                    ]: 3712 (Loss: 0.3546)
[=====                                   ]: 3713 (Loss: 0.5040)
[=====                                   ]: 3714 (Loss: 0.2832)
[======                                  ]: 3715 (Loss: 0.4920)
[======                                  ]: 3716 (Loss: 0.4691)
[======                                  ]: 3717 (Loss: 0.3732)
[=======                                 ]: 3718 (Loss: 0.3428)
[=======                                 ]: 3719 (Loss: 0.4394)
[========                                ]: 3720 (Loss: 0.5363)
[========                                ]: 3721 (Loss: 0.3705)
[========                                ]: 3722 (Loss: 0.3120)
[=========                               ]: 3723 (Loss: 0.3795)
[=========                               ]: 3724 (Loss: 0.3563)
[==========                              ]: 3725 (Loss: 0.4024)
[==========                              ]: 3726 (Loss: 0.3401)
[==========                              ]: 3727 (Loss: 0.4369)
[===========                             ]: 3728 (Loss: 0.3080)
[===========                             ]: 3729 (Loss: 0.2647)
[============                            ]: 3730 (Loss: 0.3435)
[============                            ]: 3731 (Loss: 0.4778)
[============                            ]: 3732 (Loss: 0.4234)
[=============                           ]: 3733 (Loss: 0.4785)
[=============                           ]: 3734 (Loss: 0.4488)
[==============                          ]: 3735 (Loss: 0.4336)
[==============                          ]: 3736 (Loss: 0.3172)
[==============                          ]: 3737 (Loss: 0.3466)
[===============                         ]: 3738 (Loss: 0.4843)
[===============                         ]: 3739 (Loss: 0.3312)
[================                        ]: 3740 (Loss: 0.4371)
[================                        ]: 3741 (Loss: 0.2864)
[================                        ]: 3742 (Loss: 0.3425)
[=================                       ]: 3743 (Loss: 0.2798)
[=================                       ]: 3744 (Loss: 0.5549)
[==================                      ]: 3745 (Loss: 0.4261)
[==================                      ]: 3746 (Loss: 0.3659)
[==================                      ]: 3747 (Loss: 0.4603)
[===================                     ]: 3748 (Loss: 0.2956)
[===================                     ]: 3749 (Loss: 0.5021)
[====================                    ]: 3750 (Loss: 0.3632)
[====================                    ]: 3751 (Loss: 0.4599)
[====================                    ]: 3752 (Loss: 0.3141)
[=====================                   ]: 3753 (Loss: 0.3944)
[=====================                   ]: 3754 (Loss: 0.3961)
[======================                  ]: 3755 (Loss: 0.4238)
[======================                  ]: 3756 (Loss: 0.3911)
[======================                  ]: 3757 (Loss: 0.4049)
[=======================                 ]: 3758 (Loss: 0.4275)
[=======================                 ]: 3759 (Loss: 0.2885)
[========================                ]: 3760 (Loss: 0.2864)
[========================                ]: 3761 (Loss: 0.3283)
[========================                ]: 3762 (Loss: 0.3223)
[=========================               ]: 3763 (Loss: 0.2683)
[=========================               ]: 3764 (Loss: 0.4452)
[==========================              ]: 3765 (Loss: 0.3985)
[==========================              ]: 3766 (Loss: 0.4069)
[==========================              ]: 3767 (Loss: 0.3751)
[===========================             ]: 3768 (Loss: 0.3849)
[===========================             ]: 3769 (Loss: 0.3823)
[============================            ]: 3770 (Loss: 0.3918)
[============================            ]: 3771 (Loss: 0.2877)
[============================            ]: 3772 (Loss: 0.2838)
[=============================           ]: 3773 (Loss: 0.4535)
[=============================           ]: 3774 (Loss: 0.3672)
[==============================          ]: 3775 (Loss: 0.3805)
[==============================          ]: 3776 (Loss: 0.4335)
[==============================          ]: 3777 (Loss: 0.3372)
[===============================         ]: 3778 (Loss: 0.3592)
[===============================         ]: 3779 (Loss: 0.2843)
[================================        ]: 3780 (Loss: 0.3658)
[================================        ]: 3781 (Loss: 0.3868)
[================================        ]: 3782 (Loss: 0.3455)
[=================================       ]: 3783 (Loss: 0.3881)
[=================================       ]: 3784 (Loss: 0.3477)
[==================================      ]: 3785 (Loss: 0.3671)
[==================================      ]: 3786 (Loss: 0.3253)
[==================================      ]: 3787 (Loss: 0.4673)
[===================================     ]: 3788 (Loss: 0.5201)
[===================================     ]: 3789 (Loss: 0.3905)
[====================================    ]: 3790 (Loss: 0.4116)
[====================================    ]: 3791 (Loss: 0.3693)
[====================================    ]: 3792 (Loss: 0.3476)
[=====================================   ]: 3793 (Loss: 0.3377)
[=====================================   ]: 3794 (Loss: 0.3981)
[======================================  ]: 3795 (Loss: 0.3262)
[======================================  ]: 3796 (Loss: 0.5563)
[======================================  ]: 3797 (Loss: 0.4114)
[======================================= ]: 3798 (Loss: 0.4350)
[======================================= ]: 3799 (Loss: 0.3779)
[========================================]: 3800 (Loss: 0.3370)
                                                                                                    
[2026-07-16 22:22:07,591] [INFO] [__main__] Batch 3800 Loss: 0.383576 Cost: 7.21 Time: 198 ms/sequence
[2026-07-16 22:22:07,592] [INFO] [__main__] Advice weight norm: 19.767807 | Advice gradient norm: 0.437714

[                                        ]: 3801 (Loss: 0.3956)
[                                        ]: 3802 (Loss: 0.3902)
[=                                       ]: 3803 (Loss: 0.4211)
[=                                       ]: 3804 (Loss: 0.3949)
[==                                      ]: 3805 (Loss: 0.3642)
[==                                      ]: 3806 (Loss: 0.4524)
[==                                      ]: 3807 (Loss: 0.2801)
[===                                     ]: 3808 (Loss: 0.4093)
[===                                     ]: 3809 (Loss: 0.3147)
[====                                    ]: 3810 (Loss: 0.3664)
[====                                    ]: 3811 (Loss: 0.3096)
[====                                    ]: 3812 (Loss: 0.4037)
[=====                                   ]: 3813 (Loss: 0.4653)
[=====                                   ]: 3814 (Loss: 0.3900)
[======                                  ]: 3815 (Loss: 0.4239)
[======                                  ]: 3816 (Loss: 0.2659)
[======                                  ]: 3817 (Loss: 0.4016)
[=======                                 ]: 3818 (Loss: 0.3326)
[=======                                 ]: 3819 (Loss: 0.5010)
[========                                ]: 3820 (Loss: 0.2823)
[========                                ]: 3821 (Loss: 0.3743)
[========                                ]: 3822 (Loss: 0.3685)
[=========                               ]: 3823 (Loss: 0.4477)
[=========                               ]: 3824 (Loss: 0.5152)
[==========                              ]: 3825 (Loss: 0.3283)
[==========                              ]: 3826 (Loss: 0.5013)
[==========                              ]: 3827 (Loss: 0.4946)
[===========                             ]: 3828 (Loss: 0.3204)
[===========                             ]: 3829 (Loss: 0.4221)
[============                            ]: 3830 (Loss: 0.2953)
[============                            ]: 3831 (Loss: 0.3995)
[============                            ]: 3832 (Loss: 0.3208)
[=============                           ]: 3833 (Loss: 0.3676)
[=============                           ]: 3834 (Loss: 0.4252)
[==============                          ]: 3835 (Loss: 0.3774)
[==============                          ]: 3836 (Loss: 0.3552)
[==============                          ]: 3837 (Loss: 0.3666)
[===============                         ]: 3838 (Loss: 0.3568)
[===============                         ]: 3839 (Loss: 0.3418)
[================                        ]: 3840 (Loss: 0.3219)
[================                        ]: 3841 (Loss: 0.3634)
[================                        ]: 3842 (Loss: 0.4081)
[=================                       ]: 3843 (Loss: 0.4473)
[=================                       ]: 3844 (Loss: 0.6514)
[==================                      ]: 3845 (Loss: 0.4877)
[==================                      ]: 3846 (Loss: 0.4531)
[==================                      ]: 3847 (Loss: 0.4507)
[===================                     ]: 3848 (Loss: 0.2868)
[===================                     ]: 3849 (Loss: 0.3889)
[====================                    ]: 3850 (Loss: 0.5007)
[====================                    ]: 3851 (Loss: 0.3700)
[====================                    ]: 3852 (Loss: 0.4230)
[=====================                   ]: 3853 (Loss: 0.5048)
[=====================                   ]: 3854 (Loss: 0.4214)
[======================                  ]: 3855 (Loss: 0.2923)
[======================                  ]: 3856 (Loss: 0.5317)
[======================                  ]: 3857 (Loss: 0.3634)
[=======================                 ]: 3858 (Loss: 0.4282)
[=======================                 ]: 3859 (Loss: 0.4765)
[========================                ]: 3860 (Loss: 0.4237)
[========================                ]: 3861 (Loss: 0.5178)
[========================                ]: 3862 (Loss: 0.4842)
[=========================               ]: 3863 (Loss: 0.4700)
[=========================               ]: 3864 (Loss: 0.2948)
[==========================              ]: 3865 (Loss: 0.4178)
[==========================              ]: 3866 (Loss: 0.3647)
[==========================              ]: 3867 (Loss: 0.3337)
[===========================             ]: 3868 (Loss: 0.3420)
[===========================             ]: 3869 (Loss: 0.3576)
[============================            ]: 3870 (Loss: 0.3038)
[============================            ]: 3871 (Loss: 0.3576)
[============================            ]: 3872 (Loss: 0.2288)
[=============================           ]: 3873 (Loss: 0.2514)
[=============================           ]: 3874 (Loss: 0.4193)
[==============================          ]: 3875 (Loss: 0.3487)
[==============================          ]: 3876 (Loss: 0.4739)
[==============================          ]: 3877 (Loss: 0.3912)
[===============================         ]: 3878 (Loss: 0.3305)
[===============================         ]: 3879 (Loss: 0.4837)
[================================        ]: 3880 (Loss: 0.4269)
[================================        ]: 3881 (Loss: 0.3065)
[================================        ]: 3882 (Loss: 0.3057)
[=================================       ]: 3883 (Loss: 0.3464)
[=================================       ]: 3884 (Loss: 0.4813)
[==================================      ]: 3885 (Loss: 0.3690)
[==================================      ]: 3886 (Loss: 0.4240)
[==================================      ]: 3887 (Loss: 0.4104)
[===================================     ]: 3888 (Loss: 0.3792)
[===================================     ]: 3889 (Loss: 0.3307)
[====================================    ]: 3890 (Loss: 0.3567)
[====================================    ]: 3891 (Loss: 0.5027)
[====================================    ]: 3892 (Loss: 0.4943)
[=====================================   ]: 3893 (Loss: 0.3299)
[=====================================   ]: 3894 (Loss: 0.3328)
[======================================  ]: 3895 (Loss: 0.2710)
[======================================  ]: 3896 (Loss: 0.3936)
[======================================  ]: 3897 (Loss: 0.3386)
[======================================= ]: 3898 (Loss: 0.5327)
[======================================= ]: 3899 (Loss: 0.3026)
[========================================]: 3900 (Loss: 0.3536)
                                                                                                    
[2026-07-16 22:22:27,199] [INFO] [__main__] Batch 3900 Loss: 0.390988 Cost: 7.39 Time: 196 ms/sequence
[2026-07-16 22:22:27,199] [INFO] [__main__] Advice weight norm: 19.783144 | Advice gradient norm: 0.486121

[                                        ]: 3901 (Loss: 0.3595)
[                                        ]: 3902 (Loss: 0.4537)
[=                                       ]: 3903 (Loss: 0.3479)
[=                                       ]: 3904 (Loss: 0.3626)
[==                                      ]: 3905 (Loss: 0.3865)
[==                                      ]: 3906 (Loss: 0.2693)
[==                                      ]: 3907 (Loss: 0.3563)
[===                                     ]: 3908 (Loss: 0.3592)
[===                                     ]: 3909 (Loss: 0.4265)
[====                                    ]: 3910 (Loss: 0.4255)
[====                                    ]: 3911 (Loss: 0.4188)
[====                                    ]: 3912 (Loss: 0.5099)
[=====                                   ]: 3913 (Loss: 0.2850)
[=====                                   ]: 3914 (Loss: 0.6176)
[======                                  ]: 3915 (Loss: 0.3068)
[======                                  ]: 3916 (Loss: 0.4235)
[======                                  ]: 3917 (Loss: 0.3713)
[=======                                 ]: 3918 (Loss: 0.4376)
[=======                                 ]: 3919 (Loss: 0.4548)
[========                                ]: 3920 (Loss: 0.3773)
[========                                ]: 3921 (Loss: 0.4355)
[========                                ]: 3922 (Loss: 0.4883)
[=========                               ]: 3923 (Loss: 0.4532)
[=========                               ]: 3924 (Loss: 0.3305)
[==========                              ]: 3925 (Loss: 0.3848)
[==========                              ]: 3926 (Loss: 0.3588)
[==========                              ]: 3927 (Loss: 0.3486)
[===========                             ]: 3928 (Loss: 0.2971)
[===========                             ]: 3929 (Loss: 0.3954)
[============                            ]: 3930 (Loss: 0.3141)
[============                            ]: 3931 (Loss: 0.3210)
[============                            ]: 3932 (Loss: 0.4050)
[=============                           ]: 3933 (Loss: 0.4968)
[=============                           ]: 3934 (Loss: 0.4030)
[==============                          ]: 3935 (Loss: 0.3610)
[==============                          ]: 3936 (Loss: 0.3251)
[==============                          ]: 3937 (Loss: 0.3688)
[===============                         ]: 3938 (Loss: 0.3186)
[===============                         ]: 3939 (Loss: 0.2712)
[================                        ]: 3940 (Loss: 0.3367)
[================                        ]: 3941 (Loss: 0.4032)
[================                        ]: 3942 (Loss: 0.3624)
[=================                       ]: 3943 (Loss: 0.2824)
[=================                       ]: 3944 (Loss: 0.4093)
[==================                      ]: 3945 (Loss: 0.3654)
[==================                      ]: 3946 (Loss: 0.2792)
[==================                      ]: 3947 (Loss: 0.4555)
[===================                     ]: 3948 (Loss: 0.4981)
[===================                     ]: 3949 (Loss: 0.4617)
[====================                    ]: 3950 (Loss: 0.3237)
[====================                    ]: 3951 (Loss: 0.5063)
[====================                    ]: 3952 (Loss: 0.3517)
[=====================                   ]: 3953 (Loss: 0.3197)
[=====================                   ]: 3954 (Loss: 0.4368)
[======================                  ]: 3955 (Loss: 0.2924)
[======================                  ]: 3956 (Loss: 0.3754)
[======================                  ]: 3957 (Loss: 0.3206)
[=======================                 ]: 3958 (Loss: 0.4144)
[=======================                 ]: 3959 (Loss: 0.3960)
[========================                ]: 3960 (Loss: 0.3188)
[========================                ]: 3961 (Loss: 0.3437)
[========================                ]: 3962 (Loss: 0.3856)
[=========================               ]: 3963 (Loss: 0.3398)
[=========================               ]: 3964 (Loss: 0.4417)
[==========================              ]: 3965 (Loss: 0.5609)
[==========================              ]: 3966 (Loss: 0.3306)
[==========================              ]: 3967 (Loss: 0.3878)
[===========================             ]: 3968 (Loss: 0.3305)
[===========================             ]: 3969 (Loss: 0.5353)
[============================            ]: 3970 (Loss: 0.5372)
[============================            ]: 3971 (Loss: 0.4064)
[============================            ]: 3972 (Loss: 0.4507)
[=============================           ]: 3973 (Loss: 0.4470)
[=============================           ]: 3974 (Loss: 0.4444)
[==============================          ]: 3975 (Loss: 0.3888)
[==============================          ]: 3976 (Loss: 0.3367)
[==============================          ]: 3977 (Loss: 0.5521)
[===============================         ]: 3978 (Loss: 0.4517)
[===============================         ]: 3979 (Loss: 0.4837)
[================================        ]: 3980 (Loss: 0.4139)
[================================        ]: 3981 (Loss: 0.3606)
[================================        ]: 3982 (Loss: 0.3521)
[=================================       ]: 3983 (Loss: 0.3397)
[=================================       ]: 3984 (Loss: 0.3158)
[==================================      ]: 3985 (Loss: 0.3539)
[==================================      ]: 3986 (Loss: 0.4092)
[==================================      ]: 3987 (Loss: 0.4073)
[===================================     ]: 3988 (Loss: 0.3911)
[===================================     ]: 3989 (Loss: 0.4301)
[====================================    ]: 3990 (Loss: 0.2421)
[====================================    ]: 3991 (Loss: 0.5534)
[====================================    ]: 3992 (Loss: 0.3939)
[=====================================   ]: 3993 (Loss: 0.3267)
[=====================================   ]: 3994 (Loss: 0.3535)
[======================================  ]: 3995 (Loss: 0.3588)
[======================================  ]: 3996 (Loss: 0.3279)
[======================================  ]: 3997 (Loss: 0.2593)
[======================================= ]: 3998 (Loss: 0.3043)
[======================================= ]: 3999 (Loss: 0.3688)
[========================================]: 4000 (Loss: 0.3683)
                                                                                                    
[2026-07-16 22:22:47,033] [INFO] [__main__] Batch 4000 Loss: 0.387211 Cost: 7.34 Time: 198 ms/sequence
[2026-07-16 22:22:47,034] [INFO] [__main__] Advice weight norm: 19.813120 | Advice gradient norm: 0.363613

                                                                                                    
[2026-07-16 22:22:47,036] [INFO] [__main__] Saving checkpoint to 'runs\copy_sanity_len5\copy\combined\seed_1001\checkpoint-batch-00004000.pt'

[                                        ]: 4001 (Loss: 0.3221)
[                                        ]: 4002 (Loss: 0.3992)
[=                                       ]: 4003 (Loss: 0.3455)
[=                                       ]: 4004 (Loss: 0.2667)
[==                                      ]: 4005 (Loss: 0.3451)
[==                                      ]: 4006 (Loss: 0.2945)
[==                                      ]: 4007 (Loss: 0.2948)
[===                                     ]: 4008 (Loss: 0.4994)
[===                                     ]: 4009 (Loss: 0.3950)
[====                                    ]: 4010 (Loss: 0.3624)
[====                                    ]: 4011 (Loss: 0.4345)
[====                                    ]: 4012 (Loss: 0.3399)
[=====                                   ]: 4013 (Loss: 0.3365)
[=====                                   ]: 4014 (Loss: 0.3484)
[======                                  ]: 4015 (Loss: 0.4524)
[======                                  ]: 4016 (Loss: 0.3389)
[======                                  ]: 4017 (Loss: 0.5301)
[=======                                 ]: 4018 (Loss: 0.2427)
[=======                                 ]: 4019 (Loss: 0.4069)
[========                                ]: 4020 (Loss: 0.3355)
[========                                ]: 4021 (Loss: 0.3197)
[========                                ]: 4022 (Loss: 0.2862)
[=========                               ]: 4023 (Loss: 0.3879)
[=========                               ]: 4024 (Loss: 0.4140)
[==========                              ]: 4025 (Loss: 0.3809)
[==========                              ]: 4026 (Loss: 0.4028)
[==========                              ]: 4027 (Loss: 0.2942)
[===========                             ]: 4028 (Loss: 0.3253)
[===========                             ]: 4029 (Loss: 0.3432)
[============                            ]: 4030 (Loss: 0.3559)
[============                            ]: 4031 (Loss: 0.3108)
[============                            ]: 4032 (Loss: 0.3702)
[=============                           ]: 4033 (Loss: 0.3085)
[=============                           ]: 4034 (Loss: 0.3354)
[==============                          ]: 4035 (Loss: 0.3433)
[==============                          ]: 4036 (Loss: 0.3323)
[==============                          ]: 4037 (Loss: 0.4951)
[===============                         ]: 4038 (Loss: 0.2897)
[===============                         ]: 4039 (Loss: 0.3278)
[================                        ]: 4040 (Loss: 0.5588)
[================                        ]: 4041 (Loss: 0.3030)
[================                        ]: 4042 (Loss: 0.2967)
[=================                       ]: 4043 (Loss: 0.4610)
[=================                       ]: 4044 (Loss: 0.3793)
[==================                      ]: 4045 (Loss: 0.3454)
[==================                      ]: 4046 (Loss: 0.6366)
[==================                      ]: 4047 (Loss: 0.4191)
[===================                     ]: 4048 (Loss: 0.3067)
[===================                     ]: 4049 (Loss: 0.3880)
[====================                    ]: 4050 (Loss: 0.4610)
[====================                    ]: 4051 (Loss: 0.2729)
[====================                    ]: 4052 (Loss: 0.3682)
[=====================                   ]: 4053 (Loss: 0.3005)
[=====================                   ]: 4054 (Loss: 0.2751)
[======================                  ]: 4055 (Loss: 0.3175)
[======================                  ]: 4056 (Loss: 0.2660)
[======================                  ]: 4057 (Loss: 0.3516)
[=======================                 ]: 4058 (Loss: 0.3945)
[=======================                 ]: 4059 (Loss: 0.3776)
[========================                ]: 4060 (Loss: 0.2866)
[========================                ]: 4061 (Loss: 0.3672)
[========================                ]: 4062 (Loss: 0.3922)
[=========================               ]: 4063 (Loss: 0.4005)
[=========================               ]: 4064 (Loss: 0.3253)
[==========================              ]: 4065 (Loss: 0.4966)
[==========================              ]: 4066 (Loss: 0.5676)
[==========================              ]: 4067 (Loss: 0.5171)
[===========================             ]: 4068 (Loss: 0.3347)
[===========================             ]: 4069 (Loss: 0.5583)
[============================            ]: 4070 (Loss: 0.3761)
[============================            ]: 4071 (Loss: 0.3614)
[============================            ]: 4072 (Loss: 0.3372)
[=============================           ]: 4073 (Loss: 0.2968)
[=============================           ]: 4074 (Loss: 0.4143)
[==============================          ]: 4075 (Loss: 0.2681)
[==============================          ]: 4076 (Loss: 0.4095)
[==============================          ]: 4077 (Loss: 0.3480)
[===============================         ]: 4078 (Loss: 0.4410)
[===============================         ]: 4079 (Loss: 0.5376)
[================================        ]: 4080 (Loss: 0.3226)
[================================        ]: 4081 (Loss: 0.3066)
[================================        ]: 4082 (Loss: 0.4048)
[=================================       ]: 4083 (Loss: 0.4165)
[=================================       ]: 4084 (Loss: 0.5537)
[==================================      ]: 4085 (Loss: 0.2356)
[==================================      ]: 4086 (Loss: 0.3806)
[==================================      ]: 4087 (Loss: 0.4050)
[===================================     ]: 4088 (Loss: 0.4608)
[===================================     ]: 4089 (Loss: 0.4227)
[====================================    ]: 4090 (Loss: 0.3647)
[====================================    ]: 4091 (Loss: 0.3750)
[====================================    ]: 4092 (Loss: 0.3495)
[=====================================   ]: 4093 (Loss: 0.2775)
[=====================================   ]: 4094 (Loss: 0.3652)
[======================================  ]: 4095 (Loss: 0.4183)
[======================================  ]: 4096 (Loss: 0.4367)
[======================================  ]: 4097 (Loss: 0.4975)
[======================================= ]: 4098 (Loss: 0.3599)
[======================================= ]: 4099 (Loss: 0.4136)
[========================================]: 4100 (Loss: 0.5388)
                                                                                                    
[2026-07-16 22:23:08,043] [INFO] [__main__] Batch 4100 Loss: 0.377349 Cost: 7.12 Time: 210 ms/sequence
[2026-07-16 22:23:08,043] [INFO] [__main__] Advice weight norm: 19.845806 | Advice gradient norm: 0.647774

[                                        ]: 4101 (Loss: 0.3429)
[                                        ]: 4102 (Loss: 0.4127)
[=                                       ]: 4103 (Loss: 0.3850)
[=                                       ]: 4104 (Loss: 0.3435)
[==                                      ]: 4105 (Loss: 0.2685)
[==                                      ]: 4106 (Loss: 0.4200)
[==                                      ]: 4107 (Loss: 0.2737)
[===                                     ]: 4108 (Loss: 0.3426)
[===                                     ]: 4109 (Loss: 0.4615)
[====                                    ]: 4110 (Loss: 0.1789)
[====                                    ]: 4111 (Loss: 0.4292)
[====                                    ]: 4112 (Loss: 0.3203)
[=====                                   ]: 4113 (Loss: 0.4274)
[=====                                   ]: 4114 (Loss: 0.4901)
[======                                  ]: 4115 (Loss: 0.3711)
[======                                  ]: 4116 (Loss: 0.2452)
[======                                  ]: 4117 (Loss: 0.3337)
[=======                                 ]: 4118 (Loss: 0.2907)
[=======                                 ]: 4119 (Loss: 0.4343)
[========                                ]: 4120 (Loss: 0.3628)
[========                                ]: 4121 (Loss: 0.4466)
[========                                ]: 4122 (Loss: 0.4852)
[=========                               ]: 4123 (Loss: 0.4834)
[=========                               ]: 4124 (Loss: 0.3603)
[==========                              ]: 4125 (Loss: 0.4806)
[==========                              ]: 4126 (Loss: 0.4467)
[==========                              ]: 4127 (Loss: 0.2064)
[===========                             ]: 4128 (Loss: 0.4208)
[===========                             ]: 4129 (Loss: 0.4072)
[============                            ]: 4130 (Loss: 0.3806)
[============                            ]: 4131 (Loss: 0.4058)
[============                            ]: 4132 (Loss: 0.4990)
[=============                           ]: 4133 (Loss: 0.2921)
[=============                           ]: 4134 (Loss: 0.3487)
[==============                          ]: 4135 (Loss: 0.2278)
[==============                          ]: 4136 (Loss: 0.4376)
[==============                          ]: 4137 (Loss: 0.2896)
[===============                         ]: 4138 (Loss: 0.4690)
[===============                         ]: 4139 (Loss: 0.2490)
[================                        ]: 4140 (Loss: 0.4262)
[================                        ]: 4141 (Loss: 0.4200)
[================                        ]: 4142 (Loss: 0.2953)
[=================                       ]: 4143 (Loss: 0.3832)
[=================                       ]: 4144 (Loss: 0.3604)
[==================                      ]: 4145 (Loss: 0.3568)
[==================                      ]: 4146 (Loss: 0.2636)
[==================                      ]: 4147 (Loss: 0.4812)
[===================                     ]: 4148 (Loss: 0.3526)
[===================                     ]: 4149 (Loss: 0.3240)
[====================                    ]: 4150 (Loss: 0.4419)
[====================                    ]: 4151 (Loss: 0.2367)
[====================                    ]: 4152 (Loss: 0.3627)
[=====================                   ]: 4153 (Loss: 0.3593)
[=====================                   ]: 4154 (Loss: 0.5215)
[======================                  ]: 4155 (Loss: 0.3848)
[======================                  ]: 4156 (Loss: 0.3379)
[======================                  ]: 4157 (Loss: 0.4408)
[=======================                 ]: 4158 (Loss: 0.4461)
[=======================                 ]: 4159 (Loss: 0.3385)
[========================                ]: 4160 (Loss: 0.2991)
[========================                ]: 4161 (Loss: 0.3358)
[========================                ]: 4162 (Loss: 0.4370)
[=========================               ]: 4163 (Loss: 0.2716)
[=========================               ]: 4164 (Loss: 0.5300)
[==========================              ]: 4165 (Loss: 0.3428)
[==========================              ]: 4166 (Loss: 0.2734)
[==========================              ]: 4167 (Loss: 0.4130)
[===========================             ]: 4168 (Loss: 0.3745)
[===========================             ]: 4169 (Loss: 0.3551)
[============================            ]: 4170 (Loss: 0.3230)
[============================            ]: 4171 (Loss: 0.5397)
[============================            ]: 4172 (Loss: 0.3240)
[=============================           ]: 4173 (Loss: 0.3567)
[=============================           ]: 4174 (Loss: 0.4850)
[==============================          ]: 4175 (Loss: 0.5614)
[==============================          ]: 4176 (Loss: 0.3939)
[==============================          ]: 4177 (Loss: 0.4660)
[===============================         ]: 4178 (Loss: 0.4449)
[===============================         ]: 4179 (Loss: 0.3750)
[================================        ]: 4180 (Loss: 0.4065)
[================================        ]: 4181 (Loss: 0.3457)
[================================        ]: 4182 (Loss: 0.3087)
[=================================       ]: 4183 (Loss: 0.2416)
[=================================       ]: 4184 (Loss: 0.5825)
[==================================      ]: 4185 (Loss: 0.3360)
[==================================      ]: 4186 (Loss: 0.4315)
[==================================      ]: 4187 (Loss: 0.2091)
[===================================     ]: 4188 (Loss: 0.4315)
[===================================     ]: 4189 (Loss: 0.3257)
[====================================    ]: 4190 (Loss: 0.4057)
[====================================    ]: 4191 (Loss: 0.3721)
[====================================    ]: 4192 (Loss: 0.4456)
[=====================================   ]: 4193 (Loss: 0.5176)
[=====================================   ]: 4194 (Loss: 0.4494)
[======================================  ]: 4195 (Loss: 0.4115)
[======================================  ]: 4196 (Loss: 0.3586)
[======================================  ]: 4197 (Loss: 0.2917)
[======================================= ]: 4198 (Loss: 0.3757)
[======================================= ]: 4199 (Loss: 0.4583)
[========================================]: 4200 (Loss: 0.3552)
                                                                                                    
[2026-07-16 22:23:27,736] [INFO] [__main__] Batch 4200 Loss: 0.379665 Cost: 7.37 Time: 196 ms/sequence
[2026-07-16 22:23:27,736] [INFO] [__main__] Advice weight norm: 19.876259 | Advice gradient norm: 0.732029

[                                        ]: 4201 (Loss: 0.2853)
[                                        ]: 4202 (Loss: 0.4612)
[=                                       ]: 4203 (Loss: 0.4517)
[=                                       ]: 4204 (Loss: 0.4733)
[==                                      ]: 4205 (Loss: 0.3674)
[==                                      ]: 4206 (Loss: 0.3530)
[==                                      ]: 4207 (Loss: 0.3679)
[===                                     ]: 4208 (Loss: 0.3436)
[===                                     ]: 4209 (Loss: 0.4190)
[====                                    ]: 4210 (Loss: 0.3530)
[====                                    ]: 4211 (Loss: 0.3658)
[====                                    ]: 4212 (Loss: 0.5307)
[=====                                   ]: 4213 (Loss: 0.2338)
[=====                                   ]: 4214 (Loss: 0.3303)
[======                                  ]: 4215 (Loss: 0.4158)
[======                                  ]: 4216 (Loss: 0.4246)
[======                                  ]: 4217 (Loss: 0.3502)
[=======                                 ]: 4218 (Loss: 0.2702)
[=======                                 ]: 4219 (Loss: 0.3721)
[========                                ]: 4220 (Loss: 0.4800)
[========                                ]: 4221 (Loss: 0.2986)
[========                                ]: 4222 (Loss: 0.3601)
[=========                               ]: 4223 (Loss: 0.3253)
[=========                               ]: 4224 (Loss: 0.3624)
[==========                              ]: 4225 (Loss: 0.5115)
[==========                              ]: 4226 (Loss: 0.4431)
[==========                              ]: 4227 (Loss: 0.3570)
[===========                             ]: 4228 (Loss: 0.4456)
[===========                             ]: 4229 (Loss: 0.4521)
[============                            ]: 4230 (Loss: 0.2932)
[============                            ]: 4231 (Loss: 0.2709)
[============                            ]: 4232 (Loss: 0.4359)
[=============                           ]: 4233 (Loss: 0.4900)
[=============                           ]: 4234 (Loss: 0.3239)
[==============                          ]: 4235 (Loss: 0.3075)
[==============                          ]: 4236 (Loss: 0.4108)
[==============                          ]: 4237 (Loss: 0.2783)
[===============                         ]: 4238 (Loss: 0.4852)
[===============                         ]: 4239 (Loss: 0.4166)
[================                        ]: 4240 (Loss: 0.4647)
[================                        ]: 4241 (Loss: 0.4036)
[================                        ]: 4242 (Loss: 0.3370)
[=================                       ]: 4243 (Loss: 0.3284)
[=================                       ]: 4244 (Loss: 0.2661)
[==================                      ]: 4245 (Loss: 0.2837)
[==================                      ]: 4246 (Loss: 0.2766)
[==================                      ]: 4247 (Loss: 0.4354)
[===================                     ]: 4248 (Loss: 0.5147)
[===================                     ]: 4249 (Loss: 0.3863)
[====================                    ]: 4250 (Loss: 0.3503)
[====================                    ]: 4251 (Loss: 0.3203)
[====================                    ]: 4252 (Loss: 0.3807)
[=====================                   ]: 4253 (Loss: 0.3612)
[=====================                   ]: 4254 (Loss: 0.4575)
[======================                  ]: 4255 (Loss: 0.3879)
[======================                  ]: 4256 (Loss: 0.3014)
[======================                  ]: 4257 (Loss: 0.2676)
[=======================                 ]: 4258 (Loss: 0.4134)
[=======================                 ]: 4259 (Loss: 0.3777)
[========================                ]: 4260 (Loss: 0.4586)
[========================                ]: 4261 (Loss: 0.3970)
[========================                ]: 4262 (Loss: 0.3005)
[=========================               ]: 4263 (Loss: 0.3113)
[=========================               ]: 4264 (Loss: 0.4198)
[==========================              ]: 4265 (Loss: 0.3639)
[==========================              ]: 4266 (Loss: 0.5282)
[==========================              ]: 4267 (Loss: 0.4041)
[===========================             ]: 4268 (Loss: 0.3270)
[===========================             ]: 4269 (Loss: 0.3481)
[============================            ]: 4270 (Loss: 0.3218)
[============================            ]: 4271 (Loss: 0.4703)
[============================            ]: 4272 (Loss: 0.3508)
[=============================           ]: 4273 (Loss: 0.2724)
[=============================           ]: 4274 (Loss: 0.5083)
[==============================          ]: 4275 (Loss: 0.4100)
[==============================          ]: 4276 (Loss: 0.3248)
[==============================          ]: 4277 (Loss: 0.3889)
[===============================         ]: 4278 (Loss: 0.4105)
[===============================         ]: 4279 (Loss: 0.3406)
[================================        ]: 4280 (Loss: 0.4973)
[================================        ]: 4281 (Loss: 0.3826)
[================================        ]: 4282 (Loss: 0.4476)
[=================================       ]: 4283 (Loss: 0.5207)
[=================================       ]: 4284 (Loss: 0.3650)
[==================================      ]: 4285 (Loss: 0.5552)
[==================================      ]: 4286 (Loss: 0.2532)
[==================================      ]: 4287 (Loss: 0.3483)
[===================================     ]: 4288 (Loss: 0.4000)
[===================================     ]: 4289 (Loss: 0.3935)
[====================================    ]: 4290 (Loss: 0.3707)
[====================================    ]: 4291 (Loss: 0.3897)
[====================================    ]: 4292 (Loss: 0.4111)
[=====================================   ]: 4293 (Loss: 0.4403)
[=====================================   ]: 4294 (Loss: 0.3164)
[======================================  ]: 4295 (Loss: 0.3956)
[======================================  ]: 4296 (Loss: 0.3118)
[======================================  ]: 4297 (Loss: 0.4192)
[======================================= ]: 4298 (Loss: 0.4510)
[======================================= ]: 4299 (Loss: 0.3657)
[========================================]: 4300 (Loss: 0.4120)
                                                                                                    
[2026-07-16 22:23:47,509] [INFO] [__main__] Batch 4300 Loss: 0.383350 Cost: 7.39 Time: 197 ms/sequence
[2026-07-16 22:23:47,509] [INFO] [__main__] Advice weight norm: 19.909393 | Advice gradient norm: 0.646137

[                                        ]: 4301 (Loss: 0.3627)
[                                        ]: 4302 (Loss: 0.2456)
[=                                       ]: 4303 (Loss: 0.3939)
[=                                       ]: 4304 (Loss: 0.2604)
[==                                      ]: 4305 (Loss: 0.3030)
[==                                      ]: 4306 (Loss: 0.3177)
[==                                      ]: 4307 (Loss: 0.3920)
[===                                     ]: 4308 (Loss: 0.3552)
[===                                     ]: 4309 (Loss: 0.4949)
[====                                    ]: 4310 (Loss: 0.3935)
[====                                    ]: 4311 (Loss: 0.3083)
[====                                    ]: 4312 (Loss: 0.3216)
[=====                                   ]: 4313 (Loss: 0.4165)
[=====                                   ]: 4314 (Loss: 0.3531)
[======                                  ]: 4315 (Loss: 0.3046)
[======                                  ]: 4316 (Loss: 0.2869)
[======                                  ]: 4317 (Loss: 0.4755)
[=======                                 ]: 4318 (Loss: 0.3350)
[=======                                 ]: 4319 (Loss: 0.4013)
[========                                ]: 4320 (Loss: 0.3258)
[========                                ]: 4321 (Loss: 0.4039)
[========                                ]: 4322 (Loss: 0.3301)
[=========                               ]: 4323 (Loss: 0.3436)
[=========                               ]: 4324 (Loss: 0.3677)
[==========                              ]: 4325 (Loss: 0.4082)
[==========                              ]: 4326 (Loss: 0.4779)
[==========                              ]: 4327 (Loss: 0.4359)
[===========                             ]: 4328 (Loss: 0.4663)
[===========                             ]: 4329 (Loss: 0.3803)
[============                            ]: 4330 (Loss: 0.3894)
[============                            ]: 4331 (Loss: 0.4371)
[============                            ]: 4332 (Loss: 0.3833)
[=============                           ]: 4333 (Loss: 0.5000)
[=============                           ]: 4334 (Loss: 0.3158)
[==============                          ]: 4335 (Loss: 0.3762)
[==============                          ]: 4336 (Loss: 0.4606)
[==============                          ]: 4337 (Loss: 0.2794)
[===============                         ]: 4338 (Loss: 0.5257)
[===============                         ]: 4339 (Loss: 0.3705)
[================                        ]: 4340 (Loss: 0.2760)
[================                        ]: 4341 (Loss: 0.3311)
[================                        ]: 4342 (Loss: 0.3594)
[=================                       ]: 4343 (Loss: 0.3876)
[=================                       ]: 4344 (Loss: 0.3491)
[==================                      ]: 4345 (Loss: 0.4475)
[==================                      ]: 4346 (Loss: 0.3495)
[==================                      ]: 4347 (Loss: 0.2936)
[===================                     ]: 4348 (Loss: 0.3283)
[===================                     ]: 4349 (Loss: 0.2568)
[====================                    ]: 4350 (Loss: 0.3699)
[====================                    ]: 4351 (Loss: 0.3553)
[====================                    ]: 4352 (Loss: 0.4989)
[=====================                   ]: 4353 (Loss: 0.3086)
[=====================                   ]: 4354 (Loss: 0.4129)
[======================                  ]: 4355 (Loss: 0.2989)
[======================                  ]: 4356 (Loss: 0.3497)
[======================                  ]: 4357 (Loss: 0.4638)
[=======================                 ]: 4358 (Loss: 0.3335)
[=======================                 ]: 4359 (Loss: 0.3075)
[========================                ]: 4360 (Loss: 0.2665)
[========================                ]: 4361 (Loss: 0.3572)
[========================                ]: 4362 (Loss: 0.3990)
[=========================               ]: 4363 (Loss: 0.4049)
[=========================               ]: 4364 (Loss: 0.2860)
[==========================              ]: 4365 (Loss: 0.4010)
[==========================              ]: 4366 (Loss: 0.2103)
[==========================              ]: 4367 (Loss: 0.3068)
[===========================             ]: 4368 (Loss: 0.3544)
[===========================             ]: 4369 (Loss: 0.2911)
[============================            ]: 4370 (Loss: 0.3915)
[============================            ]: 4371 (Loss: 0.3319)
[============================            ]: 4372 (Loss: 0.4289)
[=============================           ]: 4373 (Loss: 0.5013)
[=============================           ]: 4374 (Loss: 0.2793)
[==============================          ]: 4375 (Loss: 0.3460)
[==============================          ]: 4376 (Loss: 0.2431)
[==============================          ]: 4377 (Loss: 0.3649)
[===============================         ]: 4378 (Loss: 0.3575)
[===============================         ]: 4379 (Loss: 0.3589)
[================================        ]: 4380 (Loss: 0.4041)
[================================        ]: 4381 (Loss: 0.2946)
[================================        ]: 4382 (Loss: 0.3480)
[=================================       ]: 4383 (Loss: 0.2878)
[=================================       ]: 4384 (Loss: 0.4621)
[==================================      ]: 4385 (Loss: 0.4074)
[==================================      ]: 4386 (Loss: 0.3810)
[==================================      ]: 4387 (Loss: 0.2714)
[===================================     ]: 4388 (Loss: 0.4276)
[===================================     ]: 4389 (Loss: 0.4512)
[====================================    ]: 4390 (Loss: 0.3484)
[====================================    ]: 4391 (Loss: 0.2592)
[====================================    ]: 4392 (Loss: 0.3039)
[=====================================   ]: 4393 (Loss: 0.4780)
[=====================================   ]: 4394 (Loss: 0.3097)
[======================================  ]: 4395 (Loss: 0.4133)
[======================================  ]: 4396 (Loss: 0.4418)
[======================================  ]: 4397 (Loss: 0.3969)
[======================================= ]: 4398 (Loss: 0.2574)
[======================================= ]: 4399 (Loss: 0.4222)
[========================================]: 4400 (Loss: 0.2872)
                                                                                                    
[2026-07-16 22:24:07,309] [INFO] [__main__] Batch 4400 Loss: 0.363107 Cost: 6.96 Time: 198 ms/sequence
[2026-07-16 22:24:07,309] [INFO] [__main__] Advice weight norm: 19.933693 | Advice gradient norm: 0.376832

[                                        ]: 4401 (Loss: 0.2257)
[                                        ]: 4402 (Loss: 0.3087)
[=                                       ]: 4403 (Loss: 0.2928)
[=                                       ]: 4404 (Loss: 0.3977)
[==                                      ]: 4405 (Loss: 0.3594)
[==                                      ]: 4406 (Loss: 0.3746)
[==                                      ]: 4407 (Loss: 0.3863)
[===                                     ]: 4408 (Loss: 0.3475)
[===                                     ]: 4409 (Loss: 0.4045)
[====                                    ]: 4410 (Loss: 0.4075)
[====                                    ]: 4411 (Loss: 0.2952)
[====                                    ]: 4412 (Loss: 0.4706)
[=====                                   ]: 4413 (Loss: 0.4086)
[=====                                   ]: 4414 (Loss: 0.2794)
[======                                  ]: 4415 (Loss: 0.3616)
[======                                  ]: 4416 (Loss: 0.3178)
[======                                  ]: 4417 (Loss: 0.3195)
[=======                                 ]: 4418 (Loss: 0.3285)
[=======                                 ]: 4419 (Loss: 0.3723)
[========                                ]: 4420 (Loss: 0.3853)
[========                                ]: 4421 (Loss: 0.4595)
[========                                ]: 4422 (Loss: 0.3714)
[=========                               ]: 4423 (Loss: 0.2515)
[=========                               ]: 4424 (Loss: 0.3682)
[==========                              ]: 4425 (Loss: 0.3785)
[==========                              ]: 4426 (Loss: 0.3217)
[==========                              ]: 4427 (Loss: 0.3314)
[===========                             ]: 4428 (Loss: 0.2831)
[===========                             ]: 4429 (Loss: 0.4585)
[============                            ]: 4430 (Loss: 0.2686)
[============                            ]: 4431 (Loss: 0.3171)
[============                            ]: 4432 (Loss: 0.2975)
[=============                           ]: 4433 (Loss: 0.4243)
[=============                           ]: 4434 (Loss: 0.3556)
[==============                          ]: 4435 (Loss: 0.4240)
[==============                          ]: 4436 (Loss: 0.3520)
[==============                          ]: 4437 (Loss: 0.3663)
[===============                         ]: 4438 (Loss: 0.5784)
[===============                         ]: 4439 (Loss: 0.2883)
[================                        ]: 4440 (Loss: 0.4901)
[================                        ]: 4441 (Loss: 0.3658)
[================                        ]: 4442 (Loss: 0.3761)
[=================                       ]: 4443 (Loss: 0.4520)
[=================                       ]: 4444 (Loss: 0.2889)
[==================                      ]: 4445 (Loss: 0.4166)
[==================                      ]: 4446 (Loss: 0.3269)
[==================                      ]: 4447 (Loss: 0.3832)
[===================                     ]: 4448 (Loss: 0.4935)
[===================                     ]: 4449 (Loss: 0.3096)
[====================                    ]: 4450 (Loss: 0.3229)
[====================                    ]: 4451 (Loss: 0.4199)
[====================                    ]: 4452 (Loss: 0.4561)
[=====================                   ]: 4453 (Loss: 0.3657)
[=====================                   ]: 4454 (Loss: 0.4140)
[======================                  ]: 4455 (Loss: 0.2575)
[======================                  ]: 4456 (Loss: 0.2400)
[======================                  ]: 4457 (Loss: 0.3547)
[=======================                 ]: 4458 (Loss: 0.3693)
[=======================                 ]: 4459 (Loss: 0.3837)
[========================                ]: 4460 (Loss: 0.3733)
[========================                ]: 4461 (Loss: 0.2947)
[========================                ]: 4462 (Loss: 0.3742)
[=========================               ]: 4463 (Loss: 0.2560)
[=========================               ]: 4464 (Loss: 0.3136)
[==========================              ]: 4465 (Loss: 0.2914)
[==========================              ]: 4466 (Loss: 0.4582)
[==========================              ]: 4467 (Loss: 0.3580)
[===========================             ]: 4468 (Loss: 0.3892)
[===========================             ]: 4469 (Loss: 0.3638)
[============================            ]: 4470 (Loss: 0.2063)
[============================            ]: 4471 (Loss: 0.3743)
[============================            ]: 4472 (Loss: 0.5387)
[=============================           ]: 4473 (Loss: 0.2953)
[=============================           ]: 4474 (Loss: 0.2999)
[==============================          ]: 4475 (Loss: 0.2912)
[==============================          ]: 4476 (Loss: 0.2936)
[==============================          ]: 4477 (Loss: 0.2977)
[===============================         ]: 4478 (Loss: 0.3304)
[===============================         ]: 4479 (Loss: 0.3909)
[================================        ]: 4480 (Loss: 0.4114)
[================================        ]: 4481 (Loss: 0.3032)
[================================        ]: 4482 (Loss: 0.3480)
[=================================       ]: 4483 (Loss: 0.2514)
[=================================       ]: 4484 (Loss: 0.3168)
[==================================      ]: 4485 (Loss: 0.4043)
[==================================      ]: 4486 (Loss: 0.3832)
[==================================      ]: 4487 (Loss: 0.3606)
[===================================     ]: 4488 (Loss: 0.4704)
[===================================     ]: 4489 (Loss: 0.3597)
[====================================    ]: 4490 (Loss: 0.3403)
[====================================    ]: 4491 (Loss: 0.3889)
[====================================    ]: 4492 (Loss: 0.3416)
[=====================================   ]: 4493 (Loss: 0.3994)
[=====================================   ]: 4494 (Loss: 0.4497)
[======================================  ]: 4495 (Loss: 0.4074)
[======================================  ]: 4496 (Loss: 0.3007)
[======================================  ]: 4497 (Loss: 0.3481)
[======================================= ]: 4498 (Loss: 0.3744)
[======================================= ]: 4499 (Loss: 0.4050)
[========================================]: 4500 (Loss: 0.3366)
                                                                                                    
[2026-07-16 22:24:27,034] [INFO] [__main__] Batch 4500 Loss: 0.359176 Cost: 6.66 Time: 197 ms/sequence
[2026-07-16 22:24:27,034] [INFO] [__main__] Advice weight norm: 19.971209 | Advice gradient norm: 0.408345

[                                        ]: 4501 (Loss: 0.3335)
[                                        ]: 4502 (Loss: 0.3867)
[=                                       ]: 4503 (Loss: 0.2263)
[=                                       ]: 4504 (Loss: 0.3925)
[==                                      ]: 4505 (Loss: 0.3733)
[==                                      ]: 4506 (Loss: 0.3276)
[==                                      ]: 4507 (Loss: 0.3562)
[===                                     ]: 4508 (Loss: 0.3649)
[===                                     ]: 4509 (Loss: 0.4004)
[====                                    ]: 4510 (Loss: 0.3060)
[====                                    ]: 4511 (Loss: 0.3687)
[====                                    ]: 4512 (Loss: 0.3319)
[=====                                   ]: 4513 (Loss: 0.3587)
[=====                                   ]: 4514 (Loss: 0.3999)
[======                                  ]: 4515 (Loss: 0.5575)
[======                                  ]: 4516 (Loss: 0.4052)
[======                                  ]: 4517 (Loss: 0.2273)
[=======                                 ]: 4518 (Loss: 0.3856)
[=======                                 ]: 4519 (Loss: 0.3526)
[========                                ]: 4520 (Loss: 0.4422)
[========                                ]: 4521 (Loss: 0.3109)
[========                                ]: 4522 (Loss: 0.4718)
[=========                               ]: 4523 (Loss: 0.3833)
[=========                               ]: 4524 (Loss: 0.4841)
[==========                              ]: 4525 (Loss: 0.4366)
[==========                              ]: 4526 (Loss: 0.2902)
[==========                              ]: 4527 (Loss: 0.3764)
[===========                             ]: 4528 (Loss: 0.3122)
[===========                             ]: 4529 (Loss: 0.4746)
[============                            ]: 4530 (Loss: 0.3219)
[============                            ]: 4531 (Loss: 0.2583)
[============                            ]: 4532 (Loss: 0.4793)
[=============                           ]: 4533 (Loss: 0.2771)
[=============                           ]: 4534 (Loss: 0.3283)
[==============                          ]: 4535 (Loss: 0.4233)
[==============                          ]: 4536 (Loss: 0.3639)
[==============                          ]: 4537 (Loss: 0.5338)
[===============                         ]: 4538 (Loss: 0.3153)
[===============                         ]: 4539 (Loss: 0.3136)
[================                        ]: 4540 (Loss: 0.2356)
[================                        ]: 4541 (Loss: 0.2679)
[================                        ]: 4542 (Loss: 0.2603)
[=================                       ]: 4543 (Loss: 0.3250)
[=================                       ]: 4544 (Loss: 0.3564)
[==================                      ]: 4545 (Loss: 0.4633)
[==================                      ]: 4546 (Loss: 0.2703)
[==================                      ]: 4547 (Loss: 0.3484)
[===================                     ]: 4548 (Loss: 0.5388)
[===================                     ]: 4549 (Loss: 0.3650)
[====================                    ]: 4550 (Loss: 0.3761)
[====================                    ]: 4551 (Loss: 0.3697)
[====================                    ]: 4552 (Loss: 0.2572)
[=====================                   ]: 4553 (Loss: 0.2808)
[=====================                   ]: 4554 (Loss: 0.3666)
[======================                  ]: 4555 (Loss: 0.2416)
[======================                  ]: 4556 (Loss: 0.3753)
[======================                  ]: 4557 (Loss: 0.3170)
[=======================                 ]: 4558 (Loss: 0.3120)
[=======================                 ]: 4559 (Loss: 0.3119)
[========================                ]: 4560 (Loss: 0.3999)
[========================                ]: 4561 (Loss: 0.2177)
[========================                ]: 4562 (Loss: 0.5142)
[=========================               ]: 4563 (Loss: 0.2418)
[=========================               ]: 4564 (Loss: 0.3467)
[==========================              ]: 4565 (Loss: 0.3427)
[==========================              ]: 4566 (Loss: 0.3370)
[==========================              ]: 4567 (Loss: 0.3630)
[===========================             ]: 4568 (Loss: 0.4459)
[===========================             ]: 4569 (Loss: 0.4161)
[============================            ]: 4570 (Loss: 0.2479)
[============================            ]: 4571 (Loss: 0.3942)
[============================            ]: 4572 (Loss: 0.3983)
[=============================           ]: 4573 (Loss: 0.3177)
[=============================           ]: 4574 (Loss: 0.3136)
[==============================          ]: 4575 (Loss: 0.3762)
[==============================          ]: 4576 (Loss: 0.4025)
[==============================          ]: 4577 (Loss: 0.2576)
[===============================         ]: 4578 (Loss: 0.4045)
[===============================         ]: 4579 (Loss: 0.3299)
[================================        ]: 4580 (Loss: 0.3579)
[================================        ]: 4581 (Loss: 0.2509)
[================================        ]: 4582 (Loss: 0.3484)
[=================================       ]: 4583 (Loss: 0.2865)
[=================================       ]: 4584 (Loss: 0.3217)
[==================================      ]: 4585 (Loss: 0.5108)
[==================================      ]: 4586 (Loss: 0.3725)
[==================================      ]: 4587 (Loss: 0.4892)
[===================================     ]: 4588 (Loss: 0.4432)
[===================================     ]: 4589 (Loss: 0.2255)
[====================================    ]: 4590 (Loss: 0.3008)
[====================================    ]: 4591 (Loss: 0.5343)
[====================================    ]: 4592 (Loss: 0.2736)
[=====================================   ]: 4593 (Loss: 0.3369)
[=====================================   ]: 4594 (Loss: 0.4446)
[======================================  ]: 4595 (Loss: 0.2737)
[======================================  ]: 4596 (Loss: 0.3659)
[======================================  ]: 4597 (Loss: 0.3448)
[======================================= ]: 4598 (Loss: 0.3937)
[======================================= ]: 4599 (Loss: 0.3777)
[========================================]: 4600 (Loss: 0.2542)
                                                                                                    
[2026-07-16 22:24:46,895] [INFO] [__main__] Batch 4600 Loss: 0.356656 Cost: 6.50 Time: 198 ms/sequence
[2026-07-16 22:24:46,896] [INFO] [__main__] Advice weight norm: 19.998512 | Advice gradient norm: 0.445937

[                                        ]: 4601 (Loss: 0.3942)
[                                        ]: 4602 (Loss: 0.3544)
[=                                       ]: 4603 (Loss: 0.4223)
[=                                       ]: 4604 (Loss: 0.4529)
[==                                      ]: 4605 (Loss: 0.3795)
[==                                      ]: 4606 (Loss: 0.3485)
[==                                      ]: 4607 (Loss: 0.3840)
[===                                     ]: 4608 (Loss: 0.3986)
[===                                     ]: 4609 (Loss: 0.4685)
[====                                    ]: 4610 (Loss: 0.3471)
[====                                    ]: 4611 (Loss: 0.4365)
[====                                    ]: 4612 (Loss: 0.4110)
[=====                                   ]: 4613 (Loss: 0.3344)
[=====                                   ]: 4614 (Loss: 0.3630)
[======                                  ]: 4615 (Loss: 0.4325)
[======                                  ]: 4616 (Loss: 0.2975)
[======                                  ]: 4617 (Loss: 0.4603)
[=======                                 ]: 4618 (Loss: 0.3928)
[=======                                 ]: 4619 (Loss: 0.4086)
[========                                ]: 4620 (Loss: 0.4012)
[========                                ]: 4621 (Loss: 0.2805)
[========                                ]: 4622 (Loss: 0.3118)
[=========                               ]: 4623 (Loss: 0.4462)
[=========                               ]: 4624 (Loss: 0.3310)
[==========                              ]: 4625 (Loss: 0.4371)
[==========                              ]: 4626 (Loss: 0.2874)
[==========                              ]: 4627 (Loss: 0.2422)
[===========                             ]: 4628 (Loss: 0.2184)
[===========                             ]: 4629 (Loss: 0.3952)
[============                            ]: 4630 (Loss: 0.3460)
[============                            ]: 4631 (Loss: 0.3867)
[============                            ]: 4632 (Loss: 0.3331)
[=============                           ]: 4633 (Loss: 0.3433)
[=============                           ]: 4634 (Loss: 0.3835)
[==============                          ]: 4635 (Loss: 0.3362)
[==============                          ]: 4636 (Loss: 0.2430)
[==============                          ]: 4637 (Loss: 0.3893)
[===============                         ]: 4638 (Loss: 0.4313)
[===============                         ]: 4639 (Loss: 0.3494)
[================                        ]: 4640 (Loss: 0.3378)
[================                        ]: 4641 (Loss: 0.3207)
[================                        ]: 4642 (Loss: 0.4242)
[=================                       ]: 4643 (Loss: 0.4081)
[=================                       ]: 4644 (Loss: 0.4191)
[==================                      ]: 4645 (Loss: 0.4039)
[==================                      ]: 4646 (Loss: 0.3378)
[==================                      ]: 4647 (Loss: 0.3994)
[===================                     ]: 4648 (Loss: 0.3337)
[===================                     ]: 4649 (Loss: 0.3674)
[====================                    ]: 4650 (Loss: 0.4228)
[====================                    ]: 4651 (Loss: 0.4629)
[====================                    ]: 4652 (Loss: 0.3914)
[=====================                   ]: 4653 (Loss: 0.4225)
[=====================                   ]: 4654 (Loss: 0.4553)
[======================                  ]: 4655 (Loss: 0.4023)
[======================                  ]: 4656 (Loss: 0.2819)
[======================                  ]: 4657 (Loss: 0.3130)
[=======================                 ]: 4658 (Loss: 0.2884)
[=======================                 ]: 4659 (Loss: 0.5188)
[========================                ]: 4660 (Loss: 0.5051)
[========================                ]: 4661 (Loss: 0.4385)
[========================                ]: 4662 (Loss: 0.4919)
[=========================               ]: 4663 (Loss: 0.3471)
[=========================               ]: 4664 (Loss: 0.2826)
[==========================              ]: 4665 (Loss: 0.4337)
[==========================              ]: 4666 (Loss: 0.3591)
[==========================              ]: 4667 (Loss: 0.4608)
[===========================             ]: 4668 (Loss: 0.4057)
[===========================             ]: 4669 (Loss: 0.3910)
[============================            ]: 4670 (Loss: 0.3777)
[============================            ]: 4671 (Loss: 0.4373)
[============================            ]: 4672 (Loss: 0.3388)
[=============================           ]: 4673 (Loss: 0.3879)
[=============================           ]: 4674 (Loss: 0.4683)
[==============================          ]: 4675 (Loss: 0.4502)
[==============================          ]: 4676 (Loss: 0.2696)
[==============================          ]: 4677 (Loss: 0.3710)
[===============================         ]: 4678 (Loss: 0.2910)
[===============================         ]: 4679 (Loss: 0.3876)
[================================        ]: 4680 (Loss: 0.4538)
[================================        ]: 4681 (Loss: 0.3135)
[================================        ]: 4682 (Loss: 0.3103)
[=================================       ]: 4683 (Loss: 0.2325)
[=================================       ]: 4684 (Loss: 0.3972)
[==================================      ]: 4685 (Loss: 0.3491)
[==================================      ]: 4686 (Loss: 0.4474)
[==================================      ]: 4687 (Loss: 0.4830)
[===================================     ]: 4688 (Loss: 0.3112)
[===================================     ]: 4689 (Loss: 0.2782)
[====================================    ]: 4690 (Loss: 0.3218)
[====================================    ]: 4691 (Loss: 0.3270)
[====================================    ]: 4692 (Loss: 0.4979)
[=====================================   ]: 4693 (Loss: 0.3720)
[=====================================   ]: 4694 (Loss: 0.4508)
[======================================  ]: 4695 (Loss: 0.3993)
[======================================  ]: 4696 (Loss: 0.1810)
[======================================  ]: 4697 (Loss: 0.4513)
[======================================= ]: 4698 (Loss: 0.2711)
[======================================= ]: 4699 (Loss: 0.3478)
[========================================]: 4700 (Loss: 0.3745)
                                                                                                    
[2026-07-16 22:25:06,718] [INFO] [__main__] Batch 4700 Loss: 0.375569 Cost: 7.16 Time: 198 ms/sequence
[2026-07-16 22:25:06,719] [INFO] [__main__] Advice weight norm: 20.034185 | Advice gradient norm: 0.338019

[                                        ]: 4701 (Loss: 0.3857)
[                                        ]: 4702 (Loss: 0.3458)
[=                                       ]: 4703 (Loss: 0.2835)
[=                                       ]: 4704 (Loss: 0.3413)
[==                                      ]: 4705 (Loss: 0.3082)
[==                                      ]: 4706 (Loss: 0.2928)
[==                                      ]: 4707 (Loss: 0.4221)
[===                                     ]: 4708 (Loss: 0.3780)
[===                                     ]: 4709 (Loss: 0.2684)
[====                                    ]: 4710 (Loss: 0.3546)
[====                                    ]: 4711 (Loss: 0.3515)
[====                                    ]: 4712 (Loss: 0.3311)
[=====                                   ]: 4713 (Loss: 0.3746)
[=====                                   ]: 4714 (Loss: 0.4158)
[======                                  ]: 4715 (Loss: 0.3405)
[======                                  ]: 4716 (Loss: 0.2510)
[======                                  ]: 4717 (Loss: 0.3718)
[=======                                 ]: 4718 (Loss: 0.5282)
[=======                                 ]: 4719 (Loss: 0.4650)
[========                                ]: 4720 (Loss: 0.4077)
[========                                ]: 4721 (Loss: 0.3298)
[========                                ]: 4722 (Loss: 0.2893)
[=========                               ]: 4723 (Loss: 0.2971)
[=========                               ]: 4724 (Loss: 0.4161)
[==========                              ]: 4725 (Loss: 0.4066)
[==========                              ]: 4726 (Loss: 0.3718)
[==========                              ]: 4727 (Loss: 0.3764)
[===========                             ]: 4728 (Loss: 0.3847)
[===========                             ]: 4729 (Loss: 0.3330)
[============                            ]: 4730 (Loss: 0.3130)
[============                            ]: 4731 (Loss: 0.3923)
[============                            ]: 4732 (Loss: 0.3902)
[=============                           ]: 4733 (Loss: 0.5057)
[=============                           ]: 4734 (Loss: 0.2523)
[==============                          ]: 4735 (Loss: 0.2651)
[==============                          ]: 4736 (Loss: 0.3588)
[==============                          ]: 4737 (Loss: 0.3792)
[===============                         ]: 4738 (Loss: 0.3171)
[===============                         ]: 4739 (Loss: 0.3440)
[================                        ]: 4740 (Loss: 0.3682)
[================                        ]: 4741 (Loss: 0.3158)
[================                        ]: 4742 (Loss: 0.3016)
[=================                       ]: 4743 (Loss: 0.3974)
[=================                       ]: 4744 (Loss: 0.2750)
[==================                      ]: 4745 (Loss: 0.5135)
[==================                      ]: 4746 (Loss: 0.4931)
[==================                      ]: 4747 (Loss: 0.4055)
[===================                     ]: 4748 (Loss: 0.4375)
[===================                     ]: 4749 (Loss: 0.2769)
[====================                    ]: 4750 (Loss: 0.2669)
[====================                    ]: 4751 (Loss: 0.3391)
[====================                    ]: 4752 (Loss: 0.4046)
[=====================                   ]: 4753 (Loss: 0.3259)
[=====================                   ]: 4754 (Loss: 0.2770)
[======================                  ]: 4755 (Loss: 0.4126)
[======================                  ]: 4756 (Loss: 0.4302)
[======================                  ]: 4757 (Loss: 0.2131)
[=======================                 ]: 4758 (Loss: 0.3332)
[=======================                 ]: 4759 (Loss: 0.2942)
[========================                ]: 4760 (Loss: 0.3406)
[========================                ]: 4761 (Loss: 0.2935)
[========================                ]: 4762 (Loss: 0.3223)
[=========================               ]: 4763 (Loss: 0.3895)
[=========================               ]: 4764 (Loss: 0.5381)
[==========================              ]: 4765 (Loss: 0.3209)
[==========================              ]: 4766 (Loss: 0.5149)
[==========================              ]: 4767 (Loss: 0.2023)
[===========================             ]: 4768 (Loss: 0.3528)
[===========================             ]: 4769 (Loss: 0.3382)
[============================            ]: 4770 (Loss: 0.2892)
[============================            ]: 4771 (Loss: 0.2484)
[============================            ]: 4772 (Loss: 0.2838)
[=============================           ]: 4773 (Loss: 0.3914)
[=============================           ]: 4774 (Loss: 0.3377)
[==============================          ]: 4775 (Loss: 0.2890)
[==============================          ]: 4776 (Loss: 0.3652)
[==============================          ]: 4777 (Loss: 0.3617)
[===============================         ]: 4778 (Loss: 0.4653)
[===============================         ]: 4779 (Loss: 0.3681)
[================================        ]: 4780 (Loss: 0.3236)
[================================        ]: 4781 (Loss: 0.5011)
[================================        ]: 4782 (Loss: 0.3286)
[=================================       ]: 4783 (Loss: 0.3215)
[=================================       ]: 4784 (Loss: 0.4501)
[==================================      ]: 4785 (Loss: 0.3476)
[==================================      ]: 4786 (Loss: 0.4296)
[==================================      ]: 4787 (Loss: 0.4050)
[===================================     ]: 4788 (Loss: 0.3978)
[===================================     ]: 4789 (Loss: 0.4267)
[====================================    ]: 4790 (Loss: 0.2758)
[====================================    ]: 4791 (Loss: 0.3257)
[====================================    ]: 4792 (Loss: 0.3732)
[=====================================   ]: 4793 (Loss: 0.4412)
[=====================================   ]: 4794 (Loss: 0.7116)
[======================================  ]: 4795 (Loss: 0.4111)
[======================================  ]: 4796 (Loss: 0.3044)
[======================================  ]: 4797 (Loss: 0.4657)
[======================================= ]: 4798 (Loss: 0.2294)
[======================================= ]: 4799 (Loss: 0.3571)
[========================================]: 4800 (Loss: 0.3413)
                                                                                                    
[2026-07-16 22:25:26,415] [INFO] [__main__] Batch 4800 Loss: 0.362026 Cost: 6.53 Time: 196 ms/sequence
[2026-07-16 22:25:26,415] [INFO] [__main__] Advice weight norm: 20.067362 | Advice gradient norm: 0.437522

[                                        ]: 4801 (Loss: 0.4346)
[                                        ]: 4802 (Loss: 0.3221)
[=                                       ]: 4803 (Loss: 0.3506)
[=                                       ]: 4804 (Loss: 0.3487)
[==                                      ]: 4805 (Loss: 0.2659)
[==                                      ]: 4806 (Loss: 0.4521)
[==                                      ]: 4807 (Loss: 0.4273)
[===                                     ]: 4808 (Loss: 0.3560)
[===                                     ]: 4809 (Loss: 0.3287)
[====                                    ]: 4810 (Loss: 0.2459)
[====                                    ]: 4811 (Loss: 0.3229)
[====                                    ]: 4812 (Loss: 0.2908)
[=====                                   ]: 4813 (Loss: 0.3928)
[=====                                   ]: 4814 (Loss: 0.3743)
[======                                  ]: 4815 (Loss: 0.3111)
[======                                  ]: 4816 (Loss: 0.4546)
[======                                  ]: 4817 (Loss: 0.3689)
[=======                                 ]: 4818 (Loss: 0.5417)
[=======                                 ]: 4819 (Loss: 0.2940)
[========                                ]: 4820 (Loss: 0.4472)
[========                                ]: 4821 (Loss: 0.3543)
[========                                ]: 4822 (Loss: 0.4408)
[=========                               ]: 4823 (Loss: 0.3381)
[=========                               ]: 4824 (Loss: 0.3479)
[==========                              ]: 4825 (Loss: 0.3514)
[==========                              ]: 4826 (Loss: 0.4837)
[==========                              ]: 4827 (Loss: 0.3524)
[===========                             ]: 4828 (Loss: 0.3202)
[===========                             ]: 4829 (Loss: 0.2259)
[============                            ]: 4830 (Loss: 0.2823)
[============                            ]: 4831 (Loss: 0.2942)
[============                            ]: 4832 (Loss: 0.3864)
[=============                           ]: 4833 (Loss: 0.3991)
[=============                           ]: 4834 (Loss: 0.2361)
[==============                          ]: 4835 (Loss: 0.4023)
[==============                          ]: 4836 (Loss: 0.3237)
[==============                          ]: 4837 (Loss: 0.3765)
[===============                         ]: 4838 (Loss: 0.2769)
[===============                         ]: 4839 (Loss: 0.2711)
[================                        ]: 4840 (Loss: 0.3489)
[================                        ]: 4841 (Loss: 0.3020)
[================                        ]: 4842 (Loss: 0.3617)
[=================                       ]: 4843 (Loss: 0.3686)
[=================                       ]: 4844 (Loss: 0.2126)
[==================                      ]: 4845 (Loss: 0.2217)
[==================                      ]: 4846 (Loss: 0.3373)
[==================                      ]: 4847 (Loss: 0.1904)
[===================                     ]: 4848 (Loss: 0.3012)
[===================                     ]: 4849 (Loss: 0.2813)
[====================                    ]: 4850 (Loss: 0.3339)
[====================                    ]: 4851 (Loss: 0.3695)
[====================                    ]: 4852 (Loss: 0.3530)
[=====================                   ]: 4853 (Loss: 0.3298)
[=====================                   ]: 4854 (Loss: 0.4272)
[======================                  ]: 4855 (Loss: 0.4457)
[======================                  ]: 4856 (Loss: 0.4806)
[======================                  ]: 4857 (Loss: 0.4119)
[=======================                 ]: 4858 (Loss: 0.3603)
[=======================                 ]: 4859 (Loss: 0.2962)
[========================                ]: 4860 (Loss: 0.3483)
[========================                ]: 4861 (Loss: 0.3503)
[========================                ]: 4862 (Loss: 0.3067)
[=========================               ]: 4863 (Loss: 0.2728)
[=========================               ]: 4864 (Loss: 0.3750)
[==========================              ]: 4865 (Loss: 0.4533)
[==========================              ]: 4866 (Loss: 0.3299)
[==========================              ]: 4867 (Loss: 0.2442)
[===========================             ]: 4868 (Loss: 0.3147)
[===========================             ]: 4869 (Loss: 0.3283)
[============================            ]: 4870 (Loss: 0.2343)
[============================            ]: 4871 (Loss: 0.3035)
[============================            ]: 4872 (Loss: 0.3378)
[=============================           ]: 4873 (Loss: 0.4393)
[=============================           ]: 4874 (Loss: 0.3262)
[==============================          ]: 4875 (Loss: 0.4109)
[==============================          ]: 4876 (Loss: 0.5546)
[==============================          ]: 4877 (Loss: 0.3621)
[===============================         ]: 4878 (Loss: 0.3544)
[===============================         ]: 4879 (Loss: 0.4206)
[================================        ]: 4880 (Loss: 0.3326)
[================================        ]: 4881 (Loss: 0.2804)
[================================        ]: 4882 (Loss: 0.4605)
[=================================       ]: 4883 (Loss: 0.2829)
[=================================       ]: 4884 (Loss: 0.2784)
[==================================      ]: 4885 (Loss: 0.2695)
[==================================      ]: 4886 (Loss: 0.3183)
[==================================      ]: 4887 (Loss: 0.3911)
[===================================     ]: 4888 (Loss: 0.3984)
[===================================     ]: 4889 (Loss: 0.4706)
[====================================    ]: 4890 (Loss: 0.3604)
[====================================    ]: 4891 (Loss: 0.4060)
[====================================    ]: 4892 (Loss: 0.3671)
[=====================================   ]: 4893 (Loss: 0.2039)
[=====================================   ]: 4894 (Loss: 0.3705)
[======================================  ]: 4895 (Loss: 0.4433)
[======================================  ]: 4896 (Loss: 0.3800)
[======================================  ]: 4897 (Loss: 0.3760)
[======================================= ]: 4898 (Loss: 0.2285)
[======================================= ]: 4899 (Loss: 0.3859)
[========================================]: 4900 (Loss: 0.3260)
                                                                                                    
[2026-07-16 22:25:46,568] [INFO] [__main__] Batch 4900 Loss: 0.349251 Cost: 6.27 Time: 201 ms/sequence
[2026-07-16 22:25:46,568] [INFO] [__main__] Advice weight norm: 20.106140 | Advice gradient norm: 0.267158

[                                        ]: 4901 (Loss: 0.4484)
[                                        ]: 4902 (Loss: 0.2272)
[=                                       ]: 4903 (Loss: 0.3640)
[=                                       ]: 4904 (Loss: 0.3433)
[==                                      ]: 4905 (Loss: 0.3355)
[==                                      ]: 4906 (Loss: 0.3689)
[==                                      ]: 4907 (Loss: 0.3689)
[===                                     ]: 4908 (Loss: 0.3534)
[===                                     ]: 4909 (Loss: 0.4105)
[====                                    ]: 4910 (Loss: 0.4197)
[====                                    ]: 4911 (Loss: 0.2666)
[====                                    ]: 4912 (Loss: 0.3140)
[=====                                   ]: 4913 (Loss: 0.3003)
[=====                                   ]: 4914 (Loss: 0.3215)
[======                                  ]: 4915 (Loss: 0.3238)
[======                                  ]: 4916 (Loss: 0.2480)
[======                                  ]: 4917 (Loss: 0.4485)
[=======                                 ]: 4918 (Loss: 0.3220)
[=======                                 ]: 4919 (Loss: 0.2972)
[========                                ]: 4920 (Loss: 0.3722)
[========                                ]: 4921 (Loss: 0.2900)
[========                                ]: 4922 (Loss: 0.3019)
[=========                               ]: 4923 (Loss: 0.4427)
[=========                               ]: 4924 (Loss: 0.4203)
[==========                              ]: 4925 (Loss: 0.4130)
[==========                              ]: 4926 (Loss: 0.4037)
[==========                              ]: 4927 (Loss: 0.2750)
[===========                             ]: 4928 (Loss: 0.3192)
[===========                             ]: 4929 (Loss: 0.3479)
[============                            ]: 4930 (Loss: 0.2960)
[============                            ]: 4931 (Loss: 0.3010)
[============                            ]: 4932 (Loss: 0.2861)
[=============                           ]: 4933 (Loss: 0.3276)
[=============                           ]: 4934 (Loss: 0.2440)
[==============                          ]: 4935 (Loss: 0.3900)
[==============                          ]: 4936 (Loss: 0.3580)
[==============                          ]: 4937 (Loss: 0.4148)
[===============                         ]: 4938 (Loss: 0.3727)
[===============                         ]: 4939 (Loss: 0.2442)
[================                        ]: 4940 (Loss: 0.3524)
[================                        ]: 4941 (Loss: 0.3614)
[================                        ]: 4942 (Loss: 0.2724)
[=================                       ]: 4943 (Loss: 0.4258)
[=================                       ]: 4944 (Loss: 0.4514)
[==================                      ]: 4945 (Loss: 0.3937)
[==================                      ]: 4946 (Loss: 0.3994)
[==================                      ]: 4947 (Loss: 0.2969)
[===================                     ]: 4948 (Loss: 0.3697)
[===================                     ]: 4949 (Loss: 0.3596)
[====================                    ]: 4950 (Loss: 0.3134)
[====================                    ]: 4951 (Loss: 0.4025)
[====================                    ]: 4952 (Loss: 0.2709)
[=====================                   ]: 4953 (Loss: 0.4210)
[=====================                   ]: 4954 (Loss: 0.4001)
[======================                  ]: 4955 (Loss: 0.3504)
[======================                  ]: 4956 (Loss: 0.2895)
[======================                  ]: 4957 (Loss: 0.3016)
[=======================                 ]: 4958 (Loss: 0.2933)
[=======================                 ]: 4959 (Loss: 0.3052)
[========================                ]: 4960 (Loss: 0.3599)
[========================                ]: 4961 (Loss: 0.3188)
[========================                ]: 4962 (Loss: 0.3662)
[=========================               ]: 4963 (Loss: 0.5270)
[=========================               ]: 4964 (Loss: 0.2839)
[==========================              ]: 4965 (Loss: 0.4833)
[==========================              ]: 4966 (Loss: 0.4344)
[==========================              ]: 4967 (Loss: 0.3286)
[===========================             ]: 4968 (Loss: 0.4362)
[===========================             ]: 4969 (Loss: 0.4757)
[============================            ]: 4970 (Loss: 0.4720)
[============================            ]: 4971 (Loss: 0.3079)
[============================            ]: 4972 (Loss: 0.3349)
[=============================           ]: 4973 (Loss: 0.4503)
[=============================           ]: 4974 (Loss: 0.3988)
[==============================          ]: 4975 (Loss: 0.3832)
[==============================          ]: 4976 (Loss: 0.2832)
[==============================          ]: 4977 (Loss: 0.4319)
[===============================         ]: 4978 (Loss: 0.3718)
[===============================         ]: 4979 (Loss: 0.3445)
[================================        ]: 4980 (Loss: 0.3493)
[================================        ]: 4981 (Loss: 0.4397)
[================================        ]: 4982 (Loss: 0.3037)
[=================================       ]: 4983 (Loss: 0.4141)
[=================================       ]: 4984 (Loss: 0.5132)
[==================================      ]: 4985 (Loss: 0.3256)
[==================================      ]: 4986 (Loss: 0.3546)
[==================================      ]: 4987 (Loss: 0.3243)
[===================================     ]: 4988 (Loss: 0.3245)
[===================================     ]: 4989 (Loss: 0.3042)
[====================================    ]: 4990 (Loss: 0.1989)
[====================================    ]: 4991 (Loss: 0.3723)
[====================================    ]: 4992 (Loss: 0.2701)
[=====================================   ]: 4993 (Loss: 0.3516)
[=====================================   ]: 4994 (Loss: 0.3448)
[======================================  ]: 4995 (Loss: 0.3244)
[======================================  ]: 4996 (Loss: 0.3350)
[======================================  ]: 4997 (Loss: 0.4128)
[======================================= ]: 4998 (Loss: 0.3482)
[======================================= ]: 4999 (Loss: 0.2897)
[========================================]: 5000 (Loss: 0.3813)
                                                                                                    
[2026-07-16 22:26:06,262] [INFO] [__main__] Batch 5000 Loss: 0.354076 Cost: 6.58 Time: 196 ms/sequence
[2026-07-16 22:26:06,263] [INFO] [__main__] Advice weight norm: 20.137545 | Advice gradient norm: 0.488585

                                                                                                    
[2026-07-16 22:26:06,266] [INFO] [__main__] Saving checkpoint to 'runs\copy_sanity_len5\copy\combined\seed_1001\checkpoint-batch-00005000.pt'

                                                                                                    
[2026-07-16 22:26:06,458] [INFO] [__main__] Saving checkpoint to 'runs\copy_sanity_len5\copy\combined\seed_1001\checkpoint-final.pt'
[2026-07-16 22:26:06,612] [INFO] [__main__] Final advice weight norm: 20.137545
[2026-07-16 22:26:06,612] [INFO] [__main__] Done training.
