[2026-07-16 21:38:32,226] [INFO] [__main__] Using seed=1001
[2026-07-16 21:38:33,622] [INFO] [__main__] Training for the **copy** task
[2026-07-16 21:38:33,624] [INFO] [__main__] CopyTaskParams(name='copy-task', controller_size=100, controller_layers=1, num_heads=1, sequence_width=8, sequence_min_len=5, sequence_max_len=5, memory_n=128, memory_m=20, num_batches=5000, batch_size=1, rmsprop_lr=0.0001, rmsprop_momentum=0.9, rmsprop_alpha=0.95, advice_type='zero', advice_size=16, advice_strength=1.0, advice_random_seed=1729)
[2026-07-16 21:38:39,028] [INFO] [__main__] Total number of parameters: 69260
[2026-07-16 21:38:39,029] [INFO] [__main__] Training model for 5000 batches (batch_size=1)...

[                                        ]: 1 (Loss: 0.7092)
[                                        ]: 2 (Loss: 0.6918)
[=                                       ]: 3 (Loss: 0.6829)
[=                                       ]: 4 (Loss: 0.6891)
[==                                      ]: 5 (Loss: 0.7021)
[==                                      ]: 6 (Loss: 0.7176)
[==                                      ]: 7 (Loss: 0.6808)
[===                                     ]: 8 (Loss: 0.7233)
[===                                     ]: 9 (Loss: 0.7009)
[====                                    ]: 10 (Loss: 0.6773)
[====                                    ]: 11 (Loss: 0.6802)
[====                                    ]: 12 (Loss: 0.7047)
[=====                                   ]: 13 (Loss: 0.6881)
[=====                                   ]: 14 (Loss: 0.7178)
[======                                  ]: 15 (Loss: 0.6827)
[======                                  ]: 16 (Loss: 0.7104)
[======                                  ]: 17 (Loss: 0.6761)
[=======                                 ]: 18 (Loss: 0.6956)
[=======                                 ]: 19 (Loss: 0.7044)
[========                                ]: 20 (Loss: 0.6996)
[========                                ]: 21 (Loss: 0.7063)
[========                                ]: 22 (Loss: 0.6556)
[=========                               ]: 23 (Loss: 0.6825)
[=========                               ]: 24 (Loss: 0.6742)
[==========                              ]: 25 (Loss: 0.6782)
[==========                              ]: 26 (Loss: 0.6722)
[==========                              ]: 27 (Loss: 0.7039)
[===========                             ]: 28 (Loss: 0.6911)
[===========                             ]: 29 (Loss: 0.6902)
[============                            ]: 30 (Loss: 0.6657)
[============                            ]: 31 (Loss: 0.6943)
[============                            ]: 32 (Loss: 0.6926)
[=============                           ]: 33 (Loss: 0.6880)
[=============                           ]: 34 (Loss: 0.6855)
[==============                          ]: 35 (Loss: 0.6961)
[==============                          ]: 36 (Loss: 0.6701)
[==============                          ]: 37 (Loss: 0.6926)
[===============                         ]: 38 (Loss: 0.6811)
[===============                         ]: 39 (Loss: 0.6832)
[================                        ]: 40 (Loss: 0.6865)
[================                        ]: 41 (Loss: 0.6743)
[================                        ]: 42 (Loss: 0.6861)
[=================                       ]: 43 (Loss: 0.6873)
[=================                       ]: 44 (Loss: 0.6662)
[==================                      ]: 45 (Loss: 0.6346)
[==================                      ]: 46 (Loss: 0.6580)
[==================                      ]: 47 (Loss: 0.7058)
[===================                     ]: 48 (Loss: 0.6663)
[===================                     ]: 49 (Loss: 0.6609)
[====================                    ]: 50 (Loss: 0.6749)
[====================                    ]: 51 (Loss: 0.6762)
[====================                    ]: 52 (Loss: 0.6292)
[=====================                   ]: 53 (Loss: 0.6603)
[=====================                   ]: 54 (Loss: 0.6446)
[======================                  ]: 55 (Loss: 0.6731)
[======================                  ]: 56 (Loss: 0.6953)
[======================                  ]: 57 (Loss: 0.6635)
[=======================                 ]: 58 (Loss: 0.6884)
[=======================                 ]: 59 (Loss: 0.6763)
[========================                ]: 60 (Loss: 0.6953)
[========================                ]: 61 (Loss: 0.7022)
[========================                ]: 62 (Loss: 0.6189)
[=========================               ]: 63 (Loss: 0.5995)
[=========================               ]: 64 (Loss: 0.6743)
[==========================              ]: 65 (Loss: 0.6678)
[==========================              ]: 66 (Loss: 0.6765)
[==========================              ]: 67 (Loss: 0.6876)
[===========================             ]: 68 (Loss: 0.6865)
[===========================             ]: 69 (Loss: 0.6412)
[============================            ]: 70 (Loss: 0.6592)
[============================            ]: 71 (Loss: 0.6635)
[============================            ]: 72 (Loss: 0.6697)
[=============================           ]: 73 (Loss: 0.6615)
[=============================           ]: 74 (Loss: 0.6371)
[==============================          ]: 75 (Loss: 0.6751)
[==============================          ]: 76 (Loss: 0.6576)
[==============================          ]: 77 (Loss: 0.6496)
[===============================         ]: 78 (Loss: 0.6611)
[===============================         ]: 79 (Loss: 0.6659)
[================================        ]: 80 (Loss: 0.6189)
[================================        ]: 81 (Loss: 0.6725)
[================================        ]: 82 (Loss: 0.6734)
[=================================       ]: 83 (Loss: 0.6719)
[=================================       ]: 84 (Loss: 0.6530)
[==================================      ]: 85 (Loss: 0.6626)
[==================================      ]: 86 (Loss: 0.6675)
[==================================      ]: 87 (Loss: 0.6839)
[===================================     ]: 88 (Loss: 0.6681)
[===================================     ]: 89 (Loss: 0.6432)
[====================================    ]: 90 (Loss: 0.6212)
[====================================    ]: 91 (Loss: 0.6603)
[====================================    ]: 92 (Loss: 0.6711)
[=====================================   ]: 93 (Loss: 0.6549)
[=====================================   ]: 94 (Loss: 0.6873)
[======================================  ]: 95 (Loss: 0.6360)
[======================================  ]: 96 (Loss: 0.6794)
[======================================  ]: 97 (Loss: 0.6651)
[======================================= ]: 98 (Loss: 0.6802)
[======================================= ]: 99 (Loss: 0.6446)
[========================================]: 100 (Loss: 0.6240)
                                                                                                    
[2026-07-16 21:38:58,153] [INFO] [__main__] Batch 100 Loss: 0.674350 Cost: 16.81 Time: 191 ms/sequence
[2026-07-16 21:38:58,154] [INFO] [__main__] Advice weight norm: 19.068676 | Advice gradient norm: 0.000000

[                                        ]: 101 (Loss: 0.6367)
[                                        ]: 102 (Loss: 0.6420)
[=                                       ]: 103 (Loss: 0.6838)
[=                                       ]: 104 (Loss: 0.6497)
[==                                      ]: 105 (Loss: 0.6172)
[==                                      ]: 106 (Loss: 0.6315)
[==                                      ]: 107 (Loss: 0.6095)
[===                                     ]: 108 (Loss: 0.6866)
[===                                     ]: 109 (Loss: 0.6718)
[====                                    ]: 110 (Loss: 0.6573)
[====                                    ]: 111 (Loss: 0.6192)
[====                                    ]: 112 (Loss: 0.6287)
[=====                                   ]: 113 (Loss: 0.6417)
[=====                                   ]: 114 (Loss: 0.6448)
[======                                  ]: 115 (Loss: 0.6777)
[======                                  ]: 116 (Loss: 0.6423)
[======                                  ]: 117 (Loss: 0.6472)
[=======                                 ]: 118 (Loss: 0.6456)
[=======                                 ]: 119 (Loss: 0.6579)
[========                                ]: 120 (Loss: 0.6502)
[========                                ]: 121 (Loss: 0.6827)
[========                                ]: 122 (Loss: 0.6582)
[=========                               ]: 123 (Loss: 0.6331)
[=========                               ]: 124 (Loss: 0.6742)
[==========                              ]: 125 (Loss: 0.6534)
[==========                              ]: 126 (Loss: 0.6386)
[==========                              ]: 127 (Loss: 0.6072)
[===========                             ]: 128 (Loss: 0.6534)
[===========                             ]: 129 (Loss: 0.6447)
[============                            ]: 130 (Loss: 0.6098)
[============                            ]: 131 (Loss: 0.6098)
[============                            ]: 132 (Loss: 0.6305)
[=============                           ]: 133 (Loss: 0.6376)
[=============                           ]: 134 (Loss: 0.6190)
[==============                          ]: 135 (Loss: 0.6478)
[==============                          ]: 136 (Loss: 0.6343)
[==============                          ]: 137 (Loss: 0.6752)
[===============                         ]: 138 (Loss: 0.6352)
[===============                         ]: 139 (Loss: 0.6053)
[================                        ]: 140 (Loss: 0.6382)
[================                        ]: 141 (Loss: 0.6535)
[================                        ]: 142 (Loss: 0.6286)
[=================                       ]: 143 (Loss: 0.6327)
[=================                       ]: 144 (Loss: 0.6656)
[==================                      ]: 145 (Loss: 0.6800)
[==================                      ]: 146 (Loss: 0.6705)
[==================                      ]: 147 (Loss: 0.6359)
[===================                     ]: 148 (Loss: 0.6268)
[===================                     ]: 149 (Loss: 0.6434)
[====================                    ]: 150 (Loss: 0.6623)
[====================                    ]: 151 (Loss: 0.6214)
[====================                    ]: 152 (Loss: 0.6362)
[=====================                   ]: 153 (Loss: 0.6271)
[=====================                   ]: 154 (Loss: 0.6736)
[======================                  ]: 155 (Loss: 0.6353)
[======================                  ]: 156 (Loss: 0.6465)
[======================                  ]: 157 (Loss: 0.6163)
[=======================                 ]: 158 (Loss: 0.6197)
[=======================                 ]: 159 (Loss: 0.6549)
[========================                ]: 160 (Loss: 0.6809)
[========================                ]: 161 (Loss: 0.6559)
[========================                ]: 162 (Loss: 0.6436)
[=========================               ]: 163 (Loss: 0.6176)
[=========================               ]: 164 (Loss: 0.6615)
[==========================              ]: 165 (Loss: 0.6450)
[==========================              ]: 166 (Loss: 0.6548)
[==========================              ]: 167 (Loss: 0.5893)
[===========================             ]: 168 (Loss: 0.6229)
[===========================             ]: 169 (Loss: 0.6510)
[============================            ]: 170 (Loss: 0.5893)
[============================            ]: 171 (Loss: 0.6598)
[============================            ]: 172 (Loss: 0.5918)
[=============================           ]: 173 (Loss: 0.6434)
[=============================           ]: 174 (Loss: 0.6442)
[==============================          ]: 175 (Loss: 0.6606)
[==============================          ]: 176 (Loss: 0.6615)
[==============================          ]: 177 (Loss: 0.6713)
[===============================         ]: 178 (Loss: 0.5838)
[===============================         ]: 179 (Loss: 0.6617)
[================================        ]: 180 (Loss: 0.5525)
[================================        ]: 181 (Loss: 0.6498)
[================================        ]: 182 (Loss: 0.6423)
[=================================       ]: 183 (Loss: 0.6470)
[=================================       ]: 184 (Loss: 0.6035)
[==================================      ]: 185 (Loss: 0.6002)
[==================================      ]: 186 (Loss: 0.5622)
[==================================      ]: 187 (Loss: 0.6672)
[===================================     ]: 188 (Loss: 0.5620)
[===================================     ]: 189 (Loss: 0.6091)
[====================================    ]: 190 (Loss: 0.5363)
[====================================    ]: 191 (Loss: 0.6279)
[====================================    ]: 192 (Loss: 0.6346)
[=====================================   ]: 193 (Loss: 0.5896)
[=====================================   ]: 194 (Loss: 0.6235)
[======================================  ]: 195 (Loss: 0.6194)
[======================================  ]: 196 (Loss: 0.6375)
[======================================  ]: 197 (Loss: 0.6715)
[======================================= ]: 198 (Loss: 0.6528)
[======================================= ]: 199 (Loss: 0.6435)
[========================================]: 200 (Loss: 0.6453)
                                                                                                    
[2026-07-16 21:39:16,827] [INFO] [__main__] Batch 200 Loss: 0.637275 Cost: 14.57 Time: 186 ms/sequence
[2026-07-16 21:39:16,828] [INFO] [__main__] Advice weight norm: 19.068676 | Advice gradient norm: 0.000000

[                                        ]: 201 (Loss: 0.6541)
[                                        ]: 202 (Loss: 0.6381)
[=                                       ]: 203 (Loss: 0.5633)
[=                                       ]: 204 (Loss: 0.5676)
[==                                      ]: 205 (Loss: 0.5697)
[==                                      ]: 206 (Loss: 0.5855)
[==                                      ]: 207 (Loss: 0.5747)
[===                                     ]: 208 (Loss: 0.6718)
[===                                     ]: 209 (Loss: 0.5891)
[====                                    ]: 210 (Loss: 0.5675)
[====                                    ]: 211 (Loss: 0.5682)
[====                                    ]: 212 (Loss: 0.5762)
[=====                                   ]: 213 (Loss: 0.5723)
[=====                                   ]: 214 (Loss: 0.6025)
[======                                  ]: 215 (Loss: 0.5381)
[======                                  ]: 216 (Loss: 0.6536)
[======                                  ]: 217 (Loss: 0.6486)
[=======                                 ]: 218 (Loss: 0.5985)
[=======                                 ]: 219 (Loss: 0.6656)
[========                                ]: 220 (Loss: 0.6222)
[========                                ]: 221 (Loss: 0.6467)
[========                                ]: 222 (Loss: 0.6517)
[=========                               ]: 223 (Loss: 0.6538)
[=========                               ]: 224 (Loss: 0.5703)
[==========                              ]: 225 (Loss: 0.6111)
[==========                              ]: 226 (Loss: 0.6171)
[==========                              ]: 227 (Loss: 0.5760)
[===========                             ]: 228 (Loss: 0.5948)
[===========                             ]: 229 (Loss: 0.5651)
[============                            ]: 230 (Loss: 0.5907)
[============                            ]: 231 (Loss: 0.6613)
[============                            ]: 232 (Loss: 0.5998)
[=============                           ]: 233 (Loss: 0.6201)
[=============                           ]: 234 (Loss: 0.5713)
[==============                          ]: 235 (Loss: 0.5908)
[==============                          ]: 236 (Loss: 0.6477)
[==============                          ]: 237 (Loss: 0.6842)
[===============                         ]: 238 (Loss: 0.6001)
[===============                         ]: 239 (Loss: 0.6342)
[================                        ]: 240 (Loss: 0.5712)
[================                        ]: 241 (Loss: 0.6169)
[================                        ]: 242 (Loss: 0.5337)
[=================                       ]: 243 (Loss: 0.6313)
[=================                       ]: 244 (Loss: 0.6789)
[==================                      ]: 245 (Loss: 0.6462)
[==================                      ]: 246 (Loss: 0.5973)
[==================                      ]: 247 (Loss: 0.5882)
[===================                     ]: 248 (Loss: 0.6157)
[===================                     ]: 249 (Loss: 0.5531)
[====================                    ]: 250 (Loss: 0.6574)
[====================                    ]: 251 (Loss: 0.6109)
[====================                    ]: 252 (Loss: 0.6228)
[=====================                   ]: 253 (Loss: 0.6655)
[=====================                   ]: 254 (Loss: 0.6215)
[======================                  ]: 255 (Loss: 0.6332)
[======================                  ]: 256 (Loss: 0.6372)
[======================                  ]: 257 (Loss: 0.6309)
[=======================                 ]: 258 (Loss: 0.5858)
[=======================                 ]: 259 (Loss: 0.6296)
[========================                ]: 260 (Loss: 0.6169)
[========================                ]: 261 (Loss: 0.5552)
[========================                ]: 262 (Loss: 0.6073)
[=========================               ]: 263 (Loss: 0.6547)
[=========================               ]: 264 (Loss: 0.6059)
[==========================              ]: 265 (Loss: 0.5928)
[==========================              ]: 266 (Loss: 0.6326)
[==========================              ]: 267 (Loss: 0.5997)
[===========================             ]: 268 (Loss: 0.5846)
[===========================             ]: 269 (Loss: 0.5820)
[============================            ]: 270 (Loss: 0.6333)
[============================            ]: 271 (Loss: 0.6496)
[============================            ]: 272 (Loss: 0.6379)
[=============================           ]: 273 (Loss: 0.6099)
[=============================           ]: 274 (Loss: 0.5846)
[==============================          ]: 275 (Loss: 0.5779)
[==============================          ]: 276 (Loss: 0.5832)
[==============================          ]: 277 (Loss: 0.5789)
[===============================         ]: 278 (Loss: 0.6243)
[===============================         ]: 279 (Loss: 0.5505)
[================================        ]: 280 (Loss: 0.5372)
[================================        ]: 281 (Loss: 0.5587)
[================================        ]: 282 (Loss: 0.5668)
[=================================       ]: 283 (Loss: 0.6175)
[=================================       ]: 284 (Loss: 0.5227)
[==================================      ]: 285 (Loss: 0.6149)
[==================================      ]: 286 (Loss: 0.6100)
[==================================      ]: 287 (Loss: 0.5792)
[===================================     ]: 288 (Loss: 0.6460)
[===================================     ]: 289 (Loss: 0.6126)
[====================================    ]: 290 (Loss: 0.5681)
[====================================    ]: 291 (Loss: 0.6240)
[====================================    ]: 292 (Loss: 0.6334)
[=====================================   ]: 293 (Loss: 0.5965)
[=====================================   ]: 294 (Loss: 0.5733)
[======================================  ]: 295 (Loss: 0.5752)
[======================================  ]: 296 (Loss: 0.5779)
[======================================  ]: 297 (Loss: 0.6250)
[======================================= ]: 298 (Loss: 0.5968)
[======================================= ]: 299 (Loss: 0.5934)
[========================================]: 300 (Loss: 0.6184)
                                                                                                    
[2026-07-16 21:39:35,616] [INFO] [__main__] Batch 300 Loss: 0.605506 Cost: 13.02 Time: 187 ms/sequence
[2026-07-16 21:39:35,617] [INFO] [__main__] Advice weight norm: 19.068676 | Advice gradient norm: 0.000000

[                                        ]: 301 (Loss: 0.6102)
[                                        ]: 302 (Loss: 0.6154)
[=                                       ]: 303 (Loss: 0.6320)
[=                                       ]: 304 (Loss: 0.6359)
[==                                      ]: 305 (Loss: 0.5948)
[==                                      ]: 306 (Loss: 0.6174)
[==                                      ]: 307 (Loss: 0.6069)
[===                                     ]: 308 (Loss: 0.6015)
[===                                     ]: 309 (Loss: 0.6119)
[====                                    ]: 310 (Loss: 0.6358)
[====                                    ]: 311 (Loss: 0.5977)
[====                                    ]: 312 (Loss: 0.5834)
[=====                                   ]: 313 (Loss: 0.6070)
[=====                                   ]: 314 (Loss: 0.6616)
[======                                  ]: 315 (Loss: 0.5683)
[======                                  ]: 316 (Loss: 0.5444)
[======                                  ]: 317 (Loss: 0.5887)
[=======                                 ]: 318 (Loss: 0.5622)
[=======                                 ]: 319 (Loss: 0.6385)
[========                                ]: 320 (Loss: 0.6345)
[========                                ]: 321 (Loss: 0.6107)
[========                                ]: 322 (Loss: 0.6043)
[=========                               ]: 323 (Loss: 0.6132)
[=========                               ]: 324 (Loss: 0.5719)
[==========                              ]: 325 (Loss: 0.5948)
[==========                              ]: 326 (Loss: 0.6041)
[==========                              ]: 327 (Loss: 0.5876)
[===========                             ]: 328 (Loss: 0.5647)
[===========                             ]: 329 (Loss: 0.6069)
[============                            ]: 330 (Loss: 0.6010)
[============                            ]: 331 (Loss: 0.5643)
[============                            ]: 332 (Loss: 0.6306)
[=============                           ]: 333 (Loss: 0.5840)
[=============                           ]: 334 (Loss: 0.5794)
[==============                          ]: 335 (Loss: 0.5534)
[==============                          ]: 336 (Loss: 0.5756)
[==============                          ]: 337 (Loss: 0.5987)
[===============                         ]: 338 (Loss: 0.5901)
[===============                         ]: 339 (Loss: 0.6464)
[================                        ]: 340 (Loss: 0.6306)
[================                        ]: 341 (Loss: 0.6030)
[================                        ]: 342 (Loss: 0.5740)
[=================                       ]: 343 (Loss: 0.5547)
[=================                       ]: 344 (Loss: 0.5996)
[==================                      ]: 345 (Loss: 0.5879)
[==================                      ]: 346 (Loss: 0.5776)
[==================                      ]: 347 (Loss: 0.5996)
[===================                     ]: 348 (Loss: 0.6169)
[===================                     ]: 349 (Loss: 0.5952)
[====================                    ]: 350 (Loss: 0.6274)
[====================                    ]: 351 (Loss: 0.6096)
[====================                    ]: 352 (Loss: 0.6311)
[=====================                   ]: 353 (Loss: 0.5752)
[=====================                   ]: 354 (Loss: 0.6305)
[======================                  ]: 355 (Loss: 0.6052)
[======================                  ]: 356 (Loss: 0.5830)
[======================                  ]: 357 (Loss: 0.5842)
[=======================                 ]: 358 (Loss: 0.5898)
[=======================                 ]: 359 (Loss: 0.6109)
[========================                ]: 360 (Loss: 0.5873)
[========================                ]: 361 (Loss: 0.6293)
[========================                ]: 362 (Loss: 0.5756)
[=========================               ]: 363 (Loss: 0.5835)
[=========================               ]: 364 (Loss: 0.5616)
[==========================              ]: 365 (Loss: 0.5441)
[==========================              ]: 366 (Loss: 0.5178)
[==========================              ]: 367 (Loss: 0.6037)
[===========================             ]: 368 (Loss: 0.5246)
[===========================             ]: 369 (Loss: 0.5994)
[============================            ]: 370 (Loss: 0.5611)
[============================            ]: 371 (Loss: 0.5584)
[============================            ]: 372 (Loss: 0.4992)
[=============================           ]: 373 (Loss: 0.5344)
[=============================           ]: 374 (Loss: 0.5596)
[==============================          ]: 375 (Loss: 0.6629)
[==============================          ]: 376 (Loss: 0.6738)
[==============================          ]: 377 (Loss: 0.5956)
[===============================         ]: 378 (Loss: 0.5976)
[===============================         ]: 379 (Loss: 0.5443)
[================================        ]: 380 (Loss: 0.6026)
[================================        ]: 381 (Loss: 0.6133)
[================================        ]: 382 (Loss: 0.6209)
[=================================       ]: 383 (Loss: 0.6075)
[=================================       ]: 384 (Loss: 0.5675)
[==================================      ]: 385 (Loss: 0.5708)
[==================================      ]: 386 (Loss: 0.4859)
[==================================      ]: 387 (Loss: 0.5728)
[===================================     ]: 388 (Loss: 0.6500)
[===================================     ]: 389 (Loss: 0.6161)
[====================================    ]: 390 (Loss: 0.4926)
[====================================    ]: 391 (Loss: 0.5209)
[====================================    ]: 392 (Loss: 0.5867)
[=====================================   ]: 393 (Loss: 0.5576)
[=====================================   ]: 394 (Loss: 0.5824)
[======================================  ]: 395 (Loss: 0.5787)
[======================================  ]: 396 (Loss: 0.6043)
[======================================  ]: 397 (Loss: 0.6010)
[======================================= ]: 398 (Loss: 0.5553)
[======================================= ]: 399 (Loss: 0.5281)
[========================================]: 400 (Loss: 0.5715)
                                                                                                    
[2026-07-16 21:39:54,459] [INFO] [__main__] Batch 400 Loss: 0.590158 Cost: 12.33 Time: 188 ms/sequence
[2026-07-16 21:39:54,459] [INFO] [__main__] Advice weight norm: 19.068676 | Advice gradient norm: 0.000000

[                                        ]: 401 (Loss: 0.4894)
[                                        ]: 402 (Loss: 0.6075)
[=                                       ]: 403 (Loss: 0.5680)
[=                                       ]: 404 (Loss: 0.5969)
[==                                      ]: 405 (Loss: 0.6018)
[==                                      ]: 406 (Loss: 0.5700)
[==                                      ]: 407 (Loss: 0.6549)
[===                                     ]: 408 (Loss: 0.5325)
[===                                     ]: 409 (Loss: 0.5475)
[====                                    ]: 410 (Loss: 0.5499)
[====                                    ]: 411 (Loss: 0.6112)
[====                                    ]: 412 (Loss: 0.6291)
[=====                                   ]: 413 (Loss: 0.6058)
[=====                                   ]: 414 (Loss: 0.5788)
[======                                  ]: 415 (Loss: 0.5939)
[======                                  ]: 416 (Loss: 0.6078)
[======                                  ]: 417 (Loss: 0.5537)
[=======                                 ]: 418 (Loss: 0.5839)
[=======                                 ]: 419 (Loss: 0.5470)
[========                                ]: 420 (Loss: 0.5725)
[========                                ]: 421 (Loss: 0.6246)
[========                                ]: 422 (Loss: 0.6039)
[=========                               ]: 423 (Loss: 0.6479)
[=========                               ]: 424 (Loss: 0.6121)
[==========                              ]: 425 (Loss: 0.5805)
[==========                              ]: 426 (Loss: 0.5875)
[==========                              ]: 427 (Loss: 0.5868)
[===========                             ]: 428 (Loss: 0.6691)
[===========                             ]: 429 (Loss: 0.5294)
[============                            ]: 430 (Loss: 0.5842)
[============                            ]: 431 (Loss: 0.6334)
[============                            ]: 432 (Loss: 0.5761)
[=============                           ]: 433 (Loss: 0.6422)
[=============                           ]: 434 (Loss: 0.5420)
[==============                          ]: 435 (Loss: 0.6134)
[==============                          ]: 436 (Loss: 0.5978)
[==============                          ]: 437 (Loss: 0.6456)
[===============                         ]: 438 (Loss: 0.5271)
[===============                         ]: 439 (Loss: 0.5969)
[================                        ]: 440 (Loss: 0.6009)
[================                        ]: 441 (Loss: 0.5923)
[================                        ]: 442 (Loss: 0.6141)
[=================                       ]: 443 (Loss: 0.6153)
[=================                       ]: 444 (Loss: 0.5096)
[==================                      ]: 445 (Loss: 0.4834)
[==================                      ]: 446 (Loss: 0.5451)
[==================                      ]: 447 (Loss: 0.4866)
[===================                     ]: 448 (Loss: 0.6505)
[===================                     ]: 449 (Loss: 0.5988)
[====================                    ]: 450 (Loss: 0.5809)
[====================                    ]: 451 (Loss: 0.5610)
[====================                    ]: 452 (Loss: 0.6022)
[=====================                   ]: 453 (Loss: 0.5886)
[=====================                   ]: 454 (Loss: 0.5125)
[======================                  ]: 455 (Loss: 0.5635)
[======================                  ]: 456 (Loss: 0.6289)
[======================                  ]: 457 (Loss: 0.5835)
[=======================                 ]: 458 (Loss: 0.5466)
[=======================                 ]: 459 (Loss: 0.5389)
[========================                ]: 460 (Loss: 0.5419)
[========================                ]: 461 (Loss: 0.5849)
[========================                ]: 462 (Loss: 0.5177)
[=========================               ]: 463 (Loss: 0.6018)
[=========================               ]: 464 (Loss: 0.4705)
[==========================              ]: 465 (Loss: 0.5949)
[==========================              ]: 466 (Loss: 0.5942)
[==========================              ]: 467 (Loss: 0.5819)
[===========================             ]: 468 (Loss: 0.5594)
[===========================             ]: 469 (Loss: 0.5738)
[============================            ]: 470 (Loss: 0.5553)
[============================            ]: 471 (Loss: 0.5598)
[============================            ]: 472 (Loss: 0.6056)
[=============================           ]: 473 (Loss: 0.5833)
[=============================           ]: 474 (Loss: 0.5371)
[==============================          ]: 475 (Loss: 0.5445)
[==============================          ]: 476 (Loss: 0.6384)
[==============================          ]: 477 (Loss: 0.5428)
[===============================         ]: 478 (Loss: 0.6397)
[===============================         ]: 479 (Loss: 0.5837)
[================================        ]: 480 (Loss: 0.5963)
[================================        ]: 481 (Loss: 0.6111)
[================================        ]: 482 (Loss: 0.5730)
[=================================       ]: 483 (Loss: 0.6534)
[=================================       ]: 484 (Loss: 0.5215)
[==================================      ]: 485 (Loss: 0.5105)
[==================================      ]: 486 (Loss: 0.5490)
[==================================      ]: 487 (Loss: 0.5357)
[===================================     ]: 488 (Loss: 0.5461)
[===================================     ]: 489 (Loss: 0.5281)
[====================================    ]: 490 (Loss: 0.6355)
[====================================    ]: 491 (Loss: 0.6123)
[====================================    ]: 492 (Loss: 0.5404)
[=====================================   ]: 493 (Loss: 0.6098)
[=====================================   ]: 494 (Loss: 0.5538)
[======================================  ]: 495 (Loss: 0.5829)
[======================================  ]: 496 (Loss: 0.5861)
[======================================  ]: 497 (Loss: 0.5947)
[======================================= ]: 498 (Loss: 0.5901)
[======================================= ]: 499 (Loss: 0.5585)
[========================================]: 500 (Loss: 0.6246)
                                                                                                    
[2026-07-16 21:40:12,866] [INFO] [__main__] Batch 500 Loss: 0.579303 Cost: 12.28 Time: 184 ms/sequence
[2026-07-16 21:40:12,866] [INFO] [__main__] Advice weight norm: 19.068676 | Advice gradient norm: 0.000000

[                                        ]: 501 (Loss: 0.6186)
[                                        ]: 502 (Loss: 0.6711)
[=                                       ]: 503 (Loss: 0.6022)
[=                                       ]: 504 (Loss: 0.5416)
[==                                      ]: 505 (Loss: 0.5484)
[==                                      ]: 506 (Loss: 0.5788)
[==                                      ]: 507 (Loss: 0.4876)
[===                                     ]: 508 (Loss: 0.5689)
[===                                     ]: 509 (Loss: 0.6503)
[====                                    ]: 510 (Loss: 0.6150)
[====                                    ]: 511 (Loss: 0.5996)
[====                                    ]: 512 (Loss: 0.6467)
[=====                                   ]: 513 (Loss: 0.6530)
[=====                                   ]: 514 (Loss: 0.6327)
[======                                  ]: 515 (Loss: 0.5931)
[======                                  ]: 516 (Loss: 0.5216)
[======                                  ]: 517 (Loss: 0.5802)
[=======                                 ]: 518 (Loss: 0.6178)
[=======                                 ]: 519 (Loss: 0.6138)
[========                                ]: 520 (Loss: 0.5907)
[========                                ]: 521 (Loss: 0.5075)
[========                                ]: 522 (Loss: 0.6200)
[=========                               ]: 523 (Loss: 0.5633)
[=========                               ]: 524 (Loss: 0.6473)
[==========                              ]: 525 (Loss: 0.5355)
[==========                              ]: 526 (Loss: 0.5621)
[==========                              ]: 527 (Loss: 0.5006)
[===========                             ]: 528 (Loss: 0.6022)
[===========                             ]: 529 (Loss: 0.5404)
[============                            ]: 530 (Loss: 0.5900)
[============                            ]: 531 (Loss: 0.5741)
[============                            ]: 532 (Loss: 0.6416)
[=============                           ]: 533 (Loss: 0.5772)
[=============                           ]: 534 (Loss: 0.5856)
[==============                          ]: 535 (Loss: 0.5460)
[==============                          ]: 536 (Loss: 0.6125)
[==============                          ]: 537 (Loss: 0.5301)
[===============                         ]: 538 (Loss: 0.6129)
[===============                         ]: 539 (Loss: 0.5040)
[================                        ]: 540 (Loss: 0.6483)
[================                        ]: 541 (Loss: 0.6230)
[================                        ]: 542 (Loss: 0.6295)
[=================                       ]: 543 (Loss: 0.5891)
[=================                       ]: 544 (Loss: 0.5828)
[==================                      ]: 545 (Loss: 0.5966)
[==================                      ]: 546 (Loss: 0.5576)
[==================                      ]: 547 (Loss: 0.5896)
[===================                     ]: 548 (Loss: 0.5870)
[===================                     ]: 549 (Loss: 0.5521)
[====================                    ]: 550 (Loss: 0.6088)
[====================                    ]: 551 (Loss: 0.5881)
[====================                    ]: 552 (Loss: 0.5587)
[=====================                   ]: 553 (Loss: 0.5088)
[=====================                   ]: 554 (Loss: 0.5329)
[======================                  ]: 555 (Loss: 0.5803)
[======================                  ]: 556 (Loss: 0.5731)
[======================                  ]: 557 (Loss: 0.6244)
[=======================                 ]: 558 (Loss: 0.5032)
[=======================                 ]: 559 (Loss: 0.5740)
[========================                ]: 560 (Loss: 0.5956)
[========================                ]: 561 (Loss: 0.5770)
[========================                ]: 562 (Loss: 0.5671)
[=========================               ]: 563 (Loss: 0.5465)
[=========================               ]: 564 (Loss: 0.5458)
[==========================              ]: 565 (Loss: 0.4969)
[==========================              ]: 566 (Loss: 0.6100)
[==========================              ]: 567 (Loss: 0.5858)
[===========================             ]: 568 (Loss: 0.5403)
[===========================             ]: 569 (Loss: 0.5368)
[============================            ]: 570 (Loss: 0.5505)
[============================            ]: 571 (Loss: 0.5434)
[============================            ]: 572 (Loss: 0.5506)
[=============================           ]: 573 (Loss: 0.5414)
[=============================           ]: 574 (Loss: 0.5473)
[==============================          ]: 575 (Loss: 0.4629)
[==============================          ]: 576 (Loss: 0.5456)
[==============================          ]: 577 (Loss: 0.5520)
[===============================         ]: 578 (Loss: 0.5131)
[===============================         ]: 579 (Loss: 0.6119)
[================================        ]: 580 (Loss: 0.5805)
[================================        ]: 581 (Loss: 0.5252)
[================================        ]: 582 (Loss: 0.5355)
[=================================       ]: 583 (Loss: 0.5796)
[=================================       ]: 584 (Loss: 0.6041)
[==================================      ]: 585 (Loss: 0.6085)
[==================================      ]: 586 (Loss: 0.5074)
[==================================      ]: 587 (Loss: 0.5159)
[===================================     ]: 588 (Loss: 0.4957)
[===================================     ]: 589 (Loss: 0.6323)
[====================================    ]: 590 (Loss: 0.5880)
[====================================    ]: 591 (Loss: 0.5751)
[====================================    ]: 592 (Loss: 0.4955)
[=====================================   ]: 593 (Loss: 0.4905)
[=====================================   ]: 594 (Loss: 0.4963)
[======================================  ]: 595 (Loss: 0.5766)
[======================================  ]: 596 (Loss: 0.5469)
[======================================  ]: 597 (Loss: 0.5861)
[======================================= ]: 598 (Loss: 0.5751)
[======================================= ]: 599 (Loss: 0.5178)
[========================================]: 600 (Loss: 0.5667)
                                                                                                    
[2026-07-16 21:40:31,443] [INFO] [__main__] Batch 600 Loss: 0.570122 Cost: 11.74 Time: 185 ms/sequence
[2026-07-16 21:40:31,444] [INFO] [__main__] Advice weight norm: 19.068676 | Advice gradient norm: 0.000000

[                                        ]: 601 (Loss: 0.5983)
[                                        ]: 602 (Loss: 0.5710)
[=                                       ]: 603 (Loss: 0.5690)
[=                                       ]: 604 (Loss: 0.5611)
[==                                      ]: 605 (Loss: 0.5834)
[==                                      ]: 606 (Loss: 0.5895)
[==                                      ]: 607 (Loss: 0.5762)
[===                                     ]: 608 (Loss: 0.5173)
[===                                     ]: 609 (Loss: 0.5801)
[====                                    ]: 610 (Loss: 0.5531)
[====                                    ]: 611 (Loss: 0.5976)
[====                                    ]: 612 (Loss: 0.5375)
[=====                                   ]: 613 (Loss: 0.5733)
[=====                                   ]: 614 (Loss: 0.6615)
[======                                  ]: 615 (Loss: 0.6383)
[======                                  ]: 616 (Loss: 0.5761)
[======                                  ]: 617 (Loss: 0.5905)
[=======                                 ]: 618 (Loss: 0.5578)
[=======                                 ]: 619 (Loss: 0.4968)
[========                                ]: 620 (Loss: 0.5785)
[========                                ]: 621 (Loss: 0.5874)
[========                                ]: 622 (Loss: 0.6383)
[=========                               ]: 623 (Loss: 0.5956)
[=========                               ]: 624 (Loss: 0.5402)
[==========                              ]: 625 (Loss: 0.5450)
[==========                              ]: 626 (Loss: 0.6018)
[==========                              ]: 627 (Loss: 0.5056)
[===========                             ]: 628 (Loss: 0.6477)
[===========                             ]: 629 (Loss: 0.5104)
[============                            ]: 630 (Loss: 0.5135)
[============                            ]: 631 (Loss: 0.6060)
[============                            ]: 632 (Loss: 0.5286)
[=============                           ]: 633 (Loss: 0.5970)
[=============                           ]: 634 (Loss: 0.5897)
[==============                          ]: 635 (Loss: 0.5453)
[==============                          ]: 636 (Loss: 0.5323)
[==============                          ]: 637 (Loss: 0.5923)
[===============                         ]: 638 (Loss: 0.5534)
[===============                         ]: 639 (Loss: 0.5035)
[================                        ]: 640 (Loss: 0.6142)
[================                        ]: 641 (Loss: 0.5730)
[================                        ]: 642 (Loss: 0.5905)
[=================                       ]: 643 (Loss: 0.5517)
[=================                       ]: 644 (Loss: 0.5627)
[==================                      ]: 645 (Loss: 0.5550)
[==================                      ]: 646 (Loss: 0.5903)
[==================                      ]: 647 (Loss: 0.5160)
[===================                     ]: 648 (Loss: 0.5699)
[===================                     ]: 649 (Loss: 0.5456)
[====================                    ]: 650 (Loss: 0.5955)
[====================                    ]: 651 (Loss: 0.5323)
[====================                    ]: 652 (Loss: 0.5653)
[=====================                   ]: 653 (Loss: 0.5953)
[=====================                   ]: 654 (Loss: 0.5818)
[======================                  ]: 655 (Loss: 0.5855)
[======================                  ]: 656 (Loss: 0.5484)
[======================                  ]: 657 (Loss: 0.4967)
[=======================                 ]: 658 (Loss: 0.5324)
[=======================                 ]: 659 (Loss: 0.5526)
[========================                ]: 660 (Loss: 0.5862)
[========================                ]: 661 (Loss: 0.4507)
[========================                ]: 662 (Loss: 0.6040)
[=========================               ]: 663 (Loss: 0.6220)
[=========================               ]: 664 (Loss: 0.6438)
[==========================              ]: 665 (Loss: 0.5368)
[==========================              ]: 666 (Loss: 0.5691)
[==========================              ]: 667 (Loss: 0.5715)
[===========================             ]: 668 (Loss: 0.5171)
[===========================             ]: 669 (Loss: 0.5786)
[============================            ]: 670 (Loss: 0.5413)
[============================            ]: 671 (Loss: 0.5633)
[============================            ]: 672 (Loss: 0.5693)
[=============================           ]: 673 (Loss: 0.5029)
[=============================           ]: 674 (Loss: 0.5805)
[==============================          ]: 675 (Loss: 0.5466)
[==============================          ]: 676 (Loss: 0.5170)
[==============================          ]: 677 (Loss: 0.4869)
[===============================         ]: 678 (Loss: 0.5495)
[===============================         ]: 679 (Loss: 0.6024)
[================================        ]: 680 (Loss: 0.5684)
[================================        ]: 681 (Loss: 0.5391)
[================================        ]: 682 (Loss: 0.5529)
[=================================       ]: 683 (Loss: 0.5279)
[=================================       ]: 684 (Loss: 0.5613)
[==================================      ]: 685 (Loss: 0.5675)
[==================================      ]: 686 (Loss: 0.5240)
[==================================      ]: 687 (Loss: 0.4948)
[===================================     ]: 688 (Loss: 0.5432)
[===================================     ]: 689 (Loss: 0.6185)
[====================================    ]: 690 (Loss: 0.5460)
[====================================    ]: 691 (Loss: 0.5288)
[====================================    ]: 692 (Loss: 0.4633)
[=====================================   ]: 693 (Loss: 0.5452)
[=====================================   ]: 694 (Loss: 0.5195)
[======================================  ]: 695 (Loss: 0.5117)
[======================================  ]: 696 (Loss: 0.5227)
[======================================  ]: 697 (Loss: 0.5834)
[======================================= ]: 698 (Loss: 0.6244)
[======================================= ]: 699 (Loss: 0.6556)
[========================================]: 700 (Loss: 0.4826)
                                                                                                    
[2026-07-16 21:40:49,929] [INFO] [__main__] Batch 700 Loss: 0.561150 Cost: 11.56 Time: 184 ms/sequence
[2026-07-16 21:40:49,929] [INFO] [__main__] Advice weight norm: 19.068676 | Advice gradient norm: 0.000000

[                                        ]: 701 (Loss: 0.5180)
[                                        ]: 702 (Loss: 0.6235)
[=                                       ]: 703 (Loss: 0.5652)
[=                                       ]: 704 (Loss: 0.5575)
[==                                      ]: 705 (Loss: 0.5614)
[==                                      ]: 706 (Loss: 0.5608)
[==                                      ]: 707 (Loss: 0.4881)
[===                                     ]: 708 (Loss: 0.5338)
[===                                     ]: 709 (Loss: 0.4878)
[====                                    ]: 710 (Loss: 0.4920)
[====                                    ]: 711 (Loss: 0.5019)
[====                                    ]: 712 (Loss: 0.4974)
[=====                                   ]: 713 (Loss: 0.6232)
[=====                                   ]: 714 (Loss: 0.5245)
[======                                  ]: 715 (Loss: 0.5014)
[======                                  ]: 716 (Loss: 0.4940)
[======                                  ]: 717 (Loss: 0.5789)
[=======                                 ]: 718 (Loss: 0.5730)
[=======                                 ]: 719 (Loss: 0.4483)
[========                                ]: 720 (Loss: 0.5897)
[========                                ]: 721 (Loss: 0.5201)
[========                                ]: 722 (Loss: 0.5334)
[=========                               ]: 723 (Loss: 0.5923)
[=========                               ]: 724 (Loss: 0.5292)
[==========                              ]: 725 (Loss: 0.5950)
[==========                              ]: 726 (Loss: 0.5041)
[==========                              ]: 727 (Loss: 0.5666)
[===========                             ]: 728 (Loss: 0.5114)
[===========                             ]: 729 (Loss: 0.5865)
[============                            ]: 730 (Loss: 0.5409)
[============                            ]: 731 (Loss: 0.5840)
[============                            ]: 732 (Loss: 0.4887)
[=============                           ]: 733 (Loss: 0.5765)
[=============                           ]: 734 (Loss: 0.5491)
[==============                          ]: 735 (Loss: 0.6231)
[==============                          ]: 736 (Loss: 0.5141)
[==============                          ]: 737 (Loss: 0.4928)
[===============                         ]: 738 (Loss: 0.5379)
[===============                         ]: 739 (Loss: 0.4925)
[================                        ]: 740 (Loss: 0.5079)
[================                        ]: 741 (Loss: 0.6150)
[================                        ]: 742 (Loss: 0.5670)
[=================                       ]: 743 (Loss: 0.4564)
[=================                       ]: 744 (Loss: 0.4923)
[==================                      ]: 745 (Loss: 0.6140)
[==================                      ]: 746 (Loss: 0.5932)
[==================                      ]: 747 (Loss: 0.6509)
[===================                     ]: 748 (Loss: 0.5507)
[===================                     ]: 749 (Loss: 0.5674)
[====================                    ]: 750 (Loss: 0.5084)
[====================                    ]: 751 (Loss: 0.6150)
[====================                    ]: 752 (Loss: 0.6072)
[=====================                   ]: 753 (Loss: 0.5134)
[=====================                   ]: 754 (Loss: 0.5643)
[======================                  ]: 755 (Loss: 0.5439)
[======================                  ]: 756 (Loss: 0.4887)
[======================                  ]: 757 (Loss: 0.6174)
[=======================                 ]: 758 (Loss: 0.5462)
[=======================                 ]: 759 (Loss: 0.5374)
[========================                ]: 760 (Loss: 0.5916)
[========================                ]: 761 (Loss: 0.6148)
[========================                ]: 762 (Loss: 0.5565)
[=========================               ]: 763 (Loss: 0.5903)
[=========================               ]: 764 (Loss: 0.5472)
[==========================              ]: 765 (Loss: 0.5033)
[==========================              ]: 766 (Loss: 0.4930)
[==========================              ]: 767 (Loss: 0.4849)
[===========================             ]: 768 (Loss: 0.5557)
[===========================             ]: 769 (Loss: 0.5544)
[============================            ]: 770 (Loss: 0.5847)
[============================            ]: 771 (Loss: 0.5264)
[============================            ]: 772 (Loss: 0.4975)
[=============================           ]: 773 (Loss: 0.4783)
[=============================           ]: 774 (Loss: 0.4752)
[==============================          ]: 775 (Loss: 0.4735)
[==============================          ]: 776 (Loss: 0.5787)
[==============================          ]: 777 (Loss: 0.5079)
[===============================         ]: 778 (Loss: 0.6053)
[===============================         ]: 779 (Loss: 0.5806)
[================================        ]: 780 (Loss: 0.4961)
[================================        ]: 781 (Loss: 0.5851)
[================================        ]: 782 (Loss: 0.5775)
[=================================       ]: 783 (Loss: 0.5883)
[=================================       ]: 784 (Loss: 0.5082)
[==================================      ]: 785 (Loss: 0.5552)
[==================================      ]: 786 (Loss: 0.6059)
[==================================      ]: 787 (Loss: 0.6265)
[===================================     ]: 788 (Loss: 0.5265)
[===================================     ]: 789 (Loss: 0.4997)
[====================================    ]: 790 (Loss: 0.5430)
[====================================    ]: 791 (Loss: 0.5943)
[====================================    ]: 792 (Loss: 0.5519)
[=====================================   ]: 793 (Loss: 0.5942)
[=====================================   ]: 794 (Loss: 0.5644)
[======================================  ]: 795 (Loss: 0.4132)
[======================================  ]: 796 (Loss: 0.5484)
[======================================  ]: 797 (Loss: 0.5240)
[======================================= ]: 798 (Loss: 0.5435)
[======================================= ]: 799 (Loss: 0.5229)
[========================================]: 800 (Loss: 0.5047)
                                                                                                    
[2026-07-16 21:41:08,554] [INFO] [__main__] Batch 800 Loss: 0.544883 Cost: 10.92 Time: 186 ms/sequence
[2026-07-16 21:41:08,555] [INFO] [__main__] Advice weight norm: 19.068676 | Advice gradient norm: 0.000000

[                                        ]: 801 (Loss: 0.5276)
[                                        ]: 802 (Loss: 0.5025)
[=                                       ]: 803 (Loss: 0.5041)
[=                                       ]: 804 (Loss: 0.6349)
[==                                      ]: 805 (Loss: 0.4631)
[==                                      ]: 806 (Loss: 0.5321)
[==                                      ]: 807 (Loss: 0.5170)
[===                                     ]: 808 (Loss: 0.5398)
[===                                     ]: 809 (Loss: 0.4955)
[====                                    ]: 810 (Loss: 0.4970)
[====                                    ]: 811 (Loss: 0.6716)
[====                                    ]: 812 (Loss: 0.4928)
[=====                                   ]: 813 (Loss: 0.5644)
[=====                                   ]: 814 (Loss: 0.5470)
[======                                  ]: 815 (Loss: 0.4980)
[======                                  ]: 816 (Loss: 0.5126)
[======                                  ]: 817 (Loss: 0.5910)
[=======                                 ]: 818 (Loss: 0.5879)
[=======                                 ]: 819 (Loss: 0.4600)
[========                                ]: 820 (Loss: 0.5848)
[========                                ]: 821 (Loss: 0.4048)
[========                                ]: 822 (Loss: 0.5744)
[=========                               ]: 823 (Loss: 0.6135)
[=========                               ]: 824 (Loss: 0.4762)
[==========                              ]: 825 (Loss: 0.5151)
[==========                              ]: 826 (Loss: 0.4898)
[==========                              ]: 827 (Loss: 0.5675)
[===========                             ]: 828 (Loss: 0.5546)
[===========                             ]: 829 (Loss: 0.5846)
[============                            ]: 830 (Loss: 0.5956)
[============                            ]: 831 (Loss: 0.5115)
[============                            ]: 832 (Loss: 0.5694)
[=============                           ]: 833 (Loss: 0.5667)
[=============                           ]: 834 (Loss: 0.5453)
[==============                          ]: 835 (Loss: 0.4833)
[==============                          ]: 836 (Loss: 0.6105)
[==============                          ]: 837 (Loss: 0.5017)
[===============                         ]: 838 (Loss: 0.5361)
[===============                         ]: 839 (Loss: 0.5585)
[================                        ]: 840 (Loss: 0.5601)
[================                        ]: 841 (Loss: 0.4890)
[================                        ]: 842 (Loss: 0.5695)
[=================                       ]: 843 (Loss: 0.4867)
[=================                       ]: 844 (Loss: 0.4446)
[==================                      ]: 845 (Loss: 0.5359)
[==================                      ]: 846 (Loss: 0.5270)
[==================                      ]: 847 (Loss: 0.4092)
[===================                     ]: 848 (Loss: 0.4507)
[===================                     ]: 849 (Loss: 0.5837)
[====================                    ]: 850 (Loss: 0.6315)
[====================                    ]: 851 (Loss: 0.6281)
[====================                    ]: 852 (Loss: 0.4928)
[=====================                   ]: 853 (Loss: 0.6302)
[=====================                   ]: 854 (Loss: 0.5495)
[======================                  ]: 855 (Loss: 0.5054)
[======================                  ]: 856 (Loss: 0.4500)
[======================                  ]: 857 (Loss: 0.4695)
[=======================                 ]: 858 (Loss: 0.5610)
[=======================                 ]: 859 (Loss: 0.5651)
[========================                ]: 860 (Loss: 0.5395)
[========================                ]: 861 (Loss: 0.5310)
[========================                ]: 862 (Loss: 0.5315)
[=========================               ]: 863 (Loss: 0.5193)
[=========================               ]: 864 (Loss: 0.5661)
[==========================              ]: 865 (Loss: 0.5879)
[==========================              ]: 866 (Loss: 0.5277)
[==========================              ]: 867 (Loss: 0.5815)
[===========================             ]: 868 (Loss: 0.4401)
[===========================             ]: 869 (Loss: 0.5055)
[============================            ]: 870 (Loss: 0.6181)
[============================            ]: 871 (Loss: 0.4904)
[============================            ]: 872 (Loss: 0.5968)
[=============================           ]: 873 (Loss: 0.5694)
[=============================           ]: 874 (Loss: 0.5790)
[==============================          ]: 875 (Loss: 0.6106)
[==============================          ]: 876 (Loss: 0.6084)
[==============================          ]: 877 (Loss: 0.5613)
[===============================         ]: 878 (Loss: 0.4843)
[===============================         ]: 879 (Loss: 0.4973)
[================================        ]: 880 (Loss: 0.5732)
[================================        ]: 881 (Loss: 0.5727)
[================================        ]: 882 (Loss: 0.5971)
[=================================       ]: 883 (Loss: 0.4656)
[=================================       ]: 884 (Loss: 0.5535)
[==================================      ]: 885 (Loss: 0.5920)
[==================================      ]: 886 (Loss: 0.5487)
[==================================      ]: 887 (Loss: 0.5813)
[===================================     ]: 888 (Loss: 0.4623)
[===================================     ]: 889 (Loss: 0.5639)
[====================================    ]: 890 (Loss: 0.5550)
[====================================    ]: 891 (Loss: 0.4641)
[====================================    ]: 892 (Loss: 0.5286)
[=====================================   ]: 893 (Loss: 0.6799)
[=====================================   ]: 894 (Loss: 0.5235)
[======================================  ]: 895 (Loss: 0.6322)
[======================================  ]: 896 (Loss: 0.5232)
[======================================  ]: 897 (Loss: 0.5604)
[======================================= ]: 898 (Loss: 0.5727)
[======================================= ]: 899 (Loss: 0.5558)
[========================================]: 900 (Loss: 0.5935)
                                                                                                    
[2026-07-16 21:41:27,285] [INFO] [__main__] Batch 900 Loss: 0.541665 Cost: 11.17 Time: 187 ms/sequence
[2026-07-16 21:41:27,285] [INFO] [__main__] Advice weight norm: 19.068676 | Advice gradient norm: 0.000000

[                                        ]: 901 (Loss: 0.5784)
[                                        ]: 902 (Loss: 0.5252)
[=                                       ]: 903 (Loss: 0.5157)
[=                                       ]: 904 (Loss: 0.5377)
[==                                      ]: 905 (Loss: 0.4785)
[==                                      ]: 906 (Loss: 0.4648)
[==                                      ]: 907 (Loss: 0.5953)
[===                                     ]: 908 (Loss: 0.5415)
[===                                     ]: 909 (Loss: 0.6158)
[====                                    ]: 910 (Loss: 0.4992)
[====                                    ]: 911 (Loss: 0.6038)
[====                                    ]: 912 (Loss: 0.5865)
[=====                                   ]: 913 (Loss: 0.4968)
[=====                                   ]: 914 (Loss: 0.6332)
[======                                  ]: 915 (Loss: 0.5767)
[======                                  ]: 916 (Loss: 0.6207)
[======                                  ]: 917 (Loss: 0.4239)
[=======                                 ]: 918 (Loss: 0.4824)
[=======                                 ]: 919 (Loss: 0.5387)
[========                                ]: 920 (Loss: 0.5484)
[========                                ]: 921 (Loss: 0.4067)
[========                                ]: 922 (Loss: 0.5336)
[=========                               ]: 923 (Loss: 0.5575)
[=========                               ]: 924 (Loss: 0.5733)
[==========                              ]: 925 (Loss: 0.5042)
[==========                              ]: 926 (Loss: 0.6526)
[==========                              ]: 927 (Loss: 0.5864)
[===========                             ]: 928 (Loss: 0.5856)
[===========                             ]: 929 (Loss: 0.5267)
[============                            ]: 930 (Loss: 0.5068)
[============                            ]: 931 (Loss: 0.5694)
[============                            ]: 932 (Loss: 0.5979)
[=============                           ]: 933 (Loss: 0.6218)
[=============                           ]: 934 (Loss: 0.5066)
[==============                          ]: 935 (Loss: 0.5935)
[==============                          ]: 936 (Loss: 0.5282)
[==============                          ]: 937 (Loss: 0.5605)
[===============                         ]: 938 (Loss: 0.5814)
[===============                         ]: 939 (Loss: 0.5916)
[================                        ]: 940 (Loss: 0.3886)
[================                        ]: 941 (Loss: 0.5153)
[================                        ]: 942 (Loss: 0.5289)
[=================                       ]: 943 (Loss: 0.5333)
[=================                       ]: 944 (Loss: 0.5021)
[==================                      ]: 945 (Loss: 0.5558)
[==================                      ]: 946 (Loss: 0.5672)
[==================                      ]: 947 (Loss: 0.5352)
[===================                     ]: 948 (Loss: 0.4999)
[===================                     ]: 949 (Loss: 0.5988)
[====================                    ]: 950 (Loss: 0.4899)
[====================                    ]: 951 (Loss: 0.5473)
[====================                    ]: 952 (Loss: 0.5201)
[=====================                   ]: 953 (Loss: 0.4620)
[=====================                   ]: 954 (Loss: 0.4877)
[======================                  ]: 955 (Loss: 0.4442)
[======================                  ]: 956 (Loss: 0.5892)
[======================                  ]: 957 (Loss: 0.5192)
[=======================                 ]: 958 (Loss: 0.4802)
[=======================                 ]: 959 (Loss: 0.5908)
[========================                ]: 960 (Loss: 0.4834)
[========================                ]: 961 (Loss: 0.5006)
[========================                ]: 962 (Loss: 0.4972)
[=========================               ]: 963 (Loss: 0.5816)
[=========================               ]: 964 (Loss: 0.4806)
[==========================              ]: 965 (Loss: 0.4592)
[==========================              ]: 966 (Loss: 0.5560)
[==========================              ]: 967 (Loss: 0.5483)
[===========================             ]: 968 (Loss: 0.5297)
[===========================             ]: 969 (Loss: 0.5680)
[============================            ]: 970 (Loss: 0.5415)
[============================            ]: 971 (Loss: 0.4962)
[============================            ]: 972 (Loss: 0.5424)
[=============================           ]: 973 (Loss: 0.5942)
[=============================           ]: 974 (Loss: 0.4820)
[==============================          ]: 975 (Loss: 0.4764)
[==============================          ]: 976 (Loss: 0.5500)
[==============================          ]: 977 (Loss: 0.6116)
[===============================         ]: 978 (Loss: 0.4773)
[===============================         ]: 979 (Loss: 0.5438)
[================================        ]: 980 (Loss: 0.4531)
[================================        ]: 981 (Loss: 0.5149)
[================================        ]: 982 (Loss: 0.5915)
[=================================       ]: 983 (Loss: 0.5958)
[=================================       ]: 984 (Loss: 0.5312)
[==================================      ]: 985 (Loss: 0.5263)
[==================================      ]: 986 (Loss: 0.5139)
[==================================      ]: 987 (Loss: 0.4737)
[===================================     ]: 988 (Loss: 0.6533)
[===================================     ]: 989 (Loss: 0.5177)
[====================================    ]: 990 (Loss: 0.5915)
[====================================    ]: 991 (Loss: 0.4512)
[====================================    ]: 992 (Loss: 0.4967)
[=====================================   ]: 993 (Loss: 0.5517)
[=====================================   ]: 994 (Loss: 0.5406)
[======================================  ]: 995 (Loss: 0.5002)
[======================================  ]: 996 (Loss: 0.5401)
[======================================  ]: 997 (Loss: 0.5638)
[======================================= ]: 998 (Loss: 0.6075)
[======================================= ]: 999 (Loss: 0.4244)
[========================================]: 1000 (Loss: 0.6446)
                                                                                                    
[2026-07-16 21:41:45,708] [INFO] [__main__] Batch 1000 Loss: 0.536073 Cost: 11.03 Time: 184 ms/sequence
[2026-07-16 21:41:45,708] [INFO] [__main__] Advice weight norm: 19.068676 | Advice gradient norm: 0.000000

                                                                                                    
[2026-07-16 21:41:45,710] [INFO] [__main__] Saving checkpoint to 'runs\copy_sanity_len5\copy\zero\seed_1001\checkpoint-batch-00001000.pt'

[                                        ]: 1001 (Loss: 0.5819)
[                                        ]: 1002 (Loss: 0.4933)
[=                                       ]: 1003 (Loss: 0.5869)
[=                                       ]: 1004 (Loss: 0.6278)
[==                                      ]: 1005 (Loss: 0.4972)
[==                                      ]: 1006 (Loss: 0.5696)
[==                                      ]: 1007 (Loss: 0.5080)
[===                                     ]: 1008 (Loss: 0.5469)
[===                                     ]: 1009 (Loss: 0.4666)
[====                                    ]: 1010 (Loss: 0.6040)
[====                                    ]: 1011 (Loss: 0.4682)
[====                                    ]: 1012 (Loss: 0.4809)
[=====                                   ]: 1013 (Loss: 0.5648)
[=====                                   ]: 1014 (Loss: 0.5724)
[======                                  ]: 1015 (Loss: 0.5790)
[======                                  ]: 1016 (Loss: 0.5380)
[======                                  ]: 1017 (Loss: 0.6092)
[=======                                 ]: 1018 (Loss: 0.5249)
[=======                                 ]: 1019 (Loss: 0.4980)
[========                                ]: 1020 (Loss: 0.5679)
[========                                ]: 1021 (Loss: 0.5012)
[========                                ]: 1022 (Loss: 0.5050)
[=========                               ]: 1023 (Loss: 0.5236)
[=========                               ]: 1024 (Loss: 0.5893)
[==========                              ]: 1025 (Loss: 0.5297)
[==========                              ]: 1026 (Loss: 0.5694)
[==========                              ]: 1027 (Loss: 0.4384)
[===========                             ]: 1028 (Loss: 0.4306)
[===========                             ]: 1029 (Loss: 0.5253)
[============                            ]: 1030 (Loss: 0.5656)
[============                            ]: 1031 (Loss: 0.4737)
[============                            ]: 1032 (Loss: 0.5249)
[=============                           ]: 1033 (Loss: 0.6044)
[=============                           ]: 1034 (Loss: 0.6610)
[==============                          ]: 1035 (Loss: 0.5228)
[==============                          ]: 1036 (Loss: 0.5540)
[==============                          ]: 1037 (Loss: 0.5855)
[===============                         ]: 1038 (Loss: 0.5622)
[===============                         ]: 1039 (Loss: 0.5339)
[================                        ]: 1040 (Loss: 0.5668)
[================                        ]: 1041 (Loss: 0.5100)
[================                        ]: 1042 (Loss: 0.5888)
[=================                       ]: 1043 (Loss: 0.4232)
[=================                       ]: 1044 (Loss: 0.5134)
[==================                      ]: 1045 (Loss: 0.5163)
[==================                      ]: 1046 (Loss: 0.6329)
[==================                      ]: 1047 (Loss: 0.4497)
[===================                     ]: 1048 (Loss: 0.5464)
[===================                     ]: 1049 (Loss: 0.4975)
[====================                    ]: 1050 (Loss: 0.4487)
[====================                    ]: 1051 (Loss: 0.5996)
[====================                    ]: 1052 (Loss: 0.6086)
[=====================                   ]: 1053 (Loss: 0.5508)
[=====================                   ]: 1054 (Loss: 0.5335)
[======================                  ]: 1055 (Loss: 0.4725)
[======================                  ]: 1056 (Loss: 0.5940)
[======================                  ]: 1057 (Loss: 0.5556)
[=======================                 ]: 1058 (Loss: 0.6021)
[=======================                 ]: 1059 (Loss: 0.5993)
[========================                ]: 1060 (Loss: 0.5623)
[========================                ]: 1061 (Loss: 0.5487)
[========================                ]: 1062 (Loss: 0.5289)
[=========================               ]: 1063 (Loss: 0.5845)
[=========================               ]: 1064 (Loss: 0.5892)
[==========================              ]: 1065 (Loss: 0.5288)
[==========================              ]: 1066 (Loss: 0.5103)
[==========================              ]: 1067 (Loss: 0.5429)
[===========================             ]: 1068 (Loss: 0.5601)
[===========================             ]: 1069 (Loss: 0.5907)
[============================            ]: 1070 (Loss: 0.5100)
[============================            ]: 1071 (Loss: 0.5225)
[============================            ]: 1072 (Loss: 0.5129)
[=============================           ]: 1073 (Loss: 0.5339)
[=============================           ]: 1074 (Loss: 0.5365)
[==============================          ]: 1075 (Loss: 0.4212)
[==============================          ]: 1076 (Loss: 0.4744)
[==============================          ]: 1077 (Loss: 0.5279)
[===============================         ]: 1078 (Loss: 0.4329)
[===============================         ]: 1079 (Loss: 0.5317)
[================================        ]: 1080 (Loss: 0.5128)
[================================        ]: 1081 (Loss: 0.5805)
[================================        ]: 1082 (Loss: 0.4525)
[=================================       ]: 1083 (Loss: 0.5058)
[=================================       ]: 1084 (Loss: 0.4863)
[==================================      ]: 1085 (Loss: 0.4712)
[==================================      ]: 1086 (Loss: 0.5877)
[==================================      ]: 1087 (Loss: 0.4506)
[===================================     ]: 1088 (Loss: 0.5142)
[===================================     ]: 1089 (Loss: 0.5011)
[====================================    ]: 1090 (Loss: 0.4801)
[====================================    ]: 1091 (Loss: 0.4942)
[====================================    ]: 1092 (Loss: 0.5013)
[=====================================   ]: 1093 (Loss: 0.5077)
[=====================================   ]: 1094 (Loss: 0.5238)
[======================================  ]: 1095 (Loss: 0.5134)
[======================================  ]: 1096 (Loss: 0.5435)
[======================================  ]: 1097 (Loss: 0.5147)
[======================================= ]: 1098 (Loss: 0.5293)
[======================================= ]: 1099 (Loss: 0.4269)
[========================================]: 1100 (Loss: 0.5300)
                                                                                                    
[2026-07-16 21:42:04,599] [INFO] [__main__] Batch 1100 Loss: 0.530737 Cost: 10.80 Time: 188 ms/sequence
[2026-07-16 21:42:04,599] [INFO] [__main__] Advice weight norm: 19.068676 | Advice gradient norm: 0.000000

[                                        ]: 1101 (Loss: 0.6112)
[                                        ]: 1102 (Loss: 0.5225)
[=                                       ]: 1103 (Loss: 0.5508)
[=                                       ]: 1104 (Loss: 0.5052)
[==                                      ]: 1105 (Loss: 0.5535)
[==                                      ]: 1106 (Loss: 0.5237)
[==                                      ]: 1107 (Loss: 0.5796)
[===                                     ]: 1108 (Loss: 0.4622)
[===                                     ]: 1109 (Loss: 0.4907)
[====                                    ]: 1110 (Loss: 0.4255)
[====                                    ]: 1111 (Loss: 0.5144)
[====                                    ]: 1112 (Loss: 0.4975)
[=====                                   ]: 1113 (Loss: 0.5466)
[=====                                   ]: 1114 (Loss: 0.6067)
[======                                  ]: 1115 (Loss: 0.5593)
[======                                  ]: 1116 (Loss: 0.5250)
[======                                  ]: 1117 (Loss: 0.4937)
[=======                                 ]: 1118 (Loss: 0.5475)
[=======                                 ]: 1119 (Loss: 0.4422)
[========                                ]: 1120 (Loss: 0.5086)
[========                                ]: 1121 (Loss: 0.4514)
[========                                ]: 1122 (Loss: 0.5062)
[=========                               ]: 1123 (Loss: 0.4417)
[=========                               ]: 1124 (Loss: 0.4393)
[==========                              ]: 1125 (Loss: 0.5428)
[==========                              ]: 1126 (Loss: 0.4934)
[==========                              ]: 1127 (Loss: 0.5908)
[===========                             ]: 1128 (Loss: 0.4765)
[===========                             ]: 1129 (Loss: 0.5334)
[============                            ]: 1130 (Loss: 0.5381)
[============                            ]: 1131 (Loss: 0.5937)
[============                            ]: 1132 (Loss: 0.4796)
[=============                           ]: 1133 (Loss: 0.6439)
[=============                           ]: 1134 (Loss: 0.5449)
[==============                          ]: 1135 (Loss: 0.4483)
[==============                          ]: 1136 (Loss: 0.5391)
[==============                          ]: 1137 (Loss: 0.5302)
[===============                         ]: 1138 (Loss: 0.6143)
[===============                         ]: 1139 (Loss: 0.6167)
[================                        ]: 1140 (Loss: 0.4708)
[================                        ]: 1141 (Loss: 0.5819)
[================                        ]: 1142 (Loss: 0.4875)
[=================                       ]: 1143 (Loss: 0.4496)
[=================                       ]: 1144 (Loss: 0.5019)
[==================                      ]: 1145 (Loss: 0.5068)
[==================                      ]: 1146 (Loss: 0.4195)
[==================                      ]: 1147 (Loss: 0.5372)
[===================                     ]: 1148 (Loss: 0.4735)
[===================                     ]: 1149 (Loss: 0.5158)
[====================                    ]: 1150 (Loss: 0.6438)
[====================                    ]: 1151 (Loss: 0.4948)
[====================                    ]: 1152 (Loss: 0.5045)
[=====================                   ]: 1153 (Loss: 0.4293)
[=====================                   ]: 1154 (Loss: 0.4471)
[======================                  ]: 1155 (Loss: 0.5071)
[======================                  ]: 1156 (Loss: 0.4487)
[======================                  ]: 1157 (Loss: 0.5033)
[=======================                 ]: 1158 (Loss: 0.4836)
[=======================                 ]: 1159 (Loss: 0.6084)
[========================                ]: 1160 (Loss: 0.5305)
[========================                ]: 1161 (Loss: 0.5278)
[========================                ]: 1162 (Loss: 0.5286)
[=========================               ]: 1163 (Loss: 0.5821)
[=========================               ]: 1164 (Loss: 0.4925)
[==========================              ]: 1165 (Loss: 0.5249)
[==========================              ]: 1166 (Loss: 0.4572)
[==========================              ]: 1167 (Loss: 0.5014)
[===========================             ]: 1168 (Loss: 0.5344)
[===========================             ]: 1169 (Loss: 0.5517)
[============================            ]: 1170 (Loss: 0.4659)
[============================            ]: 1171 (Loss: 0.6062)
[============================            ]: 1172 (Loss: 0.5143)
[=============================           ]: 1173 (Loss: 0.5070)
[=============================           ]: 1174 (Loss: 0.5470)
[==============================          ]: 1175 (Loss: 0.4984)
[==============================          ]: 1176 (Loss: 0.4878)
[==============================          ]: 1177 (Loss: 0.5040)
[===============================         ]: 1178 (Loss: 0.6430)
[===============================         ]: 1179 (Loss: 0.5380)
[================================        ]: 1180 (Loss: 0.4932)
[================================        ]: 1181 (Loss: 0.5826)
[================================        ]: 1182 (Loss: 0.5322)
[=================================       ]: 1183 (Loss: 0.3900)
[=================================       ]: 1184 (Loss: 0.6184)
[==================================      ]: 1185 (Loss: 0.4787)
[==================================      ]: 1186 (Loss: 0.4984)
[==================================      ]: 1187 (Loss: 0.5263)
[===================================     ]: 1188 (Loss: 0.5947)
[===================================     ]: 1189 (Loss: 0.5511)
[====================================    ]: 1190 (Loss: 0.5705)
[====================================    ]: 1191 (Loss: 0.4870)
[====================================    ]: 1192 (Loss: 0.5396)
[=====================================   ]: 1193 (Loss: 0.4469)
[=====================================   ]: 1194 (Loss: 0.5793)
[======================================  ]: 1195 (Loss: 0.4845)
[======================================  ]: 1196 (Loss: 0.5998)
[======================================  ]: 1197 (Loss: 0.4159)
[======================================= ]: 1198 (Loss: 0.5167)
[======================================= ]: 1199 (Loss: 0.4993)
[========================================]: 1200 (Loss: 0.5834)
                                                                                                    
[2026-07-16 21:42:23,062] [INFO] [__main__] Batch 1200 Loss: 0.520367 Cost: 10.61 Time: 184 ms/sequence
[2026-07-16 21:42:23,063] [INFO] [__main__] Advice weight norm: 19.068676 | Advice gradient norm: 0.000000

[                                        ]: 1201 (Loss: 0.4492)
[                                        ]: 1202 (Loss: 0.5812)
[=                                       ]: 1203 (Loss: 0.5855)
[=                                       ]: 1204 (Loss: 0.4862)
[==                                      ]: 1205 (Loss: 0.5008)
[==                                      ]: 1206 (Loss: 0.5399)
[==                                      ]: 1207 (Loss: 0.6197)
[===                                     ]: 1208 (Loss: 0.5598)
[===                                     ]: 1209 (Loss: 0.6107)
[====                                    ]: 1210 (Loss: 0.5616)
[====                                    ]: 1211 (Loss: 0.5426)
[====                                    ]: 1212 (Loss: 0.5162)
[=====                                   ]: 1213 (Loss: 0.5646)
[=====                                   ]: 1214 (Loss: 0.4600)
[======                                  ]: 1215 (Loss: 0.6096)
[======                                  ]: 1216 (Loss: 0.5170)
[======                                  ]: 1217 (Loss: 0.5518)
[=======                                 ]: 1218 (Loss: 0.5190)
[=======                                 ]: 1219 (Loss: 0.6060)
[========                                ]: 1220 (Loss: 0.4613)
[========                                ]: 1221 (Loss: 0.5307)
[========                                ]: 1222 (Loss: 0.5800)
[=========                               ]: 1223 (Loss: 0.5309)
[=========                               ]: 1224 (Loss: 0.5676)
[==========                              ]: 1225 (Loss: 0.5457)
[==========                              ]: 1226 (Loss: 0.5028)
[==========                              ]: 1227 (Loss: 0.4301)
[===========                             ]: 1228 (Loss: 0.5513)
[===========                             ]: 1229 (Loss: 0.5770)
[============                            ]: 1230 (Loss: 0.4653)
[============                            ]: 1231 (Loss: 0.5873)
[============                            ]: 1232 (Loss: 0.5333)
[=============                           ]: 1233 (Loss: 0.4601)
[=============                           ]: 1234 (Loss: 0.4357)
[==============                          ]: 1235 (Loss: 0.5936)
[==============                          ]: 1236 (Loss: 0.5024)
[==============                          ]: 1237 (Loss: 0.4970)
[===============                         ]: 1238 (Loss: 0.4730)
[===============                         ]: 1239 (Loss: 0.5371)
[================                        ]: 1240 (Loss: 0.4583)
[================                        ]: 1241 (Loss: 0.5580)
[================                        ]: 1242 (Loss: 0.4534)
[=================                       ]: 1243 (Loss: 0.4896)
[=================                       ]: 1244 (Loss: 0.5425)
[==================                      ]: 1245 (Loss: 0.5621)
[==================                      ]: 1246 (Loss: 0.5738)
[==================                      ]: 1247 (Loss: 0.6186)
[===================                     ]: 1248 (Loss: 0.5092)
[===================                     ]: 1249 (Loss: 0.4303)
[====================                    ]: 1250 (Loss: 0.4244)
[====================                    ]: 1251 (Loss: 0.5617)
[====================                    ]: 1252 (Loss: 0.4479)
[=====================                   ]: 1253 (Loss: 0.5586)
[=====================                   ]: 1254 (Loss: 0.4807)
[======================                  ]: 1255 (Loss: 0.4722)
[======================                  ]: 1256 (Loss: 0.4586)
[======================                  ]: 1257 (Loss: 0.5557)
[=======================                 ]: 1258 (Loss: 0.4247)
[=======================                 ]: 1259 (Loss: 0.4911)
[========================                ]: 1260 (Loss: 0.4224)
[========================                ]: 1261 (Loss: 0.3900)
[========================                ]: 1262 (Loss: 0.5404)
[=========================               ]: 1263 (Loss: 0.5538)
[=========================               ]: 1264 (Loss: 0.4441)
[==========================              ]: 1265 (Loss: 0.5359)
[==========================              ]: 1266 (Loss: 0.4966)
[==========================              ]: 1267 (Loss: 0.5786)
[===========================             ]: 1268 (Loss: 0.5186)
[===========================             ]: 1269 (Loss: 0.4892)
[============================            ]: 1270 (Loss: 0.4059)
[============================            ]: 1271 (Loss: 0.6026)
[============================            ]: 1272 (Loss: 0.4672)
[=============================           ]: 1273 (Loss: 0.4346)
[=============================           ]: 1274 (Loss: 0.5607)
[==============================          ]: 1275 (Loss: 0.5771)
[==============================          ]: 1276 (Loss: 0.5932)
[==============================          ]: 1277 (Loss: 0.5451)
[===============================         ]: 1278 (Loss: 0.4085)
[===============================         ]: 1279 (Loss: 0.4877)
[================================        ]: 1280 (Loss: 0.4580)
[================================        ]: 1281 (Loss: 0.5546)
[================================        ]: 1282 (Loss: 0.4620)
[=================================       ]: 1283 (Loss: 0.4794)
[=================================       ]: 1284 (Loss: 0.4954)
[==================================      ]: 1285 (Loss: 0.5255)
[==================================      ]: 1286 (Loss: 0.5024)
[==================================      ]: 1287 (Loss: 0.4375)
[===================================     ]: 1288 (Loss: 0.4953)
[===================================     ]: 1289 (Loss: 0.5215)
[====================================    ]: 1290 (Loss: 0.4038)
[====================================    ]: 1291 (Loss: 0.4798)
[====================================    ]: 1292 (Loss: 0.4477)
[=====================================   ]: 1293 (Loss: 0.4017)
[=====================================   ]: 1294 (Loss: 0.5071)
[======================================  ]: 1295 (Loss: 0.4305)
[======================================  ]: 1296 (Loss: 0.4512)
[======================================  ]: 1297 (Loss: 0.4415)
[======================================= ]: 1298 (Loss: 0.3873)
[======================================= ]: 1299 (Loss: 0.4760)
[========================================]: 1300 (Loss: 0.4620)
                                                                                                    
[2026-07-16 21:42:41,638] [INFO] [__main__] Batch 1300 Loss: 0.506878 Cost: 9.83 Time: 185 ms/sequence
[2026-07-16 21:42:41,638] [INFO] [__main__] Advice weight norm: 19.068676 | Advice gradient norm: 0.000000

[                                        ]: 1301 (Loss: 0.4866)
[                                        ]: 1302 (Loss: 0.5156)
[=                                       ]: 1303 (Loss: 0.5181)
[=                                       ]: 1304 (Loss: 0.5043)
[==                                      ]: 1305 (Loss: 0.5522)
[==                                      ]: 1306 (Loss: 0.4284)
[==                                      ]: 1307 (Loss: 0.4822)
[===                                     ]: 1308 (Loss: 0.5033)
[===                                     ]: 1309 (Loss: 0.4175)
[====                                    ]: 1310 (Loss: 0.4955)
[====                                    ]: 1311 (Loss: 0.5576)
[====                                    ]: 1312 (Loss: 0.5090)
[=====                                   ]: 1313 (Loss: 0.4702)
[=====                                   ]: 1314 (Loss: 0.5290)
[======                                  ]: 1315 (Loss: 0.5097)
[======                                  ]: 1316 (Loss: 0.4476)
[======                                  ]: 1317 (Loss: 0.5691)
[=======                                 ]: 1318 (Loss: 0.4997)
[=======                                 ]: 1319 (Loss: 0.4272)
[========                                ]: 1320 (Loss: 0.5328)
[========                                ]: 1321 (Loss: 0.5634)
[========                                ]: 1322 (Loss: 0.4753)
[=========                               ]: 1323 (Loss: 0.4734)
[=========                               ]: 1324 (Loss: 0.5075)
[==========                              ]: 1325 (Loss: 0.5956)
[==========                              ]: 1326 (Loss: 0.6014)
[==========                              ]: 1327 (Loss: 0.4754)
[===========                             ]: 1328 (Loss: 0.4532)
[===========                             ]: 1329 (Loss: 0.5255)
[============                            ]: 1330 (Loss: 0.5321)
[============                            ]: 1331 (Loss: 0.5139)
[============                            ]: 1332 (Loss: 0.4326)
[=============                           ]: 1333 (Loss: 0.3649)
[=============                           ]: 1334 (Loss: 0.5831)
[==============                          ]: 1335 (Loss: 0.4445)
[==============                          ]: 1336 (Loss: 0.4052)
[==============                          ]: 1337 (Loss: 0.4934)
[===============                         ]: 1338 (Loss: 0.5695)
[===============                         ]: 1339 (Loss: 0.6401)
[================                        ]: 1340 (Loss: 0.4380)
[================                        ]: 1341 (Loss: 0.3887)
[================                        ]: 1342 (Loss: 0.4789)
[=================                       ]: 1343 (Loss: 0.4915)
[=================                       ]: 1344 (Loss: 0.4922)
[==================                      ]: 1345 (Loss: 0.5268)
[==================                      ]: 1346 (Loss: 0.3859)
[==================                      ]: 1347 (Loss: 0.4203)
[===================                     ]: 1348 (Loss: 0.5217)
[===================                     ]: 1349 (Loss: 0.5163)
[====================                    ]: 1350 (Loss: 0.4444)
[====================                    ]: 1351 (Loss: 0.4894)
[====================                    ]: 1352 (Loss: 0.5482)
[=====================                   ]: 1353 (Loss: 0.5097)
[=====================                   ]: 1354 (Loss: 0.4902)
[======================                  ]: 1355 (Loss: 0.5819)
[======================                  ]: 1356 (Loss: 0.5654)
[======================                  ]: 1357 (Loss: 0.5239)
[=======================                 ]: 1358 (Loss: 0.5757)
[=======================                 ]: 1359 (Loss: 0.4976)
[========================                ]: 1360 (Loss: 0.5573)
[========================                ]: 1361 (Loss: 0.4810)
[========================                ]: 1362 (Loss: 0.6159)
[=========================               ]: 1363 (Loss: 0.4021)
[=========================               ]: 1364 (Loss: 0.4797)
[==========================              ]: 1365 (Loss: 0.5045)
[==========================              ]: 1366 (Loss: 0.3920)
[==========================              ]: 1367 (Loss: 0.5209)
[===========================             ]: 1368 (Loss: 0.4713)
[===========================             ]: 1369 (Loss: 0.4603)
[============================            ]: 1370 (Loss: 0.4702)
[============================            ]: 1371 (Loss: 0.4994)
[============================            ]: 1372 (Loss: 0.4909)
[=============================           ]: 1373 (Loss: 0.3986)
[=============================           ]: 1374 (Loss: 0.4583)
[==============================          ]: 1375 (Loss: 0.5389)
[==============================          ]: 1376 (Loss: 0.3228)
[==============================          ]: 1377 (Loss: 0.6147)
[===============================         ]: 1378 (Loss: 0.5130)
[===============================         ]: 1379 (Loss: 0.5471)
[================================        ]: 1380 (Loss: 0.4682)
[================================        ]: 1381 (Loss: 0.5729)
[================================        ]: 1382 (Loss: 0.5027)
[=================================       ]: 1383 (Loss: 0.4938)
[=================================       ]: 1384 (Loss: 0.6024)
[==================================      ]: 1385 (Loss: 0.5739)
[==================================      ]: 1386 (Loss: 0.5215)
[==================================      ]: 1387 (Loss: 0.5079)
[===================================     ]: 1388 (Loss: 0.4880)
[===================================     ]: 1389 (Loss: 0.4715)
[====================================    ]: 1390 (Loss: 0.5642)
[====================================    ]: 1391 (Loss: 0.6014)
[====================================    ]: 1392 (Loss: 0.4639)
[=====================================   ]: 1393 (Loss: 0.4661)
[=====================================   ]: 1394 (Loss: 0.4864)
[======================================  ]: 1395 (Loss: 0.5957)
[======================================  ]: 1396 (Loss: 0.4319)
[======================================  ]: 1397 (Loss: 0.5309)
[======================================= ]: 1398 (Loss: 0.5040)
[======================================= ]: 1399 (Loss: 0.5404)
[========================================]: 1400 (Loss: 0.5534)
                                                                                                    
[2026-07-16 21:43:00,298] [INFO] [__main__] Batch 1400 Loss: 0.501718 Cost: 9.86 Time: 186 ms/sequence
[2026-07-16 21:43:00,298] [INFO] [__main__] Advice weight norm: 19.068676 | Advice gradient norm: 0.000000

[                                        ]: 1401 (Loss: 0.4860)
[                                        ]: 1402 (Loss: 0.5419)
[=                                       ]: 1403 (Loss: 0.4595)
[=                                       ]: 1404 (Loss: 0.4714)
[==                                      ]: 1405 (Loss: 0.4804)
[==                                      ]: 1406 (Loss: 0.4398)
[==                                      ]: 1407 (Loss: 0.4403)
[===                                     ]: 1408 (Loss: 0.4672)
[===                                     ]: 1409 (Loss: 0.4217)
[====                                    ]: 1410 (Loss: 0.5510)
[====                                    ]: 1411 (Loss: 0.4988)
[====                                    ]: 1412 (Loss: 0.4318)
[=====                                   ]: 1413 (Loss: 0.4955)
[=====                                   ]: 1414 (Loss: 0.5551)
[======                                  ]: 1415 (Loss: 0.5106)
[======                                  ]: 1416 (Loss: 0.5373)
[======                                  ]: 1417 (Loss: 0.5171)
[=======                                 ]: 1418 (Loss: 0.5844)
[=======                                 ]: 1419 (Loss: 0.4637)
[========                                ]: 1420 (Loss: 0.5235)
[========                                ]: 1421 (Loss: 0.5355)
[========                                ]: 1422 (Loss: 0.5084)
[=========                               ]: 1423 (Loss: 0.5182)
[=========                               ]: 1424 (Loss: 0.5754)
[==========                              ]: 1425 (Loss: 0.4562)
[==========                              ]: 1426 (Loss: 0.5391)
[==========                              ]: 1427 (Loss: 0.5228)
[===========                             ]: 1428 (Loss: 0.5045)
[===========                             ]: 1429 (Loss: 0.4979)
[============                            ]: 1430 (Loss: 0.5343)
[============                            ]: 1431 (Loss: 0.4588)
[============                            ]: 1432 (Loss: 0.5559)
[=============                           ]: 1433 (Loss: 0.5553)
[=============                           ]: 1434 (Loss: 0.5410)
[==============                          ]: 1435 (Loss: 0.4657)
[==============                          ]: 1436 (Loss: 0.4502)
[==============                          ]: 1437 (Loss: 0.5699)
[===============                         ]: 1438 (Loss: 0.4660)
[===============                         ]: 1439 (Loss: 0.4669)
[================                        ]: 1440 (Loss: 0.6138)
[================                        ]: 1441 (Loss: 0.5574)
[================                        ]: 1442 (Loss: 0.4029)
[=================                       ]: 1443 (Loss: 0.4571)
[=================                       ]: 1444 (Loss: 0.5437)
[==================                      ]: 1445 (Loss: 0.4173)
[==================                      ]: 1446 (Loss: 0.5859)
[==================                      ]: 1447 (Loss: 0.4034)
[===================                     ]: 1448 (Loss: 0.3734)
[===================                     ]: 1449 (Loss: 0.6204)
[====================                    ]: 1450 (Loss: 0.4408)
[====================                    ]: 1451 (Loss: 0.6014)
[====================                    ]: 1452 (Loss: 0.5607)
[=====================                   ]: 1453 (Loss: 0.4989)
[=====================                   ]: 1454 (Loss: 0.5324)
[======================                  ]: 1455 (Loss: 0.5425)
[======================                  ]: 1456 (Loss: 0.5377)
[======================                  ]: 1457 (Loss: 0.5570)
[=======================                 ]: 1458 (Loss: 0.5490)
[=======================                 ]: 1459 (Loss: 0.4397)
[========================                ]: 1460 (Loss: 0.5192)
[========================                ]: 1461 (Loss: 0.6111)
[========================                ]: 1462 (Loss: 0.5305)
[=========================               ]: 1463 (Loss: 0.4476)
[=========================               ]: 1464 (Loss: 0.4734)
[==========================              ]: 1465 (Loss: 0.5152)
[==========================              ]: 1466 (Loss: 0.4044)
[==========================              ]: 1467 (Loss: 0.6133)
[===========================             ]: 1468 (Loss: 0.5845)
[===========================             ]: 1469 (Loss: 0.5174)
[============================            ]: 1470 (Loss: 0.5117)
[============================            ]: 1471 (Loss: 0.4961)
[============================            ]: 1472 (Loss: 0.4943)
[=============================           ]: 1473 (Loss: 0.6008)
[=============================           ]: 1474 (Loss: 0.4870)
[==============================          ]: 1475 (Loss: 0.5170)
[==============================          ]: 1476 (Loss: 0.4696)
[==============================          ]: 1477 (Loss: 0.4589)
[===============================         ]: 1478 (Loss: 0.4189)
[===============================         ]: 1479 (Loss: 0.6288)
[================================        ]: 1480 (Loss: 0.4997)
[================================        ]: 1481 (Loss: 0.4830)
[================================        ]: 1482 (Loss: 0.5729)
[=================================       ]: 1483 (Loss: 0.5679)
[=================================       ]: 1484 (Loss: 0.3887)
[==================================      ]: 1485 (Loss: 0.4861)
[==================================      ]: 1486 (Loss: 0.4560)
[==================================      ]: 1487 (Loss: 0.4359)
[===================================     ]: 1488 (Loss: 0.4326)
[===================================     ]: 1489 (Loss: 0.4834)
[====================================    ]: 1490 (Loss: 0.4799)
[====================================    ]: 1491 (Loss: 0.5279)
[====================================    ]: 1492 (Loss: 0.5846)
[=====================================   ]: 1493 (Loss: 0.4887)
[=====================================   ]: 1494 (Loss: 0.4846)
[======================================  ]: 1495 (Loss: 0.5135)
[======================================  ]: 1496 (Loss: 0.5555)
[======================================  ]: 1497 (Loss: 0.5260)
[======================================= ]: 1498 (Loss: 0.4945)
[======================================= ]: 1499 (Loss: 0.4553)
[========================================]: 1500 (Loss: 0.5449)
                                                                                                    
[2026-07-16 21:43:18,781] [INFO] [__main__] Batch 1500 Loss: 0.505954 Cost: 10.33 Time: 184 ms/sequence
[2026-07-16 21:43:18,782] [INFO] [__main__] Advice weight norm: 19.068676 | Advice gradient norm: 0.000000

[                                        ]: 1501 (Loss: 0.5989)
[                                        ]: 1502 (Loss: 0.5429)
[=                                       ]: 1503 (Loss: 0.5458)
[=                                       ]: 1504 (Loss: 0.4672)
[==                                      ]: 1505 (Loss: 0.5755)
[==                                      ]: 1506 (Loss: 0.4575)
[==                                      ]: 1507 (Loss: 0.4861)
[===                                     ]: 1508 (Loss: 0.5584)
[===                                     ]: 1509 (Loss: 0.5229)
[====                                    ]: 1510 (Loss: 0.4353)
[====                                    ]: 1511 (Loss: 0.4981)
[====                                    ]: 1512 (Loss: 0.5244)
[=====                                   ]: 1513 (Loss: 0.5233)
[=====                                   ]: 1514 (Loss: 0.4819)
[======                                  ]: 1515 (Loss: 0.4935)
[======                                  ]: 1516 (Loss: 0.5192)
[======                                  ]: 1517 (Loss: 0.6237)
[=======                                 ]: 1518 (Loss: 0.5531)
[=======                                 ]: 1519 (Loss: 0.5032)
[========                                ]: 1520 (Loss: 0.5511)
[========                                ]: 1521 (Loss: 0.4001)
[========                                ]: 1522 (Loss: 0.5198)
[=========                               ]: 1523 (Loss: 0.5040)
[=========                               ]: 1524 (Loss: 0.4074)
[==========                              ]: 1525 (Loss: 0.5408)
[==========                              ]: 1526 (Loss: 0.4642)
[==========                              ]: 1527 (Loss: 0.5479)
[===========                             ]: 1528 (Loss: 0.5749)
[===========                             ]: 1529 (Loss: 0.5472)
[============                            ]: 1530 (Loss: 0.5331)
[============                            ]: 1531 (Loss: 0.5687)
[============                            ]: 1532 (Loss: 0.4658)
[=============                           ]: 1533 (Loss: 0.5411)
[=============                           ]: 1534 (Loss: 0.5125)
[==============                          ]: 1535 (Loss: 0.5362)
[==============                          ]: 1536 (Loss: 0.4955)
[==============                          ]: 1537 (Loss: 0.5043)
[===============                         ]: 1538 (Loss: 0.4620)
[===============                         ]: 1539 (Loss: 0.4629)
[================                        ]: 1540 (Loss: 0.5577)
[================                        ]: 1541 (Loss: 0.4459)
[================                        ]: 1542 (Loss: 0.5130)
[=================                       ]: 1543 (Loss: 0.4691)
[=================                       ]: 1544 (Loss: 0.4665)
[==================                      ]: 1545 (Loss: 0.4356)
[==================                      ]: 1546 (Loss: 0.5835)
[==================                      ]: 1547 (Loss: 0.5072)
[===================                     ]: 1548 (Loss: 0.5902)
[===================                     ]: 1549 (Loss: 0.5562)
[====================                    ]: 1550 (Loss: 0.5415)
[====================                    ]: 1551 (Loss: 0.5448)
[====================                    ]: 1552 (Loss: 0.5726)
[=====================                   ]: 1553 (Loss: 0.5594)
[=====================                   ]: 1554 (Loss: 0.4647)
[======================                  ]: 1555 (Loss: 0.4761)
[======================                  ]: 1556 (Loss: 0.5446)
[======================                  ]: 1557 (Loss: 0.5155)
[=======================                 ]: 1558 (Loss: 0.4866)
[=======================                 ]: 1559 (Loss: 0.3524)
[========================                ]: 1560 (Loss: 0.4982)
[========================                ]: 1561 (Loss: 0.5690)
[========================                ]: 1562 (Loss: 0.5584)
[=========================               ]: 1563 (Loss: 0.4633)
[=========================               ]: 1564 (Loss: 0.5705)
[==========================              ]: 1565 (Loss: 0.4219)
[==========================              ]: 1566 (Loss: 0.4217)
[==========================              ]: 1567 (Loss: 0.4805)
[===========================             ]: 1568 (Loss: 0.4239)
[===========================             ]: 1569 (Loss: 0.5100)
[============================            ]: 1570 (Loss: 0.4704)
[============================            ]: 1571 (Loss: 0.5903)
[============================            ]: 1572 (Loss: 0.4359)
[=============================           ]: 1573 (Loss: 0.4695)
[=============================           ]: 1574 (Loss: 0.4365)
[==============================          ]: 1575 (Loss: 0.4513)
[==============================          ]: 1576 (Loss: 0.5284)
[==============================          ]: 1577 (Loss: 0.4509)
[===============================         ]: 1578 (Loss: 0.4842)
[===============================         ]: 1579 (Loss: 0.4066)
[================================        ]: 1580 (Loss: 0.5859)
[================================        ]: 1581 (Loss: 0.5436)
[================================        ]: 1582 (Loss: 0.4578)
[=================================       ]: 1583 (Loss: 0.4835)
[=================================       ]: 1584 (Loss: 0.4729)
[==================================      ]: 1585 (Loss: 0.5061)
[==================================      ]: 1586 (Loss: 0.4965)
[==================================      ]: 1587 (Loss: 0.4024)
[===================================     ]: 1588 (Loss: 0.5509)
[===================================     ]: 1589 (Loss: 0.5564)
[====================================    ]: 1590 (Loss: 0.4673)
[====================================    ]: 1591 (Loss: 0.5113)
[====================================    ]: 1592 (Loss: 0.5206)
[=====================================   ]: 1593 (Loss: 0.5119)
[=====================================   ]: 1594 (Loss: 0.4549)
[======================================  ]: 1595 (Loss: 0.5020)
[======================================  ]: 1596 (Loss: 0.4633)
[======================================  ]: 1597 (Loss: 0.5217)
[======================================= ]: 1598 (Loss: 0.5048)
[======================================= ]: 1599 (Loss: 0.5717)
[========================================]: 1600 (Loss: 0.4662)
                                                                                                    
[2026-07-16 21:43:37,289] [INFO] [__main__] Batch 1600 Loss: 0.504271 Cost: 10.41 Time: 185 ms/sequence
[2026-07-16 21:43:37,290] [INFO] [__main__] Advice weight norm: 19.068676 | Advice gradient norm: 0.000000

[                                        ]: 1601 (Loss: 0.4578)
[                                        ]: 1602 (Loss: 0.5250)
[=                                       ]: 1603 (Loss: 0.4312)
[=                                       ]: 1604 (Loss: 0.5635)
[==                                      ]: 1605 (Loss: 0.4701)
[==                                      ]: 1606 (Loss: 0.5427)
[==                                      ]: 1607 (Loss: 0.4159)
[===                                     ]: 1608 (Loss: 0.5442)
[===                                     ]: 1609 (Loss: 0.4562)
[====                                    ]: 1610 (Loss: 0.3969)
[====                                    ]: 1611 (Loss: 0.3702)
[====                                    ]: 1612 (Loss: 0.5289)
[=====                                   ]: 1613 (Loss: 0.4811)
[=====                                   ]: 1614 (Loss: 0.4884)
[======                                  ]: 1615 (Loss: 0.4789)
[======                                  ]: 1616 (Loss: 0.4663)
[======                                  ]: 1617 (Loss: 0.5082)
[=======                                 ]: 1618 (Loss: 0.4115)
[=======                                 ]: 1619 (Loss: 0.4892)
[========                                ]: 1620 (Loss: 0.5457)
[========                                ]: 1621 (Loss: 0.4258)
[========                                ]: 1622 (Loss: 0.3795)
[=========                               ]: 1623 (Loss: 0.5881)
[=========                               ]: 1624 (Loss: 0.4557)
[==========                              ]: 1625 (Loss: 0.4793)
[==========                              ]: 1626 (Loss: 0.5883)
[==========                              ]: 1627 (Loss: 0.4514)
[===========                             ]: 1628 (Loss: 0.3600)
[===========                             ]: 1629 (Loss: 0.4907)
[============                            ]: 1630 (Loss: 0.6532)
[============                            ]: 1631 (Loss: 0.3892)
[============                            ]: 1632 (Loss: 0.5278)
[=============                           ]: 1633 (Loss: 0.5019)
[=============                           ]: 1634 (Loss: 0.5186)
[==============                          ]: 1635 (Loss: 0.4672)
[==============                          ]: 1636 (Loss: 0.3796)
[==============                          ]: 1637 (Loss: 0.4282)
[===============                         ]: 1638 (Loss: 0.4814)
[===============                         ]: 1639 (Loss: 0.5626)
[================                        ]: 1640 (Loss: 0.5489)
[================                        ]: 1641 (Loss: 0.5451)
[================                        ]: 1642 (Loss: 0.4403)
[=================                       ]: 1643 (Loss: 0.5269)
[=================                       ]: 1644 (Loss: 0.5027)
[==================                      ]: 1645 (Loss: 0.5161)
[==================                      ]: 1646 (Loss: 0.5192)
[==================                      ]: 1647 (Loss: 0.4380)
[===================                     ]: 1648 (Loss: 0.4675)
[===================                     ]: 1649 (Loss: 0.4529)
[====================                    ]: 1650 (Loss: 0.4675)
[====================                    ]: 1651 (Loss: 0.4254)
[====================                    ]: 1652 (Loss: 0.5987)
[=====================                   ]: 1653 (Loss: 0.4154)
[=====================                   ]: 1654 (Loss: 0.4938)
[======================                  ]: 1655 (Loss: 0.4660)
[======================                  ]: 1656 (Loss: 0.4467)
[======================                  ]: 1657 (Loss: 0.4366)
[=======================                 ]: 1658 (Loss: 0.4860)
[=======================                 ]: 1659 (Loss: 0.4094)
[========================                ]: 1660 (Loss: 0.4482)
[========================                ]: 1661 (Loss: 0.4407)
[========================                ]: 1662 (Loss: 0.4262)
[=========================               ]: 1663 (Loss: 0.5048)
[=========================               ]: 1664 (Loss: 0.5493)
[==========================              ]: 1665 (Loss: 0.5191)
[==========================              ]: 1666 (Loss: 0.5492)
[==========================              ]: 1667 (Loss: 0.4370)
[===========================             ]: 1668 (Loss: 0.5440)
[===========================             ]: 1669 (Loss: 0.4116)
[============================            ]: 1670 (Loss: 0.4379)
[============================            ]: 1671 (Loss: 0.5670)
[============================            ]: 1672 (Loss: 0.4346)
[=============================           ]: 1673 (Loss: 0.5255)
[=============================           ]: 1674 (Loss: 0.5962)
[==============================          ]: 1675 (Loss: 0.4979)
[==============================          ]: 1676 (Loss: 0.6007)
[==============================          ]: 1677 (Loss: 0.6465)
[===============================         ]: 1678 (Loss: 0.5211)
[===============================         ]: 1679 (Loss: 0.3956)
[================================        ]: 1680 (Loss: 0.5350)
[================================        ]: 1681 (Loss: 0.5248)
[================================        ]: 1682 (Loss: 0.5117)
[=================================       ]: 1683 (Loss: 0.4688)
[=================================       ]: 1684 (Loss: 0.4052)
[==================================      ]: 1685 (Loss: 0.4850)
[==================================      ]: 1686 (Loss: 0.4665)
[==================================      ]: 1687 (Loss: 0.5031)
[===================================     ]: 1688 (Loss: 0.3543)
[===================================     ]: 1689 (Loss: 0.4475)
[====================================    ]: 1690 (Loss: 0.4335)
[====================================    ]: 1691 (Loss: 0.5407)
[====================================    ]: 1692 (Loss: 0.4703)
[=====================================   ]: 1693 (Loss: 0.5168)
[=====================================   ]: 1694 (Loss: 0.5038)
[======================================  ]: 1695 (Loss: 0.5421)
[======================================  ]: 1696 (Loss: 0.4193)
[======================================  ]: 1697 (Loss: 0.4508)
[======================================= ]: 1698 (Loss: 0.5374)
[======================================= ]: 1699 (Loss: 0.5023)
[========================================]: 1700 (Loss: 0.4050)
                                                                                                    
[2026-07-16 21:43:55,820] [INFO] [__main__] Batch 1700 Loss: 0.483804 Cost: 9.61 Time: 185 ms/sequence
[2026-07-16 21:43:55,821] [INFO] [__main__] Advice weight norm: 19.068676 | Advice gradient norm: 0.000000

[                                        ]: 1701 (Loss: 0.4100)
[                                        ]: 1702 (Loss: 0.5477)
[=                                       ]: 1703 (Loss: 0.4249)
[=                                       ]: 1704 (Loss: 0.5752)
[==                                      ]: 1705 (Loss: 0.4079)
[==                                      ]: 1706 (Loss: 0.5113)
[==                                      ]: 1707 (Loss: 0.4653)
[===                                     ]: 1708 (Loss: 0.3653)
[===                                     ]: 1709 (Loss: 0.4021)
[====                                    ]: 1710 (Loss: 0.5081)
[====                                    ]: 1711 (Loss: 0.5065)
[====                                    ]: 1712 (Loss: 0.3686)
[=====                                   ]: 1713 (Loss: 0.4673)
[=====                                   ]: 1714 (Loss: 0.5280)
[======                                  ]: 1715 (Loss: 0.4109)
[======                                  ]: 1716 (Loss: 0.3509)
[======                                  ]: 1717 (Loss: 0.4846)
[=======                                 ]: 1718 (Loss: 0.4553)
[=======                                 ]: 1719 (Loss: 0.4609)
[========                                ]: 1720 (Loss: 0.4855)
[========                                ]: 1721 (Loss: 0.3977)
[========                                ]: 1722 (Loss: 0.4304)
[=========                               ]: 1723 (Loss: 0.4170)
[=========                               ]: 1724 (Loss: 0.4530)
[==========                              ]: 1725 (Loss: 0.4760)
[==========                              ]: 1726 (Loss: 0.5260)
[==========                              ]: 1727 (Loss: 0.4697)
[===========                             ]: 1728 (Loss: 0.4704)
[===========                             ]: 1729 (Loss: 0.4914)
[============                            ]: 1730 (Loss: 0.4847)
[============                            ]: 1731 (Loss: 0.5001)
[============                            ]: 1732 (Loss: 0.5587)
[=============                           ]: 1733 (Loss: 0.4324)
[=============                           ]: 1734 (Loss: 0.4006)
[==============                          ]: 1735 (Loss: 0.6733)
[==============                          ]: 1736 (Loss: 0.4960)
[==============                          ]: 1737 (Loss: 0.5408)
[===============                         ]: 1738 (Loss: 0.5454)
[===============                         ]: 1739 (Loss: 0.4413)
[================                        ]: 1740 (Loss: 0.4671)
[================                        ]: 1741 (Loss: 0.4565)
[================                        ]: 1742 (Loss: 0.4506)
[=================                       ]: 1743 (Loss: 0.4894)
[=================                       ]: 1744 (Loss: 0.4479)
[==================                      ]: 1745 (Loss: 0.3994)
[==================                      ]: 1746 (Loss: 0.5163)
[==================                      ]: 1747 (Loss: 0.4660)
[===================                     ]: 1748 (Loss: 0.5201)
[===================                     ]: 1749 (Loss: 0.4968)
[====================                    ]: 1750 (Loss: 0.4657)
[====================                    ]: 1751 (Loss: 0.2964)
[====================                    ]: 1752 (Loss: 0.4296)
[=====================                   ]: 1753 (Loss: 0.3727)
[=====================                   ]: 1754 (Loss: 0.4776)
[======================                  ]: 1755 (Loss: 0.5277)
[======================                  ]: 1756 (Loss: 0.4699)
[======================                  ]: 1757 (Loss: 0.5223)
[=======================                 ]: 1758 (Loss: 0.4660)
[=======================                 ]: 1759 (Loss: 0.5272)
[========================                ]: 1760 (Loss: 0.3751)
[========================                ]: 1761 (Loss: 0.4798)
[========================                ]: 1762 (Loss: 0.5113)
[=========================               ]: 1763 (Loss: 0.5252)
[=========================               ]: 1764 (Loss: 0.6123)
[==========================              ]: 1765 (Loss: 0.3826)
[==========================              ]: 1766 (Loss: 0.5429)
[==========================              ]: 1767 (Loss: 0.5035)
[===========================             ]: 1768 (Loss: 0.4731)
[===========================             ]: 1769 (Loss: 0.6554)
[============================            ]: 1770 (Loss: 0.5893)
[============================            ]: 1771 (Loss: 0.4460)
[============================            ]: 1772 (Loss: 0.4969)
[=============================           ]: 1773 (Loss: 0.4049)
[=============================           ]: 1774 (Loss: 0.5346)
[==============================          ]: 1775 (Loss: 0.4241)
[==============================          ]: 1776 (Loss: 0.3956)
[==============================          ]: 1777 (Loss: 0.5069)
[===============================         ]: 1778 (Loss: 0.4520)
[===============================         ]: 1779 (Loss: 0.3939)
[================================        ]: 1780 (Loss: 0.5771)
[================================        ]: 1781 (Loss: 0.6008)
[================================        ]: 1782 (Loss: 0.5073)
[=================================       ]: 1783 (Loss: 0.4335)
[=================================       ]: 1784 (Loss: 0.4431)
[==================================      ]: 1785 (Loss: 0.5317)
[==================================      ]: 1786 (Loss: 0.4464)
[==================================      ]: 1787 (Loss: 0.5604)
[===================================     ]: 1788 (Loss: 0.5144)
[===================================     ]: 1789 (Loss: 0.4936)
[====================================    ]: 1790 (Loss: 0.5562)
[====================================    ]: 1791 (Loss: 0.4670)
[====================================    ]: 1792 (Loss: 0.4637)
[=====================================   ]: 1793 (Loss: 0.4730)
[=====================================   ]: 1794 (Loss: 0.4624)
[======================================  ]: 1795 (Loss: 0.5174)
[======================================  ]: 1796 (Loss: 0.4853)
[======================================  ]: 1797 (Loss: 0.4163)
[======================================= ]: 1798 (Loss: 0.5482)
[======================================= ]: 1799 (Loss: 0.5650)
[========================================]: 1800 (Loss: 0.5915)
                                                                                                    
[2026-07-16 21:44:14,397] [INFO] [__main__] Batch 1800 Loss: 0.479658 Cost: 9.29 Time: 185 ms/sequence
[2026-07-16 21:44:14,397] [INFO] [__main__] Advice weight norm: 19.068676 | Advice gradient norm: 0.000000

[                                        ]: 1801 (Loss: 0.4553)
[                                        ]: 1802 (Loss: 0.4216)
[=                                       ]: 1803 (Loss: 0.4130)
[=                                       ]: 1804 (Loss: 0.5091)
[==                                      ]: 1805 (Loss: 0.4799)
[==                                      ]: 1806 (Loss: 0.4814)
[==                                      ]: 1807 (Loss: 0.4593)
[===                                     ]: 1808 (Loss: 0.4508)
[===                                     ]: 1809 (Loss: 0.4359)
[====                                    ]: 1810 (Loss: 0.4962)
[====                                    ]: 1811 (Loss: 0.4213)
[====                                    ]: 1812 (Loss: 0.5476)
[=====                                   ]: 1813 (Loss: 0.5059)
[=====                                   ]: 1814 (Loss: 0.4712)
[======                                  ]: 1815 (Loss: 0.4637)
[======                                  ]: 1816 (Loss: 0.4857)
[======                                  ]: 1817 (Loss: 0.5090)
[=======                                 ]: 1818 (Loss: 0.4911)
[=======                                 ]: 1819 (Loss: 0.5815)
[========                                ]: 1820 (Loss: 0.4162)
[========                                ]: 1821 (Loss: 0.4755)
[========                                ]: 1822 (Loss: 0.4048)
[=========                               ]: 1823 (Loss: 0.5425)
[=========                               ]: 1824 (Loss: 0.5098)
[==========                              ]: 1825 (Loss: 0.5180)
[==========                              ]: 1826 (Loss: 0.6464)
[==========                              ]: 1827 (Loss: 0.4583)
[===========                             ]: 1828 (Loss: 0.4778)
[===========                             ]: 1829 (Loss: 0.4258)
[============                            ]: 1830 (Loss: 0.4240)
[============                            ]: 1831 (Loss: 0.4510)
[============                            ]: 1832 (Loss: 0.4233)
[=============                           ]: 1833 (Loss: 0.4073)
[=============                           ]: 1834 (Loss: 0.3800)
[==============                          ]: 1835 (Loss: 0.5593)
[==============                          ]: 1836 (Loss: 0.5631)
[==============                          ]: 1837 (Loss: 0.5265)
[===============                         ]: 1838 (Loss: 0.4679)
[===============                         ]: 1839 (Loss: 0.5800)
[================                        ]: 1840 (Loss: 0.4377)
[================                        ]: 1841 (Loss: 0.6014)
[================                        ]: 1842 (Loss: 0.4524)
[=================                       ]: 1843 (Loss: 0.5382)
[=================                       ]: 1844 (Loss: 0.3950)
[==================                      ]: 1845 (Loss: 0.4285)
[==================                      ]: 1846 (Loss: 0.5505)
[==================                      ]: 1847 (Loss: 0.5238)
[===================                     ]: 1848 (Loss: 0.4081)
[===================                     ]: 1849 (Loss: 0.4313)
[====================                    ]: 1850 (Loss: 0.4774)
[====================                    ]: 1851 (Loss: 0.5368)
[====================                    ]: 1852 (Loss: 0.4639)
[=====================                   ]: 1853 (Loss: 0.4046)
[=====================                   ]: 1854 (Loss: 0.4756)
[======================                  ]: 1855 (Loss: 0.3941)
[======================                  ]: 1856 (Loss: 0.4167)
[======================                  ]: 1857 (Loss: 0.5680)
[=======================                 ]: 1858 (Loss: 0.3608)
[=======================                 ]: 1859 (Loss: 0.5182)
[========================                ]: 1860 (Loss: 0.4183)
[========================                ]: 1861 (Loss: 0.4485)
[========================                ]: 1862 (Loss: 0.4857)
[=========================               ]: 1863 (Loss: 0.4132)
[=========================               ]: 1864 (Loss: 0.6170)
[==========================              ]: 1865 (Loss: 0.4074)
[==========================              ]: 1866 (Loss: 0.4398)
[==========================              ]: 1867 (Loss: 0.4626)
[===========================             ]: 1868 (Loss: 0.5055)
[===========================             ]: 1869 (Loss: 0.4660)
[============================            ]: 1870 (Loss: 0.4068)
[============================            ]: 1871 (Loss: 0.4530)
[============================            ]: 1872 (Loss: 0.5438)
[=============================           ]: 1873 (Loss: 0.4572)
[=============================           ]: 1874 (Loss: 0.4632)
[==============================          ]: 1875 (Loss: 0.5562)
[==============================          ]: 1876 (Loss: 0.4523)
[==============================          ]: 1877 (Loss: 0.4101)
[===============================         ]: 1878 (Loss: 0.5027)
[===============================         ]: 1879 (Loss: 0.4331)
[================================        ]: 1880 (Loss: 0.5036)
[================================        ]: 1881 (Loss: 0.4482)
[================================        ]: 1882 (Loss: 0.4560)
[=================================       ]: 1883 (Loss: 0.6022)
[=================================       ]: 1884 (Loss: 0.3855)
[==================================      ]: 1885 (Loss: 0.4296)
[==================================      ]: 1886 (Loss: 0.4566)
[==================================      ]: 1887 (Loss: 0.4782)
[===================================     ]: 1888 (Loss: 0.5076)
[===================================     ]: 1889 (Loss: 0.4371)
[====================================    ]: 1890 (Loss: 0.4316)
[====================================    ]: 1891 (Loss: 0.5512)
[====================================    ]: 1892 (Loss: 0.4638)
[=====================================   ]: 1893 (Loss: 0.4942)
[=====================================   ]: 1894 (Loss: 0.4497)
[======================================  ]: 1895 (Loss: 0.3994)
[======================================  ]: 1896 (Loss: 0.4737)
[======================================  ]: 1897 (Loss: 0.5265)
[======================================= ]: 1898 (Loss: 0.5654)
[======================================= ]: 1899 (Loss: 0.3445)
[========================================]: 1900 (Loss: 0.4500)
                                                                                                    
[2026-07-16 21:44:32,830] [INFO] [__main__] Batch 1900 Loss: 0.473174 Cost: 9.27 Time: 184 ms/sequence
[2026-07-16 21:44:32,831] [INFO] [__main__] Advice weight norm: 19.068676 | Advice gradient norm: 0.000000

[                                        ]: 1901 (Loss: 0.5745)
[                                        ]: 1902 (Loss: 0.5140)
[=                                       ]: 1903 (Loss: 0.4565)
[=                                       ]: 1904 (Loss: 0.4657)
[==                                      ]: 1905 (Loss: 0.4667)
[==                                      ]: 1906 (Loss: 0.5750)
[==                                      ]: 1907 (Loss: 0.5021)
[===                                     ]: 1908 (Loss: 0.5401)
[===                                     ]: 1909 (Loss: 0.3861)
[====                                    ]: 1910 (Loss: 0.4993)
[====                                    ]: 1911 (Loss: 0.4884)
[====                                    ]: 1912 (Loss: 0.4842)
[=====                                   ]: 1913 (Loss: 0.4388)
[=====                                   ]: 1914 (Loss: 0.4557)
[======                                  ]: 1915 (Loss: 0.4123)
[======                                  ]: 1916 (Loss: 0.4064)
[======                                  ]: 1917 (Loss: 0.4443)
[=======                                 ]: 1918 (Loss: 0.5224)
[=======                                 ]: 1919 (Loss: 0.4455)
[========                                ]: 1920 (Loss: 0.5780)
[========                                ]: 1921 (Loss: 0.4472)
[========                                ]: 1922 (Loss: 0.4653)
[=========                               ]: 1923 (Loss: 0.4980)
[=========                               ]: 1924 (Loss: 0.4582)
[==========                              ]: 1925 (Loss: 0.4056)
[==========                              ]: 1926 (Loss: 0.4862)
[==========                              ]: 1927 (Loss: 0.6050)
[===========                             ]: 1928 (Loss: 0.4658)
[===========                             ]: 1929 (Loss: 0.4811)
[============                            ]: 1930 (Loss: 0.4674)
[============                            ]: 1931 (Loss: 0.6245)
[============                            ]: 1932 (Loss: 0.4396)
[=============                           ]: 1933 (Loss: 0.5389)
[=============                           ]: 1934 (Loss: 0.4932)
[==============                          ]: 1935 (Loss: 0.4346)
[==============                          ]: 1936 (Loss: 0.5958)
[==============                          ]: 1937 (Loss: 0.4487)
[===============                         ]: 1938 (Loss: 0.3439)
[===============                         ]: 1939 (Loss: 0.4373)
[================                        ]: 1940 (Loss: 0.5309)
[================                        ]: 1941 (Loss: 0.3885)
[================                        ]: 1942 (Loss: 0.5528)
[=================                       ]: 1943 (Loss: 0.4377)
[=================                       ]: 1944 (Loss: 0.3827)
[==================                      ]: 1945 (Loss: 0.5168)
[==================                      ]: 1946 (Loss: 0.5916)
[==================                      ]: 1947 (Loss: 0.4871)
[===================                     ]: 1948 (Loss: 0.4504)
[===================                     ]: 1949 (Loss: 0.3168)
[====================                    ]: 1950 (Loss: 0.5261)
[====================                    ]: 1951 (Loss: 0.4709)
[====================                    ]: 1952 (Loss: 0.4576)
[=====================                   ]: 1953 (Loss: 0.4678)
[=====================                   ]: 1954 (Loss: 0.5305)
[======================                  ]: 1955 (Loss: 0.5324)
[======================                  ]: 1956 (Loss: 0.4296)
[======================                  ]: 1957 (Loss: 0.4239)
[=======================                 ]: 1958 (Loss: 0.5087)
[=======================                 ]: 1959 (Loss: 0.4802)
[========================                ]: 1960 (Loss: 0.3342)
[========================                ]: 1961 (Loss: 0.4478)
[========================                ]: 1962 (Loss: 0.5239)
[=========================               ]: 1963 (Loss: 0.4634)
[=========================               ]: 1964 (Loss: 0.4770)
[==========================              ]: 1965 (Loss: 0.3333)
[==========================              ]: 1966 (Loss: 0.4782)
[==========================              ]: 1967 (Loss: 0.5210)
[===========================             ]: 1968 (Loss: 0.4205)
[===========================             ]: 1969 (Loss: 0.4948)
[============================            ]: 1970 (Loss: 0.4255)
[============================            ]: 1971 (Loss: 0.5129)
[============================            ]: 1972 (Loss: 0.4880)
[=============================           ]: 1973 (Loss: 0.3963)
[=============================           ]: 1974 (Loss: 0.4678)
[==============================          ]: 1975 (Loss: 0.4629)
[==============================          ]: 1976 (Loss: 0.4903)
[==============================          ]: 1977 (Loss: 0.5224)
[===============================         ]: 1978 (Loss: 0.5586)
[===============================         ]: 1979 (Loss: 0.5313)
[================================        ]: 1980 (Loss: 0.4586)
[================================        ]: 1981 (Loss: 0.4424)
[================================        ]: 1982 (Loss: 0.4892)
[=================================       ]: 1983 (Loss: 0.5728)
[=================================       ]: 1984 (Loss: 0.5073)
[==================================      ]: 1985 (Loss: 0.4468)
[==================================      ]: 1986 (Loss: 0.4576)
[==================================      ]: 1987 (Loss: 0.3731)
[===================================     ]: 1988 (Loss: 0.3773)
[===================================     ]: 1989 (Loss: 0.4303)
[====================================    ]: 1990 (Loss: 0.4688)
[====================================    ]: 1991 (Loss: 0.4477)
[====================================    ]: 1992 (Loss: 0.4365)
[=====================================   ]: 1993 (Loss: 0.4962)
[=====================================   ]: 1994 (Loss: 0.4090)
[======================================  ]: 1995 (Loss: 0.3966)
[======================================  ]: 1996 (Loss: 0.4292)
[======================================  ]: 1997 (Loss: 0.4333)
[======================================= ]: 1998 (Loss: 0.3864)
[======================================= ]: 1999 (Loss: 0.4341)
[========================================]: 2000 (Loss: 0.5070)
                                                                                                    
[2026-07-16 21:44:51,436] [INFO] [__main__] Batch 2000 Loss: 0.470256 Cost: 9.37 Time: 186 ms/sequence
[2026-07-16 21:44:51,437] [INFO] [__main__] Advice weight norm: 19.068676 | Advice gradient norm: 0.000000

                                                                                                    
[2026-07-16 21:44:51,439] [INFO] [__main__] Saving checkpoint to 'runs\copy_sanity_len5\copy\zero\seed_1001\checkpoint-batch-00002000.pt'

[                                        ]: 2001 (Loss: 0.3209)
[                                        ]: 2002 (Loss: 0.4539)
[=                                       ]: 2003 (Loss: 0.4289)
[=                                       ]: 2004 (Loss: 0.5551)
[==                                      ]: 2005 (Loss: 0.3747)
[==                                      ]: 2006 (Loss: 0.5109)
[==                                      ]: 2007 (Loss: 0.4500)
[===                                     ]: 2008 (Loss: 0.4310)
[===                                     ]: 2009 (Loss: 0.4485)
[====                                    ]: 2010 (Loss: 0.5042)
[====                                    ]: 2011 (Loss: 0.3740)
[====                                    ]: 2012 (Loss: 0.5363)
[=====                                   ]: 2013 (Loss: 0.4704)
[=====                                   ]: 2014 (Loss: 0.4959)
[======                                  ]: 2015 (Loss: 0.4671)
[======                                  ]: 2016 (Loss: 0.4722)
[======                                  ]: 2017 (Loss: 0.4337)
[=======                                 ]: 2018 (Loss: 0.5415)
[=======                                 ]: 2019 (Loss: 0.4637)
[========                                ]: 2020 (Loss: 0.4589)
[========                                ]: 2021 (Loss: 0.3668)
[========                                ]: 2022 (Loss: 0.4381)
[=========                               ]: 2023 (Loss: 0.6051)
[=========                               ]: 2024 (Loss: 0.5037)
[==========                              ]: 2025 (Loss: 0.4418)
[==========                              ]: 2026 (Loss: 0.3939)
[==========                              ]: 2027 (Loss: 0.3780)
[===========                             ]: 2028 (Loss: 0.5785)
[===========                             ]: 2029 (Loss: 0.4840)
[============                            ]: 2030 (Loss: 0.5396)
[============                            ]: 2031 (Loss: 0.4555)
[============                            ]: 2032 (Loss: 0.4713)
[=============                           ]: 2033 (Loss: 0.4649)
[=============                           ]: 2034 (Loss: 0.4621)
[==============                          ]: 2035 (Loss: 0.4981)
[==============                          ]: 2036 (Loss: 0.3861)
[==============                          ]: 2037 (Loss: 0.5837)
[===============                         ]: 2038 (Loss: 0.4573)
[===============                         ]: 2039 (Loss: 0.4513)
[================                        ]: 2040 (Loss: 0.4329)
[================                        ]: 2041 (Loss: 0.4057)
[================                        ]: 2042 (Loss: 0.4217)
[=================                       ]: 2043 (Loss: 0.4905)
[=================                       ]: 2044 (Loss: 0.5356)
[==================                      ]: 2045 (Loss: 0.3941)
[==================                      ]: 2046 (Loss: 0.5402)
[==================                      ]: 2047 (Loss: 0.4479)
[===================                     ]: 2048 (Loss: 0.4244)
[===================                     ]: 2049 (Loss: 0.5169)
[====================                    ]: 2050 (Loss: 0.4458)
[====================                    ]: 2051 (Loss: 0.5081)
[====================                    ]: 2052 (Loss: 0.4754)
[=====================                   ]: 2053 (Loss: 0.3567)
[=====================                   ]: 2054 (Loss: 0.3870)
[======================                  ]: 2055 (Loss: 0.4214)
[======================                  ]: 2056 (Loss: 0.3879)
[======================                  ]: 2057 (Loss: 0.3118)
[=======================                 ]: 2058 (Loss: 0.4742)
[=======================                 ]: 2059 (Loss: 0.5116)
[========================                ]: 2060 (Loss: 0.4153)
[========================                ]: 2061 (Loss: 0.4977)
[========================                ]: 2062 (Loss: 0.5231)
[=========================               ]: 2063 (Loss: 0.3704)
[=========================               ]: 2064 (Loss: 0.5267)
[==========================              ]: 2065 (Loss: 0.5772)
[==========================              ]: 2066 (Loss: 0.5015)
[==========================              ]: 2067 (Loss: 0.3672)
[===========================             ]: 2068 (Loss: 0.5267)
[===========================             ]: 2069 (Loss: 0.3975)
[============================            ]: 2070 (Loss: 0.4505)
[============================            ]: 2071 (Loss: 0.4260)
[============================            ]: 2072 (Loss: 0.4908)
[=============================           ]: 2073 (Loss: 0.4747)
[=============================           ]: 2074 (Loss: 0.4385)
[==============================          ]: 2075 (Loss: 0.4234)
[==============================          ]: 2076 (Loss: 0.5035)
[==============================          ]: 2077 (Loss: 0.4956)
[===============================         ]: 2078 (Loss: 0.4364)
[===============================         ]: 2079 (Loss: 0.4515)
[================================        ]: 2080 (Loss: 0.4804)
[================================        ]: 2081 (Loss: 0.5621)
[================================        ]: 2082 (Loss: 0.5888)
[=================================       ]: 2083 (Loss: 0.5062)
[=================================       ]: 2084 (Loss: 0.5302)
[==================================      ]: 2085 (Loss: 0.5517)
[==================================      ]: 2086 (Loss: 0.5340)
[==================================      ]: 2087 (Loss: 0.3659)
[===================================     ]: 2088 (Loss: 0.5073)
[===================================     ]: 2089 (Loss: 0.4703)
[====================================    ]: 2090 (Loss: 0.4826)
[====================================    ]: 2091 (Loss: 0.5405)
[====================================    ]: 2092 (Loss: 0.4451)
[=====================================   ]: 2093 (Loss: 0.4472)
[=====================================   ]: 2094 (Loss: 0.4151)
[======================================  ]: 2095 (Loss: 0.4582)
[======================================  ]: 2096 (Loss: 0.4202)
[======================================  ]: 2097 (Loss: 0.5201)
[======================================= ]: 2098 (Loss: 0.2538)
[======================================= ]: 2099 (Loss: 0.4948)
[========================================]: 2100 (Loss: 0.5192)
                                                                                                    
[2026-07-16 21:45:10,227] [INFO] [__main__] Batch 2100 Loss: 0.464298 Cost: 9.22 Time: 187 ms/sequence
[2026-07-16 21:45:10,228] [INFO] [__main__] Advice weight norm: 19.068676 | Advice gradient norm: 0.000000

[                                        ]: 2101 (Loss: 0.4163)
[                                        ]: 2102 (Loss: 0.3900)
[=                                       ]: 2103 (Loss: 0.3989)
[=                                       ]: 2104 (Loss: 0.4693)
[==                                      ]: 2105 (Loss: 0.5177)
[==                                      ]: 2106 (Loss: 0.4336)
[==                                      ]: 2107 (Loss: 0.3465)
[===                                     ]: 2108 (Loss: 0.5360)
[===                                     ]: 2109 (Loss: 0.4010)
[====                                    ]: 2110 (Loss: 0.3833)
[====                                    ]: 2111 (Loss: 0.4693)
[====                                    ]: 2112 (Loss: 0.3659)
[=====                                   ]: 2113 (Loss: 0.4135)
[=====                                   ]: 2114 (Loss: 0.3988)
[======                                  ]: 2115 (Loss: 0.4324)
[======                                  ]: 2116 (Loss: 0.4476)
[======                                  ]: 2117 (Loss: 0.5086)
[=======                                 ]: 2118 (Loss: 0.5006)
[=======                                 ]: 2119 (Loss: 0.3720)
[========                                ]: 2120 (Loss: 0.5032)
[========                                ]: 2121 (Loss: 0.4746)
[========                                ]: 2122 (Loss: 0.5510)
[=========                               ]: 2123 (Loss: 0.4027)
[=========                               ]: 2124 (Loss: 0.3745)
[==========                              ]: 2125 (Loss: 0.3988)
[==========                              ]: 2126 (Loss: 0.4073)
[==========                              ]: 2127 (Loss: 0.4836)
[===========                             ]: 2128 (Loss: 0.4983)
[===========                             ]: 2129 (Loss: 0.5898)
[============                            ]: 2130 (Loss: 0.3938)
[============                            ]: 2131 (Loss: 0.4390)
[============                            ]: 2132 (Loss: 0.5478)
[=============                           ]: 2133 (Loss: 0.4901)
[=============                           ]: 2134 (Loss: 0.4658)
[==============                          ]: 2135 (Loss: 0.4851)
[==============                          ]: 2136 (Loss: 0.5002)
[==============                          ]: 2137 (Loss: 0.4526)
[===============                         ]: 2138 (Loss: 0.5500)
[===============                         ]: 2139 (Loss: 0.4095)
[================                        ]: 2140 (Loss: 0.4104)
[================                        ]: 2141 (Loss: 0.4862)
[================                        ]: 2142 (Loss: 0.4863)
[=================                       ]: 2143 (Loss: 0.4292)
[=================                       ]: 2144 (Loss: 0.5143)
[==================                      ]: 2145 (Loss: 0.5067)
[==================                      ]: 2146 (Loss: 0.4805)
[==================                      ]: 2147 (Loss: 0.4553)
[===================                     ]: 2148 (Loss: 0.4033)
[===================                     ]: 2149 (Loss: 0.4847)
[====================                    ]: 2150 (Loss: 0.3626)
[====================                    ]: 2151 (Loss: 0.4662)
[====================                    ]: 2152 (Loss: 0.4038)
[=====================                   ]: 2153 (Loss: 0.4129)
[=====================                   ]: 2154 (Loss: 0.4903)
[======================                  ]: 2155 (Loss: 0.3963)
[======================                  ]: 2156 (Loss: 0.4248)
[======================                  ]: 2157 (Loss: 0.4925)
[=======================                 ]: 2158 (Loss: 0.4615)
[=======================                 ]: 2159 (Loss: 0.4158)
[========================                ]: 2160 (Loss: 0.4096)
[========================                ]: 2161 (Loss: 0.3068)
[========================                ]: 2162 (Loss: 0.5579)
[=========================               ]: 2163 (Loss: 0.4789)
[=========================               ]: 2164 (Loss: 0.4766)
[==========================              ]: 2165 (Loss: 0.5228)
[==========================              ]: 2166 (Loss: 0.5146)
[==========================              ]: 2167 (Loss: 0.4543)
[===========================             ]: 2168 (Loss: 0.4047)
[===========================             ]: 2169 (Loss: 0.4871)
[============================            ]: 2170 (Loss: 0.4671)
[============================            ]: 2171 (Loss: 0.4620)
[============================            ]: 2172 (Loss: 0.3500)
[=============================           ]: 2173 (Loss: 0.5043)
[=============================           ]: 2174 (Loss: 0.6075)
[==============================          ]: 2175 (Loss: 0.4985)
[==============================          ]: 2176 (Loss: 0.4686)
[==============================          ]: 2177 (Loss: 0.4368)
[===============================         ]: 2178 (Loss: 0.5803)
[===============================         ]: 2179 (Loss: 0.5273)
[================================        ]: 2180 (Loss: 0.5052)
[================================        ]: 2181 (Loss: 0.3926)
[================================        ]: 2182 (Loss: 0.4873)
[=================================       ]: 2183 (Loss: 0.4718)
[=================================       ]: 2184 (Loss: 0.5085)
[==================================      ]: 2185 (Loss: 0.4629)
[==================================      ]: 2186 (Loss: 0.3862)
[==================================      ]: 2187 (Loss: 0.4678)
[===================================     ]: 2188 (Loss: 0.5835)
[===================================     ]: 2189 (Loss: 0.3589)
[====================================    ]: 2190 (Loss: 0.4089)
[====================================    ]: 2191 (Loss: 0.4563)
[====================================    ]: 2192 (Loss: 0.3407)
[=====================================   ]: 2193 (Loss: 0.3664)
[=====================================   ]: 2194 (Loss: 0.4551)
[======================================  ]: 2195 (Loss: 0.4069)
[======================================  ]: 2196 (Loss: 0.4720)
[======================================  ]: 2197 (Loss: 0.4378)
[======================================= ]: 2198 (Loss: 0.4547)
[======================================= ]: 2199 (Loss: 0.4690)
[========================================]: 2200 (Loss: 0.5783)
                                                                                                    
[2026-07-16 21:45:28,715] [INFO] [__main__] Batch 2200 Loss: 0.455889 Cost: 8.79 Time: 184 ms/sequence
[2026-07-16 21:45:28,716] [INFO] [__main__] Advice weight norm: 19.068676 | Advice gradient norm: 0.000000

[                                        ]: 2201 (Loss: 0.5816)
[                                        ]: 2202 (Loss: 0.4843)
[=                                       ]: 2203 (Loss: 0.5763)
[=                                       ]: 2204 (Loss: 0.4476)
[==                                      ]: 2205 (Loss: 0.4096)
[==                                      ]: 2206 (Loss: 0.4711)
[==                                      ]: 2207 (Loss: 0.4700)
[===                                     ]: 2208 (Loss: 0.4286)
[===                                     ]: 2209 (Loss: 0.4365)
[====                                    ]: 2210 (Loss: 0.4570)
[====                                    ]: 2211 (Loss: 0.4670)
[====                                    ]: 2212 (Loss: 0.4478)
[=====                                   ]: 2213 (Loss: 0.4733)
[=====                                   ]: 2214 (Loss: 0.6393)
[======                                  ]: 2215 (Loss: 0.5677)
[======                                  ]: 2216 (Loss: 0.3783)
[======                                  ]: 2217 (Loss: 0.4572)
[=======                                 ]: 2218 (Loss: 0.3954)
[=======                                 ]: 2219 (Loss: 0.4696)
[========                                ]: 2220 (Loss: 0.4104)
[========                                ]: 2221 (Loss: 0.3983)
[========                                ]: 2222 (Loss: 0.4394)
[=========                               ]: 2223 (Loss: 0.4604)
[=========                               ]: 2224 (Loss: 0.4410)
[==========                              ]: 2225 (Loss: 0.5377)
[==========                              ]: 2226 (Loss: 0.5945)
[==========                              ]: 2227 (Loss: 0.4547)
[===========                             ]: 2228 (Loss: 0.3789)
[===========                             ]: 2229 (Loss: 0.5472)
[============                            ]: 2230 (Loss: 0.4268)
[============                            ]: 2231 (Loss: 0.3734)
[============                            ]: 2232 (Loss: 0.5185)
[=============                           ]: 2233 (Loss: 0.4463)
[=============                           ]: 2234 (Loss: 0.2862)
[==============                          ]: 2235 (Loss: 0.4888)
[==============                          ]: 2236 (Loss: 0.4561)
[==============                          ]: 2237 (Loss: 0.3647)
[===============                         ]: 2238 (Loss: 0.3983)
[===============                         ]: 2239 (Loss: 0.5772)
[================                        ]: 2240 (Loss: 0.5984)
[================                        ]: 2241 (Loss: 0.3961)
[================                        ]: 2242 (Loss: 0.5251)
[=================                       ]: 2243 (Loss: 0.3793)
[=================                       ]: 2244 (Loss: 0.4626)
[==================                      ]: 2245 (Loss: 0.3669)
[==================                      ]: 2246 (Loss: 0.4145)
[==================                      ]: 2247 (Loss: 0.4121)
[===================                     ]: 2248 (Loss: 0.3688)
[===================                     ]: 2249 (Loss: 0.4943)
[====================                    ]: 2250 (Loss: 0.4696)
[====================                    ]: 2251 (Loss: 0.4268)
[====================                    ]: 2252 (Loss: 0.4778)
[=====================                   ]: 2253 (Loss: 0.4610)
[=====================                   ]: 2254 (Loss: 0.4726)
[======================                  ]: 2255 (Loss: 0.5453)
[======================                  ]: 2256 (Loss: 0.3142)
[======================                  ]: 2257 (Loss: 0.4955)
[=======================                 ]: 2258 (Loss: 0.5082)
[=======================                 ]: 2259 (Loss: 0.5835)
[========================                ]: 2260 (Loss: 0.3960)
[========================                ]: 2261 (Loss: 0.5463)
[========================                ]: 2262 (Loss: 0.4015)
[=========================               ]: 2263 (Loss: 0.5101)
[=========================               ]: 2264 (Loss: 0.3390)
[==========================              ]: 2265 (Loss: 0.4610)
[==========================              ]: 2266 (Loss: 0.3836)
[==========================              ]: 2267 (Loss: 0.5128)
[===========================             ]: 2268 (Loss: 0.3756)
[===========================             ]: 2269 (Loss: 0.5320)
[============================            ]: 2270 (Loss: 0.4284)
[============================            ]: 2271 (Loss: 0.6150)
[============================            ]: 2272 (Loss: 0.3825)
[=============================           ]: 2273 (Loss: 0.4925)
[=============================           ]: 2274 (Loss: 0.5483)
[==============================          ]: 2275 (Loss: 0.3722)
[==============================          ]: 2276 (Loss: 0.3390)
[==============================          ]: 2277 (Loss: 0.3753)
[===============================         ]: 2278 (Loss: 0.5380)
[===============================         ]: 2279 (Loss: 0.5352)
[================================        ]: 2280 (Loss: 0.5533)
[================================        ]: 2281 (Loss: 0.4015)
[================================        ]: 2282 (Loss: 0.5145)
[=================================       ]: 2283 (Loss: 0.4005)
[=================================       ]: 2284 (Loss: 0.4751)
[==================================      ]: 2285 (Loss: 0.3985)
[==================================      ]: 2286 (Loss: 0.5099)
[==================================      ]: 2287 (Loss: 0.4753)
[===================================     ]: 2288 (Loss: 0.5289)
[===================================     ]: 2289 (Loss: 0.3980)
[====================================    ]: 2290 (Loss: 0.5287)
[====================================    ]: 2291 (Loss: 0.4863)
[====================================    ]: 2292 (Loss: 0.4840)
[=====================================   ]: 2293 (Loss: 0.3396)
[=====================================   ]: 2294 (Loss: 0.5012)
[======================================  ]: 2295 (Loss: 0.5117)
[======================================  ]: 2296 (Loss: 0.4661)
[======================================  ]: 2297 (Loss: 0.3898)
[======================================= ]: 2298 (Loss: 0.4717)
[======================================= ]: 2299 (Loss: 0.4111)
[========================================]: 2300 (Loss: 0.4015)
                                                                                                    
[2026-07-16 21:45:47,296] [INFO] [__main__] Batch 2300 Loss: 0.459609 Cost: 8.96 Time: 185 ms/sequence
[2026-07-16 21:45:47,296] [INFO] [__main__] Advice weight norm: 19.068676 | Advice gradient norm: 0.000000

[                                        ]: 2301 (Loss: 0.3458)
[                                        ]: 2302 (Loss: 0.4713)
[=                                       ]: 2303 (Loss: 0.3992)
[=                                       ]: 2304 (Loss: 0.5070)
[==                                      ]: 2305 (Loss: 0.4924)
[==                                      ]: 2306 (Loss: 0.4018)
[==                                      ]: 2307 (Loss: 0.4909)
[===                                     ]: 2308 (Loss: 0.3952)
[===                                     ]: 2309 (Loss: 0.4395)
[====                                    ]: 2310 (Loss: 0.4685)
[====                                    ]: 2311 (Loss: 0.4411)
[====                                    ]: 2312 (Loss: 0.4574)
[=====                                   ]: 2313 (Loss: 0.4495)
[=====                                   ]: 2314 (Loss: 0.3708)
[======                                  ]: 2315 (Loss: 0.4222)
[======                                  ]: 2316 (Loss: 0.5728)
[======                                  ]: 2317 (Loss: 0.5089)
[=======                                 ]: 2318 (Loss: 0.4431)
[=======                                 ]: 2319 (Loss: 0.4625)
[========                                ]: 2320 (Loss: 0.3548)
[========                                ]: 2321 (Loss: 0.5392)
[========                                ]: 2322 (Loss: 0.3878)
[=========                               ]: 2323 (Loss: 0.3894)
[=========                               ]: 2324 (Loss: 0.4909)
[==========                              ]: 2325 (Loss: 0.4556)
[==========                              ]: 2326 (Loss: 0.4602)
[==========                              ]: 2327 (Loss: 0.4834)
[===========                             ]: 2328 (Loss: 0.4455)
[===========                             ]: 2329 (Loss: 0.5013)
[============                            ]: 2330 (Loss: 0.3540)
[============                            ]: 2331 (Loss: 0.5344)
[============                            ]: 2332 (Loss: 0.6000)
[=============                           ]: 2333 (Loss: 0.4046)
[=============                           ]: 2334 (Loss: 0.4245)
[==============                          ]: 2335 (Loss: 0.4518)
[==============                          ]: 2336 (Loss: 0.4536)
[==============                          ]: 2337 (Loss: 0.4952)
[===============                         ]: 2338 (Loss: 0.5465)
[===============                         ]: 2339 (Loss: 0.5372)
[================                        ]: 2340 (Loss: 0.5767)
[================                        ]: 2341 (Loss: 0.5943)
[================                        ]: 2342 (Loss: 0.4698)
[=================                       ]: 2343 (Loss: 0.4543)
[=================                       ]: 2344 (Loss: 0.4468)
[==================                      ]: 2345 (Loss: 0.4103)
[==================                      ]: 2346 (Loss: 0.4372)
[==================                      ]: 2347 (Loss: 0.4392)
[===================                     ]: 2348 (Loss: 0.4057)
[===================                     ]: 2349 (Loss: 0.4465)
[====================                    ]: 2350 (Loss: 0.4522)
[====================                    ]: 2351 (Loss: 0.4250)
[====================                    ]: 2352 (Loss: 0.5611)
[=====================                   ]: 2353 (Loss: 0.4777)
[=====================                   ]: 2354 (Loss: 0.4928)
[======================                  ]: 2355 (Loss: 0.5588)
[======================                  ]: 2356 (Loss: 0.4536)
[======================                  ]: 2357 (Loss: 0.4769)
[=======================                 ]: 2358 (Loss: 0.4807)
[=======================                 ]: 2359 (Loss: 0.4618)
[========================                ]: 2360 (Loss: 0.4635)
[========================                ]: 2361 (Loss: 0.4758)
[========================                ]: 2362 (Loss: 0.4263)
[=========================               ]: 2363 (Loss: 0.4748)
[=========================               ]: 2364 (Loss: 0.4981)
[==========================              ]: 2365 (Loss: 0.5130)
[==========================              ]: 2366 (Loss: 0.4048)
[==========================              ]: 2367 (Loss: 0.4880)
[===========================             ]: 2368 (Loss: 0.4047)
[===========================             ]: 2369 (Loss: 0.5741)
[============================            ]: 2370 (Loss: 0.4814)
[============================            ]: 2371 (Loss: 0.5562)
[============================            ]: 2372 (Loss: 0.5534)
[=============================           ]: 2373 (Loss: 0.4453)
[=============================           ]: 2374 (Loss: 0.4209)
[==============================          ]: 2375 (Loss: 0.4105)
[==============================          ]: 2376 (Loss: 0.4620)
[==============================          ]: 2377 (Loss: 0.4570)
[===============================         ]: 2378 (Loss: 0.4213)
[===============================         ]: 2379 (Loss: 0.4564)
[================================        ]: 2380 (Loss: 0.4760)
[================================        ]: 2381 (Loss: 0.4673)
[================================        ]: 2382 (Loss: 0.4544)
[=================================       ]: 2383 (Loss: 0.4923)
[=================================       ]: 2384 (Loss: 0.4704)
[==================================      ]: 2385 (Loss: 0.4806)
[==================================      ]: 2386 (Loss: 0.4748)
[==================================      ]: 2387 (Loss: 0.3194)
[===================================     ]: 2388 (Loss: 0.4782)
[===================================     ]: 2389 (Loss: 0.4301)
[====================================    ]: 2390 (Loss: 0.4202)
[====================================    ]: 2391 (Loss: 0.5429)
[====================================    ]: 2392 (Loss: 0.4768)
[=====================================   ]: 2393 (Loss: 0.2925)
[=====================================   ]: 2394 (Loss: 0.3346)
[======================================  ]: 2395 (Loss: 0.4653)
[======================================  ]: 2396 (Loss: 0.3824)
[======================================  ]: 2397 (Loss: 0.3720)
[======================================= ]: 2398 (Loss: 0.4870)
[======================================= ]: 2399 (Loss: 0.3713)
[========================================]: 2400 (Loss: 0.4248)
                                                                                                    
[2026-07-16 21:46:05,867] [INFO] [__main__] Batch 2400 Loss: 0.458719 Cost: 9.16 Time: 185 ms/sequence
[2026-07-16 21:46:05,867] [INFO] [__main__] Advice weight norm: 19.068676 | Advice gradient norm: 0.000000

[                                        ]: 2401 (Loss: 0.3364)
[                                        ]: 2402 (Loss: 0.4626)
[=                                       ]: 2403 (Loss: 0.3873)
[=                                       ]: 2404 (Loss: 0.3795)
[==                                      ]: 2405 (Loss: 0.4274)
[==                                      ]: 2406 (Loss: 0.4474)
[==                                      ]: 2407 (Loss: 0.4501)
[===                                     ]: 2408 (Loss: 0.4289)
[===                                     ]: 2409 (Loss: 0.4594)
[====                                    ]: 2410 (Loss: 0.5043)
[====                                    ]: 2411 (Loss: 0.3388)
[====                                    ]: 2412 (Loss: 0.3881)
[=====                                   ]: 2413 (Loss: 0.4189)
[=====                                   ]: 2414 (Loss: 0.4559)
[======                                  ]: 2415 (Loss: 0.4532)
[======                                  ]: 2416 (Loss: 0.5055)
[======                                  ]: 2417 (Loss: 0.3325)
[=======                                 ]: 2418 (Loss: 0.6156)
[=======                                 ]: 2419 (Loss: 0.5046)
[========                                ]: 2420 (Loss: 0.4461)
[========                                ]: 2421 (Loss: 0.4595)
[========                                ]: 2422 (Loss: 0.2984)
[=========                               ]: 2423 (Loss: 0.5447)
[=========                               ]: 2424 (Loss: 0.4564)
[==========                              ]: 2425 (Loss: 0.4663)
[==========                              ]: 2426 (Loss: 0.4672)
[==========                              ]: 2427 (Loss: 0.3527)
[===========                             ]: 2428 (Loss: 0.4844)
[===========                             ]: 2429 (Loss: 0.4573)
[============                            ]: 2430 (Loss: 0.5286)
[============                            ]: 2431 (Loss: 0.3961)
[============                            ]: 2432 (Loss: 0.4227)
[=============                           ]: 2433 (Loss: 0.4535)
[=============                           ]: 2434 (Loss: 0.4427)
[==============                          ]: 2435 (Loss: 0.4698)
[==============                          ]: 2436 (Loss: 0.4340)
[==============                          ]: 2437 (Loss: 0.4041)
[===============                         ]: 2438 (Loss: 0.6653)
[===============                         ]: 2439 (Loss: 0.3876)
[================                        ]: 2440 (Loss: 0.3485)
[================                        ]: 2441 (Loss: 0.5129)
[================                        ]: 2442 (Loss: 0.3372)
[=================                       ]: 2443 (Loss: 0.5290)
[=================                       ]: 2444 (Loss: 0.3735)
[==================                      ]: 2445 (Loss: 0.4386)
[==================                      ]: 2446 (Loss: 0.4068)
[==================                      ]: 2447 (Loss: 0.5964)
[===================                     ]: 2448 (Loss: 0.3649)
[===================                     ]: 2449 (Loss: 0.4576)
[====================                    ]: 2450 (Loss: 0.4225)
[====================                    ]: 2451 (Loss: 0.3882)
[====================                    ]: 2452 (Loss: 0.4413)
[=====================                   ]: 2453 (Loss: 0.3949)
[=====================                   ]: 2454 (Loss: 0.4961)
[======================                  ]: 2455 (Loss: 0.6383)
[======================                  ]: 2456 (Loss: 0.4645)
[======================                  ]: 2457 (Loss: 0.4005)
[=======================                 ]: 2458 (Loss: 0.3827)
[=======================                 ]: 2459 (Loss: 0.4082)
[========================                ]: 2460 (Loss: 0.4519)
[========================                ]: 2461 (Loss: 0.3170)
[========================                ]: 2462 (Loss: 0.4952)
[=========================               ]: 2463 (Loss: 0.4288)
[=========================               ]: 2464 (Loss: 0.4614)
[==========================              ]: 2465 (Loss: 0.3961)
[==========================              ]: 2466 (Loss: 0.4700)
[==========================              ]: 2467 (Loss: 0.4750)
[===========================             ]: 2468 (Loss: 0.3622)
[===========================             ]: 2469 (Loss: 0.4264)
[============================            ]: 2470 (Loss: 0.6090)
[============================            ]: 2471 (Loss: 0.3564)
[============================            ]: 2472 (Loss: 0.4014)
[=============================           ]: 2473 (Loss: 0.4102)
[=============================           ]: 2474 (Loss: 0.5319)
[==============================          ]: 2475 (Loss: 0.5085)
[==============================          ]: 2476 (Loss: 0.4759)
[==============================          ]: 2477 (Loss: 0.4158)
[===============================         ]: 2478 (Loss: 0.4901)
[===============================         ]: 2479 (Loss: 0.5888)
[================================        ]: 2480 (Loss: 0.3346)
[================================        ]: 2481 (Loss: 0.4217)
[================================        ]: 2482 (Loss: 0.6296)
[=================================       ]: 2483 (Loss: 0.3936)
[=================================       ]: 2484 (Loss: 0.4797)
[==================================      ]: 2485 (Loss: 0.4404)
[==================================      ]: 2486 (Loss: 0.4636)
[==================================      ]: 2487 (Loss: 0.4347)
[===================================     ]: 2488 (Loss: 0.4917)
[===================================     ]: 2489 (Loss: 0.4241)
[====================================    ]: 2490 (Loss: 0.3678)
[====================================    ]: 2491 (Loss: 0.5076)
[====================================    ]: 2492 (Loss: 0.4340)
[=====================================   ]: 2493 (Loss: 0.3934)
[=====================================   ]: 2494 (Loss: 0.3130)
[======================================  ]: 2495 (Loss: 0.5048)
[======================================  ]: 2496 (Loss: 0.3998)
[======================================  ]: 2497 (Loss: 0.5126)
[======================================= ]: 2498 (Loss: 0.4383)
[======================================= ]: 2499 (Loss: 0.5621)
[========================================]: 2500 (Loss: 0.4746)
                                                                                                    
[2026-07-16 21:46:24,365] [INFO] [__main__] Batch 2500 Loss: 0.446303 Cost: 8.58 Time: 184 ms/sequence
[2026-07-16 21:46:24,365] [INFO] [__main__] Advice weight norm: 19.068676 | Advice gradient norm: 0.000000

[                                        ]: 2501 (Loss: 0.4641)
[                                        ]: 2502 (Loss: 0.5766)
[=                                       ]: 2503 (Loss: 0.4745)
[=                                       ]: 2504 (Loss: 0.4891)
[==                                      ]: 2505 (Loss: 0.4947)
[==                                      ]: 2506 (Loss: 0.5254)
[==                                      ]: 2507 (Loss: 0.4198)
[===                                     ]: 2508 (Loss: 0.3707)
[===                                     ]: 2509 (Loss: 0.4461)
[====                                    ]: 2510 (Loss: 0.4811)
[====                                    ]: 2511 (Loss: 0.5321)
[====                                    ]: 2512 (Loss: 0.4318)
[=====                                   ]: 2513 (Loss: 0.4377)
[=====                                   ]: 2514 (Loss: 0.4780)
[======                                  ]: 2515 (Loss: 0.4133)
[======                                  ]: 2516 (Loss: 0.4717)
[======                                  ]: 2517 (Loss: 0.4110)
[=======                                 ]: 2518 (Loss: 0.5179)
[=======                                 ]: 2519 (Loss: 0.4058)
[========                                ]: 2520 (Loss: 0.4909)
[========                                ]: 2521 (Loss: 0.4129)
[========                                ]: 2522 (Loss: 0.3531)
[=========                               ]: 2523 (Loss: 0.4436)
[=========                               ]: 2524 (Loss: 0.4861)
[==========                              ]: 2525 (Loss: 0.4177)
[==========                              ]: 2526 (Loss: 0.3521)
[==========                              ]: 2527 (Loss: 0.6393)
[===========                             ]: 2528 (Loss: 0.3602)
[===========                             ]: 2529 (Loss: 0.5590)
[============                            ]: 2530 (Loss: 0.4683)
[============                            ]: 2531 (Loss: 0.5284)
[============                            ]: 2532 (Loss: 0.4077)
[=============                           ]: 2533 (Loss: 0.4003)
[=============                           ]: 2534 (Loss: 0.4304)
[==============                          ]: 2535 (Loss: 0.4066)
[==============                          ]: 2536 (Loss: 0.4175)
[==============                          ]: 2537 (Loss: 0.4066)
[===============                         ]: 2538 (Loss: 0.3973)
[===============                         ]: 2539 (Loss: 0.5106)
[================                        ]: 2540 (Loss: 0.5242)
[================                        ]: 2541 (Loss: 0.3979)
[================                        ]: 2542 (Loss: 0.5649)
[=================                       ]: 2543 (Loss: 0.4885)
[=================                       ]: 2544 (Loss: 0.4939)
[==================                      ]: 2545 (Loss: 0.4920)
[==================                      ]: 2546 (Loss: 0.4055)
[==================                      ]: 2547 (Loss: 0.4471)
[===================                     ]: 2548 (Loss: 0.4606)
[===================                     ]: 2549 (Loss: 0.4312)
[====================                    ]: 2550 (Loss: 0.5675)
[====================                    ]: 2551 (Loss: 0.5759)
[====================                    ]: 2552 (Loss: 0.3969)
[=====================                   ]: 2553 (Loss: 0.3990)
[=====================                   ]: 2554 (Loss: 0.5726)
[======================                  ]: 2555 (Loss: 0.4072)
[======================                  ]: 2556 (Loss: 0.3963)
[======================                  ]: 2557 (Loss: 0.4891)
[=======================                 ]: 2558 (Loss: 0.5354)
[=======================                 ]: 2559 (Loss: 0.3854)
[========================                ]: 2560 (Loss: 0.4044)
[========================                ]: 2561 (Loss: 0.4267)
[========================                ]: 2562 (Loss: 0.4508)
[=========================               ]: 2563 (Loss: 0.4192)
[=========================               ]: 2564 (Loss: 0.3711)
[==========================              ]: 2565 (Loss: 0.4162)
[==========================              ]: 2566 (Loss: 0.4933)
[==========================              ]: 2567 (Loss: 0.3709)
[===========================             ]: 2568 (Loss: 0.4899)
[===========================             ]: 2569 (Loss: 0.3427)
[============================            ]: 2570 (Loss: 0.4181)
[============================            ]: 2571 (Loss: 0.4281)
[============================            ]: 2572 (Loss: 0.3737)
[=============================           ]: 2573 (Loss: 0.4901)
[=============================           ]: 2574 (Loss: 0.6329)
[==============================          ]: 2575 (Loss: 0.4817)
[==============================          ]: 2576 (Loss: 0.5895)
[==============================          ]: 2577 (Loss: 0.5017)
[===============================         ]: 2578 (Loss: 0.5375)
[===============================         ]: 2579 (Loss: 0.4101)
[================================        ]: 2580 (Loss: 0.4695)
[================================        ]: 2581 (Loss: 0.4764)
[================================        ]: 2582 (Loss: 0.6070)
[=================================       ]: 2583 (Loss: 0.5519)
[=================================       ]: 2584 (Loss: 0.4212)
[==================================      ]: 2585 (Loss: 0.4347)
[==================================      ]: 2586 (Loss: 0.4740)
[==================================      ]: 2587 (Loss: 0.4254)
[===================================     ]: 2588 (Loss: 0.4941)
[===================================     ]: 2589 (Loss: 0.4125)
[====================================    ]: 2590 (Loss: 0.4451)
[====================================    ]: 2591 (Loss: 0.5462)
[====================================    ]: 2592 (Loss: 0.4853)
[=====================================   ]: 2593 (Loss: 0.3819)
[=====================================   ]: 2594 (Loss: 0.3450)
[======================================  ]: 2595 (Loss: 0.5228)
[======================================  ]: 2596 (Loss: 0.3956)
[======================================  ]: 2597 (Loss: 0.3683)
[======================================= ]: 2598 (Loss: 0.4254)
[======================================= ]: 2599 (Loss: 0.4888)
[========================================]: 2600 (Loss: 0.4543)
                                                                                                    
[2026-07-16 21:46:34,158] [INFO] [__main__] Batch 2600 Loss: 0.458348 Cost: 9.23 Time: 97 ms/sequence
[2026-07-16 21:46:34,159] [INFO] [__main__] Advice weight norm: 19.068676 | Advice gradient norm: 0.000000

[                                        ]: 2601 (Loss: 0.4259)
[                                        ]: 2602 (Loss: 0.4336)
[=                                       ]: 2603 (Loss: 0.5512)
[=                                       ]: 2604 (Loss: 0.5206)
[==                                      ]: 2605 (Loss: 0.5176)
[==                                      ]: 2606 (Loss: 0.5482)
[==                                      ]: 2607 (Loss: 0.4930)
[===                                     ]: 2608 (Loss: 0.4840)
[===                                     ]: 2609 (Loss: 0.5060)
[====                                    ]: 2610 (Loss: 0.3670)
[====                                    ]: 2611 (Loss: 0.5803)
[====                                    ]: 2612 (Loss: 0.4771)
[=====                                   ]: 2613 (Loss: 0.5324)
[=====                                   ]: 2614 (Loss: 0.4540)
[======                                  ]: 2615 (Loss: 0.2818)
[======                                  ]: 2616 (Loss: 0.4336)
[======                                  ]: 2617 (Loss: 0.4922)
[=======                                 ]: 2618 (Loss: 0.4692)
[=======                                 ]: 2619 (Loss: 0.4481)
[========                                ]: 2620 (Loss: 0.4143)
[========                                ]: 2621 (Loss: 0.5728)
[========                                ]: 2622 (Loss: 0.4200)
[=========                               ]: 2623 (Loss: 0.5034)
[=========                               ]: 2624 (Loss: 0.4552)
[==========                              ]: 2625 (Loss: 0.4477)
[==========                              ]: 2626 (Loss: 0.4816)
[==========                              ]: 2627 (Loss: 0.4444)
[===========                             ]: 2628 (Loss: 0.3826)
[===========                             ]: 2629 (Loss: 0.4230)
[============                            ]: 2630 (Loss: 0.4768)
[============                            ]: 2631 (Loss: 0.4181)
[============                            ]: 2632 (Loss: 0.5013)
[=============                           ]: 2633 (Loss: 0.3947)
[=============                           ]: 2634 (Loss: 0.4202)
[==============                          ]: 2635 (Loss: 0.4957)
[==============                          ]: 2636 (Loss: 0.5377)
[==============                          ]: 2637 (Loss: 0.5154)
[===============                         ]: 2638 (Loss: 0.3852)
[===============                         ]: 2639 (Loss: 0.4354)
[================                        ]: 2640 (Loss: 0.5958)
[================                        ]: 2641 (Loss: 0.4891)
[================                        ]: 2642 (Loss: 0.4064)
[=================                       ]: 2643 (Loss: 0.4493)
[=================                       ]: 2644 (Loss: 0.4492)
[==================                      ]: 2645 (Loss: 0.4570)
[==================                      ]: 2646 (Loss: 0.3370)
[==================                      ]: 2647 (Loss: 0.3310)
[===================                     ]: 2648 (Loss: 0.5275)
[===================                     ]: 2649 (Loss: 0.4010)
[====================                    ]: 2650 (Loss: 0.5111)
[====================                    ]: 2651 (Loss: 0.4265)
[====================                    ]: 2652 (Loss: 0.3919)
[=====================                   ]: 2653 (Loss: 0.3060)
[=====================                   ]: 2654 (Loss: 0.3618)
[======================                  ]: 2655 (Loss: 0.4329)
[======================                  ]: 2656 (Loss: 0.5049)
[======================                  ]: 2657 (Loss: 0.5110)
[=======================                 ]: 2658 (Loss: 0.5203)
[=======================                 ]: 2659 (Loss: 0.3687)
[========================                ]: 2660 (Loss: 0.4638)
[========================                ]: 2661 (Loss: 0.5382)
[========================                ]: 2662 (Loss: 0.3943)
[=========================               ]: 2663 (Loss: 0.4150)
[=========================               ]: 2664 (Loss: 0.5616)
[==========================              ]: 2665 (Loss: 0.4996)
[==========================              ]: 2666 (Loss: 0.4547)
[==========================              ]: 2667 (Loss: 0.4934)
[===========================             ]: 2668 (Loss: 0.3945)
[===========================             ]: 2669 (Loss: 0.4013)
[============================            ]: 2670 (Loss: 0.4240)
[============================            ]: 2671 (Loss: 0.4646)
[============================            ]: 2672 (Loss: 0.2811)
[=============================           ]: 2673 (Loss: 0.4383)
[=============================           ]: 2674 (Loss: 0.4375)
[==============================          ]: 2675 (Loss: 0.3821)
[==============================          ]: 2676 (Loss: 0.3741)
[==============================          ]: 2677 (Loss: 0.5181)
[===============================         ]: 2678 (Loss: 0.4627)
[===============================         ]: 2679 (Loss: 0.3900)
[================================        ]: 2680 (Loss: 0.3165)
[================================        ]: 2681 (Loss: 0.4868)
[================================        ]: 2682 (Loss: 0.3918)
[=================================       ]: 2683 (Loss: 0.4967)
[=================================       ]: 2684 (Loss: 0.3987)
[==================================      ]: 2685 (Loss: 0.4668)
[==================================      ]: 2686 (Loss: 0.4964)
[==================================      ]: 2687 (Loss: 0.4994)
[===================================     ]: 2688 (Loss: 0.5421)
[===================================     ]: 2689 (Loss: 0.4841)
[====================================    ]: 2690 (Loss: 0.4788)
[====================================    ]: 2691 (Loss: 0.4777)
[====================================    ]: 2692 (Loss: 0.4533)
[=====================================   ]: 2693 (Loss: 0.4397)
[=====================================   ]: 2694 (Loss: 0.4552)
[======================================  ]: 2695 (Loss: 0.4186)
[======================================  ]: 2696 (Loss: 0.3822)
[======================================  ]: 2697 (Loss: 0.4505)
[======================================= ]: 2698 (Loss: 0.4138)
[======================================= ]: 2699 (Loss: 0.4669)
[========================================]: 2700 (Loss: 0.4246)
                                                                                                    
[2026-07-16 21:46:41,813] [INFO] [__main__] Batch 2700 Loss: 0.451489 Cost: 9.11 Time: 76 ms/sequence
[2026-07-16 21:46:41,813] [INFO] [__main__] Advice weight norm: 19.068676 | Advice gradient norm: 0.000000

[                                        ]: 2701 (Loss: 0.5020)
[                                        ]: 2702 (Loss: 0.4242)
[=                                       ]: 2703 (Loss: 0.3937)
[=                                       ]: 2704 (Loss: 0.4392)
[==                                      ]: 2705 (Loss: 0.4250)
[==                                      ]: 2706 (Loss: 0.5367)
[==                                      ]: 2707 (Loss: 0.3743)
[===                                     ]: 2708 (Loss: 0.4974)
[===                                     ]: 2709 (Loss: 0.3282)
[====                                    ]: 2710 (Loss: 0.3410)
[====                                    ]: 2711 (Loss: 0.5487)
[====                                    ]: 2712 (Loss: 0.5165)
[=====                                   ]: 2713 (Loss: 0.4918)
[=====                                   ]: 2714 (Loss: 0.4772)
[======                                  ]: 2715 (Loss: 0.4563)
[======                                  ]: 2716 (Loss: 0.4062)
[======                                  ]: 2717 (Loss: 0.3867)
[=======                                 ]: 2718 (Loss: 0.5181)
[=======                                 ]: 2719 (Loss: 0.5224)
[========                                ]: 2720 (Loss: 0.5354)
[========                                ]: 2721 (Loss: 0.3613)
[========                                ]: 2722 (Loss: 0.3958)
[=========                               ]: 2723 (Loss: 0.4418)
[=========                               ]: 2724 (Loss: 0.3770)
[==========                              ]: 2725 (Loss: 0.4263)
[==========                              ]: 2726 (Loss: 0.4758)
[==========                              ]: 2727 (Loss: 0.5235)
[===========                             ]: 2728 (Loss: 0.3766)
[===========                             ]: 2729 (Loss: 0.2702)
[============                            ]: 2730 (Loss: 0.5312)
[============                            ]: 2731 (Loss: 0.4378)
[============                            ]: 2732 (Loss: 0.4442)
[=============                           ]: 2733 (Loss: 0.4481)
[=============                           ]: 2734 (Loss: 0.4470)
[==============                          ]: 2735 (Loss: 0.4151)
[==============                          ]: 2736 (Loss: 0.4473)
[==============                          ]: 2737 (Loss: 0.3160)
[===============                         ]: 2738 (Loss: 0.4943)
[===============                         ]: 2739 (Loss: 0.3231)
[================                        ]: 2740 (Loss: 0.5916)
[================                        ]: 2741 (Loss: 0.4017)
[================                        ]: 2742 (Loss: 0.3665)
[=================                       ]: 2743 (Loss: 0.4545)
[=================                       ]: 2744 (Loss: 0.5628)
[==================                      ]: 2745 (Loss: 0.4417)
[==================                      ]: 2746 (Loss: 0.3789)
[==================                      ]: 2747 (Loss: 0.4351)
[===================                     ]: 2748 (Loss: 0.3651)
[===================                     ]: 2749 (Loss: 0.4239)
[====================                    ]: 2750 (Loss: 0.3610)
[====================                    ]: 2751 (Loss: 0.3232)
[====================                    ]: 2752 (Loss: 0.4429)
[=====================                   ]: 2753 (Loss: 0.4240)
[=====================                   ]: 2754 (Loss: 0.3736)
[======================                  ]: 2755 (Loss: 0.4296)
[======================                  ]: 2756 (Loss: 0.3845)
[======================                  ]: 2757 (Loss: 0.4455)
[=======================                 ]: 2758 (Loss: 0.3805)
[=======================                 ]: 2759 (Loss: 0.4569)
[========================                ]: 2760 (Loss: 0.4124)
[========================                ]: 2761 (Loss: 0.4632)
[========================                ]: 2762 (Loss: 0.3421)
[=========================               ]: 2763 (Loss: 0.4023)
[=========================               ]: 2764 (Loss: 0.4209)
[==========================              ]: 2765 (Loss: 0.3580)
[==========================              ]: 2766 (Loss: 0.3191)
[==========================              ]: 2767 (Loss: 0.3790)
[===========================             ]: 2768 (Loss: 0.5411)
[===========================             ]: 2769 (Loss: 0.5228)
[============================            ]: 2770 (Loss: 0.4406)
[============================            ]: 2771 (Loss: 0.3997)
[============================            ]: 2772 (Loss: 0.3829)
[=============================           ]: 2773 (Loss: 0.4139)
[=============================           ]: 2774 (Loss: 0.4514)
[==============================          ]: 2775 (Loss: 0.2633)
[==============================          ]: 2776 (Loss: 0.5052)
[==============================          ]: 2777 (Loss: 0.5036)
[===============================         ]: 2778 (Loss: 0.5183)
[===============================         ]: 2779 (Loss: 0.2785)
[================================        ]: 2780 (Loss: 0.4304)
[================================        ]: 2781 (Loss: 0.3332)
[================================        ]: 2782 (Loss: 0.5739)
[=================================       ]: 2783 (Loss: 0.3955)
[=================================       ]: 2784 (Loss: 0.5195)
[==================================      ]: 2785 (Loss: 0.5219)
[==================================      ]: 2786 (Loss: 0.5025)
[==================================      ]: 2787 (Loss: 0.3869)
[===================================     ]: 2788 (Loss: 0.4771)
[===================================     ]: 2789 (Loss: 0.3885)
[====================================    ]: 2790 (Loss: 0.4204)
[====================================    ]: 2791 (Loss: 0.5503)
[====================================    ]: 2792 (Loss: 0.6385)
[=====================================   ]: 2793 (Loss: 0.4440)
[=====================================   ]: 2794 (Loss: 0.4772)
[======================================  ]: 2795 (Loss: 0.4531)
[======================================  ]: 2796 (Loss: 0.3826)
[======================================  ]: 2797 (Loss: 0.4502)
[======================================= ]: 2798 (Loss: 0.3291)
[======================================= ]: 2799 (Loss: 0.4825)
[========================================]: 2800 (Loss: 0.4504)
                                                                                                    
[2026-07-16 21:46:49,879] [INFO] [__main__] Batch 2800 Loss: 0.434425 Cost: 8.59 Time: 80 ms/sequence
[2026-07-16 21:46:49,879] [INFO] [__main__] Advice weight norm: 19.068676 | Advice gradient norm: 0.000000

[                                        ]: 2801 (Loss: 0.4352)
[                                        ]: 2802 (Loss: 0.3404)
[=                                       ]: 2803 (Loss: 0.3606)
[=                                       ]: 2804 (Loss: 0.4000)
[==                                      ]: 2805 (Loss: 0.4720)
[==                                      ]: 2806 (Loss: 0.3405)
[==                                      ]: 2807 (Loss: 0.4648)
[===                                     ]: 2808 (Loss: 0.4486)
[===                                     ]: 2809 (Loss: 0.5221)
[====                                    ]: 2810 (Loss: 0.3743)
[====                                    ]: 2811 (Loss: 0.4828)
[====                                    ]: 2812 (Loss: 0.4239)
[=====                                   ]: 2813 (Loss: 0.4711)
[=====                                   ]: 2814 (Loss: 0.4637)
[======                                  ]: 2815 (Loss: 0.4252)
[======                                  ]: 2816 (Loss: 0.4073)
[======                                  ]: 2817 (Loss: 0.4487)
[=======                                 ]: 2818 (Loss: 0.4118)
[=======                                 ]: 2819 (Loss: 0.2973)
[========                                ]: 2820 (Loss: 0.4589)
[========                                ]: 2821 (Loss: 0.5123)
[========                                ]: 2822 (Loss: 0.4089)
[=========                               ]: 2823 (Loss: 0.3549)
[=========                               ]: 2824 (Loss: 0.4871)
[==========                              ]: 2825 (Loss: 0.4163)
[==========                              ]: 2826 (Loss: 0.5200)
[==========                              ]: 2827 (Loss: 0.4160)
[===========                             ]: 2828 (Loss: 0.3970)
[===========                             ]: 2829 (Loss: 0.3509)
[============                            ]: 2830 (Loss: 0.4680)
[============                            ]: 2831 (Loss: 0.5566)
[============                            ]: 2832 (Loss: 0.4750)
[=============                           ]: 2833 (Loss: 0.4821)
[=============                           ]: 2834 (Loss: 0.4450)
[==============                          ]: 2835 (Loss: 0.5722)
[==============                          ]: 2836 (Loss: 0.3891)
[==============                          ]: 2837 (Loss: 0.5765)
[===============                         ]: 2838 (Loss: 0.4636)
[===============                         ]: 2839 (Loss: 0.4567)
[================                        ]: 2840 (Loss: 0.3314)
[================                        ]: 2841 (Loss: 0.3675)
[================                        ]: 2842 (Loss: 0.3581)
[=================                       ]: 2843 (Loss: 0.4353)
[=================                       ]: 2844 (Loss: 0.5054)
[==================                      ]: 2845 (Loss: 0.3976)
[==================                      ]: 2846 (Loss: 0.4503)
[==================                      ]: 2847 (Loss: 0.5403)
[===================                     ]: 2848 (Loss: 0.3562)
[===================                     ]: 2849 (Loss: 0.4349)
[====================                    ]: 2850 (Loss: 0.3846)
[====================                    ]: 2851 (Loss: 0.4925)
[====================                    ]: 2852 (Loss: 0.4177)
[=====================                   ]: 2853 (Loss: 0.4367)
[=====================                   ]: 2854 (Loss: 0.4485)
[======================                  ]: 2855 (Loss: 0.4175)
[======================                  ]: 2856 (Loss: 0.4882)
[======================                  ]: 2857 (Loss: 0.3722)
[=======================                 ]: 2858 (Loss: 0.3370)
[=======================                 ]: 2859 (Loss: 0.5355)
[========================                ]: 2860 (Loss: 0.4634)
[========================                ]: 2861 (Loss: 0.3657)
[========================                ]: 2862 (Loss: 0.4267)
[=========================               ]: 2863 (Loss: 0.5549)
[=========================               ]: 2864 (Loss: 0.4727)
[==========================              ]: 2865 (Loss: 0.3726)
[==========================              ]: 2866 (Loss: 0.3988)
[==========================              ]: 2867 (Loss: 0.5779)
[===========================             ]: 2868 (Loss: 0.3503)
[===========================             ]: 2869 (Loss: 0.5917)
[============================            ]: 2870 (Loss: 0.4685)
[============================            ]: 2871 (Loss: 0.4539)
[============================            ]: 2872 (Loss: 0.4023)
[=============================           ]: 2873 (Loss: 0.5593)
[=============================           ]: 2874 (Loss: 0.2988)
[==============================          ]: 2875 (Loss: 0.2721)
[==============================          ]: 2876 (Loss: 0.5002)
[==============================          ]: 2877 (Loss: 0.4726)
[===============================         ]: 2878 (Loss: 0.3641)
[===============================         ]: 2879 (Loss: 0.4394)
[================================        ]: 2880 (Loss: 0.3949)
[================================        ]: 2881 (Loss: 0.3792)
[================================        ]: 2882 (Loss: 0.5538)
[=================================       ]: 2883 (Loss: 0.4981)
[=================================       ]: 2884 (Loss: 0.2790)
[==================================      ]: 2885 (Loss: 0.6254)
[==================================      ]: 2886 (Loss: 0.4647)
[==================================      ]: 2887 (Loss: 0.5204)
[===================================     ]: 2888 (Loss: 0.4128)
[===================================     ]: 2889 (Loss: 0.4161)
[====================================    ]: 2890 (Loss: 0.3771)
[====================================    ]: 2891 (Loss: 0.5622)
[====================================    ]: 2892 (Loss: 0.4181)
[=====================================   ]: 2893 (Loss: 0.4375)
[=====================================   ]: 2894 (Loss: 0.3379)
[======================================  ]: 2895 (Loss: 0.5012)
[======================================  ]: 2896 (Loss: 0.6217)
[======================================  ]: 2897 (Loss: 0.3604)
[======================================= ]: 2898 (Loss: 0.3589)
[======================================= ]: 2899 (Loss: 0.4555)
[========================================]: 2900 (Loss: 0.3839)
                                                                                                    
[2026-07-16 21:46:57,652] [INFO] [__main__] Batch 2900 Loss: 0.438698 Cost: 8.82 Time: 77 ms/sequence
[2026-07-16 21:46:57,652] [INFO] [__main__] Advice weight norm: 19.068676 | Advice gradient norm: 0.000000

[                                        ]: 2901 (Loss: 0.5874)
[                                        ]: 2902 (Loss: 0.5104)
[=                                       ]: 2903 (Loss: 0.4485)
[=                                       ]: 2904 (Loss: 0.4872)
[==                                      ]: 2905 (Loss: 0.4093)
[==                                      ]: 2906 (Loss: 0.4275)
[==                                      ]: 2907 (Loss: 0.4348)
[===                                     ]: 2908 (Loss: 0.4925)
[===                                     ]: 2909 (Loss: 0.4737)
[====                                    ]: 2910 (Loss: 0.4583)
[====                                    ]: 2911 (Loss: 0.4246)
[====                                    ]: 2912 (Loss: 0.3765)
[=====                                   ]: 2913 (Loss: 0.4667)
[=====                                   ]: 2914 (Loss: 0.4992)
[======                                  ]: 2915 (Loss: 0.4145)
[======                                  ]: 2916 (Loss: 0.6290)
[======                                  ]: 2917 (Loss: 0.4282)
[=======                                 ]: 2918 (Loss: 0.4711)
[=======                                 ]: 2919 (Loss: 0.3838)
[========                                ]: 2920 (Loss: 0.5082)
[========                                ]: 2921 (Loss: 0.4133)
[========                                ]: 2922 (Loss: 0.4450)
[=========                               ]: 2923 (Loss: 0.5871)
[=========                               ]: 2924 (Loss: 0.4269)
[==========                              ]: 2925 (Loss: 0.4437)
[==========                              ]: 2926 (Loss: 0.3269)
[==========                              ]: 2927 (Loss: 0.3853)
[===========                             ]: 2928 (Loss: 0.4351)
[===========                             ]: 2929 (Loss: 0.4345)
[============                            ]: 2930 (Loss: 0.3574)
[============                            ]: 2931 (Loss: 0.4428)
[============                            ]: 2932 (Loss: 0.3631)
[=============                           ]: 2933 (Loss: 0.4802)
[=============                           ]: 2934 (Loss: 0.4821)
[==============                          ]: 2935 (Loss: 0.4729)
[==============                          ]: 2936 (Loss: 0.4161)
[==============                          ]: 2937 (Loss: 0.4072)
[===============                         ]: 2938 (Loss: 0.5520)
[===============                         ]: 2939 (Loss: 0.4343)
[================                        ]: 2940 (Loss: 0.3983)
[================                        ]: 2941 (Loss: 0.4286)
[================                        ]: 2942 (Loss: 0.3948)
[=================                       ]: 2943 (Loss: 0.3989)
[=================                       ]: 2944 (Loss: 0.5299)
[==================                      ]: 2945 (Loss: 0.3716)
[==================                      ]: 2946 (Loss: 0.3046)
[==================                      ]: 2947 (Loss: 0.3777)
[===================                     ]: 2948 (Loss: 0.3872)
[===================                     ]: 2949 (Loss: 0.3241)
[====================                    ]: 2950 (Loss: 0.4351)
[====================                    ]: 2951 (Loss: 0.2827)
[====================                    ]: 2952 (Loss: 0.4524)
[=====================                   ]: 2953 (Loss: 0.4866)
[=====================                   ]: 2954 (Loss: 0.4870)
[======================                  ]: 2955 (Loss: 0.4575)
[======================                  ]: 2956 (Loss: 0.4087)
[======================                  ]: 2957 (Loss: 0.4993)
[=======================                 ]: 2958 (Loss: 0.3657)
[=======================                 ]: 2959 (Loss: 0.3966)
[========================                ]: 2960 (Loss: 0.5645)
[========================                ]: 2961 (Loss: 0.4336)
[========================                ]: 2962 (Loss: 0.4037)
[=========================               ]: 2963 (Loss: 0.3562)
[=========================               ]: 2964 (Loss: 0.3353)
[==========================              ]: 2965 (Loss: 0.3086)
[==========================              ]: 2966 (Loss: 0.5493)
[==========================              ]: 2967 (Loss: 0.4955)
[===========================             ]: 2968 (Loss: 0.4826)
[===========================             ]: 2969 (Loss: 0.4106)
[============================            ]: 2970 (Loss: 0.3921)
[============================            ]: 2971 (Loss: 0.4638)
[============================            ]: 2972 (Loss: 0.3523)
[=============================           ]: 2973 (Loss: 0.3711)
[=============================           ]: 2974 (Loss: 0.4253)
[==============================          ]: 2975 (Loss: 0.4055)
[==============================          ]: 2976 (Loss: 0.4815)
[==============================          ]: 2977 (Loss: 0.4966)
[===============================         ]: 2978 (Loss: 0.6761)
[===============================         ]: 2979 (Loss: 0.4008)
[================================        ]: 2980 (Loss: 0.3504)
[================================        ]: 2981 (Loss: 0.4218)
[================================        ]: 2982 (Loss: 0.5609)
[=================================       ]: 2983 (Loss: 0.2927)
[=================================       ]: 2984 (Loss: 0.4131)
[==================================      ]: 2985 (Loss: 0.4775)
[==================================      ]: 2986 (Loss: 0.4512)
[==================================      ]: 2987 (Loss: 0.4993)
[===================================     ]: 2988 (Loss: 0.5526)
[===================================     ]: 2989 (Loss: 0.3948)
[====================================    ]: 2990 (Loss: 0.5476)
[====================================    ]: 2991 (Loss: 0.4636)
[====================================    ]: 2992 (Loss: 0.4038)
[=====================================   ]: 2993 (Loss: 0.3448)
[=====================================   ]: 2994 (Loss: 0.5258)
[======================================  ]: 2995 (Loss: 0.4368)
[======================================  ]: 2996 (Loss: 0.3910)
[======================================  ]: 2997 (Loss: 0.3147)
[======================================= ]: 2998 (Loss: 0.4060)
[======================================= ]: 2999 (Loss: 0.4115)
[========================================]: 3000 (Loss: 0.3117)
                                                                                                    
[2026-07-16 21:47:05,364] [INFO] [__main__] Batch 3000 Loss: 0.436008 Cost: 8.57 Time: 77 ms/sequence
[2026-07-16 21:47:05,364] [INFO] [__main__] Advice weight norm: 19.068676 | Advice gradient norm: 0.000000

                                                                                                    
[2026-07-16 21:47:05,365] [INFO] [__main__] Saving checkpoint to 'runs\copy_sanity_len5\copy\zero\seed_1001\checkpoint-batch-00003000.pt'

[                                        ]: 3001 (Loss: 0.3612)
[                                        ]: 3002 (Loss: 0.3741)
[=                                       ]: 3003 (Loss: 0.4863)
[=                                       ]: 3004 (Loss: 0.4796)
[==                                      ]: 3005 (Loss: 0.3289)
[==                                      ]: 3006 (Loss: 0.3361)
[==                                      ]: 3007 (Loss: 0.4453)
[===                                     ]: 3008 (Loss: 0.4951)
[===                                     ]: 3009 (Loss: 0.4590)
[====                                    ]: 3010 (Loss: 0.4878)
[====                                    ]: 3011 (Loss: 0.5161)
[====                                    ]: 3012 (Loss: 0.4497)
[=====                                   ]: 3013 (Loss: 0.5017)
[=====                                   ]: 3014 (Loss: 0.4060)
[======                                  ]: 3015 (Loss: 0.3785)
[======                                  ]: 3016 (Loss: 0.4147)
[======                                  ]: 3017 (Loss: 0.4716)
[=======                                 ]: 3018 (Loss: 0.5477)
[=======                                 ]: 3019 (Loss: 0.4737)
[========                                ]: 3020 (Loss: 0.4625)
[========                                ]: 3021 (Loss: 0.4750)
[========                                ]: 3022 (Loss: 0.4199)
[=========                               ]: 3023 (Loss: 0.4777)
[=========                               ]: 3024 (Loss: 0.4056)
[==========                              ]: 3025 (Loss: 0.5304)
[==========                              ]: 3026 (Loss: 0.4627)
[==========                              ]: 3027 (Loss: 0.3852)
[===========                             ]: 3028 (Loss: 0.5771)
[===========                             ]: 3029 (Loss: 0.4875)
[============                            ]: 3030 (Loss: 0.3098)
[============                            ]: 3031 (Loss: 0.3650)
[============                            ]: 3032 (Loss: 0.5177)
[=============                           ]: 3033 (Loss: 0.5147)
[=============                           ]: 3034 (Loss: 0.3766)
[==============                          ]: 3035 (Loss: 0.4395)
[==============                          ]: 3036 (Loss: 0.3870)
[==============                          ]: 3037 (Loss: 0.4608)
[===============                         ]: 3038 (Loss: 0.5039)
[===============                         ]: 3039 (Loss: 0.3372)
[================                        ]: 3040 (Loss: 0.4352)
[================                        ]: 3041 (Loss: 0.3448)
[================                        ]: 3042 (Loss: 0.4305)
[=================                       ]: 3043 (Loss: 0.4592)
[=================                       ]: 3044 (Loss: 0.3946)
[==================                      ]: 3045 (Loss: 0.5223)
[==================                      ]: 3046 (Loss: 0.4538)
[==================                      ]: 3047 (Loss: 0.4480)
[===================                     ]: 3048 (Loss: 0.3821)
[===================                     ]: 3049 (Loss: 0.3666)
[====================                    ]: 3050 (Loss: 0.3604)
[====================                    ]: 3051 (Loss: 0.4931)
[====================                    ]: 3052 (Loss: 0.3716)
[=====================                   ]: 3053 (Loss: 0.4389)
[=====================                   ]: 3054 (Loss: 0.4380)
[======================                  ]: 3055 (Loss: 0.3790)
[======================                  ]: 3056 (Loss: 0.3782)
[======================                  ]: 3057 (Loss: 0.3126)
[=======================                 ]: 3058 (Loss: 0.4093)
[=======================                 ]: 3059 (Loss: 0.3592)
[========================                ]: 3060 (Loss: 0.4712)
[========================                ]: 3061 (Loss: 0.3912)
[========================                ]: 3062 (Loss: 0.3740)
[=========================               ]: 3063 (Loss: 0.4597)
[=========================               ]: 3064 (Loss: 0.5324)
[==========================              ]: 3065 (Loss: 0.4947)
[==========================              ]: 3066 (Loss: 0.3929)
[==========================              ]: 3067 (Loss: 0.4732)
[===========================             ]: 3068 (Loss: 0.3575)
[===========================             ]: 3069 (Loss: 0.5297)
[============================            ]: 3070 (Loss: 0.4122)
[============================            ]: 3071 (Loss: 0.4618)
[============================            ]: 3072 (Loss: 0.3815)
[=============================           ]: 3073 (Loss: 0.4578)
[=============================           ]: 3074 (Loss: 0.3820)
[==============================          ]: 3075 (Loss: 0.3406)
[==============================          ]: 3076 (Loss: 0.4193)
[==============================          ]: 3077 (Loss: 0.4720)
[===============================         ]: 3078 (Loss: 0.3462)
[===============================         ]: 3079 (Loss: 0.4711)
[================================        ]: 3080 (Loss: 0.3607)
[================================        ]: 3081 (Loss: 0.4601)
[================================        ]: 3082 (Loss: 0.4120)
[=================================       ]: 3083 (Loss: 0.4033)
[=================================       ]: 3084 (Loss: 0.4537)
[==================================      ]: 3085 (Loss: 0.4507)
[==================================      ]: 3086 (Loss: 0.5315)
[==================================      ]: 3087 (Loss: 0.3474)
[===================================     ]: 3088 (Loss: 0.3995)
[===================================     ]: 3089 (Loss: 0.3645)
[====================================    ]: 3090 (Loss: 0.3672)
[====================================    ]: 3091 (Loss: 0.4712)
[====================================    ]: 3092 (Loss: 0.4712)
[=====================================   ]: 3093 (Loss: 0.3647)
[=====================================   ]: 3094 (Loss: 0.3721)
[======================================  ]: 3095 (Loss: 0.5597)
[======================================  ]: 3096 (Loss: 0.3326)
[======================================  ]: 3097 (Loss: 0.4433)
[======================================= ]: 3098 (Loss: 0.3654)
[======================================= ]: 3099 (Loss: 0.3551)
[========================================]: 3100 (Loss: 0.3786)
                                                                                                    
[2026-07-16 21:47:13,484] [INFO] [__main__] Batch 3100 Loss: 0.427714 Cost: 8.27 Time: 81 ms/sequence
[2026-07-16 21:47:13,484] [INFO] [__main__] Advice weight norm: 19.068676 | Advice gradient norm: 0.000000

[                                        ]: 3101 (Loss: 0.4598)
[                                        ]: 3102 (Loss: 0.3992)
[=                                       ]: 3103 (Loss: 0.4425)
[=                                       ]: 3104 (Loss: 0.4078)
[==                                      ]: 3105 (Loss: 0.4936)
[==                                      ]: 3106 (Loss: 0.4409)
[==                                      ]: 3107 (Loss: 0.4492)
[===                                     ]: 3108 (Loss: 0.4652)
[===                                     ]: 3109 (Loss: 0.4306)
[====                                    ]: 3110 (Loss: 0.5052)
[====                                    ]: 3111 (Loss: 0.3722)
[====                                    ]: 3112 (Loss: 0.5947)
[=====                                   ]: 3113 (Loss: 0.4273)
[=====                                   ]: 3114 (Loss: 0.3608)
[======                                  ]: 3115 (Loss: 0.4423)
[======                                  ]: 3116 (Loss: 0.4676)
[======                                  ]: 3117 (Loss: 0.5069)
[=======                                 ]: 3118 (Loss: 0.4623)
[=======                                 ]: 3119 (Loss: 0.4985)
[========                                ]: 3120 (Loss: 0.3487)
[========                                ]: 3121 (Loss: 0.3908)
[========                                ]: 3122 (Loss: 0.4484)
[=========                               ]: 3123 (Loss: 0.3820)
[=========                               ]: 3124 (Loss: 0.3865)
[==========                              ]: 3125 (Loss: 0.4446)
[==========                              ]: 3126 (Loss: 0.5062)
[==========                              ]: 3127 (Loss: 0.3383)
[===========                             ]: 3128 (Loss: 0.4108)
[===========                             ]: 3129 (Loss: 0.4469)
[============                            ]: 3130 (Loss: 0.5249)
[============                            ]: 3131 (Loss: 0.3818)
[============                            ]: 3132 (Loss: 0.3943)
[=============                           ]: 3133 (Loss: 0.5246)
[=============                           ]: 3134 (Loss: 0.3987)
[==============                          ]: 3135 (Loss: 0.5296)
[==============                          ]: 3136 (Loss: 0.4915)
[==============                          ]: 3137 (Loss: 0.4233)
[===============                         ]: 3138 (Loss: 0.3405)
[===============                         ]: 3139 (Loss: 0.3948)
[================                        ]: 3140 (Loss: 0.5229)
[================                        ]: 3141 (Loss: 0.5309)
[================                        ]: 3142 (Loss: 0.5595)
[=================                       ]: 3143 (Loss: 0.3866)
[=================                       ]: 3144 (Loss: 0.4844)
[==================                      ]: 3145 (Loss: 0.4054)
[==================                      ]: 3146 (Loss: 0.4844)
[==================                      ]: 3147 (Loss: 0.4162)
[===================                     ]: 3148 (Loss: 0.4608)
[===================                     ]: 3149 (Loss: 0.5230)
[====================                    ]: 3150 (Loss: 0.4662)
[====================                    ]: 3151 (Loss: 0.5022)
[====================                    ]: 3152 (Loss: 0.3219)
[=====================                   ]: 3153 (Loss: 0.4663)
[=====================                   ]: 3154 (Loss: 0.5120)
[======================                  ]: 3155 (Loss: 0.4059)
[======================                  ]: 3156 (Loss: 0.4434)
[======================                  ]: 3157 (Loss: 0.4704)
[=======================                 ]: 3158 (Loss: 0.4668)
[=======================                 ]: 3159 (Loss: 0.3908)
[========================                ]: 3160 (Loss: 0.4778)
[========================                ]: 3161 (Loss: 0.4650)
[========================                ]: 3162 (Loss: 0.3806)
[=========================               ]: 3163 (Loss: 0.4488)
[=========================               ]: 3164 (Loss: 0.3817)
[==========================              ]: 3165 (Loss: 0.4489)
[==========================              ]: 3166 (Loss: 0.3641)
[==========================              ]: 3167 (Loss: 0.3453)
[===========================             ]: 3168 (Loss: 0.4259)
[===========================             ]: 3169 (Loss: 0.3973)
[============================            ]: 3170 (Loss: 0.4019)
[============================            ]: 3171 (Loss: 0.3393)
[============================            ]: 3172 (Loss: 0.4004)
[=============================           ]: 3173 (Loss: 0.5460)
[=============================           ]: 3174 (Loss: 0.2677)
[==============================          ]: 3175 (Loss: 0.3230)
[==============================          ]: 3176 (Loss: 0.3429)
[==============================          ]: 3177 (Loss: 0.3048)
[===============================         ]: 3178 (Loss: 0.3559)
[===============================         ]: 3179 (Loss: 0.5051)
[================================        ]: 3180 (Loss: 0.4209)
[================================        ]: 3181 (Loss: 0.4073)
[================================        ]: 3182 (Loss: 0.4944)
[=================================       ]: 3183 (Loss: 0.4506)
[=================================       ]: 3184 (Loss: 0.4635)
[==================================      ]: 3185 (Loss: 0.4940)
[==================================      ]: 3186 (Loss: 0.4892)
[==================================      ]: 3187 (Loss: 0.3911)
[===================================     ]: 3188 (Loss: 0.5076)
[===================================     ]: 3189 (Loss: 0.5536)
[====================================    ]: 3190 (Loss: 0.4342)
[====================================    ]: 3191 (Loss: 0.4035)
[====================================    ]: 3192 (Loss: 0.5067)
[=====================================   ]: 3193 (Loss: 0.3596)
[=====================================   ]: 3194 (Loss: 0.4854)
[======================================  ]: 3195 (Loss: 0.4719)
[======================================  ]: 3196 (Loss: 0.5320)
[======================================  ]: 3197 (Loss: 0.3744)
[======================================= ]: 3198 (Loss: 0.3901)
[======================================= ]: 3199 (Loss: 0.5232)
[========================================]: 3200 (Loss: 0.4431)
                                                                                                    
[2026-07-16 21:47:21,648] [INFO] [__main__] Batch 3200 Loss: 0.438725 Cost: 8.55 Time: 81 ms/sequence
[2026-07-16 21:47:21,648] [INFO] [__main__] Advice weight norm: 19.068676 | Advice gradient norm: 0.000000

[                                        ]: 3201 (Loss: 0.3778)
[                                        ]: 3202 (Loss: 0.3996)
[=                                       ]: 3203 (Loss: 0.3711)
[=                                       ]: 3204 (Loss: 0.4196)
[==                                      ]: 3205 (Loss: 0.3195)
[==                                      ]: 3206 (Loss: 0.4284)
[==                                      ]: 3207 (Loss: 0.4588)
[===                                     ]: 3208 (Loss: 0.4201)
[===                                     ]: 3209 (Loss: 0.4338)
[====                                    ]: 3210 (Loss: 0.3271)
[====                                    ]: 3211 (Loss: 0.4528)
[====                                    ]: 3212 (Loss: 0.4143)
[=====                                   ]: 3213 (Loss: 0.3748)
[=====                                   ]: 3214 (Loss: 0.5533)
[======                                  ]: 3215 (Loss: 0.4767)
[======                                  ]: 3216 (Loss: 0.4850)
[======                                  ]: 3217 (Loss: 0.4814)
[=======                                 ]: 3218 (Loss: 0.3921)
[=======                                 ]: 3219 (Loss: 0.3969)
[========                                ]: 3220 (Loss: 0.3740)
[========                                ]: 3221 (Loss: 0.4734)
[========                                ]: 3222 (Loss: 0.3705)
[=========                               ]: 3223 (Loss: 0.3169)
[=========                               ]: 3224 (Loss: 0.3371)
[==========                              ]: 3225 (Loss: 0.4700)
[==========                              ]: 3226 (Loss: 0.4097)
[==========                              ]: 3227 (Loss: 0.3944)
[===========                             ]: 3228 (Loss: 0.4385)
[===========                             ]: 3229 (Loss: 0.2848)
[============                            ]: 3230 (Loss: 0.4270)
[============                            ]: 3231 (Loss: 0.4244)
[============                            ]: 3232 (Loss: 0.5480)
[=============                           ]: 3233 (Loss: 0.4306)
[=============                           ]: 3234 (Loss: 0.4690)
[==============                          ]: 3235 (Loss: 0.3268)
[==============                          ]: 3236 (Loss: 0.3878)
[==============                          ]: 3237 (Loss: 0.4457)
[===============                         ]: 3238 (Loss: 0.3761)
[===============                         ]: 3239 (Loss: 0.4993)
[================                        ]: 3240 (Loss: 0.4548)
[================                        ]: 3241 (Loss: 0.3659)
[================                        ]: 3242 (Loss: 0.3269)
[=================                       ]: 3243 (Loss: 0.3218)
[=================                       ]: 3244 (Loss: 0.5123)
[==================                      ]: 3245 (Loss: 0.4769)
[==================                      ]: 3246 (Loss: 0.3728)
[==================                      ]: 3247 (Loss: 0.4783)
[===================                     ]: 3248 (Loss: 0.3703)
[===================                     ]: 3249 (Loss: 0.4114)
[====================                    ]: 3250 (Loss: 0.5940)
[====================                    ]: 3251 (Loss: 0.3607)
[====================                    ]: 3252 (Loss: 0.5171)
[=====================                   ]: 3253 (Loss: 0.5329)
[=====================                   ]: 3254 (Loss: 0.4246)
[======================                  ]: 3255 (Loss: 0.3237)
[======================                  ]: 3256 (Loss: 0.5246)
[======================                  ]: 3257 (Loss: 0.4413)
[=======================                 ]: 3258 (Loss: 0.3751)
[=======================                 ]: 3259 (Loss: 0.4495)
[========================                ]: 3260 (Loss: 0.3861)
[========================                ]: 3261 (Loss: 0.4617)
[========================                ]: 3262 (Loss: 0.4507)
[=========================               ]: 3263 (Loss: 0.3976)
[=========================               ]: 3264 (Loss: 0.4627)
[==========================              ]: 3265 (Loss: 0.3487)
[==========================              ]: 3266 (Loss: 0.3539)
[==========================              ]: 3267 (Loss: 0.4525)
[===========================             ]: 3268 (Loss: 0.3264)
[===========================             ]: 3269 (Loss: 0.5925)
[============================            ]: 3270 (Loss: 0.4437)
[============================            ]: 3271 (Loss: 0.4164)
[============================            ]: 3272 (Loss: 0.3362)
[=============================           ]: 3273 (Loss: 0.3913)
[=============================           ]: 3274 (Loss: 0.3499)
[==============================          ]: 3275 (Loss: 0.4228)
[==============================          ]: 3276 (Loss: 0.4547)
[==============================          ]: 3277 (Loss: 0.4569)
[===============================         ]: 3278 (Loss: 0.4198)
[===============================         ]: 3279 (Loss: 0.5061)
[================================        ]: 3280 (Loss: 0.4611)
[================================        ]: 3281 (Loss: 0.4907)
[================================        ]: 3282 (Loss: 0.3903)
[=================================       ]: 3283 (Loss: 0.3823)
[=================================       ]: 3284 (Loss: 0.4134)
[==================================      ]: 3285 (Loss: 0.4121)
[==================================      ]: 3286 (Loss: 0.4663)
[==================================      ]: 3287 (Loss: 0.5456)
[===================================     ]: 3288 (Loss: 0.4079)
[===================================     ]: 3289 (Loss: 0.4415)
[====================================    ]: 3290 (Loss: 0.3383)
[====================================    ]: 3291 (Loss: 0.4990)
[====================================    ]: 3292 (Loss: 0.4232)
[=====================================   ]: 3293 (Loss: 0.4248)
[=====================================   ]: 3294 (Loss: 0.4051)
[======================================  ]: 3295 (Loss: 0.5575)
[======================================  ]: 3296 (Loss: 0.3721)
[======================================  ]: 3297 (Loss: 0.4023)
[======================================= ]: 3298 (Loss: 0.3625)
[======================================= ]: 3299 (Loss: 0.4810)
[========================================]: 3300 (Loss: 0.3126)
                                                                                                    
[2026-07-16 21:47:29,530] [INFO] [__main__] Batch 3300 Loss: 0.422425 Cost: 8.31 Time: 78 ms/sequence
[2026-07-16 21:47:29,531] [INFO] [__main__] Advice weight norm: 19.068676 | Advice gradient norm: 0.000000

[                                        ]: 3301 (Loss: 0.4191)
[                                        ]: 3302 (Loss: 0.4640)
[=                                       ]: 3303 (Loss: 0.5137)
[=                                       ]: 3304 (Loss: 0.4404)
[==                                      ]: 3305 (Loss: 0.6932)
[==                                      ]: 3306 (Loss: 0.4799)
[==                                      ]: 3307 (Loss: 0.3547)
[===                                     ]: 3308 (Loss: 0.5681)
[===                                     ]: 3309 (Loss: 0.4474)
[====                                    ]: 3310 (Loss: 0.4807)
[====                                    ]: 3311 (Loss: 0.3843)
[====                                    ]: 3312 (Loss: 0.4846)
[=====                                   ]: 3313 (Loss: 0.3177)
[=====                                   ]: 3314 (Loss: 0.3999)
[======                                  ]: 3315 (Loss: 0.4772)
[======                                  ]: 3316 (Loss: 0.4072)
[======                                  ]: 3317 (Loss: 0.2930)
[=======                                 ]: 3318 (Loss: 0.4579)
[=======                                 ]: 3319 (Loss: 0.4079)
[========                                ]: 3320 (Loss: 0.3453)
[========                                ]: 3321 (Loss: 0.4529)
[========                                ]: 3322 (Loss: 0.4426)
[=========                               ]: 3323 (Loss: 0.4327)
[=========                               ]: 3324 (Loss: 0.4849)
[==========                              ]: 3325 (Loss: 0.3040)
[==========                              ]: 3326 (Loss: 0.4326)
[==========                              ]: 3327 (Loss: 0.5570)
[===========                             ]: 3328 (Loss: 0.3767)
[===========                             ]: 3329 (Loss: 0.4628)
[============                            ]: 3330 (Loss: 0.4571)
[============                            ]: 3331 (Loss: 0.4933)
[============                            ]: 3332 (Loss: 0.2504)
[=============                           ]: 3333 (Loss: 0.2840)
[=============                           ]: 3334 (Loss: 0.4161)
[==============                          ]: 3335 (Loss: 0.3763)
[==============                          ]: 3336 (Loss: 0.4135)
[==============                          ]: 3337 (Loss: 0.2780)
[===============                         ]: 3338 (Loss: 0.3140)
[===============                         ]: 3339 (Loss: 0.4712)
[================                        ]: 3340 (Loss: 0.3386)
[================                        ]: 3341 (Loss: 0.6617)
[================                        ]: 3342 (Loss: 0.3547)
[=================                       ]: 3343 (Loss: 0.3960)
[=================                       ]: 3344 (Loss: 0.3982)
[==================                      ]: 3345 (Loss: 0.3712)
[==================                      ]: 3346 (Loss: 0.4362)
[==================                      ]: 3347 (Loss: 0.4599)
[===================                     ]: 3348 (Loss: 0.4033)
[===================                     ]: 3349 (Loss: 0.4019)
[====================                    ]: 3350 (Loss: 0.4777)
[====================                    ]: 3351 (Loss: 0.4174)
[====================                    ]: 3352 (Loss: 0.4166)
[=====================                   ]: 3353 (Loss: 0.3804)
[=====================                   ]: 3354 (Loss: 0.4795)
[======================                  ]: 3355 (Loss: 0.4876)
[======================                  ]: 3356 (Loss: 0.3849)
[======================                  ]: 3357 (Loss: 0.4111)
[=======================                 ]: 3358 (Loss: 0.3991)
[=======================                 ]: 3359 (Loss: 0.4279)
[========================                ]: 3360 (Loss: 0.3532)
[========================                ]: 3361 (Loss: 0.4070)
[========================                ]: 3362 (Loss: 0.3722)
[=========================               ]: 3363 (Loss: 0.4129)
[=========================               ]: 3364 (Loss: 0.4438)
[==========================              ]: 3365 (Loss: 0.4438)
[==========================              ]: 3366 (Loss: 0.3153)
[==========================              ]: 3367 (Loss: 0.4704)
[===========================             ]: 3368 (Loss: 0.5011)
[===========================             ]: 3369 (Loss: 0.3903)
[============================            ]: 3370 (Loss: 0.6483)
[============================            ]: 3371 (Loss: 0.4243)
[============================            ]: 3372 (Loss: 0.3281)
[=============================           ]: 3373 (Loss: 0.3976)
[=============================           ]: 3374 (Loss: 0.5835)
[==============================          ]: 3375 (Loss: 0.4210)
[==============================          ]: 3376 (Loss: 0.5222)
[==============================          ]: 3377 (Loss: 0.4347)
[===============================         ]: 3378 (Loss: 0.4101)
[===============================         ]: 3379 (Loss: 0.4579)
[================================        ]: 3380 (Loss: 0.4212)
[================================        ]: 3381 (Loss: 0.4374)
[================================        ]: 3382 (Loss: 0.5042)
[=================================       ]: 3383 (Loss: 0.4789)
[=================================       ]: 3384 (Loss: 0.3994)
[==================================      ]: 3385 (Loss: 0.3402)
[==================================      ]: 3386 (Loss: 0.4696)
[==================================      ]: 3387 (Loss: 0.3614)
[===================================     ]: 3388 (Loss: 0.3554)
[===================================     ]: 3389 (Loss: 0.3520)
[====================================    ]: 3390 (Loss: 0.4025)
[====================================    ]: 3391 (Loss: 0.3076)
[====================================    ]: 3392 (Loss: 0.4585)
[=====================================   ]: 3393 (Loss: 0.4262)
[=====================================   ]: 3394 (Loss: 0.4433)
[======================================  ]: 3395 (Loss: 0.4948)
[======================================  ]: 3396 (Loss: 0.4947)
[======================================  ]: 3397 (Loss: 0.3620)
[======================================= ]: 3398 (Loss: 0.3992)
[======================================= ]: 3399 (Loss: 0.3355)
[========================================]: 3400 (Loss: 0.3772)
                                                                                                    
[2026-07-16 21:47:37,149] [INFO] [__main__] Batch 3400 Loss: 0.423996 Cost: 8.26 Time: 76 ms/sequence
[2026-07-16 21:47:37,149] [INFO] [__main__] Advice weight norm: 19.068676 | Advice gradient norm: 0.000000

[                                        ]: 3401 (Loss: 0.4339)
[                                        ]: 3402 (Loss: 0.4530)
[=                                       ]: 3403 (Loss: 0.4247)
[=                                       ]: 3404 (Loss: 0.2894)
[==                                      ]: 3405 (Loss: 0.4133)
[==                                      ]: 3406 (Loss: 0.4363)
[==                                      ]: 3407 (Loss: 0.4675)
[===                                     ]: 3408 (Loss: 0.5112)
[===                                     ]: 3409 (Loss: 0.3044)
[====                                    ]: 3410 (Loss: 0.3909)
[====                                    ]: 3411 (Loss: 0.4316)
[====                                    ]: 3412 (Loss: 0.4167)
[=====                                   ]: 3413 (Loss: 0.5242)
[=====                                   ]: 3414 (Loss: 0.4444)
[======                                  ]: 3415 (Loss: 0.3522)
[======                                  ]: 3416 (Loss: 0.4437)
[======                                  ]: 3417 (Loss: 0.5294)
[=======                                 ]: 3418 (Loss: 0.4775)
[=======                                 ]: 3419 (Loss: 0.3251)
[========                                ]: 3420 (Loss: 0.3867)
[========                                ]: 3421 (Loss: 0.3300)
[========                                ]: 3422 (Loss: 0.4513)
[=========                               ]: 3423 (Loss: 0.3576)
[=========                               ]: 3424 (Loss: 0.4292)
[==========                              ]: 3425 (Loss: 0.3895)
[==========                              ]: 3426 (Loss: 0.3378)
[==========                              ]: 3427 (Loss: 0.4572)
[===========                             ]: 3428 (Loss: 0.4116)
[===========                             ]: 3429 (Loss: 0.4819)
[============                            ]: 3430 (Loss: 0.4667)
[============                            ]: 3431 (Loss: 0.4475)
[============                            ]: 3432 (Loss: 0.4294)
[=============                           ]: 3433 (Loss: 0.4194)
[=============                           ]: 3434 (Loss: 0.3003)
[==============                          ]: 3435 (Loss: 0.3684)
[==============                          ]: 3436 (Loss: 0.5693)
[==============                          ]: 3437 (Loss: 0.3770)
[===============                         ]: 3438 (Loss: 0.3659)
[===============                         ]: 3439 (Loss: 0.3466)
[================                        ]: 3440 (Loss: 0.3329)
[================                        ]: 3441 (Loss: 0.3227)
[================                        ]: 3442 (Loss: 0.6315)
[=================                       ]: 3443 (Loss: 0.4632)
[=================                       ]: 3444 (Loss: 0.3254)
[==================                      ]: 3445 (Loss: 0.3581)
[==================                      ]: 3446 (Loss: 0.4454)
[==================                      ]: 3447 (Loss: 0.4073)
[===================                     ]: 3448 (Loss: 0.3736)
[===================                     ]: 3449 (Loss: 0.3728)
[====================                    ]: 3450 (Loss: 0.5120)
[====================                    ]: 3451 (Loss: 0.3813)
[====================                    ]: 3452 (Loss: 0.3446)
[=====================                   ]: 3453 (Loss: 0.3531)
[=====================                   ]: 3454 (Loss: 0.5742)
[======================                  ]: 3455 (Loss: 0.3183)
[======================                  ]: 3456 (Loss: 0.3709)
[======================                  ]: 3457 (Loss: 0.4409)
[=======================                 ]: 3458 (Loss: 0.5175)
[=======================                 ]: 3459 (Loss: 0.3780)
[========================                ]: 3460 (Loss: 0.4274)
[========================                ]: 3461 (Loss: 0.2773)
[========================                ]: 3462 (Loss: 0.4160)
[=========================               ]: 3463 (Loss: 0.3280)
[=========================               ]: 3464 (Loss: 0.3254)
[==========================              ]: 3465 (Loss: 0.3735)
[==========================              ]: 3466 (Loss: 0.4443)
[==========================              ]: 3467 (Loss: 0.3693)
[===========================             ]: 3468 (Loss: 0.3367)
[===========================             ]: 3469 (Loss: 0.4575)
[============================            ]: 3470 (Loss: 0.5102)
[============================            ]: 3471 (Loss: 0.3927)
[============================            ]: 3472 (Loss: 0.4153)
[=============================           ]: 3473 (Loss: 0.4386)
[=============================           ]: 3474 (Loss: 0.4208)
[==============================          ]: 3475 (Loss: 0.3860)
[==============================          ]: 3476 (Loss: 0.4610)
[==============================          ]: 3477 (Loss: 0.4149)
[===============================         ]: 3478 (Loss: 0.3829)
[===============================         ]: 3479 (Loss: 0.4106)
[================================        ]: 3480 (Loss: 0.3519)
[================================        ]: 3481 (Loss: 0.3976)
[================================        ]: 3482 (Loss: 0.2411)
[=================================       ]: 3483 (Loss: 0.3509)
[=================================       ]: 3484 (Loss: 0.4311)
[==================================      ]: 3485 (Loss: 0.3309)
[==================================      ]: 3486 (Loss: 0.3953)
[==================================      ]: 3487 (Loss: 0.4339)
[===================================     ]: 3488 (Loss: 0.3963)
[===================================     ]: 3489 (Loss: 0.4673)
[====================================    ]: 3490 (Loss: 0.4671)
[====================================    ]: 3491 (Loss: 0.4040)
[====================================    ]: 3492 (Loss: 0.3066)
[=====================================   ]: 3493 (Loss: 0.4331)
[=====================================   ]: 3494 (Loss: 0.4208)
[======================================  ]: 3495 (Loss: 0.5001)
[======================================  ]: 3496 (Loss: 0.4359)
[======================================  ]: 3497 (Loss: 0.3105)
[======================================= ]: 3498 (Loss: 0.3866)
[======================================= ]: 3499 (Loss: 0.4510)
[========================================]: 3500 (Loss: 0.4088)
                                                                                                    
[2026-07-16 21:47:44,864] [INFO] [__main__] Batch 3500 Loss: 0.407257 Cost: 7.82 Time: 77 ms/sequence
[2026-07-16 21:47:44,865] [INFO] [__main__] Advice weight norm: 19.068676 | Advice gradient norm: 0.000000

[                                        ]: 3501 (Loss: 0.4122)
[                                        ]: 3502 (Loss: 0.3707)
[=                                       ]: 3503 (Loss: 0.2793)
[=                                       ]: 3504 (Loss: 0.5824)
[==                                      ]: 3505 (Loss: 0.5557)
[==                                      ]: 3506 (Loss: 0.4298)
[==                                      ]: 3507 (Loss: 0.5455)
[===                                     ]: 3508 (Loss: 0.3976)
[===                                     ]: 3509 (Loss: 0.3938)
[====                                    ]: 3510 (Loss: 0.3657)
[====                                    ]: 3511 (Loss: 0.3386)
[====                                    ]: 3512 (Loss: 0.3539)
[=====                                   ]: 3513 (Loss: 0.4526)
[=====                                   ]: 3514 (Loss: 0.3829)
[======                                  ]: 3515 (Loss: 0.3152)
[======                                  ]: 3516 (Loss: 0.4417)
[======                                  ]: 3517 (Loss: 0.3784)
[=======                                 ]: 3518 (Loss: 0.3230)
[=======                                 ]: 3519 (Loss: 0.3562)
[========                                ]: 3520 (Loss: 0.4016)
[========                                ]: 3521 (Loss: 0.4636)
[========                                ]: 3522 (Loss: 0.4413)
[=========                               ]: 3523 (Loss: 0.3298)
[=========                               ]: 3524 (Loss: 0.3695)
[==========                              ]: 3525 (Loss: 0.3749)
[==========                              ]: 3526 (Loss: 0.3973)
[==========                              ]: 3527 (Loss: 0.3954)
[===========                             ]: 3528 (Loss: 0.5302)
[===========                             ]: 3529 (Loss: 0.2864)
[============                            ]: 3530 (Loss: 0.3131)
[============                            ]: 3531 (Loss: 0.5021)
[============                            ]: 3532 (Loss: 0.5263)
[=============                           ]: 3533 (Loss: 0.4189)
[=============                           ]: 3534 (Loss: 0.3971)
[==============                          ]: 3535 (Loss: 0.4367)
[==============                          ]: 3536 (Loss: 0.4707)
[==============                          ]: 3537 (Loss: 0.3878)
[===============                         ]: 3538 (Loss: 0.3874)
[===============                         ]: 3539 (Loss: 0.4617)
[================                        ]: 3540 (Loss: 0.3812)
[================                        ]: 3541 (Loss: 0.4850)
[================                        ]: 3542 (Loss: 0.4938)
[=================                       ]: 3543 (Loss: 0.4222)
[=================                       ]: 3544 (Loss: 0.5687)
[==================                      ]: 3545 (Loss: 0.4459)
[==================                      ]: 3546 (Loss: 0.3841)
[==================                      ]: 3547 (Loss: 0.3771)
[===================                     ]: 3548 (Loss: 0.4241)
[===================                     ]: 3549 (Loss: 0.4082)
[====================                    ]: 3550 (Loss: 0.3752)
[====================                    ]: 3551 (Loss: 0.4220)
[====================                    ]: 3552 (Loss: 0.4396)
[=====================                   ]: 3553 (Loss: 0.4296)
[=====================                   ]: 3554 (Loss: 0.4786)
[======================                  ]: 3555 (Loss: 0.3672)
[======================                  ]: 3556 (Loss: 0.3884)
[======================                  ]: 3557 (Loss: 0.5591)
[=======================                 ]: 3558 (Loss: 0.4354)
[=======================                 ]: 3559 (Loss: 0.3677)
[========================                ]: 3560 (Loss: 0.4242)
[========================                ]: 3561 (Loss: 0.3642)
[========================                ]: 3562 (Loss: 0.4599)
[=========================               ]: 3563 (Loss: 0.4292)
[=========================               ]: 3564 (Loss: 0.4213)
[==========================              ]: 3565 (Loss: 0.3787)
[==========================              ]: 3566 (Loss: 0.4337)
[==========================              ]: 3567 (Loss: 0.3110)
[===========================             ]: 3568 (Loss: 0.3827)
[===========================             ]: 3569 (Loss: 0.5217)
[============================            ]: 3570 (Loss: 0.3906)
[============================            ]: 3571 (Loss: 0.4808)
[============================            ]: 3572 (Loss: 0.4043)
[=============================           ]: 3573 (Loss: 0.3790)
[=============================           ]: 3574 (Loss: 0.4004)
[==============================          ]: 3575 (Loss: 0.3322)
[==============================          ]: 3576 (Loss: 0.4120)
[==============================          ]: 3577 (Loss: 0.4112)
[===============================         ]: 3578 (Loss: 0.3788)
[===============================         ]: 3579 (Loss: 0.4056)
[================================        ]: 3580 (Loss: 0.3958)
[================================        ]: 3581 (Loss: 0.4503)
[================================        ]: 3582 (Loss: 0.4253)
[=================================       ]: 3583 (Loss: 0.3521)
[=================================       ]: 3584 (Loss: 0.3664)
[==================================      ]: 3585 (Loss: 0.4284)
[==================================      ]: 3586 (Loss: 0.2662)
[==================================      ]: 3587 (Loss: 0.4044)
[===================================     ]: 3588 (Loss: 0.2716)
[===================================     ]: 3589 (Loss: 0.3797)
[====================================    ]: 3590 (Loss: 0.3455)
[====================================    ]: 3591 (Loss: 0.5108)
[====================================    ]: 3592 (Loss: 0.4106)
[=====================================   ]: 3593 (Loss: 0.3330)
[=====================================   ]: 3594 (Loss: 0.3358)
[======================================  ]: 3595 (Loss: 0.4106)
[======================================  ]: 3596 (Loss: 0.4153)
[======================================  ]: 3597 (Loss: 0.3849)
[======================================= ]: 3598 (Loss: 0.4987)
[======================================= ]: 3599 (Loss: 0.4509)
[========================================]: 3600 (Loss: 0.3676)
                                                                                                    
[2026-07-16 21:47:52,624] [INFO] [__main__] Batch 3600 Loss: 0.409462 Cost: 7.59 Time: 77 ms/sequence
[2026-07-16 21:47:52,624] [INFO] [__main__] Advice weight norm: 19.068676 | Advice gradient norm: 0.000000

[                                        ]: 3601 (Loss: 0.4538)
[                                        ]: 3602 (Loss: 0.4398)
[=                                       ]: 3603 (Loss: 0.4531)
[=                                       ]: 3604 (Loss: 0.4464)
[==                                      ]: 3605 (Loss: 0.3330)
[==                                      ]: 3606 (Loss: 0.3434)
[==                                      ]: 3607 (Loss: 0.4371)
[===                                     ]: 3608 (Loss: 0.4232)
[===                                     ]: 3609 (Loss: 0.5161)
[====                                    ]: 3610 (Loss: 0.4829)
[====                                    ]: 3611 (Loss: 0.4471)
[====                                    ]: 3612 (Loss: 0.3865)
[=====                                   ]: 3613 (Loss: 0.4007)
[=====                                   ]: 3614 (Loss: 0.4795)
[======                                  ]: 3615 (Loss: 0.3886)
[======                                  ]: 3616 (Loss: 0.2851)
[======                                  ]: 3617 (Loss: 0.3534)
[=======                                 ]: 3618 (Loss: 0.3116)
[=======                                 ]: 3619 (Loss: 0.4372)
[========                                ]: 3620 (Loss: 0.4410)
[========                                ]: 3621 (Loss: 0.4260)
[========                                ]: 3622 (Loss: 0.4626)
[=========                               ]: 3623 (Loss: 0.5139)
[=========                               ]: 3624 (Loss: 0.4128)
[==========                              ]: 3625 (Loss: 0.4126)
[==========                              ]: 3626 (Loss: 0.2920)
[==========                              ]: 3627 (Loss: 0.4082)
[===========                             ]: 3628 (Loss: 0.4491)
[===========                             ]: 3629 (Loss: 0.3393)
[============                            ]: 3630 (Loss: 0.4440)
[============                            ]: 3631 (Loss: 0.4372)
[============                            ]: 3632 (Loss: 0.4533)
[=============                           ]: 3633 (Loss: 0.4083)
[=============                           ]: 3634 (Loss: 0.3096)
[==============                          ]: 3635 (Loss: 0.2992)
[==============                          ]: 3636 (Loss: 0.3314)
[==============                          ]: 3637 (Loss: 0.3847)
[===============                         ]: 3638 (Loss: 0.3733)
[===============                         ]: 3639 (Loss: 0.4245)
[================                        ]: 3640 (Loss: 0.3876)
[================                        ]: 3641 (Loss: 0.3385)
[================                        ]: 3642 (Loss: 0.2889)
[=================                       ]: 3643 (Loss: 0.3108)
[=================                       ]: 3644 (Loss: 0.3968)
[==================                      ]: 3645 (Loss: 0.4031)
[==================                      ]: 3646 (Loss: 0.3262)
[==================                      ]: 3647 (Loss: 0.3588)
[===================                     ]: 3648 (Loss: 0.3996)
[===================                     ]: 3649 (Loss: 0.3067)
[====================                    ]: 3650 (Loss: 0.3957)
[====================                    ]: 3651 (Loss: 0.5035)
[====================                    ]: 3652 (Loss: 0.3638)
[=====================                   ]: 3653 (Loss: 0.4801)
[=====================                   ]: 3654 (Loss: 0.4373)
[======================                  ]: 3655 (Loss: 0.3544)
[======================                  ]: 3656 (Loss: 0.4140)
[======================                  ]: 3657 (Loss: 0.3907)
[=======================                 ]: 3658 (Loss: 0.3072)
[=======================                 ]: 3659 (Loss: 0.3656)
[========================                ]: 3660 (Loss: 0.3804)
[========================                ]: 3661 (Loss: 0.3993)
[========================                ]: 3662 (Loss: 0.4642)
[=========================               ]: 3663 (Loss: 0.4834)
[=========================               ]: 3664 (Loss: 0.4659)
[==========================              ]: 3665 (Loss: 0.2761)
[==========================              ]: 3666 (Loss: 0.4972)
[==========================              ]: 3667 (Loss: 0.3479)
[===========================             ]: 3668 (Loss: 0.3646)
[===========================             ]: 3669 (Loss: 0.4482)
[============================            ]: 3670 (Loss: 0.4182)
[============================            ]: 3671 (Loss: 0.3293)
[============================            ]: 3672 (Loss: 0.4070)
[=============================           ]: 3673 (Loss: 0.3673)
[=============================           ]: 3674 (Loss: 0.3341)
[==============================          ]: 3675 (Loss: 0.3354)
[==============================          ]: 3676 (Loss: 0.3744)
[==============================          ]: 3677 (Loss: 0.2991)
[===============================         ]: 3678 (Loss: 0.3651)
[===============================         ]: 3679 (Loss: 0.5063)
[================================        ]: 3680 (Loss: 0.3281)
[================================        ]: 3681 (Loss: 0.4794)
[================================        ]: 3682 (Loss: 0.3031)
[=================================       ]: 3683 (Loss: 0.2229)
[=================================       ]: 3684 (Loss: 0.2903)
[==================================      ]: 3685 (Loss: 0.3613)
[==================================      ]: 3686 (Loss: 0.4401)
[==================================      ]: 3687 (Loss: 0.4207)
[===================================     ]: 3688 (Loss: 0.4102)
[===================================     ]: 3689 (Loss: 0.3344)
[====================================    ]: 3690 (Loss: 0.3030)
[====================================    ]: 3691 (Loss: 0.3702)
[====================================    ]: 3692 (Loss: 0.3441)
[=====================================   ]: 3693 (Loss: 0.3750)
[=====================================   ]: 3694 (Loss: 0.4014)
[======================================  ]: 3695 (Loss: 0.4560)
[======================================  ]: 3696 (Loss: 0.3768)
[======================================  ]: 3697 (Loss: 0.3494)
[======================================= ]: 3698 (Loss: 0.3800)
[======================================= ]: 3699 (Loss: 0.3718)
[========================================]: 3700 (Loss: 0.4015)
                                                                                                    
[2026-07-16 21:48:00,267] [INFO] [__main__] Batch 3700 Loss: 0.389541 Cost: 7.35 Time: 76 ms/sequence
[2026-07-16 21:48:00,267] [INFO] [__main__] Advice weight norm: 19.068676 | Advice gradient norm: 0.000000

[                                        ]: 3701 (Loss: 0.2825)
[                                        ]: 3702 (Loss: 0.3855)
[=                                       ]: 3703 (Loss: 0.4425)
[=                                       ]: 3704 (Loss: 0.4579)
[==                                      ]: 3705 (Loss: 0.3404)
[==                                      ]: 3706 (Loss: 0.2969)
[==                                      ]: 3707 (Loss: 0.5500)
[===                                     ]: 3708 (Loss: 0.3157)
[===                                     ]: 3709 (Loss: 0.2915)
[====                                    ]: 3710 (Loss: 0.2761)
[====                                    ]: 3711 (Loss: 0.3002)
[====                                    ]: 3712 (Loss: 0.4067)
[=====                                   ]: 3713 (Loss: 0.4990)
[=====                                   ]: 3714 (Loss: 0.3259)
[======                                  ]: 3715 (Loss: 0.5168)
[======                                  ]: 3716 (Loss: 0.4967)
[======                                  ]: 3717 (Loss: 0.3998)
[=======                                 ]: 3718 (Loss: 0.3698)
[=======                                 ]: 3719 (Loss: 0.4281)
[========                                ]: 3720 (Loss: 0.5157)
[========                                ]: 3721 (Loss: 0.3488)
[========                                ]: 3722 (Loss: 0.3418)
[=========                               ]: 3723 (Loss: 0.4766)
[=========                               ]: 3724 (Loss: 0.3570)
[==========                              ]: 3725 (Loss: 0.3691)
[==========                              ]: 3726 (Loss: 0.4146)
[==========                              ]: 3727 (Loss: 0.5420)
[===========                             ]: 3728 (Loss: 0.4180)
[===========                             ]: 3729 (Loss: 0.2487)
[============                            ]: 3730 (Loss: 0.3349)
[============                            ]: 3731 (Loss: 0.5470)
[============                            ]: 3732 (Loss: 0.3135)
[=============                           ]: 3733 (Loss: 0.4405)
[=============                           ]: 3734 (Loss: 0.3344)
[==============                          ]: 3735 (Loss: 0.4140)
[==============                          ]: 3736 (Loss: 0.3057)
[==============                          ]: 3737 (Loss: 0.3642)
[===============                         ]: 3738 (Loss: 0.4252)
[===============                         ]: 3739 (Loss: 0.3797)
[================                        ]: 3740 (Loss: 0.3879)
[================                        ]: 3741 (Loss: 0.3175)
[================                        ]: 3742 (Loss: 0.3924)
[=================                       ]: 3743 (Loss: 0.3423)
[=================                       ]: 3744 (Loss: 0.5256)
[==================                      ]: 3745 (Loss: 0.4183)
[==================                      ]: 3746 (Loss: 0.3974)
[==================                      ]: 3747 (Loss: 0.4178)
[===================                     ]: 3748 (Loss: 0.3040)
[===================                     ]: 3749 (Loss: 0.4166)
[====================                    ]: 3750 (Loss: 0.3512)
[====================                    ]: 3751 (Loss: 0.4002)
[====================                    ]: 3752 (Loss: 0.3182)
[=====================                   ]: 3753 (Loss: 0.3938)
[=====================                   ]: 3754 (Loss: 0.3844)
[======================                  ]: 3755 (Loss: 0.4336)
[======================                  ]: 3756 (Loss: 0.4210)
[======================                  ]: 3757 (Loss: 0.3994)
[=======================                 ]: 3758 (Loss: 0.4064)
[=======================                 ]: 3759 (Loss: 0.2733)
[========================                ]: 3760 (Loss: 0.3213)
[========================                ]: 3761 (Loss: 0.3246)
[========================                ]: 3762 (Loss: 0.3255)
[=========================               ]: 3763 (Loss: 0.2986)
[=========================               ]: 3764 (Loss: 0.4308)
[==========================              ]: 3765 (Loss: 0.4218)
[==========================              ]: 3766 (Loss: 0.3691)
[==========================              ]: 3767 (Loss: 0.3701)
[===========================             ]: 3768 (Loss: 0.3268)
[===========================             ]: 3769 (Loss: 0.3793)
[============================            ]: 3770 (Loss: 0.4190)
[============================            ]: 3771 (Loss: 0.3414)
[============================            ]: 3772 (Loss: 0.3324)
[=============================           ]: 3773 (Loss: 0.4393)
[=============================           ]: 3774 (Loss: 0.4660)
[==============================          ]: 3775 (Loss: 0.3741)
[==============================          ]: 3776 (Loss: 0.4192)
[==============================          ]: 3777 (Loss: 0.3431)
[===============================         ]: 3778 (Loss: 0.3315)
[===============================         ]: 3779 (Loss: 0.2955)
[================================        ]: 3780 (Loss: 0.4872)
[================================        ]: 3781 (Loss: 0.3648)
[================================        ]: 3782 (Loss: 0.3772)
[=================================       ]: 3783 (Loss: 0.3562)
[=================================       ]: 3784 (Loss: 0.3430)
[==================================      ]: 3785 (Loss: 0.4330)
[==================================      ]: 3786 (Loss: 0.3043)
[==================================      ]: 3787 (Loss: 0.4235)
[===================================     ]: 3788 (Loss: 0.4399)
[===================================     ]: 3789 (Loss: 0.3778)
[====================================    ]: 3790 (Loss: 0.4050)
[====================================    ]: 3791 (Loss: 0.3124)
[====================================    ]: 3792 (Loss: 0.2792)
[=====================================   ]: 3793 (Loss: 0.4055)
[=====================================   ]: 3794 (Loss: 0.4892)
[======================================  ]: 3795 (Loss: 0.3742)
[======================================  ]: 3796 (Loss: 0.5556)
[======================================  ]: 3797 (Loss: 0.4081)
[======================================= ]: 3798 (Loss: 0.4686)
[======================================= ]: 3799 (Loss: 0.4929)
[========================================]: 3800 (Loss: 0.3203)
                                                                                                    
[2026-07-16 21:48:07,987] [INFO] [__main__] Batch 3800 Loss: 0.387220 Cost: 7.27 Time: 77 ms/sequence
[2026-07-16 21:48:07,987] [INFO] [__main__] Advice weight norm: 19.068676 | Advice gradient norm: 0.000000

[                                        ]: 3801 (Loss: 0.2954)
[                                        ]: 3802 (Loss: 0.3829)
[=                                       ]: 3803 (Loss: 0.4370)
[=                                       ]: 3804 (Loss: 0.3068)
[==                                      ]: 3805 (Loss: 0.3674)
[==                                      ]: 3806 (Loss: 0.4564)
[==                                      ]: 3807 (Loss: 0.3400)
[===                                     ]: 3808 (Loss: 0.4519)
[===                                     ]: 3809 (Loss: 0.3426)
[====                                    ]: 3810 (Loss: 0.3048)
[====                                    ]: 3811 (Loss: 0.3667)
[====                                    ]: 3812 (Loss: 0.4102)
[=====                                   ]: 3813 (Loss: 0.4858)
[=====                                   ]: 3814 (Loss: 0.3660)
[======                                  ]: 3815 (Loss: 0.4022)
[======                                  ]: 3816 (Loss: 0.2340)
[======                                  ]: 3817 (Loss: 0.3518)
[=======                                 ]: 3818 (Loss: 0.3620)
[=======                                 ]: 3819 (Loss: 0.4140)
[========                                ]: 3820 (Loss: 0.2834)
[========                                ]: 3821 (Loss: 0.4053)
[========                                ]: 3822 (Loss: 0.3580)
[=========                               ]: 3823 (Loss: 0.4846)
[=========                               ]: 3824 (Loss: 0.4618)
[==========                              ]: 3825 (Loss: 0.2894)
[==========                              ]: 3826 (Loss: 0.5917)
[==========                              ]: 3827 (Loss: 0.4427)
[===========                             ]: 3828 (Loss: 0.3225)
[===========                             ]: 3829 (Loss: 0.3400)
[============                            ]: 3830 (Loss: 0.2665)
[============                            ]: 3831 (Loss: 0.3138)
[============                            ]: 3832 (Loss: 0.3425)
[=============                           ]: 3833 (Loss: 0.3179)
[=============                           ]: 3834 (Loss: 0.4495)
[==============                          ]: 3835 (Loss: 0.4107)
[==============                          ]: 3836 (Loss: 0.3734)
[==============                          ]: 3837 (Loss: 0.3478)
[===============                         ]: 3838 (Loss: 0.3379)
[===============                         ]: 3839 (Loss: 0.3866)
[================                        ]: 3840 (Loss: 0.3350)
[================                        ]: 3841 (Loss: 0.3269)
[================                        ]: 3842 (Loss: 0.3397)
[=================                       ]: 3843 (Loss: 0.5072)
[=================                       ]: 3844 (Loss: 0.6212)
[==================                      ]: 3845 (Loss: 0.4735)
[==================                      ]: 3846 (Loss: 0.4264)
[==================                      ]: 3847 (Loss: 0.4694)
[===================                     ]: 3848 (Loss: 0.3392)
[===================                     ]: 3849 (Loss: 0.3116)
[====================                    ]: 3850 (Loss: 0.5233)
[====================                    ]: 3851 (Loss: 0.4476)
[====================                    ]: 3852 (Loss: 0.3920)
[=====================                   ]: 3853 (Loss: 0.4673)
[=====================                   ]: 3854 (Loss: 0.3973)
[======================                  ]: 3855 (Loss: 0.3351)
[======================                  ]: 3856 (Loss: 0.4698)
[======================                  ]: 3857 (Loss: 0.4477)
[=======================                 ]: 3858 (Loss: 0.3723)
[=======================                 ]: 3859 (Loss: 0.4041)
[========================                ]: 3860 (Loss: 0.3847)
[========================                ]: 3861 (Loss: 0.5523)
[========================                ]: 3862 (Loss: 0.4829)
[=========================               ]: 3863 (Loss: 0.4053)
[=========================               ]: 3864 (Loss: 0.3835)
[==========================              ]: 3865 (Loss: 0.3816)
[==========================              ]: 3866 (Loss: 0.3554)
[==========================              ]: 3867 (Loss: 0.4344)
[===========================             ]: 3868 (Loss: 0.3339)
[===========================             ]: 3869 (Loss: 0.3841)
[============================            ]: 3870 (Loss: 0.3321)
[============================            ]: 3871 (Loss: 0.3576)
[============================            ]: 3872 (Loss: 0.2521)
[=============================           ]: 3873 (Loss: 0.2911)
[=============================           ]: 3874 (Loss: 0.4207)
[==============================          ]: 3875 (Loss: 0.3384)
[==============================          ]: 3876 (Loss: 0.3923)
[==============================          ]: 3877 (Loss: 0.4295)
[===============================         ]: 3878 (Loss: 0.3379)
[===============================         ]: 3879 (Loss: 0.4973)
[================================        ]: 3880 (Loss: 0.4057)
[================================        ]: 3881 (Loss: 0.3443)
[================================        ]: 3882 (Loss: 0.4125)
[=================================       ]: 3883 (Loss: 0.3566)
[=================================       ]: 3884 (Loss: 0.4613)
[==================================      ]: 3885 (Loss: 0.3548)
[==================================      ]: 3886 (Loss: 0.4094)
[==================================      ]: 3887 (Loss: 0.4180)
[===================================     ]: 3888 (Loss: 0.3769)
[===================================     ]: 3889 (Loss: 0.3022)
[====================================    ]: 3890 (Loss: 0.3702)
[====================================    ]: 3891 (Loss: 0.4098)
[====================================    ]: 3892 (Loss: 0.4541)
[=====================================   ]: 3893 (Loss: 0.3366)
[=====================================   ]: 3894 (Loss: 0.3229)
[======================================  ]: 3895 (Loss: 0.3016)
[======================================  ]: 3896 (Loss: 0.4071)
[======================================  ]: 3897 (Loss: 0.3715)
[======================================= ]: 3898 (Loss: 0.5336)
[======================================= ]: 3899 (Loss: 0.3289)
[========================================]: 3900 (Loss: 0.3575)
                                                                                                    
[2026-07-16 21:48:15,662] [INFO] [__main__] Batch 3900 Loss: 0.387930 Cost: 7.51 Time: 76 ms/sequence
[2026-07-16 21:48:15,662] [INFO] [__main__] Advice weight norm: 19.068676 | Advice gradient norm: 0.000000

[                                        ]: 3901 (Loss: 0.3977)
[                                        ]: 3902 (Loss: 0.3859)
[=                                       ]: 3903 (Loss: 0.3573)
[=                                       ]: 3904 (Loss: 0.3184)
[==                                      ]: 3905 (Loss: 0.4328)
[==                                      ]: 3906 (Loss: 0.2705)
[==                                      ]: 3907 (Loss: 0.4187)
[===                                     ]: 3908 (Loss: 0.3921)
[===                                     ]: 3909 (Loss: 0.3705)
[====                                    ]: 3910 (Loss: 0.4390)
[====                                    ]: 3911 (Loss: 0.4249)
[====                                    ]: 3912 (Loss: 0.4422)
[=====                                   ]: 3913 (Loss: 0.3250)
[=====                                   ]: 3914 (Loss: 0.5157)
[======                                  ]: 3915 (Loss: 0.3293)
[======                                  ]: 3916 (Loss: 0.4782)
[======                                  ]: 3917 (Loss: 0.3995)
[=======                                 ]: 3918 (Loss: 0.4272)
[=======                                 ]: 3919 (Loss: 0.4015)
[========                                ]: 3920 (Loss: 0.3746)
[========                                ]: 3921 (Loss: 0.5704)
[========                                ]: 3922 (Loss: 0.4720)
[=========                               ]: 3923 (Loss: 0.4224)
[=========                               ]: 3924 (Loss: 0.3292)
[==========                              ]: 3925 (Loss: 0.4223)
[==========                              ]: 3926 (Loss: 0.3550)
[==========                              ]: 3927 (Loss: 0.2434)
[===========                             ]: 3928 (Loss: 0.3043)
[===========                             ]: 3929 (Loss: 0.3929)
[============                            ]: 3930 (Loss: 0.3435)
[============                            ]: 3931 (Loss: 0.3496)
[============                            ]: 3932 (Loss: 0.3648)
[=============                           ]: 3933 (Loss: 0.5400)
[=============                           ]: 3934 (Loss: 0.3900)
[==============                          ]: 3935 (Loss: 0.4962)
[==============                          ]: 3936 (Loss: 0.3940)
[==============                          ]: 3937 (Loss: 0.3961)
[===============                         ]: 3938 (Loss: 0.3862)
[===============                         ]: 3939 (Loss: 0.3019)
[================                        ]: 3940 (Loss: 0.3560)
[================                        ]: 3941 (Loss: 0.4261)
[================                        ]: 3942 (Loss: 0.3482)
[=================                       ]: 3943 (Loss: 0.3136)
[=================                       ]: 3944 (Loss: 0.3745)
[==================                      ]: 3945 (Loss: 0.4268)
[==================                      ]: 3946 (Loss: 0.3167)
[==================                      ]: 3947 (Loss: 0.4685)
[===================                     ]: 3948 (Loss: 0.5477)
[===================                     ]: 3949 (Loss: 0.4213)
[====================                    ]: 3950 (Loss: 0.3296)
[====================                    ]: 3951 (Loss: 0.4363)
[====================                    ]: 3952 (Loss: 0.4118)
[=====================                   ]: 3953 (Loss: 0.3767)
[=====================                   ]: 3954 (Loss: 0.4097)
[======================                  ]: 3955 (Loss: 0.2802)
[======================                  ]: 3956 (Loss: 0.3629)
[======================                  ]: 3957 (Loss: 0.3321)
[=======================                 ]: 3958 (Loss: 0.4297)
[=======================                 ]: 3959 (Loss: 0.3995)
[========================                ]: 3960 (Loss: 0.3605)
[========================                ]: 3961 (Loss: 0.3582)
[========================                ]: 3962 (Loss: 0.3561)
[=========================               ]: 3963 (Loss: 0.3461)
[=========================               ]: 3964 (Loss: 0.4497)
[==========================              ]: 3965 (Loss: 0.4003)
[==========================              ]: 3966 (Loss: 0.3684)
[==========================              ]: 3967 (Loss: 0.4486)
[===========================             ]: 3968 (Loss: 0.3053)
[===========================             ]: 3969 (Loss: 0.4742)
[============================            ]: 3970 (Loss: 0.4966)
[============================            ]: 3971 (Loss: 0.4187)
[============================            ]: 3972 (Loss: 0.4816)
[=============================           ]: 3973 (Loss: 0.3951)
[=============================           ]: 3974 (Loss: 0.4189)
[==============================          ]: 3975 (Loss: 0.3516)
[==============================          ]: 3976 (Loss: 0.3649)
[==============================          ]: 3977 (Loss: 0.5529)
[===============================         ]: 3978 (Loss: 0.4517)
[===============================         ]: 3979 (Loss: 0.4677)
[================================        ]: 3980 (Loss: 0.3987)
[================================        ]: 3981 (Loss: 0.3547)
[================================        ]: 3982 (Loss: 0.3814)
[=================================       ]: 3983 (Loss: 0.3560)
[=================================       ]: 3984 (Loss: 0.4015)
[==================================      ]: 3985 (Loss: 0.3595)
[==================================      ]: 3986 (Loss: 0.4219)
[==================================      ]: 3987 (Loss: 0.3452)
[===================================     ]: 3988 (Loss: 0.3980)
[===================================     ]: 3989 (Loss: 0.4819)
[====================================    ]: 3990 (Loss: 0.2603)
[====================================    ]: 3991 (Loss: 0.4168)
[====================================    ]: 3992 (Loss: 0.4126)
[=====================================   ]: 3993 (Loss: 0.3702)
[=====================================   ]: 3994 (Loss: 0.3863)
[======================================  ]: 3995 (Loss: 0.3794)
[======================================  ]: 3996 (Loss: 0.3023)
[======================================  ]: 3997 (Loss: 0.3414)
[======================================= ]: 3998 (Loss: 0.2446)
[======================================= ]: 3999 (Loss: 0.3749)
[========================================]: 4000 (Loss: 0.3759)
                                                                                                    
[2026-07-16 21:48:23,400] [INFO] [__main__] Batch 4000 Loss: 0.391739 Cost: 7.62 Time: 77 ms/sequence
[2026-07-16 21:48:23,400] [INFO] [__main__] Advice weight norm: 19.068676 | Advice gradient norm: 0.000000

                                                                                                    
[2026-07-16 21:48:23,402] [INFO] [__main__] Saving checkpoint to 'runs\copy_sanity_len5\copy\zero\seed_1001\checkpoint-batch-00004000.pt'

[                                        ]: 4001 (Loss: 0.3954)
[                                        ]: 4002 (Loss: 0.4480)
[=                                       ]: 4003 (Loss: 0.3831)
[=                                       ]: 4004 (Loss: 0.3161)
[==                                      ]: 4005 (Loss: 0.3318)
[==                                      ]: 4006 (Loss: 0.2838)
[==                                      ]: 4007 (Loss: 0.3358)
[===                                     ]: 4008 (Loss: 0.4355)
[===                                     ]: 4009 (Loss: 0.4095)
[====                                    ]: 4010 (Loss: 0.3807)
[====                                    ]: 4011 (Loss: 0.4157)
[====                                    ]: 4012 (Loss: 0.3223)
[=====                                   ]: 4013 (Loss: 0.3591)
[=====                                   ]: 4014 (Loss: 0.3405)
[======                                  ]: 4015 (Loss: 0.4460)
[======                                  ]: 4016 (Loss: 0.3354)
[======                                  ]: 4017 (Loss: 0.5507)
[=======                                 ]: 4018 (Loss: 0.2782)
[=======                                 ]: 4019 (Loss: 0.3462)
[========                                ]: 4020 (Loss: 0.4134)
[========                                ]: 4021 (Loss: 0.3196)
[========                                ]: 4022 (Loss: 0.2623)
[=========                               ]: 4023 (Loss: 0.4234)
[=========                               ]: 4024 (Loss: 0.4352)
[==========                              ]: 4025 (Loss: 0.3629)
[==========                              ]: 4026 (Loss: 0.3892)
[==========                              ]: 4027 (Loss: 0.3951)
[===========                             ]: 4028 (Loss: 0.2873)
[===========                             ]: 4029 (Loss: 0.3725)
[============                            ]: 4030 (Loss: 0.3803)
[============                            ]: 4031 (Loss: 0.3173)
[============                            ]: 4032 (Loss: 0.3595)
[=============                           ]: 4033 (Loss: 0.3433)
[=============                           ]: 4034 (Loss: 0.3648)
[==============                          ]: 4035 (Loss: 0.3536)
[==============                          ]: 4036 (Loss: 0.3740)
[==============                          ]: 4037 (Loss: 0.4529)
[===============                         ]: 4038 (Loss: 0.3119)
[===============                         ]: 4039 (Loss: 0.2929)
[================                        ]: 4040 (Loss: 0.4675)
[================                        ]: 4041 (Loss: 0.3592)
[================                        ]: 4042 (Loss: 0.3263)
[=================                       ]: 4043 (Loss: 0.4564)
[=================                       ]: 4044 (Loss: 0.3408)
[==================                      ]: 4045 (Loss: 0.4083)
[==================                      ]: 4046 (Loss: 0.5085)
[==================                      ]: 4047 (Loss: 0.4273)
[===================                     ]: 4048 (Loss: 0.2865)
[===================                     ]: 4049 (Loss: 0.3491)
[====================                    ]: 4050 (Loss: 0.4011)
[====================                    ]: 4051 (Loss: 0.2915)
[====================                    ]: 4052 (Loss: 0.3696)
[=====================                   ]: 4053 (Loss: 0.3274)
[=====================                   ]: 4054 (Loss: 0.2956)
[======================                  ]: 4055 (Loss: 0.3558)
[======================                  ]: 4056 (Loss: 0.2599)
[======================                  ]: 4057 (Loss: 0.3657)
[=======================                 ]: 4058 (Loss: 0.4119)
[=======================                 ]: 4059 (Loss: 0.3921)
[========================                ]: 4060 (Loss: 0.3062)
[========================                ]: 4061 (Loss: 0.4324)
[========================                ]: 4062 (Loss: 0.3339)
[=========================               ]: 4063 (Loss: 0.4338)
[=========================               ]: 4064 (Loss: 0.3445)
[==========================              ]: 4065 (Loss: 0.4815)
[==========================              ]: 4066 (Loss: 0.5110)
[==========================              ]: 4067 (Loss: 0.5629)
[===========================             ]: 4068 (Loss: 0.3708)
[===========================             ]: 4069 (Loss: 0.5126)
[============================            ]: 4070 (Loss: 0.3753)
[============================            ]: 4071 (Loss: 0.4597)
[============================            ]: 4072 (Loss: 0.3229)
[=============================           ]: 4073 (Loss: 0.2823)
[=============================           ]: 4074 (Loss: 0.4388)
[==============================          ]: 4075 (Loss: 0.2590)
[==============================          ]: 4076 (Loss: 0.4263)
[==============================          ]: 4077 (Loss: 0.3868)
[===============================         ]: 4078 (Loss: 0.5009)
[===============================         ]: 4079 (Loss: 0.4566)
[================================        ]: 4080 (Loss: 0.3416)
[================================        ]: 4081 (Loss: 0.2782)
[================================        ]: 4082 (Loss: 0.3822)
[=================================       ]: 4083 (Loss: 0.3981)
[=================================       ]: 4084 (Loss: 0.5904)
[==================================      ]: 4085 (Loss: 0.3616)
[==================================      ]: 4086 (Loss: 0.3519)
[==================================      ]: 4087 (Loss: 0.3904)
[===================================     ]: 4088 (Loss: 0.4337)
[===================================     ]: 4089 (Loss: 0.4328)
[====================================    ]: 4090 (Loss: 0.4010)
[====================================    ]: 4091 (Loss: 0.3795)
[====================================    ]: 4092 (Loss: 0.3572)
[=====================================   ]: 4093 (Loss: 0.3240)
[=====================================   ]: 4094 (Loss: 0.3452)
[======================================  ]: 4095 (Loss: 0.4248)
[======================================  ]: 4096 (Loss: 0.4072)
[======================================  ]: 4097 (Loss: 0.4520)
[======================================= ]: 4098 (Loss: 0.4345)
[======================================= ]: 4099 (Loss: 0.4191)
[========================================]: 4100 (Loss: 0.4851)
                                                                                                    
[2026-07-16 21:48:31,118] [INFO] [__main__] Batch 4100 Loss: 0.383143 Cost: 7.32 Time: 77 ms/sequence
[2026-07-16 21:48:31,119] [INFO] [__main__] Advice weight norm: 19.068676 | Advice gradient norm: 0.000000

[                                        ]: 4101 (Loss: 0.4356)
[                                        ]: 4102 (Loss: 0.5353)
[=                                       ]: 4103 (Loss: 0.3936)
[=                                       ]: 4104 (Loss: 0.3382)
[==                                      ]: 4105 (Loss: 0.2733)
[==                                      ]: 4106 (Loss: 0.3507)
[==                                      ]: 4107 (Loss: 0.2515)
[===                                     ]: 4108 (Loss: 0.3312)
[===                                     ]: 4109 (Loss: 0.4156)
[====                                    ]: 4110 (Loss: 0.1928)
[====                                    ]: 4111 (Loss: 0.4466)
[====                                    ]: 4112 (Loss: 0.3765)
[=====                                   ]: 4113 (Loss: 0.4090)
[=====                                   ]: 4114 (Loss: 0.5176)
[======                                  ]: 4115 (Loss: 0.3612)
[======                                  ]: 4116 (Loss: 0.2536)
[======                                  ]: 4117 (Loss: 0.2616)
[=======                                 ]: 4118 (Loss: 0.3314)
[=======                                 ]: 4119 (Loss: 0.4815)
[========                                ]: 4120 (Loss: 0.3899)
[========                                ]: 4121 (Loss: 0.4136)
[========                                ]: 4122 (Loss: 0.5246)
[=========                               ]: 4123 (Loss: 0.4916)
[=========                               ]: 4124 (Loss: 0.3646)
[==========                              ]: 4125 (Loss: 0.4913)
[==========                              ]: 4126 (Loss: 0.4583)
[==========                              ]: 4127 (Loss: 0.2036)
[===========                             ]: 4128 (Loss: 0.4655)
[===========                             ]: 4129 (Loss: 0.4459)
[============                            ]: 4130 (Loss: 0.3410)
[============                            ]: 4131 (Loss: 0.3847)
[============                            ]: 4132 (Loss: 0.4337)
[=============                           ]: 4133 (Loss: 0.3009)
[=============                           ]: 4134 (Loss: 0.3480)
[==============                          ]: 4135 (Loss: 0.3061)
[==============                          ]: 4136 (Loss: 0.3793)
[==============                          ]: 4137 (Loss: 0.2805)
[===============                         ]: 4138 (Loss: 0.5110)
[===============                         ]: 4139 (Loss: 0.2503)
[================                        ]: 4140 (Loss: 0.4415)
[================                        ]: 4141 (Loss: 0.3692)
[================                        ]: 4142 (Loss: 0.2959)
[=================                       ]: 4143 (Loss: 0.3671)
[=================                       ]: 4144 (Loss: 0.2794)
[==================                      ]: 4145 (Loss: 0.3405)
[==================                      ]: 4146 (Loss: 0.3374)
[==================                      ]: 4147 (Loss: 0.4633)
[===================                     ]: 4148 (Loss: 0.4084)
[===================                     ]: 4149 (Loss: 0.3210)
[====================                    ]: 4150 (Loss: 0.4916)
[====================                    ]: 4151 (Loss: 0.1930)
[====================                    ]: 4152 (Loss: 0.4493)
[=====================                   ]: 4153 (Loss: 0.3606)
[=====================                   ]: 4154 (Loss: 0.4582)
[======================                  ]: 4155 (Loss: 0.3819)
[======================                  ]: 4156 (Loss: 0.3285)
[======================                  ]: 4157 (Loss: 0.4178)
[=======================                 ]: 4158 (Loss: 0.3673)
[=======================                 ]: 4159 (Loss: 0.3531)
[========================                ]: 4160 (Loss: 0.2633)
[========================                ]: 4161 (Loss: 0.3520)
[========================                ]: 4162 (Loss: 0.3991)
[=========================               ]: 4163 (Loss: 0.3008)
[=========================               ]: 4164 (Loss: 0.5374)
[==========================              ]: 4165 (Loss: 0.3130)
[==========================              ]: 4166 (Loss: 0.2594)
[==========================              ]: 4167 (Loss: 0.4359)
[===========================             ]: 4168 (Loss: 0.3893)
[===========================             ]: 4169 (Loss: 0.3078)
[============================            ]: 4170 (Loss: 0.4099)
[============================            ]: 4171 (Loss: 0.5139)
[============================            ]: 4172 (Loss: 0.2393)
[=============================           ]: 4173 (Loss: 0.4380)
[=============================           ]: 4174 (Loss: 0.4528)
[==============================          ]: 4175 (Loss: 0.6246)
[==============================          ]: 4176 (Loss: 0.3719)
[==============================          ]: 4177 (Loss: 0.4485)
[===============================         ]: 4178 (Loss: 0.3992)
[===============================         ]: 4179 (Loss: 0.3055)
[================================        ]: 4180 (Loss: 0.3942)
[================================        ]: 4181 (Loss: 0.3058)
[================================        ]: 4182 (Loss: 0.3165)
[=================================       ]: 4183 (Loss: 0.3008)
[=================================       ]: 4184 (Loss: 0.4899)
[==================================      ]: 4185 (Loss: 0.4300)
[==================================      ]: 4186 (Loss: 0.4550)
[==================================      ]: 4187 (Loss: 0.2328)
[===================================     ]: 4188 (Loss: 0.4159)
[===================================     ]: 4189 (Loss: 0.3610)
[====================================    ]: 4190 (Loss: 0.4175)
[====================================    ]: 4191 (Loss: 0.4044)
[====================================    ]: 4192 (Loss: 0.4769)
[=====================================   ]: 4193 (Loss: 0.5773)
[=====================================   ]: 4194 (Loss: 0.4385)
[======================================  ]: 4195 (Loss: 0.3653)
[======================================  ]: 4196 (Loss: 0.3335)
[======================================  ]: 4197 (Loss: 0.3309)
[======================================= ]: 4198 (Loss: 0.4297)
[======================================= ]: 4199 (Loss: 0.5111)
[========================================]: 4200 (Loss: 0.3100)
                                                                                                    
[2026-07-16 21:48:39,075] [INFO] [__main__] Batch 4200 Loss: 0.382249 Cost: 7.32 Time: 79 ms/sequence
[2026-07-16 21:48:39,076] [INFO] [__main__] Advice weight norm: 19.068676 | Advice gradient norm: 0.000000

[                                        ]: 4201 (Loss: 0.3244)
[                                        ]: 4202 (Loss: 0.5184)
[=                                       ]: 4203 (Loss: 0.3720)
[=                                       ]: 4204 (Loss: 0.3828)
[==                                      ]: 4205 (Loss: 0.3745)
[==                                      ]: 4206 (Loss: 0.3468)
[==                                      ]: 4207 (Loss: 0.3747)
[===                                     ]: 4208 (Loss: 0.3189)
[===                                     ]: 4209 (Loss: 0.4041)
[====                                    ]: 4210 (Loss: 0.4345)
[====                                    ]: 4211 (Loss: 0.4648)
[====                                    ]: 4212 (Loss: 0.5782)
[=====                                   ]: 4213 (Loss: 0.1599)
[=====                                   ]: 4214 (Loss: 0.3086)
[======                                  ]: 4215 (Loss: 0.3954)
[======                                  ]: 4216 (Loss: 0.4225)
[======                                  ]: 4217 (Loss: 0.3565)
[=======                                 ]: 4218 (Loss: 0.3355)
[=======                                 ]: 4219 (Loss: 0.3471)
[========                                ]: 4220 (Loss: 0.5005)
[========                                ]: 4221 (Loss: 0.2840)
[========                                ]: 4222 (Loss: 0.3380)
[=========                               ]: 4223 (Loss: 0.3119)
[=========                               ]: 4224 (Loss: 0.4214)
[==========                              ]: 4225 (Loss: 0.5099)
[==========                              ]: 4226 (Loss: 0.4363)
[==========                              ]: 4227 (Loss: 0.3369)
[===========                             ]: 4228 (Loss: 0.5168)
[===========                             ]: 4229 (Loss: 0.4682)
[============                            ]: 4230 (Loss: 0.2865)
[============                            ]: 4231 (Loss: 0.3065)
[============                            ]: 4232 (Loss: 0.4157)
[=============                           ]: 4233 (Loss: 0.5213)
[=============                           ]: 4234 (Loss: 0.2974)
[==============                          ]: 4235 (Loss: 0.3121)
[==============                          ]: 4236 (Loss: 0.3703)
[==============                          ]: 4237 (Loss: 0.2934)
[===============                         ]: 4238 (Loss: 0.4829)
[===============                         ]: 4239 (Loss: 0.3484)
[================                        ]: 4240 (Loss: 0.4067)
[================                        ]: 4241 (Loss: 0.4335)
[================                        ]: 4242 (Loss: 0.3654)
[=================                       ]: 4243 (Loss: 0.3497)
[=================                       ]: 4244 (Loss: 0.2544)
[==================                      ]: 4245 (Loss: 0.2640)
[==================                      ]: 4246 (Loss: 0.2562)
[==================                      ]: 4247 (Loss: 0.3829)
[===================                     ]: 4248 (Loss: 0.5312)
[===================                     ]: 4249 (Loss: 0.3299)
[====================                    ]: 4250 (Loss: 0.3523)
[====================                    ]: 4251 (Loss: 0.3633)
[====================                    ]: 4252 (Loss: 0.4585)
[=====================                   ]: 4253 (Loss: 0.4345)
[=====================                   ]: 4254 (Loss: 0.3948)
[======================                  ]: 4255 (Loss: 0.4132)
[======================                  ]: 4256 (Loss: 0.3626)
[======================                  ]: 4257 (Loss: 0.3329)
[=======================                 ]: 4258 (Loss: 0.4233)
[=======================                 ]: 4259 (Loss: 0.3707)
[========================                ]: 4260 (Loss: 0.4874)
[========================                ]: 4261 (Loss: 0.4233)
[========================                ]: 4262 (Loss: 0.3303)
[=========================               ]: 4263 (Loss: 0.3160)
[=========================               ]: 4264 (Loss: 0.3705)
[==========================              ]: 4265 (Loss: 0.3786)
[==========================              ]: 4266 (Loss: 0.5019)
[==========================              ]: 4267 (Loss: 0.4106)
[===========================             ]: 4268 (Loss: 0.3058)
[===========================             ]: 4269 (Loss: 0.3177)
[============================            ]: 4270 (Loss: 0.3482)
[============================            ]: 4271 (Loss: 0.4227)
[============================            ]: 4272 (Loss: 0.4190)
[=============================           ]: 4273 (Loss: 0.2602)
[=============================           ]: 4274 (Loss: 0.5254)
[==============================          ]: 4275 (Loss: 0.4466)
[==============================          ]: 4276 (Loss: 0.3682)
[==============================          ]: 4277 (Loss: 0.4745)
[===============================         ]: 4278 (Loss: 0.4359)
[===============================         ]: 4279 (Loss: 0.3136)
[================================        ]: 4280 (Loss: 0.5965)
[================================        ]: 4281 (Loss: 0.3856)
[================================        ]: 4282 (Loss: 0.4643)
[=================================       ]: 4283 (Loss: 0.3927)
[=================================       ]: 4284 (Loss: 0.3766)
[==================================      ]: 4285 (Loss: 0.5052)
[==================================      ]: 4286 (Loss: 0.2848)
[==================================      ]: 4287 (Loss: 0.4553)
[===================================     ]: 4288 (Loss: 0.3808)
[===================================     ]: 4289 (Loss: 0.2721)
[====================================    ]: 4290 (Loss: 0.3865)
[====================================    ]: 4291 (Loss: 0.3538)
[====================================    ]: 4292 (Loss: 0.3777)
[=====================================   ]: 4293 (Loss: 0.4543)
[=====================================   ]: 4294 (Loss: 0.3889)
[======================================  ]: 4295 (Loss: 0.3662)
[======================================  ]: 4296 (Loss: 0.3490)
[======================================  ]: 4297 (Loss: 0.3592)
[======================================= ]: 4298 (Loss: 0.4802)
[======================================= ]: 4299 (Loss: 0.2829)
[========================================]: 4300 (Loss: 0.4207)
                                                                                                    
[2026-07-16 21:48:46,854] [INFO] [__main__] Batch 4300 Loss: 0.386478 Cost: 7.01 Time: 77 ms/sequence
[2026-07-16 21:48:46,854] [INFO] [__main__] Advice weight norm: 19.068676 | Advice gradient norm: 0.000000

[                                        ]: 4301 (Loss: 0.3508)
[                                        ]: 4302 (Loss: 0.2866)
[=                                       ]: 4303 (Loss: 0.4065)
[=                                       ]: 4304 (Loss: 0.2952)
[==                                      ]: 4305 (Loss: 0.3270)
[==                                      ]: 4306 (Loss: 0.3265)
[==                                      ]: 4307 (Loss: 0.4608)
[===                                     ]: 4308 (Loss: 0.3448)
[===                                     ]: 4309 (Loss: 0.4657)
[====                                    ]: 4310 (Loss: 0.4891)
[====                                    ]: 4311 (Loss: 0.3073)
[====                                    ]: 4312 (Loss: 0.3611)
[=====                                   ]: 4313 (Loss: 0.3238)
[=====                                   ]: 4314 (Loss: 0.3366)
[======                                  ]: 4315 (Loss: 0.2414)
[======                                  ]: 4316 (Loss: 0.2769)
[======                                  ]: 4317 (Loss: 0.5001)
[=======                                 ]: 4318 (Loss: 0.4052)
[=======                                 ]: 4319 (Loss: 0.3925)
[========                                ]: 4320 (Loss: 0.3605)
[========                                ]: 4321 (Loss: 0.3341)
[========                                ]: 4322 (Loss: 0.3678)
[=========                               ]: 4323 (Loss: 0.4492)
[=========                               ]: 4324 (Loss: 0.3007)
[==========                              ]: 4325 (Loss: 0.4898)
[==========                              ]: 4326 (Loss: 0.3991)
[==========                              ]: 4327 (Loss: 0.4262)
[===========                             ]: 4328 (Loss: 0.3860)
[===========                             ]: 4329 (Loss: 0.3922)
[============                            ]: 4330 (Loss: 0.3805)
[============                            ]: 4331 (Loss: 0.4022)
[============                            ]: 4332 (Loss: 0.3738)
[=============                           ]: 4333 (Loss: 0.6005)
[=============                           ]: 4334 (Loss: 0.2870)
[==============                          ]: 4335 (Loss: 0.4400)
[==============                          ]: 4336 (Loss: 0.3978)
[==============                          ]: 4337 (Loss: 0.3365)
[===============                         ]: 4338 (Loss: 0.5122)
[===============                         ]: 4339 (Loss: 0.3923)
[================                        ]: 4340 (Loss: 0.3518)
[================                        ]: 4341 (Loss: 0.3638)
[================                        ]: 4342 (Loss: 0.3332)
[=================                       ]: 4343 (Loss: 0.3107)
[=================                       ]: 4344 (Loss: 0.2853)
[==================                      ]: 4345 (Loss: 0.5066)
[==================                      ]: 4346 (Loss: 0.3607)
[==================                      ]: 4347 (Loss: 0.2919)
[===================                     ]: 4348 (Loss: 0.3038)
[===================                     ]: 4349 (Loss: 0.3361)
[====================                    ]: 4350 (Loss: 0.3578)
[====================                    ]: 4351 (Loss: 0.4174)
[====================                    ]: 4352 (Loss: 0.4299)
[=====================                   ]: 4353 (Loss: 0.3174)
[=====================                   ]: 4354 (Loss: 0.4474)
[======================                  ]: 4355 (Loss: 0.2991)
[======================                  ]: 4356 (Loss: 0.3730)
[======================                  ]: 4357 (Loss: 0.4852)
[=======================                 ]: 4358 (Loss: 0.4051)
[=======================                 ]: 4359 (Loss: 0.3407)
[========================                ]: 4360 (Loss: 0.2585)
[========================                ]: 4361 (Loss: 0.3166)
[========================                ]: 4362 (Loss: 0.3447)
[=========================               ]: 4363 (Loss: 0.4870)
[=========================               ]: 4364 (Loss: 0.3448)
[==========================              ]: 4365 (Loss: 0.3981)
[==========================              ]: 4366 (Loss: 0.1911)
[==========================              ]: 4367 (Loss: 0.3004)
[===========================             ]: 4368 (Loss: 0.3828)
[===========================             ]: 4369 (Loss: 0.2917)
[============================            ]: 4370 (Loss: 0.4296)
[============================            ]: 4371 (Loss: 0.2376)
[============================            ]: 4372 (Loss: 0.3339)
[=============================           ]: 4373 (Loss: 0.4100)
[=============================           ]: 4374 (Loss: 0.3166)
[==============================          ]: 4375 (Loss: 0.2871)
[==============================          ]: 4376 (Loss: 0.2582)
[==============================          ]: 4377 (Loss: 0.3817)
[===============================         ]: 4378 (Loss: 0.3732)
[===============================         ]: 4379 (Loss: 0.3505)
[================================        ]: 4380 (Loss: 0.4468)
[================================        ]: 4381 (Loss: 0.2410)
[================================        ]: 4382 (Loss: 0.3670)
[=================================       ]: 4383 (Loss: 0.3017)
[=================================       ]: 4384 (Loss: 0.4192)
[==================================      ]: 4385 (Loss: 0.3898)
[==================================      ]: 4386 (Loss: 0.5142)
[==================================      ]: 4387 (Loss: 0.2228)
[===================================     ]: 4388 (Loss: 0.4023)
[===================================     ]: 4389 (Loss: 0.4585)
[====================================    ]: 4390 (Loss: 0.3439)
[====================================    ]: 4391 (Loss: 0.2694)
[====================================    ]: 4392 (Loss: 0.3826)
[=====================================   ]: 4393 (Loss: 0.5452)
[=====================================   ]: 4394 (Loss: 0.3107)
[======================================  ]: 4395 (Loss: 0.3877)
[======================================  ]: 4396 (Loss: 0.4000)
[======================================  ]: 4397 (Loss: 0.4818)
[======================================= ]: 4398 (Loss: 0.2630)
[======================================= ]: 4399 (Loss: 0.3681)
[========================================]: 4400 (Loss: 0.3256)
                                                                                                    
[2026-07-16 21:48:54,691] [INFO] [__main__] Batch 4400 Loss: 0.367782 Cost: 6.88 Time: 78 ms/sequence
[2026-07-16 21:48:54,692] [INFO] [__main__] Advice weight norm: 19.068676 | Advice gradient norm: 0.000000

[                                        ]: 4401 (Loss: 0.2314)
[                                        ]: 4402 (Loss: 0.3360)
[=                                       ]: 4403 (Loss: 0.3147)
[=                                       ]: 4404 (Loss: 0.3328)
[==                                      ]: 4405 (Loss: 0.4288)
[==                                      ]: 4406 (Loss: 0.3230)
[==                                      ]: 4407 (Loss: 0.3145)
[===                                     ]: 4408 (Loss: 0.3842)
[===                                     ]: 4409 (Loss: 0.3926)
[====                                    ]: 4410 (Loss: 0.4678)
[====                                    ]: 4411 (Loss: 0.3156)
[====                                    ]: 4412 (Loss: 0.4708)
[=====                                   ]: 4413 (Loss: 0.4238)
[=====                                   ]: 4414 (Loss: 0.3321)
[======                                  ]: 4415 (Loss: 0.3561)
[======                                  ]: 4416 (Loss: 0.3008)
[======                                  ]: 4417 (Loss: 0.3256)
[=======                                 ]: 4418 (Loss: 0.4051)
[=======                                 ]: 4419 (Loss: 0.4010)
[========                                ]: 4420 (Loss: 0.3850)
[========                                ]: 4421 (Loss: 0.4497)
[========                                ]: 4422 (Loss: 0.3609)
[=========                               ]: 4423 (Loss: 0.3104)
[=========                               ]: 4424 (Loss: 0.4891)
[==========                              ]: 4425 (Loss: 0.3791)
[==========                              ]: 4426 (Loss: 0.3332)
[==========                              ]: 4427 (Loss: 0.2834)
[===========                             ]: 4428 (Loss: 0.3065)
[===========                             ]: 4429 (Loss: 0.5480)
[============                            ]: 4430 (Loss: 0.2779)
[============                            ]: 4431 (Loss: 0.3540)
[============                            ]: 4432 (Loss: 0.3563)
[=============                           ]: 4433 (Loss: 0.4301)
[=============                           ]: 4434 (Loss: 0.3748)
[==============                          ]: 4435 (Loss: 0.4914)
[==============                          ]: 4436 (Loss: 0.3822)
[==============                          ]: 4437 (Loss: 0.3433)
[===============                         ]: 4438 (Loss: 0.4447)
[===============                         ]: 4439 (Loss: 0.2748)
[================                        ]: 4440 (Loss: 0.4618)
[================                        ]: 4441 (Loss: 0.3821)
[================                        ]: 4442 (Loss: 0.3722)
[=================                       ]: 4443 (Loss: 0.4312)
[=================                       ]: 4444 (Loss: 0.2757)
[==================                      ]: 4445 (Loss: 0.3195)
[==================                      ]: 4446 (Loss: 0.3500)
[==================                      ]: 4447 (Loss: 0.3759)
[===================                     ]: 4448 (Loss: 0.3944)
[===================                     ]: 4449 (Loss: 0.3146)
[====================                    ]: 4450 (Loss: 0.3292)
[====================                    ]: 4451 (Loss: 0.4302)
[====================                    ]: 4452 (Loss: 0.5001)
[=====================                   ]: 4453 (Loss: 0.3730)
[=====================                   ]: 4454 (Loss: 0.4091)
[======================                  ]: 4455 (Loss: 0.2926)
[======================                  ]: 4456 (Loss: 0.2618)
[======================                  ]: 4457 (Loss: 0.3340)
[=======================                 ]: 4458 (Loss: 0.2988)
[=======================                 ]: 4459 (Loss: 0.3040)
[========================                ]: 4460 (Loss: 0.2993)
[========================                ]: 4461 (Loss: 0.3268)
[========================                ]: 4462 (Loss: 0.4043)
[=========================               ]: 4463 (Loss: 0.2437)
[=========================               ]: 4464 (Loss: 0.3751)
[==========================              ]: 4465 (Loss: 0.3519)
[==========================              ]: 4466 (Loss: 0.4590)
[==========================              ]: 4467 (Loss: 0.3501)
[===========================             ]: 4468 (Loss: 0.4370)
[===========================             ]: 4469 (Loss: 0.3523)
[============================            ]: 4470 (Loss: 0.2177)
[============================            ]: 4471 (Loss: 0.4277)
[============================            ]: 4472 (Loss: 0.5033)
[=============================           ]: 4473 (Loss: 0.2760)
[=============================           ]: 4474 (Loss: 0.3325)
[==============================          ]: 4475 (Loss: 0.3246)
[==============================          ]: 4476 (Loss: 0.3370)
[==============================          ]: 4477 (Loss: 0.2695)
[===============================         ]: 4478 (Loss: 0.3123)
[===============================         ]: 4479 (Loss: 0.4518)
[================================        ]: 4480 (Loss: 0.4789)
[================================        ]: 4481 (Loss: 0.3774)
[================================        ]: 4482 (Loss: 0.4469)
[=================================       ]: 4483 (Loss: 0.3258)
[=================================       ]: 4484 (Loss: 0.3581)
[==================================      ]: 4485 (Loss: 0.3533)
[==================================      ]: 4486 (Loss: 0.3099)
[==================================      ]: 4487 (Loss: 0.2800)
[===================================     ]: 4488 (Loss: 0.4246)
[===================================     ]: 4489 (Loss: 0.4011)
[====================================    ]: 4490 (Loss: 0.3654)
[====================================    ]: 4491 (Loss: 0.3685)
[====================================    ]: 4492 (Loss: 0.3789)
[=====================================   ]: 4493 (Loss: 0.4485)
[=====================================   ]: 4494 (Loss: 0.4067)
[======================================  ]: 4495 (Loss: 0.4475)
[======================================  ]: 4496 (Loss: 0.3321)
[======================================  ]: 4497 (Loss: 0.3356)
[======================================= ]: 4498 (Loss: 0.3912)
[======================================= ]: 4499 (Loss: 0.4849)
[========================================]: 4500 (Loss: 0.2507)
                                                                                                    
[2026-07-16 21:49:02,378] [INFO] [__main__] Batch 4500 Loss: 0.366594 Cost: 6.84 Time: 76 ms/sequence
[2026-07-16 21:49:02,378] [INFO] [__main__] Advice weight norm: 19.068676 | Advice gradient norm: 0.000000

[                                        ]: 4501 (Loss: 0.2834)
[                                        ]: 4502 (Loss: 0.4244)
[=                                       ]: 4503 (Loss: 0.2944)
[=                                       ]: 4504 (Loss: 0.3810)
[==                                      ]: 4505 (Loss: 0.4038)
[==                                      ]: 4506 (Loss: 0.3941)
[==                                      ]: 4507 (Loss: 0.3372)
[===                                     ]: 4508 (Loss: 0.3932)
[===                                     ]: 4509 (Loss: 0.4475)
[====                                    ]: 4510 (Loss: 0.3288)
[====                                    ]: 4511 (Loss: 0.3664)
[====                                    ]: 4512 (Loss: 0.3703)
[=====                                   ]: 4513 (Loss: 0.3224)
[=====                                   ]: 4514 (Loss: 0.4462)
[======                                  ]: 4515 (Loss: 0.4775)
[======                                  ]: 4516 (Loss: 0.3550)
[======                                  ]: 4517 (Loss: 0.3389)
[=======                                 ]: 4518 (Loss: 0.3940)
[=======                                 ]: 4519 (Loss: 0.3001)
[========                                ]: 4520 (Loss: 0.4628)
[========                                ]: 4521 (Loss: 0.3368)
[========                                ]: 4522 (Loss: 0.4099)
[=========                               ]: 4523 (Loss: 0.3588)
[=========                               ]: 4524 (Loss: 0.4154)
[==========                              ]: 4525 (Loss: 0.4630)
[==========                              ]: 4526 (Loss: 0.3379)
[==========                              ]: 4527 (Loss: 0.3315)
[===========                             ]: 4528 (Loss: 0.3029)
[===========                             ]: 4529 (Loss: 0.4216)
[============                            ]: 4530 (Loss: 0.3054)
[============                            ]: 4531 (Loss: 0.2817)
[============                            ]: 4532 (Loss: 0.4363)
[=============                           ]: 4533 (Loss: 0.3036)
[=============                           ]: 4534 (Loss: 0.2742)
[==============                          ]: 4535 (Loss: 0.3364)
[==============                          ]: 4536 (Loss: 0.3463)
[==============                          ]: 4537 (Loss: 0.6209)
[===============                         ]: 4538 (Loss: 0.3573)
[===============                         ]: 4539 (Loss: 0.2644)
[================                        ]: 4540 (Loss: 0.2892)
[================                        ]: 4541 (Loss: 0.3504)
[================                        ]: 4542 (Loss: 0.2827)
[=================                       ]: 4543 (Loss: 0.3131)
[=================                       ]: 4544 (Loss: 0.4187)
[==================                      ]: 4545 (Loss: 0.4470)
[==================                      ]: 4546 (Loss: 0.3075)
[==================                      ]: 4547 (Loss: 0.3610)
[===================                     ]: 4548 (Loss: 0.5316)
[===================                     ]: 4549 (Loss: 0.4179)
[====================                    ]: 4550 (Loss: 0.4407)
[====================                    ]: 4551 (Loss: 0.4055)
[====================                    ]: 4552 (Loss: 0.2665)
[=====================                   ]: 4553 (Loss: 0.3022)
[=====================                   ]: 4554 (Loss: 0.4865)
[======================                  ]: 4555 (Loss: 0.3122)
[======================                  ]: 4556 (Loss: 0.3319)
[======================                  ]: 4557 (Loss: 0.4486)
[=======================                 ]: 4558 (Loss: 0.3001)
[=======================                 ]: 4559 (Loss: 0.3730)
[========================                ]: 4560 (Loss: 0.4068)
[========================                ]: 4561 (Loss: 0.2968)
[========================                ]: 4562 (Loss: 0.4768)
[=========================               ]: 4563 (Loss: 0.3427)
[=========================               ]: 4564 (Loss: 0.4091)
[==========================              ]: 4565 (Loss: 0.4231)
[==========================              ]: 4566 (Loss: 0.3812)
[==========================              ]: 4567 (Loss: 0.3286)
[===========================             ]: 4568 (Loss: 0.4249)
[===========================             ]: 4569 (Loss: 0.3213)
[============================            ]: 4570 (Loss: 0.2713)
[============================            ]: 4571 (Loss: 0.3835)
[============================            ]: 4572 (Loss: 0.3840)
[=============================           ]: 4573 (Loss: 0.3467)
[=============================           ]: 4574 (Loss: 0.2908)
[==============================          ]: 4575 (Loss: 0.4146)
[==============================          ]: 4576 (Loss: 0.3712)
[==============================          ]: 4577 (Loss: 0.2412)
[===============================         ]: 4578 (Loss: 0.4106)
[===============================         ]: 4579 (Loss: 0.2238)
[================================        ]: 4580 (Loss: 0.3382)
[================================        ]: 4581 (Loss: 0.2022)
[================================        ]: 4582 (Loss: 0.4002)
[=================================       ]: 4583 (Loss: 0.3036)
[=================================       ]: 4584 (Loss: 0.2664)
[==================================      ]: 4585 (Loss: 0.5713)
[==================================      ]: 4586 (Loss: 0.3408)
[==================================      ]: 4587 (Loss: 0.5374)
[===================================     ]: 4588 (Loss: 0.4580)
[===================================     ]: 4589 (Loss: 0.2779)
[====================================    ]: 4590 (Loss: 0.2932)
[====================================    ]: 4591 (Loss: 0.4641)
[====================================    ]: 4592 (Loss: 0.3105)
[=====================================   ]: 4593 (Loss: 0.2964)
[=====================================   ]: 4594 (Loss: 0.5248)
[======================================  ]: 4595 (Loss: 0.2895)
[======================================  ]: 4596 (Loss: 0.3589)
[======================================  ]: 4597 (Loss: 0.3164)
[======================================= ]: 4598 (Loss: 0.4322)
[======================================= ]: 4599 (Loss: 0.4103)
[========================================]: 4600 (Loss: 0.2412)
                                                                                                    
[2026-07-16 21:49:09,969] [INFO] [__main__] Batch 4600 Loss: 0.365943 Cost: 6.73 Time: 75 ms/sequence
[2026-07-16 21:49:09,969] [INFO] [__main__] Advice weight norm: 19.068676 | Advice gradient norm: 0.000000

[                                        ]: 4601 (Loss: 0.4122)
[                                        ]: 4602 (Loss: 0.3124)
[=                                       ]: 4603 (Loss: 0.4324)
[=                                       ]: 4604 (Loss: 0.3929)
[==                                      ]: 4605 (Loss: 0.3922)
[==                                      ]: 4606 (Loss: 0.3908)
[==                                      ]: 4607 (Loss: 0.3372)
[===                                     ]: 4608 (Loss: 0.3980)
[===                                     ]: 4609 (Loss: 0.4720)
[====                                    ]: 4610 (Loss: 0.2711)
[====                                    ]: 4611 (Loss: 0.4007)
[====                                    ]: 4612 (Loss: 0.4270)
[=====                                   ]: 4613 (Loss: 0.3886)
[=====                                   ]: 4614 (Loss: 0.4133)
[======                                  ]: 4615 (Loss: 0.4523)
[======                                  ]: 4616 (Loss: 0.3106)
[======                                  ]: 4617 (Loss: 0.4006)
[=======                                 ]: 4618 (Loss: 0.4135)
[=======                                 ]: 4619 (Loss: 0.4270)
[========                                ]: 4620 (Loss: 0.4164)
[========                                ]: 4621 (Loss: 0.2705)
[========                                ]: 4622 (Loss: 0.3179)
[=========                               ]: 4623 (Loss: 0.4817)
[=========                               ]: 4624 (Loss: 0.3170)
[==========                              ]: 4625 (Loss: 0.3823)
[==========                              ]: 4626 (Loss: 0.3119)
[==========                              ]: 4627 (Loss: 0.2692)
[===========                             ]: 4628 (Loss: 0.3232)
[===========                             ]: 4629 (Loss: 0.4279)
[============                            ]: 4630 (Loss: 0.3560)
[============                            ]: 4631 (Loss: 0.3747)
[============                            ]: 4632 (Loss: 0.3252)
[=============                           ]: 4633 (Loss: 0.3076)
[=============                           ]: 4634 (Loss: 0.4451)
[==============                          ]: 4635 (Loss: 0.3417)
[==============                          ]: 4636 (Loss: 0.2948)
[==============                          ]: 4637 (Loss: 0.4025)
[===============                         ]: 4638 (Loss: 0.4506)
[===============                         ]: 4639 (Loss: 0.2937)
[================                        ]: 4640 (Loss: 0.4181)
[================                        ]: 4641 (Loss: 0.2907)
[================                        ]: 4642 (Loss: 0.4367)
[=================                       ]: 4643 (Loss: 0.4698)
[=================                       ]: 4644 (Loss: 0.3818)
[==================                      ]: 4645 (Loss: 0.3734)
[==================                      ]: 4646 (Loss: 0.3332)
[==================                      ]: 4647 (Loss: 0.3571)
[===================                     ]: 4648 (Loss: 0.3467)
[===================                     ]: 4649 (Loss: 0.2930)
[====================                    ]: 4650 (Loss: 0.4423)
[====================                    ]: 4651 (Loss: 0.5294)
[====================                    ]: 4652 (Loss: 0.4146)
[=====================                   ]: 4653 (Loss: 0.4004)
[=====================                   ]: 4654 (Loss: 0.4748)
[======================                  ]: 4655 (Loss: 0.3536)
[======================                  ]: 4656 (Loss: 0.3592)
[======================                  ]: 4657 (Loss: 0.3499)
[=======================                 ]: 4658 (Loss: 0.3463)
[=======================                 ]: 4659 (Loss: 0.4587)
[========================                ]: 4660 (Loss: 0.4145)
[========================                ]: 4661 (Loss: 0.3674)
[========================                ]: 4662 (Loss: 0.3787)
[=========================               ]: 4663 (Loss: 0.3835)
[=========================               ]: 4664 (Loss: 0.3074)
[==========================              ]: 4665 (Loss: 0.4678)
[==========================              ]: 4666 (Loss: 0.3345)
[==========================              ]: 4667 (Loss: 0.4462)
[===========================             ]: 4668 (Loss: 0.3567)
[===========================             ]: 4669 (Loss: 0.4316)
[============================            ]: 4670 (Loss: 0.3722)
[============================            ]: 4671 (Loss: 0.4210)
[============================            ]: 4672 (Loss: 0.3935)
[=============================           ]: 4673 (Loss: 0.3370)
[=============================           ]: 4674 (Loss: 0.4410)
[==============================          ]: 4675 (Loss: 0.4816)
[==============================          ]: 4676 (Loss: 0.2966)
[==============================          ]: 4677 (Loss: 0.3393)
[===============================         ]: 4678 (Loss: 0.3237)
[===============================         ]: 4679 (Loss: 0.4765)
[================================        ]: 4680 (Loss: 0.5209)
[================================        ]: 4681 (Loss: 0.3644)
[================================        ]: 4682 (Loss: 0.3638)
[=================================       ]: 4683 (Loss: 0.2415)
[=================================       ]: 4684 (Loss: 0.3899)
[==================================      ]: 4685 (Loss: 0.4152)
[==================================      ]: 4686 (Loss: 0.4862)
[==================================      ]: 4687 (Loss: 0.4197)
[===================================     ]: 4688 (Loss: 0.2981)
[===================================     ]: 4689 (Loss: 0.3297)
[====================================    ]: 4690 (Loss: 0.3103)
[====================================    ]: 4691 (Loss: 0.3573)
[====================================    ]: 4692 (Loss: 0.3804)
[=====================================   ]: 4693 (Loss: 0.3539)
[=====================================   ]: 4694 (Loss: 0.4002)
[======================================  ]: 4695 (Loss: 0.3153)
[======================================  ]: 4696 (Loss: 0.2072)
[======================================  ]: 4697 (Loss: 0.4194)
[======================================= ]: 4698 (Loss: 0.3013)
[======================================= ]: 4699 (Loss: 0.3185)
[========================================]: 4700 (Loss: 0.3598)
                                                                                                    
[2026-07-16 21:49:17,692] [INFO] [__main__] Batch 4700 Loss: 0.377082 Cost: 7.37 Time: 77 ms/sequence
[2026-07-16 21:49:17,692] [INFO] [__main__] Advice weight norm: 19.068676 | Advice gradient norm: 0.000000

[                                        ]: 4701 (Loss: 0.4406)
[                                        ]: 4702 (Loss: 0.3657)
[=                                       ]: 4703 (Loss: 0.2995)
[=                                       ]: 4704 (Loss: 0.3373)
[==                                      ]: 4705 (Loss: 0.3472)
[==                                      ]: 4706 (Loss: 0.3429)
[==                                      ]: 4707 (Loss: 0.4595)
[===                                     ]: 4708 (Loss: 0.3787)
[===                                     ]: 4709 (Loss: 0.3332)
[====                                    ]: 4710 (Loss: 0.3478)
[====                                    ]: 4711 (Loss: 0.3264)
[====                                    ]: 4712 (Loss: 0.4138)
[=====                                   ]: 4713 (Loss: 0.4033)
[=====                                   ]: 4714 (Loss: 0.3931)
[======                                  ]: 4715 (Loss: 0.3710)
[======                                  ]: 4716 (Loss: 0.2517)
[======                                  ]: 4717 (Loss: 0.3333)
[=======                                 ]: 4718 (Loss: 0.5401)
[=======                                 ]: 4719 (Loss: 0.4329)
[========                                ]: 4720 (Loss: 0.5259)
[========                                ]: 4721 (Loss: 0.3266)
[========                                ]: 4722 (Loss: 0.3779)
[=========                               ]: 4723 (Loss: 0.2899)
[=========                               ]: 4724 (Loss: 0.4357)
[==========                              ]: 4725 (Loss: 0.4212)
[==========                              ]: 4726 (Loss: 0.2562)
[==========                              ]: 4727 (Loss: 0.3289)
[===========                             ]: 4728 (Loss: 0.3472)
[===========                             ]: 4729 (Loss: 0.3219)
[============                            ]: 4730 (Loss: 0.2780)
[============                            ]: 4731 (Loss: 0.3995)
[============                            ]: 4732 (Loss: 0.4355)
[=============                           ]: 4733 (Loss: 0.5120)
[=============                           ]: 4734 (Loss: 0.2147)
[==============                          ]: 4735 (Loss: 0.2715)
[==============                          ]: 4736 (Loss: 0.4075)
[==============                          ]: 4737 (Loss: 0.4341)
[===============                         ]: 4738 (Loss: 0.3140)
[===============                         ]: 4739 (Loss: 0.3030)
[================                        ]: 4740 (Loss: 0.3624)
[================                        ]: 4741 (Loss: 0.3518)
[================                        ]: 4742 (Loss: 0.2763)
[=================                       ]: 4743 (Loss: 0.3799)
[=================                       ]: 4744 (Loss: 0.3344)
[==================                      ]: 4745 (Loss: 0.5490)
[==================                      ]: 4746 (Loss: 0.5304)
[==================                      ]: 4747 (Loss: 0.3498)
[===================                     ]: 4748 (Loss: 0.4403)
[===================                     ]: 4749 (Loss: 0.3143)
[====================                    ]: 4750 (Loss: 0.3175)
[====================                    ]: 4751 (Loss: 0.3665)
[====================                    ]: 4752 (Loss: 0.4427)
[=====================                   ]: 4753 (Loss: 0.3088)
[=====================                   ]: 4754 (Loss: 0.3075)
[======================                  ]: 4755 (Loss: 0.3488)
[======================                  ]: 4756 (Loss: 0.3842)
[======================                  ]: 4757 (Loss: 0.2825)
[=======================                 ]: 4758 (Loss: 0.3684)
[=======================                 ]: 4759 (Loss: 0.2909)
[========================                ]: 4760 (Loss: 0.3077)
[========================                ]: 4761 (Loss: 0.2681)
[========================                ]: 4762 (Loss: 0.3748)
[=========================               ]: 4763 (Loss: 0.4413)
[=========================               ]: 4764 (Loss: 0.4054)
[==========================              ]: 4765 (Loss: 0.3393)
[==========================              ]: 4766 (Loss: 0.5498)
[==========================              ]: 4767 (Loss: 0.2135)
[===========================             ]: 4768 (Loss: 0.3662)
[===========================             ]: 4769 (Loss: 0.3513)
[============================            ]: 4770 (Loss: 0.3274)
[============================            ]: 4771 (Loss: 0.2426)
[============================            ]: 4772 (Loss: 0.2938)
[=============================           ]: 4773 (Loss: 0.3958)
[=============================           ]: 4774 (Loss: 0.2977)
[==============================          ]: 4775 (Loss: 0.2933)
[==============================          ]: 4776 (Loss: 0.3664)
[==============================          ]: 4777 (Loss: 0.3233)
[===============================         ]: 4778 (Loss: 0.6468)
[===============================         ]: 4779 (Loss: 0.4043)
[================================        ]: 4780 (Loss: 0.3106)
[================================        ]: 4781 (Loss: 0.5175)
[================================        ]: 4782 (Loss: 0.2930)
[=================================       ]: 4783 (Loss: 0.4062)
[=================================       ]: 4784 (Loss: 0.3828)
[==================================      ]: 4785 (Loss: 0.3693)
[==================================      ]: 4786 (Loss: 0.4817)
[==================================      ]: 4787 (Loss: 0.4978)
[===================================     ]: 4788 (Loss: 0.3958)
[===================================     ]: 4789 (Loss: 0.4164)
[====================================    ]: 4790 (Loss: 0.2890)
[====================================    ]: 4791 (Loss: 0.3475)
[====================================    ]: 4792 (Loss: 0.3745)
[=====================================   ]: 4793 (Loss: 0.4439)
[=====================================   ]: 4794 (Loss: 0.5085)
[======================================  ]: 4795 (Loss: 0.3485)
[======================================  ]: 4796 (Loss: 0.4050)
[======================================  ]: 4797 (Loss: 0.4424)
[======================================= ]: 4798 (Loss: 0.2798)
[======================================= ]: 4799 (Loss: 0.4159)
[========================================]: 4800 (Loss: 0.4013)
                                                                                                    
[2026-07-16 21:49:25,314] [INFO] [__main__] Batch 4800 Loss: 0.371608 Cost: 7.01 Time: 76 ms/sequence
[2026-07-16 21:49:25,314] [INFO] [__main__] Advice weight norm: 19.068676 | Advice gradient norm: 0.000000

[                                        ]: 4801 (Loss: 0.4230)
[                                        ]: 4802 (Loss: 0.3143)
[=                                       ]: 4803 (Loss: 0.3683)
[=                                       ]: 4804 (Loss: 0.3478)
[==                                      ]: 4805 (Loss: 0.2802)
[==                                      ]: 4806 (Loss: 0.4274)
[==                                      ]: 4807 (Loss: 0.4447)
[===                                     ]: 4808 (Loss: 0.3541)
[===                                     ]: 4809 (Loss: 0.3850)
[====                                    ]: 4810 (Loss: 0.2788)
[====                                    ]: 4811 (Loss: 0.3837)
[====                                    ]: 4812 (Loss: 0.2950)
[=====                                   ]: 4813 (Loss: 0.3988)
[=====                                   ]: 4814 (Loss: 0.2983)
[======                                  ]: 4815 (Loss: 0.3145)
[======                                  ]: 4816 (Loss: 0.4025)
[======                                  ]: 4817 (Loss: 0.3667)
[=======                                 ]: 4818 (Loss: 0.5038)
[=======                                 ]: 4819 (Loss: 0.3384)
[========                                ]: 4820 (Loss: 0.4110)
[========                                ]: 4821 (Loss: 0.3707)
[========                                ]: 4822 (Loss: 0.3749)
[=========                               ]: 4823 (Loss: 0.3059)
[=========                               ]: 4824 (Loss: 0.2741)
[==========                              ]: 4825 (Loss: 0.3594)
[==========                              ]: 4826 (Loss: 0.4549)
[==========                              ]: 4827 (Loss: 0.4303)
[===========                             ]: 4828 (Loss: 0.3377)
[===========                             ]: 4829 (Loss: 0.2198)
[============                            ]: 4830 (Loss: 0.2549)
[============                            ]: 4831 (Loss: 0.2533)
[============                            ]: 4832 (Loss: 0.4240)
[=============                           ]: 4833 (Loss: 0.3582)
[=============                           ]: 4834 (Loss: 0.2582)
[==============                          ]: 4835 (Loss: 0.3963)
[==============                          ]: 4836 (Loss: 0.3594)
[==============                          ]: 4837 (Loss: 0.3655)
[===============                         ]: 4838 (Loss: 0.3303)
[===============                         ]: 4839 (Loss: 0.2594)
[================                        ]: 4840 (Loss: 0.3155)
[================                        ]: 4841 (Loss: 0.3294)
[================                        ]: 4842 (Loss: 0.3635)
[=================                       ]: 4843 (Loss: 0.3084)
[=================                       ]: 4844 (Loss: 0.2054)
[==================                      ]: 4845 (Loss: 0.2224)
[==================                      ]: 4846 (Loss: 0.3945)
[==================                      ]: 4847 (Loss: 0.1885)
[===================                     ]: 4848 (Loss: 0.2854)
[===================                     ]: 4849 (Loss: 0.2102)
[====================                    ]: 4850 (Loss: 0.2853)
[====================                    ]: 4851 (Loss: 0.3898)
[====================                    ]: 4852 (Loss: 0.4306)
[=====================                   ]: 4853 (Loss: 0.4519)
[=====================                   ]: 4854 (Loss: 0.4391)
[======================                  ]: 4855 (Loss: 0.4906)
[======================                  ]: 4856 (Loss: 0.3527)
[======================                  ]: 4857 (Loss: 0.3750)
[=======================                 ]: 4858 (Loss: 0.3195)
[=======================                 ]: 4859 (Loss: 0.2810)
[========================                ]: 4860 (Loss: 0.3784)
[========================                ]: 4861 (Loss: 0.3983)
[========================                ]: 4862 (Loss: 0.3369)
[=========================               ]: 4863 (Loss: 0.2759)
[=========================               ]: 4864 (Loss: 0.4255)
[==========================              ]: 4865 (Loss: 0.5185)
[==========================              ]: 4866 (Loss: 0.4472)
[==========================              ]: 4867 (Loss: 0.2390)
[===========================             ]: 4868 (Loss: 0.2984)
[===========================             ]: 4869 (Loss: 0.2850)
[============================            ]: 4870 (Loss: 0.2738)
[============================            ]: 4871 (Loss: 0.3110)
[============================            ]: 4872 (Loss: 0.3546)
[=============================           ]: 4873 (Loss: 0.4394)
[=============================           ]: 4874 (Loss: 0.3355)
[==============================          ]: 4875 (Loss: 0.3741)
[==============================          ]: 4876 (Loss: 0.4591)
[==============================          ]: 4877 (Loss: 0.3596)
[===============================         ]: 4878 (Loss: 0.3676)
[===============================         ]: 4879 (Loss: 0.4041)
[================================        ]: 4880 (Loss: 0.2661)
[================================        ]: 4881 (Loss: 0.2808)
[================================        ]: 4882 (Loss: 0.5287)
[=================================       ]: 4883 (Loss: 0.2497)
[=================================       ]: 4884 (Loss: 0.2260)
[==================================      ]: 4885 (Loss: 0.3300)
[==================================      ]: 4886 (Loss: 0.2687)
[==================================      ]: 4887 (Loss: 0.3590)
[===================================     ]: 4888 (Loss: 0.4426)
[===================================     ]: 4889 (Loss: 0.4544)
[====================================    ]: 4890 (Loss: 0.2710)
[====================================    ]: 4891 (Loss: 0.3675)
[====================================    ]: 4892 (Loss: 0.4028)
[=====================================   ]: 4893 (Loss: 0.2193)
[=====================================   ]: 4894 (Loss: 0.3155)
[======================================  ]: 4895 (Loss: 0.4514)
[======================================  ]: 4896 (Loss: 0.3898)
[======================================  ]: 4897 (Loss: 0.3636)
[======================================= ]: 4898 (Loss: 0.1706)
[======================================= ]: 4899 (Loss: 0.3081)
[========================================]: 4900 (Loss: 0.3595)
                                                                                                    
[2026-07-16 21:49:32,995] [INFO] [__main__] Batch 4900 Loss: 0.346698 Cost: 6.32 Time: 76 ms/sequence
[2026-07-16 21:49:32,995] [INFO] [__main__] Advice weight norm: 19.068676 | Advice gradient norm: 0.000000

[                                        ]: 4901 (Loss: 0.5229)
[                                        ]: 4902 (Loss: 0.2301)
[=                                       ]: 4903 (Loss: 0.4004)
[=                                       ]: 4904 (Loss: 0.3557)
[==                                      ]: 4905 (Loss: 0.2670)
[==                                      ]: 4906 (Loss: 0.4196)
[==                                      ]: 4907 (Loss: 0.4030)
[===                                     ]: 4908 (Loss: 0.3036)
[===                                     ]: 4909 (Loss: 0.4013)
[====                                    ]: 4910 (Loss: 0.3609)
[====                                    ]: 4911 (Loss: 0.2540)
[====                                    ]: 4912 (Loss: 0.2903)
[=====                                   ]: 4913 (Loss: 0.3038)
[=====                                   ]: 4914 (Loss: 0.3794)
[======                                  ]: 4915 (Loss: 0.3151)
[======                                  ]: 4916 (Loss: 0.2583)
[======                                  ]: 4917 (Loss: 0.3889)
[=======                                 ]: 4918 (Loss: 0.3411)
[=======                                 ]: 4919 (Loss: 0.2759)
[========                                ]: 4920 (Loss: 0.3774)
[========                                ]: 4921 (Loss: 0.2128)
[========                                ]: 4922 (Loss: 0.2856)
[=========                               ]: 4923 (Loss: 0.4451)
[=========                               ]: 4924 (Loss: 0.3894)
[==========                              ]: 4925 (Loss: 0.4033)
[==========                              ]: 4926 (Loss: 0.3608)
[==========                              ]: 4927 (Loss: 0.3056)
[===========                             ]: 4928 (Loss: 0.3095)
[===========                             ]: 4929 (Loss: 0.3282)
[============                            ]: 4930 (Loss: 0.2297)
[============                            ]: 4931 (Loss: 0.3182)
[============                            ]: 4932 (Loss: 0.2523)
[=============                           ]: 4933 (Loss: 0.3736)
[=============                           ]: 4934 (Loss: 0.3693)
[==============                          ]: 4935 (Loss: 0.4916)
[==============                          ]: 4936 (Loss: 0.3835)
[==============                          ]: 4937 (Loss: 0.3736)
[===============                         ]: 4938 (Loss: 0.4292)
[===============                         ]: 4939 (Loss: 0.2770)
[================                        ]: 4940 (Loss: 0.3370)
[================                        ]: 4941 (Loss: 0.3646)
[================                        ]: 4942 (Loss: 0.3185)
[=================                       ]: 4943 (Loss: 0.5703)
[=================                       ]: 4944 (Loss: 0.3896)
[==================                      ]: 4945 (Loss: 0.3535)
[==================                      ]: 4946 (Loss: 0.3723)
[==================                      ]: 4947 (Loss: 0.2892)
[===================                     ]: 4948 (Loss: 0.3475)
[===================                     ]: 4949 (Loss: 0.3915)
[====================                    ]: 4950 (Loss: 0.3671)
[====================                    ]: 4951 (Loss: 0.3532)
[====================                    ]: 4952 (Loss: 0.3525)
[=====================                   ]: 4953 (Loss: 0.4424)
[=====================                   ]: 4954 (Loss: 0.4089)
[======================                  ]: 4955 (Loss: 0.3906)
[======================                  ]: 4956 (Loss: 0.3550)
[======================                  ]: 4957 (Loss: 0.3872)
[=======================                 ]: 4958 (Loss: 0.2550)
[=======================                 ]: 4959 (Loss: 0.2836)
[========================                ]: 4960 (Loss: 0.3769)
[========================                ]: 4961 (Loss: 0.3129)
[========================                ]: 4962 (Loss: 0.4204)
[=========================               ]: 4963 (Loss: 0.4001)
[=========================               ]: 4964 (Loss: 0.1995)
[==========================              ]: 4965 (Loss: 0.3433)
[==========================              ]: 4966 (Loss: 0.5014)
[==========================              ]: 4967 (Loss: 0.3733)
[===========================             ]: 4968 (Loss: 0.4966)
[===========================             ]: 4969 (Loss: 0.4392)
[============================            ]: 4970 (Loss: 0.4727)
[============================            ]: 4971 (Loss: 0.2956)
[============================            ]: 4972 (Loss: 0.3392)
[=============================           ]: 4973 (Loss: 0.3905)
[=============================           ]: 4974 (Loss: 0.3797)
[==============================          ]: 4975 (Loss: 0.2925)
[==============================          ]: 4976 (Loss: 0.2648)
[==============================          ]: 4977 (Loss: 0.4383)
[===============================         ]: 4978 (Loss: 0.3723)
[===============================         ]: 4979 (Loss: 0.2600)
[================================        ]: 4980 (Loss: 0.3898)
[================================        ]: 4981 (Loss: 0.4530)
[================================        ]: 4982 (Loss: 0.3217)
[=================================       ]: 4983 (Loss: 0.4519)
[=================================       ]: 4984 (Loss: 0.5988)
[==================================      ]: 4985 (Loss: 0.3617)
[==================================      ]: 4986 (Loss: 0.4251)
[==================================      ]: 4987 (Loss: 0.3402)
[===================================     ]: 4988 (Loss: 0.2939)
[===================================     ]: 4989 (Loss: 0.3132)
[====================================    ]: 4990 (Loss: 0.2283)
[====================================    ]: 4991 (Loss: 0.4151)
[====================================    ]: 4992 (Loss: 0.2643)
[=====================================   ]: 4993 (Loss: 0.2786)
[=====================================   ]: 4994 (Loss: 0.2506)
[======================================  ]: 4995 (Loss: 0.3195)
[======================================  ]: 4996 (Loss: 0.3218)
[======================================  ]: 4997 (Loss: 0.4304)
[======================================= ]: 4998 (Loss: 0.3710)
[======================================= ]: 4999 (Loss: 0.2954)
[========================================]: 5000 (Loss: 0.3650)
                                                                                                    
[2026-07-16 21:49:40,646] [INFO] [__main__] Batch 5000 Loss: 0.355751 Cost: 6.54 Time: 76 ms/sequence
[2026-07-16 21:49:40,647] [INFO] [__main__] Advice weight norm: 19.068676 | Advice gradient norm: 0.000000

                                                                                                    
[2026-07-16 21:49:40,648] [INFO] [__main__] Saving checkpoint to 'runs\copy_sanity_len5\copy\zero\seed_1001\checkpoint-batch-00005000.pt'

                                                                                                    
[2026-07-16 21:49:40,723] [INFO] [__main__] Saving checkpoint to 'runs\copy_sanity_len5\copy\zero\seed_1001\checkpoint-final.pt'
[2026-07-16 21:49:40,791] [INFO] [__main__] Final advice weight norm: 19.068676
[2026-07-16 21:49:40,791] [INFO] [__main__] Done training.
