task,group,metric,advice_type,batch,mean,std,min,max,n_seeds,seeds,common_horizon,report_interval,sd_shading
even-palindrome,baseline_vs_combined,loss,none,200,0.7025381284455458,0.0029770549019757734,0.6992588981986045,0.7062443980574608,6,"1000,1001,1002,1003,1004,1005",100000,200,True
even-palindrome,baseline_vs_combined,loss,none,400,0.7002254454791546,0.007288918238636818,0.6932461865246295,0.7155366984009742,6,"1000,1001,1002,1003,1004,1005",100000,200,True
even-palindrome,baseline_vs_combined,loss,none,600,0.7013299039254587,0.00655193535120505,0.6944474223256111,0.7106125313043594,6,"1000,1001,1002,1003,1004,1005",100000,200,True
even-palindrome,baseline_vs_combined,loss,none,800,0.6986800501992305,0.004775874070577341,0.6928578807413578,0.706389571428299,6,"1000,1001,1002,1003,1004,1005",100000,200,True
even-palindrome,baseline_vs_combined,loss,none,1000,0.6918914864460627,0.005504280331684381,0.6820792979001999,0.6963101816177368,6,"1000,1001,1002,1003,1004,1005",100000,200,True
even-palindrome,baseline_vs_combined,loss,none,1200,0.6958514873435101,0.009893892168251388,0.6862318556010724,0.7145423060655594,6,"1000,1001,1002,1003,1004,1005",100000,200,True
even-palindrome,baseline_vs_combined,loss,none,1400,0.6872123283644517,0.007730448672708366,0.6741651557385921,0.697098683565855,6,"1000,1001,1002,1003,1004,1005",100000,200,True
even-palindrome,baseline_vs_combined,loss,none,1600,0.6777514974648754,0.012347336196229729,0.6579881446063518,0.695524854362011,6,"1000,1001,1002,1003,1004,1005",100000,200,True
even-palindrome,baseline_vs_combined,loss,none,1800,0.6696904620590308,0.009968633106424435,0.6478149540349841,0.6770564350485802,6,"1000,1001,1002,1003,1004,1005",100000,200,True
even-palindrome,baseline_vs_combined,loss,none,2000,0.661451489838461,0.016607938968445517,0.6449192560836673,0.6928848080337048,6,"1000,1001,1002,1003,1004,1005",100000,200,True
even-palindrome,baseline_vs_combined,loss,none,2200,0.6551067199868461,0.026590797912219397,0.6327256734296679,0.7035220047086477,6,"1000,1001,1002,1003,1004,1005",100000,200,True
even-palindrome,baseline_vs_combined,loss,none,2400,0.6606777241251742,0.03314402116014098,0.6065841002389789,0.7090263586770743,6,"1000,1001,1002,1003,1004,1005",100000,200,True
even-palindrome,baseline_vs_combined,loss,none,2600,0.6546435079343306,0.020158202534791978,0.6298363979719579,0.6925646384060383,6,"1000,1001,1002,1003,1004,1005",100000,200,True
even-palindrome,baseline_vs_combined,loss,none,2800,0.6476193363203978,0.025294472940673177,0.609337080065161,0.6773135159164667,6,"1000,1001,1002,1003,1004,1005",100000,200,True
even-palindrome,baseline_vs_combined,loss,none,3000,0.6473551929493745,0.015299323354438399,0.6133563082758338,0.6576191097963602,6,"1000,1001,1002,1003,1004,1005",100000,200,True
even-palindrome,baseline_vs_combined,loss,none,3200,0.6400310870686856,0.024214724760236794,0.6134150124900043,0.6796632191538811,6,"1000,1001,1002,1003,1004,1005",100000,200,True
even-palindrome,baseline_vs_combined,loss,none,3400,0.6460053234438723,0.021394861076306993,0.6108009461220354,0.6826532584428787,6,"1000,1001,1002,1003,1004,1005",100000,200,True
even-palindrome,baseline_vs_combined,loss,none,3600,0.6295793789671734,0.025737128866504182,0.5821805130597204,0.6652957366406917,6,"1000,1001,1002,1003,1004,1005",100000,200,True
even-palindrome,baseline_vs_combined,loss,none,3800,0.6480511088840043,0.027144496011698518,0.6008037442527712,0.6782798203267157,6,"1000,1001,1002,1003,1004,1005",100000,200,True
even-palindrome,baseline_vs_combined,loss,none,4000,0.6182443726373216,0.026604088428831094,0.5766930817998945,0.6542644124478102,6,"1000,1001,1002,1003,1004,1005",100000,200,True
even-palindrome,baseline_vs_combined,loss,none,4200,0.6263776110865485,0.0130961452619606,0.6102595149725676,0.6480715204402805,6,"1000,1001,1002,1003,1004,1005",100000,200,True
even-palindrome,baseline_vs_combined,loss,none,4400,0.6311664121085777,0.019529711770480646,0.5961051503708586,0.6626036746054887,6,"1000,1001,1002,1003,1004,1005",100000,200,True
even-palindrome,baseline_vs_combined,loss,none,4600,0.6097354568114194,0.03363264926329998,0.5601956260623411,0.6585272479895502,6,"1000,1001,1002,1003,1004,1005",100000,200,True
even-palindrome,baseline_vs_combined,loss,none,4800,0.6213581304058122,0.029814535923852196,0.5806987618794665,0.652340611293912,6,"1000,1001,1002,1003,1004,1005",100000,200,True
even-palindrome,baseline_vs_combined,loss,none,5000,0.6102998712728731,0.005847674206232103,0.6031680883374065,0.6200235639885068,6,"1000,1001,1002,1003,1004,1005",100000,200,True
even-palindrome,baseline_vs_combined,loss,none,5200,0.607084733847684,0.03549012246200451,0.56563073143363,0.6793176568159833,6,"1000,1001,1002,1003,1004,1005",100000,200,True
even-palindrome,baseline_vs_combined,loss,none,5400,0.6085249780568606,0.03410233448333249,0.5611440778849647,0.6584759735874832,6,"1000,1001,1002,1003,1004,1005",100000,200,True
even-palindrome,baseline_vs_combined,loss,none,5600,0.6073497049498837,0.024435841305667474,0.5711968585546129,0.6448033091938123,6,"1000,1001,1002,1003,1004,1005",100000,200,True
even-palindrome,baseline_vs_combined,loss,none,5800,0.6062115798545225,0.028246830010953055,0.5561733442544937,0.6444059289596044,6,"1000,1001,1002,1003,1004,1005",100000,200,True
even-palindrome,baseline_vs_combined,loss,none,6000,0.6055416246732541,0.03261780123336797,0.5559270588308572,0.6548036920512095,6,"1000,1001,1002,1003,1004,1005",100000,200,True
even-palindrome,baseline_vs_combined,loss,none,6200,0.6166583803730706,0.03623145365928741,0.5779859044821933,0.6692749495245516,6,"1000,1001,1002,1003,1004,1005",100000,200,True
even-palindrome,baseline_vs_combined,loss,none,6400,0.6062483846986045,0.026318103625535962,0.5810486025176942,0.6606723829358816,6,"1000,1001,1002,1003,1004,1005",100000,200,True
even-palindrome,baseline_vs_combined,loss,none,6600,0.602943118873906,0.0316722278240522,0.5496968095656485,0.6539584047719836,6,"1000,1001,1002,1003,1004,1005",100000,200,True
even-palindrome,baseline_vs_combined,loss,none,6800,0.5851463422986368,0.03903733354218617,0.5431583738327026,0.6602472097519785,6,"1000,1001,1002,1003,1004,1005",100000,200,True
even-palindrome,baseline_vs_combined,loss,none,7000,0.5888641775440191,0.028031578883941716,0.5461205343529582,0.6234763579629362,6,"1000,1001,1002,1003,1004,1005",100000,200,True
even-palindrome,baseline_vs_combined,loss,none,7200,0.6161260627258646,0.03130069347348743,0.5713695625262335,0.6598825247818604,6,"1000,1001,1002,1003,1004,1005",100000,200,True
even-palindrome,baseline_vs_combined,loss,none,7400,0.6009250639301414,0.023506304931236437,0.5565046920301393,0.6298459723265841,6,"1000,1001,1002,1003,1004,1005",100000,200,True
even-palindrome,baseline_vs_combined,loss,none,7600,0.5942323595149598,0.03267710091871558,0.5464255949063227,0.6448579302895814,6,"1000,1001,1002,1003,1004,1005",100000,200,True
even-palindrome,baseline_vs_combined,loss,none,7800,0.5955804825997134,0.03254121427268906,0.5548300544172525,0.6383121616020798,6,"1000,1001,1002,1003,1004,1005",100000,200,True
even-palindrome,baseline_vs_combined,loss,none,8000,0.5950594005749251,0.028501980123793763,0.5454812121926806,0.6294892388582229,6,"1000,1001,1002,1003,1004,1005",100000,200,True
even-palindrome,baseline_vs_combined,loss,none,8200,0.5873280119414751,0.016618547324942938,0.5653299034992233,0.6109980290057138,6,"1000,1001,1002,1003,1004,1005",100000,200,True
even-palindrome,baseline_vs_combined,loss,none,8400,0.5857066079921788,0.036989012113209034,0.5323160460824147,0.6347022143192589,6,"1000,1001,1002,1003,1004,1005",100000,200,True
even-palindrome,baseline_vs_combined,loss,none,8600,0.5946842844660083,0.028082576799694253,0.567094176618848,0.6515883662272245,6,"1000,1001,1002,1003,1004,1005",100000,200,True
even-palindrome,baseline_vs_combined,loss,none,8800,0.5764650297844006,0.03939799814575633,0.5112924408889375,0.6228587609133683,6,"1000,1001,1002,1003,1004,1005",100000,200,True
even-palindrome,baseline_vs_combined,loss,none,9000,0.5533232280844823,0.012396234795484308,0.5289592124533374,0.5702472593146376,6,"1000,1001,1002,1003,1004,1005",100000,200,True
even-palindrome,baseline_vs_combined,loss,none,9200,0.5676525582347919,0.02778115911447195,0.5341754298156594,0.622877560025081,6,"1000,1001,1002,1003,1004,1005",100000,200,True
even-palindrome,baseline_vs_combined,loss,none,9400,0.573577312923735,0.02060133466185891,0.5455995282507502,0.6131201126473025,6,"1000,1001,1002,1003,1004,1005",100000,200,True
even-palindrome,baseline_vs_combined,loss,none,9600,0.5662136888187767,0.02217374688083808,0.5314069197373464,0.599711621243041,6,"1000,1001,1002,1003,1004,1005",100000,200,True
even-palindrome,baseline_vs_combined,loss,none,9800,0.585406944839051,0.031852312920861846,0.528043687895406,0.6320401699654759,6,"1000,1001,1002,1003,1004,1005",100000,200,True
even-palindrome,baseline_vs_combined,loss,none,10000,0.5565886503122359,0.022681168357782947,0.5170982097391971,0.5885112604987808,6,"1000,1001,1002,1003,1004,1005",100000,200,True
even-palindrome,baseline_vs_combined,loss,none,10200,0.5765159926800697,0.06910404001744265,0.5101907168840989,0.7199039211589843,6,"1000,1001,1002,1003,1004,1005",100000,200,True
even-palindrome,baseline_vs_combined,loss,none,10400,0.5492481086678163,0.022125018984343957,0.5182656053311075,0.5812155809043906,6,"1000,1001,1002,1003,1004,1005",100000,200,True
even-palindrome,baseline_vs_combined,loss,none,10600,0.5403358363770046,0.03616245387494904,0.5002686952170916,0.600223012646893,6,"1000,1001,1002,1003,1004,1005",100000,200,True
even-palindrome,baseline_vs_combined,loss,none,10800,0.5523272450584045,0.03218907950403591,0.5211444756295532,0.6167269638343714,6,"1000,1001,1002,1003,1004,1005",100000,200,True
even-palindrome,baseline_vs_combined,loss,none,11000,0.5483152362445253,0.032049920400368255,0.5155194415571168,0.5956532685714774,6,"1000,1001,1002,1003,1004,1005",100000,200,True
even-palindrome,baseline_vs_combined,loss,none,11200,0.5685549100623272,0.03504378357093231,0.4981284269364551,0.611028084079735,6,"1000,1001,1002,1003,1004,1005",100000,200,True
even-palindrome,baseline_vs_combined,loss,none,11400,0.5666554967057892,0.06850887122383971,0.5155498542124406,0.7159506265399977,6,"1000,1001,1002,1003,1004,1005",100000,200,True
even-palindrome,baseline_vs_combined,loss,none,11600,0.5618337858802018,0.044510143032890484,0.5053039727942087,0.6347459701588377,6,"1000,1001,1002,1003,1004,1005",100000,200,True
even-palindrome,baseline_vs_combined,loss,none,11800,0.5508749167784117,0.0312903483498541,0.4902341560134664,0.5802287739072927,6,"1000,1001,1002,1003,1004,1005",100000,200,True
even-palindrome,baseline_vs_combined,loss,none,12000,0.5501938412696957,0.03743161575624352,0.4962989475391805,0.6042824725760148,6,"1000,1001,1002,1003,1004,1005",100000,200,True
even-palindrome,baseline_vs_combined,loss,none,12200,0.5663361488721178,0.030804410313122595,0.5102538003283553,0.6079534553852863,6,"1000,1001,1002,1003,1004,1005",100000,200,True
even-palindrome,baseline_vs_combined,loss,none,12400,0.5437773611179243,0.04612207098741209,0.4836233491927851,0.6004908649658318,6,"1000,1001,1002,1003,1004,1005",100000,200,True
even-palindrome,baseline_vs_combined,loss,none,12600,0.5556411663040247,0.038321540270767715,0.5125108751474181,0.6264301898039412,6,"1000,1001,1002,1003,1004,1005",100000,200,True
even-palindrome,baseline_vs_combined,loss,none,12800,0.5554264507234621,0.04096993964877875,0.49656909917568554,0.6311613690725062,6,"1000,1001,1002,1003,1004,1005",100000,200,True
even-palindrome,baseline_vs_combined,loss,none,13000,0.5472200158977648,0.0518772604163593,0.4815914929332212,0.6272428251814562,6,"1000,1001,1002,1003,1004,1005",100000,200,True
even-palindrome,baseline_vs_combined,loss,none,13200,0.5240743430287693,0.043552201834541324,0.4785421271342784,0.5965525737602729,6,"1000,1001,1002,1003,1004,1005",100000,200,True
even-palindrome,baseline_vs_combined,loss,none,13400,0.5341290199332677,0.049185463172905695,0.4708915090834489,0.6165331899235025,6,"1000,1001,1002,1003,1004,1005",100000,200,True
even-palindrome,baseline_vs_combined,loss,none,13600,0.5332783557384392,0.030841052792547823,0.47457718932302667,0.5623061144870007,6,"1000,1001,1002,1003,1004,1005",100000,200,True
even-palindrome,baseline_vs_combined,loss,none,13800,0.5353185757963851,0.033353500288712624,0.49354049921254045,0.5834442576789297,6,"1000,1001,1002,1003,1004,1005",100000,200,True
even-palindrome,baseline_vs_combined,loss,none,14000,0.5364596655844313,0.03866106153829814,0.4880786196741974,0.6115624317160109,6,"1000,1001,1002,1003,1004,1005",100000,200,True
even-palindrome,baseline_vs_combined,loss,none,14200,0.5355159645055877,0.048146278382231414,0.47883930428070015,0.6219166381149261,6,"1000,1001,1002,1003,1004,1005",100000,200,True
even-palindrome,baseline_vs_combined,loss,none,14400,0.5578053325117678,0.05206875341139147,0.49663880588370374,0.6577695459185634,6,"1000,1001,1002,1003,1004,1005",100000,200,True
even-palindrome,baseline_vs_combined,loss,none,14600,0.5211792799038206,0.04669007184288476,0.4507972760807024,0.5851990181172733,6,"1000,1001,1002,1003,1004,1005",100000,200,True
even-palindrome,baseline_vs_combined,loss,none,14800,0.5165273205895937,0.022282969984137476,0.47545082984666803,0.550003873759997,6,"1000,1001,1002,1003,1004,1005",100000,200,True
even-palindrome,baseline_vs_combined,loss,none,15000,0.5489147207608767,0.09384726024938514,0.43079237107071094,0.7413590318203205,6,"1000,1001,1002,1003,1004,1005",100000,200,True
even-palindrome,baseline_vs_combined,loss,none,15200,0.5259798749184604,0.06617319025397468,0.4425233800528804,0.6266712052444927,6,"1000,1001,1002,1003,1004,1005",100000,200,True
even-palindrome,baseline_vs_combined,loss,none,15400,0.5435072984387687,0.05356029716891046,0.4405974330753088,0.6117607877677074,6,"1000,1001,1002,1003,1004,1005",100000,200,True
even-palindrome,baseline_vs_combined,loss,none,15600,0.5172325174382907,0.05094074850968612,0.4402864162164042,0.6019938685715897,6,"1000,1001,1002,1003,1004,1005",100000,200,True
even-palindrome,baseline_vs_combined,loss,none,15800,0.5064317740769547,0.03168155714349806,0.44640506370691585,0.547197894572746,6,"1000,1001,1002,1003,1004,1005",100000,200,True
even-palindrome,baseline_vs_combined,loss,none,16000,0.5340686222891964,0.0399383263421216,0.4674732702993788,0.595286275006365,6,"1000,1001,1002,1003,1004,1005",100000,200,True
even-palindrome,baseline_vs_combined,loss,none,16200,0.5358604740650965,0.0574695292825161,0.4300372260651784,0.5904877877735999,6,"1000,1001,1002,1003,1004,1005",100000,200,True
even-palindrome,baseline_vs_combined,loss,none,16400,0.5072615072609914,0.045003891595622285,0.43718539739609696,0.5531889536074596,6,"1000,1001,1002,1003,1004,1005",100000,200,True
even-palindrome,baseline_vs_combined,loss,none,16600,0.5465082707657468,0.0560687387298051,0.45786320984872875,0.6206007956358371,6,"1000,1001,1002,1003,1004,1005",100000,200,True
even-palindrome,baseline_vs_combined,loss,none,16800,0.5182878842962114,0.0704857363642981,0.4297186967165908,0.6403880704427138,6,"1000,1001,1002,1003,1004,1005",100000,200,True
even-palindrome,baseline_vs_combined,loss,none,17000,0.5316079591615683,0.06111792467566125,0.4496566325362073,0.6206271621451015,6,"1000,1001,1002,1003,1004,1005",100000,200,True
even-palindrome,baseline_vs_combined,loss,none,17200,0.5416596250279326,0.031503372121851184,0.4992951258562971,0.5912809559065499,6,"1000,1001,1002,1003,1004,1005",100000,200,True
even-palindrome,baseline_vs_combined,loss,none,17400,0.5230858279572567,0.026152230491223064,0.49209098001243545,0.5665836495894473,6,"1000,1001,1002,1003,1004,1005",100000,200,True
even-palindrome,baseline_vs_combined,loss,none,17600,0.5137614344999747,0.06294116093839387,0.43232430834555996,0.5961894491699059,6,"1000,1001,1002,1003,1004,1005",100000,200,True
even-palindrome,baseline_vs_combined,loss,none,17800,0.5370220655647547,0.05630986295439513,0.42713918938301504,0.6090875541133574,6,"1000,1001,1002,1003,1004,1005",100000,200,True
even-palindrome,baseline_vs_combined,loss,none,18000,0.4958979906881238,0.07055683129159646,0.3580433662974974,0.5840777116734535,6,"1000,1001,1002,1003,1004,1005",100000,200,True
even-palindrome,baseline_vs_combined,loss,none,18200,0.4907252981577342,0.047831138077349754,0.397971440073452,0.5500317860601354,6,"1000,1001,1002,1003,1004,1005",100000,200,True
even-palindrome,baseline_vs_combined,loss,none,18400,0.48418912780558454,0.06074388730232012,0.39630362413357945,0.5690561131288996,6,"1000,1001,1002,1003,1004,1005",100000,200,True
even-palindrome,baseline_vs_combined,loss,none,18600,0.49401291459162167,0.06975071019547605,0.34137340167537333,0.5513262997537822,6,"1000,1001,1002,1003,1004,1005",100000,200,True
even-palindrome,baseline_vs_combined,loss,none,18800,0.47348734754045535,0.048186245516202354,0.39455469683278355,0.5191321975985193,6,"1000,1001,1002,1003,1004,1005",100000,200,True
even-palindrome,baseline_vs_combined,loss,none,19000,0.44747990010342625,0.08079264757042975,0.30921582572511397,0.5622139604733093,6,"1000,1001,1002,1003,1004,1005",100000,200,True
even-palindrome,baseline_vs_combined,loss,none,19200,0.514259802366699,0.09130686530754165,0.3792472136975266,0.6275229178520385,6,"1000,1001,1002,1003,1004,1005",100000,200,True
even-palindrome,baseline_vs_combined,loss,none,19400,0.4925586533468837,0.08438709286379392,0.338059759400785,0.5996159376599826,6,"1000,1001,1002,1003,1004,1005",100000,200,True
even-palindrome,baseline_vs_combined,loss,none,19600,0.4723674136856668,0.07788481463954368,0.3455266502100858,0.5916478826617823,6,"1000,1001,1002,1003,1004,1005",100000,200,True
even-palindrome,baseline_vs_combined,loss,none,19800,0.5090813941278854,0.0387556371609802,0.45106711315980647,0.5598239310039207,6,"1000,1001,1002,1003,1004,1005",100000,200,True
even-palindrome,baseline_vs_combined,loss,none,20000,0.4786395696685455,0.07632635487720062,0.33659795109182594,0.5623595957551152,6,"1000,1001,1002,1003,1004,1005",100000,200,True
even-palindrome,baseline_vs_combined,loss,none,20200,0.4880468614759715,0.09398615809563611,0.33296751633402893,0.6254839558922686,6,"1000,1001,1002,1003,1004,1005",100000,200,True
even-palindrome,baseline_vs_combined,loss,none,20400,0.46113061407836237,0.061975746626096215,0.34228709527524187,0.5465493574162247,6,"1000,1001,1002,1003,1004,1005",100000,200,True
even-palindrome,baseline_vs_combined,loss,none,20600,0.45021041168444453,0.06518402586623076,0.35340284175181297,0.563558011725836,6,"1000,1001,1002,1003,1004,1005",100000,200,True
even-palindrome,baseline_vs_combined,loss,none,20800,0.47892490160816426,0.01181944136064848,0.46111917069589253,0.49410812943940985,6,"1000,1001,1002,1003,1004,1005",100000,200,True
even-palindrome,baseline_vs_combined,loss,none,21000,0.487240522902163,0.06060238088790426,0.41396563734684605,0.596483207369165,6,"1000,1001,1002,1003,1004,1005",100000,200,True
even-palindrome,baseline_vs_combined,loss,none,21200,0.47184970354462474,0.0420502208749171,0.4158215118310181,0.5421109849156346,6,"1000,1001,1002,1003,1004,1005",100000,200,True
even-palindrome,baseline_vs_combined,loss,none,21400,0.4843935932815657,0.04074682934426573,0.4224589536100393,0.54677114815393,6,"1000,1001,1002,1003,1004,1005",100000,200,True
even-palindrome,baseline_vs_combined,loss,none,21600,0.4567078181573379,0.04209695841618877,0.39502490532177037,0.522623220726673,6,"1000,1001,1002,1003,1004,1005",100000,200,True
even-palindrome,baseline_vs_combined,loss,none,21800,0.48168178118323945,0.051767252335515684,0.3962605108844582,0.5537209349154728,6,"1000,1001,1002,1003,1004,1005",100000,200,True
even-palindrome,baseline_vs_combined,loss,none,22000,0.42854429494300955,0.05452981744720429,0.3699294810986612,0.5136999709568044,6,"1000,1001,1002,1003,1004,1005",100000,200,True
even-palindrome,baseline_vs_combined,loss,none,22200,0.4608014976228272,0.048559654509828624,0.3798798382656969,0.5358092608407605,6,"1000,1001,1002,1003,1004,1005",100000,200,True
even-palindrome,baseline_vs_combined,loss,none,22400,0.4440595471517736,0.03767751209216025,0.38815813391527626,0.48800847471749875,6,"1000,1001,1002,1003,1004,1005",100000,200,True
even-palindrome,baseline_vs_combined,loss,none,22600,0.429322804172892,0.0369364145795129,0.38412943651084785,0.48989928313763814,6,"1000,1001,1002,1003,1004,1005",100000,200,True
even-palindrome,baseline_vs_combined,loss,none,22800,0.44672334839294003,0.06522305950867403,0.38101741643855347,0.5707058930990752,6,"1000,1001,1002,1003,1004,1005",100000,200,True
even-palindrome,baseline_vs_combined,loss,none,23000,0.4562427148626254,0.0505353535744845,0.4034110314148711,0.5328051068395143,6,"1000,1001,1002,1003,1004,1005",100000,200,True
even-palindrome,baseline_vs_combined,loss,none,23200,0.4730780111665202,0.05017708989472393,0.4001655082660727,0.5408398733235663,6,"1000,1001,1002,1003,1004,1005",100000,200,True
even-palindrome,baseline_vs_combined,loss,none,23400,0.46138299679310874,0.06318530842649067,0.4009201193152694,0.5736373943500803,6,"1000,1001,1002,1003,1004,1005",100000,200,True
even-palindrome,baseline_vs_combined,loss,none,23600,0.4250262968752941,0.04094182272930127,0.3811534976039547,0.49229219485117937,6,"1000,1001,1002,1003,1004,1005",100000,200,True
even-palindrome,baseline_vs_combined,loss,none,23800,0.42966690712222766,0.04003517035306863,0.3858486491147778,0.4999131644674344,6,"1000,1001,1002,1003,1004,1005",100000,200,True
even-palindrome,baseline_vs_combined,loss,none,24000,0.4012285667111064,0.07045528956272021,0.3238098605943378,0.5216949549397395,6,"1000,1001,1002,1003,1004,1005",100000,200,True
even-palindrome,baseline_vs_combined,loss,none,24200,0.42220836818402546,0.07128122256111291,0.29374439358551174,0.50683801516323,6,"1000,1001,1002,1003,1004,1005",100000,200,True
even-palindrome,baseline_vs_combined,loss,none,24400,0.3851725022762548,0.062188409390058916,0.27056390544399617,0.47450963823648634,6,"1000,1001,1002,1003,1004,1005",100000,200,True
even-palindrome,baseline_vs_combined,loss,none,24600,0.4157247089231533,0.09832122775301362,0.30611318682145794,0.5911439330267604,6,"1000,1001,1002,1003,1004,1005",100000,200,True
even-palindrome,baseline_vs_combined,loss,none,24800,0.45692166534446493,0.07447834328083673,0.34053225790470604,0.5813635900011286,6,"1000,1001,1002,1003,1004,1005",100000,200,True
even-palindrome,baseline_vs_combined,loss,none,25000,0.4453596492715102,0.03721151419105885,0.40918513922952116,0.5080531327336212,6,"1000,1001,1002,1003,1004,1005",100000,200,True
even-palindrome,baseline_vs_combined,loss,none,25200,0.4657905782510352,0.07388305304822497,0.31786798704299146,0.5608096377815673,6,"1000,1001,1002,1003,1004,1005",100000,200,True
even-palindrome,baseline_vs_combined,loss,none,25400,0.3688603478605304,0.08807202309534834,0.22351693448843435,0.4809204229863826,6,"1000,1001,1002,1003,1004,1005",100000,200,True
even-palindrome,baseline_vs_combined,loss,none,25600,0.3869803804419643,0.09650589308987595,0.24877355456454098,0.528163406754611,6,"1000,1001,1002,1003,1004,1005",100000,200,True
even-palindrome,baseline_vs_combined,loss,none,25800,0.3497843609249321,0.09743867169377653,0.1775314874626929,0.4577630762429908,6,"1000,1001,1002,1003,1004,1005",100000,200,True
even-palindrome,baseline_vs_combined,loss,none,26000,0.3498645700906248,0.09743432598205856,0.1676882138462679,0.4703441357641714,6,"1000,1001,1002,1003,1004,1005",100000,200,True
even-palindrome,baseline_vs_combined,loss,none,26200,0.3699412849180832,0.09223434959159436,0.2024871506879572,0.4665883666975424,6,"1000,1001,1002,1003,1004,1005",100000,200,True
even-palindrome,baseline_vs_combined,loss,none,26400,0.3333648780102885,0.11152966130814948,0.1619330945602269,0.4603596868234308,6,"1000,1001,1002,1003,1004,1005",100000,200,True
even-palindrome,baseline_vs_combined,loss,none,26600,0.3387976746810697,0.13329222357270246,0.12846849525798462,0.48847992758528563,6,"1000,1001,1002,1003,1004,1005",100000,200,True
even-palindrome,baseline_vs_combined,loss,none,26800,0.33105303164224703,0.10403849397042843,0.14919985782995354,0.4367573888890911,6,"1000,1001,1002,1003,1004,1005",100000,200,True
even-palindrome,baseline_vs_combined,loss,none,27000,0.3076559085037297,0.06692517482237927,0.20188617219682783,0.40832929938507734,6,"1000,1001,1002,1003,1004,1005",100000,200,True
even-palindrome,baseline_vs_combined,loss,none,27200,0.31849326173723963,0.08794829526003461,0.20979033579467796,0.4335197327300557,6,"1000,1001,1002,1003,1004,1005",100000,200,True
even-palindrome,baseline_vs_combined,loss,none,27400,0.3466968277128884,0.1361313706647624,0.11072231377125717,0.488787065489596,6,"1000,1001,1002,1003,1004,1005",100000,200,True
even-palindrome,baseline_vs_combined,loss,none,27600,0.3343565579445082,0.11006755230931894,0.18789532576556667,0.44547182995505863,6,"1000,1001,1002,1003,1004,1005",100000,200,True
even-palindrome,baseline_vs_combined,loss,none,27800,0.4449919447143778,0.08743989521486777,0.3198337788309436,0.5940144749243337,6,"1000,1001,1002,1003,1004,1005",100000,200,True
even-palindrome,baseline_vs_combined,loss,none,28000,0.4428991255955528,0.12220553113603665,0.2516544362891,0.5958009972340369,6,"1000,1001,1002,1003,1004,1005",100000,200,True
even-palindrome,baseline_vs_combined,loss,none,28200,0.39655076992440924,0.08630497671971929,0.24732407219853486,0.5127235352428398,6,"1000,1001,1002,1003,1004,1005",100000,200,True
even-palindrome,baseline_vs_combined,loss,none,28400,0.39179817967851704,0.15254789255172405,0.18624948892189422,0.695593411900336,6,"1000,1001,1002,1003,1004,1005",100000,200,True
even-palindrome,baseline_vs_combined,loss,none,28600,0.3612163271223108,0.14666402479263752,0.09170885204570368,0.5324828111831448,6,"1000,1001,1002,1003,1004,1005",100000,200,True
even-palindrome,baseline_vs_combined,loss,none,28800,0.33775542403151726,0.09880550413352966,0.2679740787119954,0.5490852961502969,6,"1000,1001,1002,1003,1004,1005",100000,200,True
even-palindrome,baseline_vs_combined,loss,none,29000,0.3449770346419973,0.15518139914253767,0.1067178119282471,0.5265110730243032,6,"1000,1001,1002,1003,1004,1005",100000,200,True
even-palindrome,baseline_vs_combined,loss,none,29200,0.3308713682259501,0.11542204617577005,0.1655409552139463,0.5101600194007915,6,"1000,1001,1002,1003,1004,1005",100000,200,True
even-palindrome,baseline_vs_combined,loss,none,29400,0.29416092865683213,0.12893179978736,0.06494011198854423,0.4137656605769007,6,"1000,1001,1002,1003,1004,1005",100000,200,True
even-palindrome,baseline_vs_combined,loss,none,29600,0.3224495705861227,0.06816970097947445,0.20798300562280927,0.38978299946174955,6,"1000,1001,1002,1003,1004,1005",100000,200,True
even-palindrome,baseline_vs_combined,loss,none,29800,0.37242124912084057,0.10638494331504893,0.2225623216087115,0.5584398754710855,6,"1000,1001,1002,1003,1004,1005",100000,200,True
even-palindrome,baseline_vs_combined,loss,none,30000,0.3192869796195737,0.08515376192668495,0.14542655756129533,0.42178054397343656,6,"1000,1001,1002,1003,1004,1005",100000,200,True
even-palindrome,baseline_vs_combined,loss,none,30200,0.2780383013168709,0.10933275460366179,0.14003643097850726,0.4471477021777537,6,"1000,1001,1002,1003,1004,1005",100000,200,True
even-palindrome,baseline_vs_combined,loss,none,30400,0.27082430870606916,0.08735609259303892,0.14121894270254415,0.3908007621727302,6,"1000,1001,1002,1003,1004,1005",100000,200,True
even-palindrome,baseline_vs_combined,loss,none,30600,0.29897482791770014,0.10708991442825908,0.11873957755306037,0.38387706738591076,6,"1000,1001,1002,1003,1004,1005",100000,200,True
even-palindrome,baseline_vs_combined,loss,none,30800,0.2657836873644555,0.10263469465108291,0.14791009169901373,0.4106770257255994,6,"1000,1001,1002,1003,1004,1005",100000,200,True
even-palindrome,baseline_vs_combined,loss,none,31000,0.27861838264123434,0.10986484711316424,0.08723050670116209,0.42609554859489435,6,"1000,1001,1002,1003,1004,1005",100000,200,True
even-palindrome,baseline_vs_combined,loss,none,31200,0.23334293410027993,0.07849963702636152,0.12236615663212433,0.335965820470592,6,"1000,1001,1002,1003,1004,1005",100000,200,True
even-palindrome,baseline_vs_combined,loss,none,31400,0.21190919558866272,0.11537346398523342,0.07138350252778763,0.38351114191471425,6,"1000,1001,1002,1003,1004,1005",100000,200,True
even-palindrome,baseline_vs_combined,loss,none,31600,0.22026967926275273,0.1002433048476644,0.09456777492065158,0.38015495731902776,6,"1000,1001,1002,1003,1004,1005",100000,200,True
even-palindrome,baseline_vs_combined,loss,none,31800,0.23421518920623083,0.09962484241258394,0.11405893686285708,0.3727517857946805,6,"1000,1001,1002,1003,1004,1005",100000,200,True
even-palindrome,baseline_vs_combined,loss,none,32000,0.2174802814843376,0.11933544130520597,0.06751010065254377,0.3668470896527288,6,"1000,1001,1002,1003,1004,1005",100000,200,True
even-palindrome,baseline_vs_combined,loss,none,32200,0.2252941004159038,0.09927656182580953,0.12472152285161428,0.41963607152574695,6,"1000,1001,1002,1003,1004,1005",100000,200,True
even-palindrome,baseline_vs_combined,loss,none,32400,0.21155632910735223,0.11836097524680242,0.06351317711014418,0.3897139871926629,6,"1000,1001,1002,1003,1004,1005",100000,200,True
even-palindrome,baseline_vs_combined,loss,none,32600,0.26731526581960374,0.10618559974716835,0.1366929872579931,0.3902412718605046,6,"1000,1001,1002,1003,1004,1005",100000,200,True
even-palindrome,baseline_vs_combined,loss,none,32800,0.22102371000074372,0.10783569365904155,0.09740655109330873,0.35882331625252845,6,"1000,1001,1002,1003,1004,1005",100000,200,True
even-palindrome,baseline_vs_combined,loss,none,33000,0.27163091263687117,0.15502131872463798,0.13140806342118594,0.5345705957441532,6,"1000,1001,1002,1003,1004,1005",100000,200,True
even-palindrome,baseline_vs_combined,loss,none,33200,0.17692193955771773,0.11247015644286669,0.05639366851013619,0.32944398884974363,6,"1000,1001,1002,1003,1004,1005",100000,200,True
even-palindrome,baseline_vs_combined,loss,none,33400,0.24315411947085672,0.1348469396977399,0.06070999045540702,0.47310185631533386,6,"1000,1001,1002,1003,1004,1005",100000,200,True
even-palindrome,baseline_vs_combined,loss,none,33600,0.19397471869348917,0.14681103531920767,0.02984774005572035,0.4043550627910008,6,"1000,1001,1002,1003,1004,1005",100000,200,True
even-palindrome,baseline_vs_combined,loss,none,33800,0.19486505449255676,0.10218507953882092,0.10293521443862119,0.3671808249405876,6,"1000,1001,1002,1003,1004,1005",100000,200,True
even-palindrome,baseline_vs_combined,loss,none,34000,0.23193968519621797,0.10906326589824815,0.14021390532783698,0.43233145844453247,6,"1000,1001,1002,1003,1004,1005",100000,200,True
even-palindrome,baseline_vs_combined,loss,none,34200,0.20393838015992818,0.11196856147627555,0.0814421561670315,0.37856858496386847,6,"1000,1001,1002,1003,1004,1005",100000,200,True
even-palindrome,baseline_vs_combined,loss,none,34400,0.18823062946725258,0.10266164817556159,0.054402548550860956,0.3358806463622022,6,"1000,1001,1002,1003,1004,1005",100000,200,True
even-palindrome,baseline_vs_combined,loss,none,34600,0.19077871154716072,0.10667102851180353,0.08114699395446223,0.3392179764172761,6,"1000,1001,1002,1003,1004,1005",100000,200,True
even-palindrome,baseline_vs_combined,loss,none,34800,0.17982039148928985,0.1565680294499744,0.04578984266881889,0.4289184877135267,6,"1000,1001,1002,1003,1004,1005",100000,200,True
even-palindrome,baseline_vs_combined,loss,none,35000,0.19326611832189278,0.12284315969550892,0.07829824570437267,0.36434852941943974,6,"1000,1001,1002,1003,1004,1005",100000,200,True
even-palindrome,baseline_vs_combined,loss,none,35200,0.18392850352598997,0.11020089765418249,0.04672714462152726,0.3098041432278114,6,"1000,1001,1002,1003,1004,1005",100000,200,True
even-palindrome,baseline_vs_combined,loss,none,35400,0.15852669364708463,0.10982782174158633,0.02398024841751976,0.31648972104580025,6,"1000,1001,1002,1003,1004,1005",100000,200,True
even-palindrome,baseline_vs_combined,loss,none,35600,0.1824487425127275,0.1319378673598513,0.020199748547729542,0.41767530798955704,6,"1000,1001,1002,1003,1004,1005",100000,200,True
even-palindrome,baseline_vs_combined,loss,none,35800,0.15871570005928334,0.08263751110563396,0.03878285818889708,0.3079374623284093,6,"1000,1001,1002,1003,1004,1005",100000,200,True
even-palindrome,baseline_vs_combined,loss,none,36000,0.16407175674555444,0.12417921591093821,0.06099258453782113,0.37040486053563654,6,"1000,1001,1002,1003,1004,1005",100000,200,True
even-palindrome,baseline_vs_combined,loss,none,36200,0.18863613093081844,0.12699569260825122,0.03833200891097476,0.3719792556192988,6,"1000,1001,1002,1003,1004,1005",100000,200,True
even-palindrome,baseline_vs_combined,loss,none,36400,0.16206149783428522,0.09290786941997792,0.04152209488327571,0.30320987015795253,6,"1000,1001,1002,1003,1004,1005",100000,200,True
even-palindrome,baseline_vs_combined,loss,none,36600,0.13291891934072358,0.09869152371334257,0.0029418297224901835,0.279495565267207,6,"1000,1001,1002,1003,1004,1005",100000,200,True
even-palindrome,baseline_vs_combined,loss,none,36800,0.1843918361439637,0.11688186365442828,0.04991858440408578,0.38118020297250044,6,"1000,1001,1002,1003,1004,1005",100000,200,True
even-palindrome,baseline_vs_combined,loss,none,37000,0.20520666070309443,0.07425356066325409,0.06153518203265776,0.2617063858259644,6,"1000,1001,1002,1003,1004,1005",100000,200,True
even-palindrome,baseline_vs_combined,loss,none,37200,0.17616732820378275,0.125633053322099,0.04543728501956139,0.4094327374337445,6,"1000,1001,1002,1003,1004,1005",100000,200,True
even-palindrome,baseline_vs_combined,loss,none,37400,0.16010730883915056,0.11510348321522486,0.038225945154858894,0.3351789198198821,6,"1000,1001,1002,1003,1004,1005",100000,200,True
even-palindrome,baseline_vs_combined,loss,none,37600,0.12463683799687413,0.06619512078471514,0.010139540984173436,0.2100681351419189,6,"1000,1001,1002,1003,1004,1005",100000,200,True
even-palindrome,baseline_vs_combined,loss,none,37800,0.16507240536177922,0.10228603962332096,0.024932172012249794,0.3366816614115305,6,"1000,1001,1002,1003,1004,1005",100000,200,True
even-palindrome,baseline_vs_combined,loss,none,38000,0.181511884390502,0.1022705572857466,0.04263281495107549,0.3047295483529524,6,"1000,1001,1002,1003,1004,1005",100000,200,True
even-palindrome,baseline_vs_combined,loss,none,38200,0.18916002620015812,0.10637297329830642,0.06947953073173267,0.34761415994733397,6,"1000,1001,1002,1003,1004,1005",100000,200,True
even-palindrome,baseline_vs_combined,loss,none,38400,0.15092816289252897,0.08695207934006118,0.021071752222105715,0.2442903544405999,6,"1000,1001,1002,1003,1004,1005",100000,200,True
even-palindrome,baseline_vs_combined,loss,none,38600,0.16217252251727057,0.08136300664505514,0.03010218952203104,0.26662355191503595,6,"1000,1001,1002,1003,1004,1005",100000,200,True
even-palindrome,baseline_vs_combined,loss,none,38800,0.16285021649169265,0.08678080290405094,0.07402382341037082,0.33256192188440764,6,"1000,1001,1002,1003,1004,1005",100000,200,True
even-palindrome,baseline_vs_combined,loss,none,39000,0.13014286749847617,0.10458501355788814,0.0050417681829503635,0.30889726244502524,6,"1000,1001,1002,1003,1004,1005",100000,200,True
even-palindrome,baseline_vs_combined,loss,none,39200,0.14021603782019687,0.11785492277633265,0.004078761257128463,0.3318168223534667,6,"1000,1001,1002,1003,1004,1005",100000,200,True
even-palindrome,baseline_vs_combined,loss,none,39400,0.13307126963549668,0.09579504708143771,0.00018644148229213898,0.30313314603663455,6,"1000,1001,1002,1003,1004,1005",100000,200,True
even-palindrome,baseline_vs_combined,loss,none,39600,0.21714384152423283,0.15751401589469355,0.02555067066306947,0.441128071236235,6,"1000,1001,1002,1003,1004,1005",100000,200,True
even-palindrome,baseline_vs_combined,loss,none,39800,0.16540372402244619,0.09312873835539366,0.07686918715555294,0.35494292503397445,6,"1000,1001,1002,1003,1004,1005",100000,200,True
even-palindrome,baseline_vs_combined,loss,none,40000,0.13117525720849585,0.08097645991089725,0.05461101078224147,0.276282920137055,6,"1000,1001,1002,1003,1004,1005",100000,200,True
even-palindrome,baseline_vs_combined,loss,none,40200,0.1989518620994594,0.15002601109894306,0.05107674094779213,0.418937039806915,6,"1000,1001,1002,1003,1004,1005",100000,200,True
even-palindrome,baseline_vs_combined,loss,none,40400,0.13624504659416328,0.0707185908202968,0.07712721795569451,0.2763044326879026,6,"1000,1001,1002,1003,1004,1005",100000,200,True
even-palindrome,baseline_vs_combined,loss,none,40600,0.09395619598857972,0.09051380212536295,0.008877068634405986,0.27739010934119507,6,"1000,1001,1002,1003,1004,1005",100000,200,True
even-palindrome,baseline_vs_combined,loss,none,40800,0.11142537398262713,0.11860656523037424,0.016532752142675234,0.29576772911843363,6,"1000,1001,1002,1003,1004,1005",100000,200,True
even-palindrome,baseline_vs_combined,loss,none,41000,0.14285111760117464,0.09208900239796879,0.043670992810159535,0.2735952232126692,6,"1000,1001,1002,1003,1004,1005",100000,200,True
even-palindrome,baseline_vs_combined,loss,none,41200,0.1439972090585506,0.09595589180389696,0.046696302207374175,0.3098730787386012,6,"1000,1001,1002,1003,1004,1005",100000,200,True
even-palindrome,baseline_vs_combined,loss,none,41400,0.14452152417996747,0.07883058155705942,0.0634147091613795,0.3047748007185146,6,"1000,1001,1002,1003,1004,1005",100000,200,True
even-palindrome,baseline_vs_combined,loss,none,41600,0.09122746771433676,0.09094891192816204,0.00375174256190121,0.2693547772903912,6,"1000,1001,1002,1003,1004,1005",100000,200,True
even-palindrome,baseline_vs_combined,loss,none,41800,0.11189634735268954,0.09408978892985785,0.009808057044911039,0.2692819648936529,6,"1000,1001,1002,1003,1004,1005",100000,200,True
even-palindrome,baseline_vs_combined,loss,none,42000,0.15202920131766406,0.06214312898650429,0.10354641160120764,0.2868425243485399,6,"1000,1001,1002,1003,1004,1005",100000,200,True
even-palindrome,baseline_vs_combined,loss,none,42200,0.1501594848810684,0.14298969227381061,0.016331991942079186,0.3984496862652304,6,"1000,1001,1002,1003,1004,1005",100000,200,True
even-palindrome,baseline_vs_combined,loss,none,42400,0.10652513849262013,0.11258458156301204,0.0068629524411426245,0.3272845372589836,6,"1000,1001,1002,1003,1004,1005",100000,200,True
even-palindrome,baseline_vs_combined,loss,none,42600,0.1266113866370827,0.11101883301028871,0.018922339086554416,0.3457189221887893,6,"1000,1001,1002,1003,1004,1005",100000,200,True
even-palindrome,baseline_vs_combined,loss,none,42800,0.13807550275945488,0.09230098488686192,0.009860042479435265,0.2927949769674342,6,"1000,1001,1002,1003,1004,1005",100000,200,True
even-palindrome,baseline_vs_combined,loss,none,43000,0.14325395638409502,0.09079062870896731,0.02958885050885783,0.27392642237788095,6,"1000,1001,1002,1003,1004,1005",100000,200,True
even-palindrome,baseline_vs_combined,loss,none,43200,0.07678857666241508,0.08488721431094666,0.007455203664723058,0.25451056138272177,6,"1000,1001,1002,1003,1004,1005",100000,200,True
even-palindrome,baseline_vs_combined,loss,none,43400,0.10608904516151522,0.10094743307257949,0.005635851862457457,0.26140100710221303,6,"1000,1001,1002,1003,1004,1005",100000,200,True
even-palindrome,baseline_vs_combined,loss,none,43600,0.09011429115977042,0.11057757926646546,0.0001947668209169251,0.3291345620625361,6,"1000,1001,1002,1003,1004,1005",100000,200,True
even-palindrome,baseline_vs_combined,loss,none,43800,0.16738880901314,0.07057724187671385,0.03408585899822242,0.26108907096600886,6,"1000,1001,1002,1003,1004,1005",100000,200,True
even-palindrome,baseline_vs_combined,loss,none,44000,0.09810644459483643,0.08778225118745413,0.0014590431599155807,0.2243255358402894,6,"1000,1001,1002,1003,1004,1005",100000,200,True
even-palindrome,baseline_vs_combined,loss,none,44200,0.10798067298095011,0.10495522575207995,0.02936318687881567,0.33841476645333385,6,"1000,1001,1002,1003,1004,1005",100000,200,True
even-palindrome,baseline_vs_combined,loss,none,44400,0.13443011490938042,0.0866012970809935,0.04675171925367977,0.28720392260722294,6,"1000,1001,1002,1003,1004,1005",100000,200,True
even-palindrome,baseline_vs_combined,loss,none,44600,0.12178044845854119,0.08154079260039078,0.00015482041450468387,0.25690138182671945,6,"1000,1001,1002,1003,1004,1005",100000,200,True
even-palindrome,baseline_vs_combined,loss,none,44800,0.08806519613583426,0.062019181848773065,0.00452733772427166,0.19162578343271888,6,"1000,1001,1002,1003,1004,1005",100000,200,True
even-palindrome,baseline_vs_combined,loss,none,45000,0.15539572177242153,0.1409351176605668,0.02311513772220337,0.39876755111024975,6,"1000,1001,1002,1003,1004,1005",100000,200,True
even-palindrome,baseline_vs_combined,loss,none,45200,0.11956778955224166,0.0571912499743343,0.05373855465944587,0.2233976912475191,6,"1000,1001,1002,1003,1004,1005",100000,200,True
even-palindrome,baseline_vs_combined,loss,none,45400,0.09073571149979949,0.07194952236988322,0.005178785579362284,0.23634720711306728,6,"1000,1001,1002,1003,1004,1005",100000,200,True
even-palindrome,baseline_vs_combined,loss,none,45600,0.11792215785251192,0.10016630933577868,0.00017744907460524927,0.28081039846656497,6,"1000,1001,1002,1003,1004,1005",100000,200,True
even-palindrome,baseline_vs_combined,loss,none,45800,0.08924214990249608,0.09066040978658284,0.0007890077047047583,0.2430348030753885,6,"1000,1001,1002,1003,1004,1005",100000,200,True
even-palindrome,baseline_vs_combined,loss,none,46000,0.11807570354543155,0.10852104985996566,0.01858472568104105,0.3066508886943848,6,"1000,1001,1002,1003,1004,1005",100000,200,True
even-palindrome,baseline_vs_combined,loss,none,46200,0.16633078941271293,0.10535379564527805,0.015547975827053051,0.3020052992189153,6,"1000,1001,1002,1003,1004,1005",100000,200,True
even-palindrome,baseline_vs_combined,loss,none,46400,0.1232784114444095,0.09840039420870013,0.0020709366941082407,0.2804508724492916,6,"1000,1001,1002,1003,1004,1005",100000,200,True
even-palindrome,baseline_vs_combined,loss,none,46600,0.07856653695090994,0.078391110354878,4.4096742565855606e-05,0.2431828438127559,6,"1000,1001,1002,1003,1004,1005",100000,200,True
even-palindrome,baseline_vs_combined,loss,none,46800,0.10516816038934558,0.08537225304474787,0.012278765047908565,0.2547518547525709,6,"1000,1001,1002,1003,1004,1005",100000,200,True
even-palindrome,baseline_vs_combined,loss,none,47000,0.07377831598671843,0.06295847793402194,0.00015564619137308,0.19383639921607027,6,"1000,1001,1002,1003,1004,1005",100000,200,True
even-palindrome,baseline_vs_combined,loss,none,47200,0.05841757621577078,0.07531825149460589,3.604991471739538e-05,0.20398741466051434,6,"1000,1001,1002,1003,1004,1005",100000,200,True
even-palindrome,baseline_vs_combined,loss,none,47400,0.0674838419192076,0.08168871016516267,0.001254272432105168,0.2333149642593162,6,"1000,1001,1002,1003,1004,1005",100000,200,True
even-palindrome,baseline_vs_combined,loss,none,47600,0.09929041002538323,0.06439610274734259,3.517721587826372e-05,0.16629198238741083,6,"1000,1001,1002,1003,1004,1005",100000,200,True
even-palindrome,baseline_vs_combined,loss,none,47800,0.09622110706253721,0.061965500973037366,0.03610970934313627,0.20120458556175436,6,"1000,1001,1002,1003,1004,1005",100000,200,True
even-palindrome,baseline_vs_combined,loss,none,48000,0.08541394013158338,0.09631089054368108,0.00012305573352932697,0.2782647302042642,6,"1000,1001,1002,1003,1004,1005",100000,200,True
even-palindrome,baseline_vs_combined,loss,none,48200,0.09429063548709073,0.0749118881477261,9.687629009789589e-05,0.19577834067512412,6,"1000,1001,1002,1003,1004,1005",100000,200,True
even-palindrome,baseline_vs_combined,loss,none,48400,0.11687312043343856,0.06965192030923183,1.1934579736774254e-05,0.22064123155489143,6,"1000,1001,1002,1003,1004,1005",100000,200,True
even-palindrome,baseline_vs_combined,loss,none,48600,0.09115088845688342,0.07706530702862789,0.03817342681945661,0.2610799106541617,6,"1000,1001,1002,1003,1004,1005",100000,200,True
even-palindrome,baseline_vs_combined,loss,none,48800,0.06810192384768761,0.045285831176715495,0.009031505703651846,0.1516337854392441,6,"1000,1001,1002,1003,1004,1005",100000,200,True
even-palindrome,baseline_vs_combined,loss,none,49000,0.10328267076073898,0.06733908993726839,0.0018474591749959401,0.1786798078724314,6,"1000,1001,1002,1003,1004,1005",100000,200,True
even-palindrome,baseline_vs_combined,loss,none,49200,0.04607499239814781,0.0668722255784991,6.751597419054179e-05,0.18853493576878463,6,"1000,1001,1002,1003,1004,1005",100000,200,True
even-palindrome,baseline_vs_combined,loss,none,49400,0.07448999923289815,0.06845325472943305,4.265350050030037e-05,0.1946488305427374,6,"1000,1001,1002,1003,1004,1005",100000,200,True
even-palindrome,baseline_vs_combined,loss,none,49600,0.07777238540300817,0.08176899194952965,5.321513214018969e-05,0.21882044526897515,6,"1000,1001,1002,1003,1004,1005",100000,200,True
even-palindrome,baseline_vs_combined,loss,none,49800,0.12503536634585674,0.07009504126935454,2.097915785608251e-06,0.2329833115670408,6,"1000,1001,1002,1003,1004,1005",100000,200,True
even-palindrome,baseline_vs_combined,loss,none,50000,0.08254569959703935,0.06801448720931691,0.0077863160880681905,0.21459649660027025,6,"1000,1001,1002,1003,1004,1005",100000,200,True
even-palindrome,baseline_vs_combined,loss,none,50200,0.13100376505709702,0.10889200002072326,0.0003170436103980023,0.2784955462508276,6,"1000,1001,1002,1003,1004,1005",100000,200,True
even-palindrome,baseline_vs_combined,loss,none,50400,0.08625378005107388,0.06913495704695863,6.932235425693989e-05,0.19136161122424256,6,"1000,1001,1002,1003,1004,1005",100000,200,True
even-palindrome,baseline_vs_combined,loss,none,50600,0.053452218756755286,0.04394518798713587,4.968377626639153e-05,0.13229661192721323,6,"1000,1001,1002,1003,1004,1005",100000,200,True
even-palindrome,baseline_vs_combined,loss,none,50800,0.05057598732455366,0.058046499459045435,0.0005060343294530867,0.1751659000148311,6,"1000,1001,1002,1003,1004,1005",100000,200,True
even-palindrome,baseline_vs_combined,loss,none,51000,0.08816204341256907,0.07622433899097271,4.704711847537624e-05,0.2014139166525866,6,"1000,1001,1002,1003,1004,1005",100000,200,True
even-palindrome,baseline_vs_combined,loss,none,51200,0.10760253675149677,0.1305300789836088,2.4694806298641847e-06,0.3904215107805885,6,"1000,1001,1002,1003,1004,1005",100000,200,True
even-palindrome,baseline_vs_combined,loss,none,51400,0.11478155305625741,0.08009394783104727,0.02052480002987977,0.2597031731800689,6,"1000,1001,1002,1003,1004,1005",100000,200,True
even-palindrome,baseline_vs_combined,loss,none,51600,0.0667844259625945,0.08773407560814532,0.0001581486240547747,0.24783403492774597,6,"1000,1001,1002,1003,1004,1005",100000,200,True
even-palindrome,baseline_vs_combined,loss,none,51800,0.08668448086925723,0.10071952600995257,0.0003548281911912454,0.2670451066737496,6,"1000,1001,1002,1003,1004,1005",100000,200,True
even-palindrome,baseline_vs_combined,loss,none,52000,0.07773616037695871,0.07328488305024941,1.6302309109885726e-05,0.21168895287052691,6,"1000,1001,1002,1003,1004,1005",100000,200,True
even-palindrome,baseline_vs_combined,loss,none,52200,0.0953655679182515,0.06882114220308565,8.202826343008951e-06,0.22752874764825265,6,"1000,1001,1002,1003,1004,1005",100000,200,True
even-palindrome,baseline_vs_combined,loss,none,52400,0.11385082720445294,0.0877036769479159,0.012492663601113776,0.23659624991588316,6,"1000,1001,1002,1003,1004,1005",100000,200,True
even-palindrome,baseline_vs_combined,loss,none,52600,0.08209899603341912,0.05836592444785809,5.189461783928095e-05,0.17079873364724335,6,"1000,1001,1002,1003,1004,1005",100000,200,True
even-palindrome,baseline_vs_combined,loss,none,52800,0.06486713410885026,0.07742726343182253,1.3333059888676058e-06,0.23120299803135821,6,"1000,1001,1002,1003,1004,1005",100000,200,True
even-palindrome,baseline_vs_combined,loss,none,53000,0.08118796752620563,0.08454891837511343,7.282045439342966e-05,0.24849618954785002,6,"1000,1001,1002,1003,1004,1005",100000,200,True
even-palindrome,baseline_vs_combined,loss,none,53200,0.06534673355631321,0.04182036811371048,0.00036715145036282594,0.12002473586441738,6,"1000,1001,1002,1003,1004,1005",100000,200,True
even-palindrome,baseline_vs_combined,loss,none,53400,0.23467011076340138,0.40716404913251597,9.161701423789026e-05,1.1199864082656033,6,"1000,1001,1002,1003,1004,1005",100000,200,True
even-palindrome,baseline_vs_combined,loss,none,53600,0.17313428921826116,0.15711793485327685,0.0391268277260307,0.49962733860024466,6,"1000,1001,1002,1003,1004,1005",100000,200,True
even-palindrome,baseline_vs_combined,loss,none,53800,0.09331454873523852,0.0942820814111847,5.145589208964907e-05,0.2741335048518158,6,"1000,1001,1002,1003,1004,1005",100000,200,True
even-palindrome,baseline_vs_combined,loss,none,54000,0.047629783105457645,0.04212493239954762,0.006866338934769329,0.12708220785953928,6,"1000,1001,1002,1003,1004,1005",100000,200,True
even-palindrome,baseline_vs_combined,loss,none,54200,0.0988096427672629,0.062212513979961276,0.0477227978185528,0.21476743729735973,6,"1000,1001,1002,1003,1004,1005",100000,200,True
even-palindrome,baseline_vs_combined,loss,none,54400,0.07684963314988763,0.08897045247280352,0.004435256429528636,0.2652491395198012,6,"1000,1001,1002,1003,1004,1005",100000,200,True
even-palindrome,baseline_vs_combined,loss,none,54600,0.08538427125115483,0.09211637372409427,6.721861781404215e-05,0.21912770036595475,6,"1000,1001,1002,1003,1004,1005",100000,200,True
even-palindrome,baseline_vs_combined,loss,none,54800,0.13080657421115272,0.11577893578554527,0.00025381976866284184,0.3153906325479875,6,"1000,1001,1002,1003,1004,1005",100000,200,True
even-palindrome,baseline_vs_combined,loss,none,55000,0.11776968058237591,0.10738197113480862,0.00033249141513749694,0.31526052851346775,6,"1000,1001,1002,1003,1004,1005",100000,200,True
even-palindrome,baseline_vs_combined,loss,none,55200,0.09397031147534678,0.0986608459368623,0.0004468733690660542,0.2408608976025061,6,"1000,1001,1002,1003,1004,1005",100000,200,True
even-palindrome,baseline_vs_combined,loss,none,55400,0.08848162983173041,0.09802466598880177,0.0001386948912841035,0.23329607330994803,6,"1000,1001,1002,1003,1004,1005",100000,200,True
even-palindrome,baseline_vs_combined,loss,none,55600,0.12545266941335884,0.14603964607147726,5.6670160717446904e-05,0.39104714881336294,6,"1000,1001,1002,1003,1004,1005",100000,200,True
even-palindrome,baseline_vs_combined,loss,none,55800,0.05284879629598682,0.06362635165694144,7.988723620826476e-06,0.18892320337455204,6,"1000,1001,1002,1003,1004,1005",100000,200,True
even-palindrome,baseline_vs_combined,loss,none,56000,0.09591480872792696,0.10147282947975138,0.00012115416616016007,0.2704376356257005,6,"1000,1001,1002,1003,1004,1005",100000,200,True
even-palindrome,baseline_vs_combined,loss,none,56200,0.05998900199769234,0.0559192667849612,3.3357224468044676e-05,0.15573083788389794,6,"1000,1001,1002,1003,1004,1005",100000,200,True
even-palindrome,baseline_vs_combined,loss,none,56400,0.07443301280195197,0.0934864211763573,0.005470166955926814,0.2646641985834367,6,"1000,1001,1002,1003,1004,1005",100000,200,True
even-palindrome,baseline_vs_combined,loss,none,56600,0.06339366045782585,0.053017703165229774,5.671864481200828e-05,0.15020418037397576,6,"1000,1001,1002,1003,1004,1005",100000,200,True
even-palindrome,baseline_vs_combined,loss,none,56800,0.09890686187289344,0.08687396513537692,0.015771359507089217,0.2640343424467301,6,"1000,1001,1002,1003,1004,1005",100000,200,True
even-palindrome,baseline_vs_combined,loss,none,57000,0.12084991676922426,0.11475204192537662,0.0014312952563451376,0.302034229310754,6,"1000,1001,1002,1003,1004,1005",100000,200,True
even-palindrome,baseline_vs_combined,loss,none,57200,0.05591300709685217,0.0659431605430841,3.0973359220531904e-05,0.19587116325437365,6,"1000,1001,1002,1003,1004,1005",100000,200,True
even-palindrome,baseline_vs_combined,loss,none,57400,0.043745873669368995,0.04718036495334835,2.573597263598515e-05,0.1298242385403637,6,"1000,1001,1002,1003,1004,1005",100000,200,True
even-palindrome,baseline_vs_combined,loss,none,57600,0.06712294909248341,0.050241270259024855,0.00040956338149989336,0.13716522940921094,6,"1000,1001,1002,1003,1004,1005",100000,200,True
even-palindrome,baseline_vs_combined,loss,none,57800,0.05284235321043984,0.06699121597263308,2.2241866272239007e-05,0.19061872236535238,6,"1000,1001,1002,1003,1004,1005",100000,200,True
even-palindrome,baseline_vs_combined,loss,none,58000,0.034064650359671274,0.06068195938192638,3.934682039643534e-06,0.1668473114677454,6,"1000,1001,1002,1003,1004,1005",100000,200,True
even-palindrome,baseline_vs_combined,loss,none,58200,0.09293947315413197,0.08196800709431182,0.00020919447129254641,0.20799838302730017,6,"1000,1001,1002,1003,1004,1005",100000,200,True
even-palindrome,baseline_vs_combined,loss,none,58400,0.05888354473471306,0.07932561827233087,1.3403683297452673e-06,0.21893068227067944,6,"1000,1001,1002,1003,1004,1005",100000,200,True
even-palindrome,baseline_vs_combined,loss,none,58600,0.06733580494168612,0.05393660443733435,0.016339300612056882,0.16182599665767752,6,"1000,1001,1002,1003,1004,1005",100000,200,True
even-palindrome,baseline_vs_combined,loss,none,58800,0.09418122597316007,0.0519960010959187,0.03792927542275709,0.17273069001523253,6,"1000,1001,1002,1003,1004,1005",100000,200,True
even-palindrome,baseline_vs_combined,loss,none,59000,0.06356579803797861,0.08599794797045153,1.4665257657298091e-06,0.22988388498184803,6,"1000,1001,1002,1003,1004,1005",100000,200,True
even-palindrome,baseline_vs_combined,loss,none,59200,0.041193957097871554,0.06573799507425086,8.279757784313002e-07,0.1857464928301124,6,"1000,1001,1002,1003,1004,1005",100000,200,True
even-palindrome,baseline_vs_combined,loss,none,59400,0.03133336567044707,0.06673991653652743,7.442652768292479e-06,0.18051096506472278,6,"1000,1001,1002,1003,1004,1005",100000,200,True
even-palindrome,baseline_vs_combined,loss,none,59600,0.0932291862431125,0.07050079599198457,4.509409300396117e-07,0.20605144055049096,6,"1000,1001,1002,1003,1004,1005",100000,200,True
even-palindrome,baseline_vs_combined,loss,none,59800,0.09251387391675225,0.08699141859100505,5.213754521893321e-07,0.27001450819407796,6,"1000,1001,1002,1003,1004,1005",100000,200,True
even-palindrome,baseline_vs_combined,loss,none,60000,0.09411132809459227,0.09748851060148139,3.7785352712926823e-07,0.2435885577328645,6,"1000,1001,1002,1003,1004,1005",100000,200,True
even-palindrome,baseline_vs_combined,loss,none,60200,0.1917298072570713,0.20930840879657134,0.0002461214603097117,0.6326072911877996,6,"1000,1001,1002,1003,1004,1005",100000,200,True
even-palindrome,baseline_vs_combined,loss,none,60400,0.05523570970368808,0.04572584538343795,0.0003276955931476477,0.13538495184140176,6,"1000,1001,1002,1003,1004,1005",100000,200,True
even-palindrome,baseline_vs_combined,loss,none,60600,0.04645775588287207,0.05877699668468379,1.677103659950774e-05,0.17181904337087645,6,"1000,1001,1002,1003,1004,1005",100000,200,True
even-palindrome,baseline_vs_combined,loss,none,60800,0.15293272049099746,0.19277644372625574,7.884263597659924e-05,0.572724021383576,6,"1000,1001,1002,1003,1004,1005",100000,200,True
even-palindrome,baseline_vs_combined,loss,none,61000,0.07613623974659858,0.06096789089554716,0.0111957624426487,0.15367887239076544,6,"1000,1001,1002,1003,1004,1005",100000,200,True
even-palindrome,baseline_vs_combined,loss,none,61200,0.08939184707251345,0.04230321489673468,0.00038584434546265646,0.1315639240454402,6,"1000,1001,1002,1003,1004,1005",100000,200,True
even-palindrome,baseline_vs_combined,loss,none,61400,0.07474763228591018,0.056241152790954714,0.01998826905724698,0.19010621498996896,6,"1000,1001,1002,1003,1004,1005",100000,200,True
even-palindrome,baseline_vs_combined,loss,none,61600,0.05159873727165191,0.055515765198800714,5.936803088978371e-05,0.15641833498918742,6,"1000,1001,1002,1003,1004,1005",100000,200,True
even-palindrome,baseline_vs_combined,loss,none,61800,0.08795785822438958,0.09932098978995879,2.597227808109892e-05,0.24420018536644705,6,"1000,1001,1002,1003,1004,1005",100000,200,True
even-palindrome,baseline_vs_combined,loss,none,62000,0.05801317775268757,0.04942503201467852,1.1510987642130432e-05,0.14759076976076813,6,"1000,1001,1002,1003,1004,1005",100000,200,True
even-palindrome,baseline_vs_combined,loss,none,62200,0.05810938269347125,0.05188154993632827,6.487274988316027e-06,0.1543725111287995,6,"1000,1001,1002,1003,1004,1005",100000,200,True
even-palindrome,baseline_vs_combined,loss,none,62400,0.05915200749327356,0.08598610965726154,1.2650127792496192e-06,0.24515949435413517,6,"1000,1001,1002,1003,1004,1005",100000,200,True
even-palindrome,baseline_vs_combined,loss,none,62600,0.10635932973806224,0.07573722086296499,0.031173646459422742,0.26050294677742497,6,"1000,1001,1002,1003,1004,1005",100000,200,True
even-palindrome,baseline_vs_combined,loss,none,62800,0.066134746379009,0.06332594312113768,1.0076761447400107e-06,0.1624195068383426,6,"1000,1001,1002,1003,1004,1005",100000,200,True
even-palindrome,baseline_vs_combined,loss,none,63000,0.06918200536382489,0.07118549585453571,6.361497011597716e-07,0.18703868087631803,6,"1000,1001,1002,1003,1004,1005",100000,200,True
even-palindrome,baseline_vs_combined,loss,none,63200,0.033376326773475566,0.058489036226500334,2.936997126251617e-07,0.16267666280225968,6,"1000,1001,1002,1003,1004,1005",100000,200,True
even-palindrome,baseline_vs_combined,loss,none,63400,0.10577910255514465,0.03939550437544997,0.04703308219732534,0.14927836979956954,6,"1000,1001,1002,1003,1004,1005",100000,200,True
even-palindrome,baseline_vs_combined,loss,none,63600,0.1490122610519614,0.22151058000728002,0.016495516811791854,0.6369118351599254,6,"1000,1001,1002,1003,1004,1005",100000,200,True
even-palindrome,baseline_vs_combined,loss,none,63800,0.04770536902077843,0.09047430636594529,1.2501238244877478e-06,0.2491249502979008,6,"1000,1001,1002,1003,1004,1005",100000,200,True
even-palindrome,baseline_vs_combined,loss,none,64000,0.13473478740043224,0.14305982665308375,1.03428472539413e-06,0.4029879633112198,6,"1000,1001,1002,1003,1004,1005",100000,200,True
even-palindrome,baseline_vs_combined,loss,none,64200,0.04115357713491533,0.05054827596269908,3.860553480719564e-07,0.14892350341817293,6,"1000,1001,1002,1003,1004,1005",100000,200,True
even-palindrome,baseline_vs_combined,loss,none,64400,0.08897025787249095,0.08199454667914313,0.0032558918984982197,0.2010626276145827,6,"1000,1001,1002,1003,1004,1005",100000,200,True
even-palindrome,baseline_vs_combined,loss,none,64600,0.09905427506199127,0.08051503842402435,2.4060993315988543e-06,0.20505468942484867,6,"1000,1001,1002,1003,1004,1005",100000,200,True
even-palindrome,baseline_vs_combined,loss,none,64800,0.06660455119644872,0.08935264930383932,8.084308786046601e-07,0.25341162674442785,6,"1000,1001,1002,1003,1004,1005",100000,200,True
even-palindrome,baseline_vs_combined,loss,none,65000,0.06446835617043023,0.0758270343275369,3.268317313696867e-08,0.22486944997958744,6,"1000,1001,1002,1003,1004,1005",100000,200,True
even-palindrome,baseline_vs_combined,loss,none,65200,0.05213375211640452,0.09018281331448744,1.1276593771411548e-06,0.24639869885087365,6,"1000,1001,1002,1003,1004,1005",100000,200,True
even-palindrome,baseline_vs_combined,loss,none,65400,0.05467500417926844,0.05862101164493995,0.0008344412724091621,0.14436730726577138,6,"1000,1001,1002,1003,1004,1005",100000,200,True
even-palindrome,baseline_vs_combined,loss,none,65600,0.06678084599224916,0.07327489333820672,8.353083092629277e-06,0.19481520073633418,6,"1000,1001,1002,1003,1004,1005",100000,200,True
even-palindrome,baseline_vs_combined,loss,none,65800,0.0887759047944084,0.07557331059477002,0.00010997003371957526,0.22456213437232542,6,"1000,1001,1002,1003,1004,1005",100000,200,True
even-palindrome,baseline_vs_combined,loss,none,66000,0.04551224014690753,0.07906527274905671,1.5388208500242973e-07,0.2164685417671518,6,"1000,1001,1002,1003,1004,1005",100000,200,True
even-palindrome,baseline_vs_combined,loss,none,66200,0.1583196657294429,0.1897239738637985,7.500359023193681e-06,0.5229304327553693,6,"1000,1001,1002,1003,1004,1005",100000,200,True
even-palindrome,baseline_vs_combined,loss,none,66400,0.08458429281418828,0.054152292654399116,0.008939099891779328,0.1561594068667887,6,"1000,1001,1002,1003,1004,1005",100000,200,True
even-palindrome,baseline_vs_combined,loss,none,66600,0.04068115847289875,0.057749384190540945,3.1283117900338804e-07,0.15425029808978422,6,"1000,1001,1002,1003,1004,1005",100000,200,True
even-palindrome,baseline_vs_combined,loss,none,66800,0.05617966812316069,0.0593653085161018,0.005535844225514518,0.16843103845543056,6,"1000,1001,1002,1003,1004,1005",100000,200,True
even-palindrome,baseline_vs_combined,loss,none,67000,0.06466497702325222,0.04523258281971048,9.01310812757572e-07,0.12184480345233624,6,"1000,1001,1002,1003,1004,1005",100000,200,True
even-palindrome,baseline_vs_combined,loss,none,67200,0.06832992467353799,0.06434317789474997,6.269169423323007e-07,0.17849724382363205,6,"1000,1001,1002,1003,1004,1005",100000,200,True
even-palindrome,baseline_vs_combined,loss,none,67400,0.07830566309089952,0.0782918487026262,0.001781378331724055,0.2357101126422481,6,"1000,1001,1002,1003,1004,1005",100000,200,True
even-palindrome,baseline_vs_combined,loss,none,67600,0.11259917328778517,0.07718385745909119,3.04047241002553e-06,0.21946234453490804,6,"1000,1001,1002,1003,1004,1005",100000,200,True
even-palindrome,baseline_vs_combined,loss,none,67800,0.027872650256467246,0.05010255783482573,6.328151792799226e-07,0.13768002709442498,6,"1000,1001,1002,1003,1004,1005",100000,200,True
even-palindrome,baseline_vs_combined,loss,none,68000,0.05547779118917012,0.07951776077244756,5.1692625957257267e-08,0.20048929416721875,6,"1000,1001,1002,1003,1004,1005",100000,200,True
even-palindrome,baseline_vs_combined,loss,none,68200,0.03501286682834511,0.05612387938225799,1.3232186815651664e-07,0.15246341332572455,6,"1000,1001,1002,1003,1004,1005",100000,200,True
even-palindrome,baseline_vs_combined,loss,none,68400,0.06019027918736423,0.07503902016138811,3.758529457907611e-08,0.20586010664682364,6,"1000,1001,1002,1003,1004,1005",100000,200,True
even-palindrome,baseline_vs_combined,loss,none,68600,0.15385935246028515,0.21849994879137946,2.1530402195601983e-07,0.6090654096328343,6,"1000,1001,1002,1003,1004,1005",100000,200,True
even-palindrome,baseline_vs_combined,loss,none,68800,0.04985069976229523,0.03813327199704979,0.016726831761071217,0.12971452121013272,6,"1000,1001,1002,1003,1004,1005",100000,200,True
even-palindrome,baseline_vs_combined,loss,none,69000,0.05115272142918457,0.06664457998684542,1.3621171506397467e-05,0.1456422056050319,6,"1000,1001,1002,1003,1004,1005",100000,200,True
even-palindrome,baseline_vs_combined,loss,none,69200,0.04434671034001133,0.0713547979405676,1.2540856238760223e-06,0.19776596505461924,6,"1000,1001,1002,1003,1004,1005",100000,200,True
even-palindrome,baseline_vs_combined,loss,none,69400,0.06130155682410691,0.05786377107313341,0.0005095066840704355,0.16905577525565263,6,"1000,1001,1002,1003,1004,1005",100000,200,True
even-palindrome,baseline_vs_combined,loss,none,69600,0.14423541873810466,0.205372476673486,0.0001947309851775779,0.5833430799349002,6,"1000,1001,1002,1003,1004,1005",100000,200,True
even-palindrome,baseline_vs_combined,loss,none,69800,0.07233815876976424,0.05385230177652655,1.7615264726655865e-06,0.15705482553998065,6,"1000,1001,1002,1003,1004,1005",100000,200,True
even-palindrome,baseline_vs_combined,loss,none,70000,0.07102900654333259,0.061740789981758394,1.4961676543995481e-05,0.19366180923683488,6,"1000,1001,1002,1003,1004,1005",100000,200,True
even-palindrome,baseline_vs_combined,loss,none,70200,0.08428233055509438,0.05906598568100431,1.3485824101061028e-05,0.17350273069865632,6,"1000,1001,1002,1003,1004,1005",100000,200,True
even-palindrome,baseline_vs_combined,loss,none,70400,0.17774639967932024,0.30130954480506766,1.297953376492078e-05,0.8366138063398952,6,"1000,1001,1002,1003,1004,1005",100000,200,True
even-palindrome,baseline_vs_combined,loss,none,70600,0.07834149400195085,0.07643917082432353,1.4177451190642287e-05,0.19411236415664962,6,"1000,1001,1002,1003,1004,1005",100000,200,True
even-palindrome,baseline_vs_combined,loss,none,70800,0.04050429247608669,0.06113642035415368,1.248580162183377e-06,0.16901642135197675,6,"1000,1001,1002,1003,1004,1005",100000,200,True
even-palindrome,baseline_vs_combined,loss,none,71000,0.031097991112944246,0.047048481924548025,8.892003882050082e-05,0.13367752675339603,6,"1000,1001,1002,1003,1004,1005",100000,200,True
even-palindrome,baseline_vs_combined,loss,none,71200,0.05048125506556391,0.05995816716689441,7.361985613102418e-08,0.1653765688218391,6,"1000,1001,1002,1003,1004,1005",100000,200,True
even-palindrome,baseline_vs_combined,loss,none,71400,0.043927100554387054,0.060367860545029454,2.4347537804594866e-06,0.15041405485215814,6,"1000,1001,1002,1003,1004,1005",100000,200,True
even-palindrome,baseline_vs_combined,loss,none,71600,0.06880851137871957,0.06492882115496776,3.3913779630710683e-07,0.16817274730747578,6,"1000,1001,1002,1003,1004,1005",100000,200,True
even-palindrome,baseline_vs_combined,loss,none,71800,0.08729621469463017,0.05112028468106492,0.007911504125113145,0.16309389971553856,6,"1000,1001,1002,1003,1004,1005",100000,200,True
even-palindrome,baseline_vs_combined,loss,none,72000,0.08620214176083425,0.07700854761802753,5.966921471730672e-05,0.21261389457982907,6,"1000,1001,1002,1003,1004,1005",100000,200,True
even-palindrome,baseline_vs_combined,loss,none,72200,0.05975011574524431,0.04708574457344758,1.1373840557375724e-07,0.10976298797532053,6,"1000,1001,1002,1003,1004,1005",100000,200,True
even-palindrome,baseline_vs_combined,loss,none,72400,0.07048372503888066,0.09787651335269136,1.6108685573302043e-07,0.27678820482324684,6,"1000,1001,1002,1003,1004,1005",100000,200,True
even-palindrome,baseline_vs_combined,loss,none,72600,0.07557257197638276,0.06478668178536447,0.00010207175127335061,0.17903050149703859,6,"1000,1001,1002,1003,1004,1005",100000,200,True
even-palindrome,baseline_vs_combined,loss,none,72800,0.024838606135343003,0.055378690143767915,7.248172146642751e-07,0.1486690042594057,6,"1000,1001,1002,1003,1004,1005",100000,200,True
even-palindrome,baseline_vs_combined,loss,none,73000,0.028061224400526597,0.03718891315195463,6.296587848356184e-08,0.09829363121776283,6,"1000,1001,1002,1003,1004,1005",100000,200,True
even-palindrome,baseline_vs_combined,loss,none,73200,0.0470867489535142,0.03357537479183605,2.477507824793071e-05,0.08925228841152873,6,"1000,1001,1002,1003,1004,1005",100000,200,True
even-palindrome,baseline_vs_combined,loss,none,73400,0.07107623487138598,0.06948022851980237,6.496950841938798e-07,0.16647667925229526,6,"1000,1001,1002,1003,1004,1005",100000,200,True
even-palindrome,baseline_vs_combined,loss,none,73600,0.0407657649789493,0.032534201422186375,0.0015722333150241135,0.09553201576033502,6,"1000,1001,1002,1003,1004,1005",100000,200,True
even-palindrome,baseline_vs_combined,loss,none,73800,0.08166229642467228,0.07188931411594546,0.0072729111922933696,0.2109208331936844,6,"1000,1001,1002,1003,1004,1005",100000,200,True
even-palindrome,baseline_vs_combined,loss,none,74000,0.043511700987692116,0.046018640866781896,1.9418865589357348e-07,0.11877042936124996,6,"1000,1001,1002,1003,1004,1005",100000,200,True
even-palindrome,baseline_vs_combined,loss,none,74200,0.05848867371885444,0.03617748242214811,0.005769804024221436,0.09918821471588131,6,"1000,1001,1002,1003,1004,1005",100000,200,True
even-palindrome,baseline_vs_combined,loss,none,74400,0.052867349945854764,0.0675445413022968,4.791165131888542e-07,0.17254313576138874,6,"1000,1001,1002,1003,1004,1005",100000,200,True
even-palindrome,baseline_vs_combined,loss,none,74600,0.13421383098025463,0.2069749448026962,1.774218454745475e-05,0.5832038545532097,6,"1000,1001,1002,1003,1004,1005",100000,200,True
even-palindrome,baseline_vs_combined,loss,none,74800,0.045977711658156846,0.07531950355072405,3.500741959794329e-06,0.2091984109292639,6,"1000,1001,1002,1003,1004,1005",100000,200,True
even-palindrome,baseline_vs_combined,loss,none,75000,0.03137334497491575,0.026405722155266282,1.209783834612739e-06,0.07576114470354525,6,"1000,1001,1002,1003,1004,1005",100000,200,True
even-palindrome,baseline_vs_combined,loss,none,75200,0.053360386047685206,0.05743388687067132,4.05347449516924e-07,0.16248341128087987,6,"1000,1001,1002,1003,1004,1005",100000,200,True
even-palindrome,baseline_vs_combined,loss,none,75400,0.08132128385015984,0.06688674507918353,4.583223955369718e-07,0.16465798647538765,6,"1000,1001,1002,1003,1004,1005",100000,200,True
even-palindrome,baseline_vs_combined,loss,none,75600,0.05520730283016732,0.06798291764933077,3.679057084782222e-07,0.1578281485134566,6,"1000,1001,1002,1003,1004,1005",100000,200,True
even-palindrome,baseline_vs_combined,loss,none,75800,0.051758257196569034,0.033269713235980554,0.006200874142390268,0.10260449594515601,6,"1000,1001,1002,1003,1004,1005",100000,200,True
even-palindrome,baseline_vs_combined,loss,none,76000,0.07104855968034057,0.10266866095475699,3.291988043188643e-07,0.2873144622737207,6,"1000,1001,1002,1003,1004,1005",100000,200,True
even-palindrome,baseline_vs_combined,loss,none,76200,0.0702524698651255,0.05616211937893923,2.0202306834854813e-06,0.15902336684902182,6,"1000,1001,1002,1003,1004,1005",100000,200,True
even-palindrome,baseline_vs_combined,loss,none,76400,0.043830203313493125,0.07567129841904657,6.357648643116886e-08,0.20669723752623298,6,"1000,1001,1002,1003,1004,1005",100000,200,True
even-palindrome,baseline_vs_combined,loss,none,76600,0.0400155783741935,0.037849192475974354,9.367990904011331e-08,0.09826754204433655,6,"1000,1001,1002,1003,1004,1005",100000,200,True
even-palindrome,baseline_vs_combined,loss,none,76800,0.15236907755016327,0.1748474340243039,5.139810164781975e-07,0.5011799169121722,6,"1000,1001,1002,1003,1004,1005",100000,200,True
even-palindrome,baseline_vs_combined,loss,none,77000,0.03115457353010853,0.05502216699044321,8.923650855252597e-08,0.1510197471202332,6,"1000,1001,1002,1003,1004,1005",100000,200,True
even-palindrome,baseline_vs_combined,loss,none,77200,0.026438998231396754,0.05052301175723887,9.553595918948555e-09,0.13817860132593637,6,"1000,1001,1002,1003,1004,1005",100000,200,True
even-palindrome,baseline_vs_combined,loss,none,77400,0.17936193242043127,0.19235418161645837,0.04987005922932254,0.6018332954939853,6,"1000,1001,1002,1003,1004,1005",100000,200,True
even-palindrome,baseline_vs_combined,loss,none,77600,0.057872346382622085,0.07456423745476279,1.1433019067015691e-07,0.19021786376052385,6,"1000,1001,1002,1003,1004,1005",100000,200,True
even-palindrome,baseline_vs_combined,loss,none,77800,0.04975442954644918,0.04753421734810721,4.560490732581548e-08,0.12117374613605193,6,"1000,1001,1002,1003,1004,1005",100000,200,True
even-palindrome,baseline_vs_combined,loss,none,78000,0.0545684263995132,0.041142699960303404,0.011577443586358815,0.1304887830774996,6,"1000,1001,1002,1003,1004,1005",100000,200,True
even-palindrome,baseline_vs_combined,loss,none,78200,0.056495056903138885,0.05964018824229384,1.0326914771568995e-07,0.14743782767520358,6,"1000,1001,1002,1003,1004,1005",100000,200,True
even-palindrome,baseline_vs_combined,loss,none,78400,0.01342038964419085,0.019027794368388588,7.798659671640063e-08,0.043602504447160344,6,"1000,1001,1002,1003,1004,1005",100000,200,True
even-palindrome,baseline_vs_combined,loss,none,78600,0.03886346197866072,0.03473528766279475,2.100728540278124e-08,0.09332950829023474,6,"1000,1001,1002,1003,1004,1005",100000,200,True
even-palindrome,baseline_vs_combined,loss,none,78800,0.0315301741518508,0.0401302325551078,9.01330052520779e-09,0.11141730881985559,6,"1000,1001,1002,1003,1004,1005",100000,200,True
even-palindrome,baseline_vs_combined,loss,none,79000,0.036666857095940336,0.06589585947126542,3.045386206201872e-07,0.18124670135736992,6,"1000,1001,1002,1003,1004,1005",100000,200,True
even-palindrome,baseline_vs_combined,loss,none,79200,0.017887121476860262,0.028606102191252966,7.852752656412054e-08,0.07682452361047347,6,"1000,1001,1002,1003,1004,1005",100000,200,True
even-palindrome,baseline_vs_combined,loss,none,79400,0.028748010566579028,0.0497851403175043,7.746828998945531e-05,0.1374866442620629,6,"1000,1001,1002,1003,1004,1005",100000,200,True
even-palindrome,baseline_vs_combined,loss,none,79600,0.040756577846390356,0.04116596364883059,3.903373430258483e-08,0.09231727565469798,6,"1000,1001,1002,1003,1004,1005",100000,200,True
even-palindrome,baseline_vs_combined,loss,none,79800,0.03613689737049486,0.07895707191545613,3.27811620358387e-08,0.21265876926159422,6,"1000,1001,1002,1003,1004,1005",100000,200,True
even-palindrome,baseline_vs_combined,loss,none,80000,0.23391677401060076,0.3584758726744435,1.880362343672755e-08,1.0151920747545522,6,"1000,1001,1002,1003,1004,1005",100000,200,True
even-palindrome,baseline_vs_combined,loss,none,80200,0.0911260456055899,0.06396756016571012,0.020599239495479676,0.19455559829055352,6,"1000,1001,1002,1003,1004,1005",100000,200,True
even-palindrome,baseline_vs_combined,loss,none,80400,0.029555555010412852,0.03290219607941748,2.4310995909160306e-08,0.08615752386607084,6,"1000,1001,1002,1003,1004,1005",100000,200,True
even-palindrome,baseline_vs_combined,loss,none,80600,0.052195048984162794,0.048347223939464994,4.628848909576065e-06,0.13988839717429385,6,"1000,1001,1002,1003,1004,1005",100000,200,True
even-palindrome,baseline_vs_combined,loss,none,80800,0.057378395836977736,0.05750507624807336,4.3844299187514523e-07,0.12247924976858124,6,"1000,1001,1002,1003,1004,1005",100000,200,True
even-palindrome,baseline_vs_combined,loss,none,81000,0.031046576784328914,0.03271464087704811,2.59802262394109e-06,0.08263310583578033,6,"1000,1001,1002,1003,1004,1005",100000,200,True
even-palindrome,baseline_vs_combined,loss,none,81200,0.07282479909885932,0.04554129707630002,1.5399139537318474e-07,0.13648622371387703,6,"1000,1001,1002,1003,1004,1005",100000,200,True
even-palindrome,baseline_vs_combined,loss,none,81400,0.04682106889782595,0.048520382919451335,4.18765982928726e-06,0.13021361587091293,6,"1000,1001,1002,1003,1004,1005",100000,200,True
even-palindrome,baseline_vs_combined,loss,none,81600,0.038036986651064884,0.0259351877161995,1.5686433502942743e-07,0.07237277472949756,6,"1000,1001,1002,1003,1004,1005",100000,200,True
even-palindrome,baseline_vs_combined,loss,none,81800,0.034061692737129994,0.039141367093680525,2.4970201030982687e-07,0.09089127614124307,6,"1000,1001,1002,1003,1004,1005",100000,200,True
even-palindrome,baseline_vs_combined,loss,none,82000,0.0838115257720536,0.09752793722598634,2.398554497474309e-07,0.24124775180992714,6,"1000,1001,1002,1003,1004,1005",100000,200,True
even-palindrome,baseline_vs_combined,loss,none,82200,0.05755550829800402,0.05594553851149261,7.251565304153863e-06,0.15424659798298807,6,"1000,1001,1002,1003,1004,1005",100000,200,True
even-palindrome,baseline_vs_combined,loss,none,82400,0.055607119730272526,0.05468516797566223,6.811182094696652e-06,0.12046131663527263,6,"1000,1001,1002,1003,1004,1005",100000,200,True
even-palindrome,baseline_vs_combined,loss,none,82600,0.04808415958866883,0.0567797608280603,9.090894674794111e-07,0.16306154957530045,6,"1000,1001,1002,1003,1004,1005",100000,200,True
even-palindrome,baseline_vs_combined,loss,none,82800,0.05659595892040035,0.05322555477166107,2.2449825992816585e-08,0.1510022234866963,6,"1000,1001,1002,1003,1004,1005",100000,200,True
even-palindrome,baseline_vs_combined,loss,none,83000,0.04207157852838559,0.0739678233365248,2.9389517284539313e-08,0.20267288640257847,6,"1000,1001,1002,1003,1004,1005",100000,200,True
even-palindrome,baseline_vs_combined,loss,none,83200,0.06455749998591734,0.055386172628439354,2.1394233086019665e-05,0.15706832566046158,6,"1000,1001,1002,1003,1004,1005",100000,200,True
even-palindrome,baseline_vs_combined,loss,none,83400,0.05003914513740624,0.0438589846398265,1.0023848633324163e-05,0.10525601777244788,6,"1000,1001,1002,1003,1004,1005",100000,200,True
even-palindrome,baseline_vs_combined,loss,none,83600,0.12987725286371007,0.207599283174389,1.2479699136218022e-05,0.5841040682650104,6,"1000,1001,1002,1003,1004,1005",100000,200,True
even-palindrome,baseline_vs_combined,loss,none,83800,0.026769302950909415,0.03759844966670506,1.5761826529098187e-08,0.09846490963023342,6,"1000,1001,1002,1003,1004,1005",100000,200,True
even-palindrome,baseline_vs_combined,loss,none,84000,0.1474819949295807,0.24117956998823073,2.105563177504967e-07,0.6791089929434455,6,"1000,1001,1002,1003,1004,1005",100000,200,True
even-palindrome,baseline_vs_combined,loss,none,84200,0.03797739849993916,0.04293771762112117,2.6790552793490295e-08,0.10823944965573702,6,"1000,1001,1002,1003,1004,1005",100000,200,True
even-palindrome,baseline_vs_combined,loss,none,84400,0.15413799166579129,0.1856061012740087,1.809117605027777e-06,0.5311895913461196,6,"1000,1001,1002,1003,1004,1005",100000,200,True
even-palindrome,baseline_vs_combined,loss,none,84600,0.031948177568348446,0.03187221947147076,1.3851517774374212e-08,0.07808012885141097,6,"1000,1001,1002,1003,1004,1005",100000,200,True
even-palindrome,baseline_vs_combined,loss,none,84800,0.039582770341262015,0.0852114360388404,4.683108676337144e-09,0.23002383088401843,6,"1000,1001,1002,1003,1004,1005",100000,200,True
even-palindrome,baseline_vs_combined,loss,none,85000,0.025199871037628534,0.03611111138377761,1.8214057533362527e-08,0.08734225950017532,6,"1000,1001,1002,1003,1004,1005",100000,200,True
even-palindrome,baseline_vs_combined,loss,none,85200,0.020335542827654953,0.02824669740055738,1.2115748202483519e-08,0.06259024365917185,6,"1000,1001,1002,1003,1004,1005",100000,200,True
even-palindrome,baseline_vs_combined,loss,none,85400,0.02660730358822419,0.03175332484726305,3.465610648845097e-08,0.07097577775056979,6,"1000,1001,1002,1003,1004,1005",100000,200,True
even-palindrome,baseline_vs_combined,loss,none,85600,0.06085105680085531,0.10248261630080549,6.830739946929036e-06,0.28432478469639905,6,"1000,1001,1002,1003,1004,1005",100000,200,True
even-palindrome,baseline_vs_combined,loss,none,85800,0.036014510270415266,0.03181601413929969,2.7841894353940537e-09,0.0775714777780513,6,"1000,1001,1002,1003,1004,1005",100000,200,True
even-palindrome,baseline_vs_combined,loss,none,86000,0.12514680542327583,0.1740611444725477,2.571392153807861e-07,0.5048641568095527,6,"1000,1001,1002,1003,1004,1005",100000,200,True
even-palindrome,baseline_vs_combined,loss,none,86200,0.04877068435915995,0.061522572717291425,2.5372598056665023e-09,0.1701272018122788,6,"1000,1001,1002,1003,1004,1005",100000,200,True
even-palindrome,baseline_vs_combined,loss,none,86400,0.05860762325598173,0.05320261534765061,2.4636237314860226e-09,0.1512121179511162,6,"1000,1001,1002,1003,1004,1005",100000,200,True
even-palindrome,baseline_vs_combined,loss,none,86600,0.04292340912997119,0.043452858567593164,9.982227212823602e-08,0.09793799774896565,6,"1000,1001,1002,1003,1004,1005",100000,200,True
even-palindrome,baseline_vs_combined,loss,none,86800,0.018152678127453043,0.023229901258695652,7.184778861181311e-09,0.062444575131415346,6,"1000,1001,1002,1003,1004,1005",100000,200,True
even-palindrome,baseline_vs_combined,loss,none,87000,0.09160207562903123,0.11298870255198065,9.216306463871087e-09,0.2603976225034617,6,"1000,1001,1002,1003,1004,1005",100000,200,True
even-palindrome,baseline_vs_combined,loss,none,87200,0.08300631531417277,0.06851648650560271,2.2421584769576516e-05,0.17406233651723946,6,"1000,1001,1002,1003,1004,1005",100000,200,True
even-palindrome,baseline_vs_combined,loss,none,87400,0.019748655911989866,0.03161470117590477,6.864980314599117e-08,0.08848117227363118,6,"1000,1001,1002,1003,1004,1005",100000,200,True
even-palindrome,baseline_vs_combined,loss,none,87600,0.018437043883519195,0.018480994602536053,1.870955510434834e-08,0.0486106631449562,6,"1000,1001,1002,1003,1004,1005",100000,200,True
even-palindrome,baseline_vs_combined,loss,none,87800,0.029550586662669836,0.03638937211311305,4.5941401730688075e-08,0.08794776992708649,6,"1000,1001,1002,1003,1004,1005",100000,200,True
even-palindrome,baseline_vs_combined,loss,none,88000,0.03605575725708655,0.04443016752794069,2.4336825003769964e-08,0.1257765471855575,6,"1000,1001,1002,1003,1004,1005",100000,200,True
even-palindrome,baseline_vs_combined,loss,none,88200,0.05463560931200879,0.07079172052673217,1.7127024589968543e-07,0.19796471451814265,6,"1000,1001,1002,1003,1004,1005",100000,200,True
even-palindrome,baseline_vs_combined,loss,none,88400,0.0520141582843181,0.04041222936358992,0.008436468767412036,0.13012931207595926,6,"1000,1001,1002,1003,1004,1005",100000,200,True
even-palindrome,baseline_vs_combined,loss,none,88600,0.02957089187376916,0.0375727624156952,6.221788881547591e-08,0.09258828775320392,6,"1000,1001,1002,1003,1004,1005",100000,200,True
even-palindrome,baseline_vs_combined,loss,none,88800,0.015201096300919892,0.020518198921222173,3.294627218817722e-08,0.050214357926353516,6,"1000,1001,1002,1003,1004,1005",100000,200,True
even-palindrome,baseline_vs_combined,loss,none,89000,0.011889927405707606,0.022167963165968477,4.5833049936881355e-09,0.060691684141718376,6,"1000,1001,1002,1003,1004,1005",100000,200,True
even-palindrome,baseline_vs_combined,loss,none,89200,0.04939139881404947,0.03236850869441331,1.2562383661595365e-09,0.10319272304341659,6,"1000,1001,1002,1003,1004,1005",100000,200,True
even-palindrome,baseline_vs_combined,loss,none,89400,0.13667924533532053,0.2491984522930622,5.525933359723859e-10,0.6897273125593254,6,"1000,1001,1002,1003,1004,1005",100000,200,True
even-palindrome,baseline_vs_combined,loss,none,89600,0.05337731860912781,0.04523839121612879,2.678043519712889e-10,0.12562115726360537,6,"1000,1001,1002,1003,1004,1005",100000,200,True
even-palindrome,baseline_vs_combined,loss,none,89800,0.04527446702367185,0.04130643704970245,2.2895915391916987e-10,0.12084277816141067,6,"1000,1001,1002,1003,1004,1005",100000,200,True
even-palindrome,baseline_vs_combined,loss,none,90000,0.018404510133477645,0.021663755995370997,1.992180661061771e-10,0.05678076339015206,6,"1000,1001,1002,1003,1004,1005",100000,200,True
even-palindrome,baseline_vs_combined,loss,none,90200,0.025889947221076067,0.03652539846010033,1.4450739863188998e-10,0.08207851075656877,6,"1000,1001,1002,1003,1004,1005",100000,200,True
even-palindrome,baseline_vs_combined,loss,none,90400,0.027092482324613348,0.04354265738106151,1.4720698812047474e-10,0.1171120704691215,6,"1000,1001,1002,1003,1004,1005",100000,200,True
even-palindrome,baseline_vs_combined,loss,none,90600,0.055187296512778206,0.09624945287689758,1.3629775158334468e-10,0.2631232370861997,6,"1000,1001,1002,1003,1004,1005",100000,200,True
even-palindrome,baseline_vs_combined,loss,none,90800,0.024390238059667002,0.036666423935147574,1.0066340302135627e-07,0.09472700436527712,6,"1000,1001,1002,1003,1004,1005",100000,200,True
even-palindrome,baseline_vs_combined,loss,none,91000,0.060219171332397514,0.0822224228064847,1.172142830264348e-09,0.1962109804235888,6,"1000,1001,1002,1003,1004,1005",100000,200,True
even-palindrome,baseline_vs_combined,loss,none,91200,0.060494573764326064,0.06159225531467666,2.806583271519787e-09,0.13808567633929328,6,"1000,1001,1002,1003,1004,1005",100000,200,True
even-palindrome,baseline_vs_combined,loss,none,91400,0.024687935293688207,0.028781880967469607,1.5361438403813445e-09,0.0662978176577088,6,"1000,1001,1002,1003,1004,1005",100000,200,True
even-palindrome,baseline_vs_combined,loss,none,91600,0.028090577849623533,0.03975731939069161,6.34380722865785e-10,0.08750166060663275,6,"1000,1001,1002,1003,1004,1005",100000,200,True
even-palindrome,baseline_vs_combined,loss,none,91800,0.03634339639720881,0.051610471800229055,7.116921930022169e-08,0.12202946482862506,6,"1000,1001,1002,1003,1004,1005",100000,200,True
even-palindrome,baseline_vs_combined,loss,none,92000,0.030410512301095007,0.053323926233062514,1.248083579302728e-07,0.1459083610644637,6,"1000,1001,1002,1003,1004,1005",100000,200,True
even-palindrome,baseline_vs_combined,loss,none,92200,0.022524223874862997,0.023173933101803178,4.798053849346942e-08,0.055741152053166286,6,"1000,1001,1002,1003,1004,1005",100000,200,True
even-palindrome,baseline_vs_combined,loss,none,92400,0.07791727087969508,0.0410742456097232,1.2740344737618147e-06,0.12979950465561388,6,"1000,1001,1002,1003,1004,1005",100000,200,True
even-palindrome,baseline_vs_combined,loss,none,92600,0.17405561520337767,0.2627452942228449,2.061324229743898e-06,0.7572984454511444,6,"1000,1001,1002,1003,1004,1005",100000,200,True
even-palindrome,baseline_vs_combined,loss,none,92800,0.03130671002865101,0.04437924745103014,2.8243544878005623e-09,0.0992202220798765,6,"1000,1001,1002,1003,1004,1005",100000,200,True
even-palindrome,baseline_vs_combined,loss,none,93000,0.024031768038900742,0.0353409441538269,7.704595703870434e-10,0.08894437012238911,6,"1000,1001,1002,1003,1004,1005",100000,200,True
even-palindrome,baseline_vs_combined,loss,none,93200,0.04906232610058426,0.03737059715179703,1.146502260931351e-09,0.09951437527446057,6,"1000,1001,1002,1003,1004,1005",100000,200,True
even-palindrome,baseline_vs_combined,loss,none,93400,0.07126581167933414,0.08022725478917928,4.1718186945053886e-08,0.237115377893388,6,"1000,1001,1002,1003,1004,1005",100000,200,True
even-palindrome,baseline_vs_combined,loss,none,93600,0.031445419303698874,0.046025268943460505,8.189832858379402e-07,0.11713839300436454,6,"1000,1001,1002,1003,1004,1005",100000,200,True
even-palindrome,baseline_vs_combined,loss,none,93800,0.05037297954297785,0.04248255405300128,8.3578274749431e-08,0.10298719602870862,6,"1000,1001,1002,1003,1004,1005",100000,200,True
even-palindrome,baseline_vs_combined,loss,none,94000,0.029778652620657053,0.03451181508991278,0.0003018446453389351,0.09212636418100581,6,"1000,1001,1002,1003,1004,1005",100000,200,True
even-palindrome,baseline_vs_combined,loss,none,94200,0.029378531208337427,0.04357758323813875,1.5327070505117244e-08,0.11316549737884692,6,"1000,1001,1002,1003,1004,1005",100000,200,True
even-palindrome,baseline_vs_combined,loss,none,94400,0.010777518505370452,0.0152390850233308,4.640403717766015e-09,0.032482996086249,6,"1000,1001,1002,1003,1004,1005",100000,200,True
even-palindrome,baseline_vs_combined,loss,none,94600,0.056016450705575545,0.04846734372625155,1.4544120674345532e-09,0.12123476881220341,6,"1000,1001,1002,1003,1004,1005",100000,200,True
even-palindrome,baseline_vs_combined,loss,none,94800,0.09849549535565932,0.18256433399873787,5.666414843802847e-10,0.5000053913471841,6,"1000,1001,1002,1003,1004,1005",100000,200,True
even-palindrome,baseline_vs_combined,loss,none,95000,0.04170013308029432,0.06519244198655774,4.3478510744834885e-10,0.1827093295048016,6,"1000,1001,1002,1003,1004,1005",100000,200,True
even-palindrome,baseline_vs_combined,loss,none,95200,0.04342970668492211,0.05460236136143236,1.739225734891342e-10,0.13296547953563967,6,"1000,1001,1002,1003,1004,1005",100000,200,True
even-palindrome,baseline_vs_combined,loss,none,95400,0.04468468620196992,0.05652872845166157,3.6763773335553164e-06,0.16192566294742985,6,"1000,1001,1002,1003,1004,1005",100000,200,True
even-palindrome,baseline_vs_combined,loss,none,95600,0.03594655502398308,0.07208909288129242,5.436570039317121e-09,0.19639468109794447,6,"1000,1001,1002,1003,1004,1005",100000,200,True
even-palindrome,baseline_vs_combined,loss,none,95800,0.09212645067901204,0.14769126264805008,5.85411820600186e-09,0.4151475344244709,6,"1000,1001,1002,1003,1004,1005",100000,200,True
even-palindrome,baseline_vs_combined,loss,none,96000,0.11356095211265975,0.1817397307162411,5.086777790210342e-09,0.5052921123904908,6,"1000,1001,1002,1003,1004,1005",100000,200,True
even-palindrome,baseline_vs_combined,loss,none,96200,0.056544935282247855,0.06380454476862613,1.1593687997742824e-09,0.17343468914289978,6,"1000,1001,1002,1003,1004,1005",100000,200,True
even-palindrome,baseline_vs_combined,loss,none,96400,0.1041739436177022,0.19301001378496593,8.66912300175049e-10,0.5345055340114562,6,"1000,1001,1002,1003,1004,1005",100000,200,True
even-palindrome,baseline_vs_combined,loss,none,96600,0.22625023505159414,0.281018591411802,0.0013317153143169837,0.6673005790838887,6,"1000,1001,1002,1003,1004,1005",100000,200,True
even-palindrome,baseline_vs_combined,loss,none,96800,0.02360803081092663,0.02141301888496501,3.2753447962014004e-06,0.05320211280013385,6,"1000,1001,1002,1003,1004,1005",100000,200,True
even-palindrome,baseline_vs_combined,loss,none,97000,0.013459834959145751,0.029210487787353353,2.111533158271608e-08,0.07875599777924677,6,"1000,1001,1002,1003,1004,1005",100000,200,True
even-palindrome,baseline_vs_combined,loss,none,97200,0.03826016227516841,0.03921549582082897,9.680655726392865e-08,0.11341813540374077,6,"1000,1001,1002,1003,1004,1005",100000,200,True
even-palindrome,baseline_vs_combined,loss,none,97400,0.13388982784169423,0.1936225510859821,2.7334068668114982e-08,0.5422750534070007,6,"1000,1001,1002,1003,1004,1005",100000,200,True
even-palindrome,baseline_vs_combined,loss,none,97600,0.03518047047549248,0.053021891888967936,8.049246345378548e-09,0.13950499308133388,6,"1000,1001,1002,1003,1004,1005",100000,200,True
even-palindrome,baseline_vs_combined,loss,none,97800,0.009895985195927987,0.02210404856559471,8.353723312687095e-09,0.05932213228188336,6,"1000,1001,1002,1003,1004,1005",100000,200,True
even-palindrome,baseline_vs_combined,loss,none,98000,0.03714839466978548,0.04602824307284,7.937236594067215e-09,0.11875770078904567,6,"1000,1001,1002,1003,1004,1005",100000,200,True
even-palindrome,baseline_vs_combined,loss,none,98200,0.07334117130918587,0.05668022498423149,3.799722850437678e-09,0.15665407330627498,6,"1000,1001,1002,1003,1004,1005",100000,200,True
even-palindrome,baseline_vs_combined,loss,none,98400,0.03353075661702031,0.05557030687979075,6.960739455689688e-09,0.15587720392431417,6,"1000,1001,1002,1003,1004,1005",100000,200,True
even-palindrome,baseline_vs_combined,loss,none,98600,0.022166893780314476,0.027128064053391392,7.167877224819675e-09,0.06914651950924773,6,"1000,1001,1002,1003,1004,1005",100000,200,True
even-palindrome,baseline_vs_combined,loss,none,98800,0.019015003917213658,0.02758911379168982,1.6340186238272303e-08,0.06772730953496485,6,"1000,1001,1002,1003,1004,1005",100000,200,True
even-palindrome,baseline_vs_combined,loss,none,99000,0.13530878296861634,0.1826256545596734,6.8215767090595845e-09,0.5283821301580697,6,"1000,1001,1002,1003,1004,1005",100000,200,True
even-palindrome,baseline_vs_combined,loss,none,99200,0.11827815765996995,0.17553476981960334,9.267715887460726e-09,0.5000000065350423,6,"1000,1001,1002,1003,1004,1005",100000,200,True
even-palindrome,baseline_vs_combined,loss,none,99400,0.009626909232795381,0.0206910444201531,3.373220469268207e-07,0.05586974117074945,6,"1000,1001,1002,1003,1004,1005",100000,200,True
even-palindrome,baseline_vs_combined,loss,none,99600,0.042574216213224436,0.06678843044022244,2.3235520854470047e-09,0.18558884443809198,6,"1000,1001,1002,1003,1004,1005",100000,200,True
even-palindrome,baseline_vs_combined,loss,none,99800,0.030881175524966848,0.054185538499824236,8.31529867776357e-09,0.15077656430648373,6,"1000,1001,1002,1003,1004,1005",100000,200,True
even-palindrome,baseline_vs_combined,loss,none,100000,0.003555185545356118,0.007949038000523738,3.0063459130523844e-09,0.021329774849473928,6,"1000,1001,1002,1003,1004,1005",100000,200,True
even-palindrome,baseline_vs_combined,loss,combined,200,0.704190770884355,0.00420504810500752,0.6961778256297112,0.7077274675667286,6,"1000,1001,1002,1003,1004,1005",100000,200,True
even-palindrome,baseline_vs_combined,loss,combined,400,0.6973123285919428,0.00343150677616544,0.6903640523552894,0.7006131583452224,6,"1000,1001,1002,1003,1004,1005",100000,200,True
even-palindrome,baseline_vs_combined,loss,combined,600,0.69945421119531,0.005424560970643171,0.6952128091454506,0.7112153674662113,6,"1000,1001,1002,1003,1004,1005",100000,200,True
even-palindrome,baseline_vs_combined,loss,combined,800,0.6983430222670237,0.0022808202719200835,0.6953276364505291,0.7017976152896881,6,"1000,1001,1002,1003,1004,1005",100000,200,True
even-palindrome,baseline_vs_combined,loss,combined,1000,0.696601927652955,0.011651219744982025,0.6805891007184982,0.7090747117996216,6,"1000,1001,1002,1003,1004,1005",100000,200,True
even-palindrome,baseline_vs_combined,loss,combined,1200,0.6935847873613238,0.01264540931057685,0.6681695658713579,0.7102064065635204,6,"1000,1001,1002,1003,1004,1005",100000,200,True
even-palindrome,baseline_vs_combined,loss,combined,1400,0.6944131067954005,0.008653935565194767,0.6765863457322121,0.7023701418936252,6,"1000,1001,1002,1003,1004,1005",100000,200,True
even-palindrome,baseline_vs_combined,loss,combined,1600,0.6931296618096531,0.011536350510222275,0.6697691996023059,0.7063040784746408,6,"1000,1001,1002,1003,1004,1005",100000,200,True
even-palindrome,baseline_vs_combined,loss,combined,1800,0.684719796044131,0.015178489357750145,0.6513997492939234,0.6962725859880448,6,"1000,1001,1002,1003,1004,1005",100000,200,True
even-palindrome,baseline_vs_combined,loss,combined,2000,0.6815569867566227,0.014634383234210208,0.6581225762143731,0.6952969092130661,6,"1000,1001,1002,1003,1004,1005",100000,200,True
even-palindrome,baseline_vs_combined,loss,combined,2200,0.6720478175611547,0.030920328600880346,0.6082648607902229,0.7059990810602903,6,"1000,1001,1002,1003,1004,1005",100000,200,True
even-palindrome,baseline_vs_combined,loss,combined,2400,0.6633654280286282,0.011216382774026213,0.6487008412741124,0.6813723612576723,6,"1000,1001,1002,1003,1004,1005",100000,200,True
even-palindrome,baseline_vs_combined,loss,combined,2600,0.6624999123625457,0.033616822290980015,0.6336653010919691,0.734588844962418,6,"1000,1001,1002,1003,1004,1005",100000,200,True
even-palindrome,baseline_vs_combined,loss,combined,2800,0.6479731412200879,0.01942471954813441,0.6265584317594767,0.6847314718365669,6,"1000,1001,1002,1003,1004,1005",100000,200,True
even-palindrome,baseline_vs_combined,loss,combined,3000,0.6529228494285296,0.026347610347942026,0.6283463781885803,0.6926005028188229,6,"1000,1001,1002,1003,1004,1005",100000,200,True
even-palindrome,baseline_vs_combined,loss,combined,3200,0.6407734146233027,0.03738892885934953,0.5843758709263056,0.6924751807749271,6,"1000,1001,1002,1003,1004,1005",100000,200,True
even-palindrome,baseline_vs_combined,loss,combined,3400,0.6485746996259938,0.03259398859332155,0.6095976521633566,0.7008409462682903,6,"1000,1001,1002,1003,1004,1005",100000,200,True
even-palindrome,baseline_vs_combined,loss,combined,3600,0.6266136336931959,0.02625183069369277,0.5785824678558856,0.6578521854430437,6,"1000,1001,1002,1003,1004,1005",100000,200,True
even-palindrome,baseline_vs_combined,loss,combined,3800,0.6427278986309345,0.017654192609651252,0.6209817490540445,0.6708775901794434,6,"1000,1001,1002,1003,1004,1005",100000,200,True
even-palindrome,baseline_vs_combined,loss,combined,4000,0.6437102152671044,0.03716880893660168,0.5845626719575375,0.6977871303632855,6,"1000,1001,1002,1003,1004,1005",100000,200,True
even-palindrome,baseline_vs_combined,loss,combined,4200,0.6362413888820447,0.042014911363890406,0.5579096746537835,0.6866598549112678,6,"1000,1001,1002,1003,1004,1005",100000,200,True
even-palindrome,baseline_vs_combined,loss,combined,4400,0.6246312453978075,0.021441286251874116,0.5889779449533671,0.6531419768184423,6,"1000,1001,1002,1003,1004,1005",100000,200,True
even-palindrome,baseline_vs_combined,loss,combined,4600,0.6057747936163408,0.027187835345055616,0.558377554542385,0.6368763365596533,6,"1000,1001,1002,1003,1004,1005",100000,200,True
even-palindrome,baseline_vs_combined,loss,combined,4800,0.6142333411852209,0.027682578217749998,0.5737199046928435,0.6556246192008257,6,"1000,1001,1002,1003,1004,1005",100000,200,True
even-palindrome,baseline_vs_combined,loss,combined,5000,0.6282826355534296,0.03191969631359385,0.5737158672511578,0.6634331350307912,6,"1000,1001,1002,1003,1004,1005",100000,200,True
even-palindrome,baseline_vs_combined,loss,combined,5200,0.6168900449193703,0.03385843386633422,0.5579928314965218,0.661979299634695,6,"1000,1001,1002,1003,1004,1005",100000,200,True
even-palindrome,baseline_vs_combined,loss,combined,5400,0.6179921702117038,0.030152304288066045,0.5674058762798085,0.6492215168755502,6,"1000,1001,1002,1003,1004,1005",100000,200,True
even-palindrome,baseline_vs_combined,loss,combined,5600,0.6145922384775865,0.030167697061309492,0.5635134985833429,0.6437405221257358,6,"1000,1001,1002,1003,1004,1005",100000,200,True
even-palindrome,baseline_vs_combined,loss,combined,5800,0.5965824764365485,0.032146621540374336,0.5458262846665457,0.6387405724637211,6,"1000,1001,1002,1003,1004,1005",100000,200,True
even-palindrome,baseline_vs_combined,loss,combined,6000,0.5880818294718241,0.02556813892647749,0.5393828109651804,0.612484198724851,6,"1000,1001,1002,1003,1004,1005",100000,200,True
even-palindrome,baseline_vs_combined,loss,combined,6200,0.6067278177974125,0.030057492754582714,0.5699898144020699,0.6634460667800158,6,"1000,1001,1002,1003,1004,1005",100000,200,True
even-palindrome,baseline_vs_combined,loss,combined,6400,0.5883069594720534,0.034920286291369854,0.5598152285534889,0.6644100881274789,6,"1000,1001,1002,1003,1004,1005",100000,200,True
even-palindrome,baseline_vs_combined,loss,combined,6600,0.6252437796796827,0.05851731262308199,0.5624052055226639,0.7406082370877266,6,"1000,1001,1002,1003,1004,1005",100000,200,True
even-palindrome,baseline_vs_combined,loss,combined,6800,0.5917803009653775,0.016445756904857726,0.5734802706958726,0.6219892774056643,6,"1000,1001,1002,1003,1004,1005",100000,200,True
even-palindrome,baseline_vs_combined,loss,combined,7000,0.5849359520454891,0.04534102847745659,0.539096815472003,0.6666465079318732,6,"1000,1001,1002,1003,1004,1005",100000,200,True
even-palindrome,baseline_vs_combined,loss,combined,7200,0.600184974904793,0.023413354936794615,0.5617438334133475,0.6364926350396126,6,"1000,1001,1002,1003,1004,1005",100000,200,True
even-palindrome,baseline_vs_combined,loss,combined,7400,0.5822666739916895,0.029503387579193685,0.531846125703305,0.6089619039045647,6,"1000,1001,1002,1003,1004,1005",100000,200,True
even-palindrome,baseline_vs_combined,loss,combined,7600,0.5799823993215493,0.0602082661451694,0.49459209784166885,0.6846843661926687,6,"1000,1001,1002,1003,1004,1005",100000,200,True
even-palindrome,baseline_vs_combined,loss,combined,7800,0.5729382851580157,0.054314567589785874,0.4681129637430422,0.6309407869610004,6,"1000,1001,1002,1003,1004,1005",100000,200,True
even-palindrome,baseline_vs_combined,loss,combined,8000,0.5652336612376773,0.03681016514514809,0.5377710393490269,0.6324474772484973,6,"1000,1001,1002,1003,1004,1005",100000,200,True
even-palindrome,baseline_vs_combined,loss,combined,8200,0.5869494913978269,0.028945936213388004,0.5526579380466137,0.6391137208137662,6,"1000,1001,1002,1003,1004,1005",100000,200,True
even-palindrome,baseline_vs_combined,loss,combined,8400,0.5771887257014169,0.0362695682516942,0.5323751263262239,0.6309469987172633,6,"1000,1001,1002,1003,1004,1005",100000,200,True
even-palindrome,baseline_vs_combined,loss,combined,8600,0.569087413996167,0.030602674624989848,0.5126114615082042,0.6138299069693312,6,"1000,1001,1002,1003,1004,1005",100000,200,True
even-palindrome,baseline_vs_combined,loss,combined,8800,0.570477378948708,0.03730466738213798,0.5157715307280887,0.6050317384116352,6,"1000,1001,1002,1003,1004,1005",100000,200,True
even-palindrome,baseline_vs_combined,loss,combined,9000,0.5555715278571977,0.05127190419733824,0.4854224689421244,0.6160639118868858,6,"1000,1001,1002,1003,1004,1005",100000,200,True
even-palindrome,baseline_vs_combined,loss,combined,9200,0.5646044891477019,0.04546193505115775,0.4939700824499596,0.6217167926486582,6,"1000,1001,1002,1003,1004,1005",100000,200,True
even-palindrome,baseline_vs_combined,loss,combined,9400,0.5714620850303133,0.027292276885379232,0.530690925772069,0.6054288255982101,6,"1000,1001,1002,1003,1004,1005",100000,200,True
even-palindrome,baseline_vs_combined,loss,combined,9600,0.5529289846112563,0.038082365149795995,0.50356013067998,0.612434239257127,6,"1000,1001,1002,1003,1004,1005",100000,200,True
even-palindrome,baseline_vs_combined,loss,combined,9800,0.566756128614264,0.028514477414600743,0.5325023860263173,0.6095363555080258,6,"1000,1001,1002,1003,1004,1005",100000,200,True
even-palindrome,baseline_vs_combined,loss,combined,10000,0.5445526860251751,0.034091942488641676,0.5133706659346353,0.6018186850729399,6,"1000,1001,1002,1003,1004,1005",100000,200,True
even-palindrome,baseline_vs_combined,loss,combined,10200,0.54706642473718,0.037761256489896616,0.5134382713760715,0.6228463820694015,6,"1000,1001,1002,1003,1004,1005",100000,200,True
even-palindrome,baseline_vs_combined,loss,combined,10400,0.5488537031412125,0.02531606737342988,0.5114770537742879,0.5972933995164931,6,"1000,1001,1002,1003,1004,1005",100000,200,True
even-palindrome,baseline_vs_combined,loss,combined,10600,0.5446633616176162,0.029023457652901687,0.5078611585521139,0.6016714191320353,6,"1000,1001,1002,1003,1004,1005",100000,200,True
even-palindrome,baseline_vs_combined,loss,combined,10800,0.5303953843233952,0.04772771195913391,0.4595119324792176,0.6138178260985296,6,"1000,1001,1002,1003,1004,1005",100000,200,True
even-palindrome,baseline_vs_combined,loss,combined,11000,0.5225874696833004,0.040983274665119085,0.4754530005058041,0.5882228679850232,6,"1000,1001,1002,1003,1004,1005",100000,200,True
even-palindrome,baseline_vs_combined,loss,combined,11200,0.5415868837303909,0.04165575361258829,0.4654747623007279,0.5924748758925125,6,"1000,1001,1002,1003,1004,1005",100000,200,True
even-palindrome,baseline_vs_combined,loss,combined,11400,0.520810407990454,0.021948777719889546,0.49386856527242345,0.5551200434146449,6,"1000,1001,1002,1003,1004,1005",100000,200,True
even-palindrome,baseline_vs_combined,loss,combined,11600,0.5372066832697602,0.022312430318988045,0.503663988421904,0.5775873373146169,6,"1000,1001,1002,1003,1004,1005",100000,200,True
even-palindrome,baseline_vs_combined,loss,combined,11800,0.5416151804323696,0.052938472786632926,0.47798984302440656,0.6459833074221387,6,"1000,1001,1002,1003,1004,1005",100000,200,True
even-palindrome,baseline_vs_combined,loss,combined,12000,0.5698800483486653,0.07247189614787741,0.47933385425712915,0.6711774599622004,6,"1000,1001,1002,1003,1004,1005",100000,200,True
even-palindrome,baseline_vs_combined,loss,combined,12200,0.5463481563680882,0.0509762195173534,0.4442237199685769,0.6104738612752407,6,"1000,1001,1002,1003,1004,1005",100000,200,True
even-palindrome,baseline_vs_combined,loss,combined,12400,0.5348917529796017,0.05416002047062245,0.466128184919944,0.6274193997867406,6,"1000,1001,1002,1003,1004,1005",100000,200,True
even-palindrome,baseline_vs_combined,loss,combined,12600,0.5346025967401026,0.06099298853308657,0.46466309929441196,0.6064314317854587,6,"1000,1001,1002,1003,1004,1005",100000,200,True
even-palindrome,baseline_vs_combined,loss,combined,12800,0.5481345599354729,0.04385775882395114,0.45207649279473117,0.5773001729149837,6,"1000,1001,1002,1003,1004,1005",100000,200,True
even-palindrome,baseline_vs_combined,loss,combined,13000,0.5471255059503891,0.04641288670521329,0.4750527256424539,0.6134835806465708,6,"1000,1001,1002,1003,1004,1005",100000,200,True
even-palindrome,baseline_vs_combined,loss,combined,13200,0.5486775492585244,0.038994607704437925,0.47888770059362284,0.5990964116592659,6,"1000,1001,1002,1003,1004,1005",100000,200,True
even-palindrome,baseline_vs_combined,loss,combined,13400,0.5145786958839259,0.053666320672295854,0.42498529288306597,0.5791927926347126,6,"1000,1001,1002,1003,1004,1005",100000,200,True
even-palindrome,baseline_vs_combined,loss,combined,13600,0.5228172262222991,0.06289411189851395,0.4057282453056541,0.597698291533161,6,"1000,1001,1002,1003,1004,1005",100000,200,True
even-palindrome,baseline_vs_combined,loss,combined,13800,0.5192982652130498,0.0324789410203616,0.46507651795633137,0.5690492546977475,6,"1000,1001,1002,1003,1004,1005",100000,200,True
even-palindrome,baseline_vs_combined,loss,combined,14000,0.5304723966762686,0.06191741363099837,0.4315505271102302,0.6307711313210893,6,"1000,1001,1002,1003,1004,1005",100000,200,True
even-palindrome,baseline_vs_combined,loss,combined,14200,0.5104670512078641,0.042560662516555374,0.43359253573114986,0.5669443065999076,6,"1000,1001,1002,1003,1004,1005",100000,200,True
even-palindrome,baseline_vs_combined,loss,combined,14400,0.5068558110212326,0.04058296656554713,0.44625098327698653,0.5520437069970648,6,"1000,1001,1002,1003,1004,1005",100000,200,True
even-palindrome,baseline_vs_combined,loss,combined,14600,0.4876319366107054,0.07301637394516444,0.39131730617460564,0.5817010760051198,6,"1000,1001,1002,1003,1004,1005",100000,200,True
even-palindrome,baseline_vs_combined,loss,combined,14800,0.4743643205032761,0.04535385519509862,0.3947786513797473,0.5328852592199109,6,"1000,1001,1002,1003,1004,1005",100000,200,True
even-palindrome,baseline_vs_combined,loss,combined,15000,0.4700155778148716,0.058719861697324266,0.3883107263495913,0.5538075309066335,6,"1000,1001,1002,1003,1004,1005",100000,200,True
even-palindrome,baseline_vs_combined,loss,combined,15200,0.4822239076109933,0.06679259479055911,0.39903133978601546,0.6002206071733963,6,"1000,1001,1002,1003,1004,1005",100000,200,True
even-palindrome,baseline_vs_combined,loss,combined,15400,0.4728779046612423,0.05778122899840977,0.3867271643326967,0.5453866720577935,6,"1000,1001,1002,1003,1004,1005",100000,200,True
even-palindrome,baseline_vs_combined,loss,combined,15600,0.47752142896948496,0.04246388834261891,0.39312726220698097,0.5211607717041624,6,"1000,1001,1002,1003,1004,1005",100000,200,True
even-palindrome,baseline_vs_combined,loss,combined,15800,0.43123897176735526,0.0431328331138371,0.38172037165728395,0.49836000021896326,6,"1000,1001,1002,1003,1004,1005",100000,200,True
even-palindrome,baseline_vs_combined,loss,combined,16000,0.46013138759029976,0.0908030959196251,0.27170530839895946,0.5521609028434614,6,"1000,1001,1002,1003,1004,1005",100000,200,True
even-palindrome,baseline_vs_combined,loss,combined,16200,0.45902755005202683,0.06721086540849218,0.3169595328552532,0.512702762252884,6,"1000,1001,1002,1003,1004,1005",100000,200,True
even-palindrome,baseline_vs_combined,loss,combined,16400,0.4624160177801726,0.032846555900623985,0.4024148922970926,0.5043957287474768,6,"1000,1001,1002,1003,1004,1005",100000,200,True
even-palindrome,baseline_vs_combined,loss,combined,16600,0.47825788118316276,0.05197405123641427,0.3689546996250283,0.5236549761431525,6,"1000,1001,1002,1003,1004,1005",100000,200,True
even-palindrome,baseline_vs_combined,loss,combined,16800,0.4950426476414092,0.05995377434267765,0.43592203134379814,0.6204137280012947,6,"1000,1001,1002,1003,1004,1005",100000,200,True
even-palindrome,baseline_vs_combined,loss,combined,17000,0.45244062437520677,0.042710255946809876,0.38748643141210776,0.5076884592045099,6,"1000,1001,1002,1003,1004,1005",100000,200,True
even-palindrome,baseline_vs_combined,loss,combined,17200,0.48534367327966416,0.05181100177714129,0.4051252294209553,0.5347985212272033,6,"1000,1001,1002,1003,1004,1005",100000,200,True
even-palindrome,baseline_vs_combined,loss,combined,17400,0.46364924322258344,0.03127482273887035,0.43944417069433256,0.5296405496797525,6,"1000,1001,1002,1003,1004,1005",100000,200,True
even-palindrome,baseline_vs_combined,loss,combined,17600,0.4815193412908169,0.04540304818916596,0.41280937408970203,0.5422867868992034,6,"1000,1001,1002,1003,1004,1005",100000,200,True
even-palindrome,baseline_vs_combined,loss,combined,17800,0.45235079803516176,0.07994204084173313,0.35284805773611877,0.5926876697712578,6,"1000,1001,1002,1003,1004,1005",100000,200,True
even-palindrome,baseline_vs_combined,loss,combined,18000,0.45552655506692347,0.08394006713167634,0.3291015190872713,0.5470874622015981,6,"1000,1001,1002,1003,1004,1005",100000,200,True
even-palindrome,baseline_vs_combined,loss,combined,18200,0.46344579044026135,0.05013248805457007,0.3906521780166077,0.5204237550147809,6,"1000,1001,1002,1003,1004,1005",100000,200,True
even-palindrome,baseline_vs_combined,loss,combined,18400,0.46483517117798323,0.04112924030357657,0.4084515250014374,0.5389674493749044,6,"1000,1001,1002,1003,1004,1005",100000,200,True
even-palindrome,baseline_vs_combined,loss,combined,18600,0.4491820418850936,0.07333028153488069,0.365360153819056,0.5369172382849502,6,"1000,1001,1002,1003,1004,1005",100000,200,True
even-palindrome,baseline_vs_combined,loss,combined,18800,0.4362761130205763,0.037872153405967134,0.38130390428559624,0.4795512573240558,6,"1000,1001,1002,1003,1004,1005",100000,200,True
even-palindrome,baseline_vs_combined,loss,combined,19000,0.4066373732697079,0.060699676590590786,0.31620504572551,0.47184900229796767,6,"1000,1001,1002,1003,1004,1005",100000,200,True
even-palindrome,baseline_vs_combined,loss,combined,19200,0.4641624936000941,0.03627878625055449,0.42293339265335816,0.5242549439758295,6,"1000,1001,1002,1003,1004,1005",100000,200,True
even-palindrome,baseline_vs_combined,loss,combined,19400,0.4378192249937214,0.07861992669742023,0.30902753371861763,0.5230987199721858,6,"1000,1001,1002,1003,1004,1005",100000,200,True
even-palindrome,baseline_vs_combined,loss,combined,19600,0.4295248372533873,0.07575502251652974,0.3230516842842917,0.549914738459629,6,"1000,1001,1002,1003,1004,1005",100000,200,True
even-palindrome,baseline_vs_combined,loss,combined,19800,0.3962310445436015,0.05333790488791058,0.3209122775684227,0.4785780421542586,6,"1000,1001,1002,1003,1004,1005",100000,200,True
even-palindrome,baseline_vs_combined,loss,combined,20000,0.42367236644198786,0.10959706404068027,0.2560313150647562,0.547112695924734,6,"1000,1001,1002,1003,1004,1005",100000,200,True
even-palindrome,baseline_vs_combined,loss,combined,20200,0.3925008913769428,0.06260203772985781,0.29727211108838675,0.4785689915303374,6,"1000,1001,1002,1003,1004,1005",100000,200,True
even-palindrome,baseline_vs_combined,loss,combined,20400,0.3932966096854822,0.07268318107282365,0.3111658653081395,0.515515802805312,6,"1000,1001,1002,1003,1004,1005",100000,200,True
even-palindrome,baseline_vs_combined,loss,combined,20600,0.40784865041547763,0.07063040458680632,0.3079494581090694,0.5164207466761581,6,"1000,1001,1002,1003,1004,1005",100000,200,True
even-palindrome,baseline_vs_combined,loss,combined,20800,0.42621381696143845,0.08915890478076567,0.25147269047462034,0.5158158277050825,6,"1000,1001,1002,1003,1004,1005",100000,200,True
even-palindrome,baseline_vs_combined,loss,combined,21000,0.3941487253033605,0.0770985907154175,0.28820790334386404,0.5113281963433838,6,"1000,1001,1002,1003,1004,1005",100000,200,True
even-palindrome,baseline_vs_combined,loss,combined,21200,0.417229079638552,0.05359318175036372,0.31836315122578523,0.499139213321032,6,"1000,1001,1002,1003,1004,1005",100000,200,True
even-palindrome,baseline_vs_combined,loss,combined,21400,0.429568861795451,0.09116417627085163,0.30010509300627747,0.5582196661119815,6,"1000,1001,1002,1003,1004,1005",100000,200,True
even-palindrome,baseline_vs_combined,loss,combined,21600,0.3756093509057246,0.06444435645727689,0.2920221379873692,0.4995281623478513,6,"1000,1001,1002,1003,1004,1005",100000,200,True
even-palindrome,baseline_vs_combined,loss,combined,21800,0.38926237335814223,0.03794392391279379,0.3237899165527779,0.44781662939232775,6,"1000,1001,1002,1003,1004,1005",100000,200,True
even-palindrome,baseline_vs_combined,loss,combined,22000,0.33513195064055257,0.045270377098601475,0.27798515569389565,0.41391428851580714,6,"1000,1001,1002,1003,1004,1005",100000,200,True
even-palindrome,baseline_vs_combined,loss,combined,22200,0.33300234926358824,0.08631757528419484,0.20244876379947527,0.42369937853400186,6,"1000,1001,1002,1003,1004,1005",100000,200,True
even-palindrome,baseline_vs_combined,loss,combined,22400,0.3479380033580613,0.049137322147455934,0.2817730156489415,0.4381118705993867,6,"1000,1001,1002,1003,1004,1005",100000,200,True
even-palindrome,baseline_vs_combined,loss,combined,22600,0.3053193874830989,0.08915791614007838,0.1827774970413884,0.4346909222766408,6,"1000,1001,1002,1003,1004,1005",100000,200,True
even-palindrome,baseline_vs_combined,loss,combined,22800,0.34843958435226047,0.06378999792186502,0.24333281255327166,0.4442003156535793,6,"1000,1001,1002,1003,1004,1005",100000,200,True
even-palindrome,baseline_vs_combined,loss,combined,23000,0.35301332965575666,0.06682317592144092,0.2102518653537845,0.4002563943830319,6,"1000,1001,1002,1003,1004,1005",100000,200,True
even-palindrome,baseline_vs_combined,loss,combined,23200,0.3302363831357858,0.05705959315340173,0.2422684111513081,0.4149084505531937,6,"1000,1001,1002,1003,1004,1005",100000,200,True
even-palindrome,baseline_vs_combined,loss,combined,23400,0.33890194896284814,0.06075132778014712,0.22576438767180662,0.4306504479181604,6,"1000,1001,1002,1003,1004,1005",100000,200,True
even-palindrome,baseline_vs_combined,loss,combined,23600,0.3551792023671805,0.08615858855325757,0.20424766588279453,0.45768173045042204,6,"1000,1001,1002,1003,1004,1005",100000,200,True
even-palindrome,baseline_vs_combined,loss,combined,23800,0.3334060828179038,0.10313401912437868,0.20248159873655822,0.46786731584572405,6,"1000,1001,1002,1003,1004,1005",100000,200,True
even-palindrome,baseline_vs_combined,loss,combined,24000,0.35787272868540937,0.049520780804727556,0.2864970141408776,0.44904560318347647,6,"1000,1001,1002,1003,1004,1005",100000,200,True
even-palindrome,baseline_vs_combined,loss,combined,24200,0.36047966022473094,0.0664355222614878,0.29476980601142716,0.49983215980173556,6,"1000,1001,1002,1003,1004,1005",100000,200,True
even-palindrome,baseline_vs_combined,loss,combined,24400,0.340020857893663,0.07325990568622244,0.26796787741448497,0.49347180628043136,6,"1000,1001,1002,1003,1004,1005",100000,200,True
even-palindrome,baseline_vs_combined,loss,combined,24600,0.3526987176709917,0.0801238240499869,0.27417699120869654,0.46846533621821435,6,"1000,1001,1002,1003,1004,1005",100000,200,True
even-palindrome,baseline_vs_combined,loss,combined,24800,0.3261685314611289,0.05541906151526903,0.21911187047560815,0.39840452161712164,6,"1000,1001,1002,1003,1004,1005",100000,200,True
even-palindrome,baseline_vs_combined,loss,combined,25000,0.3568757283308029,0.04733396700626277,0.2754445789512101,0.4076886040782847,6,"1000,1001,1002,1003,1004,1005",100000,200,True
even-palindrome,baseline_vs_combined,loss,combined,25200,0.3038439957530439,0.050834934030816105,0.25701203636730496,0.4037520922121621,6,"1000,1001,1002,1003,1004,1005",100000,200,True
even-palindrome,baseline_vs_combined,loss,combined,25400,0.30341617207353316,0.06521154958469229,0.18903820248349804,0.3958616935400642,6,"1000,1001,1002,1003,1004,1005",100000,200,True
even-palindrome,baseline_vs_combined,loss,combined,25600,0.354840097888485,0.06535136583607622,0.24887368939016596,0.4688538188370876,6,"1000,1001,1002,1003,1004,1005",100000,200,True
even-palindrome,baseline_vs_combined,loss,combined,25800,0.2957946868367101,0.06347244641589504,0.1873481014132267,0.36869992126710716,6,"1000,1001,1002,1003,1004,1005",100000,200,True
even-palindrome,baseline_vs_combined,loss,combined,26000,0.2842187731325248,0.07024655965370323,0.16619812660326716,0.3998818498539913,6,"1000,1001,1002,1003,1004,1005",100000,200,True
even-palindrome,baseline_vs_combined,loss,combined,26200,0.29081351256447613,0.0732635593501627,0.1340539085768978,0.3541927546263832,6,"1000,1001,1002,1003,1004,1005",100000,200,True
even-palindrome,baseline_vs_combined,loss,combined,26400,0.23249167744066046,0.07987488888021717,0.11595921049942262,0.3438694959845452,6,"1000,1001,1002,1003,1004,1005",100000,200,True
even-palindrome,baseline_vs_combined,loss,combined,26600,0.30674896001176116,0.0689731175823969,0.20572012031629128,0.4315987532376312,6,"1000,1001,1002,1003,1004,1005",100000,200,True
even-palindrome,baseline_vs_combined,loss,combined,26800,0.2840202420439891,0.050733512370013494,0.21164259006473002,0.3568979931541253,6,"1000,1001,1002,1003,1004,1005",100000,200,True
even-palindrome,baseline_vs_combined,loss,combined,27000,0.29928030194090754,0.05927861626953058,0.2536412795372962,0.42781583515927196,6,"1000,1001,1002,1003,1004,1005",100000,200,True
even-palindrome,baseline_vs_combined,loss,combined,27200,0.2629054595951311,0.07103227692744028,0.14189826067231479,0.3386263817314466,6,"1000,1001,1002,1003,1004,1005",100000,200,True
even-palindrome,baseline_vs_combined,loss,combined,27400,0.23952310485114445,0.038817965089287844,0.19259813952463445,0.29271677028606063,6,"1000,1001,1002,1003,1004,1005",100000,200,True
even-palindrome,baseline_vs_combined,loss,combined,27600,0.28456884111667624,0.11026291866963113,0.1819062124559423,0.5079681148518285,6,"1000,1001,1002,1003,1004,1005",100000,200,True
even-palindrome,baseline_vs_combined,loss,combined,27800,0.24399210218532666,0.026130000723838857,0.20934252698381897,0.28592640781627776,6,"1000,1001,1002,1003,1004,1005",100000,200,True
even-palindrome,baseline_vs_combined,loss,combined,28000,0.26173458876701866,0.05711601603440118,0.14454262983010266,0.3147217608565916,6,"1000,1001,1002,1003,1004,1005",100000,200,True
even-palindrome,baseline_vs_combined,loss,combined,28200,0.25861451491325776,0.05878516403816048,0.18233299690429702,0.34217398993845566,6,"1000,1001,1002,1003,1004,1005",100000,200,True
even-palindrome,baseline_vs_combined,loss,combined,28400,0.348176758986768,0.10922810075459473,0.2326847101356543,0.5184170310781337,6,"1000,1001,1002,1003,1004,1005",100000,200,True
even-palindrome,baseline_vs_combined,loss,combined,28600,0.27589931830238124,0.08358124225397964,0.1575520519100246,0.4378039155434817,6,"1000,1001,1002,1003,1004,1005",100000,200,True
even-palindrome,baseline_vs_combined,loss,combined,28800,0.24351342968302866,0.03792200699273213,0.20454559973066352,0.3079461512935086,6,"1000,1001,1002,1003,1004,1005",100000,200,True
even-palindrome,baseline_vs_combined,loss,combined,29000,0.3182099051348814,0.0798571707035855,0.2525135376949038,0.4934582674128615,6,"1000,1001,1002,1003,1004,1005",100000,200,True
even-palindrome,baseline_vs_combined,loss,combined,29200,0.26602212059597147,0.07896765079993219,0.11366681979707209,0.35549468554563646,6,"1000,1001,1002,1003,1004,1005",100000,200,True
even-palindrome,baseline_vs_combined,loss,combined,29400,0.2514554601307373,0.043316823814963344,0.21160725812753298,0.33494570751732683,6,"1000,1001,1002,1003,1004,1005",100000,200,True
even-palindrome,baseline_vs_combined,loss,combined,29600,0.2268272409934192,0.0771224720726291,0.14581160933623324,0.3600346290609741,6,"1000,1001,1002,1003,1004,1005",100000,200,True
even-palindrome,baseline_vs_combined,loss,combined,29800,0.30338065711635254,0.14791909164177172,0.1372734641279385,0.6136668482242384,6,"1000,1001,1002,1003,1004,1005",100000,200,True
even-palindrome,baseline_vs_combined,loss,combined,30000,0.2504101234740044,0.08476049897399877,0.14537351666898757,0.3995178383121674,6,"1000,1001,1002,1003,1004,1005",100000,200,True
even-palindrome,baseline_vs_combined,loss,combined,30200,0.19850829807434667,0.05662020690962265,0.12097477514833371,0.2782319812259448,6,"1000,1001,1002,1003,1004,1005",100000,200,True
even-palindrome,baseline_vs_combined,loss,combined,30400,0.21147960814603264,0.07265776439159624,0.10986456346920022,0.30969375598467197,6,"1000,1001,1002,1003,1004,1005",100000,200,True
even-palindrome,baseline_vs_combined,loss,combined,30600,0.25549463868917127,0.05939569600432289,0.17298147743622394,0.3483298023768111,6,"1000,1001,1002,1003,1004,1005",100000,200,True
even-palindrome,baseline_vs_combined,loss,combined,30800,0.23771383718993247,0.06146983580907864,0.11709515315538738,0.31118016492873724,6,"1000,1001,1002,1003,1004,1005",100000,200,True
even-palindrome,baseline_vs_combined,loss,combined,31000,0.24044228428359324,0.07860178515627622,0.1166768249353845,0.3273642527112679,6,"1000,1001,1002,1003,1004,1005",100000,200,True
even-palindrome,baseline_vs_combined,loss,combined,31200,0.24328725851013888,0.08223894177976017,0.06808857291129243,0.328244109415391,6,"1000,1001,1002,1003,1004,1005",100000,200,True
even-palindrome,baseline_vs_combined,loss,combined,31400,0.332428370428867,0.2643531251126196,0.1223328371210664,0.9072903399749248,6,"1000,1001,1002,1003,1004,1005",100000,200,True
even-palindrome,baseline_vs_combined,loss,combined,31600,0.313111590615769,0.17450840265064665,0.1589285063985153,0.6848164889517647,6,"1000,1001,1002,1003,1004,1005",100000,200,True
even-palindrome,baseline_vs_combined,loss,combined,31800,0.27138083287519904,0.11272001923021133,0.1244651287799934,0.47481253508012744,6,"1000,1001,1002,1003,1004,1005",100000,200,True
even-palindrome,baseline_vs_combined,loss,combined,32000,0.253568108584653,0.09523660554908692,0.157769262996153,0.44108531899488296,6,"1000,1001,1002,1003,1004,1005",100000,200,True
even-palindrome,baseline_vs_combined,loss,combined,32200,0.2295775277028118,0.08937665660262072,0.07919303157628747,0.3677066830586409,6,"1000,1001,1002,1003,1004,1005",100000,200,True
even-palindrome,baseline_vs_combined,loss,combined,32400,0.19042161746073663,0.084670665047122,0.07424926936750126,0.31140986068203347,6,"1000,1001,1002,1003,1004,1005",100000,200,True
even-palindrome,baseline_vs_combined,loss,combined,32600,0.21037283610158589,0.015239048651352945,0.18242258634107203,0.23330578202247124,6,"1000,1001,1002,1003,1004,1005",100000,200,True
even-palindrome,baseline_vs_combined,loss,combined,32800,0.2633374620436446,0.05641341257830552,0.17728655499666274,0.3509784951738766,6,"1000,1001,1002,1003,1004,1005",100000,200,True
even-palindrome,baseline_vs_combined,loss,combined,33000,0.20121596350490412,0.046315757148191194,0.13539340921432086,0.263756360207808,6,"1000,1001,1002,1003,1004,1005",100000,200,True
even-palindrome,baseline_vs_combined,loss,combined,33200,0.16182539899982204,0.03975007129502169,0.100693849678064,0.21236010862507101,6,"1000,1001,1002,1003,1004,1005",100000,200,True
even-palindrome,baseline_vs_combined,loss,combined,33400,0.19245147069679358,0.06928835488931245,0.1003411467501428,0.29196492051669337,6,"1000,1001,1002,1003,1004,1005",100000,200,True
even-palindrome,baseline_vs_combined,loss,combined,33600,0.2387327979510413,0.07796289167262382,0.14361614108653156,0.37158382617850294,6,"1000,1001,1002,1003,1004,1005",100000,200,True
even-palindrome,baseline_vs_combined,loss,combined,33800,0.21893649910296212,0.04315194795746185,0.14731011678755748,0.291501266526775,6,"1000,1001,1002,1003,1004,1005",100000,200,True
even-palindrome,baseline_vs_combined,loss,combined,34000,0.21986634247129888,0.08728142292760013,0.10167694789241068,0.3449470052824472,6,"1000,1001,1002,1003,1004,1005",100000,200,True
even-palindrome,baseline_vs_combined,loss,combined,34200,0.19628348109444535,0.06700914121203243,0.056089685951137655,0.2609738630007996,6,"1000,1001,1002,1003,1004,1005",100000,200,True
even-palindrome,baseline_vs_combined,loss,combined,34400,0.2040400882347664,0.08143429491080642,0.11457073226119974,0.32269309725932543,6,"1000,1001,1002,1003,1004,1005",100000,200,True
even-palindrome,baseline_vs_combined,loss,combined,34600,0.27798342883170485,0.24033256443717732,0.10807553895145247,0.8076907312734329,6,"1000,1001,1002,1003,1004,1005",100000,200,True
even-palindrome,baseline_vs_combined,loss,combined,34800,0.20256596608891111,0.051325387748119566,0.12028392079650076,0.2628222290221129,6,"1000,1001,1002,1003,1004,1005",100000,200,True
even-palindrome,baseline_vs_combined,loss,combined,35000,0.1863147236571452,0.09086879848274261,0.061413134217364135,0.32241938999299236,6,"1000,1001,1002,1003,1004,1005",100000,200,True
even-palindrome,baseline_vs_combined,loss,combined,35200,0.16029822291420412,0.059995963656019335,0.0935664270955931,0.28037562678797256,6,"1000,1001,1002,1003,1004,1005",100000,200,True
even-palindrome,baseline_vs_combined,loss,combined,35400,0.1682227425216115,0.05737798581484343,0.06246525470587585,0.226596690780425,6,"1000,1001,1002,1003,1004,1005",100000,200,True
even-palindrome,baseline_vs_combined,loss,combined,35600,0.17340456014100405,0.05911898987446325,0.07624703204208344,0.2309310600910976,6,"1000,1001,1002,1003,1004,1005",100000,200,True
even-palindrome,baseline_vs_combined,loss,combined,35800,0.15609418948822543,0.07565903800003823,0.0724380617506904,0.27952704107814497,6,"1000,1001,1002,1003,1004,1005",100000,200,True
even-palindrome,baseline_vs_combined,loss,combined,36000,0.23899534810309278,0.05593181546868207,0.13185328812716762,0.2975041216030695,6,"1000,1001,1002,1003,1004,1005",100000,200,True
even-palindrome,baseline_vs_combined,loss,combined,36200,0.20118227750845108,0.0516520403411147,0.13340864285441056,0.26335150836763205,6,"1000,1001,1002,1003,1004,1005",100000,200,True
even-palindrome,baseline_vs_combined,loss,combined,36400,0.1422508494564954,0.06447478996917676,0.07182383530123843,0.23003094690531725,6,"1000,1001,1002,1003,1004,1005",100000,200,True
even-palindrome,baseline_vs_combined,loss,combined,36600,0.23857482400611843,0.10101211792345302,0.06952565071922436,0.4118199364102111,6,"1000,1001,1002,1003,1004,1005",100000,200,True
even-palindrome,baseline_vs_combined,loss,combined,36800,0.1643799362346954,0.11275702463219105,0.04018069450277835,0.34010573904439295,6,"1000,1001,1002,1003,1004,1005",100000,200,True
even-palindrome,baseline_vs_combined,loss,combined,37000,0.15905918133724753,0.09176948970725864,0.020905008801164512,0.27767950753514015,6,"1000,1001,1002,1003,1004,1005",100000,200,True
even-palindrome,baseline_vs_combined,loss,combined,37200,0.2063726852506458,0.11028138604263414,0.009223556555662071,0.32193196629210435,6,"1000,1001,1002,1003,1004,1005",100000,200,True
even-palindrome,baseline_vs_combined,loss,combined,37400,0.14334256059495676,0.027715922165055484,0.0991340699877901,0.1782314883066647,6,"1000,1001,1002,1003,1004,1005",100000,200,True
even-palindrome,baseline_vs_combined,loss,combined,37600,0.18803001080739323,0.10822002820059534,0.04945931829230176,0.374702247373516,6,"1000,1001,1002,1003,1004,1005",100000,200,True
even-palindrome,baseline_vs_combined,loss,combined,37800,0.18957963855749238,0.12166007931032742,0.007867971138789471,0.3599145763152046,6,"1000,1001,1002,1003,1004,1005",100000,200,True
even-palindrome,baseline_vs_combined,loss,combined,38000,0.1661878879120915,0.05880060009285439,0.09983934119592959,0.28336304179621946,6,"1000,1001,1002,1003,1004,1005",100000,200,True
even-palindrome,baseline_vs_combined,loss,combined,38200,0.23003046696314147,0.052693810762480725,0.16689752723920037,0.3283948807961133,6,"1000,1001,1002,1003,1004,1005",100000,200,True
even-palindrome,baseline_vs_combined,loss,combined,38400,0.13126019154061547,0.0821792498191297,0.004077245545313417,0.2334609318994626,6,"1000,1001,1002,1003,1004,1005",100000,200,True
even-palindrome,baseline_vs_combined,loss,combined,38600,0.18090428287813287,0.05022082992652332,0.12150413919152016,0.24921531657186732,6,"1000,1001,1002,1003,1004,1005",100000,200,True
even-palindrome,baseline_vs_combined,loss,combined,38800,0.15554676766303752,0.0703511361036971,0.0795695684041857,0.2936699093891002,6,"1000,1001,1002,1003,1004,1005",100000,200,True
even-palindrome,baseline_vs_combined,loss,combined,39000,0.16185884554575145,0.060643253578777076,0.1007843556654916,0.2518961069333636,6,"1000,1001,1002,1003,1004,1005",100000,200,True
even-palindrome,baseline_vs_combined,loss,combined,39200,0.17113855289759008,0.09719948580122291,0.0037818992019401777,0.3236078557902329,6,"1000,1001,1002,1003,1004,1005",100000,200,True
even-palindrome,baseline_vs_combined,loss,combined,39400,0.12673347642434768,0.06585804126696068,0.011905297410144157,0.21646147222625586,6,"1000,1001,1002,1003,1004,1005",100000,200,True
even-palindrome,baseline_vs_combined,loss,combined,39600,0.172275523454396,0.1132454857047345,0.04922457233106797,0.3718542583663384,6,"1000,1001,1002,1003,1004,1005",100000,200,True
even-palindrome,baseline_vs_combined,loss,combined,39800,0.1768554639685662,0.07346772902001317,0.07050239133769765,0.29473128034398544,6,"1000,1001,1002,1003,1004,1005",100000,200,True
even-palindrome,baseline_vs_combined,loss,combined,40000,0.15033747906758058,0.09055357104530136,0.0001196783621526265,0.27029689542241614,6,"1000,1001,1002,1003,1004,1005",100000,200,True
even-palindrome,baseline_vs_combined,loss,combined,40200,0.15681763771029938,0.06863420533274217,0.06348276508866547,0.23262468654946133,6,"1000,1001,1002,1003,1004,1005",100000,200,True
even-palindrome,baseline_vs_combined,loss,combined,40400,0.18053082273163493,0.07845497885922506,0.040371647770807616,0.2775326960102757,6,"1000,1001,1002,1003,1004,1005",100000,200,True
even-palindrome,baseline_vs_combined,loss,combined,40600,0.17731212683095351,0.06660982320172962,0.050974956269622,0.27122426193378485,6,"1000,1001,1002,1003,1004,1005",100000,200,True
even-palindrome,baseline_vs_combined,loss,combined,40800,0.16489438357622022,0.06270103323790707,0.06568327585866428,0.2450055977879674,6,"1000,1001,1002,1003,1004,1005",100000,200,True
even-palindrome,baseline_vs_combined,loss,combined,41000,0.14506133581773764,0.0863813060515404,0.0002559721856687247,0.2641147620087941,6,"1000,1001,1002,1003,1004,1005",100000,200,True
even-palindrome,baseline_vs_combined,loss,combined,41200,0.22141618810194927,0.13637302239661467,0.10113111766561815,0.49533312604090723,6,"1000,1001,1002,1003,1004,1005",100000,200,True
even-palindrome,baseline_vs_combined,loss,combined,41400,0.16306842209994024,0.06799241727579174,0.029665593290180824,0.2553414666968797,6,"1000,1001,1002,1003,1004,1005",100000,200,True
even-palindrome,baseline_vs_combined,loss,combined,41600,0.17627627898419063,0.05683199480705973,0.10129502319741732,0.2694466157675561,6,"1000,1001,1002,1003,1004,1005",100000,200,True
even-palindrome,baseline_vs_combined,loss,combined,41800,0.130744259972314,0.07193290899324524,0.02509768832670943,0.23637774142716808,6,"1000,1001,1002,1003,1004,1005",100000,200,True
even-palindrome,baseline_vs_combined,loss,combined,42000,0.16477984787465097,0.07598058635370884,0.05340213663814211,0.26639734664169734,6,"1000,1001,1002,1003,1004,1005",100000,200,True
even-palindrome,baseline_vs_combined,loss,combined,42200,0.11722209104726933,0.0784610758081623,0.01669060044798016,0.23431790306713082,6,"1000,1001,1002,1003,1004,1005",100000,200,True
even-palindrome,baseline_vs_combined,loss,combined,42400,0.13545691422646353,0.07411049781150969,0.04258589254913659,0.2319720697369121,6,"1000,1001,1002,1003,1004,1005",100000,200,True
even-palindrome,baseline_vs_combined,loss,combined,42600,0.154690078317943,0.058820902145629364,0.044856369491622555,0.21852148597473842,6,"1000,1001,1002,1003,1004,1005",100000,200,True
even-palindrome,baseline_vs_combined,loss,combined,42800,0.12357355554587135,0.0748215858618016,0.01250316399457006,0.23406331642163422,6,"1000,1001,1002,1003,1004,1005",100000,200,True
even-palindrome,baseline_vs_combined,loss,combined,43000,0.11453144654392418,0.07202197897128103,0.002647079618218413,0.22981108008472803,6,"1000,1001,1002,1003,1004,1005",100000,200,True
even-palindrome,baseline_vs_combined,loss,combined,43200,0.14228268581049974,0.0811723182050463,0.0006621838264277358,0.2545320895097529,6,"1000,1001,1002,1003,1004,1005",100000,200,True
even-palindrome,baseline_vs_combined,loss,combined,43400,0.17698953618983956,0.06659485771257331,0.07533075069616643,0.2687044225074578,6,"1000,1001,1002,1003,1004,1005",100000,200,True
even-palindrome,baseline_vs_combined,loss,combined,43600,0.11249671704460656,0.06286255501887426,0.0013361630138467716,0.17858562289426116,6,"1000,1001,1002,1003,1004,1005",100000,200,True
even-palindrome,baseline_vs_combined,loss,combined,43800,0.12611357054019076,0.045241491379431155,0.07008421091245509,0.17897472753386637,6,"1000,1001,1002,1003,1004,1005",100000,200,True
even-palindrome,baseline_vs_combined,loss,combined,44000,0.18125172403591214,0.1060002438213625,0.023927527485022894,0.31488096477634825,6,"1000,1001,1002,1003,1004,1005",100000,200,True
even-palindrome,baseline_vs_combined,loss,combined,44200,0.14704093260389142,0.1001774846836885,0.026671490019186308,0.2552395565063671,6,"1000,1001,1002,1003,1004,1005",100000,200,True
even-palindrome,baseline_vs_combined,loss,combined,44400,0.15358050436171425,0.11318530139340079,0.002542455877826342,0.30464754089461166,6,"1000,1001,1002,1003,1004,1005",100000,200,True
even-palindrome,baseline_vs_combined,loss,combined,44600,0.14433670324872042,0.06273296722649632,0.06545918351949226,0.2532357048294489,6,"1000,1001,1002,1003,1004,1005",100000,200,True
even-palindrome,baseline_vs_combined,loss,combined,44800,0.09948391259482268,0.06557446477769807,0.010786326367162929,0.19205272338881968,6,"1000,1001,1002,1003,1004,1005",100000,200,True
even-palindrome,baseline_vs_combined,loss,combined,45000,0.14842955518907322,0.11124492269449823,0.00011345471660888507,0.29796012284346945,6,"1000,1001,1002,1003,1004,1005",100000,200,True
even-palindrome,baseline_vs_combined,loss,combined,45200,0.12978883036865796,0.08376480355978788,0.022431791759099155,0.2889709492369593,6,"1000,1001,1002,1003,1004,1005",100000,200,True
even-palindrome,baseline_vs_combined,loss,combined,45400,0.20309636425103353,0.14606001460214904,0.07697564223410609,0.5029318241072244,6,"1000,1001,1002,1003,1004,1005",100000,200,True
even-palindrome,baseline_vs_combined,loss,combined,45600,0.11817798636685561,0.06545377950066925,0.03164830629059679,0.2132359783897846,6,"1000,1001,1002,1003,1004,1005",100000,200,True
even-palindrome,baseline_vs_combined,loss,combined,45800,0.19265988466931694,0.08574764773617265,0.07620193475529391,0.29555407890019525,6,"1000,1001,1002,1003,1004,1005",100000,200,True
even-palindrome,baseline_vs_combined,loss,combined,46000,0.15584648779463475,0.10465003896611468,0.00045568950529911945,0.3066509242233951,6,"1000,1001,1002,1003,1004,1005",100000,200,True
even-palindrome,baseline_vs_combined,loss,combined,46200,0.0851006977772088,0.052951470442649314,0.01490286558759294,0.1571606207925754,6,"1000,1001,1002,1003,1004,1005",100000,200,True
even-palindrome,baseline_vs_combined,loss,combined,46400,0.16190043178170616,0.0751271564435737,0.06587456320232263,0.27370745498113136,6,"1000,1001,1002,1003,1004,1005",100000,200,True
even-palindrome,baseline_vs_combined,loss,combined,46600,0.16333564254942753,0.10602206691410787,0.04177579925157005,0.34670242958878134,6,"1000,1001,1002,1003,1004,1005",100000,200,True
even-palindrome,baseline_vs_combined,loss,combined,46800,0.1468546664686525,0.057530948656637736,0.023522582553617895,0.20596490292601174,6,"1000,1001,1002,1003,1004,1005",100000,200,True
even-palindrome,baseline_vs_combined,loss,combined,47000,0.13909668974522582,0.08382347122509859,0.0060139160846756565,0.23431922066668925,6,"1000,1001,1002,1003,1004,1005",100000,200,True
even-palindrome,baseline_vs_combined,loss,combined,47200,0.1763402469691303,0.08459156916627408,0.013660549571500268,0.27887857616720796,6,"1000,1001,1002,1003,1004,1005",100000,200,True
even-palindrome,baseline_vs_combined,loss,combined,47400,0.132142438725716,0.08615738533887825,0.0006552464315109319,0.27218588462848403,6,"1000,1001,1002,1003,1004,1005",100000,200,True
even-palindrome,baseline_vs_combined,loss,combined,47600,0.10825848045174302,0.08017006178555354,0.0014285808679730394,0.21675658508025208,6,"1000,1001,1002,1003,1004,1005",100000,200,True
even-palindrome,baseline_vs_combined,loss,combined,47800,0.14734229229923185,0.10440592693155643,0.0035602490194368386,0.2944303689111609,6,"1000,1001,1002,1003,1004,1005",100000,200,True
even-palindrome,baseline_vs_combined,loss,combined,48000,0.16298033384528718,0.08746817273713386,1.8326901496408255e-05,0.24542366928914816,6,"1000,1001,1002,1003,1004,1005",100000,200,True
even-palindrome,baseline_vs_combined,loss,combined,48200,0.17228744483889957,0.0963038147561641,0.0770619692074851,0.37123012777065456,6,"1000,1001,1002,1003,1004,1005",100000,200,True
even-palindrome,baseline_vs_combined,loss,combined,48400,0.1512084710909167,0.06492856254565606,0.04034388661600986,0.23551099686818588,6,"1000,1001,1002,1003,1004,1005",100000,200,True
even-palindrome,baseline_vs_combined,loss,combined,48600,0.164170787114271,0.09715561948876432,0.041392682260741366,0.31779858634031827,6,"1000,1001,1002,1003,1004,1005",100000,200,True
even-palindrome,baseline_vs_combined,loss,combined,48800,0.10962491677534227,0.08553776708602247,0.002563351844310944,0.2160958801263496,6,"1000,1001,1002,1003,1004,1005",100000,200,True
even-palindrome,baseline_vs_combined,loss,combined,49000,0.13005685262113661,0.0447196928690239,0.07806679392524217,0.20115916955087415,6,"1000,1001,1002,1003,1004,1005",100000,200,True
even-palindrome,baseline_vs_combined,loss,combined,49200,0.21292541136748744,0.10288499443606117,0.04079942676737744,0.324899836869202,6,"1000,1001,1002,1003,1004,1005",100000,200,True
even-palindrome,baseline_vs_combined,loss,combined,49400,0.14941517031451443,0.09722135407171589,0.0030187513308530356,0.2547445742563542,6,"1000,1001,1002,1003,1004,1005",100000,200,True
even-palindrome,baseline_vs_combined,loss,combined,49600,0.13925400718602565,0.12572646464151876,9.56826827255952e-06,0.36491711011276495,6,"1000,1001,1002,1003,1004,1005",100000,200,True
even-palindrome,baseline_vs_combined,loss,combined,49800,0.18026366425575588,0.11959814961112411,0.011161061717498342,0.32276969397669913,6,"1000,1001,1002,1003,1004,1005",100000,200,True
even-palindrome,baseline_vs_combined,loss,combined,50000,0.10433404458146019,0.08411416877559179,0.007015552115428818,0.23736650205773457,6,"1000,1001,1002,1003,1004,1005",100000,200,True
even-palindrome,baseline_vs_combined,loss,combined,50200,0.11205366354114644,0.04439135158681437,0.040095645788928776,0.1705618052662976,6,"1000,1001,1002,1003,1004,1005",100000,200,True
even-palindrome,baseline_vs_combined,loss,combined,50400,0.15815096926263975,0.1510188914776641,0.001933679750857209,0.4375279276771198,6,"1000,1001,1002,1003,1004,1005",100000,200,True
even-palindrome,baseline_vs_combined,loss,combined,50600,0.1410546519390721,0.11149171656844846,0.02209647661838062,0.28045836602393137,6,"1000,1001,1002,1003,1004,1005",100000,200,True
even-palindrome,baseline_vs_combined,loss,combined,50800,0.12553572761748877,0.07738227168955794,0.0006289546346476981,0.22507787629887388,6,"1000,1001,1002,1003,1004,1005",100000,200,True
even-palindrome,baseline_vs_combined,loss,combined,51000,0.13241684249268051,0.07830022328820707,0.018090131957737583,0.22412505789645365,6,"1000,1001,1002,1003,1004,1005",100000,200,True
even-palindrome,baseline_vs_combined,loss,combined,51200,0.15206107829781518,0.13348038599594148,1.0104949772227201e-05,0.3808703740140186,6,"1000,1001,1002,1003,1004,1005",100000,200,True
even-palindrome,baseline_vs_combined,loss,combined,51400,0.13310580085529633,0.07032852633574713,0.00012651262822174658,0.225412797155023,6,"1000,1001,1002,1003,1004,1005",100000,200,True
even-palindrome,baseline_vs_combined,loss,combined,51600,0.12323105370537131,0.05749696646460976,0.027310422017781093,0.2005456947725952,6,"1000,1001,1002,1003,1004,1005",100000,200,True
even-palindrome,baseline_vs_combined,loss,combined,51800,0.10697359985127282,0.06363311378508256,0.022316794357587356,0.2302194652608705,6,"1000,1001,1002,1003,1004,1005",100000,200,True
even-palindrome,baseline_vs_combined,loss,combined,52000,0.14294588859629215,0.053340357719981746,0.09101791248022124,0.23879782923204884,6,"1000,1001,1002,1003,1004,1005",100000,200,True
even-palindrome,baseline_vs_combined,loss,combined,52200,0.11264585496903746,0.08597424396698365,4.5841615306017045e-05,0.21018609407974964,6,"1000,1001,1002,1003,1004,1005",100000,200,True
even-palindrome,baseline_vs_combined,loss,combined,52400,0.16127335343020718,0.1509582680343184,1.167448238426516e-05,0.44323516653761996,6,"1000,1001,1002,1003,1004,1005",100000,200,True
even-palindrome,baseline_vs_combined,loss,combined,52600,0.1643491043178665,0.08544664496801103,0.058747448396742355,0.3022080588068542,6,"1000,1001,1002,1003,1004,1005",100000,200,True
even-palindrome,baseline_vs_combined,loss,combined,52800,0.14857441203976224,0.05609827426131935,0.05803449431310071,0.213034538195394,6,"1000,1001,1002,1003,1004,1005",100000,200,True
even-palindrome,baseline_vs_combined,loss,combined,53000,0.1316049931106267,0.0911960525174516,0.012431291560681075,0.2519639694080251,6,"1000,1001,1002,1003,1004,1005",100000,200,True
even-palindrome,baseline_vs_combined,loss,combined,53200,0.12194251920153963,0.08385985179136642,0.022895711309938633,0.24573225332345827,6,"1000,1001,1002,1003,1004,1005",100000,200,True
even-palindrome,baseline_vs_combined,loss,combined,53400,0.12373479586885618,0.06971838562023318,1.6497041842526983e-05,0.22613623152185597,6,"1000,1001,1002,1003,1004,1005",100000,200,True
even-palindrome,baseline_vs_combined,loss,combined,53600,0.15896874062216576,0.08009624026451924,0.03140031120310937,0.26599323788805124,6,"1000,1001,1002,1003,1004,1005",100000,200,True
even-palindrome,baseline_vs_combined,loss,combined,53800,0.1400297442462428,0.07912813157086414,0.006870355298123627,0.2564699214211464,6,"1000,1001,1002,1003,1004,1005",100000,200,True
even-palindrome,baseline_vs_combined,loss,combined,54000,0.1067070719868524,0.06899424867629991,1.5985865938787923e-05,0.205580691898885,6,"1000,1001,1002,1003,1004,1005",100000,200,True
even-palindrome,baseline_vs_combined,loss,combined,54200,0.11955969461521933,0.0858935708476324,4.038671780165259e-05,0.24918595700993934,6,"1000,1001,1002,1003,1004,1005",100000,200,True
even-palindrome,baseline_vs_combined,loss,combined,54400,0.19189292520177412,0.13991602953295082,0.006779272325019577,0.4472268043534976,6,"1000,1001,1002,1003,1004,1005",100000,200,True
even-palindrome,baseline_vs_combined,loss,combined,54600,0.10912454945122656,0.04735693412058415,0.051022139381601904,0.17566686229815331,6,"1000,1001,1002,1003,1004,1005",100000,200,True
even-palindrome,baseline_vs_combined,loss,combined,54800,0.12210892837939831,0.09078656748940847,0.030365599298449127,0.3081503311425007,6,"1000,1001,1002,1003,1004,1005",100000,200,True
even-palindrome,baseline_vs_combined,loss,combined,55000,0.11856165976075893,0.08069095264382768,0.002952534663048283,0.21287192282456202,6,"1000,1001,1002,1003,1004,1005",100000,200,True
even-palindrome,baseline_vs_combined,loss,combined,55200,0.10600360826230844,0.08351637000773808,5.1971627174154375e-05,0.2329789647431585,6,"1000,1001,1002,1003,1004,1005",100000,200,True
even-palindrome,baseline_vs_combined,loss,combined,55400,0.11801072123317546,0.07212608106277506,0.019877751533940967,0.24531219486283048,6,"1000,1001,1002,1003,1004,1005",100000,200,True
even-palindrome,baseline_vs_combined,loss,combined,55600,0.11734171970519765,0.09359835170276383,2.7455243652951822e-05,0.24083631274435902,6,"1000,1001,1002,1003,1004,1005",100000,200,True
even-palindrome,baseline_vs_combined,loss,combined,55800,0.08925894657033125,0.06343732013038444,0.01290646506940071,0.1710241134855596,6,"1000,1001,1002,1003,1004,1005",100000,200,True
even-palindrome,baseline_vs_combined,loss,combined,56000,0.11514245127271848,0.10819318497970164,0.00016443250859978775,0.3110870210848543,6,"1000,1001,1002,1003,1004,1005",100000,200,True
even-palindrome,baseline_vs_combined,loss,combined,56200,0.10424659582999563,0.06508782007547577,0.035865642780424804,0.22881804799752814,6,"1000,1001,1002,1003,1004,1005",100000,200,True
even-palindrome,baseline_vs_combined,loss,combined,56400,0.1359908418405892,0.08436955633527897,0.031249306977305765,0.2742074040239021,6,"1000,1001,1002,1003,1004,1005",100000,200,True
even-palindrome,baseline_vs_combined,loss,combined,56600,0.11201310008030808,0.09223597256803368,0.0010415234882457725,0.22705870153005436,6,"1000,1001,1002,1003,1004,1005",100000,200,True
even-palindrome,baseline_vs_combined,loss,combined,56800,0.1285643104148018,0.08291649128250278,4.328889127442892e-06,0.22619545162527033,6,"1000,1001,1002,1003,1004,1005",100000,200,True
even-palindrome,baseline_vs_combined,loss,combined,57000,0.14970868464901138,0.07216478861781933,2.8794286663824662e-06,0.21365269533016829,6,"1000,1001,1002,1003,1004,1005",100000,200,True
even-palindrome,baseline_vs_combined,loss,combined,57200,0.140778170999858,0.0942557825083412,3.1453464405206687e-06,0.2517084118034931,6,"1000,1001,1002,1003,1004,1005",100000,200,True
even-palindrome,baseline_vs_combined,loss,combined,57400,0.10587647042572995,0.06965426404420938,0.001445225498877536,0.20176335904346673,6,"1000,1001,1002,1003,1004,1005",100000,200,True
even-palindrome,baseline_vs_combined,loss,combined,57600,0.1307365286800006,0.08931517426050742,0.027815173379966324,0.30872205927205415,6,"1000,1001,1002,1003,1004,1005",100000,200,True
even-palindrome,baseline_vs_combined,loss,combined,57800,0.10795471867445117,0.08906884292701256,0.0006817939874622425,0.27289284373736905,6,"1000,1001,1002,1003,1004,1005",100000,200,True
even-palindrome,baseline_vs_combined,loss,combined,58000,0.10722711174342496,0.07015387906449495,0.031134915362505674,0.2084918699067407,6,"1000,1001,1002,1003,1004,1005",100000,200,True
even-palindrome,baseline_vs_combined,loss,combined,58200,0.1293553480830308,0.09872563560943419,9.107162050128181e-06,0.3117042790258375,6,"1000,1001,1002,1003,1004,1005",100000,200,True
even-palindrome,baseline_vs_combined,loss,combined,58400,0.10853189920284535,0.07421005071454188,0.012611183826988606,0.2182319873518594,6,"1000,1001,1002,1003,1004,1005",100000,200,True
even-palindrome,baseline_vs_combined,loss,combined,58600,0.165460438683618,0.07806873313413777,0.04761440956100827,0.28427399728148656,6,"1000,1001,1002,1003,1004,1005",100000,200,True
even-palindrome,baseline_vs_combined,loss,combined,58800,0.17298818880248135,0.09709433369407948,0.06653912522536863,0.35797264261631684,6,"1000,1001,1002,1003,1004,1005",100000,200,True
even-palindrome,baseline_vs_combined,loss,combined,59000,0.11729950650948467,0.06973695233312098,0.00017996618612620808,0.21655729935907403,6,"1000,1001,1002,1003,1004,1005",100000,200,True
even-palindrome,baseline_vs_combined,loss,combined,59200,0.10302045963993191,0.05470210606257531,0.02576927862377076,0.1776727447993909,6,"1000,1001,1002,1003,1004,1005",100000,200,True
even-palindrome,baseline_vs_combined,loss,combined,59400,0.14380257403339028,0.08508150091055809,0.00025322784135902056,0.23801674124885608,6,"1000,1001,1002,1003,1004,1005",100000,200,True
even-palindrome,baseline_vs_combined,loss,combined,59600,0.14702786133443163,0.06650775488389027,0.06778427618768912,0.2693998633421859,6,"1000,1001,1002,1003,1004,1005",100000,200,True
even-palindrome,baseline_vs_combined,loss,combined,59800,0.10265725018149181,0.08373606879501606,4.307498661306752e-06,0.20217728973691165,6,"1000,1001,1002,1003,1004,1005",100000,200,True
even-palindrome,baseline_vs_combined,loss,combined,60000,0.1391997062263855,0.08536239205789585,2.741415964333527e-06,0.25842673777314074,6,"1000,1001,1002,1003,1004,1005",100000,200,True
even-palindrome,baseline_vs_combined,loss,combined,60200,0.10976649396782458,0.08047221511540367,0.019385185312955685,0.2118785681058442,6,"1000,1001,1002,1003,1004,1005",100000,200,True
even-palindrome,baseline_vs_combined,loss,combined,60400,0.10768470032976103,0.05713779440471227,0.025431208877095345,0.1771227614359475,6,"1000,1001,1002,1003,1004,1005",100000,200,True
even-palindrome,baseline_vs_combined,loss,combined,60600,0.07036825920035654,0.06068210372199751,9.249691050126074e-06,0.17170127858183037,6,"1000,1001,1002,1003,1004,1005",100000,200,True
even-palindrome,baseline_vs_combined,loss,combined,60800,0.10327854773308985,0.09107115911878459,0.00020594715639191464,0.24135128482526455,6,"1000,1001,1002,1003,1004,1005",100000,200,True
even-palindrome,baseline_vs_combined,loss,combined,61000,0.10909749009208579,0.078951120798515,0.000143037561657664,0.23079920238102913,6,"1000,1001,1002,1003,1004,1005",100000,200,True
even-palindrome,baseline_vs_combined,loss,combined,61200,0.08490916200351262,0.053855138823860185,4.302031640818882e-05,0.1545300773515001,6,"1000,1001,1002,1003,1004,1005",100000,200,True
even-palindrome,baseline_vs_combined,loss,combined,61400,0.14396447800458043,0.08489284592442205,2.558221366122382e-06,0.24500051802865427,6,"1000,1001,1002,1003,1004,1005",100000,200,True
even-palindrome,baseline_vs_combined,loss,combined,61600,0.09001121721799078,0.07947077271363667,0.00012533483371068854,0.21693071220167326,6,"1000,1001,1002,1003,1004,1005",100000,200,True
even-palindrome,baseline_vs_combined,loss,combined,61800,0.10340096254726279,0.06541823584809207,0.0013399017197011887,0.18453261668579501,6,"1000,1001,1002,1003,1004,1005",100000,200,True
even-palindrome,baseline_vs_combined,loss,combined,62000,0.08517314455214982,0.06267023840159935,0.00019519797223026104,0.18029216389386649,6,"1000,1001,1002,1003,1004,1005",100000,200,True
even-palindrome,baseline_vs_combined,loss,combined,62200,0.08798650966074496,0.041478762940151924,0.021422000766031724,0.1445171510444439,6,"1000,1001,1002,1003,1004,1005",100000,200,True
even-palindrome,baseline_vs_combined,loss,combined,62400,0.11885655939831839,0.10065081793102633,0.000797174651732675,0.23232518549388828,6,"1000,1001,1002,1003,1004,1005",100000,200,True
even-palindrome,baseline_vs_combined,loss,combined,62600,0.15318345968434485,0.09365905068102642,1.014755577701365e-05,0.27661719385391903,6,"1000,1001,1002,1003,1004,1005",100000,200,True
even-palindrome,baseline_vs_combined,loss,combined,62800,0.09055905193652054,0.0836539815750126,0.00047754373322597357,0.21450230067670703,6,"1000,1001,1002,1003,1004,1005",100000,200,True
even-palindrome,baseline_vs_combined,loss,combined,63000,0.13160207635481191,0.09980003909610483,9.154619822959731e-07,0.2488242084335559,6,"1000,1001,1002,1003,1004,1005",100000,200,True
even-palindrome,baseline_vs_combined,loss,combined,63200,0.08057679179514822,0.06673275758321727,0.0003383132002500133,0.1596535614888681,6,"1000,1001,1002,1003,1004,1005",100000,200,True
even-palindrome,baseline_vs_combined,loss,combined,63400,0.13217669459958412,0.11470199587124186,8.09666962010347e-06,0.35123632644464237,6,"1000,1001,1002,1003,1004,1005",100000,200,True
even-palindrome,baseline_vs_combined,loss,combined,63600,0.07986796338356009,0.06621103658273093,1.9348904896521192e-07,0.16529664407835185,6,"1000,1001,1002,1003,1004,1005",100000,200,True
even-palindrome,baseline_vs_combined,loss,combined,63800,0.08863575292948667,0.05934738418737152,9.632464626840864e-07,0.17484305994679972,6,"1000,1001,1002,1003,1004,1005",100000,200,True
even-palindrome,baseline_vs_combined,loss,combined,64000,0.0911012627459195,0.07442407068196993,1.278261909734013e-06,0.18662304062853025,6,"1000,1001,1002,1003,1004,1005",100000,200,True
even-palindrome,baseline_vs_combined,loss,combined,64200,0.08026521304117219,0.0628385483361786,1.1893937853102442e-06,0.15496307995484812,6,"1000,1001,1002,1003,1004,1005",100000,200,True
even-palindrome,baseline_vs_combined,loss,combined,64400,0.10723051994781103,0.05014753077724316,0.021027811027177136,0.15737559123659423,6,"1000,1001,1002,1003,1004,1005",100000,200,True
even-palindrome,baseline_vs_combined,loss,combined,64600,0.07036743204189765,0.05278481663705419,2.1967969024316858e-07,0.1352621017096658,6,"1000,1001,1002,1003,1004,1005",100000,200,True
even-palindrome,baseline_vs_combined,loss,combined,64800,0.09759315760686266,0.08997791812774197,0.0012079893932951658,0.26830293165985486,6,"1000,1001,1002,1003,1004,1005",100000,200,True
even-palindrome,baseline_vs_combined,loss,combined,65000,0.1231679966203227,0.06299350968278451,0.008576031990838092,0.18777056077167004,6,"1000,1001,1002,1003,1004,1005",100000,200,True
even-palindrome,baseline_vs_combined,loss,combined,65200,0.10610939453436337,0.05449310754867709,0.03901052437868131,0.20261781133631843,6,"1000,1001,1002,1003,1004,1005",100000,200,True
even-palindrome,baseline_vs_combined,loss,combined,65400,0.12908669777641105,0.06480391884205525,0.026942201970192984,0.19815180395136467,6,"1000,1001,1002,1003,1004,1005",100000,200,True
even-palindrome,baseline_vs_combined,loss,combined,65600,0.10483885434718727,0.05158945086148911,0.033801670765278756,0.17662467766581763,6,"1000,1001,1002,1003,1004,1005",100000,200,True
even-palindrome,baseline_vs_combined,loss,combined,65800,0.08117458344779287,0.04686576878731273,0.0014823563422235453,0.13179342170635722,6,"1000,1001,1002,1003,1004,1005",100000,200,True
even-palindrome,baseline_vs_combined,loss,combined,66000,0.10031732859376001,0.10621476361608294,5.165388108820945e-06,0.29344852046391906,6,"1000,1001,1002,1003,1004,1005",100000,200,True
even-palindrome,baseline_vs_combined,loss,combined,66200,0.07845040905151106,0.07417367560176656,7.946745057054728e-06,0.1788594239809845,6,"1000,1001,1002,1003,1004,1005",100000,200,True
even-palindrome,baseline_vs_combined,loss,combined,66400,0.10401500728747186,0.07534362422948049,0.002378181068742338,0.20747254697883533,6,"1000,1001,1002,1003,1004,1005",100000,200,True
even-palindrome,baseline_vs_combined,loss,combined,66600,0.12555813419778683,0.08669521503318244,0.0004695228537309393,0.27387399250715555,6,"1000,1001,1002,1003,1004,1005",100000,200,True
even-palindrome,baseline_vs_combined,loss,combined,66800,0.12367985262901564,0.07429843264714085,0.0006266919737461385,0.19160839406788455,6,"1000,1001,1002,1003,1004,1005",100000,200,True
even-palindrome,baseline_vs_combined,loss,combined,67000,0.11322876849602943,0.06523707332301523,3.0415192771382495e-05,0.21342935938569127,6,"1000,1001,1002,1003,1004,1005",100000,200,True
even-palindrome,baseline_vs_combined,loss,combined,67200,0.07360874186581136,0.06259677928763223,0.00807599732238959,0.17065734965600343,6,"1000,1001,1002,1003,1004,1005",100000,200,True
even-palindrome,baseline_vs_combined,loss,combined,67400,0.10694983725905238,0.07479409041753808,2.864681897984944e-06,0.21670475738597206,6,"1000,1001,1002,1003,1004,1005",100000,200,True
even-palindrome,baseline_vs_combined,loss,combined,67600,0.08985516945597932,0.08913005423833675,5.212074233256203e-06,0.27415395931616815,6,"1000,1001,1002,1003,1004,1005",100000,200,True
even-palindrome,baseline_vs_combined,loss,combined,67800,0.10954182287147902,0.036019526363476724,0.0442013160954167,0.14116097069710132,6,"1000,1001,1002,1003,1004,1005",100000,200,True
even-palindrome,baseline_vs_combined,loss,combined,68000,0.1027306696144961,0.10658080250203252,1.3439773625707474e-05,0.2506727265142241,6,"1000,1001,1002,1003,1004,1005",100000,200,True
even-palindrome,baseline_vs_combined,loss,combined,68200,0.12473399606733031,0.09190642478227153,1.0644036583307148e-06,0.26777114653475736,6,"1000,1001,1002,1003,1004,1005",100000,200,True
even-palindrome,baseline_vs_combined,loss,combined,68400,0.1235415159863637,0.07596041010092232,0.00033191809438728683,0.22203543683476235,6,"1000,1001,1002,1003,1004,1005",100000,200,True
even-palindrome,baseline_vs_combined,loss,combined,68600,0.16171059866260348,0.05884102870668601,0.11259160173282197,0.28656910933261726,6,"1000,1001,1002,1003,1004,1005",100000,200,True
even-palindrome,baseline_vs_combined,loss,combined,68800,0.15559698326162824,0.09305438521861478,0.05739513201159301,0.27953741561084483,6,"1000,1001,1002,1003,1004,1005",100000,200,True
even-palindrome,baseline_vs_combined,loss,combined,69000,0.14869759148804504,0.09063542190037407,0.00010408995462016346,0.26248268023627475,6,"1000,1001,1002,1003,1004,1005",100000,200,True
even-palindrome,baseline_vs_combined,loss,combined,69200,0.11228019779810015,0.07664121345561514,0.023892979576908432,0.209396219138375,6,"1000,1001,1002,1003,1004,1005",100000,200,True
even-palindrome,baseline_vs_combined,loss,combined,69400,0.13267645043091036,0.07665310303456835,0.05851305339967321,0.2941989938475868,6,"1000,1001,1002,1003,1004,1005",100000,200,True
even-palindrome,baseline_vs_combined,loss,combined,69600,0.10382585708767682,0.09308555809149906,3.8921588281581876e-06,0.2676726244936862,6,"1000,1001,1002,1003,1004,1005",100000,200,True
even-palindrome,baseline_vs_combined,loss,combined,69800,0.12147737097583612,0.08304769051479904,0.027365128997233104,0.21509315278225302,6,"1000,1001,1002,1003,1004,1005",100000,200,True
even-palindrome,baseline_vs_combined,loss,combined,70000,0.09188370836295118,0.07315227214816832,1.5359561823671265e-05,0.20039492339795062,6,"1000,1001,1002,1003,1004,1005",100000,200,True
even-palindrome,baseline_vs_combined,loss,combined,70200,0.057808958032817874,0.0298352251581543,0.0005378251587761441,0.08923377840956136,6,"1000,1001,1002,1003,1004,1005",100000,200,True
even-palindrome,baseline_vs_combined,loss,combined,70400,0.14719972810853607,0.0716178338287056,0.05435118837503193,0.2622433373909989,6,"1000,1001,1002,1003,1004,1005",100000,200,True
even-palindrome,baseline_vs_combined,loss,combined,70600,0.08184500012027411,0.06276096525453406,0.0007391012704826582,0.1705258033785703,6,"1000,1001,1002,1003,1004,1005",100000,200,True
even-palindrome,baseline_vs_combined,loss,combined,70800,0.09325215942067437,0.06327284154471098,1.426981048564535e-06,0.16888025901904732,6,"1000,1001,1002,1003,1004,1005",100000,200,True
even-palindrome,baseline_vs_combined,loss,combined,71000,0.10811523660976612,0.06578422665727957,0.0009383473807140902,0.18925378173538207,6,"1000,1001,1002,1003,1004,1005",100000,200,True
even-palindrome,baseline_vs_combined,loss,combined,71200,0.13832065013707542,0.06353967740150927,0.047983955620193794,0.2304512149665443,6,"1000,1001,1002,1003,1004,1005",100000,200,True
even-palindrome,baseline_vs_combined,loss,combined,71400,0.07687148686052891,0.06809006485349674,2.5622638668787443e-07,0.17169103241216874,6,"1000,1001,1002,1003,1004,1005",100000,200,True
even-palindrome,baseline_vs_combined,loss,combined,71600,0.10331823554845264,0.09318084241297209,1.2655399139838153e-06,0.22440988594764008,6,"1000,1001,1002,1003,1004,1005",100000,200,True
even-palindrome,baseline_vs_combined,loss,combined,71800,0.07452905711517863,0.05637643840910532,6.301330006874828e-07,0.14384129200317958,6,"1000,1001,1002,1003,1004,1005",100000,200,True
even-palindrome,baseline_vs_combined,loss,combined,72000,0.16119554926282906,0.1189401990899479,1.2273720276234634e-07,0.3877928308378188,6,"1000,1001,1002,1003,1004,1005",100000,200,True
even-palindrome,baseline_vs_combined,loss,combined,72200,0.1253868934962456,0.1135114125937463,4.996099487986072e-07,0.3115865404166112,6,"1000,1001,1002,1003,1004,1005",100000,200,True
even-palindrome,baseline_vs_combined,loss,combined,72400,0.08300250056747548,0.07071884235181687,9.686980826928426e-09,0.20686089043821623,6,"1000,1001,1002,1003,1004,1005",100000,200,True
even-palindrome,baseline_vs_combined,loss,combined,72600,0.09136343982936142,0.0930087849371449,5.169739233670811e-07,0.22259822158581244,6,"1000,1001,1002,1003,1004,1005",100000,200,True
even-palindrome,baseline_vs_combined,loss,combined,72800,0.10843471187805405,0.049207597679458946,0.04631809462754603,0.1998530586759432,6,"1000,1001,1002,1003,1004,1005",100000,200,True
even-palindrome,baseline_vs_combined,loss,combined,73000,0.11410932510033078,0.07436918872036963,0.016492342628954545,0.24093619255629817,6,"1000,1001,1002,1003,1004,1005",100000,200,True
even-palindrome,baseline_vs_combined,loss,combined,73200,0.1497158606278133,0.20309110228584867,0.002522775628477891,0.5977011477379406,6,"1000,1001,1002,1003,1004,1005",100000,200,True
even-palindrome,baseline_vs_combined,loss,combined,73400,0.06693260940265831,0.05899362826557866,1.953513496459891e-05,0.16428049214410734,6,"1000,1001,1002,1003,1004,1005",100000,200,True
even-palindrome,baseline_vs_combined,loss,combined,73600,0.09502835201668185,0.08921148781101243,3.965754656651277e-08,0.2129231561907614,6,"1000,1001,1002,1003,1004,1005",100000,200,True
even-palindrome,baseline_vs_combined,loss,combined,73800,0.08389671064899047,0.05499267870649925,4.962897424672097e-07,0.18381331539490772,6,"1000,1001,1002,1003,1004,1005",100000,200,True
even-palindrome,baseline_vs_combined,loss,combined,74000,0.09546959402433398,0.05444494893142085,6.628734676434655e-05,0.15198931746171063,6,"1000,1001,1002,1003,1004,1005",100000,200,True
even-palindrome,baseline_vs_combined,loss,combined,74200,0.10436478116981986,0.05021932584952552,0.023720225361011992,0.19418560571857682,6,"1000,1001,1002,1003,1004,1005",100000,200,True
even-palindrome,baseline_vs_combined,loss,combined,74400,0.15357481731871359,0.1309782058535169,2.2530851182825385e-07,0.4139638197121661,6,"1000,1001,1002,1003,1004,1005",100000,200,True
even-palindrome,baseline_vs_combined,loss,combined,74600,0.033961992660766396,0.03621325597873005,8.123508175097993e-09,0.08536619109669587,6,"1000,1001,1002,1003,1004,1005",100000,200,True
even-palindrome,baseline_vs_combined,loss,combined,74800,0.10799882879327373,0.07040088023074997,0.02263275965053751,0.23924593821589327,6,"1000,1001,1002,1003,1004,1005",100000,200,True
even-palindrome,baseline_vs_combined,loss,combined,75000,0.09050228518833757,0.07580242065066126,2.3549456639652273e-06,0.188109779417654,6,"1000,1001,1002,1003,1004,1005",100000,200,True
even-palindrome,baseline_vs_combined,loss,combined,75200,0.08630468418892177,0.026750455350101836,0.048037265102830275,0.13001541476555276,6,"1000,1001,1002,1003,1004,1005",100000,200,True
even-palindrome,baseline_vs_combined,loss,combined,75400,0.09866538417967273,0.06457348563853105,1.6964613570365772e-05,0.18754682668776945,6,"1000,1001,1002,1003,1004,1005",100000,200,True
even-palindrome,baseline_vs_combined,loss,combined,75600,0.0962328660095632,0.06120305084151208,0.00031009122515801124,0.19568058851085288,6,"1000,1001,1002,1003,1004,1005",100000,200,True
even-palindrome,baseline_vs_combined,loss,combined,75800,0.09618380171764691,0.07405181083460487,3.0555080787031396e-07,0.20085373126693198,6,"1000,1001,1002,1003,1004,1005",100000,200,True
even-palindrome,baseline_vs_combined,loss,combined,76000,0.09764151918770884,0.05889625506628083,6.512030706830596e-06,0.17335170998438165,6,"1000,1001,1002,1003,1004,1005",100000,200,True
even-palindrome,baseline_vs_combined,loss,combined,76200,0.0993954453813826,0.06851285349111945,0.015305988924614078,0.19188580526798416,6,"1000,1001,1002,1003,1004,1005",100000,200,True
even-palindrome,baseline_vs_combined,loss,combined,76400,0.11459296656747842,0.10008085705921904,0.00014028038176345153,0.2773270985903322,6,"1000,1001,1002,1003,1004,1005",100000,200,True
even-palindrome,baseline_vs_combined,loss,combined,76600,0.06714987444124369,0.06917939580064768,1.3520247005974206e-07,0.20295930706983506,6,"1000,1001,1002,1003,1004,1005",100000,200,True
even-palindrome,baseline_vs_combined,loss,combined,76800,0.09274601691259125,0.07646246325236032,1.832475476498674e-08,0.19404216671075056,6,"1000,1001,1002,1003,1004,1005",100000,200,True
even-palindrome,baseline_vs_combined,loss,combined,77000,0.06427449746505573,0.04906696493387113,2.5085772017291454e-09,0.1111835043894925,6,"1000,1001,1002,1003,1004,1005",100000,200,True
even-palindrome,baseline_vs_combined,loss,combined,77200,0.08089133181261547,0.020244718569162587,0.04608192164008991,0.10015106187891734,6,"1000,1001,1002,1003,1004,1005",100000,200,True
even-palindrome,baseline_vs_combined,loss,combined,77400,0.0991578286063133,0.07104883251550699,2.0996335171741264e-06,0.19279487474158394,6,"1000,1001,1002,1003,1004,1005",100000,200,True
even-palindrome,baseline_vs_combined,loss,combined,77600,0.08100404628784515,0.07645921820086206,4.147761706736475e-06,0.17503966159894607,6,"1000,1001,1002,1003,1004,1005",100000,200,True
even-palindrome,baseline_vs_combined,loss,combined,77800,0.08504661763487775,0.059707437683292286,1.2908677756486852e-05,0.16271573575256035,6,"1000,1001,1002,1003,1004,1005",100000,200,True
even-palindrome,baseline_vs_combined,loss,combined,78000,0.10442785334176924,0.09695137566773335,6.781734641592152e-06,0.2752653246302874,6,"1000,1001,1002,1003,1004,1005",100000,200,True
even-palindrome,baseline_vs_combined,loss,combined,78200,0.07714131551384663,0.077425746614337,8.188796978808588e-08,0.2157690961290524,6,"1000,1001,1002,1003,1004,1005",100000,200,True
even-palindrome,baseline_vs_combined,loss,combined,78400,0.1493646103372849,0.0963752624478632,2.4446569005937e-07,0.2677414265857006,6,"1000,1001,1002,1003,1004,1005",100000,200,True
even-palindrome,baseline_vs_combined,loss,combined,78600,0.1068032601018127,0.0900740719819274,2.3264396324436386e-06,0.27137084232735076,6,"1000,1001,1002,1003,1004,1005",100000,200,True
even-palindrome,baseline_vs_combined,loss,combined,78800,0.07349454037649993,0.060683041232078516,5.258748182200151e-06,0.1394476472983496,6,"1000,1001,1002,1003,1004,1005",100000,200,True
even-palindrome,baseline_vs_combined,loss,combined,79000,0.11672487218776702,0.08611781843906341,2.1224160068981925e-06,0.22876950483357103,6,"1000,1001,1002,1003,1004,1005",100000,200,True
even-palindrome,baseline_vs_combined,loss,combined,79200,0.10565164090278267,0.06149214695507881,3.574247703745648e-08,0.16911477719184156,6,"1000,1001,1002,1003,1004,1005",100000,200,True
even-palindrome,baseline_vs_combined,loss,combined,79400,0.13924241862259137,0.07452075766351005,0.026393784971225395,0.2474134901649819,6,"1000,1001,1002,1003,1004,1005",100000,200,True
even-palindrome,baseline_vs_combined,loss,combined,79600,0.09772311905912634,0.07514432146184964,0.021037068001194526,0.20918257865171255,6,"1000,1001,1002,1003,1004,1005",100000,200,True
even-palindrome,baseline_vs_combined,loss,combined,79800,0.08420167579355033,0.05135586053326606,3.2493919797285665e-06,0.13645032439936192,6,"1000,1001,1002,1003,1004,1005",100000,200,True
even-palindrome,baseline_vs_combined,loss,combined,80000,0.1554932709457856,0.09977297218646744,0.013834125295227574,0.28353880604382736,6,"1000,1001,1002,1003,1004,1005",100000,200,True
even-palindrome,baseline_vs_combined,loss,combined,80200,0.056023763574821576,0.03423876585875647,3.317199899544043e-08,0.11102279101553694,6,"1000,1001,1002,1003,1004,1005",100000,200,True
even-palindrome,baseline_vs_combined,loss,combined,80400,0.07326842950786316,0.05530029518142021,3.6189010725745655e-08,0.1331898783940204,6,"1000,1001,1002,1003,1004,1005",100000,200,True
even-palindrome,baseline_vs_combined,loss,combined,80600,0.10814653700982262,0.09057985181805657,2.397381240383037e-06,0.20499237004279222,6,"1000,1001,1002,1003,1004,1005",100000,200,True
even-palindrome,baseline_vs_combined,loss,combined,80800,0.08834096575021773,0.09134957991822927,7.879031301347844e-07,0.22518745108995286,6,"1000,1001,1002,1003,1004,1005",100000,200,True
even-palindrome,baseline_vs_combined,loss,combined,81000,0.21431798882113037,0.1811977069527653,6.295573979908653e-09,0.553127271408427,6,"1000,1001,1002,1003,1004,1005",100000,200,True
even-palindrome,baseline_vs_combined,loss,combined,81200,0.09904192575572122,0.09339259266857905,1.3640996305783193e-09,0.2426465483708749,6,"1000,1001,1002,1003,1004,1005",100000,200,True
even-palindrome,baseline_vs_combined,loss,combined,81400,0.03279987307406259,0.03156806784028963,5.298785502039216e-09,0.09016880825944107,6,"1000,1001,1002,1003,1004,1005",100000,200,True
even-palindrome,baseline_vs_combined,loss,combined,81600,0.11377727068439263,0.11065712754130679,1.831156189884605e-07,0.3310086646755399,6,"1000,1001,1002,1003,1004,1005",100000,200,True
even-palindrome,baseline_vs_combined,loss,combined,81800,0.0955525630632781,0.05209963911082135,0.0002585885711464897,0.1544983745513607,6,"1000,1001,1002,1003,1004,1005",100000,200,True
even-palindrome,baseline_vs_combined,loss,combined,82000,0.09605481016450575,0.05387548143263159,0.0013700168611921132,0.16766779634404372,6,"1000,1001,1002,1003,1004,1005",100000,200,True
even-palindrome,baseline_vs_combined,loss,combined,82200,0.10207032739561617,0.10453272333594736,1.366740168149902e-07,0.25560742364535627,6,"1000,1001,1002,1003,1004,1005",100000,200,True
even-palindrome,baseline_vs_combined,loss,combined,82400,0.11388577715051791,0.116410101420154,2.260673010590422e-08,0.32412785863437305,6,"1000,1001,1002,1003,1004,1005",100000,200,True
even-palindrome,baseline_vs_combined,loss,combined,82600,0.09365263520771476,0.097553321407172,8.861117611494093e-08,0.2542643263379625,6,"1000,1001,1002,1003,1004,1005",100000,200,True
even-palindrome,baseline_vs_combined,loss,combined,82800,0.14400333438851529,0.19948636384288465,6.461893830547183e-06,0.574235539020432,6,"1000,1001,1002,1003,1004,1005",100000,200,True
even-palindrome,baseline_vs_combined,loss,combined,83000,0.1679103529259085,0.1389181571184773,0.012387949132447007,0.4055526532269461,6,"1000,1001,1002,1003,1004,1005",100000,200,True
even-palindrome,baseline_vs_combined,loss,combined,83200,0.13153188357087023,0.09309047086906704,2.136244849548774e-07,0.30405819170505416,6,"1000,1001,1002,1003,1004,1005",100000,200,True
even-palindrome,baseline_vs_combined,loss,combined,83400,0.08191638094713016,0.07627239289889741,1.7206866869770577e-06,0.18725168387869734,6,"1000,1001,1002,1003,1004,1005",100000,200,True
even-palindrome,baseline_vs_combined,loss,combined,83600,0.12408346017612504,0.040247983388100386,0.0566367963821698,0.19445735966127786,6,"1000,1001,1002,1003,1004,1005",100000,200,True
even-palindrome,baseline_vs_combined,loss,combined,83800,0.07844909266037263,0.07522485125098302,1.4020158737970688e-07,0.20447321492553044,6,"1000,1001,1002,1003,1004,1005",100000,200,True
even-palindrome,baseline_vs_combined,loss,combined,84000,0.12477597239814091,0.09096358387606557,6.113524937938035e-08,0.24864004590004057,6,"1000,1001,1002,1003,1004,1005",100000,200,True
even-palindrome,baseline_vs_combined,loss,combined,84200,0.1286941131935707,0.07305733231147821,0.05575516045444853,0.2480422072925141,6,"1000,1001,1002,1003,1004,1005",100000,200,True
even-palindrome,baseline_vs_combined,loss,combined,84400,0.08823111372037085,0.06034144037916489,1.6523793414096982e-06,0.17184309684157903,6,"1000,1001,1002,1003,1004,1005",100000,200,True
even-palindrome,baseline_vs_combined,loss,combined,84600,0.09893342661944558,0.05944170878971089,0.019581232478420058,0.20425613151159708,6,"1000,1001,1002,1003,1004,1005",100000,200,True
even-palindrome,baseline_vs_combined,loss,combined,84800,0.06548629454344974,0.06989859720138028,2.940960447572749e-07,0.17164571284855376,6,"1000,1001,1002,1003,1004,1005",100000,200,True
even-palindrome,baseline_vs_combined,loss,combined,85000,0.08915787582909279,0.077493547063376,1.218071490027839e-07,0.20201162252224017,6,"1000,1001,1002,1003,1004,1005",100000,200,True
even-palindrome,baseline_vs_combined,loss,combined,85200,0.07078661525453077,0.0732941837251789,5.0467055425440496e-06,0.20177020582159777,6,"1000,1001,1002,1003,1004,1005",100000,200,True
even-palindrome,baseline_vs_combined,loss,combined,85400,0.18643355137081033,0.17600638810740526,0.01743531898040629,0.5592953622148734,6,"1000,1001,1002,1003,1004,1005",100000,200,True
even-palindrome,baseline_vs_combined,loss,combined,85600,0.14679785900019557,0.08506022607078183,0.036023570627125606,0.2987798152102536,6,"1000,1001,1002,1003,1004,1005",100000,200,True
even-palindrome,baseline_vs_combined,loss,combined,85800,0.09786827310438502,0.09293573970471884,4.627709948962569e-08,0.21239087364405534,6,"1000,1001,1002,1003,1004,1005",100000,200,True
even-palindrome,baseline_vs_combined,loss,combined,86000,0.08445611135874194,0.06462958145208292,4.5273199428437495e-09,0.17480850795212655,6,"1000,1001,1002,1003,1004,1005",100000,200,True
even-palindrome,baseline_vs_combined,loss,combined,86200,0.09638842170817845,0.08489246595844278,6.925856878690489e-06,0.2122125935617926,6,"1000,1001,1002,1003,1004,1005",100000,200,True
even-palindrome,baseline_vs_combined,loss,combined,86400,0.07530939749807747,0.09242209722577326,4.10498166995843e-08,0.25525316495526545,6,"1000,1001,1002,1003,1004,1005",100000,200,True
even-palindrome,baseline_vs_combined,loss,combined,86600,0.09630315350572051,0.09692180292550663,3.842216211719096e-09,0.20677061662212076,6,"1000,1001,1002,1003,1004,1005",100000,200,True
even-palindrome,baseline_vs_combined,loss,combined,86800,0.08863029675184649,0.09967070232539713,0.009038068365026655,0.3011214882097141,6,"1000,1001,1002,1003,1004,1005",100000,200,True
even-palindrome,baseline_vs_combined,loss,combined,87000,0.10472331068979905,0.06163305574568443,1.7207009163355826e-08,0.19974076785251355,6,"1000,1001,1002,1003,1004,1005",100000,200,True
even-palindrome,baseline_vs_combined,loss,combined,87200,0.10331242685588189,0.06513134986053146,0.00010324994568405361,0.19663700252435745,6,"1000,1001,1002,1003,1004,1005",100000,200,True
even-palindrome,baseline_vs_combined,loss,combined,87400,0.3917049782752445,0.37217238441930683,0.057687182884490366,1.0885162308988474,6,"1000,1001,1002,1003,1004,1005",100000,200,True
even-palindrome,baseline_vs_combined,loss,combined,87600,0.0640346260429799,0.0457691878054009,4.664219183412449e-07,0.10406960205345399,6,"1000,1001,1002,1003,1004,1005",100000,200,True
even-palindrome,baseline_vs_combined,loss,combined,87800,0.06795756930288117,0.07669971214693855,6.588143308949856e-09,0.2069109528319369,6,"1000,1001,1002,1003,1004,1005",100000,200,True
even-palindrome,baseline_vs_combined,loss,combined,88000,0.09078319265109895,0.10324337638961642,2.3258598534636745e-09,0.2792767389879521,6,"1000,1001,1002,1003,1004,1005",100000,200,True
even-palindrome,baseline_vs_combined,loss,combined,88200,0.07685674376629459,0.07108767811872398,6.859156011645995e-09,0.17100358142196007,6,"1000,1001,1002,1003,1004,1005",100000,200,True
even-palindrome,baseline_vs_combined,loss,combined,88400,0.15059227382175036,0.2421938928607252,9.326879371632929e-07,0.6857165982722863,6,"1000,1001,1002,1003,1004,1005",100000,200,True
even-palindrome,baseline_vs_combined,loss,combined,88600,0.20271619520004913,0.21294549178063268,0.00011466077754294191,0.660510521393682,6,"1000,1001,1002,1003,1004,1005",100000,200,True
even-palindrome,baseline_vs_combined,loss,combined,88800,0.08103461299727785,0.08838829944768889,1.7298483640237892e-08,0.25894210893277214,6,"1000,1001,1002,1003,1004,1005",100000,200,True
even-palindrome,baseline_vs_combined,loss,combined,89000,0.07218191230481784,0.0779499909533796,2.174151234501237e-07,0.20913167795874557,6,"1000,1001,1002,1003,1004,1005",100000,200,True
even-palindrome,baseline_vs_combined,loss,combined,89200,0.07747293858074407,0.05234086952807057,2.520100391153633e-05,0.17463825821089712,6,"1000,1001,1002,1003,1004,1005",100000,200,True
even-palindrome,baseline_vs_combined,loss,combined,89400,0.07382773394768245,0.06242879716010759,0.0002942185910499998,0.16475468209689054,6,"1000,1001,1002,1003,1004,1005",100000,200,True
even-palindrome,baseline_vs_combined,loss,combined,89600,0.09765608181180746,0.10391169483655617,7.347607556006803e-08,0.2649106534830416,6,"1000,1001,1002,1003,1004,1005",100000,200,True
even-palindrome,baseline_vs_combined,loss,combined,89800,0.07820834643393897,0.07924238764687111,6.4964781632502465e-09,0.1700860938881722,6,"1000,1001,1002,1003,1004,1005",100000,200,True
even-palindrome,baseline_vs_combined,loss,combined,90000,0.08850684743548097,0.09580159307914025,7.167437732213955e-10,0.22656345194337987,6,"1000,1001,1002,1003,1004,1005",100000,200,True
even-palindrome,baseline_vs_combined,loss,combined,90200,0.09630989641349681,0.056133302221862094,2.8671071148045693e-06,0.16268362502500344,6,"1000,1001,1002,1003,1004,1005",100000,200,True
even-palindrome,baseline_vs_combined,loss,combined,90400,0.11367145798180096,0.07898561848663439,0.007033436161044821,0.20379898339429622,6,"1000,1001,1002,1003,1004,1005",100000,200,True
even-palindrome,baseline_vs_combined,loss,combined,90600,0.1223727968423825,0.17157292931840332,1.1566642526617161e-07,0.5002852804182739,6,"1000,1001,1002,1003,1004,1005",100000,200,True
even-palindrome,baseline_vs_combined,loss,combined,90800,0.06312205471860648,0.07076415867172707,1.2427360227333997e-06,0.18498486468813716,6,"1000,1001,1002,1003,1004,1005",100000,200,True
even-palindrome,baseline_vs_combined,loss,combined,91000,0.10562336307940574,0.11892849893186058,6.233437883314263e-08,0.33324436103485255,6,"1000,1001,1002,1003,1004,1005",100000,200,True
even-palindrome,baseline_vs_combined,loss,combined,91200,0.08591067844575279,0.07038470386007782,3.5034644962151153e-07,0.19348183666527088,6,"1000,1001,1002,1003,1004,1005",100000,200,True
even-palindrome,baseline_vs_combined,loss,combined,91400,0.08950021884229682,0.09705102619724293,6.550930037527158e-09,0.24865471036225323,6,"1000,1001,1002,1003,1004,1005",100000,200,True
even-palindrome,baseline_vs_combined,loss,combined,91600,0.06876981994240854,0.06535342976498563,3.3802676949190593e-09,0.1852703964075831,6,"1000,1001,1002,1003,1004,1005",100000,200,True
even-palindrome,baseline_vs_combined,loss,combined,91800,0.08339402286616993,0.05201307095886943,0.00823415967164212,0.136628604663603,6,"1000,1001,1002,1003,1004,1005",100000,200,True
even-palindrome,baseline_vs_combined,loss,combined,92000,0.06159360355039103,0.06326603849622801,2.657254400476039e-08,0.14760718906138506,6,"1000,1001,1002,1003,1004,1005",100000,200,True
even-palindrome,baseline_vs_combined,loss,combined,92200,0.05775971291424642,0.021767780013037176,0.025272495053049914,0.09275783368995363,6,"1000,1001,1002,1003,1004,1005",100000,200,True
even-palindrome,baseline_vs_combined,loss,combined,92400,0.10073366124141925,0.09512011350420517,5.140395671960306e-08,0.28900787461191646,6,"1000,1001,1002,1003,1004,1005",100000,200,True
even-palindrome,baseline_vs_combined,loss,combined,92600,0.06480666380223006,0.05259897785299725,3.243569182652395e-09,0.14509768899425374,6,"1000,1001,1002,1003,1004,1005",100000,200,True
even-palindrome,baseline_vs_combined,loss,combined,92800,0.07749343813308932,0.06920113074590885,7.1504702392651e-10,0.2200159594696991,6,"1000,1001,1002,1003,1004,1005",100000,200,True
even-palindrome,baseline_vs_combined,loss,combined,93000,0.08680745854426697,0.08805735601827885,3.9079990044154756e-08,0.20064622687000033,6,"1000,1001,1002,1003,1004,1005",100000,200,True
even-palindrome,baseline_vs_combined,loss,combined,93200,0.15765596776501367,0.19804529403129414,7.549041334715955e-09,0.5829270892894511,6,"1000,1001,1002,1003,1004,1005",100000,200,True
even-palindrome,baseline_vs_combined,loss,combined,93400,0.0856926622313791,0.07716460198096729,4.10943202466818e-09,0.22673604975161474,6,"1000,1001,1002,1003,1004,1005",100000,200,True
even-palindrome,baseline_vs_combined,loss,combined,93600,0.09271065616639614,0.06108675349675513,1.877589889166904e-06,0.20504174519822616,6,"1000,1001,1002,1003,1004,1005",100000,200,True
even-palindrome,baseline_vs_combined,loss,combined,93800,0.08982711504775764,0.08412802534558933,1.7761862668819878e-07,0.2372153982314522,6,"1000,1001,1002,1003,1004,1005",100000,200,True
even-palindrome,baseline_vs_combined,loss,combined,94000,0.10263135771251175,0.10528243756473994,5.8766168494448604e-05,0.3161032859592595,6,"1000,1001,1002,1003,1004,1005",100000,200,True
even-palindrome,baseline_vs_combined,loss,combined,94200,0.09413492513568862,0.08304676342183605,3.727452258275345e-08,0.19483552197130533,6,"1000,1001,1002,1003,1004,1005",100000,200,True
even-palindrome,baseline_vs_combined,loss,combined,94400,0.06686865446218168,0.06495829697016198,1.5699028607600759e-07,0.17871793823622184,6,"1000,1001,1002,1003,1004,1005",100000,200,True
even-palindrome,baseline_vs_combined,loss,combined,94600,0.25598496295774975,0.39879190254789754,0.00013057951352601457,1.1412161129331735,6,"1000,1001,1002,1003,1004,1005",100000,200,True
even-palindrome,baseline_vs_combined,loss,combined,94800,0.08635552625354831,0.05061283098858783,1.0532452873562165e-07,0.17165363970026587,6,"1000,1001,1002,1003,1004,1005",100000,200,True
even-palindrome,baseline_vs_combined,loss,combined,95000,0.0914932420941747,0.10129352089318702,1.2461144833705861e-08,0.2654819311347138,6,"1000,1001,1002,1003,1004,1005",100000,200,True
even-palindrome,baseline_vs_combined,loss,combined,95200,0.08808406325227282,0.07321771899532471,1.137161102467664e-07,0.20263026466976267,6,"1000,1001,1002,1003,1004,1005",100000,200,True
even-palindrome,baseline_vs_combined,loss,combined,95400,0.09259936230178227,0.10780825627638133,1.3320367661107113e-08,0.27853067080686467,6,"1000,1001,1002,1003,1004,1005",100000,200,True
even-palindrome,baseline_vs_combined,loss,combined,95600,0.31875414702060906,0.3553434068169922,0.03628600648543153,1.0854904792698619,6,"1000,1001,1002,1003,1004,1005",100000,200,True
even-palindrome,baseline_vs_combined,loss,combined,95800,0.11972906758617662,0.11347333531072086,1.7132808752997296e-07,0.3292739468987091,6,"1000,1001,1002,1003,1004,1005",100000,200,True
even-palindrome,baseline_vs_combined,loss,combined,96000,0.13047343319471402,0.058231182897493475,0.06652140964974454,0.24294665507275418,6,"1000,1001,1002,1003,1004,1005",100000,200,True
even-palindrome,baseline_vs_combined,loss,combined,96200,0.13069472056972856,0.07241388288567598,5.051057598977338e-07,0.2325583777711444,6,"1000,1001,1002,1003,1004,1005",100000,200,True
even-palindrome,baseline_vs_combined,loss,combined,96400,0.07597646956966346,0.05620018056930903,7.26924125603181e-06,0.13700595118073855,6,"1000,1001,1002,1003,1004,1005",100000,200,True
even-palindrome,baseline_vs_combined,loss,combined,96600,0.07067087088499353,0.05665911348526892,3.575215800100812e-07,0.13510189453047,6,"1000,1001,1002,1003,1004,1005",100000,200,True
even-palindrome,baseline_vs_combined,loss,combined,96800,0.1027528121198155,0.07640660228087316,7.05837926034264e-09,0.1930696436497078,6,"1000,1001,1002,1003,1004,1005",100000,200,True
even-palindrome,baseline_vs_combined,loss,combined,97000,0.07912053561936977,0.05386885777865717,1.4714184969961964e-07,0.15010568948310646,6,"1000,1001,1002,1003,1004,1005",100000,200,True
even-palindrome,baseline_vs_combined,loss,combined,97200,0.05114278255288544,0.03755508114550436,2.930017471862445e-08,0.09890198122693955,6,"1000,1001,1002,1003,1004,1005",100000,200,True
even-palindrome,baseline_vs_combined,loss,combined,97400,0.0809948833986347,0.08707615063761284,2.4065071384741196e-07,0.24490504319409012,6,"1000,1001,1002,1003,1004,1005",100000,200,True
even-palindrome,baseline_vs_combined,loss,combined,97600,0.08037047921765693,0.07534634256848684,2.1936764611502763e-07,0.20788865626078362,6,"1000,1001,1002,1003,1004,1005",100000,200,True
even-palindrome,baseline_vs_combined,loss,combined,97800,0.07008565480921179,0.04418729919488007,3.0841158007652303e-10,0.12837146332755991,6,"1000,1001,1002,1003,1004,1005",100000,200,True
even-palindrome,baseline_vs_combined,loss,combined,98000,0.08484611650976774,0.08121522463928912,3.4949428916924986e-06,0.22777951761552934,6,"1000,1001,1002,1003,1004,1005",100000,200,True
even-palindrome,baseline_vs_combined,loss,combined,98200,0.06870941690920722,0.06871336866122504,6.399391369024676e-08,0.1418311532491536,6,"1000,1001,1002,1003,1004,1005",100000,200,True
even-palindrome,baseline_vs_combined,loss,combined,98400,0.07570016731673343,0.05938204471585807,1.302683255675896e-08,0.14707411750537505,6,"1000,1001,1002,1003,1004,1005",100000,200,True
even-palindrome,baseline_vs_combined,loss,combined,98600,0.22427901215828797,0.12591105359564078,0.13596925814230965,0.5000000013988213,6,"1000,1001,1002,1003,1004,1005",100000,200,True
even-palindrome,baseline_vs_combined,loss,combined,98800,0.0570384120964516,0.039169566418885346,4.2670287088378974e-08,0.11171824949971822,6,"1000,1001,1002,1003,1004,1005",100000,200,True
even-palindrome,baseline_vs_combined,loss,combined,99000,0.1143201801328918,0.028160699393264904,0.0795958251021163,0.16727498487132905,6,"1000,1001,1002,1003,1004,1005",100000,200,True
even-palindrome,baseline_vs_combined,loss,combined,99200,0.05593650592627138,0.04094904234327676,9.727390228598046e-07,0.10427305620456959,6,"1000,1001,1002,1003,1004,1005",100000,200,True
even-palindrome,baseline_vs_combined,loss,combined,99400,0.06761176751339305,0.061232293637160165,1.1851062808837346e-08,0.1807023322757384,6,"1000,1001,1002,1003,1004,1005",100000,200,True
even-palindrome,baseline_vs_combined,loss,combined,99600,0.07018162893254674,0.0561818569084788,2.948869920291197e-08,0.13103340374036326,6,"1000,1001,1002,1003,1004,1005",100000,200,True
even-palindrome,baseline_vs_combined,loss,combined,99800,0.06168825349557144,0.04757124762161533,3.732153578978742e-09,0.13066622552610724,6,"1000,1001,1002,1003,1004,1005",100000,200,True
even-palindrome,baseline_vs_combined,loss,combined,100000,0.16075303787272419,0.17050332469784368,1.5781799683746433e-06,0.5000096424918964,6,"1000,1001,1002,1003,1004,1005",100000,200,True
