task,group,metric,advice_type,batch,mean,std,min,max,n_seeds,seeds,common_horizon,report_interval,sd_shading
even-palindrome,structural_features,loss,none,200,0.7025381284455458,0.0029770549019757734,0.6992588981986045,0.7062443980574608,6,"1000,1001,1002,1003,1004,1005",67800,200,True
even-palindrome,structural_features,loss,none,400,0.7002254454791546,0.007288918238636818,0.6932461865246295,0.7155366984009742,6,"1000,1001,1002,1003,1004,1005",67800,200,True
even-palindrome,structural_features,loss,none,600,0.7013299039254587,0.00655193535120505,0.6944474223256111,0.7106125313043594,6,"1000,1001,1002,1003,1004,1005",67800,200,True
even-palindrome,structural_features,loss,none,800,0.6986800501992305,0.004775874070577341,0.6928578807413578,0.706389571428299,6,"1000,1001,1002,1003,1004,1005",67800,200,True
even-palindrome,structural_features,loss,none,1000,0.6918914864460627,0.005504280331684381,0.6820792979001999,0.6963101816177368,6,"1000,1001,1002,1003,1004,1005",67800,200,True
even-palindrome,structural_features,loss,none,1200,0.6958514873435101,0.009893892168251388,0.6862318556010724,0.7145423060655594,6,"1000,1001,1002,1003,1004,1005",67800,200,True
even-palindrome,structural_features,loss,none,1400,0.6872123283644517,0.007730448672708366,0.6741651557385921,0.697098683565855,6,"1000,1001,1002,1003,1004,1005",67800,200,True
even-palindrome,structural_features,loss,none,1600,0.6777514974648754,0.012347336196229729,0.6579881446063518,0.695524854362011,6,"1000,1001,1002,1003,1004,1005",67800,200,True
even-palindrome,structural_features,loss,none,1800,0.6696904620590308,0.009968633106424435,0.6478149540349841,0.6770564350485802,6,"1000,1001,1002,1003,1004,1005",67800,200,True
even-palindrome,structural_features,loss,none,2000,0.661451489838461,0.016607938968445517,0.6449192560836673,0.6928848080337048,6,"1000,1001,1002,1003,1004,1005",67800,200,True
even-palindrome,structural_features,loss,none,2200,0.6551067199868461,0.026590797912219397,0.6327256734296679,0.7035220047086477,6,"1000,1001,1002,1003,1004,1005",67800,200,True
even-palindrome,structural_features,loss,none,2400,0.6606777241251742,0.03314402116014098,0.6065841002389789,0.7090263586770743,6,"1000,1001,1002,1003,1004,1005",67800,200,True
even-palindrome,structural_features,loss,none,2600,0.6546435079343306,0.020158202534791978,0.6298363979719579,0.6925646384060383,6,"1000,1001,1002,1003,1004,1005",67800,200,True
even-palindrome,structural_features,loss,none,2800,0.6476193363203978,0.025294472940673177,0.609337080065161,0.6773135159164667,6,"1000,1001,1002,1003,1004,1005",67800,200,True
even-palindrome,structural_features,loss,none,3000,0.6473551929493745,0.015299323354438399,0.6133563082758338,0.6576191097963602,6,"1000,1001,1002,1003,1004,1005",67800,200,True
even-palindrome,structural_features,loss,none,3200,0.6400310870686856,0.024214724760236794,0.6134150124900043,0.6796632191538811,6,"1000,1001,1002,1003,1004,1005",67800,200,True
even-palindrome,structural_features,loss,none,3400,0.6460053234438723,0.021394861076306993,0.6108009461220354,0.6826532584428787,6,"1000,1001,1002,1003,1004,1005",67800,200,True
even-palindrome,structural_features,loss,none,3600,0.6295793789671734,0.025737128866504182,0.5821805130597204,0.6652957366406917,6,"1000,1001,1002,1003,1004,1005",67800,200,True
even-palindrome,structural_features,loss,none,3800,0.6480511088840043,0.027144496011698518,0.6008037442527712,0.6782798203267157,6,"1000,1001,1002,1003,1004,1005",67800,200,True
even-palindrome,structural_features,loss,none,4000,0.6182443726373216,0.026604088428831094,0.5766930817998945,0.6542644124478102,6,"1000,1001,1002,1003,1004,1005",67800,200,True
even-palindrome,structural_features,loss,none,4200,0.6263776110865485,0.0130961452619606,0.6102595149725676,0.6480715204402805,6,"1000,1001,1002,1003,1004,1005",67800,200,True
even-palindrome,structural_features,loss,none,4400,0.6311664121085777,0.019529711770480646,0.5961051503708586,0.6626036746054887,6,"1000,1001,1002,1003,1004,1005",67800,200,True
even-palindrome,structural_features,loss,none,4600,0.6097354568114194,0.03363264926329998,0.5601956260623411,0.6585272479895502,6,"1000,1001,1002,1003,1004,1005",67800,200,True
even-palindrome,structural_features,loss,none,4800,0.6213581304058122,0.029814535923852196,0.5806987618794665,0.652340611293912,6,"1000,1001,1002,1003,1004,1005",67800,200,True
even-palindrome,structural_features,loss,none,5000,0.6102998712728731,0.005847674206232103,0.6031680883374065,0.6200235639885068,6,"1000,1001,1002,1003,1004,1005",67800,200,True
even-palindrome,structural_features,loss,none,5200,0.607084733847684,0.03549012246200451,0.56563073143363,0.6793176568159833,6,"1000,1001,1002,1003,1004,1005",67800,200,True
even-palindrome,structural_features,loss,none,5400,0.6085249780568606,0.03410233448333249,0.5611440778849647,0.6584759735874832,6,"1000,1001,1002,1003,1004,1005",67800,200,True
even-palindrome,structural_features,loss,none,5600,0.6073497049498837,0.024435841305667474,0.5711968585546129,0.6448033091938123,6,"1000,1001,1002,1003,1004,1005",67800,200,True
even-palindrome,structural_features,loss,none,5800,0.6062115798545225,0.028246830010953055,0.5561733442544937,0.6444059289596044,6,"1000,1001,1002,1003,1004,1005",67800,200,True
even-palindrome,structural_features,loss,none,6000,0.6055416246732541,0.03261780123336797,0.5559270588308572,0.6548036920512095,6,"1000,1001,1002,1003,1004,1005",67800,200,True
even-palindrome,structural_features,loss,none,6200,0.6166583803730706,0.03623145365928741,0.5779859044821933,0.6692749495245516,6,"1000,1001,1002,1003,1004,1005",67800,200,True
even-palindrome,structural_features,loss,none,6400,0.6062483846986045,0.026318103625535962,0.5810486025176942,0.6606723829358816,6,"1000,1001,1002,1003,1004,1005",67800,200,True
even-palindrome,structural_features,loss,none,6600,0.602943118873906,0.0316722278240522,0.5496968095656485,0.6539584047719836,6,"1000,1001,1002,1003,1004,1005",67800,200,True
even-palindrome,structural_features,loss,none,6800,0.5851463422986368,0.03903733354218617,0.5431583738327026,0.6602472097519785,6,"1000,1001,1002,1003,1004,1005",67800,200,True
even-palindrome,structural_features,loss,none,7000,0.5888641775440191,0.028031578883941716,0.5461205343529582,0.6234763579629362,6,"1000,1001,1002,1003,1004,1005",67800,200,True
even-palindrome,structural_features,loss,none,7200,0.6161260627258646,0.03130069347348743,0.5713695625262335,0.6598825247818604,6,"1000,1001,1002,1003,1004,1005",67800,200,True
even-palindrome,structural_features,loss,none,7400,0.6009250639301414,0.023506304931236437,0.5565046920301393,0.6298459723265841,6,"1000,1001,1002,1003,1004,1005",67800,200,True
even-palindrome,structural_features,loss,none,7600,0.5942323595149598,0.03267710091871558,0.5464255949063227,0.6448579302895814,6,"1000,1001,1002,1003,1004,1005",67800,200,True
even-palindrome,structural_features,loss,none,7800,0.5955804825997134,0.03254121427268906,0.5548300544172525,0.6383121616020798,6,"1000,1001,1002,1003,1004,1005",67800,200,True
even-palindrome,structural_features,loss,none,8000,0.5950594005749251,0.028501980123793763,0.5454812121926806,0.6294892388582229,6,"1000,1001,1002,1003,1004,1005",67800,200,True
even-palindrome,structural_features,loss,none,8200,0.5873280119414751,0.016618547324942938,0.5653299034992233,0.6109980290057138,6,"1000,1001,1002,1003,1004,1005",67800,200,True
even-palindrome,structural_features,loss,none,8400,0.5857066079921788,0.036989012113209034,0.5323160460824147,0.6347022143192589,6,"1000,1001,1002,1003,1004,1005",67800,200,True
even-palindrome,structural_features,loss,none,8600,0.5946842844660083,0.028082576799694253,0.567094176618848,0.6515883662272245,6,"1000,1001,1002,1003,1004,1005",67800,200,True
even-palindrome,structural_features,loss,none,8800,0.5764650297844006,0.03939799814575633,0.5112924408889375,0.6228587609133683,6,"1000,1001,1002,1003,1004,1005",67800,200,True
even-palindrome,structural_features,loss,none,9000,0.5533232280844823,0.012396234795484308,0.5289592124533374,0.5702472593146376,6,"1000,1001,1002,1003,1004,1005",67800,200,True
even-palindrome,structural_features,loss,none,9200,0.5676525582347919,0.02778115911447195,0.5341754298156594,0.622877560025081,6,"1000,1001,1002,1003,1004,1005",67800,200,True
even-palindrome,structural_features,loss,none,9400,0.573577312923735,0.02060133466185891,0.5455995282507502,0.6131201126473025,6,"1000,1001,1002,1003,1004,1005",67800,200,True
even-palindrome,structural_features,loss,none,9600,0.5662136888187767,0.02217374688083808,0.5314069197373464,0.599711621243041,6,"1000,1001,1002,1003,1004,1005",67800,200,True
even-palindrome,structural_features,loss,none,9800,0.585406944839051,0.031852312920861846,0.528043687895406,0.6320401699654759,6,"1000,1001,1002,1003,1004,1005",67800,200,True
even-palindrome,structural_features,loss,none,10000,0.5565886503122359,0.022681168357782947,0.5170982097391971,0.5885112604987808,6,"1000,1001,1002,1003,1004,1005",67800,200,True
even-palindrome,structural_features,loss,none,10200,0.5765159926800697,0.06910404001744265,0.5101907168840989,0.7199039211589843,6,"1000,1001,1002,1003,1004,1005",67800,200,True
even-palindrome,structural_features,loss,none,10400,0.5492481086678163,0.022125018984343957,0.5182656053311075,0.5812155809043906,6,"1000,1001,1002,1003,1004,1005",67800,200,True
even-palindrome,structural_features,loss,none,10600,0.5403358363770046,0.03616245387494904,0.5002686952170916,0.600223012646893,6,"1000,1001,1002,1003,1004,1005",67800,200,True
even-palindrome,structural_features,loss,none,10800,0.5523272450584045,0.03218907950403591,0.5211444756295532,0.6167269638343714,6,"1000,1001,1002,1003,1004,1005",67800,200,True
even-palindrome,structural_features,loss,none,11000,0.5483152362445253,0.032049920400368255,0.5155194415571168,0.5956532685714774,6,"1000,1001,1002,1003,1004,1005",67800,200,True
even-palindrome,structural_features,loss,none,11200,0.5685549100623272,0.03504378357093231,0.4981284269364551,0.611028084079735,6,"1000,1001,1002,1003,1004,1005",67800,200,True
even-palindrome,structural_features,loss,none,11400,0.5666554967057892,0.06850887122383971,0.5155498542124406,0.7159506265399977,6,"1000,1001,1002,1003,1004,1005",67800,200,True
even-palindrome,structural_features,loss,none,11600,0.5618337858802018,0.044510143032890484,0.5053039727942087,0.6347459701588377,6,"1000,1001,1002,1003,1004,1005",67800,200,True
even-palindrome,structural_features,loss,none,11800,0.5508749167784117,0.0312903483498541,0.4902341560134664,0.5802287739072927,6,"1000,1001,1002,1003,1004,1005",67800,200,True
even-palindrome,structural_features,loss,none,12000,0.5501938412696957,0.03743161575624352,0.4962989475391805,0.6042824725760148,6,"1000,1001,1002,1003,1004,1005",67800,200,True
even-palindrome,structural_features,loss,none,12200,0.5663361488721178,0.030804410313122595,0.5102538003283553,0.6079534553852863,6,"1000,1001,1002,1003,1004,1005",67800,200,True
even-palindrome,structural_features,loss,none,12400,0.5437773611179243,0.04612207098741209,0.4836233491927851,0.6004908649658318,6,"1000,1001,1002,1003,1004,1005",67800,200,True
even-palindrome,structural_features,loss,none,12600,0.5556411663040247,0.038321540270767715,0.5125108751474181,0.6264301898039412,6,"1000,1001,1002,1003,1004,1005",67800,200,True
even-palindrome,structural_features,loss,none,12800,0.5554264507234621,0.04096993964877875,0.49656909917568554,0.6311613690725062,6,"1000,1001,1002,1003,1004,1005",67800,200,True
even-palindrome,structural_features,loss,none,13000,0.5472200158977648,0.0518772604163593,0.4815914929332212,0.6272428251814562,6,"1000,1001,1002,1003,1004,1005",67800,200,True
even-palindrome,structural_features,loss,none,13200,0.5240743430287693,0.043552201834541324,0.4785421271342784,0.5965525737602729,6,"1000,1001,1002,1003,1004,1005",67800,200,True
even-palindrome,structural_features,loss,none,13400,0.5341290199332677,0.049185463172905695,0.4708915090834489,0.6165331899235025,6,"1000,1001,1002,1003,1004,1005",67800,200,True
even-palindrome,structural_features,loss,none,13600,0.5332783557384392,0.030841052792547823,0.47457718932302667,0.5623061144870007,6,"1000,1001,1002,1003,1004,1005",67800,200,True
even-palindrome,structural_features,loss,none,13800,0.5353185757963851,0.033353500288712624,0.49354049921254045,0.5834442576789297,6,"1000,1001,1002,1003,1004,1005",67800,200,True
even-palindrome,structural_features,loss,none,14000,0.5364596655844313,0.03866106153829814,0.4880786196741974,0.6115624317160109,6,"1000,1001,1002,1003,1004,1005",67800,200,True
even-palindrome,structural_features,loss,none,14200,0.5355159645055877,0.048146278382231414,0.47883930428070015,0.6219166381149261,6,"1000,1001,1002,1003,1004,1005",67800,200,True
even-palindrome,structural_features,loss,none,14400,0.5578053325117678,0.05206875341139147,0.49663880588370374,0.6577695459185634,6,"1000,1001,1002,1003,1004,1005",67800,200,True
even-palindrome,structural_features,loss,none,14600,0.5211792799038206,0.04669007184288476,0.4507972760807024,0.5851990181172733,6,"1000,1001,1002,1003,1004,1005",67800,200,True
even-palindrome,structural_features,loss,none,14800,0.5165273205895937,0.022282969984137476,0.47545082984666803,0.550003873759997,6,"1000,1001,1002,1003,1004,1005",67800,200,True
even-palindrome,structural_features,loss,none,15000,0.5489147207608767,0.09384726024938514,0.43079237107071094,0.7413590318203205,6,"1000,1001,1002,1003,1004,1005",67800,200,True
even-palindrome,structural_features,loss,none,15200,0.5259798749184604,0.06617319025397468,0.4425233800528804,0.6266712052444927,6,"1000,1001,1002,1003,1004,1005",67800,200,True
even-palindrome,structural_features,loss,none,15400,0.5435072984387687,0.05356029716891046,0.4405974330753088,0.6117607877677074,6,"1000,1001,1002,1003,1004,1005",67800,200,True
even-palindrome,structural_features,loss,none,15600,0.5172325174382907,0.05094074850968612,0.4402864162164042,0.6019938685715897,6,"1000,1001,1002,1003,1004,1005",67800,200,True
even-palindrome,structural_features,loss,none,15800,0.5064317740769547,0.03168155714349806,0.44640506370691585,0.547197894572746,6,"1000,1001,1002,1003,1004,1005",67800,200,True
even-palindrome,structural_features,loss,none,16000,0.5340686222891964,0.0399383263421216,0.4674732702993788,0.595286275006365,6,"1000,1001,1002,1003,1004,1005",67800,200,True
even-palindrome,structural_features,loss,none,16200,0.5358604740650965,0.0574695292825161,0.4300372260651784,0.5904877877735999,6,"1000,1001,1002,1003,1004,1005",67800,200,True
even-palindrome,structural_features,loss,none,16400,0.5072615072609914,0.045003891595622285,0.43718539739609696,0.5531889536074596,6,"1000,1001,1002,1003,1004,1005",67800,200,True
even-palindrome,structural_features,loss,none,16600,0.5465082707657468,0.0560687387298051,0.45786320984872875,0.6206007956358371,6,"1000,1001,1002,1003,1004,1005",67800,200,True
even-palindrome,structural_features,loss,none,16800,0.5182878842962114,0.0704857363642981,0.4297186967165908,0.6403880704427138,6,"1000,1001,1002,1003,1004,1005",67800,200,True
even-palindrome,structural_features,loss,none,17000,0.5316079591615683,0.06111792467566125,0.4496566325362073,0.6206271621451015,6,"1000,1001,1002,1003,1004,1005",67800,200,True
even-palindrome,structural_features,loss,none,17200,0.5416596250279326,0.031503372121851184,0.4992951258562971,0.5912809559065499,6,"1000,1001,1002,1003,1004,1005",67800,200,True
even-palindrome,structural_features,loss,none,17400,0.5230858279572567,0.026152230491223064,0.49209098001243545,0.5665836495894473,6,"1000,1001,1002,1003,1004,1005",67800,200,True
even-palindrome,structural_features,loss,none,17600,0.5137614344999747,0.06294116093839387,0.43232430834555996,0.5961894491699059,6,"1000,1001,1002,1003,1004,1005",67800,200,True
even-palindrome,structural_features,loss,none,17800,0.5370220655647547,0.05630986295439513,0.42713918938301504,0.6090875541133574,6,"1000,1001,1002,1003,1004,1005",67800,200,True
even-palindrome,structural_features,loss,none,18000,0.4958979906881238,0.07055683129159646,0.3580433662974974,0.5840777116734535,6,"1000,1001,1002,1003,1004,1005",67800,200,True
even-palindrome,structural_features,loss,none,18200,0.4907252981577342,0.047831138077349754,0.397971440073452,0.5500317860601354,6,"1000,1001,1002,1003,1004,1005",67800,200,True
even-palindrome,structural_features,loss,none,18400,0.48418912780558454,0.06074388730232012,0.39630362413357945,0.5690561131288996,6,"1000,1001,1002,1003,1004,1005",67800,200,True
even-palindrome,structural_features,loss,none,18600,0.49401291459162167,0.06975071019547605,0.34137340167537333,0.5513262997537822,6,"1000,1001,1002,1003,1004,1005",67800,200,True
even-palindrome,structural_features,loss,none,18800,0.47348734754045535,0.048186245516202354,0.39455469683278355,0.5191321975985193,6,"1000,1001,1002,1003,1004,1005",67800,200,True
even-palindrome,structural_features,loss,none,19000,0.44747990010342625,0.08079264757042975,0.30921582572511397,0.5622139604733093,6,"1000,1001,1002,1003,1004,1005",67800,200,True
even-palindrome,structural_features,loss,none,19200,0.514259802366699,0.09130686530754165,0.3792472136975266,0.6275229178520385,6,"1000,1001,1002,1003,1004,1005",67800,200,True
even-palindrome,structural_features,loss,none,19400,0.4925586533468837,0.08438709286379392,0.338059759400785,0.5996159376599826,6,"1000,1001,1002,1003,1004,1005",67800,200,True
even-palindrome,structural_features,loss,none,19600,0.4723674136856668,0.07788481463954368,0.3455266502100858,0.5916478826617823,6,"1000,1001,1002,1003,1004,1005",67800,200,True
even-palindrome,structural_features,loss,none,19800,0.5090813941278854,0.0387556371609802,0.45106711315980647,0.5598239310039207,6,"1000,1001,1002,1003,1004,1005",67800,200,True
even-palindrome,structural_features,loss,none,20000,0.4786395696685455,0.07632635487720062,0.33659795109182594,0.5623595957551152,6,"1000,1001,1002,1003,1004,1005",67800,200,True
even-palindrome,structural_features,loss,none,20200,0.4880468614759715,0.09398615809563611,0.33296751633402893,0.6254839558922686,6,"1000,1001,1002,1003,1004,1005",67800,200,True
even-palindrome,structural_features,loss,none,20400,0.46113061407836237,0.061975746626096215,0.34228709527524187,0.5465493574162247,6,"1000,1001,1002,1003,1004,1005",67800,200,True
even-palindrome,structural_features,loss,none,20600,0.45021041168444453,0.06518402586623076,0.35340284175181297,0.563558011725836,6,"1000,1001,1002,1003,1004,1005",67800,200,True
even-palindrome,structural_features,loss,none,20800,0.47892490160816426,0.01181944136064848,0.46111917069589253,0.49410812943940985,6,"1000,1001,1002,1003,1004,1005",67800,200,True
even-palindrome,structural_features,loss,none,21000,0.487240522902163,0.06060238088790426,0.41396563734684605,0.596483207369165,6,"1000,1001,1002,1003,1004,1005",67800,200,True
even-palindrome,structural_features,loss,none,21200,0.47184970354462474,0.0420502208749171,0.4158215118310181,0.5421109849156346,6,"1000,1001,1002,1003,1004,1005",67800,200,True
even-palindrome,structural_features,loss,none,21400,0.4843935932815657,0.04074682934426573,0.4224589536100393,0.54677114815393,6,"1000,1001,1002,1003,1004,1005",67800,200,True
even-palindrome,structural_features,loss,none,21600,0.4567078181573379,0.04209695841618877,0.39502490532177037,0.522623220726673,6,"1000,1001,1002,1003,1004,1005",67800,200,True
even-palindrome,structural_features,loss,none,21800,0.48168178118323945,0.051767252335515684,0.3962605108844582,0.5537209349154728,6,"1000,1001,1002,1003,1004,1005",67800,200,True
even-palindrome,structural_features,loss,none,22000,0.42854429494300955,0.05452981744720429,0.3699294810986612,0.5136999709568044,6,"1000,1001,1002,1003,1004,1005",67800,200,True
even-palindrome,structural_features,loss,none,22200,0.4608014976228272,0.048559654509828624,0.3798798382656969,0.5358092608407605,6,"1000,1001,1002,1003,1004,1005",67800,200,True
even-palindrome,structural_features,loss,none,22400,0.4440595471517736,0.03767751209216025,0.38815813391527626,0.48800847471749875,6,"1000,1001,1002,1003,1004,1005",67800,200,True
even-palindrome,structural_features,loss,none,22600,0.429322804172892,0.0369364145795129,0.38412943651084785,0.48989928313763814,6,"1000,1001,1002,1003,1004,1005",67800,200,True
even-palindrome,structural_features,loss,none,22800,0.44672334839294003,0.06522305950867403,0.38101741643855347,0.5707058930990752,6,"1000,1001,1002,1003,1004,1005",67800,200,True
even-palindrome,structural_features,loss,none,23000,0.4562427148626254,0.0505353535744845,0.4034110314148711,0.5328051068395143,6,"1000,1001,1002,1003,1004,1005",67800,200,True
even-palindrome,structural_features,loss,none,23200,0.4730780111665202,0.05017708989472393,0.4001655082660727,0.5408398733235663,6,"1000,1001,1002,1003,1004,1005",67800,200,True
even-palindrome,structural_features,loss,none,23400,0.46138299679310874,0.06318530842649067,0.4009201193152694,0.5736373943500803,6,"1000,1001,1002,1003,1004,1005",67800,200,True
even-palindrome,structural_features,loss,none,23600,0.4250262968752941,0.04094182272930127,0.3811534976039547,0.49229219485117937,6,"1000,1001,1002,1003,1004,1005",67800,200,True
even-palindrome,structural_features,loss,none,23800,0.42966690712222766,0.04003517035306863,0.3858486491147778,0.4999131644674344,6,"1000,1001,1002,1003,1004,1005",67800,200,True
even-palindrome,structural_features,loss,none,24000,0.4012285667111064,0.07045528956272021,0.3238098605943378,0.5216949549397395,6,"1000,1001,1002,1003,1004,1005",67800,200,True
even-palindrome,structural_features,loss,none,24200,0.42220836818402546,0.07128122256111291,0.29374439358551174,0.50683801516323,6,"1000,1001,1002,1003,1004,1005",67800,200,True
even-palindrome,structural_features,loss,none,24400,0.3851725022762548,0.062188409390058916,0.27056390544399617,0.47450963823648634,6,"1000,1001,1002,1003,1004,1005",67800,200,True
even-palindrome,structural_features,loss,none,24600,0.4157247089231533,0.09832122775301362,0.30611318682145794,0.5911439330267604,6,"1000,1001,1002,1003,1004,1005",67800,200,True
even-palindrome,structural_features,loss,none,24800,0.45692166534446493,0.07447834328083673,0.34053225790470604,0.5813635900011286,6,"1000,1001,1002,1003,1004,1005",67800,200,True
even-palindrome,structural_features,loss,none,25000,0.4453596492715102,0.03721151419105885,0.40918513922952116,0.5080531327336212,6,"1000,1001,1002,1003,1004,1005",67800,200,True
even-palindrome,structural_features,loss,none,25200,0.4657905782510352,0.07388305304822497,0.31786798704299146,0.5608096377815673,6,"1000,1001,1002,1003,1004,1005",67800,200,True
even-palindrome,structural_features,loss,none,25400,0.3688603478605304,0.08807202309534834,0.22351693448843435,0.4809204229863826,6,"1000,1001,1002,1003,1004,1005",67800,200,True
even-palindrome,structural_features,loss,none,25600,0.3869803804419643,0.09650589308987595,0.24877355456454098,0.528163406754611,6,"1000,1001,1002,1003,1004,1005",67800,200,True
even-palindrome,structural_features,loss,none,25800,0.3497843609249321,0.09743867169377653,0.1775314874626929,0.4577630762429908,6,"1000,1001,1002,1003,1004,1005",67800,200,True
even-palindrome,structural_features,loss,none,26000,0.3498645700906248,0.09743432598205856,0.1676882138462679,0.4703441357641714,6,"1000,1001,1002,1003,1004,1005",67800,200,True
even-palindrome,structural_features,loss,none,26200,0.3699412849180832,0.09223434959159436,0.2024871506879572,0.4665883666975424,6,"1000,1001,1002,1003,1004,1005",67800,200,True
even-palindrome,structural_features,loss,none,26400,0.3333648780102885,0.11152966130814948,0.1619330945602269,0.4603596868234308,6,"1000,1001,1002,1003,1004,1005",67800,200,True
even-palindrome,structural_features,loss,none,26600,0.3387976746810697,0.13329222357270246,0.12846849525798462,0.48847992758528563,6,"1000,1001,1002,1003,1004,1005",67800,200,True
even-palindrome,structural_features,loss,none,26800,0.33105303164224703,0.10403849397042843,0.14919985782995354,0.4367573888890911,6,"1000,1001,1002,1003,1004,1005",67800,200,True
even-palindrome,structural_features,loss,none,27000,0.3076559085037297,0.06692517482237927,0.20188617219682783,0.40832929938507734,6,"1000,1001,1002,1003,1004,1005",67800,200,True
even-palindrome,structural_features,loss,none,27200,0.31849326173723963,0.08794829526003461,0.20979033579467796,0.4335197327300557,6,"1000,1001,1002,1003,1004,1005",67800,200,True
even-palindrome,structural_features,loss,none,27400,0.3466968277128884,0.1361313706647624,0.11072231377125717,0.488787065489596,6,"1000,1001,1002,1003,1004,1005",67800,200,True
even-palindrome,structural_features,loss,none,27600,0.3343565579445082,0.11006755230931894,0.18789532576556667,0.44547182995505863,6,"1000,1001,1002,1003,1004,1005",67800,200,True
even-palindrome,structural_features,loss,none,27800,0.4449919447143778,0.08743989521486777,0.3198337788309436,0.5940144749243337,6,"1000,1001,1002,1003,1004,1005",67800,200,True
even-palindrome,structural_features,loss,none,28000,0.4428991255955528,0.12220553113603665,0.2516544362891,0.5958009972340369,6,"1000,1001,1002,1003,1004,1005",67800,200,True
even-palindrome,structural_features,loss,none,28200,0.39655076992440924,0.08630497671971929,0.24732407219853486,0.5127235352428398,6,"1000,1001,1002,1003,1004,1005",67800,200,True
even-palindrome,structural_features,loss,none,28400,0.39179817967851704,0.15254789255172405,0.18624948892189422,0.695593411900336,6,"1000,1001,1002,1003,1004,1005",67800,200,True
even-palindrome,structural_features,loss,none,28600,0.3612163271223108,0.14666402479263752,0.09170885204570368,0.5324828111831448,6,"1000,1001,1002,1003,1004,1005",67800,200,True
even-palindrome,structural_features,loss,none,28800,0.33775542403151726,0.09880550413352966,0.2679740787119954,0.5490852961502969,6,"1000,1001,1002,1003,1004,1005",67800,200,True
even-palindrome,structural_features,loss,none,29000,0.3449770346419973,0.15518139914253767,0.1067178119282471,0.5265110730243032,6,"1000,1001,1002,1003,1004,1005",67800,200,True
even-palindrome,structural_features,loss,none,29200,0.3308713682259501,0.11542204617577005,0.1655409552139463,0.5101600194007915,6,"1000,1001,1002,1003,1004,1005",67800,200,True
even-palindrome,structural_features,loss,none,29400,0.29416092865683213,0.12893179978736,0.06494011198854423,0.4137656605769007,6,"1000,1001,1002,1003,1004,1005",67800,200,True
even-palindrome,structural_features,loss,none,29600,0.3224495705861227,0.06816970097947445,0.20798300562280927,0.38978299946174955,6,"1000,1001,1002,1003,1004,1005",67800,200,True
even-palindrome,structural_features,loss,none,29800,0.37242124912084057,0.10638494331504893,0.2225623216087115,0.5584398754710855,6,"1000,1001,1002,1003,1004,1005",67800,200,True
even-palindrome,structural_features,loss,none,30000,0.3192869796195737,0.08515376192668495,0.14542655756129533,0.42178054397343656,6,"1000,1001,1002,1003,1004,1005",67800,200,True
even-palindrome,structural_features,loss,none,30200,0.2780383013168709,0.10933275460366179,0.14003643097850726,0.4471477021777537,6,"1000,1001,1002,1003,1004,1005",67800,200,True
even-palindrome,structural_features,loss,none,30400,0.27082430870606916,0.08735609259303892,0.14121894270254415,0.3908007621727302,6,"1000,1001,1002,1003,1004,1005",67800,200,True
even-palindrome,structural_features,loss,none,30600,0.29897482791770014,0.10708991442825908,0.11873957755306037,0.38387706738591076,6,"1000,1001,1002,1003,1004,1005",67800,200,True
even-palindrome,structural_features,loss,none,30800,0.2657836873644555,0.10263469465108291,0.14791009169901373,0.4106770257255994,6,"1000,1001,1002,1003,1004,1005",67800,200,True
even-palindrome,structural_features,loss,none,31000,0.27861838264123434,0.10986484711316424,0.08723050670116209,0.42609554859489435,6,"1000,1001,1002,1003,1004,1005",67800,200,True
even-palindrome,structural_features,loss,none,31200,0.23334293410027993,0.07849963702636152,0.12236615663212433,0.335965820470592,6,"1000,1001,1002,1003,1004,1005",67800,200,True
even-palindrome,structural_features,loss,none,31400,0.21190919558866272,0.11537346398523342,0.07138350252778763,0.38351114191471425,6,"1000,1001,1002,1003,1004,1005",67800,200,True
even-palindrome,structural_features,loss,none,31600,0.22026967926275273,0.1002433048476644,0.09456777492065158,0.38015495731902776,6,"1000,1001,1002,1003,1004,1005",67800,200,True
even-palindrome,structural_features,loss,none,31800,0.23421518920623083,0.09962484241258394,0.11405893686285708,0.3727517857946805,6,"1000,1001,1002,1003,1004,1005",67800,200,True
even-palindrome,structural_features,loss,none,32000,0.2174802814843376,0.11933544130520597,0.06751010065254377,0.3668470896527288,6,"1000,1001,1002,1003,1004,1005",67800,200,True
even-palindrome,structural_features,loss,none,32200,0.2252941004159038,0.09927656182580953,0.12472152285161428,0.41963607152574695,6,"1000,1001,1002,1003,1004,1005",67800,200,True
even-palindrome,structural_features,loss,none,32400,0.21155632910735223,0.11836097524680242,0.06351317711014418,0.3897139871926629,6,"1000,1001,1002,1003,1004,1005",67800,200,True
even-palindrome,structural_features,loss,none,32600,0.26731526581960374,0.10618559974716835,0.1366929872579931,0.3902412718605046,6,"1000,1001,1002,1003,1004,1005",67800,200,True
even-palindrome,structural_features,loss,none,32800,0.22102371000074372,0.10783569365904155,0.09740655109330873,0.35882331625252845,6,"1000,1001,1002,1003,1004,1005",67800,200,True
even-palindrome,structural_features,loss,none,33000,0.27163091263687117,0.15502131872463798,0.13140806342118594,0.5345705957441532,6,"1000,1001,1002,1003,1004,1005",67800,200,True
even-palindrome,structural_features,loss,none,33200,0.17692193955771773,0.11247015644286669,0.05639366851013619,0.32944398884974363,6,"1000,1001,1002,1003,1004,1005",67800,200,True
even-palindrome,structural_features,loss,none,33400,0.24315411947085672,0.1348469396977399,0.06070999045540702,0.47310185631533386,6,"1000,1001,1002,1003,1004,1005",67800,200,True
even-palindrome,structural_features,loss,none,33600,0.19397471869348917,0.14681103531920767,0.02984774005572035,0.4043550627910008,6,"1000,1001,1002,1003,1004,1005",67800,200,True
even-palindrome,structural_features,loss,none,33800,0.19486505449255676,0.10218507953882092,0.10293521443862119,0.3671808249405876,6,"1000,1001,1002,1003,1004,1005",67800,200,True
even-palindrome,structural_features,loss,none,34000,0.23193968519621797,0.10906326589824815,0.14021390532783698,0.43233145844453247,6,"1000,1001,1002,1003,1004,1005",67800,200,True
even-palindrome,structural_features,loss,none,34200,0.20393838015992818,0.11196856147627555,0.0814421561670315,0.37856858496386847,6,"1000,1001,1002,1003,1004,1005",67800,200,True
even-palindrome,structural_features,loss,none,34400,0.18823062946725258,0.10266164817556159,0.054402548550860956,0.3358806463622022,6,"1000,1001,1002,1003,1004,1005",67800,200,True
even-palindrome,structural_features,loss,none,34600,0.19077871154716072,0.10667102851180353,0.08114699395446223,0.3392179764172761,6,"1000,1001,1002,1003,1004,1005",67800,200,True
even-palindrome,structural_features,loss,none,34800,0.17982039148928985,0.1565680294499744,0.04578984266881889,0.4289184877135267,6,"1000,1001,1002,1003,1004,1005",67800,200,True
even-palindrome,structural_features,loss,none,35000,0.19326611832189278,0.12284315969550892,0.07829824570437267,0.36434852941943974,6,"1000,1001,1002,1003,1004,1005",67800,200,True
even-palindrome,structural_features,loss,none,35200,0.18392850352598997,0.11020089765418249,0.04672714462152726,0.3098041432278114,6,"1000,1001,1002,1003,1004,1005",67800,200,True
even-palindrome,structural_features,loss,none,35400,0.15852669364708463,0.10982782174158633,0.02398024841751976,0.31648972104580025,6,"1000,1001,1002,1003,1004,1005",67800,200,True
even-palindrome,structural_features,loss,none,35600,0.1824487425127275,0.1319378673598513,0.020199748547729542,0.41767530798955704,6,"1000,1001,1002,1003,1004,1005",67800,200,True
even-palindrome,structural_features,loss,none,35800,0.15871570005928334,0.08263751110563396,0.03878285818889708,0.3079374623284093,6,"1000,1001,1002,1003,1004,1005",67800,200,True
even-palindrome,structural_features,loss,none,36000,0.16407175674555444,0.12417921591093821,0.06099258453782113,0.37040486053563654,6,"1000,1001,1002,1003,1004,1005",67800,200,True
even-palindrome,structural_features,loss,none,36200,0.18863613093081844,0.12699569260825122,0.03833200891097476,0.3719792556192988,6,"1000,1001,1002,1003,1004,1005",67800,200,True
even-palindrome,structural_features,loss,none,36400,0.16206149783428522,0.09290786941997792,0.04152209488327571,0.30320987015795253,6,"1000,1001,1002,1003,1004,1005",67800,200,True
even-palindrome,structural_features,loss,none,36600,0.13291891934072358,0.09869152371334257,0.0029418297224901835,0.279495565267207,6,"1000,1001,1002,1003,1004,1005",67800,200,True
even-palindrome,structural_features,loss,none,36800,0.1843918361439637,0.11688186365442828,0.04991858440408578,0.38118020297250044,6,"1000,1001,1002,1003,1004,1005",67800,200,True
even-palindrome,structural_features,loss,none,37000,0.20520666070309443,0.07425356066325409,0.06153518203265776,0.2617063858259644,6,"1000,1001,1002,1003,1004,1005",67800,200,True
even-palindrome,structural_features,loss,none,37200,0.17616732820378275,0.125633053322099,0.04543728501956139,0.4094327374337445,6,"1000,1001,1002,1003,1004,1005",67800,200,True
even-palindrome,structural_features,loss,none,37400,0.16010730883915056,0.11510348321522486,0.038225945154858894,0.3351789198198821,6,"1000,1001,1002,1003,1004,1005",67800,200,True
even-palindrome,structural_features,loss,none,37600,0.12463683799687413,0.06619512078471514,0.010139540984173436,0.2100681351419189,6,"1000,1001,1002,1003,1004,1005",67800,200,True
even-palindrome,structural_features,loss,none,37800,0.16507240536177922,0.10228603962332096,0.024932172012249794,0.3366816614115305,6,"1000,1001,1002,1003,1004,1005",67800,200,True
even-palindrome,structural_features,loss,none,38000,0.181511884390502,0.1022705572857466,0.04263281495107549,0.3047295483529524,6,"1000,1001,1002,1003,1004,1005",67800,200,True
even-palindrome,structural_features,loss,none,38200,0.18916002620015812,0.10637297329830642,0.06947953073173267,0.34761415994733397,6,"1000,1001,1002,1003,1004,1005",67800,200,True
even-palindrome,structural_features,loss,none,38400,0.15092816289252897,0.08695207934006118,0.021071752222105715,0.2442903544405999,6,"1000,1001,1002,1003,1004,1005",67800,200,True
even-palindrome,structural_features,loss,none,38600,0.16217252251727057,0.08136300664505514,0.03010218952203104,0.26662355191503595,6,"1000,1001,1002,1003,1004,1005",67800,200,True
even-palindrome,structural_features,loss,none,38800,0.16285021649169265,0.08678080290405094,0.07402382341037082,0.33256192188440764,6,"1000,1001,1002,1003,1004,1005",67800,200,True
even-palindrome,structural_features,loss,none,39000,0.13014286749847617,0.10458501355788814,0.0050417681829503635,0.30889726244502524,6,"1000,1001,1002,1003,1004,1005",67800,200,True
even-palindrome,structural_features,loss,none,39200,0.14021603782019687,0.11785492277633265,0.004078761257128463,0.3318168223534667,6,"1000,1001,1002,1003,1004,1005",67800,200,True
even-palindrome,structural_features,loss,none,39400,0.13307126963549668,0.09579504708143771,0.00018644148229213898,0.30313314603663455,6,"1000,1001,1002,1003,1004,1005",67800,200,True
even-palindrome,structural_features,loss,none,39600,0.21714384152423283,0.15751401589469355,0.02555067066306947,0.441128071236235,6,"1000,1001,1002,1003,1004,1005",67800,200,True
even-palindrome,structural_features,loss,none,39800,0.16540372402244619,0.09312873835539366,0.07686918715555294,0.35494292503397445,6,"1000,1001,1002,1003,1004,1005",67800,200,True
even-palindrome,structural_features,loss,none,40000,0.13117525720849585,0.08097645991089725,0.05461101078224147,0.276282920137055,6,"1000,1001,1002,1003,1004,1005",67800,200,True
even-palindrome,structural_features,loss,none,40200,0.1989518620994594,0.15002601109894306,0.05107674094779213,0.418937039806915,6,"1000,1001,1002,1003,1004,1005",67800,200,True
even-palindrome,structural_features,loss,none,40400,0.13624504659416328,0.0707185908202968,0.07712721795569451,0.2763044326879026,6,"1000,1001,1002,1003,1004,1005",67800,200,True
even-palindrome,structural_features,loss,none,40600,0.09395619598857972,0.09051380212536295,0.008877068634405986,0.27739010934119507,6,"1000,1001,1002,1003,1004,1005",67800,200,True
even-palindrome,structural_features,loss,none,40800,0.11142537398262713,0.11860656523037424,0.016532752142675234,0.29576772911843363,6,"1000,1001,1002,1003,1004,1005",67800,200,True
even-palindrome,structural_features,loss,none,41000,0.14285111760117464,0.09208900239796879,0.043670992810159535,0.2735952232126692,6,"1000,1001,1002,1003,1004,1005",67800,200,True
even-palindrome,structural_features,loss,none,41200,0.1439972090585506,0.09595589180389696,0.046696302207374175,0.3098730787386012,6,"1000,1001,1002,1003,1004,1005",67800,200,True
even-palindrome,structural_features,loss,none,41400,0.14452152417996747,0.07883058155705942,0.0634147091613795,0.3047748007185146,6,"1000,1001,1002,1003,1004,1005",67800,200,True
even-palindrome,structural_features,loss,none,41600,0.09122746771433676,0.09094891192816204,0.00375174256190121,0.2693547772903912,6,"1000,1001,1002,1003,1004,1005",67800,200,True
even-palindrome,structural_features,loss,none,41800,0.11189634735268954,0.09408978892985785,0.009808057044911039,0.2692819648936529,6,"1000,1001,1002,1003,1004,1005",67800,200,True
even-palindrome,structural_features,loss,none,42000,0.15202920131766406,0.06214312898650429,0.10354641160120764,0.2868425243485399,6,"1000,1001,1002,1003,1004,1005",67800,200,True
even-palindrome,structural_features,loss,none,42200,0.1501594848810684,0.14298969227381061,0.016331991942079186,0.3984496862652304,6,"1000,1001,1002,1003,1004,1005",67800,200,True
even-palindrome,structural_features,loss,none,42400,0.10652513849262013,0.11258458156301204,0.0068629524411426245,0.3272845372589836,6,"1000,1001,1002,1003,1004,1005",67800,200,True
even-palindrome,structural_features,loss,none,42600,0.1266113866370827,0.11101883301028871,0.018922339086554416,0.3457189221887893,6,"1000,1001,1002,1003,1004,1005",67800,200,True
even-palindrome,structural_features,loss,none,42800,0.13807550275945488,0.09230098488686192,0.009860042479435265,0.2927949769674342,6,"1000,1001,1002,1003,1004,1005",67800,200,True
even-palindrome,structural_features,loss,none,43000,0.14325395638409502,0.09079062870896731,0.02958885050885783,0.27392642237788095,6,"1000,1001,1002,1003,1004,1005",67800,200,True
even-palindrome,structural_features,loss,none,43200,0.07678857666241508,0.08488721431094666,0.007455203664723058,0.25451056138272177,6,"1000,1001,1002,1003,1004,1005",67800,200,True
even-palindrome,structural_features,loss,none,43400,0.10608904516151522,0.10094743307257949,0.005635851862457457,0.26140100710221303,6,"1000,1001,1002,1003,1004,1005",67800,200,True
even-palindrome,structural_features,loss,none,43600,0.09011429115977042,0.11057757926646546,0.0001947668209169251,0.3291345620625361,6,"1000,1001,1002,1003,1004,1005",67800,200,True
even-palindrome,structural_features,loss,none,43800,0.16738880901314,0.07057724187671385,0.03408585899822242,0.26108907096600886,6,"1000,1001,1002,1003,1004,1005",67800,200,True
even-palindrome,structural_features,loss,none,44000,0.09810644459483643,0.08778225118745413,0.0014590431599155807,0.2243255358402894,6,"1000,1001,1002,1003,1004,1005",67800,200,True
even-palindrome,structural_features,loss,none,44200,0.10798067298095011,0.10495522575207995,0.02936318687881567,0.33841476645333385,6,"1000,1001,1002,1003,1004,1005",67800,200,True
even-palindrome,structural_features,loss,none,44400,0.13443011490938042,0.0866012970809935,0.04675171925367977,0.28720392260722294,6,"1000,1001,1002,1003,1004,1005",67800,200,True
even-palindrome,structural_features,loss,none,44600,0.12178044845854119,0.08154079260039078,0.00015482041450468387,0.25690138182671945,6,"1000,1001,1002,1003,1004,1005",67800,200,True
even-palindrome,structural_features,loss,none,44800,0.08806519613583426,0.062019181848773065,0.00452733772427166,0.19162578343271888,6,"1000,1001,1002,1003,1004,1005",67800,200,True
even-palindrome,structural_features,loss,none,45000,0.15539572177242153,0.1409351176605668,0.02311513772220337,0.39876755111024975,6,"1000,1001,1002,1003,1004,1005",67800,200,True
even-palindrome,structural_features,loss,none,45200,0.11956778955224166,0.0571912499743343,0.05373855465944587,0.2233976912475191,6,"1000,1001,1002,1003,1004,1005",67800,200,True
even-palindrome,structural_features,loss,none,45400,0.09073571149979949,0.07194952236988322,0.005178785579362284,0.23634720711306728,6,"1000,1001,1002,1003,1004,1005",67800,200,True
even-palindrome,structural_features,loss,none,45600,0.11792215785251192,0.10016630933577868,0.00017744907460524927,0.28081039846656497,6,"1000,1001,1002,1003,1004,1005",67800,200,True
even-palindrome,structural_features,loss,none,45800,0.08924214990249608,0.09066040978658284,0.0007890077047047583,0.2430348030753885,6,"1000,1001,1002,1003,1004,1005",67800,200,True
even-palindrome,structural_features,loss,none,46000,0.11807570354543155,0.10852104985996566,0.01858472568104105,0.3066508886943848,6,"1000,1001,1002,1003,1004,1005",67800,200,True
even-palindrome,structural_features,loss,none,46200,0.16633078941271293,0.10535379564527805,0.015547975827053051,0.3020052992189153,6,"1000,1001,1002,1003,1004,1005",67800,200,True
even-palindrome,structural_features,loss,none,46400,0.1232784114444095,0.09840039420870013,0.0020709366941082407,0.2804508724492916,6,"1000,1001,1002,1003,1004,1005",67800,200,True
even-palindrome,structural_features,loss,none,46600,0.07856653695090994,0.078391110354878,4.4096742565855606e-05,0.2431828438127559,6,"1000,1001,1002,1003,1004,1005",67800,200,True
even-palindrome,structural_features,loss,none,46800,0.10516816038934558,0.08537225304474787,0.012278765047908565,0.2547518547525709,6,"1000,1001,1002,1003,1004,1005",67800,200,True
even-palindrome,structural_features,loss,none,47000,0.07377831598671843,0.06295847793402194,0.00015564619137308,0.19383639921607027,6,"1000,1001,1002,1003,1004,1005",67800,200,True
even-palindrome,structural_features,loss,none,47200,0.05841757621577078,0.07531825149460589,3.604991471739538e-05,0.20398741466051434,6,"1000,1001,1002,1003,1004,1005",67800,200,True
even-palindrome,structural_features,loss,none,47400,0.0674838419192076,0.08168871016516267,0.001254272432105168,0.2333149642593162,6,"1000,1001,1002,1003,1004,1005",67800,200,True
even-palindrome,structural_features,loss,none,47600,0.09929041002538323,0.06439610274734259,3.517721587826372e-05,0.16629198238741083,6,"1000,1001,1002,1003,1004,1005",67800,200,True
even-palindrome,structural_features,loss,none,47800,0.09622110706253721,0.061965500973037366,0.03610970934313627,0.20120458556175436,6,"1000,1001,1002,1003,1004,1005",67800,200,True
even-palindrome,structural_features,loss,none,48000,0.08541394013158338,0.09631089054368108,0.00012305573352932697,0.2782647302042642,6,"1000,1001,1002,1003,1004,1005",67800,200,True
even-palindrome,structural_features,loss,none,48200,0.09429063548709073,0.0749118881477261,9.687629009789589e-05,0.19577834067512412,6,"1000,1001,1002,1003,1004,1005",67800,200,True
even-palindrome,structural_features,loss,none,48400,0.11687312043343856,0.06965192030923183,1.1934579736774254e-05,0.22064123155489143,6,"1000,1001,1002,1003,1004,1005",67800,200,True
even-palindrome,structural_features,loss,none,48600,0.09115088845688342,0.07706530702862789,0.03817342681945661,0.2610799106541617,6,"1000,1001,1002,1003,1004,1005",67800,200,True
even-palindrome,structural_features,loss,none,48800,0.06810192384768761,0.045285831176715495,0.009031505703651846,0.1516337854392441,6,"1000,1001,1002,1003,1004,1005",67800,200,True
even-palindrome,structural_features,loss,none,49000,0.10328267076073898,0.06733908993726839,0.0018474591749959401,0.1786798078724314,6,"1000,1001,1002,1003,1004,1005",67800,200,True
even-palindrome,structural_features,loss,none,49200,0.04607499239814781,0.0668722255784991,6.751597419054179e-05,0.18853493576878463,6,"1000,1001,1002,1003,1004,1005",67800,200,True
even-palindrome,structural_features,loss,none,49400,0.07448999923289815,0.06845325472943305,4.265350050030037e-05,0.1946488305427374,6,"1000,1001,1002,1003,1004,1005",67800,200,True
even-palindrome,structural_features,loss,none,49600,0.07777238540300817,0.08176899194952965,5.321513214018969e-05,0.21882044526897515,6,"1000,1001,1002,1003,1004,1005",67800,200,True
even-palindrome,structural_features,loss,none,49800,0.12503536634585674,0.07009504126935454,2.097915785608251e-06,0.2329833115670408,6,"1000,1001,1002,1003,1004,1005",67800,200,True
even-palindrome,structural_features,loss,none,50000,0.08254569959703935,0.06801448720931691,0.0077863160880681905,0.21459649660027025,6,"1000,1001,1002,1003,1004,1005",67800,200,True
even-palindrome,structural_features,loss,none,50200,0.13100376505709702,0.10889200002072326,0.0003170436103980023,0.2784955462508276,6,"1000,1001,1002,1003,1004,1005",67800,200,True
even-palindrome,structural_features,loss,none,50400,0.08625378005107388,0.06913495704695863,6.932235425693989e-05,0.19136161122424256,6,"1000,1001,1002,1003,1004,1005",67800,200,True
even-palindrome,structural_features,loss,none,50600,0.053452218756755286,0.04394518798713587,4.968377626639153e-05,0.13229661192721323,6,"1000,1001,1002,1003,1004,1005",67800,200,True
even-palindrome,structural_features,loss,none,50800,0.05057598732455366,0.058046499459045435,0.0005060343294530867,0.1751659000148311,6,"1000,1001,1002,1003,1004,1005",67800,200,True
even-palindrome,structural_features,loss,none,51000,0.08816204341256907,0.07622433899097271,4.704711847537624e-05,0.2014139166525866,6,"1000,1001,1002,1003,1004,1005",67800,200,True
even-palindrome,structural_features,loss,none,51200,0.10760253675149677,0.1305300789836088,2.4694806298641847e-06,0.3904215107805885,6,"1000,1001,1002,1003,1004,1005",67800,200,True
even-palindrome,structural_features,loss,none,51400,0.11478155305625741,0.08009394783104727,0.02052480002987977,0.2597031731800689,6,"1000,1001,1002,1003,1004,1005",67800,200,True
even-palindrome,structural_features,loss,none,51600,0.0667844259625945,0.08773407560814532,0.0001581486240547747,0.24783403492774597,6,"1000,1001,1002,1003,1004,1005",67800,200,True
even-palindrome,structural_features,loss,none,51800,0.08668448086925723,0.10071952600995257,0.0003548281911912454,0.2670451066737496,6,"1000,1001,1002,1003,1004,1005",67800,200,True
even-palindrome,structural_features,loss,none,52000,0.07773616037695871,0.07328488305024941,1.6302309109885726e-05,0.21168895287052691,6,"1000,1001,1002,1003,1004,1005",67800,200,True
even-palindrome,structural_features,loss,none,52200,0.0953655679182515,0.06882114220308565,8.202826343008951e-06,0.22752874764825265,6,"1000,1001,1002,1003,1004,1005",67800,200,True
even-palindrome,structural_features,loss,none,52400,0.11385082720445294,0.0877036769479159,0.012492663601113776,0.23659624991588316,6,"1000,1001,1002,1003,1004,1005",67800,200,True
even-palindrome,structural_features,loss,none,52600,0.08209899603341912,0.05836592444785809,5.189461783928095e-05,0.17079873364724335,6,"1000,1001,1002,1003,1004,1005",67800,200,True
even-palindrome,structural_features,loss,none,52800,0.06486713410885026,0.07742726343182253,1.3333059888676058e-06,0.23120299803135821,6,"1000,1001,1002,1003,1004,1005",67800,200,True
even-palindrome,structural_features,loss,none,53000,0.08118796752620563,0.08454891837511343,7.282045439342966e-05,0.24849618954785002,6,"1000,1001,1002,1003,1004,1005",67800,200,True
even-palindrome,structural_features,loss,none,53200,0.06534673355631321,0.04182036811371048,0.00036715145036282594,0.12002473586441738,6,"1000,1001,1002,1003,1004,1005",67800,200,True
even-palindrome,structural_features,loss,none,53400,0.23467011076340138,0.40716404913251597,9.161701423789026e-05,1.1199864082656033,6,"1000,1001,1002,1003,1004,1005",67800,200,True
even-palindrome,structural_features,loss,none,53600,0.17313428921826116,0.15711793485327685,0.0391268277260307,0.49962733860024466,6,"1000,1001,1002,1003,1004,1005",67800,200,True
even-palindrome,structural_features,loss,none,53800,0.09331454873523852,0.0942820814111847,5.145589208964907e-05,0.2741335048518158,6,"1000,1001,1002,1003,1004,1005",67800,200,True
even-palindrome,structural_features,loss,none,54000,0.047629783105457645,0.04212493239954762,0.006866338934769329,0.12708220785953928,6,"1000,1001,1002,1003,1004,1005",67800,200,True
even-palindrome,structural_features,loss,none,54200,0.0988096427672629,0.062212513979961276,0.0477227978185528,0.21476743729735973,6,"1000,1001,1002,1003,1004,1005",67800,200,True
even-palindrome,structural_features,loss,none,54400,0.07684963314988763,0.08897045247280352,0.004435256429528636,0.2652491395198012,6,"1000,1001,1002,1003,1004,1005",67800,200,True
even-palindrome,structural_features,loss,none,54600,0.08538427125115483,0.09211637372409427,6.721861781404215e-05,0.21912770036595475,6,"1000,1001,1002,1003,1004,1005",67800,200,True
even-palindrome,structural_features,loss,none,54800,0.13080657421115272,0.11577893578554527,0.00025381976866284184,0.3153906325479875,6,"1000,1001,1002,1003,1004,1005",67800,200,True
even-palindrome,structural_features,loss,none,55000,0.11776968058237591,0.10738197113480862,0.00033249141513749694,0.31526052851346775,6,"1000,1001,1002,1003,1004,1005",67800,200,True
even-palindrome,structural_features,loss,none,55200,0.09397031147534678,0.0986608459368623,0.0004468733690660542,0.2408608976025061,6,"1000,1001,1002,1003,1004,1005",67800,200,True
even-palindrome,structural_features,loss,none,55400,0.08848162983173041,0.09802466598880177,0.0001386948912841035,0.23329607330994803,6,"1000,1001,1002,1003,1004,1005",67800,200,True
even-palindrome,structural_features,loss,none,55600,0.12545266941335884,0.14603964607147726,5.6670160717446904e-05,0.39104714881336294,6,"1000,1001,1002,1003,1004,1005",67800,200,True
even-palindrome,structural_features,loss,none,55800,0.05284879629598682,0.06362635165694144,7.988723620826476e-06,0.18892320337455204,6,"1000,1001,1002,1003,1004,1005",67800,200,True
even-palindrome,structural_features,loss,none,56000,0.09591480872792696,0.10147282947975138,0.00012115416616016007,0.2704376356257005,6,"1000,1001,1002,1003,1004,1005",67800,200,True
even-palindrome,structural_features,loss,none,56200,0.05998900199769234,0.0559192667849612,3.3357224468044676e-05,0.15573083788389794,6,"1000,1001,1002,1003,1004,1005",67800,200,True
even-palindrome,structural_features,loss,none,56400,0.07443301280195197,0.0934864211763573,0.005470166955926814,0.2646641985834367,6,"1000,1001,1002,1003,1004,1005",67800,200,True
even-palindrome,structural_features,loss,none,56600,0.06339366045782585,0.053017703165229774,5.671864481200828e-05,0.15020418037397576,6,"1000,1001,1002,1003,1004,1005",67800,200,True
even-palindrome,structural_features,loss,none,56800,0.09890686187289344,0.08687396513537692,0.015771359507089217,0.2640343424467301,6,"1000,1001,1002,1003,1004,1005",67800,200,True
even-palindrome,structural_features,loss,none,57000,0.12084991676922426,0.11475204192537662,0.0014312952563451376,0.302034229310754,6,"1000,1001,1002,1003,1004,1005",67800,200,True
even-palindrome,structural_features,loss,none,57200,0.05591300709685217,0.0659431605430841,3.0973359220531904e-05,0.19587116325437365,6,"1000,1001,1002,1003,1004,1005",67800,200,True
even-palindrome,structural_features,loss,none,57400,0.043745873669368995,0.04718036495334835,2.573597263598515e-05,0.1298242385403637,6,"1000,1001,1002,1003,1004,1005",67800,200,True
even-palindrome,structural_features,loss,none,57600,0.06712294909248341,0.050241270259024855,0.00040956338149989336,0.13716522940921094,6,"1000,1001,1002,1003,1004,1005",67800,200,True
even-palindrome,structural_features,loss,none,57800,0.05284235321043984,0.06699121597263308,2.2241866272239007e-05,0.19061872236535238,6,"1000,1001,1002,1003,1004,1005",67800,200,True
even-palindrome,structural_features,loss,none,58000,0.034064650359671274,0.06068195938192638,3.934682039643534e-06,0.1668473114677454,6,"1000,1001,1002,1003,1004,1005",67800,200,True
even-palindrome,structural_features,loss,none,58200,0.09293947315413197,0.08196800709431182,0.00020919447129254641,0.20799838302730017,6,"1000,1001,1002,1003,1004,1005",67800,200,True
even-palindrome,structural_features,loss,none,58400,0.05888354473471306,0.07932561827233087,1.3403683297452673e-06,0.21893068227067944,6,"1000,1001,1002,1003,1004,1005",67800,200,True
even-palindrome,structural_features,loss,none,58600,0.06733580494168612,0.05393660443733435,0.016339300612056882,0.16182599665767752,6,"1000,1001,1002,1003,1004,1005",67800,200,True
even-palindrome,structural_features,loss,none,58800,0.09418122597316007,0.0519960010959187,0.03792927542275709,0.17273069001523253,6,"1000,1001,1002,1003,1004,1005",67800,200,True
even-palindrome,structural_features,loss,none,59000,0.06356579803797861,0.08599794797045153,1.4665257657298091e-06,0.22988388498184803,6,"1000,1001,1002,1003,1004,1005",67800,200,True
even-palindrome,structural_features,loss,none,59200,0.041193957097871554,0.06573799507425086,8.279757784313002e-07,0.1857464928301124,6,"1000,1001,1002,1003,1004,1005",67800,200,True
even-palindrome,structural_features,loss,none,59400,0.03133336567044707,0.06673991653652743,7.442652768292479e-06,0.18051096506472278,6,"1000,1001,1002,1003,1004,1005",67800,200,True
even-palindrome,structural_features,loss,none,59600,0.0932291862431125,0.07050079599198457,4.509409300396117e-07,0.20605144055049096,6,"1000,1001,1002,1003,1004,1005",67800,200,True
even-palindrome,structural_features,loss,none,59800,0.09251387391675225,0.08699141859100505,5.213754521893321e-07,0.27001450819407796,6,"1000,1001,1002,1003,1004,1005",67800,200,True
even-palindrome,structural_features,loss,none,60000,0.09411132809459227,0.09748851060148139,3.7785352712926823e-07,0.2435885577328645,6,"1000,1001,1002,1003,1004,1005",67800,200,True
even-palindrome,structural_features,loss,none,60200,0.1917298072570713,0.20930840879657134,0.0002461214603097117,0.6326072911877996,6,"1000,1001,1002,1003,1004,1005",67800,200,True
even-palindrome,structural_features,loss,none,60400,0.05523570970368808,0.04572584538343795,0.0003276955931476477,0.13538495184140176,6,"1000,1001,1002,1003,1004,1005",67800,200,True
even-palindrome,structural_features,loss,none,60600,0.04645775588287207,0.05877699668468379,1.677103659950774e-05,0.17181904337087645,6,"1000,1001,1002,1003,1004,1005",67800,200,True
even-palindrome,structural_features,loss,none,60800,0.15293272049099746,0.19277644372625574,7.884263597659924e-05,0.572724021383576,6,"1000,1001,1002,1003,1004,1005",67800,200,True
even-palindrome,structural_features,loss,none,61000,0.07613623974659858,0.06096789089554716,0.0111957624426487,0.15367887239076544,6,"1000,1001,1002,1003,1004,1005",67800,200,True
even-palindrome,structural_features,loss,none,61200,0.08939184707251345,0.04230321489673468,0.00038584434546265646,0.1315639240454402,6,"1000,1001,1002,1003,1004,1005",67800,200,True
even-palindrome,structural_features,loss,none,61400,0.07474763228591018,0.056241152790954714,0.01998826905724698,0.19010621498996896,6,"1000,1001,1002,1003,1004,1005",67800,200,True
even-palindrome,structural_features,loss,none,61600,0.05159873727165191,0.055515765198800714,5.936803088978371e-05,0.15641833498918742,6,"1000,1001,1002,1003,1004,1005",67800,200,True
even-palindrome,structural_features,loss,none,61800,0.08795785822438958,0.09932098978995879,2.597227808109892e-05,0.24420018536644705,6,"1000,1001,1002,1003,1004,1005",67800,200,True
even-palindrome,structural_features,loss,none,62000,0.05801317775268757,0.04942503201467852,1.1510987642130432e-05,0.14759076976076813,6,"1000,1001,1002,1003,1004,1005",67800,200,True
even-palindrome,structural_features,loss,none,62200,0.05810938269347125,0.05188154993632827,6.487274988316027e-06,0.1543725111287995,6,"1000,1001,1002,1003,1004,1005",67800,200,True
even-palindrome,structural_features,loss,none,62400,0.05915200749327356,0.08598610965726154,1.2650127792496192e-06,0.24515949435413517,6,"1000,1001,1002,1003,1004,1005",67800,200,True
even-palindrome,structural_features,loss,none,62600,0.10635932973806224,0.07573722086296499,0.031173646459422742,0.26050294677742497,6,"1000,1001,1002,1003,1004,1005",67800,200,True
even-palindrome,structural_features,loss,none,62800,0.066134746379009,0.06332594312113768,1.0076761447400107e-06,0.1624195068383426,6,"1000,1001,1002,1003,1004,1005",67800,200,True
even-palindrome,structural_features,loss,none,63000,0.06918200536382489,0.07118549585453571,6.361497011597716e-07,0.18703868087631803,6,"1000,1001,1002,1003,1004,1005",67800,200,True
even-palindrome,structural_features,loss,none,63200,0.033376326773475566,0.058489036226500334,2.936997126251617e-07,0.16267666280225968,6,"1000,1001,1002,1003,1004,1005",67800,200,True
even-palindrome,structural_features,loss,none,63400,0.10577910255514465,0.03939550437544997,0.04703308219732534,0.14927836979956954,6,"1000,1001,1002,1003,1004,1005",67800,200,True
even-palindrome,structural_features,loss,none,63600,0.1490122610519614,0.22151058000728002,0.016495516811791854,0.6369118351599254,6,"1000,1001,1002,1003,1004,1005",67800,200,True
even-palindrome,structural_features,loss,none,63800,0.04770536902077843,0.09047430636594529,1.2501238244877478e-06,0.2491249502979008,6,"1000,1001,1002,1003,1004,1005",67800,200,True
even-palindrome,structural_features,loss,none,64000,0.13473478740043224,0.14305982665308375,1.03428472539413e-06,0.4029879633112198,6,"1000,1001,1002,1003,1004,1005",67800,200,True
even-palindrome,structural_features,loss,none,64200,0.04115357713491533,0.05054827596269908,3.860553480719564e-07,0.14892350341817293,6,"1000,1001,1002,1003,1004,1005",67800,200,True
even-palindrome,structural_features,loss,none,64400,0.08897025787249095,0.08199454667914313,0.0032558918984982197,0.2010626276145827,6,"1000,1001,1002,1003,1004,1005",67800,200,True
even-palindrome,structural_features,loss,none,64600,0.09905427506199127,0.08051503842402435,2.4060993315988543e-06,0.20505468942484867,6,"1000,1001,1002,1003,1004,1005",67800,200,True
even-palindrome,structural_features,loss,none,64800,0.06660455119644872,0.08935264930383932,8.084308786046601e-07,0.25341162674442785,6,"1000,1001,1002,1003,1004,1005",67800,200,True
even-palindrome,structural_features,loss,none,65000,0.06446835617043023,0.0758270343275369,3.268317313696867e-08,0.22486944997958744,6,"1000,1001,1002,1003,1004,1005",67800,200,True
even-palindrome,structural_features,loss,none,65200,0.05213375211640452,0.09018281331448744,1.1276593771411548e-06,0.24639869885087365,6,"1000,1001,1002,1003,1004,1005",67800,200,True
even-palindrome,structural_features,loss,none,65400,0.05467500417926844,0.05862101164493995,0.0008344412724091621,0.14436730726577138,6,"1000,1001,1002,1003,1004,1005",67800,200,True
even-palindrome,structural_features,loss,none,65600,0.06678084599224916,0.07327489333820672,8.353083092629277e-06,0.19481520073633418,6,"1000,1001,1002,1003,1004,1005",67800,200,True
even-palindrome,structural_features,loss,none,65800,0.0887759047944084,0.07557331059477002,0.00010997003371957526,0.22456213437232542,6,"1000,1001,1002,1003,1004,1005",67800,200,True
even-palindrome,structural_features,loss,none,66000,0.04551224014690753,0.07906527274905671,1.5388208500242973e-07,0.2164685417671518,6,"1000,1001,1002,1003,1004,1005",67800,200,True
even-palindrome,structural_features,loss,none,66200,0.1583196657294429,0.1897239738637985,7.500359023193681e-06,0.5229304327553693,6,"1000,1001,1002,1003,1004,1005",67800,200,True
even-palindrome,structural_features,loss,none,66400,0.08458429281418828,0.054152292654399116,0.008939099891779328,0.1561594068667887,6,"1000,1001,1002,1003,1004,1005",67800,200,True
even-palindrome,structural_features,loss,none,66600,0.04068115847289875,0.057749384190540945,3.1283117900338804e-07,0.15425029808978422,6,"1000,1001,1002,1003,1004,1005",67800,200,True
even-palindrome,structural_features,loss,none,66800,0.05617966812316069,0.0593653085161018,0.005535844225514518,0.16843103845543056,6,"1000,1001,1002,1003,1004,1005",67800,200,True
even-palindrome,structural_features,loss,none,67000,0.06466497702325222,0.04523258281971048,9.01310812757572e-07,0.12184480345233624,6,"1000,1001,1002,1003,1004,1005",67800,200,True
even-palindrome,structural_features,loss,none,67200,0.06832992467353799,0.06434317789474997,6.269169423323007e-07,0.17849724382363205,6,"1000,1001,1002,1003,1004,1005",67800,200,True
even-palindrome,structural_features,loss,none,67400,0.07830566309089952,0.0782918487026262,0.001781378331724055,0.2357101126422481,6,"1000,1001,1002,1003,1004,1005",67800,200,True
even-palindrome,structural_features,loss,none,67600,0.11259917328778517,0.07718385745909119,3.04047241002553e-06,0.21946234453490804,6,"1000,1001,1002,1003,1004,1005",67800,200,True
even-palindrome,structural_features,loss,none,67800,0.027872650256467246,0.05010255783482573,6.328151792799226e-07,0.13768002709442498,6,"1000,1001,1002,1003,1004,1005",67800,200,True
even-palindrome,structural_features,loss,length,200,0.7036501228809356,0.0025010431852000594,0.6991961473226547,0.7069929514825344,6,"1000,1001,1002,1003,1004,1005",67800,200,True
even-palindrome,structural_features,loss,length,400,0.698640490670999,0.0035161782959896933,0.6945197394490242,0.7055725339055061,6,"1000,1001,1002,1003,1004,1005",67800,200,True
even-palindrome,structural_features,loss,length,600,0.6978735077505309,0.00706779531144828,0.683032831326127,0.7041246443986893,6,"1000,1001,1002,1003,1004,1005",67800,200,True
even-palindrome,structural_features,loss,length,800,0.6986522285888593,0.0021947979522283735,0.6952599135041236,0.7009277756512166,6,"1000,1001,1002,1003,1004,1005",67800,200,True
even-palindrome,structural_features,loss,length,1000,0.6984091638525327,0.01318734520113398,0.6804059794545174,0.7244681665301322,6,"1000,1001,1002,1003,1004,1005",67800,200,True
even-palindrome,structural_features,loss,length,1200,0.6954439267888666,0.00486164037556524,0.6878789249807596,0.7029124376177788,6,"1000,1001,1002,1003,1004,1005",67800,200,True
even-palindrome,structural_features,loss,length,1400,0.6991757879902919,0.006403346586193008,0.687768432945013,0.7092171530425548,6,"1000,1001,1002,1003,1004,1005",67800,200,True
even-palindrome,structural_features,loss,length,1600,0.6952407551556825,0.00380321675475918,0.6891698814928532,0.6992527911067009,6,"1000,1001,1002,1003,1004,1005",67800,200,True
even-palindrome,structural_features,loss,length,1800,0.688144257813692,0.008251808176162799,0.6742484631389379,0.6982994528114795,6,"1000,1001,1002,1003,1004,1005",67800,200,True
even-palindrome,structural_features,loss,length,2000,0.6809028373161953,0.01207114526682232,0.6638236817717552,0.6948394733667373,6,"1000,1001,1002,1003,1004,1005",67800,200,True
even-palindrome,structural_features,loss,length,2200,0.6750388589749735,0.0058262856279632305,0.6678386142849922,0.6840797676146031,6,"1000,1001,1002,1003,1004,1005",67800,200,True
even-palindrome,structural_features,loss,length,2400,0.6810762107558549,0.01517933296722612,0.6590716560184956,0.7056752862036229,6,"1000,1001,1002,1003,1004,1005",67800,200,True
even-palindrome,structural_features,loss,length,2600,0.6720819174125792,0.015238831307886745,0.6497028526663781,0.697845219373703,6,"1000,1001,1002,1003,1004,1005",67800,200,True
even-palindrome,structural_features,loss,length,2800,0.6675027873211851,0.01865917690815471,0.6429517147131264,0.6932033103704452,6,"1000,1001,1002,1003,1004,1005",67800,200,True
even-palindrome,structural_features,loss,length,3000,0.662956005797411,0.018792623796038493,0.6389688367024065,0.6845561002194881,6,"1000,1001,1002,1003,1004,1005",67800,200,True
even-palindrome,structural_features,loss,length,3200,0.6643235393582533,0.029708153468055075,0.6335709540359676,0.7175505826994777,6,"1000,1001,1002,1003,1004,1005",67800,200,True
even-palindrome,structural_features,loss,length,3400,0.6418730292019124,0.01766655396457638,0.6136923046782613,0.6622443053498864,6,"1000,1001,1002,1003,1004,1005",67800,200,True
even-palindrome,structural_features,loss,length,3600,0.6355722026402751,0.027329947349153963,0.5915286260284484,0.6676390235871077,6,"1000,1001,1002,1003,1004,1005",67800,200,True
even-palindrome,structural_features,loss,length,3800,0.6488082065759228,0.01980018653018273,0.6157955268397928,0.6789048262685538,6,"1000,1001,1002,1003,1004,1005",67800,200,True
even-palindrome,structural_features,loss,length,4000,0.6359711710340343,0.011498816450549077,0.623602672945708,0.6546395145589485,6,"1000,1001,1002,1003,1004,1005",67800,200,True
even-palindrome,structural_features,loss,length,4200,0.6291477582704587,0.020140310223011243,0.5946002117032185,0.6548695600219071,6,"1000,1001,1002,1003,1004,1005",67800,200,True
even-palindrome,structural_features,loss,length,4400,0.6276923407645275,0.012095460084308078,0.6149171662144363,0.6500877463538199,6,"1000,1001,1002,1003,1004,1005",67800,200,True
even-palindrome,structural_features,loss,length,4600,0.6153461231213684,0.01818632642826548,0.5927730387821794,0.6468833213765174,6,"1000,1001,1002,1003,1004,1005",67800,200,True
even-palindrome,structural_features,loss,length,4800,0.6235080229335774,0.017508268282367085,0.6054181514680386,0.6578620741702617,6,"1000,1001,1002,1003,1004,1005",67800,200,True
even-palindrome,structural_features,loss,length,5000,0.6216174156893975,0.015904299570582956,0.5971870066947303,0.6388466807454825,6,"1000,1001,1002,1003,1004,1005",67800,200,True
even-palindrome,structural_features,loss,length,5200,0.6374548703983115,0.0418023564909096,0.5885329368896782,0.700764453378506,6,"1000,1001,1002,1003,1004,1005",67800,200,True
even-palindrome,structural_features,loss,length,5400,0.6244389691731582,0.026377375083998553,0.6038655138900504,0.6818289904110134,6,"1000,1001,1002,1003,1004,1005",67800,200,True
even-palindrome,structural_features,loss,length,5600,0.6465026329112394,0.03706090125957442,0.5946949613653123,0.7167644818034024,6,"1000,1001,1002,1003,1004,1005",67800,200,True
even-palindrome,structural_features,loss,length,5800,0.6110218825121411,0.028914167816205164,0.5667351573146879,0.6569437204860151,6,"1000,1001,1002,1003,1004,1005",67800,200,True
even-palindrome,structural_features,loss,length,6000,0.6084591362935802,0.013617060629484373,0.5930050110584125,0.6321179080847651,6,"1000,1001,1002,1003,1004,1005",67800,200,True
even-palindrome,structural_features,loss,length,6200,0.6013156097196042,0.01801347313440922,0.5792725185723975,0.6378284888435155,6,"1000,1001,1002,1003,1004,1005",67800,200,True
even-palindrome,structural_features,loss,length,6400,0.6014632219906587,0.021784484433628435,0.5849611186166294,0.6459545659832656,6,"1000,1001,1002,1003,1004,1005",67800,200,True
even-palindrome,structural_features,loss,length,6600,0.6202589641336818,0.01749601400508607,0.6012358462717384,0.6480605234811082,6,"1000,1001,1002,1003,1004,1005",67800,200,True
even-palindrome,structural_features,loss,length,6800,0.6007368894449124,0.024002061651949097,0.5533640287071466,0.6270700452104211,6,"1000,1001,1002,1003,1004,1005",67800,200,True
even-palindrome,structural_features,loss,length,7000,0.6050987519304424,0.029350768193566256,0.5633641748037189,0.6524311790266074,6,"1000,1001,1002,1003,1004,1005",67800,200,True
even-palindrome,structural_features,loss,length,7200,0.6166857798277244,0.016848596649882305,0.5947200139984489,0.6408854987705126,6,"1000,1001,1002,1003,1004,1005",67800,200,True
even-palindrome,structural_features,loss,length,7400,0.6013893271742078,0.019291717990387525,0.569636661093682,0.6299358450016007,6,"1000,1001,1002,1003,1004,1005",67800,200,True
even-palindrome,structural_features,loss,length,7600,0.6100560141865087,0.02992070244685323,0.5625532850017771,0.6417718027019873,6,"1000,1001,1002,1003,1004,1005",67800,200,True
even-palindrome,structural_features,loss,length,7800,0.6026011932010684,0.04287216398542216,0.5597041465714574,0.690939170056954,6,"1000,1001,1002,1003,1004,1005",67800,200,True
even-palindrome,structural_features,loss,length,8000,0.578465765901686,0.027153688805255895,0.5479109358973802,0.6237104335613549,6,"1000,1001,1002,1003,1004,1005",67800,200,True
even-palindrome,structural_features,loss,length,8200,0.5924712357724395,0.027807243531447756,0.5484514163597487,0.6238804013980552,6,"1000,1001,1002,1003,1004,1005",67800,200,True
even-palindrome,structural_features,loss,length,8400,0.5840985018701758,0.031880556716380834,0.5374587101140059,0.6435361701622605,6,"1000,1001,1002,1003,1004,1005",67800,200,True
even-palindrome,structural_features,loss,length,8600,0.590923703618076,0.019158769064359947,0.5533650976151694,0.6090096964268014,6,"1000,1001,1002,1003,1004,1005",67800,200,True
even-palindrome,structural_features,loss,length,8800,0.6019621091271984,0.010800079211469488,0.5880783613899258,0.6208597658155486,6,"1000,1001,1002,1003,1004,1005",67800,200,True
even-palindrome,structural_features,loss,length,9000,0.5904679509885803,0.017431044845685282,0.5610877554211765,0.6205104238848435,6,"1000,1001,1002,1003,1004,1005",67800,200,True
even-palindrome,structural_features,loss,length,9200,0.6095281457318924,0.02227709356808468,0.5703313504252583,0.6403144129784778,6,"1000,1001,1002,1003,1004,1005",67800,200,True
even-palindrome,structural_features,loss,length,9400,0.5905900970450603,0.02772699190686365,0.5506289724633098,0.6297325036372058,6,"1000,1001,1002,1003,1004,1005",67800,200,True
even-palindrome,structural_features,loss,length,9600,0.5991022961107472,0.030877134996669452,0.5639237508189399,0.6533810875331983,6,"1000,1001,1002,1003,1004,1005",67800,200,True
even-palindrome,structural_features,loss,length,9800,0.6094576267898083,0.03480728570763625,0.5784953752753791,0.6744924812030513,6,"1000,1001,1002,1003,1004,1005",67800,200,True
even-palindrome,structural_features,loss,length,10000,0.5929945710988249,0.02149415952379332,0.5589497804502025,0.6304046127432957,6,"1000,1001,1002,1003,1004,1005",67800,200,True
even-palindrome,structural_features,loss,length,10200,0.5908675725424352,0.020914252645016413,0.5640920017147437,0.6302886759815738,6,"1000,1001,1002,1003,1004,1005",67800,200,True
even-palindrome,structural_features,loss,length,10400,0.5741953965872137,0.022901380746212605,0.5479860873462167,0.6082321610068903,6,"1000,1001,1002,1003,1004,1005",67800,200,True
even-palindrome,structural_features,loss,length,10600,0.5644161055452425,0.02179646566098946,0.5210386057465803,0.5882821126445197,6,"1000,1001,1002,1003,1004,1005",67800,200,True
even-palindrome,structural_features,loss,length,10800,0.5597206943045603,0.03574280203830599,0.5120382124354365,0.6129027761751786,6,"1000,1001,1002,1003,1004,1005",67800,200,True
even-palindrome,structural_features,loss,length,11000,0.563735540714794,0.03858225847344521,0.5204147681780159,0.6453216139995493,6,"1000,1001,1002,1003,1004,1005",67800,200,True
even-palindrome,structural_features,loss,length,11200,0.57493543566874,0.04621895860751559,0.5191285253496608,0.6541480860719457,6,"1000,1001,1002,1003,1004,1005",67800,200,True
even-palindrome,structural_features,loss,length,11400,0.53833317030066,0.035976637736615164,0.4740749619808048,0.5886685262434185,6,"1000,1001,1002,1003,1004,1005",67800,200,True
even-palindrome,structural_features,loss,length,11600,0.5775028436678501,0.03685748219105468,0.5169094747910276,0.6220012811128981,6,"1000,1001,1002,1003,1004,1005",67800,200,True
even-palindrome,structural_features,loss,length,11800,0.5516474409370372,0.015983017529858392,0.5231988208950498,0.5699113676289562,6,"1000,1001,1002,1003,1004,1005",67800,200,True
even-palindrome,structural_features,loss,length,12000,0.5456260992585642,0.025332477571770366,0.5170284097082913,0.5925001638650429,6,"1000,1001,1002,1003,1004,1005",67800,200,True
even-palindrome,structural_features,loss,length,12200,0.5754869953358623,0.04861615590528358,0.5243225868663285,0.6626592757715843,6,"1000,1001,1002,1003,1004,1005",67800,200,True
even-palindrome,structural_features,loss,length,12400,0.5808713735766166,0.037660108048956066,0.5090202105813659,0.6332764980569482,6,"1000,1001,1002,1003,1004,1005",67800,200,True
even-palindrome,structural_features,loss,length,12600,0.5515097819163929,0.029966365932931047,0.5202002891758457,0.6051035235868767,6,"1000,1001,1002,1003,1004,1005",67800,200,True
even-palindrome,structural_features,loss,length,12800,0.5690640247302751,0.0414307914638523,0.4991389682213776,0.6222688796446891,6,"1000,1001,1002,1003,1004,1005",67800,200,True
even-palindrome,structural_features,loss,length,13000,0.5434150070083948,0.0367088210045343,0.5015922687668354,0.6017084712325595,6,"1000,1001,1002,1003,1004,1005",67800,200,True
even-palindrome,structural_features,loss,length,13200,0.5482887228523031,0.01607005093321782,0.520660891373409,0.5745879632048309,6,"1000,1001,1002,1003,1004,1005",67800,200,True
even-palindrome,structural_features,loss,length,13400,0.5548251173233923,0.03091116606748469,0.5100379454810172,0.6069949784263735,6,"1000,1001,1002,1003,1004,1005",67800,200,True
even-palindrome,structural_features,loss,length,13600,0.5334894750831882,0.028981819748311346,0.48747323229908945,0.5793450586986728,6,"1000,1001,1002,1003,1004,1005",67800,200,True
even-palindrome,structural_features,loss,length,13800,0.5506121314943205,0.01343827198948134,0.5336633252725005,0.5719632397475652,6,"1000,1001,1002,1003,1004,1005",67800,200,True
even-palindrome,structural_features,loss,length,14000,0.5386930734112685,0.027287085143583162,0.5013805454724934,0.5749456323919003,6,"1000,1001,1002,1003,1004,1005",67800,200,True
even-palindrome,structural_features,loss,length,14200,0.5864341113591217,0.05622642730577032,0.520023249683436,0.6587197135668248,6,"1000,1001,1002,1003,1004,1005",67800,200,True
even-palindrome,structural_features,loss,length,14400,0.5470714217809534,0.03870691776384336,0.49237558170454576,0.6072845880617388,6,"1000,1001,1002,1003,1004,1005",67800,200,True
even-palindrome,structural_features,loss,length,14600,0.5475310440445416,0.0217066341328869,0.5150668017845601,0.5761930867328192,6,"1000,1001,1002,1003,1004,1005",67800,200,True
even-palindrome,structural_features,loss,length,14800,0.5208134595362935,0.027702628032092003,0.4827341040060855,0.5569808628270403,6,"1000,1001,1002,1003,1004,1005",67800,200,True
even-palindrome,structural_features,loss,length,15000,0.5484253918694352,0.04138324401839732,0.4823976222649799,0.5945805345318513,6,"1000,1001,1002,1003,1004,1005",67800,200,True
even-palindrome,structural_features,loss,length,15200,0.5303443275876877,0.028284537412775503,0.5038312024157494,0.5881190662900917,6,"1000,1001,1002,1003,1004,1005",67800,200,True
even-palindrome,structural_features,loss,length,15400,0.5688749823931721,0.06983028336163848,0.485099682174623,0.6631139714381424,6,"1000,1001,1002,1003,1004,1005",67800,200,True
even-palindrome,structural_features,loss,length,15600,0.5369873604058132,0.021627771147206324,0.5009697260567918,0.573277556890389,6,"1000,1001,1002,1003,1004,1005",67800,200,True
even-palindrome,structural_features,loss,length,15800,0.5172068608406214,0.03276541276325449,0.47007552959315946,0.5503257782399306,6,"1000,1001,1002,1003,1004,1005",67800,200,True
even-palindrome,structural_features,loss,length,16000,0.5783525642820556,0.033234885881786434,0.5206304247700609,0.6243471557856537,6,"1000,1001,1002,1003,1004,1005",67800,200,True
even-palindrome,structural_features,loss,length,16200,0.5135350110469153,0.01890837982655526,0.48805432723893316,0.5392899160191882,6,"1000,1001,1002,1003,1004,1005",67800,200,True
even-palindrome,structural_features,loss,length,16400,0.508969987272867,0.026078005954682192,0.4861833245132584,0.5606850898836274,6,"1000,1001,1002,1003,1004,1005",67800,200,True
even-palindrome,structural_features,loss,length,16600,0.5032971734407571,0.01576272594959032,0.48490540399157905,0.5260153640437056,6,"1000,1001,1002,1003,1004,1005",67800,200,True
even-palindrome,structural_features,loss,length,16800,0.5176751134353496,0.04722311826796413,0.4348417807230726,0.5689085108047585,6,"1000,1001,1002,1003,1004,1005",67800,200,True
even-palindrome,structural_features,loss,length,17000,0.509636044484311,0.02480211788035055,0.4664844470506068,0.5365291798533872,6,"1000,1001,1002,1003,1004,1005",67800,200,True
even-palindrome,structural_features,loss,length,17200,0.5430562057088051,0.05228075264369411,0.5002599349920638,0.6328866771631874,6,"1000,1001,1002,1003,1004,1005",67800,200,True
even-palindrome,structural_features,loss,length,17400,0.5270362240521353,0.05298415330632365,0.4703440058801789,0.6336584065470379,6,"1000,1001,1002,1003,1004,1005",67800,200,True
even-palindrome,structural_features,loss,length,17600,0.5041850843423162,0.01598138003827806,0.4761638605449116,0.5206201924494235,6,"1000,1001,1002,1003,1004,1005",67800,200,True
even-palindrome,structural_features,loss,length,17800,0.4918429908189379,0.06299529648962598,0.3957968600967433,0.5705087354592979,6,"1000,1001,1002,1003,1004,1005",67800,200,True
even-palindrome,structural_features,loss,length,18000,0.5201423510738338,0.0642847234179898,0.43063753880327565,0.5956286942813313,6,"1000,1001,1002,1003,1004,1005",67800,200,True
even-palindrome,structural_features,loss,length,18200,0.5266301929220693,0.04757285024667288,0.4584885393211152,0.5706255912434426,6,"1000,1001,1002,1003,1004,1005",67800,200,True
even-palindrome,structural_features,loss,length,18400,0.5455163494833202,0.0427996874677232,0.4725412754557328,0.6039067504717969,6,"1000,1001,1002,1003,1004,1005",67800,200,True
even-palindrome,structural_features,loss,length,18600,0.5455881022499913,0.03782207597499017,0.49312523087952287,0.5972753753175494,6,"1000,1001,1002,1003,1004,1005",67800,200,True
even-palindrome,structural_features,loss,length,18800,0.5276484921662874,0.046871472320932896,0.4539109295781236,0.5987496265250957,6,"1000,1001,1002,1003,1004,1005",67800,200,True
even-palindrome,structural_features,loss,length,19000,0.4925764763762223,0.054361936805113587,0.4166939301311504,0.5472364018880762,6,"1000,1001,1002,1003,1004,1005",67800,200,True
even-palindrome,structural_features,loss,length,19200,0.5008558543078107,0.03807835004321957,0.42914806290064006,0.5445799395692302,6,"1000,1001,1002,1003,1004,1005",67800,200,True
even-palindrome,structural_features,loss,length,19400,0.4923240547001478,0.038342202611284855,0.44122325259028,0.5560882260027574,6,"1000,1001,1002,1003,1004,1005",67800,200,True
even-palindrome,structural_features,loss,length,19600,0.4878555835827622,0.05340360761205233,0.411058362913318,0.5837781623005867,6,"1000,1001,1002,1003,1004,1005",67800,200,True
even-palindrome,structural_features,loss,length,19800,0.5132419301650225,0.03201995874402919,0.4742168069400941,0.5551888040310586,6,"1000,1001,1002,1003,1004,1005",67800,200,True
even-palindrome,structural_features,loss,length,20000,0.46077064321463695,0.02374638448595304,0.4355500047869282,0.49317952336277815,6,"1000,1001,1002,1003,1004,1005",67800,200,True
even-palindrome,structural_features,loss,length,20200,0.4895865117540719,0.04729652303719149,0.42912130003998755,0.5648897115484579,6,"1000,1001,1002,1003,1004,1005",67800,200,True
even-palindrome,structural_features,loss,length,20400,0.45085850320458115,0.023219472908545005,0.4164194417942781,0.4890778837696416,6,"1000,1001,1002,1003,1004,1005",67800,200,True
even-palindrome,structural_features,loss,length,20600,0.4739065540164787,0.03906996124480823,0.42329843425774016,0.5278709025814896,6,"1000,1001,1002,1003,1004,1005",67800,200,True
even-palindrome,structural_features,loss,length,20800,0.4762815942559973,0.054712090793284096,0.38361757419508646,0.5462322064070031,6,"1000,1001,1002,1003,1004,1005",67800,200,True
even-palindrome,structural_features,loss,length,21000,0.4607352715895589,0.03791743139311954,0.4121151145891054,0.5197142585879192,6,"1000,1001,1002,1003,1004,1005",67800,200,True
even-palindrome,structural_features,loss,length,21200,0.46398287016030126,0.06084238095241063,0.36325043884222397,0.5446879340719897,6,"1000,1001,1002,1003,1004,1005",67800,200,True
even-palindrome,structural_features,loss,length,21400,0.45728287580490967,0.03543765259421878,0.3994895235094009,0.4936680876940954,6,"1000,1001,1002,1003,1004,1005",67800,200,True
even-palindrome,structural_features,loss,length,21600,0.4295964712436883,0.023004193359592414,0.4064177319777082,0.46838253342168173,6,"1000,1001,1002,1003,1004,1005",67800,200,True
even-palindrome,structural_features,loss,length,21800,0.4724334314997638,0.0649600218998029,0.3788098046001687,0.5639064959221287,6,"1000,1001,1002,1003,1004,1005",67800,200,True
even-palindrome,structural_features,loss,length,22000,0.4698040597956666,0.059895846530176426,0.4070783037817455,0.5929714495444205,6,"1000,1001,1002,1003,1004,1005",67800,200,True
even-palindrome,structural_features,loss,length,22200,0.4585710650385833,0.08554417017524536,0.3410096316342242,0.5500769533689891,6,"1000,1001,1002,1003,1004,1005",67800,200,True
even-palindrome,structural_features,loss,length,22400,0.48796888565557306,0.0915634712886949,0.3613217523205094,0.635226633278653,6,"1000,1001,1002,1003,1004,1005",67800,200,True
even-palindrome,structural_features,loss,length,22600,0.4746462689259594,0.08191296849996851,0.4003901351001696,0.6397083304822445,6,"1000,1001,1002,1003,1004,1005",67800,200,True
even-palindrome,structural_features,loss,length,22800,0.5085381831547421,0.09311898769753829,0.30503986095587604,0.5752521799411625,6,"1000,1001,1002,1003,1004,1005",67800,200,True
even-palindrome,structural_features,loss,length,23000,0.4824293690460036,0.059759892577061074,0.43367135156498987,0.6061938401381485,6,"1000,1001,1002,1003,1004,1005",67800,200,True
even-palindrome,structural_features,loss,length,23200,0.48629683582813105,0.07215858318106401,0.35463513450231404,0.5806650652107783,6,"1000,1001,1002,1003,1004,1005",67800,200,True
even-palindrome,structural_features,loss,length,23400,0.44739492835428485,0.08660007686600897,0.3002573608938837,0.5406268716754857,6,"1000,1001,1002,1003,1004,1005",67800,200,True
even-palindrome,structural_features,loss,length,23600,0.47522762756760734,0.04617315953570531,0.41938231065956644,0.5557599354613921,6,"1000,1001,1002,1003,1004,1005",67800,200,True
even-palindrome,structural_features,loss,length,23800,0.4447628226752083,0.0925293396469643,0.2723604181763949,0.5591409973436384,6,"1000,1001,1002,1003,1004,1005",67800,200,True
even-palindrome,structural_features,loss,length,24000,0.4138326302125401,0.09657608347482921,0.25981711303291377,0.5179189849435352,6,"1000,1001,1002,1003,1004,1005",67800,200,True
even-palindrome,structural_features,loss,length,24200,0.44269739292867594,0.04922559204696297,0.34356325420900247,0.5025049717200454,6,"1000,1001,1002,1003,1004,1005",67800,200,True
even-palindrome,structural_features,loss,length,24400,0.407635628774539,0.050363610855669816,0.33916397697234063,0.4722308923417586,6,"1000,1001,1002,1003,1004,1005",67800,200,True
even-palindrome,structural_features,loss,length,24600,0.4340564363205825,0.06809990039674191,0.2940591652947478,0.5004674110861379,6,"1000,1001,1002,1003,1004,1005",67800,200,True
even-palindrome,structural_features,loss,length,24800,0.4236297637689616,0.07991691916012973,0.31291060573232243,0.5467057057935745,6,"1000,1001,1002,1003,1004,1005",67800,200,True
even-palindrome,structural_features,loss,length,25000,0.43209890653630284,0.09490202637259985,0.261979582484928,0.5779878465284856,6,"1000,1001,1002,1003,1004,1005",67800,200,True
even-palindrome,structural_features,loss,length,25200,0.38415469651317835,0.10719368804369278,0.15817599206973681,0.48862635700323154,6,"1000,1001,1002,1003,1004,1005",67800,200,True
even-palindrome,structural_features,loss,length,25400,0.42151587614239056,0.10630923215300297,0.21263171780316042,0.556962763252377,6,"1000,1001,1002,1003,1004,1005",67800,200,True
even-palindrome,structural_features,loss,length,25600,0.43210104567248586,0.04979371331263541,0.34920172052690757,0.4831342664391559,6,"1000,1001,1002,1003,1004,1005",67800,200,True
even-palindrome,structural_features,loss,length,25800,0.38042965755340746,0.08104106395137471,0.21916296245122793,0.4699557437351177,6,"1000,1001,1002,1003,1004,1005",67800,200,True
even-palindrome,structural_features,loss,length,26000,0.4398247631026304,0.09541726979551103,0.27101711995812366,0.5518334013780987,6,"1000,1001,1002,1003,1004,1005",67800,200,True
even-palindrome,structural_features,loss,length,26200,0.3891563897531281,0.08679348551592654,0.26168537389326957,0.5228997041168623,6,"1000,1001,1002,1003,1004,1005",67800,200,True
even-palindrome,structural_features,loss,length,26400,0.39900912340139866,0.10302793274876491,0.22028391373474732,0.5033110945212684,6,"1000,1001,1002,1003,1004,1005",67800,200,True
even-palindrome,structural_features,loss,length,26600,0.3633579056852674,0.07168750143255423,0.216692009800463,0.4377737741826786,6,"1000,1001,1002,1003,1004,1005",67800,200,True
even-palindrome,structural_features,loss,length,26800,0.4626147037157899,0.14045730714892457,0.16948362152965274,0.6043018122247668,6,"1000,1001,1002,1003,1004,1005",67800,200,True
even-palindrome,structural_features,loss,length,27000,0.4225892021687226,0.10678701325065125,0.22675676920509433,0.5569074598794396,6,"1000,1001,1002,1003,1004,1005",67800,200,True
even-palindrome,structural_features,loss,length,27200,0.4411060779702833,0.07986606753441348,0.34363769276711537,0.5958700734763989,6,"1000,1001,1002,1003,1004,1005",67800,200,True
even-palindrome,structural_features,loss,length,27400,0.41040973879745857,0.15155585420481174,0.16068644081417005,0.6742000308335991,6,"1000,1001,1002,1003,1004,1005",67800,200,True
even-palindrome,structural_features,loss,length,27600,0.3770681122620469,0.12498337382927557,0.11723137110238895,0.49491427644970826,6,"1000,1001,1002,1003,1004,1005",67800,200,True
even-palindrome,structural_features,loss,length,27800,0.36614187549435884,0.08881054594694175,0.19402358441700926,0.45126247190739377,6,"1000,1001,1002,1003,1004,1005",67800,200,True
even-palindrome,structural_features,loss,length,28000,0.3661537157396803,0.08360159820652555,0.1975695713177265,0.4351647374392996,6,"1000,1001,1002,1003,1004,1005",67800,200,True
even-palindrome,structural_features,loss,length,28200,0.373615771386006,0.12887026208826544,0.09553306456713472,0.4705268216285913,6,"1000,1001,1002,1003,1004,1005",67800,200,True
even-palindrome,structural_features,loss,length,28400,0.36496882023187327,0.13598670697654616,0.1072285662361537,0.5133830042767659,6,"1000,1001,1002,1003,1004,1005",67800,200,True
even-palindrome,structural_features,loss,length,28600,0.363441981762935,0.08730177562766682,0.20844665606040508,0.4807907587103546,6,"1000,1001,1002,1003,1004,1005",67800,200,True
even-palindrome,structural_features,loss,length,28800,0.32555929675947787,0.14224435040816916,0.04579790235839028,0.4776600221544504,6,"1000,1001,1002,1003,1004,1005",67800,200,True
even-palindrome,structural_features,loss,length,29000,0.3493447083746772,0.08143533212560365,0.17395700071763712,0.4104634564310254,6,"1000,1001,1002,1003,1004,1005",67800,200,True
even-palindrome,structural_features,loss,length,29200,0.2955434033927183,0.0969283306742011,0.08880876207877009,0.38461233530382744,6,"1000,1001,1002,1003,1004,1005",67800,200,True
even-palindrome,structural_features,loss,length,29400,0.32459028271664764,0.0712843825209312,0.2202977987396298,0.4282847193507769,6,"1000,1001,1002,1003,1004,1005",67800,200,True
even-palindrome,structural_features,loss,length,29600,0.3267351242027508,0.08934515511510416,0.17844936311681522,0.43410959632718005,6,"1000,1001,1002,1003,1004,1005",67800,200,True
even-palindrome,structural_features,loss,length,29800,0.3086829373047446,0.12478441015078373,0.0838520561682526,0.4793393688136712,6,"1000,1001,1002,1003,1004,1005",67800,200,True
even-palindrome,structural_features,loss,length,30000,0.31376838354773406,0.11250539029295417,0.13247076157669654,0.470953608042546,6,"1000,1001,1002,1003,1004,1005",67800,200,True
even-palindrome,structural_features,loss,length,30200,0.34080512981912764,0.11305072698124859,0.14156150676528342,0.5210515438666334,6,"1000,1001,1002,1003,1004,1005",67800,200,True
even-palindrome,structural_features,loss,length,30400,0.3891143064001638,0.18148156761716971,0.03065407149697421,0.6411255963913572,6,"1000,1001,1002,1003,1004,1005",67800,200,True
even-palindrome,structural_features,loss,length,30600,0.3716301858714178,0.09659613663960291,0.18959869518905179,0.47543148874712643,6,"1000,1001,1002,1003,1004,1005",67800,200,True
even-palindrome,structural_features,loss,length,30800,0.36322447845414896,0.1272605501049257,0.15606356465890714,0.48995964682209886,6,"1000,1001,1002,1003,1004,1005",67800,200,True
even-palindrome,structural_features,loss,length,31000,0.3855536338264634,0.1412848827695227,0.10609600644744205,0.5658923963605048,6,"1000,1001,1002,1003,1004,1005",67800,200,True
even-palindrome,structural_features,loss,length,31200,0.3860868071765556,0.13352677622746448,0.1484625017316648,0.5329401195030369,6,"1000,1001,1002,1003,1004,1005",67800,200,True
even-palindrome,structural_features,loss,length,31400,0.3351345034601521,0.10614673400856214,0.13331813189732203,0.45200851449146284,6,"1000,1001,1002,1003,1004,1005",67800,200,True
even-palindrome,structural_features,loss,length,31600,0.3609269848234666,0.12654245254444027,0.0981971894508024,0.5003960346597524,6,"1000,1001,1002,1003,1004,1005",67800,200,True
even-palindrome,structural_features,loss,length,31800,0.3503665674817542,0.14047894578368816,0.08087053134942834,0.5028799833540688,6,"1000,1001,1002,1003,1004,1005",67800,200,True
even-palindrome,structural_features,loss,length,32000,0.33274569509810437,0.10756481668269059,0.10830153235292528,0.41362680295918836,6,"1000,1001,1002,1003,1004,1005",67800,200,True
even-palindrome,structural_features,loss,length,32200,0.320755551779724,0.09936608786994726,0.1264720785616737,0.4162951846694341,6,"1000,1001,1002,1003,1004,1005",67800,200,True
even-palindrome,structural_features,loss,length,32400,0.33375075454952213,0.12995622584887923,0.07280260860010458,0.49908830141532234,6,"1000,1001,1002,1003,1004,1005",67800,200,True
even-palindrome,structural_features,loss,length,32600,0.33799046638393215,0.10578798191566541,0.15512644437123527,0.4977217263697821,6,"1000,1001,1002,1003,1004,1005",67800,200,True
even-palindrome,structural_features,loss,length,32800,0.2993194030687694,0.10628039141413886,0.07864840359943628,0.4059132913083886,6,"1000,1001,1002,1003,1004,1005",67800,200,True
even-palindrome,structural_features,loss,length,33000,0.29286115236528837,0.11356594020258491,0.057203808818758264,0.38999067897519124,6,"1000,1001,1002,1003,1004,1005",67800,200,True
even-palindrome,structural_features,loss,length,33200,0.2698781050051548,0.1241896270588885,0.019045943451728817,0.40174781003734095,6,"1000,1001,1002,1003,1004,1005",67800,200,True
even-palindrome,structural_features,loss,length,33400,0.2894896738614125,0.12296629804506468,0.022045726754904536,0.39727729709316917,6,"1000,1001,1002,1003,1004,1005",67800,200,True
even-palindrome,structural_features,loss,length,33600,0.31370274355896605,0.11798132104788425,0.11967465862051994,0.4989313402683729,6,"1000,1001,1002,1003,1004,1005",67800,200,True
even-palindrome,structural_features,loss,length,33800,0.27111365573629653,0.11728425199500993,0.021371268508150933,0.3668509261982672,6,"1000,1001,1002,1003,1004,1005",67800,200,True
even-palindrome,structural_features,loss,length,34000,0.29728407040555643,0.0848167626958298,0.17079126784560686,0.39696527578928,6,"1000,1001,1002,1003,1004,1005",67800,200,True
even-palindrome,structural_features,loss,length,34200,0.2876005396567924,0.1172518589517848,0.03294231944651529,0.3936630067249462,6,"1000,1001,1002,1003,1004,1005",67800,200,True
even-palindrome,structural_features,loss,length,34400,0.29678563561516363,0.11304680234191158,0.05729491461815996,0.3894908296556241,6,"1000,1001,1002,1003,1004,1005",67800,200,True
even-palindrome,structural_features,loss,length,34600,0.3543117919104452,0.11287689126013445,0.14860452347875253,0.5291999891937302,6,"1000,1001,1002,1003,1004,1005",67800,200,True
even-palindrome,structural_features,loss,length,34800,0.2861829816508786,0.13987747473662393,0.006094770735126076,0.4369048096483493,6,"1000,1001,1002,1003,1004,1005",67800,200,True
even-palindrome,structural_features,loss,length,35000,0.30947469066910804,0.09146177698578571,0.14147641139131337,0.44962569224269827,6,"1000,1001,1002,1003,1004,1005",67800,200,True
even-palindrome,structural_features,loss,length,35200,0.25762796194618204,0.10813734231527193,0.03911411334069271,0.364834749676229,6,"1000,1001,1002,1003,1004,1005",67800,200,True
even-palindrome,structural_features,loss,length,35400,0.2314113390382757,0.0918303544417953,0.04688575916546142,0.3303983074750795,6,"1000,1001,1002,1003,1004,1005",67800,200,True
even-palindrome,structural_features,loss,length,35600,0.27351141851881006,0.06319849158917039,0.17732852013708908,0.3314424656848132,6,"1000,1001,1002,1003,1004,1005",67800,200,True
even-palindrome,structural_features,loss,length,35800,0.2814932222449431,0.1261598324741667,0.11537668688395569,0.5235430580252433,6,"1000,1001,1002,1003,1004,1005",67800,200,True
even-palindrome,structural_features,loss,length,36000,0.24267202724493167,0.09465052478302771,0.05750156576916197,0.3461827413874562,6,"1000,1001,1002,1003,1004,1005",67800,200,True
even-palindrome,structural_features,loss,length,36200,0.2691600325128388,0.11404691923629233,0.028766420883544017,0.3764288702557678,6,"1000,1001,1002,1003,1004,1005",67800,200,True
even-palindrome,structural_features,loss,length,36400,0.24592786463564456,0.10853291418890772,0.035261925292434174,0.36675753744260875,6,"1000,1001,1002,1003,1004,1005",67800,200,True
even-palindrome,structural_features,loss,length,36600,0.27739116972928973,0.08818563439752412,0.1144458558334918,0.3830137591514358,6,"1000,1001,1002,1003,1004,1005",67800,200,True
even-palindrome,structural_features,loss,length,36800,0.23551813304848715,0.09591164268913749,0.049265582548177915,0.3473545171992555,6,"1000,1001,1002,1003,1004,1005",67800,200,True
even-palindrome,structural_features,loss,length,37000,0.24434978005527833,0.09355683010552328,0.07866234619383249,0.35685657329886455,6,"1000,1001,1002,1003,1004,1005",67800,200,True
even-palindrome,structural_features,loss,length,37200,0.25633272143462743,0.09511576212584484,0.07750327010846376,0.36710369527427245,6,"1000,1001,1002,1003,1004,1005",67800,200,True
even-palindrome,structural_features,loss,length,37400,0.18955396751557071,0.08099586199596034,0.02967983459438983,0.28229187309771075,6,"1000,1001,1002,1003,1004,1005",67800,200,True
even-palindrome,structural_features,loss,length,37600,0.232167981227026,0.13174738106362674,0.0594641747622245,0.4541788354515313,6,"1000,1001,1002,1003,1004,1005",67800,200,True
even-palindrome,structural_features,loss,length,37800,0.28018268493450255,0.11477215407522076,0.13505254321055873,0.4437721648299339,6,"1000,1001,1002,1003,1004,1005",67800,200,True
even-palindrome,structural_features,loss,length,38000,0.2554117344212477,0.09016745057174114,0.09834841197653986,0.36595948521993704,6,"1000,1001,1002,1003,1004,1005",67800,200,True
even-palindrome,structural_features,loss,length,38200,0.20886008063526126,0.10083702668850889,0.013207632085046725,0.3246020079604932,6,"1000,1001,1002,1003,1004,1005",67800,200,True
even-palindrome,structural_features,loss,length,38400,0.21430630648817897,0.09670941516041273,0.060408768616289306,0.35798580010741715,6,"1000,1001,1002,1003,1004,1005",67800,200,True
even-palindrome,structural_features,loss,length,38600,0.20099980606786327,0.09435861745012146,0.06031101974856938,0.31261091486572695,6,"1000,1001,1002,1003,1004,1005",67800,200,True
even-palindrome,structural_features,loss,length,38800,0.23310014609907018,0.1274439861999394,0.027785483338313953,0.3537769782824398,6,"1000,1001,1002,1003,1004,1005",67800,200,True
even-palindrome,structural_features,loss,length,39000,0.19315531840834524,0.09376658812462733,0.03354805483723567,0.2832643070041377,6,"1000,1001,1002,1003,1004,1005",67800,200,True
even-palindrome,structural_features,loss,length,39200,0.21716248912773894,0.08780499962610298,0.03004858429243427,0.3073776870754955,6,"1000,1001,1002,1003,1004,1005",67800,200,True
even-palindrome,structural_features,loss,length,39400,0.1969738740222804,0.10545150247311999,0.03677882120484242,0.33204585205940473,6,"1000,1001,1002,1003,1004,1005",67800,200,True
even-palindrome,structural_features,loss,length,39600,0.21150448263398736,0.08202643161856611,0.04833379625850029,0.3085657831882418,6,"1000,1001,1002,1003,1004,1005",67800,200,True
even-palindrome,structural_features,loss,length,39800,0.19810795138260362,0.09490700044759058,0.07063775634697862,0.36323525141400753,6,"1000,1001,1002,1003,1004,1005",67800,200,True
even-palindrome,structural_features,loss,length,40000,0.19201521751065542,0.046096074567503136,0.14542960001657831,0.25057802327777606,6,"1000,1001,1002,1003,1004,1005",67800,200,True
even-palindrome,structural_features,loss,length,40200,0.20393588030649124,0.0922423856579964,0.06485763557109749,0.3241103419361753,6,"1000,1001,1002,1003,1004,1005",67800,200,True
even-palindrome,structural_features,loss,length,40400,0.21632033435926434,0.13047858996410341,0.02478417081126281,0.45280141927779366,6,"1000,1001,1002,1003,1004,1005",67800,200,True
even-palindrome,structural_features,loss,length,40600,0.1682666139304653,0.07558957703305794,0.05803965891616827,0.25187633236570034,6,"1000,1001,1002,1003,1004,1005",67800,200,True
even-palindrome,structural_features,loss,length,40800,0.17548090747639247,0.07439307493921737,0.06584764725789,0.26385877077382247,6,"1000,1001,1002,1003,1004,1005",67800,200,True
even-palindrome,structural_features,loss,length,41000,0.2614562337663872,0.2441977668259578,0.0011978719896126222,0.7759713398139002,6,"1000,1001,1002,1003,1004,1005",67800,200,True
even-palindrome,structural_features,loss,length,41200,0.24059561767780346,0.1627267447761949,0.022500842148729133,0.5092881608251628,6,"1000,1001,1002,1003,1004,1005",67800,200,True
even-palindrome,structural_features,loss,length,41400,0.16910654208666206,0.09206006326968659,0.03964542137517924,0.29550794411144127,6,"1000,1001,1002,1003,1004,1005",67800,200,True
even-palindrome,structural_features,loss,length,41600,0.14700520956448893,0.10121704383242801,0.0002708532832906485,0.2936344418243971,6,"1000,1001,1002,1003,1004,1005",67800,200,True
even-palindrome,structural_features,loss,length,41800,0.18255651946475382,0.11104281242397805,0.029404121623570062,0.39185360745326764,6,"1000,1001,1002,1003,1004,1005",67800,200,True
even-palindrome,structural_features,loss,length,42000,0.14646999324594182,0.0728620701332411,0.04234001610929354,0.2438286684006016,6,"1000,1001,1002,1003,1004,1005",67800,200,True
even-palindrome,structural_features,loss,length,42200,0.17693638878171605,0.04952152023989596,0.09778330493707471,0.24274533740099286,6,"1000,1001,1002,1003,1004,1005",67800,200,True
even-palindrome,structural_features,loss,length,42400,0.15008798626264117,0.08539458864372501,0.010671714722676456,0.25553856076381637,6,"1000,1001,1002,1003,1004,1005",67800,200,True
even-palindrome,structural_features,loss,length,42600,0.1454044396455688,0.10369670315250804,0.01861286965115056,0.2850638780436293,6,"1000,1001,1002,1003,1004,1005",67800,200,True
even-palindrome,structural_features,loss,length,42800,0.17442452693333968,0.10583862260397918,0.0076570701791119685,0.3515936152507129,6,"1000,1001,1002,1003,1004,1005",67800,200,True
even-palindrome,structural_features,loss,length,43000,0.14929600559231362,0.08319365270209503,8.792775255400898e-05,0.24600166289371372,6,"1000,1001,1002,1003,1004,1005",67800,200,True
even-palindrome,structural_features,loss,length,43200,0.1989128804944594,0.15738240316814392,0.05522914151905514,0.5218335119859694,6,"1000,1001,1002,1003,1004,1005",67800,200,True
even-palindrome,structural_features,loss,length,43400,0.1702764844070835,0.06875884873802847,0.07960972696444514,0.27057310318416056,6,"1000,1001,1002,1003,1004,1005",67800,200,True
even-palindrome,structural_features,loss,length,43600,0.15287045020929457,0.0912357316498016,0.039702565708503244,0.2562173641570371,6,"1000,1001,1002,1003,1004,1005",67800,200,True
even-palindrome,structural_features,loss,length,43800,0.17369309900889054,0.0886654240871106,0.055436638907940504,0.294400179375225,6,"1000,1001,1002,1003,1004,1005",67800,200,True
even-palindrome,structural_features,loss,length,44000,0.15614924151412876,0.08460712433690476,0.05721682008508651,0.2941994897323093,6,"1000,1001,1002,1003,1004,1005",67800,200,True
even-palindrome,structural_features,loss,length,44200,0.17423527244074133,0.0977420340059695,0.05010536976094812,0.34452624652069747,6,"1000,1001,1002,1003,1004,1005",67800,200,True
even-palindrome,structural_features,loss,length,44400,0.13336925955507287,0.07113358180745566,0.05901918330233457,0.2399971310391402,6,"1000,1001,1002,1003,1004,1005",67800,200,True
even-palindrome,structural_features,loss,length,44600,0.16190557591646051,0.0895059391947104,0.019656041814614014,0.26304190142054723,6,"1000,1001,1002,1003,1004,1005",67800,200,True
even-palindrome,structural_features,loss,length,44800,0.16229971062285925,0.1646934409633226,0.0378876482674832,0.5179024171753553,6,"1000,1001,1002,1003,1004,1005",67800,200,True
even-palindrome,structural_features,loss,length,45000,0.15958067090410274,0.12515731824433915,0.0001673459545162359,0.3946635121232248,6,"1000,1001,1002,1003,1004,1005",67800,200,True
even-palindrome,structural_features,loss,length,45200,0.14017794546443482,0.11149020630940355,0.022352266790194336,0.31874460027582247,6,"1000,1001,1002,1003,1004,1005",67800,200,True
even-palindrome,structural_features,loss,length,45400,0.1277654512776353,0.09152807712162456,0.0002586261358264608,0.2647512402182565,6,"1000,1001,1002,1003,1004,1005",67800,200,True
even-palindrome,structural_features,loss,length,45600,0.121912945449548,0.0970531021459346,0.0007757196086913609,0.25159853487668443,6,"1000,1001,1002,1003,1004,1005",67800,200,True
even-palindrome,structural_features,loss,length,45800,0.1095718209324047,0.07750041998260948,0.013262868932633865,0.22928777230473316,6,"1000,1001,1002,1003,1004,1005",67800,200,True
even-palindrome,structural_features,loss,length,46000,0.13512648802834354,0.06257512289725345,0.03665974505358463,0.20791187497823557,6,"1000,1001,1002,1003,1004,1005",67800,200,True
even-palindrome,structural_features,loss,length,46200,0.15521533878957658,0.09276492186192964,0.07194573297490478,0.3421626746491711,6,"1000,1001,1002,1003,1004,1005",67800,200,True
even-palindrome,structural_features,loss,length,46400,0.12026715117655395,0.0807639520874478,0.0414232830834527,0.24079469311815957,6,"1000,1001,1002,1003,1004,1005",67800,200,True
even-palindrome,structural_features,loss,length,46600,0.15464074470532263,0.13174824977648852,0.020787923086281808,0.41511791548233307,6,"1000,1001,1002,1003,1004,1005",67800,200,True
even-palindrome,structural_features,loss,length,46800,0.19339445619290108,0.14863053483316285,0.004296629645550638,0.4745036222476301,6,"1000,1001,1002,1003,1004,1005",67800,200,True
even-palindrome,structural_features,loss,length,47000,0.12580250983906283,0.08594220343259458,0.006921087490463833,0.2712362176259194,6,"1000,1001,1002,1003,1004,1005",67800,200,True
even-palindrome,structural_features,loss,length,47200,0.11643441002226435,0.08253752214339681,0.008886846104240079,0.23413736969708224,6,"1000,1001,1002,1003,1004,1005",67800,200,True
even-palindrome,structural_features,loss,length,47400,0.09515030246261945,0.05243265791635753,0.017971564852877576,0.15708711922056864,6,"1000,1001,1002,1003,1004,1005",67800,200,True
even-palindrome,structural_features,loss,length,47600,0.10151758564311592,0.06641087107379981,0.0052555263055558046,0.19776768054366584,6,"1000,1001,1002,1003,1004,1005",67800,200,True
even-palindrome,structural_features,loss,length,47800,0.08001916830843583,0.07165073673458087,0.0015999971348617237,0.21001353529464722,6,"1000,1001,1002,1003,1004,1005",67800,200,True
even-palindrome,structural_features,loss,length,48000,0.11328699642079844,0.04480381338302201,0.03967774463573164,0.168736625759866,6,"1000,1001,1002,1003,1004,1005",67800,200,True
even-palindrome,structural_features,loss,length,48200,0.09466718467328043,0.06755166296138206,0.0001559714023073866,0.18682057409161643,6,"1000,1001,1002,1003,1004,1005",67800,200,True
even-palindrome,structural_features,loss,length,48400,0.14442097169999302,0.04342185338634282,0.0805937326526356,0.19604510922951704,6,"1000,1001,1002,1003,1004,1005",67800,200,True
even-palindrome,structural_features,loss,length,48600,0.11221515918652064,0.07496798207802184,0.006088369672608565,0.2118360963859277,6,"1000,1001,1002,1003,1004,1005",67800,200,True
even-palindrome,structural_features,loss,length,48800,0.12136313999694974,0.06151547050852906,0.00010135549478299311,0.19958623775371734,6,"1000,1001,1002,1003,1004,1005",67800,200,True
even-palindrome,structural_features,loss,length,49000,0.08461740058467215,0.04456353089264498,0.026934997789348145,0.15718017139568474,6,"1000,1001,1002,1003,1004,1005",67800,200,True
even-palindrome,structural_features,loss,length,49200,0.1671411985480282,0.11032910732791282,0.0501146254714763,0.38101429037109485,6,"1000,1001,1002,1003,1004,1005",67800,200,True
even-palindrome,structural_features,loss,length,49400,0.13413510486145136,0.08640012712847926,0.054454202257693395,0.28269970622308394,6,"1000,1001,1002,1003,1004,1005",67800,200,True
even-palindrome,structural_features,loss,length,49600,0.15350041925170277,0.06786991786974568,0.047157874164213354,0.27324724742387957,6,"1000,1001,1002,1003,1004,1005",67800,200,True
even-palindrome,structural_features,loss,length,49800,0.10946326483039152,0.09512254225156108,0.00461581129544129,0.24196402762308936,6,"1000,1001,1002,1003,1004,1005",67800,200,True
even-palindrome,structural_features,loss,length,50000,0.1281222368960018,0.07813785104794421,0.0410296700798699,0.21518859327884912,6,"1000,1001,1002,1003,1004,1005",67800,200,True
even-palindrome,structural_features,loss,length,50200,0.10927325306245701,0.09113940678060814,0.026416133750122982,0.24253271684328864,6,"1000,1001,1002,1003,1004,1005",67800,200,True
even-palindrome,structural_features,loss,length,50400,0.08539809503088723,0.050621257048960235,0.002466728549579429,0.15667312523538385,6,"1000,1001,1002,1003,1004,1005",67800,200,True
even-palindrome,structural_features,loss,length,50600,0.12955933361711783,0.07626362768669369,0.039010446551993996,0.22803099401622376,6,"1000,1001,1002,1003,1004,1005",67800,200,True
even-palindrome,structural_features,loss,length,50800,0.09789195394379642,0.0811569684357252,2.78787015813009e-05,0.21084136344034504,6,"1000,1001,1002,1003,1004,1005",67800,200,True
even-palindrome,structural_features,loss,length,51000,0.0705610325963437,0.07026359900474986,4.805112191732519e-06,0.15569581661838355,6,"1000,1001,1002,1003,1004,1005",67800,200,True
even-palindrome,structural_features,loss,length,51200,0.09752822847108363,0.09742164749137935,0.0012521292808751062,0.2794103104330679,6,"1000,1001,1002,1003,1004,1005",67800,200,True
even-palindrome,structural_features,loss,length,51400,0.07749029171125608,0.07187169381897199,0.017629441238365188,0.2025124259230961,6,"1000,1001,1002,1003,1004,1005",67800,200,True
even-palindrome,structural_features,loss,length,51600,0.1349277354657439,0.07905269261375794,0.035625501586953,0.2506370912004093,6,"1000,1001,1002,1003,1004,1005",67800,200,True
even-palindrome,structural_features,loss,length,51800,0.10325909038224294,0.08846324772873655,0.032259864998931104,0.2609093543314566,6,"1000,1001,1002,1003,1004,1005",67800,200,True
even-palindrome,structural_features,loss,length,52000,0.11975517120189261,0.08806783567126776,0.00830452906625851,0.2735046801903417,6,"1000,1001,1002,1003,1004,1005",67800,200,True
even-palindrome,structural_features,loss,length,52200,0.11187378645381378,0.07389855094803195,0.003361644409031328,0.21327016931222376,6,"1000,1001,1002,1003,1004,1005",67800,200,True
even-palindrome,structural_features,loss,length,52400,0.08381332261497458,0.07136276264755104,0.00011828575239917427,0.19397414790736775,6,"1000,1001,1002,1003,1004,1005",67800,200,True
even-palindrome,structural_features,loss,length,52600,0.1225666232433177,0.04588734809603048,0.06410426666186958,0.19843399844910437,6,"1000,1001,1002,1003,1004,1005",67800,200,True
even-palindrome,structural_features,loss,length,52800,0.10636776658685931,0.0777435907642609,0.00020233058325113296,0.1844298378653275,6,"1000,1001,1002,1003,1004,1005",67800,200,True
even-palindrome,structural_features,loss,length,53000,0.07182389668901033,0.05161705177930619,0.003266744416918073,0.15570728542662038,6,"1000,1001,1002,1003,1004,1005",67800,200,True
even-palindrome,structural_features,loss,length,53200,0.11046650694960064,0.06035464939704621,2.016496894641673e-05,0.2065046918756434,6,"1000,1001,1002,1003,1004,1005",67800,200,True
even-palindrome,structural_features,loss,length,53400,0.10687109393013093,0.0606676293619894,0.04189535523041741,0.23232021187576493,6,"1000,1001,1002,1003,1004,1005",67800,200,True
even-palindrome,structural_features,loss,length,53600,0.1156368256665421,0.10029070295128431,0.00844501153739202,0.2495140820214533,6,"1000,1001,1002,1003,1004,1005",67800,200,True
even-palindrome,structural_features,loss,length,53800,0.08680185162609723,0.09576809901664544,0.0002924364395698831,0.2954373253754787,6,"1000,1001,1002,1003,1004,1005",67800,200,True
even-palindrome,structural_features,loss,length,54000,0.09164201053314953,0.055600907071438596,8.269655922630292e-06,0.14864928204190675,6,"1000,1001,1002,1003,1004,1005",67800,200,True
even-palindrome,structural_features,loss,length,54200,0.09852300061619636,0.060686464856959,0.02442489879383921,0.2156358585209671,6,"1000,1001,1002,1003,1004,1005",67800,200,True
even-palindrome,structural_features,loss,length,54400,0.09871048920640742,0.07371907592000616,0.004890104359790292,0.198893239668364,6,"1000,1001,1002,1003,1004,1005",67800,200,True
even-palindrome,structural_features,loss,length,54600,0.1442700264584211,0.09074743817368175,0.0022390164812469493,0.3011426005298453,6,"1000,1001,1002,1003,1004,1005",67800,200,True
even-palindrome,structural_features,loss,length,54800,0.0892684304186514,0.07059594407243801,0.019805675172869998,0.22546374835671487,6,"1000,1001,1002,1003,1004,1005",67800,200,True
even-palindrome,structural_features,loss,length,55000,0.08593930769904741,0.06757729249035528,0.00019920819543301605,0.17951221228132228,6,"1000,1001,1002,1003,1004,1005",67800,200,True
even-palindrome,structural_features,loss,length,55200,0.09156031439138661,0.06545997416739815,0.0030722401767405926,0.16968064457298,6,"1000,1001,1002,1003,1004,1005",67800,200,True
even-palindrome,structural_features,loss,length,55400,0.07546771866079637,0.08565120616539083,0.00022899592677519287,0.24890916631746735,6,"1000,1001,1002,1003,1004,1005",67800,200,True
even-palindrome,structural_features,loss,length,55600,0.0907713821672218,0.04539680658982028,0.05234548142852162,0.18768748649145892,6,"1000,1001,1002,1003,1004,1005",67800,200,True
even-palindrome,structural_features,loss,length,55800,0.11061424439807303,0.08082098797465148,0.040090663730013805,0.24779535600712477,6,"1000,1001,1002,1003,1004,1005",67800,200,True
even-palindrome,structural_features,loss,length,56000,0.09542444438304774,0.0594532466256935,0.0011033456524961593,0.15026014871204324,6,"1000,1001,1002,1003,1004,1005",67800,200,True
even-palindrome,structural_features,loss,length,56200,0.08893232921954715,0.07544684351381156,0.003041018046443895,0.22069635746679522,6,"1000,1001,1002,1003,1004,1005",67800,200,True
even-palindrome,structural_features,loss,length,56400,0.07743645169396161,0.06960537550705866,0.0009740410688658585,0.21061107771249227,6,"1000,1001,1002,1003,1004,1005",67800,200,True
even-palindrome,structural_features,loss,length,56600,0.10135135382415739,0.07483983295245504,4.919589308940431e-05,0.18309729540436137,6,"1000,1001,1002,1003,1004,1005",67800,200,True
even-palindrome,structural_features,loss,length,56800,0.10978682867808214,0.06259504787799978,0.03004408546266589,0.18941658034927628,6,"1000,1001,1002,1003,1004,1005",67800,200,True
even-palindrome,structural_features,loss,length,57000,0.06916047067975423,0.05588170929871385,0.0001347169973511342,0.13980780684928049,6,"1000,1001,1002,1003,1004,1005",67800,200,True
even-palindrome,structural_features,loss,length,57200,0.0625690637773235,0.06206357193947116,0.0001243872661928691,0.15503434565384397,6,"1000,1001,1002,1003,1004,1005",67800,200,True
even-palindrome,structural_features,loss,length,57400,0.0767581679903513,0.06848145629098767,0.00023516552235925304,0.1631104382186288,6,"1000,1001,1002,1003,1004,1005",67800,200,True
even-palindrome,structural_features,loss,length,57600,0.15202934933889814,0.09456355463784462,0.02457166551525461,0.30866786353948517,6,"1000,1001,1002,1003,1004,1005",67800,200,True
even-palindrome,structural_features,loss,length,57800,0.12284572988341941,0.058548134539370314,0.06809294070025317,0.24445172223105602,6,"1000,1001,1002,1003,1004,1005",67800,200,True
even-palindrome,structural_features,loss,length,58000,0.07244172716091771,0.05078856572070107,0.014874359835423193,0.15163887463943182,6,"1000,1001,1002,1003,1004,1005",67800,200,True
even-palindrome,structural_features,loss,length,58200,0.11116118874415337,0.08326990828366378,0.0005039311918052114,0.27920469047840035,6,"1000,1001,1002,1003,1004,1005",67800,200,True
even-palindrome,structural_features,loss,length,58400,0.10862569730036171,0.08755806811523728,9.133996810703593e-05,0.21110940889959692,6,"1000,1001,1002,1003,1004,1005",67800,200,True
even-palindrome,structural_features,loss,length,58600,0.0893123480718027,0.0454247529889903,0.037528825375899154,0.17160360357805984,6,"1000,1001,1002,1003,1004,1005",67800,200,True
even-palindrome,structural_features,loss,length,58800,0.09365104455542284,0.07072448791980598,0.0001625409017501056,0.17197514694689608,6,"1000,1001,1002,1003,1004,1005",67800,200,True
even-palindrome,structural_features,loss,length,59000,0.10230738916217898,0.08629040617929727,4.792264267153179e-05,0.22877932547653473,6,"1000,1001,1002,1003,1004,1005",67800,200,True
even-palindrome,structural_features,loss,length,59200,0.08635225278196201,0.08587909362228019,0.01052849899884091,0.26165334461986733,6,"1000,1001,1002,1003,1004,1005",67800,200,True
even-palindrome,structural_features,loss,length,59400,0.07441822545898748,0.06644050705003444,1.140620751520771e-05,0.21321500999571072,6,"1000,1001,1002,1003,1004,1005",67800,200,True
even-palindrome,structural_features,loss,length,59600,0.08725061508339599,0.06789182801898652,5.830927969663336e-06,0.18688734540164503,6,"1000,1001,1002,1003,1004,1005",67800,200,True
even-palindrome,structural_features,loss,length,59800,0.07651450919348544,0.06570633635656004,6.167400330253092e-06,0.1911712054452164,6,"1000,1001,1002,1003,1004,1005",67800,200,True
even-palindrome,structural_features,loss,length,60000,0.08437120945427139,0.05988577968968361,3.985400832164032e-05,0.16817235078567136,6,"1000,1001,1002,1003,1004,1005",67800,200,True
even-palindrome,structural_features,loss,length,60200,0.09120564170181329,0.07037724168034228,0.006386452861257368,0.20806988842104487,6,"1000,1001,1002,1003,1004,1005",67800,200,True
even-palindrome,structural_features,loss,length,60400,0.11195360330176189,0.10976405992101994,2.1432856776043562e-06,0.28524949966416474,6,"1000,1001,1002,1003,1004,1005",67800,200,True
even-palindrome,structural_features,loss,length,60600,0.06496667997720255,0.07467543650262462,0.0001009502661526085,0.21123014113415592,6,"1000,1001,1002,1003,1004,1005",67800,200,True
even-palindrome,structural_features,loss,length,60800,0.049349137223833606,0.056447796969005946,1.7570158033493043e-05,0.14556014792569386,6,"1000,1001,1002,1003,1004,1005",67800,200,True
even-palindrome,structural_features,loss,length,61000,0.11255091144799752,0.08617939919058953,0.0023781089441128112,0.25789224368119196,6,"1000,1001,1002,1003,1004,1005",67800,200,True
even-palindrome,structural_features,loss,length,61200,0.06044522633818774,0.05141429209244883,0.00107241015861387,0.1239612331123874,6,"1000,1001,1002,1003,1004,1005",67800,200,True
even-palindrome,structural_features,loss,length,61400,0.08281349717699167,0.0971278686825569,2.509669386506208e-06,0.2641834191761609,6,"1000,1001,1002,1003,1004,1005",67800,200,True
even-palindrome,structural_features,loss,length,61600,0.09183913687881724,0.08216100293834636,2.6752679554565838e-05,0.21395448914124862,6,"1000,1001,1002,1003,1004,1005",67800,200,True
even-palindrome,structural_features,loss,length,61800,0.1163250410960308,0.06850810826117655,0.0006505949170203707,0.19823150218545152,6,"1000,1001,1002,1003,1004,1005",67800,200,True
even-palindrome,structural_features,loss,length,62000,0.13482058710219713,0.06778737711379315,0.027178887514530885,0.24681201013593726,6,"1000,1001,1002,1003,1004,1005",67800,200,True
even-palindrome,structural_features,loss,length,62200,0.07178211763789223,0.07320204601542364,7.35365269729249e-05,0.2163620988431319,6,"1000,1001,1002,1003,1004,1005",67800,200,True
even-palindrome,structural_features,loss,length,62400,0.10591296587708902,0.06968093897235357,0.007162055116227763,0.1943000563619421,6,"1000,1001,1002,1003,1004,1005",67800,200,True
even-palindrome,structural_features,loss,length,62600,0.0875522076028818,0.05885392463549847,0.0009987067899940704,0.18044317205043398,6,"1000,1001,1002,1003,1004,1005",67800,200,True
even-palindrome,structural_features,loss,length,62800,0.0643205374931806,0.06091773191231489,6.879364482603734e-06,0.18775228271737887,6,"1000,1001,1002,1003,1004,1005",67800,200,True
even-palindrome,structural_features,loss,length,63000,0.11839127685309016,0.07994812376520975,2.116409800294594e-06,0.24012560351058937,6,"1000,1001,1002,1003,1004,1005",67800,200,True
even-palindrome,structural_features,loss,length,63200,0.07248213778044173,0.06290897550069963,1.706515536337161e-07,0.1555459327561016,6,"1000,1001,1002,1003,1004,1005",67800,200,True
even-palindrome,structural_features,loss,length,63400,0.0895592965466309,0.058156630607511625,0.030451682853525303,0.20035053224248173,6,"1000,1001,1002,1003,1004,1005",67800,200,True
even-palindrome,structural_features,loss,length,63600,0.07964160286512108,0.05017682108224803,1.4174439404657236e-07,0.16780339760914897,6,"1000,1001,1002,1003,1004,1005",67800,200,True
even-palindrome,structural_features,loss,length,63800,0.07345480324701086,0.0914059645899659,5.64019949694794e-08,0.2696733423862491,6,"1000,1001,1002,1003,1004,1005",67800,200,True
even-palindrome,structural_features,loss,length,64000,0.08831884146501427,0.049164395316063834,0.00864316752597192,0.16058861500506907,6,"1000,1001,1002,1003,1004,1005",67800,200,True
even-palindrome,structural_features,loss,length,64200,0.04890232749711082,0.05209340321836401,3.4404649642979374e-06,0.14781181312611721,6,"1000,1001,1002,1003,1004,1005",67800,200,True
even-palindrome,structural_features,loss,length,64400,0.08282770462060819,0.10538632464324524,8.697897466556498e-07,0.27525388197834333,6,"1000,1001,1002,1003,1004,1005",67800,200,True
even-palindrome,structural_features,loss,length,64600,0.1632346880751833,0.1782140529972782,0.0013682247553697558,0.5000004701009151,6,"1000,1001,1002,1003,1004,1005",67800,200,True
even-palindrome,structural_features,loss,length,64800,0.10727145509368485,0.12095410673481265,0.0005799496527049542,0.34705184693839786,6,"1000,1001,1002,1003,1004,1005",67800,200,True
even-palindrome,structural_features,loss,length,65000,0.04707257201581564,0.0659848082262269,1.3383229666151346e-06,0.16466992386815035,6,"1000,1001,1002,1003,1004,1005",67800,200,True
even-palindrome,structural_features,loss,length,65200,0.054873878880602356,0.050845452343492,1.3071760569059037e-07,0.1443953358518229,6,"1000,1001,1002,1003,1004,1005",67800,200,True
even-palindrome,structural_features,loss,length,65400,0.08234974469704702,0.04480476219507362,0.015059743131236071,0.15385834591212957,6,"1000,1001,1002,1003,1004,1005",67800,200,True
even-palindrome,structural_features,loss,length,65600,0.09196591684875317,0.08251321678193256,3.0307196024075696e-06,0.2245680382599494,6,"1000,1001,1002,1003,1004,1005",67800,200,True
even-palindrome,structural_features,loss,length,65800,0.04150821202423105,0.05492209795620864,2.7782575543569555e-06,0.13674451622374137,6,"1000,1001,1002,1003,1004,1005",67800,200,True
even-palindrome,structural_features,loss,length,66000,0.06641472831359398,0.042823555944329544,0.008191296336804866,0.13303495012417443,6,"1000,1001,1002,1003,1004,1005",67800,200,True
even-palindrome,structural_features,loss,length,66200,0.05865293747117695,0.04290524339101933,0.00011404120944525254,0.09842134414500833,6,"1000,1001,1002,1003,1004,1005",67800,200,True
even-palindrome,structural_features,loss,length,66400,0.058393347225789725,0.05925255449066556,1.969339530021319e-06,0.1759644663999302,6,"1000,1001,1002,1003,1004,1005",67800,200,True
even-palindrome,structural_features,loss,length,66600,0.07388344467300036,0.060779967023820484,0.0021937346090075494,0.17267306246131284,6,"1000,1001,1002,1003,1004,1005",67800,200,True
even-palindrome,structural_features,loss,length,66800,0.07239410380544954,0.05368668681684472,0.0021368499253727564,0.15109964493136407,6,"1000,1001,1002,1003,1004,1005",67800,200,True
even-palindrome,structural_features,loss,length,67000,0.15593766345895205,0.18660135548518558,0.00011629558232457704,0.5452965012162325,6,"1000,1001,1002,1003,1004,1005",67800,200,True
even-palindrome,structural_features,loss,length,67200,0.05949275636566185,0.08298092282964485,2.6265836918962226e-07,0.23455165135683728,6,"1000,1001,1002,1003,1004,1005",67800,200,True
even-palindrome,structural_features,loss,length,67400,0.07806876669347411,0.06814684259104206,0.00023379356927648586,0.21792973802707366,6,"1000,1001,1002,1003,1004,1005",67800,200,True
even-palindrome,structural_features,loss,length,67600,0.0827307853137486,0.05594157216411429,0.03033161597757314,0.20342986517002373,6,"1000,1001,1002,1003,1004,1005",67800,200,True
even-palindrome,structural_features,loss,length,67800,0.06970710960878666,0.07152961479281689,1.3992654468688442e-07,0.16968646941630364,6,"1000,1001,1002,1003,1004,1005",67800,200,True
even-palindrome,structural_features,loss,position,200,0.7036426459252834,0.002475954790131589,0.6988449278473854,0.706832947731018,6,"1000,1001,1002,1003,1004,1005",67800,200,True
even-palindrome,structural_features,loss,position,400,0.6981973631183306,0.004045822359710543,0.6923359566926957,0.7056815055012703,6,"1000,1001,1002,1003,1004,1005",67800,200,True
even-palindrome,structural_features,loss,position,600,0.6981954869255423,0.0043522426621615574,0.6899292203783989,0.7030830313265324,6,"1000,1001,1002,1003,1004,1005",67800,200,True
even-palindrome,structural_features,loss,position,800,0.7003522079189618,0.00462680068990313,0.6940140756964683,0.7089709429442883,6,"1000,1001,1002,1003,1004,1005",67800,200,True
even-palindrome,structural_features,loss,position,1000,0.6957858513047297,0.007641585539514304,0.6832467962801456,0.7021939930319786,6,"1000,1001,1002,1003,1004,1005",67800,200,True
even-palindrome,structural_features,loss,position,1200,0.6928133792305986,0.005206515160699187,0.6836017265170813,0.6986189340054989,6,"1000,1001,1002,1003,1004,1005",67800,200,True
even-palindrome,structural_features,loss,position,1400,0.6952802115057904,0.007624630409903103,0.6871599289774895,0.7050882883369922,6,"1000,1001,1002,1003,1004,1005",67800,200,True
even-palindrome,structural_features,loss,position,1600,0.6890171324585874,0.009494425185758982,0.6734092675149441,0.700903556495905,6,"1000,1001,1002,1003,1004,1005",67800,200,True
even-palindrome,structural_features,loss,position,1800,0.6845117466586331,0.009904070562458822,0.6644646821916104,0.6967536535859108,6,"1000,1001,1002,1003,1004,1005",67800,200,True
even-palindrome,structural_features,loss,position,2000,0.6873941398660341,0.01535427200678908,0.6640434523671865,0.7112230906635523,6,"1000,1001,1002,1003,1004,1005",67800,200,True
even-palindrome,structural_features,loss,position,2200,0.6729744566635539,0.01984023348879139,0.6375771657377481,0.6973202593810857,6,"1000,1001,1002,1003,1004,1005",67800,200,True
even-palindrome,structural_features,loss,position,2400,0.6717319910251535,0.021145316371535182,0.6512479684501886,0.7123479098081589,6,"1000,1001,1002,1003,1004,1005",67800,200,True
even-palindrome,structural_features,loss,position,2600,0.6711818438551078,0.009810897102510773,0.6585332049056888,0.6870445843040943,6,"1000,1001,1002,1003,1004,1005",67800,200,True
even-palindrome,structural_features,loss,position,2800,0.6532600490221133,0.011662627701550769,0.636566084511578,0.6706125995516777,6,"1000,1001,1002,1003,1004,1005",67800,200,True
even-palindrome,structural_features,loss,position,3000,0.6475291616935283,0.02401920912909185,0.6227916445210576,0.6933886544406413,6,"1000,1001,1002,1003,1004,1005",67800,200,True
even-palindrome,structural_features,loss,position,3200,0.6260066290261844,0.02142997911826586,0.5911405904963613,0.6515349002555013,6,"1000,1001,1002,1003,1004,1005",67800,200,True
even-palindrome,structural_features,loss,position,3400,0.6398287145335538,0.021509420246496148,0.6123276762664318,0.6823542325757443,6,"1000,1001,1002,1003,1004,1005",67800,200,True
even-palindrome,structural_features,loss,position,3600,0.6478948838869109,0.028068742285752603,0.6036391979176551,0.6948338454589248,6,"1000,1001,1002,1003,1004,1005",67800,200,True
even-palindrome,structural_features,loss,position,3800,0.6496550016213829,0.018976004082224624,0.6247999631240964,0.6720760441012681,6,"1000,1001,1002,1003,1004,1005",67800,200,True
even-palindrome,structural_features,loss,position,4000,0.6302168812090531,0.011206863018903957,0.6174991300702095,0.644555762913078,6,"1000,1001,1002,1003,1004,1005",67800,200,True
even-palindrome,structural_features,loss,position,4200,0.6335208851696613,0.0326901437419492,0.5674891901249066,0.6697347313724458,6,"1000,1001,1002,1003,1004,1005",67800,200,True
even-palindrome,structural_features,loss,position,4400,0.6269395964600456,0.021602236070174165,0.5932603540690615,0.665252444203943,6,"1000,1001,1002,1003,1004,1005",67800,200,True
even-palindrome,structural_features,loss,position,4600,0.6185620921617374,0.03919042710594718,0.5521175212459639,0.6758359327539801,6,"1000,1001,1002,1003,1004,1005",67800,200,True
even-palindrome,structural_features,loss,position,4800,0.6096568472601939,0.024484055053982053,0.5689504226180725,0.6373223459720612,6,"1000,1001,1002,1003,1004,1005",67800,200,True
even-palindrome,structural_features,loss,position,5000,0.636392007866719,0.04610658543486556,0.5788952078064904,0.7075044964440167,6,"1000,1001,1002,1003,1004,1005",67800,200,True
even-palindrome,structural_features,loss,position,5200,0.6396390825331522,0.06510622541166176,0.5357992701325566,0.7216739611816593,6,"1000,1001,1002,1003,1004,1005",67800,200,True
even-palindrome,structural_features,loss,position,5400,0.6301179833159161,0.01659976860895189,0.6059694259800017,0.6573213636875153,6,"1000,1001,1002,1003,1004,1005",67800,200,True
even-palindrome,structural_features,loss,position,5600,0.6108506847925794,0.03313047458069194,0.5499615027429536,0.650492619536817,6,"1000,1001,1002,1003,1004,1005",67800,200,True
even-palindrome,structural_features,loss,position,5800,0.5958180011302465,0.03908889859468035,0.5284105294756591,0.6421772187016904,6,"1000,1001,1002,1003,1004,1005",67800,200,True
even-palindrome,structural_features,loss,position,6000,0.6009229662114134,0.014779481478363487,0.5782791695580818,0.6186751487851143,6,"1000,1001,1002,1003,1004,1005",67800,200,True
even-palindrome,structural_features,loss,position,6200,0.589965276674484,0.027283613219582555,0.5561081570165698,0.6367368909576908,6,"1000,1001,1002,1003,1004,1005",67800,200,True
even-palindrome,structural_features,loss,position,6400,0.6012719891660768,0.03706525543753725,0.5450911735265982,0.6672049676068127,6,"1000,1001,1002,1003,1004,1005",67800,200,True
even-palindrome,structural_features,loss,position,6600,0.6003131703749145,0.018392404713862893,0.5759884916106239,0.6296140989731066,6,"1000,1001,1002,1003,1004,1005",67800,200,True
even-palindrome,structural_features,loss,position,6800,0.5977280223064978,0.02026930730899526,0.5664360406948253,0.6313685910135973,6,"1000,1001,1002,1003,1004,1005",67800,200,True
even-palindrome,structural_features,loss,position,7000,0.5838228856395774,0.02776179838298498,0.5331171519891359,0.6173243358591571,6,"1000,1001,1002,1003,1004,1005",67800,200,True
even-palindrome,structural_features,loss,position,7200,0.6028321114832459,0.027833736321857098,0.5736967653990723,0.6448714864719659,6,"1000,1001,1002,1003,1004,1005",67800,200,True
even-palindrome,structural_features,loss,position,7400,0.6075037579352891,0.036523763453798215,0.5328820418310352,0.651513790213503,6,"1000,1001,1002,1003,1004,1005",67800,200,True
even-palindrome,structural_features,loss,position,7600,0.585747657304552,0.021021051395948648,0.5433255468378775,0.6101877139392309,6,"1000,1001,1002,1003,1004,1005",67800,200,True
even-palindrome,structural_features,loss,position,7800,0.5631391788493298,0.04510044949354806,0.48057675411575473,0.6198885755380615,6,"1000,1001,1002,1003,1004,1005",67800,200,True
even-palindrome,structural_features,loss,position,8000,0.5587712500511163,0.02590009355179967,0.5325496879511047,0.6034122914052569,6,"1000,1001,1002,1003,1004,1005",67800,200,True
even-palindrome,structural_features,loss,position,8200,0.5802240215619289,0.031064366981842242,0.5328860486153281,0.6203032132075168,6,"1000,1001,1002,1003,1004,1005",67800,200,True
even-palindrome,structural_features,loss,position,8400,0.5678998566312172,0.03584814206327407,0.5087678659998346,0.6239421984436921,6,"1000,1001,1002,1003,1004,1005",67800,200,True
even-palindrome,structural_features,loss,position,8600,0.5621319903305266,0.03540528172779476,0.5063070995069574,0.6184478223719634,6,"1000,1001,1002,1003,1004,1005",67800,200,True
even-palindrome,structural_features,loss,position,8800,0.6050835322248168,0.08263444903472227,0.48265842949796933,0.7260912146244664,6,"1000,1001,1002,1003,1004,1005",67800,200,True
even-palindrome,structural_features,loss,position,9000,0.5472944024822209,0.05123840990828041,0.45787481288309206,0.6058783863740973,6,"1000,1001,1002,1003,1004,1005",67800,200,True
even-palindrome,structural_features,loss,position,9200,0.5741244615696875,0.04455729829329156,0.4857991765701445,0.6329577032406815,6,"1000,1001,1002,1003,1004,1005",67800,200,True
even-palindrome,structural_features,loss,position,9400,0.5767178810377663,0.03834223307803502,0.5011850081136799,0.6270692090329248,6,"1000,1001,1002,1003,1004,1005",67800,200,True
even-palindrome,structural_features,loss,position,9600,0.5707129836672781,0.024073586505340666,0.5296848432163824,0.6068171669146978,6,"1000,1001,1002,1003,1004,1005",67800,200,True
even-palindrome,structural_features,loss,position,9800,0.5774002326925984,0.02598882987011448,0.5397451205784455,0.6135058668069542,6,"1000,1001,1002,1003,1004,1005",67800,200,True
even-palindrome,structural_features,loss,position,10000,0.5535075813659448,0.025286355059883744,0.527750341159408,0.5953741533099673,6,"1000,1001,1002,1003,1004,1005",67800,200,True
even-palindrome,structural_features,loss,position,10200,0.55592560784753,0.05853121109873307,0.4441205402927881,0.6174055704521015,6,"1000,1001,1002,1003,1004,1005",67800,200,True
even-palindrome,structural_features,loss,position,10400,0.5399927648802502,0.019900127486122212,0.5108406253135763,0.5664678166329395,6,"1000,1001,1002,1003,1004,1005",67800,200,True
even-palindrome,structural_features,loss,position,10600,0.5520127975157326,0.037928979459198514,0.4805304110262659,0.5916182578564622,6,"1000,1001,1002,1003,1004,1005",67800,200,True
even-palindrome,structural_features,loss,position,10800,0.5314782052861604,0.02746636357600191,0.4788089595281053,0.5703911049221643,6,"1000,1001,1002,1003,1004,1005",67800,200,True
even-palindrome,structural_features,loss,position,11000,0.5569176178272998,0.034743847554351066,0.49158059541819965,0.6093427109083859,6,"1000,1001,1002,1003,1004,1005",67800,200,True
even-palindrome,structural_features,loss,position,11200,0.545910845941277,0.03975061903462273,0.4724724233917368,0.598795135829132,6,"1000,1001,1002,1003,1004,1005",67800,200,True
even-palindrome,structural_features,loss,position,11400,0.5481169037382885,0.04619994248745016,0.5011638040847902,0.640350011055416,6,"1000,1001,1002,1003,1004,1005",67800,200,True
even-palindrome,structural_features,loss,position,11600,0.5374896280604783,0.04090080436288482,0.4553523181754281,0.5785058443190064,6,"1000,1001,1002,1003,1004,1005",67800,200,True
even-palindrome,structural_features,loss,position,11800,0.5227424609420268,0.052424190037666185,0.4210941953891597,0.596524037916679,6,"1000,1001,1002,1003,1004,1005",67800,200,True
even-palindrome,structural_features,loss,position,12000,0.5239856063871654,0.0727040515560512,0.3770493510157394,0.5983013987762388,6,"1000,1001,1002,1003,1004,1005",67800,200,True
even-palindrome,structural_features,loss,position,12200,0.5100040812798883,0.038419294015236125,0.44774409270219623,0.5533160478289938,6,"1000,1001,1002,1003,1004,1005",67800,200,True
even-palindrome,structural_features,loss,position,12400,0.5176079730738273,0.06711459158036273,0.40210219597574903,0.6087646217318252,6,"1000,1001,1002,1003,1004,1005",67800,200,True
even-palindrome,structural_features,loss,position,12600,0.5698921564294143,0.07337027812902777,0.4241664108840632,0.6474086645804346,6,"1000,1001,1002,1003,1004,1005",67800,200,True
even-palindrome,structural_features,loss,position,12800,0.5555815910153129,0.06324846954582775,0.46749217829550616,0.6649977593676886,6,"1000,1001,1002,1003,1004,1005",67800,200,True
even-palindrome,structural_features,loss,position,13000,0.5438427346561123,0.07610141746087597,0.41744969919818686,0.6700787605298683,6,"1000,1001,1002,1003,1004,1005",67800,200,True
even-palindrome,structural_features,loss,position,13200,0.5337535655444784,0.05776401112865404,0.4318201959599537,0.6164196804864333,6,"1000,1001,1002,1003,1004,1005",67800,200,True
even-palindrome,structural_features,loss,position,13400,0.5263180381470738,0.0741257918362473,0.38510947121176287,0.6115873335802462,6,"1000,1001,1002,1003,1004,1005",67800,200,True
even-palindrome,structural_features,loss,position,13600,0.5310072292694047,0.06454769331575812,0.4120967313120491,0.6159592248965055,6,"1000,1001,1002,1003,1004,1005",67800,200,True
even-palindrome,structural_features,loss,position,13800,0.5445284777098519,0.05239242617937828,0.4414055711666879,0.6034726037993096,6,"1000,1001,1002,1003,1004,1005",67800,200,True
even-palindrome,structural_features,loss,position,14000,0.5211764508411943,0.06172416563575562,0.4227941172746796,0.6027356816525571,6,"1000,1001,1002,1003,1004,1005",67800,200,True
even-palindrome,structural_features,loss,position,14200,0.5363813382170597,0.06727750676326315,0.43160731880387176,0.6219773865200113,6,"1000,1001,1002,1003,1004,1005",67800,200,True
even-palindrome,structural_features,loss,position,14400,0.5133873450567382,0.06681066931364572,0.3711935458553489,0.5731011396553367,6,"1000,1001,1002,1003,1004,1005",67800,200,True
even-palindrome,structural_features,loss,position,14600,0.5182017475809941,0.07162339750738056,0.3826810526748886,0.5991797659220174,6,"1000,1001,1002,1003,1004,1005",67800,200,True
even-palindrome,structural_features,loss,position,14800,0.4977089572902817,0.04202415545167636,0.43292646331814466,0.5632064541021827,6,"1000,1001,1002,1003,1004,1005",67800,200,True
even-palindrome,structural_features,loss,position,15000,0.5079166058407304,0.09272014491736819,0.37314996518449334,0.6031530956056668,6,"1000,1001,1002,1003,1004,1005",67800,200,True
even-palindrome,structural_features,loss,position,15200,0.5404331686753884,0.07619186465117532,0.43157679693023965,0.6686354091073977,6,"1000,1001,1002,1003,1004,1005",67800,200,True
even-palindrome,structural_features,loss,position,15400,0.49074395335447357,0.0651302602142149,0.3714785932236191,0.5621336409432115,6,"1000,1001,1002,1003,1004,1005",67800,200,True
even-palindrome,structural_features,loss,position,15600,0.5445902487801701,0.04983009177419003,0.4737266840879329,0.6082708297847421,6,"1000,1001,1002,1003,1004,1005",67800,200,True
even-palindrome,structural_features,loss,position,15800,0.4711956538198471,0.05980726776220428,0.37445280115149215,0.5628477312414907,6,"1000,1001,1002,1003,1004,1005",67800,200,True
even-palindrome,structural_features,loss,position,16000,0.5348785067505317,0.06316186545497454,0.41892183543550343,0.6027670508925803,6,"1000,1001,1002,1003,1004,1005",67800,200,True
even-palindrome,structural_features,loss,position,16200,0.5107932268498916,0.08568068131401947,0.38063032507190653,0.5979340307114762,6,"1000,1001,1002,1003,1004,1005",67800,200,True
even-palindrome,structural_features,loss,position,16400,0.4925249400771888,0.04468826891889545,0.40686279609508347,0.553592806373781,6,"1000,1001,1002,1003,1004,1005",67800,200,True
even-palindrome,structural_features,loss,position,16600,0.49735935528098113,0.06924491823017012,0.36398214595465106,0.5833769482705975,6,"1000,1001,1002,1003,1004,1005",67800,200,True
even-palindrome,structural_features,loss,position,16800,0.5516808299604358,0.15591606323706797,0.3399069808459899,0.8435937322466635,6,"1000,1001,1002,1003,1004,1005",67800,200,True
even-palindrome,structural_features,loss,position,17000,0.5278236119165861,0.07795943837507922,0.41638030661211817,0.6509670343482867,6,"1000,1001,1002,1003,1004,1005",67800,200,True
even-palindrome,structural_features,loss,position,17200,0.5249174685588028,0.0853136713845006,0.3752908850167296,0.6340629626717419,6,"1000,1001,1002,1003,1004,1005",67800,200,True
even-palindrome,structural_features,loss,position,17400,0.5029857310689658,0.024585158099445777,0.4515098257412683,0.5303660169802606,6,"1000,1001,1002,1003,1004,1005",67800,200,True
even-palindrome,structural_features,loss,position,17600,0.4907563333685645,0.03412501166339694,0.42185759508203774,0.5350205116851339,6,"1000,1001,1002,1003,1004,1005",67800,200,True
even-palindrome,structural_features,loss,position,17800,0.4823557593657703,0.03747153700949056,0.41122786554304186,0.5228128977338201,6,"1000,1001,1002,1003,1004,1005",67800,200,True
even-palindrome,structural_features,loss,position,18000,0.47151986768524995,0.07579397818438152,0.38145280741155146,0.6049966195493471,6,"1000,1001,1002,1003,1004,1005",67800,200,True
even-palindrome,structural_features,loss,position,18200,0.48336072896719995,0.06596717798580465,0.4138307322633045,0.6188586431352451,6,"1000,1001,1002,1003,1004,1005",67800,200,True
even-palindrome,structural_features,loss,position,18400,0.4703126030890295,0.0688508818261299,0.36123506405863737,0.5590488612109038,6,"1000,1001,1002,1003,1004,1005",67800,200,True
even-palindrome,structural_features,loss,position,18600,0.48770379550124443,0.11272204910307362,0.3321772910679283,0.6807536856643855,6,"1000,1001,1002,1003,1004,1005",67800,200,True
even-palindrome,structural_features,loss,position,18800,0.50485157128649,0.11268190367313863,0.3138682338382932,0.6552754374733195,6,"1000,1001,1002,1003,1004,1005",67800,200,True
even-palindrome,structural_features,loss,position,19000,0.43953596948707846,0.07207885958598814,0.3799753850168781,0.5808706831443123,6,"1000,1001,1002,1003,1004,1005",67800,200,True
even-palindrome,structural_features,loss,position,19200,0.4886978364820849,0.05186072509277159,0.4122916815391363,0.5639434137217176,6,"1000,1001,1002,1003,1004,1005",67800,200,True
even-palindrome,structural_features,loss,position,19400,0.4498011236916137,0.08687484912903627,0.30555631030023506,0.5577330882468959,6,"1000,1001,1002,1003,1004,1005",67800,200,True
even-palindrome,structural_features,loss,position,19600,0.4525317358051446,0.08397013255146123,0.27106864507572026,0.5126589156925911,6,"1000,1001,1002,1003,1004,1005",67800,200,True
even-palindrome,structural_features,loss,position,19800,0.4606050157540449,0.05409605175476195,0.3545575945277233,0.5205850822094362,6,"1000,1001,1002,1003,1004,1005",67800,200,True
even-palindrome,structural_features,loss,position,20000,0.4721361384799941,0.0498621135278675,0.4045701065298635,0.5540724093141034,6,"1000,1001,1002,1003,1004,1005",67800,200,True
even-palindrome,structural_features,loss,position,20200,0.4781151101158078,0.07777649601892041,0.35418740203022026,0.5887845180969452,6,"1000,1001,1002,1003,1004,1005",67800,200,True
even-palindrome,structural_features,loss,position,20400,0.4371331943990541,0.05817588948407022,0.3390262485216954,0.5329314848885406,6,"1000,1001,1002,1003,1004,1005",67800,200,True
even-palindrome,structural_features,loss,position,20600,0.42263931802313276,0.051601816759604055,0.3249234497818907,0.48754579441447277,6,"1000,1001,1002,1003,1004,1005",67800,200,True
even-palindrome,structural_features,loss,position,20800,0.40251971762051353,0.04694930054778398,0.3087375875248472,0.4524384864536114,6,"1000,1001,1002,1003,1004,1005",67800,200,True
even-palindrome,structural_features,loss,position,21000,0.4062502338884042,0.06656084406471537,0.28635747991142124,0.46109721876331605,6,"1000,1001,1002,1003,1004,1005",67800,200,True
even-palindrome,structural_features,loss,position,21200,0.4086488270335091,0.07980424731863615,0.2754577864309613,0.5109864479093812,6,"1000,1001,1002,1003,1004,1005",67800,200,True
even-palindrome,structural_features,loss,position,21400,0.4521857614482209,0.11746465085186805,0.2704877431251771,0.652348140605609,6,"1000,1001,1002,1003,1004,1005",67800,200,True
even-palindrome,structural_features,loss,position,21600,0.3943854116151488,0.08489064683585473,0.2656513919805002,0.4953097875561798,6,"1000,1001,1002,1003,1004,1005",67800,200,True
even-palindrome,structural_features,loss,position,21800,0.40825988099309146,0.07113506208850794,0.26941143979815024,0.4777950631322892,6,"1000,1001,1002,1003,1004,1005",67800,200,True
even-palindrome,structural_features,loss,position,22000,0.37468165384645546,0.11218861406604834,0.21162184820503172,0.5535235034677316,6,"1000,1001,1002,1003,1004,1005",67800,200,True
even-palindrome,structural_features,loss,position,22200,0.42376626554181107,0.06439434092373397,0.35295552248888273,0.5467410206959903,6,"1000,1001,1002,1003,1004,1005",67800,200,True
even-palindrome,structural_features,loss,position,22400,0.4381124415168567,0.08241488914037715,0.30596564592951836,0.5365158504276769,6,"1000,1001,1002,1003,1004,1005",67800,200,True
even-palindrome,structural_features,loss,position,22600,0.3607633645838965,0.05943476902617998,0.27528976201137995,0.4218196706673916,6,"1000,1001,1002,1003,1004,1005",67800,200,True
even-palindrome,structural_features,loss,position,22800,0.4099051905159134,0.05657868823557185,0.3546698932525214,0.5195366044917319,6,"1000,1001,1002,1003,1004,1005",67800,200,True
even-palindrome,structural_features,loss,position,23000,0.4064541828605767,0.10316146660593772,0.3322462234006343,0.6262979342420294,6,"1000,1001,1002,1003,1004,1005",67800,200,True
even-palindrome,structural_features,loss,position,23200,0.4156745674049853,0.09409421215248144,0.3030606833982165,0.5869242604774263,6,"1000,1001,1002,1003,1004,1005",67800,200,True
even-palindrome,structural_features,loss,position,23400,0.401696864963839,0.07521004958037825,0.29882454061502356,0.5442540656443452,6,"1000,1001,1002,1003,1004,1005",67800,200,True
even-palindrome,structural_features,loss,position,23600,0.401694568604089,0.08381884270824314,0.3026414457904684,0.5251305040728766,6,"1000,1001,1002,1003,1004,1005",67800,200,True
even-palindrome,structural_features,loss,position,23800,0.3779241060132805,0.08287823323492796,0.2680671968163733,0.5336633595102467,6,"1000,1001,1002,1003,1004,1005",67800,200,True
even-palindrome,structural_features,loss,position,24000,0.384141661668394,0.07036475711841046,0.27696092617046814,0.4694197542719485,6,"1000,1001,1002,1003,1004,1005",67800,200,True
even-palindrome,structural_features,loss,position,24200,0.36554186144108525,0.06630587286319735,0.25193538783054464,0.45747316047349157,6,"1000,1001,1002,1003,1004,1005",67800,200,True
even-palindrome,structural_features,loss,position,24400,0.37809191521718577,0.07323657398865668,0.3081588244321756,0.51572922149644,6,"1000,1001,1002,1003,1004,1005",67800,200,True
even-palindrome,structural_features,loss,position,24600,0.3886962437339571,0.08682443373421819,0.25789177284044856,0.5239189191081095,6,"1000,1001,1002,1003,1004,1005",67800,200,True
even-palindrome,structural_features,loss,position,24800,0.4072838004921353,0.1339187521948995,0.24374435185796756,0.653909299003426,6,"1000,1001,1002,1003,1004,1005",67800,200,True
even-palindrome,structural_features,loss,position,25000,0.38642611827766665,0.13835296017270435,0.2093440063054004,0.5583924433315406,6,"1000,1001,1002,1003,1004,1005",67800,200,True
even-palindrome,structural_features,loss,position,25200,0.3987743744234103,0.12852728634157723,0.1679733228597979,0.544552246247913,6,"1000,1001,1002,1003,1004,1005",67800,200,True
even-palindrome,structural_features,loss,position,25400,0.3947369428866523,0.07897580745512699,0.2974675125461181,0.5243956502721994,6,"1000,1001,1002,1003,1004,1005",67800,200,True
even-palindrome,structural_features,loss,position,25600,0.38458018771969665,0.07469319377930395,0.2949029393172532,0.49644575286132747,6,"1000,1001,1002,1003,1004,1005",67800,200,True
even-palindrome,structural_features,loss,position,25800,0.3965470384779868,0.0766717072937684,0.3306796988408314,0.5540689259409555,6,"1000,1001,1002,1003,1004,1005",67800,200,True
even-palindrome,structural_features,loss,position,26000,0.4750297452855678,0.15726026705564475,0.2759350741606613,0.7796676695576753,6,"1000,1001,1002,1003,1004,1005",67800,200,True
even-palindrome,structural_features,loss,position,26200,0.3840441248334355,0.09354071007066206,0.23882853428887757,0.49665380634745815,6,"1000,1001,1002,1003,1004,1005",67800,200,True
even-palindrome,structural_features,loss,position,26400,0.3748580191836269,0.05470855021308458,0.2690530926456995,0.4379055501622497,6,"1000,1001,1002,1003,1004,1005",67800,200,True
even-palindrome,structural_features,loss,position,26600,0.35507878464851883,0.07379415915849358,0.23899468252202496,0.4674240449500212,6,"1000,1001,1002,1003,1004,1005",67800,200,True
even-palindrome,structural_features,loss,position,26800,0.33639030354943916,0.060335363641638794,0.24065073936872067,0.4070518789863854,6,"1000,1001,1002,1003,1004,1005",67800,200,True
even-palindrome,structural_features,loss,position,27000,0.3743358833493918,0.05455913176649143,0.2936543931927736,0.46136894322400623,6,"1000,1001,1002,1003,1004,1005",67800,200,True
even-palindrome,structural_features,loss,position,27200,0.3517967756459923,0.09166972709980582,0.2430499126341965,0.4707763685401005,6,"1000,1001,1002,1003,1004,1005",67800,200,True
even-palindrome,structural_features,loss,position,27400,0.3226395769164568,0.09077188344872968,0.22077306687824602,0.4910841603759036,6,"1000,1001,1002,1003,1004,1005",67800,200,True
even-palindrome,structural_features,loss,position,27600,0.3581641828072922,0.06250546496442679,0.2873921989550945,0.45936286486306926,6,"1000,1001,1002,1003,1004,1005",67800,200,True
even-palindrome,structural_features,loss,position,27800,0.33641995100507,0.05628136701138128,0.2569531408981493,0.3990498133239453,6,"1000,1001,1002,1003,1004,1005",67800,200,True
even-palindrome,structural_features,loss,position,28000,0.3329717206555931,0.06879141265649626,0.2392050185365224,0.4533289370946295,6,"1000,1001,1002,1003,1004,1005",67800,200,True
even-palindrome,structural_features,loss,position,28200,0.35834824489084594,0.08460671594611588,0.25367336300609167,0.47276393131978695,6,"1000,1001,1002,1003,1004,1005",67800,200,True
even-palindrome,structural_features,loss,position,28400,0.3339092783683797,0.07986642163877129,0.18960411302563443,0.44493612501843016,6,"1000,1001,1002,1003,1004,1005",67800,200,True
even-palindrome,structural_features,loss,position,28600,0.32932097648982867,0.06467678459495667,0.2473362682190418,0.45542908634968626,6,"1000,1001,1002,1003,1004,1005",67800,200,True
even-palindrome,structural_features,loss,position,28800,0.31487201260932735,0.07653249219032023,0.2088582911112826,0.40103233517264014,6,"1000,1001,1002,1003,1004,1005",67800,200,True
even-palindrome,structural_features,loss,position,29000,0.2920105573586564,0.10198344183628487,0.13321059564383175,0.40223378975239027,6,"1000,1001,1002,1003,1004,1005",67800,200,True
even-palindrome,structural_features,loss,position,29200,0.3484890339147994,0.05476837590675867,0.27952717828782625,0.42676735693166845,6,"1000,1001,1002,1003,1004,1005",67800,200,True
even-palindrome,structural_features,loss,position,29400,0.3014968182027163,0.083285985000437,0.1628976840362884,0.39173298487054126,6,"1000,1001,1002,1003,1004,1005",67800,200,True
even-palindrome,structural_features,loss,position,29600,0.3144184087348307,0.07802673942535639,0.22917911552394798,0.43450290834502087,6,"1000,1001,1002,1003,1004,1005",67800,200,True
even-palindrome,structural_features,loss,position,29800,0.2851894148957399,0.0705909244796185,0.20560653542852378,0.42717940118807746,6,"1000,1001,1002,1003,1004,1005",67800,200,True
even-palindrome,structural_features,loss,position,30000,0.29607210681770085,0.05530163995235897,0.19717624872238956,0.3605334143602886,6,"1000,1001,1002,1003,1004,1005",67800,200,True
even-palindrome,structural_features,loss,position,30200,0.2876224201241833,0.05372750558351657,0.17971537332668958,0.34122360720764844,6,"1000,1001,1002,1003,1004,1005",67800,200,True
even-palindrome,structural_features,loss,position,30400,0.3120639650186225,0.0825434651209199,0.14916875394937051,0.39736389442157816,6,"1000,1001,1002,1003,1004,1005",67800,200,True
even-palindrome,structural_features,loss,position,30600,0.2797918587920109,0.07582681843445041,0.1297279160398466,0.3714756218657749,6,"1000,1001,1002,1003,1004,1005",67800,200,True
even-palindrome,structural_features,loss,position,30800,0.3465142364807295,0.16097968940561952,0.13480624028672536,0.656318349247158,6,"1000,1001,1002,1003,1004,1005",67800,200,True
even-palindrome,structural_features,loss,position,31000,0.3303570059305214,0.08005739989097681,0.247641728546987,0.48976602112787077,6,"1000,1001,1002,1003,1004,1005",67800,200,True
even-palindrome,structural_features,loss,position,31200,0.31415703244344817,0.12978932358722015,0.1673460634337607,0.5692015347602865,6,"1000,1001,1002,1003,1004,1005",67800,200,True
even-palindrome,structural_features,loss,position,31400,0.2819628037124706,0.12160402169713072,0.19680636660341405,0.5408553698148899,6,"1000,1001,1002,1003,1004,1005",67800,200,True
even-palindrome,structural_features,loss,position,31600,0.2876075534740206,0.1288853213810224,0.19052586875037378,0.5487594994380197,6,"1000,1001,1002,1003,1004,1005",67800,200,True
even-palindrome,structural_features,loss,position,31800,0.3074149125826989,0.10801804976292088,0.1908601078592619,0.5370881855754851,6,"1000,1001,1002,1003,1004,1005",67800,200,True
even-palindrome,structural_features,loss,position,32000,0.29292459379077324,0.10498454688615176,0.17112915844765667,0.4807687711461767,6,"1000,1001,1002,1003,1004,1005",67800,200,True
even-palindrome,structural_features,loss,position,32200,0.27772677386271427,0.13668234933938167,0.10377936138931546,0.5359583612316601,6,"1000,1001,1002,1003,1004,1005",67800,200,True
even-palindrome,structural_features,loss,position,32400,0.29136759704909315,0.12811971752217566,0.1520124519674937,0.5260123557540465,6,"1000,1001,1002,1003,1004,1005",67800,200,True
even-palindrome,structural_features,loss,position,32600,0.3060994127949008,0.10430351923175173,0.1658882271541188,0.5041279598609572,6,"1000,1001,1002,1003,1004,1005",67800,200,True
even-palindrome,structural_features,loss,position,32800,0.2826593989526206,0.12479536680140252,0.17139001118085617,0.5426970935520512,6,"1000,1001,1002,1003,1004,1005",67800,200,True
even-palindrome,structural_features,loss,position,33000,0.28590975129341284,0.07393398949223069,0.20137145133616285,0.4283722049893004,6,"1000,1001,1002,1003,1004,1005",67800,200,True
even-palindrome,structural_features,loss,position,33200,0.2176146083833085,0.11116606821179545,0.13645840095006861,0.4452169155657975,6,"1000,1001,1002,1003,1004,1005",67800,200,True
even-palindrome,structural_features,loss,position,33400,0.29027139124703805,0.07991040120100987,0.22594125084753613,0.45619295819816214,6,"1000,1001,1002,1003,1004,1005",67800,200,True
even-palindrome,structural_features,loss,position,33600,0.282293154950803,0.11710813507595401,0.17366871933745642,0.5125984823570071,6,"1000,1001,1002,1003,1004,1005",67800,200,True
even-palindrome,structural_features,loss,position,33800,0.28141979446979354,0.10913461780423947,0.09093974214741138,0.4249929328503185,6,"1000,1001,1002,1003,1004,1005",67800,200,True
even-palindrome,structural_features,loss,position,34000,0.24166864999406545,0.09429637595569562,0.1401806807745379,0.4200019520627029,6,"1000,1001,1002,1003,1004,1005",67800,200,True
even-palindrome,structural_features,loss,position,34200,0.25208981219332655,0.07425136146515156,0.13418000758516427,0.362530525228193,6,"1000,1001,1002,1003,1004,1005",67800,200,True
even-palindrome,structural_features,loss,position,34400,0.2600489691899683,0.16343881522708917,0.08406508716216195,0.5929461053520231,6,"1000,1001,1002,1003,1004,1005",67800,200,True
even-palindrome,structural_features,loss,position,34600,0.2652981560204686,0.09029354370278288,0.13509291970851336,0.43250880499491356,6,"1000,1001,1002,1003,1004,1005",67800,200,True
even-palindrome,structural_features,loss,position,34800,0.23438052199717127,0.08597649124510053,0.13439989199825506,0.39520634882050215,6,"1000,1001,1002,1003,1004,1005",67800,200,True
even-palindrome,structural_features,loss,position,35000,0.28412311451559924,0.1054512031583872,0.13603813868045564,0.4757910001411028,6,"1000,1001,1002,1003,1004,1005",67800,200,True
even-palindrome,structural_features,loss,position,35200,0.2646180106469849,0.09350111952796912,0.1254000417916177,0.37182606228379883,6,"1000,1001,1002,1003,1004,1005",67800,200,True
even-palindrome,structural_features,loss,position,35400,0.22420648935952306,0.06800491672395777,0.14726391783457074,0.3364612926409973,6,"1000,1001,1002,1003,1004,1005",67800,200,True
even-palindrome,structural_features,loss,position,35600,0.22701507002645827,0.09625328363964629,0.11035148333010511,0.35056171282448306,6,"1000,1001,1002,1003,1004,1005",67800,200,True
even-palindrome,structural_features,loss,position,35800,0.23296282229298113,0.06274918825739213,0.11210873755087959,0.29234660185178657,6,"1000,1001,1002,1003,1004,1005",67800,200,True
even-palindrome,structural_features,loss,position,36000,0.22667377391433396,0.07603588229345686,0.13198465767432935,0.36088395969105475,6,"1000,1001,1002,1003,1004,1005",67800,200,True
even-palindrome,structural_features,loss,position,36200,0.24391200707714614,0.033458532429796996,0.19898345685629465,0.2989493632587983,6,"1000,1001,1002,1003,1004,1005",67800,200,True
even-palindrome,structural_features,loss,position,36400,0.2207674482997489,0.06253728432991454,0.12851901932324836,0.3116191693216433,6,"1000,1001,1002,1003,1004,1005",67800,200,True
even-palindrome,structural_features,loss,position,36600,0.22170587060134342,0.05199890986445716,0.134636958283445,0.30497837773917125,6,"1000,1001,1002,1003,1004,1005",67800,200,True
even-palindrome,structural_features,loss,position,36800,0.17510907040857546,0.05564213629387089,0.08910358166031074,0.23857873764107354,6,"1000,1001,1002,1003,1004,1005",67800,200,True
even-palindrome,structural_features,loss,position,37000,0.19960942663030587,0.0704433589217228,0.08441901628314553,0.3107975192642698,6,"1000,1001,1002,1003,1004,1005",67800,200,True
even-palindrome,structural_features,loss,position,37200,0.20535494862055811,0.05637799513083387,0.12478068521050772,0.3084003541283164,6,"1000,1001,1002,1003,1004,1005",67800,200,True
even-palindrome,structural_features,loss,position,37400,0.22193861112561716,0.07906389449643686,0.12709627888433717,0.3537601189540709,6,"1000,1001,1002,1003,1004,1005",67800,200,True
even-palindrome,structural_features,loss,position,37600,0.40185295491262724,0.17934590928705352,0.24748051464383025,0.7244902796878159,6,"1000,1001,1002,1003,1004,1005",67800,200,True
even-palindrome,structural_features,loss,position,37800,0.29270697281163244,0.1582772407694858,0.14939139758477724,0.5380052924681149,6,"1000,1001,1002,1003,1004,1005",67800,200,True
even-palindrome,structural_features,loss,position,38000,0.28234673173848474,0.14209226770190203,0.10265705455288299,0.5098449719893687,6,"1000,1001,1002,1003,1004,1005",67800,200,True
even-palindrome,structural_features,loss,position,38200,0.2860130500301754,0.12629189202251684,0.15553146801154072,0.5212954506745882,6,"1000,1001,1002,1003,1004,1005",67800,200,True
even-palindrome,structural_features,loss,position,38400,0.21492804191261103,0.1385549769022948,0.09145347824847704,0.5105586190499889,6,"1000,1001,1002,1003,1004,1005",67800,200,True
even-palindrome,structural_features,loss,position,38600,0.2383262957045713,0.11718149539837318,0.14031538326931695,0.4941087761057861,6,"1000,1001,1002,1003,1004,1005",67800,200,True
even-palindrome,structural_features,loss,position,38800,0.28363787855943884,0.11283047637972088,0.14652786550817837,0.49029393191551207,6,"1000,1001,1002,1003,1004,1005",67800,200,True
even-palindrome,structural_features,loss,position,39000,0.2209056792448079,0.14280886752453817,0.0951193431359843,0.5276360385649604,6,"1000,1001,1002,1003,1004,1005",67800,200,True
even-palindrome,structural_features,loss,position,39200,0.2282876571879698,0.12556472174799163,0.10909474548347134,0.5002992511603225,6,"1000,1001,1002,1003,1004,1005",67800,200,True
even-palindrome,structural_features,loss,position,39400,0.24937717914011273,0.12605885664559624,0.1076365472087491,0.49205546825087365,6,"1000,1001,1002,1003,1004,1005",67800,200,True
even-palindrome,structural_features,loss,position,39600,0.277584031719523,0.11290003264663584,0.1439559743509926,0.46861552927741285,6,"1000,1001,1002,1003,1004,1005",67800,200,True
even-palindrome,structural_features,loss,position,39800,0.24194930732329414,0.13859751147134733,0.0855329415038068,0.5109055942262785,6,"1000,1001,1002,1003,1004,1005",67800,200,True
even-palindrome,structural_features,loss,position,40000,0.21859826427186968,0.12676632133403498,0.07596059162172424,0.46759041117482414,6,"1000,1001,1002,1003,1004,1005",67800,200,True
even-palindrome,structural_features,loss,position,40200,0.28092833065731687,0.10509705499554109,0.14947017666564533,0.48275038512118046,6,"1000,1001,1002,1003,1004,1005",67800,200,True
even-palindrome,structural_features,loss,position,40400,0.2568780129418216,0.09914017124388624,0.16141466405469146,0.4664736466537579,6,"1000,1001,1002,1003,1004,1005",67800,200,True
even-palindrome,structural_features,loss,position,40600,0.2693537424843869,0.1463358763480629,0.0810764142546759,0.4810688867839417,6,"1000,1001,1002,1003,1004,1005",67800,200,True
even-palindrome,structural_features,loss,position,40800,0.25373449002634213,0.13807372493583078,0.14680095507852456,0.5521799872729389,6,"1000,1001,1002,1003,1004,1005",67800,200,True
even-palindrome,structural_features,loss,position,41000,0.24405043002644713,0.11884368193950891,0.12997010622792005,0.4430961128954368,6,"1000,1001,1002,1003,1004,1005",67800,200,True
even-palindrome,structural_features,loss,position,41200,0.26271067453071356,0.23115564756448861,0.09584050423827647,0.7509597878320347,6,"1000,1001,1002,1003,1004,1005",67800,200,True
even-palindrome,structural_features,loss,position,41400,0.23061409608186448,0.11467871543132878,0.1563763207525517,0.475277208245534,6,"1000,1001,1002,1003,1004,1005",67800,200,True
even-palindrome,structural_features,loss,position,41600,0.24546491338096224,0.11698325385465227,0.1435478164451524,0.49913668408429657,6,"1000,1001,1002,1003,1004,1005",67800,200,True
even-palindrome,structural_features,loss,position,41800,0.23527601839168708,0.12868156244239756,0.11036788105315282,0.496256536047149,6,"1000,1001,1002,1003,1004,1005",67800,200,True
even-palindrome,structural_features,loss,position,42000,0.23962737166040896,0.09296670297496011,0.11819564122983138,0.40076540692243723,6,"1000,1001,1002,1003,1004,1005",67800,200,True
even-palindrome,structural_features,loss,position,42200,0.1937943052425544,0.088821722612637,0.10456222376024016,0.3715673349589451,6,"1000,1001,1002,1003,1004,1005",67800,200,True
even-palindrome,structural_features,loss,position,42400,0.2373237480024306,0.15764158252949656,0.05497374924651013,0.5567876134144899,6,"1000,1001,1002,1003,1004,1005",67800,200,True
even-palindrome,structural_features,loss,position,42600,0.20507285376516812,0.10817001271648324,0.0797956995340428,0.416529066385192,6,"1000,1001,1002,1003,1004,1005",67800,200,True
even-palindrome,structural_features,loss,position,42800,0.1984377495000609,0.14105871637112954,0.07351114276475414,0.4776186344991766,6,"1000,1001,1002,1003,1004,1005",67800,200,True
even-palindrome,structural_features,loss,position,43000,0.21478155076206196,0.14674619281242948,0.0704866910198507,0.509856357849203,6,"1000,1001,1002,1003,1004,1005",67800,200,True
even-palindrome,structural_features,loss,position,43200,0.21549946034110082,0.10625362323862181,0.045186128423838456,0.39217317501970683,6,"1000,1001,1002,1003,1004,1005",67800,200,True
even-palindrome,structural_features,loss,position,43400,0.17042351402002395,0.1089269785868896,0.08084843967901634,0.40622163162080144,6,"1000,1001,1002,1003,1004,1005",67800,200,True
even-palindrome,structural_features,loss,position,43600,0.16356217568911652,0.10058103092231964,0.04813096548826252,0.3598151104828139,6,"1000,1001,1002,1003,1004,1005",67800,200,True
even-palindrome,structural_features,loss,position,43800,0.22157829678567054,0.09702863282310026,0.04132665436763091,0.3517368408985931,6,"1000,1001,1002,1003,1004,1005",67800,200,True
even-palindrome,structural_features,loss,position,44000,0.20205466216309467,0.13815073939637357,0.09414444414369313,0.4918232447412083,6,"1000,1001,1002,1003,1004,1005",67800,200,True
even-palindrome,structural_features,loss,position,44200,0.21404970493228592,0.10054401535518909,0.12037129168136175,0.4202957786931802,6,"1000,1001,1002,1003,1004,1005",67800,200,True
even-palindrome,structural_features,loss,position,44400,0.19645335340235606,0.11535461915070365,0.07576192117915526,0.4382974453504721,6,"1000,1001,1002,1003,1004,1005",67800,200,True
even-palindrome,structural_features,loss,position,44600,0.19427013044021543,0.1588584600554813,0.04586473729198133,0.5121585696972761,6,"1000,1001,1002,1003,1004,1005",67800,200,True
even-palindrome,structural_features,loss,position,44800,0.1871084464971917,0.1298780195988391,0.06445319667707736,0.43146493701726285,6,"1000,1001,1002,1003,1004,1005",67800,200,True
even-palindrome,structural_features,loss,position,45000,0.18492220708381676,0.06992530625570673,0.11827908896309963,0.323379922621898,6,"1000,1001,1002,1003,1004,1005",67800,200,True
even-palindrome,structural_features,loss,position,45200,0.15768215833759922,0.09261756664962428,0.057569344419971455,0.3303390022556232,6,"1000,1001,1002,1003,1004,1005",67800,200,True
even-palindrome,structural_features,loss,position,45400,0.16756497061810668,0.10198218544599567,0.07508292160769997,0.3815505603040765,6,"1000,1001,1002,1003,1004,1005",67800,200,True
even-palindrome,structural_features,loss,position,45600,0.14047142529261425,0.11110814765611886,0.05537895413137335,0.3709984882045319,6,"1000,1001,1002,1003,1004,1005",67800,200,True
even-palindrome,structural_features,loss,position,45800,0.15754823376655924,0.09328700270331818,0.08083236277225296,0.35607959219470103,6,"1000,1001,1002,1003,1004,1005",67800,200,True
even-palindrome,structural_features,loss,position,46000,0.1494113528181335,0.06153116073450605,0.06575539697603744,0.25566604784871744,6,"1000,1001,1002,1003,1004,1005",67800,200,True
even-palindrome,structural_features,loss,position,46200,0.1549753074325986,0.07946841014288178,0.07297646025149788,0.29276506319685724,6,"1000,1001,1002,1003,1004,1005",67800,200,True
even-palindrome,structural_features,loss,position,46400,0.16299170447848552,0.051810485333182436,0.07455887770043318,0.23508009088203835,6,"1000,1001,1002,1003,1004,1005",67800,200,True
even-palindrome,structural_features,loss,position,46600,0.13862499990442986,0.07935448158755792,0.05372218539390815,0.26425630394045585,6,"1000,1001,1002,1003,1004,1005",67800,200,True
even-palindrome,structural_features,loss,position,46800,0.19474278743648107,0.06161448091665438,0.13476414662548336,0.3092189777839667,6,"1000,1001,1002,1003,1004,1005",67800,200,True
even-palindrome,structural_features,loss,position,47000,0.1538853924225098,0.07630613806148934,0.06134197093470903,0.30125250046599833,6,"1000,1001,1002,1003,1004,1005",67800,200,True
even-palindrome,structural_features,loss,position,47200,0.12825222492718866,0.05734292786263177,0.05315587542246703,0.21074981359904085,6,"1000,1001,1002,1003,1004,1005",67800,200,True
even-palindrome,structural_features,loss,position,47400,0.1583475055169989,0.036333614779445855,0.12062210751002113,0.22528211917413046,6,"1000,1001,1002,1003,1004,1005",67800,200,True
even-palindrome,structural_features,loss,position,47600,0.15788514272306922,0.023845076317644726,0.12065744604560223,0.1919629527436746,6,"1000,1001,1002,1003,1004,1005",67800,200,True
even-palindrome,structural_features,loss,position,47800,0.09009046606469724,0.05378956880612357,0.023892167063263515,0.16623253092086543,6,"1000,1001,1002,1003,1004,1005",67800,200,True
even-palindrome,structural_features,loss,position,48000,0.1520183620963298,0.0501389898075633,0.06708201364653404,0.21058658278238454,6,"1000,1001,1002,1003,1004,1005",67800,200,True
even-palindrome,structural_features,loss,position,48200,0.11750785489242001,0.029997648032347432,0.08685640244651495,0.1652716191062882,6,"1000,1001,1002,1003,1004,1005",67800,200,True
even-palindrome,structural_features,loss,position,48400,0.1563295457505299,0.1525605535552556,0.031319998737635614,0.4729072599575504,6,"1000,1001,1002,1003,1004,1005",67800,200,True
even-palindrome,structural_features,loss,position,48600,0.15801189137296054,0.0869978839840592,0.002572319552256204,0.2596558910440217,6,"1000,1001,1002,1003,1004,1005",67800,200,True
even-palindrome,structural_features,loss,position,48800,0.12041812480961105,0.05336365506525799,0.03274807337002585,0.19050110327600123,6,"1000,1001,1002,1003,1004,1005",67800,200,True
even-palindrome,structural_features,loss,position,49000,0.12224838523212826,0.04869607259855228,0.043793185609282546,0.16736905678827385,6,"1000,1001,1002,1003,1004,1005",67800,200,True
even-palindrome,structural_features,loss,position,49200,0.17891517468830556,0.08466344141417964,0.08015007395976227,0.34098052226660913,6,"1000,1001,1002,1003,1004,1005",67800,200,True
even-palindrome,structural_features,loss,position,49400,0.12221389841928954,0.0518631009766473,0.05858745670144799,0.1894691677708397,6,"1000,1001,1002,1003,1004,1005",67800,200,True
even-palindrome,structural_features,loss,position,49600,0.0803128463174637,0.05272455435073377,0.012303440622044946,0.15289461816239056,6,"1000,1001,1002,1003,1004,1005",67800,200,True
even-palindrome,structural_features,loss,position,49800,0.13101826674570424,0.033815896773504606,0.06766991946130246,0.16917171181323432,6,"1000,1001,1002,1003,1004,1005",67800,200,True
even-palindrome,structural_features,loss,position,50000,0.13482841100712825,0.0709688089798347,0.023427318082035527,0.24140192710898872,6,"1000,1001,1002,1003,1004,1005",67800,200,True
even-palindrome,structural_features,loss,position,50200,0.11867230838073396,0.042529227794388044,0.06919567038391392,0.1793219596976803,6,"1000,1001,1002,1003,1004,1005",67800,200,True
even-palindrome,structural_features,loss,position,50400,0.09722400842407551,0.05922936232395476,0.028787441177585152,0.20356815011728258,6,"1000,1001,1002,1003,1004,1005",67800,200,True
even-palindrome,structural_features,loss,position,50600,0.08350575391257205,0.04699945172043968,0.00021073954689995844,0.141029450017638,6,"1000,1001,1002,1003,1004,1005",67800,200,True
even-palindrome,structural_features,loss,position,50800,0.11004672869522585,0.035557478673611545,0.05364757148252181,0.1561098804514171,6,"1000,1001,1002,1003,1004,1005",67800,200,True
even-palindrome,structural_features,loss,position,51000,0.11865470978835542,0.06834142706632992,0.00203836723051495,0.20716626098379776,6,"1000,1001,1002,1003,1004,1005",67800,200,True
even-palindrome,structural_features,loss,position,51200,0.12033434887201844,0.057061223942210755,0.042220390371740774,0.2018962197687938,6,"1000,1001,1002,1003,1004,1005",67800,200,True
even-palindrome,structural_features,loss,position,51400,0.11032481647623353,0.06383973487117499,0.0003988795502539233,0.1759056373281573,6,"1000,1001,1002,1003,1004,1005",67800,200,True
even-palindrome,structural_features,loss,position,51600,0.07472738823552137,0.032021143156704394,0.04197949550677094,0.13316729877366015,6,"1000,1001,1002,1003,1004,1005",67800,200,True
even-palindrome,structural_features,loss,position,51800,0.1238950397855435,0.04787736556548839,0.0603733184771454,0.19577126448475163,6,"1000,1001,1002,1003,1004,1005",67800,200,True
even-palindrome,structural_features,loss,position,52000,0.10982190216888854,0.03612590195662745,0.06819654836743759,0.16139363411690738,6,"1000,1001,1002,1003,1004,1005",67800,200,True
even-palindrome,structural_features,loss,position,52200,0.08729546102282076,0.04305875941287255,0.05127719042690956,0.1771951774559966,6,"1000,1001,1002,1003,1004,1005",67800,200,True
even-palindrome,structural_features,loss,position,52400,0.15448496375242474,0.07107950701983119,0.057998724321194,0.23532829158871438,6,"1000,1001,1002,1003,1004,1005",67800,200,True
even-palindrome,structural_features,loss,position,52600,0.10775165985419133,0.06533986994579384,0.015594808637623601,0.1944841668535878,6,"1000,1001,1002,1003,1004,1005",67800,200,True
even-palindrome,structural_features,loss,position,52800,0.07694091194121094,0.028834486074309634,0.04192236163570271,0.12251380409614342,6,"1000,1001,1002,1003,1004,1005",67800,200,True
even-palindrome,structural_features,loss,position,53000,0.1502559304025895,0.10273988824743488,0.04759406258891488,0.3468656794480461,6,"1000,1001,1002,1003,1004,1005",67800,200,True
even-palindrome,structural_features,loss,position,53200,0.09831022196497714,0.033859871907617044,0.0470598201944933,0.13628139520108676,6,"1000,1001,1002,1003,1004,1005",67800,200,True
even-palindrome,structural_features,loss,position,53400,0.06933741835340365,0.03779528547476982,0.03497419777898358,0.14733392995373834,6,"1000,1001,1002,1003,1004,1005",67800,200,True
even-palindrome,structural_features,loss,position,53600,0.0957413662712675,0.047671501487478306,0.03609476000962502,0.16720138271592533,6,"1000,1001,1002,1003,1004,1005",67800,200,True
even-palindrome,structural_features,loss,position,53800,0.1251434760384145,0.055525745518148616,0.047048522085647734,0.19183101534059233,6,"1000,1001,1002,1003,1004,1005",67800,200,True
even-palindrome,structural_features,loss,position,54000,0.09550105835884888,0.0472082871349088,0.0406299784882502,0.1668915385584574,6,"1000,1001,1002,1003,1004,1005",67800,200,True
even-palindrome,structural_features,loss,position,54200,0.09793544204079162,0.07059193210400022,0.03197358689752718,0.24812616725735892,6,"1000,1001,1002,1003,1004,1005",67800,200,True
even-palindrome,structural_features,loss,position,54400,0.07942460103596559,0.059126126286864984,0.004865092469413526,0.16096944259873452,6,"1000,1001,1002,1003,1004,1005",67800,200,True
even-palindrome,structural_features,loss,position,54600,0.08428206781229719,0.049874750631036927,0.023506073981484406,0.15506741766082086,6,"1000,1001,1002,1003,1004,1005",67800,200,True
even-palindrome,structural_features,loss,position,54800,0.061345590531943626,0.05468510579498743,0.004862658766246284,0.16179886081705264,6,"1000,1001,1002,1003,1004,1005",67800,200,True
even-palindrome,structural_features,loss,position,55000,0.14139399319158721,0.04267960938239369,0.08124502152285061,0.20287417187966866,6,"1000,1001,1002,1003,1004,1005",67800,200,True
even-palindrome,structural_features,loss,position,55200,0.0747179122610928,0.038868007545177725,0.0001718548787346208,0.12862397881167112,6,"1000,1001,1002,1003,1004,1005",67800,200,True
even-palindrome,structural_features,loss,position,55400,0.06570712033077301,0.045725151818489324,3.014162476503657e-05,0.13208922784689547,6,"1000,1001,1002,1003,1004,1005",67800,200,True
even-palindrome,structural_features,loss,position,55600,0.1325947248863112,0.09407479395688338,0.0456606321975471,0.32854861370446997,6,"1000,1001,1002,1003,1004,1005",67800,200,True
even-palindrome,structural_features,loss,position,55800,0.10098556327078788,0.07802781162920275,0.020536702038116347,0.25894992522336485,6,"1000,1001,1002,1003,1004,1005",67800,200,True
even-palindrome,structural_features,loss,position,56000,0.09442057954436085,0.04967301608611869,0.03225643598734365,0.1906470221914435,6,"1000,1001,1002,1003,1004,1005",67800,200,True
even-palindrome,structural_features,loss,position,56200,0.07130381029331033,0.028246828043054995,0.047419795827998996,0.12657045304252165,6,"1000,1001,1002,1003,1004,1005",67800,200,True
even-palindrome,structural_features,loss,position,56400,0.07512133436248357,0.047331172818412454,0.015637741456741877,0.135482842974925,6,"1000,1001,1002,1003,1004,1005",67800,200,True
even-palindrome,structural_features,loss,position,56600,0.11479565747662622,0.07423619026161288,0.02390644355235395,0.25460250262836326,6,"1000,1001,1002,1003,1004,1005",67800,200,True
even-palindrome,structural_features,loss,position,56800,0.06258694555868279,0.040783628538210465,2.7030762905795314e-05,0.12420346265725585,6,"1000,1001,1002,1003,1004,1005",67800,200,True
even-palindrome,structural_features,loss,position,57000,0.07108817595738012,0.03395207203617578,1.0183659454909844e-05,0.10135199527212535,6,"1000,1001,1002,1003,1004,1005",67800,200,True
even-palindrome,structural_features,loss,position,57200,0.07502571507426771,0.055967492974742294,0.014665968748524848,0.17723103887101388,6,"1000,1001,1002,1003,1004,1005",67800,200,True
even-palindrome,structural_features,loss,position,57400,0.07708859993607865,0.039536924673282695,0.01355909064309472,0.13925158335404716,6,"1000,1001,1002,1003,1004,1005",67800,200,True
even-palindrome,structural_features,loss,position,57600,0.09585492095434205,0.06522163979156011,0.0008425929581117586,0.21170549589022813,6,"1000,1001,1002,1003,1004,1005",67800,200,True
even-palindrome,structural_features,loss,position,57800,0.05091968663340383,0.029419460933870507,0.010092253122634034,0.09204312771620607,6,"1000,1001,1002,1003,1004,1005",67800,200,True
even-palindrome,structural_features,loss,position,58000,0.07508954639916078,0.05408667313181876,0.006520442328244495,0.14669024202650235,6,"1000,1001,1002,1003,1004,1005",67800,200,True
even-palindrome,structural_features,loss,position,58200,0.06573486053609214,0.03389867407232522,0.029793138707993876,0.12405934855649789,6,"1000,1001,1002,1003,1004,1005",67800,200,True
even-palindrome,structural_features,loss,position,58400,0.09157580793887866,0.03924836234462845,0.008420641243156623,0.13150687802941063,6,"1000,1001,1002,1003,1004,1005",67800,200,True
even-palindrome,structural_features,loss,position,58600,0.0806940838241249,0.06175648647147002,3.86040735362414e-06,0.19211187271489508,6,"1000,1001,1002,1003,1004,1005",67800,200,True
even-palindrome,structural_features,loss,position,58800,0.11311937660765704,0.08603173779149895,0.005867297689117663,0.28055523482071293,6,"1000,1001,1002,1003,1004,1005",67800,200,True
even-palindrome,structural_features,loss,position,59000,0.1291703521070147,0.08006004636011395,0.04981318764177523,0.2919098310743675,6,"1000,1001,1002,1003,1004,1005",67800,200,True
even-palindrome,structural_features,loss,position,59200,0.09631297394548137,0.04184632589659259,0.044748321973421525,0.149836539740445,6,"1000,1001,1002,1003,1004,1005",67800,200,True
even-palindrome,structural_features,loss,position,59400,0.0777860179272822,0.05805306077874922,0.005368799607171111,0.19389248349496482,6,"1000,1001,1002,1003,1004,1005",67800,200,True
even-palindrome,structural_features,loss,position,59600,0.08472271981424921,0.060107557199409994,0.0008462092860732184,0.1804157515345358,6,"1000,1001,1002,1003,1004,1005",67800,200,True
even-palindrome,structural_features,loss,position,59800,0.07230708183131347,0.03226689953836589,0.030149107502234162,0.11804591624017803,6,"1000,1001,1002,1003,1004,1005",67800,200,True
even-palindrome,structural_features,loss,position,60000,0.0636413436707229,0.058163129172381874,0.0020485463463368703,0.1792412307470977,6,"1000,1001,1002,1003,1004,1005",67800,200,True
even-palindrome,structural_features,loss,position,60200,0.08675671231716649,0.06988196015100405,0.03469708127748163,0.23932956695020494,6,"1000,1001,1002,1003,1004,1005",67800,200,True
even-palindrome,structural_features,loss,position,60400,0.10155041349493604,0.07961179751858956,0.0001731284065444072,0.24636594300430317,6,"1000,1001,1002,1003,1004,1005",67800,200,True
even-palindrome,structural_features,loss,position,60600,0.07894541350219501,0.053724369130987666,0.0028457255304206795,0.14714283418249124,6,"1000,1001,1002,1003,1004,1005",67800,200,True
even-palindrome,structural_features,loss,position,60800,0.057195683667240725,0.044842983512423114,0.00016112735872589212,0.11313144705136778,6,"1000,1001,1002,1003,1004,1005",67800,200,True
even-palindrome,structural_features,loss,position,61000,0.0467456847035523,0.042645566176032226,0.0002335339564445782,0.10871788839813462,6,"1000,1001,1002,1003,1004,1005",67800,200,True
even-palindrome,structural_features,loss,position,61200,0.03160726293230637,0.027099830522366357,3.1915964566557874e-05,0.08286068160557307,6,"1000,1001,1002,1003,1004,1005",67800,200,True
even-palindrome,structural_features,loss,position,61400,0.05906139920745806,0.04460183436938823,3.232381633433867e-05,0.13410370859599938,6,"1000,1001,1002,1003,1004,1005",67800,200,True
even-palindrome,structural_features,loss,position,61600,0.06320975176115702,0.051953140117763086,1.055168704118259e-06,0.1452383960971406,6,"1000,1001,1002,1003,1004,1005",67800,200,True
even-palindrome,structural_features,loss,position,61800,0.1338471837228601,0.13349853824736066,0.02736597704097914,0.4217301004426997,6,"1000,1001,1002,1003,1004,1005",67800,200,True
even-palindrome,structural_features,loss,position,62000,0.07050885941319701,0.04950113668231687,0.008523693248307823,0.15989294825127304,6,"1000,1001,1002,1003,1004,1005",67800,200,True
even-palindrome,structural_features,loss,position,62200,0.0672720041550715,0.06027210965973511,3.9913928529256016e-07,0.1772940446995017,6,"1000,1001,1002,1003,1004,1005",67800,200,True
even-palindrome,structural_features,loss,position,62400,0.08981136156917174,0.057996806401350076,1.1018994009348581e-07,0.18703004866705064,6,"1000,1001,1002,1003,1004,1005",67800,200,True
even-palindrome,structural_features,loss,position,62600,0.0716975093344133,0.015322420321307616,0.04954718193661293,0.0987982406883998,6,"1000,1001,1002,1003,1004,1005",67800,200,True
even-palindrome,structural_features,loss,position,62800,0.1428335825909661,0.11128185360058408,1.401406771051189e-06,0.3052690994786863,6,"1000,1001,1002,1003,1004,1005",67800,200,True
even-palindrome,structural_features,loss,position,63000,0.0891510091608456,0.050381752647337866,0.0374227027418298,0.18547353556102528,6,"1000,1001,1002,1003,1004,1005",67800,200,True
even-palindrome,structural_features,loss,position,63200,0.051721291586539146,0.03402115796769046,0.00034239611788734693,0.09779070429056219,6,"1000,1001,1002,1003,1004,1005",67800,200,True
even-palindrome,structural_features,loss,position,63400,0.0882212383598298,0.05229113696151998,0.0012121057549408932,0.1570622439854992,6,"1000,1001,1002,1003,1004,1005",67800,200,True
even-palindrome,structural_features,loss,position,63600,0.09993357662663511,0.0843513378794994,9.395254131616681e-07,0.26908193653641344,6,"1000,1001,1002,1003,1004,1005",67800,200,True
even-palindrome,structural_features,loss,position,63800,0.05270257668603142,0.03676699100941306,0.0018309581106431948,0.09785964428933923,6,"1000,1001,1002,1003,1004,1005",67800,200,True
even-palindrome,structural_features,loss,position,64000,0.06932867668857293,0.04740304885729655,3.7437972235238036e-07,0.14805682115396165,6,"1000,1001,1002,1003,1004,1005",67800,200,True
even-palindrome,structural_features,loss,position,64200,0.06293782440982564,0.03753864944916759,2.579518965021066e-05,0.12660897441349123,6,"1000,1001,1002,1003,1004,1005",67800,200,True
even-palindrome,structural_features,loss,position,64400,0.05050225354567114,0.05812538389485255,2.3865410678682863e-05,0.15907150428978184,6,"1000,1001,1002,1003,1004,1005",67800,200,True
even-palindrome,structural_features,loss,position,64600,0.08993959926152562,0.0606160721064759,1.4934777788466747e-07,0.15047337691800408,6,"1000,1001,1002,1003,1004,1005",67800,200,True
even-palindrome,structural_features,loss,position,64800,0.16216905086829608,0.17377177526838533,0.049147591612543194,0.5478921427954551,6,"1000,1001,1002,1003,1004,1005",67800,200,True
even-palindrome,structural_features,loss,position,65000,0.08229844727651218,0.05663503486855995,4.573108167670981e-05,0.14944023211221866,6,"1000,1001,1002,1003,1004,1005",67800,200,True
even-palindrome,structural_features,loss,position,65200,0.07117065003620456,0.06716470410716457,5.624702714047913e-05,0.1838426048284063,6,"1000,1001,1002,1003,1004,1005",67800,200,True
even-palindrome,structural_features,loss,position,65400,0.06283195900741655,0.04695716403651911,2.8223179820053014e-05,0.12202419851023304,6,"1000,1001,1002,1003,1004,1005",67800,200,True
even-palindrome,structural_features,loss,position,65600,0.06674428381435255,0.06760155815434488,0.0006822882434618238,0.20109309507648504,6,"1000,1001,1002,1003,1004,1005",67800,200,True
even-palindrome,structural_features,loss,position,65800,0.0666195201263935,0.047893566616964436,0.0056272564074139435,0.16374994365691464,6,"1000,1001,1002,1003,1004,1005",67800,200,True
even-palindrome,structural_features,loss,position,66000,0.07181423367326749,0.05498928348332675,1.0590733019117949e-05,0.15452828759201168,6,"1000,1001,1002,1003,1004,1005",67800,200,True
even-palindrome,structural_features,loss,position,66200,0.22247567126144094,0.27727166810265363,0.0719733528024491,0.8415690701271025,6,"1000,1001,1002,1003,1004,1005",67800,200,True
even-palindrome,structural_features,loss,position,66400,0.08958069665491891,0.06166221749094212,0.008584277009657217,0.21008891031223811,6,"1000,1001,1002,1003,1004,1005",67800,200,True
even-palindrome,structural_features,loss,position,66600,0.0797638198428006,0.02430419182915688,0.04575473682478297,0.11215660961953745,6,"1000,1001,1002,1003,1004,1005",67800,200,True
even-palindrome,structural_features,loss,position,66800,0.06501877894789125,0.03300650135396749,0.024405318882495683,0.12157555534056484,6,"1000,1001,1002,1003,1004,1005",67800,200,True
even-palindrome,structural_features,loss,position,67000,0.05334364394619961,0.02898698060383549,4.911738498567519e-06,0.09718733263842295,6,"1000,1001,1002,1003,1004,1005",67800,200,True
even-palindrome,structural_features,loss,position,67200,0.04707161929031678,0.04711038475224838,3.13757654348823e-07,0.12251247356880982,6,"1000,1001,1002,1003,1004,1005",67800,200,True
even-palindrome,structural_features,loss,position,67400,0.042007131905860605,0.04382589422830817,3.5679754485400393e-05,0.12186639297766334,6,"1000,1001,1002,1003,1004,1005",67800,200,True
even-palindrome,structural_features,loss,position,67600,0.13596586699593924,0.17527213290972865,0.023498792705088933,0.5257608243265178,6,"1000,1001,1002,1003,1004,1005",67800,200,True
even-palindrome,structural_features,loss,position,67800,0.06384313551911742,0.04756798310768203,1.6473449274670428e-05,0.15277472817089632,6,"1000,1001,1002,1003,1004,1005",67800,200,True
even-palindrome,structural_features,loss,operation,200,0.7034073752413192,0.0036954790781276456,0.6972940081357956,0.7076997776329518,6,"1000,1001,1002,1003,1004,1005",67800,200,True
even-palindrome,structural_features,loss,operation,400,0.6980799230436484,0.0012717893667723349,0.6960906678438187,0.699793607890606,6,"1000,1001,1002,1003,1004,1005",67800,200,True
even-palindrome,structural_features,loss,operation,600,0.6990598664432764,0.0024924347162435675,0.6950568094849586,0.701998599767685,6,"1000,1001,1002,1003,1004,1005",67800,200,True
even-palindrome,structural_features,loss,operation,800,0.698126373514533,0.0035305223109952676,0.6917833626270294,0.7034010681509971,6,"1000,1001,1002,1003,1004,1005",67800,200,True
even-palindrome,structural_features,loss,operation,1000,0.6920414243514338,0.01000651824218764,0.6743860340863467,0.7030097962915898,6,"1000,1001,1002,1003,1004,1005",67800,200,True
even-palindrome,structural_features,loss,operation,1200,0.694946556041638,0.00467109690049108,0.6912894336879254,0.7032471167296171,6,"1000,1001,1002,1003,1004,1005",67800,200,True
even-palindrome,structural_features,loss,operation,1400,0.6917465809484322,0.011527069945209207,0.6712630622833967,0.704849442243576,6,"1000,1001,1002,1003,1004,1005",67800,200,True
even-palindrome,structural_features,loss,operation,1600,0.6884091162184873,0.009465409855468059,0.6695481123030186,0.6962616138160229,6,"1000,1001,1002,1003,1004,1005",67800,200,True
even-palindrome,structural_features,loss,operation,1800,0.6745376095113654,0.024258055904723512,0.6228319515660405,0.6957715263962746,6,"1000,1001,1002,1003,1004,1005",67800,200,True
even-palindrome,structural_features,loss,operation,2000,0.669799402570352,0.018594038421643075,0.6361217730678618,0.6880674171447754,6,"1000,1001,1002,1003,1004,1005",67800,200,True
even-palindrome,structural_features,loss,operation,2200,0.6680578211788087,0.022201135312828937,0.6267969751544297,0.69487119987607,6,"1000,1001,1002,1003,1004,1005",67800,200,True
even-palindrome,structural_features,loss,operation,2400,0.6603040337810914,0.018151711032660965,0.631540213432163,0.6885226879641414,6,"1000,1001,1002,1003,1004,1005",67800,200,True
even-palindrome,structural_features,loss,operation,2600,0.644862561027209,0.016667144406119886,0.6172206757217645,0.6723312557861209,6,"1000,1001,1002,1003,1004,1005",67800,200,True
even-palindrome,structural_features,loss,operation,2800,0.6434022074410071,0.01786573334675963,0.6193868592847138,0.6694300869479776,6,"1000,1001,1002,1003,1004,1005",67800,200,True
even-palindrome,structural_features,loss,operation,3000,0.6362039412278683,0.013601695789780918,0.6191361242346466,0.6592315300181508,6,"1000,1001,1002,1003,1004,1005",67800,200,True
even-palindrome,structural_features,loss,operation,3200,0.6296086209189767,0.027139629601697458,0.5788918066024781,0.6700135200098157,6,"1000,1001,1002,1003,1004,1005",67800,200,True
even-palindrome,structural_features,loss,operation,3400,0.6316543963811516,0.021002755305572777,0.6082668708171696,0.6683807553700172,6,"1000,1001,1002,1003,1004,1005",67800,200,True
even-palindrome,structural_features,loss,operation,3600,0.6242752936094379,0.01790222125452968,0.5946268446184695,0.6471330439671874,6,"1000,1001,1002,1003,1004,1005",67800,200,True
even-palindrome,structural_features,loss,operation,3800,0.6242267039049572,0.020981923685856652,0.5896257971227169,0.6523789450898767,6,"1000,1001,1002,1003,1004,1005",67800,200,True
even-palindrome,structural_features,loss,operation,4000,0.6157447950580778,0.0366439429614464,0.5617098830919712,0.6770300627406687,6,"1000,1001,1002,1003,1004,1005",67800,200,True
even-palindrome,structural_features,loss,operation,4200,0.6426719859157068,0.02395824256501129,0.5963254263484851,0.6715552758332342,6,"1000,1001,1002,1003,1004,1005",67800,200,True
even-palindrome,structural_features,loss,operation,4400,0.6284553602174855,0.020708112681660024,0.5985850934032351,0.6634835369512438,6,"1000,1001,1002,1003,1004,1005",67800,200,True
even-palindrome,structural_features,loss,operation,4600,0.6237985568035705,0.04598346286609722,0.5585509975906462,0.6872955378144979,6,"1000,1001,1002,1003,1004,1005",67800,200,True
even-palindrome,structural_features,loss,operation,4800,0.6395103561055536,0.0470286270685012,0.5898234413284809,0.7366356028150767,6,"1000,1001,1002,1003,1004,1005",67800,200,True
even-palindrome,structural_features,loss,operation,5000,0.6192316225039151,0.03653564100330678,0.5675664564827457,0.6719455406442285,6,"1000,1001,1002,1003,1004,1005",67800,200,True
even-palindrome,structural_features,loss,operation,5200,0.616408159743684,0.020510360723284177,0.5894373973459005,0.6383389614988119,6,"1000,1001,1002,1003,1004,1005",67800,200,True
even-palindrome,structural_features,loss,operation,5400,0.6092773761212205,0.031905897668884,0.5668483581393957,0.6596151877194643,6,"1000,1001,1002,1003,1004,1005",67800,200,True
even-palindrome,structural_features,loss,operation,5600,0.6154338821656226,0.02286034404095941,0.5827584055159241,0.6428121629543603,6,"1000,1001,1002,1003,1004,1005",67800,200,True
even-palindrome,structural_features,loss,operation,5800,0.6088275445826973,0.024672020779727816,0.5757171193463728,0.6390984009020031,6,"1000,1001,1002,1003,1004,1005",67800,200,True
even-palindrome,structural_features,loss,operation,6000,0.6034713836200535,0.03137334779376365,0.5367536109453067,0.6326513451524078,6,"1000,1001,1002,1003,1004,1005",67800,200,True
even-palindrome,structural_features,loss,operation,6200,0.6198563840077259,0.04041321048047496,0.5819343383656814,0.681234696675092,6,"1000,1001,1002,1003,1004,1005",67800,200,True
even-palindrome,structural_features,loss,operation,6400,0.6039063308372473,0.026332644436800095,0.5660572274425067,0.6304803800862282,6,"1000,1001,1002,1003,1004,1005",67800,200,True
even-palindrome,structural_features,loss,operation,6600,0.6046534128215475,0.03618400455450032,0.5395006770361215,0.6566739808674902,6,"1000,1001,1002,1003,1004,1005",67800,200,True
even-palindrome,structural_features,loss,operation,6800,0.6008149392297492,0.031157364112272996,0.541761524407193,0.6376580632757396,6,"1000,1001,1002,1003,1004,1005",67800,200,True
even-palindrome,structural_features,loss,operation,7000,0.607021815077751,0.038215835881521824,0.5495814530423376,0.6546609650738537,6,"1000,1001,1002,1003,1004,1005",67800,200,True
even-palindrome,structural_features,loss,operation,7200,0.59930888854006,0.04539285858567511,0.5165125879249536,0.6625751614384353,6,"1000,1001,1002,1003,1004,1005",67800,200,True
even-palindrome,structural_features,loss,operation,7400,0.5917566346767126,0.0377919492668821,0.5513311652594711,0.6682057586475275,6,"1000,1001,1002,1003,1004,1005",67800,200,True
even-palindrome,structural_features,loss,operation,7600,0.5731720307360714,0.029621680428514555,0.5175480584497564,0.6123912003682926,6,"1000,1001,1002,1003,1004,1005",67800,200,True
even-palindrome,structural_features,loss,operation,7800,0.5660795512362772,0.0424503868365736,0.497552382213762,0.6184184297407046,6,"1000,1001,1002,1003,1004,1005",67800,200,True
even-palindrome,structural_features,loss,operation,8000,0.553845657252629,0.03288679496152804,0.4970272117643617,0.6019228752981871,6,"1000,1001,1002,1003,1004,1005",67800,200,True
even-palindrome,structural_features,loss,operation,8200,0.5889845384308138,0.030484787718799863,0.5488160035130568,0.6291988651524298,6,"1000,1001,1002,1003,1004,1005",67800,200,True
even-palindrome,structural_features,loss,operation,8400,0.6259669503222297,0.06870063487141817,0.5648448481049855,0.7683368226140738,6,"1000,1001,1002,1003,1004,1005",67800,200,True
even-palindrome,structural_features,loss,operation,8600,0.5958929358709915,0.02864814429568713,0.5565538546955213,0.6357773781707511,6,"1000,1001,1002,1003,1004,1005",67800,200,True
even-palindrome,structural_features,loss,operation,8800,0.5864241052564466,0.04339533395841418,0.5095261903956998,0.6462021277239546,6,"1000,1001,1002,1003,1004,1005",67800,200,True
even-palindrome,structural_features,loss,operation,9000,0.5639255228552308,0.03940515482151456,0.48298798004165294,0.6121527214738307,6,"1000,1001,1002,1003,1004,1005",67800,200,True
even-palindrome,structural_features,loss,operation,9200,0.5550650034466525,0.011034504275763106,0.5421751666301862,0.5759153133421205,6,"1000,1001,1002,1003,1004,1005",67800,200,True
even-palindrome,structural_features,loss,operation,9400,0.5673353472538293,0.01569975672313809,0.5384004154009745,0.5859348894632421,6,"1000,1001,1002,1003,1004,1005",67800,200,True
even-palindrome,structural_features,loss,operation,9600,0.5753400485723977,0.0334840325670423,0.529185648355633,0.6298946976370644,6,"1000,1001,1002,1003,1004,1005",67800,200,True
even-palindrome,structural_features,loss,operation,9800,0.5676843020706049,0.021139341200588815,0.5416230909270234,0.6111149338562973,6,"1000,1001,1002,1003,1004,1005",67800,200,True
even-palindrome,structural_features,loss,operation,10000,0.5855487957625883,0.01647012625835369,0.5640161390719004,0.6053312098537572,6,"1000,1001,1002,1003,1004,1005",67800,200,True
even-palindrome,structural_features,loss,operation,10200,0.5447289142814892,0.04287091528792339,0.4781020775157958,0.6162326286220923,6,"1000,1001,1002,1003,1004,1005",67800,200,True
even-palindrome,structural_features,loss,operation,10400,0.5420369790161689,0.03605699948138746,0.49568641325226054,0.5912066110037267,6,"1000,1001,1002,1003,1004,1005",67800,200,True
even-palindrome,structural_features,loss,operation,10600,0.5461377618571471,0.019135171024695627,0.5192833371507004,0.5785435656411573,6,"1000,1001,1002,1003,1004,1005",67800,200,True
even-palindrome,structural_features,loss,operation,10800,0.5398479709148524,0.04415127570723309,0.4691595592413796,0.604798461094033,6,"1000,1001,1002,1003,1004,1005",67800,200,True
even-palindrome,structural_features,loss,operation,11000,0.5331803515460342,0.02571823505668857,0.4934798982797656,0.5807606375473552,6,"1000,1001,1002,1003,1004,1005",67800,200,True
even-palindrome,structural_features,loss,operation,11200,0.5351850600437804,0.01725976132415827,0.5090222440194339,0.5572979949740693,6,"1000,1001,1002,1003,1004,1005",67800,200,True
even-palindrome,structural_features,loss,operation,11400,0.5301572619366924,0.03425536969163836,0.476326352203032,0.5728641700115986,6,"1000,1001,1002,1003,1004,1005",67800,200,True
even-palindrome,structural_features,loss,operation,11600,0.5726781905665606,0.06801553426422317,0.4477941948757507,0.6749478831328452,6,"1000,1001,1002,1003,1004,1005",67800,200,True
even-palindrome,structural_features,loss,operation,11800,0.5509727609105176,0.03643901040276229,0.5117139322997537,0.6160104340873659,6,"1000,1001,1002,1003,1004,1005",67800,200,True
even-palindrome,structural_features,loss,operation,12000,0.5691298729418001,0.03201093497289272,0.526972690524417,0.61065476184187,6,"1000,1001,1002,1003,1004,1005",67800,200,True
even-palindrome,structural_features,loss,operation,12200,0.5461004059785045,0.03911718248583058,0.5132782650529407,0.6274884716095402,6,"1000,1001,1002,1003,1004,1005",67800,200,True
even-palindrome,structural_features,loss,operation,12400,0.5215837610710877,0.04433063435943,0.44043299977900463,0.5710089894954581,6,"1000,1001,1002,1003,1004,1005",67800,200,True
even-palindrome,structural_features,loss,operation,12600,0.5550456903071608,0.04501852657712033,0.4773339163919445,0.6013885160768404,6,"1000,1001,1002,1003,1004,1005",67800,200,True
even-palindrome,structural_features,loss,operation,12800,0.5153412283050419,0.02935198972847428,0.48798049090401036,0.5784023934579454,6,"1000,1001,1002,1003,1004,1005",67800,200,True
even-palindrome,structural_features,loss,operation,13000,0.5376889675486988,0.06363322955316617,0.4435678637737874,0.6486140072136186,6,"1000,1001,1002,1003,1004,1005",67800,200,True
even-palindrome,structural_features,loss,operation,13200,0.520885679187486,0.03730791832595784,0.4790785319270799,0.5817905702767894,6,"1000,1001,1002,1003,1004,1005",67800,200,True
even-palindrome,structural_features,loss,operation,13400,0.5400343288724737,0.046790591263078316,0.4914099581091432,0.6293063875322695,6,"1000,1001,1002,1003,1004,1005",67800,200,True
even-palindrome,structural_features,loss,operation,13600,0.5619603378569202,0.04134784046420891,0.5078484266286251,0.6146062106714817,6,"1000,1001,1002,1003,1004,1005",67800,200,True
even-palindrome,structural_features,loss,operation,13800,0.5423950639917167,0.0572763355431552,0.4572796225151978,0.6186257681681309,6,"1000,1001,1002,1003,1004,1005",67800,200,True
even-palindrome,structural_features,loss,operation,14000,0.5309069490233379,0.03370146002652687,0.4968399590399349,0.5881326774612535,6,"1000,1001,1002,1003,1004,1005",67800,200,True
even-palindrome,structural_features,loss,operation,14200,0.5298153120433078,0.03145028401419874,0.49291525842883854,0.5729739260830684,6,"1000,1001,1002,1003,1004,1005",67800,200,True
even-palindrome,structural_features,loss,operation,14400,0.5102301608507697,0.03739512911060343,0.44873409154213734,0.5656656372878933,6,"1000,1001,1002,1003,1004,1005",67800,200,True
even-palindrome,structural_features,loss,operation,14600,0.5062565526779509,0.03606592385525819,0.46270812848582865,0.5788161369747832,6,"1000,1001,1002,1003,1004,1005",67800,200,True
even-palindrome,structural_features,loss,operation,14800,0.4926919177025653,0.035442967006107245,0.44628768473048697,0.5402519369591028,6,"1000,1001,1002,1003,1004,1005",67800,200,True
even-palindrome,structural_features,loss,operation,15000,0.5089035254692136,0.04457120160717349,0.4520143682777416,0.5628588151719305,6,"1000,1001,1002,1003,1004,1005",67800,200,True
even-palindrome,structural_features,loss,operation,15200,0.5273754258773019,0.04565627607228365,0.4827990096306894,0.6083551858970896,6,"1000,1001,1002,1003,1004,1005",67800,200,True
even-palindrome,structural_features,loss,operation,15400,0.5305419670727133,0.06946388093361236,0.4546203652564145,0.6617284086364088,6,"1000,1001,1002,1003,1004,1005",67800,200,True
even-palindrome,structural_features,loss,operation,15600,0.5183935623312815,0.04010507201226231,0.4519457731649163,0.5651313963381108,6,"1000,1001,1002,1003,1004,1005",67800,200,True
even-palindrome,structural_features,loss,operation,15800,0.4797026375381514,0.025633446819232113,0.44287089844794536,0.515532934788498,6,"1000,1001,1002,1003,1004,1005",67800,200,True
even-palindrome,structural_features,loss,operation,16000,0.5566101236158769,0.06966873827900733,0.48486938062676926,0.6996130729769356,6,"1000,1001,1002,1003,1004,1005",67800,200,True
even-palindrome,structural_features,loss,operation,16200,0.5118014335341771,0.04753361046541762,0.4469482322043041,0.6044054396386491,6,"1000,1001,1002,1003,1004,1005",67800,200,True
even-palindrome,structural_features,loss,operation,16400,0.5385857082205864,0.04599029968682826,0.49426447936537443,0.6111192738916725,6,"1000,1001,1002,1003,1004,1005",67800,200,True
even-palindrome,structural_features,loss,operation,16600,0.5230322293517868,0.061369999787125394,0.45342617397676804,0.6157638688554289,6,"1000,1001,1002,1003,1004,1005",67800,200,True
even-palindrome,structural_features,loss,operation,16800,0.5143071292076395,0.03093181370423522,0.4781304763804656,0.5568703405361157,6,"1000,1001,1002,1003,1004,1005",67800,200,True
even-palindrome,structural_features,loss,operation,17000,0.4975485389912501,0.02546861332477113,0.45950639500370016,0.5422692430095049,6,"1000,1001,1002,1003,1004,1005",67800,200,True
even-palindrome,structural_features,loss,operation,17200,0.48787763213690294,0.031143447295249184,0.4575474466639571,0.5428998508199584,6,"1000,1001,1002,1003,1004,1005",67800,200,True
even-palindrome,structural_features,loss,operation,17400,0.4760542512596051,0.041018685512805714,0.42049607451626797,0.5421987211098894,6,"1000,1001,1002,1003,1004,1005",67800,200,True
even-palindrome,structural_features,loss,operation,17600,0.515038251907196,0.0514615003748287,0.44016810790781163,0.5684166930243373,6,"1000,1001,1002,1003,1004,1005",67800,200,True
even-palindrome,structural_features,loss,operation,17800,0.49101598408461244,0.08152376819679219,0.3893690329161473,0.6099831347999861,6,"1000,1001,1002,1003,1004,1005",67800,200,True
even-palindrome,structural_features,loss,operation,18000,0.4979347734231609,0.07632598402716535,0.3936180612385215,0.6299036712688394,6,"1000,1001,1002,1003,1004,1005",67800,200,True
even-palindrome,structural_features,loss,operation,18200,0.4803052954909799,0.08109849509456375,0.3065276375520625,0.5453515053633601,6,"1000,1001,1002,1003,1004,1005",67800,200,True
even-palindrome,structural_features,loss,operation,18400,0.4741633641857576,0.030409299888558186,0.421774789437768,0.5117016778385732,6,"1000,1001,1002,1003,1004,1005",67800,200,True
even-palindrome,structural_features,loss,operation,18600,0.48174000312501447,0.03930025922685005,0.4288734283653321,0.5544670000131009,6,"1000,1001,1002,1003,1004,1005",67800,200,True
even-palindrome,structural_features,loss,operation,18800,0.5033201264959644,0.03990927491450387,0.46450724807102234,0.5683639254403533,6,"1000,1001,1002,1003,1004,1005",67800,200,True
even-palindrome,structural_features,loss,operation,19000,0.45575161631316097,0.07464245150164911,0.3814397929498227,0.5557945168344304,6,"1000,1001,1002,1003,1004,1005",67800,200,True
even-palindrome,structural_features,loss,operation,19200,0.47599309855269284,0.03337545943381666,0.4408480536474963,0.5382214328472037,6,"1000,1001,1002,1003,1004,1005",67800,200,True
even-palindrome,structural_features,loss,operation,19400,0.45090099013804624,0.06420059721127641,0.34799415164336095,0.5544149665877921,6,"1000,1001,1002,1003,1004,1005",67800,200,True
even-palindrome,structural_features,loss,operation,19600,0.4370270861350097,0.06845492329727101,0.3485034954478033,0.5312434181387653,6,"1000,1001,1002,1003,1004,1005",67800,200,True
even-palindrome,structural_features,loss,operation,19800,0.4624017418990358,0.06960828159272546,0.33865512361808214,0.5723002536373678,6,"1000,1001,1002,1003,1004,1005",67800,200,True
even-palindrome,structural_features,loss,operation,20000,0.40644910307586546,0.05652911852749592,0.34568888695524946,0.5052388594555669,6,"1000,1001,1002,1003,1004,1005",67800,200,True
even-palindrome,structural_features,loss,operation,20200,0.43804227732129214,0.12094797725584085,0.307090354920947,0.6573104919894831,6,"1000,1001,1002,1003,1004,1005",67800,200,True
even-palindrome,structural_features,loss,operation,20400,0.4206178830607678,0.05180991903640477,0.34561784658551914,0.4813782539704698,6,"1000,1001,1002,1003,1004,1005",67800,200,True
even-palindrome,structural_features,loss,operation,20600,0.42373920828933476,0.05882647111560145,0.3370702128513949,0.5173479530075565,6,"1000,1001,1002,1003,1004,1005",67800,200,True
even-palindrome,structural_features,loss,operation,20800,0.3893761654409779,0.05075304817044402,0.3359258234745357,0.4828284604678629,6,"1000,1001,1002,1003,1004,1005",67800,200,True
even-palindrome,structural_features,loss,operation,21000,0.4151825113012091,0.08996252824482771,0.3176929128797201,0.6042584692779929,6,"1000,1001,1002,1003,1004,1005",67800,200,True
even-palindrome,structural_features,loss,operation,21200,0.40094858132836947,0.03541880805998757,0.3544438663989422,0.45382608863466883,6,"1000,1001,1002,1003,1004,1005",67800,200,True
even-palindrome,structural_features,loss,operation,21400,0.4081230451469067,0.056792098990304615,0.31281155991047854,0.49389954805345043,6,"1000,1001,1002,1003,1004,1005",67800,200,True
even-palindrome,structural_features,loss,operation,21600,0.4012022541805102,0.10735751845460915,0.269835806839983,0.5998394792794716,6,"1000,1001,1002,1003,1004,1005",67800,200,True
even-palindrome,structural_features,loss,operation,21800,0.3971121199364642,0.05066381158815205,0.3225347783998586,0.4718690236567636,6,"1000,1001,1002,1003,1004,1005",67800,200,True
even-palindrome,structural_features,loss,operation,22000,0.35435790724057975,0.04356504279445301,0.28690401206651583,0.4133320781377552,6,"1000,1001,1002,1003,1004,1005",67800,200,True
even-palindrome,structural_features,loss,operation,22200,0.37081486892391696,0.07994520971825973,0.23994009531015764,0.45988710430276114,6,"1000,1001,1002,1003,1004,1005",67800,200,True
even-palindrome,structural_features,loss,operation,22400,0.3842608897768393,0.03585324471989961,0.3202533639161265,0.4237923377242987,6,"1000,1001,1002,1003,1004,1005",67800,200,True
even-palindrome,structural_features,loss,operation,22600,0.3271339417650476,0.0637739338505576,0.24487876183695334,0.424567341429065,6,"1000,1001,1002,1003,1004,1005",67800,200,True
even-palindrome,structural_features,loss,operation,22800,0.38158952004779473,0.06334119272141894,0.276704642775876,0.47794850177509945,6,"1000,1001,1002,1003,1004,1005",67800,200,True
even-palindrome,structural_features,loss,operation,23000,0.446435136030741,0.11500856830742619,0.32237379181402503,0.6369431372139661,6,"1000,1001,1002,1003,1004,1005",67800,200,True
even-palindrome,structural_features,loss,operation,23200,0.39665130518020913,0.059440451730658136,0.29298179615972914,0.471516476572433,6,"1000,1001,1002,1003,1004,1005",67800,200,True
even-palindrome,structural_features,loss,operation,23400,0.36058771595152694,0.05429179656452635,0.2551395997095096,0.42357484486245084,6,"1000,1001,1002,1003,1004,1005",67800,200,True
even-palindrome,structural_features,loss,operation,23600,0.36648954829172004,0.06352885937784362,0.22990385036391672,0.42276491824886764,6,"1000,1001,1002,1003,1004,1005",67800,200,True
even-palindrome,structural_features,loss,operation,23800,0.3217648532831299,0.06085423401400607,0.23765308063695556,0.4084807429720968,6,"1000,1001,1002,1003,1004,1005",67800,200,True
even-palindrome,structural_features,loss,operation,24000,0.34493842917065193,0.06456771785172781,0.25807746518970814,0.45780487059986624,6,"1000,1001,1002,1003,1004,1005",67800,200,True
even-palindrome,structural_features,loss,operation,24200,0.34023028132253486,0.05841172597021331,0.2648573228433088,0.4145873086350912,6,"1000,1001,1002,1003,1004,1005",67800,200,True
even-palindrome,structural_features,loss,operation,24400,0.3173178265961299,0.08485378097880711,0.20576303297260892,0.45447003466251773,6,"1000,1001,1002,1003,1004,1005",67800,200,True
even-palindrome,structural_features,loss,operation,24600,0.3642247430380788,0.04822569120938222,0.28873359913879537,0.4214937027919223,6,"1000,1001,1002,1003,1004,1005",67800,200,True
even-palindrome,structural_features,loss,operation,24800,0.29693488793297246,0.04640636800985106,0.20309200957199208,0.34218994437818767,6,"1000,1001,1002,1003,1004,1005",67800,200,True
even-palindrome,structural_features,loss,operation,25000,0.3241575425945727,0.05297395368181785,0.22086437934507558,0.3886260716625111,6,"1000,1001,1002,1003,1004,1005",67800,200,True
even-palindrome,structural_features,loss,operation,25200,0.3108413538261084,0.045905445434301195,0.24451989265042356,0.3593842350837076,6,"1000,1001,1002,1003,1004,1005",67800,200,True
even-palindrome,structural_features,loss,operation,25400,0.29391842972932863,0.051453986424752005,0.1898828376000165,0.352819063126517,6,"1000,1001,1002,1003,1004,1005",67800,200,True
even-palindrome,structural_features,loss,operation,25600,0.3477617781848797,0.023565337751477455,0.31823006211372556,0.38342430093907753,6,"1000,1001,1002,1003,1004,1005",67800,200,True
even-palindrome,structural_features,loss,operation,25800,0.2956710682352847,0.06663866615735457,0.16672124494361923,0.38206653819943315,6,"1000,1001,1002,1003,1004,1005",67800,200,True
even-palindrome,structural_features,loss,operation,26000,0.28409231069054836,0.0690921624619487,0.18889964569883888,0.38456025496474466,6,"1000,1001,1002,1003,1004,1005",67800,200,True
even-palindrome,structural_features,loss,operation,26200,0.36281425874415313,0.11402543756937807,0.1922806023720841,0.5327954206205322,6,"1000,1001,1002,1003,1004,1005",67800,200,True
even-palindrome,structural_features,loss,operation,26400,0.3054305904801246,0.113727262870137,0.18960486356645562,0.5490710758423666,6,"1000,1001,1002,1003,1004,1005",67800,200,True
even-palindrome,structural_features,loss,operation,26600,0.33244131781610725,0.07948291087106894,0.18741957137208373,0.45159783324517777,6,"1000,1001,1002,1003,1004,1005",67800,200,True
even-palindrome,structural_features,loss,operation,26800,0.32856402287045666,0.08597102475258829,0.20446277175647992,0.4804004155250732,6,"1000,1001,1002,1003,1004,1005",67800,200,True
even-palindrome,structural_features,loss,operation,27000,0.3221422432332777,0.10869640772357247,0.18336305635275493,0.48028170064702863,6,"1000,1001,1002,1003,1004,1005",67800,200,True
even-palindrome,structural_features,loss,operation,27200,0.304812227830098,0.08881273320671497,0.15523813334166334,0.43901287898479496,6,"1000,1001,1002,1003,1004,1005",67800,200,True
even-palindrome,structural_features,loss,operation,27400,0.3199395528145578,0.08546708608137833,0.18607153623728664,0.47431947634671817,6,"1000,1001,1002,1003,1004,1005",67800,200,True
even-palindrome,structural_features,loss,operation,27600,0.3398982349314246,0.11074027289044056,0.19284804821516446,0.5420019917051832,6,"1000,1001,1002,1003,1004,1005",67800,200,True
even-palindrome,structural_features,loss,operation,27800,0.28713694182441635,0.09061457390782128,0.1247328336431019,0.4151970364362933,6,"1000,1001,1002,1003,1004,1005",67800,200,True
even-palindrome,structural_features,loss,operation,28000,0.32232822965349145,0.09042171986836903,0.148295829958588,0.4555464130541077,6,"1000,1001,1002,1003,1004,1005",67800,200,True
even-palindrome,structural_features,loss,operation,28200,0.3032986878110023,0.11313001969226383,0.09228001698989828,0.4716669972916134,6,"1000,1001,1002,1003,1004,1005",67800,200,True
even-palindrome,structural_features,loss,operation,28400,0.34928061369965996,0.10759411917953274,0.17255989017412504,0.5228988198708976,6,"1000,1001,1002,1003,1004,1005",67800,200,True
even-palindrome,structural_features,loss,operation,28600,0.24866517607202698,0.0707010584216902,0.10601795963077165,0.32361920509574704,6,"1000,1001,1002,1003,1004,1005",67800,200,True
even-palindrome,structural_features,loss,operation,28800,0.2839843883254374,0.07973068069604594,0.1370267344424792,0.398038693027338,6,"1000,1001,1002,1003,1004,1005",67800,200,True
even-palindrome,structural_features,loss,operation,29000,0.28657482072235024,0.07794530884112308,0.11508587187876401,0.3409597173148359,6,"1000,1001,1002,1003,1004,1005",67800,200,True
even-palindrome,structural_features,loss,operation,29200,0.26650119904233477,0.1012206375092093,0.09883071942047536,0.41777722571860065,6,"1000,1001,1002,1003,1004,1005",67800,200,True
even-palindrome,structural_features,loss,operation,29400,0.23602631743989452,0.07346620694540565,0.08460311237889982,0.32451674347445075,6,"1000,1001,1002,1003,1004,1005",67800,200,True
even-palindrome,structural_features,loss,operation,29600,0.24049934930627692,0.08455725371453708,0.06200142957499338,0.32254869406202485,6,"1000,1001,1002,1003,1004,1005",67800,200,True
even-palindrome,structural_features,loss,operation,29800,0.23608897720112207,0.03576257930686454,0.16909431224588845,0.2744688828253857,6,"1000,1001,1002,1003,1004,1005",67800,200,True
even-palindrome,structural_features,loss,operation,30000,0.22952370344830342,0.06877481441208455,0.125454804957335,0.3429549095608672,6,"1000,1001,1002,1003,1004,1005",67800,200,True
even-palindrome,structural_features,loss,operation,30200,0.21161340590516678,0.07588982833282874,0.05553664361497795,0.286182763178258,6,"1000,1001,1002,1003,1004,1005",67800,200,True
even-palindrome,structural_features,loss,operation,30400,0.2305667849155937,0.12327470157137507,0.02964653727318364,0.37559098170298966,6,"1000,1001,1002,1003,1004,1005",67800,200,True
even-palindrome,structural_features,loss,operation,30600,0.21952214296034223,0.05963833834986683,0.12829583992611332,0.30295998061828866,6,"1000,1001,1002,1003,1004,1005",67800,200,True
even-palindrome,structural_features,loss,operation,30800,0.18040099411402935,0.07431888049834322,0.050494264069720886,0.2626345397168188,6,"1000,1001,1002,1003,1004,1005",67800,200,True
even-palindrome,structural_features,loss,operation,31000,0.24486283449422444,0.10866002114927584,0.08276042982019134,0.3942715544179373,6,"1000,1001,1002,1003,1004,1005",67800,200,True
even-palindrome,structural_features,loss,operation,31200,0.26007966991860487,0.0997419218196107,0.0933000940691818,0.41235828842574845,6,"1000,1001,1002,1003,1004,1005",67800,200,True
even-palindrome,structural_features,loss,operation,31400,0.22172842664684145,0.06356026451102616,0.11481389343789487,0.28653867666678706,6,"1000,1001,1002,1003,1004,1005",67800,200,True
even-palindrome,structural_features,loss,operation,31600,0.18536143700654972,0.08749493412470306,0.04960924766060998,0.288598514104342,6,"1000,1001,1002,1003,1004,1005",67800,200,True
even-palindrome,structural_features,loss,operation,31800,0.2264628006745769,0.07207641843245582,0.15185681952309096,0.36597730197390776,6,"1000,1001,1002,1003,1004,1005",67800,200,True
even-palindrome,structural_features,loss,operation,32000,0.2031913777169939,0.08868324842341863,0.057543114873933515,0.30904963646125905,6,"1000,1001,1002,1003,1004,1005",67800,200,True
even-palindrome,structural_features,loss,operation,32200,0.21264878649209093,0.09675155601784222,0.04528375090387272,0.37478626501693724,6,"1000,1001,1002,1003,1004,1005",67800,200,True
even-palindrome,structural_features,loss,operation,32400,0.16920577339762757,0.08385158476930903,0.048180695099872536,0.2587391029691207,6,"1000,1001,1002,1003,1004,1005",67800,200,True
even-palindrome,structural_features,loss,operation,32600,0.1939398062979755,0.07758374569555683,0.04320252113807783,0.26312956456808023,6,"1000,1001,1002,1003,1004,1005",67800,200,True
even-palindrome,structural_features,loss,operation,32800,0.189616359582814,0.07283808725147874,0.05366368907075866,0.27309175998241697,6,"1000,1001,1002,1003,1004,1005",67800,200,True
even-palindrome,structural_features,loss,operation,33000,0.19971504811902074,0.1202204375437283,0.03318750865439142,0.34534582596719704,6,"1000,1001,1002,1003,1004,1005",67800,200,True
even-palindrome,structural_features,loss,operation,33200,0.19657792555001227,0.08222287758499533,0.036552247816725864,0.2745162241570506,6,"1000,1001,1002,1003,1004,1005",67800,200,True
even-palindrome,structural_features,loss,operation,33400,0.19964519835325403,0.07722913884937424,0.07058065223177663,0.3365559526366087,6,"1000,1001,1002,1003,1004,1005",67800,200,True
even-palindrome,structural_features,loss,operation,33600,0.1960194574280801,0.09115514780586774,0.0769206102390126,0.3424587273434736,6,"1000,1001,1002,1003,1004,1005",67800,200,True
even-palindrome,structural_features,loss,operation,33800,0.20434340097140344,0.07112412197970584,0.09209120089127282,0.28069017698195237,6,"1000,1001,1002,1003,1004,1005",67800,200,True
even-palindrome,structural_features,loss,operation,34000,0.17257885207734547,0.08739311156159048,0.0222014204473453,0.27788207649555263,6,"1000,1001,1002,1003,1004,1005",67800,200,True
even-palindrome,structural_features,loss,operation,34200,0.21285361428922403,0.097784019025164,0.06635093691535075,0.2997611394854539,6,"1000,1001,1002,1003,1004,1005",67800,200,True
even-palindrome,structural_features,loss,operation,34400,0.1940898185282792,0.05349913906914644,0.11286015778787259,0.25646125598570507,6,"1000,1001,1002,1003,1004,1005",67800,200,True
even-palindrome,structural_features,loss,operation,34600,0.18970245133888888,0.08095433383530527,0.028580675346506722,0.27379669811580243,6,"1000,1001,1002,1003,1004,1005",67800,200,True
even-palindrome,structural_features,loss,operation,34800,0.2063184975252962,0.10850171864508691,0.06702256979546518,0.36592250320729364,6,"1000,1001,1002,1003,1004,1005",67800,200,True
even-palindrome,structural_features,loss,operation,35000,0.15148140843730173,0.09223792075985525,0.010125264073485596,0.23217028401137213,6,"1000,1001,1002,1003,1004,1005",67800,200,True
even-palindrome,structural_features,loss,operation,35200,0.15975318943607006,0.0843430330251427,0.00892401171469828,0.2522615220590524,6,"1000,1001,1002,1003,1004,1005",67800,200,True
even-palindrome,structural_features,loss,operation,35400,0.17432060465010749,0.09150145695310415,0.032131182608197834,0.2596217211956537,6,"1000,1001,1002,1003,1004,1005",67800,200,True
even-palindrome,structural_features,loss,operation,35600,0.1717146279829448,0.10503165006479256,0.024881164999303564,0.30008038051430047,6,"1000,1001,1002,1003,1004,1005",67800,200,True
even-palindrome,structural_features,loss,operation,35800,0.18884307058142477,0.10318415979796054,0.0002362792298254135,0.3074742034543306,6,"1000,1001,1002,1003,1004,1005",67800,200,True
even-palindrome,structural_features,loss,operation,36000,0.2280055360748927,0.05211486812289948,0.15066307295361867,0.31513316060027136,6,"1000,1001,1002,1003,1004,1005",67800,200,True
even-palindrome,structural_features,loss,operation,36200,0.21511733319383144,0.07139133791879856,0.06303119396791317,0.27876217251833224,6,"1000,1001,1002,1003,1004,1005",67800,200,True
even-palindrome,structural_features,loss,operation,36400,0.16611076603701935,0.08096827845606867,0.06601019782932667,0.27795457765992976,6,"1000,1001,1002,1003,1004,1005",67800,200,True
even-palindrome,structural_features,loss,operation,36600,0.19338196800420712,0.09358843981305753,0.01896937830796901,0.3096765023396074,6,"1000,1001,1002,1003,1004,1005",67800,200,True
even-palindrome,structural_features,loss,operation,36800,0.18628877353997872,0.08803335622577668,0.04406581386686412,0.2855120560553041,6,"1000,1001,1002,1003,1004,1005",67800,200,True
even-palindrome,structural_features,loss,operation,37000,0.14403018707935036,0.061172819333769224,0.0650840157816583,0.2469183950137358,6,"1000,1001,1002,1003,1004,1005",67800,200,True
even-palindrome,structural_features,loss,operation,37200,0.2097909101215121,0.08747068260067865,0.0906660407959987,0.34394401967323573,6,"1000,1001,1002,1003,1004,1005",67800,200,True
even-palindrome,structural_features,loss,operation,37400,0.1593157187531409,0.09494932616408279,0.012943925780065228,0.3045133876111595,6,"1000,1001,1002,1003,1004,1005",67800,200,True
even-palindrome,structural_features,loss,operation,37600,0.19525847960491782,0.060122769811558216,0.09654924943780316,0.25872980953619845,6,"1000,1001,1002,1003,1004,1005",67800,200,True
even-palindrome,structural_features,loss,operation,37800,0.17703378084761623,0.1036628632689415,0.0014598405814859915,0.35701414085256145,6,"1000,1001,1002,1003,1004,1005",67800,200,True
even-palindrome,structural_features,loss,operation,38000,0.2039628131438056,0.11478426389710578,0.0297623675100084,0.3994845206311811,6,"1000,1001,1002,1003,1004,1005",67800,200,True
even-palindrome,structural_features,loss,operation,38200,0.3865870451525289,0.29785914798491914,0.0721413883034134,1.016695152946304,6,"1000,1001,1002,1003,1004,1005",67800,200,True
even-palindrome,structural_features,loss,operation,38400,0.23195990680706824,0.10684291068442808,0.08362710342461782,0.4441535339461552,6,"1000,1001,1002,1003,1004,1005",67800,200,True
even-palindrome,structural_features,loss,operation,38600,0.14200484331850324,0.08234688220076976,0.015347085835892359,0.2469298362032714,6,"1000,1001,1002,1003,1004,1005",67800,200,True
even-palindrome,structural_features,loss,operation,38800,0.2238446578179658,0.08530419485761297,0.09130510367907846,0.3675235476234957,6,"1000,1001,1002,1003,1004,1005",67800,200,True
even-palindrome,structural_features,loss,operation,39000,0.1972265695534715,0.09442369386356528,0.0718964034175758,0.3203546827814216,6,"1000,1001,1002,1003,1004,1005",67800,200,True
even-palindrome,structural_features,loss,operation,39200,0.16263550284620254,0.07572859467623229,0.04276196534667065,0.2533142904257329,6,"1000,1001,1002,1003,1004,1005",67800,200,True
even-palindrome,structural_features,loss,operation,39400,0.16233409674814225,0.09115517416762957,0.016660785232797935,0.2533739440236423,6,"1000,1001,1002,1003,1004,1005",67800,200,True
even-palindrome,structural_features,loss,operation,39600,0.18112225050910602,0.13280793644684685,0.0004044870368306874,0.36936366337537035,6,"1000,1001,1002,1003,1004,1005",67800,200,True
even-palindrome,structural_features,loss,operation,39800,0.19062559897714207,0.105644264109755,0.05060889640436926,0.3667046228475192,6,"1000,1001,1002,1003,1004,1005",67800,200,True
even-palindrome,structural_features,loss,operation,40000,0.1879146152549537,0.08509224705834142,0.032768417198271324,0.3001466009115029,6,"1000,1001,1002,1003,1004,1005",67800,200,True
even-palindrome,structural_features,loss,operation,40200,0.16486385937918557,0.11267861365431352,0.005252999380459187,0.29271979325389114,6,"1000,1001,1002,1003,1004,1005",67800,200,True
even-palindrome,structural_features,loss,operation,40400,0.17316207457653487,0.09395979019222968,0.033100694961972155,0.32789355350152616,6,"1000,1001,1002,1003,1004,1005",67800,200,True
even-palindrome,structural_features,loss,operation,40600,0.12310521352309263,0.09410493684658094,5.162074933721783e-05,0.23435266422222412,6,"1000,1001,1002,1003,1004,1005",67800,200,True
even-palindrome,structural_features,loss,operation,40800,0.1709266032809554,0.05113943045827998,0.06374487346761294,0.21688205866521457,6,"1000,1001,1002,1003,1004,1005",67800,200,True
even-palindrome,structural_features,loss,operation,41000,0.20174703955607173,0.0815249633312465,0.11827189338379218,0.3648920972725318,6,"1000,1001,1002,1003,1004,1005",67800,200,True
even-palindrome,structural_features,loss,operation,41200,0.2202654587835908,0.07005148107142731,0.07829874924815167,0.30270607171150005,6,"1000,1001,1002,1003,1004,1005",67800,200,True
even-palindrome,structural_features,loss,operation,41400,0.18010586435632456,0.08610052421669193,0.02387717638009235,0.30582268712316363,6,"1000,1001,1002,1003,1004,1005",67800,200,True
even-palindrome,structural_features,loss,operation,41600,0.19849342486045987,0.10122178797454938,0.006854313328512944,0.35126794011828677,6,"1000,1001,1002,1003,1004,1005",67800,200,True
even-palindrome,structural_features,loss,operation,41800,0.17903310597598532,0.0882139510081684,0.05109076154360082,0.32230258612897617,6,"1000,1001,1002,1003,1004,1005",67800,200,True
even-palindrome,structural_features,loss,operation,42000,0.12846637960186624,0.09142187312848059,0.0016622272582797137,0.24139256173503781,6,"1000,1001,1002,1003,1004,1005",67800,200,True
even-palindrome,structural_features,loss,operation,42200,0.15977817941298905,0.09501736703892227,0.017635738989865785,0.248304961532167,6,"1000,1001,1002,1003,1004,1005",67800,200,True
even-palindrome,structural_features,loss,operation,42400,0.14454125302797313,0.0874155142564071,0.0005969023510624538,0.2335964960955198,6,"1000,1001,1002,1003,1004,1005",67800,200,True
even-palindrome,structural_features,loss,operation,42600,0.1586440989031518,0.11374737138410498,0.03309593038474947,0.36781630876809684,6,"1000,1001,1002,1003,1004,1005",67800,200,True
even-palindrome,structural_features,loss,operation,42800,0.1927201668743133,0.06699798131403265,0.10334161534162732,0.31562408031323685,6,"1000,1001,1002,1003,1004,1005",67800,200,True
even-palindrome,structural_features,loss,operation,43000,0.15239156793359637,0.027721602519911338,0.10994181536326676,0.18823228531425343,6,"1000,1001,1002,1003,1004,1005",67800,200,True
even-palindrome,structural_features,loss,operation,43200,0.21903645551135478,0.0831668028425165,0.06048120218831926,0.31376558142849037,6,"1000,1001,1002,1003,1004,1005",67800,200,True
even-palindrome,structural_features,loss,operation,43400,0.16836949532572867,0.07475347119310218,0.08473133321658224,0.30889077027848544,6,"1000,1001,1002,1003,1004,1005",67800,200,True
even-palindrome,structural_features,loss,operation,43600,0.2269811223067635,0.1490374344010128,0.03661976031755087,0.5124203247846162,6,"1000,1001,1002,1003,1004,1005",67800,200,True
even-palindrome,structural_features,loss,operation,43800,0.16201343148388853,0.08672777936186887,0.03493717550166366,0.2605470447546304,6,"1000,1001,1002,1003,1004,1005",67800,200,True
even-palindrome,structural_features,loss,operation,44000,0.16271058932336555,0.09170918872704548,0.03013719864841278,0.2538089986059981,6,"1000,1001,1002,1003,1004,1005",67800,200,True
even-palindrome,structural_features,loss,operation,44200,0.1560565448760016,0.11342639698028284,0.00011782476793314344,0.3529373886345638,6,"1000,1001,1002,1003,1004,1005",67800,200,True
even-palindrome,structural_features,loss,operation,44400,0.15228553422585164,0.09501201083981342,0.006317759313111306,0.24029169968110636,6,"1000,1001,1002,1003,1004,1005",67800,200,True
even-palindrome,structural_features,loss,operation,44600,0.1759722671107283,0.08092778843264717,0.057212581230684234,0.3024901067449355,6,"1000,1001,1002,1003,1004,1005",67800,200,True
even-palindrome,structural_features,loss,operation,44800,0.1874460356984012,0.10879415146629756,0.03226820531069734,0.33055731452987175,6,"1000,1001,1002,1003,1004,1005",67800,200,True
even-palindrome,structural_features,loss,operation,45000,0.1529688032345707,0.10901888141444446,6.7150409033232e-05,0.2535081217100651,6,"1000,1001,1002,1003,1004,1005",67800,200,True
even-palindrome,structural_features,loss,operation,45200,0.13165579602761587,0.09224433179447471,0.0012912751088492414,0.27401456796436835,6,"1000,1001,1002,1003,1004,1005",67800,200,True
even-palindrome,structural_features,loss,operation,45400,0.15615519181603235,0.10841913146588243,8.547538975935964e-06,0.30513632708569277,6,"1000,1001,1002,1003,1004,1005",67800,200,True
even-palindrome,structural_features,loss,operation,45600,0.2136926373336593,0.11884776541643474,0.017018192145144887,0.3471818699201549,6,"1000,1001,1002,1003,1004,1005",67800,200,True
even-palindrome,structural_features,loss,operation,45800,0.14354711344442886,0.07174186658573423,0.009935627153022923,0.23966366400049083,6,"1000,1001,1002,1003,1004,1005",67800,200,True
even-palindrome,structural_features,loss,operation,46000,0.16025242248087504,0.11086389805867015,0.0032833361288021876,0.3273218878538364,6,"1000,1001,1002,1003,1004,1005",67800,200,True
even-palindrome,structural_features,loss,operation,46200,0.1309995726098898,0.08091770522383658,0.0050468431538491475,0.21306959812582818,6,"1000,1001,1002,1003,1004,1005",67800,200,True
even-palindrome,structural_features,loss,operation,46400,0.20961830836768788,0.16883541721427012,3.045891764434927e-06,0.5282122114509048,6,"1000,1001,1002,1003,1004,1005",67800,200,True
even-palindrome,structural_features,loss,operation,46600,0.13698143970783092,0.08195702006576847,0.0005009657936716394,0.25645709670799305,6,"1000,1001,1002,1003,1004,1005",67800,200,True
even-palindrome,structural_features,loss,operation,46800,0.1456691161019075,0.0696721713990025,0.00800610174999747,0.23369207428678238,6,"1000,1001,1002,1003,1004,1005",67800,200,True
even-palindrome,structural_features,loss,operation,47000,0.1592657838518021,0.09628925469313182,0.021200657649738445,0.2624023900137422,6,"1000,1001,1002,1003,1004,1005",67800,200,True
even-palindrome,structural_features,loss,operation,47200,0.12928653985018188,0.09435567278430196,0.0027898602904142143,0.25724321100130965,6,"1000,1001,1002,1003,1004,1005",67800,200,True
even-palindrome,structural_features,loss,operation,47400,0.12924844044759473,0.09008748286153188,2.2604657559384122e-05,0.23787712746094938,6,"1000,1001,1002,1003,1004,1005",67800,200,True
even-palindrome,structural_features,loss,operation,47600,0.12594125992159313,0.07604050461989921,0.004963315803666432,0.20826913421004065,6,"1000,1001,1002,1003,1004,1005",67800,200,True
even-palindrome,structural_features,loss,operation,47800,0.17989791288902857,0.0958895010379857,0.011821949089375363,0.2989905942337987,6,"1000,1001,1002,1003,1004,1005",67800,200,True
even-palindrome,structural_features,loss,operation,48000,0.1464781835381053,0.06545652624211876,0.04550763881534195,0.25402747855290725,6,"1000,1001,1002,1003,1004,1005",67800,200,True
even-palindrome,structural_features,loss,operation,48200,0.11879699269458442,0.06394297516913344,5.551704064302499e-05,0.21759158954541818,6,"1000,1001,1002,1003,1004,1005",67800,200,True
even-palindrome,structural_features,loss,operation,48400,0.10683156766086578,0.07069455863197482,1.3226558457120063e-05,0.20605644924267835,6,"1000,1001,1002,1003,1004,1005",67800,200,True
even-palindrome,structural_features,loss,operation,48600,0.15681082710621538,0.08402404082281785,0.046719571159272597,0.2573575825593548,6,"1000,1001,1002,1003,1004,1005",67800,200,True
even-palindrome,structural_features,loss,operation,48800,0.20284075777864,0.14539083666075744,0.021093201158647525,0.5018754245002549,6,"1000,1001,1002,1003,1004,1005",67800,200,True
even-palindrome,structural_features,loss,operation,49000,0.194407621056041,0.08508866831141257,0.08219873847531625,0.34737599560000487,6,"1000,1001,1002,1003,1004,1005",67800,200,True
even-palindrome,structural_features,loss,operation,49200,0.20720331981072837,0.09672761586739587,0.04187497523027961,0.36497594770939484,6,"1000,1001,1002,1003,1004,1005",67800,200,True
even-palindrome,structural_features,loss,operation,49400,0.1519925251915176,0.08703879208088484,0.027895189592376468,0.2798601870456628,6,"1000,1001,1002,1003,1004,1005",67800,200,True
even-palindrome,structural_features,loss,operation,49600,0.10946071189808478,0.082073015455083,0.0013942958722426724,0.22264705037010799,6,"1000,1001,1002,1003,1004,1005",67800,200,True
even-palindrome,structural_features,loss,operation,49800,0.17471534743458597,0.09056147159638553,0.04462185605064489,0.343946914513042,6,"1000,1001,1002,1003,1004,1005",67800,200,True
even-palindrome,structural_features,loss,operation,50000,0.14987633659736713,0.1094344895401807,1.2847813158245458e-05,0.2829100323805392,6,"1000,1001,1002,1003,1004,1005",67800,200,True
even-palindrome,structural_features,loss,operation,50200,0.11930399405417137,0.08933007850465727,0.007332303100227833,0.2471358656353641,6,"1000,1001,1002,1003,1004,1005",67800,200,True
even-palindrome,structural_features,loss,operation,50400,0.1368533723597867,0.09218341802385206,0.00035601671998426455,0.26781109305752354,6,"1000,1001,1002,1003,1004,1005",67800,200,True
even-palindrome,structural_features,loss,operation,50600,0.139262143069338,0.07821911717992198,5.689087300329021e-06,0.24559404709542945,6,"1000,1001,1002,1003,1004,1005",67800,200,True
even-palindrome,structural_features,loss,operation,50800,0.16863587954882966,0.09782279980454428,0.03799173985580616,0.3076014467273717,6,"1000,1001,1002,1003,1004,1005",67800,200,True
even-palindrome,structural_features,loss,operation,51000,0.12825620412531055,0.063447823882687,0.010418011292060181,0.20337852788329655,6,"1000,1001,1002,1003,1004,1005",67800,200,True
even-palindrome,structural_features,loss,operation,51200,0.17687194593003916,0.06677057276990259,0.09155813644815394,0.27251243845585577,6,"1000,1001,1002,1003,1004,1005",67800,200,True
even-palindrome,structural_features,loss,operation,51400,0.1267927663112057,0.0598328793673415,0.044013529720869186,0.2274469508420259,6,"1000,1001,1002,1003,1004,1005",67800,200,True
even-palindrome,structural_features,loss,operation,51600,0.15952077175933385,0.09376464493222261,0.003694615981192142,0.2846501277476955,6,"1000,1001,1002,1003,1004,1005",67800,200,True
even-palindrome,structural_features,loss,operation,51800,0.17773757434004075,0.06629466426292367,0.10267062813316329,0.29735201975372094,6,"1000,1001,1002,1003,1004,1005",67800,200,True
even-palindrome,structural_features,loss,operation,52000,0.15029810535220273,0.07123384414508938,0.026985334924739562,0.20958854808227784,6,"1000,1001,1002,1003,1004,1005",67800,200,True
even-palindrome,structural_features,loss,operation,52200,0.1564232214475524,0.0444965839723151,0.116267923339566,0.22122259801164773,6,"1000,1001,1002,1003,1004,1005",67800,200,True
even-palindrome,structural_features,loss,operation,52400,0.15784946473996286,0.07599800757243974,0.021312142798986192,0.2258944354680716,6,"1000,1001,1002,1003,1004,1005",67800,200,True
even-palindrome,structural_features,loss,operation,52600,0.12294630343656666,0.06914336647843736,1.8375068941338667e-05,0.21992242682056484,6,"1000,1001,1002,1003,1004,1005",67800,200,True
even-palindrome,structural_features,loss,operation,52800,0.11656756483932003,0.06629828061165588,0.009203375523871387,0.18091426748146033,6,"1000,1001,1002,1003,1004,1005",67800,200,True
even-palindrome,structural_features,loss,operation,53000,0.1917011966972666,0.07494988435917783,0.07740536569602875,0.300661005272807,6,"1000,1001,1002,1003,1004,1005",67800,200,True
even-palindrome,structural_features,loss,operation,53200,0.10601527847989743,0.08808627575038744,6.830437782742393e-05,0.2508827378661067,6,"1000,1001,1002,1003,1004,1005",67800,200,True
even-palindrome,structural_features,loss,operation,53400,0.13509835228909006,0.07952440971689305,9.491981930267458e-06,0.2065323291866457,6,"1000,1001,1002,1003,1004,1005",67800,200,True
even-palindrome,structural_features,loss,operation,53600,0.1631584941673263,0.09200685467390787,8.321745473585108e-06,0.2386905529265732,6,"1000,1001,1002,1003,1004,1005",67800,200,True
even-palindrome,structural_features,loss,operation,53800,0.11160530061472311,0.0656344270373694,0.012061059733751885,0.19978280622402791,6,"1000,1001,1002,1003,1004,1005",67800,200,True
even-palindrome,structural_features,loss,operation,54000,0.08863362716977063,0.06433947257049547,0.00021874844297198326,0.16385697735536384,6,"1000,1001,1002,1003,1004,1005",67800,200,True
even-palindrome,structural_features,loss,operation,54200,0.10804411982411444,0.061491692503926706,0.0009170552867212678,0.16863319658362827,6,"1000,1001,1002,1003,1004,1005",67800,200,True
even-palindrome,structural_features,loss,operation,54400,0.1459217954693328,0.1071772841908399,0.00013103952045618428,0.2775261876649938,6,"1000,1001,1002,1003,1004,1005",67800,200,True
even-palindrome,structural_features,loss,operation,54600,0.1154062193555261,0.05575348630307173,0.028043622376887286,0.17568503311143557,6,"1000,1001,1002,1003,1004,1005",67800,200,True
even-palindrome,structural_features,loss,operation,54800,0.13063793084116437,0.09084633451388778,0.0008836187030743758,0.22138133034632942,6,"1000,1001,1002,1003,1004,1005",67800,200,True
even-palindrome,structural_features,loss,operation,55000,0.17893481177369833,0.06158803717548466,0.123339528666055,0.2955434425351228,6,"1000,1001,1002,1003,1004,1005",67800,200,True
even-palindrome,structural_features,loss,operation,55200,0.10135774041711905,0.078328981357652,0.0019123753768826646,0.24756793438235264,6,"1000,1001,1002,1003,1004,1005",67800,200,True
even-palindrome,structural_features,loss,operation,55400,0.16813030978086171,0.08513130461947524,0.07054376675248118,0.310947133048976,6,"1000,1001,1002,1003,1004,1005",67800,200,True
even-palindrome,structural_features,loss,operation,55600,0.13072706636513676,0.07306944954560415,1.1543657998629442e-05,0.252609133776873,6,"1000,1001,1002,1003,1004,1005",67800,200,True
even-palindrome,structural_features,loss,operation,55800,0.13695416701606586,0.050049627657201334,0.04343009950793097,0.1888611064406473,6,"1000,1001,1002,1003,1004,1005",67800,200,True
even-palindrome,structural_features,loss,operation,56000,0.11573054358180568,0.06830413726360164,0.03688750841208219,0.25466066533502724,6,"1000,1001,1002,1003,1004,1005",67800,200,True
even-palindrome,structural_features,loss,operation,56200,0.12802756070416987,0.06122875486539305,0.02993303583997843,0.22614133009873114,6,"1000,1001,1002,1003,1004,1005",67800,200,True
even-palindrome,structural_features,loss,operation,56400,0.1405416432102544,0.05982593491913855,0.07064217323769185,0.21807605418890716,6,"1000,1001,1002,1003,1004,1005",67800,200,True
even-palindrome,structural_features,loss,operation,56600,0.12597691448837942,0.03302721315769712,0.057689783992868886,0.16280245174793692,6,"1000,1001,1002,1003,1004,1005",67800,200,True
even-palindrome,structural_features,loss,operation,56800,0.11947100250663935,0.06961775491721811,0.000505671965686787,0.21248404475384974,6,"1000,1001,1002,1003,1004,1005",67800,200,True
even-palindrome,structural_features,loss,operation,57000,0.16344322816938764,0.10808246077637015,5.99502877633995e-06,0.31085387931870173,6,"1000,1001,1002,1003,1004,1005",67800,200,True
even-palindrome,structural_features,loss,operation,57200,0.10714634070976231,0.07392656114269974,0.0038101936364921905,0.18972694901442083,6,"1000,1001,1002,1003,1004,1005",67800,200,True
even-palindrome,structural_features,loss,operation,57400,0.10849204354906743,0.08551340719365347,5.481505746125492e-06,0.2112798889063288,6,"1000,1001,1002,1003,1004,1005",67800,200,True
even-palindrome,structural_features,loss,operation,57600,0.14541874055604775,0.079383702310728,0.042198682960522545,0.268383092930913,6,"1000,1001,1002,1003,1004,1005",67800,200,True
even-palindrome,structural_features,loss,operation,57800,0.10993455212775816,0.064680084043911,6.365870985458599e-05,0.1810760589596589,6,"1000,1001,1002,1003,1004,1005",67800,200,True
even-palindrome,structural_features,loss,operation,58000,0.09220768484053932,0.05121456000736965,9.751820991419358e-06,0.15248902591829222,6,"1000,1001,1002,1003,1004,1005",67800,200,True
even-palindrome,structural_features,loss,operation,58200,0.09403291120224921,0.07071567025636369,1.6425982848389254e-06,0.1829252095250331,6,"1000,1001,1002,1003,1004,1005",67800,200,True
even-palindrome,structural_features,loss,operation,58400,0.13446231929186206,0.09416172460075889,0.004710001087355167,0.24929109095197874,6,"1000,1001,1002,1003,1004,1005",67800,200,True
even-palindrome,structural_features,loss,operation,58600,0.1290322993668265,0.05936901095010321,0.0023963174243219498,0.18590328421708022,6,"1000,1001,1002,1003,1004,1005",67800,200,True
even-palindrome,structural_features,loss,operation,58800,0.15265259446020488,0.10446095184413097,2.7750338638554696e-06,0.2540633969573241,6,"1000,1001,1002,1003,1004,1005",67800,200,True
even-palindrome,structural_features,loss,operation,59000,0.1432420430563275,0.0663178888034765,0.05781530373714348,0.25274169045711914,6,"1000,1001,1002,1003,1004,1005",67800,200,True
even-palindrome,structural_features,loss,operation,59200,0.16312789873234498,0.08630853059061719,3.521150250834368e-05,0.2613398087109158,6,"1000,1001,1002,1003,1004,1005",67800,200,True
even-palindrome,structural_features,loss,operation,59400,0.13138593084258351,0.10721931288005161,7.26280258269707e-07,0.3462738026832801,6,"1000,1001,1002,1003,1004,1005",67800,200,True
even-palindrome,structural_features,loss,operation,59600,0.11404140840788941,0.04216397855999749,0.05946341643505668,0.163840603282747,6,"1000,1001,1002,1003,1004,1005",67800,200,True
even-palindrome,structural_features,loss,operation,59800,0.11029484592962603,0.10713229166557223,3.05996525774288e-07,0.3090919569610003,6,"1000,1001,1002,1003,1004,1005",67800,200,True
even-palindrome,structural_features,loss,operation,60000,0.10173216492771113,0.06479813831907617,5.001925988756816e-07,0.1978079018843391,6,"1000,1001,1002,1003,1004,1005",67800,200,True
even-palindrome,structural_features,loss,operation,60200,0.178529109460868,0.08367416012312189,0.03295302547355546,0.2754681283218099,6,"1000,1001,1002,1003,1004,1005",67800,200,True
even-palindrome,structural_features,loss,operation,60400,0.08841240905834523,0.06306203740208512,4.345774601048901e-06,0.1459924096137496,6,"1000,1001,1002,1003,1004,1005",67800,200,True
even-palindrome,structural_features,loss,operation,60600,0.08663612016093042,0.07100685830987864,1.2866549264245464e-07,0.16432318155516554,6,"1000,1001,1002,1003,1004,1005",67800,200,True
even-palindrome,structural_features,loss,operation,60800,0.13526880443168274,0.06500263049158331,0.022408561233997783,0.20497051239201824,6,"1000,1001,1002,1003,1004,1005",67800,200,True
even-palindrome,structural_features,loss,operation,61000,0.11815892255861031,0.05223137957728136,0.062092608502314135,0.22906152638578306,6,"1000,1001,1002,1003,1004,1005",67800,200,True
even-palindrome,structural_features,loss,operation,61200,0.11052464864760843,0.08207838408800537,9.79308909781107e-05,0.22204154729053016,6,"1000,1001,1002,1003,1004,1005",67800,200,True
even-palindrome,structural_features,loss,operation,61400,0.13136731725862194,0.06300198411705427,0.0618034812734584,0.23649719706425118,6,"1000,1001,1002,1003,1004,1005",67800,200,True
even-palindrome,structural_features,loss,operation,61600,0.2269602852944529,0.2011339262737513,2.6138974085811553e-05,0.6367074168768041,6,"1000,1001,1002,1003,1004,1005",67800,200,True
even-palindrome,structural_features,loss,operation,61800,0.12235838046376102,0.06429285149966057,9.652370931363114e-05,0.2013294596241053,6,"1000,1001,1002,1003,1004,1005",67800,200,True
even-palindrome,structural_features,loss,operation,62000,0.16437862927915622,0.11345343339625728,0.020606664645440573,0.3766270794555874,6,"1000,1001,1002,1003,1004,1005",67800,200,True
even-palindrome,structural_features,loss,operation,62200,0.17715433036717662,0.07931202314805869,0.10696887593736391,0.3413415691402815,6,"1000,1001,1002,1003,1004,1005",67800,200,True
even-palindrome,structural_features,loss,operation,62400,0.16548081909027856,0.1129675532259858,0.001557455329877615,0.3573577367118696,6,"1000,1001,1002,1003,1004,1005",67800,200,True
even-palindrome,structural_features,loss,operation,62600,0.11881318849951585,0.0832968067023087,0.0007065424362468531,0.2589110190999463,6,"1000,1001,1002,1003,1004,1005",67800,200,True
even-palindrome,structural_features,loss,operation,62800,0.12945049288324223,0.07886497397730297,0.000477944079943704,0.2395088617161389,6,"1000,1001,1002,1003,1004,1005",67800,200,True
even-palindrome,structural_features,loss,operation,63000,0.12283854235634235,0.094330812993385,7.320923425448545e-05,0.26087783275557286,6,"1000,1001,1002,1003,1004,1005",67800,200,True
even-palindrome,structural_features,loss,operation,63200,0.08652808369974226,0.054607553228692186,6.356609207798514e-07,0.16332049591988607,6,"1000,1001,1002,1003,1004,1005",67800,200,True
even-palindrome,structural_features,loss,operation,63400,0.13047176975203642,0.07791691478788702,0.00023789521984996732,0.24867320097984702,6,"1000,1001,1002,1003,1004,1005",67800,200,True
even-palindrome,structural_features,loss,operation,63600,0.09738893132443179,0.07699536747254758,8.032481410147341e-07,0.21577454650788241,6,"1000,1001,1002,1003,1004,1005",67800,200,True
even-palindrome,structural_features,loss,operation,63800,0.1263272399658455,0.05952408677320599,1.1726063746663739e-05,0.1816301389415969,6,"1000,1001,1002,1003,1004,1005",67800,200,True
even-palindrome,structural_features,loss,operation,64000,0.14552603738744416,0.09793157750531742,0.00025529979658715394,0.28482341204959655,6,"1000,1001,1002,1003,1004,1005",67800,200,True
even-palindrome,structural_features,loss,operation,64200,0.11385461029327137,0.08074865136924843,0.007579549271073237,0.20405274249581568,6,"1000,1001,1002,1003,1004,1005",67800,200,True
even-palindrome,structural_features,loss,operation,64400,0.12342886102750712,0.05754029275804495,0.006581238497808732,0.1924785458165735,6,"1000,1001,1002,1003,1004,1005",67800,200,True
even-palindrome,structural_features,loss,operation,64600,0.09805044692981764,0.07863673623713378,1.234149713619237e-07,0.20345622440210945,6,"1000,1001,1002,1003,1004,1005",67800,200,True
even-palindrome,structural_features,loss,operation,64800,0.11682654861654936,0.10007803438351419,1.1309799344154381e-07,0.29779633541812134,6,"1000,1001,1002,1003,1004,1005",67800,200,True
even-palindrome,structural_features,loss,operation,65000,0.08185606851399078,0.04404179220433613,7.901794113213085e-05,0.13233263434913398,6,"1000,1001,1002,1003,1004,1005",67800,200,True
even-palindrome,structural_features,loss,operation,65200,0.13316381525847862,0.1077586569383814,2.628161920492644e-07,0.2999547743327733,6,"1000,1001,1002,1003,1004,1005",67800,200,True
even-palindrome,structural_features,loss,operation,65400,0.13454358695300098,0.07729140844626481,3.8382669372394316e-07,0.230264145783529,6,"1000,1001,1002,1003,1004,1005",67800,200,True
even-palindrome,structural_features,loss,operation,65600,0.09817825964589454,0.08297421488185885,4.256695490367779e-08,0.2290588431896367,6,"1000,1001,1002,1003,1004,1005",67800,200,True
even-palindrome,structural_features,loss,operation,65800,0.09548352924092551,0.05654176469985625,0.00012167348953025486,0.1480554690898484,6,"1000,1001,1002,1003,1004,1005",67800,200,True
even-palindrome,structural_features,loss,operation,66000,0.11888069387034245,0.09390511232792745,2.4584903656035827e-05,0.2413608113046132,6,"1000,1001,1002,1003,1004,1005",67800,200,True
even-palindrome,structural_features,loss,operation,66200,0.11583255932320712,0.06094381496031001,1.4702192440572351e-06,0.1862648376219761,6,"1000,1001,1002,1003,1004,1005",67800,200,True
even-palindrome,structural_features,loss,operation,66400,0.12134016167213481,0.0866244772073582,2.8067710243885254e-06,0.1995930447737203,6,"1000,1001,1002,1003,1004,1005",67800,200,True
even-palindrome,structural_features,loss,operation,66600,0.13298945731431824,0.07671066996329244,0.012311414844688789,0.2436667165608719,6,"1000,1001,1002,1003,1004,1005",67800,200,True
even-palindrome,structural_features,loss,operation,66800,0.17201598341768431,0.023529719811631968,0.13256653457674517,0.21224104216439513,6,"1000,1001,1002,1003,1004,1005",67800,200,True
even-palindrome,structural_features,loss,operation,67000,0.07656492372683237,0.06663852263857636,3.480124522711736e-08,0.1615110852773023,6,"1000,1001,1002,1003,1004,1005",67800,200,True
even-palindrome,structural_features,loss,operation,67200,0.10783769683405542,0.05061121909824166,0.0478390768197668,0.18811296293837132,6,"1000,1001,1002,1003,1004,1005",67800,200,True
even-palindrome,structural_features,loss,operation,67400,0.11601368210058217,0.09992571266664106,1.57652778690965e-05,0.24936013026252454,6,"1000,1001,1002,1003,1004,1005",67800,200,True
even-palindrome,structural_features,loss,operation,67600,0.07903612970024032,0.060080801741203504,6.320892127556488e-09,0.14835696840028048,6,"1000,1001,1002,1003,1004,1005",67800,200,True
even-palindrome,structural_features,loss,operation,67800,0.1173204383278275,0.07629782749939701,8.58173772327539e-08,0.20765907720748372,6,"1000,1001,1002,1003,1004,1005",67800,200,True
even-palindrome,structural_features,loss,relation,200,0.7041175501048564,0.002692426960843745,0.7005629941821099,0.7073673295974732,6,"1000,1001,1002,1003,1004,1005",67800,200,True
even-palindrome,structural_features,loss,relation,400,0.6981827969352404,0.003111382334917951,0.693329593539238,0.7037753182649612,6,"1000,1001,1002,1003,1004,1005",67800,200,True
even-palindrome,structural_features,loss,relation,600,0.6972183258831501,0.0053369506541066335,0.6899755132198334,0.7032072757184505,6,"1000,1001,1002,1003,1004,1005",67800,200,True
even-palindrome,structural_features,loss,relation,800,0.6996327814211448,0.003385704946403861,0.6960811041295528,0.7060068862140179,6,"1000,1001,1002,1003,1004,1005",67800,200,True
even-palindrome,structural_features,loss,relation,1000,0.6960716364781062,0.005727821612201681,0.6839536042511463,0.7010453879833222,6,"1000,1001,1002,1003,1004,1005",67800,200,True
even-palindrome,structural_features,loss,relation,1200,0.6930522762984038,0.004470237036906601,0.6838358126580715,0.6966455045342446,6,"1000,1001,1002,1003,1004,1005",67800,200,True
even-palindrome,structural_features,loss,relation,1400,0.6940482834850749,0.009090980070717023,0.6763822561502457,0.7061784751713276,6,"1000,1001,1002,1003,1004,1005",67800,200,True
even-palindrome,structural_features,loss,relation,1600,0.6962167058636745,0.01405935088041034,0.67737633690238,0.7126823629438878,6,"1000,1001,1002,1003,1004,1005",67800,200,True
even-palindrome,structural_features,loss,relation,1800,0.6860030345308283,0.0100756038636557,0.6653383804485202,0.6964078110456466,6,"1000,1001,1002,1003,1004,1005",67800,200,True
even-palindrome,structural_features,loss,relation,2000,0.6760645779160162,0.011567117599993668,0.6573431876301765,0.6919017778337002,6,"1000,1001,1002,1003,1004,1005",67800,200,True
even-palindrome,structural_features,loss,relation,2200,0.6746949451540907,0.016314570592234963,0.6542629455775022,0.7059749259799719,6,"1000,1001,1002,1003,1004,1005",67800,200,True
even-palindrome,structural_features,loss,relation,2400,0.662726774631689,0.014822944743638017,0.6439718217402697,0.6923166514933109,6,"1000,1001,1002,1003,1004,1005",67800,200,True
even-palindrome,structural_features,loss,relation,2600,0.6585866797498117,0.021108112026566827,0.6177483709529042,0.6821281658485532,6,"1000,1001,1002,1003,1004,1005",67800,200,True
even-palindrome,structural_features,loss,relation,2800,0.6592513181331258,0.01896500634287723,0.6214480258151889,0.6779876302927732,6,"1000,1001,1002,1003,1004,1005",67800,200,True
even-palindrome,structural_features,loss,relation,3000,0.6452131944832703,0.025907627927717797,0.592153492514044,0.6688572911545634,6,"1000,1001,1002,1003,1004,1005",67800,200,True
even-palindrome,structural_features,loss,relation,3200,0.635955880934683,0.008915914768093575,0.6211014008894563,0.6479766962118447,6,"1000,1001,1002,1003,1004,1005",67800,200,True
even-palindrome,structural_features,loss,relation,3400,0.6281342145117622,0.025567660824533767,0.5859779239073396,0.66735696695745,6,"1000,1001,1002,1003,1004,1005",67800,200,True
even-palindrome,structural_features,loss,relation,3600,0.6365929097984918,0.02639967420039795,0.6041164326667786,0.6747571467421949,6,"1000,1001,1002,1003,1004,1005",67800,200,True
even-palindrome,structural_features,loss,relation,3800,0.6377775172757295,0.013495482698223654,0.6150936886295676,0.6568813681602478,6,"1000,1001,1002,1003,1004,1005",67800,200,True
even-palindrome,structural_features,loss,relation,4000,0.6265462486523513,0.022016150651370407,0.584503228906542,0.646253826264292,6,"1000,1001,1002,1003,1004,1005",67800,200,True
even-palindrome,structural_features,loss,relation,4200,0.6283319236834843,0.02228178085541139,0.5846802799683064,0.6549675941932946,6,"1000,1001,1002,1003,1004,1005",67800,200,True
even-palindrome,structural_features,loss,relation,4400,0.6308527076446141,0.018286951266456932,0.595837894557044,0.6510390232503415,6,"1000,1001,1002,1003,1004,1005",67800,200,True
even-palindrome,structural_features,loss,relation,4600,0.6180570400847744,0.020150966798552335,0.5931855788640678,0.657471665404737,6,"1000,1001,1002,1003,1004,1005",67800,200,True
even-palindrome,structural_features,loss,relation,4800,0.6069119804919076,0.02455251584756034,0.5544156680162996,0.627316511804238,6,"1000,1001,1002,1003,1004,1005",67800,200,True
even-palindrome,structural_features,loss,relation,5000,0.6031610991885343,0.017303986029439767,0.5781272903177888,0.6309945347066969,6,"1000,1001,1002,1003,1004,1005",67800,200,True
even-palindrome,structural_features,loss,relation,5200,0.6059313184244092,0.028099745945467696,0.5479550732020289,0.6308274130988866,6,"1000,1001,1002,1003,1004,1005",67800,200,True
even-palindrome,structural_features,loss,relation,5400,0.6199071179081996,0.012943036485665445,0.6094233501376585,0.6438096800586208,6,"1000,1001,1002,1003,1004,1005",67800,200,True
even-palindrome,structural_features,loss,relation,5600,0.59785178512102,0.01780649304752656,0.5719722320279107,0.6211452716682107,6,"1000,1001,1002,1003,1004,1005",67800,200,True
even-palindrome,structural_features,loss,relation,5800,0.5769500520670165,0.036169650794100235,0.5149217689502984,0.6379446109291166,6,"1000,1001,1002,1003,1004,1005",67800,200,True
even-palindrome,structural_features,loss,relation,6000,0.5913111027238968,0.016764370266217663,0.5684971031127497,0.6191324855259154,6,"1000,1001,1002,1003,1004,1005",67800,200,True
even-palindrome,structural_features,loss,relation,6200,0.5977607194345911,0.022092311764905743,0.5633128389553167,0.6247895928146318,6,"1000,1001,1002,1003,1004,1005",67800,200,True
even-palindrome,structural_features,loss,relation,6400,0.5907014136158008,0.02200599637836136,0.5598371666076127,0.6303393581695854,6,"1000,1001,1002,1003,1004,1005",67800,200,True
even-palindrome,structural_features,loss,relation,6600,0.6077937152752807,0.02309953669480201,0.5782845010771416,0.6538713216688484,6,"1000,1001,1002,1003,1004,1005",67800,200,True
even-palindrome,structural_features,loss,relation,6800,0.5891907834653588,0.04453701713787111,0.5391313239722513,0.6708044470055029,6,"1000,1001,1002,1003,1004,1005",67800,200,True
even-palindrome,structural_features,loss,relation,7000,0.5949862566561205,0.06992323991645338,0.5130918263609056,0.7372530160471797,6,"1000,1001,1002,1003,1004,1005",67800,200,True
even-palindrome,structural_features,loss,relation,7200,0.5946025432852912,0.04287419946988524,0.5365535355737666,0.6745631878636777,6,"1000,1001,1002,1003,1004,1005",67800,200,True
even-palindrome,structural_features,loss,relation,7400,0.5682354176197744,0.04103442817057345,0.5064987932203803,0.6390593705698848,6,"1000,1001,1002,1003,1004,1005",67800,200,True
even-palindrome,structural_features,loss,relation,7600,0.5895525421770677,0.05463201022681618,0.4928585515927989,0.6744456113036722,6,"1000,1001,1002,1003,1004,1005",67800,200,True
even-palindrome,structural_features,loss,relation,7800,0.575188534820918,0.03650097570929941,0.5183055158215575,0.6163129484653473,6,"1000,1001,1002,1003,1004,1005",67800,200,True
even-palindrome,structural_features,loss,relation,8000,0.5522670345726267,0.033522587661618725,0.5040630440204404,0.6120525607373566,6,"1000,1001,1002,1003,1004,1005",67800,200,True
even-palindrome,structural_features,loss,relation,8200,0.5655572532377361,0.04309405404144418,0.5000669110030868,0.6267117817164398,6,"1000,1001,1002,1003,1004,1005",67800,200,True
even-palindrome,structural_features,loss,relation,8400,0.5622888294856724,0.030691366189009237,0.5136081330658635,0.6004144016839564,6,"1000,1001,1002,1003,1004,1005",67800,200,True
even-palindrome,structural_features,loss,relation,8600,0.5699801016858933,0.055815070819278584,0.49544688666588627,0.6689665530249477,6,"1000,1001,1002,1003,1004,1005",67800,200,True
even-palindrome,structural_features,loss,relation,8800,0.5829844949685502,0.04645410406063736,0.4989802254294045,0.6413060939777643,6,"1000,1001,1002,1003,1004,1005",67800,200,True
even-palindrome,structural_features,loss,relation,9000,0.5593301019040519,0.028643876358813464,0.5192694530612789,0.597472703801468,6,"1000,1001,1002,1003,1004,1005",67800,200,True
even-palindrome,structural_features,loss,relation,9200,0.5435327215337505,0.02781441274991624,0.49904824622673916,0.5885556873097084,6,"1000,1001,1002,1003,1004,1005",67800,200,True
even-palindrome,structural_features,loss,relation,9400,0.5640993080071833,0.023794987007179653,0.5158298178063706,0.588594387418707,6,"1000,1001,1002,1003,1004,1005",67800,200,True
even-palindrome,structural_features,loss,relation,9600,0.5726585066623132,0.039674247472569965,0.5115857253107242,0.6393367066851351,6,"1000,1001,1002,1003,1004,1005",67800,200,True
even-palindrome,structural_features,loss,relation,9800,0.5810856353877655,0.04037965332439727,0.5352102277823724,0.6451242969906889,6,"1000,1001,1002,1003,1004,1005",67800,200,True
even-palindrome,structural_features,loss,relation,10000,0.5657359015199472,0.03426628802447295,0.5140012751653558,0.617329788566567,6,"1000,1001,1002,1003,1004,1005",67800,200,True
even-palindrome,structural_features,loss,relation,10200,0.5676249289366145,0.06696725898929293,0.47288345590175596,0.6764100978785428,6,"1000,1001,1002,1003,1004,1005",67800,200,True
even-palindrome,structural_features,loss,relation,10400,0.5744034367403946,0.039339137152988576,0.5134885751712136,0.6157158855278976,6,"1000,1001,1002,1003,1004,1005",67800,200,True
even-palindrome,structural_features,loss,relation,10600,0.5452961458168284,0.03226059787030399,0.4825004517895286,0.587562886448577,6,"1000,1001,1002,1003,1004,1005",67800,200,True
even-palindrome,structural_features,loss,relation,10800,0.5162880229878647,0.050694451715816574,0.4451673555665184,0.5714901575352996,6,"1000,1001,1002,1003,1004,1005",67800,200,True
even-palindrome,structural_features,loss,relation,11000,0.5237296016597732,0.037050510406580674,0.4754363489762181,0.5673362431320129,6,"1000,1001,1002,1003,1004,1005",67800,200,True
even-palindrome,structural_features,loss,relation,11200,0.5374720683586202,0.03881333894683432,0.4649590914876899,0.5906790177209769,6,"1000,1001,1002,1003,1004,1005",67800,200,True
even-palindrome,structural_features,loss,relation,11400,0.5228516057441205,0.02603135568015723,0.49319938487722537,0.5607004626654088,6,"1000,1001,1002,1003,1004,1005",67800,200,True
even-palindrome,structural_features,loss,relation,11600,0.5612706401836477,0.046562458183818,0.49575025048397947,0.630527053681435,6,"1000,1001,1002,1003,1004,1005",67800,200,True
even-palindrome,structural_features,loss,relation,11800,0.5531473734676062,0.05284273028317018,0.4668915711750742,0.630898804590106,6,"1000,1001,1002,1003,1004,1005",67800,200,True
even-palindrome,structural_features,loss,relation,12000,0.5352871914190959,0.02240068160610226,0.49860231723083415,0.5658638498280197,6,"1000,1001,1002,1003,1004,1005",67800,200,True
even-palindrome,structural_features,loss,relation,12200,0.5226147717772013,0.018597067051151082,0.4947800381080015,0.5531469793024008,6,"1000,1001,1002,1003,1004,1005",67800,200,True
even-palindrome,structural_features,loss,relation,12400,0.5302765304270723,0.040104193022425905,0.4706607825087849,0.5691860695026116,6,"1000,1001,1002,1003,1004,1005",67800,200,True
even-palindrome,structural_features,loss,relation,12600,0.5406562847003806,0.040584323019962586,0.481457792383153,0.6140893568412866,6,"1000,1001,1002,1003,1004,1005",67800,200,True
even-palindrome,structural_features,loss,relation,12800,0.5134326824734551,0.05488140607901983,0.43437102051684634,0.6023058804398169,6,"1000,1001,1002,1003,1004,1005",67800,200,True
even-palindrome,structural_features,loss,relation,13000,0.5308948395410455,0.03868745748372068,0.46839874619967303,0.570164103496354,6,"1000,1001,1002,1003,1004,1005",67800,200,True
even-palindrome,structural_features,loss,relation,13200,0.5194601100522899,0.022908151739885894,0.4927095262041257,0.5560172919620527,6,"1000,1001,1002,1003,1004,1005",67800,200,True
even-palindrome,structural_features,loss,relation,13400,0.5303385837982932,0.04369153837211842,0.4767773439621669,0.5924038048525108,6,"1000,1001,1002,1003,1004,1005",67800,200,True
even-palindrome,structural_features,loss,relation,13600,0.536345920172098,0.018070067089505447,0.5161405582584848,0.5613410743756685,6,"1000,1001,1002,1003,1004,1005",67800,200,True
even-palindrome,structural_features,loss,relation,13800,0.5343610014733471,0.029718978606815286,0.4930506221973337,0.5742865810828516,6,"1000,1001,1002,1003,1004,1005",67800,200,True
even-palindrome,structural_features,loss,relation,14000,0.5117040336711215,0.0412216758770739,0.45383441813406533,0.5897772988118232,6,"1000,1001,1002,1003,1004,1005",67800,200,True
even-palindrome,structural_features,loss,relation,14200,0.5162651972901948,0.038728632628632596,0.46336538769013713,0.5664944788085995,6,"1000,1001,1002,1003,1004,1005",67800,200,True
even-palindrome,structural_features,loss,relation,14400,0.4959811404628757,0.033197087790144866,0.4537078459816985,0.5545053771731909,6,"1000,1001,1002,1003,1004,1005",67800,200,True
even-palindrome,structural_features,loss,relation,14600,0.5016945691512956,0.0615811420681883,0.43082234597881325,0.6186828188743675,6,"1000,1001,1002,1003,1004,1005",67800,200,True
even-palindrome,structural_features,loss,relation,14800,0.5098954170025536,0.06984089050462727,0.4345684217737289,0.6183753231045557,6,"1000,1001,1002,1003,1004,1005",67800,200,True
even-palindrome,structural_features,loss,relation,15000,0.49595094065235273,0.04215233947015887,0.4362057826694217,0.5615687178866938,6,"1000,1001,1002,1003,1004,1005",67800,200,True
even-palindrome,structural_features,loss,relation,15200,0.481687015810312,0.047506419002663225,0.42806399286637314,0.5702753398334608,6,"1000,1001,1002,1003,1004,1005",67800,200,True
even-palindrome,structural_features,loss,relation,15400,0.49268840234013617,0.04288584652666267,0.43605334260384554,0.578485975729418,6,"1000,1001,1002,1003,1004,1005",67800,200,True
even-palindrome,structural_features,loss,relation,15600,0.5082784525001868,0.05148341212043754,0.43052993315883215,0.5736242748930818,6,"1000,1001,1002,1003,1004,1005",67800,200,True
even-palindrome,structural_features,loss,relation,15800,0.49821431114042447,0.07480108051997074,0.42910349861020225,0.6570752419607016,6,"1000,1001,1002,1003,1004,1005",67800,200,True
even-palindrome,structural_features,loss,relation,16000,0.5014277998700466,0.04999974113326669,0.41746599644306115,0.5549579230026574,6,"1000,1001,1002,1003,1004,1005",67800,200,True
even-palindrome,structural_features,loss,relation,16200,0.494641588612382,0.05235472540971613,0.43053623215528203,0.5712657196540385,6,"1000,1001,1002,1003,1004,1005",67800,200,True
even-palindrome,structural_features,loss,relation,16400,0.4932006417235728,0.049984115072320826,0.42883926659676946,0.5601719129038975,6,"1000,1001,1002,1003,1004,1005",67800,200,True
even-palindrome,structural_features,loss,relation,16600,0.48156913178832234,0.06062917916498986,0.3795801292089163,0.555621034904616,6,"1000,1001,1002,1003,1004,1005",67800,200,True
even-palindrome,structural_features,loss,relation,16800,0.49542548866918273,0.030972891586769975,0.4502096507535316,0.539068859013496,6,"1000,1001,1002,1003,1004,1005",67800,200,True
even-palindrome,structural_features,loss,relation,17000,0.4705270160895452,0.05589816064666725,0.3881330128386617,0.5433475574744807,6,"1000,1001,1002,1003,1004,1005",67800,200,True
even-palindrome,structural_features,loss,relation,17200,0.4864208627890427,0.027799599417350742,0.4481889370409772,0.5323510028692544,6,"1000,1001,1002,1003,1004,1005",67800,200,True
even-palindrome,structural_features,loss,relation,17400,0.46784203620959786,0.041263312570911904,0.38242902763886377,0.513602316560864,6,"1000,1001,1002,1003,1004,1005",67800,200,True
even-palindrome,structural_features,loss,relation,17600,0.45928293249077495,0.05188681141233863,0.36519420223208726,0.5198297881059989,6,"1000,1001,1002,1003,1004,1005",67800,200,True
even-palindrome,structural_features,loss,relation,17800,0.45353030249706844,0.045495355420811984,0.40600912386900745,0.5239712880385923,6,"1000,1001,1002,1003,1004,1005",67800,200,True
even-palindrome,structural_features,loss,relation,18000,0.46141580384071856,0.047264703085966836,0.39691429371523557,0.5514025347027928,6,"1000,1001,1002,1003,1004,1005",67800,200,True
even-palindrome,structural_features,loss,relation,18200,0.48229781554521955,0.0310703824958307,0.4338630317072966,0.5298431532259564,6,"1000,1001,1002,1003,1004,1005",67800,200,True
even-palindrome,structural_features,loss,relation,18400,0.5047089317326754,0.10328884141672492,0.3842498837603489,0.6846527847030666,6,"1000,1001,1002,1003,1004,1005",67800,200,True
even-palindrome,structural_features,loss,relation,18600,0.48921098714761085,0.07627846948765606,0.4113668436960143,0.5978462533109269,6,"1000,1001,1002,1003,1004,1005",67800,200,True
even-palindrome,structural_features,loss,relation,18800,0.49175229151934524,0.054020097111178667,0.43346927312144545,0.566205325203191,6,"1000,1001,1002,1003,1004,1005",67800,200,True
even-palindrome,structural_features,loss,relation,19000,0.4604508649201792,0.04040098481955747,0.3900072989144246,0.5242482952319552,6,"1000,1001,1002,1003,1004,1005",67800,200,True
even-palindrome,structural_features,loss,relation,19200,0.49000327779169317,0.04298262430141591,0.4290364445540763,0.5435137873783242,6,"1000,1001,1002,1003,1004,1005",67800,200,True
even-palindrome,structural_features,loss,relation,19400,0.4589166563835412,0.05689818639329522,0.3899483490434068,0.5480379793330212,6,"1000,1001,1002,1003,1004,1005",67800,200,True
even-palindrome,structural_features,loss,relation,19600,0.47417158086367034,0.04715683612846047,0.40862330562697025,0.5404350977760624,6,"1000,1001,1002,1003,1004,1005",67800,200,True
even-palindrome,structural_features,loss,relation,19800,0.43595192549910283,0.04195222188252615,0.3679488658788614,0.4923211116413586,6,"1000,1001,1002,1003,1004,1005",67800,200,True
even-palindrome,structural_features,loss,relation,20000,0.44864222553551375,0.0373639518607123,0.3903169397113379,0.49837783025403043,6,"1000,1001,1002,1003,1004,1005",67800,200,True
even-palindrome,structural_features,loss,relation,20200,0.47149060256020076,0.03606065988928515,0.42300402793043756,0.5348368423961801,6,"1000,1001,1002,1003,1004,1005",67800,200,True
even-palindrome,structural_features,loss,relation,20400,0.4535042746518472,0.038453534790506685,0.37022892552049597,0.48411247403040764,6,"1000,1001,1002,1003,1004,1005",67800,200,True
even-palindrome,structural_features,loss,relation,20600,0.41673634829814543,0.028780740616059116,0.38599079956853527,0.4573588702775305,6,"1000,1001,1002,1003,1004,1005",67800,200,True
even-palindrome,structural_features,loss,relation,20800,0.4190366086898332,0.04542761398908867,0.34340654188970804,0.4753381144325249,6,"1000,1001,1002,1003,1004,1005",67800,200,True
even-palindrome,structural_features,loss,relation,21000,0.42856005427150495,0.05811428046015073,0.3523420141637325,0.5136364474199945,6,"1000,1001,1002,1003,1004,1005",67800,200,True
even-palindrome,structural_features,loss,relation,21200,0.4259630720588515,0.06889683782851552,0.32117136934000884,0.5147954376641428,6,"1000,1001,1002,1003,1004,1005",67800,200,True
even-palindrome,structural_features,loss,relation,21400,0.4287595601612702,0.02378365138227324,0.39125952217873416,0.45923407225345725,6,"1000,1001,1002,1003,1004,1005",67800,200,True
even-palindrome,structural_features,loss,relation,21600,0.4144824621835869,0.06711271429533718,0.3074934860343637,0.5080921759325429,6,"1000,1001,1002,1003,1004,1005",67800,200,True
even-palindrome,structural_features,loss,relation,21800,0.42108897828744984,0.06186444103982935,0.3466246116330149,0.5283282090089051,6,"1000,1001,1002,1003,1004,1005",67800,200,True
even-palindrome,structural_features,loss,relation,22000,0.41033829090368584,0.094472404225865,0.2975304246673477,0.5969770436262479,6,"1000,1001,1002,1003,1004,1005",67800,200,True
even-palindrome,structural_features,loss,relation,22200,0.3931277246738773,0.05177135030603419,0.3196742063674901,0.4613558648907929,6,"1000,1001,1002,1003,1004,1005",67800,200,True
even-palindrome,structural_features,loss,relation,22400,0.3971083376046833,0.09363145642821007,0.2789227458462119,0.5376522009327891,6,"1000,1001,1002,1003,1004,1005",67800,200,True
even-palindrome,structural_features,loss,relation,22600,0.37495793644370984,0.07789937650066547,0.26846740514949485,0.508045792888297,6,"1000,1001,1002,1003,1004,1005",67800,200,True
even-palindrome,structural_features,loss,relation,22800,0.4597122654568375,0.02109162229774775,0.437881741381716,0.4947085346288804,6,"1000,1001,1002,1003,1004,1005",67800,200,True
even-palindrome,structural_features,loss,relation,23000,0.3841063009954208,0.07303855190932554,0.26314553487689407,0.4802287045790581,6,"1000,1001,1002,1003,1004,1005",67800,200,True
even-palindrome,structural_features,loss,relation,23200,0.3962671238383215,0.06847587913756109,0.2947942702043656,0.47600760891044047,6,"1000,1001,1002,1003,1004,1005",67800,200,True
even-palindrome,structural_features,loss,relation,23400,0.42021007170992863,0.06744239033064348,0.3175346346195147,0.5176762701073312,6,"1000,1001,1002,1003,1004,1005",67800,200,True
even-palindrome,structural_features,loss,relation,23600,0.40217111674213807,0.08110047275170869,0.2902316183588846,0.5164973029903195,6,"1000,1001,1002,1003,1004,1005",67800,200,True
even-palindrome,structural_features,loss,relation,23800,0.3703120233883237,0.08498538734501856,0.22949292331606558,0.48444009241240565,6,"1000,1001,1002,1003,1004,1005",67800,200,True
even-palindrome,structural_features,loss,relation,24000,0.4097270536876143,0.10497338568627097,0.18838985360096558,0.5197466719005024,6,"1000,1001,1002,1003,1004,1005",67800,200,True
even-palindrome,structural_features,loss,relation,24200,0.4055025872550444,0.06753976896280833,0.29442916217580206,0.47143826384402926,6,"1000,1001,1002,1003,1004,1005",67800,200,True
even-palindrome,structural_features,loss,relation,24400,0.39734320573995624,0.029494297542214363,0.36124017148042187,0.4384010023175506,6,"1000,1001,1002,1003,1004,1005",67800,200,True
even-palindrome,structural_features,loss,relation,24600,0.4063742735763056,0.051692040165612324,0.34993040896442834,0.4963423789301305,6,"1000,1001,1002,1003,1004,1005",67800,200,True
even-palindrome,structural_features,loss,relation,24800,0.41222200266650666,0.10342778073758577,0.22188741521007616,0.5470581030027825,6,"1000,1001,1002,1003,1004,1005",67800,200,True
even-palindrome,structural_features,loss,relation,25000,0.3999403278394554,0.03783575795626459,0.3488984348427039,0.4638060766400304,6,"1000,1001,1002,1003,1004,1005",67800,200,True
even-palindrome,structural_features,loss,relation,25200,0.3853264389285929,0.05999382864243241,0.27421417728408415,0.4556923372486199,6,"1000,1001,1002,1003,1004,1005",67800,200,True
even-palindrome,structural_features,loss,relation,25400,0.37864900643916677,0.03585292249812882,0.32224952311691596,0.4199164250862668,6,"1000,1001,1002,1003,1004,1005",67800,200,True
even-palindrome,structural_features,loss,relation,25600,0.37073680414645427,0.04456519486551302,0.3146503202189342,0.4321352552282042,6,"1000,1001,1002,1003,1004,1005",67800,200,True
even-palindrome,structural_features,loss,relation,25800,0.4124092977426153,0.11204556388736296,0.2668379792939231,0.5808911356858153,6,"1000,1001,1002,1003,1004,1005",67800,200,True
even-palindrome,structural_features,loss,relation,26000,0.3871239725095195,0.09554313550782557,0.23627429715939796,0.5325058980486937,6,"1000,1001,1002,1003,1004,1005",67800,200,True
even-palindrome,structural_features,loss,relation,26200,0.3545191210165952,0.07852498202519005,0.19664359103571769,0.4349548809876433,6,"1000,1001,1002,1003,1004,1005",67800,200,True
even-palindrome,structural_features,loss,relation,26400,0.35620098638600517,0.05640082442363302,0.28030565857661716,0.46041987583703303,6,"1000,1001,1002,1003,1004,1005",67800,200,True
even-palindrome,structural_features,loss,relation,26600,0.35123730424418076,0.06336902753963865,0.2753010878367786,0.4491471913282294,6,"1000,1001,1002,1003,1004,1005",67800,200,True
even-palindrome,structural_features,loss,relation,26800,0.33059121807343517,0.048778132057045724,0.26643338809699346,0.3864645811051014,6,"1000,1001,1002,1003,1004,1005",67800,200,True
even-palindrome,structural_features,loss,relation,27000,0.35398765257448145,0.0554958935475185,0.2708369839086663,0.4353530147747369,6,"1000,1001,1002,1003,1004,1005",67800,200,True
even-palindrome,structural_features,loss,relation,27200,0.39148587141844476,0.10517039223244419,0.24923190537869233,0.5294121689911117,6,"1000,1001,1002,1003,1004,1005",67800,200,True
even-palindrome,structural_features,loss,relation,27400,0.3354448044047604,0.06072479588856786,0.2444695674450486,0.38909405004553266,6,"1000,1001,1002,1003,1004,1005",67800,200,True
even-palindrome,structural_features,loss,relation,27600,0.34677709551277686,0.07583043225341718,0.23237101369395533,0.43851284823635067,6,"1000,1001,1002,1003,1004,1005",67800,200,True
even-palindrome,structural_features,loss,relation,27800,0.3166380332162104,0.07589842265388275,0.2026642733544577,0.4322506578474713,6,"1000,1001,1002,1003,1004,1005",67800,200,True
even-palindrome,structural_features,loss,relation,28000,0.3287968204178711,0.07936458388541509,0.22596427213371498,0.48165800558621413,6,"1000,1001,1002,1003,1004,1005",67800,200,True
even-palindrome,structural_features,loss,relation,28200,0.3144234864539431,0.0789154516659547,0.21995789978092944,0.4626757375892339,6,"1000,1001,1002,1003,1004,1005",67800,200,True
even-palindrome,structural_features,loss,relation,28400,0.3640697927382887,0.07840485372063112,0.2531199311146338,0.5044783647458826,6,"1000,1001,1002,1003,1004,1005",67800,200,True
even-palindrome,structural_features,loss,relation,28600,0.33550736353728405,0.08478119781373596,0.24328799723036354,0.48198116278188535,6,"1000,1001,1002,1003,1004,1005",67800,200,True
even-palindrome,structural_features,loss,relation,28800,0.4330341866148773,0.18176206815987012,0.20545037656480417,0.775815500571407,6,"1000,1001,1002,1003,1004,1005",67800,200,True
even-palindrome,structural_features,loss,relation,29000,0.3729741147393118,0.10797943329329399,0.2351165068881528,0.5327080207654217,6,"1000,1001,1002,1003,1004,1005",67800,200,True
even-palindrome,structural_features,loss,relation,29200,0.3357393950120848,0.119971360798581,0.19409673183974518,0.5652797707956779,6,"1000,1001,1002,1003,1004,1005",67800,200,True
even-palindrome,structural_features,loss,relation,29400,0.3495534021746638,0.08107522719939919,0.250513897160854,0.5128809153963811,6,"1000,1001,1002,1003,1004,1005",67800,200,True
even-palindrome,structural_features,loss,relation,29600,0.35292737441527305,0.11604263159786518,0.1627794478010037,0.5055720956849836,6,"1000,1001,1002,1003,1004,1005",67800,200,True
even-palindrome,structural_features,loss,relation,29800,0.30634930958917117,0.11293841438086964,0.14467582120567385,0.4951380910277658,6,"1000,1001,1002,1003,1004,1005",67800,200,True
even-palindrome,structural_features,loss,relation,30000,0.31140004560375323,0.11063089484861977,0.1656842579284421,0.5069821229866648,6,"1000,1001,1002,1003,1004,1005",67800,200,True
even-palindrome,structural_features,loss,relation,30200,0.3365025617258592,0.10941763825680045,0.16617406132878387,0.5213164613799017,6,"1000,1001,1002,1003,1004,1005",67800,200,True
even-palindrome,structural_features,loss,relation,30400,0.30334993048400216,0.096661074754703,0.15538710902789718,0.4502498963306425,6,"1000,1001,1002,1003,1004,1005",67800,200,True
even-palindrome,structural_features,loss,relation,30600,0.3381307619274169,0.0945034672152924,0.17318660404809635,0.46197027639216687,6,"1000,1001,1002,1003,1004,1005",67800,200,True
even-palindrome,structural_features,loss,relation,30800,0.31206342078259697,0.05035102192210944,0.24133812993550235,0.3993544354768528,6,"1000,1001,1002,1003,1004,1005",67800,200,True
even-palindrome,structural_features,loss,relation,31000,0.2956019460047234,0.07912306523151968,0.17618121313713345,0.3938099663424509,6,"1000,1001,1002,1003,1004,1005",67800,200,True
even-palindrome,structural_features,loss,relation,31200,0.288087356220182,0.0914665777363017,0.10547205776512783,0.4072998026440473,6,"1000,1001,1002,1003,1004,1005",67800,200,True
even-palindrome,structural_features,loss,relation,31400,0.28656160700336236,0.08675637051012638,0.13715574096862837,0.430797009127491,6,"1000,1001,1002,1003,1004,1005",67800,200,True
even-palindrome,structural_features,loss,relation,31600,0.31131803275889375,0.058539406006769476,0.20341162590084422,0.37475602370759586,6,"1000,1001,1002,1003,1004,1005",67800,200,True
even-palindrome,structural_features,loss,relation,31800,0.3207618281696189,0.04737756912343563,0.26791936287190765,0.38841251848883984,6,"1000,1001,1002,1003,1004,1005",67800,200,True
even-palindrome,structural_features,loss,relation,32000,0.28414273268186363,0.05169803805183919,0.19896376909207902,0.34149892034176443,6,"1000,1001,1002,1003,1004,1005",67800,200,True
even-palindrome,structural_features,loss,relation,32200,0.29049483093331824,0.0854270967650776,0.13415755253587122,0.3915958067512838,6,"1000,1001,1002,1003,1004,1005",67800,200,True
even-palindrome,structural_features,loss,relation,32400,0.30060656643381967,0.10348707196727013,0.12145132697925874,0.4080981280744891,6,"1000,1001,1002,1003,1004,1005",67800,200,True
even-palindrome,structural_features,loss,relation,32600,0.2845167874337494,0.06455996965108778,0.18124593456108415,0.3639249777812802,6,"1000,1001,1002,1003,1004,1005",67800,200,True
even-palindrome,structural_features,loss,relation,32800,0.24596927560407492,0.05643992922188298,0.16120687699783956,0.34867793383622486,6,"1000,1001,1002,1003,1004,1005",67800,200,True
even-palindrome,structural_features,loss,relation,33000,0.2872072217183934,0.05429970603391498,0.18089653997034474,0.35748839877596766,6,"1000,1001,1002,1003,1004,1005",67800,200,True
even-palindrome,structural_features,loss,relation,33200,0.25545569237825777,0.09347634515782777,0.11880750924607128,0.37850881567233957,6,"1000,1001,1002,1003,1004,1005",67800,200,True
even-palindrome,structural_features,loss,relation,33400,0.2549220101628013,0.05058825767066276,0.16796808925877485,0.310759427147932,6,"1000,1001,1002,1003,1004,1005",67800,200,True
even-palindrome,structural_features,loss,relation,33600,0.26236624642687273,0.03245172115665799,0.21880301654455253,0.3115468654138385,6,"1000,1001,1002,1003,1004,1005",67800,200,True
even-palindrome,structural_features,loss,relation,33800,0.2584217012573981,0.09288854587445194,0.083961144357163,0.3637239436664095,6,"1000,1001,1002,1003,1004,1005",67800,200,True
even-palindrome,structural_features,loss,relation,34000,0.23588984673540914,0.05626646758255595,0.12081149142766662,0.29926461078855937,6,"1000,1001,1002,1003,1004,1005",67800,200,True
even-palindrome,structural_features,loss,relation,34200,0.2628572981233174,0.05699390335058386,0.17156806442931155,0.3257417130414706,6,"1000,1001,1002,1003,1004,1005",67800,200,True
even-palindrome,structural_features,loss,relation,34400,0.27790331733004225,0.082191582503434,0.13653664465778093,0.36774053174289295,6,"1000,1001,1002,1003,1004,1005",67800,200,True
even-palindrome,structural_features,loss,relation,34600,0.2722908531611605,0.048587071532781974,0.19022008973535776,0.336869205913099,6,"1000,1001,1002,1003,1004,1005",67800,200,True
even-palindrome,structural_features,loss,relation,34800,0.27742105480813734,0.07623810141911035,0.15435938357268242,0.3519455243816628,6,"1000,1001,1002,1003,1004,1005",67800,200,True
even-palindrome,structural_features,loss,relation,35000,0.2814913778533567,0.13457308893433123,0.12953894834792665,0.5546166607217492,6,"1000,1001,1002,1003,1004,1005",67800,200,True
even-palindrome,structural_features,loss,relation,35200,0.24837673700355634,0.08172950465277412,0.09705378737144202,0.35128246470695557,6,"1000,1001,1002,1003,1004,1005",67800,200,True
even-palindrome,structural_features,loss,relation,35400,0.24676697354257157,0.04251797061208766,0.18289527480425022,0.30959862701278323,6,"1000,1001,1002,1003,1004,1005",67800,200,True
even-palindrome,structural_features,loss,relation,35600,0.2479479913013938,0.07787052593069219,0.1048449854815408,0.3632560280558755,6,"1000,1001,1002,1003,1004,1005",67800,200,True
even-palindrome,structural_features,loss,relation,35800,0.2173630948326839,0.05631323192070741,0.09913904756891498,0.258403668995179,6,"1000,1001,1002,1003,1004,1005",67800,200,True
even-palindrome,structural_features,loss,relation,36000,0.24291241929503937,0.05076122290218895,0.1825857420199827,0.33236011568282264,6,"1000,1001,1002,1003,1004,1005",67800,200,True
even-palindrome,structural_features,loss,relation,36200,0.28373527931085235,0.09604597172137376,0.09772617428632657,0.40526002913029513,6,"1000,1001,1002,1003,1004,1005",67800,200,True
even-palindrome,structural_features,loss,relation,36400,0.22373154951277377,0.06033152820352107,0.13825096443082657,0.3364023718764656,6,"1000,1001,1002,1003,1004,1005",67800,200,True
even-palindrome,structural_features,loss,relation,36600,0.23107580621153526,0.09955093595536808,0.08609749722613742,0.339180208948701,6,"1000,1001,1002,1003,1004,1005",67800,200,True
even-palindrome,structural_features,loss,relation,36800,0.23065078397002634,0.07392081753657839,0.1345411782127894,0.3635805945075299,6,"1000,1001,1002,1003,1004,1005",67800,200,True
even-palindrome,structural_features,loss,relation,37000,0.2054508933462694,0.0703793415516844,0.1133899834335898,0.3357556642777854,6,"1000,1001,1002,1003,1004,1005",67800,200,True
even-palindrome,structural_features,loss,relation,37200,0.29346932892597805,0.05643134403137786,0.19926232483878267,0.3855449165581877,6,"1000,1001,1002,1003,1004,1005",67800,200,True
even-palindrome,structural_features,loss,relation,37400,0.21366643457696913,0.0510489366371248,0.11020455829936054,0.27400945328408854,6,"1000,1001,1002,1003,1004,1005",67800,200,True
even-palindrome,structural_features,loss,relation,37600,0.23553559535494062,0.05319552416412235,0.1754543500492764,0.29663964002302234,6,"1000,1001,1002,1003,1004,1005",67800,200,True
even-palindrome,structural_features,loss,relation,37800,0.2315097226705166,0.07766318696183064,0.1273682199318864,0.373710524223643,6,"1000,1001,1002,1003,1004,1005",67800,200,True
even-palindrome,structural_features,loss,relation,38000,0.2137391241124442,0.09257372493736009,0.1036325776830381,0.37564965397315975,6,"1000,1001,1002,1003,1004,1005",67800,200,True
even-palindrome,structural_features,loss,relation,38200,0.2722076470625249,0.05307609832947222,0.20030459377543594,0.34643477969751985,6,"1000,1001,1002,1003,1004,1005",67800,200,True
even-palindrome,structural_features,loss,relation,38400,0.21680613402970136,0.06610615270476211,0.106091726939286,0.2917558051018204,6,"1000,1001,1002,1003,1004,1005",67800,200,True
even-palindrome,structural_features,loss,relation,38600,0.23431187293970193,0.06372344771544547,0.15748384316055308,0.33179384474173274,6,"1000,1001,1002,1003,1004,1005",67800,200,True
even-palindrome,structural_features,loss,relation,38800,0.21864622825559613,0.06138190440596211,0.1542670229340365,0.3136710245251379,6,"1000,1001,1002,1003,1004,1005",67800,200,True
even-palindrome,structural_features,loss,relation,39000,0.1870810733360342,0.030420711317067087,0.1365863744005219,0.2155793848598114,6,"1000,1001,1002,1003,1004,1005",67800,200,True
even-palindrome,structural_features,loss,relation,39200,0.20616637226266676,0.0561753256577842,0.09028611468726012,0.25663996249646515,6,"1000,1001,1002,1003,1004,1005",67800,200,True
even-palindrome,structural_features,loss,relation,39400,0.22271325646633836,0.10521758738136845,0.0910874187698073,0.41275447883810557,6,"1000,1001,1002,1003,1004,1005",67800,200,True
even-palindrome,structural_features,loss,relation,39600,0.22685439820406225,0.07460345754698278,0.11569970427247427,0.35741685417410735,6,"1000,1001,1002,1003,1004,1005",67800,200,True
even-palindrome,structural_features,loss,relation,39800,0.20833306525786688,0.04780402177495592,0.10987540640830958,0.2640335120734744,6,"1000,1001,1002,1003,1004,1005",67800,200,True
even-palindrome,structural_features,loss,relation,40000,0.19778541209217337,0.07927395324853657,0.054349763642062496,0.31552854247136564,6,"1000,1001,1002,1003,1004,1005",67800,200,True
even-palindrome,structural_features,loss,relation,40200,0.22070392214724052,0.06669603045109207,0.07656466555585212,0.26932642644149385,6,"1000,1001,1002,1003,1004,1005",67800,200,True
even-palindrome,structural_features,loss,relation,40400,0.2021648704183002,0.036196219807341126,0.1534252435869314,0.26448194405224057,6,"1000,1001,1002,1003,1004,1005",67800,200,True
even-palindrome,structural_features,loss,relation,40600,0.16840325349775565,0.06403911969778113,0.08176068852768367,0.25284502821759813,6,"1000,1001,1002,1003,1004,1005",67800,200,True
even-palindrome,structural_features,loss,relation,40800,0.1876474974851167,0.07127806800162342,0.06354304520369737,0.27339313509013663,6,"1000,1001,1002,1003,1004,1005",67800,200,True
even-palindrome,structural_features,loss,relation,41000,0.1971709625368526,0.05680131626820346,0.12928078832803294,0.2924764088908705,6,"1000,1001,1002,1003,1004,1005",67800,200,True
even-palindrome,structural_features,loss,relation,41200,0.22246452001606862,0.13945305326283075,0.05009274167580315,0.4711197816049389,6,"1000,1001,1002,1003,1004,1005",67800,200,True
even-palindrome,structural_features,loss,relation,41400,0.19445915518032278,0.08137937837656113,0.0812615884923207,0.2942670463233117,6,"1000,1001,1002,1003,1004,1005",67800,200,True
even-palindrome,structural_features,loss,relation,41600,0.22596526003082165,0.08076429637152474,0.1187350980571864,0.34588481962021433,6,"1000,1001,1002,1003,1004,1005",67800,200,True
even-palindrome,structural_features,loss,relation,41800,0.1660962197433876,0.10339670591766112,0.01927653378199807,0.34948210307236877,6,"1000,1001,1002,1003,1004,1005",67800,200,True
even-palindrome,structural_features,loss,relation,42000,0.19599832518329094,0.0489178442166234,0.1310510441984934,0.2682014429634819,6,"1000,1001,1002,1003,1004,1005",67800,200,True
even-palindrome,structural_features,loss,relation,42200,0.16880705254849393,0.05403079979347925,0.09955844331690969,0.2629553616598696,6,"1000,1001,1002,1003,1004,1005",67800,200,True
even-palindrome,structural_features,loss,relation,42400,0.1773940599883114,0.08900338901352525,0.03629627877520761,0.2738627349629678,6,"1000,1001,1002,1003,1004,1005",67800,200,True
even-palindrome,structural_features,loss,relation,42600,0.19301175274945462,0.05477822346668569,0.09320950000417724,0.2654688497476309,6,"1000,1001,1002,1003,1004,1005",67800,200,True
even-palindrome,structural_features,loss,relation,42800,0.19713101360848914,0.0862249983983663,0.0953758941119213,0.3432273708174546,6,"1000,1001,1002,1003,1004,1005",67800,200,True
even-palindrome,structural_features,loss,relation,43000,0.15137483872050403,0.036862793421521406,0.09448888174702916,0.18991916470376963,6,"1000,1001,1002,1003,1004,1005",67800,200,True
even-palindrome,structural_features,loss,relation,43200,0.14165751303227275,0.04519398202525704,0.05049738321265522,0.19530510107900226,6,"1000,1001,1002,1003,1004,1005",67800,200,True
even-palindrome,structural_features,loss,relation,43400,0.18157694404242572,0.10611481727233871,0.06187384894574279,0.3296922303484462,6,"1000,1001,1002,1003,1004,1005",67800,200,True
even-palindrome,structural_features,loss,relation,43600,0.20583700341217104,0.07027450616512293,0.09750709266756076,0.28047419818351044,6,"1000,1001,1002,1003,1004,1005",67800,200,True
even-palindrome,structural_features,loss,relation,43800,0.16400680122517353,0.061021842122996744,0.06373286649532929,0.26350221683625025,6,"1000,1001,1002,1003,1004,1005",67800,200,True
even-palindrome,structural_features,loss,relation,44000,0.1992086371637667,0.08744206973072942,0.1209510038749795,0.37983283765763187,6,"1000,1001,1002,1003,1004,1005",67800,200,True
even-palindrome,structural_features,loss,relation,44200,0.21627133070331298,0.11824424364822786,0.12999389979878742,0.4695577923837573,6,"1000,1001,1002,1003,1004,1005",67800,200,True
even-palindrome,structural_features,loss,relation,44400,0.14525565628576917,0.07200106647507687,0.04176201103375206,0.24226643572292006,6,"1000,1001,1002,1003,1004,1005",67800,200,True
even-palindrome,structural_features,loss,relation,44600,0.15410824194433567,0.07274811585773208,0.0013138410789679256,0.22821303555755093,6,"1000,1001,1002,1003,1004,1005",67800,200,True
even-palindrome,structural_features,loss,relation,44800,0.15493085933161488,0.08517575732070701,0.011001834026869802,0.24682069694521944,6,"1000,1001,1002,1003,1004,1005",67800,200,True
even-palindrome,structural_features,loss,relation,45000,0.2282914643631803,0.05175774638934774,0.15488723514158892,0.30328197296913456,6,"1000,1001,1002,1003,1004,1005",67800,200,True
even-palindrome,structural_features,loss,relation,45200,0.15196174684363237,0.09428924353132222,0.0070151339599124184,0.27654460279580234,6,"1000,1001,1002,1003,1004,1005",67800,200,True
even-palindrome,structural_features,loss,relation,45400,0.15493851659049218,0.05995786603528953,0.095300255240968,0.2628707009955724,6,"1000,1001,1002,1003,1004,1005",67800,200,True
even-palindrome,structural_features,loss,relation,45600,0.20040538152961973,0.06857473111936564,0.0712328413979003,0.2762460861188447,6,"1000,1001,1002,1003,1004,1005",67800,200,True
even-palindrome,structural_features,loss,relation,45800,0.14296536644084049,0.06838203884209947,0.05587447993625574,0.2216881782690325,6,"1000,1001,1002,1003,1004,1005",67800,200,True
even-palindrome,structural_features,loss,relation,46000,0.13962102922877345,0.0705835831937368,0.037247981231639644,0.24596990352361445,6,"1000,1001,1002,1003,1004,1005",67800,200,True
even-palindrome,structural_features,loss,relation,46200,0.18108539934362292,0.08317017607338878,0.06957513755027321,0.2965540464296646,6,"1000,1001,1002,1003,1004,1005",67800,200,True
even-palindrome,structural_features,loss,relation,46400,0.15363604779770565,0.08496903274469954,0.03774730966010338,0.27579739208943466,6,"1000,1001,1002,1003,1004,1005",67800,200,True
even-palindrome,structural_features,loss,relation,46600,0.14597098819844254,0.029153236146822834,0.1134574132641501,0.1949267783493451,6,"1000,1001,1002,1003,1004,1005",67800,200,True
even-palindrome,structural_features,loss,relation,46800,0.19524728117815926,0.09542398834041219,0.060162711889515774,0.34148474340288887,6,"1000,1001,1002,1003,1004,1005",67800,200,True
even-palindrome,structural_features,loss,relation,47000,0.16115228580781452,0.10142701894573486,0.06516205601447837,0.32290209607980613,6,"1000,1001,1002,1003,1004,1005",67800,200,True
even-palindrome,structural_features,loss,relation,47200,0.16905477827890705,0.08762710284249248,0.02441606023547138,0.29911662950296886,6,"1000,1001,1002,1003,1004,1005",67800,200,True
even-palindrome,structural_features,loss,relation,47400,0.12193128969221752,0.06579422474795961,0.015223442723190601,0.19196523257332956,6,"1000,1001,1002,1003,1004,1005",67800,200,True
even-palindrome,structural_features,loss,relation,47600,0.12858160794253232,0.08638406958420956,0.0018223280441111455,0.24236376661448047,6,"1000,1001,1002,1003,1004,1005",67800,200,True
even-palindrome,structural_features,loss,relation,47800,0.13511538321120006,0.07184461849747092,0.04628977270416044,0.22632172482097304,6,"1000,1001,1002,1003,1004,1005",67800,200,True
even-palindrome,structural_features,loss,relation,48000,0.1734181111394426,0.06806366862532114,0.10011462525115349,0.29503700118010157,6,"1000,1001,1002,1003,1004,1005",67800,200,True
even-palindrome,structural_features,loss,relation,48200,0.14917548777032122,0.03996572920182265,0.06722766399217335,0.19121640718981325,6,"1000,1001,1002,1003,1004,1005",67800,200,True
even-palindrome,structural_features,loss,relation,48400,0.12633764325777064,0.0703037169065394,0.02791156470539022,0.2262250018170289,6,"1000,1001,1002,1003,1004,1005",67800,200,True
even-palindrome,structural_features,loss,relation,48600,0.1717918269336305,0.05485805595225668,0.09191994021482287,0.2634312784249596,6,"1000,1001,1002,1003,1004,1005",67800,200,True
even-palindrome,structural_features,loss,relation,48800,0.20661992729189801,0.08903895189454002,0.04235747904709001,0.33629490423234754,6,"1000,1001,1002,1003,1004,1005",67800,200,True
even-palindrome,structural_features,loss,relation,49000,0.1650006016274357,0.0555177923036728,0.11278027297570588,0.27877316535590124,6,"1000,1001,1002,1003,1004,1005",67800,200,True
even-palindrome,structural_features,loss,relation,49200,0.18283957753777536,0.09574015118954318,0.020928089998437826,0.32375432144620675,6,"1000,1001,1002,1003,1004,1005",67800,200,True
even-palindrome,structural_features,loss,relation,49400,0.12681310616266575,0.06172580150422493,0.028288434758885615,0.21152543444837874,6,"1000,1001,1002,1003,1004,1005",67800,200,True
even-palindrome,structural_features,loss,relation,49600,0.1541599473523744,0.09006614728220178,0.021154084158686148,0.3049592082064851,6,"1000,1001,1002,1003,1004,1005",67800,200,True
even-palindrome,structural_features,loss,relation,49800,0.12986630303604177,0.08115583967700363,0.06039576147239131,0.3011690988607779,6,"1000,1001,1002,1003,1004,1005",67800,200,True
even-palindrome,structural_features,loss,relation,50000,0.11776842023862022,0.06910162178562136,0.00010056249959689012,0.21339782163793417,6,"1000,1001,1002,1003,1004,1005",67800,200,True
even-palindrome,structural_features,loss,relation,50200,0.12772679057036287,0.07353038505350007,0.05136630130657977,0.25185523979857405,6,"1000,1001,1002,1003,1004,1005",67800,200,True
even-palindrome,structural_features,loss,relation,50400,0.11487825974412648,0.0746181643535909,0.0002691197595589756,0.23528265622727076,6,"1000,1001,1002,1003,1004,1005",67800,200,True
even-palindrome,structural_features,loss,relation,50600,0.13956124142224807,0.07007946968100509,0.05652620333484435,0.22984685484071632,6,"1000,1001,1002,1003,1004,1005",67800,200,True
even-palindrome,structural_features,loss,relation,50800,0.1411543640911083,0.058246121688640046,0.07372641336825268,0.2491051189431687,6,"1000,1001,1002,1003,1004,1005",67800,200,True
even-palindrome,structural_features,loss,relation,51000,0.09114173911174568,0.04395201706248329,0.026033050181888485,0.14594583270632938,6,"1000,1001,1002,1003,1004,1005",67800,200,True
even-palindrome,structural_features,loss,relation,51200,0.1438620799728855,0.11315627805493364,0.03217738973538587,0.3644832508366062,6,"1000,1001,1002,1003,1004,1005",67800,200,True
even-palindrome,structural_features,loss,relation,51400,0.1690556934263454,0.08020142058899138,0.06268981185196992,0.30438255915557877,6,"1000,1001,1002,1003,1004,1005",67800,200,True
even-palindrome,structural_features,loss,relation,51600,0.14216946042642628,0.07536955988221426,0.0005678108795621028,0.22620549356666061,6,"1000,1001,1002,1003,1004,1005",67800,200,True
even-palindrome,structural_features,loss,relation,51800,0.15727127672281552,0.08004972126931813,0.00018042104354009324,0.22015014069255356,6,"1000,1001,1002,1003,1004,1005",67800,200,True
even-palindrome,structural_features,loss,relation,52000,0.12740687981309948,0.08215821674377505,1.4391130635686977e-05,0.23550437244561181,6,"1000,1001,1002,1003,1004,1005",67800,200,True
even-palindrome,structural_features,loss,relation,52200,0.17722880540637462,0.07100000709583125,0.08390861851543681,0.26645115170719236,6,"1000,1001,1002,1003,1004,1005",67800,200,True
even-palindrome,structural_features,loss,relation,52400,0.11143974770628214,0.0902900879049527,0.0005914298678783148,0.24786918159381457,6,"1000,1001,1002,1003,1004,1005",67800,200,True
even-palindrome,structural_features,loss,relation,52600,0.09890909625199379,0.06795028918720718,0.009407621514293609,0.18821526286828885,6,"1000,1001,1002,1003,1004,1005",67800,200,True
even-palindrome,structural_features,loss,relation,52800,0.11819772483107431,0.06129000945170379,0.012119346062773957,0.18901377011586193,6,"1000,1001,1002,1003,1004,1005",67800,200,True
even-palindrome,structural_features,loss,relation,53000,0.13471166693154624,0.037224984895848634,0.07782660995073684,0.18596920060638694,6,"1000,1001,1002,1003,1004,1005",67800,200,True
even-palindrome,structural_features,loss,relation,53200,0.09285846209405664,0.06674693728659936,0.0022825529406889622,0.1727452349473924,6,"1000,1001,1002,1003,1004,1005",67800,200,True
even-palindrome,structural_features,loss,relation,53400,0.1293142524421946,0.08897591381896841,9.51933396311766e-05,0.26135702033027086,6,"1000,1001,1002,1003,1004,1005",67800,200,True
even-palindrome,structural_features,loss,relation,53600,0.11481443510424559,0.06436404569233233,0.012224812684452165,0.19262637278277453,6,"1000,1001,1002,1003,1004,1005",67800,200,True
even-palindrome,structural_features,loss,relation,53800,0.11157599246138654,0.06160459574501232,0.0006131408222383073,0.1957811826579905,6,"1000,1001,1002,1003,1004,1005",67800,200,True
even-palindrome,structural_features,loss,relation,54000,0.1259775619860324,0.05338235337704582,0.03771912821218962,0.19871124824535855,6,"1000,1001,1002,1003,1004,1005",67800,200,True
even-palindrome,structural_features,loss,relation,54200,0.13278666926591398,0.07806194867271501,0.032899140541026384,0.24982163888805872,6,"1000,1001,1002,1003,1004,1005",67800,200,True
even-palindrome,structural_features,loss,relation,54400,0.11525028391821762,0.04297418651039458,0.07827948498424575,0.18392854571745146,6,"1000,1001,1002,1003,1004,1005",67800,200,True
even-palindrome,structural_features,loss,relation,54600,0.10341442136045587,0.072716419841501,5.090356968437959e-06,0.20970118791856293,6,"1000,1001,1002,1003,1004,1005",67800,200,True
even-palindrome,structural_features,loss,relation,54800,0.15369653433171057,0.07927832173506998,0.011567696187201087,0.2561704689163363,6,"1000,1001,1002,1003,1004,1005",67800,200,True
even-palindrome,structural_features,loss,relation,55000,0.12071535977177383,0.026419597865058392,0.07344505687419746,0.1526142970985302,6,"1000,1001,1002,1003,1004,1005",67800,200,True
even-palindrome,structural_features,loss,relation,55200,0.09046572416903642,0.04706283436644688,2.530313802161288e-05,0.15781998648099943,6,"1000,1001,1002,1003,1004,1005",67800,200,True
even-palindrome,structural_features,loss,relation,55400,0.15575270577951078,0.11119530752193336,0.06773921927996071,0.36985321684632255,6,"1000,1001,1002,1003,1004,1005",67800,200,True
even-palindrome,structural_features,loss,relation,55600,0.11098634088222047,0.06724955324017155,0.0003275901271948101,0.21158600168510133,6,"1000,1001,1002,1003,1004,1005",67800,200,True
even-palindrome,structural_features,loss,relation,55800,0.11402784283945505,0.07757878244743659,3.1364877769135548e-06,0.20581285590592302,6,"1000,1001,1002,1003,1004,1005",67800,200,True
even-palindrome,structural_features,loss,relation,56000,0.09532120677976401,0.03967984478819965,0.023732958816510746,0.14348108149809094,6,"1000,1001,1002,1003,1004,1005",67800,200,True
even-palindrome,structural_features,loss,relation,56200,0.17104256558760045,0.05130460861265139,0.07628742066843726,0.2198557183609091,6,"1000,1001,1002,1003,1004,1005",67800,200,True
even-palindrome,structural_features,loss,relation,56400,0.11363792276975271,0.0927374640928201,1.467377116526336e-06,0.30467562050871605,6,"1000,1001,1002,1003,1004,1005",67800,200,True
even-palindrome,structural_features,loss,relation,56600,0.12932466177571644,0.04503271641465575,0.07229000594289499,0.20815062549281607,6,"1000,1001,1002,1003,1004,1005",67800,200,True
even-palindrome,structural_features,loss,relation,56800,0.11396711315377832,0.08587310221730016,1.2403492348784795e-05,0.22828234747637224,6,"1000,1001,1002,1003,1004,1005",67800,200,True
even-palindrome,structural_features,loss,relation,57000,0.09418869903386684,0.06522428676622515,1.468074269901365e-06,0.18244719207398533,6,"1000,1001,1002,1003,1004,1005",67800,200,True
even-palindrome,structural_features,loss,relation,57200,0.06512015169784596,0.054418060530080886,3.580811232217762e-07,0.15450811588549185,6,"1000,1001,1002,1003,1004,1005",67800,200,True
even-palindrome,structural_features,loss,relation,57400,0.13841774778059332,0.06311606418197098,0.07031237454368693,0.22273733090984138,6,"1000,1001,1002,1003,1004,1005",67800,200,True
even-palindrome,structural_features,loss,relation,57600,0.1353208201519252,0.033900094916741515,0.08493367597450685,0.17744686804211937,6,"1000,1001,1002,1003,1004,1005",67800,200,True
even-palindrome,structural_features,loss,relation,57800,0.12101960420730802,0.08440161191972022,2.0310623102134384e-05,0.2174805479940028,6,"1000,1001,1002,1003,1004,1005",67800,200,True
even-palindrome,structural_features,loss,relation,58000,0.076888135560758,0.07135042327141329,1.7200496923619468e-06,0.22131263148685776,6,"1000,1001,1002,1003,1004,1005",67800,200,True
even-palindrome,structural_features,loss,relation,58200,0.2331909519781156,0.20598110835372846,0.10043863090719697,0.688666086167695,6,"1000,1001,1002,1003,1004,1005",67800,200,True
even-palindrome,structural_features,loss,relation,58400,0.13946502681426523,0.07860849109842492,0.0052468345463815005,0.2488665948340372,6,"1000,1001,1002,1003,1004,1005",67800,200,True
even-palindrome,structural_features,loss,relation,58600,0.1254490934879474,0.08301458111173773,2.806140322642037e-07,0.2228536511139373,6,"1000,1001,1002,1003,1004,1005",67800,200,True
even-palindrome,structural_features,loss,relation,58800,0.11463634990072229,0.07902262634228767,0.02620134866101978,0.22433980119704303,6,"1000,1001,1002,1003,1004,1005",67800,200,True
even-palindrome,structural_features,loss,relation,59000,0.0892018232085476,0.05616109271959192,8.94642371420229e-06,0.1646686680344851,6,"1000,1001,1002,1003,1004,1005",67800,200,True
even-palindrome,structural_features,loss,relation,59200,0.09496640741398389,0.04619880565237617,0.022121520573321476,0.16428096640833276,6,"1000,1001,1002,1003,1004,1005",67800,200,True
even-palindrome,structural_features,loss,relation,59400,0.10912085997783953,0.05318635954705605,6.756931201001848e-06,0.16516699703357063,6,"1000,1001,1002,1003,1004,1005",67800,200,True
even-palindrome,structural_features,loss,relation,59600,0.10792917154203309,0.03468474723675183,0.050908443708943756,0.16160048840702473,6,"1000,1001,1002,1003,1004,1005",67800,200,True
even-palindrome,structural_features,loss,relation,59800,0.10436024126380516,0.01690431776556252,0.08131072697969444,0.1314876571894706,6,"1000,1001,1002,1003,1004,1005",67800,200,True
even-palindrome,structural_features,loss,relation,60000,0.1029270061794173,0.08053159852551384,8.99483341887386e-06,0.1966227001825655,6,"1000,1001,1002,1003,1004,1005",67800,200,True
even-palindrome,structural_features,loss,relation,60200,0.1292995899748961,0.08376377382928135,0.018484998221116485,0.23700642898339197,6,"1000,1001,1002,1003,1004,1005",67800,200,True
even-palindrome,structural_features,loss,relation,60400,0.13989731401012917,0.04004960243296081,0.07972927488918889,0.20895554562736265,6,"1000,1001,1002,1003,1004,1005",67800,200,True
even-palindrome,structural_features,loss,relation,60600,0.136974271063363,0.06242126755476072,0.08879497787661186,0.27259313570601534,6,"1000,1001,1002,1003,1004,1005",67800,200,True
even-palindrome,structural_features,loss,relation,60800,0.12349511125614838,0.058162176735186456,5.833100469523344e-06,0.18028879309283866,6,"1000,1001,1002,1003,1004,1005",67800,200,True
even-palindrome,structural_features,loss,relation,61000,0.1050383366661584,0.10252393230188715,2.01855445301824e-06,0.31335523944067517,6,"1000,1001,1002,1003,1004,1005",67800,200,True
even-palindrome,structural_features,loss,relation,61200,0.12159060217110214,0.06987437328921753,0.010394799998708954,0.21270485328712993,6,"1000,1001,1002,1003,1004,1005",67800,200,True
even-palindrome,structural_features,loss,relation,61400,0.10518317114706638,0.057847066708489873,0.025993112296290963,0.18349650886576854,6,"1000,1001,1002,1003,1004,1005",67800,200,True
even-palindrome,structural_features,loss,relation,61600,0.10576439473555636,0.0859990146501312,0.0004081456182235854,0.2523656142313996,6,"1000,1001,1002,1003,1004,1005",67800,200,True
even-palindrome,structural_features,loss,relation,61800,0.08301582496824424,0.054343579237771444,0.004770941113392375,0.17442990085996016,6,"1000,1001,1002,1003,1004,1005",67800,200,True
even-palindrome,structural_features,loss,relation,62000,0.1183720797414044,0.06808462705646823,0.02907330302246912,0.23581632398249552,6,"1000,1001,1002,1003,1004,1005",67800,200,True
even-palindrome,structural_features,loss,relation,62200,0.10785409757227983,0.052961486601119295,0.00011922929559029072,0.1685526201588803,6,"1000,1001,1002,1003,1004,1005",67800,200,True
even-palindrome,structural_features,loss,relation,62400,0.10276411980334645,0.0970736920457232,1.2605073649574194e-06,0.2880341417922918,6,"1000,1001,1002,1003,1004,1005",67800,200,True
even-palindrome,structural_features,loss,relation,62600,0.09727509814660945,0.07838908856866995,5.677236232259908e-07,0.23758437564049814,6,"1000,1001,1002,1003,1004,1005",67800,200,True
even-palindrome,structural_features,loss,relation,62800,0.10750589766794867,0.0850493895428383,0.018483804021026264,0.26591866161946087,6,"1000,1001,1002,1003,1004,1005",67800,200,True
even-palindrome,structural_features,loss,relation,63000,0.11306811058441409,0.06630872860019821,5.386746114833585e-05,0.184902289484333,6,"1000,1001,1002,1003,1004,1005",67800,200,True
even-palindrome,structural_features,loss,relation,63200,0.1335337775546893,0.06752298921208474,0.006825276638993287,0.21906708987239198,6,"1000,1001,1002,1003,1004,1005",67800,200,True
even-palindrome,structural_features,loss,relation,63400,0.1092576686138917,0.08940651415375647,4.163566580617228e-08,0.2212986388603897,6,"1000,1001,1002,1003,1004,1005",67800,200,True
even-palindrome,structural_features,loss,relation,63600,0.1371946368859768,0.06986380035686521,0.054492992920537615,0.23076642119918347,6,"1000,1001,1002,1003,1004,1005",67800,200,True
even-palindrome,structural_features,loss,relation,63800,0.10127873817336068,0.07186952336581522,0.00039285556561287295,0.19516312254044807,6,"1000,1001,1002,1003,1004,1005",67800,200,True
even-palindrome,structural_features,loss,relation,64000,0.10765676886548564,0.07791247480657411,4.389649051652789e-05,0.237347694208525,6,"1000,1001,1002,1003,1004,1005",67800,200,True
even-palindrome,structural_features,loss,relation,64200,0.11607341983558805,0.09621314358080219,0.011114927222929083,0.30782992875838416,6,"1000,1001,1002,1003,1004,1005",67800,200,True
even-palindrome,structural_features,loss,relation,64400,0.10034932000544117,0.09333318071770424,0.0006052861256709008,0.25441178109611956,6,"1000,1001,1002,1003,1004,1005",67800,200,True
even-palindrome,structural_features,loss,relation,64600,0.11476016233406516,0.0794333924195599,2.6091143391018258e-05,0.243350318542943,6,"1000,1001,1002,1003,1004,1005",67800,200,True
even-palindrome,structural_features,loss,relation,64800,0.10679875514807961,0.04829000070729217,0.03635918607657345,0.1577721206940356,6,"1000,1001,1002,1003,1004,1005",67800,200,True
even-palindrome,structural_features,loss,relation,65000,0.09300383193503864,0.022318607838655323,0.06171364077957757,0.12039550512646258,6,"1000,1001,1002,1003,1004,1005",67800,200,True
even-palindrome,structural_features,loss,relation,65200,0.12368890995338651,0.01660286769011581,0.10669432406349706,0.15440466660609672,6,"1000,1001,1002,1003,1004,1005",67800,200,True
even-palindrome,structural_features,loss,relation,65400,0.0985494059583228,0.06331126220962353,9.507858372987954e-05,0.2147968191326302,6,"1000,1001,1002,1003,1004,1005",67800,200,True
even-palindrome,structural_features,loss,relation,65600,0.09207261831381243,0.05895683511551243,0.0001881828730876922,0.1606268461076877,6,"1000,1001,1002,1003,1004,1005",67800,200,True
even-palindrome,structural_features,loss,relation,65800,0.09179836544577642,0.05467963934879827,0.016052859812949665,0.177037605285592,6,"1000,1001,1002,1003,1004,1005",67800,200,True
even-palindrome,structural_features,loss,relation,66000,0.14131515141793224,0.11168321686615375,0.001891415562035068,0.34657013435853573,6,"1000,1001,1002,1003,1004,1005",67800,200,True
even-palindrome,structural_features,loss,relation,66200,0.08631786252942736,0.09101763496791149,3.0514352174160207e-07,0.27316449928003805,6,"1000,1001,1002,1003,1004,1005",67800,200,True
even-palindrome,structural_features,loss,relation,66400,0.11115039619555085,0.07351874526445354,1.6472200189077136e-06,0.1952873652608025,6,"1000,1001,1002,1003,1004,1005",67800,200,True
even-palindrome,structural_features,loss,relation,66600,0.07136088626942973,0.057111724766637395,6.551806001650618e-07,0.184129510256426,6,"1000,1001,1002,1003,1004,1005",67800,200,True
even-palindrome,structural_features,loss,relation,66800,0.1704926540192697,0.0995919631908702,0.06922765801185676,0.3776969976294972,6,"1000,1001,1002,1003,1004,1005",67800,200,True
even-palindrome,structural_features,loss,relation,67000,0.1095231456993535,0.061634560358066616,0.04831905203958791,0.21381246163482587,6,"1000,1001,1002,1003,1004,1005",67800,200,True
even-palindrome,structural_features,loss,relation,67200,0.1041966143166284,0.0564929957415559,0.00010813249792224867,0.1699872381849373,6,"1000,1001,1002,1003,1004,1005",67800,200,True
even-palindrome,structural_features,loss,relation,67400,0.08831655991286298,0.0825409718952395,6.489140918643499e-06,0.22910528519966428,6,"1000,1001,1002,1003,1004,1005",67800,200,True
even-palindrome,structural_features,loss,relation,67600,0.09015672415710545,0.062292588000942624,7.424139766882831e-06,0.20869088206410624,6,"1000,1001,1002,1003,1004,1005",67800,200,True
even-palindrome,structural_features,loss,relation,67800,0.08972983341545943,0.07203515099750582,2.724430258743693e-07,0.19469901578839624,6,"1000,1001,1002,1003,1004,1005",67800,200,True
even-palindrome,structural_features,loss,combined,200,0.704190770884355,0.00420504810500752,0.6961778256297112,0.7077274675667286,6,"1000,1001,1002,1003,1004,1005",67800,200,True
even-palindrome,structural_features,loss,combined,400,0.6973123285919428,0.00343150677616544,0.6903640523552894,0.7006131583452224,6,"1000,1001,1002,1003,1004,1005",67800,200,True
even-palindrome,structural_features,loss,combined,600,0.69945421119531,0.005424560970643171,0.6952128091454506,0.7112153674662113,6,"1000,1001,1002,1003,1004,1005",67800,200,True
even-palindrome,structural_features,loss,combined,800,0.6983430222670237,0.0022808202719200835,0.6953276364505291,0.7017976152896881,6,"1000,1001,1002,1003,1004,1005",67800,200,True
even-palindrome,structural_features,loss,combined,1000,0.696601927652955,0.011651219744982025,0.6805891007184982,0.7090747117996216,6,"1000,1001,1002,1003,1004,1005",67800,200,True
even-palindrome,structural_features,loss,combined,1200,0.6935847873613238,0.01264540931057685,0.6681695658713579,0.7102064065635204,6,"1000,1001,1002,1003,1004,1005",67800,200,True
even-palindrome,structural_features,loss,combined,1400,0.6944131067954005,0.008653935565194767,0.6765863457322121,0.7023701418936252,6,"1000,1001,1002,1003,1004,1005",67800,200,True
even-palindrome,structural_features,loss,combined,1600,0.6931296618096531,0.011536350510222275,0.6697691996023059,0.7063040784746408,6,"1000,1001,1002,1003,1004,1005",67800,200,True
even-palindrome,structural_features,loss,combined,1800,0.684719796044131,0.015178489357750145,0.6513997492939234,0.6962725859880448,6,"1000,1001,1002,1003,1004,1005",67800,200,True
even-palindrome,structural_features,loss,combined,2000,0.6815569867566227,0.014634383234210208,0.6581225762143731,0.6952969092130661,6,"1000,1001,1002,1003,1004,1005",67800,200,True
even-palindrome,structural_features,loss,combined,2200,0.6720478175611547,0.030920328600880346,0.6082648607902229,0.7059990810602903,6,"1000,1001,1002,1003,1004,1005",67800,200,True
even-palindrome,structural_features,loss,combined,2400,0.6633654280286282,0.011216382774026213,0.6487008412741124,0.6813723612576723,6,"1000,1001,1002,1003,1004,1005",67800,200,True
even-palindrome,structural_features,loss,combined,2600,0.6624999123625457,0.033616822290980015,0.6336653010919691,0.734588844962418,6,"1000,1001,1002,1003,1004,1005",67800,200,True
even-palindrome,structural_features,loss,combined,2800,0.6479731412200879,0.01942471954813441,0.6265584317594767,0.6847314718365669,6,"1000,1001,1002,1003,1004,1005",67800,200,True
even-palindrome,structural_features,loss,combined,3000,0.6529228494285296,0.026347610347942026,0.6283463781885803,0.6926005028188229,6,"1000,1001,1002,1003,1004,1005",67800,200,True
even-palindrome,structural_features,loss,combined,3200,0.6407734146233027,0.03738892885934953,0.5843758709263056,0.6924751807749271,6,"1000,1001,1002,1003,1004,1005",67800,200,True
even-palindrome,structural_features,loss,combined,3400,0.6485746996259938,0.03259398859332155,0.6095976521633566,0.7008409462682903,6,"1000,1001,1002,1003,1004,1005",67800,200,True
even-palindrome,structural_features,loss,combined,3600,0.6266136336931959,0.02625183069369277,0.5785824678558856,0.6578521854430437,6,"1000,1001,1002,1003,1004,1005",67800,200,True
even-palindrome,structural_features,loss,combined,3800,0.6427278986309345,0.017654192609651252,0.6209817490540445,0.6708775901794434,6,"1000,1001,1002,1003,1004,1005",67800,200,True
even-palindrome,structural_features,loss,combined,4000,0.6437102152671044,0.03716880893660168,0.5845626719575375,0.6977871303632855,6,"1000,1001,1002,1003,1004,1005",67800,200,True
even-palindrome,structural_features,loss,combined,4200,0.6362413888820447,0.042014911363890406,0.5579096746537835,0.6866598549112678,6,"1000,1001,1002,1003,1004,1005",67800,200,True
even-palindrome,structural_features,loss,combined,4400,0.6246312453978075,0.021441286251874116,0.5889779449533671,0.6531419768184423,6,"1000,1001,1002,1003,1004,1005",67800,200,True
even-palindrome,structural_features,loss,combined,4600,0.6057747936163408,0.027187835345055616,0.558377554542385,0.6368763365596533,6,"1000,1001,1002,1003,1004,1005",67800,200,True
even-palindrome,structural_features,loss,combined,4800,0.6142333411852209,0.027682578217749998,0.5737199046928435,0.6556246192008257,6,"1000,1001,1002,1003,1004,1005",67800,200,True
even-palindrome,structural_features,loss,combined,5000,0.6282826355534296,0.03191969631359385,0.5737158672511578,0.6634331350307912,6,"1000,1001,1002,1003,1004,1005",67800,200,True
even-palindrome,structural_features,loss,combined,5200,0.6168900449193703,0.03385843386633422,0.5579928314965218,0.661979299634695,6,"1000,1001,1002,1003,1004,1005",67800,200,True
even-palindrome,structural_features,loss,combined,5400,0.6179921702117038,0.030152304288066045,0.5674058762798085,0.6492215168755502,6,"1000,1001,1002,1003,1004,1005",67800,200,True
even-palindrome,structural_features,loss,combined,5600,0.6145922384775865,0.030167697061309492,0.5635134985833429,0.6437405221257358,6,"1000,1001,1002,1003,1004,1005",67800,200,True
even-palindrome,structural_features,loss,combined,5800,0.5965824764365485,0.032146621540374336,0.5458262846665457,0.6387405724637211,6,"1000,1001,1002,1003,1004,1005",67800,200,True
even-palindrome,structural_features,loss,combined,6000,0.5880818294718241,0.02556813892647749,0.5393828109651804,0.612484198724851,6,"1000,1001,1002,1003,1004,1005",67800,200,True
even-palindrome,structural_features,loss,combined,6200,0.6067278177974125,0.030057492754582714,0.5699898144020699,0.6634460667800158,6,"1000,1001,1002,1003,1004,1005",67800,200,True
even-palindrome,structural_features,loss,combined,6400,0.5883069594720534,0.034920286291369854,0.5598152285534889,0.6644100881274789,6,"1000,1001,1002,1003,1004,1005",67800,200,True
even-palindrome,structural_features,loss,combined,6600,0.6252437796796827,0.05851731262308199,0.5624052055226639,0.7406082370877266,6,"1000,1001,1002,1003,1004,1005",67800,200,True
even-palindrome,structural_features,loss,combined,6800,0.5917803009653775,0.016445756904857726,0.5734802706958726,0.6219892774056643,6,"1000,1001,1002,1003,1004,1005",67800,200,True
even-palindrome,structural_features,loss,combined,7000,0.5849359520454891,0.04534102847745659,0.539096815472003,0.6666465079318732,6,"1000,1001,1002,1003,1004,1005",67800,200,True
even-palindrome,structural_features,loss,combined,7200,0.600184974904793,0.023413354936794615,0.5617438334133475,0.6364926350396126,6,"1000,1001,1002,1003,1004,1005",67800,200,True
even-palindrome,structural_features,loss,combined,7400,0.5822666739916895,0.029503387579193685,0.531846125703305,0.6089619039045647,6,"1000,1001,1002,1003,1004,1005",67800,200,True
even-palindrome,structural_features,loss,combined,7600,0.5799823993215493,0.0602082661451694,0.49459209784166885,0.6846843661926687,6,"1000,1001,1002,1003,1004,1005",67800,200,True
even-palindrome,structural_features,loss,combined,7800,0.5729382851580157,0.054314567589785874,0.4681129637430422,0.6309407869610004,6,"1000,1001,1002,1003,1004,1005",67800,200,True
even-palindrome,structural_features,loss,combined,8000,0.5652336612376773,0.03681016514514809,0.5377710393490269,0.6324474772484973,6,"1000,1001,1002,1003,1004,1005",67800,200,True
even-palindrome,structural_features,loss,combined,8200,0.5869494913978269,0.028945936213388004,0.5526579380466137,0.6391137208137662,6,"1000,1001,1002,1003,1004,1005",67800,200,True
even-palindrome,structural_features,loss,combined,8400,0.5771887257014169,0.0362695682516942,0.5323751263262239,0.6309469987172633,6,"1000,1001,1002,1003,1004,1005",67800,200,True
even-palindrome,structural_features,loss,combined,8600,0.569087413996167,0.030602674624989848,0.5126114615082042,0.6138299069693312,6,"1000,1001,1002,1003,1004,1005",67800,200,True
even-palindrome,structural_features,loss,combined,8800,0.570477378948708,0.03730466738213798,0.5157715307280887,0.6050317384116352,6,"1000,1001,1002,1003,1004,1005",67800,200,True
even-palindrome,structural_features,loss,combined,9000,0.5555715278571977,0.05127190419733824,0.4854224689421244,0.6160639118868858,6,"1000,1001,1002,1003,1004,1005",67800,200,True
even-palindrome,structural_features,loss,combined,9200,0.5646044891477019,0.04546193505115775,0.4939700824499596,0.6217167926486582,6,"1000,1001,1002,1003,1004,1005",67800,200,True
even-palindrome,structural_features,loss,combined,9400,0.5714620850303133,0.027292276885379232,0.530690925772069,0.6054288255982101,6,"1000,1001,1002,1003,1004,1005",67800,200,True
even-palindrome,structural_features,loss,combined,9600,0.5529289846112563,0.038082365149795995,0.50356013067998,0.612434239257127,6,"1000,1001,1002,1003,1004,1005",67800,200,True
even-palindrome,structural_features,loss,combined,9800,0.566756128614264,0.028514477414600743,0.5325023860263173,0.6095363555080258,6,"1000,1001,1002,1003,1004,1005",67800,200,True
even-palindrome,structural_features,loss,combined,10000,0.5445526860251751,0.034091942488641676,0.5133706659346353,0.6018186850729399,6,"1000,1001,1002,1003,1004,1005",67800,200,True
even-palindrome,structural_features,loss,combined,10200,0.54706642473718,0.037761256489896616,0.5134382713760715,0.6228463820694015,6,"1000,1001,1002,1003,1004,1005",67800,200,True
even-palindrome,structural_features,loss,combined,10400,0.5488537031412125,0.02531606737342988,0.5114770537742879,0.5972933995164931,6,"1000,1001,1002,1003,1004,1005",67800,200,True
even-palindrome,structural_features,loss,combined,10600,0.5446633616176162,0.029023457652901687,0.5078611585521139,0.6016714191320353,6,"1000,1001,1002,1003,1004,1005",67800,200,True
even-palindrome,structural_features,loss,combined,10800,0.5303953843233952,0.04772771195913391,0.4595119324792176,0.6138178260985296,6,"1000,1001,1002,1003,1004,1005",67800,200,True
even-palindrome,structural_features,loss,combined,11000,0.5225874696833004,0.040983274665119085,0.4754530005058041,0.5882228679850232,6,"1000,1001,1002,1003,1004,1005",67800,200,True
even-palindrome,structural_features,loss,combined,11200,0.5415868837303909,0.04165575361258829,0.4654747623007279,0.5924748758925125,6,"1000,1001,1002,1003,1004,1005",67800,200,True
even-palindrome,structural_features,loss,combined,11400,0.520810407990454,0.021948777719889546,0.49386856527242345,0.5551200434146449,6,"1000,1001,1002,1003,1004,1005",67800,200,True
even-palindrome,structural_features,loss,combined,11600,0.5372066832697602,0.022312430318988045,0.503663988421904,0.5775873373146169,6,"1000,1001,1002,1003,1004,1005",67800,200,True
even-palindrome,structural_features,loss,combined,11800,0.5416151804323696,0.052938472786632926,0.47798984302440656,0.6459833074221387,6,"1000,1001,1002,1003,1004,1005",67800,200,True
even-palindrome,structural_features,loss,combined,12000,0.5698800483486653,0.07247189614787741,0.47933385425712915,0.6711774599622004,6,"1000,1001,1002,1003,1004,1005",67800,200,True
even-palindrome,structural_features,loss,combined,12200,0.5463481563680882,0.0509762195173534,0.4442237199685769,0.6104738612752407,6,"1000,1001,1002,1003,1004,1005",67800,200,True
even-palindrome,structural_features,loss,combined,12400,0.5348917529796017,0.05416002047062245,0.466128184919944,0.6274193997867406,6,"1000,1001,1002,1003,1004,1005",67800,200,True
even-palindrome,structural_features,loss,combined,12600,0.5346025967401026,0.06099298853308657,0.46466309929441196,0.6064314317854587,6,"1000,1001,1002,1003,1004,1005",67800,200,True
even-palindrome,structural_features,loss,combined,12800,0.5481345599354729,0.04385775882395114,0.45207649279473117,0.5773001729149837,6,"1000,1001,1002,1003,1004,1005",67800,200,True
even-palindrome,structural_features,loss,combined,13000,0.5471255059503891,0.04641288670521329,0.4750527256424539,0.6134835806465708,6,"1000,1001,1002,1003,1004,1005",67800,200,True
even-palindrome,structural_features,loss,combined,13200,0.5486775492585244,0.038994607704437925,0.47888770059362284,0.5990964116592659,6,"1000,1001,1002,1003,1004,1005",67800,200,True
even-palindrome,structural_features,loss,combined,13400,0.5145786958839259,0.053666320672295854,0.42498529288306597,0.5791927926347126,6,"1000,1001,1002,1003,1004,1005",67800,200,True
even-palindrome,structural_features,loss,combined,13600,0.5228172262222991,0.06289411189851395,0.4057282453056541,0.597698291533161,6,"1000,1001,1002,1003,1004,1005",67800,200,True
even-palindrome,structural_features,loss,combined,13800,0.5192982652130498,0.0324789410203616,0.46507651795633137,0.5690492546977475,6,"1000,1001,1002,1003,1004,1005",67800,200,True
even-palindrome,structural_features,loss,combined,14000,0.5304723966762686,0.06191741363099837,0.4315505271102302,0.6307711313210893,6,"1000,1001,1002,1003,1004,1005",67800,200,True
even-palindrome,structural_features,loss,combined,14200,0.5104670512078641,0.042560662516555374,0.43359253573114986,0.5669443065999076,6,"1000,1001,1002,1003,1004,1005",67800,200,True
even-palindrome,structural_features,loss,combined,14400,0.5068558110212326,0.04058296656554713,0.44625098327698653,0.5520437069970648,6,"1000,1001,1002,1003,1004,1005",67800,200,True
even-palindrome,structural_features,loss,combined,14600,0.4876319366107054,0.07301637394516444,0.39131730617460564,0.5817010760051198,6,"1000,1001,1002,1003,1004,1005",67800,200,True
even-palindrome,structural_features,loss,combined,14800,0.4743643205032761,0.04535385519509862,0.3947786513797473,0.5328852592199109,6,"1000,1001,1002,1003,1004,1005",67800,200,True
even-palindrome,structural_features,loss,combined,15000,0.4700155778148716,0.058719861697324266,0.3883107263495913,0.5538075309066335,6,"1000,1001,1002,1003,1004,1005",67800,200,True
even-palindrome,structural_features,loss,combined,15200,0.4822239076109933,0.06679259479055911,0.39903133978601546,0.6002206071733963,6,"1000,1001,1002,1003,1004,1005",67800,200,True
even-palindrome,structural_features,loss,combined,15400,0.4728779046612423,0.05778122899840977,0.3867271643326967,0.5453866720577935,6,"1000,1001,1002,1003,1004,1005",67800,200,True
even-palindrome,structural_features,loss,combined,15600,0.47752142896948496,0.04246388834261891,0.39312726220698097,0.5211607717041624,6,"1000,1001,1002,1003,1004,1005",67800,200,True
even-palindrome,structural_features,loss,combined,15800,0.43123897176735526,0.0431328331138371,0.38172037165728395,0.49836000021896326,6,"1000,1001,1002,1003,1004,1005",67800,200,True
even-palindrome,structural_features,loss,combined,16000,0.46013138759029976,0.0908030959196251,0.27170530839895946,0.5521609028434614,6,"1000,1001,1002,1003,1004,1005",67800,200,True
even-palindrome,structural_features,loss,combined,16200,0.45902755005202683,0.06721086540849218,0.3169595328552532,0.512702762252884,6,"1000,1001,1002,1003,1004,1005",67800,200,True
even-palindrome,structural_features,loss,combined,16400,0.4624160177801726,0.032846555900623985,0.4024148922970926,0.5043957287474768,6,"1000,1001,1002,1003,1004,1005",67800,200,True
even-palindrome,structural_features,loss,combined,16600,0.47825788118316276,0.05197405123641427,0.3689546996250283,0.5236549761431525,6,"1000,1001,1002,1003,1004,1005",67800,200,True
even-palindrome,structural_features,loss,combined,16800,0.4950426476414092,0.05995377434267765,0.43592203134379814,0.6204137280012947,6,"1000,1001,1002,1003,1004,1005",67800,200,True
even-palindrome,structural_features,loss,combined,17000,0.45244062437520677,0.042710255946809876,0.38748643141210776,0.5076884592045099,6,"1000,1001,1002,1003,1004,1005",67800,200,True
even-palindrome,structural_features,loss,combined,17200,0.48534367327966416,0.05181100177714129,0.4051252294209553,0.5347985212272033,6,"1000,1001,1002,1003,1004,1005",67800,200,True
even-palindrome,structural_features,loss,combined,17400,0.46364924322258344,0.03127482273887035,0.43944417069433256,0.5296405496797525,6,"1000,1001,1002,1003,1004,1005",67800,200,True
even-palindrome,structural_features,loss,combined,17600,0.4815193412908169,0.04540304818916596,0.41280937408970203,0.5422867868992034,6,"1000,1001,1002,1003,1004,1005",67800,200,True
even-palindrome,structural_features,loss,combined,17800,0.45235079803516176,0.07994204084173313,0.35284805773611877,0.5926876697712578,6,"1000,1001,1002,1003,1004,1005",67800,200,True
even-palindrome,structural_features,loss,combined,18000,0.45552655506692347,0.08394006713167634,0.3291015190872713,0.5470874622015981,6,"1000,1001,1002,1003,1004,1005",67800,200,True
even-palindrome,structural_features,loss,combined,18200,0.46344579044026135,0.05013248805457007,0.3906521780166077,0.5204237550147809,6,"1000,1001,1002,1003,1004,1005",67800,200,True
even-palindrome,structural_features,loss,combined,18400,0.46483517117798323,0.04112924030357657,0.4084515250014374,0.5389674493749044,6,"1000,1001,1002,1003,1004,1005",67800,200,True
even-palindrome,structural_features,loss,combined,18600,0.4491820418850936,0.07333028153488069,0.365360153819056,0.5369172382849502,6,"1000,1001,1002,1003,1004,1005",67800,200,True
even-palindrome,structural_features,loss,combined,18800,0.4362761130205763,0.037872153405967134,0.38130390428559624,0.4795512573240558,6,"1000,1001,1002,1003,1004,1005",67800,200,True
even-palindrome,structural_features,loss,combined,19000,0.4066373732697079,0.060699676590590786,0.31620504572551,0.47184900229796767,6,"1000,1001,1002,1003,1004,1005",67800,200,True
even-palindrome,structural_features,loss,combined,19200,0.4641624936000941,0.03627878625055449,0.42293339265335816,0.5242549439758295,6,"1000,1001,1002,1003,1004,1005",67800,200,True
even-palindrome,structural_features,loss,combined,19400,0.4378192249937214,0.07861992669742023,0.30902753371861763,0.5230987199721858,6,"1000,1001,1002,1003,1004,1005",67800,200,True
even-palindrome,structural_features,loss,combined,19600,0.4295248372533873,0.07575502251652974,0.3230516842842917,0.549914738459629,6,"1000,1001,1002,1003,1004,1005",67800,200,True
even-palindrome,structural_features,loss,combined,19800,0.3962310445436015,0.05333790488791058,0.3209122775684227,0.4785780421542586,6,"1000,1001,1002,1003,1004,1005",67800,200,True
even-palindrome,structural_features,loss,combined,20000,0.42367236644198786,0.10959706404068027,0.2560313150647562,0.547112695924734,6,"1000,1001,1002,1003,1004,1005",67800,200,True
even-palindrome,structural_features,loss,combined,20200,0.3925008913769428,0.06260203772985781,0.29727211108838675,0.4785689915303374,6,"1000,1001,1002,1003,1004,1005",67800,200,True
even-palindrome,structural_features,loss,combined,20400,0.3932966096854822,0.07268318107282365,0.3111658653081395,0.515515802805312,6,"1000,1001,1002,1003,1004,1005",67800,200,True
even-palindrome,structural_features,loss,combined,20600,0.40784865041547763,0.07063040458680632,0.3079494581090694,0.5164207466761581,6,"1000,1001,1002,1003,1004,1005",67800,200,True
even-palindrome,structural_features,loss,combined,20800,0.42621381696143845,0.08915890478076567,0.25147269047462034,0.5158158277050825,6,"1000,1001,1002,1003,1004,1005",67800,200,True
even-palindrome,structural_features,loss,combined,21000,0.3941487253033605,0.0770985907154175,0.28820790334386404,0.5113281963433838,6,"1000,1001,1002,1003,1004,1005",67800,200,True
even-palindrome,structural_features,loss,combined,21200,0.417229079638552,0.05359318175036372,0.31836315122578523,0.499139213321032,6,"1000,1001,1002,1003,1004,1005",67800,200,True
even-palindrome,structural_features,loss,combined,21400,0.429568861795451,0.09116417627085163,0.30010509300627747,0.5582196661119815,6,"1000,1001,1002,1003,1004,1005",67800,200,True
even-palindrome,structural_features,loss,combined,21600,0.3756093509057246,0.06444435645727689,0.2920221379873692,0.4995281623478513,6,"1000,1001,1002,1003,1004,1005",67800,200,True
even-palindrome,structural_features,loss,combined,21800,0.38926237335814223,0.03794392391279379,0.3237899165527779,0.44781662939232775,6,"1000,1001,1002,1003,1004,1005",67800,200,True
even-palindrome,structural_features,loss,combined,22000,0.33513195064055257,0.045270377098601475,0.27798515569389565,0.41391428851580714,6,"1000,1001,1002,1003,1004,1005",67800,200,True
even-palindrome,structural_features,loss,combined,22200,0.33300234926358824,0.08631757528419484,0.20244876379947527,0.42369937853400186,6,"1000,1001,1002,1003,1004,1005",67800,200,True
even-palindrome,structural_features,loss,combined,22400,0.3479380033580613,0.049137322147455934,0.2817730156489415,0.4381118705993867,6,"1000,1001,1002,1003,1004,1005",67800,200,True
even-palindrome,structural_features,loss,combined,22600,0.3053193874830989,0.08915791614007838,0.1827774970413884,0.4346909222766408,6,"1000,1001,1002,1003,1004,1005",67800,200,True
even-palindrome,structural_features,loss,combined,22800,0.34843958435226047,0.06378999792186502,0.24333281255327166,0.4442003156535793,6,"1000,1001,1002,1003,1004,1005",67800,200,True
even-palindrome,structural_features,loss,combined,23000,0.35301332965575666,0.06682317592144092,0.2102518653537845,0.4002563943830319,6,"1000,1001,1002,1003,1004,1005",67800,200,True
even-palindrome,structural_features,loss,combined,23200,0.3302363831357858,0.05705959315340173,0.2422684111513081,0.4149084505531937,6,"1000,1001,1002,1003,1004,1005",67800,200,True
even-palindrome,structural_features,loss,combined,23400,0.33890194896284814,0.06075132778014712,0.22576438767180662,0.4306504479181604,6,"1000,1001,1002,1003,1004,1005",67800,200,True
even-palindrome,structural_features,loss,combined,23600,0.3551792023671805,0.08615858855325757,0.20424766588279453,0.45768173045042204,6,"1000,1001,1002,1003,1004,1005",67800,200,True
even-palindrome,structural_features,loss,combined,23800,0.3334060828179038,0.10313401912437868,0.20248159873655822,0.46786731584572405,6,"1000,1001,1002,1003,1004,1005",67800,200,True
even-palindrome,structural_features,loss,combined,24000,0.35787272868540937,0.049520780804727556,0.2864970141408776,0.44904560318347647,6,"1000,1001,1002,1003,1004,1005",67800,200,True
even-palindrome,structural_features,loss,combined,24200,0.36047966022473094,0.0664355222614878,0.29476980601142716,0.49983215980173556,6,"1000,1001,1002,1003,1004,1005",67800,200,True
even-palindrome,structural_features,loss,combined,24400,0.340020857893663,0.07325990568622244,0.26796787741448497,0.49347180628043136,6,"1000,1001,1002,1003,1004,1005",67800,200,True
even-palindrome,structural_features,loss,combined,24600,0.3526987176709917,0.0801238240499869,0.27417699120869654,0.46846533621821435,6,"1000,1001,1002,1003,1004,1005",67800,200,True
even-palindrome,structural_features,loss,combined,24800,0.3261685314611289,0.05541906151526903,0.21911187047560815,0.39840452161712164,6,"1000,1001,1002,1003,1004,1005",67800,200,True
even-palindrome,structural_features,loss,combined,25000,0.3568757283308029,0.04733396700626277,0.2754445789512101,0.4076886040782847,6,"1000,1001,1002,1003,1004,1005",67800,200,True
even-palindrome,structural_features,loss,combined,25200,0.3038439957530439,0.050834934030816105,0.25701203636730496,0.4037520922121621,6,"1000,1001,1002,1003,1004,1005",67800,200,True
even-palindrome,structural_features,loss,combined,25400,0.30341617207353316,0.06521154958469229,0.18903820248349804,0.3958616935400642,6,"1000,1001,1002,1003,1004,1005",67800,200,True
even-palindrome,structural_features,loss,combined,25600,0.354840097888485,0.06535136583607622,0.24887368939016596,0.4688538188370876,6,"1000,1001,1002,1003,1004,1005",67800,200,True
even-palindrome,structural_features,loss,combined,25800,0.2957946868367101,0.06347244641589504,0.1873481014132267,0.36869992126710716,6,"1000,1001,1002,1003,1004,1005",67800,200,True
even-palindrome,structural_features,loss,combined,26000,0.2842187731325248,0.07024655965370323,0.16619812660326716,0.3998818498539913,6,"1000,1001,1002,1003,1004,1005",67800,200,True
even-palindrome,structural_features,loss,combined,26200,0.29081351256447613,0.0732635593501627,0.1340539085768978,0.3541927546263832,6,"1000,1001,1002,1003,1004,1005",67800,200,True
even-palindrome,structural_features,loss,combined,26400,0.23249167744066046,0.07987488888021717,0.11595921049942262,0.3438694959845452,6,"1000,1001,1002,1003,1004,1005",67800,200,True
even-palindrome,structural_features,loss,combined,26600,0.30674896001176116,0.0689731175823969,0.20572012031629128,0.4315987532376312,6,"1000,1001,1002,1003,1004,1005",67800,200,True
even-palindrome,structural_features,loss,combined,26800,0.2840202420439891,0.050733512370013494,0.21164259006473002,0.3568979931541253,6,"1000,1001,1002,1003,1004,1005",67800,200,True
even-palindrome,structural_features,loss,combined,27000,0.29928030194090754,0.05927861626953058,0.2536412795372962,0.42781583515927196,6,"1000,1001,1002,1003,1004,1005",67800,200,True
even-palindrome,structural_features,loss,combined,27200,0.2629054595951311,0.07103227692744028,0.14189826067231479,0.3386263817314466,6,"1000,1001,1002,1003,1004,1005",67800,200,True
even-palindrome,structural_features,loss,combined,27400,0.23952310485114445,0.038817965089287844,0.19259813952463445,0.29271677028606063,6,"1000,1001,1002,1003,1004,1005",67800,200,True
even-palindrome,structural_features,loss,combined,27600,0.28456884111667624,0.11026291866963113,0.1819062124559423,0.5079681148518285,6,"1000,1001,1002,1003,1004,1005",67800,200,True
even-palindrome,structural_features,loss,combined,27800,0.24399210218532666,0.026130000723838857,0.20934252698381897,0.28592640781627776,6,"1000,1001,1002,1003,1004,1005",67800,200,True
even-palindrome,structural_features,loss,combined,28000,0.26173458876701866,0.05711601603440118,0.14454262983010266,0.3147217608565916,6,"1000,1001,1002,1003,1004,1005",67800,200,True
even-palindrome,structural_features,loss,combined,28200,0.25861451491325776,0.05878516403816048,0.18233299690429702,0.34217398993845566,6,"1000,1001,1002,1003,1004,1005",67800,200,True
even-palindrome,structural_features,loss,combined,28400,0.348176758986768,0.10922810075459473,0.2326847101356543,0.5184170310781337,6,"1000,1001,1002,1003,1004,1005",67800,200,True
even-palindrome,structural_features,loss,combined,28600,0.27589931830238124,0.08358124225397964,0.1575520519100246,0.4378039155434817,6,"1000,1001,1002,1003,1004,1005",67800,200,True
even-palindrome,structural_features,loss,combined,28800,0.24351342968302866,0.03792200699273213,0.20454559973066352,0.3079461512935086,6,"1000,1001,1002,1003,1004,1005",67800,200,True
even-palindrome,structural_features,loss,combined,29000,0.3182099051348814,0.0798571707035855,0.2525135376949038,0.4934582674128615,6,"1000,1001,1002,1003,1004,1005",67800,200,True
even-palindrome,structural_features,loss,combined,29200,0.26602212059597147,0.07896765079993219,0.11366681979707209,0.35549468554563646,6,"1000,1001,1002,1003,1004,1005",67800,200,True
even-palindrome,structural_features,loss,combined,29400,0.2514554601307373,0.043316823814963344,0.21160725812753298,0.33494570751732683,6,"1000,1001,1002,1003,1004,1005",67800,200,True
even-palindrome,structural_features,loss,combined,29600,0.2268272409934192,0.0771224720726291,0.14581160933623324,0.3600346290609741,6,"1000,1001,1002,1003,1004,1005",67800,200,True
even-palindrome,structural_features,loss,combined,29800,0.30338065711635254,0.14791909164177172,0.1372734641279385,0.6136668482242384,6,"1000,1001,1002,1003,1004,1005",67800,200,True
even-palindrome,structural_features,loss,combined,30000,0.2504101234740044,0.08476049897399877,0.14537351666898757,0.3995178383121674,6,"1000,1001,1002,1003,1004,1005",67800,200,True
even-palindrome,structural_features,loss,combined,30200,0.19850829807434667,0.05662020690962265,0.12097477514833371,0.2782319812259448,6,"1000,1001,1002,1003,1004,1005",67800,200,True
even-palindrome,structural_features,loss,combined,30400,0.21147960814603264,0.07265776439159624,0.10986456346920022,0.30969375598467197,6,"1000,1001,1002,1003,1004,1005",67800,200,True
even-palindrome,structural_features,loss,combined,30600,0.25549463868917127,0.05939569600432289,0.17298147743622394,0.3483298023768111,6,"1000,1001,1002,1003,1004,1005",67800,200,True
even-palindrome,structural_features,loss,combined,30800,0.23771383718993247,0.06146983580907864,0.11709515315538738,0.31118016492873724,6,"1000,1001,1002,1003,1004,1005",67800,200,True
even-palindrome,structural_features,loss,combined,31000,0.24044228428359324,0.07860178515627622,0.1166768249353845,0.3273642527112679,6,"1000,1001,1002,1003,1004,1005",67800,200,True
even-palindrome,structural_features,loss,combined,31200,0.24328725851013888,0.08223894177976017,0.06808857291129243,0.328244109415391,6,"1000,1001,1002,1003,1004,1005",67800,200,True
even-palindrome,structural_features,loss,combined,31400,0.332428370428867,0.2643531251126196,0.1223328371210664,0.9072903399749248,6,"1000,1001,1002,1003,1004,1005",67800,200,True
even-palindrome,structural_features,loss,combined,31600,0.313111590615769,0.17450840265064665,0.1589285063985153,0.6848164889517647,6,"1000,1001,1002,1003,1004,1005",67800,200,True
even-palindrome,structural_features,loss,combined,31800,0.27138083287519904,0.11272001923021133,0.1244651287799934,0.47481253508012744,6,"1000,1001,1002,1003,1004,1005",67800,200,True
even-palindrome,structural_features,loss,combined,32000,0.253568108584653,0.09523660554908692,0.157769262996153,0.44108531899488296,6,"1000,1001,1002,1003,1004,1005",67800,200,True
even-palindrome,structural_features,loss,combined,32200,0.2295775277028118,0.08937665660262072,0.07919303157628747,0.3677066830586409,6,"1000,1001,1002,1003,1004,1005",67800,200,True
even-palindrome,structural_features,loss,combined,32400,0.19042161746073663,0.084670665047122,0.07424926936750126,0.31140986068203347,6,"1000,1001,1002,1003,1004,1005",67800,200,True
even-palindrome,structural_features,loss,combined,32600,0.21037283610158589,0.015239048651352945,0.18242258634107203,0.23330578202247124,6,"1000,1001,1002,1003,1004,1005",67800,200,True
even-palindrome,structural_features,loss,combined,32800,0.2633374620436446,0.05641341257830552,0.17728655499666274,0.3509784951738766,6,"1000,1001,1002,1003,1004,1005",67800,200,True
even-palindrome,structural_features,loss,combined,33000,0.20121596350490412,0.046315757148191194,0.13539340921432086,0.263756360207808,6,"1000,1001,1002,1003,1004,1005",67800,200,True
even-palindrome,structural_features,loss,combined,33200,0.16182539899982204,0.03975007129502169,0.100693849678064,0.21236010862507101,6,"1000,1001,1002,1003,1004,1005",67800,200,True
even-palindrome,structural_features,loss,combined,33400,0.19245147069679358,0.06928835488931245,0.1003411467501428,0.29196492051669337,6,"1000,1001,1002,1003,1004,1005",67800,200,True
even-palindrome,structural_features,loss,combined,33600,0.2387327979510413,0.07796289167262382,0.14361614108653156,0.37158382617850294,6,"1000,1001,1002,1003,1004,1005",67800,200,True
even-palindrome,structural_features,loss,combined,33800,0.21893649910296212,0.04315194795746185,0.14731011678755748,0.291501266526775,6,"1000,1001,1002,1003,1004,1005",67800,200,True
even-palindrome,structural_features,loss,combined,34000,0.21986634247129888,0.08728142292760013,0.10167694789241068,0.3449470052824472,6,"1000,1001,1002,1003,1004,1005",67800,200,True
even-palindrome,structural_features,loss,combined,34200,0.19628348109444535,0.06700914121203243,0.056089685951137655,0.2609738630007996,6,"1000,1001,1002,1003,1004,1005",67800,200,True
even-palindrome,structural_features,loss,combined,34400,0.2040400882347664,0.08143429491080642,0.11457073226119974,0.32269309725932543,6,"1000,1001,1002,1003,1004,1005",67800,200,True
even-palindrome,structural_features,loss,combined,34600,0.27798342883170485,0.24033256443717732,0.10807553895145247,0.8076907312734329,6,"1000,1001,1002,1003,1004,1005",67800,200,True
even-palindrome,structural_features,loss,combined,34800,0.20256596608891111,0.051325387748119566,0.12028392079650076,0.2628222290221129,6,"1000,1001,1002,1003,1004,1005",67800,200,True
even-palindrome,structural_features,loss,combined,35000,0.1863147236571452,0.09086879848274261,0.061413134217364135,0.32241938999299236,6,"1000,1001,1002,1003,1004,1005",67800,200,True
even-palindrome,structural_features,loss,combined,35200,0.16029822291420412,0.059995963656019335,0.0935664270955931,0.28037562678797256,6,"1000,1001,1002,1003,1004,1005",67800,200,True
even-palindrome,structural_features,loss,combined,35400,0.1682227425216115,0.05737798581484343,0.06246525470587585,0.226596690780425,6,"1000,1001,1002,1003,1004,1005",67800,200,True
even-palindrome,structural_features,loss,combined,35600,0.17340456014100405,0.05911898987446325,0.07624703204208344,0.2309310600910976,6,"1000,1001,1002,1003,1004,1005",67800,200,True
even-palindrome,structural_features,loss,combined,35800,0.15609418948822543,0.07565903800003823,0.0724380617506904,0.27952704107814497,6,"1000,1001,1002,1003,1004,1005",67800,200,True
even-palindrome,structural_features,loss,combined,36000,0.23899534810309278,0.05593181546868207,0.13185328812716762,0.2975041216030695,6,"1000,1001,1002,1003,1004,1005",67800,200,True
even-palindrome,structural_features,loss,combined,36200,0.20118227750845108,0.0516520403411147,0.13340864285441056,0.26335150836763205,6,"1000,1001,1002,1003,1004,1005",67800,200,True
even-palindrome,structural_features,loss,combined,36400,0.1422508494564954,0.06447478996917676,0.07182383530123843,0.23003094690531725,6,"1000,1001,1002,1003,1004,1005",67800,200,True
even-palindrome,structural_features,loss,combined,36600,0.23857482400611843,0.10101211792345302,0.06952565071922436,0.4118199364102111,6,"1000,1001,1002,1003,1004,1005",67800,200,True
even-palindrome,structural_features,loss,combined,36800,0.1643799362346954,0.11275702463219105,0.04018069450277835,0.34010573904439295,6,"1000,1001,1002,1003,1004,1005",67800,200,True
even-palindrome,structural_features,loss,combined,37000,0.15905918133724753,0.09176948970725864,0.020905008801164512,0.27767950753514015,6,"1000,1001,1002,1003,1004,1005",67800,200,True
even-palindrome,structural_features,loss,combined,37200,0.2063726852506458,0.11028138604263414,0.009223556555662071,0.32193196629210435,6,"1000,1001,1002,1003,1004,1005",67800,200,True
even-palindrome,structural_features,loss,combined,37400,0.14334256059495676,0.027715922165055484,0.0991340699877901,0.1782314883066647,6,"1000,1001,1002,1003,1004,1005",67800,200,True
even-palindrome,structural_features,loss,combined,37600,0.18803001080739323,0.10822002820059534,0.04945931829230176,0.374702247373516,6,"1000,1001,1002,1003,1004,1005",67800,200,True
even-palindrome,structural_features,loss,combined,37800,0.18957963855749238,0.12166007931032742,0.007867971138789471,0.3599145763152046,6,"1000,1001,1002,1003,1004,1005",67800,200,True
even-palindrome,structural_features,loss,combined,38000,0.1661878879120915,0.05880060009285439,0.09983934119592959,0.28336304179621946,6,"1000,1001,1002,1003,1004,1005",67800,200,True
even-palindrome,structural_features,loss,combined,38200,0.23003046696314147,0.052693810762480725,0.16689752723920037,0.3283948807961133,6,"1000,1001,1002,1003,1004,1005",67800,200,True
even-palindrome,structural_features,loss,combined,38400,0.13126019154061547,0.0821792498191297,0.004077245545313417,0.2334609318994626,6,"1000,1001,1002,1003,1004,1005",67800,200,True
even-palindrome,structural_features,loss,combined,38600,0.18090428287813287,0.05022082992652332,0.12150413919152016,0.24921531657186732,6,"1000,1001,1002,1003,1004,1005",67800,200,True
even-palindrome,structural_features,loss,combined,38800,0.15554676766303752,0.0703511361036971,0.0795695684041857,0.2936699093891002,6,"1000,1001,1002,1003,1004,1005",67800,200,True
even-palindrome,structural_features,loss,combined,39000,0.16185884554575145,0.060643253578777076,0.1007843556654916,0.2518961069333636,6,"1000,1001,1002,1003,1004,1005",67800,200,True
even-palindrome,structural_features,loss,combined,39200,0.17113855289759008,0.09719948580122291,0.0037818992019401777,0.3236078557902329,6,"1000,1001,1002,1003,1004,1005",67800,200,True
even-palindrome,structural_features,loss,combined,39400,0.12673347642434768,0.06585804126696068,0.011905297410144157,0.21646147222625586,6,"1000,1001,1002,1003,1004,1005",67800,200,True
even-palindrome,structural_features,loss,combined,39600,0.172275523454396,0.1132454857047345,0.04922457233106797,0.3718542583663384,6,"1000,1001,1002,1003,1004,1005",67800,200,True
even-palindrome,structural_features,loss,combined,39800,0.1768554639685662,0.07346772902001317,0.07050239133769765,0.29473128034398544,6,"1000,1001,1002,1003,1004,1005",67800,200,True
even-palindrome,structural_features,loss,combined,40000,0.15033747906758058,0.09055357104530136,0.0001196783621526265,0.27029689542241614,6,"1000,1001,1002,1003,1004,1005",67800,200,True
even-palindrome,structural_features,loss,combined,40200,0.15681763771029938,0.06863420533274217,0.06348276508866547,0.23262468654946133,6,"1000,1001,1002,1003,1004,1005",67800,200,True
even-palindrome,structural_features,loss,combined,40400,0.18053082273163493,0.07845497885922506,0.040371647770807616,0.2775326960102757,6,"1000,1001,1002,1003,1004,1005",67800,200,True
even-palindrome,structural_features,loss,combined,40600,0.17731212683095351,0.06660982320172962,0.050974956269622,0.27122426193378485,6,"1000,1001,1002,1003,1004,1005",67800,200,True
even-palindrome,structural_features,loss,combined,40800,0.16489438357622022,0.06270103323790707,0.06568327585866428,0.2450055977879674,6,"1000,1001,1002,1003,1004,1005",67800,200,True
even-palindrome,structural_features,loss,combined,41000,0.14506133581773764,0.0863813060515404,0.0002559721856687247,0.2641147620087941,6,"1000,1001,1002,1003,1004,1005",67800,200,True
even-palindrome,structural_features,loss,combined,41200,0.22141618810194927,0.13637302239661467,0.10113111766561815,0.49533312604090723,6,"1000,1001,1002,1003,1004,1005",67800,200,True
even-palindrome,structural_features,loss,combined,41400,0.16306842209994024,0.06799241727579174,0.029665593290180824,0.2553414666968797,6,"1000,1001,1002,1003,1004,1005",67800,200,True
even-palindrome,structural_features,loss,combined,41600,0.17627627898419063,0.05683199480705973,0.10129502319741732,0.2694466157675561,6,"1000,1001,1002,1003,1004,1005",67800,200,True
even-palindrome,structural_features,loss,combined,41800,0.130744259972314,0.07193290899324524,0.02509768832670943,0.23637774142716808,6,"1000,1001,1002,1003,1004,1005",67800,200,True
even-palindrome,structural_features,loss,combined,42000,0.16477984787465097,0.07598058635370884,0.05340213663814211,0.26639734664169734,6,"1000,1001,1002,1003,1004,1005",67800,200,True
even-palindrome,structural_features,loss,combined,42200,0.11722209104726933,0.0784610758081623,0.01669060044798016,0.23431790306713082,6,"1000,1001,1002,1003,1004,1005",67800,200,True
even-palindrome,structural_features,loss,combined,42400,0.13545691422646353,0.07411049781150969,0.04258589254913659,0.2319720697369121,6,"1000,1001,1002,1003,1004,1005",67800,200,True
even-palindrome,structural_features,loss,combined,42600,0.154690078317943,0.058820902145629364,0.044856369491622555,0.21852148597473842,6,"1000,1001,1002,1003,1004,1005",67800,200,True
even-palindrome,structural_features,loss,combined,42800,0.12357355554587135,0.0748215858618016,0.01250316399457006,0.23406331642163422,6,"1000,1001,1002,1003,1004,1005",67800,200,True
even-palindrome,structural_features,loss,combined,43000,0.11453144654392418,0.07202197897128103,0.002647079618218413,0.22981108008472803,6,"1000,1001,1002,1003,1004,1005",67800,200,True
even-palindrome,structural_features,loss,combined,43200,0.14228268581049974,0.0811723182050463,0.0006621838264277358,0.2545320895097529,6,"1000,1001,1002,1003,1004,1005",67800,200,True
even-palindrome,structural_features,loss,combined,43400,0.17698953618983956,0.06659485771257331,0.07533075069616643,0.2687044225074578,6,"1000,1001,1002,1003,1004,1005",67800,200,True
even-palindrome,structural_features,loss,combined,43600,0.11249671704460656,0.06286255501887426,0.0013361630138467716,0.17858562289426116,6,"1000,1001,1002,1003,1004,1005",67800,200,True
even-palindrome,structural_features,loss,combined,43800,0.12611357054019076,0.045241491379431155,0.07008421091245509,0.17897472753386637,6,"1000,1001,1002,1003,1004,1005",67800,200,True
even-palindrome,structural_features,loss,combined,44000,0.18125172403591214,0.1060002438213625,0.023927527485022894,0.31488096477634825,6,"1000,1001,1002,1003,1004,1005",67800,200,True
even-palindrome,structural_features,loss,combined,44200,0.14704093260389142,0.1001774846836885,0.026671490019186308,0.2552395565063671,6,"1000,1001,1002,1003,1004,1005",67800,200,True
even-palindrome,structural_features,loss,combined,44400,0.15358050436171425,0.11318530139340079,0.002542455877826342,0.30464754089461166,6,"1000,1001,1002,1003,1004,1005",67800,200,True
even-palindrome,structural_features,loss,combined,44600,0.14433670324872042,0.06273296722649632,0.06545918351949226,0.2532357048294489,6,"1000,1001,1002,1003,1004,1005",67800,200,True
even-palindrome,structural_features,loss,combined,44800,0.09948391259482268,0.06557446477769807,0.010786326367162929,0.19205272338881968,6,"1000,1001,1002,1003,1004,1005",67800,200,True
even-palindrome,structural_features,loss,combined,45000,0.14842955518907322,0.11124492269449823,0.00011345471660888507,0.29796012284346945,6,"1000,1001,1002,1003,1004,1005",67800,200,True
even-palindrome,structural_features,loss,combined,45200,0.12978883036865796,0.08376480355978788,0.022431791759099155,0.2889709492369593,6,"1000,1001,1002,1003,1004,1005",67800,200,True
even-palindrome,structural_features,loss,combined,45400,0.20309636425103353,0.14606001460214904,0.07697564223410609,0.5029318241072244,6,"1000,1001,1002,1003,1004,1005",67800,200,True
even-palindrome,structural_features,loss,combined,45600,0.11817798636685561,0.06545377950066925,0.03164830629059679,0.2132359783897846,6,"1000,1001,1002,1003,1004,1005",67800,200,True
even-palindrome,structural_features,loss,combined,45800,0.19265988466931694,0.08574764773617265,0.07620193475529391,0.29555407890019525,6,"1000,1001,1002,1003,1004,1005",67800,200,True
even-palindrome,structural_features,loss,combined,46000,0.15584648779463475,0.10465003896611468,0.00045568950529911945,0.3066509242233951,6,"1000,1001,1002,1003,1004,1005",67800,200,True
even-palindrome,structural_features,loss,combined,46200,0.0851006977772088,0.052951470442649314,0.01490286558759294,0.1571606207925754,6,"1000,1001,1002,1003,1004,1005",67800,200,True
even-palindrome,structural_features,loss,combined,46400,0.16190043178170616,0.0751271564435737,0.06587456320232263,0.27370745498113136,6,"1000,1001,1002,1003,1004,1005",67800,200,True
even-palindrome,structural_features,loss,combined,46600,0.16333564254942753,0.10602206691410787,0.04177579925157005,0.34670242958878134,6,"1000,1001,1002,1003,1004,1005",67800,200,True
even-palindrome,structural_features,loss,combined,46800,0.1468546664686525,0.057530948656637736,0.023522582553617895,0.20596490292601174,6,"1000,1001,1002,1003,1004,1005",67800,200,True
even-palindrome,structural_features,loss,combined,47000,0.13909668974522582,0.08382347122509859,0.0060139160846756565,0.23431922066668925,6,"1000,1001,1002,1003,1004,1005",67800,200,True
even-palindrome,structural_features,loss,combined,47200,0.1763402469691303,0.08459156916627408,0.013660549571500268,0.27887857616720796,6,"1000,1001,1002,1003,1004,1005",67800,200,True
even-palindrome,structural_features,loss,combined,47400,0.132142438725716,0.08615738533887825,0.0006552464315109319,0.27218588462848403,6,"1000,1001,1002,1003,1004,1005",67800,200,True
even-palindrome,structural_features,loss,combined,47600,0.10825848045174302,0.08017006178555354,0.0014285808679730394,0.21675658508025208,6,"1000,1001,1002,1003,1004,1005",67800,200,True
even-palindrome,structural_features,loss,combined,47800,0.14734229229923185,0.10440592693155643,0.0035602490194368386,0.2944303689111609,6,"1000,1001,1002,1003,1004,1005",67800,200,True
even-palindrome,structural_features,loss,combined,48000,0.16298033384528718,0.08746817273713386,1.8326901496408255e-05,0.24542366928914816,6,"1000,1001,1002,1003,1004,1005",67800,200,True
even-palindrome,structural_features,loss,combined,48200,0.17228744483889957,0.0963038147561641,0.0770619692074851,0.37123012777065456,6,"1000,1001,1002,1003,1004,1005",67800,200,True
even-palindrome,structural_features,loss,combined,48400,0.1512084710909167,0.06492856254565606,0.04034388661600986,0.23551099686818588,6,"1000,1001,1002,1003,1004,1005",67800,200,True
even-palindrome,structural_features,loss,combined,48600,0.164170787114271,0.09715561948876432,0.041392682260741366,0.31779858634031827,6,"1000,1001,1002,1003,1004,1005",67800,200,True
even-palindrome,structural_features,loss,combined,48800,0.10962491677534227,0.08553776708602247,0.002563351844310944,0.2160958801263496,6,"1000,1001,1002,1003,1004,1005",67800,200,True
even-palindrome,structural_features,loss,combined,49000,0.13005685262113661,0.0447196928690239,0.07806679392524217,0.20115916955087415,6,"1000,1001,1002,1003,1004,1005",67800,200,True
even-palindrome,structural_features,loss,combined,49200,0.21292541136748744,0.10288499443606117,0.04079942676737744,0.324899836869202,6,"1000,1001,1002,1003,1004,1005",67800,200,True
even-palindrome,structural_features,loss,combined,49400,0.14941517031451443,0.09722135407171589,0.0030187513308530356,0.2547445742563542,6,"1000,1001,1002,1003,1004,1005",67800,200,True
even-palindrome,structural_features,loss,combined,49600,0.13925400718602565,0.12572646464151876,9.56826827255952e-06,0.36491711011276495,6,"1000,1001,1002,1003,1004,1005",67800,200,True
even-palindrome,structural_features,loss,combined,49800,0.18026366425575588,0.11959814961112411,0.011161061717498342,0.32276969397669913,6,"1000,1001,1002,1003,1004,1005",67800,200,True
even-palindrome,structural_features,loss,combined,50000,0.10433404458146019,0.08411416877559179,0.007015552115428818,0.23736650205773457,6,"1000,1001,1002,1003,1004,1005",67800,200,True
even-palindrome,structural_features,loss,combined,50200,0.11205366354114644,0.04439135158681437,0.040095645788928776,0.1705618052662976,6,"1000,1001,1002,1003,1004,1005",67800,200,True
even-palindrome,structural_features,loss,combined,50400,0.15815096926263975,0.1510188914776641,0.001933679750857209,0.4375279276771198,6,"1000,1001,1002,1003,1004,1005",67800,200,True
even-palindrome,structural_features,loss,combined,50600,0.1410546519390721,0.11149171656844846,0.02209647661838062,0.28045836602393137,6,"1000,1001,1002,1003,1004,1005",67800,200,True
even-palindrome,structural_features,loss,combined,50800,0.12553572761748877,0.07738227168955794,0.0006289546346476981,0.22507787629887388,6,"1000,1001,1002,1003,1004,1005",67800,200,True
even-palindrome,structural_features,loss,combined,51000,0.13241684249268051,0.07830022328820707,0.018090131957737583,0.22412505789645365,6,"1000,1001,1002,1003,1004,1005",67800,200,True
even-palindrome,structural_features,loss,combined,51200,0.15206107829781518,0.13348038599594148,1.0104949772227201e-05,0.3808703740140186,6,"1000,1001,1002,1003,1004,1005",67800,200,True
even-palindrome,structural_features,loss,combined,51400,0.13310580085529633,0.07032852633574713,0.00012651262822174658,0.225412797155023,6,"1000,1001,1002,1003,1004,1005",67800,200,True
even-palindrome,structural_features,loss,combined,51600,0.12323105370537131,0.05749696646460976,0.027310422017781093,0.2005456947725952,6,"1000,1001,1002,1003,1004,1005",67800,200,True
even-palindrome,structural_features,loss,combined,51800,0.10697359985127282,0.06363311378508256,0.022316794357587356,0.2302194652608705,6,"1000,1001,1002,1003,1004,1005",67800,200,True
even-palindrome,structural_features,loss,combined,52000,0.14294588859629215,0.053340357719981746,0.09101791248022124,0.23879782923204884,6,"1000,1001,1002,1003,1004,1005",67800,200,True
even-palindrome,structural_features,loss,combined,52200,0.11264585496903746,0.08597424396698365,4.5841615306017045e-05,0.21018609407974964,6,"1000,1001,1002,1003,1004,1005",67800,200,True
even-palindrome,structural_features,loss,combined,52400,0.16127335343020718,0.1509582680343184,1.167448238426516e-05,0.44323516653761996,6,"1000,1001,1002,1003,1004,1005",67800,200,True
even-palindrome,structural_features,loss,combined,52600,0.1643491043178665,0.08544664496801103,0.058747448396742355,0.3022080588068542,6,"1000,1001,1002,1003,1004,1005",67800,200,True
even-palindrome,structural_features,loss,combined,52800,0.14857441203976224,0.05609827426131935,0.05803449431310071,0.213034538195394,6,"1000,1001,1002,1003,1004,1005",67800,200,True
even-palindrome,structural_features,loss,combined,53000,0.1316049931106267,0.0911960525174516,0.012431291560681075,0.2519639694080251,6,"1000,1001,1002,1003,1004,1005",67800,200,True
even-palindrome,structural_features,loss,combined,53200,0.12194251920153963,0.08385985179136642,0.022895711309938633,0.24573225332345827,6,"1000,1001,1002,1003,1004,1005",67800,200,True
even-palindrome,structural_features,loss,combined,53400,0.12373479586885618,0.06971838562023318,1.6497041842526983e-05,0.22613623152185597,6,"1000,1001,1002,1003,1004,1005",67800,200,True
even-palindrome,structural_features,loss,combined,53600,0.15896874062216576,0.08009624026451924,0.03140031120310937,0.26599323788805124,6,"1000,1001,1002,1003,1004,1005",67800,200,True
even-palindrome,structural_features,loss,combined,53800,0.1400297442462428,0.07912813157086414,0.006870355298123627,0.2564699214211464,6,"1000,1001,1002,1003,1004,1005",67800,200,True
even-palindrome,structural_features,loss,combined,54000,0.1067070719868524,0.06899424867629991,1.5985865938787923e-05,0.205580691898885,6,"1000,1001,1002,1003,1004,1005",67800,200,True
even-palindrome,structural_features,loss,combined,54200,0.11955969461521933,0.0858935708476324,4.038671780165259e-05,0.24918595700993934,6,"1000,1001,1002,1003,1004,1005",67800,200,True
even-palindrome,structural_features,loss,combined,54400,0.19189292520177412,0.13991602953295082,0.006779272325019577,0.4472268043534976,6,"1000,1001,1002,1003,1004,1005",67800,200,True
even-palindrome,structural_features,loss,combined,54600,0.10912454945122656,0.04735693412058415,0.051022139381601904,0.17566686229815331,6,"1000,1001,1002,1003,1004,1005",67800,200,True
even-palindrome,structural_features,loss,combined,54800,0.12210892837939831,0.09078656748940847,0.030365599298449127,0.3081503311425007,6,"1000,1001,1002,1003,1004,1005",67800,200,True
even-palindrome,structural_features,loss,combined,55000,0.11856165976075893,0.08069095264382768,0.002952534663048283,0.21287192282456202,6,"1000,1001,1002,1003,1004,1005",67800,200,True
even-palindrome,structural_features,loss,combined,55200,0.10600360826230844,0.08351637000773808,5.1971627174154375e-05,0.2329789647431585,6,"1000,1001,1002,1003,1004,1005",67800,200,True
even-palindrome,structural_features,loss,combined,55400,0.11801072123317546,0.07212608106277506,0.019877751533940967,0.24531219486283048,6,"1000,1001,1002,1003,1004,1005",67800,200,True
even-palindrome,structural_features,loss,combined,55600,0.11734171970519765,0.09359835170276383,2.7455243652951822e-05,0.24083631274435902,6,"1000,1001,1002,1003,1004,1005",67800,200,True
even-palindrome,structural_features,loss,combined,55800,0.08925894657033125,0.06343732013038444,0.01290646506940071,0.1710241134855596,6,"1000,1001,1002,1003,1004,1005",67800,200,True
even-palindrome,structural_features,loss,combined,56000,0.11514245127271848,0.10819318497970164,0.00016443250859978775,0.3110870210848543,6,"1000,1001,1002,1003,1004,1005",67800,200,True
even-palindrome,structural_features,loss,combined,56200,0.10424659582999563,0.06508782007547577,0.035865642780424804,0.22881804799752814,6,"1000,1001,1002,1003,1004,1005",67800,200,True
even-palindrome,structural_features,loss,combined,56400,0.1359908418405892,0.08436955633527897,0.031249306977305765,0.2742074040239021,6,"1000,1001,1002,1003,1004,1005",67800,200,True
even-palindrome,structural_features,loss,combined,56600,0.11201310008030808,0.09223597256803368,0.0010415234882457725,0.22705870153005436,6,"1000,1001,1002,1003,1004,1005",67800,200,True
even-palindrome,structural_features,loss,combined,56800,0.1285643104148018,0.08291649128250278,4.328889127442892e-06,0.22619545162527033,6,"1000,1001,1002,1003,1004,1005",67800,200,True
even-palindrome,structural_features,loss,combined,57000,0.14970868464901138,0.07216478861781933,2.8794286663824662e-06,0.21365269533016829,6,"1000,1001,1002,1003,1004,1005",67800,200,True
even-palindrome,structural_features,loss,combined,57200,0.140778170999858,0.0942557825083412,3.1453464405206687e-06,0.2517084118034931,6,"1000,1001,1002,1003,1004,1005",67800,200,True
even-palindrome,structural_features,loss,combined,57400,0.10587647042572995,0.06965426404420938,0.001445225498877536,0.20176335904346673,6,"1000,1001,1002,1003,1004,1005",67800,200,True
even-palindrome,structural_features,loss,combined,57600,0.1307365286800006,0.08931517426050742,0.027815173379966324,0.30872205927205415,6,"1000,1001,1002,1003,1004,1005",67800,200,True
even-palindrome,structural_features,loss,combined,57800,0.10795471867445117,0.08906884292701256,0.0006817939874622425,0.27289284373736905,6,"1000,1001,1002,1003,1004,1005",67800,200,True
even-palindrome,structural_features,loss,combined,58000,0.10722711174342496,0.07015387906449495,0.031134915362505674,0.2084918699067407,6,"1000,1001,1002,1003,1004,1005",67800,200,True
even-palindrome,structural_features,loss,combined,58200,0.1293553480830308,0.09872563560943419,9.107162050128181e-06,0.3117042790258375,6,"1000,1001,1002,1003,1004,1005",67800,200,True
even-palindrome,structural_features,loss,combined,58400,0.10853189920284535,0.07421005071454188,0.012611183826988606,0.2182319873518594,6,"1000,1001,1002,1003,1004,1005",67800,200,True
even-palindrome,structural_features,loss,combined,58600,0.165460438683618,0.07806873313413777,0.04761440956100827,0.28427399728148656,6,"1000,1001,1002,1003,1004,1005",67800,200,True
even-palindrome,structural_features,loss,combined,58800,0.17298818880248135,0.09709433369407948,0.06653912522536863,0.35797264261631684,6,"1000,1001,1002,1003,1004,1005",67800,200,True
even-palindrome,structural_features,loss,combined,59000,0.11729950650948467,0.06973695233312098,0.00017996618612620808,0.21655729935907403,6,"1000,1001,1002,1003,1004,1005",67800,200,True
even-palindrome,structural_features,loss,combined,59200,0.10302045963993191,0.05470210606257531,0.02576927862377076,0.1776727447993909,6,"1000,1001,1002,1003,1004,1005",67800,200,True
even-palindrome,structural_features,loss,combined,59400,0.14380257403339028,0.08508150091055809,0.00025322784135902056,0.23801674124885608,6,"1000,1001,1002,1003,1004,1005",67800,200,True
even-palindrome,structural_features,loss,combined,59600,0.14702786133443163,0.06650775488389027,0.06778427618768912,0.2693998633421859,6,"1000,1001,1002,1003,1004,1005",67800,200,True
even-palindrome,structural_features,loss,combined,59800,0.10265725018149181,0.08373606879501606,4.307498661306752e-06,0.20217728973691165,6,"1000,1001,1002,1003,1004,1005",67800,200,True
even-palindrome,structural_features,loss,combined,60000,0.1391997062263855,0.08536239205789585,2.741415964333527e-06,0.25842673777314074,6,"1000,1001,1002,1003,1004,1005",67800,200,True
even-palindrome,structural_features,loss,combined,60200,0.10976649396782458,0.08047221511540367,0.019385185312955685,0.2118785681058442,6,"1000,1001,1002,1003,1004,1005",67800,200,True
even-palindrome,structural_features,loss,combined,60400,0.10768470032976103,0.05713779440471227,0.025431208877095345,0.1771227614359475,6,"1000,1001,1002,1003,1004,1005",67800,200,True
even-palindrome,structural_features,loss,combined,60600,0.07036825920035654,0.06068210372199751,9.249691050126074e-06,0.17170127858183037,6,"1000,1001,1002,1003,1004,1005",67800,200,True
even-palindrome,structural_features,loss,combined,60800,0.10327854773308985,0.09107115911878459,0.00020594715639191464,0.24135128482526455,6,"1000,1001,1002,1003,1004,1005",67800,200,True
even-palindrome,structural_features,loss,combined,61000,0.10909749009208579,0.078951120798515,0.000143037561657664,0.23079920238102913,6,"1000,1001,1002,1003,1004,1005",67800,200,True
even-palindrome,structural_features,loss,combined,61200,0.08490916200351262,0.053855138823860185,4.302031640818882e-05,0.1545300773515001,6,"1000,1001,1002,1003,1004,1005",67800,200,True
even-palindrome,structural_features,loss,combined,61400,0.14396447800458043,0.08489284592442205,2.558221366122382e-06,0.24500051802865427,6,"1000,1001,1002,1003,1004,1005",67800,200,True
even-palindrome,structural_features,loss,combined,61600,0.09001121721799078,0.07947077271363667,0.00012533483371068854,0.21693071220167326,6,"1000,1001,1002,1003,1004,1005",67800,200,True
even-palindrome,structural_features,loss,combined,61800,0.10340096254726279,0.06541823584809207,0.0013399017197011887,0.18453261668579501,6,"1000,1001,1002,1003,1004,1005",67800,200,True
even-palindrome,structural_features,loss,combined,62000,0.08517314455214982,0.06267023840159935,0.00019519797223026104,0.18029216389386649,6,"1000,1001,1002,1003,1004,1005",67800,200,True
even-palindrome,structural_features,loss,combined,62200,0.08798650966074496,0.041478762940151924,0.021422000766031724,0.1445171510444439,6,"1000,1001,1002,1003,1004,1005",67800,200,True
even-palindrome,structural_features,loss,combined,62400,0.11885655939831839,0.10065081793102633,0.000797174651732675,0.23232518549388828,6,"1000,1001,1002,1003,1004,1005",67800,200,True
even-palindrome,structural_features,loss,combined,62600,0.15318345968434485,0.09365905068102642,1.014755577701365e-05,0.27661719385391903,6,"1000,1001,1002,1003,1004,1005",67800,200,True
even-palindrome,structural_features,loss,combined,62800,0.09055905193652054,0.0836539815750126,0.00047754373322597357,0.21450230067670703,6,"1000,1001,1002,1003,1004,1005",67800,200,True
even-palindrome,structural_features,loss,combined,63000,0.13160207635481191,0.09980003909610483,9.154619822959731e-07,0.2488242084335559,6,"1000,1001,1002,1003,1004,1005",67800,200,True
even-palindrome,structural_features,loss,combined,63200,0.08057679179514822,0.06673275758321727,0.0003383132002500133,0.1596535614888681,6,"1000,1001,1002,1003,1004,1005",67800,200,True
even-palindrome,structural_features,loss,combined,63400,0.13217669459958412,0.11470199587124186,8.09666962010347e-06,0.35123632644464237,6,"1000,1001,1002,1003,1004,1005",67800,200,True
even-palindrome,structural_features,loss,combined,63600,0.07986796338356009,0.06621103658273093,1.9348904896521192e-07,0.16529664407835185,6,"1000,1001,1002,1003,1004,1005",67800,200,True
even-palindrome,structural_features,loss,combined,63800,0.08863575292948667,0.05934738418737152,9.632464626840864e-07,0.17484305994679972,6,"1000,1001,1002,1003,1004,1005",67800,200,True
even-palindrome,structural_features,loss,combined,64000,0.0911012627459195,0.07442407068196993,1.278261909734013e-06,0.18662304062853025,6,"1000,1001,1002,1003,1004,1005",67800,200,True
even-palindrome,structural_features,loss,combined,64200,0.08026521304117219,0.0628385483361786,1.1893937853102442e-06,0.15496307995484812,6,"1000,1001,1002,1003,1004,1005",67800,200,True
even-palindrome,structural_features,loss,combined,64400,0.10723051994781103,0.05014753077724316,0.021027811027177136,0.15737559123659423,6,"1000,1001,1002,1003,1004,1005",67800,200,True
even-palindrome,structural_features,loss,combined,64600,0.07036743204189765,0.05278481663705419,2.1967969024316858e-07,0.1352621017096658,6,"1000,1001,1002,1003,1004,1005",67800,200,True
even-palindrome,structural_features,loss,combined,64800,0.09759315760686266,0.08997791812774197,0.0012079893932951658,0.26830293165985486,6,"1000,1001,1002,1003,1004,1005",67800,200,True
even-palindrome,structural_features,loss,combined,65000,0.1231679966203227,0.06299350968278451,0.008576031990838092,0.18777056077167004,6,"1000,1001,1002,1003,1004,1005",67800,200,True
even-palindrome,structural_features,loss,combined,65200,0.10610939453436337,0.05449310754867709,0.03901052437868131,0.20261781133631843,6,"1000,1001,1002,1003,1004,1005",67800,200,True
even-palindrome,structural_features,loss,combined,65400,0.12908669777641105,0.06480391884205525,0.026942201970192984,0.19815180395136467,6,"1000,1001,1002,1003,1004,1005",67800,200,True
even-palindrome,structural_features,loss,combined,65600,0.10483885434718727,0.05158945086148911,0.033801670765278756,0.17662467766581763,6,"1000,1001,1002,1003,1004,1005",67800,200,True
even-palindrome,structural_features,loss,combined,65800,0.08117458344779287,0.04686576878731273,0.0014823563422235453,0.13179342170635722,6,"1000,1001,1002,1003,1004,1005",67800,200,True
even-palindrome,structural_features,loss,combined,66000,0.10031732859376001,0.10621476361608294,5.165388108820945e-06,0.29344852046391906,6,"1000,1001,1002,1003,1004,1005",67800,200,True
even-palindrome,structural_features,loss,combined,66200,0.07845040905151106,0.07417367560176656,7.946745057054728e-06,0.1788594239809845,6,"1000,1001,1002,1003,1004,1005",67800,200,True
even-palindrome,structural_features,loss,combined,66400,0.10401500728747186,0.07534362422948049,0.002378181068742338,0.20747254697883533,6,"1000,1001,1002,1003,1004,1005",67800,200,True
even-palindrome,structural_features,loss,combined,66600,0.12555813419778683,0.08669521503318244,0.0004695228537309393,0.27387399250715555,6,"1000,1001,1002,1003,1004,1005",67800,200,True
even-palindrome,structural_features,loss,combined,66800,0.12367985262901564,0.07429843264714085,0.0006266919737461385,0.19160839406788455,6,"1000,1001,1002,1003,1004,1005",67800,200,True
even-palindrome,structural_features,loss,combined,67000,0.11322876849602943,0.06523707332301523,3.0415192771382495e-05,0.21342935938569127,6,"1000,1001,1002,1003,1004,1005",67800,200,True
even-palindrome,structural_features,loss,combined,67200,0.07360874186581136,0.06259677928763223,0.00807599732238959,0.17065734965600343,6,"1000,1001,1002,1003,1004,1005",67800,200,True
even-palindrome,structural_features,loss,combined,67400,0.10694983725905238,0.07479409041753808,2.864681897984944e-06,0.21670475738597206,6,"1000,1001,1002,1003,1004,1005",67800,200,True
even-palindrome,structural_features,loss,combined,67600,0.08985516945597932,0.08913005423833675,5.212074233256203e-06,0.27415395931616815,6,"1000,1001,1002,1003,1004,1005",67800,200,True
even-palindrome,structural_features,loss,combined,67800,0.10954182287147902,0.036019526363476724,0.0442013160954167,0.14116097069710132,6,"1000,1001,1002,1003,1004,1005",67800,200,True
