task,group,metric,advice_type,batch,mean,std,min,max,n_seeds,seeds,common_horizon,report_interval,sd_shading
even-palindrome,controls,accuracy,none,200,0.49666666666666665,0.014043582955293944,0.48,0.52,6,"1000,1001,1002,1003,1004,1005",77000,200,True
even-palindrome,controls,accuracy,none,400,0.5175,0.02015564437074639,0.49,0.54,6,"1000,1001,1002,1003,1004,1005",77000,200,True
even-palindrome,controls,accuracy,none,600,0.48833333333333334,0.03287180487219338,0.45,0.535,6,"1000,1001,1002,1003,1004,1005",77000,200,True
even-palindrome,controls,accuracy,none,800,0.5099999999999999,0.029439202887759502,0.465,0.55,6,"1000,1001,1002,1003,1004,1005",77000,200,True
even-palindrome,controls,accuracy,none,1000,0.5099999999999999,0.05392896562454477,0.44,0.575,6,"1000,1001,1002,1003,1004,1005",77000,200,True
even-palindrome,controls,accuracy,none,1200,0.5058333333333334,0.03877463374710615,0.45,0.56,6,"1000,1001,1002,1003,1004,1005",77000,200,True
even-palindrome,controls,accuracy,none,1400,0.5358333333333334,0.02243818669639376,0.5,0.565,6,"1000,1001,1002,1003,1004,1005",77000,200,True
even-palindrome,controls,accuracy,none,1600,0.525,0.017078251276599347,0.5,0.555,6,"1000,1001,1002,1003,1004,1005",77000,200,True
even-palindrome,controls,accuracy,none,1800,0.5599999999999999,0.04163331998932264,0.52,0.625,6,"1000,1001,1002,1003,1004,1005",77000,200,True
even-palindrome,controls,accuracy,none,2000,0.5833333333333334,0.024608038433722317,0.555,0.625,6,"1000,1001,1002,1003,1004,1005",77000,200,True
even-palindrome,controls,accuracy,none,2200,0.5750000000000001,0.019790570145063163,0.555,0.605,6,"1000,1001,1002,1003,1004,1005",77000,200,True
even-palindrome,controls,accuracy,none,2400,0.5933333333333334,0.03009245014211296,0.545,0.625,6,"1000,1001,1002,1003,1004,1005",77000,200,True
even-palindrome,controls,accuracy,none,2600,0.5675,0.03837859646556484,0.495,0.605,6,"1000,1001,1002,1003,1004,1005",77000,200,True
even-palindrome,controls,accuracy,none,2800,0.5716666666666667,0.017480147469502497,0.54,0.595,6,"1000,1001,1002,1003,1004,1005",77000,200,True
even-palindrome,controls,accuracy,none,3000,0.5683333333333332,0.029533408577782236,0.505,0.59,6,"1000,1001,1002,1003,1004,1005",77000,200,True
even-palindrome,controls,accuracy,none,3200,0.5716666666666667,0.027638539919628318,0.515,0.605,6,"1000,1001,1002,1003,1004,1005",77000,200,True
even-palindrome,controls,accuracy,none,3400,0.5641666666666666,0.012720281268728085,0.54,0.575,6,"1000,1001,1002,1003,1004,1005",77000,200,True
even-palindrome,controls,accuracy,none,3600,0.5641666666666666,0.02963903207296455,0.505,0.595,6,"1000,1001,1002,1003,1004,1005",77000,200,True
even-palindrome,controls,accuracy,none,3800,0.5658333333333333,0.036448212881048374,0.525,0.61,6,"1000,1001,1002,1003,1004,1005",77000,200,True
even-palindrome,controls,accuracy,none,4000,0.5850000000000001,0.03122498999199199,0.535,0.625,6,"1000,1001,1002,1003,1004,1005",77000,200,True
even-palindrome,controls,accuracy,none,4200,0.5833333333333334,0.016749792701868167,0.565,0.615,6,"1000,1001,1002,1003,1004,1005",77000,200,True
even-palindrome,controls,accuracy,none,4400,0.5791666666666666,0.031939613161227995,0.535,0.635,6,"1000,1001,1002,1003,1004,1005",77000,200,True
even-palindrome,controls,accuracy,none,4600,0.6016666666666667,0.03880148908940939,0.545,0.67,6,"1000,1001,1002,1003,1004,1005",77000,200,True
even-palindrome,controls,accuracy,none,4800,0.5683333333333334,0.017240134054647645,0.555,0.605,6,"1000,1001,1002,1003,1004,1005",77000,200,True
even-palindrome,controls,accuracy,none,5000,0.5933333333333333,0.018181186857726208,0.57,0.62,6,"1000,1001,1002,1003,1004,1005",77000,200,True
even-palindrome,controls,accuracy,none,5200,0.615,0.035472994422987965,0.565,0.665,6,"1000,1001,1002,1003,1004,1005",77000,200,True
even-palindrome,controls,accuracy,none,5400,0.6150000000000001,0.03253203549323859,0.58,0.665,6,"1000,1001,1002,1003,1004,1005",77000,200,True
even-palindrome,controls,accuracy,none,5600,0.6025,0.029119008682760274,0.575,0.655,6,"1000,1001,1002,1003,1004,1005",77000,200,True
even-palindrome,controls,accuracy,none,5800,0.605,0.04518480570575319,0.54,0.67,6,"1000,1001,1002,1003,1004,1005",77000,200,True
even-palindrome,controls,accuracy,none,6000,0.6233333333333334,0.022110831935702683,0.59,0.665,6,"1000,1001,1002,1003,1004,1005",77000,200,True
even-palindrome,controls,accuracy,none,6200,0.6008333333333332,0.025399584423546943,0.56,0.635,6,"1000,1001,1002,1003,1004,1005",77000,200,True
even-palindrome,controls,accuracy,none,6400,0.5891666666666667,0.017420454133639077,0.57,0.62,6,"1000,1001,1002,1003,1004,1005",77000,200,True
even-palindrome,controls,accuracy,none,6600,0.6150000000000001,0.031490739379485336,0.575,0.655,6,"1000,1001,1002,1003,1004,1005",77000,200,True
even-palindrome,controls,accuracy,none,6800,0.6175,0.03350994877147186,0.565,0.66,6,"1000,1001,1002,1003,1004,1005",77000,200,True
even-palindrome,controls,accuracy,none,7000,0.6124999999999999,0.02445233458520204,0.585,0.655,6,"1000,1001,1002,1003,1004,1005",77000,200,True
even-palindrome,controls,accuracy,none,7200,0.5883333333333334,0.04336537277085896,0.52,0.64,6,"1000,1001,1002,1003,1004,1005",77000,200,True
even-palindrome,controls,accuracy,none,7400,0.6208333333333332,0.030743111242827893,0.565,0.66,6,"1000,1001,1002,1003,1004,1005",77000,200,True
even-palindrome,controls,accuracy,none,7600,0.59,0.051559027660860034,0.525,0.69,6,"1000,1001,1002,1003,1004,1005",77000,200,True
even-palindrome,controls,accuracy,none,7800,0.5991666666666667,0.043724198741149675,0.535,0.66,6,"1000,1001,1002,1003,1004,1005",77000,200,True
even-palindrome,controls,accuracy,none,8000,0.6116666666666667,0.023570226039551608,0.585,0.65,6,"1000,1001,1002,1003,1004,1005",77000,200,True
even-palindrome,controls,accuracy,none,8200,0.6041666666666666,0.02405144948276971,0.565,0.64,6,"1000,1001,1002,1003,1004,1005",77000,200,True
even-palindrome,controls,accuracy,none,8400,0.6175,0.027500000000000024,0.59,0.675,6,"1000,1001,1002,1003,1004,1005",77000,200,True
even-palindrome,controls,accuracy,none,8600,0.6075,0.015478479684172273,0.58,0.63,6,"1000,1001,1002,1003,1004,1005",77000,200,True
even-palindrome,controls,accuracy,none,8800,0.6066666666666666,0.0328718048721934,0.565,0.645,6,"1000,1001,1002,1003,1004,1005",77000,200,True
even-palindrome,controls,accuracy,none,9000,0.6425,0.014361406616345085,0.63,0.665,6,"1000,1001,1002,1003,1004,1005",77000,200,True
even-palindrome,controls,accuracy,none,9200,0.6058333333333333,0.033468476046705366,0.58,0.67,6,"1000,1001,1002,1003,1004,1005",77000,200,True
even-palindrome,controls,accuracy,none,9400,0.6191666666666666,0.04014729823481968,0.54,0.66,6,"1000,1001,1002,1003,1004,1005",77000,200,True
even-palindrome,controls,accuracy,none,9600,0.6208333333333333,0.022988523706889558,0.595,0.66,6,"1000,1001,1002,1003,1004,1005",77000,200,True
even-palindrome,controls,accuracy,none,9800,0.6116666666666667,0.032617309651301545,0.555,0.65,6,"1000,1001,1002,1003,1004,1005",77000,200,True
even-palindrome,controls,accuracy,none,10000,0.6525,0.02340761984198025,0.615,0.685,6,"1000,1001,1002,1003,1004,1005",77000,200,True
even-palindrome,controls,accuracy,none,10200,0.6383333333333333,0.03737943582000968,0.585,0.69,6,"1000,1001,1002,1003,1004,1005",77000,200,True
even-palindrome,controls,accuracy,none,10400,0.63,0.031885210782848346,0.575,0.67,6,"1000,1001,1002,1003,1004,1005",77000,200,True
even-palindrome,controls,accuracy,none,10600,0.6383333333333333,0.036590830666833614,0.585,0.685,6,"1000,1001,1002,1003,1004,1005",77000,200,True
even-palindrome,controls,accuracy,none,10800,0.6425,0.04230346715499019,0.575,0.705,6,"1000,1001,1002,1003,1004,1005",77000,200,True
even-palindrome,controls,accuracy,none,11000,0.6616666666666666,0.03197221015541811,0.62,0.705,6,"1000,1001,1002,1003,1004,1005",77000,200,True
even-palindrome,controls,accuracy,none,11200,0.6325,0.033880918917093564,0.585,0.685,6,"1000,1001,1002,1003,1004,1005",77000,200,True
even-palindrome,controls,accuracy,none,11400,0.6358333333333333,0.03644821288104843,0.57,0.68,6,"1000,1001,1002,1003,1004,1005",77000,200,True
even-palindrome,controls,accuracy,none,11600,0.6241666666666666,0.03396280645385808,0.585,0.67,6,"1000,1001,1002,1003,1004,1005",77000,200,True
even-palindrome,controls,accuracy,none,11800,0.6375,0.03400367627183861,0.59,0.695,6,"1000,1001,1002,1003,1004,1005",77000,200,True
even-palindrome,controls,accuracy,none,12000,0.65,0.05795112883571238,0.59,0.765,6,"1000,1001,1002,1003,1004,1005",77000,200,True
even-palindrome,controls,accuracy,none,12200,0.6441666666666667,0.019878100736460954,0.62,0.685,6,"1000,1001,1002,1003,1004,1005",77000,200,True
even-palindrome,controls,accuracy,none,12400,0.6408333333333334,0.01835226295462105,0.605,0.665,6,"1000,1001,1002,1003,1004,1005",77000,200,True
even-palindrome,controls,accuracy,none,12600,0.6466666666666666,0.042687494916219,0.58,0.71,6,"1000,1001,1002,1003,1004,1005",77000,200,True
even-palindrome,controls,accuracy,none,12800,0.6283333333333333,0.023213980461973552,0.58,0.65,6,"1000,1001,1002,1003,1004,1005",77000,200,True
even-palindrome,controls,accuracy,none,13000,0.6308333333333332,0.04314864488666541,0.565,0.695,6,"1000,1001,1002,1003,1004,1005",77000,200,True
even-palindrome,controls,accuracy,none,13200,0.6483333333333333,0.05249338582674541,0.57,0.71,6,"1000,1001,1002,1003,1004,1005",77000,200,True
even-palindrome,controls,accuracy,none,13400,0.6716666666666665,0.03670452590924205,0.625,0.715,6,"1000,1001,1002,1003,1004,1005",77000,200,True
even-palindrome,controls,accuracy,none,13600,0.6708333333333334,0.02387758130315731,0.64,0.71,6,"1000,1001,1002,1003,1004,1005",77000,200,True
even-palindrome,controls,accuracy,none,13800,0.6658333333333334,0.025725581734055213,0.62,0.705,6,"1000,1001,1002,1003,1004,1005",77000,200,True
even-palindrome,controls,accuracy,none,14000,0.6525,0.016266017746619295,0.63,0.67,6,"1000,1001,1002,1003,1004,1005",77000,200,True
even-palindrome,controls,accuracy,none,14200,0.665,0.04222953153106642,0.595,0.735,6,"1000,1001,1002,1003,1004,1005",77000,200,True
even-palindrome,controls,accuracy,none,14400,0.6433333333333332,0.04169998667732269,0.595,0.7,6,"1000,1001,1002,1003,1004,1005",77000,200,True
even-palindrome,controls,accuracy,none,14600,0.6491666666666667,0.05622993469279111,0.545,0.71,6,"1000,1001,1002,1003,1004,1005",77000,200,True
even-palindrome,controls,accuracy,none,14800,0.6533333333333333,0.03362373500305335,0.62,0.72,6,"1000,1001,1002,1003,1004,1005",77000,200,True
even-palindrome,controls,accuracy,none,15000,0.6675,0.052658490926598606,0.59,0.76,6,"1000,1001,1002,1003,1004,1005",77000,200,True
even-palindrome,controls,accuracy,none,15200,0.66,0.05400617248673217,0.58,0.725,6,"1000,1001,1002,1003,1004,1005",77000,200,True
even-palindrome,controls,accuracy,none,15400,0.6483333333333333,0.0474926894959167,0.57,0.73,6,"1000,1001,1002,1003,1004,1005",77000,200,True
even-palindrome,controls,accuracy,none,15600,0.6733333333333333,0.04048319267163705,0.615,0.735,6,"1000,1001,1002,1003,1004,1005",77000,200,True
even-palindrome,controls,accuracy,none,15800,0.6841666666666667,0.041973867531543425,0.63,0.765,6,"1000,1001,1002,1003,1004,1005",77000,200,True
even-palindrome,controls,accuracy,none,16000,0.6483333333333333,0.02034425935955619,0.61,0.675,6,"1000,1001,1002,1003,1004,1005",77000,200,True
even-palindrome,controls,accuracy,none,16200,0.6749999999999999,0.05354126134736337,0.615,0.76,6,"1000,1001,1002,1003,1004,1005",77000,200,True
even-palindrome,controls,accuracy,none,16400,0.6825,0.055207940250172956,0.615,0.775,6,"1000,1001,1002,1003,1004,1005",77000,200,True
even-palindrome,controls,accuracy,none,16600,0.665,0.033416562759605695,0.61,0.71,6,"1000,1001,1002,1003,1004,1005",77000,200,True
even-palindrome,controls,accuracy,none,16800,0.6716666666666665,0.05145116346811044,0.58,0.745,6,"1000,1001,1002,1003,1004,1005",77000,200,True
even-palindrome,controls,accuracy,none,17000,0.6516666666666667,0.07597514213360985,0.54,0.74,6,"1000,1001,1002,1003,1004,1005",77000,200,True
even-palindrome,controls,accuracy,none,17200,0.6558333333333334,0.048940156200086744,0.585,0.735,6,"1000,1001,1002,1003,1004,1005",77000,200,True
even-palindrome,controls,accuracy,none,17400,0.6691666666666668,0.035872072083384804,0.6,0.71,6,"1000,1001,1002,1003,1004,1005",77000,200,True
even-palindrome,controls,accuracy,none,17600,0.6708333333333333,0.059680864232646264,0.585,0.76,6,"1000,1001,1002,1003,1004,1005",77000,200,True
even-palindrome,controls,accuracy,none,17800,0.6716666666666667,0.02248456260538671,0.64,0.7,6,"1000,1001,1002,1003,1004,1005",77000,200,True
even-palindrome,controls,accuracy,none,18000,0.71,0.07393691004272944,0.63,0.84,6,"1000,1001,1002,1003,1004,1005",77000,200,True
even-palindrome,controls,accuracy,none,18200,0.7066666666666667,0.055876848714133995,0.665,0.825,6,"1000,1001,1002,1003,1004,1005",77000,200,True
even-palindrome,controls,accuracy,none,18400,0.7058333333333332,0.05302646089977678,0.625,0.805,6,"1000,1001,1002,1003,1004,1005",77000,200,True
even-palindrome,controls,accuracy,none,18600,0.6966666666666667,0.06718548123582123,0.645,0.84,6,"1000,1001,1002,1003,1004,1005",77000,200,True
even-palindrome,controls,accuracy,none,18800,0.7016666666666668,0.05047001309908908,0.645,0.8,6,"1000,1001,1002,1003,1004,1005",77000,200,True
even-palindrome,controls,accuracy,none,19000,0.7066666666666666,0.08522845117030398,0.59,0.84,6,"1000,1001,1002,1003,1004,1005",77000,200,True
even-palindrome,controls,accuracy,none,19200,0.7008333333333333,0.06972664881919646,0.61,0.82,6,"1000,1001,1002,1003,1004,1005",77000,200,True
even-palindrome,controls,accuracy,none,19400,0.6975000000000001,0.055808452167510736,0.62,0.785,6,"1000,1001,1002,1003,1004,1005",77000,200,True
even-palindrome,controls,accuracy,none,19600,0.7191666666666666,0.06760280237452354,0.645,0.845,6,"1000,1001,1002,1003,1004,1005",77000,200,True
even-palindrome,controls,accuracy,none,19800,0.7008333333333333,0.05798107928932986,0.645,0.8,6,"1000,1001,1002,1003,1004,1005",77000,200,True
even-palindrome,controls,accuracy,none,20000,0.7324999999999999,0.061559591724875275,0.65,0.855,6,"1000,1001,1002,1003,1004,1005",77000,200,True
even-palindrome,controls,accuracy,none,20200,0.6841666666666667,0.06496259607565642,0.625,0.805,6,"1000,1001,1002,1003,1004,1005",77000,200,True
even-palindrome,controls,accuracy,none,20400,0.725,0.056862407030773256,0.68,0.845,6,"1000,1001,1002,1003,1004,1005",77000,200,True
even-palindrome,controls,accuracy,none,20600,0.7366666666666665,0.06256108126374485,0.665,0.845,6,"1000,1001,1002,1003,1004,1005",77000,200,True
even-palindrome,controls,accuracy,none,20800,0.7174999999999999,0.022314046398326494,0.69,0.745,6,"1000,1001,1002,1003,1004,1005",77000,200,True
even-palindrome,controls,accuracy,none,21000,0.6958333333333333,0.03528652559956686,0.645,0.745,6,"1000,1001,1002,1003,1004,1005",77000,200,True
even-palindrome,controls,accuracy,none,21200,0.7125,0.03375771516754849,0.66,0.77,6,"1000,1001,1002,1003,1004,1005",77000,200,True
even-palindrome,controls,accuracy,none,21400,0.7108333333333333,0.03284010082539669,0.67,0.76,6,"1000,1001,1002,1003,1004,1005",77000,200,True
even-palindrome,controls,accuracy,none,21600,0.7166666666666667,0.03704351795148811,0.64,0.755,6,"1000,1001,1002,1003,1004,1005",77000,200,True
even-palindrome,controls,accuracy,none,21800,0.7050000000000001,0.03304037933599834,0.645,0.745,6,"1000,1001,1002,1003,1004,1005",77000,200,True
even-palindrome,controls,accuracy,none,22000,0.7483333333333334,0.0396512575112344,0.665,0.78,6,"1000,1001,1002,1003,1004,1005",77000,200,True
even-palindrome,controls,accuracy,none,22200,0.73,0.041231056256176596,0.675,0.78,6,"1000,1001,1002,1003,1004,1005",77000,200,True
even-palindrome,controls,accuracy,none,22400,0.7324999999999999,0.028247418761130513,0.7,0.77,6,"1000,1001,1002,1003,1004,1005",77000,200,True
even-palindrome,controls,accuracy,none,22600,0.7475,0.03727711541057507,0.68,0.795,6,"1000,1001,1002,1003,1004,1005",77000,200,True
even-palindrome,controls,accuracy,none,22800,0.7183333333333334,0.03965125751123441,0.66,0.79,6,"1000,1001,1002,1003,1004,1005",77000,200,True
even-palindrome,controls,accuracy,none,23000,0.7191666666666666,0.05995947705649949,0.645,0.785,6,"1000,1001,1002,1003,1004,1005",77000,200,True
even-palindrome,controls,accuracy,none,23200,0.7091666666666666,0.04096916184427284,0.66,0.775,6,"1000,1001,1002,1003,1004,1005",77000,200,True
even-palindrome,controls,accuracy,none,23400,0.7133333333333333,0.06328945848682509,0.615,0.79,6,"1000,1001,1002,1003,1004,1005",77000,200,True
even-palindrome,controls,accuracy,none,23600,0.7341666666666665,0.021294887231967752,0.715,0.78,6,"1000,1001,1002,1003,1004,1005",77000,200,True
even-palindrome,controls,accuracy,none,23800,0.7408333333333333,0.04117206442345212,0.7,0.8,6,"1000,1001,1002,1003,1004,1005",77000,200,True
even-palindrome,controls,accuracy,none,24000,0.7616666666666667,0.056837976349933095,0.685,0.835,6,"1000,1001,1002,1003,1004,1005",77000,200,True
even-palindrome,controls,accuracy,none,24200,0.7591666666666667,0.05426913385054978,0.675,0.845,6,"1000,1001,1002,1003,1004,1005",77000,200,True
even-palindrome,controls,accuracy,none,24400,0.7875,0.04289036410819257,0.735,0.87,6,"1000,1001,1002,1003,1004,1005",77000,200,True
even-palindrome,controls,accuracy,none,24600,0.7733333333333333,0.07214953607304453,0.675,0.87,6,"1000,1001,1002,1003,1004,1005",77000,200,True
even-palindrome,controls,accuracy,none,24800,0.7441666666666666,0.07435369676231453,0.595,0.835,6,"1000,1001,1002,1003,1004,1005",77000,200,True
even-palindrome,controls,accuracy,none,25000,0.7466666666666667,0.05233439489369195,0.655,0.805,6,"1000,1001,1002,1003,1004,1005",77000,200,True
even-palindrome,controls,accuracy,none,25200,0.7316666666666668,0.0703957069398096,0.665,0.87,6,"1000,1001,1002,1003,1004,1005",77000,200,True
even-palindrome,controls,accuracy,none,25400,0.7958333333333334,0.07661683162914588,0.665,0.905,6,"1000,1001,1002,1003,1004,1005",77000,200,True
even-palindrome,controls,accuracy,none,25600,0.785,0.07958224257542214,0.67,0.88,6,"1000,1001,1002,1003,1004,1005",77000,200,True
even-palindrome,controls,accuracy,none,25800,0.7958333333333334,0.07955169528188714,0.715,0.93,6,"1000,1001,1002,1003,1004,1005",77000,200,True
even-palindrome,controls,accuracy,none,26000,0.8116666666666666,0.07220726340811492,0.705,0.935,6,"1000,1001,1002,1003,1004,1005",77000,200,True
even-palindrome,controls,accuracy,none,26200,0.8141666666666666,0.06864259286737032,0.715,0.905,6,"1000,1001,1002,1003,1004,1005",77000,200,True
even-palindrome,controls,accuracy,none,26400,0.82,0.07910962857537214,0.73,0.93,6,"1000,1001,1002,1003,1004,1005",77000,200,True
even-palindrome,controls,accuracy,none,26600,0.8333333333333334,0.0816836716989523,0.725,0.945,6,"1000,1001,1002,1003,1004,1005",77000,200,True
even-palindrome,controls,accuracy,none,26800,0.8316666666666666,0.07728015412913086,0.75,0.945,6,"1000,1001,1002,1003,1004,1005",77000,200,True
even-palindrome,controls,accuracy,none,27000,0.85,0.058022983951763994,0.78,0.945,6,"1000,1001,1002,1003,1004,1005",77000,200,True
even-palindrome,controls,accuracy,none,27200,0.84,0.0697614984548545,0.755,0.935,6,"1000,1001,1002,1003,1004,1005",77000,200,True
even-palindrome,controls,accuracy,none,27400,0.8174999999999999,0.09599262124420464,0.72,0.96,6,"1000,1001,1002,1003,1004,1005",77000,200,True
even-palindrome,controls,accuracy,none,27600,0.8291666666666667,0.07764323680928188,0.73,0.935,6,"1000,1001,1002,1003,1004,1005",77000,200,True
even-palindrome,controls,accuracy,none,27800,0.79,0.030686587732536613,0.745,0.84,6,"1000,1001,1002,1003,1004,1005",77000,200,True
even-palindrome,controls,accuracy,none,28000,0.7616666666666667,0.08759122228980609,0.625,0.89,6,"1000,1001,1002,1003,1004,1005",77000,200,True
even-palindrome,controls,accuracy,none,28200,0.7625000000000001,0.07016349953263923,0.685,0.89,6,"1000,1001,1002,1003,1004,1005",77000,200,True
even-palindrome,controls,accuracy,none,28400,0.7741666666666666,0.09740023385780733,0.59,0.91,6,"1000,1001,1002,1003,1004,1005",77000,200,True
even-palindrome,controls,accuracy,none,28600,0.8241666666666667,0.09135173172353594,0.685,0.97,6,"1000,1001,1002,1003,1004,1005",77000,200,True
even-palindrome,controls,accuracy,none,28800,0.8225000000000001,0.06884463184107625,0.68,0.89,6,"1000,1001,1002,1003,1004,1005",77000,200,True
even-palindrome,controls,accuracy,none,29000,0.8083333333333332,0.11141763275572177,0.64,0.96,6,"1000,1001,1002,1003,1004,1005",77000,200,True
even-palindrome,controls,accuracy,none,29200,0.8283333333333333,0.08434387285919996,0.735,0.945,6,"1000,1001,1002,1003,1004,1005",77000,200,True
even-palindrome,controls,accuracy,none,29400,0.8483333333333333,0.08060534859562496,0.765,0.975,6,"1000,1001,1002,1003,1004,1005",77000,200,True
even-palindrome,controls,accuracy,none,29600,0.8466666666666667,0.05030462757595524,0.79,0.92,6,"1000,1001,1002,1003,1004,1005",77000,200,True
even-palindrome,controls,accuracy,none,29800,0.8350000000000001,0.041331989225457486,0.78,0.915,6,"1000,1001,1002,1003,1004,1005",77000,200,True
even-palindrome,controls,accuracy,none,30000,0.8433333333333333,0.05153208277913432,0.795,0.945,6,"1000,1001,1002,1003,1004,1005",77000,200,True
even-palindrome,controls,accuracy,none,30200,0.8575000000000003,0.08260094833999586,0.73,0.95,6,"1000,1001,1002,1003,1004,1005",77000,200,True
even-palindrome,controls,accuracy,none,30400,0.8649999999999999,0.0720532210707243,0.74,0.96,6,"1000,1001,1002,1003,1004,1005",77000,200,True
even-palindrome,controls,accuracy,none,30600,0.8525,0.06263319141371183,0.795,0.95,6,"1000,1001,1002,1003,1004,1005",77000,200,True
even-palindrome,controls,accuracy,none,30800,0.8683333333333333,0.0686577664134866,0.77,0.955,6,"1000,1001,1002,1003,1004,1005",77000,200,True
even-palindrome,controls,accuracy,none,31000,0.8691666666666666,0.06002892821150668,0.8,0.965,6,"1000,1001,1002,1003,1004,1005",77000,200,True
even-palindrome,controls,accuracy,none,31200,0.8849999999999999,0.05163977794943224,0.815,0.96,6,"1000,1001,1002,1003,1004,1005",77000,200,True
even-palindrome,controls,accuracy,none,31400,0.9100000000000001,0.05894913061275795,0.81,0.975,6,"1000,1001,1002,1003,1004,1005",77000,200,True
even-palindrome,controls,accuracy,none,31600,0.8966666666666666,0.06472162612982532,0.785,0.97,6,"1000,1001,1002,1003,1004,1005",77000,200,True
even-palindrome,controls,accuracy,none,31800,0.8933333333333334,0.0582141639885766,0.795,0.96,6,"1000,1001,1002,1003,1004,1005",77000,200,True
even-palindrome,controls,accuracy,none,32000,0.8908333333333333,0.07892067043697878,0.785,0.98,6,"1000,1001,1002,1003,1004,1005",77000,200,True
even-palindrome,controls,accuracy,none,32200,0.8958333333333331,0.0749675855879652,0.765,0.965,6,"1000,1001,1002,1003,1004,1005",77000,200,True
even-palindrome,controls,accuracy,none,32400,0.8991666666666668,0.07196160241560925,0.775,0.98,6,"1000,1001,1002,1003,1004,1005",77000,200,True
even-palindrome,controls,accuracy,none,32600,0.8908333333333331,0.06234425038089362,0.805,0.965,6,"1000,1001,1002,1003,1004,1005",77000,200,True
even-palindrome,controls,accuracy,none,32800,0.9016666666666667,0.06823163163486239,0.79,0.965,6,"1000,1001,1002,1003,1004,1005",77000,200,True
even-palindrome,controls,accuracy,none,33000,0.8691666666666666,0.10252709668939014,0.71,0.96,6,"1000,1001,1002,1003,1004,1005",77000,200,True
even-palindrome,controls,accuracy,none,33200,0.9141666666666667,0.07138024158609221,0.81,0.98,6,"1000,1001,1002,1003,1004,1005",77000,200,True
even-palindrome,controls,accuracy,none,33400,0.8958333333333334,0.06425318842067078,0.805,0.965,6,"1000,1001,1002,1003,1004,1005",77000,200,True
even-palindrome,controls,accuracy,none,33600,0.9083333333333333,0.0830996724154527,0.79,0.985,6,"1000,1001,1002,1003,1004,1005",77000,200,True
even-palindrome,controls,accuracy,none,33800,0.9041666666666667,0.07120490775844658,0.785,0.96,6,"1000,1001,1002,1003,1004,1005",77000,200,True
even-palindrome,controls,accuracy,none,34000,0.9008333333333333,0.0638629174264864,0.785,0.96,6,"1000,1001,1002,1003,1004,1005",77000,200,True
even-palindrome,controls,accuracy,none,34200,0.9116666666666666,0.06491447364716814,0.805,0.98,6,"1000,1001,1002,1003,1004,1005",77000,200,True
even-palindrome,controls,accuracy,none,34400,0.9083333333333332,0.06890008869531464,0.815,0.98,6,"1000,1001,1002,1003,1004,1005",77000,200,True
even-palindrome,controls,accuracy,none,34600,0.9166666666666666,0.06618576550554928,0.82,0.975,6,"1000,1001,1002,1003,1004,1005",77000,200,True
even-palindrome,controls,accuracy,none,34800,0.9191666666666666,0.0799174921750899,0.795,0.985,6,"1000,1001,1002,1003,1004,1005",77000,200,True
even-palindrome,controls,accuracy,none,35000,0.9191666666666666,0.05600719199848851,0.84,0.97,6,"1000,1001,1002,1003,1004,1005",77000,200,True
even-palindrome,controls,accuracy,none,35200,0.9191666666666665,0.0585531572353039,0.85,0.985,6,"1000,1001,1002,1003,1004,1005",77000,200,True
even-palindrome,controls,accuracy,none,35400,0.9291666666666667,0.060856160100865905,0.825,0.995,6,"1000,1001,1002,1003,1004,1005",77000,200,True
even-palindrome,controls,accuracy,none,35600,0.9249999999999999,0.07708220719898116,0.78,0.995,6,"1000,1001,1002,1003,1004,1005",77000,200,True
even-palindrome,controls,accuracy,none,35800,0.9366666666666665,0.046338129248192805,0.85,0.99,6,"1000,1001,1002,1003,1004,1005",77000,200,True
even-palindrome,controls,accuracy,none,36000,0.9383333333333334,0.06148622248565573,0.825,0.985,6,"1000,1001,1002,1003,1004,1005",77000,200,True
even-palindrome,controls,accuracy,none,36200,0.9258333333333334,0.06470552955934718,0.8,0.99,6,"1000,1001,1002,1003,1004,1005",77000,200,True
even-palindrome,controls,accuracy,none,36400,0.9325000000000001,0.05580845216751073,0.84,0.98,6,"1000,1001,1002,1003,1004,1005",77000,200,True
even-palindrome,controls,accuracy,none,36600,0.9458333333333333,0.04876958296133176,0.875,1.0,6,"1000,1001,1002,1003,1004,1005",77000,200,True
even-palindrome,controls,accuracy,none,36800,0.92,0.06198117993929015,0.8,0.98,6,"1000,1001,1002,1003,1004,1005",77000,200,True
even-palindrome,controls,accuracy,none,37000,0.9241666666666667,0.040043379255779867,0.87,0.98,6,"1000,1001,1002,1003,1004,1005",77000,200,True
even-palindrome,controls,accuracy,none,37200,0.9241666666666667,0.06766440882932635,0.8,0.98,6,"1000,1001,1002,1003,1004,1005",77000,200,True
even-palindrome,controls,accuracy,none,37400,0.9283333333333332,0.060254091608417396,0.845,0.985,6,"1000,1001,1002,1003,1004,1005",77000,200,True
even-palindrome,controls,accuracy,none,37600,0.9508333333333333,0.03678956675774018,0.89,0.995,6,"1000,1001,1002,1003,1004,1005",77000,200,True
even-palindrome,controls,accuracy,none,37800,0.9274999999999999,0.050394278775802846,0.84,0.99,6,"1000,1001,1002,1003,1004,1005",77000,200,True
even-palindrome,controls,accuracy,none,38000,0.9283333333333332,0.050470013099089064,0.845,0.985,6,"1000,1001,1002,1003,1004,1005",77000,200,True
even-palindrome,controls,accuracy,none,38200,0.9233333333333333,0.04179978734661482,0.875,0.965,6,"1000,1001,1002,1003,1004,1005",77000,200,True
even-palindrome,controls,accuracy,none,38400,0.9325,0.045803020278870975,0.87,0.99,6,"1000,1001,1002,1003,1004,1005",77000,200,True
even-palindrome,controls,accuracy,none,38600,0.9341666666666666,0.04056031174545984,0.88,0.995,6,"1000,1001,1002,1003,1004,1005",77000,200,True
even-palindrome,controls,accuracy,none,38800,0.9341666666666666,0.037462944654981685,0.87,0.965,6,"1000,1001,1002,1003,1004,1005",77000,200,True
even-palindrome,controls,accuracy,none,39000,0.9458333333333333,0.04738289658609832,0.865,1.0,6,"1000,1001,1002,1003,1004,1005",77000,200,True
even-palindrome,controls,accuracy,none,39200,0.9441666666666667,0.0506965372475171,0.86,1.0,6,"1000,1001,1002,1003,1004,1005",77000,200,True
even-palindrome,controls,accuracy,none,39400,0.9483333333333336,0.048961436071894605,0.855,1.0,6,"1000,1001,1002,1003,1004,1005",77000,200,True
even-palindrome,controls,accuracy,none,39600,0.9291666666666666,0.060374985622266494,0.805,0.985,6,"1000,1001,1002,1003,1004,1005",77000,200,True
even-palindrome,controls,accuracy,none,39800,0.9341666666666667,0.04978425677081282,0.835,0.98,6,"1000,1001,1002,1003,1004,1005",77000,200,True
even-palindrome,controls,accuracy,none,40000,0.9458333333333333,0.0441037287413308,0.865,0.99,6,"1000,1001,1002,1003,1004,1005",77000,200,True
even-palindrome,controls,accuracy,none,40200,0.9275000000000001,0.06355771655222782,0.82,0.985,6,"1000,1001,1002,1003,1004,1005",77000,200,True
even-palindrome,controls,accuracy,none,40400,0.9441666666666665,0.03296673407475412,0.88,0.985,6,"1000,1001,1002,1003,1004,1005",77000,200,True
even-palindrome,controls,accuracy,none,40600,0.9633333333333334,0.037932688922470134,0.885,0.995,6,"1000,1001,1002,1003,1004,1005",77000,200,True
even-palindrome,controls,accuracy,none,40800,0.9524999999999998,0.051619602219828586,0.87,0.99,6,"1000,1001,1002,1003,1004,1005",77000,200,True
even-palindrome,controls,accuracy,none,41000,0.9441666666666665,0.040969161844272836,0.88,0.985,6,"1000,1001,1002,1003,1004,1005",77000,200,True
even-palindrome,controls,accuracy,none,41200,0.9483333333333334,0.04431578600102776,0.87,0.985,6,"1000,1001,1002,1003,1004,1005",77000,200,True
even-palindrome,controls,accuracy,none,41400,0.945,0.041733280085163034,0.86,0.975,6,"1000,1001,1002,1003,1004,1005",77000,200,True
even-palindrome,controls,accuracy,none,41600,0.96,0.043493294502332955,0.875,1.0,6,"1000,1001,1002,1003,1004,1005",77000,200,True
even-palindrome,controls,accuracy,none,41800,0.9533333333333333,0.04543004390146336,0.885,1.0,6,"1000,1001,1002,1003,1004,1005",77000,200,True
even-palindrome,controls,accuracy,none,42000,0.9516666666666667,0.030230595245361747,0.89,0.975,6,"1000,1001,1002,1003,1004,1005",77000,200,True
even-palindrome,controls,accuracy,none,42200,0.9316666666666666,0.07414325473178406,0.79,0.995,6,"1000,1001,1002,1003,1004,1005",77000,200,True
even-palindrome,controls,accuracy,none,42400,0.9608333333333333,0.04876958296133177,0.865,1.0,6,"1000,1001,1002,1003,1004,1005",77000,200,True
even-palindrome,controls,accuracy,none,42600,0.9541666666666666,0.050283916138485305,0.85,0.995,6,"1000,1001,1002,1003,1004,1005",77000,200,True
even-palindrome,controls,accuracy,none,42800,0.9525,0.04441752657078809,0.865,0.995,6,"1000,1001,1002,1003,1004,1005",77000,200,True
even-palindrome,controls,accuracy,none,43000,0.9533333333333333,0.026246692913372685,0.915,0.985,6,"1000,1001,1002,1003,1004,1005",77000,200,True
even-palindrome,controls,accuracy,none,43200,0.9758333333333332,0.03033379120533548,0.91,0.995,6,"1000,1001,1002,1003,1004,1005",77000,200,True
even-palindrome,controls,accuracy,none,43400,0.96,0.041231056256176596,0.885,0.995,6,"1000,1001,1002,1003,1004,1005",77000,200,True
even-palindrome,controls,accuracy,none,43600,0.9633333333333334,0.05807083796728116,0.835,1.0,6,"1000,1001,1002,1003,1004,1005",77000,200,True
even-palindrome,controls,accuracy,none,43800,0.9491666666666667,0.03930825471690251,0.865,0.99,6,"1000,1001,1002,1003,1004,1005",77000,200,True
even-palindrome,controls,accuracy,none,44000,0.9625,0.032882366094914746,0.91,1.0,6,"1000,1001,1002,1003,1004,1005",77000,200,True
even-palindrome,controls,accuracy,none,44200,0.9591666666666666,0.04157489894422141,0.87,0.995,6,"1000,1001,1002,1003,1004,1005",77000,200,True
even-palindrome,controls,accuracy,none,44400,0.9558333333333332,0.03779513490149522,0.875,0.99,6,"1000,1001,1002,1003,1004,1005",77000,200,True
even-palindrome,controls,accuracy,none,44600,0.96,0.03807886552931954,0.885,1.0,6,"1000,1001,1002,1003,1004,1005",77000,200,True
even-palindrome,controls,accuracy,none,44800,0.9691666666666667,0.027751376342244508,0.915,0.995,6,"1000,1001,1002,1003,1004,1005",77000,200,True
even-palindrome,controls,accuracy,none,45000,0.9516666666666667,0.04588633299312067,0.88,0.99,6,"1000,1001,1002,1003,1004,1005",77000,200,True
even-palindrome,controls,accuracy,none,45200,0.9641666666666665,0.01923899396769197,0.925,0.98,6,"1000,1001,1002,1003,1004,1005",77000,200,True
even-palindrome,controls,accuracy,none,45400,0.9733333333333333,0.027638539919628318,0.915,1.0,6,"1000,1001,1002,1003,1004,1005",77000,200,True
even-palindrome,controls,accuracy,none,45600,0.9616666666666666,0.04384315479321969,0.875,1.0,6,"1000,1001,1002,1003,1004,1005",77000,200,True
even-palindrome,controls,accuracy,none,45800,0.9700000000000001,0.029154759474226494,0.915,1.0,6,"1000,1001,1002,1003,1004,1005",77000,200,True
even-palindrome,controls,accuracy,none,46000,0.9600000000000001,0.04627814458971607,0.86,0.99,6,"1000,1001,1002,1003,1004,1005",77000,200,True
even-palindrome,controls,accuracy,none,46200,0.9608333333333334,0.030333791205335484,0.905,0.995,6,"1000,1001,1002,1003,1004,1005",77000,200,True
even-palindrome,controls,accuracy,none,46400,0.9624999999999999,0.0387029283991104,0.88,1.0,6,"1000,1001,1002,1003,1004,1005",77000,200,True
even-palindrome,controls,accuracy,none,46600,0.9766666666666666,0.022852182001336794,0.93,1.0,6,"1000,1001,1002,1003,1004,1005",77000,200,True
even-palindrome,controls,accuracy,none,46800,0.9716666666666666,0.026246692913372695,0.93,0.995,6,"1000,1001,1002,1003,1004,1005",77000,200,True
even-palindrome,controls,accuracy,none,47000,0.9758333333333332,0.02805005446617804,0.915,1.0,6,"1000,1001,1002,1003,1004,1005",77000,200,True
even-palindrome,controls,accuracy,none,47200,0.9775,0.03211308144666281,0.91,1.0,6,"1000,1001,1002,1003,1004,1005",77000,200,True
even-palindrome,controls,accuracy,none,47400,0.9741666666666667,0.03621885635350121,0.895,1.0,6,"1000,1001,1002,1003,1004,1005",77000,200,True
even-palindrome,controls,accuracy,none,47600,0.9674999999999999,0.023407619841980223,0.93,1.0,6,"1000,1001,1002,1003,1004,1005",77000,200,True
even-palindrome,controls,accuracy,none,47800,0.9733333333333333,0.026087459737497532,0.92,0.995,6,"1000,1001,1002,1003,1004,1005",77000,200,True
even-palindrome,controls,accuracy,none,48000,0.9733333333333333,0.036476781047065476,0.895,1.0,6,"1000,1001,1002,1003,1004,1005",77000,200,True
even-palindrome,controls,accuracy,none,48200,0.9741666666666667,0.025399584423546943,0.935,1.0,6,"1000,1001,1002,1003,1004,1005",77000,200,True
even-palindrome,controls,accuracy,none,48400,0.9658333333333333,0.024565671621639442,0.92,1.0,6,"1000,1001,1002,1003,1004,1005",77000,200,True
even-palindrome,controls,accuracy,none,48600,0.9683333333333334,0.033747427885527634,0.895,0.995,6,"1000,1001,1002,1003,1004,1005",77000,200,True
even-palindrome,controls,accuracy,none,48800,0.9741666666666666,0.024902587995806545,0.925,0.995,6,"1000,1001,1002,1003,1004,1005",77000,200,True
even-palindrome,controls,accuracy,none,49000,0.9683333333333333,0.027938424357067008,0.915,1.0,6,"1000,1001,1002,1003,1004,1005",77000,200,True
even-palindrome,controls,accuracy,none,49200,0.9808333333333333,0.02805005446617804,0.92,1.0,6,"1000,1001,1002,1003,1004,1005",77000,200,True
even-palindrome,controls,accuracy,none,49400,0.975,0.026299556396765816,0.92,1.0,6,"1000,1001,1002,1003,1004,1005",77000,200,True
even-palindrome,controls,accuracy,none,49600,0.9708333333333332,0.03757400105865165,0.89,1.0,6,"1000,1001,1002,1003,1004,1005",77000,200,True
even-palindrome,controls,accuracy,none,49800,0.9658333333333333,0.03334374837290425,0.895,1.0,6,"1000,1001,1002,1003,1004,1005",77000,200,True
even-palindrome,controls,accuracy,none,50000,0.9741666666666667,0.03206980234148975,0.905,0.995,6,"1000,1001,1002,1003,1004,1005",77000,200,True
even-palindrome,controls,accuracy,none,50200,0.965,0.03214550253664318,0.91,1.0,6,"1000,1001,1002,1003,1004,1005",77000,200,True
even-palindrome,controls,accuracy,none,50400,0.9800000000000001,0.021984843263788183,0.935,1.0,6,"1000,1001,1002,1003,1004,1005",77000,200,True
even-palindrome,controls,accuracy,none,50600,0.9783333333333332,0.018856180831641284,0.94,1.0,6,"1000,1001,1002,1003,1004,1005",77000,200,True
even-palindrome,controls,accuracy,none,50800,0.9791666666666666,0.02699022456783606,0.92,1.0,6,"1000,1001,1002,1003,1004,1005",77000,200,True
even-palindrome,controls,accuracy,none,51000,0.9775,0.01842778698958,0.945,1.0,6,"1000,1001,1002,1003,1004,1005",77000,200,True
even-palindrome,controls,accuracy,none,51200,0.9700000000000001,0.0429146439652791,0.875,1.0,6,"1000,1001,1002,1003,1004,1005",77000,200,True
even-palindrome,controls,accuracy,none,51400,0.9674999999999999,0.03105774192264036,0.9,0.995,6,"1000,1001,1002,1003,1004,1005",77000,200,True
even-palindrome,controls,accuracy,none,51600,0.9775,0.03749999999999999,0.895,1.0,6,"1000,1001,1002,1003,1004,1005",77000,200,True
even-palindrome,controls,accuracy,none,51800,0.9725000000000001,0.03567795771434607,0.905,1.0,6,"1000,1001,1002,1003,1004,1005",77000,200,True
even-palindrome,controls,accuracy,none,52000,0.9758333333333334,0.03232860790211803,0.905,1.0,6,"1000,1001,1002,1003,1004,1005",77000,200,True
even-palindrome,controls,accuracy,none,52200,0.9741666666666666,0.02863806712906596,0.915,1.0,6,"1000,1001,1002,1003,1004,1005",77000,200,True
even-palindrome,controls,accuracy,none,52400,0.9750000000000001,0.028867513459481277,0.915,0.995,6,"1000,1001,1002,1003,1004,1005",77000,200,True
even-palindrome,controls,accuracy,none,52600,0.9758333333333332,0.02316906462409639,0.93,1.0,6,"1000,1001,1002,1003,1004,1005",77000,200,True
even-palindrome,controls,accuracy,none,52800,0.9775000000000001,0.034850872777210794,0.9,1.0,6,"1000,1001,1002,1003,1004,1005",77000,200,True
even-palindrome,controls,accuracy,none,53000,0.9750000000000001,0.03201562118716423,0.905,1.0,6,"1000,1001,1002,1003,1004,1005",77000,200,True
even-palindrome,controls,accuracy,none,53200,0.9841666666666667,0.016180406532456344,0.95,1.0,6,"1000,1001,1002,1003,1004,1005",77000,200,True
even-palindrome,controls,accuracy,none,53400,0.9808333333333333,0.02849220166213125,0.92,1.0,6,"1000,1001,1002,1003,1004,1005",77000,200,True
even-palindrome,controls,accuracy,none,53600,0.965,0.025658007197234413,0.925,0.995,6,"1000,1001,1002,1003,1004,1005",77000,200,True
even-palindrome,controls,accuracy,none,53800,0.9708333333333333,0.034207292919622975,0.9,1.0,6,"1000,1001,1002,1003,1004,1005",77000,200,True
even-palindrome,controls,accuracy,none,54000,0.9841666666666667,0.015656911856713293,0.95,0.995,6,"1000,1001,1002,1003,1004,1005",77000,200,True
even-palindrome,controls,accuracy,none,54200,0.9708333333333332,0.034085268893695925,0.895,0.99,6,"1000,1001,1002,1003,1004,1005",77000,200,True
even-palindrome,controls,accuracy,none,54400,0.9708333333333333,0.04540710908608426,0.87,1.0,6,"1000,1001,1002,1003,1004,1005",77000,200,True
even-palindrome,controls,accuracy,none,54600,0.9750000000000001,0.029860788111948186,0.915,1.0,6,"1000,1001,1002,1003,1004,1005",77000,200,True
even-palindrome,controls,accuracy,none,54800,0.9658333333333333,0.03610363170405744,0.89,1.0,6,"1000,1001,1002,1003,1004,1005",77000,200,True
even-palindrome,controls,accuracy,none,55000,0.9766666666666667,0.027028791233711408,0.92,1.0,6,"1000,1001,1002,1003,1004,1005",77000,200,True
even-palindrome,controls,accuracy,none,55200,0.9758333333333334,0.030196118219989056,0.915,1.0,6,"1000,1001,1002,1003,1004,1005",77000,200,True
even-palindrome,controls,accuracy,none,55400,0.9741666666666666,0.03383990084041158,0.905,1.0,6,"1000,1001,1002,1003,1004,1005",77000,200,True
even-palindrome,controls,accuracy,none,55600,0.9666666666666667,0.034960294939005036,0.905,1.0,6,"1000,1001,1002,1003,1004,1005",77000,200,True
even-palindrome,controls,accuracy,none,55800,0.9824999999999999,0.02212653007891957,0.935,1.0,6,"1000,1001,1002,1003,1004,1005",77000,200,True
even-palindrome,controls,accuracy,none,56000,0.9750000000000001,0.027688746209726906,0.92,1.0,6,"1000,1001,1002,1003,1004,1005",77000,200,True
even-palindrome,controls,accuracy,none,56200,0.98,0.025980762113533142,0.925,1.0,6,"1000,1001,1002,1003,1004,1005",77000,200,True
even-palindrome,controls,accuracy,none,56400,0.9733333333333333,0.03064129385141705,0.915,0.995,6,"1000,1001,1002,1003,1004,1005",77000,200,True
even-palindrome,controls,accuracy,none,56600,0.9783333333333334,0.02544056253745623,0.925,1.0,6,"1000,1001,1002,1003,1004,1005",77000,200,True
even-palindrome,controls,accuracy,none,56800,0.9733333333333333,0.02733536577809453,0.915,0.995,6,"1000,1001,1002,1003,1004,1005",77000,200,True
even-palindrome,controls,accuracy,none,57000,0.9716666666666667,0.030368111930480984,0.91,1.0,6,"1000,1001,1002,1003,1004,1005",77000,200,True
even-palindrome,controls,accuracy,none,57200,0.9816666666666666,0.027938424357067,0.92,1.0,6,"1000,1001,1002,1003,1004,1005",77000,200,True
even-palindrome,controls,accuracy,none,57400,0.985,0.021213203435596444,0.94,1.0,6,"1000,1001,1002,1003,1004,1005",77000,200,True
even-palindrome,controls,accuracy,none,57600,0.9833333333333333,0.017240134054647683,0.95,1.0,6,"1000,1001,1002,1003,1004,1005",77000,200,True
even-palindrome,controls,accuracy,none,57800,0.9849999999999999,0.02483277404291888,0.93,1.0,6,"1000,1001,1002,1003,1004,1005",77000,200,True
even-palindrome,controls,accuracy,none,58000,0.9858333333333333,0.02744944848666766,0.925,1.0,6,"1000,1001,1002,1003,1004,1005",77000,200,True
even-palindrome,controls,accuracy,none,58200,0.98,0.024324199198877357,0.93,1.0,6,"1000,1001,1002,1003,1004,1005",77000,200,True
even-palindrome,controls,accuracy,none,58400,0.98,0.03427827300200521,0.905,1.0,6,"1000,1001,1002,1003,1004,1005",77000,200,True
even-palindrome,controls,accuracy,none,58600,0.9874999999999999,0.008539125638299673,0.97,0.995,6,"1000,1001,1002,1003,1004,1005",77000,200,True
even-palindrome,controls,accuracy,none,58800,0.9758333333333334,0.020699570580623678,0.93,0.99,6,"1000,1001,1002,1003,1004,1005",77000,200,True
even-palindrome,controls,accuracy,none,59000,0.9783333333333334,0.03399346342395189,0.905,1.0,6,"1000,1001,1002,1003,1004,1005",77000,200,True
even-palindrome,controls,accuracy,none,59200,0.985,0.020816659994661348,0.94,1.0,6,"1000,1001,1002,1003,1004,1005",77000,200,True
even-palindrome,controls,accuracy,none,59400,0.9874999999999999,0.025779513830430017,0.93,1.0,6,"1000,1001,1002,1003,1004,1005",77000,200,True
even-palindrome,controls,accuracy,none,59600,0.9758333333333332,0.026365486699260608,0.92,1.0,6,"1000,1001,1002,1003,1004,1005",77000,200,True
even-palindrome,controls,accuracy,none,59800,0.9783333333333334,0.020548046676563275,0.945,1.0,6,"1000,1001,1002,1003,1004,1005",77000,200,True
even-palindrome,controls,accuracy,none,60000,0.9766666666666667,0.032998316455372205,0.905,1.0,6,"1000,1001,1002,1003,1004,1005",77000,200,True
even-palindrome,controls,accuracy,none,60200,0.9691666666666667,0.031012990109880647,0.905,1.0,6,"1000,1001,1002,1003,1004,1005",77000,200,True
even-palindrome,controls,accuracy,none,60400,0.9858333333333333,0.014553540997144163,0.955,1.0,6,"1000,1001,1002,1003,1004,1005",77000,200,True
even-palindrome,controls,accuracy,none,60600,0.9841666666666667,0.016935334527417994,0.95,1.0,6,"1000,1001,1002,1003,1004,1005",77000,200,True
even-palindrome,controls,accuracy,none,60800,0.9825,0.01842778698958,0.945,1.0,6,"1000,1001,1002,1003,1004,1005",77000,200,True
even-palindrome,controls,accuracy,none,61000,0.9783333333333334,0.014907119849998611,0.95,0.995,6,"1000,1001,1002,1003,1004,1005",77000,200,True
even-palindrome,controls,accuracy,none,61200,0.9758333333333332,0.022063670491456192,0.93,1.0,6,"1000,1001,1002,1003,1004,1005",77000,200,True
even-palindrome,controls,accuracy,none,61400,0.9775,0.02155419526062925,0.93,0.99,6,"1000,1001,1002,1003,1004,1005",77000,200,True
even-palindrome,controls,accuracy,none,61600,0.9841666666666665,0.02456567162163944,0.93,1.0,6,"1000,1001,1002,1003,1004,1005",77000,200,True
even-palindrome,controls,accuracy,none,61800,0.9783333333333334,0.03009245014211297,0.915,1.0,6,"1000,1001,1002,1003,1004,1005",77000,200,True
even-palindrome,controls,accuracy,none,62000,0.9824999999999999,0.020766559657295208,0.94,1.0,6,"1000,1001,1002,1003,1004,1005",77000,200,True
even-palindrome,controls,accuracy,none,62200,0.9858333333333333,0.01538848776051617,0.955,1.0,6,"1000,1001,1002,1003,1004,1005",77000,200,True
even-palindrome,controls,accuracy,none,62400,0.9816666666666666,0.023921166824012186,0.93,1.0,6,"1000,1001,1002,1003,1004,1005",77000,200,True
even-palindrome,controls,accuracy,none,62600,0.9733333333333333,0.03312434485725297,0.9,0.995,6,"1000,1001,1002,1003,1004,1005",77000,200,True
even-palindrome,controls,accuracy,none,62800,0.9808333333333333,0.022063670491456192,0.935,1.0,6,"1000,1001,1002,1003,1004,1005",77000,200,True
even-palindrome,controls,accuracy,none,63000,0.9841666666666667,0.019454362549881272,0.945,1.0,6,"1000,1001,1002,1003,1004,1005",77000,200,True
even-palindrome,controls,accuracy,none,63200,0.9875000000000002,0.02155419526062929,0.94,1.0,6,"1000,1001,1002,1003,1004,1005",77000,200,True
even-palindrome,controls,accuracy,none,63400,0.9800000000000001,0.016832508230603477,0.945,0.995,6,"1000,1001,1002,1003,1004,1005",77000,200,True
even-palindrome,controls,accuracy,none,63600,0.9866666666666667,0.011055415967851341,0.965,0.995,6,"1000,1001,1002,1003,1004,1005",77000,200,True
even-palindrome,controls,accuracy,none,63800,0.985,0.029154759474226487,0.92,1.0,6,"1000,1001,1002,1003,1004,1005",77000,200,True
even-palindrome,controls,accuracy,none,64000,0.9699999999999999,0.03013856886670852,0.925,1.0,6,"1000,1001,1002,1003,1004,1005",77000,200,True
even-palindrome,controls,accuracy,none,64200,0.985,0.02483277404291888,0.93,1.0,6,"1000,1001,1002,1003,1004,1005",77000,200,True
even-palindrome,controls,accuracy,none,64400,0.9725000000000001,0.03705289012569284,0.895,1.0,6,"1000,1001,1002,1003,1004,1005",77000,200,True
even-palindrome,controls,accuracy,none,64600,0.9791666666666666,0.02370243775554647,0.93,1.0,6,"1000,1001,1002,1003,1004,1005",77000,200,True
even-palindrome,controls,accuracy,none,64800,0.9833333333333334,0.026404965862924748,0.925,1.0,6,"1000,1001,1002,1003,1004,1005",77000,200,True
even-palindrome,controls,accuracy,none,65000,0.9816666666666666,0.02392116682401219,0.93,1.0,6,"1000,1001,1002,1003,1004,1005",77000,200,True
even-palindrome,controls,accuracy,none,65200,0.9866666666666667,0.027638539919628318,0.925,1.0,6,"1000,1001,1002,1003,1004,1005",77000,200,True
even-palindrome,controls,accuracy,none,65400,0.9874999999999999,0.015478479684172273,0.955,1.0,6,"1000,1001,1002,1003,1004,1005",77000,200,True
even-palindrome,controls,accuracy,none,65600,0.9799999999999999,0.023629078131263023,0.93,1.0,6,"1000,1001,1002,1003,1004,1005",77000,200,True
even-palindrome,controls,accuracy,none,65800,0.9824999999999999,0.01181453906563153,0.97,1.0,6,"1000,1001,1002,1003,1004,1005",77000,200,True
even-palindrome,controls,accuracy,none,66000,0.9833333333333333,0.03104656001699525,0.915,1.0,6,"1000,1001,1002,1003,1004,1005",77000,200,True
even-palindrome,controls,accuracy,none,66200,0.9816666666666666,0.024094720491334914,0.93,1.0,6,"1000,1001,1002,1003,1004,1005",77000,200,True
even-palindrome,controls,accuracy,none,66400,0.9783333333333332,0.02094967514996091,0.94,0.995,6,"1000,1001,1002,1003,1004,1005",77000,200,True
even-palindrome,controls,accuracy,none,66600,0.9883333333333333,0.019720265943665403,0.945,1.0,6,"1000,1001,1002,1003,1004,1005",77000,200,True
even-palindrome,controls,accuracy,none,66800,0.9841666666666665,0.02206367049145619,0.935,0.995,6,"1000,1001,1002,1003,1004,1005",77000,200,True
even-palindrome,controls,accuracy,none,67000,0.9816666666666668,0.017480147469502542,0.945,1.0,6,"1000,1001,1002,1003,1004,1005",77000,200,True
even-palindrome,controls,accuracy,none,67200,0.9783333333333332,0.02192157739660986,0.94,1.0,6,"1000,1001,1002,1003,1004,1005",77000,200,True
even-palindrome,controls,accuracy,none,67400,0.98,0.027537852736430495,0.92,1.0,6,"1000,1001,1002,1003,1004,1005",77000,200,True
even-palindrome,controls,accuracy,none,67600,0.9808333333333333,0.021489661597046024,0.935,1.0,6,"1000,1001,1002,1003,1004,1005",77000,200,True
even-palindrome,controls,accuracy,none,67800,0.9891666666666667,0.020086617988656602,0.945,1.0,6,"1000,1001,1002,1003,1004,1005",77000,200,True
even-palindrome,controls,accuracy,none,68000,0.9858333333333333,0.025235006549544515,0.93,1.0,6,"1000,1001,1002,1003,1004,1005",77000,200,True
even-palindrome,controls,accuracy,none,68200,0.985,0.02929732638541156,0.92,1.0,6,"1000,1001,1002,1003,1004,1005",77000,200,True
even-palindrome,controls,accuracy,none,68400,0.9791666666666666,0.03575572992154155,0.9,1.0,6,"1000,1001,1002,1003,1004,1005",77000,200,True
even-palindrome,controls,accuracy,none,68600,0.9766666666666667,0.028528737947706134,0.915,1.0,6,"1000,1001,1002,1003,1004,1005",77000,200,True
even-palindrome,controls,accuracy,none,68800,0.9858333333333333,0.01835226295462105,0.945,0.995,6,"1000,1001,1002,1003,1004,1005",77000,200,True
even-palindrome,controls,accuracy,none,69000,0.985,0.0214087209644419,0.94,1.0,6,"1000,1001,1002,1003,1004,1005",77000,200,True
even-palindrome,controls,accuracy,none,69200,0.9841666666666667,0.028927591596182953,0.92,1.0,6,"1000,1001,1002,1003,1004,1005",77000,200,True
even-palindrome,controls,accuracy,none,69400,0.9799999999999999,0.021213203435596403,0.935,1.0,6,"1000,1001,1002,1003,1004,1005",77000,200,True
even-palindrome,controls,accuracy,none,69600,0.9841666666666667,0.01812380264244297,0.945,1.0,6,"1000,1001,1002,1003,1004,1005",77000,200,True
even-palindrome,controls,accuracy,none,69800,0.9874999999999999,0.013149778198382927,0.96,1.0,6,"1000,1001,1002,1003,1004,1005",77000,200,True
even-palindrome,controls,accuracy,none,70000,0.9816666666666666,0.027788886667555097,0.92,1.0,6,"1000,1001,1002,1003,1004,1005",77000,200,True
even-palindrome,controls,accuracy,none,70200,0.9816666666666668,0.019507833184532728,0.94,1.0,6,"1000,1001,1002,1003,1004,1005",77000,200,True
even-palindrome,controls,accuracy,none,70400,0.98,0.026457513110645897,0.93,1.0,6,"1000,1001,1002,1003,1004,1005",77000,200,True
even-palindrome,controls,accuracy,none,70600,0.9824999999999999,0.02268442931469365,0.935,1.0,6,"1000,1001,1002,1003,1004,1005",77000,200,True
even-palindrome,controls,accuracy,none,70800,0.9900000000000001,0.018027756377319962,0.95,1.0,6,"1000,1001,1002,1003,1004,1005",77000,200,True
even-palindrome,controls,accuracy,none,71000,0.9883333333333334,0.019507833184532725,0.945,1.0,6,"1000,1001,1002,1003,1004,1005",77000,200,True
even-palindrome,controls,accuracy,none,71200,0.9841666666666665,0.022623119934163695,0.935,1.0,6,"1000,1001,1002,1003,1004,1005",77000,200,True
even-palindrome,controls,accuracy,none,71400,0.9875000000000002,0.01701714821388513,0.955,1.0,6,"1000,1001,1002,1003,1004,1005",77000,200,True
even-palindrome,controls,accuracy,none,71600,0.9858333333333333,0.015115297622680893,0.955,1.0,6,"1000,1001,1002,1003,1004,1005",77000,200,True
even-palindrome,controls,accuracy,none,71800,0.9866666666666667,0.01433720877840439,0.955,0.995,6,"1000,1001,1002,1003,1004,1005",77000,200,True
even-palindrome,controls,accuracy,none,72000,0.9858333333333333,0.013667682889047282,0.96,1.0,6,"1000,1001,1002,1003,1004,1005",77000,200,True
even-palindrome,controls,accuracy,none,72200,0.9833333333333334,0.016996731711975962,0.95,1.0,6,"1000,1001,1002,1003,1004,1005",77000,200,True
even-palindrome,controls,accuracy,none,72400,0.9875000000000002,0.02155419526062929,0.94,1.0,6,"1000,1001,1002,1003,1004,1005",77000,200,True
even-palindrome,controls,accuracy,none,72600,0.9833333333333334,0.020138409955990973,0.94,1.0,6,"1000,1001,1002,1003,1004,1005",77000,200,True
even-palindrome,controls,accuracy,none,72800,0.9958333333333332,0.009316949906249133,0.975,1.0,6,"1000,1001,1002,1003,1004,1005",77000,200,True
even-palindrome,controls,accuracy,none,73000,0.9916666666666667,0.012472191289246483,0.965,1.0,6,"1000,1001,1002,1003,1004,1005",77000,200,True
even-palindrome,controls,accuracy,none,73200,0.9874999999999999,0.013768926368215268,0.96,1.0,6,"1000,1001,1002,1003,1004,1005",77000,200,True
even-palindrome,controls,accuracy,none,73400,0.9866666666666667,0.012801909579781025,0.965,1.0,6,"1000,1001,1002,1003,1004,1005",77000,200,True
even-palindrome,controls,accuracy,none,73600,0.9883333333333333,0.011785113019775802,0.965,1.0,6,"1000,1001,1002,1003,1004,1005",77000,200,True
even-palindrome,controls,accuracy,none,73800,0.9808333333333333,0.016687486995417337,0.945,0.995,6,"1000,1001,1002,1003,1004,1005",77000,200,True
even-palindrome,controls,accuracy,none,74000,0.9908333333333332,0.01096078869830493,0.97,1.0,6,"1000,1001,1002,1003,1004,1005",77000,200,True
even-palindrome,controls,accuracy,none,74200,0.9858333333333333,0.008858454843945549,0.97,0.995,6,"1000,1001,1002,1003,1004,1005",77000,200,True
even-palindrome,controls,accuracy,none,74400,0.9891666666666666,0.014837078178970727,0.96,1.0,6,"1000,1001,1002,1003,1004,1005",77000,200,True
even-palindrome,controls,accuracy,none,74600,0.9874999999999999,0.015478479684172273,0.955,1.0,6,"1000,1001,1002,1003,1004,1005",77000,200,True
even-palindrome,controls,accuracy,none,74800,0.9883333333333333,0.021730674684008848,0.94,1.0,6,"1000,1001,1002,1003,1004,1005",77000,200,True
even-palindrome,controls,accuracy,none,75000,0.9908333333333333,0.010172129679778095,0.97,1.0,6,"1000,1001,1002,1003,1004,1005",77000,200,True
even-palindrome,controls,accuracy,none,75200,0.9891666666666666,0.013969212178533521,0.96,1.0,6,"1000,1001,1002,1003,1004,1005",77000,200,True
even-palindrome,controls,accuracy,none,75400,0.985,0.01527525231651948,0.955,1.0,6,"1000,1001,1002,1003,1004,1005",77000,200,True
even-palindrome,controls,accuracy,none,75600,0.9883333333333334,0.01795054935711503,0.95,1.0,6,"1000,1001,1002,1003,1004,1005",77000,200,True
even-palindrome,controls,accuracy,none,75800,0.9883333333333333,0.004714045207910321,0.98,0.995,6,"1000,1001,1002,1003,1004,1005",77000,200,True
even-palindrome,controls,accuracy,none,76000,0.9900000000000001,0.012583057392117928,0.97,1.0,6,"1000,1001,1002,1003,1004,1005",77000,200,True
even-palindrome,controls,accuracy,none,76200,0.9883333333333333,0.009860132971832702,0.97,1.0,6,"1000,1001,1002,1003,1004,1005",77000,200,True
even-palindrome,controls,accuracy,none,76400,0.9858333333333333,0.029498116700713083,0.92,1.0,6,"1000,1001,1002,1003,1004,1005",77000,200,True
even-palindrome,controls,accuracy,none,76600,0.9891666666666667,0.015656911856713293,0.955,1.0,6,"1000,1001,1002,1003,1004,1005",77000,200,True
even-palindrome,controls,accuracy,none,76800,0.9858333333333332,0.02089989367330744,0.94,1.0,6,"1000,1001,1002,1003,1004,1005",77000,200,True
even-palindrome,controls,accuracy,none,77000,0.9900000000000001,0.018257418583505554,0.95,1.0,6,"1000,1001,1002,1003,1004,1005",77000,200,True
even-palindrome,controls,accuracy,zero,200,0.4791666666666667,0.018123802642442947,0.455,0.5,6,"1000,1001,1002,1003,1004,1005",77000,200,True
even-palindrome,controls,accuracy,zero,400,0.48833333333333334,0.03460089915337783,0.445,0.535,6,"1000,1001,1002,1003,1004,1005",77000,200,True
even-palindrome,controls,accuracy,zero,600,0.5016666666666666,0.031446603773522035,0.46,0.55,6,"1000,1001,1002,1003,1004,1005",77000,200,True
even-palindrome,controls,accuracy,zero,800,0.4908333333333333,0.022988523706889537,0.445,0.515,6,"1000,1001,1002,1003,1004,1005",77000,200,True
even-palindrome,controls,accuracy,zero,1000,0.5091666666666667,0.0308783455227482,0.47,0.555,6,"1000,1001,1002,1003,1004,1005",77000,200,True
even-palindrome,controls,accuracy,zero,1200,0.5241666666666668,0.009753916592266364,0.51,0.535,6,"1000,1001,1002,1003,1004,1005",77000,200,True
even-palindrome,controls,accuracy,zero,1400,0.5,0.02565800719723443,0.465,0.53,6,"1000,1001,1002,1003,1004,1005",77000,200,True
even-palindrome,controls,accuracy,zero,1600,0.505,0.03958114029012638,0.44,0.565,6,"1000,1001,1002,1003,1004,1005",77000,200,True
even-palindrome,controls,accuracy,zero,1800,0.5483333333333333,0.04129837231121288,0.47,0.59,6,"1000,1001,1002,1003,1004,1005",77000,200,True
even-palindrome,controls,accuracy,zero,2000,0.5266666666666666,0.019720265943665365,0.5,0.565,6,"1000,1001,1002,1003,1004,1005",77000,200,True
even-palindrome,controls,accuracy,zero,2200,0.5458333333333334,0.02949811670071308,0.505,0.595,6,"1000,1001,1002,1003,1004,1005",77000,200,True
even-palindrome,controls,accuracy,zero,2400,0.5541666666666667,0.02744944848666765,0.505,0.585,6,"1000,1001,1002,1003,1004,1005",77000,200,True
even-palindrome,controls,accuracy,zero,2600,0.5625,0.027801378862687104,0.525,0.605,6,"1000,1001,1002,1003,1004,1005",77000,200,True
even-palindrome,controls,accuracy,zero,2800,0.5691666666666667,0.03735155805169161,0.5,0.615,6,"1000,1001,1002,1003,1004,1005",77000,200,True
even-palindrome,controls,accuracy,zero,3000,0.5650000000000001,0.024324199198877353,0.525,0.605,6,"1000,1001,1002,1003,1004,1005",77000,200,True
even-palindrome,controls,accuracy,zero,3200,0.5833333333333334,0.026246692913372678,0.545,0.62,6,"1000,1001,1002,1003,1004,1005",77000,200,True
even-palindrome,controls,accuracy,zero,3400,0.5783333333333334,0.041998677227847156,0.51,0.625,6,"1000,1001,1002,1003,1004,1005",77000,200,True
even-palindrome,controls,accuracy,zero,3600,0.58,0.03265986323710903,0.535,0.625,6,"1000,1001,1002,1003,1004,1005",77000,200,True
even-palindrome,controls,accuracy,zero,3800,0.5666666666666668,0.024094720491334903,0.54,0.6,6,"1000,1001,1002,1003,1004,1005",77000,200,True
even-palindrome,controls,accuracy,zero,4000,0.5641666666666667,0.025399584423546923,0.53,0.605,6,"1000,1001,1002,1003,1004,1005",77000,200,True
even-palindrome,controls,accuracy,zero,4200,0.5741666666666666,0.0441037287413308,0.525,0.645,6,"1000,1001,1002,1003,1004,1005",77000,200,True
even-palindrome,controls,accuracy,zero,4400,0.5858333333333333,0.03712778234990911,0.55,0.66,6,"1000,1001,1002,1003,1004,1005",77000,200,True
even-palindrome,controls,accuracy,zero,4600,0.5908333333333333,0.01538848776051617,0.57,0.61,6,"1000,1001,1002,1003,1004,1005",77000,200,True
even-palindrome,controls,accuracy,zero,4800,0.5883333333333334,0.029674156357941402,0.545,0.615,6,"1000,1001,1002,1003,1004,1005",77000,200,True
even-palindrome,controls,accuracy,zero,5000,0.5866666666666668,0.03144660377352199,0.55,0.63,6,"1000,1001,1002,1003,1004,1005",77000,200,True
even-palindrome,controls,accuracy,zero,5200,0.5866666666666666,0.026404965862924762,0.55,0.63,6,"1000,1001,1002,1003,1004,1005",77000,200,True
even-palindrome,controls,accuracy,zero,5400,0.5791666666666666,0.034207292919622975,0.51,0.615,6,"1000,1001,1002,1003,1004,1005",77000,200,True
even-palindrome,controls,accuracy,zero,5600,0.5658333333333334,0.018577914008006603,0.54,0.6,6,"1000,1001,1002,1003,1004,1005",77000,200,True
even-palindrome,controls,accuracy,zero,5800,0.5908333333333333,0.046584749531245626,0.525,0.665,6,"1000,1001,1002,1003,1004,1005",77000,200,True
even-palindrome,controls,accuracy,zero,6000,0.6183333333333333,0.01907587190376601,0.585,0.64,6,"1000,1001,1002,1003,1004,1005",77000,200,True
even-palindrome,controls,accuracy,zero,6200,0.6225,0.03092329219213248,0.585,0.675,6,"1000,1001,1002,1003,1004,1005",77000,200,True
even-palindrome,controls,accuracy,zero,6400,0.6133333333333334,0.03847798793538399,0.555,0.66,6,"1000,1001,1002,1003,1004,1005",77000,200,True
even-palindrome,controls,accuracy,zero,6600,0.6175,0.03805150018943628,0.58,0.68,6,"1000,1001,1002,1003,1004,1005",77000,200,True
even-palindrome,controls,accuracy,zero,6800,0.6108333333333335,0.04604496594513767,0.545,0.675,6,"1000,1001,1002,1003,1004,1005",77000,200,True
even-palindrome,controls,accuracy,zero,7000,0.6191666666666666,0.05411536031684739,0.54,0.71,6,"1000,1001,1002,1003,1004,1005",77000,200,True
even-palindrome,controls,accuracy,zero,7200,0.6150000000000001,0.01848422751068238,0.595,0.645,6,"1000,1001,1002,1003,1004,1005",77000,200,True
even-palindrome,controls,accuracy,zero,7400,0.6258333333333335,0.031012990109880685,0.575,0.66,6,"1000,1001,1002,1003,1004,1005",77000,200,True
even-palindrome,controls,accuracy,zero,7600,0.6375,0.027801378862687118,0.605,0.69,6,"1000,1001,1002,1003,1004,1005",77000,200,True
even-palindrome,controls,accuracy,zero,7800,0.6158333333333333,0.04694115701835889,0.55,0.685,6,"1000,1001,1002,1003,1004,1005",77000,200,True
even-palindrome,controls,accuracy,zero,8000,0.6266666666666666,0.023921166824012227,0.59,0.665,6,"1000,1001,1002,1003,1004,1005",77000,200,True
even-palindrome,controls,accuracy,zero,8200,0.6091666666666667,0.047994501999939786,0.545,0.665,6,"1000,1001,1002,1003,1004,1005",77000,200,True
even-palindrome,controls,accuracy,zero,8400,0.6291666666666667,0.025399584423546975,0.595,0.67,6,"1000,1001,1002,1003,1004,1005",77000,200,True
even-palindrome,controls,accuracy,zero,8600,0.62,0.031091263510296077,0.57,0.66,6,"1000,1001,1002,1003,1004,1005",77000,200,True
even-palindrome,controls,accuracy,zero,8800,0.6149999999999999,0.0407226390762354,0.555,0.665,6,"1000,1001,1002,1003,1004,1005",77000,200,True
even-palindrome,controls,accuracy,zero,9000,0.6625,0.03508917211904549,0.595,0.705,6,"1000,1001,1002,1003,1004,1005",77000,200,True
even-palindrome,controls,accuracy,zero,9200,0.625,0.0597215762238964,0.5,0.68,6,"1000,1001,1002,1003,1004,1005",77000,200,True
even-palindrome,controls,accuracy,zero,9400,0.6224999999999999,0.04981214711292819,0.57,0.725,6,"1000,1001,1002,1003,1004,1005",77000,200,True
even-palindrome,controls,accuracy,zero,9600,0.6108333333333335,0.022988523706889558,0.565,0.635,6,"1000,1001,1002,1003,1004,1005",77000,200,True
even-palindrome,controls,accuracy,zero,9800,0.6233333333333334,0.032360813064912695,0.565,0.66,6,"1000,1001,1002,1003,1004,1005",77000,200,True
even-palindrome,controls,accuracy,zero,10000,0.6175,0.03078825533651864,0.565,0.655,6,"1000,1001,1002,1003,1004,1005",77000,200,True
even-palindrome,controls,accuracy,zero,10200,0.6308333333333332,0.038014982426523514,0.585,0.685,6,"1000,1001,1002,1003,1004,1005",77000,200,True
even-palindrome,controls,accuracy,zero,10400,0.6183333333333334,0.03223179934302289,0.585,0.68,6,"1000,1001,1002,1003,1004,1005",77000,200,True
even-palindrome,controls,accuracy,zero,10600,0.6291666666666668,0.03420729291962302,0.59,0.68,6,"1000,1001,1002,1003,1004,1005",77000,200,True
even-palindrome,controls,accuracy,zero,10800,0.6316666666666667,0.06121455890735652,0.515,0.71,6,"1000,1001,1002,1003,1004,1005",77000,200,True
even-palindrome,controls,accuracy,zero,11000,0.66,0.030956959368344517,0.61,0.705,6,"1000,1001,1002,1003,1004,1005",77000,200,True
even-palindrome,controls,accuracy,zero,11200,0.6233333333333333,0.041298372311212896,0.555,0.675,6,"1000,1001,1002,1003,1004,1005",77000,200,True
even-palindrome,controls,accuracy,zero,11400,0.66,0.029720924166878347,0.615,0.705,6,"1000,1001,1002,1003,1004,1005",77000,200,True
even-palindrome,controls,accuracy,zero,11600,0.665,0.03354101966249685,0.62,0.725,6,"1000,1001,1002,1003,1004,1005",77000,200,True
even-palindrome,controls,accuracy,zero,11800,0.6666666666666666,0.028087165910587845,0.64,0.71,6,"1000,1001,1002,1003,1004,1005",77000,200,True
even-palindrome,controls,accuracy,zero,12000,0.6583333333333333,0.01598610507770908,0.64,0.685,6,"1000,1001,1002,1003,1004,1005",77000,200,True
even-palindrome,controls,accuracy,zero,12200,0.645,0.016583123951777013,0.62,0.675,6,"1000,1001,1002,1003,1004,1005",77000,200,True
even-palindrome,controls,accuracy,zero,12400,0.6591666666666667,0.03941411196795154,0.615,0.715,6,"1000,1001,1002,1003,1004,1005",77000,200,True
even-palindrome,controls,accuracy,zero,12600,0.6491666666666666,0.03167762968124705,0.595,0.685,6,"1000,1001,1002,1003,1004,1005",77000,200,True
even-palindrome,controls,accuracy,zero,12800,0.6591666666666667,0.03396280645385805,0.62,0.71,6,"1000,1001,1002,1003,1004,1005",77000,200,True
even-palindrome,controls,accuracy,zero,13000,0.6466666666666666,0.034840908267278155,0.575,0.68,6,"1000,1001,1002,1003,1004,1005",77000,200,True
even-palindrome,controls,accuracy,zero,13200,0.65,0.03763863263545405,0.6,0.715,6,"1000,1001,1002,1003,1004,1005",77000,200,True
even-palindrome,controls,accuracy,zero,13400,0.6625,0.05039427877580285,0.57,0.725,6,"1000,1001,1002,1003,1004,1005",77000,200,True
even-palindrome,controls,accuracy,zero,13600,0.6725,0.03749999999999999,0.605,0.72,6,"1000,1001,1002,1003,1004,1005",77000,200,True
even-palindrome,controls,accuracy,zero,13800,0.6333333333333333,0.03933474573735319,0.565,0.68,6,"1000,1001,1002,1003,1004,1005",77000,200,True
even-palindrome,controls,accuracy,zero,14000,0.6666666666666666,0.0579990421376844,0.585,0.73,6,"1000,1001,1002,1003,1004,1005",77000,200,True
even-palindrome,controls,accuracy,zero,14200,0.6675,0.0486269815363172,0.575,0.72,6,"1000,1001,1002,1003,1004,1005",77000,200,True
even-palindrome,controls,accuracy,zero,14400,0.6791666666666666,0.0651547303646396,0.575,0.76,6,"1000,1001,1002,1003,1004,1005",77000,200,True
even-palindrome,controls,accuracy,zero,14600,0.67,0.0505799696849784,0.585,0.75,6,"1000,1001,1002,1003,1004,1005",77000,200,True
even-palindrome,controls,accuracy,zero,14800,0.6916666666666668,0.047228757717682514,0.6,0.75,6,"1000,1001,1002,1003,1004,1005",77000,200,True
even-palindrome,controls,accuracy,zero,15000,0.6783333333333332,0.04696334267868456,0.62,0.755,6,"1000,1001,1002,1003,1004,1005",77000,200,True
even-palindrome,controls,accuracy,zero,15200,0.6866666666666666,0.05497474167490214,0.6,0.77,6,"1000,1001,1002,1003,1004,1005",77000,200,True
even-palindrome,controls,accuracy,zero,15400,0.6758333333333333,0.0485984110394111,0.595,0.74,6,"1000,1001,1002,1003,1004,1005",77000,200,True
even-palindrome,controls,accuracy,zero,15600,0.7116666666666666,0.0535153145266744,0.625,0.77,6,"1000,1001,1002,1003,1004,1005",77000,200,True
even-palindrome,controls,accuracy,zero,15800,0.705,0.055752428945592444,0.605,0.78,6,"1000,1001,1002,1003,1004,1005",77000,200,True
even-palindrome,controls,accuracy,zero,16000,0.6875,0.05055937104039171,0.625,0.755,6,"1000,1001,1002,1003,1004,1005",77000,200,True
even-palindrome,controls,accuracy,zero,16200,0.6974999999999999,0.04543768626738527,0.63,0.745,6,"1000,1001,1002,1003,1004,1005",77000,200,True
even-palindrome,controls,accuracy,zero,16400,0.6783333333333333,0.056837976349933116,0.6,0.755,6,"1000,1001,1002,1003,1004,1005",77000,200,True
even-palindrome,controls,accuracy,zero,16600,0.7141666666666667,0.06815525576864113,0.605,0.785,6,"1000,1001,1002,1003,1004,1005",77000,200,True
even-palindrome,controls,accuracy,zero,16800,0.7100000000000001,0.04890466917040403,0.66,0.79,6,"1000,1001,1002,1003,1004,1005",77000,200,True
even-palindrome,controls,accuracy,zero,17000,0.7016666666666667,0.06920179830675564,0.595,0.825,6,"1000,1001,1002,1003,1004,1005",77000,200,True
even-palindrome,controls,accuracy,zero,17200,0.6833333333333335,0.04561310727801335,0.63,0.755,6,"1000,1001,1002,1003,1004,1005",77000,200,True
even-palindrome,controls,accuracy,zero,17400,0.7158333333333333,0.05199492496602166,0.645,0.8,6,"1000,1001,1002,1003,1004,1005",77000,200,True
even-palindrome,controls,accuracy,zero,17600,0.7058333333333334,0.04755844357793425,0.615,0.765,6,"1000,1001,1002,1003,1004,1005",77000,200,True
even-palindrome,controls,accuracy,zero,17800,0.715,0.07836878630339167,0.565,0.795,6,"1000,1001,1002,1003,1004,1005",77000,200,True
even-palindrome,controls,accuracy,zero,18000,0.7158333333333333,0.05442247289085232,0.64,0.805,6,"1000,1001,1002,1003,1004,1005",77000,200,True
even-palindrome,controls,accuracy,zero,18200,0.7125,0.05942432162002357,0.635,0.795,6,"1000,1001,1002,1003,1004,1005",77000,200,True
even-palindrome,controls,accuracy,zero,18400,0.7283333333333334,0.07261006970263986,0.64,0.82,6,"1000,1001,1002,1003,1004,1005",77000,200,True
even-palindrome,controls,accuracy,zero,18600,0.735,0.07847504911329034,0.655,0.87,6,"1000,1001,1002,1003,1004,1005",77000,200,True
even-palindrome,controls,accuracy,zero,18800,0.7416666666666667,0.05257270098529169,0.68,0.805,6,"1000,1001,1002,1003,1004,1005",77000,200,True
even-palindrome,controls,accuracy,zero,19000,0.6849999999999999,0.03240370349203929,0.65,0.75,6,"1000,1001,1002,1003,1004,1005",77000,200,True
even-palindrome,controls,accuracy,zero,19200,0.7266666666666667,0.08668269082630561,0.63,0.86,6,"1000,1001,1002,1003,1004,1005",77000,200,True
even-palindrome,controls,accuracy,zero,19400,0.7508333333333334,0.05940094462398914,0.65,0.81,6,"1000,1001,1002,1003,1004,1005",77000,200,True
even-palindrome,controls,accuracy,zero,19600,0.7475,0.08759518632131943,0.63,0.89,6,"1000,1001,1002,1003,1004,1005",77000,200,True
even-palindrome,controls,accuracy,zero,19800,0.7483333333333334,0.07956478841520007,0.62,0.85,6,"1000,1001,1002,1003,1004,1005",77000,200,True
even-palindrome,controls,accuracy,zero,20000,0.7733333333333334,0.07898663740715191,0.655,0.875,6,"1000,1001,1002,1003,1004,1005",77000,200,True
even-palindrome,controls,accuracy,zero,20200,0.7616666666666667,0.08229351263752338,0.665,0.865,6,"1000,1001,1002,1003,1004,1005",77000,200,True
even-palindrome,controls,accuracy,zero,20400,0.7733333333333333,0.08891319112232761,0.665,0.92,6,"1000,1001,1002,1003,1004,1005",77000,200,True
even-palindrome,controls,accuracy,zero,20600,0.7374999999999999,0.057427490513400174,0.685,0.83,6,"1000,1001,1002,1003,1004,1005",77000,200,True
even-palindrome,controls,accuracy,zero,20800,0.75,0.07593857166596346,0.635,0.88,6,"1000,1001,1002,1003,1004,1005",77000,200,True
even-palindrome,controls,accuracy,zero,21000,0.7450000000000001,0.08051914886120774,0.67,0.89,6,"1000,1001,1002,1003,1004,1005",77000,200,True
even-palindrome,controls,accuracy,zero,21200,0.7725000000000001,0.09525185912446364,0.665,0.915,6,"1000,1001,1002,1003,1004,1005",77000,200,True
even-palindrome,controls,accuracy,zero,21400,0.7558333333333334,0.08388566954823427,0.645,0.91,6,"1000,1001,1002,1003,1004,1005",77000,200,True
even-palindrome,controls,accuracy,zero,21600,0.765,0.09442810316143531,0.635,0.93,6,"1000,1001,1002,1003,1004,1005",77000,200,True
even-palindrome,controls,accuracy,zero,21800,0.7441666666666666,0.0762898347677388,0.64,0.87,6,"1000,1001,1002,1003,1004,1005",77000,200,True
even-palindrome,controls,accuracy,zero,22000,0.7525000000000001,0.08877640452282352,0.675,0.925,6,"1000,1001,1002,1003,1004,1005",77000,200,True
even-palindrome,controls,accuracy,zero,22200,0.7741666666666666,0.08964823230580485,0.68,0.9,6,"1000,1001,1002,1003,1004,1005",77000,200,True
even-palindrome,controls,accuracy,zero,22400,0.7641666666666667,0.11080826784235108,0.655,0.94,6,"1000,1001,1002,1003,1004,1005",77000,200,True
even-palindrome,controls,accuracy,zero,22600,0.8108333333333334,0.08253366316573837,0.725,0.935,6,"1000,1001,1002,1003,1004,1005",77000,200,True
even-palindrome,controls,accuracy,zero,22800,0.8091666666666667,0.12404356313632542,0.645,0.97,6,"1000,1001,1002,1003,1004,1005",77000,200,True
even-palindrome,controls,accuracy,zero,23000,0.7816666666666666,0.07419943096517358,0.72,0.935,6,"1000,1001,1002,1003,1004,1005",77000,200,True
even-palindrome,controls,accuracy,zero,23200,0.7916666666666666,0.10192589900947105,0.69,0.96,6,"1000,1001,1002,1003,1004,1005",77000,200,True
even-palindrome,controls,accuracy,zero,23400,0.8075000000000001,0.0925,0.715,0.945,6,"1000,1001,1002,1003,1004,1005",77000,200,True
even-palindrome,controls,accuracy,zero,23600,0.8241666666666667,0.08715009402685053,0.7,0.94,6,"1000,1001,1002,1003,1004,1005",77000,200,True
even-palindrome,controls,accuracy,zero,23800,0.8158333333333333,0.09567378022333091,0.69,0.95,6,"1000,1001,1002,1003,1004,1005",77000,200,True
even-palindrome,controls,accuracy,zero,24000,0.8275,0.0973289097168291,0.69,0.965,6,"1000,1001,1002,1003,1004,1005",77000,200,True
even-palindrome,controls,accuracy,zero,24200,0.7958333333333334,0.13333593747456918,0.63,0.98,6,"1000,1001,1002,1003,1004,1005",77000,200,True
even-palindrome,controls,accuracy,zero,24400,0.8033333333333333,0.1197450996445737,0.67,0.945,6,"1000,1001,1002,1003,1004,1005",77000,200,True
even-palindrome,controls,accuracy,zero,24600,0.7541666666666668,0.11296816168972372,0.59,0.915,6,"1000,1001,1002,1003,1004,1005",77000,200,True
even-palindrome,controls,accuracy,zero,24800,0.7983333333333335,0.08153049872423337,0.715,0.945,6,"1000,1001,1002,1003,1004,1005",77000,200,True
even-palindrome,controls,accuracy,zero,25000,0.7991666666666668,0.105452069154137,0.655,0.935,6,"1000,1001,1002,1003,1004,1005",77000,200,True
even-palindrome,controls,accuracy,zero,25200,0.8175,0.13275133395437752,0.635,0.985,6,"1000,1001,1002,1003,1004,1005",77000,200,True
even-palindrome,controls,accuracy,zero,25400,0.8291666666666666,0.09020424355625159,0.74,0.97,6,"1000,1001,1002,1003,1004,1005",77000,200,True
even-palindrome,controls,accuracy,zero,25600,0.7949999999999999,0.13009611831257686,0.635,0.975,6,"1000,1001,1002,1003,1004,1005",77000,200,True
even-palindrome,controls,accuracy,zero,25800,0.8233333333333333,0.10918892902772798,0.685,0.975,6,"1000,1001,1002,1003,1004,1005",77000,200,True
even-palindrome,controls,accuracy,zero,26000,0.7949999999999999,0.1264252084567525,0.67,0.965,6,"1000,1001,1002,1003,1004,1005",77000,200,True
even-palindrome,controls,accuracy,zero,26200,0.8349999999999999,0.10460242189675469,0.725,0.98,6,"1000,1001,1002,1003,1004,1005",77000,200,True
even-palindrome,controls,accuracy,zero,26400,0.8383333333333333,0.09749643868139778,0.73,0.99,6,"1000,1001,1002,1003,1004,1005",77000,200,True
even-palindrome,controls,accuracy,zero,26600,0.8333333333333334,0.11145502331533659,0.72,0.985,6,"1000,1001,1002,1003,1004,1005",77000,200,True
even-palindrome,controls,accuracy,zero,26800,0.8325,0.08840013197576875,0.735,0.99,6,"1000,1001,1002,1003,1004,1005",77000,200,True
even-palindrome,controls,accuracy,zero,27000,0.8241666666666667,0.09216907772614896,0.7,0.965,6,"1000,1001,1002,1003,1004,1005",77000,200,True
even-palindrome,controls,accuracy,zero,27200,0.8024999999999999,0.0944170711965444,0.7,0.98,6,"1000,1001,1002,1003,1004,1005",77000,200,True
even-palindrome,controls,accuracy,zero,27400,0.8150000000000001,0.07653975002136691,0.735,0.935,6,"1000,1001,1002,1003,1004,1005",77000,200,True
even-palindrome,controls,accuracy,zero,27600,0.8216666666666667,0.09559753599799992,0.72,0.99,6,"1000,1001,1002,1003,1004,1005",77000,200,True
even-palindrome,controls,accuracy,zero,27800,0.8408333333333333,0.06924694136847408,0.77,0.965,6,"1000,1001,1002,1003,1004,1005",77000,200,True
even-palindrome,controls,accuracy,zero,28000,0.8224999999999999,0.08663861725581729,0.695,0.95,6,"1000,1001,1002,1003,1004,1005",77000,200,True
even-palindrome,controls,accuracy,zero,28200,0.8275,0.0831038506929733,0.74,0.965,6,"1000,1001,1002,1003,1004,1005",77000,200,True
even-palindrome,controls,accuracy,zero,28400,0.8125,0.10379266191146012,0.68,0.985,6,"1000,1001,1002,1003,1004,1005",77000,200,True
even-palindrome,controls,accuracy,zero,28600,0.8366666666666666,0.08158158833680278,0.735,0.975,6,"1000,1001,1002,1003,1004,1005",77000,200,True
even-palindrome,controls,accuracy,zero,28800,0.8183333333333332,0.10945572417902848,0.71,0.985,6,"1000,1001,1002,1003,1004,1005",77000,200,True
even-palindrome,controls,accuracy,zero,29000,0.8233333333333334,0.07459148000200083,0.735,0.925,6,"1000,1001,1002,1003,1004,1005",77000,200,True
even-palindrome,controls,accuracy,zero,29200,0.8250000000000002,0.09438396756511848,0.705,0.99,6,"1000,1001,1002,1003,1004,1005",77000,200,True
even-palindrome,controls,accuracy,zero,29400,0.8333333333333334,0.09762456430404981,0.715,0.96,6,"1000,1001,1002,1003,1004,1005",77000,200,True
even-palindrome,controls,accuracy,zero,29600,0.8558333333333333,0.08090203266228166,0.76,0.99,6,"1000,1001,1002,1003,1004,1005",77000,200,True
even-palindrome,controls,accuracy,zero,29800,0.85,0.09264628073124866,0.695,0.99,6,"1000,1001,1002,1003,1004,1005",77000,200,True
even-palindrome,controls,accuracy,zero,30000,0.8458333333333333,0.07546614399112286,0.73,0.985,6,"1000,1001,1002,1003,1004,1005",77000,200,True
even-palindrome,controls,accuracy,zero,30200,0.8608333333333333,0.06948720905477655,0.755,0.97,6,"1000,1001,1002,1003,1004,1005",77000,200,True
even-palindrome,controls,accuracy,zero,30400,0.8425000000000001,0.0963824845775068,0.715,1.0,6,"1000,1001,1002,1003,1004,1005",77000,200,True
even-palindrome,controls,accuracy,zero,30600,0.85,0.09349688051837166,0.74,0.99,6,"1000,1001,1002,1003,1004,1005",77000,200,True
even-palindrome,controls,accuracy,zero,30800,0.8516666666666667,0.08389808632435478,0.72,0.96,6,"1000,1001,1002,1003,1004,1005",77000,200,True
even-palindrome,controls,accuracy,zero,31000,0.85,0.10388294694831614,0.72,0.99,6,"1000,1001,1002,1003,1004,1005",77000,200,True
even-palindrome,controls,accuracy,zero,31200,0.8833333333333333,0.08763877883423271,0.75,1.0,6,"1000,1001,1002,1003,1004,1005",77000,200,True
even-palindrome,controls,accuracy,zero,31400,0.8725,0.07504165509901815,0.765,0.975,6,"1000,1001,1002,1003,1004,1005",77000,200,True
even-palindrome,controls,accuracy,zero,31600,0.8775000000000001,0.05720941064778297,0.805,0.96,6,"1000,1001,1002,1003,1004,1005",77000,200,True
even-palindrome,controls,accuracy,zero,31800,0.9016666666666667,0.07033649282003063,0.8,0.995,6,"1000,1001,1002,1003,1004,1005",77000,200,True
even-palindrome,controls,accuracy,zero,32000,0.8808333333333334,0.07737445027627371,0.8,0.98,6,"1000,1001,1002,1003,1004,1005",77000,200,True
even-palindrome,controls,accuracy,zero,32200,0.8624999999999999,0.10258126859552216,0.685,0.99,6,"1000,1001,1002,1003,1004,1005",77000,200,True
even-palindrome,controls,accuracy,zero,32400,0.8566666666666668,0.08439325934114776,0.75,0.985,6,"1000,1001,1002,1003,1004,1005",77000,200,True
even-palindrome,controls,accuracy,zero,32600,0.8858333333333333,0.08810110984292739,0.745,1.0,6,"1000,1001,1002,1003,1004,1005",77000,200,True
even-palindrome,controls,accuracy,zero,32800,0.8866666666666667,0.06580695674133208,0.81,0.975,6,"1000,1001,1002,1003,1004,1005",77000,200,True
even-palindrome,controls,accuracy,zero,33000,0.8608333333333332,0.09270997189563208,0.695,0.98,6,"1000,1001,1002,1003,1004,1005",77000,200,True
even-palindrome,controls,accuracy,zero,33200,0.8991666666666668,0.059541068926320814,0.81,0.975,6,"1000,1001,1002,1003,1004,1005",77000,200,True
even-palindrome,controls,accuracy,zero,33400,0.8891666666666667,0.09107765307082133,0.71,0.985,6,"1000,1001,1002,1003,1004,1005",77000,200,True
even-palindrome,controls,accuracy,zero,33600,0.8766666666666666,0.09086008780292673,0.715,0.99,6,"1000,1001,1002,1003,1004,1005",77000,200,True
even-palindrome,controls,accuracy,zero,33800,0.9074999999999999,0.05829165177507554,0.815,0.99,6,"1000,1001,1002,1003,1004,1005",77000,200,True
even-palindrome,controls,accuracy,zero,34000,0.9008333333333333,0.08423264740520085,0.765,0.995,6,"1000,1001,1002,1003,1004,1005",77000,200,True
even-palindrome,controls,accuracy,zero,34200,0.9083333333333333,0.06497862896539311,0.82,1.0,6,"1000,1001,1002,1003,1004,1005",77000,200,True
even-palindrome,controls,accuracy,zero,34400,0.8941666666666667,0.09020424355625159,0.745,0.995,6,"1000,1001,1002,1003,1004,1005",77000,200,True
even-palindrome,controls,accuracy,zero,34600,0.8858333333333334,0.1044196926935826,0.695,0.995,6,"1000,1001,1002,1003,1004,1005",77000,200,True
even-palindrome,controls,accuracy,zero,34800,0.8891666666666668,0.10228296806191904,0.68,0.985,6,"1000,1001,1002,1003,1004,1005",77000,200,True
even-palindrome,controls,accuracy,zero,35000,0.8791666666666664,0.0853627878853283,0.74,0.99,6,"1000,1001,1002,1003,1004,1005",77000,200,True
even-palindrome,controls,accuracy,zero,35200,0.8758333333333335,0.10026700465368567,0.71,0.99,6,"1000,1001,1002,1003,1004,1005",77000,200,True
even-palindrome,controls,accuracy,zero,35400,0.9033333333333333,0.07220726340811488,0.81,0.99,6,"1000,1001,1002,1003,1004,1005",77000,200,True
even-palindrome,controls,accuracy,zero,35600,0.915,0.06429100507328635,0.8,0.985,6,"1000,1001,1002,1003,1004,1005",77000,200,True
even-palindrome,controls,accuracy,zero,35800,0.8991666666666666,0.07032168149929927,0.81,0.995,6,"1000,1001,1002,1003,1004,1005",77000,200,True
even-palindrome,controls,accuracy,zero,36000,0.8925,0.09707170888918495,0.725,1.0,6,"1000,1001,1002,1003,1004,1005",77000,200,True
even-palindrome,controls,accuracy,zero,36200,0.9266666666666667,0.06282692274990256,0.835,1.0,6,"1000,1001,1002,1003,1004,1005",77000,200,True
even-palindrome,controls,accuracy,zero,36400,0.8833333333333333,0.08663460945578018,0.74,1.0,6,"1000,1001,1002,1003,1004,1005",77000,200,True
even-palindrome,controls,accuracy,zero,36600,0.9116666666666666,0.04496912521077347,0.86,0.995,6,"1000,1001,1002,1003,1004,1005",77000,200,True
even-palindrome,controls,accuracy,zero,36800,0.9233333333333333,0.0528887721754081,0.84,0.995,6,"1000,1001,1002,1003,1004,1005",77000,200,True
even-palindrome,controls,accuracy,zero,37000,0.9325000000000001,0.05871896343317605,0.835,1.0,6,"1000,1001,1002,1003,1004,1005",77000,200,True
even-palindrome,controls,accuracy,zero,37200,0.93,0.05172040216394299,0.855,0.99,6,"1000,1001,1002,1003,1004,1005",77000,200,True
even-palindrome,controls,accuracy,zero,37400,0.9266666666666666,0.061756691045496324,0.81,0.99,6,"1000,1001,1002,1003,1004,1005",77000,200,True
even-palindrome,controls,accuracy,zero,37600,0.9316666666666666,0.05756638679723514,0.85,0.995,6,"1000,1001,1002,1003,1004,1005",77000,200,True
even-palindrome,controls,accuracy,zero,37800,0.9416666666666665,0.05785518319236595,0.835,1.0,6,"1000,1001,1002,1003,1004,1005",77000,200,True
even-palindrome,controls,accuracy,zero,38000,0.9433333333333334,0.041197356981027576,0.87,0.995,6,"1000,1001,1002,1003,1004,1005",77000,200,True
even-palindrome,controls,accuracy,zero,38200,0.9541666666666666,0.04025094891911106,0.9,1.0,6,"1000,1001,1002,1003,1004,1005",77000,200,True
even-palindrome,controls,accuracy,zero,38400,0.9225,0.0617623132122926,0.85,1.0,6,"1000,1001,1002,1003,1004,1005",77000,200,True
even-palindrome,controls,accuracy,zero,38600,0.9391666666666668,0.03930825471690251,0.875,0.99,6,"1000,1001,1002,1003,1004,1005",77000,200,True
even-palindrome,controls,accuracy,zero,38800,0.9258333333333333,0.06214342729167387,0.835,0.99,6,"1000,1001,1002,1003,1004,1005",77000,200,True
even-palindrome,controls,accuracy,zero,39000,0.9041666666666667,0.1430447676622796,0.59,0.995,6,"1000,1001,1002,1003,1004,1005",77000,200,True
even-palindrome,controls,accuracy,zero,39200,0.9091666666666667,0.11054473704744558,0.67,0.995,6,"1000,1001,1002,1003,1004,1005",77000,200,True
even-palindrome,controls,accuracy,zero,39400,0.93,0.06396613687465164,0.83,1.0,6,"1000,1001,1002,1003,1004,1005",77000,200,True
even-palindrome,controls,accuracy,zero,39600,0.9466666666666667,0.04317277948996205,0.885,0.995,6,"1000,1001,1002,1003,1004,1005",77000,200,True
even-palindrome,controls,accuracy,zero,39800,0.9508333333333332,0.0337165472069065,0.9,0.995,6,"1000,1001,1002,1003,1004,1005",77000,200,True
even-palindrome,controls,accuracy,zero,40000,0.9550000000000001,0.03291402943021914,0.905,0.99,6,"1000,1001,1002,1003,1004,1005",77000,200,True
even-palindrome,controls,accuracy,zero,40200,0.9583333333333334,0.028235123910162346,0.9,0.985,6,"1000,1001,1002,1003,1004,1005",77000,200,True
even-palindrome,controls,accuracy,zero,40400,0.9525,0.036827299656640576,0.9,1.0,6,"1000,1001,1002,1003,1004,1005",77000,200,True
even-palindrome,controls,accuracy,zero,40600,0.9508333333333333,0.030743111242827855,0.89,0.99,6,"1000,1001,1002,1003,1004,1005",77000,200,True
even-palindrome,controls,accuracy,zero,40800,0.9525,0.04028543988423939,0.895,1.0,6,"1000,1001,1002,1003,1004,1005",77000,200,True
even-palindrome,controls,accuracy,zero,41000,0.9483333333333334,0.037043517951488095,0.89,0.985,6,"1000,1001,1002,1003,1004,1005",77000,200,True
even-palindrome,controls,accuracy,zero,41200,0.9666666666666667,0.03681787005729086,0.895,1.0,6,"1000,1001,1002,1003,1004,1005",77000,200,True
even-palindrome,controls,accuracy,zero,41400,0.9725,0.017017148213885128,0.95,1.0,6,"1000,1001,1002,1003,1004,1005",77000,200,True
even-palindrome,controls,accuracy,zero,41600,0.9533333333333333,0.02477678124553083,0.91,0.985,6,"1000,1001,1002,1003,1004,1005",77000,200,True
even-palindrome,controls,accuracy,zero,41800,0.9016666666666667,0.14464515969164754,0.585,1.0,6,"1000,1001,1002,1003,1004,1005",77000,200,True
even-palindrome,controls,accuracy,zero,42000,0.8958333333333335,0.14310301262455039,0.585,1.0,6,"1000,1001,1002,1003,1004,1005",77000,200,True
even-palindrome,controls,accuracy,zero,42200,0.9191666666666666,0.10001735960433181,0.7,0.995,6,"1000,1001,1002,1003,1004,1005",77000,200,True
even-palindrome,controls,accuracy,zero,42400,0.9224999999999999,0.09507672340448704,0.715,1.0,6,"1000,1001,1002,1003,1004,1005",77000,200,True
even-palindrome,controls,accuracy,zero,42600,0.9416666666666665,0.06426939828219615,0.815,0.995,6,"1000,1001,1002,1003,1004,1005",77000,200,True
even-palindrome,controls,accuracy,zero,42800,0.9616666666666668,0.03144660377352201,0.905,0.995,6,"1000,1001,1002,1003,1004,1005",77000,200,True
even-palindrome,controls,accuracy,zero,43000,0.9616666666666666,0.03448026810929533,0.89,0.995,6,"1000,1001,1002,1003,1004,1005",77000,200,True
even-palindrome,controls,accuracy,zero,43200,0.9516666666666665,0.04139914116124739,0.885,1.0,6,"1000,1001,1002,1003,1004,1005",77000,200,True
even-palindrome,controls,accuracy,zero,43400,0.9425,0.04356508540869244,0.855,0.985,6,"1000,1001,1002,1003,1004,1005",77000,200,True
even-palindrome,controls,accuracy,zero,43600,0.9641666666666667,0.021294887231967725,0.935,0.995,6,"1000,1001,1002,1003,1004,1005",77000,200,True
even-palindrome,controls,accuracy,zero,43800,0.9699999999999999,0.01825741858350552,0.935,0.995,6,"1000,1001,1002,1003,1004,1005",77000,200,True
even-palindrome,controls,accuracy,zero,44000,0.9625,0.028831406486676966,0.92,0.995,6,"1000,1001,1002,1003,1004,1005",77000,200,True
even-palindrome,controls,accuracy,zero,44200,0.9666666666666667,0.020344259359556156,0.93,0.985,6,"1000,1001,1002,1003,1004,1005",77000,200,True
even-palindrome,controls,accuracy,zero,44400,0.9741666666666666,0.035404409643746665,0.9,1.0,6,"1000,1001,1002,1003,1004,1005",77000,200,True
even-palindrome,controls,accuracy,zero,44600,0.9641666666666667,0.04448002048360839,0.87,1.0,6,"1000,1001,1002,1003,1004,1005",77000,200,True
even-palindrome,controls,accuracy,zero,44800,0.9641666666666667,0.02008661798865657,0.935,0.995,6,"1000,1001,1002,1003,1004,1005",77000,200,True
even-palindrome,controls,accuracy,zero,45000,0.9541666666666667,0.03528652559956686,0.905,0.99,6,"1000,1001,1002,1003,1004,1005",77000,200,True
even-palindrome,controls,accuracy,zero,45200,0.9758333333333332,0.01335934961823451,0.955,0.995,6,"1000,1001,1002,1003,1004,1005",77000,200,True
even-palindrome,controls,accuracy,zero,45400,0.9766666666666666,0.02624669291337269,0.92,0.995,6,"1000,1001,1002,1003,1004,1005",77000,200,True
even-palindrome,controls,accuracy,zero,45600,0.9591666666666666,0.03768473018198337,0.885,0.995,6,"1000,1001,1002,1003,1004,1005",77000,200,True
even-palindrome,controls,accuracy,zero,45800,0.9708333333333333,0.02834558558615824,0.92,0.995,6,"1000,1001,1002,1003,1004,1005",77000,200,True
even-palindrome,controls,accuracy,zero,46000,0.9658333333333333,0.028345585586158222,0.925,0.995,6,"1000,1001,1002,1003,1004,1005",77000,200,True
even-palindrome,controls,accuracy,zero,46200,0.9708333333333332,0.016687486995417337,0.95,1.0,6,"1000,1001,1002,1003,1004,1005",77000,200,True
even-palindrome,controls,accuracy,zero,46400,0.9816666666666666,0.011785113019775802,0.96,1.0,6,"1000,1001,1002,1003,1004,1005",77000,200,True
even-palindrome,controls,accuracy,zero,46600,0.9716666666666666,0.026087459737497536,0.92,1.0,6,"1000,1001,1002,1003,1004,1005",77000,200,True
even-palindrome,controls,accuracy,zero,46800,0.9716666666666667,0.013123346456686365,0.945,0.985,6,"1000,1001,1002,1003,1004,1005",77000,200,True
even-palindrome,controls,accuracy,zero,47000,0.9758333333333334,0.020497289793748052,0.935,1.0,6,"1000,1001,1002,1003,1004,1005",77000,200,True
even-palindrome,controls,accuracy,zero,47200,0.9766666666666667,0.021343747458109474,0.93,0.995,6,"1000,1001,1002,1003,1004,1005",77000,200,True
even-palindrome,controls,accuracy,zero,47400,0.9683333333333333,0.03858612300930075,0.885,1.0,6,"1000,1001,1002,1003,1004,1005",77000,200,True
even-palindrome,controls,accuracy,zero,47600,0.9708333333333333,0.03621885635350121,0.895,1.0,6,"1000,1001,1002,1003,1004,1005",77000,200,True
even-palindrome,controls,accuracy,zero,47800,0.9708333333333333,0.020497289793748055,0.93,0.99,6,"1000,1001,1002,1003,1004,1005",77000,200,True
even-palindrome,controls,accuracy,zero,48000,0.9783333333333335,0.027182510717166798,0.92,1.0,6,"1000,1001,1002,1003,1004,1005",77000,200,True
even-palindrome,controls,accuracy,zero,48200,0.9700000000000001,0.01892969448600089,0.93,0.985,6,"1000,1001,1002,1003,1004,1005",77000,200,True
even-palindrome,controls,accuracy,zero,48400,0.9808333333333333,0.013667682889047282,0.955,0.995,6,"1000,1001,1002,1003,1004,1005",77000,200,True
even-palindrome,controls,accuracy,zero,48600,0.9691666666666666,0.030057814661452374,0.905,1.0,6,"1000,1001,1002,1003,1004,1005",77000,200,True
even-palindrome,controls,accuracy,zero,48800,0.9783333333333334,0.020138409955990973,0.94,1.0,6,"1000,1001,1002,1003,1004,1005",77000,200,True
even-palindrome,controls,accuracy,zero,49000,0.9783333333333334,0.01907587190376601,0.95,1.0,6,"1000,1001,1002,1003,1004,1005",77000,200,True
even-palindrome,controls,accuracy,zero,49200,0.9824999999999999,0.018652524404666176,0.95,1.0,6,"1000,1001,1002,1003,1004,1005",77000,200,True
even-palindrome,controls,accuracy,zero,49400,0.9699999999999999,0.014433756729740658,0.945,0.99,6,"1000,1001,1002,1003,1004,1005",77000,200,True
even-palindrome,controls,accuracy,zero,49600,0.9808333333333333,0.019878100736460954,0.945,1.0,6,"1000,1001,1002,1003,1004,1005",77000,200,True
even-palindrome,controls,accuracy,zero,49800,0.9666666666666667,0.03287180487219336,0.9,1.0,6,"1000,1001,1002,1003,1004,1005",77000,200,True
even-palindrome,controls,accuracy,zero,50000,0.9816666666666668,0.024094720491334917,0.93,1.0,6,"1000,1001,1002,1003,1004,1005",77000,200,True
even-palindrome,controls,accuracy,zero,50200,0.9841666666666667,0.019878100736460954,0.94,0.995,6,"1000,1001,1002,1003,1004,1005",77000,200,True
even-palindrome,controls,accuracy,zero,50400,0.9891666666666667,0.016180406532456344,0.955,1.0,6,"1000,1001,1002,1003,1004,1005",77000,200,True
even-palindrome,controls,accuracy,zero,50600,0.98,0.021408720964441862,0.935,1.0,6,"1000,1001,1002,1003,1004,1005",77000,200,True
even-palindrome,controls,accuracy,zero,50800,0.9816666666666668,0.019507833184532728,0.94,1.0,6,"1000,1001,1002,1003,1004,1005",77000,200,True
even-palindrome,controls,accuracy,zero,51000,0.9700000000000001,0.025166114784235822,0.925,1.0,6,"1000,1001,1002,1003,1004,1005",77000,200,True
even-palindrome,controls,accuracy,zero,51200,0.98,0.016329931618554536,0.955,1.0,6,"1000,1001,1002,1003,1004,1005",77000,200,True
even-palindrome,controls,accuracy,zero,51400,0.9816666666666666,0.016499158227686123,0.95,1.0,6,"1000,1001,1002,1003,1004,1005",77000,200,True
even-palindrome,controls,accuracy,zero,51600,0.9866666666666667,0.01343709624716426,0.96,1.0,6,"1000,1001,1002,1003,1004,1005",77000,200,True
even-palindrome,controls,accuracy,zero,51800,0.9758333333333332,0.027297232256931987,0.92,1.0,6,"1000,1001,1002,1003,1004,1005",77000,200,True
even-palindrome,controls,accuracy,zero,52000,0.9699999999999999,0.02198484326378822,0.945,1.0,6,"1000,1001,1002,1003,1004,1005",77000,200,True
even-palindrome,controls,accuracy,zero,52200,0.9824999999999999,0.02673169155390905,0.925,1.0,6,"1000,1001,1002,1003,1004,1005",77000,200,True
even-palindrome,controls,accuracy,zero,52400,0.9808333333333334,0.03245723682358406,0.91,1.0,6,"1000,1001,1002,1003,1004,1005",77000,200,True
even-palindrome,controls,accuracy,zero,52600,0.9725000000000001,0.02410912690248237,0.92,0.99,6,"1000,1001,1002,1003,1004,1005",77000,200,True
even-palindrome,controls,accuracy,zero,52800,0.9808333333333333,0.026365486699260605,0.925,1.0,6,"1000,1001,1002,1003,1004,1005",77000,200,True
even-palindrome,controls,accuracy,zero,53000,0.9825,0.023760962382305406,0.93,1.0,6,"1000,1001,1002,1003,1004,1005",77000,200,True
even-palindrome,controls,accuracy,zero,53200,0.9775,0.024958298553119918,0.94,1.0,6,"1000,1001,1002,1003,1004,1005",77000,200,True
even-palindrome,controls,accuracy,zero,53400,0.98,0.01914854215512678,0.94,1.0,6,"1000,1001,1002,1003,1004,1005",77000,200,True
even-palindrome,controls,accuracy,zero,53600,0.985,0.02483277404291888,0.93,1.0,6,"1000,1001,1002,1003,1004,1005",77000,200,True
even-palindrome,controls,accuracy,zero,53800,0.9816666666666668,0.021343747458109474,0.935,0.995,6,"1000,1001,1002,1003,1004,1005",77000,200,True
even-palindrome,controls,accuracy,zero,54000,0.9866666666666667,0.021538079972200162,0.94,1.0,6,"1000,1001,1002,1003,1004,1005",77000,200,True
even-palindrome,controls,accuracy,zero,54200,0.9858333333333333,0.018577914008006645,0.945,1.0,6,"1000,1001,1002,1003,1004,1005",77000,200,True
even-palindrome,controls,accuracy,zero,54400,0.9816666666666666,0.013123346456686363,0.96,1.0,6,"1000,1001,1002,1003,1004,1005",77000,200,True
even-palindrome,controls,accuracy,zero,54600,0.9833333333333334,0.009860132971832702,0.97,1.0,6,"1000,1001,1002,1003,1004,1005",77000,200,True
even-palindrome,controls,accuracy,zero,54800,0.9841666666666667,0.017658016750347588,0.95,1.0,6,"1000,1001,1002,1003,1004,1005",77000,200,True
even-palindrome,controls,accuracy,zero,55000,0.9841666666666667,0.02069957058062372,0.94,1.0,6,"1000,1001,1002,1003,1004,1005",77000,200,True
even-palindrome,controls,accuracy,zero,55200,0.9800000000000001,0.02309401076758501,0.93,1.0,6,"1000,1001,1002,1003,1004,1005",77000,200,True
even-palindrome,controls,accuracy,zero,55400,0.9824999999999999,0.019737865470545034,0.94,1.0,6,"1000,1001,1002,1003,1004,1005",77000,200,True
even-palindrome,controls,accuracy,zero,55600,0.9758333333333334,0.023348209543536485,0.93,1.0,6,"1000,1001,1002,1003,1004,1005",77000,200,True
even-palindrome,controls,accuracy,zero,55800,0.9791666666666666,0.023877581303157324,0.93,1.0,6,"1000,1001,1002,1003,1004,1005",77000,200,True
even-palindrome,controls,accuracy,zero,56000,0.9858333333333333,0.016687486995417333,0.95,1.0,6,"1000,1001,1002,1003,1004,1005",77000,200,True
even-palindrome,controls,accuracy,zero,56200,0.985,0.021213203435596448,0.94,1.0,6,"1000,1001,1002,1003,1004,1005",77000,200,True
even-palindrome,controls,accuracy,zero,56400,0.9841666666666667,0.018577914008006645,0.945,1.0,6,"1000,1001,1002,1003,1004,1005",77000,200,True
even-palindrome,controls,accuracy,zero,56600,0.975,0.015000000000000013,0.945,0.995,6,"1000,1001,1002,1003,1004,1005",77000,200,True
even-palindrome,controls,accuracy,zero,56800,0.9733333333333333,0.027788886667555083,0.935,1.0,6,"1000,1001,1002,1003,1004,1005",77000,200,True
even-palindrome,controls,accuracy,zero,57000,0.9799999999999999,0.017320508075688787,0.95,1.0,6,"1000,1001,1002,1003,1004,1005",77000,200,True
even-palindrome,controls,accuracy,zero,57200,0.9841666666666667,0.015656911856713293,0.955,1.0,6,"1000,1001,1002,1003,1004,1005",77000,200,True
even-palindrome,controls,accuracy,zero,57400,0.9841666666666667,0.026679684322636857,0.925,1.0,6,"1000,1001,1002,1003,1004,1005",77000,200,True
even-palindrome,controls,accuracy,zero,57600,0.9841666666666667,0.02089989367330744,0.94,1.0,6,"1000,1001,1002,1003,1004,1005",77000,200,True
even-palindrome,controls,accuracy,zero,57800,0.9816666666666666,0.025927248643506724,0.925,1.0,6,"1000,1001,1002,1003,1004,1005",77000,200,True
even-palindrome,controls,accuracy,zero,58000,0.9883333333333333,0.01433720877840439,0.96,1.0,6,"1000,1001,1002,1003,1004,1005",77000,200,True
even-palindrome,controls,accuracy,zero,58200,0.98,0.019364916731037102,0.94,1.0,6,"1000,1001,1002,1003,1004,1005",77000,200,True
even-palindrome,controls,accuracy,zero,58400,0.9816666666666668,0.023570226039551567,0.93,1.0,6,"1000,1001,1002,1003,1004,1005",77000,200,True
even-palindrome,controls,accuracy,zero,58600,0.98,0.02565800719723441,0.935,1.0,6,"1000,1001,1002,1003,1004,1005",77000,200,True
even-palindrome,controls,accuracy,zero,58800,0.9925,0.008539125638299673,0.975,1.0,6,"1000,1001,1002,1003,1004,1005",77000,200,True
even-palindrome,controls,accuracy,zero,59000,0.9825,0.01931105037709413,0.94,0.995,6,"1000,1001,1002,1003,1004,1005",77000,200,True
even-palindrome,controls,accuracy,zero,59200,0.9816666666666668,0.020138409955990973,0.955,1.0,6,"1000,1001,1002,1003,1004,1005",77000,200,True
even-palindrome,controls,accuracy,zero,59400,0.9766666666666667,0.04997221450188317,0.865,1.0,6,"1000,1001,1002,1003,1004,1005",77000,200,True
even-palindrome,controls,accuracy,zero,59600,0.9766666666666667,0.017240134054647683,0.945,1.0,6,"1000,1001,1002,1003,1004,1005",77000,200,True
even-palindrome,controls,accuracy,zero,59800,0.985,0.025658007197234402,0.93,1.0,6,"1000,1001,1002,1003,1004,1005",77000,200,True
even-palindrome,controls,accuracy,zero,60000,0.9775,0.020564937798755088,0.935,1.0,6,"1000,1001,1002,1003,1004,1005",77000,200,True
even-palindrome,controls,accuracy,zero,60200,0.975,0.024494897427831765,0.925,1.0,6,"1000,1001,1002,1003,1004,1005",77000,200,True
even-palindrome,controls,accuracy,zero,60400,0.985,0.020816659994661348,0.94,1.0,6,"1000,1001,1002,1003,1004,1005",77000,200,True
even-palindrome,controls,accuracy,zero,60600,0.9824999999999999,0.015478479684172273,0.955,1.0,6,"1000,1001,1002,1003,1004,1005",77000,200,True
even-palindrome,controls,accuracy,zero,60800,0.9858333333333333,0.019454362549881272,0.945,1.0,6,"1000,1001,1002,1003,1004,1005",77000,200,True
even-palindrome,controls,accuracy,zero,61000,0.9883333333333333,0.014624940645653551,0.96,1.0,6,"1000,1001,1002,1003,1004,1005",77000,200,True
even-palindrome,controls,accuracy,zero,61200,0.9866666666666667,0.01993043457183568,0.945,1.0,6,"1000,1001,1002,1003,1004,1005",77000,200,True
even-palindrome,controls,accuracy,zero,61400,0.98,0.023804761428476148,0.93,1.0,6,"1000,1001,1002,1003,1004,1005",77000,200,True
even-palindrome,controls,accuracy,zero,61600,0.985,0.022730302828309738,0.935,1.0,6,"1000,1001,1002,1003,1004,1005",77000,200,True
even-palindrome,controls,accuracy,zero,61800,0.9758333333333334,0.03678956675774018,0.895,1.0,6,"1000,1001,1002,1003,1004,1005",77000,200,True
even-palindrome,controls,accuracy,zero,62000,0.9866666666666667,0.019507833184532725,0.945,1.0,6,"1000,1001,1002,1003,1004,1005",77000,200,True
even-palindrome,controls,accuracy,zero,62200,0.9866666666666667,0.016996731711975965,0.95,1.0,6,"1000,1001,1002,1003,1004,1005",77000,200,True
even-palindrome,controls,accuracy,zero,62400,0.9816666666666668,0.019507833184532728,0.94,1.0,6,"1000,1001,1002,1003,1004,1005",77000,200,True
even-palindrome,controls,accuracy,zero,62600,0.9916666666666667,0.011055415967851341,0.97,1.0,6,"1000,1001,1002,1003,1004,1005",77000,200,True
even-palindrome,controls,accuracy,zero,62800,0.9866666666666667,0.01907587190376601,0.945,1.0,6,"1000,1001,1002,1003,1004,1005",77000,200,True
even-palindrome,controls,accuracy,zero,63000,0.985,0.018484227510682377,0.945,1.0,6,"1000,1001,1002,1003,1004,1005",77000,200,True
even-palindrome,controls,accuracy,zero,63200,0.9858333333333333,0.016687486995417337,0.955,1.0,6,"1000,1001,1002,1003,1004,1005",77000,200,True
even-palindrome,controls,accuracy,zero,63400,0.9866666666666667,0.016499158227686123,0.955,1.0,6,"1000,1001,1002,1003,1004,1005",77000,200,True
even-palindrome,controls,accuracy,zero,63600,0.9858333333333333,0.013667682889047284,0.965,1.0,6,"1000,1001,1002,1003,1004,1005",77000,200,True
even-palindrome,controls,accuracy,zero,63800,0.9933333333333333,0.008975274678557514,0.975,1.0,6,"1000,1001,1002,1003,1004,1005",77000,200,True
even-palindrome,controls,accuracy,zero,64000,0.9916666666666667,0.01213351648213421,0.965,1.0,6,"1000,1001,1002,1003,1004,1005",77000,200,True
even-palindrome,controls,accuracy,zero,64200,0.9841666666666667,0.013043729868748785,0.965,1.0,6,"1000,1001,1002,1003,1004,1005",77000,200,True
even-palindrome,controls,accuracy,zero,64400,0.9791666666666665,0.01169639070634851,0.97,1.0,6,"1000,1001,1002,1003,1004,1005",77000,200,True
even-palindrome,controls,accuracy,zero,64600,0.9875000000000002,0.017500000000000016,0.95,1.0,6,"1000,1001,1002,1003,1004,1005",77000,200,True
even-palindrome,controls,accuracy,zero,64800,0.9858333333333333,0.021682686385429497,0.94,1.0,6,"1000,1001,1002,1003,1004,1005",77000,200,True
even-palindrome,controls,accuracy,zero,65000,0.9874999999999999,0.01547847968417227,0.955,1.0,6,"1000,1001,1002,1003,1004,1005",77000,200,True
even-palindrome,controls,accuracy,zero,65200,0.9841666666666667,0.01335934961823451,0.96,1.0,6,"1000,1001,1002,1003,1004,1005",77000,200,True
even-palindrome,controls,accuracy,zero,65400,0.9791666666666666,0.021098314835286954,0.945,1.0,6,"1000,1001,1002,1003,1004,1005",77000,200,True
even-palindrome,controls,accuracy,zero,65600,0.9908333333333333,0.012720281268728135,0.965,1.0,6,"1000,1001,1002,1003,1004,1005",77000,200,True
even-palindrome,controls,accuracy,zero,65800,0.9858333333333333,0.012720281268728135,0.965,1.0,6,"1000,1001,1002,1003,1004,1005",77000,200,True
even-palindrome,controls,accuracy,zero,66000,0.985,0.021213203435596448,0.94,1.0,6,"1000,1001,1002,1003,1004,1005",77000,200,True
even-palindrome,controls,accuracy,zero,66200,0.9891666666666666,0.012047360245667476,0.965,1.0,6,"1000,1001,1002,1003,1004,1005",77000,200,True
even-palindrome,controls,accuracy,zero,66400,0.9916666666666667,0.016499158227686123,0.955,1.0,6,"1000,1001,1002,1003,1004,1005",77000,200,True
even-palindrome,controls,accuracy,zero,66600,0.9891666666666667,0.009753916592266364,0.97,1.0,6,"1000,1001,1002,1003,1004,1005",77000,200,True
even-palindrome,controls,accuracy,zero,66800,0.9816666666666666,0.014043582955293945,0.96,0.995,6,"1000,1001,1002,1003,1004,1005",77000,200,True
even-palindrome,controls,accuracy,zero,67000,0.9866666666666667,0.014624940645653551,0.955,0.995,6,"1000,1001,1002,1003,1004,1005",77000,200,True
even-palindrome,controls,accuracy,zero,67200,0.9925,0.008539125638299673,0.975,1.0,6,"1000,1001,1002,1003,1004,1005",77000,200,True
even-palindrome,controls,accuracy,zero,67400,0.9883333333333333,0.023921166824012186,0.935,1.0,6,"1000,1001,1002,1003,1004,1005",77000,200,True
even-palindrome,controls,accuracy,zero,67600,0.9883333333333333,0.019720265943665403,0.945,1.0,6,"1000,1001,1002,1003,1004,1005",77000,200,True
even-palindrome,controls,accuracy,zero,67800,0.9866666666666667,0.012801909579781025,0.96,1.0,6,"1000,1001,1002,1003,1004,1005",77000,200,True
even-palindrome,controls,accuracy,zero,68000,0.985,0.016072751268321604,0.955,1.0,6,"1000,1001,1002,1003,1004,1005",77000,200,True
even-palindrome,controls,accuracy,zero,68200,0.9808333333333333,0.023702437755546465,0.93,1.0,6,"1000,1001,1002,1003,1004,1005",77000,200,True
even-palindrome,controls,accuracy,zero,68400,0.9858333333333333,0.0164359024360967,0.95,1.0,6,"1000,1001,1002,1003,1004,1005",77000,200,True
even-palindrome,controls,accuracy,zero,68600,0.985,0.016832508230603477,0.95,1.0,6,"1000,1001,1002,1003,1004,1005",77000,200,True
even-palindrome,controls,accuracy,zero,68800,0.9916666666666667,0.014624940645653551,0.96,1.0,6,"1000,1001,1002,1003,1004,1005",77000,200,True
even-palindrome,controls,accuracy,zero,69000,0.9891666666666667,0.016180406532456344,0.955,1.0,6,"1000,1001,1002,1003,1004,1005",77000,200,True
even-palindrome,controls,accuracy,zero,69200,0.9866666666666667,0.021147629234082553,0.94,1.0,6,"1000,1001,1002,1003,1004,1005",77000,200,True
even-palindrome,controls,accuracy,zero,69400,0.9866666666666667,0.01993043457183568,0.945,1.0,6,"1000,1001,1002,1003,1004,1005",77000,200,True
even-palindrome,controls,accuracy,zero,69600,0.9858333333333333,0.015656911856713293,0.955,1.0,6,"1000,1001,1002,1003,1004,1005",77000,200,True
even-palindrome,controls,accuracy,zero,69800,0.9825,0.01796988221070654,0.945,1.0,6,"1000,1001,1002,1003,1004,1005",77000,200,True
even-palindrome,controls,accuracy,zero,70000,0.9925,0.01070436048222095,0.97,1.0,6,"1000,1001,1002,1003,1004,1005",77000,200,True
even-palindrome,controls,accuracy,zero,70200,0.9925,0.007500000000000007,0.98,1.0,6,"1000,1001,1002,1003,1004,1005",77000,200,True
even-palindrome,controls,accuracy,zero,70400,0.9858333333333333,0.02089989367330744,0.94,1.0,6,"1000,1001,1002,1003,1004,1005",77000,200,True
even-palindrome,controls,accuracy,zero,70600,0.9833333333333334,0.0265622957508487,0.925,1.0,6,"1000,1001,1002,1003,1004,1005",77000,200,True
even-palindrome,controls,accuracy,zero,70800,0.9841666666666665,0.016180406532456348,0.955,1.0,6,"1000,1001,1002,1003,1004,1005",77000,200,True
even-palindrome,controls,accuracy,zero,71000,0.9858333333333333,0.012047360245667478,0.96,0.995,6,"1000,1001,1002,1003,1004,1005",77000,200,True
even-palindrome,controls,accuracy,zero,71200,0.9858333333333333,0.022988523706889512,0.935,1.0,6,"1000,1001,1002,1003,1004,1005",77000,200,True
even-palindrome,controls,accuracy,zero,71400,0.9883333333333333,0.02192157739660986,0.94,1.0,6,"1000,1001,1002,1003,1004,1005",77000,200,True
even-palindrome,controls,accuracy,zero,71600,0.9883333333333333,0.017480147469502542,0.95,1.0,6,"1000,1001,1002,1003,1004,1005",77000,200,True
even-palindrome,controls,accuracy,zero,71800,0.9908333333333333,0.009753916592266362,0.975,1.0,6,"1000,1001,1002,1003,1004,1005",77000,200,True
even-palindrome,controls,accuracy,zero,72000,0.9866666666666667,0.019507833184532725,0.945,1.0,6,"1000,1001,1002,1003,1004,1005",77000,200,True
even-palindrome,controls,accuracy,zero,72200,0.9833333333333334,0.02443813049769195,0.93,1.0,6,"1000,1001,1002,1003,1004,1005",77000,200,True
even-palindrome,controls,accuracy,zero,72400,0.9925,0.012829003598617222,0.965,1.0,6,"1000,1001,1002,1003,1004,1005",77000,200,True
even-palindrome,controls,accuracy,zero,72600,0.9933333333333333,0.008498365855987981,0.975,1.0,6,"1000,1001,1002,1003,1004,1005",77000,200,True
even-palindrome,controls,accuracy,zero,72800,0.9916666666666667,0.016499158227686123,0.955,1.0,6,"1000,1001,1002,1003,1004,1005",77000,200,True
even-palindrome,controls,accuracy,zero,73000,0.9916666666666667,0.011055415967851341,0.97,1.0,6,"1000,1001,1002,1003,1004,1005",77000,200,True
even-palindrome,controls,accuracy,zero,73200,0.9925,0.0146486631927058,0.96,1.0,6,"1000,1001,1002,1003,1004,1005",77000,200,True
even-palindrome,controls,accuracy,zero,73400,0.9866666666666667,0.01907587190376601,0.945,1.0,6,"1000,1001,1002,1003,1004,1005",77000,200,True
even-palindrome,controls,accuracy,zero,73600,0.9899999999999999,0.013228756555322966,0.965,1.0,6,"1000,1001,1002,1003,1004,1005",77000,200,True
even-palindrome,controls,accuracy,zero,73800,0.9925,0.012829003598617222,0.965,1.0,6,"1000,1001,1002,1003,1004,1005",77000,200,True
even-palindrome,controls,accuracy,zero,74000,0.995,0.007071067811865482,0.98,1.0,6,"1000,1001,1002,1003,1004,1005",77000,200,True
even-palindrome,controls,accuracy,zero,74200,0.9866666666666667,0.016244657241348288,0.955,1.0,6,"1000,1001,1002,1003,1004,1005",77000,200,True
even-palindrome,controls,accuracy,zero,74400,0.9900000000000001,0.014142135623730961,0.96,1.0,6,"1000,1001,1002,1003,1004,1005",77000,200,True
even-palindrome,controls,accuracy,zero,74600,0.9883333333333334,0.008498365855987983,0.97,0.995,6,"1000,1001,1002,1003,1004,1005",77000,200,True
even-palindrome,controls,accuracy,zero,74800,0.9866666666666667,0.015184055965240513,0.955,1.0,6,"1000,1001,1002,1003,1004,1005",77000,200,True
even-palindrome,controls,accuracy,zero,75000,0.9925,0.010704360482220949,0.975,1.0,6,"1000,1001,1002,1003,1004,1005",77000,200,True
even-palindrome,controls,accuracy,zero,75200,0.9925,0.0146486631927058,0.96,1.0,6,"1000,1001,1002,1003,1004,1005",77000,200,True
even-palindrome,controls,accuracy,zero,75400,0.9933333333333333,0.008498365855987983,0.975,1.0,6,"1000,1001,1002,1003,1004,1005",77000,200,True
even-palindrome,controls,accuracy,zero,75600,0.9858333333333333,0.016687486995417333,0.95,1.0,6,"1000,1001,1002,1003,1004,1005",77000,200,True
even-palindrome,controls,accuracy,zero,75800,0.9908333333333333,0.014837078178970724,0.96,1.0,6,"1000,1001,1002,1003,1004,1005",77000,200,True
even-palindrome,controls,accuracy,zero,76000,0.9900000000000001,0.010000000000000009,0.97,1.0,6,"1000,1001,1002,1003,1004,1005",77000,200,True
even-palindrome,controls,accuracy,zero,76200,0.9866666666666667,0.023392781412696982,0.935,1.0,6,"1000,1001,1002,1003,1004,1005",77000,200,True
even-palindrome,controls,accuracy,zero,76400,0.985,0.0214087209644419,0.94,1.0,6,"1000,1001,1002,1003,1004,1005",77000,200,True
even-palindrome,controls,accuracy,zero,76600,0.9883333333333334,0.006871842709362774,0.975,0.995,6,"1000,1001,1002,1003,1004,1005",77000,200,True
even-palindrome,controls,accuracy,zero,76800,0.9858333333333333,0.025235006549544515,0.93,1.0,6,"1000,1001,1002,1003,1004,1005",77000,200,True
even-palindrome,controls,accuracy,zero,77000,0.9933333333333333,0.010671873729054758,0.97,1.0,6,"1000,1001,1002,1003,1004,1005",77000,200,True
even-palindrome,controls,accuracy,random,200,0.47000000000000003,0.015811388300841885,0.45,0.485,6,"1000,1001,1002,1003,1004,1005",77000,200,True
even-palindrome,controls,accuracy,random,400,0.47750000000000004,0.04506939094329987,0.395,0.535,6,"1000,1001,1002,1003,1004,1005",77000,200,True
even-palindrome,controls,accuracy,random,600,0.4908333333333334,0.022063670491456217,0.46,0.525,6,"1000,1001,1002,1003,1004,1005",77000,200,True
even-palindrome,controls,accuracy,random,800,0.4941666666666667,0.021682686385429497,0.47,0.525,6,"1000,1001,1002,1003,1004,1005",77000,200,True
even-palindrome,controls,accuracy,random,1000,0.47833333333333333,0.040173235977313176,0.42,0.525,6,"1000,1001,1002,1003,1004,1005",77000,200,True
even-palindrome,controls,accuracy,random,1200,0.51,0.025166114784235853,0.48,0.555,6,"1000,1001,1002,1003,1004,1005",77000,200,True
even-palindrome,controls,accuracy,random,1400,0.5299999999999999,0.018257418583505554,0.5,0.56,6,"1000,1001,1002,1003,1004,1005",77000,200,True
even-palindrome,controls,accuracy,random,1600,0.5216666666666666,0.02560381915956205,0.48,0.56,6,"1000,1001,1002,1003,1004,1005",77000,200,True
even-palindrome,controls,accuracy,random,1800,0.5508333333333334,0.04276063870222499,0.48,0.61,6,"1000,1001,1002,1003,1004,1005",77000,200,True
even-palindrome,controls,accuracy,random,2000,0.5325,0.03923752455664518,0.45,0.57,6,"1000,1001,1002,1003,1004,1005",77000,200,True
even-palindrome,controls,accuracy,random,2200,0.5549999999999999,0.043204937989385725,0.505,0.615,6,"1000,1001,1002,1003,1004,1005",77000,200,True
even-palindrome,controls,accuracy,random,2400,0.5816666666666666,0.03507927529974863,0.53,0.635,6,"1000,1001,1002,1003,1004,1005",77000,200,True
even-palindrome,controls,accuracy,random,2600,0.5525,0.024958298553119866,0.515,0.59,6,"1000,1001,1002,1003,1004,1005",77000,200,True
even-palindrome,controls,accuracy,random,2800,0.5700000000000001,0.021794494717703346,0.53,0.6,6,"1000,1001,1002,1003,1004,1005",77000,200,True
even-palindrome,controls,accuracy,random,3000,0.5516666666666666,0.03104656001699524,0.505,0.585,6,"1000,1001,1002,1003,1004,1005",77000,200,True
even-palindrome,controls,accuracy,random,3200,0.5733333333333334,0.025603819159562006,0.54,0.615,6,"1000,1001,1002,1003,1004,1005",77000,200,True
even-palindrome,controls,accuracy,random,3400,0.5625,0.023048861143232187,0.525,0.59,6,"1000,1001,1002,1003,1004,1005",77000,200,True
even-palindrome,controls,accuracy,random,3600,0.5791666666666666,0.02069957058062368,0.555,0.615,6,"1000,1001,1002,1003,1004,1005",77000,200,True
even-palindrome,controls,accuracy,random,3800,0.5483333333333333,0.026404965862924738,0.525,0.585,6,"1000,1001,1002,1003,1004,1005",77000,200,True
even-palindrome,controls,accuracy,random,4000,0.5766666666666667,0.03064129385141704,0.52,0.615,6,"1000,1001,1002,1003,1004,1005",77000,200,True
even-palindrome,controls,accuracy,random,4200,0.5625,0.021746647251166453,0.54,0.605,6,"1000,1001,1002,1003,1004,1005",77000,200,True
even-palindrome,controls,accuracy,random,4400,0.5541666666666666,0.03019611821998905,0.52,0.61,6,"1000,1001,1002,1003,1004,1005",77000,200,True
even-palindrome,controls,accuracy,random,4600,0.5766666666666667,0.02852873794770613,0.53,0.61,6,"1000,1001,1002,1003,1004,1005",77000,200,True
even-palindrome,controls,accuracy,random,4800,0.5416666666666666,0.02153807997220013,0.505,0.575,6,"1000,1001,1002,1003,1004,1005",77000,200,True
even-palindrome,controls,accuracy,random,5000,0.5708333333333333,0.025887040945015097,0.52,0.595,6,"1000,1001,1002,1003,1004,1005",77000,200,True
even-palindrome,controls,accuracy,random,5200,0.5433333333333333,0.02733536577809453,0.5,0.575,6,"1000,1001,1002,1003,1004,1005",77000,200,True
even-palindrome,controls,accuracy,random,5400,0.5725,0.023407619841980205,0.535,0.605,6,"1000,1001,1002,1003,1004,1005",77000,200,True
even-palindrome,controls,accuracy,random,5600,0.5466666666666666,0.011426091000668378,0.535,0.57,6,"1000,1001,1002,1003,1004,1005",77000,200,True
even-palindrome,controls,accuracy,random,5800,0.5858333333333333,0.045954385596540796,0.54,0.66,6,"1000,1001,1002,1003,1004,1005",77000,200,True
even-palindrome,controls,accuracy,random,6000,0.5991666666666667,0.024224069756247742,0.57,0.64,6,"1000,1001,1002,1003,1004,1005",77000,200,True
even-palindrome,controls,accuracy,random,6200,0.59,0.022730302828309755,0.56,0.625,6,"1000,1001,1002,1003,1004,1005",77000,200,True
even-palindrome,controls,accuracy,random,6400,0.5808333333333333,0.02790111507130533,0.55,0.625,6,"1000,1001,1002,1003,1004,1005",77000,200,True
even-palindrome,controls,accuracy,random,6600,0.5741666666666666,0.02667968432263685,0.525,0.605,6,"1000,1001,1002,1003,1004,1005",77000,200,True
even-palindrome,controls,accuracy,random,6800,0.6100000000000001,0.043301270189221926,0.56,0.67,6,"1000,1001,1002,1003,1004,1005",77000,200,True
even-palindrome,controls,accuracy,random,7000,0.6016666666666667,0.024267032964268385,0.56,0.635,6,"1000,1001,1002,1003,1004,1005",77000,200,True
even-palindrome,controls,accuracy,random,7200,0.5808333333333333,0.02316906462409639,0.535,0.605,6,"1000,1001,1002,1003,1004,1005",77000,200,True
even-palindrome,controls,accuracy,random,7400,0.5941666666666666,0.03101299010988066,0.55,0.64,6,"1000,1001,1002,1003,1004,1005",77000,200,True
even-palindrome,controls,accuracy,random,7600,0.6033333333333333,0.015456030825826186,0.585,0.63,6,"1000,1001,1002,1003,1004,1005",77000,200,True
even-palindrome,controls,accuracy,random,7800,0.6091666666666666,0.04410372874133082,0.555,0.685,6,"1000,1001,1002,1003,1004,1005",77000,200,True
even-palindrome,controls,accuracy,random,8000,0.5908333333333334,0.02744944848666766,0.56,0.64,6,"1000,1001,1002,1003,1004,1005",77000,200,True
even-palindrome,controls,accuracy,random,8200,0.6041666666666666,0.03757400105865166,0.555,0.665,6,"1000,1001,1002,1003,1004,1005",77000,200,True
even-palindrome,controls,accuracy,random,8400,0.5916666666666667,0.036704525909242065,0.525,0.645,6,"1000,1001,1002,1003,1004,1005",77000,200,True
even-palindrome,controls,accuracy,random,8600,0.5975,0.027950849718747374,0.56,0.635,6,"1000,1001,1002,1003,1004,1005",77000,200,True
even-palindrome,controls,accuracy,random,8800,0.5725000000000001,0.03923752455664517,0.515,0.64,6,"1000,1001,1002,1003,1004,1005",77000,200,True
even-palindrome,controls,accuracy,random,9000,0.6208333333333332,0.0299188717850271,0.585,0.67,6,"1000,1001,1002,1003,1004,1005",77000,200,True
even-palindrome,controls,accuracy,random,9200,0.6283333333333334,0.028235123910162384,0.575,0.655,6,"1000,1001,1002,1003,1004,1005",77000,200,True
even-palindrome,controls,accuracy,random,9400,0.5966666666666666,0.035784850922639805,0.55,0.65,6,"1000,1001,1002,1003,1004,1005",77000,200,True
even-palindrome,controls,accuracy,random,9600,0.6241666666666666,0.0386670258604006,0.55,0.66,6,"1000,1001,1002,1003,1004,1005",77000,200,True
even-palindrome,controls,accuracy,random,9800,0.5958333333333333,0.01812380264244297,0.565,0.62,6,"1000,1001,1002,1003,1004,1005",77000,200,True
even-palindrome,controls,accuracy,random,10000,0.6391666666666667,0.02334820954353652,0.6,0.66,6,"1000,1001,1002,1003,1004,1005",77000,200,True
even-palindrome,controls,accuracy,random,10200,0.6433333333333334,0.029533408577782277,0.595,0.67,6,"1000,1001,1002,1003,1004,1005",77000,200,True
even-palindrome,controls,accuracy,random,10400,0.6183333333333333,0.033374973990834673,0.585,0.665,6,"1000,1001,1002,1003,1004,1005",77000,200,True
even-palindrome,controls,accuracy,random,10600,0.6208333333333333,0.02572558173405524,0.575,0.65,6,"1000,1001,1002,1003,1004,1005",77000,200,True
even-palindrome,controls,accuracy,random,10800,0.6291666666666667,0.047733344972065626,0.565,0.72,6,"1000,1001,1002,1003,1004,1005",77000,200,True
even-palindrome,controls,accuracy,random,11000,0.6183333333333333,0.03399346342395189,0.59,0.69,6,"1000,1001,1002,1003,1004,1005",77000,200,True
even-palindrome,controls,accuracy,random,11200,0.6241666666666666,0.031012990109880685,0.575,0.66,6,"1000,1001,1002,1003,1004,1005",77000,200,True
even-palindrome,controls,accuracy,random,11400,0.6491666666666667,0.022623119934163695,0.63,0.695,6,"1000,1001,1002,1003,1004,1005",77000,200,True
even-palindrome,controls,accuracy,random,11600,0.6316666666666667,0.028819360776317627,0.605,0.69,6,"1000,1001,1002,1003,1004,1005",77000,200,True
even-palindrome,controls,accuracy,random,11800,0.6425,0.0280995255001456,0.61,0.69,6,"1000,1001,1002,1003,1004,1005",77000,200,True
even-palindrome,controls,accuracy,random,12000,0.5975,0.02839454172900137,0.56,0.64,6,"1000,1001,1002,1003,1004,1005",77000,200,True
even-palindrome,controls,accuracy,random,12200,0.6258333333333334,0.02456567162163948,0.59,0.66,6,"1000,1001,1002,1003,1004,1005",77000,200,True
even-palindrome,controls,accuracy,random,12400,0.6441666666666667,0.028638067129065997,0.59,0.685,6,"1000,1001,1002,1003,1004,1005",77000,200,True
even-palindrome,controls,accuracy,random,12600,0.6383333333333333,0.034960294939005085,0.58,0.675,6,"1000,1001,1002,1003,1004,1005",77000,200,True
even-palindrome,controls,accuracy,random,12800,0.6158333333333333,0.04285796956874598,0.545,0.67,6,"1000,1001,1002,1003,1004,1005",77000,200,True
even-palindrome,controls,accuracy,random,13000,0.6208333333333335,0.04640551930775286,0.545,0.675,6,"1000,1001,1002,1003,1004,1005",77000,200,True
even-palindrome,controls,accuracy,random,13200,0.6425,0.03211308144666282,0.595,0.69,6,"1000,1001,1002,1003,1004,1005",77000,200,True
even-palindrome,controls,accuracy,random,13400,0.6475000000000001,0.026575364531836603,0.625,0.705,6,"1000,1001,1002,1003,1004,1005",77000,200,True
even-palindrome,controls,accuracy,random,13600,0.6333333333333334,0.03804237403504446,0.565,0.685,6,"1000,1001,1002,1003,1004,1005",77000,200,True
even-palindrome,controls,accuracy,random,13800,0.6291666666666668,0.034085268893695925,0.595,0.7,6,"1000,1001,1002,1003,1004,1005",77000,200,True
even-palindrome,controls,accuracy,random,14000,0.6466666666666666,0.025927248643506765,0.6,0.675,6,"1000,1001,1002,1003,1004,1005",77000,200,True
even-palindrome,controls,accuracy,random,14200,0.6425,0.04090130397269342,0.6,0.725,6,"1000,1001,1002,1003,1004,1005",77000,200,True
even-palindrome,controls,accuracy,random,14400,0.6191666666666666,0.04035433337601085,0.555,0.67,6,"1000,1001,1002,1003,1004,1005",77000,200,True
even-palindrome,controls,accuracy,random,14600,0.6291666666666668,0.03128054063187246,0.575,0.665,6,"1000,1001,1002,1003,1004,1005",77000,200,True
even-palindrome,controls,accuracy,random,14800,0.6508333333333334,0.016687486995417337,0.63,0.675,6,"1000,1001,1002,1003,1004,1005",77000,200,True
even-palindrome,controls,accuracy,random,15000,0.6699999999999999,0.04082482904638629,0.595,0.715,6,"1000,1001,1002,1003,1004,1005",77000,200,True
even-palindrome,controls,accuracy,random,15200,0.6758333333333333,0.030607279453678242,0.635,0.725,6,"1000,1001,1002,1003,1004,1005",77000,200,True
even-palindrome,controls,accuracy,random,15400,0.6675,0.05039427877580285,0.575,0.74,6,"1000,1001,1002,1003,1004,1005",77000,200,True
even-palindrome,controls,accuracy,random,15600,0.6633333333333334,0.031710495984067416,0.625,0.715,6,"1000,1001,1002,1003,1004,1005",77000,200,True
even-palindrome,controls,accuracy,random,15800,0.6775000000000001,0.02116404183200047,0.645,0.705,6,"1000,1001,1002,1003,1004,1005",77000,200,True
even-palindrome,controls,accuracy,random,16000,0.64,0.04358898943540675,0.585,0.705,6,"1000,1001,1002,1003,1004,1005",77000,200,True
even-palindrome,controls,accuracy,random,16200,0.6725,0.034610932762158625,0.625,0.725,6,"1000,1001,1002,1003,1004,1005",77000,200,True
even-palindrome,controls,accuracy,random,16400,0.685,0.04310839052125853,0.625,0.76,6,"1000,1001,1002,1003,1004,1005",77000,200,True
even-palindrome,controls,accuracy,random,16600,0.65,0.04051748593714407,0.58,0.705,6,"1000,1001,1002,1003,1004,1005",77000,200,True
even-palindrome,controls,accuracy,random,16800,0.6666666666666666,0.03507927529974865,0.615,0.73,6,"1000,1001,1002,1003,1004,1005",77000,200,True
even-palindrome,controls,accuracy,random,17000,0.665,0.052599112793531674,0.6,0.76,6,"1000,1001,1002,1003,1004,1005",77000,200,True
even-palindrome,controls,accuracy,random,17200,0.6825000000000001,0.029545163168726376,0.64,0.725,6,"1000,1001,1002,1003,1004,1005",77000,200,True
even-palindrome,controls,accuracy,random,17400,0.6625000000000001,0.03772156765918758,0.605,0.71,6,"1000,1001,1002,1003,1004,1005",77000,200,True
even-palindrome,controls,accuracy,random,17600,0.6625,0.034125992049072115,0.595,0.695,6,"1000,1001,1002,1003,1004,1005",77000,200,True
even-palindrome,controls,accuracy,random,17800,0.6749999999999999,0.04203173404306163,0.63,0.755,6,"1000,1001,1002,1003,1004,1005",77000,200,True
even-palindrome,controls,accuracy,random,18000,0.6766666666666667,0.03023059524536175,0.62,0.71,6,"1000,1001,1002,1003,1004,1005",77000,200,True
even-palindrome,controls,accuracy,random,18200,0.6541666666666667,0.03866702586040063,0.57,0.685,6,"1000,1001,1002,1003,1004,1005",77000,200,True
even-palindrome,controls,accuracy,random,18400,0.68,0.04272001872658764,0.61,0.745,6,"1000,1001,1002,1003,1004,1005",77000,200,True
even-palindrome,controls,accuracy,random,18600,0.6641666666666667,0.04014729823481969,0.595,0.73,6,"1000,1001,1002,1003,1004,1005",77000,200,True
even-palindrome,controls,accuracy,random,18800,0.6575,0.022314046398326466,0.625,0.69,6,"1000,1001,1002,1003,1004,1005",77000,200,True
even-palindrome,controls,accuracy,random,19000,0.6766666666666667,0.04374801582802229,0.6,0.74,6,"1000,1001,1002,1003,1004,1005",77000,200,True
even-palindrome,controls,accuracy,random,19200,0.6699999999999999,0.03265986323710903,0.625,0.72,6,"1000,1001,1002,1003,1004,1005",77000,200,True
even-palindrome,controls,accuracy,random,19400,0.6533333333333333,0.05153208277913435,0.6,0.745,6,"1000,1001,1002,1003,1004,1005",77000,200,True
even-palindrome,controls,accuracy,random,19600,0.68,0.058807595881257835,0.585,0.745,6,"1000,1001,1002,1003,1004,1005",77000,200,True
even-palindrome,controls,accuracy,random,19800,0.6841666666666667,0.022806553639006653,0.645,0.71,6,"1000,1001,1002,1003,1004,1005",77000,200,True
even-palindrome,controls,accuracy,random,20000,0.6866666666666666,0.029814239699997178,0.63,0.725,6,"1000,1001,1002,1003,1004,1005",77000,200,True
even-palindrome,controls,accuracy,random,20200,0.6758333333333333,0.05718512821432588,0.575,0.755,6,"1000,1001,1002,1003,1004,1005",77000,200,True
even-palindrome,controls,accuracy,random,20400,0.6816666666666666,0.032617309651301524,0.635,0.735,6,"1000,1001,1002,1003,1004,1005",77000,200,True
even-palindrome,controls,accuracy,random,20600,0.6733333333333332,0.03064129385141704,0.625,0.72,6,"1000,1001,1002,1003,1004,1005",77000,200,True
even-palindrome,controls,accuracy,random,20800,0.6758333333333333,0.028783193398617558,0.625,0.72,6,"1000,1001,1002,1003,1004,1005",77000,200,True
even-palindrome,controls,accuracy,random,21000,0.6733333333333333,0.03144660377352201,0.61,0.705,6,"1000,1001,1002,1003,1004,1005",77000,200,True
even-palindrome,controls,accuracy,random,21200,0.6933333333333334,0.030230595245361744,0.635,0.735,6,"1000,1001,1002,1003,1004,1005",77000,200,True
even-palindrome,controls,accuracy,random,21400,0.6808333333333333,0.06254442865320262,0.545,0.73,6,"1000,1001,1002,1003,1004,1005",77000,200,True
even-palindrome,controls,accuracy,random,21600,0.6833333333333332,0.027182510717166795,0.64,0.715,6,"1000,1001,1002,1003,1004,1005",77000,200,True
even-palindrome,controls,accuracy,random,21800,0.6633333333333332,0.051693541397569404,0.57,0.715,6,"1000,1001,1002,1003,1004,1005",77000,200,True
even-palindrome,controls,accuracy,random,22000,0.6825,0.03449033681095811,0.615,0.72,6,"1000,1001,1002,1003,1004,1005",77000,200,True
even-palindrome,controls,accuracy,random,22200,0.6833333333333332,0.04179978734661484,0.6,0.725,6,"1000,1001,1002,1003,1004,1005",77000,200,True
even-palindrome,controls,accuracy,random,22400,0.6775000000000001,0.045345892868042637,0.59,0.725,6,"1000,1001,1002,1003,1004,1005",77000,200,True
even-palindrome,controls,accuracy,random,22600,0.7166666666666667,0.047929346148494686,0.62,0.77,6,"1000,1001,1002,1003,1004,1005",77000,200,True
even-palindrome,controls,accuracy,random,22800,0.7041666666666667,0.048426634085892116,0.63,0.77,6,"1000,1001,1002,1003,1004,1005",77000,200,True
even-palindrome,controls,accuracy,random,23000,0.6941666666666667,0.04961658548868064,0.625,0.75,6,"1000,1001,1002,1003,1004,1005",77000,200,True
even-palindrome,controls,accuracy,random,23200,0.71,0.04153311931459038,0.64,0.765,6,"1000,1001,1002,1003,1004,1005",77000,200,True
even-palindrome,controls,accuracy,random,23400,0.6983333333333333,0.020949675149960864,0.68,0.74,6,"1000,1001,1002,1003,1004,1005",77000,200,True
even-palindrome,controls,accuracy,random,23600,0.7191666666666666,0.026365486699260615,0.67,0.755,6,"1000,1001,1002,1003,1004,1005",77000,200,True
even-palindrome,controls,accuracy,random,23800,0.7000000000000001,0.03937003937005906,0.63,0.755,6,"1000,1001,1002,1003,1004,1005",77000,200,True
even-palindrome,controls,accuracy,random,24000,0.6858333333333334,0.044480020483608385,0.635,0.75,6,"1000,1001,1002,1003,1004,1005",77000,200,True
even-palindrome,controls,accuracy,random,24200,0.7000000000000001,0.031885210782848304,0.655,0.755,6,"1000,1001,1002,1003,1004,1005",77000,200,True
even-palindrome,controls,accuracy,random,24400,0.7208333333333333,0.033839900840411594,0.68,0.785,6,"1000,1001,1002,1003,1004,1005",77000,200,True
even-palindrome,controls,accuracy,random,24600,0.6958333333333334,0.024395468613840725,0.66,0.73,6,"1000,1001,1002,1003,1004,1005",77000,200,True
even-palindrome,controls,accuracy,random,24800,0.6916666666666668,0.038042374035044416,0.64,0.745,6,"1000,1001,1002,1003,1004,1005",77000,200,True
even-palindrome,controls,accuracy,random,25000,0.6825,0.05359959576962002,0.565,0.72,6,"1000,1001,1002,1003,1004,1005",77000,200,True
even-palindrome,controls,accuracy,random,25200,0.7216666666666667,0.0334995854037363,0.665,0.76,6,"1000,1001,1002,1003,1004,1005",77000,200,True
even-palindrome,controls,accuracy,random,25400,0.7016666666666667,0.05177408189003023,0.595,0.755,6,"1000,1001,1002,1003,1004,1005",77000,200,True
even-palindrome,controls,accuracy,random,25600,0.6975000000000001,0.022867371223353715,0.66,0.73,6,"1000,1001,1002,1003,1004,1005",77000,200,True
even-palindrome,controls,accuracy,random,25800,0.6941666666666667,0.023525990355821813,0.66,0.73,6,"1000,1001,1002,1003,1004,1005",77000,200,True
even-palindrome,controls,accuracy,random,26000,0.6933333333333332,0.03815174380753197,0.64,0.73,6,"1000,1001,1002,1003,1004,1005",77000,200,True
even-palindrome,controls,accuracy,random,26200,0.7241666666666666,0.05151186486841864,0.64,0.8,6,"1000,1001,1002,1003,1004,1005",77000,200,True
even-palindrome,controls,accuracy,random,26400,0.7000000000000001,0.0459165910465197,0.64,0.77,6,"1000,1001,1002,1003,1004,1005",77000,200,True
even-palindrome,controls,accuracy,random,26600,0.7058333333333334,0.0373515580516916,0.635,0.745,6,"1000,1001,1002,1003,1004,1005",77000,200,True
even-palindrome,controls,accuracy,random,26800,0.7008333333333332,0.05608153786130413,0.62,0.78,6,"1000,1001,1002,1003,1004,1005",77000,200,True
even-palindrome,controls,accuracy,random,27000,0.7158333333333333,0.05151186486841861,0.655,0.815,6,"1000,1001,1002,1003,1004,1005",77000,200,True
even-palindrome,controls,accuracy,random,27200,0.7058333333333332,0.038450906650197764,0.635,0.755,6,"1000,1001,1002,1003,1004,1005",77000,200,True
even-palindrome,controls,accuracy,random,27400,0.7208333333333332,0.045954385596540796,0.645,0.775,6,"1000,1001,1002,1003,1004,1005",77000,200,True
even-palindrome,controls,accuracy,random,27600,0.6958333333333333,0.04285796956874596,0.62,0.765,6,"1000,1001,1002,1003,1004,1005",77000,200,True
even-palindrome,controls,accuracy,random,27800,0.7033333333333333,0.04249182927993986,0.625,0.745,6,"1000,1001,1002,1003,1004,1005",77000,200,True
even-palindrome,controls,accuracy,random,28000,0.7291666666666666,0.04117206442345209,0.65,0.78,6,"1000,1001,1002,1003,1004,1005",77000,200,True
even-palindrome,controls,accuracy,random,28200,0.7066666666666667,0.027938424357066997,0.67,0.74,6,"1000,1001,1002,1003,1004,1005",77000,200,True
even-palindrome,controls,accuracy,random,28400,0.7216666666666667,0.06269414291268008,0.605,0.815,6,"1000,1001,1002,1003,1004,1005",77000,200,True
even-palindrome,controls,accuracy,random,28600,0.735,0.040414518843273815,0.675,0.78,6,"1000,1001,1002,1003,1004,1005",77000,200,True
even-palindrome,controls,accuracy,random,28800,0.7333333333333333,0.037043517951488095,0.68,0.775,6,"1000,1001,1002,1003,1004,1005",77000,200,True
even-palindrome,controls,accuracy,random,29000,0.7058333333333334,0.04631564410530085,0.61,0.755,6,"1000,1001,1002,1003,1004,1005",77000,200,True
even-palindrome,controls,accuracy,random,29200,0.7366666666666667,0.04696334267868458,0.655,0.785,6,"1000,1001,1002,1003,1004,1005",77000,200,True
even-palindrome,controls,accuracy,random,29400,0.7291666666666666,0.04076524936211668,0.665,0.77,6,"1000,1001,1002,1003,1004,1005",77000,200,True
even-palindrome,controls,accuracy,random,29600,0.735,0.04600724580614088,0.65,0.78,6,"1000,1001,1002,1003,1004,1005",77000,200,True
even-palindrome,controls,accuracy,random,29800,0.7425,0.04543768626738529,0.66,0.8,6,"1000,1001,1002,1003,1004,1005",77000,200,True
even-palindrome,controls,accuracy,random,30000,0.7233333333333333,0.03704351795148811,0.675,0.775,6,"1000,1001,1002,1003,1004,1005",77000,200,True
even-palindrome,controls,accuracy,random,30200,0.7383333333333334,0.053124591501697446,0.665,0.8,6,"1000,1001,1002,1003,1004,1005",77000,200,True
even-palindrome,controls,accuracy,random,30400,0.7308333333333333,0.04438624661861926,0.645,0.78,6,"1000,1001,1002,1003,1004,1005",77000,200,True
even-palindrome,controls,accuracy,random,30600,0.7266666666666667,0.051934788169609614,0.625,0.78,6,"1000,1001,1002,1003,1004,1005",77000,200,True
even-palindrome,controls,accuracy,random,30800,0.7200000000000001,0.04153311931459036,0.66,0.765,6,"1000,1001,1002,1003,1004,1005",77000,200,True
even-palindrome,controls,accuracy,random,31000,0.7258333333333334,0.06399327221582664,0.65,0.81,6,"1000,1001,1002,1003,1004,1005",77000,200,True
even-palindrome,controls,accuracy,random,31200,0.7333333333333334,0.0626941429126801,0.64,0.81,6,"1000,1001,1002,1003,1004,1005",77000,200,True
even-palindrome,controls,accuracy,random,31400,0.7358333333333333,0.09580434344131906,0.555,0.835,6,"1000,1001,1002,1003,1004,1005",77000,200,True
even-palindrome,controls,accuracy,random,31600,0.7333333333333333,0.054134605896372354,0.665,0.82,6,"1000,1001,1002,1003,1004,1005",77000,200,True
even-palindrome,controls,accuracy,random,31800,0.7158333333333333,0.0502839161384853,0.65,0.795,6,"1000,1001,1002,1003,1004,1005",77000,200,True
even-palindrome,controls,accuracy,random,32000,0.7225,0.046165463281548476,0.67,0.795,6,"1000,1001,1002,1003,1004,1005",77000,200,True
even-palindrome,controls,accuracy,random,32200,0.7291666666666666,0.04816782005539476,0.68,0.81,6,"1000,1001,1002,1003,1004,1005",77000,200,True
even-palindrome,controls,accuracy,random,32400,0.7416666666666667,0.051126205500593234,0.655,0.805,6,"1000,1001,1002,1003,1004,1005",77000,200,True
even-palindrome,controls,accuracy,random,32600,0.7374999999999999,0.06466258578188784,0.63,0.81,6,"1000,1001,1002,1003,1004,1005",77000,200,True
even-palindrome,controls,accuracy,random,32800,0.765,0.0697017455544216,0.645,0.835,6,"1000,1001,1002,1003,1004,1005",77000,200,True
even-palindrome,controls,accuracy,random,33000,0.7275,0.04819664580307086,0.655,0.81,6,"1000,1001,1002,1003,1004,1005",77000,200,True
even-palindrome,controls,accuracy,random,33200,0.7733333333333334,0.050304627575955246,0.71,0.85,6,"1000,1001,1002,1003,1004,1005",77000,200,True
even-palindrome,controls,accuracy,random,33400,0.7616666666666667,0.06561673228343175,0.66,0.87,6,"1000,1001,1002,1003,1004,1005",77000,200,True
even-palindrome,controls,accuracy,random,33600,0.7383333333333333,0.07057305119913376,0.655,0.85,6,"1000,1001,1002,1003,1004,1005",77000,200,True
even-palindrome,controls,accuracy,random,33800,0.7658333333333333,0.05419230162629701,0.67,0.85,6,"1000,1001,1002,1003,1004,1005",77000,200,True
even-palindrome,controls,accuracy,random,34000,0.7466666666666666,0.05030462757595522,0.68,0.83,6,"1000,1001,1002,1003,1004,1005",77000,200,True
even-palindrome,controls,accuracy,random,34200,0.7633333333333333,0.046427960923947076,0.695,0.835,6,"1000,1001,1002,1003,1004,1005",77000,200,True
even-palindrome,controls,accuracy,random,34400,0.7308333333333333,0.06307513156722086,0.645,0.82,6,"1000,1001,1002,1003,1004,1005",77000,200,True
even-palindrome,controls,accuracy,random,34600,0.745,0.04681523968396047,0.68,0.805,6,"1000,1001,1002,1003,1004,1005",77000,200,True
even-palindrome,controls,accuracy,random,34800,0.7341666666666665,0.06648412508929398,0.635,0.82,6,"1000,1001,1002,1003,1004,1005",77000,200,True
even-palindrome,controls,accuracy,random,35000,0.7591666666666667,0.06140145673262884,0.7,0.875,6,"1000,1001,1002,1003,1004,1005",77000,200,True
even-palindrome,controls,accuracy,random,35200,0.7549999999999999,0.05708181263181238,0.71,0.865,6,"1000,1001,1002,1003,1004,1005",77000,200,True
even-palindrome,controls,accuracy,random,35400,0.7708333333333334,0.05883711036034618,0.695,0.855,6,"1000,1001,1002,1003,1004,1005",77000,200,True
even-palindrome,controls,accuracy,random,35600,0.7608333333333333,0.05933075837109185,0.675,0.825,6,"1000,1001,1002,1003,1004,1005",77000,200,True
even-palindrome,controls,accuracy,random,35800,0.7525000000000001,0.04939213837579152,0.695,0.805,6,"1000,1001,1002,1003,1004,1005",77000,200,True
even-palindrome,controls,accuracy,random,36000,0.7608333333333334,0.06234425038089362,0.675,0.835,6,"1000,1001,1002,1003,1004,1005",77000,200,True
even-palindrome,controls,accuracy,random,36200,0.7641666666666667,0.06173982147330484,0.675,0.855,6,"1000,1001,1002,1003,1004,1005",77000,200,True
even-palindrome,controls,accuracy,random,36400,0.765,0.06390096504226937,0.68,0.84,6,"1000,1001,1002,1003,1004,1005",77000,200,True
even-palindrome,controls,accuracy,random,36600,0.7625000000000001,0.06719064915100413,0.675,0.855,6,"1000,1001,1002,1003,1004,1005",77000,200,True
even-palindrome,controls,accuracy,random,36800,0.7633333333333333,0.06032320356951284,0.675,0.835,6,"1000,1001,1002,1003,1004,1005",77000,200,True
even-palindrome,controls,accuracy,random,37000,0.7799999999999999,0.05759050847723663,0.685,0.855,6,"1000,1001,1002,1003,1004,1005",77000,200,True
even-palindrome,controls,accuracy,random,37200,0.7883333333333332,0.06865776641348662,0.7,0.88,6,"1000,1001,1002,1003,1004,1005",77000,200,True
even-palindrome,controls,accuracy,random,37400,0.7583333333333333,0.07824463062870335,0.67,0.895,6,"1000,1001,1002,1003,1004,1005",77000,200,True
even-palindrome,controls,accuracy,random,37600,0.77,0.06231639698613306,0.69,0.85,6,"1000,1001,1002,1003,1004,1005",77000,200,True
even-palindrome,controls,accuracy,random,37800,0.7675000000000001,0.06932712311931023,0.68,0.855,6,"1000,1001,1002,1003,1004,1005",77000,200,True
even-palindrome,controls,accuracy,random,38000,0.7891666666666667,0.06930708637810581,0.685,0.875,6,"1000,1001,1002,1003,1004,1005",77000,200,True
even-palindrome,controls,accuracy,random,38200,0.7799999999999999,0.07153087911291646,0.695,0.885,6,"1000,1001,1002,1003,1004,1005",77000,200,True
even-palindrome,controls,accuracy,random,38400,0.785,0.07544313531837515,0.675,0.885,6,"1000,1001,1002,1003,1004,1005",77000,200,True
even-palindrome,controls,accuracy,random,38600,0.7725,0.049307707308290066,0.71,0.84,6,"1000,1001,1002,1003,1004,1005",77000,200,True
even-palindrome,controls,accuracy,random,38800,0.7833333333333332,0.04597704741377906,0.735,0.845,6,"1000,1001,1002,1003,1004,1005",77000,200,True
even-palindrome,controls,accuracy,random,39000,0.785,0.08631338250816031,0.68,0.89,6,"1000,1001,1002,1003,1004,1005",77000,200,True
even-palindrome,controls,accuracy,random,39200,0.7958333333333333,0.06146927868636676,0.72,0.87,6,"1000,1001,1002,1003,1004,1005",77000,200,True
even-palindrome,controls,accuracy,random,39400,0.7799999999999999,0.07065172798075549,0.69,0.89,6,"1000,1001,1002,1003,1004,1005",77000,200,True
even-palindrome,controls,accuracy,random,39600,0.7908333333333334,0.06058167122891947,0.72,0.9,6,"1000,1001,1002,1003,1004,1005",77000,200,True
even-palindrome,controls,accuracy,random,39800,0.7691666666666666,0.061739821473304875,0.69,0.865,6,"1000,1001,1002,1003,1004,1005",77000,200,True
even-palindrome,controls,accuracy,random,40000,0.7883333333333332,0.08329999333066533,0.665,0.885,6,"1000,1001,1002,1003,1004,1005",77000,200,True
even-palindrome,controls,accuracy,random,40200,0.7716666666666666,0.06944222218666551,0.68,0.845,6,"1000,1001,1002,1003,1004,1005",77000,200,True
even-palindrome,controls,accuracy,random,40400,0.7741666666666666,0.06112941645031103,0.7,0.86,6,"1000,1001,1002,1003,1004,1005",77000,200,True
even-palindrome,controls,accuracy,random,40600,0.7891666666666666,0.06839935834656799,0.675,0.87,6,"1000,1001,1002,1003,1004,1005",77000,200,True
even-palindrome,controls,accuracy,random,40800,0.7850000000000001,0.05330728530573159,0.7,0.87,6,"1000,1001,1002,1003,1004,1005",77000,200,True
even-palindrome,controls,accuracy,random,41000,0.7675,0.08528139695541263,0.67,0.875,6,"1000,1001,1002,1003,1004,1005",77000,200,True
even-palindrome,controls,accuracy,random,41200,0.7983333333333333,0.05320296566504122,0.705,0.855,6,"1000,1001,1002,1003,1004,1005",77000,200,True
even-palindrome,controls,accuracy,random,41400,0.8041666666666667,0.07496758558796524,0.705,0.905,6,"1000,1001,1002,1003,1004,1005",77000,200,True
even-palindrome,controls,accuracy,random,41600,0.7958333333333333,0.08580096477054064,0.685,0.905,6,"1000,1001,1002,1003,1004,1005",77000,200,True
even-palindrome,controls,accuracy,random,41800,0.8058333333333335,0.06864259286737028,0.685,0.885,6,"1000,1001,1002,1003,1004,1005",77000,200,True
even-palindrome,controls,accuracy,random,42000,0.8016666666666666,0.0742555646998182,0.685,0.91,6,"1000,1001,1002,1003,1004,1005",77000,200,True
even-palindrome,controls,accuracy,random,42200,0.8000000000000002,0.07274384280931732,0.71,0.91,6,"1000,1001,1002,1003,1004,1005",77000,200,True
even-palindrome,controls,accuracy,random,42400,0.7958333333333334,0.0766168316291459,0.705,0.875,6,"1000,1001,1002,1003,1004,1005",77000,200,True
even-palindrome,controls,accuracy,random,42600,0.8175,0.06336073968423454,0.73,0.9,6,"1000,1001,1002,1003,1004,1005",77000,200,True
even-palindrome,controls,accuracy,random,42800,0.8091666666666666,0.08964823230580486,0.68,0.91,6,"1000,1001,1002,1003,1004,1005",77000,200,True
even-palindrome,controls,accuracy,random,43000,0.8150000000000001,0.06370504951205465,0.715,0.905,6,"1000,1001,1002,1003,1004,1005",77000,200,True
even-palindrome,controls,accuracy,random,43200,0.8316666666666666,0.061350541064353205,0.765,0.905,6,"1000,1001,1002,1003,1004,1005",77000,200,True
even-palindrome,controls,accuracy,random,43400,0.8024999999999999,0.07186503554116794,0.67,0.875,6,"1000,1001,1002,1003,1004,1005",77000,200,True
even-palindrome,controls,accuracy,random,43600,0.8191666666666668,0.09207861978886425,0.68,0.915,6,"1000,1001,1002,1003,1004,1005",77000,200,True
even-palindrome,controls,accuracy,random,43800,0.8041666666666667,0.053495846152346774,0.735,0.865,6,"1000,1001,1002,1003,1004,1005",77000,200,True
even-palindrome,controls,accuracy,random,44000,0.7808333333333333,0.07965638008903547,0.675,0.91,6,"1000,1001,1002,1003,1004,1005",77000,200,True
even-palindrome,controls,accuracy,random,44200,0.8008333333333333,0.07870920460078917,0.715,0.9,6,"1000,1001,1002,1003,1004,1005",77000,200,True
even-palindrome,controls,accuracy,random,44400,0.8158333333333333,0.06140145673262882,0.725,0.875,6,"1000,1001,1002,1003,1004,1005",77000,200,True
even-palindrome,controls,accuracy,random,44600,0.7983333333333333,0.060941684329274076,0.725,0.885,6,"1000,1001,1002,1003,1004,1005",77000,200,True
even-palindrome,controls,accuracy,random,44800,0.8275000000000001,0.06644233088425883,0.745,0.895,6,"1000,1001,1002,1003,1004,1005",77000,200,True
even-palindrome,controls,accuracy,random,45000,0.8083333333333332,0.07771028817916513,0.71,0.915,6,"1000,1001,1002,1003,1004,1005",77000,200,True
even-palindrome,controls,accuracy,random,45200,0.8133333333333331,0.07575545451575676,0.705,0.9,6,"1000,1001,1002,1003,1004,1005",77000,200,True
even-palindrome,controls,accuracy,random,45400,0.8116666666666666,0.07498147919467994,0.675,0.91,6,"1000,1001,1002,1003,1004,1005",77000,200,True
even-palindrome,controls,accuracy,random,45600,0.7958333333333334,0.09025042320614841,0.66,0.895,6,"1000,1001,1002,1003,1004,1005",77000,200,True
even-palindrome,controls,accuracy,random,45800,0.8308333333333334,0.05933075837109188,0.75,0.9,6,"1000,1001,1002,1003,1004,1005",77000,200,True
even-palindrome,controls,accuracy,random,46000,0.8133333333333335,0.08811293258590869,0.685,0.89,6,"1000,1001,1002,1003,1004,1005",77000,200,True
even-palindrome,controls,accuracy,random,46200,0.8224999999999999,0.06316314853879067,0.72,0.895,6,"1000,1001,1002,1003,1004,1005",77000,200,True
even-palindrome,controls,accuracy,random,46400,0.8291666666666666,0.07276770498572077,0.72,0.91,6,"1000,1001,1002,1003,1004,1005",77000,200,True
even-palindrome,controls,accuracy,random,46600,0.8258333333333333,0.08757932911874176,0.685,0.925,6,"1000,1001,1002,1003,1004,1005",77000,200,True
even-palindrome,controls,accuracy,random,46800,0.8341666666666666,0.07552133620522232,0.71,0.91,6,"1000,1001,1002,1003,1004,1005",77000,200,True
even-palindrome,controls,accuracy,random,47000,0.8083333333333335,0.0813770374382247,0.695,0.905,6,"1000,1001,1002,1003,1004,1005",77000,200,True
even-palindrome,controls,accuracy,random,47200,0.8408333333333333,0.07149689192933885,0.74,0.91,6,"1000,1001,1002,1003,1004,1005",77000,200,True
even-palindrome,controls,accuracy,random,47400,0.8216666666666667,0.0759202798262025,0.725,0.895,6,"1000,1001,1002,1003,1004,1005",77000,200,True
even-palindrome,controls,accuracy,random,47600,0.835,0.08261355820929152,0.68,0.9,6,"1000,1001,1002,1003,1004,1005",77000,200,True
even-palindrome,controls,accuracy,random,47800,0.8441666666666667,0.08028162236084228,0.73,0.925,6,"1000,1001,1002,1003,1004,1005",77000,200,True
even-palindrome,controls,accuracy,random,48000,0.8341666666666666,0.08729340690389445,0.67,0.915,6,"1000,1001,1002,1003,1004,1005",77000,200,True
even-palindrome,controls,accuracy,random,48200,0.8416666666666667,0.07608474807008887,0.725,0.93,6,"1000,1001,1002,1003,1004,1005",77000,200,True
even-palindrome,controls,accuracy,random,48400,0.8633333333333334,0.06662498697102229,0.74,0.945,6,"1000,1001,1002,1003,1004,1005",77000,200,True
even-palindrome,controls,accuracy,random,48600,0.8408333333333333,0.06294287533593898,0.72,0.89,6,"1000,1001,1002,1003,1004,1005",77000,200,True
even-palindrome,controls,accuracy,random,48800,0.8366666666666668,0.09140872800534726,0.685,0.935,6,"1000,1001,1002,1003,1004,1005",77000,200,True
even-palindrome,controls,accuracy,random,49000,0.8391666666666667,0.08452892338654795,0.69,0.925,6,"1000,1001,1002,1003,1004,1005",77000,200,True
even-palindrome,controls,accuracy,random,49200,0.8491666666666666,0.09567378022333092,0.695,0.94,6,"1000,1001,1002,1003,1004,1005",77000,200,True
even-palindrome,controls,accuracy,random,49400,0.8633333333333334,0.07346578946844728,0.75,0.945,6,"1000,1001,1002,1003,1004,1005",77000,200,True
even-palindrome,controls,accuracy,random,49600,0.8516666666666666,0.08214147686901073,0.715,0.94,6,"1000,1001,1002,1003,1004,1005",77000,200,True
even-palindrome,controls,accuracy,random,49800,0.8483333333333333,0.0683536555146996,0.75,0.91,6,"1000,1001,1002,1003,1004,1005",77000,200,True
even-palindrome,controls,accuracy,random,50000,0.8641666666666666,0.0720194803893749,0.74,0.93,6,"1000,1001,1002,1003,1004,1005",77000,200,True
even-palindrome,controls,accuracy,random,50200,0.8691666666666668,0.091579504014575,0.735,0.945,6,"1000,1001,1002,1003,1004,1005",77000,200,True
even-palindrome,controls,accuracy,random,50400,0.8633333333333333,0.08744839748229936,0.72,0.945,6,"1000,1001,1002,1003,1004,1005",77000,200,True
even-palindrome,controls,accuracy,random,50600,0.8533333333333334,0.06282692274990256,0.75,0.91,6,"1000,1001,1002,1003,1004,1005",77000,200,True
even-palindrome,controls,accuracy,random,50800,0.85,0.06970174555442163,0.745,0.91,6,"1000,1001,1002,1003,1004,1005",77000,200,True
even-palindrome,controls,accuracy,random,51000,0.8441666666666667,0.07213509702095246,0.72,0.93,6,"1000,1001,1002,1003,1004,1005",77000,200,True
even-palindrome,controls,accuracy,random,51200,0.8683333333333333,0.09026196442700671,0.725,0.955,6,"1000,1001,1002,1003,1004,1005",77000,200,True
even-palindrome,controls,accuracy,random,51400,0.8591666666666667,0.07055828953583146,0.74,0.93,6,"1000,1001,1002,1003,1004,1005",77000,200,True
even-palindrome,controls,accuracy,random,51600,0.8641666666666666,0.0814154298780165,0.74,0.94,6,"1000,1001,1002,1003,1004,1005",77000,200,True
even-palindrome,controls,accuracy,random,51800,0.8541666666666666,0.07452162251469181,0.755,0.955,6,"1000,1001,1002,1003,1004,1005",77000,200,True
even-palindrome,controls,accuracy,random,52000,0.8891666666666668,0.06476989183941013,0.785,0.95,6,"1000,1001,1002,1003,1004,1005",77000,200,True
even-palindrome,controls,accuracy,random,52200,0.8666666666666667,0.07581043610362773,0.73,0.94,6,"1000,1001,1002,1003,1004,1005",77000,200,True
even-palindrome,controls,accuracy,random,52400,0.8741666666666666,0.0782845592835664,0.755,0.95,6,"1000,1001,1002,1003,1004,1005",77000,200,True
even-palindrome,controls,accuracy,random,52600,0.8658333333333333,0.09061901321221476,0.725,0.96,6,"1000,1001,1002,1003,1004,1005",77000,200,True
even-palindrome,controls,accuracy,random,52800,0.86,0.08381527307120105,0.735,0.94,6,"1000,1001,1002,1003,1004,1005",77000,200,True
even-palindrome,controls,accuracy,random,53000,0.8733333333333334,0.09136313382443831,0.745,0.955,6,"1000,1001,1002,1003,1004,1005",77000,200,True
even-palindrome,controls,accuracy,random,53200,0.8675,0.08528139695541266,0.7,0.95,6,"1000,1001,1002,1003,1004,1005",77000,200,True
even-palindrome,controls,accuracy,random,53400,0.8758333333333334,0.0759614302714798,0.76,0.955,6,"1000,1001,1002,1003,1004,1005",77000,200,True
even-palindrome,controls,accuracy,random,53600,0.8833333333333333,0.07329544475765339,0.785,0.975,6,"1000,1001,1002,1003,1004,1005",77000,200,True
even-palindrome,controls,accuracy,random,53800,0.8716666666666667,0.08872554436137443,0.745,0.96,6,"1000,1001,1002,1003,1004,1005",77000,200,True
even-palindrome,controls,accuracy,random,54000,0.8825000000000002,0.08260094833999586,0.745,0.965,6,"1000,1001,1002,1003,1004,1005",77000,200,True
even-palindrome,controls,accuracy,random,54200,0.8675000000000002,0.07226974931924605,0.755,0.94,6,"1000,1001,1002,1003,1004,1005",77000,200,True
even-palindrome,controls,accuracy,random,54400,0.8916666666666666,0.07226494462892931,0.785,0.95,6,"1000,1001,1002,1003,1004,1005",77000,200,True
even-palindrome,controls,accuracy,random,54600,0.8741666666666666,0.07172962351001774,0.74,0.94,6,"1000,1001,1002,1003,1004,1005",77000,200,True
even-palindrome,controls,accuracy,random,54800,0.8683333333333333,0.09685326817178426,0.735,0.975,6,"1000,1001,1002,1003,1004,1005",77000,200,True
even-palindrome,controls,accuracy,random,55000,0.8925000000000001,0.07576003783877969,0.765,0.955,6,"1000,1001,1002,1003,1004,1005",77000,200,True
even-palindrome,controls,accuracy,random,55200,0.87,0.09682458365518543,0.715,0.97,6,"1000,1001,1002,1003,1004,1005",77000,200,True
even-palindrome,controls,accuracy,random,55400,0.8675,0.07531876702832214,0.755,0.94,6,"1000,1001,1002,1003,1004,1005",77000,200,True
even-palindrome,controls,accuracy,random,55600,0.88,0.08144527815247077,0.745,0.955,6,"1000,1001,1002,1003,1004,1005",77000,200,True
even-palindrome,controls,accuracy,random,55800,0.8933333333333334,0.07403077438170934,0.78,0.965,6,"1000,1001,1002,1003,1004,1005",77000,200,True
even-palindrome,controls,accuracy,random,56000,0.89,0.06770032003863301,0.78,0.96,6,"1000,1001,1002,1003,1004,1005",77000,200,True
even-palindrome,controls,accuracy,random,56200,0.8816666666666667,0.07272474743090473,0.77,0.96,6,"1000,1001,1002,1003,1004,1005",77000,200,True
even-palindrome,controls,accuracy,random,56400,0.8708333333333332,0.07401670231928886,0.765,0.945,6,"1000,1001,1002,1003,1004,1005",77000,200,True
even-palindrome,controls,accuracy,random,56600,0.8833333333333333,0.08394773506308684,0.75,0.96,6,"1000,1001,1002,1003,1004,1005",77000,200,True
even-palindrome,controls,accuracy,random,56800,0.8958333333333334,0.0737346970940788,0.77,0.97,6,"1000,1001,1002,1003,1004,1005",77000,200,True
even-palindrome,controls,accuracy,random,57000,0.8816666666666667,0.09436925111261377,0.72,0.98,6,"1000,1001,1002,1003,1004,1005",77000,200,True
even-palindrome,controls,accuracy,random,57200,0.8949999999999999,0.07762087348130012,0.745,0.975,6,"1000,1001,1002,1003,1004,1005",77000,200,True
even-palindrome,controls,accuracy,random,57400,0.8849999999999999,0.07228416147400478,0.785,0.995,6,"1000,1001,1002,1003,1004,1005",77000,200,True
even-palindrome,controls,accuracy,random,57600,0.8766666666666666,0.09864357837971793,0.71,0.97,6,"1000,1001,1002,1003,1004,1005",77000,200,True
even-palindrome,controls,accuracy,random,57800,0.895,0.07799572637865057,0.785,0.985,6,"1000,1001,1002,1003,1004,1005",77000,200,True
even-palindrome,controls,accuracy,random,58000,0.9049999999999999,0.0753878858526576,0.79,0.98,6,"1000,1001,1002,1003,1004,1005",77000,200,True
even-palindrome,controls,accuracy,random,58200,0.8766666666666666,0.06342099196813482,0.775,0.94,6,"1000,1001,1002,1003,1004,1005",77000,200,True
even-palindrome,controls,accuracy,random,58400,0.8700000000000001,0.07011894655987544,0.76,0.935,6,"1000,1001,1002,1003,1004,1005",77000,200,True
even-palindrome,controls,accuracy,random,58600,0.8908333333333333,0.0704992119735312,0.79,0.975,6,"1000,1001,1002,1003,1004,1005",77000,200,True
even-palindrome,controls,accuracy,random,58800,0.9075000000000001,0.06459811658761162,0.8,0.99,6,"1000,1001,1002,1003,1004,1005",77000,200,True
even-palindrome,controls,accuracy,random,59000,0.8783333333333334,0.07909207011803113,0.755,0.96,6,"1000,1001,1002,1003,1004,1005",77000,200,True
even-palindrome,controls,accuracy,random,59200,0.91,0.04699290726623895,0.845,0.98,6,"1000,1001,1002,1003,1004,1005",77000,200,True
even-palindrome,controls,accuracy,random,59400,0.8991666666666666,0.06827741614586445,0.805,0.975,6,"1000,1001,1002,1003,1004,1005",77000,200,True
even-palindrome,controls,accuracy,random,59600,0.8866666666666667,0.0652346193026031,0.78,0.97,6,"1000,1001,1002,1003,1004,1005",77000,200,True
even-palindrome,controls,accuracy,random,59800,0.9074999999999999,0.06155959172487527,0.8,0.965,6,"1000,1001,1002,1003,1004,1005",77000,200,True
even-palindrome,controls,accuracy,random,60000,0.8766666666666668,0.07813805446487362,0.735,0.965,6,"1000,1001,1002,1003,1004,1005",77000,200,True
even-palindrome,controls,accuracy,random,60200,0.8891666666666667,0.08536278788532829,0.755,0.97,6,"1000,1001,1002,1003,1004,1005",77000,200,True
even-palindrome,controls,accuracy,random,60400,0.8958333333333334,0.047118349810757285,0.83,0.95,6,"1000,1001,1002,1003,1004,1005",77000,200,True
even-palindrome,controls,accuracy,random,60600,0.9100000000000001,0.06041522986797283,0.81,0.985,6,"1000,1001,1002,1003,1004,1005",77000,200,True
even-palindrome,controls,accuracy,random,60800,0.8958333333333334,0.07061731767460129,0.775,0.965,6,"1000,1001,1002,1003,1004,1005",77000,200,True
even-palindrome,controls,accuracy,random,61000,0.9066666666666667,0.06472162612982532,0.805,0.975,6,"1000,1001,1002,1003,1004,1005",77000,200,True
even-palindrome,controls,accuracy,random,61200,0.8966666666666666,0.07575545451575674,0.755,0.985,6,"1000,1001,1002,1003,1004,1005",77000,200,True
even-palindrome,controls,accuracy,random,61400,0.9116666666666666,0.06256108126374484,0.8,0.975,6,"1000,1001,1002,1003,1004,1005",77000,200,True
even-palindrome,controls,accuracy,random,61600,0.91,0.048304589153964794,0.845,0.97,6,"1000,1001,1002,1003,1004,1005",77000,200,True
even-palindrome,controls,accuracy,random,61800,0.91,0.05686240703077328,0.83,0.98,6,"1000,1001,1002,1003,1004,1005",77000,200,True
even-palindrome,controls,accuracy,random,62000,0.9074999999999999,0.06408002808988147,0.81,0.975,6,"1000,1001,1002,1003,1004,1005",77000,200,True
even-palindrome,controls,accuracy,random,62200,0.9158333333333334,0.06858186511186626,0.78,0.98,6,"1000,1001,1002,1003,1004,1005",77000,200,True
even-palindrome,controls,accuracy,random,62400,0.9183333333333333,0.06229410530343587,0.84,1.0,6,"1000,1001,1002,1003,1004,1005",77000,200,True
even-palindrome,controls,accuracy,random,62600,0.9091666666666667,0.08403454977302818,0.785,0.99,6,"1000,1001,1002,1003,1004,1005",77000,200,True
even-palindrome,controls,accuracy,random,62800,0.9125,0.05437140792732886,0.835,0.97,6,"1000,1001,1002,1003,1004,1005",77000,200,True
even-palindrome,controls,accuracy,random,63000,0.9058333333333333,0.07424153524514125,0.805,1.0,6,"1000,1001,1002,1003,1004,1005",77000,200,True
even-palindrome,controls,accuracy,random,63200,0.9275000000000001,0.05226136240091718,0.85,0.98,6,"1000,1001,1002,1003,1004,1005",77000,200,True
even-palindrome,controls,accuracy,random,63400,0.9125,0.06908629868987529,0.81,0.965,6,"1000,1001,1002,1003,1004,1005",77000,200,True
even-palindrome,controls,accuracy,random,63600,0.9158333333333334,0.0614014567326288,0.8,0.985,6,"1000,1001,1002,1003,1004,1005",77000,200,True
even-palindrome,controls,accuracy,random,63800,0.9199999999999999,0.046636895265444074,0.85,0.98,6,"1000,1001,1002,1003,1004,1005",77000,200,True
even-palindrome,controls,accuracy,random,64000,0.9358333333333332,0.04137397195768802,0.88,0.995,6,"1000,1001,1002,1003,1004,1005",77000,200,True
even-palindrome,controls,accuracy,random,64200,0.9075000000000001,0.05153882032022078,0.82,0.98,6,"1000,1001,1002,1003,1004,1005",77000,200,True
even-palindrome,controls,accuracy,random,64400,0.92,0.05220153254455275,0.84,0.98,6,"1000,1001,1002,1003,1004,1005",77000,200,True
even-palindrome,controls,accuracy,random,64600,0.9408333333333333,0.04755844357793424,0.875,0.99,6,"1000,1001,1002,1003,1004,1005",77000,200,True
even-palindrome,controls,accuracy,random,64800,0.9266666666666666,0.042393657806589664,0.86,0.96,6,"1000,1001,1002,1003,1004,1005",77000,200,True
even-palindrome,controls,accuracy,random,65000,0.9216666666666667,0.05639641438562878,0.835,1.0,6,"1000,1001,1002,1003,1004,1005",77000,200,True
even-palindrome,controls,accuracy,random,65200,0.935,0.05099019513592784,0.86,0.99,6,"1000,1001,1002,1003,1004,1005",77000,200,True
even-palindrome,controls,accuracy,random,65400,0.9266666666666666,0.04642796092394706,0.855,0.995,6,"1000,1001,1002,1003,1004,1005",77000,200,True
even-palindrome,controls,accuracy,random,65600,0.9358333333333334,0.04014729823481967,0.875,0.995,6,"1000,1001,1002,1003,1004,1005",77000,200,True
even-palindrome,controls,accuracy,random,65800,0.93,0.037527767497325656,0.88,0.97,6,"1000,1001,1002,1003,1004,1005",77000,200,True
even-palindrome,controls,accuracy,random,66000,0.9166666666666665,0.05799904213768439,0.815,0.98,6,"1000,1001,1002,1003,1004,1005",77000,200,True
even-palindrome,controls,accuracy,random,66200,0.9166666666666666,0.05005552472560402,0.845,0.975,6,"1000,1001,1002,1003,1004,1005",77000,200,True
even-palindrome,controls,accuracy,random,66400,0.9191666666666668,0.07073522617637,0.79,0.99,6,"1000,1001,1002,1003,1004,1005",77000,200,True
even-palindrome,controls,accuracy,random,66600,0.9308333333333332,0.058196267539727606,0.805,0.98,6,"1000,1001,1002,1003,1004,1005",77000,200,True
even-palindrome,controls,accuracy,random,66800,0.9199999999999999,0.05431390245600108,0.82,0.965,6,"1000,1001,1002,1003,1004,1005",77000,200,True
even-palindrome,controls,accuracy,random,67000,0.9283333333333333,0.0432691832858239,0.84,0.98,6,"1000,1001,1002,1003,1004,1005",77000,200,True
even-palindrome,controls,accuracy,random,67200,0.9308333333333333,0.05890788477690308,0.83,0.995,6,"1000,1001,1002,1003,1004,1005",77000,200,True
even-palindrome,controls,accuracy,random,67400,0.9233333333333332,0.060530065991116266,0.815,0.99,6,"1000,1001,1002,1003,1004,1005",77000,200,True
even-palindrome,controls,accuracy,random,67600,0.9108333333333333,0.10698195590326849,0.68,0.995,6,"1000,1001,1002,1003,1004,1005",77000,200,True
even-palindrome,controls,accuracy,random,67800,0.9091666666666667,0.06392812804670223,0.815,0.975,6,"1000,1001,1002,1003,1004,1005",77000,200,True
even-palindrome,controls,accuracy,random,68000,0.94,0.050332229568471665,0.86,0.995,6,"1000,1001,1002,1003,1004,1005",77000,200,True
even-palindrome,controls,accuracy,random,68200,0.9366666666666666,0.03880148908940938,0.865,0.985,6,"1000,1001,1002,1003,1004,1005",77000,200,True
even-palindrome,controls,accuracy,random,68400,0.9275000000000001,0.041104541517128404,0.875,0.995,6,"1000,1001,1002,1003,1004,1005",77000,200,True
even-palindrome,controls,accuracy,random,68600,0.9424999999999999,0.04318082136010538,0.855,0.995,6,"1000,1001,1002,1003,1004,1005",77000,200,True
even-palindrome,controls,accuracy,random,68800,0.9508333333333333,0.03644821288104838,0.895,1.0,6,"1000,1001,1002,1003,1004,1005",77000,200,True
even-palindrome,controls,accuracy,random,69000,0.9333333333333335,0.0390156663690654,0.88,0.99,6,"1000,1001,1002,1003,1004,1005",77000,200,True
even-palindrome,controls,accuracy,random,69200,0.9325000000000001,0.041608292442733084,0.855,0.985,6,"1000,1001,1002,1003,1004,1005",77000,200,True
even-palindrome,controls,accuracy,random,69400,0.9241666666666667,0.049616585488680656,0.83,0.99,6,"1000,1001,1002,1003,1004,1005",77000,200,True
even-palindrome,controls,accuracy,random,69600,0.9316666666666666,0.06920179830675563,0.78,0.98,6,"1000,1001,1002,1003,1004,1005",77000,200,True
even-palindrome,controls,accuracy,random,69800,0.9258333333333333,0.057330668542722854,0.8,0.97,6,"1000,1001,1002,1003,1004,1005",77000,200,True
even-palindrome,controls,accuracy,random,70000,0.9366666666666666,0.04930066485916347,0.835,0.98,6,"1000,1001,1002,1003,1004,1005",77000,200,True
even-palindrome,controls,accuracy,random,70200,0.9474999999999999,0.031191612120354827,0.89,0.995,6,"1000,1001,1002,1003,1004,1005",77000,200,True
even-palindrome,controls,accuracy,random,70400,0.9375,0.0379418414594407,0.86,0.985,6,"1000,1001,1002,1003,1004,1005",77000,200,True
even-palindrome,controls,accuracy,random,70600,0.9491666666666667,0.028198207192814368,0.905,0.985,6,"1000,1001,1002,1003,1004,1005",77000,200,True
even-palindrome,controls,accuracy,random,70800,0.9308333333333333,0.06451205744320632,0.8,0.995,6,"1000,1001,1002,1003,1004,1005",77000,200,True
even-palindrome,controls,accuracy,random,71000,0.9491666666666666,0.04702983686507488,0.85,0.995,6,"1000,1001,1002,1003,1004,1005",77000,200,True
even-palindrome,controls,accuracy,random,71200,0.9483333333333334,0.038477987935383984,0.87,0.995,6,"1000,1001,1002,1003,1004,1005",77000,200,True
even-palindrome,controls,accuracy,random,71400,0.9566666666666666,0.029249881291307067,0.905,0.995,6,"1000,1001,1002,1003,1004,1005",77000,200,True
even-palindrome,controls,accuracy,random,71600,0.9416666666666668,0.031578825535827346,0.88,0.985,6,"1000,1001,1002,1003,1004,1005",77000,200,True
even-palindrome,controls,accuracy,random,71800,0.9591666666666668,0.03690264970914088,0.885,0.99,6,"1000,1001,1002,1003,1004,1005",77000,200,True
even-palindrome,controls,accuracy,random,72000,0.9333333333333332,0.040994579587496145,0.85,0.975,6,"1000,1001,1002,1003,1004,1005",77000,200,True
even-palindrome,controls,accuracy,random,72200,0.9408333333333333,0.03540440964374666,0.88,0.99,6,"1000,1001,1002,1003,1004,1005",77000,200,True
even-palindrome,controls,accuracy,random,72400,0.9491666666666666,0.03457078085448589,0.885,0.995,6,"1000,1001,1002,1003,1004,1005",77000,200,True
even-palindrome,controls,accuracy,random,72600,0.94,0.044907311951024924,0.85,0.99,6,"1000,1001,1002,1003,1004,1005",77000,200,True
even-palindrome,controls,accuracy,random,72800,0.9458333333333333,0.03746294465498169,0.875,0.99,6,"1000,1001,1002,1003,1004,1005",77000,200,True
even-palindrome,controls,accuracy,random,73000,0.9500000000000001,0.05431390245600109,0.835,0.995,6,"1000,1001,1002,1003,1004,1005",77000,200,True
even-palindrome,controls,accuracy,random,73200,0.9491666666666666,0.02760082526946531,0.89,0.975,6,"1000,1001,1002,1003,1004,1005",77000,200,True
even-palindrome,controls,accuracy,random,73400,0.9499999999999998,0.0421307488658818,0.865,0.995,6,"1000,1001,1002,1003,1004,1005",77000,200,True
even-palindrome,controls,accuracy,random,73600,0.9508333333333333,0.047907607839349366,0.855,0.995,6,"1000,1001,1002,1003,1004,1005",77000,200,True
even-palindrome,controls,accuracy,random,73800,0.9483333333333333,0.04169998667732268,0.86,0.985,6,"1000,1001,1002,1003,1004,1005",77000,200,True
even-palindrome,controls,accuracy,random,74000,0.9641666666666667,0.031545822051246154,0.895,0.985,6,"1000,1001,1002,1003,1004,1005",77000,200,True
even-palindrome,controls,accuracy,random,74200,0.9624999999999999,0.02749999999999998,0.92,0.995,6,"1000,1001,1002,1003,1004,1005",77000,200,True
even-palindrome,controls,accuracy,random,74400,0.9466666666666667,0.036590830666833565,0.87,0.975,6,"1000,1001,1002,1003,1004,1005",77000,200,True
even-palindrome,controls,accuracy,random,74600,0.96,0.03354101966249685,0.9,1.0,6,"1000,1001,1002,1003,1004,1005",77000,200,True
even-palindrome,controls,accuracy,random,74800,0.965,0.028577380332470398,0.905,0.99,6,"1000,1001,1002,1003,1004,1005",77000,200,True
even-palindrome,controls,accuracy,random,75000,0.9516666666666668,0.05617433182117573,0.83,1.0,6,"1000,1001,1002,1003,1004,1005",77000,200,True
even-palindrome,controls,accuracy,random,75200,0.9508333333333333,0.03757400105865165,0.875,0.99,6,"1000,1001,1002,1003,1004,1005",77000,200,True
even-palindrome,controls,accuracy,random,75400,0.9575,0.04018187817080398,0.875,0.995,6,"1000,1001,1002,1003,1004,1005",77000,200,True
even-palindrome,controls,accuracy,random,75600,0.9466666666666667,0.03496029493900503,0.895,0.985,6,"1000,1001,1002,1003,1004,1005",77000,200,True
even-palindrome,controls,accuracy,random,75800,0.9625,0.021746647251166464,0.92,0.985,6,"1000,1001,1002,1003,1004,1005",77000,200,True
even-palindrome,controls,accuracy,random,76000,0.9483333333333333,0.04048319267163706,0.865,0.99,6,"1000,1001,1002,1003,1004,1005",77000,200,True
even-palindrome,controls,accuracy,random,76200,0.94,0.0496655480858378,0.845,0.99,6,"1000,1001,1002,1003,1004,1005",77000,200,True
even-palindrome,controls,accuracy,random,76400,0.9508333333333333,0.03493048652522446,0.89,0.99,6,"1000,1001,1002,1003,1004,1005",77000,200,True
even-palindrome,controls,accuracy,random,76600,0.9666666666666667,0.035784850922639805,0.89,1.0,6,"1000,1001,1002,1003,1004,1005",77000,200,True
even-palindrome,controls,accuracy,random,76800,0.9583333333333334,0.033623735003053344,0.895,0.995,6,"1000,1001,1002,1003,1004,1005",77000,200,True
even-palindrome,controls,accuracy,random,77000,0.9599999999999999,0.04092676385936225,0.875,1.0,6,"1000,1001,1002,1003,1004,1005",77000,200,True
even-palindrome,controls,accuracy,wrong,200,0.4766666666666666,0.024094720491334928,0.445,0.5,6,"1000,1001,1002,1003,1004,1005",77000,200,True
even-palindrome,controls,accuracy,wrong,400,0.48666666666666675,0.022484562605386747,0.465,0.525,6,"1000,1001,1002,1003,1004,1005",77000,200,True
even-palindrome,controls,accuracy,wrong,600,0.4975,0.025779513830430038,0.455,0.535,6,"1000,1001,1002,1003,1004,1005",77000,200,True
even-palindrome,controls,accuracy,wrong,800,0.4925,0.026731691553909077,0.45,0.53,6,"1000,1001,1002,1003,1004,1005",77000,200,True
even-palindrome,controls,accuracy,wrong,1000,0.49249999999999994,0.020966242709015214,0.465,0.525,6,"1000,1001,1002,1003,1004,1005",77000,200,True
even-palindrome,controls,accuracy,wrong,1200,0.5158333333333333,0.03074311124282789,0.475,0.55,6,"1000,1001,1002,1003,1004,1005",77000,200,True
even-palindrome,controls,accuracy,wrong,1400,0.5058333333333334,0.015656911856713293,0.49,0.53,6,"1000,1001,1002,1003,1004,1005",77000,200,True
even-palindrome,controls,accuracy,wrong,1600,0.515,0.008164965809277268,0.505,0.53,6,"1000,1001,1002,1003,1004,1005",77000,200,True
even-palindrome,controls,accuracy,wrong,1800,0.5283333333333333,0.03782268572636739,0.475,0.595,6,"1000,1001,1002,1003,1004,1005",77000,200,True
even-palindrome,controls,accuracy,wrong,2000,0.54,0.03366501646120692,0.485,0.575,6,"1000,1001,1002,1003,1004,1005",77000,200,True
even-palindrome,controls,accuracy,wrong,2200,0.5458333333333333,0.021874007914011128,0.525,0.59,6,"1000,1001,1002,1003,1004,1005",77000,200,True
even-palindrome,controls,accuracy,wrong,2400,0.5558333333333333,0.023348209543536468,0.53,0.59,6,"1000,1001,1002,1003,1004,1005",77000,200,True
even-palindrome,controls,accuracy,wrong,2600,0.5566666666666668,0.023921166824012182,0.515,0.585,6,"1000,1001,1002,1003,1004,1005",77000,200,True
even-palindrome,controls,accuracy,wrong,2800,0.5933333333333333,0.02748737083745107,0.56,0.645,6,"1000,1001,1002,1003,1004,1005",77000,200,True
even-palindrome,controls,accuracy,wrong,3000,0.5758333333333333,0.022438186696393747,0.545,0.61,6,"1000,1001,1002,1003,1004,1005",77000,200,True
even-palindrome,controls,accuracy,wrong,3200,0.5624999999999999,0.02968585521759478,0.5,0.59,6,"1000,1001,1002,1003,1004,1005",77000,200,True
even-palindrome,controls,accuracy,wrong,3400,0.5916666666666667,0.023921166824012196,0.55,0.62,6,"1000,1001,1002,1003,1004,1005",77000,200,True
even-palindrome,controls,accuracy,wrong,3600,0.5791666666666666,0.024224069756247715,0.545,0.625,6,"1000,1001,1002,1003,1004,1005",77000,200,True
even-palindrome,controls,accuracy,wrong,3800,0.5758333333333333,0.020292992769809847,0.555,0.615,6,"1000,1001,1002,1003,1004,1005",77000,200,True
even-palindrome,controls,accuracy,wrong,4000,0.5741666666666666,0.04540710908608425,0.495,0.63,6,"1000,1001,1002,1003,1004,1005",77000,200,True
even-palindrome,controls,accuracy,wrong,4200,0.5808333333333334,0.018800856954464106,0.56,0.61,6,"1000,1001,1002,1003,1004,1005",77000,200,True
even-palindrome,controls,accuracy,wrong,4400,0.5816666666666667,0.030912061651652323,0.54,0.63,6,"1000,1001,1002,1003,1004,1005",77000,200,True
even-palindrome,controls,accuracy,wrong,4600,0.5983333333333333,0.018856180831641284,0.57,0.625,6,"1000,1001,1002,1003,1004,1005",77000,200,True
even-palindrome,controls,accuracy,wrong,4800,0.5841666666666666,0.011334558757279546,0.57,0.605,6,"1000,1001,1002,1003,1004,1005",77000,200,True
even-palindrome,controls,accuracy,wrong,5000,0.5916666666666667,0.0292498812913071,0.565,0.635,6,"1000,1001,1002,1003,1004,1005",77000,200,True
even-palindrome,controls,accuracy,wrong,5200,0.5966666666666667,0.03324989557210001,0.55,0.655,6,"1000,1001,1002,1003,1004,1005",77000,200,True
even-palindrome,controls,accuracy,wrong,5400,0.5766666666666667,0.06046119049072351,0.445,0.625,6,"1000,1001,1002,1003,1004,1005",77000,200,True
even-palindrome,controls,accuracy,wrong,5600,0.59,0.019148542155126777,0.565,0.62,6,"1000,1001,1002,1003,1004,1005",77000,200,True
even-palindrome,controls,accuracy,wrong,5800,0.6258333333333334,0.03371654720690655,0.575,0.66,6,"1000,1001,1002,1003,1004,1005",77000,200,True
even-palindrome,controls,accuracy,wrong,6000,0.5983333333333334,0.04561310727801337,0.53,0.655,6,"1000,1001,1002,1003,1004,1005",77000,200,True
even-palindrome,controls,accuracy,wrong,6200,0.5958333333333333,0.029918871785027064,0.545,0.645,6,"1000,1001,1002,1003,1004,1005",77000,200,True
even-palindrome,controls,accuracy,wrong,6400,0.5908333333333333,0.016687486995417337,0.57,0.615,6,"1000,1001,1002,1003,1004,1005",77000,200,True
even-palindrome,controls,accuracy,wrong,6600,0.61,0.03439961240091715,0.545,0.65,6,"1000,1001,1002,1003,1004,1005",77000,200,True
even-palindrome,controls,accuracy,wrong,6800,0.6191666666666668,0.04902522026694241,0.535,0.7,6,"1000,1001,1002,1003,1004,1005",77000,200,True
even-palindrome,controls,accuracy,wrong,7000,0.6091666666666666,0.03972999147020074,0.56,0.665,6,"1000,1001,1002,1003,1004,1005",77000,200,True
even-palindrome,controls,accuracy,wrong,7200,0.625,0.03227486121839513,0.585,0.69,6,"1000,1001,1002,1003,1004,1005",77000,200,True
even-palindrome,controls,accuracy,wrong,7400,0.6266666666666666,0.04749268949591671,0.565,0.695,6,"1000,1001,1002,1003,1004,1005",77000,200,True
even-palindrome,controls,accuracy,wrong,7600,0.6266666666666666,0.048102898965539355,0.555,0.71,6,"1000,1001,1002,1003,1004,1005",77000,200,True
even-palindrome,controls,accuracy,wrong,7800,0.6158333333333332,0.03180889113998722,0.575,0.68,6,"1000,1001,1002,1003,1004,1005",77000,200,True
even-palindrome,controls,accuracy,wrong,8000,0.6333333333333334,0.04801620096962643,0.56,0.72,6,"1000,1001,1002,1003,1004,1005",77000,200,True
even-palindrome,controls,accuracy,wrong,8200,0.6375000000000001,0.029825883613622158,0.585,0.675,6,"1000,1001,1002,1003,1004,1005",77000,200,True
even-palindrome,controls,accuracy,wrong,8400,0.63,0.031885210782848346,0.585,0.665,6,"1000,1001,1002,1003,1004,1005",77000,200,True
even-palindrome,controls,accuracy,wrong,8600,0.6183333333333333,0.025927248643506765,0.565,0.64,6,"1000,1001,1002,1003,1004,1005",77000,200,True
even-palindrome,controls,accuracy,wrong,8800,0.645,0.056273143387113755,0.56,0.75,6,"1000,1001,1002,1003,1004,1005",77000,200,True
even-palindrome,controls,accuracy,wrong,9000,0.6491666666666667,0.02225171653803117,0.61,0.68,6,"1000,1001,1002,1003,1004,1005",77000,200,True
even-palindrome,controls,accuracy,wrong,9200,0.6291666666666665,0.035168246410015314,0.595,0.7,6,"1000,1001,1002,1003,1004,1005",77000,200,True
even-palindrome,controls,accuracy,wrong,9400,0.6575000000000001,0.03966001344763597,0.615,0.71,6,"1000,1001,1002,1003,1004,1005",77000,200,True
even-palindrome,controls,accuracy,wrong,9600,0.6516666666666667,0.037043517951488095,0.615,0.71,6,"1000,1001,1002,1003,1004,1005",77000,200,True
even-palindrome,controls,accuracy,wrong,9800,0.6499999999999999,0.04573474244670747,0.57,0.715,6,"1000,1001,1002,1003,1004,1005",77000,200,True
even-palindrome,controls,accuracy,wrong,10000,0.6491666666666666,0.01902118701752223,0.615,0.67,6,"1000,1001,1002,1003,1004,1005",77000,200,True
even-palindrome,controls,accuracy,wrong,10200,0.6616666666666667,0.027028791233711425,0.615,0.695,6,"1000,1001,1002,1003,1004,1005",77000,200,True
even-palindrome,controls,accuracy,wrong,10400,0.6525,0.042303467154990206,0.565,0.7,6,"1000,1001,1002,1003,1004,1005",77000,200,True
even-palindrome,controls,accuracy,wrong,10600,0.6574999999999999,0.04625563028792639,0.61,0.735,6,"1000,1001,1002,1003,1004,1005",77000,200,True
even-palindrome,controls,accuracy,wrong,10800,0.6675,0.019737865470545003,0.645,0.705,6,"1000,1001,1002,1003,1004,1005",77000,200,True
even-palindrome,controls,accuracy,wrong,11000,0.6816666666666666,0.0410960933531265,0.62,0.73,6,"1000,1001,1002,1003,1004,1005",77000,200,True
even-palindrome,controls,accuracy,wrong,11200,0.6591666666666667,0.030057814661452374,0.615,0.695,6,"1000,1001,1002,1003,1004,1005",77000,200,True
even-palindrome,controls,accuracy,wrong,11400,0.6966666666666667,0.049637575372784765,0.65,0.77,6,"1000,1001,1002,1003,1004,1005",77000,200,True
even-palindrome,controls,accuracy,wrong,11600,0.6508333333333334,0.04014729823481968,0.62,0.73,6,"1000,1001,1002,1003,1004,1005",77000,200,True
even-palindrome,controls,accuracy,wrong,11800,0.6716666666666667,0.05550275268448905,0.585,0.75,6,"1000,1001,1002,1003,1004,1005",77000,200,True
even-palindrome,controls,accuracy,wrong,12000,0.6716666666666667,0.04139914116124739,0.595,0.725,6,"1000,1001,1002,1003,1004,1005",77000,200,True
even-palindrome,controls,accuracy,wrong,12200,0.6691666666666668,0.03408526889369591,0.615,0.7,6,"1000,1001,1002,1003,1004,1005",77000,200,True
even-palindrome,controls,accuracy,wrong,12400,0.6883333333333334,0.05280993172584954,0.605,0.76,6,"1000,1001,1002,1003,1004,1005",77000,200,True
even-palindrome,controls,accuracy,wrong,12600,0.6741666666666667,0.05926048899187009,0.595,0.765,6,"1000,1001,1002,1003,1004,1005",77000,200,True
even-palindrome,controls,accuracy,wrong,12800,0.6858333333333334,0.03321855237999124,0.635,0.745,6,"1000,1001,1002,1003,1004,1005",77000,200,True
even-palindrome,controls,accuracy,wrong,13000,0.6658333333333334,0.052234779814049385,0.6,0.725,6,"1000,1001,1002,1003,1004,1005",77000,200,True
even-palindrome,controls,accuracy,wrong,13200,0.6716666666666667,0.04374801582802229,0.585,0.715,6,"1000,1001,1002,1003,1004,1005",77000,200,True
even-palindrome,controls,accuracy,wrong,13400,0.6575,0.03837859646556486,0.59,0.715,6,"1000,1001,1002,1003,1004,1005",77000,200,True
even-palindrome,controls,accuracy,wrong,13600,0.6866666666666666,0.046785562825394,0.615,0.765,6,"1000,1001,1002,1003,1004,1005",77000,200,True
even-palindrome,controls,accuracy,wrong,13800,0.6741666666666667,0.05585820341622964,0.62,0.78,6,"1000,1001,1002,1003,1004,1005",77000,200,True
even-palindrome,controls,accuracy,wrong,14000,0.6999999999999998,0.026299556396765823,0.65,0.74,6,"1000,1001,1002,1003,1004,1005",77000,200,True
even-palindrome,controls,accuracy,wrong,14200,0.6699999999999999,0.049749371855331,0.58,0.735,6,"1000,1001,1002,1003,1004,1005",77000,200,True
even-palindrome,controls,accuracy,wrong,14400,0.6833333333333335,0.03793268892247013,0.635,0.745,6,"1000,1001,1002,1003,1004,1005",77000,200,True
even-palindrome,controls,accuracy,wrong,14600,0.6924999999999999,0.039343572113709584,0.615,0.73,6,"1000,1001,1002,1003,1004,1005",77000,200,True
even-palindrome,controls,accuracy,wrong,14800,0.7050000000000001,0.03905124837953326,0.65,0.765,6,"1000,1001,1002,1003,1004,1005",77000,200,True
even-palindrome,controls,accuracy,wrong,15000,0.7325,0.04479118216792229,0.68,0.805,6,"1000,1001,1002,1003,1004,1005",77000,200,True
even-palindrome,controls,accuracy,wrong,15200,0.7008333333333333,0.061874649269488574,0.58,0.755,6,"1000,1001,1002,1003,1004,1005",77000,200,True
even-palindrome,controls,accuracy,wrong,15400,0.6925,0.05022864388639879,0.605,0.755,6,"1000,1001,1002,1003,1004,1005",77000,200,True
even-palindrome,controls,accuracy,wrong,15600,0.7200000000000001,0.07262919523166976,0.645,0.81,6,"1000,1001,1002,1003,1004,1005",77000,200,True
even-palindrome,controls,accuracy,wrong,15800,0.7416666666666667,0.06446359868604572,0.645,0.855,6,"1000,1001,1002,1003,1004,1005",77000,200,True
even-palindrome,controls,accuracy,wrong,16000,0.6716666666666667,0.05497474167490214,0.59,0.75,6,"1000,1001,1002,1003,1004,1005",77000,200,True
even-palindrome,controls,accuracy,wrong,16200,0.7275,0.06762334409556114,0.655,0.82,6,"1000,1001,1002,1003,1004,1005",77000,200,True
even-palindrome,controls,accuracy,wrong,16400,0.7141666666666667,0.06373229601666298,0.625,0.805,6,"1000,1001,1002,1003,1004,1005",77000,200,True
even-palindrome,controls,accuracy,wrong,16600,0.7075,0.08439737357682801,0.615,0.84,6,"1000,1001,1002,1003,1004,1005",77000,200,True
even-palindrome,controls,accuracy,wrong,16800,0.7158333333333333,0.07396038729542245,0.64,0.845,6,"1000,1001,1002,1003,1004,1005",77000,200,True
even-palindrome,controls,accuracy,wrong,17000,0.6991666666666667,0.05897857426406833,0.64,0.795,6,"1000,1001,1002,1003,1004,1005",77000,200,True
even-palindrome,controls,accuracy,wrong,17200,0.7374999999999999,0.05625462943912557,0.685,0.83,6,"1000,1001,1002,1003,1004,1005",77000,200,True
even-palindrome,controls,accuracy,wrong,17400,0.7116666666666666,0.06025409160841738,0.635,0.815,6,"1000,1001,1002,1003,1004,1005",77000,200,True
even-palindrome,controls,accuracy,wrong,17600,0.7366666666666667,0.07559026980299041,0.665,0.84,6,"1000,1001,1002,1003,1004,1005",77000,200,True
even-palindrome,controls,accuracy,wrong,17800,0.7366666666666667,0.06413960468297951,0.66,0.845,6,"1000,1001,1002,1003,1004,1005",77000,200,True
even-palindrome,controls,accuracy,wrong,18000,0.7200000000000001,0.05894913061275795,0.67,0.815,6,"1000,1001,1002,1003,1004,1005",77000,200,True
even-palindrome,controls,accuracy,wrong,18200,0.7358333333333333,0.0806441084160661,0.61,0.86,6,"1000,1001,1002,1003,1004,1005",77000,200,True
even-palindrome,controls,accuracy,wrong,18400,0.7258333333333332,0.06425318842067079,0.615,0.805,6,"1000,1001,1002,1003,1004,1005",77000,200,True
even-palindrome,controls,accuracy,wrong,18600,0.7475,0.08778524933039718,0.625,0.87,6,"1000,1001,1002,1003,1004,1005",77000,200,True
even-palindrome,controls,accuracy,wrong,18800,0.7741666666666666,0.06392812804670221,0.68,0.865,6,"1000,1001,1002,1003,1004,1005",77000,200,True
even-palindrome,controls,accuracy,wrong,19000,0.745,0.07889866919029749,0.67,0.855,6,"1000,1001,1002,1003,1004,1005",77000,200,True
even-palindrome,controls,accuracy,wrong,19200,0.7283333333333334,0.08137703743822469,0.615,0.86,6,"1000,1001,1002,1003,1004,1005",77000,200,True
even-palindrome,controls,accuracy,wrong,19400,0.7808333333333334,0.07032168149929927,0.68,0.875,6,"1000,1001,1002,1003,1004,1005",77000,200,True
even-palindrome,controls,accuracy,wrong,19600,0.7691666666666667,0.08217951218048342,0.635,0.875,6,"1000,1001,1002,1003,1004,1005",77000,200,True
even-palindrome,controls,accuracy,wrong,19800,0.7433333333333333,0.07803133273813083,0.645,0.88,6,"1000,1001,1002,1003,1004,1005",77000,200,True
even-palindrome,controls,accuracy,wrong,20000,0.785,0.08972179222463182,0.705,0.92,6,"1000,1001,1002,1003,1004,1005",77000,200,True
even-palindrome,controls,accuracy,wrong,20200,0.7358333333333333,0.08105639326351062,0.595,0.86,6,"1000,1001,1002,1003,1004,1005",77000,200,True
even-palindrome,controls,accuracy,wrong,20400,0.7775,0.08479141072852446,0.66,0.885,6,"1000,1001,1002,1003,1004,1005",77000,200,True
even-palindrome,controls,accuracy,wrong,20600,0.8016666666666666,0.07408703590297624,0.735,0.92,6,"1000,1001,1002,1003,1004,1005",77000,200,True
even-palindrome,controls,accuracy,wrong,20800,0.7908333333333334,0.0571122189689348,0.705,0.875,6,"1000,1001,1002,1003,1004,1005",77000,200,True
even-palindrome,controls,accuracy,wrong,21000,0.7841666666666667,0.08833726406348692,0.665,0.895,6,"1000,1001,1002,1003,1004,1005",77000,200,True
even-palindrome,controls,accuracy,wrong,21200,0.7891666666666666,0.06126558758570934,0.695,0.865,6,"1000,1001,1002,1003,1004,1005",77000,200,True
even-palindrome,controls,accuracy,wrong,21400,0.7891666666666666,0.0825841321858436,0.67,0.885,6,"1000,1001,1002,1003,1004,1005",77000,200,True
even-palindrome,controls,accuracy,wrong,21600,0.8008333333333333,0.060924589088114135,0.725,0.89,6,"1000,1001,1002,1003,1004,1005",77000,200,True
even-palindrome,controls,accuracy,wrong,21800,0.7858333333333333,0.08043717355109445,0.65,0.915,6,"1000,1001,1002,1003,1004,1005",77000,200,True
even-palindrome,controls,accuracy,wrong,22000,0.8108333333333334,0.060650409909762545,0.73,0.895,6,"1000,1001,1002,1003,1004,1005",77000,200,True
even-palindrome,controls,accuracy,wrong,22200,0.8291666666666667,0.07939440926300934,0.71,0.94,6,"1000,1001,1002,1003,1004,1005",77000,200,True
even-palindrome,controls,accuracy,wrong,22400,0.8125,0.07290118883347058,0.715,0.935,6,"1000,1001,1002,1003,1004,1005",77000,200,True
even-palindrome,controls,accuracy,wrong,22600,0.8283333333333335,0.07564537145273481,0.715,0.93,6,"1000,1001,1002,1003,1004,1005",77000,200,True
even-palindrome,controls,accuracy,wrong,22800,0.8175,0.04385107372307623,0.76,0.895,6,"1000,1001,1002,1003,1004,1005",77000,200,True
even-palindrome,controls,accuracy,wrong,23000,0.8266666666666668,0.0759202798262025,0.72,0.93,6,"1000,1001,1002,1003,1004,1005",77000,200,True
even-palindrome,controls,accuracy,wrong,23200,0.8075,0.07531876702832216,0.715,0.89,6,"1000,1001,1002,1003,1004,1005",77000,200,True
even-palindrome,controls,accuracy,wrong,23400,0.8250000000000001,0.0706517279807555,0.715,0.9,6,"1000,1001,1002,1003,1004,1005",77000,200,True
even-palindrome,controls,accuracy,wrong,23600,0.8183333333333334,0.09136313382443834,0.72,0.935,6,"1000,1001,1002,1003,1004,1005",77000,200,True
even-palindrome,controls,accuracy,wrong,23800,0.8366666666666668,0.08188745664358833,0.705,0.93,6,"1000,1001,1002,1003,1004,1005",77000,200,True
even-palindrome,controls,accuracy,wrong,24000,0.8316666666666666,0.09676718911329855,0.66,0.955,6,"1000,1001,1002,1003,1004,1005",77000,200,True
even-palindrome,controls,accuracy,wrong,24200,0.8324999999999999,0.10475169051937377,0.635,0.945,6,"1000,1001,1002,1003,1004,1005",77000,200,True
even-palindrome,controls,accuracy,wrong,24400,0.85,0.09669539802906857,0.735,0.98,6,"1000,1001,1002,1003,1004,1005",77000,200,True
even-palindrome,controls,accuracy,wrong,24600,0.8583333333333333,0.06485025486114576,0.75,0.935,6,"1000,1001,1002,1003,1004,1005",77000,200,True
even-palindrome,controls,accuracy,wrong,24800,0.8716666666666667,0.07318166133366713,0.77,0.97,6,"1000,1001,1002,1003,1004,1005",77000,200,True
even-palindrome,controls,accuracy,wrong,25000,0.8658333333333333,0.08492235015327564,0.755,0.975,6,"1000,1001,1002,1003,1004,1005",77000,200,True
even-palindrome,controls,accuracy,wrong,25200,0.8666666666666667,0.07706418681131261,0.75,0.975,6,"1000,1001,1002,1003,1004,1005",77000,200,True
even-palindrome,controls,accuracy,wrong,25400,0.8491666666666667,0.08941554053344916,0.74,0.98,6,"1000,1001,1002,1003,1004,1005",77000,200,True
even-palindrome,controls,accuracy,wrong,25600,0.8533333333333334,0.0813770374382247,0.71,0.965,6,"1000,1001,1002,1003,1004,1005",77000,200,True
even-palindrome,controls,accuracy,wrong,25800,0.8591666666666667,0.07796455747467707,0.71,0.945,6,"1000,1001,1002,1003,1004,1005",77000,200,True
even-palindrome,controls,accuracy,wrong,26000,0.8899999999999998,0.06551081335677847,0.78,0.97,6,"1000,1001,1002,1003,1004,1005",77000,200,True
even-palindrome,controls,accuracy,wrong,26200,0.8541666666666666,0.0822301985620584,0.755,0.97,6,"1000,1001,1002,1003,1004,1005",77000,200,True
even-palindrome,controls,accuracy,wrong,26400,0.8999999999999999,0.05446711546122732,0.82,0.965,6,"1000,1001,1002,1003,1004,1005",77000,200,True
even-palindrome,controls,accuracy,wrong,26600,0.8841666666666667,0.0723081753484502,0.78,0.99,6,"1000,1001,1002,1003,1004,1005",77000,200,True
even-palindrome,controls,accuracy,wrong,26800,0.895,0.053696678978623374,0.84,0.975,6,"1000,1001,1002,1003,1004,1005",77000,200,True
even-palindrome,controls,accuracy,wrong,27000,0.8908333333333333,0.05578355990393185,0.805,0.965,6,"1000,1001,1002,1003,1004,1005",77000,200,True
even-palindrome,controls,accuracy,wrong,27200,0.9091666666666667,0.07161335226214606,0.775,0.99,6,"1000,1001,1002,1003,1004,1005",77000,200,True
even-palindrome,controls,accuracy,wrong,27400,0.9233333333333333,0.04487637339278752,0.855,0.97,6,"1000,1001,1002,1003,1004,1005",77000,200,True
even-palindrome,controls,accuracy,wrong,27600,0.9125,0.03976493430146716,0.85,0.97,6,"1000,1001,1002,1003,1004,1005",77000,200,True
even-palindrome,controls,accuracy,wrong,27800,0.9049999999999999,0.07461009761866463,0.755,0.99,6,"1000,1001,1002,1003,1004,1005",77000,200,True
even-palindrome,controls,accuracy,wrong,28000,0.9058333333333334,0.05883711036034617,0.79,0.96,6,"1000,1001,1002,1003,1004,1005",77000,200,True
even-palindrome,controls,accuracy,wrong,28200,0.9066666666666666,0.04870546398734152,0.815,0.955,6,"1000,1001,1002,1003,1004,1005",77000,200,True
even-palindrome,controls,accuracy,wrong,28400,0.8975,0.06811448695639814,0.765,0.965,6,"1000,1001,1002,1003,1004,1005",77000,200,True
even-palindrome,controls,accuracy,wrong,28600,0.9058333333333334,0.06572776345570329,0.795,0.965,6,"1000,1001,1002,1003,1004,1005",77000,200,True
even-palindrome,controls,accuracy,wrong,28800,0.9258333333333333,0.06692138837637948,0.79,0.995,6,"1000,1001,1002,1003,1004,1005",77000,200,True
even-palindrome,controls,accuracy,wrong,29000,0.8816666666666667,0.07312470322826768,0.75,0.97,6,"1000,1001,1002,1003,1004,1005",77000,200,True
even-palindrome,controls,accuracy,wrong,29200,0.9116666666666666,0.08234412884690417,0.75,0.995,6,"1000,1001,1002,1003,1004,1005",77000,200,True
even-palindrome,controls,accuracy,wrong,29400,0.9049999999999999,0.07112196097783954,0.755,0.975,6,"1000,1001,1002,1003,1004,1005",77000,200,True
even-palindrome,controls,accuracy,wrong,29600,0.9158333333333334,0.0807473769783817,0.755,0.99,6,"1000,1001,1002,1003,1004,1005",77000,200,True
even-palindrome,controls,accuracy,wrong,29800,0.9225,0.05928392137277468,0.795,0.975,6,"1000,1001,1002,1003,1004,1005",77000,200,True
even-palindrome,controls,accuracy,wrong,30000,0.9083333333333333,0.07074995092263707,0.765,0.99,6,"1000,1001,1002,1003,1004,1005",77000,200,True
even-palindrome,controls,accuracy,wrong,30200,0.9325000000000001,0.06681753761800363,0.785,0.97,6,"1000,1001,1002,1003,1004,1005",77000,200,True
even-palindrome,controls,accuracy,wrong,30400,0.9325000000000001,0.05691733772176395,0.83,0.995,6,"1000,1001,1002,1003,1004,1005",77000,200,True
even-palindrome,controls,accuracy,wrong,30600,0.9250000000000002,0.04778423728943817,0.83,0.97,6,"1000,1001,1002,1003,1004,1005",77000,200,True
even-palindrome,controls,accuracy,wrong,30800,0.9375,0.0781424980404389,0.775,1.0,6,"1000,1001,1002,1003,1004,1005",77000,200,True
even-palindrome,controls,accuracy,wrong,31000,0.9158333333333334,0.07299638499420516,0.775,0.985,6,"1000,1001,1002,1003,1004,1005",77000,200,True
even-palindrome,controls,accuracy,wrong,31200,0.93,0.05845225972250061,0.82,0.985,6,"1000,1001,1002,1003,1004,1005",77000,200,True
even-palindrome,controls,accuracy,wrong,31400,0.9383333333333334,0.050470013099089064,0.855,0.995,6,"1000,1001,1002,1003,1004,1005",77000,200,True
even-palindrome,controls,accuracy,wrong,31600,0.9266666666666666,0.06767980168082316,0.81,1.0,6,"1000,1001,1002,1003,1004,1005",77000,200,True
even-palindrome,controls,accuracy,wrong,31800,0.9208333333333333,0.05897857426406833,0.825,0.98,6,"1000,1001,1002,1003,1004,1005",77000,200,True
even-palindrome,controls,accuracy,wrong,32000,0.9274999999999999,0.06811448695639813,0.795,0.985,6,"1000,1001,1002,1003,1004,1005",77000,200,True
even-palindrome,controls,accuracy,wrong,32200,0.9266666666666666,0.06637435917246624,0.79,0.985,6,"1000,1001,1002,1003,1004,1005",77000,200,True
even-palindrome,controls,accuracy,wrong,32400,0.9274999999999999,0.06600189391222044,0.84,1.0,6,"1000,1001,1002,1003,1004,1005",77000,200,True
even-palindrome,controls,accuracy,wrong,32600,0.9108333333333333,0.07870920460078916,0.76,0.99,6,"1000,1001,1002,1003,1004,1005",77000,200,True
even-palindrome,controls,accuracy,wrong,32800,0.9249999999999999,0.07621242243449117,0.775,1.0,6,"1000,1001,1002,1003,1004,1005",77000,200,True
even-palindrome,controls,accuracy,wrong,33000,0.9349999999999999,0.053463383107818126,0.86,0.995,6,"1000,1001,1002,1003,1004,1005",77000,200,True
even-palindrome,controls,accuracy,wrong,33200,0.9308333333333333,0.051430913747364915,0.85,0.985,6,"1000,1001,1002,1003,1004,1005",77000,200,True
even-palindrome,controls,accuracy,wrong,33400,0.9325,0.05398688112248505,0.86,0.995,6,"1000,1001,1002,1003,1004,1005",77000,200,True
even-palindrome,controls,accuracy,wrong,33600,0.9416666666666668,0.04714045207910316,0.86,0.99,6,"1000,1001,1002,1003,1004,1005",77000,200,True
even-palindrome,controls,accuracy,wrong,33800,0.9483333333333333,0.039860869143671304,0.895,0.99,6,"1000,1001,1002,1003,1004,1005",77000,200,True
even-palindrome,controls,accuracy,wrong,34000,0.9391666666666666,0.04808123912250551,0.86,1.0,6,"1000,1001,1002,1003,1004,1005",77000,200,True
even-palindrome,controls,accuracy,wrong,34200,0.9375,0.05145791160420977,0.855,0.99,6,"1000,1001,1002,1003,1004,1005",77000,200,True
even-palindrome,controls,accuracy,wrong,34400,0.9466666666666668,0.04758034141206732,0.87,1.0,6,"1000,1001,1002,1003,1004,1005",77000,200,True
even-palindrome,controls,accuracy,wrong,34600,0.9466666666666667,0.05497474167490214,0.835,1.0,6,"1000,1001,1002,1003,1004,1005",77000,200,True
even-palindrome,controls,accuracy,wrong,34800,0.935,0.05787918451395113,0.845,1.0,6,"1000,1001,1002,1003,1004,1005",77000,200,True
even-palindrome,controls,accuracy,wrong,35000,0.9533333333333333,0.04365266951236264,0.88,1.0,6,"1000,1001,1002,1003,1004,1005",77000,200,True
even-palindrome,controls,accuracy,wrong,35200,0.9608333333333333,0.031413461374951254,0.915,0.995,6,"1000,1001,1002,1003,1004,1005",77000,200,True
even-palindrome,controls,accuracy,wrong,35400,0.945,0.035472994422987916,0.905,0.99,6,"1000,1001,1002,1003,1004,1005",77000,200,True
even-palindrome,controls,accuracy,wrong,35600,0.9425,0.048023431780746355,0.87,0.995,6,"1000,1001,1002,1003,1004,1005",77000,200,True
even-palindrome,controls,accuracy,wrong,35800,0.9358333333333334,0.046135368452221354,0.86,0.99,6,"1000,1001,1002,1003,1004,1005",77000,200,True
even-palindrome,controls,accuracy,wrong,36000,0.9416666666666665,0.0460675832036175,0.89,1.0,6,"1000,1001,1002,1003,1004,1005",77000,200,True
even-palindrome,controls,accuracy,wrong,36200,0.9516666666666667,0.04588633299312067,0.865,1.0,6,"1000,1001,1002,1003,1004,1005",77000,200,True
even-palindrome,controls,accuracy,wrong,36400,0.9441666666666665,0.05487991942008986,0.835,0.99,6,"1000,1001,1002,1003,1004,1005",77000,200,True
even-palindrome,controls,accuracy,wrong,36600,0.9416666666666668,0.04731689855526129,0.87,1.0,6,"1000,1001,1002,1003,1004,1005",77000,200,True
even-palindrome,controls,accuracy,wrong,36800,0.945,0.04453463071962461,0.885,1.0,6,"1000,1001,1002,1003,1004,1005",77000,200,True
even-palindrome,controls,accuracy,wrong,37000,0.9491666666666667,0.030743111242827848,0.9,1.0,6,"1000,1001,1002,1003,1004,1005",77000,200,True
even-palindrome,controls,accuracy,wrong,37200,0.9441666666666665,0.04911013699385856,0.87,0.995,6,"1000,1001,1002,1003,1004,1005",77000,200,True
even-palindrome,controls,accuracy,wrong,37400,0.9641666666666667,0.03667613514110898,0.895,1.0,6,"1000,1001,1002,1003,1004,1005",77000,200,True
even-palindrome,controls,accuracy,wrong,37600,0.9575,0.034490336810958123,0.89,1.0,6,"1000,1001,1002,1003,1004,1005",77000,200,True
even-palindrome,controls,accuracy,wrong,37800,0.9575,0.03300883720056392,0.915,1.0,6,"1000,1001,1002,1003,1004,1005",77000,200,True
even-palindrome,controls,accuracy,wrong,38000,0.9583333333333334,0.038801489089409384,0.88,0.995,6,"1000,1001,1002,1003,1004,1005",77000,200,True
even-palindrome,controls,accuracy,wrong,38200,0.9500000000000001,0.030956959368344493,0.9,0.98,6,"1000,1001,1002,1003,1004,1005",77000,200,True
even-palindrome,controls,accuracy,wrong,38400,0.9624999999999999,0.03275540667838922,0.915,1.0,6,"1000,1001,1002,1003,1004,1005",77000,200,True
even-palindrome,controls,accuracy,wrong,38600,0.9600000000000001,0.04406434688800762,0.875,1.0,6,"1000,1001,1002,1003,1004,1005",77000,200,True
even-palindrome,controls,accuracy,wrong,38800,0.9483333333333334,0.040688518719112325,0.905,1.0,6,"1000,1001,1002,1003,1004,1005",77000,200,True
even-palindrome,controls,accuracy,wrong,39000,0.9608333333333334,0.031808891139987173,0.905,0.99,6,"1000,1001,1002,1003,1004,1005",77000,200,True
even-palindrome,controls,accuracy,wrong,39200,0.9508333333333332,0.03296673407475412,0.89,0.98,6,"1000,1001,1002,1003,1004,1005",77000,200,True
even-palindrome,controls,accuracy,wrong,39400,0.9624999999999999,0.030516389039334246,0.895,0.98,6,"1000,1001,1002,1003,1004,1005",77000,200,True
even-palindrome,controls,accuracy,wrong,39600,0.9625,0.03461093276215864,0.9,1.0,6,"1000,1001,1002,1003,1004,1005",77000,200,True
even-palindrome,controls,accuracy,wrong,39800,0.9633333333333334,0.03496029493900503,0.915,1.0,6,"1000,1001,1002,1003,1004,1005",77000,200,True
even-palindrome,controls,accuracy,wrong,40000,0.96,0.030956959368344496,0.91,0.99,6,"1000,1001,1002,1003,1004,1005",77000,200,True
even-palindrome,controls,accuracy,wrong,40200,0.9641666666666665,0.03206980234148974,0.92,1.0,6,"1000,1001,1002,1003,1004,1005",77000,200,True
even-palindrome,controls,accuracy,wrong,40400,0.9575,0.03660031875999623,0.9,0.995,6,"1000,1001,1002,1003,1004,1005",77000,200,True
even-palindrome,controls,accuracy,wrong,40600,0.9525,0.03944933459514874,0.875,0.99,6,"1000,1001,1002,1003,1004,1005",77000,200,True
even-palindrome,controls,accuracy,wrong,40800,0.9525,0.03902456491322697,0.885,0.99,6,"1000,1001,1002,1003,1004,1005",77000,200,True
even-palindrome,controls,accuracy,wrong,41000,0.9591666666666666,0.03690264970914087,0.895,1.0,6,"1000,1001,1002,1003,1004,1005",77000,200,True
even-palindrome,controls,accuracy,wrong,41200,0.9541666666666667,0.024902587995806538,0.92,0.99,6,"1000,1001,1002,1003,1004,1005",77000,200,True
even-palindrome,controls,accuracy,wrong,41400,0.9583333333333334,0.03555121501283588,0.905,0.995,6,"1000,1001,1002,1003,1004,1005",77000,200,True
even-palindrome,controls,accuracy,wrong,41600,0.945,0.048131763593978825,0.875,0.99,6,"1000,1001,1002,1003,1004,1005",77000,200,True
even-palindrome,controls,accuracy,wrong,41800,0.9575,0.025454207248835414,0.915,0.98,6,"1000,1001,1002,1003,1004,1005",77000,200,True
even-palindrome,controls,accuracy,wrong,42000,0.9608333333333334,0.03128054063187241,0.905,0.99,6,"1000,1001,1002,1003,1004,1005",77000,200,True
even-palindrome,controls,accuracy,wrong,42200,0.9583333333333334,0.04336537277085895,0.88,1.0,6,"1000,1001,1002,1003,1004,1005",77000,200,True
even-palindrome,controls,accuracy,wrong,42400,0.9616666666666666,0.03647678104706547,0.91,1.0,6,"1000,1001,1002,1003,1004,1005",77000,200,True
even-palindrome,controls,accuracy,wrong,42600,0.9566666666666667,0.034359213546813816,0.9,0.99,6,"1000,1001,1002,1003,1004,1005",77000,200,True
even-palindrome,controls,accuracy,wrong,42800,0.9574999999999999,0.04939213837579148,0.855,0.995,6,"1000,1001,1002,1003,1004,1005",77000,200,True
even-palindrome,controls,accuracy,wrong,43000,0.9666666666666667,0.03349958540373628,0.915,0.995,6,"1000,1001,1002,1003,1004,1005",77000,200,True
even-palindrome,controls,accuracy,wrong,43200,0.9575,0.03313482558678506,0.905,1.0,6,"1000,1001,1002,1003,1004,1005",77000,200,True
even-palindrome,controls,accuracy,wrong,43400,0.9491666666666667,0.05465167477356531,0.855,0.995,6,"1000,1001,1002,1003,1004,1005",77000,200,True
even-palindrome,controls,accuracy,wrong,43600,0.9675000000000001,0.03158981903504143,0.91,0.995,6,"1000,1001,1002,1003,1004,1005",77000,200,True
even-palindrome,controls,accuracy,wrong,43800,0.9525,0.0359107690440254,0.885,1.0,6,"1000,1001,1002,1003,1004,1005",77000,200,True
even-palindrome,controls,accuracy,wrong,44000,0.9508333333333333,0.02878319339861755,0.91,0.985,6,"1000,1001,1002,1003,1004,1005",77000,200,True
even-palindrome,controls,accuracy,wrong,44200,0.96,0.0306865877325366,0.92,1.0,6,"1000,1001,1002,1003,1004,1005",77000,200,True
even-palindrome,controls,accuracy,wrong,44400,0.9624999999999999,0.028394541729001348,0.925,1.0,6,"1000,1001,1002,1003,1004,1005",77000,200,True
even-palindrome,controls,accuracy,wrong,44600,0.9516666666666667,0.04588633299312067,0.87,1.0,6,"1000,1001,1002,1003,1004,1005",77000,200,True
even-palindrome,controls,accuracy,wrong,44800,0.96,0.05507570547286103,0.84,0.995,6,"1000,1001,1002,1003,1004,1005",77000,200,True
even-palindrome,controls,accuracy,wrong,45000,0.9583333333333334,0.04209776980105028,0.89,1.0,6,"1000,1001,1002,1003,1004,1005",77000,200,True
even-palindrome,controls,accuracy,wrong,45200,0.9733333333333333,0.027335365778094516,0.935,1.0,6,"1000,1001,1002,1003,1004,1005",77000,200,True
even-palindrome,controls,accuracy,wrong,45400,0.9683333333333334,0.028963578661637936,0.91,0.995,6,"1000,1001,1002,1003,1004,1005",77000,200,True
even-palindrome,controls,accuracy,wrong,45600,0.965,0.028431203515386628,0.915,1.0,6,"1000,1001,1002,1003,1004,1005",77000,200,True
even-palindrome,controls,accuracy,wrong,45800,0.9633333333333333,0.03847798793538397,0.895,1.0,6,"1000,1001,1002,1003,1004,1005",77000,200,True
even-palindrome,controls,accuracy,wrong,46000,0.9691666666666666,0.0351682464100153,0.92,1.0,6,"1000,1001,1002,1003,1004,1005",77000,200,True
even-palindrome,controls,accuracy,wrong,46200,0.9716666666666667,0.01907587190376601,0.94,0.995,6,"1000,1001,1002,1003,1004,1005",77000,200,True
even-palindrome,controls,accuracy,wrong,46400,0.9666666666666667,0.03223179934302284,0.92,1.0,6,"1000,1001,1002,1003,1004,1005",77000,200,True
even-palindrome,controls,accuracy,wrong,46600,0.9666666666666668,0.02527625148017183,0.925,1.0,6,"1000,1001,1002,1003,1004,1005",77000,200,True
even-palindrome,controls,accuracy,wrong,46800,0.9741666666666666,0.023702437755546472,0.93,1.0,6,"1000,1001,1002,1003,1004,1005",77000,200,True
even-palindrome,controls,accuracy,wrong,47000,0.965,0.03378855822118881,0.915,1.0,6,"1000,1001,1002,1003,1004,1005",77000,200,True
even-palindrome,controls,accuracy,wrong,47200,0.9700000000000001,0.022360679774997918,0.945,1.0,6,"1000,1001,1002,1003,1004,1005",77000,200,True
even-palindrome,controls,accuracy,wrong,47400,0.9700000000000001,0.021602468994692887,0.94,1.0,6,"1000,1001,1002,1003,1004,1005",77000,200,True
even-palindrome,controls,accuracy,wrong,47600,0.9758333333333334,0.021682686385429497,0.94,1.0,6,"1000,1001,1002,1003,1004,1005",77000,200,True
even-palindrome,controls,accuracy,wrong,47800,0.9666666666666665,0.03715582801601324,0.9,1.0,6,"1000,1001,1002,1003,1004,1005",77000,200,True
even-palindrome,controls,accuracy,wrong,48000,0.9758333333333334,0.02069957058062372,0.945,1.0,6,"1000,1001,1002,1003,1004,1005",77000,200,True
even-palindrome,controls,accuracy,wrong,48200,0.9641666666666667,0.030470842164637035,0.92,1.0,6,"1000,1001,1002,1003,1004,1005",77000,200,True
even-palindrome,controls,accuracy,wrong,48400,0.9833333333333333,0.016244657241348288,0.96,1.0,6,"1000,1001,1002,1003,1004,1005",77000,200,True
even-palindrome,controls,accuracy,wrong,48600,0.9716666666666667,0.02656229575084868,0.935,1.0,6,"1000,1001,1002,1003,1004,1005",77000,200,True
even-palindrome,controls,accuracy,wrong,48800,0.9775,0.019737865470545037,0.945,1.0,6,"1000,1001,1002,1003,1004,1005",77000,200,True
even-palindrome,controls,accuracy,wrong,49000,0.9775,0.03300883720056392,0.905,1.0,6,"1000,1001,1002,1003,1004,1005",77000,200,True
even-palindrome,controls,accuracy,wrong,49200,0.9633333333333334,0.03374742788552764,0.9,1.0,6,"1000,1001,1002,1003,1004,1005",77000,200,True
even-palindrome,controls,accuracy,wrong,49400,0.975,0.02483277404291889,0.93,1.0,6,"1000,1001,1002,1003,1004,1005",77000,200,True
even-palindrome,controls,accuracy,wrong,49600,0.9775,0.02212653007891961,0.945,1.0,6,"1000,1001,1002,1003,1004,1005",77000,200,True
even-palindrome,controls,accuracy,wrong,49800,0.9766666666666666,0.026562295750848706,0.935,1.0,6,"1000,1001,1002,1003,1004,1005",77000,200,True
even-palindrome,controls,accuracy,wrong,50000,0.975,0.020615528128088322,0.94,1.0,6,"1000,1001,1002,1003,1004,1005",77000,200,True
even-palindrome,controls,accuracy,wrong,50200,0.9775,0.021937410968480328,0.94,1.0,6,"1000,1001,1002,1003,1004,1005",77000,200,True
even-palindrome,controls,accuracy,wrong,50400,0.9866666666666667,0.013123346456686363,0.965,1.0,6,"1000,1001,1002,1003,1004,1005",77000,200,True
even-palindrome,controls,accuracy,wrong,50600,0.9741666666666666,0.03074311124282785,0.91,1.0,6,"1000,1001,1002,1003,1004,1005",77000,200,True
even-palindrome,controls,accuracy,wrong,50800,0.9708333333333333,0.035168246410015314,0.9,1.0,6,"1000,1001,1002,1003,1004,1005",77000,200,True
even-palindrome,controls,accuracy,wrong,51000,0.9541666666666666,0.044292274219727694,0.88,1.0,6,"1000,1001,1002,1003,1004,1005",77000,200,True
even-palindrome,controls,accuracy,wrong,51200,0.9666666666666667,0.03184162195757131,0.915,0.995,6,"1000,1001,1002,1003,1004,1005",77000,200,True
even-palindrome,controls,accuracy,wrong,51400,0.9666666666666667,0.03197221015541813,0.915,1.0,6,"1000,1001,1002,1003,1004,1005",77000,200,True
even-palindrome,controls,accuracy,wrong,51600,0.9758333333333334,0.02187400791401113,0.935,0.995,6,"1000,1001,1002,1003,1004,1005",77000,200,True
even-palindrome,controls,accuracy,wrong,51800,0.9708333333333333,0.02636548669926061,0.92,1.0,6,"1000,1001,1002,1003,1004,1005",77000,200,True
even-palindrome,controls,accuracy,wrong,52000,0.9683333333333333,0.02576604138956717,0.925,1.0,6,"1000,1001,1002,1003,1004,1005",77000,200,True
even-palindrome,controls,accuracy,wrong,52200,0.9575,0.039554814287686056,0.88,1.0,6,"1000,1001,1002,1003,1004,1005",77000,200,True
even-palindrome,controls,accuracy,wrong,52400,0.9625,0.034490336810958123,0.895,1.0,6,"1000,1001,1002,1003,1004,1005",77000,200,True
even-palindrome,controls,accuracy,wrong,52600,0.9616666666666666,0.026404965862924745,0.93,1.0,6,"1000,1001,1002,1003,1004,1005",77000,200,True
even-palindrome,controls,accuracy,wrong,52800,0.9741666666666667,0.01902118701752223,0.94,0.995,6,"1000,1001,1002,1003,1004,1005",77000,200,True
even-palindrome,controls,accuracy,wrong,53000,0.9725,0.030242078852706734,0.925,0.995,6,"1000,1001,1002,1003,1004,1005",77000,200,True
even-palindrome,controls,accuracy,wrong,53200,0.9700000000000001,0.02432419919887737,0.935,1.0,6,"1000,1001,1002,1003,1004,1005",77000,200,True
even-palindrome,controls,accuracy,wrong,53400,0.9758333333333332,0.024565671621639442,0.93,1.0,6,"1000,1001,1002,1003,1004,1005",77000,200,True
even-palindrome,controls,accuracy,wrong,53600,0.96,0.03662876829305983,0.895,1.0,6,"1000,1001,1002,1003,1004,1005",77000,200,True
even-palindrome,controls,accuracy,wrong,53800,0.9741666666666665,0.025563102750296635,0.94,1.0,6,"1000,1001,1002,1003,1004,1005",77000,200,True
even-palindrome,controls,accuracy,wrong,54000,0.9808333333333333,0.020292992769809885,0.94,1.0,6,"1000,1001,1002,1003,1004,1005",77000,200,True
even-palindrome,controls,accuracy,wrong,54200,0.9683333333333333,0.028382310609877334,0.925,1.0,6,"1000,1001,1002,1003,1004,1005",77000,200,True
even-palindrome,controls,accuracy,wrong,54400,0.9691666666666667,0.03321855237999124,0.9,1.0,6,"1000,1001,1002,1003,1004,1005",77000,200,True
even-palindrome,controls,accuracy,wrong,54600,0.9791666666666666,0.024565671621639442,0.93,1.0,6,"1000,1001,1002,1003,1004,1005",77000,200,True
even-palindrome,controls,accuracy,wrong,54800,0.975,0.02415229457698239,0.935,1.0,6,"1000,1001,1002,1003,1004,1005",77000,200,True
even-palindrome,controls,accuracy,wrong,55000,0.9791666666666666,0.02620697532252734,0.94,1.0,6,"1000,1001,1002,1003,1004,1005",77000,200,True
even-palindrome,controls,accuracy,wrong,55200,0.9741666666666667,0.03047084216463703,0.92,1.0,6,"1000,1001,1002,1003,1004,1005",77000,200,True
even-palindrome,controls,accuracy,wrong,55400,0.9775,0.025940637360455626,0.93,1.0,6,"1000,1001,1002,1003,1004,1005",77000,200,True
even-palindrome,controls,accuracy,wrong,55600,0.9674999999999999,0.022499999999999985,0.925,0.99,6,"1000,1001,1002,1003,1004,1005",77000,200,True
even-palindrome,controls,accuracy,wrong,55800,0.975,0.02362907813126306,0.945,1.0,6,"1000,1001,1002,1003,1004,1005",77000,200,True
even-palindrome,controls,accuracy,wrong,56000,0.9866666666666667,0.013437096247164262,0.96,1.0,6,"1000,1001,1002,1003,1004,1005",77000,200,True
even-palindrome,controls,accuracy,wrong,56200,0.9825,0.017017148213885128,0.955,1.0,6,"1000,1001,1002,1003,1004,1005",77000,200,True
even-palindrome,controls,accuracy,wrong,56400,0.9725,0.028247418761130474,0.915,1.0,6,"1000,1001,1002,1003,1004,1005",77000,200,True
even-palindrome,controls,accuracy,wrong,56600,0.9758333333333334,0.024395468613840766,0.94,1.0,6,"1000,1001,1002,1003,1004,1005",77000,200,True
even-palindrome,controls,accuracy,wrong,56800,0.9791666666666666,0.027144162458170543,0.93,1.0,6,"1000,1001,1002,1003,1004,1005",77000,200,True
even-palindrome,controls,accuracy,wrong,57000,0.9783333333333334,0.020548046676563275,0.945,1.0,6,"1000,1001,1002,1003,1004,1005",77000,200,True
even-palindrome,controls,accuracy,wrong,57200,0.9883333333333333,0.014907119849998611,0.965,1.0,6,"1000,1001,1002,1003,1004,1005",77000,200,True
even-palindrome,controls,accuracy,wrong,57400,0.9766666666666667,0.032871804872193364,0.915,1.0,6,"1000,1001,1002,1003,1004,1005",77000,200,True
even-palindrome,controls,accuracy,wrong,57600,0.9825,0.013462912017836271,0.96,1.0,6,"1000,1001,1002,1003,1004,1005",77000,200,True
even-palindrome,controls,accuracy,wrong,57800,0.9758333333333334,0.019878100736460954,0.95,1.0,6,"1000,1001,1002,1003,1004,1005",77000,200,True
even-palindrome,controls,accuracy,wrong,58000,0.9700000000000001,0.03329164059239696,0.91,1.0,6,"1000,1001,1002,1003,1004,1005",77000,200,True
even-palindrome,controls,accuracy,wrong,58200,0.9758333333333332,0.016935334527417994,0.95,0.995,6,"1000,1001,1002,1003,1004,1005",77000,200,True
even-palindrome,controls,accuracy,wrong,58400,0.9783333333333334,0.01907587190376601,0.95,1.0,6,"1000,1001,1002,1003,1004,1005",77000,200,True
even-palindrome,controls,accuracy,wrong,58600,0.9874999999999999,0.013462912017836271,0.965,1.0,6,"1000,1001,1002,1003,1004,1005",77000,200,True
even-palindrome,controls,accuracy,wrong,58800,0.9833333333333333,0.018633899812498265,0.955,1.0,6,"1000,1001,1002,1003,1004,1005",77000,200,True
even-palindrome,controls,accuracy,wrong,59000,0.9775,0.01796988221070654,0.94,0.995,6,"1000,1001,1002,1003,1004,1005",77000,200,True
even-palindrome,controls,accuracy,wrong,59200,0.98,0.019364916731037102,0.95,1.0,6,"1000,1001,1002,1003,1004,1005",77000,200,True
even-palindrome,controls,accuracy,wrong,59400,0.9841666666666667,0.02089989367330744,0.95,1.0,6,"1000,1001,1002,1003,1004,1005",77000,200,True
even-palindrome,controls,accuracy,wrong,59600,0.9833333333333333,0.017716909687891098,0.955,1.0,6,"1000,1001,1002,1003,1004,1005",77000,200,True
even-palindrome,controls,accuracy,wrong,59800,0.98,0.0214087209644419,0.94,1.0,6,"1000,1001,1002,1003,1004,1005",77000,200,True
even-palindrome,controls,accuracy,wrong,60000,0.9874999999999999,0.015206906325745563,0.96,1.0,6,"1000,1001,1002,1003,1004,1005",77000,200,True
even-palindrome,controls,accuracy,wrong,60200,0.9775,0.02911900868276024,0.92,1.0,6,"1000,1001,1002,1003,1004,1005",77000,200,True
even-palindrome,controls,accuracy,wrong,60400,0.9824999999999999,0.016007810593582136,0.955,1.0,6,"1000,1001,1002,1003,1004,1005",77000,200,True
even-palindrome,controls,accuracy,wrong,60600,0.9824999999999999,0.01842778698958,0.955,1.0,6,"1000,1001,1002,1003,1004,1005",77000,200,True
even-palindrome,controls,accuracy,wrong,60800,0.9716666666666667,0.03274480450731415,0.92,1.0,6,"1000,1001,1002,1003,1004,1005",77000,200,True
even-palindrome,controls,accuracy,wrong,61000,0.9891666666666666,0.009753916592266362,0.97,1.0,6,"1000,1001,1002,1003,1004,1005",77000,200,True
even-palindrome,controls,accuracy,wrong,61200,0.9883333333333333,0.007453559924999306,0.98,1.0,6,"1000,1001,1002,1003,1004,1005",77000,200,True
even-palindrome,controls,accuracy,wrong,61400,0.98,0.01892969448600093,0.945,1.0,6,"1000,1001,1002,1003,1004,1005",77000,200,True
even-palindrome,controls,accuracy,wrong,61600,0.9816666666666666,0.01598610507770908,0.96,1.0,6,"1000,1001,1002,1003,1004,1005",77000,200,True
even-palindrome,controls,accuracy,wrong,61800,0.9724999999999998,0.024790791301072517,0.93,1.0,6,"1000,1001,1002,1003,1004,1005",77000,200,True
even-palindrome,controls,accuracy,wrong,62000,0.9841666666666669,0.015388487760516168,0.955,1.0,6,"1000,1001,1002,1003,1004,1005",77000,200,True
even-palindrome,controls,accuracy,wrong,62200,0.9816666666666668,0.015456030825826186,0.95,1.0,6,"1000,1001,1002,1003,1004,1005",77000,200,True
even-palindrome,controls,accuracy,wrong,62400,0.9783333333333335,0.021921577396609826,0.935,0.995,6,"1000,1001,1002,1003,1004,1005",77000,200,True
even-palindrome,controls,accuracy,wrong,62600,0.9841666666666669,0.02262311993416369,0.935,1.0,6,"1000,1001,1002,1003,1004,1005",77000,200,True
even-palindrome,controls,accuracy,wrong,62800,0.9783333333333332,0.022484562605386716,0.93,1.0,6,"1000,1001,1002,1003,1004,1005",77000,200,True
even-palindrome,controls,accuracy,wrong,63000,0.9783333333333335,0.021147629234082515,0.935,1.0,6,"1000,1001,1002,1003,1004,1005",77000,200,True
even-palindrome,controls,accuracy,wrong,63200,0.9791666666666666,0.016687486995417337,0.955,1.0,6,"1000,1001,1002,1003,1004,1005",77000,200,True
even-palindrome,controls,accuracy,wrong,63400,0.9816666666666668,0.023213980461973552,0.94,1.0,6,"1000,1001,1002,1003,1004,1005",77000,200,True
even-palindrome,controls,accuracy,wrong,63600,0.9766666666666667,0.019720265943665403,0.95,1.0,6,"1000,1001,1002,1003,1004,1005",77000,200,True
even-palindrome,controls,accuracy,wrong,63800,0.985,0.017559422921421246,0.95,1.0,6,"1000,1001,1002,1003,1004,1005",77000,200,True
even-palindrome,controls,accuracy,wrong,64000,0.9833333333333334,0.018408935028645452,0.955,1.0,6,"1000,1001,1002,1003,1004,1005",77000,200,True
even-palindrome,controls,accuracy,wrong,64200,0.9841666666666665,0.011334558757279546,0.97,1.0,6,"1000,1001,1002,1003,1004,1005",77000,200,True
even-palindrome,controls,accuracy,wrong,64400,0.9783333333333335,0.025927248643506734,0.935,1.0,6,"1000,1001,1002,1003,1004,1005",77000,200,True
even-palindrome,controls,accuracy,wrong,64600,0.9783333333333334,0.021730674684008806,0.93,0.99,6,"1000,1001,1002,1003,1004,1005",77000,200,True
even-palindrome,controls,accuracy,wrong,64800,0.9824999999999999,0.015206906325745563,0.96,1.0,6,"1000,1001,1002,1003,1004,1005",77000,200,True
even-palindrome,controls,accuracy,wrong,65000,0.9808333333333333,0.013043729868748785,0.96,1.0,6,"1000,1001,1002,1003,1004,1005",77000,200,True
even-palindrome,controls,accuracy,wrong,65200,0.9908333333333333,0.0164359024360967,0.955,1.0,6,"1000,1001,1002,1003,1004,1005",77000,200,True
even-palindrome,controls,accuracy,wrong,65400,0.9775,0.018200274723201314,0.945,1.0,6,"1000,1001,1002,1003,1004,1005",77000,200,True
even-palindrome,controls,accuracy,wrong,65600,0.9833333333333333,0.025440562537456232,0.93,1.0,6,"1000,1001,1002,1003,1004,1005",77000,200,True
even-palindrome,controls,accuracy,wrong,65800,0.9874999999999999,0.015478479684172273,0.955,1.0,6,"1000,1001,1002,1003,1004,1005",77000,200,True
even-palindrome,controls,accuracy,wrong,66000,0.9800000000000001,0.03403429642777022,0.905,1.0,6,"1000,1001,1002,1003,1004,1005",77000,200,True
even-palindrome,controls,accuracy,wrong,66200,0.9874999999999998,0.008539125638299673,0.975,1.0,6,"1000,1001,1002,1003,1004,1005",77000,200,True
even-palindrome,controls,accuracy,wrong,66400,0.9866666666666667,0.011055415967851341,0.965,1.0,6,"1000,1001,1002,1003,1004,1005",77000,200,True
even-palindrome,controls,accuracy,wrong,66600,0.9841666666666665,0.02456567162163944,0.93,1.0,6,"1000,1001,1002,1003,1004,1005",77000,200,True
even-palindrome,controls,accuracy,wrong,66800,0.9825,0.012162099599438697,0.96,1.0,6,"1000,1001,1002,1003,1004,1005",77000,200,True
even-palindrome,controls,accuracy,wrong,67000,0.9858333333333333,0.01835226295462105,0.95,1.0,6,"1000,1001,1002,1003,1004,1005",77000,200,True
even-palindrome,controls,accuracy,wrong,67200,0.9700000000000001,0.022173557826083438,0.93,0.99,6,"1000,1001,1002,1003,1004,1005",77000,200,True
even-palindrome,controls,accuracy,wrong,67400,0.9733333333333333,0.02592724864350673,0.92,0.995,6,"1000,1001,1002,1003,1004,1005",77000,200,True
even-palindrome,controls,accuracy,wrong,67600,0.9833333333333334,0.01598610507770908,0.955,1.0,6,"1000,1001,1002,1003,1004,1005",77000,200,True
even-palindrome,controls,accuracy,wrong,67800,0.9758333333333334,0.024734703466093043,0.935,1.0,6,"1000,1001,1002,1003,1004,1005",77000,200,True
even-palindrome,controls,accuracy,wrong,68000,0.9775,0.026259918760981205,0.925,1.0,6,"1000,1001,1002,1003,1004,1005",77000,200,True
even-palindrome,controls,accuracy,wrong,68200,0.9716666666666667,0.030230595245361747,0.91,0.995,6,"1000,1001,1002,1003,1004,1005",77000,200,True
even-palindrome,controls,accuracy,wrong,68400,0.9841666666666667,0.02089989367330744,0.95,1.0,6,"1000,1001,1002,1003,1004,1005",77000,200,True
even-palindrome,controls,accuracy,wrong,68600,0.9791666666666666,0.020292992769809885,0.94,0.995,6,"1000,1001,1002,1003,1004,1005",77000,200,True
even-palindrome,controls,accuracy,wrong,68800,0.9741666666666667,0.01902118701752219,0.935,0.99,6,"1000,1001,1002,1003,1004,1005",77000,200,True
even-palindrome,controls,accuracy,wrong,69000,0.9791666666666666,0.029639032072964554,0.915,1.0,6,"1000,1001,1002,1003,1004,1005",77000,200,True
even-palindrome,controls,accuracy,wrong,69200,0.9775,0.020966242709015186,0.935,1.0,6,"1000,1001,1002,1003,1004,1005",77000,200,True
even-palindrome,controls,accuracy,wrong,69400,0.9783333333333334,0.026718699236468982,0.925,1.0,6,"1000,1001,1002,1003,1004,1005",77000,200,True
even-palindrome,controls,accuracy,wrong,69600,0.9866666666666667,0.010671873729054758,0.965,1.0,6,"1000,1001,1002,1003,1004,1005",77000,200,True
even-palindrome,controls,accuracy,wrong,69800,0.985,0.016072751268321604,0.955,1.0,6,"1000,1001,1002,1003,1004,1005",77000,200,True
even-palindrome,controls,accuracy,wrong,70000,0.9833333333333334,0.023033791601808778,0.94,1.0,6,"1000,1001,1002,1003,1004,1005",77000,200,True
even-palindrome,controls,accuracy,wrong,70200,0.985,0.019578900207451237,0.945,1.0,6,"1000,1001,1002,1003,1004,1005",77000,200,True
even-palindrome,controls,accuracy,wrong,70400,0.9858333333333333,0.014264368973853088,0.96,1.0,6,"1000,1001,1002,1003,1004,1005",77000,200,True
even-palindrome,controls,accuracy,wrong,70600,0.9908333333333332,0.010172129679778095,0.975,1.0,6,"1000,1001,1002,1003,1004,1005",77000,200,True
even-palindrome,controls,accuracy,wrong,70800,0.9874999999999999,0.01070436048222095,0.97,1.0,6,"1000,1001,1002,1003,1004,1005",77000,200,True
even-palindrome,controls,accuracy,wrong,71000,0.9808333333333333,0.026365486699260608,0.925,1.0,6,"1000,1001,1002,1003,1004,1005",77000,200,True
even-palindrome,controls,accuracy,wrong,71200,0.9808333333333334,0.01812380264244297,0.945,1.0,6,"1000,1001,1002,1003,1004,1005",77000,200,True
even-palindrome,controls,accuracy,wrong,71400,0.9816666666666668,0.023570226039551567,0.935,1.0,6,"1000,1001,1002,1003,1004,1005",77000,200,True
even-palindrome,controls,accuracy,wrong,71600,0.9841666666666667,0.018800856954464148,0.95,1.0,6,"1000,1001,1002,1003,1004,1005",77000,200,True
even-palindrome,controls,accuracy,wrong,71800,0.985,0.011547005383792526,0.965,0.995,6,"1000,1001,1002,1003,1004,1005",77000,200,True
even-palindrome,controls,accuracy,wrong,72000,0.9858333333333332,0.012720281268728135,0.965,1.0,6,"1000,1001,1002,1003,1004,1005",77000,200,True
even-palindrome,controls,accuracy,wrong,72200,0.9841666666666665,0.012720281268728135,0.96,0.995,6,"1000,1001,1002,1003,1004,1005",77000,200,True
even-palindrome,controls,accuracy,wrong,72400,0.9858333333333332,0.009753916592266364,0.975,1.0,6,"1000,1001,1002,1003,1004,1005",77000,200,True
even-palindrome,controls,accuracy,wrong,72600,0.985,0.017078251276599347,0.95,1.0,6,"1000,1001,1002,1003,1004,1005",77000,200,True
even-palindrome,controls,accuracy,wrong,72800,0.9874999999999999,0.011456439237389609,0.97,1.0,6,"1000,1001,1002,1003,1004,1005",77000,200,True
even-palindrome,controls,accuracy,wrong,73000,0.9866666666666667,0.017240134054647683,0.95,1.0,6,"1000,1001,1002,1003,1004,1005",77000,200,True
even-palindrome,controls,accuracy,wrong,73200,0.9916666666666667,0.01462494064565355,0.96,1.0,6,"1000,1001,1002,1003,1004,1005",77000,200,True
even-palindrome,controls,accuracy,wrong,73400,0.9925,0.009013878188659981,0.975,1.0,6,"1000,1001,1002,1003,1004,1005",77000,200,True
even-palindrome,controls,accuracy,wrong,73600,0.9766666666666667,0.014624940645653551,0.95,0.99,6,"1000,1001,1002,1003,1004,1005",77000,200,True
even-palindrome,controls,accuracy,wrong,73800,0.9883333333333333,0.011055415967851341,0.97,1.0,6,"1000,1001,1002,1003,1004,1005",77000,200,True
even-palindrome,controls,accuracy,wrong,74000,0.9866666666666667,0.01993043457183568,0.945,1.0,6,"1000,1001,1002,1003,1004,1005",77000,200,True
even-palindrome,controls,accuracy,wrong,74200,0.9791666666666666,0.029071272570853998,0.915,1.0,6,"1000,1001,1002,1003,1004,1005",77000,200,True
even-palindrome,controls,accuracy,wrong,74400,0.9833333333333334,0.02034425935955619,0.94,1.0,6,"1000,1001,1002,1003,1004,1005",77000,200,True
even-palindrome,controls,accuracy,wrong,74600,0.9891666666666666,0.01169639070634851,0.965,1.0,6,"1000,1001,1002,1003,1004,1005",77000,200,True
even-palindrome,controls,accuracy,wrong,74800,0.9841666666666667,0.013969212178533521,0.96,1.0,6,"1000,1001,1002,1003,1004,1005",77000,200,True
even-palindrome,controls,accuracy,wrong,75000,0.9816666666666666,0.017716909687891098,0.955,1.0,6,"1000,1001,1002,1003,1004,1005",77000,200,True
even-palindrome,controls,accuracy,wrong,75200,0.9908333333333333,0.0164359024360967,0.955,1.0,6,"1000,1001,1002,1003,1004,1005",77000,200,True
even-palindrome,controls,accuracy,wrong,75400,0.9883333333333334,0.017480147469502542,0.95,1.0,6,"1000,1001,1002,1003,1004,1005",77000,200,True
even-palindrome,controls,accuracy,wrong,75600,0.985,0.01581138830084191,0.955,1.0,6,"1000,1001,1002,1003,1004,1005",77000,200,True
even-palindrome,controls,accuracy,wrong,75800,0.985,0.0214087209644419,0.94,1.0,6,"1000,1001,1002,1003,1004,1005",77000,200,True
even-palindrome,controls,accuracy,wrong,76000,0.9866666666666667,0.01343709624716426,0.97,1.0,6,"1000,1001,1002,1003,1004,1005",77000,200,True
even-palindrome,controls,accuracy,wrong,76200,0.9808333333333334,0.019667372868676595,0.95,1.0,6,"1000,1001,1002,1003,1004,1005",77000,200,True
even-palindrome,controls,accuracy,wrong,76400,0.9816666666666668,0.01433720877840439,0.955,1.0,6,"1000,1001,1002,1003,1004,1005",77000,200,True
even-palindrome,controls,accuracy,wrong,76600,0.9925,0.008036375634160802,0.98,1.0,6,"1000,1001,1002,1003,1004,1005",77000,200,True
even-palindrome,controls,accuracy,wrong,76800,0.9824999999999999,0.016007810593582136,0.965,1.0,6,"1000,1001,1002,1003,1004,1005",77000,200,True
even-palindrome,controls,accuracy,wrong,77000,0.9783333333333334,0.024944382578492925,0.925,1.0,6,"1000,1001,1002,1003,1004,1005",77000,200,True
