task,group,metric,advice_type,batch,mean,std,min,max,n_seeds,seeds,common_horizon,report_interval,sd_shading
even-palindrome,controls,loss,none,200,0.7025381284455458,0.0029770549019757734,0.6992588981986045,0.7062443980574608,6,"1000,1001,1002,1003,1004,1005",77000,200,True
even-palindrome,controls,loss,none,400,0.7002254454791546,0.007288918238636818,0.6932461865246295,0.7155366984009742,6,"1000,1001,1002,1003,1004,1005",77000,200,True
even-palindrome,controls,loss,none,600,0.7013299039254587,0.00655193535120505,0.6944474223256111,0.7106125313043594,6,"1000,1001,1002,1003,1004,1005",77000,200,True
even-palindrome,controls,loss,none,800,0.6986800501992305,0.004775874070577341,0.6928578807413578,0.706389571428299,6,"1000,1001,1002,1003,1004,1005",77000,200,True
even-palindrome,controls,loss,none,1000,0.6918914864460627,0.005504280331684381,0.6820792979001999,0.6963101816177368,6,"1000,1001,1002,1003,1004,1005",77000,200,True
even-palindrome,controls,loss,none,1200,0.6958514873435101,0.009893892168251388,0.6862318556010724,0.7145423060655594,6,"1000,1001,1002,1003,1004,1005",77000,200,True
even-palindrome,controls,loss,none,1400,0.6872123283644517,0.007730448672708366,0.6741651557385921,0.697098683565855,6,"1000,1001,1002,1003,1004,1005",77000,200,True
even-palindrome,controls,loss,none,1600,0.6777514974648754,0.012347336196229729,0.6579881446063518,0.695524854362011,6,"1000,1001,1002,1003,1004,1005",77000,200,True
even-palindrome,controls,loss,none,1800,0.6696904620590308,0.009968633106424435,0.6478149540349841,0.6770564350485802,6,"1000,1001,1002,1003,1004,1005",77000,200,True
even-palindrome,controls,loss,none,2000,0.661451489838461,0.016607938968445517,0.6449192560836673,0.6928848080337048,6,"1000,1001,1002,1003,1004,1005",77000,200,True
even-palindrome,controls,loss,none,2200,0.6551067199868461,0.026590797912219397,0.6327256734296679,0.7035220047086477,6,"1000,1001,1002,1003,1004,1005",77000,200,True
even-palindrome,controls,loss,none,2400,0.6606777241251742,0.03314402116014098,0.6065841002389789,0.7090263586770743,6,"1000,1001,1002,1003,1004,1005",77000,200,True
even-palindrome,controls,loss,none,2600,0.6546435079343306,0.020158202534791978,0.6298363979719579,0.6925646384060383,6,"1000,1001,1002,1003,1004,1005",77000,200,True
even-palindrome,controls,loss,none,2800,0.6476193363203978,0.025294472940673177,0.609337080065161,0.6773135159164667,6,"1000,1001,1002,1003,1004,1005",77000,200,True
even-palindrome,controls,loss,none,3000,0.6473551929493745,0.015299323354438399,0.6133563082758338,0.6576191097963602,6,"1000,1001,1002,1003,1004,1005",77000,200,True
even-palindrome,controls,loss,none,3200,0.6400310870686856,0.024214724760236794,0.6134150124900043,0.6796632191538811,6,"1000,1001,1002,1003,1004,1005",77000,200,True
even-palindrome,controls,loss,none,3400,0.6460053234438723,0.021394861076306993,0.6108009461220354,0.6826532584428787,6,"1000,1001,1002,1003,1004,1005",77000,200,True
even-palindrome,controls,loss,none,3600,0.6295793789671734,0.025737128866504182,0.5821805130597204,0.6652957366406917,6,"1000,1001,1002,1003,1004,1005",77000,200,True
even-palindrome,controls,loss,none,3800,0.6480511088840043,0.027144496011698518,0.6008037442527712,0.6782798203267157,6,"1000,1001,1002,1003,1004,1005",77000,200,True
even-palindrome,controls,loss,none,4000,0.6182443726373216,0.026604088428831094,0.5766930817998945,0.6542644124478102,6,"1000,1001,1002,1003,1004,1005",77000,200,True
even-palindrome,controls,loss,none,4200,0.6263776110865485,0.0130961452619606,0.6102595149725676,0.6480715204402805,6,"1000,1001,1002,1003,1004,1005",77000,200,True
even-palindrome,controls,loss,none,4400,0.6311664121085777,0.019529711770480646,0.5961051503708586,0.6626036746054887,6,"1000,1001,1002,1003,1004,1005",77000,200,True
even-palindrome,controls,loss,none,4600,0.6097354568114194,0.03363264926329998,0.5601956260623411,0.6585272479895502,6,"1000,1001,1002,1003,1004,1005",77000,200,True
even-palindrome,controls,loss,none,4800,0.6213581304058122,0.029814535923852196,0.5806987618794665,0.652340611293912,6,"1000,1001,1002,1003,1004,1005",77000,200,True
even-palindrome,controls,loss,none,5000,0.6102998712728731,0.005847674206232103,0.6031680883374065,0.6200235639885068,6,"1000,1001,1002,1003,1004,1005",77000,200,True
even-palindrome,controls,loss,none,5200,0.607084733847684,0.03549012246200451,0.56563073143363,0.6793176568159833,6,"1000,1001,1002,1003,1004,1005",77000,200,True
even-palindrome,controls,loss,none,5400,0.6085249780568606,0.03410233448333249,0.5611440778849647,0.6584759735874832,6,"1000,1001,1002,1003,1004,1005",77000,200,True
even-palindrome,controls,loss,none,5600,0.6073497049498837,0.024435841305667474,0.5711968585546129,0.6448033091938123,6,"1000,1001,1002,1003,1004,1005",77000,200,True
even-palindrome,controls,loss,none,5800,0.6062115798545225,0.028246830010953055,0.5561733442544937,0.6444059289596044,6,"1000,1001,1002,1003,1004,1005",77000,200,True
even-palindrome,controls,loss,none,6000,0.6055416246732541,0.03261780123336797,0.5559270588308572,0.6548036920512095,6,"1000,1001,1002,1003,1004,1005",77000,200,True
even-palindrome,controls,loss,none,6200,0.6166583803730706,0.03623145365928741,0.5779859044821933,0.6692749495245516,6,"1000,1001,1002,1003,1004,1005",77000,200,True
even-palindrome,controls,loss,none,6400,0.6062483846986045,0.026318103625535962,0.5810486025176942,0.6606723829358816,6,"1000,1001,1002,1003,1004,1005",77000,200,True
even-palindrome,controls,loss,none,6600,0.602943118873906,0.0316722278240522,0.5496968095656485,0.6539584047719836,6,"1000,1001,1002,1003,1004,1005",77000,200,True
even-palindrome,controls,loss,none,6800,0.5851463422986368,0.03903733354218617,0.5431583738327026,0.6602472097519785,6,"1000,1001,1002,1003,1004,1005",77000,200,True
even-palindrome,controls,loss,none,7000,0.5888641775440191,0.028031578883941716,0.5461205343529582,0.6234763579629362,6,"1000,1001,1002,1003,1004,1005",77000,200,True
even-palindrome,controls,loss,none,7200,0.6161260627258646,0.03130069347348743,0.5713695625262335,0.6598825247818604,6,"1000,1001,1002,1003,1004,1005",77000,200,True
even-palindrome,controls,loss,none,7400,0.6009250639301414,0.023506304931236437,0.5565046920301393,0.6298459723265841,6,"1000,1001,1002,1003,1004,1005",77000,200,True
even-palindrome,controls,loss,none,7600,0.5942323595149598,0.03267710091871558,0.5464255949063227,0.6448579302895814,6,"1000,1001,1002,1003,1004,1005",77000,200,True
even-palindrome,controls,loss,none,7800,0.5955804825997134,0.03254121427268906,0.5548300544172525,0.6383121616020798,6,"1000,1001,1002,1003,1004,1005",77000,200,True
even-palindrome,controls,loss,none,8000,0.5950594005749251,0.028501980123793763,0.5454812121926806,0.6294892388582229,6,"1000,1001,1002,1003,1004,1005",77000,200,True
even-palindrome,controls,loss,none,8200,0.5873280119414751,0.016618547324942938,0.5653299034992233,0.6109980290057138,6,"1000,1001,1002,1003,1004,1005",77000,200,True
even-palindrome,controls,loss,none,8400,0.5857066079921788,0.036989012113209034,0.5323160460824147,0.6347022143192589,6,"1000,1001,1002,1003,1004,1005",77000,200,True
even-palindrome,controls,loss,none,8600,0.5946842844660083,0.028082576799694253,0.567094176618848,0.6515883662272245,6,"1000,1001,1002,1003,1004,1005",77000,200,True
even-palindrome,controls,loss,none,8800,0.5764650297844006,0.03939799814575633,0.5112924408889375,0.6228587609133683,6,"1000,1001,1002,1003,1004,1005",77000,200,True
even-palindrome,controls,loss,none,9000,0.5533232280844823,0.012396234795484308,0.5289592124533374,0.5702472593146376,6,"1000,1001,1002,1003,1004,1005",77000,200,True
even-palindrome,controls,loss,none,9200,0.5676525582347919,0.02778115911447195,0.5341754298156594,0.622877560025081,6,"1000,1001,1002,1003,1004,1005",77000,200,True
even-palindrome,controls,loss,none,9400,0.573577312923735,0.02060133466185891,0.5455995282507502,0.6131201126473025,6,"1000,1001,1002,1003,1004,1005",77000,200,True
even-palindrome,controls,loss,none,9600,0.5662136888187767,0.02217374688083808,0.5314069197373464,0.599711621243041,6,"1000,1001,1002,1003,1004,1005",77000,200,True
even-palindrome,controls,loss,none,9800,0.585406944839051,0.031852312920861846,0.528043687895406,0.6320401699654759,6,"1000,1001,1002,1003,1004,1005",77000,200,True
even-palindrome,controls,loss,none,10000,0.5565886503122359,0.022681168357782947,0.5170982097391971,0.5885112604987808,6,"1000,1001,1002,1003,1004,1005",77000,200,True
even-palindrome,controls,loss,none,10200,0.5765159926800697,0.06910404001744265,0.5101907168840989,0.7199039211589843,6,"1000,1001,1002,1003,1004,1005",77000,200,True
even-palindrome,controls,loss,none,10400,0.5492481086678163,0.022125018984343957,0.5182656053311075,0.5812155809043906,6,"1000,1001,1002,1003,1004,1005",77000,200,True
even-palindrome,controls,loss,none,10600,0.5403358363770046,0.03616245387494904,0.5002686952170916,0.600223012646893,6,"1000,1001,1002,1003,1004,1005",77000,200,True
even-palindrome,controls,loss,none,10800,0.5523272450584045,0.03218907950403591,0.5211444756295532,0.6167269638343714,6,"1000,1001,1002,1003,1004,1005",77000,200,True
even-palindrome,controls,loss,none,11000,0.5483152362445253,0.032049920400368255,0.5155194415571168,0.5956532685714774,6,"1000,1001,1002,1003,1004,1005",77000,200,True
even-palindrome,controls,loss,none,11200,0.5685549100623272,0.03504378357093231,0.4981284269364551,0.611028084079735,6,"1000,1001,1002,1003,1004,1005",77000,200,True
even-palindrome,controls,loss,none,11400,0.5666554967057892,0.06850887122383971,0.5155498542124406,0.7159506265399977,6,"1000,1001,1002,1003,1004,1005",77000,200,True
even-palindrome,controls,loss,none,11600,0.5618337858802018,0.044510143032890484,0.5053039727942087,0.6347459701588377,6,"1000,1001,1002,1003,1004,1005",77000,200,True
even-palindrome,controls,loss,none,11800,0.5508749167784117,0.0312903483498541,0.4902341560134664,0.5802287739072927,6,"1000,1001,1002,1003,1004,1005",77000,200,True
even-palindrome,controls,loss,none,12000,0.5501938412696957,0.03743161575624352,0.4962989475391805,0.6042824725760148,6,"1000,1001,1002,1003,1004,1005",77000,200,True
even-palindrome,controls,loss,none,12200,0.5663361488721178,0.030804410313122595,0.5102538003283553,0.6079534553852863,6,"1000,1001,1002,1003,1004,1005",77000,200,True
even-palindrome,controls,loss,none,12400,0.5437773611179243,0.04612207098741209,0.4836233491927851,0.6004908649658318,6,"1000,1001,1002,1003,1004,1005",77000,200,True
even-palindrome,controls,loss,none,12600,0.5556411663040247,0.038321540270767715,0.5125108751474181,0.6264301898039412,6,"1000,1001,1002,1003,1004,1005",77000,200,True
even-palindrome,controls,loss,none,12800,0.5554264507234621,0.04096993964877875,0.49656909917568554,0.6311613690725062,6,"1000,1001,1002,1003,1004,1005",77000,200,True
even-palindrome,controls,loss,none,13000,0.5472200158977648,0.0518772604163593,0.4815914929332212,0.6272428251814562,6,"1000,1001,1002,1003,1004,1005",77000,200,True
even-palindrome,controls,loss,none,13200,0.5240743430287693,0.043552201834541324,0.4785421271342784,0.5965525737602729,6,"1000,1001,1002,1003,1004,1005",77000,200,True
even-palindrome,controls,loss,none,13400,0.5341290199332677,0.049185463172905695,0.4708915090834489,0.6165331899235025,6,"1000,1001,1002,1003,1004,1005",77000,200,True
even-palindrome,controls,loss,none,13600,0.5332783557384392,0.030841052792547823,0.47457718932302667,0.5623061144870007,6,"1000,1001,1002,1003,1004,1005",77000,200,True
even-palindrome,controls,loss,none,13800,0.5353185757963851,0.033353500288712624,0.49354049921254045,0.5834442576789297,6,"1000,1001,1002,1003,1004,1005",77000,200,True
even-palindrome,controls,loss,none,14000,0.5364596655844313,0.03866106153829814,0.4880786196741974,0.6115624317160109,6,"1000,1001,1002,1003,1004,1005",77000,200,True
even-palindrome,controls,loss,none,14200,0.5355159645055877,0.048146278382231414,0.47883930428070015,0.6219166381149261,6,"1000,1001,1002,1003,1004,1005",77000,200,True
even-palindrome,controls,loss,none,14400,0.5578053325117678,0.05206875341139147,0.49663880588370374,0.6577695459185634,6,"1000,1001,1002,1003,1004,1005",77000,200,True
even-palindrome,controls,loss,none,14600,0.5211792799038206,0.04669007184288476,0.4507972760807024,0.5851990181172733,6,"1000,1001,1002,1003,1004,1005",77000,200,True
even-palindrome,controls,loss,none,14800,0.5165273205895937,0.022282969984137476,0.47545082984666803,0.550003873759997,6,"1000,1001,1002,1003,1004,1005",77000,200,True
even-palindrome,controls,loss,none,15000,0.5489147207608767,0.09384726024938514,0.43079237107071094,0.7413590318203205,6,"1000,1001,1002,1003,1004,1005",77000,200,True
even-palindrome,controls,loss,none,15200,0.5259798749184604,0.06617319025397468,0.4425233800528804,0.6266712052444927,6,"1000,1001,1002,1003,1004,1005",77000,200,True
even-palindrome,controls,loss,none,15400,0.5435072984387687,0.05356029716891046,0.4405974330753088,0.6117607877677074,6,"1000,1001,1002,1003,1004,1005",77000,200,True
even-palindrome,controls,loss,none,15600,0.5172325174382907,0.05094074850968612,0.4402864162164042,0.6019938685715897,6,"1000,1001,1002,1003,1004,1005",77000,200,True
even-palindrome,controls,loss,none,15800,0.5064317740769547,0.03168155714349806,0.44640506370691585,0.547197894572746,6,"1000,1001,1002,1003,1004,1005",77000,200,True
even-palindrome,controls,loss,none,16000,0.5340686222891964,0.0399383263421216,0.4674732702993788,0.595286275006365,6,"1000,1001,1002,1003,1004,1005",77000,200,True
even-palindrome,controls,loss,none,16200,0.5358604740650965,0.0574695292825161,0.4300372260651784,0.5904877877735999,6,"1000,1001,1002,1003,1004,1005",77000,200,True
even-palindrome,controls,loss,none,16400,0.5072615072609914,0.045003891595622285,0.43718539739609696,0.5531889536074596,6,"1000,1001,1002,1003,1004,1005",77000,200,True
even-palindrome,controls,loss,none,16600,0.5465082707657468,0.0560687387298051,0.45786320984872875,0.6206007956358371,6,"1000,1001,1002,1003,1004,1005",77000,200,True
even-palindrome,controls,loss,none,16800,0.5182878842962114,0.0704857363642981,0.4297186967165908,0.6403880704427138,6,"1000,1001,1002,1003,1004,1005",77000,200,True
even-palindrome,controls,loss,none,17000,0.5316079591615683,0.06111792467566125,0.4496566325362073,0.6206271621451015,6,"1000,1001,1002,1003,1004,1005",77000,200,True
even-palindrome,controls,loss,none,17200,0.5416596250279326,0.031503372121851184,0.4992951258562971,0.5912809559065499,6,"1000,1001,1002,1003,1004,1005",77000,200,True
even-palindrome,controls,loss,none,17400,0.5230858279572567,0.026152230491223064,0.49209098001243545,0.5665836495894473,6,"1000,1001,1002,1003,1004,1005",77000,200,True
even-palindrome,controls,loss,none,17600,0.5137614344999747,0.06294116093839387,0.43232430834555996,0.5961894491699059,6,"1000,1001,1002,1003,1004,1005",77000,200,True
even-palindrome,controls,loss,none,17800,0.5370220655647547,0.05630986295439513,0.42713918938301504,0.6090875541133574,6,"1000,1001,1002,1003,1004,1005",77000,200,True
even-palindrome,controls,loss,none,18000,0.4958979906881238,0.07055683129159646,0.3580433662974974,0.5840777116734535,6,"1000,1001,1002,1003,1004,1005",77000,200,True
even-palindrome,controls,loss,none,18200,0.4907252981577342,0.047831138077349754,0.397971440073452,0.5500317860601354,6,"1000,1001,1002,1003,1004,1005",77000,200,True
even-palindrome,controls,loss,none,18400,0.48418912780558454,0.06074388730232012,0.39630362413357945,0.5690561131288996,6,"1000,1001,1002,1003,1004,1005",77000,200,True
even-palindrome,controls,loss,none,18600,0.49401291459162167,0.06975071019547605,0.34137340167537333,0.5513262997537822,6,"1000,1001,1002,1003,1004,1005",77000,200,True
even-palindrome,controls,loss,none,18800,0.47348734754045535,0.048186245516202354,0.39455469683278355,0.5191321975985193,6,"1000,1001,1002,1003,1004,1005",77000,200,True
even-palindrome,controls,loss,none,19000,0.44747990010342625,0.08079264757042975,0.30921582572511397,0.5622139604733093,6,"1000,1001,1002,1003,1004,1005",77000,200,True
even-palindrome,controls,loss,none,19200,0.514259802366699,0.09130686530754165,0.3792472136975266,0.6275229178520385,6,"1000,1001,1002,1003,1004,1005",77000,200,True
even-palindrome,controls,loss,none,19400,0.4925586533468837,0.08438709286379392,0.338059759400785,0.5996159376599826,6,"1000,1001,1002,1003,1004,1005",77000,200,True
even-palindrome,controls,loss,none,19600,0.4723674136856668,0.07788481463954368,0.3455266502100858,0.5916478826617823,6,"1000,1001,1002,1003,1004,1005",77000,200,True
even-palindrome,controls,loss,none,19800,0.5090813941278854,0.0387556371609802,0.45106711315980647,0.5598239310039207,6,"1000,1001,1002,1003,1004,1005",77000,200,True
even-palindrome,controls,loss,none,20000,0.4786395696685455,0.07632635487720062,0.33659795109182594,0.5623595957551152,6,"1000,1001,1002,1003,1004,1005",77000,200,True
even-palindrome,controls,loss,none,20200,0.4880468614759715,0.09398615809563611,0.33296751633402893,0.6254839558922686,6,"1000,1001,1002,1003,1004,1005",77000,200,True
even-palindrome,controls,loss,none,20400,0.46113061407836237,0.061975746626096215,0.34228709527524187,0.5465493574162247,6,"1000,1001,1002,1003,1004,1005",77000,200,True
even-palindrome,controls,loss,none,20600,0.45021041168444453,0.06518402586623076,0.35340284175181297,0.563558011725836,6,"1000,1001,1002,1003,1004,1005",77000,200,True
even-palindrome,controls,loss,none,20800,0.47892490160816426,0.01181944136064848,0.46111917069589253,0.49410812943940985,6,"1000,1001,1002,1003,1004,1005",77000,200,True
even-palindrome,controls,loss,none,21000,0.487240522902163,0.06060238088790426,0.41396563734684605,0.596483207369165,6,"1000,1001,1002,1003,1004,1005",77000,200,True
even-palindrome,controls,loss,none,21200,0.47184970354462474,0.0420502208749171,0.4158215118310181,0.5421109849156346,6,"1000,1001,1002,1003,1004,1005",77000,200,True
even-palindrome,controls,loss,none,21400,0.4843935932815657,0.04074682934426573,0.4224589536100393,0.54677114815393,6,"1000,1001,1002,1003,1004,1005",77000,200,True
even-palindrome,controls,loss,none,21600,0.4567078181573379,0.04209695841618877,0.39502490532177037,0.522623220726673,6,"1000,1001,1002,1003,1004,1005",77000,200,True
even-palindrome,controls,loss,none,21800,0.48168178118323945,0.051767252335515684,0.3962605108844582,0.5537209349154728,6,"1000,1001,1002,1003,1004,1005",77000,200,True
even-palindrome,controls,loss,none,22000,0.42854429494300955,0.05452981744720429,0.3699294810986612,0.5136999709568044,6,"1000,1001,1002,1003,1004,1005",77000,200,True
even-palindrome,controls,loss,none,22200,0.4608014976228272,0.048559654509828624,0.3798798382656969,0.5358092608407605,6,"1000,1001,1002,1003,1004,1005",77000,200,True
even-palindrome,controls,loss,none,22400,0.4440595471517736,0.03767751209216025,0.38815813391527626,0.48800847471749875,6,"1000,1001,1002,1003,1004,1005",77000,200,True
even-palindrome,controls,loss,none,22600,0.429322804172892,0.0369364145795129,0.38412943651084785,0.48989928313763814,6,"1000,1001,1002,1003,1004,1005",77000,200,True
even-palindrome,controls,loss,none,22800,0.44672334839294003,0.06522305950867403,0.38101741643855347,0.5707058930990752,6,"1000,1001,1002,1003,1004,1005",77000,200,True
even-palindrome,controls,loss,none,23000,0.4562427148626254,0.0505353535744845,0.4034110314148711,0.5328051068395143,6,"1000,1001,1002,1003,1004,1005",77000,200,True
even-palindrome,controls,loss,none,23200,0.4730780111665202,0.05017708989472393,0.4001655082660727,0.5408398733235663,6,"1000,1001,1002,1003,1004,1005",77000,200,True
even-palindrome,controls,loss,none,23400,0.46138299679310874,0.06318530842649067,0.4009201193152694,0.5736373943500803,6,"1000,1001,1002,1003,1004,1005",77000,200,True
even-palindrome,controls,loss,none,23600,0.4250262968752941,0.04094182272930127,0.3811534976039547,0.49229219485117937,6,"1000,1001,1002,1003,1004,1005",77000,200,True
even-palindrome,controls,loss,none,23800,0.42966690712222766,0.04003517035306863,0.3858486491147778,0.4999131644674344,6,"1000,1001,1002,1003,1004,1005",77000,200,True
even-palindrome,controls,loss,none,24000,0.4012285667111064,0.07045528956272021,0.3238098605943378,0.5216949549397395,6,"1000,1001,1002,1003,1004,1005",77000,200,True
even-palindrome,controls,loss,none,24200,0.42220836818402546,0.07128122256111291,0.29374439358551174,0.50683801516323,6,"1000,1001,1002,1003,1004,1005",77000,200,True
even-palindrome,controls,loss,none,24400,0.3851725022762548,0.062188409390058916,0.27056390544399617,0.47450963823648634,6,"1000,1001,1002,1003,1004,1005",77000,200,True
even-palindrome,controls,loss,none,24600,0.4157247089231533,0.09832122775301362,0.30611318682145794,0.5911439330267604,6,"1000,1001,1002,1003,1004,1005",77000,200,True
even-palindrome,controls,loss,none,24800,0.45692166534446493,0.07447834328083673,0.34053225790470604,0.5813635900011286,6,"1000,1001,1002,1003,1004,1005",77000,200,True
even-palindrome,controls,loss,none,25000,0.4453596492715102,0.03721151419105885,0.40918513922952116,0.5080531327336212,6,"1000,1001,1002,1003,1004,1005",77000,200,True
even-palindrome,controls,loss,none,25200,0.4657905782510352,0.07388305304822497,0.31786798704299146,0.5608096377815673,6,"1000,1001,1002,1003,1004,1005",77000,200,True
even-palindrome,controls,loss,none,25400,0.3688603478605304,0.08807202309534834,0.22351693448843435,0.4809204229863826,6,"1000,1001,1002,1003,1004,1005",77000,200,True
even-palindrome,controls,loss,none,25600,0.3869803804419643,0.09650589308987595,0.24877355456454098,0.528163406754611,6,"1000,1001,1002,1003,1004,1005",77000,200,True
even-palindrome,controls,loss,none,25800,0.3497843609249321,0.09743867169377653,0.1775314874626929,0.4577630762429908,6,"1000,1001,1002,1003,1004,1005",77000,200,True
even-palindrome,controls,loss,none,26000,0.3498645700906248,0.09743432598205856,0.1676882138462679,0.4703441357641714,6,"1000,1001,1002,1003,1004,1005",77000,200,True
even-palindrome,controls,loss,none,26200,0.3699412849180832,0.09223434959159436,0.2024871506879572,0.4665883666975424,6,"1000,1001,1002,1003,1004,1005",77000,200,True
even-palindrome,controls,loss,none,26400,0.3333648780102885,0.11152966130814948,0.1619330945602269,0.4603596868234308,6,"1000,1001,1002,1003,1004,1005",77000,200,True
even-palindrome,controls,loss,none,26600,0.3387976746810697,0.13329222357270246,0.12846849525798462,0.48847992758528563,6,"1000,1001,1002,1003,1004,1005",77000,200,True
even-palindrome,controls,loss,none,26800,0.33105303164224703,0.10403849397042843,0.14919985782995354,0.4367573888890911,6,"1000,1001,1002,1003,1004,1005",77000,200,True
even-palindrome,controls,loss,none,27000,0.3076559085037297,0.06692517482237927,0.20188617219682783,0.40832929938507734,6,"1000,1001,1002,1003,1004,1005",77000,200,True
even-palindrome,controls,loss,none,27200,0.31849326173723963,0.08794829526003461,0.20979033579467796,0.4335197327300557,6,"1000,1001,1002,1003,1004,1005",77000,200,True
even-palindrome,controls,loss,none,27400,0.3466968277128884,0.1361313706647624,0.11072231377125717,0.488787065489596,6,"1000,1001,1002,1003,1004,1005",77000,200,True
even-palindrome,controls,loss,none,27600,0.3343565579445082,0.11006755230931894,0.18789532576556667,0.44547182995505863,6,"1000,1001,1002,1003,1004,1005",77000,200,True
even-palindrome,controls,loss,none,27800,0.4449919447143778,0.08743989521486777,0.3198337788309436,0.5940144749243337,6,"1000,1001,1002,1003,1004,1005",77000,200,True
even-palindrome,controls,loss,none,28000,0.4428991255955528,0.12220553113603665,0.2516544362891,0.5958009972340369,6,"1000,1001,1002,1003,1004,1005",77000,200,True
even-palindrome,controls,loss,none,28200,0.39655076992440924,0.08630497671971929,0.24732407219853486,0.5127235352428398,6,"1000,1001,1002,1003,1004,1005",77000,200,True
even-palindrome,controls,loss,none,28400,0.39179817967851704,0.15254789255172405,0.18624948892189422,0.695593411900336,6,"1000,1001,1002,1003,1004,1005",77000,200,True
even-palindrome,controls,loss,none,28600,0.3612163271223108,0.14666402479263752,0.09170885204570368,0.5324828111831448,6,"1000,1001,1002,1003,1004,1005",77000,200,True
even-palindrome,controls,loss,none,28800,0.33775542403151726,0.09880550413352966,0.2679740787119954,0.5490852961502969,6,"1000,1001,1002,1003,1004,1005",77000,200,True
even-palindrome,controls,loss,none,29000,0.3449770346419973,0.15518139914253767,0.1067178119282471,0.5265110730243032,6,"1000,1001,1002,1003,1004,1005",77000,200,True
even-palindrome,controls,loss,none,29200,0.3308713682259501,0.11542204617577005,0.1655409552139463,0.5101600194007915,6,"1000,1001,1002,1003,1004,1005",77000,200,True
even-palindrome,controls,loss,none,29400,0.29416092865683213,0.12893179978736,0.06494011198854423,0.4137656605769007,6,"1000,1001,1002,1003,1004,1005",77000,200,True
even-palindrome,controls,loss,none,29600,0.3224495705861227,0.06816970097947445,0.20798300562280927,0.38978299946174955,6,"1000,1001,1002,1003,1004,1005",77000,200,True
even-palindrome,controls,loss,none,29800,0.37242124912084057,0.10638494331504893,0.2225623216087115,0.5584398754710855,6,"1000,1001,1002,1003,1004,1005",77000,200,True
even-palindrome,controls,loss,none,30000,0.3192869796195737,0.08515376192668495,0.14542655756129533,0.42178054397343656,6,"1000,1001,1002,1003,1004,1005",77000,200,True
even-palindrome,controls,loss,none,30200,0.2780383013168709,0.10933275460366179,0.14003643097850726,0.4471477021777537,6,"1000,1001,1002,1003,1004,1005",77000,200,True
even-palindrome,controls,loss,none,30400,0.27082430870606916,0.08735609259303892,0.14121894270254415,0.3908007621727302,6,"1000,1001,1002,1003,1004,1005",77000,200,True
even-palindrome,controls,loss,none,30600,0.29897482791770014,0.10708991442825908,0.11873957755306037,0.38387706738591076,6,"1000,1001,1002,1003,1004,1005",77000,200,True
even-palindrome,controls,loss,none,30800,0.2657836873644555,0.10263469465108291,0.14791009169901373,0.4106770257255994,6,"1000,1001,1002,1003,1004,1005",77000,200,True
even-palindrome,controls,loss,none,31000,0.27861838264123434,0.10986484711316424,0.08723050670116209,0.42609554859489435,6,"1000,1001,1002,1003,1004,1005",77000,200,True
even-palindrome,controls,loss,none,31200,0.23334293410027993,0.07849963702636152,0.12236615663212433,0.335965820470592,6,"1000,1001,1002,1003,1004,1005",77000,200,True
even-palindrome,controls,loss,none,31400,0.21190919558866272,0.11537346398523342,0.07138350252778763,0.38351114191471425,6,"1000,1001,1002,1003,1004,1005",77000,200,True
even-palindrome,controls,loss,none,31600,0.22026967926275273,0.1002433048476644,0.09456777492065158,0.38015495731902776,6,"1000,1001,1002,1003,1004,1005",77000,200,True
even-palindrome,controls,loss,none,31800,0.23421518920623083,0.09962484241258394,0.11405893686285708,0.3727517857946805,6,"1000,1001,1002,1003,1004,1005",77000,200,True
even-palindrome,controls,loss,none,32000,0.2174802814843376,0.11933544130520597,0.06751010065254377,0.3668470896527288,6,"1000,1001,1002,1003,1004,1005",77000,200,True
even-palindrome,controls,loss,none,32200,0.2252941004159038,0.09927656182580953,0.12472152285161428,0.41963607152574695,6,"1000,1001,1002,1003,1004,1005",77000,200,True
even-palindrome,controls,loss,none,32400,0.21155632910735223,0.11836097524680242,0.06351317711014418,0.3897139871926629,6,"1000,1001,1002,1003,1004,1005",77000,200,True
even-palindrome,controls,loss,none,32600,0.26731526581960374,0.10618559974716835,0.1366929872579931,0.3902412718605046,6,"1000,1001,1002,1003,1004,1005",77000,200,True
even-palindrome,controls,loss,none,32800,0.22102371000074372,0.10783569365904155,0.09740655109330873,0.35882331625252845,6,"1000,1001,1002,1003,1004,1005",77000,200,True
even-palindrome,controls,loss,none,33000,0.27163091263687117,0.15502131872463798,0.13140806342118594,0.5345705957441532,6,"1000,1001,1002,1003,1004,1005",77000,200,True
even-palindrome,controls,loss,none,33200,0.17692193955771773,0.11247015644286669,0.05639366851013619,0.32944398884974363,6,"1000,1001,1002,1003,1004,1005",77000,200,True
even-palindrome,controls,loss,none,33400,0.24315411947085672,0.1348469396977399,0.06070999045540702,0.47310185631533386,6,"1000,1001,1002,1003,1004,1005",77000,200,True
even-palindrome,controls,loss,none,33600,0.19397471869348917,0.14681103531920767,0.02984774005572035,0.4043550627910008,6,"1000,1001,1002,1003,1004,1005",77000,200,True
even-palindrome,controls,loss,none,33800,0.19486505449255676,0.10218507953882092,0.10293521443862119,0.3671808249405876,6,"1000,1001,1002,1003,1004,1005",77000,200,True
even-palindrome,controls,loss,none,34000,0.23193968519621797,0.10906326589824815,0.14021390532783698,0.43233145844453247,6,"1000,1001,1002,1003,1004,1005",77000,200,True
even-palindrome,controls,loss,none,34200,0.20393838015992818,0.11196856147627555,0.0814421561670315,0.37856858496386847,6,"1000,1001,1002,1003,1004,1005",77000,200,True
even-palindrome,controls,loss,none,34400,0.18823062946725258,0.10266164817556159,0.054402548550860956,0.3358806463622022,6,"1000,1001,1002,1003,1004,1005",77000,200,True
even-palindrome,controls,loss,none,34600,0.19077871154716072,0.10667102851180353,0.08114699395446223,0.3392179764172761,6,"1000,1001,1002,1003,1004,1005",77000,200,True
even-palindrome,controls,loss,none,34800,0.17982039148928985,0.1565680294499744,0.04578984266881889,0.4289184877135267,6,"1000,1001,1002,1003,1004,1005",77000,200,True
even-palindrome,controls,loss,none,35000,0.19326611832189278,0.12284315969550892,0.07829824570437267,0.36434852941943974,6,"1000,1001,1002,1003,1004,1005",77000,200,True
even-palindrome,controls,loss,none,35200,0.18392850352598997,0.11020089765418249,0.04672714462152726,0.3098041432278114,6,"1000,1001,1002,1003,1004,1005",77000,200,True
even-palindrome,controls,loss,none,35400,0.15852669364708463,0.10982782174158633,0.02398024841751976,0.31648972104580025,6,"1000,1001,1002,1003,1004,1005",77000,200,True
even-palindrome,controls,loss,none,35600,0.1824487425127275,0.1319378673598513,0.020199748547729542,0.41767530798955704,6,"1000,1001,1002,1003,1004,1005",77000,200,True
even-palindrome,controls,loss,none,35800,0.15871570005928334,0.08263751110563396,0.03878285818889708,0.3079374623284093,6,"1000,1001,1002,1003,1004,1005",77000,200,True
even-palindrome,controls,loss,none,36000,0.16407175674555444,0.12417921591093821,0.06099258453782113,0.37040486053563654,6,"1000,1001,1002,1003,1004,1005",77000,200,True
even-palindrome,controls,loss,none,36200,0.18863613093081844,0.12699569260825122,0.03833200891097476,0.3719792556192988,6,"1000,1001,1002,1003,1004,1005",77000,200,True
even-palindrome,controls,loss,none,36400,0.16206149783428522,0.09290786941997792,0.04152209488327571,0.30320987015795253,6,"1000,1001,1002,1003,1004,1005",77000,200,True
even-palindrome,controls,loss,none,36600,0.13291891934072358,0.09869152371334257,0.0029418297224901835,0.279495565267207,6,"1000,1001,1002,1003,1004,1005",77000,200,True
even-palindrome,controls,loss,none,36800,0.1843918361439637,0.11688186365442828,0.04991858440408578,0.38118020297250044,6,"1000,1001,1002,1003,1004,1005",77000,200,True
even-palindrome,controls,loss,none,37000,0.20520666070309443,0.07425356066325409,0.06153518203265776,0.2617063858259644,6,"1000,1001,1002,1003,1004,1005",77000,200,True
even-palindrome,controls,loss,none,37200,0.17616732820378275,0.125633053322099,0.04543728501956139,0.4094327374337445,6,"1000,1001,1002,1003,1004,1005",77000,200,True
even-palindrome,controls,loss,none,37400,0.16010730883915056,0.11510348321522486,0.038225945154858894,0.3351789198198821,6,"1000,1001,1002,1003,1004,1005",77000,200,True
even-palindrome,controls,loss,none,37600,0.12463683799687413,0.06619512078471514,0.010139540984173436,0.2100681351419189,6,"1000,1001,1002,1003,1004,1005",77000,200,True
even-palindrome,controls,loss,none,37800,0.16507240536177922,0.10228603962332096,0.024932172012249794,0.3366816614115305,6,"1000,1001,1002,1003,1004,1005",77000,200,True
even-palindrome,controls,loss,none,38000,0.181511884390502,0.1022705572857466,0.04263281495107549,0.3047295483529524,6,"1000,1001,1002,1003,1004,1005",77000,200,True
even-palindrome,controls,loss,none,38200,0.18916002620015812,0.10637297329830642,0.06947953073173267,0.34761415994733397,6,"1000,1001,1002,1003,1004,1005",77000,200,True
even-palindrome,controls,loss,none,38400,0.15092816289252897,0.08695207934006118,0.021071752222105715,0.2442903544405999,6,"1000,1001,1002,1003,1004,1005",77000,200,True
even-palindrome,controls,loss,none,38600,0.16217252251727057,0.08136300664505514,0.03010218952203104,0.26662355191503595,6,"1000,1001,1002,1003,1004,1005",77000,200,True
even-palindrome,controls,loss,none,38800,0.16285021649169265,0.08678080290405094,0.07402382341037082,0.33256192188440764,6,"1000,1001,1002,1003,1004,1005",77000,200,True
even-palindrome,controls,loss,none,39000,0.13014286749847617,0.10458501355788814,0.0050417681829503635,0.30889726244502524,6,"1000,1001,1002,1003,1004,1005",77000,200,True
even-palindrome,controls,loss,none,39200,0.14021603782019687,0.11785492277633265,0.004078761257128463,0.3318168223534667,6,"1000,1001,1002,1003,1004,1005",77000,200,True
even-palindrome,controls,loss,none,39400,0.13307126963549668,0.09579504708143771,0.00018644148229213898,0.30313314603663455,6,"1000,1001,1002,1003,1004,1005",77000,200,True
even-palindrome,controls,loss,none,39600,0.21714384152423283,0.15751401589469355,0.02555067066306947,0.441128071236235,6,"1000,1001,1002,1003,1004,1005",77000,200,True
even-palindrome,controls,loss,none,39800,0.16540372402244619,0.09312873835539366,0.07686918715555294,0.35494292503397445,6,"1000,1001,1002,1003,1004,1005",77000,200,True
even-palindrome,controls,loss,none,40000,0.13117525720849585,0.08097645991089725,0.05461101078224147,0.276282920137055,6,"1000,1001,1002,1003,1004,1005",77000,200,True
even-palindrome,controls,loss,none,40200,0.1989518620994594,0.15002601109894306,0.05107674094779213,0.418937039806915,6,"1000,1001,1002,1003,1004,1005",77000,200,True
even-palindrome,controls,loss,none,40400,0.13624504659416328,0.0707185908202968,0.07712721795569451,0.2763044326879026,6,"1000,1001,1002,1003,1004,1005",77000,200,True
even-palindrome,controls,loss,none,40600,0.09395619598857972,0.09051380212536295,0.008877068634405986,0.27739010934119507,6,"1000,1001,1002,1003,1004,1005",77000,200,True
even-palindrome,controls,loss,none,40800,0.11142537398262713,0.11860656523037424,0.016532752142675234,0.29576772911843363,6,"1000,1001,1002,1003,1004,1005",77000,200,True
even-palindrome,controls,loss,none,41000,0.14285111760117464,0.09208900239796879,0.043670992810159535,0.2735952232126692,6,"1000,1001,1002,1003,1004,1005",77000,200,True
even-palindrome,controls,loss,none,41200,0.1439972090585506,0.09595589180389696,0.046696302207374175,0.3098730787386012,6,"1000,1001,1002,1003,1004,1005",77000,200,True
even-palindrome,controls,loss,none,41400,0.14452152417996747,0.07883058155705942,0.0634147091613795,0.3047748007185146,6,"1000,1001,1002,1003,1004,1005",77000,200,True
even-palindrome,controls,loss,none,41600,0.09122746771433676,0.09094891192816204,0.00375174256190121,0.2693547772903912,6,"1000,1001,1002,1003,1004,1005",77000,200,True
even-palindrome,controls,loss,none,41800,0.11189634735268954,0.09408978892985785,0.009808057044911039,0.2692819648936529,6,"1000,1001,1002,1003,1004,1005",77000,200,True
even-palindrome,controls,loss,none,42000,0.15202920131766406,0.06214312898650429,0.10354641160120764,0.2868425243485399,6,"1000,1001,1002,1003,1004,1005",77000,200,True
even-palindrome,controls,loss,none,42200,0.1501594848810684,0.14298969227381061,0.016331991942079186,0.3984496862652304,6,"1000,1001,1002,1003,1004,1005",77000,200,True
even-palindrome,controls,loss,none,42400,0.10652513849262013,0.11258458156301204,0.0068629524411426245,0.3272845372589836,6,"1000,1001,1002,1003,1004,1005",77000,200,True
even-palindrome,controls,loss,none,42600,0.1266113866370827,0.11101883301028871,0.018922339086554416,0.3457189221887893,6,"1000,1001,1002,1003,1004,1005",77000,200,True
even-palindrome,controls,loss,none,42800,0.13807550275945488,0.09230098488686192,0.009860042479435265,0.2927949769674342,6,"1000,1001,1002,1003,1004,1005",77000,200,True
even-palindrome,controls,loss,none,43000,0.14325395638409502,0.09079062870896731,0.02958885050885783,0.27392642237788095,6,"1000,1001,1002,1003,1004,1005",77000,200,True
even-palindrome,controls,loss,none,43200,0.07678857666241508,0.08488721431094666,0.007455203664723058,0.25451056138272177,6,"1000,1001,1002,1003,1004,1005",77000,200,True
even-palindrome,controls,loss,none,43400,0.10608904516151522,0.10094743307257949,0.005635851862457457,0.26140100710221303,6,"1000,1001,1002,1003,1004,1005",77000,200,True
even-palindrome,controls,loss,none,43600,0.09011429115977042,0.11057757926646546,0.0001947668209169251,0.3291345620625361,6,"1000,1001,1002,1003,1004,1005",77000,200,True
even-palindrome,controls,loss,none,43800,0.16738880901314,0.07057724187671385,0.03408585899822242,0.26108907096600886,6,"1000,1001,1002,1003,1004,1005",77000,200,True
even-palindrome,controls,loss,none,44000,0.09810644459483643,0.08778225118745413,0.0014590431599155807,0.2243255358402894,6,"1000,1001,1002,1003,1004,1005",77000,200,True
even-palindrome,controls,loss,none,44200,0.10798067298095011,0.10495522575207995,0.02936318687881567,0.33841476645333385,6,"1000,1001,1002,1003,1004,1005",77000,200,True
even-palindrome,controls,loss,none,44400,0.13443011490938042,0.0866012970809935,0.04675171925367977,0.28720392260722294,6,"1000,1001,1002,1003,1004,1005",77000,200,True
even-palindrome,controls,loss,none,44600,0.12178044845854119,0.08154079260039078,0.00015482041450468387,0.25690138182671945,6,"1000,1001,1002,1003,1004,1005",77000,200,True
even-palindrome,controls,loss,none,44800,0.08806519613583426,0.062019181848773065,0.00452733772427166,0.19162578343271888,6,"1000,1001,1002,1003,1004,1005",77000,200,True
even-palindrome,controls,loss,none,45000,0.15539572177242153,0.1409351176605668,0.02311513772220337,0.39876755111024975,6,"1000,1001,1002,1003,1004,1005",77000,200,True
even-palindrome,controls,loss,none,45200,0.11956778955224166,0.0571912499743343,0.05373855465944587,0.2233976912475191,6,"1000,1001,1002,1003,1004,1005",77000,200,True
even-palindrome,controls,loss,none,45400,0.09073571149979949,0.07194952236988322,0.005178785579362284,0.23634720711306728,6,"1000,1001,1002,1003,1004,1005",77000,200,True
even-palindrome,controls,loss,none,45600,0.11792215785251192,0.10016630933577868,0.00017744907460524927,0.28081039846656497,6,"1000,1001,1002,1003,1004,1005",77000,200,True
even-palindrome,controls,loss,none,45800,0.08924214990249608,0.09066040978658284,0.0007890077047047583,0.2430348030753885,6,"1000,1001,1002,1003,1004,1005",77000,200,True
even-palindrome,controls,loss,none,46000,0.11807570354543155,0.10852104985996566,0.01858472568104105,0.3066508886943848,6,"1000,1001,1002,1003,1004,1005",77000,200,True
even-palindrome,controls,loss,none,46200,0.16633078941271293,0.10535379564527805,0.015547975827053051,0.3020052992189153,6,"1000,1001,1002,1003,1004,1005",77000,200,True
even-palindrome,controls,loss,none,46400,0.1232784114444095,0.09840039420870013,0.0020709366941082407,0.2804508724492916,6,"1000,1001,1002,1003,1004,1005",77000,200,True
even-palindrome,controls,loss,none,46600,0.07856653695090994,0.078391110354878,4.4096742565855606e-05,0.2431828438127559,6,"1000,1001,1002,1003,1004,1005",77000,200,True
even-palindrome,controls,loss,none,46800,0.10516816038934558,0.08537225304474787,0.012278765047908565,0.2547518547525709,6,"1000,1001,1002,1003,1004,1005",77000,200,True
even-palindrome,controls,loss,none,47000,0.07377831598671843,0.06295847793402194,0.00015564619137308,0.19383639921607027,6,"1000,1001,1002,1003,1004,1005",77000,200,True
even-palindrome,controls,loss,none,47200,0.05841757621577078,0.07531825149460589,3.604991471739538e-05,0.20398741466051434,6,"1000,1001,1002,1003,1004,1005",77000,200,True
even-palindrome,controls,loss,none,47400,0.0674838419192076,0.08168871016516267,0.001254272432105168,0.2333149642593162,6,"1000,1001,1002,1003,1004,1005",77000,200,True
even-palindrome,controls,loss,none,47600,0.09929041002538323,0.06439610274734259,3.517721587826372e-05,0.16629198238741083,6,"1000,1001,1002,1003,1004,1005",77000,200,True
even-palindrome,controls,loss,none,47800,0.09622110706253721,0.061965500973037366,0.03610970934313627,0.20120458556175436,6,"1000,1001,1002,1003,1004,1005",77000,200,True
even-palindrome,controls,loss,none,48000,0.08541394013158338,0.09631089054368108,0.00012305573352932697,0.2782647302042642,6,"1000,1001,1002,1003,1004,1005",77000,200,True
even-palindrome,controls,loss,none,48200,0.09429063548709073,0.0749118881477261,9.687629009789589e-05,0.19577834067512412,6,"1000,1001,1002,1003,1004,1005",77000,200,True
even-palindrome,controls,loss,none,48400,0.11687312043343856,0.06965192030923183,1.1934579736774254e-05,0.22064123155489143,6,"1000,1001,1002,1003,1004,1005",77000,200,True
even-palindrome,controls,loss,none,48600,0.09115088845688342,0.07706530702862789,0.03817342681945661,0.2610799106541617,6,"1000,1001,1002,1003,1004,1005",77000,200,True
even-palindrome,controls,loss,none,48800,0.06810192384768761,0.045285831176715495,0.009031505703651846,0.1516337854392441,6,"1000,1001,1002,1003,1004,1005",77000,200,True
even-palindrome,controls,loss,none,49000,0.10328267076073898,0.06733908993726839,0.0018474591749959401,0.1786798078724314,6,"1000,1001,1002,1003,1004,1005",77000,200,True
even-palindrome,controls,loss,none,49200,0.04607499239814781,0.0668722255784991,6.751597419054179e-05,0.18853493576878463,6,"1000,1001,1002,1003,1004,1005",77000,200,True
even-palindrome,controls,loss,none,49400,0.07448999923289815,0.06845325472943305,4.265350050030037e-05,0.1946488305427374,6,"1000,1001,1002,1003,1004,1005",77000,200,True
even-palindrome,controls,loss,none,49600,0.07777238540300817,0.08176899194952965,5.321513214018969e-05,0.21882044526897515,6,"1000,1001,1002,1003,1004,1005",77000,200,True
even-palindrome,controls,loss,none,49800,0.12503536634585674,0.07009504126935454,2.097915785608251e-06,0.2329833115670408,6,"1000,1001,1002,1003,1004,1005",77000,200,True
even-palindrome,controls,loss,none,50000,0.08254569959703935,0.06801448720931691,0.0077863160880681905,0.21459649660027025,6,"1000,1001,1002,1003,1004,1005",77000,200,True
even-palindrome,controls,loss,none,50200,0.13100376505709702,0.10889200002072326,0.0003170436103980023,0.2784955462508276,6,"1000,1001,1002,1003,1004,1005",77000,200,True
even-palindrome,controls,loss,none,50400,0.08625378005107388,0.06913495704695863,6.932235425693989e-05,0.19136161122424256,6,"1000,1001,1002,1003,1004,1005",77000,200,True
even-palindrome,controls,loss,none,50600,0.053452218756755286,0.04394518798713587,4.968377626639153e-05,0.13229661192721323,6,"1000,1001,1002,1003,1004,1005",77000,200,True
even-palindrome,controls,loss,none,50800,0.05057598732455366,0.058046499459045435,0.0005060343294530867,0.1751659000148311,6,"1000,1001,1002,1003,1004,1005",77000,200,True
even-palindrome,controls,loss,none,51000,0.08816204341256907,0.07622433899097271,4.704711847537624e-05,0.2014139166525866,6,"1000,1001,1002,1003,1004,1005",77000,200,True
even-palindrome,controls,loss,none,51200,0.10760253675149677,0.1305300789836088,2.4694806298641847e-06,0.3904215107805885,6,"1000,1001,1002,1003,1004,1005",77000,200,True
even-palindrome,controls,loss,none,51400,0.11478155305625741,0.08009394783104727,0.02052480002987977,0.2597031731800689,6,"1000,1001,1002,1003,1004,1005",77000,200,True
even-palindrome,controls,loss,none,51600,0.0667844259625945,0.08773407560814532,0.0001581486240547747,0.24783403492774597,6,"1000,1001,1002,1003,1004,1005",77000,200,True
even-palindrome,controls,loss,none,51800,0.08668448086925723,0.10071952600995257,0.0003548281911912454,0.2670451066737496,6,"1000,1001,1002,1003,1004,1005",77000,200,True
even-palindrome,controls,loss,none,52000,0.07773616037695871,0.07328488305024941,1.6302309109885726e-05,0.21168895287052691,6,"1000,1001,1002,1003,1004,1005",77000,200,True
even-palindrome,controls,loss,none,52200,0.0953655679182515,0.06882114220308565,8.202826343008951e-06,0.22752874764825265,6,"1000,1001,1002,1003,1004,1005",77000,200,True
even-palindrome,controls,loss,none,52400,0.11385082720445294,0.0877036769479159,0.012492663601113776,0.23659624991588316,6,"1000,1001,1002,1003,1004,1005",77000,200,True
even-palindrome,controls,loss,none,52600,0.08209899603341912,0.05836592444785809,5.189461783928095e-05,0.17079873364724335,6,"1000,1001,1002,1003,1004,1005",77000,200,True
even-palindrome,controls,loss,none,52800,0.06486713410885026,0.07742726343182253,1.3333059888676058e-06,0.23120299803135821,6,"1000,1001,1002,1003,1004,1005",77000,200,True
even-palindrome,controls,loss,none,53000,0.08118796752620563,0.08454891837511343,7.282045439342966e-05,0.24849618954785002,6,"1000,1001,1002,1003,1004,1005",77000,200,True
even-palindrome,controls,loss,none,53200,0.06534673355631321,0.04182036811371048,0.00036715145036282594,0.12002473586441738,6,"1000,1001,1002,1003,1004,1005",77000,200,True
even-palindrome,controls,loss,none,53400,0.23467011076340138,0.40716404913251597,9.161701423789026e-05,1.1199864082656033,6,"1000,1001,1002,1003,1004,1005",77000,200,True
even-palindrome,controls,loss,none,53600,0.17313428921826116,0.15711793485327685,0.0391268277260307,0.49962733860024466,6,"1000,1001,1002,1003,1004,1005",77000,200,True
even-palindrome,controls,loss,none,53800,0.09331454873523852,0.0942820814111847,5.145589208964907e-05,0.2741335048518158,6,"1000,1001,1002,1003,1004,1005",77000,200,True
even-palindrome,controls,loss,none,54000,0.047629783105457645,0.04212493239954762,0.006866338934769329,0.12708220785953928,6,"1000,1001,1002,1003,1004,1005",77000,200,True
even-palindrome,controls,loss,none,54200,0.0988096427672629,0.062212513979961276,0.0477227978185528,0.21476743729735973,6,"1000,1001,1002,1003,1004,1005",77000,200,True
even-palindrome,controls,loss,none,54400,0.07684963314988763,0.08897045247280352,0.004435256429528636,0.2652491395198012,6,"1000,1001,1002,1003,1004,1005",77000,200,True
even-palindrome,controls,loss,none,54600,0.08538427125115483,0.09211637372409427,6.721861781404215e-05,0.21912770036595475,6,"1000,1001,1002,1003,1004,1005",77000,200,True
even-palindrome,controls,loss,none,54800,0.13080657421115272,0.11577893578554527,0.00025381976866284184,0.3153906325479875,6,"1000,1001,1002,1003,1004,1005",77000,200,True
even-palindrome,controls,loss,none,55000,0.11776968058237591,0.10738197113480862,0.00033249141513749694,0.31526052851346775,6,"1000,1001,1002,1003,1004,1005",77000,200,True
even-palindrome,controls,loss,none,55200,0.09397031147534678,0.0986608459368623,0.0004468733690660542,0.2408608976025061,6,"1000,1001,1002,1003,1004,1005",77000,200,True
even-palindrome,controls,loss,none,55400,0.08848162983173041,0.09802466598880177,0.0001386948912841035,0.23329607330994803,6,"1000,1001,1002,1003,1004,1005",77000,200,True
even-palindrome,controls,loss,none,55600,0.12545266941335884,0.14603964607147726,5.6670160717446904e-05,0.39104714881336294,6,"1000,1001,1002,1003,1004,1005",77000,200,True
even-palindrome,controls,loss,none,55800,0.05284879629598682,0.06362635165694144,7.988723620826476e-06,0.18892320337455204,6,"1000,1001,1002,1003,1004,1005",77000,200,True
even-palindrome,controls,loss,none,56000,0.09591480872792696,0.10147282947975138,0.00012115416616016007,0.2704376356257005,6,"1000,1001,1002,1003,1004,1005",77000,200,True
even-palindrome,controls,loss,none,56200,0.05998900199769234,0.0559192667849612,3.3357224468044676e-05,0.15573083788389794,6,"1000,1001,1002,1003,1004,1005",77000,200,True
even-palindrome,controls,loss,none,56400,0.07443301280195197,0.0934864211763573,0.005470166955926814,0.2646641985834367,6,"1000,1001,1002,1003,1004,1005",77000,200,True
even-palindrome,controls,loss,none,56600,0.06339366045782585,0.053017703165229774,5.671864481200828e-05,0.15020418037397576,6,"1000,1001,1002,1003,1004,1005",77000,200,True
even-palindrome,controls,loss,none,56800,0.09890686187289344,0.08687396513537692,0.015771359507089217,0.2640343424467301,6,"1000,1001,1002,1003,1004,1005",77000,200,True
even-palindrome,controls,loss,none,57000,0.12084991676922426,0.11475204192537662,0.0014312952563451376,0.302034229310754,6,"1000,1001,1002,1003,1004,1005",77000,200,True
even-palindrome,controls,loss,none,57200,0.05591300709685217,0.0659431605430841,3.0973359220531904e-05,0.19587116325437365,6,"1000,1001,1002,1003,1004,1005",77000,200,True
even-palindrome,controls,loss,none,57400,0.043745873669368995,0.04718036495334835,2.573597263598515e-05,0.1298242385403637,6,"1000,1001,1002,1003,1004,1005",77000,200,True
even-palindrome,controls,loss,none,57600,0.06712294909248341,0.050241270259024855,0.00040956338149989336,0.13716522940921094,6,"1000,1001,1002,1003,1004,1005",77000,200,True
even-palindrome,controls,loss,none,57800,0.05284235321043984,0.06699121597263308,2.2241866272239007e-05,0.19061872236535238,6,"1000,1001,1002,1003,1004,1005",77000,200,True
even-palindrome,controls,loss,none,58000,0.034064650359671274,0.06068195938192638,3.934682039643534e-06,0.1668473114677454,6,"1000,1001,1002,1003,1004,1005",77000,200,True
even-palindrome,controls,loss,none,58200,0.09293947315413197,0.08196800709431182,0.00020919447129254641,0.20799838302730017,6,"1000,1001,1002,1003,1004,1005",77000,200,True
even-palindrome,controls,loss,none,58400,0.05888354473471306,0.07932561827233087,1.3403683297452673e-06,0.21893068227067944,6,"1000,1001,1002,1003,1004,1005",77000,200,True
even-palindrome,controls,loss,none,58600,0.06733580494168612,0.05393660443733435,0.016339300612056882,0.16182599665767752,6,"1000,1001,1002,1003,1004,1005",77000,200,True
even-palindrome,controls,loss,none,58800,0.09418122597316007,0.0519960010959187,0.03792927542275709,0.17273069001523253,6,"1000,1001,1002,1003,1004,1005",77000,200,True
even-palindrome,controls,loss,none,59000,0.06356579803797861,0.08599794797045153,1.4665257657298091e-06,0.22988388498184803,6,"1000,1001,1002,1003,1004,1005",77000,200,True
even-palindrome,controls,loss,none,59200,0.041193957097871554,0.06573799507425086,8.279757784313002e-07,0.1857464928301124,6,"1000,1001,1002,1003,1004,1005",77000,200,True
even-palindrome,controls,loss,none,59400,0.03133336567044707,0.06673991653652743,7.442652768292479e-06,0.18051096506472278,6,"1000,1001,1002,1003,1004,1005",77000,200,True
even-palindrome,controls,loss,none,59600,0.0932291862431125,0.07050079599198457,4.509409300396117e-07,0.20605144055049096,6,"1000,1001,1002,1003,1004,1005",77000,200,True
even-palindrome,controls,loss,none,59800,0.09251387391675225,0.08699141859100505,5.213754521893321e-07,0.27001450819407796,6,"1000,1001,1002,1003,1004,1005",77000,200,True
even-palindrome,controls,loss,none,60000,0.09411132809459227,0.09748851060148139,3.7785352712926823e-07,0.2435885577328645,6,"1000,1001,1002,1003,1004,1005",77000,200,True
even-palindrome,controls,loss,none,60200,0.1917298072570713,0.20930840879657134,0.0002461214603097117,0.6326072911877996,6,"1000,1001,1002,1003,1004,1005",77000,200,True
even-palindrome,controls,loss,none,60400,0.05523570970368808,0.04572584538343795,0.0003276955931476477,0.13538495184140176,6,"1000,1001,1002,1003,1004,1005",77000,200,True
even-palindrome,controls,loss,none,60600,0.04645775588287207,0.05877699668468379,1.677103659950774e-05,0.17181904337087645,6,"1000,1001,1002,1003,1004,1005",77000,200,True
even-palindrome,controls,loss,none,60800,0.15293272049099746,0.19277644372625574,7.884263597659924e-05,0.572724021383576,6,"1000,1001,1002,1003,1004,1005",77000,200,True
even-palindrome,controls,loss,none,61000,0.07613623974659858,0.06096789089554716,0.0111957624426487,0.15367887239076544,6,"1000,1001,1002,1003,1004,1005",77000,200,True
even-palindrome,controls,loss,none,61200,0.08939184707251345,0.04230321489673468,0.00038584434546265646,0.1315639240454402,6,"1000,1001,1002,1003,1004,1005",77000,200,True
even-palindrome,controls,loss,none,61400,0.07474763228591018,0.056241152790954714,0.01998826905724698,0.19010621498996896,6,"1000,1001,1002,1003,1004,1005",77000,200,True
even-palindrome,controls,loss,none,61600,0.05159873727165191,0.055515765198800714,5.936803088978371e-05,0.15641833498918742,6,"1000,1001,1002,1003,1004,1005",77000,200,True
even-palindrome,controls,loss,none,61800,0.08795785822438958,0.09932098978995879,2.597227808109892e-05,0.24420018536644705,6,"1000,1001,1002,1003,1004,1005",77000,200,True
even-palindrome,controls,loss,none,62000,0.05801317775268757,0.04942503201467852,1.1510987642130432e-05,0.14759076976076813,6,"1000,1001,1002,1003,1004,1005",77000,200,True
even-palindrome,controls,loss,none,62200,0.05810938269347125,0.05188154993632827,6.487274988316027e-06,0.1543725111287995,6,"1000,1001,1002,1003,1004,1005",77000,200,True
even-palindrome,controls,loss,none,62400,0.05915200749327356,0.08598610965726154,1.2650127792496192e-06,0.24515949435413517,6,"1000,1001,1002,1003,1004,1005",77000,200,True
even-palindrome,controls,loss,none,62600,0.10635932973806224,0.07573722086296499,0.031173646459422742,0.26050294677742497,6,"1000,1001,1002,1003,1004,1005",77000,200,True
even-palindrome,controls,loss,none,62800,0.066134746379009,0.06332594312113768,1.0076761447400107e-06,0.1624195068383426,6,"1000,1001,1002,1003,1004,1005",77000,200,True
even-palindrome,controls,loss,none,63000,0.06918200536382489,0.07118549585453571,6.361497011597716e-07,0.18703868087631803,6,"1000,1001,1002,1003,1004,1005",77000,200,True
even-palindrome,controls,loss,none,63200,0.033376326773475566,0.058489036226500334,2.936997126251617e-07,0.16267666280225968,6,"1000,1001,1002,1003,1004,1005",77000,200,True
even-palindrome,controls,loss,none,63400,0.10577910255514465,0.03939550437544997,0.04703308219732534,0.14927836979956954,6,"1000,1001,1002,1003,1004,1005",77000,200,True
even-palindrome,controls,loss,none,63600,0.1490122610519614,0.22151058000728002,0.016495516811791854,0.6369118351599254,6,"1000,1001,1002,1003,1004,1005",77000,200,True
even-palindrome,controls,loss,none,63800,0.04770536902077843,0.09047430636594529,1.2501238244877478e-06,0.2491249502979008,6,"1000,1001,1002,1003,1004,1005",77000,200,True
even-palindrome,controls,loss,none,64000,0.13473478740043224,0.14305982665308375,1.03428472539413e-06,0.4029879633112198,6,"1000,1001,1002,1003,1004,1005",77000,200,True
even-palindrome,controls,loss,none,64200,0.04115357713491533,0.05054827596269908,3.860553480719564e-07,0.14892350341817293,6,"1000,1001,1002,1003,1004,1005",77000,200,True
even-palindrome,controls,loss,none,64400,0.08897025787249095,0.08199454667914313,0.0032558918984982197,0.2010626276145827,6,"1000,1001,1002,1003,1004,1005",77000,200,True
even-palindrome,controls,loss,none,64600,0.09905427506199127,0.08051503842402435,2.4060993315988543e-06,0.20505468942484867,6,"1000,1001,1002,1003,1004,1005",77000,200,True
even-palindrome,controls,loss,none,64800,0.06660455119644872,0.08935264930383932,8.084308786046601e-07,0.25341162674442785,6,"1000,1001,1002,1003,1004,1005",77000,200,True
even-palindrome,controls,loss,none,65000,0.06446835617043023,0.0758270343275369,3.268317313696867e-08,0.22486944997958744,6,"1000,1001,1002,1003,1004,1005",77000,200,True
even-palindrome,controls,loss,none,65200,0.05213375211640452,0.09018281331448744,1.1276593771411548e-06,0.24639869885087365,6,"1000,1001,1002,1003,1004,1005",77000,200,True
even-palindrome,controls,loss,none,65400,0.05467500417926844,0.05862101164493995,0.0008344412724091621,0.14436730726577138,6,"1000,1001,1002,1003,1004,1005",77000,200,True
even-palindrome,controls,loss,none,65600,0.06678084599224916,0.07327489333820672,8.353083092629277e-06,0.19481520073633418,6,"1000,1001,1002,1003,1004,1005",77000,200,True
even-palindrome,controls,loss,none,65800,0.0887759047944084,0.07557331059477002,0.00010997003371957526,0.22456213437232542,6,"1000,1001,1002,1003,1004,1005",77000,200,True
even-palindrome,controls,loss,none,66000,0.04551224014690753,0.07906527274905671,1.5388208500242973e-07,0.2164685417671518,6,"1000,1001,1002,1003,1004,1005",77000,200,True
even-palindrome,controls,loss,none,66200,0.1583196657294429,0.1897239738637985,7.500359023193681e-06,0.5229304327553693,6,"1000,1001,1002,1003,1004,1005",77000,200,True
even-palindrome,controls,loss,none,66400,0.08458429281418828,0.054152292654399116,0.008939099891779328,0.1561594068667887,6,"1000,1001,1002,1003,1004,1005",77000,200,True
even-palindrome,controls,loss,none,66600,0.04068115847289875,0.057749384190540945,3.1283117900338804e-07,0.15425029808978422,6,"1000,1001,1002,1003,1004,1005",77000,200,True
even-palindrome,controls,loss,none,66800,0.05617966812316069,0.0593653085161018,0.005535844225514518,0.16843103845543056,6,"1000,1001,1002,1003,1004,1005",77000,200,True
even-palindrome,controls,loss,none,67000,0.06466497702325222,0.04523258281971048,9.01310812757572e-07,0.12184480345233624,6,"1000,1001,1002,1003,1004,1005",77000,200,True
even-palindrome,controls,loss,none,67200,0.06832992467353799,0.06434317789474997,6.269169423323007e-07,0.17849724382363205,6,"1000,1001,1002,1003,1004,1005",77000,200,True
even-palindrome,controls,loss,none,67400,0.07830566309089952,0.0782918487026262,0.001781378331724055,0.2357101126422481,6,"1000,1001,1002,1003,1004,1005",77000,200,True
even-palindrome,controls,loss,none,67600,0.11259917328778517,0.07718385745909119,3.04047241002553e-06,0.21946234453490804,6,"1000,1001,1002,1003,1004,1005",77000,200,True
even-palindrome,controls,loss,none,67800,0.027872650256467246,0.05010255783482573,6.328151792799226e-07,0.13768002709442498,6,"1000,1001,1002,1003,1004,1005",77000,200,True
even-palindrome,controls,loss,none,68000,0.05547779118917012,0.07951776077244756,5.1692625957257267e-08,0.20048929416721875,6,"1000,1001,1002,1003,1004,1005",77000,200,True
even-palindrome,controls,loss,none,68200,0.03501286682834511,0.05612387938225799,1.3232186815651664e-07,0.15246341332572455,6,"1000,1001,1002,1003,1004,1005",77000,200,True
even-palindrome,controls,loss,none,68400,0.06019027918736423,0.07503902016138811,3.758529457907611e-08,0.20586010664682364,6,"1000,1001,1002,1003,1004,1005",77000,200,True
even-palindrome,controls,loss,none,68600,0.15385935246028515,0.21849994879137946,2.1530402195601983e-07,0.6090654096328343,6,"1000,1001,1002,1003,1004,1005",77000,200,True
even-palindrome,controls,loss,none,68800,0.04985069976229523,0.03813327199704979,0.016726831761071217,0.12971452121013272,6,"1000,1001,1002,1003,1004,1005",77000,200,True
even-palindrome,controls,loss,none,69000,0.05115272142918457,0.06664457998684542,1.3621171506397467e-05,0.1456422056050319,6,"1000,1001,1002,1003,1004,1005",77000,200,True
even-palindrome,controls,loss,none,69200,0.04434671034001133,0.0713547979405676,1.2540856238760223e-06,0.19776596505461924,6,"1000,1001,1002,1003,1004,1005",77000,200,True
even-palindrome,controls,loss,none,69400,0.06130155682410691,0.05786377107313341,0.0005095066840704355,0.16905577525565263,6,"1000,1001,1002,1003,1004,1005",77000,200,True
even-palindrome,controls,loss,none,69600,0.14423541873810466,0.205372476673486,0.0001947309851775779,0.5833430799349002,6,"1000,1001,1002,1003,1004,1005",77000,200,True
even-palindrome,controls,loss,none,69800,0.07233815876976424,0.05385230177652655,1.7615264726655865e-06,0.15705482553998065,6,"1000,1001,1002,1003,1004,1005",77000,200,True
even-palindrome,controls,loss,none,70000,0.07102900654333259,0.061740789981758394,1.4961676543995481e-05,0.19366180923683488,6,"1000,1001,1002,1003,1004,1005",77000,200,True
even-palindrome,controls,loss,none,70200,0.08428233055509438,0.05906598568100431,1.3485824101061028e-05,0.17350273069865632,6,"1000,1001,1002,1003,1004,1005",77000,200,True
even-palindrome,controls,loss,none,70400,0.17774639967932024,0.30130954480506766,1.297953376492078e-05,0.8366138063398952,6,"1000,1001,1002,1003,1004,1005",77000,200,True
even-palindrome,controls,loss,none,70600,0.07834149400195085,0.07643917082432353,1.4177451190642287e-05,0.19411236415664962,6,"1000,1001,1002,1003,1004,1005",77000,200,True
even-palindrome,controls,loss,none,70800,0.04050429247608669,0.06113642035415368,1.248580162183377e-06,0.16901642135197675,6,"1000,1001,1002,1003,1004,1005",77000,200,True
even-palindrome,controls,loss,none,71000,0.031097991112944246,0.047048481924548025,8.892003882050082e-05,0.13367752675339603,6,"1000,1001,1002,1003,1004,1005",77000,200,True
even-palindrome,controls,loss,none,71200,0.05048125506556391,0.05995816716689441,7.361985613102418e-08,0.1653765688218391,6,"1000,1001,1002,1003,1004,1005",77000,200,True
even-palindrome,controls,loss,none,71400,0.043927100554387054,0.060367860545029454,2.4347537804594866e-06,0.15041405485215814,6,"1000,1001,1002,1003,1004,1005",77000,200,True
even-palindrome,controls,loss,none,71600,0.06880851137871957,0.06492882115496776,3.3913779630710683e-07,0.16817274730747578,6,"1000,1001,1002,1003,1004,1005",77000,200,True
even-palindrome,controls,loss,none,71800,0.08729621469463017,0.05112028468106492,0.007911504125113145,0.16309389971553856,6,"1000,1001,1002,1003,1004,1005",77000,200,True
even-palindrome,controls,loss,none,72000,0.08620214176083425,0.07700854761802753,5.966921471730672e-05,0.21261389457982907,6,"1000,1001,1002,1003,1004,1005",77000,200,True
even-palindrome,controls,loss,none,72200,0.05975011574524431,0.04708574457344758,1.1373840557375724e-07,0.10976298797532053,6,"1000,1001,1002,1003,1004,1005",77000,200,True
even-palindrome,controls,loss,none,72400,0.07048372503888066,0.09787651335269136,1.6108685573302043e-07,0.27678820482324684,6,"1000,1001,1002,1003,1004,1005",77000,200,True
even-palindrome,controls,loss,none,72600,0.07557257197638276,0.06478668178536447,0.00010207175127335061,0.17903050149703859,6,"1000,1001,1002,1003,1004,1005",77000,200,True
even-palindrome,controls,loss,none,72800,0.024838606135343003,0.055378690143767915,7.248172146642751e-07,0.1486690042594057,6,"1000,1001,1002,1003,1004,1005",77000,200,True
even-palindrome,controls,loss,none,73000,0.028061224400526597,0.03718891315195463,6.296587848356184e-08,0.09829363121776283,6,"1000,1001,1002,1003,1004,1005",77000,200,True
even-palindrome,controls,loss,none,73200,0.0470867489535142,0.03357537479183605,2.477507824793071e-05,0.08925228841152873,6,"1000,1001,1002,1003,1004,1005",77000,200,True
even-palindrome,controls,loss,none,73400,0.07107623487138598,0.06948022851980237,6.496950841938798e-07,0.16647667925229526,6,"1000,1001,1002,1003,1004,1005",77000,200,True
even-palindrome,controls,loss,none,73600,0.0407657649789493,0.032534201422186375,0.0015722333150241135,0.09553201576033502,6,"1000,1001,1002,1003,1004,1005",77000,200,True
even-palindrome,controls,loss,none,73800,0.08166229642467228,0.07188931411594546,0.0072729111922933696,0.2109208331936844,6,"1000,1001,1002,1003,1004,1005",77000,200,True
even-palindrome,controls,loss,none,74000,0.043511700987692116,0.046018640866781896,1.9418865589357348e-07,0.11877042936124996,6,"1000,1001,1002,1003,1004,1005",77000,200,True
even-palindrome,controls,loss,none,74200,0.05848867371885444,0.03617748242214811,0.005769804024221436,0.09918821471588131,6,"1000,1001,1002,1003,1004,1005",77000,200,True
even-palindrome,controls,loss,none,74400,0.052867349945854764,0.0675445413022968,4.791165131888542e-07,0.17254313576138874,6,"1000,1001,1002,1003,1004,1005",77000,200,True
even-palindrome,controls,loss,none,74600,0.13421383098025463,0.2069749448026962,1.774218454745475e-05,0.5832038545532097,6,"1000,1001,1002,1003,1004,1005",77000,200,True
even-palindrome,controls,loss,none,74800,0.045977711658156846,0.07531950355072405,3.500741959794329e-06,0.2091984109292639,6,"1000,1001,1002,1003,1004,1005",77000,200,True
even-palindrome,controls,loss,none,75000,0.03137334497491575,0.026405722155266282,1.209783834612739e-06,0.07576114470354525,6,"1000,1001,1002,1003,1004,1005",77000,200,True
even-palindrome,controls,loss,none,75200,0.053360386047685206,0.05743388687067132,4.05347449516924e-07,0.16248341128087987,6,"1000,1001,1002,1003,1004,1005",77000,200,True
even-palindrome,controls,loss,none,75400,0.08132128385015984,0.06688674507918353,4.583223955369718e-07,0.16465798647538765,6,"1000,1001,1002,1003,1004,1005",77000,200,True
even-palindrome,controls,loss,none,75600,0.05520730283016732,0.06798291764933077,3.679057084782222e-07,0.1578281485134566,6,"1000,1001,1002,1003,1004,1005",77000,200,True
even-palindrome,controls,loss,none,75800,0.051758257196569034,0.033269713235980554,0.006200874142390268,0.10260449594515601,6,"1000,1001,1002,1003,1004,1005",77000,200,True
even-palindrome,controls,loss,none,76000,0.07104855968034057,0.10266866095475699,3.291988043188643e-07,0.2873144622737207,6,"1000,1001,1002,1003,1004,1005",77000,200,True
even-palindrome,controls,loss,none,76200,0.0702524698651255,0.05616211937893923,2.0202306834854813e-06,0.15902336684902182,6,"1000,1001,1002,1003,1004,1005",77000,200,True
even-palindrome,controls,loss,none,76400,0.043830203313493125,0.07567129841904657,6.357648643116886e-08,0.20669723752623298,6,"1000,1001,1002,1003,1004,1005",77000,200,True
even-palindrome,controls,loss,none,76600,0.0400155783741935,0.037849192475974354,9.367990904011331e-08,0.09826754204433655,6,"1000,1001,1002,1003,1004,1005",77000,200,True
even-palindrome,controls,loss,none,76800,0.15236907755016327,0.1748474340243039,5.139810164781975e-07,0.5011799169121722,6,"1000,1001,1002,1003,1004,1005",77000,200,True
even-palindrome,controls,loss,none,77000,0.03115457353010853,0.05502216699044321,8.923650855252597e-08,0.1510197471202332,6,"1000,1001,1002,1003,1004,1005",77000,200,True
even-palindrome,controls,loss,zero,200,0.7031112543493511,0.0025688356593794367,0.6987393766641616,0.7065041829645634,6,"1000,1001,1002,1003,1004,1005",77000,200,True
even-palindrome,controls,loss,zero,400,0.6996625774850448,0.003246654265749213,0.6941218963265419,0.7041246330738068,6,"1000,1001,1002,1003,1004,1005",77000,200,True
even-palindrome,controls,loss,zero,600,0.6983005672941606,0.006904329917466394,0.6878055447340011,0.7076877293735743,6,"1000,1001,1002,1003,1004,1005",77000,200,True
even-palindrome,controls,loss,zero,800,0.7020114350194732,0.0039208412345794,0.6943731117248535,0.706216998398304,6,"1000,1001,1002,1003,1004,1005",77000,200,True
even-palindrome,controls,loss,zero,1000,0.6917428794006506,0.009319725127501444,0.673177639991045,0.7001757079362869,6,"1000,1001,1002,1003,1004,1005",77000,200,True
even-palindrome,controls,loss,zero,1200,0.6945823308080435,0.009116922806967817,0.6767210495471955,0.7074032485485077,6,"1000,1001,1002,1003,1004,1005",77000,200,True
even-palindrome,controls,loss,zero,1400,0.695781990736723,0.0068672137827010616,0.687221844792366,0.7066739097237587,6,"1000,1001,1002,1003,1004,1005",77000,200,True
even-palindrome,controls,loss,zero,1600,0.6964511043888827,0.006708040746417588,0.6867047123610973,0.705338537208736,6,"1000,1001,1002,1003,1004,1005",77000,200,True
even-palindrome,controls,loss,zero,1800,0.6854921711049974,0.013767658543234803,0.6576732733473182,0.7020374229550361,6,"1000,1001,1002,1003,1004,1005",77000,200,True
even-palindrome,controls,loss,zero,2000,0.6809556355482588,0.010507609649756692,0.6597768057323993,0.6903388963639736,6,"1000,1001,1002,1003,1004,1005",77000,200,True
even-palindrome,controls,loss,zero,2200,0.6762802492827177,0.021808968411371067,0.636677619740367,0.709703191705048,6,"1000,1001,1002,1003,1004,1005",77000,200,True
even-palindrome,controls,loss,zero,2400,0.6680002450648076,0.01696082043748141,0.6469872779492288,0.7018407836928964,6,"1000,1001,1002,1003,1004,1005",77000,200,True
even-palindrome,controls,loss,zero,2600,0.6534911429804439,0.018244093446295215,0.6271197295561433,0.6767014373093844,6,"1000,1001,1002,1003,1004,1005",77000,200,True
even-palindrome,controls,loss,zero,2800,0.6415686419489793,0.01863152874138336,0.6023723910236731,0.6621916399896145,6,"1000,1001,1002,1003,1004,1005",77000,200,True
even-palindrome,controls,loss,zero,3000,0.6457911520540559,0.012761036006756642,0.6325948856770992,0.6716347199492156,6,"1000,1001,1002,1003,1004,1005",77000,200,True
even-palindrome,controls,loss,zero,3200,0.6395216340431943,0.032353199045074936,0.5909315750841051,0.7000034250505268,6,"1000,1001,1002,1003,1004,1005",77000,200,True
even-palindrome,controls,loss,zero,3400,0.6358865541227471,0.03352187432436823,0.5968306038528681,0.7010752610117197,6,"1000,1001,1002,1003,1004,1005",77000,200,True
even-palindrome,controls,loss,zero,3600,0.6290124671378483,0.02869388559793512,0.5981148729659617,0.6844111078605056,6,"1000,1001,1002,1003,1004,1005",77000,200,True
even-palindrome,controls,loss,zero,3800,0.6345487418634973,0.015651539515836477,0.6161054260283708,0.6627560568600893,6,"1000,1001,1002,1003,1004,1005",77000,200,True
even-palindrome,controls,loss,zero,4000,0.6161120228562503,0.032642474857493727,0.5672953134169803,0.6742491860687733,6,"1000,1001,1002,1003,1004,1005",77000,200,True
even-palindrome,controls,loss,zero,4200,0.6203568122609674,0.03220505956965385,0.5702235209476203,0.674258916079998,6,"1000,1001,1002,1003,1004,1005",77000,200,True
even-palindrome,controls,loss,zero,4400,0.6212459365526836,0.01384379797033857,0.6004965939978137,0.6426556739769876,6,"1000,1001,1002,1003,1004,1005",77000,200,True
even-palindrome,controls,loss,zero,4600,0.6101620824646671,0.02811079618746854,0.5853979322151281,0.669749961849302,6,"1000,1001,1002,1003,1004,1005",77000,200,True
even-palindrome,controls,loss,zero,4800,0.6056055964354892,0.028488193523521003,0.5493869268335402,0.6329545861831867,6,"1000,1001,1002,1003,1004,1005",77000,200,True
even-palindrome,controls,loss,zero,5000,0.6133124454098288,0.03762460297437713,0.5763389926636592,0.6898828292824328,6,"1000,1001,1002,1003,1004,1005",77000,200,True
even-palindrome,controls,loss,zero,5200,0.6227759953518399,0.03622438974568226,0.5489117834786884,0.6583075352851302,6,"1000,1001,1002,1003,1004,1005",77000,200,True
even-palindrome,controls,loss,zero,5400,0.6164487262237041,0.0237929560604909,0.5954743179492652,0.667813940383494,6,"1000,1001,1002,1003,1004,1005",77000,200,True
even-palindrome,controls,loss,zero,5600,0.6112559659189234,0.025365172853840028,0.5784530842211097,0.6433784986101091,6,"1000,1001,1002,1003,1004,1005",77000,200,True
even-palindrome,controls,loss,zero,5800,0.592373038463605,0.047183333809221885,0.5049218941899016,0.6454810154810547,6,"1000,1001,1002,1003,1004,1005",77000,200,True
even-palindrome,controls,loss,zero,6000,0.5900272923684678,0.028256887683884676,0.5419251681817695,0.6208976728585549,6,"1000,1001,1002,1003,1004,1005",77000,200,True
even-palindrome,controls,loss,zero,6200,0.5906091600850535,0.03015916744867399,0.5579120131675154,0.6464973706100136,6,"1000,1001,1002,1003,1004,1005",77000,200,True
even-palindrome,controls,loss,zero,6400,0.6119546931108926,0.04501701026210262,0.5748773457598872,0.693161793211475,6,"1000,1001,1002,1003,1004,1005",77000,200,True
even-palindrome,controls,loss,zero,6600,0.5928073265276422,0.027553071984754377,0.5695475718681701,0.6521324330382049,6,"1000,1001,1002,1003,1004,1005",77000,200,True
even-palindrome,controls,loss,zero,6800,0.592402227682566,0.05915155548403423,0.5478671362181194,0.7122353086539078,6,"1000,1001,1002,1003,1004,1005",77000,200,True
even-palindrome,controls,loss,zero,7000,0.5705775253938433,0.04215569951813916,0.49430777462664993,0.6306490944884717,6,"1000,1001,1002,1003,1004,1005",77000,200,True
even-palindrome,controls,loss,zero,7200,0.6009116667233563,0.018284068048822467,0.5636568486783653,0.6206333923642524,6,"1000,1001,1002,1003,1004,1005",77000,200,True
even-palindrome,controls,loss,zero,7400,0.5714873943503093,0.02825319080628423,0.5405004051385913,0.6223822720348835,6,"1000,1001,1002,1003,1004,1005",77000,200,True
even-palindrome,controls,loss,zero,7600,0.5777382387329514,0.03835843069452048,0.5390130386734381,0.6329287693230435,6,"1000,1001,1002,1003,1004,1005",77000,200,True
even-palindrome,controls,loss,zero,7800,0.578853372959032,0.05968159731913379,0.49951754286885264,0.6882334787584842,6,"1000,1001,1002,1003,1004,1005",77000,200,True
even-palindrome,controls,loss,zero,8000,0.5717226434846332,0.03742305226042275,0.5325594180333428,0.6329848482087255,6,"1000,1001,1002,1003,1004,1005",77000,200,True
even-palindrome,controls,loss,zero,8200,0.587476027418937,0.04125724599835816,0.5327066240552812,0.6604913216922432,6,"1000,1001,1002,1003,1004,1005",77000,200,True
even-palindrome,controls,loss,zero,8400,0.5668656650135139,0.03793274518876765,0.5349550912785344,0.6489798577269539,6,"1000,1001,1002,1003,1004,1005",77000,200,True
even-palindrome,controls,loss,zero,8600,0.5663569769759972,0.02729810936570611,0.5459575267042964,0.6257008194364607,6,"1000,1001,1002,1003,1004,1005",77000,200,True
even-palindrome,controls,loss,zero,8800,0.5871772761568234,0.029983157702589545,0.5344181855814532,0.6158348175603896,6,"1000,1001,1002,1003,1004,1005",77000,200,True
even-palindrome,controls,loss,zero,9000,0.5514109864282849,0.03254494284221328,0.512850940846838,0.6143619506061078,6,"1000,1001,1002,1003,1004,1005",77000,200,True
even-palindrome,controls,loss,zero,9200,0.5771489336442513,0.037491778684209484,0.5257300552912056,0.6238358528912067,6,"1000,1001,1002,1003,1004,1005",77000,200,True
even-palindrome,controls,loss,zero,9400,0.5714892899116967,0.04308070942608578,0.5071872874209657,0.6422999205999076,6,"1000,1001,1002,1003,1004,1005",77000,200,True
even-palindrome,controls,loss,zero,9600,0.5886635834209544,0.03461277887888191,0.5482440024428069,0.6579298360506073,6,"1000,1001,1002,1003,1004,1005",77000,200,True
even-palindrome,controls,loss,zero,9800,0.5826556710359486,0.022939057528008514,0.5401596960797906,0.6135538221988827,6,"1000,1001,1002,1003,1004,1005",77000,200,True
even-palindrome,controls,loss,zero,10000,0.5713649613421391,0.05554809971866716,0.5099632145871874,0.660778811967466,6,"1000,1001,1002,1003,1004,1005",77000,200,True
even-palindrome,controls,loss,zero,10200,0.5638914365311697,0.04818232734924376,0.4876844235276803,0.6358249622827862,6,"1000,1001,1002,1003,1004,1005",77000,200,True
even-palindrome,controls,loss,zero,10400,0.5561242126326155,0.03104138036733444,0.5059634327376261,0.5965433787554503,6,"1000,1001,1002,1003,1004,1005",77000,200,True
even-palindrome,controls,loss,zero,10600,0.5557415460415844,0.018389178059613216,0.5326638733875007,0.5931185385398566,6,"1000,1001,1002,1003,1004,1005",77000,200,True
even-palindrome,controls,loss,zero,10800,0.5405769732021145,0.06494141644627596,0.4814050256088376,0.660055767223239,6,"1000,1001,1002,1003,1004,1005",77000,200,True
even-palindrome,controls,loss,zero,11000,0.5316262483927615,0.02752385871503162,0.5020160128176212,0.5728745627077296,6,"1000,1001,1002,1003,1004,1005",77000,200,True
even-palindrome,controls,loss,zero,11200,0.5634711024256831,0.05335799091053887,0.5080049234209583,0.660946494420059,6,"1000,1001,1002,1003,1004,1005",77000,200,True
even-palindrome,controls,loss,zero,11400,0.5279809721673762,0.042452511049749675,0.4688353022816591,0.5981872620224021,6,"1000,1001,1002,1003,1004,1005",77000,200,True
even-palindrome,controls,loss,zero,11600,0.5607497331719302,0.0568128770912591,0.4724350048287306,0.6654274869919754,6,"1000,1001,1002,1003,1004,1005",77000,200,True
even-palindrome,controls,loss,zero,11800,0.5268881238492517,0.04634284594393482,0.4771019894978963,0.610257861460559,6,"1000,1001,1002,1003,1004,1005",77000,200,True
even-palindrome,controls,loss,zero,12000,0.5142158079569343,0.03150886990340616,0.48613329805782995,0.5795511549990624,6,"1000,1001,1002,1003,1004,1005",77000,200,True
even-palindrome,controls,loss,zero,12200,0.5596764275703269,0.06629263828327665,0.49613949571736154,0.6913399917678907,6,"1000,1001,1002,1003,1004,1005",77000,200,True
even-palindrome,controls,loss,zero,12400,0.5277343792588606,0.04161199194665573,0.4602973842562642,0.5974967668484896,6,"1000,1001,1002,1003,1004,1005",77000,200,True
even-palindrome,controls,loss,zero,12600,0.5454847852249319,0.031140625569652018,0.503972323576454,0.6044183327932842,6,"1000,1001,1002,1003,1004,1005",77000,200,True
even-palindrome,controls,loss,zero,12800,0.5314698413178848,0.0642395240849782,0.4589663068609661,0.6495122461114079,6,"1000,1001,1002,1003,1004,1005",77000,200,True
even-palindrome,controls,loss,zero,13000,0.5385651876936269,0.03380768760666248,0.5002742366772145,0.6059781172219664,6,"1000,1001,1002,1003,1004,1005",77000,200,True
even-palindrome,controls,loss,zero,13200,0.5224651159136071,0.04162879747702682,0.4560825129994191,0.5747836483130232,6,"1000,1001,1002,1003,1004,1005",77000,200,True
even-palindrome,controls,loss,zero,13400,0.5275826994954453,0.06031957198230808,0.47080245255725456,0.6550928709795698,6,"1000,1001,1002,1003,1004,1005",77000,200,True
even-palindrome,controls,loss,zero,13600,0.5186231036009364,0.06056542755778534,0.45484902760596013,0.6319811884872615,6,"1000,1001,1002,1003,1004,1005",77000,200,True
even-palindrome,controls,loss,zero,13800,0.5412575379258003,0.03285297055981682,0.510268480105442,0.6026487876288593,6,"1000,1001,1002,1003,1004,1005",77000,200,True
even-palindrome,controls,loss,zero,14000,0.5215050512886955,0.0452564134693133,0.44983112620073373,0.6031426215427927,6,"1000,1001,1002,1003,1004,1005",77000,200,True
even-palindrome,controls,loss,zero,14200,0.5374176140895967,0.06827183581265854,0.46132436803658494,0.640437719601905,6,"1000,1001,1002,1003,1004,1005",77000,200,True
even-palindrome,controls,loss,zero,14400,0.5375731219918817,0.08735889526460387,0.4469941901555285,0.6995458680472803,6,"1000,1001,1002,1003,1004,1005",77000,200,True
even-palindrome,controls,loss,zero,14600,0.5111105992651331,0.0562263285463819,0.42071945023024454,0.5872329486650415,6,"1000,1001,1002,1003,1004,1005",77000,200,True
even-palindrome,controls,loss,zero,14800,0.5249840359619701,0.06601528393907871,0.3851250848546624,0.5915834308345802,6,"1000,1001,1002,1003,1004,1005",77000,200,True
even-palindrome,controls,loss,zero,15000,0.5078404892882584,0.053228496661070476,0.4438323997776024,0.5990310413157567,6,"1000,1001,1002,1003,1004,1005",77000,200,True
even-palindrome,controls,loss,zero,15200,0.5121474901594532,0.06364971406981335,0.4309276980732102,0.6164965420402586,6,"1000,1001,1002,1003,1004,1005",77000,200,True
even-palindrome,controls,loss,zero,15400,0.5419720411141559,0.06406894129530702,0.4623742254730314,0.6495045435486827,6,"1000,1001,1002,1003,1004,1005",77000,200,True
even-palindrome,controls,loss,zero,15600,0.49170400234113915,0.07139662339033813,0.41814006375963797,0.6375369898299686,6,"1000,1001,1002,1003,1004,1005",77000,200,True
even-palindrome,controls,loss,zero,15800,0.4895970061515497,0.06675500917572648,0.38757816438184817,0.5783376259356737,6,"1000,1001,1002,1003,1004,1005",77000,200,True
even-palindrome,controls,loss,zero,16000,0.5300997706144214,0.06216331472951309,0.46768615818582476,0.6200389726413413,6,"1000,1001,1002,1003,1004,1005",77000,200,True
even-palindrome,controls,loss,zero,16200,0.5045841499816258,0.05149469739652113,0.4311347254621796,0.5743589394306764,6,"1000,1001,1002,1003,1004,1005",77000,200,True
even-palindrome,controls,loss,zero,16400,0.5107616413689297,0.03685249241071375,0.47369967179372907,0.5615508902957663,6,"1000,1001,1002,1003,1004,1005",77000,200,True
even-palindrome,controls,loss,zero,16600,0.4725127517919949,0.06258560315366243,0.41181937222369014,0.562771836615866,6,"1000,1001,1002,1003,1004,1005",77000,200,True
even-palindrome,controls,loss,zero,16800,0.4798953761359492,0.05090128811427388,0.3715086922838236,0.5161048748664325,6,"1000,1001,1002,1003,1004,1005",77000,200,True
even-palindrome,controls,loss,zero,17000,0.4892984157832447,0.07959025792513467,0.33407646081162967,0.604742609737441,6,"1000,1001,1002,1003,1004,1005",77000,200,True
even-palindrome,controls,loss,zero,17200,0.5276633784396836,0.03633931897201586,0.46925180541758893,0.5757983801630325,6,"1000,1001,1002,1003,1004,1005",77000,200,True
even-palindrome,controls,loss,zero,17400,0.48948671755482787,0.05290911302579001,0.3974433152913116,0.5517537135450402,6,"1000,1001,1002,1003,1004,1005",77000,200,True
even-palindrome,controls,loss,zero,17600,0.47675311809609416,0.07456040519148088,0.40309126730135175,0.6331241533206776,6,"1000,1001,1002,1003,1004,1005",77000,200,True
even-palindrome,controls,loss,zero,17800,0.45641345083373985,0.08320260983862861,0.3505443316732999,0.601939274482429,6,"1000,1001,1002,1003,1004,1005",77000,200,True
even-palindrome,controls,loss,zero,18000,0.4610870587368845,0.06043375074916018,0.35743331535952166,0.534729846920818,6,"1000,1001,1002,1003,1004,1005",77000,200,True
even-palindrome,controls,loss,zero,18200,0.4563223659808864,0.05895649823197034,0.36627157792492654,0.5256710590588045,6,"1000,1001,1002,1003,1004,1005",77000,200,True
even-palindrome,controls,loss,zero,18400,0.46783493862865727,0.07934332762415049,0.3653830576170003,0.5925797918334138,6,"1000,1001,1002,1003,1004,1005",77000,200,True
even-palindrome,controls,loss,zero,18600,0.4449834014144775,0.09642147605900832,0.31880632827291266,0.5966532190784346,6,"1000,1001,1002,1003,1004,1005",77000,200,True
even-palindrome,controls,loss,zero,18800,0.4784297039414378,0.07748238790027834,0.3655731904930144,0.6055900244010263,6,"1000,1001,1002,1003,1004,1005",77000,200,True
even-palindrome,controls,loss,zero,19000,0.5534417609841814,0.12896476068097623,0.40325663257041017,0.8025513729089289,6,"1000,1001,1002,1003,1004,1005",77000,200,True
even-palindrome,controls,loss,zero,19200,0.4594875673286152,0.07212735993695563,0.3457089902448934,0.5548858892294811,6,"1000,1001,1002,1003,1004,1005",77000,200,True
even-palindrome,controls,loss,zero,19400,0.4570024787225703,0.06069210719790002,0.40416173984587656,0.5828749002283439,6,"1000,1001,1002,1003,1004,1005",77000,200,True
even-palindrome,controls,loss,zero,19600,0.440563362248237,0.1094192842440556,0.24502292944816872,0.6150326000293717,6,"1000,1001,1002,1003,1004,1005",77000,200,True
even-palindrome,controls,loss,zero,19800,0.4554632467766351,0.08867796804989281,0.3363041902735131,0.5692270838376134,6,"1000,1001,1002,1003,1004,1005",77000,200,True
even-palindrome,controls,loss,zero,20000,0.41044419411438865,0.09947905123950118,0.2811107259403798,0.5319894436490722,6,"1000,1001,1002,1003,1004,1005",77000,200,True
even-palindrome,controls,loss,zero,20200,0.4215492504510136,0.08214454450831953,0.30399551947106374,0.5173659885337111,6,"1000,1001,1002,1003,1004,1005",77000,200,True
even-palindrome,controls,loss,zero,20400,0.41914488590443705,0.12338598233504687,0.18273684562940617,0.5489160272351,6,"1000,1001,1002,1003,1004,1005",77000,200,True
even-palindrome,controls,loss,zero,20600,0.45841304880828826,0.0453725840146931,0.3697488208251889,0.5134833605086897,6,"1000,1001,1002,1003,1004,1005",77000,200,True
even-palindrome,controls,loss,zero,20800,0.4594178138701439,0.07859542555645606,0.29523466326878406,0.534997572528082,6,"1000,1001,1002,1003,1004,1005",77000,200,True
even-palindrome,controls,loss,zero,21000,0.4268437464120507,0.10031880237327238,0.2358021173463203,0.5379919989174232,6,"1000,1001,1002,1003,1004,1005",77000,200,True
even-palindrome,controls,loss,zero,21200,0.39802491736011386,0.11921248345880937,0.18841283178247978,0.5141156811523251,6,"1000,1001,1002,1003,1004,1005",77000,200,True
even-palindrome,controls,loss,zero,21400,0.4338545473047755,0.10128727030398219,0.21897938580572374,0.5315914024959784,6,"1000,1001,1002,1003,1004,1005",77000,200,True
even-palindrome,controls,loss,zero,21600,0.39055839562515754,0.13077140507508053,0.14930978448152019,0.49572111485758796,6,"1000,1001,1002,1003,1004,1005",77000,200,True
even-palindrome,controls,loss,zero,21800,0.46536225402749554,0.08278776948776835,0.32493717602512334,0.5755320108024171,6,"1000,1001,1002,1003,1004,1005",77000,200,True
even-palindrome,controls,loss,zero,22000,0.43733026875198755,0.11201697852568096,0.19574956347583794,0.5159606490354054,6,"1000,1001,1002,1003,1004,1005",77000,200,True
even-palindrome,controls,loss,zero,22200,0.3941182030512573,0.09950916782269516,0.26400287220370955,0.5188795347500127,6,"1000,1001,1002,1003,1004,1005",77000,200,True
even-palindrome,controls,loss,zero,22400,0.39813340481880005,0.13145977842161857,0.1473903161965427,0.5279793320037425,6,"1000,1001,1002,1003,1004,1005",77000,200,True
even-palindrome,controls,loss,zero,22600,0.3450126575753166,0.10249570577686375,0.16055724317957357,0.43679112047248053,6,"1000,1001,1002,1003,1004,1005",77000,200,True
even-palindrome,controls,loss,zero,22800,0.3324885041089995,0.16669385425607652,0.09930819736480771,0.5117339037745842,6,"1000,1001,1002,1003,1004,1005",77000,200,True
even-palindrome,controls,loss,zero,23000,0.441712983772292,0.1106366186522425,0.2036830441692291,0.5410299145011231,6,"1000,1001,1002,1003,1004,1005",77000,200,True
even-palindrome,controls,loss,zero,23200,0.35183408680095457,0.12868131452533993,0.13983684894366888,0.4995843423512997,6,"1000,1001,1002,1003,1004,1005",77000,200,True
even-palindrome,controls,loss,zero,23400,0.3382046555237199,0.1303323282189803,0.15312173425860237,0.4634594073685003,6,"1000,1001,1002,1003,1004,1005",77000,200,True
even-palindrome,controls,loss,zero,23600,0.3323129168654668,0.12760739801018078,0.1532180082485138,0.47223551387462065,6,"1000,1001,1002,1003,1004,1005",77000,200,True
even-palindrome,controls,loss,zero,23800,0.32446276467356555,0.13434065415464908,0.12383338964777067,0.4793536741757998,6,"1000,1001,1002,1003,1004,1005",77000,200,True
even-palindrome,controls,loss,zero,24000,0.3420378665618773,0.1443310307063984,0.09675687919720076,0.5464224513233057,6,"1000,1001,1002,1003,1004,1005",77000,200,True
even-palindrome,controls,loss,zero,24200,0.38108127565243494,0.1695919907209875,0.09147099951587734,0.5669686574756634,6,"1000,1001,1002,1003,1004,1005",77000,200,True
even-palindrome,controls,loss,zero,24400,0.34752370288783513,0.1428758621728867,0.14152522652722838,0.4942013811759534,6,"1000,1001,1002,1003,1004,1005",77000,200,True
even-palindrome,controls,loss,zero,24600,0.43601723484464555,0.13209176583029064,0.22738966821983922,0.6314755556467572,6,"1000,1001,1002,1003,1004,1005",77000,200,True
even-palindrome,controls,loss,zero,24800,0.3882424901836809,0.12910669996335994,0.1242922691316926,0.5245192385552219,6,"1000,1001,1002,1003,1004,1005",77000,200,True
even-palindrome,controls,loss,zero,25000,0.3634662448390979,0.13096164066027216,0.16355115513288182,0.5157865920168114,6,"1000,1001,1002,1003,1004,1005",77000,200,True
even-palindrome,controls,loss,zero,25200,0.3121546852355035,0.18249611473532826,0.044584900267000196,0.5116006075535552,6,"1000,1001,1002,1003,1004,1005",77000,200,True
even-palindrome,controls,loss,zero,25400,0.3214891544754967,0.14209325386185506,0.07648405401188939,0.46152603279420873,6,"1000,1001,1002,1003,1004,1005",77000,200,True
even-palindrome,controls,loss,zero,25600,0.36393152737669876,0.19122784010840907,0.0817268739445717,0.5959093208704144,6,"1000,1001,1002,1003,1004,1005",77000,200,True
even-palindrome,controls,loss,zero,25800,0.3076631550297983,0.1641362164780622,0.05372509553370037,0.5071840080682887,6,"1000,1001,1002,1003,1004,1005",77000,200,True
even-palindrome,controls,loss,zero,26000,0.35238430019637845,0.14048737758404614,0.16224895528343042,0.5123934811691288,6,"1000,1001,1002,1003,1004,1005",77000,200,True
even-palindrome,controls,loss,zero,26200,0.30296347739406576,0.16426736702248695,0.06014504963139188,0.5244737981678917,6,"1000,1001,1002,1003,1004,1005",77000,200,True
even-palindrome,controls,loss,zero,26400,0.29240538938078925,0.14890305813846078,0.03188932726228813,0.4380466944782529,6,"1000,1001,1002,1003,1004,1005",77000,200,True
even-palindrome,controls,loss,zero,26600,0.29161001419855287,0.15217614220507228,0.049309300426357366,0.4810371286072768,6,"1000,1001,1002,1003,1004,1005",77000,200,True
even-palindrome,controls,loss,zero,26800,0.33982936000126146,0.15219962105442575,0.01919541305220264,0.4964212837927334,6,"1000,1001,1002,1003,1004,1005",77000,200,True
even-palindrome,controls,loss,zero,27000,0.34000062887960064,0.13768124963011127,0.13711335791795137,0.5256582322609029,6,"1000,1001,1002,1003,1004,1005",77000,200,True
even-palindrome,controls,loss,zero,27200,0.3402227558889596,0.12962302659040847,0.09421045957182286,0.48002741330623394,6,"1000,1001,1002,1003,1004,1005",77000,200,True
even-palindrome,controls,loss,zero,27400,0.36141027818546717,0.06892555378779078,0.27302566250833477,0.4419252112536924,6,"1000,1001,1002,1003,1004,1005",77000,200,True
even-palindrome,controls,loss,zero,27600,0.30991140893552555,0.13964909530372951,0.04666944201981096,0.4753645488159964,6,"1000,1001,1002,1003,1004,1005",77000,200,True
even-palindrome,controls,loss,zero,27800,0.34762143026484105,0.11412016620944417,0.16024879784265067,0.49387966517941095,6,"1000,1001,1002,1003,1004,1005",77000,200,True
even-palindrome,controls,loss,zero,28000,0.318966155199887,0.11890723442196914,0.14130516338489543,0.4704723741140333,6,"1000,1001,1002,1003,1004,1005",77000,200,True
even-palindrome,controls,loss,zero,28200,0.3211511030870164,0.1219822651662808,0.09836236457922495,0.4417828414314499,6,"1000,1001,1002,1003,1004,1005",77000,200,True
even-palindrome,controls,loss,zero,28400,0.35041184347156257,0.1464249730729599,0.04837739910264645,0.4798665438708849,6,"1000,1001,1002,1003,1004,1005",77000,200,True
even-palindrome,controls,loss,zero,28600,0.3042213159131279,0.12351641688237759,0.08607114875492698,0.4249096357493545,6,"1000,1001,1002,1003,1004,1005",77000,200,True
even-palindrome,controls,loss,zero,28800,0.3115549914861609,0.17004153262528637,0.034701584329159235,0.48214479206842953,6,"1000,1001,1002,1003,1004,1005",77000,200,True
even-palindrome,controls,loss,zero,29000,0.3324900747709565,0.0985330749001977,0.19406761924750754,0.4455203647774761,6,"1000,1001,1002,1003,1004,1005",77000,200,True
even-palindrome,controls,loss,zero,29200,0.3131409989305742,0.14779717234471768,0.024875408412190155,0.47883945046487497,6,"1000,1001,1002,1003,1004,1005",77000,200,True
even-palindrome,controls,loss,zero,29400,0.29167716760557894,0.12799361598266878,0.12955112733412533,0.44564208889525614,6,"1000,1001,1002,1003,1004,1005",77000,200,True
even-palindrome,controls,loss,zero,29600,0.27987082869473245,0.13473829138278476,0.03364287560521916,0.43576736491027984,6,"1000,1001,1002,1003,1004,1005",77000,200,True
even-palindrome,controls,loss,zero,29800,0.2867491325974803,0.1377194914797572,0.06614705274761945,0.5052793328079861,6,"1000,1001,1002,1003,1004,1005",77000,200,True
even-palindrome,controls,loss,zero,30000,0.299402622503967,0.11206678269855146,0.0814041027782696,0.43232840080512686,6,"1000,1001,1002,1003,1004,1005",77000,200,True
even-palindrome,controls,loss,zero,30200,0.2743193517051062,0.09982051410530501,0.11109359967585988,0.42767706960439683,6,"1000,1001,1002,1003,1004,1005",77000,200,True
even-palindrome,controls,loss,zero,30400,0.27058449754809694,0.15743606934333085,0.0005827976758791919,0.4837738451329642,6,"1000,1001,1002,1003,1004,1005",77000,200,True
even-palindrome,controls,loss,zero,30600,0.2903372074575104,0.15951593279725904,0.025216894631623746,0.45603798248273963,6,"1000,1001,1002,1003,1004,1005",77000,200,True
even-palindrome,controls,loss,zero,30800,0.2857561789636744,0.0978953516390332,0.15109409476013752,0.423868038917426,6,"1000,1001,1002,1003,1004,1005",77000,200,True
even-palindrome,controls,loss,zero,31000,0.2846255302546899,0.17532781581931164,0.031775369680729,0.47015152788611886,6,"1000,1001,1002,1003,1004,1005",77000,200,True
even-palindrome,controls,loss,zero,31200,0.2351539240366812,0.14013332147852256,0.001829828448602484,0.4065514941472793,6,"1000,1001,1002,1003,1004,1005",77000,200,True
even-palindrome,controls,loss,zero,31400,0.26337394697245503,0.11721572059192817,0.08810446401799708,0.4101403800881235,6,"1000,1001,1002,1003,1004,1005",77000,200,True
even-palindrome,controls,loss,zero,31600,0.2837490054514311,0.06561864418364977,0.18437956833847238,0.35268620489980096,6,"1000,1001,1002,1003,1004,1005",77000,200,True
even-palindrome,controls,loss,zero,31800,0.1980422242046298,0.12091768985569162,0.021672063596342925,0.3411725856551493,6,"1000,1001,1002,1003,1004,1005",77000,200,True
even-palindrome,controls,loss,zero,32000,0.26545603635027837,0.12212787886858,0.09507170910729429,0.4073288452993438,6,"1000,1001,1002,1003,1004,1005",77000,200,True
even-palindrome,controls,loss,zero,32200,0.2632372611294638,0.1447531014822367,0.03440969780215369,0.49095651941679536,6,"1000,1001,1002,1003,1004,1005",77000,200,True
even-palindrome,controls,loss,zero,32400,0.31594492130661345,0.1361381722038433,0.05467931075192609,0.5022570195775188,6,"1000,1001,1002,1003,1004,1005",77000,200,True
even-palindrome,controls,loss,zero,32600,0.23611342235250576,0.16450925675879105,0.0005499817768895809,0.4983550947021286,6,"1000,1001,1002,1003,1004,1005",77000,200,True
even-palindrome,controls,loss,zero,32800,0.2586457896480108,0.1145091262751466,0.09325274316091053,0.4350060228467919,6,"1000,1001,1002,1003,1004,1005",77000,200,True
even-palindrome,controls,loss,zero,33000,0.294424560560873,0.1452881606850321,0.09937470344488702,0.5599183737878047,6,"1000,1001,1002,1003,1004,1005",77000,200,True
even-palindrome,controls,loss,zero,33200,0.22496693085460542,0.09844481661507769,0.07243860093276452,0.34947670412715526,6,"1000,1001,1002,1003,1004,1005",77000,200,True
even-palindrome,controls,loss,zero,33400,0.22400870450479793,0.1447266763087766,0.03172309161893736,0.45359668780089124,6,"1000,1001,1002,1003,1004,1005",77000,200,True
even-palindrome,controls,loss,zero,33600,0.25479946688958227,0.13021257776506862,0.044471623023137,0.4454235196195077,6,"1000,1001,1002,1003,1004,1005",77000,200,True
even-palindrome,controls,loss,zero,33800,0.2053971409548232,0.1089084457024561,0.023894684452743606,0.3673812617603107,6,"1000,1001,1002,1003,1004,1005",77000,200,True
even-palindrome,controls,loss,zero,34000,0.20682543564192882,0.1451044407312685,0.023795965184003762,0.39496399959898554,6,"1000,1001,1002,1003,1004,1005",77000,200,True
even-palindrome,controls,loss,zero,34200,0.18768818397070827,0.11871477832040903,0.002765256134674701,0.2985887781389465,6,"1000,1001,1002,1003,1004,1005",77000,200,True
even-palindrome,controls,loss,zero,34400,0.2405619835243101,0.1837751329721603,0.019524897674987187,0.5476542782245087,6,"1000,1001,1002,1003,1004,1005",77000,200,True
even-palindrome,controls,loss,zero,34600,0.22624777810373245,0.18484648468099607,0.027408151631328793,0.545834268470644,6,"1000,1001,1002,1003,1004,1005",77000,200,True
even-palindrome,controls,loss,zero,34800,0.2339622636571532,0.1467087692072971,0.05358250055813642,0.4903713102134134,6,"1000,1001,1002,1003,1004,1005",77000,200,True
even-palindrome,controls,loss,zero,35000,0.25055901718947,0.13056128361260483,0.034803782071777506,0.4172754759689633,6,"1000,1001,1002,1003,1004,1005",77000,200,True
even-palindrome,controls,loss,zero,35200,0.28173638369636494,0.16284697102978538,0.06595599948639574,0.5634371375135379,6,"1000,1001,1002,1003,1004,1005",77000,200,True
even-palindrome,controls,loss,zero,35400,0.20976323103527314,0.11677370622317847,0.06131478043926563,0.3496239988425805,6,"1000,1001,1002,1003,1004,1005",77000,200,True
even-palindrome,controls,loss,zero,35600,0.2031803480804376,0.10166489343724713,0.07307732449671916,0.3710404909771114,6,"1000,1001,1002,1003,1004,1005",77000,200,True
even-palindrome,controls,loss,zero,35800,0.21729054212815946,0.1208411301741292,0.03148166260354628,0.3656382802515873,6,"1000,1001,1002,1003,1004,1005",77000,200,True
even-palindrome,controls,loss,zero,36000,0.22742231223064432,0.1874372681144917,0.00024732135004796875,0.564296859063761,6,"1000,1001,1002,1003,1004,1005",77000,200,True
even-palindrome,controls,loss,zero,36200,0.1625504209321674,0.12084989207279664,3.9361372949429096e-05,0.33525379459730176,6,"1000,1001,1002,1003,1004,1005",77000,200,True
even-palindrome,controls,loss,zero,36400,0.3127610977245166,0.2527085282975249,0.0007128822078005825,0.7985796752689748,6,"1000,1001,1002,1003,1004,1005",77000,200,True
even-palindrome,controls,loss,zero,36600,0.19872738932434952,0.09620990961218771,0.007456900864806286,0.29693035131429496,6,"1000,1001,1002,1003,1004,1005",77000,200,True
even-palindrome,controls,loss,zero,36800,0.18511042957243526,0.08532857424280069,0.03661519814959078,0.29158525876526253,6,"1000,1001,1002,1003,1004,1005",77000,200,True
even-palindrome,controls,loss,zero,37000,0.16537415513916465,0.13138623606235528,0.00019032560603395864,0.35745667424140265,6,"1000,1001,1002,1003,1004,1005",77000,200,True
even-palindrome,controls,loss,zero,37200,0.14766748216889394,0.10027651816124519,0.019953950494850686,0.2814794207343948,6,"1000,1001,1002,1003,1004,1005",77000,200,True
even-palindrome,controls,loss,zero,37400,0.1810930156588523,0.12708620911385127,0.011142969661737983,0.41581715555745175,6,"1000,1001,1002,1003,1004,1005",77000,200,True
even-palindrome,controls,loss,zero,37600,0.152346199213816,0.09795547113058482,0.03357208523711506,0.26792147078117523,6,"1000,1001,1002,1003,1004,1005",77000,200,True
even-palindrome,controls,loss,zero,37800,0.14743553911812368,0.1191363701454378,0.006617458561217973,0.3284058435159386,6,"1000,1001,1002,1003,1004,1005",77000,200,True
even-palindrome,controls,loss,zero,38000,0.16496257777121578,0.10255324346169617,0.005664670166143946,0.3225873356862576,6,"1000,1001,1002,1003,1004,1005",77000,200,True
even-palindrome,controls,loss,zero,38200,0.13369849771302325,0.10454470412926724,0.0010565612558775684,0.3007140539386273,6,"1000,1001,1002,1003,1004,1005",77000,200,True
even-palindrome,controls,loss,zero,38400,0.20642144633542145,0.15700181108029457,0.00031425913164810025,0.39225365548227276,6,"1000,1001,1002,1003,1004,1005",77000,200,True
even-palindrome,controls,loss,zero,38600,0.1802479271499072,0.06582863162304488,0.07544528649261735,0.26927240303550204,6,"1000,1001,1002,1003,1004,1005",77000,200,True
even-palindrome,controls,loss,zero,38800,0.21467758110075782,0.14306211092304474,0.062428954876440915,0.4400689035342657,6,"1000,1001,1002,1003,1004,1005",77000,200,True
even-palindrome,controls,loss,zero,39000,0.2073851381893004,0.26545830879850063,0.03735313935016093,0.7880174992763205,6,"1000,1001,1002,1003,1004,1005",77000,200,True
even-palindrome,controls,loss,zero,39200,0.18754308345361373,0.1534593623339363,0.021320530674454476,0.48208930291119034,6,"1000,1001,1002,1003,1004,1005",77000,200,True
even-palindrome,controls,loss,zero,39400,0.16545942163568853,0.13507782811971727,0.0021845882379037994,0.3567583143863158,6,"1000,1001,1002,1003,1004,1005",77000,200,True
even-palindrome,controls,loss,zero,39600,0.14229311136843026,0.08573596374531398,0.04806289371407274,0.243636087285704,6,"1000,1001,1002,1003,1004,1005",77000,200,True
even-palindrome,controls,loss,zero,39800,0.1475907181945124,0.07726405972863251,0.010868569870401643,0.22173223688761937,6,"1000,1001,1002,1003,1004,1005",77000,200,True
even-palindrome,controls,loss,zero,40000,0.1375484908741165,0.07572533881217355,0.04609212908120753,0.26734106142823294,6,"1000,1001,1002,1003,1004,1005",77000,200,True
even-palindrome,controls,loss,zero,40200,0.13012839191049275,0.07414714872702129,0.062301142375115436,0.2891923636512183,6,"1000,1001,1002,1003,1004,1005",77000,200,True
even-palindrome,controls,loss,zero,40400,0.11621193173750198,0.085583440466371,0.0001680378325091425,0.22821452032359957,6,"1000,1001,1002,1003,1004,1005",77000,200,True
even-palindrome,controls,loss,zero,40600,0.16002600799367603,0.07560924840032288,0.07669723799743906,0.3134941681021519,6,"1000,1001,1002,1003,1004,1005",77000,200,True
even-palindrome,controls,loss,zero,40800,0.13775998313542034,0.10788039589945432,0.0004331141337861766,0.3218958020125865,6,"1000,1001,1002,1003,1004,1005",77000,200,True
even-palindrome,controls,loss,zero,41000,0.14803666981445154,0.07681193965843204,0.06245922994957482,0.2657381814043038,6,"1000,1001,1002,1003,1004,1005",77000,200,True
even-palindrome,controls,loss,zero,41200,0.07921891408781681,0.07866305956990595,0.006863513296029851,0.22101752413309442,6,"1000,1001,1002,1003,1004,1005",77000,200,True
even-palindrome,controls,loss,zero,41400,0.09929685782029239,0.04668032530336817,0.0029128779415123064,0.15503235196450987,6,"1000,1001,1002,1003,1004,1005",77000,200,True
even-palindrome,controls,loss,zero,41600,0.13729485385465487,0.05350261437908793,0.0717521523620215,0.23020131780165684,6,"1000,1001,1002,1003,1004,1005",77000,200,True
even-palindrome,controls,loss,zero,41800,0.3061555294235719,0.4815691080168784,0.0006553448954559827,1.368307801832857,6,"1000,1001,1002,1003,1004,1005",77000,200,True
even-palindrome,controls,loss,zero,42000,0.18732449087963554,0.20255245120238818,7.89481245811885e-05,0.5931863248343143,6,"1000,1001,1002,1003,1004,1005",77000,200,True
even-palindrome,controls,loss,zero,42200,0.18762249546116885,0.13766986695315692,0.05789683370085154,0.4802217317562827,6,"1000,1001,1002,1003,1004,1005",77000,200,True
even-palindrome,controls,loss,zero,42400,0.1473332192756265,0.12927881184262838,6.0600241927488695e-06,0.4096279890327787,6,"1000,1001,1002,1003,1004,1005",77000,200,True
even-palindrome,controls,loss,zero,42600,0.14523949702901018,0.13462992462155957,0.01070296576855032,0.3588898815948778,6,"1000,1001,1002,1003,1004,1005",77000,200,True
even-palindrome,controls,loss,zero,42800,0.11088334841058928,0.06649670786378165,0.044113795130149,0.23491403356398677,6,"1000,1001,1002,1003,1004,1005",77000,200,True
even-palindrome,controls,loss,zero,43000,0.11136276620708718,0.08688027352638215,0.034754702582158646,0.2854661534651268,6,"1000,1001,1002,1003,1004,1005",77000,200,True
even-palindrome,controls,loss,zero,43200,0.13342487554712573,0.10713197611417616,3.8111516096961397e-06,0.28799872845098434,6,"1000,1001,1002,1003,1004,1005",77000,200,True
even-palindrome,controls,loss,zero,43400,0.16696251590172903,0.08048008926827721,0.0769650423567623,0.33040204823706515,6,"1000,1001,1002,1003,1004,1005",77000,200,True
even-palindrome,controls,loss,zero,43600,0.09995809266598632,0.0625620382506332,0.009110611392529595,0.18124187391793384,6,"1000,1001,1002,1003,1004,1005",77000,200,True
even-palindrome,controls,loss,zero,43800,0.07579578925018914,0.039702298563935035,0.03750776969273147,0.15489942704009083,6,"1000,1001,1002,1003,1004,1005",77000,200,True
even-palindrome,controls,loss,zero,44000,0.10674747777379257,0.06778178195991155,0.03521436935584717,0.2081181729549644,6,"1000,1001,1002,1003,1004,1005",77000,200,True
even-palindrome,controls,loss,zero,44200,0.09575903830322795,0.05917211819409266,0.041471524114544994,0.20376210059672303,6,"1000,1001,1002,1003,1004,1005",77000,200,True
even-palindrome,controls,loss,zero,44400,0.062072910679929816,0.06922951335433757,6.675891783221033e-06,0.19522477773150967,6,"1000,1001,1002,1003,1004,1005",77000,200,True
even-palindrome,controls,loss,zero,44600,0.11694432293606778,0.13156875548666136,5.650772810450455e-06,0.3847232615675239,6,"1000,1001,1002,1003,1004,1005",77000,200,True
even-palindrome,controls,loss,zero,44800,0.13495500031015595,0.06443860993657806,0.020222042484949805,0.22778441506369135,6,"1000,1001,1002,1003,1004,1005",77000,200,True
even-palindrome,controls,loss,zero,45000,0.1367332437834378,0.09686466751368275,0.030575703101762882,0.2678439672836646,6,"1000,1001,1002,1003,1004,1005",77000,200,True
even-palindrome,controls,loss,zero,45200,0.08141144427079901,0.04800454142241617,0.026776509820834286,0.1608587446263431,6,"1000,1001,1002,1003,1004,1005",77000,200,True
even-palindrome,controls,loss,zero,45400,0.08719568745546925,0.07495400526507373,0.01107665355761128,0.23894105547653452,6,"1000,1001,1002,1003,1004,1005",77000,200,True
even-palindrome,controls,loss,zero,45600,0.1418007366923589,0.10297098187947176,0.04649732001018634,0.2939900548223136,6,"1000,1001,1002,1003,1004,1005",77000,200,True
even-palindrome,controls,loss,zero,45800,0.10079918785629051,0.08115316804439207,0.012417537804658423,0.2306908468454094,6,"1000,1001,1002,1003,1004,1005",77000,200,True
even-palindrome,controls,loss,zero,46000,0.11169233777947336,0.07996776238439646,0.0338135361071204,0.2542330970667126,6,"1000,1001,1002,1003,1004,1005",77000,200,True
even-palindrome,controls,loss,zero,46200,0.08068276956332707,0.03734506768619331,0.0006786821148370858,0.11313040817450258,6,"1000,1001,1002,1003,1004,1005",77000,200,True
even-palindrome,controls,loss,zero,46400,0.07079659002224255,0.03793228083348981,0.001995679242565984,0.1317172636172654,6,"1000,1001,1002,1003,1004,1005",77000,200,True
even-palindrome,controls,loss,zero,46600,0.07264311499876297,0.05794728848985907,4.940877555945633e-06,0.17065465378190767,6,"1000,1001,1002,1003,1004,1005",77000,200,True
even-palindrome,controls,loss,zero,46800,0.10208889433569908,0.04877286306170749,0.06537342058376452,0.19600221412878,6,"1000,1001,1002,1003,1004,1005",77000,200,True
even-palindrome,controls,loss,zero,47000,0.07513131276843134,0.06410091424403652,0.0006221198696635088,0.20716752666764024,6,"1000,1001,1002,1003,1004,1005",77000,200,True
even-palindrome,controls,loss,zero,47200,0.08117505424139922,0.0678739456345636,0.01091461642502054,0.21258452842376527,6,"1000,1001,1002,1003,1004,1005",77000,200,True
even-palindrome,controls,loss,zero,47400,0.09984937210945675,0.11046763301012524,0.00021952726825361424,0.3369226378044186,6,"1000,1001,1002,1003,1004,1005",77000,200,True
even-palindrome,controls,loss,zero,47600,0.08559423842037174,0.06337494454999705,0.0030187470259784278,0.20428144437070386,6,"1000,1001,1002,1003,1004,1005",77000,200,True
even-palindrome,controls,loss,zero,47800,0.10748317289528588,0.058301763995750336,0.03188282350891967,0.20521780760386718,6,"1000,1001,1002,1003,1004,1005",77000,200,True
even-palindrome,controls,loss,zero,48000,0.07700977477341309,0.07384229184245161,0.0015968850841670702,0.22720743559566928,6,"1000,1001,1002,1003,1004,1005",77000,200,True
even-palindrome,controls,loss,zero,48200,0.11261466975590151,0.05416377817240285,0.0420705959258909,0.18836608140068165,6,"1000,1001,1002,1003,1004,1005",77000,200,True
even-palindrome,controls,loss,zero,48400,0.06241588668029233,0.045512654591898995,0.009357651194079324,0.13858131325251632,6,"1000,1001,1002,1003,1004,1005",77000,200,True
even-palindrome,controls,loss,zero,48600,0.08802002767624928,0.08028309666264143,0.0005422325998335253,0.25565270552822766,6,"1000,1001,1002,1003,1004,1005",77000,200,True
even-palindrome,controls,loss,zero,48800,0.06991825529704955,0.07408652412569272,0.00036251027999512075,0.21136646022866443,6,"1000,1001,1002,1003,1004,1005",77000,200,True
even-palindrome,controls,loss,zero,49000,0.06469760231671351,0.059336346525388134,0.0003158101158393123,0.1469823124872687,6,"1000,1001,1002,1003,1004,1005",77000,200,True
even-palindrome,controls,loss,zero,49200,0.04139564173004793,0.049074763216495586,2.6258953842996925e-05,0.13357902685884254,6,"1000,1001,1002,1003,1004,1005",77000,200,True
even-palindrome,controls,loss,zero,49400,0.1151558625803435,0.039416265037178065,0.05711911662473085,0.1768792357672032,6,"1000,1001,1002,1003,1004,1005",77000,200,True
even-palindrome,controls,loss,zero,49600,0.05429374047240088,0.055915682876238486,5.318794104622881e-06,0.12921252736502992,6,"1000,1001,1002,1003,1004,1005",77000,200,True
even-palindrome,controls,loss,zero,49800,0.11613677262324296,0.08380236937787218,6.520665662468339e-07,0.2637437278972948,6,"1000,1001,1002,1003,1004,1005",77000,200,True
even-palindrome,controls,loss,zero,50000,0.049646436310627484,0.0603527125658483,0.00036087943916536525,0.17584913854390835,6,"1000,1001,1002,1003,1004,1005",77000,200,True
even-palindrome,controls,loss,zero,50200,0.06417387513830972,0.04634920105014473,0.018798260734191247,0.16318458643957456,6,"1000,1001,1002,1003,1004,1005",77000,200,True
even-palindrome,controls,loss,zero,50400,0.030449077624155305,0.04363712931472814,2.8696224953106417e-07,0.12006198999448088,6,"1000,1001,1002,1003,1004,1005",77000,200,True
even-palindrome,controls,loss,zero,50600,0.07316379977204747,0.06124039113304529,0.00026224252152928784,0.18329196658409047,6,"1000,1001,1002,1003,1004,1005",77000,200,True
even-palindrome,controls,loss,zero,50800,0.06919547821480644,0.05799749140043764,0.00047177920119565895,0.18494129954484606,6,"1000,1001,1002,1003,1004,1005",77000,200,True
even-palindrome,controls,loss,zero,51000,0.14559486387848078,0.08223963475132895,0.0003113544149103831,0.2108956688312446,6,"1000,1001,1002,1003,1004,1005",77000,200,True
even-palindrome,controls,loss,zero,51200,0.07644546203744847,0.06465497842622643,0.0008780680261475133,0.17118201692908086,6,"1000,1001,1002,1003,1004,1005",77000,200,True
even-palindrome,controls,loss,zero,51400,0.06348369752682657,0.054992586446734354,7.480458823437175e-05,0.13829216746028122,6,"1000,1001,1002,1003,1004,1005",77000,200,True
even-palindrome,controls,loss,zero,51600,0.04745628868453389,0.03795467362795057,0.0009832787998601588,0.11602602075601681,6,"1000,1001,1002,1003,1004,1005",77000,200,True
even-palindrome,controls,loss,zero,51800,0.08243940063785356,0.07884251377404809,7.79862859556557e-06,0.22639863239460736,6,"1000,1001,1002,1003,1004,1005",77000,200,True
even-palindrome,controls,loss,zero,52000,0.10880669375409825,0.09539116728947716,3.7442292880701665e-06,0.2698635158733691,6,"1000,1001,1002,1003,1004,1005",77000,200,True
even-palindrome,controls,loss,zero,52200,0.053427488735504736,0.0710889196632576,6.354729692473471e-05,0.19486688719562495,6,"1000,1001,1002,1003,1004,1005",77000,200,True
even-palindrome,controls,loss,zero,52400,0.05606927360801168,0.07178339066863822,1.4190122821139407e-07,0.20060293198648424,6,"1000,1001,1002,1003,1004,1005",77000,200,True
even-palindrome,controls,loss,zero,52600,0.10989654893440644,0.09515621980094584,0.04281318454102376,0.3188409829707689,6,"1000,1001,1002,1003,1004,1005",77000,200,True
even-palindrome,controls,loss,zero,52800,0.05253868703651188,0.07069879864998153,4.471802710056053e-07,0.2024107755454679,6,"1000,1001,1002,1003,1004,1005",77000,200,True
even-palindrome,controls,loss,zero,53000,0.07431572557019464,0.06152571610690859,1.213755716228615e-05,0.2016894194368615,6,"1000,1001,1002,1003,1004,1005",77000,200,True
even-palindrome,controls,loss,zero,53200,0.09497066434112532,0.1117885024211718,0.00039165916036518753,0.31897419642748787,6,"1000,1001,1002,1003,1004,1005",77000,200,True
even-palindrome,controls,loss,zero,53400,0.0697920759020698,0.04508830030015842,0.0001561115056485349,0.1467033770652506,6,"1000,1001,1002,1003,1004,1005",77000,200,True
even-palindrome,controls,loss,zero,53600,0.04346132720983945,0.06162733485738073,3.5432602515568236e-05,0.17481703090820702,6,"1000,1001,1002,1003,1004,1005",77000,200,True
even-palindrome,controls,loss,zero,53800,0.0695110063589474,0.056499692459184424,0.011836581093606071,0.18556025000304543,6,"1000,1001,1002,1003,1004,1005",77000,200,True
even-palindrome,controls,loss,zero,54000,0.04668759526468213,0.059398316681806555,3.108760375852171e-05,0.16651775590135456,6,"1000,1001,1002,1003,1004,1005",77000,200,True
even-palindrome,controls,loss,zero,54200,0.05341846695336642,0.05459553405148264,0.0001532463478055135,0.16263956911030164,6,"1000,1001,1002,1003,1004,1005",77000,200,True
even-palindrome,controls,loss,zero,54400,0.10000889552569657,0.06523930980481107,0.0001822100490056755,0.20432443604449277,6,"1000,1001,1002,1003,1004,1005",77000,200,True
even-palindrome,controls,loss,zero,54600,0.06644326565489665,0.039075678259840575,1.8620826761218955e-07,0.10225122926116008,6,"1000,1001,1002,1003,1004,1005",77000,200,True
even-palindrome,controls,loss,zero,54800,0.09012044076073054,0.07891875079224164,0.00019211968135039115,0.20257989872539145,6,"1000,1001,1002,1003,1004,1005",77000,200,True
even-palindrome,controls,loss,zero,55000,0.07770495241066042,0.06537443078870829,0.0001682379411555246,0.16950653392003687,6,"1000,1001,1002,1003,1004,1005",77000,200,True
even-palindrome,controls,loss,zero,55200,0.09658555024873398,0.0734373519748812,4.580712427614403e-06,0.23993234728675816,6,"1000,1001,1002,1003,1004,1005",77000,200,True
even-palindrome,controls,loss,zero,55400,0.06321798200692198,0.06085421508997608,4.58692505716507e-07,0.1821787926920706,6,"1000,1001,1002,1003,1004,1005",77000,200,True
even-palindrome,controls,loss,zero,55600,0.08962532095983221,0.06653733618294132,1.3024823361238446e-05,0.19540798065386525,6,"1000,1001,1002,1003,1004,1005",77000,200,True
even-palindrome,controls,loss,zero,55800,0.05562132628989374,0.05458357543066472,2.7264930024248e-06,0.149352678761461,6,"1000,1001,1002,1003,1004,1005",77000,200,True
even-palindrome,controls,loss,zero,56000,0.04934998614566152,0.04023605071818783,9.898685529599605e-07,0.13203989816204284,6,"1000,1001,1002,1003,1004,1005",77000,200,True
even-palindrome,controls,loss,zero,56200,0.05924153843844423,0.07842013825928967,6.783716831590402e-08,0.19878297239212997,6,"1000,1001,1002,1003,1004,1005",77000,200,True
even-palindrome,controls,loss,zero,56400,0.05867148432773781,0.0576142298585059,9.10572130703724e-09,0.1593093846383499,6,"1000,1001,1002,1003,1004,1005",77000,200,True
even-palindrome,controls,loss,zero,56600,0.08449975523638652,0.04705694756457559,0.012245154709442915,0.15564592912695388,6,"1000,1001,1002,1003,1004,1005",77000,200,True
even-palindrome,controls,loss,zero,56800,0.11253468905240417,0.11516457351838655,3.959111929586895e-06,0.31680402290855514,6,"1000,1001,1002,1003,1004,1005",77000,200,True
even-palindrome,controls,loss,zero,57000,0.08496756596892631,0.06450859367548106,7.37530463134229e-08,0.17881878529903134,6,"1000,1001,1002,1003,1004,1005",77000,200,True
even-palindrome,controls,loss,zero,57200,0.05571184908564181,0.05100703285108584,3.4273942057386553e-07,0.14732845580783305,6,"1000,1001,1002,1003,1004,1005",77000,200,True
even-palindrome,controls,loss,zero,57400,0.057608038767158226,0.06702745186411414,0.0012485008678155918,0.17700261282165797,6,"1000,1001,1002,1003,1004,1005",77000,200,True
even-palindrome,controls,loss,zero,57600,0.08049719589267758,0.09528635394609493,1.2711732131354125e-06,0.21886473562548353,6,"1000,1001,1002,1003,1004,1005",77000,200,True
even-palindrome,controls,loss,zero,57800,0.06902047980088613,0.07897998501585907,8.169920158471785e-07,0.23393391249910564,6,"1000,1001,1002,1003,1004,1005",77000,200,True
even-palindrome,controls,loss,zero,58000,0.05021884139449134,0.05006438808830179,3.6338267516832597e-07,0.11152691759838035,6,"1000,1001,1002,1003,1004,1005",77000,200,True
even-palindrome,controls,loss,zero,58200,0.10147679602942501,0.07196959296446219,2.7281190121790644e-05,0.20950914839821508,6,"1000,1001,1002,1003,1004,1005",77000,200,True
even-palindrome,controls,loss,zero,58400,0.06509305932938249,0.05388229135389241,0.00029453550330768656,0.1740569226928119,6,"1000,1001,1002,1003,1004,1005",77000,200,True
even-palindrome,controls,loss,zero,58600,0.0620233823415725,0.07292573229002458,4.525815037541813e-08,0.17130398436833133,6,"1000,1001,1002,1003,1004,1005",77000,200,True
even-palindrome,controls,loss,zero,58800,0.034686619454185934,0.03693415433730398,0.0004693011927486168,0.10086301819040727,6,"1000,1001,1002,1003,1004,1005",77000,200,True
even-palindrome,controls,loss,zero,59000,0.07064640217690692,0.06685873840592302,0.00640115921224222,0.21017964061778913,6,"1000,1001,1002,1003,1004,1005",77000,200,True
even-palindrome,controls,loss,zero,59200,0.08827820882392662,0.11625067172608948,4.048585032663359e-08,0.3226340461016941,6,"1000,1001,1002,1003,1004,1005",77000,200,True
even-palindrome,controls,loss,zero,59400,0.08378103146407333,0.15732292852048518,2.908280672528872e-08,0.4313315644082559,6,"1000,1001,1002,1003,1004,1005",77000,200,True
even-palindrome,controls,loss,zero,59600,0.09810375466255068,0.05874434714582871,0.0015095700154223732,0.1651131604240095,6,"1000,1001,1002,1003,1004,1005",77000,200,True
even-palindrome,controls,loss,zero,59800,0.06394299241855862,0.0960940117749069,3.693664441790645e-06,0.2511511464762759,6,"1000,1001,1002,1003,1004,1005",77000,200,True
even-palindrome,controls,loss,zero,60000,0.08567286628888189,0.06784123700705919,3.3940466854065486e-07,0.1967678259447439,6,"1000,1001,1002,1003,1004,1005",77000,200,True
even-palindrome,controls,loss,zero,60200,0.08049438312376958,0.05891763888484478,0.0034478435638699186,0.18074177247091938,6,"1000,1001,1002,1003,1004,1005",77000,200,True
even-palindrome,controls,loss,zero,60400,0.043959827199024325,0.05831402441719925,2.7833767426150083e-05,0.1697662587712034,6,"1000,1001,1002,1003,1004,1005",77000,200,True
even-palindrome,controls,loss,zero,60600,0.06427109002909179,0.06248261225618913,2.093938152863126e-05,0.1694286774152826,6,"1000,1001,1002,1003,1004,1005",77000,200,True
even-palindrome,controls,loss,zero,60800,0.04490738442399405,0.06218092215329748,2.285868516129115e-07,0.17392992721794825,6,"1000,1001,1002,1003,1004,1005",77000,200,True
even-palindrome,controls,loss,zero,61000,0.05740405330653845,0.06458166864068852,1.6763205481356583e-08,0.1607150259164876,6,"1000,1001,1002,1003,1004,1005",77000,200,True
even-palindrome,controls,loss,zero,61200,0.04179212036124466,0.06350997823252442,3.0798157252592826e-06,0.17288312360943678,6,"1000,1001,1002,1003,1004,1005",77000,200,True
even-palindrome,controls,loss,zero,61400,0.09072199856317344,0.07431344408832825,1.6037239770483324e-06,0.21014749876624478,6,"1000,1001,1002,1003,1004,1005",77000,200,True
even-palindrome,controls,loss,zero,61600,0.04441675157561653,0.05168854138109564,9.504484553352587e-07,0.1520179553112848,6,"1000,1001,1002,1003,1004,1005",77000,200,True
even-palindrome,controls,loss,zero,61800,0.08863380529895278,0.07883387460945358,3.9557943305116095e-06,0.2161120961897268,6,"1000,1001,1002,1003,1004,1005",77000,200,True
even-palindrome,controls,loss,zero,62000,0.055340084257744365,0.06107480971719517,3.0879681780253065e-08,0.16243851989472205,6,"1000,1001,1002,1003,1004,1005",77000,200,True
even-palindrome,controls,loss,zero,62200,0.06633563018646622,0.046943981126108314,0.0010672069078773118,0.12761536759167938,6,"1000,1001,1002,1003,1004,1005",77000,200,True
even-palindrome,controls,loss,zero,62400,0.06709645820743891,0.04787667565072103,1.7186713961000653e-08,0.13858408868313973,6,"1000,1001,1002,1003,1004,1005",77000,200,True
even-palindrome,controls,loss,zero,62600,0.0322556998386238,0.03472959859061635,9.636651262957125e-08,0.08950605752510739,6,"1000,1001,1002,1003,1004,1005",77000,200,True
even-palindrome,controls,loss,zero,62800,0.055465493551066274,0.06820500949164073,4.471097270233315e-05,0.19151184032792115,6,"1000,1001,1002,1003,1004,1005",77000,200,True
even-palindrome,controls,loss,zero,63000,0.14874517943268953,0.18518916568528235,9.259388933529067e-06,0.5476872514610881,6,"1000,1001,1002,1003,1004,1005",77000,200,True
even-palindrome,controls,loss,zero,63200,0.05678145153407047,0.07004169608568334,3.369315485054515e-07,0.16815716063397942,6,"1000,1001,1002,1003,1004,1005",77000,200,True
even-palindrome,controls,loss,zero,63400,0.14070211353032877,0.2311107197821795,5.62802580292439e-07,0.6506211694558403,6,"1000,1001,1002,1003,1004,1005",77000,200,True
even-palindrome,controls,loss,zero,63600,0.049063222130785844,0.04429677622523035,1.5293864055936167e-07,0.11582526114852001,6,"1000,1001,1002,1003,1004,1005",77000,200,True
even-palindrome,controls,loss,zero,63800,0.02923353114807208,0.035498924496706045,1.832969550525157e-09,0.09880697734460454,6,"1000,1001,1002,1003,1004,1005",77000,200,True
even-palindrome,controls,loss,zero,64000,0.0497909374645594,0.05798236706000488,2.03883764274325e-09,0.16527853178238047,6,"1000,1001,1002,1003,1004,1005",77000,200,True
even-palindrome,controls,loss,zero,64200,0.26305424355234547,0.4134471691778896,2.639526624427144e-10,1.180203303540611,6,"1000,1001,1002,1003,1004,1005",77000,200,True
even-palindrome,controls,loss,zero,64400,0.13254143014803194,0.09627234583198692,0.002186029906678586,0.3119393029130457,6,"1000,1001,1002,1003,1004,1005",77000,200,True
even-palindrome,controls,loss,zero,64600,0.04139754625165482,0.05254182804932554,1.189050198604491e-06,0.14463217955764207,6,"1000,1001,1002,1003,1004,1005",77000,200,True
even-palindrome,controls,loss,zero,64800,0.055419053608672796,0.071748571190607,3.719608933927532e-07,0.17153277272421877,6,"1000,1001,1002,1003,1004,1005",77000,200,True
even-palindrome,controls,loss,zero,65000,0.05557124074139807,0.059452823176960934,1.0756778047738002e-07,0.13631543973065163,6,"1000,1001,1002,1003,1004,1005",77000,200,True
even-palindrome,controls,loss,zero,65200,0.0952690603397288,0.07087720713601459,2.5899005140802013e-05,0.230741299639513,6,"1000,1001,1002,1003,1004,1005",77000,200,True
even-palindrome,controls,loss,zero,65400,0.23620801087246926,0.3657511815424285,2.0550044296898663e-05,1.0444375177970544,6,"1000,1001,1002,1003,1004,1005",77000,200,True
even-palindrome,controls,loss,zero,65600,0.11509779553966103,0.1964728813305101,4.805076818600873e-07,0.5474658052224508,6,"1000,1001,1002,1003,1004,1005",77000,200,True
even-palindrome,controls,loss,zero,65800,0.10327065173442392,0.1205374760160593,9.197217370381447e-07,0.3492089367732105,6,"1000,1001,1002,1003,1004,1005",77000,200,True
even-palindrome,controls,loss,zero,66000,0.06617908220269804,0.08907490990158493,5.571858473467882e-08,0.2451030415380501,6,"1000,1001,1002,1003,1004,1005",77000,200,True
even-palindrome,controls,loss,zero,66200,0.038132648648543745,0.04460504797383052,7.613050639221505e-08,0.11612067493722861,6,"1000,1001,1002,1003,1004,1005",77000,200,True
even-palindrome,controls,loss,zero,66400,0.028895366125694735,0.046901526093985714,8.91682845898141e-10,0.12679396341491156,6,"1000,1001,1002,1003,1004,1005",77000,200,True
even-palindrome,controls,loss,zero,66600,0.048355423349444114,0.04524570764537212,1.4373645868719434e-08,0.1398153094512736,6,"1000,1001,1002,1003,1004,1005",77000,200,True
even-palindrome,controls,loss,zero,66800,0.0721470554018838,0.036941314878161324,0.023737304847161623,0.12226111424284226,6,"1000,1001,1002,1003,1004,1005",77000,200,True
even-palindrome,controls,loss,zero,67000,0.06570386328307434,0.07298907531127793,0.012505338391649976,0.22160366302548254,6,"1000,1001,1002,1003,1004,1005",77000,200,True
even-palindrome,controls,loss,zero,67200,0.038394366365857004,0.0427933896067895,3.5864141729791826e-06,0.12459306744407626,6,"1000,1001,1002,1003,1004,1005",77000,200,True
even-palindrome,controls,loss,zero,67400,0.03810918829249658,0.08320531694960073,1.196390397400814e-06,0.22413359009019643,6,"1000,1001,1002,1003,1004,1005",77000,200,True
even-palindrome,controls,loss,zero,67600,0.045907777934022516,0.058184575319290284,1.57622497170673e-05,0.1443947121529186,6,"1000,1001,1002,1003,1004,1005",77000,200,True
even-palindrome,controls,loss,zero,67800,0.13521608951257988,0.16883931219995865,0.0015514665205787809,0.5000073822543566,6,"1000,1001,1002,1003,1004,1005",77000,200,True
even-palindrome,controls,loss,zero,68000,0.06686387754137475,0.06519383032487198,2.924611816554346e-07,0.1541994091148884,6,"1000,1001,1002,1003,1004,1005",77000,200,True
even-palindrome,controls,loss,zero,68200,0.05837331670596888,0.05556912430387452,3.5567983037915194e-07,0.17053533592595613,6,"1000,1001,1002,1003,1004,1005",77000,200,True
even-palindrome,controls,loss,zero,68400,0.06631498848457897,0.06288545212137008,2.1118701570621568e-07,0.19563357171633014,6,"1000,1001,1002,1003,1004,1005",77000,200,True
even-palindrome,controls,loss,zero,68600,0.0737235148070407,0.052247704121067794,0.00010559021643307797,0.16467201742545853,6,"1000,1001,1002,1003,1004,1005",77000,200,True
even-palindrome,controls,loss,zero,68800,0.03976460317717534,0.06026545247679812,4.61967581819522e-08,0.1582288326279263,6,"1000,1001,1002,1003,1004,1005",77000,200,True
even-palindrome,controls,loss,zero,69000,0.035863048520469086,0.047933660298055236,6.320293174133821e-09,0.13376729347928404,6,"1000,1001,1002,1003,1004,1005",77000,200,True
even-palindrome,controls,loss,zero,69200,0.05532570588032895,0.0640498473800076,3.99508207010648e-09,0.18905760792509455,6,"1000,1001,1002,1003,1004,1005",77000,200,True
even-palindrome,controls,loss,zero,69400,0.04668136022979336,0.06660884854157645,2.057391594899923e-09,0.17966301433829357,6,"1000,1001,1002,1003,1004,1005",77000,200,True
even-palindrome,controls,loss,zero,69600,0.15704017175146476,0.2167288739271492,8.657227218776542e-07,0.6175044957312656,6,"1000,1001,1002,1003,1004,1005",77000,200,True
even-palindrome,controls,loss,zero,69800,0.075397367264447,0.07528698215872875,3.490295169586544e-05,0.19191892056029927,6,"1000,1001,1002,1003,1004,1005",77000,200,True
even-palindrome,controls,loss,zero,70000,0.02755074158963684,0.031134926777773037,4.712877225591036e-06,0.08410468213149784,6,"1000,1001,1002,1003,1004,1005",77000,200,True
even-palindrome,controls,loss,zero,70200,0.12843761904786444,0.21000385261634374,2.3760720493148924e-07,0.593882076723427,6,"1000,1001,1002,1003,1004,1005",77000,200,True
even-palindrome,controls,loss,zero,70400,0.0550417013493949,0.06500176576951665,4.243103871259812e-06,0.1894431851630881,6,"1000,1001,1002,1003,1004,1005",77000,200,True
even-palindrome,controls,loss,zero,70600,0.07372289807531683,0.10060087349875278,0.0002835342243170329,0.2925300760896039,6,"1000,1001,1002,1003,1004,1005",77000,200,True
even-palindrome,controls,loss,zero,70800,0.17191011947973836,0.20830206152492112,3.9507920274295396e-07,0.6094058180858017,6,"1000,1001,1002,1003,1004,1005",77000,200,True
even-palindrome,controls,loss,zero,71000,0.07418964917030123,0.02357260110054583,0.04574001299942172,0.12144157558335564,6,"1000,1001,1002,1003,1004,1005",77000,200,True
even-palindrome,controls,loss,zero,71200,0.04330087693945842,0.05601139670520284,1.489484825912105e-07,0.16051127384816766,6,"1000,1001,1002,1003,1004,1005",77000,200,True
even-palindrome,controls,loss,zero,71400,0.04076925158922906,0.05920360190125975,2.1894175943913062e-08,0.15464917503606784,6,"1000,1001,1002,1003,1004,1005",77000,200,True
even-palindrome,controls,loss,zero,71600,0.042964677002209184,0.049766248621937195,3.1658300602366297e-07,0.1393294211881579,6,"1000,1001,1002,1003,1004,1005",77000,200,True
even-palindrome,controls,loss,zero,71800,0.030278491567557356,0.03315479424270477,3.7325171664396615e-09,0.08763531537021095,6,"1000,1001,1002,1003,1004,1005",77000,200,True
even-palindrome,controls,loss,zero,72000,0.04912538558584486,0.06082346282414038,5.997859698610251e-09,0.14586036168655825,6,"1000,1001,1002,1003,1004,1005",77000,200,True
even-palindrome,controls,loss,zero,72200,0.060236316468813424,0.07422402551592829,7.892124667894509e-09,0.185156317740566,6,"1000,1001,1002,1003,1004,1005",77000,200,True
even-palindrome,controls,loss,zero,72400,0.019139383613280235,0.03401527332666288,2.0608411034216296e-10,0.09316941616683948,6,"1000,1001,1002,1003,1004,1005",77000,200,True
even-palindrome,controls,loss,zero,72600,0.03369332464120508,0.03236664730752083,1.3881034434523252e-10,0.07788108739885502,6,"1000,1001,1002,1003,1004,1005",77000,200,True
even-palindrome,controls,loss,zero,72800,0.0178189087189678,0.038178970295881326,8.048555119957462e-11,0.10313393617942439,6,"1000,1001,1002,1003,1004,1005",77000,200,True
even-palindrome,controls,loss,zero,73000,0.04403098091141131,0.04936887944849505,8.416810276030322e-09,0.13134378734807683,6,"1000,1001,1002,1003,1004,1005",77000,200,True
even-palindrome,controls,loss,zero,73200,0.024007111770231026,0.04921380766432058,1.239183556440114e-10,0.1337300496429566,6,"1000,1001,1002,1003,1004,1005",77000,200,True
even-palindrome,controls,loss,zero,73400,0.0667755539344317,0.0599751635752916,7.543366069805158e-11,0.15603388010772534,6,"1000,1001,1002,1003,1004,1005",77000,200,True
even-palindrome,controls,loss,zero,73600,0.037213157971934196,0.043341647589636115,5.610779268386441e-11,0.10674371202924932,6,"1000,1001,1002,1003,1004,1005",77000,200,True
even-palindrome,controls,loss,zero,73800,0.11838102899382057,0.2106394968084811,3.939405776815148e-08,0.5767363018970039,6,"1000,1001,1002,1003,1004,1005",77000,200,True
even-palindrome,controls,loss,zero,74000,0.022197232793535415,0.02541964965617037,6.565506794649475e-10,0.06080871349464331,6,"1000,1001,1002,1003,1004,1005",77000,200,True
even-palindrome,controls,loss,zero,74200,0.06843245030180982,0.07022942484771702,5.360417643596332e-10,0.16543927742599066,6,"1000,1001,1002,1003,1004,1005",77000,200,True
even-palindrome,controls,loss,zero,74400,0.03612058488631351,0.04905935285166039,1.3709077561809012e-09,0.13613742706243898,6,"1000,1001,1002,1003,1004,1005",77000,200,True
even-palindrome,controls,loss,zero,74600,0.040326519826496154,0.020388045210996672,0.011548487121331406,0.06715967210003464,6,"1000,1001,1002,1003,1004,1005",77000,200,True
even-palindrome,controls,loss,zero,74800,0.05966087164016246,0.04966719845105607,2.7486569467321565e-08,0.13901959633073516,6,"1000,1001,1002,1003,1004,1005",77000,200,True
even-palindrome,controls,loss,zero,75000,0.0387314421895243,0.05477325371001078,2.9984186576577364e-08,0.11908113026989056,6,"1000,1001,1002,1003,1004,1005",77000,200,True
even-palindrome,controls,loss,zero,75200,0.10668603411786141,0.18362288018174053,7.052041581126576e-10,0.5013452295061185,6,"1000,1001,1002,1003,1004,1005",77000,200,True
even-palindrome,controls,loss,zero,75400,0.032153494074021315,0.029788681677296945,1.4584625584149364e-08,0.07885541788123263,6,"1000,1001,1002,1003,1004,1005",77000,200,True
even-palindrome,controls,loss,zero,75600,0.06752023824172172,0.05053538201193453,8.22175095995803e-05,0.14713621623475262,6,"1000,1001,1002,1003,1004,1005",77000,200,True
even-palindrome,controls,loss,zero,75800,0.03909826424183422,0.06270164980859354,4.7675091022183994e-07,0.1691994927611502,6,"1000,1001,1002,1003,1004,1005",77000,200,True
even-palindrome,controls,loss,zero,76000,0.04827110191644099,0.038971484553538285,1.8197874628391178e-09,0.11036681281985579,6,"1000,1001,1002,1003,1004,1005",77000,200,True
even-palindrome,controls,loss,zero,76200,0.036410777764508885,0.058331957980222754,6.964103168336164e-10,0.161413834950352,6,"1000,1001,1002,1003,1004,1005",77000,200,True
even-palindrome,controls,loss,zero,76400,0.056624722935912634,0.06271671711642288,7.472828097742816e-10,0.15214206032494929,6,"1000,1001,1002,1003,1004,1005",77000,200,True
even-palindrome,controls,loss,zero,76600,0.0687616746186473,0.028914948518955187,0.03710833597772094,0.12198566198108296,6,"1000,1001,1002,1003,1004,1005",77000,200,True
even-palindrome,controls,loss,zero,76800,0.14736669757060344,0.18477073358140456,0.0014060688558437822,0.5024153014458245,6,"1000,1001,1002,1003,1004,1005",77000,200,True
even-palindrome,controls,loss,zero,77000,0.036213019678091936,0.04136392757963317,1.1116089663345365e-06,0.10538037838592729,6,"1000,1001,1002,1003,1004,1005",77000,200,True
even-palindrome,controls,loss,random,200,0.7041331436485052,0.004315233850860678,0.6978784313797951,0.709227642416954,6,"1000,1001,1002,1003,1004,1005",77000,200,True
even-palindrome,controls,loss,random,400,0.69878287670513,0.004115694551558715,0.6913086143136025,0.7045292070508004,6,"1000,1001,1002,1003,1004,1005",77000,200,True
even-palindrome,controls,loss,random,600,0.700818539398412,0.005629306196827788,0.6956253410130739,0.7127162219583988,6,"1000,1001,1002,1003,1004,1005",77000,200,True
even-palindrome,controls,loss,random,800,0.699321427444617,0.0029496194306270975,0.6944929194450379,0.7032892437279225,6,"1000,1001,1002,1003,1004,1005",77000,200,True
even-palindrome,controls,loss,random,1000,0.6990503816306589,0.0036418093163445246,0.6941784992814064,0.7042811411619186,6,"1000,1001,1002,1003,1004,1005",77000,200,True
even-palindrome,controls,loss,random,1200,0.6948699542507529,0.004678774659563334,0.6893854215741158,0.7029360225796699,6,"1000,1001,1002,1003,1004,1005",77000,200,True
even-palindrome,controls,loss,random,1400,0.6955799283832311,0.007822801018427075,0.6852522410452366,0.7058054035902024,6,"1000,1001,1002,1003,1004,1005",77000,200,True
even-palindrome,controls,loss,random,1600,0.6923185759161911,0.010212242957587452,0.673263977766037,0.7075308388471604,6,"1000,1001,1002,1003,1004,1005",77000,200,True
even-palindrome,controls,loss,random,1800,0.6848463347492119,0.00891780201529667,0.6718407281860709,0.6946383404731751,6,"1000,1001,1002,1003,1004,1005",77000,200,True
even-palindrome,controls,loss,random,2000,0.6700152250006796,0.012981784187502945,0.6484930719062686,0.6882279507815838,6,"1000,1001,1002,1003,1004,1005",77000,200,True
even-palindrome,controls,loss,random,2200,0.661602204501008,0.01847292365260385,0.6354014684818685,0.687233736589551,6,"1000,1001,1002,1003,1004,1005",77000,200,True
even-palindrome,controls,loss,random,2400,0.6602135722339153,0.011327291070044277,0.6365731059014798,0.6717289775982499,6,"1000,1001,1002,1003,1004,1005",77000,200,True
even-palindrome,controls,loss,random,2600,0.6607741949132956,0.019427424081363,0.6311069337558002,0.6841294749826193,6,"1000,1001,1002,1003,1004,1005",77000,200,True
even-palindrome,controls,loss,random,2800,0.6478000021182622,0.015159395375439285,0.6265172996092587,0.6677032300829887,6,"1000,1001,1002,1003,1004,1005",77000,200,True
even-palindrome,controls,loss,random,3000,0.6474849476106465,0.014547186632994015,0.621462474539876,0.6641459787078202,6,"1000,1001,1002,1003,1004,1005",77000,200,True
even-palindrome,controls,loss,random,3200,0.6334857142545903,0.02826768479515484,0.581742233261466,0.6679880324751138,6,"1000,1001,1002,1003,1004,1005",77000,200,True
even-palindrome,controls,loss,random,3400,0.6326841254741885,0.015150234468683478,0.6066437462344766,0.6559179132059216,6,"1000,1001,1002,1003,1004,1005",77000,200,True
even-palindrome,controls,loss,random,3600,0.6288112478423863,0.018025561301301143,0.5981135741015896,0.6571953885629773,6,"1000,1001,1002,1003,1004,1005",77000,200,True
even-palindrome,controls,loss,random,3800,0.6468547664264529,0.010185497572947106,0.6311299772467465,0.6592284211143852,6,"1000,1001,1002,1003,1004,1005",77000,200,True
even-palindrome,controls,loss,random,4000,0.6229821651995493,0.02520095778446184,0.5893323376309126,0.6609939470514655,6,"1000,1001,1002,1003,1004,1005",77000,200,True
even-palindrome,controls,loss,random,4200,0.6353778555508082,0.014476528870223966,0.6206865036673844,0.6655029421625659,6,"1000,1001,1002,1003,1004,1005",77000,200,True
even-palindrome,controls,loss,random,4400,0.6634834650803046,0.04533487983512521,0.6125208757910877,0.7549919728329405,6,"1000,1001,1002,1003,1004,1005",77000,200,True
even-palindrome,controls,loss,random,4600,0.6333633448672481,0.03039156440027227,0.5898111940547824,0.6713580365292728,6,"1000,1001,1002,1003,1004,1005",77000,200,True
even-palindrome,controls,loss,random,4800,0.6352453953252795,0.030359195686445028,0.6006513646850362,0.6805395974870772,6,"1000,1001,1002,1003,1004,1005",77000,200,True
even-palindrome,controls,loss,random,5000,0.6283673572660579,0.03916397900456557,0.5737475913856178,0.687290250537917,6,"1000,1001,1002,1003,1004,1005",77000,200,True
even-palindrome,controls,loss,random,5200,0.6241075158662474,0.026550487074427642,0.5745134626608341,0.6531809215061366,6,"1000,1001,1002,1003,1004,1005",77000,200,True
even-palindrome,controls,loss,random,5400,0.6388708015956218,0.027170269694800332,0.5983249719580636,0.6862139888689853,6,"1000,1001,1002,1003,1004,1005",77000,200,True
even-palindrome,controls,loss,random,5600,0.6194235294234628,0.02388990436725205,0.579533165069297,0.6408602213021368,6,"1000,1001,1002,1003,1004,1005",77000,200,True
even-palindrome,controls,loss,random,5800,0.5993920897576027,0.030350326273311367,0.5519655668409541,0.6367916950955987,6,"1000,1001,1002,1003,1004,1005",77000,200,True
even-palindrome,controls,loss,random,6000,0.6037763381237164,0.0142096532900151,0.5777614776790142,0.6171950200991705,6,"1000,1001,1002,1003,1004,1005",77000,200,True
even-palindrome,controls,loss,random,6200,0.5975738488176526,0.02704308113857392,0.5576275318767876,0.639274858282879,6,"1000,1001,1002,1003,1004,1005",77000,200,True
even-palindrome,controls,loss,random,6400,0.6227561010038092,0.061910793832806885,0.5542316966969519,0.7447599716146942,6,"1000,1001,1002,1003,1004,1005",77000,200,True
even-palindrome,controls,loss,random,6600,0.625778566711427,0.018081401766456225,0.5993010172666982,0.6528547766478732,6,"1000,1001,1002,1003,1004,1005",77000,200,True
even-palindrome,controls,loss,random,6800,0.5911532297286127,0.02904613680045838,0.5465227454155683,0.6403208047989756,6,"1000,1001,1002,1003,1004,1005",77000,200,True
even-palindrome,controls,loss,random,7000,0.6055490514954242,0.023047168597497877,0.5706135785765946,0.632484660553746,6,"1000,1001,1002,1003,1004,1005",77000,200,True
even-palindrome,controls,loss,random,7200,0.6370070377077597,0.044417153128511716,0.5986388098145835,0.7204139900160953,6,"1000,1001,1002,1003,1004,1005",77000,200,True
even-palindrome,controls,loss,random,7400,0.6108900787083743,0.033243806184572476,0.5766151369502768,0.6814156840741634,6,"1000,1001,1002,1003,1004,1005",77000,200,True
even-palindrome,controls,loss,random,7600,0.586842305525012,0.029635331664521286,0.5461164257396013,0.6260843939194456,6,"1000,1001,1002,1003,1004,1005",77000,200,True
even-palindrome,controls,loss,random,7800,0.5989547713442395,0.033253461079297525,0.543679689229466,0.638586674981052,6,"1000,1001,1002,1003,1004,1005",77000,200,True
even-palindrome,controls,loss,random,8000,0.6031378032511566,0.0234488340138448,0.5746965411142446,0.6407384248822927,6,"1000,1001,1002,1003,1004,1005",77000,200,True
even-palindrome,controls,loss,random,8200,0.5926690697902813,0.03358366414561027,0.5236175839381758,0.6186191581166349,6,"1000,1001,1002,1003,1004,1005",77000,200,True
even-palindrome,controls,loss,random,8400,0.6052708281824987,0.033432473372712296,0.5614311578648631,0.6555321966949851,6,"1000,1001,1002,1003,1004,1005",77000,200,True
even-palindrome,controls,loss,random,8600,0.587373762243078,0.01888217046499365,0.5565102279745042,0.6214042746741325,6,"1000,1001,1002,1003,1004,1005",77000,200,True
even-palindrome,controls,loss,random,8800,0.6052816736575916,0.026987322482540627,0.5561276755959261,0.6303111411863938,6,"1000,1001,1002,1003,1004,1005",77000,200,True
even-palindrome,controls,loss,random,9000,0.5727064998379016,0.014141078916899516,0.5454141857771901,0.5869948255177587,6,"1000,1001,1002,1003,1004,1005",77000,200,True
even-palindrome,controls,loss,random,9200,0.577560541429751,0.031129101890754893,0.5137029681925196,0.6143644066434354,6,"1000,1001,1002,1003,1004,1005",77000,200,True
even-palindrome,controls,loss,random,9400,0.5693613591672814,0.017373850422895184,0.5400079249584815,0.5911654220870696,6,"1000,1001,1002,1003,1004,1005",77000,200,True
even-palindrome,controls,loss,random,9600,0.5764591609594937,0.027409770561685906,0.5317010186144034,0.6063157167006284,6,"1000,1001,1002,1003,1004,1005",77000,200,True
even-palindrome,controls,loss,random,9800,0.6033046395578033,0.03273856395748897,0.5621923093427904,0.6643361178040504,6,"1000,1001,1002,1003,1004,1005",77000,200,True
even-palindrome,controls,loss,random,10000,0.5766322944364705,0.022658888664347992,0.5534270832076436,0.624461860070005,6,"1000,1001,1002,1003,1004,1005",77000,200,True
even-palindrome,controls,loss,random,10200,0.564749234594201,0.03966935874721151,0.5261367580125806,0.6338001113827341,6,"1000,1001,1002,1003,1004,1005",77000,200,True
even-palindrome,controls,loss,random,10400,0.5882497495406036,0.0391128946974833,0.5485066322155763,0.6692976177949458,6,"1000,1001,1002,1003,1004,1005",77000,200,True
even-palindrome,controls,loss,random,10600,0.5757871825568145,0.031535823390212304,0.5421712421067059,0.6337402463890612,6,"1000,1001,1002,1003,1004,1005",77000,200,True
even-palindrome,controls,loss,random,10800,0.5613799524019124,0.03635971486304258,0.4935073242441285,0.6122912297840231,6,"1000,1001,1002,1003,1004,1005",77000,200,True
even-palindrome,controls,loss,random,11000,0.5619374671122448,0.026184423707511482,0.5115995412389748,0.5848524499870836,6,"1000,1001,1002,1003,1004,1005",77000,200,True
even-palindrome,controls,loss,random,11200,0.5532279295500485,0.02846969856802524,0.5175193143083016,0.5924560562521219,6,"1000,1001,1002,1003,1004,1005",77000,200,True
even-palindrome,controls,loss,random,11400,0.5356419284695343,0.027312204330846412,0.4903618140448816,0.5692033805442043,6,"1000,1001,1002,1003,1004,1005",77000,200,True
even-palindrome,controls,loss,random,11600,0.5516619219722391,0.02961306454392719,0.5087326970277354,0.6014954978867899,6,"1000,1001,1002,1003,1004,1005",77000,200,True
even-palindrome,controls,loss,random,11800,0.5416099055093219,0.03524016415403109,0.5020554548793007,0.6031012736250705,6,"1000,1001,1002,1003,1004,1005",77000,200,True
even-palindrome,controls,loss,random,12000,0.5448672563453631,0.016655738449083635,0.5133554681797977,0.5657677091425285,6,"1000,1001,1002,1003,1004,1005",77000,200,True
even-palindrome,controls,loss,random,12200,0.5594685160478549,0.034019108000225895,0.5117089749475418,0.6150427869870327,6,"1000,1001,1002,1003,1004,1005",77000,200,True
even-palindrome,controls,loss,random,12400,0.5313806415643679,0.042660053126514594,0.48469676678651014,0.6207292584120296,6,"1000,1001,1002,1003,1004,1005",77000,200,True
even-palindrome,controls,loss,random,12600,0.5520947170093616,0.035211378069748986,0.48891226210456806,0.5912985391251278,6,"1000,1001,1002,1003,1004,1005",77000,200,True
even-palindrome,controls,loss,random,12800,0.5717893865210741,0.04977400088227201,0.5166347555379616,0.6406599962199107,6,"1000,1001,1002,1003,1004,1005",77000,200,True
even-palindrome,controls,loss,random,13000,0.5691907578785321,0.04673802522163626,0.5190750696015312,0.6359537229186389,6,"1000,1001,1002,1003,1004,1005",77000,200,True
even-palindrome,controls,loss,random,13200,0.5295048564767543,0.03781226371912356,0.4609388182098337,0.579912719973363,6,"1000,1001,1002,1003,1004,1005",77000,200,True
even-palindrome,controls,loss,random,13400,0.5497830678286847,0.023946983611818535,0.511578548148973,0.577089927442139,6,"1000,1001,1002,1003,1004,1005",77000,200,True
even-palindrome,controls,loss,random,13600,0.5554561007424491,0.03804397391607813,0.503381904711132,0.6045652518380666,6,"1000,1001,1002,1003,1004,1005",77000,200,True
even-palindrome,controls,loss,random,13800,0.5343857141943591,0.033012969776589476,0.48617137440858643,0.5915878107887693,6,"1000,1001,1002,1003,1004,1005",77000,200,True
even-palindrome,controls,loss,random,14000,0.5492346130035973,0.026124810797638464,0.5091697678275523,0.5915258156781783,6,"1000,1001,1002,1003,1004,1005",77000,200,True
even-palindrome,controls,loss,random,14200,0.5403390933624905,0.03509084103820019,0.4966729644080624,0.5844489134370815,6,"1000,1001,1002,1003,1004,1005",77000,200,True
even-palindrome,controls,loss,random,14400,0.5521977393425187,0.05081484735338191,0.47371268173417774,0.6312998851801968,6,"1000,1001,1002,1003,1004,1005",77000,200,True
even-palindrome,controls,loss,random,14600,0.5429737873494499,0.030494630681328315,0.48442441065155434,0.5821155351807829,6,"1000,1001,1002,1003,1004,1005",77000,200,True
even-palindrome,controls,loss,random,14800,0.5191177558964409,0.04722531174480302,0.443788891932345,0.5791687863512197,6,"1000,1001,1002,1003,1004,1005",77000,200,True
even-palindrome,controls,loss,random,15000,0.5176639250542333,0.03622748318449845,0.47011411672108805,0.5664645008320803,6,"1000,1001,1002,1003,1004,1005",77000,200,True
even-palindrome,controls,loss,random,15200,0.512269858626872,0.02428886997865332,0.48539450680371377,0.5542904352015466,6,"1000,1001,1002,1003,1004,1005",77000,200,True
even-palindrome,controls,loss,random,15400,0.5151421250252678,0.041360643326235985,0.46528366471677146,0.5904518221551552,6,"1000,1001,1002,1003,1004,1005",77000,200,True
even-palindrome,controls,loss,random,15600,0.5162483599090774,0.03385487894637001,0.47519157012939106,0.5671983191306935,6,"1000,1001,1002,1003,1004,1005",77000,200,True
even-palindrome,controls,loss,random,15800,0.47230155004356983,0.031987444263280915,0.40564637994975783,0.5019851664253656,6,"1000,1001,1002,1003,1004,1005",77000,200,True
even-palindrome,controls,loss,random,16000,0.5446461200236566,0.037133711751484375,0.4701066570225521,0.5878749611560488,6,"1000,1001,1002,1003,1004,1005",77000,200,True
even-palindrome,controls,loss,random,16200,0.5016417171645177,0.02793342026012527,0.46323776979348624,0.5385897128446959,6,"1000,1001,1002,1003,1004,1005",77000,200,True
even-palindrome,controls,loss,random,16400,0.5015263767397119,0.04332513954156884,0.4387033990342752,0.5737718239164679,6,"1000,1001,1002,1003,1004,1005",77000,200,True
even-palindrome,controls,loss,random,16600,0.5078065459934683,0.05169580833278283,0.437368443859159,0.601838647252589,6,"1000,1001,1002,1003,1004,1005",77000,200,True
even-palindrome,controls,loss,random,16800,0.5182938635423731,0.042342175839729455,0.45210437344852833,0.5859461388757335,6,"1000,1001,1002,1003,1004,1005",77000,200,True
even-palindrome,controls,loss,random,17000,0.5132326500315806,0.04819424370012946,0.4263909369314206,0.5768365312967216,6,"1000,1001,1002,1003,1004,1005",77000,200,True
even-palindrome,controls,loss,random,17200,0.5127757232776154,0.02049200556543176,0.48602973301545715,0.5409869025925582,6,"1000,1001,1002,1003,1004,1005",77000,200,True
even-palindrome,controls,loss,random,17400,0.4955270273877613,0.04485240059328739,0.4238576568115968,0.5664549836699735,6,"1000,1001,1002,1003,1004,1005",77000,200,True
even-palindrome,controls,loss,random,17600,0.4929364905916009,0.04380397063951558,0.46180393900780475,0.5872728935090709,6,"1000,1001,1002,1003,1004,1005",77000,200,True
even-palindrome,controls,loss,random,17800,0.5131048665387244,0.06056204143286817,0.4012738675576111,0.5732776074565481,6,"1000,1001,1002,1003,1004,1005",77000,200,True
even-palindrome,controls,loss,random,18000,0.49131644094971616,0.04363914355988399,0.42945866523499715,0.5703368079909705,6,"1000,1001,1002,1003,1004,1005",77000,200,True
even-palindrome,controls,loss,random,18200,0.5102675588315712,0.03731747542797521,0.4789698668403435,0.5880865848094982,6,"1000,1001,1002,1003,1004,1005",77000,200,True
even-palindrome,controls,loss,random,18400,0.49600752272659826,0.05286597089074771,0.42535913861516744,0.5750562792504206,6,"1000,1001,1002,1003,1004,1005",77000,200,True
even-palindrome,controls,loss,random,18600,0.5444581735876394,0.03951670761378795,0.5000582455348922,0.6171769559234963,6,"1000,1001,1002,1003,1004,1005",77000,200,True
even-palindrome,controls,loss,random,18800,0.5015603832725719,0.03462829596776946,0.4626390949255438,0.5563719701656373,6,"1000,1001,1002,1003,1004,1005",77000,200,True
even-palindrome,controls,loss,random,19000,0.4673608895587071,0.05458883690520846,0.4126094194530742,0.5736800826419494,6,"1000,1001,1002,1003,1004,1005",77000,200,True
even-palindrome,controls,loss,random,19200,0.5139194890570312,0.037173161706506225,0.45448442379154586,0.5745010761622689,6,"1000,1001,1002,1003,1004,1005",77000,200,True
even-palindrome,controls,loss,random,19400,0.5260144176927982,0.06715878006184335,0.43948751381671175,0.6036636289939633,6,"1000,1001,1002,1003,1004,1005",77000,200,True
even-palindrome,controls,loss,random,19600,0.5009285467037626,0.051900730831322364,0.4452616825231235,0.5885285683866823,6,"1000,1001,1002,1003,1004,1005",77000,200,True
even-palindrome,controls,loss,random,19800,0.47384369215396877,0.06501114208282943,0.38546589407720605,0.5656725894866395,6,"1000,1001,1002,1003,1004,1005",77000,200,True
even-palindrome,controls,loss,random,20000,0.48276856501414533,0.019096242710201782,0.4491271832832717,0.5128975096961949,6,"1000,1001,1002,1003,1004,1005",77000,200,True
even-palindrome,controls,loss,random,20200,0.4991136730633055,0.050640767046263364,0.4277144580727327,0.5679939183652459,6,"1000,1001,1002,1003,1004,1005",77000,200,True
even-palindrome,controls,loss,random,20400,0.5130382805564174,0.0473576643791716,0.44071856029855555,0.5803229969993845,6,"1000,1001,1002,1003,1004,1005",77000,200,True
even-palindrome,controls,loss,random,20600,0.48496188994569217,0.019103900269585958,0.4645152059679094,0.5201314989304229,6,"1000,1001,1002,1003,1004,1005",77000,200,True
even-palindrome,controls,loss,random,20800,0.4877310414332654,0.032081799343536645,0.4448221390691469,0.5326374727005896,6,"1000,1001,1002,1003,1004,1005",77000,200,True
even-palindrome,controls,loss,random,21000,0.49380952059544153,0.027372035889531535,0.4546543090042542,0.537319314397464,6,"1000,1001,1002,1003,1004,1005",77000,200,True
even-palindrome,controls,loss,random,21200,0.46236661275437657,0.041652053269233845,0.3826071195668919,0.5134789746026217,6,"1000,1001,1002,1003,1004,1005",77000,200,True
even-palindrome,controls,loss,random,21400,0.4916721229784647,0.04110054734704091,0.4538538493911619,0.5597197841817979,6,"1000,1001,1002,1003,1004,1005",77000,200,True
even-palindrome,controls,loss,random,21600,0.48170878561753244,0.04923078320336178,0.405832175303658,0.5473724210650107,6,"1000,1001,1002,1003,1004,1005",77000,200,True
even-palindrome,controls,loss,random,21800,0.4892715363436704,0.026550078057507115,0.4527875729955849,0.5385029994907381,6,"1000,1001,1002,1003,1004,1005",77000,200,True
even-palindrome,controls,loss,random,22000,0.462057618373104,0.05144663734760978,0.4134947572398232,0.5561524717549764,6,"1000,1001,1002,1003,1004,1005",77000,200,True
even-palindrome,controls,loss,random,22200,0.4857477377632798,0.04603636014971154,0.43709937846753744,0.5650108054783778,6,"1000,1001,1002,1003,1004,1005",77000,200,True
even-palindrome,controls,loss,random,22400,0.48089171703656275,0.039797839531159035,0.436390573620738,0.5327275879129593,6,"1000,1001,1002,1003,1004,1005",77000,200,True
even-palindrome,controls,loss,random,22600,0.4585412019358774,0.06792985114506314,0.40948636494333185,0.6029886495880783,6,"1000,1001,1002,1003,1004,1005",77000,200,True
even-palindrome,controls,loss,random,22800,0.46550242793219393,0.06109113540032989,0.4001331363624195,0.5682873344281688,6,"1000,1001,1002,1003,1004,1005",77000,200,True
even-palindrome,controls,loss,random,23000,0.46992872702870353,0.05870322310461351,0.3972564681785298,0.5341256772022098,6,"1000,1001,1002,1003,1004,1005",77000,200,True
even-palindrome,controls,loss,random,23200,0.4633598464803193,0.055464641044524296,0.37945008926035373,0.5554107121008565,6,"1000,1001,1002,1003,1004,1005",77000,200,True
even-palindrome,controls,loss,random,23400,0.4876275583335276,0.03631144055945235,0.4234230874240166,0.5385219911683816,6,"1000,1001,1002,1003,1004,1005",77000,200,True
even-palindrome,controls,loss,random,23600,0.46190129243808165,0.037335142779358184,0.4206847901483707,0.5277246128482511,6,"1000,1001,1002,1003,1004,1005",77000,200,True
even-palindrome,controls,loss,random,23800,0.5039736187910542,0.053323460563713475,0.43022675027968943,0.5880206643522251,6,"1000,1001,1002,1003,1004,1005",77000,200,True
even-palindrome,controls,loss,random,24000,0.46104320790068115,0.06784026568932466,0.3540997923655959,0.5530103159576538,6,"1000,1001,1002,1003,1004,1005",77000,200,True
even-palindrome,controls,loss,random,24200,0.45592415339803366,0.02615215619174123,0.42284189299825814,0.4886367846286157,6,"1000,1001,1002,1003,1004,1005",77000,200,True
even-palindrome,controls,loss,random,24400,0.46193427103376966,0.019619758176477636,0.4317876233466086,0.49295863021543485,6,"1000,1001,1002,1003,1004,1005",77000,200,True
even-palindrome,controls,loss,random,24600,0.49130499248153386,0.03905078058913037,0.427017291911252,0.5550216976931551,6,"1000,1001,1002,1003,1004,1005",77000,200,True
even-palindrome,controls,loss,random,24800,0.4655566745454356,0.04023146574837471,0.41747946200135627,0.5422108654723706,6,"1000,1001,1002,1003,1004,1005",77000,200,True
even-palindrome,controls,loss,random,25000,0.47184752089076937,0.05009245595429566,0.42435281256905,0.5686343575000501,6,"1000,1001,1002,1003,1004,1005",77000,200,True
even-palindrome,controls,loss,random,25200,0.46234807033130293,0.029124272258908485,0.40340263007376054,0.4938854280973464,6,"1000,1001,1002,1003,1004,1005",77000,200,True
even-palindrome,controls,loss,random,25400,0.4572225070268936,0.05320929442009521,0.3698204488106239,0.5481216833012149,6,"1000,1001,1002,1003,1004,1005",77000,200,True
even-palindrome,controls,loss,random,25600,0.4838973264080369,0.029092366960733054,0.4448769681533395,0.5275826366518594,6,"1000,1001,1002,1003,1004,1005",77000,200,True
even-palindrome,controls,loss,random,25800,0.4918759116725657,0.01755768475763558,0.47577213395496076,0.5246316083834245,6,"1000,1001,1002,1003,1004,1005",77000,200,True
even-palindrome,controls,loss,random,26000,0.4693594382603563,0.05954911813429994,0.39032366358562287,0.5561877172236563,6,"1000,1001,1002,1003,1004,1005",77000,200,True
even-palindrome,controls,loss,random,26200,0.4371522605629161,0.04685470113250357,0.39679331751576685,0.5317056450944984,6,"1000,1001,1002,1003,1004,1005",77000,200,True
even-palindrome,controls,loss,random,26400,0.47797589793374606,0.058772366891930626,0.4057965498282283,0.5902892221968068,6,"1000,1001,1002,1003,1004,1005",77000,200,True
even-palindrome,controls,loss,random,26600,0.46172729697372833,0.06084901926528249,0.4136340697896958,0.5948194256088027,6,"1000,1001,1002,1003,1004,1005",77000,200,True
even-palindrome,controls,loss,random,26800,0.4563481673602716,0.055012109735421116,0.3695475009494112,0.5553924303331587,6,"1000,1001,1002,1003,1004,1005",77000,200,True
even-palindrome,controls,loss,random,27000,0.4399275413797598,0.025515369172474794,0.4091540904212161,0.4807279372308039,6,"1000,1001,1002,1003,1004,1005",77000,200,True
even-palindrome,controls,loss,random,27200,0.47838300847653653,0.06208325654403806,0.3973515036860044,0.5627389740805665,6,"1000,1001,1002,1003,1004,1005",77000,200,True
even-palindrome,controls,loss,random,27400,0.4543537188694245,0.04896568378137055,0.39720301342749736,0.5392695514135994,6,"1000,1001,1002,1003,1004,1005",77000,200,True
even-palindrome,controls,loss,random,27600,0.44442288667147894,0.026095641465424695,0.41036447573875195,0.49129901865220743,6,"1000,1001,1002,1003,1004,1005",77000,200,True
even-palindrome,controls,loss,random,27800,0.4405737250823889,0.042454100788929895,0.38423111613619765,0.49389191287184075,6,"1000,1001,1002,1003,1004,1005",77000,200,True
even-palindrome,controls,loss,random,28000,0.4480679797595015,0.05383061942453054,0.354264181516337,0.5144331237980078,6,"1000,1001,1002,1003,1004,1005",77000,200,True
even-palindrome,controls,loss,random,28200,0.4567132899190649,0.030616161046016433,0.42604777113650927,0.5146305668275454,6,"1000,1001,1002,1003,1004,1005",77000,200,True
even-palindrome,controls,loss,random,28400,0.43780974858418936,0.05378868010762004,0.3530496297684658,0.5193644004313319,6,"1000,1001,1002,1003,1004,1005",77000,200,True
even-palindrome,controls,loss,random,28600,0.42483961617050525,0.03609452724269163,0.3803495959050815,0.48054905424472966,6,"1000,1001,1002,1003,1004,1005",77000,200,True
even-palindrome,controls,loss,random,28800,0.4317347650750283,0.02322069028662894,0.4082508106842579,0.47204703457040526,6,"1000,1001,1002,1003,1004,1005",77000,200,True
even-palindrome,controls,loss,random,29000,0.4614699226944639,0.03413071170025858,0.41335805298193007,0.5265245002715802,6,"1000,1001,1002,1003,1004,1005",77000,200,True
even-palindrome,controls,loss,random,29200,0.4423128724106952,0.041963889060847,0.3961810627978957,0.5161092619028205,6,"1000,1001,1002,1003,1004,1005",77000,200,True
even-palindrome,controls,loss,random,29400,0.44628236671284566,0.05007069510473509,0.40120380511318215,0.5454020123292139,6,"1000,1001,1002,1003,1004,1005",77000,200,True
even-palindrome,controls,loss,random,29600,0.4419054480793951,0.07310554339742609,0.34636537200101886,0.5421759061519242,6,"1000,1001,1002,1003,1004,1005",77000,200,True
even-palindrome,controls,loss,random,29800,0.4492082685093101,0.040985563592695465,0.3949727890680333,0.5106040294460127,6,"1000,1001,1002,1003,1004,1005",77000,200,True
even-palindrome,controls,loss,random,30000,0.4245435938790054,0.027685509513462797,0.39843149615631773,0.47764602800873945,6,"1000,1001,1002,1003,1004,1005",77000,200,True
even-palindrome,controls,loss,random,30200,0.4366013368451254,0.04741073464742001,0.3645512054043138,0.49194551280219456,6,"1000,1001,1002,1003,1004,1005",77000,200,True
even-palindrome,controls,loss,random,30400,0.42657857941430394,0.04787430373332519,0.376617717641393,0.5271382456121865,6,"1000,1001,1002,1003,1004,1005",77000,200,True
even-palindrome,controls,loss,random,30600,0.4793919546346144,0.05750980715135158,0.4219178029906652,0.6002011273144672,6,"1000,1001,1002,1003,1004,1005",77000,200,True
even-palindrome,controls,loss,random,30800,0.4459587345468458,0.0562064652052728,0.37747804448314126,0.5200435962258598,6,"1000,1001,1002,1003,1004,1005",77000,200,True
even-palindrome,controls,loss,random,31000,0.44156582027290975,0.053464005762513284,0.37518182039997555,0.5116828962871023,6,"1000,1001,1002,1003,1004,1005",77000,200,True
even-palindrome,controls,loss,random,31200,0.4238270342486112,0.06650311710926979,0.33033070047090407,0.5000700894436886,6,"1000,1001,1002,1003,1004,1005",77000,200,True
even-palindrome,controls,loss,random,31400,0.4338908207388446,0.07235162110456159,0.36491640824235216,0.5777174222034227,6,"1000,1001,1002,1003,1004,1005",77000,200,True
even-palindrome,controls,loss,random,31600,0.4229608795684332,0.04181998796176595,0.34357580683439665,0.4844228554371148,6,"1000,1001,1002,1003,1004,1005",77000,200,True
even-palindrome,controls,loss,random,31800,0.4369793609106107,0.05451673588684584,0.3273733715541857,0.49211386362811027,6,"1000,1001,1002,1003,1004,1005",77000,200,True
even-palindrome,controls,loss,random,32000,0.41044890139953855,0.044050176101934034,0.3484654288025558,0.46425491861007684,6,"1000,1001,1002,1003,1004,1005",77000,200,True
even-palindrome,controls,loss,random,32200,0.4388765122456743,0.05702896968174822,0.33596291801563893,0.5155751253999551,6,"1000,1001,1002,1003,1004,1005",77000,200,True
even-palindrome,controls,loss,random,32400,0.41732486458767043,0.05602107453869188,0.34385542912541495,0.5232997008811799,6,"1000,1001,1002,1003,1004,1005",77000,200,True
even-palindrome,controls,loss,random,32600,0.41340047087248194,0.05334349523111395,0.3368025926397422,0.5142764382012319,6,"1000,1001,1002,1003,1004,1005",77000,200,True
even-palindrome,controls,loss,random,32800,0.4089566277927375,0.061869038608409754,0.3193865994027874,0.5019517147661099,6,"1000,1001,1002,1003,1004,1005",77000,200,True
even-palindrome,controls,loss,random,33000,0.4563044839856441,0.07304346101077414,0.3528197443168847,0.6000343599655753,6,"1000,1001,1002,1003,1004,1005",77000,200,True
even-palindrome,controls,loss,random,33200,0.37572951923649267,0.0634432044193049,0.29414553493425044,0.4823592745355563,6,"1000,1001,1002,1003,1004,1005",77000,200,True
even-palindrome,controls,loss,random,33400,0.4285616976470161,0.07870042160170747,0.3322070466067817,0.5568158727369155,6,"1000,1001,1002,1003,1004,1005",77000,200,True
even-palindrome,controls,loss,random,33600,0.42216807095213876,0.08088216680087738,0.311890294732093,0.5380619532454876,6,"1000,1001,1002,1003,1004,1005",77000,200,True
even-palindrome,controls,loss,random,33800,0.40856501488981656,0.06433032999171026,0.3258422935326598,0.5225477509881239,6,"1000,1001,1002,1003,1004,1005",77000,200,True
even-palindrome,controls,loss,random,34000,0.43056378096814035,0.08339720632989456,0.3357998844801932,0.585440169682538,6,"1000,1001,1002,1003,1004,1005",77000,200,True
even-palindrome,controls,loss,random,34200,0.38322167914568056,0.035343964340450305,0.3278199123043805,0.44325718200285336,6,"1000,1001,1002,1003,1004,1005",77000,200,True
even-palindrome,controls,loss,random,34400,0.44805924806419667,0.04628614006951324,0.3949823080415263,0.5324904862262337,6,"1000,1001,1002,1003,1004,1005",77000,200,True
even-palindrome,controls,loss,random,34600,0.42388852935698956,0.03660079866427369,0.36766919426872846,0.47747140800895066,6,"1000,1001,1002,1003,1004,1005",77000,200,True
even-palindrome,controls,loss,random,34800,0.4382858069331723,0.054430216754675874,0.36071950798801483,0.5323045004437154,6,"1000,1001,1002,1003,1004,1005",77000,200,True
even-palindrome,controls,loss,random,35000,0.4257002931761887,0.0656357296740237,0.3078642751970074,0.5236616777013114,6,"1000,1001,1002,1003,1004,1005",77000,200,True
even-palindrome,controls,loss,random,35200,0.42122309091549787,0.07062651602084138,0.2990832813743327,0.5168071343639167,6,"1000,1001,1002,1003,1004,1005",77000,200,True
even-palindrome,controls,loss,random,35400,0.41525301449089075,0.05987593850019946,0.3300077948327635,0.5079999921613398,6,"1000,1001,1002,1003,1004,1005",77000,200,True
even-palindrome,controls,loss,random,35600,0.42492331411975065,0.07142215725208739,0.33845967518167297,0.49708087088627506,6,"1000,1001,1002,1003,1004,1005",77000,200,True
even-palindrome,controls,loss,random,35800,0.427330445590077,0.030292031484601967,0.3736293184992246,0.45607829601867705,6,"1000,1001,1002,1003,1004,1005",77000,200,True
even-palindrome,controls,loss,random,36000,0.428157793362947,0.055914381559226733,0.34917507611776727,0.5206210338417805,6,"1000,1001,1002,1003,1004,1005",77000,200,True
even-palindrome,controls,loss,random,36200,0.40036179424560503,0.05778073494455967,0.32798308581701346,0.4938721909362357,6,"1000,1001,1002,1003,1004,1005",77000,200,True
even-palindrome,controls,loss,random,36400,0.38723304465206415,0.06541219720690944,0.30554544308022286,0.48376608416985617,6,"1000,1001,1002,1003,1004,1005",77000,200,True
even-palindrome,controls,loss,random,36600,0.3984994750861786,0.05309742655708133,0.3248297151748602,0.4570189032273629,6,"1000,1001,1002,1003,1004,1005",77000,200,True
even-palindrome,controls,loss,random,36800,0.38440066597064293,0.0677603814084905,0.27511549690338144,0.4545236047472281,6,"1000,1001,1002,1003,1004,1005",77000,200,True
even-palindrome,controls,loss,random,37000,0.4033192975266002,0.06883446544666708,0.3076672213232087,0.5125450177734456,6,"1000,1001,1002,1003,1004,1005",77000,200,True
even-palindrome,controls,loss,random,37200,0.36854734718329457,0.06686174884015504,0.2688476172374726,0.4341493784491922,6,"1000,1001,1002,1003,1004,1005",77000,200,True
even-palindrome,controls,loss,random,37400,0.38671387655751993,0.07708525161563955,0.22503758543336516,0.4436349041706444,6,"1000,1001,1002,1003,1004,1005",77000,200,True
even-palindrome,controls,loss,random,37600,0.3684413925123102,0.054085258432964356,0.306385274139393,0.44624966505485647,6,"1000,1001,1002,1003,1004,1005",77000,200,True
even-palindrome,controls,loss,random,37800,0.3805087321107374,0.06097876439089314,0.2902214905713231,0.4464284750686602,6,"1000,1001,1002,1003,1004,1005",77000,200,True
even-palindrome,controls,loss,random,38000,0.37158094507781625,0.07316899844913202,0.28441344235645827,0.4892278803944464,6,"1000,1001,1002,1003,1004,1005",77000,200,True
even-palindrome,controls,loss,random,38200,0.378093894716158,0.07260264837540548,0.26296075478519926,0.49812299307253854,6,"1000,1001,1002,1003,1004,1005",77000,200,True
even-palindrome,controls,loss,random,38400,0.37793951805703413,0.0774713463222614,0.252460467126333,0.4857695342244915,6,"1000,1001,1002,1003,1004,1005",77000,200,True
even-palindrome,controls,loss,random,38600,0.3904784212507353,0.05314496469667382,0.2910155042714359,0.4496020885762482,6,"1000,1001,1002,1003,1004,1005",77000,200,True
even-palindrome,controls,loss,random,38800,0.3856158491640664,0.04457988580904932,0.3252523394324794,0.44506864183364087,6,"1000,1001,1002,1003,1004,1005",77000,200,True
even-palindrome,controls,loss,random,39000,0.39269336536381666,0.09759621142956586,0.2819378973605899,0.5493612345176735,6,"1000,1001,1002,1003,1004,1005",77000,200,True
even-palindrome,controls,loss,random,39200,0.3656572805564266,0.0721623442986336,0.26805060318374674,0.47485700422788796,6,"1000,1001,1002,1003,1004,1005",77000,200,True
even-palindrome,controls,loss,random,39400,0.3923745298347389,0.086594274872156,0.26535414440284966,0.5355702794169338,6,"1000,1001,1002,1003,1004,1005",77000,200,True
even-palindrome,controls,loss,random,39600,0.3655308100932037,0.07752903780070367,0.23320144777473614,0.4694980154514269,6,"1000,1001,1002,1003,1004,1005",77000,200,True
even-palindrome,controls,loss,random,39800,0.4118304097594215,0.08794729146124153,0.29535277121038234,0.5365398842754803,6,"1000,1001,1002,1003,1004,1005",77000,200,True
even-palindrome,controls,loss,random,40000,0.3839035523070345,0.08352534172372149,0.28864455223958657,0.49265093610897565,6,"1000,1001,1002,1003,1004,1005",77000,200,True
even-palindrome,controls,loss,random,40200,0.40477153031080126,0.059892700478587066,0.30201464773512726,0.47398841081128923,6,"1000,1001,1002,1003,1004,1005",77000,200,True
even-palindrome,controls,loss,random,40400,0.3822471654888007,0.060312078211307504,0.29144596395218286,0.489357090021349,6,"1000,1001,1002,1003,1004,1005",77000,200,True
even-palindrome,controls,loss,random,40600,0.35928431008219625,0.06218401554578419,0.27024471906734104,0.42848764344660595,6,"1000,1001,1002,1003,1004,1005",77000,200,True
even-palindrome,controls,loss,random,40800,0.3731393461603671,0.07926444844847468,0.26887840789560186,0.5176840164932947,6,"1000,1001,1002,1003,1004,1005",77000,200,True
even-palindrome,controls,loss,random,41000,0.38187960186649467,0.09856205534230073,0.25589583727799436,0.4994185462909263,6,"1000,1001,1002,1003,1004,1005",77000,200,True
even-palindrome,controls,loss,random,41200,0.37822086266981975,0.06399282083761115,0.3044116624682215,0.5009475862056934,6,"1000,1001,1002,1003,1004,1005",77000,200,True
even-palindrome,controls,loss,random,41400,0.33952932816109427,0.07741177671661799,0.2062869610504049,0.4098256106691042,6,"1000,1001,1002,1003,1004,1005",77000,200,True
even-palindrome,controls,loss,random,41600,0.3504676919650389,0.0991619535416997,0.20480282517506565,0.47689428308730386,6,"1000,1001,1002,1003,1004,1005",77000,200,True
even-palindrome,controls,loss,random,41800,0.37296514319048496,0.06908731858540462,0.27627227097086576,0.502338827523563,6,"1000,1001,1002,1003,1004,1005",77000,200,True
even-palindrome,controls,loss,random,42000,0.33322219632010236,0.086640129383047,0.21462384215703423,0.4818696027312217,6,"1000,1001,1002,1003,1004,1005",77000,200,True
even-palindrome,controls,loss,random,42200,0.3539847063043908,0.09995834862569422,0.19333240735146093,0.4701158389424745,6,"1000,1001,1002,1003,1004,1005",77000,200,True
even-palindrome,controls,loss,random,42400,0.3631853022246175,0.06019367959036728,0.2889159108762942,0.4569862574348008,6,"1000,1001,1002,1003,1004,1005",77000,200,True
even-palindrome,controls,loss,random,42600,0.33869413166109325,0.06321538082973988,0.26806528998497015,0.4319290999132863,6,"1000,1001,1002,1003,1004,1005",77000,200,True
even-palindrome,controls,loss,random,42800,0.3433200583921594,0.10844929867012887,0.18048091907391153,0.4883749012754561,6,"1000,1001,1002,1003,1004,1005",77000,200,True
even-palindrome,controls,loss,random,43000,0.3445313311153158,0.06449135311666679,0.25507121109575337,0.43522847039615953,6,"1000,1001,1002,1003,1004,1005",77000,200,True
even-palindrome,controls,loss,random,43200,0.34047217766135446,0.07681204975554858,0.24303413959550596,0.4318150901879562,6,"1000,1001,1002,1003,1004,1005",77000,200,True
even-palindrome,controls,loss,random,43400,0.3628774691329802,0.0731573002891859,0.2656807848912587,0.4914303133656358,6,"1000,1001,1002,1003,1004,1005",77000,200,True
even-palindrome,controls,loss,random,43600,0.34091935660161576,0.10225026315147882,0.21179228501158376,0.475459318311232,6,"1000,1001,1002,1003,1004,1005",77000,200,True
even-palindrome,controls,loss,random,43800,0.34814195951377885,0.06522939981516818,0.25958685318749075,0.44934328773611926,6,"1000,1001,1002,1003,1004,1005",77000,200,True
even-palindrome,controls,loss,random,44000,0.39116295709973836,0.1180639643076027,0.21867191883824488,0.5899718627503262,6,"1000,1001,1002,1003,1004,1005",77000,200,True
even-palindrome,controls,loss,random,44200,0.347360537966446,0.10679517266421402,0.20599610670287802,0.4819268837770687,6,"1000,1001,1002,1003,1004,1005",77000,200,True
even-palindrome,controls,loss,random,44400,0.3340037639216478,0.07330171765798511,0.26712382747581276,0.4501159465072078,6,"1000,1001,1002,1003,1004,1005",77000,200,True
even-palindrome,controls,loss,random,44600,0.35317062188788767,0.08175976855667771,0.2433789123132465,0.45672890197173727,6,"1000,1001,1002,1003,1004,1005",77000,200,True
even-palindrome,controls,loss,random,44800,0.33953842468870726,0.08022676811515393,0.24013118669061442,0.45565769011620433,6,"1000,1001,1002,1003,1004,1005",77000,200,True
even-palindrome,controls,loss,random,45000,0.35512993893781336,0.11558897497800054,0.18993744841262442,0.47091399737448225,6,"1000,1001,1002,1003,1004,1005",77000,200,True
even-palindrome,controls,loss,random,45200,0.3318462336891499,0.08473986226382293,0.22252045213020438,0.43773137173800936,6,"1000,1001,1002,1003,1004,1005",77000,200,True
even-palindrome,controls,loss,random,45400,0.3338207541729042,0.08404124378289196,0.20146226302584183,0.45145199308926975,6,"1000,1001,1002,1003,1004,1005",77000,200,True
even-palindrome,controls,loss,random,45600,0.3816645742937515,0.07742110436269886,0.25608901719859206,0.4968588874314264,6,"1000,1001,1002,1003,1004,1005",77000,200,True
even-palindrome,controls,loss,random,45800,0.35208402869647154,0.07209088711142217,0.2484431672746996,0.4662679827956435,6,"1000,1001,1002,1003,1004,1005",77000,200,True
even-palindrome,controls,loss,random,46000,0.383871517015071,0.1611020984648987,0.2183310363314996,0.6880149965885903,6,"1000,1001,1002,1003,1004,1005",77000,200,True
even-palindrome,controls,loss,random,46200,0.35576655575909144,0.10765564705799739,0.22094682433449037,0.5402077832490613,6,"1000,1001,1002,1003,1004,1005",77000,200,True
even-palindrome,controls,loss,random,46400,0.33674554619654007,0.10770062937960033,0.21303730522794923,0.5069528525661121,6,"1000,1001,1002,1003,1004,1005",77000,200,True
even-palindrome,controls,loss,random,46600,0.3040724692071269,0.0988567344339216,0.17036206710887128,0.45274511706893916,6,"1000,1001,1002,1003,1004,1005",77000,200,True
even-palindrome,controls,loss,random,46800,0.32678856446838184,0.06313681309205171,0.24622013248300584,0.41352966640588873,6,"1000,1001,1002,1003,1004,1005",77000,200,True
even-palindrome,controls,loss,random,47000,0.36308001639190496,0.0921472203120308,0.24810339867689435,0.46701993298301203,6,"1000,1001,1002,1003,1004,1005",77000,200,True
even-palindrome,controls,loss,random,47200,0.3140614558386872,0.09697329775119906,0.20612688220263067,0.457181105783784,6,"1000,1001,1002,1003,1004,1005",77000,200,True
even-palindrome,controls,loss,random,47400,0.34775604763180284,0.0855025291873196,0.248518659870183,0.487214894968929,6,"1000,1001,1002,1003,1004,1005",77000,200,True
even-palindrome,controls,loss,random,47600,0.3323304943908599,0.11063769478794332,0.2365668457565289,0.5642250806172661,6,"1000,1001,1002,1003,1004,1005",77000,200,True
even-palindrome,controls,loss,random,47800,0.2970380883374972,0.09749501605855682,0.19282237546461375,0.4393044046104137,6,"1000,1001,1002,1003,1004,1005",77000,200,True
even-palindrome,controls,loss,random,48000,0.31080034567408554,0.09125409328779611,0.2078443540148146,0.48636683002597236,6,"1000,1001,1002,1003,1004,1005",77000,200,True
even-palindrome,controls,loss,random,48200,0.31479584677396716,0.09573352659385272,0.18769449138693062,0.4585718424228162,6,"1000,1001,1002,1003,1004,1005",77000,200,True
even-palindrome,controls,loss,random,48400,0.28350115190549197,0.0890700210817905,0.13528901154451659,0.4319246578630373,6,"1000,1001,1002,1003,1004,1005",77000,200,True
even-palindrome,controls,loss,random,48600,0.3038871649226049,0.08225463974529058,0.2369305864903913,0.47308214682179595,6,"1000,1001,1002,1003,1004,1005",77000,200,True
even-palindrome,controls,loss,random,48800,0.31201773836492575,0.08075267688443687,0.2012470399118365,0.43633673461341005,6,"1000,1001,1002,1003,1004,1005",77000,200,True
even-palindrome,controls,loss,random,49000,0.32215146342571227,0.08877143995382435,0.1994450223773787,0.4412714558949847,6,"1000,1001,1002,1003,1004,1005",77000,200,True
even-palindrome,controls,loss,random,49200,0.32603247773265215,0.12012436855334897,0.19618881525726464,0.4987299469741265,6,"1000,1001,1002,1003,1004,1005",77000,200,True
even-palindrome,controls,loss,random,49400,0.28605240805432763,0.08455772231332684,0.1572015064176368,0.3909217264625386,6,"1000,1001,1002,1003,1004,1005",77000,200,True
even-palindrome,controls,loss,random,49600,0.3200574829881904,0.10020278551177299,0.20052762300678295,0.4712428916501631,6,"1000,1001,1002,1003,1004,1005",77000,200,True
even-palindrome,controls,loss,random,49800,0.31007815726142357,0.08466735336427383,0.22990842631031683,0.45012628064505406,6,"1000,1001,1002,1003,1004,1005",77000,200,True
even-palindrome,controls,loss,random,50000,0.28080239812845925,0.08241911431461418,0.16664726103359498,0.42801248189706714,6,"1000,1001,1002,1003,1004,1005",77000,200,True
even-palindrome,controls,loss,random,50200,0.26654052380676135,0.11599039151010802,0.16601184680129336,0.4688767302517772,6,"1000,1001,1002,1003,1004,1005",77000,200,True
even-palindrome,controls,loss,random,50400,0.2571355460642267,0.10994108446423634,0.15350898976489874,0.4455751964294086,6,"1000,1001,1002,1003,1004,1005",77000,200,True
even-palindrome,controls,loss,random,50600,0.300364198362234,0.06300641767458783,0.2393875249853106,0.4150705871063656,6,"1000,1001,1002,1003,1004,1005",77000,200,True
even-palindrome,controls,loss,random,50800,0.3054157719636701,0.0936751340988135,0.22809117835255166,0.4706361079807857,6,"1000,1001,1002,1003,1004,1005",77000,200,True
even-palindrome,controls,loss,random,51000,0.31233325662653366,0.09499277338945349,0.20960334354584007,0.43758682247535036,6,"1000,1001,1002,1003,1004,1005",77000,200,True
even-palindrome,controls,loss,random,51200,0.25385023723381933,0.10612321057615061,0.14445855367987862,0.4275277944054733,6,"1000,1001,1002,1003,1004,1005",77000,200,True
even-palindrome,controls,loss,random,51400,0.28121919368607545,0.08305147780657943,0.19961252442064847,0.43348765382523197,6,"1000,1001,1002,1003,1004,1005",77000,200,True
even-palindrome,controls,loss,random,51600,0.2791484111795914,0.10085045365630568,0.14696454635559233,0.4161822351914043,6,"1000,1001,1002,1003,1004,1005",77000,200,True
even-palindrome,controls,loss,random,51800,0.28834640473827916,0.09859117228538228,0.12362940207672374,0.4274459598564863,6,"1000,1001,1002,1003,1004,1005",77000,200,True
even-palindrome,controls,loss,random,52000,0.23708954763898837,0.08645438456247398,0.13517351480397338,0.3898057171768778,6,"1000,1001,1002,1003,1004,1005",77000,200,True
even-palindrome,controls,loss,random,52200,0.27208300704649097,0.10500389951459543,0.15016706030932256,0.4475867885952903,6,"1000,1001,1002,1003,1004,1005",77000,200,True
even-palindrome,controls,loss,random,52400,0.2514963657923296,0.09652162977940192,0.13701730210279492,0.3942911120994995,6,"1000,1001,1002,1003,1004,1005",77000,200,True
even-palindrome,controls,loss,random,52600,0.2514965197652383,0.1122217237638829,0.10532054082745163,0.459554557100746,6,"1000,1001,1002,1003,1004,1005",77000,200,True
even-palindrome,controls,loss,random,52800,0.2728947111959789,0.09101352023253625,0.15513918800443036,0.4058182797749032,6,"1000,1001,1002,1003,1004,1005",77000,200,True
even-palindrome,controls,loss,random,53000,0.259309106017132,0.12396458790482655,0.13000406612338794,0.44996028348061373,6,"1000,1001,1002,1003,1004,1005",77000,200,True
even-palindrome,controls,loss,random,53200,0.274817891902885,0.10049379571615083,0.14335987624523114,0.4449656784082435,6,"1000,1001,1002,1003,1004,1005",77000,200,True
even-palindrome,controls,loss,random,53400,0.2675774800115938,0.10756522741250285,0.12245738245292159,0.4187144627548878,6,"1000,1001,1002,1003,1004,1005",77000,200,True
even-palindrome,controls,loss,random,53600,0.24106217898313276,0.10106998446476602,0.06486921554851506,0.3609245965467835,6,"1000,1001,1002,1003,1004,1005",77000,200,True
even-palindrome,controls,loss,random,53800,0.25465114939562755,0.12658002562453732,0.11176197248007157,0.4507163469772513,6,"1000,1001,1002,1003,1004,1005",77000,200,True
even-palindrome,controls,loss,random,54000,0.2724333660341634,0.13551290315138198,0.11971119974732573,0.5005477925315699,6,"1000,1001,1002,1003,1004,1005",77000,200,True
even-palindrome,controls,loss,random,54200,0.28819001615757145,0.10692977515401994,0.1627073020025091,0.4681300728182305,6,"1000,1001,1002,1003,1004,1005",77000,200,True
even-palindrome,controls,loss,random,54400,0.2348951943345058,0.09633865663511884,0.13777778539538532,0.37959825969036504,6,"1000,1001,1002,1003,1004,1005",77000,200,True
even-palindrome,controls,loss,random,54600,0.260961713473528,0.09651793900318863,0.14892904510006702,0.41913655828885565,6,"1000,1001,1002,1003,1004,1005",77000,200,True
even-palindrome,controls,loss,random,54800,0.26468806990012633,0.15191417047288622,0.05160586586990576,0.49331495320391694,6,"1000,1001,1002,1003,1004,1005",77000,200,True
even-palindrome,controls,loss,random,55000,0.2296210129624594,0.0989270346354895,0.12708014467054965,0.4031065487598244,6,"1000,1001,1002,1003,1004,1005",77000,200,True
even-palindrome,controls,loss,random,55200,0.2698676358198578,0.11665275849918115,0.13544549254467028,0.45185138164406907,6,"1000,1001,1002,1003,1004,1005",77000,200,True
even-palindrome,controls,loss,random,55400,0.25959286762970124,0.08880671416821988,0.15817337130905798,0.40672557573974244,6,"1000,1001,1002,1003,1004,1005",77000,200,True
even-palindrome,controls,loss,random,55600,0.26183470810522436,0.10255811634763735,0.15079135548975955,0.40433805701444725,6,"1000,1001,1002,1003,1004,1005",77000,200,True
even-palindrome,controls,loss,random,55800,0.23650608175289597,0.10806904095644829,0.09495231602908462,0.3907917121704941,6,"1000,1001,1002,1003,1004,1005",77000,200,True
even-palindrome,controls,loss,random,56000,0.23041526710710503,0.10066333604763862,0.12654119308468353,0.40543905705745603,6,"1000,1001,1002,1003,1004,1005",77000,200,True
even-palindrome,controls,loss,random,56200,0.24110900884382305,0.10570114312020978,0.12512802706576992,0.38549874262651884,6,"1000,1001,1002,1003,1004,1005",77000,200,True
even-palindrome,controls,loss,random,56400,0.26788489128724496,0.10250362798357586,0.1558128434550963,0.42854471865513005,6,"1000,1001,1002,1003,1004,1005",77000,200,True
even-palindrome,controls,loss,random,56600,0.22066168894420302,0.10039725660012461,0.13002081526625262,0.39632705168299254,6,"1000,1001,1002,1003,1004,1005",77000,200,True
even-palindrome,controls,loss,random,56800,0.22218594641393544,0.1047545593100974,0.08929450600428936,0.40809972798516353,6,"1000,1001,1002,1003,1004,1005",77000,200,True
even-palindrome,controls,loss,random,57000,0.21429010841106091,0.13308017429029642,0.06444786221536561,0.45314454372401086,6,"1000,1001,1002,1003,1004,1005",77000,200,True
even-palindrome,controls,loss,random,57200,0.24868398550166737,0.1221541536459425,0.0961388270493262,0.4816688046856507,6,"1000,1001,1002,1003,1004,1005",77000,200,True
even-palindrome,controls,loss,random,57400,0.235612221171142,0.1176664013485574,0.01562714557056097,0.36698978115916814,6,"1000,1001,1002,1003,1004,1005",77000,200,True
even-palindrome,controls,loss,random,57600,0.2521178575824871,0.14376589301791587,0.08684743364273345,0.4811100719303522,6,"1000,1001,1002,1003,1004,1005",77000,200,True
even-palindrome,controls,loss,random,57800,0.22022271118934497,0.13254006738533883,0.05548987479426614,0.3965726808591717,6,"1000,1001,1002,1003,1004,1005",77000,200,True
even-palindrome,controls,loss,random,58000,0.21056315376092286,0.14014714627818434,0.054191176660097824,0.448004866345691,6,"1000,1001,1002,1003,1004,1005",77000,200,True
even-palindrome,controls,loss,random,58200,0.28792967555892535,0.08432154148179838,0.18798245436399227,0.39844960016771436,6,"1000,1001,1002,1003,1004,1005",77000,200,True
even-palindrome,controls,loss,random,58400,0.25066678942249004,0.07056171371768102,0.18722291388517426,0.3872368897500928,6,"1000,1001,1002,1003,1004,1005",77000,200,True
even-palindrome,controls,loss,random,58600,0.23927846084419227,0.11501913802758269,0.07886694239818098,0.4041754384569072,6,"1000,1001,1002,1003,1004,1005",77000,200,True
even-palindrome,controls,loss,random,58800,0.21518541925324006,0.1074758272588215,0.041306944181924335,0.3823579442255277,6,"1000,1001,1002,1003,1004,1005",77000,200,True
even-palindrome,controls,loss,random,59000,0.2581881954660556,0.11306069740820233,0.09759739500256273,0.4095753828284069,6,"1000,1001,1002,1003,1004,1005",77000,200,True
even-palindrome,controls,loss,random,59200,0.23399026473939588,0.1038771013658859,0.054886073071502325,0.36050062991935194,6,"1000,1001,1002,1003,1004,1005",77000,200,True
even-palindrome,controls,loss,random,59400,0.23725691530254675,0.127591204267711,0.0630280456854161,0.41774653638798553,6,"1000,1001,1002,1003,1004,1005",77000,200,True
even-palindrome,controls,loss,random,59600,0.25420028239831344,0.10746637112298084,0.11238014457845566,0.39696972885727067,6,"1000,1001,1002,1003,1004,1005",77000,200,True
even-palindrome,controls,loss,random,59800,0.19510037492444696,0.10310654297171662,0.07482690026819455,0.36088275881453913,6,"1000,1001,1002,1003,1004,1005",77000,200,True
even-palindrome,controls,loss,random,60000,0.2677487903470537,0.11790612936807375,0.09889045252821234,0.45568747761788925,6,"1000,1001,1002,1003,1004,1005",77000,200,True
even-palindrome,controls,loss,random,60200,0.22654181612306254,0.09999728039695512,0.10160577995673066,0.380314430627426,6,"1000,1001,1002,1003,1004,1005",77000,200,True
even-palindrome,controls,loss,random,60400,0.24710629834303444,0.06906982312085606,0.16026712920614045,0.32978001271484575,6,"1000,1001,1002,1003,1004,1005",77000,200,True
even-palindrome,controls,loss,random,60600,0.18939856325593343,0.10144237917635461,0.033984474767607936,0.321255459392255,6,"1000,1001,1002,1003,1004,1005",77000,200,True
even-palindrome,controls,loss,random,60800,0.2309334977916335,0.0986508370853281,0.10560732018582691,0.3841673711663134,6,"1000,1001,1002,1003,1004,1005",77000,200,True
even-palindrome,controls,loss,random,61000,0.20748775947346418,0.08968611714889399,0.10233663496128642,0.3343675971072662,6,"1000,1001,1002,1003,1004,1005",77000,200,True
even-palindrome,controls,loss,random,61200,0.2168019828498413,0.11481066036397689,0.10540648623005382,0.39841687040500345,6,"1000,1001,1002,1003,1004,1005",77000,200,True
even-palindrome,controls,loss,random,61400,0.19768144659667267,0.09117314158316292,0.08423861981385926,0.33711308429520387,6,"1000,1001,1002,1003,1004,1005",77000,200,True
even-palindrome,controls,loss,random,61600,0.21622150571326335,0.08438044964076012,0.09950245981024636,0.354569554299278,6,"1000,1001,1002,1003,1004,1005",77000,200,True
even-palindrome,controls,loss,random,61800,0.2044241886690169,0.10684611405921936,0.05484278324695424,0.35580373262926285,6,"1000,1001,1002,1003,1004,1005",77000,200,True
even-palindrome,controls,loss,random,62000,0.20506389683379242,0.1061419650769874,0.07733159274651655,0.37355849932719365,6,"1000,1001,1002,1003,1004,1005",77000,200,True
even-palindrome,controls,loss,random,62200,0.20752461682256781,0.09209514234419738,0.10024065365133084,0.3655132566302018,6,"1000,1001,1002,1003,1004,1005",77000,200,True
even-palindrome,controls,loss,random,62400,0.2159104059197664,0.1328469537904726,0.010959700206383332,0.3929113857782022,6,"1000,1001,1002,1003,1004,1005",77000,200,True
even-palindrome,controls,loss,random,62600,0.19012164496787065,0.13982611621156038,0.03700996081895028,0.40214020825892477,6,"1000,1001,1002,1003,1004,1005",77000,200,True
even-palindrome,controls,loss,random,62800,0.20184288818514515,0.08652038649527317,0.08917786180424628,0.370667082836012,6,"1000,1001,1002,1003,1004,1005",77000,200,True
even-palindrome,controls,loss,random,63000,0.1991106666459407,0.11686101945693139,0.0027549403333773626,0.37436745715288455,6,"1000,1001,1002,1003,1004,1005",77000,200,True
even-palindrome,controls,loss,random,63200,0.1670653168740841,0.08402544917203172,0.07475080154981924,0.2967590171275924,6,"1000,1001,1002,1003,1004,1005",77000,200,True
even-palindrome,controls,loss,random,63400,0.17362286314664885,0.10336068834667446,0.08871889929118609,0.3574703916199087,6,"1000,1001,1002,1003,1004,1005",77000,200,True
even-palindrome,controls,loss,random,63600,0.2068145074691,0.10941696978915597,0.053112274384429836,0.3581369671373295,6,"1000,1001,1002,1003,1004,1005",77000,200,True
even-palindrome,controls,loss,random,63800,0.18023038826865978,0.08158270840480594,0.05088069264165597,0.30910243430301876,6,"1000,1001,1002,1003,1004,1005",77000,200,True
even-palindrome,controls,loss,random,64000,0.14478826131258304,0.08190370763323895,0.007514662534410945,0.2372109970280968,6,"1000,1001,1002,1003,1004,1005",77000,200,True
even-palindrome,controls,loss,random,64200,0.2120567421632857,0.07155529319257692,0.09553856091641932,0.3217105851758788,6,"1000,1001,1002,1003,1004,1005",77000,200,True
even-palindrome,controls,loss,random,64400,0.19966646826961656,0.12009323338531547,0.040079560856434,0.3638853828354195,6,"1000,1001,1002,1003,1004,1005",77000,200,True
even-palindrome,controls,loss,random,64600,0.1526995420185191,0.08777713106076039,0.027119256357452742,0.27070459791024176,6,"1000,1001,1002,1003,1004,1005",77000,200,True
even-palindrome,controls,loss,random,64800,0.21771735375071946,0.08994302125422461,0.11208477165767143,0.38269049316088055,6,"1000,1001,1002,1003,1004,1005",77000,200,True
even-palindrome,controls,loss,random,65000,0.18857552046653694,0.11450542975626457,0.0034644852324868225,0.35108855366438546,6,"1000,1001,1002,1003,1004,1005",77000,200,True
even-palindrome,controls,loss,random,65200,0.16504336524252192,0.0917423609281114,0.05185934304057014,0.32285259088564316,6,"1000,1001,1002,1003,1004,1005",77000,200,True
even-palindrome,controls,loss,random,65400,0.19882953249601965,0.10088961395215257,0.011871654648185768,0.3228199071611425,6,"1000,1001,1002,1003,1004,1005",77000,200,True
even-palindrome,controls,loss,random,65600,0.1680468188169851,0.08674396975183006,0.03793249270420745,0.29682347780159035,6,"1000,1001,1002,1003,1004,1005",77000,200,True
even-palindrome,controls,loss,random,65800,0.18255951278608795,0.06830093485690726,0.09662134013240462,0.2709860619486642,6,"1000,1001,1002,1003,1004,1005",77000,200,True
even-palindrome,controls,loss,random,66000,0.20515729966099194,0.09330026728925445,0.09771021021931915,0.35343392355890957,6,"1000,1001,1002,1003,1004,1005",77000,200,True
even-palindrome,controls,loss,random,66200,0.20886736063378,0.1006456292364537,0.09153884832706552,0.36838050254083043,6,"1000,1001,1002,1003,1004,1005",77000,200,True
even-palindrome,controls,loss,random,66400,0.17756641412536092,0.1071826130627376,0.024558535453304556,0.35401130393446695,6,"1000,1001,1002,1003,1004,1005",77000,200,True
even-palindrome,controls,loss,random,66600,0.17673195862854948,0.08772652023834927,0.10893119932088666,0.3657518488607275,6,"1000,1001,1002,1003,1004,1005",77000,200,True
even-palindrome,controls,loss,random,66800,0.21190648905491113,0.08672298075834738,0.1308464568882539,0.38321598011227254,6,"1000,1001,1002,1003,1004,1005",77000,200,True
even-palindrome,controls,loss,random,67000,0.1920171332040769,0.07837854252222395,0.07666437641943333,0.3395672988144065,6,"1000,1001,1002,1003,1004,1005",77000,200,True
even-palindrome,controls,loss,random,67200,0.17025876735048404,0.09952967960963945,0.021877714619324706,0.3048696060914517,6,"1000,1001,1002,1003,1004,1005",77000,200,True
even-palindrome,controls,loss,random,67400,0.17933807916462627,0.10474230104005783,0.03956832259089992,0.2986860095800512,6,"1000,1001,1002,1003,1004,1005",77000,200,True
even-palindrome,controls,loss,random,67600,0.19739220547101344,0.17017625793103378,0.04555918597145684,0.5379534089580374,6,"1000,1001,1002,1003,1004,1005",77000,200,True
even-palindrome,controls,loss,random,67800,0.2045140032996067,0.10690780852776599,0.09647374615484977,0.3928129057228034,6,"1000,1001,1002,1003,1004,1005",77000,200,True
even-palindrome,controls,loss,random,68000,0.16516808236536257,0.11421897736151167,0.005654860472297969,0.341143391086016,6,"1000,1001,1002,1003,1004,1005",77000,200,True
even-palindrome,controls,loss,random,68200,0.16454261863242087,0.07220141024647132,0.07802545215190264,0.30804164178391147,6,"1000,1001,1002,1003,1004,1005",77000,200,True
even-palindrome,controls,loss,random,68400,0.18286408453652822,0.08842638786547175,0.008710998179786884,0.30056907096909524,6,"1000,1001,1002,1003,1004,1005",77000,200,True
even-palindrome,controls,loss,random,68600,0.15526748755438588,0.09466284574875031,0.012223031372275414,0.30352995612710404,6,"1000,1001,1002,1003,1004,1005",77000,200,True
even-palindrome,controls,loss,random,68800,0.13226976848455665,0.08373359817848383,0.00010046705654602306,0.23616554517215263,6,"1000,1001,1002,1003,1004,1005",77000,200,True
even-palindrome,controls,loss,random,69000,0.1644666357031119,0.08367877588662109,0.05311319514384707,0.2765186355257558,6,"1000,1001,1002,1003,1004,1005",77000,200,True
even-palindrome,controls,loss,random,69200,0.16633170121934046,0.09076773361815083,0.022496614370146092,0.294653985985733,6,"1000,1001,1002,1003,1004,1005",77000,200,True
even-palindrome,controls,loss,random,69400,0.21751249645125934,0.1097449932494859,0.06548100594293117,0.43093550319039425,6,"1000,1001,1002,1003,1004,1005",77000,200,True
even-palindrome,controls,loss,random,69600,0.18587322446069945,0.11735170084533238,0.05830611777813552,0.4316493641077113,6,"1000,1001,1002,1003,1004,1005",77000,200,True
even-palindrome,controls,loss,random,69800,0.17535579535352133,0.0908336278934892,0.10626117309305869,0.3662106191861676,6,"1000,1001,1002,1003,1004,1005",77000,200,True
even-palindrome,controls,loss,random,70000,0.13822187201136457,0.10213266279298645,0.03551209633702342,0.32433806976332563,6,"1000,1001,1002,1003,1004,1005",77000,200,True
even-palindrome,controls,loss,random,70200,0.15096041962557652,0.0727905609223721,0.048533948237577534,0.2825893173266741,6,"1000,1001,1002,1003,1004,1005",77000,200,True
even-palindrome,controls,loss,random,70400,0.1900225957293357,0.07486728504400343,0.055594335294906046,0.3097916029872977,6,"1000,1001,1002,1003,1004,1005",77000,200,True
even-palindrome,controls,loss,random,70600,0.14345656250364283,0.06636569854627171,0.05717883104694977,0.24257716112532762,6,"1000,1001,1002,1003,1004,1005",77000,200,True
even-palindrome,controls,loss,random,70800,0.16258811949689328,0.11453732902803468,0.019479869344406778,0.3846481691655845,6,"1000,1001,1002,1003,1004,1005",77000,200,True
even-palindrome,controls,loss,random,71000,0.153144914242622,0.10941210031574349,0.02238218988837616,0.3765380019276563,6,"1000,1001,1002,1003,1004,1005",77000,200,True
even-palindrome,controls,loss,random,71200,0.13402574384968927,0.0669489534600719,0.054133333997629055,0.23373195665941238,6,"1000,1001,1002,1003,1004,1005",77000,200,True
even-palindrome,controls,loss,random,71400,0.12261829835042719,0.07330926679604188,0.016058982260387326,0.2425197909169947,6,"1000,1001,1002,1003,1004,1005",77000,200,True
even-palindrome,controls,loss,random,71600,0.16249101930252968,0.06431034632441708,0.05116803509243084,0.2674004495579356,6,"1000,1001,1002,1003,1004,1005",77000,200,True
even-palindrome,controls,loss,random,71800,0.10587079083567667,0.06752409175306133,0.048213529766595965,0.24483295421887305,6,"1000,1001,1002,1003,1004,1005",77000,200,True
even-palindrome,controls,loss,random,72000,0.18660383817660361,0.09575711147280015,0.060746826793766445,0.3304490768764299,6,"1000,1001,1002,1003,1004,1005",77000,200,True
even-palindrome,controls,loss,random,72200,0.1738531940028465,0.08585914512902475,0.047602682736702914,0.2917190060588382,6,"1000,1001,1002,1003,1004,1005",77000,200,True
even-palindrome,controls,loss,random,72400,0.15023086779987796,0.08787767999965726,0.0182799045409104,0.2670758952551951,6,"1000,1001,1002,1003,1004,1005",77000,200,True
even-palindrome,controls,loss,random,72600,0.1810045240272975,0.0827811256965844,0.09856845719960404,0.326295627772879,6,"1000,1001,1002,1003,1004,1005",77000,200,True
even-palindrome,controls,loss,random,72800,0.16836739851221308,0.09254025279217175,0.030379611985367348,0.29373250743194146,6,"1000,1001,1002,1003,1004,1005",77000,200,True
even-palindrome,controls,loss,random,73000,0.13280060118265394,0.08352238538461718,0.027252762103233862,0.2791918265823097,6,"1000,1001,1002,1003,1004,1005",77000,200,True
even-palindrome,controls,loss,random,73200,0.1630169420501221,0.06778928485920802,0.07599219555923355,0.28595803252875157,6,"1000,1001,1002,1003,1004,1005",77000,200,True
even-palindrome,controls,loss,random,73400,0.13703215675508654,0.09102587132068797,0.013609449574919807,0.296473696611497,6,"1000,1001,1002,1003,1004,1005",77000,200,True
even-palindrome,controls,loss,random,73600,0.12950388005186278,0.09692152254200666,0.01353368145881781,0.2949969674912666,6,"1000,1001,1002,1003,1004,1005",77000,200,True
even-palindrome,controls,loss,random,73800,0.150765627323358,0.06813163775162379,0.0499246424881187,0.27295630452780645,6,"1000,1001,1002,1003,1004,1005",77000,200,True
even-palindrome,controls,loss,random,74000,0.11068688261278815,0.05617539481311715,0.06044551829814083,0.22545966554169353,6,"1000,1001,1002,1003,1004,1005",77000,200,True
even-palindrome,controls,loss,random,74200,0.1234311260579382,0.0759813761834703,0.014217005266220398,0.21409948041673124,6,"1000,1001,1002,1003,1004,1005",77000,200,True
even-palindrome,controls,loss,random,74400,0.14976179413483628,0.06558743583056922,0.08205292854405101,0.2753570467750501,6,"1000,1001,1002,1003,1004,1005",77000,200,True
even-palindrome,controls,loss,random,74600,0.12019405230581548,0.0881637507391103,0.0005664088020154878,0.24837415009114922,6,"1000,1001,1002,1003,1004,1005",77000,200,True
even-palindrome,controls,loss,random,74800,0.10131736559525471,0.0665992710324101,0.03864092212030869,0.24183151824050014,6,"1000,1001,1002,1003,1004,1005",77000,200,True
even-palindrome,controls,loss,random,75000,0.1115389827295805,0.08924850251734252,0.0004815515044785457,0.2956706629122391,6,"1000,1001,1002,1003,1004,1005",77000,200,True
even-palindrome,controls,loss,random,75200,0.1407885043646918,0.07089126142414343,0.047390281302689276,0.2597662511895305,6,"1000,1001,1002,1003,1004,1005",77000,200,True
even-palindrome,controls,loss,random,75400,0.11104435046349292,0.06613007392585503,0.039574678865084964,0.2402126354506481,6,"1000,1001,1002,1003,1004,1005",77000,200,True
even-palindrome,controls,loss,random,75600,0.16792057255220774,0.11104301401961605,0.038546393824245226,0.31671525498662917,6,"1000,1001,1002,1003,1004,1005",77000,200,True
even-palindrome,controls,loss,random,75800,0.13385075689074566,0.0514621966561235,0.08589704474743076,0.23185360280191958,6,"1000,1001,1002,1003,1004,1005",77000,200,True
even-palindrome,controls,loss,random,76000,0.15413413113807062,0.10325024394424027,0.029705177726566844,0.32566884608768104,6,"1000,1001,1002,1003,1004,1005",77000,200,True
even-palindrome,controls,loss,random,76200,0.1553502914012204,0.10123950009109105,0.03067669526970791,0.32227680572089734,6,"1000,1001,1002,1003,1004,1005",77000,200,True
even-palindrome,controls,loss,random,76400,0.13381813553218724,0.08310537865288228,0.03216941284001677,0.26049624880822764,6,"1000,1001,1002,1003,1004,1005",77000,200,True
even-palindrome,controls,loss,random,76600,0.11013017712757352,0.08377377047064494,4.8266558788370164e-05,0.26527071999153534,6,"1000,1001,1002,1003,1004,1005",77000,200,True
even-palindrome,controls,loss,random,76800,0.12369434556717608,0.08398365295582752,0.010864110968324176,0.25262375734489795,6,"1000,1001,1002,1003,1004,1005",77000,200,True
even-palindrome,controls,loss,random,77000,0.10144822194105528,0.07975394542335273,0.003788944252541313,0.2487813245007172,6,"1000,1001,1002,1003,1004,1005",77000,200,True
even-palindrome,controls,loss,wrong,200,0.7034135866413513,0.002790187975099063,0.6988600471615791,0.7072142221033573,6,"1000,1001,1002,1003,1004,1005",77000,200,True
even-palindrome,controls,loss,wrong,400,0.7009807893137138,0.0045778679302184615,0.6957635861635209,0.7094240027666092,6,"1000,1001,1002,1003,1004,1005",77000,200,True
even-palindrome,controls,loss,wrong,600,0.6996851454054317,0.0057262132674139625,0.6894682624936104,0.7076762919872999,6,"1000,1001,1002,1003,1004,1005",77000,200,True
even-palindrome,controls,loss,wrong,800,0.6993403569857279,0.005128721656308218,0.6916173045337201,0.7073003333806992,6,"1000,1001,1002,1003,1004,1005",77000,200,True
even-palindrome,controls,loss,wrong,1000,0.6929226120188833,0.010321954606584926,0.6761624657362699,0.70503110319376,6,"1000,1001,1002,1003,1004,1005",77000,200,True
even-palindrome,controls,loss,wrong,1200,0.6987847152228156,0.007073061282924549,0.6918273793160915,0.7098895007371903,6,"1000,1001,1002,1003,1004,1005",77000,200,True
even-palindrome,controls,loss,wrong,1400,0.6980774427205324,0.005388724206028305,0.6899306009709835,0.7070485502481461,6,"1000,1001,1002,1003,1004,1005",77000,200,True
even-palindrome,controls,loss,wrong,1600,0.6971449855466684,0.0059495435782722155,0.6868508283793926,0.7053616507351399,6,"1000,1001,1002,1003,1004,1005",77000,200,True
even-palindrome,controls,loss,wrong,1800,0.6843634498367707,0.008500872232415673,0.6726658365130425,0.6987697145342827,6,"1000,1001,1002,1003,1004,1005",77000,200,True
even-palindrome,controls,loss,wrong,2000,0.6820819403231143,0.01723152257293908,0.6456163897365331,0.6983884549140931,6,"1000,1001,1002,1003,1004,1005",77000,200,True
even-palindrome,controls,loss,wrong,2200,0.6721939570518832,0.011850171416890376,0.6515321890637279,0.6903609849512578,6,"1000,1001,1002,1003,1004,1005",77000,200,True
even-palindrome,controls,loss,wrong,2400,0.6592078013004113,0.01641533842321517,0.629748514778912,0.682152542322874,6,"1000,1001,1002,1003,1004,1005",77000,200,True
even-palindrome,controls,loss,wrong,2600,0.6517005493491889,0.024157679977688782,0.6134013461135328,0.6778814944624901,6,"1000,1001,1002,1003,1004,1005",77000,200,True
even-palindrome,controls,loss,wrong,2800,0.6348698467233529,0.01876765917481751,0.6036211377009749,0.6547769420593977,6,"1000,1001,1002,1003,1004,1005",77000,200,True
even-palindrome,controls,loss,wrong,3000,0.6333863203600049,0.01102438326191188,0.616612948179245,0.65251095212996,6,"1000,1001,1002,1003,1004,1005",77000,200,True
even-palindrome,controls,loss,wrong,3200,0.6437001071684062,0.019209711530809016,0.6091302688233554,0.663113530408591,6,"1000,1001,1002,1003,1004,1005",77000,200,True
even-palindrome,controls,loss,wrong,3400,0.6204227219397823,0.014104403862143206,0.5939188794512301,0.6373567487671972,6,"1000,1001,1002,1003,1004,1005",77000,200,True
even-palindrome,controls,loss,wrong,3600,0.6287048553046771,0.025067170569318294,0.59972876355052,0.6638885328732431,6,"1000,1001,1002,1003,1004,1005",77000,200,True
even-palindrome,controls,loss,wrong,3800,0.6432011829782277,0.030955607958797746,0.618074792213738,0.7062339633749798,6,"1000,1001,1002,1003,1004,1005",77000,200,True
even-palindrome,controls,loss,wrong,4000,0.617248369678855,0.024555223731376294,0.58686464660801,0.6584372183587403,6,"1000,1001,1002,1003,1004,1005",77000,200,True
even-palindrome,controls,loss,wrong,4200,0.6207434746165139,0.031017825881787052,0.5718699394864961,0.6772087303549051,6,"1000,1001,1002,1003,1004,1005",77000,200,True
even-palindrome,controls,loss,wrong,4400,0.6300033665906327,0.022913128428517303,0.59800754242111,0.6625105348136276,6,"1000,1001,1002,1003,1004,1005",77000,200,True
even-palindrome,controls,loss,wrong,4600,0.6161876315809786,0.021188367572971444,0.581593004912138,0.6514890808146447,6,"1000,1001,1002,1003,1004,1005",77000,200,True
even-palindrome,controls,loss,wrong,4800,0.6223929958666365,0.021294899503498402,0.5972318136086687,0.6524301361711696,6,"1000,1001,1002,1003,1004,1005",77000,200,True
even-palindrome,controls,loss,wrong,5000,0.5996084179954293,0.017745377719862763,0.5781765731098131,0.6318430881714449,6,"1000,1001,1002,1003,1004,1005",77000,200,True
even-palindrome,controls,loss,wrong,5200,0.6179475881330049,0.03165451807785265,0.5707854638528079,0.6632856796495616,6,"1000,1001,1002,1003,1004,1005",77000,200,True
even-palindrome,controls,loss,wrong,5400,0.6129439465492031,0.0513329498195262,0.5678398043988273,0.7197339418902993,6,"1000,1001,1002,1003,1004,1005",77000,200,True
even-palindrome,controls,loss,wrong,5600,0.6089571075316053,0.03222380937137579,0.5699127655825578,0.6748555522412062,6,"1000,1001,1002,1003,1004,1005",77000,200,True
even-palindrome,controls,loss,wrong,5800,0.5745093573800599,0.045650053037636334,0.5092501912871376,0.634564519347623,6,"1000,1001,1002,1003,1004,1005",77000,200,True
even-palindrome,controls,loss,wrong,6000,0.5996086915842412,0.05796013150879961,0.5385900159226731,0.6898997524846345,6,"1000,1001,1002,1003,1004,1005",77000,200,True
even-palindrome,controls,loss,wrong,6200,0.604136139114465,0.01893330445968376,0.5857047845330089,0.6362710115499794,6,"1000,1001,1002,1003,1004,1005",77000,200,True
even-palindrome,controls,loss,wrong,6400,0.5911009103692292,0.022066587374654636,0.5629699888871983,0.6308843814115971,6,"1000,1001,1002,1003,1004,1005",77000,200,True
even-palindrome,controls,loss,wrong,6600,0.5874096457276027,0.03004318686424928,0.5461394719220698,0.6304486856656148,6,"1000,1001,1002,1003,1004,1005",77000,200,True
even-palindrome,controls,loss,wrong,6800,0.5782806937994125,0.04198442348950381,0.5035657097422518,0.6275754890032113,6,"1000,1001,1002,1003,1004,1005",77000,200,True
even-palindrome,controls,loss,wrong,7000,0.6011934626329457,0.07723834144615087,0.5344147060229443,0.7683787271426991,6,"1000,1001,1002,1003,1004,1005",77000,200,True
even-palindrome,controls,loss,wrong,7200,0.5918224583663202,0.023127322325136566,0.5472024802095257,0.6183730162819847,6,"1000,1001,1002,1003,1004,1005",77000,200,True
even-palindrome,controls,loss,wrong,7400,0.5759246222182022,0.04189358944781747,0.515483325633686,0.6280266655911692,6,"1000,1001,1002,1003,1004,1005",77000,200,True
even-palindrome,controls,loss,wrong,7600,0.5471351878958134,0.0530922609043059,0.4582256904477254,0.6126197424647398,6,"1000,1001,1002,1003,1004,1005",77000,200,True
even-palindrome,controls,loss,wrong,7800,0.5740997007489205,0.04459090118529628,0.5118999012629502,0.6301185871823691,6,"1000,1001,1002,1003,1004,1005",77000,200,True
even-palindrome,controls,loss,wrong,8000,0.5452828877826686,0.03857144382302436,0.48404980982653795,0.5907237821258604,6,"1000,1001,1002,1003,1004,1005",77000,200,True
even-palindrome,controls,loss,wrong,8200,0.5594394098445385,0.042754269349796425,0.5251282195944804,0.6492392720468342,6,"1000,1001,1002,1003,1004,1005",77000,200,True
even-palindrome,controls,loss,wrong,8400,0.5543013419187628,0.03976260161758334,0.4894585323601495,0.621842468935065,6,"1000,1001,1002,1003,1004,1005",77000,200,True
even-palindrome,controls,loss,wrong,8600,0.587291022419037,0.03576590206155408,0.5207286033337004,0.626170065277256,6,"1000,1001,1002,1003,1004,1005",77000,200,True
even-palindrome,controls,loss,wrong,8800,0.5543957253912716,0.0708782733468195,0.4327505059054238,0.6625517530133948,6,"1000,1001,1002,1003,1004,1005",77000,200,True
even-palindrome,controls,loss,wrong,9000,0.5560695730504813,0.04251450337207015,0.5082254946441389,0.6259339868207462,6,"1000,1001,1002,1003,1004,1005",77000,200,True
even-palindrome,controls,loss,wrong,9200,0.5605170542187018,0.03670628078180852,0.4987672520882916,0.6139746199920774,6,"1000,1001,1002,1003,1004,1005",77000,200,True
even-palindrome,controls,loss,wrong,9400,0.5389945374326391,0.041800261782610953,0.4543366774613969,0.5725702515954617,6,"1000,1001,1002,1003,1004,1005",77000,200,True
even-palindrome,controls,loss,wrong,9600,0.5513511782381102,0.037526876007724426,0.5044108401366976,0.6157969711348414,6,"1000,1001,1002,1003,1004,1005",77000,200,True
even-palindrome,controls,loss,wrong,9800,0.5479511167182742,0.04606205178102124,0.48797109456383625,0.6343683244800196,6,"1000,1001,1002,1003,1004,1005",77000,200,True
even-palindrome,controls,loss,wrong,10000,0.5716862320889292,0.038275690632810756,0.5287324202375021,0.6204393200250342,6,"1000,1001,1002,1003,1004,1005",77000,200,True
even-palindrome,controls,loss,wrong,10200,0.5299280772880107,0.02425165524560994,0.4969692681520246,0.5639908002293669,6,"1000,1001,1002,1003,1004,1005",77000,200,True
even-palindrome,controls,loss,wrong,10400,0.5317629396767005,0.04318962835840172,0.44859390015772077,0.5769154581311159,6,"1000,1001,1002,1003,1004,1005",77000,200,True
even-palindrome,controls,loss,wrong,10600,0.556893861387022,0.03041736763610616,0.5019662927294849,0.5860054926830344,6,"1000,1001,1002,1003,1004,1005",77000,200,True
even-palindrome,controls,loss,wrong,10800,0.5326087212580993,0.030015901469957078,0.4936468446161598,0.5871354583179346,6,"1000,1001,1002,1003,1004,1005",77000,200,True
even-palindrome,controls,loss,wrong,11000,0.5284171073362814,0.03083091672969915,0.4850070512649836,0.572963350052014,6,"1000,1001,1002,1003,1004,1005",77000,200,True
even-palindrome,controls,loss,wrong,11200,0.5157253797596787,0.028716045881184586,0.4725969557510689,0.5569975858111866,6,"1000,1001,1002,1003,1004,1005",77000,200,True
even-palindrome,controls,loss,wrong,11400,0.5201138541069424,0.035770733012452954,0.4429473094677087,0.5449938373395707,6,"1000,1001,1002,1003,1004,1005",77000,200,True
even-palindrome,controls,loss,wrong,11600,0.5465518091174696,0.04949305821400763,0.47971583770005966,0.6279694903234485,6,"1000,1001,1002,1003,1004,1005",77000,200,True
even-palindrome,controls,loss,wrong,11800,0.5302725141022044,0.04726569864391676,0.4601984528871253,0.5946550462883897,6,"1000,1001,1002,1003,1004,1005",77000,200,True
even-palindrome,controls,loss,wrong,12000,0.4973480657228113,0.03631894744705579,0.468698429124197,0.5605440984887536,6,"1000,1001,1002,1003,1004,1005",77000,200,True
even-palindrome,controls,loss,wrong,12200,0.5255662388432151,0.05307408962879529,0.44137144424021246,0.6046485377673525,6,"1000,1001,1002,1003,1004,1005",77000,200,True
even-palindrome,controls,loss,wrong,12400,0.49814714480889966,0.059792874349970056,0.3938723138126079,0.5740784530586097,6,"1000,1001,1002,1003,1004,1005",77000,200,True
even-palindrome,controls,loss,wrong,12600,0.4951779753278242,0.03813128356745721,0.4354068452247884,0.5484737911843695,6,"1000,1001,1002,1003,1004,1005",77000,200,True
even-palindrome,controls,loss,wrong,12800,0.5146102291514884,0.04829159063650513,0.4439652119905804,0.5932206110289553,6,"1000,1001,1002,1003,1004,1005",77000,200,True
even-palindrome,controls,loss,wrong,13000,0.5058957435112098,0.036847189540228156,0.4563327340770047,0.5596558139717672,6,"1000,1001,1002,1003,1004,1005",77000,200,True
even-palindrome,controls,loss,wrong,13200,0.5227933458743306,0.038517330603014446,0.4724831185711082,0.5865219569182955,6,"1000,1001,1002,1003,1004,1005",77000,200,True
even-palindrome,controls,loss,wrong,13400,0.5519287715675697,0.09787487718747143,0.48195272524782923,0.7647357061394723,6,"1000,1001,1002,1003,1004,1005",77000,200,True
even-palindrome,controls,loss,wrong,13600,0.5015550076259144,0.03158268635214432,0.4405363090179162,0.5473542120866477,6,"1000,1001,1002,1003,1004,1005",77000,200,True
even-palindrome,controls,loss,wrong,13800,0.4995092723511334,0.05729294522701839,0.3792222618297092,0.5517897618946154,6,"1000,1001,1002,1003,1004,1005",77000,200,True
even-palindrome,controls,loss,wrong,14000,0.5101393273433011,0.03795155972354933,0.4728135558008216,0.5665422151330859,6,"1000,1001,1002,1003,1004,1005",77000,200,True
even-palindrome,controls,loss,wrong,14200,0.5292689105306151,0.07743974342491196,0.4171731991932029,0.6738612262229435,6,"1000,1001,1002,1003,1004,1005",77000,200,True
even-palindrome,controls,loss,wrong,14400,0.5016609866485912,0.03766148097594228,0.45413146948150823,0.5533288931666175,6,"1000,1001,1002,1003,1004,1005",77000,200,True
even-palindrome,controls,loss,wrong,14600,0.4998641330550891,0.05901856499081653,0.4483285751374206,0.6222332532948349,6,"1000,1001,1002,1003,1004,1005",77000,200,True
even-palindrome,controls,loss,wrong,14800,0.49376284929099107,0.04021679661256935,0.43177223651407987,0.5435479591385228,6,"1000,1001,1002,1003,1004,1005",77000,200,True
even-palindrome,controls,loss,wrong,15000,0.43892055208654096,0.058202004793960656,0.380026325150975,0.5183709675099817,6,"1000,1001,1002,1003,1004,1005",77000,200,True
even-palindrome,controls,loss,wrong,15200,0.47871968643099533,0.050374503110979074,0.4014175584493205,0.5629043917075615,6,"1000,1001,1002,1003,1004,1005",77000,200,True
even-palindrome,controls,loss,wrong,15400,0.4858430371891882,0.04971334396018066,0.42226370348827913,0.5768970489420462,6,"1000,1001,1002,1003,1004,1005",77000,200,True
even-palindrome,controls,loss,wrong,15600,0.467716276239953,0.06895120484529381,0.34206552183284655,0.5475394124601735,6,"1000,1001,1002,1003,1004,1005",77000,200,True
even-palindrome,controls,loss,wrong,15800,0.4248649628861069,0.04927822830855608,0.33215086245530984,0.48381410265457814,6,"1000,1001,1002,1003,1004,1005",77000,200,True
even-palindrome,controls,loss,wrong,16000,0.5229424856200057,0.08143468020441502,0.4222562831122195,0.6387899549887516,6,"1000,1001,1002,1003,1004,1005",77000,200,True
even-palindrome,controls,loss,wrong,16200,0.4529553595604375,0.07833268039770382,0.3478019758031587,0.5408638514654013,6,"1000,1001,1002,1003,1004,1005",77000,200,True
even-palindrome,controls,loss,wrong,16400,0.4733345565723721,0.07436957584606119,0.36449096214870225,0.5783222534682136,6,"1000,1001,1002,1003,1004,1005",77000,200,True
even-palindrome,controls,loss,wrong,16600,0.5008864051864416,0.1343414179202767,0.3076471408874204,0.7418226248479914,6,"1000,1001,1002,1003,1004,1005",77000,200,True
even-palindrome,controls,loss,wrong,16800,0.4748889222881553,0.07075357140446015,0.36426470655816956,0.5641331441979855,6,"1000,1001,1002,1003,1004,1005",77000,200,True
even-palindrome,controls,loss,wrong,17000,0.4965751201436069,0.05702567759752361,0.39179383990616773,0.5477627641618892,6,"1000,1001,1002,1003,1004,1005",77000,200,True
even-palindrome,controls,loss,wrong,17200,0.4710624052854837,0.07759406281197936,0.37034424625890094,0.5961816089763307,6,"1000,1001,1002,1003,1004,1005",77000,200,True
even-palindrome,controls,loss,wrong,17400,0.49372409864935135,0.0769478708365508,0.34137872326537033,0.581389936543419,6,"1000,1001,1002,1003,1004,1005",77000,200,True
even-palindrome,controls,loss,wrong,17600,0.4381016604926844,0.07669706094836393,0.32653417157009246,0.5447153367957799,6,"1000,1001,1002,1003,1004,1005",77000,200,True
even-palindrome,controls,loss,wrong,17800,0.4611481469756351,0.08623188510411464,0.3258587734294997,0.5577597260857874,6,"1000,1001,1002,1003,1004,1005",77000,200,True
even-palindrome,controls,loss,wrong,18000,0.4761741677024838,0.0467968362630143,0.4014637342518836,0.5302812851598719,6,"1000,1001,1002,1003,1004,1005",77000,200,True
even-palindrome,controls,loss,wrong,18200,0.46735574072624636,0.09344535651686851,0.31164950405829583,0.6293748640530975,6,"1000,1001,1002,1003,1004,1005",77000,200,True
even-palindrome,controls,loss,wrong,18400,0.44607394720347654,0.05512239647028698,0.35502385434432654,0.5174186938186176,6,"1000,1001,1002,1003,1004,1005",77000,200,True
even-palindrome,controls,loss,wrong,18600,0.4148140675420533,0.08948006248854126,0.29663073796429673,0.5735266023495933,6,"1000,1001,1002,1003,1004,1005",77000,200,True
even-palindrome,controls,loss,wrong,18800,0.4206304543489144,0.08332034773407578,0.2824587386570056,0.5442089069745271,6,"1000,1001,1002,1003,1004,1005",77000,200,True
even-palindrome,controls,loss,wrong,19000,0.44543869169801226,0.07863908076777974,0.32936405986678435,0.5640176014153986,6,"1000,1001,1002,1003,1004,1005",77000,200,True
even-palindrome,controls,loss,wrong,19200,0.4373491209400284,0.07565157745772376,0.317799593982927,0.5617886340586119,6,"1000,1001,1002,1003,1004,1005",77000,200,True
even-palindrome,controls,loss,wrong,19400,0.38954178617996754,0.08175587857522264,0.2580565533103072,0.49549766001291573,6,"1000,1001,1002,1003,1004,1005",77000,200,True
even-palindrome,controls,loss,wrong,19600,0.42077925306575104,0.11381821254299779,0.29206375957932323,0.6409732290568354,6,"1000,1001,1002,1003,1004,1005",77000,200,True
even-palindrome,controls,loss,wrong,19800,0.4242332341247917,0.07941088194490598,0.29099579872054165,0.5499019336616038,6,"1000,1001,1002,1003,1004,1005",77000,200,True
even-palindrome,controls,loss,wrong,20000,0.38970221898449386,0.11305387728248378,0.22990412575978553,0.5007242546656926,6,"1000,1001,1002,1003,1004,1005",77000,200,True
even-palindrome,controls,loss,wrong,20200,0.44406161119595106,0.08420605922389936,0.32006647645204794,0.5642630297702271,6,"1000,1001,1002,1003,1004,1005",77000,200,True
even-palindrome,controls,loss,wrong,20400,0.40063235153200977,0.11322159195816398,0.23464264853450004,0.5144961465234519,6,"1000,1001,1002,1003,1004,1005",77000,200,True
even-palindrome,controls,loss,wrong,20600,0.3836508846284536,0.0925095907069945,0.20808222079271219,0.4637029422611522,6,"1000,1001,1002,1003,1004,1005",77000,200,True
even-palindrome,controls,loss,wrong,20800,0.39783108527790323,0.055492852375469116,0.32306025005214906,0.4655560773663456,6,"1000,1001,1002,1003,1004,1005",77000,200,True
even-palindrome,controls,loss,wrong,21000,0.38222796677811255,0.10230332759127488,0.2586720639594205,0.5461369152122643,6,"1000,1001,1002,1003,1004,1005",77000,200,True
even-palindrome,controls,loss,wrong,21200,0.3904966076626321,0.06524494845683047,0.30490395324621206,0.49735423612903107,6,"1000,1001,1002,1003,1004,1005",77000,200,True
even-palindrome,controls,loss,wrong,21400,0.38571293533064815,0.09636106416539393,0.23799484250179376,0.5053350054312614,6,"1000,1001,1002,1003,1004,1005",77000,200,True
even-palindrome,controls,loss,wrong,21600,0.3587120061638112,0.07026197833691508,0.25712575125624426,0.44687732460006374,6,"1000,1001,1002,1003,1004,1005",77000,200,True
even-palindrome,controls,loss,wrong,21800,0.36347773456915705,0.0956455999815141,0.19488322328339563,0.4642644608221599,6,"1000,1001,1002,1003,1004,1005",77000,200,True
even-palindrome,controls,loss,wrong,22000,0.3491563775959791,0.06488990808002017,0.23885282688119333,0.4151173986820504,6,"1000,1001,1002,1003,1004,1005",77000,200,True
even-palindrome,controls,loss,wrong,22200,0.31712165170623247,0.08557659291905287,0.17302847014099826,0.42296481557335935,6,"1000,1001,1002,1003,1004,1005",77000,200,True
even-palindrome,controls,loss,wrong,22400,0.38100799291679627,0.11045676945074831,0.18204867986598403,0.5593731459756964,6,"1000,1001,1002,1003,1004,1005",77000,200,True
even-palindrome,controls,loss,wrong,22600,0.33759689120772235,0.11627297783599895,0.20609078417823185,0.5121670312476635,6,"1000,1001,1002,1003,1004,1005",77000,200,True
even-palindrome,controls,loss,wrong,22800,0.3476719748967783,0.047845079065794285,0.262416057374212,0.40498379518976435,6,"1000,1001,1002,1003,1004,1005",77000,200,True
even-palindrome,controls,loss,wrong,23000,0.3211360731158008,0.12287260263298679,0.14712893829040696,0.504481293312565,6,"1000,1001,1002,1003,1004,1005",77000,200,True
even-palindrome,controls,loss,wrong,23200,0.35795743175562467,0.08686333690680403,0.23654565112898127,0.4798893414059421,6,"1000,1001,1002,1003,1004,1005",77000,200,True
even-palindrome,controls,loss,wrong,23400,0.33079189891600735,0.11119873149430858,0.18888566444875324,0.47786643615036156,6,"1000,1001,1002,1003,1004,1005",77000,200,True
even-palindrome,controls,loss,wrong,23600,0.3206844491413782,0.12649992824214779,0.13065621539404673,0.467654775701958,6,"1000,1001,1002,1003,1004,1005",77000,200,True
even-palindrome,controls,loss,wrong,23800,0.318066725206736,0.14752014863660187,0.16841230030775478,0.5672636992429034,6,"1000,1001,1002,1003,1004,1005",77000,200,True
even-palindrome,controls,loss,wrong,24000,0.3052417370232433,0.14749304406528027,0.07771587479728623,0.557352347701526,6,"1000,1001,1002,1003,1004,1005",77000,200,True
even-palindrome,controls,loss,wrong,24200,0.35161115273307586,0.14928192588997496,0.17362291638302849,0.6159670932996232,6,"1000,1001,1002,1003,1004,1005",77000,200,True
even-palindrome,controls,loss,wrong,24400,0.30193293598731547,0.1555795683552206,0.0964816437560512,0.5239268984360388,6,"1000,1001,1002,1003,1004,1005",77000,200,True
even-palindrome,controls,loss,wrong,24600,0.30630614977986625,0.09872719084523916,0.1733947178037488,0.47188343050496767,6,"1000,1001,1002,1003,1004,1005",77000,200,True
even-palindrome,controls,loss,wrong,24800,0.27033846403703743,0.1431964828036527,0.05371738901725621,0.4335597667572438,6,"1000,1001,1002,1003,1004,1005",77000,200,True
even-palindrome,controls,loss,wrong,25000,0.27643143172314016,0.13788228112322087,0.08654950661992189,0.48497750957263636,6,"1000,1001,1002,1003,1004,1005",77000,200,True
even-palindrome,controls,loss,wrong,25200,0.2726680705219799,0.11505248585261095,0.09349357018087176,0.4213285456039739,6,"1000,1001,1002,1003,1004,1005",77000,200,True
even-palindrome,controls,loss,wrong,25400,0.32043260298882154,0.17181041376261624,0.06433338354632724,0.5751979394353112,6,"1000,1001,1002,1003,1004,1005",77000,200,True
even-palindrome,controls,loss,wrong,25600,0.3022006136229296,0.12640301702655418,0.101719847326749,0.4775836303111282,6,"1000,1001,1002,1003,1004,1005",77000,200,True
even-palindrome,controls,loss,wrong,25800,0.2656006405945997,0.10150601193848344,0.11188205801714503,0.3835754219442606,6,"1000,1001,1002,1003,1004,1005",77000,200,True
even-palindrome,controls,loss,wrong,26000,0.24320025821758462,0.1181949510362791,0.08998244795939173,0.42405028326582395,6,"1000,1001,1002,1003,1004,1005",77000,200,True
even-palindrome,controls,loss,wrong,26200,0.28313328881866556,0.125003339602079,0.09392329543185042,0.426070668316097,6,"1000,1001,1002,1003,1004,1005",77000,200,True
even-palindrome,controls,loss,wrong,26400,0.23023770308387306,0.09045681547676888,0.08164221219696628,0.3676114733664872,6,"1000,1001,1002,1003,1004,1005",77000,200,True
even-palindrome,controls,loss,wrong,26600,0.25249524421457864,0.13567792523170208,0.047374755188357084,0.44185287172876997,6,"1000,1001,1002,1003,1004,1005",77000,200,True
even-palindrome,controls,loss,wrong,26800,0.22972327313679972,0.10553230719065246,0.053321141319138406,0.3498179761229403,6,"1000,1001,1002,1003,1004,1005",77000,200,True
even-palindrome,controls,loss,wrong,27000,0.2596129251013129,0.11441414462454012,0.12029884579053032,0.44013654039241373,6,"1000,1001,1002,1003,1004,1005",77000,200,True
even-palindrome,controls,loss,wrong,27200,0.19848745127461068,0.11787410885003895,0.039104506222756755,0.41118304827221436,6,"1000,1001,1002,1003,1004,1005",77000,200,True
even-palindrome,controls,loss,wrong,27400,0.20416747233458787,0.0798443548168014,0.10587801824675352,0.28959376057428016,6,"1000,1001,1002,1003,1004,1005",77000,200,True
even-palindrome,controls,loss,wrong,27600,0.22189829597893249,0.07978485010545547,0.09497835155068969,0.2999595810968458,6,"1000,1001,1002,1003,1004,1005",77000,200,True
even-palindrome,controls,loss,wrong,27800,0.23714631473828376,0.1503924899940615,0.04759472859841481,0.529457819553063,6,"1000,1001,1002,1003,1004,1005",77000,200,True
even-palindrome,controls,loss,wrong,28000,0.22100419877104893,0.11156662383533256,0.07157642967973515,0.4284277632577141,6,"1000,1001,1002,1003,1004,1005",77000,200,True
even-palindrome,controls,loss,wrong,28200,0.23068204217642233,0.07761954683482825,0.14883315257538926,0.3639671281831397,6,"1000,1001,1002,1003,1004,1005",77000,200,True
even-palindrome,controls,loss,wrong,28400,0.23062476073201046,0.09575766206588918,0.10709973984219687,0.4032099420485611,6,"1000,1001,1002,1003,1004,1005",77000,200,True
even-palindrome,controls,loss,wrong,28600,0.2166624633013271,0.09434489964598874,0.13375122014454974,0.3535508770199522,6,"1000,1001,1002,1003,1004,1005",77000,200,True
even-palindrome,controls,loss,wrong,28800,0.16916451330320345,0.11212130431947416,0.01931853790609239,0.3633873692424095,6,"1000,1001,1002,1003,1004,1005",77000,200,True
even-palindrome,controls,loss,wrong,29000,0.25077673136120365,0.1186358598334322,0.09072236324062942,0.444193350498972,6,"1000,1001,1002,1003,1004,1005",77000,200,True
even-palindrome,controls,loss,wrong,29200,0.18776496973578713,0.15067233583272852,0.009388005375994908,0.4564028057701944,6,"1000,1001,1002,1003,1004,1005",77000,200,True
even-palindrome,controls,loss,wrong,29400,0.25238252810349404,0.11004362054853653,0.10196391724908153,0.39781923236537636,6,"1000,1001,1002,1003,1004,1005",77000,200,True
even-palindrome,controls,loss,wrong,29600,0.1936805429134021,0.1468146139436901,0.022231790240316514,0.45505401628397524,6,"1000,1001,1002,1003,1004,1005",77000,200,True
even-palindrome,controls,loss,wrong,29800,0.2058621809267174,0.08982073802587762,0.121039667423006,0.391964999041229,6,"1000,1001,1002,1003,1004,1005",77000,200,True
even-palindrome,controls,loss,wrong,30000,0.22203398973286922,0.12205228742349625,0.02249331702110794,0.4168337917986355,6,"1000,1001,1002,1003,1004,1005",77000,200,True
even-palindrome,controls,loss,wrong,30200,0.17242847293357802,0.12123071291960158,0.06536643937134613,0.41570188278034037,6,"1000,1001,1002,1003,1004,1005",77000,200,True
even-palindrome,controls,loss,wrong,30400,0.18330976932603182,0.1347660489483151,0.014059252051365547,0.37671868070545317,6,"1000,1001,1002,1003,1004,1005",77000,200,True
even-palindrome,controls,loss,wrong,30600,0.20758527796133952,0.09198979549485367,0.0874130662901689,0.3632542862048285,6,"1000,1001,1002,1003,1004,1005",77000,200,True
even-palindrome,controls,loss,wrong,30800,0.1339724096222494,0.13187169699894613,0.00181766343948766,0.3777210309651855,6,"1000,1001,1002,1003,1004,1005",77000,200,True
even-palindrome,controls,loss,wrong,31000,0.19720903074557025,0.14215079641151168,0.04359579426285109,0.45626298241004404,6,"1000,1001,1002,1003,1004,1005",77000,200,True
even-palindrome,controls,loss,wrong,31200,0.18117285780370287,0.11490207557056187,0.03787912165616945,0.3682107828057815,6,"1000,1001,1002,1003,1004,1005",77000,200,True
even-palindrome,controls,loss,wrong,31400,0.15783966874190733,0.10461456499388815,0.02879566146275465,0.32783755472140913,6,"1000,1001,1002,1003,1004,1005",77000,200,True
even-palindrome,controls,loss,wrong,31600,0.20405831013399714,0.1505891687315745,0.00806296512066524,0.412035379478948,6,"1000,1001,1002,1003,1004,1005",77000,200,True
even-palindrome,controls,loss,wrong,31800,0.21709814362086596,0.12276321024704541,0.06956373913712924,0.36986832224502,6,"1000,1001,1002,1003,1004,1005",77000,200,True
even-palindrome,controls,loss,wrong,32000,0.1727131625812451,0.10614415494868312,0.059153947080540094,0.3313350366029044,6,"1000,1001,1002,1003,1004,1005",77000,200,True
even-palindrome,controls,loss,wrong,32200,0.186424235676672,0.10251322297388119,0.043860712502819296,0.3775722160895384,6,"1000,1001,1002,1003,1004,1005",77000,200,True
even-palindrome,controls,loss,wrong,32400,0.1666074912456304,0.1447503565630602,0.005498168008973608,0.35655945657972554,6,"1000,1001,1002,1003,1004,1005",77000,200,True
even-palindrome,controls,loss,wrong,32600,0.20196341201755366,0.11923734038548302,0.05186125844762501,0.410940806378494,6,"1000,1001,1002,1003,1004,1005",77000,200,True
even-palindrome,controls,loss,wrong,32800,0.16639508913855763,0.13563379024682531,0.003629708608744977,0.4026444052597071,6,"1000,1001,1002,1003,1004,1005",77000,200,True
even-palindrome,controls,loss,wrong,33000,0.15776539642391357,0.11726924781721203,0.019027322310763567,0.3189543448222685,6,"1000,1001,1002,1003,1004,1005",77000,200,True
even-palindrome,controls,loss,wrong,33200,0.2149512453768142,0.11896636848712956,0.0554414934597753,0.38825249274665113,6,"1000,1001,1002,1003,1004,1005",77000,200,True
even-palindrome,controls,loss,wrong,33400,0.14523950830854424,0.09864606782902818,0.039388201732926974,0.26829242818981586,6,"1000,1001,1002,1003,1004,1005",77000,200,True
even-palindrome,controls,loss,wrong,33600,0.1578423411374225,0.10127409239437711,0.035934336811678805,0.30762795064994863,6,"1000,1001,1002,1003,1004,1005",77000,200,True
even-palindrome,controls,loss,wrong,33800,0.14017709419140298,0.08527363274186768,0.03807746646907617,0.24367259576701145,6,"1000,1001,1002,1003,1004,1005",77000,200,True
even-palindrome,controls,loss,wrong,34000,0.17050900408484948,0.11245942013231655,0.000343179748165312,0.35540076998886433,6,"1000,1001,1002,1003,1004,1005",77000,200,True
even-palindrome,controls,loss,wrong,34200,0.155284235599298,0.10870911942652373,0.022719054821257034,0.3259210954757873,6,"1000,1001,1002,1003,1004,1005",77000,200,True
even-palindrome,controls,loss,wrong,34400,0.13587913396506235,0.09946305777698694,0.004073475851459989,0.3097919614201237,6,"1000,1001,1002,1003,1004,1005",77000,200,True
even-palindrome,controls,loss,wrong,34600,0.12839589135640506,0.12482417508823333,0.0008943008081365633,0.3779185317608062,6,"1000,1001,1002,1003,1004,1005",77000,200,True
even-palindrome,controls,loss,wrong,34800,0.1873725205809338,0.14307566202454794,0.004835537573144393,0.40420526114881794,6,"1000,1001,1002,1003,1004,1005",77000,200,True
even-palindrome,controls,loss,wrong,35000,0.13236242274746388,0.09806492013166561,0.00029356819804434055,0.2734851940469889,6,"1000,1001,1002,1003,1004,1005",77000,200,True
even-palindrome,controls,loss,wrong,35200,0.11867495899244157,0.08106545286714437,0.0076867404535568085,0.24041584130528462,6,"1000,1001,1002,1003,1004,1005",77000,200,True
even-palindrome,controls,loss,wrong,35400,0.16653819319118454,0.07661382538356802,0.03876475865951022,0.2427572712825713,6,"1000,1001,1002,1003,1004,1005",77000,200,True
even-palindrome,controls,loss,wrong,35600,0.16829202723939385,0.11143310136274305,0.00779450501315921,0.3154004417976739,6,"1000,1001,1002,1003,1004,1005",77000,200,True
even-palindrome,controls,loss,wrong,35800,0.15857836497823738,0.09671186720373931,0.04561144788964157,0.3097767916330849,6,"1000,1001,1002,1003,1004,1005",77000,200,True
even-palindrome,controls,loss,wrong,36000,0.14248643602700176,0.10641036069850884,0.003828619073748314,0.2979160416171362,6,"1000,1001,1002,1003,1004,1005",77000,200,True
even-palindrome,controls,loss,wrong,36200,0.13729787978677135,0.10364017342432257,0.00042875230528352406,0.2980060614762624,6,"1000,1001,1002,1003,1004,1005",77000,200,True
even-palindrome,controls,loss,wrong,36400,0.13285713357259255,0.10792477679109477,0.02541630070579515,0.33034721096373687,6,"1000,1001,1002,1003,1004,1005",77000,200,True
even-palindrome,controls,loss,wrong,36600,0.15282446425820576,0.1056852795660563,0.00022089832424342147,0.28366660789598425,6,"1000,1001,1002,1003,1004,1005",77000,200,True
even-palindrome,controls,loss,wrong,36800,0.11390620200823409,0.09126075044546962,0.00015964651132605923,0.21249880510637012,6,"1000,1001,1002,1003,1004,1005",77000,200,True
even-palindrome,controls,loss,wrong,37000,0.14302968340013955,0.07630164436624094,0.001717799498195518,0.24399721903211088,6,"1000,1001,1002,1003,1004,1005",77000,200,True
even-palindrome,controls,loss,wrong,37200,0.14591997538654775,0.12521620355757973,0.020417165792611627,0.3308636120895244,6,"1000,1001,1002,1003,1004,1005",77000,200,True
even-palindrome,controls,loss,wrong,37400,0.1072628703675792,0.08639436141678314,0.000395250231628097,0.23217445650618174,6,"1000,1001,1002,1003,1004,1005",77000,200,True
even-palindrome,controls,loss,wrong,37600,0.11084319006535519,0.07321486079641175,2.4934120225879042e-05,0.21082278708163357,6,"1000,1001,1002,1003,1004,1005",77000,200,True
even-palindrome,controls,loss,wrong,37800,0.14222615604494568,0.10386941600375699,0.000727836094724239,0.28497288497465545,6,"1000,1001,1002,1003,1004,1005",77000,200,True
even-palindrome,controls,loss,wrong,38000,0.11146234222111928,0.07656112261902112,0.016985768363364427,0.24601392671484063,6,"1000,1001,1002,1003,1004,1005",77000,200,True
even-palindrome,controls,loss,wrong,38200,0.14123858573777384,0.07119031470199938,0.06607019188192488,0.26022820190639323,6,"1000,1001,1002,1003,1004,1005",77000,200,True
even-palindrome,controls,loss,wrong,38400,0.1008264409409237,0.08232869273092408,9.116608310364427e-06,0.2390197095752592,6,"1000,1001,1002,1003,1004,1005",77000,200,True
even-palindrome,controls,loss,wrong,38600,0.12472129308525298,0.11401330179885957,0.00012200504550946789,0.3057529066033385,6,"1000,1001,1002,1003,1004,1005",77000,200,True
even-palindrome,controls,loss,wrong,38800,0.1443759803967236,0.09177819956666154,1.3287362348659571e-05,0.2485414125520765,6,"1000,1001,1002,1003,1004,1005",77000,200,True
even-palindrome,controls,loss,wrong,39000,0.12034362018607776,0.0693463857401947,0.0668170487033214,0.2623041419584842,6,"1000,1001,1002,1003,1004,1005",77000,200,True
even-palindrome,controls,loss,wrong,39200,0.1532932652879723,0.07889613156737636,0.056896272455105645,0.2614079459936329,6,"1000,1001,1002,1003,1004,1005",77000,200,True
even-palindrome,controls,loss,wrong,39400,0.1168890630302371,0.05703073536015815,0.062492104442865466,0.23653303319420957,6,"1000,1001,1002,1003,1004,1005",77000,200,True
even-palindrome,controls,loss,wrong,39600,0.12420121405471836,0.09328895469941037,0.00041777151497342403,0.27897191447138087,6,"1000,1001,1002,1003,1004,1005",77000,200,True
even-palindrome,controls,loss,wrong,39800,0.11628987978140083,0.09438833760462757,6.403221932671955e-05,0.2537699682343009,6,"1000,1001,1002,1003,1004,1005",77000,200,True
even-palindrome,controls,loss,wrong,40000,0.13324699000542703,0.054385528372733485,0.04550244264095717,0.20963444508612156,6,"1000,1001,1002,1003,1004,1005",77000,200,True
even-palindrome,controls,loss,wrong,40200,0.10505363216914622,0.07174215340283745,0.0014847108982378643,0.19425550985348308,6,"1000,1001,1002,1003,1004,1005",77000,200,True
even-palindrome,controls,loss,wrong,40400,0.13351667719620197,0.0809139845561977,0.02185808822770312,0.23969206506640603,6,"1000,1001,1002,1003,1004,1005",77000,200,True
even-palindrome,controls,loss,wrong,40600,0.1469383494144277,0.0868739173888197,0.03769241870321451,0.30566598007244467,6,"1000,1001,1002,1003,1004,1005",77000,200,True
even-palindrome,controls,loss,wrong,40800,0.1229516682767091,0.10185485829845486,0.015563400659169844,0.30287688167432864,6,"1000,1001,1002,1003,1004,1005",77000,200,True
even-palindrome,controls,loss,wrong,41000,0.11137219316244691,0.08710150941089767,3.158214546346016e-05,0.22147356393830706,6,"1000,1001,1002,1003,1004,1005",77000,200,True
even-palindrome,controls,loss,wrong,41200,0.18046463222542675,0.0925175609767393,0.04446559057503757,0.3359853617763883,6,"1000,1001,1002,1003,1004,1005",77000,200,True
even-palindrome,controls,loss,wrong,41400,0.09565124580534179,0.09424048075883039,0.01133325753325039,0.24954047805577828,6,"1000,1001,1002,1003,1004,1005",77000,200,True
even-palindrome,controls,loss,wrong,41600,0.13518950419666964,0.09789551899120788,0.022594576291098463,0.2714118906666044,6,"1000,1001,1002,1003,1004,1005",77000,200,True
even-palindrome,controls,loss,wrong,41800,0.14147580765724088,0.0462248458292803,0.1007694183248475,0.2269190284401384,6,"1000,1001,1002,1003,1004,1005",77000,200,True
even-palindrome,controls,loss,wrong,42000,0.10533706139992775,0.07143892341060959,0.02830156456455825,0.20650641501193603,6,"1000,1001,1002,1003,1004,1005",77000,200,True
even-palindrome,controls,loss,wrong,42200,0.104826842097637,0.08433891730540292,0.0001483720321130022,0.21672401637063557,6,"1000,1001,1002,1003,1004,1005",77000,200,True
even-palindrome,controls,loss,wrong,42400,0.10667702765665954,0.09437188461273116,3.051245147815962e-05,0.22707023470964485,6,"1000,1001,1002,1003,1004,1005",77000,200,True
even-palindrome,controls,loss,wrong,42600,0.1276472539722073,0.07370837270666444,0.0407280853106036,0.24004397546179462,6,"1000,1001,1002,1003,1004,1005",77000,200,True
even-palindrome,controls,loss,wrong,42800,0.13181763267930588,0.11773179815979676,0.017679235463595972,0.3753769635696153,6,"1000,1001,1002,1003,1004,1005",77000,200,True
even-palindrome,controls,loss,wrong,43000,0.10643619299770347,0.09361117691506424,0.01472400626408671,0.2646184753966918,6,"1000,1001,1002,1003,1004,1005",77000,200,True
even-palindrome,controls,loss,wrong,43200,0.11555013109214789,0.08869877543847654,0.0005164505812457775,0.21838178943089587,6,"1000,1001,1002,1003,1004,1005",77000,200,True
even-palindrome,controls,loss,wrong,43400,0.11681338639985965,0.11210855683777064,0.015902561840939883,0.3039417413552019,6,"1000,1001,1002,1003,1004,1005",77000,200,True
even-palindrome,controls,loss,wrong,43600,0.09845345836594409,0.06238184583948508,0.01702072070132525,0.20138074766622593,6,"1000,1001,1002,1003,1004,1005",77000,200,True
even-palindrome,controls,loss,wrong,43800,0.18494524318545488,0.13525194492635254,3.562480252696787e-06,0.449343556907811,6,"1000,1001,1002,1003,1004,1005",77000,200,True
even-palindrome,controls,loss,wrong,44000,0.14671494582486522,0.06692949308591736,0.060849444993165865,0.2241724414716464,6,"1000,1001,1002,1003,1004,1005",77000,200,True
even-palindrome,controls,loss,wrong,44200,0.1726310296052701,0.12744664289883104,0.0017540560596668797,0.39093410504101955,6,"1000,1001,1002,1003,1004,1005",77000,200,True
even-palindrome,controls,loss,wrong,44400,0.12820027451587288,0.07833423120962951,0.0003271038680722427,0.22178249401549693,6,"1000,1001,1002,1003,1004,1005",77000,200,True
even-palindrome,controls,loss,wrong,44600,0.13392770217586394,0.10872406275298985,0.002110930729268148,0.3116824179100013,6,"1000,1001,1002,1003,1004,1005",77000,200,True
even-palindrome,controls,loss,wrong,44800,0.10285797185503975,0.09663108112065402,0.0071250687651729545,0.2936151234433146,6,"1000,1001,1002,1003,1004,1005",77000,200,True
even-palindrome,controls,loss,wrong,45000,0.12160012919612728,0.11558242687515717,0.002711350490399198,0.3154176433289706,6,"1000,1001,1002,1003,1004,1005",77000,200,True
even-palindrome,controls,loss,wrong,45200,0.08336171186983882,0.058763828227014134,0.001822443885089484,0.16198131082076317,6,"1000,1001,1002,1003,1004,1005",77000,200,True
even-palindrome,controls,loss,wrong,45400,0.08833851212996413,0.06174533238290581,0.017545138962889624,0.19323101873691484,6,"1000,1001,1002,1003,1004,1005",77000,200,True
even-palindrome,controls,loss,wrong,45600,0.11160837639048027,0.07061114344647976,0.00026059502142828706,0.21828509401307883,6,"1000,1001,1002,1003,1004,1005",77000,200,True
even-palindrome,controls,loss,wrong,45800,0.09372890131476398,0.09208511598716962,0.0013623371725003607,0.2431149062209056,6,"1000,1001,1002,1003,1004,1005",77000,200,True
even-palindrome,controls,loss,wrong,46000,0.08293959430215998,0.09418568992321083,8.30536274675353e-05,0.21941823343011493,6,"1000,1001,1002,1003,1004,1005",77000,200,True
even-palindrome,controls,loss,wrong,46200,0.08931466091512946,0.038064538912146846,0.032232622946073236,0.1419747207904902,6,"1000,1001,1002,1003,1004,1005",77000,200,True
even-palindrome,controls,loss,wrong,46400,0.093252417381528,0.06854037912948649,1.2771457298157429e-05,0.20533408229215638,6,"1000,1001,1002,1003,1004,1005",77000,200,True
even-palindrome,controls,loss,wrong,46600,0.12353615076624247,0.06611967360253754,0.0003049372863758748,0.18452512797717646,6,"1000,1001,1002,1003,1004,1005",77000,200,True
even-palindrome,controls,loss,wrong,46800,0.09097379340132263,0.0756944832524401,5.181828188263182e-06,0.21912778640933084,6,"1000,1001,1002,1003,1004,1005",77000,200,True
even-palindrome,controls,loss,wrong,47000,0.09856790375867257,0.10090663580546459,0.00018200344134328361,0.2578189334619492,6,"1000,1001,1002,1003,1004,1005",77000,200,True
even-palindrome,controls,loss,wrong,47200,0.09334124282910476,0.05837223222262627,1.097090588473293e-05,0.17413425073229405,6,"1000,1001,1002,1003,1004,1005",77000,200,True
even-palindrome,controls,loss,wrong,47400,0.08633203644955495,0.0537938393369508,2.7970564514556707e-06,0.15950663503086615,6,"1000,1001,1002,1003,1004,1005",77000,200,True
even-palindrome,controls,loss,wrong,47600,0.0691261650651776,0.05394728417946781,5.0153000564794324e-05,0.12952618495524007,6,"1000,1001,1002,1003,1004,1005",77000,200,True
even-palindrome,controls,loss,wrong,47800,0.09437282968655043,0.11110210327711696,1.9457909259976702e-05,0.2949826301284338,6,"1000,1001,1002,1003,1004,1005",77000,200,True
even-palindrome,controls,loss,wrong,48000,0.08575842253984894,0.06083947242119581,0.00035721637510405913,0.14991976801172086,6,"1000,1001,1002,1003,1004,1005",77000,200,True
even-palindrome,controls,loss,wrong,48200,0.11409308897552856,0.07855506183950571,2.0600683871681014e-05,0.21007419333590405,6,"1000,1001,1002,1003,1004,1005",77000,200,True
even-palindrome,controls,loss,wrong,48400,0.061547354983443624,0.05171147929623759,4.042704831634936e-06,0.12218451928456683,6,"1000,1001,1002,1003,1004,1005",77000,200,True
even-palindrome,controls,loss,wrong,48600,0.09217580905207838,0.06621346903958043,4.085302264176249e-06,0.1848292475383005,6,"1000,1001,1002,1003,1004,1005",77000,200,True
even-palindrome,controls,loss,wrong,48800,0.07315625718311593,0.05664494930497589,5.804370886961507e-06,0.15786767759473833,6,"1000,1001,1002,1003,1004,1005",77000,200,True
even-palindrome,controls,loss,wrong,49000,0.09005460257204767,0.09202018001623993,0.00017308535475760056,0.274561938984325,6,"1000,1001,1002,1003,1004,1005",77000,200,True
even-palindrome,controls,loss,wrong,49200,0.12157177728179303,0.11960332945304324,3.4257439051970094e-05,0.3562634746126196,6,"1000,1001,1002,1003,1004,1005",77000,200,True
even-palindrome,controls,loss,wrong,49400,0.08035653402278319,0.07015248358186944,4.061340748995335e-07,0.19934115644759914,6,"1000,1001,1002,1003,1004,1005",77000,200,True
even-palindrome,controls,loss,wrong,49600,0.0773398848720608,0.0535732377364479,3.650518628520061e-05,0.1573283018436939,6,"1000,1001,1002,1003,1004,1005",77000,200,True
even-palindrome,controls,loss,wrong,49800,0.0781975886841264,0.07899109627526398,0.00026739120187728725,0.19359629153581978,6,"1000,1001,1002,1003,1004,1005",77000,200,True
even-palindrome,controls,loss,wrong,50000,0.09090064173246386,0.06601431009649186,8.752483033729774e-05,0.19506771133941583,6,"1000,1001,1002,1003,1004,1005",77000,200,True
even-palindrome,controls,loss,wrong,50200,0.14775459697187604,0.20164240799436797,1.1659808668584848e-06,0.5829759058758706,6,"1000,1001,1002,1003,1004,1005",77000,200,True
even-palindrome,controls,loss,wrong,50400,0.04302142813270838,0.039285545995721,0.00013609782237818279,0.08464530766086568,6,"1000,1001,1002,1003,1004,1005",77000,200,True
even-palindrome,controls,loss,wrong,50600,0.09081937912431699,0.09768100139693192,1.6388342882267536e-06,0.2905538791323852,6,"1000,1001,1002,1003,1004,1005",77000,200,True
even-palindrome,controls,loss,wrong,50800,0.09655219352259474,0.0879602143832712,7.547733610535623e-07,0.22577860312234635,6,"1000,1001,1002,1003,1004,1005",77000,200,True
even-palindrome,controls,loss,wrong,51000,0.1475268027937924,0.13566776506558867,0.003360508953534638,0.3390451906358885,6,"1000,1001,1002,1003,1004,1005",77000,200,True
even-palindrome,controls,loss,wrong,51200,0.08714840820353531,0.0751996005441503,0.019070290557558597,0.20413498747147968,6,"1000,1001,1002,1003,1004,1005",77000,200,True
even-palindrome,controls,loss,wrong,51400,0.09860763803838955,0.08594316621512701,0.00023048802682962638,0.24985654724330972,6,"1000,1001,1002,1003,1004,1005",77000,200,True
even-palindrome,controls,loss,wrong,51600,0.08589441401374838,0.050492750190367613,0.02302077446507729,0.1768775022928844,6,"1000,1001,1002,1003,1004,1005",77000,200,True
even-palindrome,controls,loss,wrong,51800,0.10715794043018088,0.05924019283191506,8.816947901396421e-05,0.18507662071836875,6,"1000,1001,1002,1003,1004,1005",77000,200,True
even-palindrome,controls,loss,wrong,52000,0.13477137390224594,0.0723941561982916,1.8086445601442347e-06,0.19508217972154854,6,"1000,1001,1002,1003,1004,1005",77000,200,True
even-palindrome,controls,loss,wrong,52200,0.2764959151927671,0.3291122326415461,0.0006898400741965943,0.9333387096506116,6,"1000,1001,1002,1003,1004,1005",77000,200,True
even-palindrome,controls,loss,wrong,52400,0.14201015282154458,0.13398616241806116,1.5113888452493174e-05,0.402661320254806,6,"1000,1001,1002,1003,1004,1005",77000,200,True
even-palindrome,controls,loss,wrong,52600,0.16030165194582344,0.09051311047855325,0.00031470427865130544,0.2574069216325775,6,"1000,1001,1002,1003,1004,1005",77000,200,True
even-palindrome,controls,loss,wrong,52800,0.1003361611591886,0.06104272024244452,0.018885700288580463,0.18263696950292796,6,"1000,1001,1002,1003,1004,1005",77000,200,True
even-palindrome,controls,loss,wrong,53000,0.10544393941924841,0.08785820717217535,0.0306428312958019,0.27216718259054007,6,"1000,1001,1002,1003,1004,1005",77000,200,True
even-palindrome,controls,loss,wrong,53200,0.09988038800323135,0.08036815624486951,3.715214206758688e-05,0.21718284205886448,6,"1000,1001,1002,1003,1004,1005",77000,200,True
even-palindrome,controls,loss,wrong,53400,0.07137496758660243,0.0705450444612495,4.885973389683329e-06,0.19201595089311924,6,"1000,1001,1002,1003,1004,1005",77000,200,True
even-palindrome,controls,loss,wrong,53600,0.11912100087503692,0.09915780614078341,3.0904414710963833e-06,0.29545538172530994,6,"1000,1001,1002,1003,1004,1005",77000,200,True
even-palindrome,controls,loss,wrong,53800,0.08922265596948407,0.07248933026322732,5.994600499059644e-07,0.20054041061777753,6,"1000,1001,1002,1003,1004,1005",77000,200,True
even-palindrome,controls,loss,wrong,54000,0.05541582874837439,0.05402192660904782,8.589644072753977e-07,0.16128523109467324,6,"1000,1001,1002,1003,1004,1005",77000,200,True
even-palindrome,controls,loss,wrong,54200,0.09786294006100686,0.07389411215383725,2.8826326527386924e-06,0.191126105976532,6,"1000,1001,1002,1003,1004,1005",77000,200,True
even-palindrome,controls,loss,wrong,54400,0.09837031266751266,0.08274989977335653,2.907817234254484e-07,0.24873608287141452,6,"1000,1001,1002,1003,1004,1005",77000,200,True
even-palindrome,controls,loss,wrong,54600,0.06001918020669886,0.06501479738101869,6.065270703660141e-06,0.18869961505354468,6,"1000,1001,1002,1003,1004,1005",77000,200,True
even-palindrome,controls,loss,wrong,54800,0.08104846068030395,0.08011578700054106,2.7928244478758744e-05,0.21671016160659293,6,"1000,1001,1002,1003,1004,1005",77000,200,True
even-palindrome,controls,loss,wrong,55000,0.05733290663742726,0.06788485319343522,5.486307215224473e-08,0.15335122167173723,6,"1000,1001,1002,1003,1004,1005",77000,200,True
even-palindrome,controls,loss,wrong,55200,0.08644337598238046,0.09704355268625808,6.230048706729052e-08,0.25395388236310734,6,"1000,1001,1002,1003,1004,1005",77000,200,True
even-palindrome,controls,loss,wrong,55400,0.06635780915230217,0.07044515000622788,1.4900108844981274e-06,0.1857098388369428,6,"1000,1001,1002,1003,1004,1005",77000,200,True
even-palindrome,controls,loss,wrong,55600,0.11415907568107576,0.06828259074013969,0.020318141043635603,0.20777868056879242,6,"1000,1001,1002,1003,1004,1005",77000,200,True
even-palindrome,controls,loss,wrong,55800,0.07672485170660266,0.07822901463458093,1.577495956202324e-08,0.20040601956376064,6,"1000,1001,1002,1003,1004,1005",77000,200,True
even-palindrome,controls,loss,wrong,56000,0.040923449200782745,0.03387198794254652,1.44644641360403e-05,0.1094747440431388,6,"1000,1001,1002,1003,1004,1005",77000,200,True
even-palindrome,controls,loss,wrong,56200,0.07768705197497035,0.07842246065875597,3.488472152435966e-06,0.20428876181583974,6,"1000,1001,1002,1003,1004,1005",77000,200,True
even-palindrome,controls,loss,wrong,56400,0.1043018054354764,0.08372751491442348,2.6692536519462575e-06,0.2635245164426601,6,"1000,1001,1002,1003,1004,1005",77000,200,True
even-palindrome,controls,loss,wrong,56600,0.09013911752773633,0.06921063749110144,5.548737588495986e-06,0.1827063344983708,6,"1000,1001,1002,1003,1004,1005",77000,200,True
even-palindrome,controls,loss,wrong,56800,0.06646051874021368,0.0681072517472505,1.1092287107616894e-06,0.17690258427159733,6,"1000,1001,1002,1003,1004,1005",77000,200,True
even-palindrome,controls,loss,wrong,57000,0.08308288831613003,0.06975830351999215,3.282926217432203e-07,0.18104294747753444,6,"1000,1001,1002,1003,1004,1005",77000,200,True
even-palindrome,controls,loss,wrong,57200,0.03829072610158386,0.04288162564609521,6.401648930793476e-05,0.11642138273991122,6,"1000,1001,1002,1003,1004,1005",77000,200,True
even-palindrome,controls,loss,wrong,57400,0.07500244202203725,0.10274388521697422,1.2870072487250472e-07,0.27198115455815697,6,"1000,1001,1002,1003,1004,1005",77000,200,True
even-palindrome,controls,loss,wrong,57600,0.0779604295900992,0.04702081905261278,9.447938618493967e-07,0.14135086501134025,6,"1000,1001,1002,1003,1004,1005",77000,200,True
even-palindrome,controls,loss,wrong,57800,0.10958681508784769,0.06336200947342245,9.346165167149062e-06,0.20324746557702839,6,"1000,1001,1002,1003,1004,1005",77000,200,True
even-palindrome,controls,loss,wrong,58000,0.08285597380967664,0.08219620884558408,5.443583109238786e-08,0.1991936865092225,6,"1000,1001,1002,1003,1004,1005",77000,200,True
even-palindrome,controls,loss,wrong,58200,0.09427734899270628,0.05432213602257364,0.017372324462387508,0.13895320665931876,6,"1000,1001,1002,1003,1004,1005",77000,200,True
even-palindrome,controls,loss,wrong,58400,0.08426921151217044,0.044831834271538015,0.002694618057851711,0.13355871816111517,6,"1000,1001,1002,1003,1004,1005",77000,200,True
even-palindrome,controls,loss,wrong,58600,0.056105541347806286,0.06373844816780964,7.37870477032776e-08,0.17219461730080127,6,"1000,1001,1002,1003,1004,1005",77000,200,True
even-palindrome,controls,loss,wrong,58800,0.05258757077905917,0.04857263562506328,1.085376121641793e-06,0.12247265774291236,6,"1000,1001,1002,1003,1004,1005",77000,200,True
even-palindrome,controls,loss,wrong,59000,0.09925130854946683,0.06728338270141317,0.015911667690831233,0.22795222452919547,6,"1000,1001,1002,1003,1004,1005",77000,200,True
even-palindrome,controls,loss,wrong,59200,0.07692505913878674,0.07811230810228292,1.1178245359677597e-07,0.22442502156064506,6,"1000,1001,1002,1003,1004,1005",77000,200,True
even-palindrome,controls,loss,wrong,59400,0.03595385499078794,0.04847823191591554,9.058470573090893e-07,0.1097492953089295,6,"1000,1001,1002,1003,1004,1005",77000,200,True
even-palindrome,controls,loss,wrong,59600,0.07514589173671563,0.09669944130257473,2.904953124112375e-08,0.2692825567094684,6,"1000,1001,1002,1003,1004,1005",77000,200,True
even-palindrome,controls,loss,wrong,59800,0.07839903592503916,0.07159203057069931,1.9083338743966505e-07,0.17091567199857963,6,"1000,1001,1002,1003,1004,1005",77000,200,True
even-palindrome,controls,loss,wrong,60000,0.052095260784695785,0.05257358347971999,1.4229451479469412e-07,0.12301457095449678,6,"1000,1001,1002,1003,1004,1005",77000,200,True
even-palindrome,controls,loss,wrong,60200,0.08765922240279195,0.0995449127405384,3.4005263957817554e-09,0.273659071192576,6,"1000,1001,1002,1003,1004,1005",77000,200,True
even-palindrome,controls,loss,wrong,60400,0.1589727112756919,0.1916997458704021,6.354192682325038e-08,0.5669762384532773,6,"1000,1001,1002,1003,1004,1005",77000,200,True
even-palindrome,controls,loss,wrong,60600,0.07199577634460035,0.0781852465521704,1.044711437029472e-08,0.20462753245997078,6,"1000,1001,1002,1003,1004,1005",77000,200,True
even-palindrome,controls,loss,wrong,60800,0.11938278541490688,0.15850420931647918,2.9016930896286903e-08,0.439398165782851,6,"1000,1001,1002,1003,1004,1005",77000,200,True
even-palindrome,controls,loss,wrong,61000,0.052732829820210436,0.04390154771703465,1.4994698502666242e-08,0.1168983263065062,6,"1000,1001,1002,1003,1004,1005",77000,200,True
even-palindrome,controls,loss,wrong,61200,0.05562908086869414,0.039847837655767465,0.0004215582998122636,0.10901713531122872,6,"1000,1001,1002,1003,1004,1005",77000,200,True
even-palindrome,controls,loss,wrong,61400,0.09603661126026082,0.08800627107057406,7.590369897689762e-08,0.24426659895714495,6,"1000,1001,1002,1003,1004,1005",77000,200,True
even-palindrome,controls,loss,wrong,61600,0.09065538285122039,0.067454531533965,1.3581410863833018e-05,0.1896037658725595,6,"1000,1001,1002,1003,1004,1005",77000,200,True
even-palindrome,controls,loss,wrong,61800,0.11044913817838593,0.09851884318949991,1.782499857282821e-09,0.24726433535875855,6,"1000,1001,1002,1003,1004,1005",77000,200,True
even-palindrome,controls,loss,wrong,62000,0.06775193331390665,0.05577655698989051,1.6035690233410105e-08,0.1562060020494232,6,"1000,1001,1002,1003,1004,1005",77000,200,True
even-palindrome,controls,loss,wrong,62200,0.09443349341629642,0.07424505763567053,2.543989875824354e-09,0.194652641980816,6,"1000,1001,1002,1003,1004,1005",77000,200,True
even-palindrome,controls,loss,wrong,62400,0.07739750151701023,0.053217551005861355,0.021041194808072542,0.18027744642089716,6,"1000,1001,1002,1003,1004,1005",77000,200,True
even-palindrome,controls,loss,wrong,62600,0.06461022922589645,0.07569191229773944,2.4198867162724887e-08,0.2037289007877564,6,"1000,1001,1002,1003,1004,1005",77000,200,True
even-palindrome,controls,loss,wrong,62800,0.08503210626862041,0.061941749965573646,0.0007493128288780836,0.19732747305045678,6,"1000,1001,1002,1003,1004,1005",77000,200,True
even-palindrome,controls,loss,wrong,63000,0.0807936871931944,0.056194878567112215,1.1171056311079179e-05,0.1892241975957222,6,"1000,1001,1002,1003,1004,1005",77000,200,True
even-palindrome,controls,loss,wrong,63200,0.08196376200564708,0.05201509218777655,2.399723118864626e-06,0.15569646691612887,6,"1000,1001,1002,1003,1004,1005",77000,200,True
even-palindrome,controls,loss,wrong,63400,0.06914249393903628,0.07574750377853143,3.135551083928824e-07,0.1804694850339422,6,"1000,1001,1002,1003,1004,1005",77000,200,True
even-palindrome,controls,loss,wrong,63600,0.21781954075684695,0.3288966330906257,1.844787840130889e-06,0.9445445968985341,6,"1000,1001,1002,1003,1004,1005",77000,200,True
even-palindrome,controls,loss,wrong,63800,0.05078240058577247,0.06315735022036482,0.0009668315093179033,0.18128280949946202,6,"1000,1001,1002,1003,1004,1005",77000,200,True
even-palindrome,controls,loss,wrong,64000,0.059401940763007366,0.06089078890938679,0.0015323961083258553,0.1497093360345616,6,"1000,1001,1002,1003,1004,1005",77000,200,True
even-palindrome,controls,loss,wrong,64200,0.08319035867839306,0.043670612440296686,1.4910653087211735e-05,0.1455827571871053,6,"1000,1001,1002,1003,1004,1005",77000,200,True
even-palindrome,controls,loss,wrong,64400,0.06643798230749422,0.07482393209320627,1.3512286113931403e-07,0.1868881621487367,6,"1000,1001,1002,1003,1004,1005",77000,200,True
even-palindrome,controls,loss,wrong,64600,0.11152815589595118,0.059217277700511294,0.04426115605869199,0.22508453206415197,6,"1000,1001,1002,1003,1004,1005",77000,200,True
even-palindrome,controls,loss,wrong,64800,0.04897979978837221,0.04937969904779711,3.2394004217145553e-07,0.1321652397518494,6,"1000,1001,1002,1003,1004,1005",77000,200,True
even-palindrome,controls,loss,wrong,65000,0.09621879626294984,0.056748151997157784,1.8822317510852615e-07,0.17676228116519951,6,"1000,1001,1002,1003,1004,1005",77000,200,True
even-palindrome,controls,loss,wrong,65200,0.02935422317772682,0.051572510423371465,3.1982319728754146e-05,0.14248048011186767,6,"1000,1001,1002,1003,1004,1005",77000,200,True
even-palindrome,controls,loss,wrong,65400,0.1349768666824073,0.0837673812216415,0.001490312473978197,0.24046640007819975,6,"1000,1001,1002,1003,1004,1005",77000,200,True
even-palindrome,controls,loss,wrong,65600,0.039311789248249414,0.05910935488278012,3.6021004692937675e-07,0.15922546859980002,6,"1000,1001,1002,1003,1004,1005",77000,200,True
even-palindrome,controls,loss,wrong,65800,0.03715615194135909,0.05059542426614256,2.8671492799392516e-08,0.14615076108173128,6,"1000,1001,1002,1003,1004,1005",77000,200,True
even-palindrome,controls,loss,wrong,66000,0.04922262840603964,0.07634409812413276,2.0337895857841514e-08,0.21503262241023208,6,"1000,1001,1002,1003,1004,1005",77000,200,True
even-palindrome,controls,loss,wrong,66200,0.07053596152867554,0.04279142680986556,2.2736999309121293e-05,0.12784824264223105,6,"1000,1001,1002,1003,1004,1005",77000,200,True
even-palindrome,controls,loss,wrong,66400,0.07383048147349804,0.0587563432276685,3.601576818741126e-06,0.1759159012971236,6,"1000,1001,1002,1003,1004,1005",77000,200,True
even-palindrome,controls,loss,wrong,66600,0.06507095533392217,0.07178324124194556,1.5225566198188018e-05,0.20348634378670793,6,"1000,1001,1002,1003,1004,1005",77000,200,True
even-palindrome,controls,loss,wrong,66800,0.09479990713131986,0.06302229544470041,4.0996807883216665e-07,0.20282459912423548,6,"1000,1001,1002,1003,1004,1005",77000,200,True
even-palindrome,controls,loss,wrong,67000,0.056574329264393895,0.05587979225364229,8.620259332008107e-09,0.12471646941059135,6,"1000,1001,1002,1003,1004,1005",77000,200,True
even-palindrome,controls,loss,wrong,67200,0.15191550382988853,0.09777204801450202,0.058017461783634754,0.33100636481882006,6,"1000,1001,1002,1003,1004,1005",77000,200,True
even-palindrome,controls,loss,wrong,67400,0.1219558498852069,0.06940486327688093,0.03045293282331812,0.21167560489456094,6,"1000,1001,1002,1003,1004,1005",77000,200,True
even-palindrome,controls,loss,wrong,67600,0.13536235260250853,0.19077108915383845,0.0026542785726343253,0.5485252441415603,6,"1000,1001,1002,1003,1004,1005",77000,200,True
even-palindrome,controls,loss,wrong,67800,0.07879442814076226,0.07192451578892543,1.2166517530100284e-06,0.19874883173672658,6,"1000,1001,1002,1003,1004,1005",77000,200,True
even-palindrome,controls,loss,wrong,68000,0.06358771326241026,0.06880926686109155,6.068963291638863e-08,0.20079434284525405,6,"1000,1001,1002,1003,1004,1005",77000,200,True
even-palindrome,controls,loss,wrong,68200,0.10050960905298024,0.08631050536408781,0.0066921025997883745,0.25277126335281197,6,"1000,1001,1002,1003,1004,1005",77000,200,True
even-palindrome,controls,loss,wrong,68400,0.04418449997106063,0.05530395102680405,4.7366480207533535e-09,0.12171784040988086,6,"1000,1001,1002,1003,1004,1005",77000,200,True
even-palindrome,controls,loss,wrong,68600,0.0889819721915542,0.06523040340643045,0.032905208834914934,0.21238422651111705,6,"1000,1001,1002,1003,1004,1005",77000,200,True
even-palindrome,controls,loss,wrong,68800,0.09933947212285772,0.04989699630544978,0.016206001478149254,0.17465726662206976,6,"1000,1001,1002,1003,1004,1005",77000,200,True
even-palindrome,controls,loss,wrong,69000,0.06660184068958125,0.07197855269820426,7.505309578327152e-06,0.20998610592464956,6,"1000,1001,1002,1003,1004,1005",77000,200,True
even-palindrome,controls,loss,wrong,69200,0.12365762261413271,0.07824711284704547,1.5542494132408935e-08,0.22256391457232666,6,"1000,1001,1002,1003,1004,1005",77000,200,True
even-palindrome,controls,loss,wrong,69400,0.0831111737599184,0.08460705756088395,1.7964115813437488e-08,0.23517303377087273,6,"1000,1001,1002,1003,1004,1005",77000,200,True
even-palindrome,controls,loss,wrong,69600,0.0542088104674199,0.041252772005637664,2.0191798298357378e-05,0.11008432184735512,6,"1000,1001,1002,1003,1004,1005",77000,200,True
even-palindrome,controls,loss,wrong,69800,0.060885633567737414,0.06106641853116649,2.7318334001452673e-06,0.15169905913112988,6,"1000,1001,1002,1003,1004,1005",77000,200,True
even-palindrome,controls,loss,wrong,70000,0.0486770777820082,0.06595718512590898,5.010238330722949e-08,0.16999788623524636,6,"1000,1001,1002,1003,1004,1005",77000,200,True
even-palindrome,controls,loss,wrong,70200,0.0505716641017361,0.06046689359380525,1.2611663926468537e-08,0.1544838803534458,6,"1000,1001,1002,1003,1004,1005",77000,200,True
even-palindrome,controls,loss,wrong,70400,0.06688116612045707,0.058763603177082624,6.798577967398467e-09,0.16763582113325926,6,"1000,1001,1002,1003,1004,1005",77000,200,True
even-palindrome,controls,loss,wrong,70600,0.044778831477696325,0.045413454757597,1.6300453312481645e-09,0.10678599529676887,6,"1000,1001,1002,1003,1004,1005",77000,200,True
even-palindrome,controls,loss,wrong,70800,0.13645177470446618,0.2047288392044208,2.6071047439304995e-09,0.586597703676063,6,"1000,1001,1002,1003,1004,1005",77000,200,True
even-palindrome,controls,loss,wrong,71000,0.08138888486685242,0.09476716694397537,1.353173331827051e-05,0.25465201814577426,6,"1000,1001,1002,1003,1004,1005",77000,200,True
even-palindrome,controls,loss,wrong,71200,0.1679200836853814,0.24281268036018416,1.1169721468491223e-05,0.7011313511057918,6,"1000,1001,1002,1003,1004,1005",77000,200,True
even-palindrome,controls,loss,wrong,71400,0.0637445432469681,0.07087695164431888,1.0981160229394174e-06,0.17565608811776073,6,"1000,1001,1002,1003,1004,1005",77000,200,True
even-palindrome,controls,loss,wrong,71600,0.055572975594526064,0.05932431447941403,2.977817468299143e-08,0.1513727438467464,6,"1000,1001,1002,1003,1004,1005",77000,200,True
even-palindrome,controls,loss,wrong,71800,0.06518274294845688,0.05216278572207945,0.021656869820969503,0.17241753943701124,6,"1000,1001,1002,1003,1004,1005",77000,200,True
even-palindrome,controls,loss,wrong,72000,0.07862628117747332,0.06119235423448729,4.680931777953368e-08,0.14401551990707048,6,"1000,1001,1002,1003,1004,1005",77000,200,True
even-palindrome,controls,loss,wrong,72200,0.060152122159930856,0.03345752599556822,0.028148732195372242,0.12970049219920127,6,"1000,1001,1002,1003,1004,1005",77000,200,True
even-palindrome,controls,loss,wrong,72400,0.08487584717592311,0.05007129387257263,3.460496996308021e-05,0.17062229878185964,6,"1000,1001,1002,1003,1004,1005",77000,200,True
even-palindrome,controls,loss,wrong,72600,0.054200136314347065,0.05165796439797542,0.0012902212592991141,0.13332982190203313,6,"1000,1001,1002,1003,1004,1005",77000,200,True
even-palindrome,controls,loss,wrong,72800,0.0646936985210849,0.04635288775440639,8.436072980222767e-07,0.11166797645119854,6,"1000,1001,1002,1003,1004,1005",77000,200,True
even-palindrome,controls,loss,wrong,73000,0.04706239294935482,0.050822780939723804,3.4259293032752603e-07,0.14132107614191852,6,"1000,1001,1002,1003,1004,1005",77000,200,True
even-palindrome,controls,loss,wrong,73200,0.03895580031636794,0.054354422343428674,8.393228588593135e-08,0.1258141582582897,6,"1000,1001,1002,1003,1004,1005",77000,200,True
even-palindrome,controls,loss,wrong,73400,0.029757058937037156,0.03463720892282618,9.208949893046298e-09,0.09459264158191409,6,"1000,1001,1002,1003,1004,1005",77000,200,True
even-palindrome,controls,loss,wrong,73600,0.13527448496690983,0.0803141330257031,0.04963854121773747,0.276400735319082,6,"1000,1001,1002,1003,1004,1005",77000,200,True
even-palindrome,controls,loss,wrong,73800,0.056507499925962656,0.047385653230839486,6.002906389688395e-07,0.10656915964161001,6,"1000,1001,1002,1003,1004,1005",77000,200,True
even-palindrome,controls,loss,wrong,74000,0.15015959051002162,0.22296647026313013,1.0769030362761667e-07,0.6257138526931108,6,"1000,1001,1002,1003,1004,1005",77000,200,True
even-palindrome,controls,loss,wrong,74200,0.05415359372266237,0.0725102987437582,5.9630496574469144e-06,0.2130927618975835,6,"1000,1001,1002,1003,1004,1005",77000,200,True
even-palindrome,controls,loss,wrong,74400,0.07253807490576127,0.06962945974013147,2.146071584408285e-07,0.2055882997373636,6,"1000,1001,1002,1003,1004,1005",77000,200,True
even-palindrome,controls,loss,wrong,74600,0.056508972843680526,0.05300239849342086,1.1331641047006985e-08,0.16419695178326563,6,"1000,1001,1002,1003,1004,1005",77000,200,True
even-palindrome,controls,loss,wrong,74800,0.23335049670921107,0.36890660897019717,2.2489056641863612e-07,1.0463486880315247,6,"1000,1001,1002,1003,1004,1005",77000,200,True
even-palindrome,controls,loss,wrong,75000,0.07995987369312489,0.054528750803073116,3.5475408478504585e-08,0.15736579774394582,6,"1000,1001,1002,1003,1004,1005",77000,200,True
even-palindrome,controls,loss,wrong,75200,0.027984977665508143,0.04723956650608694,4.502530054255674e-09,0.12899291519153736,6,"1000,1001,1002,1003,1004,1005",77000,200,True
even-palindrome,controls,loss,wrong,75400,0.044135313346984624,0.06015760507214783,8.428264940893437e-09,0.16836421885939032,6,"1000,1001,1002,1003,1004,1005",77000,200,True
even-palindrome,controls,loss,wrong,75600,0.05815169660417426,0.0565668428065733,3.885598129152456e-09,0.14345781871847976,6,"1000,1001,1002,1003,1004,1005",77000,200,True
even-palindrome,controls,loss,wrong,75800,0.05003125018276658,0.053008513388500156,8.92997588588379e-08,0.1296048285112258,6,"1000,1001,1002,1003,1004,1005",77000,200,True
even-palindrome,controls,loss,wrong,76000,0.0709436741673526,0.07224236848687204,3.954479782007983e-09,0.16048409457396753,6,"1000,1001,1002,1003,1004,1005",77000,200,True
even-palindrome,controls,loss,wrong,76200,0.08022621642138883,0.09271147454929562,1.468128548033458e-09,0.25363158149096776,6,"1000,1001,1002,1003,1004,1005",77000,200,True
even-palindrome,controls,loss,wrong,76400,0.06854329237632592,0.0383002732910855,1.5650309417847546e-09,0.1177567466425944,6,"1000,1001,1002,1003,1004,1005",77000,200,True
even-palindrome,controls,loss,wrong,76600,0.037594978824393686,0.05382753321323601,6.512748952940324e-09,0.15237985894546496,6,"1000,1001,1002,1003,1004,1005",77000,200,True
even-palindrome,controls,loss,wrong,76800,0.061398155992030023,0.05446144214364526,1.7063074641047136e-10,0.1530352410510069,6,"1000,1001,1002,1003,1004,1005",77000,200,True
even-palindrome,controls,loss,wrong,77000,0.07664648352800989,0.07478491132471302,1.232631816863901e-10,0.2338844964667112,6,"1000,1001,1002,1003,1004,1005",77000,200,True
