task,group,metric,advice_type,batch,mean,std,min,max,n_seeds,seeds,common_horizon,report_interval,sd_shading
even-palindrome,baseline_vs_combined,accuracy,none,200,0.49666666666666665,0.014043582955293944,0.48,0.52,6,"1000,1001,1002,1003,1004,1005",100000,200,True
even-palindrome,baseline_vs_combined,accuracy,none,400,0.5175,0.02015564437074639,0.49,0.54,6,"1000,1001,1002,1003,1004,1005",100000,200,True
even-palindrome,baseline_vs_combined,accuracy,none,600,0.48833333333333334,0.03287180487219338,0.45,0.535,6,"1000,1001,1002,1003,1004,1005",100000,200,True
even-palindrome,baseline_vs_combined,accuracy,none,800,0.5099999999999999,0.029439202887759502,0.465,0.55,6,"1000,1001,1002,1003,1004,1005",100000,200,True
even-palindrome,baseline_vs_combined,accuracy,none,1000,0.5099999999999999,0.05392896562454477,0.44,0.575,6,"1000,1001,1002,1003,1004,1005",100000,200,True
even-palindrome,baseline_vs_combined,accuracy,none,1200,0.5058333333333334,0.03877463374710615,0.45,0.56,6,"1000,1001,1002,1003,1004,1005",100000,200,True
even-palindrome,baseline_vs_combined,accuracy,none,1400,0.5358333333333334,0.02243818669639376,0.5,0.565,6,"1000,1001,1002,1003,1004,1005",100000,200,True
even-palindrome,baseline_vs_combined,accuracy,none,1600,0.525,0.017078251276599347,0.5,0.555,6,"1000,1001,1002,1003,1004,1005",100000,200,True
even-palindrome,baseline_vs_combined,accuracy,none,1800,0.5599999999999999,0.04163331998932264,0.52,0.625,6,"1000,1001,1002,1003,1004,1005",100000,200,True
even-palindrome,baseline_vs_combined,accuracy,none,2000,0.5833333333333334,0.024608038433722317,0.555,0.625,6,"1000,1001,1002,1003,1004,1005",100000,200,True
even-palindrome,baseline_vs_combined,accuracy,none,2200,0.5750000000000001,0.019790570145063163,0.555,0.605,6,"1000,1001,1002,1003,1004,1005",100000,200,True
even-palindrome,baseline_vs_combined,accuracy,none,2400,0.5933333333333334,0.03009245014211296,0.545,0.625,6,"1000,1001,1002,1003,1004,1005",100000,200,True
even-palindrome,baseline_vs_combined,accuracy,none,2600,0.5675,0.03837859646556484,0.495,0.605,6,"1000,1001,1002,1003,1004,1005",100000,200,True
even-palindrome,baseline_vs_combined,accuracy,none,2800,0.5716666666666667,0.017480147469502497,0.54,0.595,6,"1000,1001,1002,1003,1004,1005",100000,200,True
even-palindrome,baseline_vs_combined,accuracy,none,3000,0.5683333333333332,0.029533408577782236,0.505,0.59,6,"1000,1001,1002,1003,1004,1005",100000,200,True
even-palindrome,baseline_vs_combined,accuracy,none,3200,0.5716666666666667,0.027638539919628318,0.515,0.605,6,"1000,1001,1002,1003,1004,1005",100000,200,True
even-palindrome,baseline_vs_combined,accuracy,none,3400,0.5641666666666666,0.012720281268728085,0.54,0.575,6,"1000,1001,1002,1003,1004,1005",100000,200,True
even-palindrome,baseline_vs_combined,accuracy,none,3600,0.5641666666666666,0.02963903207296455,0.505,0.595,6,"1000,1001,1002,1003,1004,1005",100000,200,True
even-palindrome,baseline_vs_combined,accuracy,none,3800,0.5658333333333333,0.036448212881048374,0.525,0.61,6,"1000,1001,1002,1003,1004,1005",100000,200,True
even-palindrome,baseline_vs_combined,accuracy,none,4000,0.5850000000000001,0.03122498999199199,0.535,0.625,6,"1000,1001,1002,1003,1004,1005",100000,200,True
even-palindrome,baseline_vs_combined,accuracy,none,4200,0.5833333333333334,0.016749792701868167,0.565,0.615,6,"1000,1001,1002,1003,1004,1005",100000,200,True
even-palindrome,baseline_vs_combined,accuracy,none,4400,0.5791666666666666,0.031939613161227995,0.535,0.635,6,"1000,1001,1002,1003,1004,1005",100000,200,True
even-palindrome,baseline_vs_combined,accuracy,none,4600,0.6016666666666667,0.03880148908940939,0.545,0.67,6,"1000,1001,1002,1003,1004,1005",100000,200,True
even-palindrome,baseline_vs_combined,accuracy,none,4800,0.5683333333333334,0.017240134054647645,0.555,0.605,6,"1000,1001,1002,1003,1004,1005",100000,200,True
even-palindrome,baseline_vs_combined,accuracy,none,5000,0.5933333333333333,0.018181186857726208,0.57,0.62,6,"1000,1001,1002,1003,1004,1005",100000,200,True
even-palindrome,baseline_vs_combined,accuracy,none,5200,0.615,0.035472994422987965,0.565,0.665,6,"1000,1001,1002,1003,1004,1005",100000,200,True
even-palindrome,baseline_vs_combined,accuracy,none,5400,0.6150000000000001,0.03253203549323859,0.58,0.665,6,"1000,1001,1002,1003,1004,1005",100000,200,True
even-palindrome,baseline_vs_combined,accuracy,none,5600,0.6025,0.029119008682760274,0.575,0.655,6,"1000,1001,1002,1003,1004,1005",100000,200,True
even-palindrome,baseline_vs_combined,accuracy,none,5800,0.605,0.04518480570575319,0.54,0.67,6,"1000,1001,1002,1003,1004,1005",100000,200,True
even-palindrome,baseline_vs_combined,accuracy,none,6000,0.6233333333333334,0.022110831935702683,0.59,0.665,6,"1000,1001,1002,1003,1004,1005",100000,200,True
even-palindrome,baseline_vs_combined,accuracy,none,6200,0.6008333333333332,0.025399584423546943,0.56,0.635,6,"1000,1001,1002,1003,1004,1005",100000,200,True
even-palindrome,baseline_vs_combined,accuracy,none,6400,0.5891666666666667,0.017420454133639077,0.57,0.62,6,"1000,1001,1002,1003,1004,1005",100000,200,True
even-palindrome,baseline_vs_combined,accuracy,none,6600,0.6150000000000001,0.031490739379485336,0.575,0.655,6,"1000,1001,1002,1003,1004,1005",100000,200,True
even-palindrome,baseline_vs_combined,accuracy,none,6800,0.6175,0.03350994877147186,0.565,0.66,6,"1000,1001,1002,1003,1004,1005",100000,200,True
even-palindrome,baseline_vs_combined,accuracy,none,7000,0.6124999999999999,0.02445233458520204,0.585,0.655,6,"1000,1001,1002,1003,1004,1005",100000,200,True
even-palindrome,baseline_vs_combined,accuracy,none,7200,0.5883333333333334,0.04336537277085896,0.52,0.64,6,"1000,1001,1002,1003,1004,1005",100000,200,True
even-palindrome,baseline_vs_combined,accuracy,none,7400,0.6208333333333332,0.030743111242827893,0.565,0.66,6,"1000,1001,1002,1003,1004,1005",100000,200,True
even-palindrome,baseline_vs_combined,accuracy,none,7600,0.59,0.051559027660860034,0.525,0.69,6,"1000,1001,1002,1003,1004,1005",100000,200,True
even-palindrome,baseline_vs_combined,accuracy,none,7800,0.5991666666666667,0.043724198741149675,0.535,0.66,6,"1000,1001,1002,1003,1004,1005",100000,200,True
even-palindrome,baseline_vs_combined,accuracy,none,8000,0.6116666666666667,0.023570226039551608,0.585,0.65,6,"1000,1001,1002,1003,1004,1005",100000,200,True
even-palindrome,baseline_vs_combined,accuracy,none,8200,0.6041666666666666,0.02405144948276971,0.565,0.64,6,"1000,1001,1002,1003,1004,1005",100000,200,True
even-palindrome,baseline_vs_combined,accuracy,none,8400,0.6175,0.027500000000000024,0.59,0.675,6,"1000,1001,1002,1003,1004,1005",100000,200,True
even-palindrome,baseline_vs_combined,accuracy,none,8600,0.6075,0.015478479684172273,0.58,0.63,6,"1000,1001,1002,1003,1004,1005",100000,200,True
even-palindrome,baseline_vs_combined,accuracy,none,8800,0.6066666666666666,0.0328718048721934,0.565,0.645,6,"1000,1001,1002,1003,1004,1005",100000,200,True
even-palindrome,baseline_vs_combined,accuracy,none,9000,0.6425,0.014361406616345085,0.63,0.665,6,"1000,1001,1002,1003,1004,1005",100000,200,True
even-palindrome,baseline_vs_combined,accuracy,none,9200,0.6058333333333333,0.033468476046705366,0.58,0.67,6,"1000,1001,1002,1003,1004,1005",100000,200,True
even-palindrome,baseline_vs_combined,accuracy,none,9400,0.6191666666666666,0.04014729823481968,0.54,0.66,6,"1000,1001,1002,1003,1004,1005",100000,200,True
even-palindrome,baseline_vs_combined,accuracy,none,9600,0.6208333333333333,0.022988523706889558,0.595,0.66,6,"1000,1001,1002,1003,1004,1005",100000,200,True
even-palindrome,baseline_vs_combined,accuracy,none,9800,0.6116666666666667,0.032617309651301545,0.555,0.65,6,"1000,1001,1002,1003,1004,1005",100000,200,True
even-palindrome,baseline_vs_combined,accuracy,none,10000,0.6525,0.02340761984198025,0.615,0.685,6,"1000,1001,1002,1003,1004,1005",100000,200,True
even-palindrome,baseline_vs_combined,accuracy,none,10200,0.6383333333333333,0.03737943582000968,0.585,0.69,6,"1000,1001,1002,1003,1004,1005",100000,200,True
even-palindrome,baseline_vs_combined,accuracy,none,10400,0.63,0.031885210782848346,0.575,0.67,6,"1000,1001,1002,1003,1004,1005",100000,200,True
even-palindrome,baseline_vs_combined,accuracy,none,10600,0.6383333333333333,0.036590830666833614,0.585,0.685,6,"1000,1001,1002,1003,1004,1005",100000,200,True
even-palindrome,baseline_vs_combined,accuracy,none,10800,0.6425,0.04230346715499019,0.575,0.705,6,"1000,1001,1002,1003,1004,1005",100000,200,True
even-palindrome,baseline_vs_combined,accuracy,none,11000,0.6616666666666666,0.03197221015541811,0.62,0.705,6,"1000,1001,1002,1003,1004,1005",100000,200,True
even-palindrome,baseline_vs_combined,accuracy,none,11200,0.6325,0.033880918917093564,0.585,0.685,6,"1000,1001,1002,1003,1004,1005",100000,200,True
even-palindrome,baseline_vs_combined,accuracy,none,11400,0.6358333333333333,0.03644821288104843,0.57,0.68,6,"1000,1001,1002,1003,1004,1005",100000,200,True
even-palindrome,baseline_vs_combined,accuracy,none,11600,0.6241666666666666,0.03396280645385808,0.585,0.67,6,"1000,1001,1002,1003,1004,1005",100000,200,True
even-palindrome,baseline_vs_combined,accuracy,none,11800,0.6375,0.03400367627183861,0.59,0.695,6,"1000,1001,1002,1003,1004,1005",100000,200,True
even-palindrome,baseline_vs_combined,accuracy,none,12000,0.65,0.05795112883571238,0.59,0.765,6,"1000,1001,1002,1003,1004,1005",100000,200,True
even-palindrome,baseline_vs_combined,accuracy,none,12200,0.6441666666666667,0.019878100736460954,0.62,0.685,6,"1000,1001,1002,1003,1004,1005",100000,200,True
even-palindrome,baseline_vs_combined,accuracy,none,12400,0.6408333333333334,0.01835226295462105,0.605,0.665,6,"1000,1001,1002,1003,1004,1005",100000,200,True
even-palindrome,baseline_vs_combined,accuracy,none,12600,0.6466666666666666,0.042687494916219,0.58,0.71,6,"1000,1001,1002,1003,1004,1005",100000,200,True
even-palindrome,baseline_vs_combined,accuracy,none,12800,0.6283333333333333,0.023213980461973552,0.58,0.65,6,"1000,1001,1002,1003,1004,1005",100000,200,True
even-palindrome,baseline_vs_combined,accuracy,none,13000,0.6308333333333332,0.04314864488666541,0.565,0.695,6,"1000,1001,1002,1003,1004,1005",100000,200,True
even-palindrome,baseline_vs_combined,accuracy,none,13200,0.6483333333333333,0.05249338582674541,0.57,0.71,6,"1000,1001,1002,1003,1004,1005",100000,200,True
even-palindrome,baseline_vs_combined,accuracy,none,13400,0.6716666666666665,0.03670452590924205,0.625,0.715,6,"1000,1001,1002,1003,1004,1005",100000,200,True
even-palindrome,baseline_vs_combined,accuracy,none,13600,0.6708333333333334,0.02387758130315731,0.64,0.71,6,"1000,1001,1002,1003,1004,1005",100000,200,True
even-palindrome,baseline_vs_combined,accuracy,none,13800,0.6658333333333334,0.025725581734055213,0.62,0.705,6,"1000,1001,1002,1003,1004,1005",100000,200,True
even-palindrome,baseline_vs_combined,accuracy,none,14000,0.6525,0.016266017746619295,0.63,0.67,6,"1000,1001,1002,1003,1004,1005",100000,200,True
even-palindrome,baseline_vs_combined,accuracy,none,14200,0.665,0.04222953153106642,0.595,0.735,6,"1000,1001,1002,1003,1004,1005",100000,200,True
even-palindrome,baseline_vs_combined,accuracy,none,14400,0.6433333333333332,0.04169998667732269,0.595,0.7,6,"1000,1001,1002,1003,1004,1005",100000,200,True
even-palindrome,baseline_vs_combined,accuracy,none,14600,0.6491666666666667,0.05622993469279111,0.545,0.71,6,"1000,1001,1002,1003,1004,1005",100000,200,True
even-palindrome,baseline_vs_combined,accuracy,none,14800,0.6533333333333333,0.03362373500305335,0.62,0.72,6,"1000,1001,1002,1003,1004,1005",100000,200,True
even-palindrome,baseline_vs_combined,accuracy,none,15000,0.6675,0.052658490926598606,0.59,0.76,6,"1000,1001,1002,1003,1004,1005",100000,200,True
even-palindrome,baseline_vs_combined,accuracy,none,15200,0.66,0.05400617248673217,0.58,0.725,6,"1000,1001,1002,1003,1004,1005",100000,200,True
even-palindrome,baseline_vs_combined,accuracy,none,15400,0.6483333333333333,0.0474926894959167,0.57,0.73,6,"1000,1001,1002,1003,1004,1005",100000,200,True
even-palindrome,baseline_vs_combined,accuracy,none,15600,0.6733333333333333,0.04048319267163705,0.615,0.735,6,"1000,1001,1002,1003,1004,1005",100000,200,True
even-palindrome,baseline_vs_combined,accuracy,none,15800,0.6841666666666667,0.041973867531543425,0.63,0.765,6,"1000,1001,1002,1003,1004,1005",100000,200,True
even-palindrome,baseline_vs_combined,accuracy,none,16000,0.6483333333333333,0.02034425935955619,0.61,0.675,6,"1000,1001,1002,1003,1004,1005",100000,200,True
even-palindrome,baseline_vs_combined,accuracy,none,16200,0.6749999999999999,0.05354126134736337,0.615,0.76,6,"1000,1001,1002,1003,1004,1005",100000,200,True
even-palindrome,baseline_vs_combined,accuracy,none,16400,0.6825,0.055207940250172956,0.615,0.775,6,"1000,1001,1002,1003,1004,1005",100000,200,True
even-palindrome,baseline_vs_combined,accuracy,none,16600,0.665,0.033416562759605695,0.61,0.71,6,"1000,1001,1002,1003,1004,1005",100000,200,True
even-palindrome,baseline_vs_combined,accuracy,none,16800,0.6716666666666665,0.05145116346811044,0.58,0.745,6,"1000,1001,1002,1003,1004,1005",100000,200,True
even-palindrome,baseline_vs_combined,accuracy,none,17000,0.6516666666666667,0.07597514213360985,0.54,0.74,6,"1000,1001,1002,1003,1004,1005",100000,200,True
even-palindrome,baseline_vs_combined,accuracy,none,17200,0.6558333333333334,0.048940156200086744,0.585,0.735,6,"1000,1001,1002,1003,1004,1005",100000,200,True
even-palindrome,baseline_vs_combined,accuracy,none,17400,0.6691666666666668,0.035872072083384804,0.6,0.71,6,"1000,1001,1002,1003,1004,1005",100000,200,True
even-palindrome,baseline_vs_combined,accuracy,none,17600,0.6708333333333333,0.059680864232646264,0.585,0.76,6,"1000,1001,1002,1003,1004,1005",100000,200,True
even-palindrome,baseline_vs_combined,accuracy,none,17800,0.6716666666666667,0.02248456260538671,0.64,0.7,6,"1000,1001,1002,1003,1004,1005",100000,200,True
even-palindrome,baseline_vs_combined,accuracy,none,18000,0.71,0.07393691004272944,0.63,0.84,6,"1000,1001,1002,1003,1004,1005",100000,200,True
even-palindrome,baseline_vs_combined,accuracy,none,18200,0.7066666666666667,0.055876848714133995,0.665,0.825,6,"1000,1001,1002,1003,1004,1005",100000,200,True
even-palindrome,baseline_vs_combined,accuracy,none,18400,0.7058333333333332,0.05302646089977678,0.625,0.805,6,"1000,1001,1002,1003,1004,1005",100000,200,True
even-palindrome,baseline_vs_combined,accuracy,none,18600,0.6966666666666667,0.06718548123582123,0.645,0.84,6,"1000,1001,1002,1003,1004,1005",100000,200,True
even-palindrome,baseline_vs_combined,accuracy,none,18800,0.7016666666666668,0.05047001309908908,0.645,0.8,6,"1000,1001,1002,1003,1004,1005",100000,200,True
even-palindrome,baseline_vs_combined,accuracy,none,19000,0.7066666666666666,0.08522845117030398,0.59,0.84,6,"1000,1001,1002,1003,1004,1005",100000,200,True
even-palindrome,baseline_vs_combined,accuracy,none,19200,0.7008333333333333,0.06972664881919646,0.61,0.82,6,"1000,1001,1002,1003,1004,1005",100000,200,True
even-palindrome,baseline_vs_combined,accuracy,none,19400,0.6975000000000001,0.055808452167510736,0.62,0.785,6,"1000,1001,1002,1003,1004,1005",100000,200,True
even-palindrome,baseline_vs_combined,accuracy,none,19600,0.7191666666666666,0.06760280237452354,0.645,0.845,6,"1000,1001,1002,1003,1004,1005",100000,200,True
even-palindrome,baseline_vs_combined,accuracy,none,19800,0.7008333333333333,0.05798107928932986,0.645,0.8,6,"1000,1001,1002,1003,1004,1005",100000,200,True
even-palindrome,baseline_vs_combined,accuracy,none,20000,0.7324999999999999,0.061559591724875275,0.65,0.855,6,"1000,1001,1002,1003,1004,1005",100000,200,True
even-palindrome,baseline_vs_combined,accuracy,none,20200,0.6841666666666667,0.06496259607565642,0.625,0.805,6,"1000,1001,1002,1003,1004,1005",100000,200,True
even-palindrome,baseline_vs_combined,accuracy,none,20400,0.725,0.056862407030773256,0.68,0.845,6,"1000,1001,1002,1003,1004,1005",100000,200,True
even-palindrome,baseline_vs_combined,accuracy,none,20600,0.7366666666666665,0.06256108126374485,0.665,0.845,6,"1000,1001,1002,1003,1004,1005",100000,200,True
even-palindrome,baseline_vs_combined,accuracy,none,20800,0.7174999999999999,0.022314046398326494,0.69,0.745,6,"1000,1001,1002,1003,1004,1005",100000,200,True
even-palindrome,baseline_vs_combined,accuracy,none,21000,0.6958333333333333,0.03528652559956686,0.645,0.745,6,"1000,1001,1002,1003,1004,1005",100000,200,True
even-palindrome,baseline_vs_combined,accuracy,none,21200,0.7125,0.03375771516754849,0.66,0.77,6,"1000,1001,1002,1003,1004,1005",100000,200,True
even-palindrome,baseline_vs_combined,accuracy,none,21400,0.7108333333333333,0.03284010082539669,0.67,0.76,6,"1000,1001,1002,1003,1004,1005",100000,200,True
even-palindrome,baseline_vs_combined,accuracy,none,21600,0.7166666666666667,0.03704351795148811,0.64,0.755,6,"1000,1001,1002,1003,1004,1005",100000,200,True
even-palindrome,baseline_vs_combined,accuracy,none,21800,0.7050000000000001,0.03304037933599834,0.645,0.745,6,"1000,1001,1002,1003,1004,1005",100000,200,True
even-palindrome,baseline_vs_combined,accuracy,none,22000,0.7483333333333334,0.0396512575112344,0.665,0.78,6,"1000,1001,1002,1003,1004,1005",100000,200,True
even-palindrome,baseline_vs_combined,accuracy,none,22200,0.73,0.041231056256176596,0.675,0.78,6,"1000,1001,1002,1003,1004,1005",100000,200,True
even-palindrome,baseline_vs_combined,accuracy,none,22400,0.7324999999999999,0.028247418761130513,0.7,0.77,6,"1000,1001,1002,1003,1004,1005",100000,200,True
even-palindrome,baseline_vs_combined,accuracy,none,22600,0.7475,0.03727711541057507,0.68,0.795,6,"1000,1001,1002,1003,1004,1005",100000,200,True
even-palindrome,baseline_vs_combined,accuracy,none,22800,0.7183333333333334,0.03965125751123441,0.66,0.79,6,"1000,1001,1002,1003,1004,1005",100000,200,True
even-palindrome,baseline_vs_combined,accuracy,none,23000,0.7191666666666666,0.05995947705649949,0.645,0.785,6,"1000,1001,1002,1003,1004,1005",100000,200,True
even-palindrome,baseline_vs_combined,accuracy,none,23200,0.7091666666666666,0.04096916184427284,0.66,0.775,6,"1000,1001,1002,1003,1004,1005",100000,200,True
even-palindrome,baseline_vs_combined,accuracy,none,23400,0.7133333333333333,0.06328945848682509,0.615,0.79,6,"1000,1001,1002,1003,1004,1005",100000,200,True
even-palindrome,baseline_vs_combined,accuracy,none,23600,0.7341666666666665,0.021294887231967752,0.715,0.78,6,"1000,1001,1002,1003,1004,1005",100000,200,True
even-palindrome,baseline_vs_combined,accuracy,none,23800,0.7408333333333333,0.04117206442345212,0.7,0.8,6,"1000,1001,1002,1003,1004,1005",100000,200,True
even-palindrome,baseline_vs_combined,accuracy,none,24000,0.7616666666666667,0.056837976349933095,0.685,0.835,6,"1000,1001,1002,1003,1004,1005",100000,200,True
even-palindrome,baseline_vs_combined,accuracy,none,24200,0.7591666666666667,0.05426913385054978,0.675,0.845,6,"1000,1001,1002,1003,1004,1005",100000,200,True
even-palindrome,baseline_vs_combined,accuracy,none,24400,0.7875,0.04289036410819257,0.735,0.87,6,"1000,1001,1002,1003,1004,1005",100000,200,True
even-palindrome,baseline_vs_combined,accuracy,none,24600,0.7733333333333333,0.07214953607304453,0.675,0.87,6,"1000,1001,1002,1003,1004,1005",100000,200,True
even-palindrome,baseline_vs_combined,accuracy,none,24800,0.7441666666666666,0.07435369676231453,0.595,0.835,6,"1000,1001,1002,1003,1004,1005",100000,200,True
even-palindrome,baseline_vs_combined,accuracy,none,25000,0.7466666666666667,0.05233439489369195,0.655,0.805,6,"1000,1001,1002,1003,1004,1005",100000,200,True
even-palindrome,baseline_vs_combined,accuracy,none,25200,0.7316666666666668,0.0703957069398096,0.665,0.87,6,"1000,1001,1002,1003,1004,1005",100000,200,True
even-palindrome,baseline_vs_combined,accuracy,none,25400,0.7958333333333334,0.07661683162914588,0.665,0.905,6,"1000,1001,1002,1003,1004,1005",100000,200,True
even-palindrome,baseline_vs_combined,accuracy,none,25600,0.785,0.07958224257542214,0.67,0.88,6,"1000,1001,1002,1003,1004,1005",100000,200,True
even-palindrome,baseline_vs_combined,accuracy,none,25800,0.7958333333333334,0.07955169528188714,0.715,0.93,6,"1000,1001,1002,1003,1004,1005",100000,200,True
even-palindrome,baseline_vs_combined,accuracy,none,26000,0.8116666666666666,0.07220726340811492,0.705,0.935,6,"1000,1001,1002,1003,1004,1005",100000,200,True
even-palindrome,baseline_vs_combined,accuracy,none,26200,0.8141666666666666,0.06864259286737032,0.715,0.905,6,"1000,1001,1002,1003,1004,1005",100000,200,True
even-palindrome,baseline_vs_combined,accuracy,none,26400,0.82,0.07910962857537214,0.73,0.93,6,"1000,1001,1002,1003,1004,1005",100000,200,True
even-palindrome,baseline_vs_combined,accuracy,none,26600,0.8333333333333334,0.0816836716989523,0.725,0.945,6,"1000,1001,1002,1003,1004,1005",100000,200,True
even-palindrome,baseline_vs_combined,accuracy,none,26800,0.8316666666666666,0.07728015412913086,0.75,0.945,6,"1000,1001,1002,1003,1004,1005",100000,200,True
even-palindrome,baseline_vs_combined,accuracy,none,27000,0.85,0.058022983951763994,0.78,0.945,6,"1000,1001,1002,1003,1004,1005",100000,200,True
even-palindrome,baseline_vs_combined,accuracy,none,27200,0.84,0.0697614984548545,0.755,0.935,6,"1000,1001,1002,1003,1004,1005",100000,200,True
even-palindrome,baseline_vs_combined,accuracy,none,27400,0.8174999999999999,0.09599262124420464,0.72,0.96,6,"1000,1001,1002,1003,1004,1005",100000,200,True
even-palindrome,baseline_vs_combined,accuracy,none,27600,0.8291666666666667,0.07764323680928188,0.73,0.935,6,"1000,1001,1002,1003,1004,1005",100000,200,True
even-palindrome,baseline_vs_combined,accuracy,none,27800,0.79,0.030686587732536613,0.745,0.84,6,"1000,1001,1002,1003,1004,1005",100000,200,True
even-palindrome,baseline_vs_combined,accuracy,none,28000,0.7616666666666667,0.08759122228980609,0.625,0.89,6,"1000,1001,1002,1003,1004,1005",100000,200,True
even-palindrome,baseline_vs_combined,accuracy,none,28200,0.7625000000000001,0.07016349953263923,0.685,0.89,6,"1000,1001,1002,1003,1004,1005",100000,200,True
even-palindrome,baseline_vs_combined,accuracy,none,28400,0.7741666666666666,0.09740023385780733,0.59,0.91,6,"1000,1001,1002,1003,1004,1005",100000,200,True
even-palindrome,baseline_vs_combined,accuracy,none,28600,0.8241666666666667,0.09135173172353594,0.685,0.97,6,"1000,1001,1002,1003,1004,1005",100000,200,True
even-palindrome,baseline_vs_combined,accuracy,none,28800,0.8225000000000001,0.06884463184107625,0.68,0.89,6,"1000,1001,1002,1003,1004,1005",100000,200,True
even-palindrome,baseline_vs_combined,accuracy,none,29000,0.8083333333333332,0.11141763275572177,0.64,0.96,6,"1000,1001,1002,1003,1004,1005",100000,200,True
even-palindrome,baseline_vs_combined,accuracy,none,29200,0.8283333333333333,0.08434387285919996,0.735,0.945,6,"1000,1001,1002,1003,1004,1005",100000,200,True
even-palindrome,baseline_vs_combined,accuracy,none,29400,0.8483333333333333,0.08060534859562496,0.765,0.975,6,"1000,1001,1002,1003,1004,1005",100000,200,True
even-palindrome,baseline_vs_combined,accuracy,none,29600,0.8466666666666667,0.05030462757595524,0.79,0.92,6,"1000,1001,1002,1003,1004,1005",100000,200,True
even-palindrome,baseline_vs_combined,accuracy,none,29800,0.8350000000000001,0.041331989225457486,0.78,0.915,6,"1000,1001,1002,1003,1004,1005",100000,200,True
even-palindrome,baseline_vs_combined,accuracy,none,30000,0.8433333333333333,0.05153208277913432,0.795,0.945,6,"1000,1001,1002,1003,1004,1005",100000,200,True
even-palindrome,baseline_vs_combined,accuracy,none,30200,0.8575000000000003,0.08260094833999586,0.73,0.95,6,"1000,1001,1002,1003,1004,1005",100000,200,True
even-palindrome,baseline_vs_combined,accuracy,none,30400,0.8649999999999999,0.0720532210707243,0.74,0.96,6,"1000,1001,1002,1003,1004,1005",100000,200,True
even-palindrome,baseline_vs_combined,accuracy,none,30600,0.8525,0.06263319141371183,0.795,0.95,6,"1000,1001,1002,1003,1004,1005",100000,200,True
even-palindrome,baseline_vs_combined,accuracy,none,30800,0.8683333333333333,0.0686577664134866,0.77,0.955,6,"1000,1001,1002,1003,1004,1005",100000,200,True
even-palindrome,baseline_vs_combined,accuracy,none,31000,0.8691666666666666,0.06002892821150668,0.8,0.965,6,"1000,1001,1002,1003,1004,1005",100000,200,True
even-palindrome,baseline_vs_combined,accuracy,none,31200,0.8849999999999999,0.05163977794943224,0.815,0.96,6,"1000,1001,1002,1003,1004,1005",100000,200,True
even-palindrome,baseline_vs_combined,accuracy,none,31400,0.9100000000000001,0.05894913061275795,0.81,0.975,6,"1000,1001,1002,1003,1004,1005",100000,200,True
even-palindrome,baseline_vs_combined,accuracy,none,31600,0.8966666666666666,0.06472162612982532,0.785,0.97,6,"1000,1001,1002,1003,1004,1005",100000,200,True
even-palindrome,baseline_vs_combined,accuracy,none,31800,0.8933333333333334,0.0582141639885766,0.795,0.96,6,"1000,1001,1002,1003,1004,1005",100000,200,True
even-palindrome,baseline_vs_combined,accuracy,none,32000,0.8908333333333333,0.07892067043697878,0.785,0.98,6,"1000,1001,1002,1003,1004,1005",100000,200,True
even-palindrome,baseline_vs_combined,accuracy,none,32200,0.8958333333333331,0.0749675855879652,0.765,0.965,6,"1000,1001,1002,1003,1004,1005",100000,200,True
even-palindrome,baseline_vs_combined,accuracy,none,32400,0.8991666666666668,0.07196160241560925,0.775,0.98,6,"1000,1001,1002,1003,1004,1005",100000,200,True
even-palindrome,baseline_vs_combined,accuracy,none,32600,0.8908333333333331,0.06234425038089362,0.805,0.965,6,"1000,1001,1002,1003,1004,1005",100000,200,True
even-palindrome,baseline_vs_combined,accuracy,none,32800,0.9016666666666667,0.06823163163486239,0.79,0.965,6,"1000,1001,1002,1003,1004,1005",100000,200,True
even-palindrome,baseline_vs_combined,accuracy,none,33000,0.8691666666666666,0.10252709668939014,0.71,0.96,6,"1000,1001,1002,1003,1004,1005",100000,200,True
even-palindrome,baseline_vs_combined,accuracy,none,33200,0.9141666666666667,0.07138024158609221,0.81,0.98,6,"1000,1001,1002,1003,1004,1005",100000,200,True
even-palindrome,baseline_vs_combined,accuracy,none,33400,0.8958333333333334,0.06425318842067078,0.805,0.965,6,"1000,1001,1002,1003,1004,1005",100000,200,True
even-palindrome,baseline_vs_combined,accuracy,none,33600,0.9083333333333333,0.0830996724154527,0.79,0.985,6,"1000,1001,1002,1003,1004,1005",100000,200,True
even-palindrome,baseline_vs_combined,accuracy,none,33800,0.9041666666666667,0.07120490775844658,0.785,0.96,6,"1000,1001,1002,1003,1004,1005",100000,200,True
even-palindrome,baseline_vs_combined,accuracy,none,34000,0.9008333333333333,0.0638629174264864,0.785,0.96,6,"1000,1001,1002,1003,1004,1005",100000,200,True
even-palindrome,baseline_vs_combined,accuracy,none,34200,0.9116666666666666,0.06491447364716814,0.805,0.98,6,"1000,1001,1002,1003,1004,1005",100000,200,True
even-palindrome,baseline_vs_combined,accuracy,none,34400,0.9083333333333332,0.06890008869531464,0.815,0.98,6,"1000,1001,1002,1003,1004,1005",100000,200,True
even-palindrome,baseline_vs_combined,accuracy,none,34600,0.9166666666666666,0.06618576550554928,0.82,0.975,6,"1000,1001,1002,1003,1004,1005",100000,200,True
even-palindrome,baseline_vs_combined,accuracy,none,34800,0.9191666666666666,0.0799174921750899,0.795,0.985,6,"1000,1001,1002,1003,1004,1005",100000,200,True
even-palindrome,baseline_vs_combined,accuracy,none,35000,0.9191666666666666,0.05600719199848851,0.84,0.97,6,"1000,1001,1002,1003,1004,1005",100000,200,True
even-palindrome,baseline_vs_combined,accuracy,none,35200,0.9191666666666665,0.0585531572353039,0.85,0.985,6,"1000,1001,1002,1003,1004,1005",100000,200,True
even-palindrome,baseline_vs_combined,accuracy,none,35400,0.9291666666666667,0.060856160100865905,0.825,0.995,6,"1000,1001,1002,1003,1004,1005",100000,200,True
even-palindrome,baseline_vs_combined,accuracy,none,35600,0.9249999999999999,0.07708220719898116,0.78,0.995,6,"1000,1001,1002,1003,1004,1005",100000,200,True
even-palindrome,baseline_vs_combined,accuracy,none,35800,0.9366666666666665,0.046338129248192805,0.85,0.99,6,"1000,1001,1002,1003,1004,1005",100000,200,True
even-palindrome,baseline_vs_combined,accuracy,none,36000,0.9383333333333334,0.06148622248565573,0.825,0.985,6,"1000,1001,1002,1003,1004,1005",100000,200,True
even-palindrome,baseline_vs_combined,accuracy,none,36200,0.9258333333333334,0.06470552955934718,0.8,0.99,6,"1000,1001,1002,1003,1004,1005",100000,200,True
even-palindrome,baseline_vs_combined,accuracy,none,36400,0.9325000000000001,0.05580845216751073,0.84,0.98,6,"1000,1001,1002,1003,1004,1005",100000,200,True
even-palindrome,baseline_vs_combined,accuracy,none,36600,0.9458333333333333,0.04876958296133176,0.875,1.0,6,"1000,1001,1002,1003,1004,1005",100000,200,True
even-palindrome,baseline_vs_combined,accuracy,none,36800,0.92,0.06198117993929015,0.8,0.98,6,"1000,1001,1002,1003,1004,1005",100000,200,True
even-palindrome,baseline_vs_combined,accuracy,none,37000,0.9241666666666667,0.040043379255779867,0.87,0.98,6,"1000,1001,1002,1003,1004,1005",100000,200,True
even-palindrome,baseline_vs_combined,accuracy,none,37200,0.9241666666666667,0.06766440882932635,0.8,0.98,6,"1000,1001,1002,1003,1004,1005",100000,200,True
even-palindrome,baseline_vs_combined,accuracy,none,37400,0.9283333333333332,0.060254091608417396,0.845,0.985,6,"1000,1001,1002,1003,1004,1005",100000,200,True
even-palindrome,baseline_vs_combined,accuracy,none,37600,0.9508333333333333,0.03678956675774018,0.89,0.995,6,"1000,1001,1002,1003,1004,1005",100000,200,True
even-palindrome,baseline_vs_combined,accuracy,none,37800,0.9274999999999999,0.050394278775802846,0.84,0.99,6,"1000,1001,1002,1003,1004,1005",100000,200,True
even-palindrome,baseline_vs_combined,accuracy,none,38000,0.9283333333333332,0.050470013099089064,0.845,0.985,6,"1000,1001,1002,1003,1004,1005",100000,200,True
even-palindrome,baseline_vs_combined,accuracy,none,38200,0.9233333333333333,0.04179978734661482,0.875,0.965,6,"1000,1001,1002,1003,1004,1005",100000,200,True
even-palindrome,baseline_vs_combined,accuracy,none,38400,0.9325,0.045803020278870975,0.87,0.99,6,"1000,1001,1002,1003,1004,1005",100000,200,True
even-palindrome,baseline_vs_combined,accuracy,none,38600,0.9341666666666666,0.04056031174545984,0.88,0.995,6,"1000,1001,1002,1003,1004,1005",100000,200,True
even-palindrome,baseline_vs_combined,accuracy,none,38800,0.9341666666666666,0.037462944654981685,0.87,0.965,6,"1000,1001,1002,1003,1004,1005",100000,200,True
even-palindrome,baseline_vs_combined,accuracy,none,39000,0.9458333333333333,0.04738289658609832,0.865,1.0,6,"1000,1001,1002,1003,1004,1005",100000,200,True
even-palindrome,baseline_vs_combined,accuracy,none,39200,0.9441666666666667,0.0506965372475171,0.86,1.0,6,"1000,1001,1002,1003,1004,1005",100000,200,True
even-palindrome,baseline_vs_combined,accuracy,none,39400,0.9483333333333336,0.048961436071894605,0.855,1.0,6,"1000,1001,1002,1003,1004,1005",100000,200,True
even-palindrome,baseline_vs_combined,accuracy,none,39600,0.9291666666666666,0.060374985622266494,0.805,0.985,6,"1000,1001,1002,1003,1004,1005",100000,200,True
even-palindrome,baseline_vs_combined,accuracy,none,39800,0.9341666666666667,0.04978425677081282,0.835,0.98,6,"1000,1001,1002,1003,1004,1005",100000,200,True
even-palindrome,baseline_vs_combined,accuracy,none,40000,0.9458333333333333,0.0441037287413308,0.865,0.99,6,"1000,1001,1002,1003,1004,1005",100000,200,True
even-palindrome,baseline_vs_combined,accuracy,none,40200,0.9275000000000001,0.06355771655222782,0.82,0.985,6,"1000,1001,1002,1003,1004,1005",100000,200,True
even-palindrome,baseline_vs_combined,accuracy,none,40400,0.9441666666666665,0.03296673407475412,0.88,0.985,6,"1000,1001,1002,1003,1004,1005",100000,200,True
even-palindrome,baseline_vs_combined,accuracy,none,40600,0.9633333333333334,0.037932688922470134,0.885,0.995,6,"1000,1001,1002,1003,1004,1005",100000,200,True
even-palindrome,baseline_vs_combined,accuracy,none,40800,0.9524999999999998,0.051619602219828586,0.87,0.99,6,"1000,1001,1002,1003,1004,1005",100000,200,True
even-palindrome,baseline_vs_combined,accuracy,none,41000,0.9441666666666665,0.040969161844272836,0.88,0.985,6,"1000,1001,1002,1003,1004,1005",100000,200,True
even-palindrome,baseline_vs_combined,accuracy,none,41200,0.9483333333333334,0.04431578600102776,0.87,0.985,6,"1000,1001,1002,1003,1004,1005",100000,200,True
even-palindrome,baseline_vs_combined,accuracy,none,41400,0.945,0.041733280085163034,0.86,0.975,6,"1000,1001,1002,1003,1004,1005",100000,200,True
even-palindrome,baseline_vs_combined,accuracy,none,41600,0.96,0.043493294502332955,0.875,1.0,6,"1000,1001,1002,1003,1004,1005",100000,200,True
even-palindrome,baseline_vs_combined,accuracy,none,41800,0.9533333333333333,0.04543004390146336,0.885,1.0,6,"1000,1001,1002,1003,1004,1005",100000,200,True
even-palindrome,baseline_vs_combined,accuracy,none,42000,0.9516666666666667,0.030230595245361747,0.89,0.975,6,"1000,1001,1002,1003,1004,1005",100000,200,True
even-palindrome,baseline_vs_combined,accuracy,none,42200,0.9316666666666666,0.07414325473178406,0.79,0.995,6,"1000,1001,1002,1003,1004,1005",100000,200,True
even-palindrome,baseline_vs_combined,accuracy,none,42400,0.9608333333333333,0.04876958296133177,0.865,1.0,6,"1000,1001,1002,1003,1004,1005",100000,200,True
even-palindrome,baseline_vs_combined,accuracy,none,42600,0.9541666666666666,0.050283916138485305,0.85,0.995,6,"1000,1001,1002,1003,1004,1005",100000,200,True
even-palindrome,baseline_vs_combined,accuracy,none,42800,0.9525,0.04441752657078809,0.865,0.995,6,"1000,1001,1002,1003,1004,1005",100000,200,True
even-palindrome,baseline_vs_combined,accuracy,none,43000,0.9533333333333333,0.026246692913372685,0.915,0.985,6,"1000,1001,1002,1003,1004,1005",100000,200,True
even-palindrome,baseline_vs_combined,accuracy,none,43200,0.9758333333333332,0.03033379120533548,0.91,0.995,6,"1000,1001,1002,1003,1004,1005",100000,200,True
even-palindrome,baseline_vs_combined,accuracy,none,43400,0.96,0.041231056256176596,0.885,0.995,6,"1000,1001,1002,1003,1004,1005",100000,200,True
even-palindrome,baseline_vs_combined,accuracy,none,43600,0.9633333333333334,0.05807083796728116,0.835,1.0,6,"1000,1001,1002,1003,1004,1005",100000,200,True
even-palindrome,baseline_vs_combined,accuracy,none,43800,0.9491666666666667,0.03930825471690251,0.865,0.99,6,"1000,1001,1002,1003,1004,1005",100000,200,True
even-palindrome,baseline_vs_combined,accuracy,none,44000,0.9625,0.032882366094914746,0.91,1.0,6,"1000,1001,1002,1003,1004,1005",100000,200,True
even-palindrome,baseline_vs_combined,accuracy,none,44200,0.9591666666666666,0.04157489894422141,0.87,0.995,6,"1000,1001,1002,1003,1004,1005",100000,200,True
even-palindrome,baseline_vs_combined,accuracy,none,44400,0.9558333333333332,0.03779513490149522,0.875,0.99,6,"1000,1001,1002,1003,1004,1005",100000,200,True
even-palindrome,baseline_vs_combined,accuracy,none,44600,0.96,0.03807886552931954,0.885,1.0,6,"1000,1001,1002,1003,1004,1005",100000,200,True
even-palindrome,baseline_vs_combined,accuracy,none,44800,0.9691666666666667,0.027751376342244508,0.915,0.995,6,"1000,1001,1002,1003,1004,1005",100000,200,True
even-palindrome,baseline_vs_combined,accuracy,none,45000,0.9516666666666667,0.04588633299312067,0.88,0.99,6,"1000,1001,1002,1003,1004,1005",100000,200,True
even-palindrome,baseline_vs_combined,accuracy,none,45200,0.9641666666666665,0.01923899396769197,0.925,0.98,6,"1000,1001,1002,1003,1004,1005",100000,200,True
even-palindrome,baseline_vs_combined,accuracy,none,45400,0.9733333333333333,0.027638539919628318,0.915,1.0,6,"1000,1001,1002,1003,1004,1005",100000,200,True
even-palindrome,baseline_vs_combined,accuracy,none,45600,0.9616666666666666,0.04384315479321969,0.875,1.0,6,"1000,1001,1002,1003,1004,1005",100000,200,True
even-palindrome,baseline_vs_combined,accuracy,none,45800,0.9700000000000001,0.029154759474226494,0.915,1.0,6,"1000,1001,1002,1003,1004,1005",100000,200,True
even-palindrome,baseline_vs_combined,accuracy,none,46000,0.9600000000000001,0.04627814458971607,0.86,0.99,6,"1000,1001,1002,1003,1004,1005",100000,200,True
even-palindrome,baseline_vs_combined,accuracy,none,46200,0.9608333333333334,0.030333791205335484,0.905,0.995,6,"1000,1001,1002,1003,1004,1005",100000,200,True
even-palindrome,baseline_vs_combined,accuracy,none,46400,0.9624999999999999,0.0387029283991104,0.88,1.0,6,"1000,1001,1002,1003,1004,1005",100000,200,True
even-palindrome,baseline_vs_combined,accuracy,none,46600,0.9766666666666666,0.022852182001336794,0.93,1.0,6,"1000,1001,1002,1003,1004,1005",100000,200,True
even-palindrome,baseline_vs_combined,accuracy,none,46800,0.9716666666666666,0.026246692913372695,0.93,0.995,6,"1000,1001,1002,1003,1004,1005",100000,200,True
even-palindrome,baseline_vs_combined,accuracy,none,47000,0.9758333333333332,0.02805005446617804,0.915,1.0,6,"1000,1001,1002,1003,1004,1005",100000,200,True
even-palindrome,baseline_vs_combined,accuracy,none,47200,0.9775,0.03211308144666281,0.91,1.0,6,"1000,1001,1002,1003,1004,1005",100000,200,True
even-palindrome,baseline_vs_combined,accuracy,none,47400,0.9741666666666667,0.03621885635350121,0.895,1.0,6,"1000,1001,1002,1003,1004,1005",100000,200,True
even-palindrome,baseline_vs_combined,accuracy,none,47600,0.9674999999999999,0.023407619841980223,0.93,1.0,6,"1000,1001,1002,1003,1004,1005",100000,200,True
even-palindrome,baseline_vs_combined,accuracy,none,47800,0.9733333333333333,0.026087459737497532,0.92,0.995,6,"1000,1001,1002,1003,1004,1005",100000,200,True
even-palindrome,baseline_vs_combined,accuracy,none,48000,0.9733333333333333,0.036476781047065476,0.895,1.0,6,"1000,1001,1002,1003,1004,1005",100000,200,True
even-palindrome,baseline_vs_combined,accuracy,none,48200,0.9741666666666667,0.025399584423546943,0.935,1.0,6,"1000,1001,1002,1003,1004,1005",100000,200,True
even-palindrome,baseline_vs_combined,accuracy,none,48400,0.9658333333333333,0.024565671621639442,0.92,1.0,6,"1000,1001,1002,1003,1004,1005",100000,200,True
even-palindrome,baseline_vs_combined,accuracy,none,48600,0.9683333333333334,0.033747427885527634,0.895,0.995,6,"1000,1001,1002,1003,1004,1005",100000,200,True
even-palindrome,baseline_vs_combined,accuracy,none,48800,0.9741666666666666,0.024902587995806545,0.925,0.995,6,"1000,1001,1002,1003,1004,1005",100000,200,True
even-palindrome,baseline_vs_combined,accuracy,none,49000,0.9683333333333333,0.027938424357067008,0.915,1.0,6,"1000,1001,1002,1003,1004,1005",100000,200,True
even-palindrome,baseline_vs_combined,accuracy,none,49200,0.9808333333333333,0.02805005446617804,0.92,1.0,6,"1000,1001,1002,1003,1004,1005",100000,200,True
even-palindrome,baseline_vs_combined,accuracy,none,49400,0.975,0.026299556396765816,0.92,1.0,6,"1000,1001,1002,1003,1004,1005",100000,200,True
even-palindrome,baseline_vs_combined,accuracy,none,49600,0.9708333333333332,0.03757400105865165,0.89,1.0,6,"1000,1001,1002,1003,1004,1005",100000,200,True
even-palindrome,baseline_vs_combined,accuracy,none,49800,0.9658333333333333,0.03334374837290425,0.895,1.0,6,"1000,1001,1002,1003,1004,1005",100000,200,True
even-palindrome,baseline_vs_combined,accuracy,none,50000,0.9741666666666667,0.03206980234148975,0.905,0.995,6,"1000,1001,1002,1003,1004,1005",100000,200,True
even-palindrome,baseline_vs_combined,accuracy,none,50200,0.965,0.03214550253664318,0.91,1.0,6,"1000,1001,1002,1003,1004,1005",100000,200,True
even-palindrome,baseline_vs_combined,accuracy,none,50400,0.9800000000000001,0.021984843263788183,0.935,1.0,6,"1000,1001,1002,1003,1004,1005",100000,200,True
even-palindrome,baseline_vs_combined,accuracy,none,50600,0.9783333333333332,0.018856180831641284,0.94,1.0,6,"1000,1001,1002,1003,1004,1005",100000,200,True
even-palindrome,baseline_vs_combined,accuracy,none,50800,0.9791666666666666,0.02699022456783606,0.92,1.0,6,"1000,1001,1002,1003,1004,1005",100000,200,True
even-palindrome,baseline_vs_combined,accuracy,none,51000,0.9775,0.01842778698958,0.945,1.0,6,"1000,1001,1002,1003,1004,1005",100000,200,True
even-palindrome,baseline_vs_combined,accuracy,none,51200,0.9700000000000001,0.0429146439652791,0.875,1.0,6,"1000,1001,1002,1003,1004,1005",100000,200,True
even-palindrome,baseline_vs_combined,accuracy,none,51400,0.9674999999999999,0.03105774192264036,0.9,0.995,6,"1000,1001,1002,1003,1004,1005",100000,200,True
even-palindrome,baseline_vs_combined,accuracy,none,51600,0.9775,0.03749999999999999,0.895,1.0,6,"1000,1001,1002,1003,1004,1005",100000,200,True
even-palindrome,baseline_vs_combined,accuracy,none,51800,0.9725000000000001,0.03567795771434607,0.905,1.0,6,"1000,1001,1002,1003,1004,1005",100000,200,True
even-palindrome,baseline_vs_combined,accuracy,none,52000,0.9758333333333334,0.03232860790211803,0.905,1.0,6,"1000,1001,1002,1003,1004,1005",100000,200,True
even-palindrome,baseline_vs_combined,accuracy,none,52200,0.9741666666666666,0.02863806712906596,0.915,1.0,6,"1000,1001,1002,1003,1004,1005",100000,200,True
even-palindrome,baseline_vs_combined,accuracy,none,52400,0.9750000000000001,0.028867513459481277,0.915,0.995,6,"1000,1001,1002,1003,1004,1005",100000,200,True
even-palindrome,baseline_vs_combined,accuracy,none,52600,0.9758333333333332,0.02316906462409639,0.93,1.0,6,"1000,1001,1002,1003,1004,1005",100000,200,True
even-palindrome,baseline_vs_combined,accuracy,none,52800,0.9775000000000001,0.034850872777210794,0.9,1.0,6,"1000,1001,1002,1003,1004,1005",100000,200,True
even-palindrome,baseline_vs_combined,accuracy,none,53000,0.9750000000000001,0.03201562118716423,0.905,1.0,6,"1000,1001,1002,1003,1004,1005",100000,200,True
even-palindrome,baseline_vs_combined,accuracy,none,53200,0.9841666666666667,0.016180406532456344,0.95,1.0,6,"1000,1001,1002,1003,1004,1005",100000,200,True
even-palindrome,baseline_vs_combined,accuracy,none,53400,0.9808333333333333,0.02849220166213125,0.92,1.0,6,"1000,1001,1002,1003,1004,1005",100000,200,True
even-palindrome,baseline_vs_combined,accuracy,none,53600,0.965,0.025658007197234413,0.925,0.995,6,"1000,1001,1002,1003,1004,1005",100000,200,True
even-palindrome,baseline_vs_combined,accuracy,none,53800,0.9708333333333333,0.034207292919622975,0.9,1.0,6,"1000,1001,1002,1003,1004,1005",100000,200,True
even-palindrome,baseline_vs_combined,accuracy,none,54000,0.9841666666666667,0.015656911856713293,0.95,0.995,6,"1000,1001,1002,1003,1004,1005",100000,200,True
even-palindrome,baseline_vs_combined,accuracy,none,54200,0.9708333333333332,0.034085268893695925,0.895,0.99,6,"1000,1001,1002,1003,1004,1005",100000,200,True
even-palindrome,baseline_vs_combined,accuracy,none,54400,0.9708333333333333,0.04540710908608426,0.87,1.0,6,"1000,1001,1002,1003,1004,1005",100000,200,True
even-palindrome,baseline_vs_combined,accuracy,none,54600,0.9750000000000001,0.029860788111948186,0.915,1.0,6,"1000,1001,1002,1003,1004,1005",100000,200,True
even-palindrome,baseline_vs_combined,accuracy,none,54800,0.9658333333333333,0.03610363170405744,0.89,1.0,6,"1000,1001,1002,1003,1004,1005",100000,200,True
even-palindrome,baseline_vs_combined,accuracy,none,55000,0.9766666666666667,0.027028791233711408,0.92,1.0,6,"1000,1001,1002,1003,1004,1005",100000,200,True
even-palindrome,baseline_vs_combined,accuracy,none,55200,0.9758333333333334,0.030196118219989056,0.915,1.0,6,"1000,1001,1002,1003,1004,1005",100000,200,True
even-palindrome,baseline_vs_combined,accuracy,none,55400,0.9741666666666666,0.03383990084041158,0.905,1.0,6,"1000,1001,1002,1003,1004,1005",100000,200,True
even-palindrome,baseline_vs_combined,accuracy,none,55600,0.9666666666666667,0.034960294939005036,0.905,1.0,6,"1000,1001,1002,1003,1004,1005",100000,200,True
even-palindrome,baseline_vs_combined,accuracy,none,55800,0.9824999999999999,0.02212653007891957,0.935,1.0,6,"1000,1001,1002,1003,1004,1005",100000,200,True
even-palindrome,baseline_vs_combined,accuracy,none,56000,0.9750000000000001,0.027688746209726906,0.92,1.0,6,"1000,1001,1002,1003,1004,1005",100000,200,True
even-palindrome,baseline_vs_combined,accuracy,none,56200,0.98,0.025980762113533142,0.925,1.0,6,"1000,1001,1002,1003,1004,1005",100000,200,True
even-palindrome,baseline_vs_combined,accuracy,none,56400,0.9733333333333333,0.03064129385141705,0.915,0.995,6,"1000,1001,1002,1003,1004,1005",100000,200,True
even-palindrome,baseline_vs_combined,accuracy,none,56600,0.9783333333333334,0.02544056253745623,0.925,1.0,6,"1000,1001,1002,1003,1004,1005",100000,200,True
even-palindrome,baseline_vs_combined,accuracy,none,56800,0.9733333333333333,0.02733536577809453,0.915,0.995,6,"1000,1001,1002,1003,1004,1005",100000,200,True
even-palindrome,baseline_vs_combined,accuracy,none,57000,0.9716666666666667,0.030368111930480984,0.91,1.0,6,"1000,1001,1002,1003,1004,1005",100000,200,True
even-palindrome,baseline_vs_combined,accuracy,none,57200,0.9816666666666666,0.027938424357067,0.92,1.0,6,"1000,1001,1002,1003,1004,1005",100000,200,True
even-palindrome,baseline_vs_combined,accuracy,none,57400,0.985,0.021213203435596444,0.94,1.0,6,"1000,1001,1002,1003,1004,1005",100000,200,True
even-palindrome,baseline_vs_combined,accuracy,none,57600,0.9833333333333333,0.017240134054647683,0.95,1.0,6,"1000,1001,1002,1003,1004,1005",100000,200,True
even-palindrome,baseline_vs_combined,accuracy,none,57800,0.9849999999999999,0.02483277404291888,0.93,1.0,6,"1000,1001,1002,1003,1004,1005",100000,200,True
even-palindrome,baseline_vs_combined,accuracy,none,58000,0.9858333333333333,0.02744944848666766,0.925,1.0,6,"1000,1001,1002,1003,1004,1005",100000,200,True
even-palindrome,baseline_vs_combined,accuracy,none,58200,0.98,0.024324199198877357,0.93,1.0,6,"1000,1001,1002,1003,1004,1005",100000,200,True
even-palindrome,baseline_vs_combined,accuracy,none,58400,0.98,0.03427827300200521,0.905,1.0,6,"1000,1001,1002,1003,1004,1005",100000,200,True
even-palindrome,baseline_vs_combined,accuracy,none,58600,0.9874999999999999,0.008539125638299673,0.97,0.995,6,"1000,1001,1002,1003,1004,1005",100000,200,True
even-palindrome,baseline_vs_combined,accuracy,none,58800,0.9758333333333334,0.020699570580623678,0.93,0.99,6,"1000,1001,1002,1003,1004,1005",100000,200,True
even-palindrome,baseline_vs_combined,accuracy,none,59000,0.9783333333333334,0.03399346342395189,0.905,1.0,6,"1000,1001,1002,1003,1004,1005",100000,200,True
even-palindrome,baseline_vs_combined,accuracy,none,59200,0.985,0.020816659994661348,0.94,1.0,6,"1000,1001,1002,1003,1004,1005",100000,200,True
even-palindrome,baseline_vs_combined,accuracy,none,59400,0.9874999999999999,0.025779513830430017,0.93,1.0,6,"1000,1001,1002,1003,1004,1005",100000,200,True
even-palindrome,baseline_vs_combined,accuracy,none,59600,0.9758333333333332,0.026365486699260608,0.92,1.0,6,"1000,1001,1002,1003,1004,1005",100000,200,True
even-palindrome,baseline_vs_combined,accuracy,none,59800,0.9783333333333334,0.020548046676563275,0.945,1.0,6,"1000,1001,1002,1003,1004,1005",100000,200,True
even-palindrome,baseline_vs_combined,accuracy,none,60000,0.9766666666666667,0.032998316455372205,0.905,1.0,6,"1000,1001,1002,1003,1004,1005",100000,200,True
even-palindrome,baseline_vs_combined,accuracy,none,60200,0.9691666666666667,0.031012990109880647,0.905,1.0,6,"1000,1001,1002,1003,1004,1005",100000,200,True
even-palindrome,baseline_vs_combined,accuracy,none,60400,0.9858333333333333,0.014553540997144163,0.955,1.0,6,"1000,1001,1002,1003,1004,1005",100000,200,True
even-palindrome,baseline_vs_combined,accuracy,none,60600,0.9841666666666667,0.016935334527417994,0.95,1.0,6,"1000,1001,1002,1003,1004,1005",100000,200,True
even-palindrome,baseline_vs_combined,accuracy,none,60800,0.9825,0.01842778698958,0.945,1.0,6,"1000,1001,1002,1003,1004,1005",100000,200,True
even-palindrome,baseline_vs_combined,accuracy,none,61000,0.9783333333333334,0.014907119849998611,0.95,0.995,6,"1000,1001,1002,1003,1004,1005",100000,200,True
even-palindrome,baseline_vs_combined,accuracy,none,61200,0.9758333333333332,0.022063670491456192,0.93,1.0,6,"1000,1001,1002,1003,1004,1005",100000,200,True
even-palindrome,baseline_vs_combined,accuracy,none,61400,0.9775,0.02155419526062925,0.93,0.99,6,"1000,1001,1002,1003,1004,1005",100000,200,True
even-palindrome,baseline_vs_combined,accuracy,none,61600,0.9841666666666665,0.02456567162163944,0.93,1.0,6,"1000,1001,1002,1003,1004,1005",100000,200,True
even-palindrome,baseline_vs_combined,accuracy,none,61800,0.9783333333333334,0.03009245014211297,0.915,1.0,6,"1000,1001,1002,1003,1004,1005",100000,200,True
even-palindrome,baseline_vs_combined,accuracy,none,62000,0.9824999999999999,0.020766559657295208,0.94,1.0,6,"1000,1001,1002,1003,1004,1005",100000,200,True
even-palindrome,baseline_vs_combined,accuracy,none,62200,0.9858333333333333,0.01538848776051617,0.955,1.0,6,"1000,1001,1002,1003,1004,1005",100000,200,True
even-palindrome,baseline_vs_combined,accuracy,none,62400,0.9816666666666666,0.023921166824012186,0.93,1.0,6,"1000,1001,1002,1003,1004,1005",100000,200,True
even-palindrome,baseline_vs_combined,accuracy,none,62600,0.9733333333333333,0.03312434485725297,0.9,0.995,6,"1000,1001,1002,1003,1004,1005",100000,200,True
even-palindrome,baseline_vs_combined,accuracy,none,62800,0.9808333333333333,0.022063670491456192,0.935,1.0,6,"1000,1001,1002,1003,1004,1005",100000,200,True
even-palindrome,baseline_vs_combined,accuracy,none,63000,0.9841666666666667,0.019454362549881272,0.945,1.0,6,"1000,1001,1002,1003,1004,1005",100000,200,True
even-palindrome,baseline_vs_combined,accuracy,none,63200,0.9875000000000002,0.02155419526062929,0.94,1.0,6,"1000,1001,1002,1003,1004,1005",100000,200,True
even-palindrome,baseline_vs_combined,accuracy,none,63400,0.9800000000000001,0.016832508230603477,0.945,0.995,6,"1000,1001,1002,1003,1004,1005",100000,200,True
even-palindrome,baseline_vs_combined,accuracy,none,63600,0.9866666666666667,0.011055415967851341,0.965,0.995,6,"1000,1001,1002,1003,1004,1005",100000,200,True
even-palindrome,baseline_vs_combined,accuracy,none,63800,0.985,0.029154759474226487,0.92,1.0,6,"1000,1001,1002,1003,1004,1005",100000,200,True
even-palindrome,baseline_vs_combined,accuracy,none,64000,0.9699999999999999,0.03013856886670852,0.925,1.0,6,"1000,1001,1002,1003,1004,1005",100000,200,True
even-palindrome,baseline_vs_combined,accuracy,none,64200,0.985,0.02483277404291888,0.93,1.0,6,"1000,1001,1002,1003,1004,1005",100000,200,True
even-palindrome,baseline_vs_combined,accuracy,none,64400,0.9725000000000001,0.03705289012569284,0.895,1.0,6,"1000,1001,1002,1003,1004,1005",100000,200,True
even-palindrome,baseline_vs_combined,accuracy,none,64600,0.9791666666666666,0.02370243775554647,0.93,1.0,6,"1000,1001,1002,1003,1004,1005",100000,200,True
even-palindrome,baseline_vs_combined,accuracy,none,64800,0.9833333333333334,0.026404965862924748,0.925,1.0,6,"1000,1001,1002,1003,1004,1005",100000,200,True
even-palindrome,baseline_vs_combined,accuracy,none,65000,0.9816666666666666,0.02392116682401219,0.93,1.0,6,"1000,1001,1002,1003,1004,1005",100000,200,True
even-palindrome,baseline_vs_combined,accuracy,none,65200,0.9866666666666667,0.027638539919628318,0.925,1.0,6,"1000,1001,1002,1003,1004,1005",100000,200,True
even-palindrome,baseline_vs_combined,accuracy,none,65400,0.9874999999999999,0.015478479684172273,0.955,1.0,6,"1000,1001,1002,1003,1004,1005",100000,200,True
even-palindrome,baseline_vs_combined,accuracy,none,65600,0.9799999999999999,0.023629078131263023,0.93,1.0,6,"1000,1001,1002,1003,1004,1005",100000,200,True
even-palindrome,baseline_vs_combined,accuracy,none,65800,0.9824999999999999,0.01181453906563153,0.97,1.0,6,"1000,1001,1002,1003,1004,1005",100000,200,True
even-palindrome,baseline_vs_combined,accuracy,none,66000,0.9833333333333333,0.03104656001699525,0.915,1.0,6,"1000,1001,1002,1003,1004,1005",100000,200,True
even-palindrome,baseline_vs_combined,accuracy,none,66200,0.9816666666666666,0.024094720491334914,0.93,1.0,6,"1000,1001,1002,1003,1004,1005",100000,200,True
even-palindrome,baseline_vs_combined,accuracy,none,66400,0.9783333333333332,0.02094967514996091,0.94,0.995,6,"1000,1001,1002,1003,1004,1005",100000,200,True
even-palindrome,baseline_vs_combined,accuracy,none,66600,0.9883333333333333,0.019720265943665403,0.945,1.0,6,"1000,1001,1002,1003,1004,1005",100000,200,True
even-palindrome,baseline_vs_combined,accuracy,none,66800,0.9841666666666665,0.02206367049145619,0.935,0.995,6,"1000,1001,1002,1003,1004,1005",100000,200,True
even-palindrome,baseline_vs_combined,accuracy,none,67000,0.9816666666666668,0.017480147469502542,0.945,1.0,6,"1000,1001,1002,1003,1004,1005",100000,200,True
even-palindrome,baseline_vs_combined,accuracy,none,67200,0.9783333333333332,0.02192157739660986,0.94,1.0,6,"1000,1001,1002,1003,1004,1005",100000,200,True
even-palindrome,baseline_vs_combined,accuracy,none,67400,0.98,0.027537852736430495,0.92,1.0,6,"1000,1001,1002,1003,1004,1005",100000,200,True
even-palindrome,baseline_vs_combined,accuracy,none,67600,0.9808333333333333,0.021489661597046024,0.935,1.0,6,"1000,1001,1002,1003,1004,1005",100000,200,True
even-palindrome,baseline_vs_combined,accuracy,none,67800,0.9891666666666667,0.020086617988656602,0.945,1.0,6,"1000,1001,1002,1003,1004,1005",100000,200,True
even-palindrome,baseline_vs_combined,accuracy,none,68000,0.9858333333333333,0.025235006549544515,0.93,1.0,6,"1000,1001,1002,1003,1004,1005",100000,200,True
even-palindrome,baseline_vs_combined,accuracy,none,68200,0.985,0.02929732638541156,0.92,1.0,6,"1000,1001,1002,1003,1004,1005",100000,200,True
even-palindrome,baseline_vs_combined,accuracy,none,68400,0.9791666666666666,0.03575572992154155,0.9,1.0,6,"1000,1001,1002,1003,1004,1005",100000,200,True
even-palindrome,baseline_vs_combined,accuracy,none,68600,0.9766666666666667,0.028528737947706134,0.915,1.0,6,"1000,1001,1002,1003,1004,1005",100000,200,True
even-palindrome,baseline_vs_combined,accuracy,none,68800,0.9858333333333333,0.01835226295462105,0.945,0.995,6,"1000,1001,1002,1003,1004,1005",100000,200,True
even-palindrome,baseline_vs_combined,accuracy,none,69000,0.985,0.0214087209644419,0.94,1.0,6,"1000,1001,1002,1003,1004,1005",100000,200,True
even-palindrome,baseline_vs_combined,accuracy,none,69200,0.9841666666666667,0.028927591596182953,0.92,1.0,6,"1000,1001,1002,1003,1004,1005",100000,200,True
even-palindrome,baseline_vs_combined,accuracy,none,69400,0.9799999999999999,0.021213203435596403,0.935,1.0,6,"1000,1001,1002,1003,1004,1005",100000,200,True
even-palindrome,baseline_vs_combined,accuracy,none,69600,0.9841666666666667,0.01812380264244297,0.945,1.0,6,"1000,1001,1002,1003,1004,1005",100000,200,True
even-palindrome,baseline_vs_combined,accuracy,none,69800,0.9874999999999999,0.013149778198382927,0.96,1.0,6,"1000,1001,1002,1003,1004,1005",100000,200,True
even-palindrome,baseline_vs_combined,accuracy,none,70000,0.9816666666666666,0.027788886667555097,0.92,1.0,6,"1000,1001,1002,1003,1004,1005",100000,200,True
even-palindrome,baseline_vs_combined,accuracy,none,70200,0.9816666666666668,0.019507833184532728,0.94,1.0,6,"1000,1001,1002,1003,1004,1005",100000,200,True
even-palindrome,baseline_vs_combined,accuracy,none,70400,0.98,0.026457513110645897,0.93,1.0,6,"1000,1001,1002,1003,1004,1005",100000,200,True
even-palindrome,baseline_vs_combined,accuracy,none,70600,0.9824999999999999,0.02268442931469365,0.935,1.0,6,"1000,1001,1002,1003,1004,1005",100000,200,True
even-palindrome,baseline_vs_combined,accuracy,none,70800,0.9900000000000001,0.018027756377319962,0.95,1.0,6,"1000,1001,1002,1003,1004,1005",100000,200,True
even-palindrome,baseline_vs_combined,accuracy,none,71000,0.9883333333333334,0.019507833184532725,0.945,1.0,6,"1000,1001,1002,1003,1004,1005",100000,200,True
even-palindrome,baseline_vs_combined,accuracy,none,71200,0.9841666666666665,0.022623119934163695,0.935,1.0,6,"1000,1001,1002,1003,1004,1005",100000,200,True
even-palindrome,baseline_vs_combined,accuracy,none,71400,0.9875000000000002,0.01701714821388513,0.955,1.0,6,"1000,1001,1002,1003,1004,1005",100000,200,True
even-palindrome,baseline_vs_combined,accuracy,none,71600,0.9858333333333333,0.015115297622680893,0.955,1.0,6,"1000,1001,1002,1003,1004,1005",100000,200,True
even-palindrome,baseline_vs_combined,accuracy,none,71800,0.9866666666666667,0.01433720877840439,0.955,0.995,6,"1000,1001,1002,1003,1004,1005",100000,200,True
even-palindrome,baseline_vs_combined,accuracy,none,72000,0.9858333333333333,0.013667682889047282,0.96,1.0,6,"1000,1001,1002,1003,1004,1005",100000,200,True
even-palindrome,baseline_vs_combined,accuracy,none,72200,0.9833333333333334,0.016996731711975962,0.95,1.0,6,"1000,1001,1002,1003,1004,1005",100000,200,True
even-palindrome,baseline_vs_combined,accuracy,none,72400,0.9875000000000002,0.02155419526062929,0.94,1.0,6,"1000,1001,1002,1003,1004,1005",100000,200,True
even-palindrome,baseline_vs_combined,accuracy,none,72600,0.9833333333333334,0.020138409955990973,0.94,1.0,6,"1000,1001,1002,1003,1004,1005",100000,200,True
even-palindrome,baseline_vs_combined,accuracy,none,72800,0.9958333333333332,0.009316949906249133,0.975,1.0,6,"1000,1001,1002,1003,1004,1005",100000,200,True
even-palindrome,baseline_vs_combined,accuracy,none,73000,0.9916666666666667,0.012472191289246483,0.965,1.0,6,"1000,1001,1002,1003,1004,1005",100000,200,True
even-palindrome,baseline_vs_combined,accuracy,none,73200,0.9874999999999999,0.013768926368215268,0.96,1.0,6,"1000,1001,1002,1003,1004,1005",100000,200,True
even-palindrome,baseline_vs_combined,accuracy,none,73400,0.9866666666666667,0.012801909579781025,0.965,1.0,6,"1000,1001,1002,1003,1004,1005",100000,200,True
even-palindrome,baseline_vs_combined,accuracy,none,73600,0.9883333333333333,0.011785113019775802,0.965,1.0,6,"1000,1001,1002,1003,1004,1005",100000,200,True
even-palindrome,baseline_vs_combined,accuracy,none,73800,0.9808333333333333,0.016687486995417337,0.945,0.995,6,"1000,1001,1002,1003,1004,1005",100000,200,True
even-palindrome,baseline_vs_combined,accuracy,none,74000,0.9908333333333332,0.01096078869830493,0.97,1.0,6,"1000,1001,1002,1003,1004,1005",100000,200,True
even-palindrome,baseline_vs_combined,accuracy,none,74200,0.9858333333333333,0.008858454843945549,0.97,0.995,6,"1000,1001,1002,1003,1004,1005",100000,200,True
even-palindrome,baseline_vs_combined,accuracy,none,74400,0.9891666666666666,0.014837078178970727,0.96,1.0,6,"1000,1001,1002,1003,1004,1005",100000,200,True
even-palindrome,baseline_vs_combined,accuracy,none,74600,0.9874999999999999,0.015478479684172273,0.955,1.0,6,"1000,1001,1002,1003,1004,1005",100000,200,True
even-palindrome,baseline_vs_combined,accuracy,none,74800,0.9883333333333333,0.021730674684008848,0.94,1.0,6,"1000,1001,1002,1003,1004,1005",100000,200,True
even-palindrome,baseline_vs_combined,accuracy,none,75000,0.9908333333333333,0.010172129679778095,0.97,1.0,6,"1000,1001,1002,1003,1004,1005",100000,200,True
even-palindrome,baseline_vs_combined,accuracy,none,75200,0.9891666666666666,0.013969212178533521,0.96,1.0,6,"1000,1001,1002,1003,1004,1005",100000,200,True
even-palindrome,baseline_vs_combined,accuracy,none,75400,0.985,0.01527525231651948,0.955,1.0,6,"1000,1001,1002,1003,1004,1005",100000,200,True
even-palindrome,baseline_vs_combined,accuracy,none,75600,0.9883333333333334,0.01795054935711503,0.95,1.0,6,"1000,1001,1002,1003,1004,1005",100000,200,True
even-palindrome,baseline_vs_combined,accuracy,none,75800,0.9883333333333333,0.004714045207910321,0.98,0.995,6,"1000,1001,1002,1003,1004,1005",100000,200,True
even-palindrome,baseline_vs_combined,accuracy,none,76000,0.9900000000000001,0.012583057392117928,0.97,1.0,6,"1000,1001,1002,1003,1004,1005",100000,200,True
even-palindrome,baseline_vs_combined,accuracy,none,76200,0.9883333333333333,0.009860132971832702,0.97,1.0,6,"1000,1001,1002,1003,1004,1005",100000,200,True
even-palindrome,baseline_vs_combined,accuracy,none,76400,0.9858333333333333,0.029498116700713083,0.92,1.0,6,"1000,1001,1002,1003,1004,1005",100000,200,True
even-palindrome,baseline_vs_combined,accuracy,none,76600,0.9891666666666667,0.015656911856713293,0.955,1.0,6,"1000,1001,1002,1003,1004,1005",100000,200,True
even-palindrome,baseline_vs_combined,accuracy,none,76800,0.9858333333333332,0.02089989367330744,0.94,1.0,6,"1000,1001,1002,1003,1004,1005",100000,200,True
even-palindrome,baseline_vs_combined,accuracy,none,77000,0.9900000000000001,0.018257418583505554,0.95,1.0,6,"1000,1001,1002,1003,1004,1005",100000,200,True
even-palindrome,baseline_vs_combined,accuracy,none,77200,0.9908333333333333,0.01835226295462105,0.95,1.0,6,"1000,1001,1002,1003,1004,1005",100000,200,True
even-palindrome,baseline_vs_combined,accuracy,none,77400,0.9816666666666666,0.009860132971832702,0.965,0.995,6,"1000,1001,1002,1003,1004,1005",100000,200,True
even-palindrome,baseline_vs_combined,accuracy,none,77600,0.9874999999999999,0.016266017746619295,0.96,1.0,6,"1000,1001,1002,1003,1004,1005",100000,200,True
even-palindrome,baseline_vs_combined,accuracy,none,77800,0.9883333333333334,0.017480147469502542,0.95,1.0,6,"1000,1001,1002,1003,1004,1005",100000,200,True
even-palindrome,baseline_vs_combined,accuracy,none,78000,0.9866666666666667,0.012472191289246483,0.96,0.995,6,"1000,1001,1002,1003,1004,1005",100000,200,True
even-palindrome,baseline_vs_combined,accuracy,none,78200,0.9874999999999999,0.015206906325745563,0.96,1.0,6,"1000,1001,1002,1003,1004,1005",100000,200,True
even-palindrome,baseline_vs_combined,accuracy,none,78400,0.9966666666666667,0.005527707983925671,0.985,1.0,6,"1000,1001,1002,1003,1004,1005",100000,200,True
even-palindrome,baseline_vs_combined,accuracy,none,78600,0.9916666666666666,0.008498365855987983,0.975,1.0,6,"1000,1001,1002,1003,1004,1005",100000,200,True
even-palindrome,baseline_vs_combined,accuracy,none,78800,0.9908333333333333,0.016180406532456344,0.955,1.0,6,"1000,1001,1002,1003,1004,1005",100000,200,True
even-palindrome,baseline_vs_combined,accuracy,none,79000,0.9891666666666667,0.020086617988656602,0.945,1.0,6,"1000,1001,1002,1003,1004,1005",100000,200,True
even-palindrome,baseline_vs_combined,accuracy,none,79200,0.9966666666666667,0.005527707983925671,0.985,1.0,6,"1000,1001,1002,1003,1004,1005",100000,200,True
even-palindrome,baseline_vs_combined,accuracy,none,79400,0.9925,0.014648663192705802,0.96,1.0,6,"1000,1001,1002,1003,1004,1005",100000,200,True
even-palindrome,baseline_vs_combined,accuracy,none,79600,0.9950000000000001,0.007071067811865482,0.98,1.0,6,"1000,1001,1002,1003,1004,1005",100000,200,True
even-palindrome,baseline_vs_combined,accuracy,none,79800,0.9883333333333333,0.023921166824012186,0.935,1.0,6,"1000,1001,1002,1003,1004,1005",100000,200,True
even-palindrome,baseline_vs_combined,accuracy,none,80000,0.9833333333333333,0.02443813049769195,0.93,1.0,6,"1000,1001,1002,1003,1004,1005",100000,200,True
even-palindrome,baseline_vs_combined,accuracy,none,80200,0.9833333333333334,0.01598610507770908,0.95,0.995,6,"1000,1001,1002,1003,1004,1005",100000,200,True
even-palindrome,baseline_vs_combined,accuracy,none,80400,0.9925,0.008036375634160802,0.98,1.0,6,"1000,1001,1002,1003,1004,1005",100000,200,True
even-palindrome,baseline_vs_combined,accuracy,none,80600,0.9899999999999999,0.011902380714238095,0.965,1.0,6,"1000,1001,1002,1003,1004,1005",100000,200,True
even-palindrome,baseline_vs_combined,accuracy,none,80800,0.9925,0.009013878188659981,0.975,1.0,6,"1000,1001,1002,1003,1004,1005",100000,200,True
even-palindrome,baseline_vs_combined,accuracy,none,81000,0.9933333333333335,0.00799305253885454,0.98,1.0,6,"1000,1001,1002,1003,1004,1005",100000,200,True
even-palindrome,baseline_vs_combined,accuracy,none,81200,0.9874999999999999,0.01070436048222095,0.965,1.0,6,"1000,1001,1002,1003,1004,1005",100000,200,True
even-palindrome,baseline_vs_combined,accuracy,none,81400,0.9925,0.007500000000000007,0.98,1.0,6,"1000,1001,1002,1003,1004,1005",100000,200,True
even-palindrome,baseline_vs_combined,accuracy,none,81600,0.9899999999999999,0.00763762615825974,0.98,1.0,6,"1000,1001,1002,1003,1004,1005",100000,200,True
even-palindrome,baseline_vs_combined,accuracy,none,81800,0.9933333333333333,0.006871842709362774,0.985,1.0,6,"1000,1001,1002,1003,1004,1005",100000,200,True
even-palindrome,baseline_vs_combined,accuracy,none,82000,0.9858333333333332,0.021098314835286958,0.94,1.0,6,"1000,1001,1002,1003,1004,1005",100000,200,True
even-palindrome,baseline_vs_combined,accuracy,none,82200,0.9899999999999999,0.00763762615825974,0.98,1.0,6,"1000,1001,1002,1003,1004,1005",100000,200,True
even-palindrome,baseline_vs_combined,accuracy,none,82400,0.9883333333333333,0.01433720877840439,0.96,1.0,6,"1000,1001,1002,1003,1004,1005",100000,200,True
even-palindrome,baseline_vs_combined,accuracy,none,82600,0.9916666666666667,0.008498365855987983,0.975,1.0,6,"1000,1001,1002,1003,1004,1005",100000,200,True
even-palindrome,baseline_vs_combined,accuracy,none,82800,0.9883333333333333,0.011055415967851341,0.965,1.0,6,"1000,1001,1002,1003,1004,1005",100000,200,True
even-palindrome,baseline_vs_combined,accuracy,none,83000,0.9916666666666667,0.016499158227686123,0.955,1.0,6,"1000,1001,1002,1003,1004,1005",100000,200,True
even-palindrome,baseline_vs_combined,accuracy,none,83200,0.985,0.016583123951777013,0.95,1.0,6,"1000,1001,1002,1003,1004,1005",100000,200,True
even-palindrome,baseline_vs_combined,accuracy,none,83400,0.9900000000000001,0.01384437310486347,0.96,1.0,6,"1000,1001,1002,1003,1004,1005",100000,200,True
even-palindrome,baseline_vs_combined,accuracy,none,83600,0.9900000000000001,0.014142135623730963,0.96,1.0,6,"1000,1001,1002,1003,1004,1005",100000,200,True
even-palindrome,baseline_vs_combined,accuracy,none,83800,0.9874999999999999,0.017736497211493982,0.95,1.0,6,"1000,1001,1002,1003,1004,1005",100000,200,True
even-palindrome,baseline_vs_combined,accuracy,none,84000,0.9866666666666667,0.01572330188676102,0.96,1.0,6,"1000,1001,1002,1003,1004,1005",100000,200,True
even-palindrome,baseline_vs_combined,accuracy,none,84200,0.9908333333333333,0.014264368973853088,0.96,1.0,6,"1000,1001,1002,1003,1004,1005",100000,200,True
even-palindrome,baseline_vs_combined,accuracy,none,84400,0.9866666666666667,0.012472191289246483,0.96,1.0,6,"1000,1001,1002,1003,1004,1005",100000,200,True
even-palindrome,baseline_vs_combined,accuracy,none,84600,0.9916666666666667,0.010274023338281637,0.97,1.0,6,"1000,1001,1002,1003,1004,1005",100000,200,True
even-palindrome,baseline_vs_combined,accuracy,none,84800,0.9891666666666667,0.02206367049145623,0.94,1.0,6,"1000,1001,1002,1003,1004,1005",100000,200,True
even-palindrome,baseline_vs_combined,accuracy,none,85000,0.9958333333333332,0.007312470322826775,0.98,1.0,6,"1000,1001,1002,1003,1004,1005",100000,200,True
even-palindrome,baseline_vs_combined,accuracy,none,85200,0.9958333333333332,0.007312470322826775,0.98,1.0,6,"1000,1001,1002,1003,1004,1005",100000,200,True
even-palindrome,baseline_vs_combined,accuracy,none,85400,0.9933333333333333,0.008975274678557514,0.975,1.0,6,"1000,1001,1002,1003,1004,1005",100000,200,True
even-palindrome,baseline_vs_combined,accuracy,none,85600,0.9883333333333334,0.019720265943665403,0.945,1.0,6,"1000,1001,1002,1003,1004,1005",100000,200,True
even-palindrome,baseline_vs_combined,accuracy,none,85800,0.9908333333333333,0.012047360245667476,0.965,1.0,6,"1000,1001,1002,1003,1004,1005",100000,200,True
even-palindrome,baseline_vs_combined,accuracy,none,86000,0.9916666666666666,0.008498365855987983,0.975,1.0,6,"1000,1001,1002,1003,1004,1005",100000,200,True
even-palindrome,baseline_vs_combined,accuracy,none,86200,0.9891666666666666,0.012388390622765432,0.97,1.0,6,"1000,1001,1002,1003,1004,1005",100000,200,True
even-palindrome,baseline_vs_combined,accuracy,none,86400,0.9883333333333333,0.013743685418725548,0.96,1.0,6,"1000,1001,1002,1003,1004,1005",100000,200,True
even-palindrome,baseline_vs_combined,accuracy,none,86600,0.9908333333333333,0.010172129679778095,0.975,1.0,6,"1000,1001,1002,1003,1004,1005",100000,200,True
even-palindrome,baseline_vs_combined,accuracy,none,86800,0.9941666666666668,0.005335936864527379,0.985,1.0,6,"1000,1001,1002,1003,1004,1005",100000,200,True
even-palindrome,baseline_vs_combined,accuracy,none,87000,0.985,0.01892969448600093,0.95,1.0,6,"1000,1001,1002,1003,1004,1005",100000,200,True
even-palindrome,baseline_vs_combined,accuracy,none,87200,0.9833333333333334,0.017716909687891098,0.945,1.0,6,"1000,1001,1002,1003,1004,1005",100000,200,True
even-palindrome,baseline_vs_combined,accuracy,none,87400,0.9933333333333333,0.010671873729054758,0.97,1.0,6,"1000,1001,1002,1003,1004,1005",100000,200,True
even-palindrome,baseline_vs_combined,accuracy,none,87600,0.9933333333333333,0.005527707983925671,0.985,1.0,6,"1000,1001,1002,1003,1004,1005",100000,200,True
even-palindrome,baseline_vs_combined,accuracy,none,87800,0.9933333333333333,0.008498365855987981,0.975,1.0,6,"1000,1001,1002,1003,1004,1005",100000,200,True
even-palindrome,baseline_vs_combined,accuracy,none,88000,0.9933333333333333,0.010671873729054758,0.97,1.0,6,"1000,1001,1002,1003,1004,1005",100000,200,True
even-palindrome,baseline_vs_combined,accuracy,none,88200,0.9941666666666668,0.006718548123582131,0.985,1.0,6,"1000,1001,1002,1003,1004,1005",100000,200,True
even-palindrome,baseline_vs_combined,accuracy,none,88400,0.9841666666666667,0.017892425461319923,0.945,0.995,6,"1000,1001,1002,1003,1004,1005",100000,200,True
even-palindrome,baseline_vs_combined,accuracy,none,88600,0.9925,0.009013878188659981,0.975,1.0,6,"1000,1001,1002,1003,1004,1005",100000,200,True
even-palindrome,baseline_vs_combined,accuracy,none,88800,0.9966666666666667,0.005527707983925671,0.985,1.0,6,"1000,1001,1002,1003,1004,1005",100000,200,True
even-palindrome,baseline_vs_combined,accuracy,none,89000,0.9966666666666667,0.005527707983925671,0.985,1.0,6,"1000,1001,1002,1003,1004,1005",100000,200,True
even-palindrome,baseline_vs_combined,accuracy,none,89200,0.9933333333333333,0.004714045207910321,0.985,1.0,6,"1000,1001,1002,1003,1004,1005",100000,200,True
even-palindrome,baseline_vs_combined,accuracy,none,89400,0.9883333333333333,0.014624940645653551,0.96,1.0,6,"1000,1001,1002,1003,1004,1005",100000,200,True
even-palindrome,baseline_vs_combined,accuracy,none,89600,0.9883333333333334,0.014337208778404392,0.96,1.0,6,"1000,1001,1002,1003,1004,1005",100000,200,True
even-palindrome,baseline_vs_combined,accuracy,none,89800,0.9916666666666667,0.010274023338281637,0.97,1.0,6,"1000,1001,1002,1003,1004,1005",100000,200,True
even-palindrome,baseline_vs_combined,accuracy,none,90000,0.9958333333333335,0.003435921354681387,0.99,1.0,6,"1000,1001,1002,1003,1004,1005",100000,200,True
even-palindrome,baseline_vs_combined,accuracy,none,90200,0.9950000000000001,0.00763762615825974,0.98,1.0,6,"1000,1001,1002,1003,1004,1005",100000,200,True
even-palindrome,baseline_vs_combined,accuracy,none,90400,0.9941666666666666,0.01096078869830493,0.97,1.0,6,"1000,1001,1002,1003,1004,1005",100000,200,True
even-palindrome,baseline_vs_combined,accuracy,none,90600,0.9916666666666666,0.012133516482134208,0.97,1.0,6,"1000,1001,1002,1003,1004,1005",100000,200,True
even-palindrome,baseline_vs_combined,accuracy,none,90800,0.9941666666666666,0.009316949906249133,0.975,1.0,6,"1000,1001,1002,1003,1004,1005",100000,200,True
even-palindrome,baseline_vs_combined,accuracy,none,91000,0.9891666666666667,0.016180406532456344,0.955,1.0,6,"1000,1001,1002,1003,1004,1005",100000,200,True
even-palindrome,baseline_vs_combined,accuracy,none,91200,0.9866666666666667,0.016749792701868167,0.955,1.0,6,"1000,1001,1002,1003,1004,1005",100000,200,True
even-palindrome,baseline_vs_combined,accuracy,none,91400,0.9975,0.0025000000000000022,0.995,1.0,6,"1000,1001,1002,1003,1004,1005",100000,200,True
even-palindrome,baseline_vs_combined,accuracy,none,91600,0.9925,0.012829003598617222,0.965,1.0,6,"1000,1001,1002,1003,1004,1005",100000,200,True
even-palindrome,baseline_vs_combined,accuracy,none,91800,0.9950000000000001,0.00763762615825974,0.98,1.0,6,"1000,1001,1002,1003,1004,1005",100000,200,True
even-palindrome,baseline_vs_combined,accuracy,none,92000,0.9958333333333335,0.006066758241067104,0.985,1.0,6,"1000,1001,1002,1003,1004,1005",100000,200,True
even-palindrome,baseline_vs_combined,accuracy,none,92200,0.9958333333333335,0.005335936864527379,0.985,1.0,6,"1000,1001,1002,1003,1004,1005",100000,200,True
even-palindrome,baseline_vs_combined,accuracy,none,92400,0.9841666666666667,0.013969212178533521,0.955,1.0,6,"1000,1001,1002,1003,1004,1005",100000,200,True
even-palindrome,baseline_vs_combined,accuracy,none,92600,0.9874999999999999,0.011086778913041736,0.97,1.0,6,"1000,1001,1002,1003,1004,1005",100000,200,True
even-palindrome,baseline_vs_combined,accuracy,none,92800,0.9933333333333333,0.011055415967851341,0.97,1.0,6,"1000,1001,1002,1003,1004,1005",100000,200,True
even-palindrome,baseline_vs_combined,accuracy,none,93000,0.9966666666666667,0.005527707983925671,0.985,1.0,6,"1000,1001,1002,1003,1004,1005",100000,200,True
even-palindrome,baseline_vs_combined,accuracy,none,93200,0.9916666666666667,0.006871842709362773,0.98,1.0,6,"1000,1001,1002,1003,1004,1005",100000,200,True
even-palindrome,baseline_vs_combined,accuracy,none,93400,0.9908333333333333,0.00671854812358213,0.985,1.0,6,"1000,1001,1002,1003,1004,1005",100000,200,True
even-palindrome,baseline_vs_combined,accuracy,none,93600,0.995,0.009128709291752777,0.975,1.0,6,"1000,1001,1002,1003,1004,1005",100000,200,True
even-palindrome,baseline_vs_combined,accuracy,none,93800,0.9900000000000001,0.012247448713915901,0.965,1.0,6,"1000,1001,1002,1003,1004,1005",100000,200,True
even-palindrome,baseline_vs_combined,accuracy,none,94000,0.9941666666666666,0.005335936864527379,0.985,1.0,6,"1000,1001,1002,1003,1004,1005",100000,200,True
even-palindrome,baseline_vs_combined,accuracy,none,94200,0.9933333333333333,0.011055415967851341,0.97,1.0,6,"1000,1001,1002,1003,1004,1005",100000,200,True
even-palindrome,baseline_vs_combined,accuracy,none,94400,0.9966666666666667,0.005527707983925671,0.985,1.0,6,"1000,1001,1002,1003,1004,1005",100000,200,True
even-palindrome,baseline_vs_combined,accuracy,none,94600,0.9933333333333333,0.006236095644623242,0.985,1.0,6,"1000,1001,1002,1003,1004,1005",100000,200,True
even-palindrome,baseline_vs_combined,accuracy,none,94800,0.9966666666666667,0.005527707983925671,0.985,1.0,6,"1000,1001,1002,1003,1004,1005",100000,200,True
even-palindrome,baseline_vs_combined,accuracy,none,95000,0.9899999999999999,0.016072751268321604,0.955,1.0,6,"1000,1001,1002,1003,1004,1005",100000,200,True
even-palindrome,baseline_vs_combined,accuracy,none,95200,0.9916666666666667,0.010671873729054758,0.97,1.0,6,"1000,1001,1002,1003,1004,1005",100000,200,True
even-palindrome,baseline_vs_combined,accuracy,none,95400,0.9925,0.007500000000000006,0.98,1.0,6,"1000,1001,1002,1003,1004,1005",100000,200,True
even-palindrome,baseline_vs_combined,accuracy,none,95600,0.9908333333333333,0.0164359024360967,0.955,1.0,6,"1000,1001,1002,1003,1004,1005",100000,200,True
even-palindrome,baseline_vs_combined,accuracy,none,95800,0.9891666666666667,0.014264368973853086,0.96,1.0,6,"1000,1001,1002,1003,1004,1005",100000,200,True
even-palindrome,baseline_vs_combined,accuracy,none,96000,0.9858333333333333,0.017420454133639077,0.955,1.0,6,"1000,1001,1002,1003,1004,1005",100000,200,True
even-palindrome,baseline_vs_combined,accuracy,none,96200,0.9899999999999999,0.011547005383792526,0.97,1.0,6,"1000,1001,1002,1003,1004,1005",100000,200,True
even-palindrome,baseline_vs_combined,accuracy,none,96400,0.9941666666666666,0.005335936864527379,0.985,1.0,6,"1000,1001,1002,1003,1004,1005",100000,200,True
even-palindrome,baseline_vs_combined,accuracy,none,96600,0.9891666666666666,0.00786165094338051,0.975,1.0,6,"1000,1001,1002,1003,1004,1005",100000,200,True
even-palindrome,baseline_vs_combined,accuracy,none,96800,0.9958333333333335,0.003435921354681387,0.99,1.0,6,"1000,1001,1002,1003,1004,1005",100000,200,True
even-palindrome,baseline_vs_combined,accuracy,none,97000,0.9966666666666667,0.007453559924999306,0.98,1.0,6,"1000,1001,1002,1003,1004,1005",100000,200,True
even-palindrome,baseline_vs_combined,accuracy,none,97200,0.9908333333333333,0.00671854812358213,0.98,1.0,6,"1000,1001,1002,1003,1004,1005",100000,200,True
even-palindrome,baseline_vs_combined,accuracy,none,97400,0.9916666666666667,0.010671873729054758,0.97,1.0,6,"1000,1001,1002,1003,1004,1005",100000,200,True
even-palindrome,baseline_vs_combined,accuracy,none,97600,0.9950000000000001,0.00763762615825974,0.98,1.0,6,"1000,1001,1002,1003,1004,1005",100000,200,True
even-palindrome,baseline_vs_combined,accuracy,none,97800,0.9975,0.0055901699437494795,0.985,1.0,6,"1000,1001,1002,1003,1004,1005",100000,200,True
even-palindrome,baseline_vs_combined,accuracy,none,98000,0.9916666666666667,0.011055415967851341,0.97,1.0,6,"1000,1001,1002,1003,1004,1005",100000,200,True
even-palindrome,baseline_vs_combined,accuracy,none,98200,0.9899999999999999,0.00957427107756339,0.975,1.0,6,"1000,1001,1002,1003,1004,1005",100000,200,True
even-palindrome,baseline_vs_combined,accuracy,none,98400,0.9908333333333333,0.016180406532456344,0.955,1.0,6,"1000,1001,1002,1003,1004,1005",100000,200,True
even-palindrome,baseline_vs_combined,accuracy,none,98600,0.9933333333333333,0.008498365855987981,0.975,1.0,6,"1000,1001,1002,1003,1004,1005",100000,200,True
even-palindrome,baseline_vs_combined,accuracy,none,98800,0.9958333333333332,0.007312470322826775,0.98,1.0,6,"1000,1001,1002,1003,1004,1005",100000,200,True
even-palindrome,baseline_vs_combined,accuracy,none,99000,0.9883333333333333,0.013743685418725548,0.96,1.0,6,"1000,1001,1002,1003,1004,1005",100000,200,True
even-palindrome,baseline_vs_combined,accuracy,none,99200,0.9916666666666667,0.010274023338281637,0.97,1.0,6,"1000,1001,1002,1003,1004,1005",100000,200,True
even-palindrome,baseline_vs_combined,accuracy,none,99400,0.9958333333333332,0.009316949906249133,0.975,1.0,6,"1000,1001,1002,1003,1004,1005",100000,200,True
even-palindrome,baseline_vs_combined,accuracy,none,99600,0.9933333333333333,0.010671873729054758,0.97,1.0,6,"1000,1001,1002,1003,1004,1005",100000,200,True
even-palindrome,baseline_vs_combined,accuracy,none,99800,0.9933333333333333,0.010671873729054758,0.97,1.0,6,"1000,1001,1002,1003,1004,1005",100000,200,True
even-palindrome,baseline_vs_combined,accuracy,none,100000,0.9991666666666666,0.0018633899812498264,0.995,1.0,6,"1000,1001,1002,1003,1004,1005",100000,200,True
even-palindrome,baseline_vs_combined,accuracy,combined,200,0.4725,0.006291528696058942,0.465,0.48,6,"1000,1001,1002,1003,1004,1005",100000,200,True
even-palindrome,baseline_vs_combined,accuracy,combined,400,0.48583333333333334,0.039519685671264605,0.44,0.545,6,"1000,1001,1002,1003,1004,1005",100000,200,True
even-palindrome,baseline_vs_combined,accuracy,combined,600,0.5,0.03752776749732568,0.45,0.54,6,"1000,1001,1002,1003,1004,1005",100000,200,True
even-palindrome,baseline_vs_combined,accuracy,combined,800,0.5000000000000001,0.02380476142847619,0.47,0.54,6,"1000,1001,1002,1003,1004,1005",100000,200,True
even-palindrome,baseline_vs_combined,accuracy,combined,1000,0.5025,0.030379543555930325,0.46,0.545,6,"1000,1001,1002,1003,1004,1005",100000,200,True
even-palindrome,baseline_vs_combined,accuracy,combined,1200,0.5233333333333334,0.036704525909242065,0.475,0.595,6,"1000,1001,1002,1003,1004,1005",100000,200,True
even-palindrome,baseline_vs_combined,accuracy,combined,1400,0.5108333333333334,0.0432451024844304,0.45,0.59,6,"1000,1001,1002,1003,1004,1005",100000,200,True
even-palindrome,baseline_vs_combined,accuracy,combined,1600,0.5108333333333334,0.03563900796723851,0.44,0.55,6,"1000,1001,1002,1003,1004,1005",100000,200,True
even-palindrome,baseline_vs_combined,accuracy,combined,1800,0.5225000000000001,0.04930770730829006,0.475,0.615,6,"1000,1001,1002,1003,1004,1005",100000,200,True
even-palindrome,baseline_vs_combined,accuracy,combined,2000,0.53,0.029860788111948224,0.49,0.56,6,"1000,1001,1002,1003,1004,1005",100000,200,True
even-palindrome,baseline_vs_combined,accuracy,combined,2200,0.5275,0.028099525500145602,0.485,0.575,6,"1000,1001,1002,1003,1004,1005",100000,200,True
even-palindrome,baseline_vs_combined,accuracy,combined,2400,0.5441666666666666,0.023348209543536492,0.505,0.58,6,"1000,1001,1002,1003,1004,1005",100000,200,True
even-palindrome,baseline_vs_combined,accuracy,combined,2600,0.5599999999999999,0.038729833462074155,0.5,0.595,6,"1000,1001,1002,1003,1004,1005",100000,200,True
even-palindrome,baseline_vs_combined,accuracy,combined,2800,0.5608333333333334,0.02683540364684101,0.525,0.605,6,"1000,1001,1002,1003,1004,1005",100000,200,True
even-palindrome,baseline_vs_combined,accuracy,combined,3000,0.5608333333333334,0.0393082547169025,0.515,0.615,6,"1000,1001,1002,1003,1004,1005",100000,200,True
even-palindrome,baseline_vs_combined,accuracy,combined,3200,0.5866666666666667,0.04169998667732267,0.54,0.66,6,"1000,1001,1002,1003,1004,1005",100000,200,True
even-palindrome,baseline_vs_combined,accuracy,combined,3400,0.5658333333333333,0.02262311993416369,0.52,0.585,6,"1000,1001,1002,1003,1004,1005",100000,200,True
even-palindrome,baseline_vs_combined,accuracy,combined,3600,0.585,0.03905124837953326,0.53,0.65,6,"1000,1001,1002,1003,1004,1005",100000,200,True
even-palindrome,baseline_vs_combined,accuracy,combined,3800,0.5666666666666667,0.03197221015541812,0.51,0.605,6,"1000,1001,1002,1003,1004,1005",100000,200,True
even-palindrome,baseline_vs_combined,accuracy,combined,4000,0.5708333333333334,0.022438186696393744,0.535,0.6,6,"1000,1001,1002,1003,1004,1005",100000,200,True
even-palindrome,baseline_vs_combined,accuracy,combined,4200,0.5633333333333332,0.027182510717166795,0.53,0.61,6,"1000,1001,1002,1003,1004,1005",100000,200,True
even-palindrome,baseline_vs_combined,accuracy,combined,4400,0.5675,0.02824741876113046,0.54,0.62,6,"1000,1001,1002,1003,1004,1005",100000,200,True
even-palindrome,baseline_vs_combined,accuracy,combined,4600,0.5925,0.033134825586785085,0.555,0.645,6,"1000,1001,1002,1003,1004,1005",100000,200,True
even-palindrome,baseline_vs_combined,accuracy,combined,4800,0.5858333333333333,0.04494595520053933,0.53,0.64,6,"1000,1001,1002,1003,1004,1005",100000,200,True
even-palindrome,baseline_vs_combined,accuracy,combined,5000,0.5874999999999999,0.013768926368215268,0.565,0.61,6,"1000,1001,1002,1003,1004,1005",100000,200,True
even-palindrome,baseline_vs_combined,accuracy,combined,5200,0.6075,0.041907636535600534,0.555,0.66,6,"1000,1001,1002,1003,1004,1005",100000,200,True
even-palindrome,baseline_vs_combined,accuracy,combined,5400,0.6024999999999999,0.03400367627183861,0.55,0.665,6,"1000,1001,1002,1003,1004,1005",100000,200,True
even-palindrome,baseline_vs_combined,accuracy,combined,5600,0.5641666666666666,0.042369079396287194,0.495,0.615,6,"1000,1001,1002,1003,1004,1005",100000,200,True
even-palindrome,baseline_vs_combined,accuracy,combined,5800,0.5883333333333334,0.03922867431979939,0.53,0.655,6,"1000,1001,1002,1003,1004,1005",100000,200,True
even-palindrome,baseline_vs_combined,accuracy,combined,6000,0.6249999999999999,0.021213203435596444,0.61,0.67,6,"1000,1001,1002,1003,1004,1005",100000,200,True
even-palindrome,baseline_vs_combined,accuracy,combined,6200,0.6191666666666665,0.019454362549881272,0.595,0.65,6,"1000,1001,1002,1003,1004,1005",100000,200,True
even-palindrome,baseline_vs_combined,accuracy,combined,6400,0.6058333333333333,0.03920211162113026,0.55,0.68,6,"1000,1001,1002,1003,1004,1005",100000,200,True
even-palindrome,baseline_vs_combined,accuracy,combined,6600,0.5883333333333334,0.01907587190376598,0.555,0.615,6,"1000,1001,1002,1003,1004,1005",100000,200,True
even-palindrome,baseline_vs_combined,accuracy,combined,6800,0.6216666666666667,0.04561310727801334,0.555,0.695,6,"1000,1001,1002,1003,1004,1005",100000,200,True
even-palindrome,baseline_vs_combined,accuracy,combined,7000,0.6208333333333332,0.029356524923014254,0.58,0.67,6,"1000,1001,1002,1003,1004,1005",100000,200,True
even-palindrome,baseline_vs_combined,accuracy,combined,7200,0.6,0.03391164991562634,0.54,0.645,6,"1000,1001,1002,1003,1004,1005",100000,200,True
even-palindrome,baseline_vs_combined,accuracy,combined,7400,0.6191666666666666,0.03587207208338484,0.565,0.67,6,"1000,1001,1002,1003,1004,1005",100000,200,True
even-palindrome,baseline_vs_combined,accuracy,combined,7600,0.6275,0.05022864388639878,0.545,0.705,6,"1000,1001,1002,1003,1004,1005",100000,200,True
even-palindrome,baseline_vs_combined,accuracy,combined,7800,0.6233333333333334,0.04597704741377909,0.58,0.695,6,"1000,1001,1002,1003,1004,1005",100000,200,True
even-palindrome,baseline_vs_combined,accuracy,combined,8000,0.6166666666666667,0.04393808775488023,0.53,0.66,6,"1000,1001,1002,1003,1004,1005",100000,200,True
even-palindrome,baseline_vs_combined,accuracy,combined,8200,0.6066666666666666,0.0327448045073142,0.575,0.665,6,"1000,1001,1002,1003,1004,1005",100000,200,True
even-palindrome,baseline_vs_combined,accuracy,combined,8400,0.6124999999999999,0.031457643480294784,0.56,0.65,6,"1000,1001,1002,1003,1004,1005",100000,200,True
even-palindrome,baseline_vs_combined,accuracy,combined,8600,0.6116666666666667,0.04393808775488024,0.555,0.675,6,"1000,1001,1002,1003,1004,1005",100000,200,True
even-palindrome,baseline_vs_combined,accuracy,combined,8800,0.6141666666666666,0.02490258799580658,0.58,0.64,6,"1000,1001,1002,1003,1004,1005",100000,200,True
even-palindrome,baseline_vs_combined,accuracy,combined,9000,0.6466666666666666,0.0423936578065897,0.59,0.7,6,"1000,1001,1002,1003,1004,1005",100000,200,True
even-palindrome,baseline_vs_combined,accuracy,combined,9200,0.6416666666666667,0.030230595245361785,0.61,0.685,6,"1000,1001,1002,1003,1004,1005",100000,200,True
even-palindrome,baseline_vs_combined,accuracy,combined,9400,0.6316666666666667,0.03197221015541816,0.6,0.675,6,"1000,1001,1002,1003,1004,1005",100000,200,True
even-palindrome,baseline_vs_combined,accuracy,combined,9600,0.625,0.055226805085936276,0.55,0.7,6,"1000,1001,1002,1003,1004,1005",100000,200,True
even-palindrome,baseline_vs_combined,accuracy,combined,9800,0.6258333333333332,0.025069348260818893,0.595,0.665,6,"1000,1001,1002,1003,1004,1005",100000,200,True
even-palindrome,baseline_vs_combined,accuracy,combined,10000,0.6525000000000001,0.0242813371405558,0.61,0.685,6,"1000,1001,1002,1003,1004,1005",100000,200,True
even-palindrome,baseline_vs_combined,accuracy,combined,10200,0.6575000000000001,0.04059453986272866,0.585,0.705,6,"1000,1001,1002,1003,1004,1005",100000,200,True
even-palindrome,baseline_vs_combined,accuracy,combined,10400,0.6449999999999999,0.029860788111948224,0.605,0.675,6,"1000,1001,1002,1003,1004,1005",100000,200,True
even-palindrome,baseline_vs_combined,accuracy,combined,10600,0.6416666666666667,0.03636237371545239,0.58,0.7,6,"1000,1001,1002,1003,1004,1005",100000,200,True
even-palindrome,baseline_vs_combined,accuracy,combined,10800,0.6683333333333334,0.03118047822311617,0.64,0.73,6,"1000,1001,1002,1003,1004,1005",100000,200,True
even-palindrome,baseline_vs_combined,accuracy,combined,11000,0.6675,0.042597926397106856,0.59,0.72,6,"1000,1001,1002,1003,1004,1005",100000,200,True
even-palindrome,baseline_vs_combined,accuracy,combined,11200,0.6525,0.03375771516754852,0.6,0.68,6,"1000,1001,1002,1003,1004,1005",100000,200,True
even-palindrome,baseline_vs_combined,accuracy,combined,11400,0.6741666666666667,0.03888194382429401,0.615,0.73,6,"1000,1001,1002,1003,1004,1005",100000,200,True
even-palindrome,baseline_vs_combined,accuracy,combined,11600,0.6791666666666666,0.017658016750347547,0.645,0.695,6,"1000,1001,1002,1003,1004,1005",100000,200,True
even-palindrome,baseline_vs_combined,accuracy,combined,11800,0.6608333333333333,0.05762064637687507,0.555,0.715,6,"1000,1001,1002,1003,1004,1005",100000,200,True
even-palindrome,baseline_vs_combined,accuracy,combined,12000,0.6575,0.047762432936357006,0.58,0.73,6,"1000,1001,1002,1003,1004,1005",100000,200,True
even-palindrome,baseline_vs_combined,accuracy,combined,12200,0.665,0.031622776601683784,0.63,0.73,6,"1000,1001,1002,1003,1004,1005",100000,200,True
even-palindrome,baseline_vs_combined,accuracy,combined,12400,0.6641666666666667,0.04970049183749482,0.57,0.73,6,"1000,1001,1002,1003,1004,1005",100000,200,True
even-palindrome,baseline_vs_combined,accuracy,combined,12600,0.6575,0.05558402048550764,0.59,0.725,6,"1000,1001,1002,1003,1004,1005",100000,200,True
even-palindrome,baseline_vs_combined,accuracy,combined,12800,0.6566666666666667,0.02687419249432849,0.615,0.705,6,"1000,1001,1002,1003,1004,1005",100000,200,True
even-palindrome,baseline_vs_combined,accuracy,combined,13000,0.64,0.052599112793531654,0.555,0.71,6,"1000,1001,1002,1003,1004,1005",100000,200,True
even-palindrome,baseline_vs_combined,accuracy,combined,13200,0.6491666666666668,0.047294878745542376,0.595,0.745,6,"1000,1001,1002,1003,1004,1005",100000,200,True
even-palindrome,baseline_vs_combined,accuracy,combined,13400,0.6775000000000001,0.05444798741306545,0.625,0.775,6,"1000,1001,1002,1003,1004,1005",100000,200,True
even-palindrome,baseline_vs_combined,accuracy,combined,13600,0.6558333333333334,0.05883711036034619,0.605,0.78,6,"1000,1001,1002,1003,1004,1005",100000,200,True
even-palindrome,baseline_vs_combined,accuracy,combined,13800,0.6716666666666665,0.03670452590924205,0.625,0.725,6,"1000,1001,1002,1003,1004,1005",100000,200,True
even-palindrome,baseline_vs_combined,accuracy,combined,14000,0.665,0.0724568837309472,0.58,0.765,6,"1000,1001,1002,1003,1004,1005",100000,200,True
even-palindrome,baseline_vs_combined,accuracy,combined,14200,0.6841666666666667,0.037574001058651635,0.645,0.755,6,"1000,1001,1002,1003,1004,1005",100000,200,True
even-palindrome,baseline_vs_combined,accuracy,combined,14400,0.6716666666666667,0.06242773600109347,0.605,0.765,6,"1000,1001,1002,1003,1004,1005",100000,200,True
even-palindrome,baseline_vs_combined,accuracy,combined,14600,0.7125,0.06408002808988147,0.63,0.815,6,"1000,1001,1002,1003,1004,1005",100000,200,True
even-palindrome,baseline_vs_combined,accuracy,combined,14800,0.695,0.06311365409587161,0.62,0.815,6,"1000,1001,1002,1003,1004,1005",100000,200,True
even-palindrome,baseline_vs_combined,accuracy,combined,15000,0.7308333333333333,0.06978638039681442,0.64,0.825,6,"1000,1001,1002,1003,1004,1005",100000,200,True
even-palindrome,baseline_vs_combined,accuracy,combined,15200,0.7016666666666667,0.06780281868935999,0.595,0.795,6,"1000,1001,1002,1003,1004,1005",100000,200,True
even-palindrome,baseline_vs_combined,accuracy,combined,15400,0.7116666666666666,0.06420453428086074,0.63,0.8,6,"1000,1001,1002,1003,1004,1005",100000,200,True
even-palindrome,baseline_vs_combined,accuracy,combined,15600,0.7116666666666666,0.04533823502911813,0.66,0.77,6,"1000,1001,1002,1003,1004,1005",100000,200,True
even-palindrome,baseline_vs_combined,accuracy,combined,15800,0.745,0.05107184482014854,0.69,0.815,6,"1000,1001,1002,1003,1004,1005",100000,200,True
even-palindrome,baseline_vs_combined,accuracy,combined,16000,0.7241666666666666,0.08017775391105829,0.645,0.89,6,"1000,1001,1002,1003,1004,1005",100000,200,True
even-palindrome,baseline_vs_combined,accuracy,combined,16200,0.7333333333333334,0.07021791477646964,0.655,0.86,6,"1000,1001,1002,1003,1004,1005",100000,200,True
even-palindrome,baseline_vs_combined,accuracy,combined,16400,0.7283333333333334,0.036817870057290876,0.68,0.785,6,"1000,1001,1002,1003,1004,1005",100000,200,True
even-palindrome,baseline_vs_combined,accuracy,combined,16600,0.7266666666666666,0.04588633299312068,0.67,0.79,6,"1000,1001,1002,1003,1004,1005",100000,200,True
even-palindrome,baseline_vs_combined,accuracy,combined,16800,0.695,0.03511884584284245,0.64,0.755,6,"1000,1001,1002,1003,1004,1005",100000,200,True
even-palindrome,baseline_vs_combined,accuracy,combined,17000,0.7225,0.05942432162002354,0.65,0.815,6,"1000,1001,1002,1003,1004,1005",100000,200,True
even-palindrome,baseline_vs_combined,accuracy,combined,17200,0.7033333333333333,0.036590830666833565,0.655,0.765,6,"1000,1001,1002,1003,1004,1005",100000,200,True
even-palindrome,baseline_vs_combined,accuracy,combined,17400,0.7183333333333334,0.019507833184532693,0.685,0.75,6,"1000,1001,1002,1003,1004,1005",100000,200,True
even-palindrome,baseline_vs_combined,accuracy,combined,17600,0.7116666666666668,0.055502752684489044,0.655,0.79,6,"1000,1001,1002,1003,1004,1005",100000,200,True
even-palindrome,baseline_vs_combined,accuracy,combined,17800,0.7433333333333333,0.06128258770283412,0.645,0.815,6,"1000,1001,1002,1003,1004,1005",100000,200,True
even-palindrome,baseline_vs_combined,accuracy,combined,18000,0.7308333333333333,0.07271042260608554,0.645,0.83,6,"1000,1001,1002,1003,1004,1005",100000,200,True
even-palindrome,baseline_vs_combined,accuracy,combined,18200,0.7483333333333334,0.05550275268448904,0.685,0.845,6,"1000,1001,1002,1003,1004,1005",100000,200,True
even-palindrome,baseline_vs_combined,accuracy,combined,18400,0.7366666666666667,0.03659083066683358,0.675,0.785,6,"1000,1001,1002,1003,1004,1005",100000,200,True
even-palindrome,baseline_vs_combined,accuracy,combined,18600,0.7391666666666667,0.068216363302526,0.67,0.825,6,"1000,1001,1002,1003,1004,1005",100000,200,True
even-palindrome,baseline_vs_combined,accuracy,combined,18800,0.7441666666666666,0.05003471017426029,0.69,0.81,6,"1000,1001,1002,1003,1004,1005",100000,200,True
even-palindrome,baseline_vs_combined,accuracy,combined,19000,0.7599999999999999,0.06461423991660044,0.69,0.84,6,"1000,1001,1002,1003,1004,1005",100000,200,True
even-palindrome,baseline_vs_combined,accuracy,combined,19200,0.7566666666666667,0.03771236166328257,0.705,0.805,6,"1000,1001,1002,1003,1004,1005",100000,200,True
even-palindrome,baseline_vs_combined,accuracy,combined,19400,0.7749999999999999,0.053541261347363374,0.7,0.84,6,"1000,1001,1002,1003,1004,1005",100000,200,True
even-palindrome,baseline_vs_combined,accuracy,combined,19600,0.7708333333333334,0.06528250573894627,0.67,0.87,6,"1000,1001,1002,1003,1004,1005",100000,200,True
even-palindrome,baseline_vs_combined,accuracy,combined,19800,0.7683333333333332,0.04412734098291243,0.715,0.835,6,"1000,1001,1002,1003,1004,1005",100000,200,True
even-palindrome,baseline_vs_combined,accuracy,combined,20000,0.7658333333333333,0.08413365689319716,0.655,0.88,6,"1000,1001,1002,1003,1004,1005",100000,200,True
even-palindrome,baseline_vs_combined,accuracy,combined,20200,0.7783333333333333,0.058925565098878974,0.7,0.845,6,"1000,1001,1002,1003,1004,1005",100000,200,True
even-palindrome,baseline_vs_combined,accuracy,combined,20400,0.7841666666666667,0.06924694136847408,0.675,0.87,6,"1000,1001,1002,1003,1004,1005",100000,200,True
even-palindrome,baseline_vs_combined,accuracy,combined,20600,0.7758333333333334,0.06560085534672715,0.67,0.87,6,"1000,1001,1002,1003,1004,1005",100000,200,True
even-palindrome,baseline_vs_combined,accuracy,combined,20800,0.7608333333333333,0.07259572224924063,0.665,0.895,6,"1000,1001,1002,1003,1004,1005",100000,200,True
even-palindrome,baseline_vs_combined,accuracy,combined,21000,0.7783333333333333,0.0730677007226099,0.66,0.875,6,"1000,1001,1002,1003,1004,1005",100000,200,True
even-palindrome,baseline_vs_combined,accuracy,combined,21200,0.7725000000000001,0.029685855217594818,0.725,0.805,6,"1000,1001,1002,1003,1004,1005",100000,200,True
even-palindrome,baseline_vs_combined,accuracy,combined,21400,0.785,0.075,0.68,0.875,6,"1000,1001,1002,1003,1004,1005",100000,200,True
even-palindrome,baseline_vs_combined,accuracy,combined,21600,0.8125,0.05313112709765027,0.715,0.87,6,"1000,1001,1002,1003,1004,1005",100000,200,True
even-palindrome,baseline_vs_combined,accuracy,combined,21800,0.7958333333333334,0.03457078085448588,0.745,0.85,6,"1000,1001,1002,1003,1004,1005",100000,200,True
even-palindrome,baseline_vs_combined,accuracy,combined,22000,0.8300000000000001,0.049833054625753506,0.76,0.885,6,"1000,1001,1002,1003,1004,1005",100000,200,True
even-palindrome,baseline_vs_combined,accuracy,combined,22200,0.8325,0.05105144464165534,0.775,0.915,6,"1000,1001,1002,1003,1004,1005",100000,200,True
even-palindrome,baseline_vs_combined,accuracy,combined,22400,0.8275,0.03497022543059546,0.77,0.865,6,"1000,1001,1002,1003,1004,1005",100000,200,True
even-palindrome,baseline_vs_combined,accuracy,combined,22600,0.8383333333333334,0.054670731556189074,0.77,0.915,6,"1000,1001,1002,1003,1004,1005",100000,200,True
even-palindrome,baseline_vs_combined,accuracy,combined,22800,0.8166666666666665,0.042882267767562016,0.755,0.88,6,"1000,1001,1002,1003,1004,1005",100000,200,True
even-palindrome,baseline_vs_combined,accuracy,combined,23000,0.8241666666666667,0.037795134901495206,0.785,0.89,6,"1000,1001,1002,1003,1004,1005",100000,200,True
even-palindrome,baseline_vs_combined,accuracy,combined,23200,0.8324999999999999,0.05864796103304304,0.75,0.9,6,"1000,1001,1002,1003,1004,1005",100000,200,True
even-palindrome,baseline_vs_combined,accuracy,combined,23400,0.8483333333333332,0.04731689855526129,0.77,0.905,6,"1000,1001,1002,1003,1004,1005",100000,200,True
even-palindrome,baseline_vs_combined,accuracy,combined,23600,0.8250000000000001,0.04787135538781691,0.755,0.915,6,"1000,1001,1002,1003,1004,1005",100000,200,True
even-palindrome,baseline_vs_combined,accuracy,combined,23800,0.8399999999999999,0.07388053419767167,0.74,0.94,6,"1000,1001,1002,1003,1004,1005",100000,200,True
even-palindrome,baseline_vs_combined,accuracy,combined,24000,0.8241666666666667,0.03219946514393608,0.77,0.87,6,"1000,1001,1002,1003,1004,1005",100000,200,True
even-palindrome,baseline_vs_combined,accuracy,combined,24200,0.8374999999999999,0.049979162324579496,0.74,0.89,6,"1000,1001,1002,1003,1004,1005",100000,200,True
even-palindrome,baseline_vs_combined,accuracy,combined,24400,0.8416666666666667,0.05249338582674541,0.73,0.88,6,"1000,1001,1002,1003,1004,1005",100000,200,True
even-palindrome,baseline_vs_combined,accuracy,combined,24600,0.8316666666666667,0.06743309441381304,0.735,0.9,6,"1000,1001,1002,1003,1004,1005",100000,200,True
even-palindrome,baseline_vs_combined,accuracy,combined,24800,0.8524999999999999,0.030103986446980736,0.81,0.885,6,"1000,1001,1002,1003,1004,1005",100000,200,True
even-palindrome,baseline_vs_combined,accuracy,combined,25000,0.8216666666666667,0.035197853469904776,0.785,0.88,6,"1000,1001,1002,1003,1004,1005",100000,200,True
even-palindrome,baseline_vs_combined,accuracy,combined,25200,0.8624999999999999,0.04259792639710684,0.8,0.9,6,"1000,1001,1002,1003,1004,1005",100000,200,True
even-palindrome,baseline_vs_combined,accuracy,combined,25400,0.8691666666666666,0.04305197117696497,0.79,0.93,6,"1000,1001,1002,1003,1004,1005",100000,200,True
even-palindrome,baseline_vs_combined,accuracy,combined,25600,0.8391666666666665,0.036448212881048395,0.78,0.9,6,"1000,1001,1002,1003,1004,1005",100000,200,True
even-palindrome,baseline_vs_combined,accuracy,combined,25800,0.8641666666666667,0.03258535799336195,0.83,0.905,6,"1000,1001,1002,1003,1004,1005",100000,200,True
even-palindrome,baseline_vs_combined,accuracy,combined,26000,0.8683333333333333,0.0347211110933328,0.82,0.915,6,"1000,1001,1002,1003,1004,1005",100000,200,True
even-palindrome,baseline_vs_combined,accuracy,combined,26200,0.8858333333333333,0.030470842164637024,0.855,0.95,6,"1000,1001,1002,1003,1004,1005",100000,200,True
even-palindrome,baseline_vs_combined,accuracy,combined,26400,0.9008333333333334,0.04285796956874596,0.83,0.96,6,"1000,1001,1002,1003,1004,1005",100000,200,True
even-palindrome,baseline_vs_combined,accuracy,combined,26600,0.8741666666666666,0.021874007914011163,0.845,0.91,6,"1000,1001,1002,1003,1004,1005",100000,200,True
even-palindrome,baseline_vs_combined,accuracy,combined,26800,0.8724999999999999,0.019737865470545037,0.845,0.895,6,"1000,1001,1002,1003,1004,1005",100000,200,True
even-palindrome,baseline_vs_combined,accuracy,combined,27000,0.8733333333333334,0.04642796092394707,0.775,0.915,6,"1000,1001,1002,1003,1004,1005",100000,200,True
even-palindrome,baseline_vs_combined,accuracy,combined,27200,0.8908333333333333,0.02760082526946535,0.86,0.935,6,"1000,1001,1002,1003,1004,1005",100000,200,True
even-palindrome,baseline_vs_combined,accuracy,combined,27400,0.9016666666666667,0.013437096247164262,0.885,0.92,6,"1000,1001,1002,1003,1004,1005",100000,200,True
even-palindrome,baseline_vs_combined,accuracy,combined,27600,0.8849999999999999,0.039581140290126424,0.815,0.93,6,"1000,1001,1002,1003,1004,1005",100000,200,True
even-palindrome,baseline_vs_combined,accuracy,combined,27800,0.8958333333333334,0.02539958442354697,0.855,0.93,6,"1000,1001,1002,1003,1004,1005",100000,200,True
even-palindrome,baseline_vs_combined,accuracy,combined,28000,0.8925000000000001,0.01931105037709413,0.875,0.93,6,"1000,1001,1002,1003,1004,1005",100000,200,True
even-palindrome,baseline_vs_combined,accuracy,combined,28200,0.8925,0.0310577419226404,0.835,0.935,6,"1000,1001,1002,1003,1004,1005",100000,200,True
even-palindrome,baseline_vs_combined,accuracy,combined,28400,0.8508333333333334,0.04586362635272337,0.775,0.905,6,"1000,1001,1002,1003,1004,1005",100000,200,True
even-palindrome,baseline_vs_combined,accuracy,combined,28600,0.8866666666666667,0.049553562491061666,0.79,0.955,6,"1000,1001,1002,1003,1004,1005",100000,200,True
even-palindrome,baseline_vs_combined,accuracy,combined,28800,0.8958333333333334,0.029639032072964592,0.865,0.93,6,"1000,1001,1002,1003,1004,1005",100000,200,True
even-palindrome,baseline_vs_combined,accuracy,combined,29000,0.875,0.025658007197234444,0.825,0.905,6,"1000,1001,1002,1003,1004,1005",100000,200,True
even-palindrome,baseline_vs_combined,accuracy,combined,29200,0.8825,0.028099525500145637,0.855,0.935,6,"1000,1001,1002,1003,1004,1005",100000,200,True
even-palindrome,baseline_vs_combined,accuracy,combined,29400,0.9008333333333334,0.02539958442354697,0.86,0.925,6,"1000,1001,1002,1003,1004,1005",100000,200,True
even-palindrome,baseline_vs_combined,accuracy,combined,29600,0.9041666666666667,0.033592740617910635,0.845,0.94,6,"1000,1001,1002,1003,1004,1005",100000,200,True
even-palindrome,baseline_vs_combined,accuracy,combined,29800,0.8624999999999999,0.08199339404285365,0.69,0.94,6,"1000,1001,1002,1003,1004,1005",100000,200,True
even-palindrome,baseline_vs_combined,accuracy,combined,30000,0.8741666666666666,0.07339486055273596,0.72,0.945,6,"1000,1001,1002,1003,1004,1005",100000,200,True
even-palindrome,baseline_vs_combined,accuracy,combined,30200,0.9225,0.025940637360455605,0.885,0.95,6,"1000,1001,1002,1003,1004,1005",100000,200,True
even-palindrome,baseline_vs_combined,accuracy,combined,30400,0.9199999999999999,0.027688746209726913,0.875,0.96,6,"1000,1001,1002,1003,1004,1005",100000,200,True
even-palindrome,baseline_vs_combined,accuracy,combined,30600,0.8991666666666668,0.02775137634224451,0.865,0.95,6,"1000,1001,1002,1003,1004,1005",100000,200,True
even-palindrome,baseline_vs_combined,accuracy,combined,30800,0.9025,0.032242570203588505,0.85,0.955,6,"1000,1001,1002,1003,1004,1005",100000,200,True
even-palindrome,baseline_vs_combined,accuracy,combined,31000,0.9025,0.03837859646556483,0.855,0.955,6,"1000,1001,1002,1003,1004,1005",100000,200,True
even-palindrome,baseline_vs_combined,accuracy,combined,31200,0.9050000000000001,0.03947573094109004,0.835,0.97,6,"1000,1001,1002,1003,1004,1005",100000,200,True
even-palindrome,baseline_vs_combined,accuracy,combined,31400,0.8833333333333332,0.05885481194336523,0.765,0.94,6,"1000,1001,1002,1003,1004,1005",100000,200,True
even-palindrome,baseline_vs_combined,accuracy,combined,31600,0.8533333333333332,0.11603399884899637,0.6,0.94,6,"1000,1001,1002,1003,1004,1005",100000,200,True
even-palindrome,baseline_vs_combined,accuracy,combined,31800,0.8766666666666668,0.06932211447695141,0.735,0.955,6,"1000,1001,1002,1003,1004,1005",100000,200,True
even-palindrome,baseline_vs_combined,accuracy,combined,32000,0.8841666666666667,0.06307513156722087,0.755,0.945,6,"1000,1001,1002,1003,1004,1005",100000,200,True
even-palindrome,baseline_vs_combined,accuracy,combined,32200,0.9041666666666667,0.04372419874114969,0.83,0.975,6,"1000,1001,1002,1003,1004,1005",100000,200,True
even-palindrome,baseline_vs_combined,accuracy,combined,32400,0.9116666666666666,0.05055250296034368,0.815,0.965,6,"1000,1001,1002,1003,1004,1005",100000,200,True
even-palindrome,baseline_vs_combined,accuracy,combined,32600,0.9283333333333333,0.009428090415820609,0.92,0.945,6,"1000,1001,1002,1003,1004,1005",100000,200,True
even-palindrome,baseline_vs_combined,accuracy,combined,32800,0.8966666666666665,0.031313823713426565,0.855,0.94,6,"1000,1001,1002,1003,1004,1005",100000,200,True
even-palindrome,baseline_vs_combined,accuracy,combined,33000,0.9166666666666666,0.02034425935955616,0.885,0.95,6,"1000,1001,1002,1003,1004,1005",100000,200,True
even-palindrome,baseline_vs_combined,accuracy,combined,33200,0.9383333333333334,0.01649915822768608,0.92,0.97,6,"1000,1001,1002,1003,1004,1005",100000,200,True
even-palindrome,baseline_vs_combined,accuracy,combined,33400,0.9308333333333333,0.028345585586158222,0.9,0.975,6,"1000,1001,1002,1003,1004,1005",100000,200,True
even-palindrome,baseline_vs_combined,accuracy,combined,33600,0.9191666666666666,0.02280655363900666,0.885,0.95,6,"1000,1001,1002,1003,1004,1005",100000,200,True
even-palindrome,baseline_vs_combined,accuracy,combined,33800,0.9183333333333333,0.019930434571835656,0.89,0.945,6,"1000,1001,1002,1003,1004,1005",100000,200,True
even-palindrome,baseline_vs_combined,accuracy,combined,34000,0.9149999999999999,0.03651483716701106,0.86,0.96,6,"1000,1001,1002,1003,1004,1005",100000,200,True
even-palindrome,baseline_vs_combined,accuracy,combined,34200,0.9199999999999999,0.03559026084010437,0.88,0.99,6,"1000,1001,1002,1003,1004,1005",100000,200,True
even-palindrome,baseline_vs_combined,accuracy,combined,34400,0.9266666666666666,0.030092450142112957,0.875,0.96,6,"1000,1001,1002,1003,1004,1005",100000,200,True
even-palindrome,baseline_vs_combined,accuracy,combined,34600,0.8966666666666666,0.07266743118863882,0.735,0.935,6,"1000,1001,1002,1003,1004,1005",100000,200,True
even-palindrome,baseline_vs_combined,accuracy,combined,34800,0.915,0.02291287847477919,0.89,0.955,6,"1000,1001,1002,1003,1004,1005",100000,200,True
even-palindrome,baseline_vs_combined,accuracy,combined,35000,0.9358333333333334,0.02921424690493015,0.89,0.98,6,"1000,1001,1002,1003,1004,1005",100000,200,True
even-palindrome,baseline_vs_combined,accuracy,combined,35200,0.935,0.02999999999999998,0.875,0.965,6,"1000,1001,1002,1003,1004,1005",100000,200,True
even-palindrome,baseline_vs_combined,accuracy,combined,35400,0.9358333333333332,0.02456567162163943,0.9,0.97,6,"1000,1001,1002,1003,1004,1005",100000,200,True
even-palindrome,baseline_vs_combined,accuracy,combined,35600,0.9441666666666665,0.014837078178970698,0.92,0.965,6,"1000,1001,1002,1003,1004,1005",100000,200,True
even-palindrome,baseline_vs_combined,accuracy,combined,35800,0.94,0.028867513459481266,0.895,0.975,6,"1000,1001,1002,1003,1004,1005",100000,200,True
even-palindrome,baseline_vs_combined,accuracy,combined,36000,0.9241666666666667,0.0255631027502966,0.895,0.975,6,"1000,1001,1002,1003,1004,1005",100000,200,True
even-palindrome,baseline_vs_combined,accuracy,combined,36200,0.9291666666666667,0.022438186696393737,0.905,0.96,6,"1000,1001,1002,1003,1004,1005",100000,200,True
even-palindrome,baseline_vs_combined,accuracy,combined,36400,0.945,0.02708012801545318,0.9,0.975,6,"1000,1001,1002,1003,1004,1005",100000,200,True
even-palindrome,baseline_vs_combined,accuracy,combined,36600,0.9166666666666666,0.0351978534699048,0.865,0.975,6,"1000,1001,1002,1003,1004,1005",100000,200,True
even-palindrome,baseline_vs_combined,accuracy,combined,36800,0.9383333333333334,0.04412734098291241,0.865,0.99,6,"1000,1001,1002,1003,1004,1005",100000,200,True
even-palindrome,baseline_vs_combined,accuracy,combined,37000,0.9483333333333334,0.03236081306491264,0.91,0.985,6,"1000,1001,1002,1003,1004,1005",100000,200,True
even-palindrome,baseline_vs_combined,accuracy,combined,37200,0.9274999999999999,0.04090130397269341,0.88,0.995,6,"1000,1001,1002,1003,1004,1005",100000,200,True
even-palindrome,baseline_vs_combined,accuracy,combined,37400,0.9499999999999998,0.0210158670215308,0.925,0.98,6,"1000,1001,1002,1003,1004,1005",100000,200,True
even-palindrome,baseline_vs_combined,accuracy,combined,37600,0.9366666666666666,0.0357848509226398,0.87,0.98,6,"1000,1001,1002,1003,1004,1005",100000,200,True
even-palindrome,baseline_vs_combined,accuracy,combined,37800,0.9325000000000001,0.042401847444028494,0.885,0.995,6,"1000,1001,1002,1003,1004,1005",100000,200,True
even-palindrome,baseline_vs_combined,accuracy,combined,38000,0.9400000000000001,0.0306865877325366,0.885,0.98,6,"1000,1001,1002,1003,1004,1005",100000,200,True
even-palindrome,baseline_vs_combined,accuracy,combined,38200,0.9274999999999999,0.02340761984198021,0.89,0.96,6,"1000,1001,1002,1003,1004,1005",100000,200,True
even-palindrome,baseline_vs_combined,accuracy,combined,38400,0.9491666666666667,0.03552190247657851,0.9,1.0,6,"1000,1001,1002,1003,1004,1005",100000,200,True
even-palindrome,baseline_vs_combined,accuracy,combined,38600,0.9375,0.018652524404666127,0.915,0.965,6,"1000,1001,1002,1003,1004,1005",100000,200,True
even-palindrome,baseline_vs_combined,accuracy,combined,38800,0.9525,0.02249999999999999,0.915,0.985,6,"1000,1001,1002,1003,1004,1005",100000,200,True
even-palindrome,baseline_vs_combined,accuracy,combined,39000,0.9375,0.02410912690248236,0.895,0.965,6,"1000,1001,1002,1003,1004,1005",100000,200,True
even-palindrome,baseline_vs_combined,accuracy,combined,39200,0.9483333333333333,0.035433819375782154,0.885,1.0,6,"1000,1001,1002,1003,1004,1005",100000,200,True
even-palindrome,baseline_vs_combined,accuracy,combined,39400,0.9508333333333333,0.03101299010988064,0.9,0.995,6,"1000,1001,1002,1003,1004,1005",100000,200,True
even-palindrome,baseline_vs_combined,accuracy,combined,39600,0.9441666666666667,0.03951968567126457,0.88,0.99,6,"1000,1001,1002,1003,1004,1005",100000,200,True
even-palindrome,baseline_vs_combined,accuracy,combined,39800,0.9391666666666666,0.032585357993361895,0.895,0.99,6,"1000,1001,1002,1003,1004,1005",100000,200,True
even-palindrome,baseline_vs_combined,accuracy,combined,40000,0.9491666666666666,0.03633371559431938,0.89,1.0,6,"1000,1001,1002,1003,1004,1005",100000,200,True
even-palindrome,baseline_vs_combined,accuracy,combined,40200,0.9474999999999999,0.028686524130097483,0.915,0.985,6,"1000,1001,1002,1003,1004,1005",100000,200,True
even-palindrome,baseline_vs_combined,accuracy,combined,40400,0.935,0.03149073937948529,0.9,0.985,6,"1000,1001,1002,1003,1004,1005",100000,200,True
even-palindrome,baseline_vs_combined,accuracy,combined,40600,0.9374999999999999,0.027195281453467845,0.895,0.98,6,"1000,1001,1002,1003,1004,1005",100000,200,True
even-palindrome,baseline_vs_combined,accuracy,combined,40800,0.9433333333333334,0.02443813049769194,0.91,0.98,6,"1000,1001,1002,1003,1004,1005",100000,200,True
even-palindrome,baseline_vs_combined,accuracy,combined,41000,0.9558333333333334,0.026679684322636853,0.925,1.0,6,"1000,1001,1002,1003,1004,1005",100000,200,True
even-palindrome,baseline_vs_combined,accuracy,combined,41200,0.9391666666666666,0.026047499346812948,0.9,0.97,6,"1000,1001,1002,1003,1004,1005",100000,200,True
even-palindrome,baseline_vs_combined,accuracy,combined,41400,0.9474999999999999,0.026418112473578913,0.915,0.995,6,"1000,1001,1002,1003,1004,1005",100000,200,True
even-palindrome,baseline_vs_combined,accuracy,combined,41600,0.9425,0.023935677693908423,0.905,0.97,6,"1000,1001,1002,1003,1004,1005",100000,200,True
even-palindrome,baseline_vs_combined,accuracy,combined,41800,0.9525,0.025454207248835424,0.92,0.99,6,"1000,1001,1002,1003,1004,1005",100000,200,True
even-palindrome,baseline_vs_combined,accuracy,combined,42000,0.945,0.025166114784235805,0.91,0.98,6,"1000,1001,1002,1003,1004,1005",100000,200,True
even-palindrome,baseline_vs_combined,accuracy,combined,42200,0.9574999999999999,0.032371540999258375,0.91,0.995,6,"1000,1001,1002,1003,1004,1005",100000,200,True
even-palindrome,baseline_vs_combined,accuracy,combined,42400,0.9558333333333332,0.029356524923014216,0.915,0.995,6,"1000,1001,1002,1003,1004,1005",100000,200,True
even-palindrome,baseline_vs_combined,accuracy,combined,42600,0.9483333333333333,0.027638539919628304,0.905,0.985,6,"1000,1001,1002,1003,1004,1005",100000,200,True
even-palindrome,baseline_vs_combined,accuracy,combined,42800,0.9616666666666668,0.022110831935702655,0.925,0.995,6,"1000,1001,1002,1003,1004,1005",100000,200,True
even-palindrome,baseline_vs_combined,accuracy,combined,43000,0.955,0.035118845842842444,0.895,1.0,6,"1000,1001,1002,1003,1004,1005",100000,200,True
even-palindrome,baseline_vs_combined,accuracy,combined,43200,0.9516666666666665,0.03184162195757132,0.905,1.0,6,"1000,1001,1002,1003,1004,1005",100000,200,True
even-palindrome,baseline_vs_combined,accuracy,combined,43400,0.9424999999999999,0.03436931771216878,0.885,0.98,6,"1000,1001,1002,1003,1004,1005",100000,200,True
even-palindrome,baseline_vs_combined,accuracy,combined,43600,0.9583333333333334,0.02576604138956716,0.925,1.0,6,"1000,1001,1002,1003,1004,1005",100000,200,True
even-palindrome,baseline_vs_combined,accuracy,combined,43800,0.96,0.02217355782608343,0.935,0.985,6,"1000,1001,1002,1003,1004,1005",100000,200,True
even-palindrome,baseline_vs_combined,accuracy,combined,44000,0.9349999999999999,0.03559026084010435,0.9,0.995,6,"1000,1001,1002,1003,1004,1005",100000,200,True
even-palindrome,baseline_vs_combined,accuracy,combined,44200,0.9525,0.03350994877147181,0.915,0.995,6,"1000,1001,1002,1003,1004,1005",100000,200,True
even-palindrome,baseline_vs_combined,accuracy,combined,44400,0.9541666666666667,0.0362188563535012,0.91,1.0,6,"1000,1001,1002,1003,1004,1005",100000,200,True
even-palindrome,baseline_vs_combined,accuracy,combined,44600,0.9541666666666667,0.02714416245817053,0.91,0.985,6,"1000,1001,1002,1003,1004,1005",100000,200,True
even-palindrome,baseline_vs_combined,accuracy,combined,44800,0.9616666666666668,0.02560381915956202,0.92,0.995,6,"1000,1001,1002,1003,1004,1005",100000,200,True
even-palindrome,baseline_vs_combined,accuracy,combined,45000,0.9466666666666667,0.04988876515698588,0.87,1.0,6,"1000,1001,1002,1003,1004,1005",100000,200,True
even-palindrome,baseline_vs_combined,accuracy,combined,45200,0.9674999999999999,0.023228933107943914,0.93,0.995,6,"1000,1001,1002,1003,1004,1005",100000,200,True
even-palindrome,baseline_vs_combined,accuracy,combined,45400,0.9541666666666666,0.02187400791401114,0.925,0.985,6,"1000,1001,1002,1003,1004,1005",100000,200,True
even-palindrome,baseline_vs_combined,accuracy,combined,45600,0.96,0.02929732638541157,0.905,0.99,6,"1000,1001,1002,1003,1004,1005",100000,200,True
even-palindrome,baseline_vs_combined,accuracy,combined,45800,0.9433333333333334,0.030912061651652323,0.89,0.98,6,"1000,1001,1002,1003,1004,1005",100000,200,True
even-palindrome,baseline_vs_combined,accuracy,combined,46000,0.9416666666666668,0.04129837231121287,0.895,1.0,6,"1000,1001,1002,1003,1004,1005",100000,200,True
even-palindrome,baseline_vs_combined,accuracy,combined,46200,0.9725,0.015745369689742668,0.955,0.995,6,"1000,1001,1002,1003,1004,1005",100000,200,True
even-palindrome,baseline_vs_combined,accuracy,combined,46400,0.9500000000000001,0.029011491975881994,0.91,0.98,6,"1000,1001,1002,1003,1004,1005",100000,200,True
even-palindrome,baseline_vs_combined,accuracy,combined,46600,0.9541666666666667,0.031677629681247,0.9,0.99,6,"1000,1001,1002,1003,1004,1005",100000,200,True
even-palindrome,baseline_vs_combined,accuracy,combined,46800,0.9533333333333335,0.018856180831641256,0.925,0.985,6,"1000,1001,1002,1003,1004,1005",100000,200,True
even-palindrome,baseline_vs_combined,accuracy,combined,47000,0.9608333333333333,0.024395468613840746,0.93,1.0,6,"1000,1001,1002,1003,1004,1005",100000,200,True
even-palindrome,baseline_vs_combined,accuracy,combined,47200,0.9424999999999999,0.027499999999999976,0.905,0.99,6,"1000,1001,1002,1003,1004,1005",100000,200,True
even-palindrome,baseline_vs_combined,accuracy,combined,47400,0.9525000000000001,0.032627953250753156,0.9,1.0,6,"1000,1001,1002,1003,1004,1005",100000,200,True
even-palindrome,baseline_vs_combined,accuracy,combined,47600,0.9666666666666667,0.02460803843372231,0.935,1.0,6,"1000,1001,1002,1003,1004,1005",100000,200,True
even-palindrome,baseline_vs_combined,accuracy,combined,47800,0.9541666666666667,0.033962806453858047,0.9,1.0,6,"1000,1001,1002,1003,1004,1005",100000,200,True
even-palindrome,baseline_vs_combined,accuracy,combined,48000,0.9541666666666667,0.02744944848666766,0.915,1.0,6,"1000,1001,1002,1003,1004,1005",100000,200,True
even-palindrome,baseline_vs_combined,accuracy,combined,48200,0.96,0.014719601443879758,0.94,0.98,6,"1000,1001,1002,1003,1004,1005",100000,200,True
even-palindrome,baseline_vs_combined,accuracy,combined,48400,0.9558333333333334,0.020699570580623692,0.925,0.985,6,"1000,1001,1002,1003,1004,1005",100000,200,True
even-palindrome,baseline_vs_combined,accuracy,combined,48600,0.9441666666666665,0.03768473018198336,0.89,0.985,6,"1000,1001,1002,1003,1004,1005",100000,200,True
even-palindrome,baseline_vs_combined,accuracy,combined,48800,0.9641666666666667,0.0297792806420094,0.925,1.0,6,"1000,1001,1002,1003,1004,1005",100000,200,True
even-palindrome,baseline_vs_combined,accuracy,combined,49000,0.9624999999999999,0.014648663192705802,0.94,0.98,6,"1000,1001,1002,1003,1004,1005",100000,200,True
even-palindrome,baseline_vs_combined,accuracy,combined,49200,0.9458333333333333,0.025069348260818854,0.92,0.995,6,"1000,1001,1002,1003,1004,1005",100000,200,True
even-palindrome,baseline_vs_combined,accuracy,combined,49400,0.9575,0.026887109674836113,0.925,1.0,6,"1000,1001,1002,1003,1004,1005",100000,200,True
even-palindrome,baseline_vs_combined,accuracy,combined,49600,0.9583333333333335,0.036132472314464655,0.895,1.0,6,"1000,1001,1002,1003,1004,1005",100000,200,True
even-palindrome,baseline_vs_combined,accuracy,combined,49800,0.9491666666666667,0.03540440964374665,0.91,0.995,6,"1000,1001,1002,1003,1004,1005",100000,200,True
even-palindrome,baseline_vs_combined,accuracy,combined,50000,0.9633333333333334,0.031446603773522014,0.91,0.995,6,"1000,1001,1002,1003,1004,1005",100000,200,True
even-palindrome,baseline_vs_combined,accuracy,combined,50200,0.9675000000000001,0.016007810593582136,0.945,0.99,6,"1000,1001,1002,1003,1004,1005",100000,200,True
even-palindrome,baseline_vs_combined,accuracy,combined,50400,0.9558333333333332,0.05134983501001299,0.855,1.0,6,"1000,1001,1002,1003,1004,1005",100000,200,True
even-palindrome,baseline_vs_combined,accuracy,combined,50600,0.9516666666666668,0.04006938426723769,0.885,0.99,6,"1000,1001,1002,1003,1004,1005",100000,200,True
even-palindrome,baseline_vs_combined,accuracy,combined,50800,0.9600000000000001,0.030138568866708522,0.92,1.0,6,"1000,1001,1002,1003,1004,1005",100000,200,True
even-palindrome,baseline_vs_combined,accuracy,combined,51000,0.9616666666666668,0.027028791233711404,0.925,0.995,6,"1000,1001,1002,1003,1004,1005",100000,200,True
even-palindrome,baseline_vs_combined,accuracy,combined,51200,0.9525,0.03579455265819086,0.91,1.0,6,"1000,1001,1002,1003,1004,1005",100000,200,True
even-palindrome,baseline_vs_combined,accuracy,combined,51400,0.9608333333333334,0.023702437755546486,0.935,1.0,6,"1000,1001,1002,1003,1004,1005",100000,200,True
even-palindrome,baseline_vs_combined,accuracy,combined,51600,0.9616666666666668,0.028235123910162353,0.915,0.995,6,"1000,1001,1002,1003,1004,1005",100000,200,True
even-palindrome,baseline_vs_combined,accuracy,combined,51800,0.9666666666666667,0.02823512391016235,0.91,0.995,6,"1000,1001,1002,1003,1004,1005",100000,200,True
even-palindrome,baseline_vs_combined,accuracy,combined,52000,0.9583333333333334,0.01699673171197594,0.935,0.975,6,"1000,1001,1002,1003,1004,1005",100000,200,True
even-palindrome,baseline_vs_combined,accuracy,combined,52200,0.9608333333333333,0.03371654720690651,0.905,1.0,6,"1000,1001,1002,1003,1004,1005",100000,200,True
even-palindrome,baseline_vs_combined,accuracy,combined,52400,0.9575,0.03986957904635228,0.885,1.0,6,"1000,1001,1002,1003,1004,1005",100000,200,True
even-palindrome,baseline_vs_combined,accuracy,combined,52600,0.9591666666666666,0.028492201662131244,0.92,0.99,6,"1000,1001,1002,1003,1004,1005",100000,200,True
even-palindrome,baseline_vs_combined,accuracy,combined,52800,0.955,0.0256580071972344,0.915,0.995,6,"1000,1001,1002,1003,1004,1005",100000,200,True
even-palindrome,baseline_vs_combined,accuracy,combined,53000,0.955,0.03415650255319865,0.9,0.995,6,"1000,1001,1002,1003,1004,1005",100000,200,True
even-palindrome,baseline_vs_combined,accuracy,combined,53200,0.9625,0.025454207248835434,0.925,0.99,6,"1000,1001,1002,1003,1004,1005",100000,200,True
even-palindrome,baseline_vs_combined,accuracy,combined,53400,0.96,0.032532035493238555,0.9,1.0,6,"1000,1001,1002,1003,1004,1005",100000,200,True
even-palindrome,baseline_vs_combined,accuracy,combined,53600,0.9550000000000001,0.028577380332470387,0.915,0.99,6,"1000,1001,1002,1003,1004,1005",100000,200,True
even-palindrome,baseline_vs_combined,accuracy,combined,53800,0.9541666666666667,0.03779513490149521,0.885,0.995,6,"1000,1001,1002,1003,1004,1005",100000,200,True
even-palindrome,baseline_vs_combined,accuracy,combined,54000,0.9725,0.01931105037709413,0.95,1.0,6,"1000,1001,1002,1003,1004,1005",100000,200,True
even-palindrome,baseline_vs_combined,accuracy,combined,54200,0.9641666666666667,0.02805005446617806,0.93,1.0,6,"1000,1001,1002,1003,1004,1005",100000,200,True
even-palindrome,baseline_vs_combined,accuracy,combined,54400,0.9483333333333334,0.029953667926019032,0.905,0.995,6,"1000,1001,1002,1003,1004,1005",100000,200,True
even-palindrome,baseline_vs_combined,accuracy,combined,54600,0.9725,0.017736497211493986,0.945,0.995,6,"1000,1001,1002,1003,1004,1005",100000,200,True
even-palindrome,baseline_vs_combined,accuracy,combined,54800,0.965,0.03227486121839513,0.9,0.995,6,"1000,1001,1002,1003,1004,1005",100000,200,True
even-palindrome,baseline_vs_combined,accuracy,combined,55000,0.9683333333333333,0.023033791601808778,0.945,1.0,6,"1000,1001,1002,1003,1004,1005",100000,200,True
even-palindrome,baseline_vs_combined,accuracy,combined,55200,0.9658333333333333,0.03154582205124616,0.915,1.0,6,"1000,1001,1002,1003,1004,1005",100000,200,True
even-palindrome,baseline_vs_combined,accuracy,combined,55400,0.9674999999999999,0.02174664725116647,0.93,0.995,6,"1000,1001,1002,1003,1004,1005",100000,200,True
even-palindrome,baseline_vs_combined,accuracy,combined,55600,0.9624999999999999,0.030652623596249182,0.925,1.0,6,"1000,1001,1002,1003,1004,1005",100000,200,True
even-palindrome,baseline_vs_combined,accuracy,combined,55800,0.9716666666666667,0.021730674684008817,0.935,0.995,6,"1000,1001,1002,1003,1004,1005",100000,200,True
even-palindrome,baseline_vs_combined,accuracy,combined,56000,0.965,0.030276503540974914,0.915,1.0,6,"1000,1001,1002,1003,1004,1005",100000,200,True
even-palindrome,baseline_vs_combined,accuracy,combined,56200,0.9699999999999999,0.02415229457698239,0.935,0.995,6,"1000,1001,1002,1003,1004,1005",100000,200,True
even-palindrome,baseline_vs_combined,accuracy,combined,56400,0.9583333333333334,0.030368111930480977,0.915,0.99,6,"1000,1001,1002,1003,1004,1005",100000,200,True
even-palindrome,baseline_vs_combined,accuracy,combined,56600,0.9658333333333333,0.03193961316122801,0.92,1.0,6,"1000,1001,1002,1003,1004,1005",100000,200,True
even-palindrome,baseline_vs_combined,accuracy,combined,56800,0.96,0.027537852736430512,0.925,1.0,6,"1000,1001,1002,1003,1004,1005",100000,200,True
even-palindrome,baseline_vs_combined,accuracy,combined,57000,0.9516666666666667,0.03287180487219336,0.905,1.0,6,"1000,1001,1002,1003,1004,1005",100000,200,True
even-palindrome,baseline_vs_combined,accuracy,combined,57200,0.96,0.029011491975882004,0.93,1.0,6,"1000,1001,1002,1003,1004,1005",100000,200,True
even-palindrome,baseline_vs_combined,accuracy,combined,57400,0.965,0.031091263510296032,0.925,1.0,6,"1000,1001,1002,1003,1004,1005",100000,200,True
even-palindrome,baseline_vs_combined,accuracy,combined,57600,0.9658333333333333,0.027449448486667662,0.915,0.995,6,"1000,1001,1002,1003,1004,1005",100000,200,True
even-palindrome,baseline_vs_combined,accuracy,combined,57800,0.9708333333333333,0.02506934826081886,0.925,1.0,6,"1000,1001,1002,1003,1004,1005",100000,200,True
even-palindrome,baseline_vs_combined,accuracy,combined,58000,0.9708333333333333,0.019021187017522194,0.935,0.99,6,"1000,1001,1002,1003,1004,1005",100000,200,True
even-palindrome,baseline_vs_combined,accuracy,combined,58200,0.9616666666666666,0.025927248643506744,0.93,1.0,6,"1000,1001,1002,1003,1004,1005",100000,200,True
even-palindrome,baseline_vs_combined,accuracy,combined,58400,0.9666666666666667,0.02460803843372233,0.935,0.995,6,"1000,1001,1002,1003,1004,1005",100000,200,True
even-palindrome,baseline_vs_combined,accuracy,combined,58600,0.9558333333333334,0.030057814661452385,0.9,0.985,6,"1000,1001,1002,1003,1004,1005",100000,200,True
even-palindrome,baseline_vs_combined,accuracy,combined,58800,0.965,0.017078251276599347,0.945,0.99,6,"1000,1001,1002,1003,1004,1005",100000,200,True
even-palindrome,baseline_vs_combined,accuracy,combined,59000,0.9666666666666667,0.029107081994288294,0.91,1.0,6,"1000,1001,1002,1003,1004,1005",100000,200,True
even-palindrome,baseline_vs_combined,accuracy,combined,59200,0.9708333333333333,0.016687486995417337,0.945,0.99,6,"1000,1001,1002,1003,1004,1005",100000,200,True
even-palindrome,baseline_vs_combined,accuracy,combined,59400,0.9641666666666667,0.03128054063187241,0.92,1.0,6,"1000,1001,1002,1003,1004,1005",100000,200,True
even-palindrome,baseline_vs_combined,accuracy,combined,59600,0.9666666666666668,0.02303379160180875,0.935,0.99,6,"1000,1001,1002,1003,1004,1005",100000,200,True
even-palindrome,baseline_vs_combined,accuracy,combined,59800,0.9641666666666665,0.031808891139987173,0.925,1.0,6,"1000,1001,1002,1003,1004,1005",100000,200,True
even-palindrome,baseline_vs_combined,accuracy,combined,60000,0.9625,0.029119008682760246,0.92,1.0,6,"1000,1001,1002,1003,1004,1005",100000,200,True
even-palindrome,baseline_vs_combined,accuracy,combined,60200,0.9591666666666668,0.03552190247657851,0.91,0.995,6,"1000,1001,1002,1003,1004,1005",100000,200,True
even-palindrome,baseline_vs_combined,accuracy,combined,60400,0.9683333333333333,0.025766041389567167,0.92,0.995,6,"1000,1001,1002,1003,1004,1005",100000,200,True
even-palindrome,baseline_vs_combined,accuracy,combined,60600,0.9766666666666666,0.02229848026709944,0.94,1.0,6,"1000,1001,1002,1003,1004,1005",100000,200,True
even-palindrome,baseline_vs_combined,accuracy,combined,60800,0.9691666666666667,0.025725581734055217,0.935,1.0,6,"1000,1001,1002,1003,1004,1005",100000,200,True
even-palindrome,baseline_vs_combined,accuracy,combined,61000,0.9716666666666667,0.02748737083745106,0.92,1.0,6,"1000,1001,1002,1003,1004,1005",100000,200,True
even-palindrome,baseline_vs_combined,accuracy,combined,61200,0.9783333333333334,0.017716909687891098,0.955,1.0,6,"1000,1001,1002,1003,1004,1005",100000,200,True
even-palindrome,baseline_vs_combined,accuracy,combined,61400,0.9616666666666666,0.026087459737497525,0.925,1.0,6,"1000,1001,1002,1003,1004,1005",100000,200,True
even-palindrome,baseline_vs_combined,accuracy,combined,61600,0.9700000000000001,0.02929732638541157,0.92,1.0,6,"1000,1001,1002,1003,1004,1005",100000,200,True
even-palindrome,baseline_vs_combined,accuracy,combined,61800,0.9633333333333333,0.03184162195757132,0.915,1.0,6,"1000,1001,1002,1003,1004,1005",100000,200,True
even-palindrome,baseline_vs_combined,accuracy,combined,62000,0.9708333333333333,0.02539958442354694,0.925,1.0,6,"1000,1001,1002,1003,1004,1005",100000,200,True
even-palindrome,baseline_vs_combined,accuracy,combined,62200,0.9741666666666666,0.01204736024566748,0.955,0.99,6,"1000,1001,1002,1003,1004,1005",100000,200,True
even-palindrome,baseline_vs_combined,accuracy,combined,62400,0.9683333333333333,0.03064129385141706,0.92,1.0,6,"1000,1001,1002,1003,1004,1005",100000,200,True
even-palindrome,baseline_vs_combined,accuracy,combined,62600,0.9574999999999999,0.03326033673912515,0.92,1.0,6,"1000,1001,1002,1003,1004,1005",100000,200,True
even-palindrome,baseline_vs_combined,accuracy,combined,62800,0.965,0.03559026084010435,0.915,1.0,6,"1000,1001,1002,1003,1004,1005",100000,200,True
even-palindrome,baseline_vs_combined,accuracy,combined,63000,0.9674999999999999,0.0242813371405558,0.94,1.0,6,"1000,1001,1002,1003,1004,1005",100000,200,True
even-palindrome,baseline_vs_combined,accuracy,combined,63200,0.9783333333333332,0.021147629234082553,0.945,1.0,6,"1000,1001,1002,1003,1004,1005",100000,200,True
even-palindrome,baseline_vs_combined,accuracy,combined,63400,0.9700000000000001,0.026299556396765827,0.925,1.0,6,"1000,1001,1002,1003,1004,1005",100000,200,True
even-palindrome,baseline_vs_combined,accuracy,combined,63600,0.98,0.019364916731037102,0.95,1.0,6,"1000,1001,1002,1003,1004,1005",100000,200,True
even-palindrome,baseline_vs_combined,accuracy,combined,63800,0.9700000000000001,0.02614064523559686,0.925,1.0,6,"1000,1001,1002,1003,1004,1005",100000,200,True
even-palindrome,baseline_vs_combined,accuracy,combined,64000,0.9766666666666667,0.01993043457183568,0.95,1.0,6,"1000,1001,1002,1003,1004,1005",100000,200,True
even-palindrome,baseline_vs_combined,accuracy,combined,64200,0.9791666666666666,0.01765801675034759,0.955,1.0,6,"1000,1001,1002,1003,1004,1005",100000,200,True
even-palindrome,baseline_vs_combined,accuracy,combined,64400,0.9733333333333335,0.016499158227686123,0.95,0.995,6,"1000,1001,1002,1003,1004,1005",100000,200,True
even-palindrome,baseline_vs_combined,accuracy,combined,64600,0.9775,0.01842778698958,0.955,1.0,6,"1000,1001,1002,1003,1004,1005",100000,200,True
even-palindrome,baseline_vs_combined,accuracy,combined,64800,0.9766666666666667,0.02192157739660986,0.94,1.0,6,"1000,1001,1002,1003,1004,1005",100000,200,True
even-palindrome,baseline_vs_combined,accuracy,combined,65000,0.9658333333333333,0.01923899396769201,0.945,0.995,6,"1000,1001,1002,1003,1004,1005",100000,200,True
even-palindrome,baseline_vs_combined,accuracy,combined,65200,0.9674999999999999,0.01931105037709413,0.94,0.99,6,"1000,1001,1002,1003,1004,1005",100000,200,True
even-palindrome,baseline_vs_combined,accuracy,combined,65400,0.9683333333333333,0.016244657241348288,0.945,0.99,6,"1000,1001,1002,1003,1004,1005",100000,200,True
even-palindrome,baseline_vs_combined,accuracy,combined,65600,0.9699999999999999,0.020615528128088288,0.935,0.995,6,"1000,1001,1002,1003,1004,1005",100000,200,True
even-palindrome,baseline_vs_combined,accuracy,combined,65800,0.9766666666666667,0.01572330188676102,0.95,1.0,6,"1000,1001,1002,1003,1004,1005",100000,200,True
even-palindrome,baseline_vs_combined,accuracy,combined,66000,0.9675000000000001,0.03275540667838924,0.915,1.0,6,"1000,1001,1002,1003,1004,1005",100000,200,True
even-palindrome,baseline_vs_combined,accuracy,combined,66200,0.9791666666666666,0.02049728979374809,0.945,1.0,6,"1000,1001,1002,1003,1004,1005",100000,200,True
even-palindrome,baseline_vs_combined,accuracy,combined,66400,0.9716666666666667,0.025927248643506765,0.94,1.0,6,"1000,1001,1002,1003,1004,1005",100000,200,True
even-palindrome,baseline_vs_combined,accuracy,combined,66600,0.965,0.02516611478423583,0.93,1.0,6,"1000,1001,1002,1003,1004,1005",100000,200,True
even-palindrome,baseline_vs_combined,accuracy,combined,66800,0.9666666666666665,0.02192157739660986,0.94,1.0,6,"1000,1001,1002,1003,1004,1005",100000,200,True
even-palindrome,baseline_vs_combined,accuracy,combined,67000,0.9725,0.020966242709015225,0.94,1.0,6,"1000,1001,1002,1003,1004,1005",100000,200,True
even-palindrome,baseline_vs_combined,accuracy,combined,67200,0.9783333333333334,0.015184055965240513,0.96,0.995,6,"1000,1001,1002,1003,1004,1005",100000,200,True
even-palindrome,baseline_vs_combined,accuracy,combined,67400,0.9683333333333334,0.025766041389567174,0.935,1.0,6,"1000,1001,1002,1003,1004,1005",100000,200,True
even-palindrome,baseline_vs_combined,accuracy,combined,67600,0.9791666666666666,0.019878100736460954,0.94,1.0,6,"1000,1001,1002,1003,1004,1005",100000,200,True
even-palindrome,baseline_vs_combined,accuracy,combined,67800,0.9716666666666667,0.01572330188676102,0.955,0.995,6,"1000,1001,1002,1003,1004,1005",100000,200,True
even-palindrome,baseline_vs_combined,accuracy,combined,68000,0.9691666666666667,0.03309288275277463,0.915,1.0,6,"1000,1001,1002,1003,1004,1005",100000,200,True
even-palindrome,baseline_vs_combined,accuracy,combined,68200,0.9625,0.028975564417856165,0.925,1.0,6,"1000,1001,1002,1003,1004,1005",100000,200,True
even-palindrome,baseline_vs_combined,accuracy,combined,68400,0.9708333333333333,0.020292992769809885,0.945,1.0,6,"1000,1001,1002,1003,1004,1005",100000,200,True
even-palindrome,baseline_vs_combined,accuracy,combined,68600,0.9633333333333334,0.013743685418725548,0.945,0.985,6,"1000,1001,1002,1003,1004,1005",100000,200,True
even-palindrome,baseline_vs_combined,accuracy,combined,68800,0.9683333333333334,0.021147629234082525,0.935,0.995,6,"1000,1001,1002,1003,1004,1005",100000,200,True
even-palindrome,baseline_vs_combined,accuracy,combined,69000,0.9558333333333332,0.028345585586158233,0.925,1.0,6,"1000,1001,1002,1003,1004,1005",100000,200,True
even-palindrome,baseline_vs_combined,accuracy,combined,69200,0.9625,0.023584952830141503,0.93,0.99,6,"1000,1001,1002,1003,1004,1005",100000,200,True
even-palindrome,baseline_vs_combined,accuracy,combined,69400,0.9658333333333333,0.02775137634224451,0.915,0.99,6,"1000,1001,1002,1003,1004,1005",100000,200,True
even-palindrome,baseline_vs_combined,accuracy,combined,69600,0.9666666666666667,0.03287180487219336,0.905,1.0,6,"1000,1001,1002,1003,1004,1005",100000,200,True
even-palindrome,baseline_vs_combined,accuracy,combined,69800,0.9675000000000001,0.025779513830430027,0.925,0.995,6,"1000,1001,1002,1003,1004,1005",100000,200,True
even-palindrome,baseline_vs_combined,accuracy,combined,70000,0.9725,0.02428133714055577,0.935,1.0,6,"1000,1001,1002,1003,1004,1005",100000,200,True
even-palindrome,baseline_vs_combined,accuracy,combined,70200,0.9841666666666665,0.008858454843945549,0.975,1.0,6,"1000,1001,1002,1003,1004,1005",100000,200,True
even-palindrome,baseline_vs_combined,accuracy,combined,70400,0.9650000000000002,0.02449489742783178,0.93,0.99,6,"1000,1001,1002,1003,1004,1005",100000,200,True
even-palindrome,baseline_vs_combined,accuracy,combined,70600,0.9824999999999999,0.016266017746619295,0.955,1.0,6,"1000,1001,1002,1003,1004,1005",100000,200,True
even-palindrome,baseline_vs_combined,accuracy,combined,70800,0.9741666666666666,0.01789242546131992,0.955,1.0,6,"1000,1001,1002,1003,1004,1005",100000,200,True
even-palindrome,baseline_vs_combined,accuracy,combined,71000,0.9708333333333332,0.021874007914011166,0.94,1.0,6,"1000,1001,1002,1003,1004,1005",100000,200,True
even-palindrome,baseline_vs_combined,accuracy,combined,71200,0.9691666666666667,0.02069957058062372,0.94,0.995,6,"1000,1001,1002,1003,1004,1005",100000,200,True
even-palindrome,baseline_vs_combined,accuracy,combined,71400,0.9758333333333334,0.021098314835286958,0.95,1.0,6,"1000,1001,1002,1003,1004,1005",100000,200,True
even-palindrome,baseline_vs_combined,accuracy,combined,71600,0.9691666666666667,0.026365486699260646,0.94,1.0,6,"1000,1001,1002,1003,1004,1005",100000,200,True
even-palindrome,baseline_vs_combined,accuracy,combined,71800,0.9791666666666666,0.018577914008006645,0.95,1.0,6,"1000,1001,1002,1003,1004,1005",100000,200,True
even-palindrome,baseline_vs_combined,accuracy,combined,72000,0.9525,0.05022864388639879,0.845,1.0,6,"1000,1001,1002,1003,1004,1005",100000,200,True
even-palindrome,baseline_vs_combined,accuracy,combined,72200,0.9633333333333333,0.039965262694272655,0.89,1.0,6,"1000,1001,1002,1003,1004,1005",100000,200,True
even-palindrome,baseline_vs_combined,accuracy,combined,72400,0.9733333333333333,0.024267032964268385,0.93,1.0,6,"1000,1001,1002,1003,1004,1005",100000,200,True
even-palindrome,baseline_vs_combined,accuracy,combined,72600,0.9708333333333333,0.030878345522748173,0.925,1.0,6,"1000,1001,1002,1003,1004,1005",100000,200,True
even-palindrome,baseline_vs_combined,accuracy,combined,72800,0.9741666666666666,0.016687486995417337,0.95,0.995,6,"1000,1001,1002,1003,1004,1005",100000,200,True
even-palindrome,baseline_vs_combined,accuracy,combined,73000,0.9691666666666667,0.027901115071305334,0.915,0.995,6,"1000,1001,1002,1003,1004,1005",100000,200,True
even-palindrome,baseline_vs_combined,accuracy,combined,73200,0.9816666666666666,0.016244657241348288,0.955,1.0,6,"1000,1001,1002,1003,1004,1005",100000,200,True
even-palindrome,baseline_vs_combined,accuracy,combined,73400,0.98,0.02061552812808832,0.945,1.0,6,"1000,1001,1002,1003,1004,1005",100000,200,True
even-palindrome,baseline_vs_combined,accuracy,combined,73600,0.9741666666666666,0.024224069756247715,0.935,1.0,6,"1000,1001,1002,1003,1004,1005",100000,200,True
even-palindrome,baseline_vs_combined,accuracy,combined,73800,0.985,0.013228756555322966,0.965,1.0,6,"1000,1001,1002,1003,1004,1005",100000,200,True
even-palindrome,baseline_vs_combined,accuracy,combined,74000,0.9783333333333334,0.017480147469502542,0.955,1.0,6,"1000,1001,1002,1003,1004,1005",100000,200,True
even-palindrome,baseline_vs_combined,accuracy,combined,74200,0.9766666666666667,0.012801909579781025,0.955,0.99,6,"1000,1001,1002,1003,1004,1005",100000,200,True
even-palindrome,baseline_vs_combined,accuracy,combined,74400,0.9641666666666667,0.03504956807468848,0.895,1.0,6,"1000,1001,1002,1003,1004,1005",100000,200,True
even-palindrome,baseline_vs_combined,accuracy,combined,74600,0.9908333333333332,0.010172129679778095,0.975,1.0,6,"1000,1001,1002,1003,1004,1005",100000,200,True
even-palindrome,baseline_vs_combined,accuracy,combined,74800,0.975,0.017559422921421246,0.95,0.995,6,"1000,1001,1002,1003,1004,1005",100000,200,True
even-palindrome,baseline_vs_combined,accuracy,combined,75000,0.9766666666666667,0.02074983266331457,0.95,1.0,6,"1000,1001,1002,1003,1004,1005",100000,200,True
even-palindrome,baseline_vs_combined,accuracy,combined,75200,0.9816666666666666,0.010274023338281637,0.97,0.995,6,"1000,1001,1002,1003,1004,1005",100000,200,True
even-palindrome,baseline_vs_combined,accuracy,combined,75400,0.9741666666666666,0.022623119934163733,0.95,1.0,6,"1000,1001,1002,1003,1004,1005",100000,200,True
even-palindrome,baseline_vs_combined,accuracy,combined,75600,0.9791666666666666,0.01835226295462105,0.95,1.0,6,"1000,1001,1002,1003,1004,1005",100000,200,True
even-palindrome,baseline_vs_combined,accuracy,combined,75800,0.9700000000000001,0.02362907813126306,0.94,1.0,6,"1000,1001,1002,1003,1004,1005",100000,200,True
even-palindrome,baseline_vs_combined,accuracy,combined,76000,0.9733333333333333,0.016749792701868167,0.945,1.0,6,"1000,1001,1002,1003,1004,1005",100000,200,True
even-palindrome,baseline_vs_combined,accuracy,combined,76200,0.9708333333333333,0.01902118701752223,0.95,0.995,6,"1000,1001,1002,1003,1004,1005",100000,200,True
even-palindrome,baseline_vs_combined,accuracy,combined,76400,0.9733333333333333,0.024776781245530836,0.935,1.0,6,"1000,1001,1002,1003,1004,1005",100000,200,True
even-palindrome,baseline_vs_combined,accuracy,combined,76600,0.9791666666666666,0.02298852370688952,0.935,1.0,6,"1000,1001,1002,1003,1004,1005",100000,200,True
even-palindrome,baseline_vs_combined,accuracy,combined,76800,0.9741666666666667,0.021489661597046066,0.95,1.0,6,"1000,1001,1002,1003,1004,1005",100000,200,True
even-palindrome,baseline_vs_combined,accuracy,combined,77000,0.9816666666666666,0.016749792701868167,0.965,1.0,6,"1000,1001,1002,1003,1004,1005",100000,200,True
even-palindrome,baseline_vs_combined,accuracy,combined,77200,0.9816666666666665,0.009428090415820642,0.97,0.995,6,"1000,1001,1002,1003,1004,1005",100000,200,True
even-palindrome,baseline_vs_combined,accuracy,combined,77400,0.975,0.020816659994661344,0.94,1.0,6,"1000,1001,1002,1003,1004,1005",100000,200,True
even-palindrome,baseline_vs_combined,accuracy,combined,77600,0.9775,0.022684429314693687,0.94,1.0,6,"1000,1001,1002,1003,1004,1005",100000,200,True
even-palindrome,baseline_vs_combined,accuracy,combined,77800,0.9841666666666665,0.014264368973853086,0.96,1.0,6,"1000,1001,1002,1003,1004,1005",100000,200,True
even-palindrome,baseline_vs_combined,accuracy,combined,78000,0.9725,0.027499999999999993,0.925,1.0,6,"1000,1001,1002,1003,1004,1005",100000,200,True
even-palindrome,baseline_vs_combined,accuracy,combined,78200,0.9783333333333334,0.023570226039551567,0.93,1.0,6,"1000,1001,1002,1003,1004,1005",100000,200,True
even-palindrome,baseline_vs_combined,accuracy,combined,78400,0.9666666666666668,0.022852182001336836,0.945,1.0,6,"1000,1001,1002,1003,1004,1005",100000,200,True
even-palindrome,baseline_vs_combined,accuracy,combined,78600,0.9725000000000001,0.028540906315906174,0.92,1.0,6,"1000,1001,1002,1003,1004,1005",100000,200,True
even-palindrome,baseline_vs_combined,accuracy,combined,78800,0.9766666666666667,0.018181186857726208,0.955,1.0,6,"1000,1001,1002,1003,1004,1005",100000,200,True
even-palindrome,baseline_vs_combined,accuracy,combined,79000,0.965,0.029297326385411555,0.93,1.0,6,"1000,1001,1002,1003,1004,1005",100000,200,True
even-palindrome,baseline_vs_combined,accuracy,combined,79200,0.975,0.01581138830084191,0.96,1.0,6,"1000,1001,1002,1003,1004,1005",100000,200,True
even-palindrome,baseline_vs_combined,accuracy,combined,79400,0.9708333333333332,0.021682686385429497,0.94,0.995,6,"1000,1001,1002,1003,1004,1005",100000,200,True
even-palindrome,baseline_vs_combined,accuracy,combined,79600,0.9691666666666666,0.02849220166213124,0.93,0.995,6,"1000,1001,1002,1003,1004,1005",100000,200,True
even-palindrome,baseline_vs_combined,accuracy,combined,79800,0.98,0.017078251276599347,0.95,1.0,6,"1000,1001,1002,1003,1004,1005",100000,200,True
even-palindrome,baseline_vs_combined,accuracy,combined,80000,0.9624999999999999,0.02996525766060865,0.915,0.995,6,"1000,1001,1002,1003,1004,1005",100000,200,True
even-palindrome,baseline_vs_combined,accuracy,combined,80200,0.9833333333333333,0.008975274678557516,0.97,1.0,6,"1000,1001,1002,1003,1004,1005",100000,200,True
even-palindrome,baseline_vs_combined,accuracy,combined,80400,0.9824999999999999,0.015478479684172273,0.955,1.0,6,"1000,1001,1002,1003,1004,1005",100000,200,True
even-palindrome,baseline_vs_combined,accuracy,combined,80600,0.9708333333333332,0.025069348260818893,0.94,1.0,6,"1000,1001,1002,1003,1004,1005",100000,200,True
even-palindrome,baseline_vs_combined,accuracy,combined,80800,0.9733333333333333,0.027487370837451095,0.94,1.0,6,"1000,1001,1002,1003,1004,1005",100000,200,True
even-palindrome,baseline_vs_combined,accuracy,combined,81000,0.9683333333333334,0.02544056253745627,0.94,1.0,6,"1000,1001,1002,1003,1004,1005",100000,200,True
even-palindrome,baseline_vs_combined,accuracy,combined,81200,0.9708333333333333,0.026047499346812997,0.945,1.0,6,"1000,1001,1002,1003,1004,1005",100000,200,True
even-palindrome,baseline_vs_combined,accuracy,combined,81400,0.9900000000000001,0.009128709291752777,0.975,1.0,6,"1000,1001,1002,1003,1004,1005",100000,200,True
even-palindrome,baseline_vs_combined,accuracy,combined,81600,0.9741666666666666,0.01835226295462105,0.96,1.0,6,"1000,1001,1002,1003,1004,1005",100000,200,True
even-palindrome,baseline_vs_combined,accuracy,combined,81800,0.9816666666666668,0.01490711984999861,0.96,1.0,6,"1000,1001,1002,1003,1004,1005",100000,200,True
even-palindrome,baseline_vs_combined,accuracy,combined,82000,0.9816666666666666,0.011785113019775802,0.965,1.0,6,"1000,1001,1002,1003,1004,1005",100000,200,True
even-palindrome,baseline_vs_combined,accuracy,combined,82200,0.9758333333333332,0.02334820954353652,0.945,1.0,6,"1000,1001,1002,1003,1004,1005",100000,200,True
even-palindrome,baseline_vs_combined,accuracy,combined,82400,0.9733333333333333,0.02763853991962833,0.93,1.0,6,"1000,1001,1002,1003,1004,1005",100000,200,True
even-palindrome,baseline_vs_combined,accuracy,combined,82600,0.9725,0.028540906315906174,0.92,1.0,6,"1000,1001,1002,1003,1004,1005",100000,200,True
even-palindrome,baseline_vs_combined,accuracy,combined,82800,0.9800000000000001,0.018257418583505554,0.955,1.0,6,"1000,1001,1002,1003,1004,1005",100000,200,True
even-palindrome,baseline_vs_combined,accuracy,combined,83000,0.9633333333333333,0.027182510717166812,0.92,0.995,6,"1000,1001,1002,1003,1004,1005",100000,200,True
even-palindrome,baseline_vs_combined,accuracy,combined,83200,0.9683333333333333,0.0265622957508487,0.92,1.0,6,"1000,1001,1002,1003,1004,1005",100000,200,True
even-palindrome,baseline_vs_combined,accuracy,combined,83400,0.98,0.022912878474779186,0.935,1.0,6,"1000,1001,1002,1003,1004,1005",100000,200,True
even-palindrome,baseline_vs_combined,accuracy,combined,83600,0.9741666666666667,0.01902118701752223,0.945,0.995,6,"1000,1001,1002,1003,1004,1005",100000,200,True
even-palindrome,baseline_vs_combined,accuracy,combined,83800,0.975,0.027386127875258293,0.92,1.0,6,"1000,1001,1002,1003,1004,1005",100000,200,True
even-palindrome,baseline_vs_combined,accuracy,combined,84000,0.9674999999999999,0.028099525500145606,0.925,1.0,6,"1000,1001,1002,1003,1004,1005",100000,200,True
even-palindrome,baseline_vs_combined,accuracy,combined,84200,0.9741666666666666,0.021489661597046027,0.93,0.995,6,"1000,1001,1002,1003,1004,1005",100000,200,True
even-palindrome,baseline_vs_combined,accuracy,combined,84400,0.9791666666666666,0.013969212178533521,0.96,1.0,6,"1000,1001,1002,1003,1004,1005",100000,200,True
even-palindrome,baseline_vs_combined,accuracy,combined,84600,0.9733333333333333,0.022484562605386723,0.935,0.995,6,"1000,1001,1002,1003,1004,1005",100000,200,True
even-palindrome,baseline_vs_combined,accuracy,combined,84800,0.9824999999999999,0.01652018966799919,0.96,1.0,6,"1000,1001,1002,1003,1004,1005",100000,200,True
even-palindrome,baseline_vs_combined,accuracy,combined,85000,0.9783333333333334,0.021730674684008848,0.95,1.0,6,"1000,1001,1002,1003,1004,1005",100000,200,True
even-palindrome,baseline_vs_combined,accuracy,combined,85200,0.985,0.012909944487358068,0.965,1.0,6,"1000,1001,1002,1003,1004,1005",100000,200,True
even-palindrome,baseline_vs_combined,accuracy,combined,85400,0.9775,0.013768926368215268,0.95,0.995,6,"1000,1001,1002,1003,1004,1005",100000,200,True
even-palindrome,baseline_vs_combined,accuracy,combined,85600,0.9741666666666667,0.016687486995417337,0.95,0.995,6,"1000,1001,1002,1003,1004,1005",100000,200,True
even-palindrome,baseline_vs_combined,accuracy,combined,85800,0.9700000000000001,0.028431203515386663,0.94,1.0,6,"1000,1001,1002,1003,1004,1005",100000,200,True
even-palindrome,baseline_vs_combined,accuracy,combined,86000,0.9766666666666667,0.018633899812498265,0.955,1.0,6,"1000,1001,1002,1003,1004,1005",100000,200,True
even-palindrome,baseline_vs_combined,accuracy,combined,86200,0.9758333333333334,0.021098314835286958,0.955,1.0,6,"1000,1001,1002,1003,1004,1005",100000,200,True
even-palindrome,baseline_vs_combined,accuracy,combined,86400,0.9808333333333333,0.019454362549881272,0.955,1.0,6,"1000,1001,1002,1003,1004,1005",100000,200,True
even-palindrome,baseline_vs_combined,accuracy,combined,86600,0.9725,0.02809952550014561,0.935,1.0,6,"1000,1001,1002,1003,1004,1005",100000,200,True
even-palindrome,baseline_vs_combined,accuracy,combined,86800,0.9783333333333332,0.023033791601808736,0.93,0.995,6,"1000,1001,1002,1003,1004,1005",100000,200,True
even-palindrome,baseline_vs_combined,accuracy,combined,87000,0.975,0.017078251276599343,0.955,1.0,6,"1000,1001,1002,1003,1004,1005",100000,200,True
even-palindrome,baseline_vs_combined,accuracy,combined,87200,0.9708333333333333,0.02352599035582186,0.94,1.0,6,"1000,1001,1002,1003,1004,1005",100000,200,True
even-palindrome,baseline_vs_combined,accuracy,combined,87400,0.9683333333333334,0.015456030825826186,0.94,0.98,6,"1000,1001,1002,1003,1004,1005",100000,200,True
even-palindrome,baseline_vs_combined,accuracy,combined,87600,0.9824999999999999,0.015206906325745563,0.96,1.0,6,"1000,1001,1002,1003,1004,1005",100000,200,True
even-palindrome,baseline_vs_combined,accuracy,combined,87800,0.9808333333333333,0.022438186696393785,0.94,1.0,6,"1000,1001,1002,1003,1004,1005",100000,200,True
even-palindrome,baseline_vs_combined,accuracy,combined,88000,0.9725000000000001,0.02809952550014561,0.935,1.0,6,"1000,1001,1002,1003,1004,1005",100000,200,True
even-palindrome,baseline_vs_combined,accuracy,combined,88200,0.9783333333333334,0.020138409955990973,0.955,1.0,6,"1000,1001,1002,1003,1004,1005",100000,200,True
even-palindrome,baseline_vs_combined,accuracy,combined,88400,0.985,0.014142135623730965,0.965,1.0,6,"1000,1001,1002,1003,1004,1005",100000,200,True
even-palindrome,baseline_vs_combined,accuracy,combined,88600,0.975,0.018027756377319962,0.945,1.0,6,"1000,1001,1002,1003,1004,1005",100000,200,True
even-palindrome,baseline_vs_combined,accuracy,combined,88800,0.9791666666666666,0.02298852370688952,0.935,1.0,6,"1000,1001,1002,1003,1004,1005",100000,200,True
even-palindrome,baseline_vs_combined,accuracy,combined,89000,0.98,0.02273030282830974,0.935,1.0,6,"1000,1001,1002,1003,1004,1005",100000,200,True
even-palindrome,baseline_vs_combined,accuracy,combined,89200,0.98,0.02236067977499788,0.935,1.0,6,"1000,1001,1002,1003,1004,1005",100000,200,True
even-palindrome,baseline_vs_combined,accuracy,combined,89400,0.9816666666666666,0.01598610507770908,0.96,1.0,6,"1000,1001,1002,1003,1004,1005",100000,200,True
even-palindrome,baseline_vs_combined,accuracy,combined,89600,0.9741666666666667,0.026047499346812997,0.945,1.0,6,"1000,1001,1002,1003,1004,1005",100000,200,True
even-palindrome,baseline_vs_combined,accuracy,combined,89800,0.9766666666666666,0.024267032964268416,0.94,1.0,6,"1000,1001,1002,1003,1004,1005",100000,200,True
even-palindrome,baseline_vs_combined,accuracy,combined,90000,0.9691666666666666,0.03346847604670534,0.915,1.0,6,"1000,1001,1002,1003,1004,1005",100000,200,True
even-palindrome,baseline_vs_combined,accuracy,combined,90200,0.9766666666666667,0.019507833184532728,0.95,1.0,6,"1000,1001,1002,1003,1004,1005",100000,200,True
even-palindrome,baseline_vs_combined,accuracy,combined,90400,0.9700000000000001,0.024494897427831775,0.935,0.995,6,"1000,1001,1002,1003,1004,1005",100000,200,True
even-palindrome,baseline_vs_combined,accuracy,combined,90600,0.9858333333333335,0.011334558757279546,0.97,1.0,6,"1000,1001,1002,1003,1004,1005",100000,200,True
even-palindrome,baseline_vs_combined,accuracy,combined,90800,0.9824999999999999,0.01909406539564935,0.955,1.0,6,"1000,1001,1002,1003,1004,1005",100000,200,True
even-palindrome,baseline_vs_combined,accuracy,combined,91000,0.9708333333333332,0.02652305077139927,0.94,1.0,6,"1000,1001,1002,1003,1004,1005",100000,200,True
even-palindrome,baseline_vs_combined,accuracy,combined,91200,0.9816666666666666,0.016996731711975965,0.955,1.0,6,"1000,1001,1002,1003,1004,1005",100000,200,True
even-palindrome,baseline_vs_combined,accuracy,combined,91400,0.9708333333333333,0.031413461374951275,0.92,1.0,6,"1000,1001,1002,1003,1004,1005",100000,200,True
even-palindrome,baseline_vs_combined,accuracy,combined,91600,0.9775,0.02561737691489898,0.925,1.0,6,"1000,1001,1002,1003,1004,1005",100000,200,True
even-palindrome,baseline_vs_combined,accuracy,combined,91800,0.975,0.016583123951777013,0.95,0.995,6,"1000,1001,1002,1003,1004,1005",100000,200,True
even-palindrome,baseline_vs_combined,accuracy,combined,92000,0.9791666666666666,0.021098314835286958,0.955,1.0,6,"1000,1001,1002,1003,1004,1005",100000,200,True
even-palindrome,baseline_vs_combined,accuracy,combined,92200,0.9891666666666667,0.00671854812358213,0.975,0.995,6,"1000,1001,1002,1003,1004,1005",100000,200,True
even-palindrome,baseline_vs_combined,accuracy,combined,92400,0.975,0.030276503540974904,0.91,1.0,6,"1000,1001,1002,1003,1004,1005",100000,200,True
even-palindrome,baseline_vs_combined,accuracy,combined,92600,0.98,0.024324199198877357,0.93,1.0,6,"1000,1001,1002,1003,1004,1005",100000,200,True
even-palindrome,baseline_vs_combined,accuracy,combined,92800,0.9816666666666666,0.0222984802670994,0.935,1.0,6,"1000,1001,1002,1003,1004,1005",100000,200,True
even-palindrome,baseline_vs_combined,accuracy,combined,93000,0.9791666666666666,0.02129488723196775,0.95,1.0,6,"1000,1001,1002,1003,1004,1005",100000,200,True
even-palindrome,baseline_vs_combined,accuracy,combined,93200,0.9799999999999999,0.01554563175514804,0.96,1.0,6,"1000,1001,1002,1003,1004,1005",100000,200,True
even-palindrome,baseline_vs_combined,accuracy,combined,93400,0.9808333333333334,0.01902118701752223,0.95,1.0,6,"1000,1001,1002,1003,1004,1005",100000,200,True
even-palindrome,baseline_vs_combined,accuracy,combined,93600,0.9775,0.020564937798755126,0.945,1.0,6,"1000,1001,1002,1003,1004,1005",100000,200,True
even-palindrome,baseline_vs_combined,accuracy,combined,93800,0.9799999999999999,0.020615528128088322,0.94,1.0,6,"1000,1001,1002,1003,1004,1005",100000,200,True
even-palindrome,baseline_vs_combined,accuracy,combined,94000,0.9758333333333334,0.031012990109880647,0.91,1.0,6,"1000,1001,1002,1003,1004,1005",100000,200,True
even-palindrome,baseline_vs_combined,accuracy,combined,94200,0.9783333333333334,0.020548046676563275,0.95,1.0,6,"1000,1001,1002,1003,1004,1005",100000,200,True
even-palindrome,baseline_vs_combined,accuracy,combined,94400,0.9791666666666666,0.024565671621639442,0.93,1.0,6,"1000,1001,1002,1003,1004,1005",100000,200,True
even-palindrome,baseline_vs_combined,accuracy,combined,94600,0.9766666666666666,0.01598610507770908,0.955,1.0,6,"1000,1001,1002,1003,1004,1005",100000,200,True
even-palindrome,baseline_vs_combined,accuracy,combined,94800,0.9808333333333333,0.016180406532456348,0.955,1.0,6,"1000,1001,1002,1003,1004,1005",100000,200,True
even-palindrome,baseline_vs_combined,accuracy,combined,95000,0.9708333333333333,0.034570780854485894,0.905,1.0,6,"1000,1001,1002,1003,1004,1005",100000,200,True
even-palindrome,baseline_vs_combined,accuracy,combined,95200,0.9766666666666667,0.023033791601808778,0.94,1.0,6,"1000,1001,1002,1003,1004,1005",100000,200,True
even-palindrome,baseline_vs_combined,accuracy,combined,95400,0.975,0.025495097567963948,0.945,1.0,6,"1000,1001,1002,1003,1004,1005",100000,200,True
even-palindrome,baseline_vs_combined,accuracy,combined,95600,0.9674999999999999,0.020564937798755095,0.93,0.99,6,"1000,1001,1002,1003,1004,1005",100000,200,True
even-palindrome,baseline_vs_combined,accuracy,combined,95800,0.9691666666666667,0.03678956675774019,0.9,1.0,6,"1000,1001,1002,1003,1004,1005",100000,200,True
even-palindrome,baseline_vs_combined,accuracy,combined,96000,0.9783333333333334,0.011785113019775802,0.96,0.995,6,"1000,1001,1002,1003,1004,1005",100000,200,True
even-palindrome,baseline_vs_combined,accuracy,combined,96200,0.9758333333333332,0.018800856954464148,0.94,1.0,6,"1000,1001,1002,1003,1004,1005",100000,200,True
even-palindrome,baseline_vs_combined,accuracy,combined,96400,0.9841666666666665,0.014264368973853088,0.96,1.0,6,"1000,1001,1002,1003,1004,1005",100000,200,True
even-palindrome,baseline_vs_combined,accuracy,combined,96600,0.9775,0.019737865470545037,0.955,1.0,6,"1000,1001,1002,1003,1004,1005",100000,200,True
even-palindrome,baseline_vs_combined,accuracy,combined,96800,0.9733333333333333,0.02229848026709944,0.945,1.0,6,"1000,1001,1002,1003,1004,1005",100000,200,True
even-palindrome,baseline_vs_combined,accuracy,combined,97000,0.9808333333333333,0.015656911856713293,0.955,1.0,6,"1000,1001,1002,1003,1004,1005",100000,200,True
even-palindrome,baseline_vs_combined,accuracy,combined,97200,0.985,0.010000000000000009,0.97,1.0,6,"1000,1001,1002,1003,1004,1005",100000,200,True
even-palindrome,baseline_vs_combined,accuracy,combined,97400,0.98,0.020207259421636918,0.945,1.0,6,"1000,1001,1002,1003,1004,1005",100000,200,True
even-palindrome,baseline_vs_combined,accuracy,combined,97600,0.9808333333333333,0.0226231199341637,0.935,1.0,6,"1000,1001,1002,1003,1004,1005",100000,200,True
even-palindrome,baseline_vs_combined,accuracy,combined,97800,0.9824999999999999,0.012829003598617222,0.96,1.0,6,"1000,1001,1002,1003,1004,1005",100000,200,True
even-palindrome,baseline_vs_combined,accuracy,combined,98000,0.9824999999999999,0.018200274723201314,0.95,1.0,6,"1000,1001,1002,1003,1004,1005",100000,200,True
even-palindrome,baseline_vs_combined,accuracy,combined,98200,0.9841666666666667,0.01592081097878568,0.965,1.0,6,"1000,1001,1002,1003,1004,1005",100000,200,True
even-palindrome,baseline_vs_combined,accuracy,combined,98400,0.9800000000000001,0.020000000000000018,0.94,1.0,6,"1000,1001,1002,1003,1004,1005",100000,200,True
even-palindrome,baseline_vs_combined,accuracy,combined,98600,0.975,0.011902380714238095,0.955,0.995,6,"1000,1001,1002,1003,1004,1005",100000,200,True
even-palindrome,baseline_vs_combined,accuracy,combined,98800,0.9900000000000001,0.005773502691896263,0.985,1.0,6,"1000,1001,1002,1003,1004,1005",100000,200,True
even-palindrome,baseline_vs_combined,accuracy,combined,99000,0.9774999999999999,0.013149778198382927,0.96,0.995,6,"1000,1001,1002,1003,1004,1005",100000,200,True
even-palindrome,baseline_vs_combined,accuracy,combined,99200,0.9883333333333333,0.010274023338281637,0.97,1.0,6,"1000,1001,1002,1003,1004,1005",100000,200,True
even-palindrome,baseline_vs_combined,accuracy,combined,99400,0.9841666666666665,0.013969212178533521,0.96,1.0,6,"1000,1001,1002,1003,1004,1005",100000,200,True
even-palindrome,baseline_vs_combined,accuracy,combined,99600,0.9849999999999999,0.012247448713915901,0.97,1.0,6,"1000,1001,1002,1003,1004,1005",100000,200,True
even-palindrome,baseline_vs_combined,accuracy,combined,99800,0.9858333333333332,0.013667682889047282,0.96,1.0,6,"1000,1001,1002,1003,1004,1005",100000,200,True
even-palindrome,baseline_vs_combined,accuracy,combined,100000,0.9824999999999999,0.015745369689742668,0.955,1.0,6,"1000,1001,1002,1003,1004,1005",100000,200,True
