task,group,metric,advice_type,batch,mean,std,min,max,n_seeds,seeds,common_horizon,report_interval,sd_shading
even-palindrome,structural_features,accuracy,none,200,0.49666666666666665,0.014043582955293944,0.48,0.52,6,"1000,1001,1002,1003,1004,1005",67800,200,True
even-palindrome,structural_features,accuracy,none,400,0.5175,0.02015564437074639,0.49,0.54,6,"1000,1001,1002,1003,1004,1005",67800,200,True
even-palindrome,structural_features,accuracy,none,600,0.48833333333333334,0.03287180487219338,0.45,0.535,6,"1000,1001,1002,1003,1004,1005",67800,200,True
even-palindrome,structural_features,accuracy,none,800,0.5099999999999999,0.029439202887759502,0.465,0.55,6,"1000,1001,1002,1003,1004,1005",67800,200,True
even-palindrome,structural_features,accuracy,none,1000,0.5099999999999999,0.05392896562454477,0.44,0.575,6,"1000,1001,1002,1003,1004,1005",67800,200,True
even-palindrome,structural_features,accuracy,none,1200,0.5058333333333334,0.03877463374710615,0.45,0.56,6,"1000,1001,1002,1003,1004,1005",67800,200,True
even-palindrome,structural_features,accuracy,none,1400,0.5358333333333334,0.02243818669639376,0.5,0.565,6,"1000,1001,1002,1003,1004,1005",67800,200,True
even-palindrome,structural_features,accuracy,none,1600,0.525,0.017078251276599347,0.5,0.555,6,"1000,1001,1002,1003,1004,1005",67800,200,True
even-palindrome,structural_features,accuracy,none,1800,0.5599999999999999,0.04163331998932264,0.52,0.625,6,"1000,1001,1002,1003,1004,1005",67800,200,True
even-palindrome,structural_features,accuracy,none,2000,0.5833333333333334,0.024608038433722317,0.555,0.625,6,"1000,1001,1002,1003,1004,1005",67800,200,True
even-palindrome,structural_features,accuracy,none,2200,0.5750000000000001,0.019790570145063163,0.555,0.605,6,"1000,1001,1002,1003,1004,1005",67800,200,True
even-palindrome,structural_features,accuracy,none,2400,0.5933333333333334,0.03009245014211296,0.545,0.625,6,"1000,1001,1002,1003,1004,1005",67800,200,True
even-palindrome,structural_features,accuracy,none,2600,0.5675,0.03837859646556484,0.495,0.605,6,"1000,1001,1002,1003,1004,1005",67800,200,True
even-palindrome,structural_features,accuracy,none,2800,0.5716666666666667,0.017480147469502497,0.54,0.595,6,"1000,1001,1002,1003,1004,1005",67800,200,True
even-palindrome,structural_features,accuracy,none,3000,0.5683333333333332,0.029533408577782236,0.505,0.59,6,"1000,1001,1002,1003,1004,1005",67800,200,True
even-palindrome,structural_features,accuracy,none,3200,0.5716666666666667,0.027638539919628318,0.515,0.605,6,"1000,1001,1002,1003,1004,1005",67800,200,True
even-palindrome,structural_features,accuracy,none,3400,0.5641666666666666,0.012720281268728085,0.54,0.575,6,"1000,1001,1002,1003,1004,1005",67800,200,True
even-palindrome,structural_features,accuracy,none,3600,0.5641666666666666,0.02963903207296455,0.505,0.595,6,"1000,1001,1002,1003,1004,1005",67800,200,True
even-palindrome,structural_features,accuracy,none,3800,0.5658333333333333,0.036448212881048374,0.525,0.61,6,"1000,1001,1002,1003,1004,1005",67800,200,True
even-palindrome,structural_features,accuracy,none,4000,0.5850000000000001,0.03122498999199199,0.535,0.625,6,"1000,1001,1002,1003,1004,1005",67800,200,True
even-palindrome,structural_features,accuracy,none,4200,0.5833333333333334,0.016749792701868167,0.565,0.615,6,"1000,1001,1002,1003,1004,1005",67800,200,True
even-palindrome,structural_features,accuracy,none,4400,0.5791666666666666,0.031939613161227995,0.535,0.635,6,"1000,1001,1002,1003,1004,1005",67800,200,True
even-palindrome,structural_features,accuracy,none,4600,0.6016666666666667,0.03880148908940939,0.545,0.67,6,"1000,1001,1002,1003,1004,1005",67800,200,True
even-palindrome,structural_features,accuracy,none,4800,0.5683333333333334,0.017240134054647645,0.555,0.605,6,"1000,1001,1002,1003,1004,1005",67800,200,True
even-palindrome,structural_features,accuracy,none,5000,0.5933333333333333,0.018181186857726208,0.57,0.62,6,"1000,1001,1002,1003,1004,1005",67800,200,True
even-palindrome,structural_features,accuracy,none,5200,0.615,0.035472994422987965,0.565,0.665,6,"1000,1001,1002,1003,1004,1005",67800,200,True
even-palindrome,structural_features,accuracy,none,5400,0.6150000000000001,0.03253203549323859,0.58,0.665,6,"1000,1001,1002,1003,1004,1005",67800,200,True
even-palindrome,structural_features,accuracy,none,5600,0.6025,0.029119008682760274,0.575,0.655,6,"1000,1001,1002,1003,1004,1005",67800,200,True
even-palindrome,structural_features,accuracy,none,5800,0.605,0.04518480570575319,0.54,0.67,6,"1000,1001,1002,1003,1004,1005",67800,200,True
even-palindrome,structural_features,accuracy,none,6000,0.6233333333333334,0.022110831935702683,0.59,0.665,6,"1000,1001,1002,1003,1004,1005",67800,200,True
even-palindrome,structural_features,accuracy,none,6200,0.6008333333333332,0.025399584423546943,0.56,0.635,6,"1000,1001,1002,1003,1004,1005",67800,200,True
even-palindrome,structural_features,accuracy,none,6400,0.5891666666666667,0.017420454133639077,0.57,0.62,6,"1000,1001,1002,1003,1004,1005",67800,200,True
even-palindrome,structural_features,accuracy,none,6600,0.6150000000000001,0.031490739379485336,0.575,0.655,6,"1000,1001,1002,1003,1004,1005",67800,200,True
even-palindrome,structural_features,accuracy,none,6800,0.6175,0.03350994877147186,0.565,0.66,6,"1000,1001,1002,1003,1004,1005",67800,200,True
even-palindrome,structural_features,accuracy,none,7000,0.6124999999999999,0.02445233458520204,0.585,0.655,6,"1000,1001,1002,1003,1004,1005",67800,200,True
even-palindrome,structural_features,accuracy,none,7200,0.5883333333333334,0.04336537277085896,0.52,0.64,6,"1000,1001,1002,1003,1004,1005",67800,200,True
even-palindrome,structural_features,accuracy,none,7400,0.6208333333333332,0.030743111242827893,0.565,0.66,6,"1000,1001,1002,1003,1004,1005",67800,200,True
even-palindrome,structural_features,accuracy,none,7600,0.59,0.051559027660860034,0.525,0.69,6,"1000,1001,1002,1003,1004,1005",67800,200,True
even-palindrome,structural_features,accuracy,none,7800,0.5991666666666667,0.043724198741149675,0.535,0.66,6,"1000,1001,1002,1003,1004,1005",67800,200,True
even-palindrome,structural_features,accuracy,none,8000,0.6116666666666667,0.023570226039551608,0.585,0.65,6,"1000,1001,1002,1003,1004,1005",67800,200,True
even-palindrome,structural_features,accuracy,none,8200,0.6041666666666666,0.02405144948276971,0.565,0.64,6,"1000,1001,1002,1003,1004,1005",67800,200,True
even-palindrome,structural_features,accuracy,none,8400,0.6175,0.027500000000000024,0.59,0.675,6,"1000,1001,1002,1003,1004,1005",67800,200,True
even-palindrome,structural_features,accuracy,none,8600,0.6075,0.015478479684172273,0.58,0.63,6,"1000,1001,1002,1003,1004,1005",67800,200,True
even-palindrome,structural_features,accuracy,none,8800,0.6066666666666666,0.0328718048721934,0.565,0.645,6,"1000,1001,1002,1003,1004,1005",67800,200,True
even-palindrome,structural_features,accuracy,none,9000,0.6425,0.014361406616345085,0.63,0.665,6,"1000,1001,1002,1003,1004,1005",67800,200,True
even-palindrome,structural_features,accuracy,none,9200,0.6058333333333333,0.033468476046705366,0.58,0.67,6,"1000,1001,1002,1003,1004,1005",67800,200,True
even-palindrome,structural_features,accuracy,none,9400,0.6191666666666666,0.04014729823481968,0.54,0.66,6,"1000,1001,1002,1003,1004,1005",67800,200,True
even-palindrome,structural_features,accuracy,none,9600,0.6208333333333333,0.022988523706889558,0.595,0.66,6,"1000,1001,1002,1003,1004,1005",67800,200,True
even-palindrome,structural_features,accuracy,none,9800,0.6116666666666667,0.032617309651301545,0.555,0.65,6,"1000,1001,1002,1003,1004,1005",67800,200,True
even-palindrome,structural_features,accuracy,none,10000,0.6525,0.02340761984198025,0.615,0.685,6,"1000,1001,1002,1003,1004,1005",67800,200,True
even-palindrome,structural_features,accuracy,none,10200,0.6383333333333333,0.03737943582000968,0.585,0.69,6,"1000,1001,1002,1003,1004,1005",67800,200,True
even-palindrome,structural_features,accuracy,none,10400,0.63,0.031885210782848346,0.575,0.67,6,"1000,1001,1002,1003,1004,1005",67800,200,True
even-palindrome,structural_features,accuracy,none,10600,0.6383333333333333,0.036590830666833614,0.585,0.685,6,"1000,1001,1002,1003,1004,1005",67800,200,True
even-palindrome,structural_features,accuracy,none,10800,0.6425,0.04230346715499019,0.575,0.705,6,"1000,1001,1002,1003,1004,1005",67800,200,True
even-palindrome,structural_features,accuracy,none,11000,0.6616666666666666,0.03197221015541811,0.62,0.705,6,"1000,1001,1002,1003,1004,1005",67800,200,True
even-palindrome,structural_features,accuracy,none,11200,0.6325,0.033880918917093564,0.585,0.685,6,"1000,1001,1002,1003,1004,1005",67800,200,True
even-palindrome,structural_features,accuracy,none,11400,0.6358333333333333,0.03644821288104843,0.57,0.68,6,"1000,1001,1002,1003,1004,1005",67800,200,True
even-palindrome,structural_features,accuracy,none,11600,0.6241666666666666,0.03396280645385808,0.585,0.67,6,"1000,1001,1002,1003,1004,1005",67800,200,True
even-palindrome,structural_features,accuracy,none,11800,0.6375,0.03400367627183861,0.59,0.695,6,"1000,1001,1002,1003,1004,1005",67800,200,True
even-palindrome,structural_features,accuracy,none,12000,0.65,0.05795112883571238,0.59,0.765,6,"1000,1001,1002,1003,1004,1005",67800,200,True
even-palindrome,structural_features,accuracy,none,12200,0.6441666666666667,0.019878100736460954,0.62,0.685,6,"1000,1001,1002,1003,1004,1005",67800,200,True
even-palindrome,structural_features,accuracy,none,12400,0.6408333333333334,0.01835226295462105,0.605,0.665,6,"1000,1001,1002,1003,1004,1005",67800,200,True
even-palindrome,structural_features,accuracy,none,12600,0.6466666666666666,0.042687494916219,0.58,0.71,6,"1000,1001,1002,1003,1004,1005",67800,200,True
even-palindrome,structural_features,accuracy,none,12800,0.6283333333333333,0.023213980461973552,0.58,0.65,6,"1000,1001,1002,1003,1004,1005",67800,200,True
even-palindrome,structural_features,accuracy,none,13000,0.6308333333333332,0.04314864488666541,0.565,0.695,6,"1000,1001,1002,1003,1004,1005",67800,200,True
even-palindrome,structural_features,accuracy,none,13200,0.6483333333333333,0.05249338582674541,0.57,0.71,6,"1000,1001,1002,1003,1004,1005",67800,200,True
even-palindrome,structural_features,accuracy,none,13400,0.6716666666666665,0.03670452590924205,0.625,0.715,6,"1000,1001,1002,1003,1004,1005",67800,200,True
even-palindrome,structural_features,accuracy,none,13600,0.6708333333333334,0.02387758130315731,0.64,0.71,6,"1000,1001,1002,1003,1004,1005",67800,200,True
even-palindrome,structural_features,accuracy,none,13800,0.6658333333333334,0.025725581734055213,0.62,0.705,6,"1000,1001,1002,1003,1004,1005",67800,200,True
even-palindrome,structural_features,accuracy,none,14000,0.6525,0.016266017746619295,0.63,0.67,6,"1000,1001,1002,1003,1004,1005",67800,200,True
even-palindrome,structural_features,accuracy,none,14200,0.665,0.04222953153106642,0.595,0.735,6,"1000,1001,1002,1003,1004,1005",67800,200,True
even-palindrome,structural_features,accuracy,none,14400,0.6433333333333332,0.04169998667732269,0.595,0.7,6,"1000,1001,1002,1003,1004,1005",67800,200,True
even-palindrome,structural_features,accuracy,none,14600,0.6491666666666667,0.05622993469279111,0.545,0.71,6,"1000,1001,1002,1003,1004,1005",67800,200,True
even-palindrome,structural_features,accuracy,none,14800,0.6533333333333333,0.03362373500305335,0.62,0.72,6,"1000,1001,1002,1003,1004,1005",67800,200,True
even-palindrome,structural_features,accuracy,none,15000,0.6675,0.052658490926598606,0.59,0.76,6,"1000,1001,1002,1003,1004,1005",67800,200,True
even-palindrome,structural_features,accuracy,none,15200,0.66,0.05400617248673217,0.58,0.725,6,"1000,1001,1002,1003,1004,1005",67800,200,True
even-palindrome,structural_features,accuracy,none,15400,0.6483333333333333,0.0474926894959167,0.57,0.73,6,"1000,1001,1002,1003,1004,1005",67800,200,True
even-palindrome,structural_features,accuracy,none,15600,0.6733333333333333,0.04048319267163705,0.615,0.735,6,"1000,1001,1002,1003,1004,1005",67800,200,True
even-palindrome,structural_features,accuracy,none,15800,0.6841666666666667,0.041973867531543425,0.63,0.765,6,"1000,1001,1002,1003,1004,1005",67800,200,True
even-palindrome,structural_features,accuracy,none,16000,0.6483333333333333,0.02034425935955619,0.61,0.675,6,"1000,1001,1002,1003,1004,1005",67800,200,True
even-palindrome,structural_features,accuracy,none,16200,0.6749999999999999,0.05354126134736337,0.615,0.76,6,"1000,1001,1002,1003,1004,1005",67800,200,True
even-palindrome,structural_features,accuracy,none,16400,0.6825,0.055207940250172956,0.615,0.775,6,"1000,1001,1002,1003,1004,1005",67800,200,True
even-palindrome,structural_features,accuracy,none,16600,0.665,0.033416562759605695,0.61,0.71,6,"1000,1001,1002,1003,1004,1005",67800,200,True
even-palindrome,structural_features,accuracy,none,16800,0.6716666666666665,0.05145116346811044,0.58,0.745,6,"1000,1001,1002,1003,1004,1005",67800,200,True
even-palindrome,structural_features,accuracy,none,17000,0.6516666666666667,0.07597514213360985,0.54,0.74,6,"1000,1001,1002,1003,1004,1005",67800,200,True
even-palindrome,structural_features,accuracy,none,17200,0.6558333333333334,0.048940156200086744,0.585,0.735,6,"1000,1001,1002,1003,1004,1005",67800,200,True
even-palindrome,structural_features,accuracy,none,17400,0.6691666666666668,0.035872072083384804,0.6,0.71,6,"1000,1001,1002,1003,1004,1005",67800,200,True
even-palindrome,structural_features,accuracy,none,17600,0.6708333333333333,0.059680864232646264,0.585,0.76,6,"1000,1001,1002,1003,1004,1005",67800,200,True
even-palindrome,structural_features,accuracy,none,17800,0.6716666666666667,0.02248456260538671,0.64,0.7,6,"1000,1001,1002,1003,1004,1005",67800,200,True
even-palindrome,structural_features,accuracy,none,18000,0.71,0.07393691004272944,0.63,0.84,6,"1000,1001,1002,1003,1004,1005",67800,200,True
even-palindrome,structural_features,accuracy,none,18200,0.7066666666666667,0.055876848714133995,0.665,0.825,6,"1000,1001,1002,1003,1004,1005",67800,200,True
even-palindrome,structural_features,accuracy,none,18400,0.7058333333333332,0.05302646089977678,0.625,0.805,6,"1000,1001,1002,1003,1004,1005",67800,200,True
even-palindrome,structural_features,accuracy,none,18600,0.6966666666666667,0.06718548123582123,0.645,0.84,6,"1000,1001,1002,1003,1004,1005",67800,200,True
even-palindrome,structural_features,accuracy,none,18800,0.7016666666666668,0.05047001309908908,0.645,0.8,6,"1000,1001,1002,1003,1004,1005",67800,200,True
even-palindrome,structural_features,accuracy,none,19000,0.7066666666666666,0.08522845117030398,0.59,0.84,6,"1000,1001,1002,1003,1004,1005",67800,200,True
even-palindrome,structural_features,accuracy,none,19200,0.7008333333333333,0.06972664881919646,0.61,0.82,6,"1000,1001,1002,1003,1004,1005",67800,200,True
even-palindrome,structural_features,accuracy,none,19400,0.6975000000000001,0.055808452167510736,0.62,0.785,6,"1000,1001,1002,1003,1004,1005",67800,200,True
even-palindrome,structural_features,accuracy,none,19600,0.7191666666666666,0.06760280237452354,0.645,0.845,6,"1000,1001,1002,1003,1004,1005",67800,200,True
even-palindrome,structural_features,accuracy,none,19800,0.7008333333333333,0.05798107928932986,0.645,0.8,6,"1000,1001,1002,1003,1004,1005",67800,200,True
even-palindrome,structural_features,accuracy,none,20000,0.7324999999999999,0.061559591724875275,0.65,0.855,6,"1000,1001,1002,1003,1004,1005",67800,200,True
even-palindrome,structural_features,accuracy,none,20200,0.6841666666666667,0.06496259607565642,0.625,0.805,6,"1000,1001,1002,1003,1004,1005",67800,200,True
even-palindrome,structural_features,accuracy,none,20400,0.725,0.056862407030773256,0.68,0.845,6,"1000,1001,1002,1003,1004,1005",67800,200,True
even-palindrome,structural_features,accuracy,none,20600,0.7366666666666665,0.06256108126374485,0.665,0.845,6,"1000,1001,1002,1003,1004,1005",67800,200,True
even-palindrome,structural_features,accuracy,none,20800,0.7174999999999999,0.022314046398326494,0.69,0.745,6,"1000,1001,1002,1003,1004,1005",67800,200,True
even-palindrome,structural_features,accuracy,none,21000,0.6958333333333333,0.03528652559956686,0.645,0.745,6,"1000,1001,1002,1003,1004,1005",67800,200,True
even-palindrome,structural_features,accuracy,none,21200,0.7125,0.03375771516754849,0.66,0.77,6,"1000,1001,1002,1003,1004,1005",67800,200,True
even-palindrome,structural_features,accuracy,none,21400,0.7108333333333333,0.03284010082539669,0.67,0.76,6,"1000,1001,1002,1003,1004,1005",67800,200,True
even-palindrome,structural_features,accuracy,none,21600,0.7166666666666667,0.03704351795148811,0.64,0.755,6,"1000,1001,1002,1003,1004,1005",67800,200,True
even-palindrome,structural_features,accuracy,none,21800,0.7050000000000001,0.03304037933599834,0.645,0.745,6,"1000,1001,1002,1003,1004,1005",67800,200,True
even-palindrome,structural_features,accuracy,none,22000,0.7483333333333334,0.0396512575112344,0.665,0.78,6,"1000,1001,1002,1003,1004,1005",67800,200,True
even-palindrome,structural_features,accuracy,none,22200,0.73,0.041231056256176596,0.675,0.78,6,"1000,1001,1002,1003,1004,1005",67800,200,True
even-palindrome,structural_features,accuracy,none,22400,0.7324999999999999,0.028247418761130513,0.7,0.77,6,"1000,1001,1002,1003,1004,1005",67800,200,True
even-palindrome,structural_features,accuracy,none,22600,0.7475,0.03727711541057507,0.68,0.795,6,"1000,1001,1002,1003,1004,1005",67800,200,True
even-palindrome,structural_features,accuracy,none,22800,0.7183333333333334,0.03965125751123441,0.66,0.79,6,"1000,1001,1002,1003,1004,1005",67800,200,True
even-palindrome,structural_features,accuracy,none,23000,0.7191666666666666,0.05995947705649949,0.645,0.785,6,"1000,1001,1002,1003,1004,1005",67800,200,True
even-palindrome,structural_features,accuracy,none,23200,0.7091666666666666,0.04096916184427284,0.66,0.775,6,"1000,1001,1002,1003,1004,1005",67800,200,True
even-palindrome,structural_features,accuracy,none,23400,0.7133333333333333,0.06328945848682509,0.615,0.79,6,"1000,1001,1002,1003,1004,1005",67800,200,True
even-palindrome,structural_features,accuracy,none,23600,0.7341666666666665,0.021294887231967752,0.715,0.78,6,"1000,1001,1002,1003,1004,1005",67800,200,True
even-palindrome,structural_features,accuracy,none,23800,0.7408333333333333,0.04117206442345212,0.7,0.8,6,"1000,1001,1002,1003,1004,1005",67800,200,True
even-palindrome,structural_features,accuracy,none,24000,0.7616666666666667,0.056837976349933095,0.685,0.835,6,"1000,1001,1002,1003,1004,1005",67800,200,True
even-palindrome,structural_features,accuracy,none,24200,0.7591666666666667,0.05426913385054978,0.675,0.845,6,"1000,1001,1002,1003,1004,1005",67800,200,True
even-palindrome,structural_features,accuracy,none,24400,0.7875,0.04289036410819257,0.735,0.87,6,"1000,1001,1002,1003,1004,1005",67800,200,True
even-palindrome,structural_features,accuracy,none,24600,0.7733333333333333,0.07214953607304453,0.675,0.87,6,"1000,1001,1002,1003,1004,1005",67800,200,True
even-palindrome,structural_features,accuracy,none,24800,0.7441666666666666,0.07435369676231453,0.595,0.835,6,"1000,1001,1002,1003,1004,1005",67800,200,True
even-palindrome,structural_features,accuracy,none,25000,0.7466666666666667,0.05233439489369195,0.655,0.805,6,"1000,1001,1002,1003,1004,1005",67800,200,True
even-palindrome,structural_features,accuracy,none,25200,0.7316666666666668,0.0703957069398096,0.665,0.87,6,"1000,1001,1002,1003,1004,1005",67800,200,True
even-palindrome,structural_features,accuracy,none,25400,0.7958333333333334,0.07661683162914588,0.665,0.905,6,"1000,1001,1002,1003,1004,1005",67800,200,True
even-palindrome,structural_features,accuracy,none,25600,0.785,0.07958224257542214,0.67,0.88,6,"1000,1001,1002,1003,1004,1005",67800,200,True
even-palindrome,structural_features,accuracy,none,25800,0.7958333333333334,0.07955169528188714,0.715,0.93,6,"1000,1001,1002,1003,1004,1005",67800,200,True
even-palindrome,structural_features,accuracy,none,26000,0.8116666666666666,0.07220726340811492,0.705,0.935,6,"1000,1001,1002,1003,1004,1005",67800,200,True
even-palindrome,structural_features,accuracy,none,26200,0.8141666666666666,0.06864259286737032,0.715,0.905,6,"1000,1001,1002,1003,1004,1005",67800,200,True
even-palindrome,structural_features,accuracy,none,26400,0.82,0.07910962857537214,0.73,0.93,6,"1000,1001,1002,1003,1004,1005",67800,200,True
even-palindrome,structural_features,accuracy,none,26600,0.8333333333333334,0.0816836716989523,0.725,0.945,6,"1000,1001,1002,1003,1004,1005",67800,200,True
even-palindrome,structural_features,accuracy,none,26800,0.8316666666666666,0.07728015412913086,0.75,0.945,6,"1000,1001,1002,1003,1004,1005",67800,200,True
even-palindrome,structural_features,accuracy,none,27000,0.85,0.058022983951763994,0.78,0.945,6,"1000,1001,1002,1003,1004,1005",67800,200,True
even-palindrome,structural_features,accuracy,none,27200,0.84,0.0697614984548545,0.755,0.935,6,"1000,1001,1002,1003,1004,1005",67800,200,True
even-palindrome,structural_features,accuracy,none,27400,0.8174999999999999,0.09599262124420464,0.72,0.96,6,"1000,1001,1002,1003,1004,1005",67800,200,True
even-palindrome,structural_features,accuracy,none,27600,0.8291666666666667,0.07764323680928188,0.73,0.935,6,"1000,1001,1002,1003,1004,1005",67800,200,True
even-palindrome,structural_features,accuracy,none,27800,0.79,0.030686587732536613,0.745,0.84,6,"1000,1001,1002,1003,1004,1005",67800,200,True
even-palindrome,structural_features,accuracy,none,28000,0.7616666666666667,0.08759122228980609,0.625,0.89,6,"1000,1001,1002,1003,1004,1005",67800,200,True
even-palindrome,structural_features,accuracy,none,28200,0.7625000000000001,0.07016349953263923,0.685,0.89,6,"1000,1001,1002,1003,1004,1005",67800,200,True
even-palindrome,structural_features,accuracy,none,28400,0.7741666666666666,0.09740023385780733,0.59,0.91,6,"1000,1001,1002,1003,1004,1005",67800,200,True
even-palindrome,structural_features,accuracy,none,28600,0.8241666666666667,0.09135173172353594,0.685,0.97,6,"1000,1001,1002,1003,1004,1005",67800,200,True
even-palindrome,structural_features,accuracy,none,28800,0.8225000000000001,0.06884463184107625,0.68,0.89,6,"1000,1001,1002,1003,1004,1005",67800,200,True
even-palindrome,structural_features,accuracy,none,29000,0.8083333333333332,0.11141763275572177,0.64,0.96,6,"1000,1001,1002,1003,1004,1005",67800,200,True
even-palindrome,structural_features,accuracy,none,29200,0.8283333333333333,0.08434387285919996,0.735,0.945,6,"1000,1001,1002,1003,1004,1005",67800,200,True
even-palindrome,structural_features,accuracy,none,29400,0.8483333333333333,0.08060534859562496,0.765,0.975,6,"1000,1001,1002,1003,1004,1005",67800,200,True
even-palindrome,structural_features,accuracy,none,29600,0.8466666666666667,0.05030462757595524,0.79,0.92,6,"1000,1001,1002,1003,1004,1005",67800,200,True
even-palindrome,structural_features,accuracy,none,29800,0.8350000000000001,0.041331989225457486,0.78,0.915,6,"1000,1001,1002,1003,1004,1005",67800,200,True
even-palindrome,structural_features,accuracy,none,30000,0.8433333333333333,0.05153208277913432,0.795,0.945,6,"1000,1001,1002,1003,1004,1005",67800,200,True
even-palindrome,structural_features,accuracy,none,30200,0.8575000000000003,0.08260094833999586,0.73,0.95,6,"1000,1001,1002,1003,1004,1005",67800,200,True
even-palindrome,structural_features,accuracy,none,30400,0.8649999999999999,0.0720532210707243,0.74,0.96,6,"1000,1001,1002,1003,1004,1005",67800,200,True
even-palindrome,structural_features,accuracy,none,30600,0.8525,0.06263319141371183,0.795,0.95,6,"1000,1001,1002,1003,1004,1005",67800,200,True
even-palindrome,structural_features,accuracy,none,30800,0.8683333333333333,0.0686577664134866,0.77,0.955,6,"1000,1001,1002,1003,1004,1005",67800,200,True
even-palindrome,structural_features,accuracy,none,31000,0.8691666666666666,0.06002892821150668,0.8,0.965,6,"1000,1001,1002,1003,1004,1005",67800,200,True
even-palindrome,structural_features,accuracy,none,31200,0.8849999999999999,0.05163977794943224,0.815,0.96,6,"1000,1001,1002,1003,1004,1005",67800,200,True
even-palindrome,structural_features,accuracy,none,31400,0.9100000000000001,0.05894913061275795,0.81,0.975,6,"1000,1001,1002,1003,1004,1005",67800,200,True
even-palindrome,structural_features,accuracy,none,31600,0.8966666666666666,0.06472162612982532,0.785,0.97,6,"1000,1001,1002,1003,1004,1005",67800,200,True
even-palindrome,structural_features,accuracy,none,31800,0.8933333333333334,0.0582141639885766,0.795,0.96,6,"1000,1001,1002,1003,1004,1005",67800,200,True
even-palindrome,structural_features,accuracy,none,32000,0.8908333333333333,0.07892067043697878,0.785,0.98,6,"1000,1001,1002,1003,1004,1005",67800,200,True
even-palindrome,structural_features,accuracy,none,32200,0.8958333333333331,0.0749675855879652,0.765,0.965,6,"1000,1001,1002,1003,1004,1005",67800,200,True
even-palindrome,structural_features,accuracy,none,32400,0.8991666666666668,0.07196160241560925,0.775,0.98,6,"1000,1001,1002,1003,1004,1005",67800,200,True
even-palindrome,structural_features,accuracy,none,32600,0.8908333333333331,0.06234425038089362,0.805,0.965,6,"1000,1001,1002,1003,1004,1005",67800,200,True
even-palindrome,structural_features,accuracy,none,32800,0.9016666666666667,0.06823163163486239,0.79,0.965,6,"1000,1001,1002,1003,1004,1005",67800,200,True
even-palindrome,structural_features,accuracy,none,33000,0.8691666666666666,0.10252709668939014,0.71,0.96,6,"1000,1001,1002,1003,1004,1005",67800,200,True
even-palindrome,structural_features,accuracy,none,33200,0.9141666666666667,0.07138024158609221,0.81,0.98,6,"1000,1001,1002,1003,1004,1005",67800,200,True
even-palindrome,structural_features,accuracy,none,33400,0.8958333333333334,0.06425318842067078,0.805,0.965,6,"1000,1001,1002,1003,1004,1005",67800,200,True
even-palindrome,structural_features,accuracy,none,33600,0.9083333333333333,0.0830996724154527,0.79,0.985,6,"1000,1001,1002,1003,1004,1005",67800,200,True
even-palindrome,structural_features,accuracy,none,33800,0.9041666666666667,0.07120490775844658,0.785,0.96,6,"1000,1001,1002,1003,1004,1005",67800,200,True
even-palindrome,structural_features,accuracy,none,34000,0.9008333333333333,0.0638629174264864,0.785,0.96,6,"1000,1001,1002,1003,1004,1005",67800,200,True
even-palindrome,structural_features,accuracy,none,34200,0.9116666666666666,0.06491447364716814,0.805,0.98,6,"1000,1001,1002,1003,1004,1005",67800,200,True
even-palindrome,structural_features,accuracy,none,34400,0.9083333333333332,0.06890008869531464,0.815,0.98,6,"1000,1001,1002,1003,1004,1005",67800,200,True
even-palindrome,structural_features,accuracy,none,34600,0.9166666666666666,0.06618576550554928,0.82,0.975,6,"1000,1001,1002,1003,1004,1005",67800,200,True
even-palindrome,structural_features,accuracy,none,34800,0.9191666666666666,0.0799174921750899,0.795,0.985,6,"1000,1001,1002,1003,1004,1005",67800,200,True
even-palindrome,structural_features,accuracy,none,35000,0.9191666666666666,0.05600719199848851,0.84,0.97,6,"1000,1001,1002,1003,1004,1005",67800,200,True
even-palindrome,structural_features,accuracy,none,35200,0.9191666666666665,0.0585531572353039,0.85,0.985,6,"1000,1001,1002,1003,1004,1005",67800,200,True
even-palindrome,structural_features,accuracy,none,35400,0.9291666666666667,0.060856160100865905,0.825,0.995,6,"1000,1001,1002,1003,1004,1005",67800,200,True
even-palindrome,structural_features,accuracy,none,35600,0.9249999999999999,0.07708220719898116,0.78,0.995,6,"1000,1001,1002,1003,1004,1005",67800,200,True
even-palindrome,structural_features,accuracy,none,35800,0.9366666666666665,0.046338129248192805,0.85,0.99,6,"1000,1001,1002,1003,1004,1005",67800,200,True
even-palindrome,structural_features,accuracy,none,36000,0.9383333333333334,0.06148622248565573,0.825,0.985,6,"1000,1001,1002,1003,1004,1005",67800,200,True
even-palindrome,structural_features,accuracy,none,36200,0.9258333333333334,0.06470552955934718,0.8,0.99,6,"1000,1001,1002,1003,1004,1005",67800,200,True
even-palindrome,structural_features,accuracy,none,36400,0.9325000000000001,0.05580845216751073,0.84,0.98,6,"1000,1001,1002,1003,1004,1005",67800,200,True
even-palindrome,structural_features,accuracy,none,36600,0.9458333333333333,0.04876958296133176,0.875,1.0,6,"1000,1001,1002,1003,1004,1005",67800,200,True
even-palindrome,structural_features,accuracy,none,36800,0.92,0.06198117993929015,0.8,0.98,6,"1000,1001,1002,1003,1004,1005",67800,200,True
even-palindrome,structural_features,accuracy,none,37000,0.9241666666666667,0.040043379255779867,0.87,0.98,6,"1000,1001,1002,1003,1004,1005",67800,200,True
even-palindrome,structural_features,accuracy,none,37200,0.9241666666666667,0.06766440882932635,0.8,0.98,6,"1000,1001,1002,1003,1004,1005",67800,200,True
even-palindrome,structural_features,accuracy,none,37400,0.9283333333333332,0.060254091608417396,0.845,0.985,6,"1000,1001,1002,1003,1004,1005",67800,200,True
even-palindrome,structural_features,accuracy,none,37600,0.9508333333333333,0.03678956675774018,0.89,0.995,6,"1000,1001,1002,1003,1004,1005",67800,200,True
even-palindrome,structural_features,accuracy,none,37800,0.9274999999999999,0.050394278775802846,0.84,0.99,6,"1000,1001,1002,1003,1004,1005",67800,200,True
even-palindrome,structural_features,accuracy,none,38000,0.9283333333333332,0.050470013099089064,0.845,0.985,6,"1000,1001,1002,1003,1004,1005",67800,200,True
even-palindrome,structural_features,accuracy,none,38200,0.9233333333333333,0.04179978734661482,0.875,0.965,6,"1000,1001,1002,1003,1004,1005",67800,200,True
even-palindrome,structural_features,accuracy,none,38400,0.9325,0.045803020278870975,0.87,0.99,6,"1000,1001,1002,1003,1004,1005",67800,200,True
even-palindrome,structural_features,accuracy,none,38600,0.9341666666666666,0.04056031174545984,0.88,0.995,6,"1000,1001,1002,1003,1004,1005",67800,200,True
even-palindrome,structural_features,accuracy,none,38800,0.9341666666666666,0.037462944654981685,0.87,0.965,6,"1000,1001,1002,1003,1004,1005",67800,200,True
even-palindrome,structural_features,accuracy,none,39000,0.9458333333333333,0.04738289658609832,0.865,1.0,6,"1000,1001,1002,1003,1004,1005",67800,200,True
even-palindrome,structural_features,accuracy,none,39200,0.9441666666666667,0.0506965372475171,0.86,1.0,6,"1000,1001,1002,1003,1004,1005",67800,200,True
even-palindrome,structural_features,accuracy,none,39400,0.9483333333333336,0.048961436071894605,0.855,1.0,6,"1000,1001,1002,1003,1004,1005",67800,200,True
even-palindrome,structural_features,accuracy,none,39600,0.9291666666666666,0.060374985622266494,0.805,0.985,6,"1000,1001,1002,1003,1004,1005",67800,200,True
even-palindrome,structural_features,accuracy,none,39800,0.9341666666666667,0.04978425677081282,0.835,0.98,6,"1000,1001,1002,1003,1004,1005",67800,200,True
even-palindrome,structural_features,accuracy,none,40000,0.9458333333333333,0.0441037287413308,0.865,0.99,6,"1000,1001,1002,1003,1004,1005",67800,200,True
even-palindrome,structural_features,accuracy,none,40200,0.9275000000000001,0.06355771655222782,0.82,0.985,6,"1000,1001,1002,1003,1004,1005",67800,200,True
even-palindrome,structural_features,accuracy,none,40400,0.9441666666666665,0.03296673407475412,0.88,0.985,6,"1000,1001,1002,1003,1004,1005",67800,200,True
even-palindrome,structural_features,accuracy,none,40600,0.9633333333333334,0.037932688922470134,0.885,0.995,6,"1000,1001,1002,1003,1004,1005",67800,200,True
even-palindrome,structural_features,accuracy,none,40800,0.9524999999999998,0.051619602219828586,0.87,0.99,6,"1000,1001,1002,1003,1004,1005",67800,200,True
even-palindrome,structural_features,accuracy,none,41000,0.9441666666666665,0.040969161844272836,0.88,0.985,6,"1000,1001,1002,1003,1004,1005",67800,200,True
even-palindrome,structural_features,accuracy,none,41200,0.9483333333333334,0.04431578600102776,0.87,0.985,6,"1000,1001,1002,1003,1004,1005",67800,200,True
even-palindrome,structural_features,accuracy,none,41400,0.945,0.041733280085163034,0.86,0.975,6,"1000,1001,1002,1003,1004,1005",67800,200,True
even-palindrome,structural_features,accuracy,none,41600,0.96,0.043493294502332955,0.875,1.0,6,"1000,1001,1002,1003,1004,1005",67800,200,True
even-palindrome,structural_features,accuracy,none,41800,0.9533333333333333,0.04543004390146336,0.885,1.0,6,"1000,1001,1002,1003,1004,1005",67800,200,True
even-palindrome,structural_features,accuracy,none,42000,0.9516666666666667,0.030230595245361747,0.89,0.975,6,"1000,1001,1002,1003,1004,1005",67800,200,True
even-palindrome,structural_features,accuracy,none,42200,0.9316666666666666,0.07414325473178406,0.79,0.995,6,"1000,1001,1002,1003,1004,1005",67800,200,True
even-palindrome,structural_features,accuracy,none,42400,0.9608333333333333,0.04876958296133177,0.865,1.0,6,"1000,1001,1002,1003,1004,1005",67800,200,True
even-palindrome,structural_features,accuracy,none,42600,0.9541666666666666,0.050283916138485305,0.85,0.995,6,"1000,1001,1002,1003,1004,1005",67800,200,True
even-palindrome,structural_features,accuracy,none,42800,0.9525,0.04441752657078809,0.865,0.995,6,"1000,1001,1002,1003,1004,1005",67800,200,True
even-palindrome,structural_features,accuracy,none,43000,0.9533333333333333,0.026246692913372685,0.915,0.985,6,"1000,1001,1002,1003,1004,1005",67800,200,True
even-palindrome,structural_features,accuracy,none,43200,0.9758333333333332,0.03033379120533548,0.91,0.995,6,"1000,1001,1002,1003,1004,1005",67800,200,True
even-palindrome,structural_features,accuracy,none,43400,0.96,0.041231056256176596,0.885,0.995,6,"1000,1001,1002,1003,1004,1005",67800,200,True
even-palindrome,structural_features,accuracy,none,43600,0.9633333333333334,0.05807083796728116,0.835,1.0,6,"1000,1001,1002,1003,1004,1005",67800,200,True
even-palindrome,structural_features,accuracy,none,43800,0.9491666666666667,0.03930825471690251,0.865,0.99,6,"1000,1001,1002,1003,1004,1005",67800,200,True
even-palindrome,structural_features,accuracy,none,44000,0.9625,0.032882366094914746,0.91,1.0,6,"1000,1001,1002,1003,1004,1005",67800,200,True
even-palindrome,structural_features,accuracy,none,44200,0.9591666666666666,0.04157489894422141,0.87,0.995,6,"1000,1001,1002,1003,1004,1005",67800,200,True
even-palindrome,structural_features,accuracy,none,44400,0.9558333333333332,0.03779513490149522,0.875,0.99,6,"1000,1001,1002,1003,1004,1005",67800,200,True
even-palindrome,structural_features,accuracy,none,44600,0.96,0.03807886552931954,0.885,1.0,6,"1000,1001,1002,1003,1004,1005",67800,200,True
even-palindrome,structural_features,accuracy,none,44800,0.9691666666666667,0.027751376342244508,0.915,0.995,6,"1000,1001,1002,1003,1004,1005",67800,200,True
even-palindrome,structural_features,accuracy,none,45000,0.9516666666666667,0.04588633299312067,0.88,0.99,6,"1000,1001,1002,1003,1004,1005",67800,200,True
even-palindrome,structural_features,accuracy,none,45200,0.9641666666666665,0.01923899396769197,0.925,0.98,6,"1000,1001,1002,1003,1004,1005",67800,200,True
even-palindrome,structural_features,accuracy,none,45400,0.9733333333333333,0.027638539919628318,0.915,1.0,6,"1000,1001,1002,1003,1004,1005",67800,200,True
even-palindrome,structural_features,accuracy,none,45600,0.9616666666666666,0.04384315479321969,0.875,1.0,6,"1000,1001,1002,1003,1004,1005",67800,200,True
even-palindrome,structural_features,accuracy,none,45800,0.9700000000000001,0.029154759474226494,0.915,1.0,6,"1000,1001,1002,1003,1004,1005",67800,200,True
even-palindrome,structural_features,accuracy,none,46000,0.9600000000000001,0.04627814458971607,0.86,0.99,6,"1000,1001,1002,1003,1004,1005",67800,200,True
even-palindrome,structural_features,accuracy,none,46200,0.9608333333333334,0.030333791205335484,0.905,0.995,6,"1000,1001,1002,1003,1004,1005",67800,200,True
even-palindrome,structural_features,accuracy,none,46400,0.9624999999999999,0.0387029283991104,0.88,1.0,6,"1000,1001,1002,1003,1004,1005",67800,200,True
even-palindrome,structural_features,accuracy,none,46600,0.9766666666666666,0.022852182001336794,0.93,1.0,6,"1000,1001,1002,1003,1004,1005",67800,200,True
even-palindrome,structural_features,accuracy,none,46800,0.9716666666666666,0.026246692913372695,0.93,0.995,6,"1000,1001,1002,1003,1004,1005",67800,200,True
even-palindrome,structural_features,accuracy,none,47000,0.9758333333333332,0.02805005446617804,0.915,1.0,6,"1000,1001,1002,1003,1004,1005",67800,200,True
even-palindrome,structural_features,accuracy,none,47200,0.9775,0.03211308144666281,0.91,1.0,6,"1000,1001,1002,1003,1004,1005",67800,200,True
even-palindrome,structural_features,accuracy,none,47400,0.9741666666666667,0.03621885635350121,0.895,1.0,6,"1000,1001,1002,1003,1004,1005",67800,200,True
even-palindrome,structural_features,accuracy,none,47600,0.9674999999999999,0.023407619841980223,0.93,1.0,6,"1000,1001,1002,1003,1004,1005",67800,200,True
even-palindrome,structural_features,accuracy,none,47800,0.9733333333333333,0.026087459737497532,0.92,0.995,6,"1000,1001,1002,1003,1004,1005",67800,200,True
even-palindrome,structural_features,accuracy,none,48000,0.9733333333333333,0.036476781047065476,0.895,1.0,6,"1000,1001,1002,1003,1004,1005",67800,200,True
even-palindrome,structural_features,accuracy,none,48200,0.9741666666666667,0.025399584423546943,0.935,1.0,6,"1000,1001,1002,1003,1004,1005",67800,200,True
even-palindrome,structural_features,accuracy,none,48400,0.9658333333333333,0.024565671621639442,0.92,1.0,6,"1000,1001,1002,1003,1004,1005",67800,200,True
even-palindrome,structural_features,accuracy,none,48600,0.9683333333333334,0.033747427885527634,0.895,0.995,6,"1000,1001,1002,1003,1004,1005",67800,200,True
even-palindrome,structural_features,accuracy,none,48800,0.9741666666666666,0.024902587995806545,0.925,0.995,6,"1000,1001,1002,1003,1004,1005",67800,200,True
even-palindrome,structural_features,accuracy,none,49000,0.9683333333333333,0.027938424357067008,0.915,1.0,6,"1000,1001,1002,1003,1004,1005",67800,200,True
even-palindrome,structural_features,accuracy,none,49200,0.9808333333333333,0.02805005446617804,0.92,1.0,6,"1000,1001,1002,1003,1004,1005",67800,200,True
even-palindrome,structural_features,accuracy,none,49400,0.975,0.026299556396765816,0.92,1.0,6,"1000,1001,1002,1003,1004,1005",67800,200,True
even-palindrome,structural_features,accuracy,none,49600,0.9708333333333332,0.03757400105865165,0.89,1.0,6,"1000,1001,1002,1003,1004,1005",67800,200,True
even-palindrome,structural_features,accuracy,none,49800,0.9658333333333333,0.03334374837290425,0.895,1.0,6,"1000,1001,1002,1003,1004,1005",67800,200,True
even-palindrome,structural_features,accuracy,none,50000,0.9741666666666667,0.03206980234148975,0.905,0.995,6,"1000,1001,1002,1003,1004,1005",67800,200,True
even-palindrome,structural_features,accuracy,none,50200,0.965,0.03214550253664318,0.91,1.0,6,"1000,1001,1002,1003,1004,1005",67800,200,True
even-palindrome,structural_features,accuracy,none,50400,0.9800000000000001,0.021984843263788183,0.935,1.0,6,"1000,1001,1002,1003,1004,1005",67800,200,True
even-palindrome,structural_features,accuracy,none,50600,0.9783333333333332,0.018856180831641284,0.94,1.0,6,"1000,1001,1002,1003,1004,1005",67800,200,True
even-palindrome,structural_features,accuracy,none,50800,0.9791666666666666,0.02699022456783606,0.92,1.0,6,"1000,1001,1002,1003,1004,1005",67800,200,True
even-palindrome,structural_features,accuracy,none,51000,0.9775,0.01842778698958,0.945,1.0,6,"1000,1001,1002,1003,1004,1005",67800,200,True
even-palindrome,structural_features,accuracy,none,51200,0.9700000000000001,0.0429146439652791,0.875,1.0,6,"1000,1001,1002,1003,1004,1005",67800,200,True
even-palindrome,structural_features,accuracy,none,51400,0.9674999999999999,0.03105774192264036,0.9,0.995,6,"1000,1001,1002,1003,1004,1005",67800,200,True
even-palindrome,structural_features,accuracy,none,51600,0.9775,0.03749999999999999,0.895,1.0,6,"1000,1001,1002,1003,1004,1005",67800,200,True
even-palindrome,structural_features,accuracy,none,51800,0.9725000000000001,0.03567795771434607,0.905,1.0,6,"1000,1001,1002,1003,1004,1005",67800,200,True
even-palindrome,structural_features,accuracy,none,52000,0.9758333333333334,0.03232860790211803,0.905,1.0,6,"1000,1001,1002,1003,1004,1005",67800,200,True
even-palindrome,structural_features,accuracy,none,52200,0.9741666666666666,0.02863806712906596,0.915,1.0,6,"1000,1001,1002,1003,1004,1005",67800,200,True
even-palindrome,structural_features,accuracy,none,52400,0.9750000000000001,0.028867513459481277,0.915,0.995,6,"1000,1001,1002,1003,1004,1005",67800,200,True
even-palindrome,structural_features,accuracy,none,52600,0.9758333333333332,0.02316906462409639,0.93,1.0,6,"1000,1001,1002,1003,1004,1005",67800,200,True
even-palindrome,structural_features,accuracy,none,52800,0.9775000000000001,0.034850872777210794,0.9,1.0,6,"1000,1001,1002,1003,1004,1005",67800,200,True
even-palindrome,structural_features,accuracy,none,53000,0.9750000000000001,0.03201562118716423,0.905,1.0,6,"1000,1001,1002,1003,1004,1005",67800,200,True
even-palindrome,structural_features,accuracy,none,53200,0.9841666666666667,0.016180406532456344,0.95,1.0,6,"1000,1001,1002,1003,1004,1005",67800,200,True
even-palindrome,structural_features,accuracy,none,53400,0.9808333333333333,0.02849220166213125,0.92,1.0,6,"1000,1001,1002,1003,1004,1005",67800,200,True
even-palindrome,structural_features,accuracy,none,53600,0.965,0.025658007197234413,0.925,0.995,6,"1000,1001,1002,1003,1004,1005",67800,200,True
even-palindrome,structural_features,accuracy,none,53800,0.9708333333333333,0.034207292919622975,0.9,1.0,6,"1000,1001,1002,1003,1004,1005",67800,200,True
even-palindrome,structural_features,accuracy,none,54000,0.9841666666666667,0.015656911856713293,0.95,0.995,6,"1000,1001,1002,1003,1004,1005",67800,200,True
even-palindrome,structural_features,accuracy,none,54200,0.9708333333333332,0.034085268893695925,0.895,0.99,6,"1000,1001,1002,1003,1004,1005",67800,200,True
even-palindrome,structural_features,accuracy,none,54400,0.9708333333333333,0.04540710908608426,0.87,1.0,6,"1000,1001,1002,1003,1004,1005",67800,200,True
even-palindrome,structural_features,accuracy,none,54600,0.9750000000000001,0.029860788111948186,0.915,1.0,6,"1000,1001,1002,1003,1004,1005",67800,200,True
even-palindrome,structural_features,accuracy,none,54800,0.9658333333333333,0.03610363170405744,0.89,1.0,6,"1000,1001,1002,1003,1004,1005",67800,200,True
even-palindrome,structural_features,accuracy,none,55000,0.9766666666666667,0.027028791233711408,0.92,1.0,6,"1000,1001,1002,1003,1004,1005",67800,200,True
even-palindrome,structural_features,accuracy,none,55200,0.9758333333333334,0.030196118219989056,0.915,1.0,6,"1000,1001,1002,1003,1004,1005",67800,200,True
even-palindrome,structural_features,accuracy,none,55400,0.9741666666666666,0.03383990084041158,0.905,1.0,6,"1000,1001,1002,1003,1004,1005",67800,200,True
even-palindrome,structural_features,accuracy,none,55600,0.9666666666666667,0.034960294939005036,0.905,1.0,6,"1000,1001,1002,1003,1004,1005",67800,200,True
even-palindrome,structural_features,accuracy,none,55800,0.9824999999999999,0.02212653007891957,0.935,1.0,6,"1000,1001,1002,1003,1004,1005",67800,200,True
even-palindrome,structural_features,accuracy,none,56000,0.9750000000000001,0.027688746209726906,0.92,1.0,6,"1000,1001,1002,1003,1004,1005",67800,200,True
even-palindrome,structural_features,accuracy,none,56200,0.98,0.025980762113533142,0.925,1.0,6,"1000,1001,1002,1003,1004,1005",67800,200,True
even-palindrome,structural_features,accuracy,none,56400,0.9733333333333333,0.03064129385141705,0.915,0.995,6,"1000,1001,1002,1003,1004,1005",67800,200,True
even-palindrome,structural_features,accuracy,none,56600,0.9783333333333334,0.02544056253745623,0.925,1.0,6,"1000,1001,1002,1003,1004,1005",67800,200,True
even-palindrome,structural_features,accuracy,none,56800,0.9733333333333333,0.02733536577809453,0.915,0.995,6,"1000,1001,1002,1003,1004,1005",67800,200,True
even-palindrome,structural_features,accuracy,none,57000,0.9716666666666667,0.030368111930480984,0.91,1.0,6,"1000,1001,1002,1003,1004,1005",67800,200,True
even-palindrome,structural_features,accuracy,none,57200,0.9816666666666666,0.027938424357067,0.92,1.0,6,"1000,1001,1002,1003,1004,1005",67800,200,True
even-palindrome,structural_features,accuracy,none,57400,0.985,0.021213203435596444,0.94,1.0,6,"1000,1001,1002,1003,1004,1005",67800,200,True
even-palindrome,structural_features,accuracy,none,57600,0.9833333333333333,0.017240134054647683,0.95,1.0,6,"1000,1001,1002,1003,1004,1005",67800,200,True
even-palindrome,structural_features,accuracy,none,57800,0.9849999999999999,0.02483277404291888,0.93,1.0,6,"1000,1001,1002,1003,1004,1005",67800,200,True
even-palindrome,structural_features,accuracy,none,58000,0.9858333333333333,0.02744944848666766,0.925,1.0,6,"1000,1001,1002,1003,1004,1005",67800,200,True
even-palindrome,structural_features,accuracy,none,58200,0.98,0.024324199198877357,0.93,1.0,6,"1000,1001,1002,1003,1004,1005",67800,200,True
even-palindrome,structural_features,accuracy,none,58400,0.98,0.03427827300200521,0.905,1.0,6,"1000,1001,1002,1003,1004,1005",67800,200,True
even-palindrome,structural_features,accuracy,none,58600,0.9874999999999999,0.008539125638299673,0.97,0.995,6,"1000,1001,1002,1003,1004,1005",67800,200,True
even-palindrome,structural_features,accuracy,none,58800,0.9758333333333334,0.020699570580623678,0.93,0.99,6,"1000,1001,1002,1003,1004,1005",67800,200,True
even-palindrome,structural_features,accuracy,none,59000,0.9783333333333334,0.03399346342395189,0.905,1.0,6,"1000,1001,1002,1003,1004,1005",67800,200,True
even-palindrome,structural_features,accuracy,none,59200,0.985,0.020816659994661348,0.94,1.0,6,"1000,1001,1002,1003,1004,1005",67800,200,True
even-palindrome,structural_features,accuracy,none,59400,0.9874999999999999,0.025779513830430017,0.93,1.0,6,"1000,1001,1002,1003,1004,1005",67800,200,True
even-palindrome,structural_features,accuracy,none,59600,0.9758333333333332,0.026365486699260608,0.92,1.0,6,"1000,1001,1002,1003,1004,1005",67800,200,True
even-palindrome,structural_features,accuracy,none,59800,0.9783333333333334,0.020548046676563275,0.945,1.0,6,"1000,1001,1002,1003,1004,1005",67800,200,True
even-palindrome,structural_features,accuracy,none,60000,0.9766666666666667,0.032998316455372205,0.905,1.0,6,"1000,1001,1002,1003,1004,1005",67800,200,True
even-palindrome,structural_features,accuracy,none,60200,0.9691666666666667,0.031012990109880647,0.905,1.0,6,"1000,1001,1002,1003,1004,1005",67800,200,True
even-palindrome,structural_features,accuracy,none,60400,0.9858333333333333,0.014553540997144163,0.955,1.0,6,"1000,1001,1002,1003,1004,1005",67800,200,True
even-palindrome,structural_features,accuracy,none,60600,0.9841666666666667,0.016935334527417994,0.95,1.0,6,"1000,1001,1002,1003,1004,1005",67800,200,True
even-palindrome,structural_features,accuracy,none,60800,0.9825,0.01842778698958,0.945,1.0,6,"1000,1001,1002,1003,1004,1005",67800,200,True
even-palindrome,structural_features,accuracy,none,61000,0.9783333333333334,0.014907119849998611,0.95,0.995,6,"1000,1001,1002,1003,1004,1005",67800,200,True
even-palindrome,structural_features,accuracy,none,61200,0.9758333333333332,0.022063670491456192,0.93,1.0,6,"1000,1001,1002,1003,1004,1005",67800,200,True
even-palindrome,structural_features,accuracy,none,61400,0.9775,0.02155419526062925,0.93,0.99,6,"1000,1001,1002,1003,1004,1005",67800,200,True
even-palindrome,structural_features,accuracy,none,61600,0.9841666666666665,0.02456567162163944,0.93,1.0,6,"1000,1001,1002,1003,1004,1005",67800,200,True
even-palindrome,structural_features,accuracy,none,61800,0.9783333333333334,0.03009245014211297,0.915,1.0,6,"1000,1001,1002,1003,1004,1005",67800,200,True
even-palindrome,structural_features,accuracy,none,62000,0.9824999999999999,0.020766559657295208,0.94,1.0,6,"1000,1001,1002,1003,1004,1005",67800,200,True
even-palindrome,structural_features,accuracy,none,62200,0.9858333333333333,0.01538848776051617,0.955,1.0,6,"1000,1001,1002,1003,1004,1005",67800,200,True
even-palindrome,structural_features,accuracy,none,62400,0.9816666666666666,0.023921166824012186,0.93,1.0,6,"1000,1001,1002,1003,1004,1005",67800,200,True
even-palindrome,structural_features,accuracy,none,62600,0.9733333333333333,0.03312434485725297,0.9,0.995,6,"1000,1001,1002,1003,1004,1005",67800,200,True
even-palindrome,structural_features,accuracy,none,62800,0.9808333333333333,0.022063670491456192,0.935,1.0,6,"1000,1001,1002,1003,1004,1005",67800,200,True
even-palindrome,structural_features,accuracy,none,63000,0.9841666666666667,0.019454362549881272,0.945,1.0,6,"1000,1001,1002,1003,1004,1005",67800,200,True
even-palindrome,structural_features,accuracy,none,63200,0.9875000000000002,0.02155419526062929,0.94,1.0,6,"1000,1001,1002,1003,1004,1005",67800,200,True
even-palindrome,structural_features,accuracy,none,63400,0.9800000000000001,0.016832508230603477,0.945,0.995,6,"1000,1001,1002,1003,1004,1005",67800,200,True
even-palindrome,structural_features,accuracy,none,63600,0.9866666666666667,0.011055415967851341,0.965,0.995,6,"1000,1001,1002,1003,1004,1005",67800,200,True
even-palindrome,structural_features,accuracy,none,63800,0.985,0.029154759474226487,0.92,1.0,6,"1000,1001,1002,1003,1004,1005",67800,200,True
even-palindrome,structural_features,accuracy,none,64000,0.9699999999999999,0.03013856886670852,0.925,1.0,6,"1000,1001,1002,1003,1004,1005",67800,200,True
even-palindrome,structural_features,accuracy,none,64200,0.985,0.02483277404291888,0.93,1.0,6,"1000,1001,1002,1003,1004,1005",67800,200,True
even-palindrome,structural_features,accuracy,none,64400,0.9725000000000001,0.03705289012569284,0.895,1.0,6,"1000,1001,1002,1003,1004,1005",67800,200,True
even-palindrome,structural_features,accuracy,none,64600,0.9791666666666666,0.02370243775554647,0.93,1.0,6,"1000,1001,1002,1003,1004,1005",67800,200,True
even-palindrome,structural_features,accuracy,none,64800,0.9833333333333334,0.026404965862924748,0.925,1.0,6,"1000,1001,1002,1003,1004,1005",67800,200,True
even-palindrome,structural_features,accuracy,none,65000,0.9816666666666666,0.02392116682401219,0.93,1.0,6,"1000,1001,1002,1003,1004,1005",67800,200,True
even-palindrome,structural_features,accuracy,none,65200,0.9866666666666667,0.027638539919628318,0.925,1.0,6,"1000,1001,1002,1003,1004,1005",67800,200,True
even-palindrome,structural_features,accuracy,none,65400,0.9874999999999999,0.015478479684172273,0.955,1.0,6,"1000,1001,1002,1003,1004,1005",67800,200,True
even-palindrome,structural_features,accuracy,none,65600,0.9799999999999999,0.023629078131263023,0.93,1.0,6,"1000,1001,1002,1003,1004,1005",67800,200,True
even-palindrome,structural_features,accuracy,none,65800,0.9824999999999999,0.01181453906563153,0.97,1.0,6,"1000,1001,1002,1003,1004,1005",67800,200,True
even-palindrome,structural_features,accuracy,none,66000,0.9833333333333333,0.03104656001699525,0.915,1.0,6,"1000,1001,1002,1003,1004,1005",67800,200,True
even-palindrome,structural_features,accuracy,none,66200,0.9816666666666666,0.024094720491334914,0.93,1.0,6,"1000,1001,1002,1003,1004,1005",67800,200,True
even-palindrome,structural_features,accuracy,none,66400,0.9783333333333332,0.02094967514996091,0.94,0.995,6,"1000,1001,1002,1003,1004,1005",67800,200,True
even-palindrome,structural_features,accuracy,none,66600,0.9883333333333333,0.019720265943665403,0.945,1.0,6,"1000,1001,1002,1003,1004,1005",67800,200,True
even-palindrome,structural_features,accuracy,none,66800,0.9841666666666665,0.02206367049145619,0.935,0.995,6,"1000,1001,1002,1003,1004,1005",67800,200,True
even-palindrome,structural_features,accuracy,none,67000,0.9816666666666668,0.017480147469502542,0.945,1.0,6,"1000,1001,1002,1003,1004,1005",67800,200,True
even-palindrome,structural_features,accuracy,none,67200,0.9783333333333332,0.02192157739660986,0.94,1.0,6,"1000,1001,1002,1003,1004,1005",67800,200,True
even-palindrome,structural_features,accuracy,none,67400,0.98,0.027537852736430495,0.92,1.0,6,"1000,1001,1002,1003,1004,1005",67800,200,True
even-palindrome,structural_features,accuracy,none,67600,0.9808333333333333,0.021489661597046024,0.935,1.0,6,"1000,1001,1002,1003,1004,1005",67800,200,True
even-palindrome,structural_features,accuracy,none,67800,0.9891666666666667,0.020086617988656602,0.945,1.0,6,"1000,1001,1002,1003,1004,1005",67800,200,True
even-palindrome,structural_features,accuracy,length,200,0.4758333333333334,0.027297232256932008,0.42,0.5,6,"1000,1001,1002,1003,1004,1005",67800,200,True
even-palindrome,structural_features,accuracy,length,400,0.48416666666666663,0.032069802341489775,0.45,0.545,6,"1000,1001,1002,1003,1004,1005",67800,200,True
even-palindrome,structural_features,accuracy,length,600,0.4916666666666667,0.030641293851417065,0.45,0.54,6,"1000,1001,1002,1003,1004,1005",67800,200,True
even-palindrome,structural_features,accuracy,length,800,0.51,0.021015867021530837,0.49,0.555,6,"1000,1001,1002,1003,1004,1005",67800,200,True
even-palindrome,structural_features,accuracy,length,1000,0.5025000000000001,0.0398695790463523,0.425,0.54,6,"1000,1001,1002,1003,1004,1005",67800,200,True
even-palindrome,structural_features,accuracy,length,1200,0.5283333333333334,0.01907587190376601,0.5,0.555,6,"1000,1001,1002,1003,1004,1005",67800,200,True
even-palindrome,structural_features,accuracy,length,1400,0.52,0.016329931618554536,0.495,0.545,6,"1000,1001,1002,1003,1004,1005",67800,200,True
even-palindrome,structural_features,accuracy,length,1600,0.5183333333333334,0.019507833184532725,0.495,0.545,6,"1000,1001,1002,1003,1004,1005",67800,200,True
even-palindrome,structural_features,accuracy,length,1800,0.5399999999999999,0.02645751311064589,0.505,0.57,6,"1000,1001,1002,1003,1004,1005",67800,200,True
even-palindrome,structural_features,accuracy,length,2000,0.5525000000000001,0.022126530078919578,0.515,0.59,6,"1000,1001,1002,1003,1004,1005",67800,200,True
even-palindrome,structural_features,accuracy,length,2200,0.5466666666666667,0.02733536577809453,0.495,0.58,6,"1000,1001,1002,1003,1004,1005",67800,200,True
even-palindrome,structural_features,accuracy,length,2400,0.5516666666666666,0.03223179934302284,0.52,0.6,6,"1000,1001,1002,1003,1004,1005",67800,200,True
even-palindrome,structural_features,accuracy,length,2600,0.5525,0.01973786547054499,0.53,0.585,6,"1000,1001,1002,1003,1004,1005",67800,200,True
even-palindrome,structural_features,accuracy,length,2800,0.5575,0.03449033681095811,0.51,0.61,6,"1000,1001,1002,1003,1004,1005",67800,200,True
even-palindrome,structural_features,accuracy,length,3000,0.5691666666666667,0.027449448486667655,0.515,0.6,6,"1000,1001,1002,1003,1004,1005",67800,200,True
even-palindrome,structural_features,accuracy,length,3200,0.5733333333333334,0.019293061504650343,0.54,0.595,6,"1000,1001,1002,1003,1004,1005",67800,200,True
even-palindrome,structural_features,accuracy,length,3400,0.5724999999999999,0.024790791301072524,0.535,0.615,6,"1000,1001,1002,1003,1004,1005",67800,200,True
even-palindrome,structural_features,accuracy,length,3600,0.5633333333333334,0.04058598553961972,0.53,0.63,6,"1000,1001,1002,1003,1004,1005",67800,200,True
even-palindrome,structural_features,accuracy,length,3800,0.5666666666666665,0.03131382371342655,0.5,0.595,6,"1000,1001,1002,1003,1004,1005",67800,200,True
even-palindrome,structural_features,accuracy,length,4000,0.5724999999999999,0.02854090631590616,0.53,0.615,6,"1000,1001,1002,1003,1004,1005",67800,200,True
even-palindrome,structural_features,accuracy,length,4200,0.5766666666666667,0.020749832663314535,0.55,0.61,6,"1000,1001,1002,1003,1004,1005",67800,200,True
even-palindrome,structural_features,accuracy,length,4400,0.5616666666666666,0.03184162195757132,0.495,0.59,6,"1000,1001,1002,1003,1004,1005",67800,200,True
even-palindrome,structural_features,accuracy,length,4600,0.5633333333333334,0.04199867722784717,0.51,0.64,6,"1000,1001,1002,1003,1004,1005",67800,200,True
even-palindrome,structural_features,accuracy,length,4800,0.5783333333333333,0.034480268109295324,0.505,0.615,6,"1000,1001,1002,1003,1004,1005",67800,200,True
even-palindrome,structural_features,accuracy,length,5000,0.565,0.026299556396765813,0.52,0.6,6,"1000,1001,1002,1003,1004,1005",67800,200,True
even-palindrome,structural_features,accuracy,length,5200,0.5841666666666666,0.02109831483528691,0.555,0.615,6,"1000,1001,1002,1003,1004,1005",67800,200,True
even-palindrome,structural_features,accuracy,length,5400,0.59,0.025331140255951092,0.54,0.62,6,"1000,1001,1002,1003,1004,1005",67800,200,True
even-palindrome,structural_features,accuracy,length,5600,0.5750000000000001,0.03188521078284831,0.525,0.62,6,"1000,1001,1002,1003,1004,1005",67800,200,True
even-palindrome,structural_features,accuracy,length,5800,0.6025,0.04269562819149833,0.535,0.67,6,"1000,1001,1002,1003,1004,1005",67800,200,True
even-palindrome,structural_features,accuracy,length,6000,0.5775,0.006291528696058964,0.565,0.585,6,"1000,1001,1002,1003,1004,1005",67800,200,True
even-palindrome,structural_features,accuracy,length,6200,0.5933333333333333,0.01598610507770908,0.575,0.615,6,"1000,1001,1002,1003,1004,1005",67800,200,True
even-palindrome,structural_features,accuracy,length,6400,0.5766666666666668,0.021343747458109467,0.54,0.6,6,"1000,1001,1002,1003,1004,1005",67800,200,True
even-palindrome,structural_features,accuracy,length,6600,0.5741666666666667,0.03457078085448588,0.545,0.63,6,"1000,1001,1002,1003,1004,1005",67800,200,True
even-palindrome,structural_features,accuracy,length,6800,0.6008333333333332,0.04372419874114968,0.55,0.66,6,"1000,1001,1002,1003,1004,1005",67800,200,True
even-palindrome,structural_features,accuracy,length,7000,0.6008333333333334,0.03167762968124705,0.565,0.66,6,"1000,1001,1002,1003,1004,1005",67800,200,True
even-palindrome,structural_features,accuracy,length,7200,0.5833333333333334,0.022110831935702638,0.55,0.61,6,"1000,1001,1002,1003,1004,1005",67800,200,True
even-palindrome,structural_features,accuracy,length,7400,0.6183333333333333,0.022669117514559092,0.6,0.665,6,"1000,1001,1002,1003,1004,1005",67800,200,True
even-palindrome,structural_features,accuracy,length,7600,0.5883333333333333,0.024094720491334955,0.565,0.63,6,"1000,1001,1002,1003,1004,1005",67800,200,True
even-palindrome,structural_features,accuracy,length,7800,0.6050000000000001,0.021213203435596444,0.57,0.64,6,"1000,1001,1002,1003,1004,1005",67800,200,True
even-palindrome,structural_features,accuracy,length,8000,0.6224999999999999,0.027651100038395122,0.57,0.655,6,"1000,1001,1002,1003,1004,1005",67800,200,True
even-palindrome,structural_features,accuracy,length,8200,0.6108333333333333,0.02849220166213129,0.57,0.645,6,"1000,1001,1002,1003,1004,1005",67800,200,True
even-palindrome,structural_features,accuracy,length,8400,0.6000000000000001,0.05131601439446884,0.515,0.665,6,"1000,1001,1002,1003,1004,1005",67800,200,True
even-palindrome,structural_features,accuracy,length,8600,0.6108333333333333,0.02490258799580658,0.595,0.665,6,"1000,1001,1002,1003,1004,1005",67800,200,True
even-palindrome,structural_features,accuracy,length,8800,0.5966666666666667,0.028963578661637946,0.555,0.64,6,"1000,1001,1002,1003,1004,1005",67800,200,True
even-palindrome,structural_features,accuracy,length,9000,0.6175,0.02155419526062929,0.595,0.655,6,"1000,1001,1002,1003,1004,1005",67800,200,True
even-palindrome,structural_features,accuracy,length,9200,0.6049999999999999,0.021602468994692887,0.57,0.64,6,"1000,1001,1002,1003,1004,1005",67800,200,True
even-palindrome,structural_features,accuracy,length,9400,0.6208333333333335,0.027751376342244543,0.58,0.66,6,"1000,1001,1002,1003,1004,1005",67800,200,True
even-palindrome,structural_features,accuracy,length,9600,0.5966666666666668,0.04058598553961973,0.53,0.635,6,"1000,1001,1002,1003,1004,1005",67800,200,True
even-palindrome,structural_features,accuracy,length,9800,0.6091666666666666,0.01765801675034759,0.59,0.64,6,"1000,1001,1002,1003,1004,1005",67800,200,True
even-palindrome,structural_features,accuracy,length,10000,0.6116666666666667,0.029674156357941454,0.565,0.655,6,"1000,1001,1002,1003,1004,1005",67800,200,True
even-palindrome,structural_features,accuracy,length,10200,0.6083333333333333,0.01907587190376601,0.575,0.63,6,"1000,1001,1002,1003,1004,1005",67800,200,True
even-palindrome,structural_features,accuracy,length,10400,0.6258333333333334,0.03383990084041162,0.585,0.68,6,"1000,1001,1002,1003,1004,1005",67800,200,True
even-palindrome,structural_features,accuracy,length,10600,0.6208333333333332,0.023348209543536523,0.59,0.66,6,"1000,1001,1002,1003,1004,1005",67800,200,True
even-palindrome,structural_features,accuracy,length,10800,0.6491666666666667,0.04885494402366615,0.56,0.71,6,"1000,1001,1002,1003,1004,1005",67800,200,True
even-palindrome,structural_features,accuracy,length,11000,0.6291666666666667,0.026990224567836105,0.59,0.675,6,"1000,1001,1002,1003,1004,1005",67800,200,True
even-palindrome,structural_features,accuracy,length,11200,0.6266666666666668,0.018856180831641284,0.605,0.655,6,"1000,1001,1002,1003,1004,1005",67800,200,True
even-palindrome,structural_features,accuracy,length,11400,0.6566666666666666,0.0262466929133727,0.625,0.695,6,"1000,1001,1002,1003,1004,1005",67800,200,True
even-palindrome,structural_features,accuracy,length,11600,0.6324999999999998,0.0361420807370024,0.59,0.7,6,"1000,1001,1002,1003,1004,1005",67800,200,True
even-palindrome,structural_features,accuracy,length,11800,0.6316666666666666,0.01462494064565355,0.605,0.65,6,"1000,1001,1002,1003,1004,1005",67800,200,True
even-palindrome,structural_features,accuracy,length,12000,0.6275000000000001,0.025940637360455657,0.575,0.65,6,"1000,1001,1002,1003,1004,1005",67800,200,True
even-palindrome,structural_features,accuracy,length,12200,0.6258333333333334,0.02819820719281441,0.565,0.65,6,"1000,1001,1002,1003,1004,1005",67800,200,True
even-palindrome,structural_features,accuracy,length,12400,0.6124999999999999,0.036827299656640625,0.58,0.685,6,"1000,1001,1002,1003,1004,1005",67800,200,True
even-palindrome,structural_features,accuracy,length,12600,0.635,0.026925824035672542,0.585,0.675,6,"1000,1001,1002,1003,1004,1005",67800,200,True
even-palindrome,structural_features,accuracy,length,12800,0.6383333333333334,0.02640496586292479,0.61,0.685,6,"1000,1001,1002,1003,1004,1005",67800,200,True
even-palindrome,structural_features,accuracy,length,13000,0.6433333333333333,0.02511086528886563,0.61,0.68,6,"1000,1001,1002,1003,1004,1005",67800,200,True
even-palindrome,structural_features,accuracy,length,13200,0.6358333333333334,0.027144162458170577,0.6,0.675,6,"1000,1001,1002,1003,1004,1005",67800,200,True
even-palindrome,structural_features,accuracy,length,13400,0.6208333333333332,0.029356524923014254,0.58,0.65,6,"1000,1001,1002,1003,1004,1005",67800,200,True
even-palindrome,structural_features,accuracy,length,13600,0.6558333333333334,0.028050054466178084,0.615,0.68,6,"1000,1001,1002,1003,1004,1005",67800,200,True
even-palindrome,structural_features,accuracy,length,13800,0.6475000000000001,0.014930394055974112,0.62,0.67,6,"1000,1001,1002,1003,1004,1005",67800,200,True
even-palindrome,structural_features,accuracy,length,14000,0.6625,0.021937410968480276,0.63,0.69,6,"1000,1001,1002,1003,1004,1005",67800,200,True
even-palindrome,structural_features,accuracy,length,14200,0.6358333333333334,0.03219946514393612,0.595,0.68,6,"1000,1001,1002,1003,1004,1005",67800,200,True
even-palindrome,structural_features,accuracy,length,14400,0.6258333333333334,0.04236907939628721,0.565,0.705,6,"1000,1001,1002,1003,1004,1005",67800,200,True
even-palindrome,structural_features,accuracy,length,14600,0.6416666666666667,0.016996731711975965,0.625,0.675,6,"1000,1001,1002,1003,1004,1005",67800,200,True
even-palindrome,structural_features,accuracy,length,14800,0.6525,0.025454207248835434,0.61,0.69,6,"1000,1001,1002,1003,1004,1005",67800,200,True
even-palindrome,structural_features,accuracy,length,15000,0.6425,0.0242813371405558,0.595,0.675,6,"1000,1001,1002,1003,1004,1005",67800,200,True
even-palindrome,structural_features,accuracy,length,15200,0.6583333333333332,0.025440562537456232,0.635,0.71,6,"1000,1001,1002,1003,1004,1005",67800,200,True
even-palindrome,structural_features,accuracy,length,15400,0.6583333333333333,0.039546035059015563,0.615,0.725,6,"1000,1001,1002,1003,1004,1005",67800,200,True
even-palindrome,structural_features,accuracy,length,15600,0.6666666666666666,0.0341158158174312,0.625,0.73,6,"1000,1001,1002,1003,1004,1005",67800,200,True
even-palindrome,structural_features,accuracy,length,15800,0.68,0.02886751345948127,0.625,0.715,6,"1000,1001,1002,1003,1004,1005",67800,200,True
even-palindrome,structural_features,accuracy,length,16000,0.6325,0.031852524756027345,0.575,0.67,6,"1000,1001,1002,1003,1004,1005",67800,200,True
even-palindrome,structural_features,accuracy,length,16200,0.6591666666666667,0.02490258799580655,0.625,0.7,6,"1000,1001,1002,1003,1004,1005",67800,200,True
even-palindrome,structural_features,accuracy,length,16400,0.6766666666666666,0.015986105077709038,0.655,0.695,6,"1000,1001,1002,1003,1004,1005",67800,200,True
even-palindrome,structural_features,accuracy,length,16600,0.6733333333333333,0.03448026810929533,0.605,0.715,6,"1000,1001,1002,1003,1004,1005",67800,200,True
even-palindrome,structural_features,accuracy,length,16800,0.6816666666666666,0.0329983164553722,0.65,0.73,6,"1000,1001,1002,1003,1004,1005",67800,200,True
even-palindrome,structural_features,accuracy,length,17000,0.6816666666666666,0.024776781245530823,0.655,0.73,6,"1000,1001,1002,1003,1004,1005",67800,200,True
even-palindrome,structural_features,accuracy,length,17200,0.665,0.023094010767585032,0.62,0.69,6,"1000,1001,1002,1003,1004,1005",67800,200,True
even-palindrome,structural_features,accuracy,length,17400,0.645,0.03500000000000003,0.575,0.68,6,"1000,1001,1002,1003,1004,1005",67800,200,True
even-palindrome,structural_features,accuracy,length,17600,0.6791666666666667,0.02714416245817053,0.64,0.71,6,"1000,1001,1002,1003,1004,1005",67800,200,True
even-palindrome,structural_features,accuracy,length,17800,0.6908333333333334,0.041574898944221395,0.625,0.745,6,"1000,1001,1002,1003,1004,1005",67800,200,True
even-palindrome,structural_features,accuracy,length,18000,0.6849999999999999,0.035237290853109934,0.645,0.725,6,"1000,1001,1002,1003,1004,1005",67800,200,True
even-palindrome,structural_features,accuracy,length,18200,0.6974999999999999,0.02911900868276023,0.645,0.735,6,"1000,1001,1002,1003,1004,1005",67800,200,True
even-palindrome,structural_features,accuracy,length,18400,0.6516666666666666,0.04268749491621899,0.57,0.7,6,"1000,1001,1002,1003,1004,1005",67800,200,True
even-palindrome,structural_features,accuracy,length,18600,0.6608333333333334,0.027449448486667673,0.615,0.7,6,"1000,1001,1002,1003,1004,1005",67800,200,True
even-palindrome,structural_features,accuracy,length,18800,0.6758333333333333,0.01966737286867655,0.65,0.71,6,"1000,1001,1002,1003,1004,1005",67800,200,True
even-palindrome,structural_features,accuracy,length,19000,0.6858333333333334,0.04246730768746968,0.615,0.735,6,"1000,1001,1002,1003,1004,1005",67800,200,True
even-palindrome,structural_features,accuracy,length,19200,0.6641666666666667,0.02775137634224452,0.615,0.705,6,"1000,1001,1002,1003,1004,1005",67800,200,True
even-palindrome,structural_features,accuracy,length,19400,0.6908333333333334,0.03154582205124615,0.65,0.745,6,"1000,1001,1002,1003,1004,1005",67800,200,True
even-palindrome,structural_features,accuracy,length,19600,0.68,0.03291402943021915,0.635,0.74,6,"1000,1001,1002,1003,1004,1005",67800,200,True
even-palindrome,structural_features,accuracy,length,19800,0.6875,0.03694026709883582,0.615,0.72,6,"1000,1001,1002,1003,1004,1005",67800,200,True
even-palindrome,structural_features,accuracy,length,20000,0.7033333333333335,0.036132472314464655,0.655,0.755,6,"1000,1001,1002,1003,1004,1005",67800,200,True
even-palindrome,structural_features,accuracy,length,20200,0.6891666666666666,0.026047499346812948,0.645,0.715,6,"1000,1001,1002,1003,1004,1005",67800,200,True
even-palindrome,structural_features,accuracy,length,20400,0.7233333333333333,0.02671869923646902,0.69,0.77,6,"1000,1001,1002,1003,1004,1005",67800,200,True
even-palindrome,structural_features,accuracy,length,20600,0.6958333333333333,0.03920211162113024,0.62,0.745,6,"1000,1001,1002,1003,1004,1005",67800,200,True
even-palindrome,structural_features,accuracy,length,20800,0.7216666666666667,0.02793842435706701,0.68,0.76,6,"1000,1001,1002,1003,1004,1005",67800,200,True
even-palindrome,structural_features,accuracy,length,21000,0.7166666666666667,0.021730674684008817,0.68,0.745,6,"1000,1001,1002,1003,1004,1005",67800,200,True
even-palindrome,structural_features,accuracy,length,21200,0.7266666666666666,0.025440562537456267,0.695,0.765,6,"1000,1001,1002,1003,1004,1005",67800,200,True
even-palindrome,structural_features,accuracy,length,21400,0.7308333333333333,0.03033379120533552,0.695,0.79,6,"1000,1001,1002,1003,1004,1005",67800,200,True
even-palindrome,structural_features,accuracy,length,21600,0.7466666666666666,0.03624760528488594,0.7,0.805,6,"1000,1001,1002,1003,1004,1005",67800,200,True
even-palindrome,structural_features,accuracy,length,21800,0.7041666666666666,0.045772687149531525,0.625,0.755,6,"1000,1001,1002,1003,1004,1005",67800,200,True
even-palindrome,structural_features,accuracy,length,22000,0.7391666666666667,0.027297232256932025,0.69,0.775,6,"1000,1001,1002,1003,1004,1005",67800,200,True
even-palindrome,structural_features,accuracy,length,22200,0.7341666666666667,0.05380649485785977,0.67,0.805,6,"1000,1001,1002,1003,1004,1005",67800,200,True
even-palindrome,structural_features,accuracy,length,22400,0.7041666666666666,0.07253830405761881,0.585,0.805,6,"1000,1001,1002,1003,1004,1005",67800,200,True
even-palindrome,structural_features,accuracy,length,22600,0.7258333333333334,0.07955169528188716,0.565,0.79,6,"1000,1001,1002,1003,1004,1005",67800,200,True
even-palindrome,structural_features,accuracy,length,22800,0.7016666666666668,0.07357913351548037,0.64,0.86,6,"1000,1001,1002,1003,1004,1005",67800,200,True
even-palindrome,structural_features,accuracy,length,23000,0.7016666666666667,0.042882267767562016,0.62,0.755,6,"1000,1001,1002,1003,1004,1005",67800,200,True
even-palindrome,structural_features,accuracy,length,23200,0.7016666666666667,0.05742144392317406,0.615,0.805,6,"1000,1001,1002,1003,1004,1005",67800,200,True
even-palindrome,structural_features,accuracy,length,23400,0.7391666666666666,0.07339486055273595,0.64,0.865,6,"1000,1001,1002,1003,1004,1005",67800,200,True
even-palindrome,structural_features,accuracy,length,23600,0.7066666666666667,0.06599663291074445,0.595,0.785,6,"1000,1001,1002,1003,1004,1005",67800,200,True
even-palindrome,structural_features,accuracy,length,23800,0.7325,0.07586995452746759,0.655,0.88,6,"1000,1001,1002,1003,1004,1005",67800,200,True
even-palindrome,structural_features,accuracy,length,24000,0.765,0.06601767440112788,0.69,0.865,6,"1000,1001,1002,1003,1004,1005",67800,200,True
even-palindrome,structural_features,accuracy,length,24200,0.7374999999999999,0.0459845988710713,0.665,0.815,6,"1000,1001,1002,1003,1004,1005",67800,200,True
even-palindrome,structural_features,accuracy,length,24400,0.7600000000000001,0.06626965117357014,0.675,0.85,6,"1000,1001,1002,1003,1004,1005",67800,200,True
even-palindrome,structural_features,accuracy,length,24600,0.7624999999999998,0.05573374202401989,0.7,0.875,6,"1000,1001,1002,1003,1004,1005",67800,200,True
even-palindrome,structural_features,accuracy,length,24800,0.7550000000000002,0.0754983443527075,0.675,0.885,6,"1000,1001,1002,1003,1004,1005",67800,200,True
even-palindrome,structural_features,accuracy,length,25000,0.745,0.07245688373094719,0.62,0.86,6,"1000,1001,1002,1003,1004,1005",67800,200,True
even-palindrome,structural_features,accuracy,length,25200,0.7866666666666666,0.07564537145273478,0.71,0.94,6,"1000,1001,1002,1003,1004,1005",67800,200,True
even-palindrome,structural_features,accuracy,length,25400,0.77,0.08475454756727414,0.645,0.93,6,"1000,1001,1002,1003,1004,1005",67800,200,True
even-palindrome,structural_features,accuracy,length,25600,0.7566666666666667,0.06902093080282888,0.695,0.89,6,"1000,1001,1002,1003,1004,1005",67800,200,True
even-palindrome,structural_features,accuracy,length,25800,0.7883333333333334,0.07283924461137385,0.68,0.92,6,"1000,1001,1002,1003,1004,1005",67800,200,True
even-palindrome,structural_features,accuracy,length,26000,0.7516666666666666,0.08065702421708573,0.665,0.89,6,"1000,1001,1002,1003,1004,1005",67800,200,True
even-palindrome,structural_features,accuracy,length,26200,0.7825000000000001,0.0702228595259407,0.685,0.895,6,"1000,1001,1002,1003,1004,1005",67800,200,True
even-palindrome,structural_features,accuracy,length,26400,0.7933333333333333,0.07419943096517356,0.71,0.905,6,"1000,1001,1002,1003,1004,1005",67800,200,True
even-palindrome,structural_features,accuracy,length,26600,0.7941666666666668,0.056672793786397696,0.73,0.905,6,"1000,1001,1002,1003,1004,1005",67800,200,True
even-palindrome,structural_features,accuracy,length,26800,0.7533333333333333,0.08434387285919999,0.65,0.92,6,"1000,1001,1002,1003,1004,1005",67800,200,True
even-palindrome,structural_features,accuracy,length,27000,0.7608333333333333,0.08192560988821233,0.67,0.91,6,"1000,1001,1002,1003,1004,1005",67800,200,True
even-palindrome,structural_features,accuracy,length,27200,0.7708333333333334,0.03528652559956689,0.71,0.825,6,"1000,1001,1002,1003,1004,1005",67800,200,True
even-palindrome,structural_features,accuracy,length,27400,0.7825000000000001,0.09902651160169182,0.615,0.935,6,"1000,1001,1002,1003,1004,1005",67800,200,True
even-palindrome,structural_features,accuracy,length,27600,0.7766666666666667,0.10192589900947102,0.625,0.96,6,"1000,1001,1002,1003,1004,1005",67800,200,True
even-palindrome,structural_features,accuracy,length,27800,0.7875,0.08091919838126593,0.705,0.93,6,"1000,1001,1002,1003,1004,1005",67800,200,True
even-palindrome,structural_features,accuracy,length,28000,0.7733333333333333,0.08183655798127279,0.66,0.915,6,"1000,1001,1002,1003,1004,1005",67800,200,True
even-palindrome,structural_features,accuracy,length,28200,0.7858333333333333,0.08772194074967156,0.685,0.96,6,"1000,1001,1002,1003,1004,1005",67800,200,True
even-palindrome,structural_features,accuracy,length,28400,0.8016666666666666,0.08329999333066533,0.695,0.95,6,"1000,1001,1002,1003,1004,1005",67800,200,True
even-palindrome,structural_features,accuracy,length,28600,0.81,0.06825198409814422,0.75,0.945,6,"1000,1001,1002,1003,1004,1005",67800,200,True
even-palindrome,structural_features,accuracy,length,28800,0.8141666666666666,0.08918224163039536,0.71,0.99,6,"1000,1001,1002,1003,1004,1005",67800,200,True
even-palindrome,structural_features,accuracy,length,29000,0.8175,0.07215434844830905,0.72,0.96,6,"1000,1001,1002,1003,1004,1005",67800,200,True
even-palindrome,structural_features,accuracy,length,29200,0.8383333333333335,0.06066758241067097,0.76,0.955,6,"1000,1001,1002,1003,1004,1005",67800,200,True
even-palindrome,structural_features,accuracy,length,29400,0.8275000000000001,0.06440432180115453,0.72,0.92,6,"1000,1001,1002,1003,1004,1005",67800,200,True
even-palindrome,structural_features,accuracy,length,29600,0.8291666666666666,0.07618052390356883,0.72,0.945,6,"1000,1001,1002,1003,1004,1005",67800,200,True
even-palindrome,structural_features,accuracy,length,29800,0.8325,0.08019507466172719,0.73,0.96,6,"1000,1001,1002,1003,1004,1005",67800,200,True
even-palindrome,structural_features,accuracy,length,30000,0.8566666666666668,0.06730940168769557,0.76,0.96,6,"1000,1001,1002,1003,1004,1005",67800,200,True
even-palindrome,structural_features,accuracy,length,30200,0.8249999999999998,0.08139410298049853,0.7,0.94,6,"1000,1001,1002,1003,1004,1005",67800,200,True
even-palindrome,structural_features,accuracy,length,30400,0.7908333333333334,0.10321565880341131,0.665,0.985,6,"1000,1001,1002,1003,1004,1005",67800,200,True
even-palindrome,structural_features,accuracy,length,30600,0.7833333333333333,0.09423669962151453,0.645,0.93,6,"1000,1001,1002,1003,1004,1005",67800,200,True
even-palindrome,structural_features,accuracy,length,30800,0.8033333333333333,0.09131751687868483,0.715,0.955,6,"1000,1001,1002,1003,1004,1005",67800,200,True
even-palindrome,structural_features,accuracy,length,31000,0.7858333333333333,0.09850620397833945,0.65,0.96,6,"1000,1001,1002,1003,1004,1005",67800,200,True
even-palindrome,structural_features,accuracy,length,31200,0.7758333333333334,0.09311358058247404,0.68,0.955,6,"1000,1001,1002,1003,1004,1005",67800,200,True
even-palindrome,structural_features,accuracy,length,31400,0.8133333333333334,0.07845734863959879,0.735,0.955,6,"1000,1001,1002,1003,1004,1005",67800,200,True
even-palindrome,structural_features,accuracy,length,31600,0.8033333333333333,0.08319989316232454,0.685,0.96,6,"1000,1001,1002,1003,1004,1005",67800,200,True
even-palindrome,structural_features,accuracy,length,31800,0.8108333333333334,0.0823314777118826,0.725,0.96,6,"1000,1001,1002,1003,1004,1005",67800,200,True
even-palindrome,structural_features,accuracy,length,32000,0.8316666666666667,0.07503702789660285,0.725,0.96,6,"1000,1001,1002,1003,1004,1005",67800,200,True
even-palindrome,structural_features,accuracy,length,32200,0.8291666666666667,0.07418539089485354,0.76,0.97,6,"1000,1001,1002,1003,1004,1005",67800,200,True
even-palindrome,structural_features,accuracy,length,32400,0.8175,0.0820441954071097,0.74,0.98,6,"1000,1001,1002,1003,1004,1005",67800,200,True
even-palindrome,structural_features,accuracy,length,32600,0.8125,0.08260094833999586,0.735,0.95,6,"1000,1001,1002,1003,1004,1005",67800,200,True
even-palindrome,structural_features,accuracy,length,32800,0.8383333333333334,0.07255266286559638,0.745,0.975,6,"1000,1001,1002,1003,1004,1005",67800,200,True
even-palindrome,structural_features,accuracy,length,33000,0.8458333333333333,0.08156881893359877,0.74,0.985,6,"1000,1001,1002,1003,1004,1005",67800,200,True
even-palindrome,structural_features,accuracy,length,33200,0.8583333333333334,0.07080881928749332,0.785,0.995,6,"1000,1001,1002,1003,1004,1005",67800,200,True
even-palindrome,structural_features,accuracy,length,33400,0.8391666666666667,0.07923681103011541,0.75,0.995,6,"1000,1001,1002,1003,1004,1005",67800,200,True
even-palindrome,structural_features,accuracy,length,33600,0.8475,0.07324331596352894,0.745,0.965,6,"1000,1001,1002,1003,1004,1005",67800,200,True
even-palindrome,structural_features,accuracy,length,33800,0.8616666666666667,0.06962199524735141,0.78,0.995,6,"1000,1001,1002,1003,1004,1005",67800,200,True
even-palindrome,structural_features,accuracy,length,34000,0.8483333333333333,0.06926198251726715,0.785,0.96,6,"1000,1001,1002,1003,1004,1005",67800,200,True
even-palindrome,structural_features,accuracy,length,34200,0.8550000000000001,0.06645800679125627,0.79,0.99,6,"1000,1001,1002,1003,1004,1005",67800,200,True
even-palindrome,structural_features,accuracy,length,34400,0.8424999999999999,0.07509715928937213,0.76,0.985,6,"1000,1001,1002,1003,1004,1005",67800,200,True
even-palindrome,structural_features,accuracy,length,34600,0.8433333333333334,0.06938219432166216,0.725,0.96,6,"1000,1001,1002,1003,1004,1005",67800,200,True
even-palindrome,structural_features,accuracy,length,34800,0.8424999999999999,0.0816879224039066,0.73,0.995,6,"1000,1001,1002,1003,1004,1005",67800,200,True
even-palindrome,structural_features,accuracy,length,35000,0.8383333333333334,0.06687467549246291,0.745,0.96,6,"1000,1001,1002,1003,1004,1005",67800,200,True
even-palindrome,structural_features,accuracy,length,35200,0.8825,0.07045979941309323,0.78,0.99,6,"1000,1001,1002,1003,1004,1005",67800,200,True
even-palindrome,structural_features,accuracy,length,35400,0.8933333333333332,0.04810289896553938,0.825,0.98,6,"1000,1001,1002,1003,1004,1005",67800,200,True
even-palindrome,structural_features,accuracy,length,35600,0.8808333333333334,0.05286907308520633,0.805,0.96,6,"1000,1001,1002,1003,1004,1005",67800,200,True
even-palindrome,structural_features,accuracy,length,35800,0.87,0.059651767227244266,0.795,0.975,6,"1000,1001,1002,1003,1004,1005",67800,200,True
even-palindrome,structural_features,accuracy,length,36000,0.8733333333333334,0.057638721552635296,0.815,0.975,6,"1000,1001,1002,1003,1004,1005",67800,200,True
even-palindrome,structural_features,accuracy,length,36200,0.8733333333333334,0.05927806414592912,0.8,0.985,6,"1000,1001,1002,1003,1004,1005",67800,200,True
even-palindrome,structural_features,accuracy,length,36400,0.8799999999999999,0.05909032633745278,0.81,0.99,6,"1000,1001,1002,1003,1004,1005",67800,200,True
even-palindrome,structural_features,accuracy,length,36600,0.8724999999999999,0.05907269532815762,0.815,0.97,6,"1000,1001,1002,1003,1004,1005",67800,200,True
even-palindrome,structural_features,accuracy,length,36800,0.8833333333333333,0.055427630494386315,0.825,0.985,6,"1000,1001,1002,1003,1004,1005",67800,200,True
even-palindrome,structural_features,accuracy,length,37000,0.8841666666666667,0.06476989183941015,0.79,0.985,6,"1000,1001,1002,1003,1004,1005",67800,200,True
even-palindrome,structural_features,accuracy,length,37200,0.8833333333333333,0.05312459150169743,0.815,0.985,6,"1000,1001,1002,1003,1004,1005",67800,200,True
even-palindrome,structural_features,accuracy,length,37400,0.9066666666666667,0.04740487551109297,0.85,0.99,6,"1000,1001,1002,1003,1004,1005",67800,200,True
even-palindrome,structural_features,accuracy,length,37600,0.8958333333333334,0.05747584033506793,0.805,0.98,6,"1000,1001,1002,1003,1004,1005",67800,200,True
even-palindrome,structural_features,accuracy,length,37800,0.8791666666666668,0.06948720905477654,0.78,0.97,6,"1000,1001,1002,1003,1004,1005",67800,200,True
even-palindrome,structural_features,accuracy,length,38000,0.8858333333333333,0.0634045652054242,0.8,0.98,6,"1000,1001,1002,1003,1004,1005",67800,200,True
even-palindrome,structural_features,accuracy,length,38200,0.8975000000000001,0.05822012824902857,0.82,0.995,6,"1000,1001,1002,1003,1004,1005",67800,200,True
even-palindrome,structural_features,accuracy,length,38400,0.8975,0.06349212549600146,0.81,0.985,6,"1000,1001,1002,1003,1004,1005",67800,200,True
even-palindrome,structural_features,accuracy,length,38600,0.9058333333333333,0.06604396683691519,0.795,0.985,6,"1000,1001,1002,1003,1004,1005",67800,200,True
even-palindrome,structural_features,accuracy,length,38800,0.8916666666666667,0.07289642576209679,0.785,0.995,6,"1000,1001,1002,1003,1004,1005",67800,200,True
even-palindrome,structural_features,accuracy,length,39000,0.9133333333333332,0.054594464513863995,0.845,0.995,6,"1000,1001,1002,1003,1004,1005",67800,200,True
even-palindrome,structural_features,accuracy,length,39200,0.9,0.0566421515598881,0.825,0.995,6,"1000,1001,1002,1003,1004,1005",67800,200,True
even-palindrome,structural_features,accuracy,length,39400,0.9116666666666667,0.055277079839256664,0.83,0.99,6,"1000,1001,1002,1003,1004,1005",67800,200,True
even-palindrome,structural_features,accuracy,length,39600,0.9050000000000001,0.05283622494715787,0.825,0.995,6,"1000,1001,1002,1003,1004,1005",67800,200,True
even-palindrome,structural_features,accuracy,length,39800,0.9175,0.04210601698886592,0.85,0.975,6,"1000,1001,1002,1003,1004,1005",67800,200,True
even-palindrome,structural_features,accuracy,length,40000,0.9274999999999999,0.03660031875999624,0.865,0.975,6,"1000,1001,1002,1003,1004,1005",67800,200,True
even-palindrome,structural_features,accuracy,length,40200,0.9150000000000001,0.05346338310781814,0.825,0.98,6,"1000,1001,1002,1003,1004,1005",67800,200,True
even-palindrome,structural_features,accuracy,length,40400,0.9083333333333332,0.05878397362849464,0.81,0.99,6,"1000,1001,1002,1003,1004,1005",67800,200,True
even-palindrome,structural_features,accuracy,length,40600,0.9366666666666666,0.03670452590924205,0.885,0.985,6,"1000,1001,1002,1003,1004,1005",67800,200,True
even-palindrome,structural_features,accuracy,length,40800,0.9341666666666667,0.02921424690493015,0.895,0.98,6,"1000,1001,1002,1003,1004,1005",67800,200,True
even-palindrome,structural_features,accuracy,length,41000,0.8975,0.08639782018855183,0.73,1.0,6,"1000,1001,1002,1003,1004,1005",67800,200,True
even-palindrome,structural_features,accuracy,length,41200,0.8916666666666667,0.1045094360439392,0.685,0.995,6,"1000,1001,1002,1003,1004,1005",67800,200,True
even-palindrome,structural_features,accuracy,length,41400,0.9241666666666667,0.04894015620008674,0.865,0.985,6,"1000,1001,1002,1003,1004,1005",67800,200,True
even-palindrome,structural_features,accuracy,length,41600,0.9374999999999999,0.043373378932243675,0.88,1.0,6,"1000,1001,1002,1003,1004,1005",67800,200,True
even-palindrome,structural_features,accuracy,length,41800,0.9275000000000001,0.053832301331697384,0.82,0.99,6,"1000,1001,1002,1003,1004,1005",67800,200,True
even-palindrome,structural_features,accuracy,length,42000,0.9441666666666668,0.03359274061791061,0.895,0.99,6,"1000,1001,1002,1003,1004,1005",67800,200,True
even-palindrome,structural_features,accuracy,length,42200,0.9375,0.0264181124735789,0.905,0.97,6,"1000,1001,1002,1003,1004,1005",67800,200,True
even-palindrome,structural_features,accuracy,length,42400,0.9349999999999999,0.044440972086577935,0.865,0.995,6,"1000,1001,1002,1003,1004,1005",67800,200,True
even-palindrome,structural_features,accuracy,length,42600,0.9458333333333334,0.04631564410530084,0.87,0.99,6,"1000,1001,1002,1003,1004,1005",67800,200,True
even-palindrome,structural_features,accuracy,length,42800,0.9308333333333333,0.050366710787538585,0.845,0.995,6,"1000,1001,1002,1003,1004,1005",67800,200,True
even-palindrome,structural_features,accuracy,length,43000,0.945,0.03617089069035116,0.89,1.0,6,"1000,1001,1002,1003,1004,1005",67800,200,True
even-palindrome,structural_features,accuracy,length,43200,0.9125000000000001,0.07893826701923472,0.745,0.98,6,"1000,1001,1002,1003,1004,1005",67800,200,True
even-palindrome,structural_features,accuracy,length,43400,0.9258333333333334,0.05608153786130413,0.825,0.985,6,"1000,1001,1002,1003,1004,1005",67800,200,True
even-palindrome,structural_features,accuracy,length,43600,0.9358333333333334,0.040969161844272836,0.875,0.98,6,"1000,1001,1002,1003,1004,1005",67800,200,True
even-palindrome,structural_features,accuracy,length,43800,0.9366666666666669,0.037043517951488095,0.895,0.98,6,"1000,1001,1002,1003,1004,1005",67800,200,True
even-palindrome,structural_features,accuracy,length,44000,0.9408333333333334,0.0432451024844304,0.87,0.99,6,"1000,1001,1002,1003,1004,1005",67800,200,True
even-palindrome,structural_features,accuracy,length,44200,0.93,0.04183300132670376,0.87,0.985,6,"1000,1001,1002,1003,1004,1005",67800,200,True
even-palindrome,structural_features,accuracy,length,44400,0.9466666666666667,0.03771236166328252,0.885,0.99,6,"1000,1001,1002,1003,1004,1005",67800,200,True
even-palindrome,structural_features,accuracy,length,44600,0.9383333333333335,0.04179978734661484,0.87,0.995,6,"1000,1001,1002,1003,1004,1005",67800,200,True
even-palindrome,structural_features,accuracy,length,44800,0.9399999999999998,0.06422616289332563,0.8,0.985,6,"1000,1001,1002,1003,1004,1005",67800,200,True
even-palindrome,structural_features,accuracy,length,45000,0.9383333333333334,0.05343739847293799,0.835,1.0,6,"1000,1001,1002,1003,1004,1005",67800,200,True
even-palindrome,structural_features,accuracy,length,45200,0.9458333333333333,0.05126862805090674,0.845,0.99,6,"1000,1001,1002,1003,1004,1005",67800,200,True
even-palindrome,structural_features,accuracy,length,45400,0.9533333333333335,0.0402768199119819,0.88,1.0,6,"1000,1001,1002,1003,1004,1005",67800,200,True
even-palindrome,structural_features,accuracy,length,45600,0.9525,0.04607511982259694,0.875,1.0,6,"1000,1001,1002,1003,1004,1005",67800,200,True
even-palindrome,structural_features,accuracy,length,45800,0.9616666666666668,0.031710495984067395,0.915,0.995,6,"1000,1001,1002,1003,1004,1005",67800,200,True
even-palindrome,structural_features,accuracy,length,46000,0.9575,0.030103986446980716,0.915,0.995,6,"1000,1001,1002,1003,1004,1005",67800,200,True
even-palindrome,structural_features,accuracy,length,46200,0.955,0.032914029430219156,0.89,0.99,6,"1000,1001,1002,1003,1004,1005",67800,200,True
even-palindrome,structural_features,accuracy,length,46400,0.9533333333333335,0.036930866343600544,0.9,0.995,6,"1000,1001,1002,1003,1004,1005",67800,200,True
even-palindrome,structural_features,accuracy,length,46600,0.9458333333333333,0.055483981672391026,0.83,0.995,6,"1000,1001,1002,1003,1004,1005",67800,200,True
even-palindrome,structural_features,accuracy,length,46800,0.9441666666666667,0.03746294465498169,0.895,1.0,6,"1000,1001,1002,1003,1004,1005",67800,200,True
even-palindrome,structural_features,accuracy,length,47000,0.9525,0.042401847444028494,0.87,1.0,6,"1000,1001,1002,1003,1004,1005",67800,200,True
even-palindrome,structural_features,accuracy,length,47200,0.9583333333333334,0.038908725099762495,0.895,0.995,6,"1000,1001,1002,1003,1004,1005",67800,200,True
even-palindrome,structural_features,accuracy,length,47400,0.9641666666666667,0.021098314835286923,0.925,0.99,6,"1000,1001,1002,1003,1004,1005",67800,200,True
even-palindrome,structural_features,accuracy,length,47600,0.9608333333333333,0.029071272570854012,0.915,1.0,6,"1000,1001,1002,1003,1004,1005",67800,200,True
even-palindrome,structural_features,accuracy,length,47800,0.9708333333333332,0.02667968432263686,0.925,1.0,6,"1000,1001,1002,1003,1004,1005",67800,200,True
even-palindrome,structural_features,accuracy,length,48000,0.9608333333333333,0.023877581303157328,0.92,0.985,6,"1000,1001,1002,1003,1004,1005",67800,200,True
even-palindrome,structural_features,accuracy,length,48200,0.9666666666666667,0.030776975521032306,0.91,1.0,6,"1000,1001,1002,1003,1004,1005",67800,200,True
even-palindrome,structural_features,accuracy,length,48400,0.9491666666666666,0.021294887231967707,0.92,0.98,6,"1000,1001,1002,1003,1004,1005",67800,200,True
even-palindrome,structural_features,accuracy,length,48600,0.9624999999999999,0.027195281453467845,0.925,0.995,6,"1000,1001,1002,1003,1004,1005",67800,200,True
even-palindrome,structural_features,accuracy,length,48800,0.9550000000000001,0.028284271247461898,0.905,1.0,6,"1000,1001,1002,1003,1004,1005",67800,200,True
even-palindrome,structural_features,accuracy,length,49000,0.9658333333333333,0.02539958442354694,0.92,0.995,6,"1000,1001,1002,1003,1004,1005",67800,200,True
even-palindrome,structural_features,accuracy,length,49200,0.9391666666666666,0.04842663408589213,0.84,0.98,6,"1000,1001,1002,1003,1004,1005",67800,200,True
even-palindrome,structural_features,accuracy,length,49400,0.9533333333333333,0.04749268949591668,0.86,0.995,6,"1000,1001,1002,1003,1004,1005",67800,200,True
even-palindrome,structural_features,accuracy,length,49600,0.9533333333333333,0.022484562605386706,0.93,0.99,6,"1000,1001,1002,1003,1004,1005",67800,200,True
even-palindrome,structural_features,accuracy,length,49800,0.9641666666666667,0.03701538719085467,0.905,1.0,6,"1000,1001,1002,1003,1004,1005",67800,200,True
even-palindrome,structural_features,accuracy,length,50000,0.965,0.02901149197588199,0.92,0.995,6,"1000,1001,1002,1003,1004,1005",67800,200,True
even-palindrome,structural_features,accuracy,length,50200,0.9583333333333335,0.04307615994440027,0.895,0.99,6,"1000,1001,1002,1003,1004,1005",67800,200,True
even-palindrome,structural_features,accuracy,length,50400,0.9758333333333332,0.018577914008006645,0.945,1.0,6,"1000,1001,1002,1003,1004,1005",67800,200,True
even-palindrome,structural_features,accuracy,length,50600,0.9575,0.02462214450449023,0.93,0.99,6,"1000,1001,1002,1003,1004,1005",67800,200,True
even-palindrome,structural_features,accuracy,length,50800,0.965,0.032659863237109024,0.92,1.0,6,"1000,1001,1002,1003,1004,1005",67800,200,True
even-palindrome,structural_features,accuracy,length,51000,0.9758333333333334,0.024395468613840766,0.945,1.0,6,"1000,1001,1002,1003,1004,1005",67800,200,True
even-palindrome,structural_features,accuracy,length,51200,0.9658333333333334,0.03408526889369591,0.905,1.0,6,"1000,1001,1002,1003,1004,1005",67800,200,True
even-palindrome,structural_features,accuracy,length,51400,0.9725,0.0280995255001456,0.92,0.995,6,"1000,1001,1002,1003,1004,1005",67800,200,True
even-palindrome,structural_features,accuracy,length,51600,0.955,0.039791121287711055,0.89,0.99,6,"1000,1001,1002,1003,1004,1005",67800,200,True
even-palindrome,structural_features,accuracy,length,51800,0.9666666666666668,0.026246692913372675,0.93,0.99,6,"1000,1001,1002,1003,1004,1005",67800,200,True
even-palindrome,structural_features,accuracy,length,52000,0.9650000000000002,0.024664414311581236,0.93,0.995,6,"1000,1001,1002,1003,1004,1005",67800,200,True
even-palindrome,structural_features,accuracy,length,52200,0.9700000000000001,0.019364916731037102,0.95,1.0,6,"1000,1001,1002,1003,1004,1005",67800,200,True
even-palindrome,structural_features,accuracy,length,52400,0.9725000000000001,0.02765110003839509,0.925,1.0,6,"1000,1001,1002,1003,1004,1005",67800,200,True
even-palindrome,structural_features,accuracy,length,52600,0.9641666666666667,0.01812380264244294,0.935,0.99,6,"1000,1001,1002,1003,1004,1005",67800,200,True
even-palindrome,structural_features,accuracy,length,52800,0.9650000000000002,0.024152294576982376,0.935,1.0,6,"1000,1001,1002,1003,1004,1005",67800,200,True
even-palindrome,structural_features,accuracy,length,53000,0.9775,0.020155644370746392,0.945,1.0,6,"1000,1001,1002,1003,1004,1005",67800,200,True
even-palindrome,structural_features,accuracy,length,53200,0.9633333333333333,0.028528737947706138,0.905,1.0,6,"1000,1001,1002,1003,1004,1005",67800,200,True
even-palindrome,structural_features,accuracy,length,53400,0.9658333333333333,0.026365486699260608,0.91,0.985,6,"1000,1001,1002,1003,1004,1005",67800,200,True
even-palindrome,structural_features,accuracy,length,53600,0.965,0.035472994422987916,0.905,0.995,6,"1000,1001,1002,1003,1004,1005",67800,200,True
even-palindrome,structural_features,accuracy,length,53800,0.9691666666666666,0.03920211162113025,0.885,1.0,6,"1000,1001,1002,1003,1004,1005",67800,200,True
even-palindrome,structural_features,accuracy,length,54000,0.9708333333333333,0.01835226295462105,0.94,1.0,6,"1000,1001,1002,1003,1004,1005",67800,200,True
even-palindrome,structural_features,accuracy,length,54200,0.9666666666666667,0.02374634474795833,0.92,0.99,6,"1000,1001,1002,1003,1004,1005",67800,200,True
even-palindrome,structural_features,accuracy,length,54400,0.9641666666666667,0.032328607902118014,0.915,0.995,6,"1000,1001,1002,1003,1004,1005",67800,200,True
even-palindrome,structural_features,accuracy,length,54600,0.9666666666666668,0.021538079972200135,0.935,1.0,6,"1000,1001,1002,1003,1004,1005",67800,200,True
even-palindrome,structural_features,accuracy,length,54800,0.9708333333333333,0.026990224567836067,0.92,0.995,6,"1000,1001,1002,1003,1004,1005",67800,200,True
even-palindrome,structural_features,accuracy,length,55000,0.9766666666666667,0.021538079972200162,0.945,1.0,6,"1000,1001,1002,1003,1004,1005",67800,200,True
even-palindrome,structural_features,accuracy,length,55200,0.9775,0.020361319538117713,0.945,1.0,6,"1000,1001,1002,1003,1004,1005",67800,200,True
even-palindrome,structural_features,accuracy,length,55400,0.975,0.027386127875258293,0.92,1.0,6,"1000,1001,1002,1003,1004,1005",67800,200,True
even-palindrome,structural_features,accuracy,length,55600,0.9725,0.016266017746619295,0.945,0.995,6,"1000,1001,1002,1003,1004,1005",67800,200,True
even-palindrome,structural_features,accuracy,length,55800,0.9683333333333334,0.021538079972200162,0.94,0.995,6,"1000,1001,1002,1003,1004,1005",67800,200,True
even-palindrome,structural_features,accuracy,length,56000,0.9700000000000001,0.022912878474779224,0.94,1.0,6,"1000,1001,1002,1003,1004,1005",67800,200,True
even-palindrome,structural_features,accuracy,length,56200,0.9766666666666666,0.022852182001336832,0.94,1.0,6,"1000,1001,1002,1003,1004,1005",67800,200,True
even-palindrome,structural_features,accuracy,length,56400,0.9683333333333333,0.031180478223116172,0.91,1.0,6,"1000,1001,1002,1003,1004,1005",67800,200,True
even-palindrome,structural_features,accuracy,length,56600,0.9708333333333335,0.025725581734055217,0.935,1.0,6,"1000,1001,1002,1003,1004,1005",67800,200,True
even-palindrome,structural_features,accuracy,length,56800,0.9649999999999999,0.025658007197234396,0.925,0.99,6,"1000,1001,1002,1003,1004,1005",67800,200,True
even-palindrome,structural_features,accuracy,length,57000,0.9766666666666667,0.021343747458109515,0.95,1.0,6,"1000,1001,1002,1003,1004,1005",67800,200,True
even-palindrome,structural_features,accuracy,length,57200,0.975,0.026299556396765827,0.935,1.0,6,"1000,1001,1002,1003,1004,1005",67800,200,True
even-palindrome,structural_features,accuracy,length,57400,0.9775,0.022867371223353763,0.945,1.0,6,"1000,1001,1002,1003,1004,1005",67800,200,True
even-palindrome,structural_features,accuracy,length,57600,0.9641666666666667,0.01538848776051617,0.95,0.99,6,"1000,1001,1002,1003,1004,1005",67800,200,True
even-palindrome,structural_features,accuracy,length,57800,0.9666666666666667,0.024267032964268378,0.915,0.99,6,"1000,1001,1002,1003,1004,1005",67800,200,True
even-palindrome,structural_features,accuracy,length,58000,0.9774999999999999,0.017500000000000016,0.95,0.995,6,"1000,1001,1002,1003,1004,1005",67800,200,True
even-palindrome,structural_features,accuracy,length,58200,0.9733333333333333,0.013743685418725548,0.96,1.0,6,"1000,1001,1002,1003,1004,1005",67800,200,True
even-palindrome,structural_features,accuracy,length,58400,0.9766666666666667,0.019720265943665403,0.95,1.0,6,"1000,1001,1002,1003,1004,1005",67800,200,True
even-palindrome,structural_features,accuracy,length,58600,0.9775,0.015478479684172273,0.95,0.995,6,"1000,1001,1002,1003,1004,1005",67800,200,True
even-palindrome,structural_features,accuracy,length,58800,0.9733333333333333,0.021730674684008848,0.945,1.0,6,"1000,1001,1002,1003,1004,1005",67800,200,True
even-palindrome,structural_features,accuracy,length,59000,0.9674999999999999,0.030788255336518584,0.92,1.0,6,"1000,1001,1002,1003,1004,1005",67800,200,True
even-palindrome,structural_features,accuracy,length,59200,0.9700000000000001,0.03041381265149107,0.92,0.995,6,"1000,1001,1002,1003,1004,1005",67800,200,True
even-palindrome,structural_features,accuracy,length,59400,0.9766666666666667,0.02443813049769195,0.925,1.0,6,"1000,1001,1002,1003,1004,1005",67800,200,True
even-palindrome,structural_features,accuracy,length,59600,0.9775,0.019737865470545037,0.955,1.0,6,"1000,1001,1002,1003,1004,1005",67800,200,True
even-palindrome,structural_features,accuracy,length,59800,0.9766666666666667,0.02511086528886559,0.925,1.0,6,"1000,1001,1002,1003,1004,1005",67800,200,True
even-palindrome,structural_features,accuracy,length,60000,0.9750000000000001,0.025658007197234416,0.935,1.0,6,"1000,1001,1002,1003,1004,1005",67800,200,True
even-palindrome,structural_features,accuracy,length,60200,0.9716666666666667,0.03157882553582734,0.92,0.995,6,"1000,1001,1002,1003,1004,1005",67800,200,True
even-palindrome,structural_features,accuracy,length,60400,0.9700000000000001,0.024494897427831803,0.94,1.0,6,"1000,1001,1002,1003,1004,1005",67800,200,True
even-palindrome,structural_features,accuracy,length,60600,0.9758333333333334,0.03383990084041158,0.905,1.0,6,"1000,1001,1002,1003,1004,1005",67800,200,True
even-palindrome,structural_features,accuracy,length,60800,0.9800000000000001,0.02362907813126306,0.945,1.0,6,"1000,1001,1002,1003,1004,1005",67800,200,True
even-palindrome,structural_features,accuracy,length,61000,0.9741666666666667,0.02069957058062372,0.94,1.0,6,"1000,1001,1002,1003,1004,1005",67800,200,True
even-palindrome,structural_features,accuracy,length,61200,0.9799999999999999,0.021794494717703387,0.94,1.0,6,"1000,1001,1002,1003,1004,1005",67800,200,True
even-palindrome,structural_features,accuracy,length,61400,0.9766666666666666,0.029953667926019042,0.92,1.0,6,"1000,1001,1002,1003,1004,1005",67800,200,True
even-palindrome,structural_features,accuracy,length,61600,0.9733333333333333,0.02544056253745627,0.94,1.0,6,"1000,1001,1002,1003,1004,1005",67800,200,True
even-palindrome,structural_features,accuracy,length,61800,0.9683333333333334,0.02443813049769196,0.93,1.0,6,"1000,1001,1002,1003,1004,1005",67800,200,True
even-palindrome,structural_features,accuracy,length,62000,0.9758333333333332,0.010573814617041277,0.96,0.99,6,"1000,1001,1002,1003,1004,1005",67800,200,True
even-palindrome,structural_features,accuracy,length,62200,0.9774999999999999,0.026259918760981202,0.925,1.0,6,"1000,1001,1002,1003,1004,1005",67800,200,True
even-palindrome,structural_features,accuracy,length,62400,0.965,0.025980762113533153,0.92,0.995,6,"1000,1001,1002,1003,1004,1005",67800,200,True
even-palindrome,structural_features,accuracy,length,62600,0.9691666666666667,0.02878319339861755,0.925,1.0,6,"1000,1001,1002,1003,1004,1005",67800,200,True
even-palindrome,structural_features,accuracy,length,62800,0.9824999999999999,0.019947848672643057,0.94,1.0,6,"1000,1001,1002,1003,1004,1005",67800,200,True
even-palindrome,structural_features,accuracy,length,63000,0.9641666666666667,0.03667613514110896,0.9,1.0,6,"1000,1001,1002,1003,1004,1005",67800,200,True
even-palindrome,structural_features,accuracy,length,63200,0.9841666666666667,0.017420454133639074,0.95,1.0,6,"1000,1001,1002,1003,1004,1005",67800,200,True
even-palindrome,structural_features,accuracy,length,63400,0.9725,0.02358495283014149,0.925,0.99,6,"1000,1001,1002,1003,1004,1005",67800,200,True
even-palindrome,structural_features,accuracy,length,63600,0.9783333333333332,0.017480147469502542,0.945,1.0,6,"1000,1001,1002,1003,1004,1005",67800,200,True
even-palindrome,structural_features,accuracy,length,63800,0.9816666666666666,0.028087165910587845,0.92,1.0,6,"1000,1001,1002,1003,1004,1005",67800,200,True
even-palindrome,structural_features,accuracy,length,64000,0.9758333333333334,0.01538848776051617,0.945,0.995,6,"1000,1001,1002,1003,1004,1005",67800,200,True
even-palindrome,structural_features,accuracy,length,64200,0.9891666666666666,0.010573814617041277,0.975,1.0,6,"1000,1001,1002,1003,1004,1005",67800,200,True
even-palindrome,structural_features,accuracy,length,64400,0.9766666666666667,0.027938424357067004,0.92,1.0,6,"1000,1001,1002,1003,1004,1005",67800,200,True
even-palindrome,structural_features,accuracy,length,64600,0.9775,0.029545163168726383,0.915,1.0,6,"1000,1001,1002,1003,1004,1005",67800,200,True
even-palindrome,structural_features,accuracy,length,64800,0.9700000000000001,0.034880749227427246,0.9,1.0,6,"1000,1001,1002,1003,1004,1005",67800,200,True
even-palindrome,structural_features,accuracy,length,65000,0.985,0.020000000000000018,0.95,1.0,6,"1000,1001,1002,1003,1004,1005",67800,200,True
even-palindrome,structural_features,accuracy,length,65200,0.9816666666666668,0.02094967514996091,0.94,1.0,6,"1000,1001,1002,1003,1004,1005",67800,200,True
even-palindrome,structural_features,accuracy,length,65400,0.9791666666666666,0.016180406532456344,0.95,0.995,6,"1000,1001,1002,1003,1004,1005",67800,200,True
even-palindrome,structural_features,accuracy,length,65600,0.9741666666666667,0.026679684322636867,0.935,1.0,6,"1000,1001,1002,1003,1004,1005",67800,200,True
even-palindrome,structural_features,accuracy,length,65800,0.9883333333333333,0.015456030825826186,0.96,1.0,6,"1000,1001,1002,1003,1004,1005",67800,200,True
even-palindrome,structural_features,accuracy,length,66000,0.9833333333333334,0.01462494064565355,0.955,0.995,6,"1000,1001,1002,1003,1004,1005",67800,200,True
even-palindrome,structural_features,accuracy,length,66200,0.9858333333333333,0.012720281268728135,0.965,1.0,6,"1000,1001,1002,1003,1004,1005",67800,200,True
even-palindrome,structural_features,accuracy,length,66400,0.9858333333333333,0.01538848776051617,0.955,1.0,6,"1000,1001,1002,1003,1004,1005",67800,200,True
even-palindrome,structural_features,accuracy,length,66600,0.9800000000000001,0.019790570145063212,0.95,1.0,6,"1000,1001,1002,1003,1004,1005",67800,200,True
even-palindrome,structural_features,accuracy,length,66800,0.9833333333333334,0.014624940645653551,0.965,1.0,6,"1000,1001,1002,1003,1004,1005",67800,200,True
even-palindrome,structural_features,accuracy,length,67000,0.9766666666666666,0.024944382578492925,0.925,1.0,6,"1000,1001,1002,1003,1004,1005",67800,200,True
even-palindrome,structural_features,accuracy,length,67200,0.9816666666666666,0.030368111930480984,0.915,1.0,6,"1000,1001,1002,1003,1004,1005",67800,200,True
even-palindrome,structural_features,accuracy,length,67400,0.9716666666666667,0.03922867431979939,0.885,1.0,6,"1000,1001,1002,1003,1004,1005",67800,200,True
even-palindrome,structural_features,accuracy,length,67600,0.9816666666666668,0.02153807997220012,0.935,0.995,6,"1000,1001,1002,1003,1004,1005",67800,200,True
even-palindrome,structural_features,accuracy,length,67800,0.9808333333333333,0.02089989367330744,0.945,1.0,6,"1000,1001,1002,1003,1004,1005",67800,200,True
even-palindrome,structural_features,accuracy,position,200,0.4741666666666666,0.03167762968124703,0.43,0.515,6,"1000,1001,1002,1003,1004,1005",67800,200,True
even-palindrome,structural_features,accuracy,position,400,0.49333333333333335,0.026874192494328514,0.46,0.535,6,"1000,1001,1002,1003,1004,1005",67800,200,True
even-palindrome,structural_features,accuracy,position,600,0.4716666666666667,0.025440562537456243,0.45,0.52,6,"1000,1001,1002,1003,1004,1005",67800,200,True
even-palindrome,structural_features,accuracy,position,800,0.49666666666666676,0.026562295750848723,0.455,0.535,6,"1000,1001,1002,1003,1004,1005",67800,200,True
even-palindrome,structural_features,accuracy,position,1000,0.5,0.046278144589716096,0.43,0.555,6,"1000,1001,1002,1003,1004,1005",67800,200,True
even-palindrome,structural_features,accuracy,position,1200,0.5375,0.03461093276215864,0.49,0.6,6,"1000,1001,1002,1003,1004,1005",67800,200,True
even-palindrome,structural_features,accuracy,position,1400,0.5183333333333332,0.026562295750848702,0.485,0.565,6,"1000,1001,1002,1003,1004,1005",67800,200,True
even-palindrome,structural_features,accuracy,position,1600,0.5408333333333334,0.04157489894422139,0.465,0.59,6,"1000,1001,1002,1003,1004,1005",67800,200,True
even-palindrome,structural_features,accuracy,position,1800,0.5650000000000001,0.031091263510296036,0.525,0.625,6,"1000,1001,1002,1003,1004,1005",67800,200,True
even-palindrome,structural_features,accuracy,position,2000,0.5399999999999999,0.018257418583505554,0.51,0.56,6,"1000,1001,1002,1003,1004,1005",67800,200,True
even-palindrome,structural_features,accuracy,position,2200,0.5499999999999999,0.02929732638541155,0.515,0.59,6,"1000,1001,1002,1003,1004,1005",67800,200,True
even-palindrome,structural_features,accuracy,position,2400,0.5666666666666667,0.03184162195757132,0.54,0.63,6,"1000,1001,1002,1003,1004,1005",67800,200,True
even-palindrome,structural_features,accuracy,position,2600,0.5375000000000001,0.03625718319634515,0.495,0.61,6,"1000,1001,1002,1003,1004,1005",67800,200,True
even-palindrome,structural_features,accuracy,position,2800,0.5624999999999999,0.02212653007891957,0.515,0.585,6,"1000,1001,1002,1003,1004,1005",67800,200,True
even-palindrome,structural_features,accuracy,position,3000,0.5791666666666667,0.0325853579933619,0.535,0.63,6,"1000,1001,1002,1003,1004,1005",67800,200,True
even-palindrome,structural_features,accuracy,position,3200,0.6058333333333333,0.03790521805181386,0.545,0.65,6,"1000,1001,1002,1003,1004,1005",67800,200,True
even-palindrome,structural_features,accuracy,position,3400,0.5716666666666667,0.035197853469904776,0.52,0.605,6,"1000,1001,1002,1003,1004,1005",67800,200,True
even-palindrome,structural_features,accuracy,position,3600,0.5708333333333333,0.0502839161384853,0.49,0.63,6,"1000,1001,1002,1003,1004,1005",67800,200,True
even-palindrome,structural_features,accuracy,position,3800,0.5441666666666666,0.022988523706889516,0.515,0.57,6,"1000,1001,1002,1003,1004,1005",67800,200,True
even-palindrome,structural_features,accuracy,position,4000,0.5758333333333333,0.02334820954353648,0.545,0.62,6,"1000,1001,1002,1003,1004,1005",67800,200,True
even-palindrome,structural_features,accuracy,position,4200,0.5741666666666666,0.037015387190854676,0.53,0.64,6,"1000,1001,1002,1003,1004,1005",67800,200,True
even-palindrome,structural_features,accuracy,position,4400,0.5858333333333333,0.034810997623675705,0.555,0.655,6,"1000,1001,1002,1003,1004,1005",67800,200,True
even-palindrome,structural_features,accuracy,position,4600,0.5824999999999999,0.0361420807370024,0.525,0.635,6,"1000,1001,1002,1003,1004,1005",67800,200,True
even-palindrome,structural_features,accuracy,position,4800,0.5983333333333334,0.039334745737353155,0.525,0.64,6,"1000,1001,1002,1003,1004,1005",67800,200,True
even-palindrome,structural_features,accuracy,position,5000,0.5833333333333334,0.03624760528488591,0.52,0.635,6,"1000,1001,1002,1003,1004,1005",67800,200,True
even-palindrome,structural_features,accuracy,position,5200,0.5833333333333334,0.04714045207910319,0.525,0.68,6,"1000,1001,1002,1003,1004,1005",67800,200,True
even-palindrome,structural_features,accuracy,position,5400,0.5675,0.042006943870428526,0.51,0.63,6,"1000,1001,1002,1003,1004,1005",67800,200,True
even-palindrome,structural_features,accuracy,position,5600,0.565,0.03989569734528608,0.515,0.645,6,"1000,1001,1002,1003,1004,1005",67800,200,True
even-palindrome,structural_features,accuracy,position,5800,0.6075,0.04534589286804263,0.55,0.67,6,"1000,1001,1002,1003,1004,1005",67800,200,True
even-palindrome,structural_features,accuracy,position,6000,0.595,0.030686587732536644,0.565,0.645,6,"1000,1001,1002,1003,1004,1005",67800,200,True
even-palindrome,structural_features,accuracy,position,6200,0.6050000000000001,0.03304037933599834,0.545,0.64,6,"1000,1001,1002,1003,1004,1005",67800,200,True
even-palindrome,structural_features,accuracy,position,6400,0.5941666666666666,0.03855911767086426,0.545,0.655,6,"1000,1001,1002,1003,1004,1005",67800,200,True
even-palindrome,structural_features,accuracy,position,6600,0.6008333333333334,0.020292992769809847,0.56,0.615,6,"1000,1001,1002,1003,1004,1005",67800,200,True
even-palindrome,structural_features,accuracy,position,6800,0.595,0.026299556396765858,0.565,0.63,6,"1000,1001,1002,1003,1004,1005",67800,200,True
even-palindrome,structural_features,accuracy,position,7000,0.6083333333333334,0.01907587190376601,0.575,0.635,6,"1000,1001,1002,1003,1004,1005",67800,200,True
even-palindrome,structural_features,accuracy,position,7200,0.5933333333333333,0.0291070819942883,0.55,0.63,6,"1000,1001,1002,1003,1004,1005",67800,200,True
even-palindrome,structural_features,accuracy,position,7400,0.5941666666666666,0.04266308578723402,0.52,0.65,6,"1000,1001,1002,1003,1004,1005",67800,200,True
even-palindrome,structural_features,accuracy,position,7600,0.6183333333333333,0.040380138131952396,0.55,0.665,6,"1000,1001,1002,1003,1004,1005",67800,200,True
even-palindrome,structural_features,accuracy,position,7800,0.6124999999999999,0.030103986446980768,0.58,0.665,6,"1000,1001,1002,1003,1004,1005",67800,200,True
even-palindrome,structural_features,accuracy,position,8000,0.6158333333333333,0.010573814617041277,0.595,0.63,6,"1000,1001,1002,1003,1004,1005",67800,200,True
even-palindrome,structural_features,accuracy,position,8200,0.605,0.04983305462575349,0.53,0.695,6,"1000,1001,1002,1003,1004,1005",67800,200,True
even-palindrome,structural_features,accuracy,position,8400,0.6333333333333333,0.0466071048470319,0.57,0.69,6,"1000,1001,1002,1003,1004,1005",67800,200,True
even-palindrome,structural_features,accuracy,position,8600,0.6308333333333334,0.03866702586040064,0.575,0.685,6,"1000,1001,1002,1003,1004,1005",67800,200,True
even-palindrome,structural_features,accuracy,position,8800,0.6091666666666667,0.03866702586040061,0.55,0.675,6,"1000,1001,1002,1003,1004,1005",67800,200,True
even-palindrome,structural_features,accuracy,position,9000,0.6266666666666666,0.04827582785986747,0.565,0.72,6,"1000,1001,1002,1003,1004,1005",67800,200,True
even-palindrome,structural_features,accuracy,position,9200,0.6366666666666667,0.056248456768954035,0.58,0.745,6,"1000,1001,1002,1003,1004,1005",67800,200,True
even-palindrome,structural_features,accuracy,position,9400,0.6233333333333333,0.052730973398521244,0.545,0.71,6,"1000,1001,1002,1003,1004,1005",67800,200,True
even-palindrome,structural_features,accuracy,position,9600,0.6066666666666666,0.014907119849998611,0.59,0.635,6,"1000,1001,1002,1003,1004,1005",67800,200,True
even-palindrome,structural_features,accuracy,position,9800,0.6133333333333334,0.040069384267237704,0.56,0.675,6,"1000,1001,1002,1003,1004,1005",67800,200,True
even-palindrome,structural_features,accuracy,position,10000,0.6375000000000001,0.028394541729001393,0.6,0.685,6,"1000,1001,1002,1003,1004,1005",67800,200,True
even-palindrome,structural_features,accuracy,position,10200,0.6466666666666666,0.05587684871413405,0.575,0.74,6,"1000,1001,1002,1003,1004,1005",67800,200,True
even-palindrome,structural_features,accuracy,position,10400,0.63,0.02661453237111888,0.6,0.675,6,"1000,1001,1002,1003,1004,1005",67800,200,True
even-palindrome,structural_features,accuracy,position,10600,0.6433333333333334,0.036817870057290876,0.595,0.71,6,"1000,1001,1002,1003,1004,1005",67800,200,True
even-palindrome,structural_features,accuracy,position,10800,0.655,0.023273733406281555,0.625,0.7,6,"1000,1001,1002,1003,1004,1005",67800,200,True
even-palindrome,structural_features,accuracy,position,11000,0.6441666666666667,0.03296673407475414,0.595,0.695,6,"1000,1001,1002,1003,1004,1005",67800,200,True
even-palindrome,structural_features,accuracy,position,11200,0.6475000000000001,0.03602661053536218,0.57,0.68,6,"1000,1001,1002,1003,1004,1005",67800,200,True
even-palindrome,structural_features,accuracy,position,11400,0.6541666666666667,0.04911013699385856,0.59,0.73,6,"1000,1001,1002,1003,1004,1005",67800,200,True
even-palindrome,structural_features,accuracy,position,11600,0.6608333333333334,0.04266308578723402,0.62,0.75,6,"1000,1001,1002,1003,1004,1005",67800,200,True
even-palindrome,structural_features,accuracy,position,11800,0.6583333333333333,0.042097769801050296,0.62,0.74,6,"1000,1001,1002,1003,1004,1005",67800,200,True
even-palindrome,structural_features,accuracy,position,12000,0.6675,0.07782191208136692,0.58,0.805,6,"1000,1001,1002,1003,1004,1005",67800,200,True
even-palindrome,structural_features,accuracy,position,12200,0.6833333333333332,0.03507927529974863,0.63,0.73,6,"1000,1001,1002,1003,1004,1005",67800,200,True
even-palindrome,structural_features,accuracy,position,12400,0.6758333333333333,0.06710791475096081,0.585,0.76,6,"1000,1001,1002,1003,1004,1005",67800,200,True
even-palindrome,structural_features,accuracy,position,12600,0.6425,0.05121441854269818,0.59,0.75,6,"1000,1001,1002,1003,1004,1005",67800,200,True
even-palindrome,structural_features,accuracy,position,12800,0.6616666666666666,0.04478342947514802,0.59,0.74,6,"1000,1001,1002,1003,1004,1005",67800,200,True
even-palindrome,structural_features,accuracy,position,13000,0.6416666666666667,0.07301065371269838,0.555,0.785,6,"1000,1001,1002,1003,1004,1005",67800,200,True
even-palindrome,structural_features,accuracy,position,13200,0.6475000000000001,0.06637959023675875,0.535,0.74,6,"1000,1001,1002,1003,1004,1005",67800,200,True
even-palindrome,structural_features,accuracy,position,13400,0.6616666666666666,0.060941684329274076,0.585,0.775,6,"1000,1001,1002,1003,1004,1005",67800,200,True
even-palindrome,structural_features,accuracy,position,13600,0.6583333333333333,0.0429793231940921,0.6,0.72,6,"1000,1001,1002,1003,1004,1005",67800,200,True
even-palindrome,structural_features,accuracy,position,13800,0.64,0.057735026918962595,0.58,0.755,6,"1000,1001,1002,1003,1004,1005",67800,200,True
even-palindrome,structural_features,accuracy,position,14000,0.6641666666666667,0.05094250571859307,0.595,0.74,6,"1000,1001,1002,1003,1004,1005",67800,200,True
even-palindrome,structural_features,accuracy,position,14200,0.6649999999999999,0.07262919523166979,0.565,0.775,6,"1000,1001,1002,1003,1004,1005",67800,200,True
even-palindrome,structural_features,accuracy,position,14400,0.6666666666666666,0.051934788169609614,0.6,0.77,6,"1000,1001,1002,1003,1004,1005",67800,200,True
even-palindrome,structural_features,accuracy,position,14600,0.6758333333333333,0.053806494857859766,0.6,0.775,6,"1000,1001,1002,1003,1004,1005",67800,200,True
even-palindrome,structural_features,accuracy,position,14800,0.6908333333333333,0.047994501999939765,0.625,0.755,6,"1000,1001,1002,1003,1004,1005",67800,200,True
even-palindrome,structural_features,accuracy,position,15000,0.6875,0.08260094833999586,0.555,0.81,6,"1000,1001,1002,1003,1004,1005",67800,200,True
even-palindrome,structural_features,accuracy,position,15200,0.6783333333333333,0.06148622248565573,0.59,0.765,6,"1000,1001,1002,1003,1004,1005",67800,200,True
even-palindrome,structural_features,accuracy,position,15400,0.6883333333333334,0.05390320542932076,0.62,0.775,6,"1000,1001,1002,1003,1004,1005",67800,200,True
even-palindrome,structural_features,accuracy,position,15600,0.6858333333333334,0.048684072229928425,0.6,0.735,6,"1000,1001,1002,1003,1004,1005",67800,200,True
even-palindrome,structural_features,accuracy,position,15800,0.7008333333333333,0.05696612053570867,0.625,0.79,6,"1000,1001,1002,1003,1004,1005",67800,200,True
even-palindrome,structural_features,accuracy,position,16000,0.67,0.04966554808583779,0.62,0.75,6,"1000,1001,1002,1003,1004,1005",67800,200,True
even-palindrome,structural_features,accuracy,position,16200,0.6758333333333333,0.04773334497206561,0.63,0.745,6,"1000,1001,1002,1003,1004,1005",67800,200,True
even-palindrome,structural_features,accuracy,position,16400,0.6691666666666666,0.04995136523548569,0.61,0.745,6,"1000,1001,1002,1003,1004,1005",67800,200,True
even-palindrome,structural_features,accuracy,position,16600,0.6983333333333334,0.0582856948334857,0.64,0.81,6,"1000,1001,1002,1003,1004,1005",67800,200,True
even-palindrome,structural_features,accuracy,position,16800,0.6633333333333333,0.08858454843945539,0.56,0.825,6,"1000,1001,1002,1003,1004,1005",67800,200,True
even-palindrome,structural_features,accuracy,position,17000,0.6825,0.07559486314117736,0.59,0.78,6,"1000,1001,1002,1003,1004,1005",67800,200,True
even-palindrome,structural_features,accuracy,position,17200,0.6741666666666667,0.07865624931024587,0.575,0.82,6,"1000,1001,1002,1003,1004,1005",67800,200,True
even-palindrome,structural_features,accuracy,position,17400,0.6941666666666667,0.051994924966021656,0.64,0.79,6,"1000,1001,1002,1003,1004,1005",67800,200,True
even-palindrome,structural_features,accuracy,position,17600,0.7041666666666667,0.04927953147324173,0.655,0.8,6,"1000,1001,1002,1003,1004,1005",67800,200,True
even-palindrome,structural_features,accuracy,position,17800,0.705,0.02943920288775948,0.675,0.765,6,"1000,1001,1002,1003,1004,1005",67800,200,True
even-palindrome,structural_features,accuracy,position,18000,0.7216666666666667,0.07998263700467885,0.595,0.815,6,"1000,1001,1002,1003,1004,1005",67800,200,True
even-palindrome,structural_features,accuracy,position,18200,0.6991666666666667,0.05318338295202951,0.61,0.785,6,"1000,1001,1002,1003,1004,1005",67800,200,True
even-palindrome,structural_features,accuracy,position,18400,0.7083333333333334,0.04913134324327892,0.66,0.805,6,"1000,1001,1002,1003,1004,1005",67800,200,True
even-palindrome,structural_features,accuracy,position,18600,0.7141666666666667,0.0930240410981066,0.595,0.87,6,"1000,1001,1002,1003,1004,1005",67800,200,True
even-palindrome,structural_features,accuracy,position,18800,0.6983333333333333,0.09095175766428165,0.55,0.85,6,"1000,1001,1002,1003,1004,1005",67800,200,True
even-palindrome,structural_features,accuracy,position,19000,0.7425,0.0658755139132389,0.64,0.83,6,"1000,1001,1002,1003,1004,1005",67800,200,True
even-palindrome,structural_features,accuracy,position,19200,0.7166666666666667,0.06568020165079341,0.625,0.825,6,"1000,1001,1002,1003,1004,1005",67800,200,True
even-palindrome,structural_features,accuracy,position,19400,0.7425,0.06491982234520773,0.65,0.85,6,"1000,1001,1002,1003,1004,1005",67800,200,True
even-palindrome,structural_features,accuracy,position,19600,0.7433333333333335,0.06433419688539595,0.68,0.865,6,"1000,1001,1002,1003,1004,1005",67800,200,True
even-palindrome,structural_features,accuracy,position,19800,0.7224999999999998,0.058860711288034315,0.645,0.825,6,"1000,1001,1002,1003,1004,1005",67800,200,True
even-palindrome,structural_features,accuracy,position,20000,0.7241666666666666,0.04782055578467858,0.635,0.785,6,"1000,1001,1002,1003,1004,1005",67800,200,True
even-palindrome,structural_features,accuracy,position,20200,0.7174999999999999,0.05588306243099661,0.625,0.815,6,"1000,1001,1002,1003,1004,1005",67800,200,True
even-palindrome,structural_features,accuracy,position,20400,0.7466666666666666,0.05217491947499509,0.675,0.83,6,"1000,1001,1002,1003,1004,1005",67800,200,True
even-palindrome,structural_features,accuracy,position,20600,0.7416666666666667,0.039440531887330744,0.685,0.815,6,"1000,1001,1002,1003,1004,1005",67800,200,True
even-palindrome,structural_features,accuracy,position,20800,0.7666666666666667,0.03815174380753199,0.725,0.835,6,"1000,1001,1002,1003,1004,1005",67800,200,True
even-palindrome,structural_features,accuracy,position,21000,0.7708333333333334,0.06058167122891948,0.705,0.875,6,"1000,1001,1002,1003,1004,1005",67800,200,True
even-palindrome,structural_features,accuracy,position,21200,0.7683333333333332,0.0732954447576534,0.67,0.895,6,"1000,1001,1002,1003,1004,1005",67800,200,True
even-palindrome,structural_features,accuracy,position,21400,0.7416666666666667,0.09392668535736914,0.625,0.895,6,"1000,1001,1002,1003,1004,1005",67800,200,True
even-palindrome,structural_features,accuracy,position,21600,0.77,0.08296585643102429,0.66,0.885,6,"1000,1001,1002,1003,1004,1005",67800,200,True
even-palindrome,structural_features,accuracy,position,21800,0.7883333333333332,0.07346578946844731,0.725,0.915,6,"1000,1001,1002,1003,1004,1005",67800,200,True
even-palindrome,structural_features,accuracy,position,22000,0.7875000000000001,0.08415016339853416,0.665,0.905,6,"1000,1001,1002,1003,1004,1005",67800,200,True
even-palindrome,structural_features,accuracy,position,22200,0.7733333333333333,0.04058598553961974,0.72,0.84,6,"1000,1001,1002,1003,1004,1005",67800,200,True
even-palindrome,structural_features,accuracy,position,22400,0.7416666666666667,0.06681234084275814,0.68,0.87,6,"1000,1001,1002,1003,1004,1005",67800,200,True
even-palindrome,structural_features,accuracy,position,22600,0.8116666666666666,0.04955356249106168,0.745,0.895,6,"1000,1001,1002,1003,1004,1005",67800,200,True
even-palindrome,structural_features,accuracy,position,22800,0.7766666666666665,0.04079079416840139,0.705,0.82,6,"1000,1001,1002,1003,1004,1005",67800,200,True
even-palindrome,structural_features,accuracy,position,23000,0.7633333333333333,0.046517619123176195,0.68,0.815,6,"1000,1001,1002,1003,1004,1005",67800,200,True
even-palindrome,structural_features,accuracy,position,23200,0.7600000000000001,0.06861729616746301,0.645,0.86,6,"1000,1001,1002,1003,1004,1005",67800,200,True
even-palindrome,structural_features,accuracy,position,23400,0.7891666666666667,0.06541003151063467,0.67,0.885,6,"1000,1001,1002,1003,1004,1005",67800,200,True
even-palindrome,structural_features,accuracy,position,23600,0.7800000000000001,0.05894913061275796,0.68,0.87,6,"1000,1001,1002,1003,1004,1005",67800,200,True
even-palindrome,structural_features,accuracy,position,23800,0.7908333333333334,0.058052897334145925,0.685,0.875,6,"1000,1001,1002,1003,1004,1005",67800,200,True
even-palindrome,structural_features,accuracy,position,24000,0.7875,0.06408002808988149,0.715,0.88,6,"1000,1001,1002,1003,1004,1005",67800,200,True
even-palindrome,structural_features,accuracy,position,24200,0.8083333333333332,0.05661762583821011,0.705,0.9,6,"1000,1001,1002,1003,1004,1005",67800,200,True
even-palindrome,structural_features,accuracy,position,24400,0.8066666666666666,0.0590668171555645,0.725,0.89,6,"1000,1001,1002,1003,1004,1005",67800,200,True
even-palindrome,structural_features,accuracy,position,24600,0.7908333333333334,0.0731674259641695,0.695,0.895,6,"1000,1001,1002,1003,1004,1005",67800,200,True
even-palindrome,structural_features,accuracy,position,24800,0.7808333333333333,0.09545577801032035,0.61,0.9,6,"1000,1001,1002,1003,1004,1005",67800,200,True
even-palindrome,structural_features,accuracy,position,25000,0.7875000000000001,0.10205186589834275,0.64,0.91,6,"1000,1001,1002,1003,1004,1005",67800,200,True
even-palindrome,structural_features,accuracy,position,25200,0.7883333333333334,0.09258629608220767,0.625,0.93,6,"1000,1001,1002,1003,1004,1005",67800,200,True
even-palindrome,structural_features,accuracy,position,25400,0.7800000000000001,0.07427426651719063,0.665,0.895,6,"1000,1001,1002,1003,1004,1005",67800,200,True
even-palindrome,structural_features,accuracy,position,25600,0.7875,0.05632864872040397,0.71,0.865,6,"1000,1001,1002,1003,1004,1005",67800,200,True
even-palindrome,structural_features,accuracy,position,25800,0.7733333333333334,0.053515314526674386,0.675,0.83,6,"1000,1001,1002,1003,1004,1005",67800,200,True
even-palindrome,structural_features,accuracy,position,26000,0.7399999999999999,0.09296056511589561,0.57,0.86,6,"1000,1001,1002,1003,1004,1005",67800,200,True
even-palindrome,structural_features,accuracy,position,26200,0.7841666666666667,0.08492235015327564,0.68,0.895,6,"1000,1001,1002,1003,1004,1005",67800,200,True
even-palindrome,structural_features,accuracy,position,26400,0.7866666666666667,0.06529846008053246,0.71,0.875,6,"1000,1001,1002,1003,1004,1005",67800,200,True
even-palindrome,structural_features,accuracy,position,26600,0.805,0.06231639698613307,0.72,0.91,6,"1000,1001,1002,1003,1004,1005",67800,200,True
even-palindrome,structural_features,accuracy,position,26800,0.8091666666666667,0.05396114857520691,0.745,0.89,6,"1000,1001,1002,1003,1004,1005",67800,200,True
even-palindrome,structural_features,accuracy,position,27000,0.8125,0.03625718319634513,0.78,0.87,6,"1000,1001,1002,1003,1004,1005",67800,200,True
even-palindrome,structural_features,accuracy,position,27200,0.8083333333333332,0.07057305119913378,0.69,0.895,6,"1000,1001,1002,1003,1004,1005",67800,200,True
even-palindrome,structural_features,accuracy,position,27400,0.8208333333333334,0.06030593300460211,0.71,0.905,6,"1000,1001,1002,1003,1004,1005",67800,200,True
even-palindrome,structural_features,accuracy,position,27600,0.8283333333333333,0.053124591501697425,0.755,0.89,6,"1000,1001,1002,1003,1004,1005",67800,200,True
even-palindrome,structural_features,accuracy,position,27800,0.8283333333333335,0.0524933858267454,0.765,0.91,6,"1000,1001,1002,1003,1004,1005",67800,200,True
even-palindrome,structural_features,accuracy,position,28000,0.8233333333333333,0.06222718234198158,0.7,0.885,6,"1000,1001,1002,1003,1004,1005",67800,200,True
even-palindrome,structural_features,accuracy,position,28200,0.8125000000000001,0.07375353098891832,0.695,0.905,6,"1000,1001,1002,1003,1004,1005",67800,200,True
even-palindrome,structural_features,accuracy,position,28400,0.8175,0.05580845216751073,0.755,0.9,6,"1000,1001,1002,1003,1004,1005",67800,200,True
even-palindrome,structural_features,accuracy,position,28600,0.84,0.036628768293059846,0.8,0.9,6,"1000,1001,1002,1003,1004,1005",67800,200,True
even-palindrome,structural_features,accuracy,position,28800,0.8333333333333334,0.06459274125025369,0.735,0.915,6,"1000,1001,1002,1003,1004,1005",67800,200,True
even-palindrome,structural_features,accuracy,position,29000,0.8424999999999999,0.06303107699116892,0.775,0.94,6,"1000,1001,1002,1003,1004,1005",67800,200,True
even-palindrome,structural_features,accuracy,position,29200,0.8508333333333334,0.032966734074754145,0.805,0.91,6,"1000,1001,1002,1003,1004,1005",67800,200,True
even-palindrome,structural_features,accuracy,position,29400,0.8550000000000001,0.06204836822995429,0.745,0.93,6,"1000,1001,1002,1003,1004,1005",67800,200,True
even-palindrome,structural_features,accuracy,position,29600,0.8408333333333332,0.05094250571859308,0.75,0.895,6,"1000,1001,1002,1003,1004,1005",67800,200,True
even-palindrome,structural_features,accuracy,position,29800,0.8591666666666667,0.04429227421972771,0.77,0.905,6,"1000,1001,1002,1003,1004,1005",67800,200,True
even-palindrome,structural_features,accuracy,position,30000,0.8616666666666667,0.04597704741377908,0.785,0.935,6,"1000,1001,1002,1003,1004,1005",67800,200,True
even-palindrome,structural_features,accuracy,position,30200,0.8641666666666666,0.047029836865074885,0.795,0.925,6,"1000,1001,1002,1003,1004,1005",67800,200,True
even-palindrome,structural_features,accuracy,position,30400,0.8516666666666666,0.046338129248192805,0.805,0.94,6,"1000,1001,1002,1003,1004,1005",67800,200,True
even-palindrome,structural_features,accuracy,position,30600,0.8716666666666666,0.0400693842672377,0.82,0.94,6,"1000,1001,1002,1003,1004,1005",67800,200,True
even-palindrome,structural_features,accuracy,position,30800,0.8450000000000001,0.08990735972840783,0.66,0.95,6,"1000,1001,1002,1003,1004,1005",67800,200,True
even-palindrome,structural_features,accuracy,position,31000,0.83,0.06150880695748646,0.715,0.895,6,"1000,1001,1002,1003,1004,1005",67800,200,True
even-palindrome,structural_features,accuracy,position,31200,0.83,0.11109305408830324,0.6,0.93,6,"1000,1001,1002,1003,1004,1005",67800,200,True
even-palindrome,structural_features,accuracy,position,31400,0.8566666666666666,0.06718548123582127,0.715,0.915,6,"1000,1001,1002,1003,1004,1005",67800,200,True
even-palindrome,structural_features,accuracy,position,31600,0.8566666666666666,0.08024268744807149,0.705,0.925,6,"1000,1001,1002,1003,1004,1005",67800,200,True
even-palindrome,structural_features,accuracy,position,31800,0.8475,0.07856791117667992,0.68,0.92,6,"1000,1001,1002,1003,1004,1005",67800,200,True
even-palindrome,structural_features,accuracy,position,32000,0.8516666666666667,0.06908127258687571,0.72,0.925,6,"1000,1001,1002,1003,1004,1005",67800,200,True
even-palindrome,structural_features,accuracy,position,32200,0.8691666666666666,0.07812472222172841,0.71,0.94,6,"1000,1001,1002,1003,1004,1005",67800,200,True
even-palindrome,structural_features,accuracy,position,32400,0.8533333333333332,0.09507307131301106,0.665,0.945,6,"1000,1001,1002,1003,1004,1005",67800,200,True
even-palindrome,structural_features,accuracy,position,32600,0.8533333333333332,0.06599663291074444,0.73,0.945,6,"1000,1001,1002,1003,1004,1005",67800,200,True
even-palindrome,structural_features,accuracy,position,32800,0.8700000000000001,0.06720615051218651,0.735,0.955,6,"1000,1001,1002,1003,1004,1005",67800,200,True
even-palindrome,structural_features,accuracy,position,33000,0.8675,0.059002118606029746,0.74,0.91,6,"1000,1001,1002,1003,1004,1005",67800,200,True
even-palindrome,structural_features,accuracy,position,33200,0.8933333333333332,0.06459274125025366,0.755,0.94,6,"1000,1001,1002,1003,1004,1005",67800,200,True
even-palindrome,structural_features,accuracy,position,33400,0.8750000000000001,0.05461989869391314,0.76,0.915,6,"1000,1001,1002,1003,1004,1005",67800,200,True
even-palindrome,structural_features,accuracy,position,33600,0.8541666666666666,0.07612580961072855,0.7,0.94,6,"1000,1001,1002,1003,1004,1005",67800,200,True
even-palindrome,structural_features,accuracy,position,33800,0.8716666666666666,0.07403077438170938,0.745,0.975,6,"1000,1001,1002,1003,1004,1005",67800,200,True
even-palindrome,structural_features,accuracy,position,34000,0.8916666666666667,0.05580223014261067,0.79,0.95,6,"1000,1001,1002,1003,1004,1005",67800,200,True
even-palindrome,structural_features,accuracy,position,34200,0.8733333333333334,0.04678556282539402,0.81,0.935,6,"1000,1001,1002,1003,1004,1005",67800,200,True
even-palindrome,structural_features,accuracy,position,34400,0.8683333333333333,0.09436925111261377,0.67,0.955,6,"1000,1001,1002,1003,1004,1005",67800,200,True
even-palindrome,structural_features,accuracy,position,34600,0.8708333333333332,0.0739603872954225,0.71,0.935,6,"1000,1001,1002,1003,1004,1005",67800,200,True
even-palindrome,structural_features,accuracy,position,34800,0.8791666666666665,0.04927953147324174,0.79,0.92,6,"1000,1001,1002,1003,1004,1005",67800,200,True
even-palindrome,structural_features,accuracy,position,35000,0.8850000000000001,0.059090326337452787,0.765,0.95,6,"1000,1001,1002,1003,1004,1005",67800,200,True
even-palindrome,structural_features,accuracy,position,35200,0.8791666666666668,0.05674626762077739,0.785,0.955,6,"1000,1001,1002,1003,1004,1005",67800,200,True
even-palindrome,structural_features,accuracy,position,35400,0.8941666666666667,0.04522321183738377,0.81,0.95,6,"1000,1001,1002,1003,1004,1005",67800,200,True
even-palindrome,structural_features,accuracy,position,35600,0.8991666666666668,0.03678956675774019,0.855,0.955,6,"1000,1001,1002,1003,1004,1005",67800,200,True
even-palindrome,structural_features,accuracy,position,35800,0.9016666666666667,0.032744804507314165,0.87,0.955,6,"1000,1001,1002,1003,1004,1005",67800,200,True
even-palindrome,structural_features,accuracy,position,36000,0.8933333333333334,0.03184162195757136,0.845,0.935,6,"1000,1001,1002,1003,1004,1005",67800,200,True
even-palindrome,structural_features,accuracy,position,36200,0.8991666666666666,0.026990224567836073,0.86,0.945,6,"1000,1001,1002,1003,1004,1005",67800,200,True
even-palindrome,structural_features,accuracy,position,36400,0.8966666666666666,0.03399346342395193,0.83,0.935,6,"1000,1001,1002,1003,1004,1005",67800,200,True
even-palindrome,structural_features,accuracy,position,36600,0.8983333333333333,0.03050500869620521,0.855,0.945,6,"1000,1001,1002,1003,1004,1005",67800,200,True
even-palindrome,structural_features,accuracy,position,36800,0.9183333333333333,0.03064129385141704,0.88,0.96,6,"1000,1001,1002,1003,1004,1005",67800,200,True
even-palindrome,structural_features,accuracy,position,37000,0.9158333333333334,0.04014729823481967,0.85,0.965,6,"1000,1001,1002,1003,1004,1005",67800,200,True
even-palindrome,structural_features,accuracy,position,37200,0.9141666666666667,0.03019611821998905,0.87,0.955,6,"1000,1001,1002,1003,1004,1005",67800,200,True
even-palindrome,structural_features,accuracy,position,37400,0.9141666666666667,0.03633371559431941,0.845,0.965,6,"1000,1001,1002,1003,1004,1005",67800,200,True
even-palindrome,structural_features,accuracy,position,37600,0.8433333333333334,0.08249579113843053,0.68,0.915,6,"1000,1001,1002,1003,1004,1005",67800,200,True
even-palindrome,structural_features,accuracy,position,37800,0.8558333333333334,0.09020424355625162,0.715,0.935,6,"1000,1001,1002,1003,1004,1005",67800,200,True
even-palindrome,structural_features,accuracy,position,38000,0.8450000000000001,0.11420011675417266,0.635,0.93,6,"1000,1001,1002,1003,1004,1005",67800,200,True
even-palindrome,structural_features,accuracy,position,38200,0.8624999999999999,0.08938446919534362,0.685,0.93,6,"1000,1001,1002,1003,1004,1005",67800,200,True
even-palindrome,structural_features,accuracy,position,38400,0.8891666666666667,0.09913865150496155,0.67,0.95,6,"1000,1001,1002,1003,1004,1005",67800,200,True
even-palindrome,structural_features,accuracy,position,38600,0.8933333333333332,0.0936601421215141,0.685,0.955,6,"1000,1001,1002,1003,1004,1005",67800,200,True
even-palindrome,structural_features,accuracy,position,38800,0.86,0.08693867570496648,0.68,0.95,6,"1000,1001,1002,1003,1004,1005",67800,200,True
even-palindrome,structural_features,accuracy,position,39000,0.8975,0.10972503512568739,0.655,0.97,6,"1000,1001,1002,1003,1004,1005",67800,200,True
even-palindrome,structural_features,accuracy,position,39200,0.8933333333333332,0.09809292646374772,0.675,0.95,6,"1000,1001,1002,1003,1004,1005",67800,200,True
even-palindrome,structural_features,accuracy,position,39400,0.8775,0.09068029922020918,0.69,0.965,6,"1000,1001,1002,1003,1004,1005",67800,200,True
even-palindrome,structural_features,accuracy,position,39600,0.8816666666666667,0.08158158833680279,0.71,0.945,6,"1000,1001,1002,1003,1004,1005",67800,200,True
even-palindrome,structural_features,accuracy,position,39800,0.8658333333333332,0.11088344731694126,0.63,0.945,6,"1000,1001,1002,1003,1004,1005",67800,200,True
even-palindrome,structural_features,accuracy,position,40000,0.8991666666666668,0.09610830117921947,0.69,0.97,6,"1000,1001,1002,1003,1004,1005",67800,200,True
even-palindrome,structural_features,accuracy,position,40200,0.8691666666666666,0.09107765307082132,0.675,0.95,6,"1000,1001,1002,1003,1004,1005",67800,200,True
even-palindrome,structural_features,accuracy,position,40400,0.89,0.06861729616746301,0.74,0.95,6,"1000,1001,1002,1003,1004,1005",67800,200,True
even-palindrome,structural_features,accuracy,position,40600,0.8724999999999999,0.10007289010183193,0.675,0.97,6,"1000,1001,1002,1003,1004,1005",67800,200,True
even-palindrome,structural_features,accuracy,position,40800,0.875,0.10843584893075413,0.635,0.945,6,"1000,1001,1002,1003,1004,1005",67800,200,True
even-palindrome,structural_features,accuracy,position,41000,0.8816666666666668,0.09642210442747151,0.675,0.95,6,"1000,1001,1002,1003,1004,1005",67800,200,True
even-palindrome,structural_features,accuracy,position,41200,0.8808333333333334,0.12340369614489763,0.615,0.97,6,"1000,1001,1002,1003,1004,1005",67800,200,True
even-palindrome,structural_features,accuracy,position,41400,0.8941666666666667,0.09387121792943538,0.685,0.95,6,"1000,1001,1002,1003,1004,1005",67800,200,True
even-palindrome,structural_features,accuracy,position,41600,0.8833333333333333,0.09454569735788554,0.675,0.945,6,"1000,1001,1002,1003,1004,1005",67800,200,True
even-palindrome,structural_features,accuracy,position,41800,0.8858333333333334,0.0916249905259962,0.69,0.965,6,"1000,1001,1002,1003,1004,1005",67800,200,True
even-palindrome,structural_features,accuracy,position,42000,0.8816666666666667,0.07419943096517355,0.73,0.965,6,"1000,1001,1002,1003,1004,1005",67800,200,True
even-palindrome,structural_features,accuracy,position,42200,0.9,0.062182527020592085,0.765,0.945,6,"1000,1001,1002,1003,1004,1005",67800,200,True
even-palindrome,structural_features,accuracy,position,42400,0.8891666666666667,0.09892828491162449,0.68,0.975,6,"1000,1001,1002,1003,1004,1005",67800,200,True
even-palindrome,structural_features,accuracy,position,42600,0.9049999999999999,0.06454972243679027,0.77,0.96,6,"1000,1001,1002,1003,1004,1005",67800,200,True
even-palindrome,structural_features,accuracy,position,42800,0.9216666666666667,0.07877534865397648,0.755,0.975,6,"1000,1001,1002,1003,1004,1005",67800,200,True
even-palindrome,structural_features,accuracy,position,43000,0.8958333333333334,0.08941554053344916,0.71,0.975,6,"1000,1001,1002,1003,1004,1005",67800,200,True
even-palindrome,structural_features,accuracy,position,43200,0.9058333333333334,0.06187464926948856,0.775,0.975,6,"1000,1001,1002,1003,1004,1005",67800,200,True
even-palindrome,structural_features,accuracy,position,43400,0.9199999999999999,0.06701989754294366,0.775,0.975,6,"1000,1001,1002,1003,1004,1005",67800,200,True
even-palindrome,structural_features,accuracy,position,43600,0.9266666666666666,0.06381396573025547,0.795,0.99,6,"1000,1001,1002,1003,1004,1005",67800,200,True
even-palindrome,structural_features,accuracy,position,43800,0.9158333333333335,0.05349584615234676,0.81,0.99,6,"1000,1001,1002,1003,1004,1005",67800,200,True
even-palindrome,structural_features,accuracy,position,44000,0.9008333333333333,0.08932229409404027,0.71,0.97,6,"1000,1001,1002,1003,1004,1005",67800,200,True
even-palindrome,structural_features,accuracy,position,44200,0.9091666666666667,0.058978574264068315,0.78,0.96,6,"1000,1001,1002,1003,1004,1005",67800,200,True
even-palindrome,structural_features,accuracy,position,44400,0.9041666666666667,0.07507866245182818,0.74,0.96,6,"1000,1001,1002,1003,1004,1005",67800,200,True
even-palindrome,structural_features,accuracy,position,44600,0.9,0.12158673173226318,0.635,0.985,6,"1000,1001,1002,1003,1004,1005",67800,200,True
even-palindrome,structural_features,accuracy,position,44800,0.92,0.06892024376045108,0.775,0.985,6,"1000,1001,1002,1003,1004,1005",67800,200,True
even-palindrome,structural_features,accuracy,position,45000,0.93,0.055151307025914295,0.81,0.97,6,"1000,1001,1002,1003,1004,1005",67800,200,True
even-palindrome,structural_features,accuracy,position,45200,0.9325,0.04661455423648998,0.845,0.99,6,"1000,1001,1002,1003,1004,1005",67800,200,True
even-palindrome,structural_features,accuracy,position,45400,0.9283333333333333,0.05542763049438626,0.81,0.975,6,"1000,1001,1002,1003,1004,1005",67800,200,True
even-palindrome,structural_features,accuracy,position,45600,0.9366666666666665,0.06121455890735649,0.805,0.98,6,"1000,1001,1002,1003,1004,1005",67800,200,True
even-palindrome,structural_features,accuracy,position,45800,0.9324999999999998,0.047412199555248086,0.83,0.975,6,"1000,1001,1002,1003,1004,1005",67800,200,True
even-palindrome,structural_features,accuracy,position,46000,0.94,0.03730504880933231,0.865,0.98,6,"1000,1001,1002,1003,1004,1005",67800,200,True
even-palindrome,structural_features,accuracy,position,46200,0.9408333333333333,0.04056031174545985,0.865,0.985,6,"1000,1001,1002,1003,1004,1005",67800,200,True
even-palindrome,structural_features,accuracy,position,46400,0.945,0.021602468994692838,0.905,0.97,6,"1000,1001,1002,1003,1004,1005",67800,200,True
even-palindrome,structural_features,accuracy,position,46600,0.9358333333333332,0.03801498242652346,0.865,0.975,6,"1000,1001,1002,1003,1004,1005",67800,200,True
even-palindrome,structural_features,accuracy,position,46800,0.9333333333333335,0.028087165910587845,0.875,0.965,6,"1000,1001,1002,1003,1004,1005",67800,200,True
even-palindrome,structural_features,accuracy,position,47000,0.9383333333333334,0.03749073959733997,0.86,0.98,6,"1000,1001,1002,1003,1004,1005",67800,200,True
even-palindrome,structural_features,accuracy,position,47200,0.945,0.025331140255951082,0.91,0.975,6,"1000,1001,1002,1003,1004,1005",67800,200,True
even-palindrome,structural_features,accuracy,position,47400,0.9541666666666666,0.015920810978785657,0.935,0.98,6,"1000,1001,1002,1003,1004,1005",67800,200,True
even-palindrome,structural_features,accuracy,position,47600,0.9508333333333333,0.017420454133639043,0.92,0.975,6,"1000,1001,1002,1003,1004,1005",67800,200,True
even-palindrome,structural_features,accuracy,position,47800,0.9666666666666667,0.01993043457183568,0.94,0.995,6,"1000,1001,1002,1003,1004,1005",67800,200,True
even-palindrome,structural_features,accuracy,position,48000,0.9483333333333333,0.02266911751455905,0.92,0.985,6,"1000,1001,1002,1003,1004,1005",67800,200,True
even-palindrome,structural_features,accuracy,position,48200,0.9500000000000001,0.019578900207451188,0.915,0.975,6,"1000,1001,1002,1003,1004,1005",67800,200,True
even-palindrome,structural_features,accuracy,position,48400,0.9416666666666668,0.052094998693625945,0.84,0.985,6,"1000,1001,1002,1003,1004,1005",67800,200,True
even-palindrome,structural_features,accuracy,position,48600,0.9458333333333332,0.029639032072964554,0.915,1.0,6,"1000,1001,1002,1003,1004,1005",67800,200,True
even-palindrome,structural_features,accuracy,position,48800,0.9616666666666666,0.018856180831641256,0.935,0.985,6,"1000,1001,1002,1003,1004,1005",67800,200,True
even-palindrome,structural_features,accuracy,position,49000,0.9616666666666666,0.02211083193570266,0.93,0.995,6,"1000,1001,1002,1003,1004,1005",67800,200,True
even-palindrome,structural_features,accuracy,position,49200,0.9341666666666666,0.03396280645385803,0.88,0.975,6,"1000,1001,1002,1003,1004,1005",67800,200,True
even-palindrome,structural_features,accuracy,position,49400,0.9550000000000001,0.02362907813126303,0.91,0.985,6,"1000,1001,1002,1003,1004,1005",67800,200,True
even-palindrome,structural_features,accuracy,position,49600,0.9716666666666667,0.021538079972200162,0.94,0.995,6,"1000,1001,1002,1003,1004,1005",67800,200,True
even-palindrome,structural_features,accuracy,position,49800,0.9541666666666666,0.014837078178970725,0.94,0.985,6,"1000,1001,1002,1003,1004,1005",67800,200,True
even-palindrome,structural_features,accuracy,position,50000,0.9574999999999999,0.020564937798755106,0.935,0.995,6,"1000,1001,1002,1003,1004,1005",67800,200,True
even-palindrome,structural_features,accuracy,position,50200,0.9608333333333333,0.022438186696393757,0.925,0.99,6,"1000,1001,1002,1003,1004,1005",67800,200,True
even-palindrome,structural_features,accuracy,position,50400,0.9616666666666668,0.020749832663314545,0.93,0.995,6,"1000,1001,1002,1003,1004,1005",67800,200,True
even-palindrome,structural_features,accuracy,position,50600,0.9666666666666667,0.019720265943665407,0.94,1.0,6,"1000,1001,1002,1003,1004,1005",67800,200,True
even-palindrome,structural_features,accuracy,position,50800,0.9691666666666666,0.008858454843945549,0.955,0.98,6,"1000,1001,1002,1003,1004,1005",67800,200,True
even-palindrome,structural_features,accuracy,position,51000,0.96,0.024832774042918875,0.925,1.0,6,"1000,1001,1002,1003,1004,1005",67800,200,True
even-palindrome,structural_features,accuracy,position,51200,0.9666666666666668,0.018856180831641284,0.94,0.99,6,"1000,1001,1002,1003,1004,1005",67800,200,True
even-palindrome,structural_features,accuracy,position,51400,0.9658333333333333,0.02049728979374809,0.945,1.0,6,"1000,1001,1002,1003,1004,1005",67800,200,True
even-palindrome,structural_features,accuracy,position,51600,0.9716666666666667,0.012133516482134208,0.955,0.99,6,"1000,1001,1002,1003,1004,1005",67800,200,True
even-palindrome,structural_features,accuracy,position,51800,0.965,0.014433756729740658,0.94,0.985,6,"1000,1001,1002,1003,1004,1005",67800,200,True
even-palindrome,structural_features,accuracy,position,52000,0.9716666666666666,0.007453559924999306,0.965,0.985,6,"1000,1001,1002,1003,1004,1005",67800,200,True
even-palindrome,structural_features,accuracy,position,52200,0.9691666666666666,0.01812380264244293,0.93,0.985,6,"1000,1001,1002,1003,1004,1005",67800,200,True
even-palindrome,structural_features,accuracy,position,52400,0.9541666666666666,0.025887040945015104,0.91,0.99,6,"1000,1001,1002,1003,1004,1005",67800,200,True
even-palindrome,structural_features,accuracy,position,52600,0.9658333333333333,0.01765801675034759,0.945,0.99,6,"1000,1001,1002,1003,1004,1005",67800,200,True
even-palindrome,structural_features,accuracy,position,52800,0.9766666666666667,0.012801909579781025,0.96,0.995,6,"1000,1001,1002,1003,1004,1005",67800,200,True
even-palindrome,structural_features,accuracy,position,53000,0.9608333333333333,0.01643590243609666,0.93,0.98,6,"1000,1001,1002,1003,1004,1005",67800,200,True
even-palindrome,structural_features,accuracy,position,53200,0.9716666666666666,0.008975274678557516,0.96,0.99,6,"1000,1001,1002,1003,1004,1005",67800,200,True
even-palindrome,structural_features,accuracy,position,53400,0.9783333333333332,0.01343709624716426,0.955,0.995,6,"1000,1001,1002,1003,1004,1005",67800,200,True
even-palindrome,structural_features,accuracy,position,53600,0.9666666666666667,0.019507833184532728,0.94,0.995,6,"1000,1001,1002,1003,1004,1005",67800,200,True
even-palindrome,structural_features,accuracy,position,53800,0.9624999999999999,0.02212653007891958,0.93,0.99,6,"1000,1001,1002,1003,1004,1005",67800,200,True
even-palindrome,structural_features,accuracy,position,54000,0.9733333333333333,0.016996731711975962,0.95,0.995,6,"1000,1001,1002,1003,1004,1005",67800,200,True
even-palindrome,structural_features,accuracy,position,54200,0.9658333333333333,0.022988523706889526,0.93,0.995,6,"1000,1001,1002,1003,1004,1005",67800,200,True
even-palindrome,structural_features,accuracy,position,54400,0.9716666666666667,0.022852182001336804,0.935,1.0,6,"1000,1001,1002,1003,1004,1005",67800,200,True
even-palindrome,structural_features,accuracy,position,54600,0.9716666666666667,0.02034425935955619,0.945,0.995,6,"1000,1001,1002,1003,1004,1005",67800,200,True
even-palindrome,structural_features,accuracy,position,54800,0.9841666666666667,0.01538848776051617,0.955,1.0,6,"1000,1001,1002,1003,1004,1005",67800,200,True
even-palindrome,structural_features,accuracy,position,55000,0.9616666666666666,0.007453559924999306,0.95,0.975,6,"1000,1001,1002,1003,1004,1005",67800,200,True
even-palindrome,structural_features,accuracy,position,55200,0.9824999999999999,0.01070436048222095,0.97,1.0,6,"1000,1001,1002,1003,1004,1005",67800,200,True
even-palindrome,structural_features,accuracy,position,55400,0.9741666666666667,0.022251716538031135,0.935,1.0,6,"1000,1001,1002,1003,1004,1005",67800,200,True
even-palindrome,structural_features,accuracy,position,55600,0.9666666666666667,0.021730674684008813,0.925,0.985,6,"1000,1001,1002,1003,1004,1005",67800,200,True
even-palindrome,structural_features,accuracy,position,55800,0.9658333333333333,0.01945436254988124,0.935,0.995,6,"1000,1001,1002,1003,1004,1005",67800,200,True
even-palindrome,structural_features,accuracy,position,56000,0.9708333333333333,0.01335934961823451,0.955,0.99,6,"1000,1001,1002,1003,1004,1005",67800,200,True
even-palindrome,structural_features,accuracy,position,56200,0.9800000000000001,0.005773502691896263,0.975,0.99,6,"1000,1001,1002,1003,1004,1005",67800,200,True
even-palindrome,structural_features,accuracy,position,56400,0.9716666666666667,0.02094967514996091,0.94,0.995,6,"1000,1001,1002,1003,1004,1005",67800,200,True
even-palindrome,structural_features,accuracy,position,56600,0.9674999999999999,0.019525624189766652,0.945,0.99,6,"1000,1001,1002,1003,1004,1005",67800,200,True
even-palindrome,structural_features,accuracy,position,56800,0.9791666666666666,0.013969212178533521,0.96,1.0,6,"1000,1001,1002,1003,1004,1005",67800,200,True
even-palindrome,structural_features,accuracy,position,57000,0.9741666666666666,0.014837078178970727,0.95,1.0,6,"1000,1001,1002,1003,1004,1005",67800,200,True
even-palindrome,structural_features,accuracy,position,57200,0.9758333333333334,0.01902118701752223,0.945,0.995,6,"1000,1001,1002,1003,1004,1005",67800,200,True
even-palindrome,structural_features,accuracy,position,57400,0.9758333333333332,0.011334558757279546,0.96,0.99,6,"1000,1001,1002,1003,1004,1005",67800,200,True
even-palindrome,structural_features,accuracy,position,57600,0.9716666666666667,0.020749832663314538,0.935,1.0,6,"1000,1001,1002,1003,1004,1005",67800,200,True
even-palindrome,structural_features,accuracy,position,57800,0.9824999999999999,0.01070436048222095,0.965,0.995,6,"1000,1001,1002,1003,1004,1005",67800,200,True
even-palindrome,structural_features,accuracy,position,58000,0.9783333333333334,0.016499158227686123,0.95,0.995,6,"1000,1001,1002,1003,1004,1005",67800,200,True
even-palindrome,structural_features,accuracy,position,58200,0.9816666666666666,0.010671873729054758,0.965,0.995,6,"1000,1001,1002,1003,1004,1005",67800,200,True
even-palindrome,structural_features,accuracy,position,58400,0.9733333333333332,0.012133516482134208,0.955,0.995,6,"1000,1001,1002,1003,1004,1005",67800,200,True
even-palindrome,structural_features,accuracy,position,58600,0.9791666666666666,0.017658016750347588,0.945,1.0,6,"1000,1001,1002,1003,1004,1005",67800,200,True
even-palindrome,structural_features,accuracy,position,58800,0.975,0.022730302828309745,0.935,1.0,6,"1000,1001,1002,1003,1004,1005",67800,200,True
even-palindrome,structural_features,accuracy,position,59000,0.9674999999999999,0.024958298553119884,0.92,0.99,6,"1000,1001,1002,1003,1004,1005",67800,200,True
even-palindrome,structural_features,accuracy,position,59200,0.9708333333333332,0.01765801675034759,0.94,0.995,6,"1000,1001,1002,1003,1004,1005",67800,200,True
even-palindrome,structural_features,accuracy,position,59400,0.9741666666666667,0.02790111507130533,0.915,0.995,6,"1000,1001,1002,1003,1004,1005",67800,200,True
even-palindrome,structural_features,accuracy,position,59600,0.9674999999999999,0.025454207248835434,0.93,1.0,6,"1000,1001,1002,1003,1004,1005",67800,200,True
even-palindrome,structural_features,accuracy,position,59800,0.9841666666666667,0.007312470322826775,0.975,0.995,6,"1000,1001,1002,1003,1004,1005",67800,200,True
even-palindrome,structural_features,accuracy,position,60000,0.98,0.018257418583505554,0.95,1.0,6,"1000,1001,1002,1003,1004,1005",67800,200,True
even-palindrome,structural_features,accuracy,position,60200,0.975,0.025166114784235815,0.92,0.995,6,"1000,1001,1002,1003,1004,1005",67800,200,True
even-palindrome,structural_features,accuracy,position,60400,0.9774999999999999,0.015206906325745563,0.95,1.0,6,"1000,1001,1002,1003,1004,1005",67800,200,True
even-palindrome,structural_features,accuracy,position,60600,0.9808333333333333,0.013043729868748785,0.965,1.0,6,"1000,1001,1002,1003,1004,1005",67800,200,True
even-palindrome,structural_features,accuracy,position,60800,0.9833333333333333,0.016996731711975965,0.95,1.0,6,"1000,1001,1002,1003,1004,1005",67800,200,True
even-palindrome,structural_features,accuracy,position,61000,0.9866666666666665,0.009860132971832702,0.97,1.0,6,"1000,1001,1002,1003,1004,1005",67800,200,True
even-palindrome,structural_features,accuracy,position,61200,0.9891666666666667,0.009316949906249133,0.98,1.0,6,"1000,1001,1002,1003,1004,1005",67800,200,True
even-palindrome,structural_features,accuracy,position,61400,0.9799999999999999,0.01384437310486347,0.955,1.0,6,"1000,1001,1002,1003,1004,1005",67800,200,True
even-palindrome,structural_features,accuracy,position,61600,0.9716666666666667,0.02094967514996091,0.945,1.0,6,"1000,1001,1002,1003,1004,1005",67800,200,True
even-palindrome,structural_features,accuracy,position,61800,0.9650000000000002,0.02291287847477919,0.93,0.99,6,"1000,1001,1002,1003,1004,1005",67800,200,True
even-palindrome,structural_features,accuracy,position,62000,0.9824999999999999,0.0146486631927058,0.955,0.995,6,"1000,1001,1002,1003,1004,1005",67800,200,True
even-palindrome,structural_features,accuracy,position,62200,0.9775,0.021164041832000508,0.94,1.0,6,"1000,1001,1002,1003,1004,1005",67800,200,True
even-palindrome,structural_features,accuracy,position,62400,0.9699999999999999,0.017078251276599347,0.95,1.0,6,"1000,1001,1002,1003,1004,1005",67800,200,True
even-palindrome,structural_features,accuracy,position,62600,0.9808333333333333,0.00786165094338051,0.97,0.99,6,"1000,1001,1002,1003,1004,1005",67800,200,True
even-palindrome,structural_features,accuracy,position,62800,0.9716666666666667,0.02192157739660983,0.935,1.0,6,"1000,1001,1002,1003,1004,1005",67800,200,True
even-palindrome,structural_features,accuracy,position,63000,0.9875000000000002,0.0055901699437494795,0.98,0.995,6,"1000,1001,1002,1003,1004,1005",67800,200,True
even-palindrome,structural_features,accuracy,position,63200,0.9874999999999999,0.009895285072531606,0.975,1.0,6,"1000,1001,1002,1003,1004,1005",67800,200,True
even-palindrome,structural_features,accuracy,position,63400,0.9775,0.01842778698958,0.94,1.0,6,"1000,1001,1002,1003,1004,1005",67800,200,True
even-palindrome,structural_features,accuracy,position,63600,0.9766666666666666,0.023392781412696986,0.93,1.0,6,"1000,1001,1002,1003,1004,1005",67800,200,True
even-palindrome,structural_features,accuracy,position,63800,0.9841666666666665,0.009753916592266364,0.975,1.0,6,"1000,1001,1002,1003,1004,1005",67800,200,True
even-palindrome,structural_features,accuracy,position,64000,0.9833333333333334,0.010671873729054758,0.965,1.0,6,"1000,1001,1002,1003,1004,1005",67800,200,True
even-palindrome,structural_features,accuracy,position,64200,0.985,0.009128709291752777,0.97,1.0,6,"1000,1001,1002,1003,1004,1005",67800,200,True
even-palindrome,structural_features,accuracy,position,64400,0.9841666666666667,0.02129488723196775,0.94,1.0,6,"1000,1001,1002,1003,1004,1005",67800,200,True
even-palindrome,structural_features,accuracy,position,64600,0.975,0.020615528128088322,0.94,1.0,6,"1000,1001,1002,1003,1004,1005",67800,200,True
even-palindrome,structural_features,accuracy,position,64800,0.9816666666666668,0.008975274678557514,0.965,0.995,6,"1000,1001,1002,1003,1004,1005",67800,200,True
even-palindrome,structural_features,accuracy,position,65000,0.9766666666666666,0.017240134054647683,0.95,1.0,6,"1000,1001,1002,1003,1004,1005",67800,200,True
even-palindrome,structural_features,accuracy,position,65200,0.9816666666666666,0.014337208778404392,0.965,1.0,6,"1000,1001,1002,1003,1004,1005",67800,200,True
even-palindrome,structural_features,accuracy,position,65400,0.9799999999999999,0.014719601443879758,0.965,1.0,6,"1000,1001,1002,1003,1004,1005",67800,200,True
even-palindrome,structural_features,accuracy,position,65600,0.9833333333333333,0.017716909687891098,0.95,1.0,6,"1000,1001,1002,1003,1004,1005",67800,200,True
even-palindrome,structural_features,accuracy,position,65800,0.9883333333333333,0.006871842709362774,0.98,0.995,6,"1000,1001,1002,1003,1004,1005",67800,200,True
even-palindrome,structural_features,accuracy,position,66000,0.9783333333333332,0.019507833184532728,0.945,1.0,6,"1000,1001,1002,1003,1004,1005",67800,200,True
even-palindrome,structural_features,accuracy,position,66200,0.9608333333333333,0.03888194382429401,0.875,0.99,6,"1000,1001,1002,1003,1004,1005",67800,200,True
even-palindrome,structural_features,accuracy,position,66400,0.9791666666666666,0.016180406532456344,0.95,0.995,6,"1000,1001,1002,1003,1004,1005",67800,200,True
even-palindrome,structural_features,accuracy,position,66600,0.9758333333333334,0.00671854812358213,0.965,0.985,6,"1000,1001,1002,1003,1004,1005",67800,200,True
even-palindrome,structural_features,accuracy,position,66800,0.9858333333333333,0.008374896350934082,0.97,0.995,6,"1000,1001,1002,1003,1004,1005",67800,200,True
even-palindrome,structural_features,accuracy,position,67000,0.9866666666666667,0.010671873729054758,0.965,1.0,6,"1000,1001,1002,1003,1004,1005",67800,200,True
even-palindrome,structural_features,accuracy,position,67200,0.9858333333333333,0.014264368973853088,0.96,1.0,6,"1000,1001,1002,1003,1004,1005",67800,200,True
even-palindrome,structural_features,accuracy,position,67400,0.9866666666666667,0.012472191289246483,0.97,1.0,6,"1000,1001,1002,1003,1004,1005",67800,200,True
even-palindrome,structural_features,accuracy,position,67600,0.9866666666666667,0.007453559924999306,0.975,0.995,6,"1000,1001,1002,1003,1004,1005",67800,200,True
even-palindrome,structural_features,accuracy,position,67800,0.9816666666666668,0.019507833184532728,0.94,1.0,6,"1000,1001,1002,1003,1004,1005",67800,200,True
even-palindrome,structural_features,accuracy,operation,200,0.47333333333333333,0.02392116682401221,0.43,0.505,6,"1000,1001,1002,1003,1004,1005",67800,200,True
even-palindrome,structural_features,accuracy,operation,400,0.4908333333333334,0.03284010082539672,0.455,0.535,6,"1000,1001,1002,1003,1004,1005",67800,200,True
even-palindrome,structural_features,accuracy,operation,600,0.4875,0.03119161212035484,0.45,0.54,6,"1000,1001,1002,1003,1004,1005",67800,200,True
even-palindrome,structural_features,accuracy,operation,800,0.49,0.011547005383792526,0.48,0.515,6,"1000,1001,1002,1003,1004,1005",67800,200,True
even-palindrome,structural_features,accuracy,operation,1000,0.5041666666666668,0.03540440964374668,0.455,0.55,6,"1000,1001,1002,1003,1004,1005",67800,200,True
even-palindrome,structural_features,accuracy,operation,1200,0.5266666666666667,0.021730674684008848,0.495,0.555,6,"1000,1001,1002,1003,1004,1005",67800,200,True
even-palindrome,structural_features,accuracy,operation,1400,0.5249999999999999,0.02943920288775947,0.505,0.59,6,"1000,1001,1002,1003,1004,1005",67800,200,True
even-palindrome,structural_features,accuracy,operation,1600,0.5,0.02081665999466133,0.465,0.53,6,"1000,1001,1002,1003,1004,1005",67800,200,True
even-palindrome,structural_features,accuracy,operation,1800,0.5575,0.050062460986251944,0.455,0.605,6,"1000,1001,1002,1003,1004,1005",67800,200,True
even-palindrome,structural_features,accuracy,operation,2000,0.5549999999999999,0.027233557730613627,0.52,0.595,6,"1000,1001,1002,1003,1004,1005",67800,200,True
even-palindrome,structural_features,accuracy,operation,2200,0.5541666666666666,0.0212948872319677,0.53,0.59,6,"1000,1001,1002,1003,1004,1005",67800,200,True
even-palindrome,structural_features,accuracy,operation,2400,0.5425000000000001,0.020966242709015186,0.505,0.565,6,"1000,1001,1002,1003,1004,1005",67800,200,True
even-palindrome,structural_features,accuracy,operation,2600,0.5750000000000001,0.02140872096444186,0.55,0.605,6,"1000,1001,1002,1003,1004,1005",67800,200,True
even-palindrome,structural_features,accuracy,operation,2800,0.5808333333333333,0.02243818669639374,0.545,0.61,6,"1000,1001,1002,1003,1004,1005",67800,200,True
even-palindrome,structural_features,accuracy,operation,3000,0.5716666666666667,0.030912061651652323,0.535,0.62,6,"1000,1001,1002,1003,1004,1005",67800,200,True
even-palindrome,structural_features,accuracy,operation,3200,0.5666666666666665,0.02211083193570265,0.525,0.6,6,"1000,1001,1002,1003,1004,1005",67800,200,True
even-palindrome,structural_features,accuracy,operation,3400,0.5641666666666666,0.0088584548439455,0.55,0.575,6,"1000,1001,1002,1003,1004,1005",67800,200,True
even-palindrome,structural_features,accuracy,operation,3600,0.5733333333333334,0.04058598553961973,0.52,0.65,6,"1000,1001,1002,1003,1004,1005",67800,200,True
even-palindrome,structural_features,accuracy,operation,3800,0.5833333333333333,0.030230595245361758,0.54,0.63,6,"1000,1001,1002,1003,1004,1005",67800,200,True
even-palindrome,structural_features,accuracy,operation,4000,0.5958333333333333,0.02352599035582186,0.575,0.645,6,"1000,1001,1002,1003,1004,1005",67800,200,True
even-palindrome,structural_features,accuracy,operation,4200,0.595,0.018708286933869726,0.57,0.63,6,"1000,1001,1002,1003,1004,1005",67800,200,True
even-palindrome,structural_features,accuracy,operation,4400,0.5933333333333333,0.017240134054647683,0.565,0.615,6,"1000,1001,1002,1003,1004,1005",67800,200,True
even-palindrome,structural_features,accuracy,operation,4600,0.5858333333333334,0.04314864488666539,0.54,0.655,6,"1000,1001,1002,1003,1004,1005",67800,200,True
even-palindrome,structural_features,accuracy,operation,4800,0.5791666666666666,0.04266308578723401,0.525,0.64,6,"1000,1001,1002,1003,1004,1005",67800,200,True
even-palindrome,structural_features,accuracy,operation,5000,0.5975,0.031191612120354838,0.555,0.64,6,"1000,1001,1002,1003,1004,1005",67800,200,True
even-palindrome,structural_features,accuracy,operation,5200,0.5908333333333333,0.034810997623675705,0.535,0.64,6,"1000,1001,1002,1003,1004,1005",67800,200,True
even-palindrome,structural_features,accuracy,operation,5400,0.5925,0.04230346715499017,0.53,0.65,6,"1000,1001,1002,1003,1004,1005",67800,200,True
even-palindrome,structural_features,accuracy,operation,5600,0.5808333333333333,0.04429227421972771,0.515,0.66,6,"1000,1001,1002,1003,1004,1005",67800,200,True
even-palindrome,structural_features,accuracy,operation,5800,0.6083333333333333,0.038369548110737825,0.565,0.66,6,"1000,1001,1002,1003,1004,1005",67800,200,True
even-palindrome,structural_features,accuracy,operation,6000,0.5966666666666667,0.02702879123371145,0.57,0.655,6,"1000,1001,1002,1003,1004,1005",67800,200,True
even-palindrome,structural_features,accuracy,operation,6200,0.5808333333333333,0.04324510248443041,0.5,0.63,6,"1000,1001,1002,1003,1004,1005",67800,200,True
even-palindrome,structural_features,accuracy,operation,6400,0.5758333333333333,0.02921424690493016,0.53,0.615,6,"1000,1001,1002,1003,1004,1005",67800,200,True
even-palindrome,structural_features,accuracy,operation,6600,0.6124999999999999,0.039660013447635985,0.55,0.675,6,"1000,1001,1002,1003,1004,1005",67800,200,True
even-palindrome,structural_features,accuracy,operation,6800,0.6166666666666666,0.017716909687891098,0.585,0.64,6,"1000,1001,1002,1003,1004,1005",67800,200,True
even-palindrome,structural_features,accuracy,operation,7000,0.5975,0.05359959576962002,0.505,0.68,6,"1000,1001,1002,1003,1004,1005",67800,200,True
even-palindrome,structural_features,accuracy,operation,7200,0.6108333333333333,0.053573677201484766,0.55,0.71,6,"1000,1001,1002,1003,1004,1005",67800,200,True
even-palindrome,structural_features,accuracy,operation,7400,0.6224999999999999,0.034247870980057556,0.58,0.685,6,"1000,1001,1002,1003,1004,1005",67800,200,True
even-palindrome,structural_features,accuracy,operation,7600,0.6191666666666666,0.034810997623675705,0.56,0.65,6,"1000,1001,1002,1003,1004,1005",67800,200,True
even-palindrome,structural_features,accuracy,operation,7800,0.6041666666666667,0.058267820354711126,0.535,0.68,6,"1000,1001,1002,1003,1004,1005",67800,200,True
even-palindrome,structural_features,accuracy,operation,8000,0.6291666666666667,0.03690264970914091,0.585,0.68,6,"1000,1001,1002,1003,1004,1005",67800,200,True
even-palindrome,structural_features,accuracy,operation,8200,0.6249999999999999,0.020207259421636918,0.59,0.645,6,"1000,1001,1002,1003,1004,1005",67800,200,True
even-palindrome,structural_features,accuracy,operation,8400,0.6025,0.043373378932243675,0.54,0.665,6,"1000,1001,1002,1003,1004,1005",67800,200,True
even-palindrome,structural_features,accuracy,operation,8600,0.6158333333333333,0.014264368973853088,0.6,0.63,6,"1000,1001,1002,1003,1004,1005",67800,200,True
even-palindrome,structural_features,accuracy,operation,8800,0.6241666666666666,0.0348109976236757,0.555,0.665,6,"1000,1001,1002,1003,1004,1005",67800,200,True
even-palindrome,structural_features,accuracy,operation,9000,0.64,0.03958114029012639,0.59,0.72,6,"1000,1001,1002,1003,1004,1005",67800,200,True
even-palindrome,structural_features,accuracy,operation,9200,0.65,0.021984843263788217,0.62,0.685,6,"1000,1001,1002,1003,1004,1005",67800,200,True
even-palindrome,structural_features,accuracy,operation,9400,0.6183333333333333,0.023033791601808778,0.585,0.655,6,"1000,1001,1002,1003,1004,1005",67800,200,True
even-palindrome,structural_features,accuracy,operation,9600,0.6408333333333334,0.02539958442354697,0.605,0.675,6,"1000,1001,1002,1003,1004,1005",67800,200,True
even-palindrome,structural_features,accuracy,operation,9800,0.6341666666666667,0.03735155805169161,0.61,0.715,6,"1000,1001,1002,1003,1004,1005",67800,200,True
even-palindrome,structural_features,accuracy,operation,10000,0.635,0.016832508230603477,0.61,0.66,6,"1000,1001,1002,1003,1004,1005",67800,200,True
even-palindrome,structural_features,accuracy,operation,10200,0.6466666666666666,0.05161287522400672,0.55,0.715,6,"1000,1001,1002,1003,1004,1005",67800,200,True
even-palindrome,structural_features,accuracy,operation,10400,0.65,0.028431203515386635,0.61,0.69,6,"1000,1001,1002,1003,1004,1005",67800,200,True
even-palindrome,structural_features,accuracy,operation,10600,0.6475,0.020564937798755126,0.615,0.67,6,"1000,1001,1002,1003,1004,1005",67800,200,True
even-palindrome,structural_features,accuracy,operation,10800,0.645,0.03253203549323855,0.595,0.705,6,"1000,1001,1002,1003,1004,1005",67800,200,True
even-palindrome,structural_features,accuracy,operation,11000,0.6649999999999999,0.01779513042005217,0.64,0.695,6,"1000,1001,1002,1003,1004,1005",67800,200,True
even-palindrome,structural_features,accuracy,operation,11200,0.6641666666666667,0.024051449482769684,0.62,0.695,6,"1000,1001,1002,1003,1004,1005",67800,200,True
even-palindrome,structural_features,accuracy,operation,11400,0.6525000000000001,0.018874586088176853,0.635,0.69,6,"1000,1001,1002,1003,1004,1005",67800,200,True
even-palindrome,structural_features,accuracy,operation,11600,0.6466666666666666,0.04896143607189462,0.57,0.73,6,"1000,1001,1002,1003,1004,1005",67800,200,True
even-palindrome,structural_features,accuracy,operation,11800,0.6449999999999999,0.025166114784235853,0.59,0.665,6,"1000,1001,1002,1003,1004,1005",67800,200,True
even-palindrome,structural_features,accuracy,operation,12000,0.6425000000000001,0.02340761984198025,0.605,0.675,6,"1000,1001,1002,1003,1004,1005",67800,200,True
even-palindrome,structural_features,accuracy,operation,12200,0.6266666666666666,0.029533408577782277,0.575,0.675,6,"1000,1001,1002,1003,1004,1005",67800,200,True
even-palindrome,structural_features,accuracy,operation,12400,0.6766666666666667,0.040276819911981905,0.63,0.76,6,"1000,1001,1002,1003,1004,1005",67800,200,True
even-palindrome,structural_features,accuracy,operation,12600,0.6566666666666667,0.03362373500305334,0.615,0.705,6,"1000,1001,1002,1003,1004,1005",67800,200,True
even-palindrome,structural_features,accuracy,operation,12800,0.6774999999999999,0.03388091891709352,0.62,0.73,6,"1000,1001,1002,1003,1004,1005",67800,200,True
even-palindrome,structural_features,accuracy,operation,13000,0.6550000000000001,0.05492419017761358,0.56,0.72,6,"1000,1001,1002,1003,1004,1005",67800,200,True
even-palindrome,structural_features,accuracy,operation,13200,0.6675,0.03816084380618436,0.61,0.725,6,"1000,1001,1002,1003,1004,1005",67800,200,True
even-palindrome,structural_features,accuracy,operation,13400,0.6683333333333334,0.042393657806589685,0.595,0.74,6,"1000,1001,1002,1003,1004,1005",67800,200,True
even-palindrome,structural_features,accuracy,operation,13600,0.6683333333333333,0.033124344857252984,0.61,0.715,6,"1000,1001,1002,1003,1004,1005",67800,200,True
even-palindrome,structural_features,accuracy,operation,13800,0.6408333333333333,0.05134983501001299,0.57,0.71,6,"1000,1001,1002,1003,1004,1005",67800,200,True
even-palindrome,structural_features,accuracy,operation,14000,0.6716666666666665,0.0410960933531265,0.605,0.72,6,"1000,1001,1002,1003,1004,1005",67800,200,True
even-palindrome,structural_features,accuracy,operation,14200,0.6733333333333333,0.04384315479321969,0.595,0.735,6,"1000,1001,1002,1003,1004,1005",67800,200,True
even-palindrome,structural_features,accuracy,operation,14400,0.6641666666666667,0.03779513490149521,0.615,0.72,6,"1000,1001,1002,1003,1004,1005",67800,200,True
even-palindrome,structural_features,accuracy,operation,14600,0.7066666666666667,0.04515405728048022,0.65,0.765,6,"1000,1001,1002,1003,1004,1005",67800,200,True
even-palindrome,structural_features,accuracy,operation,14800,0.7066666666666667,0.05030462757595523,0.64,0.795,6,"1000,1001,1002,1003,1004,1005",67800,200,True
even-palindrome,structural_features,accuracy,operation,15000,0.7124999999999999,0.04616546328154846,0.655,0.775,6,"1000,1001,1002,1003,1004,1005",67800,200,True
even-palindrome,structural_features,accuracy,operation,15200,0.6749999999999999,0.01825741858350552,0.64,0.695,6,"1000,1001,1002,1003,1004,1005",67800,200,True
even-palindrome,structural_features,accuracy,operation,15400,0.6816666666666665,0.042295258468165065,0.595,0.725,6,"1000,1001,1002,1003,1004,1005",67800,200,True
even-palindrome,structural_features,accuracy,operation,15600,0.6833333333333335,0.035668224265054484,0.61,0.715,6,"1000,1001,1002,1003,1004,1005",67800,200,True
even-palindrome,structural_features,accuracy,operation,15800,0.7141666666666667,0.025399584423546926,0.68,0.75,6,"1000,1001,1002,1003,1004,1005",67800,200,True
even-palindrome,structural_features,accuracy,operation,16000,0.68,0.0334165627596057,0.62,0.735,6,"1000,1001,1002,1003,1004,1005",67800,200,True
even-palindrome,structural_features,accuracy,operation,16200,0.6900000000000001,0.04618802153517006,0.62,0.77,6,"1000,1001,1002,1003,1004,1005",67800,200,True
even-palindrome,structural_features,accuracy,operation,16400,0.6575000000000001,0.013768926368215268,0.64,0.675,6,"1000,1001,1002,1003,1004,1005",67800,200,True
even-palindrome,structural_features,accuracy,operation,16600,0.6883333333333334,0.03737943582000966,0.625,0.745,6,"1000,1001,1002,1003,1004,1005",67800,200,True
even-palindrome,structural_features,accuracy,operation,16800,0.6875000000000001,0.03037954355593029,0.625,0.72,6,"1000,1001,1002,1003,1004,1005",67800,200,True
even-palindrome,structural_features,accuracy,operation,17000,0.7008333333333333,0.04147455712709767,0.635,0.765,6,"1000,1001,1002,1003,1004,1005",67800,200,True
even-palindrome,structural_features,accuracy,operation,17200,0.695,0.02972092416687833,0.65,0.74,6,"1000,1001,1002,1003,1004,1005",67800,200,True
even-palindrome,structural_features,accuracy,operation,17400,0.7133333333333334,0.04374801582802228,0.67,0.78,6,"1000,1001,1002,1003,1004,1005",67800,200,True
even-palindrome,structural_features,accuracy,operation,17600,0.6725,0.05764474535173754,0.605,0.75,6,"1000,1001,1002,1003,1004,1005",67800,200,True
even-palindrome,structural_features,accuracy,operation,17800,0.7041666666666667,0.06207634188821231,0.61,0.78,6,"1000,1001,1002,1003,1004,1005",67800,200,True
even-palindrome,structural_features,accuracy,operation,18000,0.7041666666666667,0.055333584336780095,0.625,0.77,6,"1000,1001,1002,1003,1004,1005",67800,200,True
even-palindrome,structural_features,accuracy,operation,18200,0.715,0.05901977069875256,0.66,0.84,6,"1000,1001,1002,1003,1004,1005",67800,200,True
even-palindrome,structural_features,accuracy,operation,18400,0.7116666666666666,0.030776975521032316,0.67,0.755,6,"1000,1001,1002,1003,1004,1005",67800,200,True
even-palindrome,structural_features,accuracy,operation,18600,0.7149999999999999,0.043397388554305125,0.625,0.765,6,"1000,1001,1002,1003,1004,1005",67800,200,True
even-palindrome,structural_features,accuracy,operation,18800,0.6916666666666665,0.036247605284885895,0.65,0.745,6,"1000,1001,1002,1003,1004,1005",67800,200,True
even-palindrome,structural_features,accuracy,operation,19000,0.7050000000000001,0.05780715065341543,0.62,0.795,6,"1000,1001,1002,1003,1004,1005",67800,200,True
even-palindrome,structural_features,accuracy,operation,19200,0.7116666666666666,0.02838231060987733,0.665,0.76,6,"1000,1001,1002,1003,1004,1005",67800,200,True
even-palindrome,structural_features,accuracy,operation,19400,0.7441666666666666,0.06425318842067076,0.645,0.835,6,"1000,1001,1002,1003,1004,1005",67800,200,True
even-palindrome,structural_features,accuracy,operation,19600,0.7533333333333334,0.0412983723112129,0.705,0.82,6,"1000,1001,1002,1003,1004,1005",67800,200,True
even-palindrome,structural_features,accuracy,operation,19800,0.7483333333333334,0.05280993172584952,0.655,0.835,6,"1000,1001,1002,1003,1004,1005",67800,200,True
even-palindrome,structural_features,accuracy,operation,20000,0.7766666666666667,0.05647024782032469,0.675,0.83,6,"1000,1001,1002,1003,1004,1005",67800,200,True
even-palindrome,structural_features,accuracy,operation,20200,0.775,0.06843488389215935,0.675,0.84,6,"1000,1001,1002,1003,1004,1005",67800,200,True
even-palindrome,structural_features,accuracy,operation,20400,0.77,0.04143267631552019,0.72,0.835,6,"1000,1001,1002,1003,1004,1005",67800,200,True
even-palindrome,structural_features,accuracy,operation,20600,0.7758333333333334,0.05011791651251629,0.685,0.835,6,"1000,1001,1002,1003,1004,1005",67800,200,True
even-palindrome,structural_features,accuracy,operation,20800,0.7891666666666667,0.04834051670757727,0.69,0.84,6,"1000,1001,1002,1003,1004,1005",67800,200,True
even-palindrome,structural_features,accuracy,operation,21000,0.785,0.04320493798938576,0.69,0.82,6,"1000,1001,1002,1003,1004,1005",67800,200,True
even-palindrome,structural_features,accuracy,operation,21200,0.7925000000000001,0.030923292192132443,0.74,0.825,6,"1000,1001,1002,1003,1004,1005",67800,200,True
even-palindrome,structural_features,accuracy,operation,21400,0.7983333333333332,0.044127340982912426,0.72,0.865,6,"1000,1001,1002,1003,1004,1005",67800,200,True
even-palindrome,structural_features,accuracy,operation,21600,0.7833333333333333,0.08517954892787091,0.62,0.87,6,"1000,1001,1002,1003,1004,1005",67800,200,True
even-palindrome,structural_features,accuracy,operation,21800,0.7916666666666666,0.04249182927993988,0.705,0.83,6,"1000,1001,1002,1003,1004,1005",67800,200,True
even-palindrome,structural_features,accuracy,operation,22000,0.8191666666666667,0.0386670258604006,0.78,0.89,6,"1000,1001,1002,1003,1004,1005",67800,200,True
even-palindrome,structural_features,accuracy,operation,22200,0.8058333333333333,0.05118729225978738,0.725,0.87,6,"1000,1001,1002,1003,1004,1005",67800,200,True
even-palindrome,structural_features,accuracy,operation,22400,0.8058333333333333,0.04885494402366618,0.72,0.88,6,"1000,1001,1002,1003,1004,1005",67800,200,True
even-palindrome,structural_features,accuracy,operation,22600,0.83,0.03989569734528607,0.78,0.89,6,"1000,1001,1002,1003,1004,1005",67800,200,True
even-palindrome,structural_features,accuracy,operation,22800,0.7975,0.049223131418741184,0.735,0.86,6,"1000,1001,1002,1003,1004,1005",67800,200,True
even-palindrome,structural_features,accuracy,operation,23000,0.7891666666666667,0.04919490714381813,0.725,0.845,6,"1000,1001,1002,1003,1004,1005",67800,200,True
even-palindrome,structural_features,accuracy,operation,23200,0.8108333333333332,0.03206980234148974,0.755,0.845,6,"1000,1001,1002,1003,1004,1005",67800,200,True
even-palindrome,structural_features,accuracy,operation,23400,0.8191666666666668,0.04314864488666539,0.755,0.895,6,"1000,1001,1002,1003,1004,1005",67800,200,True
even-palindrome,structural_features,accuracy,operation,23600,0.8183333333333334,0.056174331821175726,0.72,0.905,6,"1000,1001,1002,1003,1004,1005",67800,200,True
even-palindrome,structural_features,accuracy,operation,23800,0.8375,0.06811448695639817,0.71,0.92,6,"1000,1001,1002,1003,1004,1005",67800,200,True
even-palindrome,structural_features,accuracy,operation,24000,0.8358333333333334,0.03296673407475413,0.77,0.875,6,"1000,1001,1002,1003,1004,1005",67800,200,True
even-palindrome,structural_features,accuracy,operation,24200,0.8383333333333334,0.025440562537456243,0.805,0.865,6,"1000,1001,1002,1003,1004,1005",67800,200,True
even-palindrome,structural_features,accuracy,operation,24400,0.8450000000000001,0.049916597106239795,0.765,0.92,6,"1000,1001,1002,1003,1004,1005",67800,200,True
even-palindrome,structural_features,accuracy,operation,24600,0.8174999999999999,0.0359107690440254,0.745,0.86,6,"1000,1001,1002,1003,1004,1005",67800,200,True
even-palindrome,structural_features,accuracy,operation,24800,0.8641666666666667,0.03587207208338484,0.82,0.925,6,"1000,1001,1002,1003,1004,1005",67800,200,True
even-palindrome,structural_features,accuracy,operation,25000,0.855,0.022912878474779217,0.815,0.885,6,"1000,1001,1002,1003,1004,1005",67800,200,True
even-palindrome,structural_features,accuracy,operation,25200,0.8633333333333333,0.02671869923646902,0.83,0.9,6,"1000,1001,1002,1003,1004,1005",67800,200,True
even-palindrome,structural_features,accuracy,operation,25400,0.8775,0.02250000000000002,0.84,0.915,6,"1000,1001,1002,1003,1004,1005",67800,200,True
even-palindrome,structural_features,accuracy,operation,25600,0.8399999999999999,0.011547005383792526,0.825,0.86,6,"1000,1001,1002,1003,1004,1005",67800,200,True
even-palindrome,structural_features,accuracy,operation,25800,0.8708333333333332,0.04503856372290552,0.8,0.945,6,"1000,1001,1002,1003,1004,1005",67800,200,True
even-palindrome,structural_features,accuracy,operation,26000,0.8816666666666667,0.04533823502911813,0.8,0.945,6,"1000,1001,1002,1003,1004,1005",67800,200,True
even-palindrome,structural_features,accuracy,operation,26200,0.8516666666666667,0.049469406932186114,0.77,0.925,6,"1000,1001,1002,1003,1004,1005",67800,200,True
even-palindrome,structural_features,accuracy,operation,26400,0.8491666666666666,0.08833726406348694,0.655,0.92,6,"1000,1001,1002,1003,1004,1005",67800,200,True
even-palindrome,structural_features,accuracy,operation,26600,0.8383333333333333,0.07295356209413098,0.71,0.93,6,"1000,1001,1002,1003,1004,1005",67800,200,True
even-palindrome,structural_features,accuracy,operation,26800,0.8308333333333334,0.09253002515700272,0.635,0.915,6,"1000,1001,1002,1003,1004,1005",67800,200,True
even-palindrome,structural_features,accuracy,operation,27000,0.8533333333333334,0.06315765107165472,0.765,0.915,6,"1000,1001,1002,1003,1004,1005",67800,200,True
even-palindrome,structural_features,accuracy,operation,27200,0.8516666666666667,0.06491447364716815,0.735,0.94,6,"1000,1001,1002,1003,1004,1005",67800,200,True
even-palindrome,structural_features,accuracy,operation,27400,0.8424999999999999,0.08199339404285363,0.67,0.93,6,"1000,1001,1002,1003,1004,1005",67800,200,True
even-palindrome,structural_features,accuracy,operation,27600,0.8516666666666666,0.07646713164636308,0.695,0.94,6,"1000,1001,1002,1003,1004,1005",67800,200,True
even-palindrome,structural_features,accuracy,operation,27800,0.8675,0.060535802078880006,0.76,0.955,6,"1000,1001,1002,1003,1004,1005",67800,200,True
even-palindrome,structural_features,accuracy,operation,28000,0.8533333333333334,0.06439893028787219,0.735,0.955,6,"1000,1001,1002,1003,1004,1005",67800,200,True
even-palindrome,structural_features,accuracy,operation,28200,0.86,0.06701989754294367,0.735,0.96,6,"1000,1001,1002,1003,1004,1005",67800,200,True
even-palindrome,structural_features,accuracy,operation,28400,0.8374999999999999,0.054294720430873085,0.74,0.915,6,"1000,1001,1002,1003,1004,1005",67800,200,True
even-palindrome,structural_features,accuracy,operation,28600,0.8841666666666667,0.046495220781877726,0.81,0.945,6,"1000,1001,1002,1003,1004,1005",67800,200,True
even-palindrome,structural_features,accuracy,operation,28800,0.8858333333333334,0.03667613514110898,0.83,0.95,6,"1000,1001,1002,1003,1004,1005",67800,200,True
even-palindrome,structural_features,accuracy,operation,29000,0.8841666666666667,0.04014729823481968,0.85,0.97,6,"1000,1001,1002,1003,1004,1005",67800,200,True
even-palindrome,structural_features,accuracy,operation,29200,0.8783333333333333,0.06309164410249234,0.765,0.97,6,"1000,1001,1002,1003,1004,1005",67800,200,True
even-palindrome,structural_features,accuracy,operation,29400,0.9066666666666667,0.03901566636906542,0.85,0.975,6,"1000,1001,1002,1003,1004,1005",67800,200,True
even-palindrome,structural_features,accuracy,operation,29600,0.9066666666666667,0.03836954811073779,0.865,0.985,6,"1000,1001,1002,1003,1004,1005",67800,200,True
even-palindrome,structural_features,accuracy,operation,29800,0.9083333333333335,0.019507833184532693,0.885,0.945,6,"1000,1001,1002,1003,1004,1005",67800,200,True
even-palindrome,structural_features,accuracy,operation,30000,0.9008333333333333,0.03866702586040061,0.83,0.945,6,"1000,1001,1002,1003,1004,1005",67800,200,True
even-palindrome,structural_features,accuracy,operation,30200,0.9116666666666666,0.03236081306491266,0.87,0.975,6,"1000,1001,1002,1003,1004,1005",67800,200,True
even-palindrome,structural_features,accuracy,operation,30400,0.9066666666666666,0.05654398484562458,0.825,0.99,6,"1000,1001,1002,1003,1004,1005",67800,200,True
even-palindrome,structural_features,accuracy,operation,30600,0.9116666666666666,0.03448026810929534,0.855,0.965,6,"1000,1001,1002,1003,1004,1005",67800,200,True
even-palindrome,structural_features,accuracy,operation,30800,0.9283333333333333,0.03472111109333275,0.885,0.985,6,"1000,1001,1002,1003,1004,1005",67800,200,True
even-palindrome,structural_features,accuracy,operation,31000,0.9066666666666667,0.046785562825394,0.855,0.975,6,"1000,1001,1002,1003,1004,1005",67800,200,True
even-palindrome,structural_features,accuracy,operation,31200,0.8958333333333334,0.051024231716138777,0.82,0.965,6,"1000,1001,1002,1003,1004,1005",67800,200,True
even-palindrome,structural_features,accuracy,operation,31400,0.9125,0.04210601698886592,0.86,0.97,6,"1000,1001,1002,1003,1004,1005",67800,200,True
even-palindrome,structural_features,accuracy,operation,31600,0.9266666666666667,0.03715582801601324,0.885,0.985,6,"1000,1001,1002,1003,1004,1005",67800,200,True
even-palindrome,structural_features,accuracy,operation,31800,0.9125000000000001,0.03761094698798918,0.855,0.955,6,"1000,1001,1002,1003,1004,1005",67800,200,True
even-palindrome,structural_features,accuracy,operation,32000,0.9216666666666667,0.03975620147292187,0.87,0.985,6,"1000,1001,1002,1003,1004,1005",67800,200,True
even-palindrome,structural_features,accuracy,operation,32200,0.9208333333333333,0.03206980234148976,0.865,0.975,6,"1000,1001,1002,1003,1004,1005",67800,200,True
even-palindrome,structural_features,accuracy,operation,32400,0.9333333333333335,0.04099457958749613,0.88,0.99,6,"1000,1001,1002,1003,1004,1005",67800,200,True
even-palindrome,structural_features,accuracy,operation,32600,0.9316666666666666,0.030505008696205187,0.905,0.985,6,"1000,1001,1002,1003,1004,1005",67800,200,True
even-palindrome,structural_features,accuracy,operation,32800,0.9316666666666666,0.02640496586292474,0.895,0.975,6,"1000,1001,1002,1003,1004,1005",67800,200,True
even-palindrome,structural_features,accuracy,operation,33000,0.9225,0.05194147347415807,0.855,0.995,6,"1000,1001,1002,1003,1004,1005",67800,200,True
even-palindrome,structural_features,accuracy,operation,33200,0.9358333333333334,0.03493048652522446,0.895,0.995,6,"1000,1001,1002,1003,1004,1005",67800,200,True
even-palindrome,structural_features,accuracy,operation,33400,0.9233333333333335,0.03659083066683357,0.86,0.98,6,"1000,1001,1002,1003,1004,1005",67800,200,True
even-palindrome,structural_features,accuracy,operation,33600,0.9266666666666667,0.03880148908940937,0.885,0.985,6,"1000,1001,1002,1003,1004,1005",67800,200,True
even-palindrome,structural_features,accuracy,operation,33800,0.9258333333333333,0.04066290966251949,0.865,0.98,6,"1000,1001,1002,1003,1004,1005",67800,200,True
even-palindrome,structural_features,accuracy,operation,34000,0.9308333333333333,0.03644821288104838,0.895,0.99,6,"1000,1001,1002,1003,1004,1005",67800,200,True
even-palindrome,structural_features,accuracy,operation,34200,0.9225,0.04140752749601613,0.88,0.985,6,"1000,1001,1002,1003,1004,1005",67800,200,True
even-palindrome,structural_features,accuracy,operation,34400,0.9225,0.0344903368109581,0.89,0.975,6,"1000,1001,1002,1003,1004,1005",67800,200,True
even-palindrome,structural_features,accuracy,operation,34600,0.9316666666666666,0.03274480450731415,0.9,0.99,6,"1000,1001,1002,1003,1004,1005",67800,200,True
even-palindrome,structural_features,accuracy,operation,34800,0.9183333333333333,0.053515314526674414,0.83,0.985,6,"1000,1001,1002,1003,1004,1005",67800,200,True
even-palindrome,structural_features,accuracy,operation,35000,0.9416666666666665,0.03507927529974863,0.905,0.995,6,"1000,1001,1002,1003,1004,1005",67800,200,True
even-palindrome,structural_features,accuracy,operation,35200,0.9458333333333334,0.03232860790211803,0.905,0.995,6,"1000,1001,1002,1003,1004,1005",67800,200,True
even-palindrome,structural_features,accuracy,operation,35400,0.9333333333333332,0.0410960933531265,0.885,0.99,6,"1000,1001,1002,1003,1004,1005",67800,200,True
even-palindrome,structural_features,accuracy,operation,35600,0.9266666666666667,0.049637575372784765,0.865,0.99,6,"1000,1001,1002,1003,1004,1005",67800,200,True
even-palindrome,structural_features,accuracy,operation,35800,0.9241666666666667,0.051024231716138777,0.84,1.0,6,"1000,1001,1002,1003,1004,1005",67800,200,True
even-palindrome,structural_features,accuracy,operation,36000,0.9216666666666665,0.026087459737497518,0.895,0.96,6,"1000,1001,1002,1003,1004,1005",67800,200,True
even-palindrome,structural_features,accuracy,operation,36200,0.9241666666666667,0.030470842164637028,0.885,0.98,6,"1000,1001,1002,1003,1004,1005",67800,200,True
even-palindrome,structural_features,accuracy,operation,36400,0.9416666666666668,0.03399346342395188,0.9,0.99,6,"1000,1001,1002,1003,1004,1005",67800,200,True
even-palindrome,structural_features,accuracy,operation,36600,0.9341666666666667,0.037574001058651635,0.89,0.995,6,"1000,1001,1002,1003,1004,1005",67800,200,True
even-palindrome,structural_features,accuracy,operation,36800,0.9349999999999999,0.03593976442141302,0.9,0.99,6,"1000,1001,1002,1003,1004,1005",67800,200,True
even-palindrome,structural_features,accuracy,operation,37000,0.9541666666666666,0.02243818669639376,0.92,0.99,6,"1000,1001,1002,1003,1004,1005",67800,200,True
even-palindrome,structural_features,accuracy,operation,37200,0.9258333333333334,0.03898895855096527,0.865,0.98,6,"1000,1001,1002,1003,1004,1005",67800,200,True
even-palindrome,structural_features,accuracy,operation,37400,0.9458333333333333,0.03232860790211802,0.9,0.99,6,"1000,1001,1002,1003,1004,1005",67800,200,True
even-palindrome,structural_features,accuracy,operation,37600,0.93,0.03265986323710902,0.9,0.98,6,"1000,1001,1002,1003,1004,1005",67800,200,True
even-palindrome,structural_features,accuracy,operation,37800,0.9383333333333335,0.04606758320361751,0.85,1.0,6,"1000,1001,1002,1003,1004,1005",67800,200,True
even-palindrome,structural_features,accuracy,operation,38000,0.9316666666666668,0.039440531887330765,0.87,0.99,6,"1000,1001,1002,1003,1004,1005",67800,200,True
even-palindrome,structural_features,accuracy,operation,38200,0.8841666666666667,0.06392812804670221,0.77,0.985,6,"1000,1001,1002,1003,1004,1005",67800,200,True
even-palindrome,structural_features,accuracy,operation,38400,0.9066666666666666,0.05864204028586392,0.785,0.975,6,"1000,1001,1002,1003,1004,1005",67800,200,True
even-palindrome,structural_features,accuracy,operation,38600,0.9516666666666667,0.031446603773522,0.92,1.0,6,"1000,1001,1002,1003,1004,1005",67800,200,True
even-palindrome,structural_features,accuracy,operation,38800,0.9233333333333333,0.03826080094416331,0.88,0.98,6,"1000,1001,1002,1003,1004,1005",67800,200,True
even-palindrome,structural_features,accuracy,operation,39000,0.9316666666666666,0.032617309651301524,0.9,0.985,6,"1000,1001,1002,1003,1004,1005",67800,200,True
even-palindrome,structural_features,accuracy,operation,39200,0.9441666666666667,0.03540440964374666,0.89,0.99,6,"1000,1001,1002,1003,1004,1005",67800,200,True
even-palindrome,structural_features,accuracy,operation,39400,0.9408333333333334,0.037574001058651635,0.905,0.995,6,"1000,1001,1002,1003,1004,1005",67800,200,True
even-palindrome,structural_features,accuracy,operation,39600,0.9358333333333334,0.044945955200539324,0.88,1.0,6,"1000,1001,1002,1003,1004,1005",67800,200,True
even-palindrome,structural_features,accuracy,operation,39800,0.9283333333333333,0.043938087754880215,0.865,0.995,6,"1000,1001,1002,1003,1004,1005",67800,200,True
even-palindrome,structural_features,accuracy,operation,40000,0.9366666666666666,0.038151743807531974,0.88,0.995,6,"1000,1001,1002,1003,1004,1005",67800,200,True
even-palindrome,structural_features,accuracy,operation,40200,0.9391666666666666,0.03823356582318152,0.9,0.995,6,"1000,1001,1002,1003,1004,1005",67800,200,True
even-palindrome,structural_features,accuracy,operation,40400,0.9341666666666667,0.04640551930775284,0.855,0.995,6,"1000,1001,1002,1003,1004,1005",67800,200,True
even-palindrome,structural_features,accuracy,operation,40600,0.9516666666666667,0.03507927529974863,0.91,1.0,6,"1000,1001,1002,1003,1004,1005",67800,200,True
even-palindrome,structural_features,accuracy,operation,40800,0.9483333333333333,0.02339278141269698,0.925,0.995,6,"1000,1001,1002,1003,1004,1005",67800,200,True
even-palindrome,structural_features,accuracy,operation,41000,0.9341666666666666,0.035521902476578514,0.865,0.975,6,"1000,1001,1002,1003,1004,1005",67800,200,True
even-palindrome,structural_features,accuracy,operation,41200,0.9316666666666666,0.0329983164553722,0.89,0.99,6,"1000,1001,1002,1003,1004,1005",67800,200,True
even-palindrome,structural_features,accuracy,operation,41400,0.9391666666666666,0.04256530929707377,0.875,0.995,6,"1000,1001,1002,1003,1004,1005",67800,200,True
even-palindrome,structural_features,accuracy,operation,41600,0.9416666666666668,0.032231799343022845,0.895,1.0,6,"1000,1001,1002,1003,1004,1005",67800,200,True
even-palindrome,structural_features,accuracy,operation,41800,0.9433333333333334,0.03223179934302284,0.905,0.985,6,"1000,1001,1002,1003,1004,1005",67800,200,True
even-palindrome,structural_features,accuracy,operation,42000,0.9491666666666667,0.03746294465498169,0.895,1.0,6,"1000,1001,1002,1003,1004,1005",67800,200,True
even-palindrome,structural_features,accuracy,operation,42200,0.9441666666666667,0.03701538719085466,0.905,0.995,6,"1000,1001,1002,1003,1004,1005",67800,200,True
even-palindrome,structural_features,accuracy,operation,42400,0.945,0.04173328008516304,0.875,1.0,6,"1000,1001,1002,1003,1004,1005",67800,200,True
even-palindrome,structural_features,accuracy,operation,42600,0.9441666666666667,0.04207301853788111,0.88,0.995,6,"1000,1001,1002,1003,1004,1005",67800,200,True
even-palindrome,structural_features,accuracy,operation,42800,0.9391666666666666,0.0344500443476573,0.875,0.975,6,"1000,1001,1002,1003,1004,1005",67800,200,True
even-palindrome,structural_features,accuracy,operation,43000,0.9474999999999999,0.022867371223353715,0.915,0.98,6,"1000,1001,1002,1003,1004,1005",67800,200,True
even-palindrome,structural_features,accuracy,operation,43200,0.9358333333333332,0.027600825269465307,0.915,0.995,6,"1000,1001,1002,1003,1004,1005",67800,200,True
even-palindrome,structural_features,accuracy,operation,43400,0.9391666666666666,0.04256530929707377,0.86,0.985,6,"1000,1001,1002,1003,1004,1005",67800,200,True
even-palindrome,structural_features,accuracy,operation,43600,0.9316666666666666,0.03555121501283588,0.895,0.995,6,"1000,1001,1002,1003,1004,1005",67800,200,True
even-palindrome,structural_features,accuracy,operation,43800,0.9416666666666668,0.03590109871423001,0.905,0.995,6,"1000,1001,1002,1003,1004,1005",67800,200,True
even-palindrome,structural_features,accuracy,operation,44000,0.9425,0.03602661053536212,0.91,0.995,6,"1000,1001,1002,1003,1004,1005",67800,200,True
even-palindrome,structural_features,accuracy,operation,44200,0.945,0.047081489639418446,0.855,1.0,6,"1000,1001,1002,1003,1004,1005",67800,200,True
even-palindrome,structural_features,accuracy,operation,44400,0.9425,0.03837859646556483,0.895,0.995,6,"1000,1001,1002,1003,1004,1005",67800,200,True
even-palindrome,structural_features,accuracy,operation,44600,0.9433333333333334,0.0348409082672781,0.89,0.995,6,"1000,1001,1002,1003,1004,1005",67800,200,True
even-palindrome,structural_features,accuracy,operation,44800,0.9450000000000002,0.03593976442141302,0.905,0.99,6,"1000,1001,1002,1003,1004,1005",67800,200,True
even-palindrome,structural_features,accuracy,operation,45000,0.9441666666666668,0.04207301853788111,0.89,1.0,6,"1000,1001,1002,1003,1004,1005",67800,200,True
even-palindrome,structural_features,accuracy,operation,45200,0.9474999999999999,0.03966001344763597,0.885,1.0,6,"1000,1001,1002,1003,1004,1005",67800,200,True
even-palindrome,structural_features,accuracy,operation,45400,0.9500000000000001,0.036968455021364706,0.905,1.0,6,"1000,1001,1002,1003,1004,1005",67800,200,True
even-palindrome,structural_features,accuracy,operation,45600,0.9308333333333332,0.04117206442345207,0.88,0.99,6,"1000,1001,1002,1003,1004,1005",67800,200,True
even-palindrome,structural_features,accuracy,operation,45800,0.9483333333333336,0.03387066905483594,0.895,0.995,6,"1000,1001,1002,1003,1004,1005",67800,200,True
even-palindrome,structural_features,accuracy,operation,46000,0.94,0.04760952285695233,0.865,1.0,6,"1000,1001,1002,1003,1004,1005",67800,200,True
even-palindrome,structural_features,accuracy,operation,46200,0.9500000000000001,0.032659863237109024,0.915,0.995,6,"1000,1001,1002,1003,1004,1005",67800,200,True
even-palindrome,structural_features,accuracy,operation,46400,0.9291666666666667,0.05271121533622823,0.84,1.0,6,"1000,1001,1002,1003,1004,1005",67800,200,True
even-palindrome,structural_features,accuracy,operation,46600,0.945,0.03785938897200181,0.895,1.0,6,"1000,1001,1002,1003,1004,1005",67800,200,True
even-palindrome,structural_features,accuracy,operation,46800,0.9591666666666666,0.026206975322527297,0.93,1.0,6,"1000,1001,1002,1003,1004,1005",67800,200,True
even-palindrome,structural_features,accuracy,operation,47000,0.9425,0.032627953250753135,0.915,0.99,6,"1000,1001,1002,1003,1004,1005",67800,200,True
even-palindrome,structural_features,accuracy,operation,47200,0.9466666666666668,0.04058598553961972,0.9,1.0,6,"1000,1001,1002,1003,1004,1005",67800,200,True
even-palindrome,structural_features,accuracy,operation,47400,0.9508333333333333,0.03621885635350121,0.905,1.0,6,"1000,1001,1002,1003,1004,1005",67800,200,True
even-palindrome,structural_features,accuracy,operation,47600,0.9575,0.025289984842489188,0.935,0.995,6,"1000,1001,1002,1003,1004,1005",67800,200,True
even-palindrome,structural_features,accuracy,operation,47800,0.9466666666666668,0.030092450142112957,0.91,0.99,6,"1000,1001,1002,1003,1004,1005",67800,200,True
even-palindrome,structural_features,accuracy,operation,48000,0.9424999999999999,0.03300883720056391,0.89,0.99,6,"1000,1001,1002,1003,1004,1005",67800,200,True
even-palindrome,structural_features,accuracy,operation,48200,0.9566666666666666,0.02494438257849294,0.92,1.0,6,"1000,1001,1002,1003,1004,1005",67800,200,True
even-palindrome,structural_features,accuracy,operation,48400,0.9608333333333333,0.026679684322636857,0.93,1.0,6,"1000,1001,1002,1003,1004,1005",67800,200,True
even-palindrome,structural_features,accuracy,operation,48600,0.9483333333333333,0.02995366792601902,0.92,0.995,6,"1000,1001,1002,1003,1004,1005",67800,200,True
even-palindrome,structural_features,accuracy,operation,48800,0.9333333333333332,0.05225471802196962,0.825,0.99,6,"1000,1001,1002,1003,1004,1005",67800,200,True
even-palindrome,structural_features,accuracy,operation,49000,0.94,0.04310839052125853,0.86,0.99,6,"1000,1001,1002,1003,1004,1005",67800,200,True
even-palindrome,structural_features,accuracy,operation,49200,0.9391666666666666,0.035049568074688474,0.88,0.99,6,"1000,1001,1002,1003,1004,1005",67800,200,True
even-palindrome,structural_features,accuracy,operation,49400,0.9508333333333333,0.03060727945367824,0.91,0.99,6,"1000,1001,1002,1003,1004,1005",67800,200,True
even-palindrome,structural_features,accuracy,operation,49600,0.9683333333333334,0.02527625148017183,0.925,1.0,6,"1000,1001,1002,1003,1004,1005",67800,200,True
even-palindrome,structural_features,accuracy,operation,49800,0.9433333333333334,0.03681787005729086,0.875,0.995,6,"1000,1001,1002,1003,1004,1005",67800,200,True
even-palindrome,structural_features,accuracy,operation,50000,0.9466666666666667,0.041399141161247384,0.895,1.0,6,"1000,1001,1002,1003,1004,1005",67800,200,True
even-palindrome,structural_features,accuracy,operation,50200,0.9591666666666665,0.027297232256931984,0.93,0.995,6,"1000,1001,1002,1003,1004,1005",67800,200,True
even-palindrome,structural_features,accuracy,operation,50400,0.9525,0.03794184145944069,0.885,1.0,6,"1000,1001,1002,1003,1004,1005",67800,200,True
even-palindrome,structural_features,accuracy,operation,50600,0.9558333333333334,0.029214246904930147,0.92,1.0,6,"1000,1001,1002,1003,1004,1005",67800,200,True
even-palindrome,structural_features,accuracy,operation,50800,0.945,0.03883726732577013,0.895,0.995,6,"1000,1001,1002,1003,1004,1005",67800,200,True
even-palindrome,structural_features,accuracy,operation,51000,0.9558333333333332,0.02370243775554648,0.925,0.995,6,"1000,1001,1002,1003,1004,1005",67800,200,True
even-palindrome,structural_features,accuracy,operation,51200,0.9500000000000001,0.025819888974716095,0.91,0.985,6,"1000,1001,1002,1003,1004,1005",67800,200,True
even-palindrome,structural_features,accuracy,operation,51400,0.9624999999999999,0.022314046398326466,0.93,0.995,6,"1000,1001,1002,1003,1004,1005",67800,200,True
even-palindrome,structural_features,accuracy,operation,51600,0.945,0.03265986323710902,0.91,0.995,6,"1000,1001,1002,1003,1004,1005",67800,200,True
even-palindrome,structural_features,accuracy,operation,51800,0.9483333333333333,0.02687419249432849,0.9,0.99,6,"1000,1001,1002,1003,1004,1005",67800,200,True
even-palindrome,structural_features,accuracy,operation,52000,0.9550000000000001,0.021984843263788186,0.935,0.99,6,"1000,1001,1002,1003,1004,1005",67800,200,True
even-palindrome,structural_features,accuracy,operation,52200,0.9516666666666667,0.02321398046197351,0.92,0.985,6,"1000,1001,1002,1003,1004,1005",67800,200,True
even-palindrome,structural_features,accuracy,operation,52400,0.9425000000000002,0.03579455265819086,0.905,0.995,6,"1000,1001,1002,1003,1004,1005",67800,200,True
even-palindrome,structural_features,accuracy,operation,52600,0.9558333333333334,0.02729723225693198,0.92,1.0,6,"1000,1001,1002,1003,1004,1005",67800,200,True
even-palindrome,structural_features,accuracy,operation,52800,0.9649999999999999,0.021984843263788217,0.94,0.995,6,"1000,1001,1002,1003,1004,1005",67800,200,True
even-palindrome,structural_features,accuracy,operation,53000,0.9466666666666667,0.024944382578492918,0.92,0.985,6,"1000,1001,1002,1003,1004,1005",67800,200,True
even-palindrome,structural_features,accuracy,operation,53200,0.9633333333333334,0.030230595245361737,0.92,1.0,6,"1000,1001,1002,1003,1004,1005",67800,200,True
even-palindrome,structural_features,accuracy,operation,53400,0.9583333333333334,0.027788886667555118,0.935,1.0,6,"1000,1001,1002,1003,1004,1005",67800,200,True
even-palindrome,structural_features,accuracy,operation,53600,0.9466666666666668,0.03299831645537219,0.915,1.0,6,"1000,1001,1002,1003,1004,1005",67800,200,True
even-palindrome,structural_features,accuracy,operation,53800,0.9624999999999999,0.02577951383043001,0.925,0.995,6,"1000,1001,1002,1003,1004,1005",67800,200,True
even-palindrome,structural_features,accuracy,operation,54000,0.9674999999999999,0.02625991876098122,0.935,1.0,6,"1000,1001,1002,1003,1004,1005",67800,200,True
even-palindrome,structural_features,accuracy,operation,54200,0.9591666666666666,0.028198207192814365,0.925,1.0,6,"1000,1001,1002,1003,1004,1005",67800,200,True
even-palindrome,structural_features,accuracy,operation,54400,0.9541666666666667,0.03359274061791061,0.915,1.0,6,"1000,1001,1002,1003,1004,1005",67800,200,True
even-palindrome,structural_features,accuracy,operation,54600,0.9608333333333333,0.022988523706889526,0.925,0.99,6,"1000,1001,1002,1003,1004,1005",67800,200,True
even-palindrome,structural_features,accuracy,operation,54800,0.9566666666666667,0.029107081994288297,0.93,1.0,6,"1000,1001,1002,1003,1004,1005",67800,200,True
even-palindrome,structural_features,accuracy,operation,55000,0.9574999999999999,0.017736497211493958,0.93,0.98,6,"1000,1001,1002,1003,1004,1005",67800,200,True
even-palindrome,structural_features,accuracy,operation,55200,0.9716666666666667,0.0265622957508487,0.92,1.0,6,"1000,1001,1002,1003,1004,1005",67800,200,True
even-palindrome,structural_features,accuracy,operation,55400,0.9516666666666667,0.028235123910162335,0.925,0.99,6,"1000,1001,1002,1003,1004,1005",67800,200,True
even-palindrome,structural_features,accuracy,operation,55600,0.96,0.026614532371118847,0.915,1.0,6,"1000,1001,1002,1003,1004,1005",67800,200,True
even-palindrome,structural_features,accuracy,operation,55800,0.9550000000000001,0.02380476142847615,0.93,0.99,6,"1000,1001,1002,1003,1004,1005",67800,200,True
even-palindrome,structural_features,accuracy,operation,56000,0.96,0.028136571693556878,0.91,0.995,6,"1000,1001,1002,1003,1004,1005",67800,200,True
even-palindrome,structural_features,accuracy,operation,56200,0.96,0.022546248764114468,0.93,0.99,6,"1000,1001,1002,1003,1004,1005",67800,200,True
even-palindrome,structural_features,accuracy,operation,56400,0.9541666666666666,0.025235006549544504,0.925,0.985,6,"1000,1001,1002,1003,1004,1005",67800,200,True
even-palindrome,structural_features,accuracy,operation,56600,0.9624999999999999,0.01887458608817689,0.94,0.99,6,"1000,1001,1002,1003,1004,1005",67800,200,True
even-palindrome,structural_features,accuracy,operation,56800,0.96,0.02753785273643049,0.93,1.0,6,"1000,1001,1002,1003,1004,1005",67800,200,True
even-palindrome,structural_features,accuracy,operation,57000,0.9516666666666668,0.036476781047065476,0.895,1.0,6,"1000,1001,1002,1003,1004,1005",67800,200,True
even-palindrome,structural_features,accuracy,operation,57200,0.9575,0.03037954355593031,0.915,1.0,6,"1000,1001,1002,1003,1004,1005",67800,200,True
even-palindrome,structural_features,accuracy,operation,57400,0.9666666666666668,0.02608745973749755,0.935,1.0,6,"1000,1001,1002,1003,1004,1005",67800,200,True
even-palindrome,structural_features,accuracy,operation,57600,0.9591666666666666,0.03232860790211802,0.91,0.995,6,"1000,1001,1002,1003,1004,1005",67800,200,True
even-palindrome,structural_features,accuracy,operation,57800,0.9691666666666667,0.01923899396769201,0.95,1.0,6,"1000,1001,1002,1003,1004,1005",67800,200,True
even-palindrome,structural_features,accuracy,operation,58000,0.9741666666666666,0.016180406532456348,0.955,1.0,6,"1000,1001,1002,1003,1004,1005",67800,200,True
even-palindrome,structural_features,accuracy,operation,58200,0.9724999999999998,0.0217466472511665,0.945,1.0,6,"1000,1001,1002,1003,1004,1005",67800,200,True
even-palindrome,structural_features,accuracy,operation,58400,0.96,0.026457513110645904,0.925,0.995,6,"1000,1001,1002,1003,1004,1005",67800,200,True
even-palindrome,structural_features,accuracy,operation,58600,0.9541666666666666,0.02878319339861755,0.92,1.0,6,"1000,1001,1002,1003,1004,1005",67800,200,True
even-palindrome,structural_features,accuracy,operation,58800,0.9491666666666667,0.03575572992154154,0.905,1.0,6,"1000,1001,1002,1003,1004,1005",67800,200,True
even-palindrome,structural_features,accuracy,operation,59000,0.9525,0.02897556441785617,0.91,0.99,6,"1000,1001,1002,1003,1004,1005",67800,200,True
even-palindrome,structural_features,accuracy,operation,59200,0.9541666666666666,0.026835403646841012,0.92,1.0,6,"1000,1001,1002,1003,1004,1005",67800,200,True
even-palindrome,structural_features,accuracy,operation,59400,0.9600000000000001,0.043684474740270526,0.87,1.0,6,"1000,1001,1002,1003,1004,1005",67800,200,True
even-palindrome,structural_features,accuracy,operation,59600,0.9708333333333333,0.01812380264244297,0.95,0.995,6,"1000,1001,1002,1003,1004,1005",67800,200,True
even-palindrome,structural_features,accuracy,operation,59800,0.9633333333333334,0.03210226714043035,0.92,1.0,6,"1000,1001,1002,1003,1004,1005",67800,200,True
even-palindrome,structural_features,accuracy,operation,60000,0.9691666666666666,0.02699022456783607,0.92,1.0,6,"1000,1001,1002,1003,1004,1005",67800,200,True
even-palindrome,structural_features,accuracy,operation,60200,0.9541666666666666,0.030196118219989045,0.91,0.995,6,"1000,1001,1002,1003,1004,1005",67800,200,True
even-palindrome,structural_features,accuracy,operation,60400,0.975,0.0177951304200522,0.96,1.0,6,"1000,1001,1002,1003,1004,1005",67800,200,True
even-palindrome,structural_features,accuracy,operation,60600,0.9700000000000001,0.025166114784235853,0.94,1.0,6,"1000,1001,1002,1003,1004,1005",67800,200,True
even-palindrome,structural_features,accuracy,operation,60800,0.9583333333333334,0.028235123910162342,0.915,0.995,6,"1000,1001,1002,1003,1004,1005",67800,200,True
even-palindrome,structural_features,accuracy,operation,61000,0.9724999999999998,0.012500000000000011,0.955,0.995,6,"1000,1001,1002,1003,1004,1005",67800,200,True
even-palindrome,structural_features,accuracy,operation,61200,0.9641666666666667,0.027297232256932,0.93,1.0,6,"1000,1001,1002,1003,1004,1005",67800,200,True
even-palindrome,structural_features,accuracy,operation,61400,0.9658333333333333,0.018577914008006607,0.93,0.99,6,"1000,1001,1002,1003,1004,1005",67800,200,True
even-palindrome,structural_features,accuracy,operation,61600,0.9633333333333333,0.02953340857778224,0.905,1.0,6,"1000,1001,1002,1003,1004,1005",67800,200,True
even-palindrome,structural_features,accuracy,operation,61800,0.96,0.02629955639676583,0.92,1.0,6,"1000,1001,1002,1003,1004,1005",67800,200,True
even-palindrome,structural_features,accuracy,operation,62000,0.9550000000000001,0.031490739379485294,0.905,0.995,6,"1000,1001,1002,1003,1004,1005",67800,200,True
even-palindrome,structural_features,accuracy,operation,62200,0.955,0.027988092706244434,0.9,0.98,6,"1000,1001,1002,1003,1004,1005",67800,200,True
even-palindrome,structural_features,accuracy,operation,62400,0.9500000000000001,0.04462809279665294,0.87,1.0,6,"1000,1001,1002,1003,1004,1005",67800,200,True
even-palindrome,structural_features,accuracy,operation,62600,0.9591666666666666,0.030057814661452388,0.91,1.0,6,"1000,1001,1002,1003,1004,1005",67800,200,True
even-palindrome,structural_features,accuracy,operation,62800,0.9616666666666666,0.031046560016995246,0.915,1.0,6,"1000,1001,1002,1003,1004,1005",67800,200,True
even-palindrome,structural_features,accuracy,operation,63000,0.9583333333333334,0.02967415635794141,0.935,1.0,6,"1000,1001,1002,1003,1004,1005",67800,200,True
even-palindrome,structural_features,accuracy,operation,63200,0.9725,0.01842778698958,0.95,1.0,6,"1000,1001,1002,1003,1004,1005",67800,200,True
even-palindrome,structural_features,accuracy,operation,63400,0.9558333333333332,0.03141346137495126,0.91,1.0,6,"1000,1001,1002,1003,1004,1005",67800,200,True
even-palindrome,structural_features,accuracy,operation,63600,0.9700000000000001,0.027386127875258303,0.925,1.0,6,"1000,1001,1002,1003,1004,1005",67800,200,True
even-palindrome,structural_features,accuracy,operation,63800,0.9658333333333333,0.022251716538031135,0.93,1.0,6,"1000,1001,1002,1003,1004,1005",67800,200,True
even-palindrome,structural_features,accuracy,operation,64000,0.9616666666666668,0.026562295750848713,0.93,1.0,6,"1000,1001,1002,1003,1004,1005",67800,200,True
even-palindrome,structural_features,accuracy,operation,64200,0.9575,0.029119008682760246,0.915,0.995,6,"1000,1001,1002,1003,1004,1005",67800,200,True
even-palindrome,structural_features,accuracy,operation,64400,0.9591666666666666,0.021098314835286933,0.935,0.995,6,"1000,1001,1002,1003,1004,1005",67800,200,True
even-palindrome,structural_features,accuracy,operation,64600,0.9658333333333333,0.031939613161228,0.91,1.0,6,"1000,1001,1002,1003,1004,1005",67800,200,True
even-palindrome,structural_features,accuracy,operation,64800,0.9616666666666666,0.03496029493900504,0.91,1.0,6,"1000,1001,1002,1003,1004,1005",67800,200,True
even-palindrome,structural_features,accuracy,operation,65000,0.9733333333333333,0.016749792701868167,0.95,1.0,6,"1000,1001,1002,1003,1004,1005",67800,200,True
even-palindrome,structural_features,accuracy,operation,65200,0.9650000000000002,0.028284271247461905,0.93,1.0,6,"1000,1001,1002,1003,1004,1005",67800,200,True
even-palindrome,structural_features,accuracy,operation,65400,0.9591666666666668,0.027297232256931984,0.925,1.0,6,"1000,1001,1002,1003,1004,1005",67800,200,True
even-palindrome,structural_features,accuracy,operation,65600,0.9708333333333333,0.02456567162163945,0.93,1.0,6,"1000,1001,1002,1003,1004,1005",67800,200,True
even-palindrome,structural_features,accuracy,operation,65800,0.9725,0.020766559657295208,0.94,1.0,6,"1000,1001,1002,1003,1004,1005",67800,200,True
even-palindrome,structural_features,accuracy,operation,66000,0.9633333333333334,0.02763853991962833,0.92,1.0,6,"1000,1001,1002,1003,1004,1005",67800,200,True
even-palindrome,structural_features,accuracy,operation,66200,0.9691666666666666,0.02069957058062372,0.945,1.0,6,"1000,1001,1002,1003,1004,1005",67800,200,True
even-palindrome,structural_features,accuracy,operation,66400,0.9583333333333335,0.03009245014211296,0.93,1.0,6,"1000,1001,1002,1003,1004,1005",67800,200,True
even-palindrome,structural_features,accuracy,operation,66600,0.9633333333333333,0.02374634474795834,0.93,0.995,6,"1000,1001,1002,1003,1004,1005",67800,200,True
even-palindrome,structural_features,accuracy,operation,66800,0.9591666666666666,0.012720281268728135,0.94,0.975,6,"1000,1001,1002,1003,1004,1005",67800,200,True
even-palindrome,structural_features,accuracy,operation,67000,0.9708333333333332,0.025887040945015108,0.935,1.0,6,"1000,1001,1002,1003,1004,1005",67800,200,True
even-palindrome,structural_features,accuracy,operation,67200,0.965,0.02273030282830975,0.93,0.995,6,"1000,1001,1002,1003,1004,1005",67800,200,True
even-palindrome,structural_features,accuracy,operation,67400,0.96,0.03570714214271424,0.905,1.0,6,"1000,1001,1002,1003,1004,1005",67800,200,True
even-palindrome,structural_features,accuracy,operation,67600,0.975,0.019578900207451233,0.95,1.0,6,"1000,1001,1002,1003,1004,1005",67800,200,True
even-palindrome,structural_features,accuracy,operation,67800,0.9591666666666665,0.029071272570854012,0.92,1.0,6,"1000,1001,1002,1003,1004,1005",67800,200,True
even-palindrome,structural_features,accuracy,relation,200,0.47583333333333333,0.01643590243609667,0.455,0.495,6,"1000,1001,1002,1003,1004,1005",67800,200,True
even-palindrome,structural_features,accuracy,relation,400,0.4908333333333334,0.043437375099740515,0.445,0.55,6,"1000,1001,1002,1003,1004,1005",67800,200,True
even-palindrome,structural_features,accuracy,relation,600,0.4958333333333333,0.028345585586158257,0.45,0.53,6,"1000,1001,1002,1003,1004,1005",67800,200,True
even-palindrome,structural_features,accuracy,relation,800,0.5075,0.026100766272276383,0.465,0.55,6,"1000,1001,1002,1003,1004,1005",67800,200,True
even-palindrome,structural_features,accuracy,relation,1000,0.5,0.03752776749732566,0.46,0.565,6,"1000,1001,1002,1003,1004,1005",67800,200,True
even-palindrome,structural_features,accuracy,relation,1200,0.5166666666666667,0.04355711448457326,0.45,0.59,6,"1000,1001,1002,1003,1004,1005",67800,200,True
even-palindrome,structural_features,accuracy,relation,1400,0.5308333333333334,0.032840100825396706,0.5,0.6,6,"1000,1001,1002,1003,1004,1005",67800,200,True
even-palindrome,structural_features,accuracy,relation,1600,0.5291666666666667,0.0502009849394301,0.46,0.6,6,"1000,1001,1002,1003,1004,1005",67800,200,True
even-palindrome,structural_features,accuracy,relation,1800,0.5433333333333333,0.050552502960343665,0.49,0.615,6,"1000,1001,1002,1003,1004,1005",67800,200,True
even-palindrome,structural_features,accuracy,relation,2000,0.5599999999999999,0.032914029430219156,0.5,0.605,6,"1000,1001,1002,1003,1004,1005",67800,200,True
even-palindrome,structural_features,accuracy,relation,2200,0.535,0.027537852736430495,0.495,0.565,6,"1000,1001,1002,1003,1004,1005",67800,200,True
even-palindrome,structural_features,accuracy,relation,2400,0.5641666666666666,0.03396280645385804,0.505,0.615,6,"1000,1001,1002,1003,1004,1005",67800,200,True
even-palindrome,structural_features,accuracy,relation,2600,0.5558333333333333,0.03823356582318153,0.5,0.595,6,"1000,1001,1002,1003,1004,1005",67800,200,True
even-palindrome,structural_features,accuracy,relation,2800,0.5608333333333334,0.03258535799336191,0.525,0.625,6,"1000,1001,1002,1003,1004,1005",67800,200,True
even-palindrome,structural_features,accuracy,relation,3000,0.5741666666666666,0.034810997623675684,0.525,0.62,6,"1000,1001,1002,1003,1004,1005",67800,200,True
even-palindrome,structural_features,accuracy,relation,3200,0.5883333333333333,0.025276251480171822,0.54,0.615,6,"1000,1001,1002,1003,1004,1005",67800,200,True
even-palindrome,structural_features,accuracy,relation,3400,0.5741666666666667,0.023702437755546472,0.525,0.595,6,"1000,1001,1002,1003,1004,1005",67800,200,True
even-palindrome,structural_features,accuracy,relation,3600,0.5950000000000001,0.03476108935769035,0.535,0.64,6,"1000,1001,1002,1003,1004,1005",67800,200,True
even-palindrome,structural_features,accuracy,relation,3800,0.5608333333333333,0.019021187017522194,0.525,0.59,6,"1000,1001,1002,1003,1004,1005",67800,200,True
even-palindrome,structural_features,accuracy,relation,4000,0.5733333333333334,0.06101001739241042,0.475,0.645,6,"1000,1001,1002,1003,1004,1005",67800,200,True
even-palindrome,structural_features,accuracy,relation,4200,0.5833333333333333,0.032617309651301545,0.54,0.645,6,"1000,1001,1002,1003,1004,1005",67800,200,True
even-palindrome,structural_features,accuracy,relation,4400,0.5783333333333333,0.02995366792601904,0.52,0.615,6,"1000,1001,1002,1003,1004,1005",67800,200,True
even-palindrome,structural_features,accuracy,relation,4600,0.5775,0.025454207248835424,0.545,0.625,6,"1000,1001,1002,1003,1004,1005",67800,200,True
even-palindrome,structural_features,accuracy,relation,4800,0.5816666666666667,0.03387066905483595,0.535,0.635,6,"1000,1001,1002,1003,1004,1005",67800,200,True
even-palindrome,structural_features,accuracy,relation,5000,0.5841666666666666,0.03408526889369591,0.535,0.615,6,"1000,1001,1002,1003,1004,1005",67800,200,True
even-palindrome,structural_features,accuracy,relation,5200,0.6,0.028867513459481315,0.565,0.645,6,"1000,1001,1002,1003,1004,1005",67800,200,True
even-palindrome,structural_features,accuracy,relation,5400,0.5908333333333333,0.029498116700713093,0.545,0.625,6,"1000,1001,1002,1003,1004,1005",67800,200,True
even-palindrome,structural_features,accuracy,relation,5600,0.6,0.015000000000000013,0.58,0.625,6,"1000,1001,1002,1003,1004,1005",67800,200,True
even-palindrome,structural_features,accuracy,relation,5800,0.6208333333333332,0.057548288902065155,0.52,0.69,6,"1000,1001,1002,1003,1004,1005",67800,200,True
even-palindrome,structural_features,accuracy,relation,6000,0.6091666666666667,0.03180889113998722,0.565,0.655,6,"1000,1001,1002,1003,1004,1005",67800,200,True
even-palindrome,structural_features,accuracy,relation,6200,0.6058333333333333,0.030057814661452378,0.54,0.63,6,"1000,1001,1002,1003,1004,1005",67800,200,True
even-palindrome,structural_features,accuracy,relation,6400,0.6158333333333333,0.033962806453858047,0.55,0.655,6,"1000,1001,1002,1003,1004,1005",67800,200,True
even-palindrome,structural_features,accuracy,relation,6600,0.6025,0.029545163168726418,0.57,0.645,6,"1000,1001,1002,1003,1004,1005",67800,200,True
even-palindrome,structural_features,accuracy,relation,6800,0.6158333333333333,0.04457359706772111,0.53,0.66,6,"1000,1001,1002,1003,1004,1005",67800,200,True
even-palindrome,structural_features,accuracy,relation,7000,0.6108333333333335,0.03420729291962299,0.56,0.655,6,"1000,1001,1002,1003,1004,1005",67800,200,True
even-palindrome,structural_features,accuracy,relation,7200,0.5974999999999999,0.024281337140555796,0.565,0.625,6,"1000,1001,1002,1003,1004,1005",67800,200,True
even-palindrome,structural_features,accuracy,relation,7400,0.6266666666666667,0.044690292259306416,0.56,0.675,6,"1000,1001,1002,1003,1004,1005",67800,200,True
even-palindrome,structural_features,accuracy,relation,7600,0.6225,0.03065262359624923,0.58,0.66,6,"1000,1001,1002,1003,1004,1005",67800,200,True
even-palindrome,structural_features,accuracy,relation,7800,0.595,0.06048415770541348,0.525,0.695,6,"1000,1001,1002,1003,1004,1005",67800,200,True
even-palindrome,structural_features,accuracy,relation,8000,0.6191666666666668,0.03951968567126459,0.555,0.685,6,"1000,1001,1002,1003,1004,1005",67800,200,True
even-palindrome,structural_features,accuracy,relation,8200,0.6141666666666666,0.03690264970914088,0.575,0.69,6,"1000,1001,1002,1003,1004,1005",67800,200,True
even-palindrome,structural_features,accuracy,relation,8400,0.6224999999999999,0.04028543988423944,0.57,0.68,6,"1000,1001,1002,1003,1004,1005",67800,200,True
even-palindrome,structural_features,accuracy,relation,8600,0.62,0.041932485418030394,0.55,0.69,6,"1000,1001,1002,1003,1004,1005",67800,200,True
even-palindrome,structural_features,accuracy,relation,8800,0.6116666666666667,0.0334995854037363,0.56,0.65,6,"1000,1001,1002,1003,1004,1005",67800,200,True
even-palindrome,structural_features,accuracy,relation,9000,0.6350000000000001,0.03947573094109003,0.555,0.68,6,"1000,1001,1002,1003,1004,1005",67800,200,True
even-palindrome,structural_features,accuracy,relation,9200,0.6416666666666667,0.03715582801601329,0.58,0.68,6,"1000,1001,1002,1003,1004,1005",67800,200,True
even-palindrome,structural_features,accuracy,relation,9400,0.6375000000000001,0.03556098048891981,0.575,0.685,6,"1000,1001,1002,1003,1004,1005",67800,200,True
even-palindrome,structural_features,accuracy,relation,9600,0.6175,0.04337337893224369,0.555,0.685,6,"1000,1001,1002,1003,1004,1005",67800,200,True
even-palindrome,structural_features,accuracy,relation,9800,0.5966666666666667,0.03578485092263981,0.54,0.655,6,"1000,1001,1002,1003,1004,1005",67800,200,True
even-palindrome,structural_features,accuracy,relation,10000,0.6266666666666667,0.03197221015541816,0.575,0.68,6,"1000,1001,1002,1003,1004,1005",67800,200,True
even-palindrome,structural_features,accuracy,relation,10200,0.6583333333333333,0.047404875511092966,0.605,0.735,6,"1000,1001,1002,1003,1004,1005",67800,200,True
even-palindrome,structural_features,accuracy,relation,10400,0.6191666666666666,0.03167762968124705,0.57,0.67,6,"1000,1001,1002,1003,1004,1005",67800,200,True
even-palindrome,structural_features,accuracy,relation,10600,0.6483333333333333,0.0356682242650545,0.59,0.7,6,"1000,1001,1002,1003,1004,1005",67800,200,True
even-palindrome,structural_features,accuracy,relation,10800,0.6691666666666666,0.035286525599566874,0.61,0.725,6,"1000,1001,1002,1003,1004,1005",67800,200,True
even-palindrome,structural_features,accuracy,relation,11000,0.6691666666666668,0.034691097160831054,0.625,0.71,6,"1000,1001,1002,1003,1004,1005",67800,200,True
even-palindrome,structural_features,accuracy,relation,11200,0.6491666666666667,0.052074999333226644,0.55,0.69,6,"1000,1001,1002,1003,1004,1005",67800,200,True
even-palindrome,structural_features,accuracy,relation,11400,0.6716666666666665,0.03636237371545237,0.61,0.71,6,"1000,1001,1002,1003,1004,1005",67800,200,True
even-palindrome,structural_features,accuracy,relation,11600,0.6391666666666667,0.024734703466093074,0.59,0.665,6,"1000,1001,1002,1003,1004,1005",67800,200,True
even-palindrome,structural_features,accuracy,relation,11800,0.65,0.05439056290693572,0.56,0.73,6,"1000,1001,1002,1003,1004,1005",67800,200,True
even-palindrome,structural_features,accuracy,relation,12000,0.6291666666666668,0.03101299010988069,0.58,0.675,6,"1000,1001,1002,1003,1004,1005",67800,200,True
even-palindrome,structural_features,accuracy,relation,12200,0.6691666666666666,0.02834558558615822,0.64,0.71,6,"1000,1001,1002,1003,1004,1005",67800,200,True
even-palindrome,structural_features,accuracy,relation,12400,0.6583333333333333,0.04422166387140533,0.585,0.72,6,"1000,1001,1002,1003,1004,1005",67800,200,True
even-palindrome,structural_features,accuracy,relation,12600,0.6308333333333332,0.031545822051246154,0.595,0.695,6,"1000,1001,1002,1003,1004,1005",67800,200,True
even-palindrome,structural_features,accuracy,relation,12800,0.6741666666666667,0.04658474953124561,0.605,0.73,6,"1000,1001,1002,1003,1004,1005",67800,200,True
even-palindrome,structural_features,accuracy,relation,13000,0.6608333333333333,0.029639032072964547,0.625,0.7,6,"1000,1001,1002,1003,1004,1005",67800,200,True
even-palindrome,structural_features,accuracy,relation,13200,0.6533333333333333,0.02896357866163794,0.605,0.7,6,"1000,1001,1002,1003,1004,1005",67800,200,True
even-palindrome,structural_features,accuracy,relation,13400,0.66,0.0532290647422377,0.585,0.735,6,"1000,1001,1002,1003,1004,1005",67800,200,True
even-palindrome,structural_features,accuracy,relation,13600,0.6583333333333333,0.031180478223116162,0.62,0.705,6,"1000,1001,1002,1003,1004,1005",67800,200,True
even-palindrome,structural_features,accuracy,relation,13800,0.6566666666666667,0.032871804872193364,0.62,0.715,6,"1000,1001,1002,1003,1004,1005",67800,200,True
even-palindrome,structural_features,accuracy,relation,14000,0.6650000000000001,0.03979112128771106,0.6,0.71,6,"1000,1001,1002,1003,1004,1005",67800,200,True
even-palindrome,structural_features,accuracy,relation,14200,0.6591666666666667,0.03457078085448589,0.61,0.7,6,"1000,1001,1002,1003,1004,1005",67800,200,True
even-palindrome,structural_features,accuracy,relation,14400,0.6774999999999999,0.03275540667838923,0.635,0.74,6,"1000,1001,1002,1003,1004,1005",67800,200,True
even-palindrome,structural_features,accuracy,relation,14600,0.6858333333333332,0.045772687149531525,0.625,0.745,6,"1000,1001,1002,1003,1004,1005",67800,200,True
even-palindrome,structural_features,accuracy,relation,14800,0.6774999999999999,0.07324331596352893,0.54,0.77,6,"1000,1001,1002,1003,1004,1005",67800,200,True
even-palindrome,structural_features,accuracy,relation,15000,0.6908333333333333,0.04631564410530084,0.615,0.76,6,"1000,1001,1002,1003,1004,1005",67800,200,True
even-palindrome,structural_features,accuracy,relation,15200,0.6966666666666667,0.06529846008053244,0.585,0.77,6,"1000,1001,1002,1003,1004,1005",67800,200,True
even-palindrome,structural_features,accuracy,relation,15400,0.7091666666666666,0.04808123912250553,0.62,0.77,6,"1000,1001,1002,1003,1004,1005",67800,200,True
even-palindrome,structural_features,accuracy,relation,15600,0.6833333333333332,0.06548960901462834,0.605,0.775,6,"1000,1001,1002,1003,1004,1005",67800,200,True
even-palindrome,structural_features,accuracy,relation,15800,0.6891666666666666,0.05563397243491507,0.57,0.735,6,"1000,1001,1002,1003,1004,1005",67800,200,True
even-palindrome,structural_features,accuracy,relation,16000,0.6816666666666666,0.05489889697333536,0.575,0.755,6,"1000,1001,1002,1003,1004,1005",67800,200,True
even-palindrome,structural_features,accuracy,relation,16200,0.6833333333333332,0.05249338582674541,0.615,0.78,6,"1000,1001,1002,1003,1004,1005",67800,200,True
even-palindrome,structural_features,accuracy,relation,16400,0.695,0.03329164059239694,0.65,0.74,6,"1000,1001,1002,1003,1004,1005",67800,200,True
even-palindrome,structural_features,accuracy,relation,16600,0.6883333333333334,0.05153208277913435,0.6,0.75,6,"1000,1001,1002,1003,1004,1005",67800,200,True
even-palindrome,structural_features,accuracy,relation,16800,0.7041666666666667,0.0185779140080066,0.68,0.73,6,"1000,1001,1002,1003,1004,1005",67800,200,True
even-palindrome,structural_features,accuracy,relation,17000,0.73,0.05392896562454478,0.65,0.785,6,"1000,1001,1002,1003,1004,1005",67800,200,True
even-palindrome,structural_features,accuracy,relation,17200,0.7058333333333332,0.0355219024765785,0.665,0.755,6,"1000,1001,1002,1003,1004,1005",67800,200,True
even-palindrome,structural_features,accuracy,relation,17400,0.7233333333333333,0.053825850873183784,0.65,0.82,6,"1000,1001,1002,1003,1004,1005",67800,200,True
even-palindrome,structural_features,accuracy,relation,17600,0.7166666666666667,0.03996526269427265,0.68,0.79,6,"1000,1001,1002,1003,1004,1005",67800,200,True
even-palindrome,structural_features,accuracy,relation,17800,0.7341666666666667,0.040560311745459876,0.685,0.805,6,"1000,1001,1002,1003,1004,1005",67800,200,True
even-palindrome,structural_features,accuracy,relation,18000,0.7199999999999999,0.04932882862316246,0.665,0.82,6,"1000,1001,1002,1003,1004,1005",67800,200,True
even-palindrome,structural_features,accuracy,relation,18200,0.6925,0.03837859646556484,0.63,0.745,6,"1000,1001,1002,1003,1004,1005",67800,200,True
even-palindrome,structural_features,accuracy,relation,18400,0.7066666666666667,0.05814254514170803,0.61,0.79,6,"1000,1001,1002,1003,1004,1005",67800,200,True
even-palindrome,structural_features,accuracy,relation,18600,0.6974999999999999,0.05406400527769531,0.64,0.78,6,"1000,1001,1002,1003,1004,1005",67800,200,True
even-palindrome,structural_features,accuracy,relation,18800,0.685,0.05552777082985894,0.595,0.76,6,"1000,1001,1002,1003,1004,1005",67800,200,True
even-palindrome,structural_features,accuracy,relation,19000,0.7216666666666667,0.0462481230850387,0.67,0.81,6,"1000,1001,1002,1003,1004,1005",67800,200,True
even-palindrome,structural_features,accuracy,relation,19200,0.7091666666666666,0.03359274061791063,0.68,0.78,6,"1000,1001,1002,1003,1004,1005",67800,200,True
even-palindrome,structural_features,accuracy,relation,19400,0.7358333333333333,0.04764597452974267,0.66,0.815,6,"1000,1001,1002,1003,1004,1005",67800,200,True
even-palindrome,structural_features,accuracy,relation,19600,0.7066666666666667,0.01818118685772618,0.68,0.735,6,"1000,1001,1002,1003,1004,1005",67800,200,True
even-palindrome,structural_features,accuracy,relation,19800,0.7458333333333335,0.04117206442345209,0.67,0.805,6,"1000,1001,1002,1003,1004,1005",67800,200,True
even-palindrome,structural_features,accuracy,relation,20000,0.7124999999999999,0.03275540667838925,0.67,0.765,6,"1000,1001,1002,1003,1004,1005",67800,200,True
even-palindrome,structural_features,accuracy,relation,20200,0.7066666666666666,0.01545603082582616,0.685,0.735,6,"1000,1001,1002,1003,1004,1005",67800,200,True
even-palindrome,structural_features,accuracy,relation,20400,0.7233333333333333,0.0268741924943285,0.685,0.755,6,"1000,1001,1002,1003,1004,1005",67800,200,True
even-palindrome,structural_features,accuracy,relation,20600,0.7483333333333334,0.03157882553582739,0.705,0.795,6,"1000,1001,1002,1003,1004,1005",67800,200,True
even-palindrome,structural_features,accuracy,relation,20800,0.7383333333333333,0.04169998667732271,0.7,0.81,6,"1000,1001,1002,1003,1004,1005",67800,200,True
even-palindrome,structural_features,accuracy,relation,21000,0.7408333333333333,0.04207301853788114,0.68,0.81,6,"1000,1001,1002,1003,1004,1005",67800,200,True
even-palindrome,structural_features,accuracy,relation,21200,0.7549999999999999,0.05139714648369757,0.695,0.835,6,"1000,1001,1002,1003,1004,1005",67800,200,True
even-palindrome,structural_features,accuracy,relation,21400,0.7483333333333332,0.021147629234082553,0.725,0.78,6,"1000,1001,1002,1003,1004,1005",67800,200,True
even-palindrome,structural_features,accuracy,relation,21600,0.7599999999999999,0.05066228051190221,0.695,0.825,6,"1000,1001,1002,1003,1004,1005",67800,200,True
even-palindrome,structural_features,accuracy,relation,21800,0.7200000000000001,0.0566421515598881,0.65,0.8,6,"1000,1001,1002,1003,1004,1005",67800,200,True
even-palindrome,structural_features,accuracy,relation,22000,0.7683333333333332,0.06599663291074442,0.65,0.85,6,"1000,1001,1002,1003,1004,1005",67800,200,True
even-palindrome,structural_features,accuracy,relation,22200,0.765,0.04272001872658767,0.705,0.82,6,"1000,1001,1002,1003,1004,1005",67800,200,True
even-palindrome,structural_features,accuracy,relation,22400,0.7666666666666666,0.07498147919467993,0.675,0.87,6,"1000,1001,1002,1003,1004,1005",67800,200,True
even-palindrome,structural_features,accuracy,relation,22600,0.7891666666666666,0.06591766750188367,0.69,0.875,6,"1000,1001,1002,1003,1004,1005",67800,200,True
even-palindrome,structural_features,accuracy,relation,22800,0.7300000000000001,0.042524502740576904,0.675,0.79,6,"1000,1001,1002,1003,1004,1005",67800,200,True
even-palindrome,structural_features,accuracy,relation,23000,0.7683333333333334,0.05542763049438628,0.685,0.85,6,"1000,1001,1002,1003,1004,1005",67800,200,True
even-palindrome,structural_features,accuracy,relation,23200,0.7600000000000001,0.067700320038633,0.665,0.855,6,"1000,1001,1002,1003,1004,1005",67800,200,True
even-palindrome,structural_features,accuracy,relation,23400,0.7625000000000001,0.049728429159452296,0.665,0.82,6,"1000,1001,1002,1003,1004,1005",67800,200,True
even-palindrome,structural_features,accuracy,relation,23600,0.7625000000000001,0.07057797106746552,0.68,0.86,6,"1000,1001,1002,1003,1004,1005",67800,200,True
even-palindrome,structural_features,accuracy,relation,23800,0.7866666666666667,0.07295356209413095,0.665,0.875,6,"1000,1001,1002,1003,1004,1005",67800,200,True
even-palindrome,structural_features,accuracy,relation,24000,0.7525000000000001,0.08692669325356855,0.62,0.915,6,"1000,1001,1002,1003,1004,1005",67800,200,True
even-palindrome,structural_features,accuracy,relation,24200,0.7641666666666667,0.05855315723530391,0.705,0.86,6,"1000,1001,1002,1003,1004,1005",67800,200,True
even-palindrome,structural_features,accuracy,relation,24400,0.7775,0.033509948771471836,0.745,0.83,6,"1000,1001,1002,1003,1004,1005",67800,200,True
even-palindrome,structural_features,accuracy,relation,24600,0.785,0.041533119314590375,0.72,0.83,6,"1000,1001,1002,1003,1004,1005",67800,200,True
even-palindrome,structural_features,accuracy,relation,24800,0.77,0.06976149845485449,0.685,0.91,6,"1000,1001,1002,1003,1004,1005",67800,200,True
even-palindrome,structural_features,accuracy,relation,25000,0.7858333333333333,0.029356524923014223,0.755,0.84,6,"1000,1001,1002,1003,1004,1005",67800,200,True
even-palindrome,structural_features,accuracy,relation,25200,0.7808333333333333,0.052154950761062836,0.715,0.855,6,"1000,1001,1002,1003,1004,1005",67800,200,True
even-palindrome,structural_features,accuracy,relation,25400,0.7975,0.03497022543059548,0.75,0.865,6,"1000,1001,1002,1003,1004,1005",67800,200,True
even-palindrome,structural_features,accuracy,relation,25600,0.7925,0.03262795325075315,0.745,0.835,6,"1000,1001,1002,1003,1004,1005",67800,200,True
even-palindrome,structural_features,accuracy,relation,25800,0.7875,0.06223276200416198,0.72,0.895,6,"1000,1001,1002,1003,1004,1005",67800,200,True
even-palindrome,structural_features,accuracy,relation,26000,0.8016666666666666,0.06046119049072353,0.71,0.9,6,"1000,1001,1002,1003,1004,1005",67800,200,True
even-palindrome,structural_features,accuracy,relation,26200,0.8158333333333334,0.0581246266415727,0.755,0.935,6,"1000,1001,1002,1003,1004,1005",67800,200,True
even-palindrome,structural_features,accuracy,relation,26400,0.8083333333333332,0.05185449728701349,0.7,0.855,6,"1000,1001,1002,1003,1004,1005",67800,200,True
even-palindrome,structural_features,accuracy,relation,26600,0.8158333333333334,0.04305197117696496,0.77,0.875,6,"1000,1001,1002,1003,1004,1005",67800,200,True
even-palindrome,structural_features,accuracy,relation,26800,0.8275,0.031191612120354824,0.785,0.88,6,"1000,1001,1002,1003,1004,1005",67800,200,True
even-palindrome,structural_features,accuracy,relation,27000,0.8308333333333334,0.027600825269465314,0.78,0.865,6,"1000,1001,1002,1003,1004,1005",67800,200,True
even-palindrome,structural_features,accuracy,relation,27200,0.8183333333333332,0.040585985539619736,0.745,0.885,6,"1000,1001,1002,1003,1004,1005",67800,200,True
even-palindrome,structural_features,accuracy,relation,27400,0.8258333333333333,0.040043379255779867,0.78,0.9,6,"1000,1001,1002,1003,1004,1005",67800,200,True
even-palindrome,structural_features,accuracy,relation,27600,0.8316666666666667,0.0446902922593064,0.78,0.895,6,"1000,1001,1002,1003,1004,1005",67800,200,True
even-palindrome,structural_features,accuracy,relation,27800,0.8324999999999999,0.04836923953643817,0.77,0.925,6,"1000,1001,1002,1003,1004,1005",67800,200,True
even-palindrome,structural_features,accuracy,relation,28000,0.8275,0.04964457002868827,0.74,0.9,6,"1000,1001,1002,1003,1004,1005",67800,200,True
even-palindrome,structural_features,accuracy,relation,28200,0.8433333333333333,0.051612875224006746,0.755,0.9,6,"1000,1001,1002,1003,1004,1005",67800,200,True
even-palindrome,structural_features,accuracy,relation,28400,0.7983333333333335,0.07903937134252917,0.65,0.915,6,"1000,1001,1002,1003,1004,1005",67800,200,True
even-palindrome,structural_features,accuracy,relation,28600,0.8175,0.08989577298182601,0.635,0.9,6,"1000,1001,1002,1003,1004,1005",67800,200,True
even-palindrome,structural_features,accuracy,relation,28800,0.7758333333333333,0.09842157058061793,0.595,0.88,6,"1000,1001,1002,1003,1004,1005",67800,200,True
even-palindrome,structural_features,accuracy,relation,29000,0.7833333333333333,0.1066406218203093,0.595,0.93,6,"1000,1001,1002,1003,1004,1005",67800,200,True
even-palindrome,structural_features,accuracy,relation,29200,0.8175,0.09581883948368398,0.64,0.94,6,"1000,1001,1002,1003,1004,1005",67800,200,True
even-palindrome,structural_features,accuracy,relation,29400,0.8133333333333334,0.07436770505774366,0.67,0.88,6,"1000,1001,1002,1003,1004,1005",67800,200,True
even-palindrome,structural_features,accuracy,relation,29600,0.8166666666666665,0.09067647005823629,0.65,0.915,6,"1000,1001,1002,1003,1004,1005",67800,200,True
even-palindrome,structural_features,accuracy,relation,29800,0.8333333333333334,0.09254128207934495,0.645,0.92,6,"1000,1001,1002,1003,1004,1005",67800,200,True
even-palindrome,structural_features,accuracy,relation,30000,0.8283333333333333,0.0872576007513895,0.645,0.92,6,"1000,1001,1002,1003,1004,1005",67800,200,True
even-palindrome,structural_features,accuracy,relation,30200,0.8241666666666667,0.07524497030071546,0.685,0.925,6,"1000,1001,1002,1003,1004,1005",67800,200,True
even-palindrome,structural_features,accuracy,relation,30400,0.85,0.06964194138592063,0.73,0.935,6,"1000,1001,1002,1003,1004,1005",67800,200,True
even-palindrome,structural_features,accuracy,relation,30600,0.8225000000000001,0.07238496621076325,0.7,0.925,6,"1000,1001,1002,1003,1004,1005",67800,200,True
even-palindrome,structural_features,accuracy,relation,30800,0.8458333333333332,0.04285796956874598,0.77,0.9,6,"1000,1001,1002,1003,1004,1005",67800,200,True
even-palindrome,structural_features,accuracy,relation,31000,0.8533333333333334,0.05676462121975469,0.755,0.92,6,"1000,1001,1002,1003,1004,1005",67800,200,True
even-palindrome,structural_features,accuracy,relation,31200,0.8624999999999999,0.06019066926581449,0.745,0.945,6,"1000,1001,1002,1003,1004,1005",67800,200,True
even-palindrome,structural_features,accuracy,relation,31400,0.86,0.06218252702059212,0.735,0.925,6,"1000,1001,1002,1003,1004,1005",67800,200,True
even-palindrome,structural_features,accuracy,relation,31600,0.8533333333333334,0.03912231531435169,0.8,0.92,6,"1000,1001,1002,1003,1004,1005",67800,200,True
even-palindrome,structural_features,accuracy,relation,31800,0.8333333333333334,0.04687453703475077,0.75,0.89,6,"1000,1001,1002,1003,1004,1005",67800,200,True
even-palindrome,structural_features,accuracy,relation,32000,0.8616666666666667,0.037043517951488115,0.8,0.915,6,"1000,1001,1002,1003,1004,1005",67800,200,True
even-palindrome,structural_features,accuracy,relation,32200,0.8583333333333334,0.06282692274990255,0.745,0.945,6,"1000,1001,1002,1003,1004,1005",67800,200,True
even-palindrome,structural_features,accuracy,relation,32400,0.86,0.06218252702059206,0.8,0.95,6,"1000,1001,1002,1003,1004,1005",67800,200,True
even-palindrome,structural_features,accuracy,relation,32600,0.8583333333333333,0.057855183192365954,0.755,0.935,6,"1000,1001,1002,1003,1004,1005",67800,200,True
even-palindrome,structural_features,accuracy,relation,32800,0.8908333333333335,0.035755729921541586,0.825,0.935,6,"1000,1001,1002,1003,1004,1005",67800,200,True
even-palindrome,structural_features,accuracy,relation,33000,0.8641666666666666,0.026047499346812997,0.83,0.905,6,"1000,1001,1002,1003,1004,1005",67800,200,True
even-palindrome,structural_features,accuracy,relation,33200,0.8858333333333333,0.050449369558884384,0.805,0.935,6,"1000,1001,1002,1003,1004,1005",67800,200,True
even-palindrome,structural_features,accuracy,relation,33400,0.8766666666666666,0.04229525846816508,0.815,0.94,6,"1000,1001,1002,1003,1004,1005",67800,200,True
even-palindrome,structural_features,accuracy,relation,33600,0.8641666666666667,0.04157489894422141,0.785,0.91,6,"1000,1001,1002,1003,1004,1005",67800,200,True
even-palindrome,structural_features,accuracy,relation,33800,0.8858333333333333,0.0399391898877392,0.83,0.955,6,"1000,1001,1002,1003,1004,1005",67800,200,True
even-palindrome,structural_features,accuracy,relation,34000,0.8816666666666667,0.03601697130829051,0.84,0.945,6,"1000,1001,1002,1003,1004,1005",67800,200,True
even-palindrome,structural_features,accuracy,relation,34200,0.8775000000000001,0.03614208073700244,0.825,0.915,6,"1000,1001,1002,1003,1004,1005",67800,200,True
even-palindrome,structural_features,accuracy,relation,34400,0.8816666666666667,0.0479293461484947,0.825,0.965,6,"1000,1001,1002,1003,1004,1005",67800,200,True
even-palindrome,structural_features,accuracy,relation,34600,0.8783333333333334,0.037155828016013255,0.83,0.945,6,"1000,1001,1002,1003,1004,1005",67800,200,True
even-palindrome,structural_features,accuracy,relation,34800,0.8783333333333334,0.040380138131952424,0.82,0.935,6,"1000,1001,1002,1003,1004,1005",67800,200,True
even-palindrome,structural_features,accuracy,relation,35000,0.8850000000000001,0.05338539126015657,0.78,0.93,6,"1000,1001,1002,1003,1004,1005",67800,200,True
even-palindrome,structural_features,accuracy,relation,35200,0.875,0.04974937185533099,0.795,0.945,6,"1000,1001,1002,1003,1004,1005",67800,200,True
even-palindrome,structural_features,accuracy,relation,35400,0.8975,0.026731691553909094,0.855,0.93,6,"1000,1001,1002,1003,1004,1005",67800,200,True
even-palindrome,structural_features,accuracy,relation,35600,0.8983333333333333,0.03880148908940939,0.85,0.965,6,"1000,1001,1002,1003,1004,1005",67800,200,True
even-palindrome,structural_features,accuracy,relation,35800,0.9025000000000002,0.03300883720056393,0.86,0.955,6,"1000,1001,1002,1003,1004,1005",67800,200,True
even-palindrome,structural_features,accuracy,relation,36000,0.8808333333333334,0.034930486525224506,0.83,0.93,6,"1000,1001,1002,1003,1004,1005",67800,200,True
even-palindrome,structural_features,accuracy,relation,36200,0.8833333333333332,0.03858612300930075,0.845,0.955,6,"1000,1001,1002,1003,1004,1005",67800,200,True
even-palindrome,structural_features,accuracy,relation,36400,0.9,0.03082207001484491,0.84,0.935,6,"1000,1001,1002,1003,1004,1005",67800,200,True
even-palindrome,structural_features,accuracy,relation,36600,0.9033333333333333,0.048961436071894605,0.835,0.965,6,"1000,1001,1002,1003,1004,1005",67800,200,True
even-palindrome,structural_features,accuracy,relation,36800,0.8983333333333333,0.038693955887479675,0.83,0.945,6,"1000,1001,1002,1003,1004,1005",67800,200,True
even-palindrome,structural_features,accuracy,relation,37000,0.9133333333333332,0.04159994658116228,0.85,0.97,6,"1000,1001,1002,1003,1004,1005",67800,200,True
even-palindrome,structural_features,accuracy,relation,37200,0.875,0.02061552812808832,0.84,0.9,6,"1000,1001,1002,1003,1004,1005",67800,200,True
even-palindrome,structural_features,accuracy,relation,37400,0.9041666666666667,0.025887040945015104,0.875,0.945,6,"1000,1001,1002,1003,1004,1005",67800,200,True
even-palindrome,structural_features,accuracy,relation,37600,0.9049999999999999,0.02516611478423583,0.86,0.94,6,"1000,1001,1002,1003,1004,1005",67800,200,True
even-palindrome,structural_features,accuracy,relation,37800,0.9125000000000001,0.025617376914898998,0.875,0.945,6,"1000,1001,1002,1003,1004,1005",67800,200,True
even-palindrome,structural_features,accuracy,relation,38000,0.9075000000000001,0.04714781719938546,0.815,0.955,6,"1000,1001,1002,1003,1004,1005",67800,200,True
even-palindrome,structural_features,accuracy,relation,38200,0.89,0.02041241452319317,0.85,0.915,6,"1000,1001,1002,1003,1004,1005",67800,200,True
even-palindrome,structural_features,accuracy,relation,38400,0.9116666666666666,0.02702879123371142,0.87,0.955,6,"1000,1001,1002,1003,1004,1005",67800,200,True
even-palindrome,structural_features,accuracy,relation,38600,0.9,0.03162277660168378,0.87,0.94,6,"1000,1001,1002,1003,1004,1005",67800,200,True
even-palindrome,structural_features,accuracy,relation,38800,0.9049999999999999,0.036285901761795414,0.85,0.95,6,"1000,1001,1002,1003,1004,1005",67800,200,True
even-palindrome,structural_features,accuracy,relation,39000,0.9266666666666666,0.02357022603955156,0.9,0.965,6,"1000,1001,1002,1003,1004,1005",67800,200,True
even-palindrome,structural_features,accuracy,relation,39200,0.9066666666666666,0.02494438257849293,0.875,0.95,6,"1000,1001,1002,1003,1004,1005",67800,200,True
even-palindrome,structural_features,accuracy,relation,39400,0.91,0.04092676385936225,0.83,0.95,6,"1000,1001,1002,1003,1004,1005",67800,200,True
even-palindrome,structural_features,accuracy,relation,39600,0.9133333333333334,0.03091206165165234,0.86,0.965,6,"1000,1001,1002,1003,1004,1005",67800,200,True
even-palindrome,structural_features,accuracy,relation,39800,0.9241666666666667,0.029639032072964557,0.88,0.975,6,"1000,1001,1002,1003,1004,1005",67800,200,True
even-palindrome,structural_features,accuracy,relation,40000,0.9208333333333334,0.03909568035246633,0.86,0.985,6,"1000,1001,1002,1003,1004,1005",67800,200,True
even-palindrome,structural_features,accuracy,relation,40200,0.9208333333333334,0.021874007914011114,0.9,0.96,6,"1000,1001,1002,1003,1004,1005",67800,200,True
even-palindrome,structural_features,accuracy,relation,40400,0.9175,0.027801378862687104,0.885,0.96,6,"1000,1001,1002,1003,1004,1005",67800,200,True
even-palindrome,structural_features,accuracy,relation,40600,0.935,0.035118845842842444,0.89,0.98,6,"1000,1001,1002,1003,1004,1005",67800,200,True
even-palindrome,structural_features,accuracy,relation,40800,0.9216666666666667,0.02763853991962831,0.885,0.965,6,"1000,1001,1002,1003,1004,1005",67800,200,True
even-palindrome,structural_features,accuracy,relation,41000,0.9283333333333332,0.020548046676563243,0.89,0.96,6,"1000,1001,1002,1003,1004,1005",67800,200,True
even-palindrome,structural_features,accuracy,relation,41200,0.9133333333333334,0.057783119411199034,0.8,0.985,6,"1000,1001,1002,1003,1004,1005",67800,200,True
even-palindrome,structural_features,accuracy,relation,41400,0.9333333333333332,0.037490739597339964,0.88,0.985,6,"1000,1001,1002,1003,1004,1005",67800,200,True
even-palindrome,structural_features,accuracy,relation,41600,0.9091666666666667,0.03334374837290425,0.86,0.955,6,"1000,1001,1002,1003,1004,1005",67800,200,True
even-palindrome,structural_features,accuracy,relation,41800,0.9291666666666667,0.04197386753154342,0.865,0.985,6,"1000,1001,1002,1003,1004,1005",67800,200,True
even-palindrome,structural_features,accuracy,relation,42000,0.9233333333333333,0.02357022603955156,0.89,0.96,6,"1000,1001,1002,1003,1004,1005",67800,200,True
even-palindrome,structural_features,accuracy,relation,42200,0.9341666666666667,0.03206980234148974,0.88,0.98,6,"1000,1001,1002,1003,1004,1005",67800,200,True
even-palindrome,structural_features,accuracy,relation,42400,0.9325000000000001,0.03520771695712933,0.89,0.985,6,"1000,1001,1002,1003,1004,1005",67800,200,True
even-palindrome,structural_features,accuracy,relation,42600,0.9258333333333333,0.023702437755546465,0.885,0.955,6,"1000,1001,1002,1003,1004,1005",67800,200,True
even-palindrome,structural_features,accuracy,relation,42800,0.9249999999999999,0.03593976442141302,0.87,0.96,6,"1000,1001,1002,1003,1004,1005",67800,200,True
even-palindrome,structural_features,accuracy,relation,43000,0.9433333333333334,0.014907119849998566,0.915,0.96,6,"1000,1001,1002,1003,1004,1005",67800,200,True
even-palindrome,structural_features,accuracy,relation,43200,0.9491666666666667,0.016687486995417323,0.935,0.985,6,"1000,1001,1002,1003,1004,1005",67800,200,True
even-palindrome,structural_features,accuracy,relation,43400,0.9249999999999999,0.04760952285695233,0.86,0.99,6,"1000,1001,1002,1003,1004,1005",67800,200,True
even-palindrome,structural_features,accuracy,relation,43600,0.9183333333333333,0.022852182001336804,0.89,0.955,6,"1000,1001,1002,1003,1004,1005",67800,200,True
even-palindrome,structural_features,accuracy,relation,43800,0.9383333333333334,0.01624465724134825,0.91,0.965,6,"1000,1001,1002,1003,1004,1005",67800,200,True
even-palindrome,structural_features,accuracy,relation,44000,0.9349999999999999,0.03366501646120691,0.87,0.98,6,"1000,1001,1002,1003,1004,1005",67800,200,True
even-palindrome,structural_features,accuracy,relation,44200,0.9291666666666666,0.03757400105865164,0.85,0.96,6,"1000,1001,1002,1003,1004,1005",67800,200,True
even-palindrome,structural_features,accuracy,relation,44400,0.9483333333333333,0.025440562537456222,0.92,0.995,6,"1000,1001,1002,1003,1004,1005",67800,200,True
even-palindrome,structural_features,accuracy,relation,44600,0.9366666666666666,0.029953667926019036,0.91,1.0,6,"1000,1001,1002,1003,1004,1005",67800,200,True
even-palindrome,structural_features,accuracy,relation,44800,0.9424999999999999,0.029965257660608646,0.91,0.995,6,"1000,1001,1002,1003,1004,1005",67800,200,True
even-palindrome,structural_features,accuracy,relation,45000,0.9208333333333333,0.026206975322527307,0.885,0.965,6,"1000,1001,1002,1003,1004,1005",67800,200,True
even-palindrome,structural_features,accuracy,relation,45200,0.9416666666666665,0.02867441755680874,0.91,0.995,6,"1000,1001,1002,1003,1004,1005",67800,200,True
even-palindrome,structural_features,accuracy,relation,45400,0.9491666666666666,0.022251716538031135,0.91,0.975,6,"1000,1001,1002,1003,1004,1005",67800,200,True
even-palindrome,structural_features,accuracy,relation,45600,0.9266666666666666,0.0317104959840674,0.885,0.98,6,"1000,1001,1002,1003,1004,1005",67800,200,True
even-palindrome,structural_features,accuracy,relation,45800,0.9500000000000001,0.026457513110645894,0.9,0.985,6,"1000,1001,1002,1003,1004,1005",67800,200,True
even-palindrome,structural_features,accuracy,relation,46000,0.9433333333333334,0.034359213546813816,0.89,0.995,6,"1000,1001,1002,1003,1004,1005",67800,200,True
even-palindrome,structural_features,accuracy,relation,46200,0.9383333333333335,0.027335365778094516,0.905,0.975,6,"1000,1001,1002,1003,1004,1005",67800,200,True
even-palindrome,structural_features,accuracy,relation,46400,0.9391666666666666,0.038342390234424456,0.885,0.99,6,"1000,1001,1002,1003,1004,1005",67800,200,True
even-palindrome,structural_features,accuracy,relation,46600,0.9499999999999998,0.015545631755147997,0.93,0.97,6,"1000,1001,1002,1003,1004,1005",67800,200,True
even-palindrome,structural_features,accuracy,relation,46800,0.9349999999999999,0.029154759474226483,0.89,0.98,6,"1000,1001,1002,1003,1004,1005",67800,200,True
even-palindrome,structural_features,accuracy,relation,47000,0.9349999999999999,0.0565685424949238,0.83,0.99,6,"1000,1001,1002,1003,1004,1005",67800,200,True
even-palindrome,structural_features,accuracy,relation,47200,0.93,0.04010403138505321,0.86,0.995,6,"1000,1001,1002,1003,1004,1005",67800,200,True
even-palindrome,structural_features,accuracy,relation,47400,0.9458333333333333,0.040354333376010826,0.87,0.995,6,"1000,1001,1002,1003,1004,1005",67800,200,True
even-palindrome,structural_features,accuracy,relation,47600,0.9524999999999998,0.026259918760981202,0.925,1.0,6,"1000,1001,1002,1003,1004,1005",67800,200,True
even-palindrome,structural_features,accuracy,relation,47800,0.9491666666666667,0.021489661597046017,0.91,0.975,6,"1000,1001,1002,1003,1004,1005",67800,200,True
even-palindrome,structural_features,accuracy,relation,48000,0.9408333333333334,0.022063670491456182,0.915,0.975,6,"1000,1001,1002,1003,1004,1005",67800,200,True
even-palindrome,structural_features,accuracy,relation,48200,0.9516666666666668,0.01624465724134827,0.935,0.985,6,"1000,1001,1002,1003,1004,1005",67800,200,True
even-palindrome,structural_features,accuracy,relation,48400,0.955,0.022173557826083445,0.925,0.995,6,"1000,1001,1002,1003,1004,1005",67800,200,True
even-palindrome,structural_features,accuracy,relation,48600,0.9458333333333333,0.021098314835286916,0.92,0.985,6,"1000,1001,1002,1003,1004,1005",67800,200,True
even-palindrome,structural_features,accuracy,relation,48800,0.9408333333333333,0.023525990355821817,0.91,0.98,6,"1000,1001,1002,1003,1004,1005",67800,200,True
even-palindrome,structural_features,accuracy,relation,49000,0.9483333333333334,0.018856180831641246,0.91,0.97,6,"1000,1001,1002,1003,1004,1005",67800,200,True
even-palindrome,structural_features,accuracy,relation,49200,0.945,0.02362907813126302,0.92,0.99,6,"1000,1001,1002,1003,1004,1005",67800,200,True
even-palindrome,structural_features,accuracy,relation,49400,0.9583333333333334,0.02074983266331455,0.93,0.985,6,"1000,1001,1002,1003,1004,1005",67800,200,True
even-palindrome,structural_features,accuracy,relation,49600,0.9441666666666667,0.026206975322527287,0.91,0.985,6,"1000,1001,1002,1003,1004,1005",67800,200,True
even-palindrome,structural_features,accuracy,relation,49800,0.9583333333333334,0.03472111109333276,0.885,0.99,6,"1000,1001,1002,1003,1004,1005",67800,200,True
even-palindrome,structural_features,accuracy,relation,50000,0.9575,0.027195281453467852,0.925,1.0,6,"1000,1001,1002,1003,1004,1005",67800,200,True
even-palindrome,structural_features,accuracy,relation,50200,0.9525000000000001,0.031191612120354813,0.905,0.99,6,"1000,1001,1002,1003,1004,1005",67800,200,True
even-palindrome,structural_features,accuracy,relation,50400,0.9624999999999999,0.025617376914898987,0.92,1.0,6,"1000,1001,1002,1003,1004,1005",67800,200,True
even-palindrome,structural_features,accuracy,relation,50600,0.9566666666666666,0.02211083193570264,0.925,0.985,6,"1000,1001,1002,1003,1004,1005",67800,200,True
even-palindrome,structural_features,accuracy,relation,50800,0.9541666666666666,0.01765801675034754,0.93,0.975,6,"1000,1001,1002,1003,1004,1005",67800,200,True
even-palindrome,structural_features,accuracy,relation,51000,0.9641666666666667,0.017179606773406936,0.945,0.99,6,"1000,1001,1002,1003,1004,1005",67800,200,True
even-palindrome,structural_features,accuracy,relation,51200,0.9525,0.03375771516754848,0.885,0.99,6,"1000,1001,1002,1003,1004,1005",67800,200,True
even-palindrome,structural_features,accuracy,relation,51400,0.94,0.03488074922742723,0.88,0.98,6,"1000,1001,1002,1003,1004,1005",67800,200,True
even-palindrome,structural_features,accuracy,relation,51600,0.9525,0.024958298553119873,0.93,1.0,6,"1000,1001,1002,1003,1004,1005",67800,200,True
even-palindrome,structural_features,accuracy,relation,51800,0.9408333333333334,0.0325853579933619,0.905,1.0,6,"1000,1001,1002,1003,1004,1005",67800,200,True
even-palindrome,structural_features,accuracy,relation,52000,0.9591666666666666,0.030196118219989042,0.915,1.0,6,"1000,1001,1002,1003,1004,1005",67800,200,True
even-palindrome,structural_features,accuracy,relation,52200,0.9433333333333334,0.026404965862924745,0.915,0.99,6,"1000,1001,1002,1003,1004,1005",67800,200,True
even-palindrome,structural_features,accuracy,relation,52400,0.9633333333333333,0.02733536577809452,0.92,1.0,6,"1000,1001,1002,1003,1004,1005",67800,200,True
even-palindrome,structural_features,accuracy,relation,52600,0.965,0.025819888974716085,0.93,0.995,6,"1000,1001,1002,1003,1004,1005",67800,200,True
even-palindrome,structural_features,accuracy,relation,52800,0.9624999999999999,0.020966242709015197,0.93,1.0,6,"1000,1001,1002,1003,1004,1005",67800,200,True
even-palindrome,structural_features,accuracy,relation,53000,0.9616666666666666,0.016996731711975934,0.935,0.98,6,"1000,1001,1002,1003,1004,1005",67800,200,True
even-palindrome,structural_features,accuracy,relation,53200,0.9700000000000001,0.020207259421636918,0.95,1.0,6,"1000,1001,1002,1003,1004,1005",67800,200,True
even-palindrome,structural_features,accuracy,relation,53400,0.9558333333333332,0.03432888320674329,0.895,1.0,6,"1000,1001,1002,1003,1004,1005",67800,200,True
even-palindrome,structural_features,accuracy,relation,53600,0.9566666666666667,0.030230595245361737,0.91,0.99,6,"1000,1001,1002,1003,1004,1005",67800,200,True
even-palindrome,structural_features,accuracy,relation,53800,0.9591666666666666,0.025399584423546943,0.92,1.0,6,"1000,1001,1002,1003,1004,1005",67800,200,True
even-palindrome,structural_features,accuracy,relation,54000,0.9700000000000001,0.019364916731037064,0.93,0.99,6,"1000,1001,1002,1003,1004,1005",67800,200,True
even-palindrome,structural_features,accuracy,relation,54200,0.9608333333333334,0.02878319339861755,0.915,0.99,6,"1000,1001,1002,1003,1004,1005",67800,200,True
even-palindrome,structural_features,accuracy,relation,54400,0.9558333333333332,0.023348209543536474,0.92,0.99,6,"1000,1001,1002,1003,1004,1005",67800,200,True
even-palindrome,structural_features,accuracy,relation,54600,0.9666666666666668,0.02374634474795834,0.935,1.0,6,"1000,1001,1002,1003,1004,1005",67800,200,True
even-palindrome,structural_features,accuracy,relation,54800,0.9500000000000001,0.02533114025595109,0.91,0.99,6,"1000,1001,1002,1003,1004,1005",67800,200,True
even-palindrome,structural_features,accuracy,relation,55000,0.9633333333333334,0.011785113019775802,0.95,0.985,6,"1000,1001,1002,1003,1004,1005",67800,200,True
even-palindrome,structural_features,accuracy,relation,55200,0.9683333333333333,0.018856180831641284,0.945,1.0,6,"1000,1001,1002,1003,1004,1005",67800,200,True
even-palindrome,structural_features,accuracy,relation,55400,0.9525,0.03602661053536212,0.885,0.985,6,"1000,1001,1002,1003,1004,1005",67800,200,True
even-palindrome,structural_features,accuracy,relation,55600,0.9616666666666666,0.02687419249432849,0.915,1.0,6,"1000,1001,1002,1003,1004,1005",67800,200,True
even-palindrome,structural_features,accuracy,relation,55800,0.9666666666666668,0.024776781245530836,0.93,1.0,6,"1000,1001,1002,1003,1004,1005",67800,200,True
even-palindrome,structural_features,accuracy,relation,56000,0.9758333333333332,0.014553540997144163,0.955,0.995,6,"1000,1001,1002,1003,1004,1005",67800,200,True
even-palindrome,structural_features,accuracy,relation,56200,0.9533333333333335,0.016499158227686123,0.94,0.985,6,"1000,1001,1002,1003,1004,1005",67800,200,True
even-palindrome,structural_features,accuracy,relation,56400,0.9583333333333334,0.029674156357941416,0.9,1.0,6,"1000,1001,1002,1003,1004,1005",67800,200,True
even-palindrome,structural_features,accuracy,relation,56600,0.9550000000000001,0.019148542155126735,0.93,0.985,6,"1000,1001,1002,1003,1004,1005",67800,200,True
even-palindrome,structural_features,accuracy,relation,56800,0.9608333333333333,0.026523050771399225,0.925,1.0,6,"1000,1001,1002,1003,1004,1005",67800,200,True
even-palindrome,structural_features,accuracy,relation,57000,0.9691666666666667,0.019667372868676595,0.94,1.0,6,"1000,1001,1002,1003,1004,1005",67800,200,True
even-palindrome,structural_features,accuracy,relation,57200,0.9766666666666666,0.016749792701868164,0.95,1.0,6,"1000,1001,1002,1003,1004,1005",67800,200,True
even-palindrome,structural_features,accuracy,relation,57400,0.9666666666666668,0.019720265943665376,0.935,0.99,6,"1000,1001,1002,1003,1004,1005",67800,200,True
even-palindrome,structural_features,accuracy,relation,57600,0.9625,0.012500000000000011,0.94,0.975,6,"1000,1001,1002,1003,1004,1005",67800,200,True
even-palindrome,structural_features,accuracy,relation,57800,0.9625,0.026418112473578913,0.93,1.0,6,"1000,1001,1002,1003,1004,1005",67800,200,True
even-palindrome,structural_features,accuracy,relation,58000,0.9774999999999999,0.019525624189766656,0.94,1.0,6,"1000,1001,1002,1003,1004,1005",67800,200,True
even-palindrome,structural_features,accuracy,relation,58200,0.9641666666666665,0.009316949906249131,0.945,0.975,6,"1000,1001,1002,1003,1004,1005",67800,200,True
even-palindrome,structural_features,accuracy,relation,58400,0.9533333333333333,0.024944382578492925,0.925,0.995,6,"1000,1001,1002,1003,1004,1005",67800,200,True
even-palindrome,structural_features,accuracy,relation,58600,0.96,0.02798809270624442,0.925,1.0,6,"1000,1001,1002,1003,1004,1005",67800,200,True
even-palindrome,structural_features,accuracy,relation,58800,0.9641666666666667,0.026679684322636857,0.915,0.99,6,"1000,1001,1002,1003,1004,1005",67800,200,True
even-palindrome,structural_features,accuracy,relation,59000,0.9674999999999999,0.01842778698958,0.95,1.0,6,"1000,1001,1002,1003,1004,1005",67800,200,True
even-palindrome,structural_features,accuracy,relation,59200,0.9683333333333334,0.021730674684008813,0.93,0.995,6,"1000,1001,1002,1003,1004,1005",67800,200,True
even-palindrome,structural_features,accuracy,relation,59400,0.9725,0.017017148213885128,0.945,1.0,6,"1000,1001,1002,1003,1004,1005",67800,200,True
even-palindrome,structural_features,accuracy,relation,59600,0.9658333333333333,0.01765801675034759,0.94,0.995,6,"1000,1001,1002,1003,1004,1005",67800,200,True
even-palindrome,structural_features,accuracy,relation,59800,0.9758333333333332,0.006066758241067104,0.97,0.985,6,"1000,1001,1002,1003,1004,1005",67800,200,True
even-palindrome,structural_features,accuracy,relation,60000,0.9674999999999999,0.02479079130107255,0.94,1.0,6,"1000,1001,1002,1003,1004,1005",67800,200,True
even-palindrome,structural_features,accuracy,relation,60200,0.9616666666666666,0.029674156357941402,0.925,0.995,6,"1000,1001,1002,1003,1004,1005",67800,200,True
even-palindrome,structural_features,accuracy,relation,60400,0.9616666666666668,0.022852182001336804,0.925,0.995,6,"1000,1001,1002,1003,1004,1005",67800,200,True
even-palindrome,structural_features,accuracy,relation,60600,0.9608333333333333,0.027901115071305334,0.91,0.995,6,"1000,1001,1002,1003,1004,1005",67800,200,True
even-palindrome,structural_features,accuracy,relation,60800,0.9641666666666667,0.022063670491456203,0.93,1.0,6,"1000,1001,1002,1003,1004,1005",67800,200,True
even-palindrome,structural_features,accuracy,relation,61000,0.9624999999999999,0.04069705149024926,0.875,1.0,6,"1000,1001,1002,1003,1004,1005",67800,200,True
even-palindrome,structural_features,accuracy,relation,61200,0.9558333333333334,0.031808891139987173,0.91,0.995,6,"1000,1001,1002,1003,1004,1005",67800,200,True
even-palindrome,structural_features,accuracy,relation,61400,0.9699999999999999,0.014719601443879758,0.95,0.99,6,"1000,1001,1002,1003,1004,1005",67800,200,True
even-palindrome,structural_features,accuracy,relation,61600,0.965,0.029860788111948193,0.92,1.0,6,"1000,1001,1002,1003,1004,1005",67800,200,True
even-palindrome,structural_features,accuracy,relation,61800,0.9683333333333333,0.021538079972200128,0.93,0.995,6,"1000,1001,1002,1003,1004,1005",67800,200,True
even-palindrome,structural_features,accuracy,relation,62000,0.9633333333333334,0.02494438257849294,0.93,0.995,6,"1000,1001,1002,1003,1004,1005",67800,200,True
even-palindrome,structural_features,accuracy,relation,62200,0.9658333333333333,0.020292992769809885,0.945,1.0,6,"1000,1001,1002,1003,1004,1005",67800,200,True
even-palindrome,structural_features,accuracy,relation,62400,0.9674999999999999,0.033260336739125165,0.9,1.0,6,"1000,1001,1002,1003,1004,1005",67800,200,True
even-palindrome,structural_features,accuracy,relation,62600,0.9633333333333334,0.03496029493900503,0.915,1.0,6,"1000,1001,1002,1003,1004,1005",67800,200,True
even-palindrome,structural_features,accuracy,relation,62800,0.9674999999999999,0.028099525500145602,0.92,0.995,6,"1000,1001,1002,1003,1004,1005",67800,200,True
even-palindrome,structural_features,accuracy,relation,63000,0.9716666666666667,0.022484562605386754,0.94,1.0,6,"1000,1001,1002,1003,1004,1005",67800,200,True
even-palindrome,structural_features,accuracy,relation,63200,0.9658333333333333,0.0226231199341637,0.925,0.995,6,"1000,1001,1002,1003,1004,1005",67800,200,True
even-palindrome,structural_features,accuracy,relation,63400,0.9633333333333333,0.03261730965130153,0.91,1.0,6,"1000,1001,1002,1003,1004,1005",67800,200,True
even-palindrome,structural_features,accuracy,relation,63600,0.9633333333333333,0.021538079972200135,0.93,0.99,6,"1000,1001,1002,1003,1004,1005",67800,200,True
even-palindrome,structural_features,accuracy,relation,63800,0.9674999999999999,0.02625991876098124,0.94,1.0,6,"1000,1001,1002,1003,1004,1005",67800,200,True
even-palindrome,structural_features,accuracy,relation,64000,0.9658333333333333,0.023877581303157338,0.935,1.0,6,"1000,1001,1002,1003,1004,1005",67800,200,True
even-palindrome,structural_features,accuracy,relation,64200,0.9575,0.029965257660608664,0.9,0.99,6,"1000,1001,1002,1003,1004,1005",67800,200,True
even-palindrome,structural_features,accuracy,relation,64400,0.96,0.034156502553198645,0.915,1.0,6,"1000,1001,1002,1003,1004,1005",67800,200,True
even-palindrome,structural_features,accuracy,relation,64600,0.9641666666666667,0.025069348260818865,0.925,1.0,6,"1000,1001,1002,1003,1004,1005",67800,200,True
even-palindrome,structural_features,accuracy,relation,64800,0.9716666666666667,0.017716909687891098,0.95,0.995,6,"1000,1001,1002,1003,1004,1005",67800,200,True
even-palindrome,structural_features,accuracy,relation,65000,0.9783333333333334,0.015456030825826186,0.95,0.995,6,"1000,1001,1002,1003,1004,1005",67800,200,True
even-palindrome,structural_features,accuracy,relation,65200,0.9649999999999999,0.015000000000000013,0.94,0.985,6,"1000,1001,1002,1003,1004,1005",67800,200,True
even-palindrome,structural_features,accuracy,relation,65400,0.9774999999999999,0.012829003598617222,0.96,1.0,6,"1000,1001,1002,1003,1004,1005",67800,200,True
even-palindrome,structural_features,accuracy,relation,65600,0.9758333333333334,0.02129488723196775,0.94,1.0,6,"1000,1001,1002,1003,1004,1005",67800,200,True
even-palindrome,structural_features,accuracy,relation,65800,0.9741666666666666,0.016935334527417994,0.95,0.99,6,"1000,1001,1002,1003,1004,1005",67800,200,True
even-palindrome,structural_features,accuracy,relation,66000,0.9608333333333333,0.0423690793962872,0.87,1.0,6,"1000,1001,1002,1003,1004,1005",67800,200,True
even-palindrome,structural_features,accuracy,relation,66200,0.9691666666666666,0.03540440964374666,0.895,1.0,6,"1000,1001,1002,1003,1004,1005",67800,200,True
even-palindrome,structural_features,accuracy,relation,66400,0.9658333333333333,0.026523050771399225,0.93,1.0,6,"1000,1001,1002,1003,1004,1005",67800,200,True
even-palindrome,structural_features,accuracy,relation,66600,0.9808333333333333,0.01765801675034759,0.945,1.0,6,"1000,1001,1002,1003,1004,1005",67800,200,True
even-palindrome,structural_features,accuracy,relation,66800,0.9608333333333334,0.01335934961823451,0.945,0.985,6,"1000,1001,1002,1003,1004,1005",67800,200,True
even-palindrome,structural_features,accuracy,relation,67000,0.9683333333333333,0.016499158227686123,0.945,0.99,6,"1000,1001,1002,1003,1004,1005",67800,200,True
even-palindrome,structural_features,accuracy,relation,67200,0.9733333333333333,0.017716909687891098,0.95,1.0,6,"1000,1001,1002,1003,1004,1005",67800,200,True
even-palindrome,structural_features,accuracy,relation,67400,0.9758333333333332,0.022251716538031166,0.94,1.0,6,"1000,1001,1002,1003,1004,1005",67800,200,True
even-palindrome,structural_features,accuracy,relation,67600,0.9725,0.026259918760981202,0.92,1.0,6,"1000,1001,1002,1003,1004,1005",67800,200,True
even-palindrome,structural_features,accuracy,relation,67800,0.9716666666666667,0.021730674684008848,0.945,1.0,6,"1000,1001,1002,1003,1004,1005",67800,200,True
even-palindrome,structural_features,accuracy,combined,200,0.4725,0.006291528696058942,0.465,0.48,6,"1000,1001,1002,1003,1004,1005",67800,200,True
even-palindrome,structural_features,accuracy,combined,400,0.48583333333333334,0.039519685671264605,0.44,0.545,6,"1000,1001,1002,1003,1004,1005",67800,200,True
even-palindrome,structural_features,accuracy,combined,600,0.5,0.03752776749732568,0.45,0.54,6,"1000,1001,1002,1003,1004,1005",67800,200,True
even-palindrome,structural_features,accuracy,combined,800,0.5000000000000001,0.02380476142847619,0.47,0.54,6,"1000,1001,1002,1003,1004,1005",67800,200,True
even-palindrome,structural_features,accuracy,combined,1000,0.5025,0.030379543555930325,0.46,0.545,6,"1000,1001,1002,1003,1004,1005",67800,200,True
even-palindrome,structural_features,accuracy,combined,1200,0.5233333333333334,0.036704525909242065,0.475,0.595,6,"1000,1001,1002,1003,1004,1005",67800,200,True
even-palindrome,structural_features,accuracy,combined,1400,0.5108333333333334,0.0432451024844304,0.45,0.59,6,"1000,1001,1002,1003,1004,1005",67800,200,True
even-palindrome,structural_features,accuracy,combined,1600,0.5108333333333334,0.03563900796723851,0.44,0.55,6,"1000,1001,1002,1003,1004,1005",67800,200,True
even-palindrome,structural_features,accuracy,combined,1800,0.5225000000000001,0.04930770730829006,0.475,0.615,6,"1000,1001,1002,1003,1004,1005",67800,200,True
even-palindrome,structural_features,accuracy,combined,2000,0.53,0.029860788111948224,0.49,0.56,6,"1000,1001,1002,1003,1004,1005",67800,200,True
even-palindrome,structural_features,accuracy,combined,2200,0.5275,0.028099525500145602,0.485,0.575,6,"1000,1001,1002,1003,1004,1005",67800,200,True
even-palindrome,structural_features,accuracy,combined,2400,0.5441666666666666,0.023348209543536492,0.505,0.58,6,"1000,1001,1002,1003,1004,1005",67800,200,True
even-palindrome,structural_features,accuracy,combined,2600,0.5599999999999999,0.038729833462074155,0.5,0.595,6,"1000,1001,1002,1003,1004,1005",67800,200,True
even-palindrome,structural_features,accuracy,combined,2800,0.5608333333333334,0.02683540364684101,0.525,0.605,6,"1000,1001,1002,1003,1004,1005",67800,200,True
even-palindrome,structural_features,accuracy,combined,3000,0.5608333333333334,0.0393082547169025,0.515,0.615,6,"1000,1001,1002,1003,1004,1005",67800,200,True
even-palindrome,structural_features,accuracy,combined,3200,0.5866666666666667,0.04169998667732267,0.54,0.66,6,"1000,1001,1002,1003,1004,1005",67800,200,True
even-palindrome,structural_features,accuracy,combined,3400,0.5658333333333333,0.02262311993416369,0.52,0.585,6,"1000,1001,1002,1003,1004,1005",67800,200,True
even-palindrome,structural_features,accuracy,combined,3600,0.585,0.03905124837953326,0.53,0.65,6,"1000,1001,1002,1003,1004,1005",67800,200,True
even-palindrome,structural_features,accuracy,combined,3800,0.5666666666666667,0.03197221015541812,0.51,0.605,6,"1000,1001,1002,1003,1004,1005",67800,200,True
even-palindrome,structural_features,accuracy,combined,4000,0.5708333333333334,0.022438186696393744,0.535,0.6,6,"1000,1001,1002,1003,1004,1005",67800,200,True
even-palindrome,structural_features,accuracy,combined,4200,0.5633333333333332,0.027182510717166795,0.53,0.61,6,"1000,1001,1002,1003,1004,1005",67800,200,True
even-palindrome,structural_features,accuracy,combined,4400,0.5675,0.02824741876113046,0.54,0.62,6,"1000,1001,1002,1003,1004,1005",67800,200,True
even-palindrome,structural_features,accuracy,combined,4600,0.5925,0.033134825586785085,0.555,0.645,6,"1000,1001,1002,1003,1004,1005",67800,200,True
even-palindrome,structural_features,accuracy,combined,4800,0.5858333333333333,0.04494595520053933,0.53,0.64,6,"1000,1001,1002,1003,1004,1005",67800,200,True
even-palindrome,structural_features,accuracy,combined,5000,0.5874999999999999,0.013768926368215268,0.565,0.61,6,"1000,1001,1002,1003,1004,1005",67800,200,True
even-palindrome,structural_features,accuracy,combined,5200,0.6075,0.041907636535600534,0.555,0.66,6,"1000,1001,1002,1003,1004,1005",67800,200,True
even-palindrome,structural_features,accuracy,combined,5400,0.6024999999999999,0.03400367627183861,0.55,0.665,6,"1000,1001,1002,1003,1004,1005",67800,200,True
even-palindrome,structural_features,accuracy,combined,5600,0.5641666666666666,0.042369079396287194,0.495,0.615,6,"1000,1001,1002,1003,1004,1005",67800,200,True
even-palindrome,structural_features,accuracy,combined,5800,0.5883333333333334,0.03922867431979939,0.53,0.655,6,"1000,1001,1002,1003,1004,1005",67800,200,True
even-palindrome,structural_features,accuracy,combined,6000,0.6249999999999999,0.021213203435596444,0.61,0.67,6,"1000,1001,1002,1003,1004,1005",67800,200,True
even-palindrome,structural_features,accuracy,combined,6200,0.6191666666666665,0.019454362549881272,0.595,0.65,6,"1000,1001,1002,1003,1004,1005",67800,200,True
even-palindrome,structural_features,accuracy,combined,6400,0.6058333333333333,0.03920211162113026,0.55,0.68,6,"1000,1001,1002,1003,1004,1005",67800,200,True
even-palindrome,structural_features,accuracy,combined,6600,0.5883333333333334,0.01907587190376598,0.555,0.615,6,"1000,1001,1002,1003,1004,1005",67800,200,True
even-palindrome,structural_features,accuracy,combined,6800,0.6216666666666667,0.04561310727801334,0.555,0.695,6,"1000,1001,1002,1003,1004,1005",67800,200,True
even-palindrome,structural_features,accuracy,combined,7000,0.6208333333333332,0.029356524923014254,0.58,0.67,6,"1000,1001,1002,1003,1004,1005",67800,200,True
even-palindrome,structural_features,accuracy,combined,7200,0.6,0.03391164991562634,0.54,0.645,6,"1000,1001,1002,1003,1004,1005",67800,200,True
even-palindrome,structural_features,accuracy,combined,7400,0.6191666666666666,0.03587207208338484,0.565,0.67,6,"1000,1001,1002,1003,1004,1005",67800,200,True
even-palindrome,structural_features,accuracy,combined,7600,0.6275,0.05022864388639878,0.545,0.705,6,"1000,1001,1002,1003,1004,1005",67800,200,True
even-palindrome,structural_features,accuracy,combined,7800,0.6233333333333334,0.04597704741377909,0.58,0.695,6,"1000,1001,1002,1003,1004,1005",67800,200,True
even-palindrome,structural_features,accuracy,combined,8000,0.6166666666666667,0.04393808775488023,0.53,0.66,6,"1000,1001,1002,1003,1004,1005",67800,200,True
even-palindrome,structural_features,accuracy,combined,8200,0.6066666666666666,0.0327448045073142,0.575,0.665,6,"1000,1001,1002,1003,1004,1005",67800,200,True
even-palindrome,structural_features,accuracy,combined,8400,0.6124999999999999,0.031457643480294784,0.56,0.65,6,"1000,1001,1002,1003,1004,1005",67800,200,True
even-palindrome,structural_features,accuracy,combined,8600,0.6116666666666667,0.04393808775488024,0.555,0.675,6,"1000,1001,1002,1003,1004,1005",67800,200,True
even-palindrome,structural_features,accuracy,combined,8800,0.6141666666666666,0.02490258799580658,0.58,0.64,6,"1000,1001,1002,1003,1004,1005",67800,200,True
even-palindrome,structural_features,accuracy,combined,9000,0.6466666666666666,0.0423936578065897,0.59,0.7,6,"1000,1001,1002,1003,1004,1005",67800,200,True
even-palindrome,structural_features,accuracy,combined,9200,0.6416666666666667,0.030230595245361785,0.61,0.685,6,"1000,1001,1002,1003,1004,1005",67800,200,True
even-palindrome,structural_features,accuracy,combined,9400,0.6316666666666667,0.03197221015541816,0.6,0.675,6,"1000,1001,1002,1003,1004,1005",67800,200,True
even-palindrome,structural_features,accuracy,combined,9600,0.625,0.055226805085936276,0.55,0.7,6,"1000,1001,1002,1003,1004,1005",67800,200,True
even-palindrome,structural_features,accuracy,combined,9800,0.6258333333333332,0.025069348260818893,0.595,0.665,6,"1000,1001,1002,1003,1004,1005",67800,200,True
even-palindrome,structural_features,accuracy,combined,10000,0.6525000000000001,0.0242813371405558,0.61,0.685,6,"1000,1001,1002,1003,1004,1005",67800,200,True
even-palindrome,structural_features,accuracy,combined,10200,0.6575000000000001,0.04059453986272866,0.585,0.705,6,"1000,1001,1002,1003,1004,1005",67800,200,True
even-palindrome,structural_features,accuracy,combined,10400,0.6449999999999999,0.029860788111948224,0.605,0.675,6,"1000,1001,1002,1003,1004,1005",67800,200,True
even-palindrome,structural_features,accuracy,combined,10600,0.6416666666666667,0.03636237371545239,0.58,0.7,6,"1000,1001,1002,1003,1004,1005",67800,200,True
even-palindrome,structural_features,accuracy,combined,10800,0.6683333333333334,0.03118047822311617,0.64,0.73,6,"1000,1001,1002,1003,1004,1005",67800,200,True
even-palindrome,structural_features,accuracy,combined,11000,0.6675,0.042597926397106856,0.59,0.72,6,"1000,1001,1002,1003,1004,1005",67800,200,True
even-palindrome,structural_features,accuracy,combined,11200,0.6525,0.03375771516754852,0.6,0.68,6,"1000,1001,1002,1003,1004,1005",67800,200,True
even-palindrome,structural_features,accuracy,combined,11400,0.6741666666666667,0.03888194382429401,0.615,0.73,6,"1000,1001,1002,1003,1004,1005",67800,200,True
even-palindrome,structural_features,accuracy,combined,11600,0.6791666666666666,0.017658016750347547,0.645,0.695,6,"1000,1001,1002,1003,1004,1005",67800,200,True
even-palindrome,structural_features,accuracy,combined,11800,0.6608333333333333,0.05762064637687507,0.555,0.715,6,"1000,1001,1002,1003,1004,1005",67800,200,True
even-palindrome,structural_features,accuracy,combined,12000,0.6575,0.047762432936357006,0.58,0.73,6,"1000,1001,1002,1003,1004,1005",67800,200,True
even-palindrome,structural_features,accuracy,combined,12200,0.665,0.031622776601683784,0.63,0.73,6,"1000,1001,1002,1003,1004,1005",67800,200,True
even-palindrome,structural_features,accuracy,combined,12400,0.6641666666666667,0.04970049183749482,0.57,0.73,6,"1000,1001,1002,1003,1004,1005",67800,200,True
even-palindrome,structural_features,accuracy,combined,12600,0.6575,0.05558402048550764,0.59,0.725,6,"1000,1001,1002,1003,1004,1005",67800,200,True
even-palindrome,structural_features,accuracy,combined,12800,0.6566666666666667,0.02687419249432849,0.615,0.705,6,"1000,1001,1002,1003,1004,1005",67800,200,True
even-palindrome,structural_features,accuracy,combined,13000,0.64,0.052599112793531654,0.555,0.71,6,"1000,1001,1002,1003,1004,1005",67800,200,True
even-palindrome,structural_features,accuracy,combined,13200,0.6491666666666668,0.047294878745542376,0.595,0.745,6,"1000,1001,1002,1003,1004,1005",67800,200,True
even-palindrome,structural_features,accuracy,combined,13400,0.6775000000000001,0.05444798741306545,0.625,0.775,6,"1000,1001,1002,1003,1004,1005",67800,200,True
even-palindrome,structural_features,accuracy,combined,13600,0.6558333333333334,0.05883711036034619,0.605,0.78,6,"1000,1001,1002,1003,1004,1005",67800,200,True
even-palindrome,structural_features,accuracy,combined,13800,0.6716666666666665,0.03670452590924205,0.625,0.725,6,"1000,1001,1002,1003,1004,1005",67800,200,True
even-palindrome,structural_features,accuracy,combined,14000,0.665,0.0724568837309472,0.58,0.765,6,"1000,1001,1002,1003,1004,1005",67800,200,True
even-palindrome,structural_features,accuracy,combined,14200,0.6841666666666667,0.037574001058651635,0.645,0.755,6,"1000,1001,1002,1003,1004,1005",67800,200,True
even-palindrome,structural_features,accuracy,combined,14400,0.6716666666666667,0.06242773600109347,0.605,0.765,6,"1000,1001,1002,1003,1004,1005",67800,200,True
even-palindrome,structural_features,accuracy,combined,14600,0.7125,0.06408002808988147,0.63,0.815,6,"1000,1001,1002,1003,1004,1005",67800,200,True
even-palindrome,structural_features,accuracy,combined,14800,0.695,0.06311365409587161,0.62,0.815,6,"1000,1001,1002,1003,1004,1005",67800,200,True
even-palindrome,structural_features,accuracy,combined,15000,0.7308333333333333,0.06978638039681442,0.64,0.825,6,"1000,1001,1002,1003,1004,1005",67800,200,True
even-palindrome,structural_features,accuracy,combined,15200,0.7016666666666667,0.06780281868935999,0.595,0.795,6,"1000,1001,1002,1003,1004,1005",67800,200,True
even-palindrome,structural_features,accuracy,combined,15400,0.7116666666666666,0.06420453428086074,0.63,0.8,6,"1000,1001,1002,1003,1004,1005",67800,200,True
even-palindrome,structural_features,accuracy,combined,15600,0.7116666666666666,0.04533823502911813,0.66,0.77,6,"1000,1001,1002,1003,1004,1005",67800,200,True
even-palindrome,structural_features,accuracy,combined,15800,0.745,0.05107184482014854,0.69,0.815,6,"1000,1001,1002,1003,1004,1005",67800,200,True
even-palindrome,structural_features,accuracy,combined,16000,0.7241666666666666,0.08017775391105829,0.645,0.89,6,"1000,1001,1002,1003,1004,1005",67800,200,True
even-palindrome,structural_features,accuracy,combined,16200,0.7333333333333334,0.07021791477646964,0.655,0.86,6,"1000,1001,1002,1003,1004,1005",67800,200,True
even-palindrome,structural_features,accuracy,combined,16400,0.7283333333333334,0.036817870057290876,0.68,0.785,6,"1000,1001,1002,1003,1004,1005",67800,200,True
even-palindrome,structural_features,accuracy,combined,16600,0.7266666666666666,0.04588633299312068,0.67,0.79,6,"1000,1001,1002,1003,1004,1005",67800,200,True
even-palindrome,structural_features,accuracy,combined,16800,0.695,0.03511884584284245,0.64,0.755,6,"1000,1001,1002,1003,1004,1005",67800,200,True
even-palindrome,structural_features,accuracy,combined,17000,0.7225,0.05942432162002354,0.65,0.815,6,"1000,1001,1002,1003,1004,1005",67800,200,True
even-palindrome,structural_features,accuracy,combined,17200,0.7033333333333333,0.036590830666833565,0.655,0.765,6,"1000,1001,1002,1003,1004,1005",67800,200,True
even-palindrome,structural_features,accuracy,combined,17400,0.7183333333333334,0.019507833184532693,0.685,0.75,6,"1000,1001,1002,1003,1004,1005",67800,200,True
even-palindrome,structural_features,accuracy,combined,17600,0.7116666666666668,0.055502752684489044,0.655,0.79,6,"1000,1001,1002,1003,1004,1005",67800,200,True
even-palindrome,structural_features,accuracy,combined,17800,0.7433333333333333,0.06128258770283412,0.645,0.815,6,"1000,1001,1002,1003,1004,1005",67800,200,True
even-palindrome,structural_features,accuracy,combined,18000,0.7308333333333333,0.07271042260608554,0.645,0.83,6,"1000,1001,1002,1003,1004,1005",67800,200,True
even-palindrome,structural_features,accuracy,combined,18200,0.7483333333333334,0.05550275268448904,0.685,0.845,6,"1000,1001,1002,1003,1004,1005",67800,200,True
even-palindrome,structural_features,accuracy,combined,18400,0.7366666666666667,0.03659083066683358,0.675,0.785,6,"1000,1001,1002,1003,1004,1005",67800,200,True
even-palindrome,structural_features,accuracy,combined,18600,0.7391666666666667,0.068216363302526,0.67,0.825,6,"1000,1001,1002,1003,1004,1005",67800,200,True
even-palindrome,structural_features,accuracy,combined,18800,0.7441666666666666,0.05003471017426029,0.69,0.81,6,"1000,1001,1002,1003,1004,1005",67800,200,True
even-palindrome,structural_features,accuracy,combined,19000,0.7599999999999999,0.06461423991660044,0.69,0.84,6,"1000,1001,1002,1003,1004,1005",67800,200,True
even-palindrome,structural_features,accuracy,combined,19200,0.7566666666666667,0.03771236166328257,0.705,0.805,6,"1000,1001,1002,1003,1004,1005",67800,200,True
even-palindrome,structural_features,accuracy,combined,19400,0.7749999999999999,0.053541261347363374,0.7,0.84,6,"1000,1001,1002,1003,1004,1005",67800,200,True
even-palindrome,structural_features,accuracy,combined,19600,0.7708333333333334,0.06528250573894627,0.67,0.87,6,"1000,1001,1002,1003,1004,1005",67800,200,True
even-palindrome,structural_features,accuracy,combined,19800,0.7683333333333332,0.04412734098291243,0.715,0.835,6,"1000,1001,1002,1003,1004,1005",67800,200,True
even-palindrome,structural_features,accuracy,combined,20000,0.7658333333333333,0.08413365689319716,0.655,0.88,6,"1000,1001,1002,1003,1004,1005",67800,200,True
even-palindrome,structural_features,accuracy,combined,20200,0.7783333333333333,0.058925565098878974,0.7,0.845,6,"1000,1001,1002,1003,1004,1005",67800,200,True
even-palindrome,structural_features,accuracy,combined,20400,0.7841666666666667,0.06924694136847408,0.675,0.87,6,"1000,1001,1002,1003,1004,1005",67800,200,True
even-palindrome,structural_features,accuracy,combined,20600,0.7758333333333334,0.06560085534672715,0.67,0.87,6,"1000,1001,1002,1003,1004,1005",67800,200,True
even-palindrome,structural_features,accuracy,combined,20800,0.7608333333333333,0.07259572224924063,0.665,0.895,6,"1000,1001,1002,1003,1004,1005",67800,200,True
even-palindrome,structural_features,accuracy,combined,21000,0.7783333333333333,0.0730677007226099,0.66,0.875,6,"1000,1001,1002,1003,1004,1005",67800,200,True
even-palindrome,structural_features,accuracy,combined,21200,0.7725000000000001,0.029685855217594818,0.725,0.805,6,"1000,1001,1002,1003,1004,1005",67800,200,True
even-palindrome,structural_features,accuracy,combined,21400,0.785,0.075,0.68,0.875,6,"1000,1001,1002,1003,1004,1005",67800,200,True
even-palindrome,structural_features,accuracy,combined,21600,0.8125,0.05313112709765027,0.715,0.87,6,"1000,1001,1002,1003,1004,1005",67800,200,True
even-palindrome,structural_features,accuracy,combined,21800,0.7958333333333334,0.03457078085448588,0.745,0.85,6,"1000,1001,1002,1003,1004,1005",67800,200,True
even-palindrome,structural_features,accuracy,combined,22000,0.8300000000000001,0.049833054625753506,0.76,0.885,6,"1000,1001,1002,1003,1004,1005",67800,200,True
even-palindrome,structural_features,accuracy,combined,22200,0.8325,0.05105144464165534,0.775,0.915,6,"1000,1001,1002,1003,1004,1005",67800,200,True
even-palindrome,structural_features,accuracy,combined,22400,0.8275,0.03497022543059546,0.77,0.865,6,"1000,1001,1002,1003,1004,1005",67800,200,True
even-palindrome,structural_features,accuracy,combined,22600,0.8383333333333334,0.054670731556189074,0.77,0.915,6,"1000,1001,1002,1003,1004,1005",67800,200,True
even-palindrome,structural_features,accuracy,combined,22800,0.8166666666666665,0.042882267767562016,0.755,0.88,6,"1000,1001,1002,1003,1004,1005",67800,200,True
even-palindrome,structural_features,accuracy,combined,23000,0.8241666666666667,0.037795134901495206,0.785,0.89,6,"1000,1001,1002,1003,1004,1005",67800,200,True
even-palindrome,structural_features,accuracy,combined,23200,0.8324999999999999,0.05864796103304304,0.75,0.9,6,"1000,1001,1002,1003,1004,1005",67800,200,True
even-palindrome,structural_features,accuracy,combined,23400,0.8483333333333332,0.04731689855526129,0.77,0.905,6,"1000,1001,1002,1003,1004,1005",67800,200,True
even-palindrome,structural_features,accuracy,combined,23600,0.8250000000000001,0.04787135538781691,0.755,0.915,6,"1000,1001,1002,1003,1004,1005",67800,200,True
even-palindrome,structural_features,accuracy,combined,23800,0.8399999999999999,0.07388053419767167,0.74,0.94,6,"1000,1001,1002,1003,1004,1005",67800,200,True
even-palindrome,structural_features,accuracy,combined,24000,0.8241666666666667,0.03219946514393608,0.77,0.87,6,"1000,1001,1002,1003,1004,1005",67800,200,True
even-palindrome,structural_features,accuracy,combined,24200,0.8374999999999999,0.049979162324579496,0.74,0.89,6,"1000,1001,1002,1003,1004,1005",67800,200,True
even-palindrome,structural_features,accuracy,combined,24400,0.8416666666666667,0.05249338582674541,0.73,0.88,6,"1000,1001,1002,1003,1004,1005",67800,200,True
even-palindrome,structural_features,accuracy,combined,24600,0.8316666666666667,0.06743309441381304,0.735,0.9,6,"1000,1001,1002,1003,1004,1005",67800,200,True
even-palindrome,structural_features,accuracy,combined,24800,0.8524999999999999,0.030103986446980736,0.81,0.885,6,"1000,1001,1002,1003,1004,1005",67800,200,True
even-palindrome,structural_features,accuracy,combined,25000,0.8216666666666667,0.035197853469904776,0.785,0.88,6,"1000,1001,1002,1003,1004,1005",67800,200,True
even-palindrome,structural_features,accuracy,combined,25200,0.8624999999999999,0.04259792639710684,0.8,0.9,6,"1000,1001,1002,1003,1004,1005",67800,200,True
even-palindrome,structural_features,accuracy,combined,25400,0.8691666666666666,0.04305197117696497,0.79,0.93,6,"1000,1001,1002,1003,1004,1005",67800,200,True
even-palindrome,structural_features,accuracy,combined,25600,0.8391666666666665,0.036448212881048395,0.78,0.9,6,"1000,1001,1002,1003,1004,1005",67800,200,True
even-palindrome,structural_features,accuracy,combined,25800,0.8641666666666667,0.03258535799336195,0.83,0.905,6,"1000,1001,1002,1003,1004,1005",67800,200,True
even-palindrome,structural_features,accuracy,combined,26000,0.8683333333333333,0.0347211110933328,0.82,0.915,6,"1000,1001,1002,1003,1004,1005",67800,200,True
even-palindrome,structural_features,accuracy,combined,26200,0.8858333333333333,0.030470842164637024,0.855,0.95,6,"1000,1001,1002,1003,1004,1005",67800,200,True
even-palindrome,structural_features,accuracy,combined,26400,0.9008333333333334,0.04285796956874596,0.83,0.96,6,"1000,1001,1002,1003,1004,1005",67800,200,True
even-palindrome,structural_features,accuracy,combined,26600,0.8741666666666666,0.021874007914011163,0.845,0.91,6,"1000,1001,1002,1003,1004,1005",67800,200,True
even-palindrome,structural_features,accuracy,combined,26800,0.8724999999999999,0.019737865470545037,0.845,0.895,6,"1000,1001,1002,1003,1004,1005",67800,200,True
even-palindrome,structural_features,accuracy,combined,27000,0.8733333333333334,0.04642796092394707,0.775,0.915,6,"1000,1001,1002,1003,1004,1005",67800,200,True
even-palindrome,structural_features,accuracy,combined,27200,0.8908333333333333,0.02760082526946535,0.86,0.935,6,"1000,1001,1002,1003,1004,1005",67800,200,True
even-palindrome,structural_features,accuracy,combined,27400,0.9016666666666667,0.013437096247164262,0.885,0.92,6,"1000,1001,1002,1003,1004,1005",67800,200,True
even-palindrome,structural_features,accuracy,combined,27600,0.8849999999999999,0.039581140290126424,0.815,0.93,6,"1000,1001,1002,1003,1004,1005",67800,200,True
even-palindrome,structural_features,accuracy,combined,27800,0.8958333333333334,0.02539958442354697,0.855,0.93,6,"1000,1001,1002,1003,1004,1005",67800,200,True
even-palindrome,structural_features,accuracy,combined,28000,0.8925000000000001,0.01931105037709413,0.875,0.93,6,"1000,1001,1002,1003,1004,1005",67800,200,True
even-palindrome,structural_features,accuracy,combined,28200,0.8925,0.0310577419226404,0.835,0.935,6,"1000,1001,1002,1003,1004,1005",67800,200,True
even-palindrome,structural_features,accuracy,combined,28400,0.8508333333333334,0.04586362635272337,0.775,0.905,6,"1000,1001,1002,1003,1004,1005",67800,200,True
even-palindrome,structural_features,accuracy,combined,28600,0.8866666666666667,0.049553562491061666,0.79,0.955,6,"1000,1001,1002,1003,1004,1005",67800,200,True
even-palindrome,structural_features,accuracy,combined,28800,0.8958333333333334,0.029639032072964592,0.865,0.93,6,"1000,1001,1002,1003,1004,1005",67800,200,True
even-palindrome,structural_features,accuracy,combined,29000,0.875,0.025658007197234444,0.825,0.905,6,"1000,1001,1002,1003,1004,1005",67800,200,True
even-palindrome,structural_features,accuracy,combined,29200,0.8825,0.028099525500145637,0.855,0.935,6,"1000,1001,1002,1003,1004,1005",67800,200,True
even-palindrome,structural_features,accuracy,combined,29400,0.9008333333333334,0.02539958442354697,0.86,0.925,6,"1000,1001,1002,1003,1004,1005",67800,200,True
even-palindrome,structural_features,accuracy,combined,29600,0.9041666666666667,0.033592740617910635,0.845,0.94,6,"1000,1001,1002,1003,1004,1005",67800,200,True
even-palindrome,structural_features,accuracy,combined,29800,0.8624999999999999,0.08199339404285365,0.69,0.94,6,"1000,1001,1002,1003,1004,1005",67800,200,True
even-palindrome,structural_features,accuracy,combined,30000,0.8741666666666666,0.07339486055273596,0.72,0.945,6,"1000,1001,1002,1003,1004,1005",67800,200,True
even-palindrome,structural_features,accuracy,combined,30200,0.9225,0.025940637360455605,0.885,0.95,6,"1000,1001,1002,1003,1004,1005",67800,200,True
even-palindrome,structural_features,accuracy,combined,30400,0.9199999999999999,0.027688746209726913,0.875,0.96,6,"1000,1001,1002,1003,1004,1005",67800,200,True
even-palindrome,structural_features,accuracy,combined,30600,0.8991666666666668,0.02775137634224451,0.865,0.95,6,"1000,1001,1002,1003,1004,1005",67800,200,True
even-palindrome,structural_features,accuracy,combined,30800,0.9025,0.032242570203588505,0.85,0.955,6,"1000,1001,1002,1003,1004,1005",67800,200,True
even-palindrome,structural_features,accuracy,combined,31000,0.9025,0.03837859646556483,0.855,0.955,6,"1000,1001,1002,1003,1004,1005",67800,200,True
even-palindrome,structural_features,accuracy,combined,31200,0.9050000000000001,0.03947573094109004,0.835,0.97,6,"1000,1001,1002,1003,1004,1005",67800,200,True
even-palindrome,structural_features,accuracy,combined,31400,0.8833333333333332,0.05885481194336523,0.765,0.94,6,"1000,1001,1002,1003,1004,1005",67800,200,True
even-palindrome,structural_features,accuracy,combined,31600,0.8533333333333332,0.11603399884899637,0.6,0.94,6,"1000,1001,1002,1003,1004,1005",67800,200,True
even-palindrome,structural_features,accuracy,combined,31800,0.8766666666666668,0.06932211447695141,0.735,0.955,6,"1000,1001,1002,1003,1004,1005",67800,200,True
even-palindrome,structural_features,accuracy,combined,32000,0.8841666666666667,0.06307513156722087,0.755,0.945,6,"1000,1001,1002,1003,1004,1005",67800,200,True
even-palindrome,structural_features,accuracy,combined,32200,0.9041666666666667,0.04372419874114969,0.83,0.975,6,"1000,1001,1002,1003,1004,1005",67800,200,True
even-palindrome,structural_features,accuracy,combined,32400,0.9116666666666666,0.05055250296034368,0.815,0.965,6,"1000,1001,1002,1003,1004,1005",67800,200,True
even-palindrome,structural_features,accuracy,combined,32600,0.9283333333333333,0.009428090415820609,0.92,0.945,6,"1000,1001,1002,1003,1004,1005",67800,200,True
even-palindrome,structural_features,accuracy,combined,32800,0.8966666666666665,0.031313823713426565,0.855,0.94,6,"1000,1001,1002,1003,1004,1005",67800,200,True
even-palindrome,structural_features,accuracy,combined,33000,0.9166666666666666,0.02034425935955616,0.885,0.95,6,"1000,1001,1002,1003,1004,1005",67800,200,True
even-palindrome,structural_features,accuracy,combined,33200,0.9383333333333334,0.01649915822768608,0.92,0.97,6,"1000,1001,1002,1003,1004,1005",67800,200,True
even-palindrome,structural_features,accuracy,combined,33400,0.9308333333333333,0.028345585586158222,0.9,0.975,6,"1000,1001,1002,1003,1004,1005",67800,200,True
even-palindrome,structural_features,accuracy,combined,33600,0.9191666666666666,0.02280655363900666,0.885,0.95,6,"1000,1001,1002,1003,1004,1005",67800,200,True
even-palindrome,structural_features,accuracy,combined,33800,0.9183333333333333,0.019930434571835656,0.89,0.945,6,"1000,1001,1002,1003,1004,1005",67800,200,True
even-palindrome,structural_features,accuracy,combined,34000,0.9149999999999999,0.03651483716701106,0.86,0.96,6,"1000,1001,1002,1003,1004,1005",67800,200,True
even-palindrome,structural_features,accuracy,combined,34200,0.9199999999999999,0.03559026084010437,0.88,0.99,6,"1000,1001,1002,1003,1004,1005",67800,200,True
even-palindrome,structural_features,accuracy,combined,34400,0.9266666666666666,0.030092450142112957,0.875,0.96,6,"1000,1001,1002,1003,1004,1005",67800,200,True
even-palindrome,structural_features,accuracy,combined,34600,0.8966666666666666,0.07266743118863882,0.735,0.935,6,"1000,1001,1002,1003,1004,1005",67800,200,True
even-palindrome,structural_features,accuracy,combined,34800,0.915,0.02291287847477919,0.89,0.955,6,"1000,1001,1002,1003,1004,1005",67800,200,True
even-palindrome,structural_features,accuracy,combined,35000,0.9358333333333334,0.02921424690493015,0.89,0.98,6,"1000,1001,1002,1003,1004,1005",67800,200,True
even-palindrome,structural_features,accuracy,combined,35200,0.935,0.02999999999999998,0.875,0.965,6,"1000,1001,1002,1003,1004,1005",67800,200,True
even-palindrome,structural_features,accuracy,combined,35400,0.9358333333333332,0.02456567162163943,0.9,0.97,6,"1000,1001,1002,1003,1004,1005",67800,200,True
even-palindrome,structural_features,accuracy,combined,35600,0.9441666666666665,0.014837078178970698,0.92,0.965,6,"1000,1001,1002,1003,1004,1005",67800,200,True
even-palindrome,structural_features,accuracy,combined,35800,0.94,0.028867513459481266,0.895,0.975,6,"1000,1001,1002,1003,1004,1005",67800,200,True
even-palindrome,structural_features,accuracy,combined,36000,0.9241666666666667,0.0255631027502966,0.895,0.975,6,"1000,1001,1002,1003,1004,1005",67800,200,True
even-palindrome,structural_features,accuracy,combined,36200,0.9291666666666667,0.022438186696393737,0.905,0.96,6,"1000,1001,1002,1003,1004,1005",67800,200,True
even-palindrome,structural_features,accuracy,combined,36400,0.945,0.02708012801545318,0.9,0.975,6,"1000,1001,1002,1003,1004,1005",67800,200,True
even-palindrome,structural_features,accuracy,combined,36600,0.9166666666666666,0.0351978534699048,0.865,0.975,6,"1000,1001,1002,1003,1004,1005",67800,200,True
even-palindrome,structural_features,accuracy,combined,36800,0.9383333333333334,0.04412734098291241,0.865,0.99,6,"1000,1001,1002,1003,1004,1005",67800,200,True
even-palindrome,structural_features,accuracy,combined,37000,0.9483333333333334,0.03236081306491264,0.91,0.985,6,"1000,1001,1002,1003,1004,1005",67800,200,True
even-palindrome,structural_features,accuracy,combined,37200,0.9274999999999999,0.04090130397269341,0.88,0.995,6,"1000,1001,1002,1003,1004,1005",67800,200,True
even-palindrome,structural_features,accuracy,combined,37400,0.9499999999999998,0.0210158670215308,0.925,0.98,6,"1000,1001,1002,1003,1004,1005",67800,200,True
even-palindrome,structural_features,accuracy,combined,37600,0.9366666666666666,0.0357848509226398,0.87,0.98,6,"1000,1001,1002,1003,1004,1005",67800,200,True
even-palindrome,structural_features,accuracy,combined,37800,0.9325000000000001,0.042401847444028494,0.885,0.995,6,"1000,1001,1002,1003,1004,1005",67800,200,True
even-palindrome,structural_features,accuracy,combined,38000,0.9400000000000001,0.0306865877325366,0.885,0.98,6,"1000,1001,1002,1003,1004,1005",67800,200,True
even-palindrome,structural_features,accuracy,combined,38200,0.9274999999999999,0.02340761984198021,0.89,0.96,6,"1000,1001,1002,1003,1004,1005",67800,200,True
even-palindrome,structural_features,accuracy,combined,38400,0.9491666666666667,0.03552190247657851,0.9,1.0,6,"1000,1001,1002,1003,1004,1005",67800,200,True
even-palindrome,structural_features,accuracy,combined,38600,0.9375,0.018652524404666127,0.915,0.965,6,"1000,1001,1002,1003,1004,1005",67800,200,True
even-palindrome,structural_features,accuracy,combined,38800,0.9525,0.02249999999999999,0.915,0.985,6,"1000,1001,1002,1003,1004,1005",67800,200,True
even-palindrome,structural_features,accuracy,combined,39000,0.9375,0.02410912690248236,0.895,0.965,6,"1000,1001,1002,1003,1004,1005",67800,200,True
even-palindrome,structural_features,accuracy,combined,39200,0.9483333333333333,0.035433819375782154,0.885,1.0,6,"1000,1001,1002,1003,1004,1005",67800,200,True
even-palindrome,structural_features,accuracy,combined,39400,0.9508333333333333,0.03101299010988064,0.9,0.995,6,"1000,1001,1002,1003,1004,1005",67800,200,True
even-palindrome,structural_features,accuracy,combined,39600,0.9441666666666667,0.03951968567126457,0.88,0.99,6,"1000,1001,1002,1003,1004,1005",67800,200,True
even-palindrome,structural_features,accuracy,combined,39800,0.9391666666666666,0.032585357993361895,0.895,0.99,6,"1000,1001,1002,1003,1004,1005",67800,200,True
even-palindrome,structural_features,accuracy,combined,40000,0.9491666666666666,0.03633371559431938,0.89,1.0,6,"1000,1001,1002,1003,1004,1005",67800,200,True
even-palindrome,structural_features,accuracy,combined,40200,0.9474999999999999,0.028686524130097483,0.915,0.985,6,"1000,1001,1002,1003,1004,1005",67800,200,True
even-palindrome,structural_features,accuracy,combined,40400,0.935,0.03149073937948529,0.9,0.985,6,"1000,1001,1002,1003,1004,1005",67800,200,True
even-palindrome,structural_features,accuracy,combined,40600,0.9374999999999999,0.027195281453467845,0.895,0.98,6,"1000,1001,1002,1003,1004,1005",67800,200,True
even-palindrome,structural_features,accuracy,combined,40800,0.9433333333333334,0.02443813049769194,0.91,0.98,6,"1000,1001,1002,1003,1004,1005",67800,200,True
even-palindrome,structural_features,accuracy,combined,41000,0.9558333333333334,0.026679684322636853,0.925,1.0,6,"1000,1001,1002,1003,1004,1005",67800,200,True
even-palindrome,structural_features,accuracy,combined,41200,0.9391666666666666,0.026047499346812948,0.9,0.97,6,"1000,1001,1002,1003,1004,1005",67800,200,True
even-palindrome,structural_features,accuracy,combined,41400,0.9474999999999999,0.026418112473578913,0.915,0.995,6,"1000,1001,1002,1003,1004,1005",67800,200,True
even-palindrome,structural_features,accuracy,combined,41600,0.9425,0.023935677693908423,0.905,0.97,6,"1000,1001,1002,1003,1004,1005",67800,200,True
even-palindrome,structural_features,accuracy,combined,41800,0.9525,0.025454207248835424,0.92,0.99,6,"1000,1001,1002,1003,1004,1005",67800,200,True
even-palindrome,structural_features,accuracy,combined,42000,0.945,0.025166114784235805,0.91,0.98,6,"1000,1001,1002,1003,1004,1005",67800,200,True
even-palindrome,structural_features,accuracy,combined,42200,0.9574999999999999,0.032371540999258375,0.91,0.995,6,"1000,1001,1002,1003,1004,1005",67800,200,True
even-palindrome,structural_features,accuracy,combined,42400,0.9558333333333332,0.029356524923014216,0.915,0.995,6,"1000,1001,1002,1003,1004,1005",67800,200,True
even-palindrome,structural_features,accuracy,combined,42600,0.9483333333333333,0.027638539919628304,0.905,0.985,6,"1000,1001,1002,1003,1004,1005",67800,200,True
even-palindrome,structural_features,accuracy,combined,42800,0.9616666666666668,0.022110831935702655,0.925,0.995,6,"1000,1001,1002,1003,1004,1005",67800,200,True
even-palindrome,structural_features,accuracy,combined,43000,0.955,0.035118845842842444,0.895,1.0,6,"1000,1001,1002,1003,1004,1005",67800,200,True
even-palindrome,structural_features,accuracy,combined,43200,0.9516666666666665,0.03184162195757132,0.905,1.0,6,"1000,1001,1002,1003,1004,1005",67800,200,True
even-palindrome,structural_features,accuracy,combined,43400,0.9424999999999999,0.03436931771216878,0.885,0.98,6,"1000,1001,1002,1003,1004,1005",67800,200,True
even-palindrome,structural_features,accuracy,combined,43600,0.9583333333333334,0.02576604138956716,0.925,1.0,6,"1000,1001,1002,1003,1004,1005",67800,200,True
even-palindrome,structural_features,accuracy,combined,43800,0.96,0.02217355782608343,0.935,0.985,6,"1000,1001,1002,1003,1004,1005",67800,200,True
even-palindrome,structural_features,accuracy,combined,44000,0.9349999999999999,0.03559026084010435,0.9,0.995,6,"1000,1001,1002,1003,1004,1005",67800,200,True
even-palindrome,structural_features,accuracy,combined,44200,0.9525,0.03350994877147181,0.915,0.995,6,"1000,1001,1002,1003,1004,1005",67800,200,True
even-palindrome,structural_features,accuracy,combined,44400,0.9541666666666667,0.0362188563535012,0.91,1.0,6,"1000,1001,1002,1003,1004,1005",67800,200,True
even-palindrome,structural_features,accuracy,combined,44600,0.9541666666666667,0.02714416245817053,0.91,0.985,6,"1000,1001,1002,1003,1004,1005",67800,200,True
even-palindrome,structural_features,accuracy,combined,44800,0.9616666666666668,0.02560381915956202,0.92,0.995,6,"1000,1001,1002,1003,1004,1005",67800,200,True
even-palindrome,structural_features,accuracy,combined,45000,0.9466666666666667,0.04988876515698588,0.87,1.0,6,"1000,1001,1002,1003,1004,1005",67800,200,True
even-palindrome,structural_features,accuracy,combined,45200,0.9674999999999999,0.023228933107943914,0.93,0.995,6,"1000,1001,1002,1003,1004,1005",67800,200,True
even-palindrome,structural_features,accuracy,combined,45400,0.9541666666666666,0.02187400791401114,0.925,0.985,6,"1000,1001,1002,1003,1004,1005",67800,200,True
even-palindrome,structural_features,accuracy,combined,45600,0.96,0.02929732638541157,0.905,0.99,6,"1000,1001,1002,1003,1004,1005",67800,200,True
even-palindrome,structural_features,accuracy,combined,45800,0.9433333333333334,0.030912061651652323,0.89,0.98,6,"1000,1001,1002,1003,1004,1005",67800,200,True
even-palindrome,structural_features,accuracy,combined,46000,0.9416666666666668,0.04129837231121287,0.895,1.0,6,"1000,1001,1002,1003,1004,1005",67800,200,True
even-palindrome,structural_features,accuracy,combined,46200,0.9725,0.015745369689742668,0.955,0.995,6,"1000,1001,1002,1003,1004,1005",67800,200,True
even-palindrome,structural_features,accuracy,combined,46400,0.9500000000000001,0.029011491975881994,0.91,0.98,6,"1000,1001,1002,1003,1004,1005",67800,200,True
even-palindrome,structural_features,accuracy,combined,46600,0.9541666666666667,0.031677629681247,0.9,0.99,6,"1000,1001,1002,1003,1004,1005",67800,200,True
even-palindrome,structural_features,accuracy,combined,46800,0.9533333333333335,0.018856180831641256,0.925,0.985,6,"1000,1001,1002,1003,1004,1005",67800,200,True
even-palindrome,structural_features,accuracy,combined,47000,0.9608333333333333,0.024395468613840746,0.93,1.0,6,"1000,1001,1002,1003,1004,1005",67800,200,True
even-palindrome,structural_features,accuracy,combined,47200,0.9424999999999999,0.027499999999999976,0.905,0.99,6,"1000,1001,1002,1003,1004,1005",67800,200,True
even-palindrome,structural_features,accuracy,combined,47400,0.9525000000000001,0.032627953250753156,0.9,1.0,6,"1000,1001,1002,1003,1004,1005",67800,200,True
even-palindrome,structural_features,accuracy,combined,47600,0.9666666666666667,0.02460803843372231,0.935,1.0,6,"1000,1001,1002,1003,1004,1005",67800,200,True
even-palindrome,structural_features,accuracy,combined,47800,0.9541666666666667,0.033962806453858047,0.9,1.0,6,"1000,1001,1002,1003,1004,1005",67800,200,True
even-palindrome,structural_features,accuracy,combined,48000,0.9541666666666667,0.02744944848666766,0.915,1.0,6,"1000,1001,1002,1003,1004,1005",67800,200,True
even-palindrome,structural_features,accuracy,combined,48200,0.96,0.014719601443879758,0.94,0.98,6,"1000,1001,1002,1003,1004,1005",67800,200,True
even-palindrome,structural_features,accuracy,combined,48400,0.9558333333333334,0.020699570580623692,0.925,0.985,6,"1000,1001,1002,1003,1004,1005",67800,200,True
even-palindrome,structural_features,accuracy,combined,48600,0.9441666666666665,0.03768473018198336,0.89,0.985,6,"1000,1001,1002,1003,1004,1005",67800,200,True
even-palindrome,structural_features,accuracy,combined,48800,0.9641666666666667,0.0297792806420094,0.925,1.0,6,"1000,1001,1002,1003,1004,1005",67800,200,True
even-palindrome,structural_features,accuracy,combined,49000,0.9624999999999999,0.014648663192705802,0.94,0.98,6,"1000,1001,1002,1003,1004,1005",67800,200,True
even-palindrome,structural_features,accuracy,combined,49200,0.9458333333333333,0.025069348260818854,0.92,0.995,6,"1000,1001,1002,1003,1004,1005",67800,200,True
even-palindrome,structural_features,accuracy,combined,49400,0.9575,0.026887109674836113,0.925,1.0,6,"1000,1001,1002,1003,1004,1005",67800,200,True
even-palindrome,structural_features,accuracy,combined,49600,0.9583333333333335,0.036132472314464655,0.895,1.0,6,"1000,1001,1002,1003,1004,1005",67800,200,True
even-palindrome,structural_features,accuracy,combined,49800,0.9491666666666667,0.03540440964374665,0.91,0.995,6,"1000,1001,1002,1003,1004,1005",67800,200,True
even-palindrome,structural_features,accuracy,combined,50000,0.9633333333333334,0.031446603773522014,0.91,0.995,6,"1000,1001,1002,1003,1004,1005",67800,200,True
even-palindrome,structural_features,accuracy,combined,50200,0.9675000000000001,0.016007810593582136,0.945,0.99,6,"1000,1001,1002,1003,1004,1005",67800,200,True
even-palindrome,structural_features,accuracy,combined,50400,0.9558333333333332,0.05134983501001299,0.855,1.0,6,"1000,1001,1002,1003,1004,1005",67800,200,True
even-palindrome,structural_features,accuracy,combined,50600,0.9516666666666668,0.04006938426723769,0.885,0.99,6,"1000,1001,1002,1003,1004,1005",67800,200,True
even-palindrome,structural_features,accuracy,combined,50800,0.9600000000000001,0.030138568866708522,0.92,1.0,6,"1000,1001,1002,1003,1004,1005",67800,200,True
even-palindrome,structural_features,accuracy,combined,51000,0.9616666666666668,0.027028791233711404,0.925,0.995,6,"1000,1001,1002,1003,1004,1005",67800,200,True
even-palindrome,structural_features,accuracy,combined,51200,0.9525,0.03579455265819086,0.91,1.0,6,"1000,1001,1002,1003,1004,1005",67800,200,True
even-palindrome,structural_features,accuracy,combined,51400,0.9608333333333334,0.023702437755546486,0.935,1.0,6,"1000,1001,1002,1003,1004,1005",67800,200,True
even-palindrome,structural_features,accuracy,combined,51600,0.9616666666666668,0.028235123910162353,0.915,0.995,6,"1000,1001,1002,1003,1004,1005",67800,200,True
even-palindrome,structural_features,accuracy,combined,51800,0.9666666666666667,0.02823512391016235,0.91,0.995,6,"1000,1001,1002,1003,1004,1005",67800,200,True
even-palindrome,structural_features,accuracy,combined,52000,0.9583333333333334,0.01699673171197594,0.935,0.975,6,"1000,1001,1002,1003,1004,1005",67800,200,True
even-palindrome,structural_features,accuracy,combined,52200,0.9608333333333333,0.03371654720690651,0.905,1.0,6,"1000,1001,1002,1003,1004,1005",67800,200,True
even-palindrome,structural_features,accuracy,combined,52400,0.9575,0.03986957904635228,0.885,1.0,6,"1000,1001,1002,1003,1004,1005",67800,200,True
even-palindrome,structural_features,accuracy,combined,52600,0.9591666666666666,0.028492201662131244,0.92,0.99,6,"1000,1001,1002,1003,1004,1005",67800,200,True
even-palindrome,structural_features,accuracy,combined,52800,0.955,0.0256580071972344,0.915,0.995,6,"1000,1001,1002,1003,1004,1005",67800,200,True
even-palindrome,structural_features,accuracy,combined,53000,0.955,0.03415650255319865,0.9,0.995,6,"1000,1001,1002,1003,1004,1005",67800,200,True
even-palindrome,structural_features,accuracy,combined,53200,0.9625,0.025454207248835434,0.925,0.99,6,"1000,1001,1002,1003,1004,1005",67800,200,True
even-palindrome,structural_features,accuracy,combined,53400,0.96,0.032532035493238555,0.9,1.0,6,"1000,1001,1002,1003,1004,1005",67800,200,True
even-palindrome,structural_features,accuracy,combined,53600,0.9550000000000001,0.028577380332470387,0.915,0.99,6,"1000,1001,1002,1003,1004,1005",67800,200,True
even-palindrome,structural_features,accuracy,combined,53800,0.9541666666666667,0.03779513490149521,0.885,0.995,6,"1000,1001,1002,1003,1004,1005",67800,200,True
even-palindrome,structural_features,accuracy,combined,54000,0.9725,0.01931105037709413,0.95,1.0,6,"1000,1001,1002,1003,1004,1005",67800,200,True
even-palindrome,structural_features,accuracy,combined,54200,0.9641666666666667,0.02805005446617806,0.93,1.0,6,"1000,1001,1002,1003,1004,1005",67800,200,True
even-palindrome,structural_features,accuracy,combined,54400,0.9483333333333334,0.029953667926019032,0.905,0.995,6,"1000,1001,1002,1003,1004,1005",67800,200,True
even-palindrome,structural_features,accuracy,combined,54600,0.9725,0.017736497211493986,0.945,0.995,6,"1000,1001,1002,1003,1004,1005",67800,200,True
even-palindrome,structural_features,accuracy,combined,54800,0.965,0.03227486121839513,0.9,0.995,6,"1000,1001,1002,1003,1004,1005",67800,200,True
even-palindrome,structural_features,accuracy,combined,55000,0.9683333333333333,0.023033791601808778,0.945,1.0,6,"1000,1001,1002,1003,1004,1005",67800,200,True
even-palindrome,structural_features,accuracy,combined,55200,0.9658333333333333,0.03154582205124616,0.915,1.0,6,"1000,1001,1002,1003,1004,1005",67800,200,True
even-palindrome,structural_features,accuracy,combined,55400,0.9674999999999999,0.02174664725116647,0.93,0.995,6,"1000,1001,1002,1003,1004,1005",67800,200,True
even-palindrome,structural_features,accuracy,combined,55600,0.9624999999999999,0.030652623596249182,0.925,1.0,6,"1000,1001,1002,1003,1004,1005",67800,200,True
even-palindrome,structural_features,accuracy,combined,55800,0.9716666666666667,0.021730674684008817,0.935,0.995,6,"1000,1001,1002,1003,1004,1005",67800,200,True
even-palindrome,structural_features,accuracy,combined,56000,0.965,0.030276503540974914,0.915,1.0,6,"1000,1001,1002,1003,1004,1005",67800,200,True
even-palindrome,structural_features,accuracy,combined,56200,0.9699999999999999,0.02415229457698239,0.935,0.995,6,"1000,1001,1002,1003,1004,1005",67800,200,True
even-palindrome,structural_features,accuracy,combined,56400,0.9583333333333334,0.030368111930480977,0.915,0.99,6,"1000,1001,1002,1003,1004,1005",67800,200,True
even-palindrome,structural_features,accuracy,combined,56600,0.9658333333333333,0.03193961316122801,0.92,1.0,6,"1000,1001,1002,1003,1004,1005",67800,200,True
even-palindrome,structural_features,accuracy,combined,56800,0.96,0.027537852736430512,0.925,1.0,6,"1000,1001,1002,1003,1004,1005",67800,200,True
even-palindrome,structural_features,accuracy,combined,57000,0.9516666666666667,0.03287180487219336,0.905,1.0,6,"1000,1001,1002,1003,1004,1005",67800,200,True
even-palindrome,structural_features,accuracy,combined,57200,0.96,0.029011491975882004,0.93,1.0,6,"1000,1001,1002,1003,1004,1005",67800,200,True
even-palindrome,structural_features,accuracy,combined,57400,0.965,0.031091263510296032,0.925,1.0,6,"1000,1001,1002,1003,1004,1005",67800,200,True
even-palindrome,structural_features,accuracy,combined,57600,0.9658333333333333,0.027449448486667662,0.915,0.995,6,"1000,1001,1002,1003,1004,1005",67800,200,True
even-palindrome,structural_features,accuracy,combined,57800,0.9708333333333333,0.02506934826081886,0.925,1.0,6,"1000,1001,1002,1003,1004,1005",67800,200,True
even-palindrome,structural_features,accuracy,combined,58000,0.9708333333333333,0.019021187017522194,0.935,0.99,6,"1000,1001,1002,1003,1004,1005",67800,200,True
even-palindrome,structural_features,accuracy,combined,58200,0.9616666666666666,0.025927248643506744,0.93,1.0,6,"1000,1001,1002,1003,1004,1005",67800,200,True
even-palindrome,structural_features,accuracy,combined,58400,0.9666666666666667,0.02460803843372233,0.935,0.995,6,"1000,1001,1002,1003,1004,1005",67800,200,True
even-palindrome,structural_features,accuracy,combined,58600,0.9558333333333334,0.030057814661452385,0.9,0.985,6,"1000,1001,1002,1003,1004,1005",67800,200,True
even-palindrome,structural_features,accuracy,combined,58800,0.965,0.017078251276599347,0.945,0.99,6,"1000,1001,1002,1003,1004,1005",67800,200,True
even-palindrome,structural_features,accuracy,combined,59000,0.9666666666666667,0.029107081994288294,0.91,1.0,6,"1000,1001,1002,1003,1004,1005",67800,200,True
even-palindrome,structural_features,accuracy,combined,59200,0.9708333333333333,0.016687486995417337,0.945,0.99,6,"1000,1001,1002,1003,1004,1005",67800,200,True
even-palindrome,structural_features,accuracy,combined,59400,0.9641666666666667,0.03128054063187241,0.92,1.0,6,"1000,1001,1002,1003,1004,1005",67800,200,True
even-palindrome,structural_features,accuracy,combined,59600,0.9666666666666668,0.02303379160180875,0.935,0.99,6,"1000,1001,1002,1003,1004,1005",67800,200,True
even-palindrome,structural_features,accuracy,combined,59800,0.9641666666666665,0.031808891139987173,0.925,1.0,6,"1000,1001,1002,1003,1004,1005",67800,200,True
even-palindrome,structural_features,accuracy,combined,60000,0.9625,0.029119008682760246,0.92,1.0,6,"1000,1001,1002,1003,1004,1005",67800,200,True
even-palindrome,structural_features,accuracy,combined,60200,0.9591666666666668,0.03552190247657851,0.91,0.995,6,"1000,1001,1002,1003,1004,1005",67800,200,True
even-palindrome,structural_features,accuracy,combined,60400,0.9683333333333333,0.025766041389567167,0.92,0.995,6,"1000,1001,1002,1003,1004,1005",67800,200,True
even-palindrome,structural_features,accuracy,combined,60600,0.9766666666666666,0.02229848026709944,0.94,1.0,6,"1000,1001,1002,1003,1004,1005",67800,200,True
even-palindrome,structural_features,accuracy,combined,60800,0.9691666666666667,0.025725581734055217,0.935,1.0,6,"1000,1001,1002,1003,1004,1005",67800,200,True
even-palindrome,structural_features,accuracy,combined,61000,0.9716666666666667,0.02748737083745106,0.92,1.0,6,"1000,1001,1002,1003,1004,1005",67800,200,True
even-palindrome,structural_features,accuracy,combined,61200,0.9783333333333334,0.017716909687891098,0.955,1.0,6,"1000,1001,1002,1003,1004,1005",67800,200,True
even-palindrome,structural_features,accuracy,combined,61400,0.9616666666666666,0.026087459737497525,0.925,1.0,6,"1000,1001,1002,1003,1004,1005",67800,200,True
even-palindrome,structural_features,accuracy,combined,61600,0.9700000000000001,0.02929732638541157,0.92,1.0,6,"1000,1001,1002,1003,1004,1005",67800,200,True
even-palindrome,structural_features,accuracy,combined,61800,0.9633333333333333,0.03184162195757132,0.915,1.0,6,"1000,1001,1002,1003,1004,1005",67800,200,True
even-palindrome,structural_features,accuracy,combined,62000,0.9708333333333333,0.02539958442354694,0.925,1.0,6,"1000,1001,1002,1003,1004,1005",67800,200,True
even-palindrome,structural_features,accuracy,combined,62200,0.9741666666666666,0.01204736024566748,0.955,0.99,6,"1000,1001,1002,1003,1004,1005",67800,200,True
even-palindrome,structural_features,accuracy,combined,62400,0.9683333333333333,0.03064129385141706,0.92,1.0,6,"1000,1001,1002,1003,1004,1005",67800,200,True
even-palindrome,structural_features,accuracy,combined,62600,0.9574999999999999,0.03326033673912515,0.92,1.0,6,"1000,1001,1002,1003,1004,1005",67800,200,True
even-palindrome,structural_features,accuracy,combined,62800,0.965,0.03559026084010435,0.915,1.0,6,"1000,1001,1002,1003,1004,1005",67800,200,True
even-palindrome,structural_features,accuracy,combined,63000,0.9674999999999999,0.0242813371405558,0.94,1.0,6,"1000,1001,1002,1003,1004,1005",67800,200,True
even-palindrome,structural_features,accuracy,combined,63200,0.9783333333333332,0.021147629234082553,0.945,1.0,6,"1000,1001,1002,1003,1004,1005",67800,200,True
even-palindrome,structural_features,accuracy,combined,63400,0.9700000000000001,0.026299556396765827,0.925,1.0,6,"1000,1001,1002,1003,1004,1005",67800,200,True
even-palindrome,structural_features,accuracy,combined,63600,0.98,0.019364916731037102,0.95,1.0,6,"1000,1001,1002,1003,1004,1005",67800,200,True
even-palindrome,structural_features,accuracy,combined,63800,0.9700000000000001,0.02614064523559686,0.925,1.0,6,"1000,1001,1002,1003,1004,1005",67800,200,True
even-palindrome,structural_features,accuracy,combined,64000,0.9766666666666667,0.01993043457183568,0.95,1.0,6,"1000,1001,1002,1003,1004,1005",67800,200,True
even-palindrome,structural_features,accuracy,combined,64200,0.9791666666666666,0.01765801675034759,0.955,1.0,6,"1000,1001,1002,1003,1004,1005",67800,200,True
even-palindrome,structural_features,accuracy,combined,64400,0.9733333333333335,0.016499158227686123,0.95,0.995,6,"1000,1001,1002,1003,1004,1005",67800,200,True
even-palindrome,structural_features,accuracy,combined,64600,0.9775,0.01842778698958,0.955,1.0,6,"1000,1001,1002,1003,1004,1005",67800,200,True
even-palindrome,structural_features,accuracy,combined,64800,0.9766666666666667,0.02192157739660986,0.94,1.0,6,"1000,1001,1002,1003,1004,1005",67800,200,True
even-palindrome,structural_features,accuracy,combined,65000,0.9658333333333333,0.01923899396769201,0.945,0.995,6,"1000,1001,1002,1003,1004,1005",67800,200,True
even-palindrome,structural_features,accuracy,combined,65200,0.9674999999999999,0.01931105037709413,0.94,0.99,6,"1000,1001,1002,1003,1004,1005",67800,200,True
even-palindrome,structural_features,accuracy,combined,65400,0.9683333333333333,0.016244657241348288,0.945,0.99,6,"1000,1001,1002,1003,1004,1005",67800,200,True
even-palindrome,structural_features,accuracy,combined,65600,0.9699999999999999,0.020615528128088288,0.935,0.995,6,"1000,1001,1002,1003,1004,1005",67800,200,True
even-palindrome,structural_features,accuracy,combined,65800,0.9766666666666667,0.01572330188676102,0.95,1.0,6,"1000,1001,1002,1003,1004,1005",67800,200,True
even-palindrome,structural_features,accuracy,combined,66000,0.9675000000000001,0.03275540667838924,0.915,1.0,6,"1000,1001,1002,1003,1004,1005",67800,200,True
even-palindrome,structural_features,accuracy,combined,66200,0.9791666666666666,0.02049728979374809,0.945,1.0,6,"1000,1001,1002,1003,1004,1005",67800,200,True
even-palindrome,structural_features,accuracy,combined,66400,0.9716666666666667,0.025927248643506765,0.94,1.0,6,"1000,1001,1002,1003,1004,1005",67800,200,True
even-palindrome,structural_features,accuracy,combined,66600,0.965,0.02516611478423583,0.93,1.0,6,"1000,1001,1002,1003,1004,1005",67800,200,True
even-palindrome,structural_features,accuracy,combined,66800,0.9666666666666665,0.02192157739660986,0.94,1.0,6,"1000,1001,1002,1003,1004,1005",67800,200,True
even-palindrome,structural_features,accuracy,combined,67000,0.9725,0.020966242709015225,0.94,1.0,6,"1000,1001,1002,1003,1004,1005",67800,200,True
even-palindrome,structural_features,accuracy,combined,67200,0.9783333333333334,0.015184055965240513,0.96,0.995,6,"1000,1001,1002,1003,1004,1005",67800,200,True
even-palindrome,structural_features,accuracy,combined,67400,0.9683333333333334,0.025766041389567174,0.935,1.0,6,"1000,1001,1002,1003,1004,1005",67800,200,True
even-palindrome,structural_features,accuracy,combined,67600,0.9791666666666666,0.019878100736460954,0.94,1.0,6,"1000,1001,1002,1003,1004,1005",67800,200,True
even-palindrome,structural_features,accuracy,combined,67800,0.9716666666666667,0.01572330188676102,0.955,0.995,6,"1000,1001,1002,1003,1004,1005",67800,200,True
