[2026-07-16 21:22:35,841] [INFO] [__main__] Using seed=1000
[2026-07-16 21:22:37,253] [INFO] [__main__] Training for the **copy** task
[2026-07-16 21:22:37,254] [INFO] [__main__] CopyTaskParams(name='copy-task', controller_size=100, controller_layers=1, num_heads=1, sequence_width=8, sequence_min_len=5, sequence_max_len=5, memory_n=128, memory_m=20, num_batches=5000, batch_size=1, rmsprop_lr=0.0001, rmsprop_momentum=0.9, rmsprop_alpha=0.95, advice_type='zero', advice_size=16, advice_strength=1.0, advice_random_seed=1729)
[2026-07-16 21:22:41,906] [INFO] [__main__] Total number of parameters: 69260
[2026-07-16 21:22:41,910] [INFO] [__main__] Training model for 5000 batches (batch_size=1)...

[                                        ]: 1 (Loss: 0.7100)
[                                        ]: 2 (Loss: 0.7150)
[=                                       ]: 3 (Loss: 0.6905)
[=                                       ]: 4 (Loss: 0.6838)
[==                                      ]: 5 (Loss: 0.7077)
[==                                      ]: 6 (Loss: 0.7038)
[==                                      ]: 7 (Loss: 0.6819)
[===                                     ]: 8 (Loss: 0.6994)
[===                                     ]: 9 (Loss: 0.6579)
[====                                    ]: 10 (Loss: 0.7069)
[====                                    ]: 11 (Loss: 0.6943)
[====                                    ]: 12 (Loss: 0.6910)
[=====                                   ]: 13 (Loss: 0.6880)
[=====                                   ]: 14 (Loss: 0.7065)
[======                                  ]: 15 (Loss: 0.6938)
[======                                  ]: 16 (Loss: 0.6864)
[======                                  ]: 17 (Loss: 0.6871)
[=======                                 ]: 18 (Loss: 0.7040)
[=======                                 ]: 19 (Loss: 0.7098)
[========                                ]: 20 (Loss: 0.7082)
[========                                ]: 21 (Loss: 0.6868)
[========                                ]: 22 (Loss: 0.6611)
[=========                               ]: 23 (Loss: 0.6466)
[=========                               ]: 24 (Loss: 0.6946)
[==========                              ]: 25 (Loss: 0.7209)
[==========                              ]: 26 (Loss: 0.6881)
[==========                              ]: 27 (Loss: 0.7046)
[===========                             ]: 28 (Loss: 0.6822)
[===========                             ]: 29 (Loss: 0.6958)
[============                            ]: 30 (Loss: 0.6860)
[============                            ]: 31 (Loss: 0.7014)
[============                            ]: 32 (Loss: 0.6867)
[=============                           ]: 33 (Loss: 0.6889)
[=============                           ]: 34 (Loss: 0.7047)
[==============                          ]: 35 (Loss: 0.6840)
[==============                          ]: 36 (Loss: 0.6783)
[==============                          ]: 37 (Loss: 0.6706)
[===============                         ]: 38 (Loss: 0.6839)
[===============                         ]: 39 (Loss: 0.6803)
[================                        ]: 40 (Loss: 0.6856)
[================                        ]: 41 (Loss: 0.6882)
[================                        ]: 42 (Loss: 0.6942)
[=================                       ]: 43 (Loss: 0.6552)
[=================                       ]: 44 (Loss: 0.6974)
[==================                      ]: 45 (Loss: 0.6494)
[==================                      ]: 46 (Loss: 0.6825)
[==================                      ]: 47 (Loss: 0.6753)
[===================                     ]: 48 (Loss: 0.6834)
[===================                     ]: 49 (Loss: 0.6739)
[====================                    ]: 50 (Loss: 0.6545)
[====================                    ]: 51 (Loss: 0.6540)
[====================                    ]: 52 (Loss: 0.6612)
[=====================                   ]: 53 (Loss: 0.6844)
[=====================                   ]: 54 (Loss: 0.6316)
[======================                  ]: 55 (Loss: 0.6892)
[======================                  ]: 56 (Loss: 0.6395)
[======================                  ]: 57 (Loss: 0.6887)
[=======================                 ]: 58 (Loss: 0.6704)
[=======================                 ]: 59 (Loss: 0.6539)
[========================                ]: 60 (Loss: 0.6676)
[========================                ]: 61 (Loss: 0.6604)
[========================                ]: 62 (Loss: 0.6654)
[=========================               ]: 63 (Loss: 0.6877)
[=========================               ]: 64 (Loss: 0.6487)
[==========================              ]: 65 (Loss: 0.6870)
[==========================              ]: 66 (Loss: 0.6987)
[==========================              ]: 67 (Loss: 0.6674)
[===========================             ]: 68 (Loss: 0.6735)
[===========================             ]: 69 (Loss: 0.6652)
[============================            ]: 70 (Loss: 0.6825)
[============================            ]: 71 (Loss: 0.6525)
[============================            ]: 72 (Loss: 0.6718)
[=============================           ]: 73 (Loss: 0.6698)
[=============================           ]: 74 (Loss: 0.6348)
[==============================          ]: 75 (Loss: 0.6782)
[==============================          ]: 76 (Loss: 0.6374)
[==============================          ]: 77 (Loss: 0.6678)
[===============================         ]: 78 (Loss: 0.6474)
[===============================         ]: 79 (Loss: 0.6788)
[================================        ]: 80 (Loss: 0.6568)
[================================        ]: 81 (Loss: 0.6635)
[================================        ]: 82 (Loss: 0.6711)
[=================================       ]: 83 (Loss: 0.6699)
[=================================       ]: 84 (Loss: 0.6679)
[==================================      ]: 85 (Loss: 0.6508)
[==================================      ]: 86 (Loss: 0.6415)
[==================================      ]: 87 (Loss: 0.6443)
[===================================     ]: 88 (Loss: 0.6521)
[===================================     ]: 89 (Loss: 0.6627)
[====================================    ]: 90 (Loss: 0.6774)
[====================================    ]: 91 (Loss: 0.6479)
[====================================    ]: 92 (Loss: 0.6842)
[=====================================   ]: 93 (Loss: 0.6689)
[=====================================   ]: 94 (Loss: 0.6604)
[======================================  ]: 95 (Loss: 0.6679)
[======================================  ]: 96 (Loss: 0.6797)
[======================================  ]: 97 (Loss: 0.6435)
[======================================= ]: 98 (Loss: 0.6751)
[======================================= ]: 99 (Loss: 0.6585)
[========================================]: 100 (Loss: 0.6665)
                                                                                                    
[2026-07-16 21:23:01,010] [INFO] [__main__] Batch 100 Loss: 0.676371 Cost: 16.69 Time: 190 ms/sequence
[2026-07-16 21:23:01,010] [INFO] [__main__] Advice weight norm: 19.241600 | Advice gradient norm: 0.000000

[                                        ]: 101 (Loss: 0.6921)
[                                        ]: 102 (Loss: 0.6335)
[=                                       ]: 103 (Loss: 0.6480)
[=                                       ]: 104 (Loss: 0.6623)
[==                                      ]: 105 (Loss: 0.6668)
[==                                      ]: 106 (Loss: 0.6566)
[==                                      ]: 107 (Loss: 0.6401)
[===                                     ]: 108 (Loss: 0.6489)
[===                                     ]: 109 (Loss: 0.6531)
[====                                    ]: 110 (Loss: 0.6144)
[====                                    ]: 111 (Loss: 0.6933)
[====                                    ]: 112 (Loss: 0.6247)
[=====                                   ]: 113 (Loss: 0.6435)
[=====                                   ]: 114 (Loss: 0.6716)
[======                                  ]: 115 (Loss: 0.6435)
[======                                  ]: 116 (Loss: 0.6430)
[======                                  ]: 117 (Loss: 0.6809)
[=======                                 ]: 118 (Loss: 0.6238)
[=======                                 ]: 119 (Loss: 0.6558)
[========                                ]: 120 (Loss: 0.6094)
[========                                ]: 121 (Loss: 0.6668)
[========                                ]: 122 (Loss: 0.6549)
[=========                               ]: 123 (Loss: 0.6769)
[=========                               ]: 124 (Loss: 0.6251)
[==========                              ]: 125 (Loss: 0.6060)
[==========                              ]: 126 (Loss: 0.5802)
[==========                              ]: 127 (Loss: 0.6428)
[===========                             ]: 128 (Loss: 0.6654)
[===========                             ]: 129 (Loss: 0.6365)
[============                            ]: 130 (Loss: 0.6354)
[============                            ]: 131 (Loss: 0.6404)
[============                            ]: 132 (Loss: 0.5978)
[=============                           ]: 133 (Loss: 0.6446)
[=============                           ]: 134 (Loss: 0.6521)
[==============                          ]: 135 (Loss: 0.6530)
[==============                          ]: 136 (Loss: 0.6406)
[==============                          ]: 137 (Loss: 0.6438)
[===============                         ]: 138 (Loss: 0.6578)
[===============                         ]: 139 (Loss: 0.6564)
[================                        ]: 140 (Loss: 0.6480)
[================                        ]: 141 (Loss: 0.6499)
[================                        ]: 142 (Loss: 0.6672)
[=================                       ]: 143 (Loss: 0.5751)
[=================                       ]: 144 (Loss: 0.6435)
[==================                      ]: 145 (Loss: 0.6150)
[==================                      ]: 146 (Loss: 0.6169)
[==================                      ]: 147 (Loss: 0.6544)
[===================                     ]: 148 (Loss: 0.6145)
[===================                     ]: 149 (Loss: 0.6461)
[====================                    ]: 150 (Loss: 0.5706)
[====================                    ]: 151 (Loss: 0.5974)
[====================                    ]: 152 (Loss: 0.5966)
[=====================                   ]: 153 (Loss: 0.5832)
[=====================                   ]: 154 (Loss: 0.6002)
[======================                  ]: 155 (Loss: 0.6147)
[======================                  ]: 156 (Loss: 0.5787)
[======================                  ]: 157 (Loss: 0.5396)
[=======================                 ]: 158 (Loss: 0.6350)
[=======================                 ]: 159 (Loss: 0.6109)
[========================                ]: 160 (Loss: 0.5769)
[========================                ]: 161 (Loss: 0.6799)
[========================                ]: 162 (Loss: 0.6520)
[=========================               ]: 163 (Loss: 0.6492)
[=========================               ]: 164 (Loss: 0.6690)
[==========================              ]: 165 (Loss: 0.6157)
[==========================              ]: 166 (Loss: 0.6576)
[==========================              ]: 167 (Loss: 0.6338)
[===========================             ]: 168 (Loss: 0.6563)
[===========================             ]: 169 (Loss: 0.6373)
[============================            ]: 170 (Loss: 0.6172)
[============================            ]: 171 (Loss: 0.5532)
[============================            ]: 172 (Loss: 0.6603)
[=============================           ]: 173 (Loss: 0.5655)
[=============================           ]: 174 (Loss: 0.6698)
[==============================          ]: 175 (Loss: 0.6083)
[==============================          ]: 176 (Loss: 0.5953)
[==============================          ]: 177 (Loss: 0.6479)
[===============================         ]: 178 (Loss: 0.6630)
[===============================         ]: 179 (Loss: 0.6584)
[================================        ]: 180 (Loss: 0.6046)
[================================        ]: 181 (Loss: 0.7105)
[================================        ]: 182 (Loss: 0.6549)
[=================================       ]: 183 (Loss: 0.6193)
[=================================       ]: 184 (Loss: 0.6373)
[==================================      ]: 185 (Loss: 0.6248)
[==================================      ]: 186 (Loss: 0.6176)
[==================================      ]: 187 (Loss: 0.6131)
[===================================     ]: 188 (Loss: 0.6198)
[===================================     ]: 189 (Loss: 0.6127)
[====================================    ]: 190 (Loss: 0.6476)
[====================================    ]: 191 (Loss: 0.5920)
[====================================    ]: 192 (Loss: 0.6465)
[=====================================   ]: 193 (Loss: 0.6540)
[=====================================   ]: 194 (Loss: 0.5798)
[======================================  ]: 195 (Loss: 0.6089)
[======================================  ]: 196 (Loss: 0.5875)
[======================================  ]: 197 (Loss: 0.6760)
[======================================= ]: 198 (Loss: 0.6368)
[======================================= ]: 199 (Loss: 0.5538)
[========================================]: 200 (Loss: 0.6283)
                                                                                                    
[2026-07-16 21:23:19,552] [INFO] [__main__] Batch 200 Loss: 0.632320 Cost: 14.20 Time: 185 ms/sequence
[2026-07-16 21:23:19,552] [INFO] [__main__] Advice weight norm: 19.241600 | Advice gradient norm: 0.000000

[                                        ]: 201 (Loss: 0.6107)
[                                        ]: 202 (Loss: 0.6283)
[=                                       ]: 203 (Loss: 0.6315)
[=                                       ]: 204 (Loss: 0.6051)
[==                                      ]: 205 (Loss: 0.6282)
[==                                      ]: 206 (Loss: 0.6598)
[==                                      ]: 207 (Loss: 0.5967)
[===                                     ]: 208 (Loss: 0.6194)
[===                                     ]: 209 (Loss: 0.6192)
[====                                    ]: 210 (Loss: 0.6203)
[====                                    ]: 211 (Loss: 0.5573)
[====                                    ]: 212 (Loss: 0.6353)
[=====                                   ]: 213 (Loss: 0.6381)
[=====                                   ]: 214 (Loss: 0.6178)
[======                                  ]: 215 (Loss: 0.5884)
[======                                  ]: 216 (Loss: 0.6079)
[======                                  ]: 217 (Loss: 0.6495)
[=======                                 ]: 218 (Loss: 0.6194)
[=======                                 ]: 219 (Loss: 0.6385)
[========                                ]: 220 (Loss: 0.6322)
[========                                ]: 221 (Loss: 0.6429)
[========                                ]: 222 (Loss: 0.5735)
[=========                               ]: 223 (Loss: 0.6211)
[=========                               ]: 224 (Loss: 0.6425)
[==========                              ]: 225 (Loss: 0.5459)
[==========                              ]: 226 (Loss: 0.6632)
[==========                              ]: 227 (Loss: 0.5818)
[===========                             ]: 228 (Loss: 0.5570)
[===========                             ]: 229 (Loss: 0.6765)
[============                            ]: 230 (Loss: 0.5496)
[============                            ]: 231 (Loss: 0.6158)
[============                            ]: 232 (Loss: 0.6482)
[=============                           ]: 233 (Loss: 0.6220)
[=============                           ]: 234 (Loss: 0.6553)
[==============                          ]: 235 (Loss: 0.6112)
[==============                          ]: 236 (Loss: 0.6840)
[==============                          ]: 237 (Loss: 0.6296)
[===============                         ]: 238 (Loss: 0.5778)
[===============                         ]: 239 (Loss: 0.6764)
[================                        ]: 240 (Loss: 0.5356)
[================                        ]: 241 (Loss: 0.6173)
[================                        ]: 242 (Loss: 0.6786)
[=================                       ]: 243 (Loss: 0.5977)
[=================                       ]: 244 (Loss: 0.6042)
[==================                      ]: 245 (Loss: 0.6501)
[==================                      ]: 246 (Loss: 0.6350)
[==================                      ]: 247 (Loss: 0.6451)
[===================                     ]: 248 (Loss: 0.5840)
[===================                     ]: 249 (Loss: 0.5947)
[====================                    ]: 250 (Loss: 0.6597)
[====================                    ]: 251 (Loss: 0.5881)
[====================                    ]: 252 (Loss: 0.5830)
[=====================                   ]: 253 (Loss: 0.5735)
[=====================                   ]: 254 (Loss: 0.5349)
[======================                  ]: 255 (Loss: 0.6069)
[======================                  ]: 256 (Loss: 0.6103)
[======================                  ]: 257 (Loss: 0.6533)
[=======================                 ]: 258 (Loss: 0.5708)
[=======================                 ]: 259 (Loss: 0.5990)
[========================                ]: 260 (Loss: 0.6446)
[========================                ]: 261 (Loss: 0.5370)
[========================                ]: 262 (Loss: 0.6255)
[=========================               ]: 263 (Loss: 0.6300)
[=========================               ]: 264 (Loss: 0.6077)
[==========================              ]: 265 (Loss: 0.5936)
[==========================              ]: 266 (Loss: 0.5921)
[==========================              ]: 267 (Loss: 0.5779)
[===========================             ]: 268 (Loss: 0.5866)
[===========================             ]: 269 (Loss: 0.6056)
[============================            ]: 270 (Loss: 0.6037)
[============================            ]: 271 (Loss: 0.6045)
[============================            ]: 272 (Loss: 0.5649)
[=============================           ]: 273 (Loss: 0.5850)
[=============================           ]: 274 (Loss: 0.6344)
[==============================          ]: 275 (Loss: 0.6202)
[==============================          ]: 276 (Loss: 0.5861)
[==============================          ]: 277 (Loss: 0.6156)
[===============================         ]: 278 (Loss: 0.6049)
[===============================         ]: 279 (Loss: 0.6445)
[================================        ]: 280 (Loss: 0.5832)
[================================        ]: 281 (Loss: 0.5246)
[================================        ]: 282 (Loss: 0.5548)
[=================================       ]: 283 (Loss: 0.6109)
[=================================       ]: 284 (Loss: 0.6018)
[==================================      ]: 285 (Loss: 0.6258)
[==================================      ]: 286 (Loss: 0.5906)
[==================================      ]: 287 (Loss: 0.6140)
[===================================     ]: 288 (Loss: 0.5967)
[===================================     ]: 289 (Loss: 0.6690)
[====================================    ]: 290 (Loss: 0.6225)
[====================================    ]: 291 (Loss: 0.6646)
[====================================    ]: 292 (Loss: 0.6063)
[=====================================   ]: 293 (Loss: 0.5555)
[=====================================   ]: 294 (Loss: 0.5648)
[======================================  ]: 295 (Loss: 0.5797)
[======================================  ]: 296 (Loss: 0.6277)
[======================================  ]: 297 (Loss: 0.6923)
[======================================= ]: 298 (Loss: 0.5927)
[======================================= ]: 299 (Loss: 0.5748)
[========================================]: 300 (Loss: 0.5908)
                                                                                                    
[2026-07-16 21:23:38,024] [INFO] [__main__] Batch 300 Loss: 0.610074 Cost: 13.30 Time: 184 ms/sequence
[2026-07-16 21:23:38,024] [INFO] [__main__] Advice weight norm: 19.241600 | Advice gradient norm: 0.000000

[                                        ]: 301 (Loss: 0.6598)
[                                        ]: 302 (Loss: 0.6519)
[=                                       ]: 303 (Loss: 0.6002)
[=                                       ]: 304 (Loss: 0.6081)
[==                                      ]: 305 (Loss: 0.6151)
[==                                      ]: 306 (Loss: 0.5618)
[==                                      ]: 307 (Loss: 0.6007)
[===                                     ]: 308 (Loss: 0.6084)
[===                                     ]: 309 (Loss: 0.6280)
[====                                    ]: 310 (Loss: 0.5974)
[====                                    ]: 311 (Loss: 0.6681)
[====                                    ]: 312 (Loss: 0.6368)
[=====                                   ]: 313 (Loss: 0.6203)
[=====                                   ]: 314 (Loss: 0.6198)
[======                                  ]: 315 (Loss: 0.6601)
[======                                  ]: 316 (Loss: 0.6058)
[======                                  ]: 317 (Loss: 0.5841)
[=======                                 ]: 318 (Loss: 0.5653)
[=======                                 ]: 319 (Loss: 0.6105)
[========                                ]: 320 (Loss: 0.6313)
[========                                ]: 321 (Loss: 0.5703)
[========                                ]: 322 (Loss: 0.6199)
[=========                               ]: 323 (Loss: 0.6071)
[=========                               ]: 324 (Loss: 0.5823)
[==========                              ]: 325 (Loss: 0.5463)
[==========                              ]: 326 (Loss: 0.5388)
[==========                              ]: 327 (Loss: 0.6207)
[===========                             ]: 328 (Loss: 0.5110)
[===========                             ]: 329 (Loss: 0.5779)
[============                            ]: 330 (Loss: 0.5857)
[============                            ]: 331 (Loss: 0.5369)
[============                            ]: 332 (Loss: 0.5540)
[=============                           ]: 333 (Loss: 0.6292)
[=============                           ]: 334 (Loss: 0.5765)
[==============                          ]: 335 (Loss: 0.6086)
[==============                          ]: 336 (Loss: 0.6090)
[==============                          ]: 337 (Loss: 0.5663)
[===============                         ]: 338 (Loss: 0.6479)
[===============                         ]: 339 (Loss: 0.5602)
[================                        ]: 340 (Loss: 0.6122)
[================                        ]: 341 (Loss: 0.5971)
[================                        ]: 342 (Loss: 0.5833)
[=================                       ]: 343 (Loss: 0.5933)
[=================                       ]: 344 (Loss: 0.6250)
[==================                      ]: 345 (Loss: 0.5568)
[==================                      ]: 346 (Loss: 0.5400)
[==================                      ]: 347 (Loss: 0.5716)
[===================                     ]: 348 (Loss: 0.6003)
[===================                     ]: 349 (Loss: 0.5795)
[====================                    ]: 350 (Loss: 0.5968)
[====================                    ]: 351 (Loss: 0.6694)
[====================                    ]: 352 (Loss: 0.5091)
[=====================                   ]: 353 (Loss: 0.5391)
[=====================                   ]: 354 (Loss: 0.6219)
[======================                  ]: 355 (Loss: 0.6140)
[======================                  ]: 356 (Loss: 0.6550)
[======================                  ]: 357 (Loss: 0.5791)
[=======================                 ]: 358 (Loss: 0.5841)
[=======================                 ]: 359 (Loss: 0.5254)
[========================                ]: 360 (Loss: 0.5893)
[========================                ]: 361 (Loss: 0.5251)
[========================                ]: 362 (Loss: 0.5237)
[=========================               ]: 363 (Loss: 0.6067)
[=========================               ]: 364 (Loss: 0.5582)
[==========================              ]: 365 (Loss: 0.4845)
[==========================              ]: 366 (Loss: 0.5372)
[==========================              ]: 367 (Loss: 0.5546)
[===========================             ]: 368 (Loss: 0.6210)
[===========================             ]: 369 (Loss: 0.5852)
[============================            ]: 370 (Loss: 0.5682)
[============================            ]: 371 (Loss: 0.5852)
[============================            ]: 372 (Loss: 0.5622)
[=============================           ]: 373 (Loss: 0.5812)
[=============================           ]: 374 (Loss: 0.5964)
[==============================          ]: 375 (Loss: 0.6016)
[==============================          ]: 376 (Loss: 0.6152)
[==============================          ]: 377 (Loss: 0.5541)
[===============================         ]: 378 (Loss: 0.6521)
[===============================         ]: 379 (Loss: 0.5256)
[================================        ]: 380 (Loss: 0.5687)
[================================        ]: 381 (Loss: 0.6194)
[================================        ]: 382 (Loss: 0.5532)
[=================================       ]: 383 (Loss: 0.5939)
[=================================       ]: 384 (Loss: 0.5579)
[==================================      ]: 385 (Loss: 0.5509)
[==================================      ]: 386 (Loss: 0.5797)
[==================================      ]: 387 (Loss: 0.6170)
[===================================     ]: 388 (Loss: 0.4880)
[===================================     ]: 389 (Loss: 0.5460)
[====================================    ]: 390 (Loss: 0.5800)
[====================================    ]: 391 (Loss: 0.6234)
[====================================    ]: 392 (Loss: 0.6072)
[=====================================   ]: 393 (Loss: 0.5985)
[=====================================   ]: 394 (Loss: 0.6550)
[======================================  ]: 395 (Loss: 0.6717)
[======================================  ]: 396 (Loss: 0.6734)
[======================================  ]: 397 (Loss: 0.6071)
[======================================= ]: 398 (Loss: 0.5286)
[======================================= ]: 399 (Loss: 0.6651)
[========================================]: 400 (Loss: 0.6288)
                                                                                                    
[2026-07-16 21:23:56,483] [INFO] [__main__] Batch 400 Loss: 0.590761 Cost: 12.19 Time: 184 ms/sequence
[2026-07-16 21:23:56,483] [INFO] [__main__] Advice weight norm: 19.241600 | Advice gradient norm: 0.000000

[                                        ]: 401 (Loss: 0.5645)
[                                        ]: 402 (Loss: 0.6409)
[=                                       ]: 403 (Loss: 0.6281)
[=                                       ]: 404 (Loss: 0.5856)
[==                                      ]: 405 (Loss: 0.6069)
[==                                      ]: 406 (Loss: 0.6221)
[==                                      ]: 407 (Loss: 0.5498)
[===                                     ]: 408 (Loss: 0.5764)
[===                                     ]: 409 (Loss: 0.6145)
[====                                    ]: 410 (Loss: 0.6498)
[====                                    ]: 411 (Loss: 0.5406)
[====                                    ]: 412 (Loss: 0.5985)
[=====                                   ]: 413 (Loss: 0.5956)
[=====                                   ]: 414 (Loss: 0.6201)
[======                                  ]: 415 (Loss: 0.5944)
[======                                  ]: 416 (Loss: 0.5894)
[======                                  ]: 417 (Loss: 0.6397)
[=======                                 ]: 418 (Loss: 0.5395)
[=======                                 ]: 419 (Loss: 0.6021)
[========                                ]: 420 (Loss: 0.6085)
[========                                ]: 421 (Loss: 0.6023)
[========                                ]: 422 (Loss: 0.6145)
[=========                               ]: 423 (Loss: 0.5662)
[=========                               ]: 424 (Loss: 0.6042)
[==========                              ]: 425 (Loss: 0.5829)
[==========                              ]: 426 (Loss: 0.5238)
[==========                              ]: 427 (Loss: 0.5974)
[===========                             ]: 428 (Loss: 0.5847)
[===========                             ]: 429 (Loss: 0.6016)
[============                            ]: 430 (Loss: 0.5387)
[============                            ]: 431 (Loss: 0.5687)
[============                            ]: 432 (Loss: 0.6107)
[=============                           ]: 433 (Loss: 0.5883)
[=============                           ]: 434 (Loss: 0.5996)
[==============                          ]: 435 (Loss: 0.6214)
[==============                          ]: 436 (Loss: 0.5400)
[==============                          ]: 437 (Loss: 0.5873)
[===============                         ]: 438 (Loss: 0.6304)
[===============                         ]: 439 (Loss: 0.5110)
[================                        ]: 440 (Loss: 0.5311)
[================                        ]: 441 (Loss: 0.5992)
[================                        ]: 442 (Loss: 0.5732)
[=================                       ]: 443 (Loss: 0.5481)
[=================                       ]: 444 (Loss: 0.5949)
[==================                      ]: 445 (Loss: 0.5718)
[==================                      ]: 446 (Loss: 0.5647)
[==================                      ]: 447 (Loss: 0.5720)
[===================                     ]: 448 (Loss: 0.6182)
[===================                     ]: 449 (Loss: 0.5506)
[====================                    ]: 450 (Loss: 0.5734)
[====================                    ]: 451 (Loss: 0.6674)
[====================                    ]: 452 (Loss: 0.6089)
[=====================                   ]: 453 (Loss: 0.6046)
[=====================                   ]: 454 (Loss: 0.5833)
[======================                  ]: 455 (Loss: 0.5514)
[======================                  ]: 456 (Loss: 0.6283)
[======================                  ]: 457 (Loss: 0.7362)
[=======================                 ]: 458 (Loss: 0.5561)
[=======================                 ]: 459 (Loss: 0.5907)
[========================                ]: 460 (Loss: 0.6052)
[========================                ]: 461 (Loss: 0.5971)
[========================                ]: 462 (Loss: 0.6081)
[=========================               ]: 463 (Loss: 0.5751)
[=========================               ]: 464 (Loss: 0.5781)
[==========================              ]: 465 (Loss: 0.5639)
[==========================              ]: 466 (Loss: 0.5990)
[==========================              ]: 467 (Loss: 0.5283)
[===========================             ]: 468 (Loss: 0.6277)
[===========================             ]: 469 (Loss: 0.5347)
[============================            ]: 470 (Loss: 0.6011)
[============================            ]: 471 (Loss: 0.5670)
[============================            ]: 472 (Loss: 0.5475)
[=============================           ]: 473 (Loss: 0.5989)
[=============================           ]: 474 (Loss: 0.5065)
[==============================          ]: 475 (Loss: 0.5869)
[==============================          ]: 476 (Loss: 0.5274)
[==============================          ]: 477 (Loss: 0.4908)
[===============================         ]: 478 (Loss: 0.5830)
[===============================         ]: 479 (Loss: 0.6427)
[================================        ]: 480 (Loss: 0.4993)
[================================        ]: 481 (Loss: 0.5533)
[================================        ]: 482 (Loss: 0.5721)
[=================================       ]: 483 (Loss: 0.5543)
[=================================       ]: 484 (Loss: 0.5092)
[==================================      ]: 485 (Loss: 0.4999)
[==================================      ]: 486 (Loss: 0.5802)
[==================================      ]: 487 (Loss: 0.5413)
[===================================     ]: 488 (Loss: 0.5831)
[===================================     ]: 489 (Loss: 0.6074)
[====================================    ]: 490 (Loss: 0.6358)
[====================================    ]: 491 (Loss: 0.6143)
[====================================    ]: 492 (Loss: 0.6512)
[=====================================   ]: 493 (Loss: 0.5475)
[=====================================   ]: 494 (Loss: 0.6116)
[======================================  ]: 495 (Loss: 0.5329)
[======================================  ]: 496 (Loss: 0.5695)
[======================================  ]: 497 (Loss: 0.5981)
[======================================= ]: 498 (Loss: 0.5659)
[======================================= ]: 499 (Loss: 0.6333)
[========================================]: 500 (Loss: 0.6629)
                                                                                                    
[2026-07-16 21:24:14,902] [INFO] [__main__] Batch 500 Loss: 0.584573 Cost: 12.42 Time: 184 ms/sequence
[2026-07-16 21:24:14,903] [INFO] [__main__] Advice weight norm: 19.241600 | Advice gradient norm: 0.000000

[                                        ]: 501 (Loss: 0.5757)
[                                        ]: 502 (Loss: 0.6166)
[=                                       ]: 503 (Loss: 0.5331)
[=                                       ]: 504 (Loss: 0.5294)
[==                                      ]: 505 (Loss: 0.5827)
[==                                      ]: 506 (Loss: 0.5520)
[==                                      ]: 507 (Loss: 0.5419)
[===                                     ]: 508 (Loss: 0.5739)
[===                                     ]: 509 (Loss: 0.6072)
[====                                    ]: 510 (Loss: 0.5929)
[====                                    ]: 511 (Loss: 0.5937)
[====                                    ]: 512 (Loss: 0.6244)
[=====                                   ]: 513 (Loss: 0.4942)
[=====                                   ]: 514 (Loss: 0.5862)
[======                                  ]: 515 (Loss: 0.6497)
[======                                  ]: 516 (Loss: 0.5897)
[======                                  ]: 517 (Loss: 0.5842)
[=======                                 ]: 518 (Loss: 0.5086)
[=======                                 ]: 519 (Loss: 0.4977)
[========                                ]: 520 (Loss: 0.5312)
[========                                ]: 521 (Loss: 0.6354)
[========                                ]: 522 (Loss: 0.5680)
[=========                               ]: 523 (Loss: 0.5223)
[=========                               ]: 524 (Loss: 0.5613)
[==========                              ]: 525 (Loss: 0.6010)
[==========                              ]: 526 (Loss: 0.6400)
[==========                              ]: 527 (Loss: 0.5332)
[===========                             ]: 528 (Loss: 0.5867)
[===========                             ]: 529 (Loss: 0.5963)
[============                            ]: 530 (Loss: 0.5229)
[============                            ]: 531 (Loss: 0.5167)
[============                            ]: 532 (Loss: 0.5780)
[=============                           ]: 533 (Loss: 0.6440)
[=============                           ]: 534 (Loss: 0.5755)
[==============                          ]: 535 (Loss: 0.5688)
[==============                          ]: 536 (Loss: 0.5462)
[==============                          ]: 537 (Loss: 0.5458)
[===============                         ]: 538 (Loss: 0.5265)
[===============                         ]: 539 (Loss: 0.6326)
[================                        ]: 540 (Loss: 0.5773)
[================                        ]: 541 (Loss: 0.4981)
[================                        ]: 542 (Loss: 0.5853)
[=================                       ]: 543 (Loss: 0.5660)
[=================                       ]: 544 (Loss: 0.5868)
[==================                      ]: 545 (Loss: 0.5073)
[==================                      ]: 546 (Loss: 0.5690)
[==================                      ]: 547 (Loss: 0.5900)
[===================                     ]: 548 (Loss: 0.5959)
[===================                     ]: 549 (Loss: 0.5449)
[====================                    ]: 550 (Loss: 0.5463)
[====================                    ]: 551 (Loss: 0.6020)
[====================                    ]: 552 (Loss: 0.5728)
[=====================                   ]: 553 (Loss: 0.5966)
[=====================                   ]: 554 (Loss: 0.6005)
[======================                  ]: 555 (Loss: 0.7112)
[======================                  ]: 556 (Loss: 0.5842)
[======================                  ]: 557 (Loss: 0.5651)
[=======================                 ]: 558 (Loss: 0.5393)
[=======================                 ]: 559 (Loss: 0.6408)
[========================                ]: 560 (Loss: 0.5527)
[========================                ]: 561 (Loss: 0.5931)
[========================                ]: 562 (Loss: 0.4911)
[=========================               ]: 563 (Loss: 0.5862)
[=========================               ]: 564 (Loss: 0.5754)
[==========================              ]: 565 (Loss: 0.5357)
[==========================              ]: 566 (Loss: 0.5787)
[==========================              ]: 567 (Loss: 0.5708)
[===========================             ]: 568 (Loss: 0.5520)
[===========================             ]: 569 (Loss: 0.5114)
[============================            ]: 570 (Loss: 0.5373)
[============================            ]: 571 (Loss: 0.5467)
[============================            ]: 572 (Loss: 0.5417)
[=============================           ]: 573 (Loss: 0.6186)
[=============================           ]: 574 (Loss: 0.5854)
[==============================          ]: 575 (Loss: 0.5382)
[==============================          ]: 576 (Loss: 0.5700)
[==============================          ]: 577 (Loss: 0.5539)
[===============================         ]: 578 (Loss: 0.5280)
[===============================         ]: 579 (Loss: 0.5665)
[================================        ]: 580 (Loss: 0.5359)
[================================        ]: 581 (Loss: 0.5453)
[================================        ]: 582 (Loss: 0.5635)
[=================================       ]: 583 (Loss: 0.5815)
[=================================       ]: 584 (Loss: 0.5542)
[==================================      ]: 585 (Loss: 0.5880)
[==================================      ]: 586 (Loss: 0.5086)
[==================================      ]: 587 (Loss: 0.6448)
[===================================     ]: 588 (Loss: 0.5686)
[===================================     ]: 589 (Loss: 0.5899)
[====================================    ]: 590 (Loss: 0.5761)
[====================================    ]: 591 (Loss: 0.4904)
[====================================    ]: 592 (Loss: 0.5725)
[=====================================   ]: 593 (Loss: 0.5637)
[=====================================   ]: 594 (Loss: 0.5926)
[======================================  ]: 595 (Loss: 0.6367)
[======================================  ]: 596 (Loss: 0.5051)
[======================================  ]: 597 (Loss: 0.5934)
[======================================= ]: 598 (Loss: 0.6156)
[======================================= ]: 599 (Loss: 0.5658)
[========================================]: 600 (Loss: 0.5909)
                                                                                                    
[2026-07-16 21:24:33,663] [INFO] [__main__] Batch 600 Loss: 0.569622 Cost: 12.06 Time: 187 ms/sequence
[2026-07-16 21:24:33,663] [INFO] [__main__] Advice weight norm: 19.241600 | Advice gradient norm: 0.000000

[                                        ]: 601 (Loss: 0.5786)
[                                        ]: 602 (Loss: 0.5328)
[=                                       ]: 603 (Loss: 0.4531)
[=                                       ]: 604 (Loss: 0.5513)
[==                                      ]: 605 (Loss: 0.5066)
[==                                      ]: 606 (Loss: 0.4950)
[==                                      ]: 607 (Loss: 0.5697)
[===                                     ]: 608 (Loss: 0.6665)
[===                                     ]: 609 (Loss: 0.5802)
[====                                    ]: 610 (Loss: 0.6307)
[====                                    ]: 611 (Loss: 0.5556)
[====                                    ]: 612 (Loss: 0.5307)
[=====                                   ]: 613 (Loss: 0.6190)
[=====                                   ]: 614 (Loss: 0.5746)
[======                                  ]: 615 (Loss: 0.5838)
[======                                  ]: 616 (Loss: 0.5695)
[======                                  ]: 617 (Loss: 0.5678)
[=======                                 ]: 618 (Loss: 0.5659)
[=======                                 ]: 619 (Loss: 0.4540)
[========                                ]: 620 (Loss: 0.6373)
[========                                ]: 621 (Loss: 0.5523)
[========                                ]: 622 (Loss: 0.5918)
[=========                               ]: 623 (Loss: 0.5495)
[=========                               ]: 624 (Loss: 0.5520)
[==========                              ]: 625 (Loss: 0.5059)
[==========                              ]: 626 (Loss: 0.5135)
[==========                              ]: 627 (Loss: 0.6158)
[===========                             ]: 628 (Loss: 0.6193)
[===========                             ]: 629 (Loss: 0.5389)
[============                            ]: 630 (Loss: 0.5023)
[============                            ]: 631 (Loss: 0.6050)
[============                            ]: 632 (Loss: 0.5181)
[=============                           ]: 633 (Loss: 0.5484)
[=============                           ]: 634 (Loss: 0.5836)
[==============                          ]: 635 (Loss: 0.5389)
[==============                          ]: 636 (Loss: 0.6038)
[==============                          ]: 637 (Loss: 0.6273)
[===============                         ]: 638 (Loss: 0.5184)
[===============                         ]: 639 (Loss: 0.5436)
[================                        ]: 640 (Loss: 0.5590)
[================                        ]: 641 (Loss: 0.5248)
[================                        ]: 642 (Loss: 0.6403)
[=================                       ]: 643 (Loss: 0.5674)
[=================                       ]: 644 (Loss: 0.5514)
[==================                      ]: 645 (Loss: 0.4643)
[==================                      ]: 646 (Loss: 0.5418)
[==================                      ]: 647 (Loss: 0.5863)
[===================                     ]: 648 (Loss: 0.5098)
[===================                     ]: 649 (Loss: 0.6070)
[====================                    ]: 650 (Loss: 0.5383)
[====================                    ]: 651 (Loss: 0.4936)
[====================                    ]: 652 (Loss: 0.5347)
[=====================                   ]: 653 (Loss: 0.5221)
[=====================                   ]: 654 (Loss: 0.5314)
[======================                  ]: 655 (Loss: 0.4762)
[======================                  ]: 656 (Loss: 0.4399)
[======================                  ]: 657 (Loss: 0.5876)
[=======================                 ]: 658 (Loss: 0.5596)
[=======================                 ]: 659 (Loss: 0.5437)
[========================                ]: 660 (Loss: 0.4617)
[========================                ]: 661 (Loss: 0.5450)
[========================                ]: 662 (Loss: 0.5316)
[=========================               ]: 663 (Loss: 0.6144)
[=========================               ]: 664 (Loss: 0.5543)
[==========================              ]: 665 (Loss: 0.5623)
[==========================              ]: 666 (Loss: 0.5594)
[==========================              ]: 667 (Loss: 0.4796)
[===========================             ]: 668 (Loss: 0.5357)
[===========================             ]: 669 (Loss: 0.6145)
[============================            ]: 670 (Loss: 0.5337)
[============================            ]: 671 (Loss: 0.5743)
[============================            ]: 672 (Loss: 0.5445)
[=============================           ]: 673 (Loss: 0.5588)
[=============================           ]: 674 (Loss: 0.6020)
[==============================          ]: 675 (Loss: 0.5016)
[==============================          ]: 676 (Loss: 0.6096)
[==============================          ]: 677 (Loss: 0.5464)
[===============================         ]: 678 (Loss: 0.6508)
[===============================         ]: 679 (Loss: 0.5453)
[================================        ]: 680 (Loss: 0.5178)
[================================        ]: 681 (Loss: 0.6571)
[================================        ]: 682 (Loss: 0.6082)
[=================================       ]: 683 (Loss: 0.4880)
[=================================       ]: 684 (Loss: 0.5850)
[==================================      ]: 685 (Loss: 0.5022)
[==================================      ]: 686 (Loss: 0.4394)
[==================================      ]: 687 (Loss: 0.5142)
[===================================     ]: 688 (Loss: 0.5767)
[===================================     ]: 689 (Loss: 0.5526)
[====================================    ]: 690 (Loss: 0.5540)
[====================================    ]: 691 (Loss: 0.6206)
[====================================    ]: 692 (Loss: 0.5385)
[=====================================   ]: 693 (Loss: 0.5560)
[=====================================   ]: 694 (Loss: 0.6477)
[======================================  ]: 695 (Loss: 0.5174)
[======================================  ]: 696 (Loss: 0.4871)
[======================================  ]: 697 (Loss: 0.4760)
[======================================= ]: 698 (Loss: 0.5576)
[======================================= ]: 699 (Loss: 0.5030)
[========================================]: 700 (Loss: 0.5497)
                                                                                                    
[2026-07-16 21:24:52,060] [INFO] [__main__] Batch 700 Loss: 0.552045 Cost: 11.50 Time: 183 ms/sequence
[2026-07-16 21:24:52,060] [INFO] [__main__] Advice weight norm: 19.241600 | Advice gradient norm: 0.000000

[                                        ]: 701 (Loss: 0.4541)
[                                        ]: 702 (Loss: 0.5301)
[=                                       ]: 703 (Loss: 0.6216)
[=                                       ]: 704 (Loss: 0.4768)
[==                                      ]: 705 (Loss: 0.5391)
[==                                      ]: 706 (Loss: 0.5114)
[==                                      ]: 707 (Loss: 0.5703)
[===                                     ]: 708 (Loss: 0.5479)
[===                                     ]: 709 (Loss: 0.6305)
[====                                    ]: 710 (Loss: 0.4905)
[====                                    ]: 711 (Loss: 0.6414)
[====                                    ]: 712 (Loss: 0.5341)
[=====                                   ]: 713 (Loss: 0.4912)
[=====                                   ]: 714 (Loss: 0.5041)
[======                                  ]: 715 (Loss: 0.4543)
[======                                  ]: 716 (Loss: 0.4920)
[======                                  ]: 717 (Loss: 0.5222)
[=======                                 ]: 718 (Loss: 0.5433)
[=======                                 ]: 719 (Loss: 0.5735)
[========                                ]: 720 (Loss: 0.5745)
[========                                ]: 721 (Loss: 0.4940)
[========                                ]: 722 (Loss: 0.5012)
[=========                               ]: 723 (Loss: 0.4520)
[=========                               ]: 724 (Loss: 0.5513)
[==========                              ]: 725 (Loss: 0.4756)
[==========                              ]: 726 (Loss: 0.5989)
[==========                              ]: 727 (Loss: 0.5463)
[===========                             ]: 728 (Loss: 0.5883)
[===========                             ]: 729 (Loss: 0.5417)
[============                            ]: 730 (Loss: 0.5719)
[============                            ]: 731 (Loss: 0.6172)
[============                            ]: 732 (Loss: 0.5160)
[=============                           ]: 733 (Loss: 0.5705)
[=============                           ]: 734 (Loss: 0.4842)
[==============                          ]: 735 (Loss: 0.5316)
[==============                          ]: 736 (Loss: 0.5385)
[==============                          ]: 737 (Loss: 0.5908)
[===============                         ]: 738 (Loss: 0.5953)
[===============                         ]: 739 (Loss: 0.5866)
[================                        ]: 740 (Loss: 0.5859)
[================                        ]: 741 (Loss: 0.5459)
[================                        ]: 742 (Loss: 0.5346)
[=================                       ]: 743 (Loss: 0.5171)
[=================                       ]: 744 (Loss: 0.5880)
[==================                      ]: 745 (Loss: 0.4970)
[==================                      ]: 746 (Loss: 0.5255)
[==================                      ]: 747 (Loss: 0.6148)
[===================                     ]: 748 (Loss: 0.5574)
[===================                     ]: 749 (Loss: 0.5481)
[====================                    ]: 750 (Loss: 0.6091)
[====================                    ]: 751 (Loss: 0.6067)
[====================                    ]: 752 (Loss: 0.5859)
[=====================                   ]: 753 (Loss: 0.4752)
[=====================                   ]: 754 (Loss: 0.5433)
[======================                  ]: 755 (Loss: 0.5158)
[======================                  ]: 756 (Loss: 0.4959)
[======================                  ]: 757 (Loss: 0.5501)
[=======================                 ]: 758 (Loss: 0.5329)
[=======================                 ]: 759 (Loss: 0.4352)
[========================                ]: 760 (Loss: 0.5212)
[========================                ]: 761 (Loss: 0.5228)
[========================                ]: 762 (Loss: 0.5260)
[=========================               ]: 763 (Loss: 0.5807)
[=========================               ]: 764 (Loss: 0.5135)
[==========================              ]: 765 (Loss: 0.3837)
[==========================              ]: 766 (Loss: 0.4949)
[==========================              ]: 767 (Loss: 0.4316)
[===========================             ]: 768 (Loss: 0.5301)
[===========================             ]: 769 (Loss: 0.5881)
[============================            ]: 770 (Loss: 0.5398)
[============================            ]: 771 (Loss: 0.5080)
[============================            ]: 772 (Loss: 0.5307)
[=============================           ]: 773 (Loss: 0.5344)
[=============================           ]: 774 (Loss: 0.4768)
[==============================          ]: 775 (Loss: 0.5325)
[==============================          ]: 776 (Loss: 0.5879)
[==============================          ]: 777 (Loss: 0.5913)
[===============================         ]: 778 (Loss: 0.5512)
[===============================         ]: 779 (Loss: 0.5806)
[================================        ]: 780 (Loss: 0.5201)
[================================        ]: 781 (Loss: 0.4789)
[================================        ]: 782 (Loss: 0.5314)
[=================================       ]: 783 (Loss: 0.4809)
[=================================       ]: 784 (Loss: 0.5526)
[==================================      ]: 785 (Loss: 0.5206)
[==================================      ]: 786 (Loss: 0.5851)
[==================================      ]: 787 (Loss: 0.5582)
[===================================     ]: 788 (Loss: 0.4795)
[===================================     ]: 789 (Loss: 0.5329)
[====================================    ]: 790 (Loss: 0.6032)
[====================================    ]: 791 (Loss: 0.5885)
[====================================    ]: 792 (Loss: 0.6161)
[=====================================   ]: 793 (Loss: 0.6030)
[=====================================   ]: 794 (Loss: 0.5612)
[======================================  ]: 795 (Loss: 0.4969)
[======================================  ]: 796 (Loss: 0.5224)
[======================================  ]: 797 (Loss: 0.5177)
[======================================= ]: 798 (Loss: 0.4864)
[======================================= ]: 799 (Loss: 0.4756)
[========================================]: 800 (Loss: 0.5236)
                                                                                                    
[2026-07-16 21:25:10,555] [INFO] [__main__] Batch 800 Loss: 0.536800 Cost: 10.97 Time: 184 ms/sequence
[2026-07-16 21:25:10,556] [INFO] [__main__] Advice weight norm: 19.241600 | Advice gradient norm: 0.000000

[                                        ]: 801 (Loss: 0.4908)
[                                        ]: 802 (Loss: 0.5123)
[=                                       ]: 803 (Loss: 0.5705)
[=                                       ]: 804 (Loss: 0.5547)
[==                                      ]: 805 (Loss: 0.5435)
[==                                      ]: 806 (Loss: 0.5677)
[==                                      ]: 807 (Loss: 0.4777)
[===                                     ]: 808 (Loss: 0.5964)
[===                                     ]: 809 (Loss: 0.5393)
[====                                    ]: 810 (Loss: 0.5263)
[====                                    ]: 811 (Loss: 0.6172)
[====                                    ]: 812 (Loss: 0.5795)
[=====                                   ]: 813 (Loss: 0.5151)
[=====                                   ]: 814 (Loss: 0.5002)
[======                                  ]: 815 (Loss: 0.5358)
[======                                  ]: 816 (Loss: 0.4512)
[======                                  ]: 817 (Loss: 0.6029)
[=======                                 ]: 818 (Loss: 0.5320)
[=======                                 ]: 819 (Loss: 0.5317)
[========                                ]: 820 (Loss: 0.6231)
[========                                ]: 821 (Loss: 0.5706)
[========                                ]: 822 (Loss: 0.4236)
[=========                               ]: 823 (Loss: 0.5916)
[=========                               ]: 824 (Loss: 0.5050)
[==========                              ]: 825 (Loss: 0.4917)
[==========                              ]: 826 (Loss: 0.4659)
[==========                              ]: 827 (Loss: 0.5850)
[===========                             ]: 828 (Loss: 0.4380)
[===========                             ]: 829 (Loss: 0.5171)
[============                            ]: 830 (Loss: 0.5383)
[============                            ]: 831 (Loss: 0.4714)
[============                            ]: 832 (Loss: 0.5761)
[=============                           ]: 833 (Loss: 0.5419)
[=============                           ]: 834 (Loss: 0.6356)
[==============                          ]: 835 (Loss: 0.4644)
[==============                          ]: 836 (Loss: 0.5621)
[==============                          ]: 837 (Loss: 0.5022)
[===============                         ]: 838 (Loss: 0.4898)
[===============                         ]: 839 (Loss: 0.5779)
[================                        ]: 840 (Loss: 0.4855)
[================                        ]: 841 (Loss: 0.4756)
[================                        ]: 842 (Loss: 0.4394)
[=================                       ]: 843 (Loss: 0.4738)
[=================                       ]: 844 (Loss: 0.4802)
[==================                      ]: 845 (Loss: 0.5375)
[==================                      ]: 846 (Loss: 0.5345)
[==================                      ]: 847 (Loss: 0.4731)
[===================                     ]: 848 (Loss: 0.5266)
[===================                     ]: 849 (Loss: 0.4308)
[====================                    ]: 850 (Loss: 0.5152)
[====================                    ]: 851 (Loss: 0.5118)
[====================                    ]: 852 (Loss: 0.5840)
[=====================                   ]: 853 (Loss: 0.5828)
[=====================                   ]: 854 (Loss: 0.5842)
[======================                  ]: 855 (Loss: 0.5986)
[======================                  ]: 856 (Loss: 0.4286)
[======================                  ]: 857 (Loss: 0.5682)
[=======================                 ]: 858 (Loss: 0.5780)
[=======================                 ]: 859 (Loss: 0.5586)
[========================                ]: 860 (Loss: 0.5177)
[========================                ]: 861 (Loss: 0.4506)
[========================                ]: 862 (Loss: 0.6610)
[=========================               ]: 863 (Loss: 0.4971)
[=========================               ]: 864 (Loss: 0.5497)
[==========================              ]: 865 (Loss: 0.4989)
[==========================              ]: 866 (Loss: 0.6155)
[==========================              ]: 867 (Loss: 0.5118)
[===========================             ]: 868 (Loss: 0.5697)
[===========================             ]: 869 (Loss: 0.5217)
[============================            ]: 870 (Loss: 0.5362)
[============================            ]: 871 (Loss: 0.4799)
[============================            ]: 872 (Loss: 0.5702)
[=============================           ]: 873 (Loss: 0.5891)
[=============================           ]: 874 (Loss: 0.5105)
[==============================          ]: 875 (Loss: 0.5767)
[==============================          ]: 876 (Loss: 0.4617)
[==============================          ]: 877 (Loss: 0.5719)
[===============================         ]: 878 (Loss: 0.5606)
[===============================         ]: 879 (Loss: 0.4824)
[================================        ]: 880 (Loss: 0.4890)
[================================        ]: 881 (Loss: 0.4648)
[================================        ]: 882 (Loss: 0.5122)
[=================================       ]: 883 (Loss: 0.5565)
[=================================       ]: 884 (Loss: 0.5689)
[==================================      ]: 885 (Loss: 0.5027)
[==================================      ]: 886 (Loss: 0.5510)
[==================================      ]: 887 (Loss: 0.6307)
[===================================     ]: 888 (Loss: 0.4490)
[===================================     ]: 889 (Loss: 0.5146)
[====================================    ]: 890 (Loss: 0.5510)
[====================================    ]: 891 (Loss: 0.5503)
[====================================    ]: 892 (Loss: 0.5405)
[=====================================   ]: 893 (Loss: 0.5568)
[=====================================   ]: 894 (Loss: 0.6043)
[======================================  ]: 895 (Loss: 0.5144)
[======================================  ]: 896 (Loss: 0.5007)
[======================================  ]: 897 (Loss: 0.6115)
[======================================= ]: 898 (Loss: 0.5286)
[======================================= ]: 899 (Loss: 0.5694)
[========================================]: 900 (Loss: 0.5914)
                                                                                                    
[2026-07-16 21:25:29,014] [INFO] [__main__] Batch 900 Loss: 0.532742 Cost: 10.92 Time: 184 ms/sequence
[2026-07-16 21:25:29,014] [INFO] [__main__] Advice weight norm: 19.241600 | Advice gradient norm: 0.000000

[                                        ]: 901 (Loss: 0.4868)
[                                        ]: 902 (Loss: 0.4839)
[=                                       ]: 903 (Loss: 0.5092)
[=                                       ]: 904 (Loss: 0.4805)
[==                                      ]: 905 (Loss: 0.4612)
[==                                      ]: 906 (Loss: 0.5139)
[==                                      ]: 907 (Loss: 0.5910)
[===                                     ]: 908 (Loss: 0.5490)
[===                                     ]: 909 (Loss: 0.5351)
[====                                    ]: 910 (Loss: 0.5429)
[====                                    ]: 911 (Loss: 0.5304)
[====                                    ]: 912 (Loss: 0.4617)
[=====                                   ]: 913 (Loss: 0.5732)
[=====                                   ]: 914 (Loss: 0.5772)
[======                                  ]: 915 (Loss: 0.4281)
[======                                  ]: 916 (Loss: 0.5525)
[======                                  ]: 917 (Loss: 0.5029)
[=======                                 ]: 918 (Loss: 0.5998)
[=======                                 ]: 919 (Loss: 0.6061)
[========                                ]: 920 (Loss: 0.6584)
[========                                ]: 921 (Loss: 0.4791)
[========                                ]: 922 (Loss: 0.5352)
[=========                               ]: 923 (Loss: 0.5983)
[=========                               ]: 924 (Loss: 0.5891)
[==========                              ]: 925 (Loss: 0.5189)
[==========                              ]: 926 (Loss: 0.5788)
[==========                              ]: 927 (Loss: 0.4747)
[===========                             ]: 928 (Loss: 0.5657)
[===========                             ]: 929 (Loss: 0.4865)
[============                            ]: 930 (Loss: 0.5397)
[============                            ]: 931 (Loss: 0.5272)
[============                            ]: 932 (Loss: 0.5504)
[=============                           ]: 933 (Loss: 0.5902)
[=============                           ]: 934 (Loss: 0.6021)
[==============                          ]: 935 (Loss: 0.5313)
[==============                          ]: 936 (Loss: 0.5670)
[==============                          ]: 937 (Loss: 0.4842)
[===============                         ]: 938 (Loss: 0.4570)
[===============                         ]: 939 (Loss: 0.5837)
[================                        ]: 940 (Loss: 0.5657)
[================                        ]: 941 (Loss: 0.5320)
[================                        ]: 942 (Loss: 0.6044)
[=================                       ]: 943 (Loss: 0.5420)
[=================                       ]: 944 (Loss: 0.5403)
[==================                      ]: 945 (Loss: 0.4862)
[==================                      ]: 946 (Loss: 0.5511)
[==================                      ]: 947 (Loss: 0.4900)
[===================                     ]: 948 (Loss: 0.4885)
[===================                     ]: 949 (Loss: 0.4831)
[====================                    ]: 950 (Loss: 0.5205)
[====================                    ]: 951 (Loss: 0.4914)
[====================                    ]: 952 (Loss: 0.5376)
[=====================                   ]: 953 (Loss: 0.5258)
[=====================                   ]: 954 (Loss: 0.4382)
[======================                  ]: 955 (Loss: 0.4673)
[======================                  ]: 956 (Loss: 0.5840)
[======================                  ]: 957 (Loss: 0.4886)
[=======================                 ]: 958 (Loss: 0.5026)
[=======================                 ]: 959 (Loss: 0.4981)
[========================                ]: 960 (Loss: 0.6613)
[========================                ]: 961 (Loss: 0.4753)
[========================                ]: 962 (Loss: 0.5901)
[=========================               ]: 963 (Loss: 0.6285)
[=========================               ]: 964 (Loss: 0.4961)
[==========================              ]: 965 (Loss: 0.5283)
[==========================              ]: 966 (Loss: 0.5764)
[==========================              ]: 967 (Loss: 0.5388)
[===========================             ]: 968 (Loss: 0.5979)
[===========================             ]: 969 (Loss: 0.5468)
[============================            ]: 970 (Loss: 0.5215)
[============================            ]: 971 (Loss: 0.5266)
[============================            ]: 972 (Loss: 0.4623)
[=============================           ]: 973 (Loss: 0.4815)
[=============================           ]: 974 (Loss: 0.4506)
[==============================          ]: 975 (Loss: 0.5807)
[==============================          ]: 976 (Loss: 0.5412)
[==============================          ]: 977 (Loss: 0.4801)
[===============================         ]: 978 (Loss: 0.5411)
[===============================         ]: 979 (Loss: 0.6229)
[================================        ]: 980 (Loss: 0.5619)
[================================        ]: 981 (Loss: 0.5517)
[================================        ]: 982 (Loss: 0.4651)
[=================================       ]: 983 (Loss: 0.4956)
[=================================       ]: 984 (Loss: 0.5785)
[==================================      ]: 985 (Loss: 0.5714)
[==================================      ]: 986 (Loss: 0.5229)
[==================================      ]: 987 (Loss: 0.5503)
[===================================     ]: 988 (Loss: 0.4864)
[===================================     ]: 989 (Loss: 0.6297)
[====================================    ]: 990 (Loss: 0.4875)
[====================================    ]: 991 (Loss: 0.5774)
[====================================    ]: 992 (Loss: 0.5797)
[=====================================   ]: 993 (Loss: 0.5812)
[=====================================   ]: 994 (Loss: 0.5421)
[======================================  ]: 995 (Loss: 0.6034)
[======================================  ]: 996 (Loss: 0.5574)
[======================================  ]: 997 (Loss: 0.5713)
[======================================= ]: 998 (Loss: 0.5358)
[======================================= ]: 999 (Loss: 0.5044)
[========================================]: 1000 (Loss: 0.6444)
                                                                                                    
[2026-07-16 21:25:47,805] [INFO] [__main__] Batch 1000 Loss: 0.536864 Cost: 11.04 Time: 187 ms/sequence
[2026-07-16 21:25:47,806] [INFO] [__main__] Advice weight norm: 19.241600 | Advice gradient norm: 0.000000

                                                                                                    
[2026-07-16 21:25:47,809] [INFO] [__main__] Saving checkpoint to 'runs\copy_sanity_len5\copy\zero\seed_1000\checkpoint-batch-00001000.pt'

[                                        ]: 1001 (Loss: 0.5457)
[                                        ]: 1002 (Loss: 0.5228)
[=                                       ]: 1003 (Loss: 0.4686)
[=                                       ]: 1004 (Loss: 0.4383)
[==                                      ]: 1005 (Loss: 0.5138)
[==                                      ]: 1006 (Loss: 0.5382)
[==                                      ]: 1007 (Loss: 0.5320)
[===                                     ]: 1008 (Loss: 0.5568)
[===                                     ]: 1009 (Loss: 0.5739)
[====                                    ]: 1010 (Loss: 0.5948)
[====                                    ]: 1011 (Loss: 0.5819)
[====                                    ]: 1012 (Loss: 0.5397)
[=====                                   ]: 1013 (Loss: 0.4835)
[=====                                   ]: 1014 (Loss: 0.5592)
[======                                  ]: 1015 (Loss: 0.4501)
[======                                  ]: 1016 (Loss: 0.5399)
[======                                  ]: 1017 (Loss: 0.5103)
[=======                                 ]: 1018 (Loss: 0.4691)
[=======                                 ]: 1019 (Loss: 0.5849)
[========                                ]: 1020 (Loss: 0.5080)
[========                                ]: 1021 (Loss: 0.5529)
[========                                ]: 1022 (Loss: 0.4670)
[=========                               ]: 1023 (Loss: 0.4946)
[=========                               ]: 1024 (Loss: 0.5342)
[==========                              ]: 1025 (Loss: 0.5149)
[==========                              ]: 1026 (Loss: 0.5261)
[==========                              ]: 1027 (Loss: 0.5436)
[===========                             ]: 1028 (Loss: 0.4983)
[===========                             ]: 1029 (Loss: 0.5683)
[============                            ]: 1030 (Loss: 0.5404)
[============                            ]: 1031 (Loss: 0.5135)
[============                            ]: 1032 (Loss: 0.5195)
[=============                           ]: 1033 (Loss: 0.4498)
[=============                           ]: 1034 (Loss: 0.4118)
[==============                          ]: 1035 (Loss: 0.5330)
[==============                          ]: 1036 (Loss: 0.5756)
[==============                          ]: 1037 (Loss: 0.5699)
[===============                         ]: 1038 (Loss: 0.4797)
[===============                         ]: 1039 (Loss: 0.5437)
[================                        ]: 1040 (Loss: 0.5348)
[================                        ]: 1041 (Loss: 0.5602)
[================                        ]: 1042 (Loss: 0.5140)
[=================                       ]: 1043 (Loss: 0.4588)
[=================                       ]: 1044 (Loss: 0.5310)
[==================                      ]: 1045 (Loss: 0.4864)
[==================                      ]: 1046 (Loss: 0.5175)
[==================                      ]: 1047 (Loss: 0.5803)
[===================                     ]: 1048 (Loss: 0.6182)
[===================                     ]: 1049 (Loss: 0.4992)
[====================                    ]: 1050 (Loss: 0.4580)
[====================                    ]: 1051 (Loss: 0.4687)
[====================                    ]: 1052 (Loss: 0.5476)
[=====================                   ]: 1053 (Loss: 0.5110)
[=====================                   ]: 1054 (Loss: 0.5370)
[======================                  ]: 1055 (Loss: 0.5870)
[======================                  ]: 1056 (Loss: 0.5880)
[======================                  ]: 1057 (Loss: 0.5271)
[=======================                 ]: 1058 (Loss: 0.5585)
[=======================                 ]: 1059 (Loss: 0.5422)
[========================                ]: 1060 (Loss: 0.4737)
[========================                ]: 1061 (Loss: 0.5925)
[========================                ]: 1062 (Loss: 0.5037)
[=========================               ]: 1063 (Loss: 0.5160)
[=========================               ]: 1064 (Loss: 0.5929)
[==========================              ]: 1065 (Loss: 0.4296)
[==========================              ]: 1066 (Loss: 0.6213)
[==========================              ]: 1067 (Loss: 0.4939)
[===========================             ]: 1068 (Loss: 0.4719)
[===========================             ]: 1069 (Loss: 0.6043)
[============================            ]: 1070 (Loss: 0.4627)
[============================            ]: 1071 (Loss: 0.5691)
[============================            ]: 1072 (Loss: 0.4957)
[=============================           ]: 1073 (Loss: 0.4417)
[=============================           ]: 1074 (Loss: 0.5143)
[==============================          ]: 1075 (Loss: 0.4951)
[==============================          ]: 1076 (Loss: 0.4542)
[==============================          ]: 1077 (Loss: 0.4946)
[===============================         ]: 1078 (Loss: 0.5261)
[===============================         ]: 1079 (Loss: 0.5147)
[================================        ]: 1080 (Loss: 0.4510)
[================================        ]: 1081 (Loss: 0.5896)
[================================        ]: 1082 (Loss: 0.4693)
[=================================       ]: 1083 (Loss: 0.4957)
[=================================       ]: 1084 (Loss: 0.5764)
[==================================      ]: 1085 (Loss: 0.5260)
[==================================      ]: 1086 (Loss: 0.4612)
[==================================      ]: 1087 (Loss: 0.5044)
[===================================     ]: 1088 (Loss: 0.5144)
[===================================     ]: 1089 (Loss: 0.5406)
[====================================    ]: 1090 (Loss: 0.4795)
[====================================    ]: 1091 (Loss: 0.5240)
[====================================    ]: 1092 (Loss: 0.4969)
[=====================================   ]: 1093 (Loss: 0.4758)
[=====================================   ]: 1094 (Loss: 0.4963)
[======================================  ]: 1095 (Loss: 0.5315)
[======================================  ]: 1096 (Loss: 0.4080)
[======================================  ]: 1097 (Loss: 0.5792)
[======================================= ]: 1098 (Loss: 0.4770)
[======================================= ]: 1099 (Loss: 0.5282)
[========================================]: 1100 (Loss: 0.5277)
                                                                                                    
[2026-07-16 21:26:06,961] [INFO] [__main__] Batch 1100 Loss: 0.518947 Cost: 10.26 Time: 191 ms/sequence
[2026-07-16 21:26:06,961] [INFO] [__main__] Advice weight norm: 19.241600 | Advice gradient norm: 0.000000

[                                        ]: 1101 (Loss: 0.5291)
[                                        ]: 1102 (Loss: 0.4890)
[=                                       ]: 1103 (Loss: 0.5740)
[=                                       ]: 1104 (Loss: 0.5195)
[==                                      ]: 1105 (Loss: 0.6367)
[==                                      ]: 1106 (Loss: 0.5267)
[==                                      ]: 1107 (Loss: 0.6009)
[===                                     ]: 1108 (Loss: 0.4701)
[===                                     ]: 1109 (Loss: 0.4592)
[====                                    ]: 1110 (Loss: 0.4931)
[====                                    ]: 1111 (Loss: 0.5591)
[====                                    ]: 1112 (Loss: 0.5730)
[=====                                   ]: 1113 (Loss: 0.5198)
[=====                                   ]: 1114 (Loss: 0.5966)
[======                                  ]: 1115 (Loss: 0.4934)
[======                                  ]: 1116 (Loss: 0.4643)
[======                                  ]: 1117 (Loss: 0.5294)
[=======                                 ]: 1118 (Loss: 0.4743)
[=======                                 ]: 1119 (Loss: 0.6227)
[========                                ]: 1120 (Loss: 0.4873)
[========                                ]: 1121 (Loss: 0.5246)
[========                                ]: 1122 (Loss: 0.5057)
[=========                               ]: 1123 (Loss: 0.5385)
[=========                               ]: 1124 (Loss: 0.4786)
[==========                              ]: 1125 (Loss: 0.6099)
[==========                              ]: 1126 (Loss: 0.5202)
[==========                              ]: 1127 (Loss: 0.4510)
[===========                             ]: 1128 (Loss: 0.5394)
[===========                             ]: 1129 (Loss: 0.5586)
[============                            ]: 1130 (Loss: 0.5724)
[============                            ]: 1131 (Loss: 0.4761)
[============                            ]: 1132 (Loss: 0.4932)
[=============                           ]: 1133 (Loss: 0.4556)
[=============                           ]: 1134 (Loss: 0.5633)
[==============                          ]: 1135 (Loss: 0.5694)
[==============                          ]: 1136 (Loss: 0.5363)
[==============                          ]: 1137 (Loss: 0.4960)
[===============                         ]: 1138 (Loss: 0.5434)
[===============                         ]: 1139 (Loss: 0.5298)
[================                        ]: 1140 (Loss: 0.5019)
[================                        ]: 1141 (Loss: 0.5453)
[================                        ]: 1142 (Loss: 0.4983)
[=================                       ]: 1143 (Loss: 0.4952)
[=================                       ]: 1144 (Loss: 0.5569)
[==================                      ]: 1145 (Loss: 0.5611)
[==================                      ]: 1146 (Loss: 0.5531)
[==================                      ]: 1147 (Loss: 0.5361)
[===================                     ]: 1148 (Loss: 0.5045)
[===================                     ]: 1149 (Loss: 0.5078)
[====================                    ]: 1150 (Loss: 0.5609)
[====================                    ]: 1151 (Loss: 0.5118)
[====================                    ]: 1152 (Loss: 0.4931)
[=====================                   ]: 1153 (Loss: 0.6037)
[=====================                   ]: 1154 (Loss: 0.5340)
[======================                  ]: 1155 (Loss: 0.4875)
[======================                  ]: 1156 (Loss: 0.6181)
[======================                  ]: 1157 (Loss: 0.4891)
[=======================                 ]: 1158 (Loss: 0.4962)
[=======================                 ]: 1159 (Loss: 0.5071)
[========================                ]: 1160 (Loss: 0.5704)
[========================                ]: 1161 (Loss: 0.4646)
[========================                ]: 1162 (Loss: 0.6334)
[=========================               ]: 1163 (Loss: 0.4892)
[=========================               ]: 1164 (Loss: 0.6015)
[==========================              ]: 1165 (Loss: 0.4771)
[==========================              ]: 1166 (Loss: 0.4092)
[==========================              ]: 1167 (Loss: 0.4717)
[===========================             ]: 1168 (Loss: 0.4858)
[===========================             ]: 1169 (Loss: 0.5717)
[============================            ]: 1170 (Loss: 0.4892)
[============================            ]: 1171 (Loss: 0.5341)
[============================            ]: 1172 (Loss: 0.5071)
[=============================           ]: 1173 (Loss: 0.4719)
[=============================           ]: 1174 (Loss: 0.5220)
[==============================          ]: 1175 (Loss: 0.4521)
[==============================          ]: 1176 (Loss: 0.5056)
[==============================          ]: 1177 (Loss: 0.5405)
[===============================         ]: 1178 (Loss: 0.5638)
[===============================         ]: 1179 (Loss: 0.5355)
[================================        ]: 1180 (Loss: 0.5348)
[================================        ]: 1181 (Loss: 0.5290)
[================================        ]: 1182 (Loss: 0.4973)
[=================================       ]: 1183 (Loss: 0.5411)
[=================================       ]: 1184 (Loss: 0.5349)
[==================================      ]: 1185 (Loss: 0.4464)
[==================================      ]: 1186 (Loss: 0.4902)
[==================================      ]: 1187 (Loss: 0.5218)
[===================================     ]: 1188 (Loss: 0.5460)
[===================================     ]: 1189 (Loss: 0.4567)
[====================================    ]: 1190 (Loss: 0.4816)
[====================================    ]: 1191 (Loss: 0.4612)
[====================================    ]: 1192 (Loss: 0.4721)
[=====================================   ]: 1193 (Loss: 0.4154)
[=====================================   ]: 1194 (Loss: 0.5264)
[======================================  ]: 1195 (Loss: 0.5751)
[======================================  ]: 1196 (Loss: 0.4771)
[======================================  ]: 1197 (Loss: 0.4508)
[======================================= ]: 1198 (Loss: 0.4055)
[======================================= ]: 1199 (Loss: 0.5402)
[========================================]: 1200 (Loss: 0.4413)
                                                                                                    
[2026-07-16 21:26:26,129] [INFO] [__main__] Batch 1200 Loss: 0.517832 Cost: 10.22 Time: 191 ms/sequence
[2026-07-16 21:26:26,129] [INFO] [__main__] Advice weight norm: 19.241600 | Advice gradient norm: 0.000000

[                                        ]: 1201 (Loss: 0.4833)
[                                        ]: 1202 (Loss: 0.4637)
[=                                       ]: 1203 (Loss: 0.4074)
[=                                       ]: 1204 (Loss: 0.5375)
[==                                      ]: 1205 (Loss: 0.6083)
[==                                      ]: 1206 (Loss: 0.4849)
[==                                      ]: 1207 (Loss: 0.4103)
[===                                     ]: 1208 (Loss: 0.4673)
[===                                     ]: 1209 (Loss: 0.5942)
[====                                    ]: 1210 (Loss: 0.4579)
[====                                    ]: 1211 (Loss: 0.4895)
[====                                    ]: 1212 (Loss: 0.5100)
[=====                                   ]: 1213 (Loss: 0.6290)
[=====                                   ]: 1214 (Loss: 0.3722)
[======                                  ]: 1215 (Loss: 0.6428)
[======                                  ]: 1216 (Loss: 0.4110)
[======                                  ]: 1217 (Loss: 0.5101)
[=======                                 ]: 1218 (Loss: 0.4522)
[=======                                 ]: 1219 (Loss: 0.5023)
[========                                ]: 1220 (Loss: 0.4356)
[========                                ]: 1221 (Loss: 0.5203)
[========                                ]: 1222 (Loss: 0.5572)
[=========                               ]: 1223 (Loss: 0.4439)
[=========                               ]: 1224 (Loss: 0.5314)
[==========                              ]: 1225 (Loss: 0.4908)
[==========                              ]: 1226 (Loss: 0.4713)
[==========                              ]: 1227 (Loss: 0.5293)
[===========                             ]: 1228 (Loss: 0.4666)
[===========                             ]: 1229 (Loss: 0.5927)
[============                            ]: 1230 (Loss: 0.4290)
[============                            ]: 1231 (Loss: 0.4141)
[============                            ]: 1232 (Loss: 0.5041)
[=============                           ]: 1233 (Loss: 0.4878)
[=============                           ]: 1234 (Loss: 0.4701)
[==============                          ]: 1235 (Loss: 0.5057)
[==============                          ]: 1236 (Loss: 0.5486)
[==============                          ]: 1237 (Loss: 0.4865)
[===============                         ]: 1238 (Loss: 0.5337)
[===============                         ]: 1239 (Loss: 0.4812)
[================                        ]: 1240 (Loss: 0.5511)
[================                        ]: 1241 (Loss: 0.5296)
[================                        ]: 1242 (Loss: 0.6329)
[=================                       ]: 1243 (Loss: 0.5580)
[=================                       ]: 1244 (Loss: 0.5160)
[==================                      ]: 1245 (Loss: 0.5447)
[==================                      ]: 1246 (Loss: 0.6034)
[==================                      ]: 1247 (Loss: 0.4972)
[===================                     ]: 1248 (Loss: 0.4965)
[===================                     ]: 1249 (Loss: 0.5257)
[====================                    ]: 1250 (Loss: 0.6296)
[====================                    ]: 1251 (Loss: 0.5967)
[====================                    ]: 1252 (Loss: 0.4992)
[=====================                   ]: 1253 (Loss: 0.5550)
[=====================                   ]: 1254 (Loss: 0.5051)
[======================                  ]: 1255 (Loss: 0.5432)
[======================                  ]: 1256 (Loss: 0.5969)
[======================                  ]: 1257 (Loss: 0.4392)
[=======================                 ]: 1258 (Loss: 0.5357)
[=======================                 ]: 1259 (Loss: 0.4273)
[========================                ]: 1260 (Loss: 0.5332)
[========================                ]: 1261 (Loss: 0.4801)
[========================                ]: 1262 (Loss: 0.5727)
[=========================               ]: 1263 (Loss: 0.5286)
[=========================               ]: 1264 (Loss: 0.4376)
[==========================              ]: 1265 (Loss: 0.4959)
[==========================              ]: 1266 (Loss: 0.5312)
[==========================              ]: 1267 (Loss: 0.5937)
[===========================             ]: 1268 (Loss: 0.5704)
[===========================             ]: 1269 (Loss: 0.4288)
[============================            ]: 1270 (Loss: 0.4723)
[============================            ]: 1271 (Loss: 0.4652)
[============================            ]: 1272 (Loss: 0.5046)
[=============================           ]: 1273 (Loss: 0.5231)
[=============================           ]: 1274 (Loss: 0.6042)
[==============================          ]: 1275 (Loss: 0.5913)
[==============================          ]: 1276 (Loss: 0.5412)
[==============================          ]: 1277 (Loss: 0.4072)
[===============================         ]: 1278 (Loss: 0.5035)
[===============================         ]: 1279 (Loss: 0.5627)
[================================        ]: 1280 (Loss: 0.5139)
[================================        ]: 1281 (Loss: 0.4654)
[================================        ]: 1282 (Loss: 0.4547)
[=================================       ]: 1283 (Loss: 0.4537)
[=================================       ]: 1284 (Loss: 0.5399)
[==================================      ]: 1285 (Loss: 0.4577)
[==================================      ]: 1286 (Loss: 0.4926)
[==================================      ]: 1287 (Loss: 0.5513)
[===================================     ]: 1288 (Loss: 0.5144)
[===================================     ]: 1289 (Loss: 0.5569)
[====================================    ]: 1290 (Loss: 0.5005)
[====================================    ]: 1291 (Loss: 0.5269)
[====================================    ]: 1292 (Loss: 0.4197)
[=====================================   ]: 1293 (Loss: 0.5345)
[=====================================   ]: 1294 (Loss: 0.5178)
[======================================  ]: 1295 (Loss: 0.4795)
[======================================  ]: 1296 (Loss: 0.5860)
[======================================  ]: 1297 (Loss: 0.5937)
[======================================= ]: 1298 (Loss: 0.4604)
[======================================= ]: 1299 (Loss: 0.4975)
[========================================]: 1300 (Loss: 0.5028)
                                                                                                    
[2026-07-16 21:26:44,670] [INFO] [__main__] Batch 1300 Loss: 0.510843 Cost: 10.33 Time: 185 ms/sequence
[2026-07-16 21:26:44,670] [INFO] [__main__] Advice weight norm: 19.241600 | Advice gradient norm: 0.000000

[                                        ]: 1301 (Loss: 0.4989)
[                                        ]: 1302 (Loss: 0.5084)
[=                                       ]: 1303 (Loss: 0.4921)
[=                                       ]: 1304 (Loss: 0.4904)
[==                                      ]: 1305 (Loss: 0.4965)
[==                                      ]: 1306 (Loss: 0.5066)
[==                                      ]: 1307 (Loss: 0.4949)
[===                                     ]: 1308 (Loss: 0.5152)
[===                                     ]: 1309 (Loss: 0.5414)
[====                                    ]: 1310 (Loss: 0.4917)
[====                                    ]: 1311 (Loss: 0.5040)
[====                                    ]: 1312 (Loss: 0.5684)
[=====                                   ]: 1313 (Loss: 0.5153)
[=====                                   ]: 1314 (Loss: 0.4145)
[======                                  ]: 1315 (Loss: 0.4997)
[======                                  ]: 1316 (Loss: 0.4907)
[======                                  ]: 1317 (Loss: 0.4523)
[=======                                 ]: 1318 (Loss: 0.4490)
[=======                                 ]: 1319 (Loss: 0.4991)
[========                                ]: 1320 (Loss: 0.5294)
[========                                ]: 1321 (Loss: 0.4389)
[========                                ]: 1322 (Loss: 0.5932)
[=========                               ]: 1323 (Loss: 0.5936)
[=========                               ]: 1324 (Loss: 0.5260)
[==========                              ]: 1325 (Loss: 0.5528)
[==========                              ]: 1326 (Loss: 0.4900)
[==========                              ]: 1327 (Loss: 0.4927)
[===========                             ]: 1328 (Loss: 0.5388)
[===========                             ]: 1329 (Loss: 0.4095)
[============                            ]: 1330 (Loss: 0.5647)
[============                            ]: 1331 (Loss: 0.5426)
[============                            ]: 1332 (Loss: 0.5301)
[=============                           ]: 1333 (Loss: 0.4721)
[=============                           ]: 1334 (Loss: 0.4190)
[==============                          ]: 1335 (Loss: 0.5239)
[==============                          ]: 1336 (Loss: 0.5261)
[==============                          ]: 1337 (Loss: 0.5073)
[===============                         ]: 1338 (Loss: 0.5096)
[===============                         ]: 1339 (Loss: 0.4944)
[================                        ]: 1340 (Loss: 0.4227)
[================                        ]: 1341 (Loss: 0.4530)
[================                        ]: 1342 (Loss: 0.4564)
[=================                       ]: 1343 (Loss: 0.4925)
[=================                       ]: 1344 (Loss: 0.4720)
[==================                      ]: 1345 (Loss: 0.4199)
[==================                      ]: 1346 (Loss: 0.4957)
[==================                      ]: 1347 (Loss: 0.4674)
[===================                     ]: 1348 (Loss: 0.5778)
[===================                     ]: 1349 (Loss: 0.5032)
[====================                    ]: 1350 (Loss: 0.5224)
[====================                    ]: 1351 (Loss: 0.6561)
[====================                    ]: 1352 (Loss: 0.5692)
[=====================                   ]: 1353 (Loss: 0.4074)
[=====================                   ]: 1354 (Loss: 0.4240)
[======================                  ]: 1355 (Loss: 0.5230)
[======================                  ]: 1356 (Loss: 0.4735)
[======================                  ]: 1357 (Loss: 0.5176)
[=======================                 ]: 1358 (Loss: 0.5200)
[=======================                 ]: 1359 (Loss: 0.5714)
[========================                ]: 1360 (Loss: 0.4917)
[========================                ]: 1361 (Loss: 0.5279)
[========================                ]: 1362 (Loss: 0.4380)
[=========================               ]: 1363 (Loss: 0.4932)
[=========================               ]: 1364 (Loss: 0.5242)
[==========================              ]: 1365 (Loss: 0.4539)
[==========================              ]: 1366 (Loss: 0.4797)
[==========================              ]: 1367 (Loss: 0.4787)
[===========================             ]: 1368 (Loss: 0.5322)
[===========================             ]: 1369 (Loss: 0.5437)
[============================            ]: 1370 (Loss: 0.4898)
[============================            ]: 1371 (Loss: 0.5717)
[============================            ]: 1372 (Loss: 0.5234)
[=============================           ]: 1373 (Loss: 0.4366)
[=============================           ]: 1374 (Loss: 0.5594)
[==============================          ]: 1375 (Loss: 0.3651)
[==============================          ]: 1376 (Loss: 0.4881)
[==============================          ]: 1377 (Loss: 0.4879)
[===============================         ]: 1378 (Loss: 0.4789)
[===============================         ]: 1379 (Loss: 0.4378)
[================================        ]: 1380 (Loss: 0.4927)
[================================        ]: 1381 (Loss: 0.4835)
[================================        ]: 1382 (Loss: 0.4627)
[=================================       ]: 1383 (Loss: 0.4812)
[=================================       ]: 1384 (Loss: 0.4490)
[==================================      ]: 1385 (Loss: 0.5835)
[==================================      ]: 1386 (Loss: 0.3972)
[==================================      ]: 1387 (Loss: 0.4859)
[===================================     ]: 1388 (Loss: 0.5682)
[===================================     ]: 1389 (Loss: 0.4562)
[====================================    ]: 1390 (Loss: 0.5231)
[====================================    ]: 1391 (Loss: 0.5384)
[====================================    ]: 1392 (Loss: 0.4743)
[=====================================   ]: 1393 (Loss: 0.4749)
[=====================================   ]: 1394 (Loss: 0.5478)
[======================================  ]: 1395 (Loss: 0.4003)
[======================================  ]: 1396 (Loss: 0.4681)
[======================================  ]: 1397 (Loss: 0.4697)
[======================================= ]: 1398 (Loss: 0.4995)
[======================================= ]: 1399 (Loss: 0.5835)
[========================================]: 1400 (Loss: 0.4713)
                                                                                                    
[2026-07-16 21:27:03,308] [INFO] [__main__] Batch 1400 Loss: 0.497419 Cost: 9.91 Time: 186 ms/sequence
[2026-07-16 21:27:03,308] [INFO] [__main__] Advice weight norm: 19.241600 | Advice gradient norm: 0.000000

[                                        ]: 1401 (Loss: 0.4317)
[                                        ]: 1402 (Loss: 0.4804)
[=                                       ]: 1403 (Loss: 0.5115)
[=                                       ]: 1404 (Loss: 0.4581)
[==                                      ]: 1405 (Loss: 0.5628)
[==                                      ]: 1406 (Loss: 0.4381)
[==                                      ]: 1407 (Loss: 0.5081)
[===                                     ]: 1408 (Loss: 0.5492)
[===                                     ]: 1409 (Loss: 0.4871)
[====                                    ]: 1410 (Loss: 0.5013)
[====                                    ]: 1411 (Loss: 0.5167)
[====                                    ]: 1412 (Loss: 0.5060)
[=====                                   ]: 1413 (Loss: 0.4996)
[=====                                   ]: 1414 (Loss: 0.4260)
[======                                  ]: 1415 (Loss: 0.5224)
[======                                  ]: 1416 (Loss: 0.5438)
[======                                  ]: 1417 (Loss: 0.5599)
[=======                                 ]: 1418 (Loss: 0.3814)
[=======                                 ]: 1419 (Loss: 0.5052)
[========                                ]: 1420 (Loss: 0.4981)
[========                                ]: 1421 (Loss: 0.5112)
[========                                ]: 1422 (Loss: 0.4544)
[=========                               ]: 1423 (Loss: 0.4908)
[=========                               ]: 1424 (Loss: 0.5467)
[==========                              ]: 1425 (Loss: 0.5331)
[==========                              ]: 1426 (Loss: 0.5309)
[==========                              ]: 1427 (Loss: 0.3683)
[===========                             ]: 1428 (Loss: 0.4705)
[===========                             ]: 1429 (Loss: 0.6541)
[============                            ]: 1430 (Loss: 0.6014)
[============                            ]: 1431 (Loss: 0.4734)
[============                            ]: 1432 (Loss: 0.5693)
[=============                           ]: 1433 (Loss: 0.4693)
[=============                           ]: 1434 (Loss: 0.3756)
[==============                          ]: 1435 (Loss: 0.4917)
[==============                          ]: 1436 (Loss: 0.5020)
[==============                          ]: 1437 (Loss: 0.4169)
[===============                         ]: 1438 (Loss: 0.4302)
[===============                         ]: 1439 (Loss: 0.5340)
[================                        ]: 1440 (Loss: 0.4205)
[================                        ]: 1441 (Loss: 0.4362)
[================                        ]: 1442 (Loss: 0.5775)
[=================                       ]: 1443 (Loss: 0.5449)
[=================                       ]: 1444 (Loss: 0.4124)
[==================                      ]: 1445 (Loss: 0.6046)
[==================                      ]: 1446 (Loss: 0.5551)
[==================                      ]: 1447 (Loss: 0.5264)
[===================                     ]: 1448 (Loss: 0.5705)
[===================                     ]: 1449 (Loss: 0.5618)
[====================                    ]: 1450 (Loss: 0.3993)
[====================                    ]: 1451 (Loss: 0.4930)
[====================                    ]: 1452 (Loss: 0.4744)
[=====================                   ]: 1453 (Loss: 0.5900)
[=====================                   ]: 1454 (Loss: 0.5516)
[======================                  ]: 1455 (Loss: 0.4589)
[======================                  ]: 1456 (Loss: 0.4693)
[======================                  ]: 1457 (Loss: 0.5161)
[=======================                 ]: 1458 (Loss: 0.4690)
[=======================                 ]: 1459 (Loss: 0.4795)
[========================                ]: 1460 (Loss: 0.4194)
[========================                ]: 1461 (Loss: 0.4343)
[========================                ]: 1462 (Loss: 0.3176)
[=========================               ]: 1463 (Loss: 0.4758)
[=========================               ]: 1464 (Loss: 0.4839)
[==========================              ]: 1465 (Loss: 0.4786)
[==========================              ]: 1466 (Loss: 0.5072)
[==========================              ]: 1467 (Loss: 0.3775)
[===========================             ]: 1468 (Loss: 0.4858)
[===========================             ]: 1469 (Loss: 0.5843)
[============================            ]: 1470 (Loss: 0.5193)
[============================            ]: 1471 (Loss: 0.3458)
[============================            ]: 1472 (Loss: 0.4451)
[=============================           ]: 1473 (Loss: 0.3840)
[=============================           ]: 1474 (Loss: 0.4821)
[==============================          ]: 1475 (Loss: 0.5305)
[==============================          ]: 1476 (Loss: 0.5048)
[==============================          ]: 1477 (Loss: 0.5316)
[===============================         ]: 1478 (Loss: 0.5357)
[===============================         ]: 1479 (Loss: 0.4783)
[================================        ]: 1480 (Loss: 0.4447)
[================================        ]: 1481 (Loss: 0.4387)
[================================        ]: 1482 (Loss: 0.5569)
[=================================       ]: 1483 (Loss: 0.4149)
[=================================       ]: 1484 (Loss: 0.5169)
[==================================      ]: 1485 (Loss: 0.4131)
[==================================      ]: 1486 (Loss: 0.5041)
[==================================      ]: 1487 (Loss: 0.5053)
[===================================     ]: 1488 (Loss: 0.3905)
[===================================     ]: 1489 (Loss: 0.5022)
[====================================    ]: 1490 (Loss: 0.5693)
[====================================    ]: 1491 (Loss: 0.4901)
[====================================    ]: 1492 (Loss: 0.4167)
[=====================================   ]: 1493 (Loss: 0.5000)
[=====================================   ]: 1494 (Loss: 0.4389)
[======================================  ]: 1495 (Loss: 0.5511)
[======================================  ]: 1496 (Loss: 0.4513)
[======================================  ]: 1497 (Loss: 0.5310)
[======================================= ]: 1498 (Loss: 0.5593)
[======================================= ]: 1499 (Loss: 0.5020)
[========================================]: 1500 (Loss: 0.4340)
                                                                                                    
[2026-07-16 21:27:21,968] [INFO] [__main__] Batch 1500 Loss: 0.488750 Cost: 9.72 Time: 186 ms/sequence
[2026-07-16 21:27:21,968] [INFO] [__main__] Advice weight norm: 19.241600 | Advice gradient norm: 0.000000

[                                        ]: 1501 (Loss: 0.5316)
[                                        ]: 1502 (Loss: 0.4680)
[=                                       ]: 1503 (Loss: 0.4801)
[=                                       ]: 1504 (Loss: 0.5241)
[==                                      ]: 1505 (Loss: 0.5163)
[==                                      ]: 1506 (Loss: 0.4795)
[==                                      ]: 1507 (Loss: 0.4733)
[===                                     ]: 1508 (Loss: 0.4648)
[===                                     ]: 1509 (Loss: 0.4551)
[====                                    ]: 1510 (Loss: 0.4911)
[====                                    ]: 1511 (Loss: 0.4026)
[====                                    ]: 1512 (Loss: 0.5032)
[=====                                   ]: 1513 (Loss: 0.5422)
[=====                                   ]: 1514 (Loss: 0.5524)
[======                                  ]: 1515 (Loss: 0.4934)
[======                                  ]: 1516 (Loss: 0.4314)
[======                                  ]: 1517 (Loss: 0.4753)
[=======                                 ]: 1518 (Loss: 0.5353)
[=======                                 ]: 1519 (Loss: 0.5063)
[========                                ]: 1520 (Loss: 0.4157)
[========                                ]: 1521 (Loss: 0.5754)
[========                                ]: 1522 (Loss: 0.5014)
[=========                               ]: 1523 (Loss: 0.4466)
[=========                               ]: 1524 (Loss: 0.5595)
[==========                              ]: 1525 (Loss: 0.4563)
[==========                              ]: 1526 (Loss: 0.4703)
[==========                              ]: 1527 (Loss: 0.5489)
[===========                             ]: 1528 (Loss: 0.4997)
[===========                             ]: 1529 (Loss: 0.5411)
[============                            ]: 1530 (Loss: 0.4964)
[============                            ]: 1531 (Loss: 0.4704)
[============                            ]: 1532 (Loss: 0.4101)
[=============                           ]: 1533 (Loss: 0.4479)
[=============                           ]: 1534 (Loss: 0.4642)
[==============                          ]: 1535 (Loss: 0.4884)
[==============                          ]: 1536 (Loss: 0.4560)
[==============                          ]: 1537 (Loss: 0.4456)
[===============                         ]: 1538 (Loss: 0.4370)
[===============                         ]: 1539 (Loss: 0.4067)
[================                        ]: 1540 (Loss: 0.5315)
[================                        ]: 1541 (Loss: 0.5732)
[================                        ]: 1542 (Loss: 0.5185)
[=================                       ]: 1543 (Loss: 0.5005)
[=================                       ]: 1544 (Loss: 0.5487)
[==================                      ]: 1545 (Loss: 0.4676)
[==================                      ]: 1546 (Loss: 0.4439)
[==================                      ]: 1547 (Loss: 0.4764)
[===================                     ]: 1548 (Loss: 0.5934)
[===================                     ]: 1549 (Loss: 0.3510)
[====================                    ]: 1550 (Loss: 0.4382)
[====================                    ]: 1551 (Loss: 0.5025)
[====================                    ]: 1552 (Loss: 0.4142)
[=====================                   ]: 1553 (Loss: 0.4886)
[=====================                   ]: 1554 (Loss: 0.4941)
[======================                  ]: 1555 (Loss: 0.4912)
[======================                  ]: 1556 (Loss: 0.4031)
[======================                  ]: 1557 (Loss: 0.4552)
[=======================                 ]: 1558 (Loss: 0.4611)
[=======================                 ]: 1559 (Loss: 0.3431)
[========================                ]: 1560 (Loss: 0.4582)
[========================                ]: 1561 (Loss: 0.4047)
[========================                ]: 1562 (Loss: 0.3319)
[=========================               ]: 1563 (Loss: 0.6176)
[=========================               ]: 1564 (Loss: 0.5047)
[==========================              ]: 1565 (Loss: 0.5235)
[==========================              ]: 1566 (Loss: 0.4766)
[==========================              ]: 1567 (Loss: 0.5137)
[===========================             ]: 1568 (Loss: 0.4307)
[===========================             ]: 1569 (Loss: 0.4163)
[============================            ]: 1570 (Loss: 0.3838)
[============================            ]: 1571 (Loss: 0.6545)
[============================            ]: 1572 (Loss: 0.3860)
[=============================           ]: 1573 (Loss: 0.5610)
[=============================           ]: 1574 (Loss: 0.4187)
[==============================          ]: 1575 (Loss: 0.4954)
[==============================          ]: 1576 (Loss: 0.4847)
[==============================          ]: 1577 (Loss: 0.5649)
[===============================         ]: 1578 (Loss: 0.3963)
[===============================         ]: 1579 (Loss: 0.4345)
[================================        ]: 1580 (Loss: 0.4212)
[================================        ]: 1581 (Loss: 0.4491)
[================================        ]: 1582 (Loss: 0.5186)
[=================================       ]: 1583 (Loss: 0.5179)
[=================================       ]: 1584 (Loss: 0.4948)
[==================================      ]: 1585 (Loss: 0.4197)
[==================================      ]: 1586 (Loss: 0.5751)
[==================================      ]: 1587 (Loss: 0.3967)
[===================================     ]: 1588 (Loss: 0.5186)
[===================================     ]: 1589 (Loss: 0.4985)
[====================================    ]: 1590 (Loss: 0.5089)
[====================================    ]: 1591 (Loss: 0.3892)
[====================================    ]: 1592 (Loss: 0.5800)
[=====================================   ]: 1593 (Loss: 0.4828)
[=====================================   ]: 1594 (Loss: 0.5177)
[======================================  ]: 1595 (Loss: 0.5548)
[======================================  ]: 1596 (Loss: 0.3739)
[======================================  ]: 1597 (Loss: 0.4985)
[======================================= ]: 1598 (Loss: 0.4634)
[======================================= ]: 1599 (Loss: 0.4722)
[========================================]: 1600 (Loss: 0.4068)
                                                                                                    
[2026-07-16 21:27:40,798] [INFO] [__main__] Batch 1600 Loss: 0.478754 Cost: 9.51 Time: 188 ms/sequence
[2026-07-16 21:27:40,799] [INFO] [__main__] Advice weight norm: 19.241600 | Advice gradient norm: 0.000000

[                                        ]: 1601 (Loss: 0.4435)
[                                        ]: 1602 (Loss: 0.6241)
[=                                       ]: 1603 (Loss: 0.5383)
[=                                       ]: 1604 (Loss: 0.5646)
[==                                      ]: 1605 (Loss: 0.4644)
[==                                      ]: 1606 (Loss: 0.4038)
[==                                      ]: 1607 (Loss: 0.4759)
[===                                     ]: 1608 (Loss: 0.4797)
[===                                     ]: 1609 (Loss: 0.5861)
[====                                    ]: 1610 (Loss: 0.4961)
[====                                    ]: 1611 (Loss: 0.4760)
[====                                    ]: 1612 (Loss: 0.4735)
[=====                                   ]: 1613 (Loss: 0.4973)
[=====                                   ]: 1614 (Loss: 0.4009)
[======                                  ]: 1615 (Loss: 0.4946)
[======                                  ]: 1616 (Loss: 0.4276)
[======                                  ]: 1617 (Loss: 0.4968)
[=======                                 ]: 1618 (Loss: 0.5489)
[=======                                 ]: 1619 (Loss: 0.5250)
[========                                ]: 1620 (Loss: 0.4916)
[========                                ]: 1621 (Loss: 0.5894)
[========                                ]: 1622 (Loss: 0.5332)
[=========                               ]: 1623 (Loss: 0.3953)
[=========                               ]: 1624 (Loss: 0.4161)
[==========                              ]: 1625 (Loss: 0.3642)
[==========                              ]: 1626 (Loss: 0.5551)
[==========                              ]: 1627 (Loss: 0.5121)
[===========                             ]: 1628 (Loss: 0.5490)
[===========                             ]: 1629 (Loss: 0.5409)
[============                            ]: 1630 (Loss: 0.3823)
[============                            ]: 1631 (Loss: 0.4984)
[============                            ]: 1632 (Loss: 0.4359)
[=============                           ]: 1633 (Loss: 0.4732)
[=============                           ]: 1634 (Loss: 0.5613)
[==============                          ]: 1635 (Loss: 0.4480)
[==============                          ]: 1636 (Loss: 0.5442)
[==============                          ]: 1637 (Loss: 0.5197)
[===============                         ]: 1638 (Loss: 0.5438)
[===============                         ]: 1639 (Loss: 0.4725)
[================                        ]: 1640 (Loss: 0.5879)
[================                        ]: 1641 (Loss: 0.5080)
[================                        ]: 1642 (Loss: 0.5052)
[=================                       ]: 1643 (Loss: 0.5632)
[=================                       ]: 1644 (Loss: 0.5608)
[==================                      ]: 1645 (Loss: 0.5137)
[==================                      ]: 1646 (Loss: 0.4608)
[==================                      ]: 1647 (Loss: 0.4262)
[===================                     ]: 1648 (Loss: 0.5501)
[===================                     ]: 1649 (Loss: 0.5480)
[====================                    ]: 1650 (Loss: 0.4672)
[====================                    ]: 1651 (Loss: 0.4685)
[====================                    ]: 1652 (Loss: 0.5849)
[=====================                   ]: 1653 (Loss: 0.5567)
[=====================                   ]: 1654 (Loss: 0.5883)
[======================                  ]: 1655 (Loss: 0.5916)
[======================                  ]: 1656 (Loss: 0.4833)
[======================                  ]: 1657 (Loss: 0.4427)
[=======================                 ]: 1658 (Loss: 0.5424)
[=======================                 ]: 1659 (Loss: 0.6879)
[========================                ]: 1660 (Loss: 0.4569)
[========================                ]: 1661 (Loss: 0.4373)
[========================                ]: 1662 (Loss: 0.4724)
[=========================               ]: 1663 (Loss: 0.3850)
[=========================               ]: 1664 (Loss: 0.4922)
[==========================              ]: 1665 (Loss: 0.4964)
[==========================              ]: 1666 (Loss: 0.3966)
[==========================              ]: 1667 (Loss: 0.4661)
[===========================             ]: 1668 (Loss: 0.4300)
[===========================             ]: 1669 (Loss: 0.4377)
[============================            ]: 1670 (Loss: 0.5395)
[============================            ]: 1671 (Loss: 0.4921)
[============================            ]: 1672 (Loss: 0.4364)
[=============================           ]: 1673 (Loss: 0.4964)
[=============================           ]: 1674 (Loss: 0.5013)
[==============================          ]: 1675 (Loss: 0.4563)
[==============================          ]: 1676 (Loss: 0.4186)
[==============================          ]: 1677 (Loss: 0.5143)
[===============================         ]: 1678 (Loss: 0.4070)
[===============================         ]: 1679 (Loss: 0.4226)
[================================        ]: 1680 (Loss: 0.4351)
[================================        ]: 1681 (Loss: 0.4576)
[================================        ]: 1682 (Loss: 0.4390)
[=================================       ]: 1683 (Loss: 0.5898)
[=================================       ]: 1684 (Loss: 0.4731)
[==================================      ]: 1685 (Loss: 0.5193)
[==================================      ]: 1686 (Loss: 0.7154)
[==================================      ]: 1687 (Loss: 0.4815)
[===================================     ]: 1688 (Loss: 0.4433)
[===================================     ]: 1689 (Loss: 0.5188)
[====================================    ]: 1690 (Loss: 0.5137)
[====================================    ]: 1691 (Loss: 0.5229)
[====================================    ]: 1692 (Loss: 0.4382)
[=====================================   ]: 1693 (Loss: 0.4986)
[=====================================   ]: 1694 (Loss: 0.5116)
[======================================  ]: 1695 (Loss: 0.4746)
[======================================  ]: 1696 (Loss: 0.4563)
[======================================  ]: 1697 (Loss: 0.3928)
[======================================= ]: 1698 (Loss: 0.5129)
[======================================= ]: 1699 (Loss: 0.4241)
[========================================]: 1700 (Loss: 0.4575)
                                                                                                    
[2026-07-16 21:27:59,830] [INFO] [__main__] Batch 1700 Loss: 0.493119 Cost: 9.76 Time: 190 ms/sequence
[2026-07-16 21:27:59,830] [INFO] [__main__] Advice weight norm: 19.241600 | Advice gradient norm: 0.000000

[                                        ]: 1701 (Loss: 0.4871)
[                                        ]: 1702 (Loss: 0.5516)
[=                                       ]: 1703 (Loss: 0.5131)
[=                                       ]: 1704 (Loss: 0.4405)
[==                                      ]: 1705 (Loss: 0.4079)
[==                                      ]: 1706 (Loss: 0.4506)
[==                                      ]: 1707 (Loss: 0.4491)
[===                                     ]: 1708 (Loss: 0.4798)
[===                                     ]: 1709 (Loss: 0.4055)
[====                                    ]: 1710 (Loss: 0.4375)
[====                                    ]: 1711 (Loss: 0.4262)
[====                                    ]: 1712 (Loss: 0.5155)
[=====                                   ]: 1713 (Loss: 0.4987)
[=====                                   ]: 1714 (Loss: 0.6263)
[======                                  ]: 1715 (Loss: 0.4647)
[======                                  ]: 1716 (Loss: 0.5370)
[======                                  ]: 1717 (Loss: 0.5362)
[=======                                 ]: 1718 (Loss: 0.5192)
[=======                                 ]: 1719 (Loss: 0.5201)
[========                                ]: 1720 (Loss: 0.4703)
[========                                ]: 1721 (Loss: 0.4275)
[========                                ]: 1722 (Loss: 0.5332)
[=========                               ]: 1723 (Loss: 0.4582)
[=========                               ]: 1724 (Loss: 0.3472)
[==========                              ]: 1725 (Loss: 0.4969)
[==========                              ]: 1726 (Loss: 0.5255)
[==========                              ]: 1727 (Loss: 0.3752)
[===========                             ]: 1728 (Loss: 0.5237)
[===========                             ]: 1729 (Loss: 0.5663)
[============                            ]: 1730 (Loss: 0.4824)
[============                            ]: 1731 (Loss: 0.4990)
[============                            ]: 1732 (Loss: 0.4817)
[=============                           ]: 1733 (Loss: 0.4184)
[=============                           ]: 1734 (Loss: 0.5465)
[==============                          ]: 1735 (Loss: 0.6701)
[==============                          ]: 1736 (Loss: 0.5017)
[==============                          ]: 1737 (Loss: 0.4856)
[===============                         ]: 1738 (Loss: 0.4686)
[===============                         ]: 1739 (Loss: 0.4367)
[================                        ]: 1740 (Loss: 0.4163)
[================                        ]: 1741 (Loss: 0.4935)
[================                        ]: 1742 (Loss: 0.4309)
[=================                       ]: 1743 (Loss: 0.4599)
[=================                       ]: 1744 (Loss: 0.5213)
[==================                      ]: 1745 (Loss: 0.4320)
[==================                      ]: 1746 (Loss: 0.5508)
[==================                      ]: 1747 (Loss: 0.4207)
[===================                     ]: 1748 (Loss: 0.5077)
[===================                     ]: 1749 (Loss: 0.4905)
[====================                    ]: 1750 (Loss: 0.3849)
[====================                    ]: 1751 (Loss: 0.4408)
[====================                    ]: 1752 (Loss: 0.4473)
[=====================                   ]: 1753 (Loss: 0.3740)
[=====================                   ]: 1754 (Loss: 0.6096)
[======================                  ]: 1755 (Loss: 0.5620)
[======================                  ]: 1756 (Loss: 0.5614)
[======================                  ]: 1757 (Loss: 0.5230)
[=======================                 ]: 1758 (Loss: 0.4751)
[=======================                 ]: 1759 (Loss: 0.4202)
[========================                ]: 1760 (Loss: 0.3946)
[========================                ]: 1761 (Loss: 0.4444)
[========================                ]: 1762 (Loss: 0.4392)
[=========================               ]: 1763 (Loss: 0.3979)
[=========================               ]: 1764 (Loss: 0.4992)
[==========================              ]: 1765 (Loss: 0.4894)
[==========================              ]: 1766 (Loss: 0.4502)
[==========================              ]: 1767 (Loss: 0.3645)
[===========================             ]: 1768 (Loss: 0.3968)
[===========================             ]: 1769 (Loss: 0.5007)
[============================            ]: 1770 (Loss: 0.5106)
[============================            ]: 1771 (Loss: 0.4228)
[============================            ]: 1772 (Loss: 0.4673)
[=============================           ]: 1773 (Loss: 0.4971)
[=============================           ]: 1774 (Loss: 0.3836)
[==============================          ]: 1775 (Loss: 0.5579)
[==============================          ]: 1776 (Loss: 0.4826)
[==============================          ]: 1777 (Loss: 0.4012)
[===============================         ]: 1778 (Loss: 0.4560)
[===============================         ]: 1779 (Loss: 0.4092)
[================================        ]: 1780 (Loss: 0.5072)
[================================        ]: 1781 (Loss: 0.5146)
[================================        ]: 1782 (Loss: 0.4956)
[=================================       ]: 1783 (Loss: 0.4863)
[=================================       ]: 1784 (Loss: 0.5321)
[==================================      ]: 1785 (Loss: 0.5952)
[==================================      ]: 1786 (Loss: 0.4428)
[==================================      ]: 1787 (Loss: 0.4794)
[===================================     ]: 1788 (Loss: 0.4591)
[===================================     ]: 1789 (Loss: 0.4861)
[====================================    ]: 1790 (Loss: 0.5663)
[====================================    ]: 1791 (Loss: 0.3955)
[====================================    ]: 1792 (Loss: 0.4782)
[=====================================   ]: 1793 (Loss: 0.4445)
[=====================================   ]: 1794 (Loss: 0.4671)
[======================================  ]: 1795 (Loss: 0.4324)
[======================================  ]: 1796 (Loss: 0.4459)
[======================================  ]: 1797 (Loss: 0.4741)
[======================================= ]: 1798 (Loss: 0.4865)
[======================================= ]: 1799 (Loss: 0.5032)
[========================================]: 1800 (Loss: 0.5975)
                                                                                                    
[2026-07-16 21:28:18,539] [INFO] [__main__] Batch 1800 Loss: 0.477579 Cost: 9.27 Time: 187 ms/sequence
[2026-07-16 21:28:18,539] [INFO] [__main__] Advice weight norm: 19.241600 | Advice gradient norm: 0.000000

[                                        ]: 1801 (Loss: 0.4535)
[                                        ]: 1802 (Loss: 0.5124)
[=                                       ]: 1803 (Loss: 0.5125)
[=                                       ]: 1804 (Loss: 0.3561)
[==                                      ]: 1805 (Loss: 0.5522)
[==                                      ]: 1806 (Loss: 0.3827)
[==                                      ]: 1807 (Loss: 0.5251)
[===                                     ]: 1808 (Loss: 0.4321)
[===                                     ]: 1809 (Loss: 0.4446)
[====                                    ]: 1810 (Loss: 0.5624)
[====                                    ]: 1811 (Loss: 0.5784)
[====                                    ]: 1812 (Loss: 0.4471)
[=====                                   ]: 1813 (Loss: 0.4299)
[=====                                   ]: 1814 (Loss: 0.4291)
[======                                  ]: 1815 (Loss: 0.3298)
[======                                  ]: 1816 (Loss: 0.4541)
[======                                  ]: 1817 (Loss: 0.4752)
[=======                                 ]: 1818 (Loss: 0.4044)
[=======                                 ]: 1819 (Loss: 0.4106)
[========                                ]: 1820 (Loss: 0.5449)
[========                                ]: 1821 (Loss: 0.4837)
[========                                ]: 1822 (Loss: 0.4185)
[=========                               ]: 1823 (Loss: 0.4713)
[=========                               ]: 1824 (Loss: 0.4950)
[==========                              ]: 1825 (Loss: 0.5222)
[==========                              ]: 1826 (Loss: 0.5289)
[==========                              ]: 1827 (Loss: 0.4518)
[===========                             ]: 1828 (Loss: 0.4732)
[===========                             ]: 1829 (Loss: 0.5033)
[============                            ]: 1830 (Loss: 0.5743)
[============                            ]: 1831 (Loss: 0.5541)
[============                            ]: 1832 (Loss: 0.4273)
[=============                           ]: 1833 (Loss: 0.4250)
[=============                           ]: 1834 (Loss: 0.3907)
[==============                          ]: 1835 (Loss: 0.4328)
[==============                          ]: 1836 (Loss: 0.5384)
[==============                          ]: 1837 (Loss: 0.3642)
[===============                         ]: 1838 (Loss: 0.5476)
[===============                         ]: 1839 (Loss: 0.4212)
[================                        ]: 1840 (Loss: 0.4138)
[================                        ]: 1841 (Loss: 0.4132)
[================                        ]: 1842 (Loss: 0.3504)
[=================                       ]: 1843 (Loss: 0.5297)
[=================                       ]: 1844 (Loss: 0.3869)
[==================                      ]: 1845 (Loss: 0.4698)
[==================                      ]: 1846 (Loss: 0.5080)
[==================                      ]: 1847 (Loss: 0.5366)
[===================                     ]: 1848 (Loss: 0.4840)
[===================                     ]: 1849 (Loss: 0.5034)
[====================                    ]: 1850 (Loss: 0.4665)
[====================                    ]: 1851 (Loss: 0.5137)
[====================                    ]: 1852 (Loss: 0.5418)
[=====================                   ]: 1853 (Loss: 0.4062)
[=====================                   ]: 1854 (Loss: 0.4159)
[======================                  ]: 1855 (Loss: 0.4637)
[======================                  ]: 1856 (Loss: 0.4634)
[======================                  ]: 1857 (Loss: 0.5441)
[=======================                 ]: 1858 (Loss: 0.5377)
[=======================                 ]: 1859 (Loss: 0.4691)
[========================                ]: 1860 (Loss: 0.3915)
[========================                ]: 1861 (Loss: 0.4902)
[========================                ]: 1862 (Loss: 0.4538)
[=========================               ]: 1863 (Loss: 0.4516)
[=========================               ]: 1864 (Loss: 0.4879)
[==========================              ]: 1865 (Loss: 0.4980)
[==========================              ]: 1866 (Loss: 0.4307)
[==========================              ]: 1867 (Loss: 0.4718)
[===========================             ]: 1868 (Loss: 0.5307)
[===========================             ]: 1869 (Loss: 0.4505)
[============================            ]: 1870 (Loss: 0.3820)
[============================            ]: 1871 (Loss: 0.4327)
[============================            ]: 1872 (Loss: 0.4677)
[=============================           ]: 1873 (Loss: 0.4999)
[=============================           ]: 1874 (Loss: 0.4411)
[==============================          ]: 1875 (Loss: 0.4274)
[==============================          ]: 1876 (Loss: 0.4962)
[==============================          ]: 1877 (Loss: 0.4196)
[===============================         ]: 1878 (Loss: 0.4142)
[===============================         ]: 1879 (Loss: 0.4712)
[================================        ]: 1880 (Loss: 0.4788)
[================================        ]: 1881 (Loss: 0.5453)
[================================        ]: 1882 (Loss: 0.4173)
[=================================       ]: 1883 (Loss: 0.4988)
[=================================       ]: 1884 (Loss: 0.4848)
[==================================      ]: 1885 (Loss: 0.6035)
[==================================      ]: 1886 (Loss: 0.5408)
[==================================      ]: 1887 (Loss: 0.3032)
[===================================     ]: 1888 (Loss: 0.6500)
[===================================     ]: 1889 (Loss: 0.5248)
[====================================    ]: 1890 (Loss: 0.4161)
[====================================    ]: 1891 (Loss: 0.5228)
[====================================    ]: 1892 (Loss: 0.4160)
[=====================================   ]: 1893 (Loss: 0.4610)
[=====================================   ]: 1894 (Loss: 0.4917)
[======================================  ]: 1895 (Loss: 0.3923)
[======================================  ]: 1896 (Loss: 0.3293)
[======================================  ]: 1897 (Loss: 0.4310)
[======================================= ]: 1898 (Loss: 0.4638)
[======================================= ]: 1899 (Loss: 0.5541)
[========================================]: 1900 (Loss: 0.4343)
                                                                                                    
[2026-07-16 21:28:37,377] [INFO] [__main__] Batch 1900 Loss: 0.467472 Cost: 9.27 Time: 188 ms/sequence
[2026-07-16 21:28:37,377] [INFO] [__main__] Advice weight norm: 19.241600 | Advice gradient norm: 0.000000

[                                        ]: 1901 (Loss: 0.4320)
[                                        ]: 1902 (Loss: 0.4474)
[=                                       ]: 1903 (Loss: 0.4103)
[=                                       ]: 1904 (Loss: 0.3616)
[==                                      ]: 1905 (Loss: 0.4922)
[==                                      ]: 1906 (Loss: 0.4468)
[==                                      ]: 1907 (Loss: 0.4506)
[===                                     ]: 1908 (Loss: 0.4016)
[===                                     ]: 1909 (Loss: 0.3557)
[====                                    ]: 1910 (Loss: 0.5528)
[====                                    ]: 1911 (Loss: 0.4547)
[====                                    ]: 1912 (Loss: 0.4263)
[=====                                   ]: 1913 (Loss: 0.5598)
[=====                                   ]: 1914 (Loss: 0.4851)
[======                                  ]: 1915 (Loss: 0.4712)
[======                                  ]: 1916 (Loss: 0.3723)
[======                                  ]: 1917 (Loss: 0.5364)
[=======                                 ]: 1918 (Loss: 0.4661)
[=======                                 ]: 1919 (Loss: 0.5360)
[========                                ]: 1920 (Loss: 0.4424)
[========                                ]: 1921 (Loss: 0.4978)
[========                                ]: 1922 (Loss: 0.4535)
[=========                               ]: 1923 (Loss: 0.4101)
[=========                               ]: 1924 (Loss: 0.4575)
[==========                              ]: 1925 (Loss: 0.4369)
[==========                              ]: 1926 (Loss: 0.3451)
[==========                              ]: 1927 (Loss: 0.5486)
[===========                             ]: 1928 (Loss: 0.3588)
[===========                             ]: 1929 (Loss: 0.5209)
[============                            ]: 1930 (Loss: 0.4636)
[============                            ]: 1931 (Loss: 0.4335)
[============                            ]: 1932 (Loss: 0.5091)
[=============                           ]: 1933 (Loss: 0.4203)
[=============                           ]: 1934 (Loss: 0.4432)
[==============                          ]: 1935 (Loss: 0.4565)
[==============                          ]: 1936 (Loss: 0.3710)
[==============                          ]: 1937 (Loss: 0.6478)
[===============                         ]: 1938 (Loss: 0.5840)
[===============                         ]: 1939 (Loss: 0.5179)
[================                        ]: 1940 (Loss: 0.4723)
[================                        ]: 1941 (Loss: 0.4357)
[================                        ]: 1942 (Loss: 0.5030)
[=================                       ]: 1943 (Loss: 0.5826)
[=================                       ]: 1944 (Loss: 0.4921)
[==================                      ]: 1945 (Loss: 0.5028)
[==================                      ]: 1946 (Loss: 0.4523)
[==================                      ]: 1947 (Loss: 0.3907)
[===================                     ]: 1948 (Loss: 0.5187)
[===================                     ]: 1949 (Loss: 0.4344)
[====================                    ]: 1950 (Loss: 0.4740)
[====================                    ]: 1951 (Loss: 0.4877)
[====================                    ]: 1952 (Loss: 0.4766)
[=====================                   ]: 1953 (Loss: 0.5110)
[=====================                   ]: 1954 (Loss: 0.4155)
[======================                  ]: 1955 (Loss: 0.3849)
[======================                  ]: 1956 (Loss: 0.4241)
[======================                  ]: 1957 (Loss: 0.5610)
[=======================                 ]: 1958 (Loss: 0.5024)
[=======================                 ]: 1959 (Loss: 0.4729)
[========================                ]: 1960 (Loss: 0.4221)
[========================                ]: 1961 (Loss: 0.3747)
[========================                ]: 1962 (Loss: 0.4161)
[=========================               ]: 1963 (Loss: 0.4095)
[=========================               ]: 1964 (Loss: 0.4746)
[==========================              ]: 1965 (Loss: 0.4973)
[==========================              ]: 1966 (Loss: 0.3718)
[==========================              ]: 1967 (Loss: 0.4549)
[===========================             ]: 1968 (Loss: 0.5312)
[===========================             ]: 1969 (Loss: 0.3725)
[============================            ]: 1970 (Loss: 0.3805)
[============================            ]: 1971 (Loss: 0.4886)
[============================            ]: 1972 (Loss: 0.4926)
[=============================           ]: 1973 (Loss: 0.4155)
[=============================           ]: 1974 (Loss: 0.6219)
[==============================          ]: 1975 (Loss: 0.4227)
[==============================          ]: 1976 (Loss: 0.4551)
[==============================          ]: 1977 (Loss: 0.3934)
[===============================         ]: 1978 (Loss: 0.5223)
[===============================         ]: 1979 (Loss: 0.5934)
[================================        ]: 1980 (Loss: 0.4695)
[================================        ]: 1981 (Loss: 0.4264)
[================================        ]: 1982 (Loss: 0.4415)
[=================================       ]: 1983 (Loss: 0.4549)
[=================================       ]: 1984 (Loss: 0.5230)
[==================================      ]: 1985 (Loss: 0.4986)
[==================================      ]: 1986 (Loss: 0.4537)
[==================================      ]: 1987 (Loss: 0.4310)
[===================================     ]: 1988 (Loss: 0.5328)
[===================================     ]: 1989 (Loss: 0.5840)
[====================================    ]: 1990 (Loss: 0.5358)
[====================================    ]: 1991 (Loss: 0.4945)
[====================================    ]: 1992 (Loss: 0.4158)
[=====================================   ]: 1993 (Loss: 0.5195)
[=====================================   ]: 1994 (Loss: 0.5683)
[======================================  ]: 1995 (Loss: 0.4667)
[======================================  ]: 1996 (Loss: 0.4463)
[======================================  ]: 1997 (Loss: 0.4202)
[======================================= ]: 1998 (Loss: 0.3651)
[======================================= ]: 1999 (Loss: 0.3846)
[========================================]: 2000 (Loss: 0.5777)
                                                                                                    
[2026-07-16 21:28:56,103] [INFO] [__main__] Batch 2000 Loss: 0.465930 Cost: 9.20 Time: 187 ms/sequence
[2026-07-16 21:28:56,104] [INFO] [__main__] Advice weight norm: 19.241600 | Advice gradient norm: 0.000000

                                                                                                    
[2026-07-16 21:28:56,106] [INFO] [__main__] Saving checkpoint to 'runs\copy_sanity_len5\copy\zero\seed_1000\checkpoint-batch-00002000.pt'

[                                        ]: 2001 (Loss: 0.5019)
[                                        ]: 2002 (Loss: 0.4137)
[=                                       ]: 2003 (Loss: 0.5358)
[=                                       ]: 2004 (Loss: 0.4781)
[==                                      ]: 2005 (Loss: 0.4296)
[==                                      ]: 2006 (Loss: 0.4294)
[==                                      ]: 2007 (Loss: 0.5240)
[===                                     ]: 2008 (Loss: 0.6109)
[===                                     ]: 2009 (Loss: 0.5383)
[====                                    ]: 2010 (Loss: 0.4354)
[====                                    ]: 2011 (Loss: 0.4930)
[====                                    ]: 2012 (Loss: 0.6278)
[=====                                   ]: 2013 (Loss: 0.5278)
[=====                                   ]: 2014 (Loss: 0.3128)
[======                                  ]: 2015 (Loss: 0.4838)
[======                                  ]: 2016 (Loss: 0.4340)
[======                                  ]: 2017 (Loss: 0.3618)
[=======                                 ]: 2018 (Loss: 0.4116)
[=======                                 ]: 2019 (Loss: 0.5660)
[========                                ]: 2020 (Loss: 0.4001)
[========                                ]: 2021 (Loss: 0.4473)
[========                                ]: 2022 (Loss: 0.5024)
[=========                               ]: 2023 (Loss: 0.4943)
[=========                               ]: 2024 (Loss: 0.4702)
[==========                              ]: 2025 (Loss: 0.5181)
[==========                              ]: 2026 (Loss: 0.4837)
[==========                              ]: 2027 (Loss: 0.4966)
[===========                             ]: 2028 (Loss: 0.4571)
[===========                             ]: 2029 (Loss: 0.5621)
[============                            ]: 2030 (Loss: 0.4260)
[============                            ]: 2031 (Loss: 0.3660)
[============                            ]: 2032 (Loss: 0.5109)
[=============                           ]: 2033 (Loss: 0.4619)
[=============                           ]: 2034 (Loss: 0.4344)
[==============                          ]: 2035 (Loss: 0.4924)
[==============                          ]: 2036 (Loss: 0.5126)
[==============                          ]: 2037 (Loss: 0.3985)
[===============                         ]: 2038 (Loss: 0.5681)
[===============                         ]: 2039 (Loss: 0.3944)
[================                        ]: 2040 (Loss: 0.5073)
[================                        ]: 2041 (Loss: 0.4009)
[================                        ]: 2042 (Loss: 0.3725)
[=================                       ]: 2043 (Loss: 0.3999)
[=================                       ]: 2044 (Loss: 0.5084)
[==================                      ]: 2045 (Loss: 0.4345)
[==================                      ]: 2046 (Loss: 0.4276)
[==================                      ]: 2047 (Loss: 0.4302)
[===================                     ]: 2048 (Loss: 0.3920)
[===================                     ]: 2049 (Loss: 0.4334)
[====================                    ]: 2050 (Loss: 0.5472)
[====================                    ]: 2051 (Loss: 0.4043)
[====================                    ]: 2052 (Loss: 0.4569)
[=====================                   ]: 2053 (Loss: 0.4185)
[=====================                   ]: 2054 (Loss: 0.5670)
[======================                  ]: 2055 (Loss: 0.4134)
[======================                  ]: 2056 (Loss: 0.4125)
[======================                  ]: 2057 (Loss: 0.5096)
[=======================                 ]: 2058 (Loss: 0.4039)
[=======================                 ]: 2059 (Loss: 0.5086)
[========================                ]: 2060 (Loss: 0.3900)
[========================                ]: 2061 (Loss: 0.4501)
[========================                ]: 2062 (Loss: 0.4557)
[=========================               ]: 2063 (Loss: 0.3445)
[=========================               ]: 2064 (Loss: 0.5672)
[==========================              ]: 2065 (Loss: 0.4773)
[==========================              ]: 2066 (Loss: 0.4105)
[==========================              ]: 2067 (Loss: 0.4830)
[===========================             ]: 2068 (Loss: 0.4587)
[===========================             ]: 2069 (Loss: 0.5542)
[============================            ]: 2070 (Loss: 0.5233)
[============================            ]: 2071 (Loss: 0.5342)
[============================            ]: 2072 (Loss: 0.3321)
[=============================           ]: 2073 (Loss: 0.4574)
[=============================           ]: 2074 (Loss: 0.4944)
[==============================          ]: 2075 (Loss: 0.3455)
[==============================          ]: 2076 (Loss: 0.4463)
[==============================          ]: 2077 (Loss: 0.6114)
[===============================         ]: 2078 (Loss: 0.4823)
[===============================         ]: 2079 (Loss: 0.4650)
[================================        ]: 2080 (Loss: 0.4735)
[================================        ]: 2081 (Loss: 0.4940)
[================================        ]: 2082 (Loss: 0.3568)
[=================================       ]: 2083 (Loss: 0.5778)
[=================================       ]: 2084 (Loss: 0.4894)
[==================================      ]: 2085 (Loss: 0.4815)
[==================================      ]: 2086 (Loss: 0.5237)
[==================================      ]: 2087 (Loss: 0.4924)
[===================================     ]: 2088 (Loss: 0.6073)
[===================================     ]: 2089 (Loss: 0.4401)
[====================================    ]: 2090 (Loss: 0.4555)
[====================================    ]: 2091 (Loss: 0.5149)
[====================================    ]: 2092 (Loss: 0.5439)
[=====================================   ]: 2093 (Loss: 0.4397)
[=====================================   ]: 2094 (Loss: 0.3989)
[======================================  ]: 2095 (Loss: 0.4035)
[======================================  ]: 2096 (Loss: 0.5230)
[======================================  ]: 2097 (Loss: 0.4099)
[======================================= ]: 2098 (Loss: 0.4131)
[======================================= ]: 2099 (Loss: 0.4520)
[========================================]: 2100 (Loss: 0.3852)
                                                                                                    
[2026-07-16 21:29:15,208] [INFO] [__main__] Batch 2100 Loss: 0.466208 Cost: 9.12 Time: 191 ms/sequence
[2026-07-16 21:29:15,209] [INFO] [__main__] Advice weight norm: 19.241600 | Advice gradient norm: 0.000000

[                                        ]: 2101 (Loss: 0.4590)
[                                        ]: 2102 (Loss: 0.4090)
[=                                       ]: 2103 (Loss: 0.5343)
[=                                       ]: 2104 (Loss: 0.4667)
[==                                      ]: 2105 (Loss: 0.4528)
[==                                      ]: 2106 (Loss: 0.4344)
[==                                      ]: 2107 (Loss: 0.4277)
[===                                     ]: 2108 (Loss: 0.4436)
[===                                     ]: 2109 (Loss: 0.5036)
[====                                    ]: 2110 (Loss: 0.4326)
[====                                    ]: 2111 (Loss: 0.4802)
[====                                    ]: 2112 (Loss: 0.3164)
[=====                                   ]: 2113 (Loss: 0.5229)
[=====                                   ]: 2114 (Loss: 0.5106)
[======                                  ]: 2115 (Loss: 0.4953)
[======                                  ]: 2116 (Loss: 0.4370)
[======                                  ]: 2117 (Loss: 0.4666)
[=======                                 ]: 2118 (Loss: 0.5204)
[=======                                 ]: 2119 (Loss: 0.5064)
[========                                ]: 2120 (Loss: 0.4685)
[========                                ]: 2121 (Loss: 0.5650)
[========                                ]: 2122 (Loss: 0.4282)
[=========                               ]: 2123 (Loss: 0.4165)
[=========                               ]: 2124 (Loss: 0.5525)
[==========                              ]: 2125 (Loss: 0.3594)
[==========                              ]: 2126 (Loss: 0.5212)
[==========                              ]: 2127 (Loss: 0.4322)
[===========                             ]: 2128 (Loss: 0.3598)
[===========                             ]: 2129 (Loss: 0.3806)
[============                            ]: 2130 (Loss: 0.4541)
[============                            ]: 2131 (Loss: 0.4158)
[============                            ]: 2132 (Loss: 0.4269)
[=============                           ]: 2133 (Loss: 0.4939)
[=============                           ]: 2134 (Loss: 0.6118)
[==============                          ]: 2135 (Loss: 0.3313)
[==============                          ]: 2136 (Loss: 0.3530)
[==============                          ]: 2137 (Loss: 0.5244)
[===============                         ]: 2138 (Loss: 0.5104)
[===============                         ]: 2139 (Loss: 0.3553)
[================                        ]: 2140 (Loss: 0.3822)
[================                        ]: 2141 (Loss: 0.3666)
[================                        ]: 2142 (Loss: 0.5933)
[=================                       ]: 2143 (Loss: 0.5666)
[=================                       ]: 2144 (Loss: 0.3967)
[==================                      ]: 2145 (Loss: 0.4028)
[==================                      ]: 2146 (Loss: 0.5183)
[==================                      ]: 2147 (Loss: 0.3735)
[===================                     ]: 2148 (Loss: 0.5315)
[===================                     ]: 2149 (Loss: 0.4651)
[====================                    ]: 2150 (Loss: 0.5135)
[====================                    ]: 2151 (Loss: 0.5154)
[====================                    ]: 2152 (Loss: 0.3777)
[=====================                   ]: 2153 (Loss: 0.4132)
[=====================                   ]: 2154 (Loss: 0.4152)
[======================                  ]: 2155 (Loss: 0.4499)
[======================                  ]: 2156 (Loss: 0.4153)
[======================                  ]: 2157 (Loss: 0.3733)
[=======================                 ]: 2158 (Loss: 0.4108)
[=======================                 ]: 2159 (Loss: 0.4100)
[========================                ]: 2160 (Loss: 0.4864)
[========================                ]: 2161 (Loss: 0.3479)
[========================                ]: 2162 (Loss: 0.5200)
[=========================               ]: 2163 (Loss: 0.4484)
[=========================               ]: 2164 (Loss: 0.4691)
[==========================              ]: 2165 (Loss: 0.3937)
[==========================              ]: 2166 (Loss: 0.5527)
[==========================              ]: 2167 (Loss: 0.4727)
[===========================             ]: 2168 (Loss: 0.6014)
[===========================             ]: 2169 (Loss: 0.4846)
[============================            ]: 2170 (Loss: 0.4636)
[============================            ]: 2171 (Loss: 0.5219)
[============================            ]: 2172 (Loss: 0.4429)
[=============================           ]: 2173 (Loss: 0.4214)
[=============================           ]: 2174 (Loss: 0.4147)
[==============================          ]: 2175 (Loss: 0.4009)
[==============================          ]: 2176 (Loss: 0.5076)
[==============================          ]: 2177 (Loss: 0.5497)
[===============================         ]: 2178 (Loss: 0.3601)
[===============================         ]: 2179 (Loss: 0.4503)
[================================        ]: 2180 (Loss: 0.3874)
[================================        ]: 2181 (Loss: 0.4457)
[================================        ]: 2182 (Loss: 0.5068)
[=================================       ]: 2183 (Loss: 0.4842)
[=================================       ]: 2184 (Loss: 0.4531)
[==================================      ]: 2185 (Loss: 0.3549)
[==================================      ]: 2186 (Loss: 0.5037)
[==================================      ]: 2187 (Loss: 0.4536)
[===================================     ]: 2188 (Loss: 0.4217)
[===================================     ]: 2189 (Loss: 0.5550)
[====================================    ]: 2190 (Loss: 0.4420)
[====================================    ]: 2191 (Loss: 0.3863)
[====================================    ]: 2192 (Loss: 0.4358)
[=====================================   ]: 2193 (Loss: 0.5023)
[=====================================   ]: 2194 (Loss: 0.5191)
[======================================  ]: 2195 (Loss: 0.3928)
[======================================  ]: 2196 (Loss: 0.3648)
[======================================  ]: 2197 (Loss: 0.4367)
[======================================= ]: 2198 (Loss: 0.3772)
[======================================= ]: 2199 (Loss: 0.5102)
[========================================]: 2200 (Loss: 0.3704)
                                                                                                    
[2026-07-16 21:29:34,106] [INFO] [__main__] Batch 2200 Loss: 0.452848 Cost: 8.87 Time: 188 ms/sequence
[2026-07-16 21:29:34,107] [INFO] [__main__] Advice weight norm: 19.241600 | Advice gradient norm: 0.000000

[                                        ]: 2201 (Loss: 0.5149)
[                                        ]: 2202 (Loss: 0.5320)
[=                                       ]: 2203 (Loss: 0.4084)
[=                                       ]: 2204 (Loss: 0.3536)
[==                                      ]: 2205 (Loss: 0.5204)
[==                                      ]: 2206 (Loss: 0.4512)
[==                                      ]: 2207 (Loss: 0.4374)
[===                                     ]: 2208 (Loss: 0.3793)
[===                                     ]: 2209 (Loss: 0.4948)
[====                                    ]: 2210 (Loss: 0.4468)
[====                                    ]: 2211 (Loss: 0.4558)
[====                                    ]: 2212 (Loss: 0.4883)
[=====                                   ]: 2213 (Loss: 0.5156)
[=====                                   ]: 2214 (Loss: 0.5255)
[======                                  ]: 2215 (Loss: 0.5529)
[======                                  ]: 2216 (Loss: 0.4485)
[======                                  ]: 2217 (Loss: 0.4081)
[=======                                 ]: 2218 (Loss: 0.5276)
[=======                                 ]: 2219 (Loss: 0.4034)
[========                                ]: 2220 (Loss: 0.4901)
[========                                ]: 2221 (Loss: 0.4014)
[========                                ]: 2222 (Loss: 0.5385)
[=========                               ]: 2223 (Loss: 0.4657)
[=========                               ]: 2224 (Loss: 0.4311)
[==========                              ]: 2225 (Loss: 0.4334)
[==========                              ]: 2226 (Loss: 0.5583)
[==========                              ]: 2227 (Loss: 0.4548)
[===========                             ]: 2228 (Loss: 0.4113)
[===========                             ]: 2229 (Loss: 0.4877)
[============                            ]: 2230 (Loss: 0.4594)
[============                            ]: 2231 (Loss: 0.3835)
[============                            ]: 2232 (Loss: 0.4102)
[=============                           ]: 2233 (Loss: 0.4417)
[=============                           ]: 2234 (Loss: 0.3336)
[==============                          ]: 2235 (Loss: 0.5101)
[==============                          ]: 2236 (Loss: 0.4079)
[==============                          ]: 2237 (Loss: 0.5119)
[===============                         ]: 2238 (Loss: 0.4393)
[===============                         ]: 2239 (Loss: 0.5005)
[================                        ]: 2240 (Loss: 0.4019)
[================                        ]: 2241 (Loss: 0.4318)
[================                        ]: 2242 (Loss: 0.4521)
[=================                       ]: 2243 (Loss: 0.5165)
[=================                       ]: 2244 (Loss: 0.4154)
[==================                      ]: 2245 (Loss: 0.6126)
[==================                      ]: 2246 (Loss: 0.5926)
[==================                      ]: 2247 (Loss: 0.4059)
[===================                     ]: 2248 (Loss: 0.4234)
[===================                     ]: 2249 (Loss: 0.5004)
[====================                    ]: 2250 (Loss: 0.5339)
[====================                    ]: 2251 (Loss: 0.4295)
[====================                    ]: 2252 (Loss: 0.5081)
[=====================                   ]: 2253 (Loss: 0.4431)
[=====================                   ]: 2254 (Loss: 0.4063)
[======================                  ]: 2255 (Loss: 0.5093)
[======================                  ]: 2256 (Loss: 0.4094)
[======================                  ]: 2257 (Loss: 0.6083)
[=======================                 ]: 2258 (Loss: 0.3948)
[=======================                 ]: 2259 (Loss: 0.4627)
[========================                ]: 2260 (Loss: 0.4063)
[========================                ]: 2261 (Loss: 0.4192)
[========================                ]: 2262 (Loss: 0.3780)
[=========================               ]: 2263 (Loss: 0.6010)
[=========================               ]: 2264 (Loss: 0.4714)
[==========================              ]: 2265 (Loss: 0.3862)
[==========================              ]: 2266 (Loss: 0.3351)
[==========================              ]: 2267 (Loss: 0.5391)
[===========================             ]: 2268 (Loss: 0.4497)
[===========================             ]: 2269 (Loss: 0.4748)
[============================            ]: 2270 (Loss: 0.3818)
[============================            ]: 2271 (Loss: 0.4397)
[============================            ]: 2272 (Loss: 0.3090)
[=============================           ]: 2273 (Loss: 0.4620)
[=============================           ]: 2274 (Loss: 0.4960)
[==============================          ]: 2275 (Loss: 0.5495)
[==============================          ]: 2276 (Loss: 0.5073)
[==============================          ]: 2277 (Loss: 0.3469)
[===============================         ]: 2278 (Loss: 0.5137)
[===============================         ]: 2279 (Loss: 0.3696)
[================================        ]: 2280 (Loss: 0.5074)
[================================        ]: 2281 (Loss: 0.4811)
[================================        ]: 2282 (Loss: 0.4864)
[=================================       ]: 2283 (Loss: 0.4396)
[=================================       ]: 2284 (Loss: 0.3897)
[==================================      ]: 2285 (Loss: 0.3733)
[==================================      ]: 2286 (Loss: 0.3373)
[==================================      ]: 2287 (Loss: 0.4530)
[===================================     ]: 2288 (Loss: 0.4050)
[===================================     ]: 2289 (Loss: 0.6193)
[====================================    ]: 2290 (Loss: 0.4413)
[====================================    ]: 2291 (Loss: 0.4894)
[====================================    ]: 2292 (Loss: 0.4900)
[=====================================   ]: 2293 (Loss: 0.4124)
[=====================================   ]: 2294 (Loss: 0.5192)
[======================================  ]: 2295 (Loss: 0.3327)
[======================================  ]: 2296 (Loss: 0.4119)
[======================================  ]: 2297 (Loss: 0.4571)
[======================================= ]: 2298 (Loss: 0.5350)
[======================================= ]: 2299 (Loss: 0.3549)
[========================================]: 2300 (Loss: 0.4742)
                                                                                                    
[2026-07-16 21:29:52,908] [INFO] [__main__] Batch 2300 Loss: 0.456393 Cost: 8.85 Time: 188 ms/sequence
[2026-07-16 21:29:52,908] [INFO] [__main__] Advice weight norm: 19.241600 | Advice gradient norm: 0.000000

[                                        ]: 2301 (Loss: 0.4263)
[                                        ]: 2302 (Loss: 0.3841)
[=                                       ]: 2303 (Loss: 0.4577)
[=                                       ]: 2304 (Loss: 0.5509)
[==                                      ]: 2305 (Loss: 0.5508)
[==                                      ]: 2306 (Loss: 0.3836)
[==                                      ]: 2307 (Loss: 0.3946)
[===                                     ]: 2308 (Loss: 0.4941)
[===                                     ]: 2309 (Loss: 0.4546)
[====                                    ]: 2310 (Loss: 0.4708)
[====                                    ]: 2311 (Loss: 0.4313)
[====                                    ]: 2312 (Loss: 0.4967)
[=====                                   ]: 2313 (Loss: 0.4685)
[=====                                   ]: 2314 (Loss: 0.3786)
[======                                  ]: 2315 (Loss: 0.4585)
[======                                  ]: 2316 (Loss: 0.4515)
[======                                  ]: 2317 (Loss: 0.4827)
[=======                                 ]: 2318 (Loss: 0.4397)
[=======                                 ]: 2319 (Loss: 0.4711)
[========                                ]: 2320 (Loss: 0.4982)
[========                                ]: 2321 (Loss: 0.3809)
[========                                ]: 2322 (Loss: 0.4727)
[=========                               ]: 2323 (Loss: 0.5739)
[=========                               ]: 2324 (Loss: 0.4709)
[==========                              ]: 2325 (Loss: 0.4936)
[==========                              ]: 2326 (Loss: 0.3732)
[==========                              ]: 2327 (Loss: 0.5320)
[===========                             ]: 2328 (Loss: 0.5285)
[===========                             ]: 2329 (Loss: 0.4177)
[============                            ]: 2330 (Loss: 0.5459)
[============                            ]: 2331 (Loss: 0.4166)
[============                            ]: 2332 (Loss: 0.4165)
[=============                           ]: 2333 (Loss: 0.5175)
[=============                           ]: 2334 (Loss: 0.5046)
[==============                          ]: 2335 (Loss: 0.5412)
[==============                          ]: 2336 (Loss: 0.4240)
[==============                          ]: 2337 (Loss: 0.4103)
[===============                         ]: 2338 (Loss: 0.4901)
[===============                         ]: 2339 (Loss: 0.3824)
[================                        ]: 2340 (Loss: 0.5191)
[================                        ]: 2341 (Loss: 0.4129)
[================                        ]: 2342 (Loss: 0.5229)
[=================                       ]: 2343 (Loss: 0.4424)
[=================                       ]: 2344 (Loss: 0.4279)
[==================                      ]: 2345 (Loss: 0.3339)
[==================                      ]: 2346 (Loss: 0.4364)
[==================                      ]: 2347 (Loss: 0.3458)
[===================                     ]: 2348 (Loss: 0.6124)
[===================                     ]: 2349 (Loss: 0.4196)
[====================                    ]: 2350 (Loss: 0.4539)
[====================                    ]: 2351 (Loss: 0.4491)
[====================                    ]: 2352 (Loss: 0.4339)
[=====================                   ]: 2353 (Loss: 0.4907)
[=====================                   ]: 2354 (Loss: 0.4529)
[======================                  ]: 2355 (Loss: 0.3537)
[======================                  ]: 2356 (Loss: 0.4431)
[======================                  ]: 2357 (Loss: 0.4187)
[=======================                 ]: 2358 (Loss: 0.3589)
[=======================                 ]: 2359 (Loss: 0.4061)
[========================                ]: 2360 (Loss: 0.4961)
[========================                ]: 2361 (Loss: 0.4001)
[========================                ]: 2362 (Loss: 0.4534)
[=========================               ]: 2363 (Loss: 0.5382)
[=========================               ]: 2364 (Loss: 0.5525)
[==========================              ]: 2365 (Loss: 0.5096)
[==========================              ]: 2366 (Loss: 0.4492)
[==========================              ]: 2367 (Loss: 0.4749)
[===========================             ]: 2368 (Loss: 0.4050)
[===========================             ]: 2369 (Loss: 0.4874)
[============================            ]: 2370 (Loss: 0.3659)
[============================            ]: 2371 (Loss: 0.3457)
[============================            ]: 2372 (Loss: 0.5019)
[=============================           ]: 2373 (Loss: 0.5038)
[=============================           ]: 2374 (Loss: 0.4274)
[==============================          ]: 2375 (Loss: 0.4302)
[==============================          ]: 2376 (Loss: 0.3990)
[==============================          ]: 2377 (Loss: 0.5128)
[===============================         ]: 2378 (Loss: 0.4316)
[===============================         ]: 2379 (Loss: 0.4640)
[================================        ]: 2380 (Loss: 0.5113)
[================================        ]: 2381 (Loss: 0.4592)
[================================        ]: 2382 (Loss: 0.3755)
[=================================       ]: 2383 (Loss: 0.5468)
[=================================       ]: 2384 (Loss: 0.4237)
[==================================      ]: 2385 (Loss: 0.4005)
[==================================      ]: 2386 (Loss: 0.4284)
[==================================      ]: 2387 (Loss: 0.5369)
[===================================     ]: 2388 (Loss: 0.5294)
[===================================     ]: 2389 (Loss: 0.5567)
[====================================    ]: 2390 (Loss: 0.4586)
[====================================    ]: 2391 (Loss: 0.5072)
[====================================    ]: 2392 (Loss: 0.3406)
[=====================================   ]: 2393 (Loss: 0.4169)
[=====================================   ]: 2394 (Loss: 0.3762)
[======================================  ]: 2395 (Loss: 0.4381)
[======================================  ]: 2396 (Loss: 0.3293)
[======================================  ]: 2397 (Loss: 0.4364)
[======================================= ]: 2398 (Loss: 0.4152)
[======================================= ]: 2399 (Loss: 0.4457)
[========================================]: 2400 (Loss: 0.4880)
                                                                                                    
[2026-07-16 21:30:11,482] [INFO] [__main__] Batch 2400 Loss: 0.453403 Cost: 8.95 Time: 185 ms/sequence
[2026-07-16 21:30:11,482] [INFO] [__main__] Advice weight norm: 19.241600 | Advice gradient norm: 0.000000

[                                        ]: 2401 (Loss: 0.4508)
[                                        ]: 2402 (Loss: 0.3869)
[=                                       ]: 2403 (Loss: 0.5297)
[=                                       ]: 2404 (Loss: 0.4427)
[==                                      ]: 2405 (Loss: 0.4358)
[==                                      ]: 2406 (Loss: 0.4579)
[==                                      ]: 2407 (Loss: 0.4394)
[===                                     ]: 2408 (Loss: 0.4855)
[===                                     ]: 2409 (Loss: 0.5506)
[====                                    ]: 2410 (Loss: 0.3935)
[====                                    ]: 2411 (Loss: 0.3976)
[====                                    ]: 2412 (Loss: 0.4503)
[=====                                   ]: 2413 (Loss: 0.4092)
[=====                                   ]: 2414 (Loss: 0.3937)
[======                                  ]: 2415 (Loss: 0.3888)
[======                                  ]: 2416 (Loss: 0.5183)
[======                                  ]: 2417 (Loss: 0.3938)
[=======                                 ]: 2418 (Loss: 0.3825)
[=======                                 ]: 2419 (Loss: 0.3893)
[========                                ]: 2420 (Loss: 0.3647)
[========                                ]: 2421 (Loss: 0.4824)
[========                                ]: 2422 (Loss: 0.5042)
[=========                               ]: 2423 (Loss: 0.4021)
[=========                               ]: 2424 (Loss: 0.5395)
[==========                              ]: 2425 (Loss: 0.4264)
[==========                              ]: 2426 (Loss: 0.4623)
[==========                              ]: 2427 (Loss: 0.3868)
[===========                             ]: 2428 (Loss: 0.3377)
[===========                             ]: 2429 (Loss: 0.4196)
[============                            ]: 2430 (Loss: 0.4508)
[============                            ]: 2431 (Loss: 0.5001)
[============                            ]: 2432 (Loss: 0.4524)
[=============                           ]: 2433 (Loss: 0.2693)
[=============                           ]: 2434 (Loss: 0.5138)
[==============                          ]: 2435 (Loss: 0.4763)
[==============                          ]: 2436 (Loss: 0.4029)
[==============                          ]: 2437 (Loss: 0.4592)
[===============                         ]: 2438 (Loss: 0.3886)
[===============                         ]: 2439 (Loss: 0.5041)
[================                        ]: 2440 (Loss: 0.4906)
[================                        ]: 2441 (Loss: 0.5073)
[================                        ]: 2442 (Loss: 0.5357)
[=================                       ]: 2443 (Loss: 0.4478)
[=================                       ]: 2444 (Loss: 0.4768)
[==================                      ]: 2445 (Loss: 0.3895)
[==================                      ]: 2446 (Loss: 0.3953)
[==================                      ]: 2447 (Loss: 0.3908)
[===================                     ]: 2448 (Loss: 0.4205)
[===================                     ]: 2449 (Loss: 0.5039)
[====================                    ]: 2450 (Loss: 0.4943)
[====================                    ]: 2451 (Loss: 0.5053)
[====================                    ]: 2452 (Loss: 0.4127)
[=====================                   ]: 2453 (Loss: 0.3585)
[=====================                   ]: 2454 (Loss: 0.4638)
[======================                  ]: 2455 (Loss: 0.4843)
[======================                  ]: 2456 (Loss: 0.3475)
[======================                  ]: 2457 (Loss: 0.3917)
[=======================                 ]: 2458 (Loss: 0.4798)
[=======================                 ]: 2459 (Loss: 0.3956)
[========================                ]: 2460 (Loss: 0.4684)
[========================                ]: 2461 (Loss: 0.4634)
[========================                ]: 2462 (Loss: 0.4366)
[=========================               ]: 2463 (Loss: 0.3761)
[=========================               ]: 2464 (Loss: 0.3479)
[==========================              ]: 2465 (Loss: 0.5072)
[==========================              ]: 2466 (Loss: 0.4091)
[==========================              ]: 2467 (Loss: 0.4216)
[===========================             ]: 2468 (Loss: 0.4410)
[===========================             ]: 2469 (Loss: 0.4527)
[============================            ]: 2470 (Loss: 0.3879)
[============================            ]: 2471 (Loss: 0.4144)
[============================            ]: 2472 (Loss: 0.3311)
[=============================           ]: 2473 (Loss: 0.4084)
[=============================           ]: 2474 (Loss: 0.4643)
[==============================          ]: 2475 (Loss: 0.3793)
[==============================          ]: 2476 (Loss: 0.3993)
[==============================          ]: 2477 (Loss: 0.3890)
[===============================         ]: 2478 (Loss: 0.4095)
[===============================         ]: 2479 (Loss: 0.4227)
[================================        ]: 2480 (Loss: 0.3827)
[================================        ]: 2481 (Loss: 0.3572)
[================================        ]: 2482 (Loss: 0.4043)
[=================================       ]: 2483 (Loss: 0.5460)
[=================================       ]: 2484 (Loss: 0.4179)
[==================================      ]: 2485 (Loss: 0.4123)
[==================================      ]: 2486 (Loss: 0.4048)
[==================================      ]: 2487 (Loss: 0.3771)
[===================================     ]: 2488 (Loss: 0.3896)
[===================================     ]: 2489 (Loss: 0.4743)
[====================================    ]: 2490 (Loss: 0.3932)
[====================================    ]: 2491 (Loss: 0.4499)
[====================================    ]: 2492 (Loss: 0.4527)
[=====================================   ]: 2493 (Loss: 0.4667)
[=====================================   ]: 2494 (Loss: 0.4364)
[======================================  ]: 2495 (Loss: 0.3950)
[======================================  ]: 2496 (Loss: 0.4884)
[======================================  ]: 2497 (Loss: 0.5002)
[======================================= ]: 2498 (Loss: 0.3746)
[======================================= ]: 2499 (Loss: 0.3861)
[========================================]: 2500 (Loss: 0.4565)
                                                                                                    
[2026-07-16 21:30:30,164] [INFO] [__main__] Batch 2500 Loss: 0.432268 Cost: 8.34 Time: 186 ms/sequence
[2026-07-16 21:30:30,164] [INFO] [__main__] Advice weight norm: 19.241600 | Advice gradient norm: 0.000000

[                                        ]: 2501 (Loss: 0.3532)
[                                        ]: 2502 (Loss: 0.3716)
[=                                       ]: 2503 (Loss: 0.5158)
[=                                       ]: 2504 (Loss: 0.3168)
[==                                      ]: 2505 (Loss: 0.4783)
[==                                      ]: 2506 (Loss: 0.4205)
[==                                      ]: 2507 (Loss: 0.4071)
[===                                     ]: 2508 (Loss: 0.4318)
[===                                     ]: 2509 (Loss: 0.3818)
[====                                    ]: 2510 (Loss: 0.4187)
[====                                    ]: 2511 (Loss: 0.4600)
[====                                    ]: 2512 (Loss: 0.4727)
[=====                                   ]: 2513 (Loss: 0.4896)
[=====                                   ]: 2514 (Loss: 0.4313)
[======                                  ]: 2515 (Loss: 0.4618)
[======                                  ]: 2516 (Loss: 0.4013)
[======                                  ]: 2517 (Loss: 0.4193)
[=======                                 ]: 2518 (Loss: 0.4242)
[=======                                 ]: 2519 (Loss: 0.5633)
[========                                ]: 2520 (Loss: 0.4255)
[========                                ]: 2521 (Loss: 0.4023)
[========                                ]: 2522 (Loss: 0.4313)
[=========                               ]: 2523 (Loss: 0.6247)
[=========                               ]: 2524 (Loss: 0.5405)
[==========                              ]: 2525 (Loss: 0.4208)
[==========                              ]: 2526 (Loss: 0.5564)
[==========                              ]: 2527 (Loss: 0.5627)
[===========                             ]: 2528 (Loss: 0.5596)
[===========                             ]: 2529 (Loss: 0.4287)
[============                            ]: 2530 (Loss: 0.5636)
[============                            ]: 2531 (Loss: 0.5038)
[============                            ]: 2532 (Loss: 0.4485)
[=============                           ]: 2533 (Loss: 0.4578)
[=============                           ]: 2534 (Loss: 0.4837)
[==============                          ]: 2535 (Loss: 0.4286)
[==============                          ]: 2536 (Loss: 0.4142)
[==============                          ]: 2537 (Loss: 0.4619)
[===============                         ]: 2538 (Loss: 0.4252)
[===============                         ]: 2539 (Loss: 0.5266)
[================                        ]: 2540 (Loss: 0.4284)
[================                        ]: 2541 (Loss: 0.4099)
[================                        ]: 2542 (Loss: 0.4432)
[=================                       ]: 2543 (Loss: 0.4118)
[=================                       ]: 2544 (Loss: 0.3413)
[==================                      ]: 2545 (Loss: 0.5264)
[==================                      ]: 2546 (Loss: 0.4165)
[==================                      ]: 2547 (Loss: 0.3855)
[===================                     ]: 2548 (Loss: 0.4234)
[===================                     ]: 2549 (Loss: 0.4125)
[====================                    ]: 2550 (Loss: 0.4512)
[====================                    ]: 2551 (Loss: 0.4686)
[====================                    ]: 2552 (Loss: 0.4672)
[=====================                   ]: 2553 (Loss: 0.4247)
[=====================                   ]: 2554 (Loss: 0.5726)
[======================                  ]: 2555 (Loss: 0.4667)
[======================                  ]: 2556 (Loss: 0.4377)
[======================                  ]: 2557 (Loss: 0.4647)
[=======================                 ]: 2558 (Loss: 0.4279)
[=======================                 ]: 2559 (Loss: 0.4885)
[========================                ]: 2560 (Loss: 0.5618)
[========================                ]: 2561 (Loss: 0.3781)
[========================                ]: 2562 (Loss: 0.5070)
[=========================               ]: 2563 (Loss: 0.4448)
[=========================               ]: 2564 (Loss: 0.4653)
[==========================              ]: 2565 (Loss: 0.5063)
[==========================              ]: 2566 (Loss: 0.4854)
[==========================              ]: 2567 (Loss: 0.5298)
[===========================             ]: 2568 (Loss: 0.5239)
[===========================             ]: 2569 (Loss: 0.4701)
[============================            ]: 2570 (Loss: 0.4129)
[============================            ]: 2571 (Loss: 0.3975)
[============================            ]: 2572 (Loss: 0.4851)
[=============================           ]: 2573 (Loss: 0.5186)
[=============================           ]: 2574 (Loss: 0.5037)
[==============================          ]: 2575 (Loss: 0.4065)
[==============================          ]: 2576 (Loss: 0.4118)
[==============================          ]: 2577 (Loss: 0.3740)
[===============================         ]: 2578 (Loss: 0.4361)
[===============================         ]: 2579 (Loss: 0.3249)
[================================        ]: 2580 (Loss: 0.4593)
[================================        ]: 2581 (Loss: 0.4559)
[================================        ]: 2582 (Loss: 0.3468)
[=================================       ]: 2583 (Loss: 0.4390)
[=================================       ]: 2584 (Loss: 0.4423)
[==================================      ]: 2585 (Loss: 0.4211)
[==================================      ]: 2586 (Loss: 0.5130)
[==================================      ]: 2587 (Loss: 0.4530)
[===================================     ]: 2588 (Loss: 0.3981)
[===================================     ]: 2589 (Loss: 0.4776)
[====================================    ]: 2590 (Loss: 0.4214)
[====================================    ]: 2591 (Loss: 0.3702)
[====================================    ]: 2592 (Loss: 0.3909)
[=====================================   ]: 2593 (Loss: 0.4696)
[=====================================   ]: 2594 (Loss: 0.4209)
[======================================  ]: 2595 (Loss: 0.3591)
[======================================  ]: 2596 (Loss: 0.4227)
[======================================  ]: 2597 (Loss: 0.5715)
[======================================= ]: 2598 (Loss: 0.3007)
[======================================= ]: 2599 (Loss: 0.4398)
[========================================]: 2600 (Loss: 0.5045)
                                                                                                    
[2026-07-16 21:30:48,996] [INFO] [__main__] Batch 2600 Loss: 0.449754 Cost: 9.04 Time: 188 ms/sequence
[2026-07-16 21:30:48,996] [INFO] [__main__] Advice weight norm: 19.241600 | Advice gradient norm: 0.000000

[                                        ]: 2601 (Loss: 0.5197)
[                                        ]: 2602 (Loss: 0.4209)
[=                                       ]: 2603 (Loss: 0.4809)
[=                                       ]: 2604 (Loss: 0.3596)
[==                                      ]: 2605 (Loss: 0.4178)
[==                                      ]: 2606 (Loss: 0.4860)
[==                                      ]: 2607 (Loss: 0.5275)
[===                                     ]: 2608 (Loss: 0.3113)
[===                                     ]: 2609 (Loss: 0.4279)
[====                                    ]: 2610 (Loss: 0.4567)
[====                                    ]: 2611 (Loss: 0.3943)
[====                                    ]: 2612 (Loss: 0.4299)
[=====                                   ]: 2613 (Loss: 0.3597)
[=====                                   ]: 2614 (Loss: 0.4930)
[======                                  ]: 2615 (Loss: 0.4039)
[======                                  ]: 2616 (Loss: 0.5088)
[======                                  ]: 2617 (Loss: 0.4107)
[=======                                 ]: 2618 (Loss: 0.4315)
[=======                                 ]: 2619 (Loss: 0.5241)
[========                                ]: 2620 (Loss: 0.4303)
[========                                ]: 2621 (Loss: 0.4822)
[========                                ]: 2622 (Loss: 0.3956)
[=========                               ]: 2623 (Loss: 0.4125)
[=========                               ]: 2624 (Loss: 0.4633)
[==========                              ]: 2625 (Loss: 0.4116)
[==========                              ]: 2626 (Loss: 0.3913)
[==========                              ]: 2627 (Loss: 0.3423)
[===========                             ]: 2628 (Loss: 0.4289)
[===========                             ]: 2629 (Loss: 0.4252)
[============                            ]: 2630 (Loss: 0.4731)
[============                            ]: 2631 (Loss: 0.4488)
[============                            ]: 2632 (Loss: 0.5093)
[=============                           ]: 2633 (Loss: 0.5385)
[=============                           ]: 2634 (Loss: 0.5202)
[==============                          ]: 2635 (Loss: 0.4076)
[==============                          ]: 2636 (Loss: 0.4530)
[==============                          ]: 2637 (Loss: 0.3987)
[===============                         ]: 2638 (Loss: 0.5795)
[===============                         ]: 2639 (Loss: 0.4171)
[================                        ]: 2640 (Loss: 0.4643)
[================                        ]: 2641 (Loss: 0.4397)
[================                        ]: 2642 (Loss: 0.4151)
[=================                       ]: 2643 (Loss: 0.4308)
[=================                       ]: 2644 (Loss: 0.3801)
[==================                      ]: 2645 (Loss: 0.4231)
[==================                      ]: 2646 (Loss: 0.5030)
[==================                      ]: 2647 (Loss: 0.4435)
[===================                     ]: 2648 (Loss: 0.4252)
[===================                     ]: 2649 (Loss: 0.5075)
[====================                    ]: 2650 (Loss: 0.5036)
[====================                    ]: 2651 (Loss: 0.4329)
[====================                    ]: 2652 (Loss: 0.4448)
[=====================                   ]: 2653 (Loss: 0.5340)
[=====================                   ]: 2654 (Loss: 0.5179)
[======================                  ]: 2655 (Loss: 0.4157)
[======================                  ]: 2656 (Loss: 0.3815)
[======================                  ]: 2657 (Loss: 0.3297)
[=======================                 ]: 2658 (Loss: 0.5038)
[=======================                 ]: 2659 (Loss: 0.3983)
[========================                ]: 2660 (Loss: 0.3683)
[========================                ]: 2661 (Loss: 0.5326)
[========================                ]: 2662 (Loss: 0.3847)
[=========================               ]: 2663 (Loss: 0.5327)
[=========================               ]: 2664 (Loss: 0.5589)
[==========================              ]: 2665 (Loss: 0.4767)
[==========================              ]: 2666 (Loss: 0.4152)
[==========================              ]: 2667 (Loss: 0.3963)
[===========================             ]: 2668 (Loss: 0.3869)
[===========================             ]: 2669 (Loss: 0.3786)
[============================            ]: 2670 (Loss: 0.4672)
[============================            ]: 2671 (Loss: 0.4254)
[============================            ]: 2672 (Loss: 0.5076)
[=============================           ]: 2673 (Loss: 0.4412)
[=============================           ]: 2674 (Loss: 0.3480)
[==============================          ]: 2675 (Loss: 0.4592)
[==============================          ]: 2676 (Loss: 0.4279)
[==============================          ]: 2677 (Loss: 0.4642)
[===============================         ]: 2678 (Loss: 0.3003)
[===============================         ]: 2679 (Loss: 0.4240)
[================================        ]: 2680 (Loss: 0.3925)
[================================        ]: 2681 (Loss: 0.5488)
[================================        ]: 2682 (Loss: 0.5128)
[=================================       ]: 2683 (Loss: 0.3603)
[=================================       ]: 2684 (Loss: 0.2790)
[==================================      ]: 2685 (Loss: 0.3454)
[==================================      ]: 2686 (Loss: 0.4397)
[==================================      ]: 2687 (Loss: 0.4764)
[===================================     ]: 2688 (Loss: 0.3993)
[===================================     ]: 2689 (Loss: 0.4332)
[====================================    ]: 2690 (Loss: 0.4250)
[====================================    ]: 2691 (Loss: 0.4342)
[====================================    ]: 2692 (Loss: 0.4289)
[=====================================   ]: 2693 (Loss: 0.3893)
[=====================================   ]: 2694 (Loss: 0.4424)
[======================================  ]: 2695 (Loss: 0.3492)
[======================================  ]: 2696 (Loss: 0.3814)
[======================================  ]: 2697 (Loss: 0.4504)
[======================================= ]: 2698 (Loss: 0.4755)
[======================================= ]: 2699 (Loss: 0.4309)
[========================================]: 2700 (Loss: 0.4752)
                                                                                                    
[2026-07-16 21:31:07,755] [INFO] [__main__] Batch 2700 Loss: 0.437537 Cost: 8.59 Time: 187 ms/sequence
[2026-07-16 21:31:07,756] [INFO] [__main__] Advice weight norm: 19.241600 | Advice gradient norm: 0.000000

[                                        ]: 2701 (Loss: 0.3605)
[                                        ]: 2702 (Loss: 0.5361)
[=                                       ]: 2703 (Loss: 0.4218)
[=                                       ]: 2704 (Loss: 0.4357)
[==                                      ]: 2705 (Loss: 0.4315)
[==                                      ]: 2706 (Loss: 0.3626)
[==                                      ]: 2707 (Loss: 0.4052)
[===                                     ]: 2708 (Loss: 0.4969)
[===                                     ]: 2709 (Loss: 0.4186)
[====                                    ]: 2710 (Loss: 0.4278)
[====                                    ]: 2711 (Loss: 0.5737)
[====                                    ]: 2712 (Loss: 0.4492)
[=====                                   ]: 2713 (Loss: 0.3516)
[=====                                   ]: 2714 (Loss: 0.4025)
[======                                  ]: 2715 (Loss: 0.4663)
[======                                  ]: 2716 (Loss: 0.3989)
[======                                  ]: 2717 (Loss: 0.5416)
[=======                                 ]: 2718 (Loss: 0.3186)
[=======                                 ]: 2719 (Loss: 0.3842)
[========                                ]: 2720 (Loss: 0.4483)
[========                                ]: 2721 (Loss: 0.3979)
[========                                ]: 2722 (Loss: 0.4767)
[=========                               ]: 2723 (Loss: 0.4977)
[=========                               ]: 2724 (Loss: 0.3382)
[==========                              ]: 2725 (Loss: 0.4187)
[==========                              ]: 2726 (Loss: 0.4767)
[==========                              ]: 2727 (Loss: 0.5033)
[===========                             ]: 2728 (Loss: 0.4618)
[===========                             ]: 2729 (Loss: 0.4323)
[============                            ]: 2730 (Loss: 0.5745)
[============                            ]: 2731 (Loss: 0.6624)
[============                            ]: 2732 (Loss: 0.3755)
[=============                           ]: 2733 (Loss: 0.3640)
[=============                           ]: 2734 (Loss: 0.4131)
[==============                          ]: 2735 (Loss: 0.4768)
[==============                          ]: 2736 (Loss: 0.4267)
[==============                          ]: 2737 (Loss: 0.4651)
[===============                         ]: 2738 (Loss: 0.4385)
[===============                         ]: 2739 (Loss: 0.3998)
[================                        ]: 2740 (Loss: 0.4873)
[================                        ]: 2741 (Loss: 0.4255)
[================                        ]: 2742 (Loss: 0.3327)
[=================                       ]: 2743 (Loss: 0.4366)
[=================                       ]: 2744 (Loss: 0.4324)
[==================                      ]: 2745 (Loss: 0.4883)
[==================                      ]: 2746 (Loss: 0.4610)
[==================                      ]: 2747 (Loss: 0.4815)
[===================                     ]: 2748 (Loss: 0.3546)
[===================                     ]: 2749 (Loss: 0.4788)
[====================                    ]: 2750 (Loss: 0.3039)
[====================                    ]: 2751 (Loss: 0.5183)
[====================                    ]: 2752 (Loss: 0.4235)
[=====================                   ]: 2753 (Loss: 0.4441)
[=====================                   ]: 2754 (Loss: 0.3681)
[======================                  ]: 2755 (Loss: 0.4482)
[======================                  ]: 2756 (Loss: 0.4596)
[======================                  ]: 2757 (Loss: 0.5410)
[=======================                 ]: 2758 (Loss: 0.3812)
[=======================                 ]: 2759 (Loss: 0.4925)
[========================                ]: 2760 (Loss: 0.4785)
[========================                ]: 2761 (Loss: 0.3959)
[========================                ]: 2762 (Loss: 0.4146)
[=========================               ]: 2763 (Loss: 0.4328)
[=========================               ]: 2764 (Loss: 0.3801)
[==========================              ]: 2765 (Loss: 0.3617)
[==========================              ]: 2766 (Loss: 0.4536)
[==========================              ]: 2767 (Loss: 0.5024)
[===========================             ]: 2768 (Loss: 0.4127)
[===========================             ]: 2769 (Loss: 0.3284)
[============================            ]: 2770 (Loss: 0.3820)
[============================            ]: 2771 (Loss: 0.4028)
[============================            ]: 2772 (Loss: 0.3413)
[=============================           ]: 2773 (Loss: 0.3284)
[=============================           ]: 2774 (Loss: 0.4522)
[==============================          ]: 2775 (Loss: 0.4208)
[==============================          ]: 2776 (Loss: 0.4715)
[==============================          ]: 2777 (Loss: 0.4644)
[===============================         ]: 2778 (Loss: 0.4791)
[===============================         ]: 2779 (Loss: 0.3517)
[================================        ]: 2780 (Loss: 0.3904)
[================================        ]: 2781 (Loss: 0.5047)
[================================        ]: 2782 (Loss: 0.4080)
[=================================       ]: 2783 (Loss: 0.5653)
[=================================       ]: 2784 (Loss: 0.3089)
[==================================      ]: 2785 (Loss: 0.6295)
[==================================      ]: 2786 (Loss: 0.3167)
[==================================      ]: 2787 (Loss: 0.4814)
[===================================     ]: 2788 (Loss: 0.4663)
[===================================     ]: 2789 (Loss: 0.4623)
[====================================    ]: 2790 (Loss: 0.3817)
[====================================    ]: 2791 (Loss: 0.3724)
[====================================    ]: 2792 (Loss: 0.4507)
[=====================================   ]: 2793 (Loss: 0.3895)
[=====================================   ]: 2794 (Loss: 0.4990)
[======================================  ]: 2795 (Loss: 0.4654)
[======================================  ]: 2796 (Loss: 0.4697)
[======================================  ]: 2797 (Loss: 0.3969)
[======================================= ]: 2798 (Loss: 0.4365)
[======================================= ]: 2799 (Loss: 0.4072)
[========================================]: 2800 (Loss: 0.5272)
                                                                                                    
[2026-07-16 21:31:26,643] [INFO] [__main__] Batch 2800 Loss: 0.435755 Cost: 8.45 Time: 188 ms/sequence
[2026-07-16 21:31:26,643] [INFO] [__main__] Advice weight norm: 19.241600 | Advice gradient norm: 0.000000

[                                        ]: 2801 (Loss: 0.4055)
[                                        ]: 2802 (Loss: 0.3236)
[=                                       ]: 2803 (Loss: 0.3833)
[=                                       ]: 2804 (Loss: 0.5416)
[==                                      ]: 2805 (Loss: 0.5145)
[==                                      ]: 2806 (Loss: 0.2963)
[==                                      ]: 2807 (Loss: 0.4906)
[===                                     ]: 2808 (Loss: 0.4912)
[===                                     ]: 2809 (Loss: 0.6216)
[====                                    ]: 2810 (Loss: 0.3831)
[====                                    ]: 2811 (Loss: 0.4925)
[====                                    ]: 2812 (Loss: 0.4156)
[=====                                   ]: 2813 (Loss: 0.3661)
[=====                                   ]: 2814 (Loss: 0.4793)
[======                                  ]: 2815 (Loss: 0.3714)
[======                                  ]: 2816 (Loss: 0.3744)
[======                                  ]: 2817 (Loss: 0.3659)
[=======                                 ]: 2818 (Loss: 0.6018)
[=======                                 ]: 2819 (Loss: 0.4205)
[========                                ]: 2820 (Loss: 0.3591)
[========                                ]: 2821 (Loss: 0.2847)
[========                                ]: 2822 (Loss: 0.4742)
[=========                               ]: 2823 (Loss: 0.4433)
[=========                               ]: 2824 (Loss: 0.3755)
[==========                              ]: 2825 (Loss: 0.4557)
[==========                              ]: 2826 (Loss: 0.4396)
[==========                              ]: 2827 (Loss: 0.3931)
[===========                             ]: 2828 (Loss: 0.3679)
[===========                             ]: 2829 (Loss: 0.4574)
[============                            ]: 2830 (Loss: 0.4143)
[============                            ]: 2831 (Loss: 0.4879)
[============                            ]: 2832 (Loss: 0.4002)
[=============                           ]: 2833 (Loss: 0.6012)
[=============                           ]: 2834 (Loss: 0.4278)
[==============                          ]: 2835 (Loss: 0.5457)
[==============                          ]: 2836 (Loss: 0.5626)
[==============                          ]: 2837 (Loss: 0.4023)
[===============                         ]: 2838 (Loss: 0.4891)
[===============                         ]: 2839 (Loss: 0.4094)
[================                        ]: 2840 (Loss: 0.3642)
[================                        ]: 2841 (Loss: 0.3748)
[================                        ]: 2842 (Loss: 0.5447)
[=================                       ]: 2843 (Loss: 0.3406)
[=================                       ]: 2844 (Loss: 0.5342)
[==================                      ]: 2845 (Loss: 0.4693)
[==================                      ]: 2846 (Loss: 0.4240)
[==================                      ]: 2847 (Loss: 0.5106)
[===================                     ]: 2848 (Loss: 0.4778)
[===================                     ]: 2849 (Loss: 0.5132)
[====================                    ]: 2850 (Loss: 0.5080)
[====================                    ]: 2851 (Loss: 0.4343)
[====================                    ]: 2852 (Loss: 0.3269)
[=====================                   ]: 2853 (Loss: 0.3749)
[=====================                   ]: 2854 (Loss: 0.3862)
[======================                  ]: 2855 (Loss: 0.4974)
[======================                  ]: 2856 (Loss: 0.4500)
[======================                  ]: 2857 (Loss: 0.5327)
[=======================                 ]: 2858 (Loss: 0.3824)
[=======================                 ]: 2859 (Loss: 0.3926)
[========================                ]: 2860 (Loss: 0.4346)
[========================                ]: 2861 (Loss: 0.3973)
[========================                ]: 2862 (Loss: 0.4085)
[=========================               ]: 2863 (Loss: 0.2806)
[=========================               ]: 2864 (Loss: 0.3632)
[==========================              ]: 2865 (Loss: 0.4587)
[==========================              ]: 2866 (Loss: 0.3954)
[==========================              ]: 2867 (Loss: 0.3569)
[===========================             ]: 2868 (Loss: 0.3620)
[===========================             ]: 2869 (Loss: 0.4655)
[============================            ]: 2870 (Loss: 0.4883)
[============================            ]: 2871 (Loss: 0.4091)
[============================            ]: 2872 (Loss: 0.4443)
[=============================           ]: 2873 (Loss: 0.4398)
[=============================           ]: 2874 (Loss: 0.4951)
[==============================          ]: 2875 (Loss: 0.4296)
[==============================          ]: 2876 (Loss: 0.5088)
[==============================          ]: 2877 (Loss: 0.3766)
[===============================         ]: 2878 (Loss: 0.4770)
[===============================         ]: 2879 (Loss: 0.3112)
[================================        ]: 2880 (Loss: 0.3749)
[================================        ]: 2881 (Loss: 0.3671)
[================================        ]: 2882 (Loss: 0.4237)
[=================================       ]: 2883 (Loss: 0.4364)
[=================================       ]: 2884 (Loss: 0.2900)
[==================================      ]: 2885 (Loss: 0.5166)
[==================================      ]: 2886 (Loss: 0.4956)
[==================================      ]: 2887 (Loss: 0.2958)
[===================================     ]: 2888 (Loss: 0.4957)
[===================================     ]: 2889 (Loss: 0.4294)
[====================================    ]: 2890 (Loss: 0.4924)
[====================================    ]: 2891 (Loss: 0.5341)
[====================================    ]: 2892 (Loss: 0.4125)
[=====================================   ]: 2893 (Loss: 0.3342)
[=====================================   ]: 2894 (Loss: 0.3787)
[======================================  ]: 2895 (Loss: 0.4020)
[======================================  ]: 2896 (Loss: 0.3305)
[======================================  ]: 2897 (Loss: 0.3363)
[======================================= ]: 2898 (Loss: 0.5203)
[======================================= ]: 2899 (Loss: 0.4309)
[========================================]: 2900 (Loss: 0.4064)
                                                                                                    
[2026-07-16 21:31:45,402] [INFO] [__main__] Batch 2900 Loss: 0.429745 Cost: 8.19 Time: 187 ms/sequence
[2026-07-16 21:31:45,402] [INFO] [__main__] Advice weight norm: 19.241600 | Advice gradient norm: 0.000000

[                                        ]: 2901 (Loss: 0.4078)
[                                        ]: 2902 (Loss: 0.2931)
[=                                       ]: 2903 (Loss: 0.4415)
[=                                       ]: 2904 (Loss: 0.4002)
[==                                      ]: 2905 (Loss: 0.4215)
[==                                      ]: 2906 (Loss: 0.5606)
[==                                      ]: 2907 (Loss: 0.3422)
[===                                     ]: 2908 (Loss: 0.3681)
[===                                     ]: 2909 (Loss: 0.4052)
[====                                    ]: 2910 (Loss: 0.4695)
[====                                    ]: 2911 (Loss: 0.3825)
[====                                    ]: 2912 (Loss: 0.3385)
[=====                                   ]: 2913 (Loss: 0.5088)
[=====                                   ]: 2914 (Loss: 0.4173)
[======                                  ]: 2915 (Loss: 0.5048)
[======                                  ]: 2916 (Loss: 0.4188)
[======                                  ]: 2917 (Loss: 0.5198)
[=======                                 ]: 2918 (Loss: 0.5155)
[=======                                 ]: 2919 (Loss: 0.4769)
[========                                ]: 2920 (Loss: 0.3692)
[========                                ]: 2921 (Loss: 0.3487)
[========                                ]: 2922 (Loss: 0.3730)
[=========                               ]: 2923 (Loss: 0.5459)
[=========                               ]: 2924 (Loss: 0.3946)
[==========                              ]: 2925 (Loss: 0.3410)
[==========                              ]: 2926 (Loss: 0.4212)
[==========                              ]: 2927 (Loss: 0.3326)
[===========                             ]: 2928 (Loss: 0.3724)
[===========                             ]: 2929 (Loss: 0.3307)
[============                            ]: 2930 (Loss: 0.4925)
[============                            ]: 2931 (Loss: 0.4052)
[============                            ]: 2932 (Loss: 0.4689)
[=============                           ]: 2933 (Loss: 0.4844)
[=============                           ]: 2934 (Loss: 0.3985)
[==============                          ]: 2935 (Loss: 0.3808)
[==============                          ]: 2936 (Loss: 0.3781)
[==============                          ]: 2937 (Loss: 0.4098)
[===============                         ]: 2938 (Loss: 0.4796)
[===============                         ]: 2939 (Loss: 0.5090)
[================                        ]: 2940 (Loss: 0.4235)
[================                        ]: 2941 (Loss: 0.3351)
[================                        ]: 2942 (Loss: 0.4362)
[=================                       ]: 2943 (Loss: 0.4014)
[=================                       ]: 2944 (Loss: 0.4181)
[==================                      ]: 2945 (Loss: 0.4360)
[==================                      ]: 2946 (Loss: 0.3945)
[==================                      ]: 2947 (Loss: 0.4404)
[===================                     ]: 2948 (Loss: 0.2966)
[===================                     ]: 2949 (Loss: 0.4334)
[====================                    ]: 2950 (Loss: 0.5283)
[====================                    ]: 2951 (Loss: 0.3787)
[====================                    ]: 2952 (Loss: 0.4338)
[=====================                   ]: 2953 (Loss: 0.3531)
[=====================                   ]: 2954 (Loss: 0.4851)
[======================                  ]: 2955 (Loss: 0.4325)
[======================                  ]: 2956 (Loss: 0.4674)
[======================                  ]: 2957 (Loss: 0.4160)
[=======================                 ]: 2958 (Loss: 0.4321)
[=======================                 ]: 2959 (Loss: 0.4174)
[========================                ]: 2960 (Loss: 0.3689)
[========================                ]: 2961 (Loss: 0.3519)
[========================                ]: 2962 (Loss: 0.3737)
[=========================               ]: 2963 (Loss: 0.3536)
[=========================               ]: 2964 (Loss: 0.3767)
[==========================              ]: 2965 (Loss: 0.6080)
[==========================              ]: 2966 (Loss: 0.5309)
[==========================              ]: 2967 (Loss: 0.4347)
[===========================             ]: 2968 (Loss: 0.4194)
[===========================             ]: 2969 (Loss: 0.4148)
[============================            ]: 2970 (Loss: 0.4218)
[============================            ]: 2971 (Loss: 0.4544)
[============================            ]: 2972 (Loss: 0.3586)
[=============================           ]: 2973 (Loss: 0.3711)
[=============================           ]: 2974 (Loss: 0.4870)
[==============================          ]: 2975 (Loss: 0.3646)
[==============================          ]: 2976 (Loss: 0.4658)
[==============================          ]: 2977 (Loss: 0.5248)
[===============================         ]: 2978 (Loss: 0.3854)
[===============================         ]: 2979 (Loss: 0.2784)
[================================        ]: 2980 (Loss: 0.4478)
[================================        ]: 2981 (Loss: 0.5930)
[================================        ]: 2982 (Loss: 0.5009)
[=================================       ]: 2983 (Loss: 0.4765)
[=================================       ]: 2984 (Loss: 0.5105)
[==================================      ]: 2985 (Loss: 0.2711)
[==================================      ]: 2986 (Loss: 0.3530)
[==================================      ]: 2987 (Loss: 0.3187)
[===================================     ]: 2988 (Loss: 0.4374)
[===================================     ]: 2989 (Loss: 0.4022)
[====================================    ]: 2990 (Loss: 0.4397)
[====================================    ]: 2991 (Loss: 0.5650)
[====================================    ]: 2992 (Loss: 0.4724)
[=====================================   ]: 2993 (Loss: 0.4253)
[=====================================   ]: 2994 (Loss: 0.4320)
[======================================  ]: 2995 (Loss: 0.4101)
[======================================  ]: 2996 (Loss: 0.5059)
[======================================  ]: 2997 (Loss: 0.4487)
[======================================= ]: 2998 (Loss: 0.2979)
[======================================= ]: 2999 (Loss: 0.2934)
[========================================]: 3000 (Loss: 0.5078)
                                                                                                    
[2026-07-16 21:32:04,113] [INFO] [__main__] Batch 3000 Loss: 0.422425 Cost: 8.26 Time: 187 ms/sequence
[2026-07-16 21:32:04,113] [INFO] [__main__] Advice weight norm: 19.241600 | Advice gradient norm: 0.000000

                                                                                                    
[2026-07-16 21:32:04,116] [INFO] [__main__] Saving checkpoint to 'runs\copy_sanity_len5\copy\zero\seed_1000\checkpoint-batch-00003000.pt'

[                                        ]: 3001 (Loss: 0.4456)
[                                        ]: 3002 (Loss: 0.4830)
[=                                       ]: 3003 (Loss: 0.4515)
[=                                       ]: 3004 (Loss: 0.4758)
[==                                      ]: 3005 (Loss: 0.4106)
[==                                      ]: 3006 (Loss: 0.5226)
[==                                      ]: 3007 (Loss: 0.3991)
[===                                     ]: 3008 (Loss: 0.5085)
[===                                     ]: 3009 (Loss: 0.4599)
[====                                    ]: 3010 (Loss: 0.4462)
[====                                    ]: 3011 (Loss: 0.3537)
[====                                    ]: 3012 (Loss: 0.3411)
[=====                                   ]: 3013 (Loss: 0.5110)
[=====                                   ]: 3014 (Loss: 0.3431)
[======                                  ]: 3015 (Loss: 0.3620)
[======                                  ]: 3016 (Loss: 0.5041)
[======                                  ]: 3017 (Loss: 0.4463)
[=======                                 ]: 3018 (Loss: 0.5170)
[=======                                 ]: 3019 (Loss: 0.3620)
[========                                ]: 3020 (Loss: 0.3436)
[========                                ]: 3021 (Loss: 0.3224)
[========                                ]: 3022 (Loss: 0.3298)
[=========                               ]: 3023 (Loss: 0.3364)
[=========                               ]: 3024 (Loss: 0.4239)
[==========                              ]: 3025 (Loss: 0.3716)
[==========                              ]: 3026 (Loss: 0.3971)
[==========                              ]: 3027 (Loss: 0.3566)
[===========                             ]: 3028 (Loss: 0.5814)
[===========                             ]: 3029 (Loss: 0.4200)
[============                            ]: 3030 (Loss: 0.3098)
[============                            ]: 3031 (Loss: 0.4234)
[============                            ]: 3032 (Loss: 0.4170)
[=============                           ]: 3033 (Loss: 0.3930)
[=============                           ]: 3034 (Loss: 0.3633)
[==============                          ]: 3035 (Loss: 0.4597)
[==============                          ]: 3036 (Loss: 0.4248)
[==============                          ]: 3037 (Loss: 0.4083)
[===============                         ]: 3038 (Loss: 0.3860)
[===============                         ]: 3039 (Loss: 0.3556)
[================                        ]: 3040 (Loss: 0.3775)
[================                        ]: 3041 (Loss: 0.3840)
[================                        ]: 3042 (Loss: 0.3510)
[=================                       ]: 3043 (Loss: 0.3915)
[=================                       ]: 3044 (Loss: 0.4513)
[==================                      ]: 3045 (Loss: 0.3094)
[==================                      ]: 3046 (Loss: 0.4442)
[==================                      ]: 3047 (Loss: 0.4608)
[===================                     ]: 3048 (Loss: 0.4142)
[===================                     ]: 3049 (Loss: 0.3439)
[====================                    ]: 3050 (Loss: 0.5026)
[====================                    ]: 3051 (Loss: 0.3890)
[====================                    ]: 3052 (Loss: 0.4248)
[=====================                   ]: 3053 (Loss: 0.3846)
[=====================                   ]: 3054 (Loss: 0.3084)
[======================                  ]: 3055 (Loss: 0.3358)
[======================                  ]: 3056 (Loss: 0.4488)
[======================                  ]: 3057 (Loss: 0.5612)
[=======================                 ]: 3058 (Loss: 0.3528)
[=======================                 ]: 3059 (Loss: 0.3411)
[========================                ]: 3060 (Loss: 0.4997)
[========================                ]: 3061 (Loss: 0.4748)
[========================                ]: 3062 (Loss: 0.4179)
[=========================               ]: 3063 (Loss: 0.3801)
[=========================               ]: 3064 (Loss: 0.4297)
[==========================              ]: 3065 (Loss: 0.4078)
[==========================              ]: 3066 (Loss: 0.4058)
[==========================              ]: 3067 (Loss: 0.4031)
[===========================             ]: 3068 (Loss: 0.3417)
[===========================             ]: 3069 (Loss: 0.4425)
[============================            ]: 3070 (Loss: 0.4843)
[============================            ]: 3071 (Loss: 0.4543)
[============================            ]: 3072 (Loss: 0.4169)
[=============================           ]: 3073 (Loss: 0.4881)
[=============================           ]: 3074 (Loss: 0.4339)
[==============================          ]: 3075 (Loss: 0.4598)
[==============================          ]: 3076 (Loss: 0.3584)
[==============================          ]: 3077 (Loss: 0.4527)
[===============================         ]: 3078 (Loss: 0.4058)
[===============================         ]: 3079 (Loss: 0.4013)
[================================        ]: 3080 (Loss: 0.3770)
[================================        ]: 3081 (Loss: 0.4187)
[================================        ]: 3082 (Loss: 0.4602)
[=================================       ]: 3083 (Loss: 0.3530)
[=================================       ]: 3084 (Loss: 0.5537)
[==================================      ]: 3085 (Loss: 0.4931)
[==================================      ]: 3086 (Loss: 0.3141)
[==================================      ]: 3087 (Loss: 0.3234)
[===================================     ]: 3088 (Loss: 0.5576)
[===================================     ]: 3089 (Loss: 0.4401)
[====================================    ]: 3090 (Loss: 0.3745)
[====================================    ]: 3091 (Loss: 0.3538)
[====================================    ]: 3092 (Loss: 0.4619)
[=====================================   ]: 3093 (Loss: 0.3509)
[=====================================   ]: 3094 (Loss: 0.3330)
[======================================  ]: 3095 (Loss: 0.4307)
[======================================  ]: 3096 (Loss: 0.4353)
[======================================  ]: 3097 (Loss: 0.4193)
[======================================= ]: 3098 (Loss: 0.3707)
[======================================= ]: 3099 (Loss: 0.3396)
[========================================]: 3100 (Loss: 0.3684)
                                                                                                    
[2026-07-16 21:32:23,856] [INFO] [__main__] Batch 3100 Loss: 0.412312 Cost: 7.72 Time: 197 ms/sequence
[2026-07-16 21:32:23,857] [INFO] [__main__] Advice weight norm: 19.241600 | Advice gradient norm: 0.000000

[                                        ]: 3101 (Loss: 0.4597)
[                                        ]: 3102 (Loss: 0.4692)
[=                                       ]: 3103 (Loss: 0.4016)
[=                                       ]: 3104 (Loss: 0.4372)
[==                                      ]: 3105 (Loss: 0.3079)
[==                                      ]: 3106 (Loss: 0.5068)
[==                                      ]: 3107 (Loss: 0.3284)
[===                                     ]: 3108 (Loss: 0.5168)
[===                                     ]: 3109 (Loss: 0.3317)
[====                                    ]: 3110 (Loss: 0.4452)
[====                                    ]: 3111 (Loss: 0.4098)
[====                                    ]: 3112 (Loss: 0.6070)
[=====                                   ]: 3113 (Loss: 0.4313)
[=====                                   ]: 3114 (Loss: 0.4401)
[======                                  ]: 3115 (Loss: 0.2779)
[======                                  ]: 3116 (Loss: 0.4314)
[======                                  ]: 3117 (Loss: 0.3885)
[=======                                 ]: 3118 (Loss: 0.3878)
[=======                                 ]: 3119 (Loss: 0.3253)
[========                                ]: 3120 (Loss: 0.4851)
[========                                ]: 3121 (Loss: 0.3514)
[========                                ]: 3122 (Loss: 0.3868)
[=========                               ]: 3123 (Loss: 0.3872)
[=========                               ]: 3124 (Loss: 0.3747)
[==========                              ]: 3125 (Loss: 0.5127)
[==========                              ]: 3126 (Loss: 0.3387)
[==========                              ]: 3127 (Loss: 0.3970)
[===========                             ]: 3128 (Loss: 0.4622)
[===========                             ]: 3129 (Loss: 0.4719)
[============                            ]: 3130 (Loss: 0.3509)
[============                            ]: 3131 (Loss: 0.3914)
[============                            ]: 3132 (Loss: 0.4201)
[=============                           ]: 3133 (Loss: 0.4129)
[=============                           ]: 3134 (Loss: 0.3268)
[==============                          ]: 3135 (Loss: 0.4104)
[==============                          ]: 3136 (Loss: 0.4601)
[==============                          ]: 3137 (Loss: 0.3856)
[===============                         ]: 3138 (Loss: 0.3494)
[===============                         ]: 3139 (Loss: 0.4897)
[================                        ]: 3140 (Loss: 0.4506)
[================                        ]: 3141 (Loss: 0.3534)
[================                        ]: 3142 (Loss: 0.4688)
[=================                       ]: 3143 (Loss: 0.3971)
[=================                       ]: 3144 (Loss: 0.4291)
[==================                      ]: 3145 (Loss: 0.5064)
[==================                      ]: 3146 (Loss: 0.4752)
[==================                      ]: 3147 (Loss: 0.3774)
[===================                     ]: 3148 (Loss: 0.4647)
[===================                     ]: 3149 (Loss: 0.3024)
[====================                    ]: 3150 (Loss: 0.3779)
[====================                    ]: 3151 (Loss: 0.3836)
[====================                    ]: 3152 (Loss: 0.3245)
[=====================                   ]: 3153 (Loss: 0.5544)
[=====================                   ]: 3154 (Loss: 0.4173)
[======================                  ]: 3155 (Loss: 0.3897)
[======================                  ]: 3156 (Loss: 0.3599)
[======================                  ]: 3157 (Loss: 0.3241)
[=======================                 ]: 3158 (Loss: 0.3660)
[=======================                 ]: 3159 (Loss: 0.3664)
[========================                ]: 3160 (Loss: 0.3880)
[========================                ]: 3161 (Loss: 0.5797)
[========================                ]: 3162 (Loss: 0.5025)
[=========================               ]: 3163 (Loss: 0.4398)
[=========================               ]: 3164 (Loss: 0.5254)
[==========================              ]: 3165 (Loss: 0.5013)
[==========================              ]: 3166 (Loss: 0.5227)
[==========================              ]: 3167 (Loss: 0.5246)
[===========================             ]: 3168 (Loss: 0.3789)
[===========================             ]: 3169 (Loss: 0.3353)
[============================            ]: 3170 (Loss: 0.4311)
[============================            ]: 3171 (Loss: 0.3736)
[============================            ]: 3172 (Loss: 0.4032)
[=============================           ]: 3173 (Loss: 0.4406)
[=============================           ]: 3174 (Loss: 0.5372)
[==============================          ]: 3175 (Loss: 0.5338)
[==============================          ]: 3176 (Loss: 0.3241)
[==============================          ]: 3177 (Loss: 0.4369)
[===============================         ]: 3178 (Loss: 0.3853)
[===============================         ]: 3179 (Loss: 0.4103)
[================================        ]: 3180 (Loss: 0.2662)
[================================        ]: 3181 (Loss: 0.3950)
[================================        ]: 3182 (Loss: 0.5184)
[=================================       ]: 3183 (Loss: 0.3293)
[=================================       ]: 3184 (Loss: 0.4333)
[==================================      ]: 3185 (Loss: 0.4231)
[==================================      ]: 3186 (Loss: 0.3243)
[==================================      ]: 3187 (Loss: 0.4835)
[===================================     ]: 3188 (Loss: 0.3935)
[===================================     ]: 3189 (Loss: 0.4633)
[====================================    ]: 3190 (Loss: 0.3720)
[====================================    ]: 3191 (Loss: 0.4569)
[====================================    ]: 3192 (Loss: 0.4688)
[=====================================   ]: 3193 (Loss: 0.4505)
[=====================================   ]: 3194 (Loss: 0.4534)
[======================================  ]: 3195 (Loss: 0.4731)
[======================================  ]: 3196 (Loss: 0.3565)
[======================================  ]: 3197 (Loss: 0.4293)
[======================================= ]: 3198 (Loss: 0.4477)
[======================================= ]: 3199 (Loss: 0.3159)
[========================================]: 3200 (Loss: 0.4019)
                                                                                                    
[2026-07-16 21:32:42,748] [INFO] [__main__] Batch 3200 Loss: 0.417879 Cost: 8.14 Time: 188 ms/sequence
[2026-07-16 21:32:42,748] [INFO] [__main__] Advice weight norm: 19.241600 | Advice gradient norm: 0.000000

[                                        ]: 3201 (Loss: 0.3478)
[                                        ]: 3202 (Loss: 0.4309)
[=                                       ]: 3203 (Loss: 0.4800)
[=                                       ]: 3204 (Loss: 0.5227)
[==                                      ]: 3205 (Loss: 0.3666)
[==                                      ]: 3206 (Loss: 0.3670)
[==                                      ]: 3207 (Loss: 0.4252)
[===                                     ]: 3208 (Loss: 0.3719)
[===                                     ]: 3209 (Loss: 0.3858)
[====                                    ]: 3210 (Loss: 0.4827)
[====                                    ]: 3211 (Loss: 0.3704)
[====                                    ]: 3212 (Loss: 0.2748)
[=====                                   ]: 3213 (Loss: 0.4325)
[=====                                   ]: 3214 (Loss: 0.4600)
[======                                  ]: 3215 (Loss: 0.4177)
[======                                  ]: 3216 (Loss: 0.4152)
[======                                  ]: 3217 (Loss: 0.3987)
[=======                                 ]: 3218 (Loss: 0.3240)
[=======                                 ]: 3219 (Loss: 0.4387)
[========                                ]: 3220 (Loss: 0.3744)
[========                                ]: 3221 (Loss: 0.4456)
[========                                ]: 3222 (Loss: 0.5149)
[=========                               ]: 3223 (Loss: 0.4757)
[=========                               ]: 3224 (Loss: 0.6516)
[==========                              ]: 3225 (Loss: 0.3132)
[==========                              ]: 3226 (Loss: 0.4523)
[==========                              ]: 3227 (Loss: 0.4273)
[===========                             ]: 3228 (Loss: 0.4136)
[===========                             ]: 3229 (Loss: 0.3844)
[============                            ]: 3230 (Loss: 0.3869)
[============                            ]: 3231 (Loss: 0.3533)
[============                            ]: 3232 (Loss: 0.3881)
[=============                           ]: 3233 (Loss: 0.3438)
[=============                           ]: 3234 (Loss: 0.4737)
[==============                          ]: 3235 (Loss: 0.4525)
[==============                          ]: 3236 (Loss: 0.3852)
[==============                          ]: 3237 (Loss: 0.4256)
[===============                         ]: 3238 (Loss: 0.3850)
[===============                         ]: 3239 (Loss: 0.5013)
[================                        ]: 3240 (Loss: 0.3381)
[================                        ]: 3241 (Loss: 0.4497)
[================                        ]: 3242 (Loss: 0.3674)
[=================                       ]: 3243 (Loss: 0.4385)
[=================                       ]: 3244 (Loss: 0.4547)
[==================                      ]: 3245 (Loss: 0.4135)
[==================                      ]: 3246 (Loss: 0.4351)
[==================                      ]: 3247 (Loss: 0.3837)
[===================                     ]: 3248 (Loss: 0.5020)
[===================                     ]: 3249 (Loss: 0.5024)
[====================                    ]: 3250 (Loss: 0.3919)
[====================                    ]: 3251 (Loss: 0.3831)
[====================                    ]: 3252 (Loss: 0.4128)
[=====================                   ]: 3253 (Loss: 0.3316)
[=====================                   ]: 3254 (Loss: 0.4355)
[======================                  ]: 3255 (Loss: 0.4221)
[======================                  ]: 3256 (Loss: 0.5439)
[======================                  ]: 3257 (Loss: 0.4362)
[=======================                 ]: 3258 (Loss: 0.4136)
[=======================                 ]: 3259 (Loss: 0.3715)
[========================                ]: 3260 (Loss: 0.4318)
[========================                ]: 3261 (Loss: 0.5773)
[========================                ]: 3262 (Loss: 0.3118)
[=========================               ]: 3263 (Loss: 0.4222)
[=========================               ]: 3264 (Loss: 0.4564)
[==========================              ]: 3265 (Loss: 0.6146)
[==========================              ]: 3266 (Loss: 0.4543)
[==========================              ]: 3267 (Loss: 0.4268)
[===========================             ]: 3268 (Loss: 0.3784)
[===========================             ]: 3269 (Loss: 0.3920)
[============================            ]: 3270 (Loss: 0.3691)
[============================            ]: 3271 (Loss: 0.4621)
[============================            ]: 3272 (Loss: 0.4488)
[=============================           ]: 3273 (Loss: 0.5561)
[=============================           ]: 3274 (Loss: 0.3555)
[==============================          ]: 3275 (Loss: 0.4623)
[==============================          ]: 3276 (Loss: 0.3164)
[==============================          ]: 3277 (Loss: 0.3287)
[===============================         ]: 3278 (Loss: 0.4594)
[===============================         ]: 3279 (Loss: 0.4580)
[================================        ]: 3280 (Loss: 0.3580)
[================================        ]: 3281 (Loss: 0.3620)
[================================        ]: 3282 (Loss: 0.4328)
[=================================       ]: 3283 (Loss: 0.3592)
[=================================       ]: 3284 (Loss: 0.3873)
[==================================      ]: 3285 (Loss: 0.3591)
[==================================      ]: 3286 (Loss: 0.3564)
[==================================      ]: 3287 (Loss: 0.4134)
[===================================     ]: 3288 (Loss: 0.3403)
[===================================     ]: 3289 (Loss: 0.4242)
[====================================    ]: 3290 (Loss: 0.4417)
[====================================    ]: 3291 (Loss: 0.2863)
[====================================    ]: 3292 (Loss: 0.3857)
[=====================================   ]: 3293 (Loss: 0.4842)
[=====================================   ]: 3294 (Loss: 0.4908)
[======================================  ]: 3295 (Loss: 0.5325)
[======================================  ]: 3296 (Loss: 0.4847)
[======================================  ]: 3297 (Loss: 0.5092)
[======================================= ]: 3298 (Loss: 0.5120)
[======================================= ]: 3299 (Loss: 0.5465)
[========================================]: 3300 (Loss: 0.4384)
                                                                                                    
[2026-07-16 21:33:01,477] [INFO] [__main__] Batch 3300 Loss: 0.422753 Cost: 8.39 Time: 187 ms/sequence
[2026-07-16 21:33:01,477] [INFO] [__main__] Advice weight norm: 19.241600 | Advice gradient norm: 0.000000

[                                        ]: 3301 (Loss: 0.4169)
[                                        ]: 3302 (Loss: 0.2961)
[=                                       ]: 3303 (Loss: 0.2830)
[=                                       ]: 3304 (Loss: 0.3385)
[==                                      ]: 3305 (Loss: 0.3671)
[==                                      ]: 3306 (Loss: 0.4489)
[==                                      ]: 3307 (Loss: 0.4041)
[===                                     ]: 3308 (Loss: 0.4682)
[===                                     ]: 3309 (Loss: 0.3328)
[====                                    ]: 3310 (Loss: 0.3801)
[====                                    ]: 3311 (Loss: 0.4181)
[====                                    ]: 3312 (Loss: 0.3166)
[=====                                   ]: 3313 (Loss: 0.4119)
[=====                                   ]: 3314 (Loss: 0.4057)
[======                                  ]: 3315 (Loss: 0.3432)
[======                                  ]: 3316 (Loss: 0.4533)
[======                                  ]: 3317 (Loss: 0.3872)
[=======                                 ]: 3318 (Loss: 0.3315)
[=======                                 ]: 3319 (Loss: 0.4840)
[========                                ]: 3320 (Loss: 0.4010)
[========                                ]: 3321 (Loss: 0.3830)
[========                                ]: 3322 (Loss: 0.3149)
[=========                               ]: 3323 (Loss: 0.3968)
[=========                               ]: 3324 (Loss: 0.3674)
[==========                              ]: 3325 (Loss: 0.4444)
[==========                              ]: 3326 (Loss: 0.4219)
[==========                              ]: 3327 (Loss: 0.3783)
[===========                             ]: 3328 (Loss: 0.2769)
[===========                             ]: 3329 (Loss: 0.4864)
[============                            ]: 3330 (Loss: 0.3644)
[============                            ]: 3331 (Loss: 0.4042)
[============                            ]: 3332 (Loss: 0.4370)
[=============                           ]: 3333 (Loss: 0.3529)
[=============                           ]: 3334 (Loss: 0.3640)
[==============                          ]: 3335 (Loss: 0.4076)
[==============                          ]: 3336 (Loss: 0.4125)
[==============                          ]: 3337 (Loss: 0.4615)
[===============                         ]: 3338 (Loss: 0.3529)
[===============                         ]: 3339 (Loss: 0.3998)
[================                        ]: 3340 (Loss: 0.5085)
[================                        ]: 3341 (Loss: 0.3578)
[================                        ]: 3342 (Loss: 0.4876)
[=================                       ]: 3343 (Loss: 0.3539)
[=================                       ]: 3344 (Loss: 0.4395)
[==================                      ]: 3345 (Loss: 0.2541)
[==================                      ]: 3346 (Loss: 0.4741)
[==================                      ]: 3347 (Loss: 0.3529)
[===================                     ]: 3348 (Loss: 0.4372)
[===================                     ]: 3349 (Loss: 0.3482)
[====================                    ]: 3350 (Loss: 0.3821)
[====================                    ]: 3351 (Loss: 0.3387)
[====================                    ]: 3352 (Loss: 0.3928)
[=====================                   ]: 3353 (Loss: 0.4579)
[=====================                   ]: 3354 (Loss: 0.3258)
[======================                  ]: 3355 (Loss: 0.4438)
[======================                  ]: 3356 (Loss: 0.4733)
[======================                  ]: 3357 (Loss: 0.6396)
[=======================                 ]: 3358 (Loss: 0.5005)
[=======================                 ]: 3359 (Loss: 0.5603)
[========================                ]: 3360 (Loss: 0.4792)
[========================                ]: 3361 (Loss: 0.4433)
[========================                ]: 3362 (Loss: 0.3885)
[=========================               ]: 3363 (Loss: 0.3784)
[=========================               ]: 3364 (Loss: 0.2546)
[==========================              ]: 3365 (Loss: 0.3189)
[==========================              ]: 3366 (Loss: 0.4238)
[==========================              ]: 3367 (Loss: 0.3292)
[===========================             ]: 3368 (Loss: 0.4616)
[===========================             ]: 3369 (Loss: 0.4092)
[============================            ]: 3370 (Loss: 0.4969)
[============================            ]: 3371 (Loss: 0.3609)
[============================            ]: 3372 (Loss: 0.5203)
[=============================           ]: 3373 (Loss: 0.3804)
[=============================           ]: 3374 (Loss: 0.4206)
[==============================          ]: 3375 (Loss: 0.4664)
[==============================          ]: 3376 (Loss: 0.4298)
[==============================          ]: 3377 (Loss: 0.4550)
[===============================         ]: 3378 (Loss: 0.3710)
[===============================         ]: 3379 (Loss: 0.5089)
[================================        ]: 3380 (Loss: 0.4205)
[================================        ]: 3381 (Loss: 0.4741)
[================================        ]: 3382 (Loss: 0.4529)
[=================================       ]: 3383 (Loss: 0.3504)
[=================================       ]: 3384 (Loss: 0.6363)
[==================================      ]: 3385 (Loss: 0.4329)
[==================================      ]: 3386 (Loss: 0.3134)
[==================================      ]: 3387 (Loss: 0.4223)
[===================================     ]: 3388 (Loss: 0.4214)
[===================================     ]: 3389 (Loss: 0.3210)
[====================================    ]: 3390 (Loss: 0.3430)
[====================================    ]: 3391 (Loss: 0.3838)
[====================================    ]: 3392 (Loss: 0.3632)
[=====================================   ]: 3393 (Loss: 0.4230)
[=====================================   ]: 3394 (Loss: 0.5095)
[======================================  ]: 3395 (Loss: 0.3373)
[======================================  ]: 3396 (Loss: 0.3206)
[======================================  ]: 3397 (Loss: 0.4112)
[======================================= ]: 3398 (Loss: 0.4160)
[======================================= ]: 3399 (Loss: 0.4172)
[========================================]: 3400 (Loss: 0.4443)
                                                                                                    
[2026-07-16 21:33:20,132] [INFO] [__main__] Batch 3400 Loss: 0.405547 Cost: 7.71 Time: 186 ms/sequence
[2026-07-16 21:33:20,133] [INFO] [__main__] Advice weight norm: 19.241600 | Advice gradient norm: 0.000000

[                                        ]: 3401 (Loss: 0.4042)
[                                        ]: 3402 (Loss: 0.3071)
[=                                       ]: 3403 (Loss: 0.3691)
[=                                       ]: 3404 (Loss: 0.3580)
[==                                      ]: 3405 (Loss: 0.4955)
[==                                      ]: 3406 (Loss: 0.5541)
[==                                      ]: 3407 (Loss: 0.4086)
[===                                     ]: 3408 (Loss: 0.4333)
[===                                     ]: 3409 (Loss: 0.4393)
[====                                    ]: 3410 (Loss: 0.4056)
[====                                    ]: 3411 (Loss: 0.3806)
[====                                    ]: 3412 (Loss: 0.4866)
[=====                                   ]: 3413 (Loss: 0.3655)
[=====                                   ]: 3414 (Loss: 0.5129)
[======                                  ]: 3415 (Loss: 0.3784)
[======                                  ]: 3416 (Loss: 0.4694)
[======                                  ]: 3417 (Loss: 0.3297)
[=======                                 ]: 3418 (Loss: 0.4823)
[=======                                 ]: 3419 (Loss: 0.4006)
[========                                ]: 3420 (Loss: 0.4041)
[========                                ]: 3421 (Loss: 0.3160)
[========                                ]: 3422 (Loss: 0.4233)
[=========                               ]: 3423 (Loss: 0.3816)
[=========                               ]: 3424 (Loss: 0.4365)
[==========                              ]: 3425 (Loss: 0.5536)
[==========                              ]: 3426 (Loss: 0.4329)
[==========                              ]: 3427 (Loss: 0.5508)
[===========                             ]: 3428 (Loss: 0.3876)
[===========                             ]: 3429 (Loss: 0.3836)
[============                            ]: 3430 (Loss: 0.3513)
[============                            ]: 3431 (Loss: 0.3704)
[============                            ]: 3432 (Loss: 0.4279)
[=============                           ]: 3433 (Loss: 0.4073)
[=============                           ]: 3434 (Loss: 0.4167)
[==============                          ]: 3435 (Loss: 0.2555)
[==============                          ]: 3436 (Loss: 0.5570)
[==============                          ]: 3437 (Loss: 0.3485)
[===============                         ]: 3438 (Loss: 0.3785)
[===============                         ]: 3439 (Loss: 0.3591)
[================                        ]: 3440 (Loss: 0.4436)
[================                        ]: 3441 (Loss: 0.4116)
[================                        ]: 3442 (Loss: 0.3663)
[=================                       ]: 3443 (Loss: 0.4291)
[=================                       ]: 3444 (Loss: 0.4427)
[==================                      ]: 3445 (Loss: 0.3596)
[==================                      ]: 3446 (Loss: 0.3206)
[==================                      ]: 3447 (Loss: 0.3391)
[===================                     ]: 3448 (Loss: 0.4505)
[===================                     ]: 3449 (Loss: 0.4510)
[====================                    ]: 3450 (Loss: 0.3989)
[====================                    ]: 3451 (Loss: 0.6029)
[====================                    ]: 3452 (Loss: 0.3518)
[=====================                   ]: 3453 (Loss: 0.4508)
[=====================                   ]: 3454 (Loss: 0.4247)
[======================                  ]: 3455 (Loss: 0.4361)
[======================                  ]: 3456 (Loss: 0.3944)
[======================                  ]: 3457 (Loss: 0.3582)
[=======================                 ]: 3458 (Loss: 0.4811)
[=======================                 ]: 3459 (Loss: 0.4905)
[========================                ]: 3460 (Loss: 0.4544)
[========================                ]: 3461 (Loss: 0.4294)
[========================                ]: 3462 (Loss: 0.6402)
[=========================               ]: 3463 (Loss: 0.2810)
[=========================               ]: 3464 (Loss: 0.2680)
[==========================              ]: 3465 (Loss: 0.3781)
[==========================              ]: 3466 (Loss: 0.3233)
[==========================              ]: 3467 (Loss: 0.4606)
[===========================             ]: 3468 (Loss: 0.3830)
[===========================             ]: 3469 (Loss: 0.3982)
[============================            ]: 3470 (Loss: 0.3592)
[============================            ]: 3471 (Loss: 0.4922)
[============================            ]: 3472 (Loss: 0.3551)
[=============================           ]: 3473 (Loss: 0.3707)
[=============================           ]: 3474 (Loss: 0.3863)
[==============================          ]: 3475 (Loss: 0.3316)
[==============================          ]: 3476 (Loss: 0.5597)
[==============================          ]: 3477 (Loss: 0.5811)
[===============================         ]: 3478 (Loss: 0.2500)
[===============================         ]: 3479 (Loss: 0.4199)
[================================        ]: 3480 (Loss: 0.3986)
[================================        ]: 3481 (Loss: 0.4233)
[================================        ]: 3482 (Loss: 0.3847)
[=================================       ]: 3483 (Loss: 0.3930)
[=================================       ]: 3484 (Loss: 0.3458)
[==================================      ]: 3485 (Loss: 0.3090)
[==================================      ]: 3486 (Loss: 0.4949)
[==================================      ]: 3487 (Loss: 0.4451)
[===================================     ]: 3488 (Loss: 0.5532)
[===================================     ]: 3489 (Loss: 0.4097)
[====================================    ]: 3490 (Loss: 0.2612)
[====================================    ]: 3491 (Loss: 0.3552)
[====================================    ]: 3492 (Loss: 0.4359)
[=====================================   ]: 3493 (Loss: 0.3683)
[=====================================   ]: 3494 (Loss: 0.3205)
[======================================  ]: 3495 (Loss: 0.4187)
[======================================  ]: 3496 (Loss: 0.3669)
[======================================  ]: 3497 (Loss: 0.3984)
[======================================= ]: 3498 (Loss: 0.4104)
[======================================= ]: 3499 (Loss: 0.3009)
[========================================]: 3500 (Loss: 0.3895)
                                                                                                    
[2026-07-16 21:33:38,989] [INFO] [__main__] Batch 3500 Loss: 0.408312 Cost: 7.85 Time: 188 ms/sequence
[2026-07-16 21:33:38,989] [INFO] [__main__] Advice weight norm: 19.241600 | Advice gradient norm: 0.000000

[                                        ]: 3501 (Loss: 0.3899)
[                                        ]: 3502 (Loss: 0.2990)
[=                                       ]: 3503 (Loss: 0.3236)
[=                                       ]: 3504 (Loss: 0.4259)
[==                                      ]: 3505 (Loss: 0.4489)
[==                                      ]: 3506 (Loss: 0.3408)
[==                                      ]: 3507 (Loss: 0.2884)
[===                                     ]: 3508 (Loss: 0.5501)
[===                                     ]: 3509 (Loss: 0.5451)
[====                                    ]: 3510 (Loss: 0.3835)
[====                                    ]: 3511 (Loss: 0.5835)
[====                                    ]: 3512 (Loss: 0.4724)
[=====                                   ]: 3513 (Loss: 0.3408)
[=====                                   ]: 3514 (Loss: 0.5453)
[======                                  ]: 3515 (Loss: 0.3324)
[======                                  ]: 3516 (Loss: 0.3523)
[======                                  ]: 3517 (Loss: 0.4095)
[=======                                 ]: 3518 (Loss: 0.3688)
[=======                                 ]: 3519 (Loss: 0.3957)
[========                                ]: 3520 (Loss: 0.4599)
[========                                ]: 3521 (Loss: 0.4017)
[========                                ]: 3522 (Loss: 0.4992)
[=========                               ]: 3523 (Loss: 0.4091)
[=========                               ]: 3524 (Loss: 0.4083)
[==========                              ]: 3525 (Loss: 0.3097)
[==========                              ]: 3526 (Loss: 0.4792)
[==========                              ]: 3527 (Loss: 0.3601)
[===========                             ]: 3528 (Loss: 0.5283)
[===========                             ]: 3529 (Loss: 0.3009)
[============                            ]: 3530 (Loss: 0.4371)
[============                            ]: 3531 (Loss: 0.4058)
[============                            ]: 3532 (Loss: 0.3755)
[=============                           ]: 3533 (Loss: 0.4599)
[=============                           ]: 3534 (Loss: 0.2524)
[==============                          ]: 3535 (Loss: 0.4101)
[==============                          ]: 3536 (Loss: 0.4477)
[==============                          ]: 3537 (Loss: 0.3574)
[===============                         ]: 3538 (Loss: 0.3787)
[===============                         ]: 3539 (Loss: 0.3898)
[================                        ]: 3540 (Loss: 0.4050)
[================                        ]: 3541 (Loss: 0.3958)
[================                        ]: 3542 (Loss: 0.3815)
[=================                       ]: 3543 (Loss: 0.4123)
[=================                       ]: 3544 (Loss: 0.5416)
[==================                      ]: 3545 (Loss: 0.3151)
[==================                      ]: 3546 (Loss: 0.3663)
[==================                      ]: 3547 (Loss: 0.5180)
[===================                     ]: 3548 (Loss: 0.4307)
[===================                     ]: 3549 (Loss: 0.5534)
[====================                    ]: 3550 (Loss: 0.4441)
[====================                    ]: 3551 (Loss: 0.3665)
[====================                    ]: 3552 (Loss: 0.4463)
[=====================                   ]: 3553 (Loss: 0.5863)
[=====================                   ]: 3554 (Loss: 0.3764)
[======================                  ]: 3555 (Loss: 0.4022)
[======================                  ]: 3556 (Loss: 0.4206)
[======================                  ]: 3557 (Loss: 0.3516)
[=======================                 ]: 3558 (Loss: 0.3821)
[=======================                 ]: 3559 (Loss: 0.3807)
[========================                ]: 3560 (Loss: 0.3498)
[========================                ]: 3561 (Loss: 0.3190)
[========================                ]: 3562 (Loss: 0.4086)
[=========================               ]: 3563 (Loss: 0.4371)
[=========================               ]: 3564 (Loss: 0.4086)
[==========================              ]: 3565 (Loss: 0.3487)
[==========================              ]: 3566 (Loss: 0.4351)
[==========================              ]: 3567 (Loss: 0.3841)
[===========================             ]: 3568 (Loss: 0.4505)
[===========================             ]: 3569 (Loss: 0.4486)
[============================            ]: 3570 (Loss: 0.2662)
[============================            ]: 3571 (Loss: 0.4508)
[============================            ]: 3572 (Loss: 0.3498)
[=============================           ]: 3573 (Loss: 0.4313)
[=============================           ]: 3574 (Loss: 0.3365)
[==============================          ]: 3575 (Loss: 0.4734)
[==============================          ]: 3576 (Loss: 0.4044)
[==============================          ]: 3577 (Loss: 0.3085)
[===============================         ]: 3578 (Loss: 0.3803)
[===============================         ]: 3579 (Loss: 0.3653)
[================================        ]: 3580 (Loss: 0.4292)
[================================        ]: 3581 (Loss: 0.5910)
[================================        ]: 3582 (Loss: 0.3541)
[=================================       ]: 3583 (Loss: 0.3683)
[=================================       ]: 3584 (Loss: 0.3696)
[==================================      ]: 3585 (Loss: 0.3587)
[==================================      ]: 3586 (Loss: 0.4592)
[==================================      ]: 3587 (Loss: 0.4239)
[===================================     ]: 3588 (Loss: 0.4571)
[===================================     ]: 3589 (Loss: 0.4821)
[====================================    ]: 3590 (Loss: 0.4052)
[====================================    ]: 3591 (Loss: 0.4568)
[====================================    ]: 3592 (Loss: 0.3808)
[=====================================   ]: 3593 (Loss: 0.3297)
[=====================================   ]: 3594 (Loss: 0.4535)
[======================================  ]: 3595 (Loss: 0.3861)
[======================================  ]: 3596 (Loss: 0.3753)
[======================================  ]: 3597 (Loss: 0.3925)
[======================================= ]: 3598 (Loss: 0.4927)
[======================================= ]: 3599 (Loss: 0.3896)
[========================================]: 3600 (Loss: 0.4081)
                                                                                                    
[2026-07-16 21:33:57,696] [INFO] [__main__] Batch 3600 Loss: 0.408636 Cost: 7.59 Time: 187 ms/sequence
[2026-07-16 21:33:57,697] [INFO] [__main__] Advice weight norm: 19.241600 | Advice gradient norm: 0.000000

[                                        ]: 3601 (Loss: 0.3489)
[                                        ]: 3602 (Loss: 0.4080)
[=                                       ]: 3603 (Loss: 0.3183)
[=                                       ]: 3604 (Loss: 0.3560)
[==                                      ]: 3605 (Loss: 0.4023)
[==                                      ]: 3606 (Loss: 0.3615)
[==                                      ]: 3607 (Loss: 0.2812)
[===                                     ]: 3608 (Loss: 0.4629)
[===                                     ]: 3609 (Loss: 0.4674)
[====                                    ]: 3610 (Loss: 0.3535)
[====                                    ]: 3611 (Loss: 0.3639)
[====                                    ]: 3612 (Loss: 0.4244)
[=====                                   ]: 3613 (Loss: 0.4585)
[=====                                   ]: 3614 (Loss: 0.3342)
[======                                  ]: 3615 (Loss: 0.4662)
[======                                  ]: 3616 (Loss: 0.4564)
[======                                  ]: 3617 (Loss: 0.3510)
[=======                                 ]: 3618 (Loss: 0.3566)
[=======                                 ]: 3619 (Loss: 0.3800)
[========                                ]: 3620 (Loss: 0.3652)
[========                                ]: 3621 (Loss: 0.3944)
[========                                ]: 3622 (Loss: 0.4401)
[=========                               ]: 3623 (Loss: 0.4533)
[=========                               ]: 3624 (Loss: 0.5318)
[==========                              ]: 3625 (Loss: 0.3471)
[==========                              ]: 3626 (Loss: 0.3713)
[==========                              ]: 3627 (Loss: 0.4179)
[===========                             ]: 3628 (Loss: 0.4080)
[===========                             ]: 3629 (Loss: 0.4420)
[============                            ]: 3630 (Loss: 0.2796)
[============                            ]: 3631 (Loss: 0.3886)
[============                            ]: 3632 (Loss: 0.5250)
[=============                           ]: 3633 (Loss: 0.3797)
[=============                           ]: 3634 (Loss: 0.3521)
[==============                          ]: 3635 (Loss: 0.3229)
[==============                          ]: 3636 (Loss: 0.3603)
[==============                          ]: 3637 (Loss: 0.3317)
[===============                         ]: 3638 (Loss: 0.5514)
[===============                         ]: 3639 (Loss: 0.4164)
[================                        ]: 3640 (Loss: 0.3724)
[================                        ]: 3641 (Loss: 0.4016)
[================                        ]: 3642 (Loss: 0.4236)
[=================                       ]: 3643 (Loss: 0.3338)
[=================                       ]: 3644 (Loss: 0.4374)
[==================                      ]: 3645 (Loss: 0.3393)
[==================                      ]: 3646 (Loss: 0.3523)
[==================                      ]: 3647 (Loss: 0.4298)
[===================                     ]: 3648 (Loss: 0.3725)
[===================                     ]: 3649 (Loss: 0.3213)
[====================                    ]: 3650 (Loss: 0.4266)
[====================                    ]: 3651 (Loss: 0.3189)
[====================                    ]: 3652 (Loss: 0.5101)
[=====================                   ]: 3653 (Loss: 0.3454)
[=====================                   ]: 3654 (Loss: 0.5415)
[======================                  ]: 3655 (Loss: 0.5454)
[======================                  ]: 3656 (Loss: 0.4180)
[======================                  ]: 3657 (Loss: 0.4642)
[=======================                 ]: 3658 (Loss: 0.4611)
[=======================                 ]: 3659 (Loss: 0.3600)
[========================                ]: 3660 (Loss: 0.3254)
[========================                ]: 3661 (Loss: 0.5372)
[========================                ]: 3662 (Loss: 0.4217)
[=========================               ]: 3663 (Loss: 0.3542)
[=========================               ]: 3664 (Loss: 0.4574)
[==========================              ]: 3665 (Loss: 0.3971)
[==========================              ]: 3666 (Loss: 0.4786)
[==========================              ]: 3667 (Loss: 0.3573)
[===========================             ]: 3668 (Loss: 0.4316)
[===========================             ]: 3669 (Loss: 0.2731)
[============================            ]: 3670 (Loss: 0.4077)
[============================            ]: 3671 (Loss: 0.3510)
[============================            ]: 3672 (Loss: 0.5489)
[=============================           ]: 3673 (Loss: 0.3090)
[=============================           ]: 3674 (Loss: 0.5921)
[==============================          ]: 3675 (Loss: 0.4034)
[==============================          ]: 3676 (Loss: 0.3801)
[==============================          ]: 3677 (Loss: 0.4366)
[===============================         ]: 3678 (Loss: 0.3952)
[===============================         ]: 3679 (Loss: 0.4007)
[================================        ]: 3680 (Loss: 0.3298)
[================================        ]: 3681 (Loss: 0.3037)
[================================        ]: 3682 (Loss: 0.3799)
[=================================       ]: 3683 (Loss: 0.3538)
[=================================       ]: 3684 (Loss: 0.3587)
[==================================      ]: 3685 (Loss: 0.4040)
[==================================      ]: 3686 (Loss: 0.4591)
[==================================      ]: 3687 (Loss: 0.5011)
[===================================     ]: 3688 (Loss: 0.4339)
[===================================     ]: 3689 (Loss: 0.3747)
[====================================    ]: 3690 (Loss: 0.3615)
[====================================    ]: 3691 (Loss: 0.2569)
[====================================    ]: 3692 (Loss: 0.3695)
[=====================================   ]: 3693 (Loss: 0.4848)
[=====================================   ]: 3694 (Loss: 0.4791)
[======================================  ]: 3695 (Loss: 0.4676)
[======================================  ]: 3696 (Loss: 0.3388)
[======================================  ]: 3697 (Loss: 0.3663)
[======================================= ]: 3698 (Loss: 0.4938)
[======================================= ]: 3699 (Loss: 0.3661)
[========================================]: 3700 (Loss: 0.4456)
                                                                                                    
[2026-07-16 21:34:16,460] [INFO] [__main__] Batch 3700 Loss: 0.401927 Cost: 7.76 Time: 187 ms/sequence
[2026-07-16 21:34:16,461] [INFO] [__main__] Advice weight norm: 19.241600 | Advice gradient norm: 0.000000

[                                        ]: 3701 (Loss: 0.3257)
[                                        ]: 3702 (Loss: 0.3639)
[=                                       ]: 3703 (Loss: 0.4347)
[=                                       ]: 3704 (Loss: 0.3625)
[==                                      ]: 3705 (Loss: 0.3669)
[==                                      ]: 3706 (Loss: 0.3315)
[==                                      ]: 3707 (Loss: 0.2842)
[===                                     ]: 3708 (Loss: 0.3074)
[===                                     ]: 3709 (Loss: 0.3525)
[====                                    ]: 3710 (Loss: 0.3397)
[====                                    ]: 3711 (Loss: 0.3813)
[====                                    ]: 3712 (Loss: 0.5562)
[=====                                   ]: 3713 (Loss: 0.4513)
[=====                                   ]: 3714 (Loss: 0.5096)
[======                                  ]: 3715 (Loss: 0.4841)
[======                                  ]: 3716 (Loss: 0.2586)
[======                                  ]: 3717 (Loss: 0.3224)
[=======                                 ]: 3718 (Loss: 0.3014)
[=======                                 ]: 3719 (Loss: 0.4005)
[========                                ]: 3720 (Loss: 0.3073)
[========                                ]: 3721 (Loss: 0.4640)
[========                                ]: 3722 (Loss: 0.3550)
[=========                               ]: 3723 (Loss: 0.3640)
[=========                               ]: 3724 (Loss: 0.4706)
[==========                              ]: 3725 (Loss: 0.3429)
[==========                              ]: 3726 (Loss: 0.3394)
[==========                              ]: 3727 (Loss: 0.3378)
[===========                             ]: 3728 (Loss: 0.3351)
[===========                             ]: 3729 (Loss: 0.3759)
[============                            ]: 3730 (Loss: 0.5195)
[============                            ]: 3731 (Loss: 0.4462)
[============                            ]: 3732 (Loss: 0.3312)
[=============                           ]: 3733 (Loss: 0.4439)
[=============                           ]: 3734 (Loss: 0.4255)
[==============                          ]: 3735 (Loss: 0.3754)
[==============                          ]: 3736 (Loss: 0.3175)
[==============                          ]: 3737 (Loss: 0.3175)
[===============                         ]: 3738 (Loss: 0.4097)
[===============                         ]: 3739 (Loss: 0.3980)
[================                        ]: 3740 (Loss: 0.3877)
[================                        ]: 3741 (Loss: 0.4161)
[================                        ]: 3742 (Loss: 0.4473)
[=================                       ]: 3743 (Loss: 0.3599)
[=================                       ]: 3744 (Loss: 0.4734)
[==================                      ]: 3745 (Loss: 0.3105)
[==================                      ]: 3746 (Loss: 0.3101)
[==================                      ]: 3747 (Loss: 0.4045)
[===================                     ]: 3748 (Loss: 0.4229)
[===================                     ]: 3749 (Loss: 0.3841)
[====================                    ]: 3750 (Loss: 0.4150)
[====================                    ]: 3751 (Loss: 0.2681)
[====================                    ]: 3752 (Loss: 0.3290)
[=====================                   ]: 3753 (Loss: 0.3171)
[=====================                   ]: 3754 (Loss: 0.4275)
[======================                  ]: 3755 (Loss: 0.3698)
[======================                  ]: 3756 (Loss: 0.3825)
[======================                  ]: 3757 (Loss: 0.4275)
[=======================                 ]: 3758 (Loss: 0.4134)
[=======================                 ]: 3759 (Loss: 0.2804)
[========================                ]: 3760 (Loss: 0.4801)
[========================                ]: 3761 (Loss: 0.3587)
[========================                ]: 3762 (Loss: 0.3982)
[=========================               ]: 3763 (Loss: 0.4395)
[=========================               ]: 3764 (Loss: 0.3582)
[==========================              ]: 3765 (Loss: 0.4258)
[==========================              ]: 3766 (Loss: 0.3871)
[==========================              ]: 3767 (Loss: 0.3294)
[===========================             ]: 3768 (Loss: 0.4038)
[===========================             ]: 3769 (Loss: 0.4425)
[============================            ]: 3770 (Loss: 0.3908)
[============================            ]: 3771 (Loss: 0.3993)
[============================            ]: 3772 (Loss: 0.6168)
[=============================           ]: 3773 (Loss: 0.3922)
[=============================           ]: 3774 (Loss: 0.4315)
[==============================          ]: 3775 (Loss: 0.3254)
[==============================          ]: 3776 (Loss: 0.4488)
[==============================          ]: 3777 (Loss: 0.3666)
[===============================         ]: 3778 (Loss: 0.3750)
[===============================         ]: 3779 (Loss: 0.3628)
[================================        ]: 3780 (Loss: 0.4029)
[================================        ]: 3781 (Loss: 0.4008)
[================================        ]: 3782 (Loss: 0.4032)
[=================================       ]: 3783 (Loss: 0.4599)
[=================================       ]: 3784 (Loss: 0.4034)
[==================================      ]: 3785 (Loss: 0.4250)
[==================================      ]: 3786 (Loss: 0.3573)
[==================================      ]: 3787 (Loss: 0.4203)
[===================================     ]: 3788 (Loss: 0.5080)
[===================================     ]: 3789 (Loss: 0.2378)
[====================================    ]: 3790 (Loss: 0.3354)
[====================================    ]: 3791 (Loss: 0.4814)
[====================================    ]: 3792 (Loss: 0.4242)
[=====================================   ]: 3793 (Loss: 0.4715)
[=====================================   ]: 3794 (Loss: 0.4575)
[======================================  ]: 3795 (Loss: 0.3066)
[======================================  ]: 3796 (Loss: 0.4745)
[======================================  ]: 3797 (Loss: 0.4834)
[======================================= ]: 3798 (Loss: 0.3185)
[======================================= ]: 3799 (Loss: 0.4300)
[========================================]: 3800 (Loss: 0.4728)
                                                                                                    
[2026-07-16 21:34:35,208] [INFO] [__main__] Batch 3800 Loss: 0.391648 Cost: 7.35 Time: 187 ms/sequence
[2026-07-16 21:34:35,208] [INFO] [__main__] Advice weight norm: 19.241600 | Advice gradient norm: 0.000000

[                                        ]: 3801 (Loss: 0.4594)
[                                        ]: 3802 (Loss: 0.3762)
[=                                       ]: 3803 (Loss: 0.4016)
[=                                       ]: 3804 (Loss: 0.3938)
[==                                      ]: 3805 (Loss: 0.3089)
[==                                      ]: 3806 (Loss: 0.3597)
[==                                      ]: 3807 (Loss: 0.4248)
[===                                     ]: 3808 (Loss: 0.3426)
[===                                     ]: 3809 (Loss: 0.4352)
[====                                    ]: 3810 (Loss: 0.3857)
[====                                    ]: 3811 (Loss: 0.2125)
[====                                    ]: 3812 (Loss: 0.4011)
[=====                                   ]: 3813 (Loss: 0.4974)
[=====                                   ]: 3814 (Loss: 0.3255)
[======                                  ]: 3815 (Loss: 0.3659)
[======                                  ]: 3816 (Loss: 0.4647)
[======                                  ]: 3817 (Loss: 0.3315)
[=======                                 ]: 3818 (Loss: 0.3970)
[=======                                 ]: 3819 (Loss: 0.3488)
[========                                ]: 3820 (Loss: 0.3681)
[========                                ]: 3821 (Loss: 0.3481)
[========                                ]: 3822 (Loss: 0.4043)
[=========                               ]: 3823 (Loss: 0.3704)
[=========                               ]: 3824 (Loss: 0.3301)
[==========                              ]: 3825 (Loss: 0.4903)
[==========                              ]: 3826 (Loss: 0.4473)
[==========                              ]: 3827 (Loss: 0.4871)
[===========                             ]: 3828 (Loss: 0.4030)
[===========                             ]: 3829 (Loss: 0.4088)
[============                            ]: 3830 (Loss: 0.3164)
[============                            ]: 3831 (Loss: 0.3624)
[============                            ]: 3832 (Loss: 0.3488)
[=============                           ]: 3833 (Loss: 0.3714)
[=============                           ]: 3834 (Loss: 0.3682)
[==============                          ]: 3835 (Loss: 0.3822)
[==============                          ]: 3836 (Loss: 0.4447)
[==============                          ]: 3837 (Loss: 0.2910)
[===============                         ]: 3838 (Loss: 0.4290)
[===============                         ]: 3839 (Loss: 0.3103)
[================                        ]: 3840 (Loss: 0.3529)
[================                        ]: 3841 (Loss: 0.5015)
[================                        ]: 3842 (Loss: 0.4342)
[=================                       ]: 3843 (Loss: 0.2851)
[=================                       ]: 3844 (Loss: 0.3485)
[==================                      ]: 3845 (Loss: 0.3302)
[==================                      ]: 3846 (Loss: 0.4637)
[==================                      ]: 3847 (Loss: 0.3807)
[===================                     ]: 3848 (Loss: 0.3208)
[===================                     ]: 3849 (Loss: 0.4086)
[====================                    ]: 3850 (Loss: 0.3396)
[====================                    ]: 3851 (Loss: 0.2595)
[====================                    ]: 3852 (Loss: 0.3335)
[=====================                   ]: 3853 (Loss: 0.4423)
[=====================                   ]: 3854 (Loss: 0.4184)
[======================                  ]: 3855 (Loss: 0.4073)
[======================                  ]: 3856 (Loss: 0.3998)
[======================                  ]: 3857 (Loss: 0.5751)
[=======================                 ]: 3858 (Loss: 0.5659)
[=======================                 ]: 3859 (Loss: 0.4292)
[========================                ]: 3860 (Loss: 0.3941)
[========================                ]: 3861 (Loss: 0.4301)
[========================                ]: 3862 (Loss: 0.3932)
[=========================               ]: 3863 (Loss: 0.4383)
[=========================               ]: 3864 (Loss: 0.4044)
[==========================              ]: 3865 (Loss: 0.4552)
[==========================              ]: 3866 (Loss: 0.5031)
[==========================              ]: 3867 (Loss: 0.3239)
[===========================             ]: 3868 (Loss: 0.3702)
[===========================             ]: 3869 (Loss: 0.5040)
[============================            ]: 3870 (Loss: 0.3395)
[============================            ]: 3871 (Loss: 0.3439)
[============================            ]: 3872 (Loss: 0.3688)
[=============================           ]: 3873 (Loss: 0.4431)
[=============================           ]: 3874 (Loss: 0.3731)
[==============================          ]: 3875 (Loss: 0.3136)
[==============================          ]: 3876 (Loss: 0.5854)
[==============================          ]: 3877 (Loss: 0.6373)
[===============================         ]: 3878 (Loss: 0.4068)
[===============================         ]: 3879 (Loss: 0.4053)
[================================        ]: 3880 (Loss: 0.3624)
[================================        ]: 3881 (Loss: 0.3747)
[================================        ]: 3882 (Loss: 0.3484)
[=================================       ]: 3883 (Loss: 0.3538)
[=================================       ]: 3884 (Loss: 0.3410)
[==================================      ]: 3885 (Loss: 0.4730)
[==================================      ]: 3886 (Loss: 0.4054)
[==================================      ]: 3887 (Loss: 0.4507)
[===================================     ]: 3888 (Loss: 0.2827)
[===================================     ]: 3889 (Loss: 0.3696)
[====================================    ]: 3890 (Loss: 0.3861)
[====================================    ]: 3891 (Loss: 0.4666)
[====================================    ]: 3892 (Loss: 0.4252)
[=====================================   ]: 3893 (Loss: 0.3728)
[=====================================   ]: 3894 (Loss: 0.4557)
[======================================  ]: 3895 (Loss: 0.4511)
[======================================  ]: 3896 (Loss: 0.4600)
[======================================  ]: 3897 (Loss: 0.3247)
[======================================= ]: 3898 (Loss: 0.3129)
[======================================= ]: 3899 (Loss: 0.4226)
[========================================]: 3900 (Loss: 0.4885)
                                                                                                    
[2026-07-16 21:34:53,878] [INFO] [__main__] Batch 3900 Loss: 0.396720 Cost: 7.79 Time: 186 ms/sequence
[2026-07-16 21:34:53,878] [INFO] [__main__] Advice weight norm: 19.241600 | Advice gradient norm: 0.000000

[                                        ]: 3901 (Loss: 0.4134)
[                                        ]: 3902 (Loss: 0.4707)
[=                                       ]: 3903 (Loss: 0.3532)
[=                                       ]: 3904 (Loss: 0.5809)
[==                                      ]: 3905 (Loss: 0.3690)
[==                                      ]: 3906 (Loss: 0.3831)
[==                                      ]: 3907 (Loss: 0.3968)
[===                                     ]: 3908 (Loss: 0.3776)
[===                                     ]: 3909 (Loss: 0.3042)
[====                                    ]: 3910 (Loss: 0.3426)
[====                                    ]: 3911 (Loss: 0.4316)
[====                                    ]: 3912 (Loss: 0.3784)
[=====                                   ]: 3913 (Loss: 0.4344)
[=====                                   ]: 3914 (Loss: 0.3542)
[======                                  ]: 3915 (Loss: 0.4532)
[======                                  ]: 3916 (Loss: 0.3698)
[======                                  ]: 3917 (Loss: 0.3427)
[=======                                 ]: 3918 (Loss: 0.3431)
[=======                                 ]: 3919 (Loss: 0.3779)
[========                                ]: 3920 (Loss: 0.4214)
[========                                ]: 3921 (Loss: 0.4148)
[========                                ]: 3922 (Loss: 0.2867)
[=========                               ]: 3923 (Loss: 0.3279)
[=========                               ]: 3924 (Loss: 0.4682)
[==========                              ]: 3925 (Loss: 0.3174)
[==========                              ]: 3926 (Loss: 0.2906)
[==========                              ]: 3927 (Loss: 0.3634)
[===========                             ]: 3928 (Loss: 0.3993)
[===========                             ]: 3929 (Loss: 0.4769)
[============                            ]: 3930 (Loss: 0.3577)
[============                            ]: 3931 (Loss: 0.4360)
[============                            ]: 3932 (Loss: 0.3290)
[=============                           ]: 3933 (Loss: 0.2856)
[=============                           ]: 3934 (Loss: 0.5236)
[==============                          ]: 3935 (Loss: 0.3748)
[==============                          ]: 3936 (Loss: 0.4004)
[==============                          ]: 3937 (Loss: 0.4275)
[===============                         ]: 3938 (Loss: 0.3071)
[===============                         ]: 3939 (Loss: 0.5969)
[================                        ]: 3940 (Loss: 0.3661)
[================                        ]: 3941 (Loss: 0.5662)
[================                        ]: 3942 (Loss: 0.3292)
[=================                       ]: 3943 (Loss: 0.3875)
[=================                       ]: 3944 (Loss: 0.4206)
[==================                      ]: 3945 (Loss: 0.3614)
[==================                      ]: 3946 (Loss: 0.4481)
[==================                      ]: 3947 (Loss: 0.4127)
[===================                     ]: 3948 (Loss: 0.4672)
[===================                     ]: 3949 (Loss: 0.4507)
[====================                    ]: 3950 (Loss: 0.3842)
[====================                    ]: 3951 (Loss: 0.4683)
[====================                    ]: 3952 (Loss: 0.3308)
[=====================                   ]: 3953 (Loss: 0.3876)
[=====================                   ]: 3954 (Loss: 0.4198)
[======================                  ]: 3955 (Loss: 0.4635)
[======================                  ]: 3956 (Loss: 0.3833)
[======================                  ]: 3957 (Loss: 0.3059)
[=======================                 ]: 3958 (Loss: 0.6367)
[=======================                 ]: 3959 (Loss: 0.4103)
[========================                ]: 3960 (Loss: 0.4239)
[========================                ]: 3961 (Loss: 0.3016)
[========================                ]: 3962 (Loss: 0.3314)
[=========================               ]: 3963 (Loss: 0.5068)
[=========================               ]: 3964 (Loss: 0.3263)
[==========================              ]: 3965 (Loss: 0.3671)
[==========================              ]: 3966 (Loss: 0.4149)
[==========================              ]: 3967 (Loss: 0.3449)
[===========================             ]: 3968 (Loss: 0.2327)
[===========================             ]: 3969 (Loss: 0.4396)
[============================            ]: 3970 (Loss: 0.3211)
[============================            ]: 3971 (Loss: 0.4154)
[============================            ]: 3972 (Loss: 0.5186)
[=============================           ]: 3973 (Loss: 0.3384)
[=============================           ]: 3974 (Loss: 0.4180)
[==============================          ]: 3975 (Loss: 0.4037)
[==============================          ]: 3976 (Loss: 0.2906)
[==============================          ]: 3977 (Loss: 0.2719)
[===============================         ]: 3978 (Loss: 0.3250)
[===============================         ]: 3979 (Loss: 0.3385)
[================================        ]: 3980 (Loss: 0.3976)
[================================        ]: 3981 (Loss: 0.3890)
[================================        ]: 3982 (Loss: 0.3817)
[=================================       ]: 3983 (Loss: 0.3471)
[=================================       ]: 3984 (Loss: 0.3579)
[==================================      ]: 3985 (Loss: 0.4631)
[==================================      ]: 3986 (Loss: 0.3711)
[==================================      ]: 3987 (Loss: 0.4501)
[===================================     ]: 3988 (Loss: 0.3978)
[===================================     ]: 3989 (Loss: 0.4798)
[====================================    ]: 3990 (Loss: 0.4154)
[====================================    ]: 3991 (Loss: 0.3648)
[====================================    ]: 3992 (Loss: 0.3881)
[=====================================   ]: 3993 (Loss: 0.4761)
[=====================================   ]: 3994 (Loss: 0.4830)
[======================================  ]: 3995 (Loss: 0.3379)
[======================================  ]: 3996 (Loss: 0.3151)
[======================================  ]: 3997 (Loss: 0.3122)
[======================================= ]: 3998 (Loss: 0.4331)
[======================================= ]: 3999 (Loss: 0.4665)
[========================================]: 4000 (Loss: 0.5134)
                                                                                                    
[2026-07-16 21:35:12,855] [INFO] [__main__] Batch 4000 Loss: 0.395529 Cost: 7.44 Time: 189 ms/sequence
[2026-07-16 21:35:12,856] [INFO] [__main__] Advice weight norm: 19.241600 | Advice gradient norm: 0.000000

                                                                                                    
[2026-07-16 21:35:12,858] [INFO] [__main__] Saving checkpoint to 'runs\copy_sanity_len5\copy\zero\seed_1000\checkpoint-batch-00004000.pt'

[                                        ]: 4001 (Loss: 0.4376)
[                                        ]: 4002 (Loss: 0.3877)
[=                                       ]: 4003 (Loss: 0.4801)
[=                                       ]: 4004 (Loss: 0.2545)
[==                                      ]: 4005 (Loss: 0.3512)
[==                                      ]: 4006 (Loss: 0.3683)
[==                                      ]: 4007 (Loss: 0.2559)
[===                                     ]: 4008 (Loss: 0.3119)
[===                                     ]: 4009 (Loss: 0.4768)
[====                                    ]: 4010 (Loss: 0.4597)
[====                                    ]: 4011 (Loss: 0.5198)
[====                                    ]: 4012 (Loss: 0.3941)
[=====                                   ]: 4013 (Loss: 0.2903)
[=====                                   ]: 4014 (Loss: 0.5050)
[======                                  ]: 4015 (Loss: 0.3481)
[======                                  ]: 4016 (Loss: 0.3847)
[======                                  ]: 4017 (Loss: 0.3521)
[=======                                 ]: 4018 (Loss: 0.3295)
[=======                                 ]: 4019 (Loss: 0.3703)
[========                                ]: 4020 (Loss: 0.3983)
[========                                ]: 4021 (Loss: 0.4609)
[========                                ]: 4022 (Loss: 0.3911)
[=========                               ]: 4023 (Loss: 0.3437)
[=========                               ]: 4024 (Loss: 0.3789)
[==========                              ]: 4025 (Loss: 0.2809)
[==========                              ]: 4026 (Loss: 0.3773)
[==========                              ]: 4027 (Loss: 0.3588)
[===========                             ]: 4028 (Loss: 0.3563)
[===========                             ]: 4029 (Loss: 0.3713)
[============                            ]: 4030 (Loss: 0.3547)
[============                            ]: 4031 (Loss: 0.2998)
[============                            ]: 4032 (Loss: 0.3877)
[=============                           ]: 4033 (Loss: 0.5249)
[=============                           ]: 4034 (Loss: 0.4338)
[==============                          ]: 4035 (Loss: 0.3959)
[==============                          ]: 4036 (Loss: 0.5349)
[==============                          ]: 4037 (Loss: 0.5145)
[===============                         ]: 4038 (Loss: 0.4926)
[===============                         ]: 4039 (Loss: 0.4500)
[================                        ]: 4040 (Loss: 0.2968)
[================                        ]: 4041 (Loss: 0.3307)
[================                        ]: 4042 (Loss: 0.3244)
[=================                       ]: 4043 (Loss: 0.3497)
[=================                       ]: 4044 (Loss: 0.4175)
[==================                      ]: 4045 (Loss: 0.4960)
[==================                      ]: 4046 (Loss: 0.3736)
[==================                      ]: 4047 (Loss: 0.5212)
[===================                     ]: 4048 (Loss: 0.3005)
[===================                     ]: 4049 (Loss: 0.3843)
[====================                    ]: 4050 (Loss: 0.4438)
[====================                    ]: 4051 (Loss: 0.3926)
[====================                    ]: 4052 (Loss: 0.3292)
[=====================                   ]: 4053 (Loss: 0.3451)
[=====================                   ]: 4054 (Loss: 0.4291)
[======================                  ]: 4055 (Loss: 0.3893)
[======================                  ]: 4056 (Loss: 0.3753)
[======================                  ]: 4057 (Loss: 0.4063)
[=======================                 ]: 4058 (Loss: 0.4591)
[=======================                 ]: 4059 (Loss: 0.2021)
[========================                ]: 4060 (Loss: 0.5064)
[========================                ]: 4061 (Loss: 0.3252)
[========================                ]: 4062 (Loss: 0.5320)
[=========================               ]: 4063 (Loss: 0.4110)
[=========================               ]: 4064 (Loss: 0.4224)
[==========================              ]: 4065 (Loss: 0.4695)
[==========================              ]: 4066 (Loss: 0.4541)
[==========================              ]: 4067 (Loss: 0.3703)
[===========================             ]: 4068 (Loss: 0.3959)
[===========================             ]: 4069 (Loss: 0.2535)
[============================            ]: 4070 (Loss: 0.5412)
[============================            ]: 4071 (Loss: 0.4940)
[============================            ]: 4072 (Loss: 0.4459)
[=============================           ]: 4073 (Loss: 0.3388)
[=============================           ]: 4074 (Loss: 0.4093)
[==============================          ]: 4075 (Loss: 0.4620)
[==============================          ]: 4076 (Loss: 0.4312)
[==============================          ]: 4077 (Loss: 0.4835)
[===============================         ]: 4078 (Loss: 0.3191)
[===============================         ]: 4079 (Loss: 0.3117)
[================================        ]: 4080 (Loss: 0.2697)
[================================        ]: 4081 (Loss: 0.2525)
[================================        ]: 4082 (Loss: 0.3054)
[=================================       ]: 4083 (Loss: 0.4627)
[=================================       ]: 4084 (Loss: 0.3673)
[==================================      ]: 4085 (Loss: 0.4532)
[==================================      ]: 4086 (Loss: 0.3989)
[==================================      ]: 4087 (Loss: 0.3718)
[===================================     ]: 4088 (Loss: 0.3981)
[===================================     ]: 4089 (Loss: 0.3345)
[====================================    ]: 4090 (Loss: 0.4304)
[====================================    ]: 4091 (Loss: 0.2414)
[====================================    ]: 4092 (Loss: 0.4577)
[=====================================   ]: 4093 (Loss: 0.2508)
[=====================================   ]: 4094 (Loss: 0.3473)
[======================================  ]: 4095 (Loss: 0.4383)
[======================================  ]: 4096 (Loss: 0.3692)
[======================================  ]: 4097 (Loss: 0.4285)
[======================================= ]: 4098 (Loss: 0.3868)
[======================================= ]: 4099 (Loss: 0.3723)
[========================================]: 4100 (Loss: 0.3725)
                                                                                                    
[2026-07-16 21:35:32,388] [INFO] [__main__] Batch 4100 Loss: 0.390372 Cost: 7.33 Time: 195 ms/sequence
[2026-07-16 21:35:32,389] [INFO] [__main__] Advice weight norm: 19.241600 | Advice gradient norm: 0.000000

[                                        ]: 4101 (Loss: 0.2985)
[                                        ]: 4102 (Loss: 0.3595)
[=                                       ]: 4103 (Loss: 0.4089)
[=                                       ]: 4104 (Loss: 0.3043)
[==                                      ]: 4105 (Loss: 0.2826)
[==                                      ]: 4106 (Loss: 0.3892)
[==                                      ]: 4107 (Loss: 0.3625)
[===                                     ]: 4108 (Loss: 0.5456)
[===                                     ]: 4109 (Loss: 0.4088)
[====                                    ]: 4110 (Loss: 0.3831)
[====                                    ]: 4111 (Loss: 0.3146)
[====                                    ]: 4112 (Loss: 0.3173)
[=====                                   ]: 4113 (Loss: 0.3045)
[=====                                   ]: 4114 (Loss: 0.2602)
[======                                  ]: 4115 (Loss: 0.3363)
[======                                  ]: 4116 (Loss: 0.4061)
[======                                  ]: 4117 (Loss: 0.2856)
[=======                                 ]: 4118 (Loss: 0.3163)
[=======                                 ]: 4119 (Loss: 0.3820)
[========                                ]: 4120 (Loss: 0.4176)
[========                                ]: 4121 (Loss: 0.4167)
[========                                ]: 4122 (Loss: 0.3760)
[=========                               ]: 4123 (Loss: 0.4404)
[=========                               ]: 4124 (Loss: 0.3255)
[==========                              ]: 4125 (Loss: 0.3645)
[==========                              ]: 4126 (Loss: 0.3516)
[==========                              ]: 4127 (Loss: 0.2718)
[===========                             ]: 4128 (Loss: 0.3039)
[===========                             ]: 4129 (Loss: 0.5544)
[============                            ]: 4130 (Loss: 0.3160)
[============                            ]: 4131 (Loss: 0.3842)
[============                            ]: 4132 (Loss: 0.5467)
[=============                           ]: 4133 (Loss: 0.2792)
[=============                           ]: 4134 (Loss: 0.3861)
[==============                          ]: 4135 (Loss: 0.4463)
[==============                          ]: 4136 (Loss: 0.4012)
[==============                          ]: 4137 (Loss: 0.3959)
[===============                         ]: 4138 (Loss: 0.4786)
[===============                         ]: 4139 (Loss: 0.4012)
[================                        ]: 4140 (Loss: 0.4125)
[================                        ]: 4141 (Loss: 0.4087)
[================                        ]: 4142 (Loss: 0.4317)
[=================                       ]: 4143 (Loss: 0.3281)
[=================                       ]: 4144 (Loss: 0.3705)
[==================                      ]: 4145 (Loss: 0.3597)
[==================                      ]: 4146 (Loss: 0.4450)
[==================                      ]: 4147 (Loss: 0.3392)
[===================                     ]: 4148 (Loss: 0.4149)
[===================                     ]: 4149 (Loss: 0.2895)
[====================                    ]: 4150 (Loss: 0.3617)
[====================                    ]: 4151 (Loss: 0.2234)
[====================                    ]: 4152 (Loss: 0.5225)
[=====================                   ]: 4153 (Loss: 0.4181)
[=====================                   ]: 4154 (Loss: 0.4342)
[======================                  ]: 4155 (Loss: 0.3962)
[======================                  ]: 4156 (Loss: 0.4430)
[======================                  ]: 4157 (Loss: 0.2885)
[=======================                 ]: 4158 (Loss: 0.3288)
[=======================                 ]: 4159 (Loss: 0.4256)
[========================                ]: 4160 (Loss: 0.3543)
[========================                ]: 4161 (Loss: 0.4292)
[========================                ]: 4162 (Loss: 0.4012)
[=========================               ]: 4163 (Loss: 0.4278)
[=========================               ]: 4164 (Loss: 0.4079)
[==========================              ]: 4165 (Loss: 0.4643)
[==========================              ]: 4166 (Loss: 0.3758)
[==========================              ]: 4167 (Loss: 0.3168)
[===========================             ]: 4168 (Loss: 0.3337)
[===========================             ]: 4169 (Loss: 0.4287)
[============================            ]: 4170 (Loss: 0.4423)
[============================            ]: 4171 (Loss: 0.2973)
[============================            ]: 4172 (Loss: 0.3597)
[=============================           ]: 4173 (Loss: 0.5112)
[=============================           ]: 4174 (Loss: 0.5112)
[==============================          ]: 4175 (Loss: 0.5061)
[==============================          ]: 4176 (Loss: 0.5432)
[==============================          ]: 4177 (Loss: 0.4656)
[===============================         ]: 4178 (Loss: 0.4239)
[===============================         ]: 4179 (Loss: 0.4329)
[================================        ]: 4180 (Loss: 0.5257)
[================================        ]: 4181 (Loss: 0.3025)
[================================        ]: 4182 (Loss: 0.2334)
[=================================       ]: 4183 (Loss: 0.4329)
[=================================       ]: 4184 (Loss: 0.3883)
[==================================      ]: 4185 (Loss: 0.4067)
[==================================      ]: 4186 (Loss: 0.2278)
[==================================      ]: 4187 (Loss: 0.3179)
[===================================     ]: 4188 (Loss: 0.4276)
[===================================     ]: 4189 (Loss: 0.3437)
[====================================    ]: 4190 (Loss: 0.4360)
[====================================    ]: 4191 (Loss: 0.4361)
[====================================    ]: 4192 (Loss: 0.4962)
[=====================================   ]: 4193 (Loss: 0.3778)
[=====================================   ]: 4194 (Loss: 0.4403)
[======================================  ]: 4195 (Loss: 0.2719)
[======================================  ]: 4196 (Loss: 0.2226)
[======================================  ]: 4197 (Loss: 0.3592)
[======================================= ]: 4198 (Loss: 0.3867)
[======================================= ]: 4199 (Loss: 0.4182)
[========================================]: 4200 (Loss: 0.3899)
                                                                                                    
[2026-07-16 21:35:51,189] [INFO] [__main__] Batch 4200 Loss: 0.384404 Cost: 7.18 Time: 187 ms/sequence
[2026-07-16 21:35:51,189] [INFO] [__main__] Advice weight norm: 19.241600 | Advice gradient norm: 0.000000

[                                        ]: 4201 (Loss: 0.1893)
[                                        ]: 4202 (Loss: 0.3699)
[=                                       ]: 4203 (Loss: 0.3905)
[=                                       ]: 4204 (Loss: 0.4801)
[==                                      ]: 4205 (Loss: 0.2751)
[==                                      ]: 4206 (Loss: 0.3542)
[==                                      ]: 4207 (Loss: 0.5052)
[===                                     ]: 4208 (Loss: 0.3141)
[===                                     ]: 4209 (Loss: 0.4716)
[====                                    ]: 4210 (Loss: 0.4155)
[====                                    ]: 4211 (Loss: 0.3780)
[====                                    ]: 4212 (Loss: 0.2857)
[=====                                   ]: 4213 (Loss: 0.4915)
[=====                                   ]: 4214 (Loss: 0.4734)
[======                                  ]: 4215 (Loss: 0.3389)
[======                                  ]: 4216 (Loss: 0.3582)
[======                                  ]: 4217 (Loss: 0.3165)
[=======                                 ]: 4218 (Loss: 0.3085)
[=======                                 ]: 4219 (Loss: 0.3601)
[========                                ]: 4220 (Loss: 0.4160)
[========                                ]: 4221 (Loss: 0.4387)
[========                                ]: 4222 (Loss: 0.4347)
[=========                               ]: 4223 (Loss: 0.4215)
[=========                               ]: 4224 (Loss: 0.3937)
[==========                              ]: 4225 (Loss: 0.4255)
[==========                              ]: 4226 (Loss: 0.3862)
[==========                              ]: 4227 (Loss: 0.4087)
[===========                             ]: 4228 (Loss: 0.2722)
[===========                             ]: 4229 (Loss: 0.3795)
[============                            ]: 4230 (Loss: 0.3839)
[============                            ]: 4231 (Loss: 0.4463)
[============                            ]: 4232 (Loss: 0.4706)
[=============                           ]: 4233 (Loss: 0.4179)
[=============                           ]: 4234 (Loss: 0.3367)
[==============                          ]: 4235 (Loss: 0.3405)
[==============                          ]: 4236 (Loss: 0.3581)
[==============                          ]: 4237 (Loss: 0.3688)
[===============                         ]: 4238 (Loss: 0.4424)
[===============                         ]: 4239 (Loss: 0.3670)
[================                        ]: 4240 (Loss: 0.2967)
[================                        ]: 4241 (Loss: 0.3248)
[================                        ]: 4242 (Loss: 0.3768)
[=================                       ]: 4243 (Loss: 0.3020)
[=================                       ]: 4244 (Loss: 0.3389)
[==================                      ]: 4245 (Loss: 0.4647)
[==================                      ]: 4246 (Loss: 0.4053)
[==================                      ]: 4247 (Loss: 0.4257)
[===================                     ]: 4248 (Loss: 0.2912)
[===================                     ]: 4249 (Loss: 0.4543)
[====================                    ]: 4250 (Loss: 0.3198)
[====================                    ]: 4251 (Loss: 0.2847)
[====================                    ]: 4252 (Loss: 0.3924)
[=====================                   ]: 4253 (Loss: 0.4573)
[=====================                   ]: 4254 (Loss: 0.3078)
[======================                  ]: 4255 (Loss: 0.3892)
[======================                  ]: 4256 (Loss: 0.4904)
[======================                  ]: 4257 (Loss: 0.3286)
[=======================                 ]: 4258 (Loss: 0.4429)
[=======================                 ]: 4259 (Loss: 0.3450)
[========================                ]: 4260 (Loss: 0.4546)
[========================                ]: 4261 (Loss: 0.5156)
[========================                ]: 4262 (Loss: 0.3241)
[=========================               ]: 4263 (Loss: 0.3930)
[=========================               ]: 4264 (Loss: 0.4693)
[==========================              ]: 4265 (Loss: 0.4015)
[==========================              ]: 4266 (Loss: 0.3685)
[==========================              ]: 4267 (Loss: 0.5171)
[===========================             ]: 4268 (Loss: 0.3944)
[===========================             ]: 4269 (Loss: 0.3540)
[============================            ]: 4270 (Loss: 0.3951)
[============================            ]: 4271 (Loss: 0.3584)
[============================            ]: 4272 (Loss: 0.3440)
[=============================           ]: 4273 (Loss: 0.2681)
[=============================           ]: 4274 (Loss: 0.6494)
[==============================          ]: 4275 (Loss: 0.5071)
[==============================          ]: 4276 (Loss: 0.3060)
[==============================          ]: 4277 (Loss: 0.4558)
[===============================         ]: 4278 (Loss: 0.3673)
[===============================         ]: 4279 (Loss: 0.3018)
[================================        ]: 4280 (Loss: 0.4534)
[================================        ]: 4281 (Loss: 0.3143)
[================================        ]: 4282 (Loss: 0.3377)
[=================================       ]: 4283 (Loss: 0.4182)
[=================================       ]: 4284 (Loss: 0.2808)
[==================================      ]: 4285 (Loss: 0.5277)
[==================================      ]: 4286 (Loss: 0.2951)
[==================================      ]: 4287 (Loss: 0.3896)
[===================================     ]: 4288 (Loss: 0.3339)
[===================================     ]: 4289 (Loss: 0.2806)
[====================================    ]: 4290 (Loss: 0.4061)
[====================================    ]: 4291 (Loss: 0.3868)
[====================================    ]: 4292 (Loss: 0.4374)
[=====================================   ]: 4293 (Loss: 0.3579)
[=====================================   ]: 4294 (Loss: 0.3409)
[======================================  ]: 4295 (Loss: 0.3417)
[======================================  ]: 4296 (Loss: 0.3065)
[======================================  ]: 4297 (Loss: 0.2692)
[======================================= ]: 4298 (Loss: 0.4734)
[======================================= ]: 4299 (Loss: 0.3515)
[========================================]: 4300 (Loss: 0.4274)
                                                                                                    
[2026-07-16 21:36:10,089] [INFO] [__main__] Batch 4300 Loss: 0.382983 Cost: 7.09 Time: 189 ms/sequence
[2026-07-16 21:36:10,090] [INFO] [__main__] Advice weight norm: 19.241600 | Advice gradient norm: 0.000000

[                                        ]: 4301 (Loss: 0.3232)
[                                        ]: 4302 (Loss: 0.4659)
[=                                       ]: 4303 (Loss: 0.3058)
[=                                       ]: 4304 (Loss: 0.3252)
[==                                      ]: 4305 (Loss: 0.4541)
[==                                      ]: 4306 (Loss: 0.3871)
[==                                      ]: 4307 (Loss: 0.3716)
[===                                     ]: 4308 (Loss: 0.3255)
[===                                     ]: 4309 (Loss: 0.3275)
[====                                    ]: 4310 (Loss: 0.3471)
[====                                    ]: 4311 (Loss: 0.3599)
[====                                    ]: 4312 (Loss: 0.5151)
[=====                                   ]: 4313 (Loss: 0.3161)
[=====                                   ]: 4314 (Loss: 0.2913)
[======                                  ]: 4315 (Loss: 0.3650)
[======                                  ]: 4316 (Loss: 0.4063)
[======                                  ]: 4317 (Loss: 0.3268)
[=======                                 ]: 4318 (Loss: 0.2818)
[=======                                 ]: 4319 (Loss: 0.5071)
[========                                ]: 4320 (Loss: 0.4062)
[========                                ]: 4321 (Loss: 0.4601)
[========                                ]: 4322 (Loss: 0.2800)
[=========                               ]: 4323 (Loss: 0.3861)
[=========                               ]: 4324 (Loss: 0.4460)
[==========                              ]: 4325 (Loss: 0.5384)
[==========                              ]: 4326 (Loss: 0.3810)
[==========                              ]: 4327 (Loss: 0.3734)
[===========                             ]: 4328 (Loss: 0.4282)
[===========                             ]: 4329 (Loss: 0.5030)
[============                            ]: 4330 (Loss: 0.2933)
[============                            ]: 4331 (Loss: 0.3788)
[============                            ]: 4332 (Loss: 0.3193)
[=============                           ]: 4333 (Loss: 0.5170)
[=============                           ]: 4334 (Loss: 0.2679)
[==============                          ]: 4335 (Loss: 0.3220)
[==============                          ]: 4336 (Loss: 0.4083)
[==============                          ]: 4337 (Loss: 0.4199)
[===============                         ]: 4338 (Loss: 0.4195)
[===============                         ]: 4339 (Loss: 0.4177)
[================                        ]: 4340 (Loss: 0.3274)
[================                        ]: 4341 (Loss: 0.3892)
[================                        ]: 4342 (Loss: 0.3080)
[=================                       ]: 4343 (Loss: 0.3648)
[=================                       ]: 4344 (Loss: 0.3953)
[==================                      ]: 4345 (Loss: 0.5689)
[==================                      ]: 4346 (Loss: 0.5768)
[==================                      ]: 4347 (Loss: 0.3127)
[===================                     ]: 4348 (Loss: 0.3196)
[===================                     ]: 4349 (Loss: 0.3460)
[====================                    ]: 4350 (Loss: 0.2345)
[====================                    ]: 4351 (Loss: 0.4430)
[====================                    ]: 4352 (Loss: 0.5848)
[=====================                   ]: 4353 (Loss: 0.3651)
[=====================                   ]: 4354 (Loss: 0.4179)
[======================                  ]: 4355 (Loss: 0.2833)
[======================                  ]: 4356 (Loss: 0.4205)
[======================                  ]: 4357 (Loss: 0.3912)
[=======================                 ]: 4358 (Loss: 0.3303)
[=======================                 ]: 4359 (Loss: 0.2468)
[========================                ]: 4360 (Loss: 0.4020)
[========================                ]: 4361 (Loss: 0.4261)
[========================                ]: 4362 (Loss: 0.4351)
[=========================               ]: 4363 (Loss: 0.3150)
[=========================               ]: 4364 (Loss: 0.2496)
[==========================              ]: 4365 (Loss: 0.4530)
[==========================              ]: 4366 (Loss: 0.5222)
[==========================              ]: 4367 (Loss: 0.4198)
[===========================             ]: 4368 (Loss: 0.3699)
[===========================             ]: 4369 (Loss: 0.4859)
[============================            ]: 4370 (Loss: 0.3420)
[============================            ]: 4371 (Loss: 0.3268)
[============================            ]: 4372 (Loss: 0.3038)
[=============================           ]: 4373 (Loss: 0.4061)
[=============================           ]: 4374 (Loss: 0.5228)
[==============================          ]: 4375 (Loss: 0.3247)
[==============================          ]: 4376 (Loss: 0.2460)
[==============================          ]: 4377 (Loss: 0.3120)
[===============================         ]: 4378 (Loss: 0.4012)
[===============================         ]: 4379 (Loss: 0.3977)
[================================        ]: 4380 (Loss: 0.3173)
[================================        ]: 4381 (Loss: 0.3935)
[================================        ]: 4382 (Loss: 0.2525)
[=================================       ]: 4383 (Loss: 0.3785)
[=================================       ]: 4384 (Loss: 0.4226)
[==================================      ]: 4385 (Loss: 0.4468)
[==================================      ]: 4386 (Loss: 0.3738)
[==================================      ]: 4387 (Loss: 0.2904)
[===================================     ]: 4388 (Loss: 0.3507)
[===================================     ]: 4389 (Loss: 0.4115)
[====================================    ]: 4390 (Loss: 0.3445)
[====================================    ]: 4391 (Loss: 0.2626)
[====================================    ]: 4392 (Loss: 0.3975)
[=====================================   ]: 4393 (Loss: 0.3246)
[=====================================   ]: 4394 (Loss: 0.4501)
[======================================  ]: 4395 (Loss: 0.4561)
[======================================  ]: 4396 (Loss: 0.4037)
[======================================  ]: 4397 (Loss: 0.2545)
[======================================= ]: 4398 (Loss: 0.3566)
[======================================= ]: 4399 (Loss: 0.4903)
[========================================]: 4400 (Loss: 0.3779)
                                                                                                    
[2026-07-16 21:36:28,850] [INFO] [__main__] Batch 4400 Loss: 0.380126 Cost: 7.32 Time: 187 ms/sequence
[2026-07-16 21:36:28,851] [INFO] [__main__] Advice weight norm: 19.241600 | Advice gradient norm: 0.000000

[                                        ]: 4401 (Loss: 0.4691)
[                                        ]: 4402 (Loss: 0.2774)
[=                                       ]: 4403 (Loss: 0.3648)
[=                                       ]: 4404 (Loss: 0.3896)
[==                                      ]: 4405 (Loss: 0.3313)
[==                                      ]: 4406 (Loss: 0.3007)
[==                                      ]: 4407 (Loss: 0.5589)
[===                                     ]: 4408 (Loss: 0.3418)
[===                                     ]: 4409 (Loss: 0.2407)
[====                                    ]: 4410 (Loss: 0.3240)
[====                                    ]: 4411 (Loss: 0.4063)
[====                                    ]: 4412 (Loss: 0.3294)
[=====                                   ]: 4413 (Loss: 0.2734)
[=====                                   ]: 4414 (Loss: 0.2945)
[======                                  ]: 4415 (Loss: 0.4201)
[======                                  ]: 4416 (Loss: 0.4558)
[======                                  ]: 4417 (Loss: 0.3807)
[=======                                 ]: 4418 (Loss: 0.3212)
[=======                                 ]: 4419 (Loss: 0.2746)
[========                                ]: 4420 (Loss: 0.4151)
[========                                ]: 4421 (Loss: 0.4451)
[========                                ]: 4422 (Loss: 0.3691)
[=========                               ]: 4423 (Loss: 0.3549)
[=========                               ]: 4424 (Loss: 0.4621)
[==========                              ]: 4425 (Loss: 0.2616)
[==========                              ]: 4426 (Loss: 0.3903)
[==========                              ]: 4427 (Loss: 0.3731)
[===========                             ]: 4428 (Loss: 0.2787)
[===========                             ]: 4429 (Loss: 0.3735)
[============                            ]: 4430 (Loss: 0.3661)
[============                            ]: 4431 (Loss: 0.3019)
[============                            ]: 4432 (Loss: 0.1985)
[=============                           ]: 4433 (Loss: 0.3473)
[=============                           ]: 4434 (Loss: 0.5398)
[==============                          ]: 4435 (Loss: 0.3485)
[==============                          ]: 4436 (Loss: 0.3691)
[==============                          ]: 4437 (Loss: 0.4090)
[===============                         ]: 4438 (Loss: 0.4470)
[===============                         ]: 4439 (Loss: 0.4296)
[================                        ]: 4440 (Loss: 0.3962)
[================                        ]: 4441 (Loss: 0.5006)
[================                        ]: 4442 (Loss: 0.3007)
[=================                       ]: 4443 (Loss: 0.4436)
[=================                       ]: 4444 (Loss: 0.3545)
[==================                      ]: 4445 (Loss: 0.5810)
[==================                      ]: 4446 (Loss: 0.4881)
[==================                      ]: 4447 (Loss: 0.3657)
[===================                     ]: 4448 (Loss: 0.2068)
[===================                     ]: 4449 (Loss: 0.3538)
[====================                    ]: 4450 (Loss: 0.3422)
[====================                    ]: 4451 (Loss: 0.3835)
[====================                    ]: 4452 (Loss: 0.4235)
[=====================                   ]: 4453 (Loss: 0.3797)
[=====================                   ]: 4454 (Loss: 0.2746)
[======================                  ]: 4455 (Loss: 0.3528)
[======================                  ]: 4456 (Loss: 0.3893)
[======================                  ]: 4457 (Loss: 0.4179)
[=======================                 ]: 4458 (Loss: 0.2992)
[=======================                 ]: 4459 (Loss: 0.5296)
[========================                ]: 4460 (Loss: 0.2886)
[========================                ]: 4461 (Loss: 0.4056)
[========================                ]: 4462 (Loss: 0.4450)
[=========================               ]: 4463 (Loss: 0.3649)
[=========================               ]: 4464 (Loss: 0.3697)
[==========================              ]: 4465 (Loss: 0.5346)
[==========================              ]: 4466 (Loss: 0.2770)
[==========================              ]: 4467 (Loss: 0.3218)
[===========================             ]: 4468 (Loss: 0.3324)
[===========================             ]: 4469 (Loss: 0.3531)
[============================            ]: 4470 (Loss: 0.3418)
[============================            ]: 4471 (Loss: 0.3603)
[============================            ]: 4472 (Loss: 0.3551)
[=============================           ]: 4473 (Loss: 0.3458)
[=============================           ]: 4474 (Loss: 0.4832)
[==============================          ]: 4475 (Loss: 0.3310)
[==============================          ]: 4476 (Loss: 0.4019)
[==============================          ]: 4477 (Loss: 0.4752)
[===============================         ]: 4478 (Loss: 0.4347)
[===============================         ]: 4479 (Loss: 0.4831)
[================================        ]: 4480 (Loss: 0.3223)
[================================        ]: 4481 (Loss: 0.3492)
[================================        ]: 4482 (Loss: 0.4220)
[=================================       ]: 4483 (Loss: 0.5037)
[=================================       ]: 4484 (Loss: 0.3748)
[==================================      ]: 4485 (Loss: 0.2955)
[==================================      ]: 4486 (Loss: 0.3436)
[==================================      ]: 4487 (Loss: 0.3280)
[===================================     ]: 4488 (Loss: 0.3721)
[===================================     ]: 4489 (Loss: 0.4052)
[====================================    ]: 4490 (Loss: 0.2990)
[====================================    ]: 4491 (Loss: 0.2943)
[====================================    ]: 4492 (Loss: 0.4143)
[=====================================   ]: 4493 (Loss: 0.3935)
[=====================================   ]: 4494 (Loss: 0.4066)
[======================================  ]: 4495 (Loss: 0.4408)
[======================================  ]: 4496 (Loss: 0.6373)
[======================================  ]: 4497 (Loss: 0.3886)
[======================================= ]: 4498 (Loss: 0.4409)
[======================================= ]: 4499 (Loss: 0.3182)
[========================================]: 4500 (Loss: 0.3254)
                                                                                                    
[2026-07-16 21:36:47,772] [INFO] [__main__] Batch 4500 Loss: 0.377981 Cost: 7.10 Time: 189 ms/sequence
[2026-07-16 21:36:47,773] [INFO] [__main__] Advice weight norm: 19.241600 | Advice gradient norm: 0.000000

[                                        ]: 4501 (Loss: 0.3512)
[                                        ]: 4502 (Loss: 0.4025)
[=                                       ]: 4503 (Loss: 0.3916)
[=                                       ]: 4504 (Loss: 0.4111)
[==                                      ]: 4505 (Loss: 0.2643)
[==                                      ]: 4506 (Loss: 0.2710)
[==                                      ]: 4507 (Loss: 0.4161)
[===                                     ]: 4508 (Loss: 0.2836)
[===                                     ]: 4509 (Loss: 0.3260)
[====                                    ]: 4510 (Loss: 0.3042)
[====                                    ]: 4511 (Loss: 0.3357)
[====                                    ]: 4512 (Loss: 0.3381)
[=====                                   ]: 4513 (Loss: 0.2648)
[=====                                   ]: 4514 (Loss: 0.3329)
[======                                  ]: 4515 (Loss: 0.3041)
[======                                  ]: 4516 (Loss: 0.2842)
[======                                  ]: 4517 (Loss: 0.4045)
[=======                                 ]: 4518 (Loss: 0.3748)
[=======                                 ]: 4519 (Loss: 0.4053)
[========                                ]: 4520 (Loss: 0.5027)
[========                                ]: 4521 (Loss: 0.4284)
[========                                ]: 4522 (Loss: 0.3678)
[=========                               ]: 4523 (Loss: 0.3968)
[=========                               ]: 4524 (Loss: 0.3307)
[==========                              ]: 4525 (Loss: 0.4993)
[==========                              ]: 4526 (Loss: 0.2631)
[==========                              ]: 4527 (Loss: 0.3317)
[===========                             ]: 4528 (Loss: 0.2863)
[===========                             ]: 4529 (Loss: 0.4173)
[============                            ]: 4530 (Loss: 0.3222)
[============                            ]: 4531 (Loss: 0.3694)
[============                            ]: 4532 (Loss: 0.4863)
[=============                           ]: 4533 (Loss: 0.4952)
[=============                           ]: 4534 (Loss: 0.3572)
[==============                          ]: 4535 (Loss: 0.3769)
[==============                          ]: 4536 (Loss: 0.3509)
[==============                          ]: 4537 (Loss: 0.3788)
[===============                         ]: 4538 (Loss: 0.3636)
[===============                         ]: 4539 (Loss: 0.4469)
[================                        ]: 4540 (Loss: 0.4327)
[================                        ]: 4541 (Loss: 0.4789)
[================                        ]: 4542 (Loss: 0.3411)
[=================                       ]: 4543 (Loss: 0.4619)
[=================                       ]: 4544 (Loss: 0.3096)
[==================                      ]: 4545 (Loss: 0.4581)
[==================                      ]: 4546 (Loss: 0.4198)
[==================                      ]: 4547 (Loss: 0.3464)
[===================                     ]: 4548 (Loss: 0.2789)
[===================                     ]: 4549 (Loss: 0.2578)
[====================                    ]: 4550 (Loss: 0.4535)
[====================                    ]: 4551 (Loss: 0.4146)
[====================                    ]: 4552 (Loss: 0.3771)
[=====================                   ]: 4553 (Loss: 0.4235)
[=====================                   ]: 4554 (Loss: 0.3781)
[======================                  ]: 4555 (Loss: 0.4881)
[======================                  ]: 4556 (Loss: 0.3610)
[======================                  ]: 4557 (Loss: 0.3933)
[=======================                 ]: 4558 (Loss: 0.2225)
[=======================                 ]: 4559 (Loss: 0.3273)
[========================                ]: 4560 (Loss: 0.3520)
[========================                ]: 4561 (Loss: 0.3772)
[========================                ]: 4562 (Loss: 0.3935)
[=========================               ]: 4563 (Loss: 0.6156)
[=========================               ]: 4564 (Loss: 0.2963)
[==========================              ]: 4565 (Loss: 0.4048)
[==========================              ]: 4566 (Loss: 0.3503)
[==========================              ]: 4567 (Loss: 0.4359)
[===========================             ]: 4568 (Loss: 0.3772)
[===========================             ]: 4569 (Loss: 0.3572)
[============================            ]: 4570 (Loss: 0.4248)
[============================            ]: 4571 (Loss: 0.2417)
[============================            ]: 4572 (Loss: 0.3124)
[=============================           ]: 4573 (Loss: 0.3724)
[=============================           ]: 4574 (Loss: 0.3116)
[==============================          ]: 4575 (Loss: 0.3505)
[==============================          ]: 4576 (Loss: 0.4221)
[==============================          ]: 4577 (Loss: 0.4159)
[===============================         ]: 4578 (Loss: 0.3077)
[===============================         ]: 4579 (Loss: 0.2728)
[================================        ]: 4580 (Loss: 0.3896)
[================================        ]: 4581 (Loss: 0.3234)
[================================        ]: 4582 (Loss: 0.4290)
[=================================       ]: 4583 (Loss: 0.2818)
[=================================       ]: 4584 (Loss: 0.4097)
[==================================      ]: 4585 (Loss: 0.4813)
[==================================      ]: 4586 (Loss: 0.3911)
[==================================      ]: 4587 (Loss: 0.3575)
[===================================     ]: 4588 (Loss: 0.3479)
[===================================     ]: 4589 (Loss: 0.3795)
[====================================    ]: 4590 (Loss: 0.2835)
[====================================    ]: 4591 (Loss: 0.2301)
[====================================    ]: 4592 (Loss: 0.3840)
[=====================================   ]: 4593 (Loss: 0.6741)
[=====================================   ]: 4594 (Loss: 0.4236)
[======================================  ]: 4595 (Loss: 0.4326)
[======================================  ]: 4596 (Loss: 0.4254)
[======================================  ]: 4597 (Loss: 0.3858)
[======================================= ]: 4598 (Loss: 0.3943)
[======================================= ]: 4599 (Loss: 0.5115)
[========================================]: 4600 (Loss: 0.4330)
                                                                                                    
[2026-07-16 21:37:06,542] [INFO] [__main__] Batch 4600 Loss: 0.376223 Cost: 6.99 Time: 187 ms/sequence
[2026-07-16 21:37:06,543] [INFO] [__main__] Advice weight norm: 19.241600 | Advice gradient norm: 0.000000

[                                        ]: 4601 (Loss: 0.2786)
[                                        ]: 4602 (Loss: 0.3071)
[=                                       ]: 4603 (Loss: 0.3877)
[=                                       ]: 4604 (Loss: 0.3191)
[==                                      ]: 4605 (Loss: 0.3440)
[==                                      ]: 4606 (Loss: 0.3710)
[==                                      ]: 4607 (Loss: 0.3154)
[===                                     ]: 4608 (Loss: 0.3211)
[===                                     ]: 4609 (Loss: 0.4903)
[====                                    ]: 4610 (Loss: 0.4066)
[====                                    ]: 4611 (Loss: 0.3208)
[====                                    ]: 4612 (Loss: 0.2799)
[=====                                   ]: 4613 (Loss: 0.3483)
[=====                                   ]: 4614 (Loss: 0.2862)
[======                                  ]: 4615 (Loss: 0.3188)
[======                                  ]: 4616 (Loss: 0.3873)
[======                                  ]: 4617 (Loss: 0.2949)
[=======                                 ]: 4618 (Loss: 0.2399)
[=======                                 ]: 4619 (Loss: 0.3704)
[========                                ]: 4620 (Loss: 0.3073)
[========                                ]: 4621 (Loss: 0.3073)
[========                                ]: 4622 (Loss: 0.3930)
[=========                               ]: 4623 (Loss: 0.3062)
[=========                               ]: 4624 (Loss: 0.6097)
[==========                              ]: 4625 (Loss: 0.4185)
[==========                              ]: 4626 (Loss: 0.2880)
[==========                              ]: 4627 (Loss: 0.2502)
[===========                             ]: 4628 (Loss: 0.3171)
[===========                             ]: 4629 (Loss: 0.3651)
[============                            ]: 4630 (Loss: 0.4061)
[============                            ]: 4631 (Loss: 0.3305)
[============                            ]: 4632 (Loss: 0.3797)
[=============                           ]: 4633 (Loss: 0.3268)
[=============                           ]: 4634 (Loss: 0.3584)
[==============                          ]: 4635 (Loss: 0.4179)
[==============                          ]: 4636 (Loss: 0.3022)
[==============                          ]: 4637 (Loss: 0.3382)
[===============                         ]: 4638 (Loss: 0.3398)
[===============                         ]: 4639 (Loss: 0.6213)
[================                        ]: 4640 (Loss: 0.6043)
[================                        ]: 4641 (Loss: 0.4566)
[================                        ]: 4642 (Loss: 0.3984)
[=================                       ]: 4643 (Loss: 0.3151)
[=================                       ]: 4644 (Loss: 0.2950)
[==================                      ]: 4645 (Loss: 0.3404)
[==================                      ]: 4646 (Loss: 0.3353)
[==================                      ]: 4647 (Loss: 0.2178)
[===================                     ]: 4648 (Loss: 0.3771)
[===================                     ]: 4649 (Loss: 0.2551)
[====================                    ]: 4650 (Loss: 0.3800)
[====================                    ]: 4651 (Loss: 0.3260)
[====================                    ]: 4652 (Loss: 0.4435)
[=====================                   ]: 4653 (Loss: 0.3723)
[=====================                   ]: 4654 (Loss: 0.4866)
[======================                  ]: 4655 (Loss: 0.3042)
[======================                  ]: 4656 (Loss: 0.2722)
[======================                  ]: 4657 (Loss: 0.2914)
[=======================                 ]: 4658 (Loss: 0.3150)
[=======================                 ]: 4659 (Loss: 0.2529)
[========================                ]: 4660 (Loss: 0.3678)
[========================                ]: 4661 (Loss: 0.3208)
[========================                ]: 4662 (Loss: 0.3881)
[=========================               ]: 4663 (Loss: 0.3282)
[=========================               ]: 4664 (Loss: 0.2751)
[==========================              ]: 4665 (Loss: 0.3104)
[==========================              ]: 4666 (Loss: 0.3487)
[==========================              ]: 4667 (Loss: 0.2852)
[===========================             ]: 4668 (Loss: 0.2698)
[===========================             ]: 4669 (Loss: 0.5214)
[============================            ]: 4670 (Loss: 0.3880)
[============================            ]: 4671 (Loss: 0.2557)
[============================            ]: 4672 (Loss: 0.4801)
[=============================           ]: 4673 (Loss: 0.3471)
[=============================           ]: 4674 (Loss: 0.4253)
[==============================          ]: 4675 (Loss: 0.4185)
[==============================          ]: 4676 (Loss: 0.5001)
[==============================          ]: 4677 (Loss: 0.4069)
[===============================         ]: 4678 (Loss: 0.3012)
[===============================         ]: 4679 (Loss: 0.3556)
[================================        ]: 4680 (Loss: 0.2547)
[================================        ]: 4681 (Loss: 0.2851)
[================================        ]: 4682 (Loss: 0.3932)
[=================================       ]: 4683 (Loss: 0.6150)
[=================================       ]: 4684 (Loss: 0.4417)
[==================================      ]: 4685 (Loss: 0.2090)
[==================================      ]: 4686 (Loss: 0.4235)
[==================================      ]: 4687 (Loss: 0.4660)
[===================================     ]: 4688 (Loss: 0.2710)
[===================================     ]: 4689 (Loss: 0.5312)
[====================================    ]: 4690 (Loss: 0.5075)
[====================================    ]: 4691 (Loss: 0.3180)
[====================================    ]: 4692 (Loss: 0.1994)
[=====================================   ]: 4693 (Loss: 0.5081)
[=====================================   ]: 4694 (Loss: 0.4005)
[======================================  ]: 4695 (Loss: 0.2612)
[======================================  ]: 4696 (Loss: 0.3323)
[======================================  ]: 4697 (Loss: 0.3673)
[======================================= ]: 4698 (Loss: 0.4311)
[======================================= ]: 4699 (Loss: 0.4918)
[========================================]: 4700 (Loss: 0.3497)
                                                                                                    
[2026-07-16 21:37:25,245] [INFO] [__main__] Batch 4700 Loss: 0.361613 Cost: 6.42 Time: 187 ms/sequence
[2026-07-16 21:37:25,245] [INFO] [__main__] Advice weight norm: 19.241600 | Advice gradient norm: 0.000000

[                                        ]: 4701 (Loss: 0.3644)
[                                        ]: 4702 (Loss: 0.3183)
[=                                       ]: 4703 (Loss: 0.4269)
[=                                       ]: 4704 (Loss: 0.3342)
[==                                      ]: 4705 (Loss: 0.4153)
[==                                      ]: 4706 (Loss: 0.3267)
[==                                      ]: 4707 (Loss: 0.3323)
[===                                     ]: 4708 (Loss: 0.2731)
[===                                     ]: 4709 (Loss: 0.3829)
[====                                    ]: 4710 (Loss: 0.3392)
[====                                    ]: 4711 (Loss: 0.2993)
[====                                    ]: 4712 (Loss: 0.4649)
[=====                                   ]: 4713 (Loss: 0.3256)
[=====                                   ]: 4714 (Loss: 0.4644)
[======                                  ]: 4715 (Loss: 0.3708)
[======                                  ]: 4716 (Loss: 0.2934)
[======                                  ]: 4717 (Loss: 0.2475)
[=======                                 ]: 4718 (Loss: 0.2918)
[=======                                 ]: 4719 (Loss: 0.3688)
[========                                ]: 4720 (Loss: 0.3225)
[========                                ]: 4721 (Loss: 0.3046)
[========                                ]: 4722 (Loss: 0.3253)
[=========                               ]: 4723 (Loss: 0.4779)
[=========                               ]: 4724 (Loss: 0.3405)
[==========                              ]: 4725 (Loss: 0.3805)
[==========                              ]: 4726 (Loss: 0.1742)
[==========                              ]: 4727 (Loss: 0.2279)
[===========                             ]: 4728 (Loss: 0.2753)
[===========                             ]: 4729 (Loss: 0.3415)
[============                            ]: 4730 (Loss: 0.3300)
[============                            ]: 4731 (Loss: 0.3931)
[============                            ]: 4732 (Loss: 0.4097)
[=============                           ]: 4733 (Loss: 0.3596)
[=============                           ]: 4734 (Loss: 0.4966)
[==============                          ]: 4735 (Loss: 0.4503)
[==============                          ]: 4736 (Loss: 0.3268)
[==============                          ]: 4737 (Loss: 0.2418)
[===============                         ]: 4738 (Loss: 0.2866)
[===============                         ]: 4739 (Loss: 0.4295)
[================                        ]: 4740 (Loss: 0.2340)
[================                        ]: 4741 (Loss: 0.3558)
[================                        ]: 4742 (Loss: 0.3447)
[=================                       ]: 4743 (Loss: 0.3879)
[=================                       ]: 4744 (Loss: 0.2907)
[==================                      ]: 4745 (Loss: 0.3234)
[==================                      ]: 4746 (Loss: 0.3180)
[==================                      ]: 4747 (Loss: 0.3151)
[===================                     ]: 4748 (Loss: 0.2598)
[===================                     ]: 4749 (Loss: 0.3149)
[====================                    ]: 4750 (Loss: 0.2929)
[====================                    ]: 4751 (Loss: 0.3745)
[====================                    ]: 4752 (Loss: 0.4367)
[=====================                   ]: 4753 (Loss: 0.5123)
[=====================                   ]: 4754 (Loss: 0.2988)
[======================                  ]: 4755 (Loss: 0.3699)
[======================                  ]: 4756 (Loss: 0.3423)
[======================                  ]: 4757 (Loss: 0.3406)
[=======================                 ]: 4758 (Loss: 0.3031)
[=======================                 ]: 4759 (Loss: 0.3884)
[========================                ]: 4760 (Loss: 0.2236)
[========================                ]: 4761 (Loss: 0.2525)
[========================                ]: 4762 (Loss: 0.4062)
[=========================               ]: 4763 (Loss: 0.3849)
[=========================               ]: 4764 (Loss: 0.4302)
[==========================              ]: 4765 (Loss: 0.3570)
[==========================              ]: 4766 (Loss: 0.3857)
[==========================              ]: 4767 (Loss: 0.3970)
[===========================             ]: 4768 (Loss: 0.3660)
[===========================             ]: 4769 (Loss: 0.4966)
[============================            ]: 4770 (Loss: 0.3110)
[============================            ]: 4771 (Loss: 0.2754)
[============================            ]: 4772 (Loss: 0.4187)
[=============================           ]: 4773 (Loss: 0.2874)
[=============================           ]: 4774 (Loss: 0.3142)
[==============================          ]: 4775 (Loss: 0.2852)
[==============================          ]: 4776 (Loss: 0.3958)
[==============================          ]: 4777 (Loss: 0.3540)
[===============================         ]: 4778 (Loss: 0.2546)
[===============================         ]: 4779 (Loss: 0.3284)
[================================        ]: 4780 (Loss: 0.3348)
[================================        ]: 4781 (Loss: 0.4433)
[================================        ]: 4782 (Loss: 0.3822)
[=================================       ]: 4783 (Loss: 0.3914)
[=================================       ]: 4784 (Loss: 0.2968)
[==================================      ]: 4785 (Loss: 0.4084)
[==================================      ]: 4786 (Loss: 0.5296)
[==================================      ]: 4787 (Loss: 0.3861)
[===================================     ]: 4788 (Loss: 0.3395)
[===================================     ]: 4789 (Loss: 0.4354)
[====================================    ]: 4790 (Loss: 0.2554)
[====================================    ]: 4791 (Loss: 0.4271)
[====================================    ]: 4792 (Loss: 0.3559)
[=====================================   ]: 4793 (Loss: 0.4107)
[=====================================   ]: 4794 (Loss: 0.3546)
[======================================  ]: 4795 (Loss: 0.4859)
[======================================  ]: 4796 (Loss: 0.4550)
[======================================  ]: 4797 (Loss: 0.3242)
[======================================= ]: 4798 (Loss: 0.3137)
[======================================= ]: 4799 (Loss: 0.3812)
[========================================]: 4800 (Loss: 0.3623)
                                                                                                    
[2026-07-16 21:37:44,094] [INFO] [__main__] Batch 4800 Loss: 0.353359 Cost: 6.54 Time: 188 ms/sequence
[2026-07-16 21:37:44,094] [INFO] [__main__] Advice weight norm: 19.241600 | Advice gradient norm: 0.000000

[                                        ]: 4801 (Loss: 0.4769)
[                                        ]: 4802 (Loss: 0.2672)
[=                                       ]: 4803 (Loss: 0.3165)
[=                                       ]: 4804 (Loss: 0.4591)
[==                                      ]: 4805 (Loss: 0.3725)
[==                                      ]: 4806 (Loss: 0.3471)
[==                                      ]: 4807 (Loss: 0.4749)
[===                                     ]: 4808 (Loss: 0.2260)
[===                                     ]: 4809 (Loss: 0.3815)
[====                                    ]: 4810 (Loss: 0.4265)
[====                                    ]: 4811 (Loss: 0.2616)
[====                                    ]: 4812 (Loss: 0.4219)
[=====                                   ]: 4813 (Loss: 0.3160)
[=====                                   ]: 4814 (Loss: 0.3470)
[======                                  ]: 4815 (Loss: 0.2673)
[======                                  ]: 4816 (Loss: 0.2922)
[======                                  ]: 4817 (Loss: 0.5153)
[=======                                 ]: 4818 (Loss: 0.4012)
[=======                                 ]: 4819 (Loss: 0.3845)
[========                                ]: 4820 (Loss: 0.3180)
[========                                ]: 4821 (Loss: 0.3331)
[========                                ]: 4822 (Loss: 0.2805)
[=========                               ]: 4823 (Loss: 0.3328)
[=========                               ]: 4824 (Loss: 0.4308)
[==========                              ]: 4825 (Loss: 0.3569)
[==========                              ]: 4826 (Loss: 0.5442)
[==========                              ]: 4827 (Loss: 0.4343)
[===========                             ]: 4828 (Loss: 0.3392)
[===========                             ]: 4829 (Loss: 0.4845)
[============                            ]: 4830 (Loss: 0.4674)
[============                            ]: 4831 (Loss: 0.4397)
[============                            ]: 4832 (Loss: 0.3430)
[=============                           ]: 4833 (Loss: 0.3155)
[=============                           ]: 4834 (Loss: 0.4070)
[==============                          ]: 4835 (Loss: 0.4800)
[==============                          ]: 4836 (Loss: 0.3642)
[==============                          ]: 4837 (Loss: 0.4652)
[===============                         ]: 4838 (Loss: 0.3320)
[===============                         ]: 4839 (Loss: 0.4539)
[================                        ]: 4840 (Loss: 0.4380)
[================                        ]: 4841 (Loss: 0.3558)
[================                        ]: 4842 (Loss: 0.3767)
[=================                       ]: 4843 (Loss: 0.2990)
[=================                       ]: 4844 (Loss: 0.3905)
[==================                      ]: 4845 (Loss: 0.3972)
[==================                      ]: 4846 (Loss: 0.3941)
[==================                      ]: 4847 (Loss: 0.3950)
[===================                     ]: 4848 (Loss: 0.3735)
[===================                     ]: 4849 (Loss: 0.2560)
[====================                    ]: 4850 (Loss: 0.4912)
[====================                    ]: 4851 (Loss: 0.4833)
[====================                    ]: 4852 (Loss: 0.3044)
[=====================                   ]: 4853 (Loss: 0.4014)
[=====================                   ]: 4854 (Loss: 0.3671)
[======================                  ]: 4855 (Loss: 0.3724)
[======================                  ]: 4856 (Loss: 0.3157)
[======================                  ]: 4857 (Loss: 0.3686)
[=======================                 ]: 4858 (Loss: 0.3936)
[=======================                 ]: 4859 (Loss: 0.4389)
[========================                ]: 4860 (Loss: 0.2971)
[========================                ]: 4861 (Loss: 0.3660)
[========================                ]: 4862 (Loss: 0.2262)
[=========================               ]: 4863 (Loss: 0.5165)
[=========================               ]: 4864 (Loss: 0.4058)
[==========================              ]: 4865 (Loss: 0.3234)
[==========================              ]: 4866 (Loss: 0.3858)
[==========================              ]: 4867 (Loss: 0.1869)
[===========================             ]: 4868 (Loss: 0.4220)
[===========================             ]: 4869 (Loss: 0.3934)
[============================            ]: 4870 (Loss: 0.3491)
[============================            ]: 4871 (Loss: 0.4756)
[============================            ]: 4872 (Loss: 0.3304)
[=============================           ]: 4873 (Loss: 0.3792)
[=============================           ]: 4874 (Loss: 0.3468)
[==============================          ]: 4875 (Loss: 0.3641)
[==============================          ]: 4876 (Loss: 0.4729)
[==============================          ]: 4877 (Loss: 0.3097)
[===============================         ]: 4878 (Loss: 0.3982)
[===============================         ]: 4879 (Loss: 0.3616)
[================================        ]: 4880 (Loss: 0.3705)
[================================        ]: 4881 (Loss: 0.3979)
[================================        ]: 4882 (Loss: 0.3692)
[=================================       ]: 4883 (Loss: 0.3472)
[=================================       ]: 4884 (Loss: 0.3164)
[==================================      ]: 4885 (Loss: 0.3479)
[==================================      ]: 4886 (Loss: 0.3769)
[==================================      ]: 4887 (Loss: 0.3194)
[===================================     ]: 4888 (Loss: 0.3231)
[===================================     ]: 4889 (Loss: 0.2317)
[====================================    ]: 4890 (Loss: 0.3625)
[====================================    ]: 4891 (Loss: 0.3834)
[====================================    ]: 4892 (Loss: 0.3661)
[=====================================   ]: 4893 (Loss: 0.4671)
[=====================================   ]: 4894 (Loss: 0.3631)
[======================================  ]: 4895 (Loss: 0.3299)
[======================================  ]: 4896 (Loss: 0.3472)
[======================================  ]: 4897 (Loss: 0.3054)
[======================================= ]: 4898 (Loss: 0.3259)
[======================================= ]: 4899 (Loss: 0.4281)
[========================================]: 4900 (Loss: 0.4067)
                                                                                                    
[2026-07-16 21:38:02,744] [INFO] [__main__] Batch 4900 Loss: 0.372860 Cost: 6.89 Time: 186 ms/sequence
[2026-07-16 21:38:02,744] [INFO] [__main__] Advice weight norm: 19.241600 | Advice gradient norm: 0.000000

[                                        ]: 4901 (Loss: 0.4725)
[                                        ]: 4902 (Loss: 0.3326)
[=                                       ]: 4903 (Loss: 0.4256)
[=                                       ]: 4904 (Loss: 0.4178)
[==                                      ]: 4905 (Loss: 0.2615)
[==                                      ]: 4906 (Loss: 0.2340)
[==                                      ]: 4907 (Loss: 0.5416)
[===                                     ]: 4908 (Loss: 0.2802)
[===                                     ]: 4909 (Loss: 0.3230)
[====                                    ]: 4910 (Loss: 0.3935)
[====                                    ]: 4911 (Loss: 0.3667)
[====                                    ]: 4912 (Loss: 0.2504)
[=====                                   ]: 4913 (Loss: 0.3275)
[=====                                   ]: 4914 (Loss: 0.2360)
[======                                  ]: 4915 (Loss: 0.3664)
[======                                  ]: 4916 (Loss: 0.4030)
[======                                  ]: 4917 (Loss: 0.2557)
[=======                                 ]: 4918 (Loss: 0.2807)
[=======                                 ]: 4919 (Loss: 0.2813)
[========                                ]: 4920 (Loss: 0.2111)
[========                                ]: 4921 (Loss: 0.3978)
[========                                ]: 4922 (Loss: 0.3770)
[=========                               ]: 4923 (Loss: 0.2854)
[=========                               ]: 4924 (Loss: 0.3404)
[==========                              ]: 4925 (Loss: 0.2948)
[==========                              ]: 4926 (Loss: 0.4002)
[==========                              ]: 4927 (Loss: 0.4222)
[===========                             ]: 4928 (Loss: 0.4357)
[===========                             ]: 4929 (Loss: 0.3958)
[============                            ]: 4930 (Loss: 0.5795)
[============                            ]: 4931 (Loss: 0.3692)
[============                            ]: 4932 (Loss: 0.3402)
[=============                           ]: 4933 (Loss: 0.3128)
[=============                           ]: 4934 (Loss: 0.2837)
[==============                          ]: 4935 (Loss: 0.3260)
[==============                          ]: 4936 (Loss: 0.3398)
[==============                          ]: 4937 (Loss: 0.3417)
[===============                         ]: 4938 (Loss: 0.3956)
[===============                         ]: 4939 (Loss: 0.5212)
[================                        ]: 4940 (Loss: 0.3733)
[================                        ]: 4941 (Loss: 0.2804)
[================                        ]: 4942 (Loss: 0.3907)
[=================                       ]: 4943 (Loss: 0.3200)
[=================                       ]: 4944 (Loss: 0.3635)
[==================                      ]: 4945 (Loss: 0.3111)
[==================                      ]: 4946 (Loss: 0.4029)
[==================                      ]: 4947 (Loss: 0.4164)
[===================                     ]: 4948 (Loss: 0.2918)
[===================                     ]: 4949 (Loss: 0.5622)
[====================                    ]: 4950 (Loss: 0.3917)
[====================                    ]: 4951 (Loss: 0.4012)
[====================                    ]: 4952 (Loss: 0.4114)
[=====================                   ]: 4953 (Loss: 0.5309)
[=====================                   ]: 4954 (Loss: 0.3429)
[======================                  ]: 4955 (Loss: 0.3618)
[======================                  ]: 4956 (Loss: 0.2888)
[======================                  ]: 4957 (Loss: 0.2779)
[=======================                 ]: 4958 (Loss: 0.3453)
[=======================                 ]: 4959 (Loss: 0.3284)
[========================                ]: 4960 (Loss: 0.3261)
[========================                ]: 4961 (Loss: 0.3074)
[========================                ]: 4962 (Loss: 0.3531)
[=========================               ]: 4963 (Loss: 0.4092)
[=========================               ]: 4964 (Loss: 0.3700)
[==========================              ]: 4965 (Loss: 0.3835)
[==========================              ]: 4966 (Loss: 0.3280)
[==========================              ]: 4967 (Loss: 0.4254)
[===========================             ]: 4968 (Loss: 0.4116)
[===========================             ]: 4969 (Loss: 0.3294)
[============================            ]: 4970 (Loss: 0.2634)
[============================            ]: 4971 (Loss: 0.5402)
[============================            ]: 4972 (Loss: 0.3823)
[=============================           ]: 4973 (Loss: 0.4433)
[=============================           ]: 4974 (Loss: 0.5380)
[==============================          ]: 4975 (Loss: 0.3209)
[==============================          ]: 4976 (Loss: 0.3242)
[==============================          ]: 4977 (Loss: 0.2841)
[===============================         ]: 4978 (Loss: 0.2831)
[===============================         ]: 4979 (Loss: 0.3031)
[================================        ]: 4980 (Loss: 0.4521)
[================================        ]: 4981 (Loss: 0.3853)
[================================        ]: 4982 (Loss: 0.3692)
[=================================       ]: 4983 (Loss: 0.3692)
[=================================       ]: 4984 (Loss: 0.2716)
[==================================      ]: 4985 (Loss: 0.4203)
[==================================      ]: 4986 (Loss: 0.4341)
[==================================      ]: 4987 (Loss: 0.2773)
[===================================     ]: 4988 (Loss: 0.3505)
[===================================     ]: 4989 (Loss: 0.3126)
[====================================    ]: 4990 (Loss: 0.3682)
[====================================    ]: 4991 (Loss: 0.4434)
[====================================    ]: 4992 (Loss: 0.3590)
[=====================================   ]: 4993 (Loss: 0.3809)
[=====================================   ]: 4994 (Loss: 0.3326)
[======================================  ]: 4995 (Loss: 0.3892)
[======================================  ]: 4996 (Loss: 0.3248)
[======================================  ]: 4997 (Loss: 0.2715)
[======================================= ]: 4998 (Loss: 0.4115)
[======================================= ]: 4999 (Loss: 0.5124)
[========================================]: 5000 (Loss: 0.3486)
                                                                                                    
[2026-07-16 21:38:21,623] [INFO] [__main__] Batch 5000 Loss: 0.363237 Cost: 6.86 Time: 188 ms/sequence
[2026-07-16 21:38:21,623] [INFO] [__main__] Advice weight norm: 19.241600 | Advice gradient norm: 0.000000

                                                                                                    
[2026-07-16 21:38:21,626] [INFO] [__main__] Saving checkpoint to 'runs\copy_sanity_len5\copy\zero\seed_1000\checkpoint-batch-00005000.pt'

                                                                                                    
[2026-07-16 21:38:21,819] [INFO] [__main__] Saving checkpoint to 'runs\copy_sanity_len5\copy\zero\seed_1000\checkpoint-final.pt'
[2026-07-16 21:38:21,977] [INFO] [__main__] Final advice weight norm: 19.241600
[2026-07-16 21:38:21,979] [INFO] [__main__] Done training.
