[2026-07-16 20:47:01,760] [INFO] [__main__] Using seed=1000
[2026-07-16 20:47:03,536] [INFO] [__main__] Training for the **copy** task
[2026-07-16 20:47:03,536] [INFO] [__main__] CopyTaskParams(name='copy-task', controller_size=100, controller_layers=1, num_heads=1, sequence_width=8, sequence_min_len=5, sequence_max_len=5, memory_n=128, memory_m=20, num_batches=5000, batch_size=1, rmsprop_lr=0.0001, rmsprop_momentum=0.9, rmsprop_alpha=0.95, advice_type='none', advice_size=16, advice_strength=1.0, advice_random_seed=1729)
[2026-07-16 20:47:06,846] [INFO] [__main__] Total number of parameters: 62860
[2026-07-16 20:47:06,847] [INFO] [__main__] Training model for 5000 batches (batch_size=1)...

[                                        ]: 1 (Loss: 0.6961)
[                                        ]: 2 (Loss: 0.6918)
[=                                       ]: 3 (Loss: 0.7033)
[=                                       ]: 4 (Loss: 0.6783)
[==                                      ]: 5 (Loss: 0.6719)
[==                                      ]: 6 (Loss: 0.7141)
[==                                      ]: 7 (Loss: 0.7069)
[===                                     ]: 8 (Loss: 0.7287)
[===                                     ]: 9 (Loss: 0.7091)
[====                                    ]: 10 (Loss: 0.6888)
[====                                    ]: 11 (Loss: 0.6907)
[====                                    ]: 12 (Loss: 0.6981)
[=====                                   ]: 13 (Loss: 0.6641)
[=====                                   ]: 14 (Loss: 0.7119)
[======                                  ]: 15 (Loss: 0.7603)
[======                                  ]: 16 (Loss: 0.6772)
[======                                  ]: 17 (Loss: 0.6827)
[=======                                 ]: 18 (Loss: 0.7085)
[=======                                 ]: 19 (Loss: 0.7260)
[========                                ]: 20 (Loss: 0.6874)
[========                                ]: 21 (Loss: 0.6641)
[========                                ]: 22 (Loss: 0.6440)
[=========                               ]: 23 (Loss: 0.6657)
[=========                               ]: 24 (Loss: 0.7204)
[==========                              ]: 25 (Loss: 0.7203)
[==========                              ]: 26 (Loss: 0.6886)
[==========                              ]: 27 (Loss: 0.6997)
[===========                             ]: 28 (Loss: 0.7039)
[===========                             ]: 29 (Loss: 0.7149)
[============                            ]: 30 (Loss: 0.6978)
[============                            ]: 31 (Loss: 0.7079)
[============                            ]: 32 (Loss: 0.6947)
[=============                           ]: 33 (Loss: 0.6941)
[=============                           ]: 34 (Loss: 0.6975)
[==============                          ]: 35 (Loss: 0.7062)
[==============                          ]: 36 (Loss: 0.7004)
[==============                          ]: 37 (Loss: 0.6580)
[===============                         ]: 38 (Loss: 0.6856)
[===============                         ]: 39 (Loss: 0.6792)
[================                        ]: 40 (Loss: 0.7000)
[================                        ]: 41 (Loss: 0.6899)
[================                        ]: 42 (Loss: 0.6990)
[=================                       ]: 43 (Loss: 0.6496)
[=================                       ]: 44 (Loss: 0.6939)
[==================                      ]: 45 (Loss: 0.6775)
[==================                      ]: 46 (Loss: 0.6939)
[==================                      ]: 47 (Loss: 0.6621)
[===================                     ]: 48 (Loss: 0.6973)
[===================                     ]: 49 (Loss: 0.6910)
[====================                    ]: 50 (Loss: 0.6785)
[====================                    ]: 51 (Loss: 0.6822)
[====================                    ]: 52 (Loss: 0.6579)
[=====================                   ]: 53 (Loss: 0.6699)
[=====================                   ]: 54 (Loss: 0.6545)
[======================                  ]: 55 (Loss: 0.6940)
[======================                  ]: 56 (Loss: 0.6494)
[======================                  ]: 57 (Loss: 0.6892)
[=======================                 ]: 58 (Loss: 0.6729)
[=======================                 ]: 59 (Loss: 0.6884)
[========================                ]: 60 (Loss: 0.6731)
[========================                ]: 61 (Loss: 0.6650)
[========================                ]: 62 (Loss: 0.6634)
[=========================               ]: 63 (Loss: 0.7025)
[=========================               ]: 64 (Loss: 0.6805)
[==========================              ]: 65 (Loss: 0.7002)
[==========================              ]: 66 (Loss: 0.7055)
[==========================              ]: 67 (Loss: 0.6814)
[===========================             ]: 68 (Loss: 0.6874)
[===========================             ]: 69 (Loss: 0.6634)
[============================            ]: 70 (Loss: 0.6778)
[============================            ]: 71 (Loss: 0.6707)
[============================            ]: 72 (Loss: 0.6574)
[=============================           ]: 73 (Loss: 0.6532)
[=============================           ]: 74 (Loss: 0.6424)
[==============================          ]: 75 (Loss: 0.6635)
[==============================          ]: 76 (Loss: 0.6400)
[==============================          ]: 77 (Loss: 0.6678)
[===============================         ]: 78 (Loss: 0.6615)
[===============================         ]: 79 (Loss: 0.6952)
[================================        ]: 80 (Loss: 0.6497)
[================================        ]: 81 (Loss: 0.6531)
[================================        ]: 82 (Loss: 0.6642)
[=================================       ]: 83 (Loss: 0.6753)
[=================================       ]: 84 (Loss: 0.6478)
[==================================      ]: 85 (Loss: 0.6734)
[==================================      ]: 86 (Loss: 0.6463)
[==================================      ]: 87 (Loss: 0.6713)
[===================================     ]: 88 (Loss: 0.6518)
[===================================     ]: 89 (Loss: 0.6805)
[====================================    ]: 90 (Loss: 0.6748)
[====================================    ]: 91 (Loss: 0.6951)
[====================================    ]: 92 (Loss: 0.6945)
[=====================================   ]: 93 (Loss: 0.6737)
[=====================================   ]: 94 (Loss: 0.6674)
[======================================  ]: 95 (Loss: 0.6790)
[======================================  ]: 96 (Loss: 0.6533)
[======================================  ]: 97 (Loss: 0.6477)
[======================================= ]: 98 (Loss: 0.6655)
[======================================= ]: 99 (Loss: 0.6749)
[========================================]: 100 (Loss: 0.6781)
                                                                                                    
[2026-07-16 20:47:16,052] [INFO] [__main__] Batch 100 Loss: 0.681991 Cost: 17.53 Time: 92 ms/sequence

[                                        ]: 101 (Loss: 0.6816)
[                                        ]: 102 (Loss: 0.6826)
[=                                       ]: 103 (Loss: 0.6500)
[=                                       ]: 104 (Loss: 0.6777)
[==                                      ]: 105 (Loss: 0.6792)
[==                                      ]: 106 (Loss: 0.6769)
[==                                      ]: 107 (Loss: 0.6379)
[===                                     ]: 108 (Loss: 0.6902)
[===                                     ]: 109 (Loss: 0.6688)
[====                                    ]: 110 (Loss: 0.6556)
[====                                    ]: 111 (Loss: 0.6666)
[====                                    ]: 112 (Loss: 0.6185)
[=====                                   ]: 113 (Loss: 0.6606)
[=====                                   ]: 114 (Loss: 0.6799)
[======                                  ]: 115 (Loss: 0.6429)
[======                                  ]: 116 (Loss: 0.6399)
[======                                  ]: 117 (Loss: 0.6160)
[=======                                 ]: 118 (Loss: 0.6363)
[=======                                 ]: 119 (Loss: 0.6577)
[========                                ]: 120 (Loss: 0.6324)
[========                                ]: 121 (Loss: 0.6772)
[========                                ]: 122 (Loss: 0.6696)
[=========                               ]: 123 (Loss: 0.6609)
[=========                               ]: 124 (Loss: 0.6599)
[==========                              ]: 125 (Loss: 0.6309)
[==========                              ]: 126 (Loss: 0.6199)
[==========                              ]: 127 (Loss: 0.6409)
[===========                             ]: 128 (Loss: 0.6579)
[===========                             ]: 129 (Loss: 0.6168)
[============                            ]: 130 (Loss: 0.6348)
[============                            ]: 131 (Loss: 0.6701)
[============                            ]: 132 (Loss: 0.6402)
[=============                           ]: 133 (Loss: 0.6675)
[=============                           ]: 134 (Loss: 0.6530)
[==============                          ]: 135 (Loss: 0.6482)
[==============                          ]: 136 (Loss: 0.6363)
[==============                          ]: 137 (Loss: 0.6333)
[===============                         ]: 138 (Loss: 0.6559)
[===============                         ]: 139 (Loss: 0.6569)
[================                        ]: 140 (Loss: 0.6510)
[================                        ]: 141 (Loss: 0.6652)
[================                        ]: 142 (Loss: 0.6554)
[=================                       ]: 143 (Loss: 0.5680)
[=================                       ]: 144 (Loss: 0.6544)
[==================                      ]: 145 (Loss: 0.6534)
[==================                      ]: 146 (Loss: 0.6266)
[==================                      ]: 147 (Loss: 0.6513)
[===================                     ]: 148 (Loss: 0.6577)
[===================                     ]: 149 (Loss: 0.6582)
[====================                    ]: 150 (Loss: 0.6210)
[====================                    ]: 151 (Loss: 0.6334)
[====================                    ]: 152 (Loss: 0.6529)
[=====================                   ]: 153 (Loss: 0.6443)
[=====================                   ]: 154 (Loss: 0.6273)
[======================                  ]: 155 (Loss: 0.6123)
[======================                  ]: 156 (Loss: 0.5678)
[======================                  ]: 157 (Loss: 0.5915)
[=======================                 ]: 158 (Loss: 0.6803)
[=======================                 ]: 159 (Loss: 0.6586)
[========================                ]: 160 (Loss: 0.6044)
[========================                ]: 161 (Loss: 0.6805)
[========================                ]: 162 (Loss: 0.6546)
[=========================               ]: 163 (Loss: 0.6723)
[=========================               ]: 164 (Loss: 0.6500)
[==========================              ]: 165 (Loss: 0.5914)
[==========================              ]: 166 (Loss: 0.6472)
[==========================              ]: 167 (Loss: 0.6729)
[===========================             ]: 168 (Loss: 0.6683)
[===========================             ]: 169 (Loss: 0.6065)
[============================            ]: 170 (Loss: 0.6423)
[============================            ]: 171 (Loss: 0.6166)
[============================            ]: 172 (Loss: 0.6607)
[=============================           ]: 173 (Loss: 0.5969)
[=============================           ]: 174 (Loss: 0.6413)
[==============================          ]: 175 (Loss: 0.6382)
[==============================          ]: 176 (Loss: 0.5942)
[==============================          ]: 177 (Loss: 0.6387)
[===============================         ]: 178 (Loss: 0.6802)
[===============================         ]: 179 (Loss: 0.6530)
[================================        ]: 180 (Loss: 0.6220)
[================================        ]: 181 (Loss: 0.6797)
[================================        ]: 182 (Loss: 0.6628)
[=================================       ]: 183 (Loss: 0.6525)
[=================================       ]: 184 (Loss: 0.6397)
[==================================      ]: 185 (Loss: 0.6596)
[==================================      ]: 186 (Loss: 0.6030)
[==================================      ]: 187 (Loss: 0.6372)
[===================================     ]: 188 (Loss: 0.6345)
[===================================     ]: 189 (Loss: 0.6228)
[====================================    ]: 190 (Loss: 0.6303)
[====================================    ]: 191 (Loss: 0.5979)
[====================================    ]: 192 (Loss: 0.6591)
[=====================================   ]: 193 (Loss: 0.6082)
[=====================================   ]: 194 (Loss: 0.5916)
[======================================  ]: 195 (Loss: 0.5849)
[======================================  ]: 196 (Loss: 0.5986)
[======================================  ]: 197 (Loss: 0.6549)
[======================================= ]: 198 (Loss: 0.6369)
[======================================= ]: 199 (Loss: 0.5802)
[========================================]: 200 (Loss: 0.6224)
                                                                                                    
[2026-07-16 20:47:23,458] [INFO] [__main__] Batch 200 Loss: 0.642008 Cost: 14.38 Time: 74 ms/sequence

[                                        ]: 201 (Loss: 0.6285)
[                                        ]: 202 (Loss: 0.6319)
[=                                       ]: 203 (Loss: 0.6386)
[=                                       ]: 204 (Loss: 0.6197)
[==                                      ]: 205 (Loss: 0.6480)
[==                                      ]: 206 (Loss: 0.5854)
[==                                      ]: 207 (Loss: 0.6273)
[===                                     ]: 208 (Loss: 0.6491)
[===                                     ]: 209 (Loss: 0.6049)
[====                                    ]: 210 (Loss: 0.6346)
[====                                    ]: 211 (Loss: 0.5829)
[====                                    ]: 212 (Loss: 0.6053)
[=====                                   ]: 213 (Loss: 0.6766)
[=====                                   ]: 214 (Loss: 0.6155)
[======                                  ]: 215 (Loss: 0.6137)
[======                                  ]: 216 (Loss: 0.6295)
[======                                  ]: 217 (Loss: 0.6387)
[=======                                 ]: 218 (Loss: 0.6664)
[=======                                 ]: 219 (Loss: 0.6496)
[========                                ]: 220 (Loss: 0.6281)
[========                                ]: 221 (Loss: 0.6352)
[========                                ]: 222 (Loss: 0.5559)
[=========                               ]: 223 (Loss: 0.6080)
[=========                               ]: 224 (Loss: 0.6178)
[==========                              ]: 225 (Loss: 0.5496)
[==========                              ]: 226 (Loss: 0.6371)
[==========                              ]: 227 (Loss: 0.5700)
[===========                             ]: 228 (Loss: 0.5677)
[===========                             ]: 229 (Loss: 0.6358)
[============                            ]: 230 (Loss: 0.5628)
[============                            ]: 231 (Loss: 0.6144)
[============                            ]: 232 (Loss: 0.6206)
[=============                           ]: 233 (Loss: 0.6160)
[=============                           ]: 234 (Loss: 0.6471)
[==============                          ]: 235 (Loss: 0.6199)
[==============                          ]: 236 (Loss: 0.6835)
[==============                          ]: 237 (Loss: 0.6113)
[===============                         ]: 238 (Loss: 0.6134)
[===============                         ]: 239 (Loss: 0.6381)
[================                        ]: 240 (Loss: 0.5752)
[================                        ]: 241 (Loss: 0.6120)
[================                        ]: 242 (Loss: 0.6581)
[=================                       ]: 243 (Loss: 0.5908)
[=================                       ]: 244 (Loss: 0.6055)
[==================                      ]: 245 (Loss: 0.6315)
[==================                      ]: 246 (Loss: 0.6366)
[==================                      ]: 247 (Loss: 0.6616)
[===================                     ]: 248 (Loss: 0.6035)
[===================                     ]: 249 (Loss: 0.5977)
[====================                    ]: 250 (Loss: 0.6092)
[====================                    ]: 251 (Loss: 0.5882)
[====================                    ]: 252 (Loss: 0.5986)
[=====================                   ]: 253 (Loss: 0.5785)
[=====================                   ]: 254 (Loss: 0.5355)
[======================                  ]: 255 (Loss: 0.6024)
[======================                  ]: 256 (Loss: 0.5772)
[======================                  ]: 257 (Loss: 0.6378)
[=======================                 ]: 258 (Loss: 0.6306)
[=======================                 ]: 259 (Loss: 0.6007)
[========================                ]: 260 (Loss: 0.6402)
[========================                ]: 261 (Loss: 0.5823)
[========================                ]: 262 (Loss: 0.5933)
[=========================               ]: 263 (Loss: 0.6187)
[=========================               ]: 264 (Loss: 0.6277)
[==========================              ]: 265 (Loss: 0.6588)
[==========================              ]: 266 (Loss: 0.6019)
[==========================              ]: 267 (Loss: 0.5985)
[===========================             ]: 268 (Loss: 0.5735)
[===========================             ]: 269 (Loss: 0.5687)
[============================            ]: 270 (Loss: 0.6264)
[============================            ]: 271 (Loss: 0.5974)
[============================            ]: 272 (Loss: 0.6106)
[=============================           ]: 273 (Loss: 0.6334)
[=============================           ]: 274 (Loss: 0.6236)
[==============================          ]: 275 (Loss: 0.6599)
[==============================          ]: 276 (Loss: 0.5480)
[==============================          ]: 277 (Loss: 0.6037)
[===============================         ]: 278 (Loss: 0.5917)
[===============================         ]: 279 (Loss: 0.6816)
[================================        ]: 280 (Loss: 0.6056)
[================================        ]: 281 (Loss: 0.5841)
[================================        ]: 282 (Loss: 0.5412)
[=================================       ]: 283 (Loss: 0.6258)
[=================================       ]: 284 (Loss: 0.6350)
[==================================      ]: 285 (Loss: 0.5958)
[==================================      ]: 286 (Loss: 0.5745)
[==================================      ]: 287 (Loss: 0.5835)
[===================================     ]: 288 (Loss: 0.6029)
[===================================     ]: 289 (Loss: 0.6640)
[====================================    ]: 290 (Loss: 0.6063)
[====================================    ]: 291 (Loss: 0.6048)
[====================================    ]: 292 (Loss: 0.6304)
[=====================================   ]: 293 (Loss: 0.5687)
[=====================================   ]: 294 (Loss: 0.5913)
[======================================  ]: 295 (Loss: 0.5945)
[======================================  ]: 296 (Loss: 0.6070)
[======================================  ]: 297 (Loss: 0.6817)
[======================================= ]: 298 (Loss: 0.6297)
[======================================= ]: 299 (Loss: 0.5787)
[========================================]: 300 (Loss: 0.5806)
                                                                                                    
[2026-07-16 20:47:30,919] [INFO] [__main__] Batch 300 Loss: 0.612357 Cost: 13.24 Time: 74 ms/sequence

[                                        ]: 301 (Loss: 0.6375)
[                                        ]: 302 (Loss: 0.6286)
[=                                       ]: 303 (Loss: 0.5829)
[=                                       ]: 304 (Loss: 0.6118)
[==                                      ]: 305 (Loss: 0.5997)
[==                                      ]: 306 (Loss: 0.5981)
[==                                      ]: 307 (Loss: 0.6039)
[===                                     ]: 308 (Loss: 0.6124)
[===                                     ]: 309 (Loss: 0.6162)
[====                                    ]: 310 (Loss: 0.5774)
[====                                    ]: 311 (Loss: 0.6417)
[====                                    ]: 312 (Loss: 0.6443)
[=====                                   ]: 313 (Loss: 0.5968)
[=====                                   ]: 314 (Loss: 0.6410)
[======                                  ]: 315 (Loss: 0.6575)
[======                                  ]: 316 (Loss: 0.5818)
[======                                  ]: 317 (Loss: 0.6071)
[=======                                 ]: 318 (Loss: 0.5781)
[=======                                 ]: 319 (Loss: 0.6002)
[========                                ]: 320 (Loss: 0.6774)
[========                                ]: 321 (Loss: 0.5902)
[========                                ]: 322 (Loss: 0.6466)
[=========                               ]: 323 (Loss: 0.6110)
[=========                               ]: 324 (Loss: 0.5917)
[==========                              ]: 325 (Loss: 0.5706)
[==========                              ]: 326 (Loss: 0.5791)
[==========                              ]: 327 (Loss: 0.5946)
[===========                             ]: 328 (Loss: 0.5305)
[===========                             ]: 329 (Loss: 0.6219)
[============                            ]: 330 (Loss: 0.6029)
[============                            ]: 331 (Loss: 0.5662)
[============                            ]: 332 (Loss: 0.5727)
[=============                           ]: 333 (Loss: 0.6572)
[=============                           ]: 334 (Loss: 0.5887)
[==============                          ]: 335 (Loss: 0.5351)
[==============                          ]: 336 (Loss: 0.6219)
[==============                          ]: 337 (Loss: 0.5839)
[===============                         ]: 338 (Loss: 0.6455)
[===============                         ]: 339 (Loss: 0.5425)
[================                        ]: 340 (Loss: 0.5845)
[================                        ]: 341 (Loss: 0.5640)
[================                        ]: 342 (Loss: 0.6122)
[=================                       ]: 343 (Loss: 0.5900)
[=================                       ]: 344 (Loss: 0.6136)
[==================                      ]: 345 (Loss: 0.5590)
[==================                      ]: 346 (Loss: 0.5412)
[==================                      ]: 347 (Loss: 0.6096)
[===================                     ]: 348 (Loss: 0.6167)
[===================                     ]: 349 (Loss: 0.5921)
[====================                    ]: 350 (Loss: 0.5893)
[====================                    ]: 351 (Loss: 0.6552)
[====================                    ]: 352 (Loss: 0.5502)
[=====================                   ]: 353 (Loss: 0.5748)
[=====================                   ]: 354 (Loss: 0.6348)
[======================                  ]: 355 (Loss: 0.5927)
[======================                  ]: 356 (Loss: 0.6264)
[======================                  ]: 357 (Loss: 0.5927)
[=======================                 ]: 358 (Loss: 0.6073)
[=======================                 ]: 359 (Loss: 0.5590)
[========================                ]: 360 (Loss: 0.6379)
[========================                ]: 361 (Loss: 0.5140)
[========================                ]: 362 (Loss: 0.5571)
[=========================               ]: 363 (Loss: 0.6376)
[=========================               ]: 364 (Loss: 0.5469)
[==========================              ]: 365 (Loss: 0.4831)
[==========================              ]: 366 (Loss: 0.5822)
[==========================              ]: 367 (Loss: 0.5388)
[===========================             ]: 368 (Loss: 0.5748)
[===========================             ]: 369 (Loss: 0.5814)
[============================            ]: 370 (Loss: 0.5580)
[============================            ]: 371 (Loss: 0.6292)
[============================            ]: 372 (Loss: 0.6017)
[=============================           ]: 373 (Loss: 0.5668)
[=============================           ]: 374 (Loss: 0.5631)
[==============================          ]: 375 (Loss: 0.5848)
[==============================          ]: 376 (Loss: 0.6118)
[==============================          ]: 377 (Loss: 0.6166)
[===============================         ]: 378 (Loss: 0.6476)
[===============================         ]: 379 (Loss: 0.5703)
[================================        ]: 380 (Loss: 0.5994)
[================================        ]: 381 (Loss: 0.5901)
[================================        ]: 382 (Loss: 0.5844)
[=================================       ]: 383 (Loss: 0.5527)
[=================================       ]: 384 (Loss: 0.5636)
[==================================      ]: 385 (Loss: 0.5663)
[==================================      ]: 386 (Loss: 0.5870)
[==================================      ]: 387 (Loss: 0.5791)
[===================================     ]: 388 (Loss: 0.5201)
[===================================     ]: 389 (Loss: 0.5412)
[====================================    ]: 390 (Loss: 0.5842)
[====================================    ]: 391 (Loss: 0.6223)
[====================================    ]: 392 (Loss: 0.6047)
[=====================================   ]: 393 (Loss: 0.6089)
[=====================================   ]: 394 (Loss: 0.5829)
[======================================  ]: 395 (Loss: 0.6883)
[======================================  ]: 396 (Loss: 0.7213)
[======================================  ]: 397 (Loss: 0.6446)
[======================================= ]: 398 (Loss: 0.5126)
[======================================= ]: 399 (Loss: 0.6220)
[========================================]: 400 (Loss: 0.6339)
                                                                                                    
[2026-07-16 20:47:38,032] [INFO] [__main__] Batch 400 Loss: 0.595256 Cost: 12.74 Time: 71 ms/sequence

[                                        ]: 401 (Loss: 0.5848)
[                                        ]: 402 (Loss: 0.6406)
[=                                       ]: 403 (Loss: 0.5502)
[=                                       ]: 404 (Loss: 0.5708)
[==                                      ]: 405 (Loss: 0.5946)
[==                                      ]: 406 (Loss: 0.6280)
[==                                      ]: 407 (Loss: 0.5420)
[===                                     ]: 408 (Loss: 0.5861)
[===                                     ]: 409 (Loss: 0.5536)
[====                                    ]: 410 (Loss: 0.6439)
[====                                    ]: 411 (Loss: 0.5928)
[====                                    ]: 412 (Loss: 0.6062)
[=====                                   ]: 413 (Loss: 0.6066)
[=====                                   ]: 414 (Loss: 0.6058)
[======                                  ]: 415 (Loss: 0.5334)
[======                                  ]: 416 (Loss: 0.6123)
[======                                  ]: 417 (Loss: 0.6338)
[=======                                 ]: 418 (Loss: 0.5314)
[=======                                 ]: 419 (Loss: 0.6010)
[========                                ]: 420 (Loss: 0.6094)
[========                                ]: 421 (Loss: 0.6042)
[========                                ]: 422 (Loss: 0.6037)
[=========                               ]: 423 (Loss: 0.5872)
[=========                               ]: 424 (Loss: 0.6202)
[==========                              ]: 425 (Loss: 0.5788)
[==========                              ]: 426 (Loss: 0.5393)
[==========                              ]: 427 (Loss: 0.6208)
[===========                             ]: 428 (Loss: 0.6011)
[===========                             ]: 429 (Loss: 0.5921)
[============                            ]: 430 (Loss: 0.5839)
[============                            ]: 431 (Loss: 0.5780)
[============                            ]: 432 (Loss: 0.6188)
[=============                           ]: 433 (Loss: 0.5983)
[=============                           ]: 434 (Loss: 0.5847)
[==============                          ]: 435 (Loss: 0.6493)
[==============                          ]: 436 (Loss: 0.5943)
[==============                          ]: 437 (Loss: 0.5882)
[===============                         ]: 438 (Loss: 0.6660)
[===============                         ]: 439 (Loss: 0.5112)
[================                        ]: 440 (Loss: 0.5511)
[================                        ]: 441 (Loss: 0.6115)
[================                        ]: 442 (Loss: 0.5279)
[=================                       ]: 443 (Loss: 0.5984)
[=================                       ]: 444 (Loss: 0.5835)
[==================                      ]: 445 (Loss: 0.5712)
[==================                      ]: 446 (Loss: 0.5376)
[==================                      ]: 447 (Loss: 0.5854)
[===================                     ]: 448 (Loss: 0.5971)
[===================                     ]: 449 (Loss: 0.5529)
[====================                    ]: 450 (Loss: 0.6034)
[====================                    ]: 451 (Loss: 0.6583)
[====================                    ]: 452 (Loss: 0.6494)
[=====================                   ]: 453 (Loss: 0.5778)
[=====================                   ]: 454 (Loss: 0.5622)
[======================                  ]: 455 (Loss: 0.5706)
[======================                  ]: 456 (Loss: 0.6037)
[======================                  ]: 457 (Loss: 0.6523)
[=======================                 ]: 458 (Loss: 0.5664)
[=======================                 ]: 459 (Loss: 0.5710)
[========================                ]: 460 (Loss: 0.5957)
[========================                ]: 461 (Loss: 0.5354)
[========================                ]: 462 (Loss: 0.6547)
[=========================               ]: 463 (Loss: 0.6048)
[=========================               ]: 464 (Loss: 0.6698)
[==========================              ]: 465 (Loss: 0.5293)
[==========================              ]: 466 (Loss: 0.5980)
[==========================              ]: 467 (Loss: 0.5361)
[===========================             ]: 468 (Loss: 0.6518)
[===========================             ]: 469 (Loss: 0.5382)
[============================            ]: 470 (Loss: 0.5353)
[============================            ]: 471 (Loss: 0.5711)
[============================            ]: 472 (Loss: 0.5458)
[=============================           ]: 473 (Loss: 0.5899)
[=============================           ]: 474 (Loss: 0.5391)
[==============================          ]: 475 (Loss: 0.5765)
[==============================          ]: 476 (Loss: 0.5586)
[==============================          ]: 477 (Loss: 0.5394)
[===============================         ]: 478 (Loss: 0.5748)
[===============================         ]: 479 (Loss: 0.6117)
[================================        ]: 480 (Loss: 0.5095)
[================================        ]: 481 (Loss: 0.5950)
[================================        ]: 482 (Loss: 0.5620)
[=================================       ]: 483 (Loss: 0.5850)
[=================================       ]: 484 (Loss: 0.5404)
[==================================      ]: 485 (Loss: 0.4812)
[==================================      ]: 486 (Loss: 0.5517)
[==================================      ]: 487 (Loss: 0.5156)
[===================================     ]: 488 (Loss: 0.6086)
[===================================     ]: 489 (Loss: 0.6211)
[====================================    ]: 490 (Loss: 0.6097)
[====================================    ]: 491 (Loss: 0.6063)
[====================================    ]: 492 (Loss: 0.6797)
[=====================================   ]: 493 (Loss: 0.5652)
[=====================================   ]: 494 (Loss: 0.5720)
[======================================  ]: 495 (Loss: 0.4791)
[======================================  ]: 496 (Loss: 0.5633)
[======================================  ]: 497 (Loss: 0.6124)
[======================================= ]: 498 (Loss: 0.5867)
[======================================= ]: 499 (Loss: 0.6714)
[========================================]: 500 (Loss: 0.6605)
                                                                                                    
[2026-07-16 20:47:45,165] [INFO] [__main__] Batch 500 Loss: 0.586116 Cost: 12.43 Time: 71 ms/sequence

[                                        ]: 501 (Loss: 0.6230)
[                                        ]: 502 (Loss: 0.6138)
[=                                       ]: 503 (Loss: 0.5953)
[=                                       ]: 504 (Loss: 0.5607)
[==                                      ]: 505 (Loss: 0.6014)
[==                                      ]: 506 (Loss: 0.5076)
[==                                      ]: 507 (Loss: 0.4993)
[===                                     ]: 508 (Loss: 0.5698)
[===                                     ]: 509 (Loss: 0.5400)
[====                                    ]: 510 (Loss: 0.6050)
[====                                    ]: 511 (Loss: 0.5790)
[====                                    ]: 512 (Loss: 0.5863)
[=====                                   ]: 513 (Loss: 0.5258)
[=====                                   ]: 514 (Loss: 0.5695)
[======                                  ]: 515 (Loss: 0.6543)
[======                                  ]: 516 (Loss: 0.5532)
[======                                  ]: 517 (Loss: 0.5700)
[=======                                 ]: 518 (Loss: 0.5035)
[=======                                 ]: 519 (Loss: 0.5248)
[========                                ]: 520 (Loss: 0.5180)
[========                                ]: 521 (Loss: 0.5730)
[========                                ]: 522 (Loss: 0.5693)
[=========                               ]: 523 (Loss: 0.5386)
[=========                               ]: 524 (Loss: 0.5607)
[==========                              ]: 525 (Loss: 0.5856)
[==========                              ]: 526 (Loss: 0.6022)
[==========                              ]: 527 (Loss: 0.5067)
[===========                             ]: 528 (Loss: 0.5804)
[===========                             ]: 529 (Loss: 0.5735)
[============                            ]: 530 (Loss: 0.5747)
[============                            ]: 531 (Loss: 0.5429)
[============                            ]: 532 (Loss: 0.5723)
[=============                           ]: 533 (Loss: 0.6459)
[=============                           ]: 534 (Loss: 0.5943)
[==============                          ]: 535 (Loss: 0.5933)
[==============                          ]: 536 (Loss: 0.6090)
[==============                          ]: 537 (Loss: 0.5465)
[===============                         ]: 538 (Loss: 0.5660)
[===============                         ]: 539 (Loss: 0.5702)
[================                        ]: 540 (Loss: 0.5722)
[================                        ]: 541 (Loss: 0.4855)
[================                        ]: 542 (Loss: 0.5176)
[=================                       ]: 543 (Loss: 0.6071)
[=================                       ]: 544 (Loss: 0.5819)
[==================                      ]: 545 (Loss: 0.5746)
[==================                      ]: 546 (Loss: 0.5505)
[==================                      ]: 547 (Loss: 0.5957)
[===================                     ]: 548 (Loss: 0.6219)
[===================                     ]: 549 (Loss: 0.5577)
[====================                    ]: 550 (Loss: 0.5498)
[====================                    ]: 551 (Loss: 0.6272)
[====================                    ]: 552 (Loss: 0.5708)
[=====================                   ]: 553 (Loss: 0.5195)
[=====================                   ]: 554 (Loss: 0.5607)
[======================                  ]: 555 (Loss: 0.7034)
[======================                  ]: 556 (Loss: 0.5832)
[======================                  ]: 557 (Loss: 0.5429)
[=======================                 ]: 558 (Loss: 0.5468)
[=======================                 ]: 559 (Loss: 0.6544)
[========================                ]: 560 (Loss: 0.5788)
[========================                ]: 561 (Loss: 0.5657)
[========================                ]: 562 (Loss: 0.5050)
[=========================               ]: 563 (Loss: 0.6167)
[=========================               ]: 564 (Loss: 0.5143)
[==========================              ]: 565 (Loss: 0.5462)
[==========================              ]: 566 (Loss: 0.5687)
[==========================              ]: 567 (Loss: 0.5820)
[===========================             ]: 568 (Loss: 0.6006)
[===========================             ]: 569 (Loss: 0.5110)
[============================            ]: 570 (Loss: 0.5848)
[============================            ]: 571 (Loss: 0.5282)
[============================            ]: 572 (Loss: 0.5450)
[=============================           ]: 573 (Loss: 0.6537)
[=============================           ]: 574 (Loss: 0.5820)
[==============================          ]: 575 (Loss: 0.5331)
[==============================          ]: 576 (Loss: 0.5899)
[==============================          ]: 577 (Loss: 0.4928)
[===============================         ]: 578 (Loss: 0.5458)
[===============================         ]: 579 (Loss: 0.6140)
[================================        ]: 580 (Loss: 0.5273)
[================================        ]: 581 (Loss: 0.5495)
[================================        ]: 582 (Loss: 0.6081)
[=================================       ]: 583 (Loss: 0.5719)
[=================================       ]: 584 (Loss: 0.5817)
[==================================      ]: 585 (Loss: 0.6699)
[==================================      ]: 586 (Loss: 0.4949)
[==================================      ]: 587 (Loss: 0.5860)
[===================================     ]: 588 (Loss: 0.5948)
[===================================     ]: 589 (Loss: 0.5809)
[====================================    ]: 590 (Loss: 0.5861)
[====================================    ]: 591 (Loss: 0.4651)
[====================================    ]: 592 (Loss: 0.5793)
[=====================================   ]: 593 (Loss: 0.5967)
[=====================================   ]: 594 (Loss: 0.6014)
[======================================  ]: 595 (Loss: 0.6576)
[======================================  ]: 596 (Loss: 0.5564)
[======================================  ]: 597 (Loss: 0.6417)
[======================================= ]: 598 (Loss: 0.6049)
[======================================= ]: 599 (Loss: 0.6109)
[========================================]: 600 (Loss: 0.5765)
                                                                                                    
[2026-07-16 20:47:52,215] [INFO] [__main__] Batch 600 Loss: 0.572290 Cost: 12.06 Time: 70 ms/sequence

[                                        ]: 601 (Loss: 0.6473)
[                                        ]: 602 (Loss: 0.5532)
[=                                       ]: 603 (Loss: 0.4522)
[=                                       ]: 604 (Loss: 0.5897)
[==                                      ]: 605 (Loss: 0.4834)
[==                                      ]: 606 (Loss: 0.4849)
[==                                      ]: 607 (Loss: 0.5717)
[===                                     ]: 608 (Loss: 0.6383)
[===                                     ]: 609 (Loss: 0.5681)
[====                                    ]: 610 (Loss: 0.6296)
[====                                    ]: 611 (Loss: 0.5565)
[====                                    ]: 612 (Loss: 0.5268)
[=====                                   ]: 613 (Loss: 0.6057)
[=====                                   ]: 614 (Loss: 0.6038)
[======                                  ]: 615 (Loss: 0.5486)
[======                                  ]: 616 (Loss: 0.5637)
[======                                  ]: 617 (Loss: 0.6013)
[=======                                 ]: 618 (Loss: 0.5729)
[=======                                 ]: 619 (Loss: 0.4811)
[========                                ]: 620 (Loss: 0.6206)
[========                                ]: 621 (Loss: 0.5301)
[========                                ]: 622 (Loss: 0.5857)
[=========                               ]: 623 (Loss: 0.5399)
[=========                               ]: 624 (Loss: 0.5543)
[==========                              ]: 625 (Loss: 0.5588)
[==========                              ]: 626 (Loss: 0.5088)
[==========                              ]: 627 (Loss: 0.5542)
[===========                             ]: 628 (Loss: 0.5742)
[===========                             ]: 629 (Loss: 0.5485)
[============                            ]: 630 (Loss: 0.5321)
[============                            ]: 631 (Loss: 0.6010)
[============                            ]: 632 (Loss: 0.4887)
[=============                           ]: 633 (Loss: 0.6066)
[=============                           ]: 634 (Loss: 0.6164)
[==============                          ]: 635 (Loss: 0.5852)
[==============                          ]: 636 (Loss: 0.6262)
[==============                          ]: 637 (Loss: 0.6466)
[===============                         ]: 638 (Loss: 0.5066)
[===============                         ]: 639 (Loss: 0.5598)
[================                        ]: 640 (Loss: 0.5692)
[================                        ]: 641 (Loss: 0.5621)
[================                        ]: 642 (Loss: 0.6061)
[=================                       ]: 643 (Loss: 0.6046)
[=================                       ]: 644 (Loss: 0.5655)
[==================                      ]: 645 (Loss: 0.5162)
[==================                      ]: 646 (Loss: 0.5753)
[==================                      ]: 647 (Loss: 0.5281)
[===================                     ]: 648 (Loss: 0.5022)
[===================                     ]: 649 (Loss: 0.5921)
[====================                    ]: 650 (Loss: 0.5192)
[====================                    ]: 651 (Loss: 0.4994)
[====================                    ]: 652 (Loss: 0.5526)
[=====================                   ]: 653 (Loss: 0.5106)
[=====================                   ]: 654 (Loss: 0.4953)
[======================                  ]: 655 (Loss: 0.4819)
[======================                  ]: 656 (Loss: 0.4607)
[======================                  ]: 657 (Loss: 0.6023)
[=======================                 ]: 658 (Loss: 0.5627)
[=======================                 ]: 659 (Loss: 0.5302)
[========================                ]: 660 (Loss: 0.4428)
[========================                ]: 661 (Loss: 0.5618)
[========================                ]: 662 (Loss: 0.6105)
[=========================               ]: 663 (Loss: 0.6258)
[=========================               ]: 664 (Loss: 0.5764)
[==========================              ]: 665 (Loss: 0.5353)
[==========================              ]: 666 (Loss: 0.5902)
[==========================              ]: 667 (Loss: 0.4985)
[===========================             ]: 668 (Loss: 0.5095)
[===========================             ]: 669 (Loss: 0.5854)
[============================            ]: 670 (Loss: 0.5332)
[============================            ]: 671 (Loss: 0.5958)
[============================            ]: 672 (Loss: 0.5413)
[=============================           ]: 673 (Loss: 0.5807)
[=============================           ]: 674 (Loss: 0.5931)
[==============================          ]: 675 (Loss: 0.5361)
[==============================          ]: 676 (Loss: 0.6061)
[==============================          ]: 677 (Loss: 0.5089)
[===============================         ]: 678 (Loss: 0.6472)
[===============================         ]: 679 (Loss: 0.5327)
[================================        ]: 680 (Loss: 0.5502)
[================================        ]: 681 (Loss: 0.6496)
[================================        ]: 682 (Loss: 0.5697)
[=================================       ]: 683 (Loss: 0.4830)
[=================================       ]: 684 (Loss: 0.5440)
[==================================      ]: 685 (Loss: 0.5051)
[==================================      ]: 686 (Loss: 0.4337)
[==================================      ]: 687 (Loss: 0.5425)
[===================================     ]: 688 (Loss: 0.6011)
[===================================     ]: 689 (Loss: 0.5334)
[====================================    ]: 690 (Loss: 0.5629)
[====================================    ]: 691 (Loss: 0.5558)
[====================================    ]: 692 (Loss: 0.5787)
[=====================================   ]: 693 (Loss: 0.5678)
[=====================================   ]: 694 (Loss: 0.6083)
[======================================  ]: 695 (Loss: 0.5288)
[======================================  ]: 696 (Loss: 0.4850)
[======================================  ]: 697 (Loss: 0.4942)
[======================================= ]: 698 (Loss: 0.5731)
[======================================= ]: 699 (Loss: 0.5659)
[========================================]: 700 (Loss: 0.5672)
                                                                                                    
[2026-07-16 20:47:59,137] [INFO] [__main__] Batch 700 Loss: 0.555706 Cost: 11.27 Time: 69 ms/sequence

[                                        ]: 701 (Loss: 0.5271)
[                                        ]: 702 (Loss: 0.5619)
[=                                       ]: 703 (Loss: 0.5794)
[=                                       ]: 704 (Loss: 0.4993)
[==                                      ]: 705 (Loss: 0.5828)
[==                                      ]: 706 (Loss: 0.5600)
[==                                      ]: 707 (Loss: 0.5553)
[===                                     ]: 708 (Loss: 0.5907)
[===                                     ]: 709 (Loss: 0.6206)
[====                                    ]: 710 (Loss: 0.4838)
[====                                    ]: 711 (Loss: 0.6335)
[====                                    ]: 712 (Loss: 0.4897)
[=====                                   ]: 713 (Loss: 0.4857)
[=====                                   ]: 714 (Loss: 0.5971)
[======                                  ]: 715 (Loss: 0.4996)
[======                                  ]: 716 (Loss: 0.5290)
[======                                  ]: 717 (Loss: 0.5137)
[=======                                 ]: 718 (Loss: 0.5504)
[=======                                 ]: 719 (Loss: 0.5751)
[========                                ]: 720 (Loss: 0.5286)
[========                                ]: 721 (Loss: 0.4978)
[========                                ]: 722 (Loss: 0.4434)
[=========                               ]: 723 (Loss: 0.4959)
[=========                               ]: 724 (Loss: 0.5356)
[==========                              ]: 725 (Loss: 0.4942)
[==========                              ]: 726 (Loss: 0.6099)
[==========                              ]: 727 (Loss: 0.5534)
[===========                             ]: 728 (Loss: 0.5790)
[===========                             ]: 729 (Loss: 0.6193)
[============                            ]: 730 (Loss: 0.6426)
[============                            ]: 731 (Loss: 0.6453)
[============                            ]: 732 (Loss: 0.5603)
[=============                           ]: 733 (Loss: 0.5650)
[=============                           ]: 734 (Loss: 0.4937)
[==============                          ]: 735 (Loss: 0.5402)
[==============                          ]: 736 (Loss: 0.5265)
[==============                          ]: 737 (Loss: 0.5742)
[===============                         ]: 738 (Loss: 0.5614)
[===============                         ]: 739 (Loss: 0.5510)
[================                        ]: 740 (Loss: 0.5312)
[================                        ]: 741 (Loss: 0.5036)
[================                        ]: 742 (Loss: 0.5654)
[=================                       ]: 743 (Loss: 0.5345)
[=================                       ]: 744 (Loss: 0.5610)
[==================                      ]: 745 (Loss: 0.4897)
[==================                      ]: 746 (Loss: 0.5114)
[==================                      ]: 747 (Loss: 0.6245)
[===================                     ]: 748 (Loss: 0.5714)
[===================                     ]: 749 (Loss: 0.5513)
[====================                    ]: 750 (Loss: 0.5768)
[====================                    ]: 751 (Loss: 0.6034)
[====================                    ]: 752 (Loss: 0.5778)
[=====================                   ]: 753 (Loss: 0.5114)
[=====================                   ]: 754 (Loss: 0.5554)
[======================                  ]: 755 (Loss: 0.5300)
[======================                  ]: 756 (Loss: 0.4464)
[======================                  ]: 757 (Loss: 0.5951)
[=======================                 ]: 758 (Loss: 0.5543)
[=======================                 ]: 759 (Loss: 0.4607)
[========================                ]: 760 (Loss: 0.5464)
[========================                ]: 761 (Loss: 0.5387)
[========================                ]: 762 (Loss: 0.5090)
[=========================               ]: 763 (Loss: 0.5568)
[=========================               ]: 764 (Loss: 0.5445)
[==========================              ]: 765 (Loss: 0.4031)
[==========================              ]: 766 (Loss: 0.4802)
[==========================              ]: 767 (Loss: 0.4292)
[===========================             ]: 768 (Loss: 0.5432)
[===========================             ]: 769 (Loss: 0.5570)
[============================            ]: 770 (Loss: 0.5311)
[============================            ]: 771 (Loss: 0.4876)
[============================            ]: 772 (Loss: 0.5667)
[=============================           ]: 773 (Loss: 0.5187)
[=============================           ]: 774 (Loss: 0.4534)
[==============================          ]: 775 (Loss: 0.5557)
[==============================          ]: 776 (Loss: 0.5735)
[==============================          ]: 777 (Loss: 0.5842)
[===============================         ]: 778 (Loss: 0.5533)
[===============================         ]: 779 (Loss: 0.5502)
[================================        ]: 780 (Loss: 0.5189)
[================================        ]: 781 (Loss: 0.4695)
[================================        ]: 782 (Loss: 0.5987)
[=================================       ]: 783 (Loss: 0.5148)
[=================================       ]: 784 (Loss: 0.5663)
[==================================      ]: 785 (Loss: 0.5510)
[==================================      ]: 786 (Loss: 0.5887)
[==================================      ]: 787 (Loss: 0.5305)
[===================================     ]: 788 (Loss: 0.5184)
[===================================     ]: 789 (Loss: 0.5689)
[====================================    ]: 790 (Loss: 0.6295)
[====================================    ]: 791 (Loss: 0.5468)
[====================================    ]: 792 (Loss: 0.6317)
[=====================================   ]: 793 (Loss: 0.5477)
[=====================================   ]: 794 (Loss: 0.5694)
[======================================  ]: 795 (Loss: 0.5425)
[======================================  ]: 796 (Loss: 0.5125)
[======================================  ]: 797 (Loss: 0.5337)
[======================================= ]: 798 (Loss: 0.5706)
[======================================= ]: 799 (Loss: 0.5896)
[========================================]: 800 (Loss: 0.5471)
                                                                                                    
[2026-07-16 20:48:06,196] [INFO] [__main__] Batch 800 Loss: 0.544371 Cost: 11.25 Time: 70 ms/sequence

[                                        ]: 801 (Loss: 0.5480)
[                                        ]: 802 (Loss: 0.5357)
[=                                       ]: 803 (Loss: 0.5473)
[=                                       ]: 804 (Loss: 0.5802)
[==                                      ]: 805 (Loss: 0.5253)
[==                                      ]: 806 (Loss: 0.6071)
[==                                      ]: 807 (Loss: 0.4758)
[===                                     ]: 808 (Loss: 0.5915)
[===                                     ]: 809 (Loss: 0.5146)
[====                                    ]: 810 (Loss: 0.5378)
[====                                    ]: 811 (Loss: 0.5648)
[====                                    ]: 812 (Loss: 0.5362)
[=====                                   ]: 813 (Loss: 0.5184)
[=====                                   ]: 814 (Loss: 0.5320)
[======                                  ]: 815 (Loss: 0.5580)
[======                                  ]: 816 (Loss: 0.4532)
[======                                  ]: 817 (Loss: 0.5976)
[=======                                 ]: 818 (Loss: 0.5707)
[=======                                 ]: 819 (Loss: 0.5368)
[========                                ]: 820 (Loss: 0.6141)
[========                                ]: 821 (Loss: 0.5805)
[========                                ]: 822 (Loss: 0.4739)
[=========                               ]: 823 (Loss: 0.6016)
[=========                               ]: 824 (Loss: 0.4629)
[==========                              ]: 825 (Loss: 0.4686)
[==========                              ]: 826 (Loss: 0.4656)
[==========                              ]: 827 (Loss: 0.5939)
[===========                             ]: 828 (Loss: 0.4899)
[===========                             ]: 829 (Loss: 0.5216)
[============                            ]: 830 (Loss: 0.5162)
[============                            ]: 831 (Loss: 0.5446)
[============                            ]: 832 (Loss: 0.5717)
[=============                           ]: 833 (Loss: 0.5666)
[=============                           ]: 834 (Loss: 0.5972)
[==============                          ]: 835 (Loss: 0.4555)
[==============                          ]: 836 (Loss: 0.5330)
[==============                          ]: 837 (Loss: 0.5169)
[===============                         ]: 838 (Loss: 0.5693)
[===============                         ]: 839 (Loss: 0.5439)
[================                        ]: 840 (Loss: 0.5375)
[================                        ]: 841 (Loss: 0.5199)
[================                        ]: 842 (Loss: 0.4591)
[=================                       ]: 843 (Loss: 0.4749)
[=================                       ]: 844 (Loss: 0.4829)
[==================                      ]: 845 (Loss: 0.5562)
[==================                      ]: 846 (Loss: 0.5479)
[==================                      ]: 847 (Loss: 0.5118)
[===================                     ]: 848 (Loss: 0.5550)
[===================                     ]: 849 (Loss: 0.4445)
[====================                    ]: 850 (Loss: 0.5485)
[====================                    ]: 851 (Loss: 0.5436)
[====================                    ]: 852 (Loss: 0.5439)
[=====================                   ]: 853 (Loss: 0.5517)
[=====================                   ]: 854 (Loss: 0.6224)
[======================                  ]: 855 (Loss: 0.6124)
[======================                  ]: 856 (Loss: 0.4606)
[======================                  ]: 857 (Loss: 0.5759)
[=======================                 ]: 858 (Loss: 0.5706)
[=======================                 ]: 859 (Loss: 0.5450)
[========================                ]: 860 (Loss: 0.4983)
[========================                ]: 861 (Loss: 0.5008)
[========================                ]: 862 (Loss: 0.5623)
[=========================               ]: 863 (Loss: 0.5712)
[=========================               ]: 864 (Loss: 0.5661)
[==========================              ]: 865 (Loss: 0.5671)
[==========================              ]: 866 (Loss: 0.6026)
[==========================              ]: 867 (Loss: 0.5245)
[===========================             ]: 868 (Loss: 0.4939)
[===========================             ]: 869 (Loss: 0.5305)
[============================            ]: 870 (Loss: 0.5473)
[============================            ]: 871 (Loss: 0.5125)
[============================            ]: 872 (Loss: 0.5650)
[=============================           ]: 873 (Loss: 0.5639)
[=============================           ]: 874 (Loss: 0.6052)
[==============================          ]: 875 (Loss: 0.5345)
[==============================          ]: 876 (Loss: 0.4544)
[==============================          ]: 877 (Loss: 0.5381)
[===============================         ]: 878 (Loss: 0.5501)
[===============================         ]: 879 (Loss: 0.4388)
[================================        ]: 880 (Loss: 0.5582)
[================================        ]: 881 (Loss: 0.5544)
[================================        ]: 882 (Loss: 0.5900)
[=================================       ]: 883 (Loss: 0.5497)
[=================================       ]: 884 (Loss: 0.5881)
[==================================      ]: 885 (Loss: 0.5500)
[==================================      ]: 886 (Loss: 0.4895)
[==================================      ]: 887 (Loss: 0.5703)
[===================================     ]: 888 (Loss: 0.4412)
[===================================     ]: 889 (Loss: 0.4647)
[====================================    ]: 890 (Loss: 0.5842)
[====================================    ]: 891 (Loss: 0.5361)
[====================================    ]: 892 (Loss: 0.5179)
[=====================================   ]: 893 (Loss: 0.6083)
[=====================================   ]: 894 (Loss: 0.6263)
[======================================  ]: 895 (Loss: 0.5590)
[======================================  ]: 896 (Loss: 0.5056)
[======================================  ]: 897 (Loss: 0.6047)
[======================================= ]: 898 (Loss: 0.5818)
[======================================= ]: 899 (Loss: 0.5919)
[========================================]: 900 (Loss: 0.5570)
                                                                                                    
[2026-07-16 20:48:13,345] [INFO] [__main__] Batch 900 Loss: 0.540390 Cost: 11.07 Time: 71 ms/sequence

[                                        ]: 901 (Loss: 0.5230)
[                                        ]: 902 (Loss: 0.4930)
[=                                       ]: 903 (Loss: 0.5220)
[=                                       ]: 904 (Loss: 0.5216)
[==                                      ]: 905 (Loss: 0.4342)
[==                                      ]: 906 (Loss: 0.5250)
[==                                      ]: 907 (Loss: 0.6638)
[===                                     ]: 908 (Loss: 0.5912)
[===                                     ]: 909 (Loss: 0.5498)
[====                                    ]: 910 (Loss: 0.5409)
[====                                    ]: 911 (Loss: 0.5736)
[====                                    ]: 912 (Loss: 0.4482)
[=====                                   ]: 913 (Loss: 0.5331)
[=====                                   ]: 914 (Loss: 0.6243)
[======                                  ]: 915 (Loss: 0.4492)
[======                                  ]: 916 (Loss: 0.5523)
[======                                  ]: 917 (Loss: 0.5207)
[=======                                 ]: 918 (Loss: 0.6184)
[=======                                 ]: 919 (Loss: 0.6003)
[========                                ]: 920 (Loss: 0.6855)
[========                                ]: 921 (Loss: 0.5366)
[========                                ]: 922 (Loss: 0.5965)
[=========                               ]: 923 (Loss: 0.5889)
[=========                               ]: 924 (Loss: 0.5942)
[==========                              ]: 925 (Loss: 0.5535)
[==========                              ]: 926 (Loss: 0.6108)
[==========                              ]: 927 (Loss: 0.4929)
[===========                             ]: 928 (Loss: 0.5331)
[===========                             ]: 929 (Loss: 0.4409)
[============                            ]: 930 (Loss: 0.5622)
[============                            ]: 931 (Loss: 0.5068)
[============                            ]: 932 (Loss: 0.5048)
[=============                           ]: 933 (Loss: 0.5794)
[=============                           ]: 934 (Loss: 0.6439)
[==============                          ]: 935 (Loss: 0.5313)
[==============                          ]: 936 (Loss: 0.5474)
[==============                          ]: 937 (Loss: 0.4937)
[===============                         ]: 938 (Loss: 0.4724)
[===============                         ]: 939 (Loss: 0.5816)
[================                        ]: 940 (Loss: 0.6311)
[================                        ]: 941 (Loss: 0.5598)
[================                        ]: 942 (Loss: 0.6412)
[=================                       ]: 943 (Loss: 0.5159)
[=================                       ]: 944 (Loss: 0.5296)
[==================                      ]: 945 (Loss: 0.4954)
[==================                      ]: 946 (Loss: 0.5843)
[==================                      ]: 947 (Loss: 0.5022)
[===================                     ]: 948 (Loss: 0.5378)
[===================                     ]: 949 (Loss: 0.5281)
[====================                    ]: 950 (Loss: 0.5558)
[====================                    ]: 951 (Loss: 0.4084)
[====================                    ]: 952 (Loss: 0.6145)
[=====================                   ]: 953 (Loss: 0.5703)
[=====================                   ]: 954 (Loss: 0.4950)
[======================                  ]: 955 (Loss: 0.4172)
[======================                  ]: 956 (Loss: 0.5961)
[======================                  ]: 957 (Loss: 0.5347)
[=======================                 ]: 958 (Loss: 0.4934)
[=======================                 ]: 959 (Loss: 0.4986)
[========================                ]: 960 (Loss: 0.6428)
[========================                ]: 961 (Loss: 0.5219)
[========================                ]: 962 (Loss: 0.6140)
[=========================               ]: 963 (Loss: 0.6796)
[=========================               ]: 964 (Loss: 0.5491)
[==========================              ]: 965 (Loss: 0.5348)
[==========================              ]: 966 (Loss: 0.5955)
[==========================              ]: 967 (Loss: 0.5215)
[===========================             ]: 968 (Loss: 0.5938)
[===========================             ]: 969 (Loss: 0.6176)
[============================            ]: 970 (Loss: 0.4894)
[============================            ]: 971 (Loss: 0.5209)
[============================            ]: 972 (Loss: 0.4992)
[=============================           ]: 973 (Loss: 0.4757)
[=============================           ]: 974 (Loss: 0.4334)
[==============================          ]: 975 (Loss: 0.5499)
[==============================          ]: 976 (Loss: 0.5028)
[==============================          ]: 977 (Loss: 0.5430)
[===============================         ]: 978 (Loss: 0.4856)
[===============================         ]: 979 (Loss: 0.6191)
[================================        ]: 980 (Loss: 0.5721)
[================================        ]: 981 (Loss: 0.5863)
[================================        ]: 982 (Loss: 0.5105)
[=================================       ]: 983 (Loss: 0.4904)
[=================================       ]: 984 (Loss: 0.5583)
[==================================      ]: 985 (Loss: 0.5559)
[==================================      ]: 986 (Loss: 0.5565)
[==================================      ]: 987 (Loss: 0.5511)
[===================================     ]: 988 (Loss: 0.5254)
[===================================     ]: 989 (Loss: 0.6700)
[====================================    ]: 990 (Loss: 0.4501)
[====================================    ]: 991 (Loss: 0.5396)
[====================================    ]: 992 (Loss: 0.5554)
[=====================================   ]: 993 (Loss: 0.5395)
[=====================================   ]: 994 (Loss: 0.5864)
[======================================  ]: 995 (Loss: 0.6020)
[======================================  ]: 996 (Loss: 0.5534)
[======================================  ]: 997 (Loss: 0.6103)
[======================================= ]: 998 (Loss: 0.5166)
[======================================= ]: 999 (Loss: 0.5079)
[========================================]: 1000 (Loss: 0.6255)
                                                                                                    
[2026-07-16 20:48:20,786] [INFO] [__main__] Batch 1000 Loss: 0.547033 Cost: 11.38 Time: 74 ms/sequence

                                                                                                    
[2026-07-16 20:48:20,787] [INFO] [__main__] Saving checkpoint to 'runs\copy_sanity_len5\copy\none\seed_1000\checkpoint-batch-00001000.pt'

[                                        ]: 1001 (Loss: 0.5463)
[                                        ]: 1002 (Loss: 0.5403)
[=                                       ]: 1003 (Loss: 0.4790)
[=                                       ]: 1004 (Loss: 0.4722)
[==                                      ]: 1005 (Loss: 0.4768)
[==                                      ]: 1006 (Loss: 0.4922)
[==                                      ]: 1007 (Loss: 0.5307)
[===                                     ]: 1008 (Loss: 0.5342)
[===                                     ]: 1009 (Loss: 0.5556)
[====                                    ]: 1010 (Loss: 0.6156)
[====                                    ]: 1011 (Loss: 0.6408)
[====                                    ]: 1012 (Loss: 0.5561)
[=====                                   ]: 1013 (Loss: 0.4811)
[=====                                   ]: 1014 (Loss: 0.5227)
[======                                  ]: 1015 (Loss: 0.4719)
[======                                  ]: 1016 (Loss: 0.5170)
[======                                  ]: 1017 (Loss: 0.5420)
[=======                                 ]: 1018 (Loss: 0.4307)
[=======                                 ]: 1019 (Loss: 0.5790)
[========                                ]: 1020 (Loss: 0.4999)
[========                                ]: 1021 (Loss: 0.5980)
[========                                ]: 1022 (Loss: 0.5001)
[=========                               ]: 1023 (Loss: 0.4813)
[=========                               ]: 1024 (Loss: 0.5486)
[==========                              ]: 1025 (Loss: 0.5608)
[==========                              ]: 1026 (Loss: 0.5789)
[==========                              ]: 1027 (Loss: 0.5526)
[===========                             ]: 1028 (Loss: 0.4679)
[===========                             ]: 1029 (Loss: 0.6331)
[============                            ]: 1030 (Loss: 0.5378)
[============                            ]: 1031 (Loss: 0.5030)
[============                            ]: 1032 (Loss: 0.5408)
[=============                           ]: 1033 (Loss: 0.4567)
[=============                           ]: 1034 (Loss: 0.4461)
[==============                          ]: 1035 (Loss: 0.5022)
[==============                          ]: 1036 (Loss: 0.5682)
[==============                          ]: 1037 (Loss: 0.6059)
[===============                         ]: 1038 (Loss: 0.4559)
[===============                         ]: 1039 (Loss: 0.5171)
[================                        ]: 1040 (Loss: 0.5468)
[================                        ]: 1041 (Loss: 0.5627)
[================                        ]: 1042 (Loss: 0.5193)
[=================                       ]: 1043 (Loss: 0.5025)
[=================                       ]: 1044 (Loss: 0.5107)
[==================                      ]: 1045 (Loss: 0.4931)
[==================                      ]: 1046 (Loss: 0.5500)
[==================                      ]: 1047 (Loss: 0.5874)
[===================                     ]: 1048 (Loss: 0.5652)
[===================                     ]: 1049 (Loss: 0.5063)
[====================                    ]: 1050 (Loss: 0.5087)
[====================                    ]: 1051 (Loss: 0.4917)
[====================                    ]: 1052 (Loss: 0.6233)
[=====================                   ]: 1053 (Loss: 0.5614)
[=====================                   ]: 1054 (Loss: 0.5098)
[======================                  ]: 1055 (Loss: 0.5452)
[======================                  ]: 1056 (Loss: 0.5689)
[======================                  ]: 1057 (Loss: 0.5389)
[=======================                 ]: 1058 (Loss: 0.5426)
[=======================                 ]: 1059 (Loss: 0.5713)
[========================                ]: 1060 (Loss: 0.5073)
[========================                ]: 1061 (Loss: 0.5663)
[========================                ]: 1062 (Loss: 0.4988)
[=========================               ]: 1063 (Loss: 0.5525)
[=========================               ]: 1064 (Loss: 0.5363)
[==========================              ]: 1065 (Loss: 0.4490)
[==========================              ]: 1066 (Loss: 0.5679)
[==========================              ]: 1067 (Loss: 0.4193)
[===========================             ]: 1068 (Loss: 0.4714)
[===========================             ]: 1069 (Loss: 0.5996)
[============================            ]: 1070 (Loss: 0.4406)
[============================            ]: 1071 (Loss: 0.5777)
[============================            ]: 1072 (Loss: 0.5119)
[=============================           ]: 1073 (Loss: 0.4671)
[=============================           ]: 1074 (Loss: 0.6038)
[==============================          ]: 1075 (Loss: 0.5533)
[==============================          ]: 1076 (Loss: 0.4773)
[==============================          ]: 1077 (Loss: 0.4944)
[===============================         ]: 1078 (Loss: 0.5543)
[===============================         ]: 1079 (Loss: 0.5389)
[================================        ]: 1080 (Loss: 0.4962)
[================================        ]: 1081 (Loss: 0.6148)
[================================        ]: 1082 (Loss: 0.4633)
[=================================       ]: 1083 (Loss: 0.5305)
[=================================       ]: 1084 (Loss: 0.5453)
[==================================      ]: 1085 (Loss: 0.5616)
[==================================      ]: 1086 (Loss: 0.4887)
[==================================      ]: 1087 (Loss: 0.5522)
[===================================     ]: 1088 (Loss: 0.4867)
[===================================     ]: 1089 (Loss: 0.5708)
[====================================    ]: 1090 (Loss: 0.5541)
[====================================    ]: 1091 (Loss: 0.5752)
[====================================    ]: 1092 (Loss: 0.5008)
[=====================================   ]: 1093 (Loss: 0.5243)
[=====================================   ]: 1094 (Loss: 0.5013)
[======================================  ]: 1095 (Loss: 0.5342)
[======================================  ]: 1096 (Loss: 0.3958)
[======================================  ]: 1097 (Loss: 0.5242)
[======================================= ]: 1098 (Loss: 0.4750)
[======================================= ]: 1099 (Loss: 0.5186)
[========================================]: 1100 (Loss: 0.5362)
                                                                                                    
[2026-07-16 20:48:29,309] [INFO] [__main__] Batch 1100 Loss: 0.526830 Cost: 10.83 Time: 85 ms/sequence

[                                        ]: 1101 (Loss: 0.5407)
[                                        ]: 1102 (Loss: 0.4943)
[=                                       ]: 1103 (Loss: 0.6006)
[=                                       ]: 1104 (Loss: 0.5139)
[==                                      ]: 1105 (Loss: 0.6220)
[==                                      ]: 1106 (Loss: 0.5675)
[==                                      ]: 1107 (Loss: 0.6091)
[===                                     ]: 1108 (Loss: 0.4816)
[===                                     ]: 1109 (Loss: 0.4675)
[====                                    ]: 1110 (Loss: 0.4992)
[====                                    ]: 1111 (Loss: 0.5561)
[====                                    ]: 1112 (Loss: 0.6242)
[=====                                   ]: 1113 (Loss: 0.5549)
[=====                                   ]: 1114 (Loss: 0.5715)
[======                                  ]: 1115 (Loss: 0.5262)
[======                                  ]: 1116 (Loss: 0.4637)
[======                                  ]: 1117 (Loss: 0.5128)
[=======                                 ]: 1118 (Loss: 0.4854)
[=======                                 ]: 1119 (Loss: 0.6042)
[========                                ]: 1120 (Loss: 0.4848)
[========                                ]: 1121 (Loss: 0.5509)
[========                                ]: 1122 (Loss: 0.5056)
[=========                               ]: 1123 (Loss: 0.5626)
[=========                               ]: 1124 (Loss: 0.4794)
[==========                              ]: 1125 (Loss: 0.5768)
[==========                              ]: 1126 (Loss: 0.4854)
[==========                              ]: 1127 (Loss: 0.4846)
[===========                             ]: 1128 (Loss: 0.5129)
[===========                             ]: 1129 (Loss: 0.5861)
[============                            ]: 1130 (Loss: 0.6126)
[============                            ]: 1131 (Loss: 0.4744)
[============                            ]: 1132 (Loss: 0.5097)
[=============                           ]: 1133 (Loss: 0.4761)
[=============                           ]: 1134 (Loss: 0.5049)
[==============                          ]: 1135 (Loss: 0.5476)
[==============                          ]: 1136 (Loss: 0.5740)
[==============                          ]: 1137 (Loss: 0.5391)
[===============                         ]: 1138 (Loss: 0.5171)
[===============                         ]: 1139 (Loss: 0.5742)
[================                        ]: 1140 (Loss: 0.5230)
[================                        ]: 1141 (Loss: 0.5710)
[================                        ]: 1142 (Loss: 0.5156)
[=================                       ]: 1143 (Loss: 0.5121)
[=================                       ]: 1144 (Loss: 0.5903)
[==================                      ]: 1145 (Loss: 0.6099)
[==================                      ]: 1146 (Loss: 0.6375)
[==================                      ]: 1147 (Loss: 0.5619)
[===================                     ]: 1148 (Loss: 0.5422)
[===================                     ]: 1149 (Loss: 0.5198)
[====================                    ]: 1150 (Loss: 0.5733)
[====================                    ]: 1151 (Loss: 0.5235)
[====================                    ]: 1152 (Loss: 0.5268)
[=====================                   ]: 1153 (Loss: 0.6479)
[=====================                   ]: 1154 (Loss: 0.4818)
[======================                  ]: 1155 (Loss: 0.4862)
[======================                  ]: 1156 (Loss: 0.5534)
[======================                  ]: 1157 (Loss: 0.5381)
[=======================                 ]: 1158 (Loss: 0.4718)
[=======================                 ]: 1159 (Loss: 0.5307)
[========================                ]: 1160 (Loss: 0.5428)
[========================                ]: 1161 (Loss: 0.5264)
[========================                ]: 1162 (Loss: 0.5974)
[=========================               ]: 1163 (Loss: 0.5400)
[=========================               ]: 1164 (Loss: 0.5086)
[==========================              ]: 1165 (Loss: 0.4833)
[==========================              ]: 1166 (Loss: 0.4733)
[==========================              ]: 1167 (Loss: 0.4930)
[===========================             ]: 1168 (Loss: 0.4839)
[===========================             ]: 1169 (Loss: 0.5365)
[============================            ]: 1170 (Loss: 0.4715)
[============================            ]: 1171 (Loss: 0.5269)
[============================            ]: 1172 (Loss: 0.5338)
[=============================           ]: 1173 (Loss: 0.5183)
[=============================           ]: 1174 (Loss: 0.5379)
[==============================          ]: 1175 (Loss: 0.5031)
[==============================          ]: 1176 (Loss: 0.5077)
[==============================          ]: 1177 (Loss: 0.5427)
[===============================         ]: 1178 (Loss: 0.5475)
[===============================         ]: 1179 (Loss: 0.5141)
[================================        ]: 1180 (Loss: 0.5526)
[================================        ]: 1181 (Loss: 0.4901)
[================================        ]: 1182 (Loss: 0.5336)
[=================================       ]: 1183 (Loss: 0.5434)
[=================================       ]: 1184 (Loss: 0.5285)
[==================================      ]: 1185 (Loss: 0.4733)
[==================================      ]: 1186 (Loss: 0.5167)
[==================================      ]: 1187 (Loss: 0.5506)
[===================================     ]: 1188 (Loss: 0.5097)
[===================================     ]: 1189 (Loss: 0.5371)
[====================================    ]: 1190 (Loss: 0.4571)
[====================================    ]: 1191 (Loss: 0.5211)
[====================================    ]: 1192 (Loss: 0.3948)
[=====================================   ]: 1193 (Loss: 0.4476)
[=====================================   ]: 1194 (Loss: 0.5494)
[======================================  ]: 1195 (Loss: 0.5354)
[======================================  ]: 1196 (Loss: 0.5333)
[======================================  ]: 1197 (Loss: 0.4306)
[======================================= ]: 1198 (Loss: 0.4850)
[======================================= ]: 1199 (Loss: 0.5668)
[========================================]: 1200 (Loss: 0.5284)
                                                                                                    
[2026-07-16 20:48:36,484] [INFO] [__main__] Batch 1200 Loss: 0.528446 Cost: 10.73 Time: 71 ms/sequence

[                                        ]: 1201 (Loss: 0.4902)
[                                        ]: 1202 (Loss: 0.4850)
[=                                       ]: 1203 (Loss: 0.4555)
[=                                       ]: 1204 (Loss: 0.5600)
[==                                      ]: 1205 (Loss: 0.6339)
[==                                      ]: 1206 (Loss: 0.5273)
[==                                      ]: 1207 (Loss: 0.4266)
[===                                     ]: 1208 (Loss: 0.4711)
[===                                     ]: 1209 (Loss: 0.6167)
[====                                    ]: 1210 (Loss: 0.4271)
[====                                    ]: 1211 (Loss: 0.5427)
[====                                    ]: 1212 (Loss: 0.5409)
[=====                                   ]: 1213 (Loss: 0.6074)
[=====                                   ]: 1214 (Loss: 0.3178)
[======                                  ]: 1215 (Loss: 0.6405)
[======                                  ]: 1216 (Loss: 0.4216)
[======                                  ]: 1217 (Loss: 0.5494)
[=======                                 ]: 1218 (Loss: 0.4891)
[=======                                 ]: 1219 (Loss: 0.4991)
[========                                ]: 1220 (Loss: 0.4289)
[========                                ]: 1221 (Loss: 0.5817)
[========                                ]: 1222 (Loss: 0.6437)
[=========                               ]: 1223 (Loss: 0.4834)
[=========                               ]: 1224 (Loss: 0.5500)
[==========                              ]: 1225 (Loss: 0.5063)
[==========                              ]: 1226 (Loss: 0.5188)
[==========                              ]: 1227 (Loss: 0.5782)
[===========                             ]: 1228 (Loss: 0.4753)
[===========                             ]: 1229 (Loss: 0.5932)
[============                            ]: 1230 (Loss: 0.4403)
[============                            ]: 1231 (Loss: 0.5369)
[============                            ]: 1232 (Loss: 0.4859)
[=============                           ]: 1233 (Loss: 0.5840)
[=============                           ]: 1234 (Loss: 0.4256)
[==============                          ]: 1235 (Loss: 0.5612)
[==============                          ]: 1236 (Loss: 0.5481)
[==============                          ]: 1237 (Loss: 0.5055)
[===============                         ]: 1238 (Loss: 0.5125)
[===============                         ]: 1239 (Loss: 0.4874)
[================                        ]: 1240 (Loss: 0.5207)
[================                        ]: 1241 (Loss: 0.5215)
[================                        ]: 1242 (Loss: 0.5830)
[=================                       ]: 1243 (Loss: 0.5814)
[=================                       ]: 1244 (Loss: 0.5724)
[==================                      ]: 1245 (Loss: 0.5487)
[==================                      ]: 1246 (Loss: 0.6281)
[==================                      ]: 1247 (Loss: 0.5692)
[===================                     ]: 1248 (Loss: 0.5285)
[===================                     ]: 1249 (Loss: 0.5082)
[====================                    ]: 1250 (Loss: 0.6407)
[====================                    ]: 1251 (Loss: 0.5738)
[====================                    ]: 1252 (Loss: 0.5163)
[=====================                   ]: 1253 (Loss: 0.5467)
[=====================                   ]: 1254 (Loss: 0.4971)
[======================                  ]: 1255 (Loss: 0.5372)
[======================                  ]: 1256 (Loss: 0.5453)
[======================                  ]: 1257 (Loss: 0.4380)
[=======================                 ]: 1258 (Loss: 0.5549)
[=======================                 ]: 1259 (Loss: 0.4433)
[========================                ]: 1260 (Loss: 0.5366)
[========================                ]: 1261 (Loss: 0.4603)
[========================                ]: 1262 (Loss: 0.5399)
[=========================               ]: 1263 (Loss: 0.5342)
[=========================               ]: 1264 (Loss: 0.4589)
[==========================              ]: 1265 (Loss: 0.5779)
[==========================              ]: 1266 (Loss: 0.5186)
[==========================              ]: 1267 (Loss: 0.5586)
[===========================             ]: 1268 (Loss: 0.5367)
[===========================             ]: 1269 (Loss: 0.3802)
[============================            ]: 1270 (Loss: 0.4960)
[============================            ]: 1271 (Loss: 0.4710)
[============================            ]: 1272 (Loss: 0.5642)
[=============================           ]: 1273 (Loss: 0.5612)
[=============================           ]: 1274 (Loss: 0.6529)
[==============================          ]: 1275 (Loss: 0.5904)
[==============================          ]: 1276 (Loss: 0.5407)
[==============================          ]: 1277 (Loss: 0.4098)
[===============================         ]: 1278 (Loss: 0.4534)
[===============================         ]: 1279 (Loss: 0.5201)
[================================        ]: 1280 (Loss: 0.5041)
[================================        ]: 1281 (Loss: 0.4984)
[================================        ]: 1282 (Loss: 0.4944)
[=================================       ]: 1283 (Loss: 0.4938)
[=================================       ]: 1284 (Loss: 0.5336)
[==================================      ]: 1285 (Loss: 0.5320)
[==================================      ]: 1286 (Loss: 0.5082)
[==================================      ]: 1287 (Loss: 0.5575)
[===================================     ]: 1288 (Loss: 0.5104)
[===================================     ]: 1289 (Loss: 0.5414)
[====================================    ]: 1290 (Loss: 0.5049)
[====================================    ]: 1291 (Loss: 0.5550)
[====================================    ]: 1292 (Loss: 0.4339)
[=====================================   ]: 1293 (Loss: 0.5438)
[=====================================   ]: 1294 (Loss: 0.5378)
[======================================  ]: 1295 (Loss: 0.5128)
[======================================  ]: 1296 (Loss: 0.5943)
[======================================  ]: 1297 (Loss: 0.5774)
[======================================= ]: 1298 (Loss: 0.5353)
[======================================= ]: 1299 (Loss: 0.4928)
[========================================]: 1300 (Loss: 0.5360)
                                                                                                    
[2026-07-16 20:48:43,589] [INFO] [__main__] Batch 1300 Loss: 0.523627 Cost: 10.56 Time: 71 ms/sequence

[                                        ]: 1301 (Loss: 0.5738)
[                                        ]: 1302 (Loss: 0.5330)
[=                                       ]: 1303 (Loss: 0.4671)
[=                                       ]: 1304 (Loss: 0.5074)
[==                                      ]: 1305 (Loss: 0.5257)
[==                                      ]: 1306 (Loss: 0.5161)
[==                                      ]: 1307 (Loss: 0.5337)
[===                                     ]: 1308 (Loss: 0.5480)
[===                                     ]: 1309 (Loss: 0.5201)
[====                                    ]: 1310 (Loss: 0.5244)
[====                                    ]: 1311 (Loss: 0.5623)
[====                                    ]: 1312 (Loss: 0.5262)
[=====                                   ]: 1313 (Loss: 0.5249)
[=====                                   ]: 1314 (Loss: 0.4220)
[======                                  ]: 1315 (Loss: 0.5039)
[======                                  ]: 1316 (Loss: 0.4804)
[======                                  ]: 1317 (Loss: 0.5336)
[=======                                 ]: 1318 (Loss: 0.4789)
[=======                                 ]: 1319 (Loss: 0.5030)
[========                                ]: 1320 (Loss: 0.5319)
[========                                ]: 1321 (Loss: 0.6040)
[========                                ]: 1322 (Loss: 0.6298)
[=========                               ]: 1323 (Loss: 0.6028)
[=========                               ]: 1324 (Loss: 0.5358)
[==========                              ]: 1325 (Loss: 0.5754)
[==========                              ]: 1326 (Loss: 0.5236)
[==========                              ]: 1327 (Loss: 0.5149)
[===========                             ]: 1328 (Loss: 0.5235)
[===========                             ]: 1329 (Loss: 0.4298)
[============                            ]: 1330 (Loss: 0.5494)
[============                            ]: 1331 (Loss: 0.5616)
[============                            ]: 1332 (Loss: 0.5348)
[=============                           ]: 1333 (Loss: 0.4794)
[=============                           ]: 1334 (Loss: 0.3721)
[==============                          ]: 1335 (Loss: 0.5515)
[==============                          ]: 1336 (Loss: 0.5374)
[==============                          ]: 1337 (Loss: 0.5347)
[===============                         ]: 1338 (Loss: 0.5142)
[===============                         ]: 1339 (Loss: 0.4206)
[================                        ]: 1340 (Loss: 0.4972)
[================                        ]: 1341 (Loss: 0.4699)
[================                        ]: 1342 (Loss: 0.4599)
[=================                       ]: 1343 (Loss: 0.5537)
[=================                       ]: 1344 (Loss: 0.5470)
[==================                      ]: 1345 (Loss: 0.4283)
[==================                      ]: 1346 (Loss: 0.5409)
[==================                      ]: 1347 (Loss: 0.5394)
[===================                     ]: 1348 (Loss: 0.6270)
[===================                     ]: 1349 (Loss: 0.4964)
[====================                    ]: 1350 (Loss: 0.5244)
[====================                    ]: 1351 (Loss: 0.6433)
[====================                    ]: 1352 (Loss: 0.5536)
[=====================                   ]: 1353 (Loss: 0.4067)
[=====================                   ]: 1354 (Loss: 0.4630)
[======================                  ]: 1355 (Loss: 0.5627)
[======================                  ]: 1356 (Loss: 0.4812)
[======================                  ]: 1357 (Loss: 0.5255)
[=======================                 ]: 1358 (Loss: 0.4951)
[=======================                 ]: 1359 (Loss: 0.5678)
[========================                ]: 1360 (Loss: 0.5008)
[========================                ]: 1361 (Loss: 0.5022)
[========================                ]: 1362 (Loss: 0.5046)
[=========================               ]: 1363 (Loss: 0.5221)
[=========================               ]: 1364 (Loss: 0.4823)
[==========================              ]: 1365 (Loss: 0.4349)
[==========================              ]: 1366 (Loss: 0.5149)
[==========================              ]: 1367 (Loss: 0.4927)
[===========================             ]: 1368 (Loss: 0.5696)
[===========================             ]: 1369 (Loss: 0.5636)
[============================            ]: 1370 (Loss: 0.5298)
[============================            ]: 1371 (Loss: 0.5199)
[============================            ]: 1372 (Loss: 0.5574)
[=============================           ]: 1373 (Loss: 0.4373)
[=============================           ]: 1374 (Loss: 0.5375)
[==============================          ]: 1375 (Loss: 0.4037)
[==============================          ]: 1376 (Loss: 0.4391)
[==============================          ]: 1377 (Loss: 0.5029)
[===============================         ]: 1378 (Loss: 0.4977)
[===============================         ]: 1379 (Loss: 0.4629)
[================================        ]: 1380 (Loss: 0.5075)
[================================        ]: 1381 (Loss: 0.5250)
[================================        ]: 1382 (Loss: 0.5234)
[=================================       ]: 1383 (Loss: 0.5092)
[=================================       ]: 1384 (Loss: 0.4771)
[==================================      ]: 1385 (Loss: 0.5739)
[==================================      ]: 1386 (Loss: 0.4382)
[==================================      ]: 1387 (Loss: 0.4860)
[===================================     ]: 1388 (Loss: 0.6134)
[===================================     ]: 1389 (Loss: 0.5176)
[====================================    ]: 1390 (Loss: 0.4709)
[====================================    ]: 1391 (Loss: 0.5722)
[====================================    ]: 1392 (Loss: 0.4894)
[=====================================   ]: 1393 (Loss: 0.4311)
[=====================================   ]: 1394 (Loss: 0.5455)
[======================================  ]: 1395 (Loss: 0.4477)
[======================================  ]: 1396 (Loss: 0.5103)
[======================================  ]: 1397 (Loss: 0.5035)
[======================================= ]: 1398 (Loss: 0.5140)
[======================================= ]: 1399 (Loss: 0.6096)
[========================================]: 1400 (Loss: 0.5188)
                                                                                                    
[2026-07-16 20:48:50,718] [INFO] [__main__] Batch 1400 Loss: 0.514544 Cost: 10.30 Time: 71 ms/sequence

[                                        ]: 1401 (Loss: 0.5039)
[                                        ]: 1402 (Loss: 0.5122)
[=                                       ]: 1403 (Loss: 0.5408)
[=                                       ]: 1404 (Loss: 0.4573)
[==                                      ]: 1405 (Loss: 0.5379)
[==                                      ]: 1406 (Loss: 0.5549)
[==                                      ]: 1407 (Loss: 0.5054)
[===                                     ]: 1408 (Loss: 0.6152)
[===                                     ]: 1409 (Loss: 0.5287)
[====                                    ]: 1410 (Loss: 0.5916)
[====                                    ]: 1411 (Loss: 0.5518)
[====                                    ]: 1412 (Loss: 0.5082)
[=====                                   ]: 1413 (Loss: 0.5699)
[=====                                   ]: 1414 (Loss: 0.4099)
[======                                  ]: 1415 (Loss: 0.5319)
[======                                  ]: 1416 (Loss: 0.5574)
[======                                  ]: 1417 (Loss: 0.5861)
[=======                                 ]: 1418 (Loss: 0.4365)
[=======                                 ]: 1419 (Loss: 0.5336)
[========                                ]: 1420 (Loss: 0.5267)
[========                                ]: 1421 (Loss: 0.4911)
[========                                ]: 1422 (Loss: 0.5427)
[=========                               ]: 1423 (Loss: 0.4952)
[=========                               ]: 1424 (Loss: 0.5855)
[==========                              ]: 1425 (Loss: 0.5054)
[==========                              ]: 1426 (Loss: 0.5090)
[==========                              ]: 1427 (Loss: 0.3976)
[===========                             ]: 1428 (Loss: 0.4833)
[===========                             ]: 1429 (Loss: 0.6578)
[============                            ]: 1430 (Loss: 0.6025)
[============                            ]: 1431 (Loss: 0.4569)
[============                            ]: 1432 (Loss: 0.5575)
[=============                           ]: 1433 (Loss: 0.4852)
[=============                           ]: 1434 (Loss: 0.4256)
[==============                          ]: 1435 (Loss: 0.5187)
[==============                          ]: 1436 (Loss: 0.4847)
[==============                          ]: 1437 (Loss: 0.4403)
[===============                         ]: 1438 (Loss: 0.4237)
[===============                         ]: 1439 (Loss: 0.5313)
[================                        ]: 1440 (Loss: 0.4157)
[================                        ]: 1441 (Loss: 0.4600)
[================                        ]: 1442 (Loss: 0.5335)
[=================                       ]: 1443 (Loss: 0.5712)
[=================                       ]: 1444 (Loss: 0.4099)
[==================                      ]: 1445 (Loss: 0.6232)
[==================                      ]: 1446 (Loss: 0.4914)
[==================                      ]: 1447 (Loss: 0.5432)
[===================                     ]: 1448 (Loss: 0.5395)
[===================                     ]: 1449 (Loss: 0.5330)
[====================                    ]: 1450 (Loss: 0.3888)
[====================                    ]: 1451 (Loss: 0.4892)
[====================                    ]: 1452 (Loss: 0.4421)
[=====================                   ]: 1453 (Loss: 0.5965)
[=====================                   ]: 1454 (Loss: 0.5202)
[======================                  ]: 1455 (Loss: 0.5005)
[======================                  ]: 1456 (Loss: 0.5284)
[======================                  ]: 1457 (Loss: 0.5136)
[=======================                 ]: 1458 (Loss: 0.4942)
[=======================                 ]: 1459 (Loss: 0.5422)
[========================                ]: 1460 (Loss: 0.4570)
[========================                ]: 1461 (Loss: 0.5296)
[========================                ]: 1462 (Loss: 0.3495)
[=========================               ]: 1463 (Loss: 0.4986)
[=========================               ]: 1464 (Loss: 0.5337)
[==========================              ]: 1465 (Loss: 0.5237)
[==========================              ]: 1466 (Loss: 0.4491)
[==========================              ]: 1467 (Loss: 0.3686)
[===========================             ]: 1468 (Loss: 0.5690)
[===========================             ]: 1469 (Loss: 0.5553)
[============================            ]: 1470 (Loss: 0.5939)
[============================            ]: 1471 (Loss: 0.3616)
[============================            ]: 1472 (Loss: 0.4156)
[=============================           ]: 1473 (Loss: 0.3954)
[=============================           ]: 1474 (Loss: 0.5163)
[==============================          ]: 1475 (Loss: 0.5637)
[==============================          ]: 1476 (Loss: 0.4983)
[==============================          ]: 1477 (Loss: 0.4793)
[===============================         ]: 1478 (Loss: 0.6045)
[===============================         ]: 1479 (Loss: 0.5008)
[================================        ]: 1480 (Loss: 0.4658)
[================================        ]: 1481 (Loss: 0.4306)
[================================        ]: 1482 (Loss: 0.5644)
[=================================       ]: 1483 (Loss: 0.4151)
[=================================       ]: 1484 (Loss: 0.5613)
[==================================      ]: 1485 (Loss: 0.4613)
[==================================      ]: 1486 (Loss: 0.5794)
[==================================      ]: 1487 (Loss: 0.5539)
[===================================     ]: 1488 (Loss: 0.4468)
[===================================     ]: 1489 (Loss: 0.5046)
[====================================    ]: 1490 (Loss: 0.5759)
[====================================    ]: 1491 (Loss: 0.5292)
[====================================    ]: 1492 (Loss: 0.4299)
[=====================================   ]: 1493 (Loss: 0.5439)
[=====================================   ]: 1494 (Loss: 0.5851)
[======================================  ]: 1495 (Loss: 0.5200)
[======================================  ]: 1496 (Loss: 0.5025)
[======================================  ]: 1497 (Loss: 0.5066)
[======================================= ]: 1498 (Loss: 0.5675)
[======================================= ]: 1499 (Loss: 0.5084)
[========================================]: 1500 (Loss: 0.4893)
                                                                                                    
[2026-07-16 20:49:05,358] [INFO] [__main__] Batch 1500 Loss: 0.507953 Cost: 10.22 Time: 146 ms/sequence

[                                        ]: 1501 (Loss: 0.5567)
[                                        ]: 1502 (Loss: 0.4352)
[=                                       ]: 1503 (Loss: 0.4639)
[=                                       ]: 1504 (Loss: 0.5224)
[==                                      ]: 1505 (Loss: 0.4781)
[==                                      ]: 1506 (Loss: 0.4702)
[==                                      ]: 1507 (Loss: 0.4712)
[===                                     ]: 1508 (Loss: 0.5340)
[===                                     ]: 1509 (Loss: 0.5126)
[====                                    ]: 1510 (Loss: 0.4675)
[====                                    ]: 1511 (Loss: 0.3730)
[====                                    ]: 1512 (Loss: 0.5563)
[=====                                   ]: 1513 (Loss: 0.5584)
[=====                                   ]: 1514 (Loss: 0.6098)
[======                                  ]: 1515 (Loss: 0.5001)
[======                                  ]: 1516 (Loss: 0.4209)
[======                                  ]: 1517 (Loss: 0.4494)
[=======                                 ]: 1518 (Loss: 0.5059)
[=======                                 ]: 1519 (Loss: 0.4987)
[========                                ]: 1520 (Loss: 0.4736)
[========                                ]: 1521 (Loss: 0.6176)
[========                                ]: 1522 (Loss: 0.5168)
[=========                               ]: 1523 (Loss: 0.5555)
[=========                               ]: 1524 (Loss: 0.5768)
[==========                              ]: 1525 (Loss: 0.5246)
[==========                              ]: 1526 (Loss: 0.5213)
[==========                              ]: 1527 (Loss: 0.5524)
[===========                             ]: 1528 (Loss: 0.4821)
[===========                             ]: 1529 (Loss: 0.6235)
[============                            ]: 1530 (Loss: 0.5306)
[============                            ]: 1531 (Loss: 0.5217)
[============                            ]: 1532 (Loss: 0.3999)
[=============                           ]: 1533 (Loss: 0.4495)
[=============                           ]: 1534 (Loss: 0.4797)
[==============                          ]: 1535 (Loss: 0.5059)
[==============                          ]: 1536 (Loss: 0.4831)
[==============                          ]: 1537 (Loss: 0.4602)
[===============                         ]: 1538 (Loss: 0.4664)
[===============                         ]: 1539 (Loss: 0.4744)
[================                        ]: 1540 (Loss: 0.5449)
[================                        ]: 1541 (Loss: 0.5859)
[================                        ]: 1542 (Loss: 0.5477)
[=================                       ]: 1543 (Loss: 0.5194)
[=================                       ]: 1544 (Loss: 0.4800)
[==================                      ]: 1545 (Loss: 0.5522)
[==================                      ]: 1546 (Loss: 0.4727)
[==================                      ]: 1547 (Loss: 0.5287)
[===================                     ]: 1548 (Loss: 0.5580)
[===================                     ]: 1549 (Loss: 0.3330)
[====================                    ]: 1550 (Loss: 0.4345)
[====================                    ]: 1551 (Loss: 0.5166)
[====================                    ]: 1552 (Loss: 0.4234)
[=====================                   ]: 1553 (Loss: 0.4852)
[=====================                   ]: 1554 (Loss: 0.5127)
[======================                  ]: 1555 (Loss: 0.4978)
[======================                  ]: 1556 (Loss: 0.4146)
[======================                  ]: 1557 (Loss: 0.4797)
[=======================                 ]: 1558 (Loss: 0.4906)
[=======================                 ]: 1559 (Loss: 0.3946)
[========================                ]: 1560 (Loss: 0.4902)
[========================                ]: 1561 (Loss: 0.4352)
[========================                ]: 1562 (Loss: 0.3131)
[=========================               ]: 1563 (Loss: 0.5972)
[=========================               ]: 1564 (Loss: 0.5593)
[==========================              ]: 1565 (Loss: 0.5180)
[==========================              ]: 1566 (Loss: 0.5478)
[==========================              ]: 1567 (Loss: 0.5931)
[===========================             ]: 1568 (Loss: 0.4601)
[===========================             ]: 1569 (Loss: 0.4469)
[============================            ]: 1570 (Loss: 0.3888)
[============================            ]: 1571 (Loss: 0.5494)
[============================            ]: 1572 (Loss: 0.3660)
[=============================           ]: 1573 (Loss: 0.5114)
[=============================           ]: 1574 (Loss: 0.4785)
[==============================          ]: 1575 (Loss: 0.4643)
[==============================          ]: 1576 (Loss: 0.5068)
[==============================          ]: 1577 (Loss: 0.5882)
[===============================         ]: 1578 (Loss: 0.4173)
[===============================         ]: 1579 (Loss: 0.4326)
[================================        ]: 1580 (Loss: 0.4271)
[================================        ]: 1581 (Loss: 0.4344)
[================================        ]: 1582 (Loss: 0.4900)
[=================================       ]: 1583 (Loss: 0.5206)
[=================================       ]: 1584 (Loss: 0.4590)
[==================================      ]: 1585 (Loss: 0.4212)
[==================================      ]: 1586 (Loss: 0.5596)
[==================================      ]: 1587 (Loss: 0.3761)
[===================================     ]: 1588 (Loss: 0.6009)
[===================================     ]: 1589 (Loss: 0.5025)
[====================================    ]: 1590 (Loss: 0.5260)
[====================================    ]: 1591 (Loss: 0.4969)
[====================================    ]: 1592 (Loss: 0.5868)
[=====================================   ]: 1593 (Loss: 0.5025)
[=====================================   ]: 1594 (Loss: 0.4987)
[======================================  ]: 1595 (Loss: 0.4753)
[======================================  ]: 1596 (Loss: 0.4801)
[======================================  ]: 1597 (Loss: 0.5644)
[======================================= ]: 1598 (Loss: 0.4617)
[======================================= ]: 1599 (Loss: 0.5104)
[========================================]: 1600 (Loss: 0.3804)
                                                                                                    
[2026-07-16 20:49:21,776] [INFO] [__main__] Batch 1600 Loss: 0.493106 Cost: 9.89 Time: 164 ms/sequence

[                                        ]: 1601 (Loss: 0.4769)
[                                        ]: 1602 (Loss: 0.6133)
[=                                       ]: 1603 (Loss: 0.5877)
[=                                       ]: 1604 (Loss: 0.5462)
[==                                      ]: 1605 (Loss: 0.5094)
[==                                      ]: 1606 (Loss: 0.4113)
[==                                      ]: 1607 (Loss: 0.4461)
[===                                     ]: 1608 (Loss: 0.5197)
[===                                     ]: 1609 (Loss: 0.5091)
[====                                    ]: 1610 (Loss: 0.5107)
[====                                    ]: 1611 (Loss: 0.4967)
[====                                    ]: 1612 (Loss: 0.5222)
[=====                                   ]: 1613 (Loss: 0.5730)
[=====                                   ]: 1614 (Loss: 0.4609)
[======                                  ]: 1615 (Loss: 0.4598)
[======                                  ]: 1616 (Loss: 0.4333)
[======                                  ]: 1617 (Loss: 0.5669)
[=======                                 ]: 1618 (Loss: 0.5100)
[=======                                 ]: 1619 (Loss: 0.5489)
[========                                ]: 1620 (Loss: 0.5251)
[========                                ]: 1621 (Loss: 0.5692)
[========                                ]: 1622 (Loss: 0.5622)
[=========                               ]: 1623 (Loss: 0.4500)
[=========                               ]: 1624 (Loss: 0.4429)
[==========                              ]: 1625 (Loss: 0.4497)
[==========                              ]: 1626 (Loss: 0.5802)
[==========                              ]: 1627 (Loss: 0.5216)
[===========                             ]: 1628 (Loss: 0.6348)
[===========                             ]: 1629 (Loss: 0.5265)
[============                            ]: 1630 (Loss: 0.4446)
[============                            ]: 1631 (Loss: 0.4576)
[============                            ]: 1632 (Loss: 0.4747)
[=============                           ]: 1633 (Loss: 0.4703)
[=============                           ]: 1634 (Loss: 0.5917)
[==============                          ]: 1635 (Loss: 0.5030)
[==============                          ]: 1636 (Loss: 0.5555)
[==============                          ]: 1637 (Loss: 0.6133)
[===============                         ]: 1638 (Loss: 0.4378)
[===============                         ]: 1639 (Loss: 0.5078)
[================                        ]: 1640 (Loss: 0.6136)
[================                        ]: 1641 (Loss: 0.4959)
[================                        ]: 1642 (Loss: 0.5603)
[=================                       ]: 1643 (Loss: 0.5669)
[=================                       ]: 1644 (Loss: 0.5461)
[==================                      ]: 1645 (Loss: 0.4567)
[==================                      ]: 1646 (Loss: 0.4718)
[==================                      ]: 1647 (Loss: 0.4983)
[===================                     ]: 1648 (Loss: 0.5310)
[===================                     ]: 1649 (Loss: 0.6154)
[====================                    ]: 1650 (Loss: 0.5179)
[====================                    ]: 1651 (Loss: 0.5428)
[====================                    ]: 1652 (Loss: 0.5781)
[=====================                   ]: 1653 (Loss: 0.5390)
[=====================                   ]: 1654 (Loss: 0.5861)
[======================                  ]: 1655 (Loss: 0.5925)
[======================                  ]: 1656 (Loss: 0.5553)
[======================                  ]: 1657 (Loss: 0.4856)
[=======================                 ]: 1658 (Loss: 0.5575)
[=======================                 ]: 1659 (Loss: 0.6437)
[========================                ]: 1660 (Loss: 0.4914)
[========================                ]: 1661 (Loss: 0.4905)
[========================                ]: 1662 (Loss: 0.4696)
[=========================               ]: 1663 (Loss: 0.3980)
[=========================               ]: 1664 (Loss: 0.5881)
[==========================              ]: 1665 (Loss: 0.5047)
[==========================              ]: 1666 (Loss: 0.4187)
[==========================              ]: 1667 (Loss: 0.5201)
[===========================             ]: 1668 (Loss: 0.4659)
[===========================             ]: 1669 (Loss: 0.5009)
[============================            ]: 1670 (Loss: 0.5682)
[============================            ]: 1671 (Loss: 0.4663)
[============================            ]: 1672 (Loss: 0.4747)
[=============================           ]: 1673 (Loss: 0.5162)
[=============================           ]: 1674 (Loss: 0.5373)
[==============================          ]: 1675 (Loss: 0.5339)
[==============================          ]: 1676 (Loss: 0.4878)
[==============================          ]: 1677 (Loss: 0.4986)
[===============================         ]: 1678 (Loss: 0.4395)
[===============================         ]: 1679 (Loss: 0.4537)
[================================        ]: 1680 (Loss: 0.4471)
[================================        ]: 1681 (Loss: 0.4284)
[================================        ]: 1682 (Loss: 0.4280)
[=================================       ]: 1683 (Loss: 0.5536)
[=================================       ]: 1684 (Loss: 0.5097)
[==================================      ]: 1685 (Loss: 0.5329)
[==================================      ]: 1686 (Loss: 0.6293)
[==================================      ]: 1687 (Loss: 0.4542)
[===================================     ]: 1688 (Loss: 0.4815)
[===================================     ]: 1689 (Loss: 0.5301)
[====================================    ]: 1690 (Loss: 0.4983)
[====================================    ]: 1691 (Loss: 0.5197)
[====================================    ]: 1692 (Loss: 0.4282)
[=====================================   ]: 1693 (Loss: 0.5698)
[=====================================   ]: 1694 (Loss: 0.4820)
[======================================  ]: 1695 (Loss: 0.5463)
[======================================  ]: 1696 (Loss: 0.5040)
[======================================  ]: 1697 (Loss: 0.4227)
[======================================= ]: 1698 (Loss: 0.5843)
[======================================= ]: 1699 (Loss: 0.3997)
[========================================]: 1700 (Loss: 0.4382)
                                                                                                    
[2026-07-16 20:49:31,061] [INFO] [__main__] Batch 1700 Loss: 0.511868 Cost: 10.48 Time: 92 ms/sequence

[                                        ]: 1701 (Loss: 0.5046)
[                                        ]: 1702 (Loss: 0.5513)
[=                                       ]: 1703 (Loss: 0.5338)
[=                                       ]: 1704 (Loss: 0.4279)
[==                                      ]: 1705 (Loss: 0.4247)
[==                                      ]: 1706 (Loss: 0.4111)
[==                                      ]: 1707 (Loss: 0.5100)
[===                                     ]: 1708 (Loss: 0.5021)
[===                                     ]: 1709 (Loss: 0.4353)
[====                                    ]: 1710 (Loss: 0.4443)
[====                                    ]: 1711 (Loss: 0.4798)
[====                                    ]: 1712 (Loss: 0.5000)
[=====                                   ]: 1713 (Loss: 0.5060)
[=====                                   ]: 1714 (Loss: 0.6493)
[======                                  ]: 1715 (Loss: 0.4895)
[======                                  ]: 1716 (Loss: 0.6163)
[======                                  ]: 1717 (Loss: 0.4818)
[=======                                 ]: 1718 (Loss: 0.4931)
[=======                                 ]: 1719 (Loss: 0.5323)
[========                                ]: 1720 (Loss: 0.5174)
[========                                ]: 1721 (Loss: 0.4799)
[========                                ]: 1722 (Loss: 0.5412)
[=========                               ]: 1723 (Loss: 0.4776)
[=========                               ]: 1724 (Loss: 0.4243)
[==========                              ]: 1725 (Loss: 0.5663)
[==========                              ]: 1726 (Loss: 0.5131)
[==========                              ]: 1727 (Loss: 0.3843)
[===========                             ]: 1728 (Loss: 0.4980)
[===========                             ]: 1729 (Loss: 0.5144)
[============                            ]: 1730 (Loss: 0.4500)
[============                            ]: 1731 (Loss: 0.5116)
[============                            ]: 1732 (Loss: 0.5063)
[=============                           ]: 1733 (Loss: 0.4138)
[=============                           ]: 1734 (Loss: 0.5470)
[==============                          ]: 1735 (Loss: 0.6219)
[==============                          ]: 1736 (Loss: 0.5040)
[==============                          ]: 1737 (Loss: 0.4864)
[===============                         ]: 1738 (Loss: 0.4746)
[===============                         ]: 1739 (Loss: 0.4497)
[================                        ]: 1740 (Loss: 0.4676)
[================                        ]: 1741 (Loss: 0.5674)
[================                        ]: 1742 (Loss: 0.4388)
[=================                       ]: 1743 (Loss: 0.5071)
[=================                       ]: 1744 (Loss: 0.5426)
[==================                      ]: 1745 (Loss: 0.4767)
[==================                      ]: 1746 (Loss: 0.5271)
[==================                      ]: 1747 (Loss: 0.4338)
[===================                     ]: 1748 (Loss: 0.5480)
[===================                     ]: 1749 (Loss: 0.4480)
[====================                    ]: 1750 (Loss: 0.4685)
[====================                    ]: 1751 (Loss: 0.4121)
[====================                    ]: 1752 (Loss: 0.5165)
[=====================                   ]: 1753 (Loss: 0.4895)
[=====================                   ]: 1754 (Loss: 0.6092)
[======================                  ]: 1755 (Loss: 0.5942)
[======================                  ]: 1756 (Loss: 0.5828)
[======================                  ]: 1757 (Loss: 0.4854)
[=======================                 ]: 1758 (Loss: 0.5644)
[=======================                 ]: 1759 (Loss: 0.4962)
[========================                ]: 1760 (Loss: 0.4265)
[========================                ]: 1761 (Loss: 0.4660)
[========================                ]: 1762 (Loss: 0.5308)
[=========================               ]: 1763 (Loss: 0.3897)
[=========================               ]: 1764 (Loss: 0.5875)
[==========================              ]: 1765 (Loss: 0.5108)
[==========================              ]: 1766 (Loss: 0.4867)
[==========================              ]: 1767 (Loss: 0.4110)
[===========================             ]: 1768 (Loss: 0.4220)
[===========================             ]: 1769 (Loss: 0.5486)
[============================            ]: 1770 (Loss: 0.5124)
[============================            ]: 1771 (Loss: 0.4168)
[============================            ]: 1772 (Loss: 0.4713)
[=============================           ]: 1773 (Loss: 0.4611)
[=============================           ]: 1774 (Loss: 0.3665)
[==============================          ]: 1775 (Loss: 0.5566)
[==============================          ]: 1776 (Loss: 0.5282)
[==============================          ]: 1777 (Loss: 0.5037)
[===============================         ]: 1778 (Loss: 0.4680)
[===============================         ]: 1779 (Loss: 0.4257)
[================================        ]: 1780 (Loss: 0.5200)
[================================        ]: 1781 (Loss: 0.5381)
[================================        ]: 1782 (Loss: 0.4980)
[=================================       ]: 1783 (Loss: 0.4266)
[=================================       ]: 1784 (Loss: 0.5215)
[==================================      ]: 1785 (Loss: 0.5549)
[==================================      ]: 1786 (Loss: 0.4510)
[==================================      ]: 1787 (Loss: 0.5292)
[===================================     ]: 1788 (Loss: 0.4225)
[===================================     ]: 1789 (Loss: 0.5390)
[====================================    ]: 1790 (Loss: 0.6055)
[====================================    ]: 1791 (Loss: 0.4815)
[====================================    ]: 1792 (Loss: 0.4955)
[=====================================   ]: 1793 (Loss: 0.4594)
[=====================================   ]: 1794 (Loss: 0.4903)
[======================================  ]: 1795 (Loss: 0.4842)
[======================================  ]: 1796 (Loss: 0.4497)
[======================================  ]: 1797 (Loss: 0.4348)
[======================================= ]: 1798 (Loss: 0.5414)
[======================================= ]: 1799 (Loss: 0.5830)
[========================================]: 1800 (Loss: 0.6182)
                                                                                                    
[2026-07-16 20:49:38,402] [INFO] [__main__] Batch 1800 Loss: 0.496849 Cost: 9.88 Time: 73 ms/sequence

[                                        ]: 1801 (Loss: 0.4564)
[                                        ]: 1802 (Loss: 0.4618)
[=                                       ]: 1803 (Loss: 0.5158)
[=                                       ]: 1804 (Loss: 0.4362)
[==                                      ]: 1805 (Loss: 0.4999)
[==                                      ]: 1806 (Loss: 0.3751)
[==                                      ]: 1807 (Loss: 0.5774)
[===                                     ]: 1808 (Loss: 0.4537)
[===                                     ]: 1809 (Loss: 0.4896)
[====                                    ]: 1810 (Loss: 0.5572)
[====                                    ]: 1811 (Loss: 0.6287)
[====                                    ]: 1812 (Loss: 0.4677)
[=====                                   ]: 1813 (Loss: 0.4557)
[=====                                   ]: 1814 (Loss: 0.4155)
[======                                  ]: 1815 (Loss: 0.3775)
[======                                  ]: 1816 (Loss: 0.5001)
[======                                  ]: 1817 (Loss: 0.5214)
[=======                                 ]: 1818 (Loss: 0.4894)
[=======                                 ]: 1819 (Loss: 0.4308)
[========                                ]: 1820 (Loss: 0.5145)
[========                                ]: 1821 (Loss: 0.4386)
[========                                ]: 1822 (Loss: 0.4839)
[=========                               ]: 1823 (Loss: 0.5079)
[=========                               ]: 1824 (Loss: 0.4984)
[==========                              ]: 1825 (Loss: 0.4746)
[==========                              ]: 1826 (Loss: 0.5004)
[==========                              ]: 1827 (Loss: 0.5165)
[===========                             ]: 1828 (Loss: 0.4992)
[===========                             ]: 1829 (Loss: 0.4579)
[============                            ]: 1830 (Loss: 0.5161)
[============                            ]: 1831 (Loss: 0.5765)
[============                            ]: 1832 (Loss: 0.5155)
[=============                           ]: 1833 (Loss: 0.4503)
[=============                           ]: 1834 (Loss: 0.4363)
[==============                          ]: 1835 (Loss: 0.4666)
[==============                          ]: 1836 (Loss: 0.5790)
[==============                          ]: 1837 (Loss: 0.4487)
[===============                         ]: 1838 (Loss: 0.5206)
[===============                         ]: 1839 (Loss: 0.4641)
[================                        ]: 1840 (Loss: 0.4494)
[================                        ]: 1841 (Loss: 0.4379)
[================                        ]: 1842 (Loss: 0.4158)
[=================                       ]: 1843 (Loss: 0.4818)
[=================                       ]: 1844 (Loss: 0.4417)
[==================                      ]: 1845 (Loss: 0.5553)
[==================                      ]: 1846 (Loss: 0.4930)
[==================                      ]: 1847 (Loss: 0.4631)
[===================                     ]: 1848 (Loss: 0.5658)
[===================                     ]: 1849 (Loss: 0.4830)
[====================                    ]: 1850 (Loss: 0.4972)
[====================                    ]: 1851 (Loss: 0.5109)
[====================                    ]: 1852 (Loss: 0.5092)
[=====================                   ]: 1853 (Loss: 0.4137)
[=====================                   ]: 1854 (Loss: 0.4259)
[======================                  ]: 1855 (Loss: 0.4813)
[======================                  ]: 1856 (Loss: 0.4655)
[======================                  ]: 1857 (Loss: 0.4590)
[=======================                 ]: 1858 (Loss: 0.5142)
[=======================                 ]: 1859 (Loss: 0.4463)
[========================                ]: 1860 (Loss: 0.4399)
[========================                ]: 1861 (Loss: 0.5753)
[========================                ]: 1862 (Loss: 0.4735)
[=========================               ]: 1863 (Loss: 0.5111)
[=========================               ]: 1864 (Loss: 0.4305)
[==========================              ]: 1865 (Loss: 0.4646)
[==========================              ]: 1866 (Loss: 0.4654)
[==========================              ]: 1867 (Loss: 0.4894)
[===========================             ]: 1868 (Loss: 0.4985)
[===========================             ]: 1869 (Loss: 0.4585)
[============================            ]: 1870 (Loss: 0.4690)
[============================            ]: 1871 (Loss: 0.4437)
[============================            ]: 1872 (Loss: 0.4222)
[=============================           ]: 1873 (Loss: 0.4670)
[=============================           ]: 1874 (Loss: 0.3935)
[==============================          ]: 1875 (Loss: 0.4848)
[==============================          ]: 1876 (Loss: 0.4988)
[==============================          ]: 1877 (Loss: 0.4339)
[===============================         ]: 1878 (Loss: 0.4587)
[===============================         ]: 1879 (Loss: 0.3846)
[================================        ]: 1880 (Loss: 0.5202)
[================================        ]: 1881 (Loss: 0.5885)
[================================        ]: 1882 (Loss: 0.4113)
[=================================       ]: 1883 (Loss: 0.4884)
[=================================       ]: 1884 (Loss: 0.4724)
[==================================      ]: 1885 (Loss: 0.4950)
[==================================      ]: 1886 (Loss: 0.5766)
[==================================      ]: 1887 (Loss: 0.3966)
[===================================     ]: 1888 (Loss: 0.6098)
[===================================     ]: 1889 (Loss: 0.5110)
[====================================    ]: 1890 (Loss: 0.4924)
[====================================    ]: 1891 (Loss: 0.5275)
[====================================    ]: 1892 (Loss: 0.4497)
[=====================================   ]: 1893 (Loss: 0.4937)
[=====================================   ]: 1894 (Loss: 0.5276)
[======================================  ]: 1895 (Loss: 0.4198)
[======================================  ]: 1896 (Loss: 0.3860)
[======================================  ]: 1897 (Loss: 0.3490)
[======================================= ]: 1898 (Loss: 0.4270)
[======================================= ]: 1899 (Loss: 0.5941)
[========================================]: 1900 (Loss: 0.4696)
                                                                                                    
[2026-07-16 20:49:45,508] [INFO] [__main__] Batch 1900 Loss: 0.479547 Cost: 9.46 Time: 71 ms/sequence

[                                        ]: 1901 (Loss: 0.4317)
[                                        ]: 1902 (Loss: 0.4612)
[=                                       ]: 1903 (Loss: 0.4331)
[=                                       ]: 1904 (Loss: 0.4838)
[==                                      ]: 1905 (Loss: 0.4854)
[==                                      ]: 1906 (Loss: 0.4760)
[==                                      ]: 1907 (Loss: 0.4238)
[===                                     ]: 1908 (Loss: 0.4378)
[===                                     ]: 1909 (Loss: 0.3752)
[====                                    ]: 1910 (Loss: 0.4875)
[====                                    ]: 1911 (Loss: 0.4880)
[====                                    ]: 1912 (Loss: 0.4827)
[=====                                   ]: 1913 (Loss: 0.5330)
[=====                                   ]: 1914 (Loss: 0.4195)
[======                                  ]: 1915 (Loss: 0.4635)
[======                                  ]: 1916 (Loss: 0.4472)
[======                                  ]: 1917 (Loss: 0.5661)
[=======                                 ]: 1918 (Loss: 0.4794)
[=======                                 ]: 1919 (Loss: 0.5430)
[========                                ]: 1920 (Loss: 0.4977)
[========                                ]: 1921 (Loss: 0.5259)
[========                                ]: 1922 (Loss: 0.4569)
[=========                               ]: 1923 (Loss: 0.4603)
[=========                               ]: 1924 (Loss: 0.5065)
[==========                              ]: 1925 (Loss: 0.3911)
[==========                              ]: 1926 (Loss: 0.3905)
[==========                              ]: 1927 (Loss: 0.4805)
[===========                             ]: 1928 (Loss: 0.4223)
[===========                             ]: 1929 (Loss: 0.5688)
[============                            ]: 1930 (Loss: 0.5475)
[============                            ]: 1931 (Loss: 0.5701)
[============                            ]: 1932 (Loss: 0.5673)
[=============                           ]: 1933 (Loss: 0.4272)
[=============                           ]: 1934 (Loss: 0.4382)
[==============                          ]: 1935 (Loss: 0.4675)
[==============                          ]: 1936 (Loss: 0.4542)
[==============                          ]: 1937 (Loss: 0.5708)
[===============                         ]: 1938 (Loss: 0.6345)
[===============                         ]: 1939 (Loss: 0.5486)
[================                        ]: 1940 (Loss: 0.4207)
[================                        ]: 1941 (Loss: 0.5114)
[================                        ]: 1942 (Loss: 0.4544)
[=================                       ]: 1943 (Loss: 0.5608)
[=================                       ]: 1944 (Loss: 0.4603)
[==================                      ]: 1945 (Loss: 0.5398)
[==================                      ]: 1946 (Loss: 0.4436)
[==================                      ]: 1947 (Loss: 0.4204)
[===================                     ]: 1948 (Loss: 0.5104)
[===================                     ]: 1949 (Loss: 0.4141)
[====================                    ]: 1950 (Loss: 0.5039)
[====================                    ]: 1951 (Loss: 0.4545)
[====================                    ]: 1952 (Loss: 0.4699)
[=====================                   ]: 1953 (Loss: 0.6056)
[=====================                   ]: 1954 (Loss: 0.4304)
[======================                  ]: 1955 (Loss: 0.4474)
[======================                  ]: 1956 (Loss: 0.4995)
[======================                  ]: 1957 (Loss: 0.5394)
[=======================                 ]: 1958 (Loss: 0.5320)
[=======================                 ]: 1959 (Loss: 0.3964)
[========================                ]: 1960 (Loss: 0.5261)
[========================                ]: 1961 (Loss: 0.4126)
[========================                ]: 1962 (Loss: 0.4311)
[=========================               ]: 1963 (Loss: 0.4462)
[=========================               ]: 1964 (Loss: 0.4925)
[==========================              ]: 1965 (Loss: 0.4914)
[==========================              ]: 1966 (Loss: 0.3978)
[==========================              ]: 1967 (Loss: 0.4343)
[===========================             ]: 1968 (Loss: 0.4599)
[===========================             ]: 1969 (Loss: 0.3988)
[============================            ]: 1970 (Loss: 0.4357)
[============================            ]: 1971 (Loss: 0.4497)
[============================            ]: 1972 (Loss: 0.5030)
[=============================           ]: 1973 (Loss: 0.4327)
[=============================           ]: 1974 (Loss: 0.6678)
[==============================          ]: 1975 (Loss: 0.4119)
[==============================          ]: 1976 (Loss: 0.4447)
[==============================          ]: 1977 (Loss: 0.3936)
[===============================         ]: 1978 (Loss: 0.5030)
[===============================         ]: 1979 (Loss: 0.5892)
[================================        ]: 1980 (Loss: 0.4352)
[================================        ]: 1981 (Loss: 0.4332)
[================================        ]: 1982 (Loss: 0.4370)
[=================================       ]: 1983 (Loss: 0.5185)
[=================================       ]: 1984 (Loss: 0.4871)
[==================================      ]: 1985 (Loss: 0.5208)
[==================================      ]: 1986 (Loss: 0.4305)
[==================================      ]: 1987 (Loss: 0.4525)
[===================================     ]: 1988 (Loss: 0.5234)
[===================================     ]: 1989 (Loss: 0.6229)
[====================================    ]: 1990 (Loss: 0.5151)
[====================================    ]: 1991 (Loss: 0.5414)
[====================================    ]: 1992 (Loss: 0.3650)
[=====================================   ]: 1993 (Loss: 0.4642)
[=====================================   ]: 1994 (Loss: 0.5616)
[======================================  ]: 1995 (Loss: 0.5084)
[======================================  ]: 1996 (Loss: 0.5733)
[======================================  ]: 1997 (Loss: 0.4494)
[======================================= ]: 1998 (Loss: 0.3308)
[======================================= ]: 1999 (Loss: 0.3879)
[========================================]: 2000 (Loss: 0.5195)
                                                                                                    
[2026-07-16 20:49:55,892] [INFO] [__main__] Batch 2000 Loss: 0.478585 Cost: 9.61 Time: 103 ms/sequence

                                                                                                    
[2026-07-16 20:49:55,894] [INFO] [__main__] Saving checkpoint to 'runs\copy_sanity_len5\copy\none\seed_1000\checkpoint-batch-00002000.pt'

[                                        ]: 2001 (Loss: 0.4617)
[                                        ]: 2002 (Loss: 0.4650)
[=                                       ]: 2003 (Loss: 0.5128)
[=                                       ]: 2004 (Loss: 0.5404)
[==                                      ]: 2005 (Loss: 0.5346)
[==                                      ]: 2006 (Loss: 0.4503)
[==                                      ]: 2007 (Loss: 0.5362)
[===                                     ]: 2008 (Loss: 0.5748)
[===                                     ]: 2009 (Loss: 0.4613)
[====                                    ]: 2010 (Loss: 0.4489)
[====                                    ]: 2011 (Loss: 0.4998)
[====                                    ]: 2012 (Loss: 0.6047)
[=====                                   ]: 2013 (Loss: 0.5451)
[=====                                   ]: 2014 (Loss: 0.3451)
[======                                  ]: 2015 (Loss: 0.4906)
[======                                  ]: 2016 (Loss: 0.4590)
[======                                  ]: 2017 (Loss: 0.3631)
[=======                                 ]: 2018 (Loss: 0.4132)
[=======                                 ]: 2019 (Loss: 0.4699)
[========                                ]: 2020 (Loss: 0.4227)
[========                                ]: 2021 (Loss: 0.4019)
[========                                ]: 2022 (Loss: 0.5344)
[=========                               ]: 2023 (Loss: 0.4544)
[=========                               ]: 2024 (Loss: 0.4979)
[==========                              ]: 2025 (Loss: 0.4958)
[==========                              ]: 2026 (Loss: 0.4948)
[==========                              ]: 2027 (Loss: 0.4233)
[===========                             ]: 2028 (Loss: 0.4721)
[===========                             ]: 2029 (Loss: 0.5832)
[============                            ]: 2030 (Loss: 0.5080)
[============                            ]: 2031 (Loss: 0.3333)
[============                            ]: 2032 (Loss: 0.5110)
[=============                           ]: 2033 (Loss: 0.4646)
[=============                           ]: 2034 (Loss: 0.4167)
[==============                          ]: 2035 (Loss: 0.4525)
[==============                          ]: 2036 (Loss: 0.5277)
[==============                          ]: 2037 (Loss: 0.4371)
[===============                         ]: 2038 (Loss: 0.6107)
[===============                         ]: 2039 (Loss: 0.4507)
[================                        ]: 2040 (Loss: 0.4751)
[================                        ]: 2041 (Loss: 0.4950)
[================                        ]: 2042 (Loss: 0.4001)
[=================                       ]: 2043 (Loss: 0.4094)
[=================                       ]: 2044 (Loss: 0.5103)
[==================                      ]: 2045 (Loss: 0.5017)
[==================                      ]: 2046 (Loss: 0.3782)
[==================                      ]: 2047 (Loss: 0.4398)
[===================                     ]: 2048 (Loss: 0.4415)
[===================                     ]: 2049 (Loss: 0.5122)
[====================                    ]: 2050 (Loss: 0.5922)
[====================                    ]: 2051 (Loss: 0.4459)
[====================                    ]: 2052 (Loss: 0.4330)
[=====================                   ]: 2053 (Loss: 0.4657)
[=====================                   ]: 2054 (Loss: 0.4981)
[======================                  ]: 2055 (Loss: 0.4686)
[======================                  ]: 2056 (Loss: 0.4059)
[======================                  ]: 2057 (Loss: 0.5481)
[=======================                 ]: 2058 (Loss: 0.3915)
[=======================                 ]: 2059 (Loss: 0.5170)
[========================                ]: 2060 (Loss: 0.3818)
[========================                ]: 2061 (Loss: 0.4586)
[========================                ]: 2062 (Loss: 0.5784)
[=========================               ]: 2063 (Loss: 0.4265)
[=========================               ]: 2064 (Loss: 0.6391)
[==========================              ]: 2065 (Loss: 0.4628)
[==========================              ]: 2066 (Loss: 0.5011)
[==========================              ]: 2067 (Loss: 0.5239)
[===========================             ]: 2068 (Loss: 0.4151)
[===========================             ]: 2069 (Loss: 0.5512)
[============================            ]: 2070 (Loss: 0.5730)
[============================            ]: 2071 (Loss: 0.4866)
[============================            ]: 2072 (Loss: 0.3369)
[=============================           ]: 2073 (Loss: 0.5672)
[=============================           ]: 2074 (Loss: 0.5059)
[==============================          ]: 2075 (Loss: 0.4246)
[==============================          ]: 2076 (Loss: 0.5233)
[==============================          ]: 2077 (Loss: 0.6219)
[===============================         ]: 2078 (Loss: 0.5272)
[===============================         ]: 2079 (Loss: 0.4498)
[================================        ]: 2080 (Loss: 0.4965)
[================================        ]: 2081 (Loss: 0.5279)
[================================        ]: 2082 (Loss: 0.4360)
[=================================       ]: 2083 (Loss: 0.6017)
[=================================       ]: 2084 (Loss: 0.4562)
[==================================      ]: 2085 (Loss: 0.5414)
[==================================      ]: 2086 (Loss: 0.5402)
[==================================      ]: 2087 (Loss: 0.5184)
[===================================     ]: 2088 (Loss: 0.5809)
[===================================     ]: 2089 (Loss: 0.4425)
[====================================    ]: 2090 (Loss: 0.4756)
[====================================    ]: 2091 (Loss: 0.5262)
[====================================    ]: 2092 (Loss: 0.5455)
[=====================================   ]: 2093 (Loss: 0.5157)
[=====================================   ]: 2094 (Loss: 0.4576)
[======================================  ]: 2095 (Loss: 0.4570)
[======================================  ]: 2096 (Loss: 0.5597)
[======================================  ]: 2097 (Loss: 0.4183)
[======================================= ]: 2098 (Loss: 0.3680)
[======================================= ]: 2099 (Loss: 0.4721)
[========================================]: 2100 (Loss: 0.4208)
                                                                                                    
[2026-07-16 20:50:13,026] [INFO] [__main__] Batch 2100 Loss: 0.483119 Cost: 9.54 Time: 171 ms/sequence

[                                        ]: 2101 (Loss: 0.4895)
[                                        ]: 2102 (Loss: 0.4963)
[=                                       ]: 2103 (Loss: 0.6281)
[=                                       ]: 2104 (Loss: 0.4594)
[==                                      ]: 2105 (Loss: 0.4330)
[==                                      ]: 2106 (Loss: 0.5015)
[==                                      ]: 2107 (Loss: 0.4820)
[===                                     ]: 2108 (Loss: 0.4264)
[===                                     ]: 2109 (Loss: 0.4937)
[====                                    ]: 2110 (Loss: 0.5285)
[====                                    ]: 2111 (Loss: 0.4798)
[====                                    ]: 2112 (Loss: 0.2959)
[=====                                   ]: 2113 (Loss: 0.5351)
[=====                                   ]: 2114 (Loss: 0.5191)
[======                                  ]: 2115 (Loss: 0.5643)
[======                                  ]: 2116 (Loss: 0.4862)
[======                                  ]: 2117 (Loss: 0.4251)
[=======                                 ]: 2118 (Loss: 0.5681)
[=======                                 ]: 2119 (Loss: 0.5321)
[========                                ]: 2120 (Loss: 0.4687)
[========                                ]: 2121 (Loss: 0.6073)
[========                                ]: 2122 (Loss: 0.4046)
[=========                               ]: 2123 (Loss: 0.4576)
[=========                               ]: 2124 (Loss: 0.4912)
[==========                              ]: 2125 (Loss: 0.4276)
[==========                              ]: 2126 (Loss: 0.5968)
[==========                              ]: 2127 (Loss: 0.5161)
[===========                             ]: 2128 (Loss: 0.4141)
[===========                             ]: 2129 (Loss: 0.4014)
[============                            ]: 2130 (Loss: 0.4893)
[============                            ]: 2131 (Loss: 0.4670)
[============                            ]: 2132 (Loss: 0.4788)
[=============                           ]: 2133 (Loss: 0.5089)
[=============                           ]: 2134 (Loss: 0.5878)
[==============                          ]: 2135 (Loss: 0.3394)
[==============                          ]: 2136 (Loss: 0.4263)
[==============                          ]: 2137 (Loss: 0.4785)
[===============                         ]: 2138 (Loss: 0.5644)
[===============                         ]: 2139 (Loss: 0.4463)
[================                        ]: 2140 (Loss: 0.4453)
[================                        ]: 2141 (Loss: 0.3600)
[================                        ]: 2142 (Loss: 0.6003)
[=================                       ]: 2143 (Loss: 0.4941)
[=================                       ]: 2144 (Loss: 0.4739)
[==================                      ]: 2145 (Loss: 0.4068)
[==================                      ]: 2146 (Loss: 0.4878)
[==================                      ]: 2147 (Loss: 0.4180)
[===================                     ]: 2148 (Loss: 0.5148)
[===================                     ]: 2149 (Loss: 0.4824)
[====================                    ]: 2150 (Loss: 0.5258)
[====================                    ]: 2151 (Loss: 0.4747)
[====================                    ]: 2152 (Loss: 0.4581)
[=====================                   ]: 2153 (Loss: 0.4343)
[=====================                   ]: 2154 (Loss: 0.4314)
[======================                  ]: 2155 (Loss: 0.4895)
[======================                  ]: 2156 (Loss: 0.4680)
[======================                  ]: 2157 (Loss: 0.4582)
[=======================                 ]: 2158 (Loss: 0.4211)
[=======================                 ]: 2159 (Loss: 0.4675)
[========================                ]: 2160 (Loss: 0.6025)
[========================                ]: 2161 (Loss: 0.3763)
[========================                ]: 2162 (Loss: 0.4699)
[=========================               ]: 2163 (Loss: 0.5753)
[=========================               ]: 2164 (Loss: 0.3971)
[==========================              ]: 2165 (Loss: 0.4377)
[==========================              ]: 2166 (Loss: 0.5122)
[==========================              ]: 2167 (Loss: 0.5095)
[===========================             ]: 2168 (Loss: 0.6190)
[===========================             ]: 2169 (Loss: 0.4455)
[============================            ]: 2170 (Loss: 0.4959)
[============================            ]: 2171 (Loss: 0.5665)
[============================            ]: 2172 (Loss: 0.4745)
[=============================           ]: 2173 (Loss: 0.4809)
[=============================           ]: 2174 (Loss: 0.3919)
[==============================          ]: 2175 (Loss: 0.4422)
[==============================          ]: 2176 (Loss: 0.5325)
[==============================          ]: 2177 (Loss: 0.5978)
[===============================         ]: 2178 (Loss: 0.3607)
[===============================         ]: 2179 (Loss: 0.4119)
[================================        ]: 2180 (Loss: 0.3600)
[================================        ]: 2181 (Loss: 0.4914)
[================================        ]: 2182 (Loss: 0.5177)
[=================================       ]: 2183 (Loss: 0.4855)
[=================================       ]: 2184 (Loss: 0.4908)
[==================================      ]: 2185 (Loss: 0.4294)
[==================================      ]: 2186 (Loss: 0.5036)
[==================================      ]: 2187 (Loss: 0.5184)
[===================================     ]: 2188 (Loss: 0.4198)
[===================================     ]: 2189 (Loss: 0.5030)
[====================================    ]: 2190 (Loss: 0.3915)
[====================================    ]: 2191 (Loss: 0.4246)
[====================================    ]: 2192 (Loss: 0.3743)
[=====================================   ]: 2193 (Loss: 0.5587)
[=====================================   ]: 2194 (Loss: 0.5156)
[======================================  ]: 2195 (Loss: 0.3878)
[======================================  ]: 2196 (Loss: 0.4166)
[======================================  ]: 2197 (Loss: 0.4543)
[======================================= ]: 2198 (Loss: 0.4512)
[======================================= ]: 2199 (Loss: 0.4709)
[========================================]: 2200 (Loss: 0.4630)
                                                                                                    
[2026-07-16 20:50:30,052] [INFO] [__main__] Batch 2200 Loss: 0.475562 Cost: 9.20 Time: 170 ms/sequence

[                                        ]: 2201 (Loss: 0.5089)
[                                        ]: 2202 (Loss: 0.5332)
[=                                       ]: 2203 (Loss: 0.4307)
[=                                       ]: 2204 (Loss: 0.4636)
[==                                      ]: 2205 (Loss: 0.3778)
[==                                      ]: 2206 (Loss: 0.3761)
[==                                      ]: 2207 (Loss: 0.4627)
[===                                     ]: 2208 (Loss: 0.4019)
[===                                     ]: 2209 (Loss: 0.5008)
[====                                    ]: 2210 (Loss: 0.4390)
[====                                    ]: 2211 (Loss: 0.4610)
[====                                    ]: 2212 (Loss: 0.5624)
[=====                                   ]: 2213 (Loss: 0.6018)
[=====                                   ]: 2214 (Loss: 0.5525)
[======                                  ]: 2215 (Loss: 0.4648)
[======                                  ]: 2216 (Loss: 0.4768)
[======                                  ]: 2217 (Loss: 0.4093)
[=======                                 ]: 2218 (Loss: 0.4842)
[=======                                 ]: 2219 (Loss: 0.3972)
[========                                ]: 2220 (Loss: 0.4892)
[========                                ]: 2221 (Loss: 0.3511)
[========                                ]: 2222 (Loss: 0.5733)
[=========                               ]: 2223 (Loss: 0.4366)
[=========                               ]: 2224 (Loss: 0.4293)
[==========                              ]: 2225 (Loss: 0.4355)
[==========                              ]: 2226 (Loss: 0.5482)
[==========                              ]: 2227 (Loss: 0.4264)
[===========                             ]: 2228 (Loss: 0.4147)
[===========                             ]: 2229 (Loss: 0.4982)
[============                            ]: 2230 (Loss: 0.4855)
[============                            ]: 2231 (Loss: 0.3664)
[============                            ]: 2232 (Loss: 0.4442)
[=============                           ]: 2233 (Loss: 0.4229)
[=============                           ]: 2234 (Loss: 0.3132)
[==============                          ]: 2235 (Loss: 0.5117)
[==============                          ]: 2236 (Loss: 0.3964)
[==============                          ]: 2237 (Loss: 0.5276)
[===============                         ]: 2238 (Loss: 0.4367)
[===============                         ]: 2239 (Loss: 0.5176)
[================                        ]: 2240 (Loss: 0.4408)
[================                        ]: 2241 (Loss: 0.4166)
[================                        ]: 2242 (Loss: 0.4983)
[=================                       ]: 2243 (Loss: 0.5954)
[=================                       ]: 2244 (Loss: 0.4496)
[==================                      ]: 2245 (Loss: 0.5618)
[==================                      ]: 2246 (Loss: 0.5534)
[==================                      ]: 2247 (Loss: 0.4323)
[===================                     ]: 2248 (Loss: 0.4536)
[===================                     ]: 2249 (Loss: 0.5142)
[====================                    ]: 2250 (Loss: 0.5770)
[====================                    ]: 2251 (Loss: 0.4914)
[====================                    ]: 2252 (Loss: 0.4715)
[=====================                   ]: 2253 (Loss: 0.4907)
[=====================                   ]: 2254 (Loss: 0.4169)
[======================                  ]: 2255 (Loss: 0.4359)
[======================                  ]: 2256 (Loss: 0.3484)
[======================                  ]: 2257 (Loss: 0.5962)
[=======================                 ]: 2258 (Loss: 0.4209)
[=======================                 ]: 2259 (Loss: 0.5312)
[========================                ]: 2260 (Loss: 0.4653)
[========================                ]: 2261 (Loss: 0.4428)
[========================                ]: 2262 (Loss: 0.4897)
[=========================               ]: 2263 (Loss: 0.5864)
[=========================               ]: 2264 (Loss: 0.4955)
[==========================              ]: 2265 (Loss: 0.4088)
[==========================              ]: 2266 (Loss: 0.3579)
[==========================              ]: 2267 (Loss: 0.4882)
[===========================             ]: 2268 (Loss: 0.4676)
[===========================             ]: 2269 (Loss: 0.5006)
[============================            ]: 2270 (Loss: 0.4463)
[============================            ]: 2271 (Loss: 0.4363)
[============================            ]: 2272 (Loss: 0.3950)
[=============================           ]: 2273 (Loss: 0.4617)
[=============================           ]: 2274 (Loss: 0.4413)
[==============================          ]: 2275 (Loss: 0.5519)
[==============================          ]: 2276 (Loss: 0.4392)
[==============================          ]: 2277 (Loss: 0.3358)
[===============================         ]: 2278 (Loss: 0.5268)
[===============================         ]: 2279 (Loss: 0.3655)
[================================        ]: 2280 (Loss: 0.5042)
[================================        ]: 2281 (Loss: 0.5041)
[================================        ]: 2282 (Loss: 0.4875)
[=================================       ]: 2283 (Loss: 0.4751)
[=================================       ]: 2284 (Loss: 0.4407)
[==================================      ]: 2285 (Loss: 0.4700)
[==================================      ]: 2286 (Loss: 0.3924)
[==================================      ]: 2287 (Loss: 0.4737)
[===================================     ]: 2288 (Loss: 0.3785)
[===================================     ]: 2289 (Loss: 0.6112)
[====================================    ]: 2290 (Loss: 0.4322)
[====================================    ]: 2291 (Loss: 0.5252)
[====================================    ]: 2292 (Loss: 0.4757)
[=====================================   ]: 2293 (Loss: 0.3640)
[=====================================   ]: 2294 (Loss: 0.5341)
[======================================  ]: 2295 (Loss: 0.3433)
[======================================  ]: 2296 (Loss: 0.4491)
[======================================  ]: 2297 (Loss: 0.4535)
[======================================= ]: 2298 (Loss: 0.4747)
[======================================= ]: 2299 (Loss: 0.4008)
[========================================]: 2300 (Loss: 0.5478)
                                                                                                    
[2026-07-16 20:50:46,854] [INFO] [__main__] Batch 2300 Loss: 0.464653 Cost: 9.26 Time: 168 ms/sequence

[                                        ]: 2301 (Loss: 0.4508)
[                                        ]: 2302 (Loss: 0.4189)
[=                                       ]: 2303 (Loss: 0.4892)
[=                                       ]: 2304 (Loss: 0.6233)
[==                                      ]: 2305 (Loss: 0.6699)
[==                                      ]: 2306 (Loss: 0.3855)
[==                                      ]: 2307 (Loss: 0.3751)
[===                                     ]: 2308 (Loss: 0.5103)
[===                                     ]: 2309 (Loss: 0.5106)
[====                                    ]: 2310 (Loss: 0.5077)
[====                                    ]: 2311 (Loss: 0.4295)
[====                                    ]: 2312 (Loss: 0.5202)
[=====                                   ]: 2313 (Loss: 0.4873)
[=====                                   ]: 2314 (Loss: 0.4892)
[======                                  ]: 2315 (Loss: 0.5028)
[======                                  ]: 2316 (Loss: 0.4770)
[======                                  ]: 2317 (Loss: 0.4910)
[=======                                 ]: 2318 (Loss: 0.4605)
[=======                                 ]: 2319 (Loss: 0.4609)
[========                                ]: 2320 (Loss: 0.4337)
[========                                ]: 2321 (Loss: 0.3824)
[========                                ]: 2322 (Loss: 0.4680)
[=========                               ]: 2323 (Loss: 0.6089)
[=========                               ]: 2324 (Loss: 0.4187)
[==========                              ]: 2325 (Loss: 0.4627)
[==========                              ]: 2326 (Loss: 0.4065)
[==========                              ]: 2327 (Loss: 0.4638)
[===========                             ]: 2328 (Loss: 0.4828)
[===========                             ]: 2329 (Loss: 0.3914)
[============                            ]: 2330 (Loss: 0.5324)
[============                            ]: 2331 (Loss: 0.4266)
[============                            ]: 2332 (Loss: 0.4088)
[=============                           ]: 2333 (Loss: 0.5386)
[=============                           ]: 2334 (Loss: 0.5373)
[==============                          ]: 2335 (Loss: 0.4858)
[==============                          ]: 2336 (Loss: 0.4838)
[==============                          ]: 2337 (Loss: 0.4398)
[===============                         ]: 2338 (Loss: 0.4839)
[===============                         ]: 2339 (Loss: 0.4008)
[================                        ]: 2340 (Loss: 0.5000)
[================                        ]: 2341 (Loss: 0.4720)
[================                        ]: 2342 (Loss: 0.5154)
[=================                       ]: 2343 (Loss: 0.4506)
[=================                       ]: 2344 (Loss: 0.4283)
[==================                      ]: 2345 (Loss: 0.3834)
[==================                      ]: 2346 (Loss: 0.4097)
[==================                      ]: 2347 (Loss: 0.3778)
[===================                     ]: 2348 (Loss: 0.5857)
[===================                     ]: 2349 (Loss: 0.4644)
[====================                    ]: 2350 (Loss: 0.4676)
[====================                    ]: 2351 (Loss: 0.4358)
[====================                    ]: 2352 (Loss: 0.4849)
[=====================                   ]: 2353 (Loss: 0.5342)
[=====================                   ]: 2354 (Loss: 0.4904)
[======================                  ]: 2355 (Loss: 0.3945)
[======================                  ]: 2356 (Loss: 0.4497)
[======================                  ]: 2357 (Loss: 0.4972)
[=======================                 ]: 2358 (Loss: 0.3977)
[=======================                 ]: 2359 (Loss: 0.4417)
[========================                ]: 2360 (Loss: 0.4771)
[========================                ]: 2361 (Loss: 0.4176)
[========================                ]: 2362 (Loss: 0.4872)
[=========================               ]: 2363 (Loss: 0.5210)
[=========================               ]: 2364 (Loss: 0.5699)
[==========================              ]: 2365 (Loss: 0.5046)
[==========================              ]: 2366 (Loss: 0.4262)
[==========================              ]: 2367 (Loss: 0.5485)
[===========================             ]: 2368 (Loss: 0.4658)
[===========================             ]: 2369 (Loss: 0.6043)
[============================            ]: 2370 (Loss: 0.3985)
[============================            ]: 2371 (Loss: 0.4277)
[============================            ]: 2372 (Loss: 0.4621)
[=============================           ]: 2373 (Loss: 0.5444)
[=============================           ]: 2374 (Loss: 0.4854)
[==============================          ]: 2375 (Loss: 0.4757)
[==============================          ]: 2376 (Loss: 0.4179)
[==============================          ]: 2377 (Loss: 0.5516)
[===============================         ]: 2378 (Loss: 0.4560)
[===============================         ]: 2379 (Loss: 0.4771)
[================================        ]: 2380 (Loss: 0.4772)
[================================        ]: 2381 (Loss: 0.4778)
[================================        ]: 2382 (Loss: 0.4484)
[=================================       ]: 2383 (Loss: 0.5447)
[=================================       ]: 2384 (Loss: 0.5172)
[==================================      ]: 2385 (Loss: 0.3913)
[==================================      ]: 2386 (Loss: 0.5470)
[==================================      ]: 2387 (Loss: 0.5326)
[===================================     ]: 2388 (Loss: 0.5561)
[===================================     ]: 2389 (Loss: 0.4707)
[====================================    ]: 2390 (Loss: 0.4870)
[====================================    ]: 2391 (Loss: 0.5276)
[====================================    ]: 2392 (Loss: 0.3577)
[=====================================   ]: 2393 (Loss: 0.3892)
[=====================================   ]: 2394 (Loss: 0.4067)
[======================================  ]: 2395 (Loss: 0.4693)
[======================================  ]: 2396 (Loss: 0.3119)
[======================================  ]: 2397 (Loss: 0.4637)
[======================================= ]: 2398 (Loss: 0.5248)
[======================================= ]: 2399 (Loss: 0.4532)
[========================================]: 2400 (Loss: 0.5166)
                                                                                                    
[2026-07-16 20:51:04,199] [INFO] [__main__] Batch 2400 Loss: 0.472865 Cost: 9.59 Time: 173 ms/sequence

[                                        ]: 2401 (Loss: 0.4308)
[                                        ]: 2402 (Loss: 0.3956)
[=                                       ]: 2403 (Loss: 0.6159)
[=                                       ]: 2404 (Loss: 0.5149)
[==                                      ]: 2405 (Loss: 0.4501)
[==                                      ]: 2406 (Loss: 0.4842)
[==                                      ]: 2407 (Loss: 0.4498)
[===                                     ]: 2408 (Loss: 0.4600)
[===                                     ]: 2409 (Loss: 0.5922)
[====                                    ]: 2410 (Loss: 0.3969)
[====                                    ]: 2411 (Loss: 0.4405)
[====                                    ]: 2412 (Loss: 0.4768)
[=====                                   ]: 2413 (Loss: 0.4651)
[=====                                   ]: 2414 (Loss: 0.4398)
[======                                  ]: 2415 (Loss: 0.4510)
[======                                  ]: 2416 (Loss: 0.5878)
[======                                  ]: 2417 (Loss: 0.4286)
[=======                                 ]: 2418 (Loss: 0.4587)
[=======                                 ]: 2419 (Loss: 0.4496)
[========                                ]: 2420 (Loss: 0.4002)
[========                                ]: 2421 (Loss: 0.4951)
[========                                ]: 2422 (Loss: 0.5175)
[=========                               ]: 2423 (Loss: 0.5101)
[=========                               ]: 2424 (Loss: 0.5344)
[==========                              ]: 2425 (Loss: 0.4154)
[==========                              ]: 2426 (Loss: 0.3771)
[==========                              ]: 2427 (Loss: 0.4530)
[===========                             ]: 2428 (Loss: 0.3807)
[===========                             ]: 2429 (Loss: 0.4516)
[============                            ]: 2430 (Loss: 0.4283)
[============                            ]: 2431 (Loss: 0.4327)
[============                            ]: 2432 (Loss: 0.4523)
[=============                           ]: 2433 (Loss: 0.2725)
[=============                           ]: 2434 (Loss: 0.5667)
[==============                          ]: 2435 (Loss: 0.4649)
[==============                          ]: 2436 (Loss: 0.4002)
[==============                          ]: 2437 (Loss: 0.4232)
[===============                         ]: 2438 (Loss: 0.3937)
[===============                         ]: 2439 (Loss: 0.5616)
[================                        ]: 2440 (Loss: 0.5442)
[================                        ]: 2441 (Loss: 0.4658)
[================                        ]: 2442 (Loss: 0.4239)
[=================                       ]: 2443 (Loss: 0.4494)
[=================                       ]: 2444 (Loss: 0.4966)
[==================                      ]: 2445 (Loss: 0.4012)
[==================                      ]: 2446 (Loss: 0.4512)
[==================                      ]: 2447 (Loss: 0.4615)
[===================                     ]: 2448 (Loss: 0.4435)
[===================                     ]: 2449 (Loss: 0.5087)
[====================                    ]: 2450 (Loss: 0.4557)
[====================                    ]: 2451 (Loss: 0.5080)
[====================                    ]: 2452 (Loss: 0.4168)
[=====================                   ]: 2453 (Loss: 0.3649)
[=====================                   ]: 2454 (Loss: 0.4888)
[======================                  ]: 2455 (Loss: 0.6015)
[======================                  ]: 2456 (Loss: 0.3918)
[======================                  ]: 2457 (Loss: 0.3532)
[=======================                 ]: 2458 (Loss: 0.5498)
[=======================                 ]: 2459 (Loss: 0.4566)
[========================                ]: 2460 (Loss: 0.4149)
[========================                ]: 2461 (Loss: 0.4454)
[========================                ]: 2462 (Loss: 0.4852)
[=========================               ]: 2463 (Loss: 0.4381)
[=========================               ]: 2464 (Loss: 0.3909)
[==========================              ]: 2465 (Loss: 0.4543)
[==========================              ]: 2466 (Loss: 0.3780)
[==========================              ]: 2467 (Loss: 0.4842)
[===========================             ]: 2468 (Loss: 0.5265)
[===========================             ]: 2469 (Loss: 0.3904)
[============================            ]: 2470 (Loss: 0.3506)
[============================            ]: 2471 (Loss: 0.5153)
[============================            ]: 2472 (Loss: 0.3235)
[=============================           ]: 2473 (Loss: 0.5108)
[=============================           ]: 2474 (Loss: 0.4514)
[==============================          ]: 2475 (Loss: 0.3993)
[==============================          ]: 2476 (Loss: 0.4757)
[==============================          ]: 2477 (Loss: 0.4393)
[===============================         ]: 2478 (Loss: 0.4513)
[===============================         ]: 2479 (Loss: 0.4374)
[================================        ]: 2480 (Loss: 0.4300)
[================================        ]: 2481 (Loss: 0.3980)
[================================        ]: 2482 (Loss: 0.3747)
[=================================       ]: 2483 (Loss: 0.5439)
[=================================       ]: 2484 (Loss: 0.3919)
[==================================      ]: 2485 (Loss: 0.4861)
[==================================      ]: 2486 (Loss: 0.4407)
[==================================      ]: 2487 (Loss: 0.4182)
[===================================     ]: 2488 (Loss: 0.4202)
[===================================     ]: 2489 (Loss: 0.4693)
[====================================    ]: 2490 (Loss: 0.4325)
[====================================    ]: 2491 (Loss: 0.5165)
[====================================    ]: 2492 (Loss: 0.4836)
[=====================================   ]: 2493 (Loss: 0.4549)
[=====================================   ]: 2494 (Loss: 0.4808)
[======================================  ]: 2495 (Loss: 0.4258)
[======================================  ]: 2496 (Loss: 0.4799)
[======================================  ]: 2497 (Loss: 0.4897)
[======================================= ]: 2498 (Loss: 0.4586)
[======================================= ]: 2499 (Loss: 0.3937)
[========================================]: 2500 (Loss: 0.4251)
                                                                                                    
[2026-07-16 20:51:21,163] [INFO] [__main__] Batch 2500 Loss: 0.453292 Cost: 9.05 Time: 169 ms/sequence

[                                        ]: 2501 (Loss: 0.4178)
[                                        ]: 2502 (Loss: 0.3564)
[=                                       ]: 2503 (Loss: 0.5196)
[=                                       ]: 2504 (Loss: 0.3281)
[==                                      ]: 2505 (Loss: 0.4610)
[==                                      ]: 2506 (Loss: 0.4731)
[==                                      ]: 2507 (Loss: 0.4409)
[===                                     ]: 2508 (Loss: 0.4140)
[===                                     ]: 2509 (Loss: 0.4345)
[====                                    ]: 2510 (Loss: 0.4081)
[====                                    ]: 2511 (Loss: 0.5304)
[====                                    ]: 2512 (Loss: 0.5213)
[=====                                   ]: 2513 (Loss: 0.5189)
[=====                                   ]: 2514 (Loss: 0.4387)
[======                                  ]: 2515 (Loss: 0.4926)
[======                                  ]: 2516 (Loss: 0.4028)
[======                                  ]: 2517 (Loss: 0.4075)
[=======                                 ]: 2518 (Loss: 0.4262)
[=======                                 ]: 2519 (Loss: 0.5744)
[========                                ]: 2520 (Loss: 0.4542)
[========                                ]: 2521 (Loss: 0.4657)
[========                                ]: 2522 (Loss: 0.4454)
[=========                               ]: 2523 (Loss: 0.6653)
[=========                               ]: 2524 (Loss: 0.5450)
[==========                              ]: 2525 (Loss: 0.3739)
[==========                              ]: 2526 (Loss: 0.6431)
[==========                              ]: 2527 (Loss: 0.5506)
[===========                             ]: 2528 (Loss: 0.5456)
[===========                             ]: 2529 (Loss: 0.4301)
[============                            ]: 2530 (Loss: 0.5884)
[============                            ]: 2531 (Loss: 0.4713)
[============                            ]: 2532 (Loss: 0.5186)
[=============                           ]: 2533 (Loss: 0.4736)
[=============                           ]: 2534 (Loss: 0.5096)
[==============                          ]: 2535 (Loss: 0.4115)
[==============                          ]: 2536 (Loss: 0.4697)
[==============                          ]: 2537 (Loss: 0.5035)
[===============                         ]: 2538 (Loss: 0.4180)
[===============                         ]: 2539 (Loss: 0.5523)
[================                        ]: 2540 (Loss: 0.4371)
[================                        ]: 2541 (Loss: 0.4086)
[================                        ]: 2542 (Loss: 0.5052)
[=================                       ]: 2543 (Loss: 0.4567)
[=================                       ]: 2544 (Loss: 0.3936)
[==================                      ]: 2545 (Loss: 0.5120)
[==================                      ]: 2546 (Loss: 0.4289)
[==================                      ]: 2547 (Loss: 0.3949)
[===================                     ]: 2548 (Loss: 0.4581)
[===================                     ]: 2549 (Loss: 0.4200)
[====================                    ]: 2550 (Loss: 0.4767)
[====================                    ]: 2551 (Loss: 0.4688)
[====================                    ]: 2552 (Loss: 0.4708)
[=====================                   ]: 2553 (Loss: 0.4078)
[=====================                   ]: 2554 (Loss: 0.6258)
[======================                  ]: 2555 (Loss: 0.4195)
[======================                  ]: 2556 (Loss: 0.4887)
[======================                  ]: 2557 (Loss: 0.4994)
[=======================                 ]: 2558 (Loss: 0.4281)
[=======================                 ]: 2559 (Loss: 0.4175)
[========================                ]: 2560 (Loss: 0.5865)
[========================                ]: 2561 (Loss: 0.3935)
[========================                ]: 2562 (Loss: 0.5387)
[=========================               ]: 2563 (Loss: 0.4910)
[=========================               ]: 2564 (Loss: 0.5238)
[==========================              ]: 2565 (Loss: 0.5294)
[==========================              ]: 2566 (Loss: 0.5052)
[==========================              ]: 2567 (Loss: 0.4857)
[===========================             ]: 2568 (Loss: 0.5482)
[===========================             ]: 2569 (Loss: 0.4850)
[============================            ]: 2570 (Loss: 0.4800)
[============================            ]: 2571 (Loss: 0.3932)
[============================            ]: 2572 (Loss: 0.4761)
[=============================           ]: 2573 (Loss: 0.4671)
[=============================           ]: 2574 (Loss: 0.4586)
[==============================          ]: 2575 (Loss: 0.4767)
[==============================          ]: 2576 (Loss: 0.4661)
[==============================          ]: 2577 (Loss: 0.4339)
[===============================         ]: 2578 (Loss: 0.4196)
[===============================         ]: 2579 (Loss: 0.4037)
[================================        ]: 2580 (Loss: 0.4600)
[================================        ]: 2581 (Loss: 0.4727)
[================================        ]: 2582 (Loss: 0.3447)
[=================================       ]: 2583 (Loss: 0.4300)
[=================================       ]: 2584 (Loss: 0.4816)
[==================================      ]: 2585 (Loss: 0.4540)
[==================================      ]: 2586 (Loss: 0.5118)
[==================================      ]: 2587 (Loss: 0.4907)
[===================================     ]: 2588 (Loss: 0.4076)
[===================================     ]: 2589 (Loss: 0.4924)
[====================================    ]: 2590 (Loss: 0.4535)
[====================================    ]: 2591 (Loss: 0.3628)
[====================================    ]: 2592 (Loss: 0.4537)
[=====================================   ]: 2593 (Loss: 0.4900)
[=====================================   ]: 2594 (Loss: 0.5244)
[======================================  ]: 2595 (Loss: 0.3745)
[======================================  ]: 2596 (Loss: 0.4096)
[======================================  ]: 2597 (Loss: 0.5539)
[======================================= ]: 2598 (Loss: 0.3833)
[======================================= ]: 2599 (Loss: 0.4071)
[========================================]: 2600 (Loss: 0.5250)
                                                                                                    
[2026-07-16 20:51:37,965] [INFO] [__main__] Batch 2600 Loss: 0.467648 Cost: 9.21 Time: 168 ms/sequence

[                                        ]: 2601 (Loss: 0.5358)
[                                        ]: 2602 (Loss: 0.4222)
[=                                       ]: 2603 (Loss: 0.4652)
[=                                       ]: 2604 (Loss: 0.3980)
[==                                      ]: 2605 (Loss: 0.4691)
[==                                      ]: 2606 (Loss: 0.4153)
[==                                      ]: 2607 (Loss: 0.5178)
[===                                     ]: 2608 (Loss: 0.3823)
[===                                     ]: 2609 (Loss: 0.5341)
[====                                    ]: 2610 (Loss: 0.3769)
[====                                    ]: 2611 (Loss: 0.4685)
[====                                    ]: 2612 (Loss: 0.4476)
[=====                                   ]: 2613 (Loss: 0.4186)
[=====                                   ]: 2614 (Loss: 0.4872)
[======                                  ]: 2615 (Loss: 0.4349)
[======                                  ]: 2616 (Loss: 0.4705)
[======                                  ]: 2617 (Loss: 0.5030)
[=======                                 ]: 2618 (Loss: 0.4003)
[=======                                 ]: 2619 (Loss: 0.5601)
[========                                ]: 2620 (Loss: 0.4433)
[========                                ]: 2621 (Loss: 0.5277)
[========                                ]: 2622 (Loss: 0.4258)
[=========                               ]: 2623 (Loss: 0.4592)
[=========                               ]: 2624 (Loss: 0.5600)
[==========                              ]: 2625 (Loss: 0.4412)
[==========                              ]: 2626 (Loss: 0.4007)
[==========                              ]: 2627 (Loss: 0.3595)
[===========                             ]: 2628 (Loss: 0.4288)
[===========                             ]: 2629 (Loss: 0.4646)
[============                            ]: 2630 (Loss: 0.4749)
[============                            ]: 2631 (Loss: 0.4387)
[============                            ]: 2632 (Loss: 0.5804)
[=============                           ]: 2633 (Loss: 0.4988)
[=============                           ]: 2634 (Loss: 0.4453)
[==============                          ]: 2635 (Loss: 0.3912)
[==============                          ]: 2636 (Loss: 0.3978)
[==============                          ]: 2637 (Loss: 0.4510)
[===============                         ]: 2638 (Loss: 0.5990)
[===============                         ]: 2639 (Loss: 0.4066)
[================                        ]: 2640 (Loss: 0.4183)
[================                        ]: 2641 (Loss: 0.4616)
[================                        ]: 2642 (Loss: 0.4517)
[=================                       ]: 2643 (Loss: 0.4274)
[=================                       ]: 2644 (Loss: 0.4253)
[==================                      ]: 2645 (Loss: 0.4474)
[==================                      ]: 2646 (Loss: 0.5648)
[==================                      ]: 2647 (Loss: 0.4517)
[===================                     ]: 2648 (Loss: 0.4078)
[===================                     ]: 2649 (Loss: 0.4748)
[====================                    ]: 2650 (Loss: 0.5387)
[====================                    ]: 2651 (Loss: 0.4969)
[====================                    ]: 2652 (Loss: 0.3744)
[=====================                   ]: 2653 (Loss: 0.5422)
[=====================                   ]: 2654 (Loss: 0.4826)
[======================                  ]: 2655 (Loss: 0.4613)
[======================                  ]: 2656 (Loss: 0.4070)
[======================                  ]: 2657 (Loss: 0.4079)
[=======================                 ]: 2658 (Loss: 0.4184)
[=======================                 ]: 2659 (Loss: 0.3934)
[========================                ]: 2660 (Loss: 0.3805)
[========================                ]: 2661 (Loss: 0.5419)
[========================                ]: 2662 (Loss: 0.3785)
[=========================               ]: 2663 (Loss: 0.6092)
[=========================               ]: 2664 (Loss: 0.5470)
[==========================              ]: 2665 (Loss: 0.4438)
[==========================              ]: 2666 (Loss: 0.3871)
[==========================              ]: 2667 (Loss: 0.4129)
[===========================             ]: 2668 (Loss: 0.3426)
[===========================             ]: 2669 (Loss: 0.4662)
[============================            ]: 2670 (Loss: 0.4801)
[============================            ]: 2671 (Loss: 0.4021)
[============================            ]: 2672 (Loss: 0.4750)
[=============================           ]: 2673 (Loss: 0.4717)
[=============================           ]: 2674 (Loss: 0.4019)
[==============================          ]: 2675 (Loss: 0.4566)
[==============================          ]: 2676 (Loss: 0.4778)
[==============================          ]: 2677 (Loss: 0.4887)
[===============================         ]: 2678 (Loss: 0.2882)
[===============================         ]: 2679 (Loss: 0.4099)
[================================        ]: 2680 (Loss: 0.4643)
[================================        ]: 2681 (Loss: 0.4704)
[================================        ]: 2682 (Loss: 0.5516)
[=================================       ]: 2683 (Loss: 0.4857)
[=================================       ]: 2684 (Loss: 0.3972)
[==================================      ]: 2685 (Loss: 0.3581)
[==================================      ]: 2686 (Loss: 0.4514)
[==================================      ]: 2687 (Loss: 0.5000)
[===================================     ]: 2688 (Loss: 0.4685)
[===================================     ]: 2689 (Loss: 0.4252)
[====================================    ]: 2690 (Loss: 0.4500)
[====================================    ]: 2691 (Loss: 0.4135)
[====================================    ]: 2692 (Loss: 0.4947)
[=====================================   ]: 2693 (Loss: 0.4279)
[=====================================   ]: 2694 (Loss: 0.4841)
[======================================  ]: 2695 (Loss: 0.4657)
[======================================  ]: 2696 (Loss: 0.3555)
[======================================  ]: 2697 (Loss: 0.5025)
[======================================= ]: 2698 (Loss: 0.4523)
[======================================= ]: 2699 (Loss: 0.3966)
[========================================]: 2700 (Loss: 0.4533)
                                                                                                    
[2026-07-16 20:51:54,838] [INFO] [__main__] Batch 2700 Loss: 0.452855 Cost: 8.92 Time: 168 ms/sequence

[                                        ]: 2701 (Loss: 0.4126)
[                                        ]: 2702 (Loss: 0.5352)
[=                                       ]: 2703 (Loss: 0.4321)
[=                                       ]: 2704 (Loss: 0.5134)
[==                                      ]: 2705 (Loss: 0.4796)
[==                                      ]: 2706 (Loss: 0.4806)
[==                                      ]: 2707 (Loss: 0.4426)
[===                                     ]: 2708 (Loss: 0.4619)
[===                                     ]: 2709 (Loss: 0.3847)
[====                                    ]: 2710 (Loss: 0.4685)
[====                                    ]: 2711 (Loss: 0.5062)
[====                                    ]: 2712 (Loss: 0.5358)
[=====                                   ]: 2713 (Loss: 0.4160)
[=====                                   ]: 2714 (Loss: 0.4412)
[======                                  ]: 2715 (Loss: 0.4901)
[======                                  ]: 2716 (Loss: 0.4227)
[======                                  ]: 2717 (Loss: 0.5540)
[=======                                 ]: 2718 (Loss: 0.3675)
[=======                                 ]: 2719 (Loss: 0.4417)
[========                                ]: 2720 (Loss: 0.4659)
[========                                ]: 2721 (Loss: 0.3901)
[========                                ]: 2722 (Loss: 0.4625)
[=========                               ]: 2723 (Loss: 0.4822)
[=========                               ]: 2724 (Loss: 0.3913)
[==========                              ]: 2725 (Loss: 0.3984)
[==========                              ]: 2726 (Loss: 0.5575)
[==========                              ]: 2727 (Loss: 0.5349)
[===========                             ]: 2728 (Loss: 0.4412)
[===========                             ]: 2729 (Loss: 0.5069)
[============                            ]: 2730 (Loss: 0.5668)
[============                            ]: 2731 (Loss: 0.5315)
[============                            ]: 2732 (Loss: 0.3484)
[=============                           ]: 2733 (Loss: 0.3542)
[=============                           ]: 2734 (Loss: 0.4167)
[==============                          ]: 2735 (Loss: 0.5068)
[==============                          ]: 2736 (Loss: 0.4659)
[==============                          ]: 2737 (Loss: 0.5086)
[===============                         ]: 2738 (Loss: 0.3825)
[===============                         ]: 2739 (Loss: 0.3889)
[================                        ]: 2740 (Loss: 0.5784)
[================                        ]: 2741 (Loss: 0.4231)
[================                        ]: 2742 (Loss: 0.3610)
[=================                       ]: 2743 (Loss: 0.4741)
[=================                       ]: 2744 (Loss: 0.5153)
[==================                      ]: 2745 (Loss: 0.4605)
[==================                      ]: 2746 (Loss: 0.5572)
[==================                      ]: 2747 (Loss: 0.5606)
[===================                     ]: 2748 (Loss: 0.4240)
[===================                     ]: 2749 (Loss: 0.4882)
[====================                    ]: 2750 (Loss: 0.2865)
[====================                    ]: 2751 (Loss: 0.5824)
[====================                    ]: 2752 (Loss: 0.4595)
[=====================                   ]: 2753 (Loss: 0.5199)
[=====================                   ]: 2754 (Loss: 0.3671)
[======================                  ]: 2755 (Loss: 0.4331)
[======================                  ]: 2756 (Loss: 0.4549)
[======================                  ]: 2757 (Loss: 0.5312)
[=======================                 ]: 2758 (Loss: 0.4398)
[=======================                 ]: 2759 (Loss: 0.4400)
[========================                ]: 2760 (Loss: 0.4793)
[========================                ]: 2761 (Loss: 0.4598)
[========================                ]: 2762 (Loss: 0.4516)
[=========================               ]: 2763 (Loss: 0.3945)
[=========================               ]: 2764 (Loss: 0.4444)
[==========================              ]: 2765 (Loss: 0.3999)
[==========================              ]: 2766 (Loss: 0.5021)
[==========================              ]: 2767 (Loss: 0.5861)
[===========================             ]: 2768 (Loss: 0.4191)
[===========================             ]: 2769 (Loss: 0.3693)
[============================            ]: 2770 (Loss: 0.4353)
[============================            ]: 2771 (Loss: 0.5225)
[============================            ]: 2772 (Loss: 0.3988)
[=============================           ]: 2773 (Loss: 0.3537)
[=============================           ]: 2774 (Loss: 0.4321)
[==============================          ]: 2775 (Loss: 0.4402)
[==============================          ]: 2776 (Loss: 0.5524)
[==============================          ]: 2777 (Loss: 0.5051)
[===============================         ]: 2778 (Loss: 0.5019)
[===============================         ]: 2779 (Loss: 0.3601)
[================================        ]: 2780 (Loss: 0.4090)
[================================        ]: 2781 (Loss: 0.5526)
[================================        ]: 2782 (Loss: 0.4746)
[=================================       ]: 2783 (Loss: 0.5651)
[=================================       ]: 2784 (Loss: 0.3589)
[==================================      ]: 2785 (Loss: 0.5814)
[==================================      ]: 2786 (Loss: 0.3281)
[==================================      ]: 2787 (Loss: 0.4395)
[===================================     ]: 2788 (Loss: 0.5436)
[===================================     ]: 2789 (Loss: 0.4535)
[====================================    ]: 2790 (Loss: 0.4597)
[====================================    ]: 2791 (Loss: 0.3718)
[====================================    ]: 2792 (Loss: 0.4772)
[=====================================   ]: 2793 (Loss: 0.4607)
[=====================================   ]: 2794 (Loss: 0.5283)
[======================================  ]: 2795 (Loss: 0.4726)
[======================================  ]: 2796 (Loss: 0.4802)
[======================================  ]: 2797 (Loss: 0.4917)
[======================================= ]: 2798 (Loss: 0.4573)
[======================================= ]: 2799 (Loss: 0.3852)
[========================================]: 2800 (Loss: 0.5118)
                                                                                                    
[2026-07-16 20:52:11,539] [INFO] [__main__] Batch 2800 Loss: 0.460550 Cost: 8.93 Time: 167 ms/sequence

[                                        ]: 2801 (Loss: 0.4416)
[                                        ]: 2802 (Loss: 0.3900)
[=                                       ]: 2803 (Loss: 0.4317)
[=                                       ]: 2804 (Loss: 0.5672)
[==                                      ]: 2805 (Loss: 0.4694)
[==                                      ]: 2806 (Loss: 0.3250)
[==                                      ]: 2807 (Loss: 0.5448)
[===                                     ]: 2808 (Loss: 0.4413)
[===                                     ]: 2809 (Loss: 0.6446)
[====                                    ]: 2810 (Loss: 0.4432)
[====                                    ]: 2811 (Loss: 0.5453)
[====                                    ]: 2812 (Loss: 0.4407)
[=====                                   ]: 2813 (Loss: 0.3877)
[=====                                   ]: 2814 (Loss: 0.4682)
[======                                  ]: 2815 (Loss: 0.3940)
[======                                  ]: 2816 (Loss: 0.3887)
[======                                  ]: 2817 (Loss: 0.4188)
[=======                                 ]: 2818 (Loss: 0.6082)
[=======                                 ]: 2819 (Loss: 0.4267)
[========                                ]: 2820 (Loss: 0.3581)
[========                                ]: 2821 (Loss: 0.3899)
[========                                ]: 2822 (Loss: 0.4625)
[=========                               ]: 2823 (Loss: 0.3499)
[=========                               ]: 2824 (Loss: 0.3617)
[==========                              ]: 2825 (Loss: 0.5211)
[==========                              ]: 2826 (Loss: 0.4337)
[==========                              ]: 2827 (Loss: 0.4147)
[===========                             ]: 2828 (Loss: 0.4197)
[===========                             ]: 2829 (Loss: 0.4824)
[============                            ]: 2830 (Loss: 0.4170)
[============                            ]: 2831 (Loss: 0.5391)
[============                            ]: 2832 (Loss: 0.4358)
[=============                           ]: 2833 (Loss: 0.5545)
[=============                           ]: 2834 (Loss: 0.4811)
[==============                          ]: 2835 (Loss: 0.5676)
[==============                          ]: 2836 (Loss: 0.5452)
[==============                          ]: 2837 (Loss: 0.3991)
[===============                         ]: 2838 (Loss: 0.5305)
[===============                         ]: 2839 (Loss: 0.4180)
[================                        ]: 2840 (Loss: 0.4044)
[================                        ]: 2841 (Loss: 0.3410)
[================                        ]: 2842 (Loss: 0.4769)
[=================                       ]: 2843 (Loss: 0.4449)
[=================                       ]: 2844 (Loss: 0.5108)
[==================                      ]: 2845 (Loss: 0.4320)
[==================                      ]: 2846 (Loss: 0.4268)
[==================                      ]: 2847 (Loss: 0.5608)
[===================                     ]: 2848 (Loss: 0.4519)
[===================                     ]: 2849 (Loss: 0.5499)
[====================                    ]: 2850 (Loss: 0.5227)
[====================                    ]: 2851 (Loss: 0.3934)
[====================                    ]: 2852 (Loss: 0.4261)
[=====================                   ]: 2853 (Loss: 0.3361)
[=====================                   ]: 2854 (Loss: 0.4536)
[======================                  ]: 2855 (Loss: 0.5074)
[======================                  ]: 2856 (Loss: 0.4637)
[======================                  ]: 2857 (Loss: 0.5554)
[=======================                 ]: 2858 (Loss: 0.3577)
[=======================                 ]: 2859 (Loss: 0.4380)
[========================                ]: 2860 (Loss: 0.5370)
[========================                ]: 2861 (Loss: 0.4391)
[========================                ]: 2862 (Loss: 0.4998)
[=========================               ]: 2863 (Loss: 0.3197)
[=========================               ]: 2864 (Loss: 0.3812)
[==========================              ]: 2865 (Loss: 0.4333)
[==========================              ]: 2866 (Loss: 0.3913)
[==========================              ]: 2867 (Loss: 0.5076)
[===========================             ]: 2868 (Loss: 0.3626)
[===========================             ]: 2869 (Loss: 0.4842)
[============================            ]: 2870 (Loss: 0.4853)
[============================            ]: 2871 (Loss: 0.3268)
[============================            ]: 2872 (Loss: 0.4525)
[=============================           ]: 2873 (Loss: 0.4687)
[=============================           ]: 2874 (Loss: 0.5063)
[==============================          ]: 2875 (Loss: 0.4958)
[==============================          ]: 2876 (Loss: 0.4577)
[==============================          ]: 2877 (Loss: 0.4828)
[===============================         ]: 2878 (Loss: 0.5196)
[===============================         ]: 2879 (Loss: 0.3901)
[================================        ]: 2880 (Loss: 0.3830)
[================================        ]: 2881 (Loss: 0.3751)
[================================        ]: 2882 (Loss: 0.5343)
[=================================       ]: 2883 (Loss: 0.4581)
[=================================       ]: 2884 (Loss: 0.4282)
[==================================      ]: 2885 (Loss: 0.5020)
[==================================      ]: 2886 (Loss: 0.4713)
[==================================      ]: 2887 (Loss: 0.3367)
[===================================     ]: 2888 (Loss: 0.5454)
[===================================     ]: 2889 (Loss: 0.4567)
[====================================    ]: 2890 (Loss: 0.5788)
[====================================    ]: 2891 (Loss: 0.5506)
[====================================    ]: 2892 (Loss: 0.5845)
[=====================================   ]: 2893 (Loss: 0.4299)
[=====================================   ]: 2894 (Loss: 0.3551)
[======================================  ]: 2895 (Loss: 0.3947)
[======================================  ]: 2896 (Loss: 0.3583)
[======================================  ]: 2897 (Loss: 0.3595)
[======================================= ]: 2898 (Loss: 0.4834)
[======================================= ]: 2899 (Loss: 0.4418)
[========================================]: 2900 (Loss: 0.4253)
                                                                                                    
[2026-07-16 20:52:28,507] [INFO] [__main__] Batch 2900 Loss: 0.453060 Cost: 8.82 Time: 169 ms/sequence

[                                        ]: 2901 (Loss: 0.5022)
[                                        ]: 2902 (Loss: 0.3635)
[=                                       ]: 2903 (Loss: 0.5338)
[=                                       ]: 2904 (Loss: 0.4974)
[==                                      ]: 2905 (Loss: 0.4901)
[==                                      ]: 2906 (Loss: 0.5049)
[==                                      ]: 2907 (Loss: 0.3383)
[===                                     ]: 2908 (Loss: 0.4953)
[===                                     ]: 2909 (Loss: 0.3703)
[====                                    ]: 2910 (Loss: 0.4849)
[====                                    ]: 2911 (Loss: 0.4071)
[====                                    ]: 2912 (Loss: 0.4025)
[=====                                   ]: 2913 (Loss: 0.5257)
[=====                                   ]: 2914 (Loss: 0.3975)
[======                                  ]: 2915 (Loss: 0.4592)
[======                                  ]: 2916 (Loss: 0.4683)
[======                                  ]: 2917 (Loss: 0.4773)
[=======                                 ]: 2918 (Loss: 0.5213)
[=======                                 ]: 2919 (Loss: 0.3906)
[========                                ]: 2920 (Loss: 0.3200)
[========                                ]: 2921 (Loss: 0.3375)
[========                                ]: 2922 (Loss: 0.4247)
[=========                               ]: 2923 (Loss: 0.5631)
[=========                               ]: 2924 (Loss: 0.3532)
[==========                              ]: 2925 (Loss: 0.3740)
[==========                              ]: 2926 (Loss: 0.4158)
[==========                              ]: 2927 (Loss: 0.3524)
[===========                             ]: 2928 (Loss: 0.4230)
[===========                             ]: 2929 (Loss: 0.3596)
[============                            ]: 2930 (Loss: 0.5676)
[============                            ]: 2931 (Loss: 0.4038)
[============                            ]: 2932 (Loss: 0.4646)
[=============                           ]: 2933 (Loss: 0.4211)
[=============                           ]: 2934 (Loss: 0.3819)
[==============                          ]: 2935 (Loss: 0.3898)
[==============                          ]: 2936 (Loss: 0.3360)
[==============                          ]: 2937 (Loss: 0.3711)
[===============                         ]: 2938 (Loss: 0.4796)
[===============                         ]: 2939 (Loss: 0.4965)
[================                        ]: 2940 (Loss: 0.4567)
[================                        ]: 2941 (Loss: 0.3731)
[================                        ]: 2942 (Loss: 0.4982)
[=================                       ]: 2943 (Loss: 0.4220)
[=================                       ]: 2944 (Loss: 0.4484)
[==================                      ]: 2945 (Loss: 0.4395)
[==================                      ]: 2946 (Loss: 0.4189)
[==================                      ]: 2947 (Loss: 0.5201)
[===================                     ]: 2948 (Loss: 0.3147)
[===================                     ]: 2949 (Loss: 0.4384)
[====================                    ]: 2950 (Loss: 0.4766)
[====================                    ]: 2951 (Loss: 0.4167)
[====================                    ]: 2952 (Loss: 0.4042)
[=====================                   ]: 2953 (Loss: 0.4035)
[=====================                   ]: 2954 (Loss: 0.4464)
[======================                  ]: 2955 (Loss: 0.4379)
[======================                  ]: 2956 (Loss: 0.4754)
[======================                  ]: 2957 (Loss: 0.4136)
[=======================                 ]: 2958 (Loss: 0.5406)
[=======================                 ]: 2959 (Loss: 0.3971)
[========================                ]: 2960 (Loss: 0.4017)
[========================                ]: 2961 (Loss: 0.4079)
[========================                ]: 2962 (Loss: 0.4316)
[=========================               ]: 2963 (Loss: 0.4335)
[=========================               ]: 2964 (Loss: 0.4192)
[==========================              ]: 2965 (Loss: 0.5766)
[==========================              ]: 2966 (Loss: 0.4828)
[==========================              ]: 2967 (Loss: 0.4430)
[===========================             ]: 2968 (Loss: 0.4328)
[===========================             ]: 2969 (Loss: 0.4485)
[============================            ]: 2970 (Loss: 0.4411)
[============================            ]: 2971 (Loss: 0.4514)
[============================            ]: 2972 (Loss: 0.3266)
[=============================           ]: 2973 (Loss: 0.3775)
[=============================           ]: 2974 (Loss: 0.4496)
[==============================          ]: 2975 (Loss: 0.3493)
[==============================          ]: 2976 (Loss: 0.4164)
[==============================          ]: 2977 (Loss: 0.5533)
[===============================         ]: 2978 (Loss: 0.3880)
[===============================         ]: 2979 (Loss: 0.3082)
[================================        ]: 2980 (Loss: 0.4366)
[================================        ]: 2981 (Loss: 0.5355)
[================================        ]: 2982 (Loss: 0.4610)
[=================================       ]: 2983 (Loss: 0.3591)
[=================================       ]: 2984 (Loss: 0.5419)
[==================================      ]: 2985 (Loss: 0.3026)
[==================================      ]: 2986 (Loss: 0.3917)
[==================================      ]: 2987 (Loss: 0.3475)
[===================================     ]: 2988 (Loss: 0.4000)
[===================================     ]: 2989 (Loss: 0.4572)
[====================================    ]: 2990 (Loss: 0.4376)
[====================================    ]: 2991 (Loss: 0.5489)
[====================================    ]: 2992 (Loss: 0.4916)
[=====================================   ]: 2993 (Loss: 0.4091)
[=====================================   ]: 2994 (Loss: 0.4209)
[======================================  ]: 2995 (Loss: 0.3913)
[======================================  ]: 2996 (Loss: 0.4845)
[======================================  ]: 2997 (Loss: 0.3865)
[======================================= ]: 2998 (Loss: 0.3635)
[======================================= ]: 2999 (Loss: 0.2894)
[========================================]: 3000 (Loss: 0.5277)
                                                                                                    
[2026-07-16 20:52:45,474] [INFO] [__main__] Batch 3000 Loss: 0.431305 Cost: 8.45 Time: 169 ms/sequence

                                                                                                    
[2026-07-16 20:52:45,477] [INFO] [__main__] Saving checkpoint to 'runs\copy_sanity_len5\copy\none\seed_1000\checkpoint-batch-00003000.pt'

[                                        ]: 3001 (Loss: 0.6068)
[                                        ]: 3002 (Loss: 0.4565)
[=                                       ]: 3003 (Loss: 0.4254)
[=                                       ]: 3004 (Loss: 0.4336)
[==                                      ]: 3005 (Loss: 0.4513)
[==                                      ]: 3006 (Loss: 0.5300)
[==                                      ]: 3007 (Loss: 0.4045)
[===                                     ]: 3008 (Loss: 0.4981)
[===                                     ]: 3009 (Loss: 0.4534)
[====                                    ]: 3010 (Loss: 0.4925)
[====                                    ]: 3011 (Loss: 0.3938)
[====                                    ]: 3012 (Loss: 0.3545)
[=====                                   ]: 3013 (Loss: 0.5079)
[=====                                   ]: 3014 (Loss: 0.3684)
[======                                  ]: 3015 (Loss: 0.3641)
[======                                  ]: 3016 (Loss: 0.4470)
[======                                  ]: 3017 (Loss: 0.5245)
[=======                                 ]: 3018 (Loss: 0.5078)
[=======                                 ]: 3019 (Loss: 0.3857)
[========                                ]: 3020 (Loss: 0.4220)
[========                                ]: 3021 (Loss: 0.3511)
[========                                ]: 3022 (Loss: 0.3114)
[=========                               ]: 3023 (Loss: 0.3409)
[=========                               ]: 3024 (Loss: 0.4575)
[==========                              ]: 3025 (Loss: 0.4638)
[==========                              ]: 3026 (Loss: 0.3766)
[==========                              ]: 3027 (Loss: 0.4481)
[===========                             ]: 3028 (Loss: 0.5433)
[===========                             ]: 3029 (Loss: 0.4353)
[============                            ]: 3030 (Loss: 0.3001)
[============                            ]: 3031 (Loss: 0.4662)
[============                            ]: 3032 (Loss: 0.3949)
[=============                           ]: 3033 (Loss: 0.3981)
[=============                           ]: 3034 (Loss: 0.3593)
[==============                          ]: 3035 (Loss: 0.4468)
[==============                          ]: 3036 (Loss: 0.4497)
[==============                          ]: 3037 (Loss: 0.4425)
[===============                         ]: 3038 (Loss: 0.3067)
[===============                         ]: 3039 (Loss: 0.3962)
[================                        ]: 3040 (Loss: 0.4533)
[================                        ]: 3041 (Loss: 0.4563)
[================                        ]: 3042 (Loss: 0.3682)
[=================                       ]: 3043 (Loss: 0.4213)
[=================                       ]: 3044 (Loss: 0.4272)
[==================                      ]: 3045 (Loss: 0.3057)
[==================                      ]: 3046 (Loss: 0.4533)
[==================                      ]: 3047 (Loss: 0.4693)
[===================                     ]: 3048 (Loss: 0.3899)
[===================                     ]: 3049 (Loss: 0.3920)
[====================                    ]: 3050 (Loss: 0.4807)
[====================                    ]: 3051 (Loss: 0.4145)
[====================                    ]: 3052 (Loss: 0.5306)
[=====================                   ]: 3053 (Loss: 0.4409)
[=====================                   ]: 3054 (Loss: 0.3648)
[======================                  ]: 3055 (Loss: 0.3240)
[======================                  ]: 3056 (Loss: 0.3579)
[======================                  ]: 3057 (Loss: 0.5590)
[=======================                 ]: 3058 (Loss: 0.3315)
[=======================                 ]: 3059 (Loss: 0.3568)
[========================                ]: 3060 (Loss: 0.5175)
[========================                ]: 3061 (Loss: 0.4010)
[========================                ]: 3062 (Loss: 0.4970)
[=========================               ]: 3063 (Loss: 0.3788)
[=========================               ]: 3064 (Loss: 0.4306)
[==========================              ]: 3065 (Loss: 0.4037)
[==========================              ]: 3066 (Loss: 0.3508)
[==========================              ]: 3067 (Loss: 0.4226)
[===========================             ]: 3068 (Loss: 0.4350)
[===========================             ]: 3069 (Loss: 0.4285)
[============================            ]: 3070 (Loss: 0.4781)
[============================            ]: 3071 (Loss: 0.3810)
[============================            ]: 3072 (Loss: 0.4158)
[=============================           ]: 3073 (Loss: 0.5115)
[=============================           ]: 3074 (Loss: 0.4220)
[==============================          ]: 3075 (Loss: 0.5420)
[==============================          ]: 3076 (Loss: 0.3617)
[==============================          ]: 3077 (Loss: 0.4627)
[===============================         ]: 3078 (Loss: 0.3645)
[===============================         ]: 3079 (Loss: 0.3964)
[================================        ]: 3080 (Loss: 0.3667)
[================================        ]: 3081 (Loss: 0.4979)
[================================        ]: 3082 (Loss: 0.5256)
[=================================       ]: 3083 (Loss: 0.3050)
[=================================       ]: 3084 (Loss: 0.4488)
[==================================      ]: 3085 (Loss: 0.5279)
[==================================      ]: 3086 (Loss: 0.3117)
[==================================      ]: 3087 (Loss: 0.3682)
[===================================     ]: 3088 (Loss: 0.4767)
[===================================     ]: 3089 (Loss: 0.4592)
[====================================    ]: 3090 (Loss: 0.4288)
[====================================    ]: 3091 (Loss: 0.4052)
[====================================    ]: 3092 (Loss: 0.4006)
[=====================================   ]: 3093 (Loss: 0.3064)
[=====================================   ]: 3094 (Loss: 0.3057)
[======================================  ]: 3095 (Loss: 0.4445)
[======================================  ]: 3096 (Loss: 0.4828)
[======================================  ]: 3097 (Loss: 0.4582)
[======================================= ]: 3098 (Loss: 0.3850)
[======================================= ]: 3099 (Loss: 0.4130)
[========================================]: 3100 (Loss: 0.4476)
                                                                                                    
[2026-07-16 20:53:02,798] [INFO] [__main__] Batch 3100 Loss: 0.423797 Cost: 8.10 Time: 173 ms/sequence

[                                        ]: 3101 (Loss: 0.4382)
[                                        ]: 3102 (Loss: 0.4697)
[=                                       ]: 3103 (Loss: 0.4662)
[=                                       ]: 3104 (Loss: 0.4712)
[==                                      ]: 3105 (Loss: 0.3967)
[==                                      ]: 3106 (Loss: 0.4657)
[==                                      ]: 3107 (Loss: 0.4249)
[===                                     ]: 3108 (Loss: 0.5061)
[===                                     ]: 3109 (Loss: 0.4251)
[====                                    ]: 3110 (Loss: 0.4666)
[====                                    ]: 3111 (Loss: 0.4148)
[====                                    ]: 3112 (Loss: 0.5511)
[=====                                   ]: 3113 (Loss: 0.4338)
[=====                                   ]: 3114 (Loss: 0.4688)
[======                                  ]: 3115 (Loss: 0.3346)
[======                                  ]: 3116 (Loss: 0.4198)
[======                                  ]: 3117 (Loss: 0.3997)
[=======                                 ]: 3118 (Loss: 0.4479)
[=======                                 ]: 3119 (Loss: 0.3033)
[========                                ]: 3120 (Loss: 0.5001)
[========                                ]: 3121 (Loss: 0.3350)
[========                                ]: 3122 (Loss: 0.3829)
[=========                               ]: 3123 (Loss: 0.4495)
[=========                               ]: 3124 (Loss: 0.4038)
[==========                              ]: 3125 (Loss: 0.4894)
[==========                              ]: 3126 (Loss: 0.3990)
[==========                              ]: 3127 (Loss: 0.3877)
[===========                             ]: 3128 (Loss: 0.4871)
[===========                             ]: 3129 (Loss: 0.4788)
[============                            ]: 3130 (Loss: 0.4236)
[============                            ]: 3131 (Loss: 0.4239)
[============                            ]: 3132 (Loss: 0.3564)
[=============                           ]: 3133 (Loss: 0.4698)
[=============                           ]: 3134 (Loss: 0.3437)
[==============                          ]: 3135 (Loss: 0.4279)
[==============                          ]: 3136 (Loss: 0.4932)
[==============                          ]: 3137 (Loss: 0.3537)
[===============                         ]: 3138 (Loss: 0.3504)
[===============                         ]: 3139 (Loss: 0.4495)
[================                        ]: 3140 (Loss: 0.3856)
[================                        ]: 3141 (Loss: 0.3415)
[================                        ]: 3142 (Loss: 0.3590)
[=================                       ]: 3143 (Loss: 0.3943)
[=================                       ]: 3144 (Loss: 0.4214)
[==================                      ]: 3145 (Loss: 0.4082)
[==================                      ]: 3146 (Loss: 0.4274)
[==================                      ]: 3147 (Loss: 0.4265)
[===================                     ]: 3148 (Loss: 0.4281)
[===================                     ]: 3149 (Loss: 0.3670)
[====================                    ]: 3150 (Loss: 0.3882)
[====================                    ]: 3151 (Loss: 0.3339)
[====================                    ]: 3152 (Loss: 0.3797)
[=====================                   ]: 3153 (Loss: 0.4818)
[=====================                   ]: 3154 (Loss: 0.4148)
[======================                  ]: 3155 (Loss: 0.4583)
[======================                  ]: 3156 (Loss: 0.4899)
[======================                  ]: 3157 (Loss: 0.4400)
[=======================                 ]: 3158 (Loss: 0.5054)
[=======================                 ]: 3159 (Loss: 0.4129)
[========================                ]: 3160 (Loss: 0.4569)
[========================                ]: 3161 (Loss: 0.4877)
[========================                ]: 3162 (Loss: 0.6006)
[=========================               ]: 3163 (Loss: 0.5116)
[=========================               ]: 3164 (Loss: 0.5010)
[==========================              ]: 3165 (Loss: 0.4387)
[==========================              ]: 3166 (Loss: 0.4999)
[==========================              ]: 3167 (Loss: 0.4882)
[===========================             ]: 3168 (Loss: 0.3472)
[===========================             ]: 3169 (Loss: 0.3628)
[============================            ]: 3170 (Loss: 0.4087)
[============================            ]: 3171 (Loss: 0.4382)
[============================            ]: 3172 (Loss: 0.3950)
[=============================           ]: 3173 (Loss: 0.4085)
[=============================           ]: 3174 (Loss: 0.5211)
[==============================          ]: 3175 (Loss: 0.5708)
[==============================          ]: 3176 (Loss: 0.3803)
[==============================          ]: 3177 (Loss: 0.4304)
[===============================         ]: 3178 (Loss: 0.4030)
[===============================         ]: 3179 (Loss: 0.4012)
[================================        ]: 3180 (Loss: 0.3040)
[================================        ]: 3181 (Loss: 0.4557)
[================================        ]: 3182 (Loss: 0.5096)
[=================================       ]: 3183 (Loss: 0.3604)
[=================================       ]: 3184 (Loss: 0.4737)
[==================================      ]: 3185 (Loss: 0.4756)
[==================================      ]: 3186 (Loss: 0.3377)
[==================================      ]: 3187 (Loss: 0.3475)
[===================================     ]: 3188 (Loss: 0.3734)
[===================================     ]: 3189 (Loss: 0.5122)
[====================================    ]: 3190 (Loss: 0.4580)
[====================================    ]: 3191 (Loss: 0.6024)
[====================================    ]: 3192 (Loss: 0.5354)
[=====================================   ]: 3193 (Loss: 0.4794)
[=====================================   ]: 3194 (Loss: 0.4561)
[======================================  ]: 3195 (Loss: 0.5061)
[======================================  ]: 3196 (Loss: 0.4563)
[======================================  ]: 3197 (Loss: 0.4780)
[======================================= ]: 3198 (Loss: 0.4909)
[======================================= ]: 3199 (Loss: 0.3961)
[========================================]: 3200 (Loss: 0.3594)
                                                                                                    
[2026-07-16 20:53:19,732] [INFO] [__main__] Batch 3200 Loss: 0.433933 Cost: 8.54 Time: 169 ms/sequence

[                                        ]: 3201 (Loss: 0.3594)
[                                        ]: 3202 (Loss: 0.4873)
[=                                       ]: 3203 (Loss: 0.4443)
[=                                       ]: 3204 (Loss: 0.5247)
[==                                      ]: 3205 (Loss: 0.4894)
[==                                      ]: 3206 (Loss: 0.5056)
[==                                      ]: 3207 (Loss: 0.4500)
[===                                     ]: 3208 (Loss: 0.4079)
[===                                     ]: 3209 (Loss: 0.4702)
[====                                    ]: 3210 (Loss: 0.5180)
[====                                    ]: 3211 (Loss: 0.3856)
[====                                    ]: 3212 (Loss: 0.3118)
[=====                                   ]: 3213 (Loss: 0.5357)
[=====                                   ]: 3214 (Loss: 0.4508)
[======                                  ]: 3215 (Loss: 0.4312)
[======                                  ]: 3216 (Loss: 0.4118)
[======                                  ]: 3217 (Loss: 0.4239)
[=======                                 ]: 3218 (Loss: 0.3464)
[=======                                 ]: 3219 (Loss: 0.4876)
[========                                ]: 3220 (Loss: 0.4372)
[========                                ]: 3221 (Loss: 0.3895)
[========                                ]: 3222 (Loss: 0.5181)
[=========                               ]: 3223 (Loss: 0.5498)
[=========                               ]: 3224 (Loss: 0.6059)
[==========                              ]: 3225 (Loss: 0.3970)
[==========                              ]: 3226 (Loss: 0.4830)
[==========                              ]: 3227 (Loss: 0.4500)
[===========                             ]: 3228 (Loss: 0.3576)
[===========                             ]: 3229 (Loss: 0.4338)
[============                            ]: 3230 (Loss: 0.4503)
[============                            ]: 3231 (Loss: 0.3877)
[============                            ]: 3232 (Loss: 0.4138)
[=============                           ]: 3233 (Loss: 0.3730)
[=============                           ]: 3234 (Loss: 0.5015)
[==============                          ]: 3235 (Loss: 0.5362)
[==============                          ]: 3236 (Loss: 0.4263)
[==============                          ]: 3237 (Loss: 0.4496)
[===============                         ]: 3238 (Loss: 0.3429)
[===============                         ]: 3239 (Loss: 0.4429)
[================                        ]: 3240 (Loss: 0.3557)
[================                        ]: 3241 (Loss: 0.4740)
[================                        ]: 3242 (Loss: 0.4088)
[=================                       ]: 3243 (Loss: 0.3925)
[=================                       ]: 3244 (Loss: 0.4144)
[==================                      ]: 3245 (Loss: 0.4255)
[==================                      ]: 3246 (Loss: 0.3900)
[==================                      ]: 3247 (Loss: 0.3572)
[===================                     ]: 3248 (Loss: 0.4624)
[===================                     ]: 3249 (Loss: 0.4472)
[====================                    ]: 3250 (Loss: 0.4592)
[====================                    ]: 3251 (Loss: 0.4427)
[====================                    ]: 3252 (Loss: 0.3302)
[=====================                   ]: 3253 (Loss: 0.3814)
[=====================                   ]: 3254 (Loss: 0.5278)
[======================                  ]: 3255 (Loss: 0.4065)
[======================                  ]: 3256 (Loss: 0.5278)
[======================                  ]: 3257 (Loss: 0.4838)
[=======================                 ]: 3258 (Loss: 0.4061)
[=======================                 ]: 3259 (Loss: 0.3744)
[========================                ]: 3260 (Loss: 0.4294)
[========================                ]: 3261 (Loss: 0.5776)
[========================                ]: 3262 (Loss: 0.3392)
[=========================               ]: 3263 (Loss: 0.3634)
[=========================               ]: 3264 (Loss: 0.4276)
[==========================              ]: 3265 (Loss: 0.5879)
[==========================              ]: 3266 (Loss: 0.4819)
[==========================              ]: 3267 (Loss: 0.5195)
[===========================             ]: 3268 (Loss: 0.3994)
[===========================             ]: 3269 (Loss: 0.4368)
[============================            ]: 3270 (Loss: 0.3614)
[============================            ]: 3271 (Loss: 0.4867)
[============================            ]: 3272 (Loss: 0.4746)
[=============================           ]: 3273 (Loss: 0.4653)
[=============================           ]: 3274 (Loss: 0.4447)
[==============================          ]: 3275 (Loss: 0.5175)
[==============================          ]: 3276 (Loss: 0.2900)
[==============================          ]: 3277 (Loss: 0.3244)
[===============================         ]: 3278 (Loss: 0.4734)
[===============================         ]: 3279 (Loss: 0.4628)
[================================        ]: 3280 (Loss: 0.4210)
[================================        ]: 3281 (Loss: 0.3729)
[================================        ]: 3282 (Loss: 0.4322)
[=================================       ]: 3283 (Loss: 0.3498)
[=================================       ]: 3284 (Loss: 0.3410)
[==================================      ]: 3285 (Loss: 0.3806)
[==================================      ]: 3286 (Loss: 0.4157)
[==================================      ]: 3287 (Loss: 0.4348)
[===================================     ]: 3288 (Loss: 0.3552)
[===================================     ]: 3289 (Loss: 0.4597)
[====================================    ]: 3290 (Loss: 0.4922)
[====================================    ]: 3291 (Loss: 0.3100)
[====================================    ]: 3292 (Loss: 0.3823)
[=====================================   ]: 3293 (Loss: 0.5268)
[=====================================   ]: 3294 (Loss: 0.4185)
[======================================  ]: 3295 (Loss: 0.4903)
[======================================  ]: 3296 (Loss: 0.4512)
[======================================  ]: 3297 (Loss: 0.5528)
[======================================= ]: 3298 (Loss: 0.4963)
[======================================= ]: 3299 (Loss: 0.4736)
[========================================]: 3300 (Loss: 0.5385)
                                                                                                    
[2026-07-16 20:53:36,896] [INFO] [__main__] Batch 3300 Loss: 0.438143 Cost: 8.28 Time: 171 ms/sequence

[                                        ]: 3301 (Loss: 0.4321)
[                                        ]: 3302 (Loss: 0.2937)
[=                                       ]: 3303 (Loss: 0.3340)
[=                                       ]: 3304 (Loss: 0.4205)
[==                                      ]: 3305 (Loss: 0.3882)
[==                                      ]: 3306 (Loss: 0.3852)
[==                                      ]: 3307 (Loss: 0.4085)
[===                                     ]: 3308 (Loss: 0.5467)
[===                                     ]: 3309 (Loss: 0.3827)
[====                                    ]: 3310 (Loss: 0.3883)
[====                                    ]: 3311 (Loss: 0.4457)
[====                                    ]: 3312 (Loss: 0.3079)
[=====                                   ]: 3313 (Loss: 0.4202)
[=====                                   ]: 3314 (Loss: 0.3838)
[======                                  ]: 3315 (Loss: 0.3470)
[======                                  ]: 3316 (Loss: 0.4232)
[======                                  ]: 3317 (Loss: 0.3640)
[=======                                 ]: 3318 (Loss: 0.3456)
[=======                                 ]: 3319 (Loss: 0.3853)
[========                                ]: 3320 (Loss: 0.4249)
[========                                ]: 3321 (Loss: 0.4296)
[========                                ]: 3322 (Loss: 0.3406)
[=========                               ]: 3323 (Loss: 0.3940)
[=========                               ]: 3324 (Loss: 0.4071)
[==========                              ]: 3325 (Loss: 0.4066)
[==========                              ]: 3326 (Loss: 0.3819)
[==========                              ]: 3327 (Loss: 0.3611)
[===========                             ]: 3328 (Loss: 0.2946)
[===========                             ]: 3329 (Loss: 0.4715)
[============                            ]: 3330 (Loss: 0.4982)
[============                            ]: 3331 (Loss: 0.3886)
[============                            ]: 3332 (Loss: 0.4805)
[=============                           ]: 3333 (Loss: 0.3473)
[=============                           ]: 3334 (Loss: 0.4088)
[==============                          ]: 3335 (Loss: 0.4107)
[==============                          ]: 3336 (Loss: 0.4924)
[==============                          ]: 3337 (Loss: 0.4670)
[===============                         ]: 3338 (Loss: 0.4050)
[===============                         ]: 3339 (Loss: 0.5228)
[================                        ]: 3340 (Loss: 0.5558)
[================                        ]: 3341 (Loss: 0.4535)
[================                        ]: 3342 (Loss: 0.5329)
[=================                       ]: 3343 (Loss: 0.3846)
[=================                       ]: 3344 (Loss: 0.4140)
[==================                      ]: 3345 (Loss: 0.2647)
[==================                      ]: 3346 (Loss: 0.5061)
[==================                      ]: 3347 (Loss: 0.3988)
[===================                     ]: 3348 (Loss: 0.5003)
[===================                     ]: 3349 (Loss: 0.3926)
[====================                    ]: 3350 (Loss: 0.3779)
[====================                    ]: 3351 (Loss: 0.3614)
[====================                    ]: 3352 (Loss: 0.2948)
[=====================                   ]: 3353 (Loss: 0.4401)
[=====================                   ]: 3354 (Loss: 0.2915)
[======================                  ]: 3355 (Loss: 0.5521)
[======================                  ]: 3356 (Loss: 0.5062)
[======================                  ]: 3357 (Loss: 0.5750)
[=======================                 ]: 3358 (Loss: 0.5286)
[=======================                 ]: 3359 (Loss: 0.6495)
[========================                ]: 3360 (Loss: 0.4473)
[========================                ]: 3361 (Loss: 0.3960)
[========================                ]: 3362 (Loss: 0.4616)
[=========================               ]: 3363 (Loss: 0.4095)
[=========================               ]: 3364 (Loss: 0.2547)
[==========================              ]: 3365 (Loss: 0.3634)
[==========================              ]: 3366 (Loss: 0.4538)
[==========================              ]: 3367 (Loss: 0.4000)
[===========================             ]: 3368 (Loss: 0.4706)
[===========================             ]: 3369 (Loss: 0.3619)
[============================            ]: 3370 (Loss: 0.4896)
[============================            ]: 3371 (Loss: 0.3669)
[============================            ]: 3372 (Loss: 0.4936)
[=============================           ]: 3373 (Loss: 0.4152)
[=============================           ]: 3374 (Loss: 0.5237)
[==============================          ]: 3375 (Loss: 0.4332)
[==============================          ]: 3376 (Loss: 0.4106)
[==============================          ]: 3377 (Loss: 0.4693)
[===============================         ]: 3378 (Loss: 0.4205)
[===============================         ]: 3379 (Loss: 0.5265)
[================================        ]: 3380 (Loss: 0.4248)
[================================        ]: 3381 (Loss: 0.4413)
[================================        ]: 3382 (Loss: 0.4992)
[=================================       ]: 3383 (Loss: 0.3185)
[=================================       ]: 3384 (Loss: 0.5053)
[==================================      ]: 3385 (Loss: 0.5285)
[==================================      ]: 3386 (Loss: 0.2966)
[==================================      ]: 3387 (Loss: 0.3884)
[===================================     ]: 3388 (Loss: 0.4703)
[===================================     ]: 3389 (Loss: 0.3209)
[====================================    ]: 3390 (Loss: 0.3464)
[====================================    ]: 3391 (Loss: 0.3859)
[====================================    ]: 3392 (Loss: 0.4049)
[=====================================   ]: 3393 (Loss: 0.3848)
[=====================================   ]: 3394 (Loss: 0.4577)
[======================================  ]: 3395 (Loss: 0.3119)
[======================================  ]: 3396 (Loss: 0.3629)
[======================================  ]: 3397 (Loss: 0.4383)
[======================================= ]: 3398 (Loss: 0.4298)
[======================================= ]: 3399 (Loss: 0.3839)
[========================================]: 3400 (Loss: 0.4007)
                                                                                                    
[2026-07-16 20:53:54,017] [INFO] [__main__] Batch 3400 Loss: 0.417851 Cost: 8.08 Time: 171 ms/sequence

[                                        ]: 3401 (Loss: 0.5172)
[                                        ]: 3402 (Loss: 0.3119)
[=                                       ]: 3403 (Loss: 0.3332)
[=                                       ]: 3404 (Loss: 0.4402)
[==                                      ]: 3405 (Loss: 0.4455)
[==                                      ]: 3406 (Loss: 0.5423)
[==                                      ]: 3407 (Loss: 0.4392)
[===                                     ]: 3408 (Loss: 0.4006)
[===                                     ]: 3409 (Loss: 0.4563)
[====                                    ]: 3410 (Loss: 0.4840)
[====                                    ]: 3411 (Loss: 0.3412)
[====                                    ]: 3412 (Loss: 0.5573)
[=====                                   ]: 3413 (Loss: 0.4034)
[=====                                   ]: 3414 (Loss: 0.4683)
[======                                  ]: 3415 (Loss: 0.4308)
[======                                  ]: 3416 (Loss: 0.5407)
[======                                  ]: 3417 (Loss: 0.3418)
[=======                                 ]: 3418 (Loss: 0.5196)
[=======                                 ]: 3419 (Loss: 0.4076)
[========                                ]: 3420 (Loss: 0.4122)
[========                                ]: 3421 (Loss: 0.3290)
[========                                ]: 3422 (Loss: 0.4053)
[=========                               ]: 3423 (Loss: 0.3895)
[=========                               ]: 3424 (Loss: 0.4316)
[==========                              ]: 3425 (Loss: 0.6014)
[==========                              ]: 3426 (Loss: 0.4418)
[==========                              ]: 3427 (Loss: 0.5716)
[===========                             ]: 3428 (Loss: 0.3666)
[===========                             ]: 3429 (Loss: 0.4425)
[============                            ]: 3430 (Loss: 0.3502)
[============                            ]: 3431 (Loss: 0.3646)
[============                            ]: 3432 (Loss: 0.4012)
[=============                           ]: 3433 (Loss: 0.3900)
[=============                           ]: 3434 (Loss: 0.4841)
[==============                          ]: 3435 (Loss: 0.3181)
[==============                          ]: 3436 (Loss: 0.5461)
[==============                          ]: 3437 (Loss: 0.4629)
[===============                         ]: 3438 (Loss: 0.4342)
[===============                         ]: 3439 (Loss: 0.3916)
[================                        ]: 3440 (Loss: 0.4841)
[================                        ]: 3441 (Loss: 0.4333)
[================                        ]: 3442 (Loss: 0.3479)
[=================                       ]: 3443 (Loss: 0.4171)
[=================                       ]: 3444 (Loss: 0.5380)
[==================                      ]: 3445 (Loss: 0.3364)
[==================                      ]: 3446 (Loss: 0.3523)
[==================                      ]: 3447 (Loss: 0.3966)
[===================                     ]: 3448 (Loss: 0.4277)
[===================                     ]: 3449 (Loss: 0.4399)
[====================                    ]: 3450 (Loss: 0.4897)
[====================                    ]: 3451 (Loss: 0.6134)
[====================                    ]: 3452 (Loss: 0.3471)
[=====================                   ]: 3453 (Loss: 0.4458)
[=====================                   ]: 3454 (Loss: 0.3470)
[======================                  ]: 3455 (Loss: 0.4135)
[======================                  ]: 3456 (Loss: 0.3791)
[======================                  ]: 3457 (Loss: 0.3911)
[=======================                 ]: 3458 (Loss: 0.5532)
[=======================                 ]: 3459 (Loss: 0.4874)
[========================                ]: 3460 (Loss: 0.4339)
[========================                ]: 3461 (Loss: 0.4275)
[========================                ]: 3462 (Loss: 0.5189)
[=========================               ]: 3463 (Loss: 0.3536)
[=========================               ]: 3464 (Loss: 0.3313)
[==========================              ]: 3465 (Loss: 0.3861)
[==========================              ]: 3466 (Loss: 0.3888)
[==========================              ]: 3467 (Loss: 0.4428)
[===========================             ]: 3468 (Loss: 0.4225)
[===========================             ]: 3469 (Loss: 0.4130)
[============================            ]: 3470 (Loss: 0.4254)
[============================            ]: 3471 (Loss: 0.4957)
[============================            ]: 3472 (Loss: 0.4158)
[=============================           ]: 3473 (Loss: 0.3924)
[=============================           ]: 3474 (Loss: 0.4189)
[==============================          ]: 3475 (Loss: 0.3953)
[==============================          ]: 3476 (Loss: 0.6052)
[==============================          ]: 3477 (Loss: 0.5582)
[===============================         ]: 3478 (Loss: 0.3575)
[===============================         ]: 3479 (Loss: 0.4430)
[================================        ]: 3480 (Loss: 0.3603)
[================================        ]: 3481 (Loss: 0.4326)
[================================        ]: 3482 (Loss: 0.4690)
[=================================       ]: 3483 (Loss: 0.5277)
[=================================       ]: 3484 (Loss: 0.4236)
[==================================      ]: 3485 (Loss: 0.3315)
[==================================      ]: 3486 (Loss: 0.4715)
[==================================      ]: 3487 (Loss: 0.4178)
[===================================     ]: 3488 (Loss: 0.4827)
[===================================     ]: 3489 (Loss: 0.4744)
[====================================    ]: 3490 (Loss: 0.2717)
[====================================    ]: 3491 (Loss: 0.4388)
[====================================    ]: 3492 (Loss: 0.4246)
[=====================================   ]: 3493 (Loss: 0.3801)
[=====================================   ]: 3494 (Loss: 0.3794)
[======================================  ]: 3495 (Loss: 0.3930)
[======================================  ]: 3496 (Loss: 0.3518)
[======================================  ]: 3497 (Loss: 0.3499)
[======================================= ]: 3498 (Loss: 0.4886)
[======================================= ]: 3499 (Loss: 0.3691)
[========================================]: 3500 (Loss: 0.3526)
                                                                                                    
[2026-07-16 20:54:11,099] [INFO] [__main__] Batch 3500 Loss: 0.427731 Cost: 8.35 Time: 170 ms/sequence

[                                        ]: 3501 (Loss: 0.3274)
[                                        ]: 3502 (Loss: 0.2929)
[=                                       ]: 3503 (Loss: 0.3503)
[=                                       ]: 3504 (Loss: 0.4034)
[==                                      ]: 3505 (Loss: 0.4952)
[==                                      ]: 3506 (Loss: 0.3461)
[==                                      ]: 3507 (Loss: 0.3126)
[===                                     ]: 3508 (Loss: 0.6112)
[===                                     ]: 3509 (Loss: 0.4715)
[====                                    ]: 3510 (Loss: 0.4398)
[====                                    ]: 3511 (Loss: 0.4973)
[====                                    ]: 3512 (Loss: 0.4152)
[=====                                   ]: 3513 (Loss: 0.3282)
[=====                                   ]: 3514 (Loss: 0.3714)
[======                                  ]: 3515 (Loss: 0.3984)
[======                                  ]: 3516 (Loss: 0.3747)
[======                                  ]: 3517 (Loss: 0.5257)
[=======                                 ]: 3518 (Loss: 0.3257)
[=======                                 ]: 3519 (Loss: 0.3293)
[========                                ]: 3520 (Loss: 0.3098)
[========                                ]: 3521 (Loss: 0.4686)
[========                                ]: 3522 (Loss: 0.4961)
[=========                               ]: 3523 (Loss: 0.3962)
[=========                               ]: 3524 (Loss: 0.5214)
[==========                              ]: 3525 (Loss: 0.3046)
[==========                              ]: 3526 (Loss: 0.4224)
[==========                              ]: 3527 (Loss: 0.3891)
[===========                             ]: 3528 (Loss: 0.5348)
[===========                             ]: 3529 (Loss: 0.3744)
[============                            ]: 3530 (Loss: 0.4468)
[============                            ]: 3531 (Loss: 0.4900)
[============                            ]: 3532 (Loss: 0.3690)
[=============                           ]: 3533 (Loss: 0.4053)
[=============                           ]: 3534 (Loss: 0.3267)
[==============                          ]: 3535 (Loss: 0.3902)
[==============                          ]: 3536 (Loss: 0.4250)
[==============                          ]: 3537 (Loss: 0.3880)
[===============                         ]: 3538 (Loss: 0.4107)
[===============                         ]: 3539 (Loss: 0.4131)
[================                        ]: 3540 (Loss: 0.4277)
[================                        ]: 3541 (Loss: 0.3673)
[================                        ]: 3542 (Loss: 0.3485)
[=================                       ]: 3543 (Loss: 0.4661)
[=================                       ]: 3544 (Loss: 0.4461)
[==================                      ]: 3545 (Loss: 0.3598)
[==================                      ]: 3546 (Loss: 0.3709)
[==================                      ]: 3547 (Loss: 0.5255)
[===================                     ]: 3548 (Loss: 0.4095)
[===================                     ]: 3549 (Loss: 0.5606)
[====================                    ]: 3550 (Loss: 0.4848)
[====================                    ]: 3551 (Loss: 0.4023)
[====================                    ]: 3552 (Loss: 0.4161)
[=====================                   ]: 3553 (Loss: 0.5327)
[=====================                   ]: 3554 (Loss: 0.4091)
[======================                  ]: 3555 (Loss: 0.3286)
[======================                  ]: 3556 (Loss: 0.3362)
[======================                  ]: 3557 (Loss: 0.3573)
[=======================                 ]: 3558 (Loss: 0.4628)
[=======================                 ]: 3559 (Loss: 0.3576)
[========================                ]: 3560 (Loss: 0.3775)
[========================                ]: 3561 (Loss: 0.3968)
[========================                ]: 3562 (Loss: 0.3361)
[=========================               ]: 3563 (Loss: 0.4451)
[=========================               ]: 3564 (Loss: 0.4284)
[==========================              ]: 3565 (Loss: 0.4037)
[==========================              ]: 3566 (Loss: 0.4067)
[==========================              ]: 3567 (Loss: 0.4367)
[===========================             ]: 3568 (Loss: 0.4306)
[===========================             ]: 3569 (Loss: 0.4140)
[============================            ]: 3570 (Loss: 0.3935)
[============================            ]: 3571 (Loss: 0.4307)
[============================            ]: 3572 (Loss: 0.4451)
[=============================           ]: 3573 (Loss: 0.5225)
[=============================           ]: 3574 (Loss: 0.3712)
[==============================          ]: 3575 (Loss: 0.3597)
[==============================          ]: 3576 (Loss: 0.4244)
[==============================          ]: 3577 (Loss: 0.2608)
[===============================         ]: 3578 (Loss: 0.4042)
[===============================         ]: 3579 (Loss: 0.4332)
[================================        ]: 3580 (Loss: 0.4153)
[================================        ]: 3581 (Loss: 0.5427)
[================================        ]: 3582 (Loss: 0.3946)
[=================================       ]: 3583 (Loss: 0.3715)
[=================================       ]: 3584 (Loss: 0.3479)
[==================================      ]: 3585 (Loss: 0.3825)
[==================================      ]: 3586 (Loss: 0.4780)
[==================================      ]: 3587 (Loss: 0.3958)
[===================================     ]: 3588 (Loss: 0.5302)
[===================================     ]: 3589 (Loss: 0.4400)
[====================================    ]: 3590 (Loss: 0.5025)
[====================================    ]: 3591 (Loss: 0.4239)
[====================================    ]: 3592 (Loss: 0.3983)
[=====================================   ]: 3593 (Loss: 0.4464)
[=====================================   ]: 3594 (Loss: 0.3869)
[======================================  ]: 3595 (Loss: 0.4431)
[======================================  ]: 3596 (Loss: 0.3849)
[======================================  ]: 3597 (Loss: 0.4035)
[======================================= ]: 3598 (Loss: 0.4953)
[======================================= ]: 3599 (Loss: 0.4469)
[========================================]: 3600 (Loss: 0.4555)
                                                                                                    
[2026-07-16 20:54:28,315] [INFO] [__main__] Batch 3600 Loss: 0.414746 Cost: 7.81 Time: 172 ms/sequence

[                                        ]: 3601 (Loss: 0.3283)
[                                        ]: 3602 (Loss: 0.4390)
[=                                       ]: 3603 (Loss: 0.3214)
[=                                       ]: 3604 (Loss: 0.3383)
[==                                      ]: 3605 (Loss: 0.3656)
[==                                      ]: 3606 (Loss: 0.4451)
[==                                      ]: 3607 (Loss: 0.2906)
[===                                     ]: 3608 (Loss: 0.3746)
[===                                     ]: 3609 (Loss: 0.4141)
[====                                    ]: 3610 (Loss: 0.3256)
[====                                    ]: 3611 (Loss: 0.3447)
[====                                    ]: 3612 (Loss: 0.4163)
[=====                                   ]: 3613 (Loss: 0.3860)
[=====                                   ]: 3614 (Loss: 0.3503)
[======                                  ]: 3615 (Loss: 0.4334)
[======                                  ]: 3616 (Loss: 0.4610)
[======                                  ]: 3617 (Loss: 0.3734)
[=======                                 ]: 3618 (Loss: 0.3588)
[=======                                 ]: 3619 (Loss: 0.3724)
[========                                ]: 3620 (Loss: 0.4218)
[========                                ]: 3621 (Loss: 0.3899)
[========                                ]: 3622 (Loss: 0.5016)
[=========                               ]: 3623 (Loss: 0.4280)
[=========                               ]: 3624 (Loss: 0.5212)
[==========                              ]: 3625 (Loss: 0.3432)
[==========                              ]: 3626 (Loss: 0.4537)
[==========                              ]: 3627 (Loss: 0.4932)
[===========                             ]: 3628 (Loss: 0.4075)
[===========                             ]: 3629 (Loss: 0.5044)
[============                            ]: 3630 (Loss: 0.3346)
[============                            ]: 3631 (Loss: 0.3895)
[============                            ]: 3632 (Loss: 0.5005)
[=============                           ]: 3633 (Loss: 0.4204)
[=============                           ]: 3634 (Loss: 0.3978)
[==============                          ]: 3635 (Loss: 0.3969)
[==============                          ]: 3636 (Loss: 0.3632)
[==============                          ]: 3637 (Loss: 0.3689)
[===============                         ]: 3638 (Loss: 0.5166)
[===============                         ]: 3639 (Loss: 0.4491)
[================                        ]: 3640 (Loss: 0.3291)
[================                        ]: 3641 (Loss: 0.4211)
[================                        ]: 3642 (Loss: 0.3968)
[=================                       ]: 3643 (Loss: 0.4088)
[=================                       ]: 3644 (Loss: 0.4351)
[==================                      ]: 3645 (Loss: 0.3499)
[==================                      ]: 3646 (Loss: 0.4729)
[==================                      ]: 3647 (Loss: 0.3579)
[===================                     ]: 3648 (Loss: 0.3798)
[===================                     ]: 3649 (Loss: 0.3440)
[====================                    ]: 3650 (Loss: 0.4228)
[====================                    ]: 3651 (Loss: 0.3037)
[====================                    ]: 3652 (Loss: 0.5345)
[=====================                   ]: 3653 (Loss: 0.4076)
[=====================                   ]: 3654 (Loss: 0.5178)
[======================                  ]: 3655 (Loss: 0.4618)
[======================                  ]: 3656 (Loss: 0.4022)
[======================                  ]: 3657 (Loss: 0.4360)
[=======================                 ]: 3658 (Loss: 0.4984)
[=======================                 ]: 3659 (Loss: 0.3431)
[========================                ]: 3660 (Loss: 0.3359)
[========================                ]: 3661 (Loss: 0.5299)
[========================                ]: 3662 (Loss: 0.4269)
[=========================               ]: 3663 (Loss: 0.4049)
[=========================               ]: 3664 (Loss: 0.4491)
[==========================              ]: 3665 (Loss: 0.3601)
[==========================              ]: 3666 (Loss: 0.4441)
[==========================              ]: 3667 (Loss: 0.3496)
[===========================             ]: 3668 (Loss: 0.5719)
[===========================             ]: 3669 (Loss: 0.3181)
[============================            ]: 3670 (Loss: 0.4553)
[============================            ]: 3671 (Loss: 0.3771)
[============================            ]: 3672 (Loss: 0.5382)
[=============================           ]: 3673 (Loss: 0.3905)
[=============================           ]: 3674 (Loss: 0.5482)
[==============================          ]: 3675 (Loss: 0.4829)
[==============================          ]: 3676 (Loss: 0.3532)
[==============================          ]: 3677 (Loss: 0.4423)
[===============================         ]: 3678 (Loss: 0.4735)
[===============================         ]: 3679 (Loss: 0.4381)
[================================        ]: 3680 (Loss: 0.3527)
[================================        ]: 3681 (Loss: 0.3498)
[================================        ]: 3682 (Loss: 0.3814)
[=================================       ]: 3683 (Loss: 0.4305)
[=================================       ]: 3684 (Loss: 0.4409)
[==================================      ]: 3685 (Loss: 0.4129)
[==================================      ]: 3686 (Loss: 0.4661)
[==================================      ]: 3687 (Loss: 0.4923)
[===================================     ]: 3688 (Loss: 0.4379)
[===================================     ]: 3689 (Loss: 0.3938)
[====================================    ]: 3690 (Loss: 0.3814)
[====================================    ]: 3691 (Loss: 0.2861)
[====================================    ]: 3692 (Loss: 0.3700)
[=====================================   ]: 3693 (Loss: 0.4683)
[=====================================   ]: 3694 (Loss: 0.5269)
[======================================  ]: 3695 (Loss: 0.4825)
[======================================  ]: 3696 (Loss: 0.4517)
[======================================  ]: 3697 (Loss: 0.4262)
[======================================= ]: 3698 (Loss: 0.4498)
[======================================= ]: 3699 (Loss: 0.3624)
[========================================]: 3700 (Loss: 0.4332)
                                                                                                    
[2026-07-16 20:54:45,468] [INFO] [__main__] Batch 3700 Loss: 0.414504 Cost: 8.09 Time: 171 ms/sequence

[                                        ]: 3701 (Loss: 0.2989)
[                                        ]: 3702 (Loss: 0.3974)
[=                                       ]: 3703 (Loss: 0.4241)
[=                                       ]: 3704 (Loss: 0.3517)
[==                                      ]: 3705 (Loss: 0.4536)
[==                                      ]: 3706 (Loss: 0.3250)
[==                                      ]: 3707 (Loss: 0.3355)
[===                                     ]: 3708 (Loss: 0.3574)
[===                                     ]: 3709 (Loss: 0.3702)
[====                                    ]: 3710 (Loss: 0.4220)
[====                                    ]: 3711 (Loss: 0.3807)
[====                                    ]: 3712 (Loss: 0.5194)
[=====                                   ]: 3713 (Loss: 0.4549)
[=====                                   ]: 3714 (Loss: 0.4827)
[======                                  ]: 3715 (Loss: 0.4922)
[======                                  ]: 3716 (Loss: 0.3735)
[======                                  ]: 3717 (Loss: 0.3202)
[=======                                 ]: 3718 (Loss: 0.3791)
[=======                                 ]: 3719 (Loss: 0.4286)
[========                                ]: 3720 (Loss: 0.3696)
[========                                ]: 3721 (Loss: 0.4738)
[========                                ]: 3722 (Loss: 0.3694)
[=========                               ]: 3723 (Loss: 0.3643)
[=========                               ]: 3724 (Loss: 0.4320)
[==========                              ]: 3725 (Loss: 0.3618)
[==========                              ]: 3726 (Loss: 0.4270)
[==========                              ]: 3727 (Loss: 0.3718)
[===========                             ]: 3728 (Loss: 0.3197)
[===========                             ]: 3729 (Loss: 0.4258)
[============                            ]: 3730 (Loss: 0.5017)
[============                            ]: 3731 (Loss: 0.4525)
[============                            ]: 3732 (Loss: 0.3932)
[=============                           ]: 3733 (Loss: 0.5459)
[=============                           ]: 3734 (Loss: 0.4354)
[==============                          ]: 3735 (Loss: 0.4444)
[==============                          ]: 3736 (Loss: 0.3579)
[==============                          ]: 3737 (Loss: 0.4202)
[===============                         ]: 3738 (Loss: 0.4016)
[===============                         ]: 3739 (Loss: 0.3379)
[================                        ]: 3740 (Loss: 0.3510)
[================                        ]: 3741 (Loss: 0.4654)
[================                        ]: 3742 (Loss: 0.3684)
[=================                       ]: 3743 (Loss: 0.3730)
[=================                       ]: 3744 (Loss: 0.5211)
[==================                      ]: 3745 (Loss: 0.3007)
[==================                      ]: 3746 (Loss: 0.3513)
[==================                      ]: 3747 (Loss: 0.5712)
[===================                     ]: 3748 (Loss: 0.3401)
[===================                     ]: 3749 (Loss: 0.4437)
[====================                    ]: 3750 (Loss: 0.3957)
[====================                    ]: 3751 (Loss: 0.3030)
[====================                    ]: 3752 (Loss: 0.4167)
[=====================                   ]: 3753 (Loss: 0.3617)
[=====================                   ]: 3754 (Loss: 0.3537)
[======================                  ]: 3755 (Loss: 0.3458)
[======================                  ]: 3756 (Loss: 0.4272)
[======================                  ]: 3757 (Loss: 0.3796)
[=======================                 ]: 3758 (Loss: 0.4699)
[=======================                 ]: 3759 (Loss: 0.2845)
[========================                ]: 3760 (Loss: 0.4445)
[========================                ]: 3761 (Loss: 0.3738)
[========================                ]: 3762 (Loss: 0.3544)
[=========================               ]: 3763 (Loss: 0.4325)
[=========================               ]: 3764 (Loss: 0.3437)
[==========================              ]: 3765 (Loss: 0.3836)
[==========================              ]: 3766 (Loss: 0.4071)
[==========================              ]: 3767 (Loss: 0.3555)
[===========================             ]: 3768 (Loss: 0.4107)
[===========================             ]: 3769 (Loss: 0.4224)
[============================            ]: 3770 (Loss: 0.4977)
[============================            ]: 3771 (Loss: 0.3991)
[============================            ]: 3772 (Loss: 0.5651)
[=============================           ]: 3773 (Loss: 0.4229)
[=============================           ]: 3774 (Loss: 0.5028)
[==============================          ]: 3775 (Loss: 0.3324)
[==============================          ]: 3776 (Loss: 0.4046)
[==============================          ]: 3777 (Loss: 0.5176)
[===============================         ]: 3778 (Loss: 0.3868)
[===============================         ]: 3779 (Loss: 0.3257)
[================================        ]: 3780 (Loss: 0.3969)
[================================        ]: 3781 (Loss: 0.4433)
[================================        ]: 3782 (Loss: 0.4144)
[=================================       ]: 3783 (Loss: 0.4338)
[=================================       ]: 3784 (Loss: 0.4571)
[==================================      ]: 3785 (Loss: 0.4103)
[==================================      ]: 3786 (Loss: 0.4286)
[==================================      ]: 3787 (Loss: 0.3912)
[===================================     ]: 3788 (Loss: 0.5054)
[===================================     ]: 3789 (Loss: 0.2686)
[====================================    ]: 3790 (Loss: 0.3440)
[====================================    ]: 3791 (Loss: 0.4492)
[====================================    ]: 3792 (Loss: 0.4372)
[=====================================   ]: 3793 (Loss: 0.4558)
[=====================================   ]: 3794 (Loss: 0.4255)
[======================================  ]: 3795 (Loss: 0.2639)
[======================================  ]: 3796 (Loss: 0.4434)
[======================================  ]: 3797 (Loss: 0.4449)
[======================================= ]: 3798 (Loss: 0.2991)
[======================================= ]: 3799 (Loss: 0.4793)
[========================================]: 3800 (Loss: 0.4335)
                                                                                                    
[2026-07-16 20:55:02,638] [INFO] [__main__] Batch 3800 Loss: 0.405052 Cost: 7.82 Time: 171 ms/sequence

[                                        ]: 3801 (Loss: 0.4731)
[                                        ]: 3802 (Loss: 0.3608)
[=                                       ]: 3803 (Loss: 0.4729)
[=                                       ]: 3804 (Loss: 0.3939)
[==                                      ]: 3805 (Loss: 0.3516)
[==                                      ]: 3806 (Loss: 0.3340)
[==                                      ]: 3807 (Loss: 0.4352)
[===                                     ]: 3808 (Loss: 0.4653)
[===                                     ]: 3809 (Loss: 0.3607)
[====                                    ]: 3810 (Loss: 0.2900)
[====                                    ]: 3811 (Loss: 0.3073)
[====                                    ]: 3812 (Loss: 0.3141)
[=====                                   ]: 3813 (Loss: 0.3921)
[=====                                   ]: 3814 (Loss: 0.3798)
[======                                  ]: 3815 (Loss: 0.4572)
[======                                  ]: 3816 (Loss: 0.6171)
[======                                  ]: 3817 (Loss: 0.3563)
[=======                                 ]: 3818 (Loss: 0.3933)
[=======                                 ]: 3819 (Loss: 0.5077)
[========                                ]: 3820 (Loss: 0.4148)
[========                                ]: 3821 (Loss: 0.3695)
[========                                ]: 3822 (Loss: 0.3848)
[=========                               ]: 3823 (Loss: 0.2512)
[=========                               ]: 3824 (Loss: 0.3700)
[==========                              ]: 3825 (Loss: 0.4932)
[==========                              ]: 3826 (Loss: 0.4070)
[==========                              ]: 3827 (Loss: 0.3881)
[===========                             ]: 3828 (Loss: 0.4531)
[===========                             ]: 3829 (Loss: 0.4756)
[============                            ]: 3830 (Loss: 0.3919)
[============                            ]: 3831 (Loss: 0.4136)
[============                            ]: 3832 (Loss: 0.4540)
[=============                           ]: 3833 (Loss: 0.4520)
[=============                           ]: 3834 (Loss: 0.3991)
[==============                          ]: 3835 (Loss: 0.4331)
[==============                          ]: 3836 (Loss: 0.3890)
[==============                          ]: 3837 (Loss: 0.3006)
[===============                         ]: 3838 (Loss: 0.4551)
[===============                         ]: 3839 (Loss: 0.3052)
[================                        ]: 3840 (Loss: 0.3244)
[================                        ]: 3841 (Loss: 0.4987)
[================                        ]: 3842 (Loss: 0.4624)
[=================                       ]: 3843 (Loss: 0.3307)
[=================                       ]: 3844 (Loss: 0.2982)
[==================                      ]: 3845 (Loss: 0.3388)
[==================                      ]: 3846 (Loss: 0.4494)
[==================                      ]: 3847 (Loss: 0.3937)
[===================                     ]: 3848 (Loss: 0.3767)
[===================                     ]: 3849 (Loss: 0.4531)
[====================                    ]: 3850 (Loss: 0.4221)
[====================                    ]: 3851 (Loss: 0.2648)
[====================                    ]: 3852 (Loss: 0.3497)
[=====================                   ]: 3853 (Loss: 0.4434)
[=====================                   ]: 3854 (Loss: 0.6090)
[======================                  ]: 3855 (Loss: 0.3842)
[======================                  ]: 3856 (Loss: 0.4245)
[======================                  ]: 3857 (Loss: 0.5333)
[=======================                 ]: 3858 (Loss: 0.5069)
[=======================                 ]: 3859 (Loss: 0.4744)
[========================                ]: 3860 (Loss: 0.4099)
[========================                ]: 3861 (Loss: 0.3924)
[========================                ]: 3862 (Loss: 0.3951)
[=========================               ]: 3863 (Loss: 0.4226)
[=========================               ]: 3864 (Loss: 0.4399)
[==========================              ]: 3865 (Loss: 0.4737)
[==========================              ]: 3866 (Loss: 0.4976)
[==========================              ]: 3867 (Loss: 0.3350)
[===========================             ]: 3868 (Loss: 0.3584)
[===========================             ]: 3869 (Loss: 0.4529)
[============================            ]: 3870 (Loss: 0.3561)
[============================            ]: 3871 (Loss: 0.4003)
[============================            ]: 3872 (Loss: 0.4005)
[=============================           ]: 3873 (Loss: 0.4150)
[=============================           ]: 3874 (Loss: 0.3297)
[==============================          ]: 3875 (Loss: 0.3756)
[==============================          ]: 3876 (Loss: 0.4783)
[==============================          ]: 3877 (Loss: 0.6082)
[===============================         ]: 3878 (Loss: 0.5206)
[===============================         ]: 3879 (Loss: 0.3742)
[================================        ]: 3880 (Loss: 0.3028)
[================================        ]: 3881 (Loss: 0.3920)
[================================        ]: 3882 (Loss: 0.3299)
[=================================       ]: 3883 (Loss: 0.3479)
[=================================       ]: 3884 (Loss: 0.4042)
[==================================      ]: 3885 (Loss: 0.4847)
[==================================      ]: 3886 (Loss: 0.4956)
[==================================      ]: 3887 (Loss: 0.5021)
[===================================     ]: 3888 (Loss: 0.3462)
[===================================     ]: 3889 (Loss: 0.3889)
[====================================    ]: 3890 (Loss: 0.4585)
[====================================    ]: 3891 (Loss: 0.4141)
[====================================    ]: 3892 (Loss: 0.4727)
[=====================================   ]: 3893 (Loss: 0.3925)
[=====================================   ]: 3894 (Loss: 0.3862)
[======================================  ]: 3895 (Loss: 0.4976)
[======================================  ]: 3896 (Loss: 0.4683)
[======================================  ]: 3897 (Loss: 0.4015)
[======================================= ]: 3898 (Loss: 0.3257)
[======================================= ]: 3899 (Loss: 0.4262)
[========================================]: 3900 (Loss: 0.5267)
                                                                                                    
[2026-07-16 20:55:19,509] [INFO] [__main__] Batch 3900 Loss: 0.412021 Cost: 7.98 Time: 168 ms/sequence

[                                        ]: 3901 (Loss: 0.3979)
[                                        ]: 3902 (Loss: 0.4805)
[=                                       ]: 3903 (Loss: 0.3979)
[=                                       ]: 3904 (Loss: 0.4765)
[==                                      ]: 3905 (Loss: 0.3368)
[==                                      ]: 3906 (Loss: 0.3070)
[==                                      ]: 3907 (Loss: 0.4563)
[===                                     ]: 3908 (Loss: 0.4399)
[===                                     ]: 3909 (Loss: 0.3849)
[====                                    ]: 3910 (Loss: 0.3440)
[====                                    ]: 3911 (Loss: 0.5136)
[====                                    ]: 3912 (Loss: 0.3133)
[=====                                   ]: 3913 (Loss: 0.4557)
[=====                                   ]: 3914 (Loss: 0.4421)
[======                                  ]: 3915 (Loss: 0.3102)
[======                                  ]: 3916 (Loss: 0.4252)
[======                                  ]: 3917 (Loss: 0.3040)
[=======                                 ]: 3918 (Loss: 0.3441)
[=======                                 ]: 3919 (Loss: 0.3809)
[========                                ]: 3920 (Loss: 0.3933)
[========                                ]: 3921 (Loss: 0.4772)
[========                                ]: 3922 (Loss: 0.3370)
[=========                               ]: 3923 (Loss: 0.3463)
[=========                               ]: 3924 (Loss: 0.3888)
[==========                              ]: 3925 (Loss: 0.3619)
[==========                              ]: 3926 (Loss: 0.3105)
[==========                              ]: 3927 (Loss: 0.3556)
[===========                             ]: 3928 (Loss: 0.4080)
[===========                             ]: 3929 (Loss: 0.4752)
[============                            ]: 3930 (Loss: 0.3847)
[============                            ]: 3931 (Loss: 0.4500)
[============                            ]: 3932 (Loss: 0.3468)
[=============                           ]: 3933 (Loss: 0.3582)
[=============                           ]: 3934 (Loss: 0.4567)
[==============                          ]: 3935 (Loss: 0.4192)
[==============                          ]: 3936 (Loss: 0.4657)
[==============                          ]: 3937 (Loss: 0.5258)
[===============                         ]: 3938 (Loss: 0.2569)
[===============                         ]: 3939 (Loss: 0.6032)
[================                        ]: 3940 (Loss: 0.3125)
[================                        ]: 3941 (Loss: 0.5355)
[================                        ]: 3942 (Loss: 0.3015)
[=================                       ]: 3943 (Loss: 0.4110)
[=================                       ]: 3944 (Loss: 0.5271)
[==================                      ]: 3945 (Loss: 0.4070)
[==================                      ]: 3946 (Loss: 0.4452)
[==================                      ]: 3947 (Loss: 0.3530)
[===================                     ]: 3948 (Loss: 0.4664)
[===================                     ]: 3949 (Loss: 0.4291)
[====================                    ]: 3950 (Loss: 0.3783)
[====================                    ]: 3951 (Loss: 0.5001)
[====================                    ]: 3952 (Loss: 0.3271)
[=====================                   ]: 3953 (Loss: 0.3868)
[=====================                   ]: 3954 (Loss: 0.3741)
[======================                  ]: 3955 (Loss: 0.5358)
[======================                  ]: 3956 (Loss: 0.4070)
[======================                  ]: 3957 (Loss: 0.3114)
[=======================                 ]: 3958 (Loss: 0.5787)
[=======================                 ]: 3959 (Loss: 0.3622)
[========================                ]: 3960 (Loss: 0.4649)
[========================                ]: 3961 (Loss: 0.2928)
[========================                ]: 3962 (Loss: 0.3610)
[=========================               ]: 3963 (Loss: 0.4641)
[=========================               ]: 3964 (Loss: 0.3645)
[==========================              ]: 3965 (Loss: 0.3803)
[==========================              ]: 3966 (Loss: 0.5472)
[==========================              ]: 3967 (Loss: 0.4578)
[===========================             ]: 3968 (Loss: 0.2337)
[===========================             ]: 3969 (Loss: 0.4311)
[============================            ]: 3970 (Loss: 0.3802)
[============================            ]: 3971 (Loss: 0.4122)
[============================            ]: 3972 (Loss: 0.5599)
[=============================           ]: 3973 (Loss: 0.3213)
[=============================           ]: 3974 (Loss: 0.4421)
[==============================          ]: 3975 (Loss: 0.4003)
[==============================          ]: 3976 (Loss: 0.2870)
[==============================          ]: 3977 (Loss: 0.3355)
[===============================         ]: 3978 (Loss: 0.3622)
[===============================         ]: 3979 (Loss: 0.3241)
[================================        ]: 3980 (Loss: 0.4266)
[================================        ]: 3981 (Loss: 0.3613)
[================================        ]: 3982 (Loss: 0.3947)
[=================================       ]: 3983 (Loss: 0.4056)
[=================================       ]: 3984 (Loss: 0.3993)
[==================================      ]: 3985 (Loss: 0.6092)
[==================================      ]: 3986 (Loss: 0.3509)
[==================================      ]: 3987 (Loss: 0.5333)
[===================================     ]: 3988 (Loss: 0.3656)
[===================================     ]: 3989 (Loss: 0.5095)
[====================================    ]: 3990 (Loss: 0.3724)
[====================================    ]: 3991 (Loss: 0.3878)
[====================================    ]: 3992 (Loss: 0.4030)
[=====================================   ]: 3993 (Loss: 0.4973)
[=====================================   ]: 3994 (Loss: 0.4297)
[======================================  ]: 3995 (Loss: 0.3515)
[======================================  ]: 3996 (Loss: 0.3277)
[======================================  ]: 3997 (Loss: 0.3717)
[======================================= ]: 3998 (Loss: 0.4436)
[======================================= ]: 3999 (Loss: 0.5325)
[========================================]: 4000 (Loss: 0.4560)
                                                                                                    
[2026-07-16 20:55:36,673] [INFO] [__main__] Batch 4000 Loss: 0.407328 Cost: 7.69 Time: 171 ms/sequence

                                                                                                    
[2026-07-16 20:55:36,676] [INFO] [__main__] Saving checkpoint to 'runs\copy_sanity_len5\copy\none\seed_1000\checkpoint-batch-00004000.pt'

[                                        ]: 4001 (Loss: 0.4450)
[                                        ]: 4002 (Loss: 0.3454)
[=                                       ]: 4003 (Loss: 0.4834)
[=                                       ]: 4004 (Loss: 0.3279)
[==                                      ]: 4005 (Loss: 0.3706)
[==                                      ]: 4006 (Loss: 0.4039)
[==                                      ]: 4007 (Loss: 0.3300)
[===                                     ]: 4008 (Loss: 0.3150)
[===                                     ]: 4009 (Loss: 0.4608)
[====                                    ]: 4010 (Loss: 0.4526)
[====                                    ]: 4011 (Loss: 0.5000)
[====                                    ]: 4012 (Loss: 0.3847)
[=====                                   ]: 4013 (Loss: 0.3393)
[=====                                   ]: 4014 (Loss: 0.4931)
[======                                  ]: 4015 (Loss: 0.4273)
[======                                  ]: 4016 (Loss: 0.4907)
[======                                  ]: 4017 (Loss: 0.3194)
[=======                                 ]: 4018 (Loss: 0.3751)
[=======                                 ]: 4019 (Loss: 0.3713)
[========                                ]: 4020 (Loss: 0.3298)
[========                                ]: 4021 (Loss: 0.4097)
[========                                ]: 4022 (Loss: 0.4177)
[=========                               ]: 4023 (Loss: 0.3193)
[=========                               ]: 4024 (Loss: 0.4342)
[==========                              ]: 4025 (Loss: 0.2644)
[==========                              ]: 4026 (Loss: 0.4478)
[==========                              ]: 4027 (Loss: 0.3671)
[===========                             ]: 4028 (Loss: 0.4108)
[===========                             ]: 4029 (Loss: 0.3648)
[============                            ]: 4030 (Loss: 0.3576)
[============                            ]: 4031 (Loss: 0.3548)
[============                            ]: 4032 (Loss: 0.4193)
[=============                           ]: 4033 (Loss: 0.6191)
[=============                           ]: 4034 (Loss: 0.4598)
[==============                          ]: 4035 (Loss: 0.3974)
[==============                          ]: 4036 (Loss: 0.4969)
[==============                          ]: 4037 (Loss: 0.4993)
[===============                         ]: 4038 (Loss: 0.4764)
[===============                         ]: 4039 (Loss: 0.4873)
[================                        ]: 4040 (Loss: 0.3726)
[================                        ]: 4041 (Loss: 0.4153)
[================                        ]: 4042 (Loss: 0.3753)
[=================                       ]: 4043 (Loss: 0.3352)
[=================                       ]: 4044 (Loss: 0.4672)
[==================                      ]: 4045 (Loss: 0.4593)
[==================                      ]: 4046 (Loss: 0.3910)
[==================                      ]: 4047 (Loss: 0.5166)
[===================                     ]: 4048 (Loss: 0.3507)
[===================                     ]: 4049 (Loss: 0.3543)
[====================                    ]: 4050 (Loss: 0.4026)
[====================                    ]: 4051 (Loss: 0.3843)
[====================                    ]: 4052 (Loss: 0.3366)
[=====================                   ]: 4053 (Loss: 0.3516)
[=====================                   ]: 4054 (Loss: 0.4456)
[======================                  ]: 4055 (Loss: 0.4351)
[======================                  ]: 4056 (Loss: 0.4029)
[======================                  ]: 4057 (Loss: 0.3736)
[=======================                 ]: 4058 (Loss: 0.4261)
[=======================                 ]: 4059 (Loss: 0.4426)
[========================                ]: 4060 (Loss: 0.4460)
[========================                ]: 4061 (Loss: 0.3928)
[========================                ]: 4062 (Loss: 0.4127)
[=========================               ]: 4063 (Loss: 0.3778)
[=========================               ]: 4064 (Loss: 0.3929)
[==========================              ]: 4065 (Loss: 0.5309)
[==========================              ]: 4066 (Loss: 0.5370)
[==========================              ]: 4067 (Loss: 0.4052)
[===========================             ]: 4068 (Loss: 0.3976)
[===========================             ]: 4069 (Loss: 0.2879)
[============================            ]: 4070 (Loss: 0.5732)
[============================            ]: 4071 (Loss: 0.4709)
[============================            ]: 4072 (Loss: 0.5520)
[=============================           ]: 4073 (Loss: 0.3158)
[=============================           ]: 4074 (Loss: 0.4293)
[==============================          ]: 4075 (Loss: 0.4546)
[==============================          ]: 4076 (Loss: 0.3731)
[==============================          ]: 4077 (Loss: 0.5535)
[===============================         ]: 4078 (Loss: 0.4135)
[===============================         ]: 4079 (Loss: 0.4297)
[================================        ]: 4080 (Loss: 0.2931)
[================================        ]: 4081 (Loss: 0.2704)
[================================        ]: 4082 (Loss: 0.3590)
[=================================       ]: 4083 (Loss: 0.5280)
[=================================       ]: 4084 (Loss: 0.4065)
[==================================      ]: 4085 (Loss: 0.4884)
[==================================      ]: 4086 (Loss: 0.3788)
[==================================      ]: 4087 (Loss: 0.4457)
[===================================     ]: 4088 (Loss: 0.4302)
[===================================     ]: 4089 (Loss: 0.3288)
[====================================    ]: 4090 (Loss: 0.4760)
[====================================    ]: 4091 (Loss: 0.2938)
[====================================    ]: 4092 (Loss: 0.4296)
[=====================================   ]: 4093 (Loss: 0.3000)
[=====================================   ]: 4094 (Loss: 0.3849)
[======================================  ]: 4095 (Loss: 0.3374)
[======================================  ]: 4096 (Loss: 0.3807)
[======================================  ]: 4097 (Loss: 0.4253)
[======================================= ]: 4098 (Loss: 0.3576)
[======================================= ]: 4099 (Loss: 0.4467)
[========================================]: 4100 (Loss: 0.3225)
                                                                                                    
[2026-07-16 20:55:53,634] [INFO] [__main__] Batch 4100 Loss: 0.408371 Cost: 7.85 Time: 169 ms/sequence

[                                        ]: 4101 (Loss: 0.2954)
[                                        ]: 4102 (Loss: 0.4177)
[=                                       ]: 4103 (Loss: 0.4330)
[=                                       ]: 4104 (Loss: 0.2648)
[==                                      ]: 4105 (Loss: 0.2780)
[==                                      ]: 4106 (Loss: 0.3856)
[==                                      ]: 4107 (Loss: 0.3471)
[===                                     ]: 4108 (Loss: 0.3754)
[===                                     ]: 4109 (Loss: 0.3839)
[====                                    ]: 4110 (Loss: 0.4152)
[====                                    ]: 4111 (Loss: 0.4158)
[====                                    ]: 4112 (Loss: 0.3231)
[=====                                   ]: 4113 (Loss: 0.3472)
[=====                                   ]: 4114 (Loss: 0.2773)
[======                                  ]: 4115 (Loss: 0.3722)
[======                                  ]: 4116 (Loss: 0.4415)
[======                                  ]: 4117 (Loss: 0.2668)
[=======                                 ]: 4118 (Loss: 0.3357)
[=======                                 ]: 4119 (Loss: 0.4444)
[========                                ]: 4120 (Loss: 0.4188)
[========                                ]: 4121 (Loss: 0.3875)
[========                                ]: 4122 (Loss: 0.3389)
[=========                               ]: 4123 (Loss: 0.4149)
[=========                               ]: 4124 (Loss: 0.3402)
[==========                              ]: 4125 (Loss: 0.3386)
[==========                              ]: 4126 (Loss: 0.3447)
[==========                              ]: 4127 (Loss: 0.3709)
[===========                             ]: 4128 (Loss: 0.3089)
[===========                             ]: 4129 (Loss: 0.4570)
[============                            ]: 4130 (Loss: 0.4016)
[============                            ]: 4131 (Loss: 0.3878)
[============                            ]: 4132 (Loss: 0.6112)
[=============                           ]: 4133 (Loss: 0.2537)
[=============                           ]: 4134 (Loss: 0.3957)
[==============                          ]: 4135 (Loss: 0.4995)
[==============                          ]: 4136 (Loss: 0.4449)
[==============                          ]: 4137 (Loss: 0.4160)
[===============                         ]: 4138 (Loss: 0.4315)
[===============                         ]: 4139 (Loss: 0.4242)
[================                        ]: 4140 (Loss: 0.3973)
[================                        ]: 4141 (Loss: 0.4277)
[================                        ]: 4142 (Loss: 0.3977)
[=================                       ]: 4143 (Loss: 0.3074)
[=================                       ]: 4144 (Loss: 0.3680)
[==================                      ]: 4145 (Loss: 0.3805)
[==================                      ]: 4146 (Loss: 0.4224)
[==================                      ]: 4147 (Loss: 0.3921)
[===================                     ]: 4148 (Loss: 0.3956)
[===================                     ]: 4149 (Loss: 0.3593)
[====================                    ]: 4150 (Loss: 0.3651)
[====================                    ]: 4151 (Loss: 0.3099)
[====================                    ]: 4152 (Loss: 0.5438)
[=====================                   ]: 4153 (Loss: 0.3886)
[=====================                   ]: 4154 (Loss: 0.4278)
[======================                  ]: 4155 (Loss: 0.4123)
[======================                  ]: 4156 (Loss: 0.4139)
[======================                  ]: 4157 (Loss: 0.3469)
[=======================                 ]: 4158 (Loss: 0.3386)
[=======================                 ]: 4159 (Loss: 0.4573)
[========================                ]: 4160 (Loss: 0.3592)
[========================                ]: 4161 (Loss: 0.4206)
[========================                ]: 4162 (Loss: 0.3839)
[=========================               ]: 4163 (Loss: 0.3295)
[=========================               ]: 4164 (Loss: 0.3050)
[==========================              ]: 4165 (Loss: 0.4719)
[==========================              ]: 4166 (Loss: 0.3985)
[==========================              ]: 4167 (Loss: 0.3499)
[===========================             ]: 4168 (Loss: 0.3334)
[===========================             ]: 4169 (Loss: 0.4385)
[============================            ]: 4170 (Loss: 0.3804)
[============================            ]: 4171 (Loss: 0.4086)
[============================            ]: 4172 (Loss: 0.3134)
[=============================           ]: 4173 (Loss: 0.4307)
[=============================           ]: 4174 (Loss: 0.4448)
[==============================          ]: 4175 (Loss: 0.4337)
[==============================          ]: 4176 (Loss: 0.5275)
[==============================          ]: 4177 (Loss: 0.4421)
[===============================         ]: 4178 (Loss: 0.4562)
[===============================         ]: 4179 (Loss: 0.4100)
[================================        ]: 4180 (Loss: 0.5501)
[================================        ]: 4181 (Loss: 0.3320)
[================================        ]: 4182 (Loss: 0.3141)
[=================================       ]: 4183 (Loss: 0.4074)
[=================================       ]: 4184 (Loss: 0.3540)
[==================================      ]: 4185 (Loss: 0.3857)
[==================================      ]: 4186 (Loss: 0.2554)
[==================================      ]: 4187 (Loss: 0.3467)
[===================================     ]: 4188 (Loss: 0.4623)
[===================================     ]: 4189 (Loss: 0.3037)
[====================================    ]: 4190 (Loss: 0.3978)
[====================================    ]: 4191 (Loss: 0.4025)
[====================================    ]: 4192 (Loss: 0.4803)
[=====================================   ]: 4193 (Loss: 0.4706)
[=====================================   ]: 4194 (Loss: 0.3787)
[======================================  ]: 4195 (Loss: 0.2636)
[======================================  ]: 4196 (Loss: 0.3184)
[======================================  ]: 4197 (Loss: 0.3791)
[======================================= ]: 4198 (Loss: 0.2983)
[======================================= ]: 4199 (Loss: 0.4407)
[========================================]: 4200 (Loss: 0.3390)
                                                                                                    
[2026-07-16 20:56:10,587] [INFO] [__main__] Batch 4200 Loss: 0.385769 Cost: 7.47 Time: 169 ms/sequence

[                                        ]: 4201 (Loss: 0.2278)
[                                        ]: 4202 (Loss: 0.3295)
[=                                       ]: 4203 (Loss: 0.4005)
[=                                       ]: 4204 (Loss: 0.4895)
[==                                      ]: 4205 (Loss: 0.3139)
[==                                      ]: 4206 (Loss: 0.2771)
[==                                      ]: 4207 (Loss: 0.3808)
[===                                     ]: 4208 (Loss: 0.3806)
[===                                     ]: 4209 (Loss: 0.4219)
[====                                    ]: 4210 (Loss: 0.4121)
[====                                    ]: 4211 (Loss: 0.3825)
[====                                    ]: 4212 (Loss: 0.3150)
[=====                                   ]: 4213 (Loss: 0.4498)
[=====                                   ]: 4214 (Loss: 0.3937)
[======                                  ]: 4215 (Loss: 0.4113)
[======                                  ]: 4216 (Loss: 0.3666)
[======                                  ]: 4217 (Loss: 0.3456)
[=======                                 ]: 4218 (Loss: 0.2945)
[=======                                 ]: 4219 (Loss: 0.3669)
[========                                ]: 4220 (Loss: 0.3842)
[========                                ]: 4221 (Loss: 0.4371)
[========                                ]: 4222 (Loss: 0.4990)
[=========                               ]: 4223 (Loss: 0.4057)
[=========                               ]: 4224 (Loss: 0.4210)
[==========                              ]: 4225 (Loss: 0.4993)
[==========                              ]: 4226 (Loss: 0.3887)
[==========                              ]: 4227 (Loss: 0.3977)
[===========                             ]: 4228 (Loss: 0.3238)
[===========                             ]: 4229 (Loss: 0.3615)
[============                            ]: 4230 (Loss: 0.3683)
[============                            ]: 4231 (Loss: 0.3696)
[============                            ]: 4232 (Loss: 0.4187)
[=============                           ]: 4233 (Loss: 0.4348)
[=============                           ]: 4234 (Loss: 0.3376)
[==============                          ]: 4235 (Loss: 0.4708)
[==============                          ]: 4236 (Loss: 0.3507)
[==============                          ]: 4237 (Loss: 0.3662)
[===============                         ]: 4238 (Loss: 0.4903)
[===============                         ]: 4239 (Loss: 0.3463)
[================                        ]: 4240 (Loss: 0.4214)
[================                        ]: 4241 (Loss: 0.3825)
[================                        ]: 4242 (Loss: 0.3071)
[=================                       ]: 4243 (Loss: 0.3958)
[=================                       ]: 4244 (Loss: 0.3107)
[==================                      ]: 4245 (Loss: 0.4538)
[==================                      ]: 4246 (Loss: 0.4251)
[==================                      ]: 4247 (Loss: 0.5135)
[===================                     ]: 4248 (Loss: 0.3339)
[===================                     ]: 4249 (Loss: 0.3984)
[====================                    ]: 4250 (Loss: 0.3896)
[====================                    ]: 4251 (Loss: 0.2898)
[====================                    ]: 4252 (Loss: 0.4288)
[=====================                   ]: 4253 (Loss: 0.3827)
[=====================                   ]: 4254 (Loss: 0.3506)
[======================                  ]: 4255 (Loss: 0.4280)
[======================                  ]: 4256 (Loss: 0.4728)
[======================                  ]: 4257 (Loss: 0.3284)
[=======================                 ]: 4258 (Loss: 0.4976)
[=======================                 ]: 4259 (Loss: 0.3539)
[========================                ]: 4260 (Loss: 0.4740)
[========================                ]: 4261 (Loss: 0.4781)
[========================                ]: 4262 (Loss: 0.3243)
[=========================               ]: 4263 (Loss: 0.3937)
[=========================               ]: 4264 (Loss: 0.4183)
[==========================              ]: 4265 (Loss: 0.3911)
[==========================              ]: 4266 (Loss: 0.3762)
[==========================              ]: 4267 (Loss: 0.5364)
[===========================             ]: 4268 (Loss: 0.3497)
[===========================             ]: 4269 (Loss: 0.2996)
[============================            ]: 4270 (Loss: 0.4339)
[============================            ]: 4271 (Loss: 0.4207)
[============================            ]: 4272 (Loss: 0.3849)
[=============================           ]: 4273 (Loss: 0.3603)
[=============================           ]: 4274 (Loss: 0.5902)
[==============================          ]: 4275 (Loss: 0.4232)
[==============================          ]: 4276 (Loss: 0.3688)
[==============================          ]: 4277 (Loss: 0.3985)
[===============================         ]: 4278 (Loss: 0.3867)
[===============================         ]: 4279 (Loss: 0.2520)
[================================        ]: 4280 (Loss: 0.3910)
[================================        ]: 4281 (Loss: 0.3815)
[================================        ]: 4282 (Loss: 0.3616)
[=================================       ]: 4283 (Loss: 0.4506)
[=================================       ]: 4284 (Loss: 0.4626)
[==================================      ]: 4285 (Loss: 0.5406)
[==================================      ]: 4286 (Loss: 0.3272)
[==================================      ]: 4287 (Loss: 0.4851)
[===================================     ]: 4288 (Loss: 0.3806)
[===================================     ]: 4289 (Loss: 0.3928)
[====================================    ]: 4290 (Loss: 0.3949)
[====================================    ]: 4291 (Loss: 0.3276)
[====================================    ]: 4292 (Loss: 0.3585)
[=====================================   ]: 4293 (Loss: 0.3678)
[=====================================   ]: 4294 (Loss: 0.3713)
[======================================  ]: 4295 (Loss: 0.3714)
[======================================  ]: 4296 (Loss: 0.3130)
[======================================  ]: 4297 (Loss: 0.3037)
[======================================= ]: 4298 (Loss: 0.4906)
[======================================= ]: 4299 (Loss: 0.3700)
[========================================]: 4300 (Loss: 0.3423)
                                                                                                    
[2026-07-16 20:56:27,543] [INFO] [__main__] Batch 4300 Loss: 0.391409 Cost: 7.50 Time: 169 ms/sequence

[                                        ]: 4301 (Loss: 0.3547)
[                                        ]: 4302 (Loss: 0.4668)
[=                                       ]: 4303 (Loss: 0.3179)
[=                                       ]: 4304 (Loss: 0.3600)
[==                                      ]: 4305 (Loss: 0.4100)
[==                                      ]: 4306 (Loss: 0.4003)
[==                                      ]: 4307 (Loss: 0.4005)
[===                                     ]: 4308 (Loss: 0.3489)
[===                                     ]: 4309 (Loss: 0.4488)
[====                                    ]: 4310 (Loss: 0.3678)
[====                                    ]: 4311 (Loss: 0.3183)
[====                                    ]: 4312 (Loss: 0.4319)
[=====                                   ]: 4313 (Loss: 0.3265)
[=====                                   ]: 4314 (Loss: 0.3122)
[======                                  ]: 4315 (Loss: 0.3311)
[======                                  ]: 4316 (Loss: 0.4185)
[======                                  ]: 4317 (Loss: 0.2432)
[=======                                 ]: 4318 (Loss: 0.2384)
[=======                                 ]: 4319 (Loss: 0.4578)
[========                                ]: 4320 (Loss: 0.3659)
[========                                ]: 4321 (Loss: 0.4527)
[========                                ]: 4322 (Loss: 0.2797)
[=========                               ]: 4323 (Loss: 0.4573)
[=========                               ]: 4324 (Loss: 0.4417)
[==========                              ]: 4325 (Loss: 0.4328)
[==========                              ]: 4326 (Loss: 0.4275)
[==========                              ]: 4327 (Loss: 0.4016)
[===========                             ]: 4328 (Loss: 0.4084)
[===========                             ]: 4329 (Loss: 0.5946)
[============                            ]: 4330 (Loss: 0.3065)
[============                            ]: 4331 (Loss: 0.4251)
[============                            ]: 4332 (Loss: 0.3489)
[=============                           ]: 4333 (Loss: 0.4339)
[=============                           ]: 4334 (Loss: 0.3551)
[==============                          ]: 4335 (Loss: 0.2885)
[==============                          ]: 4336 (Loss: 0.3717)
[==============                          ]: 4337 (Loss: 0.3373)
[===============                         ]: 4338 (Loss: 0.3813)
[===============                         ]: 4339 (Loss: 0.3976)
[================                        ]: 4340 (Loss: 0.3158)
[================                        ]: 4341 (Loss: 0.3870)
[================                        ]: 4342 (Loss: 0.3094)
[=================                       ]: 4343 (Loss: 0.3389)
[=================                       ]: 4344 (Loss: 0.3946)
[==================                      ]: 4345 (Loss: 0.4909)
[==================                      ]: 4346 (Loss: 0.5513)
[==================                      ]: 4347 (Loss: 0.2918)
[===================                     ]: 4348 (Loss: 0.3289)
[===================                     ]: 4349 (Loss: 0.3779)
[====================                    ]: 4350 (Loss: 0.3105)
[====================                    ]: 4351 (Loss: 0.4178)
[====================                    ]: 4352 (Loss: 0.5766)
[=====================                   ]: 4353 (Loss: 0.3687)
[=====================                   ]: 4354 (Loss: 0.3826)
[======================                  ]: 4355 (Loss: 0.2846)
[======================                  ]: 4356 (Loss: 0.4747)
[======================                  ]: 4357 (Loss: 0.4429)
[=======================                 ]: 4358 (Loss: 0.2422)
[=======================                 ]: 4359 (Loss: 0.3058)
[========================                ]: 4360 (Loss: 0.4470)
[========================                ]: 4361 (Loss: 0.4751)
[========================                ]: 4362 (Loss: 0.4092)
[=========================               ]: 4363 (Loss: 0.3617)
[=========================               ]: 4364 (Loss: 0.3286)
[==========================              ]: 4365 (Loss: 0.4617)
[==========================              ]: 4366 (Loss: 0.4525)
[==========================              ]: 4367 (Loss: 0.3344)
[===========================             ]: 4368 (Loss: 0.3102)
[===========================             ]: 4369 (Loss: 0.5163)
[============================            ]: 4370 (Loss: 0.3688)
[============================            ]: 4371 (Loss: 0.3891)
[============================            ]: 4372 (Loss: 0.3139)
[=============================           ]: 4373 (Loss: 0.4529)
[=============================           ]: 4374 (Loss: 0.5336)
[==============================          ]: 4375 (Loss: 0.4197)
[==============================          ]: 4376 (Loss: 0.3048)
[==============================          ]: 4377 (Loss: 0.3169)
[===============================         ]: 4378 (Loss: 0.3419)
[===============================         ]: 4379 (Loss: 0.3687)
[================================        ]: 4380 (Loss: 0.2673)
[================================        ]: 4381 (Loss: 0.3652)
[================================        ]: 4382 (Loss: 0.2512)
[=================================       ]: 4383 (Loss: 0.3797)
[=================================       ]: 4384 (Loss: 0.3470)
[==================================      ]: 4385 (Loss: 0.4304)
[==================================      ]: 4386 (Loss: 0.3254)
[==================================      ]: 4387 (Loss: 0.3982)
[===================================     ]: 4388 (Loss: 0.3016)
[===================================     ]: 4389 (Loss: 0.3943)
[====================================    ]: 4390 (Loss: 0.4100)
[====================================    ]: 4391 (Loss: 0.1903)
[====================================    ]: 4392 (Loss: 0.4351)
[=====================================   ]: 4393 (Loss: 0.3006)
[=====================================   ]: 4394 (Loss: 0.4439)
[======================================  ]: 4395 (Loss: 0.5065)
[======================================  ]: 4396 (Loss: 0.4244)
[======================================  ]: 4397 (Loss: 0.3611)
[======================================= ]: 4398 (Loss: 0.3662)
[======================================= ]: 4399 (Loss: 0.5000)
[========================================]: 4400 (Loss: 0.3660)
                                                                                                    
[2026-07-16 20:56:44,614] [INFO] [__main__] Batch 4400 Loss: 0.381257 Cost: 7.33 Time: 170 ms/sequence

[                                        ]: 4401 (Loss: 0.5490)
[                                        ]: 4402 (Loss: 0.3224)
[=                                       ]: 4403 (Loss: 0.3622)
[=                                       ]: 4404 (Loss: 0.4258)
[==                                      ]: 4405 (Loss: 0.3835)
[==                                      ]: 4406 (Loss: 0.3973)
[==                                      ]: 4407 (Loss: 0.5076)
[===                                     ]: 4408 (Loss: 0.3579)
[===                                     ]: 4409 (Loss: 0.3493)
[====                                    ]: 4410 (Loss: 0.4082)
[====                                    ]: 4411 (Loss: 0.4345)
[====                                    ]: 4412 (Loss: 0.3179)
[=====                                   ]: 4413 (Loss: 0.3252)
[=====                                   ]: 4414 (Loss: 0.2752)
[======                                  ]: 4415 (Loss: 0.3763)
[======                                  ]: 4416 (Loss: 0.5407)
[======                                  ]: 4417 (Loss: 0.3992)
[=======                                 ]: 4418 (Loss: 0.3619)
[=======                                 ]: 4419 (Loss: 0.3038)
[========                                ]: 4420 (Loss: 0.4249)
[========                                ]: 4421 (Loss: 0.4015)
[========                                ]: 4422 (Loss: 0.4182)
[=========                               ]: 4423 (Loss: 0.3228)
[=========                               ]: 4424 (Loss: 0.5882)
[==========                              ]: 4425 (Loss: 0.2787)
[==========                              ]: 4426 (Loss: 0.3219)
[==========                              ]: 4427 (Loss: 0.4108)
[===========                             ]: 4428 (Loss: 0.2337)
[===========                             ]: 4429 (Loss: 0.3171)
[============                            ]: 4430 (Loss: 0.3432)
[============                            ]: 4431 (Loss: 0.3633)
[============                            ]: 4432 (Loss: 0.2128)
[=============                           ]: 4433 (Loss: 0.3073)
[=============                           ]: 4434 (Loss: 0.4592)
[==============                          ]: 4435 (Loss: 0.2634)
[==============                          ]: 4436 (Loss: 0.3380)
[==============                          ]: 4437 (Loss: 0.3742)
[===============                         ]: 4438 (Loss: 0.4520)
[===============                         ]: 4439 (Loss: 0.4007)
[================                        ]: 4440 (Loss: 0.4607)
[================                        ]: 4441 (Loss: 0.5496)
[================                        ]: 4442 (Loss: 0.3877)
[=================                       ]: 4443 (Loss: 0.4798)
[=================                       ]: 4444 (Loss: 0.4485)
[==================                      ]: 4445 (Loss: 0.5414)
[==================                      ]: 4446 (Loss: 0.4625)
[==================                      ]: 4447 (Loss: 0.3205)
[===================                     ]: 4448 (Loss: 0.2868)
[===================                     ]: 4449 (Loss: 0.3989)
[====================                    ]: 4450 (Loss: 0.3173)
[====================                    ]: 4451 (Loss: 0.3699)
[====================                    ]: 4452 (Loss: 0.4140)
[=====================                   ]: 4453 (Loss: 0.4129)
[=====================                   ]: 4454 (Loss: 0.3141)
[======================                  ]: 4455 (Loss: 0.3967)
[======================                  ]: 4456 (Loss: 0.3375)
[======================                  ]: 4457 (Loss: 0.4270)
[=======================                 ]: 4458 (Loss: 0.3072)
[=======================                 ]: 4459 (Loss: 0.4984)
[========================                ]: 4460 (Loss: 0.2966)
[========================                ]: 4461 (Loss: 0.4140)
[========================                ]: 4462 (Loss: 0.3980)
[=========================               ]: 4463 (Loss: 0.3798)
[=========================               ]: 4464 (Loss: 0.3177)
[==========================              ]: 4465 (Loss: 0.5736)
[==========================              ]: 4466 (Loss: 0.3693)
[==========================              ]: 4467 (Loss: 0.3283)
[===========================             ]: 4468 (Loss: 0.3525)
[===========================             ]: 4469 (Loss: 0.4907)
[============================            ]: 4470 (Loss: 0.3323)
[============================            ]: 4471 (Loss: 0.3861)
[============================            ]: 4472 (Loss: 0.3910)
[=============================           ]: 4473 (Loss: 0.3661)
[=============================           ]: 4474 (Loss: 0.4681)
[==============================          ]: 4475 (Loss: 0.3445)
[==============================          ]: 4476 (Loss: 0.2699)
[==============================          ]: 4477 (Loss: 0.4386)
[===============================         ]: 4478 (Loss: 0.4362)
[===============================         ]: 4479 (Loss: 0.3658)
[================================        ]: 4480 (Loss: 0.4091)
[================================        ]: 4481 (Loss: 0.3791)
[================================        ]: 4482 (Loss: 0.3866)
[=================================       ]: 4483 (Loss: 0.4303)
[=================================       ]: 4484 (Loss: 0.3028)
[==================================      ]: 4485 (Loss: 0.3657)
[==================================      ]: 4486 (Loss: 0.4007)
[==================================      ]: 4487 (Loss: 0.3057)
[===================================     ]: 4488 (Loss: 0.3794)
[===================================     ]: 4489 (Loss: 0.4115)
[====================================    ]: 4490 (Loss: 0.3902)
[====================================    ]: 4491 (Loss: 0.3672)
[====================================    ]: 4492 (Loss: 0.3984)
[=====================================   ]: 4493 (Loss: 0.4685)
[=====================================   ]: 4494 (Loss: 0.5296)
[======================================  ]: 4495 (Loss: 0.3927)
[======================================  ]: 4496 (Loss: 0.5599)
[======================================  ]: 4497 (Loss: 0.3726)
[======================================= ]: 4498 (Loss: 0.4077)
[======================================= ]: 4499 (Loss: 0.3903)
[========================================]: 4500 (Loss: 0.4503)
                                                                                                    
[2026-07-16 20:57:01,929] [INFO] [__main__] Batch 4500 Loss: 0.389783 Cost: 7.31 Time: 173 ms/sequence

[                                        ]: 4501 (Loss: 0.2955)
[                                        ]: 4502 (Loss: 0.3845)
[=                                       ]: 4503 (Loss: 0.3605)
[=                                       ]: 4504 (Loss: 0.4197)
[==                                      ]: 4505 (Loss: 0.3096)
[==                                      ]: 4506 (Loss: 0.3623)
[==                                      ]: 4507 (Loss: 0.3485)
[===                                     ]: 4508 (Loss: 0.2890)
[===                                     ]: 4509 (Loss: 0.4159)
[====                                    ]: 4510 (Loss: 0.3069)
[====                                    ]: 4511 (Loss: 0.3803)
[====                                    ]: 4512 (Loss: 0.3506)
[=====                                   ]: 4513 (Loss: 0.3074)
[=====                                   ]: 4514 (Loss: 0.2980)
[======                                  ]: 4515 (Loss: 0.3576)
[======                                  ]: 4516 (Loss: 0.3269)
[======                                  ]: 4517 (Loss: 0.4620)
[=======                                 ]: 4518 (Loss: 0.3537)
[=======                                 ]: 4519 (Loss: 0.4191)
[========                                ]: 4520 (Loss: 0.4314)
[========                                ]: 4521 (Loss: 0.4108)
[========                                ]: 4522 (Loss: 0.4753)
[=========                               ]: 4523 (Loss: 0.4330)
[=========                               ]: 4524 (Loss: 0.4025)
[==========                              ]: 4525 (Loss: 0.4591)
[==========                              ]: 4526 (Loss: 0.2748)
[==========                              ]: 4527 (Loss: 0.3780)
[===========                             ]: 4528 (Loss: 0.2868)
[===========                             ]: 4529 (Loss: 0.3534)
[============                            ]: 4530 (Loss: 0.3265)
[============                            ]: 4531 (Loss: 0.3330)
[============                            ]: 4532 (Loss: 0.3970)
[=============                           ]: 4533 (Loss: 0.3857)
[=============                           ]: 4534 (Loss: 0.3731)
[==============                          ]: 4535 (Loss: 0.3695)
[==============                          ]: 4536 (Loss: 0.3908)
[==============                          ]: 4537 (Loss: 0.3796)
[===============                         ]: 4538 (Loss: 0.3440)
[===============                         ]: 4539 (Loss: 0.5215)
[================                        ]: 4540 (Loss: 0.4504)
[================                        ]: 4541 (Loss: 0.4388)
[================                        ]: 4542 (Loss: 0.3663)
[=================                       ]: 4543 (Loss: 0.4473)
[=================                       ]: 4544 (Loss: 0.3715)
[==================                      ]: 4545 (Loss: 0.4052)
[==================                      ]: 4546 (Loss: 0.5145)
[==================                      ]: 4547 (Loss: 0.3630)
[===================                     ]: 4548 (Loss: 0.3288)
[===================                     ]: 4549 (Loss: 0.2806)
[====================                    ]: 4550 (Loss: 0.4595)
[====================                    ]: 4551 (Loss: 0.3814)
[====================                    ]: 4552 (Loss: 0.3627)
[=====================                   ]: 4553 (Loss: 0.4187)
[=====================                   ]: 4554 (Loss: 0.4014)
[======================                  ]: 4555 (Loss: 0.4825)
[======================                  ]: 4556 (Loss: 0.2930)
[======================                  ]: 4557 (Loss: 0.4158)
[=======================                 ]: 4558 (Loss: 0.2554)
[=======================                 ]: 4559 (Loss: 0.2945)
[========================                ]: 4560 (Loss: 0.3168)
[========================                ]: 4561 (Loss: 0.3438)
[========================                ]: 4562 (Loss: 0.3632)
[=========================               ]: 4563 (Loss: 0.6339)
[=========================               ]: 4564 (Loss: 0.2827)
[==========================              ]: 4565 (Loss: 0.3914)
[==========================              ]: 4566 (Loss: 0.3608)
[==========================              ]: 4567 (Loss: 0.4115)
[===========================             ]: 4568 (Loss: 0.4030)
[===========================             ]: 4569 (Loss: 0.4091)
[============================            ]: 4570 (Loss: 0.3641)
[============================            ]: 4571 (Loss: 0.2835)
[============================            ]: 4572 (Loss: 0.3239)
[=============================           ]: 4573 (Loss: 0.2996)
[=============================           ]: 4574 (Loss: 0.2434)
[==============================          ]: 4575 (Loss: 0.4365)
[==============================          ]: 4576 (Loss: 0.4556)
[==============================          ]: 4577 (Loss: 0.4143)
[===============================         ]: 4578 (Loss: 0.3345)
[===============================         ]: 4579 (Loss: 0.3638)
[================================        ]: 4580 (Loss: 0.4886)
[================================        ]: 4581 (Loss: 0.2652)
[================================        ]: 4582 (Loss: 0.4757)
[=================================       ]: 4583 (Loss: 0.3092)
[=================================       ]: 4584 (Loss: 0.4602)
[==================================      ]: 4585 (Loss: 0.5422)
[==================================      ]: 4586 (Loss: 0.4504)
[==================================      ]: 4587 (Loss: 0.4272)
[===================================     ]: 4588 (Loss: 0.3353)
[===================================     ]: 4589 (Loss: 0.3953)
[====================================    ]: 4590 (Loss: 0.3944)
[====================================    ]: 4591 (Loss: 0.2705)
[====================================    ]: 4592 (Loss: 0.3438)
[=====================================   ]: 4593 (Loss: 0.5053)
[=====================================   ]: 4594 (Loss: 0.3884)
[======================================  ]: 4595 (Loss: 0.3733)
[======================================  ]: 4596 (Loss: 0.3514)
[======================================  ]: 4597 (Loss: 0.4419)
[======================================= ]: 4598 (Loss: 0.4484)
[======================================= ]: 4599 (Loss: 0.4899)
[========================================]: 4600 (Loss: 0.3659)
                                                                                                    
[2026-07-16 20:57:19,095] [INFO] [__main__] Batch 4600 Loss: 0.381631 Cost: 7.33 Time: 171 ms/sequence

[                                        ]: 4601 (Loss: 0.2924)
[                                        ]: 4602 (Loss: 0.3094)
[=                                       ]: 4603 (Loss: 0.4006)
[=                                       ]: 4604 (Loss: 0.3072)
[==                                      ]: 4605 (Loss: 0.3491)
[==                                      ]: 4606 (Loss: 0.3932)
[==                                      ]: 4607 (Loss: 0.3629)
[===                                     ]: 4608 (Loss: 0.3301)
[===                                     ]: 4609 (Loss: 0.4970)
[====                                    ]: 4610 (Loss: 0.4777)
[====                                    ]: 4611 (Loss: 0.3864)
[====                                    ]: 4612 (Loss: 0.3257)
[=====                                   ]: 4613 (Loss: 0.3135)
[=====                                   ]: 4614 (Loss: 0.3449)
[======                                  ]: 4615 (Loss: 0.3883)
[======                                  ]: 4616 (Loss: 0.3981)
[======                                  ]: 4617 (Loss: 0.3218)
[=======                                 ]: 4618 (Loss: 0.2134)
[=======                                 ]: 4619 (Loss: 0.3791)
[========                                ]: 4620 (Loss: 0.2474)
[========                                ]: 4621 (Loss: 0.2903)
[========                                ]: 4622 (Loss: 0.4025)
[=========                               ]: 4623 (Loss: 0.3266)
[=========                               ]: 4624 (Loss: 0.5807)
[==========                              ]: 4625 (Loss: 0.3116)
[==========                              ]: 4626 (Loss: 0.3138)
[==========                              ]: 4627 (Loss: 0.2520)
[===========                             ]: 4628 (Loss: 0.3457)
[===========                             ]: 4629 (Loss: 0.3339)
[============                            ]: 4630 (Loss: 0.4527)
[============                            ]: 4631 (Loss: 0.3507)
[============                            ]: 4632 (Loss: 0.4298)
[=============                           ]: 4633 (Loss: 0.2757)
[=============                           ]: 4634 (Loss: 0.3099)
[==============                          ]: 4635 (Loss: 0.4312)
[==============                          ]: 4636 (Loss: 0.4143)
[==============                          ]: 4637 (Loss: 0.3538)
[===============                         ]: 4638 (Loss: 0.4087)
[===============                         ]: 4639 (Loss: 0.5631)
[================                        ]: 4640 (Loss: 0.5070)
[================                        ]: 4641 (Loss: 0.4038)
[================                        ]: 4642 (Loss: 0.4514)
[=================                       ]: 4643 (Loss: 0.2962)
[=================                       ]: 4644 (Loss: 0.3530)
[==================                      ]: 4645 (Loss: 0.3727)
[==================                      ]: 4646 (Loss: 0.3751)
[==================                      ]: 4647 (Loss: 0.2929)
[===================                     ]: 4648 (Loss: 0.3998)
[===================                     ]: 4649 (Loss: 0.3724)
[====================                    ]: 4650 (Loss: 0.4058)
[====================                    ]: 4651 (Loss: 0.3601)
[====================                    ]: 4652 (Loss: 0.4782)
[=====================                   ]: 4653 (Loss: 0.4146)
[=====================                   ]: 4654 (Loss: 0.5263)
[======================                  ]: 4655 (Loss: 0.3190)
[======================                  ]: 4656 (Loss: 0.2909)
[======================                  ]: 4657 (Loss: 0.3416)
[=======================                 ]: 4658 (Loss: 0.4880)
[=======================                 ]: 4659 (Loss: 0.3055)
[========================                ]: 4660 (Loss: 0.2893)
[========================                ]: 4661 (Loss: 0.2912)
[========================                ]: 4662 (Loss: 0.4106)
[=========================               ]: 4663 (Loss: 0.3856)
[=========================               ]: 4664 (Loss: 0.2771)
[==========================              ]: 4665 (Loss: 0.3371)
[==========================              ]: 4666 (Loss: 0.3202)
[==========================              ]: 4667 (Loss: 0.2914)
[===========================             ]: 4668 (Loss: 0.3839)
[===========================             ]: 4669 (Loss: 0.4625)
[============================            ]: 4670 (Loss: 0.4117)
[============================            ]: 4671 (Loss: 0.3145)
[============================            ]: 4672 (Loss: 0.3944)
[=============================           ]: 4673 (Loss: 0.2962)
[=============================           ]: 4674 (Loss: 0.4343)
[==============================          ]: 4675 (Loss: 0.5322)
[==============================          ]: 4676 (Loss: 0.4420)
[==============================          ]: 4677 (Loss: 0.3558)
[===============================         ]: 4678 (Loss: 0.3562)
[===============================         ]: 4679 (Loss: 0.3513)
[================================        ]: 4680 (Loss: 0.3294)
[================================        ]: 4681 (Loss: 0.2964)
[================================        ]: 4682 (Loss: 0.3824)
[=================================       ]: 4683 (Loss: 0.5820)
[=================================       ]: 4684 (Loss: 0.4365)
[==================================      ]: 4685 (Loss: 0.2749)
[==================================      ]: 4686 (Loss: 0.3282)
[==================================      ]: 4687 (Loss: 0.5177)
[===================================     ]: 4688 (Loss: 0.2780)
[===================================     ]: 4689 (Loss: 0.4741)
[====================================    ]: 4690 (Loss: 0.5033)
[====================================    ]: 4691 (Loss: 0.3449)
[====================================    ]: 4692 (Loss: 0.2450)
[=====================================   ]: 4693 (Loss: 0.5399)
[=====================================   ]: 4694 (Loss: 0.4419)
[======================================  ]: 4695 (Loss: 0.3933)
[======================================  ]: 4696 (Loss: 0.3846)
[======================================  ]: 4697 (Loss: 0.3108)
[======================================= ]: 4698 (Loss: 0.4381)
[======================================= ]: 4699 (Loss: 0.4366)
[========================================]: 4700 (Loss: 0.3646)
                                                                                                    
[2026-07-16 20:57:36,135] [INFO] [__main__] Batch 4700 Loss: 0.375798 Cost: 7.23 Time: 170 ms/sequence

[                                        ]: 4701 (Loss: 0.3927)
[                                        ]: 4702 (Loss: 0.3221)
[=                                       ]: 4703 (Loss: 0.5428)
[=                                       ]: 4704 (Loss: 0.3488)
[==                                      ]: 4705 (Loss: 0.3547)
[==                                      ]: 4706 (Loss: 0.4043)
[==                                      ]: 4707 (Loss: 0.3661)
[===                                     ]: 4708 (Loss: 0.3036)
[===                                     ]: 4709 (Loss: 0.3547)
[====                                    ]: 4710 (Loss: 0.4266)
[====                                    ]: 4711 (Loss: 0.2621)
[====                                    ]: 4712 (Loss: 0.3622)
[=====                                   ]: 4713 (Loss: 0.2911)
[=====                                   ]: 4714 (Loss: 0.5197)
[======                                  ]: 4715 (Loss: 0.4321)
[======                                  ]: 4716 (Loss: 0.3354)
[======                                  ]: 4717 (Loss: 0.2811)
[=======                                 ]: 4718 (Loss: 0.2411)
[=======                                 ]: 4719 (Loss: 0.3983)
[========                                ]: 4720 (Loss: 0.3673)
[========                                ]: 4721 (Loss: 0.2829)
[========                                ]: 4722 (Loss: 0.3537)
[=========                               ]: 4723 (Loss: 0.4486)
[=========                               ]: 4724 (Loss: 0.3755)
[==========                              ]: 4725 (Loss: 0.3583)
[==========                              ]: 4726 (Loss: 0.2852)
[==========                              ]: 4727 (Loss: 0.2687)
[===========                             ]: 4728 (Loss: 0.3474)
[===========                             ]: 4729 (Loss: 0.3500)
[============                            ]: 4730 (Loss: 0.3091)
[============                            ]: 4731 (Loss: 0.2981)
[============                            ]: 4732 (Loss: 0.4162)
[=============                           ]: 4733 (Loss: 0.3262)
[=============                           ]: 4734 (Loss: 0.5586)
[==============                          ]: 4735 (Loss: 0.4603)
[==============                          ]: 4736 (Loss: 0.3512)
[==============                          ]: 4737 (Loss: 0.2552)
[===============                         ]: 4738 (Loss: 0.3882)
[===============                         ]: 4739 (Loss: 0.4061)
[================                        ]: 4740 (Loss: 0.2167)
[================                        ]: 4741 (Loss: 0.3364)
[================                        ]: 4742 (Loss: 0.3370)
[=================                       ]: 4743 (Loss: 0.4061)
[=================                       ]: 4744 (Loss: 0.3177)
[==================                      ]: 4745 (Loss: 0.3107)
[==================                      ]: 4746 (Loss: 0.3001)
[==================                      ]: 4747 (Loss: 0.4186)
[===================                     ]: 4748 (Loss: 0.3584)
[===================                     ]: 4749 (Loss: 0.3742)
[====================                    ]: 4750 (Loss: 0.2508)
[====================                    ]: 4751 (Loss: 0.4786)
[====================                    ]: 4752 (Loss: 0.4030)
[=====================                   ]: 4753 (Loss: 0.4884)
[=====================                   ]: 4754 (Loss: 0.3091)
[======================                  ]: 4755 (Loss: 0.3588)
[======================                  ]: 4756 (Loss: 0.3462)
[======================                  ]: 4757 (Loss: 0.3495)
[=======================                 ]: 4758 (Loss: 0.2702)
[=======================                 ]: 4759 (Loss: 0.3942)
[========================                ]: 4760 (Loss: 0.3518)
[========================                ]: 4761 (Loss: 0.2381)
[========================                ]: 4762 (Loss: 0.4204)
[=========================               ]: 4763 (Loss: 0.3755)
[=========================               ]: 4764 (Loss: 0.3660)
[==========================              ]: 4765 (Loss: 0.3288)
[==========================              ]: 4766 (Loss: 0.3311)
[==========================              ]: 4767 (Loss: 0.4836)
[===========================             ]: 4768 (Loss: 0.4069)
[===========================             ]: 4769 (Loss: 0.3843)
[============================            ]: 4770 (Loss: 0.3290)
[============================            ]: 4771 (Loss: 0.2709)
[============================            ]: 4772 (Loss: 0.3617)
[=============================           ]: 4773 (Loss: 0.3020)
[=============================           ]: 4774 (Loss: 0.4118)
[==============================          ]: 4775 (Loss: 0.2044)
[==============================          ]: 4776 (Loss: 0.3060)
[==============================          ]: 4777 (Loss: 0.3499)
[===============================         ]: 4778 (Loss: 0.2553)
[===============================         ]: 4779 (Loss: 0.4021)
[================================        ]: 4780 (Loss: 0.4435)
[================================        ]: 4781 (Loss: 0.3329)
[================================        ]: 4782 (Loss: 0.4711)
[=================================       ]: 4783 (Loss: 0.3487)
[=================================       ]: 4784 (Loss: 0.3782)
[==================================      ]: 4785 (Loss: 0.3932)
[==================================      ]: 4786 (Loss: 0.6938)
[==================================      ]: 4787 (Loss: 0.3176)
[===================================     ]: 4788 (Loss: 0.2684)
[===================================     ]: 4789 (Loss: 0.3353)
[====================================    ]: 4790 (Loss: 0.2273)
[====================================    ]: 4791 (Loss: 0.4147)
[====================================    ]: 4792 (Loss: 0.3134)
[=====================================   ]: 4793 (Loss: 0.3803)
[=====================================   ]: 4794 (Loss: 0.2953)
[======================================  ]: 4795 (Loss: 0.4698)
[======================================  ]: 4796 (Loss: 0.4266)
[======================================  ]: 4797 (Loss: 0.4010)
[======================================= ]: 4798 (Loss: 0.3799)
[======================================= ]: 4799 (Loss: 0.4113)
[========================================]: 4800 (Loss: 0.3219)
                                                                                                    
[2026-07-16 20:57:53,274] [INFO] [__main__] Batch 4800 Loss: 0.360749 Cost: 6.78 Time: 171 ms/sequence

[                                        ]: 4801 (Loss: 0.4115)
[                                        ]: 4802 (Loss: 0.2908)
[=                                       ]: 4803 (Loss: 0.3438)
[=                                       ]: 4804 (Loss: 0.4055)
[==                                      ]: 4805 (Loss: 0.3541)
[==                                      ]: 4806 (Loss: 0.3769)
[==                                      ]: 4807 (Loss: 0.4997)
[===                                     ]: 4808 (Loss: 0.3298)
[===                                     ]: 4809 (Loss: 0.3632)
[====                                    ]: 4810 (Loss: 0.3457)
[====                                    ]: 4811 (Loss: 0.3133)
[====                                    ]: 4812 (Loss: 0.3872)
[=====                                   ]: 4813 (Loss: 0.3841)
[=====                                   ]: 4814 (Loss: 0.3776)
[======                                  ]: 4815 (Loss: 0.2214)
[======                                  ]: 4816 (Loss: 0.3489)
[======                                  ]: 4817 (Loss: 0.5158)
[=======                                 ]: 4818 (Loss: 0.3580)
[=======                                 ]: 4819 (Loss: 0.4228)
[========                                ]: 4820 (Loss: 0.2841)
[========                                ]: 4821 (Loss: 0.3260)
[========                                ]: 4822 (Loss: 0.2499)
[=========                               ]: 4823 (Loss: 0.3464)
[=========                               ]: 4824 (Loss: 0.4177)
[==========                              ]: 4825 (Loss: 0.3756)
[==========                              ]: 4826 (Loss: 0.5193)
[==========                              ]: 4827 (Loss: 0.3161)
[===========                             ]: 4828 (Loss: 0.3573)
[===========                             ]: 4829 (Loss: 0.3911)
[============                            ]: 4830 (Loss: 0.4461)
[============                            ]: 4831 (Loss: 0.4229)
[============                            ]: 4832 (Loss: 0.3349)
[=============                           ]: 4833 (Loss: 0.3242)
[=============                           ]: 4834 (Loss: 0.3873)
[==============                          ]: 4835 (Loss: 0.4797)
[==============                          ]: 4836 (Loss: 0.4247)
[==============                          ]: 4837 (Loss: 0.4245)
[===============                         ]: 4838 (Loss: 0.3254)
[===============                         ]: 4839 (Loss: 0.3315)
[================                        ]: 4840 (Loss: 0.4684)
[================                        ]: 4841 (Loss: 0.2987)
[================                        ]: 4842 (Loss: 0.3625)
[=================                       ]: 4843 (Loss: 0.3484)
[=================                       ]: 4844 (Loss: 0.3406)
[==================                      ]: 4845 (Loss: 0.3917)
[==================                      ]: 4846 (Loss: 0.4194)
[==================                      ]: 4847 (Loss: 0.2865)
[===================                     ]: 4848 (Loss: 0.3408)
[===================                     ]: 4849 (Loss: 0.2604)
[====================                    ]: 4850 (Loss: 0.6162)
[====================                    ]: 4851 (Loss: 0.5099)
[====================                    ]: 4852 (Loss: 0.3580)
[=====================                   ]: 4853 (Loss: 0.4232)
[=====================                   ]: 4854 (Loss: 0.3308)
[======================                  ]: 4855 (Loss: 0.3847)
[======================                  ]: 4856 (Loss: 0.3950)
[======================                  ]: 4857 (Loss: 0.3561)
[=======================                 ]: 4858 (Loss: 0.4946)
[=======================                 ]: 4859 (Loss: 0.5593)
[========================                ]: 4860 (Loss: 0.3206)
[========================                ]: 4861 (Loss: 0.4288)
[========================                ]: 4862 (Loss: 0.2864)
[=========================               ]: 4863 (Loss: 0.4082)
[=========================               ]: 4864 (Loss: 0.4280)
[==========================              ]: 4865 (Loss: 0.3675)
[==========================              ]: 4866 (Loss: 0.3697)
[==========================              ]: 4867 (Loss: 0.1996)
[===========================             ]: 4868 (Loss: 0.4280)
[===========================             ]: 4869 (Loss: 0.4122)
[============================            ]: 4870 (Loss: 0.3075)
[============================            ]: 4871 (Loss: 0.5700)
[============================            ]: 4872 (Loss: 0.2844)
[=============================           ]: 4873 (Loss: 0.4050)
[=============================           ]: 4874 (Loss: 0.3579)
[==============================          ]: 4875 (Loss: 0.3467)
[==============================          ]: 4876 (Loss: 0.4234)
[==============================          ]: 4877 (Loss: 0.3049)
[===============================         ]: 4878 (Loss: 0.4457)
[===============================         ]: 4879 (Loss: 0.3565)
[================================        ]: 4880 (Loss: 0.3948)
[================================        ]: 4881 (Loss: 0.3582)
[================================        ]: 4882 (Loss: 0.4030)
[=================================       ]: 4883 (Loss: 0.3701)
[=================================       ]: 4884 (Loss: 0.3698)
[==================================      ]: 4885 (Loss: 0.3302)
[==================================      ]: 4886 (Loss: 0.3698)
[==================================      ]: 4887 (Loss: 0.3092)
[===================================     ]: 4888 (Loss: 0.3840)
[===================================     ]: 4889 (Loss: 0.2451)
[====================================    ]: 4890 (Loss: 0.4601)
[====================================    ]: 4891 (Loss: 0.3646)
[====================================    ]: 4892 (Loss: 0.3695)
[=====================================   ]: 4893 (Loss: 0.3294)
[=====================================   ]: 4894 (Loss: 0.4737)
[======================================  ]: 4895 (Loss: 0.3781)
[======================================  ]: 4896 (Loss: 0.3794)
[======================================  ]: 4897 (Loss: 0.2748)
[======================================= ]: 4898 (Loss: 0.2689)
[======================================= ]: 4899 (Loss: 0.4515)
[========================================]: 4900 (Loss: 0.3859)
                                                                                                    
[2026-07-16 20:58:10,250] [INFO] [__main__] Batch 4900 Loss: 0.376004 Cost: 7.33 Time: 169 ms/sequence

[                                        ]: 4901 (Loss: 0.4274)
[                                        ]: 4902 (Loss: 0.3397)
[=                                       ]: 4903 (Loss: 0.3643)
[=                                       ]: 4904 (Loss: 0.4369)
[==                                      ]: 4905 (Loss: 0.2895)
[==                                      ]: 4906 (Loss: 0.3870)
[==                                      ]: 4907 (Loss: 0.4946)
[===                                     ]: 4908 (Loss: 0.3797)
[===                                     ]: 4909 (Loss: 0.3822)
[====                                    ]: 4910 (Loss: 0.3656)
[====                                    ]: 4911 (Loss: 0.4214)
[====                                    ]: 4912 (Loss: 0.2863)
[=====                                   ]: 4913 (Loss: 0.3562)
[=====                                   ]: 4914 (Loss: 0.2302)
[======                                  ]: 4915 (Loss: 0.4296)
[======                                  ]: 4916 (Loss: 0.3321)
[======                                  ]: 4917 (Loss: 0.3410)
[=======                                 ]: 4918 (Loss: 0.3588)
[=======                                 ]: 4919 (Loss: 0.3009)
[========                                ]: 4920 (Loss: 0.2158)
[========                                ]: 4921 (Loss: 0.3494)
[========                                ]: 4922 (Loss: 0.3486)
[=========                               ]: 4923 (Loss: 0.2733)
[=========                               ]: 4924 (Loss: 0.3343)
[==========                              ]: 4925 (Loss: 0.4107)
[==========                              ]: 4926 (Loss: 0.3184)
[==========                              ]: 4927 (Loss: 0.3520)
[===========                             ]: 4928 (Loss: 0.3790)
[===========                             ]: 4929 (Loss: 0.4194)
[============                            ]: 4930 (Loss: 0.5790)
[============                            ]: 4931 (Loss: 0.3683)
[============                            ]: 4932 (Loss: 0.4670)
[=============                           ]: 4933 (Loss: 0.3077)
[=============                           ]: 4934 (Loss: 0.3352)
[==============                          ]: 4935 (Loss: 0.3547)
[==============                          ]: 4936 (Loss: 0.3443)
[==============                          ]: 4937 (Loss: 0.3816)
[===============                         ]: 4938 (Loss: 0.4468)
[===============                         ]: 4939 (Loss: 0.5468)
[================                        ]: 4940 (Loss: 0.3177)
[================                        ]: 4941 (Loss: 0.2952)
[================                        ]: 4942 (Loss: 0.4433)
[=================                       ]: 4943 (Loss: 0.3190)
[=================                       ]: 4944 (Loss: 0.3474)
[==================                      ]: 4945 (Loss: 0.3953)
[==================                      ]: 4946 (Loss: 0.4250)
[==================                      ]: 4947 (Loss: 0.3407)
[===================                     ]: 4948 (Loss: 0.2512)
[===================                     ]: 4949 (Loss: 0.5061)
[====================                    ]: 4950 (Loss: 0.4664)
[====================                    ]: 4951 (Loss: 0.3904)
[====================                    ]: 4952 (Loss: 0.4074)
[=====================                   ]: 4953 (Loss: 0.4182)
[=====================                   ]: 4954 (Loss: 0.3865)
[======================                  ]: 4955 (Loss: 0.3344)
[======================                  ]: 4956 (Loss: 0.3727)
[======================                  ]: 4957 (Loss: 0.3405)
[=======================                 ]: 4958 (Loss: 0.3714)
[=======================                 ]: 4959 (Loss: 0.3025)
[========================                ]: 4960 (Loss: 0.3140)
[========================                ]: 4961 (Loss: 0.3797)
[========================                ]: 4962 (Loss: 0.3908)
[=========================               ]: 4963 (Loss: 0.4359)
[=========================               ]: 4964 (Loss: 0.3265)
[==========================              ]: 4965 (Loss: 0.4611)
[==========================              ]: 4966 (Loss: 0.4714)
[==========================              ]: 4967 (Loss: 0.3425)
[===========================             ]: 4968 (Loss: 0.4497)
[===========================             ]: 4969 (Loss: 0.4033)
[============================            ]: 4970 (Loss: 0.3145)
[============================            ]: 4971 (Loss: 0.5389)
[============================            ]: 4972 (Loss: 0.3096)
[=============================           ]: 4973 (Loss: 0.4246)
[=============================           ]: 4974 (Loss: 0.5314)
[==============================          ]: 4975 (Loss: 0.3276)
[==============================          ]: 4976 (Loss: 0.3938)
[==============================          ]: 4977 (Loss: 0.4391)
[===============================         ]: 4978 (Loss: 0.3066)
[===============================         ]: 4979 (Loss: 0.4247)
[================================        ]: 4980 (Loss: 0.3917)
[================================        ]: 4981 (Loss: 0.4138)
[================================        ]: 4982 (Loss: 0.3735)
[=================================       ]: 4983 (Loss: 0.2502)
[=================================       ]: 4984 (Loss: 0.2464)
[==================================      ]: 4985 (Loss: 0.4165)
[==================================      ]: 4986 (Loss: 0.4226)
[==================================      ]: 4987 (Loss: 0.3370)
[===================================     ]: 4988 (Loss: 0.4524)
[===================================     ]: 4989 (Loss: 0.2680)
[====================================    ]: 4990 (Loss: 0.2637)
[====================================    ]: 4991 (Loss: 0.4318)
[====================================    ]: 4992 (Loss: 0.4019)
[=====================================   ]: 4993 (Loss: 0.4074)
[=====================================   ]: 4994 (Loss: 0.3238)
[======================================  ]: 4995 (Loss: 0.4367)
[======================================  ]: 4996 (Loss: 0.2805)
[======================================  ]: 4997 (Loss: 0.2124)
[======================================= ]: 4998 (Loss: 0.4087)
[======================================= ]: 4999 (Loss: 0.4284)
[========================================]: 5000 (Loss: 0.3221)
                                                                                                    
[2026-07-16 20:58:27,177] [INFO] [__main__] Batch 5000 Loss: 0.373621 Cost: 7.04 Time: 169 ms/sequence

                                                                                                    
[2026-07-16 20:58:27,180] [INFO] [__main__] Saving checkpoint to 'runs\copy_sanity_len5\copy\none\seed_1000\checkpoint-batch-00005000.pt'

                                                                                                    
[2026-07-16 20:58:27,380] [INFO] [__main__] Saving checkpoint to 'runs\copy_sanity_len5\copy\none\seed_1000\checkpoint-final.pt'
[2026-07-16 20:58:27,536] [INFO] [__main__] Done training.
