[2026-07-16 20:58:39,288] [INFO] [__main__] Using seed=1001
[2026-07-16 20:58:40,705] [INFO] [__main__] Training for the **copy** task
[2026-07-16 20:58:40,706] [INFO] [__main__] CopyTaskParams(name='copy-task', controller_size=100, controller_layers=1, num_heads=1, sequence_width=8, sequence_min_len=5, sequence_max_len=5, memory_n=128, memory_m=20, num_batches=5000, batch_size=1, rmsprop_lr=0.0001, rmsprop_momentum=0.9, rmsprop_alpha=0.95, advice_type='none', advice_size=16, advice_strength=1.0, advice_random_seed=1729)
[2026-07-16 20:58:45,456] [INFO] [__main__] Total number of parameters: 62860
[2026-07-16 20:58:45,458] [INFO] [__main__] Training model for 5000 batches (batch_size=1)...

[                                        ]: 1 (Loss: 0.6793)
[                                        ]: 2 (Loss: 0.6969)
[=                                       ]: 3 (Loss: 0.7155)
[=                                       ]: 4 (Loss: 0.7145)
[==                                      ]: 5 (Loss: 0.6982)
[==                                      ]: 6 (Loss: 0.6895)
[==                                      ]: 7 (Loss: 0.6808)
[===                                     ]: 8 (Loss: 0.7076)
[===                                     ]: 9 (Loss: 0.7057)
[====                                    ]: 10 (Loss: 0.6766)
[====                                    ]: 11 (Loss: 0.6897)
[====                                    ]: 12 (Loss: 0.7065)
[=====                                   ]: 13 (Loss: 0.6817)
[=====                                   ]: 14 (Loss: 0.7007)
[======                                  ]: 15 (Loss: 0.6954)
[======                                  ]: 16 (Loss: 0.7009)
[======                                  ]: 17 (Loss: 0.7088)
[=======                                 ]: 18 (Loss: 0.7030)
[=======                                 ]: 19 (Loss: 0.6963)
[========                                ]: 20 (Loss: 0.6892)
[========                                ]: 21 (Loss: 0.7037)
[========                                ]: 22 (Loss: 0.6742)
[=========                               ]: 23 (Loss: 0.6796)
[=========                               ]: 24 (Loss: 0.6617)
[==========                              ]: 25 (Loss: 0.6748)
[==========                              ]: 26 (Loss: 0.6757)
[==========                              ]: 27 (Loss: 0.6741)
[===========                             ]: 28 (Loss: 0.6777)
[===========                             ]: 29 (Loss: 0.6688)
[============                            ]: 30 (Loss: 0.7080)
[============                            ]: 31 (Loss: 0.7010)
[============                            ]: 32 (Loss: 0.6877)
[=============                           ]: 33 (Loss: 0.6887)
[=============                           ]: 34 (Loss: 0.6875)
[==============                          ]: 35 (Loss: 0.6872)
[==============                          ]: 36 (Loss: 0.6911)
[==============                          ]: 37 (Loss: 0.6887)
[===============                         ]: 38 (Loss: 0.6804)
[===============                         ]: 39 (Loss: 0.6891)
[================                        ]: 40 (Loss: 0.7007)
[================                        ]: 41 (Loss: 0.6747)
[================                        ]: 42 (Loss: 0.6658)
[=================                       ]: 43 (Loss: 0.6848)
[=================                       ]: 44 (Loss: 0.6816)
[==================                      ]: 45 (Loss: 0.6564)
[==================                      ]: 46 (Loss: 0.6548)
[==================                      ]: 47 (Loss: 0.6875)
[===================                     ]: 48 (Loss: 0.6671)
[===================                     ]: 49 (Loss: 0.6777)
[====================                    ]: 50 (Loss: 0.6744)
[====================                    ]: 51 (Loss: 0.6728)
[====================                    ]: 52 (Loss: 0.6670)
[=====================                   ]: 53 (Loss: 0.6675)
[=====================                   ]: 54 (Loss: 0.6763)
[======================                  ]: 55 (Loss: 0.6693)
[======================                  ]: 56 (Loss: 0.6832)
[======================                  ]: 57 (Loss: 0.6611)
[=======================                 ]: 58 (Loss: 0.6912)
[=======================                 ]: 59 (Loss: 0.6452)
[========================                ]: 60 (Loss: 0.6958)
[========================                ]: 61 (Loss: 0.6617)
[========================                ]: 62 (Loss: 0.6516)
[=========================               ]: 63 (Loss: 0.6591)
[=========================               ]: 64 (Loss: 0.6695)
[==========================              ]: 65 (Loss: 0.6928)
[==========================              ]: 66 (Loss: 0.6313)
[==========================              ]: 67 (Loss: 0.6688)
[===========================             ]: 68 (Loss: 0.6831)
[===========================             ]: 69 (Loss: 0.6735)
[============================            ]: 70 (Loss: 0.6552)
[============================            ]: 71 (Loss: 0.6589)
[============================            ]: 72 (Loss: 0.6666)
[=============================           ]: 73 (Loss: 0.6541)
[=============================           ]: 74 (Loss: 0.6527)
[==============================          ]: 75 (Loss: 0.6888)
[==============================          ]: 76 (Loss: 0.6460)
[==============================          ]: 77 (Loss: 0.6357)
[===============================         ]: 78 (Loss: 0.6692)
[===============================         ]: 79 (Loss: 0.6573)
[================================        ]: 80 (Loss: 0.6177)
[================================        ]: 81 (Loss: 0.6579)
[================================        ]: 82 (Loss: 0.6601)
[=================================       ]: 83 (Loss: 0.6837)
[=================================       ]: 84 (Loss: 0.6397)
[==================================      ]: 85 (Loss: 0.6319)
[==================================      ]: 86 (Loss: 0.6707)
[==================================      ]: 87 (Loss: 0.6266)
[===================================     ]: 88 (Loss: 0.6754)
[===================================     ]: 89 (Loss: 0.6296)
[====================================    ]: 90 (Loss: 0.6313)
[====================================    ]: 91 (Loss: 0.6727)
[====================================    ]: 92 (Loss: 0.6564)
[=====================================   ]: 93 (Loss: 0.6718)
[=====================================   ]: 94 (Loss: 0.6217)
[======================================  ]: 95 (Loss: 0.6373)
[======================================  ]: 96 (Loss: 0.6451)
[======================================  ]: 97 (Loss: 0.6744)
[======================================= ]: 98 (Loss: 0.6622)
[======================================= ]: 99 (Loss: 0.6489)
[========================================]: 100 (Loss: 0.6034)
                                                                                                    
[2026-07-16 20:59:02,573] [INFO] [__main__] Batch 100 Loss: 0.672858 Cost: 16.80 Time: 171 ms/sequence

[                                        ]: 101 (Loss: 0.6220)
[                                        ]: 102 (Loss: 0.6239)
[=                                       ]: 103 (Loss: 0.6678)
[=                                       ]: 104 (Loss: 0.6380)
[==                                      ]: 105 (Loss: 0.6114)
[==                                      ]: 106 (Loss: 0.6532)
[==                                      ]: 107 (Loss: 0.6253)
[===                                     ]: 108 (Loss: 0.6516)
[===                                     ]: 109 (Loss: 0.6424)
[====                                    ]: 110 (Loss: 0.6523)
[====                                    ]: 111 (Loss: 0.6302)
[====                                    ]: 112 (Loss: 0.6029)
[=====                                   ]: 113 (Loss: 0.6326)
[=====                                   ]: 114 (Loss: 0.6206)
[======                                  ]: 115 (Loss: 0.6538)
[======                                  ]: 116 (Loss: 0.6421)
[======                                  ]: 117 (Loss: 0.6581)
[=======                                 ]: 118 (Loss: 0.6539)
[=======                                 ]: 119 (Loss: 0.6665)
[========                                ]: 120 (Loss: 0.6108)
[========                                ]: 121 (Loss: 0.6910)
[========                                ]: 122 (Loss: 0.6518)
[=========                               ]: 123 (Loss: 0.6328)
[=========                               ]: 124 (Loss: 0.6926)
[==========                              ]: 125 (Loss: 0.6492)
[==========                              ]: 126 (Loss: 0.6321)
[==========                              ]: 127 (Loss: 0.6161)
[===========                             ]: 128 (Loss: 0.6467)
[===========                             ]: 129 (Loss: 0.6270)
[============                            ]: 130 (Loss: 0.5880)
[============                            ]: 131 (Loss: 0.5956)
[============                            ]: 132 (Loss: 0.6333)
[=============                           ]: 133 (Loss: 0.6692)
[=============                           ]: 134 (Loss: 0.6138)
[==============                          ]: 135 (Loss: 0.6729)
[==============                          ]: 136 (Loss: 0.6093)
[==============                          ]: 137 (Loss: 0.6753)
[===============                         ]: 138 (Loss: 0.6119)
[===============                         ]: 139 (Loss: 0.6288)
[================                        ]: 140 (Loss: 0.6506)
[================                        ]: 141 (Loss: 0.6744)
[================                        ]: 142 (Loss: 0.6508)
[=================                       ]: 143 (Loss: 0.6280)
[=================                       ]: 144 (Loss: 0.6293)
[==================                      ]: 145 (Loss: 0.6347)
[==================                      ]: 146 (Loss: 0.6506)
[==================                      ]: 147 (Loss: 0.6409)
[===================                     ]: 148 (Loss: 0.6525)
[===================                     ]: 149 (Loss: 0.6061)
[====================                    ]: 150 (Loss: 0.6086)
[====================                    ]: 151 (Loss: 0.6066)
[====================                    ]: 152 (Loss: 0.6458)
[=====================                   ]: 153 (Loss: 0.6600)
[=====================                   ]: 154 (Loss: 0.6557)
[======================                  ]: 155 (Loss: 0.6418)
[======================                  ]: 156 (Loss: 0.6847)
[======================                  ]: 157 (Loss: 0.6658)
[=======================                 ]: 158 (Loss: 0.6063)
[=======================                 ]: 159 (Loss: 0.6426)
[========================                ]: 160 (Loss: 0.6625)
[========================                ]: 161 (Loss: 0.6686)
[========================                ]: 162 (Loss: 0.6466)
[=========================               ]: 163 (Loss: 0.6677)
[=========================               ]: 164 (Loss: 0.6628)
[==========================              ]: 165 (Loss: 0.6503)
[==========================              ]: 166 (Loss: 0.6424)
[==========================              ]: 167 (Loss: 0.5797)
[===========================             ]: 168 (Loss: 0.6204)
[===========================             ]: 169 (Loss: 0.6125)
[============================            ]: 170 (Loss: 0.6347)
[============================            ]: 171 (Loss: 0.6363)
[============================            ]: 172 (Loss: 0.5753)
[=============================           ]: 173 (Loss: 0.6790)
[=============================           ]: 174 (Loss: 0.6614)
[==============================          ]: 175 (Loss: 0.6452)
[==============================          ]: 176 (Loss: 0.6118)
[==============================          ]: 177 (Loss: 0.6606)
[===============================         ]: 178 (Loss: 0.5757)
[===============================         ]: 179 (Loss: 0.6542)
[================================        ]: 180 (Loss: 0.5690)
[================================        ]: 181 (Loss: 0.6423)
[================================        ]: 182 (Loss: 0.6176)
[=================================       ]: 183 (Loss: 0.6058)
[=================================       ]: 184 (Loss: 0.6505)
[==================================      ]: 185 (Loss: 0.6376)
[==================================      ]: 186 (Loss: 0.6253)
[==================================      ]: 187 (Loss: 0.6801)
[===================================     ]: 188 (Loss: 0.6108)
[===================================     ]: 189 (Loss: 0.6501)
[====================================    ]: 190 (Loss: 0.5532)
[====================================    ]: 191 (Loss: 0.6741)
[====================================    ]: 192 (Loss: 0.6031)
[=====================================   ]: 193 (Loss: 0.5994)
[=====================================   ]: 194 (Loss: 0.6500)
[======================================  ]: 195 (Loss: 0.6525)
[======================================  ]: 196 (Loss: 0.6099)
[======================================  ]: 197 (Loss: 0.6149)
[======================================= ]: 198 (Loss: 0.6458)
[======================================= ]: 199 (Loss: 0.6197)
[========================================]: 200 (Loss: 0.6853)
                                                                                                    
[2026-07-16 20:59:19,384] [INFO] [__main__] Batch 200 Loss: 0.636770 Cost: 14.68 Time: 168 ms/sequence

[                                        ]: 201 (Loss: 0.6298)
[                                        ]: 202 (Loss: 0.6656)
[=                                       ]: 203 (Loss: 0.6179)
[=                                       ]: 204 (Loss: 0.6372)
[==                                      ]: 205 (Loss: 0.6054)
[==                                      ]: 206 (Loss: 0.5581)
[==                                      ]: 207 (Loss: 0.6381)
[===                                     ]: 208 (Loss: 0.6352)
[===                                     ]: 209 (Loss: 0.5768)
[====                                    ]: 210 (Loss: 0.5248)
[====                                    ]: 211 (Loss: 0.6209)
[====                                    ]: 212 (Loss: 0.5837)
[=====                                   ]: 213 (Loss: 0.5946)
[=====                                   ]: 214 (Loss: 0.6713)
[======                                  ]: 215 (Loss: 0.5591)
[======                                  ]: 216 (Loss: 0.6162)
[======                                  ]: 217 (Loss: 0.6534)
[=======                                 ]: 218 (Loss: 0.6231)
[=======                                 ]: 219 (Loss: 0.6837)
[========                                ]: 220 (Loss: 0.6064)
[========                                ]: 221 (Loss: 0.6665)
[========                                ]: 222 (Loss: 0.6440)
[=========                               ]: 223 (Loss: 0.6690)
[=========                               ]: 224 (Loss: 0.5664)
[==========                              ]: 225 (Loss: 0.6387)
[==========                              ]: 226 (Loss: 0.6053)
[==========                              ]: 227 (Loss: 0.5761)
[===========                             ]: 228 (Loss: 0.5993)
[===========                             ]: 229 (Loss: 0.5987)
[============                            ]: 230 (Loss: 0.6195)
[============                            ]: 231 (Loss: 0.6498)
[============                            ]: 232 (Loss: 0.6425)
[=============                           ]: 233 (Loss: 0.6345)
[=============                           ]: 234 (Loss: 0.5638)
[==============                          ]: 235 (Loss: 0.6378)
[==============                          ]: 236 (Loss: 0.6440)
[==============                          ]: 237 (Loss: 0.6329)
[===============                         ]: 238 (Loss: 0.6157)
[===============                         ]: 239 (Loss: 0.6505)
[================                        ]: 240 (Loss: 0.5965)
[================                        ]: 241 (Loss: 0.6145)
[================                        ]: 242 (Loss: 0.6025)
[=================                       ]: 243 (Loss: 0.6613)
[=================                       ]: 244 (Loss: 0.6633)
[==================                      ]: 245 (Loss: 0.6560)
[==================                      ]: 246 (Loss: 0.5991)
[==================                      ]: 247 (Loss: 0.6131)
[===================                     ]: 248 (Loss: 0.6104)
[===================                     ]: 249 (Loss: 0.5581)
[====================                    ]: 250 (Loss: 0.6183)
[====================                    ]: 251 (Loss: 0.6136)
[====================                    ]: 252 (Loss: 0.6147)
[=====================                   ]: 253 (Loss: 0.6449)
[=====================                   ]: 254 (Loss: 0.6212)
[======================                  ]: 255 (Loss: 0.6485)
[======================                  ]: 256 (Loss: 0.6211)
[======================                  ]: 257 (Loss: 0.6203)
[=======================                 ]: 258 (Loss: 0.5789)
[=======================                 ]: 259 (Loss: 0.6339)
[========================                ]: 260 (Loss: 0.6147)
[========================                ]: 261 (Loss: 0.6131)
[========================                ]: 262 (Loss: 0.6272)
[=========================               ]: 263 (Loss: 0.6633)
[=========================               ]: 264 (Loss: 0.6176)
[==========================              ]: 265 (Loss: 0.6572)
[==========================              ]: 266 (Loss: 0.6169)
[==========================              ]: 267 (Loss: 0.5894)
[===========================             ]: 268 (Loss: 0.5633)
[===========================             ]: 269 (Loss: 0.5572)
[============================            ]: 270 (Loss: 0.6011)
[============================            ]: 271 (Loss: 0.6379)
[============================            ]: 272 (Loss: 0.6016)
[=============================           ]: 273 (Loss: 0.6067)
[=============================           ]: 274 (Loss: 0.5969)
[==============================          ]: 275 (Loss: 0.5573)
[==============================          ]: 276 (Loss: 0.6095)
[==============================          ]: 277 (Loss: 0.6401)
[===============================         ]: 278 (Loss: 0.6265)
[===============================         ]: 279 (Loss: 0.5570)
[================================        ]: 280 (Loss: 0.5510)
[================================        ]: 281 (Loss: 0.5786)
[================================        ]: 282 (Loss: 0.6000)
[=================================       ]: 283 (Loss: 0.6335)
[=================================       ]: 284 (Loss: 0.5657)
[==================================      ]: 285 (Loss: 0.6166)
[==================================      ]: 286 (Loss: 0.6343)
[==================================      ]: 287 (Loss: 0.5863)
[===================================     ]: 288 (Loss: 0.6156)
[===================================     ]: 289 (Loss: 0.6214)
[====================================    ]: 290 (Loss: 0.5924)
[====================================    ]: 291 (Loss: 0.5944)
[====================================    ]: 292 (Loss: 0.6480)
[=====================================   ]: 293 (Loss: 0.5843)
[=====================================   ]: 294 (Loss: 0.5862)
[======================================  ]: 295 (Loss: 0.5892)
[======================================  ]: 296 (Loss: 0.5642)
[======================================  ]: 297 (Loss: 0.5521)
[======================================= ]: 298 (Loss: 0.5842)
[======================================= ]: 299 (Loss: 0.5508)
[========================================]: 300 (Loss: 0.6086)
                                                                                                    
[2026-07-16 20:59:36,159] [INFO] [__main__] Batch 300 Loss: 0.611583 Cost: 13.11 Time: 167 ms/sequence

[                                        ]: 301 (Loss: 0.5929)
[                                        ]: 302 (Loss: 0.6145)
[=                                       ]: 303 (Loss: 0.6160)
[=                                       ]: 304 (Loss: 0.5910)
[==                                      ]: 305 (Loss: 0.6252)
[==                                      ]: 306 (Loss: 0.6400)
[==                                      ]: 307 (Loss: 0.6147)
[===                                     ]: 308 (Loss: 0.5943)
[===                                     ]: 309 (Loss: 0.6075)
[====                                    ]: 310 (Loss: 0.6158)
[====                                    ]: 311 (Loss: 0.6742)
[====                                    ]: 312 (Loss: 0.5923)
[=====                                   ]: 313 (Loss: 0.6092)
[=====                                   ]: 314 (Loss: 0.6219)
[======                                  ]: 315 (Loss: 0.5744)
[======                                  ]: 316 (Loss: 0.5383)
[======                                  ]: 317 (Loss: 0.6165)
[=======                                 ]: 318 (Loss: 0.5739)
[=======                                 ]: 319 (Loss: 0.6462)
[========                                ]: 320 (Loss: 0.6030)
[========                                ]: 321 (Loss: 0.6326)
[========                                ]: 322 (Loss: 0.6301)
[=========                               ]: 323 (Loss: 0.6284)
[=========                               ]: 324 (Loss: 0.6166)
[==========                              ]: 325 (Loss: 0.6117)
[==========                              ]: 326 (Loss: 0.6127)
[==========                              ]: 327 (Loss: 0.5741)
[===========                             ]: 328 (Loss: 0.5952)
[===========                             ]: 329 (Loss: 0.6134)
[============                            ]: 330 (Loss: 0.6373)
[============                            ]: 331 (Loss: 0.5411)
[============                            ]: 332 (Loss: 0.6638)
[=============                           ]: 333 (Loss: 0.5267)
[=============                           ]: 334 (Loss: 0.6568)
[==============                          ]: 335 (Loss: 0.6269)
[==============                          ]: 336 (Loss: 0.5702)
[==============                          ]: 337 (Loss: 0.5919)
[===============                         ]: 338 (Loss: 0.6015)
[===============                         ]: 339 (Loss: 0.6772)
[================                        ]: 340 (Loss: 0.6629)
[================                        ]: 341 (Loss: 0.6551)
[================                        ]: 342 (Loss: 0.5904)
[=================                       ]: 343 (Loss: 0.5088)
[=================                       ]: 344 (Loss: 0.5921)
[==================                      ]: 345 (Loss: 0.5942)
[==================                      ]: 346 (Loss: 0.5880)
[==================                      ]: 347 (Loss: 0.5869)
[===================                     ]: 348 (Loss: 0.6105)
[===================                     ]: 349 (Loss: 0.6191)
[====================                    ]: 350 (Loss: 0.6440)
[====================                    ]: 351 (Loss: 0.5946)
[====================                    ]: 352 (Loss: 0.6226)
[=====================                   ]: 353 (Loss: 0.5762)
[=====================                   ]: 354 (Loss: 0.6042)
[======================                  ]: 355 (Loss: 0.5973)
[======================                  ]: 356 (Loss: 0.5860)
[======================                  ]: 357 (Loss: 0.5514)
[=======================                 ]: 358 (Loss: 0.5987)
[=======================                 ]: 359 (Loss: 0.5858)
[========================                ]: 360 (Loss: 0.6176)
[========================                ]: 361 (Loss: 0.6039)
[========================                ]: 362 (Loss: 0.6055)
[=========================               ]: 363 (Loss: 0.5432)
[=========================               ]: 364 (Loss: 0.5916)
[==========================              ]: 365 (Loss: 0.5672)
[==========================              ]: 366 (Loss: 0.5459)
[==========================              ]: 367 (Loss: 0.6232)
[===========================             ]: 368 (Loss: 0.5592)
[===========================             ]: 369 (Loss: 0.5286)
[============================            ]: 370 (Loss: 0.5702)
[============================            ]: 371 (Loss: 0.5289)
[============================            ]: 372 (Loss: 0.6143)
[=============================           ]: 373 (Loss: 0.5657)
[=============================           ]: 374 (Loss: 0.5557)
[==============================          ]: 375 (Loss: 0.6270)
[==============================          ]: 376 (Loss: 0.6522)
[==============================          ]: 377 (Loss: 0.5855)
[===============================         ]: 378 (Loss: 0.5930)
[===============================         ]: 379 (Loss: 0.5873)
[================================        ]: 380 (Loss: 0.5729)
[================================        ]: 381 (Loss: 0.5648)
[================================        ]: 382 (Loss: 0.6305)
[=================================       ]: 383 (Loss: 0.5907)
[=================================       ]: 384 (Loss: 0.5764)
[==================================      ]: 385 (Loss: 0.5598)
[==================================      ]: 386 (Loss: 0.5165)
[==================================      ]: 387 (Loss: 0.6020)
[===================================     ]: 388 (Loss: 0.6674)
[===================================     ]: 389 (Loss: 0.5769)
[====================================    ]: 390 (Loss: 0.5103)
[====================================    ]: 391 (Loss: 0.4909)
[====================================    ]: 392 (Loss: 0.5996)
[=====================================   ]: 393 (Loss: 0.5470)
[=====================================   ]: 394 (Loss: 0.5944)
[======================================  ]: 395 (Loss: 0.5456)
[======================================  ]: 396 (Loss: 0.6263)
[======================================  ]: 397 (Loss: 0.5808)
[======================================= ]: 398 (Loss: 0.5470)
[======================================= ]: 399 (Loss: 0.5471)
[========================================]: 400 (Loss: 0.5868)
                                                                                                    
[2026-07-16 20:59:53,421] [INFO] [__main__] Batch 400 Loss: 0.594387 Cost: 12.59 Time: 172 ms/sequence

[                                        ]: 401 (Loss: 0.5013)
[                                        ]: 402 (Loss: 0.6205)
[=                                       ]: 403 (Loss: 0.5762)
[=                                       ]: 404 (Loss: 0.6064)
[==                                      ]: 405 (Loss: 0.5664)
[==                                      ]: 406 (Loss: 0.5608)
[==                                      ]: 407 (Loss: 0.6322)
[===                                     ]: 408 (Loss: 0.4913)
[===                                     ]: 409 (Loss: 0.5865)
[====                                    ]: 410 (Loss: 0.5810)
[====                                    ]: 411 (Loss: 0.5884)
[====                                    ]: 412 (Loss: 0.6556)
[=====                                   ]: 413 (Loss: 0.6024)
[=====                                   ]: 414 (Loss: 0.6228)
[======                                  ]: 415 (Loss: 0.6046)
[======                                  ]: 416 (Loss: 0.6208)
[======                                  ]: 417 (Loss: 0.5628)
[=======                                 ]: 418 (Loss: 0.5858)
[=======                                 ]: 419 (Loss: 0.5587)
[========                                ]: 420 (Loss: 0.6073)
[========                                ]: 421 (Loss: 0.6427)
[========                                ]: 422 (Loss: 0.6280)
[=========                               ]: 423 (Loss: 0.6551)
[=========                               ]: 424 (Loss: 0.5785)
[==========                              ]: 425 (Loss: 0.6120)
[==========                              ]: 426 (Loss: 0.5743)
[==========                              ]: 427 (Loss: 0.5462)
[===========                             ]: 428 (Loss: 0.6847)
[===========                             ]: 429 (Loss: 0.5010)
[============                            ]: 430 (Loss: 0.5883)
[============                            ]: 431 (Loss: 0.6512)
[============                            ]: 432 (Loss: 0.5792)
[=============                           ]: 433 (Loss: 0.6231)
[=============                           ]: 434 (Loss: 0.5984)
[==============                          ]: 435 (Loss: 0.6340)
[==============                          ]: 436 (Loss: 0.5656)
[==============                          ]: 437 (Loss: 0.6171)
[===============                         ]: 438 (Loss: 0.5624)
[===============                         ]: 439 (Loss: 0.5897)
[================                        ]: 440 (Loss: 0.5807)
[================                        ]: 441 (Loss: 0.6161)
[================                        ]: 442 (Loss: 0.6409)
[=================                       ]: 443 (Loss: 0.5895)
[=================                       ]: 444 (Loss: 0.5477)
[==================                      ]: 445 (Loss: 0.5817)
[==================                      ]: 446 (Loss: 0.5598)
[==================                      ]: 447 (Loss: 0.5489)
[===================                     ]: 448 (Loss: 0.6451)
[===================                     ]: 449 (Loss: 0.6085)
[====================                    ]: 450 (Loss: 0.5485)
[====================                    ]: 451 (Loss: 0.5278)
[====================                    ]: 452 (Loss: 0.5709)
[=====================                   ]: 453 (Loss: 0.6262)
[=====================                   ]: 454 (Loss: 0.5593)
[======================                  ]: 455 (Loss: 0.5855)
[======================                  ]: 456 (Loss: 0.6106)
[======================                  ]: 457 (Loss: 0.5698)
[=======================                 ]: 458 (Loss: 0.5647)
[=======================                 ]: 459 (Loss: 0.5333)
[========================                ]: 460 (Loss: 0.5727)
[========================                ]: 461 (Loss: 0.5601)
[========================                ]: 462 (Loss: 0.5824)
[=========================               ]: 463 (Loss: 0.6228)
[=========================               ]: 464 (Loss: 0.5460)
[==========================              ]: 465 (Loss: 0.6135)
[==========================              ]: 466 (Loss: 0.5868)
[==========================              ]: 467 (Loss: 0.5884)
[===========================             ]: 468 (Loss: 0.5493)
[===========================             ]: 469 (Loss: 0.5485)
[============================            ]: 470 (Loss: 0.5899)
[============================            ]: 471 (Loss: 0.5087)
[============================            ]: 472 (Loss: 0.5971)
[=============================           ]: 473 (Loss: 0.5869)
[=============================           ]: 474 (Loss: 0.5988)
[==============================          ]: 475 (Loss: 0.5493)
[==============================          ]: 476 (Loss: 0.6268)
[==============================          ]: 477 (Loss: 0.5570)
[===============================         ]: 478 (Loss: 0.6207)
[===============================         ]: 479 (Loss: 0.5600)
[================================        ]: 480 (Loss: 0.5594)
[================================        ]: 481 (Loss: 0.5993)
[================================        ]: 482 (Loss: 0.5462)
[=================================       ]: 483 (Loss: 0.6226)
[=================================       ]: 484 (Loss: 0.5466)
[==================================      ]: 485 (Loss: 0.5695)
[==================================      ]: 486 (Loss: 0.5399)
[==================================      ]: 487 (Loss: 0.5245)
[===================================     ]: 488 (Loss: 0.5833)
[===================================     ]: 489 (Loss: 0.5506)
[====================================    ]: 490 (Loss: 0.6375)
[====================================    ]: 491 (Loss: 0.5654)
[====================================    ]: 492 (Loss: 0.5641)
[=====================================   ]: 493 (Loss: 0.5844)
[=====================================   ]: 494 (Loss: 0.5932)
[======================================  ]: 495 (Loss: 0.6192)
[======================================  ]: 496 (Loss: 0.6531)
[======================================  ]: 497 (Loss: 0.5930)
[======================================= ]: 498 (Loss: 0.5677)
[======================================= ]: 499 (Loss: 0.6133)
[========================================]: 500 (Loss: 0.6002)
                                                                                                    
[2026-07-16 21:00:10,305] [INFO] [__main__] Batch 500 Loss: 0.585775 Cost: 12.39 Time: 168 ms/sequence

[                                        ]: 501 (Loss: 0.6135)
[                                        ]: 502 (Loss: 0.6847)
[=                                       ]: 503 (Loss: 0.5766)
[=                                       ]: 504 (Loss: 0.5176)
[==                                      ]: 505 (Loss: 0.5150)
[==                                      ]: 506 (Loss: 0.5683)
[==                                      ]: 507 (Loss: 0.5489)
[===                                     ]: 508 (Loss: 0.5701)
[===                                     ]: 509 (Loss: 0.5970)
[====                                    ]: 510 (Loss: 0.6105)
[====                                    ]: 511 (Loss: 0.6270)
[====                                    ]: 512 (Loss: 0.5731)
[=====                                   ]: 513 (Loss: 0.6305)
[=====                                   ]: 514 (Loss: 0.5946)
[======                                  ]: 515 (Loss: 0.5800)
[======                                  ]: 516 (Loss: 0.5325)
[======                                  ]: 517 (Loss: 0.5676)
[=======                                 ]: 518 (Loss: 0.6385)
[=======                                 ]: 519 (Loss: 0.6401)
[========                                ]: 520 (Loss: 0.5730)
[========                                ]: 521 (Loss: 0.5642)
[========                                ]: 522 (Loss: 0.6556)
[=========                               ]: 523 (Loss: 0.5734)
[=========                               ]: 524 (Loss: 0.6263)
[==========                              ]: 525 (Loss: 0.5588)
[==========                              ]: 526 (Loss: 0.6023)
[==========                              ]: 527 (Loss: 0.5231)
[===========                             ]: 528 (Loss: 0.5334)
[===========                             ]: 529 (Loss: 0.5959)
[============                            ]: 530 (Loss: 0.6043)
[============                            ]: 531 (Loss: 0.5788)
[============                            ]: 532 (Loss: 0.6028)
[=============                           ]: 533 (Loss: 0.6194)
[=============                           ]: 534 (Loss: 0.5885)
[==============                          ]: 535 (Loss: 0.5712)
[==============                          ]: 536 (Loss: 0.5857)
[==============                          ]: 537 (Loss: 0.5544)
[===============                         ]: 538 (Loss: 0.5996)
[===============                         ]: 539 (Loss: 0.4685)
[================                        ]: 540 (Loss: 0.6689)
[================                        ]: 541 (Loss: 0.5836)
[================                        ]: 542 (Loss: 0.6269)
[=================                       ]: 543 (Loss: 0.5472)
[=================                       ]: 544 (Loss: 0.5916)
[==================                      ]: 545 (Loss: 0.5932)
[==================                      ]: 546 (Loss: 0.5843)
[==================                      ]: 547 (Loss: 0.5628)
[===================                     ]: 548 (Loss: 0.5435)
[===================                     ]: 549 (Loss: 0.4959)
[====================                    ]: 550 (Loss: 0.6011)
[====================                    ]: 551 (Loss: 0.5597)
[====================                    ]: 552 (Loss: 0.6228)
[=====================                   ]: 553 (Loss: 0.5070)
[=====================                   ]: 554 (Loss: 0.4826)
[======================                  ]: 555 (Loss: 0.6629)
[======================                  ]: 556 (Loss: 0.5249)
[======================                  ]: 557 (Loss: 0.5975)
[=======================                 ]: 558 (Loss: 0.4968)
[=======================                 ]: 559 (Loss: 0.5805)
[========================                ]: 560 (Loss: 0.5896)
[========================                ]: 561 (Loss: 0.5506)
[========================                ]: 562 (Loss: 0.5716)
[=========================               ]: 563 (Loss: 0.5870)
[=========================               ]: 564 (Loss: 0.5079)
[==========================              ]: 565 (Loss: 0.4761)
[==========================              ]: 566 (Loss: 0.5966)
[==========================              ]: 567 (Loss: 0.5876)
[===========================             ]: 568 (Loss: 0.5521)
[===========================             ]: 569 (Loss: 0.5254)
[============================            ]: 570 (Loss: 0.5795)
[============================            ]: 571 (Loss: 0.5699)
[============================            ]: 572 (Loss: 0.4962)
[=============================           ]: 573 (Loss: 0.5926)
[=============================           ]: 574 (Loss: 0.6060)
[==============================          ]: 575 (Loss: 0.4013)
[==============================          ]: 576 (Loss: 0.5677)
[==============================          ]: 577 (Loss: 0.5367)
[===============================         ]: 578 (Loss: 0.5286)
[===============================         ]: 579 (Loss: 0.6102)
[================================        ]: 580 (Loss: 0.6275)
[================================        ]: 581 (Loss: 0.5364)
[================================        ]: 582 (Loss: 0.5697)
[=================================       ]: 583 (Loss: 0.6294)
[=================================       ]: 584 (Loss: 0.6487)
[==================================      ]: 585 (Loss: 0.6136)
[==================================      ]: 586 (Loss: 0.4993)
[==================================      ]: 587 (Loss: 0.5133)
[===================================     ]: 588 (Loss: 0.4867)
[===================================     ]: 589 (Loss: 0.6401)
[====================================    ]: 590 (Loss: 0.5741)
[====================================    ]: 591 (Loss: 0.6092)
[====================================    ]: 592 (Loss: 0.4969)
[=====================================   ]: 593 (Loss: 0.4910)
[=====================================   ]: 594 (Loss: 0.4869)
[======================================  ]: 595 (Loss: 0.5842)
[======================================  ]: 596 (Loss: 0.5964)
[======================================  ]: 597 (Loss: 0.5619)
[======================================= ]: 598 (Loss: 0.5998)
[======================================= ]: 599 (Loss: 0.5587)
[========================================]: 600 (Loss: 0.5814)
                                                                                                    
[2026-07-16 21:00:27,166] [INFO] [__main__] Batch 600 Loss: 0.571369 Cost: 11.90 Time: 168 ms/sequence

[                                        ]: 601 (Loss: 0.5820)
[                                        ]: 602 (Loss: 0.5558)
[=                                       ]: 603 (Loss: 0.6249)
[=                                       ]: 604 (Loss: 0.5538)
[==                                      ]: 605 (Loss: 0.6293)
[==                                      ]: 606 (Loss: 0.6501)
[==                                      ]: 607 (Loss: 0.5411)
[===                                     ]: 608 (Loss: 0.5416)
[===                                     ]: 609 (Loss: 0.5632)
[====                                    ]: 610 (Loss: 0.5577)
[====                                    ]: 611 (Loss: 0.5945)
[====                                    ]: 612 (Loss: 0.5936)
[=====                                   ]: 613 (Loss: 0.5735)
[=====                                   ]: 614 (Loss: 0.5792)
[======                                  ]: 615 (Loss: 0.6325)
[======                                  ]: 616 (Loss: 0.5527)
[======                                  ]: 617 (Loss: 0.5647)
[=======                                 ]: 618 (Loss: 0.5728)
[=======                                 ]: 619 (Loss: 0.4772)
[========                                ]: 620 (Loss: 0.5562)
[========                                ]: 621 (Loss: 0.5661)
[========                                ]: 622 (Loss: 0.5811)
[=========                               ]: 623 (Loss: 0.5682)
[=========                               ]: 624 (Loss: 0.6024)
[==========                              ]: 625 (Loss: 0.5044)
[==========                              ]: 626 (Loss: 0.6086)
[==========                              ]: 627 (Loss: 0.4868)
[===========                             ]: 628 (Loss: 0.5930)
[===========                             ]: 629 (Loss: 0.5185)
[============                            ]: 630 (Loss: 0.4539)
[============                            ]: 631 (Loss: 0.6140)
[============                            ]: 632 (Loss: 0.5512)
[=============                           ]: 633 (Loss: 0.6154)
[=============                           ]: 634 (Loss: 0.6029)
[==============                          ]: 635 (Loss: 0.5445)
[==============                          ]: 636 (Loss: 0.5534)
[==============                          ]: 637 (Loss: 0.5611)
[===============                         ]: 638 (Loss: 0.6047)
[===============                         ]: 639 (Loss: 0.4716)
[================                        ]: 640 (Loss: 0.5989)
[================                        ]: 641 (Loss: 0.5473)
[================                        ]: 642 (Loss: 0.6117)
[=================                       ]: 643 (Loss: 0.5020)
[=================                       ]: 644 (Loss: 0.5743)
[==================                      ]: 645 (Loss: 0.5915)
[==================                      ]: 646 (Loss: 0.5293)
[==================                      ]: 647 (Loss: 0.5217)
[===================                     ]: 648 (Loss: 0.5489)
[===================                     ]: 649 (Loss: 0.5571)
[====================                    ]: 650 (Loss: 0.5456)
[====================                    ]: 651 (Loss: 0.5933)
[====================                    ]: 652 (Loss: 0.5811)
[=====================                   ]: 653 (Loss: 0.6628)
[=====================                   ]: 654 (Loss: 0.5480)
[======================                  ]: 655 (Loss: 0.6203)
[======================                  ]: 656 (Loss: 0.5904)
[======================                  ]: 657 (Loss: 0.5232)
[=======================                 ]: 658 (Loss: 0.5671)
[=======================                 ]: 659 (Loss: 0.6001)
[========================                ]: 660 (Loss: 0.5530)
[========================                ]: 661 (Loss: 0.5170)
[========================                ]: 662 (Loss: 0.6099)
[=========================               ]: 663 (Loss: 0.6855)
[=========================               ]: 664 (Loss: 0.6243)
[==========================              ]: 665 (Loss: 0.5698)
[==========================              ]: 666 (Loss: 0.5707)
[==========================              ]: 667 (Loss: 0.5623)
[===========================             ]: 668 (Loss: 0.5941)
[===========================             ]: 669 (Loss: 0.5416)
[============================            ]: 670 (Loss: 0.5765)
[============================            ]: 671 (Loss: 0.5520)
[============================            ]: 672 (Loss: 0.5857)
[=============================           ]: 673 (Loss: 0.4937)
[=============================           ]: 674 (Loss: 0.5401)
[==============================          ]: 675 (Loss: 0.5312)
[==============================          ]: 676 (Loss: 0.5418)
[==============================          ]: 677 (Loss: 0.5124)
[===============================         ]: 678 (Loss: 0.5815)
[===============================         ]: 679 (Loss: 0.5814)
[================================        ]: 680 (Loss: 0.5448)
[================================        ]: 681 (Loss: 0.5433)
[================================        ]: 682 (Loss: 0.5203)
[=================================       ]: 683 (Loss: 0.5467)
[=================================       ]: 684 (Loss: 0.5527)
[==================================      ]: 685 (Loss: 0.5643)
[==================================      ]: 686 (Loss: 0.5330)
[==================================      ]: 687 (Loss: 0.4976)
[===================================     ]: 688 (Loss: 0.5901)
[===================================     ]: 689 (Loss: 0.6228)
[====================================    ]: 690 (Loss: 0.5725)
[====================================    ]: 691 (Loss: 0.4809)
[====================================    ]: 692 (Loss: 0.4878)
[=====================================   ]: 693 (Loss: 0.5213)
[=====================================   ]: 694 (Loss: 0.5338)
[======================================  ]: 695 (Loss: 0.5833)
[======================================  ]: 696 (Loss: 0.5371)
[======================================  ]: 697 (Loss: 0.5724)
[======================================= ]: 698 (Loss: 0.6766)
[======================================= ]: 699 (Loss: 0.6578)
[========================================]: 700 (Loss: 0.5067)
                                                                                                    
[2026-07-16 21:00:43,945] [INFO] [__main__] Batch 700 Loss: 0.564833 Cost: 11.73 Time: 167 ms/sequence

[                                        ]: 701 (Loss: 0.5559)
[                                        ]: 702 (Loss: 0.6304)
[=                                       ]: 703 (Loss: 0.5647)
[=                                       ]: 704 (Loss: 0.5565)
[==                                      ]: 705 (Loss: 0.5575)
[==                                      ]: 706 (Loss: 0.5468)
[==                                      ]: 707 (Loss: 0.5120)
[===                                     ]: 708 (Loss: 0.4801)
[===                                     ]: 709 (Loss: 0.4940)
[====                                    ]: 710 (Loss: 0.5382)
[====                                    ]: 711 (Loss: 0.5386)
[====                                    ]: 712 (Loss: 0.5879)
[=====                                   ]: 713 (Loss: 0.6058)
[=====                                   ]: 714 (Loss: 0.5315)
[======                                  ]: 715 (Loss: 0.5397)
[======                                  ]: 716 (Loss: 0.5114)
[======                                  ]: 717 (Loss: 0.5645)
[=======                                 ]: 718 (Loss: 0.5706)
[=======                                 ]: 719 (Loss: 0.4907)
[========                                ]: 720 (Loss: 0.5106)
[========                                ]: 721 (Loss: 0.5314)
[========                                ]: 722 (Loss: 0.5509)
[=========                               ]: 723 (Loss: 0.6006)
[=========                               ]: 724 (Loss: 0.5045)
[==========                              ]: 725 (Loss: 0.5563)
[==========                              ]: 726 (Loss: 0.5244)
[==========                              ]: 727 (Loss: 0.5646)
[===========                             ]: 728 (Loss: 0.4947)
[===========                             ]: 729 (Loss: 0.5539)
[============                            ]: 730 (Loss: 0.5831)
[============                            ]: 731 (Loss: 0.6339)
[============                            ]: 732 (Loss: 0.5457)
[=============                           ]: 733 (Loss: 0.5676)
[=============                           ]: 734 (Loss: 0.5358)
[==============                          ]: 735 (Loss: 0.5518)
[==============                          ]: 736 (Loss: 0.5737)
[==============                          ]: 737 (Loss: 0.5400)
[===============                         ]: 738 (Loss: 0.5485)
[===============                         ]: 739 (Loss: 0.4660)
[================                        ]: 740 (Loss: 0.5941)
[================                        ]: 741 (Loss: 0.5889)
[================                        ]: 742 (Loss: 0.5833)
[=================                       ]: 743 (Loss: 0.4717)
[=================                       ]: 744 (Loss: 0.5023)
[==================                      ]: 745 (Loss: 0.6056)
[==================                      ]: 746 (Loss: 0.6083)
[==================                      ]: 747 (Loss: 0.6270)
[===================                     ]: 748 (Loss: 0.4926)
[===================                     ]: 749 (Loss: 0.4675)
[====================                    ]: 750 (Loss: 0.4965)
[====================                    ]: 751 (Loss: 0.6118)
[====================                    ]: 752 (Loss: 0.5989)
[=====================                   ]: 753 (Loss: 0.5462)
[=====================                   ]: 754 (Loss: 0.6550)
[======================                  ]: 755 (Loss: 0.5403)
[======================                  ]: 756 (Loss: 0.5109)
[======================                  ]: 757 (Loss: 0.5964)
[=======================                 ]: 758 (Loss: 0.5281)
[=======================                 ]: 759 (Loss: 0.5575)
[========================                ]: 760 (Loss: 0.6123)
[========================                ]: 761 (Loss: 0.6205)
[========================                ]: 762 (Loss: 0.5681)
[=========================               ]: 763 (Loss: 0.5640)
[=========================               ]: 764 (Loss: 0.5805)
[==========================              ]: 765 (Loss: 0.5452)
[==========================              ]: 766 (Loss: 0.5354)
[==========================              ]: 767 (Loss: 0.5645)
[===========================             ]: 768 (Loss: 0.5776)
[===========================             ]: 769 (Loss: 0.5816)
[============================            ]: 770 (Loss: 0.6143)
[============================            ]: 771 (Loss: 0.5162)
[============================            ]: 772 (Loss: 0.5416)
[=============================           ]: 773 (Loss: 0.5127)
[=============================           ]: 774 (Loss: 0.5079)
[==============================          ]: 775 (Loss: 0.5301)
[==============================          ]: 776 (Loss: 0.6178)
[==============================          ]: 777 (Loss: 0.5262)
[===============================         ]: 778 (Loss: 0.5787)
[===============================         ]: 779 (Loss: 0.5685)
[================================        ]: 780 (Loss: 0.5350)
[================================        ]: 781 (Loss: 0.6159)
[================================        ]: 782 (Loss: 0.5812)
[=================================       ]: 783 (Loss: 0.5364)
[=================================       ]: 784 (Loss: 0.5709)
[==================================      ]: 785 (Loss: 0.6027)
[==================================      ]: 786 (Loss: 0.6044)
[==================================      ]: 787 (Loss: 0.5839)
[===================================     ]: 788 (Loss: 0.5214)
[===================================     ]: 789 (Loss: 0.5029)
[====================================    ]: 790 (Loss: 0.5582)
[====================================    ]: 791 (Loss: 0.5489)
[====================================    ]: 792 (Loss: 0.5569)
[=====================================   ]: 793 (Loss: 0.5708)
[=====================================   ]: 794 (Loss: 0.5574)
[======================================  ]: 795 (Loss: 0.4857)
[======================================  ]: 796 (Loss: 0.5671)
[======================================  ]: 797 (Loss: 0.5577)
[======================================= ]: 798 (Loss: 0.5745)
[======================================= ]: 799 (Loss: 0.5234)
[========================================]: 800 (Loss: 0.5632)
                                                                                                    
[2026-07-16 21:01:00,800] [INFO] [__main__] Batch 800 Loss: 0.554804 Cost: 11.50 Time: 168 ms/sequence

[                                        ]: 801 (Loss: 0.4753)
[                                        ]: 802 (Loss: 0.5042)
[=                                       ]: 803 (Loss: 0.4983)
[=                                       ]: 804 (Loss: 0.5845)
[==                                      ]: 805 (Loss: 0.4606)
[==                                      ]: 806 (Loss: 0.5487)
[==                                      ]: 807 (Loss: 0.5079)
[===                                     ]: 808 (Loss: 0.4997)
[===                                     ]: 809 (Loss: 0.5098)
[====                                    ]: 810 (Loss: 0.4936)
[====                                    ]: 811 (Loss: 0.6484)
[====                                    ]: 812 (Loss: 0.4143)
[=====                                   ]: 813 (Loss: 0.5776)
[=====                                   ]: 814 (Loss: 0.6065)
[======                                  ]: 815 (Loss: 0.5408)
[======                                  ]: 816 (Loss: 0.4842)
[======                                  ]: 817 (Loss: 0.5568)
[=======                                 ]: 818 (Loss: 0.5619)
[=======                                 ]: 819 (Loss: 0.4590)
[========                                ]: 820 (Loss: 0.4604)
[========                                ]: 821 (Loss: 0.4550)
[========                                ]: 822 (Loss: 0.6152)
[=========                               ]: 823 (Loss: 0.6146)
[=========                               ]: 824 (Loss: 0.4855)
[==========                              ]: 825 (Loss: 0.4910)
[==========                              ]: 826 (Loss: 0.4765)
[==========                              ]: 827 (Loss: 0.5867)
[===========                             ]: 828 (Loss: 0.5689)
[===========                             ]: 829 (Loss: 0.6153)
[============                            ]: 830 (Loss: 0.4905)
[============                            ]: 831 (Loss: 0.4764)
[============                            ]: 832 (Loss: 0.5698)
[=============                           ]: 833 (Loss: 0.5540)
[=============                           ]: 834 (Loss: 0.5610)
[==============                          ]: 835 (Loss: 0.5143)
[==============                          ]: 836 (Loss: 0.6092)
[==============                          ]: 837 (Loss: 0.5133)
[===============                         ]: 838 (Loss: 0.4929)
[===============                         ]: 839 (Loss: 0.5460)
[================                        ]: 840 (Loss: 0.6023)
[================                        ]: 841 (Loss: 0.5339)
[================                        ]: 842 (Loss: 0.5579)
[=================                       ]: 843 (Loss: 0.4929)
[=================                       ]: 844 (Loss: 0.5383)
[==================                      ]: 845 (Loss: 0.5792)
[==================                      ]: 846 (Loss: 0.5092)
[==================                      ]: 847 (Loss: 0.3948)
[===================                     ]: 848 (Loss: 0.4808)
[===================                     ]: 849 (Loss: 0.5933)
[====================                    ]: 850 (Loss: 0.5963)
[====================                    ]: 851 (Loss: 0.6016)
[====================                    ]: 852 (Loss: 0.4758)
[=====================                   ]: 853 (Loss: 0.5699)
[=====================                   ]: 854 (Loss: 0.5075)
[======================                  ]: 855 (Loss: 0.5282)
[======================                  ]: 856 (Loss: 0.5189)
[======================                  ]: 857 (Loss: 0.4915)
[=======================                 ]: 858 (Loss: 0.5516)
[=======================                 ]: 859 (Loss: 0.5640)
[========================                ]: 860 (Loss: 0.6006)
[========================                ]: 861 (Loss: 0.5273)
[========================                ]: 862 (Loss: 0.5694)
[=========================               ]: 863 (Loss: 0.5127)
[=========================               ]: 864 (Loss: 0.5582)
[==========================              ]: 865 (Loss: 0.6118)
[==========================              ]: 866 (Loss: 0.5099)
[==========================              ]: 867 (Loss: 0.5933)
[===========================             ]: 868 (Loss: 0.4218)
[===========================             ]: 869 (Loss: 0.5047)
[============================            ]: 870 (Loss: 0.5977)
[============================            ]: 871 (Loss: 0.4932)
[============================            ]: 872 (Loss: 0.5955)
[=============================           ]: 873 (Loss: 0.5769)
[=============================           ]: 874 (Loss: 0.5995)
[==============================          ]: 875 (Loss: 0.5477)
[==============================          ]: 876 (Loss: 0.6152)
[==============================          ]: 877 (Loss: 0.5484)
[===============================         ]: 878 (Loss: 0.5512)
[===============================         ]: 879 (Loss: 0.5951)
[================================        ]: 880 (Loss: 0.5753)
[================================        ]: 881 (Loss: 0.5558)
[================================        ]: 882 (Loss: 0.6018)
[=================================       ]: 883 (Loss: 0.4889)
[=================================       ]: 884 (Loss: 0.5832)
[==================================      ]: 885 (Loss: 0.5650)
[==================================      ]: 886 (Loss: 0.5608)
[==================================      ]: 887 (Loss: 0.5719)
[===================================     ]: 888 (Loss: 0.4048)
[===================================     ]: 889 (Loss: 0.5238)
[====================================    ]: 890 (Loss: 0.5556)
[====================================    ]: 891 (Loss: 0.4849)
[====================================    ]: 892 (Loss: 0.5083)
[=====================================   ]: 893 (Loss: 0.6309)
[=====================================   ]: 894 (Loss: 0.4907)
[======================================  ]: 895 (Loss: 0.6125)
[======================================  ]: 896 (Loss: 0.5053)
[======================================  ]: 897 (Loss: 0.5489)
[======================================= ]: 898 (Loss: 0.5622)
[======================================= ]: 899 (Loss: 0.5827)
[========================================]: 900 (Loss: 0.6068)
                                                                                                    
[2026-07-16 21:01:17,662] [INFO] [__main__] Batch 900 Loss: 0.539667 Cost: 11.01 Time: 168 ms/sequence

[                                        ]: 901 (Loss: 0.5347)
[                                        ]: 902 (Loss: 0.5061)
[=                                       ]: 903 (Loss: 0.5738)
[=                                       ]: 904 (Loss: 0.5494)
[==                                      ]: 905 (Loss: 0.5047)
[==                                      ]: 906 (Loss: 0.5122)
[==                                      ]: 907 (Loss: 0.5531)
[===                                     ]: 908 (Loss: 0.5623)
[===                                     ]: 909 (Loss: 0.6853)
[====                                    ]: 910 (Loss: 0.5162)
[====                                    ]: 911 (Loss: 0.6108)
[====                                    ]: 912 (Loss: 0.5099)
[=====                                   ]: 913 (Loss: 0.4693)
[=====                                   ]: 914 (Loss: 0.6138)
[======                                  ]: 915 (Loss: 0.5842)
[======                                  ]: 916 (Loss: 0.5977)
[======                                  ]: 917 (Loss: 0.4360)
[=======                                 ]: 918 (Loss: 0.5115)
[=======                                 ]: 919 (Loss: 0.5389)
[========                                ]: 920 (Loss: 0.5232)
[========                                ]: 921 (Loss: 0.4935)
[========                                ]: 922 (Loss: 0.4953)
[=========                               ]: 923 (Loss: 0.6031)
[=========                               ]: 924 (Loss: 0.6236)
[==========                              ]: 925 (Loss: 0.5207)
[==========                              ]: 926 (Loss: 0.6879)
[==========                              ]: 927 (Loss: 0.5604)
[===========                             ]: 928 (Loss: 0.5770)
[===========                             ]: 929 (Loss: 0.4952)
[============                            ]: 930 (Loss: 0.5498)
[============                            ]: 931 (Loss: 0.5194)
[============                            ]: 932 (Loss: 0.6214)
[=============                           ]: 933 (Loss: 0.6116)
[=============                           ]: 934 (Loss: 0.5110)
[==============                          ]: 935 (Loss: 0.6255)
[==============                          ]: 936 (Loss: 0.5247)
[==============                          ]: 937 (Loss: 0.5694)
[===============                         ]: 938 (Loss: 0.5705)
[===============                         ]: 939 (Loss: 0.5909)
[================                        ]: 940 (Loss: 0.4205)
[================                        ]: 941 (Loss: 0.5098)
[================                        ]: 942 (Loss: 0.5315)
[=================                       ]: 943 (Loss: 0.6170)
[=================                       ]: 944 (Loss: 0.5300)
[==================                      ]: 945 (Loss: 0.5321)
[==================                      ]: 946 (Loss: 0.5480)
[==================                      ]: 947 (Loss: 0.5188)
[===================                     ]: 948 (Loss: 0.4859)
[===================                     ]: 949 (Loss: 0.5834)
[====================                    ]: 950 (Loss: 0.4775)
[====================                    ]: 951 (Loss: 0.5613)
[====================                    ]: 952 (Loss: 0.4537)
[=====================                   ]: 953 (Loss: 0.5451)
[=====================                   ]: 954 (Loss: 0.5233)
[======================                  ]: 955 (Loss: 0.4479)
[======================                  ]: 956 (Loss: 0.6017)
[======================                  ]: 957 (Loss: 0.5348)
[=======================                 ]: 958 (Loss: 0.5476)
[=======================                 ]: 959 (Loss: 0.6125)
[========================                ]: 960 (Loss: 0.5346)
[========================                ]: 961 (Loss: 0.5372)
[========================                ]: 962 (Loss: 0.5095)
[=========================               ]: 963 (Loss: 0.6243)
[=========================               ]: 964 (Loss: 0.5193)
[==========================              ]: 965 (Loss: 0.4868)
[==========================              ]: 966 (Loss: 0.5401)
[==========================              ]: 967 (Loss: 0.5282)
[===========================             ]: 968 (Loss: 0.5775)
[===========================             ]: 969 (Loss: 0.5624)
[============================            ]: 970 (Loss: 0.5657)
[============================            ]: 971 (Loss: 0.4729)
[============================            ]: 972 (Loss: 0.5552)
[=============================           ]: 973 (Loss: 0.5664)
[=============================           ]: 974 (Loss: 0.5485)
[==============================          ]: 975 (Loss: 0.4845)
[==============================          ]: 976 (Loss: 0.5382)
[==============================          ]: 977 (Loss: 0.6357)
[===============================         ]: 978 (Loss: 0.5005)
[===============================         ]: 979 (Loss: 0.5217)
[================================        ]: 980 (Loss: 0.4563)
[================================        ]: 981 (Loss: 0.5035)
[================================        ]: 982 (Loss: 0.6155)
[=================================       ]: 983 (Loss: 0.6153)
[=================================       ]: 984 (Loss: 0.5407)
[==================================      ]: 985 (Loss: 0.5351)
[==================================      ]: 986 (Loss: 0.5222)
[==================================      ]: 987 (Loss: 0.4808)
[===================================     ]: 988 (Loss: 0.6425)
[===================================     ]: 989 (Loss: 0.4940)
[====================================    ]: 990 (Loss: 0.5456)
[====================================    ]: 991 (Loss: 0.4582)
[====================================    ]: 992 (Loss: 0.5352)
[=====================================   ]: 993 (Loss: 0.5492)
[=====================================   ]: 994 (Loss: 0.5797)
[======================================  ]: 995 (Loss: 0.4969)
[======================================  ]: 996 (Loss: 0.5963)
[======================================  ]: 997 (Loss: 0.5710)
[======================================= ]: 998 (Loss: 0.5442)
[======================================= ]: 999 (Loss: 0.3743)
[========================================]: 1000 (Loss: 0.6221)
                                                                                                    
[2026-07-16 21:01:34,380] [INFO] [__main__] Batch 1000 Loss: 0.543145 Cost: 11.21 Time: 167 ms/sequence

                                                                                                    
[2026-07-16 21:01:34,383] [INFO] [__main__] Saving checkpoint to 'runs\copy_sanity_len5\copy\none\seed_1001\checkpoint-batch-00001000.pt'

[                                        ]: 1001 (Loss: 0.5649)
[                                        ]: 1002 (Loss: 0.5436)
[=                                       ]: 1003 (Loss: 0.5712)
[=                                       ]: 1004 (Loss: 0.6302)
[==                                      ]: 1005 (Loss: 0.4906)
[==                                      ]: 1006 (Loss: 0.5475)
[==                                      ]: 1007 (Loss: 0.5261)
[===                                     ]: 1008 (Loss: 0.6006)
[===                                     ]: 1009 (Loss: 0.4977)
[====                                    ]: 1010 (Loss: 0.6188)
[====                                    ]: 1011 (Loss: 0.5414)
[====                                    ]: 1012 (Loss: 0.4889)
[=====                                   ]: 1013 (Loss: 0.5606)
[=====                                   ]: 1014 (Loss: 0.6015)
[======                                  ]: 1015 (Loss: 0.6077)
[======                                  ]: 1016 (Loss: 0.4948)
[======                                  ]: 1017 (Loss: 0.6088)
[=======                                 ]: 1018 (Loss: 0.5568)
[=======                                 ]: 1019 (Loss: 0.5601)
[========                                ]: 1020 (Loss: 0.5509)
[========                                ]: 1021 (Loss: 0.4981)
[========                                ]: 1022 (Loss: 0.5554)
[=========                               ]: 1023 (Loss: 0.4979)
[=========                               ]: 1024 (Loss: 0.5439)
[==========                              ]: 1025 (Loss: 0.5313)
[==========                              ]: 1026 (Loss: 0.5671)
[==========                              ]: 1027 (Loss: 0.4321)
[===========                             ]: 1028 (Loss: 0.4283)
[===========                             ]: 1029 (Loss: 0.5491)
[============                            ]: 1030 (Loss: 0.6002)
[============                            ]: 1031 (Loss: 0.4525)
[============                            ]: 1032 (Loss: 0.5229)
[=============                           ]: 1033 (Loss: 0.5669)
[=============                           ]: 1034 (Loss: 0.6400)
[==============                          ]: 1035 (Loss: 0.4594)
[==============                          ]: 1036 (Loss: 0.5609)
[==============                          ]: 1037 (Loss: 0.5826)
[===============                         ]: 1038 (Loss: 0.5683)
[===============                         ]: 1039 (Loss: 0.4950)
[================                        ]: 1040 (Loss: 0.5980)
[================                        ]: 1041 (Loss: 0.5443)
[================                        ]: 1042 (Loss: 0.5691)
[=================                       ]: 1043 (Loss: 0.4479)
[=================                       ]: 1044 (Loss: 0.5289)
[==================                      ]: 1045 (Loss: 0.5591)
[==================                      ]: 1046 (Loss: 0.6028)
[==================                      ]: 1047 (Loss: 0.4204)
[===================                     ]: 1048 (Loss: 0.4894)
[===================                     ]: 1049 (Loss: 0.5225)
[====================                    ]: 1050 (Loss: 0.4931)
[====================                    ]: 1051 (Loss: 0.5702)
[====================                    ]: 1052 (Loss: 0.6071)
[=====================                   ]: 1053 (Loss: 0.5421)
[=====================                   ]: 1054 (Loss: 0.5773)
[======================                  ]: 1055 (Loss: 0.4349)
[======================                  ]: 1056 (Loss: 0.5729)
[======================                  ]: 1057 (Loss: 0.5337)
[=======================                 ]: 1058 (Loss: 0.5868)
[=======================                 ]: 1059 (Loss: 0.6084)
[========================                ]: 1060 (Loss: 0.5589)
[========================                ]: 1061 (Loss: 0.5408)
[========================                ]: 1062 (Loss: 0.5516)
[=========================               ]: 1063 (Loss: 0.5714)
[=========================               ]: 1064 (Loss: 0.5952)
[==========================              ]: 1065 (Loss: 0.5422)
[==========================              ]: 1066 (Loss: 0.5315)
[==========================              ]: 1067 (Loss: 0.5990)
[===========================             ]: 1068 (Loss: 0.5565)
[===========================             ]: 1069 (Loss: 0.5196)
[============================            ]: 1070 (Loss: 0.4857)
[============================            ]: 1071 (Loss: 0.5013)
[============================            ]: 1072 (Loss: 0.5199)
[=============================           ]: 1073 (Loss: 0.5027)
[=============================           ]: 1074 (Loss: 0.5702)
[==============================          ]: 1075 (Loss: 0.4453)
[==============================          ]: 1076 (Loss: 0.4933)
[==============================          ]: 1077 (Loss: 0.5335)
[===============================         ]: 1078 (Loss: 0.4934)
[===============================         ]: 1079 (Loss: 0.5264)
[================================        ]: 1080 (Loss: 0.5165)
[================================        ]: 1081 (Loss: 0.6067)
[================================        ]: 1082 (Loss: 0.4644)
[=================================       ]: 1083 (Loss: 0.5190)
[=================================       ]: 1084 (Loss: 0.5092)
[==================================      ]: 1085 (Loss: 0.5207)
[==================================      ]: 1086 (Loss: 0.5989)
[==================================      ]: 1087 (Loss: 0.4679)
[===================================     ]: 1088 (Loss: 0.5190)
[===================================     ]: 1089 (Loss: 0.5240)
[====================================    ]: 1090 (Loss: 0.4546)
[====================================    ]: 1091 (Loss: 0.4931)
[====================================    ]: 1092 (Loss: 0.5004)
[=====================================   ]: 1093 (Loss: 0.4900)
[=====================================   ]: 1094 (Loss: 0.5113)
[======================================  ]: 1095 (Loss: 0.4994)
[======================================  ]: 1096 (Loss: 0.5336)
[======================================  ]: 1097 (Loss: 0.5384)
[======================================= ]: 1098 (Loss: 0.5686)
[======================================= ]: 1099 (Loss: 0.4104)
[========================================]: 1100 (Loss: 0.5095)
                                                                                                    
[2026-07-16 21:01:51,638] [INFO] [__main__] Batch 1100 Loss: 0.534176 Cost: 11.30 Time: 172 ms/sequence

[                                        ]: 1101 (Loss: 0.5778)
[                                        ]: 1102 (Loss: 0.5482)
[=                                       ]: 1103 (Loss: 0.5587)
[=                                       ]: 1104 (Loss: 0.5544)
[==                                      ]: 1105 (Loss: 0.6293)
[==                                      ]: 1106 (Loss: 0.4800)
[==                                      ]: 1107 (Loss: 0.5501)
[===                                     ]: 1108 (Loss: 0.4552)
[===                                     ]: 1109 (Loss: 0.5268)
[====                                    ]: 1110 (Loss: 0.4935)
[====                                    ]: 1111 (Loss: 0.5611)
[====                                    ]: 1112 (Loss: 0.4815)
[=====                                   ]: 1113 (Loss: 0.5657)
[=====                                   ]: 1114 (Loss: 0.5377)
[======                                  ]: 1115 (Loss: 0.6169)
[======                                  ]: 1116 (Loss: 0.5483)
[======                                  ]: 1117 (Loss: 0.4982)
[=======                                 ]: 1118 (Loss: 0.4933)
[=======                                 ]: 1119 (Loss: 0.4761)
[========                                ]: 1120 (Loss: 0.5287)
[========                                ]: 1121 (Loss: 0.5084)
[========                                ]: 1122 (Loss: 0.4894)
[=========                               ]: 1123 (Loss: 0.4861)
[=========                               ]: 1124 (Loss: 0.4633)
[==========                              ]: 1125 (Loss: 0.5350)
[==========                              ]: 1126 (Loss: 0.5359)
[==========                              ]: 1127 (Loss: 0.5835)
[===========                             ]: 1128 (Loss: 0.5384)
[===========                             ]: 1129 (Loss: 0.5415)
[============                            ]: 1130 (Loss: 0.5641)
[============                            ]: 1131 (Loss: 0.6245)
[============                            ]: 1132 (Loss: 0.4877)
[=============                           ]: 1133 (Loss: 0.6587)
[=============                           ]: 1134 (Loss: 0.4779)
[==============                          ]: 1135 (Loss: 0.4768)
[==============                          ]: 1136 (Loss: 0.5319)
[==============                          ]: 1137 (Loss: 0.5735)
[===============                         ]: 1138 (Loss: 0.5728)
[===============                         ]: 1139 (Loss: 0.5705)
[================                        ]: 1140 (Loss: 0.4856)
[================                        ]: 1141 (Loss: 0.5972)
[================                        ]: 1142 (Loss: 0.5454)
[=================                       ]: 1143 (Loss: 0.4581)
[=================                       ]: 1144 (Loss: 0.5315)
[==================                      ]: 1145 (Loss: 0.5076)
[==================                      ]: 1146 (Loss: 0.4408)
[==================                      ]: 1147 (Loss: 0.5750)
[===================                     ]: 1148 (Loss: 0.4747)
[===================                     ]: 1149 (Loss: 0.4510)
[====================                    ]: 1150 (Loss: 0.6227)
[====================                    ]: 1151 (Loss: 0.4048)
[====================                    ]: 1152 (Loss: 0.5432)
[=====================                   ]: 1153 (Loss: 0.4742)
[=====================                   ]: 1154 (Loss: 0.5286)
[======================                  ]: 1155 (Loss: 0.4860)
[======================                  ]: 1156 (Loss: 0.4686)
[======================                  ]: 1157 (Loss: 0.5238)
[=======================                 ]: 1158 (Loss: 0.5312)
[=======================                 ]: 1159 (Loss: 0.5756)
[========================                ]: 1160 (Loss: 0.5600)
[========================                ]: 1161 (Loss: 0.5711)
[========================                ]: 1162 (Loss: 0.5263)
[=========================               ]: 1163 (Loss: 0.6091)
[=========================               ]: 1164 (Loss: 0.4794)
[==========================              ]: 1165 (Loss: 0.5602)
[==========================              ]: 1166 (Loss: 0.4691)
[==========================              ]: 1167 (Loss: 0.4731)
[===========================             ]: 1168 (Loss: 0.5330)
[===========================             ]: 1169 (Loss: 0.5901)
[============================            ]: 1170 (Loss: 0.4697)
[============================            ]: 1171 (Loss: 0.5822)
[============================            ]: 1172 (Loss: 0.5214)
[=============================           ]: 1173 (Loss: 0.5239)
[=============================           ]: 1174 (Loss: 0.5039)
[==============================          ]: 1175 (Loss: 0.4854)
[==============================          ]: 1176 (Loss: 0.5085)
[==============================          ]: 1177 (Loss: 0.5080)
[===============================         ]: 1178 (Loss: 0.6463)
[===============================         ]: 1179 (Loss: 0.5390)
[================================        ]: 1180 (Loss: 0.5033)
[================================        ]: 1181 (Loss: 0.5586)
[================================        ]: 1182 (Loss: 0.5451)
[=================================       ]: 1183 (Loss: 0.3689)
[=================================       ]: 1184 (Loss: 0.6002)
[==================================      ]: 1185 (Loss: 0.4818)
[==================================      ]: 1186 (Loss: 0.4989)
[==================================      ]: 1187 (Loss: 0.5227)
[===================================     ]: 1188 (Loss: 0.6324)
[===================================     ]: 1189 (Loss: 0.5358)
[====================================    ]: 1190 (Loss: 0.5436)
[====================================    ]: 1191 (Loss: 0.5284)
[====================================    ]: 1192 (Loss: 0.5227)
[=====================================   ]: 1193 (Loss: 0.4734)
[=====================================   ]: 1194 (Loss: 0.6129)
[======================================  ]: 1195 (Loss: 0.5369)
[======================================  ]: 1196 (Loss: 0.5597)
[======================================  ]: 1197 (Loss: 0.4589)
[======================================= ]: 1198 (Loss: 0.5355)
[======================================= ]: 1199 (Loss: 0.5427)
[========================================]: 1200 (Loss: 0.6015)
                                                                                                    
[2026-07-16 21:02:08,693] [INFO] [__main__] Batch 1200 Loss: 0.529507 Cost: 10.40 Time: 170 ms/sequence

[                                        ]: 1201 (Loss: 0.4281)
[                                        ]: 1202 (Loss: 0.5850)
[=                                       ]: 1203 (Loss: 0.5774)
[=                                       ]: 1204 (Loss: 0.5496)
[==                                      ]: 1205 (Loss: 0.4994)
[==                                      ]: 1206 (Loss: 0.5574)
[==                                      ]: 1207 (Loss: 0.5906)
[===                                     ]: 1208 (Loss: 0.4914)
[===                                     ]: 1209 (Loss: 0.5830)
[====                                    ]: 1210 (Loss: 0.5794)
[====                                    ]: 1211 (Loss: 0.5634)
[====                                    ]: 1212 (Loss: 0.5388)
[=====                                   ]: 1213 (Loss: 0.5581)
[=====                                   ]: 1214 (Loss: 0.5008)
[======                                  ]: 1215 (Loss: 0.5866)
[======                                  ]: 1216 (Loss: 0.4948)
[======                                  ]: 1217 (Loss: 0.4825)
[=======                                 ]: 1218 (Loss: 0.5006)
[=======                                 ]: 1219 (Loss: 0.5908)
[========                                ]: 1220 (Loss: 0.4291)
[========                                ]: 1221 (Loss: 0.5012)
[========                                ]: 1222 (Loss: 0.5738)
[=========                               ]: 1223 (Loss: 0.4810)
[=========                               ]: 1224 (Loss: 0.5726)
[==========                              ]: 1225 (Loss: 0.5102)
[==========                              ]: 1226 (Loss: 0.5002)
[==========                              ]: 1227 (Loss: 0.5046)
[===========                             ]: 1228 (Loss: 0.6191)
[===========                             ]: 1229 (Loss: 0.5737)
[============                            ]: 1230 (Loss: 0.4339)
[============                            ]: 1231 (Loss: 0.6094)
[============                            ]: 1232 (Loss: 0.5570)
[=============                           ]: 1233 (Loss: 0.4919)
[=============                           ]: 1234 (Loss: 0.4954)
[==============                          ]: 1235 (Loss: 0.6055)
[==============                          ]: 1236 (Loss: 0.5113)
[==============                          ]: 1237 (Loss: 0.5144)
[===============                         ]: 1238 (Loss: 0.5430)
[===============                         ]: 1239 (Loss: 0.4989)
[================                        ]: 1240 (Loss: 0.4762)
[================                        ]: 1241 (Loss: 0.5417)
[================                        ]: 1242 (Loss: 0.4890)
[=================                       ]: 1243 (Loss: 0.5259)
[=================                       ]: 1244 (Loss: 0.5829)
[==================                      ]: 1245 (Loss: 0.5515)
[==================                      ]: 1246 (Loss: 0.5989)
[==================                      ]: 1247 (Loss: 0.6451)
[===================                     ]: 1248 (Loss: 0.5332)
[===================                     ]: 1249 (Loss: 0.4071)
[====================                    ]: 1250 (Loss: 0.4318)
[====================                    ]: 1251 (Loss: 0.5165)
[====================                    ]: 1252 (Loss: 0.5289)
[=====================                   ]: 1253 (Loss: 0.5342)
[=====================                   ]: 1254 (Loss: 0.5054)
[======================                  ]: 1255 (Loss: 0.5199)
[======================                  ]: 1256 (Loss: 0.5198)
[======================                  ]: 1257 (Loss: 0.5869)
[=======================                 ]: 1258 (Loss: 0.4612)
[=======================                 ]: 1259 (Loss: 0.4697)
[========================                ]: 1260 (Loss: 0.4671)
[========================                ]: 1261 (Loss: 0.4555)
[========================                ]: 1262 (Loss: 0.5976)
[=========================               ]: 1263 (Loss: 0.5347)
[=========================               ]: 1264 (Loss: 0.4631)
[==========================              ]: 1265 (Loss: 0.5746)
[==========================              ]: 1266 (Loss: 0.4531)
[==========================              ]: 1267 (Loss: 0.5601)
[===========================             ]: 1268 (Loss: 0.4956)
[===========================             ]: 1269 (Loss: 0.5194)
[============================            ]: 1270 (Loss: 0.4349)
[============================            ]: 1271 (Loss: 0.5894)
[============================            ]: 1272 (Loss: 0.4680)
[=============================           ]: 1273 (Loss: 0.4850)
[=============================           ]: 1274 (Loss: 0.6186)
[==============================          ]: 1275 (Loss: 0.5367)
[==============================          ]: 1276 (Loss: 0.4529)
[==============================          ]: 1277 (Loss: 0.5337)
[===============================         ]: 1278 (Loss: 0.3931)
[===============================         ]: 1279 (Loss: 0.5133)
[================================        ]: 1280 (Loss: 0.5282)
[================================        ]: 1281 (Loss: 0.5495)
[================================        ]: 1282 (Loss: 0.4695)
[=================================       ]: 1283 (Loss: 0.4805)
[=================================       ]: 1284 (Loss: 0.4850)
[==================================      ]: 1285 (Loss: 0.4756)
[==================================      ]: 1286 (Loss: 0.5121)
[==================================      ]: 1287 (Loss: 0.5009)
[===================================     ]: 1288 (Loss: 0.5563)
[===================================     ]: 1289 (Loss: 0.4772)
[====================================    ]: 1290 (Loss: 0.4499)
[====================================    ]: 1291 (Loss: 0.5126)
[====================================    ]: 1292 (Loss: 0.4730)
[=====================================   ]: 1293 (Loss: 0.4523)
[=====================================   ]: 1294 (Loss: 0.5195)
[======================================  ]: 1295 (Loss: 0.4551)
[======================================  ]: 1296 (Loss: 0.4502)
[======================================  ]: 1297 (Loss: 0.4758)
[======================================= ]: 1298 (Loss: 0.4663)
[======================================= ]: 1299 (Loss: 0.4413)
[========================================]: 1300 (Loss: 0.5350)
                                                                                                    
[2026-07-16 21:02:25,838] [INFO] [__main__] Batch 1300 Loss: 0.516220 Cost: 10.54 Time: 171 ms/sequence

[                                        ]: 1301 (Loss: 0.5396)
[                                        ]: 1302 (Loss: 0.4999)
[=                                       ]: 1303 (Loss: 0.5006)
[=                                       ]: 1304 (Loss: 0.5149)
[==                                      ]: 1305 (Loss: 0.5328)
[==                                      ]: 1306 (Loss: 0.4155)
[==                                      ]: 1307 (Loss: 0.5109)
[===                                     ]: 1308 (Loss: 0.5113)
[===                                     ]: 1309 (Loss: 0.5278)
[====                                    ]: 1310 (Loss: 0.5016)
[====                                    ]: 1311 (Loss: 0.5624)
[====                                    ]: 1312 (Loss: 0.5329)
[=====                                   ]: 1313 (Loss: 0.5090)
[=====                                   ]: 1314 (Loss: 0.5660)
[======                                  ]: 1315 (Loss: 0.4949)
[======                                  ]: 1316 (Loss: 0.4812)
[======                                  ]: 1317 (Loss: 0.5379)
[=======                                 ]: 1318 (Loss: 0.4493)
[=======                                 ]: 1319 (Loss: 0.4470)
[========                                ]: 1320 (Loss: 0.5488)
[========                                ]: 1321 (Loss: 0.5205)
[========                                ]: 1322 (Loss: 0.5005)
[=========                               ]: 1323 (Loss: 0.4228)
[=========                               ]: 1324 (Loss: 0.5103)
[==========                              ]: 1325 (Loss: 0.5734)
[==========                              ]: 1326 (Loss: 0.5707)
[==========                              ]: 1327 (Loss: 0.4808)
[===========                             ]: 1328 (Loss: 0.5051)
[===========                             ]: 1329 (Loss: 0.5642)
[============                            ]: 1330 (Loss: 0.4955)
[============                            ]: 1331 (Loss: 0.4564)
[============                            ]: 1332 (Loss: 0.4331)
[=============                           ]: 1333 (Loss: 0.3809)
[=============                           ]: 1334 (Loss: 0.5631)
[==============                          ]: 1335 (Loss: 0.4648)
[==============                          ]: 1336 (Loss: 0.3918)
[==============                          ]: 1337 (Loss: 0.4437)
[===============                         ]: 1338 (Loss: 0.5588)
[===============                         ]: 1339 (Loss: 0.6294)
[================                        ]: 1340 (Loss: 0.3995)
[================                        ]: 1341 (Loss: 0.3888)
[================                        ]: 1342 (Loss: 0.4896)
[=================                       ]: 1343 (Loss: 0.5497)
[=================                       ]: 1344 (Loss: 0.5560)
[==================                      ]: 1345 (Loss: 0.5122)
[==================                      ]: 1346 (Loss: 0.3840)
[==================                      ]: 1347 (Loss: 0.4863)
[===================                     ]: 1348 (Loss: 0.4400)
[===================                     ]: 1349 (Loss: 0.5566)
[====================                    ]: 1350 (Loss: 0.4533)
[====================                    ]: 1351 (Loss: 0.4590)
[====================                    ]: 1352 (Loss: 0.6571)
[=====================                   ]: 1353 (Loss: 0.5421)
[=====================                   ]: 1354 (Loss: 0.5357)
[======================                  ]: 1355 (Loss: 0.5230)
[======================                  ]: 1356 (Loss: 0.5367)
[======================                  ]: 1357 (Loss: 0.5173)
[=======================                 ]: 1358 (Loss: 0.5936)
[=======================                 ]: 1359 (Loss: 0.4743)
[========================                ]: 1360 (Loss: 0.5661)
[========================                ]: 1361 (Loss: 0.5038)
[========================                ]: 1362 (Loss: 0.5317)
[=========================               ]: 1363 (Loss: 0.4070)
[=========================               ]: 1364 (Loss: 0.5038)
[==========================              ]: 1365 (Loss: 0.5084)
[==========================              ]: 1366 (Loss: 0.3872)
[==========================              ]: 1367 (Loss: 0.5145)
[===========================             ]: 1368 (Loss: 0.4438)
[===========================             ]: 1369 (Loss: 0.4743)
[============================            ]: 1370 (Loss: 0.5474)
[============================            ]: 1371 (Loss: 0.5339)
[============================            ]: 1372 (Loss: 0.5354)
[=============================           ]: 1373 (Loss: 0.4163)
[=============================           ]: 1374 (Loss: 0.4711)
[==============================          ]: 1375 (Loss: 0.4739)
[==============================          ]: 1376 (Loss: 0.3662)
[==============================          ]: 1377 (Loss: 0.6173)
[===============================         ]: 1378 (Loss: 0.4814)
[===============================         ]: 1379 (Loss: 0.4855)
[================================        ]: 1380 (Loss: 0.5423)
[================================        ]: 1381 (Loss: 0.5465)
[================================        ]: 1382 (Loss: 0.5153)
[=================================       ]: 1383 (Loss: 0.5574)
[=================================       ]: 1384 (Loss: 0.5886)
[==================================      ]: 1385 (Loss: 0.5333)
[==================================      ]: 1386 (Loss: 0.5125)
[==================================      ]: 1387 (Loss: 0.5510)
[===================================     ]: 1388 (Loss: 0.5525)
[===================================     ]: 1389 (Loss: 0.4378)
[====================================    ]: 1390 (Loss: 0.5850)
[====================================    ]: 1391 (Loss: 0.5575)
[====================================    ]: 1392 (Loss: 0.4629)
[=====================================   ]: 1393 (Loss: 0.4776)
[=====================================   ]: 1394 (Loss: 0.5166)
[======================================  ]: 1395 (Loss: 0.5780)
[======================================  ]: 1396 (Loss: 0.4568)
[======================================  ]: 1397 (Loss: 0.5833)
[======================================= ]: 1398 (Loss: 0.5288)
[======================================= ]: 1399 (Loss: 0.5314)
[========================================]: 1400 (Loss: 0.5994)
                                                                                                    
[2026-07-16 21:02:42,772] [INFO] [__main__] Batch 1400 Loss: 0.506884 Cost: 10.18 Time: 169 ms/sequence

[                                        ]: 1401 (Loss: 0.5051)
[                                        ]: 1402 (Loss: 0.5384)
[=                                       ]: 1403 (Loss: 0.4466)
[=                                       ]: 1404 (Loss: 0.4544)
[==                                      ]: 1405 (Loss: 0.4906)
[==                                      ]: 1406 (Loss: 0.4539)
[==                                      ]: 1407 (Loss: 0.4022)
[===                                     ]: 1408 (Loss: 0.4544)
[===                                     ]: 1409 (Loss: 0.4517)
[====                                    ]: 1410 (Loss: 0.5163)
[====                                    ]: 1411 (Loss: 0.4540)
[====                                    ]: 1412 (Loss: 0.4672)
[=====                                   ]: 1413 (Loss: 0.5329)
[=====                                   ]: 1414 (Loss: 0.5575)
[======                                  ]: 1415 (Loss: 0.5338)
[======                                  ]: 1416 (Loss: 0.5216)
[======                                  ]: 1417 (Loss: 0.4713)
[=======                                 ]: 1418 (Loss: 0.5884)
[=======                                 ]: 1419 (Loss: 0.4848)
[========                                ]: 1420 (Loss: 0.5346)
[========                                ]: 1421 (Loss: 0.4758)
[========                                ]: 1422 (Loss: 0.4873)
[=========                               ]: 1423 (Loss: 0.4427)
[=========                               ]: 1424 (Loss: 0.5550)
[==========                              ]: 1425 (Loss: 0.4385)
[==========                              ]: 1426 (Loss: 0.5484)
[==========                              ]: 1427 (Loss: 0.5047)
[===========                             ]: 1428 (Loss: 0.5561)
[===========                             ]: 1429 (Loss: 0.5205)
[============                            ]: 1430 (Loss: 0.5423)
[============                            ]: 1431 (Loss: 0.4425)
[============                            ]: 1432 (Loss: 0.5564)
[=============                           ]: 1433 (Loss: 0.5127)
[=============                           ]: 1434 (Loss: 0.5380)
[==============                          ]: 1435 (Loss: 0.4867)
[==============                          ]: 1436 (Loss: 0.4588)
[==============                          ]: 1437 (Loss: 0.4886)
[===============                         ]: 1438 (Loss: 0.4614)
[===============                         ]: 1439 (Loss: 0.5112)
[================                        ]: 1440 (Loss: 0.5393)
[================                        ]: 1441 (Loss: 0.5638)
[================                        ]: 1442 (Loss: 0.4500)
[=================                       ]: 1443 (Loss: 0.4320)
[=================                       ]: 1444 (Loss: 0.5777)
[==================                      ]: 1445 (Loss: 0.3989)
[==================                      ]: 1446 (Loss: 0.5846)
[==================                      ]: 1447 (Loss: 0.3765)
[===================                     ]: 1448 (Loss: 0.4023)
[===================                     ]: 1449 (Loss: 0.5695)
[====================                    ]: 1450 (Loss: 0.4554)
[====================                    ]: 1451 (Loss: 0.6133)
[====================                    ]: 1452 (Loss: 0.5230)
[=====================                   ]: 1453 (Loss: 0.5053)
[=====================                   ]: 1454 (Loss: 0.4887)
[======================                  ]: 1455 (Loss: 0.5643)
[======================                  ]: 1456 (Loss: 0.5618)
[======================                  ]: 1457 (Loss: 0.5864)
[=======================                 ]: 1458 (Loss: 0.5550)
[=======================                 ]: 1459 (Loss: 0.4844)
[========================                ]: 1460 (Loss: 0.4378)
[========================                ]: 1461 (Loss: 0.5840)
[========================                ]: 1462 (Loss: 0.5049)
[=========================               ]: 1463 (Loss: 0.4903)
[=========================               ]: 1464 (Loss: 0.4878)
[==========================              ]: 1465 (Loss: 0.4666)
[==========================              ]: 1466 (Loss: 0.4245)
[==========================              ]: 1467 (Loss: 0.6051)
[===========================             ]: 1468 (Loss: 0.5059)
[===========================             ]: 1469 (Loss: 0.5060)
[============================            ]: 1470 (Loss: 0.5732)
[============================            ]: 1471 (Loss: 0.5679)
[============================            ]: 1472 (Loss: 0.5720)
[=============================           ]: 1473 (Loss: 0.6926)
[=============================           ]: 1474 (Loss: 0.5098)
[==============================          ]: 1475 (Loss: 0.4692)
[==============================          ]: 1476 (Loss: 0.5006)
[==============================          ]: 1477 (Loss: 0.5228)
[===============================         ]: 1478 (Loss: 0.3969)
[===============================         ]: 1479 (Loss: 0.5811)
[================================        ]: 1480 (Loss: 0.5141)
[================================        ]: 1481 (Loss: 0.5082)
[================================        ]: 1482 (Loss: 0.5105)
[=================================       ]: 1483 (Loss: 0.6105)
[=================================       ]: 1484 (Loss: 0.3929)
[==================================      ]: 1485 (Loss: 0.6088)
[==================================      ]: 1486 (Loss: 0.4788)
[==================================      ]: 1487 (Loss: 0.4080)
[===================================     ]: 1488 (Loss: 0.4060)
[===================================     ]: 1489 (Loss: 0.4705)
[====================================    ]: 1490 (Loss: 0.4711)
[====================================    ]: 1491 (Loss: 0.5497)
[====================================    ]: 1492 (Loss: 0.6052)
[=====================================   ]: 1493 (Loss: 0.4545)
[=====================================   ]: 1494 (Loss: 0.4253)
[======================================  ]: 1495 (Loss: 0.4926)
[======================================  ]: 1496 (Loss: 0.4897)
[======================================  ]: 1497 (Loss: 0.5342)
[======================================= ]: 1498 (Loss: 0.4412)
[======================================= ]: 1499 (Loss: 0.4670)
[========================================]: 1500 (Loss: 0.5205)
                                                                                                    
[2026-07-16 21:02:59,982] [INFO] [__main__] Batch 1500 Loss: 0.503777 Cost: 10.02 Time: 172 ms/sequence

[                                        ]: 1501 (Loss: 0.7155)
[                                        ]: 1502 (Loss: 0.5913)
[=                                       ]: 1503 (Loss: 0.5086)
[=                                       ]: 1504 (Loss: 0.4590)
[==                                      ]: 1505 (Loss: 0.4977)
[==                                      ]: 1506 (Loss: 0.4808)
[==                                      ]: 1507 (Loss: 0.4881)
[===                                     ]: 1508 (Loss: 0.5834)
[===                                     ]: 1509 (Loss: 0.5621)
[====                                    ]: 1510 (Loss: 0.4587)
[====                                    ]: 1511 (Loss: 0.5284)
[====                                    ]: 1512 (Loss: 0.5073)
[=====                                   ]: 1513 (Loss: 0.5106)
[=====                                   ]: 1514 (Loss: 0.5287)
[======                                  ]: 1515 (Loss: 0.5129)
[======                                  ]: 1516 (Loss: 0.5211)
[======                                  ]: 1517 (Loss: 0.6930)
[=======                                 ]: 1518 (Loss: 0.6074)
[=======                                 ]: 1519 (Loss: 0.5178)
[========                                ]: 1520 (Loss: 0.5234)
[========                                ]: 1521 (Loss: 0.4281)
[========                                ]: 1522 (Loss: 0.5783)
[=========                               ]: 1523 (Loss: 0.5218)
[=========                               ]: 1524 (Loss: 0.4387)
[==========                              ]: 1525 (Loss: 0.5841)
[==========                              ]: 1526 (Loss: 0.4308)
[==========                              ]: 1527 (Loss: 0.5104)
[===========                             ]: 1528 (Loss: 0.5541)
[===========                             ]: 1529 (Loss: 0.5377)
[============                            ]: 1530 (Loss: 0.5306)
[============                            ]: 1531 (Loss: 0.5559)
[============                            ]: 1532 (Loss: 0.4919)
[=============                           ]: 1533 (Loss: 0.5171)
[=============                           ]: 1534 (Loss: 0.4894)
[==============                          ]: 1535 (Loss: 0.5066)
[==============                          ]: 1536 (Loss: 0.4817)
[==============                          ]: 1537 (Loss: 0.4804)
[===============                         ]: 1538 (Loss: 0.4470)
[===============                         ]: 1539 (Loss: 0.4896)
[================                        ]: 1540 (Loss: 0.5011)
[================                        ]: 1541 (Loss: 0.4713)
[================                        ]: 1542 (Loss: 0.4954)
[=================                       ]: 1543 (Loss: 0.4927)
[=================                       ]: 1544 (Loss: 0.4879)
[==================                      ]: 1545 (Loss: 0.4185)
[==================                      ]: 1546 (Loss: 0.6208)
[==================                      ]: 1547 (Loss: 0.5085)
[===================                     ]: 1548 (Loss: 0.5829)
[===================                     ]: 1549 (Loss: 0.4788)
[====================                    ]: 1550 (Loss: 0.5548)
[====================                    ]: 1551 (Loss: 0.5547)
[====================                    ]: 1552 (Loss: 0.5776)
[=====================                   ]: 1553 (Loss: 0.5096)
[=====================                   ]: 1554 (Loss: 0.4442)
[======================                  ]: 1555 (Loss: 0.4375)
[======================                  ]: 1556 (Loss: 0.5520)
[======================                  ]: 1557 (Loss: 0.4874)
[=======================                 ]: 1558 (Loss: 0.5111)
[=======================                 ]: 1559 (Loss: 0.4025)
[========================                ]: 1560 (Loss: 0.4843)
[========================                ]: 1561 (Loss: 0.5658)
[========================                ]: 1562 (Loss: 0.5264)
[=========================               ]: 1563 (Loss: 0.4672)
[=========================               ]: 1564 (Loss: 0.5685)
[==========================              ]: 1565 (Loss: 0.3738)
[==========================              ]: 1566 (Loss: 0.4874)
[==========================              ]: 1567 (Loss: 0.5122)
[===========================             ]: 1568 (Loss: 0.3998)
[===========================             ]: 1569 (Loss: 0.5019)
[============================            ]: 1570 (Loss: 0.4546)
[============================            ]: 1571 (Loss: 0.5063)
[============================            ]: 1572 (Loss: 0.4263)
[=============================           ]: 1573 (Loss: 0.4381)
[=============================           ]: 1574 (Loss: 0.5609)
[==============================          ]: 1575 (Loss: 0.4031)
[==============================          ]: 1576 (Loss: 0.4806)
[==============================          ]: 1577 (Loss: 0.4594)
[===============================         ]: 1578 (Loss: 0.4473)
[===============================         ]: 1579 (Loss: 0.3668)
[================================        ]: 1580 (Loss: 0.5507)
[================================        ]: 1581 (Loss: 0.6142)
[================================        ]: 1582 (Loss: 0.4697)
[=================================       ]: 1583 (Loss: 0.5591)
[=================================       ]: 1584 (Loss: 0.5492)
[==================================      ]: 1585 (Loss: 0.5138)
[==================================      ]: 1586 (Loss: 0.4875)
[==================================      ]: 1587 (Loss: 0.4095)
[===================================     ]: 1588 (Loss: 0.5267)
[===================================     ]: 1589 (Loss: 0.5670)
[====================================    ]: 1590 (Loss: 0.4673)
[====================================    ]: 1591 (Loss: 0.5506)
[====================================    ]: 1592 (Loss: 0.5204)
[=====================================   ]: 1593 (Loss: 0.5432)
[=====================================   ]: 1594 (Loss: 0.4694)
[======================================  ]: 1595 (Loss: 0.5072)
[======================================  ]: 1596 (Loss: 0.4741)
[======================================  ]: 1597 (Loss: 0.5611)
[======================================= ]: 1598 (Loss: 0.4268)
[======================================= ]: 1599 (Loss: 0.5449)
[========================================]: 1600 (Loss: 0.5057)
                                                                                                    
[2026-07-16 21:03:16,976] [INFO] [__main__] Batch 1600 Loss: 0.507082 Cost: 10.08 Time: 169 ms/sequence

[                                        ]: 1601 (Loss: 0.4493)
[                                        ]: 1602 (Loss: 0.5118)
[=                                       ]: 1603 (Loss: 0.4829)
[=                                       ]: 1604 (Loss: 0.5587)
[==                                      ]: 1605 (Loss: 0.4466)
[==                                      ]: 1606 (Loss: 0.5926)
[==                                      ]: 1607 (Loss: 0.4040)
[===                                     ]: 1608 (Loss: 0.6102)
[===                                     ]: 1609 (Loss: 0.4299)
[====                                    ]: 1610 (Loss: 0.4417)
[====                                    ]: 1611 (Loss: 0.4108)
[====                                    ]: 1612 (Loss: 0.5207)
[=====                                   ]: 1613 (Loss: 0.4824)
[=====                                   ]: 1614 (Loss: 0.4976)
[======                                  ]: 1615 (Loss: 0.4379)
[======                                  ]: 1616 (Loss: 0.4429)
[======                                  ]: 1617 (Loss: 0.5176)
[=======                                 ]: 1618 (Loss: 0.4393)
[=======                                 ]: 1619 (Loss: 0.5015)
[========                                ]: 1620 (Loss: 0.5202)
[========                                ]: 1621 (Loss: 0.4698)
[========                                ]: 1622 (Loss: 0.4199)
[=========                               ]: 1623 (Loss: 0.5066)
[=========                               ]: 1624 (Loss: 0.4310)
[==========                              ]: 1625 (Loss: 0.5073)
[==========                              ]: 1626 (Loss: 0.5552)
[==========                              ]: 1627 (Loss: 0.4382)
[===========                             ]: 1628 (Loss: 0.3937)
[===========                             ]: 1629 (Loss: 0.5234)
[============                            ]: 1630 (Loss: 0.5996)
[============                            ]: 1631 (Loss: 0.4428)
[============                            ]: 1632 (Loss: 0.4958)
[=============                           ]: 1633 (Loss: 0.5511)
[=============                           ]: 1634 (Loss: 0.4877)
[==============                          ]: 1635 (Loss: 0.4331)
[==============                          ]: 1636 (Loss: 0.4165)
[==============                          ]: 1637 (Loss: 0.4040)
[===============                         ]: 1638 (Loss: 0.5099)
[===============                         ]: 1639 (Loss: 0.5964)
[================                        ]: 1640 (Loss: 0.4740)
[================                        ]: 1641 (Loss: 0.5498)
[================                        ]: 1642 (Loss: 0.4585)
[=================                       ]: 1643 (Loss: 0.5590)
[=================                       ]: 1644 (Loss: 0.5091)
[==================                      ]: 1645 (Loss: 0.4691)
[==================                      ]: 1646 (Loss: 0.4535)
[==================                      ]: 1647 (Loss: 0.4987)
[===================                     ]: 1648 (Loss: 0.4504)
[===================                     ]: 1649 (Loss: 0.4494)
[====================                    ]: 1650 (Loss: 0.4485)
[====================                    ]: 1651 (Loss: 0.4311)
[====================                    ]: 1652 (Loss: 0.5951)
[=====================                   ]: 1653 (Loss: 0.4034)
[=====================                   ]: 1654 (Loss: 0.4859)
[======================                  ]: 1655 (Loss: 0.5631)
[======================                  ]: 1656 (Loss: 0.3908)
[======================                  ]: 1657 (Loss: 0.5058)
[=======================                 ]: 1658 (Loss: 0.4489)
[=======================                 ]: 1659 (Loss: 0.3846)
[========================                ]: 1660 (Loss: 0.4810)
[========================                ]: 1661 (Loss: 0.4812)
[========================                ]: 1662 (Loss: 0.4968)
[=========================               ]: 1663 (Loss: 0.4930)
[=========================               ]: 1664 (Loss: 0.4918)
[==========================              ]: 1665 (Loss: 0.5604)
[==========================              ]: 1666 (Loss: 0.5935)
[==========================              ]: 1667 (Loss: 0.4405)
[===========================             ]: 1668 (Loss: 0.5316)
[===========================             ]: 1669 (Loss: 0.4024)
[============================            ]: 1670 (Loss: 0.4498)
[============================            ]: 1671 (Loss: 0.5411)
[============================            ]: 1672 (Loss: 0.4060)
[=============================           ]: 1673 (Loss: 0.5279)
[=============================           ]: 1674 (Loss: 0.5305)
[==============================          ]: 1675 (Loss: 0.4978)
[==============================          ]: 1676 (Loss: 0.6076)
[==============================          ]: 1677 (Loss: 0.6201)
[===============================         ]: 1678 (Loss: 0.5016)
[===============================         ]: 1679 (Loss: 0.3269)
[================================        ]: 1680 (Loss: 0.5318)
[================================        ]: 1681 (Loss: 0.5060)
[================================        ]: 1682 (Loss: 0.4883)
[=================================       ]: 1683 (Loss: 0.4868)
[=================================       ]: 1684 (Loss: 0.4578)
[==================================      ]: 1685 (Loss: 0.5041)
[==================================      ]: 1686 (Loss: 0.4390)
[==================================      ]: 1687 (Loss: 0.5191)
[===================================     ]: 1688 (Loss: 0.3994)
[===================================     ]: 1689 (Loss: 0.4710)
[====================================    ]: 1690 (Loss: 0.4424)
[====================================    ]: 1691 (Loss: 0.5196)
[====================================    ]: 1692 (Loss: 0.4890)
[=====================================   ]: 1693 (Loss: 0.5360)
[=====================================   ]: 1694 (Loss: 0.4618)
[======================================  ]: 1695 (Loss: 0.5381)
[======================================  ]: 1696 (Loss: 0.4423)
[======================================  ]: 1697 (Loss: 0.4791)
[======================================= ]: 1698 (Loss: 0.5209)
[======================================= ]: 1699 (Loss: 0.4985)
[========================================]: 1700 (Loss: 0.4448)
                                                                                                    
[2026-07-16 21:03:34,797] [INFO] [__main__] Batch 1700 Loss: 0.485666 Cost: 9.42 Time: 178 ms/sequence

[                                        ]: 1701 (Loss: 0.3952)
[                                        ]: 1702 (Loss: 0.4595)
[=                                       ]: 1703 (Loss: 0.4144)
[=                                       ]: 1704 (Loss: 0.5832)
[==                                      ]: 1705 (Loss: 0.4212)
[==                                      ]: 1706 (Loss: 0.5368)
[==                                      ]: 1707 (Loss: 0.4543)
[===                                     ]: 1708 (Loss: 0.3419)
[===                                     ]: 1709 (Loss: 0.4042)
[====                                    ]: 1710 (Loss: 0.5464)
[====                                    ]: 1711 (Loss: 0.5599)
[====                                    ]: 1712 (Loss: 0.3806)
[=====                                   ]: 1713 (Loss: 0.4785)
[=====                                   ]: 1714 (Loss: 0.4641)
[======                                  ]: 1715 (Loss: 0.4697)
[======                                  ]: 1716 (Loss: 0.3619)
[======                                  ]: 1717 (Loss: 0.4616)
[=======                                 ]: 1718 (Loss: 0.4117)
[=======                                 ]: 1719 (Loss: 0.4644)
[========                                ]: 1720 (Loss: 0.4521)
[========                                ]: 1721 (Loss: 0.3837)
[========                                ]: 1722 (Loss: 0.4202)
[=========                               ]: 1723 (Loss: 0.4088)
[=========                               ]: 1724 (Loss: 0.4880)
[==========                              ]: 1725 (Loss: 0.4796)
[==========                              ]: 1726 (Loss: 0.6238)
[==========                              ]: 1727 (Loss: 0.4510)
[===========                             ]: 1728 (Loss: 0.4046)
[===========                             ]: 1729 (Loss: 0.4788)
[============                            ]: 1730 (Loss: 0.4532)
[============                            ]: 1731 (Loss: 0.5359)
[============                            ]: 1732 (Loss: 0.5523)
[=============                           ]: 1733 (Loss: 0.4397)
[=============                           ]: 1734 (Loss: 0.3895)
[==============                          ]: 1735 (Loss: 0.5997)
[==============                          ]: 1736 (Loss: 0.5527)
[==============                          ]: 1737 (Loss: 0.5806)
[===============                         ]: 1738 (Loss: 0.5319)
[===============                         ]: 1739 (Loss: 0.4463)
[================                        ]: 1740 (Loss: 0.4892)
[================                        ]: 1741 (Loss: 0.4964)
[================                        ]: 1742 (Loss: 0.4451)
[=================                       ]: 1743 (Loss: 0.4899)
[=================                       ]: 1744 (Loss: 0.4536)
[==================                      ]: 1745 (Loss: 0.4196)
[==================                      ]: 1746 (Loss: 0.5283)
[==================                      ]: 1747 (Loss: 0.4595)
[===================                     ]: 1748 (Loss: 0.5237)
[===================                     ]: 1749 (Loss: 0.5085)
[====================                    ]: 1750 (Loss: 0.5110)
[====================                    ]: 1751 (Loss: 0.3185)
[====================                    ]: 1752 (Loss: 0.4491)
[=====================                   ]: 1753 (Loss: 0.4094)
[=====================                   ]: 1754 (Loss: 0.4901)
[======================                  ]: 1755 (Loss: 0.4982)
[======================                  ]: 1756 (Loss: 0.4265)
[======================                  ]: 1757 (Loss: 0.5248)
[=======================                 ]: 1758 (Loss: 0.4536)
[=======================                 ]: 1759 (Loss: 0.5348)
[========================                ]: 1760 (Loss: 0.4345)
[========================                ]: 1761 (Loss: 0.4930)
[========================                ]: 1762 (Loss: 0.4492)
[=========================               ]: 1763 (Loss: 0.4837)
[=========================               ]: 1764 (Loss: 0.6094)
[==========================              ]: 1765 (Loss: 0.3487)
[==========================              ]: 1766 (Loss: 0.5511)
[==========================              ]: 1767 (Loss: 0.5003)
[===========================             ]: 1768 (Loss: 0.4674)
[===========================             ]: 1769 (Loss: 0.6780)
[============================            ]: 1770 (Loss: 0.5889)
[============================            ]: 1771 (Loss: 0.4494)
[============================            ]: 1772 (Loss: 0.4736)
[=============================           ]: 1773 (Loss: 0.4165)
[=============================           ]: 1774 (Loss: 0.4587)
[==============================          ]: 1775 (Loss: 0.4361)
[==============================          ]: 1776 (Loss: 0.4328)
[==============================          ]: 1777 (Loss: 0.5447)
[===============================         ]: 1778 (Loss: 0.5834)
[===============================         ]: 1779 (Loss: 0.4650)
[================================        ]: 1780 (Loss: 0.5725)
[================================        ]: 1781 (Loss: 0.5511)
[================================        ]: 1782 (Loss: 0.4856)
[=================================       ]: 1783 (Loss: 0.4241)
[=================================       ]: 1784 (Loss: 0.4478)
[==================================      ]: 1785 (Loss: 0.5409)
[==================================      ]: 1786 (Loss: 0.4527)
[==================================      ]: 1787 (Loss: 0.6206)
[===================================     ]: 1788 (Loss: 0.5105)
[===================================     ]: 1789 (Loss: 0.5083)
[====================================    ]: 1790 (Loss: 0.5484)
[====================================    ]: 1791 (Loss: 0.4173)
[====================================    ]: 1792 (Loss: 0.4276)
[=====================================   ]: 1793 (Loss: 0.5344)
[=====================================   ]: 1794 (Loss: 0.4967)
[======================================  ]: 1795 (Loss: 0.5485)
[======================================  ]: 1796 (Loss: 0.4646)
[======================================  ]: 1797 (Loss: 0.4275)
[======================================= ]: 1798 (Loss: 0.5078)
[======================================= ]: 1799 (Loss: 0.5603)
[========================================]: 1800 (Loss: 0.5992)
                                                                                                    
[2026-07-16 21:03:50,633] [INFO] [__main__] Batch 1800 Loss: 0.482225 Cost: 9.45 Time: 158 ms/sequence

[                                        ]: 1801 (Loss: 0.5172)
[                                        ]: 1802 (Loss: 0.4202)
[=                                       ]: 1803 (Loss: 0.3810)
[=                                       ]: 1804 (Loss: 0.5706)
[==                                      ]: 1805 (Loss: 0.4333)
[==                                      ]: 1806 (Loss: 0.4773)
[==                                      ]: 1807 (Loss: 0.3896)
[===                                     ]: 1808 (Loss: 0.5107)
[===                                     ]: 1809 (Loss: 0.4527)
[====                                    ]: 1810 (Loss: 0.4879)
[====                                    ]: 1811 (Loss: 0.3905)
[====                                    ]: 1812 (Loss: 0.5381)
[=====                                   ]: 1813 (Loss: 0.5433)
[=====                                   ]: 1814 (Loss: 0.5201)
[======                                  ]: 1815 (Loss: 0.4076)
[======                                  ]: 1816 (Loss: 0.5028)
[======                                  ]: 1817 (Loss: 0.4999)
[=======                                 ]: 1818 (Loss: 0.4365)
[=======                                 ]: 1819 (Loss: 0.5483)
[========                                ]: 1820 (Loss: 0.4519)
[========                                ]: 1821 (Loss: 0.5203)
[========                                ]: 1822 (Loss: 0.4563)
[=========                               ]: 1823 (Loss: 0.4581)
[=========                               ]: 1824 (Loss: 0.5048)
[==========                              ]: 1825 (Loss: 0.5302)
[==========                              ]: 1826 (Loss: 0.5728)
[==========                              ]: 1827 (Loss: 0.3798)
[===========                             ]: 1828 (Loss: 0.5092)
[===========                             ]: 1829 (Loss: 0.4930)
[============                            ]: 1830 (Loss: 0.3915)
[============                            ]: 1831 (Loss: 0.4397)
[============                            ]: 1832 (Loss: 0.4010)
[=============                           ]: 1833 (Loss: 0.3967)
[=============                           ]: 1834 (Loss: 0.3988)
[==============                          ]: 1835 (Loss: 0.5664)
[==============                          ]: 1836 (Loss: 0.5267)
[==============                          ]: 1837 (Loss: 0.5148)
[===============                         ]: 1838 (Loss: 0.4915)
[===============                         ]: 1839 (Loss: 0.4600)
[================                        ]: 1840 (Loss: 0.4338)
[================                        ]: 1841 (Loss: 0.5217)
[================                        ]: 1842 (Loss: 0.3653)
[=================                       ]: 1843 (Loss: 0.4918)
[=================                       ]: 1844 (Loss: 0.4171)
[==================                      ]: 1845 (Loss: 0.3775)
[==================                      ]: 1846 (Loss: 0.5253)
[==================                      ]: 1847 (Loss: 0.5356)
[===================                     ]: 1848 (Loss: 0.3796)
[===================                     ]: 1849 (Loss: 0.4206)
[====================                    ]: 1850 (Loss: 0.4850)
[====================                    ]: 1851 (Loss: 0.5038)
[====================                    ]: 1852 (Loss: 0.4483)
[=====================                   ]: 1853 (Loss: 0.3730)
[=====================                   ]: 1854 (Loss: 0.5130)
[======================                  ]: 1855 (Loss: 0.4400)
[======================                  ]: 1856 (Loss: 0.4585)
[======================                  ]: 1857 (Loss: 0.5236)
[=======================                 ]: 1858 (Loss: 0.3670)
[=======================                 ]: 1859 (Loss: 0.5075)
[========================                ]: 1860 (Loss: 0.3767)
[========================                ]: 1861 (Loss: 0.4904)
[========================                ]: 1862 (Loss: 0.4268)
[=========================               ]: 1863 (Loss: 0.4123)
[=========================               ]: 1864 (Loss: 0.6069)
[==========================              ]: 1865 (Loss: 0.3847)
[==========================              ]: 1866 (Loss: 0.4156)
[==========================              ]: 1867 (Loss: 0.4764)
[===========================             ]: 1868 (Loss: 0.5235)
[===========================             ]: 1869 (Loss: 0.5958)
[============================            ]: 1870 (Loss: 0.3908)
[============================            ]: 1871 (Loss: 0.4334)
[============================            ]: 1872 (Loss: 0.5213)
[=============================           ]: 1873 (Loss: 0.4794)
[=============================           ]: 1874 (Loss: 0.4720)
[==============================          ]: 1875 (Loss: 0.5418)
[==============================          ]: 1876 (Loss: 0.4065)
[==============================          ]: 1877 (Loss: 0.4228)
[===============================         ]: 1878 (Loss: 0.5742)
[===============================         ]: 1879 (Loss: 0.4352)
[================================        ]: 1880 (Loss: 0.4709)
[================================        ]: 1881 (Loss: 0.3762)
[================================        ]: 1882 (Loss: 0.4305)
[=================================       ]: 1883 (Loss: 0.5960)
[=================================       ]: 1884 (Loss: 0.4466)
[==================================      ]: 1885 (Loss: 0.4395)
[==================================      ]: 1886 (Loss: 0.4786)
[==================================      ]: 1887 (Loss: 0.4734)
[===================================     ]: 1888 (Loss: 0.4845)
[===================================     ]: 1889 (Loss: 0.4861)
[====================================    ]: 1890 (Loss: 0.4306)
[====================================    ]: 1891 (Loss: 0.4823)
[====================================    ]: 1892 (Loss: 0.4411)
[=====================================   ]: 1893 (Loss: 0.5130)
[=====================================   ]: 1894 (Loss: 0.4392)
[======================================  ]: 1895 (Loss: 0.4104)
[======================================  ]: 1896 (Loss: 0.4817)
[======================================  ]: 1897 (Loss: 0.6530)
[======================================= ]: 1898 (Loss: 0.5680)
[======================================= ]: 1899 (Loss: 0.3651)
[========================================]: 1900 (Loss: 0.4642)
                                                                                                    
[2026-07-16 21:03:57,959] [INFO] [__main__] Batch 1900 Loss: 0.468962 Cost: 9.30 Time: 73 ms/sequence

[                                        ]: 1901 (Loss: 0.5262)
[                                        ]: 1902 (Loss: 0.4775)
[=                                       ]: 1903 (Loss: 0.4772)
[=                                       ]: 1904 (Loss: 0.4911)
[==                                      ]: 1905 (Loss: 0.4600)
[==                                      ]: 1906 (Loss: 0.6306)
[==                                      ]: 1907 (Loss: 0.4902)
[===                                     ]: 1908 (Loss: 0.5453)
[===                                     ]: 1909 (Loss: 0.4294)
[====                                    ]: 1910 (Loss: 0.5333)
[====                                    ]: 1911 (Loss: 0.4834)
[====                                    ]: 1912 (Loss: 0.4819)
[=====                                   ]: 1913 (Loss: 0.4131)
[=====                                   ]: 1914 (Loss: 0.4563)
[======                                  ]: 1915 (Loss: 0.3661)
[======                                  ]: 1916 (Loss: 0.3655)
[======                                  ]: 1917 (Loss: 0.4360)
[=======                                 ]: 1918 (Loss: 0.4459)
[=======                                 ]: 1919 (Loss: 0.4407)
[========                                ]: 1920 (Loss: 0.5836)
[========                                ]: 1921 (Loss: 0.4608)
[========                                ]: 1922 (Loss: 0.4697)
[=========                               ]: 1923 (Loss: 0.4770)
[=========                               ]: 1924 (Loss: 0.4861)
[==========                              ]: 1925 (Loss: 0.4723)
[==========                              ]: 1926 (Loss: 0.5056)
[==========                              ]: 1927 (Loss: 0.5777)
[===========                             ]: 1928 (Loss: 0.4859)
[===========                             ]: 1929 (Loss: 0.4821)
[============                            ]: 1930 (Loss: 0.4711)
[============                            ]: 1931 (Loss: 0.5937)
[============                            ]: 1932 (Loss: 0.4125)
[=============                           ]: 1933 (Loss: 0.5340)
[=============                           ]: 1934 (Loss: 0.4781)
[==============                          ]: 1935 (Loss: 0.4293)
[==============                          ]: 1936 (Loss: 0.5803)
[==============                          ]: 1937 (Loss: 0.4256)
[===============                         ]: 1938 (Loss: 0.3583)
[===============                         ]: 1939 (Loss: 0.4128)
[================                        ]: 1940 (Loss: 0.5007)
[================                        ]: 1941 (Loss: 0.3709)
[================                        ]: 1942 (Loss: 0.4843)
[=================                       ]: 1943 (Loss: 0.4092)
[=================                       ]: 1944 (Loss: 0.3843)
[==================                      ]: 1945 (Loss: 0.4940)
[==================                      ]: 1946 (Loss: 0.5464)
[==================                      ]: 1947 (Loss: 0.4314)
[===================                     ]: 1948 (Loss: 0.4213)
[===================                     ]: 1949 (Loss: 0.3257)
[====================                    ]: 1950 (Loss: 0.4870)
[====================                    ]: 1951 (Loss: 0.4574)
[====================                    ]: 1952 (Loss: 0.5378)
[=====================                   ]: 1953 (Loss: 0.4922)
[=====================                   ]: 1954 (Loss: 0.4797)
[======================                  ]: 1955 (Loss: 0.5523)
[======================                  ]: 1956 (Loss: 0.4226)
[======================                  ]: 1957 (Loss: 0.4361)
[=======================                 ]: 1958 (Loss: 0.4899)
[=======================                 ]: 1959 (Loss: 0.5544)
[========================                ]: 1960 (Loss: 0.3308)
[========================                ]: 1961 (Loss: 0.5077)
[========================                ]: 1962 (Loss: 0.4794)
[=========================               ]: 1963 (Loss: 0.4696)
[=========================               ]: 1964 (Loss: 0.4373)
[==========================              ]: 1965 (Loss: 0.3712)
[==========================              ]: 1966 (Loss: 0.4561)
[==========================              ]: 1967 (Loss: 0.5016)
[===========================             ]: 1968 (Loss: 0.4407)
[===========================             ]: 1969 (Loss: 0.4390)
[============================            ]: 1970 (Loss: 0.5026)
[============================            ]: 1971 (Loss: 0.5475)
[============================            ]: 1972 (Loss: 0.4762)
[=============================           ]: 1973 (Loss: 0.3547)
[=============================           ]: 1974 (Loss: 0.4477)
[==============================          ]: 1975 (Loss: 0.4428)
[==============================          ]: 1976 (Loss: 0.4582)
[==============================          ]: 1977 (Loss: 0.5495)
[===============================         ]: 1978 (Loss: 0.4895)
[===============================         ]: 1979 (Loss: 0.6414)
[================================        ]: 1980 (Loss: 0.4317)
[================================        ]: 1981 (Loss: 0.4620)
[================================        ]: 1982 (Loss: 0.5062)
[=================================       ]: 1983 (Loss: 0.5329)
[=================================       ]: 1984 (Loss: 0.5109)
[==================================      ]: 1985 (Loss: 0.4731)
[==================================      ]: 1986 (Loss: 0.4823)
[==================================      ]: 1987 (Loss: 0.4222)
[===================================     ]: 1988 (Loss: 0.3660)
[===================================     ]: 1989 (Loss: 0.4382)
[====================================    ]: 1990 (Loss: 0.4683)
[====================================    ]: 1991 (Loss: 0.4590)
[====================================    ]: 1992 (Loss: 0.4486)
[=====================================   ]: 1993 (Loss: 0.5055)
[=====================================   ]: 1994 (Loss: 0.4575)
[======================================  ]: 1995 (Loss: 0.3436)
[======================================  ]: 1996 (Loss: 0.3778)
[======================================  ]: 1997 (Loss: 0.4450)
[======================================= ]: 1998 (Loss: 0.4182)
[======================================= ]: 1999 (Loss: 0.3758)
[========================================]: 2000 (Loss: 0.5173)
                                                                                                    
[2026-07-16 21:04:05,462] [INFO] [__main__] Batch 2000 Loss: 0.467095 Cost: 9.10 Time: 75 ms/sequence

                                                                                                    
[2026-07-16 21:04:05,463] [INFO] [__main__] Saving checkpoint to 'runs\copy_sanity_len5\copy\none\seed_1001\checkpoint-batch-00002000.pt'

[                                        ]: 2001 (Loss: 0.3819)
[                                        ]: 2002 (Loss: 0.4782)
[=                                       ]: 2003 (Loss: 0.4236)
[=                                       ]: 2004 (Loss: 0.5064)
[==                                      ]: 2005 (Loss: 0.3377)
[==                                      ]: 2006 (Loss: 0.4705)
[==                                      ]: 2007 (Loss: 0.4223)
[===                                     ]: 2008 (Loss: 0.4295)
[===                                     ]: 2009 (Loss: 0.5027)
[====                                    ]: 2010 (Loss: 0.4316)
[====                                    ]: 2011 (Loss: 0.3792)
[====                                    ]: 2012 (Loss: 0.6346)
[=====                                   ]: 2013 (Loss: 0.3983)
[=====                                   ]: 2014 (Loss: 0.5072)
[======                                  ]: 2015 (Loss: 0.5439)
[======                                  ]: 2016 (Loss: 0.5012)
[======                                  ]: 2017 (Loss: 0.4692)
[=======                                 ]: 2018 (Loss: 0.5217)
[=======                                 ]: 2019 (Loss: 0.5205)
[========                                ]: 2020 (Loss: 0.4608)
[========                                ]: 2021 (Loss: 0.4213)
[========                                ]: 2022 (Loss: 0.4466)
[=========                               ]: 2023 (Loss: 0.5405)
[=========                               ]: 2024 (Loss: 0.4602)
[==========                              ]: 2025 (Loss: 0.4541)
[==========                              ]: 2026 (Loss: 0.4255)
[==========                              ]: 2027 (Loss: 0.4308)
[===========                             ]: 2028 (Loss: 0.6324)
[===========                             ]: 2029 (Loss: 0.4010)
[============                            ]: 2030 (Loss: 0.5515)
[============                            ]: 2031 (Loss: 0.4485)
[============                            ]: 2032 (Loss: 0.4492)
[=============                           ]: 2033 (Loss: 0.4071)
[=============                           ]: 2034 (Loss: 0.4607)
[==============                          ]: 2035 (Loss: 0.5143)
[==============                          ]: 2036 (Loss: 0.3873)
[==============                          ]: 2037 (Loss: 0.5622)
[===============                         ]: 2038 (Loss: 0.4483)
[===============                         ]: 2039 (Loss: 0.4861)
[================                        ]: 2040 (Loss: 0.4393)
[================                        ]: 2041 (Loss: 0.4610)
[================                        ]: 2042 (Loss: 0.4710)
[=================                       ]: 2043 (Loss: 0.5433)
[=================                       ]: 2044 (Loss: 0.5453)
[==================                      ]: 2045 (Loss: 0.4229)
[==================                      ]: 2046 (Loss: 0.5511)
[==================                      ]: 2047 (Loss: 0.4081)
[===================                     ]: 2048 (Loss: 0.4542)
[===================                     ]: 2049 (Loss: 0.5958)
[====================                    ]: 2050 (Loss: 0.4459)
[====================                    ]: 2051 (Loss: 0.4739)
[====================                    ]: 2052 (Loss: 0.5532)
[=====================                   ]: 2053 (Loss: 0.3664)
[=====================                   ]: 2054 (Loss: 0.3981)
[======================                  ]: 2055 (Loss: 0.4597)
[======================                  ]: 2056 (Loss: 0.3697)
[======================                  ]: 2057 (Loss: 0.3359)
[=======================                 ]: 2058 (Loss: 0.4584)
[=======================                 ]: 2059 (Loss: 0.5695)
[========================                ]: 2060 (Loss: 0.3754)
[========================                ]: 2061 (Loss: 0.4629)
[========================                ]: 2062 (Loss: 0.5355)
[=========================               ]: 2063 (Loss: 0.4103)
[=========================               ]: 2064 (Loss: 0.5246)
[==========================              ]: 2065 (Loss: 0.4853)
[==========================              ]: 2066 (Loss: 0.4875)
[==========================              ]: 2067 (Loss: 0.4530)
[===========================             ]: 2068 (Loss: 0.4853)
[===========================             ]: 2069 (Loss: 0.3750)
[============================            ]: 2070 (Loss: 0.4135)
[============================            ]: 2071 (Loss: 0.4547)
[============================            ]: 2072 (Loss: 0.4884)
[=============================           ]: 2073 (Loss: 0.5101)
[=============================           ]: 2074 (Loss: 0.4878)
[==============================          ]: 2075 (Loss: 0.4145)
[==============================          ]: 2076 (Loss: 0.4866)
[==============================          ]: 2077 (Loss: 0.5005)
[===============================         ]: 2078 (Loss: 0.3828)
[===============================         ]: 2079 (Loss: 0.5040)
[================================        ]: 2080 (Loss: 0.4653)
[================================        ]: 2081 (Loss: 0.4984)
[================================        ]: 2082 (Loss: 0.5575)
[=================================       ]: 2083 (Loss: 0.5531)
[=================================       ]: 2084 (Loss: 0.5132)
[==================================      ]: 2085 (Loss: 0.5050)
[==================================      ]: 2086 (Loss: 0.5248)
[==================================      ]: 2087 (Loss: 0.4566)
[===================================     ]: 2088 (Loss: 0.4949)
[===================================     ]: 2089 (Loss: 0.4619)
[====================================    ]: 2090 (Loss: 0.4855)
[====================================    ]: 2091 (Loss: 0.5507)
[====================================    ]: 2092 (Loss: 0.4855)
[=====================================   ]: 2093 (Loss: 0.5386)
[=====================================   ]: 2094 (Loss: 0.3294)
[======================================  ]: 2095 (Loss: 0.4673)
[======================================  ]: 2096 (Loss: 0.4585)
[======================================  ]: 2097 (Loss: 0.4771)
[======================================= ]: 2098 (Loss: 0.3446)
[======================================= ]: 2099 (Loss: 0.5135)
[========================================]: 2100 (Loss: 0.4546)
                                                                                                    
[2026-07-16 21:04:12,759] [INFO] [__main__] Batch 2100 Loss: 0.469454 Cost: 9.27 Time: 72 ms/sequence

[                                        ]: 2101 (Loss: 0.4152)
[                                        ]: 2102 (Loss: 0.4294)
[=                                       ]: 2103 (Loss: 0.4293)
[=                                       ]: 2104 (Loss: 0.5122)
[==                                      ]: 2105 (Loss: 0.5455)
[==                                      ]: 2106 (Loss: 0.5262)
[==                                      ]: 2107 (Loss: 0.3809)
[===                                     ]: 2108 (Loss: 0.5183)
[===                                     ]: 2109 (Loss: 0.4250)
[====                                    ]: 2110 (Loss: 0.4002)
[====                                    ]: 2111 (Loss: 0.4563)
[====                                    ]: 2112 (Loss: 0.3586)
[=====                                   ]: 2113 (Loss: 0.4345)
[=====                                   ]: 2114 (Loss: 0.3891)
[======                                  ]: 2115 (Loss: 0.4109)
[======                                  ]: 2116 (Loss: 0.4461)
[======                                  ]: 2117 (Loss: 0.5490)
[=======                                 ]: 2118 (Loss: 0.4268)
[=======                                 ]: 2119 (Loss: 0.4221)
[========                                ]: 2120 (Loss: 0.5350)
[========                                ]: 2121 (Loss: 0.5385)
[========                                ]: 2122 (Loss: 0.5369)
[=========                               ]: 2123 (Loss: 0.3420)
[=========                               ]: 2124 (Loss: 0.4014)
[==========                              ]: 2125 (Loss: 0.4492)
[==========                              ]: 2126 (Loss: 0.4332)
[==========                              ]: 2127 (Loss: 0.4914)
[===========                             ]: 2128 (Loss: 0.5175)
[===========                             ]: 2129 (Loss: 0.5597)
[============                            ]: 2130 (Loss: 0.4088)
[============                            ]: 2131 (Loss: 0.4094)
[============                            ]: 2132 (Loss: 0.5627)
[=============                           ]: 2133 (Loss: 0.5170)
[=============                           ]: 2134 (Loss: 0.5086)
[==============                          ]: 2135 (Loss: 0.5070)
[==============                          ]: 2136 (Loss: 0.5334)
[==============                          ]: 2137 (Loss: 0.4402)
[===============                         ]: 2138 (Loss: 0.5996)
[===============                         ]: 2139 (Loss: 0.3987)
[================                        ]: 2140 (Loss: 0.3562)
[================                        ]: 2141 (Loss: 0.5033)
[================                        ]: 2142 (Loss: 0.4470)
[=================                       ]: 2143 (Loss: 0.4518)
[=================                       ]: 2144 (Loss: 0.4566)
[==================                      ]: 2145 (Loss: 0.4710)
[==================                      ]: 2146 (Loss: 0.4387)
[==================                      ]: 2147 (Loss: 0.5204)
[===================                     ]: 2148 (Loss: 0.3856)
[===================                     ]: 2149 (Loss: 0.5038)
[====================                    ]: 2150 (Loss: 0.3835)
[====================                    ]: 2151 (Loss: 0.4976)
[====================                    ]: 2152 (Loss: 0.4059)
[=====================                   ]: 2153 (Loss: 0.4133)
[=====================                   ]: 2154 (Loss: 0.5042)
[======================                  ]: 2155 (Loss: 0.4088)
[======================                  ]: 2156 (Loss: 0.5270)
[======================                  ]: 2157 (Loss: 0.5734)
[=======================                 ]: 2158 (Loss: 0.5145)
[=======================                 ]: 2159 (Loss: 0.4181)
[========================                ]: 2160 (Loss: 0.3690)
[========================                ]: 2161 (Loss: 0.3489)
[========================                ]: 2162 (Loss: 0.5502)
[=========================               ]: 2163 (Loss: 0.5417)
[=========================               ]: 2164 (Loss: 0.4765)
[==========================              ]: 2165 (Loss: 0.5351)
[==========================              ]: 2166 (Loss: 0.5208)
[==========================              ]: 2167 (Loss: 0.4847)
[===========================             ]: 2168 (Loss: 0.4843)
[===========================             ]: 2169 (Loss: 0.4879)
[============================            ]: 2170 (Loss: 0.4946)
[============================            ]: 2171 (Loss: 0.3632)
[============================            ]: 2172 (Loss: 0.3566)
[=============================           ]: 2173 (Loss: 0.5069)
[=============================           ]: 2174 (Loss: 0.5813)
[==============================          ]: 2175 (Loss: 0.4719)
[==============================          ]: 2176 (Loss: 0.4759)
[==============================          ]: 2177 (Loss: 0.4710)
[===============================         ]: 2178 (Loss: 0.5621)
[===============================         ]: 2179 (Loss: 0.4612)
[================================        ]: 2180 (Loss: 0.4323)
[================================        ]: 2181 (Loss: 0.4295)
[================================        ]: 2182 (Loss: 0.4287)
[=================================       ]: 2183 (Loss: 0.4752)
[=================================       ]: 2184 (Loss: 0.5092)
[==================================      ]: 2185 (Loss: 0.4867)
[==================================      ]: 2186 (Loss: 0.3515)
[==================================      ]: 2187 (Loss: 0.4647)
[===================================     ]: 2188 (Loss: 0.5404)
[===================================     ]: 2189 (Loss: 0.4017)
[====================================    ]: 2190 (Loss: 0.4354)
[====================================    ]: 2191 (Loss: 0.4876)
[====================================    ]: 2192 (Loss: 0.4131)
[=====================================   ]: 2193 (Loss: 0.4127)
[=====================================   ]: 2194 (Loss: 0.4582)
[======================================  ]: 2195 (Loss: 0.5463)
[======================================  ]: 2196 (Loss: 0.4597)
[======================================  ]: 2197 (Loss: 0.4615)
[======================================= ]: 2198 (Loss: 0.4809)
[======================================= ]: 2199 (Loss: 0.5103)
[========================================]: 2200 (Loss: 0.5587)
                                                                                                    
[2026-07-16 21:04:20,742] [INFO] [__main__] Batch 2200 Loss: 0.466346 Cost: 9.23 Time: 79 ms/sequence

[                                        ]: 2201 (Loss: 0.5613)
[                                        ]: 2202 (Loss: 0.4594)
[=                                       ]: 2203 (Loss: 0.5020)
[=                                       ]: 2204 (Loss: 0.4429)
[==                                      ]: 2205 (Loss: 0.4231)
[==                                      ]: 2206 (Loss: 0.4837)
[==                                      ]: 2207 (Loss: 0.4744)
[===                                     ]: 2208 (Loss: 0.4808)
[===                                     ]: 2209 (Loss: 0.4593)
[====                                    ]: 2210 (Loss: 0.4693)
[====                                    ]: 2211 (Loss: 0.4524)
[====                                    ]: 2212 (Loss: 0.4902)
[=====                                   ]: 2213 (Loss: 0.5185)
[=====                                   ]: 2214 (Loss: 0.6466)
[======                                  ]: 2215 (Loss: 0.5277)
[======                                  ]: 2216 (Loss: 0.3835)
[======                                  ]: 2217 (Loss: 0.4715)
[=======                                 ]: 2218 (Loss: 0.3872)
[=======                                 ]: 2219 (Loss: 0.4174)
[========                                ]: 2220 (Loss: 0.4645)
[========                                ]: 2221 (Loss: 0.4113)
[========                                ]: 2222 (Loss: 0.4474)
[=========                               ]: 2223 (Loss: 0.4775)
[=========                               ]: 2224 (Loss: 0.4947)
[==========                              ]: 2225 (Loss: 0.4760)
[==========                              ]: 2226 (Loss: 0.4935)
[==========                              ]: 2227 (Loss: 0.4400)
[===========                             ]: 2228 (Loss: 0.4350)
[===========                             ]: 2229 (Loss: 0.5729)
[============                            ]: 2230 (Loss: 0.4736)
[============                            ]: 2231 (Loss: 0.4174)
[============                            ]: 2232 (Loss: 0.4517)
[=============                           ]: 2233 (Loss: 0.4187)
[=============                           ]: 2234 (Loss: 0.3214)
[==============                          ]: 2235 (Loss: 0.5244)
[==============                          ]: 2236 (Loss: 0.4597)
[==============                          ]: 2237 (Loss: 0.4026)
[===============                         ]: 2238 (Loss: 0.4445)
[===============                         ]: 2239 (Loss: 0.6243)
[================                        ]: 2240 (Loss: 0.6064)
[================                        ]: 2241 (Loss: 0.4405)
[================                        ]: 2242 (Loss: 0.4941)
[=================                       ]: 2243 (Loss: 0.3639)
[=================                       ]: 2244 (Loss: 0.4265)
[==================                      ]: 2245 (Loss: 0.4264)
[==================                      ]: 2246 (Loss: 0.4281)
[==================                      ]: 2247 (Loss: 0.4428)
[===================                     ]: 2248 (Loss: 0.3938)
[===================                     ]: 2249 (Loss: 0.4776)
[====================                    ]: 2250 (Loss: 0.4488)
[====================                    ]: 2251 (Loss: 0.4425)
[====================                    ]: 2252 (Loss: 0.5141)
[=====================                   ]: 2253 (Loss: 0.4984)
[=====================                   ]: 2254 (Loss: 0.4867)
[======================                  ]: 2255 (Loss: 0.5144)
[======================                  ]: 2256 (Loss: 0.3124)
[======================                  ]: 2257 (Loss: 0.5106)
[=======================                 ]: 2258 (Loss: 0.4265)
[=======================                 ]: 2259 (Loss: 0.5832)
[========================                ]: 2260 (Loss: 0.3997)
[========================                ]: 2261 (Loss: 0.5650)
[========================                ]: 2262 (Loss: 0.3597)
[=========================               ]: 2263 (Loss: 0.4268)
[=========================               ]: 2264 (Loss: 0.3204)
[==========================              ]: 2265 (Loss: 0.4168)
[==========================              ]: 2266 (Loss: 0.4085)
[==========================              ]: 2267 (Loss: 0.4922)
[===========================             ]: 2268 (Loss: 0.3696)
[===========================             ]: 2269 (Loss: 0.5821)
[============================            ]: 2270 (Loss: 0.4572)
[============================            ]: 2271 (Loss: 0.6160)
[============================            ]: 2272 (Loss: 0.3824)
[=============================           ]: 2273 (Loss: 0.5144)
[=============================           ]: 2274 (Loss: 0.4735)
[==============================          ]: 2275 (Loss: 0.3572)
[==============================          ]: 2276 (Loss: 0.3348)
[==============================          ]: 2277 (Loss: 0.3671)
[===============================         ]: 2278 (Loss: 0.4838)
[===============================         ]: 2279 (Loss: 0.5162)
[================================        ]: 2280 (Loss: 0.4934)
[================================        ]: 2281 (Loss: 0.4512)
[================================        ]: 2282 (Loss: 0.5432)
[=================================       ]: 2283 (Loss: 0.4104)
[=================================       ]: 2284 (Loss: 0.3908)
[==================================      ]: 2285 (Loss: 0.3844)
[==================================      ]: 2286 (Loss: 0.4907)
[==================================      ]: 2287 (Loss: 0.4392)
[===================================     ]: 2288 (Loss: 0.5350)
[===================================     ]: 2289 (Loss: 0.4614)
[====================================    ]: 2290 (Loss: 0.5036)
[====================================    ]: 2291 (Loss: 0.5061)
[====================================    ]: 2292 (Loss: 0.4408)
[=====================================   ]: 2293 (Loss: 0.3861)
[=====================================   ]: 2294 (Loss: 0.5287)
[======================================  ]: 2295 (Loss: 0.5292)
[======================================  ]: 2296 (Loss: 0.3964)
[======================================  ]: 2297 (Loss: 0.4463)
[======================================= ]: 2298 (Loss: 0.5006)
[======================================= ]: 2299 (Loss: 0.4731)
[========================================]: 2300 (Loss: 0.3853)
                                                                                                    
[2026-07-16 21:04:28,125] [INFO] [__main__] Batch 2300 Loss: 0.460789 Cost: 8.64 Time: 73 ms/sequence

[                                        ]: 2301 (Loss: 0.3958)
[                                        ]: 2302 (Loss: 0.4207)
[=                                       ]: 2303 (Loss: 0.4171)
[=                                       ]: 2304 (Loss: 0.4754)
[==                                      ]: 2305 (Loss: 0.5281)
[==                                      ]: 2306 (Loss: 0.4527)
[==                                      ]: 2307 (Loss: 0.5251)
[===                                     ]: 2308 (Loss: 0.3812)
[===                                     ]: 2309 (Loss: 0.4613)
[====                                    ]: 2310 (Loss: 0.5500)
[====                                    ]: 2311 (Loss: 0.4239)
[====                                    ]: 2312 (Loss: 0.4650)
[=====                                   ]: 2313 (Loss: 0.4585)
[=====                                   ]: 2314 (Loss: 0.3531)
[======                                  ]: 2315 (Loss: 0.4294)
[======                                  ]: 2316 (Loss: 0.5145)
[======                                  ]: 2317 (Loss: 0.4594)
[=======                                 ]: 2318 (Loss: 0.4599)
[=======                                 ]: 2319 (Loss: 0.5188)
[========                                ]: 2320 (Loss: 0.3780)
[========                                ]: 2321 (Loss: 0.5545)
[========                                ]: 2322 (Loss: 0.4014)
[=========                               ]: 2323 (Loss: 0.4408)
[=========                               ]: 2324 (Loss: 0.4545)
[==========                              ]: 2325 (Loss: 0.5806)
[==========                              ]: 2326 (Loss: 0.4311)
[==========                              ]: 2327 (Loss: 0.4495)
[===========                             ]: 2328 (Loss: 0.4369)
[===========                             ]: 2329 (Loss: 0.4895)
[============                            ]: 2330 (Loss: 0.3674)
[============                            ]: 2331 (Loss: 0.6115)
[============                            ]: 2332 (Loss: 0.5643)
[=============                           ]: 2333 (Loss: 0.3572)
[=============                           ]: 2334 (Loss: 0.4141)
[==============                          ]: 2335 (Loss: 0.4167)
[==============                          ]: 2336 (Loss: 0.4328)
[==============                          ]: 2337 (Loss: 0.5682)
[===============                         ]: 2338 (Loss: 0.5695)
[===============                         ]: 2339 (Loss: 0.5612)
[================                        ]: 2340 (Loss: 0.5335)
[================                        ]: 2341 (Loss: 0.4884)
[================                        ]: 2342 (Loss: 0.4816)
[=================                       ]: 2343 (Loss: 0.4008)
[=================                       ]: 2344 (Loss: 0.5028)
[==================                      ]: 2345 (Loss: 0.4336)
[==================                      ]: 2346 (Loss: 0.4174)
[==================                      ]: 2347 (Loss: 0.4660)
[===================                     ]: 2348 (Loss: 0.3803)
[===================                     ]: 2349 (Loss: 0.4109)
[====================                    ]: 2350 (Loss: 0.4023)
[====================                    ]: 2351 (Loss: 0.3984)
[====================                    ]: 2352 (Loss: 0.4553)
[=====================                   ]: 2353 (Loss: 0.4673)
[=====================                   ]: 2354 (Loss: 0.5455)
[======================                  ]: 2355 (Loss: 0.5243)
[======================                  ]: 2356 (Loss: 0.4642)
[======================                  ]: 2357 (Loss: 0.5421)
[=======================                 ]: 2358 (Loss: 0.5767)
[=======================                 ]: 2359 (Loss: 0.5000)
[========================                ]: 2360 (Loss: 0.4439)
[========================                ]: 2361 (Loss: 0.5094)
[========================                ]: 2362 (Loss: 0.3911)
[=========================               ]: 2363 (Loss: 0.4656)
[=========================               ]: 2364 (Loss: 0.5171)
[==========================              ]: 2365 (Loss: 0.4560)
[==========================              ]: 2366 (Loss: 0.4256)
[==========================              ]: 2367 (Loss: 0.4627)
[===========================             ]: 2368 (Loss: 0.4211)
[===========================             ]: 2369 (Loss: 0.5533)
[============================            ]: 2370 (Loss: 0.4567)
[============================            ]: 2371 (Loss: 0.4608)
[============================            ]: 2372 (Loss: 0.5397)
[=============================           ]: 2373 (Loss: 0.4373)
[=============================           ]: 2374 (Loss: 0.4332)
[==============================          ]: 2375 (Loss: 0.4677)
[==============================          ]: 2376 (Loss: 0.3958)
[==============================          ]: 2377 (Loss: 0.4541)
[===============================         ]: 2378 (Loss: 0.4386)
[===============================         ]: 2379 (Loss: 0.4584)
[================================        ]: 2380 (Loss: 0.4537)
[================================        ]: 2381 (Loss: 0.4631)
[================================        ]: 2382 (Loss: 0.4685)
[=================================       ]: 2383 (Loss: 0.4243)
[=================================       ]: 2384 (Loss: 0.3519)
[==================================      ]: 2385 (Loss: 0.5340)
[==================================      ]: 2386 (Loss: 0.4928)
[==================================      ]: 2387 (Loss: 0.3563)
[===================================     ]: 2388 (Loss: 0.5206)
[===================================     ]: 2389 (Loss: 0.4267)
[====================================    ]: 2390 (Loss: 0.4307)
[====================================    ]: 2391 (Loss: 0.5779)
[====================================    ]: 2392 (Loss: 0.5258)
[=====================================   ]: 2393 (Loss: 0.2989)
[=====================================   ]: 2394 (Loss: 0.3741)
[======================================  ]: 2395 (Loss: 0.4569)
[======================================  ]: 2396 (Loss: 0.3735)
[======================================  ]: 2397 (Loss: 0.3969)
[======================================= ]: 2398 (Loss: 0.4973)
[======================================= ]: 2399 (Loss: 0.3788)
[========================================]: 2400 (Loss: 0.3992)
                                                                                                    
[2026-07-16 21:04:35,425] [INFO] [__main__] Batch 2400 Loss: 0.459511 Cost: 9.07 Time: 73 ms/sequence

[                                        ]: 2401 (Loss: 0.3459)
[                                        ]: 2402 (Loss: 0.3859)
[=                                       ]: 2403 (Loss: 0.3721)
[=                                       ]: 2404 (Loss: 0.3876)
[==                                      ]: 2405 (Loss: 0.3498)
[==                                      ]: 2406 (Loss: 0.4183)
[==                                      ]: 2407 (Loss: 0.3800)
[===                                     ]: 2408 (Loss: 0.4513)
[===                                     ]: 2409 (Loss: 0.4971)
[====                                    ]: 2410 (Loss: 0.5394)
[====                                    ]: 2411 (Loss: 0.3652)
[====                                    ]: 2412 (Loss: 0.4710)
[=====                                   ]: 2413 (Loss: 0.4317)
[=====                                   ]: 2414 (Loss: 0.4568)
[======                                  ]: 2415 (Loss: 0.4897)
[======                                  ]: 2416 (Loss: 0.5835)
[======                                  ]: 2417 (Loss: 0.4122)
[=======                                 ]: 2418 (Loss: 0.5819)
[=======                                 ]: 2419 (Loss: 0.4976)
[========                                ]: 2420 (Loss: 0.4418)
[========                                ]: 2421 (Loss: 0.4386)
[========                                ]: 2422 (Loss: 0.3277)
[=========                               ]: 2423 (Loss: 0.4514)
[=========                               ]: 2424 (Loss: 0.4592)
[==========                              ]: 2425 (Loss: 0.4580)
[==========                              ]: 2426 (Loss: 0.4325)
[==========                              ]: 2427 (Loss: 0.3812)
[===========                             ]: 2428 (Loss: 0.5293)
[===========                             ]: 2429 (Loss: 0.4762)
[============                            ]: 2430 (Loss: 0.6287)
[============                            ]: 2431 (Loss: 0.4074)
[============                            ]: 2432 (Loss: 0.4585)
[=============                           ]: 2433 (Loss: 0.4348)
[=============                           ]: 2434 (Loss: 0.4203)
[==============                          ]: 2435 (Loss: 0.5033)
[==============                          ]: 2436 (Loss: 0.4506)
[==============                          ]: 2437 (Loss: 0.4060)
[===============                         ]: 2438 (Loss: 0.6135)
[===============                         ]: 2439 (Loss: 0.3758)
[================                        ]: 2440 (Loss: 0.4125)
[================                        ]: 2441 (Loss: 0.4055)
[================                        ]: 2442 (Loss: 0.3033)
[=================                       ]: 2443 (Loss: 0.4672)
[=================                       ]: 2444 (Loss: 0.3645)
[==================                      ]: 2445 (Loss: 0.4854)
[==================                      ]: 2446 (Loss: 0.4580)
[==================                      ]: 2447 (Loss: 0.5269)
[===================                     ]: 2448 (Loss: 0.4319)
[===================                     ]: 2449 (Loss: 0.5143)
[====================                    ]: 2450 (Loss: 0.4783)
[====================                    ]: 2451 (Loss: 0.4322)
[====================                    ]: 2452 (Loss: 0.4894)
[=====================                   ]: 2453 (Loss: 0.4364)
[=====================                   ]: 2454 (Loss: 0.5093)
[======================                  ]: 2455 (Loss: 0.6051)
[======================                  ]: 2456 (Loss: 0.4482)
[======================                  ]: 2457 (Loss: 0.4133)
[=======================                 ]: 2458 (Loss: 0.3958)
[=======================                 ]: 2459 (Loss: 0.4214)
[========================                ]: 2460 (Loss: 0.4170)
[========================                ]: 2461 (Loss: 0.3471)
[========================                ]: 2462 (Loss: 0.4247)
[=========================               ]: 2463 (Loss: 0.4157)
[=========================               ]: 2464 (Loss: 0.5170)
[==========================              ]: 2465 (Loss: 0.4598)
[==========================              ]: 2466 (Loss: 0.4078)
[==========================              ]: 2467 (Loss: 0.4971)
[===========================             ]: 2468 (Loss: 0.4158)
[===========================             ]: 2469 (Loss: 0.4740)
[============================            ]: 2470 (Loss: 0.5607)
[============================            ]: 2471 (Loss: 0.3548)
[============================            ]: 2472 (Loss: 0.4066)
[=============================           ]: 2473 (Loss: 0.3958)
[=============================           ]: 2474 (Loss: 0.5123)
[==============================          ]: 2475 (Loss: 0.4366)
[==============================          ]: 2476 (Loss: 0.4827)
[==============================          ]: 2477 (Loss: 0.3831)
[===============================         ]: 2478 (Loss: 0.4846)
[===============================         ]: 2479 (Loss: 0.5236)
[================================        ]: 2480 (Loss: 0.3613)
[================================        ]: 2481 (Loss: 0.4151)
[================================        ]: 2482 (Loss: 0.5520)
[=================================       ]: 2483 (Loss: 0.4110)
[=================================       ]: 2484 (Loss: 0.5175)
[==================================      ]: 2485 (Loss: 0.3950)
[==================================      ]: 2486 (Loss: 0.4513)
[==================================      ]: 2487 (Loss: 0.4209)
[===================================     ]: 2488 (Loss: 0.4446)
[===================================     ]: 2489 (Loss: 0.4728)
[====================================    ]: 2490 (Loss: 0.4176)
[====================================    ]: 2491 (Loss: 0.4417)
[====================================    ]: 2492 (Loss: 0.4169)
[=====================================   ]: 2493 (Loss: 0.4246)
[=====================================   ]: 2494 (Loss: 0.3076)
[======================================  ]: 2495 (Loss: 0.5640)
[======================================  ]: 2496 (Loss: 0.4063)
[======================================  ]: 2497 (Loss: 0.4728)
[======================================= ]: 2498 (Loss: 0.4152)
[======================================= ]: 2499 (Loss: 0.5848)
[========================================]: 2500 (Loss: 0.4272)
                                                                                                    
[2026-07-16 21:04:42,857] [INFO] [__main__] Batch 2500 Loss: 0.447482 Cost: 8.71 Time: 74 ms/sequence

[                                        ]: 2501 (Loss: 0.4832)
[                                        ]: 2502 (Loss: 0.4905)
[=                                       ]: 2503 (Loss: 0.4999)
[=                                       ]: 2504 (Loss: 0.4580)
[==                                      ]: 2505 (Loss: 0.4359)
[==                                      ]: 2506 (Loss: 0.4410)
[==                                      ]: 2507 (Loss: 0.3737)
[===                                     ]: 2508 (Loss: 0.4476)
[===                                     ]: 2509 (Loss: 0.4709)
[====                                    ]: 2510 (Loss: 0.4512)
[====                                    ]: 2511 (Loss: 0.5068)
[====                                    ]: 2512 (Loss: 0.3960)
[=====                                   ]: 2513 (Loss: 0.3852)
[=====                                   ]: 2514 (Loss: 0.5172)
[======                                  ]: 2515 (Loss: 0.4399)
[======                                  ]: 2516 (Loss: 0.5209)
[======                                  ]: 2517 (Loss: 0.3190)
[=======                                 ]: 2518 (Loss: 0.4952)
[=======                                 ]: 2519 (Loss: 0.3991)
[========                                ]: 2520 (Loss: 0.4872)
[========                                ]: 2521 (Loss: 0.3908)
[========                                ]: 2522 (Loss: 0.4445)
[=========                               ]: 2523 (Loss: 0.4779)
[=========                               ]: 2524 (Loss: 0.4091)
[==========                              ]: 2525 (Loss: 0.4109)
[==========                              ]: 2526 (Loss: 0.4241)
[==========                              ]: 2527 (Loss: 0.5747)
[===========                             ]: 2528 (Loss: 0.3558)
[===========                             ]: 2529 (Loss: 0.4833)
[============                            ]: 2530 (Loss: 0.4332)
[============                            ]: 2531 (Loss: 0.5348)
[============                            ]: 2532 (Loss: 0.4364)
[=============                           ]: 2533 (Loss: 0.4238)
[=============                           ]: 2534 (Loss: 0.3960)
[==============                          ]: 2535 (Loss: 0.4262)
[==============                          ]: 2536 (Loss: 0.4289)
[==============                          ]: 2537 (Loss: 0.4041)
[===============                         ]: 2538 (Loss: 0.4174)
[===============                         ]: 2539 (Loss: 0.4892)
[================                        ]: 2540 (Loss: 0.5027)
[================                        ]: 2541 (Loss: 0.3702)
[================                        ]: 2542 (Loss: 0.4818)
[=================                       ]: 2543 (Loss: 0.4965)
[=================                       ]: 2544 (Loss: 0.4085)
[==================                      ]: 2545 (Loss: 0.4854)
[==================                      ]: 2546 (Loss: 0.3799)
[==================                      ]: 2547 (Loss: 0.4563)
[===================                     ]: 2548 (Loss: 0.5044)
[===================                     ]: 2549 (Loss: 0.4446)
[====================                    ]: 2550 (Loss: 0.5497)
[====================                    ]: 2551 (Loss: 0.4867)
[====================                    ]: 2552 (Loss: 0.4162)
[=====================                   ]: 2553 (Loss: 0.4295)
[=====================                   ]: 2554 (Loss: 0.5143)
[======================                  ]: 2555 (Loss: 0.4477)
[======================                  ]: 2556 (Loss: 0.4343)
[======================                  ]: 2557 (Loss: 0.5605)
[=======================                 ]: 2558 (Loss: 0.4962)
[=======================                 ]: 2559 (Loss: 0.3953)
[========================                ]: 2560 (Loss: 0.4031)
[========================                ]: 2561 (Loss: 0.4290)
[========================                ]: 2562 (Loss: 0.4212)
[=========================               ]: 2563 (Loss: 0.4402)
[=========================               ]: 2564 (Loss: 0.3779)
[==========================              ]: 2565 (Loss: 0.4122)
[==========================              ]: 2566 (Loss: 0.4454)
[==========================              ]: 2567 (Loss: 0.4299)
[===========================             ]: 2568 (Loss: 0.5149)
[===========================             ]: 2569 (Loss: 0.3694)
[============================            ]: 2570 (Loss: 0.4656)
[============================            ]: 2571 (Loss: 0.4475)
[============================            ]: 2572 (Loss: 0.3793)
[=============================           ]: 2573 (Loss: 0.5201)
[=============================           ]: 2574 (Loss: 0.6083)
[==============================          ]: 2575 (Loss: 0.4495)
[==============================          ]: 2576 (Loss: 0.6072)
[==============================          ]: 2577 (Loss: 0.4928)
[===============================         ]: 2578 (Loss: 0.5117)
[===============================         ]: 2579 (Loss: 0.4362)
[================================        ]: 2580 (Loss: 0.5561)
[================================        ]: 2581 (Loss: 0.5184)
[================================        ]: 2582 (Loss: 0.5486)
[=================================       ]: 2583 (Loss: 0.5792)
[=================================       ]: 2584 (Loss: 0.4256)
[==================================      ]: 2585 (Loss: 0.4370)
[==================================      ]: 2586 (Loss: 0.4753)
[==================================      ]: 2587 (Loss: 0.3985)
[===================================     ]: 2588 (Loss: 0.4435)
[===================================     ]: 2589 (Loss: 0.3823)
[====================================    ]: 2590 (Loss: 0.4168)
[====================================    ]: 2591 (Loss: 0.5428)
[====================================    ]: 2592 (Loss: 0.4971)
[=====================================   ]: 2593 (Loss: 0.4040)
[=====================================   ]: 2594 (Loss: 0.3548)
[======================================  ]: 2595 (Loss: 0.5022)
[======================================  ]: 2596 (Loss: 0.4619)
[======================================  ]: 2597 (Loss: 0.3733)
[======================================= ]: 2598 (Loss: 0.4778)
[======================================= ]: 2599 (Loss: 0.4462)
[========================================]: 2600 (Loss: 0.4338)
                                                                                                    
[2026-07-16 21:04:50,623] [INFO] [__main__] Batch 2600 Loss: 0.454768 Cost: 8.96 Time: 77 ms/sequence

[                                        ]: 2601 (Loss: 0.5329)
[                                        ]: 2602 (Loss: 0.4334)
[=                                       ]: 2603 (Loss: 0.5619)
[=                                       ]: 2604 (Loss: 0.4898)
[==                                      ]: 2605 (Loss: 0.4619)
[==                                      ]: 2606 (Loss: 0.5806)
[==                                      ]: 2607 (Loss: 0.5132)
[===                                     ]: 2608 (Loss: 0.4624)
[===                                     ]: 2609 (Loss: 0.5016)
[====                                    ]: 2610 (Loss: 0.3651)
[====                                    ]: 2611 (Loss: 0.5285)
[====                                    ]: 2612 (Loss: 0.4238)
[=====                                   ]: 2613 (Loss: 0.4983)
[=====                                   ]: 2614 (Loss: 0.4921)
[======                                  ]: 2615 (Loss: 0.3166)
[======                                  ]: 2616 (Loss: 0.3829)
[======                                  ]: 2617 (Loss: 0.5320)
[=======                                 ]: 2618 (Loss: 0.4905)
[=======                                 ]: 2619 (Loss: 0.4735)
[========                                ]: 2620 (Loss: 0.3815)
[========                                ]: 2621 (Loss: 0.4980)
[========                                ]: 2622 (Loss: 0.4277)
[=========                               ]: 2623 (Loss: 0.4079)
[=========                               ]: 2624 (Loss: 0.4405)
[==========                              ]: 2625 (Loss: 0.4099)
[==========                              ]: 2626 (Loss: 0.4291)
[==========                              ]: 2627 (Loss: 0.4554)
[===========                             ]: 2628 (Loss: 0.3704)
[===========                             ]: 2629 (Loss: 0.3965)
[============                            ]: 2630 (Loss: 0.4781)
[============                            ]: 2631 (Loss: 0.4479)
[============                            ]: 2632 (Loss: 0.4780)
[=============                           ]: 2633 (Loss: 0.4121)
[=============                           ]: 2634 (Loss: 0.4111)
[==============                          ]: 2635 (Loss: 0.5499)
[==============                          ]: 2636 (Loss: 0.5432)
[==============                          ]: 2637 (Loss: 0.5620)
[===============                         ]: 2638 (Loss: 0.3329)
[===============                         ]: 2639 (Loss: 0.4780)
[================                        ]: 2640 (Loss: 0.5702)
[================                        ]: 2641 (Loss: 0.4518)
[================                        ]: 2642 (Loss: 0.3866)
[=================                       ]: 2643 (Loss: 0.3977)
[=================                       ]: 2644 (Loss: 0.4553)
[==================                      ]: 2645 (Loss: 0.5180)
[==================                      ]: 2646 (Loss: 0.4091)
[==================                      ]: 2647 (Loss: 0.3274)
[===================                     ]: 2648 (Loss: 0.4727)
[===================                     ]: 2649 (Loss: 0.4471)
[====================                    ]: 2650 (Loss: 0.4788)
[====================                    ]: 2651 (Loss: 0.3768)
[====================                    ]: 2652 (Loss: 0.4016)
[=====================                   ]: 2653 (Loss: 0.3593)
[=====================                   ]: 2654 (Loss: 0.4612)
[======================                  ]: 2655 (Loss: 0.4711)
[======================                  ]: 2656 (Loss: 0.4476)
[======================                  ]: 2657 (Loss: 0.4829)
[=======================                 ]: 2658 (Loss: 0.5203)
[=======================                 ]: 2659 (Loss: 0.4369)
[========================                ]: 2660 (Loss: 0.5385)
[========================                ]: 2661 (Loss: 0.5248)
[========================                ]: 2662 (Loss: 0.4695)
[=========================               ]: 2663 (Loss: 0.4296)
[=========================               ]: 2664 (Loss: 0.4678)
[==========================              ]: 2665 (Loss: 0.5154)
[==========================              ]: 2666 (Loss: 0.4985)
[==========================              ]: 2667 (Loss: 0.5145)
[===========================             ]: 2668 (Loss: 0.4276)
[===========================             ]: 2669 (Loss: 0.3652)
[============================            ]: 2670 (Loss: 0.3872)
[============================            ]: 2671 (Loss: 0.5022)
[============================            ]: 2672 (Loss: 0.3208)
[=============================           ]: 2673 (Loss: 0.4430)
[=============================           ]: 2674 (Loss: 0.3953)
[==============================          ]: 2675 (Loss: 0.3317)
[==============================          ]: 2676 (Loss: 0.4414)
[==============================          ]: 2677 (Loss: 0.5156)
[===============================         ]: 2678 (Loss: 0.5089)
[===============================         ]: 2679 (Loss: 0.4465)
[================================        ]: 2680 (Loss: 0.3496)
[================================        ]: 2681 (Loss: 0.4440)
[================================        ]: 2682 (Loss: 0.3861)
[=================================       ]: 2683 (Loss: 0.4394)
[=================================       ]: 2684 (Loss: 0.4051)
[==================================      ]: 2685 (Loss: 0.5047)
[==================================      ]: 2686 (Loss: 0.5333)
[==================================      ]: 2687 (Loss: 0.5197)
[===================================     ]: 2688 (Loss: 0.4756)
[===================================     ]: 2689 (Loss: 0.5015)
[====================================    ]: 2690 (Loss: 0.4234)
[====================================    ]: 2691 (Loss: 0.5102)
[====================================    ]: 2692 (Loss: 0.4013)
[=====================================   ]: 2693 (Loss: 0.4648)
[=====================================   ]: 2694 (Loss: 0.4689)
[======================================  ]: 2695 (Loss: 0.4568)
[======================================  ]: 2696 (Loss: 0.4012)
[======================================  ]: 2697 (Loss: 0.3834)
[======================================= ]: 2698 (Loss: 0.4189)
[======================================= ]: 2699 (Loss: 0.4952)
[========================================]: 2700 (Loss: 0.4571)
                                                                                                    
[2026-07-16 21:04:57,717] [INFO] [__main__] Batch 2700 Loss: 0.453078 Cost: 8.84 Time: 70 ms/sequence

[                                        ]: 2701 (Loss: 0.4631)
[                                        ]: 2702 (Loss: 0.4689)
[=                                       ]: 2703 (Loss: 0.4141)
[=                                       ]: 2704 (Loss: 0.4130)
[==                                      ]: 2705 (Loss: 0.4585)
[==                                      ]: 2706 (Loss: 0.5347)
[==                                      ]: 2707 (Loss: 0.4073)
[===                                     ]: 2708 (Loss: 0.4303)
[===                                     ]: 2709 (Loss: 0.3613)
[====                                    ]: 2710 (Loss: 0.3631)
[====                                    ]: 2711 (Loss: 0.5613)
[====                                    ]: 2712 (Loss: 0.5052)
[=====                                   ]: 2713 (Loss: 0.4591)
[=====                                   ]: 2714 (Loss: 0.4161)
[======                                  ]: 2715 (Loss: 0.4668)
[======                                  ]: 2716 (Loss: 0.4264)
[======                                  ]: 2717 (Loss: 0.3854)
[=======                                 ]: 2718 (Loss: 0.4809)
[=======                                 ]: 2719 (Loss: 0.5143)
[========                                ]: 2720 (Loss: 0.5566)
[========                                ]: 2721 (Loss: 0.3678)
[========                                ]: 2722 (Loss: 0.4795)
[=========                               ]: 2723 (Loss: 0.4891)
[=========                               ]: 2724 (Loss: 0.4001)
[==========                              ]: 2725 (Loss: 0.4224)
[==========                              ]: 2726 (Loss: 0.5505)
[==========                              ]: 2727 (Loss: 0.5529)
[===========                             ]: 2728 (Loss: 0.2956)
[===========                             ]: 2729 (Loss: 0.2995)
[============                            ]: 2730 (Loss: 0.4824)
[============                            ]: 2731 (Loss: 0.4428)
[============                            ]: 2732 (Loss: 0.4381)
[=============                           ]: 2733 (Loss: 0.3828)
[=============                           ]: 2734 (Loss: 0.5135)
[==============                          ]: 2735 (Loss: 0.4422)
[==============                          ]: 2736 (Loss: 0.4601)
[==============                          ]: 2737 (Loss: 0.3589)
[===============                         ]: 2738 (Loss: 0.4449)
[===============                         ]: 2739 (Loss: 0.3197)
[================                        ]: 2740 (Loss: 0.5559)
[================                        ]: 2741 (Loss: 0.4514)
[================                        ]: 2742 (Loss: 0.4165)
[=================                       ]: 2743 (Loss: 0.4439)
[=================                       ]: 2744 (Loss: 0.5603)
[==================                      ]: 2745 (Loss: 0.3917)
[==================                      ]: 2746 (Loss: 0.3588)
[==================                      ]: 2747 (Loss: 0.4176)
[===================                     ]: 2748 (Loss: 0.4462)
[===================                     ]: 2749 (Loss: 0.3698)
[====================                    ]: 2750 (Loss: 0.4187)
[====================                    ]: 2751 (Loss: 0.3353)
[====================                    ]: 2752 (Loss: 0.3702)
[=====================                   ]: 2753 (Loss: 0.3595)
[=====================                   ]: 2754 (Loss: 0.3108)
[======================                  ]: 2755 (Loss: 0.4410)
[======================                  ]: 2756 (Loss: 0.3581)
[======================                  ]: 2757 (Loss: 0.4664)
[=======================                 ]: 2758 (Loss: 0.3556)
[=======================                 ]: 2759 (Loss: 0.4690)
[========================                ]: 2760 (Loss: 0.3752)
[========================                ]: 2761 (Loss: 0.4382)
[========================                ]: 2762 (Loss: 0.3806)
[=========================               ]: 2763 (Loss: 0.3905)
[=========================               ]: 2764 (Loss: 0.4017)
[==========================              ]: 2765 (Loss: 0.3274)
[==========================              ]: 2766 (Loss: 0.3179)
[==========================              ]: 2767 (Loss: 0.4588)
[===========================             ]: 2768 (Loss: 0.5534)
[===========================             ]: 2769 (Loss: 0.4613)
[============================            ]: 2770 (Loss: 0.4426)
[============================            ]: 2771 (Loss: 0.3962)
[============================            ]: 2772 (Loss: 0.4620)
[=============================           ]: 2773 (Loss: 0.3898)
[=============================           ]: 2774 (Loss: 0.4045)
[==============================          ]: 2775 (Loss: 0.2716)
[==============================          ]: 2776 (Loss: 0.4712)
[==============================          ]: 2777 (Loss: 0.5657)
[===============================         ]: 2778 (Loss: 0.5028)
[===============================         ]: 2779 (Loss: 0.2127)
[================================        ]: 2780 (Loss: 0.4526)
[================================        ]: 2781 (Loss: 0.3675)
[================================        ]: 2782 (Loss: 0.5041)
[=================================       ]: 2783 (Loss: 0.3553)
[=================================       ]: 2784 (Loss: 0.5076)
[==================================      ]: 2785 (Loss: 0.6115)
[==================================      ]: 2786 (Loss: 0.4727)
[==================================      ]: 2787 (Loss: 0.4487)
[===================================     ]: 2788 (Loss: 0.4980)
[===================================     ]: 2789 (Loss: 0.4250)
[====================================    ]: 2790 (Loss: 0.4696)
[====================================    ]: 2791 (Loss: 0.5117)
[====================================    ]: 2792 (Loss: 0.5467)
[=====================================   ]: 2793 (Loss: 0.4520)
[=====================================   ]: 2794 (Loss: 0.5334)
[======================================  ]: 2795 (Loss: 0.4425)
[======================================  ]: 2796 (Loss: 0.3983)
[======================================  ]: 2797 (Loss: 0.4700)
[======================================= ]: 2798 (Loss: 0.3149)
[======================================= ]: 2799 (Loss: 0.5245)
[========================================]: 2800 (Loss: 0.4265)
                                                                                                    
[2026-07-16 21:05:05,046] [INFO] [__main__] Batch 2800 Loss: 0.434832 Cost: 8.52 Time: 73 ms/sequence

[                                        ]: 2801 (Loss: 0.3888)
[                                        ]: 2802 (Loss: 0.4096)
[=                                       ]: 2803 (Loss: 0.3758)
[=                                       ]: 2804 (Loss: 0.3941)
[==                                      ]: 2805 (Loss: 0.4286)
[==                                      ]: 2806 (Loss: 0.3394)
[==                                      ]: 2807 (Loss: 0.4004)
[===                                     ]: 2808 (Loss: 0.4472)
[===                                     ]: 2809 (Loss: 0.4609)
[====                                    ]: 2810 (Loss: 0.4227)
[====                                    ]: 2811 (Loss: 0.4547)
[====                                    ]: 2812 (Loss: 0.4308)
[=====                                   ]: 2813 (Loss: 0.4831)
[=====                                   ]: 2814 (Loss: 0.5076)
[======                                  ]: 2815 (Loss: 0.4427)
[======                                  ]: 2816 (Loss: 0.4112)
[======                                  ]: 2817 (Loss: 0.3700)
[=======                                 ]: 2818 (Loss: 0.3749)
[=======                                 ]: 2819 (Loss: 0.3366)
[========                                ]: 2820 (Loss: 0.4711)
[========                                ]: 2821 (Loss: 0.5301)
[========                                ]: 2822 (Loss: 0.4005)
[=========                               ]: 2823 (Loss: 0.3630)
[=========                               ]: 2824 (Loss: 0.4497)
[==========                              ]: 2825 (Loss: 0.4387)
[==========                              ]: 2826 (Loss: 0.4511)
[==========                              ]: 2827 (Loss: 0.4759)
[===========                             ]: 2828 (Loss: 0.4153)
[===========                             ]: 2829 (Loss: 0.3639)
[============                            ]: 2830 (Loss: 0.4810)
[============                            ]: 2831 (Loss: 0.5398)
[============                            ]: 2832 (Loss: 0.5381)
[=============                           ]: 2833 (Loss: 0.5038)
[=============                           ]: 2834 (Loss: 0.4233)
[==============                          ]: 2835 (Loss: 0.5265)
[==============                          ]: 2836 (Loss: 0.3535)
[==============                          ]: 2837 (Loss: 0.5281)
[===============                         ]: 2838 (Loss: 0.4519)
[===============                         ]: 2839 (Loss: 0.4735)
[================                        ]: 2840 (Loss: 0.4080)
[================                        ]: 2841 (Loss: 0.4348)
[================                        ]: 2842 (Loss: 0.3708)
[=================                       ]: 2843 (Loss: 0.4668)
[=================                       ]: 2844 (Loss: 0.4943)
[==================                      ]: 2845 (Loss: 0.4523)
[==================                      ]: 2846 (Loss: 0.4742)
[==================                      ]: 2847 (Loss: 0.5026)
[===================                     ]: 2848 (Loss: 0.3891)
[===================                     ]: 2849 (Loss: 0.4430)
[====================                    ]: 2850 (Loss: 0.3009)
[====================                    ]: 2851 (Loss: 0.4857)
[====================                    ]: 2852 (Loss: 0.4195)
[=====================                   ]: 2853 (Loss: 0.3758)
[=====================                   ]: 2854 (Loss: 0.4662)
[======================                  ]: 2855 (Loss: 0.3587)
[======================                  ]: 2856 (Loss: 0.5349)
[======================                  ]: 2857 (Loss: 0.4107)
[=======================                 ]: 2858 (Loss: 0.3594)
[=======================                 ]: 2859 (Loss: 0.4933)
[========================                ]: 2860 (Loss: 0.4572)
[========================                ]: 2861 (Loss: 0.3433)
[========================                ]: 2862 (Loss: 0.3753)
[=========================               ]: 2863 (Loss: 0.5324)
[=========================               ]: 2864 (Loss: 0.4723)
[==========================              ]: 2865 (Loss: 0.3703)
[==========================              ]: 2866 (Loss: 0.4196)
[==========================              ]: 2867 (Loss: 0.5337)
[===========================             ]: 2868 (Loss: 0.3786)
[===========================             ]: 2869 (Loss: 0.5170)
[============================            ]: 2870 (Loss: 0.4322)
[============================            ]: 2871 (Loss: 0.4525)
[============================            ]: 2872 (Loss: 0.3843)
[=============================           ]: 2873 (Loss: 0.6217)
[=============================           ]: 2874 (Loss: 0.3036)
[==============================          ]: 2875 (Loss: 0.3477)
[==============================          ]: 2876 (Loss: 0.4917)
[==============================          ]: 2877 (Loss: 0.4738)
[===============================         ]: 2878 (Loss: 0.3684)
[===============================         ]: 2879 (Loss: 0.4102)
[================================        ]: 2880 (Loss: 0.3506)
[================================        ]: 2881 (Loss: 0.3448)
[================================        ]: 2882 (Loss: 0.4906)
[=================================       ]: 2883 (Loss: 0.5198)
[=================================       ]: 2884 (Loss: 0.3088)
[==================================      ]: 2885 (Loss: 0.5240)
[==================================      ]: 2886 (Loss: 0.5049)
[==================================      ]: 2887 (Loss: 0.5320)
[===================================     ]: 2888 (Loss: 0.4417)
[===================================     ]: 2889 (Loss: 0.4079)
[====================================    ]: 2890 (Loss: 0.3696)
[====================================    ]: 2891 (Loss: 0.5553)
[====================================    ]: 2892 (Loss: 0.3827)
[=====================================   ]: 2893 (Loss: 0.3890)
[=====================================   ]: 2894 (Loss: 0.3510)
[======================================  ]: 2895 (Loss: 0.4735)
[======================================  ]: 2896 (Loss: 0.6293)
[======================================  ]: 2897 (Loss: 0.4514)
[======================================= ]: 2898 (Loss: 0.4321)
[======================================= ]: 2899 (Loss: 0.4293)
[========================================]: 2900 (Loss: 0.3711)
                                                                                                    
[2026-07-16 21:05:12,458] [INFO] [__main__] Batch 2900 Loss: 0.436442 Cost: 8.64 Time: 74 ms/sequence

[                                        ]: 2901 (Loss: 0.6110)
[                                        ]: 2902 (Loss: 0.4660)
[=                                       ]: 2903 (Loss: 0.4425)
[=                                       ]: 2904 (Loss: 0.5138)
[==                                      ]: 2905 (Loss: 0.3848)
[==                                      ]: 2906 (Loss: 0.4991)
[==                                      ]: 2907 (Loss: 0.4538)
[===                                     ]: 2908 (Loss: 0.4672)
[===                                     ]: 2909 (Loss: 0.4831)
[====                                    ]: 2910 (Loss: 0.5842)
[====                                    ]: 2911 (Loss: 0.4954)
[====                                    ]: 2912 (Loss: 0.4701)
[=====                                   ]: 2913 (Loss: 0.4901)
[=====                                   ]: 2914 (Loss: 0.4832)
[======                                  ]: 2915 (Loss: 0.5171)
[======                                  ]: 2916 (Loss: 0.5646)
[======                                  ]: 2917 (Loss: 0.4455)
[=======                                 ]: 2918 (Loss: 0.4446)
[=======                                 ]: 2919 (Loss: 0.5083)
[========                                ]: 2920 (Loss: 0.4727)
[========                                ]: 2921 (Loss: 0.3971)
[========                                ]: 2922 (Loss: 0.4062)
[=========                               ]: 2923 (Loss: 0.5162)
[=========                               ]: 2924 (Loss: 0.4003)
[==========                              ]: 2925 (Loss: 0.5104)
[==========                              ]: 2926 (Loss: 0.3674)
[==========                              ]: 2927 (Loss: 0.3781)
[===========                             ]: 2928 (Loss: 0.3897)
[===========                             ]: 2929 (Loss: 0.4084)
[============                            ]: 2930 (Loss: 0.4310)
[============                            ]: 2931 (Loss: 0.4339)
[============                            ]: 2932 (Loss: 0.3744)
[=============                           ]: 2933 (Loss: 0.4404)
[=============                           ]: 2934 (Loss: 0.5249)
[==============                          ]: 2935 (Loss: 0.4398)
[==============                          ]: 2936 (Loss: 0.5008)
[==============                          ]: 2937 (Loss: 0.4514)
[===============                         ]: 2938 (Loss: 0.4654)
[===============                         ]: 2939 (Loss: 0.4449)
[================                        ]: 2940 (Loss: 0.3767)
[================                        ]: 2941 (Loss: 0.4306)
[================                        ]: 2942 (Loss: 0.3759)
[=================                       ]: 2943 (Loss: 0.4200)
[=================                       ]: 2944 (Loss: 0.5922)
[==================                      ]: 2945 (Loss: 0.4037)
[==================                      ]: 2946 (Loss: 0.3058)
[==================                      ]: 2947 (Loss: 0.4769)
[===================                     ]: 2948 (Loss: 0.3790)
[===================                     ]: 2949 (Loss: 0.4028)
[====================                    ]: 2950 (Loss: 0.4308)
[====================                    ]: 2951 (Loss: 0.3209)
[====================                    ]: 2952 (Loss: 0.3971)
[=====================                   ]: 2953 (Loss: 0.4865)
[=====================                   ]: 2954 (Loss: 0.4554)
[======================                  ]: 2955 (Loss: 0.4290)
[======================                  ]: 2956 (Loss: 0.4062)
[======================                  ]: 2957 (Loss: 0.5286)
[=======================                 ]: 2958 (Loss: 0.2934)
[=======================                 ]: 2959 (Loss: 0.4385)
[========================                ]: 2960 (Loss: 0.5021)
[========================                ]: 2961 (Loss: 0.4349)
[========================                ]: 2962 (Loss: 0.4534)
[=========================               ]: 2963 (Loss: 0.4111)
[=========================               ]: 2964 (Loss: 0.3666)
[==========================              ]: 2965 (Loss: 0.2973)
[==========================              ]: 2966 (Loss: 0.5659)
[==========================              ]: 2967 (Loss: 0.4784)
[===========================             ]: 2968 (Loss: 0.4758)
[===========================             ]: 2969 (Loss: 0.3719)
[============================            ]: 2970 (Loss: 0.4402)
[============================            ]: 2971 (Loss: 0.4509)
[============================            ]: 2972 (Loss: 0.3736)
[=============================           ]: 2973 (Loss: 0.3807)
[=============================           ]: 2974 (Loss: 0.4357)
[==============================          ]: 2975 (Loss: 0.3910)
[==============================          ]: 2976 (Loss: 0.4536)
[==============================          ]: 2977 (Loss: 0.4615)
[===============================         ]: 2978 (Loss: 0.5569)
[===============================         ]: 2979 (Loss: 0.3706)
[================================        ]: 2980 (Loss: 0.3437)
[================================        ]: 2981 (Loss: 0.4198)
[================================        ]: 2982 (Loss: 0.5538)
[=================================       ]: 2983 (Loss: 0.2675)
[=================================       ]: 2984 (Loss: 0.4065)
[==================================      ]: 2985 (Loss: 0.4656)
[==================================      ]: 2986 (Loss: 0.4351)
[==================================      ]: 2987 (Loss: 0.5139)
[===================================     ]: 2988 (Loss: 0.4085)
[===================================     ]: 2989 (Loss: 0.3837)
[====================================    ]: 2990 (Loss: 0.5494)
[====================================    ]: 2991 (Loss: 0.4078)
[====================================    ]: 2992 (Loss: 0.3743)
[=====================================   ]: 2993 (Loss: 0.3244)
[=====================================   ]: 2994 (Loss: 0.6223)
[======================================  ]: 2995 (Loss: 0.4823)
[======================================  ]: 2996 (Loss: 0.3923)
[======================================  ]: 2997 (Loss: 0.3203)
[======================================= ]: 2998 (Loss: 0.3650)
[======================================= ]: 2999 (Loss: 0.3204)
[========================================]: 3000 (Loss: 0.3542)
                                                                                                    
[2026-07-16 21:05:19,732] [INFO] [__main__] Batch 3000 Loss: 0.438113 Cost: 8.36 Time: 72 ms/sequence

                                                                                                    
[2026-07-16 21:05:19,734] [INFO] [__main__] Saving checkpoint to 'runs\copy_sanity_len5\copy\none\seed_1001\checkpoint-batch-00003000.pt'

[                                        ]: 3001 (Loss: 0.3871)
[                                        ]: 3002 (Loss: 0.3634)
[=                                       ]: 3003 (Loss: 0.4811)
[=                                       ]: 3004 (Loss: 0.6343)
[==                                      ]: 3005 (Loss: 0.3458)
[==                                      ]: 3006 (Loss: 0.3352)
[==                                      ]: 3007 (Loss: 0.3865)
[===                                     ]: 3008 (Loss: 0.5322)
[===                                     ]: 3009 (Loss: 0.3636)
[====                                    ]: 3010 (Loss: 0.5260)
[====                                    ]: 3011 (Loss: 0.4971)
[====                                    ]: 3012 (Loss: 0.4774)
[=====                                   ]: 3013 (Loss: 0.4480)
[=====                                   ]: 3014 (Loss: 0.3755)
[======                                  ]: 3015 (Loss: 0.3565)
[======                                  ]: 3016 (Loss: 0.4194)
[======                                  ]: 3017 (Loss: 0.5513)
[=======                                 ]: 3018 (Loss: 0.4613)
[=======                                 ]: 3019 (Loss: 0.4814)
[========                                ]: 3020 (Loss: 0.3964)
[========                                ]: 3021 (Loss: 0.4590)
[========                                ]: 3022 (Loss: 0.3969)
[=========                               ]: 3023 (Loss: 0.4449)
[=========                               ]: 3024 (Loss: 0.3794)
[==========                              ]: 3025 (Loss: 0.5045)
[==========                              ]: 3026 (Loss: 0.4456)
[==========                              ]: 3027 (Loss: 0.3998)
[===========                             ]: 3028 (Loss: 0.6028)
[===========                             ]: 3029 (Loss: 0.5244)
[============                            ]: 3030 (Loss: 0.3406)
[============                            ]: 3031 (Loss: 0.4370)
[============                            ]: 3032 (Loss: 0.5032)
[=============                           ]: 3033 (Loss: 0.4915)
[=============                           ]: 3034 (Loss: 0.3518)
[==============                          ]: 3035 (Loss: 0.4609)
[==============                          ]: 3036 (Loss: 0.4232)
[==============                          ]: 3037 (Loss: 0.5134)
[===============                         ]: 3038 (Loss: 0.4780)
[===============                         ]: 3039 (Loss: 0.3595)
[================                        ]: 3040 (Loss: 0.6008)
[================                        ]: 3041 (Loss: 0.3487)
[================                        ]: 3042 (Loss: 0.4524)
[=================                       ]: 3043 (Loss: 0.4481)
[=================                       ]: 3044 (Loss: 0.4845)
[==================                      ]: 3045 (Loss: 0.5334)
[==================                      ]: 3046 (Loss: 0.4639)
[==================                      ]: 3047 (Loss: 0.4799)
[===================                     ]: 3048 (Loss: 0.4202)
[===================                     ]: 3049 (Loss: 0.3216)
[====================                    ]: 3050 (Loss: 0.4184)
[====================                    ]: 3051 (Loss: 0.5288)
[====================                    ]: 3052 (Loss: 0.3444)
[=====================                   ]: 3053 (Loss: 0.4243)
[=====================                   ]: 3054 (Loss: 0.4565)
[======================                  ]: 3055 (Loss: 0.4348)
[======================                  ]: 3056 (Loss: 0.3771)
[======================                  ]: 3057 (Loss: 0.3371)
[=======================                 ]: 3058 (Loss: 0.5117)
[=======================                 ]: 3059 (Loss: 0.3895)
[========================                ]: 3060 (Loss: 0.4821)
[========================                ]: 3061 (Loss: 0.3898)
[========================                ]: 3062 (Loss: 0.3627)
[=========================               ]: 3063 (Loss: 0.4389)
[=========================               ]: 3064 (Loss: 0.5732)
[==========================              ]: 3065 (Loss: 0.4579)
[==========================              ]: 3066 (Loss: 0.4355)
[==========================              ]: 3067 (Loss: 0.5223)
[===========================             ]: 3068 (Loss: 0.3589)
[===========================             ]: 3069 (Loss: 0.5021)
[============================            ]: 3070 (Loss: 0.3762)
[============================            ]: 3071 (Loss: 0.5477)
[============================            ]: 3072 (Loss: 0.3766)
[=============================           ]: 3073 (Loss: 0.4677)
[=============================           ]: 3074 (Loss: 0.3449)
[==============================          ]: 3075 (Loss: 0.3746)
[==============================          ]: 3076 (Loss: 0.4504)
[==============================          ]: 3077 (Loss: 0.4745)
[===============================         ]: 3078 (Loss: 0.3912)
[===============================         ]: 3079 (Loss: 0.5271)
[================================        ]: 3080 (Loss: 0.3543)
[================================        ]: 3081 (Loss: 0.4458)
[================================        ]: 3082 (Loss: 0.4565)
[=================================       ]: 3083 (Loss: 0.3908)
[=================================       ]: 3084 (Loss: 0.4616)
[==================================      ]: 3085 (Loss: 0.5211)
[==================================      ]: 3086 (Loss: 0.4853)
[==================================      ]: 3087 (Loss: 0.3295)
[===================================     ]: 3088 (Loss: 0.4238)
[===================================     ]: 3089 (Loss: 0.4152)
[====================================    ]: 3090 (Loss: 0.3400)
[====================================    ]: 3091 (Loss: 0.4682)
[====================================    ]: 3092 (Loss: 0.5525)
[=====================================   ]: 3093 (Loss: 0.3261)
[=====================================   ]: 3094 (Loss: 0.3665)
[======================================  ]: 3095 (Loss: 0.5406)
[======================================  ]: 3096 (Loss: 0.3751)
[======================================  ]: 3097 (Loss: 0.4664)
[======================================= ]: 3098 (Loss: 0.3706)
[======================================= ]: 3099 (Loss: 0.3887)
[========================================]: 3100 (Loss: 0.3303)
                                                                                                    
[2026-07-16 21:05:27,084] [INFO] [__main__] Batch 3100 Loss: 0.437753 Cost: 8.32 Time: 73 ms/sequence

[                                        ]: 3101 (Loss: 0.4409)
[                                        ]: 3102 (Loss: 0.3730)
[=                                       ]: 3103 (Loss: 0.3968)
[=                                       ]: 3104 (Loss: 0.3729)
[==                                      ]: 3105 (Loss: 0.5245)
[==                                      ]: 3106 (Loss: 0.4228)
[==                                      ]: 3107 (Loss: 0.4837)
[===                                     ]: 3108 (Loss: 0.4586)
[===                                     ]: 3109 (Loss: 0.4048)
[====                                    ]: 3110 (Loss: 0.5329)
[====                                    ]: 3111 (Loss: 0.3597)
[====                                    ]: 3112 (Loss: 0.6052)
[=====                                   ]: 3113 (Loss: 0.3751)
[=====                                   ]: 3114 (Loss: 0.3914)
[======                                  ]: 3115 (Loss: 0.4553)
[======                                  ]: 3116 (Loss: 0.4974)
[======                                  ]: 3117 (Loss: 0.4634)
[=======                                 ]: 3118 (Loss: 0.4103)
[=======                                 ]: 3119 (Loss: 0.5344)
[========                                ]: 3120 (Loss: 0.3508)
[========                                ]: 3121 (Loss: 0.3824)
[========                                ]: 3122 (Loss: 0.4581)
[=========                               ]: 3123 (Loss: 0.4578)
[=========                               ]: 3124 (Loss: 0.3758)
[==========                              ]: 3125 (Loss: 0.4127)
[==========                              ]: 3126 (Loss: 0.5203)
[==========                              ]: 3127 (Loss: 0.3624)
[===========                             ]: 3128 (Loss: 0.4062)
[===========                             ]: 3129 (Loss: 0.4864)
[============                            ]: 3130 (Loss: 0.4558)
[============                            ]: 3131 (Loss: 0.4076)
[============                            ]: 3132 (Loss: 0.3583)
[=============                           ]: 3133 (Loss: 0.5169)
[=============                           ]: 3134 (Loss: 0.4296)
[==============                          ]: 3135 (Loss: 0.4676)
[==============                          ]: 3136 (Loss: 0.4101)
[==============                          ]: 3137 (Loss: 0.3464)
[===============                         ]: 3138 (Loss: 0.4089)
[===============                         ]: 3139 (Loss: 0.4286)
[================                        ]: 3140 (Loss: 0.4996)
[================                        ]: 3141 (Loss: 0.4729)
[================                        ]: 3142 (Loss: 0.5040)
[=================                       ]: 3143 (Loss: 0.3960)
[=================                       ]: 3144 (Loss: 0.4975)
[==================                      ]: 3145 (Loss: 0.3788)
[==================                      ]: 3146 (Loss: 0.4902)
[==================                      ]: 3147 (Loss: 0.4443)
[===================                     ]: 3148 (Loss: 0.4316)
[===================                     ]: 3149 (Loss: 0.4449)
[====================                    ]: 3150 (Loss: 0.4463)
[====================                    ]: 3151 (Loss: 0.4192)
[====================                    ]: 3152 (Loss: 0.3847)
[=====================                   ]: 3153 (Loss: 0.4198)
[=====================                   ]: 3154 (Loss: 0.5722)
[======================                  ]: 3155 (Loss: 0.4293)
[======================                  ]: 3156 (Loss: 0.4434)
[======================                  ]: 3157 (Loss: 0.4426)
[=======================                 ]: 3158 (Loss: 0.4656)
[=======================                 ]: 3159 (Loss: 0.3474)
[========================                ]: 3160 (Loss: 0.4583)
[========================                ]: 3161 (Loss: 0.4855)
[========================                ]: 3162 (Loss: 0.3386)
[=========================               ]: 3163 (Loss: 0.4446)
[=========================               ]: 3164 (Loss: 0.4043)
[==========================              ]: 3165 (Loss: 0.4868)
[==========================              ]: 3166 (Loss: 0.3343)
[==========================              ]: 3167 (Loss: 0.3506)
[===========================             ]: 3168 (Loss: 0.4363)
[===========================             ]: 3169 (Loss: 0.3752)
[============================            ]: 3170 (Loss: 0.3819)
[============================            ]: 3171 (Loss: 0.3695)
[============================            ]: 3172 (Loss: 0.4343)
[=============================           ]: 3173 (Loss: 0.5672)
[=============================           ]: 3174 (Loss: 0.3602)
[==============================          ]: 3175 (Loss: 0.3987)
[==============================          ]: 3176 (Loss: 0.4022)
[==============================          ]: 3177 (Loss: 0.3635)
[===============================         ]: 3178 (Loss: 0.3915)
[===============================         ]: 3179 (Loss: 0.4553)
[================================        ]: 3180 (Loss: 0.4552)
[================================        ]: 3181 (Loss: 0.4034)
[================================        ]: 3182 (Loss: 0.4446)
[=================================       ]: 3183 (Loss: 0.4807)
[=================================       ]: 3184 (Loss: 0.4261)
[==================================      ]: 3185 (Loss: 0.5014)
[==================================      ]: 3186 (Loss: 0.4024)
[==================================      ]: 3187 (Loss: 0.4149)
[===================================     ]: 3188 (Loss: 0.4850)
[===================================     ]: 3189 (Loss: 0.5276)
[====================================    ]: 3190 (Loss: 0.4780)
[====================================    ]: 3191 (Loss: 0.4124)
[====================================    ]: 3192 (Loss: 0.4551)
[=====================================   ]: 3193 (Loss: 0.3268)
[=====================================   ]: 3194 (Loss: 0.5190)
[======================================  ]: 3195 (Loss: 0.4752)
[======================================  ]: 3196 (Loss: 0.5095)
[======================================  ]: 3197 (Loss: 0.4983)
[======================================= ]: 3198 (Loss: 0.4295)
[======================================= ]: 3199 (Loss: 0.4863)
[========================================]: 3200 (Loss: 0.4453)
                                                                                                    
[2026-07-16 21:05:34,671] [INFO] [__main__] Batch 3200 Loss: 0.436915 Cost: 8.58 Time: 75 ms/sequence

[                                        ]: 3201 (Loss: 0.3491)
[                                        ]: 3202 (Loss: 0.4294)
[=                                       ]: 3203 (Loss: 0.3739)
[=                                       ]: 3204 (Loss: 0.3824)
[==                                      ]: 3205 (Loss: 0.3563)
[==                                      ]: 3206 (Loss: 0.4937)
[==                                      ]: 3207 (Loss: 0.4380)
[===                                     ]: 3208 (Loss: 0.4703)
[===                                     ]: 3209 (Loss: 0.5170)
[====                                    ]: 3210 (Loss: 0.4024)
[====                                    ]: 3211 (Loss: 0.4889)
[====                                    ]: 3212 (Loss: 0.4081)
[=====                                   ]: 3213 (Loss: 0.4301)
[=====                                   ]: 3214 (Loss: 0.4879)
[======                                  ]: 3215 (Loss: 0.4957)
[======                                  ]: 3216 (Loss: 0.3714)
[======                                  ]: 3217 (Loss: 0.4816)
[=======                                 ]: 3218 (Loss: 0.4459)
[=======                                 ]: 3219 (Loss: 0.4846)
[========                                ]: 3220 (Loss: 0.3434)
[========                                ]: 3221 (Loss: 0.4896)
[========                                ]: 3222 (Loss: 0.3666)
[=========                               ]: 3223 (Loss: 0.3395)
[=========                               ]: 3224 (Loss: 0.3364)
[==========                              ]: 3225 (Loss: 0.5053)
[==========                              ]: 3226 (Loss: 0.5069)
[==========                              ]: 3227 (Loss: 0.4353)
[===========                             ]: 3228 (Loss: 0.4783)
[===========                             ]: 3229 (Loss: 0.3091)
[============                            ]: 3230 (Loss: 0.4522)
[============                            ]: 3231 (Loss: 0.4306)
[============                            ]: 3232 (Loss: 0.5474)
[=============                           ]: 3233 (Loss: 0.4757)
[=============                           ]: 3234 (Loss: 0.4317)
[==============                          ]: 3235 (Loss: 0.3214)
[==============                          ]: 3236 (Loss: 0.4223)
[==============                          ]: 3237 (Loss: 0.4312)
[===============                         ]: 3238 (Loss: 0.3932)
[===============                         ]: 3239 (Loss: 0.3875)
[================                        ]: 3240 (Loss: 0.4147)
[================                        ]: 3241 (Loss: 0.3845)
[================                        ]: 3242 (Loss: 0.3482)
[=================                       ]: 3243 (Loss: 0.3334)
[=================                       ]: 3244 (Loss: 0.4130)
[==================                      ]: 3245 (Loss: 0.4829)
[==================                      ]: 3246 (Loss: 0.3153)
[==================                      ]: 3247 (Loss: 0.4115)
[===================                     ]: 3248 (Loss: 0.4990)
[===================                     ]: 3249 (Loss: 0.4622)
[====================                    ]: 3250 (Loss: 0.4860)
[====================                    ]: 3251 (Loss: 0.3894)
[====================                    ]: 3252 (Loss: 0.5753)
[=====================                   ]: 3253 (Loss: 0.5021)
[=====================                   ]: 3254 (Loss: 0.4700)
[======================                  ]: 3255 (Loss: 0.3266)
[======================                  ]: 3256 (Loss: 0.4519)
[======================                  ]: 3257 (Loss: 0.4249)
[=======================                 ]: 3258 (Loss: 0.4161)
[=======================                 ]: 3259 (Loss: 0.3516)
[========================                ]: 3260 (Loss: 0.3888)
[========================                ]: 3261 (Loss: 0.4942)
[========================                ]: 3262 (Loss: 0.4450)
[=========================               ]: 3263 (Loss: 0.4360)
[=========================               ]: 3264 (Loss: 0.4320)
[==========================              ]: 3265 (Loss: 0.3391)
[==========================              ]: 3266 (Loss: 0.3464)
[==========================              ]: 3267 (Loss: 0.4660)
[===========================             ]: 3268 (Loss: 0.4317)
[===========================             ]: 3269 (Loss: 0.6264)
[============================            ]: 3270 (Loss: 0.4322)
[============================            ]: 3271 (Loss: 0.4411)
[============================            ]: 3272 (Loss: 0.3135)
[=============================           ]: 3273 (Loss: 0.4322)
[=============================           ]: 3274 (Loss: 0.3187)
[==============================          ]: 3275 (Loss: 0.4657)
[==============================          ]: 3276 (Loss: 0.4941)
[==============================          ]: 3277 (Loss: 0.5031)
[===============================         ]: 3278 (Loss: 0.4450)
[===============================         ]: 3279 (Loss: 0.4869)
[================================        ]: 3280 (Loss: 0.4178)
[================================        ]: 3281 (Loss: 0.4511)
[================================        ]: 3282 (Loss: 0.3417)
[=================================       ]: 3283 (Loss: 0.3971)
[=================================       ]: 3284 (Loss: 0.3957)
[==================================      ]: 3285 (Loss: 0.4421)
[==================================      ]: 3286 (Loss: 0.4102)
[==================================      ]: 3287 (Loss: 0.5198)
[===================================     ]: 3288 (Loss: 0.4544)
[===================================     ]: 3289 (Loss: 0.4109)
[====================================    ]: 3290 (Loss: 0.3539)
[====================================    ]: 3291 (Loss: 0.4791)
[====================================    ]: 3292 (Loss: 0.3835)
[=====================================   ]: 3293 (Loss: 0.4451)
[=====================================   ]: 3294 (Loss: 0.3771)
[======================================  ]: 3295 (Loss: 0.4556)
[======================================  ]: 3296 (Loss: 0.2861)
[======================================  ]: 3297 (Loss: 0.4684)
[======================================= ]: 3298 (Loss: 0.3021)
[======================================= ]: 3299 (Loss: 0.4198)
[========================================]: 3300 (Loss: 0.5148)
                                                                                                    
[2026-07-16 21:05:42,313] [INFO] [__main__] Batch 3300 Loss: 0.426332 Cost: 8.32 Time: 76 ms/sequence

[                                        ]: 3301 (Loss: 0.3997)
[                                        ]: 3302 (Loss: 0.5099)
[=                                       ]: 3303 (Loss: 0.4801)
[=                                       ]: 3304 (Loss: 0.4903)
[==                                      ]: 3305 (Loss: 0.7434)
[==                                      ]: 3306 (Loss: 0.4710)
[==                                      ]: 3307 (Loss: 0.3340)
[===                                     ]: 3308 (Loss: 0.4874)
[===                                     ]: 3309 (Loss: 0.4500)
[====                                    ]: 3310 (Loss: 0.4594)
[====                                    ]: 3311 (Loss: 0.4047)
[====                                    ]: 3312 (Loss: 0.4944)
[=====                                   ]: 3313 (Loss: 0.3298)
[=====                                   ]: 3314 (Loss: 0.4426)
[======                                  ]: 3315 (Loss: 0.4534)
[======                                  ]: 3316 (Loss: 0.4201)
[======                                  ]: 3317 (Loss: 0.3467)
[=======                                 ]: 3318 (Loss: 0.4541)
[=======                                 ]: 3319 (Loss: 0.3658)
[========                                ]: 3320 (Loss: 0.3248)
[========                                ]: 3321 (Loss: 0.4489)
[========                                ]: 3322 (Loss: 0.4565)
[=========                               ]: 3323 (Loss: 0.5419)
[=========                               ]: 3324 (Loss: 0.4675)
[==========                              ]: 3325 (Loss: 0.3248)
[==========                              ]: 3326 (Loss: 0.3650)
[==========                              ]: 3327 (Loss: 0.5454)
[===========                             ]: 3328 (Loss: 0.3305)
[===========                             ]: 3329 (Loss: 0.4350)
[============                            ]: 3330 (Loss: 0.4746)
[============                            ]: 3331 (Loss: 0.4719)
[============                            ]: 3332 (Loss: 0.3064)
[=============                           ]: 3333 (Loss: 0.3370)
[=============                           ]: 3334 (Loss: 0.4488)
[==============                          ]: 3335 (Loss: 0.3896)
[==============                          ]: 3336 (Loss: 0.4232)
[==============                          ]: 3337 (Loss: 0.3329)
[===============                         ]: 3338 (Loss: 0.3755)
[===============                         ]: 3339 (Loss: 0.4008)
[================                        ]: 3340 (Loss: 0.3189)
[================                        ]: 3341 (Loss: 0.6469)
[================                        ]: 3342 (Loss: 0.3185)
[=================                       ]: 3343 (Loss: 0.4094)
[=================                       ]: 3344 (Loss: 0.3871)
[==================                      ]: 3345 (Loss: 0.3399)
[==================                      ]: 3346 (Loss: 0.4461)
[==================                      ]: 3347 (Loss: 0.4349)
[===================                     ]: 3348 (Loss: 0.4143)
[===================                     ]: 3349 (Loss: 0.4160)
[====================                    ]: 3350 (Loss: 0.5567)
[====================                    ]: 3351 (Loss: 0.3631)
[====================                    ]: 3352 (Loss: 0.4471)
[=====================                   ]: 3353 (Loss: 0.2960)
[=====================                   ]: 3354 (Loss: 0.4616)
[======================                  ]: 3355 (Loss: 0.5330)
[======================                  ]: 3356 (Loss: 0.4262)
[======================                  ]: 3357 (Loss: 0.5229)
[=======================                 ]: 3358 (Loss: 0.3948)
[=======================                 ]: 3359 (Loss: 0.4366)
[========================                ]: 3360 (Loss: 0.3575)
[========================                ]: 3361 (Loss: 0.4139)
[========================                ]: 3362 (Loss: 0.4056)
[=========================               ]: 3363 (Loss: 0.4406)
[=========================               ]: 3364 (Loss: 0.3677)
[==========================              ]: 3365 (Loss: 0.5134)
[==========================              ]: 3366 (Loss: 0.4239)
[==========================              ]: 3367 (Loss: 0.4945)
[===========================             ]: 3368 (Loss: 0.4817)
[===========================             ]: 3369 (Loss: 0.3437)
[============================            ]: 3370 (Loss: 0.6146)
[============================            ]: 3371 (Loss: 0.4972)
[============================            ]: 3372 (Loss: 0.3604)
[=============================           ]: 3373 (Loss: 0.3519)
[=============================           ]: 3374 (Loss: 0.5116)
[==============================          ]: 3375 (Loss: 0.4240)
[==============================          ]: 3376 (Loss: 0.4758)
[==============================          ]: 3377 (Loss: 0.5003)
[===============================         ]: 3378 (Loss: 0.3901)
[===============================         ]: 3379 (Loss: 0.4127)
[================================        ]: 3380 (Loss: 0.4668)
[================================        ]: 3381 (Loss: 0.3624)
[================================        ]: 3382 (Loss: 0.4667)
[=================================       ]: 3383 (Loss: 0.5195)
[=================================       ]: 3384 (Loss: 0.4445)
[==================================      ]: 3385 (Loss: 0.3562)
[==================================      ]: 3386 (Loss: 0.4466)
[==================================      ]: 3387 (Loss: 0.4595)
[===================================     ]: 3388 (Loss: 0.3552)
[===================================     ]: 3389 (Loss: 0.3313)
[====================================    ]: 3390 (Loss: 0.5114)
[====================================    ]: 3391 (Loss: 0.3683)
[====================================    ]: 3392 (Loss: 0.5765)
[=====================================   ]: 3393 (Loss: 0.3933)
[=====================================   ]: 3394 (Loss: 0.4689)
[======================================  ]: 3395 (Loss: 0.4383)
[======================================  ]: 3396 (Loss: 0.4384)
[======================================  ]: 3397 (Loss: 0.3291)
[======================================= ]: 3398 (Loss: 0.4262)
[======================================= ]: 3399 (Loss: 0.3864)
[========================================]: 3400 (Loss: 0.3683)
                                                                                                    
[2026-07-16 21:05:49,959] [INFO] [__main__] Batch 3400 Loss: 0.430024 Cost: 8.52 Time: 76 ms/sequence

[                                        ]: 3401 (Loss: 0.4322)
[                                        ]: 3402 (Loss: 0.4414)
[=                                       ]: 3403 (Loss: 0.4561)
[=                                       ]: 3404 (Loss: 0.3050)
[==                                      ]: 3405 (Loss: 0.3665)
[==                                      ]: 3406 (Loss: 0.4988)
[==                                      ]: 3407 (Loss: 0.3878)
[===                                     ]: 3408 (Loss: 0.5384)
[===                                     ]: 3409 (Loss: 0.2904)
[====                                    ]: 3410 (Loss: 0.4159)
[====                                    ]: 3411 (Loss: 0.4266)
[====                                    ]: 3412 (Loss: 0.4402)
[=====                                   ]: 3413 (Loss: 0.4428)
[=====                                   ]: 3414 (Loss: 0.5034)
[======                                  ]: 3415 (Loss: 0.3932)
[======                                  ]: 3416 (Loss: 0.4356)
[======                                  ]: 3417 (Loss: 0.5444)
[=======                                 ]: 3418 (Loss: 0.3933)
[=======                                 ]: 3419 (Loss: 0.3250)
[========                                ]: 3420 (Loss: 0.3686)
[========                                ]: 3421 (Loss: 0.3585)
[========                                ]: 3422 (Loss: 0.4677)
[=========                               ]: 3423 (Loss: 0.3052)
[=========                               ]: 3424 (Loss: 0.5455)
[==========                              ]: 3425 (Loss: 0.4176)
[==========                              ]: 3426 (Loss: 0.3274)
[==========                              ]: 3427 (Loss: 0.4945)
[===========                             ]: 3428 (Loss: 0.3709)
[===========                             ]: 3429 (Loss: 0.4447)
[============                            ]: 3430 (Loss: 0.4812)
[============                            ]: 3431 (Loss: 0.4536)
[============                            ]: 3432 (Loss: 0.4159)
[=============                           ]: 3433 (Loss: 0.5024)
[=============                           ]: 3434 (Loss: 0.3140)
[==============                          ]: 3435 (Loss: 0.3709)
[==============                          ]: 3436 (Loss: 0.5667)
[==============                          ]: 3437 (Loss: 0.4878)
[===============                         ]: 3438 (Loss: 0.2770)
[===============                         ]: 3439 (Loss: 0.3408)
[================                        ]: 3440 (Loss: 0.2680)
[================                        ]: 3441 (Loss: 0.2878)
[================                        ]: 3442 (Loss: 0.5669)
[=================                       ]: 3443 (Loss: 0.4384)
[=================                       ]: 3444 (Loss: 0.3577)
[==================                      ]: 3445 (Loss: 0.3701)
[==================                      ]: 3446 (Loss: 0.4773)
[==================                      ]: 3447 (Loss: 0.4894)
[===================                     ]: 3448 (Loss: 0.3656)
[===================                     ]: 3449 (Loss: 0.3207)
[====================                    ]: 3450 (Loss: 0.4564)
[====================                    ]: 3451 (Loss: 0.5049)
[====================                    ]: 3452 (Loss: 0.3748)
[=====================                   ]: 3453 (Loss: 0.3550)
[=====================                   ]: 3454 (Loss: 0.5797)
[======================                  ]: 3455 (Loss: 0.3544)
[======================                  ]: 3456 (Loss: 0.3872)
[======================                  ]: 3457 (Loss: 0.4209)
[=======================                 ]: 3458 (Loss: 0.4659)
[=======================                 ]: 3459 (Loss: 0.3171)
[========================                ]: 3460 (Loss: 0.3904)
[========================                ]: 3461 (Loss: 0.3012)
[========================                ]: 3462 (Loss: 0.3994)
[=========================               ]: 3463 (Loss: 0.3252)
[=========================               ]: 3464 (Loss: 0.3462)
[==========================              ]: 3465 (Loss: 0.3715)
[==========================              ]: 3466 (Loss: 0.4675)
[==========================              ]: 3467 (Loss: 0.3944)
[===========================             ]: 3468 (Loss: 0.3445)
[===========================             ]: 3469 (Loss: 0.4353)
[============================            ]: 3470 (Loss: 0.3816)
[============================            ]: 3471 (Loss: 0.3556)
[============================            ]: 3472 (Loss: 0.3661)
[=============================           ]: 3473 (Loss: 0.4355)
[=============================           ]: 3474 (Loss: 0.4248)
[==============================          ]: 3475 (Loss: 0.4467)
[==============================          ]: 3476 (Loss: 0.4541)
[==============================          ]: 3477 (Loss: 0.3723)
[===============================         ]: 3478 (Loss: 0.3864)
[===============================         ]: 3479 (Loss: 0.3918)
[================================        ]: 3480 (Loss: 0.3479)
[================================        ]: 3481 (Loss: 0.4198)
[================================        ]: 3482 (Loss: 0.2745)
[=================================       ]: 3483 (Loss: 0.4101)
[=================================       ]: 3484 (Loss: 0.3990)
[==================================      ]: 3485 (Loss: 0.2849)
[==================================      ]: 3486 (Loss: 0.4324)
[==================================      ]: 3487 (Loss: 0.4499)
[===================================     ]: 3488 (Loss: 0.3842)
[===================================     ]: 3489 (Loss: 0.3995)
[====================================    ]: 3490 (Loss: 0.4233)
[====================================    ]: 3491 (Loss: 0.4009)
[====================================    ]: 3492 (Loss: 0.3486)
[=====================================   ]: 3493 (Loss: 0.4454)
[=====================================   ]: 3494 (Loss: 0.3929)
[======================================  ]: 3495 (Loss: 0.4594)
[======================================  ]: 3496 (Loss: 0.4049)
[======================================  ]: 3497 (Loss: 0.2891)
[======================================= ]: 3498 (Loss: 0.4321)
[======================================= ]: 3499 (Loss: 0.4777)
[========================================]: 3500 (Loss: 0.3737)
                                                                                                    
[2026-07-16 21:05:57,397] [INFO] [__main__] Batch 3500 Loss: 0.405471 Cost: 7.77 Time: 74 ms/sequence

[                                        ]: 3501 (Loss: 0.4036)
[                                        ]: 3502 (Loss: 0.3794)
[=                                       ]: 3503 (Loss: 0.3479)
[=                                       ]: 3504 (Loss: 0.6344)
[==                                      ]: 3505 (Loss: 0.5940)
[==                                      ]: 3506 (Loss: 0.5351)
[==                                      ]: 3507 (Loss: 0.5304)
[===                                     ]: 3508 (Loss: 0.4059)
[===                                     ]: 3509 (Loss: 0.3888)
[====                                    ]: 3510 (Loss: 0.3443)
[====                                    ]: 3511 (Loss: 0.3469)
[====                                    ]: 3512 (Loss: 0.4124)
[=====                                   ]: 3513 (Loss: 0.4716)
[=====                                   ]: 3514 (Loss: 0.3892)
[======                                  ]: 3515 (Loss: 0.3497)
[======                                  ]: 3516 (Loss: 0.4770)
[======                                  ]: 3517 (Loss: 0.5238)
[=======                                 ]: 3518 (Loss: 0.3525)
[=======                                 ]: 3519 (Loss: 0.3801)
[========                                ]: 3520 (Loss: 0.4123)
[========                                ]: 3521 (Loss: 0.3934)
[========                                ]: 3522 (Loss: 0.3568)
[=========                               ]: 3523 (Loss: 0.3192)
[=========                               ]: 3524 (Loss: 0.3798)
[==========                              ]: 3525 (Loss: 0.4281)
[==========                              ]: 3526 (Loss: 0.3980)
[==========                              ]: 3527 (Loss: 0.3620)
[===========                             ]: 3528 (Loss: 0.5194)
[===========                             ]: 3529 (Loss: 0.3327)
[============                            ]: 3530 (Loss: 0.3665)
[============                            ]: 3531 (Loss: 0.4955)
[============                            ]: 3532 (Loss: 0.4338)
[=============                           ]: 3533 (Loss: 0.4272)
[=============                           ]: 3534 (Loss: 0.3004)
[==============                          ]: 3535 (Loss: 0.4597)
[==============                          ]: 3536 (Loss: 0.4557)
[==============                          ]: 3537 (Loss: 0.3571)
[===============                         ]: 3538 (Loss: 0.4225)
[===============                         ]: 3539 (Loss: 0.4122)
[================                        ]: 3540 (Loss: 0.3502)
[================                        ]: 3541 (Loss: 0.4261)
[================                        ]: 3542 (Loss: 0.4838)
[=================                       ]: 3543 (Loss: 0.4803)
[=================                       ]: 3544 (Loss: 0.5610)
[==================                      ]: 3545 (Loss: 0.3694)
[==================                      ]: 3546 (Loss: 0.3907)
[==================                      ]: 3547 (Loss: 0.3806)
[===================                     ]: 3548 (Loss: 0.4373)
[===================                     ]: 3549 (Loss: 0.5905)
[====================                    ]: 3550 (Loss: 0.3498)
[====================                    ]: 3551 (Loss: 0.4349)
[====================                    ]: 3552 (Loss: 0.3784)
[=====================                   ]: 3553 (Loss: 0.4731)
[=====================                   ]: 3554 (Loss: 0.4713)
[======================                  ]: 3555 (Loss: 0.3768)
[======================                  ]: 3556 (Loss: 0.3935)
[======================                  ]: 3557 (Loss: 0.5152)
[=======================                 ]: 3558 (Loss: 0.3447)
[=======================                 ]: 3559 (Loss: 0.3987)
[========================                ]: 3560 (Loss: 0.4732)
[========================                ]: 3561 (Loss: 0.3759)
[========================                ]: 3562 (Loss: 0.4295)
[=========================               ]: 3563 (Loss: 0.4323)
[=========================               ]: 3564 (Loss: 0.4813)
[==========================              ]: 3565 (Loss: 0.4022)
[==========================              ]: 3566 (Loss: 0.4210)
[==========================              ]: 3567 (Loss: 0.3379)
[===========================             ]: 3568 (Loss: 0.3795)
[===========================             ]: 3569 (Loss: 0.5704)
[============================            ]: 3570 (Loss: 0.3647)
[============================            ]: 3571 (Loss: 0.4320)
[============================            ]: 3572 (Loss: 0.4419)
[=============================           ]: 3573 (Loss: 0.4073)
[=============================           ]: 3574 (Loss: 0.4362)
[==============================          ]: 3575 (Loss: 0.3615)
[==============================          ]: 3576 (Loss: 0.3935)
[==============================          ]: 3577 (Loss: 0.3852)
[===============================         ]: 3578 (Loss: 0.3885)
[===============================         ]: 3579 (Loss: 0.4622)
[================================        ]: 3580 (Loss: 0.3757)
[================================        ]: 3581 (Loss: 0.5152)
[================================        ]: 3582 (Loss: 0.4399)
[=================================       ]: 3583 (Loss: 0.4299)
[=================================       ]: 3584 (Loss: 0.3624)
[==================================      ]: 3585 (Loss: 0.3841)
[==================================      ]: 3586 (Loss: 0.2941)
[==================================      ]: 3587 (Loss: 0.4114)
[===================================     ]: 3588 (Loss: 0.3201)
[===================================     ]: 3589 (Loss: 0.5394)
[====================================    ]: 3590 (Loss: 0.2982)
[====================================    ]: 3591 (Loss: 0.5573)
[====================================    ]: 3592 (Loss: 0.4034)
[=====================================   ]: 3593 (Loss: 0.3065)
[=====================================   ]: 3594 (Loss: 0.3738)
[======================================  ]: 3595 (Loss: 0.3897)
[======================================  ]: 3596 (Loss: 0.4231)
[======================================  ]: 3597 (Loss: 0.3195)
[======================================= ]: 3598 (Loss: 0.4765)
[======================================= ]: 3599 (Loss: 0.4285)
[========================================]: 3600 (Loss: 0.3412)
                                                                                                    
[2026-07-16 21:06:05,005] [INFO] [__main__] Batch 3600 Loss: 0.416717 Cost: 7.86 Time: 76 ms/sequence

[                                        ]: 3601 (Loss: 0.4050)
[                                        ]: 3602 (Loss: 0.4464)
[=                                       ]: 3603 (Loss: 0.4455)
[=                                       ]: 3604 (Loss: 0.4663)
[==                                      ]: 3605 (Loss: 0.3687)
[==                                      ]: 3606 (Loss: 0.3885)
[==                                      ]: 3607 (Loss: 0.4097)
[===                                     ]: 3608 (Loss: 0.4096)
[===                                     ]: 3609 (Loss: 0.5194)
[====                                    ]: 3610 (Loss: 0.4897)
[====                                    ]: 3611 (Loss: 0.4389)
[====                                    ]: 3612 (Loss: 0.3400)
[=====                                   ]: 3613 (Loss: 0.4661)
[=====                                   ]: 3614 (Loss: 0.4768)
[======                                  ]: 3615 (Loss: 0.4202)
[======                                  ]: 3616 (Loss: 0.3050)
[======                                  ]: 3617 (Loss: 0.2972)
[=======                                 ]: 3618 (Loss: 0.3269)
[=======                                 ]: 3619 (Loss: 0.4361)
[========                                ]: 3620 (Loss: 0.4521)
[========                                ]: 3621 (Loss: 0.4561)
[========                                ]: 3622 (Loss: 0.4273)
[=========                               ]: 3623 (Loss: 0.4600)
[=========                               ]: 3624 (Loss: 0.3825)
[==========                              ]: 3625 (Loss: 0.4044)
[==========                              ]: 3626 (Loss: 0.2900)
[==========                              ]: 3627 (Loss: 0.4605)
[===========                             ]: 3628 (Loss: 0.5237)
[===========                             ]: 3629 (Loss: 0.3613)
[============                            ]: 3630 (Loss: 0.3896)
[============                            ]: 3631 (Loss: 0.4076)
[============                            ]: 3632 (Loss: 0.3618)
[=============                           ]: 3633 (Loss: 0.3850)
[=============                           ]: 3634 (Loss: 0.3262)
[==============                          ]: 3635 (Loss: 0.3457)
[==============                          ]: 3636 (Loss: 0.3166)
[==============                          ]: 3637 (Loss: 0.3183)
[===============                         ]: 3638 (Loss: 0.3468)
[===============                         ]: 3639 (Loss: 0.4065)
[================                        ]: 3640 (Loss: 0.3822)
[================                        ]: 3641 (Loss: 0.3345)
[================                        ]: 3642 (Loss: 0.4217)
[=================                       ]: 3643 (Loss: 0.3095)
[=================                       ]: 3644 (Loss: 0.3782)
[==================                      ]: 3645 (Loss: 0.3823)
[==================                      ]: 3646 (Loss: 0.2743)
[==================                      ]: 3647 (Loss: 0.3773)
[===================                     ]: 3648 (Loss: 0.4339)
[===================                     ]: 3649 (Loss: 0.3350)
[====================                    ]: 3650 (Loss: 0.3507)
[====================                    ]: 3651 (Loss: 0.5267)
[====================                    ]: 3652 (Loss: 0.3385)
[=====================                   ]: 3653 (Loss: 0.4838)
[=====================                   ]: 3654 (Loss: 0.3681)
[======================                  ]: 3655 (Loss: 0.2772)
[======================                  ]: 3656 (Loss: 0.4194)
[======================                  ]: 3657 (Loss: 0.4004)
[=======================                 ]: 3658 (Loss: 0.3035)
[=======================                 ]: 3659 (Loss: 0.3627)
[========================                ]: 3660 (Loss: 0.4780)
[========================                ]: 3661 (Loss: 0.4578)
[========================                ]: 3662 (Loss: 0.3398)
[=========================               ]: 3663 (Loss: 0.4403)
[=========================               ]: 3664 (Loss: 0.3947)
[==========================              ]: 3665 (Loss: 0.2694)
[==========================              ]: 3666 (Loss: 0.4455)
[==========================              ]: 3667 (Loss: 0.4657)
[===========================             ]: 3668 (Loss: 0.4553)
[===========================             ]: 3669 (Loss: 0.3723)
[============================            ]: 3670 (Loss: 0.3272)
[============================            ]: 3671 (Loss: 0.2700)
[============================            ]: 3672 (Loss: 0.4764)
[=============================           ]: 3673 (Loss: 0.3902)
[=============================           ]: 3674 (Loss: 0.2869)
[==============================          ]: 3675 (Loss: 0.3882)
[==============================          ]: 3676 (Loss: 0.3695)
[==============================          ]: 3677 (Loss: 0.3213)
[===============================         ]: 3678 (Loss: 0.3266)
[===============================         ]: 3679 (Loss: 0.4905)
[================================        ]: 3680 (Loss: 0.3888)
[================================        ]: 3681 (Loss: 0.4796)
[================================        ]: 3682 (Loss: 0.2905)
[=================================       ]: 3683 (Loss: 0.2713)
[=================================       ]: 3684 (Loss: 0.3454)
[==================================      ]: 3685 (Loss: 0.3207)
[==================================      ]: 3686 (Loss: 0.4658)
[==================================      ]: 3687 (Loss: 0.4844)
[===================================     ]: 3688 (Loss: 0.3868)
[===================================     ]: 3689 (Loss: 0.4048)
[====================================    ]: 3690 (Loss: 0.3633)
[====================================    ]: 3691 (Loss: 0.4227)
[====================================    ]: 3692 (Loss: 0.3611)
[=====================================   ]: 3693 (Loss: 0.4165)
[=====================================   ]: 3694 (Loss: 0.4426)
[======================================  ]: 3695 (Loss: 0.5635)
[======================================  ]: 3696 (Loss: 0.4674)
[======================================  ]: 3697 (Loss: 0.3003)
[======================================= ]: 3698 (Loss: 0.3943)
[======================================= ]: 3699 (Loss: 0.4791)
[========================================]: 3700 (Loss: 0.4897)
                                                                                                    
[2026-07-16 21:06:12,093] [INFO] [__main__] Batch 3700 Loss: 0.394420 Cost: 7.53 Time: 70 ms/sequence

[                                        ]: 3701 (Loss: 0.3572)
[                                        ]: 3702 (Loss: 0.3702)
[=                                       ]: 3703 (Loss: 0.3998)
[=                                       ]: 3704 (Loss: 0.3730)
[==                                      ]: 3705 (Loss: 0.4281)
[==                                      ]: 3706 (Loss: 0.2570)
[==                                      ]: 3707 (Loss: 0.4362)
[===                                     ]: 3708 (Loss: 0.3474)
[===                                     ]: 3709 (Loss: 0.4101)
[====                                    ]: 3710 (Loss: 0.3412)
[====                                    ]: 3711 (Loss: 0.3118)
[====                                    ]: 3712 (Loss: 0.3403)
[=====                                   ]: 3713 (Loss: 0.4779)
[=====                                   ]: 3714 (Loss: 0.2893)
[======                                  ]: 3715 (Loss: 0.5035)
[======                                  ]: 3716 (Loss: 0.4715)
[======                                  ]: 3717 (Loss: 0.3566)
[=======                                 ]: 3718 (Loss: 0.3118)
[=======                                 ]: 3719 (Loss: 0.4471)
[========                                ]: 3720 (Loss: 0.5477)
[========                                ]: 3721 (Loss: 0.3510)
[========                                ]: 3722 (Loss: 0.3373)
[=========                               ]: 3723 (Loss: 0.5361)
[=========                               ]: 3724 (Loss: 0.3164)
[==========                              ]: 3725 (Loss: 0.3928)
[==========                              ]: 3726 (Loss: 0.3906)
[==========                              ]: 3727 (Loss: 0.5437)
[===========                             ]: 3728 (Loss: 0.3083)
[===========                             ]: 3729 (Loss: 0.2519)
[============                            ]: 3730 (Loss: 0.3890)
[============                            ]: 3731 (Loss: 0.4107)
[============                            ]: 3732 (Loss: 0.3524)
[=============                           ]: 3733 (Loss: 0.3898)
[=============                           ]: 3734 (Loss: 0.3900)
[==============                          ]: 3735 (Loss: 0.4269)
[==============                          ]: 3736 (Loss: 0.2917)
[==============                          ]: 3737 (Loss: 0.3699)
[===============                         ]: 3738 (Loss: 0.4655)
[===============                         ]: 3739 (Loss: 0.3320)
[================                        ]: 3740 (Loss: 0.4076)
[================                        ]: 3741 (Loss: 0.3034)
[================                        ]: 3742 (Loss: 0.3049)
[=================                       ]: 3743 (Loss: 0.3295)
[=================                       ]: 3744 (Loss: 0.5309)
[==================                      ]: 3745 (Loss: 0.4002)
[==================                      ]: 3746 (Loss: 0.2746)
[==================                      ]: 3747 (Loss: 0.4601)
[===================                     ]: 3748 (Loss: 0.2863)
[===================                     ]: 3749 (Loss: 0.4413)
[====================                    ]: 3750 (Loss: 0.3689)
[====================                    ]: 3751 (Loss: 0.4634)
[====================                    ]: 3752 (Loss: 0.3238)
[=====================                   ]: 3753 (Loss: 0.3819)
[=====================                   ]: 3754 (Loss: 0.3218)
[======================                  ]: 3755 (Loss: 0.5106)
[======================                  ]: 3756 (Loss: 0.3887)
[======================                  ]: 3757 (Loss: 0.4684)
[=======================                 ]: 3758 (Loss: 0.4702)
[=======================                 ]: 3759 (Loss: 0.2711)
[========================                ]: 3760 (Loss: 0.3215)
[========================                ]: 3761 (Loss: 0.3617)
[========================                ]: 3762 (Loss: 0.3105)
[=========================               ]: 3763 (Loss: 0.3723)
[=========================               ]: 3764 (Loss: 0.3809)
[==========================              ]: 3765 (Loss: 0.4198)
[==========================              ]: 3766 (Loss: 0.4017)
[==========================              ]: 3767 (Loss: 0.3672)
[===========================             ]: 3768 (Loss: 0.3603)
[===========================             ]: 3769 (Loss: 0.4379)
[============================            ]: 3770 (Loss: 0.3955)
[============================            ]: 3771 (Loss: 0.3453)
[============================            ]: 3772 (Loss: 0.3323)
[=============================           ]: 3773 (Loss: 0.3779)
[=============================           ]: 3774 (Loss: 0.4508)
[==============================          ]: 3775 (Loss: 0.4375)
[==============================          ]: 3776 (Loss: 0.5026)
[==============================          ]: 3777 (Loss: 0.4040)
[===============================         ]: 3778 (Loss: 0.3827)
[===============================         ]: 3779 (Loss: 0.2509)
[================================        ]: 3780 (Loss: 0.4116)
[================================        ]: 3781 (Loss: 0.4500)
[================================        ]: 3782 (Loss: 0.3401)
[=================================       ]: 3783 (Loss: 0.4184)
[=================================       ]: 3784 (Loss: 0.3371)
[==================================      ]: 3785 (Loss: 0.3831)
[==================================      ]: 3786 (Loss: 0.2927)
[==================================      ]: 3787 (Loss: 0.4683)
[===================================     ]: 3788 (Loss: 0.4776)
[===================================     ]: 3789 (Loss: 0.4283)
[====================================    ]: 3790 (Loss: 0.3665)
[====================================    ]: 3791 (Loss: 0.3347)
[====================================    ]: 3792 (Loss: 0.3923)
[=====================================   ]: 3793 (Loss: 0.4090)
[=====================================   ]: 3794 (Loss: 0.4929)
[======================================  ]: 3795 (Loss: 0.3355)
[======================================  ]: 3796 (Loss: 0.5625)
[======================================  ]: 3797 (Loss: 0.4506)
[======================================= ]: 3798 (Loss: 0.4329)
[======================================= ]: 3799 (Loss: 0.5086)
[========================================]: 3800 (Loss: 0.3798)
                                                                                                    
[2026-07-16 21:06:19,695] [INFO] [__main__] Batch 3800 Loss: 0.390172 Cost: 7.26 Time: 76 ms/sequence

[                                        ]: 3801 (Loss: 0.4162)
[                                        ]: 3802 (Loss: 0.3343)
[=                                       ]: 3803 (Loss: 0.3516)
[=                                       ]: 3804 (Loss: 0.4573)
[==                                      ]: 3805 (Loss: 0.4250)
[==                                      ]: 3806 (Loss: 0.4612)
[==                                      ]: 3807 (Loss: 0.3379)
[===                                     ]: 3808 (Loss: 0.3768)
[===                                     ]: 3809 (Loss: 0.3427)
[====                                    ]: 3810 (Loss: 0.3486)
[====                                    ]: 3811 (Loss: 0.4007)
[====                                    ]: 3812 (Loss: 0.4383)
[=====                                   ]: 3813 (Loss: 0.4783)
[=====                                   ]: 3814 (Loss: 0.4297)
[======                                  ]: 3815 (Loss: 0.4140)
[======                                  ]: 3816 (Loss: 0.3304)
[======                                  ]: 3817 (Loss: 0.4148)
[=======                                 ]: 3818 (Loss: 0.3088)
[=======                                 ]: 3819 (Loss: 0.4352)
[========                                ]: 3820 (Loss: 0.3711)
[========                                ]: 3821 (Loss: 0.3952)
[========                                ]: 3822 (Loss: 0.3506)
[=========                               ]: 3823 (Loss: 0.4465)
[=========                               ]: 3824 (Loss: 0.4450)
[==========                              ]: 3825 (Loss: 0.3712)
[==========                              ]: 3826 (Loss: 0.4812)
[==========                              ]: 3827 (Loss: 0.5000)
[===========                             ]: 3828 (Loss: 0.3241)
[===========                             ]: 3829 (Loss: 0.4184)
[============                            ]: 3830 (Loss: 0.4067)
[============                            ]: 3831 (Loss: 0.3794)
[============                            ]: 3832 (Loss: 0.3401)
[=============                           ]: 3833 (Loss: 0.3811)
[=============                           ]: 3834 (Loss: 0.4020)
[==============                          ]: 3835 (Loss: 0.4641)
[==============                          ]: 3836 (Loss: 0.3804)
[==============                          ]: 3837 (Loss: 0.3353)
[===============                         ]: 3838 (Loss: 0.3840)
[===============                         ]: 3839 (Loss: 0.4516)
[================                        ]: 3840 (Loss: 0.3850)
[================                        ]: 3841 (Loss: 0.3533)
[================                        ]: 3842 (Loss: 0.3553)
[=================                       ]: 3843 (Loss: 0.4290)
[=================                       ]: 3844 (Loss: 0.6120)
[==================                      ]: 3845 (Loss: 0.4385)
[==================                      ]: 3846 (Loss: 0.4034)
[==================                      ]: 3847 (Loss: 0.3455)
[===================                     ]: 3848 (Loss: 0.3238)
[===================                     ]: 3849 (Loss: 0.3737)
[====================                    ]: 3850 (Loss: 0.5577)
[====================                    ]: 3851 (Loss: 0.4105)
[====================                    ]: 3852 (Loss: 0.3908)
[=====================                   ]: 3853 (Loss: 0.5178)
[=====================                   ]: 3854 (Loss: 0.4604)
[======================                  ]: 3855 (Loss: 0.2719)
[======================                  ]: 3856 (Loss: 0.5015)
[======================                  ]: 3857 (Loss: 0.4395)
[=======================                 ]: 3858 (Loss: 0.3849)
[=======================                 ]: 3859 (Loss: 0.4436)
[========================                ]: 3860 (Loss: 0.3508)
[========================                ]: 3861 (Loss: 0.5068)
[========================                ]: 3862 (Loss: 0.4309)
[=========================               ]: 3863 (Loss: 0.4304)
[=========================               ]: 3864 (Loss: 0.3105)
[==========================              ]: 3865 (Loss: 0.3974)
[==========================              ]: 3866 (Loss: 0.4058)
[==========================              ]: 3867 (Loss: 0.3583)
[===========================             ]: 3868 (Loss: 0.3591)
[===========================             ]: 3869 (Loss: 0.3826)
[============================            ]: 3870 (Loss: 0.3396)
[============================            ]: 3871 (Loss: 0.4997)
[============================            ]: 3872 (Loss: 0.2302)
[=============================           ]: 3873 (Loss: 0.2576)
[=============================           ]: 3874 (Loss: 0.4261)
[==============================          ]: 3875 (Loss: 0.3278)
[==============================          ]: 3876 (Loss: 0.5251)
[==============================          ]: 3877 (Loss: 0.4435)
[===============================         ]: 3878 (Loss: 0.2436)
[===============================         ]: 3879 (Loss: 0.6307)
[================================        ]: 3880 (Loss: 0.3638)
[================================        ]: 3881 (Loss: 0.3605)
[================================        ]: 3882 (Loss: 0.3009)
[=================================       ]: 3883 (Loss: 0.3619)
[=================================       ]: 3884 (Loss: 0.4922)
[==================================      ]: 3885 (Loss: 0.3124)
[==================================      ]: 3886 (Loss: 0.3408)
[==================================      ]: 3887 (Loss: 0.4540)
[===================================     ]: 3888 (Loss: 0.4053)
[===================================     ]: 3889 (Loss: 0.3759)
[====================================    ]: 3890 (Loss: 0.3782)
[====================================    ]: 3891 (Loss: 0.4779)
[====================================    ]: 3892 (Loss: 0.5146)
[=====================================   ]: 3893 (Loss: 0.3971)
[=====================================   ]: 3894 (Loss: 0.3665)
[======================================  ]: 3895 (Loss: 0.3003)
[======================================  ]: 3896 (Loss: 0.4382)
[======================================  ]: 3897 (Loss: 0.3469)
[======================================= ]: 3898 (Loss: 0.4859)
[======================================= ]: 3899 (Loss: 0.3330)
[========================================]: 3900 (Loss: 0.2630)
                                                                                                    
[2026-07-16 21:06:26,882] [INFO] [__main__] Batch 3900 Loss: 0.398537 Cost: 7.67 Time: 71 ms/sequence

[                                        ]: 3901 (Loss: 0.4633)
[                                        ]: 3902 (Loss: 0.4137)
[=                                       ]: 3903 (Loss: 0.3400)
[=                                       ]: 3904 (Loss: 0.4013)
[==                                      ]: 3905 (Loss: 0.4146)
[==                                      ]: 3906 (Loss: 0.2759)
[==                                      ]: 3907 (Loss: 0.4476)
[===                                     ]: 3908 (Loss: 0.3023)
[===                                     ]: 3909 (Loss: 0.4051)
[====                                    ]: 3910 (Loss: 0.5081)
[====                                    ]: 3911 (Loss: 0.4570)
[====                                    ]: 3912 (Loss: 0.4115)
[=====                                   ]: 3913 (Loss: 0.3826)
[=====                                   ]: 3914 (Loss: 0.6923)
[======                                  ]: 3915 (Loss: 0.3568)
[======                                  ]: 3916 (Loss: 0.4327)
[======                                  ]: 3917 (Loss: 0.3848)
[=======                                 ]: 3918 (Loss: 0.4692)
[=======                                 ]: 3919 (Loss: 0.3717)
[========                                ]: 3920 (Loss: 0.3941)
[========                                ]: 3921 (Loss: 0.5236)
[========                                ]: 3922 (Loss: 0.5227)
[=========                               ]: 3923 (Loss: 0.5107)
[=========                               ]: 3924 (Loss: 0.3918)
[==========                              ]: 3925 (Loss: 0.4371)
[==========                              ]: 3926 (Loss: 0.3962)
[==========                              ]: 3927 (Loss: 0.2966)
[===========                             ]: 3928 (Loss: 0.3122)
[===========                             ]: 3929 (Loss: 0.3979)
[============                            ]: 3930 (Loss: 0.3187)
[============                            ]: 3931 (Loss: 0.3973)
[============                            ]: 3932 (Loss: 0.4708)
[=============                           ]: 3933 (Loss: 0.4519)
[=============                           ]: 3934 (Loss: 0.4522)
[==============                          ]: 3935 (Loss: 0.5143)
[==============                          ]: 3936 (Loss: 0.4238)
[==============                          ]: 3937 (Loss: 0.3944)
[===============                         ]: 3938 (Loss: 0.3543)
[===============                         ]: 3939 (Loss: 0.2481)
[================                        ]: 3940 (Loss: 0.3423)
[================                        ]: 3941 (Loss: 0.3717)
[================                        ]: 3942 (Loss: 0.4227)
[=================                       ]: 3943 (Loss: 0.3598)
[=================                       ]: 3944 (Loss: 0.4796)
[==================                      ]: 3945 (Loss: 0.3534)
[==================                      ]: 3946 (Loss: 0.3353)
[==================                      ]: 3947 (Loss: 0.4201)
[===================                     ]: 3948 (Loss: 0.5161)
[===================                     ]: 3949 (Loss: 0.4510)
[====================                    ]: 3950 (Loss: 0.3245)
[====================                    ]: 3951 (Loss: 0.4545)
[====================                    ]: 3952 (Loss: 0.3988)
[=====================                   ]: 3953 (Loss: 0.3676)
[=====================                   ]: 3954 (Loss: 0.3652)
[======================                  ]: 3955 (Loss: 0.3119)
[======================                  ]: 3956 (Loss: 0.4313)
[======================                  ]: 3957 (Loss: 0.3896)
[=======================                 ]: 3958 (Loss: 0.4058)
[=======================                 ]: 3959 (Loss: 0.4061)
[========================                ]: 3960 (Loss: 0.3124)
[========================                ]: 3961 (Loss: 0.3015)
[========================                ]: 3962 (Loss: 0.4096)
[=========================               ]: 3963 (Loss: 0.3652)
[=========================               ]: 3964 (Loss: 0.4975)
[==========================              ]: 3965 (Loss: 0.4713)
[==========================              ]: 3966 (Loss: 0.3486)
[==========================              ]: 3967 (Loss: 0.4589)
[===========================             ]: 3968 (Loss: 0.2994)
[===========================             ]: 3969 (Loss: 0.5099)
[============================            ]: 3970 (Loss: 0.4983)
[============================            ]: 3971 (Loss: 0.4131)
[============================            ]: 3972 (Loss: 0.4640)
[=============================           ]: 3973 (Loss: 0.4151)
[=============================           ]: 3974 (Loss: 0.4047)
[==============================          ]: 3975 (Loss: 0.3878)
[==============================          ]: 3976 (Loss: 0.3839)
[==============================          ]: 3977 (Loss: 0.5214)
[===============================         ]: 3978 (Loss: 0.3825)
[===============================         ]: 3979 (Loss: 0.4253)
[================================        ]: 3980 (Loss: 0.4155)
[================================        ]: 3981 (Loss: 0.3880)
[================================        ]: 3982 (Loss: 0.3954)
[=================================       ]: 3983 (Loss: 0.3318)
[=================================       ]: 3984 (Loss: 0.3015)
[==================================      ]: 3985 (Loss: 0.3305)
[==================================      ]: 3986 (Loss: 0.4613)
[==================================      ]: 3987 (Loss: 0.3626)
[===================================     ]: 3988 (Loss: 0.4639)
[===================================     ]: 3989 (Loss: 0.4763)
[====================================    ]: 3990 (Loss: 0.2340)
[====================================    ]: 3991 (Loss: 0.4953)
[====================================    ]: 3992 (Loss: 0.3722)
[=====================================   ]: 3993 (Loss: 0.3176)
[=====================================   ]: 3994 (Loss: 0.3866)
[======================================  ]: 3995 (Loss: 0.4384)
[======================================  ]: 3996 (Loss: 0.3362)
[======================================  ]: 3997 (Loss: 0.2459)
[======================================= ]: 3998 (Loss: 0.3357)
[======================================= ]: 3999 (Loss: 0.4121)
[========================================]: 4000 (Loss: 0.4021)
                                                                                                    
[2026-07-16 21:06:34,449] [INFO] [__main__] Batch 4000 Loss: 0.402195 Cost: 7.93 Time: 75 ms/sequence

                                                                                                    
[2026-07-16 21:06:34,452] [INFO] [__main__] Saving checkpoint to 'runs\copy_sanity_len5\copy\none\seed_1001\checkpoint-batch-00004000.pt'

[                                        ]: 4001 (Loss: 0.3109)
[                                        ]: 4002 (Loss: 0.4044)
[=                                       ]: 4003 (Loss: 0.3631)
[=                                       ]: 4004 (Loss: 0.2727)
[==                                      ]: 4005 (Loss: 0.3072)
[==                                      ]: 4006 (Loss: 0.2917)
[==                                      ]: 4007 (Loss: 0.3343)
[===                                     ]: 4008 (Loss: 0.4197)
[===                                     ]: 4009 (Loss: 0.4221)
[====                                    ]: 4010 (Loss: 0.3906)
[====                                    ]: 4011 (Loss: 0.4448)
[====                                    ]: 4012 (Loss: 0.3610)
[=====                                   ]: 4013 (Loss: 0.3919)
[=====                                   ]: 4014 (Loss: 0.3570)
[======                                  ]: 4015 (Loss: 0.4166)
[======                                  ]: 4016 (Loss: 0.3210)
[======                                  ]: 4017 (Loss: 0.4765)
[=======                                 ]: 4018 (Loss: 0.2657)
[=======                                 ]: 4019 (Loss: 0.4526)
[========                                ]: 4020 (Loss: 0.3774)
[========                                ]: 4021 (Loss: 0.2805)
[========                                ]: 4022 (Loss: 0.2314)
[=========                               ]: 4023 (Loss: 0.4026)
[=========                               ]: 4024 (Loss: 0.3757)
[==========                              ]: 4025 (Loss: 0.3628)
[==========                              ]: 4026 (Loss: 0.3241)
[==========                              ]: 4027 (Loss: 0.3772)
[===========                             ]: 4028 (Loss: 0.3710)
[===========                             ]: 4029 (Loss: 0.3689)
[============                            ]: 4030 (Loss: 0.4246)
[============                            ]: 4031 (Loss: 0.3370)
[============                            ]: 4032 (Loss: 0.4120)
[=============                           ]: 4033 (Loss: 0.4366)
[=============                           ]: 4034 (Loss: 0.3154)
[==============                          ]: 4035 (Loss: 0.3213)
[==============                          ]: 4036 (Loss: 0.3753)
[==============                          ]: 4037 (Loss: 0.5023)
[===============                         ]: 4038 (Loss: 0.3171)
[===============                         ]: 4039 (Loss: 0.3053)
[================                        ]: 4040 (Loss: 0.5097)
[================                        ]: 4041 (Loss: 0.4242)
[================                        ]: 4042 (Loss: 0.3161)
[=================                       ]: 4043 (Loss: 0.4672)
[=================                       ]: 4044 (Loss: 0.3261)
[==================                      ]: 4045 (Loss: 0.3336)
[==================                      ]: 4046 (Loss: 0.4296)
[==================                      ]: 4047 (Loss: 0.4735)
[===================                     ]: 4048 (Loss: 0.3454)
[===================                     ]: 4049 (Loss: 0.3583)
[====================                    ]: 4050 (Loss: 0.4162)
[====================                    ]: 4051 (Loss: 0.2881)
[====================                    ]: 4052 (Loss: 0.4285)
[=====================                   ]: 4053 (Loss: 0.2961)
[=====================                   ]: 4054 (Loss: 0.3337)
[======================                  ]: 4055 (Loss: 0.3331)
[======================                  ]: 4056 (Loss: 0.2529)
[======================                  ]: 4057 (Loss: 0.3899)
[=======================                 ]: 4058 (Loss: 0.3633)
[=======================                 ]: 4059 (Loss: 0.3591)
[========================                ]: 4060 (Loss: 0.2883)
[========================                ]: 4061 (Loss: 0.4951)
[========================                ]: 4062 (Loss: 0.3531)
[=========================               ]: 4063 (Loss: 0.4879)
[=========================               ]: 4064 (Loss: 0.4105)
[==========================              ]: 4065 (Loss: 0.5569)
[==========================              ]: 4066 (Loss: 0.5339)
[==========================              ]: 4067 (Loss: 0.5112)
[===========================             ]: 4068 (Loss: 0.3149)
[===========================             ]: 4069 (Loss: 0.5057)
[============================            ]: 4070 (Loss: 0.4474)
[============================            ]: 4071 (Loss: 0.4176)
[============================            ]: 4072 (Loss: 0.3833)
[=============================           ]: 4073 (Loss: 0.2856)
[=============================           ]: 4074 (Loss: 0.4498)
[==============================          ]: 4075 (Loss: 0.2580)
[==============================          ]: 4076 (Loss: 0.3957)
[==============================          ]: 4077 (Loss: 0.3601)
[===============================         ]: 4078 (Loss: 0.5324)
[===============================         ]: 4079 (Loss: 0.5384)
[================================        ]: 4080 (Loss: 0.3530)
[================================        ]: 4081 (Loss: 0.3019)
[================================        ]: 4082 (Loss: 0.4489)
[=================================       ]: 4083 (Loss: 0.3899)
[=================================       ]: 4084 (Loss: 0.5194)
[==================================      ]: 4085 (Loss: 0.3015)
[==================================      ]: 4086 (Loss: 0.3169)
[==================================      ]: 4087 (Loss: 0.3899)
[===================================     ]: 4088 (Loss: 0.4299)
[===================================     ]: 4089 (Loss: 0.3915)
[====================================    ]: 4090 (Loss: 0.3282)
[====================================    ]: 4091 (Loss: 0.3900)
[====================================    ]: 4092 (Loss: 0.4212)
[=====================================   ]: 4093 (Loss: 0.2599)
[=====================================   ]: 4094 (Loss: 0.3819)
[======================================  ]: 4095 (Loss: 0.4329)
[======================================  ]: 4096 (Loss: 0.4358)
[======================================  ]: 4097 (Loss: 0.4389)
[======================================= ]: 4098 (Loss: 0.4459)
[======================================= ]: 4099 (Loss: 0.4029)
[========================================]: 4100 (Loss: 0.4976)
                                                                                                    
[2026-07-16 21:06:41,792] [INFO] [__main__] Batch 4100 Loss: 0.384704 Cost: 7.14 Time: 73 ms/sequence

[                                        ]: 4101 (Loss: 0.4189)
[                                        ]: 4102 (Loss: 0.4738)
[=                                       ]: 4103 (Loss: 0.3833)
[=                                       ]: 4104 (Loss: 0.3150)
[==                                      ]: 4105 (Loss: 0.2884)
[==                                      ]: 4106 (Loss: 0.3772)
[==                                      ]: 4107 (Loss: 0.2796)
[===                                     ]: 4108 (Loss: 0.3303)
[===                                     ]: 4109 (Loss: 0.3884)
[====                                    ]: 4110 (Loss: 0.2529)
[====                                    ]: 4111 (Loss: 0.5558)
[====                                    ]: 4112 (Loss: 0.2935)
[=====                                   ]: 4113 (Loss: 0.4406)
[=====                                   ]: 4114 (Loss: 0.4736)
[======                                  ]: 4115 (Loss: 0.4076)
[======                                  ]: 4116 (Loss: 0.3065)
[======                                  ]: 4117 (Loss: 0.3022)
[=======                                 ]: 4118 (Loss: 0.2619)
[=======                                 ]: 4119 (Loss: 0.4513)
[========                                ]: 4120 (Loss: 0.3769)
[========                                ]: 4121 (Loss: 0.4048)
[========                                ]: 4122 (Loss: 0.4854)
[=========                               ]: 4123 (Loss: 0.4645)
[=========                               ]: 4124 (Loss: 0.3996)
[==========                              ]: 4125 (Loss: 0.4434)
[==========                              ]: 4126 (Loss: 0.4594)
[==========                              ]: 4127 (Loss: 0.2595)
[===========                             ]: 4128 (Loss: 0.4144)
[===========                             ]: 4129 (Loss: 0.4569)
[============                            ]: 4130 (Loss: 0.4504)
[============                            ]: 4131 (Loss: 0.3815)
[============                            ]: 4132 (Loss: 0.4173)
[=============                           ]: 4133 (Loss: 0.3590)
[=============                           ]: 4134 (Loss: 0.4169)
[==============                          ]: 4135 (Loss: 0.2703)
[==============                          ]: 4136 (Loss: 0.3879)
[==============                          ]: 4137 (Loss: 0.4071)
[===============                         ]: 4138 (Loss: 0.5207)
[===============                         ]: 4139 (Loss: 0.3224)
[================                        ]: 4140 (Loss: 0.3966)
[================                        ]: 4141 (Loss: 0.4063)
[================                        ]: 4142 (Loss: 0.3316)
[=================                       ]: 4143 (Loss: 0.3538)
[=================                       ]: 4144 (Loss: 0.3696)
[==================                      ]: 4145 (Loss: 0.4523)
[==================                      ]: 4146 (Loss: 0.2911)
[==================                      ]: 4147 (Loss: 0.4766)
[===================                     ]: 4148 (Loss: 0.3043)
[===================                     ]: 4149 (Loss: 0.3449)
[====================                    ]: 4150 (Loss: 0.4737)
[====================                    ]: 4151 (Loss: 0.2352)
[====================                    ]: 4152 (Loss: 0.4914)
[=====================                   ]: 4153 (Loss: 0.4288)
[=====================                   ]: 4154 (Loss: 0.4709)
[======================                  ]: 4155 (Loss: 0.4160)
[======================                  ]: 4156 (Loss: 0.3588)
[======================                  ]: 4157 (Loss: 0.4849)
[=======================                 ]: 4158 (Loss: 0.3484)
[=======================                 ]: 4159 (Loss: 0.3581)
[========================                ]: 4160 (Loss: 0.3105)
[========================                ]: 4161 (Loss: 0.2772)
[========================                ]: 4162 (Loss: 0.3899)
[=========================               ]: 4163 (Loss: 0.3210)
[=========================               ]: 4164 (Loss: 0.5265)
[==========================              ]: 4165 (Loss: 0.4110)
[==========================              ]: 4166 (Loss: 0.2859)
[==========================              ]: 4167 (Loss: 0.4642)
[===========================             ]: 4168 (Loss: 0.4603)
[===========================             ]: 4169 (Loss: 0.3829)
[============================            ]: 4170 (Loss: 0.3571)
[============================            ]: 4171 (Loss: 0.5351)
[============================            ]: 4172 (Loss: 0.3243)
[=============================           ]: 4173 (Loss: 0.4187)
[=============================           ]: 4174 (Loss: 0.4060)
[==============================          ]: 4175 (Loss: 0.5572)
[==============================          ]: 4176 (Loss: 0.4184)
[==============================          ]: 4177 (Loss: 0.4317)
[===============================         ]: 4178 (Loss: 0.5803)
[===============================         ]: 4179 (Loss: 0.3345)
[================================        ]: 4180 (Loss: 0.3347)
[================================        ]: 4181 (Loss: 0.3309)
[================================        ]: 4182 (Loss: 0.3284)
[=================================       ]: 4183 (Loss: 0.3382)
[=================================       ]: 4184 (Loss: 0.5225)
[==================================      ]: 4185 (Loss: 0.3438)
[==================================      ]: 4186 (Loss: 0.4297)
[==================================      ]: 4187 (Loss: 0.1905)
[===================================     ]: 4188 (Loss: 0.4239)
[===================================     ]: 4189 (Loss: 0.4076)
[====================================    ]: 4190 (Loss: 0.4669)
[====================================    ]: 4191 (Loss: 0.3652)
[====================================    ]: 4192 (Loss: 0.4426)
[=====================================   ]: 4193 (Loss: 0.5043)
[=====================================   ]: 4194 (Loss: 0.4668)
[======================================  ]: 4195 (Loss: 0.3610)
[======================================  ]: 4196 (Loss: 0.4070)
[======================================  ]: 4197 (Loss: 0.3146)
[======================================= ]: 4198 (Loss: 0.4027)
[======================================= ]: 4199 (Loss: 0.4881)
[========================================]: 4200 (Loss: 0.3469)
                                                                                                    
[2026-07-16 21:06:49,271] [INFO] [__main__] Batch 4200 Loss: 0.393011 Cost: 7.74 Time: 74 ms/sequence

[                                        ]: 4201 (Loss: 0.3263)
[                                        ]: 4202 (Loss: 0.5379)
[=                                       ]: 4203 (Loss: 0.3891)
[=                                       ]: 4204 (Loss: 0.5002)
[==                                      ]: 4205 (Loss: 0.3811)
[==                                      ]: 4206 (Loss: 0.3693)
[==                                      ]: 4207 (Loss: 0.4036)
[===                                     ]: 4208 (Loss: 0.2978)
[===                                     ]: 4209 (Loss: 0.4478)
[====                                    ]: 4210 (Loss: 0.3784)
[====                                    ]: 4211 (Loss: 0.4613)
[====                                    ]: 4212 (Loss: 0.4716)
[=====                                   ]: 4213 (Loss: 0.2427)
[=====                                   ]: 4214 (Loss: 0.3399)
[======                                  ]: 4215 (Loss: 0.3842)
[======                                  ]: 4216 (Loss: 0.4321)
[======                                  ]: 4217 (Loss: 0.4265)
[=======                                 ]: 4218 (Loss: 0.2598)
[=======                                 ]: 4219 (Loss: 0.4208)
[========                                ]: 4220 (Loss: 0.5145)
[========                                ]: 4221 (Loss: 0.3521)
[========                                ]: 4222 (Loss: 0.4112)
[=========                               ]: 4223 (Loss: 0.3254)
[=========                               ]: 4224 (Loss: 0.3370)
[==========                              ]: 4225 (Loss: 0.4678)
[==========                              ]: 4226 (Loss: 0.4446)
[==========                              ]: 4227 (Loss: 0.2713)
[===========                             ]: 4228 (Loss: 0.4805)
[===========                             ]: 4229 (Loss: 0.4118)
[============                            ]: 4230 (Loss: 0.3313)
[============                            ]: 4231 (Loss: 0.3043)
[============                            ]: 4232 (Loss: 0.3881)
[=============                           ]: 4233 (Loss: 0.5574)
[=============                           ]: 4234 (Loss: 0.3023)
[==============                          ]: 4235 (Loss: 0.3055)
[==============                          ]: 4236 (Loss: 0.3720)
[==============                          ]: 4237 (Loss: 0.3103)
[===============                         ]: 4238 (Loss: 0.4987)
[===============                         ]: 4239 (Loss: 0.3736)
[================                        ]: 4240 (Loss: 0.4977)
[================                        ]: 4241 (Loss: 0.5008)
[================                        ]: 4242 (Loss: 0.4166)
[=================                       ]: 4243 (Loss: 0.3114)
[=================                       ]: 4244 (Loss: 0.2641)
[==================                      ]: 4245 (Loss: 0.3461)
[==================                      ]: 4246 (Loss: 0.2482)
[==================                      ]: 4247 (Loss: 0.3744)
[===================                     ]: 4248 (Loss: 0.3927)
[===================                     ]: 4249 (Loss: 0.3586)
[====================                    ]: 4250 (Loss: 0.3231)
[====================                    ]: 4251 (Loss: 0.3148)
[====================                    ]: 4252 (Loss: 0.4420)
[=====================                   ]: 4253 (Loss: 0.3942)
[=====================                   ]: 4254 (Loss: 0.4717)
[======================                  ]: 4255 (Loss: 0.3888)
[======================                  ]: 4256 (Loss: 0.3445)
[======================                  ]: 4257 (Loss: 0.3024)
[=======================                 ]: 4258 (Loss: 0.4308)
[=======================                 ]: 4259 (Loss: 0.4057)
[========================                ]: 4260 (Loss: 0.4871)
[========================                ]: 4261 (Loss: 0.3966)
[========================                ]: 4262 (Loss: 0.3442)
[=========================               ]: 4263 (Loss: 0.2954)
[=========================               ]: 4264 (Loss: 0.4323)
[==========================              ]: 4265 (Loss: 0.3909)
[==========================              ]: 4266 (Loss: 0.5377)
[==========================              ]: 4267 (Loss: 0.4425)
[===========================             ]: 4268 (Loss: 0.3546)
[===========================             ]: 4269 (Loss: 0.3434)
[============================            ]: 4270 (Loss: 0.4110)
[============================            ]: 4271 (Loss: 0.4401)
[============================            ]: 4272 (Loss: 0.4445)
[=============================           ]: 4273 (Loss: 0.2759)
[=============================           ]: 4274 (Loss: 0.4927)
[==============================          ]: 4275 (Loss: 0.4627)
[==============================          ]: 4276 (Loss: 0.5033)
[==============================          ]: 4277 (Loss: 0.4334)
[===============================         ]: 4278 (Loss: 0.4429)
[===============================         ]: 4279 (Loss: 0.3779)
[================================        ]: 4280 (Loss: 0.5321)
[================================        ]: 4281 (Loss: 0.4043)
[================================        ]: 4282 (Loss: 0.4487)
[=================================       ]: 4283 (Loss: 0.5286)
[=================================       ]: 4284 (Loss: 0.3555)
[==================================      ]: 4285 (Loss: 0.4573)
[==================================      ]: 4286 (Loss: 0.2896)
[==================================      ]: 4287 (Loss: 0.3599)
[===================================     ]: 4288 (Loss: 0.4358)
[===================================     ]: 4289 (Loss: 0.4225)
[====================================    ]: 4290 (Loss: 0.4070)
[====================================    ]: 4291 (Loss: 0.4996)
[====================================    ]: 4292 (Loss: 0.4445)
[=====================================   ]: 4293 (Loss: 0.4355)
[=====================================   ]: 4294 (Loss: 0.3344)
[======================================  ]: 4295 (Loss: 0.3966)
[======================================  ]: 4296 (Loss: 0.4410)
[======================================  ]: 4297 (Loss: 0.4237)
[======================================= ]: 4298 (Loss: 0.4897)
[======================================= ]: 4299 (Loss: 0.3468)
[========================================]: 4300 (Loss: 0.3758)
                                                                                                    
[2026-07-16 21:06:56,717] [INFO] [__main__] Batch 4300 Loss: 0.398965 Cost: 7.48 Time: 74 ms/sequence

[                                        ]: 4301 (Loss: 0.4582)
[                                        ]: 4302 (Loss: 0.3345)
[=                                       ]: 4303 (Loss: 0.4134)
[=                                       ]: 4304 (Loss: 0.2494)
[==                                      ]: 4305 (Loss: 0.3096)
[==                                      ]: 4306 (Loss: 0.3083)
[==                                      ]: 4307 (Loss: 0.3585)
[===                                     ]: 4308 (Loss: 0.3652)
[===                                     ]: 4309 (Loss: 0.5182)
[====                                    ]: 4310 (Loss: 0.4474)
[====                                    ]: 4311 (Loss: 0.4736)
[====                                    ]: 4312 (Loss: 0.3582)
[=====                                   ]: 4313 (Loss: 0.3135)
[=====                                   ]: 4314 (Loss: 0.3411)
[======                                  ]: 4315 (Loss: 0.2873)
[======                                  ]: 4316 (Loss: 0.2507)
[======                                  ]: 4317 (Loss: 0.4963)
[=======                                 ]: 4318 (Loss: 0.4474)
[=======                                 ]: 4319 (Loss: 0.4710)
[========                                ]: 4320 (Loss: 0.3127)
[========                                ]: 4321 (Loss: 0.3848)
[========                                ]: 4322 (Loss: 0.3549)
[=========                               ]: 4323 (Loss: 0.3767)
[=========                               ]: 4324 (Loss: 0.2820)
[==========                              ]: 4325 (Loss: 0.4098)
[==========                              ]: 4326 (Loss: 0.4686)
[==========                              ]: 4327 (Loss: 0.4959)
[===========                             ]: 4328 (Loss: 0.4334)
[===========                             ]: 4329 (Loss: 0.3606)
[============                            ]: 4330 (Loss: 0.3744)
[============                            ]: 4331 (Loss: 0.4133)
[============                            ]: 4332 (Loss: 0.4208)
[=============                           ]: 4333 (Loss: 0.4964)
[=============                           ]: 4334 (Loss: 0.3816)
[==============                          ]: 4335 (Loss: 0.3544)
[==============                          ]: 4336 (Loss: 0.3865)
[==============                          ]: 4337 (Loss: 0.3325)
[===============                         ]: 4338 (Loss: 0.4557)
[===============                         ]: 4339 (Loss: 0.3460)
[================                        ]: 4340 (Loss: 0.3558)
[================                        ]: 4341 (Loss: 0.3401)
[================                        ]: 4342 (Loss: 0.4783)
[=================                       ]: 4343 (Loss: 0.4309)
[=================                       ]: 4344 (Loss: 0.4125)
[==================                      ]: 4345 (Loss: 0.4696)
[==================                      ]: 4346 (Loss: 0.3763)
[==================                      ]: 4347 (Loss: 0.2942)
[===================                     ]: 4348 (Loss: 0.3513)
[===================                     ]: 4349 (Loss: 0.3436)
[====================                    ]: 4350 (Loss: 0.4005)
[====================                    ]: 4351 (Loss: 0.3695)
[====================                    ]: 4352 (Loss: 0.3578)
[=====================                   ]: 4353 (Loss: 0.3688)
[=====================                   ]: 4354 (Loss: 0.4075)
[======================                  ]: 4355 (Loss: 0.3177)
[======================                  ]: 4356 (Loss: 0.3482)
[======================                  ]: 4357 (Loss: 0.3763)
[=======================                 ]: 4358 (Loss: 0.3718)
[=======================                 ]: 4359 (Loss: 0.3753)
[========================                ]: 4360 (Loss: 0.2758)
[========================                ]: 4361 (Loss: 0.4082)
[========================                ]: 4362 (Loss: 0.3885)
[=========================               ]: 4363 (Loss: 0.4191)
[=========================               ]: 4364 (Loss: 0.2835)
[==========================              ]: 4365 (Loss: 0.3710)
[==========================              ]: 4366 (Loss: 0.2457)
[==========================              ]: 4367 (Loss: 0.3512)
[===========================             ]: 4368 (Loss: 0.3859)
[===========================             ]: 4369 (Loss: 0.3426)
[============================            ]: 4370 (Loss: 0.4546)
[============================            ]: 4371 (Loss: 0.2909)
[============================            ]: 4372 (Loss: 0.3324)
[=============================           ]: 4373 (Loss: 0.4125)
[=============================           ]: 4374 (Loss: 0.2647)
[==============================          ]: 4375 (Loss: 0.3334)
[==============================          ]: 4376 (Loss: 0.2631)
[==============================          ]: 4377 (Loss: 0.4141)
[===============================         ]: 4378 (Loss: 0.3706)
[===============================         ]: 4379 (Loss: 0.4102)
[================================        ]: 4380 (Loss: 0.4323)
[================================        ]: 4381 (Loss: 0.2785)
[================================        ]: 4382 (Loss: 0.4563)
[=================================       ]: 4383 (Loss: 0.3015)
[=================================       ]: 4384 (Loss: 0.3922)
[==================================      ]: 4385 (Loss: 0.4119)
[==================================      ]: 4386 (Loss: 0.4946)
[==================================      ]: 4387 (Loss: 0.3252)
[===================================     ]: 4388 (Loss: 0.3777)
[===================================     ]: 4389 (Loss: 0.4787)
[====================================    ]: 4390 (Loss: 0.4822)
[====================================    ]: 4391 (Loss: 0.3074)
[====================================    ]: 4392 (Loss: 0.3651)
[=====================================   ]: 4393 (Loss: 0.5160)
[=====================================   ]: 4394 (Loss: 0.4078)
[======================================  ]: 4395 (Loss: 0.4713)
[======================================  ]: 4396 (Loss: 0.4688)
[======================================  ]: 4397 (Loss: 0.4613)
[======================================= ]: 4398 (Loss: 0.2713)
[======================================= ]: 4399 (Loss: 0.5171)
[========================================]: 4400 (Loss: 0.3336)
                                                                                                    
[2026-07-16 21:07:04,551] [INFO] [__main__] Batch 4400 Loss: 0.381578 Cost: 7.29 Time: 78 ms/sequence

[                                        ]: 4401 (Loss: 0.2304)
[                                        ]: 4402 (Loss: 0.3122)
[=                                       ]: 4403 (Loss: 0.2802)
[=                                       ]: 4404 (Loss: 0.3846)
[==                                      ]: 4405 (Loss: 0.4672)
[==                                      ]: 4406 (Loss: 0.4225)
[==                                      ]: 4407 (Loss: 0.3653)
[===                                     ]: 4408 (Loss: 0.4412)
[===                                     ]: 4409 (Loss: 0.4296)
[====                                    ]: 4410 (Loss: 0.4239)
[====                                    ]: 4411 (Loss: 0.3635)
[====                                    ]: 4412 (Loss: 0.5058)
[=====                                   ]: 4413 (Loss: 0.3741)
[=====                                   ]: 4414 (Loss: 0.3121)
[======                                  ]: 4415 (Loss: 0.3466)
[======                                  ]: 4416 (Loss: 0.3885)
[======                                  ]: 4417 (Loss: 0.3680)
[=======                                 ]: 4418 (Loss: 0.3961)
[=======                                 ]: 4419 (Loss: 0.3800)
[========                                ]: 4420 (Loss: 0.4190)
[========                                ]: 4421 (Loss: 0.4570)
[========                                ]: 4422 (Loss: 0.3900)
[=========                               ]: 4423 (Loss: 0.2635)
[=========                               ]: 4424 (Loss: 0.3448)
[==========                              ]: 4425 (Loss: 0.4136)
[==========                              ]: 4426 (Loss: 0.3040)
[==========                              ]: 4427 (Loss: 0.2474)
[===========                             ]: 4428 (Loss: 0.2594)
[===========                             ]: 4429 (Loss: 0.5286)
[============                            ]: 4430 (Loss: 0.2651)
[============                            ]: 4431 (Loss: 0.2789)
[============                            ]: 4432 (Loss: 0.3331)
[=============                           ]: 4433 (Loss: 0.5226)
[=============                           ]: 4434 (Loss: 0.4253)
[==============                          ]: 4435 (Loss: 0.4193)
[==============                          ]: 4436 (Loss: 0.3288)
[==============                          ]: 4437 (Loss: 0.4573)
[===============                         ]: 4438 (Loss: 0.4670)
[===============                         ]: 4439 (Loss: 0.3539)
[================                        ]: 4440 (Loss: 0.5724)
[================                        ]: 4441 (Loss: 0.4024)
[================                        ]: 4442 (Loss: 0.4025)
[=================                       ]: 4443 (Loss: 0.4032)
[=================                       ]: 4444 (Loss: 0.2592)
[==================                      ]: 4445 (Loss: 0.3351)
[==================                      ]: 4446 (Loss: 0.3719)
[==================                      ]: 4447 (Loss: 0.3243)
[===================                     ]: 4448 (Loss: 0.4354)
[===================                     ]: 4449 (Loss: 0.3844)
[====================                    ]: 4450 (Loss: 0.3741)
[====================                    ]: 4451 (Loss: 0.4024)
[====================                    ]: 4452 (Loss: 0.4938)
[=====================                   ]: 4453 (Loss: 0.4445)
[=====================                   ]: 4454 (Loss: 0.4129)
[======================                  ]: 4455 (Loss: 0.2829)
[======================                  ]: 4456 (Loss: 0.2575)
[======================                  ]: 4457 (Loss: 0.3763)
[=======================                 ]: 4458 (Loss: 0.3913)
[=======================                 ]: 4459 (Loss: 0.2663)
[========================                ]: 4460 (Loss: 0.3603)
[========================                ]: 4461 (Loss: 0.3628)
[========================                ]: 4462 (Loss: 0.3850)
[=========================               ]: 4463 (Loss: 0.3045)
[=========================               ]: 4464 (Loss: 0.3644)
[==========================              ]: 4465 (Loss: 0.3192)
[==========================              ]: 4466 (Loss: 0.3629)
[==========================              ]: 4467 (Loss: 0.3689)
[===========================             ]: 4468 (Loss: 0.4121)
[===========================             ]: 4469 (Loss: 0.3398)
[============================            ]: 4470 (Loss: 0.2289)
[============================            ]: 4471 (Loss: 0.3331)
[============================            ]: 4472 (Loss: 0.4442)
[=============================           ]: 4473 (Loss: 0.2868)
[=============================           ]: 4474 (Loss: 0.3564)
[==============================          ]: 4475 (Loss: 0.3487)
[==============================          ]: 4476 (Loss: 0.3698)
[==============================          ]: 4477 (Loss: 0.2780)
[===============================         ]: 4478 (Loss: 0.4012)
[===============================         ]: 4479 (Loss: 0.4472)
[================================        ]: 4480 (Loss: 0.3613)
[================================        ]: 4481 (Loss: 0.3389)
[================================        ]: 4482 (Loss: 0.4408)
[=================================       ]: 4483 (Loss: 0.3041)
[=================================       ]: 4484 (Loss: 0.4442)
[==================================      ]: 4485 (Loss: 0.4093)
[==================================      ]: 4486 (Loss: 0.3895)
[==================================      ]: 4487 (Loss: 0.3391)
[===================================     ]: 4488 (Loss: 0.3492)
[===================================     ]: 4489 (Loss: 0.4266)
[====================================    ]: 4490 (Loss: 0.2949)
[====================================    ]: 4491 (Loss: 0.4108)
[====================================    ]: 4492 (Loss: 0.3562)
[=====================================   ]: 4493 (Loss: 0.4090)
[=====================================   ]: 4494 (Loss: 0.4217)
[======================================  ]: 4495 (Loss: 0.4604)
[======================================  ]: 4496 (Loss: 0.3214)
[======================================  ]: 4497 (Loss: 0.4223)
[======================================= ]: 4498 (Loss: 0.3551)
[======================================= ]: 4499 (Loss: 0.3910)
[========================================]: 4500 (Loss: 0.2735)
                                                                                                    
[2026-07-16 21:07:11,896] [INFO] [__main__] Batch 4500 Loss: 0.372567 Cost: 7.01 Time: 73 ms/sequence

[                                        ]: 4501 (Loss: 0.3882)
[                                        ]: 4502 (Loss: 0.3459)
[=                                       ]: 4503 (Loss: 0.2325)
[=                                       ]: 4504 (Loss: 0.3869)
[==                                      ]: 4505 (Loss: 0.3427)
[==                                      ]: 4506 (Loss: 0.4324)
[==                                      ]: 4507 (Loss: 0.3656)
[===                                     ]: 4508 (Loss: 0.3671)
[===                                     ]: 4509 (Loss: 0.4517)
[====                                    ]: 4510 (Loss: 0.3628)
[====                                    ]: 4511 (Loss: 0.4127)
[====                                    ]: 4512 (Loss: 0.3778)
[=====                                   ]: 4513 (Loss: 0.3337)
[=====                                   ]: 4514 (Loss: 0.4540)
[======                                  ]: 4515 (Loss: 0.5121)
[======                                  ]: 4516 (Loss: 0.3765)
[======                                  ]: 4517 (Loss: 0.2877)
[=======                                 ]: 4518 (Loss: 0.4244)
[=======                                 ]: 4519 (Loss: 0.3579)
[========                                ]: 4520 (Loss: 0.4427)
[========                                ]: 4521 (Loss: 0.2583)
[========                                ]: 4522 (Loss: 0.4436)
[=========                               ]: 4523 (Loss: 0.4271)
[=========                               ]: 4524 (Loss: 0.4666)
[==========                              ]: 4525 (Loss: 0.4601)
[==========                              ]: 4526 (Loss: 0.2810)
[==========                              ]: 4527 (Loss: 0.3809)
[===========                             ]: 4528 (Loss: 0.3418)
[===========                             ]: 4529 (Loss: 0.4482)
[============                            ]: 4530 (Loss: 0.2832)
[============                            ]: 4531 (Loss: 0.3058)
[============                            ]: 4532 (Loss: 0.3808)
[=============                           ]: 4533 (Loss: 0.2649)
[=============                           ]: 4534 (Loss: 0.2970)
[==============                          ]: 4535 (Loss: 0.4065)
[==============                          ]: 4536 (Loss: 0.3923)
[==============                          ]: 4537 (Loss: 0.5893)
[===============                         ]: 4538 (Loss: 0.3273)
[===============                         ]: 4539 (Loss: 0.3586)
[================                        ]: 4540 (Loss: 0.3419)
[================                        ]: 4541 (Loss: 0.3670)
[================                        ]: 4542 (Loss: 0.2489)
[=================                       ]: 4543 (Loss: 0.2930)
[=================                       ]: 4544 (Loss: 0.4096)
[==================                      ]: 4545 (Loss: 0.4812)
[==================                      ]: 4546 (Loss: 0.3071)
[==================                      ]: 4547 (Loss: 0.4137)
[===================                     ]: 4548 (Loss: 0.5312)
[===================                     ]: 4549 (Loss: 0.4112)
[====================                    ]: 4550 (Loss: 0.3912)
[====================                    ]: 4551 (Loss: 0.3929)
[====================                    ]: 4552 (Loss: 0.3185)
[=====================                   ]: 4553 (Loss: 0.2878)
[=====================                   ]: 4554 (Loss: 0.4678)
[======================                  ]: 4555 (Loss: 0.2732)
[======================                  ]: 4556 (Loss: 0.3321)
[======================                  ]: 4557 (Loss: 0.3515)
[=======================                 ]: 4558 (Loss: 0.3592)
[=======================                 ]: 4559 (Loss: 0.4023)
[========================                ]: 4560 (Loss: 0.4735)
[========================                ]: 4561 (Loss: 0.2836)
[========================                ]: 4562 (Loss: 0.5158)
[=========================               ]: 4563 (Loss: 0.2981)
[=========================               ]: 4564 (Loss: 0.3924)
[==========================              ]: 4565 (Loss: 0.3824)
[==========================              ]: 4566 (Loss: 0.3426)
[==========================              ]: 4567 (Loss: 0.4645)
[===========================             ]: 4568 (Loss: 0.4737)
[===========================             ]: 4569 (Loss: 0.3470)
[============================            ]: 4570 (Loss: 0.3024)
[============================            ]: 4571 (Loss: 0.4853)
[============================            ]: 4572 (Loss: 0.4440)
[=============================           ]: 4573 (Loss: 0.3246)
[=============================           ]: 4574 (Loss: 0.3124)
[==============================          ]: 4575 (Loss: 0.3985)
[==============================          ]: 4576 (Loss: 0.3505)
[==============================          ]: 4577 (Loss: 0.2972)
[===============================         ]: 4578 (Loss: 0.4109)
[===============================         ]: 4579 (Loss: 0.2955)
[================================        ]: 4580 (Loss: 0.2825)
[================================        ]: 4581 (Loss: 0.2488)
[================================        ]: 4582 (Loss: 0.3844)
[=================================       ]: 4583 (Loss: 0.3215)
[=================================       ]: 4584 (Loss: 0.3057)
[==================================      ]: 4585 (Loss: 0.5480)
[==================================      ]: 4586 (Loss: 0.3977)
[==================================      ]: 4587 (Loss: 0.5597)
[===================================     ]: 4588 (Loss: 0.4419)
[===================================     ]: 4589 (Loss: 0.3413)
[====================================    ]: 4590 (Loss: 0.3472)
[====================================    ]: 4591 (Loss: 0.4670)
[====================================    ]: 4592 (Loss: 0.2807)
[=====================================   ]: 4593 (Loss: 0.3220)
[=====================================   ]: 4594 (Loss: 0.6106)
[======================================  ]: 4595 (Loss: 0.2709)
[======================================  ]: 4596 (Loss: 0.5092)
[======================================  ]: 4597 (Loss: 0.2966)
[======================================= ]: 4598 (Loss: 0.4186)
[======================================= ]: 4599 (Loss: 0.4105)
[========================================]: 4600 (Loss: 0.2868)
                                                                                                    
[2026-07-16 21:07:18,942] [INFO] [__main__] Batch 4600 Loss: 0.377966 Cost: 7.15 Time: 70 ms/sequence

[                                        ]: 4601 (Loss: 0.4272)
[                                        ]: 4602 (Loss: 0.3400)
[=                                       ]: 4603 (Loss: 0.4018)
[=                                       ]: 4604 (Loss: 0.4287)
[==                                      ]: 4605 (Loss: 0.4240)
[==                                      ]: 4606 (Loss: 0.3760)
[==                                      ]: 4607 (Loss: 0.3324)
[===                                     ]: 4608 (Loss: 0.3735)
[===                                     ]: 4609 (Loss: 0.5576)
[====                                    ]: 4610 (Loss: 0.2931)
[====                                    ]: 4611 (Loss: 0.4363)
[====                                    ]: 4612 (Loss: 0.4129)
[=====                                   ]: 4613 (Loss: 0.5366)
[=====                                   ]: 4614 (Loss: 0.3328)
[======                                  ]: 4615 (Loss: 0.5610)
[======                                  ]: 4616 (Loss: 0.2839)
[======                                  ]: 4617 (Loss: 0.4011)
[=======                                 ]: 4618 (Loss: 0.4236)
[=======                                 ]: 4619 (Loss: 0.4116)
[========                                ]: 4620 (Loss: 0.3492)
[========                                ]: 4621 (Loss: 0.3196)
[========                                ]: 4622 (Loss: 0.3573)
[=========                               ]: 4623 (Loss: 0.4733)
[=========                               ]: 4624 (Loss: 0.3169)
[==========                              ]: 4625 (Loss: 0.4094)
[==========                              ]: 4626 (Loss: 0.3685)
[==========                              ]: 4627 (Loss: 0.3579)
[===========                             ]: 4628 (Loss: 0.2834)
[===========                             ]: 4629 (Loss: 0.4245)
[============                            ]: 4630 (Loss: 0.3710)
[============                            ]: 4631 (Loss: 0.4774)
[============                            ]: 4632 (Loss: 0.3672)
[=============                           ]: 4633 (Loss: 0.2344)
[=============                           ]: 4634 (Loss: 0.4888)
[==============                          ]: 4635 (Loss: 0.3388)
[==============                          ]: 4636 (Loss: 0.3263)
[==============                          ]: 4637 (Loss: 0.4441)
[===============                         ]: 4638 (Loss: 0.4605)
[===============                         ]: 4639 (Loss: 0.2581)
[================                        ]: 4640 (Loss: 0.4832)
[================                        ]: 4641 (Loss: 0.2965)
[================                        ]: 4642 (Loss: 0.5506)
[=================                       ]: 4643 (Loss: 0.4217)
[=================                       ]: 4644 (Loss: 0.3537)
[==================                      ]: 4645 (Loss: 0.3706)
[==================                      ]: 4646 (Loss: 0.3370)
[==================                      ]: 4647 (Loss: 0.4137)
[===================                     ]: 4648 (Loss: 0.3140)
[===================                     ]: 4649 (Loss: 0.3968)
[====================                    ]: 4650 (Loss: 0.4221)
[====================                    ]: 4651 (Loss: 0.5399)
[====================                    ]: 4652 (Loss: 0.3812)
[=====================                   ]: 4653 (Loss: 0.4428)
[=====================                   ]: 4654 (Loss: 0.4503)
[======================                  ]: 4655 (Loss: 0.3543)
[======================                  ]: 4656 (Loss: 0.3037)
[======================                  ]: 4657 (Loss: 0.3206)
[=======================                 ]: 4658 (Loss: 0.3662)
[=======================                 ]: 4659 (Loss: 0.4052)
[========================                ]: 4660 (Loss: 0.4621)
[========================                ]: 4661 (Loss: 0.4293)
[========================                ]: 4662 (Loss: 0.4121)
[=========================               ]: 4663 (Loss: 0.4457)
[=========================               ]: 4664 (Loss: 0.3371)
[==========================              ]: 4665 (Loss: 0.4141)
[==========================              ]: 4666 (Loss: 0.3380)
[==========================              ]: 4667 (Loss: 0.4205)
[===========================             ]: 4668 (Loss: 0.3814)
[===========================             ]: 4669 (Loss: 0.4171)
[============================            ]: 4670 (Loss: 0.4313)
[============================            ]: 4671 (Loss: 0.4642)
[============================            ]: 4672 (Loss: 0.3636)
[=============================           ]: 4673 (Loss: 0.3968)
[=============================           ]: 4674 (Loss: 0.4522)
[==============================          ]: 4675 (Loss: 0.4712)
[==============================          ]: 4676 (Loss: 0.3496)
[==============================          ]: 4677 (Loss: 0.2992)
[===============================         ]: 4678 (Loss: 0.2827)
[===============================         ]: 4679 (Loss: 0.4105)
[================================        ]: 4680 (Loss: 0.5150)
[================================        ]: 4681 (Loss: 0.3643)
[================================        ]: 4682 (Loss: 0.3820)
[=================================       ]: 4683 (Loss: 0.2505)
[=================================       ]: 4684 (Loss: 0.3579)
[==================================      ]: 4685 (Loss: 0.4213)
[==================================      ]: 4686 (Loss: 0.3954)
[==================================      ]: 4687 (Loss: 0.4592)
[===================================     ]: 4688 (Loss: 0.3493)
[===================================     ]: 4689 (Loss: 0.3369)
[====================================    ]: 4690 (Loss: 0.2804)
[====================================    ]: 4691 (Loss: 0.4156)
[====================================    ]: 4692 (Loss: 0.3724)
[=====================================   ]: 4693 (Loss: 0.3090)
[=====================================   ]: 4694 (Loss: 0.3853)
[======================================  ]: 4695 (Loss: 0.2846)
[======================================  ]: 4696 (Loss: 0.2366)
[======================================  ]: 4697 (Loss: 0.4842)
[======================================= ]: 4698 (Loss: 0.2410)
[======================================= ]: 4699 (Loss: 0.3390)
[========================================]: 4700 (Loss: 0.3870)
                                                                                                    
[2026-07-16 21:07:26,276] [INFO] [__main__] Batch 4700 Loss: 0.386506 Cost: 7.19 Time: 73 ms/sequence

[                                        ]: 4701 (Loss: 0.4137)
[                                        ]: 4702 (Loss: 0.3679)
[=                                       ]: 4703 (Loss: 0.3148)
[=                                       ]: 4704 (Loss: 0.3407)
[==                                      ]: 4705 (Loss: 0.3664)
[==                                      ]: 4706 (Loss: 0.3733)
[==                                      ]: 4707 (Loss: 0.4540)
[===                                     ]: 4708 (Loss: 0.4412)
[===                                     ]: 4709 (Loss: 0.2459)
[====                                    ]: 4710 (Loss: 0.2986)
[====                                    ]: 4711 (Loss: 0.3919)
[====                                    ]: 4712 (Loss: 0.3990)
[=====                                   ]: 4713 (Loss: 0.3328)
[=====                                   ]: 4714 (Loss: 0.3923)
[======                                  ]: 4715 (Loss: 0.4467)
[======                                  ]: 4716 (Loss: 0.2598)
[======                                  ]: 4717 (Loss: 0.4374)
[=======                                 ]: 4718 (Loss: 0.6688)
[=======                                 ]: 4719 (Loss: 0.4469)
[========                                ]: 4720 (Loss: 0.4463)
[========                                ]: 4721 (Loss: 0.3479)
[========                                ]: 4722 (Loss: 0.3313)
[=========                               ]: 4723 (Loss: 0.4562)
[=========                               ]: 4724 (Loss: 0.4293)
[==========                              ]: 4725 (Loss: 0.3901)
[==========                              ]: 4726 (Loss: 0.3832)
[==========                              ]: 4727 (Loss: 0.3990)
[===========                             ]: 4728 (Loss: 0.3618)
[===========                             ]: 4729 (Loss: 0.3348)
[============                            ]: 4730 (Loss: 0.3355)
[============                            ]: 4731 (Loss: 0.2933)
[============                            ]: 4732 (Loss: 0.4018)
[=============                           ]: 4733 (Loss: 0.6032)
[=============                           ]: 4734 (Loss: 0.3308)
[==============                          ]: 4735 (Loss: 0.2834)
[==============                          ]: 4736 (Loss: 0.3451)
[==============                          ]: 4737 (Loss: 0.3907)
[===============                         ]: 4738 (Loss: 0.3076)
[===============                         ]: 4739 (Loss: 0.3511)
[================                        ]: 4740 (Loss: 0.3635)
[================                        ]: 4741 (Loss: 0.4478)
[================                        ]: 4742 (Loss: 0.3412)
[=================                       ]: 4743 (Loss: 0.3697)
[=================                       ]: 4744 (Loss: 0.3149)
[==================                      ]: 4745 (Loss: 0.4256)
[==================                      ]: 4746 (Loss: 0.4625)
[==================                      ]: 4747 (Loss: 0.3819)
[===================                     ]: 4748 (Loss: 0.4514)
[===================                     ]: 4749 (Loss: 0.3538)
[====================                    ]: 4750 (Loss: 0.2122)
[====================                    ]: 4751 (Loss: 0.3790)
[====================                    ]: 4752 (Loss: 0.4570)
[=====================                   ]: 4753 (Loss: 0.3246)
[=====================                   ]: 4754 (Loss: 0.3512)
[======================                  ]: 4755 (Loss: 0.3805)
[======================                  ]: 4756 (Loss: 0.4258)
[======================                  ]: 4757 (Loss: 0.2831)
[=======================                 ]: 4758 (Loss: 0.4323)
[=======================                 ]: 4759 (Loss: 0.3221)
[========================                ]: 4760 (Loss: 0.3831)
[========================                ]: 4761 (Loss: 0.3199)
[========================                ]: 4762 (Loss: 0.3072)
[=========================               ]: 4763 (Loss: 0.4007)
[=========================               ]: 4764 (Loss: 0.4578)
[==========================              ]: 4765 (Loss: 0.3959)
[==========================              ]: 4766 (Loss: 0.4857)
[==========================              ]: 4767 (Loss: 0.2596)
[===========================             ]: 4768 (Loss: 0.3728)
[===========================             ]: 4769 (Loss: 0.3960)
[============================            ]: 4770 (Loss: 0.3406)
[============================            ]: 4771 (Loss: 0.2509)
[============================            ]: 4772 (Loss: 0.3327)
[=============================           ]: 4773 (Loss: 0.3781)
[=============================           ]: 4774 (Loss: 0.3759)
[==============================          ]: 4775 (Loss: 0.3040)
[==============================          ]: 4776 (Loss: 0.3463)
[==============================          ]: 4777 (Loss: 0.3181)
[===============================         ]: 4778 (Loss: 0.5223)
[===============================         ]: 4779 (Loss: 0.4668)
[================================        ]: 4780 (Loss: 0.3424)
[================================        ]: 4781 (Loss: 0.5929)
[================================        ]: 4782 (Loss: 0.3362)
[=================================       ]: 4783 (Loss: 0.3931)
[=================================       ]: 4784 (Loss: 0.3582)
[==================================      ]: 4785 (Loss: 0.3906)
[==================================      ]: 4786 (Loss: 0.4832)
[==================================      ]: 4787 (Loss: 0.4104)
[===================================     ]: 4788 (Loss: 0.3663)
[===================================     ]: 4789 (Loss: 0.3871)
[====================================    ]: 4790 (Loss: 0.3050)
[====================================    ]: 4791 (Loss: 0.3169)
[====================================    ]: 4792 (Loss: 0.2890)
[=====================================   ]: 4793 (Loss: 0.4393)
[=====================================   ]: 4794 (Loss: 0.5105)
[======================================  ]: 4795 (Loss: 0.4112)
[======================================  ]: 4796 (Loss: 0.3684)
[======================================  ]: 4797 (Loss: 0.4681)
[======================================= ]: 4798 (Loss: 0.2561)
[======================================= ]: 4799 (Loss: 0.4906)
[========================================]: 4800 (Loss: 0.3725)
                                                                                                    
[2026-07-16 21:07:33,829] [INFO] [__main__] Batch 4800 Loss: 0.380968 Cost: 7.22 Time: 75 ms/sequence

[                                        ]: 4801 (Loss: 0.4856)
[                                        ]: 4802 (Loss: 0.3364)
[=                                       ]: 4803 (Loss: 0.3420)
[=                                       ]: 4804 (Loss: 0.4517)
[==                                      ]: 4805 (Loss: 0.2591)
[==                                      ]: 4806 (Loss: 0.4562)
[==                                      ]: 4807 (Loss: 0.4162)
[===                                     ]: 4808 (Loss: 0.3562)
[===                                     ]: 4809 (Loss: 0.3730)
[====                                    ]: 4810 (Loss: 0.2753)
[====                                    ]: 4811 (Loss: 0.3540)
[====                                    ]: 4812 (Loss: 0.3170)
[=====                                   ]: 4813 (Loss: 0.4272)
[=====                                   ]: 4814 (Loss: 0.3457)
[======                                  ]: 4815 (Loss: 0.4343)
[======                                  ]: 4816 (Loss: 0.4866)
[======                                  ]: 4817 (Loss: 0.5287)
[=======                                 ]: 4818 (Loss: 0.5125)
[=======                                 ]: 4819 (Loss: 0.3066)
[========                                ]: 4820 (Loss: 0.3817)
[========                                ]: 4821 (Loss: 0.4219)
[========                                ]: 4822 (Loss: 0.4454)
[=========                               ]: 4823 (Loss: 0.4019)
[=========                               ]: 4824 (Loss: 0.2913)
[==========                              ]: 4825 (Loss: 0.3223)
[==========                              ]: 4826 (Loss: 0.4425)
[==========                              ]: 4827 (Loss: 0.3841)
[===========                             ]: 4828 (Loss: 0.2830)
[===========                             ]: 4829 (Loss: 0.2762)
[============                            ]: 4830 (Loss: 0.3050)
[============                            ]: 4831 (Loss: 0.2325)
[============                            ]: 4832 (Loss: 0.5313)
[=============                           ]: 4833 (Loss: 0.3913)
[=============                           ]: 4834 (Loss: 0.2521)
[==============                          ]: 4835 (Loss: 0.3355)
[==============                          ]: 4836 (Loss: 0.3857)
[==============                          ]: 4837 (Loss: 0.3660)
[===============                         ]: 4838 (Loss: 0.3026)
[===============                         ]: 4839 (Loss: 0.3083)
[================                        ]: 4840 (Loss: 0.3504)
[================                        ]: 4841 (Loss: 0.3819)
[================                        ]: 4842 (Loss: 0.3630)
[=================                       ]: 4843 (Loss: 0.3394)
[=================                       ]: 4844 (Loss: 0.2158)
[==================                      ]: 4845 (Loss: 0.2109)
[==================                      ]: 4846 (Loss: 0.3597)
[==================                      ]: 4847 (Loss: 0.1543)
[===================                     ]: 4848 (Loss: 0.2939)
[===================                     ]: 4849 (Loss: 0.2479)
[====================                    ]: 4850 (Loss: 0.3214)
[====================                    ]: 4851 (Loss: 0.4048)
[====================                    ]: 4852 (Loss: 0.3907)
[=====================                   ]: 4853 (Loss: 0.3562)
[=====================                   ]: 4854 (Loss: 0.4866)
[======================                  ]: 4855 (Loss: 0.5222)
[======================                  ]: 4856 (Loss: 0.4293)
[======================                  ]: 4857 (Loss: 0.3472)
[=======================                 ]: 4858 (Loss: 0.3751)
[=======================                 ]: 4859 (Loss: 0.3240)
[========================                ]: 4860 (Loss: 0.4049)
[========================                ]: 4861 (Loss: 0.3615)
[========================                ]: 4862 (Loss: 0.3570)
[=========================               ]: 4863 (Loss: 0.2772)
[=========================               ]: 4864 (Loss: 0.3253)
[==========================              ]: 4865 (Loss: 0.4741)
[==========================              ]: 4866 (Loss: 0.4017)
[==========================              ]: 4867 (Loss: 0.2980)
[===========================             ]: 4868 (Loss: 0.3506)
[===========================             ]: 4869 (Loss: 0.4123)
[============================            ]: 4870 (Loss: 0.2866)
[============================            ]: 4871 (Loss: 0.4018)
[============================            ]: 4872 (Loss: 0.3588)
[=============================           ]: 4873 (Loss: 0.3727)
[=============================           ]: 4874 (Loss: 0.3226)
[==============================          ]: 4875 (Loss: 0.3705)
[==============================          ]: 4876 (Loss: 0.5199)
[==============================          ]: 4877 (Loss: 0.3828)
[===============================         ]: 4878 (Loss: 0.3835)
[===============================         ]: 4879 (Loss: 0.5151)
[================================        ]: 4880 (Loss: 0.2850)
[================================        ]: 4881 (Loss: 0.2687)
[================================        ]: 4882 (Loss: 0.5134)
[=================================       ]: 4883 (Loss: 0.3462)
[=================================       ]: 4884 (Loss: 0.2850)
[==================================      ]: 4885 (Loss: 0.3398)
[==================================      ]: 4886 (Loss: 0.3459)
[==================================      ]: 4887 (Loss: 0.4546)
[===================================     ]: 4888 (Loss: 0.3717)
[===================================     ]: 4889 (Loss: 0.4573)
[====================================    ]: 4890 (Loss: 0.3146)
[====================================    ]: 4891 (Loss: 0.4268)
[====================================    ]: 4892 (Loss: 0.4193)
[=====================================   ]: 4893 (Loss: 0.1842)
[=====================================   ]: 4894 (Loss: 0.2961)
[======================================  ]: 4895 (Loss: 0.3972)
[======================================  ]: 4896 (Loss: 0.4264)
[======================================  ]: 4897 (Loss: 0.3634)
[======================================= ]: 4898 (Loss: 0.2409)
[======================================= ]: 4899 (Loss: 0.4863)
[========================================]: 4900 (Loss: 0.3961)
                                                                                                    
[2026-07-16 21:07:41,257] [INFO] [__main__] Batch 4900 Loss: 0.365956 Cost: 6.83 Time: 74 ms/sequence

[                                        ]: 4901 (Loss: 0.4658)
[                                        ]: 4902 (Loss: 0.2531)
[=                                       ]: 4903 (Loss: 0.3376)
[=                                       ]: 4904 (Loss: 0.3645)
[==                                      ]: 4905 (Loss: 0.3447)
[==                                      ]: 4906 (Loss: 0.3491)
[==                                      ]: 4907 (Loss: 0.4712)
[===                                     ]: 4908 (Loss: 0.3851)
[===                                     ]: 4909 (Loss: 0.3459)
[====                                    ]: 4910 (Loss: 0.3253)
[====                                    ]: 4911 (Loss: 0.2973)
[====                                    ]: 4912 (Loss: 0.2752)
[=====                                   ]: 4913 (Loss: 0.2775)
[=====                                   ]: 4914 (Loss: 0.3335)
[======                                  ]: 4915 (Loss: 0.3385)
[======                                  ]: 4916 (Loss: 0.2593)
[======                                  ]: 4917 (Loss: 0.3569)
[=======                                 ]: 4918 (Loss: 0.2791)
[=======                                 ]: 4919 (Loss: 0.3061)
[========                                ]: 4920 (Loss: 0.3990)
[========                                ]: 4921 (Loss: 0.2290)
[========                                ]: 4922 (Loss: 0.2507)
[=========                               ]: 4923 (Loss: 0.3225)
[=========                               ]: 4924 (Loss: 0.4018)
[==========                              ]: 4925 (Loss: 0.4238)
[==========                              ]: 4926 (Loss: 0.4363)
[==========                              ]: 4927 (Loss: 0.3140)
[===========                             ]: 4928 (Loss: 0.2886)
[===========                             ]: 4929 (Loss: 0.4007)
[============                            ]: 4930 (Loss: 0.2082)
[============                            ]: 4931 (Loss: 0.4302)
[============                            ]: 4932 (Loss: 0.3192)
[=============                           ]: 4933 (Loss: 0.4148)
[=============                           ]: 4934 (Loss: 0.3204)
[==============                          ]: 4935 (Loss: 0.4404)
[==============                          ]: 4936 (Loss: 0.5530)
[==============                          ]: 4937 (Loss: 0.3129)
[===============                         ]: 4938 (Loss: 0.3448)
[===============                         ]: 4939 (Loss: 0.2699)
[================                        ]: 4940 (Loss: 0.3270)
[================                        ]: 4941 (Loss: 0.3977)
[================                        ]: 4942 (Loss: 0.3501)
[=================                       ]: 4943 (Loss: 0.4597)
[=================                       ]: 4944 (Loss: 0.4090)
[==================                      ]: 4945 (Loss: 0.3791)
[==================                      ]: 4946 (Loss: 0.4576)
[==================                      ]: 4947 (Loss: 0.3178)
[===================                     ]: 4948 (Loss: 0.3698)
[===================                     ]: 4949 (Loss: 0.4086)
[====================                    ]: 4950 (Loss: 0.3342)
[====================                    ]: 4951 (Loss: 0.3915)
[====================                    ]: 4952 (Loss: 0.3415)
[=====================                   ]: 4953 (Loss: 0.4141)
[=====================                   ]: 4954 (Loss: 0.4184)
[======================                  ]: 4955 (Loss: 0.3746)
[======================                  ]: 4956 (Loss: 0.3277)
[======================                  ]: 4957 (Loss: 0.4124)
[=======================                 ]: 4958 (Loss: 0.2469)
[=======================                 ]: 4959 (Loss: 0.2941)
[========================                ]: 4960 (Loss: 0.4087)
[========================                ]: 4961 (Loss: 0.3894)
[========================                ]: 4962 (Loss: 0.3633)
[=========================               ]: 4963 (Loss: 0.3338)
[=========================               ]: 4964 (Loss: 0.2629)
[==========================              ]: 4965 (Loss: 0.5142)
[==========================              ]: 4966 (Loss: 0.4641)
[==========================              ]: 4967 (Loss: 0.4795)
[===========================             ]: 4968 (Loss: 0.4989)
[===========================             ]: 4969 (Loss: 0.4242)
[============================            ]: 4970 (Loss: 0.3742)
[============================            ]: 4971 (Loss: 0.3023)
[============================            ]: 4972 (Loss: 0.2950)
[=============================           ]: 4973 (Loss: 0.4380)
[=============================           ]: 4974 (Loss: 0.3301)
[==============================          ]: 4975 (Loss: 0.3025)
[==============================          ]: 4976 (Loss: 0.3770)
[==============================          ]: 4977 (Loss: 0.4275)
[===============================         ]: 4978 (Loss: 0.3223)
[===============================         ]: 4979 (Loss: 0.3380)
[================================        ]: 4980 (Loss: 0.3860)
[================================        ]: 4981 (Loss: 0.4392)
[================================        ]: 4982 (Loss: 0.4007)
[=================================       ]: 4983 (Loss: 0.4683)
[=================================       ]: 4984 (Loss: 0.4550)
[==================================      ]: 4985 (Loss: 0.3261)
[==================================      ]: 4986 (Loss: 0.4088)
[==================================      ]: 4987 (Loss: 0.3775)
[===================================     ]: 4988 (Loss: 0.3168)
[===================================     ]: 4989 (Loss: 0.2956)
[====================================    ]: 4990 (Loss: 0.2408)
[====================================    ]: 4991 (Loss: 0.4435)
[====================================    ]: 4992 (Loss: 0.2885)
[=====================================   ]: 4993 (Loss: 0.3380)
[=====================================   ]: 4994 (Loss: 0.2799)
[======================================  ]: 4995 (Loss: 0.3423)
[======================================  ]: 4996 (Loss: 0.3635)
[======================================  ]: 4997 (Loss: 0.4768)
[======================================= ]: 4998 (Loss: 0.3746)
[======================================= ]: 4999 (Loss: 0.3290)
[========================================]: 5000 (Loss: 0.4323)
                                                                                                    
[2026-07-16 21:07:50,833] [INFO] [__main__] Batch 5000 Loss: 0.363072 Cost: 6.77 Time: 95 ms/sequence

                                                                                                    
[2026-07-16 21:07:50,835] [INFO] [__main__] Saving checkpoint to 'runs\copy_sanity_len5\copy\none\seed_1001\checkpoint-batch-00005000.pt'

                                                                                                    
[2026-07-16 21:07:51,028] [INFO] [__main__] Saving checkpoint to 'runs\copy_sanity_len5\copy\none\seed_1001\checkpoint-final.pt'
[2026-07-16 21:07:51,222] [INFO] [__main__] Done training.
