[2026-07-16 22:26:17,280] [INFO] [__main__] Using seed=1002
[2026-07-16 22:26:18,709] [INFO] [__main__] Training for the **copy** task
[2026-07-16 22:26:18,711] [INFO] [__main__] CopyTaskParams(name='copy-task', controller_size=100, controller_layers=1, num_heads=1, sequence_width=8, sequence_min_len=5, sequence_max_len=5, memory_n=128, memory_m=20, num_batches=5000, batch_size=1, rmsprop_lr=0.0001, rmsprop_momentum=0.9, rmsprop_alpha=0.95, advice_type='combined', advice_size=16, advice_strength=1.0, advice_random_seed=1729)
[2026-07-16 22:26:24,177] [INFO] [__main__] Total number of parameters: 69260
[2026-07-16 22:26:24,179] [INFO] [__main__] Training model for 5000 batches (batch_size=1)...

[                                        ]: 1 (Loss: 0.7327)
[                                        ]: 2 (Loss: 0.6741)
[=                                       ]: 3 (Loss: 0.6603)
[=                                       ]: 4 (Loss: 0.7010)
[==                                      ]: 5 (Loss: 0.6457)
[==                                      ]: 6 (Loss: 0.6551)
[==                                      ]: 7 (Loss: 0.7070)
[===                                     ]: 8 (Loss: 0.6825)
[===                                     ]: 9 (Loss: 0.7120)
[====                                    ]: 10 (Loss: 0.7185)
[====                                    ]: 11 (Loss: 0.7132)
[====                                    ]: 12 (Loss: 0.6701)
[=====                                   ]: 13 (Loss: 0.7353)
[=====                                   ]: 14 (Loss: 0.7155)
[======                                  ]: 15 (Loss: 0.7060)
[======                                  ]: 16 (Loss: 0.7571)
[======                                  ]: 17 (Loss: 0.6970)
[=======                                 ]: 18 (Loss: 0.6996)
[=======                                 ]: 19 (Loss: 0.6961)
[========                                ]: 20 (Loss: 0.7156)
[========                                ]: 21 (Loss: 0.7074)
[========                                ]: 22 (Loss: 0.6931)
[=========                               ]: 23 (Loss: 0.7271)
[=========                               ]: 24 (Loss: 0.7170)
[==========                              ]: 25 (Loss: 0.6942)
[==========                              ]: 26 (Loss: 0.6867)
[==========                              ]: 27 (Loss: 0.6801)
[===========                             ]: 28 (Loss: 0.6967)
[===========                             ]: 29 (Loss: 0.7076)
[============                            ]: 30 (Loss: 0.7095)
[============                            ]: 31 (Loss: 0.7132)
[============                            ]: 32 (Loss: 0.7037)
[=============                           ]: 33 (Loss: 0.7008)
[=============                           ]: 34 (Loss: 0.6692)
[==============                          ]: 35 (Loss: 0.6995)
[==============                          ]: 36 (Loss: 0.7041)
[==============                          ]: 37 (Loss: 0.6921)
[===============                         ]: 38 (Loss: 0.6924)
[===============                         ]: 39 (Loss: 0.6905)
[================                        ]: 40 (Loss: 0.6740)
[================                        ]: 41 (Loss: 0.6608)
[================                        ]: 42 (Loss: 0.6935)
[=================                       ]: 43 (Loss: 0.7113)
[=================                       ]: 44 (Loss: 0.7496)
[==================                      ]: 45 (Loss: 0.7403)
[==================                      ]: 46 (Loss: 0.7393)
[==================                      ]: 47 (Loss: 0.7240)
[===================                     ]: 48 (Loss: 0.6980)
[===================                     ]: 49 (Loss: 0.7028)
[====================                    ]: 50 (Loss: 0.7103)
[====================                    ]: 51 (Loss: 0.6742)
[====================                    ]: 52 (Loss: 0.7101)
[=====================                   ]: 53 (Loss: 0.7067)
[=====================                   ]: 54 (Loss: 0.7014)
[======================                  ]: 55 (Loss: 0.6938)
[======================                  ]: 56 (Loss: 0.6970)
[======================                  ]: 57 (Loss: 0.6923)
[=======================                 ]: 58 (Loss: 0.6898)
[=======================                 ]: 59 (Loss: 0.6799)
[========================                ]: 60 (Loss: 0.6719)
[========================                ]: 61 (Loss: 0.6899)
[========================                ]: 62 (Loss: 0.6967)
[=========================               ]: 63 (Loss: 0.6801)
[=========================               ]: 64 (Loss: 0.6962)
[==========================              ]: 65 (Loss: 0.7073)
[==========================              ]: 66 (Loss: 0.6596)
[==========================              ]: 67 (Loss: 0.6888)
[===========================             ]: 68 (Loss: 0.6835)
[===========================             ]: 69 (Loss: 0.7091)
[============================            ]: 70 (Loss: 0.6820)
[============================            ]: 71 (Loss: 0.6802)
[============================            ]: 72 (Loss: 0.6690)
[=============================           ]: 73 (Loss: 0.6843)
[=============================           ]: 74 (Loss: 0.6858)
[==============================          ]: 75 (Loss: 0.6962)
[==============================          ]: 76 (Loss: 0.6759)
[==============================          ]: 77 (Loss: 0.6975)
[===============================         ]: 78 (Loss: 0.6893)
[===============================         ]: 79 (Loss: 0.6823)
[================================        ]: 80 (Loss: 0.6836)
[================================        ]: 81 (Loss: 0.6604)
[================================        ]: 82 (Loss: 0.6885)
[=================================       ]: 83 (Loss: 0.6802)
[=================================       ]: 84 (Loss: 0.6851)
[==================================      ]: 85 (Loss: 0.6627)
[==================================      ]: 86 (Loss: 0.7071)
[==================================      ]: 87 (Loss: 0.6845)
[===================================     ]: 88 (Loss: 0.7012)
[===================================     ]: 89 (Loss: 0.6581)
[====================================    ]: 90 (Loss: 0.6898)
[====================================    ]: 91 (Loss: 0.6425)
[====================================    ]: 92 (Loss: 0.6902)
[=====================================   ]: 93 (Loss: 0.6891)
[=====================================   ]: 94 (Loss: 0.6940)
[======================================  ]: 95 (Loss: 0.6823)
[======================================  ]: 96 (Loss: 0.6823)
[======================================  ]: 97 (Loss: 0.6577)
[======================================= ]: 98 (Loss: 0.6895)
[======================================= ]: 99 (Loss: 0.6872)
[========================================]: 100 (Loss: 0.6956)
                                                                                                    
[2026-07-16 22:26:44,164] [INFO] [__main__] Batch 100 Loss: 0.693660 Cost: 18.99 Time: 199 ms/sequence
[2026-07-16 22:26:44,165] [INFO] [__main__] Advice weight norm: 19.188881 | Advice gradient norm: 0.121379

[                                        ]: 101 (Loss: 0.6597)
[                                        ]: 102 (Loss: 0.7136)
[=                                       ]: 103 (Loss: 0.6963)
[=                                       ]: 104 (Loss: 0.6944)
[==                                      ]: 105 (Loss: 0.7020)
[==                                      ]: 106 (Loss: 0.6901)
[==                                      ]: 107 (Loss: 0.6848)
[===                                     ]: 108 (Loss: 0.6435)
[===                                     ]: 109 (Loss: 0.6659)
[====                                    ]: 110 (Loss: 0.7090)
[====                                    ]: 111 (Loss: 0.6635)
[====                                    ]: 112 (Loss: 0.6711)
[=====                                   ]: 113 (Loss: 0.6682)
[=====                                   ]: 114 (Loss: 0.6417)
[======                                  ]: 115 (Loss: 0.6722)
[======                                  ]: 116 (Loss: 0.6464)
[======                                  ]: 117 (Loss: 0.6677)
[=======                                 ]: 118 (Loss: 0.6877)
[=======                                 ]: 119 (Loss: 0.6754)
[========                                ]: 120 (Loss: 0.6785)
[========                                ]: 121 (Loss: 0.6732)
[========                                ]: 122 (Loss: 0.6996)
[=========                               ]: 123 (Loss: 0.6414)
[=========                               ]: 124 (Loss: 0.6653)
[==========                              ]: 125 (Loss: 0.6521)
[==========                              ]: 126 (Loss: 0.6344)
[==========                              ]: 127 (Loss: 0.6209)
[===========                             ]: 128 (Loss: 0.6336)
[===========                             ]: 129 (Loss: 0.6583)
[============                            ]: 130 (Loss: 0.7059)
[============                            ]: 131 (Loss: 0.7014)
[============                            ]: 132 (Loss: 0.6546)
[=============                           ]: 133 (Loss: 0.6621)
[=============                           ]: 134 (Loss: 0.6119)
[==============                          ]: 135 (Loss: 0.6731)
[==============                          ]: 136 (Loss: 0.6246)
[==============                          ]: 137 (Loss: 0.6930)
[===============                         ]: 138 (Loss: 0.6935)
[===============                         ]: 139 (Loss: 0.6752)
[================                        ]: 140 (Loss: 0.6535)
[================                        ]: 141 (Loss: 0.6978)
[================                        ]: 142 (Loss: 0.6669)
[=================                       ]: 143 (Loss: 0.6422)
[=================                       ]: 144 (Loss: 0.6601)
[==================                      ]: 145 (Loss: 0.6733)
[==================                      ]: 146 (Loss: 0.6563)
[==================                      ]: 147 (Loss: 0.6808)
[===================                     ]: 148 (Loss: 0.6437)
[===================                     ]: 149 (Loss: 0.6832)
[====================                    ]: 150 (Loss: 0.6377)
[====================                    ]: 151 (Loss: 0.6321)
[====================                    ]: 152 (Loss: 0.6822)
[=====================                   ]: 153 (Loss: 0.6719)
[=====================                   ]: 154 (Loss: 0.6345)
[======================                  ]: 155 (Loss: 0.6591)
[======================                  ]: 156 (Loss: 0.6504)
[======================                  ]: 157 (Loss: 0.6562)
[=======================                 ]: 158 (Loss: 0.6685)
[=======================                 ]: 159 (Loss: 0.6283)
[========================                ]: 160 (Loss: 0.6385)
[========================                ]: 161 (Loss: 0.6578)
[========================                ]: 162 (Loss: 0.6317)
[=========================               ]: 163 (Loss: 0.6128)
[=========================               ]: 164 (Loss: 0.6440)
[==========================              ]: 165 (Loss: 0.6579)
[==========================              ]: 166 (Loss: 0.6935)
[==========================              ]: 167 (Loss: 0.6348)
[===========================             ]: 168 (Loss: 0.6853)
[===========================             ]: 169 (Loss: 0.6684)
[============================            ]: 170 (Loss: 0.6898)
[============================            ]: 171 (Loss: 0.6290)
[============================            ]: 172 (Loss: 0.6371)
[=============================           ]: 173 (Loss: 0.6000)
[=============================           ]: 174 (Loss: 0.6566)
[==============================          ]: 175 (Loss: 0.6436)
[==============================          ]: 176 (Loss: 0.6185)
[==============================          ]: 177 (Loss: 0.6340)
[===============================         ]: 178 (Loss: 0.6322)
[===============================         ]: 179 (Loss: 0.6479)
[================================        ]: 180 (Loss: 0.6694)
[================================        ]: 181 (Loss: 0.6259)
[================================        ]: 182 (Loss: 0.6136)
[=================================       ]: 183 (Loss: 0.6583)
[=================================       ]: 184 (Loss: 0.6561)
[==================================      ]: 185 (Loss: 0.6838)
[==================================      ]: 186 (Loss: 0.6332)
[==================================      ]: 187 (Loss: 0.6611)
[===================================     ]: 188 (Loss: 0.6713)
[===================================     ]: 189 (Loss: 0.6466)
[====================================    ]: 190 (Loss: 0.6493)
[====================================    ]: 191 (Loss: 0.6330)
[====================================    ]: 192 (Loss: 0.6488)
[=====================================   ]: 193 (Loss: 0.6648)
[=====================================   ]: 194 (Loss: 0.6283)
[======================================  ]: 195 (Loss: 0.6921)
[======================================  ]: 196 (Loss: 0.6641)
[======================================  ]: 197 (Loss: 0.6916)
[======================================= ]: 198 (Loss: 0.6215)
[======================================= ]: 199 (Loss: 0.6934)
[========================================]: 200 (Loss: 0.6330)
                                                                                                    
[2026-07-16 22:26:57,544] [INFO] [__main__] Batch 200 Loss: 0.659374 Cost: 15.73 Time: 133 ms/sequence
[2026-07-16 22:26:57,544] [INFO] [__main__] Advice weight norm: 19.180706 | Advice gradient norm: 0.221921

[                                        ]: 201 (Loss: 0.6045)
[                                        ]: 202 (Loss: 0.6580)
[=                                       ]: 203 (Loss: 0.6371)
[=                                       ]: 204 (Loss: 0.6741)
[==                                      ]: 205 (Loss: 0.6355)
[==                                      ]: 206 (Loss: 0.6479)
[==                                      ]: 207 (Loss: 0.5983)
[===                                     ]: 208 (Loss: 0.6377)
[===                                     ]: 209 (Loss: 0.5863)
[====                                    ]: 210 (Loss: 0.6446)
[====                                    ]: 211 (Loss: 0.6188)
[====                                    ]: 212 (Loss: 0.6049)
[=====                                   ]: 213 (Loss: 0.6095)
[=====                                   ]: 214 (Loss: 0.6326)
[======                                  ]: 215 (Loss: 0.6364)
[======                                  ]: 216 (Loss: 0.6231)
[======                                  ]: 217 (Loss: 0.5983)
[=======                                 ]: 218 (Loss: 0.5885)
[=======                                 ]: 219 (Loss: 0.5973)
[========                                ]: 220 (Loss: 0.6517)
[========                                ]: 221 (Loss: 0.6481)
[========                                ]: 222 (Loss: 0.6063)
[=========                               ]: 223 (Loss: 0.6186)
[=========                               ]: 224 (Loss: 0.6685)
[==========                              ]: 225 (Loss: 0.6385)
[==========                              ]: 226 (Loss: 0.6611)
[==========                              ]: 227 (Loss: 0.6816)
[===========                             ]: 228 (Loss: 0.6284)
[===========                             ]: 229 (Loss: 0.5973)
[============                            ]: 230 (Loss: 0.5925)
[============                            ]: 231 (Loss: 0.6837)
[============                            ]: 232 (Loss: 0.6004)
[=============                           ]: 233 (Loss: 0.6245)
[=============                           ]: 234 (Loss: 0.6774)
[==============                          ]: 235 (Loss: 0.5904)
[==============                          ]: 236 (Loss: 0.6701)
[==============                          ]: 237 (Loss: 0.5810)
[===============                         ]: 238 (Loss: 0.6353)
[===============                         ]: 239 (Loss: 0.6350)
[================                        ]: 240 (Loss: 0.6615)
[================                        ]: 241 (Loss: 0.6444)
[================                        ]: 242 (Loss: 0.5927)
[=================                       ]: 243 (Loss: 0.6314)
[=================                       ]: 244 (Loss: 0.6050)
[==================                      ]: 245 (Loss: 0.6384)
[==================                      ]: 246 (Loss: 0.6464)
[==================                      ]: 247 (Loss: 0.5922)
[===================                     ]: 248 (Loss: 0.5810)
[===================                     ]: 249 (Loss: 0.6545)
[====================                    ]: 250 (Loss: 0.6278)
[====================                    ]: 251 (Loss: 0.6508)
[====================                    ]: 252 (Loss: 0.6316)
[=====================                   ]: 253 (Loss: 0.6568)
[=====================                   ]: 254 (Loss: 0.6307)
[======================                  ]: 255 (Loss: 0.6181)
[======================                  ]: 256 (Loss: 0.6428)
[======================                  ]: 257 (Loss: 0.6397)
[=======================                 ]: 258 (Loss: 0.6247)
[=======================                 ]: 259 (Loss: 0.6212)
[========================                ]: 260 (Loss: 0.6095)
[========================                ]: 261 (Loss: 0.6797)
[========================                ]: 262 (Loss: 0.5701)
[=========================               ]: 263 (Loss: 0.5710)
[=========================               ]: 264 (Loss: 0.5953)
[==========================              ]: 265 (Loss: 0.6463)
[==========================              ]: 266 (Loss: 0.6349)
[==========================              ]: 267 (Loss: 0.5849)
[===========================             ]: 268 (Loss: 0.6073)
[===========================             ]: 269 (Loss: 0.6448)
[============================            ]: 270 (Loss: 0.6382)
[============================            ]: 271 (Loss: 0.6638)
[============================            ]: 272 (Loss: 0.6268)
[=============================           ]: 273 (Loss: 0.6727)
[=============================           ]: 274 (Loss: 0.6507)
[==============================          ]: 275 (Loss: 0.5411)
[==============================          ]: 276 (Loss: 0.6645)
[==============================          ]: 277 (Loss: 0.6685)
[===============================         ]: 278 (Loss: 0.6332)
[===============================         ]: 279 (Loss: 0.6662)
[================================        ]: 280 (Loss: 0.6261)
[================================        ]: 281 (Loss: 0.6873)
[================================        ]: 282 (Loss: 0.6050)
[=================================       ]: 283 (Loss: 0.6251)
[=================================       ]: 284 (Loss: 0.6434)
[==================================      ]: 285 (Loss: 0.6157)
[==================================      ]: 286 (Loss: 0.5596)
[==================================      ]: 287 (Loss: 0.6647)
[===================================     ]: 288 (Loss: 0.6259)
[===================================     ]: 289 (Loss: 0.6183)
[====================================    ]: 290 (Loss: 0.6416)
[====================================    ]: 291 (Loss: 0.6102)
[====================================    ]: 292 (Loss: 0.6469)
[=====================================   ]: 293 (Loss: 0.6434)
[=====================================   ]: 294 (Loss: 0.6466)
[======================================  ]: 295 (Loss: 0.6656)
[======================================  ]: 296 (Loss: 0.5976)
[======================================  ]: 297 (Loss: 0.6594)
[======================================= ]: 298 (Loss: 0.6085)
[======================================= ]: 299 (Loss: 0.6267)
[========================================]: 300 (Loss: 0.5962)
                                                                                                    
[2026-07-16 22:27:05,641] [INFO] [__main__] Batch 300 Loss: 0.628989 Cost: 14.08 Time: 80 ms/sequence
[2026-07-16 22:27:05,641] [INFO] [__main__] Advice weight norm: 19.181980 | Advice gradient norm: 0.251647

[                                        ]: 301 (Loss: 0.6512)
[                                        ]: 302 (Loss: 0.6657)
[=                                       ]: 303 (Loss: 0.6443)
[=                                       ]: 304 (Loss: 0.6516)
[==                                      ]: 305 (Loss: 0.6001)
[==                                      ]: 306 (Loss: 0.5554)
[==                                      ]: 307 (Loss: 0.6329)
[===                                     ]: 308 (Loss: 0.6068)
[===                                     ]: 309 (Loss: 0.6396)
[====                                    ]: 310 (Loss: 0.6932)
[====                                    ]: 311 (Loss: 0.6283)
[====                                    ]: 312 (Loss: 0.5996)
[=====                                   ]: 313 (Loss: 0.6154)
[=====                                   ]: 314 (Loss: 0.6349)
[======                                  ]: 315 (Loss: 0.5848)
[======                                  ]: 316 (Loss: 0.5929)
[======                                  ]: 317 (Loss: 0.5959)
[=======                                 ]: 318 (Loss: 0.5485)
[=======                                 ]: 319 (Loss: 0.6137)
[========                                ]: 320 (Loss: 0.6799)
[========                                ]: 321 (Loss: 0.5826)
[========                                ]: 322 (Loss: 0.6190)
[=========                               ]: 323 (Loss: 0.6311)
[=========                               ]: 324 (Loss: 0.5688)
[==========                              ]: 325 (Loss: 0.6457)
[==========                              ]: 326 (Loss: 0.5652)
[==========                              ]: 327 (Loss: 0.6581)
[===========                             ]: 328 (Loss: 0.5775)
[===========                             ]: 329 (Loss: 0.6234)
[============                            ]: 330 (Loss: 0.5899)
[============                            ]: 331 (Loss: 0.6643)
[============                            ]: 332 (Loss: 0.6404)
[=============                           ]: 333 (Loss: 0.5947)
[=============                           ]: 334 (Loss: 0.6603)
[==============                          ]: 335 (Loss: 0.4920)
[==============                          ]: 336 (Loss: 0.5915)
[==============                          ]: 337 (Loss: 0.5889)
[===============                         ]: 338 (Loss: 0.6256)
[===============                         ]: 339 (Loss: 0.6522)
[================                        ]: 340 (Loss: 0.5705)
[================                        ]: 341 (Loss: 0.5873)
[================                        ]: 342 (Loss: 0.5456)
[=================                       ]: 343 (Loss: 0.6257)
[=================                       ]: 344 (Loss: 0.6045)
[==================                      ]: 345 (Loss: 0.6330)
[==================                      ]: 346 (Loss: 0.6418)
[==================                      ]: 347 (Loss: 0.6021)
[===================                     ]: 348 (Loss: 0.6351)
[===================                     ]: 349 (Loss: 0.6663)
[====================                    ]: 350 (Loss: 0.5814)
[====================                    ]: 351 (Loss: 0.6641)
[====================                    ]: 352 (Loss: 0.6458)
[=====================                   ]: 353 (Loss: 0.6695)
[=====================                   ]: 354 (Loss: 0.6213)
[======================                  ]: 355 (Loss: 0.5589)
[======================                  ]: 356 (Loss: 0.6572)
[======================                  ]: 357 (Loss: 0.5866)
[=======================                 ]: 358 (Loss: 0.6617)
[=======================                 ]: 359 (Loss: 0.6191)
[========================                ]: 360 (Loss: 0.6134)
[========================                ]: 361 (Loss: 0.6318)
[========================                ]: 362 (Loss: 0.5569)
[=========================               ]: 363 (Loss: 0.6413)
[=========================               ]: 364 (Loss: 0.5846)
[==========================              ]: 365 (Loss: 0.6213)
[==========================              ]: 366 (Loss: 0.5533)
[==========================              ]: 367 (Loss: 0.6079)
[===========================             ]: 368 (Loss: 0.6048)
[===========================             ]: 369 (Loss: 0.5667)
[============================            ]: 370 (Loss: 0.6024)
[============================            ]: 371 (Loss: 0.5906)
[============================            ]: 372 (Loss: 0.6212)
[=============================           ]: 373 (Loss: 0.5892)
[=============================           ]: 374 (Loss: 0.5924)
[==============================          ]: 375 (Loss: 0.6390)
[==============================          ]: 376 (Loss: 0.5653)
[==============================          ]: 377 (Loss: 0.5915)
[===============================         ]: 378 (Loss: 0.6047)
[===============================         ]: 379 (Loss: 0.5682)
[================================        ]: 380 (Loss: 0.5723)
[================================        ]: 381 (Loss: 0.6069)
[================================        ]: 382 (Loss: 0.5964)
[=================================       ]: 383 (Loss: 0.5467)
[=================================       ]: 384 (Loss: 0.6163)
[==================================      ]: 385 (Loss: 0.6177)
[==================================      ]: 386 (Loss: 0.6175)
[==================================      ]: 387 (Loss: 0.6292)
[===================================     ]: 388 (Loss: 0.5733)
[===================================     ]: 389 (Loss: 0.6720)
[====================================    ]: 390 (Loss: 0.6204)
[====================================    ]: 391 (Loss: 0.5253)
[====================================    ]: 392 (Loss: 0.6510)
[=====================================   ]: 393 (Loss: 0.6276)
[=====================================   ]: 394 (Loss: 0.5733)
[======================================  ]: 395 (Loss: 0.5572)
[======================================  ]: 396 (Loss: 0.5820)
[======================================  ]: 397 (Loss: 0.5737)
[======================================= ]: 398 (Loss: 0.5870)
[======================================= ]: 399 (Loss: 0.5882)
[========================================]: 400 (Loss: 0.5884)
                                                                                                    
[2026-07-16 22:27:13,737] [INFO] [__main__] Batch 400 Loss: 0.608528 Cost: 13.25 Time: 80 ms/sequence
[2026-07-16 22:27:13,738] [INFO] [__main__] Advice weight norm: 19.163250 | Advice gradient norm: 0.275752

[                                        ]: 401 (Loss: 0.5488)
[                                        ]: 402 (Loss: 0.5765)
[=                                       ]: 403 (Loss: 0.6060)
[=                                       ]: 404 (Loss: 0.6201)
[==                                      ]: 405 (Loss: 0.6308)
[==                                      ]: 406 (Loss: 0.6901)
[==                                      ]: 407 (Loss: 0.6191)
[===                                     ]: 408 (Loss: 0.6637)
[===                                     ]: 409 (Loss: 0.5474)
[====                                    ]: 410 (Loss: 0.6867)
[====                                    ]: 411 (Loss: 0.6470)
[====                                    ]: 412 (Loss: 0.6083)
[=====                                   ]: 413 (Loss: 0.6572)
[=====                                   ]: 414 (Loss: 0.6532)
[======                                  ]: 415 (Loss: 0.5793)
[======                                  ]: 416 (Loss: 0.5778)
[======                                  ]: 417 (Loss: 0.6541)
[=======                                 ]: 418 (Loss: 0.6451)
[=======                                 ]: 419 (Loss: 0.5841)
[========                                ]: 420 (Loss: 0.6586)
[========                                ]: 421 (Loss: 0.5162)
[========                                ]: 422 (Loss: 0.6151)
[=========                               ]: 423 (Loss: 0.6204)
[=========                               ]: 424 (Loss: 0.6056)
[==========                              ]: 425 (Loss: 0.6229)
[==========                              ]: 426 (Loss: 0.5970)
[==========                              ]: 427 (Loss: 0.6494)
[===========                             ]: 428 (Loss: 0.6004)
[===========                             ]: 429 (Loss: 0.5917)
[============                            ]: 430 (Loss: 0.6591)
[============                            ]: 431 (Loss: 0.5904)
[============                            ]: 432 (Loss: 0.6267)
[=============                           ]: 433 (Loss: 0.5478)
[=============                           ]: 434 (Loss: 0.6099)
[==============                          ]: 435 (Loss: 0.6169)
[==============                          ]: 436 (Loss: 0.6489)
[==============                          ]: 437 (Loss: 0.6899)
[===============                         ]: 438 (Loss: 0.6556)
[===============                         ]: 439 (Loss: 0.5629)
[================                        ]: 440 (Loss: 0.6521)
[================                        ]: 441 (Loss: 0.5664)
[================                        ]: 442 (Loss: 0.5544)
[=================                       ]: 443 (Loss: 0.5892)
[=================                       ]: 444 (Loss: 0.6694)
[==================                      ]: 445 (Loss: 0.6088)
[==================                      ]: 446 (Loss: 0.6220)
[==================                      ]: 447 (Loss: 0.6340)
[===================                     ]: 448 (Loss: 0.5593)
[===================                     ]: 449 (Loss: 0.6551)
[====================                    ]: 450 (Loss: 0.5832)
[====================                    ]: 451 (Loss: 0.6597)
[====================                    ]: 452 (Loss: 0.6333)
[=====================                   ]: 453 (Loss: 0.6110)
[=====================                   ]: 454 (Loss: 0.6413)
[======================                  ]: 455 (Loss: 0.5556)
[======================                  ]: 456 (Loss: 0.6316)
[======================                  ]: 457 (Loss: 0.5679)
[=======================                 ]: 458 (Loss: 0.6412)
[=======================                 ]: 459 (Loss: 0.6442)
[========================                ]: 460 (Loss: 0.6173)
[========================                ]: 461 (Loss: 0.5878)
[========================                ]: 462 (Loss: 0.5974)
[=========================               ]: 463 (Loss: 0.5894)
[=========================               ]: 464 (Loss: 0.6515)
[==========================              ]: 465 (Loss: 0.5473)
[==========================              ]: 466 (Loss: 0.6199)
[==========================              ]: 467 (Loss: 0.5736)
[===========================             ]: 468 (Loss: 0.6205)
[===========================             ]: 469 (Loss: 0.5916)
[============================            ]: 470 (Loss: 0.6626)
[============================            ]: 471 (Loss: 0.6078)
[============================            ]: 472 (Loss: 0.5087)
[=============================           ]: 473 (Loss: 0.6492)
[=============================           ]: 474 (Loss: 0.5070)
[==============================          ]: 475 (Loss: 0.5331)
[==============================          ]: 476 (Loss: 0.5489)
[==============================          ]: 477 (Loss: 0.5646)
[===============================         ]: 478 (Loss: 0.6011)
[===============================         ]: 479 (Loss: 0.6702)
[================================        ]: 480 (Loss: 0.6024)
[================================        ]: 481 (Loss: 0.6094)
[================================        ]: 482 (Loss: 0.6051)
[=================================       ]: 483 (Loss: 0.6127)
[=================================       ]: 484 (Loss: 0.6050)
[==================================      ]: 485 (Loss: 0.5614)
[==================================      ]: 486 (Loss: 0.6419)
[==================================      ]: 487 (Loss: 0.6251)
[===================================     ]: 488 (Loss: 0.6667)
[===================================     ]: 489 (Loss: 0.5948)
[====================================    ]: 490 (Loss: 0.5476)
[====================================    ]: 491 (Loss: 0.5717)
[====================================    ]: 492 (Loss: 0.6329)
[=====================================   ]: 493 (Loss: 0.6131)
[=====================================   ]: 494 (Loss: 0.6273)
[======================================  ]: 495 (Loss: 0.6213)
[======================================  ]: 496 (Loss: 0.6180)
[======================================  ]: 497 (Loss: 0.5678)
[======================================= ]: 498 (Loss: 0.5961)
[======================================= ]: 499 (Loss: 0.5716)
[========================================]: 500 (Loss: 0.6631)
                                                                                                    
[2026-07-16 22:27:22,348] [INFO] [__main__] Batch 500 Loss: 0.609642 Cost: 13.34 Time: 86 ms/sequence
[2026-07-16 22:27:22,348] [INFO] [__main__] Advice weight norm: 19.156479 | Advice gradient norm: 0.312551

[                                        ]: 501 (Loss: 0.5803)
[                                        ]: 502 (Loss: 0.4682)
[=                                       ]: 503 (Loss: 0.5575)
[=                                       ]: 504 (Loss: 0.6143)
[==                                      ]: 505 (Loss: 0.5564)
[==                                      ]: 506 (Loss: 0.5238)
[==                                      ]: 507 (Loss: 0.6106)
[===                                     ]: 508 (Loss: 0.5974)
[===                                     ]: 509 (Loss: 0.5280)
[====                                    ]: 510 (Loss: 0.6442)
[====                                    ]: 511 (Loss: 0.5870)
[====                                    ]: 512 (Loss: 0.5858)
[=====                                   ]: 513 (Loss: 0.5900)
[=====                                   ]: 514 (Loss: 0.6404)
[======                                  ]: 515 (Loss: 0.5976)
[======                                  ]: 516 (Loss: 0.6379)
[======                                  ]: 517 (Loss: 0.5766)
[=======                                 ]: 518 (Loss: 0.6426)
[=======                                 ]: 519 (Loss: 0.5408)
[========                                ]: 520 (Loss: 0.5790)
[========                                ]: 521 (Loss: 0.6090)
[========                                ]: 522 (Loss: 0.6613)
[=========                               ]: 523 (Loss: 0.5531)
[=========                               ]: 524 (Loss: 0.6131)
[==========                              ]: 525 (Loss: 0.5576)
[==========                              ]: 526 (Loss: 0.5463)
[==========                              ]: 527 (Loss: 0.5960)
[===========                             ]: 528 (Loss: 0.5784)
[===========                             ]: 529 (Loss: 0.5975)
[============                            ]: 530 (Loss: 0.5686)
[============                            ]: 531 (Loss: 0.5737)
[============                            ]: 532 (Loss: 0.6654)
[=============                           ]: 533 (Loss: 0.5688)
[=============                           ]: 534 (Loss: 0.5454)
[==============                          ]: 535 (Loss: 0.5449)
[==============                          ]: 536 (Loss: 0.5669)
[==============                          ]: 537 (Loss: 0.6341)
[===============                         ]: 538 (Loss: 0.6051)
[===============                         ]: 539 (Loss: 0.5750)
[================                        ]: 540 (Loss: 0.6020)
[================                        ]: 541 (Loss: 0.6737)
[================                        ]: 542 (Loss: 0.5300)
[=================                       ]: 543 (Loss: 0.5827)
[=================                       ]: 544 (Loss: 0.6319)
[==================                      ]: 545 (Loss: 0.6242)
[==================                      ]: 546 (Loss: 0.5970)
[==================                      ]: 547 (Loss: 0.5849)
[===================                     ]: 548 (Loss: 0.5657)
[===================                     ]: 549 (Loss: 0.6012)
[====================                    ]: 550 (Loss: 0.6205)
[====================                    ]: 551 (Loss: 0.6376)
[====================                    ]: 552 (Loss: 0.6198)
[=====================                   ]: 553 (Loss: 0.5168)
[=====================                   ]: 554 (Loss: 0.6164)
[======================                  ]: 555 (Loss: 0.5288)
[======================                  ]: 556 (Loss: 0.6072)
[======================                  ]: 557 (Loss: 0.5589)
[=======================                 ]: 558 (Loss: 0.6117)
[=======================                 ]: 559 (Loss: 0.6032)
[========================                ]: 560 (Loss: 0.6189)
[========================                ]: 561 (Loss: 0.5307)
[========================                ]: 562 (Loss: 0.5785)
[=========================               ]: 563 (Loss: 0.5957)
[=========================               ]: 564 (Loss: 0.5907)
[==========================              ]: 565 (Loss: 0.5916)
[==========================              ]: 566 (Loss: 0.6691)
[==========================              ]: 567 (Loss: 0.6182)
[===========================             ]: 568 (Loss: 0.5092)
[===========================             ]: 569 (Loss: 0.6169)
[============================            ]: 570 (Loss: 0.5242)
[============================            ]: 571 (Loss: 0.5559)
[============================            ]: 572 (Loss: 0.6397)
[=============================           ]: 573 (Loss: 0.5804)
[=============================           ]: 574 (Loss: 0.6221)
[==============================          ]: 575 (Loss: 0.5568)
[==============================          ]: 576 (Loss: 0.5767)
[==============================          ]: 577 (Loss: 0.5517)
[===============================         ]: 578 (Loss: 0.5647)
[===============================         ]: 579 (Loss: 0.6149)
[================================        ]: 580 (Loss: 0.5773)
[================================        ]: 581 (Loss: 0.6338)
[================================        ]: 582 (Loss: 0.5907)
[=================================       ]: 583 (Loss: 0.5663)
[=================================       ]: 584 (Loss: 0.5299)
[==================================      ]: 585 (Loss: 0.5312)
[==================================      ]: 586 (Loss: 0.5552)
[==================================      ]: 587 (Loss: 0.6332)
[===================================     ]: 588 (Loss: 0.4787)
[===================================     ]: 589 (Loss: 0.5332)
[====================================    ]: 590 (Loss: 0.6017)
[====================================    ]: 591 (Loss: 0.6040)
[====================================    ]: 592 (Loss: 0.6328)
[=====================================   ]: 593 (Loss: 0.5260)
[=====================================   ]: 594 (Loss: 0.5003)
[======================================  ]: 595 (Loss: 0.6336)
[======================================  ]: 596 (Loss: 0.6320)
[======================================  ]: 597 (Loss: 0.6062)
[======================================= ]: 598 (Loss: 0.5841)
[======================================= ]: 599 (Loss: 0.6088)
[========================================]: 600 (Loss: 0.5126)
                                                                                                    
[2026-07-16 22:27:30,409] [INFO] [__main__] Batch 600 Loss: 0.585108 Cost: 12.40 Time: 80 ms/sequence
[2026-07-16 22:27:30,409] [INFO] [__main__] Advice weight norm: 19.159897 | Advice gradient norm: 0.155772

[                                        ]: 601 (Loss: 0.5175)
[                                        ]: 602 (Loss: 0.5050)
[=                                       ]: 603 (Loss: 0.5668)
[=                                       ]: 604 (Loss: 0.5564)
[==                                      ]: 605 (Loss: 0.6066)
[==                                      ]: 606 (Loss: 0.6258)
[==                                      ]: 607 (Loss: 0.5368)
[===                                     ]: 608 (Loss: 0.5511)
[===                                     ]: 609 (Loss: 0.5512)
[====                                    ]: 610 (Loss: 0.5557)
[====                                    ]: 611 (Loss: 0.5179)
[====                                    ]: 612 (Loss: 0.5276)
[=====                                   ]: 613 (Loss: 0.6126)
[=====                                   ]: 614 (Loss: 0.5873)
[======                                  ]: 615 (Loss: 0.5051)
[======                                  ]: 616 (Loss: 0.5503)
[======                                  ]: 617 (Loss: 0.5758)
[=======                                 ]: 618 (Loss: 0.5081)
[=======                                 ]: 619 (Loss: 0.5255)
[========                                ]: 620 (Loss: 0.5805)
[========                                ]: 621 (Loss: 0.5451)
[========                                ]: 622 (Loss: 0.5831)
[=========                               ]: 623 (Loss: 0.6519)
[=========                               ]: 624 (Loss: 0.6348)
[==========                              ]: 625 (Loss: 0.6287)
[==========                              ]: 626 (Loss: 0.6640)
[==========                              ]: 627 (Loss: 0.5758)
[===========                             ]: 628 (Loss: 0.6316)
[===========                             ]: 629 (Loss: 0.5059)
[============                            ]: 630 (Loss: 0.6388)
[============                            ]: 631 (Loss: 0.5721)
[============                            ]: 632 (Loss: 0.4993)
[=============                           ]: 633 (Loss: 0.5976)
[=============                           ]: 634 (Loss: 0.5606)
[==============                          ]: 635 (Loss: 0.5710)
[==============                          ]: 636 (Loss: 0.5816)
[==============                          ]: 637 (Loss: 0.4875)
[===============                         ]: 638 (Loss: 0.5328)
[===============                         ]: 639 (Loss: 0.5660)
[================                        ]: 640 (Loss: 0.5790)
[================                        ]: 641 (Loss: 0.5601)
[================                        ]: 642 (Loss: 0.5144)
[=================                       ]: 643 (Loss: 0.5799)
[=================                       ]: 644 (Loss: 0.6117)
[==================                      ]: 645 (Loss: 0.5377)
[==================                      ]: 646 (Loss: 0.5481)
[==================                      ]: 647 (Loss: 0.5669)
[===================                     ]: 648 (Loss: 0.5831)
[===================                     ]: 649 (Loss: 0.5304)
[====================                    ]: 650 (Loss: 0.5859)
[====================                    ]: 651 (Loss: 0.6372)
[====================                    ]: 652 (Loss: 0.5630)
[=====================                   ]: 653 (Loss: 0.5582)
[=====================                   ]: 654 (Loss: 0.6178)
[======================                  ]: 655 (Loss: 0.5328)
[======================                  ]: 656 (Loss: 0.5503)
[======================                  ]: 657 (Loss: 0.6290)
[=======================                 ]: 658 (Loss: 0.5868)
[=======================                 ]: 659 (Loss: 0.5719)
[========================                ]: 660 (Loss: 0.6259)
[========================                ]: 661 (Loss: 0.6432)
[========================                ]: 662 (Loss: 0.5852)
[=========================               ]: 663 (Loss: 0.5044)
[=========================               ]: 664 (Loss: 0.4583)
[==========================              ]: 665 (Loss: 0.4881)
[==========================              ]: 666 (Loss: 0.5923)
[==========================              ]: 667 (Loss: 0.5246)
[===========================             ]: 668 (Loss: 0.5162)
[===========================             ]: 669 (Loss: 0.5106)
[============================            ]: 670 (Loss: 0.4449)
[============================            ]: 671 (Loss: 0.5450)
[============================            ]: 672 (Loss: 0.5737)
[=============================           ]: 673 (Loss: 0.5398)
[=============================           ]: 674 (Loss: 0.6312)
[==============================          ]: 675 (Loss: 0.5975)
[==============================          ]: 676 (Loss: 0.6438)
[==============================          ]: 677 (Loss: 0.5772)
[===============================         ]: 678 (Loss: 0.6300)
[===============================         ]: 679 (Loss: 0.4824)
[================================        ]: 680 (Loss: 0.6950)
[================================        ]: 681 (Loss: 0.6263)
[================================        ]: 682 (Loss: 0.5932)
[=================================       ]: 683 (Loss: 0.5936)
[=================================       ]: 684 (Loss: 0.5187)
[==================================      ]: 685 (Loss: 0.5515)
[==================================      ]: 686 (Loss: 0.5315)
[==================================      ]: 687 (Loss: 0.5135)
[===================================     ]: 688 (Loss: 0.5378)
[===================================     ]: 689 (Loss: 0.6855)
[====================================    ]: 690 (Loss: 0.5803)
[====================================    ]: 691 (Loss: 0.5830)
[====================================    ]: 692 (Loss: 0.6602)
[=====================================   ]: 693 (Loss: 0.5892)
[=====================================   ]: 694 (Loss: 0.5298)
[======================================  ]: 695 (Loss: 0.5507)
[======================================  ]: 696 (Loss: 0.5672)
[======================================  ]: 697 (Loss: 0.5894)
[======================================= ]: 698 (Loss: 0.5319)
[======================================= ]: 699 (Loss: 0.5696)
[========================================]: 700 (Loss: 0.6353)
                                                                                                    
[2026-07-16 22:27:38,716] [INFO] [__main__] Batch 700 Loss: 0.568836 Cost: 12.15 Time: 83 ms/sequence
[2026-07-16 22:27:38,717] [INFO] [__main__] Advice weight norm: 19.156641 | Advice gradient norm: 0.290633

[                                        ]: 701 (Loss: 0.6137)
[                                        ]: 702 (Loss: 0.5418)
[=                                       ]: 703 (Loss: 0.5646)
[=                                       ]: 704 (Loss: 0.5034)
[==                                      ]: 705 (Loss: 0.5876)
[==                                      ]: 706 (Loss: 0.6408)
[==                                      ]: 707 (Loss: 0.6403)
[===                                     ]: 708 (Loss: 0.5587)
[===                                     ]: 709 (Loss: 0.7003)
[====                                    ]: 710 (Loss: 0.5871)
[====                                    ]: 711 (Loss: 0.6239)
[====                                    ]: 712 (Loss: 0.6301)
[=====                                   ]: 713 (Loss: 0.5570)
[=====                                   ]: 714 (Loss: 0.6016)
[======                                  ]: 715 (Loss: 0.5514)
[======                                  ]: 716 (Loss: 0.5441)
[======                                  ]: 717 (Loss: 0.5942)
[=======                                 ]: 718 (Loss: 0.5249)
[=======                                 ]: 719 (Loss: 0.6321)
[========                                ]: 720 (Loss: 0.4621)
[========                                ]: 721 (Loss: 0.5426)
[========                                ]: 722 (Loss: 0.5705)
[=========                               ]: 723 (Loss: 0.5835)
[=========                               ]: 724 (Loss: 0.5742)
[==========                              ]: 725 (Loss: 0.5592)
[==========                              ]: 726 (Loss: 0.6019)
[==========                              ]: 727 (Loss: 0.6305)
[===========                             ]: 728 (Loss: 0.6030)
[===========                             ]: 729 (Loss: 0.6325)
[============                            ]: 730 (Loss: 0.6382)
[============                            ]: 731 (Loss: 0.5586)
[============                            ]: 732 (Loss: 0.5890)
[=============                           ]: 733 (Loss: 0.5062)
[=============                           ]: 734 (Loss: 0.5777)
[==============                          ]: 735 (Loss: 0.5288)
[==============                          ]: 736 (Loss: 0.4812)
[==============                          ]: 737 (Loss: 0.4951)
[===============                         ]: 738 (Loss: 0.5031)
[===============                         ]: 739 (Loss: 0.5006)
[================                        ]: 740 (Loss: 0.5734)
[================                        ]: 741 (Loss: 0.5786)
[================                        ]: 742 (Loss: 0.6034)
[=================                       ]: 743 (Loss: 0.5044)
[=================                       ]: 744 (Loss: 0.6779)
[==================                      ]: 745 (Loss: 0.5611)
[==================                      ]: 746 (Loss: 0.5606)
[==================                      ]: 747 (Loss: 0.5335)
[===================                     ]: 748 (Loss: 0.6338)
[===================                     ]: 749 (Loss: 0.5680)
[====================                    ]: 750 (Loss: 0.5640)
[====================                    ]: 751 (Loss: 0.5759)
[====================                    ]: 752 (Loss: 0.5734)
[=====================                   ]: 753 (Loss: 0.5599)
[=====================                   ]: 754 (Loss: 0.5971)
[======================                  ]: 755 (Loss: 0.5355)
[======================                  ]: 756 (Loss: 0.6014)
[======================                  ]: 757 (Loss: 0.6350)
[=======================                 ]: 758 (Loss: 0.5801)
[=======================                 ]: 759 (Loss: 0.5567)
[========================                ]: 760 (Loss: 0.5842)
[========================                ]: 761 (Loss: 0.5177)
[========================                ]: 762 (Loss: 0.5362)
[=========================               ]: 763 (Loss: 0.5007)
[=========================               ]: 764 (Loss: 0.5189)
[==========================              ]: 765 (Loss: 0.5803)
[==========================              ]: 766 (Loss: 0.6100)
[==========================              ]: 767 (Loss: 0.6244)
[===========================             ]: 768 (Loss: 0.5387)
[===========================             ]: 769 (Loss: 0.6227)
[============================            ]: 770 (Loss: 0.5464)
[============================            ]: 771 (Loss: 0.6194)
[============================            ]: 772 (Loss: 0.5989)
[=============================           ]: 773 (Loss: 0.5998)
[=============================           ]: 774 (Loss: 0.5425)
[==============================          ]: 775 (Loss: 0.5546)
[==============================          ]: 776 (Loss: 0.5903)
[==============================          ]: 777 (Loss: 0.6255)
[===============================         ]: 778 (Loss: 0.5191)
[===============================         ]: 779 (Loss: 0.4862)
[================================        ]: 780 (Loss: 0.5246)
[================================        ]: 781 (Loss: 0.5999)
[================================        ]: 782 (Loss: 0.6252)
[=================================       ]: 783 (Loss: 0.5793)
[=================================       ]: 784 (Loss: 0.5633)
[==================================      ]: 785 (Loss: 0.5805)
[==================================      ]: 786 (Loss: 0.5839)
[==================================      ]: 787 (Loss: 0.5513)
[===================================     ]: 788 (Loss: 0.5981)
[===================================     ]: 789 (Loss: 0.5036)
[====================================    ]: 790 (Loss: 0.5911)
[====================================    ]: 791 (Loss: 0.5279)
[====================================    ]: 792 (Loss: 0.5918)
[=====================================   ]: 793 (Loss: 0.4965)
[=====================================   ]: 794 (Loss: 0.5813)
[======================================  ]: 795 (Loss: 0.5755)
[======================================  ]: 796 (Loss: 0.5265)
[======================================  ]: 797 (Loss: 0.5229)
[======================================= ]: 798 (Loss: 0.5085)
[======================================= ]: 799 (Loss: 0.5987)
[========================================]: 800 (Loss: 0.5413)
                                                                                                    
[2026-07-16 22:27:47,138] [INFO] [__main__] Batch 800 Loss: 0.569979 Cost: 12.00 Time: 84 ms/sequence
[2026-07-16 22:27:47,138] [INFO] [__main__] Advice weight norm: 19.157961 | Advice gradient norm: 0.247437

[                                        ]: 801 (Loss: 0.4815)
[                                        ]: 802 (Loss: 0.5494)
[=                                       ]: 803 (Loss: 0.6371)
[=                                       ]: 804 (Loss: 0.5772)
[==                                      ]: 805 (Loss: 0.5839)
[==                                      ]: 806 (Loss: 0.5319)
[==                                      ]: 807 (Loss: 0.5540)
[===                                     ]: 808 (Loss: 0.4939)
[===                                     ]: 809 (Loss: 0.5128)
[====                                    ]: 810 (Loss: 0.6100)
[====                                    ]: 811 (Loss: 0.5663)
[====                                    ]: 812 (Loss: 0.4845)
[=====                                   ]: 813 (Loss: 0.5770)
[=====                                   ]: 814 (Loss: 0.5512)
[======                                  ]: 815 (Loss: 0.6584)
[======                                  ]: 816 (Loss: 0.6994)
[======                                  ]: 817 (Loss: 0.6014)
[=======                                 ]: 818 (Loss: 0.5638)
[=======                                 ]: 819 (Loss: 0.5296)
[========                                ]: 820 (Loss: 0.5985)
[========                                ]: 821 (Loss: 0.6217)
[========                                ]: 822 (Loss: 0.4957)
[=========                               ]: 823 (Loss: 0.5668)
[=========                               ]: 824 (Loss: 0.6193)
[==========                              ]: 825 (Loss: 0.5453)
[==========                              ]: 826 (Loss: 0.5439)
[==========                              ]: 827 (Loss: 0.5511)
[===========                             ]: 828 (Loss: 0.6494)
[===========                             ]: 829 (Loss: 0.5654)
[============                            ]: 830 (Loss: 0.5741)
[============                            ]: 831 (Loss: 0.6225)
[============                            ]: 832 (Loss: 0.6573)
[=============                           ]: 833 (Loss: 0.5774)
[=============                           ]: 834 (Loss: 0.5593)
[==============                          ]: 835 (Loss: 0.5342)
[==============                          ]: 836 (Loss: 0.5839)
[==============                          ]: 837 (Loss: 0.4984)
[===============                         ]: 838 (Loss: 0.6365)
[===============                         ]: 839 (Loss: 0.5423)
[================                        ]: 840 (Loss: 0.5614)
[================                        ]: 841 (Loss: 0.5883)
[================                        ]: 842 (Loss: 0.6416)
[=================                       ]: 843 (Loss: 0.5033)
[=================                       ]: 844 (Loss: 0.6346)
[==================                      ]: 845 (Loss: 0.5693)
[==================                      ]: 846 (Loss: 0.5273)
[==================                      ]: 847 (Loss: 0.5509)
[===================                     ]: 848 (Loss: 0.5372)
[===================                     ]: 849 (Loss: 0.5408)
[====================                    ]: 850 (Loss: 0.4957)
[====================                    ]: 851 (Loss: 0.5546)
[====================                    ]: 852 (Loss: 0.4159)
[=====================                   ]: 853 (Loss: 0.4634)
[=====================                   ]: 854 (Loss: 0.5696)
[======================                  ]: 855 (Loss: 0.5171)
[======================                  ]: 856 (Loss: 0.6574)
[======================                  ]: 857 (Loss: 0.6435)
[=======================                 ]: 858 (Loss: 0.6314)
[=======================                 ]: 859 (Loss: 0.6615)
[========================                ]: 860 (Loss: 0.5948)
[========================                ]: 861 (Loss: 0.5388)
[========================                ]: 862 (Loss: 0.5970)
[=========================               ]: 863 (Loss: 0.5830)
[=========================               ]: 864 (Loss: 0.5071)
[==========================              ]: 865 (Loss: 0.5929)
[==========================              ]: 866 (Loss: 0.5231)
[==========================              ]: 867 (Loss: 0.5001)
[===========================             ]: 868 (Loss: 0.6372)
[===========================             ]: 869 (Loss: 0.5157)
[============================            ]: 870 (Loss: 0.4932)
[============================            ]: 871 (Loss: 0.5211)
[============================            ]: 872 (Loss: 0.5307)
[=============================           ]: 873 (Loss: 0.6112)
[=============================           ]: 874 (Loss: 0.6027)
[==============================          ]: 875 (Loss: 0.5899)
[==============================          ]: 876 (Loss: 0.5089)
[==============================          ]: 877 (Loss: 0.6019)
[===============================         ]: 878 (Loss: 0.4623)
[===============================         ]: 879 (Loss: 0.5148)
[================================        ]: 880 (Loss: 0.5497)
[================================        ]: 881 (Loss: 0.4941)
[================================        ]: 882 (Loss: 0.4797)
[=================================       ]: 883 (Loss: 0.4737)
[=================================       ]: 884 (Loss: 0.4876)
[==================================      ]: 885 (Loss: 0.5737)
[==================================      ]: 886 (Loss: 0.6654)
[==================================      ]: 887 (Loss: 0.5827)
[===================================     ]: 888 (Loss: 0.5860)
[===================================     ]: 889 (Loss: 0.6037)
[====================================    ]: 890 (Loss: 0.5798)
[====================================    ]: 891 (Loss: 0.6334)
[====================================    ]: 892 (Loss: 0.5791)
[=====================================   ]: 893 (Loss: 0.5902)
[=====================================   ]: 894 (Loss: 0.5859)
[======================================  ]: 895 (Loss: 0.6109)
[======================================  ]: 896 (Loss: 0.5401)
[======================================  ]: 897 (Loss: 0.5350)
[======================================= ]: 898 (Loss: 0.4772)
[======================================= ]: 899 (Loss: 0.5795)
[========================================]: 900 (Loss: 0.5148)
                                                                                                    
[2026-07-16 22:27:55,519] [INFO] [__main__] Batch 900 Loss: 0.563190 Cost: 11.81 Time: 83 ms/sequence
[2026-07-16 22:27:55,520] [INFO] [__main__] Advice weight norm: 19.169798 | Advice gradient norm: 0.526527

[                                        ]: 901 (Loss: 0.6074)
[                                        ]: 902 (Loss: 0.6031)
[=                                       ]: 903 (Loss: 0.6055)
[=                                       ]: 904 (Loss: 0.5461)
[==                                      ]: 905 (Loss: 0.5676)
[==                                      ]: 906 (Loss: 0.6254)
[==                                      ]: 907 (Loss: 0.5658)
[===                                     ]: 908 (Loss: 0.5290)
[===                                     ]: 909 (Loss: 0.5832)
[====                                    ]: 910 (Loss: 0.5919)
[====                                    ]: 911 (Loss: 0.5814)
[====                                    ]: 912 (Loss: 0.5481)
[=====                                   ]: 913 (Loss: 0.5392)
[=====                                   ]: 914 (Loss: 0.6152)
[======                                  ]: 915 (Loss: 0.6270)
[======                                  ]: 916 (Loss: 0.5764)
[======                                  ]: 917 (Loss: 0.5912)
[=======                                 ]: 918 (Loss: 0.5236)
[=======                                 ]: 919 (Loss: 0.4291)
[========                                ]: 920 (Loss: 0.4427)
[========                                ]: 921 (Loss: 0.5665)
[========                                ]: 922 (Loss: 0.5147)
[=========                               ]: 923 (Loss: 0.5126)
[=========                               ]: 924 (Loss: 0.6423)
[==========                              ]: 925 (Loss: 0.5776)
[==========                              ]: 926 (Loss: 0.5295)
[==========                              ]: 927 (Loss: 0.5182)
[===========                             ]: 928 (Loss: 0.5866)
[===========                             ]: 929 (Loss: 0.5528)
[============                            ]: 930 (Loss: 0.5702)
[============                            ]: 931 (Loss: 0.5068)
[============                            ]: 932 (Loss: 0.6681)
[=============                           ]: 933 (Loss: 0.5832)
[=============                           ]: 934 (Loss: 0.5234)
[==============                          ]: 935 (Loss: 0.5600)
[==============                          ]: 936 (Loss: 0.5015)
[==============                          ]: 937 (Loss: 0.5601)
[===============                         ]: 938 (Loss: 0.5244)
[===============                         ]: 939 (Loss: 0.5727)
[================                        ]: 940 (Loss: 0.5046)
[================                        ]: 941 (Loss: 0.4469)
[================                        ]: 942 (Loss: 0.5108)
[=================                       ]: 943 (Loss: 0.4431)
[=================                       ]: 944 (Loss: 0.5687)
[==================                      ]: 945 (Loss: 0.5211)
[==================                      ]: 946 (Loss: 0.5665)
[==================                      ]: 947 (Loss: 0.5907)
[===================                     ]: 948 (Loss: 0.5325)
[===================                     ]: 949 (Loss: 0.5674)
[====================                    ]: 950 (Loss: 0.5602)
[====================                    ]: 951 (Loss: 0.5611)
[====================                    ]: 952 (Loss: 0.5663)
[=====================                   ]: 953 (Loss: 0.4634)
[=====================                   ]: 954 (Loss: 0.5562)
[======================                  ]: 955 (Loss: 0.6220)
[======================                  ]: 956 (Loss: 0.4889)
[======================                  ]: 957 (Loss: 0.5698)
[=======================                 ]: 958 (Loss: 0.5655)
[=======================                 ]: 959 (Loss: 0.5949)
[========================                ]: 960 (Loss: 0.4996)
[========================                ]: 961 (Loss: 0.5840)
[========================                ]: 962 (Loss: 0.5557)
[=========================               ]: 963 (Loss: 0.5043)
[=========================               ]: 964 (Loss: 0.5656)
[==========================              ]: 965 (Loss: 0.5629)
[==========================              ]: 966 (Loss: 0.5653)
[==========================              ]: 967 (Loss: 0.5300)
[===========================             ]: 968 (Loss: 0.6143)
[===========================             ]: 969 (Loss: 0.6220)
[============================            ]: 970 (Loss: 0.5789)
[============================            ]: 971 (Loss: 0.5896)
[============================            ]: 972 (Loss: 0.5842)
[=============================           ]: 973 (Loss: 0.5348)
[=============================           ]: 974 (Loss: 0.4997)
[==============================          ]: 975 (Loss: 0.5851)
[==============================          ]: 976 (Loss: 0.4787)
[==============================          ]: 977 (Loss: 0.5216)
[===============================         ]: 978 (Loss: 0.5609)
[===============================         ]: 979 (Loss: 0.5672)
[================================        ]: 980 (Loss: 0.5631)
[================================        ]: 981 (Loss: 0.5616)
[================================        ]: 982 (Loss: 0.5677)
[=================================       ]: 983 (Loss: 0.5791)
[=================================       ]: 984 (Loss: 0.6116)
[==================================      ]: 985 (Loss: 0.5726)
[==================================      ]: 986 (Loss: 0.5073)
[==================================      ]: 987 (Loss: 0.5586)
[===================================     ]: 988 (Loss: 0.5797)
[===================================     ]: 989 (Loss: 0.5155)
[====================================    ]: 990 (Loss: 0.4483)
[====================================    ]: 991 (Loss: 0.5480)
[====================================    ]: 992 (Loss: 0.4633)
[=====================================   ]: 993 (Loss: 0.5642)
[=====================================   ]: 994 (Loss: 0.4978)
[======================================  ]: 995 (Loss: 0.5616)
[======================================  ]: 996 (Loss: 0.4325)
[======================================  ]: 997 (Loss: 0.4873)
[======================================= ]: 998 (Loss: 0.5406)
[======================================= ]: 999 (Loss: 0.5743)
[========================================]: 1000 (Loss: 0.5727)
                                                                                                    
[2026-07-16 22:28:03,655] [INFO] [__main__] Batch 1000 Loss: 0.550828 Cost: 11.34 Time: 81 ms/sequence
[2026-07-16 22:28:03,655] [INFO] [__main__] Advice weight norm: 19.175005 | Advice gradient norm: 0.323981

                                                                                                    
[2026-07-16 22:28:03,656] [INFO] [__main__] Saving checkpoint to 'runs\copy_sanity_len5\copy\combined\seed_1002\checkpoint-batch-00001000.pt'

[                                        ]: 1001 (Loss: 0.6134)
[                                        ]: 1002 (Loss: 0.5426)
[=                                       ]: 1003 (Loss: 0.5624)
[=                                       ]: 1004 (Loss: 0.6144)
[==                                      ]: 1005 (Loss: 0.5152)
[==                                      ]: 1006 (Loss: 0.4619)
[==                                      ]: 1007 (Loss: 0.5585)
[===                                     ]: 1008 (Loss: 0.5157)
[===                                     ]: 1009 (Loss: 0.5677)
[====                                    ]: 1010 (Loss: 0.5938)
[====                                    ]: 1011 (Loss: 0.5777)
[====                                    ]: 1012 (Loss: 0.5246)
[=====                                   ]: 1013 (Loss: 0.5762)
[=====                                   ]: 1014 (Loss: 0.5815)
[======                                  ]: 1015 (Loss: 0.5386)
[======                                  ]: 1016 (Loss: 0.6020)
[======                                  ]: 1017 (Loss: 0.4833)
[=======                                 ]: 1018 (Loss: 0.5795)
[=======                                 ]: 1019 (Loss: 0.5337)
[========                                ]: 1020 (Loss: 0.5780)
[========                                ]: 1021 (Loss: 0.5542)
[========                                ]: 1022 (Loss: 0.5392)
[=========                               ]: 1023 (Loss: 0.5831)
[=========                               ]: 1024 (Loss: 0.6350)
[==========                              ]: 1025 (Loss: 0.6002)
[==========                              ]: 1026 (Loss: 0.4754)
[==========                              ]: 1027 (Loss: 0.5691)
[===========                             ]: 1028 (Loss: 0.4672)
[===========                             ]: 1029 (Loss: 0.5104)
[============                            ]: 1030 (Loss: 0.4870)
[============                            ]: 1031 (Loss: 0.5492)
[============                            ]: 1032 (Loss: 0.5123)
[=============                           ]: 1033 (Loss: 0.5883)
[=============                           ]: 1034 (Loss: 0.6072)
[==============                          ]: 1035 (Loss: 0.6289)
[==============                          ]: 1036 (Loss: 0.5961)
[==============                          ]: 1037 (Loss: 0.5935)
[===============                         ]: 1038 (Loss: 0.5438)
[===============                         ]: 1039 (Loss: 0.5662)
[================                        ]: 1040 (Loss: 0.5168)
[================                        ]: 1041 (Loss: 0.5057)
[================                        ]: 1042 (Loss: 0.5755)
[=================                       ]: 1043 (Loss: 0.4455)
[=================                       ]: 1044 (Loss: 0.5587)
[==================                      ]: 1045 (Loss: 0.5090)
[==================                      ]: 1046 (Loss: 0.5862)
[==================                      ]: 1047 (Loss: 0.5451)
[===================                     ]: 1048 (Loss: 0.5594)
[===================                     ]: 1049 (Loss: 0.5652)
[====================                    ]: 1050 (Loss: 0.5576)
[====================                    ]: 1051 (Loss: 0.5393)
[====================                    ]: 1052 (Loss: 0.5444)
[=====================                   ]: 1053 (Loss: 0.5905)
[=====================                   ]: 1054 (Loss: 0.5054)
[======================                  ]: 1055 (Loss: 0.5276)
[======================                  ]: 1056 (Loss: 0.5681)
[======================                  ]: 1057 (Loss: 0.5126)
[=======================                 ]: 1058 (Loss: 0.5372)
[=======================                 ]: 1059 (Loss: 0.5421)
[========================                ]: 1060 (Loss: 0.6427)
[========================                ]: 1061 (Loss: 0.4938)
[========================                ]: 1062 (Loss: 0.4504)
[=========================               ]: 1063 (Loss: 0.5186)
[=========================               ]: 1064 (Loss: 0.4568)
[==========================              ]: 1065 (Loss: 0.5057)
[==========================              ]: 1066 (Loss: 0.5301)
[==========================              ]: 1067 (Loss: 0.5126)
[===========================             ]: 1068 (Loss: 0.4183)
[===========================             ]: 1069 (Loss: 0.4878)
[============================            ]: 1070 (Loss: 0.5879)
[============================            ]: 1071 (Loss: 0.5328)
[============================            ]: 1072 (Loss: 0.4996)
[=============================           ]: 1073 (Loss: 0.5541)
[=============================           ]: 1074 (Loss: 0.5067)
[==============================          ]: 1075 (Loss: 0.5724)
[==============================          ]: 1076 (Loss: 0.5759)
[==============================          ]: 1077 (Loss: 0.5813)
[===============================         ]: 1078 (Loss: 0.5614)
[===============================         ]: 1079 (Loss: 0.6143)
[================================        ]: 1080 (Loss: 0.5987)
[================================        ]: 1081 (Loss: 0.5754)
[================================        ]: 1082 (Loss: 0.6544)
[=================================       ]: 1083 (Loss: 0.5196)
[=================================       ]: 1084 (Loss: 0.5044)
[==================================      ]: 1085 (Loss: 0.4977)
[==================================      ]: 1086 (Loss: 0.4980)
[==================================      ]: 1087 (Loss: 0.4700)
[===================================     ]: 1088 (Loss: 0.5918)
[===================================     ]: 1089 (Loss: 0.5298)
[====================================    ]: 1090 (Loss: 0.5672)
[====================================    ]: 1091 (Loss: 0.5573)
[====================================    ]: 1092 (Loss: 0.4234)
[=====================================   ]: 1093 (Loss: 0.5210)
[=====================================   ]: 1094 (Loss: 0.5088)
[======================================  ]: 1095 (Loss: 0.5845)
[======================================  ]: 1096 (Loss: 0.6073)
[======================================  ]: 1097 (Loss: 0.5847)
[======================================= ]: 1098 (Loss: 0.6046)
[======================================= ]: 1099 (Loss: 0.5577)
[========================================]: 1100 (Loss: 0.5600)
                                                                                                    
[2026-07-16 22:28:12,118] [INFO] [__main__] Batch 1100 Loss: 0.546385 Cost: 11.11 Time: 84 ms/sequence
[2026-07-16 22:28:12,119] [INFO] [__main__] Advice weight norm: 19.188129 | Advice gradient norm: 0.321959

[                                        ]: 1101 (Loss: 0.5613)
[                                        ]: 1102 (Loss: 0.5688)
[=                                       ]: 1103 (Loss: 0.4752)
[=                                       ]: 1104 (Loss: 0.5870)
[==                                      ]: 1105 (Loss: 0.4790)
[==                                      ]: 1106 (Loss: 0.5131)
[==                                      ]: 1107 (Loss: 0.5124)
[===                                     ]: 1108 (Loss: 0.5367)
[===                                     ]: 1109 (Loss: 0.5272)
[====                                    ]: 1110 (Loss: 0.5163)
[====                                    ]: 1111 (Loss: 0.5578)
[====                                    ]: 1112 (Loss: 0.6197)
[=====                                   ]: 1113 (Loss: 0.5357)
[=====                                   ]: 1114 (Loss: 0.5547)
[======                                  ]: 1115 (Loss: 0.5688)
[======                                  ]: 1116 (Loss: 0.5377)
[======                                  ]: 1117 (Loss: 0.4868)
[=======                                 ]: 1118 (Loss: 0.5917)
[=======                                 ]: 1119 (Loss: 0.5314)
[========                                ]: 1120 (Loss: 0.5384)
[========                                ]: 1121 (Loss: 0.4886)
[========                                ]: 1122 (Loss: 0.4010)
[=========                               ]: 1123 (Loss: 0.5660)
[=========                               ]: 1124 (Loss: 0.6233)
[==========                              ]: 1125 (Loss: 0.6308)
[==========                              ]: 1126 (Loss: 0.6036)
[==========                              ]: 1127 (Loss: 0.5123)
[===========                             ]: 1128 (Loss: 0.5447)
[===========                             ]: 1129 (Loss: 0.6706)
[============                            ]: 1130 (Loss: 0.5497)
[============                            ]: 1131 (Loss: 0.5466)
[============                            ]: 1132 (Loss: 0.5769)
[=============                           ]: 1133 (Loss: 0.5806)
[=============                           ]: 1134 (Loss: 0.5996)
[==============                          ]: 1135 (Loss: 0.5310)
[==============                          ]: 1136 (Loss: 0.4430)
[==============                          ]: 1137 (Loss: 0.4757)
[===============                         ]: 1138 (Loss: 0.4436)
[===============                         ]: 1139 (Loss: 0.5800)
[================                        ]: 1140 (Loss: 0.5293)
[================                        ]: 1141 (Loss: 0.5037)
[================                        ]: 1142 (Loss: 0.5240)
[=================                       ]: 1143 (Loss: 0.5313)
[=================                       ]: 1144 (Loss: 0.5294)
[==================                      ]: 1145 (Loss: 0.5350)
[==================                      ]: 1146 (Loss: 0.5852)
[==================                      ]: 1147 (Loss: 0.4636)
[===================                     ]: 1148 (Loss: 0.5345)
[===================                     ]: 1149 (Loss: 0.4660)
[====================                    ]: 1150 (Loss: 0.4419)
[====================                    ]: 1151 (Loss: 0.4407)
[====================                    ]: 1152 (Loss: 0.4856)
[=====================                   ]: 1153 (Loss: 0.5662)
[=====================                   ]: 1154 (Loss: 0.5661)
[======================                  ]: 1155 (Loss: 0.5883)
[======================                  ]: 1156 (Loss: 0.4958)
[======================                  ]: 1157 (Loss: 0.6184)
[=======================                 ]: 1158 (Loss: 0.5572)
[=======================                 ]: 1159 (Loss: 0.4561)
[========================                ]: 1160 (Loss: 0.5941)
[========================                ]: 1161 (Loss: 0.5119)
[========================                ]: 1162 (Loss: 0.5449)
[=========================               ]: 1163 (Loss: 0.5055)
[=========================               ]: 1164 (Loss: 0.5431)
[==========================              ]: 1165 (Loss: 0.5251)
[==========================              ]: 1166 (Loss: 0.4572)
[==========================              ]: 1167 (Loss: 0.6312)
[===========================             ]: 1168 (Loss: 0.5331)
[===========================             ]: 1169 (Loss: 0.4495)
[============================            ]: 1170 (Loss: 0.5489)
[============================            ]: 1171 (Loss: 0.5855)
[============================            ]: 1172 (Loss: 0.5893)
[=============================           ]: 1173 (Loss: 0.4805)
[=============================           ]: 1174 (Loss: 0.4758)
[==============================          ]: 1175 (Loss: 0.5720)
[==============================          ]: 1176 (Loss: 0.5493)
[==============================          ]: 1177 (Loss: 0.4711)
[===============================         ]: 1178 (Loss: 0.5828)
[===============================         ]: 1179 (Loss: 0.5587)
[================================        ]: 1180 (Loss: 0.5289)
[================================        ]: 1181 (Loss: 0.4429)
[================================        ]: 1182 (Loss: 0.4963)
[=================================       ]: 1183 (Loss: 0.5374)
[=================================       ]: 1184 (Loss: 0.5605)
[==================================      ]: 1185 (Loss: 0.5502)
[==================================      ]: 1186 (Loss: 0.5838)
[==================================      ]: 1187 (Loss: 0.5007)
[===================================     ]: 1188 (Loss: 0.5433)
[===================================     ]: 1189 (Loss: 0.5169)
[====================================    ]: 1190 (Loss: 0.4841)
[====================================    ]: 1191 (Loss: 0.6307)
[====================================    ]: 1192 (Loss: 0.4743)
[=====================================   ]: 1193 (Loss: 0.4992)
[=====================================   ]: 1194 (Loss: 0.5611)
[======================================  ]: 1195 (Loss: 0.4700)
[======================================  ]: 1196 (Loss: 0.5588)
[======================================  ]: 1197 (Loss: 0.5559)
[======================================= ]: 1198 (Loss: 0.4302)
[======================================= ]: 1199 (Loss: 0.5089)
[========================================]: 1200 (Loss: 0.4598)
                                                                                                    
[2026-07-16 22:28:20,245] [INFO] [__main__] Batch 1200 Loss: 0.531887 Cost: 10.80 Time: 81 ms/sequence
[2026-07-16 22:28:20,246] [INFO] [__main__] Advice weight norm: 19.203068 | Advice gradient norm: 0.311102

[                                        ]: 1201 (Loss: 0.5073)
[                                        ]: 1202 (Loss: 0.5823)
[=                                       ]: 1203 (Loss: 0.4685)
[=                                       ]: 1204 (Loss: 0.5112)
[==                                      ]: 1205 (Loss: 0.5399)
[==                                      ]: 1206 (Loss: 0.5563)
[==                                      ]: 1207 (Loss: 0.5873)
[===                                     ]: 1208 (Loss: 0.5782)
[===                                     ]: 1209 (Loss: 0.5374)
[====                                    ]: 1210 (Loss: 0.5361)
[====                                    ]: 1211 (Loss: 0.5195)
[====                                    ]: 1212 (Loss: 0.4462)
[=====                                   ]: 1213 (Loss: 0.4977)
[=====                                   ]: 1214 (Loss: 0.4805)
[======                                  ]: 1215 (Loss: 0.6039)
[======                                  ]: 1216 (Loss: 0.5568)
[======                                  ]: 1217 (Loss: 0.5875)
[=======                                 ]: 1218 (Loss: 0.4823)
[=======                                 ]: 1219 (Loss: 0.5573)
[========                                ]: 1220 (Loss: 0.4621)
[========                                ]: 1221 (Loss: 0.4883)
[========                                ]: 1222 (Loss: 0.5394)
[=========                               ]: 1223 (Loss: 0.6373)
[=========                               ]: 1224 (Loss: 0.5449)
[==========                              ]: 1225 (Loss: 0.4234)
[==========                              ]: 1226 (Loss: 0.5595)
[==========                              ]: 1227 (Loss: 0.5445)
[===========                             ]: 1228 (Loss: 0.6345)
[===========                             ]: 1229 (Loss: 0.4632)
[============                            ]: 1230 (Loss: 0.4603)
[============                            ]: 1231 (Loss: 0.6083)
[============                            ]: 1232 (Loss: 0.5588)
[=============                           ]: 1233 (Loss: 0.4719)
[=============                           ]: 1234 (Loss: 0.5550)
[==============                          ]: 1235 (Loss: 0.5820)
[==============                          ]: 1236 (Loss: 0.5264)
[==============                          ]: 1237 (Loss: 0.5288)
[===============                         ]: 1238 (Loss: 0.5303)
[===============                         ]: 1239 (Loss: 0.5281)
[================                        ]: 1240 (Loss: 0.4799)
[================                        ]: 1241 (Loss: 0.5407)
[================                        ]: 1242 (Loss: 0.6656)
[=================                       ]: 1243 (Loss: 0.5756)
[=================                       ]: 1244 (Loss: 0.5051)
[==================                      ]: 1245 (Loss: 0.5650)
[==================                      ]: 1246 (Loss: 0.5452)
[==================                      ]: 1247 (Loss: 0.5039)
[===================                     ]: 1248 (Loss: 0.5172)
[===================                     ]: 1249 (Loss: 0.6433)
[====================                    ]: 1250 (Loss: 0.5328)
[====================                    ]: 1251 (Loss: 0.6005)
[====================                    ]: 1252 (Loss: 0.5087)
[=====================                   ]: 1253 (Loss: 0.5281)
[=====================                   ]: 1254 (Loss: 0.5729)
[======================                  ]: 1255 (Loss: 0.5065)
[======================                  ]: 1256 (Loss: 0.5982)
[======================                  ]: 1257 (Loss: 0.4498)
[=======================                 ]: 1258 (Loss: 0.5508)
[=======================                 ]: 1259 (Loss: 0.4587)
[========================                ]: 1260 (Loss: 0.5507)
[========================                ]: 1261 (Loss: 0.4995)
[========================                ]: 1262 (Loss: 0.5386)
[=========================               ]: 1263 (Loss: 0.4590)
[=========================               ]: 1264 (Loss: 0.5133)
[==========================              ]: 1265 (Loss: 0.4892)
[==========================              ]: 1266 (Loss: 0.5563)
[==========================              ]: 1267 (Loss: 0.5106)
[===========================             ]: 1268 (Loss: 0.5543)
[===========================             ]: 1269 (Loss: 0.4113)
[============================            ]: 1270 (Loss: 0.5074)
[============================            ]: 1271 (Loss: 0.4736)
[============================            ]: 1272 (Loss: 0.6043)
[=============================           ]: 1273 (Loss: 0.6047)
[=============================           ]: 1274 (Loss: 0.5643)
[==============================          ]: 1275 (Loss: 0.5506)
[==============================          ]: 1276 (Loss: 0.5401)
[==============================          ]: 1277 (Loss: 0.5085)
[===============================         ]: 1278 (Loss: 0.4794)
[===============================         ]: 1279 (Loss: 0.5730)
[================================        ]: 1280 (Loss: 0.5166)
[================================        ]: 1281 (Loss: 0.4538)
[================================        ]: 1282 (Loss: 0.4790)
[=================================       ]: 1283 (Loss: 0.5821)
[=================================       ]: 1284 (Loss: 0.5855)
[==================================      ]: 1285 (Loss: 0.4872)
[==================================      ]: 1286 (Loss: 0.6579)
[==================================      ]: 1287 (Loss: 0.4639)
[===================================     ]: 1288 (Loss: 0.5494)
[===================================     ]: 1289 (Loss: 0.5569)
[====================================    ]: 1290 (Loss: 0.5380)
[====================================    ]: 1291 (Loss: 0.5456)
[====================================    ]: 1292 (Loss: 0.5774)
[=====================================   ]: 1293 (Loss: 0.5538)
[=====================================   ]: 1294 (Loss: 0.3768)
[======================================  ]: 1295 (Loss: 0.4937)
[======================================  ]: 1296 (Loss: 0.5502)
[======================================  ]: 1297 (Loss: 0.5491)
[======================================= ]: 1298 (Loss: 0.5976)
[======================================= ]: 1299 (Loss: 0.4550)
[========================================]: 1300 (Loss: 0.5136)
                                                                                                    
[2026-07-16 22:28:28,510] [INFO] [__main__] Batch 1300 Loss: 0.532032 Cost: 10.78 Time: 82 ms/sequence
[2026-07-16 22:28:28,510] [INFO] [__main__] Advice weight norm: 19.213343 | Advice gradient norm: 0.404980

[                                        ]: 1301 (Loss: 0.5262)
[                                        ]: 1302 (Loss: 0.5489)
[=                                       ]: 1303 (Loss: 0.5826)
[=                                       ]: 1304 (Loss: 0.5356)
[==                                      ]: 1305 (Loss: 0.5375)
[==                                      ]: 1306 (Loss: 0.3866)
[==                                      ]: 1307 (Loss: 0.5986)
[===                                     ]: 1308 (Loss: 0.6076)
[===                                     ]: 1309 (Loss: 0.5486)
[====                                    ]: 1310 (Loss: 0.5552)
[====                                    ]: 1311 (Loss: 0.5530)
[====                                    ]: 1312 (Loss: 0.5304)
[=====                                   ]: 1313 (Loss: 0.5721)
[=====                                   ]: 1314 (Loss: 0.4650)
[======                                  ]: 1315 (Loss: 0.5423)
[======                                  ]: 1316 (Loss: 0.5232)
[======                                  ]: 1317 (Loss: 0.5301)
[=======                                 ]: 1318 (Loss: 0.5126)
[=======                                 ]: 1319 (Loss: 0.4963)
[========                                ]: 1320 (Loss: 0.4818)
[========                                ]: 1321 (Loss: 0.5681)
[========                                ]: 1322 (Loss: 0.5924)
[=========                               ]: 1323 (Loss: 0.4317)
[=========                               ]: 1324 (Loss: 0.4759)
[==========                              ]: 1325 (Loss: 0.5418)
[==========                              ]: 1326 (Loss: 0.4957)
[==========                              ]: 1327 (Loss: 0.6028)
[===========                             ]: 1328 (Loss: 0.4688)
[===========                             ]: 1329 (Loss: 0.5189)
[============                            ]: 1330 (Loss: 0.5434)
[============                            ]: 1331 (Loss: 0.5065)
[============                            ]: 1332 (Loss: 0.5498)
[=============                           ]: 1333 (Loss: 0.4336)
[=============                           ]: 1334 (Loss: 0.5580)
[==============                          ]: 1335 (Loss: 0.5057)
[==============                          ]: 1336 (Loss: 0.5462)
[==============                          ]: 1337 (Loss: 0.5230)
[===============                         ]: 1338 (Loss: 0.4673)
[===============                         ]: 1339 (Loss: 0.5471)
[================                        ]: 1340 (Loss: 0.5644)
[================                        ]: 1341 (Loss: 0.4274)
[================                        ]: 1342 (Loss: 0.4687)
[=================                       ]: 1343 (Loss: 0.4979)
[=================                       ]: 1344 (Loss: 0.5309)
[==================                      ]: 1345 (Loss: 0.5216)
[==================                      ]: 1346 (Loss: 0.4972)
[==================                      ]: 1347 (Loss: 0.4697)
[===================                     ]: 1348 (Loss: 0.6095)
[===================                     ]: 1349 (Loss: 0.5162)
[====================                    ]: 1350 (Loss: 0.4750)
[====================                    ]: 1351 (Loss: 0.4500)
[====================                    ]: 1352 (Loss: 0.4799)
[=====================                   ]: 1353 (Loss: 0.5395)
[=====================                   ]: 1354 (Loss: 0.6835)
[======================                  ]: 1355 (Loss: 0.5488)
[======================                  ]: 1356 (Loss: 0.5803)
[======================                  ]: 1357 (Loss: 0.5305)
[=======================                 ]: 1358 (Loss: 0.5875)
[=======================                 ]: 1359 (Loss: 0.4847)
[========================                ]: 1360 (Loss: 0.6032)
[========================                ]: 1361 (Loss: 0.5015)
[========================                ]: 1362 (Loss: 0.4836)
[=========================               ]: 1363 (Loss: 0.5207)
[=========================               ]: 1364 (Loss: 0.5921)
[==========================              ]: 1365 (Loss: 0.4587)
[==========================              ]: 1366 (Loss: 0.4792)
[==========================              ]: 1367 (Loss: 0.5893)
[===========================             ]: 1368 (Loss: 0.4863)
[===========================             ]: 1369 (Loss: 0.5453)
[============================            ]: 1370 (Loss: 0.5894)
[============================            ]: 1371 (Loss: 0.5230)
[============================            ]: 1372 (Loss: 0.6398)
[=============================           ]: 1373 (Loss: 0.6393)
[=============================           ]: 1374 (Loss: 0.5364)
[==============================          ]: 1375 (Loss: 0.3767)
[==============================          ]: 1376 (Loss: 0.5078)
[==============================          ]: 1377 (Loss: 0.5007)
[===============================         ]: 1378 (Loss: 0.5498)
[===============================         ]: 1379 (Loss: 0.5326)
[================================        ]: 1380 (Loss: 0.4825)
[================================        ]: 1381 (Loss: 0.5441)
[================================        ]: 1382 (Loss: 0.5214)
[=================================       ]: 1383 (Loss: 0.4988)
[=================================       ]: 1384 (Loss: 0.4663)
[==================================      ]: 1385 (Loss: 0.4094)
[==================================      ]: 1386 (Loss: 0.3936)
[==================================      ]: 1387 (Loss: 0.4795)
[===================================     ]: 1388 (Loss: 0.4806)
[===================================     ]: 1389 (Loss: 0.3817)
[====================================    ]: 1390 (Loss: 0.4661)
[====================================    ]: 1391 (Loss: 0.4679)
[====================================    ]: 1392 (Loss: 0.5585)
[=====================================   ]: 1393 (Loss: 0.4958)
[=====================================   ]: 1394 (Loss: 0.5650)
[======================================  ]: 1395 (Loss: 0.5103)
[======================================  ]: 1396 (Loss: 0.4810)
[======================================  ]: 1397 (Loss: 0.5570)
[======================================= ]: 1398 (Loss: 0.5343)
[======================================= ]: 1399 (Loss: 0.4983)
[========================================]: 1400 (Loss: 0.4284)
                                                                                                    
[2026-07-16 22:28:36,612] [INFO] [__main__] Batch 1400 Loss: 0.518503 Cost: 10.42 Time: 81 ms/sequence
[2026-07-16 22:28:36,612] [INFO] [__main__] Advice weight norm: 19.226557 | Advice gradient norm: 0.329766

[                                        ]: 1401 (Loss: 0.4833)
[                                        ]: 1402 (Loss: 0.5019)
[=                                       ]: 1403 (Loss: 0.5485)
[=                                       ]: 1404 (Loss: 0.5554)
[==                                      ]: 1405 (Loss: 0.5401)
[==                                      ]: 1406 (Loss: 0.4692)
[==                                      ]: 1407 (Loss: 0.4983)
[===                                     ]: 1408 (Loss: 0.5533)
[===                                     ]: 1409 (Loss: 0.4875)
[====                                    ]: 1410 (Loss: 0.5541)
[====                                    ]: 1411 (Loss: 0.5824)
[====                                    ]: 1412 (Loss: 0.5683)
[=====                                   ]: 1413 (Loss: 0.4322)
[=====                                   ]: 1414 (Loss: 0.5134)
[======                                  ]: 1415 (Loss: 0.5382)
[======                                  ]: 1416 (Loss: 0.4353)
[======                                  ]: 1417 (Loss: 0.4585)
[=======                                 ]: 1418 (Loss: 0.5283)
[=======                                 ]: 1419 (Loss: 0.3872)
[========                                ]: 1420 (Loss: 0.5410)
[========                                ]: 1421 (Loss: 0.4398)
[========                                ]: 1422 (Loss: 0.5132)
[=========                               ]: 1423 (Loss: 0.5648)
[=========                               ]: 1424 (Loss: 0.4418)
[==========                              ]: 1425 (Loss: 0.5052)
[==========                              ]: 1426 (Loss: 0.6183)
[==========                              ]: 1427 (Loss: 0.5958)
[===========                             ]: 1428 (Loss: 0.5233)
[===========                             ]: 1429 (Loss: 0.5542)
[============                            ]: 1430 (Loss: 0.4484)
[============                            ]: 1431 (Loss: 0.5784)
[============                            ]: 1432 (Loss: 0.4711)
[=============                           ]: 1433 (Loss: 0.4766)
[=============                           ]: 1434 (Loss: 0.4944)
[==============                          ]: 1435 (Loss: 0.4654)
[==============                          ]: 1436 (Loss: 0.5169)
[==============                          ]: 1437 (Loss: 0.5955)
[===============                         ]: 1438 (Loss: 0.5986)
[===============                         ]: 1439 (Loss: 0.5409)
[================                        ]: 1440 (Loss: 0.4930)
[================                        ]: 1441 (Loss: 0.5590)
[================                        ]: 1442 (Loss: 0.5505)
[=================                       ]: 1443 (Loss: 0.4983)
[=================                       ]: 1444 (Loss: 0.4697)
[==================                      ]: 1445 (Loss: 0.4363)
[==================                      ]: 1446 (Loss: 0.5081)
[==================                      ]: 1447 (Loss: 0.5058)
[===================                     ]: 1448 (Loss: 0.4687)
[===================                     ]: 1449 (Loss: 0.5745)
[====================                    ]: 1450 (Loss: 0.4904)
[====================                    ]: 1451 (Loss: 0.4938)
[====================                    ]: 1452 (Loss: 0.5374)
[=====================                   ]: 1453 (Loss: 0.5170)
[=====================                   ]: 1454 (Loss: 0.5417)
[======================                  ]: 1455 (Loss: 0.4567)
[======================                  ]: 1456 (Loss: 0.4560)
[======================                  ]: 1457 (Loss: 0.6283)
[=======================                 ]: 1458 (Loss: 0.5615)
[=======================                 ]: 1459 (Loss: 0.4765)
[========================                ]: 1460 (Loss: 0.4990)
[========================                ]: 1461 (Loss: 0.5611)
[========================                ]: 1462 (Loss: 0.5873)
[=========================               ]: 1463 (Loss: 0.5585)
[=========================               ]: 1464 (Loss: 0.5843)
[==========================              ]: 1465 (Loss: 0.4664)
[==========================              ]: 1466 (Loss: 0.4324)
[==========================              ]: 1467 (Loss: 0.5553)
[===========================             ]: 1468 (Loss: 0.4860)
[===========================             ]: 1469 (Loss: 0.5108)
[============================            ]: 1470 (Loss: 0.5448)
[============================            ]: 1471 (Loss: 0.5757)
[============================            ]: 1472 (Loss: 0.4442)
[=============================           ]: 1473 (Loss: 0.4792)
[=============================           ]: 1474 (Loss: 0.6203)
[==============================          ]: 1475 (Loss: 0.6058)
[==============================          ]: 1476 (Loss: 0.5936)
[==============================          ]: 1477 (Loss: 0.5085)
[===============================         ]: 1478 (Loss: 0.5215)
[===============================         ]: 1479 (Loss: 0.4163)
[================================        ]: 1480 (Loss: 0.6180)
[================================        ]: 1481 (Loss: 0.4268)
[================================        ]: 1482 (Loss: 0.4669)
[=================================       ]: 1483 (Loss: 0.5131)
[=================================       ]: 1484 (Loss: 0.6473)
[==================================      ]: 1485 (Loss: 0.5064)
[==================================      ]: 1486 (Loss: 0.4691)
[==================================      ]: 1487 (Loss: 0.5329)
[===================================     ]: 1488 (Loss: 0.5362)
[===================================     ]: 1489 (Loss: 0.5333)
[====================================    ]: 1490 (Loss: 0.4770)
[====================================    ]: 1491 (Loss: 0.5706)
[====================================    ]: 1492 (Loss: 0.5593)
[=====================================   ]: 1493 (Loss: 0.5168)
[=====================================   ]: 1494 (Loss: 0.5225)
[======================================  ]: 1495 (Loss: 0.5249)
[======================================  ]: 1496 (Loss: 0.6218)
[======================================  ]: 1497 (Loss: 0.5429)
[======================================= ]: 1498 (Loss: 0.4830)
[======================================= ]: 1499 (Loss: 0.6600)
[========================================]: 1500 (Loss: 0.4535)
                                                                                                    
[2026-07-16 22:28:44,733] [INFO] [__main__] Batch 1500 Loss: 0.520754 Cost: 10.83 Time: 81 ms/sequence
[2026-07-16 22:28:44,734] [INFO] [__main__] Advice weight norm: 19.247126 | Advice gradient norm: 0.380348

[                                        ]: 1501 (Loss: 0.5314)
[                                        ]: 1502 (Loss: 0.4721)
[=                                       ]: 1503 (Loss: 0.5327)
[=                                       ]: 1504 (Loss: 0.5439)
[==                                      ]: 1505 (Loss: 0.5089)
[==                                      ]: 1506 (Loss: 0.5563)
[==                                      ]: 1507 (Loss: 0.5634)
[===                                     ]: 1508 (Loss: 0.5019)
[===                                     ]: 1509 (Loss: 0.5035)
[====                                    ]: 1510 (Loss: 0.4927)
[====                                    ]: 1511 (Loss: 0.3868)
[====                                    ]: 1512 (Loss: 0.4391)
[=====                                   ]: 1513 (Loss: 0.5312)
[=====                                   ]: 1514 (Loss: 0.4312)
[======                                  ]: 1515 (Loss: 0.5679)
[======                                  ]: 1516 (Loss: 0.5395)
[======                                  ]: 1517 (Loss: 0.4565)
[=======                                 ]: 1518 (Loss: 0.5482)
[=======                                 ]: 1519 (Loss: 0.4492)
[========                                ]: 1520 (Loss: 0.4921)
[========                                ]: 1521 (Loss: 0.4776)
[========                                ]: 1522 (Loss: 0.5292)
[=========                               ]: 1523 (Loss: 0.4782)
[=========                               ]: 1524 (Loss: 0.5099)
[==========                              ]: 1525 (Loss: 0.5843)
[==========                              ]: 1526 (Loss: 0.5500)
[==========                              ]: 1527 (Loss: 0.4840)
[===========                             ]: 1528 (Loss: 0.5435)
[===========                             ]: 1529 (Loss: 0.5657)
[============                            ]: 1530 (Loss: 0.4602)
[============                            ]: 1531 (Loss: 0.5018)
[============                            ]: 1532 (Loss: 0.5165)
[=============                           ]: 1533 (Loss: 0.4282)
[=============                           ]: 1534 (Loss: 0.4804)
[==============                          ]: 1535 (Loss: 0.4698)
[==============                          ]: 1536 (Loss: 0.3420)
[==============                          ]: 1537 (Loss: 0.4227)
[===============                         ]: 1538 (Loss: 0.4463)
[===============                         ]: 1539 (Loss: 0.6126)
[================                        ]: 1540 (Loss: 0.4646)
[================                        ]: 1541 (Loss: 0.4820)
[================                        ]: 1542 (Loss: 0.4609)
[=================                       ]: 1543 (Loss: 0.5149)
[=================                       ]: 1544 (Loss: 0.5943)
[==================                      ]: 1545 (Loss: 0.6046)
[==================                      ]: 1546 (Loss: 0.5128)
[==================                      ]: 1547 (Loss: 0.5155)
[===================                     ]: 1548 (Loss: 0.5409)
[===================                     ]: 1549 (Loss: 0.5202)
[====================                    ]: 1550 (Loss: 0.5694)
[====================                    ]: 1551 (Loss: 0.5507)
[====================                    ]: 1552 (Loss: 0.5942)
[=====================                   ]: 1553 (Loss: 0.4826)
[=====================                   ]: 1554 (Loss: 0.5596)
[======================                  ]: 1555 (Loss: 0.5202)
[======================                  ]: 1556 (Loss: 0.5523)
[======================                  ]: 1557 (Loss: 0.5421)
[=======================                 ]: 1558 (Loss: 0.4487)
[=======================                 ]: 1559 (Loss: 0.5857)
[========================                ]: 1560 (Loss: 0.5052)
[========================                ]: 1561 (Loss: 0.5703)
[========================                ]: 1562 (Loss: 0.5024)
[=========================               ]: 1563 (Loss: 0.5353)
[=========================               ]: 1564 (Loss: 0.4831)
[==========================              ]: 1565 (Loss: 0.5906)
[==========================              ]: 1566 (Loss: 0.4702)
[==========================              ]: 1567 (Loss: 0.5038)
[===========================             ]: 1568 (Loss: 0.4841)
[===========================             ]: 1569 (Loss: 0.4768)
[============================            ]: 1570 (Loss: 0.5150)
[============================            ]: 1571 (Loss: 0.5781)
[============================            ]: 1572 (Loss: 0.4904)
[=============================           ]: 1573 (Loss: 0.5374)
[=============================           ]: 1574 (Loss: 0.5790)
[==============================          ]: 1575 (Loss: 0.4742)
[==============================          ]: 1576 (Loss: 0.4068)
[==============================          ]: 1577 (Loss: 0.5364)
[===============================         ]: 1578 (Loss: 0.4700)
[===============================         ]: 1579 (Loss: 0.5065)
[================================        ]: 1580 (Loss: 0.5849)
[================================        ]: 1581 (Loss: 0.4796)
[================================        ]: 1582 (Loss: 0.5274)
[=================================       ]: 1583 (Loss: 0.4522)
[=================================       ]: 1584 (Loss: 0.4914)
[==================================      ]: 1585 (Loss: 0.5488)
[==================================      ]: 1586 (Loss: 0.4404)
[==================================      ]: 1587 (Loss: 0.4328)
[===================================     ]: 1588 (Loss: 0.4948)
[===================================     ]: 1589 (Loss: 0.4557)
[====================================    ]: 1590 (Loss: 0.4802)
[====================================    ]: 1591 (Loss: 0.5861)
[====================================    ]: 1592 (Loss: 0.4045)
[=====================================   ]: 1593 (Loss: 0.5044)
[=====================================   ]: 1594 (Loss: 0.4113)
[======================================  ]: 1595 (Loss: 0.5073)
[======================================  ]: 1596 (Loss: 0.4103)
[======================================  ]: 1597 (Loss: 0.5256)
[======================================= ]: 1598 (Loss: 0.4942)
[======================================= ]: 1599 (Loss: 0.4686)
[========================================]: 1600 (Loss: 0.5297)
                                                                                                    
[2026-07-16 22:28:53,081] [INFO] [__main__] Batch 1600 Loss: 0.505135 Cost: 10.18 Time: 83 ms/sequence
[2026-07-16 22:28:53,081] [INFO] [__main__] Advice weight norm: 19.267450 | Advice gradient norm: 0.477277

[                                        ]: 1601 (Loss: 0.6141)
[                                        ]: 1602 (Loss: 0.5072)
[=                                       ]: 1603 (Loss: 0.4123)
[=                                       ]: 1604 (Loss: 0.4352)
[==                                      ]: 1605 (Loss: 0.4870)
[==                                      ]: 1606 (Loss: 0.4450)
[==                                      ]: 1607 (Loss: 0.5176)
[===                                     ]: 1608 (Loss: 0.4665)
[===                                     ]: 1609 (Loss: 0.4901)
[====                                    ]: 1610 (Loss: 0.4845)
[====                                    ]: 1611 (Loss: 0.4228)
[====                                    ]: 1612 (Loss: 0.5730)
[=====                                   ]: 1613 (Loss: 0.3873)
[=====                                   ]: 1614 (Loss: 0.4480)
[======                                  ]: 1615 (Loss: 0.5104)
[======                                  ]: 1616 (Loss: 0.4963)
[======                                  ]: 1617 (Loss: 0.4898)
[=======                                 ]: 1618 (Loss: 0.5499)
[=======                                 ]: 1619 (Loss: 0.5688)
[========                                ]: 1620 (Loss: 0.4742)
[========                                ]: 1621 (Loss: 0.4445)
[========                                ]: 1622 (Loss: 0.5818)
[=========                               ]: 1623 (Loss: 0.5165)
[=========                               ]: 1624 (Loss: 0.4342)
[==========                              ]: 1625 (Loss: 0.3918)
[==========                              ]: 1626 (Loss: 0.5134)
[==========                              ]: 1627 (Loss: 0.4228)
[===========                             ]: 1628 (Loss: 0.5034)
[===========                             ]: 1629 (Loss: 0.4540)
[============                            ]: 1630 (Loss: 0.5533)
[============                            ]: 1631 (Loss: 0.6453)
[============                            ]: 1632 (Loss: 0.4587)
[=============                           ]: 1633 (Loss: 0.4801)
[=============                           ]: 1634 (Loss: 0.5495)
[==============                          ]: 1635 (Loss: 0.5862)
[==============                          ]: 1636 (Loss: 0.3954)
[==============                          ]: 1637 (Loss: 0.5167)
[===============                         ]: 1638 (Loss: 0.4797)
[===============                         ]: 1639 (Loss: 0.5812)
[================                        ]: 1640 (Loss: 0.5386)
[================                        ]: 1641 (Loss: 0.5864)
[================                        ]: 1642 (Loss: 0.4044)
[=================                       ]: 1643 (Loss: 0.4085)
[=================                       ]: 1644 (Loss: 0.4936)
[==================                      ]: 1645 (Loss: 0.5335)
[==================                      ]: 1646 (Loss: 0.4312)
[==================                      ]: 1647 (Loss: 0.5712)
[===================                     ]: 1648 (Loss: 0.4336)
[===================                     ]: 1649 (Loss: 0.5313)
[====================                    ]: 1650 (Loss: 0.5998)
[====================                    ]: 1651 (Loss: 0.4453)
[====================                    ]: 1652 (Loss: 0.4756)
[=====================                   ]: 1653 (Loss: 0.4582)
[=====================                   ]: 1654 (Loss: 0.4550)
[======================                  ]: 1655 (Loss: 0.6057)
[======================                  ]: 1656 (Loss: 0.4353)
[======================                  ]: 1657 (Loss: 0.4525)
[=======================                 ]: 1658 (Loss: 0.4522)
[=======================                 ]: 1659 (Loss: 0.3927)
[========================                ]: 1660 (Loss: 0.4240)
[========================                ]: 1661 (Loss: 0.4268)
[========================                ]: 1662 (Loss: 0.5185)
[=========================               ]: 1663 (Loss: 0.4600)
[=========================               ]: 1664 (Loss: 0.5204)
[==========================              ]: 1665 (Loss: 0.5583)
[==========================              ]: 1666 (Loss: 0.4339)
[==========================              ]: 1667 (Loss: 0.4523)
[===========================             ]: 1668 (Loss: 0.5548)
[===========================             ]: 1669 (Loss: 0.5068)
[============================            ]: 1670 (Loss: 0.4122)
[============================            ]: 1671 (Loss: 0.4399)
[============================            ]: 1672 (Loss: 0.5392)
[=============================           ]: 1673 (Loss: 0.5084)
[=============================           ]: 1674 (Loss: 0.4191)
[==============================          ]: 1675 (Loss: 0.5654)
[==============================          ]: 1676 (Loss: 0.5947)
[==============================          ]: 1677 (Loss: 0.6000)
[===============================         ]: 1678 (Loss: 0.4571)
[===============================         ]: 1679 (Loss: 0.3989)
[================================        ]: 1680 (Loss: 0.5281)
[================================        ]: 1681 (Loss: 0.4986)
[================================        ]: 1682 (Loss: 0.5832)
[=================================       ]: 1683 (Loss: 0.5697)
[=================================       ]: 1684 (Loss: 0.4682)
[==================================      ]: 1685 (Loss: 0.4655)
[==================================      ]: 1686 (Loss: 0.5091)
[==================================      ]: 1687 (Loss: 0.5150)
[===================================     ]: 1688 (Loss: 0.4739)
[===================================     ]: 1689 (Loss: 0.4379)
[====================================    ]: 1690 (Loss: 0.6389)
[====================================    ]: 1691 (Loss: 0.3792)
[====================================    ]: 1692 (Loss: 0.5635)
[=====================================   ]: 1693 (Loss: 0.4976)
[=====================================   ]: 1694 (Loss: 0.5254)
[======================================  ]: 1695 (Loss: 0.5240)
[======================================  ]: 1696 (Loss: 0.5136)
[======================================  ]: 1697 (Loss: 0.4873)
[======================================= ]: 1698 (Loss: 0.5461)
[======================================= ]: 1699 (Loss: 0.5495)
[========================================]: 1700 (Loss: 0.4647)
                                                                                                    
[2026-07-16 22:29:01,382] [INFO] [__main__] Batch 1700 Loss: 0.495227 Cost: 10.02 Time: 83 ms/sequence
[2026-07-16 22:29:01,382] [INFO] [__main__] Advice weight norm: 19.281399 | Advice gradient norm: 0.268581

[                                        ]: 1701 (Loss: 0.4354)
[                                        ]: 1702 (Loss: 0.4727)
[=                                       ]: 1703 (Loss: 0.5063)
[=                                       ]: 1704 (Loss: 0.4438)
[==                                      ]: 1705 (Loss: 0.3294)
[==                                      ]: 1706 (Loss: 0.5340)
[==                                      ]: 1707 (Loss: 0.4285)
[===                                     ]: 1708 (Loss: 0.5339)
[===                                     ]: 1709 (Loss: 0.4950)
[====                                    ]: 1710 (Loss: 0.6081)
[====                                    ]: 1711 (Loss: 0.4801)
[====                                    ]: 1712 (Loss: 0.5054)
[=====                                   ]: 1713 (Loss: 0.5684)
[=====                                   ]: 1714 (Loss: 0.4255)
[======                                  ]: 1715 (Loss: 0.4853)
[======                                  ]: 1716 (Loss: 0.6001)
[======                                  ]: 1717 (Loss: 0.4559)
[=======                                 ]: 1718 (Loss: 0.4880)
[=======                                 ]: 1719 (Loss: 0.4991)
[========                                ]: 1720 (Loss: 0.4549)
[========                                ]: 1721 (Loss: 0.4836)
[========                                ]: 1722 (Loss: 0.5082)
[=========                               ]: 1723 (Loss: 0.5331)
[=========                               ]: 1724 (Loss: 0.4087)
[==========                              ]: 1725 (Loss: 0.5882)
[==========                              ]: 1726 (Loss: 0.5425)
[==========                              ]: 1727 (Loss: 0.5080)
[===========                             ]: 1728 (Loss: 0.4938)
[===========                             ]: 1729 (Loss: 0.4399)
[============                            ]: 1730 (Loss: 0.5442)
[============                            ]: 1731 (Loss: 0.4691)
[============                            ]: 1732 (Loss: 0.5349)
[=============                           ]: 1733 (Loss: 0.5337)
[=============                           ]: 1734 (Loss: 0.5305)
[==============                          ]: 1735 (Loss: 0.4941)
[==============                          ]: 1736 (Loss: 0.4974)
[==============                          ]: 1737 (Loss: 0.4682)
[===============                         ]: 1738 (Loss: 0.4834)
[===============                         ]: 1739 (Loss: 0.5102)
[================                        ]: 1740 (Loss: 0.5165)
[================                        ]: 1741 (Loss: 0.4710)
[================                        ]: 1742 (Loss: 0.5064)
[=================                       ]: 1743 (Loss: 0.5127)
[=================                       ]: 1744 (Loss: 0.4290)
[==================                      ]: 1745 (Loss: 0.3767)
[==================                      ]: 1746 (Loss: 0.4935)
[==================                      ]: 1747 (Loss: 0.4389)
[===================                     ]: 1748 (Loss: 0.4520)
[===================                     ]: 1749 (Loss: 0.5089)
[====================                    ]: 1750 (Loss: 0.4466)
[====================                    ]: 1751 (Loss: 0.4563)
[====================                    ]: 1752 (Loss: 0.5261)
[=====================                   ]: 1753 (Loss: 0.5543)
[=====================                   ]: 1754 (Loss: 0.4156)
[======================                  ]: 1755 (Loss: 0.5585)
[======================                  ]: 1756 (Loss: 0.5914)
[======================                  ]: 1757 (Loss: 0.4741)
[=======================                 ]: 1758 (Loss: 0.4628)
[=======================                 ]: 1759 (Loss: 0.5158)
[========================                ]: 1760 (Loss: 0.4158)
[========================                ]: 1761 (Loss: 0.4629)
[========================                ]: 1762 (Loss: 0.4947)
[=========================               ]: 1763 (Loss: 0.5127)
[=========================               ]: 1764 (Loss: 0.5003)
[==========================              ]: 1765 (Loss: 0.4758)
[==========================              ]: 1766 (Loss: 0.3962)
[==========================              ]: 1767 (Loss: 0.5169)
[===========================             ]: 1768 (Loss: 0.4965)
[===========================             ]: 1769 (Loss: 0.4767)
[============================            ]: 1770 (Loss: 0.5032)
[============================            ]: 1771 (Loss: 0.3556)
[============================            ]: 1772 (Loss: 0.5690)
[=============================           ]: 1773 (Loss: 0.5871)
[=============================           ]: 1774 (Loss: 0.5990)
[==============================          ]: 1775 (Loss: 0.4911)
[==============================          ]: 1776 (Loss: 0.4914)
[==============================          ]: 1777 (Loss: 0.5721)
[===============================         ]: 1778 (Loss: 0.5585)
[===============================         ]: 1779 (Loss: 0.3874)
[================================        ]: 1780 (Loss: 0.5449)
[================================        ]: 1781 (Loss: 0.5271)
[================================        ]: 1782 (Loss: 0.4769)
[=================================       ]: 1783 (Loss: 0.5647)
[=================================       ]: 1784 (Loss: 0.5870)
[==================================      ]: 1785 (Loss: 0.4833)
[==================================      ]: 1786 (Loss: 0.5026)
[==================================      ]: 1787 (Loss: 0.5404)
[===================================     ]: 1788 (Loss: 0.5715)
[===================================     ]: 1789 (Loss: 0.6016)
[====================================    ]: 1790 (Loss: 0.4375)
[====================================    ]: 1791 (Loss: 0.4622)
[====================================    ]: 1792 (Loss: 0.3924)
[=====================================   ]: 1793 (Loss: 0.5399)
[=====================================   ]: 1794 (Loss: 0.5576)
[======================================  ]: 1795 (Loss: 0.4793)
[======================================  ]: 1796 (Loss: 0.5124)
[======================================  ]: 1797 (Loss: 0.4203)
[======================================= ]: 1798 (Loss: 0.5247)
[======================================= ]: 1799 (Loss: 0.4819)
[========================================]: 1800 (Loss: 0.4557)
                                                                                                    
[2026-07-16 22:29:09,597] [INFO] [__main__] Batch 1800 Loss: 0.495552 Cost: 9.99 Time: 82 ms/sequence
[2026-07-16 22:29:09,597] [INFO] [__main__] Advice weight norm: 19.287718 | Advice gradient norm: 0.389195

[                                        ]: 1801 (Loss: 0.4973)
[                                        ]: 1802 (Loss: 0.5321)
[=                                       ]: 1803 (Loss: 0.4132)
[=                                       ]: 1804 (Loss: 0.5703)
[==                                      ]: 1805 (Loss: 0.4413)
[==                                      ]: 1806 (Loss: 0.4510)
[==                                      ]: 1807 (Loss: 0.4731)
[===                                     ]: 1808 (Loss: 0.4853)
[===                                     ]: 1809 (Loss: 0.4436)
[====                                    ]: 1810 (Loss: 0.4259)
[====                                    ]: 1811 (Loss: 0.3162)
[====                                    ]: 1812 (Loss: 0.5405)
[=====                                   ]: 1813 (Loss: 0.5213)
[=====                                   ]: 1814 (Loss: 0.4494)
[======                                  ]: 1815 (Loss: 0.4980)
[======                                  ]: 1816 (Loss: 0.4992)
[======                                  ]: 1817 (Loss: 0.5345)
[=======                                 ]: 1818 (Loss: 0.5665)
[=======                                 ]: 1819 (Loss: 0.5440)
[========                                ]: 1820 (Loss: 0.5224)
[========                                ]: 1821 (Loss: 0.4874)
[========                                ]: 1822 (Loss: 0.4559)
[=========                               ]: 1823 (Loss: 0.5754)
[=========                               ]: 1824 (Loss: 0.4130)
[==========                              ]: 1825 (Loss: 0.4405)
[==========                              ]: 1826 (Loss: 0.5327)
[==========                              ]: 1827 (Loss: 0.4277)
[===========                             ]: 1828 (Loss: 0.3764)
[===========                             ]: 1829 (Loss: 0.5570)
[============                            ]: 1830 (Loss: 0.4368)
[============                            ]: 1831 (Loss: 0.4677)
[============                            ]: 1832 (Loss: 0.4413)
[=============                           ]: 1833 (Loss: 0.5168)
[=============                           ]: 1834 (Loss: 0.3534)
[==============                          ]: 1835 (Loss: 0.3870)
[==============                          ]: 1836 (Loss: 0.4946)
[==============                          ]: 1837 (Loss: 0.5721)
[===============                         ]: 1838 (Loss: 0.4632)
[===============                         ]: 1839 (Loss: 0.6369)
[================                        ]: 1840 (Loss: 0.4894)
[================                        ]: 1841 (Loss: 0.4380)
[================                        ]: 1842 (Loss: 0.4914)
[=================                       ]: 1843 (Loss: 0.4752)
[=================                       ]: 1844 (Loss: 0.5592)
[==================                      ]: 1845 (Loss: 0.5077)
[==================                      ]: 1846 (Loss: 0.3821)
[==================                      ]: 1847 (Loss: 0.4421)
[===================                     ]: 1848 (Loss: 0.5848)
[===================                     ]: 1849 (Loss: 0.4749)
[====================                    ]: 1850 (Loss: 0.4257)
[====================                    ]: 1851 (Loss: 0.4728)
[====================                    ]: 1852 (Loss: 0.5212)
[=====================                   ]: 1853 (Loss: 0.5911)
[=====================                   ]: 1854 (Loss: 0.5025)
[======================                  ]: 1855 (Loss: 0.4585)
[======================                  ]: 1856 (Loss: 0.5381)
[======================                  ]: 1857 (Loss: 0.5194)
[=======================                 ]: 1858 (Loss: 0.5608)
[=======================                 ]: 1859 (Loss: 0.5253)
[========================                ]: 1860 (Loss: 0.4901)
[========================                ]: 1861 (Loss: 0.5504)
[========================                ]: 1862 (Loss: 0.5344)
[=========================               ]: 1863 (Loss: 0.5494)
[=========================               ]: 1864 (Loss: 0.4773)
[==========================              ]: 1865 (Loss: 0.4492)
[==========================              ]: 1866 (Loss: 0.4425)
[==========================              ]: 1867 (Loss: 0.5125)
[===========================             ]: 1868 (Loss: 0.4684)
[===========================             ]: 1869 (Loss: 0.5110)
[============================            ]: 1870 (Loss: 0.5144)
[============================            ]: 1871 (Loss: 0.5233)
[============================            ]: 1872 (Loss: 0.3993)
[=============================           ]: 1873 (Loss: 0.5597)
[=============================           ]: 1874 (Loss: 0.4868)
[==============================          ]: 1875 (Loss: 0.4597)
[==============================          ]: 1876 (Loss: 0.4654)
[==============================          ]: 1877 (Loss: 0.4134)
[===============================         ]: 1878 (Loss: 0.5694)
[===============================         ]: 1879 (Loss: 0.5007)
[================================        ]: 1880 (Loss: 0.4881)
[================================        ]: 1881 (Loss: 0.4687)
[================================        ]: 1882 (Loss: 0.4587)
[=================================       ]: 1883 (Loss: 0.5076)
[=================================       ]: 1884 (Loss: 0.5591)
[==================================      ]: 1885 (Loss: 0.4119)
[==================================      ]: 1886 (Loss: 0.4343)
[==================================      ]: 1887 (Loss: 0.5520)
[===================================     ]: 1888 (Loss: 0.5129)
[===================================     ]: 1889 (Loss: 0.4628)
[====================================    ]: 1890 (Loss: 0.4849)
[====================================    ]: 1891 (Loss: 0.5111)
[====================================    ]: 1892 (Loss: 0.4087)
[=====================================   ]: 1893 (Loss: 0.4748)
[=====================================   ]: 1894 (Loss: 0.4380)
[======================================  ]: 1895 (Loss: 0.3586)
[======================================  ]: 1896 (Loss: 0.4589)
[======================================  ]: 1897 (Loss: 0.3699)
[======================================= ]: 1898 (Loss: 0.5712)
[======================================= ]: 1899 (Loss: 0.4929)
[========================================]: 1900 (Loss: 0.4428)
                                                                                                    
[2026-07-16 22:29:17,817] [INFO] [__main__] Batch 1900 Loss: 0.484658 Cost: 9.55 Time: 82 ms/sequence
[2026-07-16 22:29:17,817] [INFO] [__main__] Advice weight norm: 19.293873 | Advice gradient norm: 0.343657

[                                        ]: 1901 (Loss: 0.4719)
[                                        ]: 1902 (Loss: 0.5954)
[=                                       ]: 1903 (Loss: 0.4306)
[=                                       ]: 1904 (Loss: 0.4043)
[==                                      ]: 1905 (Loss: 0.5528)
[==                                      ]: 1906 (Loss: 0.4791)
[==                                      ]: 1907 (Loss: 0.5442)
[===                                     ]: 1908 (Loss: 0.5646)
[===                                     ]: 1909 (Loss: 0.6290)
[====                                    ]: 1910 (Loss: 0.4307)
[====                                    ]: 1911 (Loss: 0.4128)
[====                                    ]: 1912 (Loss: 0.4918)
[=====                                   ]: 1913 (Loss: 0.5776)
[=====                                   ]: 1914 (Loss: 0.4698)
[======                                  ]: 1915 (Loss: 0.4352)
[======                                  ]: 1916 (Loss: 0.5595)
[======                                  ]: 1917 (Loss: 0.4435)
[=======                                 ]: 1918 (Loss: 0.4474)
[=======                                 ]: 1919 (Loss: 0.5092)
[========                                ]: 1920 (Loss: 0.5614)
[========                                ]: 1921 (Loss: 0.6137)
[========                                ]: 1922 (Loss: 0.4424)
[=========                               ]: 1923 (Loss: 0.4742)
[=========                               ]: 1924 (Loss: 0.4224)
[==========                              ]: 1925 (Loss: 0.5418)
[==========                              ]: 1926 (Loss: 0.4180)
[==========                              ]: 1927 (Loss: 0.3469)
[===========                             ]: 1928 (Loss: 0.4998)
[===========                             ]: 1929 (Loss: 0.4436)
[============                            ]: 1930 (Loss: 0.4991)
[============                            ]: 1931 (Loss: 0.5357)
[============                            ]: 1932 (Loss: 0.5482)
[=============                           ]: 1933 (Loss: 0.5808)
[=============                           ]: 1934 (Loss: 0.5769)
[==============                          ]: 1935 (Loss: 0.5013)
[==============                          ]: 1936 (Loss: 0.4777)
[==============                          ]: 1937 (Loss: 0.4213)
[===============                         ]: 1938 (Loss: 0.4865)
[===============                         ]: 1939 (Loss: 0.4618)
[================                        ]: 1940 (Loss: 0.4512)
[================                        ]: 1941 (Loss: 0.5746)
[================                        ]: 1942 (Loss: 0.4546)
[=================                       ]: 1943 (Loss: 0.4291)
[=================                       ]: 1944 (Loss: 0.4790)
[==================                      ]: 1945 (Loss: 0.5016)
[==================                      ]: 1946 (Loss: 0.4830)
[==================                      ]: 1947 (Loss: 0.4467)
[===================                     ]: 1948 (Loss: 0.6141)
[===================                     ]: 1949 (Loss: 0.4734)
[====================                    ]: 1950 (Loss: 0.4575)
[====================                    ]: 1951 (Loss: 0.5145)
[====================                    ]: 1952 (Loss: 0.5243)
[=====================                   ]: 1953 (Loss: 0.5174)
[=====================                   ]: 1954 (Loss: 0.4534)
[======================                  ]: 1955 (Loss: 0.4588)
[======================                  ]: 1956 (Loss: 0.4885)
[======================                  ]: 1957 (Loss: 0.5977)
[=======================                 ]: 1958 (Loss: 0.5055)
[=======================                 ]: 1959 (Loss: 0.3731)
[========================                ]: 1960 (Loss: 0.4424)
[========================                ]: 1961 (Loss: 0.4457)
[========================                ]: 1962 (Loss: 0.5258)
[=========================               ]: 1963 (Loss: 0.4151)
[=========================               ]: 1964 (Loss: 0.4868)
[==========================              ]: 1965 (Loss: 0.4840)
[==========================              ]: 1966 (Loss: 0.5021)
[==========================              ]: 1967 (Loss: 0.5541)
[===========================             ]: 1968 (Loss: 0.4823)
[===========================             ]: 1969 (Loss: 0.5473)
[============================            ]: 1970 (Loss: 0.5593)
[============================            ]: 1971 (Loss: 0.4992)
[============================            ]: 1972 (Loss: 0.5176)
[=============================           ]: 1973 (Loss: 0.4302)
[=============================           ]: 1974 (Loss: 0.4378)
[==============================          ]: 1975 (Loss: 0.4566)
[==============================          ]: 1976 (Loss: 0.5284)
[==============================          ]: 1977 (Loss: 0.3683)
[===============================         ]: 1978 (Loss: 0.4849)
[===============================         ]: 1979 (Loss: 0.5063)
[================================        ]: 1980 (Loss: 0.5907)
[================================        ]: 1981 (Loss: 0.4823)
[================================        ]: 1982 (Loss: 0.4437)
[=================================       ]: 1983 (Loss: 0.4747)
[=================================       ]: 1984 (Loss: 0.4731)
[==================================      ]: 1985 (Loss: 0.4663)
[==================================      ]: 1986 (Loss: 0.4745)
[==================================      ]: 1987 (Loss: 0.5397)
[===================================     ]: 1988 (Loss: 0.5625)
[===================================     ]: 1989 (Loss: 0.5005)
[====================================    ]: 1990 (Loss: 0.4505)
[====================================    ]: 1991 (Loss: 0.4669)
[====================================    ]: 1992 (Loss: 0.5057)
[=====================================   ]: 1993 (Loss: 0.4562)
[=====================================   ]: 1994 (Loss: 0.4870)
[======================================  ]: 1995 (Loss: 0.4848)
[======================================  ]: 1996 (Loss: 0.5191)
[======================================  ]: 1997 (Loss: 0.4330)
[======================================= ]: 1998 (Loss: 0.4989)
[======================================= ]: 1999 (Loss: 0.4096)
[========================================]: 2000 (Loss: 0.5551)
                                                                                                    
[2026-07-16 22:29:25,894] [INFO] [__main__] Batch 2000 Loss: 0.490498 Cost: 9.79 Time: 80 ms/sequence
[2026-07-16 22:29:25,894] [INFO] [__main__] Advice weight norm: 19.317747 | Advice gradient norm: 0.582603

                                                                                                    
[2026-07-16 22:29:25,895] [INFO] [__main__] Saving checkpoint to 'runs\copy_sanity_len5\copy\combined\seed_1002\checkpoint-batch-00002000.pt'

[                                        ]: 2001 (Loss: 0.4360)
[                                        ]: 2002 (Loss: 0.4723)
[=                                       ]: 2003 (Loss: 0.4669)
[=                                       ]: 2004 (Loss: 0.4367)
[==                                      ]: 2005 (Loss: 0.4314)
[==                                      ]: 2006 (Loss: 0.4518)
[==                                      ]: 2007 (Loss: 0.5017)
[===                                     ]: 2008 (Loss: 0.5074)
[===                                     ]: 2009 (Loss: 0.5135)
[====                                    ]: 2010 (Loss: 0.5004)
[====                                    ]: 2011 (Loss: 0.4532)
[====                                    ]: 2012 (Loss: 0.3661)
[=====                                   ]: 2013 (Loss: 0.3961)
[=====                                   ]: 2014 (Loss: 0.5578)
[======                                  ]: 2015 (Loss: 0.5409)
[======                                  ]: 2016 (Loss: 0.5219)
[======                                  ]: 2017 (Loss: 0.4513)
[=======                                 ]: 2018 (Loss: 0.4973)
[=======                                 ]: 2019 (Loss: 0.4710)
[========                                ]: 2020 (Loss: 0.4746)
[========                                ]: 2021 (Loss: 0.4993)
[========                                ]: 2022 (Loss: 0.4167)
[=========                               ]: 2023 (Loss: 0.5544)
[=========                               ]: 2024 (Loss: 0.5241)
[==========                              ]: 2025 (Loss: 0.4762)
[==========                              ]: 2026 (Loss: 0.4730)
[==========                              ]: 2027 (Loss: 0.5703)
[===========                             ]: 2028 (Loss: 0.3795)
[===========                             ]: 2029 (Loss: 0.5255)
[============                            ]: 2030 (Loss: 0.4703)
[============                            ]: 2031 (Loss: 0.5248)
[============                            ]: 2032 (Loss: 0.4878)
[=============                           ]: 2033 (Loss: 0.5213)
[=============                           ]: 2034 (Loss: 0.5385)
[==============                          ]: 2035 (Loss: 0.5810)
[==============                          ]: 2036 (Loss: 0.4294)
[==============                          ]: 2037 (Loss: 0.4631)
[===============                         ]: 2038 (Loss: 0.4725)
[===============                         ]: 2039 (Loss: 0.4344)
[================                        ]: 2040 (Loss: 0.5359)
[================                        ]: 2041 (Loss: 0.4354)
[================                        ]: 2042 (Loss: 0.4028)
[=================                       ]: 2043 (Loss: 0.4716)
[=================                       ]: 2044 (Loss: 0.5645)
[==================                      ]: 2045 (Loss: 0.3279)
[==================                      ]: 2046 (Loss: 0.4741)
[==================                      ]: 2047 (Loss: 0.5316)
[===================                     ]: 2048 (Loss: 0.3310)
[===================                     ]: 2049 (Loss: 0.5052)
[====================                    ]: 2050 (Loss: 0.4795)
[====================                    ]: 2051 (Loss: 0.4764)
[====================                    ]: 2052 (Loss: 0.4776)
[=====================                   ]: 2053 (Loss: 0.5191)
[=====================                   ]: 2054 (Loss: 0.4378)
[======================                  ]: 2055 (Loss: 0.5096)
[======================                  ]: 2056 (Loss: 0.4920)
[======================                  ]: 2057 (Loss: 0.5105)
[=======================                 ]: 2058 (Loss: 0.4897)
[=======================                 ]: 2059 (Loss: 0.5923)
[========================                ]: 2060 (Loss: 0.4901)
[========================                ]: 2061 (Loss: 0.4600)
[========================                ]: 2062 (Loss: 0.4601)
[=========================               ]: 2063 (Loss: 0.4947)
[=========================               ]: 2064 (Loss: 0.4486)
[==========================              ]: 2065 (Loss: 0.4564)
[==========================              ]: 2066 (Loss: 0.4714)
[==========================              ]: 2067 (Loss: 0.4995)
[===========================             ]: 2068 (Loss: 0.5140)
[===========================             ]: 2069 (Loss: 0.5548)
[============================            ]: 2070 (Loss: 0.5103)
[============================            ]: 2071 (Loss: 0.3745)
[============================            ]: 2072 (Loss: 0.4714)
[=============================           ]: 2073 (Loss: 0.4851)
[=============================           ]: 2074 (Loss: 0.5105)
[==============================          ]: 2075 (Loss: 0.4557)
[==============================          ]: 2076 (Loss: 0.4875)
[==============================          ]: 2077 (Loss: 0.3927)
[===============================         ]: 2078 (Loss: 0.4128)
[===============================         ]: 2079 (Loss: 0.3892)
[================================        ]: 2080 (Loss: 0.3727)
[================================        ]: 2081 (Loss: 0.4846)
[================================        ]: 2082 (Loss: 0.5419)
[=================================       ]: 2083 (Loss: 0.4845)
[=================================       ]: 2084 (Loss: 0.4581)
[==================================      ]: 2085 (Loss: 0.5204)
[==================================      ]: 2086 (Loss: 0.4303)
[==================================      ]: 2087 (Loss: 0.5539)
[===================================     ]: 2088 (Loss: 0.4156)
[===================================     ]: 2089 (Loss: 0.6522)
[====================================    ]: 2090 (Loss: 0.3787)
[====================================    ]: 2091 (Loss: 0.4523)
[====================================    ]: 2092 (Loss: 0.5558)
[=====================================   ]: 2093 (Loss: 0.4792)
[=====================================   ]: 2094 (Loss: 0.4117)
[======================================  ]: 2095 (Loss: 0.5031)
[======================================  ]: 2096 (Loss: 0.4592)
[======================================  ]: 2097 (Loss: 0.4791)
[======================================= ]: 2098 (Loss: 0.3971)
[======================================= ]: 2099 (Loss: 0.5094)
[========================================]: 2100 (Loss: 0.5622)
                                                                                                    
[2026-07-16 22:29:34,016] [INFO] [__main__] Batch 2100 Loss: 0.477955 Cost: 9.41 Time: 81 ms/sequence
[2026-07-16 22:29:34,016] [INFO] [__main__] Advice weight norm: 19.327595 | Advice gradient norm: 0.366703

[                                        ]: 2101 (Loss: 0.5531)
[                                        ]: 2102 (Loss: 0.5413)
[=                                       ]: 2103 (Loss: 0.5503)
[=                                       ]: 2104 (Loss: 0.3868)
[==                                      ]: 2105 (Loss: 0.5074)
[==                                      ]: 2106 (Loss: 0.5126)
[==                                      ]: 2107 (Loss: 0.4665)
[===                                     ]: 2108 (Loss: 0.5112)
[===                                     ]: 2109 (Loss: 0.4761)
[====                                    ]: 2110 (Loss: 0.3793)
[====                                    ]: 2111 (Loss: 0.4770)
[====                                    ]: 2112 (Loss: 0.3890)
[=====                                   ]: 2113 (Loss: 0.3963)
[=====                                   ]: 2114 (Loss: 0.4797)
[======                                  ]: 2115 (Loss: 0.4043)
[======                                  ]: 2116 (Loss: 0.4027)
[======                                  ]: 2117 (Loss: 0.4383)
[=======                                 ]: 2118 (Loss: 0.5291)
[=======                                 ]: 2119 (Loss: 0.4896)
[========                                ]: 2120 (Loss: 0.4753)
[========                                ]: 2121 (Loss: 0.4350)
[========                                ]: 2122 (Loss: 0.5729)
[=========                               ]: 2123 (Loss: 0.3753)
[=========                               ]: 2124 (Loss: 0.2424)
[==========                              ]: 2125 (Loss: 0.4384)
[==========                              ]: 2126 (Loss: 0.4890)
[==========                              ]: 2127 (Loss: 0.4592)
[===========                             ]: 2128 (Loss: 0.4853)
[===========                             ]: 2129 (Loss: 0.3860)
[============                            ]: 2130 (Loss: 0.4626)
[============                            ]: 2131 (Loss: 0.4385)
[============                            ]: 2132 (Loss: 0.4434)
[=============                           ]: 2133 (Loss: 0.4598)
[=============                           ]: 2134 (Loss: 0.4728)
[==============                          ]: 2135 (Loss: 0.6002)
[==============                          ]: 2136 (Loss: 0.4496)
[==============                          ]: 2137 (Loss: 0.5380)
[===============                         ]: 2138 (Loss: 0.3709)
[===============                         ]: 2139 (Loss: 0.4287)
[================                        ]: 2140 (Loss: 0.5685)
[================                        ]: 2141 (Loss: 0.3942)
[================                        ]: 2142 (Loss: 0.5911)
[=================                       ]: 2143 (Loss: 0.4148)
[=================                       ]: 2144 (Loss: 0.4412)
[==================                      ]: 2145 (Loss: 0.3899)
[==================                      ]: 2146 (Loss: 0.5550)
[==================                      ]: 2147 (Loss: 0.5544)
[===================                     ]: 2148 (Loss: 0.4625)
[===================                     ]: 2149 (Loss: 0.4831)
[====================                    ]: 2150 (Loss: 0.5072)
[====================                    ]: 2151 (Loss: 0.3741)
[====================                    ]: 2152 (Loss: 0.4758)
[=====================                   ]: 2153 (Loss: 0.4393)
[=====================                   ]: 2154 (Loss: 0.4388)
[======================                  ]: 2155 (Loss: 0.4857)
[======================                  ]: 2156 (Loss: 0.4368)
[======================                  ]: 2157 (Loss: 0.4195)
[=======================                 ]: 2158 (Loss: 0.4564)
[=======================                 ]: 2159 (Loss: 0.4430)
[========================                ]: 2160 (Loss: 0.3607)
[========================                ]: 2161 (Loss: 0.4063)
[========================                ]: 2162 (Loss: 0.5144)
[=========================               ]: 2163 (Loss: 0.6369)
[=========================               ]: 2164 (Loss: 0.5137)
[==========================              ]: 2165 (Loss: 0.6194)
[==========================              ]: 2166 (Loss: 0.4578)
[==========================              ]: 2167 (Loss: 0.3113)
[===========================             ]: 2168 (Loss: 0.4281)
[===========================             ]: 2169 (Loss: 0.4327)
[============================            ]: 2170 (Loss: 0.5116)
[============================            ]: 2171 (Loss: 0.5388)
[============================            ]: 2172 (Loss: 0.4635)
[=============================           ]: 2173 (Loss: 0.4964)
[=============================           ]: 2174 (Loss: 0.5093)
[==============================          ]: 2175 (Loss: 0.5254)
[==============================          ]: 2176 (Loss: 0.4965)
[==============================          ]: 2177 (Loss: 0.4584)
[===============================         ]: 2178 (Loss: 0.4887)
[===============================         ]: 2179 (Loss: 0.4844)
[================================        ]: 2180 (Loss: 0.4784)
[================================        ]: 2181 (Loss: 0.3891)
[================================        ]: 2182 (Loss: 0.5538)
[=================================       ]: 2183 (Loss: 0.3879)
[=================================       ]: 2184 (Loss: 0.4550)
[==================================      ]: 2185 (Loss: 0.4997)
[==================================      ]: 2186 (Loss: 0.4775)
[==================================      ]: 2187 (Loss: 0.5228)
[===================================     ]: 2188 (Loss: 0.5350)
[===================================     ]: 2189 (Loss: 0.5319)
[====================================    ]: 2190 (Loss: 0.3740)
[====================================    ]: 2191 (Loss: 0.4187)
[====================================    ]: 2192 (Loss: 0.5454)
[=====================================   ]: 2193 (Loss: 0.4269)
[=====================================   ]: 2194 (Loss: 0.5203)
[======================================  ]: 2195 (Loss: 0.5012)
[======================================  ]: 2196 (Loss: 0.4559)
[======================================  ]: 2197 (Loss: 0.5180)
[======================================= ]: 2198 (Loss: 0.5363)
[======================================= ]: 2199 (Loss: 0.4392)
[========================================]: 2200 (Loss: 0.3526)
                                                                                                    
[2026-07-16 22:29:42,672] [INFO] [__main__] Batch 2200 Loss: 0.468192 Cost: 9.22 Time: 86 ms/sequence
[2026-07-16 22:29:42,672] [INFO] [__main__] Advice weight norm: 19.350370 | Advice gradient norm: 0.296521

[                                        ]: 2201 (Loss: 0.4718)
[                                        ]: 2202 (Loss: 0.4848)
[=                                       ]: 2203 (Loss: 0.4815)
[=                                       ]: 2204 (Loss: 0.3276)
[==                                      ]: 2205 (Loss: 0.3427)
[==                                      ]: 2206 (Loss: 0.4498)
[==                                      ]: 2207 (Loss: 0.4956)
[===                                     ]: 2208 (Loss: 0.4066)
[===                                     ]: 2209 (Loss: 0.5405)
[====                                    ]: 2210 (Loss: 0.3893)
[====                                    ]: 2211 (Loss: 0.5793)
[====                                    ]: 2212 (Loss: 0.6583)
[=====                                   ]: 2213 (Loss: 0.5442)
[=====                                   ]: 2214 (Loss: 0.4963)
[======                                  ]: 2215 (Loss: 0.4972)
[======                                  ]: 2216 (Loss: 0.4214)
[======                                  ]: 2217 (Loss: 0.4704)
[=======                                 ]: 2218 (Loss: 0.5223)
[=======                                 ]: 2219 (Loss: 0.4242)
[========                                ]: 2220 (Loss: 0.4382)
[========                                ]: 2221 (Loss: 0.4866)
[========                                ]: 2222 (Loss: 0.4918)
[=========                               ]: 2223 (Loss: 0.4844)
[=========                               ]: 2224 (Loss: 0.5904)
[==========                              ]: 2225 (Loss: 0.5703)
[==========                              ]: 2226 (Loss: 0.5090)
[==========                              ]: 2227 (Loss: 0.4355)
[===========                             ]: 2228 (Loss: 0.4715)
[===========                             ]: 2229 (Loss: 0.4257)
[============                            ]: 2230 (Loss: 0.5051)
[============                            ]: 2231 (Loss: 0.4690)
[============                            ]: 2232 (Loss: 0.4998)
[=============                           ]: 2233 (Loss: 0.3918)
[=============                           ]: 2234 (Loss: 0.4281)
[==============                          ]: 2235 (Loss: 0.5391)
[==============                          ]: 2236 (Loss: 0.4150)
[==============                          ]: 2237 (Loss: 0.3936)
[===============                         ]: 2238 (Loss: 0.3200)
[===============                         ]: 2239 (Loss: 0.4753)
[================                        ]: 2240 (Loss: 0.4102)
[================                        ]: 2241 (Loss: 0.5500)
[================                        ]: 2242 (Loss: 0.4689)
[=================                       ]: 2243 (Loss: 0.4091)
[=================                       ]: 2244 (Loss: 0.4534)
[==================                      ]: 2245 (Loss: 0.3917)
[==================                      ]: 2246 (Loss: 0.4921)
[==================                      ]: 2247 (Loss: 0.4541)
[===================                     ]: 2248 (Loss: 0.4934)
[===================                     ]: 2249 (Loss: 0.4777)
[====================                    ]: 2250 (Loss: 0.4039)
[====================                    ]: 2251 (Loss: 0.4557)
[====================                    ]: 2252 (Loss: 0.5907)
[=====================                   ]: 2253 (Loss: 0.5087)
[=====================                   ]: 2254 (Loss: 0.3512)
[======================                  ]: 2255 (Loss: 0.3915)
[======================                  ]: 2256 (Loss: 0.4293)
[======================                  ]: 2257 (Loss: 0.3645)
[=======================                 ]: 2258 (Loss: 0.5106)
[=======================                 ]: 2259 (Loss: 0.4293)
[========================                ]: 2260 (Loss: 0.5384)
[========================                ]: 2261 (Loss: 0.5107)
[========================                ]: 2262 (Loss: 0.3940)
[=========================               ]: 2263 (Loss: 0.3255)
[=========================               ]: 2264 (Loss: 0.5035)
[==========================              ]: 2265 (Loss: 0.4990)
[==========================              ]: 2266 (Loss: 0.4905)
[==========================              ]: 2267 (Loss: 0.5040)
[===========================             ]: 2268 (Loss: 0.4936)
[===========================             ]: 2269 (Loss: 0.3639)
[============================            ]: 2270 (Loss: 0.3395)
[============================            ]: 2271 (Loss: 0.3488)
[============================            ]: 2272 (Loss: 0.4503)
[=============================           ]: 2273 (Loss: 0.5132)
[=============================           ]: 2274 (Loss: 0.4487)
[==============================          ]: 2275 (Loss: 0.4751)
[==============================          ]: 2276 (Loss: 0.5877)
[==============================          ]: 2277 (Loss: 0.4943)
[===============================         ]: 2278 (Loss: 0.4203)
[===============================         ]: 2279 (Loss: 0.4332)
[================================        ]: 2280 (Loss: 0.4945)
[================================        ]: 2281 (Loss: 0.4456)
[================================        ]: 2282 (Loss: 0.4708)
[=================================       ]: 2283 (Loss: 0.5008)
[=================================       ]: 2284 (Loss: 0.6545)
[==================================      ]: 2285 (Loss: 0.4747)
[==================================      ]: 2286 (Loss: 0.5433)
[==================================      ]: 2287 (Loss: 0.5119)
[===================================     ]: 2288 (Loss: 0.3799)
[===================================     ]: 2289 (Loss: 0.5049)
[====================================    ]: 2290 (Loss: 0.5689)
[====================================    ]: 2291 (Loss: 0.5858)
[====================================    ]: 2292 (Loss: 0.5772)
[=====================================   ]: 2293 (Loss: 0.4492)
[=====================================   ]: 2294 (Loss: 0.3591)
[======================================  ]: 2295 (Loss: 0.4838)
[======================================  ]: 2296 (Loss: 0.4310)
[======================================  ]: 2297 (Loss: 0.6099)
[======================================= ]: 2298 (Loss: 0.4632)
[======================================= ]: 2299 (Loss: 0.4319)
[========================================]: 2300 (Loss: 0.5188)
                                                                                                    
[2026-07-16 22:29:50,924] [INFO] [__main__] Batch 2300 Loss: 0.469737 Cost: 8.91 Time: 82 ms/sequence
[2026-07-16 22:29:50,924] [INFO] [__main__] Advice weight norm: 19.365276 | Advice gradient norm: 0.407901

[                                        ]: 2301 (Loss: 0.4630)
[                                        ]: 2302 (Loss: 0.3872)
[=                                       ]: 2303 (Loss: 0.4936)
[=                                       ]: 2304 (Loss: 0.4917)
[==                                      ]: 2305 (Loss: 0.4231)
[==                                      ]: 2306 (Loss: 0.4421)
[==                                      ]: 2307 (Loss: 0.5134)
[===                                     ]: 2308 (Loss: 0.4280)
[===                                     ]: 2309 (Loss: 0.5066)
[====                                    ]: 2310 (Loss: 0.5623)
[====                                    ]: 2311 (Loss: 0.3852)
[====                                    ]: 2312 (Loss: 0.4260)
[=====                                   ]: 2313 (Loss: 0.5647)
[=====                                   ]: 2314 (Loss: 0.5074)
[======                                  ]: 2315 (Loss: 0.4025)
[======                                  ]: 2316 (Loss: 0.4660)
[======                                  ]: 2317 (Loss: 0.4346)
[=======                                 ]: 2318 (Loss: 0.5315)
[=======                                 ]: 2319 (Loss: 0.5775)
[========                                ]: 2320 (Loss: 0.5482)
[========                                ]: 2321 (Loss: 0.5298)
[========                                ]: 2322 (Loss: 0.4968)
[=========                               ]: 2323 (Loss: 0.5081)
[=========                               ]: 2324 (Loss: 0.3955)
[==========                              ]: 2325 (Loss: 0.3724)
[==========                              ]: 2326 (Loss: 0.4740)
[==========                              ]: 2327 (Loss: 0.4281)
[===========                             ]: 2328 (Loss: 0.4496)
[===========                             ]: 2329 (Loss: 0.5284)
[============                            ]: 2330 (Loss: 0.3466)
[============                            ]: 2331 (Loss: 0.4506)
[============                            ]: 2332 (Loss: 0.5304)
[=============                           ]: 2333 (Loss: 0.5419)
[=============                           ]: 2334 (Loss: 0.4078)
[==============                          ]: 2335 (Loss: 0.4346)
[==============                          ]: 2336 (Loss: 0.3758)
[==============                          ]: 2337 (Loss: 0.3352)
[===============                         ]: 2338 (Loss: 0.4974)
[===============                         ]: 2339 (Loss: 0.3994)
[================                        ]: 2340 (Loss: 0.3732)
[================                        ]: 2341 (Loss: 0.5088)
[================                        ]: 2342 (Loss: 0.5263)
[=================                       ]: 2343 (Loss: 0.3758)
[=================                       ]: 2344 (Loss: 0.4847)
[==================                      ]: 2345 (Loss: 0.4977)
[==================                      ]: 2346 (Loss: 0.4989)
[==================                      ]: 2347 (Loss: 0.4066)
[===================                     ]: 2348 (Loss: 0.4900)
[===================                     ]: 2349 (Loss: 0.5290)
[====================                    ]: 2350 (Loss: 0.4681)
[====================                    ]: 2351 (Loss: 0.3493)
[====================                    ]: 2352 (Loss: 0.4516)
[=====================                   ]: 2353 (Loss: 0.5533)
[=====================                   ]: 2354 (Loss: 0.3097)
[======================                  ]: 2355 (Loss: 0.4828)
[======================                  ]: 2356 (Loss: 0.4085)
[======================                  ]: 2357 (Loss: 0.3965)
[=======================                 ]: 2358 (Loss: 0.4294)
[=======================                 ]: 2359 (Loss: 0.4110)
[========================                ]: 2360 (Loss: 0.4411)
[========================                ]: 2361 (Loss: 0.4594)
[========================                ]: 2362 (Loss: 0.5234)
[=========================               ]: 2363 (Loss: 0.4626)
[=========================               ]: 2364 (Loss: 0.4836)
[==========================              ]: 2365 (Loss: 0.5262)
[==========================              ]: 2366 (Loss: 0.4410)
[==========================              ]: 2367 (Loss: 0.4851)
[===========================             ]: 2368 (Loss: 0.4986)
[===========================             ]: 2369 (Loss: 0.5170)
[============================            ]: 2370 (Loss: 0.5676)
[============================            ]: 2371 (Loss: 0.3909)
[============================            ]: 2372 (Loss: 0.4578)
[=============================           ]: 2373 (Loss: 0.5356)
[=============================           ]: 2374 (Loss: 0.3864)
[==============================          ]: 2375 (Loss: 0.4583)
[==============================          ]: 2376 (Loss: 0.5741)
[==============================          ]: 2377 (Loss: 0.4934)
[===============================         ]: 2378 (Loss: 0.4399)
[===============================         ]: 2379 (Loss: 0.4113)
[================================        ]: 2380 (Loss: 0.5754)
[================================        ]: 2381 (Loss: 0.4752)
[================================        ]: 2382 (Loss: 0.4534)
[=================================       ]: 2383 (Loss: 0.3194)
[=================================       ]: 2384 (Loss: 0.4480)
[==================================      ]: 2385 (Loss: 0.4157)
[==================================      ]: 2386 (Loss: 0.4222)
[==================================      ]: 2387 (Loss: 0.3420)
[===================================     ]: 2388 (Loss: 0.5396)
[===================================     ]: 2389 (Loss: 0.3480)
[====================================    ]: 2390 (Loss: 0.3964)
[====================================    ]: 2391 (Loss: 0.4346)
[====================================    ]: 2392 (Loss: 0.5365)
[=====================================   ]: 2393 (Loss: 0.4525)
[=====================================   ]: 2394 (Loss: 0.4092)
[======================================  ]: 2395 (Loss: 0.4521)
[======================================  ]: 2396 (Loss: 0.3930)
[======================================  ]: 2397 (Loss: 0.3413)
[======================================= ]: 2398 (Loss: 0.4551)
[======================================= ]: 2399 (Loss: 0.5297)
[========================================]: 2400 (Loss: 0.4538)
                                                                                                    
[2026-07-16 22:29:59,299] [INFO] [__main__] Batch 2400 Loss: 0.457545 Cost: 8.92 Time: 83 ms/sequence
[2026-07-16 22:29:59,299] [INFO] [__main__] Advice weight norm: 19.388029 | Advice gradient norm: 0.413993

[                                        ]: 2401 (Loss: 0.4775)
[                                        ]: 2402 (Loss: 0.4303)
[=                                       ]: 2403 (Loss: 0.5720)
[=                                       ]: 2404 (Loss: 0.5453)
[==                                      ]: 2405 (Loss: 0.4735)
[==                                      ]: 2406 (Loss: 0.4132)
[==                                      ]: 2407 (Loss: 0.4518)
[===                                     ]: 2408 (Loss: 0.5098)
[===                                     ]: 2409 (Loss: 0.5518)
[====                                    ]: 2410 (Loss: 0.5675)
[====                                    ]: 2411 (Loss: 0.4710)
[====                                    ]: 2412 (Loss: 0.4773)
[=====                                   ]: 2413 (Loss: 0.4692)
[=====                                   ]: 2414 (Loss: 0.4055)
[======                                  ]: 2415 (Loss: 0.4474)
[======                                  ]: 2416 (Loss: 0.3981)
[======                                  ]: 2417 (Loss: 0.3505)
[=======                                 ]: 2418 (Loss: 0.4953)
[=======                                 ]: 2419 (Loss: 0.4462)
[========                                ]: 2420 (Loss: 0.4894)
[========                                ]: 2421 (Loss: 0.4608)
[========                                ]: 2422 (Loss: 0.5085)
[=========                               ]: 2423 (Loss: 0.3493)
[=========                               ]: 2424 (Loss: 0.4868)
[==========                              ]: 2425 (Loss: 0.5246)
[==========                              ]: 2426 (Loss: 0.3782)
[==========                              ]: 2427 (Loss: 0.4611)
[===========                             ]: 2428 (Loss: 0.5057)
[===========                             ]: 2429 (Loss: 0.4586)
[============                            ]: 2430 (Loss: 0.4758)
[============                            ]: 2431 (Loss: 0.4765)
[============                            ]: 2432 (Loss: 0.4533)
[=============                           ]: 2433 (Loss: 0.4343)
[=============                           ]: 2434 (Loss: 0.4847)
[==============                          ]: 2435 (Loss: 0.3721)
[==============                          ]: 2436 (Loss: 0.4101)
[==============                          ]: 2437 (Loss: 0.5363)
[===============                         ]: 2438 (Loss: 0.4768)
[===============                         ]: 2439 (Loss: 0.5799)
[================                        ]: 2440 (Loss: 0.4416)
[================                        ]: 2441 (Loss: 0.4554)
[================                        ]: 2442 (Loss: 0.5207)
[=================                       ]: 2443 (Loss: 0.3164)
[=================                       ]: 2444 (Loss: 0.4589)
[==================                      ]: 2445 (Loss: 0.4305)
[==================                      ]: 2446 (Loss: 0.5318)
[==================                      ]: 2447 (Loss: 0.4683)
[===================                     ]: 2448 (Loss: 0.3527)
[===================                     ]: 2449 (Loss: 0.5617)
[====================                    ]: 2450 (Loss: 0.4677)
[====================                    ]: 2451 (Loss: 0.4480)
[====================                    ]: 2452 (Loss: 0.4418)
[=====================                   ]: 2453 (Loss: 0.4897)
[=====================                   ]: 2454 (Loss: 0.4304)
[======================                  ]: 2455 (Loss: 0.3630)
[======================                  ]: 2456 (Loss: 0.4246)
[======================                  ]: 2457 (Loss: 0.3804)
[=======================                 ]: 2458 (Loss: 0.4507)
[=======================                 ]: 2459 (Loss: 0.4364)
[========================                ]: 2460 (Loss: 0.4413)
[========================                ]: 2461 (Loss: 0.3256)
[========================                ]: 2462 (Loss: 0.4065)
[=========================               ]: 2463 (Loss: 0.4745)
[=========================               ]: 2464 (Loss: 0.4331)
[==========================              ]: 2465 (Loss: 0.3777)
[==========================              ]: 2466 (Loss: 0.4312)
[==========================              ]: 2467 (Loss: 0.4361)
[===========================             ]: 2468 (Loss: 0.4756)
[===========================             ]: 2469 (Loss: 0.3636)
[============================            ]: 2470 (Loss: 0.5075)
[============================            ]: 2471 (Loss: 0.3861)
[============================            ]: 2472 (Loss: 0.4184)
[=============================           ]: 2473 (Loss: 0.4665)
[=============================           ]: 2474 (Loss: 0.3889)
[==============================          ]: 2475 (Loss: 0.3540)
[==============================          ]: 2476 (Loss: 0.4652)
[==============================          ]: 2477 (Loss: 0.3744)
[===============================         ]: 2478 (Loss: 0.2592)
[===============================         ]: 2479 (Loss: 0.4861)
[================================        ]: 2480 (Loss: 0.4387)
[================================        ]: 2481 (Loss: 0.5398)
[================================        ]: 2482 (Loss: 0.3151)
[=================================       ]: 2483 (Loss: 0.3730)
[=================================       ]: 2484 (Loss: 0.3983)
[==================================      ]: 2485 (Loss: 0.4931)
[==================================      ]: 2486 (Loss: 0.5212)
[==================================      ]: 2487 (Loss: 0.3168)
[===================================     ]: 2488 (Loss: 0.5189)
[===================================     ]: 2489 (Loss: 0.4020)
[====================================    ]: 2490 (Loss: 0.4254)
[====================================    ]: 2491 (Loss: 0.3224)
[====================================    ]: 2492 (Loss: 0.4720)
[=====================================   ]: 2493 (Loss: 0.4243)
[=====================================   ]: 2494 (Loss: 0.3752)
[======================================  ]: 2495 (Loss: 0.4094)
[======================================  ]: 2496 (Loss: 0.5485)
[======================================  ]: 2497 (Loss: 0.2781)
[======================================= ]: 2498 (Loss: 0.4568)
[======================================= ]: 2499 (Loss: 0.5804)
[========================================]: 2500 (Loss: 0.3362)
                                                                                                    
[2026-07-16 22:30:07,733] [INFO] [__main__] Batch 2500 Loss: 0.443632 Cost: 8.47 Time: 84 ms/sequence
[2026-07-16 22:30:07,733] [INFO] [__main__] Advice weight norm: 19.410391 | Advice gradient norm: 0.483129

[                                        ]: 2501 (Loss: 0.5953)
[                                        ]: 2502 (Loss: 0.4415)
[=                                       ]: 2503 (Loss: 0.4806)
[=                                       ]: 2504 (Loss: 0.3727)
[==                                      ]: 2505 (Loss: 0.5064)
[==                                      ]: 2506 (Loss: 0.5618)
[==                                      ]: 2507 (Loss: 0.4207)
[===                                     ]: 2508 (Loss: 0.5018)
[===                                     ]: 2509 (Loss: 0.4501)
[====                                    ]: 2510 (Loss: 0.5092)
[====                                    ]: 2511 (Loss: 0.6163)
[====                                    ]: 2512 (Loss: 0.3842)
[=====                                   ]: 2513 (Loss: 0.4243)
[=====                                   ]: 2514 (Loss: 0.4415)
[======                                  ]: 2515 (Loss: 0.3771)
[======                                  ]: 2516 (Loss: 0.3651)
[======                                  ]: 2517 (Loss: 0.4510)
[=======                                 ]: 2518 (Loss: 0.4554)
[=======                                 ]: 2519 (Loss: 0.4190)
[========                                ]: 2520 (Loss: 0.5844)
[========                                ]: 2521 (Loss: 0.3414)
[========                                ]: 2522 (Loss: 0.5059)
[=========                               ]: 2523 (Loss: 0.4517)
[=========                               ]: 2524 (Loss: 0.4980)
[==========                              ]: 2525 (Loss: 0.3909)
[==========                              ]: 2526 (Loss: 0.5884)
[==========                              ]: 2527 (Loss: 0.4987)
[===========                             ]: 2528 (Loss: 0.4570)
[===========                             ]: 2529 (Loss: 0.5467)
[============                            ]: 2530 (Loss: 0.3362)
[============                            ]: 2531 (Loss: 0.4209)
[============                            ]: 2532 (Loss: 0.4664)
[=============                           ]: 2533 (Loss: 0.4236)
[=============                           ]: 2534 (Loss: 0.3887)
[==============                          ]: 2535 (Loss: 0.3666)
[==============                          ]: 2536 (Loss: 0.4835)
[==============                          ]: 2537 (Loss: 0.4708)
[===============                         ]: 2538 (Loss: 0.4890)
[===============                         ]: 2539 (Loss: 0.5270)
[================                        ]: 2540 (Loss: 0.4394)
[================                        ]: 2541 (Loss: 0.4297)
[================                        ]: 2542 (Loss: 0.3729)
[=================                       ]: 2543 (Loss: 0.4536)
[=================                       ]: 2544 (Loss: 0.4317)
[==================                      ]: 2545 (Loss: 0.5503)
[==================                      ]: 2546 (Loss: 0.3674)
[==================                      ]: 2547 (Loss: 0.4481)
[===================                     ]: 2548 (Loss: 0.4710)
[===================                     ]: 2549 (Loss: 0.4717)
[====================                    ]: 2550 (Loss: 0.3923)
[====================                    ]: 2551 (Loss: 0.5829)
[====================                    ]: 2552 (Loss: 0.4157)
[=====================                   ]: 2553 (Loss: 0.4274)
[=====================                   ]: 2554 (Loss: 0.4833)
[======================                  ]: 2555 (Loss: 0.4445)
[======================                  ]: 2556 (Loss: 0.4170)
[======================                  ]: 2557 (Loss: 0.4466)
[=======================                 ]: 2558 (Loss: 0.4578)
[=======================                 ]: 2559 (Loss: 0.4827)
[========================                ]: 2560 (Loss: 0.5768)
[========================                ]: 2561 (Loss: 0.4487)
[========================                ]: 2562 (Loss: 0.4579)
[=========================               ]: 2563 (Loss: 0.4434)
[=========================               ]: 2564 (Loss: 0.3573)
[==========================              ]: 2565 (Loss: 0.4484)
[==========================              ]: 2566 (Loss: 0.2819)
[==========================              ]: 2567 (Loss: 0.4651)
[===========================             ]: 2568 (Loss: 0.5006)
[===========================             ]: 2569 (Loss: 0.3877)
[============================            ]: 2570 (Loss: 0.3906)
[============================            ]: 2571 (Loss: 0.4464)
[============================            ]: 2572 (Loss: 0.4234)
[=============================           ]: 2573 (Loss: 0.5218)
[=============================           ]: 2574 (Loss: 0.4008)
[==============================          ]: 2575 (Loss: 0.5201)
[==============================          ]: 2576 (Loss: 0.4886)
[==============================          ]: 2577 (Loss: 0.4382)
[===============================         ]: 2578 (Loss: 0.3857)
[===============================         ]: 2579 (Loss: 0.3906)
[================================        ]: 2580 (Loss: 0.4825)
[================================        ]: 2581 (Loss: 0.4400)
[================================        ]: 2582 (Loss: 0.4590)
[=================================       ]: 2583 (Loss: 0.4262)
[=================================       ]: 2584 (Loss: 0.3209)
[==================================      ]: 2585 (Loss: 0.4250)
[==================================      ]: 2586 (Loss: 0.4184)
[==================================      ]: 2587 (Loss: 0.4776)
[===================================     ]: 2588 (Loss: 0.3828)
[===================================     ]: 2589 (Loss: 0.4163)
[====================================    ]: 2590 (Loss: 0.3965)
[====================================    ]: 2591 (Loss: 0.4160)
[====================================    ]: 2592 (Loss: 0.3771)
[=====================================   ]: 2593 (Loss: 0.4301)
[=====================================   ]: 2594 (Loss: 0.4295)
[======================================  ]: 2595 (Loss: 0.4890)
[======================================  ]: 2596 (Loss: 0.3735)
[======================================  ]: 2597 (Loss: 0.4647)
[======================================= ]: 2598 (Loss: 0.5666)
[======================================= ]: 2599 (Loss: 0.3106)
[========================================]: 2600 (Loss: 0.4078)
                                                                                                    
[2026-07-16 22:30:16,012] [INFO] [__main__] Batch 2600 Loss: 0.446801 Cost: 8.67 Time: 82 ms/sequence
[2026-07-16 22:30:16,012] [INFO] [__main__] Advice weight norm: 19.442181 | Advice gradient norm: 0.533152

[                                        ]: 2601 (Loss: 0.4624)
[                                        ]: 2602 (Loss: 0.3315)
[=                                       ]: 2603 (Loss: 0.3147)
[=                                       ]: 2604 (Loss: 0.4732)
[==                                      ]: 2605 (Loss: 0.5669)
[==                                      ]: 2606 (Loss: 0.3614)
[==                                      ]: 2607 (Loss: 0.4324)
[===                                     ]: 2608 (Loss: 0.3710)
[===                                     ]: 2609 (Loss: 0.3928)
[====                                    ]: 2610 (Loss: 0.5048)
[====                                    ]: 2611 (Loss: 0.5147)
[====                                    ]: 2612 (Loss: 0.4538)
[=====                                   ]: 2613 (Loss: 0.4301)
[=====                                   ]: 2614 (Loss: 0.4138)
[======                                  ]: 2615 (Loss: 0.4958)
[======                                  ]: 2616 (Loss: 0.4183)
[======                                  ]: 2617 (Loss: 0.5702)
[=======                                 ]: 2618 (Loss: 0.4092)
[=======                                 ]: 2619 (Loss: 0.4426)
[========                                ]: 2620 (Loss: 0.3378)
[========                                ]: 2621 (Loss: 0.4790)
[========                                ]: 2622 (Loss: 0.4049)
[=========                               ]: 2623 (Loss: 0.4934)
[=========                               ]: 2624 (Loss: 0.3395)
[==========                              ]: 2625 (Loss: 0.4887)
[==========                              ]: 2626 (Loss: 0.4746)
[==========                              ]: 2627 (Loss: 0.4702)
[===========                             ]: 2628 (Loss: 0.5375)
[===========                             ]: 2629 (Loss: 0.3050)
[============                            ]: 2630 (Loss: 0.3294)
[============                            ]: 2631 (Loss: 0.4597)
[============                            ]: 2632 (Loss: 0.3903)
[=============                           ]: 2633 (Loss: 0.3588)
[=============                           ]: 2634 (Loss: 0.4805)
[==============                          ]: 2635 (Loss: 0.4383)
[==============                          ]: 2636 (Loss: 0.5208)
[==============                          ]: 2637 (Loss: 0.3581)
[===============                         ]: 2638 (Loss: 0.3639)
[===============                         ]: 2639 (Loss: 0.6071)
[================                        ]: 2640 (Loss: 0.4762)
[================                        ]: 2641 (Loss: 0.3486)
[================                        ]: 2642 (Loss: 0.3405)
[=================                       ]: 2643 (Loss: 0.4701)
[=================                       ]: 2644 (Loss: 0.4562)
[==================                      ]: 2645 (Loss: 0.4008)
[==================                      ]: 2646 (Loss: 0.5112)
[==================                      ]: 2647 (Loss: 0.5451)
[===================                     ]: 2648 (Loss: 0.4475)
[===================                     ]: 2649 (Loss: 0.4502)
[====================                    ]: 2650 (Loss: 0.5408)
[====================                    ]: 2651 (Loss: 0.4089)
[====================                    ]: 2652 (Loss: 0.5244)
[=====================                   ]: 2653 (Loss: 0.5172)
[=====================                   ]: 2654 (Loss: 0.4268)
[======================                  ]: 2655 (Loss: 0.5117)
[======================                  ]: 2656 (Loss: 0.5030)
[======================                  ]: 2657 (Loss: 0.4289)
[=======================                 ]: 2658 (Loss: 0.4325)
[=======================                 ]: 2659 (Loss: 0.5468)
[========================                ]: 2660 (Loss: 0.4731)
[========================                ]: 2661 (Loss: 0.4047)
[========================                ]: 2662 (Loss: 0.4482)
[=========================               ]: 2663 (Loss: 0.4403)
[=========================               ]: 2664 (Loss: 0.3915)
[==========================              ]: 2665 (Loss: 0.5699)
[==========================              ]: 2666 (Loss: 0.4738)
[==========================              ]: 2667 (Loss: 0.3661)
[===========================             ]: 2668 (Loss: 0.4102)
[===========================             ]: 2669 (Loss: 0.3667)
[============================            ]: 2670 (Loss: 0.3376)
[============================            ]: 2671 (Loss: 0.4334)
[============================            ]: 2672 (Loss: 0.5089)
[=============================           ]: 2673 (Loss: 0.3624)
[=============================           ]: 2674 (Loss: 0.4462)
[==============================          ]: 2675 (Loss: 0.5214)
[==============================          ]: 2676 (Loss: 0.3552)
[==============================          ]: 2677 (Loss: 0.3101)
[===============================         ]: 2678 (Loss: 0.4369)
[===============================         ]: 2679 (Loss: 0.5013)
[================================        ]: 2680 (Loss: 0.3662)
[================================        ]: 2681 (Loss: 0.3939)
[================================        ]: 2682 (Loss: 0.4973)
[=================================       ]: 2683 (Loss: 0.3297)
[=================================       ]: 2684 (Loss: 0.3845)
[==================================      ]: 2685 (Loss: 0.4320)
[==================================      ]: 2686 (Loss: 0.3151)
[==================================      ]: 2687 (Loss: 0.3730)
[===================================     ]: 2688 (Loss: 0.5512)
[===================================     ]: 2689 (Loss: 0.3573)
[====================================    ]: 2690 (Loss: 0.3176)
[====================================    ]: 2691 (Loss: 0.4455)
[====================================    ]: 2692 (Loss: 0.4765)
[=====================================   ]: 2693 (Loss: 0.4381)
[=====================================   ]: 2694 (Loss: 0.3232)
[======================================  ]: 2695 (Loss: 0.5434)
[======================================  ]: 2696 (Loss: 0.4812)
[======================================  ]: 2697 (Loss: 0.5041)
[======================================= ]: 2698 (Loss: 0.4888)
[======================================= ]: 2699 (Loss: 0.4510)
[========================================]: 2700 (Loss: 0.3619)
                                                                                                    
[2026-07-16 22:30:24,166] [INFO] [__main__] Batch 2700 Loss: 0.436739 Cost: 8.45 Time: 81 ms/sequence
[2026-07-16 22:30:24,166] [INFO] [__main__] Advice weight norm: 19.459600 | Advice gradient norm: 0.429661

[                                        ]: 2701 (Loss: 0.4614)
[                                        ]: 2702 (Loss: 0.4634)
[=                                       ]: 2703 (Loss: 0.4222)
[=                                       ]: 2704 (Loss: 0.4665)
[==                                      ]: 2705 (Loss: 0.3270)
[==                                      ]: 2706 (Loss: 0.4992)
[==                                      ]: 2707 (Loss: 0.5025)
[===                                     ]: 2708 (Loss: 0.3803)
[===                                     ]: 2709 (Loss: 0.4101)
[====                                    ]: 2710 (Loss: 0.4420)
[====                                    ]: 2711 (Loss: 0.4541)
[====                                    ]: 2712 (Loss: 0.6213)
[=====                                   ]: 2713 (Loss: 0.4560)
[=====                                   ]: 2714 (Loss: 0.4102)
[======                                  ]: 2715 (Loss: 0.3644)
[======                                  ]: 2716 (Loss: 0.4080)
[======                                  ]: 2717 (Loss: 0.4951)
[=======                                 ]: 2718 (Loss: 0.4799)
[=======                                 ]: 2719 (Loss: 0.4282)
[========                                ]: 2720 (Loss: 0.5331)
[========                                ]: 2721 (Loss: 0.4781)
[========                                ]: 2722 (Loss: 0.5218)
[=========                               ]: 2723 (Loss: 0.3549)
[=========                               ]: 2724 (Loss: 0.3271)
[==========                              ]: 2725 (Loss: 0.3610)
[==========                              ]: 2726 (Loss: 0.3408)
[==========                              ]: 2727 (Loss: 0.3794)
[===========                             ]: 2728 (Loss: 0.5369)
[===========                             ]: 2729 (Loss: 0.2856)
[============                            ]: 2730 (Loss: 0.4331)
[============                            ]: 2731 (Loss: 0.4522)
[============                            ]: 2732 (Loss: 0.5256)
[=============                           ]: 2733 (Loss: 0.4522)
[=============                           ]: 2734 (Loss: 0.4288)
[==============                          ]: 2735 (Loss: 0.3289)
[==============                          ]: 2736 (Loss: 0.2936)
[==============                          ]: 2737 (Loss: 0.3653)
[===============                         ]: 2738 (Loss: 0.5524)
[===============                         ]: 2739 (Loss: 0.3043)
[================                        ]: 2740 (Loss: 0.3808)
[================                        ]: 2741 (Loss: 0.5455)
[================                        ]: 2742 (Loss: 0.5169)
[=================                       ]: 2743 (Loss: 0.4281)
[=================                       ]: 2744 (Loss: 0.4419)
[==================                      ]: 2745 (Loss: 0.5412)
[==================                      ]: 2746 (Loss: 0.3318)
[==================                      ]: 2747 (Loss: 0.4858)
[===================                     ]: 2748 (Loss: 0.4143)
[===================                     ]: 2749 (Loss: 0.2824)
[====================                    ]: 2750 (Loss: 0.3431)
[====================                    ]: 2751 (Loss: 0.3796)
[====================                    ]: 2752 (Loss: 0.4236)
[=====================                   ]: 2753 (Loss: 0.4120)
[=====================                   ]: 2754 (Loss: 0.5283)
[======================                  ]: 2755 (Loss: 0.4390)
[======================                  ]: 2756 (Loss: 0.5317)
[======================                  ]: 2757 (Loss: 0.4152)
[=======================                 ]: 2758 (Loss: 0.4353)
[=======================                 ]: 2759 (Loss: 0.3575)
[========================                ]: 2760 (Loss: 0.4628)
[========================                ]: 2761 (Loss: 0.5004)
[========================                ]: 2762 (Loss: 0.4029)
[=========================               ]: 2763 (Loss: 0.3948)
[=========================               ]: 2764 (Loss: 0.4425)
[==========================              ]: 2765 (Loss: 0.5089)
[==========================              ]: 2766 (Loss: 0.3836)
[==========================              ]: 2767 (Loss: 0.3410)
[===========================             ]: 2768 (Loss: 0.3700)
[===========================             ]: 2769 (Loss: 0.3491)
[============================            ]: 2770 (Loss: 0.4204)
[============================            ]: 2771 (Loss: 0.4095)
[============================            ]: 2772 (Loss: 0.4769)
[=============================           ]: 2773 (Loss: 0.4795)
[=============================           ]: 2774 (Loss: 0.4970)
[==============================          ]: 2775 (Loss: 0.4016)
[==============================          ]: 2776 (Loss: 0.4832)
[==============================          ]: 2777 (Loss: 0.4532)
[===============================         ]: 2778 (Loss: 0.5229)
[===============================         ]: 2779 (Loss: 0.3937)
[================================        ]: 2780 (Loss: 0.4330)
[================================        ]: 2781 (Loss: 0.6142)
[================================        ]: 2782 (Loss: 0.3183)
[=================================       ]: 2783 (Loss: 0.5268)
[=================================       ]: 2784 (Loss: 0.4634)
[==================================      ]: 2785 (Loss: 0.3676)
[==================================      ]: 2786 (Loss: 0.4285)
[==================================      ]: 2787 (Loss: 0.4293)
[===================================     ]: 2788 (Loss: 0.3819)
[===================================     ]: 2789 (Loss: 0.4752)
[====================================    ]: 2790 (Loss: 0.3783)
[====================================    ]: 2791 (Loss: 0.4734)
[====================================    ]: 2792 (Loss: 0.3928)
[=====================================   ]: 2793 (Loss: 0.5476)
[=====================================   ]: 2794 (Loss: 0.4648)
[======================================  ]: 2795 (Loss: 0.4029)
[======================================  ]: 2796 (Loss: 0.4393)
[======================================  ]: 2797 (Loss: 0.4325)
[======================================= ]: 2798 (Loss: 0.5520)
[======================================= ]: 2799 (Loss: 0.4358)
[========================================]: 2800 (Loss: 0.4091)
                                                                                                    
[2026-07-16 22:30:32,427] [INFO] [__main__] Batch 2800 Loss: 0.434413 Cost: 8.37 Time: 82 ms/sequence
[2026-07-16 22:30:32,427] [INFO] [__main__] Advice weight norm: 19.470732 | Advice gradient norm: 0.387842

[                                        ]: 2801 (Loss: 0.3675)
[                                        ]: 2802 (Loss: 0.3188)
[=                                       ]: 2803 (Loss: 0.5027)
[=                                       ]: 2804 (Loss: 0.4079)
[==                                      ]: 2805 (Loss: 0.4455)
[==                                      ]: 2806 (Loss: 0.4170)
[==                                      ]: 2807 (Loss: 0.3812)
[===                                     ]: 2808 (Loss: 0.5196)
[===                                     ]: 2809 (Loss: 0.4407)
[====                                    ]: 2810 (Loss: 0.4178)
[====                                    ]: 2811 (Loss: 0.5020)
[====                                    ]: 2812 (Loss: 0.3626)
[=====                                   ]: 2813 (Loss: 0.4240)
[=====                                   ]: 2814 (Loss: 0.4129)
[======                                  ]: 2815 (Loss: 0.3620)
[======                                  ]: 2816 (Loss: 0.3919)
[======                                  ]: 2817 (Loss: 0.4837)
[=======                                 ]: 2818 (Loss: 0.4621)
[=======                                 ]: 2819 (Loss: 0.4383)
[========                                ]: 2820 (Loss: 0.5078)
[========                                ]: 2821 (Loss: 0.4220)
[========                                ]: 2822 (Loss: 0.5529)
[=========                               ]: 2823 (Loss: 0.5827)
[=========                               ]: 2824 (Loss: 0.5645)
[==========                              ]: 2825 (Loss: 0.4572)
[==========                              ]: 2826 (Loss: 0.3429)
[==========                              ]: 2827 (Loss: 0.4241)
[===========                             ]: 2828 (Loss: 0.5528)
[===========                             ]: 2829 (Loss: 0.4748)
[============                            ]: 2830 (Loss: 0.3775)
[============                            ]: 2831 (Loss: 0.5374)
[============                            ]: 2832 (Loss: 0.4508)
[=============                           ]: 2833 (Loss: 0.5572)
[=============                           ]: 2834 (Loss: 0.3824)
[==============                          ]: 2835 (Loss: 0.5133)
[==============                          ]: 2836 (Loss: 0.4041)
[==============                          ]: 2837 (Loss: 0.4607)
[===============                         ]: 2838 (Loss: 0.4228)
[===============                         ]: 2839 (Loss: 0.5241)
[================                        ]: 2840 (Loss: 0.4646)
[================                        ]: 2841 (Loss: 0.3611)
[================                        ]: 2842 (Loss: 0.4807)
[=================                       ]: 2843 (Loss: 0.4041)
[=================                       ]: 2844 (Loss: 0.4461)
[==================                      ]: 2845 (Loss: 0.4446)
[==================                      ]: 2846 (Loss: 0.3598)
[==================                      ]: 2847 (Loss: 0.4209)
[===================                     ]: 2848 (Loss: 0.4738)
[===================                     ]: 2849 (Loss: 0.5246)
[====================                    ]: 2850 (Loss: 0.4591)
[====================                    ]: 2851 (Loss: 0.4279)
[====================                    ]: 2852 (Loss: 0.5124)
[=====================                   ]: 2853 (Loss: 0.4083)
[=====================                   ]: 2854 (Loss: 0.4323)
[======================                  ]: 2855 (Loss: 0.4354)
[======================                  ]: 2856 (Loss: 0.4882)
[======================                  ]: 2857 (Loss: 0.4276)
[=======================                 ]: 2858 (Loss: 0.5942)
[=======================                 ]: 2859 (Loss: 0.4335)
[========================                ]: 2860 (Loss: 0.4284)
[========================                ]: 2861 (Loss: 0.4437)
[========================                ]: 2862 (Loss: 0.3772)
[=========================               ]: 2863 (Loss: 0.4597)
[=========================               ]: 2864 (Loss: 0.3516)
[==========================              ]: 2865 (Loss: 0.3768)
[==========================              ]: 2866 (Loss: 0.5615)
[==========================              ]: 2867 (Loss: 0.3269)
[===========================             ]: 2868 (Loss: 0.3192)
[===========================             ]: 2869 (Loss: 0.5741)
[============================            ]: 2870 (Loss: 0.4103)
[============================            ]: 2871 (Loss: 0.4530)
[============================            ]: 2872 (Loss: 0.3722)
[=============================           ]: 2873 (Loss: 0.4258)
[=============================           ]: 2874 (Loss: 0.4326)
[==============================          ]: 2875 (Loss: 0.3712)
[==============================          ]: 2876 (Loss: 0.5073)
[==============================          ]: 2877 (Loss: 0.3336)
[===============================         ]: 2878 (Loss: 0.3522)
[===============================         ]: 2879 (Loss: 0.4510)
[================================        ]: 2880 (Loss: 0.3630)
[================================        ]: 2881 (Loss: 0.4845)
[================================        ]: 2882 (Loss: 0.4880)
[=================================       ]: 2883 (Loss: 0.4524)
[=================================       ]: 2884 (Loss: 0.4527)
[==================================      ]: 2885 (Loss: 0.4513)
[==================================      ]: 2886 (Loss: 0.4744)
[==================================      ]: 2887 (Loss: 0.5195)
[===================================     ]: 2888 (Loss: 0.3964)
[===================================     ]: 2889 (Loss: 0.5425)
[====================================    ]: 2890 (Loss: 0.3456)
[====================================    ]: 2891 (Loss: 0.3791)
[====================================    ]: 2892 (Loss: 0.3793)
[=====================================   ]: 2893 (Loss: 0.4410)
[=====================================   ]: 2894 (Loss: 0.3974)
[======================================  ]: 2895 (Loss: 0.4051)
[======================================  ]: 2896 (Loss: 0.4089)
[======================================  ]: 2897 (Loss: 0.3359)
[======================================= ]: 2898 (Loss: 0.4442)
[======================================= ]: 2899 (Loss: 0.3350)
[========================================]: 2900 (Loss: 0.5004)
                                                                                                    
[2026-07-16 22:30:40,565] [INFO] [__main__] Batch 2900 Loss: 0.438944 Cost: 8.64 Time: 81 ms/sequence
[2026-07-16 22:30:40,565] [INFO] [__main__] Advice weight norm: 19.492640 | Advice gradient norm: 0.534661

[                                        ]: 2901 (Loss: 0.3986)
[                                        ]: 2902 (Loss: 0.4660)
[=                                       ]: 2903 (Loss: 0.6826)
[=                                       ]: 2904 (Loss: 0.3864)
[==                                      ]: 2905 (Loss: 0.4419)
[==                                      ]: 2906 (Loss: 0.4609)
[==                                      ]: 2907 (Loss: 0.4148)
[===                                     ]: 2908 (Loss: 0.5155)
[===                                     ]: 2909 (Loss: 0.3294)
[====                                    ]: 2910 (Loss: 0.4888)
[====                                    ]: 2911 (Loss: 0.3812)
[====                                    ]: 2912 (Loss: 0.3993)
[=====                                   ]: 2913 (Loss: 0.4435)
[=====                                   ]: 2914 (Loss: 0.4323)
[======                                  ]: 2915 (Loss: 0.4034)
[======                                  ]: 2916 (Loss: 0.3737)
[======                                  ]: 2917 (Loss: 0.4993)
[=======                                 ]: 2918 (Loss: 0.4780)
[=======                                 ]: 2919 (Loss: 0.4733)
[========                                ]: 2920 (Loss: 0.4810)
[========                                ]: 2921 (Loss: 0.4350)
[========                                ]: 2922 (Loss: 0.4203)
[=========                               ]: 2923 (Loss: 0.4603)
[=========                               ]: 2924 (Loss: 0.5737)
[==========                              ]: 2925 (Loss: 0.3764)
[==========                              ]: 2926 (Loss: 0.4981)
[==========                              ]: 2927 (Loss: 0.4186)
[===========                             ]: 2928 (Loss: 0.5250)
[===========                             ]: 2929 (Loss: 0.4356)
[============                            ]: 2930 (Loss: 0.3540)
[============                            ]: 2931 (Loss: 0.4296)
[============                            ]: 2932 (Loss: 0.3604)
[=============                           ]: 2933 (Loss: 0.4695)
[=============                           ]: 2934 (Loss: 0.4999)
[==============                          ]: 2935 (Loss: 0.3582)
[==============                          ]: 2936 (Loss: 0.3394)
[==============                          ]: 2937 (Loss: 0.3451)
[===============                         ]: 2938 (Loss: 0.3738)
[===============                         ]: 2939 (Loss: 0.4993)
[================                        ]: 2940 (Loss: 0.3481)
[================                        ]: 2941 (Loss: 0.3668)
[================                        ]: 2942 (Loss: 0.4415)
[=================                       ]: 2943 (Loss: 0.4586)
[=================                       ]: 2944 (Loss: 0.5019)
[==================                      ]: 2945 (Loss: 0.4910)
[==================                      ]: 2946 (Loss: 0.4324)
[==================                      ]: 2947 (Loss: 0.3820)
[===================                     ]: 2948 (Loss: 0.4595)
[===================                     ]: 2949 (Loss: 0.4875)
[====================                    ]: 2950 (Loss: 0.4530)
[====================                    ]: 2951 (Loss: 0.4618)
[====================                    ]: 2952 (Loss: 0.4037)
[=====================                   ]: 2953 (Loss: 0.4136)
[=====================                   ]: 2954 (Loss: 0.3894)
[======================                  ]: 2955 (Loss: 0.3946)
[======================                  ]: 2956 (Loss: 0.5047)
[======================                  ]: 2957 (Loss: 0.2922)
[=======================                 ]: 2958 (Loss: 0.4804)
[=======================                 ]: 2959 (Loss: 0.4439)
[========================                ]: 2960 (Loss: 0.3758)
[========================                ]: 2961 (Loss: 0.4176)
[========================                ]: 2962 (Loss: 0.4821)
[=========================               ]: 2963 (Loss: 0.3381)
[=========================               ]: 2964 (Loss: 0.4165)
[==========================              ]: 2965 (Loss: 0.4906)
[==========================              ]: 2966 (Loss: 0.4485)
[==========================              ]: 2967 (Loss: 0.5714)
[===========================             ]: 2968 (Loss: 0.4411)
[===========================             ]: 2969 (Loss: 0.4957)
[============================            ]: 2970 (Loss: 0.4282)
[============================            ]: 2971 (Loss: 0.4163)
[============================            ]: 2972 (Loss: 0.3451)
[=============================           ]: 2973 (Loss: 0.4122)
[=============================           ]: 2974 (Loss: 0.4029)
[==============================          ]: 2975 (Loss: 0.4024)
[==============================          ]: 2976 (Loss: 0.5348)
[==============================          ]: 2977 (Loss: 0.4668)
[===============================         ]: 2978 (Loss: 0.3699)
[===============================         ]: 2979 (Loss: 0.4090)
[================================        ]: 2980 (Loss: 0.4750)
[================================        ]: 2981 (Loss: 0.4950)
[================================        ]: 2982 (Loss: 0.4399)
[=================================       ]: 2983 (Loss: 0.3525)
[=================================       ]: 2984 (Loss: 0.4889)
[==================================      ]: 2985 (Loss: 0.3864)
[==================================      ]: 2986 (Loss: 0.4810)
[==================================      ]: 2987 (Loss: 0.2735)
[===================================     ]: 2988 (Loss: 0.3642)
[===================================     ]: 2989 (Loss: 0.4093)
[====================================    ]: 2990 (Loss: 0.5266)
[====================================    ]: 2991 (Loss: 0.6393)
[====================================    ]: 2992 (Loss: 0.3458)
[=====================================   ]: 2993 (Loss: 0.3699)
[=====================================   ]: 2994 (Loss: 0.4148)
[======================================  ]: 2995 (Loss: 0.4140)
[======================================  ]: 2996 (Loss: 0.4608)
[======================================  ]: 2997 (Loss: 0.5657)
[======================================= ]: 2998 (Loss: 0.3837)
[======================================= ]: 2999 (Loss: 0.4877)
[========================================]: 3000 (Loss: 0.4339)
                                                                                                    
[2026-07-16 22:30:48,751] [INFO] [__main__] Batch 3000 Loss: 0.436013 Cost: 8.23 Time: 81 ms/sequence
[2026-07-16 22:30:48,751] [INFO] [__main__] Advice weight norm: 19.507435 | Advice gradient norm: 0.319577

                                                                                                    
[2026-07-16 22:30:48,753] [INFO] [__main__] Saving checkpoint to 'runs\copy_sanity_len5\copy\combined\seed_1002\checkpoint-batch-00003000.pt'

[                                        ]: 3001 (Loss: 0.3979)
[                                        ]: 3002 (Loss: 0.5379)
[=                                       ]: 3003 (Loss: 0.3819)
[=                                       ]: 3004 (Loss: 0.4060)
[==                                      ]: 3005 (Loss: 0.5299)
[==                                      ]: 3006 (Loss: 0.2511)
[==                                      ]: 3007 (Loss: 0.3912)
[===                                     ]: 3008 (Loss: 0.3523)
[===                                     ]: 3009 (Loss: 0.5317)
[====                                    ]: 3010 (Loss: 0.5532)
[====                                    ]: 3011 (Loss: 0.4917)
[====                                    ]: 3012 (Loss: 0.5128)
[=====                                   ]: 3013 (Loss: 0.4242)
[=====                                   ]: 3014 (Loss: 0.4241)
[======                                  ]: 3015 (Loss: 0.3884)
[======                                  ]: 3016 (Loss: 0.3591)
[======                                  ]: 3017 (Loss: 0.5285)
[=======                                 ]: 3018 (Loss: 0.2762)
[=======                                 ]: 3019 (Loss: 0.5768)
[========                                ]: 3020 (Loss: 0.4769)
[========                                ]: 3021 (Loss: 0.4031)
[========                                ]: 3022 (Loss: 0.4585)
[=========                               ]: 3023 (Loss: 0.3417)
[=========                               ]: 3024 (Loss: 0.4633)
[==========                              ]: 3025 (Loss: 0.3717)
[==========                              ]: 3026 (Loss: 0.3662)
[==========                              ]: 3027 (Loss: 0.4939)
[===========                             ]: 3028 (Loss: 0.3733)
[===========                             ]: 3029 (Loss: 0.3683)
[============                            ]: 3030 (Loss: 0.5126)
[============                            ]: 3031 (Loss: 0.4354)
[============                            ]: 3032 (Loss: 0.3190)
[=============                           ]: 3033 (Loss: 0.3737)
[=============                           ]: 3034 (Loss: 0.3794)
[==============                          ]: 3035 (Loss: 0.3343)
[==============                          ]: 3036 (Loss: 0.3346)
[==============                          ]: 3037 (Loss: 0.3304)
[===============                         ]: 3038 (Loss: 0.4890)
[===============                         ]: 3039 (Loss: 0.3472)
[================                        ]: 3040 (Loss: 0.5245)
[================                        ]: 3041 (Loss: 0.4937)
[================                        ]: 3042 (Loss: 0.4522)
[=================                       ]: 3043 (Loss: 0.2609)
[=================                       ]: 3044 (Loss: 0.4346)
[==================                      ]: 3045 (Loss: 0.3861)
[==================                      ]: 3046 (Loss: 0.3662)
[==================                      ]: 3047 (Loss: 0.4247)
[===================                     ]: 3048 (Loss: 0.4297)
[===================                     ]: 3049 (Loss: 0.5712)
[====================                    ]: 3050 (Loss: 0.6781)
[====================                    ]: 3051 (Loss: 0.4946)
[====================                    ]: 3052 (Loss: 0.3844)
[=====================                   ]: 3053 (Loss: 0.5058)
[=====================                   ]: 3054 (Loss: 0.4021)
[======================                  ]: 3055 (Loss: 0.5230)
[======================                  ]: 3056 (Loss: 0.4581)
[======================                  ]: 3057 (Loss: 0.4606)
[=======================                 ]: 3058 (Loss: 0.4823)
[=======================                 ]: 3059 (Loss: 0.3788)
[========================                ]: 3060 (Loss: 0.4269)
[========================                ]: 3061 (Loss: 0.4823)
[========================                ]: 3062 (Loss: 0.4238)
[=========================               ]: 3063 (Loss: 0.4079)
[=========================               ]: 3064 (Loss: 0.4382)
[==========================              ]: 3065 (Loss: 0.2344)
[==========================              ]: 3066 (Loss: 0.5049)
[==========================              ]: 3067 (Loss: 0.4371)
[===========================             ]: 3068 (Loss: 0.5075)
[===========================             ]: 3069 (Loss: 0.3538)
[============================            ]: 3070 (Loss: 0.4902)
[============================            ]: 3071 (Loss: 0.3831)
[============================            ]: 3072 (Loss: 0.5199)
[=============================           ]: 3073 (Loss: 0.4699)
[=============================           ]: 3074 (Loss: 0.4381)
[==============================          ]: 3075 (Loss: 0.3698)
[==============================          ]: 3076 (Loss: 0.3638)
[==============================          ]: 3077 (Loss: 0.4266)
[===============================         ]: 3078 (Loss: 0.3183)
[===============================         ]: 3079 (Loss: 0.4054)
[================================        ]: 3080 (Loss: 0.3906)
[================================        ]: 3081 (Loss: 0.4800)
[================================        ]: 3082 (Loss: 0.3655)
[=================================       ]: 3083 (Loss: 0.3288)
[=================================       ]: 3084 (Loss: 0.4149)
[==================================      ]: 3085 (Loss: 0.4414)
[==================================      ]: 3086 (Loss: 0.4380)
[==================================      ]: 3087 (Loss: 0.3446)
[===================================     ]: 3088 (Loss: 0.4465)
[===================================     ]: 3089 (Loss: 0.3010)
[====================================    ]: 3090 (Loss: 0.3564)
[====================================    ]: 3091 (Loss: 0.3731)
[====================================    ]: 3092 (Loss: 0.4845)
[=====================================   ]: 3093 (Loss: 0.3002)
[=====================================   ]: 3094 (Loss: 0.3522)
[======================================  ]: 3095 (Loss: 0.3695)
[======================================  ]: 3096 (Loss: 0.4048)
[======================================  ]: 3097 (Loss: 0.4656)
[======================================= ]: 3098 (Loss: 0.3915)
[======================================= ]: 3099 (Loss: 0.3284)
[========================================]: 3100 (Loss: 0.3543)
                                                                                                    
[2026-07-16 22:30:57,282] [INFO] [__main__] Batch 3100 Loss: 0.419332 Cost: 8.16 Time: 85 ms/sequence
[2026-07-16 22:30:57,282] [INFO] [__main__] Advice weight norm: 19.536942 | Advice gradient norm: 0.347906

[                                        ]: 3101 (Loss: 0.4303)
[                                        ]: 3102 (Loss: 0.5376)
[=                                       ]: 3103 (Loss: 0.4673)
[=                                       ]: 3104 (Loss: 0.4568)
[==                                      ]: 3105 (Loss: 0.4098)
[==                                      ]: 3106 (Loss: 0.3524)
[==                                      ]: 3107 (Loss: 0.3879)
[===                                     ]: 3108 (Loss: 0.4337)
[===                                     ]: 3109 (Loss: 0.4451)
[====                                    ]: 3110 (Loss: 0.3905)
[====                                    ]: 3111 (Loss: 0.3224)
[====                                    ]: 3112 (Loss: 0.4769)
[=====                                   ]: 3113 (Loss: 0.5749)
[=====                                   ]: 3114 (Loss: 0.3084)
[======                                  ]: 3115 (Loss: 0.4503)
[======                                  ]: 3116 (Loss: 0.4265)
[======                                  ]: 3117 (Loss: 0.4159)
[=======                                 ]: 3118 (Loss: 0.3798)
[=======                                 ]: 3119 (Loss: 0.3918)
[========                                ]: 3120 (Loss: 0.5278)
[========                                ]: 3121 (Loss: 0.5001)
[========                                ]: 3122 (Loss: 0.5068)
[=========                               ]: 3123 (Loss: 0.4283)
[=========                               ]: 3124 (Loss: 0.5157)
[==========                              ]: 3125 (Loss: 0.4504)
[==========                              ]: 3126 (Loss: 0.4440)
[==========                              ]: 3127 (Loss: 0.4511)
[===========                             ]: 3128 (Loss: 0.2750)
[===========                             ]: 3129 (Loss: 0.4802)
[============                            ]: 3130 (Loss: 0.4228)
[============                            ]: 3131 (Loss: 0.3463)
[============                            ]: 3132 (Loss: 0.4542)
[=============                           ]: 3133 (Loss: 0.4127)
[=============                           ]: 3134 (Loss: 0.3890)
[==============                          ]: 3135 (Loss: 0.3762)
[==============                          ]: 3136 (Loss: 0.3273)
[==============                          ]: 3137 (Loss: 0.3458)
[===============                         ]: 3138 (Loss: 0.4230)
[===============                         ]: 3139 (Loss: 0.6111)
[================                        ]: 3140 (Loss: 0.5110)
[================                        ]: 3141 (Loss: 0.4169)
[================                        ]: 3142 (Loss: 0.3879)
[=================                       ]: 3143 (Loss: 0.3144)
[=================                       ]: 3144 (Loss: 0.5580)
[==================                      ]: 3145 (Loss: 0.4455)
[==================                      ]: 3146 (Loss: 0.4251)
[==================                      ]: 3147 (Loss: 0.3154)
[===================                     ]: 3148 (Loss: 0.4153)
[===================                     ]: 3149 (Loss: 0.2484)
[====================                    ]: 3150 (Loss: 0.4296)
[====================                    ]: 3151 (Loss: 0.3941)
[====================                    ]: 3152 (Loss: 0.4633)
[=====================                   ]: 3153 (Loss: 0.2676)
[=====================                   ]: 3154 (Loss: 0.3192)
[======================                  ]: 3155 (Loss: 0.3724)
[======================                  ]: 3156 (Loss: 0.3363)
[======================                  ]: 3157 (Loss: 0.3920)
[=======================                 ]: 3158 (Loss: 0.3003)
[=======================                 ]: 3159 (Loss: 0.3100)
[========================                ]: 3160 (Loss: 0.3646)
[========================                ]: 3161 (Loss: 0.4034)
[========================                ]: 3162 (Loss: 0.4333)
[=========================               ]: 3163 (Loss: 0.4842)
[=========================               ]: 3164 (Loss: 0.4314)
[==========================              ]: 3165 (Loss: 0.2954)
[==========================              ]: 3166 (Loss: 0.4003)
[==========================              ]: 3167 (Loss: 0.3301)
[===========================             ]: 3168 (Loss: 0.5018)
[===========================             ]: 3169 (Loss: 0.2970)
[============================            ]: 3170 (Loss: 0.5236)
[============================            ]: 3171 (Loss: 0.4889)
[============================            ]: 3172 (Loss: 0.3527)
[=============================           ]: 3173 (Loss: 0.3630)
[=============================           ]: 3174 (Loss: 0.5195)
[==============================          ]: 3175 (Loss: 0.4528)
[==============================          ]: 3176 (Loss: 0.2914)
[==============================          ]: 3177 (Loss: 0.3824)
[===============================         ]: 3178 (Loss: 0.3908)
[===============================         ]: 3179 (Loss: 0.3880)
[================================        ]: 3180 (Loss: 0.3033)
[================================        ]: 3181 (Loss: 0.3917)
[================================        ]: 3182 (Loss: 0.4814)
[=================================       ]: 3183 (Loss: 0.3778)
[=================================       ]: 3184 (Loss: 0.3888)
[==================================      ]: 3185 (Loss: 0.4193)
[==================================      ]: 3186 (Loss: 0.4233)
[==================================      ]: 3187 (Loss: 0.5520)
[===================================     ]: 3188 (Loss: 0.4512)
[===================================     ]: 3189 (Loss: 0.4550)
[====================================    ]: 3190 (Loss: 0.3566)
[====================================    ]: 3191 (Loss: 0.4559)
[====================================    ]: 3192 (Loss: 0.5408)
[=====================================   ]: 3193 (Loss: 0.4305)
[=====================================   ]: 3194 (Loss: 0.4777)
[======================================  ]: 3195 (Loss: 0.4184)
[======================================  ]: 3196 (Loss: 0.5250)
[======================================  ]: 3197 (Loss: 0.4364)
[======================================= ]: 3198 (Loss: 0.2841)
[======================================= ]: 3199 (Loss: 0.4407)
[========================================]: 3200 (Loss: 0.5235)
                                                                                                    
[2026-07-16 22:31:04,014] [INFO] [__main__] Batch 3200 Loss: 0.415964 Cost: 7.85 Time: 67 ms/sequence
[2026-07-16 22:31:04,014] [INFO] [__main__] Advice weight norm: 19.556620 | Advice gradient norm: 0.478624

[                                        ]: 3201 (Loss: 0.2912)
[                                        ]: 3202 (Loss: 0.2890)
[=                                       ]: 3203 (Loss: 0.5639)
[=                                       ]: 3204 (Loss: 0.4478)
[==                                      ]: 3205 (Loss: 0.4491)
[==                                      ]: 3206 (Loss: 0.5397)
[==                                      ]: 3207 (Loss: 0.4416)
[===                                     ]: 3208 (Loss: 0.3872)
[===                                     ]: 3209 (Loss: 0.3832)
[====                                    ]: 3210 (Loss: 0.4431)
[====                                    ]: 3211 (Loss: 0.4379)
[====                                    ]: 3212 (Loss: 0.3704)
[=====                                   ]: 3213 (Loss: 0.4515)
[=====                                   ]: 3214 (Loss: 0.4501)
[======                                  ]: 3215 (Loss: 0.4601)
[======                                  ]: 3216 (Loss: 0.5891)
[======                                  ]: 3217 (Loss: 0.3680)
[=======                                 ]: 3218 (Loss: 0.3277)
[=======                                 ]: 3219 (Loss: 0.4061)
[========                                ]: 3220 (Loss: 0.4797)
[========                                ]: 3221 (Loss: 0.4083)
[========                                ]: 3222 (Loss: 0.4504)
[=========                               ]: 3223 (Loss: 0.5200)
[=========                               ]: 3224 (Loss: 0.3921)
[==========                              ]: 3225 (Loss: 0.4507)
[==========                              ]: 3226 (Loss: 0.4271)
[==========                              ]: 3227 (Loss: 0.2394)
[===========                             ]: 3228 (Loss: 0.4698)
[===========                             ]: 3229 (Loss: 0.4189)
[============                            ]: 3230 (Loss: 0.5427)
[============                            ]: 3231 (Loss: 0.5231)
[============                            ]: 3232 (Loss: 0.3637)
[=============                           ]: 3233 (Loss: 0.4305)
[=============                           ]: 3234 (Loss: 0.3306)
[==============                          ]: 3235 (Loss: 0.3775)
[==============                          ]: 3236 (Loss: 0.3856)
[==============                          ]: 3237 (Loss: 0.2159)
[===============                         ]: 3238 (Loss: 0.3890)
[===============                         ]: 3239 (Loss: 0.6108)
[================                        ]: 3240 (Loss: 0.2805)
[================                        ]: 3241 (Loss: 0.3923)
[================                        ]: 3242 (Loss: 0.3398)
[=================                       ]: 3243 (Loss: 0.3714)
[=================                       ]: 3244 (Loss: 0.3770)
[==================                      ]: 3245 (Loss: 0.3972)
[==================                      ]: 3246 (Loss: 0.3549)
[==================                      ]: 3247 (Loss: 0.4372)
[===================                     ]: 3248 (Loss: 0.4968)
[===================                     ]: 3249 (Loss: 0.4172)
[====================                    ]: 3250 (Loss: 0.3075)
[====================                    ]: 3251 (Loss: 0.4402)
[====================                    ]: 3252 (Loss: 0.4105)
[=====================                   ]: 3253 (Loss: 0.3836)
[=====================                   ]: 3254 (Loss: 0.2936)
[======================                  ]: 3255 (Loss: 0.3783)
[======================                  ]: 3256 (Loss: 0.4614)
[======================                  ]: 3257 (Loss: 0.3975)
[=======================                 ]: 3258 (Loss: 0.3681)
[=======================                 ]: 3259 (Loss: 0.3252)
[========================                ]: 3260 (Loss: 0.4597)
[========================                ]: 3261 (Loss: 0.5805)
[========================                ]: 3262 (Loss: 0.4705)
[=========================               ]: 3263 (Loss: 0.3738)
[=========================               ]: 3264 (Loss: 0.4067)
[==========================              ]: 3265 (Loss: 0.4571)
[==========================              ]: 3266 (Loss: 0.4996)
[==========================              ]: 3267 (Loss: 0.2767)
[===========================             ]: 3268 (Loss: 0.5194)
[===========================             ]: 3269 (Loss: 0.4231)
[============================            ]: 3270 (Loss: 0.4385)
[============================            ]: 3271 (Loss: 0.5269)
[============================            ]: 3272 (Loss: 0.3766)
[=============================           ]: 3273 (Loss: 0.4025)
[=============================           ]: 3274 (Loss: 0.3929)
[==============================          ]: 3275 (Loss: 0.3542)
[==============================          ]: 3276 (Loss: 0.4849)
[==============================          ]: 3277 (Loss: 0.4703)
[===============================         ]: 3278 (Loss: 0.3191)
[===============================         ]: 3279 (Loss: 0.3638)
[================================        ]: 3280 (Loss: 0.3704)
[================================        ]: 3281 (Loss: 0.3752)
[================================        ]: 3282 (Loss: 0.3493)
[=================================       ]: 3283 (Loss: 0.4792)
[=================================       ]: 3284 (Loss: 0.3838)
[==================================      ]: 3285 (Loss: 0.3283)
[==================================      ]: 3286 (Loss: 0.3770)
[==================================      ]: 3287 (Loss: 0.5623)
[===================================     ]: 3288 (Loss: 0.3299)
[===================================     ]: 3289 (Loss: 0.5171)
[====================================    ]: 3290 (Loss: 0.3629)
[====================================    ]: 3291 (Loss: 0.4263)
[====================================    ]: 3292 (Loss: 0.4999)
[=====================================   ]: 3293 (Loss: 0.4876)
[=====================================   ]: 3294 (Loss: 0.3390)
[======================================  ]: 3295 (Loss: 0.3180)
[======================================  ]: 3296 (Loss: 0.5742)
[======================================  ]: 3297 (Loss: 0.3574)
[======================================= ]: 3298 (Loss: 0.4641)
[======================================= ]: 3299 (Loss: 0.4539)
[========================================]: 3300 (Loss: 0.5359)
                                                                                                    
[2026-07-16 22:31:09,043] [INFO] [__main__] Batch 3300 Loss: 0.416412 Cost: 8.19 Time: 50 ms/sequence
[2026-07-16 22:31:09,044] [INFO] [__main__] Advice weight norm: 19.582155 | Advice gradient norm: 0.534017

[                                        ]: 3301 (Loss: 0.3544)
[                                        ]: 3302 (Loss: 0.3753)
[=                                       ]: 3303 (Loss: 0.2476)
[=                                       ]: 3304 (Loss: 0.2778)
[==                                      ]: 3305 (Loss: 0.3332)
[==                                      ]: 3306 (Loss: 0.4439)
[==                                      ]: 3307 (Loss: 0.5269)
[===                                     ]: 3308 (Loss: 0.4280)
[===                                     ]: 3309 (Loss: 0.5100)
[====                                    ]: 3310 (Loss: 0.4491)
[====                                    ]: 3311 (Loss: 0.3955)
[====                                    ]: 3312 (Loss: 0.4341)
[=====                                   ]: 3313 (Loss: 0.4311)
[=====                                   ]: 3314 (Loss: 0.4026)
[======                                  ]: 3315 (Loss: 0.3442)
[======                                  ]: 3316 (Loss: 0.4244)
[======                                  ]: 3317 (Loss: 0.4123)
[=======                                 ]: 3318 (Loss: 0.4377)
[=======                                 ]: 3319 (Loss: 0.5386)
[========                                ]: 3320 (Loss: 0.3766)
[========                                ]: 3321 (Loss: 0.5960)
[========                                ]: 3322 (Loss: 0.4052)
[=========                               ]: 3323 (Loss: 0.4098)
[=========                               ]: 3324 (Loss: 0.3672)
[==========                              ]: 3325 (Loss: 0.3257)
[==========                              ]: 3326 (Loss: 0.4596)
[==========                              ]: 3327 (Loss: 0.5108)
[===========                             ]: 3328 (Loss: 0.4293)
[===========                             ]: 3329 (Loss: 0.3257)
[============                            ]: 3330 (Loss: 0.4038)
[============                            ]: 3331 (Loss: 0.3964)
[============                            ]: 3332 (Loss: 0.4600)
[=============                           ]: 3333 (Loss: 0.3155)
[=============                           ]: 3334 (Loss: 0.3425)
[==============                          ]: 3335 (Loss: 0.4202)
[==============                          ]: 3336 (Loss: 0.3749)
[==============                          ]: 3337 (Loss: 0.2375)
[===============                         ]: 3338 (Loss: 0.4176)
[===============                         ]: 3339 (Loss: 0.2921)
[================                        ]: 3340 (Loss: 0.3178)
[================                        ]: 3341 (Loss: 0.4034)
[================                        ]: 3342 (Loss: 0.3851)
[=================                       ]: 3343 (Loss: 0.6106)
[=================                       ]: 3344 (Loss: 0.4779)
[==================                      ]: 3345 (Loss: 0.4340)
[==================                      ]: 3346 (Loss: 0.3567)
[==================                      ]: 3347 (Loss: 0.3793)
[===================                     ]: 3348 (Loss: 0.3775)
[===================                     ]: 3349 (Loss: 0.4727)
[====================                    ]: 3350 (Loss: 0.4824)
[====================                    ]: 3351 (Loss: 0.3689)
[====================                    ]: 3352 (Loss: 0.3786)
[=====================                   ]: 3353 (Loss: 0.4793)
[=====================                   ]: 3354 (Loss: 0.5294)
[======================                  ]: 3355 (Loss: 0.4847)
[======================                  ]: 3356 (Loss: 0.4444)
[======================                  ]: 3357 (Loss: 0.3754)
[=======================                 ]: 3358 (Loss: 0.2881)
[=======================                 ]: 3359 (Loss: 0.2711)
[========================                ]: 3360 (Loss: 0.4063)
[========================                ]: 3361 (Loss: 0.4109)
[========================                ]: 3362 (Loss: 0.4339)
[=========================               ]: 3363 (Loss: 0.3136)
[=========================               ]: 3364 (Loss: 0.4235)
[==========================              ]: 3365 (Loss: 0.5179)
[==========================              ]: 3366 (Loss: 0.4241)
[==========================              ]: 3367 (Loss: 0.3196)
[===========================             ]: 3368 (Loss: 0.4347)
[===========================             ]: 3369 (Loss: 0.4014)
[============================            ]: 3370 (Loss: 0.3482)
[============================            ]: 3371 (Loss: 0.4110)
[============================            ]: 3372 (Loss: 0.3127)
[=============================           ]: 3373 (Loss: 0.5174)
[=============================           ]: 3374 (Loss: 0.4546)
[==============================          ]: 3375 (Loss: 0.4882)
[==============================          ]: 3376 (Loss: 0.5354)
[==============================          ]: 3377 (Loss: 0.4394)
[===============================         ]: 3378 (Loss: 0.3406)
[===============================         ]: 3379 (Loss: 0.3717)
[================================        ]: 3380 (Loss: 0.5077)
[================================        ]: 3381 (Loss: 0.4401)
[================================        ]: 3382 (Loss: 0.3839)
[=================================       ]: 3383 (Loss: 0.4413)
[=================================       ]: 3384 (Loss: 0.4272)
[==================================      ]: 3385 (Loss: 0.3224)
[==================================      ]: 3386 (Loss: 0.4315)
[==================================      ]: 3387 (Loss: 0.4229)
[===================================     ]: 3388 (Loss: 0.4297)
[===================================     ]: 3389 (Loss: 0.5324)
[====================================    ]: 3390 (Loss: 0.4954)
[====================================    ]: 3391 (Loss: 0.3572)
[====================================    ]: 3392 (Loss: 0.4010)
[=====================================   ]: 3393 (Loss: 0.4824)
[=====================================   ]: 3394 (Loss: 0.3313)
[======================================  ]: 3395 (Loss: 0.4644)
[======================================  ]: 3396 (Loss: 0.3715)
[======================================  ]: 3397 (Loss: 0.4980)
[======================================= ]: 3398 (Loss: 0.4919)
[======================================= ]: 3399 (Loss: 0.4575)
[========================================]: 3400 (Loss: 0.4356)
                                                                                                    
[2026-07-16 22:31:13,674] [INFO] [__main__] Batch 3400 Loss: 0.413801 Cost: 7.80 Time: 46 ms/sequence
[2026-07-16 22:31:13,675] [INFO] [__main__] Advice weight norm: 19.604748 | Advice gradient norm: 0.485102

[                                        ]: 3401 (Loss: 0.3845)
[                                        ]: 3402 (Loss: 0.3743)
[=                                       ]: 3403 (Loss: 0.3886)
[=                                       ]: 3404 (Loss: 0.4530)
[==                                      ]: 3405 (Loss: 0.4580)
[==                                      ]: 3406 (Loss: 0.3580)
[==                                      ]: 3407 (Loss: 0.4833)
[===                                     ]: 3408 (Loss: 0.4470)
[===                                     ]: 3409 (Loss: 0.5632)
[====                                    ]: 3410 (Loss: 0.4404)
[====                                    ]: 3411 (Loss: 0.4873)
[====                                    ]: 3412 (Loss: 0.4122)
[=====                                   ]: 3413 (Loss: 0.3510)
[=====                                   ]: 3414 (Loss: 0.4692)
[======                                  ]: 3415 (Loss: 0.4385)
[======                                  ]: 3416 (Loss: 0.3650)
[======                                  ]: 3417 (Loss: 0.5016)
[=======                                 ]: 3418 (Loss: 0.4576)
[=======                                 ]: 3419 (Loss: 0.3626)
[========                                ]: 3420 (Loss: 0.4303)
[========                                ]: 3421 (Loss: 0.3304)
[========                                ]: 3422 (Loss: 0.3977)
[=========                               ]: 3423 (Loss: 0.4198)
[=========                               ]: 3424 (Loss: 0.3160)
[==========                              ]: 3425 (Loss: 0.3153)
[==========                              ]: 3426 (Loss: 0.3788)
[==========                              ]: 3427 (Loss: 0.3321)
[===========                             ]: 3428 (Loss: 0.3955)
[===========                             ]: 3429 (Loss: 0.4518)
[============                            ]: 3430 (Loss: 0.4674)
[============                            ]: 3431 (Loss: 0.2320)
[============                            ]: 3432 (Loss: 0.4218)
[=============                           ]: 3433 (Loss: 0.4136)
[=============                           ]: 3434 (Loss: 0.3610)
[==============                          ]: 3435 (Loss: 0.3882)
[==============                          ]: 3436 (Loss: 0.5242)
[==============                          ]: 3437 (Loss: 0.3997)
[===============                         ]: 3438 (Loss: 0.3299)
[===============                         ]: 3439 (Loss: 0.3686)
[================                        ]: 3440 (Loss: 0.3812)
[================                        ]: 3441 (Loss: 0.4449)
[================                        ]: 3442 (Loss: 0.4045)
[=================                       ]: 3443 (Loss: 0.4908)
[=================                       ]: 3444 (Loss: 0.3710)
[==================                      ]: 3445 (Loss: 0.4475)
[==================                      ]: 3446 (Loss: 0.3666)
[==================                      ]: 3447 (Loss: 0.3964)
[===================                     ]: 3448 (Loss: 0.3695)
[===================                     ]: 3449 (Loss: 0.2851)
[====================                    ]: 3450 (Loss: 0.4499)
[====================                    ]: 3451 (Loss: 0.4000)
[====================                    ]: 3452 (Loss: 0.3562)
[=====================                   ]: 3453 (Loss: 0.3493)
[=====================                   ]: 3454 (Loss: 0.4096)
[======================                  ]: 3455 (Loss: 0.4514)
[======================                  ]: 3456 (Loss: 0.4553)
[======================                  ]: 3457 (Loss: 0.4920)
[=======================                 ]: 3458 (Loss: 0.3949)
[=======================                 ]: 3459 (Loss: 0.6483)
[========================                ]: 3460 (Loss: 0.4395)
[========================                ]: 3461 (Loss: 0.4842)
[========================                ]: 3462 (Loss: 0.3442)
[=========================               ]: 3463 (Loss: 0.4039)
[=========================               ]: 3464 (Loss: 0.3628)
[==========================              ]: 3465 (Loss: 0.2556)
[==========================              ]: 3466 (Loss: 0.3120)
[==========================              ]: 3467 (Loss: 0.4033)
[===========================             ]: 3468 (Loss: 0.4067)
[===========================             ]: 3469 (Loss: 0.4585)
[============================            ]: 3470 (Loss: 0.2954)
[============================            ]: 3471 (Loss: 0.3356)
[============================            ]: 3472 (Loss: 0.5086)
[=============================           ]: 3473 (Loss: 0.3124)
[=============================           ]: 3474 (Loss: 0.4648)
[==============================          ]: 3475 (Loss: 0.4755)
[==============================          ]: 3476 (Loss: 0.3959)
[==============================          ]: 3477 (Loss: 0.4783)
[===============================         ]: 3478 (Loss: 0.3860)
[===============================         ]: 3479 (Loss: 0.4604)
[================================        ]: 3480 (Loss: 0.4160)
[================================        ]: 3481 (Loss: 0.4231)
[================================        ]: 3482 (Loss: 0.3831)
[=================================       ]: 3483 (Loss: 0.5030)
[=================================       ]: 3484 (Loss: 0.3904)
[==================================      ]: 3485 (Loss: 0.4573)
[==================================      ]: 3486 (Loss: 0.4690)
[==================================      ]: 3487 (Loss: 0.4089)
[===================================     ]: 3488 (Loss: 0.4799)
[===================================     ]: 3489 (Loss: 0.2953)
[====================================    ]: 3490 (Loss: 0.3817)
[====================================    ]: 3491 (Loss: 0.4696)
[====================================    ]: 3492 (Loss: 0.5305)
[=====================================   ]: 3493 (Loss: 0.3728)
[=====================================   ]: 3494 (Loss: 0.4715)
[======================================  ]: 3495 (Loss: 0.4350)
[======================================  ]: 3496 (Loss: 0.3124)
[======================================  ]: 3497 (Loss: 0.3524)
[======================================= ]: 3498 (Loss: 0.3743)
[======================================= ]: 3499 (Loss: 0.4415)
[========================================]: 3500 (Loss: 0.2439)
                                                                                                    
[2026-07-16 22:31:18,291] [INFO] [__main__] Batch 3500 Loss: 0.408286 Cost: 7.61 Time: 46 ms/sequence
[2026-07-16 22:31:18,291] [INFO] [__main__] Advice weight norm: 19.634230 | Advice gradient norm: 0.252455

[                                        ]: 3501 (Loss: 0.4088)
[                                        ]: 3502 (Loss: 0.2841)
[=                                       ]: 3503 (Loss: 0.3917)
[=                                       ]: 3504 (Loss: 0.3252)
[==                                      ]: 3505 (Loss: 0.4125)
[==                                      ]: 3506 (Loss: 0.4132)
[==                                      ]: 3507 (Loss: 0.3511)
[===                                     ]: 3508 (Loss: 0.4736)
[===                                     ]: 3509 (Loss: 0.3553)
[====                                    ]: 3510 (Loss: 0.4248)
[====                                    ]: 3511 (Loss: 0.4202)
[====                                    ]: 3512 (Loss: 0.3494)
[=====                                   ]: 3513 (Loss: 0.3137)
[=====                                   ]: 3514 (Loss: 0.5709)
[======                                  ]: 3515 (Loss: 0.4723)
[======                                  ]: 3516 (Loss: 0.4300)
[======                                  ]: 3517 (Loss: 0.3161)
[=======                                 ]: 3518 (Loss: 0.4013)
[=======                                 ]: 3519 (Loss: 0.4477)
[========                                ]: 3520 (Loss: 0.2276)
[========                                ]: 3521 (Loss: 0.4954)
[========                                ]: 3522 (Loss: 0.2501)
[=========                               ]: 3523 (Loss: 0.4062)
[=========                               ]: 3524 (Loss: 0.2531)
[==========                              ]: 3525 (Loss: 0.3466)
[==========                              ]: 3526 (Loss: 0.3356)
[==========                              ]: 3527 (Loss: 0.4142)
[===========                             ]: 3528 (Loss: 0.3435)
[===========                             ]: 3529 (Loss: 0.5159)
[============                            ]: 3530 (Loss: 0.3103)
[============                            ]: 3531 (Loss: 0.3105)
[============                            ]: 3532 (Loss: 0.3888)
[=============                           ]: 3533 (Loss: 0.4111)
[=============                           ]: 3534 (Loss: 0.4913)
[==============                          ]: 3535 (Loss: 0.4717)
[==============                          ]: 3536 (Loss: 0.3503)
[==============                          ]: 3537 (Loss: 0.3208)
[===============                         ]: 3538 (Loss: 0.2140)
[===============                         ]: 3539 (Loss: 0.4915)
[================                        ]: 3540 (Loss: 0.3630)
[================                        ]: 3541 (Loss: 0.4243)
[================                        ]: 3542 (Loss: 0.5518)
[=================                       ]: 3543 (Loss: 0.3592)
[=================                       ]: 3544 (Loss: 0.4376)
[==================                      ]: 3545 (Loss: 0.4664)
[==================                      ]: 3546 (Loss: 0.3912)
[==================                      ]: 3547 (Loss: 0.3443)
[===================                     ]: 3548 (Loss: 0.3675)
[===================                     ]: 3549 (Loss: 0.3874)
[====================                    ]: 3550 (Loss: 0.6169)
[====================                    ]: 3551 (Loss: 0.4091)
[====================                    ]: 3552 (Loss: 0.4457)
[=====================                   ]: 3553 (Loss: 0.4887)
[=====================                   ]: 3554 (Loss: 0.4054)
[======================                  ]: 3555 (Loss: 0.4418)
[======================                  ]: 3556 (Loss: 0.4589)
[======================                  ]: 3557 (Loss: 0.3316)
[=======================                 ]: 3558 (Loss: 0.4480)
[=======================                 ]: 3559 (Loss: 0.3440)
[========================                ]: 3560 (Loss: 0.3818)
[========================                ]: 3561 (Loss: 0.3413)
[========================                ]: 3562 (Loss: 0.3491)
[=========================               ]: 3563 (Loss: 0.3986)
[=========================               ]: 3564 (Loss: 0.2827)
[==========================              ]: 3565 (Loss: 0.4463)
[==========================              ]: 3566 (Loss: 0.5128)
[==========================              ]: 3567 (Loss: 0.4464)
[===========================             ]: 3568 (Loss: 0.4545)
[===========================             ]: 3569 (Loss: 0.4256)
[============================            ]: 3570 (Loss: 0.4510)
[============================            ]: 3571 (Loss: 0.3507)
[============================            ]: 3572 (Loss: 0.4750)
[=============================           ]: 3573 (Loss: 0.2771)
[=============================           ]: 3574 (Loss: 0.3228)
[==============================          ]: 3575 (Loss: 0.4737)
[==============================          ]: 3576 (Loss: 0.3799)
[==============================          ]: 3577 (Loss: 0.3722)
[===============================         ]: 3578 (Loss: 0.3727)
[===============================         ]: 3579 (Loss: 0.4372)
[================================        ]: 3580 (Loss: 0.3146)
[================================        ]: 3581 (Loss: 0.4908)
[================================        ]: 3582 (Loss: 0.4225)
[=================================       ]: 3583 (Loss: 0.3084)
[=================================       ]: 3584 (Loss: 0.4489)
[==================================      ]: 3585 (Loss: 0.4432)
[==================================      ]: 3586 (Loss: 0.3973)
[==================================      ]: 3587 (Loss: 0.5048)
[===================================     ]: 3588 (Loss: 0.4157)
[===================================     ]: 3589 (Loss: 0.5017)
[====================================    ]: 3590 (Loss: 0.4587)
[====================================    ]: 3591 (Loss: 0.3733)
[====================================    ]: 3592 (Loss: 0.3805)
[=====================================   ]: 3593 (Loss: 0.2765)
[=====================================   ]: 3594 (Loss: 0.4203)
[======================================  ]: 3595 (Loss: 0.4571)
[======================================  ]: 3596 (Loss: 0.4290)
[======================================  ]: 3597 (Loss: 0.3506)
[======================================= ]: 3598 (Loss: 0.4261)
[======================================= ]: 3599 (Loss: 0.3303)
[========================================]: 3600 (Loss: 0.4599)
                                                                                                    
[2026-07-16 22:31:24,717] [INFO] [__main__] Batch 3600 Loss: 0.399551 Cost: 7.77 Time: 64 ms/sequence
[2026-07-16 22:31:24,717] [INFO] [__main__] Advice weight norm: 19.671341 | Advice gradient norm: 0.626787

[                                        ]: 3601 (Loss: 0.4135)
[                                        ]: 3602 (Loss: 0.4227)
[=                                       ]: 3603 (Loss: 0.4682)
[=                                       ]: 3604 (Loss: 0.3648)
[==                                      ]: 3605 (Loss: 0.4361)
[==                                      ]: 3606 (Loss: 0.3840)
[==                                      ]: 3607 (Loss: 0.3023)
[===                                     ]: 3608 (Loss: 0.3851)
[===                                     ]: 3609 (Loss: 0.3227)
[====                                    ]: 3610 (Loss: 0.4906)
[====                                    ]: 3611 (Loss: 0.3663)
[====                                    ]: 3612 (Loss: 0.4322)
[=====                                   ]: 3613 (Loss: 0.4245)
[=====                                   ]: 3614 (Loss: 0.5056)
[======                                  ]: 3615 (Loss: 0.3596)
[======                                  ]: 3616 (Loss: 0.3156)
[======                                  ]: 3617 (Loss: 0.3873)
[=======                                 ]: 3618 (Loss: 0.4639)
[=======                                 ]: 3619 (Loss: 0.4895)
[========                                ]: 3620 (Loss: 0.4896)
[========                                ]: 3621 (Loss: 0.5321)
[========                                ]: 3622 (Loss: 0.4206)
[=========                               ]: 3623 (Loss: 0.3701)
[=========                               ]: 3624 (Loss: 0.4281)
[==========                              ]: 3625 (Loss: 0.4127)
[==========                              ]: 3626 (Loss: 0.4457)
[==========                              ]: 3627 (Loss: 0.4459)
[===========                             ]: 3628 (Loss: 0.5100)
[===========                             ]: 3629 (Loss: 0.4193)
[============                            ]: 3630 (Loss: 0.4696)
[============                            ]: 3631 (Loss: 0.4276)
[============                            ]: 3632 (Loss: 0.4334)
[=============                           ]: 3633 (Loss: 0.4424)
[=============                           ]: 3634 (Loss: 0.3760)
[==============                          ]: 3635 (Loss: 0.3332)
[==============                          ]: 3636 (Loss: 0.4633)
[==============                          ]: 3637 (Loss: 0.4931)
[===============                         ]: 3638 (Loss: 0.3903)
[===============                         ]: 3639 (Loss: 0.4415)
[================                        ]: 3640 (Loss: 0.4053)
[================                        ]: 3641 (Loss: 0.3289)
[================                        ]: 3642 (Loss: 0.3888)
[=================                       ]: 3643 (Loss: 0.3829)
[=================                       ]: 3644 (Loss: 0.4721)
[==================                      ]: 3645 (Loss: 0.3697)
[==================                      ]: 3646 (Loss: 0.3593)
[==================                      ]: 3647 (Loss: 0.2720)
[===================                     ]: 3648 (Loss: 0.4579)
[===================                     ]: 3649 (Loss: 0.4156)
[====================                    ]: 3650 (Loss: 0.3710)
[====================                    ]: 3651 (Loss: 0.4080)
[====================                    ]: 3652 (Loss: 0.4085)
[=====================                   ]: 3653 (Loss: 0.4304)
[=====================                   ]: 3654 (Loss: 0.5563)
[======================                  ]: 3655 (Loss: 0.4677)
[======================                  ]: 3656 (Loss: 0.3752)
[======================                  ]: 3657 (Loss: 0.5380)
[=======================                 ]: 3658 (Loss: 0.3552)
[=======================                 ]: 3659 (Loss: 0.3829)
[========================                ]: 3660 (Loss: 0.4813)
[========================                ]: 3661 (Loss: 0.6295)
[========================                ]: 3662 (Loss: 0.4651)
[=========================               ]: 3663 (Loss: 0.4510)
[=========================               ]: 3664 (Loss: 0.5212)
[==========================              ]: 3665 (Loss: 0.4540)
[==========================              ]: 3666 (Loss: 0.3531)
[==========================              ]: 3667 (Loss: 0.3349)
[===========================             ]: 3668 (Loss: 0.4379)
[===========================             ]: 3669 (Loss: 0.2118)
[============================            ]: 3670 (Loss: 0.4048)
[============================            ]: 3671 (Loss: 0.4324)
[============================            ]: 3672 (Loss: 0.4201)
[=============================           ]: 3673 (Loss: 0.4866)
[=============================           ]: 3674 (Loss: 0.4322)
[==============================          ]: 3675 (Loss: 0.2985)
[==============================          ]: 3676 (Loss: 0.4442)
[==============================          ]: 3677 (Loss: 0.3696)
[===============================         ]: 3678 (Loss: 0.3145)
[===============================         ]: 3679 (Loss: 0.4546)
[================================        ]: 3680 (Loss: 0.3820)
[================================        ]: 3681 (Loss: 0.3965)
[================================        ]: 3682 (Loss: 0.4912)
[=================================       ]: 3683 (Loss: 0.5629)
[=================================       ]: 3684 (Loss: 0.2858)
[==================================      ]: 3685 (Loss: 0.4195)
[==================================      ]: 3686 (Loss: 0.4987)
[==================================      ]: 3687 (Loss: 0.4016)
[===================================     ]: 3688 (Loss: 0.4262)
[===================================     ]: 3689 (Loss: 0.4410)
[====================================    ]: 3690 (Loss: 0.4439)
[====================================    ]: 3691 (Loss: 0.4301)
[====================================    ]: 3692 (Loss: 0.3408)
[=====================================   ]: 3693 (Loss: 0.3204)
[=====================================   ]: 3694 (Loss: 0.3873)
[======================================  ]: 3695 (Loss: 0.3210)
[======================================  ]: 3696 (Loss: 0.3298)
[======================================  ]: 3697 (Loss: 0.3601)
[======================================= ]: 3698 (Loss: 0.3974)
[======================================= ]: 3699 (Loss: 0.4268)
[========================================]: 3700 (Loss: 0.4364)
                                                                                                    
[2026-07-16 22:31:32,064] [INFO] [__main__] Batch 3700 Loss: 0.415217 Cost: 7.93 Time: 73 ms/sequence
[2026-07-16 22:31:32,064] [INFO] [__main__] Advice weight norm: 19.695230 | Advice gradient norm: 0.254122

[                                        ]: 3701 (Loss: 0.3584)
[                                        ]: 3702 (Loss: 0.3850)
[=                                       ]: 3703 (Loss: 0.4033)
[=                                       ]: 3704 (Loss: 0.4934)
[==                                      ]: 3705 (Loss: 0.4097)
[==                                      ]: 3706 (Loss: 0.4237)
[==                                      ]: 3707 (Loss: 0.4313)
[===                                     ]: 3708 (Loss: 0.3431)
[===                                     ]: 3709 (Loss: 0.3301)
[====                                    ]: 3710 (Loss: 0.4057)
[====                                    ]: 3711 (Loss: 0.4869)
[====                                    ]: 3712 (Loss: 0.4220)
[=====                                   ]: 3713 (Loss: 0.4984)
[=====                                   ]: 3714 (Loss: 0.3390)
[======                                  ]: 3715 (Loss: 0.4147)
[======                                  ]: 3716 (Loss: 0.3290)
[======                                  ]: 3717 (Loss: 0.4845)
[=======                                 ]: 3718 (Loss: 0.3706)
[=======                                 ]: 3719 (Loss: 0.3592)
[========                                ]: 3720 (Loss: 0.3510)
[========                                ]: 3721 (Loss: 0.5212)
[========                                ]: 3722 (Loss: 0.4110)
[=========                               ]: 3723 (Loss: 0.3001)
[=========                               ]: 3724 (Loss: 0.4031)
[==========                              ]: 3725 (Loss: 0.3727)
[==========                              ]: 3726 (Loss: 0.4210)
[==========                              ]: 3727 (Loss: 0.5985)
[===========                             ]: 3728 (Loss: 0.3037)
[===========                             ]: 3729 (Loss: 0.2986)
[============                            ]: 3730 (Loss: 0.4075)
[============                            ]: 3731 (Loss: 0.3622)
[============                            ]: 3732 (Loss: 0.4769)
[=============                           ]: 3733 (Loss: 0.3581)
[=============                           ]: 3734 (Loss: 0.3587)
[==============                          ]: 3735 (Loss: 0.4319)
[==============                          ]: 3736 (Loss: 0.3267)
[==============                          ]: 3737 (Loss: 0.2928)
[===============                         ]: 3738 (Loss: 0.3731)
[===============                         ]: 3739 (Loss: 0.5282)
[================                        ]: 3740 (Loss: 0.4636)
[================                        ]: 3741 (Loss: 0.4072)
[================                        ]: 3742 (Loss: 0.4816)
[=================                       ]: 3743 (Loss: 0.3059)
[=================                       ]: 3744 (Loss: 0.4248)
[==================                      ]: 3745 (Loss: 0.3892)
[==================                      ]: 3746 (Loss: 0.3942)
[==================                      ]: 3747 (Loss: 0.4915)
[===================                     ]: 3748 (Loss: 0.4986)
[===================                     ]: 3749 (Loss: 0.4536)
[====================                    ]: 3750 (Loss: 0.3718)
[====================                    ]: 3751 (Loss: 0.4059)
[====================                    ]: 3752 (Loss: 0.3195)
[=====================                   ]: 3753 (Loss: 0.4018)
[=====================                   ]: 3754 (Loss: 0.3301)
[======================                  ]: 3755 (Loss: 0.3831)
[======================                  ]: 3756 (Loss: 0.3147)
[======================                  ]: 3757 (Loss: 0.4525)
[=======================                 ]: 3758 (Loss: 0.3626)
[=======================                 ]: 3759 (Loss: 0.3960)
[========================                ]: 3760 (Loss: 0.3653)
[========================                ]: 3761 (Loss: 0.4819)
[========================                ]: 3762 (Loss: 0.3715)
[=========================               ]: 3763 (Loss: 0.3518)
[=========================               ]: 3764 (Loss: 0.3627)
[==========================              ]: 3765 (Loss: 0.3883)
[==========================              ]: 3766 (Loss: 0.3159)
[==========================              ]: 3767 (Loss: 0.3237)
[===========================             ]: 3768 (Loss: 0.3539)
[===========================             ]: 3769 (Loss: 0.4888)
[============================            ]: 3770 (Loss: 0.2987)
[============================            ]: 3771 (Loss: 0.3981)
[============================            ]: 3772 (Loss: 0.4475)
[=============================           ]: 3773 (Loss: 0.3223)
[=============================           ]: 3774 (Loss: 0.4965)
[==============================          ]: 3775 (Loss: 0.4059)
[==============================          ]: 3776 (Loss: 0.3418)
[==============================          ]: 3777 (Loss: 0.4308)
[===============================         ]: 3778 (Loss: 0.3911)
[===============================         ]: 3779 (Loss: 0.3346)
[================================        ]: 3780 (Loss: 0.4241)
[================================        ]: 3781 (Loss: 0.4135)
[================================        ]: 3782 (Loss: 0.2762)
[=================================       ]: 3783 (Loss: 0.3922)
[=================================       ]: 3784 (Loss: 0.3542)
[==================================      ]: 3785 (Loss: 0.4748)
[==================================      ]: 3786 (Loss: 0.4887)
[==================================      ]: 3787 (Loss: 0.3744)
[===================================     ]: 3788 (Loss: 0.2872)
[===================================     ]: 3789 (Loss: 0.3018)
[====================================    ]: 3790 (Loss: 0.4976)
[====================================    ]: 3791 (Loss: 0.4074)
[====================================    ]: 3792 (Loss: 0.6068)
[=====================================   ]: 3793 (Loss: 0.4322)
[=====================================   ]: 3794 (Loss: 0.3099)
[======================================  ]: 3795 (Loss: 0.4163)
[======================================  ]: 3796 (Loss: 0.3548)
[======================================  ]: 3797 (Loss: 0.3223)
[======================================= ]: 3798 (Loss: 0.4292)
[======================================= ]: 3799 (Loss: 0.3122)
[========================================]: 3800 (Loss: 0.3582)
                                                                                                    
[2026-07-16 22:31:39,685] [INFO] [__main__] Batch 3800 Loss: 0.395383 Cost: 7.61 Time: 76 ms/sequence
[2026-07-16 22:31:39,685] [INFO] [__main__] Advice weight norm: 19.715759 | Advice gradient norm: 0.416362

[                                        ]: 3801 (Loss: 0.3405)
[                                        ]: 3802 (Loss: 0.3967)
[=                                       ]: 3803 (Loss: 0.3904)
[=                                       ]: 3804 (Loss: 0.4229)
[==                                      ]: 3805 (Loss: 0.4328)
[==                                      ]: 3806 (Loss: 0.4026)
[==                                      ]: 3807 (Loss: 0.4328)
[===                                     ]: 3808 (Loss: 0.3633)
[===                                     ]: 3809 (Loss: 0.3441)
[====                                    ]: 3810 (Loss: 0.3503)
[====                                    ]: 3811 (Loss: 0.3659)
[====                                    ]: 3812 (Loss: 0.5885)
[=====                                   ]: 3813 (Loss: 0.4001)
[=====                                   ]: 3814 (Loss: 0.3853)
[======                                  ]: 3815 (Loss: 0.3350)
[======                                  ]: 3816 (Loss: 0.5170)
[======                                  ]: 3817 (Loss: 0.4982)
[=======                                 ]: 3818 (Loss: 0.5460)
[=======                                 ]: 3819 (Loss: 0.4374)
[========                                ]: 3820 (Loss: 0.4579)
[========                                ]: 3821 (Loss: 0.2678)
[========                                ]: 3822 (Loss: 0.3264)
[=========                               ]: 3823 (Loss: 0.3156)
[=========                               ]: 3824 (Loss: 0.3334)
[==========                              ]: 3825 (Loss: 0.4434)
[==========                              ]: 3826 (Loss: 0.3509)
[==========                              ]: 3827 (Loss: 0.4262)
[===========                             ]: 3828 (Loss: 0.4263)
[===========                             ]: 3829 (Loss: 0.4344)
[============                            ]: 3830 (Loss: 0.4758)
[============                            ]: 3831 (Loss: 0.5013)
[============                            ]: 3832 (Loss: 0.2677)
[=============                           ]: 3833 (Loss: 0.5297)
[=============                           ]: 3834 (Loss: 0.4310)
[==============                          ]: 3835 (Loss: 0.3920)
[==============                          ]: 3836 (Loss: 0.5140)
[==============                          ]: 3837 (Loss: 0.4188)
[===============                         ]: 3838 (Loss: 0.2759)
[===============                         ]: 3839 (Loss: 0.2659)
[================                        ]: 3840 (Loss: 0.3654)
[================                        ]: 3841 (Loss: 0.3912)
[================                        ]: 3842 (Loss: 0.4977)
[=================                       ]: 3843 (Loss: 0.5731)
[=================                       ]: 3844 (Loss: 0.3673)
[==================                      ]: 3845 (Loss: 0.2999)
[==================                      ]: 3846 (Loss: 0.3308)
[==================                      ]: 3847 (Loss: 0.3512)
[===================                     ]: 3848 (Loss: 0.4951)
[===================                     ]: 3849 (Loss: 0.3622)
[====================                    ]: 3850 (Loss: 0.3652)
[====================                    ]: 3851 (Loss: 0.3305)
[====================                    ]: 3852 (Loss: 0.3372)
[=====================                   ]: 3853 (Loss: 0.3180)
[=====================                   ]: 3854 (Loss: 0.3132)
[======================                  ]: 3855 (Loss: 0.2110)
[======================                  ]: 3856 (Loss: 0.4073)
[======================                  ]: 3857 (Loss: 0.2309)
[=======================                 ]: 3858 (Loss: 0.3974)
[=======================                 ]: 3859 (Loss: 0.4461)
[========================                ]: 3860 (Loss: 0.4371)
[========================                ]: 3861 (Loss: 0.2717)
[========================                ]: 3862 (Loss: 0.3376)
[=========================               ]: 3863 (Loss: 0.3491)
[=========================               ]: 3864 (Loss: 0.5202)
[==========================              ]: 3865 (Loss: 0.4205)
[==========================              ]: 3866 (Loss: 0.5301)
[==========================              ]: 3867 (Loss: 0.4990)
[===========================             ]: 3868 (Loss: 0.3843)
[===========================             ]: 3869 (Loss: 0.3322)
[============================            ]: 3870 (Loss: 0.5440)
[============================            ]: 3871 (Loss: 0.3367)
[============================            ]: 3872 (Loss: 0.4390)
[=============================           ]: 3873 (Loss: 0.4320)
[=============================           ]: 3874 (Loss: 0.4021)
[==============================          ]: 3875 (Loss: 0.5795)
[==============================          ]: 3876 (Loss: 0.4158)
[==============================          ]: 3877 (Loss: 0.3520)
[===============================         ]: 3878 (Loss: 0.3874)
[===============================         ]: 3879 (Loss: 0.3345)
[================================        ]: 3880 (Loss: 0.4134)
[================================        ]: 3881 (Loss: 0.4150)
[================================        ]: 3882 (Loss: 0.3208)
[=================================       ]: 3883 (Loss: 0.3502)
[=================================       ]: 3884 (Loss: 0.4863)
[==================================      ]: 3885 (Loss: 0.6464)
[==================================      ]: 3886 (Loss: 0.4005)
[==================================      ]: 3887 (Loss: 0.3415)
[===================================     ]: 3888 (Loss: 0.3800)
[===================================     ]: 3889 (Loss: 0.3008)
[====================================    ]: 3890 (Loss: 0.3915)
[====================================    ]: 3891 (Loss: 0.3262)
[====================================    ]: 3892 (Loss: 0.5196)
[=====================================   ]: 3893 (Loss: 0.3478)
[=====================================   ]: 3894 (Loss: 0.3356)
[======================================  ]: 3895 (Loss: 0.3506)
[======================================  ]: 3896 (Loss: 0.3019)
[======================================  ]: 3897 (Loss: 0.3827)
[======================================= ]: 3898 (Loss: 0.5254)
[======================================= ]: 3899 (Loss: 0.3170)
[========================================]: 3900 (Loss: 0.2486)
                                                                                                    
[2026-07-16 22:31:46,907] [INFO] [__main__] Batch 3900 Loss: 0.396016 Cost: 7.88 Time: 72 ms/sequence
[2026-07-16 22:31:46,907] [INFO] [__main__] Advice weight norm: 19.745667 | Advice gradient norm: 0.399017

[                                        ]: 3901 (Loss: 0.3937)
[                                        ]: 3902 (Loss: 0.3490)
[=                                       ]: 3903 (Loss: 0.4390)
[=                                       ]: 3904 (Loss: 0.5470)
[==                                      ]: 3905 (Loss: 0.4239)
[==                                      ]: 3906 (Loss: 0.4640)
[==                                      ]: 3907 (Loss: 0.4346)
[===                                     ]: 3908 (Loss: 0.4789)
[===                                     ]: 3909 (Loss: 0.3019)
[====                                    ]: 3910 (Loss: 0.3143)
[====                                    ]: 3911 (Loss: 0.3966)
[====                                    ]: 3912 (Loss: 0.2814)
[=====                                   ]: 3913 (Loss: 0.4020)
[=====                                   ]: 3914 (Loss: 0.3807)
[======                                  ]: 3915 (Loss: 0.4247)
[======                                  ]: 3916 (Loss: 0.3975)
[======                                  ]: 3917 (Loss: 0.3367)
[=======                                 ]: 3918 (Loss: 0.3101)
[=======                                 ]: 3919 (Loss: 0.3805)
[========                                ]: 3920 (Loss: 0.3658)
[========                                ]: 3921 (Loss: 0.5179)
[========                                ]: 3922 (Loss: 0.3983)
[=========                               ]: 3923 (Loss: 0.3468)
[=========                               ]: 3924 (Loss: 0.4829)
[==========                              ]: 3925 (Loss: 0.5002)
[==========                              ]: 3926 (Loss: 0.3550)
[==========                              ]: 3927 (Loss: 0.4447)
[===========                             ]: 3928 (Loss: 0.3636)
[===========                             ]: 3929 (Loss: 0.4727)
[============                            ]: 3930 (Loss: 0.3914)
[============                            ]: 3931 (Loss: 0.4250)
[============                            ]: 3932 (Loss: 0.3263)
[=============                           ]: 3933 (Loss: 0.3528)
[=============                           ]: 3934 (Loss: 0.5271)
[==============                          ]: 3935 (Loss: 0.3156)
[==============                          ]: 3936 (Loss: 0.4057)
[==============                          ]: 3937 (Loss: 0.4341)
[===============                         ]: 3938 (Loss: 0.3077)
[===============                         ]: 3939 (Loss: 0.4338)
[================                        ]: 3940 (Loss: 0.3971)
[================                        ]: 3941 (Loss: 0.3537)
[================                        ]: 3942 (Loss: 0.3417)
[=================                       ]: 3943 (Loss: 0.4287)
[=================                       ]: 3944 (Loss: 0.4070)
[==================                      ]: 3945 (Loss: 0.4256)
[==================                      ]: 3946 (Loss: 0.3981)
[==================                      ]: 3947 (Loss: 0.3859)
[===================                     ]: 3948 (Loss: 0.4380)
[===================                     ]: 3949 (Loss: 0.4594)
[====================                    ]: 3950 (Loss: 0.2648)
[====================                    ]: 3951 (Loss: 0.4395)
[====================                    ]: 3952 (Loss: 0.3751)
[=====================                   ]: 3953 (Loss: 0.4268)
[=====================                   ]: 3954 (Loss: 0.3260)
[======================                  ]: 3955 (Loss: 0.3751)
[======================                  ]: 3956 (Loss: 0.3115)
[======================                  ]: 3957 (Loss: 0.3852)
[=======================                 ]: 3958 (Loss: 0.2338)
[=======================                 ]: 3959 (Loss: 0.2962)
[========================                ]: 3960 (Loss: 0.3628)
[========================                ]: 3961 (Loss: 0.3498)
[========================                ]: 3962 (Loss: 0.3507)
[=========================               ]: 3963 (Loss: 0.3033)
[=========================               ]: 3964 (Loss: 0.3580)
[==========================              ]: 3965 (Loss: 0.3075)
[==========================              ]: 3966 (Loss: 0.3937)
[==========================              ]: 3967 (Loss: 0.3767)
[===========================             ]: 3968 (Loss: 0.4858)
[===========================             ]: 3969 (Loss: 0.3937)
[============================            ]: 3970 (Loss: 0.3431)
[============================            ]: 3971 (Loss: 0.3847)
[============================            ]: 3972 (Loss: 0.3856)
[=============================           ]: 3973 (Loss: 0.4775)
[=============================           ]: 3974 (Loss: 0.3231)
[==============================          ]: 3975 (Loss: 0.3415)
[==============================          ]: 3976 (Loss: 0.3493)
[==============================          ]: 3977 (Loss: 0.3666)
[===============================         ]: 3978 (Loss: 0.3283)
[===============================         ]: 3979 (Loss: 0.3908)
[================================        ]: 3980 (Loss: 0.4686)
[================================        ]: 3981 (Loss: 0.4053)
[================================        ]: 3982 (Loss: 0.3579)
[=================================       ]: 3983 (Loss: 0.3739)
[=================================       ]: 3984 (Loss: 0.5916)
[==================================      ]: 3985 (Loss: 0.5016)
[==================================      ]: 3986 (Loss: 0.3593)
[==================================      ]: 3987 (Loss: 0.3267)
[===================================     ]: 3988 (Loss: 0.3491)
[===================================     ]: 3989 (Loss: 0.4689)
[====================================    ]: 3990 (Loss: 0.4561)
[====================================    ]: 3991 (Loss: 0.4303)
[====================================    ]: 3992 (Loss: 0.3303)
[=====================================   ]: 3993 (Loss: 0.2902)
[=====================================   ]: 3994 (Loss: 0.3478)
[======================================  ]: 3995 (Loss: 0.4467)
[======================================  ]: 3996 (Loss: 0.5797)
[======================================  ]: 3997 (Loss: 0.3110)
[======================================= ]: 3998 (Loss: 0.4024)
[======================================= ]: 3999 (Loss: 0.3444)
[========================================]: 4000 (Loss: 0.3730)
                                                                                                    
[2026-07-16 22:31:53,972] [INFO] [__main__] Batch 4000 Loss: 0.389803 Cost: 7.43 Time: 70 ms/sequence
[2026-07-16 22:31:53,972] [INFO] [__main__] Advice weight norm: 19.770855 | Advice gradient norm: 0.342723

                                                                                                    
[2026-07-16 22:31:53,973] [INFO] [__main__] Saving checkpoint to 'runs\copy_sanity_len5\copy\combined\seed_1002\checkpoint-batch-00004000.pt'

[                                        ]: 4001 (Loss: 0.3489)
[                                        ]: 4002 (Loss: 0.2678)
[=                                       ]: 4003 (Loss: 0.4364)
[=                                       ]: 4004 (Loss: 0.4808)
[==                                      ]: 4005 (Loss: 0.3662)
[==                                      ]: 4006 (Loss: 0.3981)
[==                                      ]: 4007 (Loss: 0.4193)
[===                                     ]: 4008 (Loss: 0.2546)
[===                                     ]: 4009 (Loss: 0.4384)
[====                                    ]: 4010 (Loss: 0.4206)
[====                                    ]: 4011 (Loss: 0.3664)
[====                                    ]: 4012 (Loss: 0.3358)
[=====                                   ]: 4013 (Loss: 0.2716)
[=====                                   ]: 4014 (Loss: 0.4736)
[======                                  ]: 4015 (Loss: 0.2252)
[======                                  ]: 4016 (Loss: 0.3256)
[======                                  ]: 4017 (Loss: 0.3669)
[=======                                 ]: 4018 (Loss: 0.2744)
[=======                                 ]: 4019 (Loss: 0.3490)
[========                                ]: 4020 (Loss: 0.3452)
[========                                ]: 4021 (Loss: 0.3375)
[========                                ]: 4022 (Loss: 0.4111)
[=========                               ]: 4023 (Loss: 0.4550)
[=========                               ]: 4024 (Loss: 0.4373)
[==========                              ]: 4025 (Loss: 0.3513)
[==========                              ]: 4026 (Loss: 0.4038)
[==========                              ]: 4027 (Loss: 0.4755)
[===========                             ]: 4028 (Loss: 0.4594)
[===========                             ]: 4029 (Loss: 0.3857)
[============                            ]: 4030 (Loss: 0.4861)
[============                            ]: 4031 (Loss: 0.3771)
[============                            ]: 4032 (Loss: 0.3870)
[=============                           ]: 4033 (Loss: 0.4765)
[=============                           ]: 4034 (Loss: 0.4021)
[==============                          ]: 4035 (Loss: 0.4496)
[==============                          ]: 4036 (Loss: 0.4396)
[==============                          ]: 4037 (Loss: 0.3255)
[===============                         ]: 4038 (Loss: 0.4084)
[===============                         ]: 4039 (Loss: 0.4057)
[================                        ]: 4040 (Loss: 0.4096)
[================                        ]: 4041 (Loss: 0.4527)
[================                        ]: 4042 (Loss: 0.3781)
[=================                       ]: 4043 (Loss: 0.2972)
[=================                       ]: 4044 (Loss: 0.2687)
[==================                      ]: 4045 (Loss: 0.3179)
[==================                      ]: 4046 (Loss: 0.4408)
[==================                      ]: 4047 (Loss: 0.4096)
[===================                     ]: 4048 (Loss: 0.3118)
[===================                     ]: 4049 (Loss: 0.3729)
[====================                    ]: 4050 (Loss: 0.3201)
[====================                    ]: 4051 (Loss: 0.3788)
[====================                    ]: 4052 (Loss: 0.3802)
[=====================                   ]: 4053 (Loss: 0.3833)
[=====================                   ]: 4054 (Loss: 0.3724)
[======================                  ]: 4055 (Loss: 0.3800)
[======================                  ]: 4056 (Loss: 0.3104)
[======================                  ]: 4057 (Loss: 0.3471)
[=======================                 ]: 4058 (Loss: 0.3656)
[=======================                 ]: 4059 (Loss: 0.4849)
[========================                ]: 4060 (Loss: 0.5631)
[========================                ]: 4061 (Loss: 0.3082)
[========================                ]: 4062 (Loss: 0.4250)
[=========================               ]: 4063 (Loss: 0.3153)
[=========================               ]: 4064 (Loss: 0.4479)
[==========================              ]: 4065 (Loss: 0.4747)
[==========================              ]: 4066 (Loss: 0.3555)
[==========================              ]: 4067 (Loss: 0.3447)
[===========================             ]: 4068 (Loss: 0.3561)
[===========================             ]: 4069 (Loss: 0.3839)
[============================            ]: 4070 (Loss: 0.3642)
[============================            ]: 4071 (Loss: 0.4309)
[============================            ]: 4072 (Loss: 0.5755)
[=============================           ]: 4073 (Loss: 0.3972)
[=============================           ]: 4074 (Loss: 0.3978)
[==============================          ]: 4075 (Loss: 0.4126)
[==============================          ]: 4076 (Loss: 0.4185)
[==============================          ]: 4077 (Loss: 0.4845)
[===============================         ]: 4078 (Loss: 0.2681)
[===============================         ]: 4079 (Loss: 0.2945)
[================================        ]: 4080 (Loss: 0.3011)
[================================        ]: 4081 (Loss: 0.3408)
[================================        ]: 4082 (Loss: 0.5158)
[=================================       ]: 4083 (Loss: 0.3470)
[=================================       ]: 4084 (Loss: 0.3817)
[==================================      ]: 4085 (Loss: 0.3664)
[==================================      ]: 4086 (Loss: 0.4654)
[==================================      ]: 4087 (Loss: 0.2454)
[===================================     ]: 4088 (Loss: 0.3416)
[===================================     ]: 4089 (Loss: 0.2666)
[====================================    ]: 4090 (Loss: 0.3840)
[====================================    ]: 4091 (Loss: 0.3006)
[====================================    ]: 4092 (Loss: 0.4287)
[=====================================   ]: 4093 (Loss: 0.3668)
[=====================================   ]: 4094 (Loss: 0.3150)
[======================================  ]: 4095 (Loss: 0.4562)
[======================================  ]: 4096 (Loss: 0.3625)
[======================================  ]: 4097 (Loss: 0.3385)
[======================================= ]: 4098 (Loss: 0.4751)
[======================================= ]: 4099 (Loss: 0.4569)
[========================================]: 4100 (Loss: 0.3739)
                                                                                                    
[2026-07-16 22:32:01,320] [INFO] [__main__] Batch 4100 Loss: 0.382695 Cost: 7.20 Time: 73 ms/sequence
[2026-07-16 22:32:01,320] [INFO] [__main__] Advice weight norm: 19.802795 | Advice gradient norm: 0.594844

[                                        ]: 4101 (Loss: 0.2896)
[                                        ]: 4102 (Loss: 0.3030)
[=                                       ]: 4103 (Loss: 0.5273)
[=                                       ]: 4104 (Loss: 0.3764)
[==                                      ]: 4105 (Loss: 0.4078)
[==                                      ]: 4106 (Loss: 0.2921)
[==                                      ]: 4107 (Loss: 0.4136)
[===                                     ]: 4108 (Loss: 0.3196)
[===                                     ]: 4109 (Loss: 0.3933)
[====                                    ]: 4110 (Loss: 0.3813)
[====                                    ]: 4111 (Loss: 0.4553)
[====                                    ]: 4112 (Loss: 0.4465)
[=====                                   ]: 4113 (Loss: 0.3015)
[=====                                   ]: 4114 (Loss: 0.3622)
[======                                  ]: 4115 (Loss: 0.3773)
[======                                  ]: 4116 (Loss: 0.4502)
[======                                  ]: 4117 (Loss: 0.3455)
[=======                                 ]: 4118 (Loss: 0.4069)
[=======                                 ]: 4119 (Loss: 0.3296)
[========                                ]: 4120 (Loss: 0.2883)
[========                                ]: 4121 (Loss: 0.3351)
[========                                ]: 4122 (Loss: 0.3982)
[=========                               ]: 4123 (Loss: 0.3649)
[=========                               ]: 4124 (Loss: 0.4040)
[==========                              ]: 4125 (Loss: 0.2846)
[==========                              ]: 4126 (Loss: 0.3680)
[==========                              ]: 4127 (Loss: 0.3108)
[===========                             ]: 4128 (Loss: 0.3538)
[===========                             ]: 4129 (Loss: 0.4160)
[============                            ]: 4130 (Loss: 0.2280)
[============                            ]: 4131 (Loss: 0.4275)
[============                            ]: 4132 (Loss: 0.4489)
[=============                           ]: 4133 (Loss: 0.3915)
[=============                           ]: 4134 (Loss: 0.4366)
[==============                          ]: 4135 (Loss: 0.4225)
[==============                          ]: 4136 (Loss: 0.3984)
[==============                          ]: 4137 (Loss: 0.3674)
[===============                         ]: 4138 (Loss: 0.3656)
[===============                         ]: 4139 (Loss: 0.4278)
[================                        ]: 4140 (Loss: 0.2158)
[================                        ]: 4141 (Loss: 0.5089)
[================                        ]: 4142 (Loss: 0.4092)
[=================                       ]: 4143 (Loss: 0.4363)
[=================                       ]: 4144 (Loss: 0.3464)
[==================                      ]: 4145 (Loss: 0.2784)
[==================                      ]: 4146 (Loss: 0.3592)
[==================                      ]: 4147 (Loss: 0.3663)
[===================                     ]: 4148 (Loss: 0.4213)
[===================                     ]: 4149 (Loss: 0.4375)
[====================                    ]: 4150 (Loss: 0.4107)
[====================                    ]: 4151 (Loss: 0.2565)
[====================                    ]: 4152 (Loss: 0.3602)
[=====================                   ]: 4153 (Loss: 0.4865)
[=====================                   ]: 4154 (Loss: 0.3028)
[======================                  ]: 4155 (Loss: 0.3605)
[======================                  ]: 4156 (Loss: 0.5004)
[======================                  ]: 4157 (Loss: 0.3575)
[=======================                 ]: 4158 (Loss: 0.3900)
[=======================                 ]: 4159 (Loss: 0.4578)
[========================                ]: 4160 (Loss: 0.2998)
[========================                ]: 4161 (Loss: 0.4729)
[========================                ]: 4162 (Loss: 0.3601)
[=========================               ]: 4163 (Loss: 0.3647)
[=========================               ]: 4164 (Loss: 0.4044)
[==========================              ]: 4165 (Loss: 0.3839)
[==========================              ]: 4166 (Loss: 0.5103)
[==========================              ]: 4167 (Loss: 0.4549)
[===========================             ]: 4168 (Loss: 0.3610)
[===========================             ]: 4169 (Loss: 0.4349)
[============================            ]: 4170 (Loss: 0.3791)
[============================            ]: 4171 (Loss: 0.4452)
[============================            ]: 4172 (Loss: 0.3362)
[=============================           ]: 4173 (Loss: 0.3763)
[=============================           ]: 4174 (Loss: 0.3214)
[==============================          ]: 4175 (Loss: 0.3756)
[==============================          ]: 4176 (Loss: 0.2598)
[==============================          ]: 4177 (Loss: 0.3469)
[===============================         ]: 4178 (Loss: 0.5242)
[===============================         ]: 4179 (Loss: 0.5311)
[================================        ]: 4180 (Loss: 0.2766)
[================================        ]: 4181 (Loss: 0.3522)
[================================        ]: 4182 (Loss: 0.3436)
[=================================       ]: 4183 (Loss: 0.3867)
[=================================       ]: 4184 (Loss: 0.4223)
[==================================      ]: 4185 (Loss: 0.3766)
[==================================      ]: 4186 (Loss: 0.3807)
[==================================      ]: 4187 (Loss: 0.2598)
[===================================     ]: 4188 (Loss: 0.2948)
[===================================     ]: 4189 (Loss: 0.3390)
[====================================    ]: 4190 (Loss: 0.3803)
[====================================    ]: 4191 (Loss: 0.3991)
[====================================    ]: 4192 (Loss: 0.3497)
[=====================================   ]: 4193 (Loss: 0.3102)
[=====================================   ]: 4194 (Loss: 0.4261)
[======================================  ]: 4195 (Loss: 0.4165)
[======================================  ]: 4196 (Loss: 0.3393)
[======================================  ]: 4197 (Loss: 0.3116)
[======================================= ]: 4198 (Loss: 0.4071)
[======================================= ]: 4199 (Loss: 0.3129)
[========================================]: 4200 (Loss: 0.4085)
                                                                                                    
[2026-07-16 22:32:08,325] [INFO] [__main__] Batch 4200 Loss: 0.377154 Cost: 7.18 Time: 70 ms/sequence
[2026-07-16 22:32:08,326] [INFO] [__main__] Advice weight norm: 19.840368 | Advice gradient norm: 0.638297

[                                        ]: 4201 (Loss: 0.4197)
[                                        ]: 4202 (Loss: 0.3406)
[=                                       ]: 4203 (Loss: 0.3426)
[=                                       ]: 4204 (Loss: 0.3432)
[==                                      ]: 4205 (Loss: 0.4020)
[==                                      ]: 4206 (Loss: 0.3219)
[==                                      ]: 4207 (Loss: 0.3247)
[===                                     ]: 4208 (Loss: 0.3679)
[===                                     ]: 4209 (Loss: 0.2952)
[====                                    ]: 4210 (Loss: 0.4224)
[====                                    ]: 4211 (Loss: 0.4281)
[====                                    ]: 4212 (Loss: 0.3410)
[=====                                   ]: 4213 (Loss: 0.4418)
[=====                                   ]: 4214 (Loss: 0.2959)
[======                                  ]: 4215 (Loss: 0.4551)
[======                                  ]: 4216 (Loss: 0.4404)
[======                                  ]: 4217 (Loss: 0.3942)
[=======                                 ]: 4218 (Loss: 0.3849)
[=======                                 ]: 4219 (Loss: 0.2855)
[========                                ]: 4220 (Loss: 0.2959)
[========                                ]: 4221 (Loss: 0.4388)
[========                                ]: 4222 (Loss: 0.4613)
[=========                               ]: 4223 (Loss: 0.4511)
[=========                               ]: 4224 (Loss: 0.4866)
[==========                              ]: 4225 (Loss: 0.2619)
[==========                              ]: 4226 (Loss: 0.4464)
[==========                              ]: 4227 (Loss: 0.4676)
[===========                             ]: 4228 (Loss: 0.3341)
[===========                             ]: 4229 (Loss: 0.4127)
[============                            ]: 4230 (Loss: 0.3668)
[============                            ]: 4231 (Loss: 0.3802)
[============                            ]: 4232 (Loss: 0.3530)
[=============                           ]: 4233 (Loss: 0.4068)
[=============                           ]: 4234 (Loss: 0.5014)
[==============                          ]: 4235 (Loss: 0.3636)
[==============                          ]: 4236 (Loss: 0.4176)
[==============                          ]: 4237 (Loss: 0.3962)
[===============                         ]: 4238 (Loss: 0.4718)
[===============                         ]: 4239 (Loss: 0.4693)
[================                        ]: 4240 (Loss: 0.4029)
[================                        ]: 4241 (Loss: 0.3439)
[================                        ]: 4242 (Loss: 0.3388)
[=================                       ]: 4243 (Loss: 0.4844)
[=================                       ]: 4244 (Loss: 0.3168)
[==================                      ]: 4245 (Loss: 0.3618)
[==================                      ]: 4246 (Loss: 0.4517)
[==================                      ]: 4247 (Loss: 0.3227)
[===================                     ]: 4248 (Loss: 0.4755)
[===================                     ]: 4249 (Loss: 0.3228)
[====================                    ]: 4250 (Loss: 0.3690)
[====================                    ]: 4251 (Loss: 0.2271)
[====================                    ]: 4252 (Loss: 0.2924)
[=====================                   ]: 4253 (Loss: 0.3322)
[=====================                   ]: 4254 (Loss: 0.2910)
[======================                  ]: 4255 (Loss: 0.3309)
[======================                  ]: 4256 (Loss: 0.3393)
[======================                  ]: 4257 (Loss: 0.3146)
[=======================                 ]: 4258 (Loss: 0.3260)
[=======================                 ]: 4259 (Loss: 0.3184)
[========================                ]: 4260 (Loss: 0.2890)
[========================                ]: 4261 (Loss: 0.3769)
[========================                ]: 4262 (Loss: 0.4261)
[=========================               ]: 4263 (Loss: 0.4190)
[=========================               ]: 4264 (Loss: 0.4596)
[==========================              ]: 4265 (Loss: 0.3906)
[==========================              ]: 4266 (Loss: 0.4566)
[==========================              ]: 4267 (Loss: 0.2862)
[===========================             ]: 4268 (Loss: 0.3681)
[===========================             ]: 4269 (Loss: 0.4613)
[============================            ]: 4270 (Loss: 0.4840)
[============================            ]: 4271 (Loss: 0.3924)
[============================            ]: 4272 (Loss: 0.4110)
[=============================           ]: 4273 (Loss: 0.4150)
[=============================           ]: 4274 (Loss: 0.2710)
[==============================          ]: 4275 (Loss: 0.3775)
[==============================          ]: 4276 (Loss: 0.3650)
[==============================          ]: 4277 (Loss: 0.4532)
[===============================         ]: 4278 (Loss: 0.3537)
[===============================         ]: 4279 (Loss: 0.4174)
[================================        ]: 4280 (Loss: 0.3312)
[================================        ]: 4281 (Loss: 0.3277)
[================================        ]: 4282 (Loss: 0.3555)
[=================================       ]: 4283 (Loss: 0.5185)
[=================================       ]: 4284 (Loss: 0.2995)
[==================================      ]: 4285 (Loss: 0.3286)
[==================================      ]: 4286 (Loss: 0.3632)
[==================================      ]: 4287 (Loss: 0.5747)
[===================================     ]: 4288 (Loss: 0.4156)
[===================================     ]: 4289 (Loss: 0.2436)
[====================================    ]: 4290 (Loss: 0.2347)
[====================================    ]: 4291 (Loss: 0.4046)
[====================================    ]: 4292 (Loss: 0.3184)
[=====================================   ]: 4293 (Loss: 0.3813)
[=====================================   ]: 4294 (Loss: 0.3780)
[======================================  ]: 4295 (Loss: 0.4699)
[======================================  ]: 4296 (Loss: 0.3640)
[======================================  ]: 4297 (Loss: 0.3077)
[======================================= ]: 4298 (Loss: 0.4302)
[======================================= ]: 4299 (Loss: 0.3592)
[========================================]: 4300 (Loss: 0.3911)
                                                                                                    
[2026-07-16 22:32:15,071] [INFO] [__main__] Batch 4300 Loss: 0.378630 Cost: 7.08 Time: 67 ms/sequence
[2026-07-16 22:32:15,071] [INFO] [__main__] Advice weight norm: 19.873850 | Advice gradient norm: 0.623981

[                                        ]: 4301 (Loss: 0.4885)
[                                        ]: 4302 (Loss: 0.3212)
[=                                       ]: 4303 (Loss: 0.3883)
[=                                       ]: 4304 (Loss: 0.3799)
[==                                      ]: 4305 (Loss: 0.3963)
[==                                      ]: 4306 (Loss: 0.3315)
[==                                      ]: 4307 (Loss: 0.3250)
[===                                     ]: 4308 (Loss: 0.3855)
[===                                     ]: 4309 (Loss: 0.3617)
[====                                    ]: 4310 (Loss: 0.3524)
[====                                    ]: 4311 (Loss: 0.3059)
[====                                    ]: 4312 (Loss: 0.5012)
[=====                                   ]: 4313 (Loss: 0.5773)
[=====                                   ]: 4314 (Loss: 0.2548)
[======                                  ]: 4315 (Loss: 0.4429)
[======                                  ]: 4316 (Loss: 0.4509)
[======                                  ]: 4317 (Loss: 0.2894)
[=======                                 ]: 4318 (Loss: 0.4194)
[=======                                 ]: 4319 (Loss: 0.3820)
[========                                ]: 4320 (Loss: 0.2925)
[========                                ]: 4321 (Loss: 0.4775)
[========                                ]: 4322 (Loss: 0.4326)
[=========                               ]: 4323 (Loss: 0.3939)
[=========                               ]: 4324 (Loss: 0.3131)
[==========                              ]: 4325 (Loss: 0.4002)
[==========                              ]: 4326 (Loss: 0.4051)
[==========                              ]: 4327 (Loss: 0.4047)
[===========                             ]: 4328 (Loss: 0.4102)
[===========                             ]: 4329 (Loss: 0.3076)
[============                            ]: 4330 (Loss: 0.3233)
[============                            ]: 4331 (Loss: 0.3693)
[============                            ]: 4332 (Loss: 0.2387)
[=============                           ]: 4333 (Loss: 0.4576)
[=============                           ]: 4334 (Loss: 0.2919)
[==============                          ]: 4335 (Loss: 0.3549)
[==============                          ]: 4336 (Loss: 0.4333)
[==============                          ]: 4337 (Loss: 0.2842)
[===============                         ]: 4338 (Loss: 0.5303)
[===============                         ]: 4339 (Loss: 0.4530)
[================                        ]: 4340 (Loss: 0.4196)
[================                        ]: 4341 (Loss: 0.4217)
[================                        ]: 4342 (Loss: 0.4399)
[=================                       ]: 4343 (Loss: 0.3913)
[=================                       ]: 4344 (Loss: 0.4458)
[==================                      ]: 4345 (Loss: 0.4189)
[==================                      ]: 4346 (Loss: 0.3343)
[==================                      ]: 4347 (Loss: 0.4429)
[===================                     ]: 4348 (Loss: 0.3360)
[===================                     ]: 4349 (Loss: 0.3332)
[====================                    ]: 4350 (Loss: 0.3705)
[====================                    ]: 4351 (Loss: 0.4075)
[====================                    ]: 4352 (Loss: 0.3697)
[=====================                   ]: 4353 (Loss: 0.4651)
[=====================                   ]: 4354 (Loss: 0.4009)
[======================                  ]: 4355 (Loss: 0.3061)
[======================                  ]: 4356 (Loss: 0.4223)
[======================                  ]: 4357 (Loss: 0.3653)
[=======================                 ]: 4358 (Loss: 0.3228)
[=======================                 ]: 4359 (Loss: 0.5064)
[========================                ]: 4360 (Loss: 0.3076)
[========================                ]: 4361 (Loss: 0.4843)
[========================                ]: 4362 (Loss: 0.3686)
[=========================               ]: 4363 (Loss: 0.4513)
[=========================               ]: 4364 (Loss: 0.4986)
[==========================              ]: 4365 (Loss: 0.3960)
[==========================              ]: 4366 (Loss: 0.2602)
[==========================              ]: 4367 (Loss: 0.4809)
[===========================             ]: 4368 (Loss: 0.2810)
[===========================             ]: 4369 (Loss: 0.3925)
[============================            ]: 4370 (Loss: 0.3620)
[============================            ]: 4371 (Loss: 0.3410)
[============================            ]: 4372 (Loss: 0.3573)
[=============================           ]: 4373 (Loss: 0.3826)
[=============================           ]: 4374 (Loss: 0.4443)
[==============================          ]: 4375 (Loss: 0.4466)
[==============================          ]: 4376 (Loss: 0.2844)
[==============================          ]: 4377 (Loss: 0.3354)
[===============================         ]: 4378 (Loss: 0.3633)
[===============================         ]: 4379 (Loss: 0.3567)
[================================        ]: 4380 (Loss: 0.3285)
[================================        ]: 4381 (Loss: 0.2834)
[================================        ]: 4382 (Loss: 0.3849)
[=================================       ]: 4383 (Loss: 0.2372)
[=================================       ]: 4384 (Loss: 0.3800)
[==================================      ]: 4385 (Loss: 0.3282)
[==================================      ]: 4386 (Loss: 0.3047)
[==================================      ]: 4387 (Loss: 0.4495)
[===================================     ]: 4388 (Loss: 0.3515)
[===================================     ]: 4389 (Loss: 0.5043)
[====================================    ]: 4390 (Loss: 0.3391)
[====================================    ]: 4391 (Loss: 0.4299)
[====================================    ]: 4392 (Loss: 0.4479)
[=====================================   ]: 4393 (Loss: 0.3327)
[=====================================   ]: 4394 (Loss: 0.4143)
[======================================  ]: 4395 (Loss: 0.3174)
[======================================  ]: 4396 (Loss: 0.4517)
[======================================  ]: 4397 (Loss: 0.2985)
[======================================= ]: 4398 (Loss: 0.3955)
[======================================= ]: 4399 (Loss: 0.2752)
[========================================]: 4400 (Loss: 0.3089)
                                                                                                    
[2026-07-16 22:32:22,496] [INFO] [__main__] Batch 4400 Loss: 0.380065 Cost: 7.18 Time: 74 ms/sequence
[2026-07-16 22:32:22,496] [INFO] [__main__] Advice weight norm: 19.895248 | Advice gradient norm: 0.538140

[                                        ]: 4401 (Loss: 0.3595)
[                                        ]: 4402 (Loss: 0.3895)
[=                                       ]: 4403 (Loss: 0.4215)
[=                                       ]: 4404 (Loss: 0.4092)
[==                                      ]: 4405 (Loss: 0.5602)
[==                                      ]: 4406 (Loss: 0.5078)
[==                                      ]: 4407 (Loss: 0.5418)
[===                                     ]: 4408 (Loss: 0.3911)
[===                                     ]: 4409 (Loss: 0.2990)
[====                                    ]: 4410 (Loss: 0.3030)
[====                                    ]: 4411 (Loss: 0.3568)
[====                                    ]: 4412 (Loss: 0.4128)
[=====                                   ]: 4413 (Loss: 0.4351)
[=====                                   ]: 4414 (Loss: 0.2439)
[======                                  ]: 4415 (Loss: 0.2946)
[======                                  ]: 4416 (Loss: 0.3541)
[======                                  ]: 4417 (Loss: 0.3770)
[=======                                 ]: 4418 (Loss: 0.4070)
[=======                                 ]: 4419 (Loss: 0.4274)
[========                                ]: 4420 (Loss: 0.4124)
[========                                ]: 4421 (Loss: 0.3505)
[========                                ]: 4422 (Loss: 0.3433)
[=========                               ]: 4423 (Loss: 0.4013)
[=========                               ]: 4424 (Loss: 0.2980)
[==========                              ]: 4425 (Loss: 0.4786)
[==========                              ]: 4426 (Loss: 0.3055)
[==========                              ]: 4427 (Loss: 0.3220)
[===========                             ]: 4428 (Loss: 0.3709)
[===========                             ]: 4429 (Loss: 0.2937)
[============                            ]: 4430 (Loss: 0.4244)
[============                            ]: 4431 (Loss: 0.4055)
[============                            ]: 4432 (Loss: 0.3679)
[=============                           ]: 4433 (Loss: 0.4772)
[=============                           ]: 4434 (Loss: 0.3955)
[==============                          ]: 4435 (Loss: 0.4276)
[==============                          ]: 4436 (Loss: 0.2711)
[==============                          ]: 4437 (Loss: 0.2746)
[===============                         ]: 4438 (Loss: 0.2084)
[===============                         ]: 4439 (Loss: 0.3282)
[================                        ]: 4440 (Loss: 0.4982)
[================                        ]: 4441 (Loss: 0.3573)
[================                        ]: 4442 (Loss: 0.4257)
[=================                       ]: 4443 (Loss: 0.3089)
[=================                       ]: 4444 (Loss: 0.3323)
[==================                      ]: 4445 (Loss: 0.4572)
[==================                      ]: 4446 (Loss: 0.2109)
[==================                      ]: 4447 (Loss: 0.3528)
[===================                     ]: 4448 (Loss: 0.3676)
[===================                     ]: 4449 (Loss: 0.3856)
[====================                    ]: 4450 (Loss: 0.3692)
[====================                    ]: 4451 (Loss: 0.4467)
[====================                    ]: 4452 (Loss: 0.4030)
[=====================                   ]: 4453 (Loss: 0.2404)
[=====================                   ]: 4454 (Loss: 0.2721)
[======================                  ]: 4455 (Loss: 0.3475)
[======================                  ]: 4456 (Loss: 0.4484)
[======================                  ]: 4457 (Loss: 0.2841)
[=======================                 ]: 4458 (Loss: 0.3609)
[=======================                 ]: 4459 (Loss: 0.3979)
[========================                ]: 4460 (Loss: 0.5508)
[========================                ]: 4461 (Loss: 0.5370)
[========================                ]: 4462 (Loss: 0.3884)
[=========================               ]: 4463 (Loss: 0.3173)
[=========================               ]: 4464 (Loss: 0.4137)
[==========================              ]: 4465 (Loss: 0.3511)
[==========================              ]: 4466 (Loss: 0.3738)
[==========================              ]: 4467 (Loss: 0.3795)
[===========================             ]: 4468 (Loss: 0.3609)
[===========================             ]: 4469 (Loss: 0.4366)
[============================            ]: 4470 (Loss: 0.3778)
[============================            ]: 4471 (Loss: 0.3385)
[============================            ]: 4472 (Loss: 0.4919)
[=============================           ]: 4473 (Loss: 0.3137)
[=============================           ]: 4474 (Loss: 0.3873)
[==============================          ]: 4475 (Loss: 0.3799)
[==============================          ]: 4476 (Loss: 0.3934)
[==============================          ]: 4477 (Loss: 0.3334)
[===============================         ]: 4478 (Loss: 0.3278)
[===============================         ]: 4479 (Loss: 0.4267)
[================================        ]: 4480 (Loss: 0.3669)
[================================        ]: 4481 (Loss: 0.3282)
[================================        ]: 4482 (Loss: 0.4457)
[=================================       ]: 4483 (Loss: 0.3512)
[=================================       ]: 4484 (Loss: 0.3702)
[==================================      ]: 4485 (Loss: 0.3858)
[==================================      ]: 4486 (Loss: 0.3346)
[==================================      ]: 4487 (Loss: 0.2515)
[===================================     ]: 4488 (Loss: 0.3086)
[===================================     ]: 4489 (Loss: 0.5102)
[====================================    ]: 4490 (Loss: 0.2687)
[====================================    ]: 4491 (Loss: 0.2943)
[====================================    ]: 4492 (Loss: 0.2879)
[=====================================   ]: 4493 (Loss: 0.3520)
[=====================================   ]: 4494 (Loss: 0.3586)
[======================================  ]: 4495 (Loss: 0.2902)
[======================================  ]: 4496 (Loss: 0.4661)
[======================================  ]: 4497 (Loss: 0.4435)
[======================================= ]: 4498 (Loss: 0.4097)
[======================================= ]: 4499 (Loss: 0.4288)
[========================================]: 4500 (Loss: 0.2926)
                                                                                                    
[2026-07-16 22:32:29,510] [INFO] [__main__] Batch 4500 Loss: 0.373392 Cost: 7.15 Time: 70 ms/sequence
[2026-07-16 22:32:29,510] [INFO] [__main__] Advice weight norm: 19.922478 | Advice gradient norm: 0.456284

[                                        ]: 4501 (Loss: 0.3458)
[                                        ]: 4502 (Loss: 0.2751)
[=                                       ]: 4503 (Loss: 0.2989)
[=                                       ]: 4504 (Loss: 0.3618)
[==                                      ]: 4505 (Loss: 0.4088)
[==                                      ]: 4506 (Loss: 0.3745)
[==                                      ]: 4507 (Loss: 0.2735)
[===                                     ]: 4508 (Loss: 0.3778)
[===                                     ]: 4509 (Loss: 0.3987)
[====                                    ]: 4510 (Loss: 0.3312)
[====                                    ]: 4511 (Loss: 0.2947)
[====                                    ]: 4512 (Loss: 0.2529)
[=====                                   ]: 4513 (Loss: 0.3585)
[=====                                   ]: 4514 (Loss: 0.3535)
[======                                  ]: 4515 (Loss: 0.2629)
[======                                  ]: 4516 (Loss: 0.4486)
[======                                  ]: 4517 (Loss: 0.4291)
[=======                                 ]: 4518 (Loss: 0.3175)
[=======                                 ]: 4519 (Loss: 0.4553)
[========                                ]: 4520 (Loss: 0.4242)
[========                                ]: 4521 (Loss: 0.2576)
[========                                ]: 4522 (Loss: 0.4492)
[=========                               ]: 4523 (Loss: 0.4452)
[=========                               ]: 4524 (Loss: 0.3787)
[==========                              ]: 4525 (Loss: 0.3752)
[==========                              ]: 4526 (Loss: 0.3270)
[==========                              ]: 4527 (Loss: 0.2561)
[===========                             ]: 4528 (Loss: 0.3413)
[===========                             ]: 4529 (Loss: 0.3494)
[============                            ]: 4530 (Loss: 0.3140)
[============                            ]: 4531 (Loss: 0.3053)
[============                            ]: 4532 (Loss: 0.4368)
[=============                           ]: 4533 (Loss: 0.3498)
[=============                           ]: 4534 (Loss: 0.3557)
[==============                          ]: 4535 (Loss: 0.4146)
[==============                          ]: 4536 (Loss: 0.2588)
[==============                          ]: 4537 (Loss: 0.2737)
[===============                         ]: 4538 (Loss: 0.3542)
[===============                         ]: 4539 (Loss: 0.3558)
[================                        ]: 4540 (Loss: 0.3214)
[================                        ]: 4541 (Loss: 0.3047)
[================                        ]: 4542 (Loss: 0.4289)
[=================                       ]: 4543 (Loss: 0.2976)
[=================                       ]: 4544 (Loss: 0.4263)
[==================                      ]: 4545 (Loss: 0.3642)
[==================                      ]: 4546 (Loss: 0.3904)
[==================                      ]: 4547 (Loss: 0.4351)
[===================                     ]: 4548 (Loss: 0.2891)
[===================                     ]: 4549 (Loss: 0.3118)
[====================                    ]: 4550 (Loss: 0.3654)
[====================                    ]: 4551 (Loss: 0.5374)
[====================                    ]: 4552 (Loss: 0.4227)
[=====================                   ]: 4553 (Loss: 0.4119)
[=====================                   ]: 4554 (Loss: 0.3798)
[======================                  ]: 4555 (Loss: 0.4460)
[======================                  ]: 4556 (Loss: 0.3860)
[======================                  ]: 4557 (Loss: 0.3928)
[=======================                 ]: 4558 (Loss: 0.4753)
[=======================                 ]: 4559 (Loss: 0.3337)
[========================                ]: 4560 (Loss: 0.4458)
[========================                ]: 4561 (Loss: 0.4806)
[========================                ]: 4562 (Loss: 0.3699)
[=========================               ]: 4563 (Loss: 0.2297)
[=========================               ]: 4564 (Loss: 0.4075)
[==========================              ]: 4565 (Loss: 0.5181)
[==========================              ]: 4566 (Loss: 0.3169)
[==========================              ]: 4567 (Loss: 0.4616)
[===========================             ]: 4568 (Loss: 0.2787)
[===========================             ]: 4569 (Loss: 0.4125)
[============================            ]: 4570 (Loss: 0.3167)
[============================            ]: 4571 (Loss: 0.3938)
[============================            ]: 4572 (Loss: 0.4194)
[=============================           ]: 4573 (Loss: 0.4324)
[=============================           ]: 4574 (Loss: 0.3044)
[==============================          ]: 4575 (Loss: 0.2804)
[==============================          ]: 4576 (Loss: 0.4291)
[==============================          ]: 4577 (Loss: 0.5142)
[===============================         ]: 4578 (Loss: 0.3656)
[===============================         ]: 4579 (Loss: 0.4176)
[================================        ]: 4580 (Loss: 0.4326)
[================================        ]: 4581 (Loss: 0.3684)
[================================        ]: 4582 (Loss: 0.4124)
[=================================       ]: 4583 (Loss: 0.2603)
[=================================       ]: 4584 (Loss: 0.2959)
[==================================      ]: 4585 (Loss: 0.3698)
[==================================      ]: 4586 (Loss: 0.2829)
[==================================      ]: 4587 (Loss: 0.4061)
[===================================     ]: 4588 (Loss: 0.4148)
[===================================     ]: 4589 (Loss: 0.4326)
[====================================    ]: 4590 (Loss: 0.3484)
[====================================    ]: 4591 (Loss: 0.3436)
[====================================    ]: 4592 (Loss: 0.3058)
[=====================================   ]: 4593 (Loss: 0.3280)
[=====================================   ]: 4594 (Loss: 0.2934)
[======================================  ]: 4595 (Loss: 0.5120)
[======================================  ]: 4596 (Loss: 0.4014)
[======================================  ]: 4597 (Loss: 0.3694)
[======================================= ]: 4598 (Loss: 0.3762)
[======================================= ]: 4599 (Loss: 0.3585)
[========================================]: 4600 (Loss: 0.3942)
                                                                                                    
[2026-07-16 22:32:36,661] [INFO] [__main__] Batch 4600 Loss: 0.368635 Cost: 6.99 Time: 71 ms/sequence
[2026-07-16 22:32:36,661] [INFO] [__main__] Advice weight norm: 19.960619 | Advice gradient norm: 0.414368

[                                        ]: 4601 (Loss: 0.3961)
[                                        ]: 4602 (Loss: 0.3564)
[=                                       ]: 4603 (Loss: 0.3602)
[=                                       ]: 4604 (Loss: 0.2888)
[==                                      ]: 4605 (Loss: 0.3956)
[==                                      ]: 4606 (Loss: 0.3587)
[==                                      ]: 4607 (Loss: 0.2808)
[===                                     ]: 4608 (Loss: 0.2087)
[===                                     ]: 4609 (Loss: 0.3761)
[====                                    ]: 4610 (Loss: 0.2340)
[====                                    ]: 4611 (Loss: 0.4179)
[====                                    ]: 4612 (Loss: 0.6190)
[=====                                   ]: 4613 (Loss: 0.3235)
[=====                                   ]: 4614 (Loss: 0.2149)
[======                                  ]: 4615 (Loss: 0.3897)
[======                                  ]: 4616 (Loss: 0.5407)
[======                                  ]: 4617 (Loss: 0.5403)
[=======                                 ]: 4618 (Loss: 0.3594)
[=======                                 ]: 4619 (Loss: 0.4133)
[========                                ]: 4620 (Loss: 0.3644)
[========                                ]: 4621 (Loss: 0.3122)
[========                                ]: 4622 (Loss: 0.3894)
[=========                               ]: 4623 (Loss: 0.3717)
[=========                               ]: 4624 (Loss: 0.3096)
[==========                              ]: 4625 (Loss: 0.3585)
[==========                              ]: 4626 (Loss: 0.2876)
[==========                              ]: 4627 (Loss: 0.3763)
[===========                             ]: 4628 (Loss: 0.3050)
[===========                             ]: 4629 (Loss: 0.2840)
[============                            ]: 4630 (Loss: 0.3545)
[============                            ]: 4631 (Loss: 0.4525)
[============                            ]: 4632 (Loss: 0.3905)
[=============                           ]: 4633 (Loss: 0.3254)
[=============                           ]: 4634 (Loss: 0.3800)
[==============                          ]: 4635 (Loss: 0.3481)
[==============                          ]: 4636 (Loss: 0.3733)
[==============                          ]: 4637 (Loss: 0.3512)
[===============                         ]: 4638 (Loss: 0.3262)
[===============                         ]: 4639 (Loss: 0.4438)
[================                        ]: 4640 (Loss: 0.3234)
[================                        ]: 4641 (Loss: 0.3163)
[================                        ]: 4642 (Loss: 0.3844)
[=================                       ]: 4643 (Loss: 0.4155)
[=================                       ]: 4644 (Loss: 0.2810)
[==================                      ]: 4645 (Loss: 0.3713)
[==================                      ]: 4646 (Loss: 0.4123)
[==================                      ]: 4647 (Loss: 0.3774)
[===================                     ]: 4648 (Loss: 0.2576)
[===================                     ]: 4649 (Loss: 0.3376)
[====================                    ]: 4650 (Loss: 0.2166)
[====================                    ]: 4651 (Loss: 0.4180)
[====================                    ]: 4652 (Loss: 0.4469)
[=====================                   ]: 4653 (Loss: 0.3481)
[=====================                   ]: 4654 (Loss: 0.3848)
[======================                  ]: 4655 (Loss: 0.2309)
[======================                  ]: 4656 (Loss: 0.2573)
[======================                  ]: 4657 (Loss: 0.3121)
[=======================                 ]: 4658 (Loss: 0.4264)
[=======================                 ]: 4659 (Loss: 0.4441)
[========================                ]: 4660 (Loss: 0.3729)
[========================                ]: 4661 (Loss: 0.3447)
[========================                ]: 4662 (Loss: 0.3127)
[=========================               ]: 4663 (Loss: 0.1872)
[=========================               ]: 4664 (Loss: 0.4519)
[==========================              ]: 4665 (Loss: 0.3308)
[==========================              ]: 4666 (Loss: 0.3252)
[==========================              ]: 4667 (Loss: 0.3265)
[===========================             ]: 4668 (Loss: 0.3600)
[===========================             ]: 4669 (Loss: 0.2407)
[============================            ]: 4670 (Loss: 0.2127)
[============================            ]: 4671 (Loss: 0.2315)
[============================            ]: 4672 (Loss: 0.3691)
[=============================           ]: 4673 (Loss: 0.4946)
[=============================           ]: 4674 (Loss: 0.3003)
[==============================          ]: 4675 (Loss: 0.3306)
[==============================          ]: 4676 (Loss: 0.3478)
[==============================          ]: 4677 (Loss: 0.4363)
[===============================         ]: 4678 (Loss: 0.2788)
[===============================         ]: 4679 (Loss: 0.3973)
[================================        ]: 4680 (Loss: 0.3585)
[================================        ]: 4681 (Loss: 0.4410)
[================================        ]: 4682 (Loss: 0.3423)
[=================================       ]: 4683 (Loss: 0.3792)
[=================================       ]: 4684 (Loss: 0.4323)
[==================================      ]: 4685 (Loss: 0.3155)
[==================================      ]: 4686 (Loss: 0.4015)
[==================================      ]: 4687 (Loss: 0.3110)
[===================================     ]: 4688 (Loss: 0.4414)
[===================================     ]: 4689 (Loss: 0.4419)
[====================================    ]: 4690 (Loss: 0.3506)
[====================================    ]: 4691 (Loss: 0.3572)
[====================================    ]: 4692 (Loss: 0.2677)
[=====================================   ]: 4693 (Loss: 0.3837)
[=====================================   ]: 4694 (Loss: 0.2956)
[======================================  ]: 4695 (Loss: 0.2323)
[======================================  ]: 4696 (Loss: 0.2564)
[======================================  ]: 4697 (Loss: 0.3756)
[======================================= ]: 4698 (Loss: 0.3491)
[======================================= ]: 4699 (Loss: 0.3667)
[========================================]: 4700 (Loss: 0.4367)
                                                                                                    
[2026-07-16 22:32:42,998] [INFO] [__main__] Batch 4700 Loss: 0.353278 Cost: 6.64 Time: 63 ms/sequence
[2026-07-16 22:32:42,998] [INFO] [__main__] Advice weight norm: 19.987730 | Advice gradient norm: 0.670577

[                                        ]: 4701 (Loss: 0.3426)
[                                        ]: 4702 (Loss: 0.3207)
[=                                       ]: 4703 (Loss: 0.3660)
[=                                       ]: 4704 (Loss: 0.3502)
[==                                      ]: 4705 (Loss: 0.3718)
[==                                      ]: 4706 (Loss: 0.3655)
[==                                      ]: 4707 (Loss: 0.2932)
[===                                     ]: 4708 (Loss: 0.3810)
[===                                     ]: 4709 (Loss: 0.4077)
[====                                    ]: 4710 (Loss: 0.3595)
[====                                    ]: 4711 (Loss: 0.3772)
[====                                    ]: 4712 (Loss: 0.4323)
[=====                                   ]: 4713 (Loss: 0.4386)
[=====                                   ]: 4714 (Loss: 0.5160)
[======                                  ]: 4715 (Loss: 0.2703)
[======                                  ]: 4716 (Loss: 0.3435)
[======                                  ]: 4717 (Loss: 0.4007)
[=======                                 ]: 4718 (Loss: 0.2634)
[=======                                 ]: 4719 (Loss: 0.4396)
[========                                ]: 4720 (Loss: 0.2833)
[========                                ]: 4721 (Loss: 0.3370)
[========                                ]: 4722 (Loss: 0.3917)
[=========                               ]: 4723 (Loss: 0.4026)
[=========                               ]: 4724 (Loss: 0.3746)
[==========                              ]: 4725 (Loss: 0.3071)
[==========                              ]: 4726 (Loss: 0.2769)
[==========                              ]: 4727 (Loss: 0.3496)
[===========                             ]: 4728 (Loss: 0.3981)
[===========                             ]: 4729 (Loss: 0.2655)
[============                            ]: 4730 (Loss: 0.3364)
[============                            ]: 4731 (Loss: 0.3325)
[============                            ]: 4732 (Loss: 0.3349)
[=============                           ]: 4733 (Loss: 0.3732)
[=============                           ]: 4734 (Loss: 0.2199)
[==============                          ]: 4735 (Loss: 0.4743)
[==============                          ]: 4736 (Loss: 0.3099)
[==============                          ]: 4737 (Loss: 0.2715)
[===============                         ]: 4738 (Loss: 0.4953)
[===============                         ]: 4739 (Loss: 0.3685)
[================                        ]: 4740 (Loss: 0.3527)
[================                        ]: 4741 (Loss: 0.4086)
[================                        ]: 4742 (Loss: 0.2339)
[=================                       ]: 4743 (Loss: 0.3721)
[=================                       ]: 4744 (Loss: 0.3658)
[==================                      ]: 4745 (Loss: 0.3107)
[==================                      ]: 4746 (Loss: 0.4390)
[==================                      ]: 4747 (Loss: 0.3821)
[===================                     ]: 4748 (Loss: 0.4101)
[===================                     ]: 4749 (Loss: 0.2527)
[====================                    ]: 4750 (Loss: 0.4887)
[====================                    ]: 4751 (Loss: 0.3560)
[====================                    ]: 4752 (Loss: 0.2432)
[=====================                   ]: 4753 (Loss: 0.2783)
[=====================                   ]: 4754 (Loss: 0.3783)
[======================                  ]: 4755 (Loss: 0.4434)
[======================                  ]: 4756 (Loss: 0.3173)
[======================                  ]: 4757 (Loss: 0.4024)
[=======================                 ]: 4758 (Loss: 0.2591)
[=======================                 ]: 4759 (Loss: 0.2508)
[========================                ]: 4760 (Loss: 0.2648)
[========================                ]: 4761 (Loss: 0.3294)
[========================                ]: 4762 (Loss: 0.3622)
[=========================               ]: 4763 (Loss: 0.3229)
[=========================               ]: 4764 (Loss: 0.2744)
[==========================              ]: 4765 (Loss: 0.4933)
[==========================              ]: 4766 (Loss: 0.2694)
[==========================              ]: 4767 (Loss: 0.2720)
[===========================             ]: 4768 (Loss: 0.4574)
[===========================             ]: 4769 (Loss: 0.5120)
[============================            ]: 4770 (Loss: 0.3474)
[============================            ]: 4771 (Loss: 0.3141)
[============================            ]: 4772 (Loss: 0.2582)
[=============================           ]: 4773 (Loss: 0.3216)
[=============================           ]: 4774 (Loss: 0.2606)
[==============================          ]: 4775 (Loss: 0.3514)
[==============================          ]: 4776 (Loss: 0.2855)
[==============================          ]: 4777 (Loss: 0.2472)
[===============================         ]: 4778 (Loss: 0.2723)
[===============================         ]: 4779 (Loss: 0.3287)
[================================        ]: 4780 (Loss: 0.3357)
[================================        ]: 4781 (Loss: 0.3983)
[================================        ]: 4782 (Loss: 0.2522)
[=================================       ]: 4783 (Loss: 0.3309)
[=================================       ]: 4784 (Loss: 0.4583)
[==================================      ]: 4785 (Loss: 0.5068)
[==================================      ]: 4786 (Loss: 0.2626)
[==================================      ]: 4787 (Loss: 0.4247)
[===================================     ]: 4788 (Loss: 0.3254)
[===================================     ]: 4789 (Loss: 0.2971)
[====================================    ]: 4790 (Loss: 0.3203)
[====================================    ]: 4791 (Loss: 0.4369)
[====================================    ]: 4792 (Loss: 0.3483)
[=====================================   ]: 4793 (Loss: 0.4501)
[=====================================   ]: 4794 (Loss: 0.3718)
[======================================  ]: 4795 (Loss: 0.3024)
[======================================  ]: 4796 (Loss: 0.3671)
[======================================  ]: 4797 (Loss: 0.2210)
[======================================= ]: 4798 (Loss: 0.4660)
[======================================= ]: 4799 (Loss: 0.3931)
[========================================]: 4800 (Loss: 0.2622)
                                                                                                    
[2026-07-16 22:32:47,945] [INFO] [__main__] Batch 4800 Loss: 0.349643 Cost: 6.47 Time: 49 ms/sequence
[2026-07-16 22:32:47,945] [INFO] [__main__] Advice weight norm: 20.039818 | Advice gradient norm: 0.366329

[                                        ]: 4801 (Loss: 0.3164)
[                                        ]: 4802 (Loss: 0.2996)
[=                                       ]: 4803 (Loss: 0.3412)
[=                                       ]: 4804 (Loss: 0.3053)
[==                                      ]: 4805 (Loss: 0.3333)
[==                                      ]: 4806 (Loss: 0.1763)
[==                                      ]: 4807 (Loss: 0.3735)
[===                                     ]: 4808 (Loss: 0.3451)
[===                                     ]: 4809 (Loss: 0.3907)
[====                                    ]: 4810 (Loss: 0.3455)
[====                                    ]: 4811 (Loss: 0.2986)
[====                                    ]: 4812 (Loss: 0.3364)
[=====                                   ]: 4813 (Loss: 0.3222)
[=====                                   ]: 4814 (Loss: 0.4516)
[======                                  ]: 4815 (Loss: 0.1636)
[======                                  ]: 4816 (Loss: 0.2242)
[======                                  ]: 4817 (Loss: 0.3928)
[=======                                 ]: 4818 (Loss: 0.3495)
[=======                                 ]: 4819 (Loss: 0.3117)
[========                                ]: 4820 (Loss: 0.3225)
[========                                ]: 4821 (Loss: 0.3239)
[========                                ]: 4822 (Loss: 0.3623)
[=========                               ]: 4823 (Loss: 0.3790)
[=========                               ]: 4824 (Loss: 0.3134)
[==========                              ]: 4825 (Loss: 0.3649)
[==========                              ]: 4826 (Loss: 0.3495)
[==========                              ]: 4827 (Loss: 0.4104)
[===========                             ]: 4828 (Loss: 0.4272)
[===========                             ]: 4829 (Loss: 0.3685)
[============                            ]: 4830 (Loss: 0.3081)
[============                            ]: 4831 (Loss: 0.4066)
[============                            ]: 4832 (Loss: 0.3705)
[=============                           ]: 4833 (Loss: 0.3598)
[=============                           ]: 4834 (Loss: 0.4769)
[==============                          ]: 4835 (Loss: 0.2930)
[==============                          ]: 4836 (Loss: 0.4565)
[==============                          ]: 4837 (Loss: 0.3780)
[===============                         ]: 4838 (Loss: 0.3908)
[===============                         ]: 4839 (Loss: 0.2024)
[================                        ]: 4840 (Loss: 0.3010)
[================                        ]: 4841 (Loss: 0.2306)
[================                        ]: 4842 (Loss: 0.3590)
[=================                       ]: 4843 (Loss: 0.3654)
[=================                       ]: 4844 (Loss: 0.5216)
[==================                      ]: 4845 (Loss: 0.5088)
[==================                      ]: 4846 (Loss: 0.3024)
[==================                      ]: 4847 (Loss: 0.2923)
[===================                     ]: 4848 (Loss: 0.2913)
[===================                     ]: 4849 (Loss: 0.3636)
[====================                    ]: 4850 (Loss: 0.3839)
[====================                    ]: 4851 (Loss: 0.4810)
[====================                    ]: 4852 (Loss: 0.4096)
[=====================                   ]: 4853 (Loss: 0.2799)
[=====================                   ]: 4854 (Loss: 0.3534)
[======================                  ]: 4855 (Loss: 0.4059)
[======================                  ]: 4856 (Loss: 0.3549)
[======================                  ]: 4857 (Loss: 0.2829)
[=======================                 ]: 4858 (Loss: 0.2411)
[=======================                 ]: 4859 (Loss: 0.3394)
[========================                ]: 4860 (Loss: 0.2964)
[========================                ]: 4861 (Loss: 0.3614)
[========================                ]: 4862 (Loss: 0.3331)
[=========================               ]: 4863 (Loss: 0.3876)
[=========================               ]: 4864 (Loss: 0.4341)
[==========================              ]: 4865 (Loss: 0.4320)
[==========================              ]: 4866 (Loss: 0.1886)
[==========================              ]: 4867 (Loss: 0.4073)
[===========================             ]: 4868 (Loss: 0.3131)
[===========================             ]: 4869 (Loss: 0.5055)
[============================            ]: 4870 (Loss: 0.2301)
[============================            ]: 4871 (Loss: 0.2297)
[============================            ]: 4872 (Loss: 0.3851)
[=============================           ]: 4873 (Loss: 0.3171)
[=============================           ]: 4874 (Loss: 0.3886)
[==============================          ]: 4875 (Loss: 0.3392)
[==============================          ]: 4876 (Loss: 0.3107)
[==============================          ]: 4877 (Loss: 0.5222)
[===============================         ]: 4878 (Loss: 0.2597)
[===============================         ]: 4879 (Loss: 0.4124)
[================================        ]: 4880 (Loss: 0.3093)
[================================        ]: 4881 (Loss: 0.4510)
[================================        ]: 4882 (Loss: 0.3799)
[=================================       ]: 4883 (Loss: 0.3346)
[=================================       ]: 4884 (Loss: 0.3747)
[==================================      ]: 4885 (Loss: 0.3666)
[==================================      ]: 4886 (Loss: 0.4022)
[==================================      ]: 4887 (Loss: 0.3132)
[===================================     ]: 4888 (Loss: 0.3247)
[===================================     ]: 4889 (Loss: 0.3083)
[====================================    ]: 4890 (Loss: 0.3170)
[====================================    ]: 4891 (Loss: 0.3772)
[====================================    ]: 4892 (Loss: 0.3224)
[=====================================   ]: 4893 (Loss: 0.3375)
[=====================================   ]: 4894 (Loss: 0.3857)
[======================================  ]: 4895 (Loss: 0.4311)
[======================================  ]: 4896 (Loss: 0.3467)
[======================================  ]: 4897 (Loss: 0.3766)
[======================================= ]: 4898 (Loss: 0.3066)
[======================================= ]: 4899 (Loss: 0.2811)
[========================================]: 4900 (Loss: 0.3813)
                                                                                                    
[2026-07-16 22:32:52,829] [INFO] [__main__] Batch 4900 Loss: 0.348907 Cost: 6.31 Time: 48 ms/sequence
[2026-07-16 22:32:52,829] [INFO] [__main__] Advice weight norm: 20.071522 | Advice gradient norm: 0.532914

[                                        ]: 4901 (Loss: 0.3650)
[                                        ]: 4902 (Loss: 0.3023)
[=                                       ]: 4903 (Loss: 0.4494)
[=                                       ]: 4904 (Loss: 0.3703)
[==                                      ]: 4905 (Loss: 0.3789)
[==                                      ]: 4906 (Loss: 0.3835)
[==                                      ]: 4907 (Loss: 0.3007)
[===                                     ]: 4908 (Loss: 0.3021)
[===                                     ]: 4909 (Loss: 0.4238)
[====                                    ]: 4910 (Loss: 0.2299)
[====                                    ]: 4911 (Loss: 0.2973)
[====                                    ]: 4912 (Loss: 0.2730)
[=====                                   ]: 4913 (Loss: 0.2976)
[=====                                   ]: 4914 (Loss: 0.3266)
[======                                  ]: 4915 (Loss: 0.4023)
[======                                  ]: 4916 (Loss: 0.2978)
[======                                  ]: 4917 (Loss: 0.3942)
[=======                                 ]: 4918 (Loss: 0.4844)
[=======                                 ]: 4919 (Loss: 0.3026)
[========                                ]: 4920 (Loss: 0.4017)
[========                                ]: 4921 (Loss: 0.3448)
[========                                ]: 4922 (Loss: 0.3105)
[=========                               ]: 4923 (Loss: 0.3940)
[=========                               ]: 4924 (Loss: 0.3332)
[==========                              ]: 4925 (Loss: 0.4292)
[==========                              ]: 4926 (Loss: 0.3902)
[==========                              ]: 4927 (Loss: 0.3263)
[===========                             ]: 4928 (Loss: 0.3092)
[===========                             ]: 4929 (Loss: 0.2914)
[============                            ]: 4930 (Loss: 0.3345)
[============                            ]: 4931 (Loss: 0.3416)
[============                            ]: 4932 (Loss: 0.3516)
[=============                           ]: 4933 (Loss: 0.3813)
[=============                           ]: 4934 (Loss: 0.1877)
[==============                          ]: 4935 (Loss: 0.3410)
[==============                          ]: 4936 (Loss: 0.3091)
[==============                          ]: 4937 (Loss: 0.3534)
[===============                         ]: 4938 (Loss: 0.2992)
[===============                         ]: 4939 (Loss: 0.3080)
[================                        ]: 4940 (Loss: 0.3388)
[================                        ]: 4941 (Loss: 0.3313)
[================                        ]: 4942 (Loss: 0.3371)
[=================                       ]: 4943 (Loss: 0.2603)
[=================                       ]: 4944 (Loss: 0.3042)
[==================                      ]: 4945 (Loss: 0.2726)
[==================                      ]: 4946 (Loss: 0.4685)
[==================                      ]: 4947 (Loss: 0.3839)
[===================                     ]: 4948 (Loss: 0.4555)
[===================                     ]: 4949 (Loss: 0.3606)
[====================                    ]: 4950 (Loss: 0.3116)
[====================                    ]: 4951 (Loss: 0.3815)
[====================                    ]: 4952 (Loss: 0.3401)
[=====================                   ]: 4953 (Loss: 0.2982)
[=====================                   ]: 4954 (Loss: 0.2925)
[======================                  ]: 4955 (Loss: 0.2495)
[======================                  ]: 4956 (Loss: 0.3010)
[======================                  ]: 4957 (Loss: 0.3150)
[=======================                 ]: 4958 (Loss: 0.3409)
[=======================                 ]: 4959 (Loss: 0.2362)
[========================                ]: 4960 (Loss: 0.4508)
[========================                ]: 4961 (Loss: 0.3849)
[========================                ]: 4962 (Loss: 0.4507)
[=========================               ]: 4963 (Loss: 0.2490)
[=========================               ]: 4964 (Loss: 0.2960)
[==========================              ]: 4965 (Loss: 0.3141)
[==========================              ]: 4966 (Loss: 0.3282)
[==========================              ]: 4967 (Loss: 0.4281)
[===========================             ]: 4968 (Loss: 0.4144)
[===========================             ]: 4969 (Loss: 0.3939)
[============================            ]: 4970 (Loss: 0.2767)
[============================            ]: 4971 (Loss: 0.3697)
[============================            ]: 4972 (Loss: 0.3724)
[=============================           ]: 4973 (Loss: 0.2762)
[=============================           ]: 4974 (Loss: 0.3239)
[==============================          ]: 4975 (Loss: 0.2511)
[==============================          ]: 4976 (Loss: 0.3558)
[==============================          ]: 4977 (Loss: 0.3423)
[===============================         ]: 4978 (Loss: 0.3568)
[===============================         ]: 4979 (Loss: 0.3850)
[================================        ]: 4980 (Loss: 0.3932)
[================================        ]: 4981 (Loss: 0.3058)
[================================        ]: 4982 (Loss: 0.2565)
[=================================       ]: 4983 (Loss: 0.4098)
[=================================       ]: 4984 (Loss: 0.2882)
[==================================      ]: 4985 (Loss: 0.4087)
[==================================      ]: 4986 (Loss: 0.3546)
[==================================      ]: 4987 (Loss: 0.3376)
[===================================     ]: 4988 (Loss: 0.3764)
[===================================     ]: 4989 (Loss: 0.2665)
[====================================    ]: 4990 (Loss: 0.2698)
[====================================    ]: 4991 (Loss: 0.2962)
[====================================    ]: 4992 (Loss: 0.3724)
[=====================================   ]: 4993 (Loss: 0.3703)
[=====================================   ]: 4994 (Loss: 0.4841)
[======================================  ]: 4995 (Loss: 0.3986)
[======================================  ]: 4996 (Loss: 0.3522)
[======================================  ]: 4997 (Loss: 0.2506)
[======================================= ]: 4998 (Loss: 0.2492)
[======================================= ]: 4999 (Loss: 0.2180)
[========================================]: 5000 (Loss: 0.4079)
                                                                                                    
[2026-07-16 22:32:57,763] [INFO] [__main__] Batch 5000 Loss: 0.339858 Cost: 6.04 Time: 49 ms/sequence
[2026-07-16 22:32:57,763] [INFO] [__main__] Advice weight norm: 20.099003 | Advice gradient norm: 0.709293

                                                                                                    
[2026-07-16 22:32:57,764] [INFO] [__main__] Saving checkpoint to 'runs\copy_sanity_len5\copy\combined\seed_1002\checkpoint-batch-00005000.pt'

                                                                                                    
[2026-07-16 22:32:57,811] [INFO] [__main__] Saving checkpoint to 'runs\copy_sanity_len5\copy\combined\seed_1002\checkpoint-final.pt'
[2026-07-16 22:32:57,853] [INFO] [__main__] Final advice weight norm: 20.099003
[2026-07-16 22:32:57,853] [INFO] [__main__] Done training.
