[2026-07-16 21:08:02,180] [INFO] [__main__] Using seed=1002
[2026-07-16 21:08:03,686] [INFO] [__main__] Training for the **copy** task
[2026-07-16 21:08:03,687] [INFO] [__main__] CopyTaskParams(name='copy-task', controller_size=100, controller_layers=1, num_heads=1, sequence_width=8, sequence_min_len=5, sequence_max_len=5, memory_n=128, memory_m=20, num_batches=5000, batch_size=1, rmsprop_lr=0.0001, rmsprop_momentum=0.9, rmsprop_alpha=0.95, advice_type='none', advice_size=16, advice_strength=1.0, advice_random_seed=1729)
[2026-07-16 21:08:08,689] [INFO] [__main__] Total number of parameters: 62860
[2026-07-16 21:08:08,693] [INFO] [__main__] Training model for 5000 batches (batch_size=1)...

[                                        ]: 1 (Loss: 0.7043)
[                                        ]: 2 (Loss: 0.6861)
[=                                       ]: 3 (Loss: 0.6956)
[=                                       ]: 4 (Loss: 0.7222)
[==                                      ]: 5 (Loss: 0.6718)
[==                                      ]: 6 (Loss: 0.7131)
[==                                      ]: 7 (Loss: 0.6784)
[===                                     ]: 8 (Loss: 0.7179)
[===                                     ]: 9 (Loss: 0.6893)
[====                                    ]: 10 (Loss: 0.7130)
[====                                    ]: 11 (Loss: 0.7230)
[====                                    ]: 12 (Loss: 0.6827)
[=====                                   ]: 13 (Loss: 0.7269)
[=====                                   ]: 14 (Loss: 0.6947)
[======                                  ]: 15 (Loss: 0.6884)
[======                                  ]: 16 (Loss: 0.7551)
[======                                  ]: 17 (Loss: 0.6873)
[=======                                 ]: 18 (Loss: 0.6806)
[=======                                 ]: 19 (Loss: 0.6925)
[========                                ]: 20 (Loss: 0.7090)
[========                                ]: 21 (Loss: 0.7145)
[========                                ]: 22 (Loss: 0.6922)
[=========                               ]: 23 (Loss: 0.7062)
[=========                               ]: 24 (Loss: 0.7187)
[==========                              ]: 25 (Loss: 0.6950)
[==========                              ]: 26 (Loss: 0.6957)
[==========                              ]: 27 (Loss: 0.6722)
[===========                             ]: 28 (Loss: 0.7072)
[===========                             ]: 29 (Loss: 0.6860)
[============                            ]: 30 (Loss: 0.7226)
[============                            ]: 31 (Loss: 0.7052)
[============                            ]: 32 (Loss: 0.6917)
[=============                           ]: 33 (Loss: 0.6684)
[=============                           ]: 34 (Loss: 0.6659)
[==============                          ]: 35 (Loss: 0.6596)
[==============                          ]: 36 (Loss: 0.7075)
[==============                          ]: 37 (Loss: 0.7086)
[===============                         ]: 38 (Loss: 0.6795)
[===============                         ]: 39 (Loss: 0.6856)
[================                        ]: 40 (Loss: 0.6827)
[================                        ]: 41 (Loss: 0.6647)
[================                        ]: 42 (Loss: 0.6969)
[=================                       ]: 43 (Loss: 0.6911)
[=================                       ]: 44 (Loss: 0.7106)
[==================                      ]: 45 (Loss: 0.7017)
[==================                      ]: 46 (Loss: 0.6987)
[==================                      ]: 47 (Loss: 0.6901)
[===================                     ]: 48 (Loss: 0.6824)
[===================                     ]: 49 (Loss: 0.6978)
[====================                    ]: 50 (Loss: 0.7045)
[====================                    ]: 51 (Loss: 0.6754)
[====================                    ]: 52 (Loss: 0.6521)
[=====================                   ]: 53 (Loss: 0.6797)
[=====================                   ]: 54 (Loss: 0.6898)
[======================                  ]: 55 (Loss: 0.6651)
[======================                  ]: 56 (Loss: 0.6934)
[======================                  ]: 57 (Loss: 0.6911)
[=======================                 ]: 58 (Loss: 0.6818)
[=======================                 ]: 59 (Loss: 0.6760)
[========================                ]: 60 (Loss: 0.6733)
[========================                ]: 61 (Loss: 0.6955)
[========================                ]: 62 (Loss: 0.6855)
[=========================               ]: 63 (Loss: 0.6813)
[=========================               ]: 64 (Loss: 0.6860)
[==========================              ]: 65 (Loss: 0.6916)
[==========================              ]: 66 (Loss: 0.6856)
[==========================              ]: 67 (Loss: 0.6814)
[===========================             ]: 68 (Loss: 0.6773)
[===========================             ]: 69 (Loss: 0.6831)
[============================            ]: 70 (Loss: 0.6689)
[============================            ]: 71 (Loss: 0.6858)
[============================            ]: 72 (Loss: 0.6871)
[=============================           ]: 73 (Loss: 0.6652)
[=============================           ]: 74 (Loss: 0.6528)
[==============================          ]: 75 (Loss: 0.6980)
[==============================          ]: 76 (Loss: 0.6609)
[==============================          ]: 77 (Loss: 0.6828)
[===============================         ]: 78 (Loss: 0.6593)
[===============================         ]: 79 (Loss: 0.6635)
[================================        ]: 80 (Loss: 0.6750)
[================================        ]: 81 (Loss: 0.6711)
[================================        ]: 82 (Loss: 0.6527)
[=================================       ]: 83 (Loss: 0.6616)
[=================================       ]: 84 (Loss: 0.6826)
[==================================      ]: 85 (Loss: 0.6838)
[==================================      ]: 86 (Loss: 0.6900)
[==================================      ]: 87 (Loss: 0.6703)
[===================================     ]: 88 (Loss: 0.6636)
[===================================     ]: 89 (Loss: 0.6785)
[====================================    ]: 90 (Loss: 0.6604)
[====================================    ]: 91 (Loss: 0.6431)
[====================================    ]: 92 (Loss: 0.6396)
[=====================================   ]: 93 (Loss: 0.6604)
[=====================================   ]: 94 (Loss: 0.6709)
[======================================  ]: 95 (Loss: 0.6588)
[======================================  ]: 96 (Loss: 0.6500)
[======================================  ]: 97 (Loss: 0.6381)
[======================================= ]: 98 (Loss: 0.6640)
[======================================= ]: 99 (Loss: 0.6691)
[========================================]: 100 (Loss: 0.6804)
                                                                                                    
[2026-07-16 21:08:26,127] [INFO] [__main__] Batch 100 Loss: 0.684686 Cost: 17.80 Time: 174 ms/sequence

[                                        ]: 101 (Loss: 0.6572)
[                                        ]: 102 (Loss: 0.7092)
[=                                       ]: 103 (Loss: 0.6703)
[=                                       ]: 104 (Loss: 0.6922)
[==                                      ]: 105 (Loss: 0.6758)
[==                                      ]: 106 (Loss: 0.6842)
[==                                      ]: 107 (Loss: 0.6452)
[===                                     ]: 108 (Loss: 0.6483)
[===                                     ]: 109 (Loss: 0.6405)
[====                                    ]: 110 (Loss: 0.6948)
[====                                    ]: 111 (Loss: 0.6378)
[====                                    ]: 112 (Loss: 0.6561)
[=====                                   ]: 113 (Loss: 0.6132)
[=====                                   ]: 114 (Loss: 0.6611)
[======                                  ]: 115 (Loss: 0.6571)
[======                                  ]: 116 (Loss: 0.6060)
[======                                  ]: 117 (Loss: 0.6477)
[=======                                 ]: 118 (Loss: 0.6673)
[=======                                 ]: 119 (Loss: 0.6264)
[========                                ]: 120 (Loss: 0.6702)
[========                                ]: 121 (Loss: 0.6608)
[========                                ]: 122 (Loss: 0.6975)
[=========                               ]: 123 (Loss: 0.6135)
[=========                               ]: 124 (Loss: 0.6450)
[==========                              ]: 125 (Loss: 0.6368)
[==========                              ]: 126 (Loss: 0.6145)
[==========                              ]: 127 (Loss: 0.6408)
[===========                             ]: 128 (Loss: 0.6317)
[===========                             ]: 129 (Loss: 0.6641)
[============                            ]: 130 (Loss: 0.7038)
[============                            ]: 131 (Loss: 0.6266)
[============                            ]: 132 (Loss: 0.6891)
[=============                           ]: 133 (Loss: 0.6642)
[=============                           ]: 134 (Loss: 0.5881)
[==============                          ]: 135 (Loss: 0.6758)
[==============                          ]: 136 (Loss: 0.6294)
[==============                          ]: 137 (Loss: 0.6633)
[===============                         ]: 138 (Loss: 0.6812)
[===============                         ]: 139 (Loss: 0.6756)
[================                        ]: 140 (Loss: 0.6506)
[================                        ]: 141 (Loss: 0.5990)
[================                        ]: 142 (Loss: 0.6354)
[=================                       ]: 143 (Loss: 0.6652)
[=================                       ]: 144 (Loss: 0.6758)
[==================                      ]: 145 (Loss: 0.6268)
[==================                      ]: 146 (Loss: 0.6575)
[==================                      ]: 147 (Loss: 0.7047)
[===================                     ]: 148 (Loss: 0.6302)
[===================                     ]: 149 (Loss: 0.6498)
[====================                    ]: 150 (Loss: 0.6476)
[====================                    ]: 151 (Loss: 0.6392)
[====================                    ]: 152 (Loss: 0.6298)
[=====================                   ]: 153 (Loss: 0.6257)
[=====================                   ]: 154 (Loss: 0.6421)
[======================                  ]: 155 (Loss: 0.6280)
[======================                  ]: 156 (Loss: 0.6131)
[======================                  ]: 157 (Loss: 0.6198)
[=======================                 ]: 158 (Loss: 0.6361)
[=======================                 ]: 159 (Loss: 0.5705)
[========================                ]: 160 (Loss: 0.6429)
[========================                ]: 161 (Loss: 0.6233)
[========================                ]: 162 (Loss: 0.6325)
[=========================               ]: 163 (Loss: 0.6123)
[=========================               ]: 164 (Loss: 0.6688)
[==========================              ]: 165 (Loss: 0.6263)
[==========================              ]: 166 (Loss: 0.6870)
[==========================              ]: 167 (Loss: 0.6511)
[===========================             ]: 168 (Loss: 0.6370)
[===========================             ]: 169 (Loss: 0.6345)
[============================            ]: 170 (Loss: 0.6256)
[============================            ]: 171 (Loss: 0.6371)
[============================            ]: 172 (Loss: 0.5960)
[=============================           ]: 173 (Loss: 0.5675)
[=============================           ]: 174 (Loss: 0.6681)
[==============================          ]: 175 (Loss: 0.6452)
[==============================          ]: 176 (Loss: 0.6455)
[==============================          ]: 177 (Loss: 0.5871)
[===============================         ]: 178 (Loss: 0.6400)
[===============================         ]: 179 (Loss: 0.5872)
[================================        ]: 180 (Loss: 0.6368)
[================================        ]: 181 (Loss: 0.6257)
[================================        ]: 182 (Loss: 0.6237)
[=================================       ]: 183 (Loss: 0.6520)
[=================================       ]: 184 (Loss: 0.6220)
[==================================      ]: 185 (Loss: 0.6641)
[==================================      ]: 186 (Loss: 0.6167)
[==================================      ]: 187 (Loss: 0.6813)
[===================================     ]: 188 (Loss: 0.6376)
[===================================     ]: 189 (Loss: 0.6016)
[====================================    ]: 190 (Loss: 0.6401)
[====================================    ]: 191 (Loss: 0.6455)
[====================================    ]: 192 (Loss: 0.6316)
[=====================================   ]: 193 (Loss: 0.6694)
[=====================================   ]: 194 (Loss: 0.6363)
[======================================  ]: 195 (Loss: 0.6413)
[======================================  ]: 196 (Loss: 0.6447)
[======================================  ]: 197 (Loss: 0.6438)
[======================================= ]: 198 (Loss: 0.6111)
[======================================= ]: 199 (Loss: 0.6308)
[========================================]: 200 (Loss: 0.5740)
                                                                                                    
[2026-07-16 21:08:43,284] [INFO] [__main__] Batch 200 Loss: 0.642542 Cost: 14.32 Time: 171 ms/sequence

[                                        ]: 201 (Loss: 0.6206)
[                                        ]: 202 (Loss: 0.6473)
[=                                       ]: 203 (Loss: 0.6908)
[=                                       ]: 204 (Loss: 0.6766)
[==                                      ]: 205 (Loss: 0.6384)
[==                                      ]: 206 (Loss: 0.6108)
[==                                      ]: 207 (Loss: 0.5912)
[===                                     ]: 208 (Loss: 0.6282)
[===                                     ]: 209 (Loss: 0.5941)
[====                                    ]: 210 (Loss: 0.6711)
[====                                    ]: 211 (Loss: 0.6209)
[====                                    ]: 212 (Loss: 0.6309)
[=====                                   ]: 213 (Loss: 0.5982)
[=====                                   ]: 214 (Loss: 0.6130)
[======                                  ]: 215 (Loss: 0.6021)
[======                                  ]: 216 (Loss: 0.6115)
[======                                  ]: 217 (Loss: 0.5704)
[=======                                 ]: 218 (Loss: 0.6250)
[=======                                 ]: 219 (Loss: 0.6130)
[========                                ]: 220 (Loss: 0.5972)
[========                                ]: 221 (Loss: 0.6146)
[========                                ]: 222 (Loss: 0.5964)
[=========                               ]: 223 (Loss: 0.6529)
[=========                               ]: 224 (Loss: 0.6222)
[==========                              ]: 225 (Loss: 0.5744)
[==========                              ]: 226 (Loss: 0.6222)
[==========                              ]: 227 (Loss: 0.6582)
[===========                             ]: 228 (Loss: 0.6039)
[===========                             ]: 229 (Loss: 0.5685)
[============                            ]: 230 (Loss: 0.5480)
[============                            ]: 231 (Loss: 0.6084)
[============                            ]: 232 (Loss: 0.5956)
[=============                           ]: 233 (Loss: 0.5970)
[=============                           ]: 234 (Loss: 0.6628)
[==============                          ]: 235 (Loss: 0.6127)
[==============                          ]: 236 (Loss: 0.6407)
[==============                          ]: 237 (Loss: 0.5517)
[===============                         ]: 238 (Loss: 0.6046)
[===============                         ]: 239 (Loss: 0.6714)
[================                        ]: 240 (Loss: 0.6473)
[================                        ]: 241 (Loss: 0.6309)
[================                        ]: 242 (Loss: 0.5780)
[=================                       ]: 243 (Loss: 0.6437)
[=================                       ]: 244 (Loss: 0.5876)
[==================                      ]: 245 (Loss: 0.6630)
[==================                      ]: 246 (Loss: 0.5959)
[==================                      ]: 247 (Loss: 0.6158)
[===================                     ]: 248 (Loss: 0.5977)
[===================                     ]: 249 (Loss: 0.6371)
[====================                    ]: 250 (Loss: 0.6786)
[====================                    ]: 251 (Loss: 0.6549)
[====================                    ]: 252 (Loss: 0.5763)
[=====================                   ]: 253 (Loss: 0.5899)
[=====================                   ]: 254 (Loss: 0.5957)
[======================                  ]: 255 (Loss: 0.5838)
[======================                  ]: 256 (Loss: 0.6423)
[======================                  ]: 257 (Loss: 0.6126)
[=======================                 ]: 258 (Loss: 0.5547)
[=======================                 ]: 259 (Loss: 0.6202)
[========================                ]: 260 (Loss: 0.5824)
[========================                ]: 261 (Loss: 0.6554)
[========================                ]: 262 (Loss: 0.5353)
[=========================               ]: 263 (Loss: 0.5740)
[=========================               ]: 264 (Loss: 0.5535)
[==========================              ]: 265 (Loss: 0.5928)
[==========================              ]: 266 (Loss: 0.5724)
[==========================              ]: 267 (Loss: 0.5705)
[===========================             ]: 268 (Loss: 0.5249)
[===========================             ]: 269 (Loss: 0.6765)
[============================            ]: 270 (Loss: 0.5856)
[============================            ]: 271 (Loss: 0.6460)
[============================            ]: 272 (Loss: 0.5933)
[=============================           ]: 273 (Loss: 0.6042)
[=============================           ]: 274 (Loss: 0.6312)
[==============================          ]: 275 (Loss: 0.5461)
[==============================          ]: 276 (Loss: 0.6042)
[==============================          ]: 277 (Loss: 0.6408)
[===============================         ]: 278 (Loss: 0.5914)
[===============================         ]: 279 (Loss: 0.6284)
[================================        ]: 280 (Loss: 0.6196)
[================================        ]: 281 (Loss: 0.6372)
[================================        ]: 282 (Loss: 0.6195)
[=================================       ]: 283 (Loss: 0.6379)
[=================================       ]: 284 (Loss: 0.6662)
[==================================      ]: 285 (Loss: 0.5960)
[==================================      ]: 286 (Loss: 0.5820)
[==================================      ]: 287 (Loss: 0.6137)
[===================================     ]: 288 (Loss: 0.6173)
[===================================     ]: 289 (Loss: 0.6105)
[====================================    ]: 290 (Loss: 0.6532)
[====================================    ]: 291 (Loss: 0.6239)
[====================================    ]: 292 (Loss: 0.6536)
[=====================================   ]: 293 (Loss: 0.5809)
[=====================================   ]: 294 (Loss: 0.6567)
[======================================  ]: 295 (Loss: 0.6327)
[======================================  ]: 296 (Loss: 0.6035)
[======================================  ]: 297 (Loss: 0.6051)
[======================================= ]: 298 (Loss: 0.6045)
[======================================= ]: 299 (Loss: 0.6178)
[========================================]: 300 (Loss: 0.6102)
                                                                                                    
[2026-07-16 21:09:00,463] [INFO] [__main__] Batch 300 Loss: 0.613141 Cost: 13.19 Time: 171 ms/sequence

[                                        ]: 301 (Loss: 0.6541)
[                                        ]: 302 (Loss: 0.6631)
[=                                       ]: 303 (Loss: 0.6428)
[=                                       ]: 304 (Loss: 0.6115)
[==                                      ]: 305 (Loss: 0.5821)
[==                                      ]: 306 (Loss: 0.5609)
[==                                      ]: 307 (Loss: 0.6058)
[===                                     ]: 308 (Loss: 0.5995)
[===                                     ]: 309 (Loss: 0.6458)
[====                                    ]: 310 (Loss: 0.6425)
[====                                    ]: 311 (Loss: 0.6375)
[====                                    ]: 312 (Loss: 0.6062)
[=====                                   ]: 313 (Loss: 0.5916)
[=====                                   ]: 314 (Loss: 0.6553)
[======                                  ]: 315 (Loss: 0.5688)
[======                                  ]: 316 (Loss: 0.6099)
[======                                  ]: 317 (Loss: 0.5671)
[=======                                 ]: 318 (Loss: 0.5257)
[=======                                 ]: 319 (Loss: 0.5950)
[========                                ]: 320 (Loss: 0.6397)
[========                                ]: 321 (Loss: 0.6293)
[========                                ]: 322 (Loss: 0.6683)
[=========                               ]: 323 (Loss: 0.6354)
[=========                               ]: 324 (Loss: 0.5432)
[==========                              ]: 325 (Loss: 0.6362)
[==========                              ]: 326 (Loss: 0.5756)
[==========                              ]: 327 (Loss: 0.5986)
[===========                             ]: 328 (Loss: 0.5690)
[===========                             ]: 329 (Loss: 0.5790)
[============                            ]: 330 (Loss: 0.5779)
[============                            ]: 331 (Loss: 0.6545)
[============                            ]: 332 (Loss: 0.6092)
[=============                           ]: 333 (Loss: 0.5923)
[=============                           ]: 334 (Loss: 0.6523)
[==============                          ]: 335 (Loss: 0.5020)
[==============                          ]: 336 (Loss: 0.5668)
[==============                          ]: 337 (Loss: 0.5170)
[===============                         ]: 338 (Loss: 0.5852)
[===============                         ]: 339 (Loss: 0.6185)
[================                        ]: 340 (Loss: 0.5424)
[================                        ]: 341 (Loss: 0.5841)
[================                        ]: 342 (Loss: 0.5298)
[=================                       ]: 343 (Loss: 0.6096)
[=================                       ]: 344 (Loss: 0.5768)
[==================                      ]: 345 (Loss: 0.5781)
[==================                      ]: 346 (Loss: 0.5799)
[==================                      ]: 347 (Loss: 0.6003)
[===================                     ]: 348 (Loss: 0.5789)
[===================                     ]: 349 (Loss: 0.5737)
[====================                    ]: 350 (Loss: 0.5564)
[====================                    ]: 351 (Loss: 0.6418)
[====================                    ]: 352 (Loss: 0.6001)
[=====================                   ]: 353 (Loss: 0.6491)
[=====================                   ]: 354 (Loss: 0.5596)
[======================                  ]: 355 (Loss: 0.5556)
[======================                  ]: 356 (Loss: 0.6309)
[======================                  ]: 357 (Loss: 0.5930)
[=======================                 ]: 358 (Loss: 0.6164)
[=======================                 ]: 359 (Loss: 0.6267)
[========================                ]: 360 (Loss: 0.5747)
[========================                ]: 361 (Loss: 0.5766)
[========================                ]: 362 (Loss: 0.5731)
[=========================               ]: 363 (Loss: 0.6464)
[=========================               ]: 364 (Loss: 0.5953)
[==========================              ]: 365 (Loss: 0.5946)
[==========================              ]: 366 (Loss: 0.5177)
[==========================              ]: 367 (Loss: 0.6081)
[===========================             ]: 368 (Loss: 0.5623)
[===========================             ]: 369 (Loss: 0.5465)
[============================            ]: 370 (Loss: 0.5667)
[============================            ]: 371 (Loss: 0.5482)
[============================            ]: 372 (Loss: 0.6285)
[=============================           ]: 373 (Loss: 0.5134)
[=============================           ]: 374 (Loss: 0.5818)
[==============================          ]: 375 (Loss: 0.6178)
[==============================          ]: 376 (Loss: 0.5770)
[==============================          ]: 377 (Loss: 0.6030)
[===============================         ]: 378 (Loss: 0.6107)
[===============================         ]: 379 (Loss: 0.5467)
[================================        ]: 380 (Loss: 0.5722)
[================================        ]: 381 (Loss: 0.6399)
[================================        ]: 382 (Loss: 0.5329)
[=================================       ]: 383 (Loss: 0.4919)
[=================================       ]: 384 (Loss: 0.5298)
[==================================      ]: 385 (Loss: 0.6066)
[==================================      ]: 386 (Loss: 0.6011)
[==================================      ]: 387 (Loss: 0.6365)
[===================================     ]: 388 (Loss: 0.5515)
[===================================     ]: 389 (Loss: 0.6114)
[====================================    ]: 390 (Loss: 0.6340)
[====================================    ]: 391 (Loss: 0.5154)
[====================================    ]: 392 (Loss: 0.6320)
[=====================================   ]: 393 (Loss: 0.6583)
[=====================================   ]: 394 (Loss: 0.5748)
[======================================  ]: 395 (Loss: 0.4967)
[======================================  ]: 396 (Loss: 0.6227)
[======================================  ]: 397 (Loss: 0.5779)
[======================================= ]: 398 (Loss: 0.5664)
[======================================= ]: 399 (Loss: 0.6213)
[========================================]: 400 (Loss: 0.5749)
                                                                                                    
[2026-07-16 21:09:17,504] [INFO] [__main__] Batch 400 Loss: 0.591358 Cost: 12.39 Time: 170 ms/sequence

[                                        ]: 401 (Loss: 0.5559)
[                                        ]: 402 (Loss: 0.5773)
[=                                       ]: 403 (Loss: 0.5932)
[=                                       ]: 404 (Loss: 0.6162)
[==                                      ]: 405 (Loss: 0.5370)
[==                                      ]: 406 (Loss: 0.6338)
[==                                      ]: 407 (Loss: 0.5484)
[===                                     ]: 408 (Loss: 0.5961)
[===                                     ]: 409 (Loss: 0.5527)
[====                                    ]: 410 (Loss: 0.6165)
[====                                    ]: 411 (Loss: 0.6169)
[====                                    ]: 412 (Loss: 0.6154)
[=====                                   ]: 413 (Loss: 0.5920)
[=====                                   ]: 414 (Loss: 0.6093)
[======                                  ]: 415 (Loss: 0.5772)
[======                                  ]: 416 (Loss: 0.5446)
[======                                  ]: 417 (Loss: 0.5558)
[=======                                 ]: 418 (Loss: 0.6217)
[=======                                 ]: 419 (Loss: 0.5730)
[========                                ]: 420 (Loss: 0.6602)
[========                                ]: 421 (Loss: 0.5190)
[========                                ]: 422 (Loss: 0.5209)
[=========                               ]: 423 (Loss: 0.5407)
[=========                               ]: 424 (Loss: 0.5617)
[==========                              ]: 425 (Loss: 0.5608)
[==========                              ]: 426 (Loss: 0.5156)
[==========                              ]: 427 (Loss: 0.6134)
[===========                             ]: 428 (Loss: 0.5614)
[===========                             ]: 429 (Loss: 0.5426)
[============                            ]: 430 (Loss: 0.6318)
[============                            ]: 431 (Loss: 0.5931)
[============                            ]: 432 (Loss: 0.5431)
[=============                           ]: 433 (Loss: 0.5796)
[=============                           ]: 434 (Loss: 0.6085)
[==============                          ]: 435 (Loss: 0.5421)
[==============                          ]: 436 (Loss: 0.6015)
[==============                          ]: 437 (Loss: 0.6585)
[===============                         ]: 438 (Loss: 0.5839)
[===============                         ]: 439 (Loss: 0.4649)
[================                        ]: 440 (Loss: 0.5811)
[================                        ]: 441 (Loss: 0.5661)
[================                        ]: 442 (Loss: 0.5948)
[=================                       ]: 443 (Loss: 0.6361)
[=================                       ]: 444 (Loss: 0.6326)
[==================                      ]: 445 (Loss: 0.5999)
[==================                      ]: 446 (Loss: 0.6128)
[==================                      ]: 447 (Loss: 0.6193)
[===================                     ]: 448 (Loss: 0.5198)
[===================                     ]: 449 (Loss: 0.6040)
[====================                    ]: 450 (Loss: 0.5715)
[====================                    ]: 451 (Loss: 0.5568)
[====================                    ]: 452 (Loss: 0.6005)
[=====================                   ]: 453 (Loss: 0.5709)
[=====================                   ]: 454 (Loss: 0.5815)
[======================                  ]: 455 (Loss: 0.5150)
[======================                  ]: 456 (Loss: 0.5922)
[======================                  ]: 457 (Loss: 0.5393)
[=======================                 ]: 458 (Loss: 0.6036)
[=======================                 ]: 459 (Loss: 0.6121)
[========================                ]: 460 (Loss: 0.6204)
[========================                ]: 461 (Loss: 0.5239)
[========================                ]: 462 (Loss: 0.5614)
[=========================               ]: 463 (Loss: 0.5515)
[=========================               ]: 464 (Loss: 0.6282)
[==========================              ]: 465 (Loss: 0.5360)
[==========================              ]: 466 (Loss: 0.5744)
[==========================              ]: 467 (Loss: 0.5409)
[===========================             ]: 468 (Loss: 0.5857)
[===========================             ]: 469 (Loss: 0.5282)
[============================            ]: 470 (Loss: 0.6609)
[============================            ]: 471 (Loss: 0.5466)
[============================            ]: 472 (Loss: 0.4774)
[=============================           ]: 473 (Loss: 0.6305)
[=============================           ]: 474 (Loss: 0.4850)
[==============================          ]: 475 (Loss: 0.5596)
[==============================          ]: 476 (Loss: 0.5810)
[==============================          ]: 477 (Loss: 0.5654)
[===============================         ]: 478 (Loss: 0.6368)
[===============================         ]: 479 (Loss: 0.5785)
[================================        ]: 480 (Loss: 0.5889)
[================================        ]: 481 (Loss: 0.6031)
[================================        ]: 482 (Loss: 0.5402)
[=================================       ]: 483 (Loss: 0.5632)
[=================================       ]: 484 (Loss: 0.5770)
[==================================      ]: 485 (Loss: 0.5197)
[==================================      ]: 486 (Loss: 0.5980)
[==================================      ]: 487 (Loss: 0.5781)
[===================================     ]: 488 (Loss: 0.6003)
[===================================     ]: 489 (Loss: 0.5399)
[====================================    ]: 490 (Loss: 0.5735)
[====================================    ]: 491 (Loss: 0.5872)
[====================================    ]: 492 (Loss: 0.6133)
[=====================================   ]: 493 (Loss: 0.5918)
[=====================================   ]: 494 (Loss: 0.6206)
[======================================  ]: 495 (Loss: 0.6371)
[======================================  ]: 496 (Loss: 0.5498)
[======================================  ]: 497 (Loss: 0.5661)
[======================================= ]: 498 (Loss: 0.6003)
[======================================= ]: 499 (Loss: 0.6126)
[========================================]: 500 (Loss: 0.6148)
                                                                                                    
[2026-07-16 21:09:34,571] [INFO] [__main__] Batch 500 Loss: 0.578941 Cost: 12.46 Time: 170 ms/sequence

[                                        ]: 501 (Loss: 0.5858)
[                                        ]: 502 (Loss: 0.5495)
[=                                       ]: 503 (Loss: 0.5434)
[=                                       ]: 504 (Loss: 0.6512)
[==                                      ]: 505 (Loss: 0.5683)
[==                                      ]: 506 (Loss: 0.4889)
[==                                      ]: 507 (Loss: 0.5612)
[===                                     ]: 508 (Loss: 0.5165)
[===                                     ]: 509 (Loss: 0.4929)
[====                                    ]: 510 (Loss: 0.6269)
[====                                    ]: 511 (Loss: 0.5881)
[====                                    ]: 512 (Loss: 0.5930)
[=====                                   ]: 513 (Loss: 0.5780)
[=====                                   ]: 514 (Loss: 0.6602)
[======                                  ]: 515 (Loss: 0.5422)
[======                                  ]: 516 (Loss: 0.5752)
[======                                  ]: 517 (Loss: 0.5556)
[=======                                 ]: 518 (Loss: 0.5766)
[=======                                 ]: 519 (Loss: 0.6057)
[========                                ]: 520 (Loss: 0.5174)
[========                                ]: 521 (Loss: 0.6064)
[========                                ]: 522 (Loss: 0.6523)
[=========                               ]: 523 (Loss: 0.5531)
[=========                               ]: 524 (Loss: 0.6288)
[==========                              ]: 525 (Loss: 0.5397)
[==========                              ]: 526 (Loss: 0.5182)
[==========                              ]: 527 (Loss: 0.5486)
[===========                             ]: 528 (Loss: 0.5804)
[===========                             ]: 529 (Loss: 0.5437)
[============                            ]: 530 (Loss: 0.5615)
[============                            ]: 531 (Loss: 0.5900)
[============                            ]: 532 (Loss: 0.6261)
[=============                           ]: 533 (Loss: 0.5655)
[=============                           ]: 534 (Loss: 0.4835)
[==============                          ]: 535 (Loss: 0.5322)
[==============                          ]: 536 (Loss: 0.6008)
[==============                          ]: 537 (Loss: 0.6124)
[===============                         ]: 538 (Loss: 0.5697)
[===============                         ]: 539 (Loss: 0.4974)
[================                        ]: 540 (Loss: 0.5863)
[================                        ]: 541 (Loss: 0.6774)
[================                        ]: 542 (Loss: 0.4873)
[=================                       ]: 543 (Loss: 0.5812)
[=================                       ]: 544 (Loss: 0.5712)
[==================                      ]: 545 (Loss: 0.5719)
[==================                      ]: 546 (Loss: 0.5720)
[==================                      ]: 547 (Loss: 0.5336)
[===================                     ]: 548 (Loss: 0.4879)
[===================                     ]: 549 (Loss: 0.5513)
[====================                    ]: 550 (Loss: 0.5804)
[====================                    ]: 551 (Loss: 0.6168)
[====================                    ]: 552 (Loss: 0.6104)
[=====================                   ]: 553 (Loss: 0.5321)
[=====================                   ]: 554 (Loss: 0.5864)
[======================                  ]: 555 (Loss: 0.4844)
[======================                  ]: 556 (Loss: 0.5941)
[======================                  ]: 557 (Loss: 0.5077)
[=======================                 ]: 558 (Loss: 0.5855)
[=======================                 ]: 559 (Loss: 0.5728)
[========================                ]: 560 (Loss: 0.5762)
[========================                ]: 561 (Loss: 0.5116)
[========================                ]: 562 (Loss: 0.5495)
[=========================               ]: 563 (Loss: 0.5991)
[=========================               ]: 564 (Loss: 0.5431)
[==========================              ]: 565 (Loss: 0.5139)
[==========================              ]: 566 (Loss: 0.5568)
[==========================              ]: 567 (Loss: 0.5916)
[===========================             ]: 568 (Loss: 0.4971)
[===========================             ]: 569 (Loss: 0.6021)
[============================            ]: 570 (Loss: 0.4449)
[============================            ]: 571 (Loss: 0.5097)
[============================            ]: 572 (Loss: 0.6422)
[=============================           ]: 573 (Loss: 0.5572)
[=============================           ]: 574 (Loss: 0.5707)
[==============================          ]: 575 (Loss: 0.5698)
[==============================          ]: 576 (Loss: 0.5687)
[==============================          ]: 577 (Loss: 0.5436)
[===============================         ]: 578 (Loss: 0.5206)
[===============================         ]: 579 (Loss: 0.6487)
[================================        ]: 580 (Loss: 0.5869)
[================================        ]: 581 (Loss: 0.5758)
[================================        ]: 582 (Loss: 0.5984)
[=================================       ]: 583 (Loss: 0.5621)
[=================================       ]: 584 (Loss: 0.4991)
[==================================      ]: 585 (Loss: 0.5492)
[==================================      ]: 586 (Loss: 0.5372)
[==================================      ]: 587 (Loss: 0.5725)
[===================================     ]: 588 (Loss: 0.4625)
[===================================     ]: 589 (Loss: 0.5116)
[====================================    ]: 590 (Loss: 0.5671)
[====================================    ]: 591 (Loss: 0.5564)
[====================================    ]: 592 (Loss: 0.6120)
[=====================================   ]: 593 (Loss: 0.5581)
[=====================================   ]: 594 (Loss: 0.5070)
[======================================  ]: 595 (Loss: 0.5801)
[======================================  ]: 596 (Loss: 0.5520)
[======================================  ]: 597 (Loss: 0.5941)
[======================================= ]: 598 (Loss: 0.5531)
[======================================= ]: 599 (Loss: 0.5607)
[========================================]: 600 (Loss: 0.4914)
                                                                                                    
[2026-07-16 21:09:51,600] [INFO] [__main__] Batch 600 Loss: 0.561824 Cost: 11.55 Time: 170 ms/sequence

[                                        ]: 601 (Loss: 0.4899)
[                                        ]: 602 (Loss: 0.5253)
[=                                       ]: 603 (Loss: 0.5438)
[=                                       ]: 604 (Loss: 0.5405)
[==                                      ]: 605 (Loss: 0.5605)
[==                                      ]: 606 (Loss: 0.6084)
[==                                      ]: 607 (Loss: 0.5339)
[===                                     ]: 608 (Loss: 0.5153)
[===                                     ]: 609 (Loss: 0.5158)
[====                                    ]: 610 (Loss: 0.5284)
[====                                    ]: 611 (Loss: 0.5196)
[====                                    ]: 612 (Loss: 0.5640)
[=====                                   ]: 613 (Loss: 0.6025)
[=====                                   ]: 614 (Loss: 0.5598)
[======                                  ]: 615 (Loss: 0.5174)
[======                                  ]: 616 (Loss: 0.4693)
[======                                  ]: 617 (Loss: 0.5470)
[=======                                 ]: 618 (Loss: 0.4722)
[=======                                 ]: 619 (Loss: 0.5069)
[========                                ]: 620 (Loss: 0.5447)
[========                                ]: 621 (Loss: 0.5631)
[========                                ]: 622 (Loss: 0.5795)
[=========                               ]: 623 (Loss: 0.6312)
[=========                               ]: 624 (Loss: 0.6096)
[==========                              ]: 625 (Loss: 0.5624)
[==========                              ]: 626 (Loss: 0.6281)
[==========                              ]: 627 (Loss: 0.5489)
[===========                             ]: 628 (Loss: 0.6156)
[===========                             ]: 629 (Loss: 0.4628)
[============                            ]: 630 (Loss: 0.6014)
[============                            ]: 631 (Loss: 0.5369)
[============                            ]: 632 (Loss: 0.4544)
[=============                           ]: 633 (Loss: 0.5796)
[=============                           ]: 634 (Loss: 0.5062)
[==============                          ]: 635 (Loss: 0.5271)
[==============                          ]: 636 (Loss: 0.5072)
[==============                          ]: 637 (Loss: 0.5123)
[===============                         ]: 638 (Loss: 0.4367)
[===============                         ]: 639 (Loss: 0.5384)
[================                        ]: 640 (Loss: 0.4982)
[================                        ]: 641 (Loss: 0.5320)
[================                        ]: 642 (Loss: 0.4798)
[=================                       ]: 643 (Loss: 0.5186)
[=================                       ]: 644 (Loss: 0.6206)
[==================                      ]: 645 (Loss: 0.5223)
[==================                      ]: 646 (Loss: 0.5253)
[==================                      ]: 647 (Loss: 0.5981)
[===================                     ]: 648 (Loss: 0.5563)
[===================                     ]: 649 (Loss: 0.4677)
[====================                    ]: 650 (Loss: 0.5492)
[====================                    ]: 651 (Loss: 0.6003)
[====================                    ]: 652 (Loss: 0.5601)
[=====================                   ]: 653 (Loss: 0.5724)
[=====================                   ]: 654 (Loss: 0.5748)
[======================                  ]: 655 (Loss: 0.5295)
[======================                  ]: 656 (Loss: 0.5518)
[======================                  ]: 657 (Loss: 0.6316)
[=======================                 ]: 658 (Loss: 0.5997)
[=======================                 ]: 659 (Loss: 0.6115)
[========================                ]: 660 (Loss: 0.6180)
[========================                ]: 661 (Loss: 0.6151)
[========================                ]: 662 (Loss: 0.5222)
[=========================               ]: 663 (Loss: 0.5734)
[=========================               ]: 664 (Loss: 0.4811)
[==========================              ]: 665 (Loss: 0.4744)
[==========================              ]: 666 (Loss: 0.5621)
[==========================              ]: 667 (Loss: 0.5154)
[===========================             ]: 668 (Loss: 0.4849)
[===========================             ]: 669 (Loss: 0.4641)
[============================            ]: 670 (Loss: 0.4958)
[============================            ]: 671 (Loss: 0.4981)
[============================            ]: 672 (Loss: 0.5506)
[=============================           ]: 673 (Loss: 0.5532)
[=============================           ]: 674 (Loss: 0.6651)
[==============================          ]: 675 (Loss: 0.5305)
[==============================          ]: 676 (Loss: 0.5833)
[==============================          ]: 677 (Loss: 0.5359)
[===============================         ]: 678 (Loss: 0.5697)
[===============================         ]: 679 (Loss: 0.4484)
[================================        ]: 680 (Loss: 0.5918)
[================================        ]: 681 (Loss: 0.6041)
[================================        ]: 682 (Loss: 0.6139)
[=================================       ]: 683 (Loss: 0.5280)
[=================================       ]: 684 (Loss: 0.5161)
[==================================      ]: 685 (Loss: 0.5080)
[==================================      ]: 686 (Loss: 0.4579)
[==================================      ]: 687 (Loss: 0.5775)
[===================================     ]: 688 (Loss: 0.5214)
[===================================     ]: 689 (Loss: 0.6756)
[====================================    ]: 690 (Loss: 0.5680)
[====================================    ]: 691 (Loss: 0.5204)
[====================================    ]: 692 (Loss: 0.7159)
[=====================================   ]: 693 (Loss: 0.6438)
[=====================================   ]: 694 (Loss: 0.5125)
[======================================  ]: 695 (Loss: 0.5529)
[======================================  ]: 696 (Loss: 0.5404)
[======================================  ]: 697 (Loss: 0.6245)
[======================================= ]: 698 (Loss: 0.4979)
[======================================= ]: 699 (Loss: 0.5461)
[========================================]: 700 (Loss: 0.5877)
                                                                                                    
[2026-07-16 21:10:08,679] [INFO] [__main__] Batch 700 Loss: 0.548120 Cost: 11.02 Time: 170 ms/sequence

[                                        ]: 701 (Loss: 0.6380)
[                                        ]: 702 (Loss: 0.5196)
[=                                       ]: 703 (Loss: 0.5215)
[=                                       ]: 704 (Loss: 0.4336)
[==                                      ]: 705 (Loss: 0.5605)
[==                                      ]: 706 (Loss: 0.6063)
[==                                      ]: 707 (Loss: 0.5883)
[===                                     ]: 708 (Loss: 0.4630)
[===                                     ]: 709 (Loss: 0.6278)
[====                                    ]: 710 (Loss: 0.5839)
[====                                    ]: 711 (Loss: 0.5878)
[====                                    ]: 712 (Loss: 0.5951)
[=====                                   ]: 713 (Loss: 0.5394)
[=====                                   ]: 714 (Loss: 0.6410)
[======                                  ]: 715 (Loss: 0.5264)
[======                                  ]: 716 (Loss: 0.5376)
[======                                  ]: 717 (Loss: 0.5662)
[=======                                 ]: 718 (Loss: 0.5046)
[=======                                 ]: 719 (Loss: 0.5884)
[========                                ]: 720 (Loss: 0.4764)
[========                                ]: 721 (Loss: 0.5145)
[========                                ]: 722 (Loss: 0.5824)
[=========                               ]: 723 (Loss: 0.5392)
[=========                               ]: 724 (Loss: 0.5325)
[==========                              ]: 725 (Loss: 0.5887)
[==========                              ]: 726 (Loss: 0.5302)
[==========                              ]: 727 (Loss: 0.5997)
[===========                             ]: 728 (Loss: 0.6161)
[===========                             ]: 729 (Loss: 0.6032)
[============                            ]: 730 (Loss: 0.5892)
[============                            ]: 731 (Loss: 0.5535)
[============                            ]: 732 (Loss: 0.5671)
[=============                           ]: 733 (Loss: 0.5251)
[=============                           ]: 734 (Loss: 0.5816)
[==============                          ]: 735 (Loss: 0.5272)
[==============                          ]: 736 (Loss: 0.4687)
[==============                          ]: 737 (Loss: 0.4730)
[===============                         ]: 738 (Loss: 0.4718)
[===============                         ]: 739 (Loss: 0.5074)
[================                        ]: 740 (Loss: 0.5082)
[================                        ]: 741 (Loss: 0.5367)
[================                        ]: 742 (Loss: 0.5714)
[=================                       ]: 743 (Loss: 0.5141)
[=================                       ]: 744 (Loss: 0.6154)
[==================                      ]: 745 (Loss: 0.5034)
[==================                      ]: 746 (Loss: 0.5325)
[==================                      ]: 747 (Loss: 0.5240)
[===================                     ]: 748 (Loss: 0.6386)
[===================                     ]: 749 (Loss: 0.5574)
[====================                    ]: 750 (Loss: 0.5093)
[====================                    ]: 751 (Loss: 0.5820)
[====================                    ]: 752 (Loss: 0.5162)
[=====================                   ]: 753 (Loss: 0.5592)
[=====================                   ]: 754 (Loss: 0.5673)
[======================                  ]: 755 (Loss: 0.4790)
[======================                  ]: 756 (Loss: 0.5481)
[======================                  ]: 757 (Loss: 0.5230)
[=======================                 ]: 758 (Loss: 0.5391)
[=======================                 ]: 759 (Loss: 0.5478)
[========================                ]: 760 (Loss: 0.5379)
[========================                ]: 761 (Loss: 0.4931)
[========================                ]: 762 (Loss: 0.5517)
[=========================               ]: 763 (Loss: 0.4704)
[=========================               ]: 764 (Loss: 0.5020)
[==========================              ]: 765 (Loss: 0.4738)
[==========================              ]: 766 (Loss: 0.5385)
[==========================              ]: 767 (Loss: 0.6258)
[===========================             ]: 768 (Loss: 0.5298)
[===========================             ]: 769 (Loss: 0.5885)
[============================            ]: 770 (Loss: 0.4999)
[============================            ]: 771 (Loss: 0.5494)
[============================            ]: 772 (Loss: 0.5720)
[=============================           ]: 773 (Loss: 0.5265)
[=============================           ]: 774 (Loss: 0.5403)
[==============================          ]: 775 (Loss: 0.5560)
[==============================          ]: 776 (Loss: 0.5308)
[==============================          ]: 777 (Loss: 0.5467)
[===============================         ]: 778 (Loss: 0.5319)
[===============================         ]: 779 (Loss: 0.4666)
[================================        ]: 780 (Loss: 0.5122)
[================================        ]: 781 (Loss: 0.5070)
[================================        ]: 782 (Loss: 0.6165)
[=================================       ]: 783 (Loss: 0.5118)
[=================================       ]: 784 (Loss: 0.5426)
[==================================      ]: 785 (Loss: 0.5723)
[==================================      ]: 786 (Loss: 0.5195)
[==================================      ]: 787 (Loss: 0.5803)
[===================================     ]: 788 (Loss: 0.5824)
[===================================     ]: 789 (Loss: 0.5047)
[====================================    ]: 790 (Loss: 0.5675)
[====================================    ]: 791 (Loss: 0.5567)
[====================================    ]: 792 (Loss: 0.5986)
[=====================================   ]: 793 (Loss: 0.4256)
[=====================================   ]: 794 (Loss: 0.5514)
[======================================  ]: 795 (Loss: 0.5856)
[======================================  ]: 796 (Loss: 0.4703)
[======================================  ]: 797 (Loss: 0.4985)
[======================================= ]: 798 (Loss: 0.4978)
[======================================= ]: 799 (Loss: 0.5364)
[========================================]: 800 (Loss: 0.4778)
                                                                                                    
[2026-07-16 21:10:25,627] [INFO] [__main__] Batch 800 Loss: 0.541967 Cost: 10.99 Time: 169 ms/sequence

[                                        ]: 801 (Loss: 0.4813)
[                                        ]: 802 (Loss: 0.5178)
[=                                       ]: 803 (Loss: 0.5935)
[=                                       ]: 804 (Loss: 0.5192)
[==                                      ]: 805 (Loss: 0.5453)
[==                                      ]: 806 (Loss: 0.4756)
[==                                      ]: 807 (Loss: 0.4893)
[===                                     ]: 808 (Loss: 0.5291)
[===                                     ]: 809 (Loss: 0.5141)
[====                                    ]: 810 (Loss: 0.5409)
[====                                    ]: 811 (Loss: 0.5464)
[====                                    ]: 812 (Loss: 0.4233)
[=====                                   ]: 813 (Loss: 0.5224)
[=====                                   ]: 814 (Loss: 0.6066)
[======                                  ]: 815 (Loss: 0.6321)
[======                                  ]: 816 (Loss: 0.6046)
[======                                  ]: 817 (Loss: 0.5699)
[=======                                 ]: 818 (Loss: 0.4788)
[=======                                 ]: 819 (Loss: 0.5153)
[========                                ]: 820 (Loss: 0.5375)
[========                                ]: 821 (Loss: 0.6215)
[========                                ]: 822 (Loss: 0.5291)
[=========                               ]: 823 (Loss: 0.5576)
[=========                               ]: 824 (Loss: 0.5909)
[==========                              ]: 825 (Loss: 0.5385)
[==========                              ]: 826 (Loss: 0.4956)
[==========                              ]: 827 (Loss: 0.5627)
[===========                             ]: 828 (Loss: 0.5976)
[===========                             ]: 829 (Loss: 0.5563)
[============                            ]: 830 (Loss: 0.5095)
[============                            ]: 831 (Loss: 0.5843)
[============                            ]: 832 (Loss: 0.6284)
[=============                           ]: 833 (Loss: 0.5362)
[=============                           ]: 834 (Loss: 0.5898)
[==============                          ]: 835 (Loss: 0.5105)
[==============                          ]: 836 (Loss: 0.5707)
[==============                          ]: 837 (Loss: 0.5293)
[===============                         ]: 838 (Loss: 0.5250)
[===============                         ]: 839 (Loss: 0.5655)
[================                        ]: 840 (Loss: 0.4764)
[================                        ]: 841 (Loss: 0.6006)
[================                        ]: 842 (Loss: 0.6243)
[=================                       ]: 843 (Loss: 0.4940)
[=================                       ]: 844 (Loss: 0.5825)
[==================                      ]: 845 (Loss: 0.5153)
[==================                      ]: 846 (Loss: 0.5220)
[==================                      ]: 847 (Loss: 0.5298)
[===================                     ]: 848 (Loss: 0.5708)
[===================                     ]: 849 (Loss: 0.5835)
[====================                    ]: 850 (Loss: 0.5099)
[====================                    ]: 851 (Loss: 0.4813)
[====================                    ]: 852 (Loss: 0.4854)
[=====================                   ]: 853 (Loss: 0.4915)
[=====================                   ]: 854 (Loss: 0.5800)
[======================                  ]: 855 (Loss: 0.5124)
[======================                  ]: 856 (Loss: 0.6195)
[======================                  ]: 857 (Loss: 0.6206)
[=======================                 ]: 858 (Loss: 0.5431)
[=======================                 ]: 859 (Loss: 0.6663)
[========================                ]: 860 (Loss: 0.5644)
[========================                ]: 861 (Loss: 0.5532)
[========================                ]: 862 (Loss: 0.5913)
[=========================               ]: 863 (Loss: 0.5661)
[=========================               ]: 864 (Loss: 0.4438)
[==========================              ]: 865 (Loss: 0.5562)
[==========================              ]: 866 (Loss: 0.5331)
[==========================              ]: 867 (Loss: 0.5216)
[===========================             ]: 868 (Loss: 0.6392)
[===========================             ]: 869 (Loss: 0.4354)
[============================            ]: 870 (Loss: 0.4566)
[============================            ]: 871 (Loss: 0.4636)
[============================            ]: 872 (Loss: 0.4916)
[=============================           ]: 873 (Loss: 0.6175)
[=============================           ]: 874 (Loss: 0.5297)
[==============================          ]: 875 (Loss: 0.6342)
[==============================          ]: 876 (Loss: 0.4985)
[==============================          ]: 877 (Loss: 0.5490)
[===============================         ]: 878 (Loss: 0.4282)
[===============================         ]: 879 (Loss: 0.5114)
[================================        ]: 880 (Loss: 0.5504)
[================================        ]: 881 (Loss: 0.5461)
[================================        ]: 882 (Loss: 0.4292)
[=================================       ]: 883 (Loss: 0.5361)
[=================================       ]: 884 (Loss: 0.5310)
[==================================      ]: 885 (Loss: 0.6227)
[==================================      ]: 886 (Loss: 0.6565)
[==================================      ]: 887 (Loss: 0.5542)
[===================================     ]: 888 (Loss: 0.5428)
[===================================     ]: 889 (Loss: 0.5264)
[====================================    ]: 890 (Loss: 0.5856)
[====================================    ]: 891 (Loss: 0.5964)
[====================================    ]: 892 (Loss: 0.5732)
[=====================================   ]: 893 (Loss: 0.6040)
[=====================================   ]: 894 (Loss: 0.5852)
[======================================  ]: 895 (Loss: 0.5432)
[======================================  ]: 896 (Loss: 0.5243)
[======================================  ]: 897 (Loss: 0.5617)
[======================================= ]: 898 (Loss: 0.4090)
[======================================= ]: 899 (Loss: 0.6072)
[========================================]: 900 (Loss: 0.5275)
                                                                                                    
[2026-07-16 21:10:42,598] [INFO] [__main__] Batch 900 Loss: 0.544485 Cost: 11.29 Time: 169 ms/sequence

[                                        ]: 901 (Loss: 0.5670)
[                                        ]: 902 (Loss: 0.5413)
[=                                       ]: 903 (Loss: 0.5682)
[=                                       ]: 904 (Loss: 0.5950)
[==                                      ]: 905 (Loss: 0.6092)
[==                                      ]: 906 (Loss: 0.5957)
[==                                      ]: 907 (Loss: 0.5215)
[===                                     ]: 908 (Loss: 0.5340)
[===                                     ]: 909 (Loss: 0.5286)
[====                                    ]: 910 (Loss: 0.5215)
[====                                    ]: 911 (Loss: 0.4954)
[====                                    ]: 912 (Loss: 0.5284)
[=====                                   ]: 913 (Loss: 0.4930)
[=====                                   ]: 914 (Loss: 0.6022)
[======                                  ]: 915 (Loss: 0.6095)
[======                                  ]: 916 (Loss: 0.5295)
[======                                  ]: 917 (Loss: 0.5060)
[=======                                 ]: 918 (Loss: 0.4597)
[=======                                 ]: 919 (Loss: 0.4409)
[========                                ]: 920 (Loss: 0.4341)
[========                                ]: 921 (Loss: 0.5264)
[========                                ]: 922 (Loss: 0.4869)
[=========                               ]: 923 (Loss: 0.4701)
[=========                               ]: 924 (Loss: 0.6349)
[==========                              ]: 925 (Loss: 0.5090)
[==========                              ]: 926 (Loss: 0.4954)
[==========                              ]: 927 (Loss: 0.4653)
[===========                             ]: 928 (Loss: 0.5584)
[===========                             ]: 929 (Loss: 0.4818)
[============                            ]: 930 (Loss: 0.5172)
[============                            ]: 931 (Loss: 0.5169)
[============                            ]: 932 (Loss: 0.6414)
[=============                           ]: 933 (Loss: 0.5764)
[=============                           ]: 934 (Loss: 0.5602)
[==============                          ]: 935 (Loss: 0.4951)
[==============                          ]: 936 (Loss: 0.4616)
[==============                          ]: 937 (Loss: 0.5871)
[===============                         ]: 938 (Loss: 0.5500)
[===============                         ]: 939 (Loss: 0.5511)
[================                        ]: 940 (Loss: 0.4820)
[================                        ]: 941 (Loss: 0.4462)
[================                        ]: 942 (Loss: 0.4789)
[=================                       ]: 943 (Loss: 0.4067)
[=================                       ]: 944 (Loss: 0.5960)
[==================                      ]: 945 (Loss: 0.5349)
[==================                      ]: 946 (Loss: 0.5489)
[==================                      ]: 947 (Loss: 0.6132)
[===================                     ]: 948 (Loss: 0.4969)
[===================                     ]: 949 (Loss: 0.6134)
[====================                    ]: 950 (Loss: 0.5361)
[====================                    ]: 951 (Loss: 0.5942)
[====================                    ]: 952 (Loss: 0.5124)
[=====================                   ]: 953 (Loss: 0.5260)
[=====================                   ]: 954 (Loss: 0.5340)
[======================                  ]: 955 (Loss: 0.6234)
[======================                  ]: 956 (Loss: 0.4706)
[======================                  ]: 957 (Loss: 0.5269)
[=======================                 ]: 958 (Loss: 0.4946)
[=======================                 ]: 959 (Loss: 0.5558)
[========================                ]: 960 (Loss: 0.4595)
[========================                ]: 961 (Loss: 0.5339)
[========================                ]: 962 (Loss: 0.4888)
[=========================               ]: 963 (Loss: 0.5063)
[=========================               ]: 964 (Loss: 0.5989)
[==========================              ]: 965 (Loss: 0.5036)
[==========================              ]: 966 (Loss: 0.5809)
[==========================              ]: 967 (Loss: 0.4881)
[===========================             ]: 968 (Loss: 0.5859)
[===========================             ]: 969 (Loss: 0.6101)
[============================            ]: 970 (Loss: 0.5410)
[============================            ]: 971 (Loss: 0.6072)
[============================            ]: 972 (Loss: 0.6078)
[=============================           ]: 973 (Loss: 0.5012)
[=============================           ]: 974 (Loss: 0.4342)
[==============================          ]: 975 (Loss: 0.5253)
[==============================          ]: 976 (Loss: 0.4502)
[==============================          ]: 977 (Loss: 0.4850)
[===============================         ]: 978 (Loss: 0.5208)
[===============================         ]: 979 (Loss: 0.5233)
[================================        ]: 980 (Loss: 0.5400)
[================================        ]: 981 (Loss: 0.5494)
[================================        ]: 982 (Loss: 0.5496)
[=================================       ]: 983 (Loss: 0.5440)
[=================================       ]: 984 (Loss: 0.5332)
[==================================      ]: 985 (Loss: 0.5752)
[==================================      ]: 986 (Loss: 0.5014)
[==================================      ]: 987 (Loss: 0.4862)
[===================================     ]: 988 (Loss: 0.5190)
[===================================     ]: 989 (Loss: 0.5115)
[====================================    ]: 990 (Loss: 0.4274)
[====================================    ]: 991 (Loss: 0.5642)
[====================================    ]: 992 (Loss: 0.5032)
[=====================================   ]: 993 (Loss: 0.5591)
[=====================================   ]: 994 (Loss: 0.5076)
[======================================  ]: 995 (Loss: 0.5558)
[======================================  ]: 996 (Loss: 0.4694)
[======================================  ]: 997 (Loss: 0.4818)
[======================================= ]: 998 (Loss: 0.5621)
[======================================= ]: 999 (Loss: 0.5842)
[========================================]: 1000 (Loss: 0.5536)
                                                                                                    
[2026-07-16 21:10:59,458] [INFO] [__main__] Batch 1000 Loss: 0.529869 Cost: 10.49 Time: 168 ms/sequence

                                                                                                    
[2026-07-16 21:10:59,462] [INFO] [__main__] Saving checkpoint to 'runs\copy_sanity_len5\copy\none\seed_1002\checkpoint-batch-00001000.pt'

[                                        ]: 1001 (Loss: 0.5926)
[                                        ]: 1002 (Loss: 0.5679)
[=                                       ]: 1003 (Loss: 0.5306)
[=                                       ]: 1004 (Loss: 0.5734)
[==                                      ]: 1005 (Loss: 0.4970)
[==                                      ]: 1006 (Loss: 0.4834)
[==                                      ]: 1007 (Loss: 0.5081)
[===                                     ]: 1008 (Loss: 0.4965)
[===                                     ]: 1009 (Loss: 0.5556)
[====                                    ]: 1010 (Loss: 0.5974)
[====                                    ]: 1011 (Loss: 0.5081)
[====                                    ]: 1012 (Loss: 0.4772)
[=====                                   ]: 1013 (Loss: 0.5544)
[=====                                   ]: 1014 (Loss: 0.4566)
[======                                  ]: 1015 (Loss: 0.5428)
[======                                  ]: 1016 (Loss: 0.5424)
[======                                  ]: 1017 (Loss: 0.4849)
[=======                                 ]: 1018 (Loss: 0.4747)
[=======                                 ]: 1019 (Loss: 0.5120)
[========                                ]: 1020 (Loss: 0.5440)
[========                                ]: 1021 (Loss: 0.4957)
[========                                ]: 1022 (Loss: 0.5957)
[=========                               ]: 1023 (Loss: 0.5641)
[=========                               ]: 1024 (Loss: 0.5729)
[==========                              ]: 1025 (Loss: 0.5208)
[==========                              ]: 1026 (Loss: 0.4180)
[==========                              ]: 1027 (Loss: 0.5692)
[===========                             ]: 1028 (Loss: 0.4718)
[===========                             ]: 1029 (Loss: 0.4581)
[============                            ]: 1030 (Loss: 0.4800)
[============                            ]: 1031 (Loss: 0.4668)
[============                            ]: 1032 (Loss: 0.5735)
[=============                           ]: 1033 (Loss: 0.5841)
[=============                           ]: 1034 (Loss: 0.5655)
[==============                          ]: 1035 (Loss: 0.5524)
[==============                          ]: 1036 (Loss: 0.5375)
[==============                          ]: 1037 (Loss: 0.5869)
[===============                         ]: 1038 (Loss: 0.5356)
[===============                         ]: 1039 (Loss: 0.5672)
[================                        ]: 1040 (Loss: 0.5100)
[================                        ]: 1041 (Loss: 0.4068)
[================                        ]: 1042 (Loss: 0.5367)
[=================                       ]: 1043 (Loss: 0.4668)
[=================                       ]: 1044 (Loss: 0.5534)
[==================                      ]: 1045 (Loss: 0.4878)
[==================                      ]: 1046 (Loss: 0.6081)
[==================                      ]: 1047 (Loss: 0.5437)
[===================                     ]: 1048 (Loss: 0.4868)
[===================                     ]: 1049 (Loss: 0.5401)
[====================                    ]: 1050 (Loss: 0.5253)
[====================                    ]: 1051 (Loss: 0.5198)
[====================                    ]: 1052 (Loss: 0.4963)
[=====================                   ]: 1053 (Loss: 0.5367)
[=====================                   ]: 1054 (Loss: 0.4945)
[======================                  ]: 1055 (Loss: 0.5279)
[======================                  ]: 1056 (Loss: 0.5081)
[======================                  ]: 1057 (Loss: 0.5636)
[=======================                 ]: 1058 (Loss: 0.4975)
[=======================                 ]: 1059 (Loss: 0.4529)
[========================                ]: 1060 (Loss: 0.6556)
[========================                ]: 1061 (Loss: 0.4802)
[========================                ]: 1062 (Loss: 0.4300)
[=========================               ]: 1063 (Loss: 0.4923)
[=========================               ]: 1064 (Loss: 0.4287)
[==========================              ]: 1065 (Loss: 0.5060)
[==========================              ]: 1066 (Loss: 0.5589)
[==========================              ]: 1067 (Loss: 0.5238)
[===========================             ]: 1068 (Loss: 0.4469)
[===========================             ]: 1069 (Loss: 0.4832)
[============================            ]: 1070 (Loss: 0.5922)
[============================            ]: 1071 (Loss: 0.4677)
[============================            ]: 1072 (Loss: 0.4496)
[=============================           ]: 1073 (Loss: 0.5044)
[=============================           ]: 1074 (Loss: 0.4474)
[==============================          ]: 1075 (Loss: 0.5240)
[==============================          ]: 1076 (Loss: 0.5124)
[==============================          ]: 1077 (Loss: 0.5179)
[===============================         ]: 1078 (Loss: 0.5547)
[===============================         ]: 1079 (Loss: 0.6330)
[================================        ]: 1080 (Loss: 0.5897)
[================================        ]: 1081 (Loss: 0.6034)
[================================        ]: 1082 (Loss: 0.5666)
[=================================       ]: 1083 (Loss: 0.5237)
[=================================       ]: 1084 (Loss: 0.4860)
[==================================      ]: 1085 (Loss: 0.4634)
[==================================      ]: 1086 (Loss: 0.4691)
[==================================      ]: 1087 (Loss: 0.4413)
[===================================     ]: 1088 (Loss: 0.5818)
[===================================     ]: 1089 (Loss: 0.4683)
[====================================    ]: 1090 (Loss: 0.5526)
[====================================    ]: 1091 (Loss: 0.5933)
[====================================    ]: 1092 (Loss: 0.4664)
[=====================================   ]: 1093 (Loss: 0.5275)
[=====================================   ]: 1094 (Loss: 0.5433)
[======================================  ]: 1095 (Loss: 0.4947)
[======================================  ]: 1096 (Loss: 0.6024)
[======================================  ]: 1097 (Loss: 0.5769)
[======================================= ]: 1098 (Loss: 0.5482)
[======================================= ]: 1099 (Loss: 0.5264)
[========================================]: 1100 (Loss: 0.5383)
                                                                                                    
[2026-07-16 21:11:18,630] [INFO] [__main__] Batch 1100 Loss: 0.522511 Cost: 10.76 Time: 191 ms/sequence

[                                        ]: 1101 (Loss: 0.5404)
[                                        ]: 1102 (Loss: 0.5168)
[=                                       ]: 1103 (Loss: 0.4973)
[=                                       ]: 1104 (Loss: 0.4695)
[==                                      ]: 1105 (Loss: 0.4916)
[==                                      ]: 1106 (Loss: 0.4709)
[==                                      ]: 1107 (Loss: 0.5217)
[===                                     ]: 1108 (Loss: 0.4768)
[===                                     ]: 1109 (Loss: 0.4555)
[====                                    ]: 1110 (Loss: 0.4846)
[====                                    ]: 1111 (Loss: 0.4432)
[====                                    ]: 1112 (Loss: 0.5990)
[=====                                   ]: 1113 (Loss: 0.4593)
[=====                                   ]: 1114 (Loss: 0.4800)
[======                                  ]: 1115 (Loss: 0.5285)
[======                                  ]: 1116 (Loss: 0.4809)
[======                                  ]: 1117 (Loss: 0.5074)
[=======                                 ]: 1118 (Loss: 0.5827)
[=======                                 ]: 1119 (Loss: 0.5473)
[========                                ]: 1120 (Loss: 0.4987)
[========                                ]: 1121 (Loss: 0.4794)
[========                                ]: 1122 (Loss: 0.3936)
[=========                               ]: 1123 (Loss: 0.5604)
[=========                               ]: 1124 (Loss: 0.5733)
[==========                              ]: 1125 (Loss: 0.5755)
[==========                              ]: 1126 (Loss: 0.4986)
[==========                              ]: 1127 (Loss: 0.4657)
[===========                             ]: 1128 (Loss: 0.5180)
[===========                             ]: 1129 (Loss: 0.6071)
[============                            ]: 1130 (Loss: 0.4391)
[============                            ]: 1131 (Loss: 0.5182)
[============                            ]: 1132 (Loss: 0.5904)
[=============                           ]: 1133 (Loss: 0.5365)
[=============                           ]: 1134 (Loss: 0.5821)
[==============                          ]: 1135 (Loss: 0.4497)
[==============                          ]: 1136 (Loss: 0.4011)
[==============                          ]: 1137 (Loss: 0.4364)
[===============                         ]: 1138 (Loss: 0.4785)
[===============                         ]: 1139 (Loss: 0.5042)
[================                        ]: 1140 (Loss: 0.5403)
[================                        ]: 1141 (Loss: 0.5039)
[================                        ]: 1142 (Loss: 0.4482)
[=================                       ]: 1143 (Loss: 0.5187)
[=================                       ]: 1144 (Loss: 0.5600)
[==================                      ]: 1145 (Loss: 0.5595)
[==================                      ]: 1146 (Loss: 0.5158)
[==================                      ]: 1147 (Loss: 0.4283)
[===================                     ]: 1148 (Loss: 0.4770)
[===================                     ]: 1149 (Loss: 0.4841)
[====================                    ]: 1150 (Loss: 0.4430)
[====================                    ]: 1151 (Loss: 0.4985)
[====================                    ]: 1152 (Loss: 0.4862)
[=====================                   ]: 1153 (Loss: 0.5390)
[=====================                   ]: 1154 (Loss: 0.6253)
[======================                  ]: 1155 (Loss: 0.5604)
[======================                  ]: 1156 (Loss: 0.4624)
[======================                  ]: 1157 (Loss: 0.6185)
[=======================                 ]: 1158 (Loss: 0.6093)
[=======================                 ]: 1159 (Loss: 0.4626)
[========================                ]: 1160 (Loss: 0.5537)
[========================                ]: 1161 (Loss: 0.5183)
[========================                ]: 1162 (Loss: 0.5330)
[=========================               ]: 1163 (Loss: 0.4854)
[=========================               ]: 1164 (Loss: 0.5162)
[==========================              ]: 1165 (Loss: 0.5081)
[==========================              ]: 1166 (Loss: 0.3638)
[==========================              ]: 1167 (Loss: 0.5626)
[===========================             ]: 1168 (Loss: 0.4884)
[===========================             ]: 1169 (Loss: 0.4464)
[============================            ]: 1170 (Loss: 0.5243)
[============================            ]: 1171 (Loss: 0.6266)
[============================            ]: 1172 (Loss: 0.5592)
[=============================           ]: 1173 (Loss: 0.4623)
[=============================           ]: 1174 (Loss: 0.4641)
[==============================          ]: 1175 (Loss: 0.5527)
[==============================          ]: 1176 (Loss: 0.4632)
[==============================          ]: 1177 (Loss: 0.4393)
[===============================         ]: 1178 (Loss: 0.5274)
[===============================         ]: 1179 (Loss: 0.5713)
[================================        ]: 1180 (Loss: 0.4252)
[================================        ]: 1181 (Loss: 0.4709)
[================================        ]: 1182 (Loss: 0.4686)
[=================================       ]: 1183 (Loss: 0.5001)
[=================================       ]: 1184 (Loss: 0.5845)
[==================================      ]: 1185 (Loss: 0.4816)
[==================================      ]: 1186 (Loss: 0.5453)
[==================================      ]: 1187 (Loss: 0.4763)
[===================================     ]: 1188 (Loss: 0.5459)
[===================================     ]: 1189 (Loss: 0.4779)
[====================================    ]: 1190 (Loss: 0.4977)
[====================================    ]: 1191 (Loss: 0.5556)
[====================================    ]: 1192 (Loss: 0.4436)
[=====================================   ]: 1193 (Loss: 0.4806)
[=====================================   ]: 1194 (Loss: 0.5562)
[======================================  ]: 1195 (Loss: 0.4452)
[======================================  ]: 1196 (Loss: 0.4779)
[======================================  ]: 1197 (Loss: 0.4706)
[======================================= ]: 1198 (Loss: 0.4761)
[======================================= ]: 1199 (Loss: 0.5335)
[========================================]: 1200 (Loss: 0.4898)
                                                                                                    
[2026-07-16 21:11:35,662] [INFO] [__main__] Batch 1200 Loss: 0.505702 Cost: 9.80 Time: 170 ms/sequence

[                                        ]: 1201 (Loss: 0.5356)
[                                        ]: 1202 (Loss: 0.5040)
[=                                       ]: 1203 (Loss: 0.4958)
[=                                       ]: 1204 (Loss: 0.4726)
[==                                      ]: 1205 (Loss: 0.5426)
[==                                      ]: 1206 (Loss: 0.5768)
[==                                      ]: 1207 (Loss: 0.5922)
[===                                     ]: 1208 (Loss: 0.5188)
[===                                     ]: 1209 (Loss: 0.5358)
[====                                    ]: 1210 (Loss: 0.4769)
[====                                    ]: 1211 (Loss: 0.5124)
[====                                    ]: 1212 (Loss: 0.4185)
[=====                                   ]: 1213 (Loss: 0.4729)
[=====                                   ]: 1214 (Loss: 0.4740)
[======                                  ]: 1215 (Loss: 0.6189)
[======                                  ]: 1216 (Loss: 0.5151)
[======                                  ]: 1217 (Loss: 0.4813)
[=======                                 ]: 1218 (Loss: 0.4557)
[=======                                 ]: 1219 (Loss: 0.5593)
[========                                ]: 1220 (Loss: 0.4948)
[========                                ]: 1221 (Loss: 0.4474)
[========                                ]: 1222 (Loss: 0.6061)
[=========                               ]: 1223 (Loss: 0.5222)
[=========                               ]: 1224 (Loss: 0.5314)
[==========                              ]: 1225 (Loss: 0.4330)
[==========                              ]: 1226 (Loss: 0.5194)
[==========                              ]: 1227 (Loss: 0.5335)
[===========                             ]: 1228 (Loss: 0.5550)
[===========                             ]: 1229 (Loss: 0.4433)
[============                            ]: 1230 (Loss: 0.4426)
[============                            ]: 1231 (Loss: 0.5710)
[============                            ]: 1232 (Loss: 0.5292)
[=============                           ]: 1233 (Loss: 0.4566)
[=============                           ]: 1234 (Loss: 0.4444)
[==============                          ]: 1235 (Loss: 0.5801)
[==============                          ]: 1236 (Loss: 0.5850)
[==============                          ]: 1237 (Loss: 0.5467)
[===============                         ]: 1238 (Loss: 0.4242)
[===============                         ]: 1239 (Loss: 0.5265)
[================                        ]: 1240 (Loss: 0.4467)
[================                        ]: 1241 (Loss: 0.5114)
[================                        ]: 1242 (Loss: 0.5703)
[=================                       ]: 1243 (Loss: 0.5547)
[=================                       ]: 1244 (Loss: 0.4784)
[==================                      ]: 1245 (Loss: 0.5317)
[==================                      ]: 1246 (Loss: 0.5868)
[==================                      ]: 1247 (Loss: 0.4146)
[===================                     ]: 1248 (Loss: 0.5499)
[===================                     ]: 1249 (Loss: 0.6064)
[====================                    ]: 1250 (Loss: 0.5204)
[====================                    ]: 1251 (Loss: 0.5837)
[====================                    ]: 1252 (Loss: 0.4597)
[=====================                   ]: 1253 (Loss: 0.5414)
[=====================                   ]: 1254 (Loss: 0.5794)
[======================                  ]: 1255 (Loss: 0.5207)
[======================                  ]: 1256 (Loss: 0.5827)
[======================                  ]: 1257 (Loss: 0.4820)
[=======================                 ]: 1258 (Loss: 0.5505)
[=======================                 ]: 1259 (Loss: 0.4895)
[========================                ]: 1260 (Loss: 0.5568)
[========================                ]: 1261 (Loss: 0.4835)
[========================                ]: 1262 (Loss: 0.4940)
[=========================               ]: 1263 (Loss: 0.4653)
[=========================               ]: 1264 (Loss: 0.5301)
[==========================              ]: 1265 (Loss: 0.5058)
[==========================              ]: 1266 (Loss: 0.5816)
[==========================              ]: 1267 (Loss: 0.5039)
[===========================             ]: 1268 (Loss: 0.5307)
[===========================             ]: 1269 (Loss: 0.3511)
[============================            ]: 1270 (Loss: 0.5576)
[============================            ]: 1271 (Loss: 0.4844)
[============================            ]: 1272 (Loss: 0.6020)
[=============================           ]: 1273 (Loss: 0.5464)
[=============================           ]: 1274 (Loss: 0.5632)
[==============================          ]: 1275 (Loss: 0.5866)
[==============================          ]: 1276 (Loss: 0.4617)
[==============================          ]: 1277 (Loss: 0.4973)
[===============================         ]: 1278 (Loss: 0.4858)
[===============================         ]: 1279 (Loss: 0.5236)
[================================        ]: 1280 (Loss: 0.4747)
[================================        ]: 1281 (Loss: 0.4421)
[================================        ]: 1282 (Loss: 0.5217)
[=================================       ]: 1283 (Loss: 0.5771)
[=================================       ]: 1284 (Loss: 0.5401)
[==================================      ]: 1285 (Loss: 0.4425)
[==================================      ]: 1286 (Loss: 0.5828)
[==================================      ]: 1287 (Loss: 0.4786)
[===================================     ]: 1288 (Loss: 0.5659)
[===================================     ]: 1289 (Loss: 0.5520)
[====================================    ]: 1290 (Loss: 0.5105)
[====================================    ]: 1291 (Loss: 0.4692)
[====================================    ]: 1292 (Loss: 0.6012)
[=====================================   ]: 1293 (Loss: 0.5696)
[=====================================   ]: 1294 (Loss: 0.3874)
[======================================  ]: 1295 (Loss: 0.4299)
[======================================  ]: 1296 (Loss: 0.4952)
[======================================  ]: 1297 (Loss: 0.4906)
[======================================= ]: 1298 (Loss: 0.5678)
[======================================= ]: 1299 (Loss: 0.4506)
[========================================]: 1300 (Loss: 0.4962)
                                                                                                    
[2026-07-16 21:11:52,644] [INFO] [__main__] Batch 1300 Loss: 0.514697 Cost: 10.20 Time: 169 ms/sequence

[                                        ]: 1301 (Loss: 0.4823)
[                                        ]: 1302 (Loss: 0.5446)
[=                                       ]: 1303 (Loss: 0.6162)
[=                                       ]: 1304 (Loss: 0.5251)
[==                                      ]: 1305 (Loss: 0.4912)
[==                                      ]: 1306 (Loss: 0.3764)
[==                                      ]: 1307 (Loss: 0.5645)
[===                                     ]: 1308 (Loss: 0.5730)
[===                                     ]: 1309 (Loss: 0.5075)
[====                                    ]: 1310 (Loss: 0.5676)
[====                                    ]: 1311 (Loss: 0.5328)
[====                                    ]: 1312 (Loss: 0.4943)
[=====                                   ]: 1313 (Loss: 0.5610)
[=====                                   ]: 1314 (Loss: 0.4478)
[======                                  ]: 1315 (Loss: 0.5231)
[======                                  ]: 1316 (Loss: 0.5066)
[======                                  ]: 1317 (Loss: 0.5013)
[=======                                 ]: 1318 (Loss: 0.5243)
[=======                                 ]: 1319 (Loss: 0.4900)
[========                                ]: 1320 (Loss: 0.4661)
[========                                ]: 1321 (Loss: 0.5011)
[========                                ]: 1322 (Loss: 0.5027)
[=========                               ]: 1323 (Loss: 0.4037)
[=========                               ]: 1324 (Loss: 0.4989)
[==========                              ]: 1325 (Loss: 0.4386)
[==========                              ]: 1326 (Loss: 0.4756)
[==========                              ]: 1327 (Loss: 0.5850)
[===========                             ]: 1328 (Loss: 0.4230)
[===========                             ]: 1329 (Loss: 0.4818)
[============                            ]: 1330 (Loss: 0.4834)
[============                            ]: 1331 (Loss: 0.4916)
[============                            ]: 1332 (Loss: 0.4999)
[=============                           ]: 1333 (Loss: 0.4302)
[=============                           ]: 1334 (Loss: 0.4600)
[==============                          ]: 1335 (Loss: 0.5220)
[==============                          ]: 1336 (Loss: 0.5142)
[==============                          ]: 1337 (Loss: 0.5275)
[===============                         ]: 1338 (Loss: 0.4476)
[===============                         ]: 1339 (Loss: 0.4816)
[================                        ]: 1340 (Loss: 0.5556)
[================                        ]: 1341 (Loss: 0.4014)
[================                        ]: 1342 (Loss: 0.4362)
[=================                       ]: 1343 (Loss: 0.4769)
[=================                       ]: 1344 (Loss: 0.5116)
[==================                      ]: 1345 (Loss: 0.6137)
[==================                      ]: 1346 (Loss: 0.5046)
[==================                      ]: 1347 (Loss: 0.4557)
[===================                     ]: 1348 (Loss: 0.5645)
[===================                     ]: 1349 (Loss: 0.5083)
[====================                    ]: 1350 (Loss: 0.4471)
[====================                    ]: 1351 (Loss: 0.4681)
[====================                    ]: 1352 (Loss: 0.5010)
[=====================                   ]: 1353 (Loss: 0.5003)
[=====================                   ]: 1354 (Loss: 0.5926)
[======================                  ]: 1355 (Loss: 0.5501)
[======================                  ]: 1356 (Loss: 0.5352)
[======================                  ]: 1357 (Loss: 0.4856)
[=======================                 ]: 1358 (Loss: 0.4486)
[=======================                 ]: 1359 (Loss: 0.4628)
[========================                ]: 1360 (Loss: 0.5601)
[========================                ]: 1361 (Loss: 0.4457)
[========================                ]: 1362 (Loss: 0.4335)
[=========================               ]: 1363 (Loss: 0.4919)
[=========================               ]: 1364 (Loss: 0.5548)
[==========================              ]: 1365 (Loss: 0.4266)
[==========================              ]: 1366 (Loss: 0.4924)
[==========================              ]: 1367 (Loss: 0.5210)
[===========================             ]: 1368 (Loss: 0.4457)
[===========================             ]: 1369 (Loss: 0.5140)
[============================            ]: 1370 (Loss: 0.5342)
[============================            ]: 1371 (Loss: 0.5305)
[============================            ]: 1372 (Loss: 0.6248)
[=============================           ]: 1373 (Loss: 0.6429)
[=============================           ]: 1374 (Loss: 0.5255)
[==============================          ]: 1375 (Loss: 0.3825)
[==============================          ]: 1376 (Loss: 0.4722)
[==============================          ]: 1377 (Loss: 0.4929)
[===============================         ]: 1378 (Loss: 0.4838)
[===============================         ]: 1379 (Loss: 0.5363)
[================================        ]: 1380 (Loss: 0.4660)
[================================        ]: 1381 (Loss: 0.5308)
[================================        ]: 1382 (Loss: 0.5718)
[=================================       ]: 1383 (Loss: 0.4630)
[=================================       ]: 1384 (Loss: 0.5381)
[==================================      ]: 1385 (Loss: 0.4526)
[==================================      ]: 1386 (Loss: 0.4025)
[==================================      ]: 1387 (Loss: 0.4781)
[===================================     ]: 1388 (Loss: 0.4264)
[===================================     ]: 1389 (Loss: 0.3402)
[====================================    ]: 1390 (Loss: 0.4509)
[====================================    ]: 1391 (Loss: 0.5293)
[====================================    ]: 1392 (Loss: 0.5481)
[=====================================   ]: 1393 (Loss: 0.4367)
[=====================================   ]: 1394 (Loss: 0.5738)
[======================================  ]: 1395 (Loss: 0.5010)
[======================================  ]: 1396 (Loss: 0.4550)
[======================================  ]: 1397 (Loss: 0.5328)
[======================================= ]: 1398 (Loss: 0.5329)
[======================================= ]: 1399 (Loss: 0.4656)
[========================================]: 1400 (Loss: 0.4114)
                                                                                                    
[2026-07-16 21:12:09,758] [INFO] [__main__] Batch 1400 Loss: 0.497020 Cost: 9.63 Time: 171 ms/sequence

[                                        ]: 1401 (Loss: 0.4933)
[                                        ]: 1402 (Loss: 0.5291)
[=                                       ]: 1403 (Loss: 0.5192)
[=                                       ]: 1404 (Loss: 0.5535)
[==                                      ]: 1405 (Loss: 0.5513)
[==                                      ]: 1406 (Loss: 0.4299)
[==                                      ]: 1407 (Loss: 0.4381)
[===                                     ]: 1408 (Loss: 0.5120)
[===                                     ]: 1409 (Loss: 0.5323)
[====                                    ]: 1410 (Loss: 0.4886)
[====                                    ]: 1411 (Loss: 0.5500)
[====                                    ]: 1412 (Loss: 0.5947)
[=====                                   ]: 1413 (Loss: 0.4391)
[=====                                   ]: 1414 (Loss: 0.5008)
[======                                  ]: 1415 (Loss: 0.4948)
[======                                  ]: 1416 (Loss: 0.4590)
[======                                  ]: 1417 (Loss: 0.5274)
[=======                                 ]: 1418 (Loss: 0.5304)
[=======                                 ]: 1419 (Loss: 0.3505)
[========                                ]: 1420 (Loss: 0.4892)
[========                                ]: 1421 (Loss: 0.5459)
[========                                ]: 1422 (Loss: 0.5332)
[=========                               ]: 1423 (Loss: 0.5588)
[=========                               ]: 1424 (Loss: 0.4843)
[==========                              ]: 1425 (Loss: 0.4666)
[==========                              ]: 1426 (Loss: 0.5967)
[==========                              ]: 1427 (Loss: 0.5181)
[===========                             ]: 1428 (Loss: 0.5208)
[===========                             ]: 1429 (Loss: 0.4803)
[============                            ]: 1430 (Loss: 0.4693)
[============                            ]: 1431 (Loss: 0.5159)
[============                            ]: 1432 (Loss: 0.5556)
[=============                           ]: 1433 (Loss: 0.4705)
[=============                           ]: 1434 (Loss: 0.5041)
[==============                          ]: 1435 (Loss: 0.4814)
[==============                          ]: 1436 (Loss: 0.5003)
[==============                          ]: 1437 (Loss: 0.6225)
[===============                         ]: 1438 (Loss: 0.5107)
[===============                         ]: 1439 (Loss: 0.4367)
[================                        ]: 1440 (Loss: 0.4294)
[================                        ]: 1441 (Loss: 0.5668)
[================                        ]: 1442 (Loss: 0.5216)
[=================                       ]: 1443 (Loss: 0.5200)
[=================                       ]: 1444 (Loss: 0.4562)
[==================                      ]: 1445 (Loss: 0.5425)
[==================                      ]: 1446 (Loss: 0.5322)
[==================                      ]: 1447 (Loss: 0.5286)
[===================                     ]: 1448 (Loss: 0.4466)
[===================                     ]: 1449 (Loss: 0.5403)
[====================                    ]: 1450 (Loss: 0.4793)
[====================                    ]: 1451 (Loss: 0.4399)
[====================                    ]: 1452 (Loss: 0.5118)
[=====================                   ]: 1453 (Loss: 0.4930)
[=====================                   ]: 1454 (Loss: 0.4933)
[======================                  ]: 1455 (Loss: 0.4439)
[======================                  ]: 1456 (Loss: 0.4569)
[======================                  ]: 1457 (Loss: 0.5223)
[=======================                 ]: 1458 (Loss: 0.5614)
[=======================                 ]: 1459 (Loss: 0.4782)
[========================                ]: 1460 (Loss: 0.5469)
[========================                ]: 1461 (Loss: 0.5327)
[========================                ]: 1462 (Loss: 0.4913)
[=========================               ]: 1463 (Loss: 0.4623)
[=========================               ]: 1464 (Loss: 0.5383)
[==========================              ]: 1465 (Loss: 0.4238)
[==========================              ]: 1466 (Loss: 0.4517)
[==========================              ]: 1467 (Loss: 0.5941)
[===========================             ]: 1468 (Loss: 0.4730)
[===========================             ]: 1469 (Loss: 0.4969)
[============================            ]: 1470 (Loss: 0.5465)
[============================            ]: 1471 (Loss: 0.6289)
[============================            ]: 1472 (Loss: 0.4888)
[=============================           ]: 1473 (Loss: 0.4364)
[=============================           ]: 1474 (Loss: 0.5216)
[==============================          ]: 1475 (Loss: 0.5282)
[==============================          ]: 1476 (Loss: 0.5502)
[==============================          ]: 1477 (Loss: 0.5290)
[===============================         ]: 1478 (Loss: 0.5287)
[===============================         ]: 1479 (Loss: 0.4172)
[================================        ]: 1480 (Loss: 0.5624)
[================================        ]: 1481 (Loss: 0.4797)
[================================        ]: 1482 (Loss: 0.4845)
[=================================       ]: 1483 (Loss: 0.4167)
[=================================       ]: 1484 (Loss: 0.5973)
[==================================      ]: 1485 (Loss: 0.4524)
[==================================      ]: 1486 (Loss: 0.4705)
[==================================      ]: 1487 (Loss: 0.5206)
[===================================     ]: 1488 (Loss: 0.5516)
[===================================     ]: 1489 (Loss: 0.5138)
[====================================    ]: 1490 (Loss: 0.4254)
[====================================    ]: 1491 (Loss: 0.5917)
[====================================    ]: 1492 (Loss: 0.5701)
[=====================================   ]: 1493 (Loss: 0.4800)
[=====================================   ]: 1494 (Loss: 0.5521)
[======================================  ]: 1495 (Loss: 0.5125)
[======================================  ]: 1496 (Loss: 0.6253)
[======================================  ]: 1497 (Loss: 0.5187)
[======================================= ]: 1498 (Loss: 0.4837)
[======================================= ]: 1499 (Loss: 0.5844)
[========================================]: 1500 (Loss: 0.4026)
                                                                                                    
[2026-07-16 21:12:26,782] [INFO] [__main__] Batch 1500 Loss: 0.507018 Cost: 10.39 Time: 170 ms/sequence

[                                        ]: 1501 (Loss: 0.5376)
[                                        ]: 1502 (Loss: 0.4710)
[=                                       ]: 1503 (Loss: 0.5421)
[=                                       ]: 1504 (Loss: 0.5340)
[==                                      ]: 1505 (Loss: 0.4740)
[==                                      ]: 1506 (Loss: 0.5256)
[==                                      ]: 1507 (Loss: 0.5639)
[===                                     ]: 1508 (Loss: 0.4615)
[===                                     ]: 1509 (Loss: 0.5185)
[====                                    ]: 1510 (Loss: 0.5263)
[====                                    ]: 1511 (Loss: 0.3618)
[====                                    ]: 1512 (Loss: 0.4054)
[=====                                   ]: 1513 (Loss: 0.5173)
[=====                                   ]: 1514 (Loss: 0.3953)
[======                                  ]: 1515 (Loss: 0.4602)
[======                                  ]: 1516 (Loss: 0.5574)
[======                                  ]: 1517 (Loss: 0.4754)
[=======                                 ]: 1518 (Loss: 0.5458)
[=======                                 ]: 1519 (Loss: 0.4534)
[========                                ]: 1520 (Loss: 0.4326)
[========                                ]: 1521 (Loss: 0.5046)
[========                                ]: 1522 (Loss: 0.5510)
[=========                               ]: 1523 (Loss: 0.4638)
[=========                               ]: 1524 (Loss: 0.5081)
[==========                              ]: 1525 (Loss: 0.5490)
[==========                              ]: 1526 (Loss: 0.5595)
[==========                              ]: 1527 (Loss: 0.4950)
[===========                             ]: 1528 (Loss: 0.4737)
[===========                             ]: 1529 (Loss: 0.5437)
[============                            ]: 1530 (Loss: 0.4775)
[============                            ]: 1531 (Loss: 0.4743)
[============                            ]: 1532 (Loss: 0.4955)
[=============                           ]: 1533 (Loss: 0.4108)
[=============                           ]: 1534 (Loss: 0.4462)
[==============                          ]: 1535 (Loss: 0.5676)
[==============                          ]: 1536 (Loss: 0.4055)
[==============                          ]: 1537 (Loss: 0.4058)
[===============                         ]: 1538 (Loss: 0.4970)
[===============                         ]: 1539 (Loss: 0.5571)
[================                        ]: 1540 (Loss: 0.4001)
[================                        ]: 1541 (Loss: 0.4686)
[================                        ]: 1542 (Loss: 0.4802)
[=================                       ]: 1543 (Loss: 0.4927)
[=================                       ]: 1544 (Loss: 0.5413)
[==================                      ]: 1545 (Loss: 0.5722)
[==================                      ]: 1546 (Loss: 0.5409)
[==================                      ]: 1547 (Loss: 0.5245)
[===================                     ]: 1548 (Loss: 0.4861)
[===================                     ]: 1549 (Loss: 0.5006)
[====================                    ]: 1550 (Loss: 0.5586)
[====================                    ]: 1551 (Loss: 0.4553)
[====================                    ]: 1552 (Loss: 0.6449)
[=====================                   ]: 1553 (Loss: 0.4218)
[=====================                   ]: 1554 (Loss: 0.6156)
[======================                  ]: 1555 (Loss: 0.4575)
[======================                  ]: 1556 (Loss: 0.4153)
[======================                  ]: 1557 (Loss: 0.4901)
[=======================                 ]: 1558 (Loss: 0.4029)
[=======================                 ]: 1559 (Loss: 0.5876)
[========================                ]: 1560 (Loss: 0.5069)
[========================                ]: 1561 (Loss: 0.5815)
[========================                ]: 1562 (Loss: 0.4531)
[=========================               ]: 1563 (Loss: 0.5327)
[=========================               ]: 1564 (Loss: 0.4807)
[==========================              ]: 1565 (Loss: 0.5612)
[==========================              ]: 1566 (Loss: 0.4889)
[==========================              ]: 1567 (Loss: 0.4424)
[===========================             ]: 1568 (Loss: 0.4704)
[===========================             ]: 1569 (Loss: 0.5019)
[============================            ]: 1570 (Loss: 0.5237)
[============================            ]: 1571 (Loss: 0.6009)
[============================            ]: 1572 (Loss: 0.4819)
[=============================           ]: 1573 (Loss: 0.5487)
[=============================           ]: 1574 (Loss: 0.5314)
[==============================          ]: 1575 (Loss: 0.4745)
[==============================          ]: 1576 (Loss: 0.4029)
[==============================          ]: 1577 (Loss: 0.5332)
[===============================         ]: 1578 (Loss: 0.4271)
[===============================         ]: 1579 (Loss: 0.5204)
[================================        ]: 1580 (Loss: 0.5039)
[================================        ]: 1581 (Loss: 0.4915)
[================================        ]: 1582 (Loss: 0.5176)
[=================================       ]: 1583 (Loss: 0.3965)
[=================================       ]: 1584 (Loss: 0.4702)
[==================================      ]: 1585 (Loss: 0.5173)
[==================================      ]: 1586 (Loss: 0.4474)
[==================================      ]: 1587 (Loss: 0.4292)
[===================================     ]: 1588 (Loss: 0.5216)
[===================================     ]: 1589 (Loss: 0.4508)
[====================================    ]: 1590 (Loss: 0.4689)
[====================================    ]: 1591 (Loss: 0.5239)
[====================================    ]: 1592 (Loss: 0.3993)
[=====================================   ]: 1593 (Loss: 0.5536)
[=====================================   ]: 1594 (Loss: 0.4073)
[======================================  ]: 1595 (Loss: 0.4451)
[======================================  ]: 1596 (Loss: 0.3694)
[======================================  ]: 1597 (Loss: 0.5098)
[======================================= ]: 1598 (Loss: 0.4820)
[======================================= ]: 1599 (Loss: 0.4769)
[========================================]: 1600 (Loss: 0.4695)
                                                                                                    
[2026-07-16 21:12:44,299] [INFO] [__main__] Batch 1600 Loss: 0.491173 Cost: 9.84 Time: 175 ms/sequence

[                                        ]: 1601 (Loss: 0.5438)
[                                        ]: 1602 (Loss: 0.5120)
[=                                       ]: 1603 (Loss: 0.4303)
[=                                       ]: 1604 (Loss: 0.3978)
[==                                      ]: 1605 (Loss: 0.4948)
[==                                      ]: 1606 (Loss: 0.4275)
[==                                      ]: 1607 (Loss: 0.5155)
[===                                     ]: 1608 (Loss: 0.4923)
[===                                     ]: 1609 (Loss: 0.5174)
[====                                    ]: 1610 (Loss: 0.5067)
[====                                    ]: 1611 (Loss: 0.4358)
[====                                    ]: 1612 (Loss: 0.5481)
[=====                                   ]: 1613 (Loss: 0.3912)
[=====                                   ]: 1614 (Loss: 0.4825)
[======                                  ]: 1615 (Loss: 0.5026)
[======                                  ]: 1616 (Loss: 0.4006)
[======                                  ]: 1617 (Loss: 0.5181)
[=======                                 ]: 1618 (Loss: 0.5220)
[=======                                 ]: 1619 (Loss: 0.5601)
[========                                ]: 1620 (Loss: 0.4912)
[========                                ]: 1621 (Loss: 0.4187)
[========                                ]: 1622 (Loss: 0.5980)
[=========                               ]: 1623 (Loss: 0.5494)
[=========                               ]: 1624 (Loss: 0.4494)
[==========                              ]: 1625 (Loss: 0.3823)
[==========                              ]: 1626 (Loss: 0.4492)
[==========                              ]: 1627 (Loss: 0.4267)
[===========                             ]: 1628 (Loss: 0.4577)
[===========                             ]: 1629 (Loss: 0.4932)
[============                            ]: 1630 (Loss: 0.6149)
[============                            ]: 1631 (Loss: 0.5367)
[============                            ]: 1632 (Loss: 0.3708)
[=============                           ]: 1633 (Loss: 0.4575)
[=============                           ]: 1634 (Loss: 0.4972)
[==============                          ]: 1635 (Loss: 0.5625)
[==============                          ]: 1636 (Loss: 0.3705)
[==============                          ]: 1637 (Loss: 0.4511)
[===============                         ]: 1638 (Loss: 0.4051)
[===============                         ]: 1639 (Loss: 0.5582)
[================                        ]: 1640 (Loss: 0.5144)
[================                        ]: 1641 (Loss: 0.5404)
[================                        ]: 1642 (Loss: 0.4485)
[=================                       ]: 1643 (Loss: 0.3081)
[=================                       ]: 1644 (Loss: 0.4282)
[==================                      ]: 1645 (Loss: 0.5878)
[==================                      ]: 1646 (Loss: 0.4074)
[==================                      ]: 1647 (Loss: 0.6216)
[===================                     ]: 1648 (Loss: 0.4568)
[===================                     ]: 1649 (Loss: 0.4388)
[====================                    ]: 1650 (Loss: 0.5842)
[====================                    ]: 1651 (Loss: 0.4353)
[====================                    ]: 1652 (Loss: 0.5170)
[=====================                   ]: 1653 (Loss: 0.4340)
[=====================                   ]: 1654 (Loss: 0.4415)
[======================                  ]: 1655 (Loss: 0.4937)
[======================                  ]: 1656 (Loss: 0.3957)
[======================                  ]: 1657 (Loss: 0.5400)
[=======================                 ]: 1658 (Loss: 0.4249)
[=======================                 ]: 1659 (Loss: 0.3507)
[========================                ]: 1660 (Loss: 0.4214)
[========================                ]: 1661 (Loss: 0.4203)
[========================                ]: 1662 (Loss: 0.5230)
[=========================               ]: 1663 (Loss: 0.4475)
[=========================               ]: 1664 (Loss: 0.5505)
[==========================              ]: 1665 (Loss: 0.5041)
[==========================              ]: 1666 (Loss: 0.4663)
[==========================              ]: 1667 (Loss: 0.4664)
[===========================             ]: 1668 (Loss: 0.5120)
[===========================             ]: 1669 (Loss: 0.4504)
[============================            ]: 1670 (Loss: 0.4222)
[============================            ]: 1671 (Loss: 0.4254)
[============================            ]: 1672 (Loss: 0.4737)
[=============================           ]: 1673 (Loss: 0.5128)
[=============================           ]: 1674 (Loss: 0.4441)
[==============================          ]: 1675 (Loss: 0.5210)
[==============================          ]: 1676 (Loss: 0.5426)
[==============================          ]: 1677 (Loss: 0.5494)
[===============================         ]: 1678 (Loss: 0.4395)
[===============================         ]: 1679 (Loss: 0.4355)
[================================        ]: 1680 (Loss: 0.5456)
[================================        ]: 1681 (Loss: 0.4359)
[================================        ]: 1682 (Loss: 0.5525)
[=================================       ]: 1683 (Loss: 0.5553)
[=================================       ]: 1684 (Loss: 0.4609)
[==================================      ]: 1685 (Loss: 0.4637)
[==================================      ]: 1686 (Loss: 0.4745)
[==================================      ]: 1687 (Loss: 0.5186)
[===================================     ]: 1688 (Loss: 0.4633)
[===================================     ]: 1689 (Loss: 0.4458)
[====================================    ]: 1690 (Loss: 0.6219)
[====================================    ]: 1691 (Loss: 0.3810)
[====================================    ]: 1692 (Loss: 0.6357)
[=====================================   ]: 1693 (Loss: 0.5037)
[=====================================   ]: 1694 (Loss: 0.5190)
[======================================  ]: 1695 (Loss: 0.4746)
[======================================  ]: 1696 (Loss: 0.5226)
[======================================  ]: 1697 (Loss: 0.5245)
[======================================= ]: 1698 (Loss: 0.4794)
[======================================= ]: 1699 (Loss: 0.5591)
[========================================]: 1700 (Loss: 0.4640)
                                                                                                    
[2026-07-16 21:13:01,259] [INFO] [__main__] Batch 1700 Loss: 0.482383 Cost: 9.72 Time: 169 ms/sequence

[                                        ]: 1701 (Loss: 0.4556)
[                                        ]: 1702 (Loss: 0.4655)
[=                                       ]: 1703 (Loss: 0.4722)
[=                                       ]: 1704 (Loss: 0.3942)
[==                                      ]: 1705 (Loss: 0.3794)
[==                                      ]: 1706 (Loss: 0.5257)
[==                                      ]: 1707 (Loss: 0.4549)
[===                                     ]: 1708 (Loss: 0.5610)
[===                                     ]: 1709 (Loss: 0.4566)
[====                                    ]: 1710 (Loss: 0.5932)
[====                                    ]: 1711 (Loss: 0.5766)
[====                                    ]: 1712 (Loss: 0.4281)
[=====                                   ]: 1713 (Loss: 0.5340)
[=====                                   ]: 1714 (Loss: 0.4273)
[======                                  ]: 1715 (Loss: 0.5070)
[======                                  ]: 1716 (Loss: 0.5890)
[======                                  ]: 1717 (Loss: 0.4450)
[=======                                 ]: 1718 (Loss: 0.4149)
[=======                                 ]: 1719 (Loss: 0.4891)
[========                                ]: 1720 (Loss: 0.4862)
[========                                ]: 1721 (Loss: 0.5057)
[========                                ]: 1722 (Loss: 0.5570)
[=========                               ]: 1723 (Loss: 0.5355)
[=========                               ]: 1724 (Loss: 0.4149)
[==========                              ]: 1725 (Loss: 0.5849)
[==========                              ]: 1726 (Loss: 0.4949)
[==========                              ]: 1727 (Loss: 0.4975)
[===========                             ]: 1728 (Loss: 0.4996)
[===========                             ]: 1729 (Loss: 0.3670)
[============                            ]: 1730 (Loss: 0.4930)
[============                            ]: 1731 (Loss: 0.4210)
[============                            ]: 1732 (Loss: 0.4978)
[=============                           ]: 1733 (Loss: 0.5625)
[=============                           ]: 1734 (Loss: 0.4083)
[==============                          ]: 1735 (Loss: 0.4928)
[==============                          ]: 1736 (Loss: 0.4472)
[==============                          ]: 1737 (Loss: 0.4582)
[===============                         ]: 1738 (Loss: 0.4532)
[===============                         ]: 1739 (Loss: 0.5107)
[================                        ]: 1740 (Loss: 0.5766)
[================                        ]: 1741 (Loss: 0.4221)
[================                        ]: 1742 (Loss: 0.4642)
[=================                       ]: 1743 (Loss: 0.4564)
[=================                       ]: 1744 (Loss: 0.4346)
[==================                      ]: 1745 (Loss: 0.4223)
[==================                      ]: 1746 (Loss: 0.5414)
[==================                      ]: 1747 (Loss: 0.4213)
[===================                     ]: 1748 (Loss: 0.4233)
[===================                     ]: 1749 (Loss: 0.4758)
[====================                    ]: 1750 (Loss: 0.4532)
[====================                    ]: 1751 (Loss: 0.4709)
[====================                    ]: 1752 (Loss: 0.4835)
[=====================                   ]: 1753 (Loss: 0.4408)
[=====================                   ]: 1754 (Loss: 0.4109)
[======================                  ]: 1755 (Loss: 0.5205)
[======================                  ]: 1756 (Loss: 0.5515)
[======================                  ]: 1757 (Loss: 0.5427)
[=======================                 ]: 1758 (Loss: 0.4089)
[=======================                 ]: 1759 (Loss: 0.5160)
[========================                ]: 1760 (Loss: 0.4560)
[========================                ]: 1761 (Loss: 0.4721)
[========================                ]: 1762 (Loss: 0.4370)
[=========================               ]: 1763 (Loss: 0.5182)
[=========================               ]: 1764 (Loss: 0.4783)
[==========================              ]: 1765 (Loss: 0.4388)
[==========================              ]: 1766 (Loss: 0.4265)
[==========================              ]: 1767 (Loss: 0.5332)
[===========================             ]: 1768 (Loss: 0.5258)
[===========================             ]: 1769 (Loss: 0.4425)
[============================            ]: 1770 (Loss: 0.5213)
[============================            ]: 1771 (Loss: 0.3920)
[============================            ]: 1772 (Loss: 0.4940)
[=============================           ]: 1773 (Loss: 0.5809)
[=============================           ]: 1774 (Loss: 0.5398)
[==============================          ]: 1775 (Loss: 0.4659)
[==============================          ]: 1776 (Loss: 0.4345)
[==============================          ]: 1777 (Loss: 0.4507)
[===============================         ]: 1778 (Loss: 0.5611)
[===============================         ]: 1779 (Loss: 0.4542)
[================================        ]: 1780 (Loss: 0.5731)
[================================        ]: 1781 (Loss: 0.4729)
[================================        ]: 1782 (Loss: 0.4751)
[=================================       ]: 1783 (Loss: 0.5850)
[=================================       ]: 1784 (Loss: 0.5920)
[==================================      ]: 1785 (Loss: 0.4216)
[==================================      ]: 1786 (Loss: 0.4666)
[==================================      ]: 1787 (Loss: 0.5039)
[===================================     ]: 1788 (Loss: 0.5616)
[===================================     ]: 1789 (Loss: 0.6067)
[====================================    ]: 1790 (Loss: 0.4198)
[====================================    ]: 1791 (Loss: 0.3755)
[====================================    ]: 1792 (Loss: 0.3878)
[=====================================   ]: 1793 (Loss: 0.5498)
[=====================================   ]: 1794 (Loss: 0.5553)
[======================================  ]: 1795 (Loss: 0.4196)
[======================================  ]: 1796 (Loss: 0.4781)
[======================================  ]: 1797 (Loss: 0.4290)
[======================================= ]: 1798 (Loss: 0.5751)
[======================================= ]: 1799 (Loss: 0.4629)
[========================================]: 1800 (Loss: 0.4956)
                                                                                                    
[2026-07-16 21:13:18,258] [INFO] [__main__] Batch 1800 Loss: 0.483238 Cost: 9.67 Time: 169 ms/sequence

[                                        ]: 1801 (Loss: 0.4673)
[                                        ]: 1802 (Loss: 0.5612)
[=                                       ]: 1803 (Loss: 0.4286)
[=                                       ]: 1804 (Loss: 0.6084)
[==                                      ]: 1805 (Loss: 0.4380)
[==                                      ]: 1806 (Loss: 0.4777)
[==                                      ]: 1807 (Loss: 0.4496)
[===                                     ]: 1808 (Loss: 0.4821)
[===                                     ]: 1809 (Loss: 0.4359)
[====                                    ]: 1810 (Loss: 0.4252)
[====                                    ]: 1811 (Loss: 0.2712)
[====                                    ]: 1812 (Loss: 0.5327)
[=====                                   ]: 1813 (Loss: 0.5203)
[=====                                   ]: 1814 (Loss: 0.4357)
[======                                  ]: 1815 (Loss: 0.5146)
[======                                  ]: 1816 (Loss: 0.4776)
[======                                  ]: 1817 (Loss: 0.5438)
[=======                                 ]: 1818 (Loss: 0.4726)
[=======                                 ]: 1819 (Loss: 0.4867)
[========                                ]: 1820 (Loss: 0.5125)
[========                                ]: 1821 (Loss: 0.5102)
[========                                ]: 1822 (Loss: 0.4361)
[=========                               ]: 1823 (Loss: 0.5469)
[=========                               ]: 1824 (Loss: 0.4171)
[==========                              ]: 1825 (Loss: 0.4710)
[==========                              ]: 1826 (Loss: 0.5441)
[==========                              ]: 1827 (Loss: 0.4222)
[===========                             ]: 1828 (Loss: 0.4019)
[===========                             ]: 1829 (Loss: 0.5097)
[============                            ]: 1830 (Loss: 0.4010)
[============                            ]: 1831 (Loss: 0.4527)
[============                            ]: 1832 (Loss: 0.4076)
[=============                           ]: 1833 (Loss: 0.5084)
[=============                           ]: 1834 (Loss: 0.3503)
[==============                          ]: 1835 (Loss: 0.3795)
[==============                          ]: 1836 (Loss: 0.4591)
[==============                          ]: 1837 (Loss: 0.5721)
[===============                         ]: 1838 (Loss: 0.4502)
[===============                         ]: 1839 (Loss: 0.6579)
[================                        ]: 1840 (Loss: 0.4555)
[================                        ]: 1841 (Loss: 0.4117)
[================                        ]: 1842 (Loss: 0.5048)
[=================                       ]: 1843 (Loss: 0.4829)
[=================                       ]: 1844 (Loss: 0.5339)
[==================                      ]: 1845 (Loss: 0.4977)
[==================                      ]: 1846 (Loss: 0.3673)
[==================                      ]: 1847 (Loss: 0.4071)
[===================                     ]: 1848 (Loss: 0.5596)
[===================                     ]: 1849 (Loss: 0.4555)
[====================                    ]: 1850 (Loss: 0.3610)
[====================                    ]: 1851 (Loss: 0.4499)
[====================                    ]: 1852 (Loss: 0.5297)
[=====================                   ]: 1853 (Loss: 0.5125)
[=====================                   ]: 1854 (Loss: 0.4907)
[======================                  ]: 1855 (Loss: 0.4389)
[======================                  ]: 1856 (Loss: 0.5501)
[======================                  ]: 1857 (Loss: 0.4891)
[=======================                 ]: 1858 (Loss: 0.5058)
[=======================                 ]: 1859 (Loss: 0.5426)
[========================                ]: 1860 (Loss: 0.5004)
[========================                ]: 1861 (Loss: 0.5017)
[========================                ]: 1862 (Loss: 0.5281)
[=========================               ]: 1863 (Loss: 0.4893)
[=========================               ]: 1864 (Loss: 0.4828)
[==========================              ]: 1865 (Loss: 0.4401)
[==========================              ]: 1866 (Loss: 0.4497)
[==========================              ]: 1867 (Loss: 0.5227)
[===========================             ]: 1868 (Loss: 0.5536)
[===========================             ]: 1869 (Loss: 0.4983)
[============================            ]: 1870 (Loss: 0.5127)
[============================            ]: 1871 (Loss: 0.5070)
[============================            ]: 1872 (Loss: 0.4644)
[=============================           ]: 1873 (Loss: 0.5558)
[=============================           ]: 1874 (Loss: 0.5397)
[==============================          ]: 1875 (Loss: 0.5012)
[==============================          ]: 1876 (Loss: 0.4471)
[==============================          ]: 1877 (Loss: 0.4165)
[===============================         ]: 1878 (Loss: 0.5669)
[===============================         ]: 1879 (Loss: 0.4752)
[================================        ]: 1880 (Loss: 0.4282)
[================================        ]: 1881 (Loss: 0.4702)
[================================        ]: 1882 (Loss: 0.4940)
[=================================       ]: 1883 (Loss: 0.5741)
[=================================       ]: 1884 (Loss: 0.5023)
[==================================      ]: 1885 (Loss: 0.4116)
[==================================      ]: 1886 (Loss: 0.4335)
[==================================      ]: 1887 (Loss: 0.4921)
[===================================     ]: 1888 (Loss: 0.5467)
[===================================     ]: 1889 (Loss: 0.4803)
[====================================    ]: 1890 (Loss: 0.3849)
[====================================    ]: 1891 (Loss: 0.4567)
[====================================    ]: 1892 (Loss: 0.3753)
[=====================================   ]: 1893 (Loss: 0.4865)
[=====================================   ]: 1894 (Loss: 0.3854)
[======================================  ]: 1895 (Loss: 0.3590)
[======================================  ]: 1896 (Loss: 0.4994)
[======================================  ]: 1897 (Loss: 0.3562)
[======================================= ]: 1898 (Loss: 0.5662)
[======================================= ]: 1899 (Loss: 0.4897)
[========================================]: 1900 (Loss: 0.4354)
                                                                                                    
[2026-07-16 21:13:35,032] [INFO] [__main__] Batch 1900 Loss: 0.475666 Cost: 9.42 Time: 167 ms/sequence

[                                        ]: 1901 (Loss: 0.5033)
[                                        ]: 1902 (Loss: 0.6107)
[=                                       ]: 1903 (Loss: 0.4115)
[=                                       ]: 1904 (Loss: 0.3507)
[==                                      ]: 1905 (Loss: 0.4986)
[==                                      ]: 1906 (Loss: 0.4717)
[==                                      ]: 1907 (Loss: 0.5592)
[===                                     ]: 1908 (Loss: 0.6431)
[===                                     ]: 1909 (Loss: 0.6788)
[====                                    ]: 1910 (Loss: 0.3583)
[====                                    ]: 1911 (Loss: 0.4100)
[====                                    ]: 1912 (Loss: 0.4788)
[=====                                   ]: 1913 (Loss: 0.5548)
[=====                                   ]: 1914 (Loss: 0.3946)
[======                                  ]: 1915 (Loss: 0.4294)
[======                                  ]: 1916 (Loss: 0.4965)
[======                                  ]: 1917 (Loss: 0.4140)
[=======                                 ]: 1918 (Loss: 0.4619)
[=======                                 ]: 1919 (Loss: 0.5179)
[========                                ]: 1920 (Loss: 0.5583)
[========                                ]: 1921 (Loss: 0.5288)
[========                                ]: 1922 (Loss: 0.4870)
[=========                               ]: 1923 (Loss: 0.4023)
[=========                               ]: 1924 (Loss: 0.4211)
[==========                              ]: 1925 (Loss: 0.5490)
[==========                              ]: 1926 (Loss: 0.3876)
[==========                              ]: 1927 (Loss: 0.3523)
[===========                             ]: 1928 (Loss: 0.5235)
[===========                             ]: 1929 (Loss: 0.4698)
[============                            ]: 1930 (Loss: 0.4833)
[============                            ]: 1931 (Loss: 0.5346)
[============                            ]: 1932 (Loss: 0.5044)
[=============                           ]: 1933 (Loss: 0.5356)
[=============                           ]: 1934 (Loss: 0.4898)
[==============                          ]: 1935 (Loss: 0.4213)
[==============                          ]: 1936 (Loss: 0.5497)
[==============                          ]: 1937 (Loss: 0.4224)
[===============                         ]: 1938 (Loss: 0.5228)
[===============                         ]: 1939 (Loss: 0.4324)
[================                        ]: 1940 (Loss: 0.4469)
[================                        ]: 1941 (Loss: 0.5272)
[================                        ]: 1942 (Loss: 0.4695)
[=================                       ]: 1943 (Loss: 0.3750)
[=================                       ]: 1944 (Loss: 0.5029)
[==================                      ]: 1945 (Loss: 0.4990)
[==================                      ]: 1946 (Loss: 0.4470)
[==================                      ]: 1947 (Loss: 0.4406)
[===================                     ]: 1948 (Loss: 0.5617)
[===================                     ]: 1949 (Loss: 0.4215)
[====================                    ]: 1950 (Loss: 0.4806)
[====================                    ]: 1951 (Loss: 0.5635)
[====================                    ]: 1952 (Loss: 0.4636)
[=====================                   ]: 1953 (Loss: 0.5759)
[=====================                   ]: 1954 (Loss: 0.4707)
[======================                  ]: 1955 (Loss: 0.4488)
[======================                  ]: 1956 (Loss: 0.4262)
[======================                  ]: 1957 (Loss: 0.5352)
[=======================                 ]: 1958 (Loss: 0.4808)
[=======================                 ]: 1959 (Loss: 0.4186)
[========================                ]: 1960 (Loss: 0.4777)
[========================                ]: 1961 (Loss: 0.3850)
[========================                ]: 1962 (Loss: 0.4289)
[=========================               ]: 1963 (Loss: 0.3994)
[=========================               ]: 1964 (Loss: 0.4782)
[==========================              ]: 1965 (Loss: 0.4368)
[==========================              ]: 1966 (Loss: 0.5260)
[==========================              ]: 1967 (Loss: 0.5092)
[===========================             ]: 1968 (Loss: 0.4755)
[===========================             ]: 1969 (Loss: 0.5308)
[============================            ]: 1970 (Loss: 0.4991)
[============================            ]: 1971 (Loss: 0.4768)
[============================            ]: 1972 (Loss: 0.5122)
[=============================           ]: 1973 (Loss: 0.4317)
[=============================           ]: 1974 (Loss: 0.4830)
[==============================          ]: 1975 (Loss: 0.4310)
[==============================          ]: 1976 (Loss: 0.4939)
[==============================          ]: 1977 (Loss: 0.4138)
[===============================         ]: 1978 (Loss: 0.4394)
[===============================         ]: 1979 (Loss: 0.5232)
[================================        ]: 1980 (Loss: 0.5251)
[================================        ]: 1981 (Loss: 0.4662)
[================================        ]: 1982 (Loss: 0.4287)
[=================================       ]: 1983 (Loss: 0.4256)
[=================================       ]: 1984 (Loss: 0.4349)
[==================================      ]: 1985 (Loss: 0.4345)
[==================================      ]: 1986 (Loss: 0.5291)
[==================================      ]: 1987 (Loss: 0.4941)
[===================================     ]: 1988 (Loss: 0.4293)
[===================================     ]: 1989 (Loss: 0.4726)
[====================================    ]: 1990 (Loss: 0.4017)
[====================================    ]: 1991 (Loss: 0.4311)
[====================================    ]: 1992 (Loss: 0.5483)
[=====================================   ]: 1993 (Loss: 0.4331)
[=====================================   ]: 1994 (Loss: 0.4709)
[======================================  ]: 1995 (Loss: 0.4069)
[======================================  ]: 1996 (Loss: 0.5563)
[======================================  ]: 1997 (Loss: 0.4541)
[======================================= ]: 1998 (Loss: 0.4997)
[======================================= ]: 1999 (Loss: 0.4533)
[========================================]: 2000 (Loss: 0.4845)
                                                                                                    
[2026-07-16 21:13:51,918] [INFO] [__main__] Batch 2000 Loss: 0.475066 Cost: 9.37 Time: 168 ms/sequence

                                                                                                    
[2026-07-16 21:13:51,920] [INFO] [__main__] Saving checkpoint to 'runs\copy_sanity_len5\copy\none\seed_1002\checkpoint-batch-00002000.pt'

[                                        ]: 2001 (Loss: 0.4182)
[                                        ]: 2002 (Loss: 0.4818)
[=                                       ]: 2003 (Loss: 0.4569)
[=                                       ]: 2004 (Loss: 0.4746)
[==                                      ]: 2005 (Loss: 0.4021)
[==                                      ]: 2006 (Loss: 0.4766)
[==                                      ]: 2007 (Loss: 0.4701)
[===                                     ]: 2008 (Loss: 0.4998)
[===                                     ]: 2009 (Loss: 0.4782)
[====                                    ]: 2010 (Loss: 0.4472)
[====                                    ]: 2011 (Loss: 0.3992)
[====                                    ]: 2012 (Loss: 0.3971)
[=====                                   ]: 2013 (Loss: 0.3980)
[=====                                   ]: 2014 (Loss: 0.5616)
[======                                  ]: 2015 (Loss: 0.5332)
[======                                  ]: 2016 (Loss: 0.4542)
[======                                  ]: 2017 (Loss: 0.4855)
[=======                                 ]: 2018 (Loss: 0.5261)
[=======                                 ]: 2019 (Loss: 0.4664)
[========                                ]: 2020 (Loss: 0.4858)
[========                                ]: 2021 (Loss: 0.5035)
[========                                ]: 2022 (Loss: 0.3797)
[=========                               ]: 2023 (Loss: 0.5104)
[=========                               ]: 2024 (Loss: 0.5640)
[==========                              ]: 2025 (Loss: 0.4558)
[==========                              ]: 2026 (Loss: 0.4653)
[==========                              ]: 2027 (Loss: 0.5559)
[===========                             ]: 2028 (Loss: 0.3729)
[===========                             ]: 2029 (Loss: 0.5289)
[============                            ]: 2030 (Loss: 0.4778)
[============                            ]: 2031 (Loss: 0.5072)
[============                            ]: 2032 (Loss: 0.5055)
[=============                           ]: 2033 (Loss: 0.5122)
[=============                           ]: 2034 (Loss: 0.5302)
[==============                          ]: 2035 (Loss: 0.5520)
[==============                          ]: 2036 (Loss: 0.4214)
[==============                          ]: 2037 (Loss: 0.3983)
[===============                         ]: 2038 (Loss: 0.4805)
[===============                         ]: 2039 (Loss: 0.3720)
[================                        ]: 2040 (Loss: 0.5097)
[================                        ]: 2041 (Loss: 0.4453)
[================                        ]: 2042 (Loss: 0.3738)
[=================                       ]: 2043 (Loss: 0.4315)
[=================                       ]: 2044 (Loss: 0.5282)
[==================                      ]: 2045 (Loss: 0.4054)
[==================                      ]: 2046 (Loss: 0.4316)
[==================                      ]: 2047 (Loss: 0.4907)
[===================                     ]: 2048 (Loss: 0.3527)
[===================                     ]: 2049 (Loss: 0.4695)
[====================                    ]: 2050 (Loss: 0.4504)
[====================                    ]: 2051 (Loss: 0.5079)
[====================                    ]: 2052 (Loss: 0.4441)
[=====================                   ]: 2053 (Loss: 0.5281)
[=====================                   ]: 2054 (Loss: 0.4099)
[======================                  ]: 2055 (Loss: 0.4783)
[======================                  ]: 2056 (Loss: 0.4762)
[======================                  ]: 2057 (Loss: 0.5544)
[=======================                 ]: 2058 (Loss: 0.4760)
[=======================                 ]: 2059 (Loss: 0.5504)
[========================                ]: 2060 (Loss: 0.4201)
[========================                ]: 2061 (Loss: 0.4793)
[========================                ]: 2062 (Loss: 0.4719)
[=========================               ]: 2063 (Loss: 0.5267)
[=========================               ]: 2064 (Loss: 0.5063)
[==========================              ]: 2065 (Loss: 0.4313)
[==========================              ]: 2066 (Loss: 0.4094)
[==========================              ]: 2067 (Loss: 0.4105)
[===========================             ]: 2068 (Loss: 0.4917)
[===========================             ]: 2069 (Loss: 0.5822)
[============================            ]: 2070 (Loss: 0.4996)
[============================            ]: 2071 (Loss: 0.3750)
[============================            ]: 2072 (Loss: 0.4635)
[=============================           ]: 2073 (Loss: 0.5200)
[=============================           ]: 2074 (Loss: 0.5000)
[==============================          ]: 2075 (Loss: 0.4967)
[==============================          ]: 2076 (Loss: 0.4868)
[==============================          ]: 2077 (Loss: 0.4241)
[===============================         ]: 2078 (Loss: 0.4025)
[===============================         ]: 2079 (Loss: 0.4136)
[================================        ]: 2080 (Loss: 0.3456)
[================================        ]: 2081 (Loss: 0.4953)
[================================        ]: 2082 (Loss: 0.5321)
[=================================       ]: 2083 (Loss: 0.4464)
[=================================       ]: 2084 (Loss: 0.4396)
[==================================      ]: 2085 (Loss: 0.5008)
[==================================      ]: 2086 (Loss: 0.5012)
[==================================      ]: 2087 (Loss: 0.5016)
[===================================     ]: 2088 (Loss: 0.5200)
[===================================     ]: 2089 (Loss: 0.5958)
[====================================    ]: 2090 (Loss: 0.3557)
[====================================    ]: 2091 (Loss: 0.3856)
[====================================    ]: 2092 (Loss: 0.5655)
[=====================================   ]: 2093 (Loss: 0.4276)
[=====================================   ]: 2094 (Loss: 0.4413)
[======================================  ]: 2095 (Loss: 0.5430)
[======================================  ]: 2096 (Loss: 0.4066)
[======================================  ]: 2097 (Loss: 0.4685)
[======================================= ]: 2098 (Loss: 0.4105)
[======================================= ]: 2099 (Loss: 0.5196)
[========================================]: 2100 (Loss: 0.5800)
                                                                                                    
[2026-07-16 21:14:09,161] [INFO] [__main__] Batch 2100 Loss: 0.470139 Cost: 9.37 Time: 172 ms/sequence

[                                        ]: 2101 (Loss: 0.4834)
[                                        ]: 2102 (Loss: 0.4697)
[=                                       ]: 2103 (Loss: 0.5135)
[=                                       ]: 2104 (Loss: 0.3730)
[==                                      ]: 2105 (Loss: 0.5083)
[==                                      ]: 2106 (Loss: 0.4606)
[==                                      ]: 2107 (Loss: 0.3864)
[===                                     ]: 2108 (Loss: 0.5375)
[===                                     ]: 2109 (Loss: 0.5020)
[====                                    ]: 2110 (Loss: 0.3889)
[====                                    ]: 2111 (Loss: 0.4454)
[====                                    ]: 2112 (Loss: 0.3955)
[=====                                   ]: 2113 (Loss: 0.3423)
[=====                                   ]: 2114 (Loss: 0.4028)
[======                                  ]: 2115 (Loss: 0.4426)
[======                                  ]: 2116 (Loss: 0.3657)
[======                                  ]: 2117 (Loss: 0.4938)
[=======                                 ]: 2118 (Loss: 0.5376)
[=======                                 ]: 2119 (Loss: 0.5158)
[========                                ]: 2120 (Loss: 0.4540)
[========                                ]: 2121 (Loss: 0.5142)
[========                                ]: 2122 (Loss: 0.5359)
[=========                               ]: 2123 (Loss: 0.4676)
[=========                               ]: 2124 (Loss: 0.2839)
[==========                              ]: 2125 (Loss: 0.3960)
[==========                              ]: 2126 (Loss: 0.4701)
[==========                              ]: 2127 (Loss: 0.4454)
[===========                             ]: 2128 (Loss: 0.5263)
[===========                             ]: 2129 (Loss: 0.4173)
[============                            ]: 2130 (Loss: 0.4426)
[============                            ]: 2131 (Loss: 0.4018)
[============                            ]: 2132 (Loss: 0.4401)
[=============                           ]: 2133 (Loss: 0.3941)
[=============                           ]: 2134 (Loss: 0.5492)
[==============                          ]: 2135 (Loss: 0.5126)
[==============                          ]: 2136 (Loss: 0.4722)
[==============                          ]: 2137 (Loss: 0.5136)
[===============                         ]: 2138 (Loss: 0.3601)
[===============                         ]: 2139 (Loss: 0.4443)
[================                        ]: 2140 (Loss: 0.4925)
[================                        ]: 2141 (Loss: 0.3702)
[================                        ]: 2142 (Loss: 0.5461)
[=================                       ]: 2143 (Loss: 0.5085)
[=================                       ]: 2144 (Loss: 0.3828)
[==================                      ]: 2145 (Loss: 0.5170)
[==================                      ]: 2146 (Loss: 0.4815)
[==================                      ]: 2147 (Loss: 0.5732)
[===================                     ]: 2148 (Loss: 0.4231)
[===================                     ]: 2149 (Loss: 0.4973)
[====================                    ]: 2150 (Loss: 0.4605)
[====================                    ]: 2151 (Loss: 0.3656)
[====================                    ]: 2152 (Loss: 0.4381)
[=====================                   ]: 2153 (Loss: 0.5593)
[=====================                   ]: 2154 (Loss: 0.4308)
[======================                  ]: 2155 (Loss: 0.4725)
[======================                  ]: 2156 (Loss: 0.5112)
[======================                  ]: 2157 (Loss: 0.4248)
[=======================                 ]: 2158 (Loss: 0.3981)
[=======================                 ]: 2159 (Loss: 0.4434)
[========================                ]: 2160 (Loss: 0.3833)
[========================                ]: 2161 (Loss: 0.4975)
[========================                ]: 2162 (Loss: 0.4650)
[=========================               ]: 2163 (Loss: 0.6863)
[=========================               ]: 2164 (Loss: 0.4448)
[==========================              ]: 2165 (Loss: 0.5455)
[==========================              ]: 2166 (Loss: 0.3924)
[==========================              ]: 2167 (Loss: 0.3929)
[===========================             ]: 2168 (Loss: 0.5595)
[===========================             ]: 2169 (Loss: 0.4172)
[============================            ]: 2170 (Loss: 0.5184)
[============================            ]: 2171 (Loss: 0.5706)
[============================            ]: 2172 (Loss: 0.4157)
[=============================           ]: 2173 (Loss: 0.4688)
[=============================           ]: 2174 (Loss: 0.4586)
[==============================          ]: 2175 (Loss: 0.5350)
[==============================          ]: 2176 (Loss: 0.5264)
[==============================          ]: 2177 (Loss: 0.4799)
[===============================         ]: 2178 (Loss: 0.4462)
[===============================         ]: 2179 (Loss: 0.4969)
[================================        ]: 2180 (Loss: 0.4509)
[================================        ]: 2181 (Loss: 0.3967)
[================================        ]: 2182 (Loss: 0.5502)
[=================================       ]: 2183 (Loss: 0.3685)
[=================================       ]: 2184 (Loss: 0.4837)
[==================================      ]: 2185 (Loss: 0.4882)
[==================================      ]: 2186 (Loss: 0.5164)
[==================================      ]: 2187 (Loss: 0.4849)
[===================================     ]: 2188 (Loss: 0.4625)
[===================================     ]: 2189 (Loss: 0.5232)
[====================================    ]: 2190 (Loss: 0.3690)
[====================================    ]: 2191 (Loss: 0.4573)
[====================================    ]: 2192 (Loss: 0.5111)
[=====================================   ]: 2193 (Loss: 0.4203)
[=====================================   ]: 2194 (Loss: 0.6041)
[======================================  ]: 2195 (Loss: 0.4588)
[======================================  ]: 2196 (Loss: 0.4622)
[======================================  ]: 2197 (Loss: 0.5290)
[======================================= ]: 2198 (Loss: 0.5556)
[======================================= ]: 2199 (Loss: 0.4720)
[========================================]: 2200 (Loss: 0.3771)
                                                                                                    
[2026-07-16 21:14:26,066] [INFO] [__main__] Batch 2200 Loss: 0.465448 Cost: 9.06 Time: 169 ms/sequence

[                                        ]: 2201 (Loss: 0.5146)
[                                        ]: 2202 (Loss: 0.4901)
[=                                       ]: 2203 (Loss: 0.4706)
[=                                       ]: 2204 (Loss: 0.3774)
[==                                      ]: 2205 (Loss: 0.3773)
[==                                      ]: 2206 (Loss: 0.4129)
[==                                      ]: 2207 (Loss: 0.3572)
[===                                     ]: 2208 (Loss: 0.4259)
[===                                     ]: 2209 (Loss: 0.5932)
[====                                    ]: 2210 (Loss: 0.3627)
[====                                    ]: 2211 (Loss: 0.5657)
[====                                    ]: 2212 (Loss: 0.6769)
[=====                                   ]: 2213 (Loss: 0.4867)
[=====                                   ]: 2214 (Loss: 0.5358)
[======                                  ]: 2215 (Loss: 0.4399)
[======                                  ]: 2216 (Loss: 0.3876)
[======                                  ]: 2217 (Loss: 0.4368)
[=======                                 ]: 2218 (Loss: 0.5255)
[=======                                 ]: 2219 (Loss: 0.4190)
[========                                ]: 2220 (Loss: 0.4036)
[========                                ]: 2221 (Loss: 0.4962)
[========                                ]: 2222 (Loss: 0.5386)
[=========                               ]: 2223 (Loss: 0.4466)
[=========                               ]: 2224 (Loss: 0.5279)
[==========                              ]: 2225 (Loss: 0.5398)
[==========                              ]: 2226 (Loss: 0.4887)
[==========                              ]: 2227 (Loss: 0.4798)
[===========                             ]: 2228 (Loss: 0.4708)
[===========                             ]: 2229 (Loss: 0.4323)
[============                            ]: 2230 (Loss: 0.5023)
[============                            ]: 2231 (Loss: 0.5112)
[============                            ]: 2232 (Loss: 0.5143)
[=============                           ]: 2233 (Loss: 0.3859)
[=============                           ]: 2234 (Loss: 0.4501)
[==============                          ]: 2235 (Loss: 0.5171)
[==============                          ]: 2236 (Loss: 0.4225)
[==============                          ]: 2237 (Loss: 0.4015)
[===============                         ]: 2238 (Loss: 0.2970)
[===============                         ]: 2239 (Loss: 0.4397)
[================                        ]: 2240 (Loss: 0.4625)
[================                        ]: 2241 (Loss: 0.5030)
[================                        ]: 2242 (Loss: 0.4778)
[=================                       ]: 2243 (Loss: 0.5275)
[=================                       ]: 2244 (Loss: 0.3885)
[==================                      ]: 2245 (Loss: 0.3826)
[==================                      ]: 2246 (Loss: 0.4897)
[==================                      ]: 2247 (Loss: 0.4319)
[===================                     ]: 2248 (Loss: 0.5189)
[===================                     ]: 2249 (Loss: 0.4376)
[====================                    ]: 2250 (Loss: 0.4797)
[====================                    ]: 2251 (Loss: 0.4751)
[====================                    ]: 2252 (Loss: 0.5546)
[=====================                   ]: 2253 (Loss: 0.5718)
[=====================                   ]: 2254 (Loss: 0.3559)
[======================                  ]: 2255 (Loss: 0.4202)
[======================                  ]: 2256 (Loss: 0.4750)
[======================                  ]: 2257 (Loss: 0.3661)
[=======================                 ]: 2258 (Loss: 0.4781)
[=======================                 ]: 2259 (Loss: 0.4204)
[========================                ]: 2260 (Loss: 0.4757)
[========================                ]: 2261 (Loss: 0.5588)
[========================                ]: 2262 (Loss: 0.3885)
[=========================               ]: 2263 (Loss: 0.3481)
[=========================               ]: 2264 (Loss: 0.4103)
[==========================              ]: 2265 (Loss: 0.4466)
[==========================              ]: 2266 (Loss: 0.4657)
[==========================              ]: 2267 (Loss: 0.5289)
[===========================             ]: 2268 (Loss: 0.4490)
[===========================             ]: 2269 (Loss: 0.3612)
[============================            ]: 2270 (Loss: 0.3805)
[============================            ]: 2271 (Loss: 0.3722)
[============================            ]: 2272 (Loss: 0.4915)
[=============================           ]: 2273 (Loss: 0.5043)
[=============================           ]: 2274 (Loss: 0.3980)
[==============================          ]: 2275 (Loss: 0.5050)
[==============================          ]: 2276 (Loss: 0.4441)
[==============================          ]: 2277 (Loss: 0.4602)
[===============================         ]: 2278 (Loss: 0.4097)
[===============================         ]: 2279 (Loss: 0.4265)
[================================        ]: 2280 (Loss: 0.4401)
[================================        ]: 2281 (Loss: 0.5382)
[================================        ]: 2282 (Loss: 0.5243)
[=================================       ]: 2283 (Loss: 0.4841)
[=================================       ]: 2284 (Loss: 0.5876)
[==================================      ]: 2285 (Loss: 0.4636)
[==================================      ]: 2286 (Loss: 0.4618)
[==================================      ]: 2287 (Loss: 0.5482)
[===================================     ]: 2288 (Loss: 0.4252)
[===================================     ]: 2289 (Loss: 0.4250)
[====================================    ]: 2290 (Loss: 0.5927)
[====================================    ]: 2291 (Loss: 0.5071)
[====================================    ]: 2292 (Loss: 0.5407)
[=====================================   ]: 2293 (Loss: 0.4075)
[=====================================   ]: 2294 (Loss: 0.3830)
[======================================  ]: 2295 (Loss: 0.5025)
[======================================  ]: 2296 (Loss: 0.3990)
[======================================  ]: 2297 (Loss: 0.6242)
[======================================= ]: 2298 (Loss: 0.4502)
[======================================= ]: 2299 (Loss: 0.4839)
[========================================]: 2300 (Loss: 0.4601)
                                                                                                    
[2026-07-16 21:14:42,975] [INFO] [__main__] Batch 2300 Loss: 0.464128 Cost: 9.19 Time: 169 ms/sequence

[                                        ]: 2301 (Loss: 0.4336)
[                                        ]: 2302 (Loss: 0.2857)
[=                                       ]: 2303 (Loss: 0.4684)
[=                                       ]: 2304 (Loss: 0.3854)
[==                                      ]: 2305 (Loss: 0.3970)
[==                                      ]: 2306 (Loss: 0.4640)
[==                                      ]: 2307 (Loss: 0.5105)
[===                                     ]: 2308 (Loss: 0.3849)
[===                                     ]: 2309 (Loss: 0.4878)
[====                                    ]: 2310 (Loss: 0.5845)
[====                                    ]: 2311 (Loss: 0.3458)
[====                                    ]: 2312 (Loss: 0.4518)
[=====                                   ]: 2313 (Loss: 0.5402)
[=====                                   ]: 2314 (Loss: 0.5196)
[======                                  ]: 2315 (Loss: 0.4432)
[======                                  ]: 2316 (Loss: 0.4910)
[======                                  ]: 2317 (Loss: 0.4199)
[=======                                 ]: 2318 (Loss: 0.5263)
[=======                                 ]: 2319 (Loss: 0.5580)
[========                                ]: 2320 (Loss: 0.4387)
[========                                ]: 2321 (Loss: 0.5755)
[========                                ]: 2322 (Loss: 0.4709)
[=========                               ]: 2323 (Loss: 0.5014)
[=========                               ]: 2324 (Loss: 0.4707)
[==========                              ]: 2325 (Loss: 0.4036)
[==========                              ]: 2326 (Loss: 0.4762)
[==========                              ]: 2327 (Loss: 0.3805)
[===========                             ]: 2328 (Loss: 0.4076)
[===========                             ]: 2329 (Loss: 0.4991)
[============                            ]: 2330 (Loss: 0.3608)
[============                            ]: 2331 (Loss: 0.4664)
[============                            ]: 2332 (Loss: 0.4645)
[=============                           ]: 2333 (Loss: 0.5910)
[=============                           ]: 2334 (Loss: 0.4104)
[==============                          ]: 2335 (Loss: 0.4532)
[==============                          ]: 2336 (Loss: 0.4036)
[==============                          ]: 2337 (Loss: 0.3370)
[===============                         ]: 2338 (Loss: 0.4294)
[===============                         ]: 2339 (Loss: 0.4613)
[================                        ]: 2340 (Loss: 0.4404)
[================                        ]: 2341 (Loss: 0.5335)
[================                        ]: 2342 (Loss: 0.5528)
[=================                       ]: 2343 (Loss: 0.3761)
[=================                       ]: 2344 (Loss: 0.4056)
[==================                      ]: 2345 (Loss: 0.4329)
[==================                      ]: 2346 (Loss: 0.4313)
[==================                      ]: 2347 (Loss: 0.4065)
[===================                     ]: 2348 (Loss: 0.4775)
[===================                     ]: 2349 (Loss: 0.5677)
[====================                    ]: 2350 (Loss: 0.5729)
[====================                    ]: 2351 (Loss: 0.4082)
[====================                    ]: 2352 (Loss: 0.4450)
[=====================                   ]: 2353 (Loss: 0.4914)
[=====================                   ]: 2354 (Loss: 0.3015)
[======================                  ]: 2355 (Loss: 0.4710)
[======================                  ]: 2356 (Loss: 0.3667)
[======================                  ]: 2357 (Loss: 0.4114)
[=======================                 ]: 2358 (Loss: 0.4489)
[=======================                 ]: 2359 (Loss: 0.3833)
[========================                ]: 2360 (Loss: 0.4750)
[========================                ]: 2361 (Loss: 0.4488)
[========================                ]: 2362 (Loss: 0.4531)
[=========================               ]: 2363 (Loss: 0.5123)
[=========================               ]: 2364 (Loss: 0.5001)
[==========================              ]: 2365 (Loss: 0.4607)
[==========================              ]: 2366 (Loss: 0.4595)
[==========================              ]: 2367 (Loss: 0.4844)
[===========================             ]: 2368 (Loss: 0.5679)
[===========================             ]: 2369 (Loss: 0.4478)
[============================            ]: 2370 (Loss: 0.4896)
[============================            ]: 2371 (Loss: 0.4107)
[============================            ]: 2372 (Loss: 0.4344)
[=============================           ]: 2373 (Loss: 0.4992)
[=============================           ]: 2374 (Loss: 0.3435)
[==============================          ]: 2375 (Loss: 0.4014)
[==============================          ]: 2376 (Loss: 0.5336)
[==============================          ]: 2377 (Loss: 0.4554)
[===============================         ]: 2378 (Loss: 0.4232)
[===============================         ]: 2379 (Loss: 0.4313)
[================================        ]: 2380 (Loss: 0.5507)
[================================        ]: 2381 (Loss: 0.4929)
[================================        ]: 2382 (Loss: 0.4370)
[=================================       ]: 2383 (Loss: 0.4209)
[=================================       ]: 2384 (Loss: 0.4959)
[==================================      ]: 2385 (Loss: 0.4035)
[==================================      ]: 2386 (Loss: 0.4221)
[==================================      ]: 2387 (Loss: 0.3476)
[===================================     ]: 2388 (Loss: 0.5423)
[===================================     ]: 2389 (Loss: 0.3417)
[====================================    ]: 2390 (Loss: 0.4495)
[====================================    ]: 2391 (Loss: 0.3773)
[====================================    ]: 2392 (Loss: 0.4790)
[=====================================   ]: 2393 (Loss: 0.4657)
[=====================================   ]: 2394 (Loss: 0.3768)
[======================================  ]: 2395 (Loss: 0.4053)
[======================================  ]: 2396 (Loss: 0.3712)
[======================================  ]: 2397 (Loss: 0.4612)
[======================================= ]: 2398 (Loss: 0.4765)
[======================================= ]: 2399 (Loss: 0.4708)
[========================================]: 2400 (Loss: 0.4656)
                                                                                                    
[2026-07-16 21:15:00,033] [INFO] [__main__] Batch 2400 Loss: 0.451095 Cost: 8.79 Time: 170 ms/sequence

[                                        ]: 2401 (Loss: 0.4253)
[                                        ]: 2402 (Loss: 0.4030)
[=                                       ]: 2403 (Loss: 0.4658)
[=                                       ]: 2404 (Loss: 0.5663)
[==                                      ]: 2405 (Loss: 0.4825)
[==                                      ]: 2406 (Loss: 0.4249)
[==                                      ]: 2407 (Loss: 0.4181)
[===                                     ]: 2408 (Loss: 0.4667)
[===                                     ]: 2409 (Loss: 0.5139)
[====                                    ]: 2410 (Loss: 0.5587)
[====                                    ]: 2411 (Loss: 0.4739)
[====                                    ]: 2412 (Loss: 0.3729)
[=====                                   ]: 2413 (Loss: 0.4816)
[=====                                   ]: 2414 (Loss: 0.5047)
[======                                  ]: 2415 (Loss: 0.4577)
[======                                  ]: 2416 (Loss: 0.3953)
[======                                  ]: 2417 (Loss: 0.4203)
[=======                                 ]: 2418 (Loss: 0.4879)
[=======                                 ]: 2419 (Loss: 0.4157)
[========                                ]: 2420 (Loss: 0.5582)
[========                                ]: 2421 (Loss: 0.4544)
[========                                ]: 2422 (Loss: 0.4987)
[=========                               ]: 2423 (Loss: 0.4262)
[=========                               ]: 2424 (Loss: 0.5039)
[==========                              ]: 2425 (Loss: 0.5819)
[==========                              ]: 2426 (Loss: 0.3658)
[==========                              ]: 2427 (Loss: 0.5008)
[===========                             ]: 2428 (Loss: 0.4299)
[===========                             ]: 2429 (Loss: 0.5149)
[============                            ]: 2430 (Loss: 0.4488)
[============                            ]: 2431 (Loss: 0.4749)
[============                            ]: 2432 (Loss: 0.4460)
[=============                           ]: 2433 (Loss: 0.4229)
[=============                           ]: 2434 (Loss: 0.4527)
[==============                          ]: 2435 (Loss: 0.3651)
[==============                          ]: 2436 (Loss: 0.4204)
[==============                          ]: 2437 (Loss: 0.4296)
[===============                         ]: 2438 (Loss: 0.3831)
[===============                         ]: 2439 (Loss: 0.6103)
[================                        ]: 2440 (Loss: 0.4967)
[================                        ]: 2441 (Loss: 0.4649)
[================                        ]: 2442 (Loss: 0.4988)
[=================                       ]: 2443 (Loss: 0.3352)
[=================                       ]: 2444 (Loss: 0.4044)
[==================                      ]: 2445 (Loss: 0.4062)
[==================                      ]: 2446 (Loss: 0.5392)
[==================                      ]: 2447 (Loss: 0.3926)
[===================                     ]: 2448 (Loss: 0.3673)
[===================                     ]: 2449 (Loss: 0.5484)
[====================                    ]: 2450 (Loss: 0.4678)
[====================                    ]: 2451 (Loss: 0.4154)
[====================                    ]: 2452 (Loss: 0.3862)
[=====================                   ]: 2453 (Loss: 0.5996)
[=====================                   ]: 2454 (Loss: 0.4516)
[======================                  ]: 2455 (Loss: 0.3692)
[======================                  ]: 2456 (Loss: 0.3701)
[======================                  ]: 2457 (Loss: 0.3958)
[=======================                 ]: 2458 (Loss: 0.4166)
[=======================                 ]: 2459 (Loss: 0.4105)
[========================                ]: 2460 (Loss: 0.4327)
[========================                ]: 2461 (Loss: 0.3519)
[========================                ]: 2462 (Loss: 0.3974)
[=========================               ]: 2463 (Loss: 0.3966)
[=========================               ]: 2464 (Loss: 0.4320)
[==========================              ]: 2465 (Loss: 0.4088)
[==========================              ]: 2466 (Loss: 0.4397)
[==========================              ]: 2467 (Loss: 0.3786)
[===========================             ]: 2468 (Loss: 0.4572)
[===========================             ]: 2469 (Loss: 0.3661)
[============================            ]: 2470 (Loss: 0.4878)
[============================            ]: 2471 (Loss: 0.4879)
[============================            ]: 2472 (Loss: 0.4399)
[=============================           ]: 2473 (Loss: 0.3865)
[=============================           ]: 2474 (Loss: 0.3808)
[==============================          ]: 2475 (Loss: 0.3941)
[==============================          ]: 2476 (Loss: 0.5747)
[==============================          ]: 2477 (Loss: 0.4326)
[===============================         ]: 2478 (Loss: 0.2879)
[===============================         ]: 2479 (Loss: 0.4920)
[================================        ]: 2480 (Loss: 0.3693)
[================================        ]: 2481 (Loss: 0.4889)
[================================        ]: 2482 (Loss: 0.3815)
[=================================       ]: 2483 (Loss: 0.3805)
[=================================       ]: 2484 (Loss: 0.3614)
[==================================      ]: 2485 (Loss: 0.4011)
[==================================      ]: 2486 (Loss: 0.4821)
[==================================      ]: 2487 (Loss: 0.4187)
[===================================     ]: 2488 (Loss: 0.4562)
[===================================     ]: 2489 (Loss: 0.3832)
[====================================    ]: 2490 (Loss: 0.3853)
[====================================    ]: 2491 (Loss: 0.3366)
[====================================    ]: 2492 (Loss: 0.4924)
[=====================================   ]: 2493 (Loss: 0.3829)
[=====================================   ]: 2494 (Loss: 0.2923)
[======================================  ]: 2495 (Loss: 0.3236)
[======================================  ]: 2496 (Loss: 0.4738)
[======================================  ]: 2497 (Loss: 0.2950)
[======================================= ]: 2498 (Loss: 0.3990)
[======================================= ]: 2499 (Loss: 0.4894)
[========================================]: 2500 (Loss: 0.3607)
                                                                                                    
[2026-07-16 21:15:16,993] [INFO] [__main__] Batch 2500 Loss: 0.435387 Cost: 8.72 Time: 169 ms/sequence

[                                        ]: 2501 (Loss: 0.6472)
[                                        ]: 2502 (Loss: 0.4677)
[=                                       ]: 2503 (Loss: 0.4713)
[=                                       ]: 2504 (Loss: 0.3324)
[==                                      ]: 2505 (Loss: 0.4613)
[==                                      ]: 2506 (Loss: 0.6295)
[==                                      ]: 2507 (Loss: 0.4126)
[===                                     ]: 2508 (Loss: 0.5314)
[===                                     ]: 2509 (Loss: 0.4601)
[====                                    ]: 2510 (Loss: 0.4969)
[====                                    ]: 2511 (Loss: 0.6685)
[====                                    ]: 2512 (Loss: 0.3376)
[=====                                   ]: 2513 (Loss: 0.3219)
[=====                                   ]: 2514 (Loss: 0.4376)
[======                                  ]: 2515 (Loss: 0.3626)
[======                                  ]: 2516 (Loss: 0.4319)
[======                                  ]: 2517 (Loss: 0.4675)
[=======                                 ]: 2518 (Loss: 0.4413)
[=======                                 ]: 2519 (Loss: 0.3396)
[========                                ]: 2520 (Loss: 0.4954)
[========                                ]: 2521 (Loss: 0.3281)
[========                                ]: 2522 (Loss: 0.5243)
[=========                               ]: 2523 (Loss: 0.3990)
[=========                               ]: 2524 (Loss: 0.4184)
[==========                              ]: 2525 (Loss: 0.4325)
[==========                              ]: 2526 (Loss: 0.4868)
[==========                              ]: 2527 (Loss: 0.4710)
[===========                             ]: 2528 (Loss: 0.5075)
[===========                             ]: 2529 (Loss: 0.4693)
[============                            ]: 2530 (Loss: 0.4229)
[============                            ]: 2531 (Loss: 0.5007)
[============                            ]: 2532 (Loss: 0.4129)
[=============                           ]: 2533 (Loss: 0.3582)
[=============                           ]: 2534 (Loss: 0.4185)
[==============                          ]: 2535 (Loss: 0.4150)
[==============                          ]: 2536 (Loss: 0.4259)
[==============                          ]: 2537 (Loss: 0.4786)
[===============                         ]: 2538 (Loss: 0.5480)
[===============                         ]: 2539 (Loss: 0.5265)
[================                        ]: 2540 (Loss: 0.4468)
[================                        ]: 2541 (Loss: 0.3464)
[================                        ]: 2542 (Loss: 0.3926)
[=================                       ]: 2543 (Loss: 0.4893)
[=================                       ]: 2544 (Loss: 0.4529)
[==================                      ]: 2545 (Loss: 0.5434)
[==================                      ]: 2546 (Loss: 0.3624)
[==================                      ]: 2547 (Loss: 0.4537)
[===================                     ]: 2548 (Loss: 0.5376)
[===================                     ]: 2549 (Loss: 0.3909)
[====================                    ]: 2550 (Loss: 0.3556)
[====================                    ]: 2551 (Loss: 0.6282)
[====================                    ]: 2552 (Loss: 0.4047)
[=====================                   ]: 2553 (Loss: 0.4369)
[=====================                   ]: 2554 (Loss: 0.4796)
[======================                  ]: 2555 (Loss: 0.4627)
[======================                  ]: 2556 (Loss: 0.4025)
[======================                  ]: 2557 (Loss: 0.4130)
[=======================                 ]: 2558 (Loss: 0.3767)
[=======================                 ]: 2559 (Loss: 0.4556)
[========================                ]: 2560 (Loss: 0.5822)
[========================                ]: 2561 (Loss: 0.4665)
[========================                ]: 2562 (Loss: 0.4534)
[=========================               ]: 2563 (Loss: 0.4448)
[=========================               ]: 2564 (Loss: 0.3727)
[==========================              ]: 2565 (Loss: 0.4265)
[==========================              ]: 2566 (Loss: 0.2923)
[==========================              ]: 2567 (Loss: 0.4187)
[===========================             ]: 2568 (Loss: 0.4184)
[===========================             ]: 2569 (Loss: 0.3747)
[============================            ]: 2570 (Loss: 0.4032)
[============================            ]: 2571 (Loss: 0.5299)
[============================            ]: 2572 (Loss: 0.4419)
[=============================           ]: 2573 (Loss: 0.4943)
[=============================           ]: 2574 (Loss: 0.4222)
[==============================          ]: 2575 (Loss: 0.5651)
[==============================          ]: 2576 (Loss: 0.4427)
[==============================          ]: 2577 (Loss: 0.4684)
[===============================         ]: 2578 (Loss: 0.3367)
[===============================         ]: 2579 (Loss: 0.4128)
[================================        ]: 2580 (Loss: 0.4286)
[================================        ]: 2581 (Loss: 0.5212)
[================================        ]: 2582 (Loss: 0.4757)
[=================================       ]: 2583 (Loss: 0.4034)
[=================================       ]: 2584 (Loss: 0.3973)
[==================================      ]: 2585 (Loss: 0.4371)
[==================================      ]: 2586 (Loss: 0.4604)
[==================================      ]: 2587 (Loss: 0.4334)
[===================================     ]: 2588 (Loss: 0.3316)
[===================================     ]: 2589 (Loss: 0.4367)
[====================================    ]: 2590 (Loss: 0.4202)
[====================================    ]: 2591 (Loss: 0.4273)
[====================================    ]: 2592 (Loss: 0.3987)
[=====================================   ]: 2593 (Loss: 0.4478)
[=====================================   ]: 2594 (Loss: 0.4488)
[======================================  ]: 2595 (Loss: 0.3959)
[======================================  ]: 2596 (Loss: 0.4220)
[======================================  ]: 2597 (Loss: 0.4401)
[======================================= ]: 2598 (Loss: 0.4854)
[======================================= ]: 2599 (Loss: 0.3343)
[========================================]: 2600 (Loss: 0.3821)
                                                                                                    
[2026-07-16 21:15:34,170] [INFO] [__main__] Batch 2600 Loss: 0.442849 Cost: 8.50 Time: 171 ms/sequence

[                                        ]: 2601 (Loss: 0.4620)
[                                        ]: 2602 (Loss: 0.3773)
[=                                       ]: 2603 (Loss: 0.3125)
[=                                       ]: 2604 (Loss: 0.4304)
[==                                      ]: 2605 (Loss: 0.4334)
[==                                      ]: 2606 (Loss: 0.4575)
[==                                      ]: 2607 (Loss: 0.4833)
[===                                     ]: 2608 (Loss: 0.3414)
[===                                     ]: 2609 (Loss: 0.3793)
[====                                    ]: 2610 (Loss: 0.5087)
[====                                    ]: 2611 (Loss: 0.5456)
[====                                    ]: 2612 (Loss: 0.4052)
[=====                                   ]: 2613 (Loss: 0.3985)
[=====                                   ]: 2614 (Loss: 0.3944)
[======                                  ]: 2615 (Loss: 0.4254)
[======                                  ]: 2616 (Loss: 0.4114)
[======                                  ]: 2617 (Loss: 0.6032)
[=======                                 ]: 2618 (Loss: 0.4687)
[=======                                 ]: 2619 (Loss: 0.4904)
[========                                ]: 2620 (Loss: 0.3426)
[========                                ]: 2621 (Loss: 0.4157)
[========                                ]: 2622 (Loss: 0.3908)
[=========                               ]: 2623 (Loss: 0.5757)
[=========                               ]: 2624 (Loss: 0.3163)
[==========                              ]: 2625 (Loss: 0.5443)
[==========                              ]: 2626 (Loss: 0.4727)
[==========                              ]: 2627 (Loss: 0.5071)
[===========                             ]: 2628 (Loss: 0.4822)
[===========                             ]: 2629 (Loss: 0.4033)
[============                            ]: 2630 (Loss: 0.3601)
[============                            ]: 2631 (Loss: 0.4727)
[============                            ]: 2632 (Loss: 0.3724)
[=============                           ]: 2633 (Loss: 0.3841)
[=============                           ]: 2634 (Loss: 0.4743)
[==============                          ]: 2635 (Loss: 0.4633)
[==============                          ]: 2636 (Loss: 0.5612)
[==============                          ]: 2637 (Loss: 0.3129)
[===============                         ]: 2638 (Loss: 0.3177)
[===============                         ]: 2639 (Loss: 0.4674)
[================                        ]: 2640 (Loss: 0.4892)
[================                        ]: 2641 (Loss: 0.3637)
[================                        ]: 2642 (Loss: 0.3959)
[=================                       ]: 2643 (Loss: 0.4911)
[=================                       ]: 2644 (Loss: 0.4326)
[==================                      ]: 2645 (Loss: 0.4045)
[==================                      ]: 2646 (Loss: 0.4379)
[==================                      ]: 2647 (Loss: 0.5801)
[===================                     ]: 2648 (Loss: 0.4374)
[===================                     ]: 2649 (Loss: 0.4723)
[====================                    ]: 2650 (Loss: 0.5513)
[====================                    ]: 2651 (Loss: 0.3889)
[====================                    ]: 2652 (Loss: 0.4288)
[=====================                   ]: 2653 (Loss: 0.5141)
[=====================                   ]: 2654 (Loss: 0.3471)
[======================                  ]: 2655 (Loss: 0.4668)
[======================                  ]: 2656 (Loss: 0.4823)
[======================                  ]: 2657 (Loss: 0.4760)
[=======================                 ]: 2658 (Loss: 0.3991)
[=======================                 ]: 2659 (Loss: 0.5086)
[========================                ]: 2660 (Loss: 0.4302)
[========================                ]: 2661 (Loss: 0.4544)
[========================                ]: 2662 (Loss: 0.5046)
[=========================               ]: 2663 (Loss: 0.4550)
[=========================               ]: 2664 (Loss: 0.3969)
[==========================              ]: 2665 (Loss: 0.5509)
[==========================              ]: 2666 (Loss: 0.4279)
[==========================              ]: 2667 (Loss: 0.3839)
[===========================             ]: 2668 (Loss: 0.5231)
[===========================             ]: 2669 (Loss: 0.3905)
[============================            ]: 2670 (Loss: 0.3170)
[============================            ]: 2671 (Loss: 0.3651)
[============================            ]: 2672 (Loss: 0.4700)
[=============================           ]: 2673 (Loss: 0.4375)
[=============================           ]: 2674 (Loss: 0.4333)
[==============================          ]: 2675 (Loss: 0.4937)
[==============================          ]: 2676 (Loss: 0.3449)
[==============================          ]: 2677 (Loss: 0.3862)
[===============================         ]: 2678 (Loss: 0.3883)
[===============================         ]: 2679 (Loss: 0.5004)
[================================        ]: 2680 (Loss: 0.4304)
[================================        ]: 2681 (Loss: 0.4753)
[================================        ]: 2682 (Loss: 0.4051)
[=================================       ]: 2683 (Loss: 0.3355)
[=================================       ]: 2684 (Loss: 0.4378)
[==================================      ]: 2685 (Loss: 0.4367)
[==================================      ]: 2686 (Loss: 0.3245)
[==================================      ]: 2687 (Loss: 0.5122)
[===================================     ]: 2688 (Loss: 0.4298)
[===================================     ]: 2689 (Loss: 0.3717)
[====================================    ]: 2690 (Loss: 0.3982)
[====================================    ]: 2691 (Loss: 0.4544)
[====================================    ]: 2692 (Loss: 0.4241)
[=====================================   ]: 2693 (Loss: 0.4393)
[=====================================   ]: 2694 (Loss: 0.4017)
[======================================  ]: 2695 (Loss: 0.4631)
[======================================  ]: 2696 (Loss: 0.5132)
[======================================  ]: 2697 (Loss: 0.5075)
[======================================= ]: 2698 (Loss: 0.3996)
[======================================= ]: 2699 (Loss: 0.4875)
[========================================]: 2700 (Loss: 0.3738)
                                                                                                    
[2026-07-16 21:15:50,967] [INFO] [__main__] Batch 2700 Loss: 0.437084 Cost: 8.70 Time: 167 ms/sequence

[                                        ]: 2701 (Loss: 0.4582)
[                                        ]: 2702 (Loss: 0.4837)
[=                                       ]: 2703 (Loss: 0.4107)
[=                                       ]: 2704 (Loss: 0.5611)
[==                                      ]: 2705 (Loss: 0.3498)
[==                                      ]: 2706 (Loss: 0.4906)
[==                                      ]: 2707 (Loss: 0.5709)
[===                                     ]: 2708 (Loss: 0.3649)
[===                                     ]: 2709 (Loss: 0.4680)
[====                                    ]: 2710 (Loss: 0.4890)
[====                                    ]: 2711 (Loss: 0.4319)
[====                                    ]: 2712 (Loss: 0.5302)
[=====                                   ]: 2713 (Loss: 0.4391)
[=====                                   ]: 2714 (Loss: 0.4189)
[======                                  ]: 2715 (Loss: 0.3126)
[======                                  ]: 2716 (Loss: 0.4166)
[======                                  ]: 2717 (Loss: 0.5234)
[=======                                 ]: 2718 (Loss: 0.4795)
[=======                                 ]: 2719 (Loss: 0.4655)
[========                                ]: 2720 (Loss: 0.5104)
[========                                ]: 2721 (Loss: 0.4587)
[========                                ]: 2722 (Loss: 0.4811)
[=========                               ]: 2723 (Loss: 0.4232)
[=========                               ]: 2724 (Loss: 0.3498)
[==========                              ]: 2725 (Loss: 0.3848)
[==========                              ]: 2726 (Loss: 0.3896)
[==========                              ]: 2727 (Loss: 0.3610)
[===========                             ]: 2728 (Loss: 0.4853)
[===========                             ]: 2729 (Loss: 0.3244)
[============                            ]: 2730 (Loss: 0.4237)
[============                            ]: 2731 (Loss: 0.4383)
[============                            ]: 2732 (Loss: 0.5786)
[=============                           ]: 2733 (Loss: 0.4960)
[=============                           ]: 2734 (Loss: 0.3962)
[==============                          ]: 2735 (Loss: 0.2886)
[==============                          ]: 2736 (Loss: 0.3702)
[==============                          ]: 2737 (Loss: 0.4125)
[===============                         ]: 2738 (Loss: 0.5375)
[===============                         ]: 2739 (Loss: 0.3132)
[================                        ]: 2740 (Loss: 0.3597)
[================                        ]: 2741 (Loss: 0.5344)
[================                        ]: 2742 (Loss: 0.4813)
[=================                       ]: 2743 (Loss: 0.4744)
[=================                       ]: 2744 (Loss: 0.4394)
[==================                      ]: 2745 (Loss: 0.5655)
[==================                      ]: 2746 (Loss: 0.4221)
[==================                      ]: 2747 (Loss: 0.5246)
[===================                     ]: 2748 (Loss: 0.4280)
[===================                     ]: 2749 (Loss: 0.2850)
[====================                    ]: 2750 (Loss: 0.3598)
[====================                    ]: 2751 (Loss: 0.2743)
[====================                    ]: 2752 (Loss: 0.4215)
[=====================                   ]: 2753 (Loss: 0.4743)
[=====================                   ]: 2754 (Loss: 0.5019)
[======================                  ]: 2755 (Loss: 0.4428)
[======================                  ]: 2756 (Loss: 0.5380)
[======================                  ]: 2757 (Loss: 0.4588)
[=======================                 ]: 2758 (Loss: 0.4375)
[=======================                 ]: 2759 (Loss: 0.3663)
[========================                ]: 2760 (Loss: 0.3613)
[========================                ]: 2761 (Loss: 0.4382)
[========================                ]: 2762 (Loss: 0.4565)
[=========================               ]: 2763 (Loss: 0.4456)
[=========================               ]: 2764 (Loss: 0.3815)
[==========================              ]: 2765 (Loss: 0.4613)
[==========================              ]: 2766 (Loss: 0.3827)
[==========================              ]: 2767 (Loss: 0.3412)
[===========================             ]: 2768 (Loss: 0.3714)
[===========================             ]: 2769 (Loss: 0.3647)
[============================            ]: 2770 (Loss: 0.4460)
[============================            ]: 2771 (Loss: 0.4253)
[============================            ]: 2772 (Loss: 0.4232)
[=============================           ]: 2773 (Loss: 0.5074)
[=============================           ]: 2774 (Loss: 0.5528)
[==============================          ]: 2775 (Loss: 0.3770)
[==============================          ]: 2776 (Loss: 0.5762)
[==============================          ]: 2777 (Loss: 0.4913)
[===============================         ]: 2778 (Loss: 0.4322)
[===============================         ]: 2779 (Loss: 0.3821)
[================================        ]: 2780 (Loss: 0.4549)
[================================        ]: 2781 (Loss: 0.6347)
[================================        ]: 2782 (Loss: 0.3140)
[=================================       ]: 2783 (Loss: 0.5542)
[=================================       ]: 2784 (Loss: 0.5286)
[==================================      ]: 2785 (Loss: 0.3587)
[==================================      ]: 2786 (Loss: 0.4568)
[==================================      ]: 2787 (Loss: 0.4045)
[===================================     ]: 2788 (Loss: 0.4127)
[===================================     ]: 2789 (Loss: 0.4703)
[====================================    ]: 2790 (Loss: 0.3524)
[====================================    ]: 2791 (Loss: 0.4732)
[====================================    ]: 2792 (Loss: 0.4144)
[=====================================   ]: 2793 (Loss: 0.5064)
[=====================================   ]: 2794 (Loss: 0.5029)
[======================================  ]: 2795 (Loss: 0.4039)
[======================================  ]: 2796 (Loss: 0.4782)
[======================================  ]: 2797 (Loss: 0.4311)
[======================================= ]: 2798 (Loss: 0.5123)
[======================================= ]: 2799 (Loss: 0.4830)
[========================================]: 2800 (Loss: 0.3854)
                                                                                                    
[2026-07-16 21:16:07,889] [INFO] [__main__] Batch 2800 Loss: 0.440274 Cost: 8.54 Time: 169 ms/sequence

[                                        ]: 2801 (Loss: 0.4206)
[                                        ]: 2802 (Loss: 0.3380)
[=                                       ]: 2803 (Loss: 0.5174)
[=                                       ]: 2804 (Loss: 0.3792)
[==                                      ]: 2805 (Loss: 0.4250)
[==                                      ]: 2806 (Loss: 0.4028)
[==                                      ]: 2807 (Loss: 0.3886)
[===                                     ]: 2808 (Loss: 0.4686)
[===                                     ]: 2809 (Loss: 0.4096)
[====                                    ]: 2810 (Loss: 0.4553)
[====                                    ]: 2811 (Loss: 0.4370)
[====                                    ]: 2812 (Loss: 0.3345)
[=====                                   ]: 2813 (Loss: 0.4246)
[=====                                   ]: 2814 (Loss: 0.3472)
[======                                  ]: 2815 (Loss: 0.3656)
[======                                  ]: 2816 (Loss: 0.3961)
[======                                  ]: 2817 (Loss: 0.4225)
[=======                                 ]: 2818 (Loss: 0.4108)
[=======                                 ]: 2819 (Loss: 0.4356)
[========                                ]: 2820 (Loss: 0.4427)
[========                                ]: 2821 (Loss: 0.3691)
[========                                ]: 2822 (Loss: 0.4988)
[=========                               ]: 2823 (Loss: 0.4885)
[=========                               ]: 2824 (Loss: 0.6082)
[==========                              ]: 2825 (Loss: 0.5085)
[==========                              ]: 2826 (Loss: 0.3362)
[==========                              ]: 2827 (Loss: 0.4773)
[===========                             ]: 2828 (Loss: 0.5383)
[===========                             ]: 2829 (Loss: 0.4361)
[============                            ]: 2830 (Loss: 0.4200)
[============                            ]: 2831 (Loss: 0.5650)
[============                            ]: 2832 (Loss: 0.4556)
[=============                           ]: 2833 (Loss: 0.4741)
[=============                           ]: 2834 (Loss: 0.4615)
[==============                          ]: 2835 (Loss: 0.4801)
[==============                          ]: 2836 (Loss: 0.3758)
[==============                          ]: 2837 (Loss: 0.4816)
[===============                         ]: 2838 (Loss: 0.4545)
[===============                         ]: 2839 (Loss: 0.5167)
[================                        ]: 2840 (Loss: 0.4431)
[================                        ]: 2841 (Loss: 0.3213)
[================                        ]: 2842 (Loss: 0.4912)
[=================                       ]: 2843 (Loss: 0.3618)
[=================                       ]: 2844 (Loss: 0.4648)
[==================                      ]: 2845 (Loss: 0.4663)
[==================                      ]: 2846 (Loss: 0.3502)
[==================                      ]: 2847 (Loss: 0.4061)
[===================                     ]: 2848 (Loss: 0.4226)
[===================                     ]: 2849 (Loss: 0.3863)
[====================                    ]: 2850 (Loss: 0.4750)
[====================                    ]: 2851 (Loss: 0.4292)
[====================                    ]: 2852 (Loss: 0.5797)
[=====================                   ]: 2853 (Loss: 0.4451)
[=====================                   ]: 2854 (Loss: 0.4300)
[======================                  ]: 2855 (Loss: 0.4448)
[======================                  ]: 2856 (Loss: 0.5001)
[======================                  ]: 2857 (Loss: 0.4386)
[=======================                 ]: 2858 (Loss: 0.5872)
[=======================                 ]: 2859 (Loss: 0.4236)
[========================                ]: 2860 (Loss: 0.3780)
[========================                ]: 2861 (Loss: 0.4117)
[========================                ]: 2862 (Loss: 0.4098)
[=========================               ]: 2863 (Loss: 0.4167)
[=========================               ]: 2864 (Loss: 0.3777)
[==========================              ]: 2865 (Loss: 0.3446)
[==========================              ]: 2866 (Loss: 0.5365)
[==========================              ]: 2867 (Loss: 0.2544)
[===========================             ]: 2868 (Loss: 0.3700)
[===========================             ]: 2869 (Loss: 0.5347)
[============================            ]: 2870 (Loss: 0.3999)
[============================            ]: 2871 (Loss: 0.4286)
[============================            ]: 2872 (Loss: 0.3687)
[=============================           ]: 2873 (Loss: 0.3965)
[=============================           ]: 2874 (Loss: 0.4578)
[==============================          ]: 2875 (Loss: 0.3753)
[==============================          ]: 2876 (Loss: 0.4349)
[==============================          ]: 2877 (Loss: 0.3307)
[===============================         ]: 2878 (Loss: 0.3694)
[===============================         ]: 2879 (Loss: 0.4321)
[================================        ]: 2880 (Loss: 0.3843)
[================================        ]: 2881 (Loss: 0.5017)
[================================        ]: 2882 (Loss: 0.3965)
[=================================       ]: 2883 (Loss: 0.4464)
[=================================       ]: 2884 (Loss: 0.4821)
[==================================      ]: 2885 (Loss: 0.5278)
[==================================      ]: 2886 (Loss: 0.5277)
[==================================      ]: 2887 (Loss: 0.5510)
[===================================     ]: 2888 (Loss: 0.3664)
[===================================     ]: 2889 (Loss: 0.4659)
[====================================    ]: 2890 (Loss: 0.3371)
[====================================    ]: 2891 (Loss: 0.3695)
[====================================    ]: 2892 (Loss: 0.4857)
[=====================================   ]: 2893 (Loss: 0.4793)
[=====================================   ]: 2894 (Loss: 0.3831)
[======================================  ]: 2895 (Loss: 0.4026)
[======================================  ]: 2896 (Loss: 0.4150)
[======================================  ]: 2897 (Loss: 0.3240)
[======================================= ]: 2898 (Loss: 0.4009)
[======================================= ]: 2899 (Loss: 0.3454)
[========================================]: 2900 (Loss: 0.4977)
                                                                                                    
[2026-07-16 21:16:25,259] [INFO] [__main__] Batch 2900 Loss: 0.431525 Cost: 8.57 Time: 173 ms/sequence

[                                        ]: 2901 (Loss: 0.3772)
[                                        ]: 2902 (Loss: 0.4440)
[=                                       ]: 2903 (Loss: 0.6230)
[=                                       ]: 2904 (Loss: 0.3389)
[==                                      ]: 2905 (Loss: 0.4323)
[==                                      ]: 2906 (Loss: 0.4717)
[==                                      ]: 2907 (Loss: 0.4601)
[===                                     ]: 2908 (Loss: 0.5190)
[===                                     ]: 2909 (Loss: 0.3909)
[====                                    ]: 2910 (Loss: 0.5347)
[====                                    ]: 2911 (Loss: 0.4011)
[====                                    ]: 2912 (Loss: 0.4172)
[=====                                   ]: 2913 (Loss: 0.3528)
[=====                                   ]: 2914 (Loss: 0.4801)
[======                                  ]: 2915 (Loss: 0.3985)
[======                                  ]: 2916 (Loss: 0.3265)
[======                                  ]: 2917 (Loss: 0.4092)
[=======                                 ]: 2918 (Loss: 0.4612)
[=======                                 ]: 2919 (Loss: 0.4120)
[========                                ]: 2920 (Loss: 0.4816)
[========                                ]: 2921 (Loss: 0.4342)
[========                                ]: 2922 (Loss: 0.4267)
[=========                               ]: 2923 (Loss: 0.4820)
[=========                               ]: 2924 (Loss: 0.4423)
[==========                              ]: 2925 (Loss: 0.3789)
[==========                              ]: 2926 (Loss: 0.4661)
[==========                              ]: 2927 (Loss: 0.3682)
[===========                             ]: 2928 (Loss: 0.5909)
[===========                             ]: 2929 (Loss: 0.4111)
[============                            ]: 2930 (Loss: 0.3437)
[============                            ]: 2931 (Loss: 0.3938)
[============                            ]: 2932 (Loss: 0.3999)
[=============                           ]: 2933 (Loss: 0.5255)
[=============                           ]: 2934 (Loss: 0.5042)
[==============                          ]: 2935 (Loss: 0.3079)
[==============                          ]: 2936 (Loss: 0.4160)
[==============                          ]: 2937 (Loss: 0.3951)
[===============                         ]: 2938 (Loss: 0.4263)
[===============                         ]: 2939 (Loss: 0.5475)
[================                        ]: 2940 (Loss: 0.4186)
[================                        ]: 2941 (Loss: 0.3796)
[================                        ]: 2942 (Loss: 0.4235)
[=================                       ]: 2943 (Loss: 0.4253)
[=================                       ]: 2944 (Loss: 0.5170)
[==================                      ]: 2945 (Loss: 0.5205)
[==================                      ]: 2946 (Loss: 0.4936)
[==================                      ]: 2947 (Loss: 0.4842)
[===================                     ]: 2948 (Loss: 0.3312)
[===================                     ]: 2949 (Loss: 0.5446)
[====================                    ]: 2950 (Loss: 0.4294)
[====================                    ]: 2951 (Loss: 0.4266)
[====================                    ]: 2952 (Loss: 0.4583)
[=====================                   ]: 2953 (Loss: 0.4422)
[=====================                   ]: 2954 (Loss: 0.3304)
[======================                  ]: 2955 (Loss: 0.3720)
[======================                  ]: 2956 (Loss: 0.4701)
[======================                  ]: 2957 (Loss: 0.3426)
[=======================                 ]: 2958 (Loss: 0.4201)
[=======================                 ]: 2959 (Loss: 0.4162)
[========================                ]: 2960 (Loss: 0.3430)
[========================                ]: 2961 (Loss: 0.4127)
[========================                ]: 2962 (Loss: 0.5078)
[=========================               ]: 2963 (Loss: 0.3872)
[=========================               ]: 2964 (Loss: 0.4697)
[==========================              ]: 2965 (Loss: 0.3837)
[==========================              ]: 2966 (Loss: 0.4327)
[==========================              ]: 2967 (Loss: 0.4353)
[===========================             ]: 2968 (Loss: 0.4031)
[===========================             ]: 2969 (Loss: 0.5286)
[============================            ]: 2970 (Loss: 0.4263)
[============================            ]: 2971 (Loss: 0.4472)
[============================            ]: 2972 (Loss: 0.4161)
[=============================           ]: 2973 (Loss: 0.4464)
[=============================           ]: 2974 (Loss: 0.3957)
[==============================          ]: 2975 (Loss: 0.3990)
[==============================          ]: 2976 (Loss: 0.4949)
[==============================          ]: 2977 (Loss: 0.5046)
[===============================         ]: 2978 (Loss: 0.3819)
[===============================         ]: 2979 (Loss: 0.4831)
[================================        ]: 2980 (Loss: 0.3969)
[================================        ]: 2981 (Loss: 0.4288)
[================================        ]: 2982 (Loss: 0.4399)
[=================================       ]: 2983 (Loss: 0.3569)
[=================================       ]: 2984 (Loss: 0.4991)
[==================================      ]: 2985 (Loss: 0.4537)
[==================================      ]: 2986 (Loss: 0.6033)
[==================================      ]: 2987 (Loss: 0.2644)
[===================================     ]: 2988 (Loss: 0.4217)
[===================================     ]: 2989 (Loss: 0.4965)
[====================================    ]: 2990 (Loss: 0.5454)
[====================================    ]: 2991 (Loss: 0.6491)
[====================================    ]: 2992 (Loss: 0.3564)
[=====================================   ]: 2993 (Loss: 0.3643)
[=====================================   ]: 2994 (Loss: 0.4448)
[======================================  ]: 2995 (Loss: 0.4042)
[======================================  ]: 2996 (Loss: 0.4490)
[======================================  ]: 2997 (Loss: 0.5637)
[======================================= ]: 2998 (Loss: 0.4569)
[======================================= ]: 2999 (Loss: 0.3916)
[========================================]: 3000 (Loss: 0.4442)
                                                                                                    
[2026-07-16 21:16:42,198] [INFO] [__main__] Batch 3000 Loss: 0.437685 Cost: 8.44 Time: 169 ms/sequence

                                                                                                    
[2026-07-16 21:16:42,200] [INFO] [__main__] Saving checkpoint to 'runs\copy_sanity_len5\copy\none\seed_1002\checkpoint-batch-00003000.pt'

[                                        ]: 3001 (Loss: 0.4415)
[                                        ]: 3002 (Loss: 0.4687)
[=                                       ]: 3003 (Loss: 0.3582)
[=                                       ]: 3004 (Loss: 0.4194)
[==                                      ]: 3005 (Loss: 0.5044)
[==                                      ]: 3006 (Loss: 0.2838)
[==                                      ]: 3007 (Loss: 0.3960)
[===                                     ]: 3008 (Loss: 0.3833)
[===                                     ]: 3009 (Loss: 0.4560)
[====                                    ]: 3010 (Loss: 0.5501)
[====                                    ]: 3011 (Loss: 0.5157)
[====                                    ]: 3012 (Loss: 0.4531)
[=====                                   ]: 3013 (Loss: 0.4472)
[=====                                   ]: 3014 (Loss: 0.4913)
[======                                  ]: 3015 (Loss: 0.3726)
[======                                  ]: 3016 (Loss: 0.3505)
[======                                  ]: 3017 (Loss: 0.5129)
[=======                                 ]: 3018 (Loss: 0.3100)
[=======                                 ]: 3019 (Loss: 0.4605)
[========                                ]: 3020 (Loss: 0.5132)
[========                                ]: 3021 (Loss: 0.3976)
[========                                ]: 3022 (Loss: 0.4688)
[=========                               ]: 3023 (Loss: 0.3522)
[=========                               ]: 3024 (Loss: 0.4060)
[==========                              ]: 3025 (Loss: 0.3596)
[==========                              ]: 3026 (Loss: 0.3797)
[==========                              ]: 3027 (Loss: 0.5155)
[===========                             ]: 3028 (Loss: 0.4327)
[===========                             ]: 3029 (Loss: 0.3527)
[============                            ]: 3030 (Loss: 0.5594)
[============                            ]: 3031 (Loss: 0.4352)
[============                            ]: 3032 (Loss: 0.3432)
[=============                           ]: 3033 (Loss: 0.3415)
[=============                           ]: 3034 (Loss: 0.3571)
[==============                          ]: 3035 (Loss: 0.3681)
[==============                          ]: 3036 (Loss: 0.3177)
[==============                          ]: 3037 (Loss: 0.2648)
[===============                         ]: 3038 (Loss: 0.3876)
[===============                         ]: 3039 (Loss: 0.3526)
[================                        ]: 3040 (Loss: 0.5374)
[================                        ]: 3041 (Loss: 0.4601)
[================                        ]: 3042 (Loss: 0.4758)
[=================                       ]: 3043 (Loss: 0.2981)
[=================                       ]: 3044 (Loss: 0.4220)
[==================                      ]: 3045 (Loss: 0.3708)
[==================                      ]: 3046 (Loss: 0.3834)
[==================                      ]: 3047 (Loss: 0.4483)
[===================                     ]: 3048 (Loss: 0.4769)
[===================                     ]: 3049 (Loss: 0.4448)
[====================                    ]: 3050 (Loss: 0.6662)
[====================                    ]: 3051 (Loss: 0.4313)
[====================                    ]: 3052 (Loss: 0.3668)
[=====================                   ]: 3053 (Loss: 0.4527)
[=====================                   ]: 3054 (Loss: 0.4025)
[======================                  ]: 3055 (Loss: 0.5486)
[======================                  ]: 3056 (Loss: 0.4509)
[======================                  ]: 3057 (Loss: 0.5113)
[=======================                 ]: 3058 (Loss: 0.5106)
[=======================                 ]: 3059 (Loss: 0.2951)
[========================                ]: 3060 (Loss: 0.4017)
[========================                ]: 3061 (Loss: 0.4830)
[========================                ]: 3062 (Loss: 0.3683)
[=========================               ]: 3063 (Loss: 0.3638)
[=========================               ]: 3064 (Loss: 0.4583)
[==========================              ]: 3065 (Loss: 0.2431)
[==========================              ]: 3066 (Loss: 0.4620)
[==========================              ]: 3067 (Loss: 0.4056)
[===========================             ]: 3068 (Loss: 0.4824)
[===========================             ]: 3069 (Loss: 0.4160)
[============================            ]: 3070 (Loss: 0.4479)
[============================            ]: 3071 (Loss: 0.4153)
[============================            ]: 3072 (Loss: 0.5098)
[=============================           ]: 3073 (Loss: 0.5258)
[=============================           ]: 3074 (Loss: 0.3753)
[==============================          ]: 3075 (Loss: 0.3169)
[==============================          ]: 3076 (Loss: 0.3405)
[==============================          ]: 3077 (Loss: 0.4667)
[===============================         ]: 3078 (Loss: 0.3385)
[===============================         ]: 3079 (Loss: 0.5339)
[================================        ]: 3080 (Loss: 0.3585)
[================================        ]: 3081 (Loss: 0.4500)
[================================        ]: 3082 (Loss: 0.4014)
[=================================       ]: 3083 (Loss: 0.3626)
[=================================       ]: 3084 (Loss: 0.4522)
[==================================      ]: 3085 (Loss: 0.4639)
[==================================      ]: 3086 (Loss: 0.3451)
[==================================      ]: 3087 (Loss: 0.4022)
[===================================     ]: 3088 (Loss: 0.4356)
[===================================     ]: 3089 (Loss: 0.3286)
[====================================    ]: 3090 (Loss: 0.3737)
[====================================    ]: 3091 (Loss: 0.3633)
[====================================    ]: 3092 (Loss: 0.4948)
[=====================================   ]: 3093 (Loss: 0.3212)
[=====================================   ]: 3094 (Loss: 0.3813)
[======================================  ]: 3095 (Loss: 0.3189)
[======================================  ]: 3096 (Loss: 0.3772)
[======================================  ]: 3097 (Loss: 0.4640)
[======================================= ]: 3098 (Loss: 0.4216)
[======================================= ]: 3099 (Loss: 0.3044)
[========================================]: 3100 (Loss: 0.4076)
                                                                                                    
[2026-07-16 21:16:59,470] [INFO] [__main__] Batch 3100 Loss: 0.416173 Cost: 7.81 Time: 172 ms/sequence

[                                        ]: 3101 (Loss: 0.4500)
[                                        ]: 3102 (Loss: 0.4840)
[=                                       ]: 3103 (Loss: 0.5056)
[=                                       ]: 3104 (Loss: 0.4800)
[==                                      ]: 3105 (Loss: 0.3727)
[==                                      ]: 3106 (Loss: 0.4117)
[==                                      ]: 3107 (Loss: 0.3665)
[===                                     ]: 3108 (Loss: 0.3968)
[===                                     ]: 3109 (Loss: 0.4408)
[====                                    ]: 3110 (Loss: 0.3761)
[====                                    ]: 3111 (Loss: 0.3495)
[====                                    ]: 3112 (Loss: 0.4235)
[=====                                   ]: 3113 (Loss: 0.5043)
[=====                                   ]: 3114 (Loss: 0.3204)
[======                                  ]: 3115 (Loss: 0.4082)
[======                                  ]: 3116 (Loss: 0.4296)
[======                                  ]: 3117 (Loss: 0.4145)
[=======                                 ]: 3118 (Loss: 0.3846)
[=======                                 ]: 3119 (Loss: 0.4140)
[========                                ]: 3120 (Loss: 0.5433)
[========                                ]: 3121 (Loss: 0.4234)
[========                                ]: 3122 (Loss: 0.4462)
[=========                               ]: 3123 (Loss: 0.5036)
[=========                               ]: 3124 (Loss: 0.4228)
[==========                              ]: 3125 (Loss: 0.4309)
[==========                              ]: 3126 (Loss: 0.4524)
[==========                              ]: 3127 (Loss: 0.4530)
[===========                             ]: 3128 (Loss: 0.3014)
[===========                             ]: 3129 (Loss: 0.5351)
[============                            ]: 3130 (Loss: 0.4484)
[============                            ]: 3131 (Loss: 0.3191)
[============                            ]: 3132 (Loss: 0.3469)
[=============                           ]: 3133 (Loss: 0.3600)
[=============                           ]: 3134 (Loss: 0.3812)
[==============                          ]: 3135 (Loss: 0.4045)
[==============                          ]: 3136 (Loss: 0.3626)
[==============                          ]: 3137 (Loss: 0.3921)
[===============                         ]: 3138 (Loss: 0.4447)
[===============                         ]: 3139 (Loss: 0.5749)
[================                        ]: 3140 (Loss: 0.5518)
[================                        ]: 3141 (Loss: 0.3889)
[================                        ]: 3142 (Loss: 0.3434)
[=================                       ]: 3143 (Loss: 0.3747)
[=================                       ]: 3144 (Loss: 0.5485)
[==================                      ]: 3145 (Loss: 0.3933)
[==================                      ]: 3146 (Loss: 0.3350)
[==================                      ]: 3147 (Loss: 0.3060)
[===================                     ]: 3148 (Loss: 0.4933)
[===================                     ]: 3149 (Loss: 0.2787)
[====================                    ]: 3150 (Loss: 0.4462)
[====================                    ]: 3151 (Loss: 0.4480)
[====================                    ]: 3152 (Loss: 0.5656)
[=====================                   ]: 3153 (Loss: 0.2746)
[=====================                   ]: 3154 (Loss: 0.3605)
[======================                  ]: 3155 (Loss: 0.4513)
[======================                  ]: 3156 (Loss: 0.2913)
[======================                  ]: 3157 (Loss: 0.3843)
[=======================                 ]: 3158 (Loss: 0.3710)
[=======================                 ]: 3159 (Loss: 0.3450)
[========================                ]: 3160 (Loss: 0.3327)
[========================                ]: 3161 (Loss: 0.4092)
[========================                ]: 3162 (Loss: 0.4210)
[=========================               ]: 3163 (Loss: 0.5364)
[=========================               ]: 3164 (Loss: 0.3402)
[==========================              ]: 3165 (Loss: 0.3934)
[==========================              ]: 3166 (Loss: 0.4161)
[==========================              ]: 3167 (Loss: 0.3425)
[===========================             ]: 3168 (Loss: 0.4247)
[===========================             ]: 3169 (Loss: 0.3823)
[============================            ]: 3170 (Loss: 0.5414)
[============================            ]: 3171 (Loss: 0.5249)
[============================            ]: 3172 (Loss: 0.3493)
[=============================           ]: 3173 (Loss: 0.4026)
[=============================           ]: 3174 (Loss: 0.4818)
[==============================          ]: 3175 (Loss: 0.4672)
[==============================          ]: 3176 (Loss: 0.2856)
[==============================          ]: 3177 (Loss: 0.4707)
[===============================         ]: 3178 (Loss: 0.4342)
[===============================         ]: 3179 (Loss: 0.4288)
[================================        ]: 3180 (Loss: 0.2852)
[================================        ]: 3181 (Loss: 0.3247)
[================================        ]: 3182 (Loss: 0.5173)
[=================================       ]: 3183 (Loss: 0.3852)
[=================================       ]: 3184 (Loss: 0.4088)
[==================================      ]: 3185 (Loss: 0.4810)
[==================================      ]: 3186 (Loss: 0.3733)
[==================================      ]: 3187 (Loss: 0.5311)
[===================================     ]: 3188 (Loss: 0.5215)
[===================================     ]: 3189 (Loss: 0.4696)
[====================================    ]: 3190 (Loss: 0.3676)
[====================================    ]: 3191 (Loss: 0.4906)
[====================================    ]: 3192 (Loss: 0.5053)
[=====================================   ]: 3193 (Loss: 0.4419)
[=====================================   ]: 3194 (Loss: 0.4737)
[======================================  ]: 3195 (Loss: 0.4550)
[======================================  ]: 3196 (Loss: 0.4720)
[======================================  ]: 3197 (Loss: 0.4165)
[======================================= ]: 3198 (Loss: 0.3100)
[======================================= ]: 3199 (Loss: 0.4545)
[========================================]: 3200 (Loss: 0.5503)
                                                                                                    
[2026-07-16 21:17:16,573] [INFO] [__main__] Batch 3200 Loss: 0.420505 Cost: 8.35 Time: 171 ms/sequence

[                                        ]: 3201 (Loss: 0.3420)
[                                        ]: 3202 (Loss: 0.3219)
[=                                       ]: 3203 (Loss: 0.5477)
[=                                       ]: 3204 (Loss: 0.4541)
[==                                      ]: 3205 (Loss: 0.4958)
[==                                      ]: 3206 (Loss: 0.5734)
[==                                      ]: 3207 (Loss: 0.5172)
[===                                     ]: 3208 (Loss: 0.3757)
[===                                     ]: 3209 (Loss: 0.3978)
[====                                    ]: 3210 (Loss: 0.4312)
[====                                    ]: 3211 (Loss: 0.4807)
[====                                    ]: 3212 (Loss: 0.3618)
[=====                                   ]: 3213 (Loss: 0.5376)
[=====                                   ]: 3214 (Loss: 0.4237)
[======                                  ]: 3215 (Loss: 0.4382)
[======                                  ]: 3216 (Loss: 0.4694)
[======                                  ]: 3217 (Loss: 0.4287)
[=======                                 ]: 3218 (Loss: 0.4224)
[=======                                 ]: 3219 (Loss: 0.4322)
[========                                ]: 3220 (Loss: 0.4512)
[========                                ]: 3221 (Loss: 0.4357)
[========                                ]: 3222 (Loss: 0.4959)
[=========                               ]: 3223 (Loss: 0.4905)
[=========                               ]: 3224 (Loss: 0.3961)
[==========                              ]: 3225 (Loss: 0.4141)
[==========                              ]: 3226 (Loss: 0.4667)
[==========                              ]: 3227 (Loss: 0.2441)
[===========                             ]: 3228 (Loss: 0.3912)
[===========                             ]: 3229 (Loss: 0.3650)
[============                            ]: 3230 (Loss: 0.4236)
[============                            ]: 3231 (Loss: 0.4997)
[============                            ]: 3232 (Loss: 0.4003)
[=============                           ]: 3233 (Loss: 0.4194)
[=============                           ]: 3234 (Loss: 0.3438)
[==============                          ]: 3235 (Loss: 0.4122)
[==============                          ]: 3236 (Loss: 0.3620)
[==============                          ]: 3237 (Loss: 0.2631)
[===============                         ]: 3238 (Loss: 0.3849)
[===============                         ]: 3239 (Loss: 0.5596)
[================                        ]: 3240 (Loss: 0.3279)
[================                        ]: 3241 (Loss: 0.4676)
[================                        ]: 3242 (Loss: 0.3425)
[=================                       ]: 3243 (Loss: 0.3483)
[=================                       ]: 3244 (Loss: 0.3693)
[==================                      ]: 3245 (Loss: 0.4427)
[==================                      ]: 3246 (Loss: 0.3257)
[==================                      ]: 3247 (Loss: 0.4096)
[===================                     ]: 3248 (Loss: 0.4303)
[===================                     ]: 3249 (Loss: 0.4136)
[====================                    ]: 3250 (Loss: 0.3036)
[====================                    ]: 3251 (Loss: 0.4807)
[====================                    ]: 3252 (Loss: 0.3775)
[=====================                   ]: 3253 (Loss: 0.3635)
[=====================                   ]: 3254 (Loss: 0.3137)
[======================                  ]: 3255 (Loss: 0.4607)
[======================                  ]: 3256 (Loss: 0.4570)
[======================                  ]: 3257 (Loss: 0.4258)
[=======================                 ]: 3258 (Loss: 0.3761)
[=======================                 ]: 3259 (Loss: 0.3943)
[========================                ]: 3260 (Loss: 0.4619)
[========================                ]: 3261 (Loss: 0.5158)
[========================                ]: 3262 (Loss: 0.4784)
[=========================               ]: 3263 (Loss: 0.3241)
[=========================               ]: 3264 (Loss: 0.4079)
[==========================              ]: 3265 (Loss: 0.4013)
[==========================              ]: 3266 (Loss: 0.4584)
[==========================              ]: 3267 (Loss: 0.2833)
[===========================             ]: 3268 (Loss: 0.4628)
[===========================             ]: 3269 (Loss: 0.4499)
[============================            ]: 3270 (Loss: 0.4955)
[============================            ]: 3271 (Loss: 0.6014)
[============================            ]: 3272 (Loss: 0.3621)
[=============================           ]: 3273 (Loss: 0.4024)
[=============================           ]: 3274 (Loss: 0.4959)
[==============================          ]: 3275 (Loss: 0.3767)
[==============================          ]: 3276 (Loss: 0.4881)
[==============================          ]: 3277 (Loss: 0.3711)
[===============================         ]: 3278 (Loss: 0.4148)
[===============================         ]: 3279 (Loss: 0.2766)
[================================        ]: 3280 (Loss: 0.3855)
[================================        ]: 3281 (Loss: 0.3844)
[================================        ]: 3282 (Loss: 0.3748)
[=================================       ]: 3283 (Loss: 0.4451)
[=================================       ]: 3284 (Loss: 0.4274)
[==================================      ]: 3285 (Loss: 0.2957)
[==================================      ]: 3286 (Loss: 0.4285)
[==================================      ]: 3287 (Loss: 0.5557)
[===================================     ]: 3288 (Loss: 0.3149)
[===================================     ]: 3289 (Loss: 0.4997)
[====================================    ]: 3290 (Loss: 0.4328)
[====================================    ]: 3291 (Loss: 0.4323)
[====================================    ]: 3292 (Loss: 0.4691)
[=====================================   ]: 3293 (Loss: 0.4630)
[=====================================   ]: 3294 (Loss: 0.3635)
[======================================  ]: 3295 (Loss: 0.3882)
[======================================  ]: 3296 (Loss: 0.5035)
[======================================  ]: 3297 (Loss: 0.3450)
[======================================= ]: 3298 (Loss: 0.4471)
[======================================= ]: 3299 (Loss: 0.5201)
[========================================]: 3300 (Loss: 0.5156)
                                                                                                    
[2026-07-16 21:17:33,658] [INFO] [__main__] Batch 3300 Loss: 0.420217 Cost: 8.14 Time: 170 ms/sequence

[                                        ]: 3301 (Loss: 0.4095)
[                                        ]: 3302 (Loss: 0.4687)
[=                                       ]: 3303 (Loss: 0.2782)
[=                                       ]: 3304 (Loss: 0.3606)
[==                                      ]: 3305 (Loss: 0.3453)
[==                                      ]: 3306 (Loss: 0.4051)
[==                                      ]: 3307 (Loss: 0.5408)
[===                                     ]: 3308 (Loss: 0.3656)
[===                                     ]: 3309 (Loss: 0.4815)
[====                                    ]: 3310 (Loss: 0.4016)
[====                                    ]: 3311 (Loss: 0.3220)
[====                                    ]: 3312 (Loss: 0.4244)
[=====                                   ]: 3313 (Loss: 0.4043)
[=====                                   ]: 3314 (Loss: 0.4270)
[======                                  ]: 3315 (Loss: 0.3351)
[======                                  ]: 3316 (Loss: 0.4426)
[======                                  ]: 3317 (Loss: 0.4301)
[=======                                 ]: 3318 (Loss: 0.3804)
[=======                                 ]: 3319 (Loss: 0.5629)
[========                                ]: 3320 (Loss: 0.3853)
[========                                ]: 3321 (Loss: 0.5581)
[========                                ]: 3322 (Loss: 0.3816)
[=========                               ]: 3323 (Loss: 0.3898)
[=========                               ]: 3324 (Loss: 0.3605)
[==========                              ]: 3325 (Loss: 0.3452)
[==========                              ]: 3326 (Loss: 0.4007)
[==========                              ]: 3327 (Loss: 0.4470)
[===========                             ]: 3328 (Loss: 0.3442)
[===========                             ]: 3329 (Loss: 0.3407)
[============                            ]: 3330 (Loss: 0.4867)
[============                            ]: 3331 (Loss: 0.4444)
[============                            ]: 3332 (Loss: 0.4430)
[=============                           ]: 3333 (Loss: 0.3272)
[=============                           ]: 3334 (Loss: 0.3243)
[==============                          ]: 3335 (Loss: 0.4369)
[==============                          ]: 3336 (Loss: 0.3688)
[==============                          ]: 3337 (Loss: 0.2534)
[===============                         ]: 3338 (Loss: 0.4397)
[===============                         ]: 3339 (Loss: 0.2577)
[================                        ]: 3340 (Loss: 0.3223)
[================                        ]: 3341 (Loss: 0.4075)
[================                        ]: 3342 (Loss: 0.4116)
[=================                       ]: 3343 (Loss: 0.6127)
[=================                       ]: 3344 (Loss: 0.5451)
[==================                      ]: 3345 (Loss: 0.4634)
[==================                      ]: 3346 (Loss: 0.3848)
[==================                      ]: 3347 (Loss: 0.3306)
[===================                     ]: 3348 (Loss: 0.4244)
[===================                     ]: 3349 (Loss: 0.3820)
[====================                    ]: 3350 (Loss: 0.4409)
[====================                    ]: 3351 (Loss: 0.3647)
[====================                    ]: 3352 (Loss: 0.3449)
[=====================                   ]: 3353 (Loss: 0.4064)
[=====================                   ]: 3354 (Loss: 0.5344)
[======================                  ]: 3355 (Loss: 0.4417)
[======================                  ]: 3356 (Loss: 0.3978)
[======================                  ]: 3357 (Loss: 0.3888)
[=======================                 ]: 3358 (Loss: 0.3472)
[=======================                 ]: 3359 (Loss: 0.2531)
[========================                ]: 3360 (Loss: 0.4232)
[========================                ]: 3361 (Loss: 0.3433)
[========================                ]: 3362 (Loss: 0.3797)
[=========================               ]: 3363 (Loss: 0.3124)
[=========================               ]: 3364 (Loss: 0.4095)
[==========================              ]: 3365 (Loss: 0.4824)
[==========================              ]: 3366 (Loss: 0.4389)
[==========================              ]: 3367 (Loss: 0.3255)
[===========================             ]: 3368 (Loss: 0.5207)
[===========================             ]: 3369 (Loss: 0.3688)
[============================            ]: 3370 (Loss: 0.3998)
[============================            ]: 3371 (Loss: 0.3285)
[============================            ]: 3372 (Loss: 0.3426)
[=============================           ]: 3373 (Loss: 0.4748)
[=============================           ]: 3374 (Loss: 0.4511)
[==============================          ]: 3375 (Loss: 0.4615)
[==============================          ]: 3376 (Loss: 0.4522)
[==============================          ]: 3377 (Loss: 0.3689)
[===============================         ]: 3378 (Loss: 0.3806)
[===============================         ]: 3379 (Loss: 0.4188)
[================================        ]: 3380 (Loss: 0.3942)
[================================        ]: 3381 (Loss: 0.4376)
[================================        ]: 3382 (Loss: 0.4147)
[=================================       ]: 3383 (Loss: 0.4438)
[=================================       ]: 3384 (Loss: 0.4286)
[==================================      ]: 3385 (Loss: 0.2859)
[==================================      ]: 3386 (Loss: 0.4397)
[==================================      ]: 3387 (Loss: 0.3910)
[===================================     ]: 3388 (Loss: 0.4266)
[===================================     ]: 3389 (Loss: 0.5043)
[====================================    ]: 3390 (Loss: 0.4974)
[====================================    ]: 3391 (Loss: 0.3662)
[====================================    ]: 3392 (Loss: 0.3908)
[=====================================   ]: 3393 (Loss: 0.4697)
[=====================================   ]: 3394 (Loss: 0.3701)
[======================================  ]: 3395 (Loss: 0.4698)
[======================================  ]: 3396 (Loss: 0.3454)
[======================================  ]: 3397 (Loss: 0.4237)
[======================================= ]: 3398 (Loss: 0.4582)
[======================================= ]: 3399 (Loss: 0.4551)
[========================================]: 3400 (Loss: 0.4566)
                                                                                                    
[2026-07-16 21:17:50,601] [INFO] [__main__] Batch 3400 Loss: 0.406782 Cost: 7.65 Time: 169 ms/sequence

[                                        ]: 3401 (Loss: 0.3918)
[                                        ]: 3402 (Loss: 0.3878)
[=                                       ]: 3403 (Loss: 0.3654)
[=                                       ]: 3404 (Loss: 0.4303)
[==                                      ]: 3405 (Loss: 0.5049)
[==                                      ]: 3406 (Loss: 0.4355)
[==                                      ]: 3407 (Loss: 0.4641)
[===                                     ]: 3408 (Loss: 0.4037)
[===                                     ]: 3409 (Loss: 0.5122)
[====                                    ]: 3410 (Loss: 0.5519)
[====                                    ]: 3411 (Loss: 0.4721)
[====                                    ]: 3412 (Loss: 0.4565)
[=====                                   ]: 3413 (Loss: 0.3742)
[=====                                   ]: 3414 (Loss: 0.3727)
[======                                  ]: 3415 (Loss: 0.4227)
[======                                  ]: 3416 (Loss: 0.4002)
[======                                  ]: 3417 (Loss: 0.4969)
[=======                                 ]: 3418 (Loss: 0.4260)
[=======                                 ]: 3419 (Loss: 0.3521)
[========                                ]: 3420 (Loss: 0.4105)
[========                                ]: 3421 (Loss: 0.3699)
[========                                ]: 3422 (Loss: 0.4078)
[=========                               ]: 3423 (Loss: 0.4521)
[=========                               ]: 3424 (Loss: 0.3678)
[==========                              ]: 3425 (Loss: 0.2901)
[==========                              ]: 3426 (Loss: 0.3894)
[==========                              ]: 3427 (Loss: 0.3094)
[===========                             ]: 3428 (Loss: 0.3435)
[===========                             ]: 3429 (Loss: 0.4149)
[============                            ]: 3430 (Loss: 0.4517)
[============                            ]: 3431 (Loss: 0.2653)
[============                            ]: 3432 (Loss: 0.4500)
[=============                           ]: 3433 (Loss: 0.4680)
[=============                           ]: 3434 (Loss: 0.3703)
[==============                          ]: 3435 (Loss: 0.3140)
[==============                          ]: 3436 (Loss: 0.4434)
[==============                          ]: 3437 (Loss: 0.4260)
[===============                         ]: 3438 (Loss: 0.3588)
[===============                         ]: 3439 (Loss: 0.3897)
[================                        ]: 3440 (Loss: 0.4897)
[================                        ]: 3441 (Loss: 0.4505)
[================                        ]: 3442 (Loss: 0.4403)
[=================                       ]: 3443 (Loss: 0.5056)
[=================                       ]: 3444 (Loss: 0.3878)
[==================                      ]: 3445 (Loss: 0.4416)
[==================                      ]: 3446 (Loss: 0.4053)
[==================                      ]: 3447 (Loss: 0.3188)
[===================                     ]: 3448 (Loss: 0.3640)
[===================                     ]: 3449 (Loss: 0.2800)
[====================                    ]: 3450 (Loss: 0.3689)
[====================                    ]: 3451 (Loss: 0.4177)
[====================                    ]: 3452 (Loss: 0.3037)
[=====================                   ]: 3453 (Loss: 0.4151)
[=====================                   ]: 3454 (Loss: 0.4722)
[======================                  ]: 3455 (Loss: 0.3843)
[======================                  ]: 3456 (Loss: 0.4216)
[======================                  ]: 3457 (Loss: 0.4340)
[=======================                 ]: 3458 (Loss: 0.4474)
[=======================                 ]: 3459 (Loss: 0.6000)
[========================                ]: 3460 (Loss: 0.4262)
[========================                ]: 3461 (Loss: 0.4642)
[========================                ]: 3462 (Loss: 0.3487)
[=========================               ]: 3463 (Loss: 0.3733)
[=========================               ]: 3464 (Loss: 0.3491)
[==========================              ]: 3465 (Loss: 0.2356)
[==========================              ]: 3466 (Loss: 0.3177)
[==========================              ]: 3467 (Loss: 0.3785)
[===========================             ]: 3468 (Loss: 0.3668)
[===========================             ]: 3469 (Loss: 0.4630)
[============================            ]: 3470 (Loss: 0.3165)
[============================            ]: 3471 (Loss: 0.3504)
[============================            ]: 3472 (Loss: 0.5321)
[=============================           ]: 3473 (Loss: 0.2895)
[=============================           ]: 3474 (Loss: 0.3969)
[==============================          ]: 3475 (Loss: 0.4195)
[==============================          ]: 3476 (Loss: 0.4241)
[==============================          ]: 3477 (Loss: 0.5340)
[===============================         ]: 3478 (Loss: 0.3508)
[===============================         ]: 3479 (Loss: 0.4431)
[================================        ]: 3480 (Loss: 0.4575)
[================================        ]: 3481 (Loss: 0.4391)
[================================        ]: 3482 (Loss: 0.4000)
[=================================       ]: 3483 (Loss: 0.4983)
[=================================       ]: 3484 (Loss: 0.3372)
[==================================      ]: 3485 (Loss: 0.5841)
[==================================      ]: 3486 (Loss: 0.5605)
[==================================      ]: 3487 (Loss: 0.4191)
[===================================     ]: 3488 (Loss: 0.5136)
[===================================     ]: 3489 (Loss: 0.3368)
[====================================    ]: 3490 (Loss: 0.4108)
[====================================    ]: 3491 (Loss: 0.5123)
[====================================    ]: 3492 (Loss: 0.4836)
[=====================================   ]: 3493 (Loss: 0.4006)
[=====================================   ]: 3494 (Loss: 0.5071)
[======================================  ]: 3495 (Loss: 0.4270)
[======================================  ]: 3496 (Loss: 0.3550)
[======================================  ]: 3497 (Loss: 0.3898)
[======================================= ]: 3498 (Loss: 0.3770)
[======================================= ]: 3499 (Loss: 0.4426)
[========================================]: 3500 (Loss: 0.3363)
                                                                                                    
[2026-07-16 21:18:07,600] [INFO] [__main__] Batch 3500 Loss: 0.412304 Cost: 7.86 Time: 169 ms/sequence

[                                        ]: 3501 (Loss: 0.3219)
[                                        ]: 3502 (Loss: 0.3256)
[=                                       ]: 3503 (Loss: 0.4183)
[=                                       ]: 3504 (Loss: 0.2785)
[==                                      ]: 3505 (Loss: 0.4859)
[==                                      ]: 3506 (Loss: 0.4217)
[==                                      ]: 3507 (Loss: 0.4584)
[===                                     ]: 3508 (Loss: 0.4329)
[===                                     ]: 3509 (Loss: 0.3582)
[====                                    ]: 3510 (Loss: 0.4538)
[====                                    ]: 3511 (Loss: 0.3664)
[====                                    ]: 3512 (Loss: 0.2900)
[=====                                   ]: 3513 (Loss: 0.2799)
[=====                                   ]: 3514 (Loss: 0.4634)
[======                                  ]: 3515 (Loss: 0.5031)
[======                                  ]: 3516 (Loss: 0.4710)
[======                                  ]: 3517 (Loss: 0.3629)
[=======                                 ]: 3518 (Loss: 0.3633)
[=======                                 ]: 3519 (Loss: 0.5431)
[========                                ]: 3520 (Loss: 0.2962)
[========                                ]: 3521 (Loss: 0.5049)
[========                                ]: 3522 (Loss: 0.2741)
[=========                               ]: 3523 (Loss: 0.4712)
[=========                               ]: 3524 (Loss: 0.2741)
[==========                              ]: 3525 (Loss: 0.3645)
[==========                              ]: 3526 (Loss: 0.3113)
[==========                              ]: 3527 (Loss: 0.4709)
[===========                             ]: 3528 (Loss: 0.3000)
[===========                             ]: 3529 (Loss: 0.4428)
[============                            ]: 3530 (Loss: 0.3320)
[============                            ]: 3531 (Loss: 0.3139)
[============                            ]: 3532 (Loss: 0.3626)
[=============                           ]: 3533 (Loss: 0.5112)
[=============                           ]: 3534 (Loss: 0.4423)
[==============                          ]: 3535 (Loss: 0.4422)
[==============                          ]: 3536 (Loss: 0.4328)
[==============                          ]: 3537 (Loss: 0.3422)
[===============                         ]: 3538 (Loss: 0.1815)
[===============                         ]: 3539 (Loss: 0.4769)
[================                        ]: 3540 (Loss: 0.4094)
[================                        ]: 3541 (Loss: 0.4492)
[================                        ]: 3542 (Loss: 0.5814)
[=================                       ]: 3543 (Loss: 0.4031)
[=================                       ]: 3544 (Loss: 0.4395)
[==================                      ]: 3545 (Loss: 0.4588)
[==================                      ]: 3546 (Loss: 0.3172)
[==================                      ]: 3547 (Loss: 0.4304)
[===================                     ]: 3548 (Loss: 0.3770)
[===================                     ]: 3549 (Loss: 0.3837)
[====================                    ]: 3550 (Loss: 0.5459)
[====================                    ]: 3551 (Loss: 0.4451)
[====================                    ]: 3552 (Loss: 0.4241)
[=====================                   ]: 3553 (Loss: 0.5185)
[=====================                   ]: 3554 (Loss: 0.4298)
[======================                  ]: 3555 (Loss: 0.4689)
[======================                  ]: 3556 (Loss: 0.4222)
[======================                  ]: 3557 (Loss: 0.3635)
[=======================                 ]: 3558 (Loss: 0.4332)
[=======================                 ]: 3559 (Loss: 0.3465)
[========================                ]: 3560 (Loss: 0.3548)
[========================                ]: 3561 (Loss: 0.4202)
[========================                ]: 3562 (Loss: 0.3571)
[=========================               ]: 3563 (Loss: 0.4086)
[=========================               ]: 3564 (Loss: 0.2934)
[==========================              ]: 3565 (Loss: 0.5219)
[==========================              ]: 3566 (Loss: 0.4784)
[==========================              ]: 3567 (Loss: 0.4351)
[===========================             ]: 3568 (Loss: 0.4456)
[===========================             ]: 3569 (Loss: 0.3832)
[============================            ]: 3570 (Loss: 0.4589)
[============================            ]: 3571 (Loss: 0.3945)
[============================            ]: 3572 (Loss: 0.4579)
[=============================           ]: 3573 (Loss: 0.3096)
[=============================           ]: 3574 (Loss: 0.3316)
[==============================          ]: 3575 (Loss: 0.5209)
[==============================          ]: 3576 (Loss: 0.3829)
[==============================          ]: 3577 (Loss: 0.3213)
[===============================         ]: 3578 (Loss: 0.3833)
[===============================         ]: 3579 (Loss: 0.5385)
[================================        ]: 3580 (Loss: 0.3048)
[================================        ]: 3581 (Loss: 0.4652)
[================================        ]: 3582 (Loss: 0.4546)
[=================================       ]: 3583 (Loss: 0.2841)
[=================================       ]: 3584 (Loss: 0.4239)
[==================================      ]: 3585 (Loss: 0.4444)
[==================================      ]: 3586 (Loss: 0.3212)
[==================================      ]: 3587 (Loss: 0.5331)
[===================================     ]: 3588 (Loss: 0.4491)
[===================================     ]: 3589 (Loss: 0.4722)
[====================================    ]: 3590 (Loss: 0.4780)
[====================================    ]: 3591 (Loss: 0.3703)
[====================================    ]: 3592 (Loss: 0.3412)
[=====================================   ]: 3593 (Loss: 0.2633)
[=====================================   ]: 3594 (Loss: 0.4268)
[======================================  ]: 3595 (Loss: 0.4021)
[======================================  ]: 3596 (Loss: 0.3645)
[======================================  ]: 3597 (Loss: 0.3227)
[======================================= ]: 3598 (Loss: 0.4201)
[======================================= ]: 3599 (Loss: 0.3427)
[========================================]: 3600 (Loss: 0.4408)
                                                                                                    
[2026-07-16 21:18:24,546] [INFO] [__main__] Batch 3600 Loss: 0.403163 Cost: 7.84 Time: 169 ms/sequence

[                                        ]: 3601 (Loss: 0.3493)
[                                        ]: 3602 (Loss: 0.4799)
[=                                       ]: 3603 (Loss: 0.4108)
[=                                       ]: 3604 (Loss: 0.3725)
[==                                      ]: 3605 (Loss: 0.4327)
[==                                      ]: 3606 (Loss: 0.3998)
[==                                      ]: 3607 (Loss: 0.3002)
[===                                     ]: 3608 (Loss: 0.4120)
[===                                     ]: 3609 (Loss: 0.3153)
[====                                    ]: 3610 (Loss: 0.4383)
[====                                    ]: 3611 (Loss: 0.3820)
[====                                    ]: 3612 (Loss: 0.4723)
[=====                                   ]: 3613 (Loss: 0.4107)
[=====                                   ]: 3614 (Loss: 0.4648)
[======                                  ]: 3615 (Loss: 0.4481)
[======                                  ]: 3616 (Loss: 0.3623)
[======                                  ]: 3617 (Loss: 0.4367)
[=======                                 ]: 3618 (Loss: 0.5638)
[=======                                 ]: 3619 (Loss: 0.5052)
[========                                ]: 3620 (Loss: 0.4843)
[========                                ]: 3621 (Loss: 0.4878)
[========                                ]: 3622 (Loss: 0.4103)
[=========                               ]: 3623 (Loss: 0.2887)
[=========                               ]: 3624 (Loss: 0.4077)
[==========                              ]: 3625 (Loss: 0.3893)
[==========                              ]: 3626 (Loss: 0.4633)
[==========                              ]: 3627 (Loss: 0.3887)
[===========                             ]: 3628 (Loss: 0.4235)
[===========                             ]: 3629 (Loss: 0.4015)
[============                            ]: 3630 (Loss: 0.4082)
[============                            ]: 3631 (Loss: 0.4109)
[============                            ]: 3632 (Loss: 0.3823)
[=============                           ]: 3633 (Loss: 0.3965)
[=============                           ]: 3634 (Loss: 0.4118)
[==============                          ]: 3635 (Loss: 0.3342)
[==============                          ]: 3636 (Loss: 0.4552)
[==============                          ]: 3637 (Loss: 0.4362)
[===============                         ]: 3638 (Loss: 0.4324)
[===============                         ]: 3639 (Loss: 0.4667)
[================                        ]: 3640 (Loss: 0.4271)
[================                        ]: 3641 (Loss: 0.3239)
[================                        ]: 3642 (Loss: 0.3690)
[=================                       ]: 3643 (Loss: 0.3466)
[=================                       ]: 3644 (Loss: 0.4037)
[==================                      ]: 3645 (Loss: 0.3891)
[==================                      ]: 3646 (Loss: 0.3512)
[==================                      ]: 3647 (Loss: 0.3340)
[===================                     ]: 3648 (Loss: 0.5981)
[===================                     ]: 3649 (Loss: 0.3575)
[====================                    ]: 3650 (Loss: 0.4425)
[====================                    ]: 3651 (Loss: 0.3572)
[====================                    ]: 3652 (Loss: 0.4830)
[=====================                   ]: 3653 (Loss: 0.4400)
[=====================                   ]: 3654 (Loss: 0.6107)
[======================                  ]: 3655 (Loss: 0.4309)
[======================                  ]: 3656 (Loss: 0.3080)
[======================                  ]: 3657 (Loss: 0.5708)
[=======================                 ]: 3658 (Loss: 0.3704)
[=======================                 ]: 3659 (Loss: 0.3538)
[========================                ]: 3660 (Loss: 0.4593)
[========================                ]: 3661 (Loss: 0.6033)
[========================                ]: 3662 (Loss: 0.4115)
[=========================               ]: 3663 (Loss: 0.4174)
[=========================               ]: 3664 (Loss: 0.4481)
[==========================              ]: 3665 (Loss: 0.4908)
[==========================              ]: 3666 (Loss: 0.4146)
[==========================              ]: 3667 (Loss: 0.4327)
[===========================             ]: 3668 (Loss: 0.4226)
[===========================             ]: 3669 (Loss: 0.2953)
[============================            ]: 3670 (Loss: 0.3245)
[============================            ]: 3671 (Loss: 0.4529)
[============================            ]: 3672 (Loss: 0.3828)
[=============================           ]: 3673 (Loss: 0.4184)
[=============================           ]: 3674 (Loss: 0.4670)
[==============================          ]: 3675 (Loss: 0.2973)
[==============================          ]: 3676 (Loss: 0.4357)
[==============================          ]: 3677 (Loss: 0.4102)
[===============================         ]: 3678 (Loss: 0.3319)
[===============================         ]: 3679 (Loss: 0.4303)
[================================        ]: 3680 (Loss: 0.5323)
[================================        ]: 3681 (Loss: 0.4168)
[================================        ]: 3682 (Loss: 0.5217)
[=================================       ]: 3683 (Loss: 0.5183)
[=================================       ]: 3684 (Loss: 0.3703)
[==================================      ]: 3685 (Loss: 0.4360)
[==================================      ]: 3686 (Loss: 0.4713)
[==================================      ]: 3687 (Loss: 0.3593)
[===================================     ]: 3688 (Loss: 0.4454)
[===================================     ]: 3689 (Loss: 0.4312)
[====================================    ]: 3690 (Loss: 0.4420)
[====================================    ]: 3691 (Loss: 0.3538)
[====================================    ]: 3692 (Loss: 0.3537)
[=====================================   ]: 3693 (Loss: 0.3838)
[=====================================   ]: 3694 (Loss: 0.4003)
[======================================  ]: 3695 (Loss: 0.3579)
[======================================  ]: 3696 (Loss: 0.3846)
[======================================  ]: 3697 (Loss: 0.3921)
[======================================= ]: 3698 (Loss: 0.3065)
[======================================= ]: 3699 (Loss: 0.4753)
[========================================]: 3700 (Loss: 0.4892)
                                                                                                    
[2026-07-16 21:18:41,453] [INFO] [__main__] Batch 3700 Loss: 0.416919 Cost: 8.06 Time: 169 ms/sequence

[                                        ]: 3701 (Loss: 0.3497)
[                                        ]: 3702 (Loss: 0.3530)
[=                                       ]: 3703 (Loss: 0.3385)
[=                                       ]: 3704 (Loss: 0.5209)
[==                                      ]: 3705 (Loss: 0.4308)
[==                                      ]: 3706 (Loss: 0.3807)
[==                                      ]: 3707 (Loss: 0.4354)
[===                                     ]: 3708 (Loss: 0.4130)
[===                                     ]: 3709 (Loss: 0.3609)
[====                                    ]: 3710 (Loss: 0.3442)
[====                                    ]: 3711 (Loss: 0.4111)
[====                                    ]: 3712 (Loss: 0.4156)
[=====                                   ]: 3713 (Loss: 0.4257)
[=====                                   ]: 3714 (Loss: 0.3578)
[======                                  ]: 3715 (Loss: 0.4667)
[======                                  ]: 3716 (Loss: 0.4063)
[======                                  ]: 3717 (Loss: 0.3783)
[=======                                 ]: 3718 (Loss: 0.3904)
[=======                                 ]: 3719 (Loss: 0.4184)
[========                                ]: 3720 (Loss: 0.4313)
[========                                ]: 3721 (Loss: 0.4451)
[========                                ]: 3722 (Loss: 0.4199)
[=========                               ]: 3723 (Loss: 0.2824)
[=========                               ]: 3724 (Loss: 0.3789)
[==========                              ]: 3725 (Loss: 0.3599)
[==========                              ]: 3726 (Loss: 0.3280)
[==========                              ]: 3727 (Loss: 0.5843)
[===========                             ]: 3728 (Loss: 0.2975)
[===========                             ]: 3729 (Loss: 0.3309)
[============                            ]: 3730 (Loss: 0.4507)
[============                            ]: 3731 (Loss: 0.3392)
[============                            ]: 3732 (Loss: 0.4630)
[=============                           ]: 3733 (Loss: 0.3190)
[=============                           ]: 3734 (Loss: 0.3674)
[==============                          ]: 3735 (Loss: 0.4098)
[==============                          ]: 3736 (Loss: 0.3134)
[==============                          ]: 3737 (Loss: 0.3304)
[===============                         ]: 3738 (Loss: 0.4585)
[===============                         ]: 3739 (Loss: 0.4421)
[================                        ]: 3740 (Loss: 0.4301)
[================                        ]: 3741 (Loss: 0.4376)
[================                        ]: 3742 (Loss: 0.5182)
[=================                       ]: 3743 (Loss: 0.2768)
[=================                       ]: 3744 (Loss: 0.4046)
[==================                      ]: 3745 (Loss: 0.3963)
[==================                      ]: 3746 (Loss: 0.4839)
[==================                      ]: 3747 (Loss: 0.4511)
[===================                     ]: 3748 (Loss: 0.3788)
[===================                     ]: 3749 (Loss: 0.4958)
[====================                    ]: 3750 (Loss: 0.4115)
[====================                    ]: 3751 (Loss: 0.5166)
[====================                    ]: 3752 (Loss: 0.3015)
[=====================                   ]: 3753 (Loss: 0.4030)
[=====================                   ]: 3754 (Loss: 0.3802)
[======================                  ]: 3755 (Loss: 0.3692)
[======================                  ]: 3756 (Loss: 0.3371)
[======================                  ]: 3757 (Loss: 0.4156)
[=======================                 ]: 3758 (Loss: 0.3669)
[=======================                 ]: 3759 (Loss: 0.4897)
[========================                ]: 3760 (Loss: 0.3644)
[========================                ]: 3761 (Loss: 0.4925)
[========================                ]: 3762 (Loss: 0.3797)
[=========================               ]: 3763 (Loss: 0.3705)
[=========================               ]: 3764 (Loss: 0.4398)
[==========================              ]: 3765 (Loss: 0.3420)
[==========================              ]: 3766 (Loss: 0.3607)
[==========================              ]: 3767 (Loss: 0.3627)
[===========================             ]: 3768 (Loss: 0.3976)
[===========================             ]: 3769 (Loss: 0.4691)
[============================            ]: 3770 (Loss: 0.3370)
[============================            ]: 3771 (Loss: 0.3913)
[============================            ]: 3772 (Loss: 0.4488)
[=============================           ]: 3773 (Loss: 0.4035)
[=============================           ]: 3774 (Loss: 0.4308)
[==============================          ]: 3775 (Loss: 0.3768)
[==============================          ]: 3776 (Loss: 0.4990)
[==============================          ]: 3777 (Loss: 0.4751)
[===============================         ]: 3778 (Loss: 0.4680)
[===============================         ]: 3779 (Loss: 0.4204)
[================================        ]: 3780 (Loss: 0.4324)
[================================        ]: 3781 (Loss: 0.3445)
[================================        ]: 3782 (Loss: 0.3373)
[=================================       ]: 3783 (Loss: 0.3718)
[=================================       ]: 3784 (Loss: 0.3230)
[==================================      ]: 3785 (Loss: 0.4865)
[==================================      ]: 3786 (Loss: 0.4132)
[==================================      ]: 3787 (Loss: 0.3707)
[===================================     ]: 3788 (Loss: 0.2995)
[===================================     ]: 3789 (Loss: 0.3075)
[====================================    ]: 3790 (Loss: 0.5452)
[====================================    ]: 3791 (Loss: 0.3697)
[====================================    ]: 3792 (Loss: 0.5220)
[=====================================   ]: 3793 (Loss: 0.4104)
[=====================================   ]: 3794 (Loss: 0.3868)
[======================================  ]: 3795 (Loss: 0.4703)
[======================================  ]: 3796 (Loss: 0.3480)
[======================================  ]: 3797 (Loss: 0.3036)
[======================================= ]: 3798 (Loss: 0.4355)
[======================================= ]: 3799 (Loss: 0.2552)
[========================================]: 3800 (Loss: 0.3927)
                                                                                                    
[2026-07-16 21:18:58,455] [INFO] [__main__] Batch 3800 Loss: 0.399691 Cost: 7.37 Time: 170 ms/sequence

[                                        ]: 3801 (Loss: 0.4420)
[                                        ]: 3802 (Loss: 0.3903)
[=                                       ]: 3803 (Loss: 0.3275)
[=                                       ]: 3804 (Loss: 0.4357)
[==                                      ]: 3805 (Loss: 0.5287)
[==                                      ]: 3806 (Loss: 0.4231)
[==                                      ]: 3807 (Loss: 0.4786)
[===                                     ]: 3808 (Loss: 0.4575)
[===                                     ]: 3809 (Loss: 0.3783)
[====                                    ]: 3810 (Loss: 0.3784)
[====                                    ]: 3811 (Loss: 0.3353)
[====                                    ]: 3812 (Loss: 0.5464)
[=====                                   ]: 3813 (Loss: 0.4196)
[=====                                   ]: 3814 (Loss: 0.3878)
[======                                  ]: 3815 (Loss: 0.4340)
[======                                  ]: 3816 (Loss: 0.5178)
[======                                  ]: 3817 (Loss: 0.5660)
[=======                                 ]: 3818 (Loss: 0.4870)
[=======                                 ]: 3819 (Loss: 0.5023)
[========                                ]: 3820 (Loss: 0.4322)
[========                                ]: 3821 (Loss: 0.2987)
[========                                ]: 3822 (Loss: 0.3556)
[=========                               ]: 3823 (Loss: 0.3507)
[=========                               ]: 3824 (Loss: 0.3447)
[==========                              ]: 3825 (Loss: 0.4522)
[==========                              ]: 3826 (Loss: 0.2990)
[==========                              ]: 3827 (Loss: 0.4017)
[===========                             ]: 3828 (Loss: 0.4960)
[===========                             ]: 3829 (Loss: 0.4421)
[============                            ]: 3830 (Loss: 0.5046)
[============                            ]: 3831 (Loss: 0.4765)
[============                            ]: 3832 (Loss: 0.3185)
[=============                           ]: 3833 (Loss: 0.4810)
[=============                           ]: 3834 (Loss: 0.3894)
[==============                          ]: 3835 (Loss: 0.3835)
[==============                          ]: 3836 (Loss: 0.4623)
[==============                          ]: 3837 (Loss: 0.4572)
[===============                         ]: 3838 (Loss: 0.3178)
[===============                         ]: 3839 (Loss: 0.2646)
[================                        ]: 3840 (Loss: 0.3674)
[================                        ]: 3841 (Loss: 0.3927)
[================                        ]: 3842 (Loss: 0.4801)
[=================                       ]: 3843 (Loss: 0.5571)
[=================                       ]: 3844 (Loss: 0.3815)
[==================                      ]: 3845 (Loss: 0.3095)
[==================                      ]: 3846 (Loss: 0.3323)
[==================                      ]: 3847 (Loss: 0.4339)
[===================                     ]: 3848 (Loss: 0.5248)
[===================                     ]: 3849 (Loss: 0.4758)
[====================                    ]: 3850 (Loss: 0.4523)
[====================                    ]: 3851 (Loss: 0.3068)
[====================                    ]: 3852 (Loss: 0.3773)
[=====================                   ]: 3853 (Loss: 0.3626)
[=====================                   ]: 3854 (Loss: 0.3528)
[======================                  ]: 3855 (Loss: 0.2233)
[======================                  ]: 3856 (Loss: 0.4031)
[======================                  ]: 3857 (Loss: 0.2604)
[=======================                 ]: 3858 (Loss: 0.3878)
[=======================                 ]: 3859 (Loss: 0.4366)
[========================                ]: 3860 (Loss: 0.4475)
[========================                ]: 3861 (Loss: 0.2242)
[========================                ]: 3862 (Loss: 0.3818)
[=========================               ]: 3863 (Loss: 0.3139)
[=========================               ]: 3864 (Loss: 0.5258)
[==========================              ]: 3865 (Loss: 0.4586)
[==========================              ]: 3866 (Loss: 0.5283)
[==========================              ]: 3867 (Loss: 0.5907)
[===========================             ]: 3868 (Loss: 0.4184)
[===========================             ]: 3869 (Loss: 0.3232)
[============================            ]: 3870 (Loss: 0.5551)
[============================            ]: 3871 (Loss: 0.3365)
[============================            ]: 3872 (Loss: 0.3684)
[=============================           ]: 3873 (Loss: 0.3970)
[=============================           ]: 3874 (Loss: 0.3844)
[==============================          ]: 3875 (Loss: 0.5339)
[==============================          ]: 3876 (Loss: 0.4416)
[==============================          ]: 3877 (Loss: 0.3369)
[===============================         ]: 3878 (Loss: 0.4065)
[===============================         ]: 3879 (Loss: 0.4426)
[================================        ]: 3880 (Loss: 0.4358)
[================================        ]: 3881 (Loss: 0.4854)
[================================        ]: 3882 (Loss: 0.3694)
[=================================       ]: 3883 (Loss: 0.3683)
[=================================       ]: 3884 (Loss: 0.5382)
[==================================      ]: 3885 (Loss: 0.6709)
[==================================      ]: 3886 (Loss: 0.3799)
[==================================      ]: 3887 (Loss: 0.3551)
[===================================     ]: 3888 (Loss: 0.3655)
[===================================     ]: 3889 (Loss: 0.3208)
[====================================    ]: 3890 (Loss: 0.3867)
[====================================    ]: 3891 (Loss: 0.3451)
[====================================    ]: 3892 (Loss: 0.4594)
[=====================================   ]: 3893 (Loss: 0.3394)
[=====================================   ]: 3894 (Loss: 0.3584)
[======================================  ]: 3895 (Loss: 0.3988)
[======================================  ]: 3896 (Loss: 0.2980)
[======================================  ]: 3897 (Loss: 0.3878)
[======================================= ]: 3898 (Loss: 0.3778)
[======================================= ]: 3899 (Loss: 0.3315)
[========================================]: 3900 (Loss: 0.2381)
                                                                                                    
[2026-07-16 21:19:15,506] [INFO] [__main__] Batch 3900 Loss: 0.408086 Cost: 7.80 Time: 170 ms/sequence

[                                        ]: 3901 (Loss: 0.4160)
[                                        ]: 3902 (Loss: 0.5014)
[=                                       ]: 3903 (Loss: 0.4222)
[=                                       ]: 3904 (Loss: 0.4688)
[==                                      ]: 3905 (Loss: 0.4691)
[==                                      ]: 3906 (Loss: 0.4029)
[==                                      ]: 3907 (Loss: 0.4265)
[===                                     ]: 3908 (Loss: 0.3842)
[===                                     ]: 3909 (Loss: 0.3430)
[====                                    ]: 3910 (Loss: 0.3253)
[====                                    ]: 3911 (Loss: 0.4577)
[====                                    ]: 3912 (Loss: 0.3489)
[=====                                   ]: 3913 (Loss: 0.3913)
[=====                                   ]: 3914 (Loss: 0.3751)
[======                                  ]: 3915 (Loss: 0.3937)
[======                                  ]: 3916 (Loss: 0.3595)
[======                                  ]: 3917 (Loss: 0.3331)
[=======                                 ]: 3918 (Loss: 0.4181)
[=======                                 ]: 3919 (Loss: 0.3907)
[========                                ]: 3920 (Loss: 0.3637)
[========                                ]: 3921 (Loss: 0.4872)
[========                                ]: 3922 (Loss: 0.4333)
[=========                               ]: 3923 (Loss: 0.4177)
[=========                               ]: 3924 (Loss: 0.4931)
[==========                              ]: 3925 (Loss: 0.5209)
[==========                              ]: 3926 (Loss: 0.4187)
[==========                              ]: 3927 (Loss: 0.3781)
[===========                             ]: 3928 (Loss: 0.3589)
[===========                             ]: 3929 (Loss: 0.4762)
[============                            ]: 3930 (Loss: 0.4193)
[============                            ]: 3931 (Loss: 0.4293)
[============                            ]: 3932 (Loss: 0.3544)
[=============                           ]: 3933 (Loss: 0.4651)
[=============                           ]: 3934 (Loss: 0.3775)
[==============                          ]: 3935 (Loss: 0.3189)
[==============                          ]: 3936 (Loss: 0.4051)
[==============                          ]: 3937 (Loss: 0.4131)
[===============                         ]: 3938 (Loss: 0.3442)
[===============                         ]: 3939 (Loss: 0.4413)
[================                        ]: 3940 (Loss: 0.4055)
[================                        ]: 3941 (Loss: 0.3404)
[================                        ]: 3942 (Loss: 0.3318)
[=================                       ]: 3943 (Loss: 0.4687)
[=================                       ]: 3944 (Loss: 0.3972)
[==================                      ]: 3945 (Loss: 0.4967)
[==================                      ]: 3946 (Loss: 0.4233)
[==================                      ]: 3947 (Loss: 0.3699)
[===================                     ]: 3948 (Loss: 0.4359)
[===================                     ]: 3949 (Loss: 0.3953)
[====================                    ]: 3950 (Loss: 0.2379)
[====================                    ]: 3951 (Loss: 0.4457)
[====================                    ]: 3952 (Loss: 0.3455)
[=====================                   ]: 3953 (Loss: 0.3951)
[=====================                   ]: 3954 (Loss: 0.3776)
[======================                  ]: 3955 (Loss: 0.3530)
[======================                  ]: 3956 (Loss: 0.3134)
[======================                  ]: 3957 (Loss: 0.3553)
[=======================                 ]: 3958 (Loss: 0.2565)
[=======================                 ]: 3959 (Loss: 0.3128)
[========================                ]: 3960 (Loss: 0.3705)
[========================                ]: 3961 (Loss: 0.3290)
[========================                ]: 3962 (Loss: 0.3810)
[=========================               ]: 3963 (Loss: 0.4083)
[=========================               ]: 3964 (Loss: 0.2882)
[==========================              ]: 3965 (Loss: 0.2344)
[==========================              ]: 3966 (Loss: 0.4044)
[==========================              ]: 3967 (Loss: 0.3569)
[===========================             ]: 3968 (Loss: 0.4359)
[===========================             ]: 3969 (Loss: 0.4991)
[============================            ]: 3970 (Loss: 0.3541)
[============================            ]: 3971 (Loss: 0.4936)
[============================            ]: 3972 (Loss: 0.4466)
[=============================           ]: 3973 (Loss: 0.4598)
[=============================           ]: 3974 (Loss: 0.4124)
[==============================          ]: 3975 (Loss: 0.3307)
[==============================          ]: 3976 (Loss: 0.3023)
[==============================          ]: 3977 (Loss: 0.4297)
[===============================         ]: 3978 (Loss: 0.3890)
[===============================         ]: 3979 (Loss: 0.4854)
[================================        ]: 3980 (Loss: 0.4340)
[================================        ]: 3981 (Loss: 0.3797)
[================================        ]: 3982 (Loss: 0.3358)
[=================================       ]: 3983 (Loss: 0.3933)
[=================================       ]: 3984 (Loss: 0.5623)
[==================================      ]: 3985 (Loss: 0.4032)
[==================================      ]: 3986 (Loss: 0.3124)
[==================================      ]: 3987 (Loss: 0.3251)
[===================================     ]: 3988 (Loss: 0.4240)
[===================================     ]: 3989 (Loss: 0.4953)
[====================================    ]: 3990 (Loss: 0.4731)
[====================================    ]: 3991 (Loss: 0.4195)
[====================================    ]: 3992 (Loss: 0.3832)
[=====================================   ]: 3993 (Loss: 0.3629)
[=====================================   ]: 3994 (Loss: 0.4402)
[======================================  ]: 3995 (Loss: 0.4148)
[======================================  ]: 3996 (Loss: 0.5595)
[======================================  ]: 3997 (Loss: 0.3314)
[======================================= ]: 3998 (Loss: 0.4109)
[======================================= ]: 3999 (Loss: 0.4087)
[========================================]: 4000 (Loss: 0.3522)
                                                                                                    
[2026-07-16 21:19:32,457] [INFO] [__main__] Batch 4000 Loss: 0.398343 Cost: 7.57 Time: 169 ms/sequence

                                                                                                    
[2026-07-16 21:19:32,461] [INFO] [__main__] Saving checkpoint to 'runs\copy_sanity_len5\copy\none\seed_1002\checkpoint-batch-00004000.pt'

[                                        ]: 4001 (Loss: 0.2976)
[                                        ]: 4002 (Loss: 0.2602)
[=                                       ]: 4003 (Loss: 0.3970)
[=                                       ]: 4004 (Loss: 0.4727)
[==                                      ]: 4005 (Loss: 0.3726)
[==                                      ]: 4006 (Loss: 0.4508)
[==                                      ]: 4007 (Loss: 0.4382)
[===                                     ]: 4008 (Loss: 0.2468)
[===                                     ]: 4009 (Loss: 0.4237)
[====                                    ]: 4010 (Loss: 0.4335)
[====                                    ]: 4011 (Loss: 0.3437)
[====                                    ]: 4012 (Loss: 0.4183)
[=====                                   ]: 4013 (Loss: 0.2783)
[=====                                   ]: 4014 (Loss: 0.4151)
[======                                  ]: 4015 (Loss: 0.2671)
[======                                  ]: 4016 (Loss: 0.3023)
[======                                  ]: 4017 (Loss: 0.4035)
[=======                                 ]: 4018 (Loss: 0.2765)
[=======                                 ]: 4019 (Loss: 0.4291)
[========                                ]: 4020 (Loss: 0.3878)
[========                                ]: 4021 (Loss: 0.3255)
[========                                ]: 4022 (Loss: 0.3743)
[=========                               ]: 4023 (Loss: 0.4022)
[=========                               ]: 4024 (Loss: 0.4701)
[==========                              ]: 4025 (Loss: 0.4975)
[==========                              ]: 4026 (Loss: 0.3452)
[==========                              ]: 4027 (Loss: 0.4927)
[===========                             ]: 4028 (Loss: 0.4296)
[===========                             ]: 4029 (Loss: 0.4194)
[============                            ]: 4030 (Loss: 0.4634)
[============                            ]: 4031 (Loss: 0.4321)
[============                            ]: 4032 (Loss: 0.5213)
[=============                           ]: 4033 (Loss: 0.5301)
[=============                           ]: 4034 (Loss: 0.2832)
[==============                          ]: 4035 (Loss: 0.5447)
[==============                          ]: 4036 (Loss: 0.3857)
[==============                          ]: 4037 (Loss: 0.2803)
[===============                         ]: 4038 (Loss: 0.3783)
[===============                         ]: 4039 (Loss: 0.3781)
[================                        ]: 4040 (Loss: 0.4053)
[================                        ]: 4041 (Loss: 0.4585)
[================                        ]: 4042 (Loss: 0.3864)
[=================                       ]: 4043 (Loss: 0.2891)
[=================                       ]: 4044 (Loss: 0.2970)
[==================                      ]: 4045 (Loss: 0.3735)
[==================                      ]: 4046 (Loss: 0.4259)
[==================                      ]: 4047 (Loss: 0.3995)
[===================                     ]: 4048 (Loss: 0.3269)
[===================                     ]: 4049 (Loss: 0.4081)
[====================                    ]: 4050 (Loss: 0.3627)
[====================                    ]: 4051 (Loss: 0.4166)
[====================                    ]: 4052 (Loss: 0.3908)
[=====================                   ]: 4053 (Loss: 0.4338)
[=====================                   ]: 4054 (Loss: 0.4121)
[======================                  ]: 4055 (Loss: 0.3950)
[======================                  ]: 4056 (Loss: 0.3606)
[======================                  ]: 4057 (Loss: 0.3562)
[=======================                 ]: 4058 (Loss: 0.3527)
[=======================                 ]: 4059 (Loss: 0.4706)
[========================                ]: 4060 (Loss: 0.5284)
[========================                ]: 4061 (Loss: 0.4142)
[========================                ]: 4062 (Loss: 0.4366)
[=========================               ]: 4063 (Loss: 0.3194)
[=========================               ]: 4064 (Loss: 0.4685)
[==========================              ]: 4065 (Loss: 0.4211)
[==========================              ]: 4066 (Loss: 0.3772)
[==========================              ]: 4067 (Loss: 0.3507)
[===========================             ]: 4068 (Loss: 0.3919)
[===========================             ]: 4069 (Loss: 0.4124)
[============================            ]: 4070 (Loss: 0.4013)
[============================            ]: 4071 (Loss: 0.4231)
[============================            ]: 4072 (Loss: 0.5986)
[=============================           ]: 4073 (Loss: 0.4103)
[=============================           ]: 4074 (Loss: 0.3585)
[==============================          ]: 4075 (Loss: 0.3813)
[==============================          ]: 4076 (Loss: 0.4382)
[==============================          ]: 4077 (Loss: 0.4847)
[===============================         ]: 4078 (Loss: 0.2904)
[===============================         ]: 4079 (Loss: 0.3641)
[================================        ]: 4080 (Loss: 0.3330)
[================================        ]: 4081 (Loss: 0.3474)
[================================        ]: 4082 (Loss: 0.4287)
[=================================       ]: 4083 (Loss: 0.3839)
[=================================       ]: 4084 (Loss: 0.4517)
[==================================      ]: 4085 (Loss: 0.3627)
[==================================      ]: 4086 (Loss: 0.6070)
[==================================      ]: 4087 (Loss: 0.3028)
[===================================     ]: 4088 (Loss: 0.3907)
[===================================     ]: 4089 (Loss: 0.3156)
[====================================    ]: 4090 (Loss: 0.3620)
[====================================    ]: 4091 (Loss: 0.2946)
[====================================    ]: 4092 (Loss: 0.4872)
[=====================================   ]: 4093 (Loss: 0.4764)
[=====================================   ]: 4094 (Loss: 0.3783)
[======================================  ]: 4095 (Loss: 0.4744)
[======================================  ]: 4096 (Loss: 0.3528)
[======================================  ]: 4097 (Loss: 0.3163)
[======================================= ]: 4098 (Loss: 0.4377)
[======================================= ]: 4099 (Loss: 0.4818)
[========================================]: 4100 (Loss: 0.3716)
                                                                                                    
[2026-07-16 21:19:50,378] [INFO] [__main__] Batch 4100 Loss: 0.396171 Cost: 7.58 Time: 179 ms/sequence

[                                        ]: 4101 (Loss: 0.3930)
[                                        ]: 4102 (Loss: 0.3437)
[=                                       ]: 4103 (Loss: 0.4764)
[=                                       ]: 4104 (Loss: 0.4278)
[==                                      ]: 4105 (Loss: 0.4353)
[==                                      ]: 4106 (Loss: 0.2750)
[==                                      ]: 4107 (Loss: 0.4161)
[===                                     ]: 4108 (Loss: 0.4198)
[===                                     ]: 4109 (Loss: 0.3977)
[====                                    ]: 4110 (Loss: 0.4161)
[====                                    ]: 4111 (Loss: 0.4734)
[====                                    ]: 4112 (Loss: 0.4182)
[=====                                   ]: 4113 (Loss: 0.3019)
[=====                                   ]: 4114 (Loss: 0.3558)
[======                                  ]: 4115 (Loss: 0.4305)
[======                                  ]: 4116 (Loss: 0.4002)
[======                                  ]: 4117 (Loss: 0.3283)
[=======                                 ]: 4118 (Loss: 0.5180)
[=======                                 ]: 4119 (Loss: 0.3732)
[========                                ]: 4120 (Loss: 0.3337)
[========                                ]: 4121 (Loss: 0.3006)
[========                                ]: 4122 (Loss: 0.4217)
[=========                               ]: 4123 (Loss: 0.3193)
[=========                               ]: 4124 (Loss: 0.3302)
[==========                              ]: 4125 (Loss: 0.3467)
[==========                              ]: 4126 (Loss: 0.3564)
[==========                              ]: 4127 (Loss: 0.4092)
[===========                             ]: 4128 (Loss: 0.3588)
[===========                             ]: 4129 (Loss: 0.3933)
[============                            ]: 4130 (Loss: 0.3469)
[============                            ]: 4131 (Loss: 0.5016)
[============                            ]: 4132 (Loss: 0.4772)
[=============                           ]: 4133 (Loss: 0.4014)
[=============                           ]: 4134 (Loss: 0.4478)
[==============                          ]: 4135 (Loss: 0.3373)
[==============                          ]: 4136 (Loss: 0.3373)
[==============                          ]: 4137 (Loss: 0.3767)
[===============                         ]: 4138 (Loss: 0.4319)
[===============                         ]: 4139 (Loss: 0.4350)
[================                        ]: 4140 (Loss: 0.2153)
[================                        ]: 4141 (Loss: 0.5372)
[================                        ]: 4142 (Loss: 0.4855)
[=================                       ]: 4143 (Loss: 0.4741)
[=================                       ]: 4144 (Loss: 0.3977)
[==================                      ]: 4145 (Loss: 0.4190)
[==================                      ]: 4146 (Loss: 0.3179)
[==================                      ]: 4147 (Loss: 0.4466)
[===================                     ]: 4148 (Loss: 0.4753)
[===================                     ]: 4149 (Loss: 0.3595)
[====================                    ]: 4150 (Loss: 0.4330)
[====================                    ]: 4151 (Loss: 0.2902)
[====================                    ]: 4152 (Loss: 0.3827)
[=====================                   ]: 4153 (Loss: 0.4544)
[=====================                   ]: 4154 (Loss: 0.2973)
[======================                  ]: 4155 (Loss: 0.4024)
[======================                  ]: 4156 (Loss: 0.4632)
[======================                  ]: 4157 (Loss: 0.4852)
[=======================                 ]: 4158 (Loss: 0.4207)
[=======================                 ]: 4159 (Loss: 0.4180)
[========================                ]: 4160 (Loss: 0.3010)
[========================                ]: 4161 (Loss: 0.4119)
[========================                ]: 4162 (Loss: 0.3289)
[=========================               ]: 4163 (Loss: 0.3874)
[=========================               ]: 4164 (Loss: 0.3634)
[==========================              ]: 4165 (Loss: 0.3995)
[==========================              ]: 4166 (Loss: 0.3973)
[==========================              ]: 4167 (Loss: 0.4357)
[===========================             ]: 4168 (Loss: 0.3805)
[===========================             ]: 4169 (Loss: 0.3531)
[============================            ]: 4170 (Loss: 0.4094)
[============================            ]: 4171 (Loss: 0.4682)
[============================            ]: 4172 (Loss: 0.3450)
[=============================           ]: 4173 (Loss: 0.3921)
[=============================           ]: 4174 (Loss: 0.3815)
[==============================          ]: 4175 (Loss: 0.3464)
[==============================          ]: 4176 (Loss: 0.3179)
[==============================          ]: 4177 (Loss: 0.4319)
[===============================         ]: 4178 (Loss: 0.5327)
[===============================         ]: 4179 (Loss: 0.4857)
[================================        ]: 4180 (Loss: 0.2873)
[================================        ]: 4181 (Loss: 0.4048)
[================================        ]: 4182 (Loss: 0.3450)
[=================================       ]: 4183 (Loss: 0.3758)
[=================================       ]: 4184 (Loss: 0.3685)
[==================================      ]: 4185 (Loss: 0.4297)
[==================================      ]: 4186 (Loss: 0.3690)
[==================================      ]: 4187 (Loss: 0.2918)
[===================================     ]: 4188 (Loss: 0.4367)
[===================================     ]: 4189 (Loss: 0.4567)
[====================================    ]: 4190 (Loss: 0.4132)
[====================================    ]: 4191 (Loss: 0.3757)
[====================================    ]: 4192 (Loss: 0.3702)
[=====================================   ]: 4193 (Loss: 0.4139)
[=====================================   ]: 4194 (Loss: 0.4008)
[======================================  ]: 4195 (Loss: 0.4644)
[======================================  ]: 4196 (Loss: 0.3452)
[======================================  ]: 4197 (Loss: 0.3574)
[======================================= ]: 4198 (Loss: 0.4006)
[======================================= ]: 4199 (Loss: 0.3564)
[========================================]: 4200 (Loss: 0.3862)
                                                                                                    
[2026-07-16 21:20:07,593] [INFO] [__main__] Batch 4200 Loss: 0.393569 Cost: 7.36 Time: 172 ms/sequence

[                                        ]: 4201 (Loss: 0.4112)
[                                        ]: 4202 (Loss: 0.3524)
[=                                       ]: 4203 (Loss: 0.3913)
[=                                       ]: 4204 (Loss: 0.3334)
[==                                      ]: 4205 (Loss: 0.3961)
[==                                      ]: 4206 (Loss: 0.3641)
[==                                      ]: 4207 (Loss: 0.3296)
[===                                     ]: 4208 (Loss: 0.3788)
[===                                     ]: 4209 (Loss: 0.3557)
[====                                    ]: 4210 (Loss: 0.5329)
[====                                    ]: 4211 (Loss: 0.3676)
[====                                    ]: 4212 (Loss: 0.4201)
[=====                                   ]: 4213 (Loss: 0.4246)
[=====                                   ]: 4214 (Loss: 0.3684)
[======                                  ]: 4215 (Loss: 0.4517)
[======                                  ]: 4216 (Loss: 0.4466)
[======                                  ]: 4217 (Loss: 0.4790)
[=======                                 ]: 4218 (Loss: 0.4077)
[=======                                 ]: 4219 (Loss: 0.3453)
[========                                ]: 4220 (Loss: 0.3451)
[========                                ]: 4221 (Loss: 0.4628)
[========                                ]: 4222 (Loss: 0.4343)
[=========                               ]: 4223 (Loss: 0.4629)
[=========                               ]: 4224 (Loss: 0.5043)
[==========                              ]: 4225 (Loss: 0.3255)
[==========                              ]: 4226 (Loss: 0.4367)
[==========                              ]: 4227 (Loss: 0.4539)
[===========                             ]: 4228 (Loss: 0.3223)
[===========                             ]: 4229 (Loss: 0.3573)
[============                            ]: 4230 (Loss: 0.4348)
[============                            ]: 4231 (Loss: 0.3642)
[============                            ]: 4232 (Loss: 0.3336)
[=============                           ]: 4233 (Loss: 0.3749)
[=============                           ]: 4234 (Loss: 0.4986)
[==============                          ]: 4235 (Loss: 0.3600)
[==============                          ]: 4236 (Loss: 0.3833)
[==============                          ]: 4237 (Loss: 0.4303)
[===============                         ]: 4238 (Loss: 0.4676)
[===============                         ]: 4239 (Loss: 0.4555)
[================                        ]: 4240 (Loss: 0.4217)
[================                        ]: 4241 (Loss: 0.4057)
[================                        ]: 4242 (Loss: 0.4401)
[=================                       ]: 4243 (Loss: 0.4460)
[=================                       ]: 4244 (Loss: 0.3343)
[==================                      ]: 4245 (Loss: 0.3542)
[==================                      ]: 4246 (Loss: 0.4576)
[==================                      ]: 4247 (Loss: 0.4660)
[===================                     ]: 4248 (Loss: 0.4881)
[===================                     ]: 4249 (Loss: 0.2884)
[====================                    ]: 4250 (Loss: 0.3299)
[====================                    ]: 4251 (Loss: 0.2660)
[====================                    ]: 4252 (Loss: 0.3441)
[=====================                   ]: 4253 (Loss: 0.3305)
[=====================                   ]: 4254 (Loss: 0.3526)
[======================                  ]: 4255 (Loss: 0.2790)
[======================                  ]: 4256 (Loss: 0.3679)
[======================                  ]: 4257 (Loss: 0.2384)
[=======================                 ]: 4258 (Loss: 0.3008)
[=======================                 ]: 4259 (Loss: 0.4141)
[========================                ]: 4260 (Loss: 0.3201)
[========================                ]: 4261 (Loss: 0.3723)
[========================                ]: 4262 (Loss: 0.5335)
[=========================               ]: 4263 (Loss: 0.5564)
[=========================               ]: 4264 (Loss: 0.4422)
[==========================              ]: 4265 (Loss: 0.3985)
[==========================              ]: 4266 (Loss: 0.4692)
[==========================              ]: 4267 (Loss: 0.2992)
[===========================             ]: 4268 (Loss: 0.2785)
[===========================             ]: 4269 (Loss: 0.5559)
[============================            ]: 4270 (Loss: 0.4915)
[============================            ]: 4271 (Loss: 0.4349)
[============================            ]: 4272 (Loss: 0.4541)
[=============================           ]: 4273 (Loss: 0.3591)
[=============================           ]: 4274 (Loss: 0.3104)
[==============================          ]: 4275 (Loss: 0.4493)
[==============================          ]: 4276 (Loss: 0.4207)
[==============================          ]: 4277 (Loss: 0.3864)
[===============================         ]: 4278 (Loss: 0.4095)
[===============================         ]: 4279 (Loss: 0.3701)
[================================        ]: 4280 (Loss: 0.4496)
[================================        ]: 4281 (Loss: 0.3858)
[================================        ]: 4282 (Loss: 0.3349)
[=================================       ]: 4283 (Loss: 0.5440)
[=================================       ]: 4284 (Loss: 0.3080)
[==================================      ]: 4285 (Loss: 0.3190)
[==================================      ]: 4286 (Loss: 0.3427)
[==================================      ]: 4287 (Loss: 0.5011)
[===================================     ]: 4288 (Loss: 0.4993)
[===================================     ]: 4289 (Loss: 0.3210)
[====================================    ]: 4290 (Loss: 0.2601)
[====================================    ]: 4291 (Loss: 0.4259)
[====================================    ]: 4292 (Loss: 0.2889)
[=====================================   ]: 4293 (Loss: 0.4422)
[=====================================   ]: 4294 (Loss: 0.4114)
[======================================  ]: 4295 (Loss: 0.4469)
[======================================  ]: 4296 (Loss: 0.3986)
[======================================  ]: 4297 (Loss: 0.2896)
[======================================= ]: 4298 (Loss: 0.4608)
[======================================= ]: 4299 (Loss: 0.3435)
[========================================]: 4300 (Loss: 0.2871)
                                                                                                    
[2026-07-16 21:20:24,788] [INFO] [__main__] Batch 4300 Loss: 0.394623 Cost: 7.24 Time: 171 ms/sequence

[                                        ]: 4301 (Loss: 0.3456)
[                                        ]: 4302 (Loss: 0.3801)
[=                                       ]: 4303 (Loss: 0.4464)
[=                                       ]: 4304 (Loss: 0.3076)
[==                                      ]: 4305 (Loss: 0.4245)
[==                                      ]: 4306 (Loss: 0.3321)
[==                                      ]: 4307 (Loss: 0.4535)
[===                                     ]: 4308 (Loss: 0.3913)
[===                                     ]: 4309 (Loss: 0.3439)
[====                                    ]: 4310 (Loss: 0.3563)
[====                                    ]: 4311 (Loss: 0.3471)
[====                                    ]: 4312 (Loss: 0.3959)
[=====                                   ]: 4313 (Loss: 0.4916)
[=====                                   ]: 4314 (Loss: 0.3064)
[======                                  ]: 4315 (Loss: 0.4391)
[======                                  ]: 4316 (Loss: 0.3535)
[======                                  ]: 4317 (Loss: 0.3325)
[=======                                 ]: 4318 (Loss: 0.4393)
[=======                                 ]: 4319 (Loss: 0.3788)
[========                                ]: 4320 (Loss: 0.3169)
[========                                ]: 4321 (Loss: 0.5306)
[========                                ]: 4322 (Loss: 0.4081)
[=========                               ]: 4323 (Loss: 0.4246)
[=========                               ]: 4324 (Loss: 0.3125)
[==========                              ]: 4325 (Loss: 0.5317)
[==========                              ]: 4326 (Loss: 0.4172)
[==========                              ]: 4327 (Loss: 0.3892)
[===========                             ]: 4328 (Loss: 0.4420)
[===========                             ]: 4329 (Loss: 0.4335)
[============                            ]: 4330 (Loss: 0.3138)
[============                            ]: 4331 (Loss: 0.3987)
[============                            ]: 4332 (Loss: 0.2370)
[=============                           ]: 4333 (Loss: 0.4935)
[=============                           ]: 4334 (Loss: 0.4028)
[==============                          ]: 4335 (Loss: 0.3055)
[==============                          ]: 4336 (Loss: 0.3517)
[==============                          ]: 4337 (Loss: 0.3641)
[===============                         ]: 4338 (Loss: 0.4923)
[===============                         ]: 4339 (Loss: 0.4447)
[================                        ]: 4340 (Loss: 0.4616)
[================                        ]: 4341 (Loss: 0.3927)
[================                        ]: 4342 (Loss: 0.4298)
[=================                       ]: 4343 (Loss: 0.4171)
[=================                       ]: 4344 (Loss: 0.4427)
[==================                      ]: 4345 (Loss: 0.4389)
[==================                      ]: 4346 (Loss: 0.3740)
[==================                      ]: 4347 (Loss: 0.2966)
[===================                     ]: 4348 (Loss: 0.3631)
[===================                     ]: 4349 (Loss: 0.3519)
[====================                    ]: 4350 (Loss: 0.4059)
[====================                    ]: 4351 (Loss: 0.3803)
[====================                    ]: 4352 (Loss: 0.4296)
[=====================                   ]: 4353 (Loss: 0.4552)
[=====================                   ]: 4354 (Loss: 0.3826)
[======================                  ]: 4355 (Loss: 0.4453)
[======================                  ]: 4356 (Loss: 0.4141)
[======================                  ]: 4357 (Loss: 0.4725)
[=======================                 ]: 4358 (Loss: 0.3728)
[=======================                 ]: 4359 (Loss: 0.5972)
[========================                ]: 4360 (Loss: 0.3086)
[========================                ]: 4361 (Loss: 0.5292)
[========================                ]: 4362 (Loss: 0.3868)
[=========================               ]: 4363 (Loss: 0.5136)
[=========================               ]: 4364 (Loss: 0.4982)
[==========================              ]: 4365 (Loss: 0.3398)
[==========================              ]: 4366 (Loss: 0.3275)
[==========================              ]: 4367 (Loss: 0.5206)
[===========================             ]: 4368 (Loss: 0.2535)
[===========================             ]: 4369 (Loss: 0.3652)
[============================            ]: 4370 (Loss: 0.3427)
[============================            ]: 4371 (Loss: 0.4080)
[============================            ]: 4372 (Loss: 0.3969)
[=============================           ]: 4373 (Loss: 0.3187)
[=============================           ]: 4374 (Loss: 0.4208)
[==============================          ]: 4375 (Loss: 0.5030)
[==============================          ]: 4376 (Loss: 0.2899)
[==============================          ]: 4377 (Loss: 0.4018)
[===============================         ]: 4378 (Loss: 0.4148)
[===============================         ]: 4379 (Loss: 0.3313)
[================================        ]: 4380 (Loss: 0.3401)
[================================        ]: 4381 (Loss: 0.3323)
[================================        ]: 4382 (Loss: 0.4143)
[=================================       ]: 4383 (Loss: 0.2630)
[=================================       ]: 4384 (Loss: 0.3900)
[==================================      ]: 4385 (Loss: 0.3767)
[==================================      ]: 4386 (Loss: 0.3006)
[==================================      ]: 4387 (Loss: 0.4680)
[===================================     ]: 4388 (Loss: 0.3147)
[===================================     ]: 4389 (Loss: 0.5169)
[====================================    ]: 4390 (Loss: 0.4157)
[====================================    ]: 4391 (Loss: 0.4357)
[====================================    ]: 4392 (Loss: 0.3783)
[=====================================   ]: 4393 (Loss: 0.3553)
[=====================================   ]: 4394 (Loss: 0.4412)
[======================================  ]: 4395 (Loss: 0.2990)
[======================================  ]: 4396 (Loss: 0.4166)
[======================================  ]: 4397 (Loss: 0.3637)
[======================================= ]: 4398 (Loss: 0.4590)
[======================================= ]: 4399 (Loss: 0.3510)
[========================================]: 4400 (Loss: 0.2794)
                                                                                                    
[2026-07-16 21:20:41,851] [INFO] [__main__] Batch 4400 Loss: 0.393819 Cost: 7.75 Time: 170 ms/sequence

[                                        ]: 4401 (Loss: 0.3912)
[                                        ]: 4402 (Loss: 0.4187)
[=                                       ]: 4403 (Loss: 0.3872)
[=                                       ]: 4404 (Loss: 0.4801)
[==                                      ]: 4405 (Loss: 0.4934)
[==                                      ]: 4406 (Loss: 0.4939)
[==                                      ]: 4407 (Loss: 0.4203)
[===                                     ]: 4408 (Loss: 0.3774)
[===                                     ]: 4409 (Loss: 0.3598)
[====                                    ]: 4410 (Loss: 0.3401)
[====                                    ]: 4411 (Loss: 0.3533)
[====                                    ]: 4412 (Loss: 0.3791)
[=====                                   ]: 4413 (Loss: 0.4213)
[=====                                   ]: 4414 (Loss: 0.3298)
[======                                  ]: 4415 (Loss: 0.2845)
[======                                  ]: 4416 (Loss: 0.3425)
[======                                  ]: 4417 (Loss: 0.3312)
[=======                                 ]: 4418 (Loss: 0.4162)
[=======                                 ]: 4419 (Loss: 0.4186)
[========                                ]: 4420 (Loss: 0.3695)
[========                                ]: 4421 (Loss: 0.3230)
[========                                ]: 4422 (Loss: 0.3503)
[=========                               ]: 4423 (Loss: 0.3971)
[=========                               ]: 4424 (Loss: 0.2848)
[==========                              ]: 4425 (Loss: 0.3905)
[==========                              ]: 4426 (Loss: 0.2957)
[==========                              ]: 4427 (Loss: 0.4566)
[===========                             ]: 4428 (Loss: 0.3442)
[===========                             ]: 4429 (Loss: 0.3714)
[============                            ]: 4430 (Loss: 0.4847)
[============                            ]: 4431 (Loss: 0.3897)
[============                            ]: 4432 (Loss: 0.3038)
[=============                           ]: 4433 (Loss: 0.4688)
[=============                           ]: 4434 (Loss: 0.3857)
[==============                          ]: 4435 (Loss: 0.3560)
[==============                          ]: 4436 (Loss: 0.2173)
[==============                          ]: 4437 (Loss: 0.3818)
[===============                         ]: 4438 (Loss: 0.2757)
[===============                         ]: 4439 (Loss: 0.3485)
[================                        ]: 4440 (Loss: 0.5329)
[================                        ]: 4441 (Loss: 0.3308)
[================                        ]: 4442 (Loss: 0.3739)
[=================                       ]: 4443 (Loss: 0.3606)
[=================                       ]: 4444 (Loss: 0.3548)
[==================                      ]: 4445 (Loss: 0.4304)
[==================                      ]: 4446 (Loss: 0.2534)
[==================                      ]: 4447 (Loss: 0.3188)
[===================                     ]: 4448 (Loss: 0.3909)
[===================                     ]: 4449 (Loss: 0.3662)
[====================                    ]: 4450 (Loss: 0.3417)
[====================                    ]: 4451 (Loss: 0.4689)
[====================                    ]: 4452 (Loss: 0.3546)
[=====================                   ]: 4453 (Loss: 0.2993)
[=====================                   ]: 4454 (Loss: 0.3168)
[======================                  ]: 4455 (Loss: 0.3695)
[======================                  ]: 4456 (Loss: 0.4924)
[======================                  ]: 4457 (Loss: 0.2985)
[=======================                 ]: 4458 (Loss: 0.3833)
[=======================                 ]: 4459 (Loss: 0.4105)
[========================                ]: 4460 (Loss: 0.5821)
[========================                ]: 4461 (Loss: 0.5516)
[========================                ]: 4462 (Loss: 0.4018)
[=========================               ]: 4463 (Loss: 0.3689)
[=========================               ]: 4464 (Loss: 0.3681)
[==========================              ]: 4465 (Loss: 0.4111)
[==========================              ]: 4466 (Loss: 0.3703)
[==========================              ]: 4467 (Loss: 0.3171)
[===========================             ]: 4468 (Loss: 0.3774)
[===========================             ]: 4469 (Loss: 0.4022)
[============================            ]: 4470 (Loss: 0.4332)
[============================            ]: 4471 (Loss: 0.3625)
[============================            ]: 4472 (Loss: 0.4266)
[=============================           ]: 4473 (Loss: 0.4273)
[=============================           ]: 4474 (Loss: 0.4369)
[==============================          ]: 4475 (Loss: 0.3982)
[==============================          ]: 4476 (Loss: 0.3585)
[==============================          ]: 4477 (Loss: 0.3347)
[===============================         ]: 4478 (Loss: 0.3225)
[===============================         ]: 4479 (Loss: 0.4299)
[================================        ]: 4480 (Loss: 0.3625)
[================================        ]: 4481 (Loss: 0.3514)
[================================        ]: 4482 (Loss: 0.4698)
[=================================       ]: 4483 (Loss: 0.4290)
[=================================       ]: 4484 (Loss: 0.4774)
[==================================      ]: 4485 (Loss: 0.4567)
[==================================      ]: 4486 (Loss: 0.3180)
[==================================      ]: 4487 (Loss: 0.3082)
[===================================     ]: 4488 (Loss: 0.3721)
[===================================     ]: 4489 (Loss: 0.4813)
[====================================    ]: 4490 (Loss: 0.3008)
[====================================    ]: 4491 (Loss: 0.3056)
[====================================    ]: 4492 (Loss: 0.2878)
[=====================================   ]: 4493 (Loss: 0.3726)
[=====================================   ]: 4494 (Loss: 0.3681)
[======================================  ]: 4495 (Loss: 0.3169)
[======================================  ]: 4496 (Loss: 0.5967)
[======================================  ]: 4497 (Loss: 0.3970)
[======================================= ]: 4498 (Loss: 0.4675)
[======================================= ]: 4499 (Loss: 0.4936)
[========================================]: 4500 (Loss: 0.2690)
                                                                                                    
[2026-07-16 21:20:58,891] [INFO] [__main__] Batch 4500 Loss: 0.383645 Cost: 7.25 Time: 170 ms/sequence

[                                        ]: 4501 (Loss: 0.3862)
[                                        ]: 4502 (Loss: 0.2988)
[=                                       ]: 4503 (Loss: 0.2937)
[=                                       ]: 4504 (Loss: 0.4264)
[==                                      ]: 4505 (Loss: 0.5656)
[==                                      ]: 4506 (Loss: 0.3997)
[==                                      ]: 4507 (Loss: 0.3302)
[===                                     ]: 4508 (Loss: 0.4086)
[===                                     ]: 4509 (Loss: 0.3140)
[====                                    ]: 4510 (Loss: 0.3711)
[====                                    ]: 4511 (Loss: 0.3782)
[====                                    ]: 4512 (Loss: 0.2208)
[=====                                   ]: 4513 (Loss: 0.4106)
[=====                                   ]: 4514 (Loss: 0.2607)
[======                                  ]: 4515 (Loss: 0.2859)
[======                                  ]: 4516 (Loss: 0.4447)
[======                                  ]: 4517 (Loss: 0.4142)
[=======                                 ]: 4518 (Loss: 0.4266)
[=======                                 ]: 4519 (Loss: 0.4365)
[========                                ]: 4520 (Loss: 0.3558)
[========                                ]: 4521 (Loss: 0.3017)
[========                                ]: 4522 (Loss: 0.4211)
[=========                               ]: 4523 (Loss: 0.4427)
[=========                               ]: 4524 (Loss: 0.4687)
[==========                              ]: 4525 (Loss: 0.3163)
[==========                              ]: 4526 (Loss: 0.3179)
[==========                              ]: 4527 (Loss: 0.2753)
[===========                             ]: 4528 (Loss: 0.3588)
[===========                             ]: 4529 (Loss: 0.3570)
[============                            ]: 4530 (Loss: 0.2409)
[============                            ]: 4531 (Loss: 0.2930)
[============                            ]: 4532 (Loss: 0.6531)
[=============                           ]: 4533 (Loss: 0.3990)
[=============                           ]: 4534 (Loss: 0.3329)
[==============                          ]: 4535 (Loss: 0.4661)
[==============                          ]: 4536 (Loss: 0.2318)
[==============                          ]: 4537 (Loss: 0.3223)
[===============                         ]: 4538 (Loss: 0.3641)
[===============                         ]: 4539 (Loss: 0.3007)
[================                        ]: 4540 (Loss: 0.3259)
[================                        ]: 4541 (Loss: 0.2785)
[================                        ]: 4542 (Loss: 0.3794)
[=================                       ]: 4543 (Loss: 0.3244)
[=================                       ]: 4544 (Loss: 0.4762)
[==================                      ]: 4545 (Loss: 0.4004)
[==================                      ]: 4546 (Loss: 0.3147)
[==================                      ]: 4547 (Loss: 0.4890)
[===================                     ]: 4548 (Loss: 0.3809)
[===================                     ]: 4549 (Loss: 0.3710)
[====================                    ]: 4550 (Loss: 0.2773)
[====================                    ]: 4551 (Loss: 0.4750)
[====================                    ]: 4552 (Loss: 0.3760)
[=====================                   ]: 4553 (Loss: 0.4217)
[=====================                   ]: 4554 (Loss: 0.3774)
[======================                  ]: 4555 (Loss: 0.4441)
[======================                  ]: 4556 (Loss: 0.4457)
[======================                  ]: 4557 (Loss: 0.3862)
[=======================                 ]: 4558 (Loss: 0.4658)
[=======================                 ]: 4559 (Loss: 0.3146)
[========================                ]: 4560 (Loss: 0.5177)
[========================                ]: 4561 (Loss: 0.4101)
[========================                ]: 4562 (Loss: 0.4004)
[=========================               ]: 4563 (Loss: 0.2361)
[=========================               ]: 4564 (Loss: 0.4991)
[==========================              ]: 4565 (Loss: 0.4807)
[==========================              ]: 4566 (Loss: 0.3744)
[==========================              ]: 4567 (Loss: 0.4313)
[===========================             ]: 4568 (Loss: 0.3011)
[===========================             ]: 4569 (Loss: 0.3875)
[============================            ]: 4570 (Loss: 0.3292)
[============================            ]: 4571 (Loss: 0.3618)
[============================            ]: 4572 (Loss: 0.4231)
[=============================           ]: 4573 (Loss: 0.5643)
[=============================           ]: 4574 (Loss: 0.3308)
[==============================          ]: 4575 (Loss: 0.3816)
[==============================          ]: 4576 (Loss: 0.4675)
[==============================          ]: 4577 (Loss: 0.4702)
[===============================         ]: 4578 (Loss: 0.3294)
[===============================         ]: 4579 (Loss: 0.4704)
[================================        ]: 4580 (Loss: 0.3867)
[================================        ]: 4581 (Loss: 0.3646)
[================================        ]: 4582 (Loss: 0.4106)
[=================================       ]: 4583 (Loss: 0.2546)
[=================================       ]: 4584 (Loss: 0.3110)
[==================================      ]: 4585 (Loss: 0.3693)
[==================================      ]: 4586 (Loss: 0.3074)
[==================================      ]: 4587 (Loss: 0.3864)
[===================================     ]: 4588 (Loss: 0.4626)
[===================================     ]: 4589 (Loss: 0.4872)
[====================================    ]: 4590 (Loss: 0.3024)
[====================================    ]: 4591 (Loss: 0.3377)
[====================================    ]: 4592 (Loss: 0.2917)
[=====================================   ]: 4593 (Loss: 0.3182)
[=====================================   ]: 4594 (Loss: 0.3435)
[======================================  ]: 4595 (Loss: 0.5714)
[======================================  ]: 4596 (Loss: 0.4177)
[======================================  ]: 4597 (Loss: 0.4143)
[======================================= ]: 4598 (Loss: 0.4574)
[======================================= ]: 4599 (Loss: 0.3697)
[========================================]: 4600 (Loss: 0.3540)
                                                                                                    
[2026-07-16 21:21:16,006] [INFO] [__main__] Batch 4600 Loss: 0.381012 Cost: 7.30 Time: 171 ms/sequence

[                                        ]: 4601 (Loss: 0.4157)
[                                        ]: 4602 (Loss: 0.3506)
[=                                       ]: 4603 (Loss: 0.3024)
[=                                       ]: 4604 (Loss: 0.3147)
[==                                      ]: 4605 (Loss: 0.3191)
[==                                      ]: 4606 (Loss: 0.3859)
[==                                      ]: 4607 (Loss: 0.3101)
[===                                     ]: 4608 (Loss: 0.2521)
[===                                     ]: 4609 (Loss: 0.4100)
[====                                    ]: 4610 (Loss: 0.2248)
[====                                    ]: 4611 (Loss: 0.4153)
[====                                    ]: 4612 (Loss: 0.5274)
[=====                                   ]: 4613 (Loss: 0.3770)
[=====                                   ]: 4614 (Loss: 0.1992)
[======                                  ]: 4615 (Loss: 0.3984)
[======                                  ]: 4616 (Loss: 0.5098)
[======                                  ]: 4617 (Loss: 0.4390)
[=======                                 ]: 4618 (Loss: 0.3583)
[=======                                 ]: 4619 (Loss: 0.3647)
[========                                ]: 4620 (Loss: 0.4469)
[========                                ]: 4621 (Loss: 0.3920)
[========                                ]: 4622 (Loss: 0.4365)
[=========                               ]: 4623 (Loss: 0.4362)
[=========                               ]: 4624 (Loss: 0.3267)
[==========                              ]: 4625 (Loss: 0.3968)
[==========                              ]: 4626 (Loss: 0.3609)
[==========                              ]: 4627 (Loss: 0.3707)
[===========                             ]: 4628 (Loss: 0.3050)
[===========                             ]: 4629 (Loss: 0.2993)
[============                            ]: 4630 (Loss: 0.3762)
[============                            ]: 4631 (Loss: 0.4563)
[============                            ]: 4632 (Loss: 0.3071)
[=============                           ]: 4633 (Loss: 0.3389)
[=============                           ]: 4634 (Loss: 0.4135)
[==============                          ]: 4635 (Loss: 0.3369)
[==============                          ]: 4636 (Loss: 0.3461)
[==============                          ]: 4637 (Loss: 0.3511)
[===============                         ]: 4638 (Loss: 0.3811)
[===============                         ]: 4639 (Loss: 0.4297)
[================                        ]: 4640 (Loss: 0.3376)
[================                        ]: 4641 (Loss: 0.3399)
[================                        ]: 4642 (Loss: 0.3746)
[=================                       ]: 4643 (Loss: 0.4413)
[=================                       ]: 4644 (Loss: 0.2936)
[==================                      ]: 4645 (Loss: 0.3688)
[==================                      ]: 4646 (Loss: 0.3989)
[==================                      ]: 4647 (Loss: 0.4530)
[===================                     ]: 4648 (Loss: 0.2579)
[===================                     ]: 4649 (Loss: 0.4116)
[====================                    ]: 4650 (Loss: 0.2904)
[====================                    ]: 4651 (Loss: 0.3754)
[====================                    ]: 4652 (Loss: 0.4414)
[=====================                   ]: 4653 (Loss: 0.4272)
[=====================                   ]: 4654 (Loss: 0.3971)
[======================                  ]: 4655 (Loss: 0.2888)
[======================                  ]: 4656 (Loss: 0.3179)
[======================                  ]: 4657 (Loss: 0.3815)
[=======================                 ]: 4658 (Loss: 0.4039)
[=======================                 ]: 4659 (Loss: 0.4263)
[========================                ]: 4660 (Loss: 0.3913)
[========================                ]: 4661 (Loss: 0.4245)
[========================                ]: 4662 (Loss: 0.2772)
[=========================               ]: 4663 (Loss: 0.2052)
[=========================               ]: 4664 (Loss: 0.4213)
[==========================              ]: 4665 (Loss: 0.2897)
[==========================              ]: 4666 (Loss: 0.3216)
[==========================              ]: 4667 (Loss: 0.2526)
[===========================             ]: 4668 (Loss: 0.3772)
[===========================             ]: 4669 (Loss: 0.2656)
[============================            ]: 4670 (Loss: 0.2535)
[============================            ]: 4671 (Loss: 0.2129)
[============================            ]: 4672 (Loss: 0.4273)
[=============================           ]: 4673 (Loss: 0.4184)
[=============================           ]: 4674 (Loss: 0.3015)
[==============================          ]: 4675 (Loss: 0.3939)
[==============================          ]: 4676 (Loss: 0.4239)
[==============================          ]: 4677 (Loss: 0.4683)
[===============================         ]: 4678 (Loss: 0.3340)
[===============================         ]: 4679 (Loss: 0.4760)
[================================        ]: 4680 (Loss: 0.3611)
[================================        ]: 4681 (Loss: 0.4686)
[================================        ]: 4682 (Loss: 0.3976)
[=================================       ]: 4683 (Loss: 0.4456)
[=================================       ]: 4684 (Loss: 0.4182)
[==================================      ]: 4685 (Loss: 0.2801)
[==================================      ]: 4686 (Loss: 0.3535)
[==================================      ]: 4687 (Loss: 0.2933)
[===================================     ]: 4688 (Loss: 0.5389)
[===================================     ]: 4689 (Loss: 0.4704)
[====================================    ]: 4690 (Loss: 0.4326)
[====================================    ]: 4691 (Loss: 0.3674)
[====================================    ]: 4692 (Loss: 0.3457)
[=====================================   ]: 4693 (Loss: 0.4274)
[=====================================   ]: 4694 (Loss: 0.3068)
[======================================  ]: 4695 (Loss: 0.3714)
[======================================  ]: 4696 (Loss: 0.2450)
[======================================  ]: 4697 (Loss: 0.3917)
[======================================= ]: 4698 (Loss: 0.3652)
[======================================= ]: 4699 (Loss: 0.4013)
[========================================]: 4700 (Loss: 0.3844)
                                                                                                    
[2026-07-16 21:21:33,150] [INFO] [__main__] Batch 4700 Loss: 0.368115 Cost: 6.92 Time: 171 ms/sequence

[                                        ]: 4701 (Loss: 0.3878)
[                                        ]: 4702 (Loss: 0.3195)
[=                                       ]: 4703 (Loss: 0.3712)
[=                                       ]: 4704 (Loss: 0.3796)
[==                                      ]: 4705 (Loss: 0.3489)
[==                                      ]: 4706 (Loss: 0.3729)
[==                                      ]: 4707 (Loss: 0.3550)
[===                                     ]: 4708 (Loss: 0.3479)
[===                                     ]: 4709 (Loss: 0.4846)
[====                                    ]: 4710 (Loss: 0.4313)
[====                                    ]: 4711 (Loss: 0.4070)
[====                                    ]: 4712 (Loss: 0.3690)
[=====                                   ]: 4713 (Loss: 0.4140)
[=====                                   ]: 4714 (Loss: 0.5221)
[======                                  ]: 4715 (Loss: 0.3178)
[======                                  ]: 4716 (Loss: 0.3854)
[======                                  ]: 4717 (Loss: 0.4743)
[=======                                 ]: 4718 (Loss: 0.3684)
[=======                                 ]: 4719 (Loss: 0.4741)
[========                                ]: 4720 (Loss: 0.3172)
[========                                ]: 4721 (Loss: 0.2937)
[========                                ]: 4722 (Loss: 0.3724)
[=========                               ]: 4723 (Loss: 0.3447)
[=========                               ]: 4724 (Loss: 0.4694)
[==========                              ]: 4725 (Loss: 0.2208)
[==========                              ]: 4726 (Loss: 0.3529)
[==========                              ]: 4727 (Loss: 0.4040)
[===========                             ]: 4728 (Loss: 0.3705)
[===========                             ]: 4729 (Loss: 0.3119)
[============                            ]: 4730 (Loss: 0.3442)
[============                            ]: 4731 (Loss: 0.3825)
[============                            ]: 4732 (Loss: 0.4669)
[=============                           ]: 4733 (Loss: 0.3620)
[=============                           ]: 4734 (Loss: 0.3079)
[==============                          ]: 4735 (Loss: 0.5000)
[==============                          ]: 4736 (Loss: 0.4240)
[==============                          ]: 4737 (Loss: 0.3016)
[===============                         ]: 4738 (Loss: 0.4575)
[===============                         ]: 4739 (Loss: 0.4759)
[================                        ]: 4740 (Loss: 0.3532)
[================                        ]: 4741 (Loss: 0.3999)
[================                        ]: 4742 (Loss: 0.2959)
[=================                       ]: 4743 (Loss: 0.3985)
[=================                       ]: 4744 (Loss: 0.5114)
[==================                      ]: 4745 (Loss: 0.3332)
[==================                      ]: 4746 (Loss: 0.4375)
[==================                      ]: 4747 (Loss: 0.4149)
[===================                     ]: 4748 (Loss: 0.3377)
[===================                     ]: 4749 (Loss: 0.2436)
[====================                    ]: 4750 (Loss: 0.3976)
[====================                    ]: 4751 (Loss: 0.4086)
[====================                    ]: 4752 (Loss: 0.2797)
[=====================                   ]: 4753 (Loss: 0.3082)
[=====================                   ]: 4754 (Loss: 0.3754)
[======================                  ]: 4755 (Loss: 0.4231)
[======================                  ]: 4756 (Loss: 0.3382)
[======================                  ]: 4757 (Loss: 0.4018)
[=======================                 ]: 4758 (Loss: 0.3500)
[=======================                 ]: 4759 (Loss: 0.2583)
[========================                ]: 4760 (Loss: 0.3207)
[========================                ]: 4761 (Loss: 0.3979)
[========================                ]: 4762 (Loss: 0.3589)
[=========================               ]: 4763 (Loss: 0.3102)
[=========================               ]: 4764 (Loss: 0.3514)
[==========================              ]: 4765 (Loss: 0.4778)
[==========================              ]: 4766 (Loss: 0.2366)
[==========================              ]: 4767 (Loss: 0.2314)
[===========================             ]: 4768 (Loss: 0.4508)
[===========================             ]: 4769 (Loss: 0.4428)
[============================            ]: 4770 (Loss: 0.3406)
[============================            ]: 4771 (Loss: 0.3272)
[============================            ]: 4772 (Loss: 0.2346)
[=============================           ]: 4773 (Loss: 0.3115)
[=============================           ]: 4774 (Loss: 0.3122)
[==============================          ]: 4775 (Loss: 0.3287)
[==============================          ]: 4776 (Loss: 0.3356)
[==============================          ]: 4777 (Loss: 0.1980)
[===============================         ]: 4778 (Loss: 0.2461)
[===============================         ]: 4779 (Loss: 0.3746)
[================================        ]: 4780 (Loss: 0.3783)
[================================        ]: 4781 (Loss: 0.3290)
[================================        ]: 4782 (Loss: 0.2471)
[=================================       ]: 4783 (Loss: 0.5119)
[=================================       ]: 4784 (Loss: 0.4961)
[==================================      ]: 4785 (Loss: 0.5478)
[==================================      ]: 4786 (Loss: 0.2396)
[==================================      ]: 4787 (Loss: 0.4394)
[===================================     ]: 4788 (Loss: 0.3511)
[===================================     ]: 4789 (Loss: 0.3042)
[====================================    ]: 4790 (Loss: 0.5151)
[====================================    ]: 4791 (Loss: 0.4749)
[====================================    ]: 4792 (Loss: 0.3562)
[=====================================   ]: 4793 (Loss: 0.4531)
[=====================================   ]: 4794 (Loss: 0.4477)
[======================================  ]: 4795 (Loss: 0.2906)
[======================================  ]: 4796 (Loss: 0.4717)
[======================================  ]: 4797 (Loss: 0.2468)
[======================================= ]: 4798 (Loss: 0.4483)
[======================================= ]: 4799 (Loss: 0.3821)
[========================================]: 4800 (Loss: 0.3155)
                                                                                                    
[2026-07-16 21:21:50,231] [INFO] [__main__] Batch 4800 Loss: 0.371118 Cost: 6.81 Time: 170 ms/sequence

[                                        ]: 4801 (Loss: 0.3583)
[                                        ]: 4802 (Loss: 0.3317)
[=                                       ]: 4803 (Loss: 0.3338)
[=                                       ]: 4804 (Loss: 0.3104)
[==                                      ]: 4805 (Loss: 0.2833)
[==                                      ]: 4806 (Loss: 0.2458)
[==                                      ]: 4807 (Loss: 0.3298)
[===                                     ]: 4808 (Loss: 0.3320)
[===                                     ]: 4809 (Loss: 0.4353)
[====                                    ]: 4810 (Loss: 0.3927)
[====                                    ]: 4811 (Loss: 0.3375)
[====                                    ]: 4812 (Loss: 0.4195)
[=====                                   ]: 4813 (Loss: 0.3967)
[=====                                   ]: 4814 (Loss: 0.5321)
[======                                  ]: 4815 (Loss: 0.2572)
[======                                  ]: 4816 (Loss: 0.3076)
[======                                  ]: 4817 (Loss: 0.3546)
[=======                                 ]: 4818 (Loss: 0.3993)
[=======                                 ]: 4819 (Loss: 0.3252)
[========                                ]: 4820 (Loss: 0.3586)
[========                                ]: 4821 (Loss: 0.3423)
[========                                ]: 4822 (Loss: 0.3864)
[=========                               ]: 4823 (Loss: 0.3304)
[=========                               ]: 4824 (Loss: 0.2509)
[==========                              ]: 4825 (Loss: 0.4789)
[==========                              ]: 4826 (Loss: 0.4263)
[==========                              ]: 4827 (Loss: 0.3746)
[===========                             ]: 4828 (Loss: 0.3689)
[===========                             ]: 4829 (Loss: 0.3887)
[============                            ]: 4830 (Loss: 0.3352)
[============                            ]: 4831 (Loss: 0.3704)
[============                            ]: 4832 (Loss: 0.3723)
[=============                           ]: 4833 (Loss: 0.3633)
[=============                           ]: 4834 (Loss: 0.4796)
[==============                          ]: 4835 (Loss: 0.3153)
[==============                          ]: 4836 (Loss: 0.4915)
[==============                          ]: 4837 (Loss: 0.4328)
[===============                         ]: 4838 (Loss: 0.3804)
[===============                         ]: 4839 (Loss: 0.2477)
[================                        ]: 4840 (Loss: 0.2651)
[================                        ]: 4841 (Loss: 0.2626)
[================                        ]: 4842 (Loss: 0.3337)
[=================                       ]: 4843 (Loss: 0.3537)
[=================                       ]: 4844 (Loss: 0.4849)
[==================                      ]: 4845 (Loss: 0.4167)
[==================                      ]: 4846 (Loss: 0.4435)
[==================                      ]: 4847 (Loss: 0.4051)
[===================                     ]: 4848 (Loss: 0.2633)
[===================                     ]: 4849 (Loss: 0.3741)
[====================                    ]: 4850 (Loss: 0.4769)
[====================                    ]: 4851 (Loss: 0.4397)
[====================                    ]: 4852 (Loss: 0.3603)
[=====================                   ]: 4853 (Loss: 0.3375)
[=====================                   ]: 4854 (Loss: 0.3124)
[======================                  ]: 4855 (Loss: 0.4316)
[======================                  ]: 4856 (Loss: 0.4494)
[======================                  ]: 4857 (Loss: 0.3296)
[=======================                 ]: 4858 (Loss: 0.2838)
[=======================                 ]: 4859 (Loss: 0.3172)
[========================                ]: 4860 (Loss: 0.3597)
[========================                ]: 4861 (Loss: 0.3866)
[========================                ]: 4862 (Loss: 0.2878)
[=========================               ]: 4863 (Loss: 0.3914)
[=========================               ]: 4864 (Loss: 0.3565)
[==========================              ]: 4865 (Loss: 0.4997)
[==========================              ]: 4866 (Loss: 0.1707)
[==========================              ]: 4867 (Loss: 0.4112)
[===========================             ]: 4868 (Loss: 0.3361)
[===========================             ]: 4869 (Loss: 0.4279)
[============================            ]: 4870 (Loss: 0.3533)
[============================            ]: 4871 (Loss: 0.2328)
[============================            ]: 4872 (Loss: 0.3699)
[=============================           ]: 4873 (Loss: 0.3633)
[=============================           ]: 4874 (Loss: 0.3729)
[==============================          ]: 4875 (Loss: 0.3732)
[==============================          ]: 4876 (Loss: 0.2529)
[==============================          ]: 4877 (Loss: 0.4644)
[===============================         ]: 4878 (Loss: 0.2776)
[===============================         ]: 4879 (Loss: 0.4244)
[================================        ]: 4880 (Loss: 0.3547)
[================================        ]: 4881 (Loss: 0.5172)
[================================        ]: 4882 (Loss: 0.4735)
[=================================       ]: 4883 (Loss: 0.3702)
[=================================       ]: 4884 (Loss: 0.4193)
[==================================      ]: 4885 (Loss: 0.3655)
[==================================      ]: 4886 (Loss: 0.4670)
[==================================      ]: 4887 (Loss: 0.3594)
[===================================     ]: 4888 (Loss: 0.3436)
[===================================     ]: 4889 (Loss: 0.4481)
[====================================    ]: 4890 (Loss: 0.3917)
[====================================    ]: 4891 (Loss: 0.4406)
[====================================    ]: 4892 (Loss: 0.3536)
[=====================================   ]: 4893 (Loss: 0.3301)
[=====================================   ]: 4894 (Loss: 0.3434)
[======================================  ]: 4895 (Loss: 0.4819)
[======================================  ]: 4896 (Loss: 0.4419)
[======================================  ]: 4897 (Loss: 0.3422)
[======================================= ]: 4898 (Loss: 0.3885)
[======================================= ]: 4899 (Loss: 0.2951)
[========================================]: 4900 (Loss: 0.4046)
                                                                                                    
[2026-07-16 21:22:07,335] [INFO] [__main__] Batch 4900 Loss: 0.369627 Cost: 6.90 Time: 171 ms/sequence

[                                        ]: 4901 (Loss: 0.3352)
[                                        ]: 4902 (Loss: 0.3871)
[=                                       ]: 4903 (Loss: 0.4225)
[=                                       ]: 4904 (Loss: 0.3860)
[==                                      ]: 4905 (Loss: 0.3642)
[==                                      ]: 4906 (Loss: 0.4706)
[==                                      ]: 4907 (Loss: 0.3379)
[===                                     ]: 4908 (Loss: 0.2793)
[===                                     ]: 4909 (Loss: 0.4179)
[====                                    ]: 4910 (Loss: 0.2562)
[====                                    ]: 4911 (Loss: 0.3510)
[====                                    ]: 4912 (Loss: 0.3048)
[=====                                   ]: 4913 (Loss: 0.3923)
[=====                                   ]: 4914 (Loss: 0.3797)
[======                                  ]: 4915 (Loss: 0.3524)
[======                                  ]: 4916 (Loss: 0.3607)
[======                                  ]: 4917 (Loss: 0.4104)
[=======                                 ]: 4918 (Loss: 0.3487)
[=======                                 ]: 4919 (Loss: 0.3500)
[========                                ]: 4920 (Loss: 0.3893)
[========                                ]: 4921 (Loss: 0.2687)
[========                                ]: 4922 (Loss: 0.2962)
[=========                               ]: 4923 (Loss: 0.4642)
[=========                               ]: 4924 (Loss: 0.4360)
[==========                              ]: 4925 (Loss: 0.4556)
[==========                              ]: 4926 (Loss: 0.4395)
[==========                              ]: 4927 (Loss: 0.4076)
[===========                             ]: 4928 (Loss: 0.3043)
[===========                             ]: 4929 (Loss: 0.3391)
[============                            ]: 4930 (Loss: 0.3841)
[============                            ]: 4931 (Loss: 0.3673)
[============                            ]: 4932 (Loss: 0.3871)
[=============                           ]: 4933 (Loss: 0.3862)
[=============                           ]: 4934 (Loss: 0.2682)
[==============                          ]: 4935 (Loss: 0.3882)
[==============                          ]: 4936 (Loss: 0.3415)
[==============                          ]: 4937 (Loss: 0.3357)
[===============                         ]: 4938 (Loss: 0.2898)
[===============                         ]: 4939 (Loss: 0.2963)
[================                        ]: 4940 (Loss: 0.3633)
[================                        ]: 4941 (Loss: 0.3706)
[================                        ]: 4942 (Loss: 0.3271)
[=================                       ]: 4943 (Loss: 0.3364)
[=================                       ]: 4944 (Loss: 0.2979)
[==================                      ]: 4945 (Loss: 0.3387)
[==================                      ]: 4946 (Loss: 0.4485)
[==================                      ]: 4947 (Loss: 0.3625)
[===================                     ]: 4948 (Loss: 0.4471)
[===================                     ]: 4949 (Loss: 0.4225)
[====================                    ]: 4950 (Loss: 0.3658)
[====================                    ]: 4951 (Loss: 0.4829)
[====================                    ]: 4952 (Loss: 0.3531)
[=====================                   ]: 4953 (Loss: 0.3695)
[=====================                   ]: 4954 (Loss: 0.2997)
[======================                  ]: 4955 (Loss: 0.3380)
[======================                  ]: 4956 (Loss: 0.2729)
[======================                  ]: 4957 (Loss: 0.3224)
[=======================                 ]: 4958 (Loss: 0.3185)
[=======================                 ]: 4959 (Loss: 0.2308)
[========================                ]: 4960 (Loss: 0.4337)
[========================                ]: 4961 (Loss: 0.4341)
[========================                ]: 4962 (Loss: 0.6343)
[=========================               ]: 4963 (Loss: 0.2685)
[=========================               ]: 4964 (Loss: 0.3462)
[==========================              ]: 4965 (Loss: 0.3882)
[==========================              ]: 4966 (Loss: 0.2951)
[==========================              ]: 4967 (Loss: 0.3518)
[===========================             ]: 4968 (Loss: 0.4549)
[===========================             ]: 4969 (Loss: 0.3888)
[============================            ]: 4970 (Loss: 0.3032)
[============================            ]: 4971 (Loss: 0.4271)
[============================            ]: 4972 (Loss: 0.3287)
[=============================           ]: 4973 (Loss: 0.3210)
[=============================           ]: 4974 (Loss: 0.3168)
[==============================          ]: 4975 (Loss: 0.3197)
[==============================          ]: 4976 (Loss: 0.3414)
[==============================          ]: 4977 (Loss: 0.3335)
[===============================         ]: 4978 (Loss: 0.3446)
[===============================         ]: 4979 (Loss: 0.3577)
[================================        ]: 4980 (Loss: 0.4405)
[================================        ]: 4981 (Loss: 0.2876)
[================================        ]: 4982 (Loss: 0.3103)
[=================================       ]: 4983 (Loss: 0.3569)
[=================================       ]: 4984 (Loss: 0.2986)
[==================================      ]: 4985 (Loss: 0.3991)
[==================================      ]: 4986 (Loss: 0.3237)
[==================================      ]: 4987 (Loss: 0.2875)
[===================================     ]: 4988 (Loss: 0.3720)
[===================================     ]: 4989 (Loss: 0.2550)
[====================================    ]: 4990 (Loss: 0.3291)
[====================================    ]: 4991 (Loss: 0.3199)
[====================================    ]: 4992 (Loss: 0.4446)
[=====================================   ]: 4993 (Loss: 0.3951)
[=====================================   ]: 4994 (Loss: 0.4624)
[======================================  ]: 4995 (Loss: 0.4156)
[======================================  ]: 4996 (Loss: 0.2933)
[======================================  ]: 4997 (Loss: 0.2475)
[======================================= ]: 4998 (Loss: 0.2447)
[======================================= ]: 4999 (Loss: 0.2488)
[========================================]: 5000 (Loss: 0.4395)
                                                                                                    
[2026-07-16 21:22:24,566] [INFO] [__main__] Batch 5000 Loss: 0.357807 Cost: 6.50 Time: 172 ms/sequence

                                                                                                    
[2026-07-16 21:22:24,568] [INFO] [__main__] Saving checkpoint to 'runs\copy_sanity_len5\copy\none\seed_1002\checkpoint-batch-00005000.pt'

                                                                                                    
[2026-07-16 21:22:24,760] [INFO] [__main__] Saving checkpoint to 'runs\copy_sanity_len5\copy\none\seed_1002\checkpoint-final.pt'
[2026-07-16 21:22:24,916] [INFO] [__main__] Done training.
