[2026-07-16 21:49:47,248] [INFO] [__main__] Using seed=1002
[2026-07-16 21:49:48,116] [INFO] [__main__] Training for the **copy** task
[2026-07-16 21:49:48,117] [INFO] [__main__] CopyTaskParams(name='copy-task', controller_size=100, controller_layers=1, num_heads=1, sequence_width=8, sequence_min_len=5, sequence_max_len=5, memory_n=128, memory_m=20, num_batches=5000, batch_size=1, rmsprop_lr=0.0001, rmsprop_momentum=0.9, rmsprop_alpha=0.95, advice_type='zero', advice_size=16, advice_strength=1.0, advice_random_seed=1729)
[2026-07-16 21:49:51,299] [INFO] [__main__] Total number of parameters: 69260
[2026-07-16 21:49:51,300] [INFO] [__main__] Training model for 5000 batches (batch_size=1)...

[                                        ]: 1 (Loss: 0.6857)
[                                        ]: 2 (Loss: 0.7037)
[=                                       ]: 3 (Loss: 0.6647)
[=                                       ]: 4 (Loss: 0.6851)
[==                                      ]: 5 (Loss: 0.6852)
[==                                      ]: 6 (Loss: 0.6798)
[==                                      ]: 7 (Loss: 0.6934)
[===                                     ]: 8 (Loss: 0.6701)
[===                                     ]: 9 (Loss: 0.6945)
[====                                    ]: 10 (Loss: 0.6784)
[====                                    ]: 11 (Loss: 0.7017)
[====                                    ]: 12 (Loss: 0.6694)
[=====                                   ]: 13 (Loss: 0.7071)
[=====                                   ]: 14 (Loss: 0.6787)
[======                                  ]: 15 (Loss: 0.6943)
[======                                  ]: 16 (Loss: 0.7025)
[======                                  ]: 17 (Loss: 0.6930)
[=======                                 ]: 18 (Loss: 0.6730)
[=======                                 ]: 19 (Loss: 0.6751)
[========                                ]: 20 (Loss: 0.6734)
[========                                ]: 21 (Loss: 0.6982)
[========                                ]: 22 (Loss: 0.6991)
[=========                               ]: 23 (Loss: 0.7003)
[=========                               ]: 24 (Loss: 0.7175)
[==========                              ]: 25 (Loss: 0.6621)
[==========                              ]: 26 (Loss: 0.6738)
[==========                              ]: 27 (Loss: 0.6514)
[===========                             ]: 28 (Loss: 0.6721)
[===========                             ]: 29 (Loss: 0.7149)
[============                            ]: 30 (Loss: 0.6942)
[============                            ]: 31 (Loss: 0.7248)
[============                            ]: 32 (Loss: 0.6822)
[=============                           ]: 33 (Loss: 0.6761)
[=============                           ]: 34 (Loss: 0.6583)
[==============                          ]: 35 (Loss: 0.6679)
[==============                          ]: 36 (Loss: 0.6970)
[==============                          ]: 37 (Loss: 0.7008)
[===============                         ]: 38 (Loss: 0.6995)
[===============                         ]: 39 (Loss: 0.6865)
[================                        ]: 40 (Loss: 0.6515)
[================                        ]: 41 (Loss: 0.6573)
[================                        ]: 42 (Loss: 0.6853)
[=================                       ]: 43 (Loss: 0.6926)
[=================                       ]: 44 (Loss: 0.7057)
[==================                      ]: 45 (Loss: 0.7139)
[==================                      ]: 46 (Loss: 0.7033)
[==================                      ]: 47 (Loss: 0.6741)
[===================                     ]: 48 (Loss: 0.6670)
[===================                     ]: 49 (Loss: 0.6992)
[====================                    ]: 50 (Loss: 0.6757)
[====================                    ]: 51 (Loss: 0.6645)
[====================                    ]: 52 (Loss: 0.6480)
[=====================                   ]: 53 (Loss: 0.6619)
[=====================                   ]: 54 (Loss: 0.6944)
[======================                  ]: 55 (Loss: 0.6839)
[======================                  ]: 56 (Loss: 0.6954)
[======================                  ]: 57 (Loss: 0.6850)
[=======================                 ]: 58 (Loss: 0.6716)
[=======================                 ]: 59 (Loss: 0.7012)
[========================                ]: 60 (Loss: 0.6650)
[========================                ]: 61 (Loss: 0.6770)
[========================                ]: 62 (Loss: 0.6779)
[=========================               ]: 63 (Loss: 0.6571)
[=========================               ]: 64 (Loss: 0.6719)
[==========================              ]: 65 (Loss: 0.6742)
[==========================              ]: 66 (Loss: 0.6696)
[==========================              ]: 67 (Loss: 0.6749)
[===========================             ]: 68 (Loss: 0.6646)
[===========================             ]: 69 (Loss: 0.6870)
[============================            ]: 70 (Loss: 0.6683)
[============================            ]: 71 (Loss: 0.6656)
[============================            ]: 72 (Loss: 0.6593)
[=============================           ]: 73 (Loss: 0.6512)
[=============================           ]: 74 (Loss: 0.6669)
[==============================          ]: 75 (Loss: 0.6662)
[==============================          ]: 76 (Loss: 0.6529)
[==============================          ]: 77 (Loss: 0.6767)
[===============================         ]: 78 (Loss: 0.6467)
[===============================         ]: 79 (Loss: 0.6550)
[================================        ]: 80 (Loss: 0.6695)
[================================        ]: 81 (Loss: 0.6694)
[================================        ]: 82 (Loss: 0.6051)
[=================================       ]: 83 (Loss: 0.6393)
[=================================       ]: 84 (Loss: 0.6690)
[==================================      ]: 85 (Loss: 0.6899)
[==================================      ]: 86 (Loss: 0.6403)
[==================================      ]: 87 (Loss: 0.6572)
[===================================     ]: 88 (Loss: 0.6736)
[===================================     ]: 89 (Loss: 0.6274)
[====================================    ]: 90 (Loss: 0.6609)
[====================================    ]: 91 (Loss: 0.6229)
[====================================    ]: 92 (Loss: 0.6630)
[=====================================   ]: 93 (Loss: 0.6324)
[=====================================   ]: 94 (Loss: 0.6656)
[======================================  ]: 95 (Loss: 0.6459)
[======================================  ]: 96 (Loss: 0.6380)
[======================================  ]: 97 (Loss: 0.6082)
[======================================= ]: 98 (Loss: 0.6333)
[======================================= ]: 99 (Loss: 0.6651)
[========================================]: 100 (Loss: 0.6811)
                                                                                                    
[2026-07-16 21:49:59,666] [INFO] [__main__] Batch 100 Loss: 0.674023 Cost: 16.70 Time: 83 ms/sequence
[2026-07-16 21:49:59,667] [INFO] [__main__] Advice weight norm: 19.175114 | Advice gradient norm: 0.000000

[                                        ]: 101 (Loss: 0.6615)
[                                        ]: 102 (Loss: 0.6995)
[=                                       ]: 103 (Loss: 0.6653)
[=                                       ]: 104 (Loss: 0.6613)
[==                                      ]: 105 (Loss: 0.6901)
[==                                      ]: 106 (Loss: 0.6701)
[==                                      ]: 107 (Loss: 0.6506)
[===                                     ]: 108 (Loss: 0.5960)
[===                                     ]: 109 (Loss: 0.6135)
[====                                    ]: 110 (Loss: 0.6646)
[====                                    ]: 111 (Loss: 0.6403)
[====                                    ]: 112 (Loss: 0.6250)
[=====                                   ]: 113 (Loss: 0.6115)
[=====                                   ]: 114 (Loss: 0.6330)
[======                                  ]: 115 (Loss: 0.6356)
[======                                  ]: 116 (Loss: 0.6472)
[======                                  ]: 117 (Loss: 0.6610)
[=======                                 ]: 118 (Loss: 0.6539)
[=======                                 ]: 119 (Loss: 0.6431)
[========                                ]: 120 (Loss: 0.6642)
[========                                ]: 121 (Loss: 0.6383)
[========                                ]: 122 (Loss: 0.6523)
[=========                               ]: 123 (Loss: 0.5929)
[=========                               ]: 124 (Loss: 0.6552)
[==========                              ]: 125 (Loss: 0.6430)
[==========                              ]: 126 (Loss: 0.5618)
[==========                              ]: 127 (Loss: 0.6183)
[===========                             ]: 128 (Loss: 0.6148)
[===========                             ]: 129 (Loss: 0.6328)
[============                            ]: 130 (Loss: 0.7007)
[============                            ]: 131 (Loss: 0.6373)
[============                            ]: 132 (Loss: 0.6431)
[=============                           ]: 133 (Loss: 0.6484)
[=============                           ]: 134 (Loss: 0.5987)
[==============                          ]: 135 (Loss: 0.6501)
[==============                          ]: 136 (Loss: 0.5915)
[==============                          ]: 137 (Loss: 0.6864)
[===============                         ]: 138 (Loss: 0.6747)
[===============                         ]: 139 (Loss: 0.6605)
[================                        ]: 140 (Loss: 0.6272)
[================                        ]: 141 (Loss: 0.5914)
[================                        ]: 142 (Loss: 0.6327)
[=================                       ]: 143 (Loss: 0.6428)
[=================                       ]: 144 (Loss: 0.6549)
[==================                      ]: 145 (Loss: 0.6188)
[==================                      ]: 146 (Loss: 0.6380)
[==================                      ]: 147 (Loss: 0.6524)
[===================                     ]: 148 (Loss: 0.6413)
[===================                     ]: 149 (Loss: 0.7061)
[====================                    ]: 150 (Loss: 0.6155)
[====================                    ]: 151 (Loss: 0.6315)
[====================                    ]: 152 (Loss: 0.6107)
[=====================                   ]: 153 (Loss: 0.6479)
[=====================                   ]: 154 (Loss: 0.6158)
[======================                  ]: 155 (Loss: 0.6274)
[======================                  ]: 156 (Loss: 0.6137)
[======================                  ]: 157 (Loss: 0.6110)
[=======================                 ]: 158 (Loss: 0.6313)
[=======================                 ]: 159 (Loss: 0.5922)
[========================                ]: 160 (Loss: 0.6207)
[========================                ]: 161 (Loss: 0.6031)
[========================                ]: 162 (Loss: 0.6214)
[=========================               ]: 163 (Loss: 0.6099)
[=========================               ]: 164 (Loss: 0.6630)
[==========================              ]: 165 (Loss: 0.6259)
[==========================              ]: 166 (Loss: 0.6576)
[==========================              ]: 167 (Loss: 0.6319)
[===========================             ]: 168 (Loss: 0.6275)
[===========================             ]: 169 (Loss: 0.5886)
[============================            ]: 170 (Loss: 0.6420)
[============================            ]: 171 (Loss: 0.6049)
[============================            ]: 172 (Loss: 0.6320)
[=============================           ]: 173 (Loss: 0.5722)
[=============================           ]: 174 (Loss: 0.6278)
[==============================          ]: 175 (Loss: 0.6338)
[==============================          ]: 176 (Loss: 0.5894)
[==============================          ]: 177 (Loss: 0.6006)
[===============================         ]: 178 (Loss: 0.6086)
[===============================         ]: 179 (Loss: 0.5929)
[================================        ]: 180 (Loss: 0.6354)
[================================        ]: 181 (Loss: 0.5934)
[================================        ]: 182 (Loss: 0.5890)
[=================================       ]: 183 (Loss: 0.6376)
[=================================       ]: 184 (Loss: 0.6198)
[==================================      ]: 185 (Loss: 0.6584)
[==================================      ]: 186 (Loss: 0.6252)
[==================================      ]: 187 (Loss: 0.6681)
[===================================     ]: 188 (Loss: 0.5947)
[===================================     ]: 189 (Loss: 0.6166)
[====================================    ]: 190 (Loss: 0.6435)
[====================================    ]: 191 (Loss: 0.6259)
[====================================    ]: 192 (Loss: 0.6266)
[=====================================   ]: 193 (Loss: 0.6732)
[=====================================   ]: 194 (Loss: 0.6084)
[======================================  ]: 195 (Loss: 0.6687)
[======================================  ]: 196 (Loss: 0.6474)
[======================================  ]: 197 (Loss: 0.6907)
[======================================= ]: 198 (Loss: 0.6256)
[======================================= ]: 199 (Loss: 0.6048)
[========================================]: 200 (Loss: 0.5690)
                                                                                                    
[2026-07-16 21:50:07,614] [INFO] [__main__] Batch 200 Loss: 0.632667 Cost: 14.14 Time: 79 ms/sequence
[2026-07-16 21:50:07,614] [INFO] [__main__] Advice weight norm: 19.175114 | Advice gradient norm: 0.000000

[                                        ]: 201 (Loss: 0.5789)
[                                        ]: 202 (Loss: 0.6499)
[=                                       ]: 203 (Loss: 0.6438)
[=                                       ]: 204 (Loss: 0.6572)
[==                                      ]: 205 (Loss: 0.6105)
[==                                      ]: 206 (Loss: 0.5580)
[==                                      ]: 207 (Loss: 0.5459)
[===                                     ]: 208 (Loss: 0.6148)
[===                                     ]: 209 (Loss: 0.6036)
[====                                    ]: 210 (Loss: 0.6299)
[====                                    ]: 211 (Loss: 0.5775)
[====                                    ]: 212 (Loss: 0.5862)
[=====                                   ]: 213 (Loss: 0.5851)
[=====                                   ]: 214 (Loss: 0.5856)
[======                                  ]: 215 (Loss: 0.6295)
[======                                  ]: 216 (Loss: 0.6063)
[======                                  ]: 217 (Loss: 0.6128)
[=======                                 ]: 218 (Loss: 0.5851)
[=======                                 ]: 219 (Loss: 0.5879)
[========                                ]: 220 (Loss: 0.5601)
[========                                ]: 221 (Loss: 0.6161)
[========                                ]: 222 (Loss: 0.5652)
[=========                               ]: 223 (Loss: 0.6265)
[=========                               ]: 224 (Loss: 0.5954)
[==========                              ]: 225 (Loss: 0.5721)
[==========                              ]: 226 (Loss: 0.6284)
[==========                              ]: 227 (Loss: 0.5864)
[===========                             ]: 228 (Loss: 0.5849)
[===========                             ]: 229 (Loss: 0.6019)
[============                            ]: 230 (Loss: 0.5740)
[============                            ]: 231 (Loss: 0.6366)
[============                            ]: 232 (Loss: 0.5919)
[=============                           ]: 233 (Loss: 0.6036)
[=============                           ]: 234 (Loss: 0.6582)
[==============                          ]: 235 (Loss: 0.5823)
[==============                          ]: 236 (Loss: 0.6259)
[==============                          ]: 237 (Loss: 0.5729)
[===============                         ]: 238 (Loss: 0.6389)
[===============                         ]: 239 (Loss: 0.6231)
[================                        ]: 240 (Loss: 0.6793)
[================                        ]: 241 (Loss: 0.6127)
[================                        ]: 242 (Loss: 0.6117)
[=================                       ]: 243 (Loss: 0.6334)
[=================                       ]: 244 (Loss: 0.5609)
[==================                      ]: 245 (Loss: 0.6212)
[==================                      ]: 246 (Loss: 0.6184)
[==================                      ]: 247 (Loss: 0.5927)
[===================                     ]: 248 (Loss: 0.6021)
[===================                     ]: 249 (Loss: 0.6350)
[====================                    ]: 250 (Loss: 0.6295)
[====================                    ]: 251 (Loss: 0.6405)
[====================                    ]: 252 (Loss: 0.6103)
[=====================                   ]: 253 (Loss: 0.5977)
[=====================                   ]: 254 (Loss: 0.5691)
[======================                  ]: 255 (Loss: 0.5916)
[======================                  ]: 256 (Loss: 0.6243)
[======================                  ]: 257 (Loss: 0.6264)
[=======================                 ]: 258 (Loss: 0.5947)
[=======================                 ]: 259 (Loss: 0.6113)
[========================                ]: 260 (Loss: 0.5901)
[========================                ]: 261 (Loss: 0.6519)
[========================                ]: 262 (Loss: 0.5571)
[=========================               ]: 263 (Loss: 0.5814)
[=========================               ]: 264 (Loss: 0.5596)
[==========================              ]: 265 (Loss: 0.6252)
[==========================              ]: 266 (Loss: 0.5805)
[==========================              ]: 267 (Loss: 0.5755)
[===========================             ]: 268 (Loss: 0.5277)
[===========================             ]: 269 (Loss: 0.6541)
[============================            ]: 270 (Loss: 0.6266)
[============================            ]: 271 (Loss: 0.6124)
[============================            ]: 272 (Loss: 0.5543)
[=============================           ]: 273 (Loss: 0.6142)
[=============================           ]: 274 (Loss: 0.6201)
[==============================          ]: 275 (Loss: 0.5177)
[==============================          ]: 276 (Loss: 0.6271)
[==============================          ]: 277 (Loss: 0.6369)
[===============================         ]: 278 (Loss: 0.5803)
[===============================         ]: 279 (Loss: 0.5738)
[================================        ]: 280 (Loss: 0.6027)
[================================        ]: 281 (Loss: 0.6390)
[================================        ]: 282 (Loss: 0.5860)
[=================================       ]: 283 (Loss: 0.6447)
[=================================       ]: 284 (Loss: 0.6274)
[==================================      ]: 285 (Loss: 0.5511)
[==================================      ]: 286 (Loss: 0.5559)
[==================================      ]: 287 (Loss: 0.6215)
[===================================     ]: 288 (Loss: 0.6165)
[===================================     ]: 289 (Loss: 0.5948)
[====================================    ]: 290 (Loss: 0.6565)
[====================================    ]: 291 (Loss: 0.6271)
[====================================    ]: 292 (Loss: 0.6403)
[=====================================   ]: 293 (Loss: 0.6078)
[=====================================   ]: 294 (Loss: 0.6091)
[======================================  ]: 295 (Loss: 0.6425)
[======================================  ]: 296 (Loss: 0.5953)
[======================================  ]: 297 (Loss: 0.6137)
[======================================= ]: 298 (Loss: 0.5842)
[======================================= ]: 299 (Loss: 0.5877)
[========================================]: 300 (Loss: 0.6281)
                                                                                                    
[2026-07-16 21:50:15,381] [INFO] [__main__] Batch 300 Loss: 0.604545 Cost: 12.84 Time: 77 ms/sequence
[2026-07-16 21:50:15,381] [INFO] [__main__] Advice weight norm: 19.175114 | Advice gradient norm: 0.000000

[                                        ]: 301 (Loss: 0.5791)
[                                        ]: 302 (Loss: 0.6465)
[=                                       ]: 303 (Loss: 0.5531)
[=                                       ]: 304 (Loss: 0.5932)
[==                                      ]: 305 (Loss: 0.5886)
[==                                      ]: 306 (Loss: 0.5198)
[==                                      ]: 307 (Loss: 0.6079)
[===                                     ]: 308 (Loss: 0.5716)
[===                                     ]: 309 (Loss: 0.6020)
[====                                    ]: 310 (Loss: 0.6146)
[====                                    ]: 311 (Loss: 0.6043)
[====                                    ]: 312 (Loss: 0.5898)
[=====                                   ]: 313 (Loss: 0.5871)
[=====                                   ]: 314 (Loss: 0.6338)
[======                                  ]: 315 (Loss: 0.5372)
[======                                  ]: 316 (Loss: 0.5954)
[======                                  ]: 317 (Loss: 0.5479)
[=======                                 ]: 318 (Loss: 0.5283)
[=======                                 ]: 319 (Loss: 0.5610)
[========                                ]: 320 (Loss: 0.6412)
[========                                ]: 321 (Loss: 0.6113)
[========                                ]: 322 (Loss: 0.6259)
[=========                               ]: 323 (Loss: 0.6176)
[=========                               ]: 324 (Loss: 0.5566)
[==========                              ]: 325 (Loss: 0.6524)
[==========                              ]: 326 (Loss: 0.5555)
[==========                              ]: 327 (Loss: 0.6931)
[===========                             ]: 328 (Loss: 0.5630)
[===========                             ]: 329 (Loss: 0.5619)
[============                            ]: 330 (Loss: 0.5819)
[============                            ]: 331 (Loss: 0.6641)
[============                            ]: 332 (Loss: 0.6224)
[=============                           ]: 333 (Loss: 0.5421)
[=============                           ]: 334 (Loss: 0.6725)
[==============                          ]: 335 (Loss: 0.5438)
[==============                          ]: 336 (Loss: 0.5793)
[==============                          ]: 337 (Loss: 0.5035)
[===============                         ]: 338 (Loss: 0.5532)
[===============                         ]: 339 (Loss: 0.6014)
[================                        ]: 340 (Loss: 0.5526)
[================                        ]: 341 (Loss: 0.5772)
[================                        ]: 342 (Loss: 0.5435)
[=================                       ]: 343 (Loss: 0.6357)
[=================                       ]: 344 (Loss: 0.5839)
[==================                      ]: 345 (Loss: 0.6104)
[==================                      ]: 346 (Loss: 0.5968)
[==================                      ]: 347 (Loss: 0.5907)
[===================                     ]: 348 (Loss: 0.5867)
[===================                     ]: 349 (Loss: 0.5652)
[====================                    ]: 350 (Loss: 0.5538)
[====================                    ]: 351 (Loss: 0.6666)
[====================                    ]: 352 (Loss: 0.5896)
[=====================                   ]: 353 (Loss: 0.6515)
[=====================                   ]: 354 (Loss: 0.5671)
[======================                  ]: 355 (Loss: 0.5354)
[======================                  ]: 356 (Loss: 0.6483)
[======================                  ]: 357 (Loss: 0.5504)
[=======================                 ]: 358 (Loss: 0.5952)
[=======================                 ]: 359 (Loss: 0.6475)
[========================                ]: 360 (Loss: 0.5421)
[========================                ]: 361 (Loss: 0.5836)
[========================                ]: 362 (Loss: 0.5524)
[=========================               ]: 363 (Loss: 0.5848)
[=========================               ]: 364 (Loss: 0.5482)
[==========================              ]: 365 (Loss: 0.6066)
[==========================              ]: 366 (Loss: 0.5243)
[==========================              ]: 367 (Loss: 0.5379)
[===========================             ]: 368 (Loss: 0.5530)
[===========================             ]: 369 (Loss: 0.5539)
[============================            ]: 370 (Loss: 0.5797)
[============================            ]: 371 (Loss: 0.5714)
[============================            ]: 372 (Loss: 0.6072)
[=============================           ]: 373 (Loss: 0.5014)
[=============================           ]: 374 (Loss: 0.5918)
[==============================          ]: 375 (Loss: 0.6392)
[==============================          ]: 376 (Loss: 0.5324)
[==============================          ]: 377 (Loss: 0.6060)
[===============================         ]: 378 (Loss: 0.5858)
[===============================         ]: 379 (Loss: 0.5239)
[================================        ]: 380 (Loss: 0.5506)
[================================        ]: 381 (Loss: 0.6119)
[================================        ]: 382 (Loss: 0.6181)
[=================================       ]: 383 (Loss: 0.5098)
[=================================       ]: 384 (Loss: 0.5563)
[==================================      ]: 385 (Loss: 0.5937)
[==================================      ]: 386 (Loss: 0.5814)
[==================================      ]: 387 (Loss: 0.6685)
[===================================     ]: 388 (Loss: 0.5264)
[===================================     ]: 389 (Loss: 0.6095)
[====================================    ]: 390 (Loss: 0.6172)
[====================================    ]: 391 (Loss: 0.5281)
[====================================    ]: 392 (Loss: 0.6170)
[=====================================   ]: 393 (Loss: 0.6034)
[=====================================   ]: 394 (Loss: 0.6171)
[======================================  ]: 395 (Loss: 0.5049)
[======================================  ]: 396 (Loss: 0.6235)
[======================================  ]: 397 (Loss: 0.5658)
[======================================= ]: 398 (Loss: 0.5998)
[======================================= ]: 399 (Loss: 0.5964)
[========================================]: 400 (Loss: 0.5795)
                                                                                                    
[2026-07-16 21:50:23,216] [INFO] [__main__] Batch 400 Loss: 0.584565 Cost: 12.06 Time: 78 ms/sequence
[2026-07-16 21:50:23,216] [INFO] [__main__] Advice weight norm: 19.175114 | Advice gradient norm: 0.000000

[                                        ]: 401 (Loss: 0.5778)
[                                        ]: 402 (Loss: 0.6021)
[=                                       ]: 403 (Loss: 0.5516)
[=                                       ]: 404 (Loss: 0.5838)
[==                                      ]: 405 (Loss: 0.5288)
[==                                      ]: 406 (Loss: 0.6460)
[==                                      ]: 407 (Loss: 0.5929)
[===                                     ]: 408 (Loss: 0.5747)
[===                                     ]: 409 (Loss: 0.5460)
[====                                    ]: 410 (Loss: 0.6542)
[====                                    ]: 411 (Loss: 0.5909)
[====                                    ]: 412 (Loss: 0.5651)
[=====                                   ]: 413 (Loss: 0.5857)
[=====                                   ]: 414 (Loss: 0.6284)
[======                                  ]: 415 (Loss: 0.5654)
[======                                  ]: 416 (Loss: 0.5267)
[======                                  ]: 417 (Loss: 0.5824)
[=======                                 ]: 418 (Loss: 0.6617)
[=======                                 ]: 419 (Loss: 0.5759)
[========                                ]: 420 (Loss: 0.6324)
[========                                ]: 421 (Loss: 0.5012)
[========                                ]: 422 (Loss: 0.5472)
[=========                               ]: 423 (Loss: 0.5078)
[=========                               ]: 424 (Loss: 0.5668)
[==========                              ]: 425 (Loss: 0.5265)
[==========                              ]: 426 (Loss: 0.4911)
[==========                              ]: 427 (Loss: 0.6445)
[===========                             ]: 428 (Loss: 0.5431)
[===========                             ]: 429 (Loss: 0.5763)
[============                            ]: 430 (Loss: 0.6021)
[============                            ]: 431 (Loss: 0.5656)
[============                            ]: 432 (Loss: 0.5657)
[=============                           ]: 433 (Loss: 0.5424)
[=============                           ]: 434 (Loss: 0.6106)
[==============                          ]: 435 (Loss: 0.5824)
[==============                          ]: 436 (Loss: 0.6314)
[==============                          ]: 437 (Loss: 0.6651)
[===============                         ]: 438 (Loss: 0.6218)
[===============                         ]: 439 (Loss: 0.5024)
[================                        ]: 440 (Loss: 0.5969)
[================                        ]: 441 (Loss: 0.5294)
[================                        ]: 442 (Loss: 0.6235)
[=================                       ]: 443 (Loss: 0.6171)
[=================                       ]: 444 (Loss: 0.6004)
[==================                      ]: 445 (Loss: 0.6540)
[==================                      ]: 446 (Loss: 0.5952)
[==================                      ]: 447 (Loss: 0.5920)
[===================                     ]: 448 (Loss: 0.5483)
[===================                     ]: 449 (Loss: 0.6860)
[====================                    ]: 450 (Loss: 0.5511)
[====================                    ]: 451 (Loss: 0.5723)
[====================                    ]: 452 (Loss: 0.6021)
[=====================                   ]: 453 (Loss: 0.6098)
[=====================                   ]: 454 (Loss: 0.5814)
[======================                  ]: 455 (Loss: 0.5239)
[======================                  ]: 456 (Loss: 0.5757)
[======================                  ]: 457 (Loss: 0.5882)
[=======================                 ]: 458 (Loss: 0.6335)
[=======================                 ]: 459 (Loss: 0.6017)
[========================                ]: 460 (Loss: 0.5946)
[========================                ]: 461 (Loss: 0.5715)
[========================                ]: 462 (Loss: 0.5438)
[=========================               ]: 463 (Loss: 0.6065)
[=========================               ]: 464 (Loss: 0.6647)
[==========================              ]: 465 (Loss: 0.5443)
[==========================              ]: 466 (Loss: 0.5544)
[==========================              ]: 467 (Loss: 0.5539)
[===========================             ]: 468 (Loss: 0.6095)
[===========================             ]: 469 (Loss: 0.5414)
[============================            ]: 470 (Loss: 0.6291)
[============================            ]: 471 (Loss: 0.5542)
[============================            ]: 472 (Loss: 0.5204)
[=============================           ]: 473 (Loss: 0.6328)
[=============================           ]: 474 (Loss: 0.5130)
[==============================          ]: 475 (Loss: 0.5020)
[==============================          ]: 476 (Loss: 0.5771)
[==============================          ]: 477 (Loss: 0.5421)
[===============================         ]: 478 (Loss: 0.6505)
[===============================         ]: 479 (Loss: 0.5852)
[================================        ]: 480 (Loss: 0.5815)
[================================        ]: 481 (Loss: 0.5875)
[================================        ]: 482 (Loss: 0.5105)
[=================================       ]: 483 (Loss: 0.6716)
[=================================       ]: 484 (Loss: 0.6502)
[==================================      ]: 485 (Loss: 0.5511)
[==================================      ]: 486 (Loss: 0.5510)
[==================================      ]: 487 (Loss: 0.5549)
[===================================     ]: 488 (Loss: 0.6723)
[===================================     ]: 489 (Loss: 0.5707)
[====================================    ]: 490 (Loss: 0.5541)
[====================================    ]: 491 (Loss: 0.5424)
[====================================    ]: 492 (Loss: 0.6070)
[=====================================   ]: 493 (Loss: 0.5883)
[=====================================   ]: 494 (Loss: 0.6305)
[======================================  ]: 495 (Loss: 0.6301)
[======================================  ]: 496 (Loss: 0.5721)
[======================================  ]: 497 (Loss: 0.5645)
[======================================= ]: 498 (Loss: 0.5885)
[======================================= ]: 499 (Loss: 0.5690)
[========================================]: 500 (Loss: 0.5747)
                                                                                                    
[2026-07-16 21:50:31,025] [INFO] [__main__] Batch 500 Loss: 0.582625 Cost: 12.43 Time: 78 ms/sequence
[2026-07-16 21:50:31,025] [INFO] [__main__] Advice weight norm: 19.175114 | Advice gradient norm: 0.000000

[                                        ]: 501 (Loss: 0.5489)
[                                        ]: 502 (Loss: 0.4754)
[=                                       ]: 503 (Loss: 0.5144)
[=                                       ]: 504 (Loss: 0.6217)
[==                                      ]: 505 (Loss: 0.6044)
[==                                      ]: 506 (Loss: 0.4970)
[==                                      ]: 507 (Loss: 0.5735)
[===                                     ]: 508 (Loss: 0.5680)
[===                                     ]: 509 (Loss: 0.5158)
[====                                    ]: 510 (Loss: 0.5955)
[====                                    ]: 511 (Loss: 0.5954)
[====                                    ]: 512 (Loss: 0.5778)
[=====                                   ]: 513 (Loss: 0.5399)
[=====                                   ]: 514 (Loss: 0.6012)
[======                                  ]: 515 (Loss: 0.5049)
[======                                  ]: 516 (Loss: 0.5721)
[======                                  ]: 517 (Loss: 0.6462)
[=======                                 ]: 518 (Loss: 0.5649)
[=======                                 ]: 519 (Loss: 0.5505)
[========                                ]: 520 (Loss: 0.4893)
[========                                ]: 521 (Loss: 0.5674)
[========                                ]: 522 (Loss: 0.6314)
[=========                               ]: 523 (Loss: 0.5391)
[=========                               ]: 524 (Loss: 0.6104)
[==========                              ]: 525 (Loss: 0.5400)
[==========                              ]: 526 (Loss: 0.5178)
[==========                              ]: 527 (Loss: 0.5575)
[===========                             ]: 528 (Loss: 0.5915)
[===========                             ]: 529 (Loss: 0.5839)
[============                            ]: 530 (Loss: 0.6137)
[============                            ]: 531 (Loss: 0.5898)
[============                            ]: 532 (Loss: 0.6591)
[=============                           ]: 533 (Loss: 0.5917)
[=============                           ]: 534 (Loss: 0.5288)
[==============                          ]: 535 (Loss: 0.5488)
[==============                          ]: 536 (Loss: 0.6135)
[==============                          ]: 537 (Loss: 0.5890)
[===============                         ]: 538 (Loss: 0.5489)
[===============                         ]: 539 (Loss: 0.5251)
[================                        ]: 540 (Loss: 0.5748)
[================                        ]: 541 (Loss: 0.6671)
[================                        ]: 542 (Loss: 0.5728)
[=================                       ]: 543 (Loss: 0.5417)
[=================                       ]: 544 (Loss: 0.5608)
[==================                      ]: 545 (Loss: 0.5734)
[==================                      ]: 546 (Loss: 0.5826)
[==================                      ]: 547 (Loss: 0.5472)
[===================                     ]: 548 (Loss: 0.4688)
[===================                     ]: 549 (Loss: 0.5669)
[====================                    ]: 550 (Loss: 0.5902)
[====================                    ]: 551 (Loss: 0.6663)
[====================                    ]: 552 (Loss: 0.5914)
[=====================                   ]: 553 (Loss: 0.5085)
[=====================                   ]: 554 (Loss: 0.5863)
[======================                  ]: 555 (Loss: 0.4933)
[======================                  ]: 556 (Loss: 0.5770)
[======================                  ]: 557 (Loss: 0.5405)
[=======================                 ]: 558 (Loss: 0.5916)
[=======================                 ]: 559 (Loss: 0.5599)
[========================                ]: 560 (Loss: 0.5940)
[========================                ]: 561 (Loss: 0.5247)
[========================                ]: 562 (Loss: 0.5620)
[=========================               ]: 563 (Loss: 0.5825)
[=========================               ]: 564 (Loss: 0.5582)
[==========================              ]: 565 (Loss: 0.4974)
[==========================              ]: 566 (Loss: 0.6301)
[==========================              ]: 567 (Loss: 0.5617)
[===========================             ]: 568 (Loss: 0.5482)
[===========================             ]: 569 (Loss: 0.6150)
[============================            ]: 570 (Loss: 0.4599)
[============================            ]: 571 (Loss: 0.4913)
[============================            ]: 572 (Loss: 0.6183)
[=============================           ]: 573 (Loss: 0.5263)
[=============================           ]: 574 (Loss: 0.5979)
[==============================          ]: 575 (Loss: 0.5712)
[==============================          ]: 576 (Loss: 0.5817)
[==============================          ]: 577 (Loss: 0.5670)
[===============================         ]: 578 (Loss: 0.5231)
[===============================         ]: 579 (Loss: 0.6444)
[================================        ]: 580 (Loss: 0.5995)
[================================        ]: 581 (Loss: 0.5640)
[================================        ]: 582 (Loss: 0.5775)
[=================================       ]: 583 (Loss: 0.6036)
[=================================       ]: 584 (Loss: 0.5143)
[==================================      ]: 585 (Loss: 0.4891)
[==================================      ]: 586 (Loss: 0.4711)
[==================================      ]: 587 (Loss: 0.5761)
[===================================     ]: 588 (Loss: 0.4862)
[===================================     ]: 589 (Loss: 0.4454)
[====================================    ]: 590 (Loss: 0.5952)
[====================================    ]: 591 (Loss: 0.5928)
[====================================    ]: 592 (Loss: 0.6410)
[=====================================   ]: 593 (Loss: 0.5516)
[=====================================   ]: 594 (Loss: 0.4932)
[======================================  ]: 595 (Loss: 0.5812)
[======================================  ]: 596 (Loss: 0.5305)
[======================================  ]: 597 (Loss: 0.6342)
[======================================= ]: 598 (Loss: 0.5699)
[======================================= ]: 599 (Loss: 0.5673)
[========================================]: 600 (Loss: 0.5048)
                                                                                                    
[2026-07-16 21:50:38,757] [INFO] [__main__] Batch 600 Loss: 0.563083 Cost: 11.80 Time: 77 ms/sequence
[2026-07-16 21:50:38,757] [INFO] [__main__] Advice weight norm: 19.175114 | Advice gradient norm: 0.000000

[                                        ]: 601 (Loss: 0.4758)
[                                        ]: 602 (Loss: 0.5229)
[=                                       ]: 603 (Loss: 0.5210)
[=                                       ]: 604 (Loss: 0.5264)
[==                                      ]: 605 (Loss: 0.5870)
[==                                      ]: 606 (Loss: 0.6518)
[==                                      ]: 607 (Loss: 0.5575)
[===                                     ]: 608 (Loss: 0.5814)
[===                                     ]: 609 (Loss: 0.5546)
[====                                    ]: 610 (Loss: 0.5256)
[====                                    ]: 611 (Loss: 0.5123)
[====                                    ]: 612 (Loss: 0.5750)
[=====                                   ]: 613 (Loss: 0.5984)
[=====                                   ]: 614 (Loss: 0.6060)
[======                                  ]: 615 (Loss: 0.4728)
[======                                  ]: 616 (Loss: 0.4759)
[======                                  ]: 617 (Loss: 0.5119)
[=======                                 ]: 618 (Loss: 0.4300)
[=======                                 ]: 619 (Loss: 0.5247)
[========                                ]: 620 (Loss: 0.5499)
[========                                ]: 621 (Loss: 0.5143)
[========                                ]: 622 (Loss: 0.5494)
[=========                               ]: 623 (Loss: 0.6595)
[=========                               ]: 624 (Loss: 0.6357)
[==========                              ]: 625 (Loss: 0.6043)
[==========                              ]: 626 (Loss: 0.6362)
[==========                              ]: 627 (Loss: 0.5811)
[===========                             ]: 628 (Loss: 0.6480)
[===========                             ]: 629 (Loss: 0.4889)
[============                            ]: 630 (Loss: 0.6721)
[============                            ]: 631 (Loss: 0.5235)
[============                            ]: 632 (Loss: 0.4733)
[=============                           ]: 633 (Loss: 0.5509)
[=============                           ]: 634 (Loss: 0.5611)
[==============                          ]: 635 (Loss: 0.5854)
[==============                          ]: 636 (Loss: 0.5726)
[==============                          ]: 637 (Loss: 0.4722)
[===============                         ]: 638 (Loss: 0.5074)
[===============                         ]: 639 (Loss: 0.5400)
[================                        ]: 640 (Loss: 0.5294)
[================                        ]: 641 (Loss: 0.6364)
[================                        ]: 642 (Loss: 0.5423)
[=================                       ]: 643 (Loss: 0.5596)
[=================                       ]: 644 (Loss: 0.5898)
[==================                      ]: 645 (Loss: 0.5048)
[==================                      ]: 646 (Loss: 0.4564)
[==================                      ]: 647 (Loss: 0.5165)
[===================                     ]: 648 (Loss: 0.5303)
[===================                     ]: 649 (Loss: 0.4723)
[====================                    ]: 650 (Loss: 0.5165)
[====================                    ]: 651 (Loss: 0.6135)
[====================                    ]: 652 (Loss: 0.5717)
[=====================                   ]: 653 (Loss: 0.5092)
[=====================                   ]: 654 (Loss: 0.6083)
[======================                  ]: 655 (Loss: 0.5742)
[======================                  ]: 656 (Loss: 0.5105)
[======================                  ]: 657 (Loss: 0.5946)
[=======================                 ]: 658 (Loss: 0.5468)
[=======================                 ]: 659 (Loss: 0.6017)
[========================                ]: 660 (Loss: 0.6301)
[========================                ]: 661 (Loss: 0.6167)
[========================                ]: 662 (Loss: 0.5844)
[=========================               ]: 663 (Loss: 0.5288)
[=========================               ]: 664 (Loss: 0.4885)
[==========================              ]: 665 (Loss: 0.4337)
[==========================              ]: 666 (Loss: 0.6237)
[==========================              ]: 667 (Loss: 0.5563)
[===========================             ]: 668 (Loss: 0.4771)
[===========================             ]: 669 (Loss: 0.5297)
[============================            ]: 670 (Loss: 0.4527)
[============================            ]: 671 (Loss: 0.4961)
[============================            ]: 672 (Loss: 0.5429)
[=============================           ]: 673 (Loss: 0.5489)
[=============================           ]: 674 (Loss: 0.6444)
[==============================          ]: 675 (Loss: 0.6247)
[==============================          ]: 676 (Loss: 0.6067)
[==============================          ]: 677 (Loss: 0.5447)
[===============================         ]: 678 (Loss: 0.6210)
[===============================         ]: 679 (Loss: 0.4684)
[================================        ]: 680 (Loss: 0.6434)
[================================        ]: 681 (Loss: 0.5687)
[================================        ]: 682 (Loss: 0.6000)
[=================================       ]: 683 (Loss: 0.5708)
[=================================       ]: 684 (Loss: 0.5065)
[==================================      ]: 685 (Loss: 0.5432)
[==================================      ]: 686 (Loss: 0.5689)
[==================================      ]: 687 (Loss: 0.4912)
[===================================     ]: 688 (Loss: 0.5617)
[===================================     ]: 689 (Loss: 0.6642)
[====================================    ]: 690 (Loss: 0.5426)
[====================================    ]: 691 (Loss: 0.5402)
[====================================    ]: 692 (Loss: 0.6701)
[=====================================   ]: 693 (Loss: 0.5917)
[=====================================   ]: 694 (Loss: 0.5246)
[======================================  ]: 695 (Loss: 0.5398)
[======================================  ]: 696 (Loss: 0.5855)
[======================================  ]: 697 (Loss: 0.5953)
[======================================= ]: 698 (Loss: 0.5212)
[======================================= ]: 699 (Loss: 0.5356)
[========================================]: 700 (Loss: 0.6054)
                                                                                                    
[2026-07-16 21:50:46,771] [INFO] [__main__] Batch 700 Loss: 0.555118 Cost: 11.50 Time: 80 ms/sequence
[2026-07-16 21:50:46,771] [INFO] [__main__] Advice weight norm: 19.175114 | Advice gradient norm: 0.000000

[                                        ]: 701 (Loss: 0.5858)
[                                        ]: 702 (Loss: 0.5136)
[=                                       ]: 703 (Loss: 0.5543)
[=                                       ]: 704 (Loss: 0.4742)
[==                                      ]: 705 (Loss: 0.5777)
[==                                      ]: 706 (Loss: 0.6184)
[==                                      ]: 707 (Loss: 0.5726)
[===                                     ]: 708 (Loss: 0.4994)
[===                                     ]: 709 (Loss: 0.6199)
[====                                    ]: 710 (Loss: 0.5553)
[====                                    ]: 711 (Loss: 0.5714)
[====                                    ]: 712 (Loss: 0.6431)
[=====                                   ]: 713 (Loss: 0.5732)
[=====                                   ]: 714 (Loss: 0.6385)
[======                                  ]: 715 (Loss: 0.5280)
[======                                  ]: 716 (Loss: 0.5420)
[======                                  ]: 717 (Loss: 0.5847)
[=======                                 ]: 718 (Loss: 0.5403)
[=======                                 ]: 719 (Loss: 0.6232)
[========                                ]: 720 (Loss: 0.5330)
[========                                ]: 721 (Loss: 0.5303)
[========                                ]: 722 (Loss: 0.5409)
[=========                               ]: 723 (Loss: 0.5282)
[=========                               ]: 724 (Loss: 0.5481)
[==========                              ]: 725 (Loss: 0.5514)
[==========                              ]: 726 (Loss: 0.5843)
[==========                              ]: 727 (Loss: 0.6372)
[===========                             ]: 728 (Loss: 0.5730)
[===========                             ]: 729 (Loss: 0.6013)
[============                            ]: 730 (Loss: 0.5332)
[============                            ]: 731 (Loss: 0.5403)
[============                            ]: 732 (Loss: 0.5063)
[=============                           ]: 733 (Loss: 0.5076)
[=============                           ]: 734 (Loss: 0.5288)
[==============                          ]: 735 (Loss: 0.5326)
[==============                          ]: 736 (Loss: 0.4851)
[==============                          ]: 737 (Loss: 0.4540)
[===============                         ]: 738 (Loss: 0.4147)
[===============                         ]: 739 (Loss: 0.4730)
[================                        ]: 740 (Loss: 0.4960)
[================                        ]: 741 (Loss: 0.5258)
[================                        ]: 742 (Loss: 0.6154)
[=================                       ]: 743 (Loss: 0.4815)
[=================                       ]: 744 (Loss: 0.5809)
[==================                      ]: 745 (Loss: 0.5411)
[==================                      ]: 746 (Loss: 0.4974)
[==================                      ]: 747 (Loss: 0.5280)
[===================                     ]: 748 (Loss: 0.6093)
[===================                     ]: 749 (Loss: 0.5639)
[====================                    ]: 750 (Loss: 0.5354)
[====================                    ]: 751 (Loss: 0.5644)
[====================                    ]: 752 (Loss: 0.5610)
[=====================                   ]: 753 (Loss: 0.4788)
[=====================                   ]: 754 (Loss: 0.5468)
[======================                  ]: 755 (Loss: 0.4918)
[======================                  ]: 756 (Loss: 0.5643)
[======================                  ]: 757 (Loss: 0.5421)
[=======================                 ]: 758 (Loss: 0.5530)
[=======================                 ]: 759 (Loss: 0.5815)
[========================                ]: 760 (Loss: 0.5358)
[========================                ]: 761 (Loss: 0.4635)
[========================                ]: 762 (Loss: 0.5720)
[=========================               ]: 763 (Loss: 0.5023)
[=========================               ]: 764 (Loss: 0.4765)
[==========================              ]: 765 (Loss: 0.5108)
[==========================              ]: 766 (Loss: 0.5836)
[==========================              ]: 767 (Loss: 0.5963)
[===========================             ]: 768 (Loss: 0.5108)
[===========================             ]: 769 (Loss: 0.6174)
[============================            ]: 770 (Loss: 0.5477)
[============================            ]: 771 (Loss: 0.5934)
[============================            ]: 772 (Loss: 0.5672)
[=============================           ]: 773 (Loss: 0.5371)
[=============================           ]: 774 (Loss: 0.5702)
[==============================          ]: 775 (Loss: 0.5483)
[==============================          ]: 776 (Loss: 0.5730)
[==============================          ]: 777 (Loss: 0.6064)
[===============================         ]: 778 (Loss: 0.5027)
[===============================         ]: 779 (Loss: 0.4798)
[================================        ]: 780 (Loss: 0.5438)
[================================        ]: 781 (Loss: 0.5817)
[================================        ]: 782 (Loss: 0.6189)
[=================================       ]: 783 (Loss: 0.5104)
[=================================       ]: 784 (Loss: 0.5442)
[==================================      ]: 785 (Loss: 0.5330)
[==================================      ]: 786 (Loss: 0.5705)
[==================================      ]: 787 (Loss: 0.5356)
[===================================     ]: 788 (Loss: 0.6113)
[===================================     ]: 789 (Loss: 0.4962)
[====================================    ]: 790 (Loss: 0.5735)
[====================================    ]: 791 (Loss: 0.5635)
[====================================    ]: 792 (Loss: 0.5888)
[=====================================   ]: 793 (Loss: 0.5109)
[=====================================   ]: 794 (Loss: 0.5680)
[======================================  ]: 795 (Loss: 0.5847)
[======================================  ]: 796 (Loss: 0.4697)
[======================================  ]: 797 (Loss: 0.5419)
[======================================= ]: 798 (Loss: 0.5011)
[======================================= ]: 799 (Loss: 0.5740)
[========================================]: 800 (Loss: 0.5493)
                                                                                                    
[2026-07-16 21:50:54,897] [INFO] [__main__] Batch 800 Loss: 0.547432 Cost: 11.37 Time: 81 ms/sequence
[2026-07-16 21:50:54,897] [INFO] [__main__] Advice weight norm: 19.175114 | Advice gradient norm: 0.000000

[                                        ]: 801 (Loss: 0.4682)
[                                        ]: 802 (Loss: 0.5206)
[=                                       ]: 803 (Loss: 0.6544)
[=                                       ]: 804 (Loss: 0.5504)
[==                                      ]: 805 (Loss: 0.5565)
[==                                      ]: 806 (Loss: 0.5507)
[==                                      ]: 807 (Loss: 0.5261)
[===                                     ]: 808 (Loss: 0.5202)
[===                                     ]: 809 (Loss: 0.4912)
[====                                    ]: 810 (Loss: 0.5872)
[====                                    ]: 811 (Loss: 0.4927)
[====                                    ]: 812 (Loss: 0.4506)
[=====                                   ]: 813 (Loss: 0.5740)
[=====                                   ]: 814 (Loss: 0.5834)
[======                                  ]: 815 (Loss: 0.6091)
[======                                  ]: 816 (Loss: 0.6025)
[======                                  ]: 817 (Loss: 0.5619)
[=======                                 ]: 818 (Loss: 0.4920)
[=======                                 ]: 819 (Loss: 0.5851)
[========                                ]: 820 (Loss: 0.5222)
[========                                ]: 821 (Loss: 0.5948)
[========                                ]: 822 (Loss: 0.5288)
[=========                               ]: 823 (Loss: 0.5140)
[=========                               ]: 824 (Loss: 0.5545)
[==========                              ]: 825 (Loss: 0.5411)
[==========                              ]: 826 (Loss: 0.5258)
[==========                              ]: 827 (Loss: 0.5168)
[===========                             ]: 828 (Loss: 0.6038)
[===========                             ]: 829 (Loss: 0.5781)
[============                            ]: 830 (Loss: 0.4924)
[============                            ]: 831 (Loss: 0.6373)
[============                            ]: 832 (Loss: 0.6203)
[=============                           ]: 833 (Loss: 0.5466)
[=============                           ]: 834 (Loss: 0.5473)
[==============                          ]: 835 (Loss: 0.5116)
[==============                          ]: 836 (Loss: 0.5353)
[==============                          ]: 837 (Loss: 0.4817)
[===============                         ]: 838 (Loss: 0.5706)
[===============                         ]: 839 (Loss: 0.5639)
[================                        ]: 840 (Loss: 0.4806)
[================                        ]: 841 (Loss: 0.5844)
[================                        ]: 842 (Loss: 0.5868)
[=================                       ]: 843 (Loss: 0.5152)
[=================                       ]: 844 (Loss: 0.6233)
[==================                      ]: 845 (Loss: 0.5001)
[==================                      ]: 846 (Loss: 0.4644)
[==================                      ]: 847 (Loss: 0.5309)
[===================                     ]: 848 (Loss: 0.5510)
[===================                     ]: 849 (Loss: 0.5704)
[====================                    ]: 850 (Loss: 0.4457)
[====================                    ]: 851 (Loss: 0.4903)
[====================                    ]: 852 (Loss: 0.4268)
[=====================                   ]: 853 (Loss: 0.4214)
[=====================                   ]: 854 (Loss: 0.5291)
[======================                  ]: 855 (Loss: 0.5016)
[======================                  ]: 856 (Loss: 0.5815)
[======================                  ]: 857 (Loss: 0.5616)
[=======================                 ]: 858 (Loss: 0.5589)
[=======================                 ]: 859 (Loss: 0.6385)
[========================                ]: 860 (Loss: 0.5619)
[========================                ]: 861 (Loss: 0.5318)
[========================                ]: 862 (Loss: 0.6033)
[=========================               ]: 863 (Loss: 0.5004)
[=========================               ]: 864 (Loss: 0.4182)
[==========================              ]: 865 (Loss: 0.5778)
[==========================              ]: 866 (Loss: 0.4992)
[==========================              ]: 867 (Loss: 0.5191)
[===========================             ]: 868 (Loss: 0.6269)
[===========================             ]: 869 (Loss: 0.4789)
[============================            ]: 870 (Loss: 0.4890)
[============================            ]: 871 (Loss: 0.4904)
[============================            ]: 872 (Loss: 0.5491)
[=============================           ]: 873 (Loss: 0.6207)
[=============================           ]: 874 (Loss: 0.5425)
[==============================          ]: 875 (Loss: 0.6365)
[==============================          ]: 876 (Loss: 0.5013)
[==============================          ]: 877 (Loss: 0.5447)
[===============================         ]: 878 (Loss: 0.4197)
[===============================         ]: 879 (Loss: 0.5376)
[================================        ]: 880 (Loss: 0.5477)
[================================        ]: 881 (Loss: 0.5317)
[================================        ]: 882 (Loss: 0.4387)
[=================================       ]: 883 (Loss: 0.5056)
[=================================       ]: 884 (Loss: 0.4786)
[==================================      ]: 885 (Loss: 0.6794)
[==================================      ]: 886 (Loss: 0.5331)
[==================================      ]: 887 (Loss: 0.5442)
[===================================     ]: 888 (Loss: 0.5083)
[===================================     ]: 889 (Loss: 0.5367)
[====================================    ]: 890 (Loss: 0.5993)
[====================================    ]: 891 (Loss: 0.6245)
[====================================    ]: 892 (Loss: 0.5706)
[=====================================   ]: 893 (Loss: 0.5831)
[=====================================   ]: 894 (Loss: 0.5826)
[======================================  ]: 895 (Loss: 0.5559)
[======================================  ]: 896 (Loss: 0.5668)
[======================================  ]: 897 (Loss: 0.5178)
[======================================= ]: 898 (Loss: 0.3621)
[======================================= ]: 899 (Loss: 0.5704)
[========================================]: 900 (Loss: 0.4575)
                                                                                                    
[2026-07-16 21:51:02,951] [INFO] [__main__] Batch 900 Loss: 0.538696 Cost: 11.33 Time: 80 ms/sequence
[2026-07-16 21:51:02,951] [INFO] [__main__] Advice weight norm: 19.175114 | Advice gradient norm: 0.000000

[                                        ]: 901 (Loss: 0.5884)
[                                        ]: 902 (Loss: 0.5603)
[=                                       ]: 903 (Loss: 0.6301)
[=                                       ]: 904 (Loss: 0.5524)
[==                                      ]: 905 (Loss: 0.5486)
[==                                      ]: 906 (Loss: 0.6349)
[==                                      ]: 907 (Loss: 0.5173)
[===                                     ]: 908 (Loss: 0.5575)
[===                                     ]: 909 (Loss: 0.5476)
[====                                    ]: 910 (Loss: 0.5273)
[====                                    ]: 911 (Loss: 0.5568)
[====                                    ]: 912 (Loss: 0.5286)
[=====                                   ]: 913 (Loss: 0.5291)
[=====                                   ]: 914 (Loss: 0.6084)
[======                                  ]: 915 (Loss: 0.5923)
[======                                  ]: 916 (Loss: 0.4983)
[======                                  ]: 917 (Loss: 0.5102)
[=======                                 ]: 918 (Loss: 0.4736)
[=======                                 ]: 919 (Loss: 0.4127)
[========                                ]: 920 (Loss: 0.4633)
[========                                ]: 921 (Loss: 0.5350)
[========                                ]: 922 (Loss: 0.4819)
[=========                               ]: 923 (Loss: 0.4964)
[=========                               ]: 924 (Loss: 0.6216)
[==========                              ]: 925 (Loss: 0.5535)
[==========                              ]: 926 (Loss: 0.5440)
[==========                              ]: 927 (Loss: 0.4584)
[===========                             ]: 928 (Loss: 0.5565)
[===========                             ]: 929 (Loss: 0.5255)
[============                            ]: 930 (Loss: 0.4852)
[============                            ]: 931 (Loss: 0.5156)
[============                            ]: 932 (Loss: 0.6817)
[=============                           ]: 933 (Loss: 0.6200)
[=============                           ]: 934 (Loss: 0.4980)
[==============                          ]: 935 (Loss: 0.5337)
[==============                          ]: 936 (Loss: 0.4425)
[==============                          ]: 937 (Loss: 0.5462)
[===============                         ]: 938 (Loss: 0.5597)
[===============                         ]: 939 (Loss: 0.5274)
[================                        ]: 940 (Loss: 0.5483)
[================                        ]: 941 (Loss: 0.4285)
[================                        ]: 942 (Loss: 0.4624)
[=================                       ]: 943 (Loss: 0.4015)
[=================                       ]: 944 (Loss: 0.5921)
[==================                      ]: 945 (Loss: 0.5131)
[==================                      ]: 946 (Loss: 0.5196)
[==================                      ]: 947 (Loss: 0.5842)
[===================                     ]: 948 (Loss: 0.4862)
[===================                     ]: 949 (Loss: 0.5684)
[====================                    ]: 950 (Loss: 0.5868)
[====================                    ]: 951 (Loss: 0.5761)
[====================                    ]: 952 (Loss: 0.5514)
[=====================                   ]: 953 (Loss: 0.5259)
[=====================                   ]: 954 (Loss: 0.5112)
[======================                  ]: 955 (Loss: 0.6585)
[======================                  ]: 956 (Loss: 0.5015)
[======================                  ]: 957 (Loss: 0.5278)
[=======================                 ]: 958 (Loss: 0.4858)
[=======================                 ]: 959 (Loss: 0.5409)
[========================                ]: 960 (Loss: 0.4627)
[========================                ]: 961 (Loss: 0.5811)
[========================                ]: 962 (Loss: 0.5364)
[=========================               ]: 963 (Loss: 0.5054)
[=========================               ]: 964 (Loss: 0.5942)
[==========================              ]: 965 (Loss: 0.5101)
[==========================              ]: 966 (Loss: 0.5377)
[==========================              ]: 967 (Loss: 0.5014)
[===========================             ]: 968 (Loss: 0.5612)
[===========================             ]: 969 (Loss: 0.6597)
[============================            ]: 970 (Loss: 0.5553)
[============================            ]: 971 (Loss: 0.5857)
[============================            ]: 972 (Loss: 0.5785)
[=============================           ]: 973 (Loss: 0.5460)
[=============================           ]: 974 (Loss: 0.4133)
[==============================          ]: 975 (Loss: 0.5181)
[==============================          ]: 976 (Loss: 0.5226)
[==============================          ]: 977 (Loss: 0.4734)
[===============================         ]: 978 (Loss: 0.5609)
[===============================         ]: 979 (Loss: 0.5512)
[================================        ]: 980 (Loss: 0.5413)
[================================        ]: 981 (Loss: 0.5463)
[================================        ]: 982 (Loss: 0.5306)
[=================================       ]: 983 (Loss: 0.5150)
[=================================       ]: 984 (Loss: 0.5587)
[==================================      ]: 985 (Loss: 0.5890)
[==================================      ]: 986 (Loss: 0.4886)
[==================================      ]: 987 (Loss: 0.5244)
[===================================     ]: 988 (Loss: 0.5330)
[===================================     ]: 989 (Loss: 0.4987)
[====================================    ]: 990 (Loss: 0.4313)
[====================================    ]: 991 (Loss: 0.5178)
[====================================    ]: 992 (Loss: 0.4398)
[=====================================   ]: 993 (Loss: 0.5467)
[=====================================   ]: 994 (Loss: 0.5003)
[======================================  ]: 995 (Loss: 0.5297)
[======================================  ]: 996 (Loss: 0.4466)
[======================================  ]: 997 (Loss: 0.4670)
[======================================= ]: 998 (Loss: 0.5333)
[======================================= ]: 999 (Loss: 0.5759)
[========================================]: 1000 (Loss: 0.5383)
                                                                                                    
[2026-07-16 21:51:11,114] [INFO] [__main__] Batch 1000 Loss: 0.531980 Cost: 10.73 Time: 81 ms/sequence
[2026-07-16 21:51:11,114] [INFO] [__main__] Advice weight norm: 19.175114 | Advice gradient norm: 0.000000

                                                                                                    
[2026-07-16 21:51:11,115] [INFO] [__main__] Saving checkpoint to 'runs\copy_sanity_len5\copy\zero\seed_1002\checkpoint-batch-00001000.pt'

[                                        ]: 1001 (Loss: 0.5726)
[                                        ]: 1002 (Loss: 0.5571)
[=                                       ]: 1003 (Loss: 0.5740)
[=                                       ]: 1004 (Loss: 0.6339)
[==                                      ]: 1005 (Loss: 0.4625)
[==                                      ]: 1006 (Loss: 0.4977)
[==                                      ]: 1007 (Loss: 0.5389)
[===                                     ]: 1008 (Loss: 0.4868)
[===                                     ]: 1009 (Loss: 0.5603)
[====                                    ]: 1010 (Loss: 0.5365)
[====                                    ]: 1011 (Loss: 0.5339)
[====                                    ]: 1012 (Loss: 0.5576)
[=====                                   ]: 1013 (Loss: 0.5757)
[=====                                   ]: 1014 (Loss: 0.4965)
[======                                  ]: 1015 (Loss: 0.4997)
[======                                  ]: 1016 (Loss: 0.5382)
[======                                  ]: 1017 (Loss: 0.4453)
[=======                                 ]: 1018 (Loss: 0.4861)
[=======                                 ]: 1019 (Loss: 0.5510)
[========                                ]: 1020 (Loss: 0.5101)
[========                                ]: 1021 (Loss: 0.5311)
[========                                ]: 1022 (Loss: 0.5134)
[=========                               ]: 1023 (Loss: 0.5716)
[=========                               ]: 1024 (Loss: 0.6207)
[==========                              ]: 1025 (Loss: 0.5112)
[==========                              ]: 1026 (Loss: 0.4363)
[==========                              ]: 1027 (Loss: 0.5568)
[===========                             ]: 1028 (Loss: 0.4848)
[===========                             ]: 1029 (Loss: 0.4836)
[============                            ]: 1030 (Loss: 0.4858)
[============                            ]: 1031 (Loss: 0.4733)
[============                            ]: 1032 (Loss: 0.5444)
[=============                           ]: 1033 (Loss: 0.5352)
[=============                           ]: 1034 (Loss: 0.5220)
[==============                          ]: 1035 (Loss: 0.4988)
[==============                          ]: 1036 (Loss: 0.5997)
[==============                          ]: 1037 (Loss: 0.6153)
[===============                         ]: 1038 (Loss: 0.5186)
[===============                         ]: 1039 (Loss: 0.5522)
[================                        ]: 1040 (Loss: 0.5414)
[================                        ]: 1041 (Loss: 0.4518)
[================                        ]: 1042 (Loss: 0.5502)
[=================                       ]: 1043 (Loss: 0.4488)
[=================                       ]: 1044 (Loss: 0.5290)
[==================                      ]: 1045 (Loss: 0.4357)
[==================                      ]: 1046 (Loss: 0.5795)
[==================                      ]: 1047 (Loss: 0.5341)
[===================                     ]: 1048 (Loss: 0.4638)
[===================                     ]: 1049 (Loss: 0.5505)
[====================                    ]: 1050 (Loss: 0.5034)
[====================                    ]: 1051 (Loss: 0.5290)
[====================                    ]: 1052 (Loss: 0.4836)
[=====================                   ]: 1053 (Loss: 0.5764)
[=====================                   ]: 1054 (Loss: 0.4558)
[======================                  ]: 1055 (Loss: 0.5513)
[======================                  ]: 1056 (Loss: 0.5425)
[======================                  ]: 1057 (Loss: 0.4905)
[=======================                 ]: 1058 (Loss: 0.5411)
[=======================                 ]: 1059 (Loss: 0.5410)
[========================                ]: 1060 (Loss: 0.6195)
[========================                ]: 1061 (Loss: 0.4577)
[========================                ]: 1062 (Loss: 0.4482)
[=========================               ]: 1063 (Loss: 0.5554)
[=========================               ]: 1064 (Loss: 0.4472)
[==========================              ]: 1065 (Loss: 0.5215)
[==========================              ]: 1066 (Loss: 0.4930)
[==========================              ]: 1067 (Loss: 0.4901)
[===========================             ]: 1068 (Loss: 0.4526)
[===========================             ]: 1069 (Loss: 0.4872)
[============================            ]: 1070 (Loss: 0.5648)
[============================            ]: 1071 (Loss: 0.5537)
[============================            ]: 1072 (Loss: 0.5125)
[=============================           ]: 1073 (Loss: 0.5335)
[=============================           ]: 1074 (Loss: 0.4428)
[==============================          ]: 1075 (Loss: 0.5124)
[==============================          ]: 1076 (Loss: 0.5293)
[==============================          ]: 1077 (Loss: 0.4994)
[===============================         ]: 1078 (Loss: 0.5838)
[===============================         ]: 1079 (Loss: 0.5796)
[================================        ]: 1080 (Loss: 0.5522)
[================================        ]: 1081 (Loss: 0.5736)
[================================        ]: 1082 (Loss: 0.6286)
[=================================       ]: 1083 (Loss: 0.5343)
[=================================       ]: 1084 (Loss: 0.4837)
[==================================      ]: 1085 (Loss: 0.4849)
[==================================      ]: 1086 (Loss: 0.4614)
[==================================      ]: 1087 (Loss: 0.4948)
[===================================     ]: 1088 (Loss: 0.5778)
[===================================     ]: 1089 (Loss: 0.4423)
[====================================    ]: 1090 (Loss: 0.5807)
[====================================    ]: 1091 (Loss: 0.5528)
[====================================    ]: 1092 (Loss: 0.4433)
[=====================================   ]: 1093 (Loss: 0.5151)
[=====================================   ]: 1094 (Loss: 0.5107)
[======================================  ]: 1095 (Loss: 0.5149)
[======================================  ]: 1096 (Loss: 0.5838)
[======================================  ]: 1097 (Loss: 0.5609)
[======================================= ]: 1098 (Loss: 0.6074)
[======================================= ]: 1099 (Loss: 0.5411)
[========================================]: 1100 (Loss: 0.5474)
                                                                                                    
[2026-07-16 21:51:24,539] [INFO] [__main__] Batch 1100 Loss: 0.524442 Cost: 10.76 Time: 134 ms/sequence
[2026-07-16 21:51:24,539] [INFO] [__main__] Advice weight norm: 19.175114 | Advice gradient norm: 0.000000

[                                        ]: 1101 (Loss: 0.5572)
[                                        ]: 1102 (Loss: 0.5649)
[=                                       ]: 1103 (Loss: 0.4481)
[=                                       ]: 1104 (Loss: 0.4825)
[==                                      ]: 1105 (Loss: 0.5314)
[==                                      ]: 1106 (Loss: 0.5018)
[==                                      ]: 1107 (Loss: 0.5211)
[===                                     ]: 1108 (Loss: 0.4535)
[===                                     ]: 1109 (Loss: 0.4787)
[====                                    ]: 1110 (Loss: 0.5116)
[====                                    ]: 1111 (Loss: 0.4833)
[====                                    ]: 1112 (Loss: 0.6010)
[=====                                   ]: 1113 (Loss: 0.5271)
[=====                                   ]: 1114 (Loss: 0.4728)
[======                                  ]: 1115 (Loss: 0.5596)
[======                                  ]: 1116 (Loss: 0.5327)
[======                                  ]: 1117 (Loss: 0.4880)
[=======                                 ]: 1118 (Loss: 0.5934)
[=======                                 ]: 1119 (Loss: 0.5215)
[========                                ]: 1120 (Loss: 0.5057)
[========                                ]: 1121 (Loss: 0.4780)
[========                                ]: 1122 (Loss: 0.3952)
[=========                               ]: 1123 (Loss: 0.5217)
[=========                               ]: 1124 (Loss: 0.5986)
[==========                              ]: 1125 (Loss: 0.5950)
[==========                              ]: 1126 (Loss: 0.5222)
[==========                              ]: 1127 (Loss: 0.4714)
[===========                             ]: 1128 (Loss: 0.5474)
[===========                             ]: 1129 (Loss: 0.6214)
[============                            ]: 1130 (Loss: 0.4964)
[============                            ]: 1131 (Loss: 0.4408)
[============                            ]: 1132 (Loss: 0.5893)
[=============                           ]: 1133 (Loss: 0.5374)
[=============                           ]: 1134 (Loss: 0.5569)
[==============                          ]: 1135 (Loss: 0.5352)
[==============                          ]: 1136 (Loss: 0.4792)
[==============                          ]: 1137 (Loss: 0.4469)
[===============                         ]: 1138 (Loss: 0.4235)
[===============                         ]: 1139 (Loss: 0.5507)
[================                        ]: 1140 (Loss: 0.5434)
[================                        ]: 1141 (Loss: 0.4841)
[================                        ]: 1142 (Loss: 0.4651)
[=================                       ]: 1143 (Loss: 0.5465)
[=================                       ]: 1144 (Loss: 0.5571)
[==================                      ]: 1145 (Loss: 0.5032)
[==================                      ]: 1146 (Loss: 0.4997)
[==================                      ]: 1147 (Loss: 0.4238)
[===================                     ]: 1148 (Loss: 0.5508)
[===================                     ]: 1149 (Loss: 0.4603)
[====================                    ]: 1150 (Loss: 0.4515)
[====================                    ]: 1151 (Loss: 0.4648)
[====================                    ]: 1152 (Loss: 0.4814)
[=====================                   ]: 1153 (Loss: 0.5426)
[=====================                   ]: 1154 (Loss: 0.5658)
[======================                  ]: 1155 (Loss: 0.5872)
[======================                  ]: 1156 (Loss: 0.5016)
[======================                  ]: 1157 (Loss: 0.5601)
[=======================                 ]: 1158 (Loss: 0.5546)
[=======================                 ]: 1159 (Loss: 0.4868)
[========================                ]: 1160 (Loss: 0.5793)
[========================                ]: 1161 (Loss: 0.5536)
[========================                ]: 1162 (Loss: 0.5125)
[=========================               ]: 1163 (Loss: 0.5062)
[=========================               ]: 1164 (Loss: 0.5364)
[==========================              ]: 1165 (Loss: 0.4888)
[==========================              ]: 1166 (Loss: 0.3465)
[==========================              ]: 1167 (Loss: 0.5916)
[===========================             ]: 1168 (Loss: 0.5118)
[===========================             ]: 1169 (Loss: 0.4784)
[============================            ]: 1170 (Loss: 0.5472)
[============================            ]: 1171 (Loss: 0.6134)
[============================            ]: 1172 (Loss: 0.5701)
[=============================           ]: 1173 (Loss: 0.4853)
[=============================           ]: 1174 (Loss: 0.4404)
[==============================          ]: 1175 (Loss: 0.5692)
[==============================          ]: 1176 (Loss: 0.5011)
[==============================          ]: 1177 (Loss: 0.4553)
[===============================         ]: 1178 (Loss: 0.5425)
[===============================         ]: 1179 (Loss: 0.5330)
[================================        ]: 1180 (Loss: 0.4176)
[================================        ]: 1181 (Loss: 0.4483)
[================================        ]: 1182 (Loss: 0.4147)
[=================================       ]: 1183 (Loss: 0.5236)
[=================================       ]: 1184 (Loss: 0.5831)
[==================================      ]: 1185 (Loss: 0.5007)
[==================================      ]: 1186 (Loss: 0.5068)
[==================================      ]: 1187 (Loss: 0.4699)
[===================================     ]: 1188 (Loss: 0.4730)
[===================================     ]: 1189 (Loss: 0.5005)
[====================================    ]: 1190 (Loss: 0.4934)
[====================================    ]: 1191 (Loss: 0.6585)
[====================================    ]: 1192 (Loss: 0.5063)
[=====================================   ]: 1193 (Loss: 0.5117)
[=====================================   ]: 1194 (Loss: 0.5226)
[======================================  ]: 1195 (Loss: 0.4355)
[======================================  ]: 1196 (Loss: 0.5201)
[======================================  ]: 1197 (Loss: 0.5337)
[======================================= ]: 1198 (Loss: 0.4066)
[======================================= ]: 1199 (Loss: 0.4995)
[========================================]: 1200 (Loss: 0.4778)
                                                                                                    
[2026-07-16 21:51:43,141] [INFO] [__main__] Batch 1200 Loss: 0.511403 Cost: 10.18 Time: 186 ms/sequence
[2026-07-16 21:51:43,141] [INFO] [__main__] Advice weight norm: 19.175114 | Advice gradient norm: 0.000000

[                                        ]: 1201 (Loss: 0.5119)
[                                        ]: 1202 (Loss: 0.5388)
[=                                       ]: 1203 (Loss: 0.4964)
[=                                       ]: 1204 (Loss: 0.5252)
[==                                      ]: 1205 (Loss: 0.5275)
[==                                      ]: 1206 (Loss: 0.5624)
[==                                      ]: 1207 (Loss: 0.5417)
[===                                     ]: 1208 (Loss: 0.5507)
[===                                     ]: 1209 (Loss: 0.5065)
[====                                    ]: 1210 (Loss: 0.4564)
[====                                    ]: 1211 (Loss: 0.4857)
[====                                    ]: 1212 (Loss: 0.4144)
[=====                                   ]: 1213 (Loss: 0.5314)
[=====                                   ]: 1214 (Loss: 0.4802)
[======                                  ]: 1215 (Loss: 0.6403)
[======                                  ]: 1216 (Loss: 0.5440)
[======                                  ]: 1217 (Loss: 0.5231)
[=======                                 ]: 1218 (Loss: 0.5230)
[=======                                 ]: 1219 (Loss: 0.5416)
[========                                ]: 1220 (Loss: 0.4508)
[========                                ]: 1221 (Loss: 0.5018)
[========                                ]: 1222 (Loss: 0.5609)
[=========                               ]: 1223 (Loss: 0.5378)
[=========                               ]: 1224 (Loss: 0.5149)
[==========                              ]: 1225 (Loss: 0.4401)
[==========                              ]: 1226 (Loss: 0.5404)
[==========                              ]: 1227 (Loss: 0.5404)
[===========                             ]: 1228 (Loss: 0.5583)
[===========                             ]: 1229 (Loss: 0.4633)
[============                            ]: 1230 (Loss: 0.4792)
[============                            ]: 1231 (Loss: 0.5190)
[============                            ]: 1232 (Loss: 0.5363)
[=============                           ]: 1233 (Loss: 0.4348)
[=============                           ]: 1234 (Loss: 0.4685)
[==============                          ]: 1235 (Loss: 0.6103)
[==============                          ]: 1236 (Loss: 0.5302)
[==============                          ]: 1237 (Loss: 0.5021)
[===============                         ]: 1238 (Loss: 0.4589)
[===============                         ]: 1239 (Loss: 0.5489)
[================                        ]: 1240 (Loss: 0.4695)
[================                        ]: 1241 (Loss: 0.4877)
[================                        ]: 1242 (Loss: 0.6292)
[=================                       ]: 1243 (Loss: 0.5018)
[=================                       ]: 1244 (Loss: 0.5062)
[==================                      ]: 1245 (Loss: 0.5554)
[==================                      ]: 1246 (Loss: 0.5593)
[==================                      ]: 1247 (Loss: 0.3938)
[===================                     ]: 1248 (Loss: 0.5834)
[===================                     ]: 1249 (Loss: 0.6144)
[====================                    ]: 1250 (Loss: 0.4914)
[====================                    ]: 1251 (Loss: 0.5679)
[====================                    ]: 1252 (Loss: 0.4725)
[=====================                   ]: 1253 (Loss: 0.5398)
[=====================                   ]: 1254 (Loss: 0.5460)
[======================                  ]: 1255 (Loss: 0.5941)
[======================                  ]: 1256 (Loss: 0.5542)
[======================                  ]: 1257 (Loss: 0.4638)
[=======================                 ]: 1258 (Loss: 0.5026)
[=======================                 ]: 1259 (Loss: 0.4730)
[========================                ]: 1260 (Loss: 0.5680)
[========================                ]: 1261 (Loss: 0.4895)
[========================                ]: 1262 (Loss: 0.5179)
[=========================               ]: 1263 (Loss: 0.4805)
[=========================               ]: 1264 (Loss: 0.5041)
[==========================              ]: 1265 (Loss: 0.4860)
[==========================              ]: 1266 (Loss: 0.5148)
[==========================              ]: 1267 (Loss: 0.5424)
[===========================             ]: 1268 (Loss: 0.5393)
[===========================             ]: 1269 (Loss: 0.3903)
[============================            ]: 1270 (Loss: 0.5228)
[============================            ]: 1271 (Loss: 0.4826)
[============================            ]: 1272 (Loss: 0.5953)
[=============================           ]: 1273 (Loss: 0.5741)
[=============================           ]: 1274 (Loss: 0.5382)
[==============================          ]: 1275 (Loss: 0.5686)
[==============================          ]: 1276 (Loss: 0.4794)
[==============================          ]: 1277 (Loss: 0.5090)
[===============================         ]: 1278 (Loss: 0.4961)
[===============================         ]: 1279 (Loss: 0.5464)
[================================        ]: 1280 (Loss: 0.4794)
[================================        ]: 1281 (Loss: 0.4568)
[================================        ]: 1282 (Loss: 0.5309)
[=================================       ]: 1283 (Loss: 0.5707)
[=================================       ]: 1284 (Loss: 0.5150)
[==================================      ]: 1285 (Loss: 0.5079)
[==================================      ]: 1286 (Loss: 0.5960)
[==================================      ]: 1287 (Loss: 0.4928)
[===================================     ]: 1288 (Loss: 0.5840)
[===================================     ]: 1289 (Loss: 0.5175)
[====================================    ]: 1290 (Loss: 0.5040)
[====================================    ]: 1291 (Loss: 0.4951)
[====================================    ]: 1292 (Loss: 0.5618)
[=====================================   ]: 1293 (Loss: 0.5314)
[=====================================   ]: 1294 (Loss: 0.3985)
[======================================  ]: 1295 (Loss: 0.4731)
[======================================  ]: 1296 (Loss: 0.5186)
[======================================  ]: 1297 (Loss: 0.5008)
[======================================= ]: 1298 (Loss: 0.5765)
[======================================= ]: 1299 (Loss: 0.4632)
[========================================]: 1300 (Loss: 0.5083)
                                                                                                    
[2026-07-16 21:52:01,979] [INFO] [__main__] Batch 1300 Loss: 0.517315 Cost: 10.04 Time: 188 ms/sequence
[2026-07-16 21:52:01,979] [INFO] [__main__] Advice weight norm: 19.175114 | Advice gradient norm: 0.000000

[                                        ]: 1301 (Loss: 0.4801)
[                                        ]: 1302 (Loss: 0.5158)
[=                                       ]: 1303 (Loss: 0.5786)
[=                                       ]: 1304 (Loss: 0.5411)
[==                                      ]: 1305 (Loss: 0.4479)
[==                                      ]: 1306 (Loss: 0.3925)
[==                                      ]: 1307 (Loss: 0.5671)
[===                                     ]: 1308 (Loss: 0.5620)
[===                                     ]: 1309 (Loss: 0.5086)
[====                                    ]: 1310 (Loss: 0.5099)
[====                                    ]: 1311 (Loss: 0.5926)
[====                                    ]: 1312 (Loss: 0.4739)
[=====                                   ]: 1313 (Loss: 0.6007)
[=====                                   ]: 1314 (Loss: 0.5240)
[======                                  ]: 1315 (Loss: 0.5456)
[======                                  ]: 1316 (Loss: 0.5148)
[======                                  ]: 1317 (Loss: 0.5483)
[=======                                 ]: 1318 (Loss: 0.5352)
[=======                                 ]: 1319 (Loss: 0.5213)
[========                                ]: 1320 (Loss: 0.4637)
[========                                ]: 1321 (Loss: 0.5027)
[========                                ]: 1322 (Loss: 0.5804)
[=========                               ]: 1323 (Loss: 0.4137)
[=========                               ]: 1324 (Loss: 0.4615)
[==========                              ]: 1325 (Loss: 0.4659)
[==========                              ]: 1326 (Loss: 0.4945)
[==========                              ]: 1327 (Loss: 0.5275)
[===========                             ]: 1328 (Loss: 0.4480)
[===========                             ]: 1329 (Loss: 0.5317)
[============                            ]: 1330 (Loss: 0.5028)
[============                            ]: 1331 (Loss: 0.4455)
[============                            ]: 1332 (Loss: 0.5147)
[=============                           ]: 1333 (Loss: 0.4563)
[=============                           ]: 1334 (Loss: 0.5481)
[==============                          ]: 1335 (Loss: 0.5215)
[==============                          ]: 1336 (Loss: 0.5327)
[==============                          ]: 1337 (Loss: 0.5069)
[===============                         ]: 1338 (Loss: 0.4510)
[===============                         ]: 1339 (Loss: 0.5028)
[================                        ]: 1340 (Loss: 0.5583)
[================                        ]: 1341 (Loss: 0.4007)
[================                        ]: 1342 (Loss: 0.3932)
[=================                       ]: 1343 (Loss: 0.4501)
[=================                       ]: 1344 (Loss: 0.5044)
[==================                      ]: 1345 (Loss: 0.4971)
[==================                      ]: 1346 (Loss: 0.5318)
[==================                      ]: 1347 (Loss: 0.4801)
[===================                     ]: 1348 (Loss: 0.5331)
[===================                     ]: 1349 (Loss: 0.5331)
[====================                    ]: 1350 (Loss: 0.4743)
[====================                    ]: 1351 (Loss: 0.4095)
[====================                    ]: 1352 (Loss: 0.4717)
[=====================                   ]: 1353 (Loss: 0.4885)
[=====================                   ]: 1354 (Loss: 0.5546)
[======================                  ]: 1355 (Loss: 0.5756)
[======================                  ]: 1356 (Loss: 0.5177)
[======================                  ]: 1357 (Loss: 0.5078)
[=======================                 ]: 1358 (Loss: 0.5547)
[=======================                 ]: 1359 (Loss: 0.4747)
[========================                ]: 1360 (Loss: 0.5509)
[========================                ]: 1361 (Loss: 0.4822)
[========================                ]: 1362 (Loss: 0.4664)
[=========================               ]: 1363 (Loss: 0.4812)
[=========================               ]: 1364 (Loss: 0.5387)
[==========================              ]: 1365 (Loss: 0.4650)
[==========================              ]: 1366 (Loss: 0.4777)
[==========================              ]: 1367 (Loss: 0.5322)
[===========================             ]: 1368 (Loss: 0.4081)
[===========================             ]: 1369 (Loss: 0.5812)
[============================            ]: 1370 (Loss: 0.5579)
[============================            ]: 1371 (Loss: 0.5248)
[============================            ]: 1372 (Loss: 0.6363)
[=============================           ]: 1373 (Loss: 0.5866)
[=============================           ]: 1374 (Loss: 0.5195)
[==============================          ]: 1375 (Loss: 0.3920)
[==============================          ]: 1376 (Loss: 0.4931)
[==============================          ]: 1377 (Loss: 0.4684)
[===============================         ]: 1378 (Loss: 0.5774)
[===============================         ]: 1379 (Loss: 0.5066)
[================================        ]: 1380 (Loss: 0.4853)
[================================        ]: 1381 (Loss: 0.5411)
[================================        ]: 1382 (Loss: 0.5487)
[=================================       ]: 1383 (Loss: 0.4661)
[=================================       ]: 1384 (Loss: 0.5037)
[==================================      ]: 1385 (Loss: 0.4310)
[==================================      ]: 1386 (Loss: 0.3378)
[==================================      ]: 1387 (Loss: 0.4533)
[===================================     ]: 1388 (Loss: 0.4227)
[===================================     ]: 1389 (Loss: 0.3417)
[====================================    ]: 1390 (Loss: 0.4713)
[====================================    ]: 1391 (Loss: 0.4977)
[====================================    ]: 1392 (Loss: 0.5404)
[=====================================   ]: 1393 (Loss: 0.4509)
[=====================================   ]: 1394 (Loss: 0.5588)
[======================================  ]: 1395 (Loss: 0.5044)
[======================================  ]: 1396 (Loss: 0.4709)
[======================================  ]: 1397 (Loss: 0.5309)
[======================================= ]: 1398 (Loss: 0.5994)
[======================================= ]: 1399 (Loss: 0.4479)
[========================================]: 1400 (Loss: 0.3984)
                                                                                                    
[2026-07-16 21:52:20,736] [INFO] [__main__] Batch 1400 Loss: 0.499912 Cost: 9.98 Time: 187 ms/sequence
[2026-07-16 21:52:20,736] [INFO] [__main__] Advice weight norm: 19.175114 | Advice gradient norm: 0.000000

[                                        ]: 1401 (Loss: 0.4571)
[                                        ]: 1402 (Loss: 0.5339)
[=                                       ]: 1403 (Loss: 0.5172)
[=                                       ]: 1404 (Loss: 0.5649)
[==                                      ]: 1405 (Loss: 0.5316)
[==                                      ]: 1406 (Loss: 0.4203)
[==                                      ]: 1407 (Loss: 0.4676)
[===                                     ]: 1408 (Loss: 0.5471)
[===                                     ]: 1409 (Loss: 0.4958)
[====                                    ]: 1410 (Loss: 0.5023)
[====                                    ]: 1411 (Loss: 0.5666)
[====                                    ]: 1412 (Loss: 0.5718)
[=====                                   ]: 1413 (Loss: 0.4385)
[=====                                   ]: 1414 (Loss: 0.5075)
[======                                  ]: 1415 (Loss: 0.5133)
[======                                  ]: 1416 (Loss: 0.4056)
[======                                  ]: 1417 (Loss: 0.5004)
[=======                                 ]: 1418 (Loss: 0.4826)
[=======                                 ]: 1419 (Loss: 0.4282)
[========                                ]: 1420 (Loss: 0.5066)
[========                                ]: 1421 (Loss: 0.4371)
[========                                ]: 1422 (Loss: 0.5255)
[=========                               ]: 1423 (Loss: 0.5922)
[=========                               ]: 1424 (Loss: 0.4643)
[==========                              ]: 1425 (Loss: 0.4782)
[==========                              ]: 1426 (Loss: 0.6947)
[==========                              ]: 1427 (Loss: 0.5563)
[===========                             ]: 1428 (Loss: 0.5266)
[===========                             ]: 1429 (Loss: 0.4612)
[============                            ]: 1430 (Loss: 0.4115)
[============                            ]: 1431 (Loss: 0.6096)
[============                            ]: 1432 (Loss: 0.5310)
[=============                           ]: 1433 (Loss: 0.4823)
[=============                           ]: 1434 (Loss: 0.5145)
[==============                          ]: 1435 (Loss: 0.4509)
[==============                          ]: 1436 (Loss: 0.5169)
[==============                          ]: 1437 (Loss: 0.5967)
[===============                         ]: 1438 (Loss: 0.5766)
[===============                         ]: 1439 (Loss: 0.4708)
[================                        ]: 1440 (Loss: 0.4612)
[================                        ]: 1441 (Loss: 0.5697)
[================                        ]: 1442 (Loss: 0.5261)
[=================                       ]: 1443 (Loss: 0.5276)
[=================                       ]: 1444 (Loss: 0.4287)
[==================                      ]: 1445 (Loss: 0.4471)
[==================                      ]: 1446 (Loss: 0.5095)
[==================                      ]: 1447 (Loss: 0.5261)
[===================                     ]: 1448 (Loss: 0.4205)
[===================                     ]: 1449 (Loss: 0.6043)
[====================                    ]: 1450 (Loss: 0.5086)
[====================                    ]: 1451 (Loss: 0.4815)
[====================                    ]: 1452 (Loss: 0.4647)
[=====================                   ]: 1453 (Loss: 0.5065)
[=====================                   ]: 1454 (Loss: 0.5214)
[======================                  ]: 1455 (Loss: 0.3919)
[======================                  ]: 1456 (Loss: 0.4593)
[======================                  ]: 1457 (Loss: 0.6689)
[=======================                 ]: 1458 (Loss: 0.5681)
[=======================                 ]: 1459 (Loss: 0.5046)
[========================                ]: 1460 (Loss: 0.5071)
[========================                ]: 1461 (Loss: 0.5932)
[========================                ]: 1462 (Loss: 0.5113)
[=========================               ]: 1463 (Loss: 0.4878)
[=========================               ]: 1464 (Loss: 0.5949)
[==========================              ]: 1465 (Loss: 0.4662)
[==========================              ]: 1466 (Loss: 0.4315)
[==========================              ]: 1467 (Loss: 0.5345)
[===========================             ]: 1468 (Loss: 0.5686)
[===========================             ]: 1469 (Loss: 0.4438)
[============================            ]: 1470 (Loss: 0.5374)
[============================            ]: 1471 (Loss: 0.6202)
[============================            ]: 1472 (Loss: 0.4364)
[=============================           ]: 1473 (Loss: 0.4761)
[=============================           ]: 1474 (Loss: 0.5388)
[==============================          ]: 1475 (Loss: 0.5599)
[==============================          ]: 1476 (Loss: 0.5209)
[==============================          ]: 1477 (Loss: 0.5215)
[===============================         ]: 1478 (Loss: 0.4977)
[===============================         ]: 1479 (Loss: 0.3550)
[================================        ]: 1480 (Loss: 0.5674)
[================================        ]: 1481 (Loss: 0.4542)
[================================        ]: 1482 (Loss: 0.4512)
[=================================       ]: 1483 (Loss: 0.4446)
[=================================       ]: 1484 (Loss: 0.6152)
[==================================      ]: 1485 (Loss: 0.5287)
[==================================      ]: 1486 (Loss: 0.4361)
[==================================      ]: 1487 (Loss: 0.5284)
[===================================     ]: 1488 (Loss: 0.5323)
[===================================     ]: 1489 (Loss: 0.4992)
[====================================    ]: 1490 (Loss: 0.4446)
[====================================    ]: 1491 (Loss: 0.5655)
[====================================    ]: 1492 (Loss: 0.5618)
[=====================================   ]: 1493 (Loss: 0.4912)
[=====================================   ]: 1494 (Loss: 0.5022)
[======================================  ]: 1495 (Loss: 0.4674)
[======================================  ]: 1496 (Loss: 0.6012)
[======================================  ]: 1497 (Loss: 0.5427)
[======================================= ]: 1498 (Loss: 0.5182)
[======================================= ]: 1499 (Loss: 0.6263)
[========================================]: 1500 (Loss: 0.3720)
                                                                                                    
[2026-07-16 21:52:39,444] [INFO] [__main__] Batch 1500 Loss: 0.509059 Cost: 10.37 Time: 187 ms/sequence
[2026-07-16 21:52:39,444] [INFO] [__main__] Advice weight norm: 19.175114 | Advice gradient norm: 0.000000

[                                        ]: 1501 (Loss: 0.5377)
[                                        ]: 1502 (Loss: 0.4838)
[=                                       ]: 1503 (Loss: 0.5478)
[=                                       ]: 1504 (Loss: 0.5467)
[==                                      ]: 1505 (Loss: 0.4928)
[==                                      ]: 1506 (Loss: 0.5462)
[==                                      ]: 1507 (Loss: 0.6096)
[===                                     ]: 1508 (Loss: 0.4520)
[===                                     ]: 1509 (Loss: 0.5316)
[====                                    ]: 1510 (Loss: 0.4829)
[====                                    ]: 1511 (Loss: 0.3752)
[====                                    ]: 1512 (Loss: 0.3976)
[=====                                   ]: 1513 (Loss: 0.5052)
[=====                                   ]: 1514 (Loss: 0.4107)
[======                                  ]: 1515 (Loss: 0.5532)
[======                                  ]: 1516 (Loss: 0.5716)
[======                                  ]: 1517 (Loss: 0.4559)
[=======                                 ]: 1518 (Loss: 0.5041)
[=======                                 ]: 1519 (Loss: 0.4358)
[========                                ]: 1520 (Loss: 0.4757)
[========                                ]: 1521 (Loss: 0.5108)
[========                                ]: 1522 (Loss: 0.5404)
[=========                               ]: 1523 (Loss: 0.4574)
[=========                               ]: 1524 (Loss: 0.4798)
[==========                              ]: 1525 (Loss: 0.5604)
[==========                              ]: 1526 (Loss: 0.5295)
[==========                              ]: 1527 (Loss: 0.4820)
[===========                             ]: 1528 (Loss: 0.5288)
[===========                             ]: 1529 (Loss: 0.5775)
[============                            ]: 1530 (Loss: 0.4422)
[============                            ]: 1531 (Loss: 0.4842)
[============                            ]: 1532 (Loss: 0.4539)
[=============                           ]: 1533 (Loss: 0.3921)
[=============                           ]: 1534 (Loss: 0.4546)
[==============                          ]: 1535 (Loss: 0.4939)
[==============                          ]: 1536 (Loss: 0.3302)
[==============                          ]: 1537 (Loss: 0.3891)
[===============                         ]: 1538 (Loss: 0.4728)
[===============                         ]: 1539 (Loss: 0.6352)
[================                        ]: 1540 (Loss: 0.4064)
[================                        ]: 1541 (Loss: 0.4526)
[================                        ]: 1542 (Loss: 0.4720)
[=================                       ]: 1543 (Loss: 0.5075)
[=================                       ]: 1544 (Loss: 0.6838)
[==================                      ]: 1545 (Loss: 0.5779)
[==================                      ]: 1546 (Loss: 0.4821)
[==================                      ]: 1547 (Loss: 0.5142)
[===================                     ]: 1548 (Loss: 0.5178)
[===================                     ]: 1549 (Loss: 0.5345)
[====================                    ]: 1550 (Loss: 0.5540)
[====================                    ]: 1551 (Loss: 0.4986)
[====================                    ]: 1552 (Loss: 0.6587)
[=====================                   ]: 1553 (Loss: 0.4197)
[=====================                   ]: 1554 (Loss: 0.5660)
[======================                  ]: 1555 (Loss: 0.4381)
[======================                  ]: 1556 (Loss: 0.4849)
[======================                  ]: 1557 (Loss: 0.5068)
[=======================                 ]: 1558 (Loss: 0.4420)
[=======================                 ]: 1559 (Loss: 0.5315)
[========================                ]: 1560 (Loss: 0.4675)
[========================                ]: 1561 (Loss: 0.5219)
[========================                ]: 1562 (Loss: 0.4884)
[=========================               ]: 1563 (Loss: 0.4859)
[=========================               ]: 1564 (Loss: 0.5218)
[==========================              ]: 1565 (Loss: 0.5243)
[==========================              ]: 1566 (Loss: 0.4270)
[==========================              ]: 1567 (Loss: 0.4841)
[===========================             ]: 1568 (Loss: 0.5085)
[===========================             ]: 1569 (Loss: 0.4866)
[============================            ]: 1570 (Loss: 0.4793)
[============================            ]: 1571 (Loss: 0.4936)
[============================            ]: 1572 (Loss: 0.5009)
[=============================           ]: 1573 (Loss: 0.5626)
[=============================           ]: 1574 (Loss: 0.5438)
[==============================          ]: 1575 (Loss: 0.4645)
[==============================          ]: 1576 (Loss: 0.4373)
[==============================          ]: 1577 (Loss: 0.5206)
[===============================         ]: 1578 (Loss: 0.4525)
[===============================         ]: 1579 (Loss: 0.4270)
[================================        ]: 1580 (Loss: 0.5374)
[================================        ]: 1581 (Loss: 0.4564)
[================================        ]: 1582 (Loss: 0.5354)
[=================================       ]: 1583 (Loss: 0.4438)
[=================================       ]: 1584 (Loss: 0.4298)
[==================================      ]: 1585 (Loss: 0.5638)
[==================================      ]: 1586 (Loss: 0.4638)
[==================================      ]: 1587 (Loss: 0.3738)
[===================================     ]: 1588 (Loss: 0.4608)
[===================================     ]: 1589 (Loss: 0.4552)
[====================================    ]: 1590 (Loss: 0.4399)
[====================================    ]: 1591 (Loss: 0.5507)
[====================================    ]: 1592 (Loss: 0.4146)
[=====================================   ]: 1593 (Loss: 0.4753)
[=====================================   ]: 1594 (Loss: 0.4361)
[======================================  ]: 1595 (Loss: 0.5127)
[======================================  ]: 1596 (Loss: 0.3701)
[======================================  ]: 1597 (Loss: 0.4339)
[======================================= ]: 1598 (Loss: 0.4511)
[======================================= ]: 1599 (Loss: 0.4911)
[========================================]: 1600 (Loss: 0.5302)
                                                                                                    
[2026-07-16 21:52:57,957] [INFO] [__main__] Batch 1600 Loss: 0.490035 Cost: 9.84 Time: 185 ms/sequence
[2026-07-16 21:52:57,958] [INFO] [__main__] Advice weight norm: 19.175114 | Advice gradient norm: 0.000000

[                                        ]: 1601 (Loss: 0.5859)
[                                        ]: 1602 (Loss: 0.5086)
[=                                       ]: 1603 (Loss: 0.4446)
[=                                       ]: 1604 (Loss: 0.3990)
[==                                      ]: 1605 (Loss: 0.5244)
[==                                      ]: 1606 (Loss: 0.4226)
[==                                      ]: 1607 (Loss: 0.4500)
[===                                     ]: 1608 (Loss: 0.4978)
[===                                     ]: 1609 (Loss: 0.5189)
[====                                    ]: 1610 (Loss: 0.5111)
[====                                    ]: 1611 (Loss: 0.4130)
[====                                    ]: 1612 (Loss: 0.5919)
[=====                                   ]: 1613 (Loss: 0.4043)
[=====                                   ]: 1614 (Loss: 0.5095)
[======                                  ]: 1615 (Loss: 0.5251)
[======                                  ]: 1616 (Loss: 0.4595)
[======                                  ]: 1617 (Loss: 0.4271)
[=======                                 ]: 1618 (Loss: 0.5568)
[=======                                 ]: 1619 (Loss: 0.6002)
[========                                ]: 1620 (Loss: 0.5220)
[========                                ]: 1621 (Loss: 0.4463)
[========                                ]: 1622 (Loss: 0.6101)
[=========                               ]: 1623 (Loss: 0.4872)
[=========                               ]: 1624 (Loss: 0.4304)
[==========                              ]: 1625 (Loss: 0.4085)
[==========                              ]: 1626 (Loss: 0.4548)
[==========                              ]: 1627 (Loss: 0.3937)
[===========                             ]: 1628 (Loss: 0.5581)
[===========                             ]: 1629 (Loss: 0.4765)
[============                            ]: 1630 (Loss: 0.5272)
[============                            ]: 1631 (Loss: 0.5450)
[============                            ]: 1632 (Loss: 0.3702)
[=============                           ]: 1633 (Loss: 0.4749)
[=============                           ]: 1634 (Loss: 0.5184)
[==============                          ]: 1635 (Loss: 0.5221)
[==============                          ]: 1636 (Loss: 0.3711)
[==============                          ]: 1637 (Loss: 0.4189)
[===============                         ]: 1638 (Loss: 0.4772)
[===============                         ]: 1639 (Loss: 0.5584)
[================                        ]: 1640 (Loss: 0.5681)
[================                        ]: 1641 (Loss: 0.5770)
[================                        ]: 1642 (Loss: 0.4138)
[=================                       ]: 1643 (Loss: 0.3409)
[=================                       ]: 1644 (Loss: 0.4565)
[==================                      ]: 1645 (Loss: 0.4962)
[==================                      ]: 1646 (Loss: 0.4099)
[==================                      ]: 1647 (Loss: 0.5888)
[===================                     ]: 1648 (Loss: 0.4585)
[===================                     ]: 1649 (Loss: 0.5083)
[====================                    ]: 1650 (Loss: 0.6237)
[====================                    ]: 1651 (Loss: 0.4127)
[====================                    ]: 1652 (Loss: 0.4819)
[=====================                   ]: 1653 (Loss: 0.4490)
[=====================                   ]: 1654 (Loss: 0.4949)
[======================                  ]: 1655 (Loss: 0.5036)
[======================                  ]: 1656 (Loss: 0.4099)
[======================                  ]: 1657 (Loss: 0.4385)
[=======================                 ]: 1658 (Loss: 0.4221)
[=======================                 ]: 1659 (Loss: 0.3916)
[========================                ]: 1660 (Loss: 0.4345)
[========================                ]: 1661 (Loss: 0.4092)
[========================                ]: 1662 (Loss: 0.4733)
[=========================               ]: 1663 (Loss: 0.4447)
[=========================               ]: 1664 (Loss: 0.5525)
[==========================              ]: 1665 (Loss: 0.5584)
[==========================              ]: 1666 (Loss: 0.4718)
[==========================              ]: 1667 (Loss: 0.4867)
[===========================             ]: 1668 (Loss: 0.5365)
[===========================             ]: 1669 (Loss: 0.5254)
[============================            ]: 1670 (Loss: 0.4038)
[============================            ]: 1671 (Loss: 0.3932)
[============================            ]: 1672 (Loss: 0.5285)
[=============================           ]: 1673 (Loss: 0.4992)
[=============================           ]: 1674 (Loss: 0.5622)
[==============================          ]: 1675 (Loss: 0.4803)
[==============================          ]: 1676 (Loss: 0.5492)
[==============================          ]: 1677 (Loss: 0.5804)
[===============================         ]: 1678 (Loss: 0.5268)
[===============================         ]: 1679 (Loss: 0.4065)
[================================        ]: 1680 (Loss: 0.4865)
[================================        ]: 1681 (Loss: 0.4938)
[================================        ]: 1682 (Loss: 0.5734)
[=================================       ]: 1683 (Loss: 0.5163)
[=================================       ]: 1684 (Loss: 0.4679)
[==================================      ]: 1685 (Loss: 0.5348)
[==================================      ]: 1686 (Loss: 0.4602)
[==================================      ]: 1687 (Loss: 0.4895)
[===================================     ]: 1688 (Loss: 0.3934)
[===================================     ]: 1689 (Loss: 0.4041)
[====================================    ]: 1690 (Loss: 0.6683)
[====================================    ]: 1691 (Loss: 0.4271)
[====================================    ]: 1692 (Loss: 0.5612)
[=====================================   ]: 1693 (Loss: 0.5019)
[=====================================   ]: 1694 (Loss: 0.4903)
[======================================  ]: 1695 (Loss: 0.4997)
[======================================  ]: 1696 (Loss: 0.4645)
[======================================  ]: 1697 (Loss: 0.5017)
[======================================= ]: 1698 (Loss: 0.4956)
[======================================= ]: 1699 (Loss: 0.4825)
[========================================]: 1700 (Loss: 0.4471)
                                                                                                    
[2026-07-16 21:53:16,756] [INFO] [__main__] Batch 1700 Loss: 0.485503 Cost: 9.44 Time: 187 ms/sequence
[2026-07-16 21:53:16,756] [INFO] [__main__] Advice weight norm: 19.175114 | Advice gradient norm: 0.000000

[                                        ]: 1701 (Loss: 0.4516)
[                                        ]: 1702 (Loss: 0.5138)
[=                                       ]: 1703 (Loss: 0.4366)
[=                                       ]: 1704 (Loss: 0.4225)
[==                                      ]: 1705 (Loss: 0.2717)
[==                                      ]: 1706 (Loss: 0.5146)
[==                                      ]: 1707 (Loss: 0.4373)
[===                                     ]: 1708 (Loss: 0.5138)
[===                                     ]: 1709 (Loss: 0.3883)
[====                                    ]: 1710 (Loss: 0.5822)
[====                                    ]: 1711 (Loss: 0.6140)
[====                                    ]: 1712 (Loss: 0.4503)
[=====                                   ]: 1713 (Loss: 0.5902)
[=====                                   ]: 1714 (Loss: 0.4125)
[======                                  ]: 1715 (Loss: 0.5503)
[======                                  ]: 1716 (Loss: 0.5633)
[======                                  ]: 1717 (Loss: 0.4502)
[=======                                 ]: 1718 (Loss: 0.4960)
[=======                                 ]: 1719 (Loss: 0.5444)
[========                                ]: 1720 (Loss: 0.4411)
[========                                ]: 1721 (Loss: 0.4849)
[========                                ]: 1722 (Loss: 0.6017)
[=========                               ]: 1723 (Loss: 0.5325)
[=========                               ]: 1724 (Loss: 0.3571)
[==========                              ]: 1725 (Loss: 0.5557)
[==========                              ]: 1726 (Loss: 0.4902)
[==========                              ]: 1727 (Loss: 0.4639)
[===========                             ]: 1728 (Loss: 0.5073)
[===========                             ]: 1729 (Loss: 0.4378)
[============                            ]: 1730 (Loss: 0.5327)
[============                            ]: 1731 (Loss: 0.4134)
[============                            ]: 1732 (Loss: 0.5581)
[=============                           ]: 1733 (Loss: 0.5320)
[=============                           ]: 1734 (Loss: 0.4318)
[==============                          ]: 1735 (Loss: 0.4808)
[==============                          ]: 1736 (Loss: 0.5176)
[==============                          ]: 1737 (Loss: 0.4869)
[===============                         ]: 1738 (Loss: 0.4844)
[===============                         ]: 1739 (Loss: 0.5351)
[================                        ]: 1740 (Loss: 0.5414)
[================                        ]: 1741 (Loss: 0.4705)
[================                        ]: 1742 (Loss: 0.4577)
[=================                       ]: 1743 (Loss: 0.5393)
[=================                       ]: 1744 (Loss: 0.4131)
[==================                      ]: 1745 (Loss: 0.4386)
[==================                      ]: 1746 (Loss: 0.5321)
[==================                      ]: 1747 (Loss: 0.4271)
[===================                     ]: 1748 (Loss: 0.4252)
[===================                     ]: 1749 (Loss: 0.4542)
[====================                    ]: 1750 (Loss: 0.4009)
[====================                    ]: 1751 (Loss: 0.4202)
[====================                    ]: 1752 (Loss: 0.5441)
[=====================                   ]: 1753 (Loss: 0.5689)
[=====================                   ]: 1754 (Loss: 0.4010)
[======================                  ]: 1755 (Loss: 0.5703)
[======================                  ]: 1756 (Loss: 0.5986)
[======================                  ]: 1757 (Loss: 0.4314)
[=======================                 ]: 1758 (Loss: 0.4481)
[=======================                 ]: 1759 (Loss: 0.5066)
[========================                ]: 1760 (Loss: 0.3868)
[========================                ]: 1761 (Loss: 0.4584)
[========================                ]: 1762 (Loss: 0.4487)
[=========================               ]: 1763 (Loss: 0.5279)
[=========================               ]: 1764 (Loss: 0.4734)
[==========================              ]: 1765 (Loss: 0.4425)
[==========================              ]: 1766 (Loss: 0.4146)
[==========================              ]: 1767 (Loss: 0.4879)
[===========================             ]: 1768 (Loss: 0.4394)
[===========================             ]: 1769 (Loss: 0.4635)
[============================            ]: 1770 (Loss: 0.4719)
[============================            ]: 1771 (Loss: 0.3437)
[============================            ]: 1772 (Loss: 0.5241)
[=============================           ]: 1773 (Loss: 0.5944)
[=============================           ]: 1774 (Loss: 0.5647)
[==============================          ]: 1775 (Loss: 0.4862)
[==============================          ]: 1776 (Loss: 0.4962)
[==============================          ]: 1777 (Loss: 0.5683)
[===============================         ]: 1778 (Loss: 0.5078)
[===============================         ]: 1779 (Loss: 0.3990)
[================================        ]: 1780 (Loss: 0.5711)
[================================        ]: 1781 (Loss: 0.4514)
[================================        ]: 1782 (Loss: 0.5011)
[=================================       ]: 1783 (Loss: 0.5347)
[=================================       ]: 1784 (Loss: 0.5615)
[==================================      ]: 1785 (Loss: 0.4383)
[==================================      ]: 1786 (Loss: 0.4446)
[==================================      ]: 1787 (Loss: 0.5837)
[===================================     ]: 1788 (Loss: 0.5283)
[===================================     ]: 1789 (Loss: 0.5860)
[====================================    ]: 1790 (Loss: 0.3683)
[====================================    ]: 1791 (Loss: 0.3871)
[====================================    ]: 1792 (Loss: 0.3690)
[=====================================   ]: 1793 (Loss: 0.5540)
[=====================================   ]: 1794 (Loss: 0.4931)
[======================================  ]: 1795 (Loss: 0.4574)
[======================================  ]: 1796 (Loss: 0.5041)
[======================================  ]: 1797 (Loss: 0.4286)
[======================================= ]: 1798 (Loss: 0.4966)
[======================================= ]: 1799 (Loss: 0.4500)
[========================================]: 1800 (Loss: 0.4506)
                                                                                                    
[2026-07-16 21:53:35,549] [INFO] [__main__] Batch 1800 Loss: 0.482966 Cost: 9.47 Time: 187 ms/sequence
[2026-07-16 21:53:35,549] [INFO] [__main__] Advice weight norm: 19.175114 | Advice gradient norm: 0.000000

[                                        ]: 1801 (Loss: 0.4840)
[                                        ]: 1802 (Loss: 0.6168)
[=                                       ]: 1803 (Loss: 0.4130)
[=                                       ]: 1804 (Loss: 0.5341)
[==                                      ]: 1805 (Loss: 0.4429)
[==                                      ]: 1806 (Loss: 0.4565)
[==                                      ]: 1807 (Loss: 0.4931)
[===                                     ]: 1808 (Loss: 0.4424)
[===                                     ]: 1809 (Loss: 0.4166)
[====                                    ]: 1810 (Loss: 0.3870)
[====                                    ]: 1811 (Loss: 0.2949)
[====                                    ]: 1812 (Loss: 0.5623)
[=====                                   ]: 1813 (Loss: 0.5218)
[=====                                   ]: 1814 (Loss: 0.4420)
[======                                  ]: 1815 (Loss: 0.4444)
[======                                  ]: 1816 (Loss: 0.5220)
[======                                  ]: 1817 (Loss: 0.5212)
[=======                                 ]: 1818 (Loss: 0.5711)
[=======                                 ]: 1819 (Loss: 0.5056)
[========                                ]: 1820 (Loss: 0.4569)
[========                                ]: 1821 (Loss: 0.5209)
[========                                ]: 1822 (Loss: 0.3973)
[=========                               ]: 1823 (Loss: 0.5703)
[=========                               ]: 1824 (Loss: 0.4068)
[==========                              ]: 1825 (Loss: 0.4231)
[==========                              ]: 1826 (Loss: 0.5622)
[==========                              ]: 1827 (Loss: 0.3536)
[===========                             ]: 1828 (Loss: 0.4361)
[===========                             ]: 1829 (Loss: 0.4882)
[============                            ]: 1830 (Loss: 0.4012)
[============                            ]: 1831 (Loss: 0.4814)
[============                            ]: 1832 (Loss: 0.4278)
[=============                           ]: 1833 (Loss: 0.5469)
[=============                           ]: 1834 (Loss: 0.3327)
[==============                          ]: 1835 (Loss: 0.4066)
[==============                          ]: 1836 (Loss: 0.4492)
[==============                          ]: 1837 (Loss: 0.5598)
[===============                         ]: 1838 (Loss: 0.4613)
[===============                         ]: 1839 (Loss: 0.5865)
[================                        ]: 1840 (Loss: 0.4333)
[================                        ]: 1841 (Loss: 0.4445)
[================                        ]: 1842 (Loss: 0.4917)
[=================                       ]: 1843 (Loss: 0.5303)
[=================                       ]: 1844 (Loss: 0.5296)
[==================                      ]: 1845 (Loss: 0.5731)
[==================                      ]: 1846 (Loss: 0.4239)
[==================                      ]: 1847 (Loss: 0.4036)
[===================                     ]: 1848 (Loss: 0.5550)
[===================                     ]: 1849 (Loss: 0.4055)
[====================                    ]: 1850 (Loss: 0.4191)
[====================                    ]: 1851 (Loss: 0.4878)
[====================                    ]: 1852 (Loss: 0.5446)
[=====================                   ]: 1853 (Loss: 0.5904)
[=====================                   ]: 1854 (Loss: 0.4695)
[======================                  ]: 1855 (Loss: 0.4663)
[======================                  ]: 1856 (Loss: 0.5085)
[======================                  ]: 1857 (Loss: 0.4468)
[=======================                 ]: 1858 (Loss: 0.5000)
[=======================                 ]: 1859 (Loss: 0.5695)
[========================                ]: 1860 (Loss: 0.4841)
[========================                ]: 1861 (Loss: 0.5345)
[========================                ]: 1862 (Loss: 0.5065)
[=========================               ]: 1863 (Loss: 0.4849)
[=========================               ]: 1864 (Loss: 0.4554)
[==========================              ]: 1865 (Loss: 0.4542)
[==========================              ]: 1866 (Loss: 0.4111)
[==========================              ]: 1867 (Loss: 0.5377)
[===========================             ]: 1868 (Loss: 0.4939)
[===========================             ]: 1869 (Loss: 0.5242)
[============================            ]: 1870 (Loss: 0.5630)
[============================            ]: 1871 (Loss: 0.5354)
[============================            ]: 1872 (Loss: 0.3858)
[=============================           ]: 1873 (Loss: 0.5735)
[=============================           ]: 1874 (Loss: 0.4763)
[==============================          ]: 1875 (Loss: 0.4877)
[==============================          ]: 1876 (Loss: 0.4560)
[==============================          ]: 1877 (Loss: 0.3985)
[===============================         ]: 1878 (Loss: 0.6070)
[===============================         ]: 1879 (Loss: 0.4688)
[================================        ]: 1880 (Loss: 0.5085)
[================================        ]: 1881 (Loss: 0.4491)
[================================        ]: 1882 (Loss: 0.4717)
[=================================       ]: 1883 (Loss: 0.4994)
[=================================       ]: 1884 (Loss: 0.4849)
[==================================      ]: 1885 (Loss: 0.4887)
[==================================      ]: 1886 (Loss: 0.4617)
[==================================      ]: 1887 (Loss: 0.5025)
[===================================     ]: 1888 (Loss: 0.4975)
[===================================     ]: 1889 (Loss: 0.4752)
[====================================    ]: 1890 (Loss: 0.4316)
[====================================    ]: 1891 (Loss: 0.4972)
[====================================    ]: 1892 (Loss: 0.3895)
[=====================================   ]: 1893 (Loss: 0.4867)
[=====================================   ]: 1894 (Loss: 0.3873)
[======================================  ]: 1895 (Loss: 0.3921)
[======================================  ]: 1896 (Loss: 0.4475)
[======================================  ]: 1897 (Loss: 0.3849)
[======================================= ]: 1898 (Loss: 0.5846)
[======================================= ]: 1899 (Loss: 0.4847)
[========================================]: 1900 (Loss: 0.4833)
                                                                                                    
[2026-07-16 21:53:54,160] [INFO] [__main__] Batch 1900 Loss: 0.477800 Cost: 9.38 Time: 186 ms/sequence
[2026-07-16 21:53:54,161] [INFO] [__main__] Advice weight norm: 19.175114 | Advice gradient norm: 0.000000

[                                        ]: 1901 (Loss: 0.4713)
[                                        ]: 1902 (Loss: 0.5109)
[=                                       ]: 1903 (Loss: 0.3842)
[=                                       ]: 1904 (Loss: 0.4060)
[==                                      ]: 1905 (Loss: 0.4950)
[==                                      ]: 1906 (Loss: 0.4294)
[==                                      ]: 1907 (Loss: 0.5416)
[===                                     ]: 1908 (Loss: 0.5899)
[===                                     ]: 1909 (Loss: 0.5830)
[====                                    ]: 1910 (Loss: 0.3186)
[====                                    ]: 1911 (Loss: 0.4105)
[====                                    ]: 1912 (Loss: 0.4751)
[=====                                   ]: 1913 (Loss: 0.6003)
[=====                                   ]: 1914 (Loss: 0.4513)
[======                                  ]: 1915 (Loss: 0.3982)
[======                                  ]: 1916 (Loss: 0.4807)
[======                                  ]: 1917 (Loss: 0.4135)
[=======                                 ]: 1918 (Loss: 0.4274)
[=======                                 ]: 1919 (Loss: 0.5145)
[========                                ]: 1920 (Loss: 0.5424)
[========                                ]: 1921 (Loss: 0.5849)
[========                                ]: 1922 (Loss: 0.4851)
[=========                               ]: 1923 (Loss: 0.4933)
[=========                               ]: 1924 (Loss: 0.4187)
[==========                              ]: 1925 (Loss: 0.5336)
[==========                              ]: 1926 (Loss: 0.3912)
[==========                              ]: 1927 (Loss: 0.3832)
[===========                             ]: 1928 (Loss: 0.4903)
[===========                             ]: 1929 (Loss: 0.4280)
[============                            ]: 1930 (Loss: 0.5842)
[============                            ]: 1931 (Loss: 0.5425)
[============                            ]: 1932 (Loss: 0.5259)
[=============                           ]: 1933 (Loss: 0.5755)
[=============                           ]: 1934 (Loss: 0.5715)
[==============                          ]: 1935 (Loss: 0.4667)
[==============                          ]: 1936 (Loss: 0.4399)
[==============                          ]: 1937 (Loss: 0.4381)
[===============                         ]: 1938 (Loss: 0.5002)
[===============                         ]: 1939 (Loss: 0.4446)
[================                        ]: 1940 (Loss: 0.4219)
[================                        ]: 1941 (Loss: 0.5917)
[================                        ]: 1942 (Loss: 0.4666)
[=================                       ]: 1943 (Loss: 0.4404)
[=================                       ]: 1944 (Loss: 0.5476)
[==================                      ]: 1945 (Loss: 0.5117)
[==================                      ]: 1946 (Loss: 0.4940)
[==================                      ]: 1947 (Loss: 0.4600)
[===================                     ]: 1948 (Loss: 0.5644)
[===================                     ]: 1949 (Loss: 0.4205)
[====================                    ]: 1950 (Loss: 0.4482)
[====================                    ]: 1951 (Loss: 0.4989)
[====================                    ]: 1952 (Loss: 0.5285)
[=====================                   ]: 1953 (Loss: 0.5604)
[=====================                   ]: 1954 (Loss: 0.4290)
[======================                  ]: 1955 (Loss: 0.4255)
[======================                  ]: 1956 (Loss: 0.4490)
[======================                  ]: 1957 (Loss: 0.5117)
[=======================                 ]: 1958 (Loss: 0.4471)
[=======================                 ]: 1959 (Loss: 0.4173)
[========================                ]: 1960 (Loss: 0.5037)
[========================                ]: 1961 (Loss: 0.4780)
[========================                ]: 1962 (Loss: 0.4740)
[=========================               ]: 1963 (Loss: 0.4183)
[=========================               ]: 1964 (Loss: 0.5243)
[==========================              ]: 1965 (Loss: 0.4637)
[==========================              ]: 1966 (Loss: 0.4682)
[==========================              ]: 1967 (Loss: 0.5170)
[===========================             ]: 1968 (Loss: 0.4885)
[===========================             ]: 1969 (Loss: 0.5169)
[============================            ]: 1970 (Loss: 0.5155)
[============================            ]: 1971 (Loss: 0.4516)
[============================            ]: 1972 (Loss: 0.4721)
[=============================           ]: 1973 (Loss: 0.3932)
[=============================           ]: 1974 (Loss: 0.4493)
[==============================          ]: 1975 (Loss: 0.4547)
[==============================          ]: 1976 (Loss: 0.4879)
[==============================          ]: 1977 (Loss: 0.3687)
[===============================         ]: 1978 (Loss: 0.5004)
[===============================         ]: 1979 (Loss: 0.4442)
[================================        ]: 1980 (Loss: 0.5686)
[================================        ]: 1981 (Loss: 0.4706)
[================================        ]: 1982 (Loss: 0.4107)
[=================================       ]: 1983 (Loss: 0.4505)
[=================================       ]: 1984 (Loss: 0.4344)
[==================================      ]: 1985 (Loss: 0.4630)
[==================================      ]: 1986 (Loss: 0.4500)
[==================================      ]: 1987 (Loss: 0.5103)
[===================================     ]: 1988 (Loss: 0.4924)
[===================================     ]: 1989 (Loss: 0.4301)
[====================================    ]: 1990 (Loss: 0.4417)
[====================================    ]: 1991 (Loss: 0.4341)
[====================================    ]: 1992 (Loss: 0.5972)
[=====================================   ]: 1993 (Loss: 0.4150)
[=====================================   ]: 1994 (Loss: 0.4845)
[======================================  ]: 1995 (Loss: 0.5198)
[======================================  ]: 1996 (Loss: 0.4845)
[======================================  ]: 1997 (Loss: 0.4242)
[======================================= ]: 1998 (Loss: 0.4799)
[======================================= ]: 1999 (Loss: 0.4121)
[========================================]: 2000 (Loss: 0.4756)
                                                                                                    
[2026-07-16 21:54:12,890] [INFO] [__main__] Batch 2000 Loss: 0.476151 Cost: 9.61 Time: 187 ms/sequence
[2026-07-16 21:54:12,891] [INFO] [__main__] Advice weight norm: 19.175114 | Advice gradient norm: 0.000000

                                                                                                    
[2026-07-16 21:54:12,893] [INFO] [__main__] Saving checkpoint to 'runs\copy_sanity_len5\copy\zero\seed_1002\checkpoint-batch-00002000.pt'

[                                        ]: 2001 (Loss: 0.4143)
[                                        ]: 2002 (Loss: 0.4512)
[=                                       ]: 2003 (Loss: 0.4255)
[=                                       ]: 2004 (Loss: 0.4435)
[==                                      ]: 2005 (Loss: 0.4513)
[==                                      ]: 2006 (Loss: 0.5015)
[==                                      ]: 2007 (Loss: 0.5040)
[===                                     ]: 2008 (Loss: 0.4989)
[===                                     ]: 2009 (Loss: 0.5664)
[====                                    ]: 2010 (Loss: 0.4636)
[====                                    ]: 2011 (Loss: 0.4612)
[====                                    ]: 2012 (Loss: 0.3757)
[=====                                   ]: 2013 (Loss: 0.3498)
[=====                                   ]: 2014 (Loss: 0.5721)
[======                                  ]: 2015 (Loss: 0.5649)
[======                                  ]: 2016 (Loss: 0.5396)
[======                                  ]: 2017 (Loss: 0.5505)
[=======                                 ]: 2018 (Loss: 0.4799)
[=======                                 ]: 2019 (Loss: 0.4958)
[========                                ]: 2020 (Loss: 0.5145)
[========                                ]: 2021 (Loss: 0.4529)
[========                                ]: 2022 (Loss: 0.3719)
[=========                               ]: 2023 (Loss: 0.5756)
[=========                               ]: 2024 (Loss: 0.5422)
[==========                              ]: 2025 (Loss: 0.4714)
[==========                              ]: 2026 (Loss: 0.4309)
[==========                              ]: 2027 (Loss: 0.5477)
[===========                             ]: 2028 (Loss: 0.3472)
[===========                             ]: 2029 (Loss: 0.4811)
[============                            ]: 2030 (Loss: 0.4576)
[============                            ]: 2031 (Loss: 0.5152)
[============                            ]: 2032 (Loss: 0.5014)
[=============                           ]: 2033 (Loss: 0.5112)
[=============                           ]: 2034 (Loss: 0.4720)
[==============                          ]: 2035 (Loss: 0.6015)
[==============                          ]: 2036 (Loss: 0.4510)
[==============                          ]: 2037 (Loss: 0.4522)
[===============                         ]: 2038 (Loss: 0.5520)
[===============                         ]: 2039 (Loss: 0.3813)
[================                        ]: 2040 (Loss: 0.5121)
[================                        ]: 2041 (Loss: 0.4280)
[================                        ]: 2042 (Loss: 0.3653)
[=================                       ]: 2043 (Loss: 0.4812)
[=================                       ]: 2044 (Loss: 0.5200)
[==================                      ]: 2045 (Loss: 0.3781)
[==================                      ]: 2046 (Loss: 0.4592)
[==================                      ]: 2047 (Loss: 0.5051)
[===================                     ]: 2048 (Loss: 0.3838)
[===================                     ]: 2049 (Loss: 0.4745)
[====================                    ]: 2050 (Loss: 0.5125)
[====================                    ]: 2051 (Loss: 0.4426)
[====================                    ]: 2052 (Loss: 0.3915)
[=====================                   ]: 2053 (Loss: 0.4782)
[=====================                   ]: 2054 (Loss: 0.4759)
[======================                  ]: 2055 (Loss: 0.4494)
[======================                  ]: 2056 (Loss: 0.4931)
[======================                  ]: 2057 (Loss: 0.5942)
[=======================                 ]: 2058 (Loss: 0.4565)
[=======================                 ]: 2059 (Loss: 0.5946)
[========================                ]: 2060 (Loss: 0.4774)
[========================                ]: 2061 (Loss: 0.3704)
[========================                ]: 2062 (Loss: 0.4785)
[=========================               ]: 2063 (Loss: 0.5140)
[=========================               ]: 2064 (Loss: 0.4227)
[==========================              ]: 2065 (Loss: 0.4636)
[==========================              ]: 2066 (Loss: 0.4711)
[==========================              ]: 2067 (Loss: 0.5003)
[===========================             ]: 2068 (Loss: 0.5089)
[===========================             ]: 2069 (Loss: 0.5756)
[============================            ]: 2070 (Loss: 0.4803)
[============================            ]: 2071 (Loss: 0.4567)
[============================            ]: 2072 (Loss: 0.4201)
[=============================           ]: 2073 (Loss: 0.4859)
[=============================           ]: 2074 (Loss: 0.4669)
[==============================          ]: 2075 (Loss: 0.4704)
[==============================          ]: 2076 (Loss: 0.4743)
[==============================          ]: 2077 (Loss: 0.4305)
[===============================         ]: 2078 (Loss: 0.4006)
[===============================         ]: 2079 (Loss: 0.4160)
[================================        ]: 2080 (Loss: 0.3870)
[================================        ]: 2081 (Loss: 0.4749)
[================================        ]: 2082 (Loss: 0.5239)
[=================================       ]: 2083 (Loss: 0.4710)
[=================================       ]: 2084 (Loss: 0.4775)
[==================================      ]: 2085 (Loss: 0.5300)
[==================================      ]: 2086 (Loss: 0.4360)
[==================================      ]: 2087 (Loss: 0.4766)
[===================================     ]: 2088 (Loss: 0.4215)
[===================================     ]: 2089 (Loss: 0.6045)
[====================================    ]: 2090 (Loss: 0.3231)
[====================================    ]: 2091 (Loss: 0.4198)
[====================================    ]: 2092 (Loss: 0.5145)
[=====================================   ]: 2093 (Loss: 0.4397)
[=====================================   ]: 2094 (Loss: 0.3955)
[======================================  ]: 2095 (Loss: 0.4986)
[======================================  ]: 2096 (Loss: 0.4581)
[======================================  ]: 2097 (Loss: 0.4488)
[======================================= ]: 2098 (Loss: 0.4575)
[======================================= ]: 2099 (Loss: 0.5306)
[========================================]: 2100 (Loss: 0.5959)
                                                                                                    
[2026-07-16 21:54:31,832] [INFO] [__main__] Batch 2100 Loss: 0.473051 Cost: 9.26 Time: 189 ms/sequence
[2026-07-16 21:54:31,832] [INFO] [__main__] Advice weight norm: 19.175114 | Advice gradient norm: 0.000000

[                                        ]: 2101 (Loss: 0.5476)
[                                        ]: 2102 (Loss: 0.4966)
[=                                       ]: 2103 (Loss: 0.5371)
[=                                       ]: 2104 (Loss: 0.3965)
[==                                      ]: 2105 (Loss: 0.4852)
[==                                      ]: 2106 (Loss: 0.5241)
[==                                      ]: 2107 (Loss: 0.4483)
[===                                     ]: 2108 (Loss: 0.4846)
[===                                     ]: 2109 (Loss: 0.4208)
[====                                    ]: 2110 (Loss: 0.3840)
[====                                    ]: 2111 (Loss: 0.4774)
[====                                    ]: 2112 (Loss: 0.3549)
[=====                                   ]: 2113 (Loss: 0.3454)
[=====                                   ]: 2114 (Loss: 0.4974)
[======                                  ]: 2115 (Loss: 0.4298)
[======                                  ]: 2116 (Loss: 0.4374)
[======                                  ]: 2117 (Loss: 0.4417)
[=======                                 ]: 2118 (Loss: 0.4944)
[=======                                 ]: 2119 (Loss: 0.4736)
[========                                ]: 2120 (Loss: 0.5147)
[========                                ]: 2121 (Loss: 0.4859)
[========                                ]: 2122 (Loss: 0.5806)
[=========                               ]: 2123 (Loss: 0.3880)
[=========                               ]: 2124 (Loss: 0.2520)
[==========                              ]: 2125 (Loss: 0.4272)
[==========                              ]: 2126 (Loss: 0.4604)
[==========                              ]: 2127 (Loss: 0.4918)
[===========                             ]: 2128 (Loss: 0.4982)
[===========                             ]: 2129 (Loss: 0.3548)
[============                            ]: 2130 (Loss: 0.4422)
[============                            ]: 2131 (Loss: 0.3866)
[============                            ]: 2132 (Loss: 0.4842)
[=============                           ]: 2133 (Loss: 0.4283)
[=============                           ]: 2134 (Loss: 0.4121)
[==============                          ]: 2135 (Loss: 0.5670)
[==============                          ]: 2136 (Loss: 0.4684)
[==============                          ]: 2137 (Loss: 0.5722)
[===============                         ]: 2138 (Loss: 0.3733)
[===============                         ]: 2139 (Loss: 0.3598)
[================                        ]: 2140 (Loss: 0.5262)
[================                        ]: 2141 (Loss: 0.3608)
[================                        ]: 2142 (Loss: 0.5864)
[=================                       ]: 2143 (Loss: 0.4821)
[=================                       ]: 2144 (Loss: 0.4308)
[==================                      ]: 2145 (Loss: 0.4573)
[==================                      ]: 2146 (Loss: 0.4319)
[==================                      ]: 2147 (Loss: 0.5626)
[===================                     ]: 2148 (Loss: 0.4708)
[===================                     ]: 2149 (Loss: 0.4524)
[====================                    ]: 2150 (Loss: 0.5029)
[====================                    ]: 2151 (Loss: 0.3693)
[====================                    ]: 2152 (Loss: 0.4368)
[=====================                   ]: 2153 (Loss: 0.4436)
[=====================                   ]: 2154 (Loss: 0.4987)
[======================                  ]: 2155 (Loss: 0.5756)
[======================                  ]: 2156 (Loss: 0.4366)
[======================                  ]: 2157 (Loss: 0.3811)
[=======================                 ]: 2158 (Loss: 0.4530)
[=======================                 ]: 2159 (Loss: 0.4116)
[========================                ]: 2160 (Loss: 0.3575)
[========================                ]: 2161 (Loss: 0.4049)
[========================                ]: 2162 (Loss: 0.4515)
[=========================               ]: 2163 (Loss: 0.6176)
[=========================               ]: 2164 (Loss: 0.4325)
[==========================              ]: 2165 (Loss: 0.5650)
[==========================              ]: 2166 (Loss: 0.4197)
[==========================              ]: 2167 (Loss: 0.3285)
[===========================             ]: 2168 (Loss: 0.4831)
[===========================             ]: 2169 (Loss: 0.4393)
[============================            ]: 2170 (Loss: 0.5229)
[============================            ]: 2171 (Loss: 0.5614)
[============================            ]: 2172 (Loss: 0.4300)
[=============================           ]: 2173 (Loss: 0.4488)
[=============================           ]: 2174 (Loss: 0.4804)
[==============================          ]: 2175 (Loss: 0.5733)
[==============================          ]: 2176 (Loss: 0.4846)
[==============================          ]: 2177 (Loss: 0.4893)
[===============================         ]: 2178 (Loss: 0.4262)
[===============================         ]: 2179 (Loss: 0.4925)
[================================        ]: 2180 (Loss: 0.4086)
[================================        ]: 2181 (Loss: 0.4021)
[================================        ]: 2182 (Loss: 0.5305)
[=================================       ]: 2183 (Loss: 0.3845)
[=================================       ]: 2184 (Loss: 0.4504)
[==================================      ]: 2185 (Loss: 0.5409)
[==================================      ]: 2186 (Loss: 0.3858)
[==================================      ]: 2187 (Loss: 0.5091)
[===================================     ]: 2188 (Loss: 0.4587)
[===================================     ]: 2189 (Loss: 0.5496)
[====================================    ]: 2190 (Loss: 0.3818)
[====================================    ]: 2191 (Loss: 0.4515)
[====================================    ]: 2192 (Loss: 0.5369)
[=====================================   ]: 2193 (Loss: 0.4412)
[=====================================   ]: 2194 (Loss: 0.5105)
[======================================  ]: 2195 (Loss: 0.4482)
[======================================  ]: 2196 (Loss: 0.4335)
[======================================  ]: 2197 (Loss: 0.5073)
[======================================= ]: 2198 (Loss: 0.5369)
[======================================= ]: 2199 (Loss: 0.4550)
[========================================]: 2200 (Loss: 0.3498)
                                                                                                    
[2026-07-16 21:54:50,558] [INFO] [__main__] Batch 2200 Loss: 0.459772 Cost: 9.03 Time: 187 ms/sequence
[2026-07-16 21:54:50,558] [INFO] [__main__] Advice weight norm: 19.175114 | Advice gradient norm: 0.000000

[                                        ]: 2201 (Loss: 0.4877)
[                                        ]: 2202 (Loss: 0.4371)
[=                                       ]: 2203 (Loss: 0.4557)
[=                                       ]: 2204 (Loss: 0.3635)
[==                                      ]: 2205 (Loss: 0.3291)
[==                                      ]: 2206 (Loss: 0.4033)
[==                                      ]: 2207 (Loss: 0.3739)
[===                                     ]: 2208 (Loss: 0.4335)
[===                                     ]: 2209 (Loss: 0.5142)
[====                                    ]: 2210 (Loss: 0.3853)
[====                                    ]: 2211 (Loss: 0.5534)
[====                                    ]: 2212 (Loss: 0.6584)
[=====                                   ]: 2213 (Loss: 0.5256)
[=====                                   ]: 2214 (Loss: 0.5248)
[======                                  ]: 2215 (Loss: 0.4660)
[======                                  ]: 2216 (Loss: 0.3940)
[======                                  ]: 2217 (Loss: 0.5127)
[=======                                 ]: 2218 (Loss: 0.4870)
[=======                                 ]: 2219 (Loss: 0.3814)
[========                                ]: 2220 (Loss: 0.3703)
[========                                ]: 2221 (Loss: 0.5115)
[========                                ]: 2222 (Loss: 0.5410)
[=========                               ]: 2223 (Loss: 0.4861)
[=========                               ]: 2224 (Loss: 0.4756)
[==========                              ]: 2225 (Loss: 0.5063)
[==========                              ]: 2226 (Loss: 0.4225)
[==========                              ]: 2227 (Loss: 0.4999)
[===========                             ]: 2228 (Loss: 0.4649)
[===========                             ]: 2229 (Loss: 0.5171)
[============                            ]: 2230 (Loss: 0.5257)
[============                            ]: 2231 (Loss: 0.4693)
[============                            ]: 2232 (Loss: 0.4487)
[=============                           ]: 2233 (Loss: 0.3763)
[=============                           ]: 2234 (Loss: 0.4452)
[==============                          ]: 2235 (Loss: 0.5897)
[==============                          ]: 2236 (Loss: 0.3979)
[==============                          ]: 2237 (Loss: 0.4316)
[===============                         ]: 2238 (Loss: 0.2791)
[===============                         ]: 2239 (Loss: 0.4825)
[================                        ]: 2240 (Loss: 0.4108)
[================                        ]: 2241 (Loss: 0.5261)
[================                        ]: 2242 (Loss: 0.4706)
[=================                       ]: 2243 (Loss: 0.4329)
[=================                       ]: 2244 (Loss: 0.4227)
[==================                      ]: 2245 (Loss: 0.3849)
[==================                      ]: 2246 (Loss: 0.5395)
[==================                      ]: 2247 (Loss: 0.4571)
[===================                     ]: 2248 (Loss: 0.4566)
[===================                     ]: 2249 (Loss: 0.5079)
[====================                    ]: 2250 (Loss: 0.3932)
[====================                    ]: 2251 (Loss: 0.5187)
[====================                    ]: 2252 (Loss: 0.5423)
[=====================                   ]: 2253 (Loss: 0.5163)
[=====================                   ]: 2254 (Loss: 0.3626)
[======================                  ]: 2255 (Loss: 0.3985)
[======================                  ]: 2256 (Loss: 0.4365)
[======================                  ]: 2257 (Loss: 0.3909)
[=======================                 ]: 2258 (Loss: 0.4825)
[=======================                 ]: 2259 (Loss: 0.4622)
[========================                ]: 2260 (Loss: 0.4845)
[========================                ]: 2261 (Loss: 0.5215)
[========================                ]: 2262 (Loss: 0.3857)
[=========================               ]: 2263 (Loss: 0.3569)
[=========================               ]: 2264 (Loss: 0.4615)
[==========================              ]: 2265 (Loss: 0.4699)
[==========================              ]: 2266 (Loss: 0.5045)
[==========================              ]: 2267 (Loss: 0.5121)
[===========================             ]: 2268 (Loss: 0.4396)
[===========================             ]: 2269 (Loss: 0.4079)
[============================            ]: 2270 (Loss: 0.3726)
[============================            ]: 2271 (Loss: 0.3721)
[============================            ]: 2272 (Loss: 0.3899)
[=============================           ]: 2273 (Loss: 0.4625)
[=============================           ]: 2274 (Loss: 0.4364)
[==============================          ]: 2275 (Loss: 0.3873)
[==============================          ]: 2276 (Loss: 0.5067)
[==============================          ]: 2277 (Loss: 0.4192)
[===============================         ]: 2278 (Loss: 0.3986)
[===============================         ]: 2279 (Loss: 0.4001)
[================================        ]: 2280 (Loss: 0.4332)
[================================        ]: 2281 (Loss: 0.4598)
[================================        ]: 2282 (Loss: 0.4907)
[=================================       ]: 2283 (Loss: 0.4683)
[=================================       ]: 2284 (Loss: 0.6806)
[==================================      ]: 2285 (Loss: 0.4907)
[==================================      ]: 2286 (Loss: 0.5214)
[==================================      ]: 2287 (Loss: 0.5181)
[===================================     ]: 2288 (Loss: 0.3608)
[===================================     ]: 2289 (Loss: 0.4138)
[====================================    ]: 2290 (Loss: 0.5894)
[====================================    ]: 2291 (Loss: 0.4916)
[====================================    ]: 2292 (Loss: 0.5271)
[=====================================   ]: 2293 (Loss: 0.4550)
[=====================================   ]: 2294 (Loss: 0.3785)
[======================================  ]: 2295 (Loss: 0.5737)
[======================================  ]: 2296 (Loss: 0.4455)
[======================================  ]: 2297 (Loss: 0.5459)
[======================================= ]: 2298 (Loss: 0.4463)
[======================================= ]: 2299 (Loss: 0.4196)
[========================================]: 2300 (Loss: 0.4880)
                                                                                                    
[2026-07-16 21:55:09,470] [INFO] [__main__] Batch 2300 Loss: 0.459288 Cost: 9.10 Time: 189 ms/sequence
[2026-07-16 21:55:09,470] [INFO] [__main__] Advice weight norm: 19.175114 | Advice gradient norm: 0.000000

[                                        ]: 2301 (Loss: 0.4897)
[                                        ]: 2302 (Loss: 0.3373)
[=                                       ]: 2303 (Loss: 0.5186)
[=                                       ]: 2304 (Loss: 0.5063)
[==                                      ]: 2305 (Loss: 0.3782)
[==                                      ]: 2306 (Loss: 0.4068)
[==                                      ]: 2307 (Loss: 0.4602)
[===                                     ]: 2308 (Loss: 0.4504)
[===                                     ]: 2309 (Loss: 0.4640)
[====                                    ]: 2310 (Loss: 0.5771)
[====                                    ]: 2311 (Loss: 0.3905)
[====                                    ]: 2312 (Loss: 0.3984)
[=====                                   ]: 2313 (Loss: 0.5620)
[=====                                   ]: 2314 (Loss: 0.5650)
[======                                  ]: 2315 (Loss: 0.4123)
[======                                  ]: 2316 (Loss: 0.4734)
[======                                  ]: 2317 (Loss: 0.4017)
[=======                                 ]: 2318 (Loss: 0.5349)
[=======                                 ]: 2319 (Loss: 0.5552)
[========                                ]: 2320 (Loss: 0.5570)
[========                                ]: 2321 (Loss: 0.4971)
[========                                ]: 2322 (Loss: 0.4718)
[=========                               ]: 2323 (Loss: 0.4884)
[=========                               ]: 2324 (Loss: 0.4337)
[==========                              ]: 2325 (Loss: 0.4023)
[==========                              ]: 2326 (Loss: 0.4507)
[==========                              ]: 2327 (Loss: 0.3986)
[===========                             ]: 2328 (Loss: 0.4790)
[===========                             ]: 2329 (Loss: 0.4490)
[============                            ]: 2330 (Loss: 0.3664)
[============                            ]: 2331 (Loss: 0.4684)
[============                            ]: 2332 (Loss: 0.4872)
[=============                           ]: 2333 (Loss: 0.6199)
[=============                           ]: 2334 (Loss: 0.4363)
[==============                          ]: 2335 (Loss: 0.4384)
[==============                          ]: 2336 (Loss: 0.3920)
[==============                          ]: 2337 (Loss: 0.3445)
[===============                         ]: 2338 (Loss: 0.4494)
[===============                         ]: 2339 (Loss: 0.4441)
[================                        ]: 2340 (Loss: 0.3625)
[================                        ]: 2341 (Loss: 0.5199)
[================                        ]: 2342 (Loss: 0.5778)
[=================                       ]: 2343 (Loss: 0.3751)
[=================                       ]: 2344 (Loss: 0.4268)
[==================                      ]: 2345 (Loss: 0.4819)
[==================                      ]: 2346 (Loss: 0.4422)
[==================                      ]: 2347 (Loss: 0.4018)
[===================                     ]: 2348 (Loss: 0.4132)
[===================                     ]: 2349 (Loss: 0.5910)
[====================                    ]: 2350 (Loss: 0.4657)
[====================                    ]: 2351 (Loss: 0.3132)
[====================                    ]: 2352 (Loss: 0.4868)
[=====================                   ]: 2353 (Loss: 0.5638)
[=====================                   ]: 2354 (Loss: 0.3105)
[======================                  ]: 2355 (Loss: 0.4815)
[======================                  ]: 2356 (Loss: 0.3870)
[======================                  ]: 2357 (Loss: 0.3919)
[=======================                 ]: 2358 (Loss: 0.4207)
[=======================                 ]: 2359 (Loss: 0.3556)
[========================                ]: 2360 (Loss: 0.5218)
[========================                ]: 2361 (Loss: 0.4396)
[========================                ]: 2362 (Loss: 0.4735)
[=========================               ]: 2363 (Loss: 0.4671)
[=========================               ]: 2364 (Loss: 0.4856)
[==========================              ]: 2365 (Loss: 0.5376)
[==========================              ]: 2366 (Loss: 0.4312)
[==========================              ]: 2367 (Loss: 0.5305)
[===========================             ]: 2368 (Loss: 0.5371)
[===========================             ]: 2369 (Loss: 0.4604)
[============================            ]: 2370 (Loss: 0.5111)
[============================            ]: 2371 (Loss: 0.4189)
[============================            ]: 2372 (Loss: 0.4423)
[=============================           ]: 2373 (Loss: 0.5195)
[=============================           ]: 2374 (Loss: 0.3253)
[==============================          ]: 2375 (Loss: 0.4064)
[==============================          ]: 2376 (Loss: 0.5226)
[==============================          ]: 2377 (Loss: 0.5109)
[===============================         ]: 2378 (Loss: 0.4572)
[===============================         ]: 2379 (Loss: 0.3667)
[================================        ]: 2380 (Loss: 0.5409)
[================================        ]: 2381 (Loss: 0.4597)
[================================        ]: 2382 (Loss: 0.4724)
[=================================       ]: 2383 (Loss: 0.3882)
[=================================       ]: 2384 (Loss: 0.4460)
[==================================      ]: 2385 (Loss: 0.4203)
[==================================      ]: 2386 (Loss: 0.4486)
[==================================      ]: 2387 (Loss: 0.3358)
[===================================     ]: 2388 (Loss: 0.5576)
[===================================     ]: 2389 (Loss: 0.3418)
[====================================    ]: 2390 (Loss: 0.3724)
[====================================    ]: 2391 (Loss: 0.3816)
[====================================    ]: 2392 (Loss: 0.5086)
[=====================================   ]: 2393 (Loss: 0.3856)
[=====================================   ]: 2394 (Loss: 0.3954)
[======================================  ]: 2395 (Loss: 0.4306)
[======================================  ]: 2396 (Loss: 0.3500)
[======================================  ]: 2397 (Loss: 0.3249)
[======================================= ]: 2398 (Loss: 0.4812)
[======================================= ]: 2399 (Loss: 0.4736)
[========================================]: 2400 (Loss: 0.4085)
                                                                                                    
[2026-07-16 21:55:28,248] [INFO] [__main__] Batch 2400 Loss: 0.450140 Cost: 8.69 Time: 187 ms/sequence
[2026-07-16 21:55:28,249] [INFO] [__main__] Advice weight norm: 19.175114 | Advice gradient norm: 0.000000

[                                        ]: 2401 (Loss: 0.4844)
[                                        ]: 2402 (Loss: 0.3573)
[=                                       ]: 2403 (Loss: 0.6170)
[=                                       ]: 2404 (Loss: 0.4947)
[==                                      ]: 2405 (Loss: 0.4318)
[==                                      ]: 2406 (Loss: 0.4208)
[==                                      ]: 2407 (Loss: 0.4053)
[===                                     ]: 2408 (Loss: 0.4747)
[===                                     ]: 2409 (Loss: 0.5799)
[====                                    ]: 2410 (Loss: 0.5316)
[====                                    ]: 2411 (Loss: 0.4232)
[====                                    ]: 2412 (Loss: 0.4265)
[=====                                   ]: 2413 (Loss: 0.4563)
[=====                                   ]: 2414 (Loss: 0.4200)
[======                                  ]: 2415 (Loss: 0.4571)
[======                                  ]: 2416 (Loss: 0.3925)
[======                                  ]: 2417 (Loss: 0.3671)
[=======                                 ]: 2418 (Loss: 0.5102)
[=======                                 ]: 2419 (Loss: 0.4510)
[========                                ]: 2420 (Loss: 0.5118)
[========                                ]: 2421 (Loss: 0.4656)
[========                                ]: 2422 (Loss: 0.5730)
[=========                               ]: 2423 (Loss: 0.4076)
[=========                               ]: 2424 (Loss: 0.4954)
[==========                              ]: 2425 (Loss: 0.4865)
[==========                              ]: 2426 (Loss: 0.3871)
[==========                              ]: 2427 (Loss: 0.4446)
[===========                             ]: 2428 (Loss: 0.4501)
[===========                             ]: 2429 (Loss: 0.5064)
[============                            ]: 2430 (Loss: 0.4610)
[============                            ]: 2431 (Loss: 0.5017)
[============                            ]: 2432 (Loss: 0.4495)
[=============                           ]: 2433 (Loss: 0.4320)
[=============                           ]: 2434 (Loss: 0.4762)
[==============                          ]: 2435 (Loss: 0.3743)
[==============                          ]: 2436 (Loss: 0.4392)
[==============                          ]: 2437 (Loss: 0.5104)
[===============                         ]: 2438 (Loss: 0.4419)
[===============                         ]: 2439 (Loss: 0.5659)
[================                        ]: 2440 (Loss: 0.4390)
[================                        ]: 2441 (Loss: 0.4039)
[================                        ]: 2442 (Loss: 0.5490)
[=================                       ]: 2443 (Loss: 0.3324)
[=================                       ]: 2444 (Loss: 0.4182)
[==================                      ]: 2445 (Loss: 0.4237)
[==================                      ]: 2446 (Loss: 0.5492)
[==================                      ]: 2447 (Loss: 0.4377)
[===================                     ]: 2448 (Loss: 0.3602)
[===================                     ]: 2449 (Loss: 0.6064)
[====================                    ]: 2450 (Loss: 0.4987)
[====================                    ]: 2451 (Loss: 0.4336)
[====================                    ]: 2452 (Loss: 0.4479)
[=====================                   ]: 2453 (Loss: 0.5009)
[=====================                   ]: 2454 (Loss: 0.4298)
[======================                  ]: 2455 (Loss: 0.3253)
[======================                  ]: 2456 (Loss: 0.4271)
[======================                  ]: 2457 (Loss: 0.4033)
[=======================                 ]: 2458 (Loss: 0.4488)
[=======================                 ]: 2459 (Loss: 0.4818)
[========================                ]: 2460 (Loss: 0.3988)
[========================                ]: 2461 (Loss: 0.3268)
[========================                ]: 2462 (Loss: 0.4353)
[=========================               ]: 2463 (Loss: 0.4840)
[=========================               ]: 2464 (Loss: 0.4344)
[==========================              ]: 2465 (Loss: 0.3970)
[==========================              ]: 2466 (Loss: 0.4302)
[==========================              ]: 2467 (Loss: 0.4451)
[===========================             ]: 2468 (Loss: 0.4563)
[===========================             ]: 2469 (Loss: 0.4063)
[============================            ]: 2470 (Loss: 0.4798)
[============================            ]: 2471 (Loss: 0.4023)
[============================            ]: 2472 (Loss: 0.3835)
[=============================           ]: 2473 (Loss: 0.4053)
[=============================           ]: 2474 (Loss: 0.3901)
[==============================          ]: 2475 (Loss: 0.3564)
[==============================          ]: 2476 (Loss: 0.4845)
[==============================          ]: 2477 (Loss: 0.3821)
[===============================         ]: 2478 (Loss: 0.3344)
[===============================         ]: 2479 (Loss: 0.5291)
[================================        ]: 2480 (Loss: 0.3991)
[================================        ]: 2481 (Loss: 0.5473)
[================================        ]: 2482 (Loss: 0.3353)
[=================================       ]: 2483 (Loss: 0.4051)
[=================================       ]: 2484 (Loss: 0.4224)
[==================================      ]: 2485 (Loss: 0.4747)
[==================================      ]: 2486 (Loss: 0.5127)
[==================================      ]: 2487 (Loss: 0.3069)
[===================================     ]: 2488 (Loss: 0.4772)
[===================================     ]: 2489 (Loss: 0.3485)
[====================================    ]: 2490 (Loss: 0.3774)
[====================================    ]: 2491 (Loss: 0.3081)
[====================================    ]: 2492 (Loss: 0.4907)
[=====================================   ]: 2493 (Loss: 0.4016)
[=====================================   ]: 2494 (Loss: 0.3007)
[======================================  ]: 2495 (Loss: 0.3516)
[======================================  ]: 2496 (Loss: 0.5017)
[======================================  ]: 2497 (Loss: 0.3002)
[======================================= ]: 2498 (Loss: 0.4200)
[======================================= ]: 2499 (Loss: 0.5616)
[========================================]: 2500 (Loss: 0.3174)
                                                                                                    
[2026-07-16 21:55:46,782] [INFO] [__main__] Batch 2500 Loss: 0.439206 Cost: 8.50 Time: 185 ms/sequence
[2026-07-16 21:55:46,784] [INFO] [__main__] Advice weight norm: 19.175114 | Advice gradient norm: 0.000000

[                                        ]: 2501 (Loss: 0.5777)
[                                        ]: 2502 (Loss: 0.4177)
[=                                       ]: 2503 (Loss: 0.4468)
[=                                       ]: 2504 (Loss: 0.3841)
[==                                      ]: 2505 (Loss: 0.4613)
[==                                      ]: 2506 (Loss: 0.5840)
[==                                      ]: 2507 (Loss: 0.4073)
[===                                     ]: 2508 (Loss: 0.5543)
[===                                     ]: 2509 (Loss: 0.4794)
[====                                    ]: 2510 (Loss: 0.4806)
[====                                    ]: 2511 (Loss: 0.6142)
[====                                    ]: 2512 (Loss: 0.3433)
[=====                                   ]: 2513 (Loss: 0.4568)
[=====                                   ]: 2514 (Loss: 0.4384)
[======                                  ]: 2515 (Loss: 0.3591)
[======                                  ]: 2516 (Loss: 0.3996)
[======                                  ]: 2517 (Loss: 0.4739)
[=======                                 ]: 2518 (Loss: 0.4673)
[=======                                 ]: 2519 (Loss: 0.3986)
[========                                ]: 2520 (Loss: 0.4732)
[========                                ]: 2521 (Loss: 0.3511)
[========                                ]: 2522 (Loss: 0.4976)
[=========                               ]: 2523 (Loss: 0.4505)
[=========                               ]: 2524 (Loss: 0.5769)
[==========                              ]: 2525 (Loss: 0.3914)
[==========                              ]: 2526 (Loss: 0.6286)
[==========                              ]: 2527 (Loss: 0.5046)
[===========                             ]: 2528 (Loss: 0.4163)
[===========                             ]: 2529 (Loss: 0.4977)
[============                            ]: 2530 (Loss: 0.4074)
[============                            ]: 2531 (Loss: 0.3902)
[============                            ]: 2532 (Loss: 0.3802)
[=============                           ]: 2533 (Loss: 0.4333)
[=============                           ]: 2534 (Loss: 0.3949)
[==============                          ]: 2535 (Loss: 0.3538)
[==============                          ]: 2536 (Loss: 0.4701)
[==============                          ]: 2537 (Loss: 0.4154)
[===============                         ]: 2538 (Loss: 0.5352)
[===============                         ]: 2539 (Loss: 0.4970)
[================                        ]: 2540 (Loss: 0.4617)
[================                        ]: 2541 (Loss: 0.4332)
[================                        ]: 2542 (Loss: 0.4167)
[=================                       ]: 2543 (Loss: 0.4691)
[=================                       ]: 2544 (Loss: 0.4461)
[==================                      ]: 2545 (Loss: 0.5051)
[==================                      ]: 2546 (Loss: 0.3978)
[==================                      ]: 2547 (Loss: 0.4046)
[===================                     ]: 2548 (Loss: 0.4710)
[===================                     ]: 2549 (Loss: 0.3908)
[====================                    ]: 2550 (Loss: 0.4208)
[====================                    ]: 2551 (Loss: 0.5294)
[====================                    ]: 2552 (Loss: 0.3776)
[=====================                   ]: 2553 (Loss: 0.4209)
[=====================                   ]: 2554 (Loss: 0.4532)
[======================                  ]: 2555 (Loss: 0.4157)
[======================                  ]: 2556 (Loss: 0.4199)
[======================                  ]: 2557 (Loss: 0.3840)
[=======================                 ]: 2558 (Loss: 0.4082)
[=======================                 ]: 2559 (Loss: 0.4619)
[========================                ]: 2560 (Loss: 0.6099)
[========================                ]: 2561 (Loss: 0.4604)
[========================                ]: 2562 (Loss: 0.4434)
[=========================               ]: 2563 (Loss: 0.4632)
[=========================               ]: 2564 (Loss: 0.3882)
[==========================              ]: 2565 (Loss: 0.4419)
[==========================              ]: 2566 (Loss: 0.3697)
[==========================              ]: 2567 (Loss: 0.4038)
[===========================             ]: 2568 (Loss: 0.4615)
[===========================             ]: 2569 (Loss: 0.3918)
[============================            ]: 2570 (Loss: 0.3703)
[============================            ]: 2571 (Loss: 0.3997)
[============================            ]: 2572 (Loss: 0.4833)
[=============================           ]: 2573 (Loss: 0.5142)
[=============================           ]: 2574 (Loss: 0.4176)
[==============================          ]: 2575 (Loss: 0.5275)
[==============================          ]: 2576 (Loss: 0.4921)
[==============================          ]: 2577 (Loss: 0.4085)
[===============================         ]: 2578 (Loss: 0.3749)
[===============================         ]: 2579 (Loss: 0.3768)
[================================        ]: 2580 (Loss: 0.4181)
[================================        ]: 2581 (Loss: 0.4735)
[================================        ]: 2582 (Loss: 0.4734)
[=================================       ]: 2583 (Loss: 0.4768)
[=================================       ]: 2584 (Loss: 0.2955)
[==================================      ]: 2585 (Loss: 0.4201)
[==================================      ]: 2586 (Loss: 0.4128)
[==================================      ]: 2587 (Loss: 0.4385)
[===================================     ]: 2588 (Loss: 0.4231)
[===================================     ]: 2589 (Loss: 0.3977)
[====================================    ]: 2590 (Loss: 0.3902)
[====================================    ]: 2591 (Loss: 0.4530)
[====================================    ]: 2592 (Loss: 0.4056)
[=====================================   ]: 2593 (Loss: 0.4131)
[=====================================   ]: 2594 (Loss: 0.4669)
[======================================  ]: 2595 (Loss: 0.4182)
[======================================  ]: 2596 (Loss: 0.3608)
[======================================  ]: 2597 (Loss: 0.4492)
[======================================= ]: 2598 (Loss: 0.4885)
[======================================= ]: 2599 (Loss: 0.3744)
[========================================]: 2600 (Loss: 0.3485)
                                                                                                    
[2026-07-16 21:56:05,426] [INFO] [__main__] Batch 2600 Loss: 0.440944 Cost: 8.55 Time: 186 ms/sequence
[2026-07-16 21:56:05,426] [INFO] [__main__] Advice weight norm: 19.175114 | Advice gradient norm: 0.000000

[                                        ]: 2601 (Loss: 0.5173)
[                                        ]: 2602 (Loss: 0.3424)
[=                                       ]: 2603 (Loss: 0.2676)
[=                                       ]: 2604 (Loss: 0.4156)
[==                                      ]: 2605 (Loss: 0.4619)
[==                                      ]: 2606 (Loss: 0.3791)
[==                                      ]: 2607 (Loss: 0.4249)
[===                                     ]: 2608 (Loss: 0.3132)
[===                                     ]: 2609 (Loss: 0.3903)
[====                                    ]: 2610 (Loss: 0.5101)
[====                                    ]: 2611 (Loss: 0.5209)
[====                                    ]: 2612 (Loss: 0.3791)
[=====                                   ]: 2613 (Loss: 0.4391)
[=====                                   ]: 2614 (Loss: 0.4335)
[======                                  ]: 2615 (Loss: 0.4442)
[======                                  ]: 2616 (Loss: 0.4012)
[======                                  ]: 2617 (Loss: 0.5330)
[=======                                 ]: 2618 (Loss: 0.4194)
[=======                                 ]: 2619 (Loss: 0.4350)
[========                                ]: 2620 (Loss: 0.3221)
[========                                ]: 2621 (Loss: 0.4752)
[========                                ]: 2622 (Loss: 0.4042)
[=========                               ]: 2623 (Loss: 0.4818)
[=========                               ]: 2624 (Loss: 0.3201)
[==========                              ]: 2625 (Loss: 0.5107)
[==========                              ]: 2626 (Loss: 0.4921)
[==========                              ]: 2627 (Loss: 0.5288)
[===========                             ]: 2628 (Loss: 0.5515)
[===========                             ]: 2629 (Loss: 0.3374)
[============                            ]: 2630 (Loss: 0.3121)
[============                            ]: 2631 (Loss: 0.4923)
[============                            ]: 2632 (Loss: 0.3928)
[=============                           ]: 2633 (Loss: 0.3527)
[=============                           ]: 2634 (Loss: 0.4219)
[==============                          ]: 2635 (Loss: 0.4321)
[==============                          ]: 2636 (Loss: 0.5079)
[==============                          ]: 2637 (Loss: 0.3196)
[===============                         ]: 2638 (Loss: 0.3816)
[===============                         ]: 2639 (Loss: 0.5308)
[================                        ]: 2640 (Loss: 0.4677)
[================                        ]: 2641 (Loss: 0.3479)
[================                        ]: 2642 (Loss: 0.3532)
[=================                       ]: 2643 (Loss: 0.4491)
[=================                       ]: 2644 (Loss: 0.4507)
[==================                      ]: 2645 (Loss: 0.4133)
[==================                      ]: 2646 (Loss: 0.5315)
[==================                      ]: 2647 (Loss: 0.6374)
[===================                     ]: 2648 (Loss: 0.4352)
[===================                     ]: 2649 (Loss: 0.4698)
[====================                    ]: 2650 (Loss: 0.5548)
[====================                    ]: 2651 (Loss: 0.3697)
[====================                    ]: 2652 (Loss: 0.5645)
[=====================                   ]: 2653 (Loss: 0.5469)
[=====================                   ]: 2654 (Loss: 0.3704)
[======================                  ]: 2655 (Loss: 0.5099)
[======================                  ]: 2656 (Loss: 0.4646)
[======================                  ]: 2657 (Loss: 0.4586)
[=======================                 ]: 2658 (Loss: 0.4378)
[=======================                 ]: 2659 (Loss: 0.5234)
[========================                ]: 2660 (Loss: 0.4484)
[========================                ]: 2661 (Loss: 0.3650)
[========================                ]: 2662 (Loss: 0.4422)
[=========================               ]: 2663 (Loss: 0.4107)
[=========================               ]: 2664 (Loss: 0.4299)
[==========================              ]: 2665 (Loss: 0.5943)
[==========================              ]: 2666 (Loss: 0.4727)
[==========================              ]: 2667 (Loss: 0.3392)
[===========================             ]: 2668 (Loss: 0.4130)
[===========================             ]: 2669 (Loss: 0.3842)
[============================            ]: 2670 (Loss: 0.2884)
[============================            ]: 2671 (Loss: 0.4087)
[============================            ]: 2672 (Loss: 0.4373)
[=============================           ]: 2673 (Loss: 0.4055)
[=============================           ]: 2674 (Loss: 0.4770)
[==============================          ]: 2675 (Loss: 0.4825)
[==============================          ]: 2676 (Loss: 0.3762)
[==============================          ]: 2677 (Loss: 0.3260)
[===============================         ]: 2678 (Loss: 0.4319)
[===============================         ]: 2679 (Loss: 0.5243)
[================================        ]: 2680 (Loss: 0.3655)
[================================        ]: 2681 (Loss: 0.3669)
[================================        ]: 2682 (Loss: 0.5174)
[=================================       ]: 2683 (Loss: 0.2982)
[=================================       ]: 2684 (Loss: 0.3850)
[==================================      ]: 2685 (Loss: 0.4027)
[==================================      ]: 2686 (Loss: 0.2710)
[==================================      ]: 2687 (Loss: 0.3704)
[===================================     ]: 2688 (Loss: 0.4234)
[===================================     ]: 2689 (Loss: 0.3593)
[====================================    ]: 2690 (Loss: 0.3783)
[====================================    ]: 2691 (Loss: 0.4443)
[====================================    ]: 2692 (Loss: 0.3939)
[=====================================   ]: 2693 (Loss: 0.4427)
[=====================================   ]: 2694 (Loss: 0.3252)
[======================================  ]: 2695 (Loss: 0.5769)
[======================================  ]: 2696 (Loss: 0.4988)
[======================================  ]: 2697 (Loss: 0.5319)
[======================================= ]: 2698 (Loss: 0.4592)
[======================================= ]: 2699 (Loss: 0.4971)
[========================================]: 2700 (Loss: 0.3837)
                                                                                                    
[2026-07-16 21:56:24,113] [INFO] [__main__] Batch 2700 Loss: 0.431011 Cost: 8.46 Time: 186 ms/sequence
[2026-07-16 21:56:24,113] [INFO] [__main__] Advice weight norm: 19.175114 | Advice gradient norm: 0.000000

[                                        ]: 2701 (Loss: 0.4259)
[                                        ]: 2702 (Loss: 0.5011)
[=                                       ]: 2703 (Loss: 0.3868)
[=                                       ]: 2704 (Loss: 0.5028)
[==                                      ]: 2705 (Loss: 0.3896)
[==                                      ]: 2706 (Loss: 0.4487)
[==                                      ]: 2707 (Loss: 0.5641)
[===                                     ]: 2708 (Loss: 0.4180)
[===                                     ]: 2709 (Loss: 0.4148)
[====                                    ]: 2710 (Loss: 0.4896)
[====                                    ]: 2711 (Loss: 0.4672)
[====                                    ]: 2712 (Loss: 0.5664)
[=====                                   ]: 2713 (Loss: 0.4661)
[=====                                   ]: 2714 (Loss: 0.4527)
[======                                  ]: 2715 (Loss: 0.3162)
[======                                  ]: 2716 (Loss: 0.4054)
[======                                  ]: 2717 (Loss: 0.4815)
[=======                                 ]: 2718 (Loss: 0.4848)
[=======                                 ]: 2719 (Loss: 0.3779)
[========                                ]: 2720 (Loss: 0.5375)
[========                                ]: 2721 (Loss: 0.4706)
[========                                ]: 2722 (Loss: 0.4784)
[=========                               ]: 2723 (Loss: 0.4119)
[=========                               ]: 2724 (Loss: 0.3800)
[==========                              ]: 2725 (Loss: 0.3606)
[==========                              ]: 2726 (Loss: 0.3814)
[==========                              ]: 2727 (Loss: 0.3961)
[===========                             ]: 2728 (Loss: 0.5185)
[===========                             ]: 2729 (Loss: 0.3649)
[============                            ]: 2730 (Loss: 0.4128)
[============                            ]: 2731 (Loss: 0.4173)
[============                            ]: 2732 (Loss: 0.5162)
[=============                           ]: 2733 (Loss: 0.4151)
[=============                           ]: 2734 (Loss: 0.4074)
[==============                          ]: 2735 (Loss: 0.3137)
[==============                          ]: 2736 (Loss: 0.3208)
[==============                          ]: 2737 (Loss: 0.3410)
[===============                         ]: 2738 (Loss: 0.5228)
[===============                         ]: 2739 (Loss: 0.2872)
[================                        ]: 2740 (Loss: 0.3366)
[================                        ]: 2741 (Loss: 0.5377)
[================                        ]: 2742 (Loss: 0.4659)
[=================                       ]: 2743 (Loss: 0.5090)
[=================                       ]: 2744 (Loss: 0.3975)
[==================                      ]: 2745 (Loss: 0.5413)
[==================                      ]: 2746 (Loss: 0.3495)
[==================                      ]: 2747 (Loss: 0.4745)
[===================                     ]: 2748 (Loss: 0.3503)
[===================                     ]: 2749 (Loss: 0.2724)
[====================                    ]: 2750 (Loss: 0.3547)
[====================                    ]: 2751 (Loss: 0.3805)
[====================                    ]: 2752 (Loss: 0.4289)
[=====================                   ]: 2753 (Loss: 0.4544)
[=====================                   ]: 2754 (Loss: 0.5875)
[======================                  ]: 2755 (Loss: 0.4818)
[======================                  ]: 2756 (Loss: 0.4528)
[======================                  ]: 2757 (Loss: 0.4249)
[=======================                 ]: 2758 (Loss: 0.4008)
[=======================                 ]: 2759 (Loss: 0.4166)
[========================                ]: 2760 (Loss: 0.3828)
[========================                ]: 2761 (Loss: 0.4293)
[========================                ]: 2762 (Loss: 0.4866)
[=========================               ]: 2763 (Loss: 0.4452)
[=========================               ]: 2764 (Loss: 0.3461)
[==========================              ]: 2765 (Loss: 0.4709)
[==========================              ]: 2766 (Loss: 0.3928)
[==========================              ]: 2767 (Loss: 0.2924)
[===========================             ]: 2768 (Loss: 0.4049)
[===========================             ]: 2769 (Loss: 0.2947)
[============================            ]: 2770 (Loss: 0.4895)
[============================            ]: 2771 (Loss: 0.4110)
[============================            ]: 2772 (Loss: 0.4411)
[=============================           ]: 2773 (Loss: 0.5164)
[=============================           ]: 2774 (Loss: 0.5410)
[==============================          ]: 2775 (Loss: 0.3438)
[==============================          ]: 2776 (Loss: 0.5080)
[==============================          ]: 2777 (Loss: 0.4028)
[===============================         ]: 2778 (Loss: 0.5164)
[===============================         ]: 2779 (Loss: 0.3822)
[================================        ]: 2780 (Loss: 0.4263)
[================================        ]: 2781 (Loss: 0.5811)
[================================        ]: 2782 (Loss: 0.3679)
[=================================       ]: 2783 (Loss: 0.5709)
[=================================       ]: 2784 (Loss: 0.4378)
[==================================      ]: 2785 (Loss: 0.4001)
[==================================      ]: 2786 (Loss: 0.4655)
[==================================      ]: 2787 (Loss: 0.3803)
[===================================     ]: 2788 (Loss: 0.4021)
[===================================     ]: 2789 (Loss: 0.4372)
[====================================    ]: 2790 (Loss: 0.3531)
[====================================    ]: 2791 (Loss: 0.4557)
[====================================    ]: 2792 (Loss: 0.3998)
[=====================================   ]: 2793 (Loss: 0.5438)
[=====================================   ]: 2794 (Loss: 0.4660)
[======================================  ]: 2795 (Loss: 0.4022)
[======================================  ]: 2796 (Loss: 0.4964)
[======================================  ]: 2797 (Loss: 0.4079)
[======================================= ]: 2798 (Loss: 0.5820)
[======================================= ]: 2799 (Loss: 0.4676)
[========================================]: 2800 (Loss: 0.3713)
                                                                                                    
[2026-07-16 21:56:42,838] [INFO] [__main__] Batch 2800 Loss: 0.433445 Cost: 8.43 Time: 187 ms/sequence
[2026-07-16 21:56:42,838] [INFO] [__main__] Advice weight norm: 19.175114 | Advice gradient norm: 0.000000

[                                        ]: 2801 (Loss: 0.3803)
[                                        ]: 2802 (Loss: 0.2953)
[=                                       ]: 2803 (Loss: 0.4989)
[=                                       ]: 2804 (Loss: 0.4328)
[==                                      ]: 2805 (Loss: 0.4343)
[==                                      ]: 2806 (Loss: 0.3371)
[==                                      ]: 2807 (Loss: 0.3528)
[===                                     ]: 2808 (Loss: 0.5030)
[===                                     ]: 2809 (Loss: 0.4909)
[====                                    ]: 2810 (Loss: 0.4250)
[====                                    ]: 2811 (Loss: 0.4728)
[====                                    ]: 2812 (Loss: 0.3625)
[=====                                   ]: 2813 (Loss: 0.4240)
[=====                                   ]: 2814 (Loss: 0.3655)
[======                                  ]: 2815 (Loss: 0.3733)
[======                                  ]: 2816 (Loss: 0.3879)
[======                                  ]: 2817 (Loss: 0.4436)
[=======                                 ]: 2818 (Loss: 0.4383)
[=======                                 ]: 2819 (Loss: 0.4395)
[========                                ]: 2820 (Loss: 0.4647)
[========                                ]: 2821 (Loss: 0.3537)
[========                                ]: 2822 (Loss: 0.5320)
[=========                               ]: 2823 (Loss: 0.4591)
[=========                               ]: 2824 (Loss: 0.5715)
[==========                              ]: 2825 (Loss: 0.4336)
[==========                              ]: 2826 (Loss: 0.3563)
[==========                              ]: 2827 (Loss: 0.4135)
[===========                             ]: 2828 (Loss: 0.5507)
[===========                             ]: 2829 (Loss: 0.4285)
[============                            ]: 2830 (Loss: 0.3738)
[============                            ]: 2831 (Loss: 0.5553)
[============                            ]: 2832 (Loss: 0.4051)
[=============                           ]: 2833 (Loss: 0.5172)
[=============                           ]: 2834 (Loss: 0.3423)
[==============                          ]: 2835 (Loss: 0.4386)
[==============                          ]: 2836 (Loss: 0.4139)
[==============                          ]: 2837 (Loss: 0.4321)
[===============                         ]: 2838 (Loss: 0.4648)
[===============                         ]: 2839 (Loss: 0.5427)
[================                        ]: 2840 (Loss: 0.4416)
[================                        ]: 2841 (Loss: 0.3288)
[================                        ]: 2842 (Loss: 0.4817)
[=================                       ]: 2843 (Loss: 0.3806)
[=================                       ]: 2844 (Loss: 0.5420)
[==================                      ]: 2845 (Loss: 0.4532)
[==================                      ]: 2846 (Loss: 0.4491)
[==================                      ]: 2847 (Loss: 0.4008)
[===================                     ]: 2848 (Loss: 0.4043)
[===================                     ]: 2849 (Loss: 0.4291)
[====================                    ]: 2850 (Loss: 0.3459)
[====================                    ]: 2851 (Loss: 0.4733)
[====================                    ]: 2852 (Loss: 0.5130)
[=====================                   ]: 2853 (Loss: 0.4675)
[=====================                   ]: 2854 (Loss: 0.4192)
[======================                  ]: 2855 (Loss: 0.4338)
[======================                  ]: 2856 (Loss: 0.4466)
[======================                  ]: 2857 (Loss: 0.4155)
[=======================                 ]: 2858 (Loss: 0.4932)
[=======================                 ]: 2859 (Loss: 0.4577)
[========================                ]: 2860 (Loss: 0.3630)
[========================                ]: 2861 (Loss: 0.4031)
[========================                ]: 2862 (Loss: 0.3606)
[=========================               ]: 2863 (Loss: 0.4103)
[=========================               ]: 2864 (Loss: 0.3606)
[==========================              ]: 2865 (Loss: 0.4009)
[==========================              ]: 2866 (Loss: 0.5123)
[==========================              ]: 2867 (Loss: 0.2915)
[===========================             ]: 2868 (Loss: 0.3232)
[===========================             ]: 2869 (Loss: 0.5405)
[============================            ]: 2870 (Loss: 0.4061)
[============================            ]: 2871 (Loss: 0.4301)
[============================            ]: 2872 (Loss: 0.3716)
[=============================           ]: 2873 (Loss: 0.3665)
[=============================           ]: 2874 (Loss: 0.4457)
[==============================          ]: 2875 (Loss: 0.4656)
[==============================          ]: 2876 (Loss: 0.4865)
[==============================          ]: 2877 (Loss: 0.4074)
[===============================         ]: 2878 (Loss: 0.3580)
[===============================         ]: 2879 (Loss: 0.3550)
[================================        ]: 2880 (Loss: 0.3916)
[================================        ]: 2881 (Loss: 0.4710)
[================================        ]: 2882 (Loss: 0.5261)
[=================================       ]: 2883 (Loss: 0.4613)
[=================================       ]: 2884 (Loss: 0.4582)
[==================================      ]: 2885 (Loss: 0.4850)
[==================================      ]: 2886 (Loss: 0.4553)
[==================================      ]: 2887 (Loss: 0.4713)
[===================================     ]: 2888 (Loss: 0.3661)
[===================================     ]: 2889 (Loss: 0.5344)
[====================================    ]: 2890 (Loss: 0.3382)
[====================================    ]: 2891 (Loss: 0.3903)
[====================================    ]: 2892 (Loss: 0.4145)
[=====================================   ]: 2893 (Loss: 0.4299)
[=====================================   ]: 2894 (Loss: 0.3232)
[======================================  ]: 2895 (Loss: 0.4671)
[======================================  ]: 2896 (Loss: 0.4528)
[======================================  ]: 2897 (Loss: 0.3447)
[======================================= ]: 2898 (Loss: 0.4537)
[======================================= ]: 2899 (Loss: 0.3066)
[========================================]: 2900 (Loss: 0.4962)
                                                                                                    
[2026-07-16 21:57:01,763] [INFO] [__main__] Batch 2900 Loss: 0.427803 Cost: 8.24 Time: 189 ms/sequence
[2026-07-16 21:57:01,764] [INFO] [__main__] Advice weight norm: 19.175114 | Advice gradient norm: 0.000000

[                                        ]: 2901 (Loss: 0.3946)
[                                        ]: 2902 (Loss: 0.5002)
[=                                       ]: 2903 (Loss: 0.5920)
[=                                       ]: 2904 (Loss: 0.3720)
[==                                      ]: 2905 (Loss: 0.4488)
[==                                      ]: 2906 (Loss: 0.4893)
[==                                      ]: 2907 (Loss: 0.3996)
[===                                     ]: 2908 (Loss: 0.4914)
[===                                     ]: 2909 (Loss: 0.3478)
[====                                    ]: 2910 (Loss: 0.5108)
[====                                    ]: 2911 (Loss: 0.4316)
[====                                    ]: 2912 (Loss: 0.3930)
[=====                                   ]: 2913 (Loss: 0.4351)
[=====                                   ]: 2914 (Loss: 0.4113)
[======                                  ]: 2915 (Loss: 0.3628)
[======                                  ]: 2916 (Loss: 0.3358)
[======                                  ]: 2917 (Loss: 0.4108)
[=======                                 ]: 2918 (Loss: 0.4512)
[=======                                 ]: 2919 (Loss: 0.4126)
[========                                ]: 2920 (Loss: 0.4870)
[========                                ]: 2921 (Loss: 0.4217)
[========                                ]: 2922 (Loss: 0.3953)
[=========                               ]: 2923 (Loss: 0.4962)
[=========                               ]: 2924 (Loss: 0.5137)
[==========                              ]: 2925 (Loss: 0.3735)
[==========                              ]: 2926 (Loss: 0.4329)
[==========                              ]: 2927 (Loss: 0.3338)
[===========                             ]: 2928 (Loss: 0.5232)
[===========                             ]: 2929 (Loss: 0.4203)
[============                            ]: 2930 (Loss: 0.3397)
[============                            ]: 2931 (Loss: 0.4081)
[============                            ]: 2932 (Loss: 0.4286)
[=============                           ]: 2933 (Loss: 0.4446)
[=============                           ]: 2934 (Loss: 0.4388)
[==============                          ]: 2935 (Loss: 0.3644)
[==============                          ]: 2936 (Loss: 0.3239)
[==============                          ]: 2937 (Loss: 0.3860)
[===============                         ]: 2938 (Loss: 0.3834)
[===============                         ]: 2939 (Loss: 0.4257)
[================                        ]: 2940 (Loss: 0.2941)
[================                        ]: 2941 (Loss: 0.4084)
[================                        ]: 2942 (Loss: 0.4544)
[=================                       ]: 2943 (Loss: 0.4415)
[=================                       ]: 2944 (Loss: 0.4654)
[==================                      ]: 2945 (Loss: 0.4788)
[==================                      ]: 2946 (Loss: 0.4839)
[==================                      ]: 2947 (Loss: 0.3466)
[===================                     ]: 2948 (Loss: 0.4088)
[===================                     ]: 2949 (Loss: 0.5027)
[====================                    ]: 2950 (Loss: 0.4352)
[====================                    ]: 2951 (Loss: 0.4600)
[====================                    ]: 2952 (Loss: 0.4149)
[=====================                   ]: 2953 (Loss: 0.4170)
[=====================                   ]: 2954 (Loss: 0.3457)
[======================                  ]: 2955 (Loss: 0.3631)
[======================                  ]: 2956 (Loss: 0.4873)
[======================                  ]: 2957 (Loss: 0.3051)
[=======================                 ]: 2958 (Loss: 0.4841)
[=======================                 ]: 2959 (Loss: 0.4281)
[========================                ]: 2960 (Loss: 0.3627)
[========================                ]: 2961 (Loss: 0.4261)
[========================                ]: 2962 (Loss: 0.4347)
[=========================               ]: 2963 (Loss: 0.4046)
[=========================               ]: 2964 (Loss: 0.4231)
[==========================              ]: 2965 (Loss: 0.3627)
[==========================              ]: 2966 (Loss: 0.4071)
[==========================              ]: 2967 (Loss: 0.5214)
[===========================             ]: 2968 (Loss: 0.4249)
[===========================             ]: 2969 (Loss: 0.4844)
[============================            ]: 2970 (Loss: 0.4410)
[============================            ]: 2971 (Loss: 0.4114)
[============================            ]: 2972 (Loss: 0.4538)
[=============================           ]: 2973 (Loss: 0.4067)
[=============================           ]: 2974 (Loss: 0.3643)
[==============================          ]: 2975 (Loss: 0.4554)
[==============================          ]: 2976 (Loss: 0.4104)
[==============================          ]: 2977 (Loss: 0.4426)
[===============================         ]: 2978 (Loss: 0.3355)
[===============================         ]: 2979 (Loss: 0.4222)
[================================        ]: 2980 (Loss: 0.3967)
[================================        ]: 2981 (Loss: 0.4436)
[================================        ]: 2982 (Loss: 0.4687)
[=================================       ]: 2983 (Loss: 0.3189)
[=================================       ]: 2984 (Loss: 0.4946)
[==================================      ]: 2985 (Loss: 0.4240)
[==================================      ]: 2986 (Loss: 0.4242)
[==================================      ]: 2987 (Loss: 0.2801)
[===================================     ]: 2988 (Loss: 0.3417)
[===================================     ]: 2989 (Loss: 0.4151)
[====================================    ]: 2990 (Loss: 0.5086)
[====================================    ]: 2991 (Loss: 0.5657)
[====================================    ]: 2992 (Loss: 0.3224)
[=====================================   ]: 2993 (Loss: 0.3723)
[=====================================   ]: 2994 (Loss: 0.3960)
[======================================  ]: 2995 (Loss: 0.4419)
[======================================  ]: 2996 (Loss: 0.4564)
[======================================  ]: 2997 (Loss: 0.5924)
[======================================= ]: 2998 (Loss: 0.3653)
[======================================= ]: 2999 (Loss: 0.5246)
[========================================]: 3000 (Loss: 0.4317)
                                                                                                    
[2026-07-16 21:57:20,481] [INFO] [__main__] Batch 3000 Loss: 0.423364 Cost: 8.04 Time: 187 ms/sequence
[2026-07-16 21:57:20,482] [INFO] [__main__] Advice weight norm: 19.175114 | Advice gradient norm: 0.000000

                                                                                                    
[2026-07-16 21:57:20,485] [INFO] [__main__] Saving checkpoint to 'runs\copy_sanity_len5\copy\zero\seed_1002\checkpoint-batch-00003000.pt'

[                                        ]: 3001 (Loss: 0.4060)
[                                        ]: 3002 (Loss: 0.4968)
[=                                       ]: 3003 (Loss: 0.3532)
[=                                       ]: 3004 (Loss: 0.4309)
[==                                      ]: 3005 (Loss: 0.4931)
[==                                      ]: 3006 (Loss: 0.2794)
[==                                      ]: 3007 (Loss: 0.4194)
[===                                     ]: 3008 (Loss: 0.3980)
[===                                     ]: 3009 (Loss: 0.4910)
[====                                    ]: 3010 (Loss: 0.6042)
[====                                    ]: 3011 (Loss: 0.4525)
[====                                    ]: 3012 (Loss: 0.5324)
[=====                                   ]: 3013 (Loss: 0.4267)
[=====                                   ]: 3014 (Loss: 0.4475)
[======                                  ]: 3015 (Loss: 0.4136)
[======                                  ]: 3016 (Loss: 0.3948)
[======                                  ]: 3017 (Loss: 0.4947)
[=======                                 ]: 3018 (Loss: 0.2793)
[=======                                 ]: 3019 (Loss: 0.4619)
[========                                ]: 3020 (Loss: 0.4600)
[========                                ]: 3021 (Loss: 0.4377)
[========                                ]: 3022 (Loss: 0.5034)
[=========                               ]: 3023 (Loss: 0.3479)
[=========                               ]: 3024 (Loss: 0.4321)
[==========                              ]: 3025 (Loss: 0.3943)
[==========                              ]: 3026 (Loss: 0.4171)
[==========                              ]: 3027 (Loss: 0.5649)
[===========                             ]: 3028 (Loss: 0.3872)
[===========                             ]: 3029 (Loss: 0.3926)
[============                            ]: 3030 (Loss: 0.4553)
[============                            ]: 3031 (Loss: 0.4544)
[============                            ]: 3032 (Loss: 0.3616)
[=============                           ]: 3033 (Loss: 0.3711)
[=============                           ]: 3034 (Loss: 0.4037)
[==============                          ]: 3035 (Loss: 0.3272)
[==============                          ]: 3036 (Loss: 0.3652)
[==============                          ]: 3037 (Loss: 0.3046)
[===============                         ]: 3038 (Loss: 0.4216)
[===============                         ]: 3039 (Loss: 0.3948)
[================                        ]: 3040 (Loss: 0.5406)
[================                        ]: 3041 (Loss: 0.4473)
[================                        ]: 3042 (Loss: 0.4349)
[=================                       ]: 3043 (Loss: 0.3242)
[=================                       ]: 3044 (Loss: 0.3939)
[==================                      ]: 3045 (Loss: 0.3897)
[==================                      ]: 3046 (Loss: 0.3407)
[==================                      ]: 3047 (Loss: 0.4133)
[===================                     ]: 3048 (Loss: 0.4100)
[===================                     ]: 3049 (Loss: 0.5002)
[====================                    ]: 3050 (Loss: 0.6244)
[====================                    ]: 3051 (Loss: 0.4443)
[====================                    ]: 3052 (Loss: 0.3351)
[=====================                   ]: 3053 (Loss: 0.4649)
[=====================                   ]: 3054 (Loss: 0.3720)
[======================                  ]: 3055 (Loss: 0.5059)
[======================                  ]: 3056 (Loss: 0.4325)
[======================                  ]: 3057 (Loss: 0.5132)
[=======================                 ]: 3058 (Loss: 0.4568)
[=======================                 ]: 3059 (Loss: 0.3546)
[========================                ]: 3060 (Loss: 0.4261)
[========================                ]: 3061 (Loss: 0.4690)
[========================                ]: 3062 (Loss: 0.4410)
[=========================               ]: 3063 (Loss: 0.4180)
[=========================               ]: 3064 (Loss: 0.4000)
[==========================              ]: 3065 (Loss: 0.2633)
[==========================              ]: 3066 (Loss: 0.5310)
[==========================              ]: 3067 (Loss: 0.4269)
[===========================             ]: 3068 (Loss: 0.4331)
[===========================             ]: 3069 (Loss: 0.3620)
[============================            ]: 3070 (Loss: 0.4520)
[============================            ]: 3071 (Loss: 0.3836)
[============================            ]: 3072 (Loss: 0.4872)
[=============================           ]: 3073 (Loss: 0.4551)
[=============================           ]: 3074 (Loss: 0.4281)
[==============================          ]: 3075 (Loss: 0.3810)
[==============================          ]: 3076 (Loss: 0.3629)
[==============================          ]: 3077 (Loss: 0.3961)
[===============================         ]: 3078 (Loss: 0.2747)
[===============================         ]: 3079 (Loss: 0.5219)
[================================        ]: 3080 (Loss: 0.3624)
[================================        ]: 3081 (Loss: 0.4428)
[================================        ]: 3082 (Loss: 0.3808)
[=================================       ]: 3083 (Loss: 0.4098)
[=================================       ]: 3084 (Loss: 0.3905)
[==================================      ]: 3085 (Loss: 0.4647)
[==================================      ]: 3086 (Loss: 0.4024)
[==================================      ]: 3087 (Loss: 0.3592)
[===================================     ]: 3088 (Loss: 0.3942)
[===================================     ]: 3089 (Loss: 0.3355)
[====================================    ]: 3090 (Loss: 0.3148)
[====================================    ]: 3091 (Loss: 0.4015)
[====================================    ]: 3092 (Loss: 0.4303)
[=====================================   ]: 3093 (Loss: 0.3697)
[=====================================   ]: 3094 (Loss: 0.3774)
[======================================  ]: 3095 (Loss: 0.3267)
[======================================  ]: 3096 (Loss: 0.3964)
[======================================  ]: 3097 (Loss: 0.4859)
[======================================= ]: 3098 (Loss: 0.4589)
[======================================= ]: 3099 (Loss: 0.2896)
[========================================]: 3100 (Loss: 0.3934)
                                                                                                    
[2026-07-16 21:57:39,564] [INFO] [__main__] Batch 3100 Loss: 0.416706 Cost: 8.06 Time: 190 ms/sequence
[2026-07-16 21:57:39,564] [INFO] [__main__] Advice weight norm: 19.175114 | Advice gradient norm: 0.000000

[                                        ]: 3101 (Loss: 0.4037)
[                                        ]: 3102 (Loss: 0.5236)
[=                                       ]: 3103 (Loss: 0.4966)
[=                                       ]: 3104 (Loss: 0.4699)
[==                                      ]: 3105 (Loss: 0.3595)
[==                                      ]: 3106 (Loss: 0.3895)
[==                                      ]: 3107 (Loss: 0.3883)
[===                                     ]: 3108 (Loss: 0.3927)
[===                                     ]: 3109 (Loss: 0.4202)
[====                                    ]: 3110 (Loss: 0.3513)
[====                                    ]: 3111 (Loss: 0.3161)
[====                                    ]: 3112 (Loss: 0.4162)
[=====                                   ]: 3113 (Loss: 0.6187)
[=====                                   ]: 3114 (Loss: 0.3796)
[======                                  ]: 3115 (Loss: 0.3415)
[======                                  ]: 3116 (Loss: 0.3543)
[======                                  ]: 3117 (Loss: 0.4335)
[=======                                 ]: 3118 (Loss: 0.4240)
[=======                                 ]: 3119 (Loss: 0.3976)
[========                                ]: 3120 (Loss: 0.4624)
[========                                ]: 3121 (Loss: 0.5023)
[========                                ]: 3122 (Loss: 0.4533)
[=========                               ]: 3123 (Loss: 0.4166)
[=========                               ]: 3124 (Loss: 0.4989)
[==========                              ]: 3125 (Loss: 0.4479)
[==========                              ]: 3126 (Loss: 0.4212)
[==========                              ]: 3127 (Loss: 0.4334)
[===========                             ]: 3128 (Loss: 0.3734)
[===========                             ]: 3129 (Loss: 0.4673)
[============                            ]: 3130 (Loss: 0.4006)
[============                            ]: 3131 (Loss: 0.3337)
[============                            ]: 3132 (Loss: 0.4147)
[=============                           ]: 3133 (Loss: 0.4177)
[=============                           ]: 3134 (Loss: 0.4053)
[==============                          ]: 3135 (Loss: 0.4000)
[==============                          ]: 3136 (Loss: 0.3135)
[==============                          ]: 3137 (Loss: 0.3661)
[===============                         ]: 3138 (Loss: 0.4220)
[===============                         ]: 3139 (Loss: 0.5984)
[================                        ]: 3140 (Loss: 0.5268)
[================                        ]: 3141 (Loss: 0.3611)
[================                        ]: 3142 (Loss: 0.3957)
[=================                       ]: 3143 (Loss: 0.3002)
[=================                       ]: 3144 (Loss: 0.5328)
[==================                      ]: 3145 (Loss: 0.3920)
[==================                      ]: 3146 (Loss: 0.4261)
[==================                      ]: 3147 (Loss: 0.2911)
[===================                     ]: 3148 (Loss: 0.4565)
[===================                     ]: 3149 (Loss: 0.2963)
[====================                    ]: 3150 (Loss: 0.4105)
[====================                    ]: 3151 (Loss: 0.4203)
[====================                    ]: 3152 (Loss: 0.4574)
[=====================                   ]: 3153 (Loss: 0.2629)
[=====================                   ]: 3154 (Loss: 0.3419)
[======================                  ]: 3155 (Loss: 0.3781)
[======================                  ]: 3156 (Loss: 0.3193)
[======================                  ]: 3157 (Loss: 0.3544)
[=======================                 ]: 3158 (Loss: 0.2933)
[=======================                 ]: 3159 (Loss: 0.3482)
[========================                ]: 3160 (Loss: 0.3566)
[========================                ]: 3161 (Loss: 0.4634)
[========================                ]: 3162 (Loss: 0.2694)
[=========================               ]: 3163 (Loss: 0.5235)
[=========================               ]: 3164 (Loss: 0.3479)
[==========================              ]: 3165 (Loss: 0.3193)
[==========================              ]: 3166 (Loss: 0.4003)
[==========================              ]: 3167 (Loss: 0.2600)
[===========================             ]: 3168 (Loss: 0.5338)
[===========================             ]: 3169 (Loss: 0.3380)
[============================            ]: 3170 (Loss: 0.4850)
[============================            ]: 3171 (Loss: 0.5362)
[============================            ]: 3172 (Loss: 0.3202)
[=============================           ]: 3173 (Loss: 0.3971)
[=============================           ]: 3174 (Loss: 0.4713)
[==============================          ]: 3175 (Loss: 0.4146)
[==============================          ]: 3176 (Loss: 0.2772)
[==============================          ]: 3177 (Loss: 0.3790)
[===============================         ]: 3178 (Loss: 0.3697)
[===============================         ]: 3179 (Loss: 0.3678)
[================================        ]: 3180 (Loss: 0.3064)
[================================        ]: 3181 (Loss: 0.3614)
[================================        ]: 3182 (Loss: 0.4632)
[=================================       ]: 3183 (Loss: 0.3370)
[=================================       ]: 3184 (Loss: 0.3955)
[==================================      ]: 3185 (Loss: 0.4615)
[==================================      ]: 3186 (Loss: 0.4170)
[==================================      ]: 3187 (Loss: 0.5538)
[===================================     ]: 3188 (Loss: 0.4492)
[===================================     ]: 3189 (Loss: 0.4196)
[====================================    ]: 3190 (Loss: 0.3659)
[====================================    ]: 3191 (Loss: 0.5007)
[====================================    ]: 3192 (Loss: 0.6049)
[=====================================   ]: 3193 (Loss: 0.3776)
[=====================================   ]: 3194 (Loss: 0.4688)
[======================================  ]: 3195 (Loss: 0.4096)
[======================================  ]: 3196 (Loss: 0.4510)
[======================================  ]: 3197 (Loss: 0.3784)
[======================================= ]: 3198 (Loss: 0.3218)
[======================================= ]: 3199 (Loss: 0.5743)
[========================================]: 3200 (Loss: 0.4819)
                                                                                                    
[2026-07-16 21:57:58,388] [INFO] [__main__] Batch 3200 Loss: 0.409204 Cost: 7.97 Time: 188 ms/sequence
[2026-07-16 21:57:58,389] [INFO] [__main__] Advice weight norm: 19.175114 | Advice gradient norm: 0.000000

[                                        ]: 3201 (Loss: 0.2646)
[                                        ]: 3202 (Loss: 0.3024)
[=                                       ]: 3203 (Loss: 0.5876)
[=                                       ]: 3204 (Loss: 0.4463)
[==                                      ]: 3205 (Loss: 0.4777)
[==                                      ]: 3206 (Loss: 0.5914)
[==                                      ]: 3207 (Loss: 0.4272)
[===                                     ]: 3208 (Loss: 0.4201)
[===                                     ]: 3209 (Loss: 0.3813)
[====                                    ]: 3210 (Loss: 0.4736)
[====                                    ]: 3211 (Loss: 0.4520)
[====                                    ]: 3212 (Loss: 0.3861)
[=====                                   ]: 3213 (Loss: 0.5052)
[=====                                   ]: 3214 (Loss: 0.4716)
[======                                  ]: 3215 (Loss: 0.4682)
[======                                  ]: 3216 (Loss: 0.5227)
[======                                  ]: 3217 (Loss: 0.3558)
[=======                                 ]: 3218 (Loss: 0.3682)
[=======                                 ]: 3219 (Loss: 0.4096)
[========                                ]: 3220 (Loss: 0.4426)
[========                                ]: 3221 (Loss: 0.4378)
[========                                ]: 3222 (Loss: 0.4696)
[=========                               ]: 3223 (Loss: 0.4732)
[=========                               ]: 3224 (Loss: 0.3635)
[==========                              ]: 3225 (Loss: 0.4088)
[==========                              ]: 3226 (Loss: 0.4571)
[==========                              ]: 3227 (Loss: 0.2555)
[===========                             ]: 3228 (Loss: 0.4058)
[===========                             ]: 3229 (Loss: 0.4076)
[============                            ]: 3230 (Loss: 0.4486)
[============                            ]: 3231 (Loss: 0.4582)
[============                            ]: 3232 (Loss: 0.3431)
[=============                           ]: 3233 (Loss: 0.4931)
[=============                           ]: 3234 (Loss: 0.3698)
[==============                          ]: 3235 (Loss: 0.4095)
[==============                          ]: 3236 (Loss: 0.4009)
[==============                          ]: 3237 (Loss: 0.2438)
[===============                         ]: 3238 (Loss: 0.4216)
[===============                         ]: 3239 (Loss: 0.5671)
[================                        ]: 3240 (Loss: 0.2897)
[================                        ]: 3241 (Loss: 0.3866)
[================                        ]: 3242 (Loss: 0.3312)
[=================                       ]: 3243 (Loss: 0.3799)
[=================                       ]: 3244 (Loss: 0.3645)
[==================                      ]: 3245 (Loss: 0.3816)
[==================                      ]: 3246 (Loss: 0.3107)
[==================                      ]: 3247 (Loss: 0.4250)
[===================                     ]: 3248 (Loss: 0.4582)
[===================                     ]: 3249 (Loss: 0.4514)
[====================                    ]: 3250 (Loss: 0.2860)
[====================                    ]: 3251 (Loss: 0.4417)
[====================                    ]: 3252 (Loss: 0.4552)
[=====================                   ]: 3253 (Loss: 0.3691)
[=====================                   ]: 3254 (Loss: 0.3073)
[======================                  ]: 3255 (Loss: 0.3772)
[======================                  ]: 3256 (Loss: 0.4299)
[======================                  ]: 3257 (Loss: 0.3719)
[=======================                 ]: 3258 (Loss: 0.3443)
[=======================                 ]: 3259 (Loss: 0.4736)
[========================                ]: 3260 (Loss: 0.4534)
[========================                ]: 3261 (Loss: 0.5810)
[========================                ]: 3262 (Loss: 0.5706)
[=========================               ]: 3263 (Loss: 0.3556)
[=========================               ]: 3264 (Loss: 0.4056)
[==========================              ]: 3265 (Loss: 0.4170)
[==========================              ]: 3266 (Loss: 0.4264)
[==========================              ]: 3267 (Loss: 0.2768)
[===========================             ]: 3268 (Loss: 0.5022)
[===========================             ]: 3269 (Loss: 0.3983)
[============================            ]: 3270 (Loss: 0.4691)
[============================            ]: 3271 (Loss: 0.4635)
[============================            ]: 3272 (Loss: 0.3782)
[=============================           ]: 3273 (Loss: 0.4134)
[=============================           ]: 3274 (Loss: 0.4131)
[==============================          ]: 3275 (Loss: 0.3837)
[==============================          ]: 3276 (Loss: 0.4993)
[==============================          ]: 3277 (Loss: 0.4726)
[===============================         ]: 3278 (Loss: 0.4127)
[===============================         ]: 3279 (Loss: 0.2958)
[================================        ]: 3280 (Loss: 0.3585)
[================================        ]: 3281 (Loss: 0.3624)
[================================        ]: 3282 (Loss: 0.3133)
[=================================       ]: 3283 (Loss: 0.4969)
[=================================       ]: 3284 (Loss: 0.3445)
[==================================      ]: 3285 (Loss: 0.3242)
[==================================      ]: 3286 (Loss: 0.3471)
[==================================      ]: 3287 (Loss: 0.5261)
[===================================     ]: 3288 (Loss: 0.2926)
[===================================     ]: 3289 (Loss: 0.4987)
[====================================    ]: 3290 (Loss: 0.4003)
[====================================    ]: 3291 (Loss: 0.3915)
[====================================    ]: 3292 (Loss: 0.5157)
[=====================================   ]: 3293 (Loss: 0.4691)
[=====================================   ]: 3294 (Loss: 0.3784)
[======================================  ]: 3295 (Loss: 0.3181)
[======================================  ]: 3296 (Loss: 0.5400)
[======================================  ]: 3297 (Loss: 0.3333)
[======================================= ]: 3298 (Loss: 0.3762)
[======================================= ]: 3299 (Loss: 0.4350)
[========================================]: 3300 (Loss: 0.5075)
                                                                                                    
[2026-07-16 21:58:17,343] [INFO] [__main__] Batch 3300 Loss: 0.413417 Cost: 7.71 Time: 189 ms/sequence
[2026-07-16 21:58:17,343] [INFO] [__main__] Advice weight norm: 19.175114 | Advice gradient norm: 0.000000

[                                        ]: 3301 (Loss: 0.3396)
[                                        ]: 3302 (Loss: 0.4019)
[=                                       ]: 3303 (Loss: 0.2803)
[=                                       ]: 3304 (Loss: 0.3421)
[==                                      ]: 3305 (Loss: 0.3060)
[==                                      ]: 3306 (Loss: 0.4339)
[==                                      ]: 3307 (Loss: 0.5029)
[===                                     ]: 3308 (Loss: 0.4345)
[===                                     ]: 3309 (Loss: 0.5457)
[====                                    ]: 3310 (Loss: 0.4661)
[====                                    ]: 3311 (Loss: 0.3752)
[====                                    ]: 3312 (Loss: 0.5347)
[=====                                   ]: 3313 (Loss: 0.4620)
[=====                                   ]: 3314 (Loss: 0.4302)
[======                                  ]: 3315 (Loss: 0.3291)
[======                                  ]: 3316 (Loss: 0.3842)
[======                                  ]: 3317 (Loss: 0.4588)
[=======                                 ]: 3318 (Loss: 0.4815)
[=======                                 ]: 3319 (Loss: 0.5873)
[========                                ]: 3320 (Loss: 0.3503)
[========                                ]: 3321 (Loss: 0.5538)
[========                                ]: 3322 (Loss: 0.3477)
[=========                               ]: 3323 (Loss: 0.3991)
[=========                               ]: 3324 (Loss: 0.3380)
[==========                              ]: 3325 (Loss: 0.3246)
[==========                              ]: 3326 (Loss: 0.4411)
[==========                              ]: 3327 (Loss: 0.4193)
[===========                             ]: 3328 (Loss: 0.4043)
[===========                             ]: 3329 (Loss: 0.3765)
[============                            ]: 3330 (Loss: 0.4503)
[============                            ]: 3331 (Loss: 0.3812)
[============                            ]: 3332 (Loss: 0.4850)
[=============                           ]: 3333 (Loss: 0.3079)
[=============                           ]: 3334 (Loss: 0.3201)
[==============                          ]: 3335 (Loss: 0.3437)
[==============                          ]: 3336 (Loss: 0.3825)
[==============                          ]: 3337 (Loss: 0.2734)
[===============                         ]: 3338 (Loss: 0.4195)
[===============                         ]: 3339 (Loss: 0.2926)
[================                        ]: 3340 (Loss: 0.2662)
[================                        ]: 3341 (Loss: 0.3981)
[================                        ]: 3342 (Loss: 0.4035)
[=================                       ]: 3343 (Loss: 0.5057)
[=================                       ]: 3344 (Loss: 0.4782)
[==================                      ]: 3345 (Loss: 0.4202)
[==================                      ]: 3346 (Loss: 0.3785)
[==================                      ]: 3347 (Loss: 0.3878)
[===================                     ]: 3348 (Loss: 0.3617)
[===================                     ]: 3349 (Loss: 0.4229)
[====================                    ]: 3350 (Loss: 0.4505)
[====================                    ]: 3351 (Loss: 0.3586)
[====================                    ]: 3352 (Loss: 0.4307)
[=====================                   ]: 3353 (Loss: 0.3977)
[=====================                   ]: 3354 (Loss: 0.6406)
[======================                  ]: 3355 (Loss: 0.4873)
[======================                  ]: 3356 (Loss: 0.3932)
[======================                  ]: 3357 (Loss: 0.3923)
[=======================                 ]: 3358 (Loss: 0.3054)
[=======================                 ]: 3359 (Loss: 0.2550)
[========================                ]: 3360 (Loss: 0.4496)
[========================                ]: 3361 (Loss: 0.3705)
[========================                ]: 3362 (Loss: 0.4278)
[=========================               ]: 3363 (Loss: 0.3342)
[=========================               ]: 3364 (Loss: 0.4102)
[==========================              ]: 3365 (Loss: 0.5299)
[==========================              ]: 3366 (Loss: 0.4417)
[==========================              ]: 3367 (Loss: 0.3261)
[===========================             ]: 3368 (Loss: 0.4523)
[===========================             ]: 3369 (Loss: 0.3841)
[============================            ]: 3370 (Loss: 0.3362)
[============================            ]: 3371 (Loss: 0.3698)
[============================            ]: 3372 (Loss: 0.3035)
[=============================           ]: 3373 (Loss: 0.4830)
[=============================           ]: 3374 (Loss: 0.4259)
[==============================          ]: 3375 (Loss: 0.4586)
[==============================          ]: 3376 (Loss: 0.5496)
[==============================          ]: 3377 (Loss: 0.3902)
[===============================         ]: 3378 (Loss: 0.3752)
[===============================         ]: 3379 (Loss: 0.3997)
[================================        ]: 3380 (Loss: 0.4646)
[================================        ]: 3381 (Loss: 0.4863)
[================================        ]: 3382 (Loss: 0.4801)
[=================================       ]: 3383 (Loss: 0.4267)
[=================================       ]: 3384 (Loss: 0.3904)
[==================================      ]: 3385 (Loss: 0.3098)
[==================================      ]: 3386 (Loss: 0.4275)
[==================================      ]: 3387 (Loss: 0.3609)
[===================================     ]: 3388 (Loss: 0.3838)
[===================================     ]: 3389 (Loss: 0.4686)
[====================================    ]: 3390 (Loss: 0.4692)
[====================================    ]: 3391 (Loss: 0.3184)
[====================================    ]: 3392 (Loss: 0.5190)
[=====================================   ]: 3393 (Loss: 0.4434)
[=====================================   ]: 3394 (Loss: 0.3602)
[======================================  ]: 3395 (Loss: 0.4940)
[======================================  ]: 3396 (Loss: 0.4175)
[======================================  ]: 3397 (Loss: 0.4447)
[======================================= ]: 3398 (Loss: 0.5329)
[======================================= ]: 3399 (Loss: 0.4546)
[========================================]: 3400 (Loss: 0.3921)
                                                                                                    
[2026-07-16 21:58:35,931] [INFO] [__main__] Batch 3400 Loss: 0.411038 Cost: 7.80 Time: 185 ms/sequence
[2026-07-16 21:58:35,931] [INFO] [__main__] Advice weight norm: 19.175114 | Advice gradient norm: 0.000000

[                                        ]: 3401 (Loss: 0.4284)
[                                        ]: 3402 (Loss: 0.4060)
[=                                       ]: 3403 (Loss: 0.3693)
[=                                       ]: 3404 (Loss: 0.3594)
[==                                      ]: 3405 (Loss: 0.4606)
[==                                      ]: 3406 (Loss: 0.3984)
[==                                      ]: 3407 (Loss: 0.4613)
[===                                     ]: 3408 (Loss: 0.4291)
[===                                     ]: 3409 (Loss: 0.5329)
[====                                    ]: 3410 (Loss: 0.5501)
[====                                    ]: 3411 (Loss: 0.4637)
[====                                    ]: 3412 (Loss: 0.3808)
[=====                                   ]: 3413 (Loss: 0.3491)
[=====                                   ]: 3414 (Loss: 0.4425)
[======                                  ]: 3415 (Loss: 0.3913)
[======                                  ]: 3416 (Loss: 0.3978)
[======                                  ]: 3417 (Loss: 0.5231)
[=======                                 ]: 3418 (Loss: 0.4237)
[=======                                 ]: 3419 (Loss: 0.3358)
[========                                ]: 3420 (Loss: 0.4072)
[========                                ]: 3421 (Loss: 0.2845)
[========                                ]: 3422 (Loss: 0.3703)
[=========                               ]: 3423 (Loss: 0.4035)
[=========                               ]: 3424 (Loss: 0.3244)
[==========                              ]: 3425 (Loss: 0.2896)
[==========                              ]: 3426 (Loss: 0.3637)
[==========                              ]: 3427 (Loss: 0.3736)
[===========                             ]: 3428 (Loss: 0.3797)
[===========                             ]: 3429 (Loss: 0.4224)
[============                            ]: 3430 (Loss: 0.4532)
[============                            ]: 3431 (Loss: 0.2965)
[============                            ]: 3432 (Loss: 0.4179)
[=============                           ]: 3433 (Loss: 0.4092)
[=============                           ]: 3434 (Loss: 0.3296)
[==============                          ]: 3435 (Loss: 0.3308)
[==============                          ]: 3436 (Loss: 0.5092)
[==============                          ]: 3437 (Loss: 0.4315)
[===============                         ]: 3438 (Loss: 0.3114)
[===============                         ]: 3439 (Loss: 0.4288)
[================                        ]: 3440 (Loss: 0.3828)
[================                        ]: 3441 (Loss: 0.4700)
[================                        ]: 3442 (Loss: 0.4077)
[=================                       ]: 3443 (Loss: 0.5355)
[=================                       ]: 3444 (Loss: 0.3616)
[==================                      ]: 3445 (Loss: 0.4677)
[==================                      ]: 3446 (Loss: 0.3849)
[==================                      ]: 3447 (Loss: 0.3177)
[===================                     ]: 3448 (Loss: 0.3924)
[===================                     ]: 3449 (Loss: 0.2983)
[====================                    ]: 3450 (Loss: 0.3926)
[====================                    ]: 3451 (Loss: 0.4403)
[====================                    ]: 3452 (Loss: 0.3426)
[=====================                   ]: 3453 (Loss: 0.3980)
[=====================                   ]: 3454 (Loss: 0.4205)
[======================                  ]: 3455 (Loss: 0.4717)
[======================                  ]: 3456 (Loss: 0.4628)
[======================                  ]: 3457 (Loss: 0.3777)
[=======================                 ]: 3458 (Loss: 0.4406)
[=======================                 ]: 3459 (Loss: 0.5929)
[========================                ]: 3460 (Loss: 0.4267)
[========================                ]: 3461 (Loss: 0.4434)
[========================                ]: 3462 (Loss: 0.3462)
[=========================               ]: 3463 (Loss: 0.4635)
[=========================               ]: 3464 (Loss: 0.3459)
[==========================              ]: 3465 (Loss: 0.3261)
[==========================              ]: 3466 (Loss: 0.2772)
[==========================              ]: 3467 (Loss: 0.4499)
[===========================             ]: 3468 (Loss: 0.3883)
[===========================             ]: 3469 (Loss: 0.4839)
[============================            ]: 3470 (Loss: 0.3385)
[============================            ]: 3471 (Loss: 0.3066)
[============================            ]: 3472 (Loss: 0.5072)
[=============================           ]: 3473 (Loss: 0.2797)
[=============================           ]: 3474 (Loss: 0.4137)
[==============================          ]: 3475 (Loss: 0.4989)
[==============================          ]: 3476 (Loss: 0.3629)
[==============================          ]: 3477 (Loss: 0.5042)
[===============================         ]: 3478 (Loss: 0.3980)
[===============================         ]: 3479 (Loss: 0.4616)
[================================        ]: 3480 (Loss: 0.4545)
[================================        ]: 3481 (Loss: 0.3589)
[================================        ]: 3482 (Loss: 0.3411)
[=================================       ]: 3483 (Loss: 0.4446)
[=================================       ]: 3484 (Loss: 0.4438)
[==================================      ]: 3485 (Loss: 0.4251)
[==================================      ]: 3486 (Loss: 0.4771)
[==================================      ]: 3487 (Loss: 0.4083)
[===================================     ]: 3488 (Loss: 0.4556)
[===================================     ]: 3489 (Loss: 0.2581)
[====================================    ]: 3490 (Loss: 0.3802)
[====================================    ]: 3491 (Loss: 0.5357)
[====================================    ]: 3492 (Loss: 0.5435)
[=====================================   ]: 3493 (Loss: 0.4064)
[=====================================   ]: 3494 (Loss: 0.4934)
[======================================  ]: 3495 (Loss: 0.4183)
[======================================  ]: 3496 (Loss: 0.2865)
[======================================  ]: 3497 (Loss: 0.3808)
[======================================= ]: 3498 (Loss: 0.3893)
[======================================= ]: 3499 (Loss: 0.3837)
[========================================]: 3500 (Loss: 0.2987)
                                                                                                    
[2026-07-16 21:58:54,749] [INFO] [__main__] Batch 3500 Loss: 0.406052 Cost: 7.69 Time: 188 ms/sequence
[2026-07-16 21:58:54,749] [INFO] [__main__] Advice weight norm: 19.175114 | Advice gradient norm: 0.000000

[                                        ]: 3501 (Loss: 0.3849)
[                                        ]: 3502 (Loss: 0.3298)
[=                                       ]: 3503 (Loss: 0.3549)
[=                                       ]: 3504 (Loss: 0.2980)
[==                                      ]: 3505 (Loss: 0.3056)
[==                                      ]: 3506 (Loss: 0.4324)
[==                                      ]: 3507 (Loss: 0.3569)
[===                                     ]: 3508 (Loss: 0.4055)
[===                                     ]: 3509 (Loss: 0.3461)
[====                                    ]: 3510 (Loss: 0.4471)
[====                                    ]: 3511 (Loss: 0.3270)
[====                                    ]: 3512 (Loss: 0.3523)
[=====                                   ]: 3513 (Loss: 0.2743)
[=====                                   ]: 3514 (Loss: 0.4284)
[======                                  ]: 3515 (Loss: 0.4421)
[======                                  ]: 3516 (Loss: 0.4853)
[======                                  ]: 3517 (Loss: 0.3693)
[=======                                 ]: 3518 (Loss: 0.3609)
[=======                                 ]: 3519 (Loss: 0.4886)
[========                                ]: 3520 (Loss: 0.2664)
[========                                ]: 3521 (Loss: 0.5312)
[========                                ]: 3522 (Loss: 0.2755)
[=========                               ]: 3523 (Loss: 0.3605)
[=========                               ]: 3524 (Loss: 0.3244)
[==========                              ]: 3525 (Loss: 0.2924)
[==========                              ]: 3526 (Loss: 0.3499)
[==========                              ]: 3527 (Loss: 0.4452)
[===========                             ]: 3528 (Loss: 0.3428)
[===========                             ]: 3529 (Loss: 0.4179)
[============                            ]: 3530 (Loss: 0.3357)
[============                            ]: 3531 (Loss: 0.3308)
[============                            ]: 3532 (Loss: 0.4167)
[=============                           ]: 3533 (Loss: 0.3677)
[=============                           ]: 3534 (Loss: 0.4500)
[==============                          ]: 3535 (Loss: 0.4216)
[==============                          ]: 3536 (Loss: 0.3402)
[==============                          ]: 3537 (Loss: 0.3492)
[===============                         ]: 3538 (Loss: 0.1925)
[===============                         ]: 3539 (Loss: 0.4669)
[================                        ]: 3540 (Loss: 0.3599)
[================                        ]: 3541 (Loss: 0.3682)
[================                        ]: 3542 (Loss: 0.5434)
[=================                       ]: 3543 (Loss: 0.3741)
[=================                       ]: 3544 (Loss: 0.4018)
[==================                      ]: 3545 (Loss: 0.4666)
[==================                      ]: 3546 (Loss: 0.3447)
[==================                      ]: 3547 (Loss: 0.3356)
[===================                     ]: 3548 (Loss: 0.3642)
[===================                     ]: 3549 (Loss: 0.4704)
[====================                    ]: 3550 (Loss: 0.6154)
[====================                    ]: 3551 (Loss: 0.4445)
[====================                    ]: 3552 (Loss: 0.4968)
[=====================                   ]: 3553 (Loss: 0.4566)
[=====================                   ]: 3554 (Loss: 0.4227)
[======================                  ]: 3555 (Loss: 0.4632)
[======================                  ]: 3556 (Loss: 0.3569)
[======================                  ]: 3557 (Loss: 0.3844)
[=======================                 ]: 3558 (Loss: 0.4263)
[=======================                 ]: 3559 (Loss: 0.3447)
[========================                ]: 3560 (Loss: 0.3554)
[========================                ]: 3561 (Loss: 0.3740)
[========================                ]: 3562 (Loss: 0.3396)
[=========================               ]: 3563 (Loss: 0.4090)
[=========================               ]: 3564 (Loss: 0.2711)
[==========================              ]: 3565 (Loss: 0.5102)
[==========================              ]: 3566 (Loss: 0.5442)
[==========================              ]: 3567 (Loss: 0.4720)
[===========================             ]: 3568 (Loss: 0.4147)
[===========================             ]: 3569 (Loss: 0.4448)
[============================            ]: 3570 (Loss: 0.4718)
[============================            ]: 3571 (Loss: 0.3448)
[============================            ]: 3572 (Loss: 0.4568)
[=============================           ]: 3573 (Loss: 0.3355)
[=============================           ]: 3574 (Loss: 0.3330)
[==============================          ]: 3575 (Loss: 0.5062)
[==============================          ]: 3576 (Loss: 0.4651)
[==============================          ]: 3577 (Loss: 0.4237)
[===============================         ]: 3578 (Loss: 0.4019)
[===============================         ]: 3579 (Loss: 0.5773)
[================================        ]: 3580 (Loss: 0.2936)
[================================        ]: 3581 (Loss: 0.4926)
[================================        ]: 3582 (Loss: 0.3998)
[=================================       ]: 3583 (Loss: 0.2812)
[=================================       ]: 3584 (Loss: 0.4008)
[==================================      ]: 3585 (Loss: 0.4187)
[==================================      ]: 3586 (Loss: 0.4272)
[==================================      ]: 3587 (Loss: 0.4815)
[===================================     ]: 3588 (Loss: 0.4278)
[===================================     ]: 3589 (Loss: 0.5223)
[====================================    ]: 3590 (Loss: 0.4507)
[====================================    ]: 3591 (Loss: 0.3675)
[====================================    ]: 3592 (Loss: 0.2989)
[=====================================   ]: 3593 (Loss: 0.3085)
[=====================================   ]: 3594 (Loss: 0.4394)
[======================================  ]: 3595 (Loss: 0.4020)
[======================================  ]: 3596 (Loss: 0.4525)
[======================================  ]: 3597 (Loss: 0.2966)
[======================================= ]: 3598 (Loss: 0.4109)
[======================================= ]: 3599 (Loss: 0.3219)
[========================================]: 3600 (Loss: 0.4257)
                                                                                                    
[2026-07-16 21:59:13,527] [INFO] [__main__] Batch 3600 Loss: 0.396786 Cost: 7.49 Time: 187 ms/sequence
[2026-07-16 21:59:13,527] [INFO] [__main__] Advice weight norm: 19.175114 | Advice gradient norm: 0.000000

[                                        ]: 3601 (Loss: 0.3731)
[                                        ]: 3602 (Loss: 0.4180)
[=                                       ]: 3603 (Loss: 0.4389)
[=                                       ]: 3604 (Loss: 0.3900)
[==                                      ]: 3605 (Loss: 0.4625)
[==                                      ]: 3606 (Loss: 0.4465)
[==                                      ]: 3607 (Loss: 0.2273)
[===                                     ]: 3608 (Loss: 0.3630)
[===                                     ]: 3609 (Loss: 0.2862)
[====                                    ]: 3610 (Loss: 0.4149)
[====                                    ]: 3611 (Loss: 0.3434)
[====                                    ]: 3612 (Loss: 0.3677)
[=====                                   ]: 3613 (Loss: 0.3689)
[=====                                   ]: 3614 (Loss: 0.4186)
[======                                  ]: 3615 (Loss: 0.3625)
[======                                  ]: 3616 (Loss: 0.3366)
[======                                  ]: 3617 (Loss: 0.4310)
[=======                                 ]: 3618 (Loss: 0.4460)
[=======                                 ]: 3619 (Loss: 0.4862)
[========                                ]: 3620 (Loss: 0.4849)
[========                                ]: 3621 (Loss: 0.5693)
[========                                ]: 3622 (Loss: 0.4073)
[=========                               ]: 3623 (Loss: 0.3382)
[=========                               ]: 3624 (Loss: 0.3598)
[==========                              ]: 3625 (Loss: 0.4101)
[==========                              ]: 3626 (Loss: 0.4655)
[==========                              ]: 3627 (Loss: 0.4546)
[===========                             ]: 3628 (Loss: 0.4583)
[===========                             ]: 3629 (Loss: 0.3512)
[============                            ]: 3630 (Loss: 0.5213)
[============                            ]: 3631 (Loss: 0.4552)
[============                            ]: 3632 (Loss: 0.3988)
[=============                           ]: 3633 (Loss: 0.4217)
[=============                           ]: 3634 (Loss: 0.4579)
[==============                          ]: 3635 (Loss: 0.4100)
[==============                          ]: 3636 (Loss: 0.4692)
[==============                          ]: 3637 (Loss: 0.4408)
[===============                         ]: 3638 (Loss: 0.3847)
[===============                         ]: 3639 (Loss: 0.3678)
[================                        ]: 3640 (Loss: 0.4082)
[================                        ]: 3641 (Loss: 0.2758)
[================                        ]: 3642 (Loss: 0.4155)
[=================                       ]: 3643 (Loss: 0.3928)
[=================                       ]: 3644 (Loss: 0.3784)
[==================                      ]: 3645 (Loss: 0.3853)
[==================                      ]: 3646 (Loss: 0.3373)
[==================                      ]: 3647 (Loss: 0.3316)
[===================                     ]: 3648 (Loss: 0.4744)
[===================                     ]: 3649 (Loss: 0.3771)
[====================                    ]: 3650 (Loss: 0.3884)
[====================                    ]: 3651 (Loss: 0.3262)
[====================                    ]: 3652 (Loss: 0.3460)
[=====================                   ]: 3653 (Loss: 0.4228)
[=====================                   ]: 3654 (Loss: 0.5867)
[======================                  ]: 3655 (Loss: 0.4700)
[======================                  ]: 3656 (Loss: 0.2749)
[======================                  ]: 3657 (Loss: 0.5749)
[=======================                 ]: 3658 (Loss: 0.3084)
[=======================                 ]: 3659 (Loss: 0.3562)
[========================                ]: 3660 (Loss: 0.3774)
[========================                ]: 3661 (Loss: 0.5606)
[========================                ]: 3662 (Loss: 0.4299)
[=========================               ]: 3663 (Loss: 0.4120)
[=========================               ]: 3664 (Loss: 0.4542)
[==========================              ]: 3665 (Loss: 0.4630)
[==========================              ]: 3666 (Loss: 0.3223)
[==========================              ]: 3667 (Loss: 0.3599)
[===========================             ]: 3668 (Loss: 0.3728)
[===========================             ]: 3669 (Loss: 0.2525)
[============================            ]: 3670 (Loss: 0.3749)
[============================            ]: 3671 (Loss: 0.3998)
[============================            ]: 3672 (Loss: 0.4435)
[=============================           ]: 3673 (Loss: 0.4218)
[=============================           ]: 3674 (Loss: 0.4007)
[==============================          ]: 3675 (Loss: 0.3154)
[==============================          ]: 3676 (Loss: 0.4375)
[==============================          ]: 3677 (Loss: 0.4147)
[===============================         ]: 3678 (Loss: 0.3537)
[===============================         ]: 3679 (Loss: 0.4361)
[================================        ]: 3680 (Loss: 0.4275)
[================================        ]: 3681 (Loss: 0.4128)
[================================        ]: 3682 (Loss: 0.6191)
[=================================       ]: 3683 (Loss: 0.5183)
[=================================       ]: 3684 (Loss: 0.2966)
[==================================      ]: 3685 (Loss: 0.3768)
[==================================      ]: 3686 (Loss: 0.4907)
[==================================      ]: 3687 (Loss: 0.4235)
[===================================     ]: 3688 (Loss: 0.4707)
[===================================     ]: 3689 (Loss: 0.4274)
[====================================    ]: 3690 (Loss: 0.4452)
[====================================    ]: 3691 (Loss: 0.3512)
[====================================    ]: 3692 (Loss: 0.3373)
[=====================================   ]: 3693 (Loss: 0.3541)
[=====================================   ]: 3694 (Loss: 0.3778)
[======================================  ]: 3695 (Loss: 0.3279)
[======================================  ]: 3696 (Loss: 0.3495)
[======================================  ]: 3697 (Loss: 0.3573)
[======================================= ]: 3698 (Loss: 0.3581)
[======================================= ]: 3699 (Loss: 0.4749)
[========================================]: 3700 (Loss: 0.5207)
                                                                                                    
[2026-07-16 21:59:32,272] [INFO] [__main__] Batch 3700 Loss: 0.405591 Cost: 7.99 Time: 187 ms/sequence
[2026-07-16 21:59:32,272] [INFO] [__main__] Advice weight norm: 19.175114 | Advice gradient norm: 0.000000

[                                        ]: 3701 (Loss: 0.3448)
[                                        ]: 3702 (Loss: 0.3412)
[=                                       ]: 3703 (Loss: 0.3565)
[=                                       ]: 3704 (Loss: 0.5203)
[==                                      ]: 3705 (Loss: 0.4213)
[==                                      ]: 3706 (Loss: 0.3667)
[==                                      ]: 3707 (Loss: 0.4788)
[===                                     ]: 3708 (Loss: 0.3644)
[===                                     ]: 3709 (Loss: 0.3348)
[====                                    ]: 3710 (Loss: 0.3971)
[====                                    ]: 3711 (Loss: 0.3855)
[====                                    ]: 3712 (Loss: 0.4216)
[=====                                   ]: 3713 (Loss: 0.3979)
[=====                                   ]: 3714 (Loss: 0.3183)
[======                                  ]: 3715 (Loss: 0.4081)
[======                                  ]: 3716 (Loss: 0.3859)
[======                                  ]: 3717 (Loss: 0.4590)
[=======                                 ]: 3718 (Loss: 0.4333)
[=======                                 ]: 3719 (Loss: 0.4197)
[========                                ]: 3720 (Loss: 0.4482)
[========                                ]: 3721 (Loss: 0.5731)
[========                                ]: 3722 (Loss: 0.4057)
[=========                               ]: 3723 (Loss: 0.2536)
[=========                               ]: 3724 (Loss: 0.3936)
[==========                              ]: 3725 (Loss: 0.3392)
[==========                              ]: 3726 (Loss: 0.3484)
[==========                              ]: 3727 (Loss: 0.5740)
[===========                             ]: 3728 (Loss: 0.2540)
[===========                             ]: 3729 (Loss: 0.2999)
[============                            ]: 3730 (Loss: 0.4749)
[============                            ]: 3731 (Loss: 0.3758)
[============                            ]: 3732 (Loss: 0.5432)
[=============                           ]: 3733 (Loss: 0.3928)
[=============                           ]: 3734 (Loss: 0.3185)
[==============                          ]: 3735 (Loss: 0.4251)
[==============                          ]: 3736 (Loss: 0.3719)
[==============                          ]: 3737 (Loss: 0.3726)
[===============                         ]: 3738 (Loss: 0.4554)
[===============                         ]: 3739 (Loss: 0.5049)
[================                        ]: 3740 (Loss: 0.4154)
[================                        ]: 3741 (Loss: 0.4451)
[================                        ]: 3742 (Loss: 0.5271)
[=================                       ]: 3743 (Loss: 0.3227)
[=================                       ]: 3744 (Loss: 0.3793)
[==================                      ]: 3745 (Loss: 0.3406)
[==================                      ]: 3746 (Loss: 0.3881)
[==================                      ]: 3747 (Loss: 0.5569)
[===================                     ]: 3748 (Loss: 0.5372)
[===================                     ]: 3749 (Loss: 0.5436)
[====================                    ]: 3750 (Loss: 0.3196)
[====================                    ]: 3751 (Loss: 0.3789)
[====================                    ]: 3752 (Loss: 0.4148)
[=====================                   ]: 3753 (Loss: 0.3848)
[=====================                   ]: 3754 (Loss: 0.3341)
[======================                  ]: 3755 (Loss: 0.4325)
[======================                  ]: 3756 (Loss: 0.3227)
[======================                  ]: 3757 (Loss: 0.4303)
[=======================                 ]: 3758 (Loss: 0.3214)
[=======================                 ]: 3759 (Loss: 0.3794)
[========================                ]: 3760 (Loss: 0.3698)
[========================                ]: 3761 (Loss: 0.4162)
[========================                ]: 3762 (Loss: 0.3740)
[=========================               ]: 3763 (Loss: 0.3098)
[=========================               ]: 3764 (Loss: 0.4299)
[==========================              ]: 3765 (Loss: 0.3943)
[==========================              ]: 3766 (Loss: 0.3391)
[==========================              ]: 3767 (Loss: 0.2608)
[===========================             ]: 3768 (Loss: 0.4339)
[===========================             ]: 3769 (Loss: 0.4171)
[============================            ]: 3770 (Loss: 0.3295)
[============================            ]: 3771 (Loss: 0.4192)
[============================            ]: 3772 (Loss: 0.3733)
[=============================           ]: 3773 (Loss: 0.2885)
[=============================           ]: 3774 (Loss: 0.3541)
[==============================          ]: 3775 (Loss: 0.3711)
[==============================          ]: 3776 (Loss: 0.3448)
[==============================          ]: 3777 (Loss: 0.4705)
[===============================         ]: 3778 (Loss: 0.3769)
[===============================         ]: 3779 (Loss: 0.3666)
[================================        ]: 3780 (Loss: 0.4908)
[================================        ]: 3781 (Loss: 0.4151)
[================================        ]: 3782 (Loss: 0.2876)
[=================================       ]: 3783 (Loss: 0.3931)
[=================================       ]: 3784 (Loss: 0.2980)
[==================================      ]: 3785 (Loss: 0.4872)
[==================================      ]: 3786 (Loss: 0.4567)
[==================================      ]: 3787 (Loss: 0.4580)
[===================================     ]: 3788 (Loss: 0.2776)
[===================================     ]: 3789 (Loss: 0.2744)
[====================================    ]: 3790 (Loss: 0.5225)
[====================================    ]: 3791 (Loss: 0.3527)
[====================================    ]: 3792 (Loss: 0.5105)
[=====================================   ]: 3793 (Loss: 0.4379)
[=====================================   ]: 3794 (Loss: 0.3643)
[======================================  ]: 3795 (Loss: 0.4415)
[======================================  ]: 3796 (Loss: 0.3713)
[======================================  ]: 3797 (Loss: 0.3053)
[======================================= ]: 3798 (Loss: 0.4306)
[======================================= ]: 3799 (Loss: 0.3205)
[========================================]: 3800 (Loss: 0.3073)
                                                                                                    
[2026-07-16 21:59:50,959] [INFO] [__main__] Batch 3800 Loss: 0.394968 Cost: 7.49 Time: 186 ms/sequence
[2026-07-16 21:59:50,959] [INFO] [__main__] Advice weight norm: 19.175114 | Advice gradient norm: 0.000000

[                                        ]: 3801 (Loss: 0.3787)
[                                        ]: 3802 (Loss: 0.3778)
[=                                       ]: 3803 (Loss: 0.3939)
[=                                       ]: 3804 (Loss: 0.4268)
[==                                      ]: 3805 (Loss: 0.4978)
[==                                      ]: 3806 (Loss: 0.4032)
[==                                      ]: 3807 (Loss: 0.4189)
[===                                     ]: 3808 (Loss: 0.3923)
[===                                     ]: 3809 (Loss: 0.3866)
[====                                    ]: 3810 (Loss: 0.4070)
[====                                    ]: 3811 (Loss: 0.3732)
[====                                    ]: 3812 (Loss: 0.4639)
[=====                                   ]: 3813 (Loss: 0.3696)
[=====                                   ]: 3814 (Loss: 0.4013)
[======                                  ]: 3815 (Loss: 0.3522)
[======                                  ]: 3816 (Loss: 0.5178)
[======                                  ]: 3817 (Loss: 0.5351)
[=======                                 ]: 3818 (Loss: 0.4945)
[=======                                 ]: 3819 (Loss: 0.4876)
[========                                ]: 3820 (Loss: 0.4014)
[========                                ]: 3821 (Loss: 0.2844)
[========                                ]: 3822 (Loss: 0.2985)
[=========                               ]: 3823 (Loss: 0.3720)
[=========                               ]: 3824 (Loss: 0.3520)
[==========                              ]: 3825 (Loss: 0.4718)
[==========                              ]: 3826 (Loss: 0.3001)
[==========                              ]: 3827 (Loss: 0.3900)
[===========                             ]: 3828 (Loss: 0.4334)
[===========                             ]: 3829 (Loss: 0.3794)
[============                            ]: 3830 (Loss: 0.4632)
[============                            ]: 3831 (Loss: 0.4803)
[============                            ]: 3832 (Loss: 0.2275)
[=============                           ]: 3833 (Loss: 0.4792)
[=============                           ]: 3834 (Loss: 0.3969)
[==============                          ]: 3835 (Loss: 0.4165)
[==============                          ]: 3836 (Loss: 0.4677)
[==============                          ]: 3837 (Loss: 0.4106)
[===============                         ]: 3838 (Loss: 0.2719)
[===============                         ]: 3839 (Loss: 0.2844)
[================                        ]: 3840 (Loss: 0.4056)
[================                        ]: 3841 (Loss: 0.3928)
[================                        ]: 3842 (Loss: 0.4781)
[=================                       ]: 3843 (Loss: 0.4968)
[=================                       ]: 3844 (Loss: 0.3959)
[==================                      ]: 3845 (Loss: 0.3104)
[==================                      ]: 3846 (Loss: 0.3423)
[==================                      ]: 3847 (Loss: 0.3343)
[===================                     ]: 3848 (Loss: 0.4263)
[===================                     ]: 3849 (Loss: 0.4032)
[====================                    ]: 3850 (Loss: 0.3689)
[====================                    ]: 3851 (Loss: 0.3470)
[====================                    ]: 3852 (Loss: 0.4066)
[=====================                   ]: 3853 (Loss: 0.3937)
[=====================                   ]: 3854 (Loss: 0.2626)
[======================                  ]: 3855 (Loss: 0.2095)
[======================                  ]: 3856 (Loss: 0.4161)
[======================                  ]: 3857 (Loss: 0.3261)
[=======================                 ]: 3858 (Loss: 0.3719)
[=======================                 ]: 3859 (Loss: 0.4448)
[========================                ]: 3860 (Loss: 0.4176)
[========================                ]: 3861 (Loss: 0.2492)
[========================                ]: 3862 (Loss: 0.3600)
[=========================               ]: 3863 (Loss: 0.3933)
[=========================               ]: 3864 (Loss: 0.5614)
[==========================              ]: 3865 (Loss: 0.4525)
[==========================              ]: 3866 (Loss: 0.4764)
[==========================              ]: 3867 (Loss: 0.5088)
[===========================             ]: 3868 (Loss: 0.4216)
[===========================             ]: 3869 (Loss: 0.3569)
[============================            ]: 3870 (Loss: 0.5654)
[============================            ]: 3871 (Loss: 0.3107)
[============================            ]: 3872 (Loss: 0.4082)
[=============================           ]: 3873 (Loss: 0.4388)
[=============================           ]: 3874 (Loss: 0.3771)
[==============================          ]: 3875 (Loss: 0.5410)
[==============================          ]: 3876 (Loss: 0.4389)
[==============================          ]: 3877 (Loss: 0.3404)
[===============================         ]: 3878 (Loss: 0.4184)
[===============================         ]: 3879 (Loss: 0.3337)
[================================        ]: 3880 (Loss: 0.3746)
[================================        ]: 3881 (Loss: 0.4137)
[================================        ]: 3882 (Loss: 0.3612)
[=================================       ]: 3883 (Loss: 0.3868)
[=================================       ]: 3884 (Loss: 0.4879)
[==================================      ]: 3885 (Loss: 0.6463)
[==================================      ]: 3886 (Loss: 0.3795)
[==================================      ]: 3887 (Loss: 0.4149)
[===================================     ]: 3888 (Loss: 0.2962)
[===================================     ]: 3889 (Loss: 0.2979)
[====================================    ]: 3890 (Loss: 0.3647)
[====================================    ]: 3891 (Loss: 0.3362)
[====================================    ]: 3892 (Loss: 0.5038)
[=====================================   ]: 3893 (Loss: 0.3332)
[=====================================   ]: 3894 (Loss: 0.3394)
[======================================  ]: 3895 (Loss: 0.3576)
[======================================  ]: 3896 (Loss: 0.2618)
[======================================  ]: 3897 (Loss: 0.3829)
[======================================= ]: 3898 (Loss: 0.3584)
[======================================= ]: 3899 (Loss: 0.3250)
[========================================]: 3900 (Loss: 0.2800)
                                                                                                    
[2026-07-16 22:00:09,984] [INFO] [__main__] Batch 3900 Loss: 0.394650 Cost: 7.60 Time: 190 ms/sequence
[2026-07-16 22:00:09,985] [INFO] [__main__] Advice weight norm: 19.175114 | Advice gradient norm: 0.000000

[                                        ]: 3901 (Loss: 0.3537)
[                                        ]: 3902 (Loss: 0.3933)
[=                                       ]: 3903 (Loss: 0.4020)
[=                                       ]: 3904 (Loss: 0.4380)
[==                                      ]: 3905 (Loss: 0.4717)
[==                                      ]: 3906 (Loss: 0.3996)
[==                                      ]: 3907 (Loss: 0.4048)
[===                                     ]: 3908 (Loss: 0.5223)
[===                                     ]: 3909 (Loss: 0.2855)
[====                                    ]: 3910 (Loss: 0.3098)
[====                                    ]: 3911 (Loss: 0.4108)
[====                                    ]: 3912 (Loss: 0.2738)
[=====                                   ]: 3913 (Loss: 0.3930)
[=====                                   ]: 3914 (Loss: 0.3579)
[======                                  ]: 3915 (Loss: 0.3768)
[======                                  ]: 3916 (Loss: 0.3190)
[======                                  ]: 3917 (Loss: 0.3613)
[=======                                 ]: 3918 (Loss: 0.2951)
[=======                                 ]: 3919 (Loss: 0.3722)
[========                                ]: 3920 (Loss: 0.4023)
[========                                ]: 3921 (Loss: 0.4966)
[========                                ]: 3922 (Loss: 0.3839)
[=========                               ]: 3923 (Loss: 0.4123)
[=========                               ]: 3924 (Loss: 0.5289)
[==========                              ]: 3925 (Loss: 0.4820)
[==========                              ]: 3926 (Loss: 0.3059)
[==========                              ]: 3927 (Loss: 0.4003)
[===========                             ]: 3928 (Loss: 0.3605)
[===========                             ]: 3929 (Loss: 0.4045)
[============                            ]: 3930 (Loss: 0.4180)
[============                            ]: 3931 (Loss: 0.4156)
[============                            ]: 3932 (Loss: 0.3679)
[=============                           ]: 3933 (Loss: 0.3552)
[=============                           ]: 3934 (Loss: 0.4452)
[==============                          ]: 3935 (Loss: 0.2697)
[==============                          ]: 3936 (Loss: 0.3870)
[==============                          ]: 3937 (Loss: 0.3795)
[===============                         ]: 3938 (Loss: 0.3093)
[===============                         ]: 3939 (Loss: 0.4787)
[================                        ]: 3940 (Loss: 0.3611)
[================                        ]: 3941 (Loss: 0.3518)
[================                        ]: 3942 (Loss: 0.3447)
[=================                       ]: 3943 (Loss: 0.4108)
[=================                       ]: 3944 (Loss: 0.3856)
[==================                      ]: 3945 (Loss: 0.3742)
[==================                      ]: 3946 (Loss: 0.4537)
[==================                      ]: 3947 (Loss: 0.3392)
[===================                     ]: 3948 (Loss: 0.4472)
[===================                     ]: 3949 (Loss: 0.3727)
[====================                    ]: 3950 (Loss: 0.2510)
[====================                    ]: 3951 (Loss: 0.4052)
[====================                    ]: 3952 (Loss: 0.3482)
[=====================                   ]: 3953 (Loss: 0.4449)
[=====================                   ]: 3954 (Loss: 0.3488)
[======================                  ]: 3955 (Loss: 0.4358)
[======================                  ]: 3956 (Loss: 0.3272)
[======================                  ]: 3957 (Loss: 0.3336)
[=======================                 ]: 3958 (Loss: 0.2208)
[=======================                 ]: 3959 (Loss: 0.3833)
[========================                ]: 3960 (Loss: 0.3811)
[========================                ]: 3961 (Loss: 0.3789)
[========================                ]: 3962 (Loss: 0.3832)
[=========================               ]: 3963 (Loss: 0.4134)
[=========================               ]: 3964 (Loss: 0.3542)
[==========================              ]: 3965 (Loss: 0.2524)
[==========================              ]: 3966 (Loss: 0.4433)
[==========================              ]: 3967 (Loss: 0.3702)
[===========================             ]: 3968 (Loss: 0.4758)
[===========================             ]: 3969 (Loss: 0.4136)
[============================            ]: 3970 (Loss: 0.2959)
[============================            ]: 3971 (Loss: 0.4365)
[============================            ]: 3972 (Loss: 0.3051)
[=============================           ]: 3973 (Loss: 0.4323)
[=============================           ]: 3974 (Loss: 0.3037)
[==============================          ]: 3975 (Loss: 0.3608)
[==============================          ]: 3976 (Loss: 0.3129)
[==============================          ]: 3977 (Loss: 0.3374)
[===============================         ]: 3978 (Loss: 0.4021)
[===============================         ]: 3979 (Loss: 0.3188)
[================================        ]: 3980 (Loss: 0.4515)
[================================        ]: 3981 (Loss: 0.4447)
[================================        ]: 3982 (Loss: 0.2947)
[=================================       ]: 3983 (Loss: 0.3335)
[=================================       ]: 3984 (Loss: 0.7654)
[==================================      ]: 3985 (Loss: 0.5400)
[==================================      ]: 3986 (Loss: 0.3017)
[==================================      ]: 3987 (Loss: 0.3113)
[===================================     ]: 3988 (Loss: 0.3974)
[===================================     ]: 3989 (Loss: 0.5048)
[====================================    ]: 3990 (Loss: 0.3878)
[====================================    ]: 3991 (Loss: 0.4425)
[====================================    ]: 3992 (Loss: 0.3655)
[=====================================   ]: 3993 (Loss: 0.3667)
[=====================================   ]: 3994 (Loss: 0.3769)
[======================================  ]: 3995 (Loss: 0.4352)
[======================================  ]: 3996 (Loss: 0.5566)
[======================================  ]: 3997 (Loss: 0.3379)
[======================================= ]: 3998 (Loss: 0.3886)
[======================================= ]: 3999 (Loss: 0.4152)
[========================================]: 4000 (Loss: 0.4106)
                                                                                                    
[2026-07-16 22:00:28,689] [INFO] [__main__] Batch 4000 Loss: 0.386838 Cost: 7.26 Time: 187 ms/sequence
[2026-07-16 22:00:28,690] [INFO] [__main__] Advice weight norm: 19.175114 | Advice gradient norm: 0.000000

                                                                                                    
[2026-07-16 22:00:28,693] [INFO] [__main__] Saving checkpoint to 'runs\copy_sanity_len5\copy\zero\seed_1002\checkpoint-batch-00004000.pt'

[                                        ]: 4001 (Loss: 0.3138)
[                                        ]: 4002 (Loss: 0.2703)
[=                                       ]: 4003 (Loss: 0.4004)
[=                                       ]: 4004 (Loss: 0.4797)
[==                                      ]: 4005 (Loss: 0.3994)
[==                                      ]: 4006 (Loss: 0.3945)
[==                                      ]: 4007 (Loss: 0.4764)
[===                                     ]: 4008 (Loss: 0.2892)
[===                                     ]: 4009 (Loss: 0.4468)
[====                                    ]: 4010 (Loss: 0.4071)
[====                                    ]: 4011 (Loss: 0.3551)
[====                                    ]: 4012 (Loss: 0.3383)
[=====                                   ]: 4013 (Loss: 0.2664)
[=====                                   ]: 4014 (Loss: 0.4325)
[======                                  ]: 4015 (Loss: 0.2720)
[======                                  ]: 4016 (Loss: 0.2983)
[======                                  ]: 4017 (Loss: 0.3955)
[=======                                 ]: 4018 (Loss: 0.2793)
[=======                                 ]: 4019 (Loss: 0.3313)
[========                                ]: 4020 (Loss: 0.3192)
[========                                ]: 4021 (Loss: 0.3082)
[========                                ]: 4022 (Loss: 0.4033)
[=========                               ]: 4023 (Loss: 0.4129)
[=========                               ]: 4024 (Loss: 0.4802)
[==========                              ]: 4025 (Loss: 0.3864)
[==========                              ]: 4026 (Loss: 0.3965)
[==========                              ]: 4027 (Loss: 0.4435)
[===========                             ]: 4028 (Loss: 0.4600)
[===========                             ]: 4029 (Loss: 0.3825)
[============                            ]: 4030 (Loss: 0.5044)
[============                            ]: 4031 (Loss: 0.3576)
[============                            ]: 4032 (Loss: 0.4592)
[=============                           ]: 4033 (Loss: 0.5556)
[=============                           ]: 4034 (Loss: 0.3520)
[==============                          ]: 4035 (Loss: 0.3984)
[==============                          ]: 4036 (Loss: 0.3531)
[==============                          ]: 4037 (Loss: 0.3257)
[===============                         ]: 4038 (Loss: 0.4132)
[===============                         ]: 4039 (Loss: 0.3100)
[================                        ]: 4040 (Loss: 0.3595)
[================                        ]: 4041 (Loss: 0.4461)
[================                        ]: 4042 (Loss: 0.3548)
[=================                       ]: 4043 (Loss: 0.2889)
[=================                       ]: 4044 (Loss: 0.2332)
[==================                      ]: 4045 (Loss: 0.2996)
[==================                      ]: 4046 (Loss: 0.4484)
[==================                      ]: 4047 (Loss: 0.4356)
[===================                     ]: 4048 (Loss: 0.3429)
[===================                     ]: 4049 (Loss: 0.3837)
[====================                    ]: 4050 (Loss: 0.3563)
[====================                    ]: 4051 (Loss: 0.4599)
[====================                    ]: 4052 (Loss: 0.3358)
[=====================                   ]: 4053 (Loss: 0.3697)
[=====================                   ]: 4054 (Loss: 0.3764)
[======================                  ]: 4055 (Loss: 0.3688)
[======================                  ]: 4056 (Loss: 0.2896)
[======================                  ]: 4057 (Loss: 0.3315)
[=======================                 ]: 4058 (Loss: 0.3904)
[=======================                 ]: 4059 (Loss: 0.4251)
[========================                ]: 4060 (Loss: 0.5775)
[========================                ]: 4061 (Loss: 0.3763)
[========================                ]: 4062 (Loss: 0.4636)
[=========================               ]: 4063 (Loss: 0.3070)
[=========================               ]: 4064 (Loss: 0.4714)
[==========================              ]: 4065 (Loss: 0.5512)
[==========================              ]: 4066 (Loss: 0.3495)
[==========================              ]: 4067 (Loss: 0.3306)
[===========================             ]: 4068 (Loss: 0.3032)
[===========================             ]: 4069 (Loss: 0.4066)
[============================            ]: 4070 (Loss: 0.4367)
[============================            ]: 4071 (Loss: 0.3950)
[============================            ]: 4072 (Loss: 0.5835)
[=============================           ]: 4073 (Loss: 0.4597)
[=============================           ]: 4074 (Loss: 0.3713)
[==============================          ]: 4075 (Loss: 0.3992)
[==============================          ]: 4076 (Loss: 0.3548)
[==============================          ]: 4077 (Loss: 0.5217)
[===============================         ]: 4078 (Loss: 0.3141)
[===============================         ]: 4079 (Loss: 0.3541)
[================================        ]: 4080 (Loss: 0.3214)
[================================        ]: 4081 (Loss: 0.3443)
[================================        ]: 4082 (Loss: 0.4204)
[=================================       ]: 4083 (Loss: 0.3781)
[=================================       ]: 4084 (Loss: 0.3971)
[==================================      ]: 4085 (Loss: 0.4037)
[==================================      ]: 4086 (Loss: 0.5902)
[==================================      ]: 4087 (Loss: 0.2766)
[===================================     ]: 4088 (Loss: 0.3812)
[===================================     ]: 4089 (Loss: 0.3306)
[====================================    ]: 4090 (Loss: 0.4050)
[====================================    ]: 4091 (Loss: 0.3449)
[====================================    ]: 4092 (Loss: 0.4450)
[=====================================   ]: 4093 (Loss: 0.3785)
[=====================================   ]: 4094 (Loss: 0.3073)
[======================================  ]: 4095 (Loss: 0.4731)
[======================================  ]: 4096 (Loss: 0.3839)
[======================================  ]: 4097 (Loss: 0.3346)
[======================================= ]: 4098 (Loss: 0.4694)
[======================================= ]: 4099 (Loss: 0.4396)
[========================================]: 4100 (Loss: 0.3850)
                                                                                                    
[2026-07-16 22:00:47,886] [INFO] [__main__] Batch 4100 Loss: 0.387012 Cost: 7.29 Time: 191 ms/sequence
[2026-07-16 22:00:47,887] [INFO] [__main__] Advice weight norm: 19.175114 | Advice gradient norm: 0.000000

[                                        ]: 4101 (Loss: 0.3021)
[                                        ]: 4102 (Loss: 0.3651)
[=                                       ]: 4103 (Loss: 0.5261)
[=                                       ]: 4104 (Loss: 0.3721)
[==                                      ]: 4105 (Loss: 0.4486)
[==                                      ]: 4106 (Loss: 0.2747)
[==                                      ]: 4107 (Loss: 0.4164)
[===                                     ]: 4108 (Loss: 0.2694)
[===                                     ]: 4109 (Loss: 0.3372)
[====                                    ]: 4110 (Loss: 0.3268)
[====                                    ]: 4111 (Loss: 0.3830)
[====                                    ]: 4112 (Loss: 0.4166)
[=====                                   ]: 4113 (Loss: 0.2605)
[=====                                   ]: 4114 (Loss: 0.3987)
[======                                  ]: 4115 (Loss: 0.3760)
[======                                  ]: 4116 (Loss: 0.4021)
[======                                  ]: 4117 (Loss: 0.3308)
[=======                                 ]: 4118 (Loss: 0.4213)
[=======                                 ]: 4119 (Loss: 0.3783)
[========                                ]: 4120 (Loss: 0.3176)
[========                                ]: 4121 (Loss: 0.2684)
[========                                ]: 4122 (Loss: 0.3414)
[=========                               ]: 4123 (Loss: 0.3687)
[=========                               ]: 4124 (Loss: 0.4067)
[==========                              ]: 4125 (Loss: 0.3462)
[==========                              ]: 4126 (Loss: 0.3496)
[==========                              ]: 4127 (Loss: 0.3805)
[===========                             ]: 4128 (Loss: 0.3443)
[===========                             ]: 4129 (Loss: 0.4329)
[============                            ]: 4130 (Loss: 0.2642)
[============                            ]: 4131 (Loss: 0.4114)
[============                            ]: 4132 (Loss: 0.4428)
[=============                           ]: 4133 (Loss: 0.3392)
[=============                           ]: 4134 (Loss: 0.4269)
[==============                          ]: 4135 (Loss: 0.4494)
[==============                          ]: 4136 (Loss: 0.3466)
[==============                          ]: 4137 (Loss: 0.3637)
[===============                         ]: 4138 (Loss: 0.3912)
[===============                         ]: 4139 (Loss: 0.4552)
[================                        ]: 4140 (Loss: 0.2130)
[================                        ]: 4141 (Loss: 0.5202)
[================                        ]: 4142 (Loss: 0.4068)
[=================                       ]: 4143 (Loss: 0.5397)
[=================                       ]: 4144 (Loss: 0.4241)
[==================                      ]: 4145 (Loss: 0.3989)
[==================                      ]: 4146 (Loss: 0.3203)
[==================                      ]: 4147 (Loss: 0.3934)
[===================                     ]: 4148 (Loss: 0.4059)
[===================                     ]: 4149 (Loss: 0.4470)
[====================                    ]: 4150 (Loss: 0.4191)
[====================                    ]: 4151 (Loss: 0.3005)
[====================                    ]: 4152 (Loss: 0.3479)
[=====================                   ]: 4153 (Loss: 0.4300)
[=====================                   ]: 4154 (Loss: 0.3060)
[======================                  ]: 4155 (Loss: 0.3317)
[======================                  ]: 4156 (Loss: 0.5765)
[======================                  ]: 4157 (Loss: 0.3366)
[=======================                 ]: 4158 (Loss: 0.3427)
[=======================                 ]: 4159 (Loss: 0.3830)
[========================                ]: 4160 (Loss: 0.2972)
[========================                ]: 4161 (Loss: 0.5396)
[========================                ]: 4162 (Loss: 0.3327)
[=========================               ]: 4163 (Loss: 0.4052)
[=========================               ]: 4164 (Loss: 0.4312)
[==========================              ]: 4165 (Loss: 0.3672)
[==========================              ]: 4166 (Loss: 0.3952)
[==========================              ]: 4167 (Loss: 0.4504)
[===========================             ]: 4168 (Loss: 0.3101)
[===========================             ]: 4169 (Loss: 0.3689)
[============================            ]: 4170 (Loss: 0.3575)
[============================            ]: 4171 (Loss: 0.3578)
[============================            ]: 4172 (Loss: 0.3632)
[=============================           ]: 4173 (Loss: 0.2876)
[=============================           ]: 4174 (Loss: 0.3544)
[==============================          ]: 4175 (Loss: 0.4413)
[==============================          ]: 4176 (Loss: 0.2458)
[==============================          ]: 4177 (Loss: 0.3497)
[===============================         ]: 4178 (Loss: 0.5088)
[===============================         ]: 4179 (Loss: 0.4662)
[================================        ]: 4180 (Loss: 0.3512)
[================================        ]: 4181 (Loss: 0.4130)
[================================        ]: 4182 (Loss: 0.3114)
[=================================       ]: 4183 (Loss: 0.3643)
[=================================       ]: 4184 (Loss: 0.4197)
[==================================      ]: 4185 (Loss: 0.4590)
[==================================      ]: 4186 (Loss: 0.4007)
[==================================      ]: 4187 (Loss: 0.3348)
[===================================     ]: 4188 (Loss: 0.3859)
[===================================     ]: 4189 (Loss: 0.3462)
[====================================    ]: 4190 (Loss: 0.4012)
[====================================    ]: 4191 (Loss: 0.4338)
[====================================    ]: 4192 (Loss: 0.3053)
[=====================================   ]: 4193 (Loss: 0.2586)
[=====================================   ]: 4194 (Loss: 0.4599)
[======================================  ]: 4195 (Loss: 0.4010)
[======================================  ]: 4196 (Loss: 0.3573)
[======================================  ]: 4197 (Loss: 0.3716)
[======================================= ]: 4198 (Loss: 0.3206)
[======================================= ]: 4199 (Loss: 0.2833)
[========================================]: 4200 (Loss: 0.3406)
                                                                                                    
[2026-07-16 22:01:06,747] [INFO] [__main__] Batch 4200 Loss: 0.376461 Cost: 6.92 Time: 188 ms/sequence
[2026-07-16 22:01:06,747] [INFO] [__main__] Advice weight norm: 19.175114 | Advice gradient norm: 0.000000

[                                        ]: 4201 (Loss: 0.3442)
[                                        ]: 4202 (Loss: 0.3687)
[=                                       ]: 4203 (Loss: 0.4254)
[=                                       ]: 4204 (Loss: 0.4086)
[==                                      ]: 4205 (Loss: 0.4079)
[==                                      ]: 4206 (Loss: 0.3426)
[==                                      ]: 4207 (Loss: 0.3261)
[===                                     ]: 4208 (Loss: 0.3789)
[===                                     ]: 4209 (Loss: 0.3165)
[====                                    ]: 4210 (Loss: 0.3768)
[====                                    ]: 4211 (Loss: 0.4048)
[====                                    ]: 4212 (Loss: 0.3533)
[=====                                   ]: 4213 (Loss: 0.3240)
[=====                                   ]: 4214 (Loss: 0.2630)
[======                                  ]: 4215 (Loss: 0.4439)
[======                                  ]: 4216 (Loss: 0.4443)
[======                                  ]: 4217 (Loss: 0.3820)
[=======                                 ]: 4218 (Loss: 0.3158)
[=======                                 ]: 4219 (Loss: 0.3580)
[========                                ]: 4220 (Loss: 0.3171)
[========                                ]: 4221 (Loss: 0.4838)
[========                                ]: 4222 (Loss: 0.4210)
[=========                               ]: 4223 (Loss: 0.4917)
[=========                               ]: 4224 (Loss: 0.5053)
[==========                              ]: 4225 (Loss: 0.2706)
[==========                              ]: 4226 (Loss: 0.4005)
[==========                              ]: 4227 (Loss: 0.4155)
[===========                             ]: 4228 (Loss: 0.2850)
[===========                             ]: 4229 (Loss: 0.3201)
[============                            ]: 4230 (Loss: 0.4314)
[============                            ]: 4231 (Loss: 0.3183)
[============                            ]: 4232 (Loss: 0.3470)
[=============                           ]: 4233 (Loss: 0.3448)
[=============                           ]: 4234 (Loss: 0.4118)
[==============                          ]: 4235 (Loss: 0.3897)
[==============                          ]: 4236 (Loss: 0.3501)
[==============                          ]: 4237 (Loss: 0.4498)
[===============                         ]: 4238 (Loss: 0.5123)
[===============                         ]: 4239 (Loss: 0.4311)
[================                        ]: 4240 (Loss: 0.4126)
[================                        ]: 4241 (Loss: 0.3306)
[================                        ]: 4242 (Loss: 0.3791)
[=================                       ]: 4243 (Loss: 0.5095)
[=================                       ]: 4244 (Loss: 0.3688)
[==================                      ]: 4245 (Loss: 0.3628)
[==================                      ]: 4246 (Loss: 0.5675)
[==================                      ]: 4247 (Loss: 0.3351)
[===================                     ]: 4248 (Loss: 0.5297)
[===================                     ]: 4249 (Loss: 0.3230)
[====================                    ]: 4250 (Loss: 0.3220)
[====================                    ]: 4251 (Loss: 0.2121)
[====================                    ]: 4252 (Loss: 0.2929)
[=====================                   ]: 4253 (Loss: 0.3008)
[=====================                   ]: 4254 (Loss: 0.3361)
[======================                  ]: 4255 (Loss: 0.2594)
[======================                  ]: 4256 (Loss: 0.2966)
[======================                  ]: 4257 (Loss: 0.2879)
[=======================                 ]: 4258 (Loss: 0.2738)
[=======================                 ]: 4259 (Loss: 0.2993)
[========================                ]: 4260 (Loss: 0.3426)
[========================                ]: 4261 (Loss: 0.3427)
[========================                ]: 4262 (Loss: 0.4578)
[=========================               ]: 4263 (Loss: 0.4426)
[=========================               ]: 4264 (Loss: 0.5039)
[==========================              ]: 4265 (Loss: 0.3720)
[==========================              ]: 4266 (Loss: 0.4976)
[==========================              ]: 4267 (Loss: 0.2792)
[===========================             ]: 4268 (Loss: 0.3169)
[===========================             ]: 4269 (Loss: 0.4991)
[============================            ]: 4270 (Loss: 0.3946)
[============================            ]: 4271 (Loss: 0.3352)
[============================            ]: 4272 (Loss: 0.4290)
[=============================           ]: 4273 (Loss: 0.3742)
[=============================           ]: 4274 (Loss: 0.2599)
[==============================          ]: 4275 (Loss: 0.3910)
[==============================          ]: 4276 (Loss: 0.3522)
[==============================          ]: 4277 (Loss: 0.3363)
[===============================         ]: 4278 (Loss: 0.3386)
[===============================         ]: 4279 (Loss: 0.3818)
[================================        ]: 4280 (Loss: 0.3023)
[================================        ]: 4281 (Loss: 0.2961)
[================================        ]: 4282 (Loss: 0.3434)
[=================================       ]: 4283 (Loss: 0.5693)
[=================================       ]: 4284 (Loss: 0.2788)
[==================================      ]: 4285 (Loss: 0.3607)
[==================================      ]: 4286 (Loss: 0.3217)
[==================================      ]: 4287 (Loss: 0.5375)
[===================================     ]: 4288 (Loss: 0.4610)
[===================================     ]: 4289 (Loss: 0.2450)
[====================================    ]: 4290 (Loss: 0.2666)
[====================================    ]: 4291 (Loss: 0.3611)
[====================================    ]: 4292 (Loss: 0.2346)
[=====================================   ]: 4293 (Loss: 0.3633)
[=====================================   ]: 4294 (Loss: 0.3710)
[======================================  ]: 4295 (Loss: 0.5161)
[======================================  ]: 4296 (Loss: 0.3418)
[======================================  ]: 4297 (Loss: 0.3853)
[======================================= ]: 4298 (Loss: 0.4626)
[======================================= ]: 4299 (Loss: 0.3087)
[========================================]: 4300 (Loss: 0.3119)
                                                                                                    
[2026-07-16 22:01:25,628] [INFO] [__main__] Batch 4300 Loss: 0.371678 Cost: 7.19 Time: 188 ms/sequence
[2026-07-16 22:01:25,629] [INFO] [__main__] Advice weight norm: 19.175114 | Advice gradient norm: 0.000000

[                                        ]: 4301 (Loss: 0.3541)
[                                        ]: 4302 (Loss: 0.3500)
[=                                       ]: 4303 (Loss: 0.4080)
[=                                       ]: 4304 (Loss: 0.3391)
[==                                      ]: 4305 (Loss: 0.4088)
[==                                      ]: 4306 (Loss: 0.3599)
[==                                      ]: 4307 (Loss: 0.3299)
[===                                     ]: 4308 (Loss: 0.3866)
[===                                     ]: 4309 (Loss: 0.3750)
[====                                    ]: 4310 (Loss: 0.3548)
[====                                    ]: 4311 (Loss: 0.3335)
[====                                    ]: 4312 (Loss: 0.4195)
[=====                                   ]: 4313 (Loss: 0.5668)
[=====                                   ]: 4314 (Loss: 0.3704)
[======                                  ]: 4315 (Loss: 0.5196)
[======                                  ]: 4316 (Loss: 0.3825)
[======                                  ]: 4317 (Loss: 0.2671)
[=======                                 ]: 4318 (Loss: 0.4611)
[=======                                 ]: 4319 (Loss: 0.3746)
[========                                ]: 4320 (Loss: 0.3162)
[========                                ]: 4321 (Loss: 0.5169)
[========                                ]: 4322 (Loss: 0.3708)
[=========                               ]: 4323 (Loss: 0.3811)
[=========                               ]: 4324 (Loss: 0.3085)
[==========                              ]: 4325 (Loss: 0.4911)
[==========                              ]: 4326 (Loss: 0.4364)
[==========                              ]: 4327 (Loss: 0.3767)
[===========                             ]: 4328 (Loss: 0.3989)
[===========                             ]: 4329 (Loss: 0.3632)
[============                            ]: 4330 (Loss: 0.3731)
[============                            ]: 4331 (Loss: 0.3153)
[============                            ]: 4332 (Loss: 0.2250)
[=============                           ]: 4333 (Loss: 0.5096)
[=============                           ]: 4334 (Loss: 0.3783)
[==============                          ]: 4335 (Loss: 0.3033)
[==============                          ]: 4336 (Loss: 0.3353)
[==============                          ]: 4337 (Loss: 0.3462)
[===============                         ]: 4338 (Loss: 0.4365)
[===============                         ]: 4339 (Loss: 0.4322)
[================                        ]: 4340 (Loss: 0.3904)
[================                        ]: 4341 (Loss: 0.3604)
[================                        ]: 4342 (Loss: 0.3785)
[=================                       ]: 4343 (Loss: 0.3944)
[=================                       ]: 4344 (Loss: 0.4125)
[==================                      ]: 4345 (Loss: 0.4531)
[==================                      ]: 4346 (Loss: 0.3283)
[==================                      ]: 4347 (Loss: 0.2899)
[===================                     ]: 4348 (Loss: 0.3675)
[===================                     ]: 4349 (Loss: 0.2636)
[====================                    ]: 4350 (Loss: 0.3434)
[====================                    ]: 4351 (Loss: 0.3195)
[====================                    ]: 4352 (Loss: 0.3737)
[=====================                   ]: 4353 (Loss: 0.4841)
[=====================                   ]: 4354 (Loss: 0.3409)
[======================                  ]: 4355 (Loss: 0.3925)
[======================                  ]: 4356 (Loss: 0.4306)
[======================                  ]: 4357 (Loss: 0.3143)
[=======================                 ]: 4358 (Loss: 0.3741)
[=======================                 ]: 4359 (Loss: 0.5267)
[========================                ]: 4360 (Loss: 0.3117)
[========================                ]: 4361 (Loss: 0.4793)
[========================                ]: 4362 (Loss: 0.3696)
[=========================               ]: 4363 (Loss: 0.5094)
[=========================               ]: 4364 (Loss: 0.5867)
[==========================              ]: 4365 (Loss: 0.3554)
[==========================              ]: 4366 (Loss: 0.2916)
[==========================              ]: 4367 (Loss: 0.4279)
[===========================             ]: 4368 (Loss: 0.2511)
[===========================             ]: 4369 (Loss: 0.3170)
[============================            ]: 4370 (Loss: 0.3438)
[============================            ]: 4371 (Loss: 0.3762)
[============================            ]: 4372 (Loss: 0.4152)
[=============================           ]: 4373 (Loss: 0.3116)
[=============================           ]: 4374 (Loss: 0.4756)
[==============================          ]: 4375 (Loss: 0.4615)
[==============================          ]: 4376 (Loss: 0.2879)
[==============================          ]: 4377 (Loss: 0.3912)
[===============================         ]: 4378 (Loss: 0.3497)
[===============================         ]: 4379 (Loss: 0.3169)
[================================        ]: 4380 (Loss: 0.3511)
[================================        ]: 4381 (Loss: 0.2817)
[================================        ]: 4382 (Loss: 0.4363)
[=================================       ]: 4383 (Loss: 0.2515)
[=================================       ]: 4384 (Loss: 0.3395)
[==================================      ]: 4385 (Loss: 0.3921)
[==================================      ]: 4386 (Loss: 0.3057)
[==================================      ]: 4387 (Loss: 0.4298)
[===================================     ]: 4388 (Loss: 0.2903)
[===================================     ]: 4389 (Loss: 0.4999)
[====================================    ]: 4390 (Loss: 0.3921)
[====================================    ]: 4391 (Loss: 0.5574)
[====================================    ]: 4392 (Loss: 0.4779)
[=====================================   ]: 4393 (Loss: 0.3589)
[=====================================   ]: 4394 (Loss: 0.3638)
[======================================  ]: 4395 (Loss: 0.3109)
[======================================  ]: 4396 (Loss: 0.4462)
[======================================  ]: 4397 (Loss: 0.2835)
[======================================= ]: 4398 (Loss: 0.4196)
[======================================= ]: 4399 (Loss: 0.3443)
[========================================]: 4400 (Loss: 0.2974)
                                                                                                    
[2026-07-16 22:01:44,377] [INFO] [__main__] Batch 4400 Loss: 0.379734 Cost: 7.17 Time: 187 ms/sequence
[2026-07-16 22:01:44,377] [INFO] [__main__] Advice weight norm: 19.175114 | Advice gradient norm: 0.000000

[                                        ]: 4401 (Loss: 0.3374)
[                                        ]: 4402 (Loss: 0.3662)
[=                                       ]: 4403 (Loss: 0.4154)
[=                                       ]: 4404 (Loss: 0.4288)
[==                                      ]: 4405 (Loss: 0.5230)
[==                                      ]: 4406 (Loss: 0.4946)
[==                                      ]: 4407 (Loss: 0.4817)
[===                                     ]: 4408 (Loss: 0.3221)
[===                                     ]: 4409 (Loss: 0.3713)
[====                                    ]: 4410 (Loss: 0.3192)
[====                                    ]: 4411 (Loss: 0.3665)
[====                                    ]: 4412 (Loss: 0.3753)
[=====                                   ]: 4413 (Loss: 0.3970)
[=====                                   ]: 4414 (Loss: 0.2922)
[======                                  ]: 4415 (Loss: 0.3255)
[======                                  ]: 4416 (Loss: 0.3187)
[======                                  ]: 4417 (Loss: 0.2721)
[=======                                 ]: 4418 (Loss: 0.4656)
[=======                                 ]: 4419 (Loss: 0.3912)
[========                                ]: 4420 (Loss: 0.3677)
[========                                ]: 4421 (Loss: 0.4070)
[========                                ]: 4422 (Loss: 0.3463)
[=========                               ]: 4423 (Loss: 0.3546)
[=========                               ]: 4424 (Loss: 0.3039)
[==========                              ]: 4425 (Loss: 0.4402)
[==========                              ]: 4426 (Loss: 0.2810)
[==========                              ]: 4427 (Loss: 0.2959)
[===========                             ]: 4428 (Loss: 0.3339)
[===========                             ]: 4429 (Loss: 0.2407)
[============                            ]: 4430 (Loss: 0.3831)
[============                            ]: 4431 (Loss: 0.3245)
[============                            ]: 4432 (Loss: 0.3240)
[=============                           ]: 4433 (Loss: 0.5041)
[=============                           ]: 4434 (Loss: 0.4053)
[==============                          ]: 4435 (Loss: 0.4060)
[==============                          ]: 4436 (Loss: 0.2869)
[==============                          ]: 4437 (Loss: 0.3169)
[===============                         ]: 4438 (Loss: 0.1751)
[===============                         ]: 4439 (Loss: 0.2963)
[================                        ]: 4440 (Loss: 0.4717)
[================                        ]: 4441 (Loss: 0.3929)
[================                        ]: 4442 (Loss: 0.4159)
[=================                       ]: 4443 (Loss: 0.3011)
[=================                       ]: 4444 (Loss: 0.3343)
[==================                      ]: 4445 (Loss: 0.4439)
[==================                      ]: 4446 (Loss: 0.2428)
[==================                      ]: 4447 (Loss: 0.3892)
[===================                     ]: 4448 (Loss: 0.2989)
[===================                     ]: 4449 (Loss: 0.3619)
[====================                    ]: 4450 (Loss: 0.3363)
[====================                    ]: 4451 (Loss: 0.3808)
[====================                    ]: 4452 (Loss: 0.3272)
[=====================                   ]: 4453 (Loss: 0.2651)
[=====================                   ]: 4454 (Loss: 0.3505)
[======================                  ]: 4455 (Loss: 0.3323)
[======================                  ]: 4456 (Loss: 0.4385)
[======================                  ]: 4457 (Loss: 0.2305)
[=======================                 ]: 4458 (Loss: 0.3611)
[=======================                 ]: 4459 (Loss: 0.3865)
[========================                ]: 4460 (Loss: 0.5295)
[========================                ]: 4461 (Loss: 0.5004)
[========================                ]: 4462 (Loss: 0.4054)
[=========================               ]: 4463 (Loss: 0.3536)
[=========================               ]: 4464 (Loss: 0.4176)
[==========================              ]: 4465 (Loss: 0.3766)
[==========================              ]: 4466 (Loss: 0.3659)
[==========================              ]: 4467 (Loss: 0.3280)
[===========================             ]: 4468 (Loss: 0.2946)
[===========================             ]: 4469 (Loss: 0.4078)
[============================            ]: 4470 (Loss: 0.3715)
[============================            ]: 4471 (Loss: 0.3884)
[============================            ]: 4472 (Loss: 0.5039)
[=============================           ]: 4473 (Loss: 0.3793)
[=============================           ]: 4474 (Loss: 0.3823)
[==============================          ]: 4475 (Loss: 0.4200)
[==============================          ]: 4476 (Loss: 0.3694)
[==============================          ]: 4477 (Loss: 0.3446)
[===============================         ]: 4478 (Loss: 0.3795)
[===============================         ]: 4479 (Loss: 0.3969)
[================================        ]: 4480 (Loss: 0.3353)
[================================        ]: 4481 (Loss: 0.3307)
[================================        ]: 4482 (Loss: 0.4439)
[=================================       ]: 4483 (Loss: 0.4102)
[=================================       ]: 4484 (Loss: 0.3995)
[==================================      ]: 4485 (Loss: 0.3777)
[==================================      ]: 4486 (Loss: 0.4335)
[==================================      ]: 4487 (Loss: 0.2966)
[===================================     ]: 4488 (Loss: 0.3177)
[===================================     ]: 4489 (Loss: 0.4830)
[====================================    ]: 4490 (Loss: 0.2974)
[====================================    ]: 4491 (Loss: 0.2637)
[====================================    ]: 4492 (Loss: 0.2989)
[=====================================   ]: 4493 (Loss: 0.3487)
[=====================================   ]: 4494 (Loss: 0.4308)
[======================================  ]: 4495 (Loss: 0.3052)
[======================================  ]: 4496 (Loss: 0.4678)
[======================================  ]: 4497 (Loss: 0.3857)
[======================================= ]: 4498 (Loss: 0.3057)
[======================================= ]: 4499 (Loss: 0.3876)
[========================================]: 4500 (Loss: 0.2694)
                                                                                                    
[2026-07-16 22:02:03,095] [INFO] [__main__] Batch 4500 Loss: 0.366227 Cost: 7.24 Time: 187 ms/sequence
[2026-07-16 22:02:03,095] [INFO] [__main__] Advice weight norm: 19.175114 | Advice gradient norm: 0.000000

[                                        ]: 4501 (Loss: 0.3216)
[                                        ]: 4502 (Loss: 0.3915)
[=                                       ]: 4503 (Loss: 0.3109)
[=                                       ]: 4504 (Loss: 0.3457)
[==                                      ]: 4505 (Loss: 0.4770)
[==                                      ]: 4506 (Loss: 0.3670)
[==                                      ]: 4507 (Loss: 0.3416)
[===                                     ]: 4508 (Loss: 0.3915)
[===                                     ]: 4509 (Loss: 0.3576)
[====                                    ]: 4510 (Loss: 0.3339)
[====                                    ]: 4511 (Loss: 0.2948)
[====                                    ]: 4512 (Loss: 0.1952)
[=====                                   ]: 4513 (Loss: 0.4397)
[=====                                   ]: 4514 (Loss: 0.2899)
[======                                  ]: 4515 (Loss: 0.3084)
[======                                  ]: 4516 (Loss: 0.5278)
[======                                  ]: 4517 (Loss: 0.5031)
[=======                                 ]: 4518 (Loss: 0.3753)
[=======                                 ]: 4519 (Loss: 0.4481)
[========                                ]: 4520 (Loss: 0.4116)
[========                                ]: 4521 (Loss: 0.2035)
[========                                ]: 4522 (Loss: 0.4076)
[=========                               ]: 4523 (Loss: 0.4319)
[=========                               ]: 4524 (Loss: 0.2769)
[==========                              ]: 4525 (Loss: 0.3289)
[==========                              ]: 4526 (Loss: 0.2756)
[==========                              ]: 4527 (Loss: 0.2907)
[===========                             ]: 4528 (Loss: 0.3126)
[===========                             ]: 4529 (Loss: 0.3381)
[============                            ]: 4530 (Loss: 0.3313)
[============                            ]: 4531 (Loss: 0.2872)
[============                            ]: 4532 (Loss: 0.4207)
[=============                           ]: 4533 (Loss: 0.3503)
[=============                           ]: 4534 (Loss: 0.3020)
[==============                          ]: 4535 (Loss: 0.3868)
[==============                          ]: 4536 (Loss: 0.3137)
[==============                          ]: 4537 (Loss: 0.3111)
[===============                         ]: 4538 (Loss: 0.2957)
[===============                         ]: 4539 (Loss: 0.3203)
[================                        ]: 4540 (Loss: 0.3518)
[================                        ]: 4541 (Loss: 0.2972)
[================                        ]: 4542 (Loss: 0.3307)
[=================                       ]: 4543 (Loss: 0.4013)
[=================                       ]: 4544 (Loss: 0.4360)
[==================                      ]: 4545 (Loss: 0.3392)
[==================                      ]: 4546 (Loss: 0.3837)
[==================                      ]: 4547 (Loss: 0.5710)
[===================                     ]: 4548 (Loss: 0.3706)
[===================                     ]: 4549 (Loss: 0.3315)
[====================                    ]: 4550 (Loss: 0.3958)
[====================                    ]: 4551 (Loss: 0.5030)
[====================                    ]: 4552 (Loss: 0.4246)
[=====================                   ]: 4553 (Loss: 0.3684)
[=====================                   ]: 4554 (Loss: 0.4519)
[======================                  ]: 4555 (Loss: 0.3931)
[======================                  ]: 4556 (Loss: 0.3443)
[======================                  ]: 4557 (Loss: 0.3245)
[=======================                 ]: 4558 (Loss: 0.4054)
[=======================                 ]: 4559 (Loss: 0.2912)
[========================                ]: 4560 (Loss: 0.5752)
[========================                ]: 4561 (Loss: 0.4763)
[========================                ]: 4562 (Loss: 0.4680)
[=========================               ]: 4563 (Loss: 0.2788)
[=========================               ]: 4564 (Loss: 0.3740)
[==========================              ]: 4565 (Loss: 0.4671)
[==========================              ]: 4566 (Loss: 0.3991)
[==========================              ]: 4567 (Loss: 0.4743)
[===========================             ]: 4568 (Loss: 0.2461)
[===========================             ]: 4569 (Loss: 0.4442)
[============================            ]: 4570 (Loss: 0.3205)
[============================            ]: 4571 (Loss: 0.2997)
[============================            ]: 4572 (Loss: 0.4244)
[=============================           ]: 4573 (Loss: 0.4902)
[=============================           ]: 4574 (Loss: 0.3334)
[==============================          ]: 4575 (Loss: 0.2976)
[==============================          ]: 4576 (Loss: 0.4259)
[==============================          ]: 4577 (Loss: 0.4534)
[===============================         ]: 4578 (Loss: 0.3929)
[===============================         ]: 4579 (Loss: 0.4330)
[================================        ]: 4580 (Loss: 0.4103)
[================================        ]: 4581 (Loss: 0.3666)
[================================        ]: 4582 (Loss: 0.3757)
[=================================       ]: 4583 (Loss: 0.2255)
[=================================       ]: 4584 (Loss: 0.2815)
[==================================      ]: 4585 (Loss: 0.4166)
[==================================      ]: 4586 (Loss: 0.3203)
[==================================      ]: 4587 (Loss: 0.3768)
[===================================     ]: 4588 (Loss: 0.4103)
[===================================     ]: 4589 (Loss: 0.4265)
[====================================    ]: 4590 (Loss: 0.3451)
[====================================    ]: 4591 (Loss: 0.3757)
[====================================    ]: 4592 (Loss: 0.3011)
[=====================================   ]: 4593 (Loss: 0.3531)
[=====================================   ]: 4594 (Loss: 0.3170)
[======================================  ]: 4595 (Loss: 0.5178)
[======================================  ]: 4596 (Loss: 0.3811)
[======================================  ]: 4597 (Loss: 0.3595)
[======================================= ]: 4598 (Loss: 0.4137)
[======================================= ]: 4599 (Loss: 0.3119)
[========================================]: 4600 (Loss: 0.3901)
                                                                                                    
[2026-07-16 22:02:21,921] [INFO] [__main__] Batch 4600 Loss: 0.370826 Cost: 7.04 Time: 188 ms/sequence
[2026-07-16 22:02:21,921] [INFO] [__main__] Advice weight norm: 19.175114 | Advice gradient norm: 0.000000

[                                        ]: 4601 (Loss: 0.4339)
[                                        ]: 4602 (Loss: 0.3641)
[=                                       ]: 4603 (Loss: 0.4689)
[=                                       ]: 4604 (Loss: 0.3399)
[==                                      ]: 4605 (Loss: 0.3644)
[==                                      ]: 4606 (Loss: 0.3431)
[==                                      ]: 4607 (Loss: 0.2552)
[===                                     ]: 4608 (Loss: 0.2181)
[===                                     ]: 4609 (Loss: 0.4020)
[====                                    ]: 4610 (Loss: 0.2124)
[====                                    ]: 4611 (Loss: 0.4166)
[====                                    ]: 4612 (Loss: 0.5233)
[=====                                   ]: 4613 (Loss: 0.2861)
[=====                                   ]: 4614 (Loss: 0.2532)
[======                                  ]: 4615 (Loss: 0.4140)
[======                                  ]: 4616 (Loss: 0.4992)
[======                                  ]: 4617 (Loss: 0.4949)
[=======                                 ]: 4618 (Loss: 0.3460)
[=======                                 ]: 4619 (Loss: 0.3874)
[========                                ]: 4620 (Loss: 0.4036)
[========                                ]: 4621 (Loss: 0.3356)
[========                                ]: 4622 (Loss: 0.4402)
[=========                               ]: 4623 (Loss: 0.4047)
[=========                               ]: 4624 (Loss: 0.2826)
[==========                              ]: 4625 (Loss: 0.2962)
[==========                              ]: 4626 (Loss: 0.2850)
[==========                              ]: 4627 (Loss: 0.4040)
[===========                             ]: 4628 (Loss: 0.3122)
[===========                             ]: 4629 (Loss: 0.2787)
[============                            ]: 4630 (Loss: 0.3813)
[============                            ]: 4631 (Loss: 0.4974)
[============                            ]: 4632 (Loss: 0.3100)
[=============                           ]: 4633 (Loss: 0.3502)
[=============                           ]: 4634 (Loss: 0.3545)
[==============                          ]: 4635 (Loss: 0.2992)
[==============                          ]: 4636 (Loss: 0.4004)
[==============                          ]: 4637 (Loss: 0.3490)
[===============                         ]: 4638 (Loss: 0.3458)
[===============                         ]: 4639 (Loss: 0.4458)
[================                        ]: 4640 (Loss: 0.3227)
[================                        ]: 4641 (Loss: 0.3283)
[================                        ]: 4642 (Loss: 0.2952)
[=================                       ]: 4643 (Loss: 0.4392)
[=================                       ]: 4644 (Loss: 0.2844)
[==================                      ]: 4645 (Loss: 0.4169)
[==================                      ]: 4646 (Loss: 0.3911)
[==================                      ]: 4647 (Loss: 0.4046)
[===================                     ]: 4648 (Loss: 0.2280)
[===================                     ]: 4649 (Loss: 0.3996)
[====================                    ]: 4650 (Loss: 0.2232)
[====================                    ]: 4651 (Loss: 0.3993)
[====================                    ]: 4652 (Loss: 0.3152)
[=====================                   ]: 4653 (Loss: 0.3478)
[=====================                   ]: 4654 (Loss: 0.3165)
[======================                  ]: 4655 (Loss: 0.2767)
[======================                  ]: 4656 (Loss: 0.3230)
[======================                  ]: 4657 (Loss: 0.2833)
[=======================                 ]: 4658 (Loss: 0.3925)
[=======================                 ]: 4659 (Loss: 0.4294)
[========================                ]: 4660 (Loss: 0.3735)
[========================                ]: 4661 (Loss: 0.3826)
[========================                ]: 4662 (Loss: 0.3649)
[=========================               ]: 4663 (Loss: 0.2558)
[=========================               ]: 4664 (Loss: 0.4859)
[==========================              ]: 4665 (Loss: 0.3221)
[==========================              ]: 4666 (Loss: 0.3303)
[==========================              ]: 4667 (Loss: 0.2575)
[===========================             ]: 4668 (Loss: 0.3884)
[===========================             ]: 4669 (Loss: 0.2167)
[============================            ]: 4670 (Loss: 0.2574)
[============================            ]: 4671 (Loss: 0.2643)
[============================            ]: 4672 (Loss: 0.3573)
[=============================           ]: 4673 (Loss: 0.4531)
[=============================           ]: 4674 (Loss: 0.3532)
[==============================          ]: 4675 (Loss: 0.3124)
[==============================          ]: 4676 (Loss: 0.3672)
[==============================          ]: 4677 (Loss: 0.5043)
[===============================         ]: 4678 (Loss: 0.2624)
[===============================         ]: 4679 (Loss: 0.4809)
[================================        ]: 4680 (Loss: 0.3487)
[================================        ]: 4681 (Loss: 0.4289)
[================================        ]: 4682 (Loss: 0.3164)
[=================================       ]: 4683 (Loss: 0.4624)
[=================================       ]: 4684 (Loss: 0.5076)
[==================================      ]: 4685 (Loss: 0.3263)
[==================================      ]: 4686 (Loss: 0.3965)
[==================================      ]: 4687 (Loss: 0.3415)
[===================================     ]: 4688 (Loss: 0.4611)
[===================================     ]: 4689 (Loss: 0.4197)
[====================================    ]: 4690 (Loss: 0.3612)
[====================================    ]: 4691 (Loss: 0.3208)
[====================================    ]: 4692 (Loss: 0.3533)
[=====================================   ]: 4693 (Loss: 0.3462)
[=====================================   ]: 4694 (Loss: 0.3865)
[======================================  ]: 4695 (Loss: 0.2795)
[======================================  ]: 4696 (Loss: 0.3603)
[======================================  ]: 4697 (Loss: 0.4272)
[======================================= ]: 4698 (Loss: 0.3631)
[======================================= ]: 4699 (Loss: 0.3286)
[========================================]: 4700 (Loss: 0.3628)
                                                                                                    
[2026-07-16 22:02:42,562] [INFO] [__main__] Batch 4700 Loss: 0.359048 Cost: 6.88 Time: 206 ms/sequence
[2026-07-16 22:02:42,562] [INFO] [__main__] Advice weight norm: 19.175114 | Advice gradient norm: 0.000000

[                                        ]: 4701 (Loss: 0.3167)
[                                        ]: 4702 (Loss: 0.3233)
[=                                       ]: 4703 (Loss: 0.4009)
[=                                       ]: 4704 (Loss: 0.4013)
[==                                      ]: 4705 (Loss: 0.3288)
[==                                      ]: 4706 (Loss: 0.3440)
[==                                      ]: 4707 (Loss: 0.3398)
[===                                     ]: 4708 (Loss: 0.3464)
[===                                     ]: 4709 (Loss: 0.3997)
[====                                    ]: 4710 (Loss: 0.3821)
[====                                    ]: 4711 (Loss: 0.3418)
[====                                    ]: 4712 (Loss: 0.4421)
[=====                                   ]: 4713 (Loss: 0.4045)
[=====                                   ]: 4714 (Loss: 0.3858)
[======                                  ]: 4715 (Loss: 0.2799)
[======                                  ]: 4716 (Loss: 0.3681)
[======                                  ]: 4717 (Loss: 0.4948)
[=======                                 ]: 4718 (Loss: 0.3151)
[=======                                 ]: 4719 (Loss: 0.4749)
[========                                ]: 4720 (Loss: 0.2787)
[========                                ]: 4721 (Loss: 0.2938)
[========                                ]: 4722 (Loss: 0.4444)
[=========                               ]: 4723 (Loss: 0.4042)
[=========                               ]: 4724 (Loss: 0.4003)
[==========                              ]: 4725 (Loss: 0.2691)
[==========                              ]: 4726 (Loss: 0.3693)
[==========                              ]: 4727 (Loss: 0.3995)
[===========                             ]: 4728 (Loss: 0.3037)
[===========                             ]: 4729 (Loss: 0.2851)
[============                            ]: 4730 (Loss: 0.3489)
[============                            ]: 4731 (Loss: 0.3471)
[============                            ]: 4732 (Loss: 0.3576)
[=============                           ]: 4733 (Loss: 0.3496)
[=============                           ]: 4734 (Loss: 0.2938)
[==============                          ]: 4735 (Loss: 0.4916)
[==============                          ]: 4736 (Loss: 0.2853)
[==============                          ]: 4737 (Loss: 0.3104)
[===============                         ]: 4738 (Loss: 0.3614)
[===============                         ]: 4739 (Loss: 0.3255)
[================                        ]: 4740 (Loss: 0.3196)
[================                        ]: 4741 (Loss: 0.4123)
[================                        ]: 4742 (Loss: 0.2334)
[=================                       ]: 4743 (Loss: 0.3349)
[=================                       ]: 4744 (Loss: 0.3974)
[==================                      ]: 4745 (Loss: 0.3419)
[==================                      ]: 4746 (Loss: 0.3711)
[==================                      ]: 4747 (Loss: 0.4130)
[===================                     ]: 4748 (Loss: 0.3813)
[===================                     ]: 4749 (Loss: 0.2700)
[====================                    ]: 4750 (Loss: 0.4733)
[====================                    ]: 4751 (Loss: 0.3965)
[====================                    ]: 4752 (Loss: 0.2510)
[=====================                   ]: 4753 (Loss: 0.2480)
[=====================                   ]: 4754 (Loss: 0.3523)
[======================                  ]: 4755 (Loss: 0.4006)
[======================                  ]: 4756 (Loss: 0.3106)
[======================                  ]: 4757 (Loss: 0.3679)
[=======================                 ]: 4758 (Loss: 0.3136)
[=======================                 ]: 4759 (Loss: 0.3334)
[========================                ]: 4760 (Loss: 0.2870)
[========================                ]: 4761 (Loss: 0.3652)
[========================                ]: 4762 (Loss: 0.3255)
[=========================               ]: 4763 (Loss: 0.3645)
[=========================               ]: 4764 (Loss: 0.2739)
[==========================              ]: 4765 (Loss: 0.4775)
[==========================              ]: 4766 (Loss: 0.2308)
[==========================              ]: 4767 (Loss: 0.2980)
[===========================             ]: 4768 (Loss: 0.4524)
[===========================             ]: 4769 (Loss: 0.5598)
[============================            ]: 4770 (Loss: 0.2685)
[============================            ]: 4771 (Loss: 0.3323)
[============================            ]: 4772 (Loss: 0.2548)
[=============================           ]: 4773 (Loss: 0.3494)
[=============================           ]: 4774 (Loss: 0.3061)
[==============================          ]: 4775 (Loss: 0.2505)
[==============================          ]: 4776 (Loss: 0.3285)
[==============================          ]: 4777 (Loss: 0.2505)
[===============================         ]: 4778 (Loss: 0.2298)
[===============================         ]: 4779 (Loss: 0.3643)
[================================        ]: 4780 (Loss: 0.2582)
[================================        ]: 4781 (Loss: 0.3022)
[================================        ]: 4782 (Loss: 0.2577)
[=================================       ]: 4783 (Loss: 0.3330)
[=================================       ]: 4784 (Loss: 0.4774)
[==================================      ]: 4785 (Loss: 0.4514)
[==================================      ]: 4786 (Loss: 0.2555)
[==================================      ]: 4787 (Loss: 0.3853)
[===================================     ]: 4788 (Loss: 0.3510)
[===================================     ]: 4789 (Loss: 0.2883)
[====================================    ]: 4790 (Loss: 0.3261)
[====================================    ]: 4791 (Loss: 0.4625)
[====================================    ]: 4792 (Loss: 0.3568)
[=====================================   ]: 4793 (Loss: 0.4728)
[=====================================   ]: 4794 (Loss: 0.4824)
[======================================  ]: 4795 (Loss: 0.3301)
[======================================  ]: 4796 (Loss: 0.4488)
[======================================  ]: 4797 (Loss: 0.2678)
[======================================= ]: 4798 (Loss: 0.5632)
[======================================= ]: 4799 (Loss: 0.3862)
[========================================]: 4800 (Loss: 0.2860)
                                                                                                    
[2026-07-16 22:03:01,578] [INFO] [__main__] Batch 4800 Loss: 0.352432 Cost: 6.67 Time: 190 ms/sequence
[2026-07-16 22:03:01,578] [INFO] [__main__] Advice weight norm: 19.175114 | Advice gradient norm: 0.000000

[                                        ]: 4801 (Loss: 0.3619)
[                                        ]: 4802 (Loss: 0.4069)
[=                                       ]: 4803 (Loss: 0.3548)
[=                                       ]: 4804 (Loss: 0.3717)
[==                                      ]: 4805 (Loss: 0.2941)
[==                                      ]: 4806 (Loss: 0.2333)
[==                                      ]: 4807 (Loss: 0.3302)
[===                                     ]: 4808 (Loss: 0.3886)
[===                                     ]: 4809 (Loss: 0.3696)
[====                                    ]: 4810 (Loss: 0.3466)
[====                                    ]: 4811 (Loss: 0.3457)
[====                                    ]: 4812 (Loss: 0.2938)
[=====                                   ]: 4813 (Loss: 0.3725)
[=====                                   ]: 4814 (Loss: 0.3610)
[======                                  ]: 4815 (Loss: 0.2313)
[======                                  ]: 4816 (Loss: 0.3255)
[======                                  ]: 4817 (Loss: 0.3716)
[=======                                 ]: 4818 (Loss: 0.3511)
[=======                                 ]: 4819 (Loss: 0.2897)
[========                                ]: 4820 (Loss: 0.3365)
[========                                ]: 4821 (Loss: 0.3309)
[========                                ]: 4822 (Loss: 0.3893)
[=========                               ]: 4823 (Loss: 0.3396)
[=========                               ]: 4824 (Loss: 0.3130)
[==========                              ]: 4825 (Loss: 0.3587)
[==========                              ]: 4826 (Loss: 0.3789)
[==========                              ]: 4827 (Loss: 0.3129)
[===========                             ]: 4828 (Loss: 0.4240)
[===========                             ]: 4829 (Loss: 0.3341)
[============                            ]: 4830 (Loss: 0.2860)
[============                            ]: 4831 (Loss: 0.5086)
[============                            ]: 4832 (Loss: 0.3694)
[=============                           ]: 4833 (Loss: 0.3318)
[=============                           ]: 4834 (Loss: 0.4787)
[==============                          ]: 4835 (Loss: 0.3211)
[==============                          ]: 4836 (Loss: 0.4555)
[==============                          ]: 4837 (Loss: 0.4374)
[===============                         ]: 4838 (Loss: 0.4340)
[===============                         ]: 4839 (Loss: 0.2093)
[================                        ]: 4840 (Loss: 0.3040)
[================                        ]: 4841 (Loss: 0.2680)
[================                        ]: 4842 (Loss: 0.3883)
[=================                       ]: 4843 (Loss: 0.4332)
[=================                       ]: 4844 (Loss: 0.5580)
[==================                      ]: 4845 (Loss: 0.4480)
[==================                      ]: 4846 (Loss: 0.3922)
[==================                      ]: 4847 (Loss: 0.3366)
[===================                     ]: 4848 (Loss: 0.3715)
[===================                     ]: 4849 (Loss: 0.3965)
[====================                    ]: 4850 (Loss: 0.3898)
[====================                    ]: 4851 (Loss: 0.4158)
[====================                    ]: 4852 (Loss: 0.3613)
[=====================                   ]: 4853 (Loss: 0.3688)
[=====================                   ]: 4854 (Loss: 0.3382)
[======================                  ]: 4855 (Loss: 0.3750)
[======================                  ]: 4856 (Loss: 0.3940)
[======================                  ]: 4857 (Loss: 0.2736)
[=======================                 ]: 4858 (Loss: 0.3084)
[=======================                 ]: 4859 (Loss: 0.3248)
[========================                ]: 4860 (Loss: 0.3156)
[========================                ]: 4861 (Loss: 0.4347)
[========================                ]: 4862 (Loss: 0.3718)
[=========================               ]: 4863 (Loss: 0.3584)
[=========================               ]: 4864 (Loss: 0.4007)
[==========================              ]: 4865 (Loss: 0.3635)
[==========================              ]: 4866 (Loss: 0.1901)
[==========================              ]: 4867 (Loss: 0.4352)
[===========================             ]: 4868 (Loss: 0.2670)
[===========================             ]: 4869 (Loss: 0.4742)
[============================            ]: 4870 (Loss: 0.2575)
[============================            ]: 4871 (Loss: 0.2911)
[============================            ]: 4872 (Loss: 0.4123)
[=============================           ]: 4873 (Loss: 0.3290)
[=============================           ]: 4874 (Loss: 0.4111)
[==============================          ]: 4875 (Loss: 0.2877)
[==============================          ]: 4876 (Loss: 0.2389)
[==============================          ]: 4877 (Loss: 0.5202)
[===============================         ]: 4878 (Loss: 0.3385)
[===============================         ]: 4879 (Loss: 0.4136)
[================================        ]: 4880 (Loss: 0.3598)
[================================        ]: 4881 (Loss: 0.4390)
[================================        ]: 4882 (Loss: 0.3541)
[=================================       ]: 4883 (Loss: 0.3341)
[=================================       ]: 4884 (Loss: 0.3839)
[==================================      ]: 4885 (Loss: 0.3422)
[==================================      ]: 4886 (Loss: 0.3786)
[==================================      ]: 4887 (Loss: 0.3256)
[===================================     ]: 4888 (Loss: 0.3158)
[===================================     ]: 4889 (Loss: 0.3157)
[====================================    ]: 4890 (Loss: 0.3351)
[====================================    ]: 4891 (Loss: 0.4082)
[====================================    ]: 4892 (Loss: 0.3667)
[=====================================   ]: 4893 (Loss: 0.3002)
[=====================================   ]: 4894 (Loss: 0.3792)
[======================================  ]: 4895 (Loss: 0.5336)
[======================================  ]: 4896 (Loss: 0.3718)
[======================================  ]: 4897 (Loss: 0.2744)
[======================================= ]: 4898 (Loss: 0.2920)
[======================================= ]: 4899 (Loss: 0.2953)
[========================================]: 4900 (Loss: 0.3367)
                                                                                                    
[2026-07-16 22:03:20,264] [INFO] [__main__] Batch 4900 Loss: 0.357484 Cost: 6.87 Time: 186 ms/sequence
[2026-07-16 22:03:20,265] [INFO] [__main__] Advice weight norm: 19.175114 | Advice gradient norm: 0.000000

[                                        ]: 4901 (Loss: 0.3867)
[                                        ]: 4902 (Loss: 0.3198)
[=                                       ]: 4903 (Loss: 0.3354)
[=                                       ]: 4904 (Loss: 0.3295)
[==                                      ]: 4905 (Loss: 0.3722)
[==                                      ]: 4906 (Loss: 0.4479)
[==                                      ]: 4907 (Loss: 0.3015)
[===                                     ]: 4908 (Loss: 0.2495)
[===                                     ]: 4909 (Loss: 0.3731)
[====                                    ]: 4910 (Loss: 0.2157)
[====                                    ]: 4911 (Loss: 0.2919)
[====                                    ]: 4912 (Loss: 0.2283)
[=====                                   ]: 4913 (Loss: 0.3682)
[=====                                   ]: 4914 (Loss: 0.3652)
[======                                  ]: 4915 (Loss: 0.4050)
[======                                  ]: 4916 (Loss: 0.3131)
[======                                  ]: 4917 (Loss: 0.3626)
[=======                                 ]: 4918 (Loss: 0.4275)
[=======                                 ]: 4919 (Loss: 0.3594)
[========                                ]: 4920 (Loss: 0.3560)
[========                                ]: 4921 (Loss: 0.2875)
[========                                ]: 4922 (Loss: 0.3559)
[=========                               ]: 4923 (Loss: 0.4231)
[=========                               ]: 4924 (Loss: 0.4020)
[==========                              ]: 4925 (Loss: 0.4669)
[==========                              ]: 4926 (Loss: 0.4684)
[==========                              ]: 4927 (Loss: 0.3341)
[===========                             ]: 4928 (Loss: 0.2893)
[===========                             ]: 4929 (Loss: 0.2749)
[============                            ]: 4930 (Loss: 0.3146)
[============                            ]: 4931 (Loss: 0.3819)
[============                            ]: 4932 (Loss: 0.3504)
[=============                           ]: 4933 (Loss: 0.3773)
[=============                           ]: 4934 (Loss: 0.2171)
[==============                          ]: 4935 (Loss: 0.3344)
[==============                          ]: 4936 (Loss: 0.4361)
[==============                          ]: 4937 (Loss: 0.3598)
[===============                         ]: 4938 (Loss: 0.2651)
[===============                         ]: 4939 (Loss: 0.3205)
[================                        ]: 4940 (Loss: 0.3120)
[================                        ]: 4941 (Loss: 0.2753)
[================                        ]: 4942 (Loss: 0.2910)
[=================                       ]: 4943 (Loss: 0.2672)
[=================                       ]: 4944 (Loss: 0.3036)
[==================                      ]: 4945 (Loss: 0.2645)
[==================                      ]: 4946 (Loss: 0.4515)
[==================                      ]: 4947 (Loss: 0.4287)
[===================                     ]: 4948 (Loss: 0.3558)
[===================                     ]: 4949 (Loss: 0.4465)
[====================                    ]: 4950 (Loss: 0.3058)
[====================                    ]: 4951 (Loss: 0.3619)
[====================                    ]: 4952 (Loss: 0.3720)
[=====================                   ]: 4953 (Loss: 0.3034)
[=====================                   ]: 4954 (Loss: 0.3302)
[======================                  ]: 4955 (Loss: 0.3046)
[======================                  ]: 4956 (Loss: 0.3044)
[======================                  ]: 4957 (Loss: 0.3136)
[=======================                 ]: 4958 (Loss: 0.3664)
[=======================                 ]: 4959 (Loss: 0.2197)
[========================                ]: 4960 (Loss: 0.4589)
[========================                ]: 4961 (Loss: 0.3523)
[========================                ]: 4962 (Loss: 0.4840)
[=========================               ]: 4963 (Loss: 0.2180)
[=========================               ]: 4964 (Loss: 0.3053)
[==========================              ]: 4965 (Loss: 0.3474)
[==========================              ]: 4966 (Loss: 0.3488)
[==========================              ]: 4967 (Loss: 0.3315)
[===========================             ]: 4968 (Loss: 0.3301)
[===========================             ]: 4969 (Loss: 0.4103)
[============================            ]: 4970 (Loss: 0.3443)
[============================            ]: 4971 (Loss: 0.4104)
[============================            ]: 4972 (Loss: 0.3661)
[=============================           ]: 4973 (Loss: 0.3276)
[=============================           ]: 4974 (Loss: 0.3819)
[==============================          ]: 4975 (Loss: 0.3252)
[==============================          ]: 4976 (Loss: 0.4417)
[==============================          ]: 4977 (Loss: 0.3055)
[===============================         ]: 4978 (Loss: 0.3731)
[===============================         ]: 4979 (Loss: 0.3503)
[================================        ]: 4980 (Loss: 0.4651)
[================================        ]: 4981 (Loss: 0.2853)
[================================        ]: 4982 (Loss: 0.3521)
[=================================       ]: 4983 (Loss: 0.4029)
[=================================       ]: 4984 (Loss: 0.2719)
[==================================      ]: 4985 (Loss: 0.3590)
[==================================      ]: 4986 (Loss: 0.3292)
[==================================      ]: 4987 (Loss: 0.3231)
[===================================     ]: 4988 (Loss: 0.3594)
[===================================     ]: 4989 (Loss: 0.2581)
[====================================    ]: 4990 (Loss: 0.2900)
[====================================    ]: 4991 (Loss: 0.3623)
[====================================    ]: 4992 (Loss: 0.4918)
[=====================================   ]: 4993 (Loss: 0.3644)
[=====================================   ]: 4994 (Loss: 0.4334)
[======================================  ]: 4995 (Loss: 0.3918)
[======================================  ]: 4996 (Loss: 0.3233)
[======================================  ]: 4997 (Loss: 0.3106)
[======================================= ]: 4998 (Loss: 0.2438)
[======================================= ]: 4999 (Loss: 0.1964)
[========================================]: 5000 (Loss: 0.3566)
                                                                                                    
[2026-07-16 22:03:39,191] [INFO] [__main__] Batch 5000 Loss: 0.344292 Cost: 6.42 Time: 189 ms/sequence
[2026-07-16 22:03:39,192] [INFO] [__main__] Advice weight norm: 19.175114 | Advice gradient norm: 0.000000

                                                                                                    
[2026-07-16 22:03:39,194] [INFO] [__main__] Saving checkpoint to 'runs\copy_sanity_len5\copy\zero\seed_1002\checkpoint-batch-00005000.pt'

                                                                                                    
[2026-07-16 22:03:39,388] [INFO] [__main__] Saving checkpoint to 'runs\copy_sanity_len5\copy\zero\seed_1002\checkpoint-final.pt'
[2026-07-16 22:03:39,561] [INFO] [__main__] Final advice weight norm: 19.175114
[2026-07-16 22:03:39,562] [INFO] [__main__] Done training.
