task,group,metric,advice_type,batch,mean,std,min,max,n_seeds,seeds,common_horizon,report_interval,sd_shading
repeat-copy,structural_features,loss,none,200,0.6451718731969596,0.0016935442572687503,0.6439367574453354,0.6480820545554161,4,"1000,1001,1002,1003",59000,200,True
repeat-copy,structural_features,loss,none,400,0.6334314344823361,0.0009016484419056564,0.6323837080597877,0.6344377267360687,4,"1000,1001,1002,1003",59000,200,True
repeat-copy,structural_features,loss,none,600,0.629016006141901,0.0016963501528252563,0.627125973701477,0.631706719994545,4,"1000,1001,1002,1003",59000,200,True
repeat-copy,structural_features,loss,none,800,0.6261239007115363,0.0016103340470539234,0.623969444334507,0.6282522344589233,4,"1000,1001,1002,1003",59000,200,True
repeat-copy,structural_features,loss,none,1000,0.6215783306956292,0.0023941798821517707,0.6186373978853226,0.6251274815201759,4,"1000,1001,1002,1003",59000,200,True
repeat-copy,structural_features,loss,none,1200,0.6168930325284601,0.001064335105945848,0.6158057032525539,0.6183823928236961,4,"1000,1001,1002,1003",59000,200,True
repeat-copy,structural_features,loss,none,1400,0.6137004595622421,0.002844083909957835,0.6094544017314911,0.6173943015933037,4,"1000,1001,1002,1003",59000,200,True
repeat-copy,structural_features,loss,none,1600,0.6102131036296488,0.0014980741881448524,0.6092247897386551,0.612802526652813,4,"1000,1001,1002,1003",59000,200,True
repeat-copy,structural_features,loss,none,1800,0.6084666928276419,0.00223109626799142,0.6050022374093532,0.6110772404074669,4,"1000,1001,1002,1003",59000,200,True
repeat-copy,structural_features,loss,none,2000,0.6045731913670898,0.004408852492631235,0.5971666793525219,0.6087772580981254,4,"1000,1001,1002,1003",59000,200,True
repeat-copy,structural_features,loss,none,2200,0.6050477584078908,0.0013162208120724,0.6033344949781895,0.6070327118039132,4,"1000,1001,1002,1003",59000,200,True
repeat-copy,structural_features,loss,none,2400,0.6014675540849566,0.0027006200840337617,0.596977177709341,0.6041979590058326,4,"1000,1001,1002,1003",59000,200,True
repeat-copy,structural_features,loss,none,2600,0.5963028964400292,0.00419013655539614,0.5917919826507568,0.6017567618191242,4,"1000,1001,1002,1003",59000,200,True
repeat-copy,structural_features,loss,none,2800,0.5981662061437965,0.0018288244177268387,0.5964109270274639,0.6010169549286366,4,"1000,1001,1002,1003",59000,200,True
repeat-copy,structural_features,loss,none,3000,0.5931787784770132,0.002161323908927743,0.5905565367639065,0.5957299794256687,4,"1000,1001,1002,1003",59000,200,True
repeat-copy,structural_features,loss,none,3200,0.5902053791284562,0.0017269072407282162,0.5886293365061284,0.5931255568563938,4,"1000,1001,1002,1003",59000,200,True
repeat-copy,structural_features,loss,none,3400,0.5899955303594471,0.0014291142732425646,0.5879105891287327,0.5914638012647628,4,"1000,1001,1002,1003",59000,200,True
repeat-copy,structural_features,loss,none,3600,0.5853213862329721,0.0029999340465105464,0.5824205541610717,0.5893575486540794,4,"1000,1001,1002,1003",59000,200,True
repeat-copy,structural_features,loss,none,3800,0.5834621178358794,0.004937267382981877,0.576882043927908,0.5907887667417526,4,"1000,1001,1002,1003",59000,200,True
repeat-copy,structural_features,loss,none,4000,0.5827864940091968,0.002132352561348759,0.579106405377388,0.5842562718689441,4,"1000,1001,1002,1003",59000,200,True
repeat-copy,structural_features,loss,none,4200,0.5802350215241313,0.002221097757794809,0.5765246649086475,0.5824299225211144,4,"1000,1001,1002,1003",59000,200,True
repeat-copy,structural_features,loss,none,4400,0.5786057444661856,0.001033838460769574,0.5773538236320018,0.5801969419419766,4,"1000,1001,1002,1003",59000,200,True
repeat-copy,structural_features,loss,none,4600,0.5792748949304223,0.0031714007469580375,0.5760397319495678,0.5845313906669617,4,"1000,1001,1002,1003",59000,200,True
repeat-copy,structural_features,loss,none,4800,0.5755466417595745,0.0027024463443129964,0.5710518944263459,0.5782468008995056,4,"1000,1001,1002,1003",59000,200,True
repeat-copy,structural_features,loss,none,5000,0.5733955397829413,0.0018611556929764388,0.5714113166928292,0.576256800442934,4,"1000,1001,1002,1003",59000,200,True
repeat-copy,structural_features,loss,none,5200,0.5700395092368126,0.004528931860424093,0.5638967606425286,0.5764287678897381,4,"1000,1001,1002,1003",59000,200,True
repeat-copy,structural_features,loss,none,5400,0.572441381905228,0.004382290501902242,0.5661303683370352,0.5785070337355137,4,"1000,1001,1002,1003",59000,200,True
repeat-copy,structural_features,loss,none,5600,0.5698046771809457,0.0023296372277821684,0.5670534904301167,0.5730509540438652,4,"1000,1001,1002,1003",59000,200,True
repeat-copy,structural_features,loss,none,5800,0.5666722011007368,0.005036693517320008,0.5602870106697082,0.5720905308425427,4,"1000,1001,1002,1003",59000,200,True
repeat-copy,structural_features,loss,none,6000,0.5680475118756294,0.0035847753822088003,0.5641980305314064,0.5728247644007206,4,"1000,1001,1002,1003",59000,200,True
repeat-copy,structural_features,loss,none,6200,0.5724883407354355,0.0029449203561604507,0.5680302606523037,0.576165511906147,4,"1000,1001,1002,1003",59000,200,True
repeat-copy,structural_features,loss,none,6400,0.5672496349550783,0.0027063633968904036,0.5627448108792305,0.5694556878507138,4,"1000,1001,1002,1003",59000,200,True
repeat-copy,structural_features,loss,none,6600,0.569116209410131,0.001485685704499186,0.5671199016273022,0.5710249970853328,4,"1000,1001,1002,1003",59000,200,True
repeat-copy,structural_features,loss,none,6800,0.564007409196347,0.0019456799942547,0.5608105570077896,0.5659724240005016,4,"1000,1001,1002,1003",59000,200,True
repeat-copy,structural_features,loss,none,7000,0.5680504868924618,0.004317887060717561,0.5643398906290531,0.5753109215199947,4,"1000,1001,1002,1003",59000,200,True
repeat-copy,structural_features,loss,none,7200,0.5694479694589972,0.0029366064666188816,0.5650413402915001,0.5733058100938797,4,"1000,1001,1002,1003",59000,200,True
repeat-copy,structural_features,loss,none,7400,0.564033657964319,0.003841018579805471,0.5593077896535397,0.5681355811655522,4,"1000,1001,1002,1003",59000,200,True
repeat-copy,structural_features,loss,none,7600,0.5631135467812418,0.004745673931805923,0.5577524241805076,0.5679892782866954,4,"1000,1001,1002,1003",59000,200,True
repeat-copy,structural_features,loss,none,7800,0.5631515533663333,0.000862940665150191,0.5621744078397751,0.5642749166488648,4,"1000,1001,1002,1003",59000,200,True
repeat-copy,structural_features,loss,none,8000,0.560536982845515,0.00215143823572257,0.5570979410409928,0.5630272820591926,4,"1000,1001,1002,1003",59000,200,True
repeat-copy,structural_features,loss,none,8200,0.5606596440263093,0.004246412888590039,0.5559192574024201,0.5672942635416984,4,"1000,1001,1002,1003",59000,200,True
repeat-copy,structural_features,loss,none,8400,0.5609496109560131,0.006423438354192947,0.5508247195929289,0.5665100901573896,4,"1000,1001,1002,1003",59000,200,True
repeat-copy,structural_features,loss,none,8600,0.559416524413973,0.006211577284719973,0.5492221612483263,0.5659032951295376,4,"1000,1001,1002,1003",59000,200,True
repeat-copy,structural_features,loss,none,8800,0.5554788298159837,0.00586795599088639,0.5471071541309357,0.5636848817765713,4,"1000,1001,1002,1003",59000,200,True
repeat-copy,structural_features,loss,none,9000,0.5576665243506431,0.005473228862554879,0.5493524319678545,0.562888920456171,4,"1000,1001,1002,1003",59000,200,True
repeat-copy,structural_features,loss,none,9200,0.5579318378306926,0.0034167076457536556,0.5541434735804797,0.5632591055333614,4,"1000,1001,1002,1003",59000,200,True
repeat-copy,structural_features,loss,none,9400,0.5561508995853364,0.00476490372939343,0.5491107600182294,0.5617978866398334,4,"1000,1001,1002,1003",59000,200,True
repeat-copy,structural_features,loss,none,9600,0.5582414613105356,0.0029188100189134524,0.5554360492527485,0.563139422237873,4,"1000,1001,1002,1003",59000,200,True
repeat-copy,structural_features,loss,none,9800,0.5549090391397477,0.0035186722523582047,0.5488998372852802,0.5574877107143402,4,"1000,1001,1002,1003",59000,200,True
repeat-copy,structural_features,loss,none,10000,0.5569321403838694,0.0011025829949312658,0.5556757421791554,0.5581885059177876,4,"1000,1001,1002,1003",59000,200,True
repeat-copy,structural_features,loss,none,10200,0.5551333952508867,0.0036127590257175315,0.5492335930466652,0.5590071442723274,4,"1000,1001,1002,1003",59000,200,True
repeat-copy,structural_features,loss,none,10400,0.5557527161389588,0.005136301268020384,0.5475770626962185,0.5607155848294496,4,"1000,1001,1002,1003",59000,200,True
repeat-copy,structural_features,loss,none,10600,0.5538392561674118,0.005128663911688986,0.5488097284734249,0.5624188551306725,4,"1000,1001,1002,1003",59000,200,True
repeat-copy,structural_features,loss,none,10800,0.5493834397010505,0.00320480096689192,0.5450075776875019,0.5535162768512965,4,"1000,1001,1002,1003",59000,200,True
repeat-copy,structural_features,loss,none,11000,0.552115998417139,0.0061591943427938695,0.5459808005392551,0.5621190999448299,4,"1000,1001,1002,1003",59000,200,True
repeat-copy,structural_features,loss,none,11200,0.554096826929599,0.00321291970471488,0.5510120932012796,0.5590296466648579,4,"1000,1001,1002,1003",59000,200,True
repeat-copy,structural_features,loss,none,11400,0.5563071764633061,0.00492086840606911,0.5509008356183768,0.5642501132190227,4,"1000,1001,1002,1003",59000,200,True
repeat-copy,structural_features,loss,none,11600,0.5509832348488272,0.0033336307938201574,0.5467794872075319,0.5547027567028999,4,"1000,1001,1002,1003",59000,200,True
repeat-copy,structural_features,loss,none,11800,0.5490824623778463,0.005217635278346878,0.5413048371672631,0.555963566750288,4,"1000,1001,1002,1003",59000,200,True
repeat-copy,structural_features,loss,none,12000,0.5503744719922543,0.008720251916582253,0.5413275344669819,0.560533487200737,4,"1000,1001,1002,1003",59000,200,True
repeat-copy,structural_features,loss,none,12200,0.5558070599846542,0.0012474214065396577,0.553876241222024,0.5571087400615216,4,"1000,1001,1002,1003",59000,200,True
repeat-copy,structural_features,loss,none,12400,0.5497376489825547,0.005966005910847714,0.5426806350052357,0.5583729408681393,4,"1000,1001,1002,1003",59000,200,True
repeat-copy,structural_features,loss,none,12600,0.5496487473882735,0.005289217064321275,0.5423730834573507,0.5556296878308058,4,"1000,1001,1002,1003",59000,200,True
repeat-copy,structural_features,loss,none,12800,0.5482372109033167,0.012882407796021966,0.5332989034801722,0.5660283143818379,4,"1000,1001,1002,1003",59000,200,True
repeat-copy,structural_features,loss,none,13000,0.5497941685095429,0.0070978713178437665,0.541933900937438,0.561253319233656,4,"1000,1001,1002,1003",59000,200,True
repeat-copy,structural_features,loss,none,13200,0.5515179200842977,0.006174768813522933,0.5435562399029732,0.5599171198904515,4,"1000,1001,1002,1003",59000,200,True
repeat-copy,structural_features,loss,none,13400,0.5481168621964753,0.007033099814604669,0.5372345945239068,0.555995087325573,4,"1000,1001,1002,1003",59000,200,True
repeat-copy,structural_features,loss,none,13600,0.5482395378686488,0.004754461598257587,0.540441796630621,0.5532982299476862,4,"1000,1001,1002,1003",59000,200,True
repeat-copy,structural_features,loss,none,13800,0.5432435551192613,0.004130236830615638,0.5384561049938202,0.5485944546759128,4,"1000,1001,1002,1003",59000,200,True
repeat-copy,structural_features,loss,none,14000,0.5488675401173532,0.003034783975831176,0.5446447261422872,0.5532260192185641,4,"1000,1001,1002,1003",59000,200,True
repeat-copy,structural_features,loss,none,14200,0.5451581477373839,0.004983255133721298,0.5385565002262592,0.552529675513506,4,"1000,1001,1002,1003",59000,200,True
repeat-copy,structural_features,loss,none,14400,0.5450637088622898,0.0015869245398994634,0.5434928296133876,0.5476843389868736,4,"1000,1001,1002,1003",59000,200,True
repeat-copy,structural_features,loss,none,14600,0.5453943965118379,0.009163963364520251,0.5343523681163788,0.5564377464354038,4,"1000,1001,1002,1003",59000,200,True
repeat-copy,structural_features,loss,none,14800,0.5453015059232712,0.004219284540411958,0.540634254142642,0.5518194371461869,4,"1000,1001,1002,1003",59000,200,True
repeat-copy,structural_features,loss,none,15000,0.5436068012379109,0.004998260080748347,0.5383571617305278,0.5498263759166002,4,"1000,1001,1002,1003",59000,200,True
repeat-copy,structural_features,loss,none,15200,0.545744989803061,0.0057324337620281475,0.5418566808477044,0.555652794316411,4,"1000,1001,1002,1003",59000,200,True
repeat-copy,structural_features,loss,none,15400,0.5394420394301415,0.0045111899913087405,0.5349642930179834,0.5465076764672995,4,"1000,1001,1002,1003",59000,200,True
repeat-copy,structural_features,loss,none,15600,0.5393969715945424,0.0037103884146765242,0.5355198553949595,0.5440322075784206,4,"1000,1001,1002,1003",59000,200,True
repeat-copy,structural_features,loss,none,15800,0.5353870698064566,0.004606528855084935,0.5309685341268778,0.5422703611850739,4,"1000,1001,1002,1003",59000,200,True
repeat-copy,structural_features,loss,none,16000,0.5447890368755907,0.0016613442595374871,0.5427725250646472,0.5473725215345621,4,"1000,1001,1002,1003",59000,200,True
repeat-copy,structural_features,loss,none,16200,0.5410841875895858,0.004179215129392626,0.535350761860609,0.5463891989737749,4,"1000,1001,1002,1003",59000,200,True
repeat-copy,structural_features,loss,none,16400,0.537044184692204,0.005107052600478145,0.5305856747180223,0.5439754232019186,4,"1000,1001,1002,1003",59000,200,True
repeat-copy,structural_features,loss,none,16600,0.5379134888201953,0.004413118489194268,0.5345228124409914,0.5453928510844708,4,"1000,1001,1002,1003",59000,200,True
repeat-copy,structural_features,loss,none,16800,0.541572790890932,0.006107322430937287,0.5323794398084283,0.5481705199554563,4,"1000,1001,1002,1003",59000,200,True
repeat-copy,structural_features,loss,none,17000,0.5378900307882577,0.0022905378078982943,0.534897790402174,0.5411979547888041,4,"1000,1001,1002,1003",59000,200,True
repeat-copy,structural_features,loss,none,17200,0.5352735493332148,0.006882019456900066,0.5246737516671419,0.5433130194246769,4,"1000,1001,1002,1003",59000,200,True
repeat-copy,structural_features,loss,none,17400,0.537211641119793,0.004938517377949446,0.5305962678790093,0.5429342015832662,4,"1000,1001,1002,1003",59000,200,True
repeat-copy,structural_features,loss,none,17600,0.5367148950137198,0.00821722212664585,0.5238938652724028,0.5467159640043974,4,"1000,1001,1002,1003",59000,200,True
repeat-copy,structural_features,loss,none,17800,0.5337031107209622,0.004641056127757398,0.527191202789545,0.5403172945231199,4,"1000,1001,1002,1003",59000,200,True
repeat-copy,structural_features,loss,none,18000,0.5366732886061072,0.00516629204241707,0.5281640485674143,0.5418374755233526,4,"1000,1001,1002,1003",59000,200,True
repeat-copy,structural_features,loss,none,18200,0.5297924580145628,0.003526734276743193,0.5259509982913733,0.5337610303610564,4,"1000,1001,1002,1003",59000,200,True
repeat-copy,structural_features,loss,none,18400,0.5252080699801445,0.014702636831443424,0.5014580737054348,0.5382594725489617,4,"1000,1001,1002,1003",59000,200,True
repeat-copy,structural_features,loss,none,18600,0.5307690580096096,0.016236162184472602,0.503898682370782,0.5475354608148336,4,"1000,1001,1002,1003",59000,200,True
repeat-copy,structural_features,loss,none,18800,0.5223450452275574,0.019092345261848432,0.4928935202583671,0.5451934184134006,4,"1000,1001,1002,1003",59000,200,True
repeat-copy,structural_features,loss,none,19000,0.5181792363896965,0.026043127316378454,0.47384354077279567,0.5404252198338508,4,"1000,1001,1002,1003",59000,200,True
repeat-copy,structural_features,loss,none,19200,0.5165075455605983,0.03339319848618897,0.45875177025794983,0.5386190328747034,4,"1000,1001,1002,1003",59000,200,True
repeat-copy,structural_features,loss,none,19400,0.5076077305246144,0.044006472060178006,0.43141063161194326,0.5342101160436868,4,"1000,1001,1002,1003",59000,200,True
repeat-copy,structural_features,loss,none,19600,0.49032744053751226,0.05731507990548699,0.39165798455476764,0.5287763548642397,4,"1000,1001,1002,1003",59000,200,True
repeat-copy,structural_features,loss,none,19800,0.4954085659515113,0.06682819585198424,0.3801510386168957,0.5407973289489746,4,"1000,1001,1002,1003",59000,200,True
repeat-copy,structural_features,loss,none,20000,0.4910014853067696,0.06194303024433127,0.38416508615016937,0.5346360588073731,4,"1000,1001,1002,1003",59000,200,True
repeat-copy,structural_features,loss,none,20200,0.49500591835938396,0.06789455165319307,0.37742002349346876,0.5357115859538317,4,"1000,1001,1002,1003",59000,200,True
repeat-copy,structural_features,loss,none,20400,0.48237863821908833,0.08673951099998822,0.33248079925775526,0.541734850332141,4,"1000,1001,1002,1003",59000,200,True
repeat-copy,structural_features,loss,none,20600,0.4917754257423803,0.08168260601585434,0.35085955599322916,0.5491255834326148,4,"1000,1001,1002,1003",59000,200,True
repeat-copy,structural_features,loss,none,20800,0.47910073595587166,0.08149369729049438,0.3382476132549346,0.5345924713462591,4,"1000,1001,1002,1003",59000,200,True
repeat-copy,structural_features,loss,none,21000,0.47624078068882225,0.08825774059776134,0.32367080882191657,0.5323614191263915,4,"1000,1001,1002,1003",59000,200,True
repeat-copy,structural_features,loss,none,21200,0.4733928654668853,0.0897106017627948,0.31809574587270617,0.5295221269130707,4,"1000,1001,1002,1003",59000,200,True
repeat-copy,structural_features,loss,none,21400,0.47856532956473524,0.0802746843627928,0.33977805646136405,0.5318913639336824,4,"1000,1001,1002,1003",59000,200,True
repeat-copy,structural_features,loss,none,21600,0.47240000229678114,0.08792014409872206,0.3204376739030704,0.5310706491023303,4,"1000,1001,1002,1003",59000,200,True
repeat-copy,structural_features,loss,none,21800,0.47273326520342374,0.092146784651145,0.31352760272100566,0.5325627052783966,4,"1000,1001,1002,1003",59000,200,True
repeat-copy,structural_features,loss,none,22000,0.42806144980539096,0.1722271811903367,0.1297851836611517,0.5313566435873508,4,"1000,1001,1002,1003",59000,200,True
repeat-copy,structural_features,loss,none,22200,0.41374843739438805,0.18852266288698874,0.0873609510064125,0.5299679651111364,4,"1000,1001,1002,1003",59000,200,True
repeat-copy,structural_features,loss,none,22400,0.44108821459230974,0.14462087183220784,0.1906098276237026,0.5259044338203966,4,"1000,1001,1002,1003",59000,200,True
repeat-copy,structural_features,loss,none,22600,0.4984041619859636,0.04676417606169907,0.4177652343735099,0.532422305867076,4,"1000,1001,1002,1003",59000,200,True
repeat-copy,structural_features,loss,none,22800,0.5679399982956238,0.07287225824948869,0.5235443449765443,0.6940928242448717,4,"1000,1001,1002,1003",59000,200,True
repeat-copy,structural_features,loss,none,23000,0.41462459174450483,0.1916267167751936,0.08274461938068271,0.52921426191926,4,"1000,1001,1002,1003",59000,200,True
repeat-copy,structural_features,loss,none,23200,0.4076539191504708,0.20083828078588128,0.06037215001648292,0.5407611052319408,4,"1000,1001,1002,1003",59000,200,True
repeat-copy,structural_features,loss,none,23400,0.39987963026156653,0.20978021429048582,0.03666252850554883,0.52597555488348,4,"1000,1001,1002,1003",59000,200,True
repeat-copy,structural_features,loss,none,23600,0.3925652890035417,0.21077231196461793,0.02760887542273849,0.5200663235783577,4,"1000,1001,1002,1003",59000,200,True
repeat-copy,structural_features,loss,none,23800,0.4092485363275046,0.17800649457547427,0.10111772874603048,0.5219067565351725,4,"1000,1001,1002,1003",59000,200,True
repeat-copy,structural_features,loss,none,24000,0.3997159752890002,0.21171533623899888,0.03302618640940636,0.5244213858246803,4,"1000,1001,1002,1003",59000,200,True
repeat-copy,structural_features,loss,none,24200,0.39539763532375216,0.21761999179956534,0.01850011238013394,0.5245699792914092,4,"1000,1001,1002,1003",59000,200,True
repeat-copy,structural_features,loss,none,24400,0.39008696592951314,0.21764400630854153,0.013376341744442471,0.523795849904418,4,"1000,1001,1002,1003",59000,200,True
repeat-copy,structural_features,loss,none,24600,0.3933029318442277,0.22058793659932727,0.011246231591212564,0.5226541816443205,4,"1000,1001,1002,1003",59000,200,True
repeat-copy,structural_features,loss,none,24800,0.3956845752010122,0.20829497990733303,0.034968330059200525,0.5220347623899579,4,"1000,1001,1002,1003",59000,200,True
repeat-copy,structural_features,loss,none,25000,0.39213434008648623,0.21973312184161992,0.01158564860932529,0.5241971569135785,4,"1000,1001,1002,1003",59000,200,True
repeat-copy,structural_features,loss,none,25200,0.39552912114522776,0.22078959390662692,0.013185708275414073,0.5267056562751532,4,"1000,1001,1002,1003",59000,200,True
repeat-copy,structural_features,loss,none,25400,0.4008277487747546,0.20163824294927568,0.05160998256586027,0.5213685006648302,4,"1000,1001,1002,1003",59000,200,True
repeat-copy,structural_features,loss,none,25600,0.40302387934476436,0.20770538371012617,0.043515705552708825,0.5323069615475834,4,"1000,1001,1002,1003",59000,200,True
repeat-copy,structural_features,loss,none,25800,0.3949585947703599,0.22174878117404842,0.011147168393072206,0.536016766950488,4,"1000,1001,1002,1003",59000,200,True
repeat-copy,structural_features,loss,none,26000,0.3911759954960871,0.2204962366650638,0.009267788637371268,0.5196493924967944,4,"1000,1001,1002,1003",59000,200,True
repeat-copy,structural_features,loss,none,26200,0.38876821598420064,0.2209163149116241,0.006322961949190358,0.5251822592690587,4,"1000,1001,1002,1003",59000,200,True
repeat-copy,structural_features,loss,none,26400,0.3905942515780771,0.21685340436529565,0.015508905363676604,0.5319453806430101,4,"1000,1001,1002,1003",59000,200,True
repeat-copy,structural_features,loss,none,26600,0.39002212523992064,0.22250949698174802,0.004729508088785223,0.5261738399229944,4,"1000,1001,1002,1003",59000,200,True
repeat-copy,structural_features,loss,none,26800,0.4127415994338662,0.182755166697325,0.09633357259182958,0.526694616265595,4,"1000,1001,1002,1003",59000,200,True
repeat-copy,structural_features,loss,none,27000,0.4040849090066332,0.19353324994997614,0.06898347781097983,0.5209334514662624,4,"1000,1001,1002,1003",59000,200,True
repeat-copy,structural_features,loss,none,27200,0.38976120340266784,0.21596938188787462,0.015846271500049625,0.5200270361453295,4,"1000,1001,1002,1003",59000,200,True
repeat-copy,structural_features,loss,none,27400,0.3972592741991684,0.20712449980127484,0.03858761353243608,0.5224458225816488,4,"1000,1001,1002,1003",59000,200,True
repeat-copy,structural_features,loss,none,27600,0.38793399624457375,0.22107196547473665,0.005100890600151615,0.5198417846672236,4,"1000,1001,1002,1003",59000,200,True
repeat-copy,structural_features,loss,none,27800,0.3814121044845888,0.21593015105503413,0.007453837040666258,0.5109966835007071,4,"1000,1001,1002,1003",59000,200,True
repeat-copy,structural_features,loss,none,28000,0.3824618577414731,0.21780482599777803,0.0052206604993261865,0.5093742083013058,4,"1000,1001,1002,1003",59000,200,True
repeat-copy,structural_features,loss,none,28200,0.38278825119672544,0.2185888985017969,0.004347279801004333,0.515472241602838,4,"1000,1001,1002,1003",59000,200,True
repeat-copy,structural_features,loss,none,28400,0.381379280423389,0.21889197852921535,0.0023608609758957754,0.516237055528909,4,"1000,1001,1002,1003",59000,200,True
repeat-copy,structural_features,loss,none,28600,0.3896786733651425,0.2207083410796246,0.007586638342545484,0.5244178968667984,4,"1000,1001,1002,1003",59000,200,True
repeat-copy,structural_features,loss,none,28800,0.38773455261354683,0.21994161750895871,0.007019573398283682,0.5262907756492495,4,"1000,1001,1002,1003",59000,200,True
repeat-copy,structural_features,loss,none,29000,0.3890276640461889,0.21783499002524395,0.011738025674276287,0.5175747763365507,4,"1000,1001,1002,1003",59000,200,True
repeat-copy,structural_features,loss,none,29200,0.3836776832935175,0.22026714085231164,0.002307253806575318,0.5195089780725539,4,"1000,1001,1002,1003",59000,200,True
repeat-copy,structural_features,loss,none,29400,0.38298161202066694,0.21758643915152734,0.006216131931287236,0.5141646502166987,4,"1000,1001,1002,1003",59000,200,True
repeat-copy,structural_features,loss,none,29600,0.38856456606848955,0.22238130455092434,0.0035959746209846344,0.528649632781744,4,"1000,1001,1002,1003",59000,200,True
repeat-copy,structural_features,loss,none,29800,0.3829368029526541,0.22061533720788185,0.0009868899513458017,0.5173423506319523,4,"1000,1001,1002,1003",59000,200,True
repeat-copy,structural_features,loss,none,30000,0.38395546258214386,0.219802824919245,0.0032903955232904993,0.5163372825831175,4,"1000,1001,1002,1003",59000,200,True
repeat-copy,structural_features,loss,none,30200,0.37724189077746817,0.21654016493455772,0.002257697461573116,0.5077206349000335,4,"1000,1001,1002,1003",59000,200,True
repeat-copy,structural_features,loss,none,30400,0.38319549005841963,0.2203924558623605,0.001495014574011293,0.5149713965691626,4,"1000,1001,1002,1003",59000,200,True
repeat-copy,structural_features,loss,none,30600,0.3749877065681994,0.21386826876763995,0.004665232861843833,0.505368254519999,4,"1000,1001,1002,1003",59000,200,True
repeat-copy,structural_features,loss,none,30800,0.3893292557746918,0.221549140663639,0.005836094979495101,0.5271549885347485,4,"1000,1001,1002,1003",59000,200,True
repeat-copy,structural_features,loss,none,31000,0.38280036076856055,0.22089418496945395,0.00033311765451799147,0.5181939149647952,4,"1000,1001,1002,1003",59000,200,True
repeat-copy,structural_features,loss,none,31200,0.3994599185762763,0.19804364462220053,0.0568862990177513,0.5236043184436858,4,"1000,1001,1002,1003",59000,200,True
repeat-copy,structural_features,loss,none,31400,0.3786428125777457,0.21114338919720924,0.013019385353545658,0.5050985689088702,4,"1000,1001,1002,1003",59000,200,True
repeat-copy,structural_features,loss,none,31600,0.38889346227946586,0.20845882919809916,0.027950323557961385,0.5172454468160868,4,"1000,1001,1002,1003",59000,200,True
repeat-copy,structural_features,loss,none,31800,0.3768311792399436,0.21471778340683215,0.0050683495576231506,0.5102793992310762,4,"1000,1001,1002,1003",59000,200,True
repeat-copy,structural_features,loss,none,32000,0.38276553280541525,0.22005431465558958,0.0016569524214355624,0.5143435657024383,4,"1000,1001,1002,1003",59000,200,True
repeat-copy,structural_features,loss,none,32200,0.37818744833109125,0.21338039283043447,0.009093110793946835,0.5165986423473805,4,"1000,1001,1002,1003",59000,200,True
repeat-copy,structural_features,loss,none,32400,0.3782124969672396,0.21753911094651557,0.0016092267751628242,0.5119776694662869,4,"1000,1001,1002,1003",59000,200,True
repeat-copy,structural_features,loss,none,32600,0.38230912116041055,0.21876479253030526,0.003647350078881573,0.5152486964315176,4,"1000,1001,1002,1003",59000,200,True
repeat-copy,structural_features,loss,none,32800,0.38444907157773744,0.22174569549046394,0.000437261447259516,0.5168312603421509,4,"1000,1001,1002,1003",59000,200,True
repeat-copy,structural_features,loss,none,33000,0.3790856084003008,0.21708507727933934,0.0032179539311255213,0.5137745005264879,4,"1000,1001,1002,1003",59000,200,True
repeat-copy,structural_features,loss,none,33200,0.38350378538853425,0.22109513114769264,0.000582584045787371,0.5154152958840131,4,"1000,1001,1002,1003",59000,200,True
repeat-copy,structural_features,loss,none,33400,0.3781699680499071,0.217651863297114,0.0012884705734586533,0.5118870824947953,4,"1000,1001,1002,1003",59000,200,True
repeat-copy,structural_features,loss,none,33600,0.3783569921809078,0.21824169450859776,0.00041084331453475895,0.5090969707258046,4,"1000,1001,1002,1003",59000,200,True
repeat-copy,structural_features,loss,none,33800,0.376367935649223,0.21674891224151335,0.0014541170899246936,0.5196233470924199,4,"1000,1001,1002,1003",59000,200,True
repeat-copy,structural_features,loss,none,34000,0.3818975269693351,0.2165557375654102,0.007210869934942821,0.5214272711705417,4,"1000,1001,1002,1003",59000,200,True
repeat-copy,structural_features,loss,none,34200,0.3777134875992135,0.2177254574698476,0.0007282746273313024,0.5080918461084366,4,"1000,1001,1002,1003",59000,200,True
repeat-copy,structural_features,loss,none,34400,0.3825795421989864,0.20464154587096386,0.02835336337173203,0.5106462937779724,4,"1000,1001,1002,1003",59000,200,True
repeat-copy,structural_features,loss,none,34600,0.3796606093418756,0.21200675182523288,0.012681557543378403,0.5114064535452053,4,"1000,1001,1002,1003",59000,200,True
repeat-copy,structural_features,loss,none,34800,0.3719505367669603,0.2142868842614984,0.0011158118152434326,0.5050111074000597,4,"1000,1001,1002,1003",59000,200,True
repeat-copy,structural_features,loss,none,35000,0.38157578567531114,0.1975354124963776,0.03961746424526609,0.5041463117115199,4,"1000,1001,1002,1003",59000,200,True
repeat-copy,structural_features,loss,none,35200,0.37157690028629303,0.21289018366317383,0.003046854966023602,0.505125535633415,4,"1000,1001,1002,1003",59000,200,True
repeat-copy,structural_features,loss,none,35400,0.37654561334500836,0.2169214587039359,0.000986518318832168,0.5097047723270953,4,"1000,1001,1002,1003",59000,200,True
repeat-copy,structural_features,loss,none,35600,0.37589097126603294,0.21640165834853642,0.0012388490226931026,0.5112904194742441,4,"1000,1001,1002,1003",59000,200,True
repeat-copy,structural_features,loss,none,35800,0.37959650569706815,0.21816485499320512,0.00225557093954194,0.5226018453016877,4,"1000,1001,1002,1003",59000,200,True
repeat-copy,structural_features,loss,none,36000,0.3724535461224445,0.2148846073151595,0.0004365264206444408,0.5064642688259482,4,"1000,1001,1002,1003",59000,200,True
repeat-copy,structural_features,loss,none,36200,0.37404995484768505,0.2154046300280444,0.001548524141389862,0.5087376967817545,4,"1000,1001,1002,1003",59000,200,True
repeat-copy,structural_features,loss,none,36400,0.375118238219992,0.21020992554884038,0.011115992197769629,0.5040519180335105,4,"1000,1001,1002,1003",59000,200,True
repeat-copy,structural_features,loss,none,36600,0.37805654974252656,0.21576760886419227,0.004367828623157948,0.505374694392085,4,"1000,1001,1002,1003",59000,200,True
repeat-copy,structural_features,loss,none,36800,0.3733611551723539,0.21484842412155591,0.0013872755989814323,0.5074539455398918,4,"1000,1001,1002,1003",59000,200,True
repeat-copy,structural_features,loss,none,37000,0.3737868071523053,0.21534300313424712,0.0011247090673168715,0.512473217844963,4,"1000,1001,1002,1003",59000,200,True
repeat-copy,structural_features,loss,none,37200,0.36828240343064633,0.21142548177752152,0.002367347988210895,0.5036682188976556,4,"1000,1001,1002,1003",59000,200,True
repeat-copy,structural_features,loss,none,37400,0.37130175054335945,0.2108077568555904,0.0065875815844901806,0.5079159114230424,4,"1000,1001,1002,1003",59000,200,True
repeat-copy,structural_features,loss,none,37600,0.3787559940066165,0.2186997116157243,0.00015635526030337134,0.5164823585189879,4,"1000,1001,1002,1003",59000,200,True
repeat-copy,structural_features,loss,none,37800,0.3725821442091086,0.21513129241482834,4.847461513918461e-05,0.5040464295167476,4,"1000,1001,1002,1003",59000,200,True
repeat-copy,structural_features,loss,none,38000,0.3706205432184003,0.21210186297715033,0.0033064400207103973,0.49770025397650897,4,"1000,1001,1002,1003",59000,200,True
repeat-copy,structural_features,loss,none,38200,0.37196993223392383,0.2146938730029605,0.00027695662345649907,0.5060674580838531,4,"1000,1001,1002,1003",59000,200,True
repeat-copy,structural_features,loss,none,38400,0.37178073625542085,0.21397572804276224,0.0018361947730500105,0.5063758627325297,4,"1000,1001,1002,1003",59000,200,True
repeat-copy,structural_features,loss,none,38600,0.37031639567118535,0.2137998667468645,7.432050103034271e-05,0.5004723532591016,4,"1000,1001,1002,1003",59000,200,True
repeat-copy,structural_features,loss,none,38800,0.37145471966503096,0.2144474745505148,0.00020660279892013023,0.5056113726831972,4,"1000,1001,1002,1003",59000,200,True
repeat-copy,structural_features,loss,none,39000,0.3693526189234679,0.21263534396424924,0.0011380045332435884,0.4991995846526697,4,"1000,1001,1002,1003",59000,200,True
repeat-copy,structural_features,loss,none,39200,0.37002790280686326,0.21207837299536889,0.0028254598872217685,0.5003618745645508,4,"1000,1001,1002,1003",59000,200,True
repeat-copy,structural_features,loss,none,39400,0.3644328401463144,0.210370393910376,0.00044065995776691123,0.5000523545779287,4,"1000,1001,1002,1003",59000,200,True
repeat-copy,structural_features,loss,none,39600,0.36845643528526695,0.21235064167683942,0.000987583734990949,0.5027849450986832,4,"1000,1001,1002,1003",59000,200,True
repeat-copy,structural_features,loss,none,39800,0.37144339427453305,0.2130842542185679,0.002674080798731211,0.5062231642380357,4,"1000,1001,1002,1003",59000,200,True
repeat-copy,structural_features,loss,none,40000,0.36496766221451227,0.21117308153007777,3.9485552259748144e-05,0.509154445277527,4,"1000,1001,1002,1003",59000,200,True
repeat-copy,structural_features,loss,none,40200,0.3740769383132423,0.21291771388967487,0.005445391482845707,0.5024339032825083,4,"1000,1001,1002,1003",59000,200,True
repeat-copy,structural_features,loss,none,40400,0.3663885214262277,0.2112123076305019,0.0014222740758611963,0.5116183090209961,4,"1000,1001,1002,1003",59000,200,True
repeat-copy,structural_features,loss,none,40600,0.36594345680561213,0.20865262772223392,0.0046941601767139214,0.49607448747381566,4,"1000,1001,1002,1003",59000,200,True
repeat-copy,structural_features,loss,none,40800,0.3586234677068029,0.20686337955672054,0.00042932615972176793,0.4823409417364746,4,"1000,1001,1002,1003",59000,200,True
repeat-copy,structural_features,loss,none,41000,0.36995899929218523,0.21340519494843876,0.00035689080210659084,0.4970999606046826,4,"1000,1001,1002,1003",59000,200,True
repeat-copy,structural_features,loss,none,41200,0.3638637934261989,0.20968982609909445,0.0008909067409337012,0.4929334312537685,4,"1000,1001,1002,1003",59000,200,True
repeat-copy,structural_features,loss,none,41400,0.3624176155994552,0.20900142445404823,0.0006744881290563854,0.495755803110078,4,"1000,1001,1002,1003",59000,200,True
repeat-copy,structural_features,loss,none,41600,0.36234505970710645,0.20923406505031392,2.7801770893347567e-05,0.490590406623669,4,"1000,1001,1002,1003",59000,200,True
repeat-copy,structural_features,loss,none,41800,0.3558721891042914,0.20448348842931238,0.0020539025066972274,0.488785624820739,4,"1000,1001,1002,1003",59000,200,True
repeat-copy,structural_features,loss,none,42000,0.3601214212883208,0.2054445317013621,0.004293968424202035,0.48153630062704905,4,"1000,1001,1002,1003",59000,200,True
repeat-copy,structural_features,loss,none,42200,0.3639874765658152,0.20938539391240624,0.0017062858177746422,0.5003841442521662,4,"1000,1001,1002,1003",59000,200,True
repeat-copy,structural_features,loss,none,42400,0.3582589341397078,0.20633851485174337,0.00098133943962182,0.4838650368247181,4,"1000,1001,1002,1003",59000,200,True
repeat-copy,structural_features,loss,none,42600,0.36170886578632916,0.20913797144046234,2.664412654667103e-05,0.49228821210563184,4,"1000,1001,1002,1003",59000,200,True
repeat-copy,structural_features,loss,none,42800,0.36903215680618473,0.21117356648464,0.003353228778491939,0.49669478319585325,4,"1000,1001,1002,1003",59000,200,True
repeat-copy,structural_features,loss,none,43000,0.3587925060004147,0.20650974793906188,0.0016174867229207734,0.4900635245395824,4,"1000,1001,1002,1003",59000,200,True
repeat-copy,structural_features,loss,none,43200,0.3651520786430592,0.21036766465399226,0.0011188284432137152,0.4944905017246492,4,"1000,1001,1002,1003",59000,200,True
repeat-copy,structural_features,loss,none,43400,0.3604028298704266,0.207808838731416,0.0005697505728660701,0.4883896071370691,4,"1000,1001,1002,1003",59000,200,True
repeat-copy,structural_features,loss,none,43600,0.36292939408599734,0.20881199345000376,0.0012792021608487403,0.4870844679023139,4,"1000,1001,1002,1003",59000,200,True
repeat-copy,structural_features,loss,none,43800,0.37690500589565745,0.16952950046728718,0.08330375290292863,0.4770595625648275,4,"1000,1001,1002,1003",59000,200,True
repeat-copy,structural_features,loss,none,44000,0.36828994992394043,0.21117084479789877,0.002573960764614753,0.4954303077980876,4,"1000,1001,1002,1003",59000,200,True
repeat-copy,structural_features,loss,none,44200,0.3562161379651025,0.20584341568497042,1.6760418693593236e-05,0.4857608167547733,4,"1000,1001,1002,1003",59000,200,True
repeat-copy,structural_features,loss,none,44400,0.36494236743094904,0.19041969156895977,0.035244053055757264,0.4825055687362328,4,"1000,1001,1002,1003",59000,200,True
repeat-copy,structural_features,loss,none,44600,0.36400586348536124,0.21039279630433336,2.1111366215222916e-05,0.5017233824031427,4,"1000,1001,1002,1003",59000,200,True
repeat-copy,structural_features,loss,none,44800,0.361677782918092,0.20212829871401516,0.011667329142096037,0.48480270185507834,4,"1000,1001,1002,1003",59000,200,True
repeat-copy,structural_features,loss,none,45000,0.35480632392180206,0.20459539217555012,0.0005681019002778953,0.48177106355316934,4,"1000,1001,1002,1003",59000,200,True
repeat-copy,structural_features,loss,none,45200,0.3575035070671349,0.20625765679561697,0.00044029900212706253,0.48666941334027797,4,"1000,1001,1002,1003",59000,200,True
repeat-copy,structural_features,loss,none,45400,0.3565542455434507,0.20568044713029313,0.0005348202624122678,0.48435499776853247,4,"1000,1001,1002,1003",59000,200,True
repeat-copy,structural_features,loss,none,45600,0.35621103216350974,0.204848336677329,0.0018400771477524813,0.48651361503172663,4,"1000,1001,1002,1003",59000,200,True
repeat-copy,structural_features,loss,none,45800,0.3592048802251767,0.2061027744439248,0.0022380873614281428,0.480665342528373,4,"1000,1001,1002,1003",59000,200,True
repeat-copy,structural_features,loss,none,46000,0.3562096483777414,0.20545917339396091,0.0004299396342213413,0.4811373576382175,4,"1000,1001,1002,1003",59000,200,True
repeat-copy,structural_features,loss,none,46200,0.367437620663018,0.21230703355366695,9.741620361864989e-06,0.5032941172644496,4,"1000,1001,1002,1003",59000,200,True
repeat-copy,structural_features,loss,none,46400,0.3692965257096761,0.18376055927470625,0.05105263838496242,0.47837866622023284,4,"1000,1001,1002,1003",59000,200,True
repeat-copy,structural_features,loss,none,46600,0.37834015377828756,0.17834713123622425,0.06964492315785577,0.4919978808285668,4,"1000,1001,1002,1003",59000,200,True
repeat-copy,structural_features,loss,none,46800,0.3640639814216705,0.2102238860503386,1.0435856065242888e-05,0.49074586580274626,4,"1000,1001,1002,1003",59000,200,True
repeat-copy,structural_features,loss,none,47000,0.35180893160405835,0.20068206900393154,0.004273676197167049,0.4735464055929333,4,"1000,1001,1002,1003",59000,200,True
repeat-copy,structural_features,loss,none,47200,0.3597353509788255,0.2077312123035432,0.00042222292082101377,0.4971112084761262,4,"1000,1001,1002,1003",59000,200,True
repeat-copy,structural_features,loss,none,47400,0.3520656779168262,0.20265198450825508,0.0012780740466786255,0.47707280341302977,4,"1000,1001,1002,1003",59000,200,True
repeat-copy,structural_features,loss,none,47600,0.353086918610265,0.20397846018642957,1.4323698358538195e-05,0.4826963293645531,4,"1000,1001,1002,1003",59000,200,True
repeat-copy,structural_features,loss,none,47800,0.3609804507758772,0.20848668619022964,0.00012251049301639227,0.4888700208463706,4,"1000,1001,1002,1003",59000,200,True
repeat-copy,structural_features,loss,none,48000,0.3508303640289402,0.20178157807595012,0.0016806886303916712,0.4814618612406775,4,"1000,1001,1002,1003",59000,200,True
repeat-copy,structural_features,loss,none,48200,0.36974923129352993,0.1791672046056612,0.05979573571295561,0.4866233308194205,4,"1000,1001,1002,1003",59000,200,True
repeat-copy,structural_features,loss,none,48400,0.3583735533869634,0.20675217777413663,0.0006101492543871246,0.48813967127818614,4,"1000,1001,1002,1003",59000,200,True
repeat-copy,structural_features,loss,none,48600,0.3575956715812315,0.20611260783650667,0.0007619464793670261,0.48475970814004543,4,"1000,1001,1002,1003",59000,200,True
repeat-copy,structural_features,loss,none,48800,0.3496919214508789,0.20200479026795037,1.5321126604135315e-05,0.47629460708703847,4,"1000,1001,1002,1003",59000,200,True
repeat-copy,structural_features,loss,none,49000,0.3515454530723276,0.20162386053471035,0.0030486397189318382,0.48583044425351546,4,"1000,1001,1002,1003",59000,200,True
repeat-copy,structural_features,loss,none,49200,0.3507844674768784,0.20295184755302953,8.42923574936094e-06,0.4852332990989089,4,"1000,1001,1002,1003",59000,200,True
repeat-copy,structural_features,loss,none,49400,0.3593708990127758,0.20677311281465421,0.002194158236021906,0.4987485914118588,4,"1000,1001,1002,1003",59000,200,True
repeat-copy,structural_features,loss,none,49600,0.37456948089215214,0.1751614143909478,0.071312478131955,0.4826479685585946,4,"1000,1001,1002,1003",59000,200,True
repeat-copy,structural_features,loss,none,49800,0.3985987336631547,0.12667918704753023,0.17943771912740886,0.48123353015631437,4,"1000,1001,1002,1003",59000,200,True
repeat-copy,structural_features,loss,none,50000,0.3479728417506604,0.2010104083746338,0.0005182539569398159,0.47857607892714443,4,"1000,1001,1002,1003",59000,200,True
repeat-copy,structural_features,loss,none,50200,0.348440866387818,0.20166492476574402,1.0528206437925292e-05,0.48575505811022596,4,"1000,1001,1002,1003",59000,200,True
repeat-copy,structural_features,loss,none,50400,0.35241637188971536,0.20296111062702782,0.0012583149911846192,0.4792892532609403,4,"1000,1001,1002,1003",59000,200,True
repeat-copy,structural_features,loss,none,50600,0.35359170190791317,0.17532472815426162,0.05244400255402354,0.48378878070041537,4,"1000,1001,1002,1003",59000,200,True
repeat-copy,structural_features,loss,none,50800,0.42767772707034474,0.06010860726304726,0.3243502111101937,0.4726245393231511,4,"1000,1001,1002,1003",59000,200,True
repeat-copy,structural_features,loss,none,51000,0.3738726254743563,0.14114204141982628,0.1328052545939727,0.47650867897085847,4,"1000,1001,1002,1003",59000,200,True
repeat-copy,structural_features,loss,none,51200,0.3294152316147052,0.19045268015870023,0.0031892935891394813,0.46244281708495694,4,"1000,1001,1002,1003",59000,200,True
repeat-copy,structural_features,loss,none,51400,0.34761970679593107,0.1465803105192185,0.10670218036266306,0.4708090787206311,4,"1000,1001,1002,1003",59000,200,True
repeat-copy,structural_features,loss,none,51600,0.32394246663792386,0.1915035355347532,0.001222191509282311,0.469187905122526,4,"1000,1001,1002,1003",59000,200,True
repeat-copy,structural_features,loss,none,51800,0.31803682271666917,0.19210114134580414,0.0030787205468806177,0.4822430642135441,4,"1000,1001,1002,1003",59000,200,True
repeat-copy,structural_features,loss,none,52000,0.31793505865959265,0.19253537855736833,0.0003037803175783438,0.4770455210702494,4,"1000,1001,1002,1003",59000,200,True
repeat-copy,structural_features,loss,none,52200,0.3051938927062968,0.1841598420907722,0.007360181239762369,0.47590395086386705,4,"1000,1001,1002,1003",59000,200,True
repeat-copy,structural_features,loss,none,52400,0.2979633921831456,0.19554111989085168,0.0003129271178806903,0.4741594797675498,4,"1000,1001,1002,1003",59000,200,True
repeat-copy,structural_features,loss,none,52600,0.3550860788787129,0.20632776368319977,9.65857780386159e-06,0.5052499386109411,4,"1000,1001,1002,1003",59000,200,True
repeat-copy,structural_features,loss,none,52800,0.25774869178341814,0.20911773394978597,0.0013709006187878003,0.4639088306768099,4,"1000,1001,1002,1003",59000,200,True
repeat-copy,structural_features,loss,none,53000,0.25895354177502616,0.21204681670713926,6.681952725386964e-06,0.47414571068482475,4,"1000,1001,1002,1003",59000,200,True
repeat-copy,structural_features,loss,none,53200,0.24993609986204085,0.2107623060880428,0.0019243512486623615,0.4636756889754906,4,"1000,1001,1002,1003",59000,200,True
repeat-copy,structural_features,loss,none,53400,0.2426108845206269,0.20881643172538614,0.0014539503850743785,0.4525292553100735,4,"1000,1001,1002,1003",59000,200,True
repeat-copy,structural_features,loss,none,53600,0.24938796444630684,0.22025184589462943,0.0001689302470987286,0.4687813150300644,4,"1000,1001,1002,1003",59000,200,True
repeat-copy,structural_features,loss,none,53800,0.2440094308033236,0.2177240470716583,0.0024350559183861265,0.48532802464440467,4,"1000,1001,1002,1003",59000,200,True
repeat-copy,structural_features,loss,none,54000,0.2500291294342867,0.21484409449499628,0.006145491559395779,0.46828609824879097,4,"1000,1001,1002,1003",59000,200,True
repeat-copy,structural_features,loss,none,54200,0.23991812192658485,0.2201624124593533,0.002020611549888258,0.4711417736345902,4,"1000,1001,1002,1003",59000,200,True
repeat-copy,structural_features,loss,none,54400,0.24277575343726254,0.2233348953494372,0.0014743059720399288,0.47387884782161566,4,"1000,1001,1002,1003",59000,200,True
repeat-copy,structural_features,loss,none,54600,0.2488607190508651,0.22144674655405586,0.0009946631855655141,0.49140975458547476,4,"1000,1001,1002,1003",59000,200,True
repeat-copy,structural_features,loss,none,54800,0.2453106198100533,0.22760286664194582,0.00039396001321136966,0.47323828206164764,4,"1000,1001,1002,1003",59000,200,True
repeat-copy,structural_features,loss,none,55000,0.24205397625811204,0.2243977453021636,0.0013459638276619047,0.47689606622676367,4,"1000,1001,1002,1003",59000,200,True
repeat-copy,structural_features,loss,none,55200,0.2440553939225521,0.22251361483671964,0.0005806181117738163,0.4756020610034466,4,"1000,1001,1002,1003",59000,200,True
repeat-copy,structural_features,loss,none,55400,0.24095269463608882,0.22829745012422162,3.182299622324081e-06,0.4749865625961684,4,"1000,1001,1002,1003",59000,200,True
repeat-copy,structural_features,loss,none,55600,0.23811812368019658,0.2183449854007024,0.0007047775126551059,0.46241561641683804,4,"1000,1001,1002,1003",59000,200,True
repeat-copy,structural_features,loss,none,55800,0.2375723037431351,0.21790979817267,0.004515167371969398,0.4586771581158973,4,"1000,1001,1002,1003",59000,200,True
repeat-copy,structural_features,loss,none,56000,0.23444802569696144,0.21862045586366405,0.007350717127175983,0.4538753277808428,4,"1000,1001,1002,1003",59000,200,True
repeat-copy,structural_features,loss,none,56200,0.2425441026011685,0.2250587645962665,3.745683643323616e-06,0.47518411204218863,4,"1000,1001,1002,1003",59000,200,True
repeat-copy,structural_features,loss,none,56400,0.23654741225337167,0.2228063847690637,1.6697080907945861e-06,0.4640125877968967,4,"1000,1001,1002,1003",59000,200,True
repeat-copy,structural_features,loss,none,56600,0.24986566129097637,0.22431845821275645,0.015515248609299306,0.4760132109443657,4,"1000,1001,1002,1003",59000,200,True
repeat-copy,structural_features,loss,none,56800,0.23743532358579886,0.22724659571292907,2.9685688434142322e-05,0.46539198046550156,4,"1000,1001,1002,1003",59000,200,True
repeat-copy,structural_features,loss,none,57000,0.22965967797267398,0.22502270811471303,1.4623109263567358e-06,0.4590302088926546,4,"1000,1001,1002,1003",59000,200,True
repeat-copy,structural_features,loss,none,57200,0.2445546230479208,0.23180366168187375,0.003937918018511404,0.4779118087212555,4,"1000,1001,1002,1003",59000,200,True
repeat-copy,structural_features,loss,none,57400,0.23657150573782804,0.2280381582754396,0.0013941596056196914,0.47404601793386975,4,"1000,1001,1002,1003",59000,200,True
repeat-copy,structural_features,loss,none,57600,0.24165192603164876,0.21303214869963416,0.0010682373030564208,0.47564750238670966,4,"1000,1001,1002,1003",59000,200,True
repeat-copy,structural_features,loss,none,57800,0.23154633739324948,0.2216579785113435,0.003893797106657537,0.4590963012923021,4,"1000,1001,1002,1003",59000,200,True
repeat-copy,structural_features,loss,none,58000,0.23672158013829614,0.22665145805790557,0.00132093164649568,0.47156304171308877,4,"1000,1001,1002,1003",59000,200,True
repeat-copy,structural_features,loss,none,58200,0.23176405775408004,0.22417668463758073,0.00014329419049104785,0.4587911191955209,4,"1000,1001,1002,1003",59000,200,True
repeat-copy,structural_features,loss,none,58400,0.2479034850147228,0.21508367044964163,2.7200352673517613e-06,0.4634784553432837,4,"1000,1001,1002,1003",59000,200,True
repeat-copy,structural_features,loss,none,58600,0.23220781025302567,0.21882482800768432,6.990050488742127e-07,0.4522669492196292,4,"1000,1001,1002,1003",59000,200,True
repeat-copy,structural_features,loss,none,58800,0.23006830169821862,0.22459007082673535,0.0007781947873744687,0.455436191521585,4,"1000,1001,1002,1003",59000,200,True
repeat-copy,structural_features,loss,none,59000,0.23056067743615488,0.22004833857129158,1.9946816752369755e-06,0.4517681603267556,4,"1000,1001,1002,1003",59000,200,True
repeat-copy,structural_features,loss,length,200,0.643760078176856,0.0018893658367921823,0.6410746645927429,0.6459740528464317,4,"1000,1001,1002,1003",59000,200,True
repeat-copy,structural_features,loss,length,400,0.6341536840796471,0.0009395493249662561,0.6329581338167191,0.6354751014709472,4,"1000,1001,1002,1003",59000,200,True
repeat-copy,structural_features,loss,length,600,0.629588270932436,0.0006009778474856416,0.6286499291658402,0.6303256109356881,4,"1000,1001,1002,1003",59000,200,True
repeat-copy,structural_features,loss,length,800,0.625673156902194,0.0008553813251323351,0.6242346233129501,0.626368280351162,4,"1000,1001,1002,1003",59000,200,True
repeat-copy,structural_features,loss,length,1000,0.6210678587853908,0.0011415181339221893,0.6195370134711266,0.6223489075899125,4,"1000,1001,1002,1003",59000,200,True
repeat-copy,structural_features,loss,length,1200,0.6148762151226401,0.0015388284887311301,0.6123080509901047,0.6162210734188557,4,"1000,1001,1002,1003",59000,200,True
repeat-copy,structural_features,loss,length,1400,0.6131963423639536,0.0048961003004137985,0.6047272795438766,0.6163452573120594,4,"1000,1001,1002,1003",59000,200,True
repeat-copy,structural_features,loss,length,1600,0.6099247225746512,0.0023758418883107093,0.606049538999796,0.611911141872406,4,"1000,1001,1002,1003",59000,200,True
repeat-copy,structural_features,loss,length,1800,0.6064093018695711,0.0045963528704285475,0.5990840154886246,0.6117836099863052,4,"1000,1001,1002,1003",59000,200,True
repeat-copy,structural_features,loss,length,2000,0.6002038567885757,0.004783908731837374,0.59327546402812,0.6058092004060746,4,"1000,1001,1002,1003",59000,200,True
repeat-copy,structural_features,loss,length,2200,0.6014597478136421,0.007270836998605507,0.5890685832500457,0.6076165969669819,4,"1000,1001,1002,1003",59000,200,True
repeat-copy,structural_features,loss,length,2400,0.5969776220619678,0.009320041353997352,0.581244767010212,0.6044186429679393,4,"1000,1001,1002,1003",59000,200,True
repeat-copy,structural_features,loss,length,2600,0.5896162535250187,0.008331382842501843,0.5761882682144642,0.5983796451985836,4,"1000,1001,1002,1003",59000,200,True
repeat-copy,structural_features,loss,length,2800,0.5900041080638766,0.012653351734626218,0.5683427895605564,0.5998242758214474,4,"1000,1001,1002,1003",59000,200,True
repeat-copy,structural_features,loss,length,3000,0.5851043976843356,0.0144032329073012,0.5605515684187412,0.5969370427727699,4,"1000,1001,1002,1003",59000,200,True
repeat-copy,structural_features,loss,length,3200,0.5811436019092798,0.016113292433483254,0.5535729621350766,0.5932693231105804,4,"1000,1001,1002,1003",59000,200,True
repeat-copy,structural_features,loss,length,3400,0.5769879098981618,0.021900317389924647,0.5392695875465869,0.5927614161372184,4,"1000,1001,1002,1003",59000,200,True
repeat-copy,structural_features,loss,length,3600,0.5653241419792174,0.030276403554693746,0.5128981424868106,0.5835471756756305,4,"1000,1001,1002,1003",59000,200,True
repeat-copy,structural_features,loss,length,3800,0.55977420989424,0.041374740354960186,0.4890931722521782,0.5902736863493919,4,"1000,1001,1002,1003",59000,200,True
repeat-copy,structural_features,loss,length,4000,0.5490288336761295,0.05837210254381707,0.44800814904272557,0.586490025818348,4,"1000,1001,1002,1003",59000,200,True
repeat-copy,structural_features,loss,length,4200,0.5413319403957575,0.0627661061359951,0.4327016742154956,0.5815216033160686,4,"1000,1001,1002,1003",59000,200,True
repeat-copy,structural_features,loss,length,4400,0.5298326101247222,0.08135761050703222,0.3890259224548936,0.5799798518419266,4,"1000,1001,1002,1003",59000,200,True
repeat-copy,structural_features,loss,length,4600,0.5286812867270783,0.0832675138819825,0.38494849460199476,0.5856494668126107,4,"1000,1001,1002,1003",59000,200,True
repeat-copy,structural_features,loss,length,4800,0.5202438623504713,0.09223433051919487,0.3607271866686642,0.5790428510308265,4,"1000,1001,1002,1003",59000,200,True
repeat-copy,structural_features,loss,length,5000,0.49953985680360347,0.12394906417682929,0.28507429065182804,0.5765479503571987,4,"1000,1001,1002,1003",59000,200,True
repeat-copy,structural_features,loss,length,5200,0.47478693589568144,0.15098141090629214,0.21379168078303337,0.5742758782207966,4,"1000,1001,1002,1003",59000,200,True
repeat-copy,structural_features,loss,length,5400,0.4628898647241294,0.17117208658986677,0.16803268775343894,0.5818087188899517,4,"1000,1001,1002,1003",59000,200,True
repeat-copy,structural_features,loss,length,5600,0.47258498600916937,0.1424214038317595,0.22792405468411744,0.5722696848213673,4,"1000,1001,1002,1003",59000,200,True
repeat-copy,structural_features,loss,length,5800,0.44172742001945153,0.17024138888883467,0.15711730876006186,0.574672729820013,4,"1000,1001,1002,1003",59000,200,True
repeat-copy,structural_features,loss,length,6000,0.4265467526810244,0.18951685715858,0.10732285777106881,0.5733649795502425,4,"1000,1001,1002,1003",59000,200,True
repeat-copy,structural_features,loss,length,6200,0.4188602429418825,0.1931449308065427,0.10087057664059103,0.5744621007144451,4,"1000,1001,1002,1003",59000,200,True
repeat-copy,structural_features,loss,length,6400,0.41643350457423367,0.17909585546620538,0.13150445560459048,0.571077945381403,4,"1000,1001,1002,1003",59000,200,True
repeat-copy,structural_features,loss,length,6600,0.4104401921783574,0.17625960330484522,0.13947881069965662,0.567667960897088,4,"1000,1001,1002,1003",59000,200,True
repeat-copy,structural_features,loss,length,6800,0.3870477348088752,0.19557767451660577,0.09511208556126803,0.5666486823558807,4,"1000,1001,1002,1003",59000,200,True
repeat-copy,structural_features,loss,length,7000,0.3714967594435439,0.20234678323006502,0.09959228595718742,0.5686198416352272,4,"1000,1001,1002,1003",59000,200,True
repeat-copy,structural_features,loss,length,7200,0.35210566033027135,0.21414017198690571,0.09338809117209167,0.566754294782877,4,"1000,1001,1002,1003",59000,200,True
repeat-copy,structural_features,loss,length,7400,0.3368792596983258,0.2253015470501555,0.0705754710873589,0.5651775166392327,4,"1000,1001,1002,1003",59000,200,True
repeat-copy,structural_features,loss,length,7600,0.33106997911469077,0.23496251713965313,0.06296454291325063,0.5696504844725132,4,"1000,1001,1002,1003",59000,200,True
repeat-copy,structural_features,loss,length,7800,0.3205443448940059,0.2419072533129144,0.03661558144493029,0.5626766960322857,4,"1000,1001,1002,1003",59000,200,True
repeat-copy,structural_features,loss,length,8000,0.31294196971284693,0.2501532058107612,0.03571206867927686,0.5660461170971394,4,"1000,1001,1002,1003",59000,200,True
repeat-copy,structural_features,loss,length,8200,0.321475101406686,0.2427195030233745,0.056353575913235546,0.5685236321389675,4,"1000,1001,1002,1003",59000,200,True
repeat-copy,structural_features,loss,length,8400,0.31313441316771784,0.24680923417172348,0.04110933398129418,0.567125776708126,4,"1000,1001,1002,1003",59000,200,True
repeat-copy,structural_features,loss,length,8600,0.3058448682824383,0.25613509037064874,0.03245421219849959,0.5662982349097728,4,"1000,1001,1002,1003",59000,200,True
repeat-copy,structural_features,loss,length,8800,0.31386260073864836,0.245788036881637,0.059491339875385164,0.5641759423911572,4,"1000,1001,1002,1003",59000,200,True
repeat-copy,structural_features,loss,length,9000,0.30206841380771954,0.25721674780537623,0.03582451228401624,0.559850214868784,4,"1000,1001,1002,1003",59000,200,True
repeat-copy,structural_features,loss,length,9200,0.2945893320780305,0.2650538972056265,0.023529579085879958,0.5602234061062336,4,"1000,1001,1002,1003",59000,200,True
repeat-copy,structural_features,loss,length,9400,0.30423970383257254,0.25229714867299774,0.049872143140528354,0.5589291314035654,4,"1000,1001,1002,1003",59000,200,True
repeat-copy,structural_features,loss,length,9600,0.29637299025125685,0.26128856218823976,0.03275733066897374,0.5620999517291785,4,"1000,1001,1002,1003",59000,200,True
repeat-copy,structural_features,loss,length,9800,0.2932414175012673,0.26067619402933273,0.02402305906696711,0.5542928389459848,4,"1000,1001,1002,1003",59000,200,True
repeat-copy,structural_features,loss,length,10000,0.2882054051932937,0.2655623746848881,0.016951127418433316,0.5557856070250273,4,"1000,1001,1002,1003",59000,200,True
repeat-copy,structural_features,loss,length,10200,0.296689828137387,0.25874406931942295,0.02916447155032074,0.5610371267795563,4,"1000,1001,1002,1003",59000,200,True
repeat-copy,structural_features,loss,length,10400,0.2928077880502678,0.2608956652869093,0.029253326666075736,0.5544387463480234,4,"1000,1001,1002,1003",59000,200,True
repeat-copy,structural_features,loss,length,10600,0.28756685085390926,0.2655726434445545,0.010547981316922233,0.5569044582545757,4,"1000,1001,1002,1003",59000,200,True
repeat-copy,structural_features,loss,length,10800,0.28624457529957,0.25827221185322735,0.02704061272117542,0.5489770498871803,4,"1000,1001,1002,1003",59000,200,True
repeat-copy,structural_features,loss,length,11000,0.29088622798422875,0.2627782748475187,0.024352626406180206,0.5567027625441551,4,"1000,1001,1002,1003",59000,200,True
repeat-copy,structural_features,loss,length,11200,0.29112577822659663,0.2620861656304351,0.008923128906899365,0.5614619110524655,4,"1000,1001,1002,1003",59000,200,True
repeat-copy,structural_features,loss,length,11400,0.28024827584420564,0.2671040305045473,0.005835246408823877,0.5567236718535423,4,"1000,1001,1002,1003",59000,200,True
repeat-copy,structural_features,loss,length,11600,0.2776819533597882,0.259841595887487,0.011199746456404681,0.5510271202027798,4,"1000,1001,1002,1003",59000,200,True
repeat-copy,structural_features,loss,length,11800,0.2820161840518267,0.25270709801905783,0.016581649851286785,0.5475320582836867,4,"1000,1001,1002,1003",59000,200,True
repeat-copy,structural_features,loss,length,12000,0.27633607109324654,0.2568420681299686,0.009134526249836199,0.5533638134598732,4,"1000,1001,1002,1003",59000,200,True
repeat-copy,structural_features,loss,length,12200,0.2596196486976987,0.2518227401834735,0.005473600046825595,0.5511950212717056,4,"1000,1001,1002,1003",59000,200,True
repeat-copy,structural_features,loss,length,12400,0.24080521395528195,0.23449527552410884,0.011472319528547815,0.5459663879126311,4,"1000,1001,1002,1003",59000,200,True
repeat-copy,structural_features,loss,length,12600,0.24528477472897064,0.23644956435650633,0.010493530590028968,0.5437793726474047,4,"1000,1001,1002,1003",59000,200,True
repeat-copy,structural_features,loss,length,12800,0.22683830546047828,0.233430248275282,0.006351765174476895,0.5613604161143303,4,"1000,1001,1002,1003",59000,200,True
repeat-copy,structural_features,loss,length,13000,0.20081257160547467,0.21659830821922543,0.004677232307076337,0.543241146504879,4,"1000,1001,1002,1003",59000,200,True
repeat-copy,structural_features,loss,length,13200,0.18931484080585506,0.21848471816159007,0.005201819439098472,0.5414634182304144,4,"1000,1001,1002,1003",59000,200,True
repeat-copy,structural_features,loss,length,13400,0.1833764766353852,0.2212647686190078,0.004330024088849313,0.5512525019049644,4,"1000,1001,1002,1003",59000,200,True
repeat-copy,structural_features,loss,length,13600,0.18269278443127407,0.22014794349730998,0.007851515079673846,0.5508021359145642,4,"1000,1001,1002,1003",59000,200,True
repeat-copy,structural_features,loss,length,13800,0.17176690105741726,0.21900907620572754,0.0068803657888201995,0.5443473878502846,4,"1000,1001,1002,1003",59000,200,True
repeat-copy,structural_features,loss,length,14000,0.1742681633864413,0.2183924861742279,0.006876663768198341,0.5413813202083111,4,"1000,1001,1002,1003",59000,200,True
repeat-copy,structural_features,loss,length,14200,0.16158584383971175,0.2191206285115599,0.008250972610258032,0.5367033790051937,4,"1000,1001,1002,1003",59000,200,True
repeat-copy,structural_features,loss,length,14400,0.15378096145970632,0.22772065173271241,0.002700139653752558,0.5462200278043747,4,"1000,1001,1002,1003",59000,200,True
repeat-copy,structural_features,loss,length,14600,0.16665022041879637,0.222866299450847,0.00748363097285619,0.5490950583666563,4,"1000,1001,1002,1003",59000,200,True
repeat-copy,structural_features,loss,length,14800,0.1526077333525245,0.22470645352044685,0.0039568370716006026,0.539940899387002,4,"1000,1001,1002,1003",59000,200,True
repeat-copy,structural_features,loss,length,15000,0.1498026827221838,0.22227551634304876,0.004752755916561,0.5334813844412565,4,"1000,1001,1002,1003",59000,200,True
repeat-copy,structural_features,loss,length,15200,0.15261601050955503,0.22860727643133888,0.004876615529356059,0.5470944584161043,4,"1000,1001,1002,1003",59000,200,True
repeat-copy,structural_features,loss,length,15400,0.15061485519227974,0.22592239203715833,0.0038017875099831144,0.540620114505291,4,"1000,1001,1002,1003",59000,200,True
repeat-copy,structural_features,loss,length,15600,0.19420783771421157,0.21605267121650207,0.006685110109719972,0.5352712208777666,4,"1000,1001,1002,1003",59000,200,True
repeat-copy,structural_features,loss,length,15800,0.20020863741181527,0.21548977410363043,0.004401209230272798,0.5256365491449833,4,"1000,1001,1002,1003",59000,200,True
repeat-copy,structural_features,loss,length,16000,0.15410910340900955,0.22381786666465944,0.004589608799433336,0.5404669399559497,4,"1000,1001,1002,1003",59000,200,True
repeat-copy,structural_features,loss,length,16200,0.1613590003252466,0.2225724724862452,0.003887877612069133,0.5419811563193798,4,"1000,1001,1002,1003",59000,200,True
repeat-copy,structural_features,loss,length,16400,0.14256361765379552,0.22730216005708584,0.004406895884021651,0.5360278334468603,4,"1000,1001,1002,1003",59000,200,True
repeat-copy,structural_features,loss,length,16600,0.14375396037146856,0.22616240499953139,0.0044164421704772396,0.5350518299266696,4,"1000,1001,1002,1003",59000,200,True
repeat-copy,structural_features,loss,length,16800,0.1391481670914618,0.2277567805138986,0.0028023992971429835,0.5335254118964076,4,"1000,1001,1002,1003",59000,200,True
repeat-copy,structural_features,loss,length,17000,0.1410531793174414,0.23011514610845296,0.0015354398583440343,0.539450103379786,4,"1000,1001,1002,1003",59000,200,True
repeat-copy,structural_features,loss,length,17200,0.1454744405974179,0.2289043616526056,0.002624336491971917,0.5413759946078062,4,"1000,1001,1002,1003",59000,200,True
repeat-copy,structural_features,loss,length,17400,0.1441893877207508,0.22533102632429516,0.0041016180884616915,0.5338994899392128,4,"1000,1001,1002,1003",59000,200,True
repeat-copy,structural_features,loss,length,17600,0.13188326091355068,0.22306355722935525,0.0007893380966743279,0.5182247453555465,4,"1000,1001,1002,1003",59000,200,True
repeat-copy,structural_features,loss,length,17800,0.15314525885264174,0.21573423197775962,0.0020160181167193513,0.5222327765077353,4,"1000,1001,1002,1003",59000,200,True
repeat-copy,structural_features,loss,length,18000,0.14829560815064952,0.22577069449246548,0.0014100095316553051,0.5379759772866964,4,"1000,1001,1002,1003",59000,200,True
repeat-copy,structural_features,loss,length,18200,0.14019233410901508,0.2256967438541151,0.002526908843865385,0.5307957081496716,4,"1000,1001,1002,1003",59000,200,True
repeat-copy,structural_features,loss,length,18400,0.14093410509985688,0.22121994657406313,0.003092324382378138,0.5239122719876468,4,"1000,1001,1002,1003",59000,200,True
repeat-copy,structural_features,loss,length,18600,0.13916192603144736,0.2271403994306709,0.0008296741249068873,0.532354515939951,4,"1000,1001,1002,1003",59000,200,True
repeat-copy,structural_features,loss,length,18800,0.1377187189660981,0.22881170571593976,0.0015732465647306526,0.5339934407547117,4,"1000,1001,1002,1003",59000,200,True
repeat-copy,structural_features,loss,length,19000,0.13825128256449945,0.22353048026858688,0.0010174397340688302,0.5250583904236555,4,"1000,1001,1002,1003",59000,200,True
repeat-copy,structural_features,loss,length,19200,0.1381246988014027,0.22634240077138224,0.0026610409315617287,0.5301263376697898,4,"1000,1001,1002,1003",59000,200,True
repeat-copy,structural_features,loss,length,19400,0.1332770155424464,0.22618727986432322,0.00039172214114842064,0.5250341811031103,4,"1000,1001,1002,1003",59000,200,True
repeat-copy,structural_features,loss,length,19600,0.13042429960248114,0.21301737200820284,0.0018254240987835145,0.4992260926961899,4,"1000,1001,1002,1003",59000,200,True
repeat-copy,structural_features,loss,length,19800,0.14251354188468213,0.22697490361384742,0.0012522756067846785,0.5351479089260102,4,"1000,1001,1002,1003",59000,200,True
repeat-copy,structural_features,loss,length,20000,0.1548946614608849,0.21524341090164373,0.0016522004320722772,0.526382379680872,4,"1000,1001,1002,1003",59000,200,True
repeat-copy,structural_features,loss,length,20200,0.13639795962727247,0.22753406958049666,0.002839520294837712,0.5304915405809879,4,"1000,1001,1002,1003",59000,200,True
repeat-copy,structural_features,loss,length,20400,0.14412865575363412,0.22392057712240707,0.003813954693505366,0.5314370339736343,4,"1000,1001,1002,1003",59000,200,True
repeat-copy,structural_features,loss,length,20600,0.1374660716931396,0.22498758397122057,0.00025532683596338754,0.5269608970731496,4,"1000,1001,1002,1003",59000,200,True
repeat-copy,structural_features,loss,length,20800,0.1442977491752231,0.22132114561676602,0.0014707180405821418,0.5265484403446317,4,"1000,1001,1002,1003",59000,200,True
repeat-copy,structural_features,loss,length,21000,0.13616580797136182,0.2250173807685913,0.003630681157046638,0.5258903152495623,4,"1000,1001,1002,1003",59000,200,True
repeat-copy,structural_features,loss,length,21200,0.13045006444489102,0.22355972165031326,0.0009051221124036601,0.5176658471301198,4,"1000,1001,1002,1003",59000,200,True
repeat-copy,structural_features,loss,length,21400,0.1351668137779188,0.2270474031254664,0.002203633885947056,0.5284179054945707,4,"1000,1001,1002,1003",59000,200,True
repeat-copy,structural_features,loss,length,21600,0.1380007702301026,0.22210519388561767,0.00613357376489148,0.5226680665835738,4,"1000,1001,1002,1003",59000,200,True
repeat-copy,structural_features,loss,length,21800,0.1347803911301213,0.22658688642832497,0.00012137129941265812,0.5271930668503046,4,"1000,1001,1002,1003",59000,200,True
repeat-copy,structural_features,loss,length,22000,0.14879874173935803,0.21840515220271112,0.0015525181181146764,0.5249306747689844,4,"1000,1001,1002,1003",59000,200,True
repeat-copy,structural_features,loss,length,22200,0.1729166063747158,0.20519433175468443,0.0010685900616226717,0.5234298904240131,4,"1000,1001,1002,1003",59000,200,True
repeat-copy,structural_features,loss,length,22400,0.1377123234598173,0.21804087582881898,0.001398118003817217,0.5148575358837842,4,"1000,1001,1002,1003",59000,200,True
repeat-copy,structural_features,loss,length,22600,0.13566085501523958,0.21968815984343013,0.00011421211536799091,0.5158016721904278,4,"1000,1001,1002,1003",59000,200,True
repeat-copy,structural_features,loss,length,22800,0.21792664330833844,0.22574374485977788,0.0014010027277254267,0.525976798273623,4,"1000,1001,1002,1003",59000,200,True
repeat-copy,structural_features,loss,length,23000,0.13377379986446045,0.22200335633371673,0.0026031416681871634,0.518250692859292,4,"1000,1001,1002,1003",59000,200,True
repeat-copy,structural_features,loss,length,23200,0.1298556867916034,0.2215140951302828,0.0017210950093431165,0.5135292669944466,4,"1000,1001,1002,1003",59000,200,True
repeat-copy,structural_features,loss,length,23400,0.13805490241910207,0.22128434921005516,0.0009662479257667656,0.5208185718208551,4,"1000,1001,1002,1003",59000,200,True
repeat-copy,structural_features,loss,length,23600,0.1362561221595712,0.22041352645724221,0.001500966412404523,0.5179394517093897,4,"1000,1001,1002,1003",59000,200,True
repeat-copy,structural_features,loss,length,23800,0.13374100860272278,0.22055142308820366,0.0014045877521994044,0.5156085935235023,4,"1000,1001,1002,1003",59000,200,True
repeat-copy,structural_features,loss,length,24000,0.13133772612580488,0.2250741800001151,0.00018023097404579858,0.5211754971556366,4,"1000,1001,1002,1003",59000,200,True
repeat-copy,structural_features,loss,length,24200,0.12932218947789695,0.2199917565453,0.0016281569935199514,0.5103583964146674,4,"1000,1001,1002,1003",59000,200,True
repeat-copy,structural_features,loss,length,24400,0.14162786475569475,0.21670711727091183,0.0008584881165847946,0.5156310304626822,4,"1000,1001,1002,1003",59000,200,True
repeat-copy,structural_features,loss,length,24600,0.14583403264780373,0.21550311781133163,0.0013749226261279546,0.5164709873311222,4,"1000,1001,1002,1003",59000,200,True
repeat-copy,structural_features,loss,length,24800,0.14493513066554214,0.2109598578608872,0.0018028058453273843,0.5083539567142725,4,"1000,1001,1002,1003",59000,200,True
repeat-copy,structural_features,loss,length,25000,0.12788191064117457,0.218305080226194,0.0014580632760407752,0.5059967796038837,4,"1000,1001,1002,1003",59000,200,True
repeat-copy,structural_features,loss,length,25200,0.12819137087751128,0.2199296931429453,0.0002480721208462455,0.509118756102398,4,"1000,1001,1002,1003",59000,200,True
repeat-copy,structural_features,loss,length,25400,0.13112396018110276,0.2240297330876543,0.0013294553225568961,0.5191536726243794,4,"1000,1001,1002,1003",59000,200,True
repeat-copy,structural_features,loss,length,25600,0.13861247764535134,0.22618329644598884,7.117252769489824e-05,0.5300407079607248,4,"1000,1001,1002,1003",59000,200,True
repeat-copy,structural_features,loss,length,25800,0.14124404206479424,0.2249903571388304,0.00044635667805778214,0.5303542055748403,4,"1000,1001,1002,1003",59000,200,True
repeat-copy,structural_features,loss,length,26000,0.1316261973421737,0.22179157126710736,0.0001571231115246974,0.5157356196362525,4,"1000,1001,1002,1003",59000,200,True
repeat-copy,structural_features,loss,length,26200,0.13735284327953765,0.21483095728938364,0.0021410531341643944,0.5089868730772287,4,"1000,1001,1002,1003",59000,200,True
repeat-copy,structural_features,loss,length,26400,0.15358224898569858,0.2170260196971999,0.00047105480866775905,0.5282895509898663,4,"1000,1001,1002,1003",59000,200,True
repeat-copy,structural_features,loss,length,26600,0.1311872162908122,0.2228300689172442,0.0011030702135758474,0.5171370676346123,4,"1000,1001,1002,1003",59000,200,True
repeat-copy,structural_features,loss,length,26800,0.12669513691144685,0.21618584439706492,0.0005683010870984617,0.5011367468908429,4,"1000,1001,1002,1003",59000,200,True
repeat-copy,structural_features,loss,length,27000,0.13081421746481667,0.22458772735629262,2.8105612679496515e-05,0.51980911988765,4,"1000,1001,1002,1003",59000,200,True
repeat-copy,structural_features,loss,length,27200,0.1609532227561499,0.21303554867208047,0.0001491663494925888,0.5196248232573271,4,"1000,1001,1002,1003",59000,200,True
repeat-copy,structural_features,loss,length,27400,0.12922576614753398,0.21912173440993693,8.382531624022249e-05,0.5087447663396597,4,"1000,1001,1002,1003",59000,200,True
repeat-copy,structural_features,loss,length,27600,0.12980703508608002,0.22344420431972056,0.00010211008091573604,0.5168230359628797,4,"1000,1001,1002,1003",59000,200,True
repeat-copy,structural_features,loss,length,27800,0.12645033594794114,0.21667508424064785,0.0005868599387986251,0.5017413128074258,4,"1000,1001,1002,1003",59000,200,True
repeat-copy,structural_features,loss,length,28000,0.12742645285724977,0.21667187038987024,0.0006080113823105648,0.5027022480312735,4,"1000,1001,1002,1003",59000,200,True
repeat-copy,structural_features,loss,length,28200,0.1297437508978956,0.21706605434648918,0.0032049124386674065,0.5057100547198207,4,"1000,1001,1002,1003",59000,200,True
repeat-copy,structural_features,loss,length,28400,0.12617860474248743,0.2125629866859601,0.00010516940364595939,0.4942915971390903,4,"1000,1001,1002,1003",59000,200,True
repeat-copy,structural_features,loss,length,28600,0.14241648313788347,0.21553499584559058,0.001183486620157055,0.5146890005096794,4,"1000,1001,1002,1003",59000,200,True
repeat-copy,structural_features,loss,length,28800,0.2508152480286813,0.24946530786456608,0.0003051213160199495,0.5073188718780876,4,"1000,1001,1002,1003",59000,200,True
repeat-copy,structural_features,loss,length,29000,0.16598626244553996,0.20632494976224755,0.0004195006872942031,0.5057763165608048,4,"1000,1001,1002,1003",59000,200,True
repeat-copy,structural_features,loss,length,29200,0.1436394009725464,0.21289614110416982,0.0038231010228628294,0.510684732478112,4,"1000,1001,1002,1003",59000,200,True
repeat-copy,structural_features,loss,length,29400,0.12702461569845866,0.2085441284534603,6.217010460431993e-05,0.4880172556824982,4,"1000,1001,1002,1003",59000,200,True
repeat-copy,structural_features,loss,length,29600,0.12694291920531256,0.21887859260163858,2.0987965446579436e-05,0.5060503744706512,4,"1000,1001,1002,1003",59000,200,True
repeat-copy,structural_features,loss,length,29800,0.1263557560720637,0.21038281772682668,0.0004632868640965171,0.49069972238503395,4,"1000,1001,1002,1003",59000,200,True
repeat-copy,structural_features,loss,length,30000,0.12817064207216106,0.21302546639031233,0.00015561570058252982,0.497015157584101,4,"1000,1001,1002,1003",59000,200,True
repeat-copy,structural_features,loss,length,30200,0.13402457502397572,0.21024712689645783,3.301799301212327e-05,0.49723216104554013,4,"1000,1001,1002,1003",59000,200,True
repeat-copy,structural_features,loss,length,30400,0.14428654210376515,0.20566231643879396,0.0019319321268491763,0.4994346787035465,4,"1000,1001,1002,1003",59000,200,True
repeat-copy,structural_features,loss,length,30600,0.12439682740241594,0.2143379039642017,0.00021804233374496108,0.4956399573944509,4,"1000,1001,1002,1003",59000,200,True
repeat-copy,structural_features,loss,length,30800,0.13935993285972587,0.2176522374533462,0.0017023780842737324,0.5154514367505908,4,"1000,1001,1002,1003",59000,200,True
repeat-copy,structural_features,loss,length,31000,0.13514304838279884,0.20780516413939734,3.946709102820023e-05,0.49363366295583544,4,"1000,1001,1002,1003",59000,200,True
repeat-copy,structural_features,loss,length,31200,0.1455486914853208,0.21366536400143113,0.0017370901997128384,0.5128387812105939,4,"1000,1001,1002,1003",59000,200,True
repeat-copy,structural_features,loss,length,31400,0.12719772254058015,0.2113027063837046,0.0006582275835899054,0.4930793825816363,4,"1000,1001,1002,1003",59000,200,True
repeat-copy,structural_features,loss,length,31600,0.12589388711743665,0.21709496897553085,2.2576052186309424e-05,0.5019117655907758,4,"1000,1001,1002,1003",59000,200,True
repeat-copy,structural_features,loss,length,31800,0.2759947834184361,0.2775454091020098,0.0006763646148479551,0.6045103798948417,4,"1000,1001,1002,1003",59000,200,True
repeat-copy,structural_features,loss,length,32000,0.24531025775039667,0.24128498038443183,3.367581289239752e-05,0.5065304860472679,4,"1000,1001,1002,1003",59000,200,True
repeat-copy,structural_features,loss,length,32200,0.1328023425866408,0.1971913518857234,0.0006262073098912424,0.47200188575312496,4,"1000,1001,1002,1003",59000,200,True
repeat-copy,structural_features,loss,length,32400,0.12929838071809463,0.2145467868347865,0.0021692641867139175,0.5008766332268715,4,"1000,1001,1002,1003",59000,200,True
repeat-copy,structural_features,loss,length,32600,0.12496207429877246,0.21478875217422877,7.508260525355581e-05,0.4969850164279342,4,"1000,1001,1002,1003",59000,200,True
repeat-copy,structural_features,loss,length,32800,0.12489579612637303,0.21442228960576157,0.0008478954437805442,0.49628582842182367,4,"1000,1001,1002,1003",59000,200,True
repeat-copy,structural_features,loss,length,33000,0.12331346975379276,0.212351471578244,2.4254827382605982e-05,0.49111619491130115,4,"1000,1001,1002,1003",59000,200,True
repeat-copy,structural_features,loss,length,33200,0.13914948666738453,0.2013939566304328,0.0012697347207995336,0.48647609175182877,4,"1000,1001,1002,1003",59000,200,True
repeat-copy,structural_features,loss,length,33400,0.13325341877412888,0.20829819078972026,0.0003798134158887478,0.4930017802491784,4,"1000,1001,1002,1003",59000,200,True
repeat-copy,structural_features,loss,length,33600,0.12238747062636662,0.21055546948142284,2.93399851796039e-05,0.4870789105538279,4,"1000,1001,1002,1003",59000,200,True
repeat-copy,structural_features,loss,length,33800,0.1267673121428541,0.21563007696714617,0.000831591646519314,0.5002417691377923,4,"1000,1001,1002,1003",59000,200,True
repeat-copy,structural_features,loss,length,34000,0.12491050243614808,0.21370836924333317,5.001170849823211e-05,0.4950533378915861,4,"1000,1001,1002,1003",59000,200,True
repeat-copy,structural_features,loss,length,34200,0.12150500879101307,0.2079267059529136,0.0011058653928395757,0.4816444266051985,4,"1000,1001,1002,1003",59000,200,True
repeat-copy,structural_features,loss,length,34400,0.12233693735634145,0.20965933408710788,2.4641047349973633e-05,0.48547394584165887,4,"1000,1001,1002,1003",59000,200,True
repeat-copy,structural_features,loss,length,34600,0.11791391150311903,0.20305532336711776,3.615583061190364e-05,0.4696153302816674,4,"1000,1001,1002,1003",59000,200,True
repeat-copy,structural_features,loss,length,34800,0.12391910342569261,0.21275575208743416,1.1918944845774604e-05,0.4924199183192104,4,"1000,1001,1002,1003",59000,200,True
repeat-copy,structural_features,loss,length,35000,0.12525013216206943,0.21068004706079713,0.0001608492693998187,0.4900915706437081,4,"1000,1001,1002,1003",59000,200,True
repeat-copy,structural_features,loss,length,35200,0.12296721931266567,0.21202834288498507,9.646889941024028e-06,0.4902104679495096,4,"1000,1001,1002,1003",59000,200,True
repeat-copy,structural_features,loss,length,35400,0.12526455269387998,0.21278002850203062,0.0011042802616339031,0.49380397325381636,4,"1000,1001,1002,1003",59000,200,True
repeat-copy,structural_features,loss,length,35600,0.14196394242052768,0.206125708540941,1.7833120078023513e-05,0.49538446247577667,4,"1000,1001,1002,1003",59000,200,True
repeat-copy,structural_features,loss,length,35800,0.12871782662388712,0.21857253105417343,0.0010747938449003414,0.5072920980071649,4,"1000,1001,1002,1003",59000,200,True
repeat-copy,structural_features,loss,length,36000,0.12469320171682205,0.21158649491723855,0.00029856902000716443,0.49115540718659756,4,"1000,1001,1002,1003",59000,200,True
repeat-copy,structural_features,loss,length,36200,0.12295741453283977,0.21282615229682875,1.0661897576085267e-05,0.49158309780061243,4,"1000,1001,1002,1003",59000,200,True
repeat-copy,structural_features,loss,length,36400,0.12429414776925653,0.21396285615533223,5.972975448624851e-05,0.4948876433400437,4,"1000,1001,1002,1003",59000,200,True
repeat-copy,structural_features,loss,length,36600,0.12079966169513409,0.2056476022734708,6.175965414172424e-06,0.47698033291846514,4,"1000,1001,1002,1003",59000,200,True
repeat-copy,structural_features,loss,length,36800,0.12383283806026998,0.20969875444196545,0.000720493152389281,0.48703525894554334,4,"1000,1001,1002,1003",59000,200,True
repeat-copy,structural_features,loss,length,37000,0.126031363867421,0.21525050920756844,0.0005318929235227188,0.4988513960316777,4,"1000,1001,1002,1003",59000,200,True
repeat-copy,structural_features,loss,length,37200,0.16044124148618094,0.18559014595033857,0.0013165509381087759,0.4765094334073365,4,"1000,1001,1002,1003",59000,200,True
repeat-copy,structural_features,loss,length,37400,0.12225549796595302,0.2050360612374867,1.987014764097239e-05,0.47735157104674725,4,"1000,1001,1002,1003",59000,200,True
repeat-copy,structural_features,loss,length,37600,0.1278512424529358,0.2180660942610296,0.00036879816616419703,0.505544936270453,4,"1000,1001,1002,1003",59000,200,True
repeat-copy,structural_features,loss,length,37800,0.1290319690561036,0.20328746657968952,9.65286629572404e-06,0.48026108616031704,4,"1000,1001,1002,1003",59000,200,True
repeat-copy,structural_features,loss,length,38000,0.12895549363945732,0.1967267272264385,0.0015160711792156433,0.4683919484820217,4,"1000,1001,1002,1003",59000,200,True
repeat-copy,structural_features,loss,length,38200,0.12238039669547685,0.211270302589943,1.4886607790813854e-05,0.48831083740107717,4,"1000,1001,1002,1003",59000,200,True
repeat-copy,structural_features,loss,length,38400,0.13133814527680848,0.20647669853580958,0.0007161959365521398,0.48869581800419837,4,"1000,1001,1002,1003",59000,200,True
repeat-copy,structural_features,loss,length,38600,0.13669520912702787,0.19964375831763506,6.317202890784301e-06,0.4791743292659521,4,"1000,1001,1002,1003",59000,200,True
repeat-copy,structural_features,loss,length,38800,0.13803232976886193,0.20544438180681668,0.0007275015072991664,0.4914778567943722,4,"1000,1001,1002,1003",59000,200,True
repeat-copy,structural_features,loss,length,39000,0.1253211801326298,0.20728499267124642,2.866025808998529e-05,0.4842421607673168,4,"1000,1001,1002,1003",59000,200,True
repeat-copy,structural_features,loss,length,39200,0.12133806809116993,0.20712428612753994,8.179421819605181e-06,0.4800686119636521,4,"1000,1001,1002,1003",59000,200,True
repeat-copy,structural_features,loss,length,39400,0.11889599470746698,0.20007093898284334,6.920767159996899e-06,0.46537707668263467,4,"1000,1001,1002,1003",59000,200,True
repeat-copy,structural_features,loss,length,39600,0.12377831708601619,0.21344292550775643,1.3052472852237428e-06,0.4934715225826949,4,"1000,1001,1002,1003",59000,200,True
repeat-copy,structural_features,loss,length,39800,0.17027220511166713,0.19643962660983713,0.0012110096727525389,0.48127795465290546,4,"1000,1001,1002,1003",59000,200,True
repeat-copy,structural_features,loss,length,40000,0.13693260328463355,0.20003551524325294,0.0006590221275335751,0.4807020097086206,4,"1000,1001,1002,1003",59000,200,True
repeat-copy,structural_features,loss,length,40200,0.14180608481550502,0.19886305642756077,0.00012669829222865302,0.48108026531524956,4,"1000,1001,1002,1003",59000,200,True
repeat-copy,structural_features,loss,length,40400,0.14327001383834767,0.20474169660203478,0.001232935938211881,0.4950872513651848,4,"1000,1001,1002,1003",59000,200,True
repeat-copy,structural_features,loss,length,40600,0.11942800736577973,0.2011413907677446,0.0002275110871414654,0.4677890274254605,4,"1000,1001,1002,1003",59000,200,True
repeat-copy,structural_features,loss,length,40800,0.13615821812586823,0.19135002607766016,0.0001939575971391605,0.46267299390165134,4,"1000,1001,1002,1003",59000,200,True
repeat-copy,structural_features,loss,length,41000,0.11790602269889637,0.20229576312910452,2.1550241068695186e-05,0.4682874469761737,4,"1000,1001,1002,1003",59000,200,True
repeat-copy,structural_features,loss,length,41200,0.12027549131847182,0.20752187033288108,6.273699434018453e-05,0.4797136449930258,4,"1000,1001,1002,1003",59000,200,True
repeat-copy,structural_features,loss,length,41400,0.13652714076426573,0.20040706038583642,3.583182856772282e-06,0.4807761690299958,4,"1000,1001,1002,1003",59000,200,True
repeat-copy,structural_features,loss,length,41600,0.11932362264869913,0.2044352321380176,0.0008937758505135207,0.47341519286623224,4,"1000,1001,1002,1003",59000,200,True
repeat-copy,structural_features,loss,length,41800,0.11996028773943203,0.20713372835596738,4.239437201576379e-06,0.4787255876790732,4,"1000,1001,1002,1003",59000,200,True
repeat-copy,structural_features,loss,length,42000,0.1147984351596146,0.19726844154653198,3.731651917888712e-06,0.4564758754847571,4,"1000,1001,1002,1003",59000,200,True
repeat-copy,structural_features,loss,length,42200,0.12201692141659645,0.21034865213163073,0.00014015899061478265,0.48635118241654707,4,"1000,1001,1002,1003",59000,200,True
repeat-copy,structural_features,loss,length,42400,0.12430969167760293,0.20131715106629136,0.000609178878999046,0.47291037674061953,4,"1000,1001,1002,1003",59000,200,True
repeat-copy,structural_features,loss,length,42600,0.11962746285419831,0.20671141881138053,1.0128135688596274e-05,0.47766171175986527,4,"1000,1001,1002,1003",59000,200,True
repeat-copy,structural_features,loss,length,42800,0.12098860963775114,0.20870354247777265,1.6683207874912398e-06,0.48247224172577263,4,"1000,1001,1002,1003",59000,200,True
repeat-copy,structural_features,loss,length,43000,0.11917385622450893,0.2054271578861405,2.9348196637304368e-05,0.47498353871516885,4,"1000,1001,1002,1003",59000,200,True
repeat-copy,structural_features,loss,length,43200,0.13977385108468415,0.19671340566130155,0.0007427414286644307,0.47744173331186174,4,"1000,1001,1002,1003",59000,200,True
repeat-copy,structural_features,loss,length,43400,0.11582610710724549,0.19927236115327737,2.322418915113644e-05,0.4609745850152103,4,"1000,1001,1002,1003",59000,200,True
repeat-copy,structural_features,loss,length,43600,0.11738757893266073,0.20164227170030202,9.377171583260236e-06,0.4666388095292496,4,"1000,1001,1002,1003",59000,200,True
repeat-copy,structural_features,loss,length,43800,0.11878158074621117,0.19441031265729744,0.0008866595244262499,0.45544131512753666,4,"1000,1001,1002,1003",59000,200,True
repeat-copy,structural_features,loss,length,44000,0.11932556863001763,0.20551727181479618,4.532740020373183e-06,0.47529122430831194,4,"1000,1001,1002,1003",59000,200,True
repeat-copy,structural_features,loss,length,44200,0.14145279803001604,0.1888731253884034,0.0021878004647956574,0.46137444756226614,4,"1000,1001,1002,1003",59000,200,True
repeat-copy,structural_features,loss,length,44400,0.11688475401765085,0.19973628844903354,4.679737076013879e-05,0.4628258900134824,4,"1000,1001,1002,1003",59000,200,True
repeat-copy,structural_features,loss,length,44600,0.11647295206413392,0.1994094210293075,2.1080320912147953e-06,0.46184872564626855,4,"1000,1001,1002,1003",59000,200,True
repeat-copy,structural_features,loss,length,44800,0.12948493096172606,0.19658195236706982,7.65582619983718e-06,0.46822468774043957,4,"1000,1001,1002,1003",59000,200,True
repeat-copy,structural_features,loss,length,45000,0.13893102506170737,0.18798836831732885,2.082147723747596e-06,0.4628771991201211,4,"1000,1001,1002,1003",59000,200,True
repeat-copy,structural_features,loss,length,45200,0.11544999483140692,0.19909161957917873,4.017174522648048e-06,0.46028624932747336,4,"1000,1001,1002,1003",59000,200,True
repeat-copy,structural_features,loss,length,45400,0.11909467796650967,0.2058221625646815,4.870783691899305e-06,0.47558883602148855,4,"1000,1001,1002,1003",59000,200,True
repeat-copy,structural_features,loss,length,45600,0.11490043465504046,0.19548513803327489,0.0011210612292870791,0.45348892931011503,4,"1000,1001,1002,1003",59000,200,True
repeat-copy,structural_features,loss,length,45800,0.11760910213474615,0.20235761810668784,2.271222859295818e-06,0.46810051742824726,4,"1000,1001,1002,1003",59000,200,True
repeat-copy,structural_features,loss,length,46000,0.1151037312916565,0.19843971337626937,4.424497379778014e-06,0.45880955960834396,4,"1000,1001,1002,1003",59000,200,True
repeat-copy,structural_features,loss,length,46200,0.12499040847365624,0.21362932361203976,0.0008130348375834729,0.4950031124614179,4,"1000,1001,1002,1003",59000,200,True
repeat-copy,structural_features,loss,length,46400,0.11644089976843829,0.2013151335271422,5.638472310742771e-07,0.46512865607626735,4,"1000,1001,1002,1003",59000,200,True
repeat-copy,structural_features,loss,length,46600,0.11605574377434315,0.19757138297259774,4.3222770033573e-05,0.4582448644540273,4,"1000,1001,1002,1003",59000,200,True
repeat-copy,structural_features,loss,length,46800,0.1270192485643278,0.19997158719601715,0.0011209570778477839,0.4726687358156778,4,"1000,1001,1002,1003",59000,200,True
repeat-copy,structural_features,loss,length,47000,0.11546246508191821,0.193269424743698,4.917362480112431e-06,0.45013109178515154,4,"1000,1001,1002,1003",59000,200,True
repeat-copy,structural_features,loss,length,47200,0.1202588646694002,0.20702990920959274,4.1458001803995614e-07,0.4788442576723173,4,"1000,1001,1002,1003",59000,200,True
repeat-copy,structural_features,loss,length,47400,0.14144039067212155,0.1883705207019272,0.0008701249284298784,0.459392084677238,4,"1000,1001,1002,1003",59000,200,True
repeat-copy,structural_features,loss,length,47600,0.12503270349292755,0.19850724547313398,2.708850761326431e-05,0.4682885034935316,4,"1000,1001,1002,1003",59000,200,True
repeat-copy,structural_features,loss,length,47800,0.11901336205608426,0.20566517849245103,4.628362788472451e-05,0.4752358136512339,4,"1000,1001,1002,1003",59000,200,True
repeat-copy,structural_features,loss,length,48000,0.12360686701286194,0.2034845203533502,2.930595541661418e-06,0.47598860880592836,4,"1000,1001,1002,1003",59000,200,True
repeat-copy,structural_features,loss,length,48200,0.11566839179904673,0.1976167494102957,1.2376444361533734e-06,0.4579349020612426,4,"1000,1001,1002,1003",59000,200,True
repeat-copy,structural_features,loss,length,48400,0.1248751583089061,0.20177072805971916,5.929876108247356e-05,0.4741458267485723,4,"1000,1001,1002,1003",59000,200,True
repeat-copy,structural_features,loss,length,48600,0.15680316341365805,0.19209304777852643,1.4229888957260073e-05,0.4717399823339656,4,"1000,1001,1002,1003",59000,200,True
repeat-copy,structural_features,loss,length,48800,0.12416485679853169,0.19530993440796818,0.003853662652049934,0.46231005267938596,4,"1000,1001,1002,1003",59000,200,True
repeat-copy,structural_features,loss,length,49000,0.11826939362246026,0.2003866535329415,2.891456366214129e-06,0.46532735336921177,4,"1000,1001,1002,1003",59000,200,True
repeat-copy,structural_features,loss,length,49200,0.14695344654365608,0.19419212225433108,1.0928413926603043e-06,0.47362644161796197,4,"1000,1001,1002,1003",59000,200,True
repeat-copy,structural_features,loss,length,49400,0.12097096524831136,0.20896487041201003,1.2865967537756262e-06,0.48290823968825863,4,"1000,1001,1002,1003",59000,200,True
repeat-copy,structural_features,loss,length,49600,0.11914661962630986,0.2049348237323886,2.614654516612802e-06,0.47410304631572214,4,"1000,1001,1002,1003",59000,200,True
repeat-copy,structural_features,loss,length,49800,0.11754396713391232,0.19952707642028802,0.00022359640161329964,0.4631135591166094,4,"1000,1001,1002,1003",59000,200,True
repeat-copy,structural_features,loss,length,50000,0.11681242840871466,0.20030665691910585,3.866139773203159e-06,0.4637482784490567,4,"1000,1001,1002,1003",59000,200,True
repeat-copy,structural_features,loss,length,50200,0.11944247605234545,0.20274864737264825,9.672199170318586e-06,0.4705993819562718,4,"1000,1001,1002,1003",59000,200,True
repeat-copy,structural_features,loss,length,50400,0.12118748320033777,0.20823965468126207,0.00019800487829424896,0.481867153334897,4,"1000,1001,1002,1003",59000,200,True
repeat-copy,structural_features,loss,length,50600,0.14080530372982952,0.18290576403395414,0.001409309504040266,0.44784307708701815,4,"1000,1001,1002,1003",59000,200,True
repeat-copy,structural_features,loss,length,50800,0.11510234327909209,0.19837606393942359,2.301717712676066e-06,0.45869913914939386,4,"1000,1001,1002,1003",59000,200,True
repeat-copy,structural_features,loss,length,51000,0.11973940814326195,0.1965734737432835,2.7081736067913197e-06,0.45995624736417084,4,"1000,1001,1002,1003",59000,200,True
repeat-copy,structural_features,loss,length,51200,0.12118721899338956,0.19046605897469734,3.959396459946696e-05,0.450264918662142,4,"1000,1001,1002,1003",59000,200,True
repeat-copy,structural_features,loss,length,51400,0.1134604153505153,0.19145189181466213,0.0006648690851602623,0.44505607002880426,4,"1000,1001,1002,1003",59000,200,True
repeat-copy,structural_features,loss,length,51600,0.11855673583756927,0.19819526756418668,0.0013303465659305403,0.46180920684710147,4,"1000,1001,1002,1003",59000,200,True
repeat-copy,structural_features,loss,length,51800,0.11756369511016716,0.20321347583211083,1.4070038754177005e-06,0.4695394425233826,4,"1000,1001,1002,1003",59000,200,True
repeat-copy,structural_features,loss,length,52000,0.11750896540760897,0.2031122478975173,4.4366667452555573e-07,0.46930933304829525,4,"1000,1001,1002,1003",59000,200,True
repeat-copy,structural_features,loss,length,52200,0.1207681529752385,0.19911236577932526,0.0010083115973361602,0.4654985938087339,4,"1000,1001,1002,1003",59000,200,True
repeat-copy,structural_features,loss,length,52400,0.11591627599924649,0.19877048804985384,1.4954579472181706e-06,0.46018828968983144,4,"1000,1001,1002,1003",59000,200,True
repeat-copy,structural_features,loss,length,52600,0.11635975774084574,0.20129085252891427,7.545927036822775e-07,0.4650056102499366,4,"1000,1001,1002,1003",59000,200,True
repeat-copy,structural_features,loss,length,52800,0.12311434867691666,0.1923065805768679,0.0006181915762635981,0.4555818062857725,4,"1000,1001,1002,1003",59000,200,True
repeat-copy,structural_features,loss,length,53000,0.11661757483974561,0.20145508200715978,1.239966416699545e-06,0.4655476507358253,4,"1000,1001,1002,1003",59000,200,True
repeat-copy,structural_features,loss,length,53200,0.11216553142036341,0.1913682254140819,0.0003297040918869243,0.44362122028134765,4,"1000,1001,1002,1003",59000,200,True
repeat-copy,structural_features,loss,length,53400,0.10926492201098771,0.18860072107250486,1.6009550863760324e-06,0.43593068106216376,4,"1000,1001,1002,1003",59000,200,True
repeat-copy,structural_features,loss,length,53600,0.1685181562290865,0.18809934829477046,3.257013945745513e-07,0.4557347893808037,4,"1000,1001,1002,1003",59000,200,True
repeat-copy,structural_features,loss,length,53800,0.13559284912463346,0.20054276962861178,0.0022671513008879172,0.48088681597961114,4,"1000,1001,1002,1003",59000,200,True
repeat-copy,structural_features,loss,length,54000,0.1254699558201707,0.19455963479785957,0.0002385414304593869,0.46132233619282487,4,"1000,1001,1002,1003",59000,200,True
repeat-copy,structural_features,loss,length,54200,0.11068278425541642,0.19037299389817797,3.993418351067035e-07,0.4404145238944329,4,"1000,1001,1002,1003",59000,200,True
repeat-copy,structural_features,loss,length,54400,0.11620232839654253,0.20058293383458184,7.250065832035801e-05,0.4636219318397343,4,"1000,1001,1002,1003",59000,200,True
repeat-copy,structural_features,loss,length,54600,0.16689632755432526,0.18549151033411865,0.0003731509552676471,0.47906957431696356,4,"1000,1001,1002,1003",59000,200,True
repeat-copy,structural_features,loss,length,54800,0.14818688773277136,0.18839568373906176,2.57988703980061e-05,0.46253873442416077,4,"1000,1001,1002,1003",59000,200,True
repeat-copy,structural_features,loss,length,55000,0.12363649067718746,0.1988394729278663,0.0006618071341881659,0.4676838505791966,4,"1000,1001,1002,1003",59000,200,True
repeat-copy,structural_features,loss,length,55200,0.11631075868135254,0.20135545213379247,3.1276946630298676e-06,0.46506861279718575,4,"1000,1001,1002,1003",59000,200,True
repeat-copy,structural_features,loss,length,55400,0.11928489748028914,0.20198130924155538,7.460059539976527e-07,0.4690804106928408,4,"1000,1001,1002,1003",59000,200,True
repeat-copy,structural_features,loss,length,55600,0.14333686794069428,0.18566007442744856,1.0299439030347912e-06,0.4536599187005777,4,"1000,1001,1002,1003",59000,200,True
repeat-copy,structural_features,loss,length,55800,0.11398556284386233,0.19388073012590118,1.4699508745867895e-05,0.44977769917575644,4,"1000,1001,1002,1003",59000,200,True
repeat-copy,structural_features,loss,length,56000,0.11031315677499043,0.19087572866959931,9.007706547448091e-07,0.44091953520313837,4,"1000,1001,1002,1003",59000,200,True
repeat-copy,structural_features,loss,length,56200,0.11684020891682495,0.200623773594083,2.25844886698745e-06,0.4643248547287658,4,"1000,1001,1002,1003",59000,200,True
repeat-copy,structural_features,loss,length,56400,0.11271630392194383,0.1927920402553644,7.274793037437278e-07,0.4466346561687533,4,"1000,1001,1002,1003",59000,200,True
repeat-copy,structural_features,loss,length,56600,0.11458654329420447,0.1977814266548971,2.6499890448139496e-06,0.45715372715203556,4,"1000,1001,1002,1003",59000,200,True
repeat-copy,structural_features,loss,length,56800,0.12020122052717234,0.20174449988640084,4.087461919261015e-06,0.46958292977535165,4,"1000,1001,1002,1003",59000,200,True
repeat-copy,structural_features,loss,length,57000,0.11032198139693622,0.19099332406259512,4.306097211177473e-06,0.44113211033982225,4,"1000,1001,1002,1003",59000,200,True
repeat-copy,structural_features,loss,length,57200,0.1320719099766715,0.1978157478214402,3.367596946102225e-07,0.47412174034165216,4,"1000,1001,1002,1003",59000,200,True
repeat-copy,structural_features,loss,length,57400,0.11679641485021822,0.19941753878956275,2.5623315312084393e-07,0.4621893274606555,4,"1000,1001,1002,1003",59000,200,True
repeat-copy,structural_features,loss,length,57600,0.1295906656176966,0.19673343930036372,0.0028029833117841465,0.4696678205532953,4,"1000,1001,1002,1003",59000,200,True
repeat-copy,structural_features,loss,length,57800,0.11653764681575779,0.19505962179780653,8.34092383233198e-05,0.45435836262535306,4,"1000,1001,1002,1003",59000,200,True
repeat-copy,structural_features,loss,length,58000,0.12518082161974922,0.1927643960417946,1.3834500091078894e-05,0.4578985994169489,4,"1000,1001,1002,1003",59000,200,True
repeat-copy,structural_features,loss,length,58200,0.11273215420646453,0.19504086889008812,2.1524517674897936e-06,0.45055274782585913,4,"1000,1001,1002,1003",59000,200,True
repeat-copy,structural_features,loss,length,58400,0.11200843565544878,0.19228483062192095,8.096309849037198e-07,0.4450526650963002,4,"1000,1001,1002,1003",59000,200,True
repeat-copy,structural_features,loss,length,58600,0.11224798297208191,0.19230698211390151,0.0005156538606026828,0.4453325330361258,4,"1000,1001,1002,1003",59000,200,True
repeat-copy,structural_features,loss,length,58800,0.1270397235042919,0.18775870518019044,5.321235596461804e-05,0.44964114292524754,4,"1000,1001,1002,1003",59000,200,True
repeat-copy,structural_features,loss,length,59000,0.11156877222964971,0.1915758841669678,2.637183373224161e-06,0.4433828329475364,4,"1000,1001,1002,1003",59000,200,True
repeat-copy,structural_features,loss,position,200,0.6431381307542324,0.0017823057291720225,0.6402826109528541,0.6451957851648331,4,"1000,1001,1002,1003",59000,200,True
repeat-copy,structural_features,loss,position,400,0.6312684330344199,0.001387293824965221,0.6298928344249726,0.6331477683782577,4,"1000,1001,1002,1003",59000,200,True
repeat-copy,structural_features,loss,position,600,0.6238430079072713,0.0016289924084143725,0.6212131425738334,0.6256811815500259,4,"1000,1001,1002,1003",59000,200,True
repeat-copy,structural_features,loss,position,800,0.6148441465944051,0.0023648499130830046,0.6112875682115555,0.6178260037302971,4,"1000,1001,1002,1003",59000,200,True
repeat-copy,structural_features,loss,position,1000,0.6057570372149349,0.0036063635140833146,0.6020132558047772,0.6095508238673211,4,"1000,1001,1002,1003",59000,200,True
repeat-copy,structural_features,loss,position,1200,0.5980244425311685,0.0016523313144192957,0.5960234221816063,0.6004144582152366,4,"1000,1001,1002,1003",59000,200,True
repeat-copy,structural_features,loss,position,1400,0.5945963533222676,0.001722710453619379,0.592034547328949,0.5966069594025611,4,"1000,1001,1002,1003",59000,200,True
repeat-copy,structural_features,loss,position,1600,0.5898852636665106,0.0023093633374195416,0.5859500330686569,0.5918685667216778,4,"1000,1001,1002,1003",59000,200,True
repeat-copy,structural_features,loss,position,1800,0.5876929108798504,0.004134751516551765,0.5817529301345349,0.5927731102705002,4,"1000,1001,1002,1003",59000,200,True
repeat-copy,structural_features,loss,position,2000,0.5810141750797629,0.004654512556708459,0.573410609960556,0.5860326379537583,4,"1000,1001,1002,1003",59000,200,True
repeat-copy,structural_features,loss,position,2200,0.5836130121722818,0.0030891950526244147,0.5801556131243706,0.5870564931631088,4,"1000,1001,1002,1003",59000,200,True
repeat-copy,structural_features,loss,position,2400,0.5802819944173098,0.005115808864317816,0.572800110578537,0.5852644295990467,4,"1000,1001,1002,1003",59000,200,True
repeat-copy,structural_features,loss,position,2600,0.5743327113240957,0.003112770005076455,0.5691061681509018,0.5770686988532543,4,"1000,1001,1002,1003",59000,200,True
repeat-copy,structural_features,loss,position,2800,0.5750718347728252,0.00458093210864498,0.5685963243246078,0.5801237000524998,4,"1000,1001,1002,1003",59000,200,True
repeat-copy,structural_features,loss,position,3000,0.5705173544958233,0.002618728200326943,0.567268952280283,0.5745775453746319,4,"1000,1001,1002,1003",59000,200,True
repeat-copy,structural_features,loss,position,3200,0.5670616769790648,0.0037605816484461846,0.5616438782215118,0.5713380111753941,4,"1000,1001,1002,1003",59000,200,True
repeat-copy,structural_features,loss,position,3400,0.5655764771625399,0.001057111061427215,0.5640531080961227,0.5669752644002437,4,"1000,1001,1002,1003",59000,200,True
repeat-copy,structural_features,loss,position,3600,0.5568879890814424,0.0056064829606573205,0.5476186150312423,0.5622432334721088,4,"1000,1001,1002,1003",59000,200,True
repeat-copy,structural_features,loss,position,3800,0.5564121893420816,0.004763943977705697,0.551425488293171,0.5625120207667351,4,"1000,1001,1002,1003",59000,200,True
repeat-copy,structural_features,loss,position,4000,0.5532701754011213,0.0036794662686768995,0.5480960696190595,0.5580516967177391,4,"1000,1001,1002,1003",59000,200,True
repeat-copy,structural_features,loss,position,4200,0.5508302845060825,0.004346993915634018,0.5451411193609238,0.5555031563341618,4,"1000,1001,1002,1003",59000,200,True
repeat-copy,structural_features,loss,position,4400,0.5477538103982806,0.0023233390171918254,0.5447841872274876,0.5505111575126648,4,"1000,1001,1002,1003",59000,200,True
repeat-copy,structural_features,loss,position,4600,0.5469762909412385,0.008054956444392764,0.5365871286392212,0.5591775880753994,4,"1000,1001,1002,1003",59000,200,True
repeat-copy,structural_features,loss,position,4800,0.5443830121867359,0.004985846914382579,0.5371104817837477,0.5490445114672184,4,"1000,1001,1002,1003",59000,200,True
repeat-copy,structural_features,loss,position,5000,0.5384708724170923,0.008371503028925406,0.5249293211102486,0.5467822034657002,4,"1000,1001,1002,1003",59000,200,True
repeat-copy,structural_features,loss,position,5200,0.5317574965767562,0.012596724264231184,0.5111589150130749,0.5443733739107848,4,"1000,1001,1002,1003",59000,200,True
repeat-copy,structural_features,loss,position,5400,0.5315484954603017,0.021942418052914792,0.4947414287924767,0.5525630380213261,4,"1000,1001,1002,1003",59000,200,True
repeat-copy,structural_features,loss,position,5600,0.5101336216367781,0.051151474356515104,0.4219011341035366,0.5463250933587551,4,"1000,1001,1002,1003",59000,200,True
repeat-copy,structural_features,loss,position,5800,0.48521224925294515,0.08448294458219774,0.339122184291482,0.5405069260299206,4,"1000,1001,1002,1003",59000,200,True
repeat-copy,structural_features,loss,position,6000,0.4645869662985206,0.12567856647755424,0.2469877973943949,0.5400780805200338,4,"1000,1001,1002,1003",59000,200,True
repeat-copy,structural_features,loss,position,6200,0.46311403012834484,0.1357616043472127,0.22797469269484283,0.5429650525748729,4,"1000,1001,1002,1003",59000,200,True
repeat-copy,structural_features,loss,position,6400,0.4476858592545614,0.1518987286052305,0.1846222154609859,0.5378083691000939,4,"1000,1001,1002,1003",59000,200,True
repeat-copy,structural_features,loss,position,6600,0.4359942326252349,0.1764055304657161,0.1304955938924104,0.5427175690233708,4,"1000,1001,1002,1003",59000,200,True
repeat-copy,structural_features,loss,position,6800,0.42190330184297636,0.1897676541796339,0.09322066721506417,0.5330468743294478,4,"1000,1001,1002,1003",59000,200,True
repeat-copy,structural_features,loss,position,7000,0.41578663899214,0.20394030419243175,0.06256018488202245,0.5358390186727047,4,"1000,1001,1002,1003",59000,200,True
repeat-copy,structural_features,loss,position,7200,0.4196517998969649,0.20654897814758036,0.06191916155163199,0.5417576436698437,4,"1000,1001,1002,1003",59000,200,True
repeat-copy,structural_features,loss,position,7400,0.41371198420994915,0.2064126354281942,0.05620762458536774,0.5352511288970709,4,"1000,1001,1002,1003",59000,200,True
repeat-copy,structural_features,loss,position,7600,0.4107716107612942,0.2080336231194187,0.050650462382473053,0.5381823879480362,4,"1000,1001,1002,1003",59000,200,True
repeat-copy,structural_features,loss,position,7800,0.4105001494224416,0.20643964659753844,0.052965483714360745,0.5328567235171795,4,"1000,1001,1002,1003",59000,200,True
repeat-copy,structural_features,loss,position,8000,0.401044292532315,0.20842096126800191,0.040178789304336535,0.5292461559921503,4,"1000,1001,1002,1003",59000,200,True
repeat-copy,structural_features,loss,position,8200,0.39718071404320654,0.21099532027625456,0.03225985442986712,0.5343120304495096,4,"1000,1001,1002,1003",59000,200,True
repeat-copy,structural_features,loss,position,8400,0.39526146682794205,0.20995067842268197,0.033025576728396115,0.5326115483045578,4,"1000,1001,1002,1003",59000,200,True
repeat-copy,structural_features,loss,position,8600,0.37273386710876366,0.20462322873789165,0.028541355564957484,0.5321193351596594,4,"1000,1001,1002,1003",59000,200,True
repeat-copy,structural_features,loss,position,8800,0.34562975362583526,0.2013456791683227,0.031106611217837782,0.5294766413420439,4,"1000,1001,1002,1003",59000,200,True
repeat-copy,structural_features,loss,position,9000,0.3279836464393884,0.21103968646618687,0.01319463960826397,0.5265158893167973,4,"1000,1001,1002,1003",59000,200,True
repeat-copy,structural_features,loss,position,9200,0.3093781823645986,0.22412211912507074,0.013976909659686499,0.5280125521123409,4,"1000,1001,1002,1003",59000,200,True
repeat-copy,structural_features,loss,position,9400,0.2925389706976421,0.2298131461727673,0.009420520273852161,0.5193028478324413,4,"1000,1001,1002,1003",59000,200,True
repeat-copy,structural_features,loss,position,9600,0.2844230595819681,0.23702640564868996,0.005727045007806737,0.5247814703732729,4,"1000,1001,1002,1003",59000,200,True
repeat-copy,structural_features,loss,position,9800,0.2803054750799129,0.23300915983887915,0.023012352174118858,0.5149892500042915,4,"1000,1001,1002,1003",59000,200,True
repeat-copy,structural_features,loss,position,10000,0.2745050809216627,0.23986149162082182,0.00792549949081149,0.5230687284469604,4,"1000,1001,1002,1003",59000,200,True
repeat-copy,structural_features,loss,position,10200,0.28245044059025526,0.21732568530269547,0.05277776477392763,0.5244428475201129,4,"1000,1001,1002,1003",59000,200,True
repeat-copy,structural_features,loss,position,10400,0.24104662288707912,0.224918647190977,0.005103744949446991,0.5192535500228405,4,"1000,1001,1002,1003",59000,200,True
repeat-copy,structural_features,loss,position,10600,0.22926565330333687,0.2204432887183889,0.006199346566718305,0.5246900666505099,4,"1000,1001,1002,1003",59000,200,True
repeat-copy,structural_features,loss,position,10800,0.216552734623001,0.21104561906658426,0.004829062754433835,0.505721146389842,4,"1000,1001,1002,1003",59000,200,True
repeat-copy,structural_features,loss,position,11000,0.19187022914400587,0.204192427023772,0.002435801120736869,0.5139120047539473,4,"1000,1001,1002,1003",59000,200,True
repeat-copy,structural_features,loss,position,11200,0.16576499368662553,0.21173481534032412,0.0061105086742463755,0.5254372332990169,4,"1000,1001,1002,1003",59000,200,True
repeat-copy,structural_features,loss,position,11400,0.15127088591649226,0.21529738625198855,0.0032286542475048917,0.5223108792304992,4,"1000,1001,1002,1003",59000,200,True
repeat-copy,structural_features,loss,position,11600,0.1498605760058399,0.21047271473558796,0.02149579982255091,0.5142105533182622,4,"1000,1001,1002,1003",59000,200,True
repeat-copy,structural_features,loss,position,11800,0.15147727158966517,0.20779089027133274,0.001505668426907505,0.5088901824504137,4,"1000,1001,1002,1003",59000,200,True
repeat-copy,structural_features,loss,position,12000,0.13965307077132819,0.21721389307773506,0.0034238767694478155,0.5155099034681916,4,"1000,1001,1002,1003",59000,200,True
repeat-copy,structural_features,loss,position,12200,0.14163307742644973,0.21478673875734694,0.014474870811973232,0.5135973097383976,4,"1000,1001,1002,1003",59000,200,True
repeat-copy,structural_features,loss,position,12400,0.13225311981681442,0.21399235427443736,0.0023891651825397276,0.502836975492537,4,"1000,1001,1002,1003",59000,200,True
repeat-copy,structural_features,loss,position,12600,0.13301380726694786,0.21215739598258979,0.001342476737791003,0.5003448320180177,4,"1000,1001,1002,1003",59000,200,True
repeat-copy,structural_features,loss,position,12800,0.14534648399565414,0.2191719641290495,0.008755257312441245,0.5244241248071194,4,"1000,1001,1002,1003",59000,200,True
repeat-copy,structural_features,loss,position,13000,0.1281838957225318,0.21203819947703836,0.0012829529106602423,0.49539734713733197,4,"1000,1001,1002,1003",59000,200,True
repeat-copy,structural_features,loss,position,13200,0.12854451267468903,0.2113785712963141,0.004679246620216872,0.49465768165886403,4,"1000,1001,1002,1003",59000,200,True
repeat-copy,structural_features,loss,position,13400,0.1333564183290582,0.21510994823700075,0.0006141408270923421,0.5056312221847474,4,"1000,1001,1002,1003",59000,200,True
repeat-copy,structural_features,loss,position,13600,0.1273660357514609,0.20901063629362454,0.002533558826053195,0.48934762019664046,4,"1000,1001,1002,1003",59000,200,True
repeat-copy,structural_features,loss,position,13800,0.12334505999145905,0.2049076848165641,0.0009209153325991792,0.47822831965982915,4,"1000,1001,1002,1003",59000,200,True
repeat-copy,structural_features,loss,position,14000,0.11188323911473844,0.18067437022720312,0.0006082584019804926,0.4245845407247543,4,"1000,1001,1002,1003",59000,200,True
repeat-copy,structural_features,loss,position,14200,0.08844482222296847,0.13511636215950987,0.003286031471870956,0.32216427724808455,4,"1000,1001,1002,1003",59000,200,True
repeat-copy,structural_features,loss,position,14400,0.05642576112335519,0.09220363860070413,0.002216977829230018,0.21612334195524455,4,"1000,1001,1002,1003",59000,200,True
repeat-copy,structural_features,loss,position,14600,0.03114964130205408,0.047102979951777355,0.002692510465349187,0.11271408947184682,4,"1000,1001,1002,1003",59000,200,True
repeat-copy,structural_features,loss,position,14800,0.02532730993859559,0.028415514380136325,0.0004706159730721993,0.07008069401606917,4,"1000,1001,1002,1003",59000,200,True
repeat-copy,structural_features,loss,position,15000,0.014370797451836097,0.021087719702207266,0.0001766105833939946,0.05082144485786557,4,"1000,1001,1002,1003",59000,200,True
repeat-copy,structural_features,loss,position,15200,0.011806942138737214,0.01490669906984978,0.001506698751836666,0.037529936661012474,4,"1000,1001,1002,1003",59000,200,True
repeat-copy,structural_features,loss,position,15400,0.011100047556539039,0.011843567954871742,0.00020295661598083826,0.030839299440849573,4,"1000,1001,1002,1003",59000,200,True
repeat-copy,structural_features,loss,position,15600,0.008241259901390095,0.008637157987449606,0.0019376935308628163,0.023058970945421607,4,"1000,1001,1002,1003",59000,200,True
repeat-copy,structural_features,loss,position,15800,0.019790425680528755,0.01272470480994594,0.004617314743227325,0.03729917167882377,4,"1000,1001,1002,1003",59000,200,True
repeat-copy,structural_features,loss,position,16000,0.007455553284863754,0.007586746527333394,0.0015638517007027985,0.020487288838485256,4,"1000,1001,1002,1003",59000,200,True
repeat-copy,structural_features,loss,position,16200,0.005253257280677417,0.005518103218909418,0.0013300043801564242,0.014746512905694543,4,"1000,1001,1002,1003",59000,200,True
repeat-copy,structural_features,loss,position,16400,0.003900606462002543,0.004345428190633689,0.0004289084341144189,0.011353883243864403,4,"1000,1001,1002,1003",59000,200,True
repeat-copy,structural_features,loss,position,16600,0.008960454588204811,0.009543699132958848,0.0007803587461239659,0.02510575208616501,4,"1000,1001,1002,1003",59000,200,True
repeat-copy,structural_features,loss,position,16800,0.0034115498326036686,0.0034613570848944417,0.0009127176032779971,0.0093197829159908,4,"1000,1001,1002,1003",59000,200,True
repeat-copy,structural_features,loss,position,17000,0.008606474501166871,0.009982554211491709,0.00030613704448342107,0.025166983522904047,4,"1000,1001,1002,1003",59000,200,True
repeat-copy,structural_features,loss,position,17200,0.004030089289317971,0.0015956884824816185,0.002348510669780808,0.0060532349671120755,4,"1000,1001,1002,1003",59000,200,True
repeat-copy,structural_features,loss,position,17400,0.0058373538965028615,0.005609749607613482,0.0012231945609528338,0.015138432260137051,4,"1000,1001,1002,1003",59000,200,True
repeat-copy,structural_features,loss,position,17600,0.0341592241394602,0.05564111617630915,5.934067429961942e-05,0.13044900122458786,4,"1000,1001,1002,1003",59000,200,True
repeat-copy,structural_features,loss,position,17800,0.001685119171320366,0.0003966658423103715,0.0011268832023415597,0.002138691879117687,4,"1000,1001,1002,1003",59000,200,True
repeat-copy,structural_features,loss,position,18000,0.0030330697248365365,0.004098290244971689,6.933125222758463e-05,0.01006027541210642,4,"1000,1001,1002,1003",59000,200,True
repeat-copy,structural_features,loss,position,18200,0.007046121438929732,0.008531604890374762,0.00012214182070238166,0.02160249683802249,4,"1000,1001,1002,1003",59000,200,True
repeat-copy,structural_features,loss,position,18400,0.004589115005786865,0.0027441190386017283,0.0020383003329297366,0.00914241636186489,4,"1000,1001,1002,1003",59000,200,True
repeat-copy,structural_features,loss,position,18600,0.004176932803877946,0.0034221450832403505,0.0008061353807079285,0.00989646164730516,4,"1000,1001,1002,1003",59000,200,True
repeat-copy,structural_features,loss,position,18800,0.003528010362883407,0.003569045982492162,5.0044095767702854e-05,0.009482104555772822,4,"1000,1001,1002,1003",59000,200,True
repeat-copy,structural_features,loss,position,19000,0.00131970831162036,0.0015072361833312403,3.755726039969431e-05,0.0038767901572646225,4,"1000,1001,1002,1003",59000,200,True
repeat-copy,structural_features,loss,position,19200,0.0026515672232749667,0.003079815949527492,0.0006194201948619593,0.00796635187096399,4,"1000,1001,1002,1003",59000,200,True
repeat-copy,structural_features,loss,position,19400,0.00876273104773638,0.013911010642594174,0.00027901274070671887,0.03285236727088886,4,"1000,1001,1002,1003",59000,200,True
repeat-copy,structural_features,loss,position,19600,0.005361437086073408,0.003988056290681621,0.0007885666556285287,0.009356405389135035,4,"1000,1001,1002,1003",59000,200,True
repeat-copy,structural_features,loss,position,19800,0.0011020523792436166,0.0011235738360205248,6.197375320084575e-05,0.0028982683468530015,4,"1000,1001,1002,1003",59000,200,True
repeat-copy,structural_features,loss,position,20000,0.004502947108238543,0.0030588028579552782,0.000819112866793148,0.009136495145985463,4,"1000,1001,1002,1003",59000,200,True
repeat-copy,structural_features,loss,position,20200,0.001151462571819124,0.000661565969716568,3.5392803063132306e-05,0.001713922998878843,4,"1000,1001,1002,1003",59000,200,True
repeat-copy,structural_features,loss,position,20400,0.0019017542044070979,0.001450341190618272,0.00019410691712437255,0.0034630793948599603,4,"1000,1001,1002,1003",59000,200,True
repeat-copy,structural_features,loss,position,20600,0.013299732322091416,0.019162767040011495,0.00033553524964645475,0.04641213967223507,4,"1000,1001,1002,1003",59000,200,True
repeat-copy,structural_features,loss,position,20800,0.004920725850589633,0.007658744814361555,0.00012983665598767402,0.01818018613438653,4,"1000,1001,1002,1003",59000,200,True
repeat-copy,structural_features,loss,position,21000,0.001625400978745688,0.0007212497406969567,0.0009547661135934504,0.002800540743410238,4,"1000,1001,1002,1003",59000,200,True
repeat-copy,structural_features,loss,position,21200,0.005127262617458541,0.0032555579366756295,9.537822314086952e-05,0.00848451469840711,4,"1000,1001,1002,1003",59000,200,True
repeat-copy,structural_features,loss,position,21400,0.0015345633484611198,0.0018841053850109913,4.9189256824320185e-05,0.0046703779498898255,4,"1000,1001,1002,1003",59000,200,True
repeat-copy,structural_features,loss,position,21600,0.038514765446461756,0.06561184519116367,9.080467058538489e-05,0.15215633351773591,4,"1000,1001,1002,1003",59000,200,True
repeat-copy,structural_features,loss,position,21800,0.003221634493617671,0.004977058234673223,3.44661326653295e-05,0.011818077347243161,4,"1000,1001,1002,1003",59000,200,True
repeat-copy,structural_features,loss,position,22000,0.01170718503911246,0.019905941094902735,2.4463289437335335e-05,0.046183406554621345,4,"1000,1001,1002,1003",59000,200,True
repeat-copy,structural_features,loss,position,22200,7.467838170200025e-05,6.143841837530104e-05,1.962375510686343e-05,0.0001736021455417358,4,"1000,1001,1002,1003",59000,200,True
repeat-copy,structural_features,loss,position,22400,0.0011433762265403756,0.0008769081141917672,8.094893790485003e-05,0.0020830583479528285,4,"1000,1001,1002,1003",59000,200,True
repeat-copy,structural_features,loss,position,22600,0.025333562314729434,0.038861197205439214,2.8015209298928312e-05,0.09250368386045921,4,"1000,1001,1002,1003",59000,200,True
repeat-copy,structural_features,loss,position,22800,0.002002110018783938,0.0016908447672112298,2.549781224928438e-05,0.0038871044224651997,4,"1000,1001,1002,1003",59000,200,True
repeat-copy,structural_features,loss,position,23000,0.02487182591595829,0.042003937550576874,1.2562401038849203e-05,0.09761589889313427,4,"1000,1001,1002,1003",59000,200,True
repeat-copy,structural_features,loss,position,23200,0.0019537360027386797,0.0024996045656279645,4.348034219106012e-05,0.006148736165130799,4,"1000,1001,1002,1003",59000,200,True
repeat-copy,structural_features,loss,position,23400,0.0007159210483479227,0.000822372833726549,1.1350407465329227e-05,0.0020510229025791204,4,"1000,1001,1002,1003",59000,200,True
repeat-copy,structural_features,loss,position,23600,0.0018475892929205884,0.0015581423088383548,1.8442945624883577e-05,0.004104643791365561,4,"1000,1001,1002,1003",59000,200,True
repeat-copy,structural_features,loss,position,23800,0.01624334730628796,0.020736995731736232,3.336552966771933e-05,0.05128453579640791,4,"1000,1001,1002,1003",59000,200,True
repeat-copy,structural_features,loss,position,24000,0.00091353134988438,0.0010422491628437143,9.881902245751917e-06,0.0026306375547915195,4,"1000,1001,1002,1003",59000,200,True
repeat-copy,structural_features,loss,position,24200,0.01491316617555544,0.022567800083931798,4.937853490361022e-06,0.0538260986937911,4,"1000,1001,1002,1003",59000,200,True
repeat-copy,structural_features,loss,position,24400,0.0009756294333332071,0.0013040963881019586,1.213047535394196e-05,0.003182452590243656,4,"1000,1001,1002,1003",59000,200,True
repeat-copy,structural_features,loss,position,24600,0.022851265482954748,0.03953205506023015,5.687487885950304e-06,0.09132277840122222,4,"1000,1001,1002,1003",59000,200,True
repeat-copy,structural_features,loss,position,24800,0.001283621689561798,0.001707559318953257,5.0805183742852475e-06,0.00416857960851857,4,"1000,1001,1002,1003",59000,200,True
repeat-copy,structural_features,loss,position,25000,0.006125308489115788,0.009483793660952854,1.3145495003641372e-06,0.022490690774772018,4,"1000,1001,1002,1003",59000,200,True
repeat-copy,structural_features,loss,position,25200,0.06398309968458452,0.10639629371269839,0.0002995229447225256,0.2482108855587353,4,"1000,1001,1002,1003",59000,200,True
repeat-copy,structural_features,loss,position,25400,5.3620612710574285e-05,6.744503066711428e-05,4.903087759089431e-07,0.00016577961397629793,4,"1000,1001,1002,1003",59000,200,True
repeat-copy,structural_features,loss,position,25600,0.00463329850165981,0.002989050951272448,6.808172618661956e-06,0.00765524835556775,4,"1000,1001,1002,1003",59000,200,True
repeat-copy,structural_features,loss,position,25800,0.0009529435773498562,0.0009429046373540096,3.5774261633036986e-06,0.002360475548844647,4,"1000,1001,1002,1003",59000,200,True
repeat-copy,structural_features,loss,position,26000,0.0009217850777552527,0.0009145518601474584,9.626697416251773e-06,0.0019323635002103145,4,"1000,1001,1002,1003",59000,200,True
repeat-copy,structural_features,loss,position,26200,0.00010593614469363688,0.00011923036513182791,4.346554008805015e-07,0.00030332522068732715,4,"1000,1001,1002,1003",59000,200,True
repeat-copy,structural_features,loss,position,26400,0.026162112626415504,0.041660046638621495,9.607133570455062e-07,0.09823395598104813,4,"1000,1001,1002,1003",59000,200,True
repeat-copy,structural_features,loss,position,26600,0.01837463741478648,0.029257467381970742,4.714135107874995e-07,0.0689694816816165,4,"1000,1001,1002,1003",59000,200,True
repeat-copy,structural_features,loss,position,26800,0.00021005742220622903,0.00030146886594318976,8.154641879976054e-07,0.0007282043094201285,4,"1000,1001,1002,1003",59000,200,True
repeat-copy,structural_features,loss,position,27000,0.001659949438816468,0.001011328736838323,4.70679203601776e-06,0.002746596426810868,4,"1000,1001,1002,1003",59000,200,True
repeat-copy,structural_features,loss,position,27200,0.002450964004252763,0.0034893905004799025,4.099915723188019e-07,0.008415413564695414,4,"1000,1001,1002,1003",59000,200,True
repeat-copy,structural_features,loss,position,27400,0.04954081877873969,0.08578755432551462,4.89165369668143e-07,0.19812922087867618,4,"1000,1001,1002,1003",59000,200,True
repeat-copy,structural_features,loss,position,27600,0.0004994035561610955,0.000615980288566782,1.5813560282573747e-07,0.0015459574967866985,4,"1000,1001,1002,1003",59000,200,True
repeat-copy,structural_features,loss,position,27800,0.005348582992652955,0.005191727274449294,7.772752663584015e-06,0.011768259982191437,4,"1000,1001,1002,1003",59000,200,True
repeat-copy,structural_features,loss,position,28000,0.024253085392006723,0.03968137078360123,1.3854844124772115e-06,0.09294488461383707,4,"1000,1001,1002,1003",59000,200,True
repeat-copy,structural_features,loss,position,28200,0.0004642449175426733,0.0003461083782641011,0.00011546802657058208,0.0010362257950065157,4,"1000,1001,1002,1003",59000,200,True
repeat-copy,structural_features,loss,position,28400,0.0010623509999531432,0.001084634009179608,1.5198493245272004e-07,0.002495240024570364,4,"1000,1001,1002,1003",59000,200,True
repeat-copy,structural_features,loss,position,28600,0.002391677564370638,0.003051739300999812,8.308025565284538e-08,0.007531030592827328,4,"1000,1001,1002,1003",59000,200,True
repeat-copy,structural_features,loss,position,28800,0.0013428624491256583,0.0018710813422036022,3.926304897761135e-08,0.004534094771690036,4,"1000,1001,1002,1003",59000,200,True
repeat-copy,structural_features,loss,position,29000,0.006879582409486816,0.005989120597298176,5.51118514451332e-06,0.013909206765165579,4,"1000,1001,1002,1003",59000,200,True
repeat-copy,structural_features,loss,position,29200,0.00021291972756575463,0.00032722708218310204,2.5970814552778165e-06,0.0007782262416614571,4,"1000,1001,1002,1003",59000,200,True
repeat-copy,structural_features,loss,position,29400,0.01955118108159618,0.03193014701669818,3.513184697512273e-07,0.07483217203970981,4,"1000,1001,1002,1003",59000,200,True
repeat-copy,structural_features,loss,position,29600,0.13250562785439446,0.18584442309977292,1.1490780379972421e-05,0.4493080613505957,4,"1000,1001,1002,1003",59000,200,True
repeat-copy,structural_features,loss,position,29800,2.7296303399009235e-05,4.3563687972371295e-05,1.7004016398480814e-07,0.00010271982389610912,4,"1000,1001,1002,1003",59000,200,True
repeat-copy,structural_features,loss,position,30000,0.0006382659993314088,0.0004262791714362485,8.13563738599754e-08,0.001129214081045724,4,"1000,1001,1002,1003",59000,200,True
repeat-copy,structural_features,loss,position,30200,0.002529636202771936,0.0038956766208112495,1.977263203611912e-08,0.009250161139511305,4,"1000,1001,1002,1003",59000,200,True
repeat-copy,structural_features,loss,position,30400,0.0007221811216860362,0.0006174256821327558,3.182569252032752e-05,0.001674290021505307,4,"1000,1001,1002,1003",59000,200,True
repeat-copy,structural_features,loss,position,30600,0.009821905442236696,0.01443723153735765,1.686766070321255e-06,0.03460891368237046,4,"1000,1001,1002,1003",59000,200,True
repeat-copy,structural_features,loss,position,30800,0.000977851138228516,0.0007658928959976641,3.376337147571462e-06,0.0019666894994175266,4,"1000,1001,1002,1003",59000,200,True
repeat-copy,structural_features,loss,position,31000,0.00017329212099708943,0.0002595435293812042,3.4438116697455e-07,0.0006199538070084998,4,"1000,1001,1002,1003",59000,200,True
repeat-copy,structural_features,loss,position,31200,0.019138550114107616,0.03313705546805555,5.034131744130477e-08,0.07653361201197156,4,"1000,1001,1002,1003",59000,200,True
repeat-copy,structural_features,loss,position,31400,0.0021595438350078965,0.0030064284721506088,7.825221691550866e-06,0.007281386571514506,4,"1000,1001,1002,1003",59000,200,True
repeat-copy,structural_features,loss,position,31600,0.0012950455782568652,0.0013496245316251864,3.906000464959369e-08,0.0031294186553654413,4,"1000,1001,1002,1003",59000,200,True
repeat-copy,structural_features,loss,position,31800,0.0002924935231576975,0.0002850821297510552,6.045436207413601e-07,0.0005994965656199502,4,"1000,1001,1002,1003",59000,200,True
repeat-copy,structural_features,loss,position,32000,0.000682862206862834,0.0011411925629496286,4.091302866604529e-08,0.0026588980541337294,4,"1000,1001,1002,1003",59000,200,True
repeat-copy,structural_features,loss,position,32200,6.583979847020902e-05,8.963583543190836e-05,2.015874092931025e-08,0.00021846254447822845,4,"1000,1001,1002,1003",59000,200,True
repeat-copy,structural_features,loss,position,32400,0.0005300693794874441,0.0009170752463116781,1.129632295565619e-08,0.0021184901668388533,4,"1000,1001,1002,1003",59000,200,True
repeat-copy,structural_features,loss,position,32600,3.245246868678303e-05,4.516969022228333e-05,5.330954902516005e-09,0.00010941088958773548,4,"1000,1001,1002,1003",59000,200,True
repeat-copy,structural_features,loss,position,32800,0.002329609631599565,0.004002579415847429,4.456955935983054e-09,0.009262223446088798,4,"1000,1001,1002,1003",59000,200,True
repeat-copy,structural_features,loss,position,33000,0.00038251071822247197,0.0006230000216527322,3.4491588744856026e-09,0.0014604670466005487,4,"1000,1001,1002,1003",59000,200,True
repeat-copy,structural_features,loss,position,33200,7.138158576663368e-07,8.633058532268835e-07,2.8158168972197696e-09,2.149906898836207e-06,4,"1000,1001,1002,1003",59000,200,True
repeat-copy,structural_features,loss,position,33400,0.0001661434629281677,0.0002291592049632715,3.04536120869503e-09,0.000555500225383625,4,"1000,1001,1002,1003",59000,200,True
repeat-copy,structural_features,loss,position,33600,0.0010209996839004732,0.0014680695642409537,2.0265736221103392e-08,0.003533972318118913,4,"1000,1001,1002,1003",59000,200,True
repeat-copy,structural_features,loss,position,33800,0.0010092756191802169,0.0016623229358310816,1.9096074455715594e-07,0.003886605775457537,4,"1000,1001,1002,1003",59000,200,True
repeat-copy,structural_features,loss,position,34000,3.2195335406850696e-06,3.4181328167749246e-06,2.666656285718605e-08,8.146098660084534e-06,4,"1000,1001,1002,1003",59000,200,True
repeat-copy,structural_features,loss,position,34200,0.0013976048352044809,0.0017094333618907077,7.345379063328217e-09,0.004187982703907276,4,"1000,1001,1002,1003",59000,200,True
repeat-copy,structural_features,loss,position,34400,0.008784757324209653,0.013664124751350346,6.46157672442027e-07,0.03238327128509024,4,"1000,1001,1002,1003",59000,200,True
repeat-copy,structural_features,loss,position,34600,0.0002933144448969326,0.000505291891971959,2.3401832052738492e-07,0.0011685027925305526,4,"1000,1001,1002,1003",59000,200,True
repeat-copy,structural_features,loss,position,34800,0.003378406984222676,0.0053871294275979155,1.4765608816746934e-08,0.012691107404915844,4,"1000,1001,1002,1003",59000,200,True
repeat-copy,structural_features,loss,position,35000,0.006039554185533669,0.004045222650349127,8.853362917296548e-09,0.010102381442723326,4,"1000,1001,1002,1003",59000,200,True
repeat-copy,structural_features,loss,position,35200,0.001586334974468371,0.0011164426650134703,3.0798178813018496e-06,0.0029428665357689667,4,"1000,1001,1002,1003",59000,200,True
repeat-copy,structural_features,loss,position,35400,0.004992023960880864,0.008186939717298851,4.640004220290983e-08,0.019160747307721663,4,"1000,1001,1002,1003",59000,200,True
repeat-copy,structural_features,loss,position,35600,4.859061893794093e-06,7.4831192123949115e-06,2.931444296971897e-08,1.7803092355066498e-05,4,"1000,1001,1002,1003",59000,200,True
repeat-copy,structural_features,loss,position,35800,0.00829507894808961,0.014362790337165861,3.146662639008646e-08,0.03317216138705489,4,"1000,1001,1002,1003",59000,200,True
repeat-copy,structural_features,loss,position,36000,0.001968193859078726,0.0033539486430972433,6.5178423364065094e-09,0.007777018962594395,4,"1000,1001,1002,1003",59000,200,True
repeat-copy,structural_features,loss,position,36200,0.000919009678317882,0.001410134451560911,1.3151823466905909e-06,0.0033509524263513678,4,"1000,1001,1002,1003",59000,200,True
repeat-copy,structural_features,loss,position,36400,0.00046742734059229435,0.0008090758923522235,1.338835031283736e-08,0.0018687878580464989,4,"1000,1001,1002,1003",59000,200,True
repeat-copy,structural_features,loss,position,36600,1.1481221441351381e-06,1.7602336537433126e-06,1.0540910099637868e-08,4.192275732428641e-06,4,"1000,1001,1002,1003",59000,200,True
repeat-copy,structural_features,loss,position,36800,0.0007598237569282595,0.0013147636635022202,3.3194311749307203e-09,0.003037060688851914,4,"1000,1001,1002,1003",59000,200,True
repeat-copy,structural_features,loss,position,37000,0.0003118370787522727,0.0005395710487013449,4.179735104969939e-09,0.0012464014296774755,4,"1000,1001,1002,1003",59000,200,True
repeat-copy,structural_features,loss,position,37200,0.0020570393079442062,0.0035622691418757094,7.565761033917484e-09,0.008227070414417503,4,"1000,1001,1002,1003",59000,200,True
repeat-copy,structural_features,loss,position,37400,0.0004888169698355921,0.0003712734287015822,1.768508697644333e-07,0.0010372978475354266,4,"1000,1001,1002,1003",59000,200,True
repeat-copy,structural_features,loss,position,37600,0.0014184752521241794,0.0022839576706292584,4.09887200417125e-09,0.0053685630330558886,4,"1000,1001,1002,1003",59000,200,True
repeat-copy,structural_features,loss,position,37800,9.926974336427023e-07,1.3851491911101646e-06,3.2168085761091757e-09,3.3637123074647944e-06,4,"1000,1001,1002,1003",59000,200,True
repeat-copy,structural_features,loss,position,38000,0.001020230210872539,0.0017665440074885951,2.0053147802706615e-09,0.0040799741193346985,4,"1000,1001,1002,1003",59000,200,True
repeat-copy,structural_features,loss,position,38200,0.008559305357743685,0.012482444984060013,1.1128017718756156e-09,0.029967714871942056,4,"1000,1001,1002,1003",59000,200,True
repeat-copy,structural_features,loss,position,38400,7.98691784904132e-07,1.0047273954068567e-06,1.155863529195278e-09,2.4612754360697763e-06,4,"1000,1001,1002,1003",59000,200,True
repeat-copy,structural_features,loss,position,38600,0.007140527888442964,0.012360548750678263,8.488558856517558e-10,0.02854962457881351,4,"1000,1001,1002,1003",59000,200,True
repeat-copy,structural_features,loss,position,38800,0.001139984531117913,0.0017121360594561155,1.2381439400827032e-09,0.004086556125149358,4,"1000,1001,1002,1003",59000,200,True
repeat-copy,structural_features,loss,position,39000,0.00011380518796042331,0.00012135223579939727,9.550795445831261e-10,0.0002872978606321208,4,"1000,1001,1002,1003",59000,200,True
repeat-copy,structural_features,loss,position,39200,0.0016298449550470194,0.0028227946302175374,8.372127561183385e-10,0.006519068669564443,4,"1000,1001,1002,1003",59000,200,True
repeat-copy,structural_features,loss,position,39400,5.423935546559162e-07,8.7171178841462e-07,7.827152725785325e-10,2.05015029596467e-06,4,"1000,1001,1002,1003",59000,200,True
repeat-copy,structural_features,loss,position,39600,4.786767214018211e-07,7.71387035705897e-07,7.634967355563127e-10,1.8130102196245447e-06,4,"1000,1001,1002,1003",59000,200,True
repeat-copy,structural_features,loss,position,39800,3.463865675954239e-05,5.973182539277583e-05,5.795786489626309e-10,0.00013809671497166966,4,"1000,1001,1002,1003",59000,200,True
repeat-copy,structural_features,loss,position,40000,0.0021765768586291694,0.0037693291336084673,5.447748974932859e-10,0.008705246398030166,4,"1000,1001,1002,1003",59000,200,True
repeat-copy,structural_features,loss,position,40200,0.0001519830414345291,0.0002631973573907339,5.64130777872679e-10,0.0006078542339228221,4,"1000,1001,1002,1003",59000,200,True
repeat-copy,structural_features,loss,position,40400,3.399226037648366e-07,5.67043202785251e-07,3.178050283353384e-10,1.3217523797504072e-06,4,"1000,1001,1002,1003",59000,200,True
repeat-copy,structural_features,loss,position,40600,8.544740956852043e-05,0.00014767858206277457,6.301819793254337e-10,0.0003412339179369983,4,"1000,1001,1002,1003",59000,200,True
repeat-copy,structural_features,loss,position,40800,0.0036805472135410366,0.004003616447603309,7.541768071248761e-10,0.010300060688157362,4,"1000,1001,1002,1003",59000,200,True
repeat-copy,structural_features,loss,position,41000,0.001254311954466558,0.002123436712933781,5.934905784269612e-10,0.0049317224301699564,4,"1000,1001,1002,1003",59000,200,True
repeat-copy,structural_features,loss,position,41200,0.00034804526117646826,0.0006012806948601181,4.5909191084131386e-10,0.0013894923125030113,4,"1000,1001,1002,1003",59000,200,True
repeat-copy,structural_features,loss,position,41400,0.00021762975982364823,0.0003766325716271246,4.861827623652004e-10,0.0008699764048619052,4,"1000,1001,1002,1003",59000,200,True
repeat-copy,structural_features,loss,position,41600,0.0005160929889504887,0.0008879487598925403,3.243859241029018e-10,0.0020540585007451824,4,"1000,1001,1002,1003",59000,200,True
repeat-copy,structural_features,loss,position,41800,0.04205948722574926,0.07284566497621602,3.710831254343655e-10,0.1682318800463726,4,"1000,1001,1002,1003",59000,200,True
repeat-copy,structural_features,loss,position,42000,0.000869575636890774,0.000966367525422002,4.0714271390927814e-10,0.0023362764703625284,4,"1000,1001,1002,1003",59000,200,True
repeat-copy,structural_features,loss,position,42200,3.607479253186989e-06,4.60005594071797e-06,3.2883517513127014e-10,1.1488977135573439e-05,4,"1000,1001,1002,1003",59000,200,True
repeat-copy,structural_features,loss,position,42400,0.00025644501483693973,0.0004209478949779922,4.020397270480813e-10,0.0009851173419518266,4,"1000,1001,1002,1003",59000,200,True
repeat-copy,structural_features,loss,position,42600,0.0011734278981229641,0.00129525426555629,3.11533064093969e-10,0.003122711714514759,4,"1000,1001,1002,1003",59000,200,True
repeat-copy,structural_features,loss,position,42800,0.0014303943633160823,0.0015902085572196733,2.9732166046021746e-10,0.0038434032491978854,4,"1000,1001,1002,1003",59000,200,True
repeat-copy,structural_features,loss,position,43000,8.417479733285969e-07,8.41501235617688e-07,3.4754979196666146e-10,1.7755600828994745e-06,4,"1000,1001,1002,1003",59000,200,True
repeat-copy,structural_features,loss,position,43200,1.9811823888430907e-06,3.196087774981107e-06,2.4762181386524943e-10,7.509287614388925e-06,4,"1000,1001,1002,1003",59000,200,True
repeat-copy,structural_features,loss,position,43400,0.00026555261389461316,0.00044234369069701,3.1504372462794887e-10,0.001031404704567693,4,"1000,1001,1002,1003",59000,200,True
repeat-copy,structural_features,loss,position,43600,3.045582103716185e-07,3.228787454596427e-07,2.9752463827706355e-10,7.629892812242162e-07,4,"1000,1001,1002,1003",59000,200,True
repeat-copy,structural_features,loss,position,43800,0.0005724769268903217,0.0009908852488013217,2.406903870525237e-10,0.002288740324623666,4,"1000,1001,1002,1003",59000,200,True
repeat-copy,structural_features,loss,position,44000,8.956791031459429e-05,0.0001549779187527407,2.0689697215019177e-10,0.0003579974705435074,4,"1000,1001,1002,1003",59000,200,True
repeat-copy,structural_features,loss,position,44200,0.0008151864182664323,0.001411831891180398,2.93245384207913e-10,0.003260550981750362,4,"1000,1001,1002,1003",59000,200,True
repeat-copy,structural_features,loss,position,44400,1.695148579254559e-07,2.1721016409389862e-07,2.284653074970805e-10,5.314691159787055e-07,4,"1000,1001,1002,1003",59000,200,True
repeat-copy,structural_features,loss,position,44600,0.028440551252249792,0.04844503023836307,2.819891430517335e-10,0.11234381069633591,4,"1000,1001,1002,1003",59000,200,True
repeat-copy,structural_features,loss,position,44800,4.307315917749921e-06,7.124439182280324e-06,2.534970053704247e-10,1.6640206123632594e-05,4,"1000,1001,1002,1003",59000,200,True
repeat-copy,structural_features,loss,position,45000,1.1179191565678843e-07,1.1144614782900833e-07,2.670474345259008e-10,2.3053844684869234e-07,4,"1000,1001,1002,1003",59000,200,True
repeat-copy,structural_features,loss,position,45200,9.27846952954091e-05,0.00016068665036121126,3.411902175457643e-10,0.0003711021366958872,4,"1000,1001,1002,1003",59000,200,True
repeat-copy,structural_features,loss,position,45400,0.0011774995517359155,0.001836494992542213,3.2869965870246236e-10,0.004348091576946692,4,"1000,1001,1002,1003",59000,200,True
repeat-copy,structural_features,loss,position,45600,0.003964967284498013,0.006862246838374005,2.6128725729487184e-10,0.015850725704621083,4,"1000,1001,1002,1003",59000,200,True
repeat-copy,structural_features,loss,position,45800,1.4147236186917795e-06,1.8586553099452418e-06,2.109400398971062e-10,4.5345619840986284e-06,4,"1000,1001,1002,1003",59000,200,True
repeat-copy,structural_features,loss,position,46000,0.0019825934559798896,0.0034337526262106246,3.1017862846998217e-10,0.00793002746019059,4,"1000,1001,1002,1003",59000,200,True
repeat-copy,structural_features,loss,position,46200,0.007511717953271158,0.013010585725873944,4.1470702351331655e-10,0.03004671346644152,4,"1000,1001,1002,1003",59000,200,True
repeat-copy,structural_features,loss,position,46400,0.027505746206291724,0.04764087014308816,2.4919171061257156e-10,0.11002215380882346,4,"1000,1001,1002,1003",59000,200,True
repeat-copy,structural_features,loss,position,46600,0.00028599851167829114,0.000495294304300743,3.7759950451132784e-10,0.0011438734072693579,4,"1000,1001,1002,1003",59000,200,True
repeat-copy,structural_features,loss,position,46800,0.04573687595202482,0.07921844535182926,1.8414959611010028e-10,0.18294724819789449,4,"1000,1001,1002,1003",59000,200,True
repeat-copy,structural_features,loss,position,47000,0.048466847012358344,0.0839463790177042,2.5179829061649366e-10,0.19386624058019591,4,"1000,1001,1002,1003",59000,200,True
repeat-copy,structural_features,loss,position,47200,0.025805746978129044,0.044693842367812556,2.346942005299578e-10,0.10321775265776502,4,"1000,1001,1002,1003",59000,200,True
repeat-copy,structural_features,loss,position,47400,0.00013304046485413407,0.00023027068435515631,2.421907407653204e-10,0.0005318809512321065,4,"1000,1001,1002,1003",59000,200,True
repeat-copy,structural_features,loss,position,47600,3.448208411882444e-07,3.3867050848988795e-07,2.395500692036964e-10,7.109201216315419e-07,4,"1000,1001,1002,1003",59000,200,True
repeat-copy,structural_features,loss,position,47800,0.035422298733858486,0.0610111789629249,2.3106487866304814e-10,0.14109592855732828,4,"1000,1001,1002,1003",59000,200,True
repeat-copy,structural_features,loss,position,48000,0.0001127053450926413,0.00019456036072617222,1.9083285974011433e-10,0.00044969351958665195,4,"1000,1001,1002,1003",59000,200,True
repeat-copy,structural_features,loss,position,48200,0.0004933265816094075,0.0008543152664683925,1.5310199914277124e-10,0.0019730440238459133,4,"1000,1001,1002,1003",59000,200,True
repeat-copy,structural_features,loss,position,48400,5.217008444233771e-08,4.159354017731601e-08,2.6998782513918544e-10,1.164320869345703e-07,4,"1000,1001,1002,1003",59000,200,True
repeat-copy,structural_features,loss,position,48600,0.028914688001901133,0.04863521714928836,1.022938872483059e-08,0.11313680400057892,4,"1000,1001,1002,1003",59000,200,True
repeat-copy,structural_features,loss,position,48800,0.046936104768507646,0.04677206144266516,3.4784574624337207e-09,0.10342106674357762,4,"1000,1001,1002,1003",59000,200,True
repeat-copy,structural_features,loss,position,49000,1.0036942663289774e-06,1.0120833768393015e-06,2.470390413171486e-09,2.344611874992575e-06,4,"1000,1001,1002,1003",59000,200,True
repeat-copy,structural_features,loss,position,49200,0.007617094193454999,0.01299931571475376,3.0989563947966814e-10,0.03013130873101087,4,"1000,1001,1002,1003",59000,200,True
repeat-copy,structural_features,loss,position,49400,0.09772651466014096,0.11622493818605695,4.2417145580675443e-10,0.28443218658384867,4,"1000,1001,1002,1003",59000,200,True
repeat-copy,structural_features,loss,position,49600,0.042323385445425486,0.07197858633350054,3.2924229436976507e-10,0.16698325387262186,4,"1000,1001,1002,1003",59000,200,True
repeat-copy,structural_features,loss,position,49800,0.0085842749395237,0.014868193905605903,1.5564264520869647e-10,0.03433674219989928,4,"1000,1001,1002,1003",59000,200,True
repeat-copy,structural_features,loss,position,50000,0.006696239764569709,0.011598200619315116,2.5601527555048353e-10,0.026784912513589953,4,"1000,1001,1002,1003",59000,200,True
repeat-copy,structural_features,loss,position,50200,0.007043960066948777,0.007809060734815189,3.2864849899665037e-10,0.01885532450980508,4,"1000,1001,1002,1003",59000,200,True
repeat-copy,structural_features,loss,position,50400,0.19146271089990186,0.31882464196069876,2.1613219507946728e-10,0.7434560936715539,4,"1000,1001,1002,1003",59000,200,True
repeat-copy,structural_features,loss,position,50600,0.00375485640777161,0.006359009828815887,2.3712660732113504e-10,0.014767544386371583,4,"1000,1001,1002,1003",59000,200,True
repeat-copy,structural_features,loss,position,50800,0.0007459582055694043,0.0008775625334843845,1.9960860798452774e-10,0.0021456181522244606,4,"1000,1001,1002,1003",59000,200,True
repeat-copy,structural_features,loss,position,51000,0.027345609215175107,0.04375669996538823,2.0907196694600407e-10,0.10306574822763928,4,"1000,1001,1002,1003",59000,200,True
repeat-copy,structural_features,loss,position,51200,0.016090569256670312,0.026096852723248444,1.529547157788809e-10,0.061277284364058146,4,"1000,1001,1002,1003",59000,200,True
repeat-copy,structural_features,loss,position,51400,0.000508397071052231,0.0005143462845096789,2.2441102454822184e-10,0.0011545678249046975,4,"1000,1001,1002,1003",59000,200,True
repeat-copy,structural_features,loss,position,51600,0.0011945607709873732,0.002068346960219947,3.364479856824906e-10,0.004777042758351886,4,"1000,1001,1002,1003",59000,200,True
repeat-copy,structural_features,loss,position,51800,0.08105065107149349,0.11439075784918425,1.564558631587075e-10,0.276315673057515,4,"1000,1001,1002,1003",59000,200,True
repeat-copy,structural_features,loss,position,52000,0.0011317257857026758,0.0016136736344270152,1.997465889675039e-10,0.0038907294638808486,4,"1000,1001,1002,1003",59000,200,True
repeat-copy,structural_features,loss,position,52200,7.78853214528094e-06,1.3143487583021453e-05,1.768626431983625e-10,3.055251532813941e-05,4,"1000,1001,1002,1003",59000,200,True
repeat-copy,structural_features,loss,position,52400,0.00020912179895646402,0.00036203013423148834,1.372996514615102e-10,0.0008361763638064284,4,"1000,1001,1002,1003",59000,200,True
repeat-copy,structural_features,loss,position,52600,0.003607404944218146,0.0056241317266789255,1.9247019646031344e-10,0.013316871368729135,4,"1000,1001,1002,1003",59000,200,True
repeat-copy,structural_features,loss,position,52800,0.0018114930739965747,0.0031367553401423303,1.4968549418348242e-07,0.007244512681976107,4,"1000,1001,1002,1003",59000,200,True
repeat-copy,structural_features,loss,position,53000,0.0001353371465576064,0.00023433094237518037,1.503828913444749e-09,0.0005412102417768151,4,"1000,1001,1002,1003",59000,200,True
repeat-copy,structural_features,loss,position,53200,0.00024383536772623027,0.0004222891340463292,1.418186775436689e-09,0.0009752616018445909,4,"1000,1001,1002,1003",59000,200,True
repeat-copy,structural_features,loss,position,53400,1.3051441501683986e-07,1.989101992864374e-07,6.609468962328475e-10,4.735954107998319e-07,4,"1000,1001,1002,1003",59000,200,True
repeat-copy,structural_features,loss,position,53600,3.624260452090374e-08,4.883068968215693e-08,2.9429394097450075e-10,1.1929714858485708e-07,4,"1000,1001,1002,1003",59000,200,True
repeat-copy,structural_features,loss,position,53800,1.1486923551944562e-07,1.2354447757777295e-07,1.708748429644219e-10,2.9600238710444925e-07,4,"1000,1001,1002,1003",59000,200,True
repeat-copy,structural_features,loss,position,54000,1.9228897989063356e-08,2.4415581061068813e-08,3.84621109614236e-10,6.024535279203213e-08,4,"1000,1001,1002,1003",59000,200,True
repeat-copy,structural_features,loss,position,54200,2.7400462618710496e-07,4.5879420697156596e-07,2.500760377032937e-10,1.0684449418844194e-06,4,"1000,1001,1002,1003",59000,200,True
repeat-copy,structural_features,loss,position,54400,0.029686154870148272,0.05141792280918916,1.8614939180372491e-10,0.11874460959531835,4,"1000,1001,1002,1003",59000,200,True
repeat-copy,structural_features,loss,position,54600,3.1745306402916564e-07,5.479424010857143e-07,1.2850387629426835e-10,1.2665160245234341e-06,4,"1000,1001,1002,1003",59000,200,True
repeat-copy,structural_features,loss,position,54800,0.00028009770704673923,0.00032587932766233997,1.3095199878025016e-10,0.0007958237100010568,4,"1000,1001,1002,1003",59000,200,True
repeat-copy,structural_features,loss,position,55000,0.05178643968476794,0.08841701459464464,1.83484249820752e-10,0.20492112204190005,4,"1000,1001,1002,1003",59000,200,True
repeat-copy,structural_features,loss,position,55200,0.002087146223205591,0.0033862313263668476,1.6145607311182642e-10,0.007945335663032967,4,"1000,1001,1002,1003",59000,200,True
repeat-copy,structural_features,loss,position,55400,0.08593612990341182,0.14725580779137795,2.905431918534887e-10,0.3409831968086607,4,"1000,1001,1002,1003",59000,200,True
repeat-copy,structural_features,loss,position,55600,0.00013279962656877125,0.00022685530896301946,1.796462207855412e-10,0.0005257086155862765,4,"1000,1001,1002,1003",59000,200,True
repeat-copy,structural_features,loss,position,55800,8.03328795635693e-05,0.00013828205674123532,1.6526799266353835e-10,0.00031984323494968345,4,"1000,1001,1002,1003",59000,200,True
repeat-copy,structural_features,loss,position,56000,2.7154954073583416e-08,2.587483587109037e-08,1.928092228605828e-10,6.561400008356713e-08,4,"1000,1001,1002,1003",59000,200,True
repeat-copy,structural_features,loss,position,56200,8.828404202976107e-05,0.0001528950741809699,2.0602971715407565e-10,0.0003531060780065566,4,"1000,1001,1002,1003",59000,200,True
repeat-copy,structural_features,loss,position,56400,0.0006692460226384278,0.0009576683261980992,1.4473707693734432e-10,0.002307243971421229,4,"1000,1001,1002,1003",59000,200,True
repeat-copy,structural_features,loss,position,56600,0.0011032368497593853,0.0019105800686282134,1.594585013814029e-10,0.004412458583240183,4,"1000,1001,1002,1003",59000,200,True
repeat-copy,structural_features,loss,position,56800,6.275033034768366e-08,1.00413232023172e-07,1.755253068586038e-10,2.3654511021278802e-07,4,"1000,1001,1002,1003",59000,200,True
repeat-copy,structural_features,loss,position,57000,8.418765828618132e-09,1.0574448581320907e-08,2.0561689003783386e-10,2.6590383739588662e-08,4,"1000,1001,1002,1003",59000,200,True
repeat-copy,structural_features,loss,position,57200,0.0002452187907834226,0.00042472656737989686,1.1077364737510989e-10,0.0009808667847997265,4,"1000,1001,1002,1003",59000,200,True
repeat-copy,structural_features,loss,position,57400,0.0020011931341082393,0.001719517011412762,9.586110143958854e-11,0.0041293933844049275,4,"1000,1001,1002,1003",59000,200,True
repeat-copy,structural_features,loss,position,57600,0.0009263045109575384,0.0016041978445318992,1.436093254665767e-10,0.0037048566785386604,4,"1000,1001,1002,1003",59000,200,True
repeat-copy,structural_features,loss,position,57800,5.1929505831878476e-08,7.907842067455466e-08,1.5997447284183884e-10,1.8866893593566524e-07,4,"1000,1001,1002,1003",59000,200,True
repeat-copy,structural_features,loss,position,58000,1.899457529800508e-08,2.3850928863010682e-08,1.4372459583794975e-10,5.971919975450435e-08,4,"1000,1001,1002,1003",59000,200,True
repeat-copy,structural_features,loss,position,58200,5.887465585300449e-09,8.097825764353298e-09,1.4362555858602604e-10,1.9847835925727864e-08,4,"1000,1001,1002,1003",59000,200,True
repeat-copy,structural_features,loss,position,58400,3.0933524644717993e-09,4.473605666214062e-09,1.206244348373256e-10,1.082545330113871e-08,4,"1000,1001,1002,1003",59000,200,True
repeat-copy,structural_features,loss,position,58600,1.014714359866563e-08,1.2424032614851806e-08,1.0859776000552226e-10,3.078943347313567e-08,4,"1000,1001,1002,1003",59000,200,True
repeat-copy,structural_features,loss,position,58800,0.0010198464721189657,0.0010420962938541293,1.1452166508293602e-10,0.002342606742463758,4,"1000,1001,1002,1003",59000,200,True
repeat-copy,structural_features,loss,position,59000,0.25923944522353204,0.44901545005203936,1.161331665165341e-10,1.0369570180968832,4,"1000,1001,1002,1003",59000,200,True
repeat-copy,structural_features,loss,operation,200,0.6432882894575597,0.0018522016000344498,0.6405952101945878,0.6451016011834144,4,"1000,1001,1002,1003",59000,200,True
repeat-copy,structural_features,loss,operation,400,0.6339735049754381,0.0010326856439390008,0.6324634799361228,0.6350129184126854,4,"1000,1001,1002,1003",59000,200,True
repeat-copy,structural_features,loss,operation,600,0.629235635921359,0.0008541208726524976,0.627911573946476,0.6301792159676551,4,"1000,1001,1002,1003",59000,200,True
repeat-copy,structural_features,loss,operation,800,0.6264904830604792,0.0011688280110762088,0.625581137239933,0.6284988260269165,4,"1000,1001,1002,1003",59000,200,True
repeat-copy,structural_features,loss,operation,1000,0.6210996763408184,0.0014302880439872887,0.6198666965961457,0.6235355201363564,4,"1000,1001,1002,1003",59000,200,True
repeat-copy,structural_features,loss,operation,1200,0.6166294132173061,0.0021152407862666395,0.6130294452607632,0.6181819169223308,4,"1000,1001,1002,1003",59000,200,True
repeat-copy,structural_features,loss,operation,1400,0.6144384670630098,0.00265228903890508,0.6107046164572238,0.6171958269178868,4,"1000,1001,1002,1003",59000,200,True
repeat-copy,structural_features,loss,operation,1600,0.6107961479201912,0.002698562247937039,0.6062393453717232,0.6132362285256385,4,"1000,1001,1002,1003",59000,200,True
repeat-copy,structural_features,loss,operation,1800,0.6075171895325184,0.0012291613901364775,0.6064729976654053,0.6095643001794815,4,"1000,1001,1002,1003",59000,200,True
repeat-copy,structural_features,loss,operation,2000,0.6028103186935185,0.002234404728456945,0.5991389694809913,0.6048208919167518,4,"1000,1001,1002,1003",59000,200,True
repeat-copy,structural_features,loss,operation,2200,0.6050654692575336,0.0021188877730359745,0.6018389602005482,0.6073895312845707,4,"1000,1001,1002,1003",59000,200,True
repeat-copy,structural_features,loss,operation,2400,0.6017648592591286,0.002671990727998492,0.5989470988512039,0.606042535752058,4,"1000,1001,1002,1003",59000,200,True
repeat-copy,structural_features,loss,operation,2600,0.5950151926651597,0.002460499820506078,0.5917609660327434,0.598693521618843,4,"1000,1001,1002,1003",59000,200,True
repeat-copy,structural_features,loss,operation,2800,0.5959860941022634,0.002452365261699326,0.5934124778211117,0.6000280484557152,4,"1000,1001,1002,1003",59000,200,True
repeat-copy,structural_features,loss,operation,3000,0.5912731450051069,0.003008898372141821,0.5880583058297634,0.5957677613198757,4,"1000,1001,1002,1003",59000,200,True
repeat-copy,structural_features,loss,operation,3200,0.5896737110614777,0.0028197321106898563,0.5853215608000756,0.592965565174818,4,"1000,1001,1002,1003",59000,200,True
repeat-copy,structural_features,loss,operation,3400,0.5881729500740767,0.0015662090671788207,0.5862410531938076,0.5901944702863693,4,"1000,1001,1002,1003",59000,200,True
repeat-copy,structural_features,loss,operation,3600,0.5834088850021362,0.0028287863750668515,0.579092381298542,0.5866239680349827,4,"1000,1001,1002,1003",59000,200,True
repeat-copy,structural_features,loss,operation,3800,0.5804177806153893,0.004314179656401944,0.5761519902944565,0.5874457067251205,4,"1000,1001,1002,1003",59000,200,True
repeat-copy,structural_features,loss,operation,4000,0.5810774455219507,0.0013048590536382451,0.5796284668147564,0.5828082412481308,4,"1000,1001,1002,1003",59000,200,True
repeat-copy,structural_features,loss,operation,4200,0.5765222853049636,0.0027019066851143208,0.5734569381177426,0.5797952625155449,4,"1000,1001,1002,1003",59000,200,True
repeat-copy,structural_features,loss,operation,4400,0.5762653994187712,0.0019923594544856674,0.5740073256194591,0.5789750689268112,4,"1000,1001,1002,1003",59000,200,True
repeat-copy,structural_features,loss,operation,4600,0.5755613717809319,0.003470421168511224,0.5712646779417991,0.5806252956390381,4,"1000,1001,1002,1003",59000,200,True
repeat-copy,structural_features,loss,operation,4800,0.5729791629686951,0.003091798440713938,0.5697632466256618,0.5769688545167446,4,"1000,1001,1002,1003",59000,200,True
repeat-copy,structural_features,loss,operation,5000,0.5724705188721417,0.002388638672609071,0.5688058815896511,0.5749938644468784,4,"1000,1001,1002,1003",59000,200,True
repeat-copy,structural_features,loss,operation,5200,0.5663121129944921,0.004725382659384287,0.5587126290798188,0.5716240324079991,4,"1000,1001,1002,1003",59000,200,True
repeat-copy,structural_features,loss,operation,5400,0.5693992350064218,0.0041915788902527245,0.565845697671175,0.5762890340387821,4,"1000,1001,1002,1003",59000,200,True
repeat-copy,structural_features,loss,operation,5600,0.5667917585745453,0.0012232016000398214,0.5648134969174862,0.5680357208847999,4,"1000,1001,1002,1003",59000,200,True
repeat-copy,structural_features,loss,operation,5800,0.5613511477969586,0.008809837151478525,0.5465815022587777,0.5695265325903892,4,"1000,1001,1002,1003",59000,200,True
repeat-copy,structural_features,loss,operation,6000,0.5627940492331982,0.004051012317811076,0.5587344162166119,0.5689416626095771,4,"1000,1001,1002,1003",59000,200,True
repeat-copy,structural_features,loss,operation,6200,0.571767298206687,0.0018056784378546564,0.5688032400608063,0.5736942994594574,4,"1000,1001,1002,1003",59000,200,True
repeat-copy,structural_features,loss,operation,6400,0.5625929085724056,0.006702234718182291,0.5526939507573843,0.5695810067653656,4,"1000,1001,1002,1003",59000,200,True
repeat-copy,structural_features,loss,operation,6600,0.5593221963383257,0.01110225779308727,0.5408940143883229,0.5706445696949959,4,"1000,1001,1002,1003",59000,200,True
repeat-copy,structural_features,loss,operation,6800,0.548389153573662,0.025483848481700055,0.5042507199198007,0.5633042059838772,4,"1000,1001,1002,1003",59000,200,True
repeat-copy,structural_features,loss,operation,7000,0.5382633463107049,0.04529739998742322,0.4599096542596817,0.5679767164587974,4,"1000,1001,1002,1003",59000,200,True
repeat-copy,structural_features,loss,operation,7200,0.5326704878546298,0.05795167114309584,0.43270504400134085,0.5739258836209774,4,"1000,1001,1002,1003",59000,200,True
repeat-copy,structural_features,loss,operation,7400,0.5151026935316623,0.07677233002196954,0.38233473934233186,0.564507287889719,4,"1000,1001,1002,1003",59000,200,True
repeat-copy,structural_features,loss,operation,7600,0.5079742651898413,0.09596705281536752,0.34182126123458145,0.5658110322058201,4,"1000,1001,1002,1003",59000,200,True
repeat-copy,structural_features,loss,operation,7800,0.5136455296492204,0.08273222543924315,0.37043294293805956,0.5645199532806874,4,"1000,1001,1002,1003",59000,200,True
repeat-copy,structural_features,loss,operation,8000,0.5022265140293166,0.09759045088993273,0.33320514610037205,0.5602058678865433,4,"1000,1001,1002,1003",59000,200,True
repeat-copy,structural_features,loss,operation,8200,0.4858824140089564,0.13037829045391938,0.2601568198483437,0.5668667486310005,4,"1000,1001,1002,1003",59000,200,True
repeat-copy,structural_features,loss,operation,8400,0.4479316177405417,0.19278005511535642,0.11415269516408444,0.5644271447509527,4,"1000,1001,1002,1003",59000,200,True
repeat-copy,structural_features,loss,operation,8600,0.44642430851352405,0.1980587090449106,0.10341180868912488,0.5632886874675751,4,"1000,1001,1002,1003",59000,200,True
repeat-copy,structural_features,loss,operation,8800,0.432985801147297,0.21271288815024655,0.06463214937597513,0.5628175409138203,4,"1000,1001,1002,1003",59000,200,True
repeat-copy,structural_features,loss,operation,9000,0.4321120519042597,0.2194595569592786,0.05200256967567839,0.560532104074955,4,"1000,1001,1002,1003",59000,200,True
repeat-copy,structural_features,loss,operation,9200,0.429547455428401,0.2259219271370715,0.038283804156817494,0.5655386950075626,4,"1000,1001,1002,1003",59000,200,True
repeat-copy,structural_features,loss,operation,9400,0.42847771417524194,0.22175357712624447,0.044411241717170924,0.5591349105536938,4,"1000,1001,1002,1003",59000,200,True
repeat-copy,structural_features,loss,operation,9600,0.4262921429431299,0.22381199533798027,0.038656330856028945,0.5589558471739292,4,"1000,1001,1002,1003",59000,200,True
repeat-copy,structural_features,loss,operation,9800,0.4285924181487645,0.21372994013712426,0.05844559958437458,0.5563464461266995,4,"1000,1001,1002,1003",59000,200,True
repeat-copy,structural_features,loss,operation,10000,0.42142322155443257,0.22999521155670938,0.023067267342703417,0.5563457444310188,4,"1000,1001,1002,1003",59000,200,True
repeat-copy,structural_features,loss,operation,10200,0.42423880309215745,0.22196000256379528,0.03979965121950954,0.5545312511920929,4,"1000,1001,1002,1003",59000,200,True
repeat-copy,structural_features,loss,operation,10400,0.4219258273293962,0.23216537714295588,0.019876589064951985,0.5615718719363213,4,"1000,1001,1002,1003",59000,200,True
repeat-copy,structural_features,loss,operation,10600,0.42874066019954626,0.21603273592080557,0.05463410178432241,0.5604115403443575,4,"1000,1001,1002,1003",59000,200,True
repeat-copy,structural_features,loss,operation,10800,0.4151209449218004,0.22531351502777486,0.024895891327178107,0.5487066418677569,4,"1000,1001,1002,1003",59000,200,True
repeat-copy,structural_features,loss,operation,11000,0.42580168955464615,0.21813200173652422,0.048035855012713,0.5574314332008362,4,"1000,1001,1002,1003",59000,200,True
repeat-copy,structural_features,loss,operation,11200,0.41842888558690905,0.2335840181439453,0.013898250774946063,0.5591598634421825,4,"1000,1001,1002,1003",59000,200,True
repeat-copy,structural_features,loss,operation,11400,0.418656467255787,0.23191296874220974,0.01697635360294953,0.554412712007761,4,"1000,1001,1002,1003",59000,200,True
repeat-copy,structural_features,loss,operation,11600,0.41247359776141823,0.23107753193324798,0.012258855373365804,0.549736348092556,4,"1000,1001,1002,1003",59000,200,True
repeat-copy,structural_features,loss,operation,11800,0.42632224118111484,0.20006019883359494,0.08016931845835643,0.5498365952074528,4,"1000,1001,1002,1003",59000,200,True
repeat-copy,structural_features,loss,operation,12000,0.40064724270545415,0.2274703564882347,0.009158297192770988,0.5529654295742512,4,"1000,1001,1002,1003",59000,200,True
repeat-copy,structural_features,loss,operation,12200,0.39245458595694804,0.22187760931133127,0.015082019949622917,0.5535165391117335,4,"1000,1001,1002,1003",59000,200,True
repeat-copy,structural_features,loss,operation,12400,0.37178854974641584,0.21874638578819341,0.007380226317909546,0.5424100635200739,4,"1000,1001,1002,1003",59000,200,True
repeat-copy,structural_features,loss,operation,12600,0.3673124678790919,0.21687816023790524,0.012829930422594771,0.5445617224276066,4,"1000,1001,1002,1003",59000,200,True
repeat-copy,structural_features,loss,operation,12800,0.3673235594612197,0.21400694157919709,0.035044171871850265,0.5615463205426932,4,"1000,1001,1002,1003",59000,200,True
repeat-copy,structural_features,loss,operation,13000,0.35715776290602663,0.2147059718338183,0.014796269097278127,0.5428799006342888,4,"1000,1001,1002,1003",59000,200,True
repeat-copy,structural_features,loss,operation,13200,0.3597615097780363,0.21626038418912694,0.01789862156030722,0.5470050024986267,4,"1000,1001,1002,1003",59000,200,True
repeat-copy,structural_features,loss,operation,13400,0.35493302305851104,0.21709454976202572,0.013902552657964407,0.5472031880170107,4,"1000,1001,1002,1003",59000,200,True
repeat-copy,structural_features,loss,operation,13600,0.3546267267039366,0.21775376526772663,0.015113982560287696,0.5471341148018837,4,"1000,1001,1002,1003",59000,200,True
repeat-copy,structural_features,loss,operation,13800,0.3553189396049856,0.21640274275717428,0.009509066682949197,0.5422279069572687,4,"1000,1001,1002,1003",59000,200,True
repeat-copy,structural_features,loss,operation,14000,0.35224732853301244,0.21772201995830434,0.010234743683977286,0.5429791125655175,4,"1000,1001,1002,1003",59000,200,True
repeat-copy,structural_features,loss,operation,14200,0.34741736365493125,0.21610829028637857,0.0077666994654282465,0.5427607253193856,4,"1000,1001,1002,1003",59000,200,True
repeat-copy,structural_features,loss,operation,14400,0.3523384825348148,0.21855224860042524,0.00964336639670364,0.5431104221194982,4,"1000,1001,1002,1003",59000,200,True
repeat-copy,structural_features,loss,operation,14600,0.34107870932291917,0.2194431895351404,0.009214458274145727,0.5496317902207375,4,"1000,1001,1002,1003",59000,200,True
repeat-copy,structural_features,loss,operation,14800,0.29560640253872406,0.24705337504941485,0.0140165411408816,0.544786147736013,4,"1000,1001,1002,1003",59000,200,True
repeat-copy,structural_features,loss,operation,15000,0.29280366205577596,0.24310582657142074,0.01383255803535576,0.5397176354378462,4,"1000,1001,1002,1003",59000,200,True
repeat-copy,structural_features,loss,operation,15200,0.2874115058942152,0.2572518093921565,0.010483238416272798,0.5464651995524764,4,"1000,1001,1002,1003",59000,200,True
repeat-copy,structural_features,loss,operation,15400,0.28157082567877295,0.2574297212686202,0.00855199722100224,0.5412606706470251,4,"1000,1001,1002,1003",59000,200,True
repeat-copy,structural_features,loss,operation,15600,0.3007017359738711,0.23838159736931064,0.01079218935665267,0.5370527179539204,4,"1000,1001,1002,1003",59000,200,True
repeat-copy,structural_features,loss,operation,15800,0.2739234721204775,0.25262269838070034,0.005902599927067058,0.5264946912974119,4,"1000,1001,1002,1003",59000,200,True
repeat-copy,structural_features,loss,operation,16000,0.2884376157689803,0.2503496349331403,0.011651230049537845,0.5387815453112126,4,"1000,1001,1002,1003",59000,200,True
repeat-copy,structural_features,loss,operation,16200,0.28295029355317636,0.2591921124035509,0.0024325213841439107,0.5421878090500831,4,"1000,1001,1002,1003",59000,200,True
repeat-copy,structural_features,loss,operation,16400,0.28595140206166436,0.25053861364910335,0.008176373929200054,0.5381967149674892,4,"1000,1001,1002,1003",59000,200,True
repeat-copy,structural_features,loss,operation,16600,0.28601796816808933,0.24124336261234672,0.04422527362592518,0.5290605402365327,4,"1000,1001,1002,1003",59000,200,True
repeat-copy,structural_features,loss,operation,16800,0.27400222544853475,0.25611956900616034,0.011845681552240422,0.5326428606361151,4,"1000,1001,1002,1003",59000,200,True
repeat-copy,structural_features,loss,operation,17000,0.27580505003546935,0.2543708034917775,0.01875596821315412,0.5337722742930054,4,"1000,1001,1002,1003",59000,200,True
repeat-copy,structural_features,loss,operation,17200,0.27298206160025074,0.2522180250726854,0.00889414951285289,0.5363627268373966,4,"1000,1001,1002,1003",59000,200,True
repeat-copy,structural_features,loss,operation,17400,0.26883157494342413,0.25637666683119087,0.006109057134708564,0.5300425796955824,4,"1000,1001,1002,1003",59000,200,True
repeat-copy,structural_features,loss,operation,17600,0.26593679834788875,0.257367746206232,0.0008877240495530714,0.5317345336824656,4,"1000,1001,1002,1003",59000,200,True
repeat-copy,structural_features,loss,operation,17800,0.26432427713369633,0.25523216053073583,0.0031484827715212303,0.5195249795913697,4,"1000,1001,1002,1003",59000,200,True
repeat-copy,structural_features,loss,operation,18000,0.27694653598563945,0.2554555986585714,0.00217404171524322,0.5330797614902258,4,"1000,1001,1002,1003",59000,200,True
repeat-copy,structural_features,loss,operation,18200,0.2703431715780198,0.2559006658292842,0.012691248967312276,0.529652331918478,4,"1000,1001,1002,1003",59000,200,True
repeat-copy,structural_features,loss,operation,18400,0.26802458202148044,0.2550188456307667,0.006396589890500764,0.5261485246196389,4,"1000,1001,1002,1003",59000,200,True
repeat-copy,structural_features,loss,operation,18600,0.2947848037584617,0.23305781769649003,0.027819844826008192,0.5292154216393828,4,"1000,1001,1002,1003",59000,200,True
repeat-copy,structural_features,loss,operation,18800,0.26755710127653404,0.2580431954638382,0.0006852736462678876,0.536111699566245,4,"1000,1001,1002,1003",59000,200,True
repeat-copy,structural_features,loss,operation,19000,0.26707872368286417,0.2609600204833255,0.0016072633386011149,0.5321375515311957,4,"1000,1001,1002,1003",59000,200,True
repeat-copy,structural_features,loss,operation,19200,0.27232376869394104,0.25324755461677234,0.0016172936663133442,0.5263648568466306,4,"1000,1001,1002,1003",59000,200,True
repeat-copy,structural_features,loss,operation,19400,0.26389775907951163,0.2584614878674869,0.0004263017247740208,0.52628961160779,4,"1000,1001,1002,1003",59000,200,True
repeat-copy,structural_features,loss,operation,19600,0.2579483585579669,0.247256090982759,0.0067664996588337085,0.5135119892656803,4,"1000,1001,1002,1003",59000,200,True
repeat-copy,structural_features,loss,operation,19800,0.2669787400785549,0.25570153111994814,0.00045363305903265425,0.5302373180538416,4,"1000,1001,1002,1003",59000,200,True
repeat-copy,structural_features,loss,operation,20000,0.26124343380891557,0.2531176682696098,0.005520535570249194,0.5234876474924386,4,"1000,1001,1002,1003",59000,200,True
repeat-copy,structural_features,loss,operation,20200,0.2656327305585887,0.2584783638129811,0.0005147082882740506,0.5273363239318133,4,"1000,1001,1002,1003",59000,200,True
repeat-copy,structural_features,loss,operation,20400,0.26510727369533815,0.2593664047110919,0.0038969624668197867,0.5298983866162598,4,"1000,1001,1002,1003",59000,200,True
repeat-copy,structural_features,loss,operation,20600,0.26416918061397265,0.2614082018665543,0.00012614975032647634,0.5305126338452101,4,"1000,1001,1002,1003",59000,200,True
repeat-copy,structural_features,loss,operation,20800,0.2622300260665008,0.256566361367806,0.001742630674712018,0.5219460041821002,4,"1000,1001,1002,1003",59000,200,True
repeat-copy,structural_features,loss,operation,21000,0.2643216760401811,0.26089049625716215,0.0005995154256379464,0.5260068045929074,4,"1000,1001,1002,1003",59000,200,True
repeat-copy,structural_features,loss,operation,21200,0.2634692456692591,0.2517183623234178,0.0011180806608967941,0.5160503522120417,4,"1000,1001,1002,1003",59000,200,True
repeat-copy,structural_features,loss,operation,21400,0.26756914742969057,0.2510311429911943,0.005825781721650856,0.5253137768059969,4,"1000,1001,1002,1003",59000,200,True
repeat-copy,structural_features,loss,operation,21600,0.25667776716913526,0.25402566153036144,0.002578793423526804,0.517776553966105,4,"1000,1001,1002,1003",59000,200,True
repeat-copy,structural_features,loss,operation,21800,0.26391267744453784,0.2570229804892339,0.0008224518483848442,0.522058782838285,4,"1000,1001,1002,1003",59000,200,True
repeat-copy,structural_features,loss,operation,22000,0.2600489533955448,0.2589498591026878,5.0077536400294775e-05,0.5217387550324202,4,"1000,1001,1002,1003",59000,200,True
repeat-copy,structural_features,loss,operation,22200,0.2602019053347422,0.25215718323627656,0.0029017150717663754,0.5200206856243312,4,"1000,1001,1002,1003",59000,200,True
repeat-copy,structural_features,loss,operation,22400,0.26095650209102816,0.2596131388406181,0.00022151215749545373,0.5241204389184714,4,"1000,1001,1002,1003",59000,200,True
repeat-copy,structural_features,loss,operation,22600,0.26978961975683946,0.2461564585333695,0.003003819976038358,0.5159387887641788,4,"1000,1001,1002,1003",59000,200,True
repeat-copy,structural_features,loss,operation,22800,0.2694628442799765,0.24985658135147873,0.0001490364326048166,0.5198127237334847,4,"1000,1001,1002,1003",59000,200,True
repeat-copy,structural_features,loss,operation,23000,0.3180688569977974,0.21657042268908464,0.0010909798741158738,0.5215517640858889,4,"1000,1001,1002,1003",59000,200,True
repeat-copy,structural_features,loss,operation,23200,0.3610899767767449,0.20782834748797113,0.0053794172718949086,0.5114528959989548,4,"1000,1001,1002,1003",59000,200,True
repeat-copy,structural_features,loss,operation,23400,0.2655683016720417,0.2443237477301004,0.005102028301187147,0.517136215120554,4,"1000,1001,1002,1003",59000,200,True
repeat-copy,structural_features,loss,operation,23600,0.25565194904993005,0.25360688089283817,3.792597943402143e-05,0.5124480451270937,4,"1000,1001,1002,1003",59000,200,True
repeat-copy,structural_features,loss,operation,23800,0.27039691668102794,0.23458086093737224,0.006444695086665888,0.5074056033976376,4,"1000,1001,1002,1003",59000,200,True
repeat-copy,structural_features,loss,operation,24000,0.25893258627890475,0.2576514595884792,0.0012494433646315884,0.5190864131227135,4,"1000,1001,1002,1003",59000,200,True
repeat-copy,structural_features,loss,operation,24200,0.2603927832301721,0.25462447653302933,0.0028161041068040047,0.5215848714113236,4,"1000,1001,1002,1003",59000,200,True
repeat-copy,structural_features,loss,operation,24400,0.25842316599610826,0.24601217127796576,4.208799820275999e-05,0.5165721026808023,4,"1000,1001,1002,1003",59000,200,True
repeat-copy,structural_features,loss,operation,24600,0.25498590371095475,0.2531537968426496,0.0011510398699192592,0.5115872883237899,4,"1000,1001,1002,1003",59000,200,True
repeat-copy,structural_features,loss,operation,24800,0.25169414071142426,0.25113125345453224,2.5952722479587466e-05,0.5063165025040507,4,"1000,1001,1002,1003",59000,200,True
repeat-copy,structural_features,loss,operation,25000,0.2526394486274769,0.25166643799102606,2.4960900212249726e-05,0.5082672699540853,4,"1000,1001,1002,1003",59000,200,True
repeat-copy,structural_features,loss,operation,25200,0.25779798829629563,0.25472002425243967,0.0014314405028653708,0.5179317024350166,4,"1000,1001,1002,1003",59000,200,True
repeat-copy,structural_features,loss,operation,25400,0.2586702613831375,0.25361180964223456,0.004669208734194399,0.5140966955386103,4,"1000,1001,1002,1003",59000,200,True
repeat-copy,structural_features,loss,operation,25600,0.2590632907787693,0.25379702273048904,0.0011132165649360105,0.5195270523242652,4,"1000,1001,1002,1003",59000,200,True
repeat-copy,structural_features,loss,operation,25800,0.26060166338184526,0.2568042270055213,0.002771140269705938,0.5282908839173615,4,"1000,1001,1002,1003",59000,200,True
repeat-copy,structural_features,loss,operation,26000,0.26133883856559975,0.24555526452271884,0.007137728912573494,0.5092018043622375,4,"1000,1001,1002,1003",59000,200,True
repeat-copy,structural_features,loss,operation,26200,0.25285003442741244,0.2522953811656978,0.0003962671473982482,0.5093562871776521,4,"1000,1001,1002,1003",59000,200,True
repeat-copy,structural_features,loss,operation,26400,0.2540965448030545,0.25319213127538037,0.0008262900335739687,0.5194192050024867,4,"1000,1001,1002,1003",59000,200,True
repeat-copy,structural_features,loss,operation,26600,0.257447823262706,0.25630479245465126,0.0005380756628255767,0.5159588232077659,4,"1000,1001,1002,1003",59000,200,True
repeat-copy,structural_features,loss,operation,26800,0.25518974167327857,0.2450214821411389,6.501091297536732e-05,0.5041070134751499,4,"1000,1001,1002,1003",59000,200,True
repeat-copy,structural_features,loss,operation,27000,0.25445756079955145,0.25402549131153546,1.0484622044941716e-05,0.5181490287557244,4,"1000,1001,1002,1003",59000,200,True
repeat-copy,structural_features,loss,operation,27200,0.25468001912738925,0.24916677468952564,0.0010545549811286038,0.5093356094509364,4,"1000,1001,1002,1003",59000,200,True
repeat-copy,structural_features,loss,operation,27400,0.2599163159760165,0.24708232518545553,0.001424926954998682,0.5080056708585471,4,"1000,1001,1002,1003",59000,200,True
repeat-copy,structural_features,loss,operation,27600,0.2549949334540702,0.2522466648116084,0.0017251433586716303,0.5094788400363177,4,"1000,1001,1002,1003",59000,200,True
repeat-copy,structural_features,loss,operation,27800,0.2483332120722928,0.24744770189046994,0.0005963150540875972,0.4969873521476984,4,"1000,1001,1002,1003",59000,200,True
repeat-copy,structural_features,loss,operation,28000,0.2591718507548352,0.23992490179347295,0.00048191179186176216,0.5062214270979166,4,"1000,1001,1002,1003",59000,200,True
repeat-copy,structural_features,loss,operation,28200,0.2511251958718496,0.2502951997293818,0.0007404763583372187,0.503741653189063,4,"1000,1001,1002,1003",59000,200,True
repeat-copy,structural_features,loss,operation,28400,0.24974601612632996,0.24295075048359113,2.6196753752856237e-05,0.4972682150267065,4,"1000,1001,1002,1003",59000,200,True
repeat-copy,structural_features,loss,operation,28600,0.25574962041766286,0.2549680601357179,8.043862891895514e-06,0.5116543333977461,4,"1000,1001,1002,1003",59000,200,True
repeat-copy,structural_features,loss,operation,28800,0.2503431233674583,0.2502706591713601,1.4994932319680743e-05,0.50613555717282,4,"1000,1001,1002,1003",59000,200,True
repeat-copy,structural_features,loss,operation,29000,0.25418845110963884,0.2493910412971809,0.0011115043245968081,0.5048837715014816,4,"1000,1001,1002,1003",59000,200,True
repeat-copy,structural_features,loss,operation,29200,0.25002653503138067,0.2499965756004341,6.098909816159903e-05,0.5061553796473891,4,"1000,1001,1002,1003",59000,200,True
repeat-copy,structural_features,loss,operation,29400,0.2529483603017604,0.24325804242692123,0.0017676003188239519,0.5102314085327089,4,"1000,1001,1002,1003",59000,200,True
repeat-copy,structural_features,loss,operation,29600,0.25011580750212403,0.24966994120450972,8.075603889324157e-05,0.502654613982886,4,"1000,1001,1002,1003",59000,200,True
repeat-copy,structural_features,loss,operation,29800,0.24899389696034704,0.24535703120876307,0.0005124632035904142,0.5017185853235424,4,"1000,1001,1002,1003",59000,200,True
repeat-copy,structural_features,loss,operation,30000,0.2498108713389971,0.24901692106789175,0.0006634107395450428,0.5066505514923483,4,"1000,1001,1002,1003",59000,200,True
repeat-copy,structural_features,loss,operation,30200,0.24538019900199165,0.24442994921674016,1.0122519454114353e-05,0.4957349933963269,4,"1000,1001,1002,1003",59000,200,True
repeat-copy,structural_features,loss,operation,30400,0.24971625791757984,0.24569741388984542,0.0013025212319666935,0.4964151124283671,4,"1000,1001,1002,1003",59000,200,True
repeat-copy,structural_features,loss,operation,30600,0.41477695540522197,0.22390197851298058,0.0426803967290931,0.6418239327025961,4,"1000,1001,1002,1003",59000,200,True
repeat-copy,structural_features,loss,operation,30800,0.2800773930271441,0.2237898230297514,0.029979107456125576,0.5081635335460305,4,"1000,1001,1002,1003",59000,200,True
repeat-copy,structural_features,loss,operation,31000,0.24649456558495686,0.24622787175473546,2.306509713946525e-05,0.49456676445901393,4,"1000,1001,1002,1003",59000,200,True
repeat-copy,structural_features,loss,operation,31200,0.6212204703431492,0.5416105623763264,0.00043918161557371605,1.4911592807300298,4,"1000,1001,1002,1003",59000,200,True
repeat-copy,structural_features,loss,operation,31400,0.5157374336280345,0.3807461997342232,0.0036170522356292166,1.0781352634452197,4,"1000,1001,1002,1003",59000,200,True
repeat-copy,structural_features,loss,operation,31600,0.26193703405884605,0.23395851976901322,0.0007568442933893493,0.49543786408379675,4,"1000,1001,1002,1003",59000,200,True
repeat-copy,structural_features,loss,operation,31800,0.4837975550484316,0.33524382679378345,4.7593771469109925e-05,0.9478355418749015,4,"1000,1001,1002,1003",59000,200,True
repeat-copy,structural_features,loss,operation,32000,0.39046721920438554,0.2268998957748538,0.00038766498947438775,0.5655865679495037,4,"1000,1001,1002,1003",59000,200,True
repeat-copy,structural_features,loss,operation,32200,0.29241339419013923,0.203313204403368,8.333412371996473e-05,0.4963191370293498,4,"1000,1001,1002,1003",59000,200,True
repeat-copy,structural_features,loss,operation,32400,0.2586132279336812,0.2409969763546645,0.0028601592064933356,0.5059637848380953,4,"1000,1001,1002,1003",59000,200,True
repeat-copy,structural_features,loss,operation,32600,0.2489810222913863,0.24305116357536857,2.891529662406356e-05,0.49323334436398,4,"1000,1001,1002,1003",59000,200,True
repeat-copy,structural_features,loss,operation,32800,0.24789019125123035,0.2470480559705902,0.000441753415377093,0.49894851666875184,4,"1000,1001,1002,1003",59000,200,True
repeat-copy,structural_features,loss,operation,33000,0.30359168464835307,0.20058811108438,0.00063380583658045,0.4870925014279783,4,"1000,1001,1002,1003",59000,200,True
repeat-copy,structural_features,loss,operation,33200,0.2679157170081313,0.223817790833289,0.038584279360366056,0.49722740743309257,4,"1000,1001,1002,1003",59000,200,True
repeat-copy,structural_features,loss,operation,33400,0.2503738837141036,0.23969959027851764,0.0001139217623966715,0.49007777726277707,4,"1000,1001,1002,1003",59000,200,True
repeat-copy,structural_features,loss,operation,33600,0.24917791151320853,0.24247454154773584,0.00010469097877376043,0.5022510795807466,4,"1000,1001,1002,1003",59000,200,True
repeat-copy,structural_features,loss,operation,33800,0.2432864364365647,0.24224380700654288,0.0007212318272453899,0.4941332981921732,4,"1000,1001,1002,1003",59000,200,True
repeat-copy,structural_features,loss,operation,34000,0.24246366302595918,0.2423608009767037,1.9267350805307614e-05,0.48792989009059967,4,"1000,1001,1002,1003",59000,200,True
repeat-copy,structural_features,loss,operation,34200,0.2449101185931125,0.24407254509047577,0.00013398369160071865,0.502424270985648,4,"1000,1001,1002,1003",59000,200,True
repeat-copy,structural_features,loss,operation,34400,0.24062507838140584,0.23929171768973617,0.0004932244481733505,0.48186943667940796,4,"1000,1001,1002,1003",59000,200,True
repeat-copy,structural_features,loss,operation,34600,0.27382743178725605,0.2056200193736482,0.05279190683315335,0.4936739264987409,4,"1000,1001,1002,1003",59000,200,True
repeat-copy,structural_features,loss,operation,34800,0.24538470116768324,0.243632003219676,7.053672664994793e-05,0.4896882148645818,4,"1000,1001,1002,1003",59000,200,True
repeat-copy,structural_features,loss,operation,35000,0.24385587412950527,0.24280461450617688,0.0006942265912027779,0.49010867112781853,4,"1000,1001,1002,1003",59000,200,True
repeat-copy,structural_features,loss,operation,35200,0.2387726141073812,0.2387519669164605,2.4865254087842458e-05,0.48565519229508936,4,"1000,1001,1002,1003",59000,200,True
repeat-copy,structural_features,loss,operation,35400,0.25452437269535655,0.2277993424232233,0.011795168696567373,0.48248945792205633,4,"1000,1001,1002,1003",59000,200,True
repeat-copy,structural_features,loss,operation,35600,0.24786912585598914,0.23746802222432475,9.503609074840825e-05,0.48897750860080125,4,"1000,1001,1002,1003",59000,200,True
repeat-copy,structural_features,loss,operation,35800,0.2507677756767056,0.24990280010012172,0.0003452106904927632,0.5046137527003884,4,"1000,1001,1002,1003",59000,200,True
repeat-copy,structural_features,loss,operation,36000,0.24444442158521285,0.23849017211902707,0.0028351124212576905,0.48529070178512485,4,"1000,1001,1002,1003",59000,200,True
repeat-copy,structural_features,loss,operation,36200,0.23952969862751444,0.23657502009264306,0.002034176055415742,0.4855643559992313,4,"1000,1001,1002,1003",59000,200,True
repeat-copy,structural_features,loss,operation,36400,0.24286912610604133,0.24273326140993973,5.2384199004791296e-05,0.4921581606473774,4,"1000,1001,1002,1003",59000,200,True
repeat-copy,structural_features,loss,operation,36600,0.24157687349446177,0.24140146763160814,8.812586523703203e-06,0.4944830359891057,4,"1000,1001,1002,1003",59000,200,True
repeat-copy,structural_features,loss,operation,36800,0.2420896254486622,0.23905859291903908,0.000579486341731581,0.48147441036533567,4,"1000,1001,1002,1003",59000,200,True
repeat-copy,structural_features,loss,operation,37000,0.2558391400359359,0.2345991167228184,2.1989039346266282e-05,0.4942146007809788,4,"1000,1001,1002,1003",59000,200,True
repeat-copy,structural_features,loss,operation,37200,0.23790165677199568,0.2377735741744951,0.00010521264984362234,0.4787149240169674,4,"1000,1001,1002,1003",59000,200,True
repeat-copy,structural_features,loss,operation,37400,0.23492778379988477,0.23475905840994649,3.771254704219018e-06,0.46975021800259126,4,"1000,1001,1002,1003",59000,200,True
repeat-copy,structural_features,loss,operation,37600,0.24742627387323174,0.24744284441351225,1.979274996450897e-06,0.5012116257287562,4,"1000,1001,1002,1003",59000,200,True
repeat-copy,structural_features,loss,operation,37800,0.24028587284474218,0.2400631915715412,0.00010516705578247353,0.4816248276503757,4,"1000,1001,1002,1003",59000,200,True
repeat-copy,structural_features,loss,operation,38000,0.2345003351094797,0.2342083022994675,1.1481722012618434e-06,0.4718559115566313,4,"1000,1001,1002,1003",59000,200,True
repeat-copy,structural_features,loss,operation,38200,0.4990971273343824,0.3646380448532276,0.0018325124947746563,1.0319497616776059,4,"1000,1001,1002,1003",59000,200,True
repeat-copy,structural_features,loss,operation,38400,0.26713809835848457,0.20909176815011926,0.002331939841574453,0.4838674469152465,4,"1000,1001,1002,1003",59000,200,True
repeat-copy,structural_features,loss,operation,38600,0.23991193882647965,0.23959508688803605,4.79896605618535e-06,0.4798245928250253,4,"1000,1001,1002,1003",59000,200,True
repeat-copy,structural_features,loss,operation,38800,0.24695427588157393,0.24086109136065845,7.84290029605117e-06,0.4915341015998274,4,"1000,1001,1002,1003",59000,200,True
repeat-copy,structural_features,loss,operation,39000,0.24381266581649022,0.23670355843346777,0.0028712691918030943,0.48213526329956946,4,"1000,1001,1002,1003",59000,200,True
repeat-copy,structural_features,loss,operation,39200,0.24073248585309545,0.2347528857086877,1.0012870921318751e-05,0.47768816631752997,4,"1000,1001,1002,1003",59000,200,True
repeat-copy,structural_features,loss,operation,39400,0.22976116534007793,0.22975786930379974,7.664361299308808e-07,0.4615221015643328,4,"1000,1001,1002,1003",59000,200,True
repeat-copy,structural_features,loss,operation,39600,0.2476672777775456,0.23144327126764896,0.003234243273072366,0.4845326247625053,4,"1000,1001,1002,1003",59000,200,True
repeat-copy,structural_features,loss,operation,39800,0.28704762890851726,0.20056214433368708,4.727333525238464e-06,0.48041293170303107,4,"1000,1001,1002,1003",59000,200,True
repeat-copy,structural_features,loss,operation,40000,0.23369158049221858,0.231767274069334,0.0014649489755854006,0.4739043555129319,4,"1000,1001,1002,1003",59000,200,True
repeat-copy,structural_features,loss,operation,40200,0.24367204491118666,0.2412276920264627,0.0017727959451266885,0.49122630298137665,4,"1000,1001,1002,1003",59000,200,True
repeat-copy,structural_features,loss,operation,40400,0.24234704174357424,0.24239480518495027,0.0002482252056540091,0.5016132157295943,4,"1000,1001,1002,1003",59000,200,True
repeat-copy,structural_features,loss,operation,40600,0.23649682007106426,0.23637197829174086,3.474334249418121e-06,0.48182543349452317,4,"1000,1001,1002,1003",59000,200,True
repeat-copy,structural_features,loss,operation,40800,0.23213398626165485,0.23208183007064165,1.14205406478618e-05,0.4722590292687528,4,"1000,1001,1002,1003",59000,200,True
repeat-copy,structural_features,loss,operation,41000,0.24084236121965671,0.24018163027605346,0.0006953350332327801,0.49005628253798933,4,"1000,1001,1002,1003",59000,200,True
repeat-copy,structural_features,loss,operation,41200,0.2312079554616984,0.23077235605854554,5.4041832743934036e-06,0.4669869405264035,4,"1000,1001,1002,1003",59000,200,True
repeat-copy,structural_features,loss,operation,41400,0.23646632583899552,0.23568255348077016,0.0005269937908875022,0.4785845473315567,4,"1000,1001,1002,1003",59000,200,True
repeat-copy,structural_features,loss,operation,41600,0.23575842552379142,0.2355896966407288,3.2489620910070015e-06,0.4759065410261974,4,"1000,1001,1002,1003",59000,200,True
repeat-copy,structural_features,loss,operation,41800,0.23218768710224136,0.23072933155193495,7.906896867098112e-06,0.47302961415378375,4,"1000,1001,1002,1003",59000,200,True
repeat-copy,structural_features,loss,operation,42000,0.2299746783704381,0.22935550859696668,9.236331432944667e-06,0.46687520562205465,4,"1000,1001,1002,1003",59000,200,True
repeat-copy,structural_features,loss,operation,42200,0.23672777212906193,0.2363335503659396,1.7949513783577232e-06,0.47983983892481774,4,"1000,1001,1002,1003",59000,200,True
repeat-copy,structural_features,loss,operation,42400,0.22749929430079682,0.22706472309107611,1.1245930358327882e-06,0.45528644857462497,4,"1000,1001,1002,1003",59000,200,True
repeat-copy,structural_features,loss,operation,42600,0.2329400111514181,0.23302780174357623,1.7241438699810985e-06,0.4751823906600475,4,"1000,1001,1002,1003",59000,200,True
repeat-copy,structural_features,loss,operation,42800,0.2678806356646637,0.2149136380186143,0.002690928101575665,0.48006506947800515,4,"1000,1001,1002,1003",59000,200,True
repeat-copy,structural_features,loss,operation,43000,0.2288061501950294,0.22898681344833574,4.351562241637907e-06,0.47220117621822283,4,"1000,1001,1002,1003",59000,200,True
repeat-copy,structural_features,loss,operation,43200,0.2529418053128412,0.22278059775338116,1.0775373263149924e-06,0.48234925273805856,4,"1000,1001,1002,1003",59000,200,True
repeat-copy,structural_features,loss,operation,43400,0.2274258361415083,0.2272159329304835,5.770061155274675e-05,0.4549282588576898,4,"1000,1001,1002,1003",59000,200,True
repeat-copy,structural_features,loss,operation,43600,0.23253575500404255,0.23253811029779073,4.2473786608043797e-07,0.4666911422484554,4,"1000,1001,1002,1003",59000,200,True
repeat-copy,structural_features,loss,operation,43800,0.22988307787182416,0.227680533263124,1.457808904192781e-07,0.46410961433313785,4,"1000,1001,1002,1003",59000,200,True
repeat-copy,structural_features,loss,operation,44000,0.2672549525175721,0.21199638325563475,4.246576750670527e-06,0.479022822342813,4,"1000,1001,1002,1003",59000,200,True
repeat-copy,structural_features,loss,operation,44200,0.3201331497208908,0.15615596579094307,0.09268118582923317,0.465652797697112,4,"1000,1001,1002,1003",59000,200,True
repeat-copy,structural_features,loss,operation,44400,0.22955385566345293,0.2249730625194698,0.00024890936421833487,0.4610249987221323,4,"1000,1001,1002,1003",59000,200,True
repeat-copy,structural_features,loss,operation,44600,0.4369756187865776,0.29515295142721987,0.0014150299613670558,0.834481076156703,4,"1000,1001,1002,1003",59000,200,True
repeat-copy,structural_features,loss,operation,44800,0.24649363616565173,0.21323916844847196,0.0014147675021622774,0.4654983665602049,4,"1000,1001,1002,1003",59000,200,True
repeat-copy,structural_features,loss,operation,45000,0.22629682760689565,0.22631741392797414,7.771480153948574e-06,0.4582577131688595,4,"1000,1001,1002,1003",59000,200,True
repeat-copy,structural_features,loss,operation,45200,0.22574255465961496,0.2252887507300292,1.151954182576631e-06,0.45555512225953865,4,"1000,1001,1002,1003",59000,200,True
repeat-copy,structural_features,loss,operation,45400,0.23113578778649485,0.2311498716071198,3.5077118849091703e-07,0.4661185866780579,4,"1000,1001,1002,1003",59000,200,True
repeat-copy,structural_features,loss,operation,45600,0.22858391447940585,0.22395371046585316,4.826757306326535e-06,0.4634287481289357,4,"1000,1001,1002,1003",59000,200,True
repeat-copy,structural_features,loss,operation,45800,0.22971173789287402,0.22959860288071246,3.753056878972316e-06,0.4625800090213306,4,"1000,1001,1002,1003",59000,200,True
repeat-copy,structural_features,loss,operation,46000,0.2584780974817735,0.2014349789507147,0.003565364096359991,0.458926415592432,4,"1000,1001,1002,1003",59000,200,True
repeat-copy,structural_features,loss,operation,46200,0.2884129705101868,0.19526193281727053,4.589398842256287e-06,0.47830373286269606,4,"1000,1001,1002,1003",59000,200,True
repeat-copy,structural_features,loss,operation,46400,0.2553436781417593,0.20026827005641745,5.795249941713543e-06,0.45763796450570227,4,"1000,1001,1002,1003",59000,200,True
repeat-copy,structural_features,loss,operation,46600,0.22573098282007226,0.2257386826659759,2.8186579568556525e-06,0.4548099306086078,4,"1000,1001,1002,1003",59000,200,True
repeat-copy,structural_features,loss,operation,46800,0.23084524318463587,0.23047466879926176,3.818550214573113e-05,0.46537580115022137,4,"1000,1001,1002,1003",59000,200,True
repeat-copy,structural_features,loss,operation,47000,0.25051373860664405,0.1978164757295445,0.0004102908532300553,0.4490091802296229,4,"1000,1001,1002,1003",59000,200,True
repeat-copy,structural_features,loss,operation,47200,0.23155915243743863,0.23165607314463618,1.7027737261177122e-06,0.47467625777004285,4,"1000,1001,1002,1003",59000,200,True
repeat-copy,structural_features,loss,operation,47400,0.22542376278008436,0.22021374316582956,1.6035941460934567e-06,0.4573372794908937,4,"1000,1001,1002,1003",59000,200,True
repeat-copy,structural_features,loss,operation,47600,0.2740629963271852,0.1813412741690318,0.07728243790300976,0.4674409910012037,4,"1000,1001,1002,1003",59000,200,True
repeat-copy,structural_features,loss,operation,47800,0.25398985577565536,0.20503335574282927,7.159708473903237e-05,0.4672666125651449,4,"1000,1001,1002,1003",59000,200,True
repeat-copy,structural_features,loss,operation,48000,0.22485956259082387,0.22339747081811834,6.5786620204377755e-06,0.467170245598536,4,"1000,1001,1002,1003",59000,200,True
repeat-copy,structural_features,loss,operation,48200,0.2221027643034656,0.22173725550403148,2.525382955154143e-07,0.4502278035436757,4,"1000,1001,1002,1003",59000,200,True
repeat-copy,structural_features,loss,operation,48400,0.22701643947685113,0.2273329543145445,4.635403798669558e-06,0.4712230556237046,4,"1000,1001,1002,1003",59000,200,True
repeat-copy,structural_features,loss,operation,48600,0.23124586509714484,0.23033376216793955,0.0002824838004878583,0.4658048118557781,4,"1000,1001,1002,1003",59000,200,True
repeat-copy,structural_features,loss,operation,48800,0.2239633980206115,0.22398802064809673,3.598632881262276e-05,0.4567488256312208,4,"1000,1001,1002,1003",59000,200,True
repeat-copy,structural_features,loss,operation,49000,0.22111687586661058,0.22015097614104223,0.0007667409406418102,0.45966516515705735,4,"1000,1001,1002,1003",59000,200,True
repeat-copy,structural_features,loss,operation,49200,0.223514662013798,0.22189461609862285,6.083167846568927e-06,0.4686427995562553,4,"1000,1001,1002,1003",59000,200,True
repeat-copy,structural_features,loss,operation,49400,0.22826611819701742,0.22847201470125614,1.0266890441368305e-06,0.47830264260759575,4,"1000,1001,1002,1003",59000,200,True
repeat-copy,structural_features,loss,operation,49600,0.22569884893595102,0.22595153843220706,3.3722387133408585e-07,0.4665605608257465,4,"1000,1001,1002,1003",59000,200,True
repeat-copy,structural_features,loss,operation,49800,1.0469359118868764,1.30734652274256,6.600313834081994e-07,3.288892527399022,4,"1000,1001,1002,1003",59000,200,True
repeat-copy,structural_features,loss,operation,50000,0.3240875431319213,0.1883491324342734,2.870492685771997e-07,0.4633278398029506,4,"1000,1001,1002,1003",59000,200,True
repeat-copy,structural_features,loss,operation,50200,0.22253164621389865,0.22005003748854968,1.966773526168586e-07,0.46551456314744427,4,"1000,1001,1002,1003",59000,200,True
repeat-copy,structural_features,loss,operation,50400,0.361598044818072,0.2116663785882697,1.6679933719362244e-06,0.5375657055090796,4,"1000,1001,1002,1003",59000,200,True
repeat-copy,structural_features,loss,operation,50600,0.32460464676137674,0.188624175395258,4.4120650940639853e-07,0.46295457748380786,4,"1000,1001,1002,1003",59000,200,True
repeat-copy,structural_features,loss,operation,50800,0.3027573911244208,0.18123208105201363,2.1178528106496204e-08,0.4510800218302757,4,"1000,1001,1002,1003",59000,200,True
repeat-copy,structural_features,loss,operation,51000,0.4929475666393579,0.39181629881585367,0.0020860782182143055,1.0980929538447322,4,"1000,1001,1002,1003",59000,200,True
repeat-copy,structural_features,loss,operation,51200,0.3928494839519744,0.21261082055353786,0.051668764855287694,0.6372086555810301,4,"1000,1001,1002,1003",59000,200,True
repeat-copy,structural_features,loss,operation,51400,0.3150419637084047,0.17961435913198098,0.0059081452592889775,0.44142642413266003,4,"1000,1001,1002,1003",59000,200,True
repeat-copy,structural_features,loss,operation,51600,0.2420689103524053,0.1978798199647407,1.1200813906309116e-06,0.43998369404114784,4,"1000,1001,1002,1003",59000,200,True
repeat-copy,structural_features,loss,operation,51800,0.2245843348089991,0.2202872449261614,0.002820538347269633,0.4628934154752642,4,"1000,1001,1002,1003",59000,200,True
repeat-copy,structural_features,loss,operation,52000,0.2525551875876532,0.19695709597469044,0.0013133507033813885,0.4570224813814275,4,"1000,1001,1002,1003",59000,200,True
repeat-copy,structural_features,loss,operation,52200,0.23380157521480083,0.21718468605804486,1.1714961004127833e-06,0.45461556742549875,4,"1000,1001,1002,1003",59000,200,True
repeat-copy,structural_features,loss,operation,52400,0.21539564259688743,0.2159144849446707,1.4459690182322403e-07,0.45793524831533433,4,"1000,1001,1002,1003",59000,200,True
repeat-copy,structural_features,loss,operation,52600,0.22099653702213423,0.2176168388044437,0.001187895737312742,0.4595266647869721,4,"1000,1001,1002,1003",59000,200,True
repeat-copy,structural_features,loss,operation,52800,0.21901258064168455,0.21815925824810384,0.0005132436292410602,0.4383700504619628,4,"1000,1001,1002,1003",59000,200,True
repeat-copy,structural_features,loss,operation,53000,0.2205113441973192,0.22023687465145692,1.1200447970005633e-06,0.4604061269608792,4,"1000,1001,1002,1003",59000,200,True
repeat-copy,structural_features,loss,operation,53200,0.21285951082505478,0.2126146431978224,0.00017308614132190313,0.43335929905530063,4,"1000,1001,1002,1003",59000,200,True
repeat-copy,structural_features,loss,operation,53400,0.21621027630203754,0.21475281506113855,0.0001362225807889672,0.4351267894823104,4,"1000,1001,1002,1003",59000,200,True
repeat-copy,structural_features,loss,operation,53600,0.2167062704742833,0.21678900440294338,6.221961742725046e-07,0.44890439421869816,4,"1000,1001,1002,1003",59000,200,True
repeat-copy,structural_features,loss,operation,53800,0.22730646465820067,0.22485829902593057,2.032013286215606e-07,0.4672572383098304,4,"1000,1001,1002,1003",59000,200,True
repeat-copy,structural_features,loss,operation,54000,0.21539908577325872,0.21586043897398677,2.7885800064408882e-06,0.45200794661417604,4,"1000,1001,1002,1003",59000,200,True
repeat-copy,structural_features,loss,operation,54200,0.21459977787648954,0.21102323605626755,2.8649406915392387e-06,0.43112835320294834,4,"1000,1001,1002,1003",59000,200,True
repeat-copy,structural_features,loss,operation,54400,0.21750989670722237,0.2176481862784956,1.8680456393957435e-07,0.4507355141406879,4,"1000,1001,1002,1003",59000,200,True
repeat-copy,structural_features,loss,operation,54600,0.22049551272214385,0.21955530121732086,2.0056225972675533e-07,0.46880773765966294,4,"1000,1001,1002,1003",59000,200,True
repeat-copy,structural_features,loss,operation,54800,0.21685727570007313,0.217309656091948,3.529342283307979e-08,0.4570825652219355,4,"1000,1001,1002,1003",59000,200,True
repeat-copy,structural_features,loss,operation,55000,0.2182997803645348,0.21852704832079828,2.1079051938446837e-08,0.45387658790685237,4,"1000,1001,1002,1003",59000,200,True
repeat-copy,structural_features,loss,operation,55200,0.2251599450147319,0.21082480500861078,5.943838874031826e-06,0.444862851370126,4,"1000,1001,1002,1003",59000,200,True
repeat-copy,structural_features,loss,operation,55400,0.22421582167964588,0.22227658251425883,7.571445784506636e-06,0.4585119147179648,4,"1000,1001,1002,1003",59000,200,True
repeat-copy,structural_features,loss,operation,55600,0.23752986712818425,0.1878011460613636,0.0012807051588200125,0.43350557532161477,4,"1000,1001,1002,1003",59000,200,True
repeat-copy,structural_features,loss,operation,55800,0.21162177499939702,0.21168493034747746,1.6410047870907273e-06,0.43126098152366465,4,"1000,1001,1002,1003",59000,200,True
repeat-copy,structural_features,loss,operation,56000,0.20443249745802827,0.20471186554177462,1.7949079780296694e-07,0.42629022737033667,4,"1000,1001,1002,1003",59000,200,True
repeat-copy,structural_features,loss,operation,56200,0.2119485930206394,0.21102164100604254,0.000592592193027599,0.44696662071859466,4,"1000,1001,1002,1003",59000,200,True
repeat-copy,structural_features,loss,operation,56400,0.2114170158521488,0.21153445233304524,6.077086646215368e-07,0.4328429262293503,4,"1000,1001,1002,1003",59000,200,True
repeat-copy,structural_features,loss,operation,56600,0.21708832457985613,0.21700551712243651,4.1581790434404295e-08,0.44406536053633316,4,"1000,1001,1002,1003",59000,200,True
repeat-copy,structural_features,loss,operation,56800,0.22043633338113874,0.20968422139362483,7.961373742837452e-07,0.43298850951250645,4,"1000,1001,1002,1003",59000,200,True
repeat-copy,structural_features,loss,operation,57000,0.23681447966431118,0.19537589330398236,8.129095771280959e-06,0.42982505925931036,4,"1000,1001,1002,1003",59000,200,True
repeat-copy,structural_features,loss,operation,57200,0.21598304269095442,0.21618714532310937,1.5603603727469828e-05,0.44832855596207083,4,"1000,1001,1002,1003",59000,200,True
repeat-copy,structural_features,loss,operation,57400,0.21151339805821628,0.20894243411349292,0.0021388584140948773,0.4403681180730928,4,"1000,1001,1002,1003",59000,200,True
repeat-copy,structural_features,loss,operation,57600,0.2146183869940439,0.2143707696660702,1.8607465842207516e-06,0.44331651002401484,4,"1000,1001,1002,1003",59000,200,True
repeat-copy,structural_features,loss,operation,57800,0.21039208248293184,0.2104438647085975,1.3019220275176103e-07,0.42753963747411033,4,"1000,1001,1002,1003",59000,200,True
repeat-copy,structural_features,loss,operation,58000,0.21540565495361597,0.21373229056641654,5.5214757511024e-07,0.43852246772963555,4,"1000,1001,1002,1003",59000,200,True
repeat-copy,structural_features,loss,operation,58200,0.2095799807442132,0.20759462661206318,5.8361830996139785e-08,0.4240833855303936,4,"1000,1001,1002,1003",59000,200,True
repeat-copy,structural_features,loss,operation,58400,0.20840833024103056,0.20797082729480446,6.42776640444459e-07,0.41736256586387754,4,"1000,1001,1002,1003",59000,200,True
repeat-copy,structural_features,loss,operation,58600,0.20669760512306962,0.20680397539076534,1.0422628983767363e-07,0.4229721663019154,4,"1000,1001,1002,1003",59000,200,True
repeat-copy,structural_features,loss,operation,58800,0.2114157571415567,0.20936776447924824,0.0016389505225178176,0.42080187997431495,4,"1000,1001,1002,1003",59000,200,True
repeat-copy,structural_features,loss,operation,59000,0.20733026339937874,0.2016304964652837,2.4983730112590736e-06,0.41671537928283214,4,"1000,1001,1002,1003",59000,200,True
repeat-copy,structural_features,loss,relation,200,0.6423906913399696,0.00184454765345754,0.6394733646512032,0.6440268787741661,4,"1000,1001,1002,1003",59000,200,True
repeat-copy,structural_features,loss,relation,400,0.6298590528219938,0.001358234667325705,0.6278078013658523,0.6315841114521027,4,"1000,1001,1002,1003",59000,200,True
repeat-copy,structural_features,loss,relation,600,0.6196340183168649,0.002780533081972369,0.6149136689305306,0.6221080324053765,4,"1000,1001,1002,1003",59000,200,True
repeat-copy,structural_features,loss,relation,800,0.6114087337255478,0.001919160364707058,0.6086483556032181,0.6134730991721153,4,"1000,1001,1002,1003",59000,200,True
repeat-copy,structural_features,loss,relation,1000,0.6049484278261661,0.004265337907002571,0.598469753563404,0.6095879915356636,4,"1000,1001,1002,1003",59000,200,True
repeat-copy,structural_features,loss,relation,1200,0.5985307824239134,0.001188789110071903,0.5970412103831768,0.6001500658690929,4,"1000,1001,1002,1003",59000,200,True
repeat-copy,structural_features,loss,relation,1400,0.5983642599359156,0.0007596474771544559,0.5974624389410019,0.5991672773659229,4,"1000,1001,1002,1003",59000,200,True
repeat-copy,structural_features,loss,relation,1600,0.5929079238697886,0.0016773564439617069,0.5907736906409263,0.5946354126930237,4,"1000,1001,1002,1003",59000,200,True
repeat-copy,structural_features,loss,relation,1800,0.5908451498672366,0.0028501499689838404,0.5875324782729149,0.5950532621145248,4,"1000,1001,1002,1003",59000,200,True
repeat-copy,structural_features,loss,relation,2000,0.5844531631097197,0.0025811985856104454,0.5802244688570499,0.5871326391398907,4,"1000,1001,1002,1003",59000,200,True
repeat-copy,structural_features,loss,relation,2200,0.5853563344478607,0.0024434712430625475,0.581992166787386,0.5885367925465107,4,"1000,1001,1002,1003",59000,200,True
repeat-copy,structural_features,loss,relation,2400,0.5820371722057462,0.003258098287613472,0.5781447689235211,0.585381083637476,4,"1000,1001,1002,1003",59000,200,True
repeat-copy,structural_features,loss,relation,2600,0.575470510981977,0.0029377647222852635,0.5717004700005055,0.5785634011030197,4,"1000,1001,1002,1003",59000,200,True
repeat-copy,structural_features,loss,relation,2800,0.5761055643483995,0.003850993362792229,0.5702648010849952,0.5796789918839932,4,"1000,1001,1002,1003",59000,200,True
repeat-copy,structural_features,loss,relation,3000,0.5694059719145298,0.0021305205163122407,0.5665107445418834,0.5722931103408336,4,"1000,1001,1002,1003",59000,200,True
repeat-copy,structural_features,loss,relation,3200,0.5660500579699874,0.0024592834749565602,0.5633733497560024,0.5700636978447438,4,"1000,1001,1002,1003",59000,200,True
repeat-copy,structural_features,loss,relation,3400,0.565063839815557,0.002406012889238236,0.5614888432621956,0.5682265549898148,4,"1000,1001,1002,1003",59000,200,True
repeat-copy,structural_features,loss,relation,3600,0.5569304355606437,0.004685069497831558,0.55118307903409,0.5631241871416569,4,"1000,1001,1002,1003",59000,200,True
repeat-copy,structural_features,loss,relation,3800,0.5546636797487736,0.008222696145343296,0.5432242453098297,0.566023840457201,4,"1000,1001,1002,1003",59000,200,True
repeat-copy,structural_features,loss,relation,4000,0.5528206251561643,0.0027640044269347792,0.5486919972300529,0.5560241995751858,4,"1000,1001,1002,1003",59000,200,True
repeat-copy,structural_features,loss,relation,4200,0.5498073837533594,0.005587325490288561,0.5433748809993267,0.5558889889717102,4,"1000,1001,1002,1003",59000,200,True
repeat-copy,structural_features,loss,relation,4400,0.5472949269041418,0.0025295616326670954,0.5434911501407623,0.5506061038374901,4,"1000,1001,1002,1003",59000,200,True
repeat-copy,structural_features,loss,relation,4600,0.5483089663088321,0.007695077857614936,0.5419036182761192,0.5608557507395744,4,"1000,1001,1002,1003",59000,200,True
repeat-copy,structural_features,loss,relation,4800,0.5449385077878832,0.0038379684913446063,0.5405402015149593,0.5508678194880485,4,"1000,1001,1002,1003",59000,200,True
repeat-copy,structural_features,loss,relation,5000,0.5418893484957517,0.004709242153356511,0.5372364710271359,0.5494613189995289,4,"1000,1001,1002,1003",59000,200,True
repeat-copy,structural_features,loss,relation,5200,0.5368562963418663,0.002055967590034684,0.5345095205307007,0.539910953938961,4,"1000,1001,1002,1003",59000,200,True
repeat-copy,structural_features,loss,relation,5400,0.537642475310713,0.01017837453641725,0.5283080445230007,0.5546551384031773,4,"1000,1001,1002,1003",59000,200,True
repeat-copy,structural_features,loss,relation,5600,0.5326538452506066,0.012288066021719352,0.5206278798729181,0.5492308951914311,4,"1000,1001,1002,1003",59000,200,True
repeat-copy,structural_features,loss,relation,5800,0.5212524003908038,0.013439857649409376,0.5046409656852484,0.5420696051418781,4,"1000,1001,1002,1003",59000,200,True
repeat-copy,structural_features,loss,relation,6000,0.5149938035011291,0.026329292996917678,0.47778359360992906,0.5420006253570319,4,"1000,1001,1002,1003",59000,200,True
repeat-copy,structural_features,loss,relation,6200,0.5010985219758004,0.042515010477382084,0.44146466989070177,0.545458709448576,4,"1000,1001,1002,1003",59000,200,True
repeat-copy,structural_features,loss,relation,6400,0.47136989233084015,0.06448467186441395,0.3998343402519822,0.5388557870686054,4,"1000,1001,1002,1003",59000,200,True
repeat-copy,structural_features,loss,relation,6600,0.43893415620550513,0.10248672103498455,0.300125850699842,0.5375945720076561,4,"1000,1001,1002,1003",59000,200,True
repeat-copy,structural_features,loss,relation,6800,0.41373709084931765,0.12885680276885164,0.22090838864445686,0.5326455169171095,4,"1000,1001,1002,1003",59000,200,True
repeat-copy,structural_features,loss,relation,7000,0.3726181519962847,0.16197349055841834,0.18673247009515762,0.5380959869921207,4,"1000,1001,1002,1003",59000,200,True
repeat-copy,structural_features,loss,relation,7200,0.33782175571657713,0.19678703502122663,0.12612947229295968,0.5377602241933346,4,"1000,1001,1002,1003",59000,200,True
repeat-copy,structural_features,loss,relation,7400,0.3281254624063149,0.2056326252703292,0.09481841687113046,0.5355331689119339,4,"1000,1001,1002,1003",59000,200,True
repeat-copy,structural_features,loss,relation,7600,0.3050256765261292,0.22286317883648118,0.07455860638990998,0.5400786817073822,4,"1000,1001,1002,1003",59000,200,True
repeat-copy,structural_features,loss,relation,7800,0.3033322049630806,0.22805294212321925,0.07248563618399202,0.5331690937280655,4,"1000,1001,1002,1003",59000,200,True
repeat-copy,structural_features,loss,relation,8000,0.2965620124293491,0.22844116250415142,0.0638572669075802,0.5307359313964843,4,"1000,1001,1002,1003",59000,200,True
repeat-copy,structural_features,loss,relation,8200,0.2814469677058514,0.241399690244766,0.029716095756739377,0.5343849731981755,4,"1000,1001,1002,1003",59000,200,True
repeat-copy,structural_features,loss,relation,8400,0.2762821866705781,0.24006960177055953,0.03598515979712829,0.5351091347634792,4,"1000,1001,1002,1003",59000,200,True
repeat-copy,structural_features,loss,relation,8600,0.299156360445777,0.2078197534910414,0.03531919476110488,0.5372298488020897,4,"1000,1001,1002,1003",59000,200,True
repeat-copy,structural_features,loss,relation,8800,0.26276740279514343,0.2326841209938402,0.02163556737592444,0.5326749530434608,4,"1000,1001,1002,1003",59000,200,True
repeat-copy,structural_features,loss,relation,9000,0.2613955823436845,0.2188499805630079,0.023639593683183194,0.528970525637269,4,"1000,1001,1002,1003",59000,200,True
repeat-copy,structural_features,loss,relation,9200,0.2422706156913773,0.2247587104561811,0.019244062065845356,0.5248156142979861,4,"1000,1001,1002,1003",59000,200,True
repeat-copy,structural_features,loss,relation,9400,0.23542127060849452,0.2245363328224702,0.014435429163277148,0.5208087459206581,4,"1000,1001,1002,1003",59000,200,True
repeat-copy,structural_features,loss,relation,9600,0.23131472391673014,0.22135813226372578,0.014426745565724559,0.5255493932962417,4,"1000,1001,1002,1003",59000,200,True
repeat-copy,structural_features,loss,relation,9800,0.21902104763110403,0.21025414428248987,0.008644110010936856,0.5188951397687197,4,"1000,1001,1002,1003",59000,200,True
repeat-copy,structural_features,loss,relation,10000,0.21834672285753184,0.2085701530476953,0.011050895301741548,0.525797841772437,4,"1000,1001,1002,1003",59000,200,True
repeat-copy,structural_features,loss,relation,10200,0.21050022584677208,0.2148912119593174,0.011912849161308258,0.5294457645714283,4,"1000,1001,1002,1003",59000,200,True
repeat-copy,structural_features,loss,relation,10400,0.19498661002726295,0.21138656062690778,0.010011690788669512,0.524742918908596,4,"1000,1001,1002,1003",59000,200,True
repeat-copy,structural_features,loss,relation,10600,0.19752898552978876,0.20935080064791511,0.012526153834769502,0.52497228205204,4,"1000,1001,1002,1003",59000,200,True
repeat-copy,structural_features,loss,relation,10800,0.18952709159013464,0.20356898564288253,0.009359230431728064,0.5083793463557958,4,"1000,1001,1002,1003",59000,200,True
repeat-copy,structural_features,loss,relation,11000,0.18045150472571547,0.20703925526022884,0.005432414642709773,0.516417987793684,4,"1000,1001,1002,1003",59000,200,True
repeat-copy,structural_features,loss,relation,11200,0.2024483533325838,0.2068086525401469,0.008331302737933583,0.5256528355926275,4,"1000,1001,1002,1003",59000,200,True
repeat-copy,structural_features,loss,relation,11400,0.18802079462824622,0.2107635214192053,0.00650632976234192,0.522371131181717,4,"1000,1001,1002,1003",59000,200,True
repeat-copy,structural_features,loss,relation,11600,0.18379523210474874,0.20328439468262763,0.006122665772563778,0.5128108523786068,4,"1000,1001,1002,1003",59000,200,True
repeat-copy,structural_features,loss,relation,11800,0.18297365078185976,0.20060980802047446,0.014506602635083254,0.5092994079738855,4,"1000,1001,1002,1003",59000,200,True
repeat-copy,structural_features,loss,relation,12000,0.1693517719072406,0.20593456666820037,0.005425682017230429,0.5098905758187174,4,"1000,1001,1002,1003",59000,200,True
repeat-copy,structural_features,loss,relation,12200,0.17726412726628038,0.20463410665850537,0.0062421745866595305,0.5081254249066114,4,"1000,1001,1002,1003",59000,200,True
repeat-copy,structural_features,loss,relation,12400,0.16151700948772485,0.20187185008171238,0.0036837237791041842,0.49794142752885817,4,"1000,1001,1002,1003",59000,200,True
repeat-copy,structural_features,loss,relation,12600,0.17024971477187137,0.20134139211806684,0.004138601219237898,0.4982063213735819,4,"1000,1001,1002,1003",59000,200,True
repeat-copy,structural_features,loss,relation,12800,0.17082824180848546,0.20800751543305798,0.007686196725699119,0.5173608378320932,4,"1000,1001,1002,1003",59000,200,True
repeat-copy,structural_features,loss,relation,13000,0.16389453599591433,0.19662598604626408,0.0020512047580996296,0.4851329329609871,4,"1000,1001,1002,1003",59000,200,True
repeat-copy,structural_features,loss,relation,13200,0.1581437666275815,0.19648799870217734,0.0035418345865036826,0.48538441076874733,4,"1000,1001,1002,1003",59000,200,True
repeat-copy,structural_features,loss,relation,13400,0.16284376696672553,0.19791749542355086,0.005821365027950378,0.492470842693001,4,"1000,1001,1002,1003",59000,200,True
repeat-copy,structural_features,loss,relation,13600,0.16324548375281667,0.19058250221630835,0.008168340931661078,0.4820348336920142,4,"1000,1001,1002,1003",59000,200,True
repeat-copy,structural_features,loss,relation,13800,0.18260020015048212,0.19755008479323122,0.003940065356582636,0.4805994641035795,4,"1000,1001,1002,1003",59000,200,True
repeat-copy,structural_features,loss,relation,14000,0.16214632434212034,0.19322723178140558,0.0021631478866765974,0.47553267035633323,4,"1000,1001,1002,1003",59000,200,True
repeat-copy,structural_features,loss,relation,14200,0.15445311093748387,0.1793833386937591,0.0064312485841946905,0.4555002135410905,4,"1000,1001,1002,1003",59000,200,True
repeat-copy,structural_features,loss,relation,14400,0.15201430669501861,0.19153459906314899,0.0015180197250447237,0.473009713627398,4,"1000,1001,1002,1003",59000,200,True
repeat-copy,structural_features,loss,relation,14600,0.14805282311986048,0.19585242506298847,0.0023768442176151437,0.480283731110394,4,"1000,1001,1002,1003",59000,200,True
repeat-copy,structural_features,loss,relation,14800,0.15865492733070824,0.18457263138210006,0.009432227607285314,0.46609482981264594,4,"1000,1001,1002,1003",59000,200,True
repeat-copy,structural_features,loss,relation,15000,0.15318416321583755,0.1820992853885714,0.0025646476885958693,0.4512157496996224,4,"1000,1001,1002,1003",59000,200,True
repeat-copy,structural_features,loss,relation,15200,0.14370545472871527,0.18794449176858247,0.0033106681591743834,0.4644760576635599,4,"1000,1001,1002,1003",59000,200,True
repeat-copy,structural_features,loss,relation,15400,0.14617259543872024,0.1842485639703672,0.003048051220139314,0.4534853275492787,4,"1000,1001,1002,1003",59000,200,True
repeat-copy,structural_features,loss,relation,15600,0.14595689140536705,0.17997378386169396,0.0018424088834581198,0.4431055275350809,4,"1000,1001,1002,1003",59000,200,True
repeat-copy,structural_features,loss,relation,15800,0.14427916265969087,0.17827127783594726,0.002023711196961813,0.4389540373720229,4,"1000,1001,1002,1003",59000,200,True
repeat-copy,structural_features,loss,relation,16000,0.13952458978273172,0.18075359597045257,0.0034938355107078677,0.4442357770726085,4,"1000,1001,1002,1003",59000,200,True
repeat-copy,structural_features,loss,relation,16200,0.13580852949804467,0.18066666832406492,0.0029339329467256902,0.44276574429124593,4,"1000,1001,1002,1003",59000,200,True
repeat-copy,structural_features,loss,relation,16400,0.14072597250929902,0.17693830907690813,0.002390505678158661,0.4359496737457812,4,"1000,1001,1002,1003",59000,200,True
repeat-copy,structural_features,loss,relation,16600,0.12948563157806348,0.17404443306504902,0.002103339294626494,0.4246114862430841,4,"1000,1001,1002,1003",59000,200,True
repeat-copy,structural_features,loss,relation,16800,0.14267400405701208,0.16928196134876491,0.0019302131232689134,0.4174803919903934,4,"1000,1001,1002,1003",59000,200,True
repeat-copy,structural_features,loss,relation,17000,0.12297296391056989,0.1625674651365756,0.0006516828565145261,0.3979131988435984,4,"1000,1001,1002,1003",59000,200,True
repeat-copy,structural_features,loss,relation,17200,0.08093351269018513,0.08987295833247634,0.00043510176063136895,0.22927299013361335,4,"1000,1001,1002,1003",59000,200,True
repeat-copy,structural_features,loss,relation,17400,0.058307291427540806,0.04917144147381525,0.002808526919106953,0.12307913488708437,4,"1000,1001,1002,1003",59000,200,True
repeat-copy,structural_features,loss,relation,17600,0.08186577164482514,0.09611834937545655,0.0011797203462083417,0.23962852235417814,4,"1000,1001,1002,1003",59000,200,True
repeat-copy,structural_features,loss,relation,17800,0.04282402772730165,0.04522862528906046,0.0002466971948979335,0.10974835543194786,4,"1000,1001,1002,1003",59000,200,True
repeat-copy,structural_features,loss,relation,18000,0.04421595727960039,0.056643758768842506,0.00046884179572771246,0.13966312954435126,4,"1000,1001,1002,1003",59000,200,True
repeat-copy,structural_features,loss,relation,18200,0.027144049831460963,0.03199667013167794,0.0004712275501515251,0.08031329192453995,4,"1000,1001,1002,1003",59000,200,True
repeat-copy,structural_features,loss,relation,18400,0.023533543164257934,0.02749845646838235,0.0010594885288173828,0.06969403062481433,4,"1000,1001,1002,1003",59000,200,True
repeat-copy,structural_features,loss,relation,18600,0.030250559605142373,0.025739689160792504,0.0020216272773723176,0.07043730765581131,4,"1000,1001,1002,1003",59000,200,True
repeat-copy,structural_features,loss,relation,18800,0.028754587801380467,0.021575307827506916,0.0021115257412884602,0.06092280511627905,4,"1000,1001,1002,1003",59000,200,True
repeat-copy,structural_features,loss,relation,19000,0.029894826710458348,0.041969184639570424,0.00010818101453878626,0.10173377834493294,4,"1000,1001,1002,1003",59000,200,True
repeat-copy,structural_features,loss,relation,19200,0.03390338825171057,0.04822255603252359,0.0016989484640907904,0.11704457743559032,4,"1000,1001,1002,1003",59000,200,True
repeat-copy,structural_features,loss,relation,19400,0.04949819392336053,0.077031439915108,0.00015653712076073135,0.18255119958659635,4,"1000,1001,1002,1003",59000,200,True
repeat-copy,structural_features,loss,relation,19600,0.028071104926225415,0.024870438803965604,0.008839372377296968,0.07036409270018339,4,"1000,1001,1002,1003",59000,200,True
repeat-copy,structural_features,loss,relation,19800,0.023846210226956828,0.032756224146981754,0.000695647458469466,0.08039398919441737,4,"1000,1001,1002,1003",59000,200,True
repeat-copy,structural_features,loss,relation,20000,0.038141375825989594,0.05250296632907843,0.0007593448430725403,0.12822489272453821,4,"1000,1001,1002,1003",59000,200,True
repeat-copy,structural_features,loss,relation,20200,0.09593619004671496,0.15730106501623792,7.51945255751707e-05,0.36832793112960643,4,"1000,1001,1002,1003",59000,200,True
repeat-copy,structural_features,loss,relation,20400,0.03728253121367061,0.06069377101964834,0.00020946009663930454,0.1423607659712434,4,"1000,1001,1002,1003",59000,200,True
repeat-copy,structural_features,loss,relation,20600,0.05077290201740879,0.05865082048369397,0.0023396687310196286,0.14749241854296996,4,"1000,1001,1002,1003",59000,200,True
repeat-copy,structural_features,loss,relation,20800,0.01934523270322927,0.02951767633046074,0.00011752909933420596,0.07036652426584623,4,"1000,1001,1002,1003",59000,200,True
repeat-copy,structural_features,loss,relation,21000,0.02180335926993564,0.033423763476685936,0.00121703972128671,0.0796473473997321,4,"1000,1001,1002,1003",59000,200,True
repeat-copy,structural_features,loss,relation,21200,0.019548663979973072,0.031455138976599815,9.885170469715376e-05,0.0740125335380435,4,"1000,1001,1002,1003",59000,200,True
repeat-copy,structural_features,loss,relation,21400,0.08626320313736187,0.14488590292918763,0.001185360663512256,0.337204622583231,4,"1000,1001,1002,1003",59000,200,True
repeat-copy,structural_features,loss,relation,21600,0.018663460178137255,0.029457490099822122,3.2303320033406635e-05,0.06960100088850595,4,"1000,1001,1002,1003",59000,200,True
repeat-copy,structural_features,loss,relation,21800,0.03009319446292352,0.028813206966897317,0.0015776139734225581,0.07706919710151851,4,"1000,1001,1002,1003",59000,200,True
repeat-copy,structural_features,loss,relation,22000,0.013712686450297155,0.021004774345791892,9.70157034703334e-05,0.05005561912432313,4,"1000,1001,1002,1003",59000,200,True
repeat-copy,structural_features,loss,relation,22200,0.02074336584962623,0.032630715487055456,0.0006993157534452621,0.07722923632361926,4,"1000,1001,1002,1003",59000,200,True
repeat-copy,structural_features,loss,relation,22400,0.022095360250693828,0.022517189503975663,5.470276170854049e-05,0.05179715046022466,4,"1000,1001,1002,1003",59000,200,True
repeat-copy,structural_features,loss,relation,22600,0.03265306833939689,0.02553785441254589,4.6195179588721655e-05,0.0670740771409146,4,"1000,1001,1002,1003",59000,200,True
repeat-copy,structural_features,loss,relation,22800,0.024800260498202532,0.02251432816055694,0.0020869042228787295,0.05407652940699336,4,"1000,1001,1002,1003",59000,200,True
repeat-copy,structural_features,loss,relation,23000,0.05658774351012425,0.09333418841409795,0.002171151512952747,0.21824431680724957,4,"1000,1001,1002,1003",59000,200,True
repeat-copy,structural_features,loss,relation,23200,0.2124672710967974,0.32188057105659235,0.001407088085804844,0.7674367829924449,4,"1000,1001,1002,1003",59000,200,True
repeat-copy,structural_features,loss,relation,23400,0.13669668584679273,0.2256738055929983,0.0005881583257257716,0.5274184731673449,4,"1000,1001,1002,1003",59000,200,True
repeat-copy,structural_features,loss,relation,23600,0.09448277010949596,0.1609025360052186,0.00047108282156841595,0.37317161926068365,4,"1000,1001,1002,1003",59000,200,True
repeat-copy,structural_features,loss,relation,23800,0.061547259169290096,0.1052449233268295,0.00016598810244431662,0.24383563228184357,4,"1000,1001,1002,1003",59000,200,True
repeat-copy,structural_features,loss,relation,24000,0.0444871489202805,0.06303029959065047,0.00011401227114674838,0.1530369557137601,4,"1000,1001,1002,1003",59000,200,True
repeat-copy,structural_features,loss,relation,24200,0.050573708930650135,0.06037414054348656,0.0012494551198005866,0.15078221566276626,4,"1000,1001,1002,1003",59000,200,True
repeat-copy,structural_features,loss,relation,24400,0.36438455045083595,0.5280959386601135,2.3794708284299304e-05,1.2694555732542177,4,"1000,1001,1002,1003",59000,200,True
repeat-copy,structural_features,loss,relation,24600,0.09050759843718297,0.13928457352729334,0.0006158186720807635,0.3308769723959267,4,"1000,1001,1002,1003",59000,200,True
repeat-copy,structural_features,loss,relation,24800,0.09753763605295092,0.1645964846466611,0.0001753309103060019,0.38259296587435526,4,"1000,1001,1002,1003",59000,200,True
repeat-copy,structural_features,loss,relation,25000,0.0849116277270587,0.14331451295068565,0.00014132108481589966,0.33311775867361576,4,"1000,1001,1002,1003",59000,200,True
repeat-copy,structural_features,loss,relation,25200,0.1407716709537361,0.19556806271715949,0.001021567521465272,0.47415336344041864,4,"1000,1001,1002,1003",59000,200,True
repeat-copy,structural_features,loss,relation,25400,0.2577120208991681,0.4204659947245056,1.5165462330060108e-05,0.9853220988251269,4,"1000,1001,1002,1003",59000,200,True
repeat-copy,structural_features,loss,relation,25600,0.19600949399517026,0.3380940165819411,9.188757946958504e-05,0.781604926912114,4,"1000,1001,1002,1003",59000,200,True
repeat-copy,structural_features,loss,relation,25800,0.05700576537991538,0.09025117581029751,2.0442233237645267e-05,0.21306712784338744,4,"1000,1001,1002,1003",59000,200,True
repeat-copy,structural_features,loss,relation,26000,0.04428964089795983,0.045210980822660604,0.0006539596033780981,0.10731111021479592,4,"1000,1001,1002,1003",59000,200,True
repeat-copy,structural_features,loss,relation,26200,0.02405079638529216,0.039904105777436125,5.6096328321473266e-05,0.09315364042297006,4,"1000,1001,1002,1003",59000,200,True
repeat-copy,structural_features,loss,relation,26400,0.03170572163394851,0.054696727910358144,2.864885445433174e-05,0.1264431750413496,4,"1000,1001,1002,1003",59000,200,True
repeat-copy,structural_features,loss,relation,26600,0.02186815573084907,0.03545094326136686,0.00023360873357887611,0.08322349042864516,4,"1000,1001,1002,1003",59000,200,True
repeat-copy,structural_features,loss,relation,26800,0.020921758871532033,0.03570197120657335,0.00014967271177283693,0.08275848806719295,4,"1000,1001,1002,1003",59000,200,True
repeat-copy,structural_features,loss,relation,27000,0.012979090093011365,0.010933609031188443,0.0015852043286554362,0.028391079362481832,4,"1000,1001,1002,1003",59000,200,True
repeat-copy,structural_features,loss,relation,27200,0.03605566273905609,0.05416316939879772,3.9856457260611935e-05,0.1293821326084435,4,"1000,1001,1002,1003",59000,200,True
repeat-copy,structural_features,loss,relation,27400,0.011890451110210023,0.019319913246596154,4.0304289331061224e-05,0.045333061983110386,4,"1000,1001,1002,1003",59000,200,True
repeat-copy,structural_features,loss,relation,27600,0.03964399990332993,0.03952050681009653,0.0005172939111332652,0.09024753860838246,4,"1000,1001,1002,1003",59000,200,True
repeat-copy,structural_features,loss,relation,27800,0.01911524139256215,0.033020237923873645,1.4038249967143201e-05,0.0763079550868133,4,"1000,1001,1002,1003",59000,200,True
repeat-copy,structural_features,loss,relation,28000,0.24834121951061747,0.27574787184407296,4.089340484938475e-05,0.7146553297115684,4,"1000,1001,1002,1003",59000,200,True
repeat-copy,structural_features,loss,relation,28200,0.03188542549594061,0.03461148709461554,0.0006331294048601421,0.085583103383251,4,"1000,1001,1002,1003",59000,200,True
repeat-copy,structural_features,loss,relation,28400,0.03852747426702493,0.06552087658747975,0.00037563573093393646,0.1520120841776952,4,"1000,1001,1002,1003",59000,200,True
repeat-copy,structural_features,loss,relation,28600,0.025428256688892537,0.03159354590918483,3.753619963191568e-06,0.0784755450556986,4,"1000,1001,1002,1003",59000,200,True
repeat-copy,structural_features,loss,relation,28800,0.017853938613365372,0.030063692373962423,1.9157702868710657e-06,0.06992057016585022,4,"1000,1001,1002,1003",59000,200,True
repeat-copy,structural_features,loss,relation,29000,0.03311459530507235,0.030200797128917628,0.0006408812959932675,0.06455427677015052,4,"1000,1001,1002,1003",59000,200,True
repeat-copy,structural_features,loss,relation,29200,0.017474413353425613,0.017596431741531318,0.00021264916024392732,0.039804453675751576,4,"1000,1001,1002,1003",59000,200,True
repeat-copy,structural_features,loss,relation,29400,0.03196036413265773,0.05130610243711029,0.0010379994641311896,0.12079544798238202,4,"1000,1001,1002,1003",59000,200,True
repeat-copy,structural_features,loss,relation,29600,0.02629732951396971,0.030799622013006504,0.0003711744389136129,0.07577174711448606,4,"1000,1001,1002,1003",59000,200,True
repeat-copy,structural_features,loss,relation,29800,0.012391552495985607,0.020194302184286177,1.3572719648209386e-05,0.0473350293841213,4,"1000,1001,1002,1003",59000,200,True
repeat-copy,structural_features,loss,relation,30000,0.03456574356976056,0.05899232808954758,5.535329888743945e-06,0.13674201234360225,4,"1000,1001,1002,1003",59000,200,True
repeat-copy,structural_features,loss,relation,30200,0.053018118641512325,0.05676239236086729,0.0002268217218940549,0.13721638197195715,4,"1000,1001,1002,1003",59000,200,True
repeat-copy,structural_features,loss,relation,30400,0.03349930230912299,0.0561598682856621,5.785490951950578e-06,0.130758943593828,4,"1000,1001,1002,1003",59000,200,True
repeat-copy,structural_features,loss,relation,30600,0.009671884740309515,0.014495786662370395,1.773359233766314e-05,0.03473038052616175,4,"1000,1001,1002,1003",59000,200,True
repeat-copy,structural_features,loss,relation,30800,0.053369316985246086,0.03133060798404075,1.4021415782394798e-05,0.07612268003053031,4,"1000,1001,1002,1003",59000,200,True
repeat-copy,structural_features,loss,relation,31000,0.02374311173945717,0.038287602930871946,0.0011453066344812156,0.09005445047660032,4,"1000,1001,1002,1003",59000,200,True
repeat-copy,structural_features,loss,relation,31200,0.019451398939318697,0.03261614742851259,0.00022666474407998294,0.07593985455518122,4,"1000,1001,1002,1003",59000,200,True
repeat-copy,structural_features,loss,relation,31400,0.02285381463100318,0.037829087620128585,2.9943167663759597e-06,0.08836393015342764,4,"1000,1001,1002,1003",59000,200,True
repeat-copy,structural_features,loss,relation,31600,0.24899597210023547,0.4258766584897651,6.5005979433863105e-06,0.986616475089686,4,"1000,1001,1002,1003",59000,200,True
repeat-copy,structural_features,loss,relation,31800,0.28947559007748636,0.5013432580775509,3.5034549165402494e-06,1.157827584692277,4,"1000,1001,1002,1003",59000,200,True
repeat-copy,structural_features,loss,relation,32000,0.28938683519030756,0.5012156193950411,4.122077279617997e-06,1.1575177534902468,4,"1000,1001,1002,1003",59000,200,True
repeat-copy,structural_features,loss,relation,32200,0.25673285434573756,0.4395780485080421,0.0001807925505279684,1.0180894689261912,4,"1000,1001,1002,1003",59000,200,True
repeat-copy,structural_features,loss,relation,32400,0.2400663559703518,0.4147232356439247,3.0243435045207434e-06,0.9583868750464171,4,"1000,1001,1002,1003",59000,200,True
repeat-copy,structural_features,loss,relation,32600,0.15636908260534604,0.2707683494008258,3.0124115711416268e-06,0.625353614850901,4,"1000,1001,1002,1003",59000,200,True
repeat-copy,structural_features,loss,relation,32800,0.12179170285093636,0.2002456193517886,7.624526285106015e-06,0.4684213875886053,4,"1000,1001,1002,1003",59000,200,True
repeat-copy,structural_features,loss,relation,33000,0.10981867741664425,0.1582376614272265,4.4166101281462035e-06,0.3807545971358195,4,"1000,1001,1002,1003",59000,200,True
repeat-copy,structural_features,loss,relation,33200,0.13054640888012561,0.15866951768063672,8.978885087884691e-07,0.38863776859827337,4,"1000,1001,1002,1003",59000,200,True
repeat-copy,structural_features,loss,relation,33400,0.10416292717455766,0.165928600166518,1.4370815943998139e-06,0.3910152634396218,4,"1000,1001,1002,1003",59000,200,True
repeat-copy,structural_features,loss,relation,33600,0.361329607455425,0.4173651105166163,0.0083657207544028,1.0344282527420925,4,"1000,1001,1002,1003",59000,200,True
repeat-copy,structural_features,loss,relation,33800,0.2087886837701425,0.154811122537841,1.4514785322319312e-05,0.3613821979810018,4,"1000,1001,1002,1003",59000,200,True
repeat-copy,structural_features,loss,relation,34000,0.17018371658996995,0.1751454213073005,0.00012636793400787381,0.4001713055255823,4,"1000,1001,1002,1003",59000,200,True
repeat-copy,structural_features,loss,relation,34200,0.09172156419335079,0.1557953733786605,0.0002453396983052869,0.36156203954247756,4,"1000,1001,1002,1003",59000,200,True
repeat-copy,structural_features,loss,relation,34400,0.09309247891677186,0.1605764678971402,2.78389006247437e-06,0.37121802065579684,4,"1000,1001,1002,1003",59000,200,True
repeat-copy,structural_features,loss,relation,34600,0.11331786848394189,0.15397476832402013,6.344155355328951e-06,0.3743693506740965,4,"1000,1001,1002,1003",59000,200,True
repeat-copy,structural_features,loss,relation,34800,0.0934031547574197,0.15938273603570255,6.067084743364148e-06,0.36945827808754983,4,"1000,1001,1002,1003",59000,200,True
repeat-copy,structural_features,loss,relation,35000,0.09345875153927222,0.1614137250407553,1.0474480254174523e-06,0.37303496393258684,4,"1000,1001,1002,1003",59000,200,True
repeat-copy,structural_features,loss,relation,35200,0.08803353367832692,0.1519361209297287,2.942470873801284e-05,0.35119443935138406,4,"1000,1001,1002,1003",59000,200,True
repeat-copy,structural_features,loss,relation,35400,0.09236690517244804,0.15972989425722842,1.9676779089650154e-07,0.3690270268297172,4,"1000,1001,1002,1003",59000,200,True
repeat-copy,structural_features,loss,relation,35600,0.08743470230927611,0.13715851624130168,5.909741928711298e-08,0.32431952470215036,4,"1000,1001,1002,1003",59000,200,True
repeat-copy,structural_features,loss,relation,35800,0.06528116494598382,0.11223428409954213,2.226059017260695e-06,0.25967396882537286,4,"1000,1001,1002,1003",59000,200,True
repeat-copy,structural_features,loss,relation,36000,0.0480021856438451,0.08067010199750703,3.2801615020172646e-07,0.1876936408219626,4,"1000,1001,1002,1003",59000,200,True
repeat-copy,structural_features,loss,relation,36200,0.039520447139030496,0.05493294001308153,9.021452152868648e-08,0.1330298653274076,4,"1000,1001,1002,1003",59000,200,True
repeat-copy,structural_features,loss,relation,36400,0.03527023329301112,0.06108625221586622,1.694426339304833e-07,0.14107472575386054,4,"1000,1001,1002,1003",59000,200,True
repeat-copy,structural_features,loss,relation,36600,0.027263043680211,0.042675278400835716,1.0239460358238971e-05,0.10112003387766891,4,"1000,1001,1002,1003",59000,200,True
repeat-copy,structural_features,loss,relation,36800,0.019622772246685845,0.029318099858722906,4.311374297181203e-06,0.07029337703133934,4,"1000,1001,1002,1003",59000,200,True
repeat-copy,structural_features,loss,relation,37000,0.019591005245460376,0.02938279864251103,1.403893815030699e-06,0.0703859199170256,4,"1000,1001,1002,1003",59000,200,True
repeat-copy,structural_features,loss,relation,37200,0.48832517856185365,0.7995800304351264,0.0013290385145282358,1.8722437508600518,4,"1000,1001,1002,1003",59000,200,True
repeat-copy,structural_features,loss,relation,37400,0.39497907701538276,0.655239488288755,5.7299471667704436e-06,1.5294366114912554,4,"1000,1001,1002,1003",59000,200,True
repeat-copy,structural_features,loss,relation,37600,0.15135311721078967,0.2115794253801396,4.028481498394854e-06,0.5118538965783955,4,"1000,1001,1002,1003",59000,200,True
repeat-copy,structural_features,loss,relation,37800,0.017911116972491634,0.022944062781990605,1.6671367896137211e-06,0.056134183169924655,4,"1000,1001,1002,1003",59000,200,True
repeat-copy,structural_features,loss,relation,38000,0.011211108103499096,0.019408226346205003,2.1394485335513024e-06,0.044827141699497586,4,"1000,1001,1002,1003",59000,200,True
repeat-copy,structural_features,loss,relation,38200,0.02126253173024229,0.033302129767741266,0.0003957021614700551,0.07886100084695499,4,"1000,1001,1002,1003",59000,200,True
repeat-copy,structural_features,loss,relation,38400,0.011926929327731949,0.012814544210891777,5.806567812527419e-07,0.030483634534757584,4,"1000,1001,1002,1003",59000,200,True
repeat-copy,structural_features,loss,relation,38600,0.01991236904003573,0.03162307315097831,2.57168934447094e-05,0.07457305373129203,4,"1000,1001,1002,1003",59000,200,True
repeat-copy,structural_features,loss,relation,38800,0.005909143402697452,0.009512754612537111,5.938097428526134e-07,0.022376620195573196,4,"1000,1001,1002,1003",59000,200,True
repeat-copy,structural_features,loss,relation,39000,0.018344679256109202,0.03177160859741872,1.3691375768676295e-07,0.07337471954902867,4,"1000,1001,1002,1003",59000,200,True
repeat-copy,structural_features,loss,relation,39200,0.005152164155842241,0.008646403994320826,4.80224400800644e-08,0.020124295509594957,4,"1000,1001,1002,1003",59000,200,True
repeat-copy,structural_features,loss,relation,39400,0.02409070412441498,0.03978918821388374,5.462156299023135e-06,0.09297875748161459,4,"1000,1001,1002,1003",59000,200,True
repeat-copy,structural_features,loss,relation,39600,0.0254450452287876,0.043965768624239884,1.0950096727668778e-06,0.1015959012231906,4,"1000,1001,1002,1003",59000,200,True
repeat-copy,structural_features,loss,relation,39800,0.028090667912612225,0.04793233063953463,2.402101962450942e-08,0.11111023592849961,4,"1000,1001,1002,1003",59000,200,True
repeat-copy,structural_features,loss,relation,40000,0.009024057233213279,0.013477188821333523,1.5515765966478413e-08,0.03232830489549087,4,"1000,1001,1002,1003",59000,200,True
repeat-copy,structural_features,loss,relation,40200,0.006700172860411169,0.011049686601579366,1.101943007342232e-08,0.025826495149813125,4,"1000,1001,1002,1003",59000,200,True
repeat-copy,structural_features,loss,relation,40400,0.012582053501519924,0.021623557241810424,5.021316946407506e-09,0.05003458993858658,4,"1000,1001,1002,1003",59000,200,True
repeat-copy,structural_features,loss,relation,40600,0.0031085664754646955,0.004855359666151558,4.856559455423959e-09,0.01150043242276297,4,"1000,1001,1002,1003",59000,200,True
repeat-copy,structural_features,loss,relation,40800,0.024783986462334935,0.04243539044068728,4.39856552139628e-09,0.09828176431707107,4,"1000,1001,1002,1003",59000,200,True
repeat-copy,structural_features,loss,relation,41000,0.025127869838737424,0.03475692191642646,4.441513542785546e-09,0.08421604687348008,4,"1000,1001,1002,1003",59000,200,True
repeat-copy,structural_features,loss,relation,41200,0.02491244005542576,0.043032981151957674,1.4090154791368548e-06,0.09944761856590048,4,"1000,1001,1002,1003",59000,200,True
repeat-copy,structural_features,loss,relation,41400,0.034640706950207045,0.03526917727542116,3.968100729219159e-05,0.08024839648394845,4,"1000,1001,1002,1003",59000,200,True
repeat-copy,structural_features,loss,relation,41600,0.013073477904305799,0.019526360149685992,1.1653668898770064e-06,0.046757882445526776,4,"1000,1001,1002,1003",59000,200,True
repeat-copy,structural_features,loss,relation,41800,0.017377611340324745,0.03004576301170084,2.044142430124296e-07,0.06941836471611168,4,"1000,1001,1002,1003",59000,200,True
repeat-copy,structural_features,loss,relation,42000,0.018340417617936505,0.03169569243048817,1.136669470707119e-06,0.07323890680578188,4,"1000,1001,1002,1003",59000,200,True
repeat-copy,structural_features,loss,relation,42200,0.03813303926148361,0.06523047017705823,2.157438787691035e-06,0.15111110129830194,4,"1000,1001,1002,1003",59000,200,True
repeat-copy,structural_features,loss,relation,42400,0.018519958367060586,0.030037777363417433,3.147314014961822e-08,0.07052828226966085,4,"1000,1001,1002,1003",59000,200,True
repeat-copy,structural_features,loss,relation,42600,0.033466647924289855,0.048477304969086525,1.245687568596221e-08,0.11653252319413479,4,"1000,1001,1002,1003",59000,200,True
repeat-copy,structural_features,loss,relation,42800,0.02572758056178173,0.026061262800222234,3.859327449284855e-09,0.057335033184287065,4,"1000,1001,1002,1003",59000,200,True
repeat-copy,structural_features,loss,relation,43000,0.006975783364951665,0.012047893327121802,3.1725432339535507e-09,0.02784331505172304,4,"1000,1001,1002,1003",59000,200,True
repeat-copy,structural_features,loss,relation,43200,0.027047137587578523,0.03891156918966177,2.164391958714429e-09,0.09365779494021535,4,"1000,1001,1002,1003",59000,200,True
repeat-copy,structural_features,loss,relation,43400,0.07981078123627745,0.08137396314766136,3.085790671181199e-09,0.182076806190297,4,"1000,1001,1002,1003",59000,200,True
repeat-copy,structural_features,loss,relation,43600,0.01197019708613747,0.019685718772225275,1.8699253434562024e-09,0.0460422915154777,4,"1000,1001,1002,1003",59000,200,True
repeat-copy,structural_features,loss,relation,43800,0.003701020812206715,0.005326137088883539,1.7903474179570279e-09,0.012821589944069274,4,"1000,1001,1002,1003",59000,200,True
repeat-copy,structural_features,loss,relation,44000,0.04266186013197288,0.06550616642702847,1.1733326690105406e-09,0.15597597409898298,4,"1000,1001,1002,1003",59000,200,True
repeat-copy,structural_features,loss,relation,44200,0.04973605936585148,0.07739940984825192,2.6588661927728907e-09,0.18334187927583961,4,"1000,1001,1002,1003",59000,200,True
repeat-copy,structural_features,loss,relation,44400,0.010278168978161934,0.01727603016314522,1.6904118603500163e-09,0.04019911431911169,4,"1000,1001,1002,1003",59000,200,True
repeat-copy,structural_features,loss,relation,44600,0.01957416076554618,0.033874797365972514,1.1698492689837802e-09,0.07824702194528071,4,"1000,1001,1002,1003",59000,200,True
repeat-copy,structural_features,loss,relation,44800,0.012168261811131504,0.019726023424229022,3.0748485014414626e-09,0.04632462568988558,4,"1000,1001,1002,1003",59000,200,True
repeat-copy,structural_features,loss,relation,45000,0.0036804784236291713,0.003919520630077334,1.203449030290349e-09,0.009270434093050426,4,"1000,1001,1002,1003",59000,200,True
repeat-copy,structural_features,loss,relation,45200,0.009658040130807516,0.016726887940639167,9.351699475218523e-10,0.03862985988511355,4,"1000,1001,1002,1003",59000,200,True
repeat-copy,structural_features,loss,relation,45400,0.0008059135299209797,0.0012505044406697404,1.0345608313436227e-09,0.002964268049108796,4,"1000,1001,1002,1003",59000,200,True
repeat-copy,structural_features,loss,relation,45600,0.05561821564735722,0.09040777537392537,1.7541288930139622e-08,0.21212403676327085,4,"1000,1001,1002,1003",59000,200,True
repeat-copy,structural_features,loss,relation,45800,0.05281859565695031,0.09060400196861793,4.05741079879951e-09,0.2097476135929901,4,"1000,1001,1002,1003",59000,200,True
repeat-copy,structural_features,loss,relation,46000,0.03349071852253524,0.057568818875176404,1.039783014723794e-09,0.13320139312156243,4,"1000,1001,1002,1003",59000,200,True
repeat-copy,structural_features,loss,relation,46200,0.004525329234474053,0.007819074521130885,9.49234303278257e-10,0.01806834389324649,4,"1000,1001,1002,1003",59000,200,True
repeat-copy,structural_features,loss,relation,46400,0.04387688492780472,0.07529578240142898,1.2560488814927773e-07,0.17429016906549805,4,"1000,1001,1002,1003",59000,200,True
repeat-copy,structural_features,loss,relation,46600,0.005534296653645975,0.009250887578995944,1.2055737218449881e-08,0.021551965441176435,4,"1000,1001,1002,1003",59000,200,True
repeat-copy,structural_features,loss,relation,46800,0.022971829528641397,0.03978802414184426,2.190896208134618e-09,0.0918867088745901,4,"1000,1001,1002,1003",59000,200,True
repeat-copy,structural_features,loss,relation,47000,0.0051745825705549016,0.006734537478311564,1.1684036659020958e-09,0.016707386268681148,4,"1000,1001,1002,1003",59000,200,True
repeat-copy,structural_features,loss,relation,47200,0.004433496508790001,0.0063649493619682305,8.480651000203343e-10,0.015384013736656925,4,"1000,1001,1002,1003",59000,200,True
repeat-copy,structural_features,loss,relation,47400,0.05450953425809685,0.06699016422392488,9.238012397411177e-10,0.16410047206103628,4,"1000,1001,1002,1003",59000,200,True
repeat-copy,structural_features,loss,relation,47600,0.01398854999695484,0.023996549841226594,8.484095790836644e-10,0.05555082386221329,4,"1000,1001,1002,1003",59000,200,True
repeat-copy,structural_features,loss,relation,47800,0.009134765244402465,0.015820969190858854,6.409088906464411e-10,0.036537487699606574,4,"1000,1001,1002,1003",59000,200,True
repeat-copy,structural_features,loss,relation,48000,0.011501732958480292,0.019921170004262412,6.258195054884008e-10,0.046006211550848095,4,"1000,1001,1002,1003",59000,200,True
repeat-copy,structural_features,loss,relation,48200,0.007714143405602843,0.01336096767577025,6.287336270366372e-10,0.03085601825721824,4,"1000,1001,1002,1003",59000,200,True
repeat-copy,structural_features,loss,relation,48400,0.00718515087070175,0.012443855265447496,5.25757600441934e-10,0.028738540408521657,4,"1000,1001,1002,1003",59000,200,True
repeat-copy,structural_features,loss,relation,48600,0.005238479344931989,0.008903503140365907,4.714533027860846e-10,0.02065838552429341,4,"1000,1001,1002,1003",59000,200,True
repeat-copy,structural_features,loss,relation,48800,0.007081886386844602,0.011989225292223116,6.045830136525154e-10,0.02784503416991356,4,"1000,1001,1002,1003",59000,200,True
repeat-copy,structural_features,loss,relation,49000,0.0817739574600423,0.13241416631143044,5.436582062659512e-10,0.3110179663746898,4,"1000,1001,1002,1003",59000,200,True
repeat-copy,structural_features,loss,relation,49200,0.11715426242097836,0.1446344281878611,4.685047878816296e-10,0.35425916075360875,4,"1000,1001,1002,1003",59000,200,True
repeat-copy,structural_features,loss,relation,49400,0.02034290277088648,0.03501225643769143,3.864307558318347e-10,0.08098537867095729,4,"1000,1001,1002,1003",59000,200,True
repeat-copy,structural_features,loss,relation,49600,0.0042388491301998685,0.007340809709415171,4.139945708990511e-10,0.016953504481207346,4,"1000,1001,1002,1003",59000,200,True
repeat-copy,structural_features,loss,relation,49800,0.007584733834956303,0.012963227752234973,4.2957951234406935e-10,0.030036793314720853,4,"1000,1001,1002,1003",59000,200,True
repeat-copy,structural_features,loss,relation,50000,0.1926202916411876,0.3333778898306575,7.366324023938553e-07,0.7700476588787569,4,"1000,1001,1002,1003",59000,200,True
repeat-copy,structural_features,loss,relation,50200,0.02831505177230616,0.0488330884762757,5.176522473927803e-08,0.11289605131576536,4,"1000,1001,1002,1003",59000,200,True
repeat-copy,structural_features,loss,relation,50400,0.013066482409393045,0.01963298840786154,1.086387187265725e-08,0.046855981108528795,4,"1000,1001,1002,1003",59000,200,True
repeat-copy,structural_features,loss,relation,50600,0.005607299407464546,0.009634607882902749,8.599281290169736e-10,0.02229465954005718,4,"1000,1001,1002,1003",59000,200,True
repeat-copy,structural_features,loss,relation,50800,0.0048421966062326535,0.00516986499887498,1.1153883032119505e-09,0.012247550222673454,4,"1000,1001,1002,1003",59000,200,True
repeat-copy,structural_features,loss,relation,51000,0.006459336883429939,0.010596203212216845,2.178696467547425e-06,0.02480132173139282,4,"1000,1001,1002,1003",59000,200,True
repeat-copy,structural_features,loss,relation,51200,0.005649125862506891,0.009455472304776202,2.6507951923715466e-07,0.022021507529461814,4,"1000,1001,1002,1003",59000,200,True
repeat-copy,structural_features,loss,relation,51400,0.0017303579568356841,0.0019620563672475035,1.712145843671409e-07,0.004769262880654423,4,"1000,1001,1002,1003",59000,200,True
repeat-copy,structural_features,loss,relation,51600,0.03482981165387175,0.03389077539715675,1.764547841029418e-07,0.07348312326868106,4,"1000,1001,1002,1003",59000,200,True
repeat-copy,structural_features,loss,relation,51800,0.01936643984672209,0.02108160449829409,1.8128182189869336e-06,0.052222900850146046,4,"1000,1001,1002,1003",59000,200,True
repeat-copy,structural_features,loss,relation,52000,0.00905713504729377,0.01558876058883685,3.7274597316283573e-07,0.03605741847968602,4,"1000,1001,1002,1003",59000,200,True
repeat-copy,structural_features,loss,relation,52200,0.0035483620796385312,0.0053883817922933345,6.070547590004971e-08,0.01283153172742459,4,"1000,1001,1002,1003",59000,200,True
repeat-copy,structural_features,loss,relation,52400,0.02274116528785578,0.03926615158526478,1.1059445952088521e-08,0.09075197032492724,4,"1000,1001,1002,1003",59000,200,True
repeat-copy,structural_features,loss,relation,52600,0.027480345269297875,0.02749751203672114,3.142249501708605e-09,0.05633977735284134,4,"1000,1001,1002,1003",59000,200,True
repeat-copy,structural_features,loss,relation,52800,0.007222854570854488,0.012025517278787567,6.62387229365402e-07,0.028043192912082304,4,"1000,1001,1002,1003",59000,200,True
repeat-copy,structural_features,loss,relation,53000,0.006018926324932144,0.009564193775056755,1.0361421348970001e-07,0.022549437150337324,4,"1000,1001,1002,1003",59000,200,True
repeat-copy,structural_features,loss,relation,53200,0.0017559065900814533,0.001784926320951578,6.211955316526296e-09,0.0039655574437156725,4,"1000,1001,1002,1003",59000,200,True
repeat-copy,structural_features,loss,relation,53400,0.01747384296119133,0.029635785806917943,2.6746132555932612e-09,0.06880207393303862,4,"1000,1001,1002,1003",59000,200,True
repeat-copy,structural_features,loss,relation,53600,0.0010695659299374584,0.0018510230941193057,1.39600085310998e-09,0.004275631563323259,4,"1000,1001,1002,1003",59000,200,True
repeat-copy,structural_features,loss,relation,53800,0.02070349317585405,0.024873663359367325,9.274659733965462e-10,0.0611841347236259,4,"1000,1001,1002,1003",59000,200,True
repeat-copy,structural_features,loss,relation,54000,0.007790300338375409,0.011957210796612158,9.828213791418517e-10,0.028459655441183715,4,"1000,1001,1002,1003",59000,200,True
repeat-copy,structural_features,loss,relation,54200,0.042068783538119145,0.072744009689916,2.5187877863186435e-06,0.16806502655617805,4,"1000,1001,1002,1003",59000,200,True
repeat-copy,structural_features,loss,relation,54400,0.013803849960783304,0.023905848120504995,3.5239014879034913e-09,0.05520999335611123,4,"1000,1001,1002,1003",59000,200,True
repeat-copy,structural_features,loss,relation,54600,0.010528354961712824,0.0182354667821158,1.8138675240281233e-09,0.042113109927886395,4,"1000,1001,1002,1003",59000,200,True
repeat-copy,structural_features,loss,relation,54800,0.007817228804844336,0.01353946535534889,1.241042721505936e-09,0.03126827070613217,4,"1000,1001,1002,1003",59000,200,True
repeat-copy,structural_features,loss,relation,55000,0.008485759373548476,0.014695607317633082,8.238645479718976e-10,0.03393929776575533,4,"1000,1001,1002,1003",59000,200,True
repeat-copy,structural_features,loss,relation,55200,0.009974270079005386,0.016119354259861066,8.411855391410317e-10,0.037856735027780815,4,"1000,1001,1002,1003",59000,200,True
repeat-copy,structural_features,loss,relation,55400,0.00783674961258155,0.013279036330616022,7.35897585160683e-10,0.030833854844277083,4,"1000,1001,1002,1003",59000,200,True
repeat-copy,structural_features,loss,relation,55600,0.005697487578398321,0.009868228777456245,6.141616303023678e-10,0.022789761201529472,4,"1000,1001,1002,1003",59000,200,True
repeat-copy,structural_features,loss,relation,55800,0.010993004759983308,0.012457830397190221,6.854578079792951e-10,0.030274821909988533,4,"1000,1001,1002,1003",59000,200,True
repeat-copy,structural_features,loss,relation,56000,0.008248869700326391,0.012941151238361173,5.707303266794251e-10,0.03060001276055118,4,"1000,1001,1002,1003",59000,200,True
repeat-copy,structural_features,loss,relation,56200,0.005692367167409909,0.006248316261650341,5.631238101863611e-10,0.015028716465130855,4,"1000,1001,1002,1003",59000,200,True
repeat-copy,structural_features,loss,relation,56400,0.018581148517597325,0.032181576830607926,4.42444967573008e-10,0.07432127460890114,4,"1000,1001,1002,1003",59000,200,True
repeat-copy,structural_features,loss,relation,56600,0.018797843003694515,0.031215110235658792,3.8676990096742083e-10,0.0728384056653158,4,"1000,1001,1002,1003",59000,200,True
repeat-copy,structural_features,loss,relation,56800,0.001906202856778837,0.0033006216386890267,4.666949074416671e-10,0.00762304716714425,4,"1000,1001,1002,1003",59000,200,True
repeat-copy,structural_features,loss,relation,57000,0.008661058543413076,0.00987988536937037,6.481142802647332e-10,0.02425474918625696,4,"1000,1001,1002,1003",59000,200,True
repeat-copy,structural_features,loss,relation,57200,0.0009155108511317844,0.001392530668862697,3.0419086286329057e-10,0.0033157693441171433,4,"1000,1001,1002,1003",59000,200,True
repeat-copy,structural_features,loss,relation,57400,0.0012404820528629918,0.001896967369218658,3.2722796392686824e-10,0.004510595406391076,4,"1000,1001,1002,1003",59000,200,True
repeat-copy,structural_features,loss,relation,57600,0.021729139280876324,0.024243888704812328,3.5514127437463736e-10,0.0597868958355839,4,"1000,1001,1002,1003",59000,200,True
repeat-copy,structural_features,loss,relation,57800,0.003827264823964778,0.006489120947509961,4.710674055691255e-10,0.015065477255620862,4,"1000,1001,1002,1003",59000,200,True
repeat-copy,structural_features,loss,relation,58000,0.002576750377558066,0.002758615811891397,3.782796453855042e-10,0.006546684894674399,4,"1000,1001,1002,1003",59000,200,True
repeat-copy,structural_features,loss,relation,58200,0.003210813975847474,0.005560856165260198,3.140354363703746e-10,0.012842499376929481,4,"1000,1001,1002,1003",59000,200,True
repeat-copy,structural_features,loss,relation,58400,0.010271709754677356,0.010497311398041748,3.9374231489835987e-10,0.02360482396734369,4,"1000,1001,1002,1003",59000,200,True
repeat-copy,structural_features,loss,relation,58600,0.004366662375256844,0.007555217167334352,3.3094937984534665e-10,0.017452679452962912,4,"1000,1001,1002,1003",59000,200,True
repeat-copy,structural_features,loss,relation,58800,0.013611155188830474,0.023575060354744132,2.881218507007344e-10,0.054444357514639705,4,"1000,1001,1002,1003",59000,200,True
repeat-copy,structural_features,loss,relation,59000,0.007726729992893161,0.01322762867839966,3.9321292191057955e-10,0.030637088739767934,4,"1000,1001,1002,1003",59000,200,True
repeat-copy,structural_features,loss,combined,200,0.6422173068672418,0.0016790343495067556,0.6395035701990127,0.6440006220340728,4,"1000,1001,1002,1003",59000,200,True
repeat-copy,structural_features,loss,combined,400,0.6297424943745136,0.0012693256640293536,0.6280305075645447,0.6314333042502404,4,"1000,1001,1002,1003",59000,200,True
repeat-copy,structural_features,loss,combined,600,0.6194322898238898,0.002866381089536225,0.6144814744591713,0.6213090658187866,4,"1000,1001,1002,1003",59000,200,True
repeat-copy,structural_features,loss,combined,800,0.6105053560435771,0.001570876170982261,0.6089736613631248,0.6131358116865158,4,"1000,1001,1002,1003",59000,200,True
repeat-copy,structural_features,loss,combined,1000,0.6049631749838591,0.003044792038587249,0.6007487142086029,0.6078980088233947,4,"1000,1001,1002,1003",59000,200,True
repeat-copy,structural_features,loss,combined,1200,0.5989582929387689,0.001350800162579272,0.5970848250389099,0.600904007256031,4,"1000,1001,1002,1003",59000,200,True
repeat-copy,structural_features,loss,combined,1400,0.5965914389491082,0.0014323493238015622,0.5944847010076046,0.598197388201952,4,"1000,1001,1002,1003",59000,200,True
repeat-copy,structural_features,loss,combined,1600,0.5920515706017613,0.002411906102212549,0.5892376673221588,0.5954909528791904,4,"1000,1001,1002,1003",59000,200,True
repeat-copy,structural_features,loss,combined,1800,0.5891534326970577,0.00358249011265056,0.5839689131081104,0.5930528941750527,4,"1000,1001,1002,1003",59000,200,True
repeat-copy,structural_features,loss,combined,2000,0.5837873689085245,0.005009554908270005,0.5764229109883309,0.5898696786165237,4,"1000,1001,1002,1003",59000,200,True
repeat-copy,structural_features,loss,combined,2200,0.5847616877779365,0.003823839454977069,0.5794605813920498,0.5892693662643432,4,"1000,1001,1002,1003",59000,200,True
repeat-copy,structural_features,loss,combined,2400,0.5806558120995761,0.006179098113085395,0.571752255409956,0.58860940143466,4,"1000,1001,1002,1003",59000,200,True
repeat-copy,structural_features,loss,combined,2600,0.574476029239595,0.0035133770450046574,0.5686649119853974,0.577769679427147,4,"1000,1001,1002,1003",59000,200,True
repeat-copy,structural_features,loss,combined,2800,0.5754082296788693,0.006184114017013824,0.566895498484373,0.584262789785862,4,"1000,1001,1002,1003",59000,200,True
repeat-copy,structural_features,loss,combined,3000,0.5702414755150675,0.0037816325290209955,0.5666465909779071,0.5765830889344216,4,"1000,1001,1002,1003",59000,200,True
repeat-copy,structural_features,loss,combined,3200,0.5670118167996406,0.004817317113828841,0.560550730228424,0.5738300344347954,4,"1000,1001,1002,1003",59000,200,True
repeat-copy,structural_features,loss,combined,3400,0.56557671058923,0.003423105261524248,0.5604147258400917,0.5696238401532173,4,"1000,1001,1002,1003",59000,200,True
repeat-copy,structural_features,loss,combined,3600,0.5576117443852127,0.006581295966735498,0.5484111751616001,0.5659639215469361,4,"1000,1001,1002,1003",59000,200,True
repeat-copy,structural_features,loss,combined,3800,0.5556513888761401,0.0040603179156103,0.5512565778195858,0.5612358497083187,4,"1000,1001,1002,1003",59000,200,True
repeat-copy,structural_features,loss,combined,4000,0.5538132282346487,0.004374954574377071,0.5495528237521649,0.5610232236981392,4,"1000,1001,1002,1003",59000,200,True
repeat-copy,structural_features,loss,combined,4200,0.5488715467229486,0.003583562324135391,0.543029114305973,0.5527804090082645,4,"1000,1001,1002,1003",59000,200,True
repeat-copy,structural_features,loss,combined,4400,0.5457542307302357,0.003451449154377616,0.541398330181837,0.5510472501814365,4,"1000,1001,1002,1003",59000,200,True
repeat-copy,structural_features,loss,combined,4600,0.5474903907999396,0.0053802163512196,0.5416660325229168,0.5562889340519905,4,"1000,1001,1002,1003",59000,200,True
repeat-copy,structural_features,loss,combined,4800,0.5446116570942104,0.004005588490084338,0.5394591739773751,0.5496690686047078,4,"1000,1001,1002,1003",59000,200,True
repeat-copy,structural_features,loss,combined,5000,0.5414826150611043,0.0042776047733211475,0.5362610484659672,0.5479611200094223,4,"1000,1001,1002,1003",59000,200,True
repeat-copy,structural_features,loss,combined,5200,0.536209499258548,0.004496592557688329,0.5290151937305927,0.5410477195680141,4,"1000,1001,1002,1003",59000,200,True
repeat-copy,structural_features,loss,combined,5400,0.5410838775336743,0.004580299403082172,0.5366575437039137,0.5478423592448235,4,"1000,1001,1002,1003",59000,200,True
repeat-copy,structural_features,loss,combined,5600,0.5351955605298281,0.0058527847718935384,0.5281334695965052,0.5441651464998722,4,"1000,1001,1002,1003",59000,200,True
repeat-copy,structural_features,loss,combined,5800,0.5320493756234645,0.004391435058240838,0.5258808624744415,0.5381846104562282,4,"1000,1001,1002,1003",59000,200,True
repeat-copy,structural_features,loss,combined,6000,0.5327604918926954,0.0065944672756146116,0.5239926685392856,0.5407130558043718,4,"1000,1001,1002,1003",59000,200,True
repeat-copy,structural_features,loss,combined,6200,0.537294249292463,0.006398449085159316,0.5286997500807047,0.5450095027685166,4,"1000,1001,1002,1003",59000,200,True
repeat-copy,structural_features,loss,combined,6400,0.5260777290910482,0.012029365995671148,0.5059670685976744,0.5353743319958448,4,"1000,1001,1002,1003",59000,200,True
repeat-copy,structural_features,loss,combined,6600,0.5055380716361105,0.05376468867716252,0.41268713869154455,0.5431453183293342,4,"1000,1001,1002,1003",59000,200,True
repeat-copy,structural_features,loss,combined,6800,0.46349801909178495,0.11352007041871737,0.2668991181254387,0.5317818087339401,4,"1000,1001,1002,1003",59000,200,True
repeat-copy,structural_features,loss,combined,7000,0.4483548162598163,0.1466347932994049,0.19442283269017935,0.5374863593280316,4,"1000,1001,1002,1003",59000,200,True
repeat-copy,structural_features,loss,combined,7200,0.4331137420819141,0.1784554655809619,0.12403477647341787,0.5379670493304729,4,"1000,1001,1002,1003",59000,200,True
repeat-copy,structural_features,loss,combined,7400,0.4202668130304664,0.19112560138562973,0.08933954570442439,0.5357161708921194,4,"1000,1001,1002,1003",59000,200,True
repeat-copy,structural_features,loss,combined,7600,0.4118505720538087,0.19285556534302592,0.07813785110600292,0.5363535386323929,4,"1000,1001,1002,1003",59000,200,True
repeat-copy,structural_features,loss,combined,7800,0.3969259267288726,0.20242398104080112,0.048969202334992586,0.537703790962696,4,"1000,1001,1002,1003",59000,200,True
repeat-copy,structural_features,loss,combined,8000,0.3787325771804899,0.20330439649932644,0.034423027709126475,0.528705215677619,4,"1000,1001,1002,1003",59000,200,True
repeat-copy,structural_features,loss,combined,8200,0.37238364841323346,0.20335995080292033,0.03202915986999869,0.5324089068174362,4,"1000,1001,1002,1003",59000,200,True
repeat-copy,structural_features,loss,combined,8400,0.3717294647562085,0.20031853141195627,0.03933141798479482,0.5315228892862797,4,"1000,1001,1002,1003",59000,200,True
repeat-copy,structural_features,loss,combined,8600,0.3384668451780454,0.20633005597125204,0.02179633917286992,0.5305255904048681,4,"1000,1001,1002,1003",59000,200,True
repeat-copy,structural_features,loss,combined,8800,0.3125410606744117,0.22166209273114812,0.01587034701718949,0.5332624980062246,4,"1000,1001,1002,1003",59000,200,True
repeat-copy,structural_features,loss,combined,9000,0.3104631477766088,0.21676942524557705,0.01591074186726473,0.5233768195286393,4,"1000,1001,1002,1003",59000,200,True
repeat-copy,structural_features,loss,combined,9200,0.33527398212638215,0.20604671957702264,0.016055306617636232,0.5233877073973418,4,"1000,1001,1002,1003",59000,200,True
repeat-copy,structural_features,loss,combined,9400,0.2950721543384134,0.22373376517078353,0.014430209830170498,0.5160777740925551,4,"1000,1001,1002,1003",59000,200,True
repeat-copy,structural_features,loss,combined,9600,0.28680439406394725,0.23522778197488023,0.011776276970049366,0.5203725605458022,4,"1000,1001,1002,1003",59000,200,True
repeat-copy,structural_features,loss,combined,9800,0.28458932541674586,0.22182730754013066,0.04286000706779305,0.509857469201088,4,"1000,1001,1002,1003",59000,200,True
repeat-copy,structural_features,loss,combined,10000,0.27283470802751253,0.2405980643819223,0.011743158317985945,0.5167053064703941,4,"1000,1001,1002,1003",59000,200,True
repeat-copy,structural_features,loss,combined,10200,0.26727692806583947,0.23673894779961674,0.010079284764942712,0.5220861767232418,4,"1000,1001,1002,1003",59000,200,True
repeat-copy,structural_features,loss,combined,10400,0.22971520736624368,0.21653333399831898,0.009110215999535286,0.5149068950489163,4,"1000,1001,1002,1003",59000,200,True
repeat-copy,structural_features,loss,combined,10600,0.19741778403302307,0.20226408932682158,0.008528392229345627,0.5151698974519968,4,"1000,1001,1002,1003",59000,200,True
repeat-copy,structural_features,loss,combined,10800,0.18001688952193945,0.19222682767109237,0.009361350305262021,0.4965157077461481,4,"1000,1001,1002,1003",59000,200,True
repeat-copy,structural_features,loss,combined,11000,0.19140594335563946,0.18601560454337854,0.029413366923108697,0.5036175546050071,4,"1000,1001,1002,1003",59000,200,True
repeat-copy,structural_features,loss,combined,11200,0.15594131758247387,0.20315244260995002,0.00852432357321959,0.5062407274544239,4,"1000,1001,1002,1003",59000,200,True
repeat-copy,structural_features,loss,combined,11400,0.1376915806486795,0.2112250960194113,0.003570770652149804,0.5033044831454754,4,"1000,1001,1002,1003",59000,200,True
repeat-copy,structural_features,loss,combined,11600,0.14129072941155754,0.20257893793062134,0.006448371781152673,0.49146912299096585,4,"1000,1001,1002,1003",59000,200,True
repeat-copy,structural_features,loss,combined,11800,0.1653746392625544,0.1870519176855501,0.0036536027367401404,0.4833371724188328,4,"1000,1001,1002,1003",59000,200,True
repeat-copy,structural_features,loss,combined,12000,0.13282522316367248,0.2035568822868177,0.003267100402736105,0.4851371810212731,4,"1000,1001,1002,1003",59000,200,True
repeat-copy,structural_features,loss,combined,12200,0.14357654247156462,0.19686769781315644,0.018172392124542965,0.4841523276269436,4,"1000,1001,1002,1003",59000,200,True
repeat-copy,structural_features,loss,combined,12400,0.1437514175306569,0.19056625620190235,0.004307048230839427,0.46913363952189685,4,"1000,1001,1002,1003",59000,200,True
repeat-copy,structural_features,loss,combined,12600,0.12535157366641214,0.19732133416152714,0.008460753347026184,0.46709895800799134,4,"1000,1001,1002,1003",59000,200,True
repeat-copy,structural_features,loss,combined,12800,0.1295985799787377,0.2081399262573765,0.00557335090401466,0.4900642557814717,4,"1000,1001,1002,1003",59000,200,True
repeat-copy,structural_features,loss,combined,13000,0.12631429311879402,0.1885875638296536,0.0013125941897305894,0.4516723889112473,4,"1000,1001,1002,1003",59000,200,True
repeat-copy,structural_features,loss,combined,13200,0.12673929088172373,0.18786572255052025,0.005173617672917317,0.4510284661129117,4,"1000,1001,1002,1003",59000,200,True
repeat-copy,structural_features,loss,combined,13400,0.12601116274441665,0.18518672322060095,0.004990290111163631,0.44566240375861527,4,"1000,1001,1002,1003",59000,200,True
repeat-copy,structural_features,loss,combined,13600,0.10735769125793013,0.17370473922711968,0.004315579229441937,0.4082083659619093,4,"1000,1001,1002,1003",59000,200,True
repeat-copy,structural_features,loss,combined,13800,0.10657447521112771,0.17504386672341685,0.0026324708708852997,0.4097356317937374,4,"1000,1001,1002,1003",59000,200,True
repeat-copy,structural_features,loss,combined,14000,0.09986392225971939,0.14877633737953674,0.0033857070752128494,0.356653715968132,4,"1000,1001,1002,1003",59000,200,True
repeat-copy,structural_features,loss,combined,14200,0.08080982375602616,0.12614460152112086,0.0010661997344868722,0.29894412610679866,4,"1000,1001,1002,1003",59000,200,True
repeat-copy,structural_features,loss,combined,14400,0.05541852149130136,0.08569484710914488,0.0033732388155476656,0.2037554894387722,4,"1000,1001,1002,1003",59000,200,True
repeat-copy,structural_features,loss,combined,14600,0.043006745828770364,0.06689066090860755,0.0023065377443708714,0.15881390664726497,4,"1000,1001,1002,1003",59000,200,True
repeat-copy,structural_features,loss,combined,14800,0.05158193073051734,0.0545487348215668,0.009045267969486303,0.1446668716520071,4,"1000,1001,1002,1003",59000,200,True
repeat-copy,structural_features,loss,combined,15000,0.03554164928691535,0.04902659969188934,0.002319122562548728,0.11977381745353341,4,"1000,1001,1002,1003",59000,200,True
repeat-copy,structural_features,loss,combined,15200,0.019405223370790738,0.027144357748702323,0.0025959058172702497,0.06638284027576447,4,"1000,1001,1002,1003",59000,200,True
repeat-copy,structural_features,loss,combined,15400,0.02008948754144512,0.018317466962760962,0.00445281325824908,0.04958270015195012,4,"1000,1001,1002,1003",59000,200,True
repeat-copy,structural_features,loss,combined,15600,0.014061802901869667,0.014904053074551784,0.0009478061384288595,0.037274890174157915,4,"1000,1001,1002,1003",59000,200,True
repeat-copy,structural_features,loss,combined,15800,0.008063399172110622,0.010427245615382887,0.00036131724693404976,0.026007978287525477,4,"1000,1001,1002,1003",59000,200,True
repeat-copy,structural_features,loss,combined,16000,0.01064423117383285,0.009318868325073167,0.0017358375316325692,0.02583251242293045,4,"1000,1001,1002,1003",59000,200,True
repeat-copy,structural_features,loss,combined,16200,0.009166557402841136,0.009698590801023674,0.0014970613258265075,0.025412073626648636,4,"1000,1001,1002,1003",59000,200,True
repeat-copy,structural_features,loss,combined,16400,0.014877572759573921,0.011157201064134535,0.004253606210095313,0.032906173514638794,4,"1000,1001,1002,1003",59000,200,True
repeat-copy,structural_features,loss,combined,16600,0.008884946460748324,0.012239209839230278,0.000790659137583134,0.030044775167480112,4,"1000,1001,1002,1003",59000,200,True
repeat-copy,structural_features,loss,combined,16800,0.006865365535941237,0.004135614100979889,0.0006716283797686629,0.010714682182879187,4,"1000,1001,1002,1003",59000,200,True
repeat-copy,structural_features,loss,combined,17000,0.006465714857927196,0.004456073466476715,0.0019784384145532384,0.01203232593019493,4,"1000,1001,1002,1003",59000,200,True
repeat-copy,structural_features,loss,combined,17200,0.005113804178390638,0.002595612283788535,0.0026532284592667567,0.008767435140907765,4,"1000,1001,1002,1003",59000,200,True
repeat-copy,structural_features,loss,combined,17400,0.005755421299168119,0.0019266531568501396,0.0031184686328833778,0.00812225311587099,4,"1000,1001,1002,1003",59000,200,True
repeat-copy,structural_features,loss,combined,17600,0.008890640137399259,0.006424904037697857,0.0023583746523490844,0.016835014995158416,4,"1000,1001,1002,1003",59000,200,True
repeat-copy,structural_features,loss,combined,17800,0.003382547322635219,0.003198302219239162,0.0012033075817635109,0.0088940956548322,4,"1000,1001,1002,1003",59000,200,True
repeat-copy,structural_features,loss,combined,18000,0.00639986009864515,0.004992821496631723,0.0022982682196015956,0.014898277648317162,4,"1000,1001,1002,1003",59000,200,True
repeat-copy,structural_features,loss,combined,18200,0.004197377076329758,0.003287878684193784,0.0016949251649748475,0.009812471417826601,4,"1000,1001,1002,1003",59000,200,True
repeat-copy,structural_features,loss,combined,18400,0.010733862949253988,0.01111333775912323,0.002293637444486194,0.029520646252967707,4,"1000,1001,1002,1003",59000,200,True
repeat-copy,structural_features,loss,combined,18600,0.006916801366717209,0.006534204795393342,0.00034689942066506773,0.017146043011380244,4,"1000,1001,1002,1003",59000,200,True
repeat-copy,structural_features,loss,combined,18800,0.00423772329071312,0.0024865855457726054,0.00182760101866279,0.007863539608215432,4,"1000,1001,1002,1003",59000,200,True
repeat-copy,structural_features,loss,combined,19000,0.0015415802044242356,0.00144497987466273,8.198099720630126e-05,0.0029963866394246,4,"1000,1001,1002,1003",59000,200,True
repeat-copy,structural_features,loss,combined,19200,0.02979350655850112,0.04919442379816325,0.000417301155084715,0.11498982171319767,4,"1000,1001,1002,1003",59000,200,True
repeat-copy,structural_features,loss,combined,19400,0.0033589633829083708,0.002106950989930196,1.0664693569424344e-05,0.005817048817680188,4,"1000,1001,1002,1003",59000,200,True
repeat-copy,structural_features,loss,combined,19600,0.003152687887346417,0.00171628970235686,0.0012046980847480882,0.005786797219243454,4,"1000,1001,1002,1003",59000,200,True
repeat-copy,structural_features,loss,combined,19800,0.001998258467068581,0.0001632168493530195,0.0018462708999140887,0.0022736501285544365,4,"1000,1001,1002,1003",59000,200,True
repeat-copy,structural_features,loss,combined,20000,0.0038961586491106457,0.002168000636770003,0.0010348868550318002,0.007097292622391933,4,"1000,1001,1002,1003",59000,200,True
repeat-copy,structural_features,loss,combined,20200,0.013188082822077831,0.017966360483039442,0.0013084544286175515,0.04424108468898339,4,"1000,1001,1002,1003",59000,200,True
repeat-copy,structural_features,loss,combined,20400,0.00656239570964459,0.007006746043366156,0.00041518503713746215,0.018437599111857706,4,"1000,1001,1002,1003",59000,200,True
repeat-copy,structural_features,loss,combined,20600,0.006170907223211088,0.006902538961999825,0.0003745341302237648,0.01748882996616885,4,"1000,1001,1002,1003",59000,200,True
repeat-copy,structural_features,loss,combined,20800,0.0015714240048743024,0.0008664703761412703,0.000695965591305594,0.0029632347380538705,4,"1000,1001,1002,1003",59000,200,True
repeat-copy,structural_features,loss,combined,21000,0.0017260384234464255,0.0016844279187564711,7.627752951520961e-05,0.004458627677740879,4,"1000,1001,1002,1003",59000,200,True
repeat-copy,structural_features,loss,combined,21200,0.05498705734646066,0.09134664859961707,0.0012315355811733752,0.21319965405138647,4,"1000,1001,1002,1003",59000,200,True
repeat-copy,structural_features,loss,combined,21400,0.008852780922571597,0.008652818834311453,2.684301584537252e-05,0.018322145848942456,4,"1000,1001,1002,1003",59000,200,True
repeat-copy,structural_features,loss,combined,21600,0.0008640022670632064,0.0007633825993676801,1.284925723012975e-06,0.002095006279996596,4,"1000,1001,1002,1003",59000,200,True
repeat-copy,structural_features,loss,combined,21800,0.0011676194256529282,0.0005883654158653282,0.00038959160003752656,0.0018874693149336962,4,"1000,1001,1002,1003",59000,200,True
repeat-copy,structural_features,loss,combined,22000,0.002916577256062904,0.0017257088064230998,0.0009152291791087919,0.005676763468075236,4,"1000,1001,1002,1003",59000,200,True
repeat-copy,structural_features,loss,combined,22200,0.00454198780225898,0.007278775270307281,8.388426166675345e-05,0.01714458288329027,4,"1000,1001,1002,1003",59000,200,True
repeat-copy,structural_features,loss,combined,22400,0.017768117916612952,0.012514938455692693,0.002209949114496794,0.03309160302285363,4,"1000,1001,1002,1003",59000,200,True
repeat-copy,structural_features,loss,combined,22600,0.016783009144683236,0.023757398549818166,0.0022613506738298384,0.05790054537053948,4,"1000,1001,1002,1003",59000,200,True
repeat-copy,structural_features,loss,combined,22800,0.049880389213903586,0.08095080483902106,2.210032074145829e-06,0.1900215919310358,4,"1000,1001,1002,1003",59000,200,True
repeat-copy,structural_features,loss,combined,23000,0.02174567531036217,0.036494813570454025,5.394023093963085e-07,0.08494138151596417,4,"1000,1001,1002,1003",59000,200,True
repeat-copy,structural_features,loss,combined,23200,0.022639384487294426,0.016678434537081278,0.002735969646232661,0.0478082607131455,4,"1000,1001,1002,1003",59000,200,True
repeat-copy,structural_features,loss,combined,23400,0.0034502772178328558,0.004147106479792347,5.249186891091995e-05,0.010285609030761407,4,"1000,1001,1002,1003",59000,200,True
repeat-copy,structural_features,loss,combined,23600,0.022274542297831407,0.02788004272056476,1.0103503128888747e-06,0.06882196422216566,4,"1000,1001,1002,1003",59000,200,True
repeat-copy,structural_features,loss,combined,23800,0.00315766431028194,0.0008416103344087003,0.0019356950616111134,0.004028166126018373,4,"1000,1001,1002,1003",59000,200,True
repeat-copy,structural_features,loss,combined,24000,0.0016651932756358077,0.0011092690553279052,1.9264756772372494e-05,0.002931829465233022,4,"1000,1001,1002,1003",59000,200,True
repeat-copy,structural_features,loss,combined,24200,0.00855900619355733,0.012739045733314013,7.581020579294773e-06,0.030580069480547537,4,"1000,1001,1002,1003",59000,200,True
repeat-copy,structural_features,loss,combined,24400,0.038690311848894196,0.06518984108409712,1.553796486604142e-06,0.15159404950911268,4,"1000,1001,1002,1003",59000,200,True
repeat-copy,structural_features,loss,combined,24600,0.002508299475665954,0.0017911110666887367,1.900780538278468e-05,0.004871526531715063,4,"1000,1001,1002,1003",59000,200,True
repeat-copy,structural_features,loss,combined,24800,0.0006117559223771796,0.0004554295411616957,6.890299977513336e-07,0.0010624466486297023,4,"1000,1001,1002,1003",59000,200,True
repeat-copy,structural_features,loss,combined,25000,0.0008355031934745493,0.0007442875774511117,4.715840065152577e-06,0.0018079811099596555,4,"1000,1001,1002,1003",59000,200,True
repeat-copy,structural_features,loss,combined,25200,0.02887249699717241,0.04537964275001617,0.00011099458424141062,0.10739473893283048,4,"1000,1001,1002,1003",59000,200,True
repeat-copy,structural_features,loss,combined,25400,0.004161210491989861,0.004213064741051364,4.099960667986125e-05,0.011169184287390745,4,"1000,1001,1002,1003",59000,200,True
repeat-copy,structural_features,loss,combined,25600,0.0005047208781539947,0.0007436831884591772,6.316935585712002e-05,0.0017927384776908184,4,"1000,1001,1002,1003",59000,200,True
repeat-copy,structural_features,loss,combined,25800,0.00440135548268505,0.006531545774381128,6.050651906157611e-06,0.015689164081659327,4,"1000,1001,1002,1003",59000,200,True
repeat-copy,structural_features,loss,combined,26000,0.0003312166115532955,0.0002702788597667882,4.62017207301102e-07,0.0007451650252687614,4,"1000,1001,1002,1003",59000,200,True
repeat-copy,structural_features,loss,combined,26200,0.010967026261720048,0.01582820505167208,0.00013682460909649307,0.038227669199563934,4,"1000,1001,1002,1003",59000,200,True
repeat-copy,structural_features,loss,combined,26400,0.0014587604454972803,0.0015219107253392503,3.4373357029160443e-07,0.0036575258547509293,4,"1000,1001,1002,1003",59000,200,True
repeat-copy,structural_features,loss,combined,26600,0.0018466539843219698,0.002265652869136319,9.027399089973188e-05,0.005740641417792176,4,"1000,1001,1002,1003",59000,200,True
repeat-copy,structural_features,loss,combined,26800,0.001903844513705497,0.0023079235641581737,1.853888006515092e-05,0.00585288422663325,4,"1000,1001,1002,1003",59000,200,True
repeat-copy,structural_features,loss,combined,27000,0.0010079506745849277,0.0014175148767412232,4.059789694466076e-07,0.0034471063291840664,4,"1000,1001,1002,1003",59000,200,True
repeat-copy,structural_features,loss,combined,27200,9.295094606428356e-05,7.951023882809676e-05,8.811785985551879e-08,0.00020122335675750946,4,"1000,1001,1002,1003",59000,200,True
repeat-copy,structural_features,loss,combined,27400,0.014259918062076632,0.024068175498394486,0.000130649540544141,0.05594618537689204,4,"1000,1001,1002,1003",59000,200,True
repeat-copy,structural_features,loss,combined,27600,0.002798750086822321,0.0020988997955711363,6.702653483605658e-06,0.005162073769459994,4,"1000,1001,1002,1003",59000,200,True
repeat-copy,structural_features,loss,combined,27800,0.028809923458607715,0.03129986898447855,1.687514893887965e-05,0.08141066566932295,4,"1000,1001,1002,1003",59000,200,True
repeat-copy,structural_features,loss,combined,28000,0.015849877509209916,0.02741136140925992,1.4773031773707146e-06,0.06332773094543881,4,"1000,1001,1002,1003",59000,200,True
repeat-copy,structural_features,loss,combined,28200,0.01558550001876588,0.020785181884448216,0.0017500405796022278,0.051469723678392254,4,"1000,1001,1002,1003",59000,200,True
repeat-copy,structural_features,loss,combined,28400,0.006009343402920946,0.006521702857452541,0.0007434338767109239,0.017182405446019403,4,"1000,1001,1002,1003",59000,200,True
repeat-copy,structural_features,loss,combined,28600,0.0004278406987724448,0.00042104289623931226,9.369115591750799e-07,0.0009277929251538808,4,"1000,1001,1002,1003",59000,200,True
repeat-copy,structural_features,loss,combined,28800,0.0010725870588286857,0.0013383916434864052,1.2611463170220106e-07,0.003365369852392632,4,"1000,1001,1002,1003",59000,200,True
repeat-copy,structural_features,loss,combined,29000,0.0001432444279036907,0.000137123172182377,4.6423980096932385e-06,0.0002998207716109391,4,"1000,1001,1002,1003",59000,200,True
repeat-copy,structural_features,loss,combined,29200,0.01214331675294083,0.01816981519679405,2.376972851436676e-05,0.04340842971280806,4,"1000,1001,1002,1003",59000,200,True
repeat-copy,structural_features,loss,combined,29400,0.008689730557229963,0.014758829120129798,1.9753041001706606e-05,0.03425138482344664,4,"1000,1001,1002,1003",59000,200,True
repeat-copy,structural_features,loss,combined,29600,0.00038944411015098997,0.00039735196046920915,2.1521353424036605e-07,0.0010198769450516566,4,"1000,1001,1002,1003",59000,200,True
repeat-copy,structural_features,loss,combined,29800,0.0015261243988600112,0.001503170794245869,2.301427039164139e-08,0.003853759252749853,4,"1000,1001,1002,1003",59000,200,True
repeat-copy,structural_features,loss,combined,30000,0.004013400098900336,0.006921884640472107,1.2196977460521286e-08,0.016002435516770105,4,"1000,1001,1002,1003",59000,200,True
repeat-copy,structural_features,loss,combined,30200,0.004916971002640815,0.0046838241198154254,3.492626123730025e-09,0.011762088127115931,4,"1000,1001,1002,1003",59000,200,True
repeat-copy,structural_features,loss,combined,30400,0.002695544330181113,0.0032467194043775544,2.4434575568443862e-09,0.008218358137655172,4,"1000,1001,1002,1003",59000,200,True
repeat-copy,structural_features,loss,combined,30600,0.001928915242556165,0.0014942014187045668,1.5322400187881003e-09,0.004170658639934572,4,"1000,1001,1002,1003",59000,200,True
repeat-copy,structural_features,loss,combined,30800,0.0006389756502620816,0.0006395661262573895,1.5927724305794811e-09,0.0014680118960700385,4,"1000,1001,1002,1003",59000,200,True
repeat-copy,structural_features,loss,combined,31000,0.0011036587194761657,0.001367200391344612,1.0530582442158653e-09,0.0034290320811408035,4,"1000,1001,1002,1003",59000,200,True
repeat-copy,structural_features,loss,combined,31200,0.009767729292897029,0.012219769667729164,1.8987006907087573e-09,0.03056605299490741,4,"1000,1001,1002,1003",59000,200,True
repeat-copy,structural_features,loss,combined,31400,1.4046802708928304e-05,9.597119353241203e-06,1.9096005811174153e-09,2.305167127929053e-05,4,"1000,1001,1002,1003",59000,200,True
repeat-copy,structural_features,loss,combined,31600,0.0020014999371544403,0.0026273771791472398,4.167662292573482e-06,0.006414867473611431,4,"1000,1001,1002,1003",59000,200,True
repeat-copy,structural_features,loss,combined,31800,0.0006248678352573634,0.001070808324874242,6.20349620119448e-08,0.0024795224705507126,4,"1000,1001,1002,1003",59000,200,True
repeat-copy,structural_features,loss,combined,32000,0.0045266728246356296,0.00761608404166497,4.53109980017366e-07,0.017715273933407615,4,"1000,1001,1002,1003",59000,200,True
repeat-copy,structural_features,loss,combined,32200,0.000728008816391267,0.001236184625542038,3.75241080922864e-06,0.0028690456452994794,4,"1000,1001,1002,1003",59000,200,True
repeat-copy,structural_features,loss,combined,32400,0.0006922431861368342,0.0003869630877563767,0.00028649262263037657,0.0013058733839855564,4,"1000,1001,1002,1003",59000,200,True
repeat-copy,structural_features,loss,combined,32600,0.08479451609093025,0.1462309558732063,2.6083710077673405e-08,0.3380727649081451,4,"1000,1001,1002,1003",59000,200,True
repeat-copy,structural_features,loss,combined,32800,0.17192258486245032,0.2977366003410004,8.546788565141905e-09,0.6876175018103732,4,"1000,1001,1002,1003",59000,200,True
repeat-copy,structural_features,loss,combined,33000,0.012652235375184624,0.016722341045729745,9.764150418959616e-05,0.041354529650302535,4,"1000,1001,1002,1003",59000,200,True
repeat-copy,structural_features,loss,combined,33200,0.014043587027662672,0.023254713091994988,0.0002386891510069944,0.05431991898197566,4,"1000,1001,1002,1003",59000,200,True
repeat-copy,structural_features,loss,combined,33400,0.002105668596862287,0.0020864463123975723,5.711054933897231e-05,0.005368816961258247,4,"1000,1001,1002,1003",59000,200,True
repeat-copy,structural_features,loss,combined,33600,0.0036995852026962097,0.004986706400862391,0.00021963504372365605,0.0122959247277727,4,"1000,1001,1002,1003",59000,200,True
repeat-copy,structural_features,loss,combined,33800,0.0007022558558030345,0.0008461146244611042,1.008276991207424e-05,0.0020833241540747726,4,"1000,1001,1002,1003",59000,200,True
repeat-copy,structural_features,loss,combined,34000,0.0016924160034341405,0.0025011106574165587,6.040377369664895e-07,0.005989796170233035,4,"1000,1001,1002,1003",59000,200,True
repeat-copy,structural_features,loss,combined,34200,0.0001683097726365024,0.00021199762876862368,1.2253699392639205e-06,0.0005210651461994509,4,"1000,1001,1002,1003",59000,200,True
repeat-copy,structural_features,loss,combined,34400,0.0039442950212691796,0.004684909935541908,1.2054233186802321e-05,0.011585912590126472,4,"1000,1001,1002,1003",59000,200,True
repeat-copy,structural_features,loss,combined,34600,0.0014924293058488824,0.0023160485073109986,5.639219750470659e-06,0.005490772703255686,4,"1000,1001,1002,1003",59000,200,True
repeat-copy,structural_features,loss,combined,34800,0.00685071680946012,0.011427096774860878,9.597871949562632e-07,0.026641184942768206,4,"1000,1001,1002,1003",59000,200,True
repeat-copy,structural_features,loss,combined,35000,0.00010022028542726547,0.00010659682898847936,1.5675746997123597e-07,0.00026150259598793467,4,"1000,1001,1002,1003",59000,200,True
repeat-copy,structural_features,loss,combined,35200,0.0039423800292077565,0.00432825545176775,3.80907336045011e-08,0.01109804086026351,4,"1000,1001,1002,1003",59000,200,True
repeat-copy,structural_features,loss,combined,35400,0.000679114088471359,0.0011387446927901685,1.590708749917985e-06,0.0026513552456393086,4,"1000,1001,1002,1003",59000,200,True
repeat-copy,structural_features,loss,combined,35600,0.002990113090165095,0.004059546343781411,3.119300467595565e-06,0.00986500696899732,4,"1000,1001,1002,1003",59000,200,True
repeat-copy,structural_features,loss,combined,35800,0.011032665879813967,0.017289028569263662,8.984030009762112e-08,0.040892897057946555,4,"1000,1001,1002,1003",59000,200,True
repeat-copy,structural_features,loss,combined,36000,0.012606672123366663,0.021167614310440612,1.2620393658180352e-08,0.04926093150874337,4,"1000,1001,1002,1003",59000,200,True
repeat-copy,structural_features,loss,combined,36200,2.680970734628288e-06,3.321591115749674e-06,3.912684703490099e-09,8.298799680304113e-06,4,"1000,1001,1002,1003",59000,200,True
repeat-copy,structural_features,loss,combined,36400,0.0012035583737218974,0.001171213125180739,2.2811309262696365e-09,0.0027321700582530715,4,"1000,1001,1002,1003",59000,200,True
repeat-copy,structural_features,loss,combined,36600,0.0002915358805713149,0.00031480312930859405,1.4688462208686803e-09,0.000765546248672706,4,"1000,1001,1002,1003",59000,200,True
repeat-copy,structural_features,loss,combined,36800,0.0016152878585486315,0.0010546564998868977,3.1017490949949434e-05,0.002879475003612839,4,"1000,1001,1002,1003",59000,200,True
repeat-copy,structural_features,loss,combined,37000,0.01924414919180881,0.03256924657004645,8.485193222824706e-06,0.07565386708412532,4,"1000,1001,1002,1003",59000,200,True
repeat-copy,structural_features,loss,combined,37200,0.0003147076853049452,0.0005053514656628321,1.0222495723244407e-08,0.0011889443135703458,4,"1000,1001,1002,1003",59000,200,True
repeat-copy,structural_features,loss,combined,37400,0.00033469621025138357,0.00027918183585317523,1.1523038210767278e-08,0.0007312355503068346,4,"1000,1001,1002,1003",59000,200,True
repeat-copy,structural_features,loss,combined,37600,0.0014619876655354955,0.0018993766877464942,1.7866940804633913e-09,0.004639026692940433,4,"1000,1001,1002,1003",59000,200,True
repeat-copy,structural_features,loss,combined,37800,0.02185529725013297,0.034812699779067965,1.2113399018923165e-09,0.08203506388871958,4,"1000,1001,1002,1003",59000,200,True
repeat-copy,structural_features,loss,combined,38000,0.002287032044170927,0.003700492092032028,8.038944905326001e-10,0.00868897676455262,4,"1000,1001,1002,1003",59000,200,True
repeat-copy,structural_features,loss,combined,38200,8.71067713351981e-06,9.514493499908657e-06,8.259753277086585e-10,2.4151967007810526e-05,4,"1000,1001,1002,1003",59000,200,True
repeat-copy,structural_features,loss,combined,38400,0.06878671608346976,0.11887717828434768,1.0502634597946147e-09,0.27468778415768835,4,"1000,1001,1002,1003",59000,200,True
repeat-copy,structural_features,loss,combined,38600,0.008267925056784621,0.009544969396601499,6.336694382234886e-10,0.024353047131090905,4,"1000,1001,1002,1003",59000,200,True
repeat-copy,structural_features,loss,combined,38800,0.0006202628665909163,0.0009487124906117093,6.286276086134302e-10,0.0022559241377495456,4,"1000,1001,1002,1003",59000,200,True
repeat-copy,structural_features,loss,combined,39000,3.052515706657468e-05,4.430060661402843e-05,6.913138964276602e-10,0.00010699043587244716,4,"1000,1001,1002,1003",59000,200,True
repeat-copy,structural_features,loss,combined,39200,0.00021220084812370943,0.00036327710001719235,4.6478012638226374e-10,0.0008414044569752832,4,"1000,1001,1002,1003",59000,200,True
repeat-copy,structural_features,loss,combined,39400,0.0007630235277505187,0.0008667466350709338,5.338003085018049e-10,0.002203826423848447,4,"1000,1001,1002,1003",59000,200,True
repeat-copy,structural_features,loss,combined,39600,0.0009241619229675277,0.0006127700666861612,2.890361360842475e-10,0.0016813458953114236,4,"1000,1001,1002,1003",59000,200,True
repeat-copy,structural_features,loss,combined,39800,0.00020408157830896872,0.0003442924180028463,4.638501976354098e-10,0.0008003321969324872,4,"1000,1001,1002,1003",59000,200,True
repeat-copy,structural_features,loss,combined,40000,0.01770638429445934,0.026915663885585143,5.09928381872346e-10,0.06408617301292117,4,"1000,1001,1002,1003",59000,200,True
repeat-copy,structural_features,loss,combined,40200,0.0005344262118015332,0.0007960043054281906,3.052640722492339e-10,0.0019093325600232447,4,"1000,1001,1002,1003",59000,200,True
repeat-copy,structural_features,loss,combined,40400,0.0002043010583211575,0.0003519942282685967,5.227940238919718e-10,0.0008139718388190076,4,"1000,1001,1002,1003",59000,200,True
repeat-copy,structural_features,loss,combined,40600,0.0012401706033011066,0.0008169994089721336,4.356240725696819e-09,0.002147900659150448,4,"1000,1001,1002,1003",59000,200,True
repeat-copy,structural_features,loss,combined,40800,0.014345994108769565,0.024031623009916035,3.7326632050849185e-06,0.05595798113711095,4,"1000,1001,1002,1003",59000,200,True
repeat-copy,structural_features,loss,combined,41000,0.00230074781177705,0.0028993969538629667,4.298995966434127e-09,0.00711705592981076,4,"1000,1001,1002,1003",59000,200,True
repeat-copy,structural_features,loss,combined,41200,0.002763629624715402,0.004497115164980919,3.9671721459300095e-09,0.010550749277611383,4,"1000,1001,1002,1003",59000,200,True
repeat-copy,structural_features,loss,combined,41400,0.0001575794901548395,0.00027146632766934884,6.950744227754436e-10,0.0006277720424611033,4,"1000,1001,1002,1003",59000,200,True
repeat-copy,structural_features,loss,combined,41600,0.00019177616530453764,0.000327913412352261,6.190115782456207e-10,0.0007597188555626211,4,"1000,1001,1002,1003",59000,200,True
repeat-copy,structural_features,loss,combined,41800,0.014901534248903217,0.02565004030503031,3.0083525920376886e-10,0.05932828298856764,4,"1000,1001,1002,1003",59000,200,True
repeat-copy,structural_features,loss,combined,42000,0.011750897460443648,0.019383335424756745,4.4193054937746724e-10,0.045304664710937886,4,"1000,1001,1002,1003",59000,200,True
repeat-copy,structural_features,loss,combined,42200,0.019963376630211797,0.020965730061923232,2.764078769687539e-10,0.04929344027893329,4,"1000,1001,1002,1003",59000,200,True
repeat-copy,structural_features,loss,combined,42400,3.0236019653228453e-06,2.4174524645538715e-06,2.860951694820535e-10,6.659827179866795e-06,4,"1000,1001,1002,1003",59000,200,True
repeat-copy,structural_features,loss,combined,42600,0.00235331045985701,0.0015142175229217244,4.586711106584207e-10,0.004220554308475428,4,"1000,1001,1002,1003",59000,200,True
repeat-copy,structural_features,loss,combined,42800,0.0003016962129944884,0.00047069086880258663,2.769540816397777e-07,0.0011148812778209204,4,"1000,1001,1002,1003",59000,200,True
repeat-copy,structural_features,loss,combined,43000,0.04749789321071463,0.07912857067492733,5.466358494814472e-05,0.18450204218400498,4,"1000,1001,1002,1003",59000,200,True
repeat-copy,structural_features,loss,combined,43200,0.0010057536304816813,0.0017398286196422784,3.4893635841217604e-08,0.004019224650609487,4,"1000,1001,1002,1003",59000,200,True
repeat-copy,structural_features,loss,combined,43400,0.0008841439772683556,0.0014323430113011178,1.7073697473500223e-08,0.0033639484810298547,4,"1000,1001,1002,1003",59000,200,True
repeat-copy,structural_features,loss,combined,43600,0.00027779142081241513,0.0002855027705126495,1.101479950261705e-09,0.000717088176030245,4,"1000,1001,1002,1003",59000,200,True
repeat-copy,structural_features,loss,combined,43800,7.0753975541655e-05,0.0001194426445231292,7.509927600884286e-10,0.00027762477635889126,4,"1000,1001,1002,1003",59000,200,True
repeat-copy,structural_features,loss,combined,44000,0.00014206556058460367,0.00024486367748168566,4.571486981932299e-10,0.000566181179579317,4,"1000,1001,1002,1003",59000,200,True
repeat-copy,structural_features,loss,combined,44200,0.020779542889388214,0.03572824174176296,2.845780848470536e-10,0.08266183406531936,4,"1000,1001,1002,1003",59000,200,True
repeat-copy,structural_features,loss,combined,44400,0.0002641402339267444,0.00042358113517273734,3.48820560730316e-10,0.0009966018239106766,4,"1000,1001,1002,1003",59000,200,True
repeat-copy,structural_features,loss,combined,44600,0.0021683991227970144,0.0025069476916197825,3.8218647563544037e-10,0.0061299152409767,4,"1000,1001,1002,1003",59000,200,True
repeat-copy,structural_features,loss,combined,44800,0.0006663563982965876,0.0006717425967030781,3.1155042750502514e-10,0.0014533341036703008,4,"1000,1001,1002,1003",59000,200,True
repeat-copy,structural_features,loss,combined,45000,0.0003059515108425814,0.0004431992249475837,1.929749557719185e-10,0.0010712180705313879,4,"1000,1001,1002,1003",59000,200,True
repeat-copy,structural_features,loss,combined,45200,0.0067181252782459525,0.009546108610150079,2.6964635031767605e-10,0.023201439350030384,4,"1000,1001,1002,1003",59000,200,True
repeat-copy,structural_features,loss,combined,45400,0.0004643284522533146,0.0007641983266214317,4.683978974053815e-06,0.0017874993261904138,4,"1000,1001,1002,1003",59000,200,True
repeat-copy,structural_features,loss,combined,45600,0.006490846089598557,0.011091204775333928,2.259714028589599e-06,0.025700824069710783,4,"1000,1001,1002,1003",59000,200,True
repeat-copy,structural_features,loss,combined,45800,0.00020774168726131462,0.0003583324854403124,2.662990192324466e-08,0.0008283908954116192,4,"1000,1001,1002,1003",59000,200,True
repeat-copy,structural_features,loss,combined,46000,0.000527885299615078,0.0009103851782662723,8.586857134923465e-09,0.002104714994785448,4,"1000,1001,1002,1003",59000,200,True
repeat-copy,structural_features,loss,combined,46200,0.029847815948696187,0.05145538311821536,6.950855482770052e-10,0.1189706819101119,4,"1000,1001,1002,1003",59000,200,True
repeat-copy,structural_features,loss,combined,46400,0.0003989679707788918,0.0004722908409639054,6.315397581800608e-10,0.0011650803653454034,4,"1000,1001,1002,1003",59000,200,True
repeat-copy,structural_features,loss,combined,46600,0.0005222903586244346,0.000865463372931398,3.5241150576567364e-10,0.0020205583542513583,4,"1000,1001,1002,1003",59000,200,True
repeat-copy,structural_features,loss,combined,46800,0.0004603098478000278,0.0007943899492904138,2.4890366192827434e-10,0.0018362317196553902,4,"1000,1001,1002,1003",59000,200,True
repeat-copy,structural_features,loss,combined,47000,0.00022718088672204098,0.00039170807934478644,2.0682043425958307e-10,0.0009056382269591357,4,"1000,1001,1002,1003",59000,200,True
repeat-copy,structural_features,loss,combined,47200,1.0930257067965015e-06,9.010247879963353e-07,2.2076039005516912e-10,2.155930539256001e-06,4,"1000,1001,1002,1003",59000,200,True
repeat-copy,structural_features,loss,combined,47400,0.0014008304374603397,0.0008685721830793744,1.7269409432313885e-10,0.002382901451978192,4,"1000,1001,1002,1003",59000,200,True
repeat-copy,structural_features,loss,combined,47600,0.00039158478685834806,0.0006737814153382149,1.652235071675223e-10,0.0015586050206555413,4,"1000,1001,1002,1003",59000,200,True
repeat-copy,structural_features,loss,combined,47800,1.06370665605089e-06,7.318829568383732e-07,5.396904166274363e-10,2.0676375828809766e-06,4,"1000,1001,1002,1003",59000,200,True
repeat-copy,structural_features,loss,combined,48000,0.001286014207942384,0.0017683147481645602,1.624000538344092e-10,0.004288531709372672,4,"1000,1001,1002,1003",59000,200,True
repeat-copy,structural_features,loss,combined,48200,0.00035606263291682906,0.0006034077831727643,1.5382201270976865e-10,0.0014010739824643892,4,"1000,1001,1002,1003",59000,200,True
repeat-copy,structural_features,loss,combined,48400,0.00890924119408138,0.01458815147585712,1.8408153110334447e-10,0.03415963143389466,4,"1000,1001,1002,1003",59000,200,True
repeat-copy,structural_features,loss,combined,48600,0.0006927750204697477,0.0007264874204506647,1.0762457395337849e-10,0.0018541091234251994,4,"1000,1001,1002,1003",59000,200,True
repeat-copy,structural_features,loss,combined,48800,0.0015723846577238916,0.002722324145179399,1.3229865019909887e-10,0.006287588336577867,4,"1000,1001,1002,1003",59000,200,True
repeat-copy,structural_features,loss,combined,49000,2.818476693494531e-06,4.635243322988433e-06,1.0876530067544487e-10,1.0845440390110372e-05,4,"1000,1001,1002,1003",59000,200,True
repeat-copy,structural_features,loss,combined,49200,0.001209340819124502,0.0007769817857579992,1.0987810042037416e-10,0.0021243301655863613,4,"1000,1001,1002,1003",59000,200,True
repeat-copy,structural_features,loss,combined,49400,4.134277836911844e-07,2.6238325870436085e-07,8.536301663577758e-11,7.144055536123517e-07,4,"1000,1001,1002,1003",59000,200,True
repeat-copy,structural_features,loss,combined,49600,0.005670088455354933,0.006634696054143739,2.5471727084437797e-10,0.01621293368805512,4,"1000,1001,1002,1003",59000,200,True
repeat-copy,structural_features,loss,combined,49800,0.0006356788450116107,0.0006407332506654714,9.657921986455654e-11,0.0013887111065501712,4,"1000,1001,1002,1003",59000,200,True
repeat-copy,structural_features,loss,combined,50000,0.0327655622551083,0.05120829770737714,1.4646624390971323e-10,0.12118562722119279,4,"1000,1001,1002,1003",59000,200,True
repeat-copy,structural_features,loss,combined,50200,0.0006997956506443222,0.0008581914720195377,7.416700825973315e-11,0.0021625389802267005,4,"1000,1001,1002,1003",59000,200,True
repeat-copy,structural_features,loss,combined,50400,0.0015831198909112346,0.0015140988164515248,1.429780146079522e-10,0.003404001751537624,4,"1000,1001,1002,1003",59000,200,True
repeat-copy,structural_features,loss,combined,50600,0.01753560156482863,0.030371290484585194,8.43439510313064e-11,0.07014021976950545,4,"1000,1001,1002,1003",59000,200,True
repeat-copy,structural_features,loss,combined,50800,0.018292234045336232,0.03126302944216799,1.6726809745669716e-10,0.07243895314372367,4,"1000,1001,1002,1003",59000,200,True
repeat-copy,structural_features,loss,combined,51000,0.0008522577068844737,0.0009241985423450706,1.0203925419460108e-10,0.002320140485340403,4,"1000,1001,1002,1003",59000,200,True
repeat-copy,structural_features,loss,combined,51200,0.0005179303698902579,0.0005264567594850523,1.5612493717547665e-10,0.001169659357765198,4,"1000,1001,1002,1003",59000,200,True
repeat-copy,structural_features,loss,combined,51400,0.0040946324271858995,0.007034859761635357,8.039066702689862e-11,0.016279171705633425,4,"1000,1001,1002,1003",59000,200,True
repeat-copy,structural_features,loss,combined,51600,6.459885932948885e-05,0.00010599645566092439,1.3988441250169585e-10,0.0002480557117320159,4,"1000,1001,1002,1003",59000,200,True
repeat-copy,structural_features,loss,combined,51800,0.004870163535403195,0.008029492871269563,8.8327594805317e-11,0.018775257668433163,4,"1000,1001,1002,1003",59000,200,True
repeat-copy,structural_features,loss,combined,52000,8.100664817476351e-06,1.275075486394278e-05,8.803681542015467e-11,3.0160209674434667e-05,4,"1000,1001,1002,1003",59000,200,True
repeat-copy,structural_features,loss,combined,52200,1.3021225783179679e-06,1.4479408343047955e-06,8.920069439382131e-11,3.7404188210676815e-06,4,"1000,1001,1002,1003",59000,200,True
repeat-copy,structural_features,loss,combined,52400,0.0012585387936956168,0.001369994500532532,6.88438228147771e-11,0.0032828440197570983,4,"1000,1001,1002,1003",59000,200,True
repeat-copy,structural_features,loss,combined,52600,0.0001378491754096656,0.0002318447459899276,1.067451997806149e-10,0.0005393270516436211,4,"1000,1001,1002,1003",59000,200,True
repeat-copy,structural_features,loss,combined,52800,0.0024744703366259683,0.0035183767827132472,9.887037440495238e-11,0.008486206638346358,4,"1000,1001,1002,1003",59000,200,True
repeat-copy,structural_features,loss,combined,53000,0.0004211866166375059,0.0004644601285902066,7.182719686821965e-11,0.001121788956066787,4,"1000,1001,1002,1003",59000,200,True
repeat-copy,structural_features,loss,combined,53200,0.0009304425299777653,0.0009191270931127744,1.072276316902484e-10,0.0024132528955030795,4,"1000,1001,1002,1003",59000,200,True
repeat-copy,structural_features,loss,combined,53400,0.00010931529764982832,0.0001865227233201768,1.0215381357329447e-10,0.00043237729359980827,4,"1000,1001,1002,1003",59000,200,True
repeat-copy,structural_features,loss,combined,53600,3.6243212747843564e-07,4.6306565355355343e-07,8.009095906825244e-11,1.1576759881348763e-06,4,"1000,1001,1002,1003",59000,200,True
repeat-copy,structural_features,loss,combined,53800,4.035882119868216e-07,4.284735272522896e-07,7.259555315718667e-11,1.1113751969954455e-06,4,"1000,1001,1002,1003",59000,200,True
repeat-copy,structural_features,loss,combined,54000,0.020543496161326013,0.034575461421288665,1.0271182921978844e-10,0.08041798444918434,4,"1000,1001,1002,1003",59000,200,True
repeat-copy,structural_features,loss,combined,54200,8.123697183624452e-06,5.14315076167489e-06,6.545449622846062e-11,1.4177678861458375e-05,4,"1000,1001,1002,1003",59000,200,True
repeat-copy,structural_features,loss,combined,54400,0.0002273177268495533,0.00039307775393646326,8.700309889306431e-11,0.0009081481918153905,4,"1000,1001,1002,1003",59000,200,True
repeat-copy,structural_features,loss,combined,54600,0.0005263414285414065,0.0008309601977743217,7.970307872463139e-11,0.001962060653915314,4,"1000,1001,1002,1003",59000,200,True
repeat-copy,structural_features,loss,combined,54800,1.3602067147818308e-05,2.1943712167308727e-05,5.558526516022746e-11,5.155758506396602e-05,4,"1000,1001,1002,1003",59000,200,True
repeat-copy,structural_features,loss,combined,55000,0.0001703023964294263,0.00022793919554811424,6.20992568272586e-11,0.0005552910404520617,4,"1000,1001,1002,1003",59000,200,True
repeat-copy,structural_features,loss,combined,55200,0.0004589003334665911,0.0007942350920953148,7.352000027326631e-11,0.001834555812477694,4,"1000,1001,1002,1003",59000,200,True
repeat-copy,structural_features,loss,combined,55400,0.00011906222717466664,0.00020596997106485845,6.925845375937295e-11,0.0004758126261073303,4,"1000,1001,1002,1003",59000,200,True
repeat-copy,structural_features,loss,combined,55600,0.0006964873833682729,0.0012062865880796774,5.932390375706746e-11,0.0027858370413599144,4,"1000,1001,1002,1003",59000,200,True
repeat-copy,structural_features,loss,combined,55800,0.005566951609111418,0.009640515026614206,4.876438823488843e-11,0.02226481336252136,4,"1000,1001,1002,1003",59000,200,True
repeat-copy,structural_features,loss,combined,56000,0.0018131948262221805,0.003060618269056263,6.901926773487075e-11,0.00711345840346757,4,"1000,1001,1002,1003",59000,200,True
repeat-copy,structural_features,loss,combined,56200,0.0018417456430116813,0.002356769403466406,5.936368371590832e-11,0.005763528759001875,4,"1000,1001,1002,1003",59000,200,True
repeat-copy,structural_features,loss,combined,56400,0.027402225324363337,0.046786735916829796,5.583088321845474e-11,0.10843498580645276,4,"1000,1001,1002,1003",59000,200,True
repeat-copy,structural_features,loss,combined,56600,0.003822228630214108,0.004362807699296246,4.349668804803919e-08,0.010629973966282522,4,"1000,1001,1002,1003",59000,200,True
repeat-copy,structural_features,loss,combined,56800,6.531127746342948e-07,8.17298048006448e-07,6.347173403683202e-09,2.055359297492565e-06,4,"1000,1001,1002,1003",59000,200,True
repeat-copy,structural_features,loss,combined,57000,0.012206616786967453,0.016577891586891547,4.512555327705614e-09,0.04027674330182536,4,"1000,1001,1002,1003",59000,200,True
repeat-copy,structural_features,loss,combined,57200,0.0013847872584811275,0.0023958588025753762,9.943447930749889e-10,0.005534535840533677,4,"1000,1001,1002,1003",59000,200,True
repeat-copy,structural_features,loss,combined,57400,0.0011571819819841133,0.0013482675218195528,2.404220227980938e-10,0.0032929316015373367,4,"1000,1001,1002,1003",59000,200,True
repeat-copy,structural_features,loss,combined,57600,5.600257392006083e-05,9.312783200468018e-05,1.725626607687776e-10,0.00021725023467137562,4,"1000,1001,1002,1003",59000,200,True
repeat-copy,structural_features,loss,combined,57800,0.0006955847410637288,0.0012045494759446893,1.24299156323629e-10,0.0027819256284612503,4,"1000,1001,1002,1003",59000,200,True
repeat-copy,structural_features,loss,combined,58000,0.001070747697261353,0.001766589133851701,1.6047465954812865e-10,0.004128624164412773,4,"1000,1001,1002,1003",59000,200,True
repeat-copy,structural_features,loss,combined,58200,0.010465523251125571,0.007461202935362761,9.70141907888529e-11,0.018410993940084105,4,"1000,1001,1002,1003",59000,200,True
repeat-copy,structural_features,loss,combined,58400,0.0014507176614315053,0.0024860838596470355,2.537353991163577e-10,0.005756634788899229,4,"1000,1001,1002,1003",59000,200,True
repeat-copy,structural_features,loss,combined,58600,0.0008103389783985012,0.0010089885479880247,1.0115289266572277e-10,0.0024709324792295496,4,"1000,1001,1002,1003",59000,200,True
repeat-copy,structural_features,loss,combined,58800,3.908491891298514e-05,6.673767069999731e-05,3.321542345158246e-07,0.00015467771066799752,4,"1000,1001,1002,1003",59000,200,True
repeat-copy,structural_features,loss,combined,59000,0.013348586974294148,0.013413585874560334,1.385149076754688e-07,0.028583578693103996,4,"1000,1001,1002,1003",59000,200,True
