task,group,metric,advice_type,batch,mean,std,min,max,n_seeds,seeds,common_horizon,report_interval,sd_shading
repeat-copy,structural_features,ber,none,200,0.43184005141258236,0.003727476801378394,0.4258251102268696,0.4359812740981579,4,"1000,1001,1002,1003",59000,200,True
repeat-copy,structural_features,ber,none,400,0.41471148341894154,0.005126854875377127,0.40676725216209886,0.4210850909352303,4,"1000,1001,1002,1003",59000,200,True
repeat-copy,structural_features,ber,none,600,0.40447211075574163,0.0081336585838025,0.393628858551383,0.41364401780068877,4,"1000,1001,1002,1003",59000,200,True
repeat-copy,structural_features,ber,none,800,0.3973058927431703,0.0056444034083911205,0.3936216264218092,0.4070572886615992,4,"1000,1001,1002,1003",59000,200,True
repeat-copy,structural_features,ber,none,1000,0.3899450252018869,0.008023869252850927,0.3815425500273705,0.39824769958853723,4,"1000,1001,1002,1003",59000,200,True
repeat-copy,structural_features,ber,none,1200,0.3814715216122567,0.0020818413606375147,0.37823327869176865,0.38400101236999035,4,"1000,1001,1002,1003",59000,200,True
repeat-copy,structural_features,ber,none,1400,0.37774801418185233,0.004788017623784244,0.37089422084391116,0.3835633795708418,4,"1000,1001,1002,1003",59000,200,True
repeat-copy,structural_features,ber,none,1600,0.3718970274087042,0.00436974646108304,0.36821064084768296,0.3789238892495632,4,"1000,1001,1002,1003",59000,200,True
repeat-copy,structural_features,ber,none,1800,0.3699475019611418,0.0025509761414074586,0.36654340267181396,0.3729440274834633,4,"1000,1001,1002,1003",59000,200,True
repeat-copy,structural_features,ber,none,2000,0.36279024999588727,0.005937576588390978,0.3537321513146162,0.3701412883400917,4,"1000,1001,1002,1003",59000,200,True
repeat-copy,structural_features,ber,none,2200,0.3638904908951372,0.001934253172946544,0.3622924168407917,0.3671827935799956,4,"1000,1001,1002,1003",59000,200,True
repeat-copy,structural_features,ber,none,2400,0.3599741721991449,0.00270573659089962,0.35563445661216975,0.3629430550336838,4,"1000,1001,1002,1003",59000,200,True
repeat-copy,structural_features,ber,none,2600,0.3537115210108459,0.006192566511032518,0.34543048553168776,0.3624518163502216,4,"1000,1001,1002,1003",59000,200,True
repeat-copy,structural_features,ber,none,2800,0.35655474590137604,0.0023566919019489237,0.35415361389517785,0.3592698284238577,4,"1000,1001,1002,1003",59000,200,True
repeat-copy,structural_features,ber,none,3000,0.34946518148295586,0.004108958467506444,0.34383545655757186,0.3548089347034693,4,"1000,1001,1002,1003",59000,200,True
repeat-copy,structural_features,ber,none,3200,0.34623118218034504,0.0016489873413762142,0.34447168581187726,0.3489379095286131,4,"1000,1001,1002,1003",59000,200,True
repeat-copy,structural_features,ber,none,3400,0.3470080819167197,0.002870509229019819,0.3426951562985778,0.3506475703418255,4,"1000,1001,1002,1003",59000,200,True
repeat-copy,structural_features,ber,none,3600,0.34083698685280983,0.0038498947119811945,0.33648269303143025,0.34613147281110285,4,"1000,1001,1002,1003",59000,200,True
repeat-copy,structural_features,ber,none,3800,0.3413318880740553,0.006818736419534606,0.33263976518064736,0.3516735727339983,4,"1000,1001,1002,1003",59000,200,True
repeat-copy,structural_features,ber,none,4000,0.3401555157965049,0.0034339208494944032,0.33465327581390736,0.3440196880325675,4,"1000,1001,1002,1003",59000,200,True
repeat-copy,structural_features,ber,none,4200,0.3351763526629657,0.0015559476773817197,0.33292249996215106,0.3372248290851712,4,"1000,1001,1002,1003",59000,200,True
repeat-copy,structural_features,ber,none,4400,0.33463414065539837,0.0032208174782975348,0.3320062668249011,0.3401349725201726,4,"1000,1001,1002,1003",59000,200,True
repeat-copy,structural_features,ber,none,4600,0.3378268876764923,0.0047837877810681445,0.33302751384675505,0.345736176520586,4,"1000,1001,1002,1003",59000,200,True
repeat-copy,structural_features,ber,none,4800,0.33416201568208637,0.00336572077896825,0.32947865895926953,0.33740880753844976,4,"1000,1001,1002,1003",59000,200,True
repeat-copy,structural_features,ber,none,5000,0.3306931993132457,0.001837901074809719,0.3292850379087031,0.3338507655635476,4,"1000,1001,1002,1003",59000,200,True
repeat-copy,structural_features,ber,none,5200,0.3292152709327638,0.004602510806453002,0.32193304553627966,0.334668618068099,4,"1000,1001,1002,1003",59000,200,True
repeat-copy,structural_features,ber,none,5400,0.3302608439163305,0.006861020147439314,0.32105068769305944,0.3403240703046322,4,"1000,1001,1002,1003",59000,200,True
repeat-copy,structural_features,ber,none,5600,0.3296953845396638,0.0028510455504203195,0.32662107326090334,0.3338830477744341,4,"1000,1001,1002,1003",59000,200,True
repeat-copy,structural_features,ber,none,5800,0.3263596759457141,0.00557762082604143,0.31912728544324637,0.33458873910829423,4,"1000,1001,1002,1003",59000,200,True
repeat-copy,structural_features,ber,none,6000,0.32828695034608246,0.0025048267043195,0.3250324224308133,0.3314789355546236,4,"1000,1001,1002,1003",59000,200,True
repeat-copy,structural_features,ber,none,6200,0.3319272681232542,0.0033167791124995897,0.32668908894062043,0.33589733093976976,4,"1000,1001,1002,1003",59000,200,True
repeat-copy,structural_features,ber,none,6400,0.32653994297608735,0.0013677417739078044,0.32426164817065,0.32777174897491934,4,"1000,1001,1002,1003",59000,200,True
repeat-copy,structural_features,ber,none,6600,0.32883378984057343,0.0037966465874228993,0.3245415025064722,0.33492914829403164,4,"1000,1001,1002,1003",59000,200,True
repeat-copy,structural_features,ber,none,6800,0.32485277324914935,0.0009173223895879846,0.323751597777009,0.3261528453230858,4,"1000,1001,1002,1003",59000,200,True
repeat-copy,structural_features,ber,none,7000,0.32683175564743583,0.002252664001552912,0.3251127076894045,0.3306549392640591,4,"1000,1001,1002,1003",59000,200,True
repeat-copy,structural_features,ber,none,7200,0.33057272719219327,0.0020910778465622914,0.32733695406466723,0.3329792816564441,4,"1000,1001,1002,1003",59000,200,True
repeat-copy,structural_features,ber,none,7400,0.32445072815753523,0.00457081647042243,0.3175656661018729,0.33027162838727236,4,"1000,1001,1002,1003",59000,200,True
repeat-copy,structural_features,ber,none,7600,0.32485102412290867,0.005211158320313472,0.31846108097583053,0.33094969775527716,4,"1000,1001,1002,1003",59000,200,True
repeat-copy,structural_features,ber,none,7800,0.325542201930657,0.000929510422275155,0.324088213481009,0.32650002144277096,4,"1000,1001,1002,1003",59000,200,True
repeat-copy,structural_features,ber,none,8000,0.3234879018645734,0.0026872373129057606,0.32074913356453183,0.3263645599409938,4,"1000,1001,1002,1003",59000,200,True
repeat-copy,structural_features,ber,none,8200,0.32340942502021786,0.0030907162967140096,0.32023500617593526,0.3284857126325369,4,"1000,1001,1002,1003",59000,200,True
repeat-copy,structural_features,ber,none,8400,0.3212859193980694,0.003946051277036447,0.3147363815829158,0.32466375824064014,4,"1000,1001,1002,1003",59000,200,True
repeat-copy,structural_features,ber,none,8600,0.3236469742376357,0.005215820740828725,0.31516164638102057,0.3285608273744583,4,"1000,1001,1002,1003",59000,200,True
repeat-copy,structural_features,ber,none,8800,0.3195447324868292,0.0046374044339872154,0.31380058132112026,0.32665515165776016,4,"1000,1001,1002,1003",59000,200,True
repeat-copy,structural_features,ber,none,9000,0.3214683066960424,0.005729657353000009,0.3136113145947456,0.3270308893173933,4,"1000,1001,1002,1003",59000,200,True
repeat-copy,structural_features,ber,none,9200,0.3211426640627906,0.003472573004010949,0.3183101093396544,0.3269897262006998,4,"1000,1001,1002,1003",59000,200,True
repeat-copy,structural_features,ber,none,9400,0.3199294266151264,0.0043104392743819175,0.3136402360908687,0.32556460827589034,4,"1000,1001,1002,1003",59000,200,True
repeat-copy,structural_features,ber,none,9600,0.3217539623379707,0.0014321013574175318,0.31990854725241663,0.32370775192976,4,"1000,1001,1002,1003",59000,200,True
repeat-copy,structural_features,ber,none,9800,0.31860741931013764,0.004349366630265847,0.3112816844508052,0.32253981541842225,4,"1000,1001,1002,1003",59000,200,True
repeat-copy,structural_features,ber,none,10000,0.31871576018631453,0.002468769439589342,0.31451303537935016,0.32068270616233346,4,"1000,1001,1002,1003",59000,200,True
repeat-copy,structural_features,ber,none,10200,0.31920630685053764,0.003911835176735887,0.3136953318864107,0.32391746655106546,4,"1000,1001,1002,1003",59000,200,True
repeat-copy,structural_features,ber,none,10400,0.3170271784532815,0.0027421889248414734,0.31263207372277974,0.3198245019093156,4,"1000,1001,1002,1003",59000,200,True
repeat-copy,structural_features,ber,none,10600,0.3176343522174284,0.004666975431922373,0.31338998809456825,0.32515413079410793,4,"1000,1001,1002,1003",59000,200,True
repeat-copy,structural_features,ber,none,10800,0.31610025361180305,0.0017716788302412332,0.31336595077067614,0.31819592740386726,4,"1000,1001,1002,1003",59000,200,True
repeat-copy,structural_features,ber,none,11000,0.3169752805726603,0.004085295738117455,0.31314262725412845,0.32378697007894514,4,"1000,1001,1002,1003",59000,200,True
repeat-copy,structural_features,ber,none,11200,0.31810455001425,0.002064667873374485,0.31534653846174476,0.3207302597910166,4,"1000,1001,1002,1003",59000,200,True
repeat-copy,structural_features,ber,none,11400,0.31874964457936583,0.00402133539664343,0.31341911651194093,0.3242298187315464,4,"1000,1001,1002,1003",59000,200,True
repeat-copy,structural_features,ber,none,11600,0.3173796465806663,0.0018403054809208964,0.3147038462013006,0.3191507460176945,4,"1000,1001,1002,1003",59000,200,True
repeat-copy,structural_features,ber,none,11800,0.3149821877316572,0.0030733729287749072,0.309960346147418,0.3175481577962637,4,"1000,1001,1002,1003",59000,200,True
repeat-copy,structural_features,ber,none,12000,0.3163610697956756,0.0067215609109249124,0.3079537094384432,0.3229655079543591,4,"1000,1001,1002,1003",59000,200,True
repeat-copy,structural_features,ber,none,12200,0.3205380406603217,0.0013288401894922665,0.3182442681863904,0.3214746718853712,4,"1000,1001,1002,1003",59000,200,True
repeat-copy,structural_features,ber,none,12400,0.3158226226642728,0.0041462336733363095,0.3101851344481111,0.3213855908438563,4,"1000,1001,1002,1003",59000,200,True
repeat-copy,structural_features,ber,none,12600,0.31622079156339167,0.0026627590316655476,0.3121002469956875,0.3189378597959876,4,"1000,1001,1002,1003",59000,200,True
repeat-copy,structural_features,ber,none,12800,0.315510389318224,0.009196051150754544,0.3050744142010808,0.32863858580589295,4,"1000,1001,1002,1003",59000,200,True
repeat-copy,structural_features,ber,none,13000,0.31573904659599067,0.00383515296974767,0.31197166875004767,0.32204196222126485,4,"1000,1001,1002,1003",59000,200,True
repeat-copy,structural_features,ber,none,13200,0.3176679035834968,0.0044578963245045155,0.3119563852250576,0.32258193399757146,4,"1000,1001,1002,1003",59000,200,True
repeat-copy,structural_features,ber,none,13400,0.31508284193463626,0.007095261559840925,0.3053104642033577,0.3222322793677449,4,"1000,1001,1002,1003",59000,200,True
repeat-copy,structural_features,ber,none,13600,0.3164393293624744,0.00459470070931021,0.30851540075615047,0.3195754262432456,4,"1000,1001,1002,1003",59000,200,True
repeat-copy,structural_features,ber,none,13800,0.31164609564933926,0.004032661614494224,0.3074385127425194,0.3158124400675297,4,"1000,1001,1002,1003",59000,200,True
repeat-copy,structural_features,ber,none,14000,0.3146739340107888,0.0030321419562428877,0.31201383776962754,0.31956260800361636,4,"1000,1001,1002,1003",59000,200,True
repeat-copy,structural_features,ber,none,14200,0.3131536023598164,0.0037790286460534037,0.30908271078020333,0.31934283051639795,4,"1000,1001,1002,1003",59000,200,True
repeat-copy,structural_features,ber,none,14400,0.31042675200849773,0.0014611024838202219,0.30903914891183376,0.3125440815836191,4,"1000,1001,1002,1003",59000,200,True
repeat-copy,structural_features,ber,none,14600,0.3121873306622729,0.006836365990699169,0.3025701313279569,0.32006343103945256,4,"1000,1001,1002,1003",59000,200,True
repeat-copy,structural_features,ber,none,14800,0.31300659210421145,0.002671948016967986,0.30933324597775935,0.3160950791835785,4,"1000,1001,1002,1003",59000,200,True
repeat-copy,structural_features,ber,none,15000,0.3122110849199817,0.0029208376224247735,0.30837963439524174,0.31546169687062503,4,"1000,1001,1002,1003",59000,200,True
repeat-copy,structural_features,ber,none,15200,0.3132456489093602,0.003651104497681696,0.3101819195225835,0.31921515125781297,4,"1000,1001,1002,1003",59000,200,True
repeat-copy,structural_features,ber,none,15400,0.3086448912043125,0.003161127093258322,0.3055642605572939,0.313777250982821,4,"1000,1001,1002,1003",59000,200,True
repeat-copy,structural_features,ber,none,15600,0.30815339176915585,0.0016005957200949609,0.30593156453222037,0.3101641495153308,4,"1000,1001,1002,1003",59000,200,True
repeat-copy,structural_features,ber,none,15800,0.30737228558864443,0.004675525145883564,0.303099959269166,0.31487641582265496,4,"1000,1001,1002,1003",59000,200,True
repeat-copy,structural_features,ber,none,16000,0.31325261298567053,0.001504914670747632,0.31103541407734153,0.31474629405885934,4,"1000,1001,1002,1003",59000,200,True
repeat-copy,structural_features,ber,none,16200,0.3101576169300824,0.003401152839266741,0.3049739784374833,0.3135620166361332,4,"1000,1001,1002,1003",59000,200,True
repeat-copy,structural_features,ber,none,16400,0.306451756246388,0.004689459456044376,0.29987267065793277,0.3110496681556106,4,"1000,1001,1002,1003",59000,200,True
repeat-copy,structural_features,ber,none,16600,0.30844993410632016,0.0028485023277267387,0.30510732255876066,0.3128667276725173,4,"1000,1001,1002,1003",59000,200,True
repeat-copy,structural_features,ber,none,16800,0.3097905171732418,0.0016463595541070198,0.3072216322552413,0.31127327762544155,4,"1000,1001,1002,1003",59000,200,True
repeat-copy,structural_features,ber,none,17000,0.30822605887893584,0.0018963267800489912,0.30556155674159524,0.3107251832447946,4,"1000,1001,1002,1003",59000,200,True
repeat-copy,structural_features,ber,none,17200,0.30673650927841667,0.003674394326537546,0.30181561172008514,0.31119706816971304,4,"1000,1001,1002,1003",59000,200,True
repeat-copy,structural_features,ber,none,17400,0.3054854610841721,0.0018870922903187078,0.30346739534288647,0.30749997068196533,4,"1000,1001,1002,1003",59000,200,True
repeat-copy,structural_features,ber,none,17600,0.30641670221695677,0.006975340853217302,0.2970472764968872,0.3167292109224945,4,"1000,1001,1002,1003",59000,200,True
repeat-copy,structural_features,ber,none,17800,0.3042692367034033,0.004519886790265492,0.3002883234061301,0.3118262367323041,4,"1000,1001,1002,1003",59000,200,True
repeat-copy,structural_features,ber,none,18000,0.30595820262096823,0.005274104559607152,0.297841826826334,0.3117680075019598,4,"1000,1001,1002,1003",59000,200,True
repeat-copy,structural_features,ber,none,18200,0.30136755200102927,0.004557873231627203,0.2947191272675991,0.30603406846523284,4,"1000,1001,1002,1003",59000,200,True
repeat-copy,structural_features,ber,none,18400,0.2977186285797506,0.012140986385724195,0.2774898197129369,0.3089657913148403,4,"1000,1001,1002,1003",59000,200,True
repeat-copy,structural_features,ber,none,18600,0.3038351155281998,0.014080205204698586,0.27988733258098364,0.31534343821927907,4,"1000,1001,1002,1003",59000,200,True
repeat-copy,structural_features,ber,none,18800,0.29497192812152206,0.016545764400521225,0.2677652154117823,0.31224337588995693,4,"1000,1001,1002,1003",59000,200,True
repeat-copy,structural_features,ber,none,19000,0.2940113576967269,0.023669419002505528,0.25408194702118636,0.315762101970613,4,"1000,1001,1002,1003",59000,200,True
repeat-copy,structural_features,ber,none,19200,0.29152648820541804,0.024743110371764892,0.2488087685406208,0.30889540921896697,4,"1000,1001,1002,1003",59000,200,True
repeat-copy,structural_features,ber,none,19400,0.287922178292647,0.0322272110966439,0.23218119386583566,0.30910510528832674,4,"1000,1001,1002,1003",59000,200,True
repeat-copy,structural_features,ber,none,19600,0.2750812015798874,0.04045471202081479,0.20545054364018142,0.3032380372658372,4,"1000,1001,1002,1003",59000,200,True
repeat-copy,structural_features,ber,none,19800,0.27884383891476316,0.0468659754598092,0.1981234161835164,0.31086180225014687,4,"1000,1001,1002,1003",59000,200,True
repeat-copy,structural_features,ber,none,20000,0.27739421662641695,0.04231020443448673,0.20429381932131946,0.3054472500830889,4,"1000,1001,1002,1003",59000,200,True
repeat-copy,structural_features,ber,none,20200,0.28091020655294413,0.04474212135374257,0.20347888712538406,0.3089512328803539,4,"1000,1001,1002,1003",59000,200,True
repeat-copy,structural_features,ber,none,20400,0.2735886781499721,0.057027575278402805,0.1750286915805191,0.31233626302331685,4,"1000,1001,1002,1003",59000,200,True
repeat-copy,structural_features,ber,none,20600,0.28140391946421006,0.05336143083363447,0.18942817001137882,0.31910920947790145,4,"1000,1001,1002,1003",59000,200,True
repeat-copy,structural_features,ber,none,20800,0.27102084422309414,0.051270647523794996,0.18227105315076186,0.30350237552076575,4,"1000,1001,1002,1003",59000,200,True
repeat-copy,structural_features,ber,none,21000,0.27163198144116907,0.05481792534654553,0.17680625300621614,0.3055181432142854,4,"1000,1001,1002,1003",59000,200,True
repeat-copy,structural_features,ber,none,21200,0.2697386579704471,0.05519570095997528,0.1741599730309099,0.3035551105812192,4,"1000,1001,1002,1003",59000,200,True
repeat-copy,structural_features,ber,none,21400,0.27146771995467134,0.05111877706375816,0.18304549381602556,0.3041526995971799,4,"1000,1001,1002,1003",59000,200,True
repeat-copy,structural_features,ber,none,21600,0.26729904500709384,0.05302992798059416,0.1757217967021279,0.30357277687639,4,"1000,1001,1002,1003",59000,200,True
repeat-copy,structural_features,ber,none,21800,0.267917077485472,0.056814869212653954,0.1699324987642467,0.3064767959713936,4,"1000,1001,1002,1003",59000,200,True
repeat-copy,structural_features,ber,none,22000,0.23970272775302875,0.11148633775728274,0.04662026876700111,0.30544332690536974,4,"1000,1001,1002,1003",59000,200,True
repeat-copy,structural_features,ber,none,22200,0.23064668920414988,0.116969180754512,0.028178131284657865,0.30388559913262725,4,"1000,1001,1002,1003",59000,200,True
repeat-copy,structural_features,ber,none,22400,0.2373534120254044,0.1099979893789094,0.046845834369887596,0.3030564163718373,4,"1000,1001,1002,1003",59000,200,True
repeat-copy,structural_features,ber,none,22600,0.2548959757493867,0.07921163575441018,0.11776533071475569,0.30301367526873946,4,"1000,1001,1002,1003",59000,200,True
repeat-copy,structural_features,ber,none,22800,0.3034667230275227,0.0026204048970505088,0.2992402164894156,0.3061893708258867,4,"1000,1001,1002,1003",59000,200,True
repeat-copy,structural_features,ber,none,23000,0.23260100383748067,0.1222703441095745,0.020864685046253727,0.30712944637984035,4,"1000,1001,1002,1003",59000,200,True
repeat-copy,structural_features,ber,none,23200,0.22836833050096178,0.12436356597274416,0.013349282819544896,0.31125740060582757,4,"1000,1001,1002,1003",59000,200,True
repeat-copy,structural_features,ber,none,23400,0.2250988975173095,0.1260360819126735,0.006915418079588562,0.3027844439074397,4,"1000,1001,1002,1003",59000,200,True
repeat-copy,structural_features,ber,none,23600,0.2210763064985804,0.12446961816545833,0.005538984175655059,0.2954735820554197,4,"1000,1001,1002,1003",59000,200,True
repeat-copy,structural_features,ber,none,23800,0.226089196196408,0.11330189736374993,0.030006926322821526,0.29850513936951756,4,"1000,1001,1002,1003",59000,200,True
repeat-copy,structural_features,ber,none,24000,0.2261710221269459,0.12698778389706702,0.006262652946752496,0.3026656376942992,4,"1000,1001,1002,1003",59000,200,True
repeat-copy,structural_features,ber,none,24200,0.22617991351289674,0.12862199924074302,0.0034249436389654875,0.30211758848279713,4,"1000,1001,1002,1003",59000,200,True
repeat-copy,structural_features,ber,none,24400,0.22141961625078693,0.1263456252086477,0.0028883852623403073,0.30057571331039074,4,"1000,1001,1002,1003",59000,200,True
repeat-copy,structural_features,ber,none,24600,0.2245555824198527,0.1282003570272938,0.002518464473541826,0.3000835511088371,4,"1000,1001,1002,1003",59000,200,True
repeat-copy,structural_features,ber,none,24800,0.22309653528398485,0.1250247220269706,0.006629194426932372,0.3008603178802878,4,"1000,1001,1002,1003",59000,200,True
repeat-copy,structural_features,ber,none,25000,0.22413886835565788,0.12823890741884886,0.0021065833792090418,0.3039025385584682,4,"1000,1001,1002,1003",59000,200,True
repeat-copy,structural_features,ber,none,25200,0.22676515461949748,0.1294622857427473,0.002618109642644413,0.30602156452834606,4,"1000,1001,1002,1003",59000,200,True
repeat-copy,structural_features,ber,none,25400,0.22426317775636562,0.12403527929102028,0.009461961379856802,0.29784410837106406,4,"1000,1001,1002,1003",59000,200,True
repeat-copy,structural_features,ber,none,25600,0.22759165749448584,0.12684942898401597,0.008061303702415899,0.3081351940706372,4,"1000,1001,1002,1003",59000,200,True
repeat-copy,structural_features,ber,none,25800,0.22655583577972724,0.1292692211840204,0.002793064575525932,0.30850625989958647,4,"1000,1001,1002,1003",59000,200,True
repeat-copy,structural_features,ber,none,26000,0.22256372171366817,0.1274247119188743,0.0018745270336512476,0.29836183455772697,4,"1000,1001,1002,1003",59000,200,True
repeat-copy,structural_features,ber,none,26200,0.22269406663108382,0.12786932331133719,0.0012619941437151283,0.29934961831197143,4,"1000,1001,1002,1003",59000,200,True
repeat-copy,structural_features,ber,none,26400,0.22176834166573825,0.12700476330257834,0.0021386535302735867,0.3046486831456423,4,"1000,1001,1002,1003",59000,200,True
repeat-copy,structural_features,ber,none,26600,0.22301623872554044,0.12823293200366587,0.0009924300137208774,0.3000484405364841,4,"1000,1001,1002,1003",59000,200,True
repeat-copy,structural_features,ber,none,26800,0.22570636687349183,0.12264504577985333,0.013413245194242336,0.3033330135419965,4,"1000,1001,1002,1003",59000,200,True
repeat-copy,structural_features,ber,none,27000,0.22711784884668307,0.12131763072657276,0.01702474089746829,0.29933958008885386,4,"1000,1001,1002,1003",59000,200,True
repeat-copy,structural_features,ber,none,27200,0.22286138709008813,0.12554047586429504,0.005600312178139575,0.30058991838246585,4,"1000,1001,1002,1003",59000,200,True
repeat-copy,structural_features,ber,none,27400,0.22339673759241124,0.12528754156357783,0.006412350351456553,0.29843887776136396,4,"1000,1001,1002,1003",59000,200,True
repeat-copy,structural_features,ber,none,27600,0.22230644834751728,0.12756951560672944,0.0014677533810026943,0.299512278996408,4,"1000,1001,1002,1003",59000,200,True
repeat-copy,structural_features,ber,none,27800,0.21722033962461865,0.12441357788593743,0.001781088396674022,0.29183741424232723,4,"1000,1001,1002,1003",59000,200,True
repeat-copy,structural_features,ber,none,28000,0.21882078889117113,0.12555774688041407,0.0013526719785295427,0.29221019099466505,4,"1000,1001,1002,1003",59000,200,True
repeat-copy,structural_features,ber,none,28200,0.21810880194942,0.1252754313507719,0.0012151972786523402,0.29372033769264816,4,"1000,1001,1002,1003",59000,200,True
repeat-copy,structural_features,ber,none,28400,0.21731821915862384,0.12530757526293007,0.0004300376691389829,0.2969599234685302,4,"1000,1001,1002,1003",59000,200,True
repeat-copy,structural_features,ber,none,28600,0.22149549470297647,0.12645194613799668,0.00260883484093938,0.30022157756611706,4,"1000,1001,1002,1003",59000,200,True
repeat-copy,structural_features,ber,none,28800,0.22222999213292496,0.12720881800566208,0.0020272105012554675,0.3018434871733189,4,"1000,1001,1002,1003",59000,200,True
repeat-copy,structural_features,ber,none,29000,0.2221674799697939,0.12680895613493845,0.0025421031145378948,0.2974796752911061,4,"1000,1001,1002,1003",59000,200,True
repeat-copy,structural_features,ber,none,29200,0.2195760865866032,0.12652926808005927,0.0005072510550962761,0.2978481702879071,4,"1000,1001,1002,1003",59000,200,True
repeat-copy,structural_features,ber,none,29400,0.21954902807134202,0.1261388426904663,0.0011273488635197282,0.29538948024623096,4,"1000,1001,1002,1003",59000,200,True
repeat-copy,structural_features,ber,none,29600,0.2219857148193114,0.12777889297772355,0.0008362551388563589,0.3032285968400538,4,"1000,1001,1002,1003",59000,200,True
repeat-copy,structural_features,ber,none,29800,0.21846763648005435,0.12609219485054818,0.00012584637501277028,0.2941657308489084,4,"1000,1001,1002,1003",59000,200,True
repeat-copy,structural_features,ber,none,30000,0.21884989150799808,0.12589083373336715,0.0008082199469208718,0.29322701308876276,4,"1000,1001,1002,1003",59000,200,True
repeat-copy,structural_features,ber,none,30200,0.21556742000189844,0.1242101862913595,0.0004702582221943885,0.29083749413490295,4,"1000,1001,1002,1003",59000,200,True
repeat-copy,structural_features,ber,none,30400,0.21814306806831157,0.12580963047853438,0.00029246500926092265,0.29540666283108297,4,"1000,1001,1002,1003",59000,200,True
repeat-copy,structural_features,ber,none,30600,0.21342848353175214,0.12266323369941508,0.001140525866067037,0.2895213443413377,4,"1000,1001,1002,1003",59000,200,True
repeat-copy,structural_features,ber,none,30800,0.22220131207694066,0.1277758180907619,0.001069150277180597,0.30268718672916295,4,"1000,1001,1002,1003",59000,200,True
repeat-copy,structural_features,ber,none,31000,0.21989166855113582,0.12698100356134556,0.0,0.29534258984029294,4,"1000,1001,1002,1003",59000,200,True
repeat-copy,structural_features,ber,none,31200,0.221879305235052,0.12498315660934994,0.005609836749499664,0.29911801267415283,4,"1000,1001,1002,1003",59000,200,True
repeat-copy,structural_features,ber,none,31400,0.21511415158514863,0.12321177517804141,0.0017908041225746273,0.28912950232625007,4,"1000,1001,1002,1003",59000,200,True
repeat-copy,structural_features,ber,none,31600,0.21828512065432734,0.12433746259335379,0.003048128610244021,0.29633721653372047,4,"1000,1001,1002,1003",59000,200,True
repeat-copy,structural_features,ber,none,31800,0.2168073066380748,0.12455975582579772,0.0011757041089003905,0.29482743493281305,4,"1000,1001,1002,1003",59000,200,True
repeat-copy,structural_features,ber,none,32000,0.2188310220238054,0.1261364984434241,0.00037155113415792584,0.29355881568044423,4,"1000,1001,1002,1003",59000,200,True
repeat-copy,structural_features,ber,none,32200,0.21592941732480542,0.12360793459947914,0.0022057104896521197,0.29776211773045363,4,"1000,1001,1002,1003",59000,200,True
repeat-copy,structural_features,ber,none,32400,0.2168715076590888,0.1250320555182389,0.0004713165760040283,0.294571490958333,4,"1000,1001,1002,1003",59000,200,True
repeat-copy,structural_features,ber,none,32600,0.2188970270054415,0.1259959821405015,0.0008008154202252627,0.29527939583174884,4,"1000,1001,1002,1003",59000,200,True
repeat-copy,structural_features,ber,none,32800,0.219709876695415,0.12683726687278885,6.0219992883503436e-05,0.29638549104332923,4,"1000,1001,1002,1003",59000,200,True
repeat-copy,structural_features,ber,none,33000,0.21598262928586337,0.12438196533786693,0.0007213652756763622,0.29558713032864037,4,"1000,1001,1002,1003",59000,200,True
repeat-copy,structural_features,ber,none,33200,0.21871168372570537,0.1262213580596405,0.00010159137193113565,0.29297678876668215,4,"1000,1001,1002,1003",59000,200,True
repeat-copy,structural_features,ber,none,33400,0.21678546625291345,0.12509825794625584,0.0001903542078798637,0.2945457844156772,4,"1000,1001,1002,1003",59000,200,True
repeat-copy,structural_features,ber,none,33600,0.21816979244642426,0.12598416555202518,4.4376172591000793e-05,0.2962630014680326,4,"1000,1001,1002,1003",59000,200,True
repeat-copy,structural_features,ber,none,33800,0.21584847019868902,0.12462575736265427,0.0003618488693609834,0.29928104834631086,4,"1000,1001,1002,1003",59000,200,True
repeat-copy,structural_features,ber,none,34000,0.2188045637620962,0.12544370637844515,0.001703504960751161,0.2987066798377782,4,"1000,1001,1002,1003",59000,200,True
repeat-copy,structural_features,ber,none,34200,0.21662015122128647,0.12502793664856166,0.0002483164984732866,0.2933649607747793,4,"1000,1001,1002,1003",59000,200,True
repeat-copy,structural_features,ber,none,34400,0.2169632408482721,0.12230383518349486,0.0051961795962415635,0.2919688761420548,4,"1000,1001,1002,1003",59000,200,True
repeat-copy,structural_features,ber,none,34600,0.2161751722819463,0.12267709988808402,0.0038569495902629567,0.2931067982874811,4,"1000,1001,1002,1003",59000,200,True
repeat-copy,structural_features,ber,none,34800,0.21373977257710064,0.1233345016161575,0.0003079267992870882,0.2894428747333586,4,"1000,1001,1002,1003",59000,200,True
repeat-copy,structural_features,ber,none,35000,0.21315540555515328,0.12120265927556326,0.0034861010359600185,0.29100906299427154,4,"1000,1001,1002,1003",59000,200,True
repeat-copy,structural_features,ber,none,35200,0.21415815698957885,0.12337269100413005,0.00071282553661149,0.2947757022175938,4,"1000,1001,1002,1003",59000,200,True
repeat-copy,structural_features,ber,none,35400,0.2161520699068205,0.12467454329809027,0.0002900533122010529,0.2936645646393299,4,"1000,1001,1002,1003",59000,200,True
repeat-copy,structural_features,ber,none,35600,0.21483242290210908,0.12395789007479519,0.00034236666280776265,0.295272285528481,4,"1000,1001,1002,1003",59000,200,True
repeat-copy,structural_features,ber,none,35800,0.2175734618073329,0.1254031747745626,0.0006411320436745882,0.29906056642532347,4,"1000,1001,1002,1003",59000,200,True
repeat-copy,structural_features,ber,none,36000,0.2124199169740314,0.12263953409584048,9.18145035393536e-05,0.2880539255589247,4,"1000,1001,1002,1003",59000,200,True
repeat-copy,structural_features,ber,none,36200,0.21451773775988842,0.12388045408395348,0.0003305754071334377,0.29237567698583006,4,"1000,1001,1002,1003",59000,200,True
repeat-copy,structural_features,ber,none,36400,0.21377535002626244,0.12238584104203074,0.0018762277939822524,0.289652482625097,4,"1000,1001,1002,1003",59000,200,True
repeat-copy,structural_features,ber,none,36600,0.21723595784103966,0.12446973097293475,0.0017166384705342352,0.2930793988332152,4,"1000,1001,1002,1003",59000,200,True
repeat-copy,structural_features,ber,none,36800,0.21240472579462222,0.12247663201953017,0.0005030686908867211,0.2918806166108698,4,"1000,1001,1002,1003",59000,200,True
repeat-copy,structural_features,ber,none,37000,0.21528565539570993,0.1242395335460665,0.0002758896839804947,0.295017518484965,4,"1000,1001,1002,1003",59000,200,True
repeat-copy,structural_features,ber,none,37200,0.21016116395418066,0.12120320471173521,0.00037991390796378256,0.28750339383259416,4,"1000,1001,1002,1003",59000,200,True
repeat-copy,structural_features,ber,none,37400,0.2118523635924794,0.12209768492940899,0.0005614735092967748,0.2897348874248564,4,"1000,1001,1002,1003",59000,200,True
repeat-copy,structural_features,ber,none,37600,0.21924957833951342,0.12665531595733917,0.0,0.2992467986792326,4,"1000,1001,1002,1003",59000,200,True
repeat-copy,structural_features,ber,none,37800,0.21323860251344742,0.12311810020457298,0.0,0.2860809241887182,4,"1000,1001,1002,1003",59000,200,True
repeat-copy,structural_features,ber,none,38000,0.2109516389144119,0.12143905501324967,0.0006269050715491175,0.2823537491634488,4,"1000,1001,1002,1003",59000,200,True
repeat-copy,structural_features,ber,none,38200,0.2129270719521446,0.12292655982189223,8.325866190716624e-05,0.2887951376475394,4,"1000,1001,1002,1003",59000,200,True
repeat-copy,structural_features,ber,none,38400,0.21313704313448395,0.12307798422436433,0.000462378904921934,0.29105628065764905,4,"1000,1001,1002,1003",59000,200,True
repeat-copy,structural_features,ber,none,38600,0.21126380681525916,0.12197600040432907,0.0,0.28301685626618567,4,"1000,1001,1002,1003",59000,200,True
repeat-copy,structural_features,ber,none,38800,0.21372955884784461,0.12344781242230621,5.843207240104675e-05,0.2908145126700401,4,"1000,1001,1002,1003",59000,200,True
repeat-copy,structural_features,ber,none,39000,0.21226666056143587,0.12250881772437835,0.00017144543351605535,0.28899089934304356,4,"1000,1001,1002,1003",59000,200,True
repeat-copy,structural_features,ber,none,39200,0.21039377556196998,0.12116278030339611,0.0006701113475719466,0.2848661210760474,4,"1000,1001,1002,1003",59000,200,True
repeat-copy,structural_features,ber,none,39400,0.20817592336621604,0.12025397372009045,0.00010232278378680349,0.2851628476008773,4,"1000,1001,1002,1003",59000,200,True
repeat-copy,structural_features,ber,none,39600,0.21052673019279608,0.12154252586842508,0.00022349733102601022,0.2873175571672618,4,"1000,1001,1002,1003",59000,200,True
repeat-copy,structural_features,ber,none,39800,0.21275893658268613,0.12250901204283712,0.0006486161745851859,0.28717350303195416,4,"1000,1001,1002,1003",59000,200,True
repeat-copy,structural_features,ber,none,40000,0.20858179691713302,0.1206543052850765,0.0,0.29021499046124516,4,"1000,1001,1002,1003",59000,200,True
repeat-copy,structural_features,ber,none,40200,0.2142981200008944,0.1235056734857987,0.0005966318846913055,0.29118453063070776,4,"1000,1001,1002,1003",59000,200,True
repeat-copy,structural_features,ber,none,40400,0.20949101606034673,0.12124014421112592,0.00019613984506577253,0.2951219859533012,4,"1000,1001,1002,1003",59000,200,True
repeat-copy,structural_features,ber,none,40600,0.2090755079884548,0.12026374188168726,0.0008874106919392943,0.2849309159535915,4,"1000,1001,1002,1003",59000,200,True
repeat-copy,structural_features,ber,none,40800,0.20380639088340105,0.11773267235387307,3.654970787465572e-05,0.2760164246801287,4,"1000,1001,1002,1003",59000,200,True
repeat-copy,structural_features,ber,none,41000,0.21147437978419473,0.12209319072010687,3.9682541973888874e-05,0.2852657864615321,4,"1000,1001,1002,1003",59000,200,True
repeat-copy,structural_features,ber,none,41200,0.20768434953613907,0.12000374334927277,0.0001666501711588353,0.28352282164618375,4,"1000,1001,1002,1003",59000,200,True
repeat-copy,structural_features,ber,none,41400,0.2063728082360467,0.11919752083647914,0.00016147876856848598,0.28342357333749535,4,"1000,1001,1002,1003",59000,200,True
repeat-copy,structural_features,ber,none,41600,0.20596509289229287,0.11895689166640333,0.0,0.2798329069465399,4,"1000,1001,1002,1003",59000,200,True
repeat-copy,structural_features,ber,none,41800,0.20229969630629058,0.1167544311044722,0.00031170654692687095,0.2781876683793962,4,"1000,1001,1002,1003",59000,200,True
repeat-copy,structural_features,ber,none,42000,0.20390020840466605,0.1172631797845319,0.0008318942465120927,0.2750732091069221,4,"1000,1001,1002,1003",59000,200,True
repeat-copy,structural_features,ber,none,42200,0.20835758136978255,0.12031741352920527,0.0003586848982376978,0.28939727663993836,4,"1000,1001,1002,1003",59000,200,True
repeat-copy,structural_features,ber,none,42400,0.20411311210453276,0.11766025489478787,0.0003727759642060846,0.27638914607465265,4,"1000,1001,1002,1003",59000,200,True
repeat-copy,structural_features,ber,none,42600,0.20783613638952375,0.12017680093414866,0.0,0.283216815199703,4,"1000,1001,1002,1003",59000,200,True
repeat-copy,structural_features,ber,none,42800,0.2096527627797332,0.12065489812491237,0.0007079945737496018,0.2822758135572076,4,"1000,1001,1002,1003",59000,200,True
repeat-copy,structural_features,ber,none,43000,0.20327358131544315,0.11762310529416674,6.734853668604046e-05,0.280256776008755,4,"1000,1001,1002,1003",59000,200,True
repeat-copy,structural_features,ber,none,43200,0.20678525769530098,0.11936902971501376,0.00024092945852316916,0.2829323212057352,4,"1000,1001,1002,1003",59000,200,True
repeat-copy,structural_features,ber,none,43400,0.2048529208963737,0.11829582051142128,6.172839552164078e-05,0.2790928423125297,4,"1000,1001,1002,1003",59000,200,True
repeat-copy,structural_features,ber,none,43600,0.20669618859668845,0.11919432646924341,0.0002493828913429752,0.27625837991014124,4,"1000,1001,1002,1003",59000,200,True
repeat-copy,structural_features,ber,none,43800,0.20281824161967962,0.11586155911240525,0.0021933912846725436,0.2740499555785209,4,"1000,1001,1002,1003",59000,200,True
repeat-copy,structural_features,ber,none,44000,0.21203874828628616,0.12209198596454614,0.0005793100077426061,0.28441607902757826,4,"1000,1001,1002,1003",59000,200,True
repeat-copy,structural_features,ber,none,44200,0.2045236266730353,0.11823641671215251,0.0,0.2780564814060926,4,"1000,1001,1002,1003",59000,200,True
repeat-copy,structural_features,ber,none,44400,0.20466432540488316,0.1169283630689513,0.0021746640763012693,0.27535420985892417,4,"1000,1001,1002,1003",59000,200,True
repeat-copy,structural_features,ber,none,44600,0.20798714288277553,0.12021855103246597,0.0,0.2866297664772719,4,"1000,1001,1002,1003",59000,200,True
repeat-copy,structural_features,ber,none,44800,0.20604549495634275,0.11839389134283841,0.0009875423327321187,0.27569686910137536,4,"1000,1001,1002,1003",59000,200,True
repeat-copy,structural_features,ber,none,45000,0.2029251864894468,0.11714038445503087,0.00017003201588522643,0.2775628230813891,4,"1000,1001,1002,1003",59000,200,True
repeat-copy,structural_features,ber,none,45200,0.2025512758930563,0.11690633053595327,0.00011606670334003866,0.2730496063828468,4,"1000,1001,1002,1003",59000,200,True
repeat-copy,structural_features,ber,none,45400,0.2042117861409497,0.1179708424129997,0.00020113062404561788,0.2802053367067128,4,"1000,1001,1002,1003",59000,200,True
repeat-copy,structural_features,ber,none,45600,0.2016354837571271,0.11641385745333466,0.0004205247014760971,0.2788880970142782,4,"1000,1001,1002,1003",59000,200,True
repeat-copy,structural_features,ber,none,45800,0.20585585350287144,0.11863799794213034,0.0003764268802478909,0.2757879228331149,4,"1000,1001,1002,1003",59000,200,True
repeat-copy,structural_features,ber,none,46000,0.20364959810161962,0.11753285649932135,0.00010571796447038651,0.27398173651658,4,"1000,1001,1002,1003",59000,200,True
repeat-copy,structural_features,ber,none,46200,0.21073226692620667,0.12172926462482582,0.0,0.28697365123778584,4,"1000,1001,1002,1003",59000,200,True
repeat-copy,structural_features,ber,none,46400,0.20446607639547437,0.11571220145973506,0.0041132166888564825,0.2759634365513921,4,"1000,1001,1002,1003",59000,200,True
repeat-copy,structural_features,ber,none,46600,0.2075244575436227,0.11871434848286881,0.0019945354759693147,0.28174162515439094,4,"1000,1001,1002,1003",59000,200,True
repeat-copy,structural_features,ber,none,46800,0.20776692466810343,0.11998787629946264,0.0,0.2811311800777912,4,"1000,1001,1002,1003",59000,200,True
repeat-copy,structural_features,ber,none,47000,0.20116698599420488,0.11586101714735808,0.0005555555643513799,0.2728796362457797,4,"1000,1001,1002,1003",59000,200,True
repeat-copy,structural_features,ber,none,47200,0.20451286415569486,0.11817434564471108,0.00010582010261714459,0.2825169969070703,4,"1000,1001,1002,1003",59000,200,True
repeat-copy,structural_features,ber,none,47400,0.20161761765833947,0.11638927406053487,0.0002007613703608513,0.27390191245824097,4,"1000,1001,1002,1003",59000,200,True
repeat-copy,structural_features,ber,none,47600,0.2008603012515232,0.11611404235990677,0.0,0.2769452820438892,4,"1000,1001,1002,1003",59000,200,True
repeat-copy,structural_features,ber,none,47800,0.2058187522679509,0.11889677773082581,7.855191302951426e-05,0.2813638144731522,4,"1000,1001,1002,1003",59000,200,True
repeat-copy,structural_features,ber,none,48000,0.19944031985694893,0.11513253810401468,0.0003316278330748901,0.2760754124913365,4,"1000,1001,1002,1003",59000,200,True
repeat-copy,structural_features,ber,none,48200,0.20107885158286082,0.11505963695593538,0.0019958270486677065,0.2748339271172881,4,"1000,1001,1002,1003",59000,200,True
repeat-copy,structural_features,ber,none,48400,0.20469138161977754,0.11821120056188186,0.00020202020183205605,0.2807266822550446,4,"1000,1001,1002,1003",59000,200,True
repeat-copy,structural_features,ber,none,48600,0.20480216019685032,0.1182693865060591,0.0001242739107692614,0.27907260534353556,4,"1000,1001,1002,1003",59000,200,True
repeat-copy,structural_features,ber,none,48800,0.19897155579645187,0.11496632617527137,0.0,0.2715582036599517,4,"1000,1001,1002,1003",59000,200,True
repeat-copy,structural_features,ber,none,49000,0.20156180090969428,0.11648322789013739,0.0005061728507280349,0.28245688023045656,4,"1000,1001,1002,1003",59000,200,True
repeat-copy,structural_features,ber,none,49200,0.20001541204052045,0.1159508681238153,0.0,0.28098281180486084,4,"1000,1001,1002,1003",59000,200,True
repeat-copy,structural_features,ber,none,49400,0.20574731341883307,0.11918318511834958,0.0002705777424853295,0.28979182926006614,4,"1000,1001,1002,1003",59000,200,True
repeat-copy,structural_features,ber,none,49600,0.20585318848548922,0.11506880375330741,0.006654415710363537,0.277426033616066,4,"1000,1001,1002,1003",59000,200,True
repeat-copy,structural_features,ber,none,49800,0.20319668240568717,0.11405944744828357,0.005775909245130606,0.275897354092449,4,"1000,1001,1002,1003",59000,200,True
repeat-copy,structural_features,ber,none,50000,0.19790593390353023,0.11450776921590382,0.00012666431255638598,0.274284060690552,4,"1000,1001,1002,1003",59000,200,True
repeat-copy,structural_features,ber,none,50200,0.19867639750707894,0.11511192097435467,0.0,0.2797450269944966,4,"1000,1001,1002,1003",59000,200,True
repeat-copy,structural_features,ber,none,50400,0.2019948424748145,0.11670898539932915,0.00013661202043294907,0.27576337196864187,4,"1000,1001,1002,1003",59000,200,True
repeat-copy,structural_features,ber,none,50600,0.193527155785996,0.11104444927709442,0.0030293859157245607,0.27700184523127974,4,"1000,1001,1002,1003",59000,200,True
repeat-copy,structural_features,ber,none,50800,0.19985339997074333,0.10786253158466796,0.013271324903471396,0.26986330923624335,4,"1000,1001,1002,1003",59000,200,True
repeat-copy,structural_features,ber,none,51000,0.19637534435445558,0.10565907519172077,0.015449563901056536,0.2720573430322111,4,"1000,1001,1002,1003",59000,200,True
repeat-copy,structural_features,ber,none,51200,0.18400122556136922,0.10764314166800101,0.0006039373949170112,0.26258217317052185,4,"1000,1001,1002,1003",59000,200,True
repeat-copy,structural_features,ber,none,51400,0.18314932037101245,0.10633011939491809,0.006843214466352947,0.2722996799368411,4,"1000,1001,1002,1003",59000,200,True
repeat-copy,structural_features,ber,none,51600,0.18006341776868795,0.10878250458062695,0.00024271971778944135,0.2680593928694725,4,"1000,1001,1002,1003",59000,200,True
repeat-copy,structural_features,ber,none,51800,0.17999272934568578,0.11032129189372711,0.0012881920766085386,0.2773189908079803,4,"1000,1001,1002,1003",59000,200,True
repeat-copy,structural_features,ber,none,52000,0.18074498356945695,0.11051004650849496,9.228266950231045e-05,0.2738344396930188,4,"1000,1001,1002,1003",59000,200,True
repeat-copy,structural_features,ber,none,52200,0.17201736564631576,0.10694627001339425,0.0010404318873770534,0.2737399888969958,4,"1000,1001,1002,1003",59000,200,True
repeat-copy,structural_features,ber,none,52400,0.16246560959349154,0.11504014066267368,8.346486953087151e-05,0.2713035282958299,4,"1000,1001,1002,1003",59000,200,True
repeat-copy,structural_features,ber,none,52600,0.2032956868724432,0.11836776628896886,0.0,0.29197077800985427,4,"1000,1001,1002,1003",59000,200,True
repeat-copy,structural_features,ber,none,52800,0.14144330486655238,0.12355124099766955,0.00020465942565351725,0.2667175799701363,4,"1000,1001,1002,1003",59000,200,True
repeat-copy,structural_features,ber,none,53000,0.14304840177879669,0.1244305413331901,0.0,0.27218527206219734,4,"1000,1001,1002,1003",59000,200,True
repeat-copy,structural_features,ber,none,53200,0.1362245161883766,0.12395993401552041,0.0004483430832624435,0.26268172710668297,4,"1000,1001,1002,1003",59000,200,True
repeat-copy,structural_features,ber,none,53400,0.13363073326778246,0.12192746650265131,0.0003574337001191452,0.2557283284515142,4,"1000,1001,1002,1003",59000,200,True
repeat-copy,structural_features,ber,none,53600,0.13986022114695515,0.1289652966611021,3.229974070563912e-05,0.26905651032924655,4,"1000,1001,1002,1003",59000,200,True
repeat-copy,structural_features,ber,none,53800,0.1356347020919202,0.12680721241180315,0.00031840461771935223,0.2786053560301662,4,"1000,1001,1002,1003",59000,200,True
repeat-copy,structural_features,ber,none,54000,0.1378011379437521,0.12599230505984252,0.0006037463480606675,0.2659949854854494,4,"1000,1001,1002,1003",59000,200,True
repeat-copy,structural_features,ber,none,54200,0.13400479460542558,0.1270389349830656,0.00021625943714752792,0.26667327192611995,4,"1000,1001,1002,1003",59000,200,True
repeat-copy,structural_features,ber,none,54400,0.13536201070965034,0.12861700722477692,0.0002824920980492607,0.2689851865451783,4,"1000,1001,1002,1003",59000,200,True
repeat-copy,structural_features,ber,none,54600,0.13805138058160082,0.12901967867058584,0.00017005225410684943,0.2797318524029106,4,"1000,1001,1002,1003",59000,200,True
repeat-copy,structural_features,ber,none,54800,0.13813271012419137,0.1320557679943402,0.000184027022914961,0.2705085312202573,4,"1000,1001,1002,1003",59000,200,True
repeat-copy,structural_features,ber,none,55000,0.13623906516586431,0.1308612315247767,0.0003385407227324322,0.2756066147424281,4,"1000,1001,1002,1003",59000,200,True
repeat-copy,structural_features,ber,none,55200,0.13663486269171699,0.12860321709624956,0.00011932105990126729,0.27161360350437463,4,"1000,1001,1002,1003",59000,200,True
repeat-copy,structural_features,ber,none,55400,0.1364805261688889,0.13247817990899194,0.0,0.2733224527630955,4,"1000,1001,1002,1003",59000,200,True
repeat-copy,structural_features,ber,none,55600,0.13188714019488543,0.12631015417006883,7.814720040187239e-05,0.26319702675566076,4,"1000,1001,1002,1003",59000,200,True
repeat-copy,structural_features,ber,none,55800,0.13291763586792515,0.12647676977800731,0.0006145762192318216,0.26148976063355805,4,"1000,1001,1002,1003",59000,200,True
repeat-copy,structural_features,ber,none,56000,0.1304198412875121,0.12633176378000582,0.0006666667014360428,0.2575692552141845,4,"1000,1001,1002,1003",59000,200,True
repeat-copy,structural_features,ber,none,56200,0.13500494256193632,0.1313268275744656,0.0,0.27150869550183415,4,"1000,1001,1002,1003",59000,200,True
repeat-copy,structural_features,ber,none,56400,0.1329895523926825,0.12907750832869758,0.0,0.26722339357249436,4,"1000,1001,1002,1003",59000,200,True
repeat-copy,structural_features,ber,none,56600,0.13927241956975195,0.13266764949112972,0.004071637978195213,0.27369688908569517,4,"1000,1001,1002,1003",59000,200,True
repeat-copy,structural_features,ber,none,56800,0.13439521034699284,0.13161210480253668,0.0,0.2680412952695042,4,"1000,1001,1002,1003",59000,200,True
repeat-copy,structural_features,ber,none,57000,0.1290066569444025,0.12818365259021364,0.0,0.2618666723649949,4,"1000,1001,1002,1003",59000,200,True
repeat-copy,structural_features,ber,none,57200,0.1382012678826868,0.13547122907900178,0.0007724627421703189,0.27451987436041236,4,"1000,1001,1002,1003",59000,200,True
repeat-copy,structural_features,ber,none,57400,0.13317699750230533,0.13095544742797247,0.00041087962687015535,0.2713202861789614,4,"1000,1001,1002,1003",59000,200,True
repeat-copy,structural_features,ber,none,57600,0.1349928384005034,0.12380159433852585,0.00014939308632165195,0.27347968748770657,4,"1000,1001,1002,1003",59000,200,True
repeat-copy,structural_features,ber,none,57800,0.13083105693629477,0.1279054164108015,0.0008326286752708257,0.26290184995159505,4,"1000,1001,1002,1003",59000,200,True
repeat-copy,structural_features,ber,none,58000,0.13135015238629422,0.12896180779623748,0.00016771282593254,0.26405289482325317,4,"1000,1001,1002,1003",59000,200,True
repeat-copy,structural_features,ber,none,58200,0.13093937212339368,0.12920927422130768,5.432476056739688e-05,0.2617914974410087,4,"1000,1001,1002,1003",59000,200,True
repeat-copy,structural_features,ber,none,58400,0.13411883631459204,0.12683982402441363,0.0,0.26479816111736,4,"1000,1001,1002,1003",59000,200,True
repeat-copy,structural_features,ber,none,58600,0.12914336846704827,0.12638922292296476,0.0,0.25626400837674734,4,"1000,1001,1002,1003",59000,200,True
repeat-copy,structural_features,ber,none,58800,0.12927868502403725,0.12805346408723417,9.448949305806308e-05,0.2586982028093189,4,"1000,1001,1002,1003",59000,200,True
repeat-copy,structural_features,ber,none,59000,0.13037837066382052,0.12650386201985664,0.0,0.259240799723193,4,"1000,1001,1002,1003",59000,200,True
repeat-copy,structural_features,ber,length,200,0.43319743273779754,0.0025699747841427035,0.4309285556524992,0.43732276901602746,4,"1000,1001,1002,1003",59000,200,True
repeat-copy,structural_features,ber,length,400,0.4145193772204221,0.0009485927337029113,0.41360651575028895,0.41608116284012797,4,"1000,1001,1002,1003",59000,200,True
repeat-copy,structural_features,ber,length,600,0.405428281147033,0.005580998427101704,0.39631614558398726,0.4114106719940901,4,"1000,1001,1002,1003",59000,200,True
repeat-copy,structural_features,ber,length,800,0.39607380332425235,0.0018442131762291694,0.3930445947498083,0.39778108783066274,4,"1000,1001,1002,1003",59000,200,True
repeat-copy,structural_features,ber,length,1000,0.38921720296144485,0.0039673746693424765,0.38615344747900965,0.3958837447315455,4,"1000,1001,1002,1003",59000,200,True
repeat-copy,structural_features,ber,length,1200,0.37970448689535263,0.0031308287330813907,0.3747329347580671,0.3825182620435953,4,"1000,1001,1002,1003",59000,200,True
repeat-copy,structural_features,ber,length,1400,0.3750763870030642,0.009255015026379777,0.35971031039953233,0.3841865538805723,4,"1000,1001,1002,1003",59000,200,True
repeat-copy,structural_features,ber,length,1600,0.37056323089636867,0.005093386103182696,0.36288068316876887,0.37536107171326877,4,"1000,1001,1002,1003",59000,200,True
repeat-copy,structural_features,ber,length,1800,0.36544618745334445,0.007629132762543909,0.3538642073050141,0.37510860942304136,4,"1000,1001,1002,1003",59000,200,True
repeat-copy,structural_features,ber,length,2000,0.358541248831898,0.006958759892992637,0.3492433562874794,0.36799108896404503,4,"1000,1001,1002,1003",59000,200,True
repeat-copy,structural_features,ber,length,2200,0.3599110955186188,0.008950855966760062,0.34532982617616653,0.3681325692683458,4,"1000,1001,1002,1003",59000,200,True
repeat-copy,structural_features,ber,length,2400,0.35297733085229993,0.012472294127310947,0.332440713532269,0.3648745121061802,4,"1000,1001,1002,1003",59000,200,True
repeat-copy,structural_features,ber,length,2600,0.34556456160731613,0.009731292234608432,0.3310215525329113,0.3564245811104774,4,"1000,1001,1002,1003",59000,200,True
repeat-copy,structural_features,ber,length,2800,0.3457204791624099,0.015628812734244445,0.3190411876142025,0.3589067077636719,4,"1000,1001,1002,1003",59000,200,True
repeat-copy,structural_features,ber,length,3000,0.3402421976905316,0.016137291837582307,0.3131038609147072,0.35425252497196197,4,"1000,1001,1002,1003",59000,200,True
repeat-copy,structural_features,ber,length,3200,0.33656762521713973,0.017075996921815592,0.3071858145296574,0.3486888951063156,4,"1000,1001,1002,1003",59000,200,True
repeat-copy,structural_features,ber,length,3400,0.3338351892493665,0.022067703985968152,0.2960735072940588,0.351509178429842,4,"1000,1001,1002,1003",59000,200,True
repeat-copy,structural_features,ber,length,3600,0.3224090185482055,0.02674859788344499,0.27608647041022777,0.33851486802101133,4,"1000,1001,1002,1003",59000,200,True
repeat-copy,structural_features,ber,length,3800,0.3194160278723575,0.03738928800470985,0.2559313859138638,0.3475486961007118,4,"1000,1001,1002,1003",59000,200,True
repeat-copy,structural_features,ber,length,4000,0.3104943675058894,0.048911878470029826,0.22594059179537,0.3422974604740739,4,"1000,1001,1002,1003",59000,200,True
repeat-copy,structural_features,ber,length,4200,0.3054839873732999,0.04714890236703558,0.22404541006311773,0.33791939429938794,4,"1000,1001,1002,1003",59000,200,True
repeat-copy,structural_features,ber,length,4400,0.29815172859467565,0.06110204927356945,0.1925417597219348,0.3371927236020565,4,"1000,1001,1002,1003",59000,200,True
repeat-copy,structural_features,ber,length,4600,0.30008552222512663,0.06056739424412022,0.19620426956564188,0.34747142061591146,4,"1000,1001,1002,1003",59000,200,True
repeat-copy,structural_features,ber,length,4800,0.29310113812738564,0.06744791127222882,0.17674715060507878,0.3388214724510908,4,"1000,1001,1002,1003",59000,200,True
repeat-copy,structural_features,ber,length,5000,0.27378720057138706,0.09243874087037578,0.11418300118064507,0.33299420155584813,4,"1000,1001,1002,1003",59000,200,True
repeat-copy,structural_features,ber,length,5200,0.26032551808631976,0.10387236423026217,0.0812035792088136,0.33148480139672754,4,"1000,1001,1002,1003",59000,200,True
repeat-copy,structural_features,ber,length,5400,0.2547535835328745,0.11552152946973857,0.05669445487903431,0.3404885530471802,4,"1000,1001,1002,1003",59000,200,True
repeat-copy,structural_features,ber,length,5600,0.25490547579654954,0.10321244019711182,0.07851792953675613,0.3299915076047182,4,"1000,1001,1002,1003",59000,200,True
repeat-copy,structural_features,ber,length,5800,0.23933397388187588,0.11307271331221574,0.053700898731476626,0.3312363512907177,4,"1000,1001,1002,1003",59000,200,True
repeat-copy,structural_features,ber,length,6000,0.23291351140942423,0.1177924049610859,0.03868062362074852,0.33140744995325805,4,"1000,1001,1002,1003",59000,200,True
repeat-copy,structural_features,ber,length,6200,0.229655592982308,0.12340641738284006,0.031426383929792794,0.3343633951991796,4,"1000,1001,1002,1003",59000,200,True
repeat-copy,structural_features,ber,length,6400,0.22569190355017782,0.11927548012183699,0.039311619754880664,0.3322722235321999,4,"1000,1001,1002,1003",59000,200,True
repeat-copy,structural_features,ber,length,6600,0.21940356117615012,0.11776135312249997,0.04045676449080929,0.32557895496487615,4,"1000,1001,1002,1003",59000,200,True
repeat-copy,structural_features,ber,length,6800,0.20855490150817785,0.12426249108084408,0.030608298509032465,0.3251252207532525,4,"1000,1001,1002,1003",59000,200,True
repeat-copy,structural_features,ber,length,7000,0.19810090117942308,0.13118591321945822,0.032229799440829085,0.32721325375139715,4,"1000,1001,1002,1003",59000,200,True
repeat-copy,structural_features,ber,length,7200,0.18726544463745087,0.13867668155140717,0.027561190960695967,0.3287511993944645,4,"1000,1001,1002,1003",59000,200,True
repeat-copy,structural_features,ber,length,7400,0.1785849966848036,0.1421318799527904,0.02087651191628538,0.32729146387428043,4,"1000,1001,1002,1003",59000,200,True
repeat-copy,structural_features,ber,length,7600,0.1770577033938025,0.14724060746036238,0.017518374285427855,0.327324069775641,4,"1000,1001,1002,1003",59000,200,True
repeat-copy,structural_features,ber,length,7800,0.17509396304230904,0.14921751162302924,0.01163717821589671,0.3242563010007143,4,"1000,1001,1002,1003",59000,200,True
repeat-copy,structural_features,ber,length,8000,0.17240835028438595,0.15268309066310531,0.011418363690609112,0.3286645768582821,4,"1000,1001,1002,1003",59000,200,True
repeat-copy,structural_features,ber,length,8200,0.1742478335418855,0.15020149043781522,0.016413247337331995,0.3285935099422932,4,"1000,1001,1002,1003",59000,200,True
repeat-copy,structural_features,ber,length,8400,0.1687542270787526,0.1496711601380651,0.010841644351603463,0.3235293193534017,4,"1000,1001,1002,1003",59000,200,True
repeat-copy,structural_features,ber,length,8600,0.16909671544417507,0.15587917085537223,0.008733421913348138,0.32789156928658486,4,"1000,1001,1002,1003",59000,200,True
repeat-copy,structural_features,ber,length,8800,0.16996473015737137,0.15226167121661666,0.017667856942280194,0.32554039742797614,4,"1000,1001,1002,1003",59000,200,True
repeat-copy,structural_features,ber,length,9000,0.16748907325920298,0.15566207216097563,0.007989396785269491,0.3241993759945035,4,"1000,1001,1002,1003",59000,200,True
repeat-copy,structural_features,ber,length,9200,0.16430230067067897,0.15629835648464366,0.00701538885885384,0.32314138766378164,4,"1000,1001,1002,1003",59000,200,True
repeat-copy,structural_features,ber,length,9400,0.1680910626615514,0.15410997629517248,0.012528098695911467,0.3257256191596389,4,"1000,1001,1002,1003",59000,200,True
repeat-copy,structural_features,ber,length,9600,0.16461047671502455,0.15575296183365434,0.007160325591103174,0.3227244324609637,4,"1000,1001,1002,1003",59000,200,True
repeat-copy,structural_features,ber,length,9800,0.16274476487596987,0.15426115606311383,0.00545431184116751,0.31727396804839375,4,"1000,1001,1002,1003",59000,200,True
repeat-copy,structural_features,ber,length,10000,0.16171241450414528,0.1557628576578813,0.004238172576879151,0.3196148745343089,4,"1000,1001,1002,1003",59000,200,True
repeat-copy,structural_features,ber,length,10200,0.16313695757256938,0.15425030832974337,0.006234405834693462,0.321382640786469,4,"1000,1001,1002,1003",59000,200,True
repeat-copy,structural_features,ber,length,10400,0.1632297201525944,0.15581542820565142,0.007160551488050259,0.3221097779273987,4,"1000,1001,1002,1003",59000,200,True
repeat-copy,structural_features,ber,length,10600,0.16218531113932838,0.156258075782856,0.0024893793737282978,0.32262766804546117,4,"1000,1001,1002,1003",59000,200,True
repeat-copy,structural_features,ber,length,10800,0.15895328049125962,0.15287192348882622,0.004910947536118328,0.31305131189525126,4,"1000,1001,1002,1003",59000,200,True
repeat-copy,structural_features,ber,length,11000,0.16042240712718922,0.15464046782818175,0.004695829875417985,0.31623079888522626,4,"1000,1001,1002,1003",59000,200,True
repeat-copy,structural_features,ber,length,11200,0.16059193835317273,0.1542338198555395,0.0022251324518583714,0.321130197905004,4,"1000,1001,1002,1003",59000,200,True
repeat-copy,structural_features,ber,length,11400,0.15675929590070153,0.15393157678309202,0.0011362090439070015,0.3200438531860709,4,"1000,1001,1002,1003",59000,200,True
repeat-copy,structural_features,ber,length,11600,0.15402615173094092,0.14927858980881356,0.003456327793537639,0.3155632234737277,4,"1000,1001,1002,1003",59000,200,True
repeat-copy,structural_features,ber,length,11800,0.15184294697945006,0.14539358773287092,0.004557938394136727,0.3107305669225752,4,"1000,1001,1002,1003",59000,200,True
repeat-copy,structural_features,ber,length,12000,0.15134266800247131,0.147487302060806,0.0021946956205647437,0.3183943458646536,4,"1000,1001,1002,1003",59000,200,True
repeat-copy,structural_features,ber,length,12200,0.13855513682647141,0.13948488869516318,0.0012901791871991009,0.3171381946653128,4,"1000,1001,1002,1003",59000,200,True
repeat-copy,structural_features,ber,length,12400,0.1244116621046851,0.12985030768088462,0.0023245141661027446,0.3103309839218855,4,"1000,1001,1002,1003",59000,200,True
repeat-copy,structural_features,ber,length,12600,0.12951870605698787,0.13228205902227844,0.0022431786224478855,0.31314908143132925,4,"1000,1001,1002,1003",59000,200,True
repeat-copy,structural_features,ber,length,12800,0.11646226740005658,0.1330258976125614,0.001522797580109909,0.32668196901679036,4,"1000,1001,1002,1003",59000,200,True
repeat-copy,structural_features,ber,length,13000,0.09967988772928948,0.126891564566795,0.0012639388995012268,0.3124183398857713,4,"1000,1001,1002,1003",59000,200,True
repeat-copy,structural_features,ber,length,13200,0.09562747639298323,0.12676073679415156,0.0014560988335870207,0.30990487299859526,4,"1000,1001,1002,1003",59000,200,True
repeat-copy,structural_features,ber,length,13400,0.09387610557852895,0.13184089927133485,0.000950547963147983,0.31957499764859676,4,"1000,1001,1002,1003",59000,200,True
repeat-copy,structural_features,ber,length,13600,0.09166230987932067,0.13128812162903694,0.0017056832124944777,0.31702092964202166,4,"1000,1001,1002,1003",59000,200,True
repeat-copy,structural_features,ber,length,13800,0.0876983933468,0.13170374584182826,0.0009582784923259169,0.31500460345298054,4,"1000,1001,1002,1003",59000,200,True
repeat-copy,structural_features,ber,length,14000,0.08695669927561539,0.1279077867208508,0.0018913066270761193,0.30736306715756656,4,"1000,1001,1002,1003",59000,200,True
repeat-copy,structural_features,ber,length,14200,0.08334034396611968,0.1299526162702582,0.0020749464258551596,0.30804142136126755,4,"1000,1001,1002,1003",59000,200,True
repeat-copy,structural_features,ber,length,14400,0.08139258525843615,0.13224250054408618,0.0006974696944234892,0.31028059497475624,4,"1000,1001,1002,1003",59000,200,True
repeat-copy,structural_features,ber,length,14600,0.08518356980202953,0.13358485609671322,0.001676587492111139,0.3162108661979437,4,"1000,1001,1002,1003",59000,200,True
repeat-copy,structural_features,ber,length,14800,0.08090147339171382,0.13110040656047964,0.0009927122830413282,0.30782963898032906,4,"1000,1001,1002,1003",59000,200,True
repeat-copy,structural_features,ber,length,15000,0.07956775376209406,0.12962680681563063,0.0009621914918534458,0.30394774951040743,4,"1000,1001,1002,1003",59000,200,True
repeat-copy,structural_features,ber,length,15200,0.08311029139644234,0.1351947386079091,0.0010824191611027345,0.3171411602012813,4,"1000,1001,1002,1003",59000,200,True
repeat-copy,structural_features,ber,length,15400,0.08112106283428148,0.13220348393391343,0.0008967723598470911,0.309994604177773,4,"1000,1001,1002,1003",59000,200,True
repeat-copy,structural_features,ber,length,15600,0.09336197542506851,0.12396162804299975,0.0017187446990283206,0.3031242441758513,4,"1000,1001,1002,1003",59000,200,True
repeat-copy,structural_features,ber,length,15800,0.09292136629868765,0.12249394116566861,0.0007849103695480153,0.29933530148118737,4,"1000,1001,1002,1003",59000,200,True
repeat-copy,structural_features,ber,length,16000,0.08173032790102298,0.13267973881246822,0.0012136326805921272,0.3114452272281051,4,"1000,1001,1002,1003",59000,200,True
repeat-copy,structural_features,ber,length,16200,0.08424934620925341,0.13085965489500964,0.0009716154146008194,0.31033611230552194,4,"1000,1001,1002,1003",59000,200,True
repeat-copy,structural_features,ber,length,16400,0.07907361339763155,0.13237395537712948,0.001286028636386618,0.3083373231999576,4,"1000,1001,1002,1003",59000,200,True
repeat-copy,structural_features,ber,length,16600,0.07873017322970555,0.13161506636256054,0.001022771726711653,0.3066676301509142,4,"1000,1001,1002,1003",59000,200,True
repeat-copy,structural_features,ber,length,16800,0.07794900964174303,0.13213886592821159,0.0007708457001717761,0.3068136473931372,4,"1000,1001,1002,1003",59000,200,True
repeat-copy,structural_features,ber,length,17000,0.07869572236799285,0.13348203366003192,0.00027486781764309855,0.3098831454105675,4,"1000,1001,1002,1003",59000,200,True
repeat-copy,structural_features,ber,length,17200,0.07960543712950312,0.13313483889226868,0.000504062888212502,0.3101653993502259,4,"1000,1001,1002,1003",59000,200,True
repeat-copy,structural_features,ber,length,17400,0.0773381742046331,0.12981066539154396,0.0008931121381465345,0.3021556816063821,4,"1000,1001,1002,1003",59000,200,True
repeat-copy,structural_features,ber,length,17600,0.07332464985913248,0.12625574932873046,0.00020667378208599985,0.292005878649652,4,"1000,1001,1002,1003",59000,200,True
repeat-copy,structural_features,ber,length,17800,0.07923893565050093,0.12629078352120635,0.0005814384610857814,0.29764174077659844,4,"1000,1001,1002,1003",59000,200,True
repeat-copy,structural_features,ber,length,18000,0.07980439341728925,0.13264980408531107,0.0003565713530406356,0.30949793215841054,4,"1000,1001,1002,1003",59000,200,True
repeat-copy,structural_features,ber,length,18200,0.07723276015560258,0.13024674566773145,0.0005185669957427308,0.3028062329441309,4,"1000,1001,1002,1003",59000,200,True
repeat-copy,structural_features,ber,length,18400,0.07607453176155105,0.12846037233549257,0.00046521614014636723,0.29856875106692315,4,"1000,1001,1002,1003",59000,200,True
repeat-copy,structural_features,ber,length,18600,0.07691372491986839,0.13046709266114406,0.00019750463718082756,0.3028764940239489,4,"1000,1001,1002,1003",59000,200,True
repeat-copy,structural_features,ber,length,18800,0.07693424683937337,0.13085612140718508,0.00026521451014559715,0.3035789470374584,4,"1000,1001,1002,1003",59000,200,True
repeat-copy,structural_features,ber,length,19000,0.07595987528053229,0.12913981893542367,0.00020538315933663398,0.2996241281647235,4,"1000,1001,1002,1003",59000,200,True
repeat-copy,structural_features,ber,length,19200,0.07604503020993433,0.12926318637569714,0.0005482603231212125,0.29993292305618524,4,"1000,1001,1002,1003",59000,200,True
repeat-copy,structural_features,ber,length,19400,0.07519852151104715,0.12938850622385586,1.3717421097680926e-05,0.29930538665503265,4,"1000,1001,1002,1003",59000,200,True
repeat-copy,structural_features,ber,length,19600,0.07244188599521294,0.12323785316912157,0.0003344564430881292,0.28589095793664454,4,"1000,1001,1002,1003",59000,200,True
repeat-copy,structural_features,ber,length,19800,0.07775624343368691,0.1316502206690043,0.0002334038243861869,0.3057656071707606,4,"1000,1001,1002,1003",59000,200,True
repeat-copy,structural_features,ber,length,20000,0.07801770343648969,0.12979119245161025,0.0005220737488707528,0.3027926886919886,4,"1000,1001,1002,1003",59000,200,True
repeat-copy,structural_features,ber,length,20200,0.07664815469703172,0.13093353015562106,0.0007837691775057465,0.30343146121129394,4,"1000,1001,1002,1003",59000,200,True
repeat-copy,structural_features,ber,length,20400,0.07902906034098123,0.13240789477735246,0.0005402475921437145,0.30832650903612374,4,"1000,1001,1002,1003",59000,200,True
repeat-copy,structural_features,ber,length,20600,0.07633995998694444,0.13039308672372002,6.944444496184587e-05,0.3021834087744355,4,"1000,1001,1002,1003",59000,200,True
repeat-copy,structural_features,ber,length,20800,0.0769608788714686,0.12931116812502094,0.0004408815165515989,0.3009139837138355,4,"1000,1001,1002,1003",59000,200,True
repeat-copy,structural_features,ber,length,21000,0.07657836202793987,0.1302549779501119,0.0009512747637927532,0.3021859349310398,4,"1000,1001,1002,1003",59000,200,True
repeat-copy,structural_features,ber,length,21200,0.07464377948243055,0.1287980950721483,6.172839552164078e-05,0.29772843459621073,4,"1000,1001,1002,1003",59000,200,True
repeat-copy,structural_features,ber,length,21400,0.07604927864929778,0.13027082128892156,0.0006240090500796214,0.3016845361981541,4,"1000,1001,1002,1003",59000,200,True
repeat-copy,structural_features,ber,length,21600,0.07624489980415092,0.12787015702826038,0.0016925065102986992,0.2977208617143333,4,"1000,1001,1002,1003",59000,200,True
repeat-copy,structural_features,ber,length,21800,0.07663643174644677,0.13107928371998126,0.0,0.3036674574017525,4,"1000,1001,1002,1003",59000,200,True
repeat-copy,structural_features,ber,length,22000,0.07726362678295118,0.12934014380792982,0.00027186552004422994,0.3012459318898618,4,"1000,1001,1002,1003",59000,200,True
repeat-copy,structural_features,ber,length,22200,0.07992689571474329,0.12669020289385285,0.00019907679234165698,0.29923678376711904,4,"1000,1001,1002,1003",59000,200,True
repeat-copy,structural_features,ber,length,22400,0.07496501879330027,0.12666761283623781,0.0004245125997113064,0.29434387953951957,4,"1000,1001,1002,1003",59000,200,True
repeat-copy,structural_features,ber,length,22600,0.07421979207152618,0.12734673024643167,0.0,0.29478776702657344,4,"1000,1001,1002,1003",59000,200,True
repeat-copy,structural_features,ber,length,22800,0.08219022813209449,0.12696051320043852,0.00034892536932602526,0.3012986287474632,4,"1000,1001,1002,1003",59000,200,True
repeat-copy,structural_features,ber,length,23000,0.07631601492190385,0.12971832208482012,0.00038545298972167077,0.30098618384450676,4,"1000,1001,1002,1003",59000,200,True
repeat-copy,structural_features,ber,length,23200,0.0739797216001898,0.12740849851484456,0.00034470228536520153,0.29465769965201616,4,"1000,1001,1002,1003",59000,200,True
repeat-copy,structural_features,ber,length,23400,0.0759984720707871,0.12876617811778604,0.00016064755560364575,0.29900831340812145,4,"1000,1001,1002,1003",59000,200,True
repeat-copy,structural_features,ber,length,23600,0.07594857832751586,0.1274707913411412,0.00037016667949501424,0.29672421340830624,4,"1000,1001,1002,1003",59000,200,True
repeat-copy,structural_features,ber,length,23800,0.07465117587402346,0.12802725711582072,0.00036820855922996997,0.2963995338138193,4,"1000,1001,1002,1003",59000,200,True
repeat-copy,structural_features,ber,length,24000,0.07414860567732831,0.12799934118636386,4.2735044844448565e-05,0.2958498572558165,4,"1000,1001,1002,1003",59000,200,True
repeat-copy,structural_features,ber,length,24200,0.07396724729565904,0.12722059525183646,0.0002566218201536685,0.2943196096457541,4,"1000,1001,1002,1003",59000,200,True
repeat-copy,structural_features,ber,length,24400,0.07549194499035365,0.12721062935841124,0.00018703912966884671,0.29579905871301887,4,"1000,1001,1002,1003",59000,200,True
repeat-copy,structural_features,ber,length,24600,0.07752185188583098,0.12710887265537926,0.0003235610347473994,0.29752941898070273,4,"1000,1001,1002,1003",59000,200,True
repeat-copy,structural_features,ber,length,24800,0.07528516410893644,0.12393579173439476,0.0004513300332473591,0.28991667958907785,4,"1000,1001,1002,1003",59000,200,True
repeat-copy,structural_features,ber,length,25000,0.07290169683808927,0.12559789842877364,0.0002848402789095417,0.29044360103085637,4,"1000,1001,1002,1003",59000,200,True
repeat-copy,structural_features,ber,length,25200,0.07360301433378481,0.12697824118666967,4.025764763355255e-05,0.2935356096085161,4,"1000,1001,1002,1003",59000,200,True
repeat-copy,structural_features,ber,length,25400,0.07398458853640477,0.12744879836175876,0.0002933344297343865,0.29473234053701164,4,"1000,1001,1002,1003",59000,200,True
repeat-copy,structural_features,ber,length,25600,0.07711899974558037,0.13258399853350172,0.0,0.30675910092890263,4,"1000,1001,1002,1003",59000,200,True
repeat-copy,structural_features,ber,length,25800,0.07676369437511311,0.13111330029976323,2.650730893947184e-05,0.30385237814858557,4,"1000,1001,1002,1003",59000,200,True
repeat-copy,structural_features,ber,length,26000,0.07467788652458693,0.12811045815164687,4.4356610160321e-05,0.2965694645233452,4,"1000,1001,1002,1003",59000,200,True
repeat-copy,structural_features,ber,length,26200,0.07460246196118533,0.12608249877379654,0.0006293443724280223,0.29298005687072876,4,"1000,1001,1002,1003",59000,200,True
repeat-copy,structural_features,ber,length,26400,0.07778032973525113,0.13149436344730117,0.00012983135646209122,0.305527029633522,4,"1000,1001,1002,1003",59000,200,True
repeat-copy,structural_features,ber,length,26600,0.07441620248777325,0.12803100552382965,0.00035440746753010897,0.2961723336018622,4,"1000,1001,1002,1003",59000,200,True
repeat-copy,structural_features,ber,length,26800,0.07210586615779903,0.12423468346125857,0.0001338662055786699,0.28728647377341987,4,"1000,1001,1002,1003",59000,200,True
repeat-copy,structural_features,ber,length,27000,0.07409309871640289,0.12787577420762053,0.0,0.29558022593148053,4,"1000,1001,1002,1003",59000,200,True
repeat-copy,structural_features,ber,length,27200,0.07514290768493083,0.12744099819020724,0.0,0.2958552984148264,4,"1000,1001,1002,1003",59000,200,True
repeat-copy,structural_features,ber,length,27400,0.07303662928869016,0.12548808712752496,0.0,0.29038738227449357,4,"1000,1001,1002,1003",59000,200,True
repeat-copy,structural_features,ber,length,27600,0.07411771595710889,0.1279781712297429,0.0,0.2957822602335364,4,"1000,1001,1002,1003",59000,200,True
repeat-copy,structural_features,ber,length,27800,0.07160822174540954,0.12352719085571373,0.000173611119389534,0.28556348763406275,4,"1000,1001,1002,1003",59000,200,True
repeat-copy,structural_features,ber,length,28000,0.0724872303158918,0.12491087961859704,0.0001040904875844717,0.2888389752339572,4,"1000,1001,1002,1003",59000,200,True
repeat-copy,structural_features,ber,length,28200,0.07313696327211801,0.12498518420137855,0.0008444086642703042,0.28961752519011497,4,"1000,1001,1002,1003",59000,200,True
repeat-copy,structural_features,ber,length,28400,0.06998135981863014,0.12056013227050721,0.0,0.2787968173716217,4,"1000,1001,1002,1003",59000,200,True
repeat-copy,structural_features,ber,length,28600,0.07499629678510246,0.12736620228506093,0.0002727477176813409,0.2955960832722485,4,"1000,1001,1002,1003",59000,200,True
repeat-copy,structural_features,ber,length,28800,0.08606548475436285,0.11977254033691034,4.3009656365029515e-05,0.2900264788605273,4,"1000,1001,1002,1003",59000,200,True
repeat-copy,structural_features,ber,length,29000,0.0931359503683052,0.11790947651753192,0.00012998475169297307,0.28864750856533644,4,"1000,1001,1002,1003",59000,200,True
repeat-copy,structural_features,ber,length,29200,0.07456909012282267,0.12496820302622727,0.0006195427611237392,0.2909920311812311,4,"1000,1001,1002,1003",59000,200,True
repeat-copy,structural_features,ber,length,29400,0.07012101065338357,0.12015607519168171,0.0,0.2782332107331604,4,"1000,1001,1002,1003",59000,200,True
repeat-copy,structural_features,ber,length,29600,0.0730169908318203,0.12626750528580952,0.0,0.2917185857985169,4,"1000,1001,1002,1003",59000,200,True
repeat-copy,structural_features,ber,length,29800,0.07047133111933362,0.12083756814457898,0.0001339208212448284,0.27976712641306223,4,"1000,1001,1002,1003",59000,200,True
repeat-copy,structural_features,ber,length,30000,0.07153495355480118,0.12279477417346087,3.267973894253373e-05,0.28421902749687433,4,"1000,1001,1002,1003",59000,200,True
repeat-copy,structural_features,ber,length,30200,0.07190381633554352,0.1224146557306978,0.0,0.28391970730386673,4,"1000,1001,1002,1003",59000,200,True
repeat-copy,structural_features,ber,length,30400,0.07216813780964004,0.12224356357919763,0.0004640687792561948,0.2838963949773461,4,"1000,1001,1002,1003",59000,200,True
repeat-copy,structural_features,ber,length,30600,0.07053794892693986,0.12189326542235895,1.3717421097680926e-05,0.281663125641644,4,"1000,1001,1002,1003",59000,200,True
repeat-copy,structural_features,ber,length,30800,0.07475359458316233,0.12816840310139468,0.00017531709163449706,0.2967456243559718,4,"1000,1001,1002,1003",59000,200,True
repeat-copy,structural_features,ber,length,31000,0.07194106356488192,0.12283369064574498,0.0,0.284687282172963,4,"1000,1001,1002,1003",59000,200,True
repeat-copy,structural_features,ber,length,31200,0.07442294141830644,0.1268195376104779,0.0004186111059971154,0.29407578843645754,4,"1000,1001,1002,1003",59000,200,True
repeat-copy,structural_features,ber,length,31400,0.07085183922346915,0.12197361574420978,0.00011630138440523297,0.2821160292811692,4,"1000,1001,1002,1003",59000,200,True
repeat-copy,structural_features,ber,length,31600,0.07211115136917215,0.12466420024333959,0.0,0.28803568647243083,4,"1000,1001,1002,1003",59000,200,True
repeat-copy,structural_features,ber,length,31800,0.09671864415809978,0.11667107874758652,8.816470275633037e-05,0.2858998333103955,4,"1000,1001,1002,1003",59000,200,True
repeat-copy,structural_features,ber,length,32000,0.08112577533771399,0.12054411870313392,0.0,0.28845480669289825,4,"1000,1001,1002,1003",59000,200,True
repeat-copy,structural_features,ber,length,32200,0.06777811515392386,0.11558759614757748,0.0002693015564000234,0.2679758393485099,4,"1000,1001,1002,1003",59000,200,True
repeat-copy,structural_features,ber,length,32400,0.07246888323221357,0.12332701425194054,0.0004714923480059952,0.28607552997767927,4,"1000,1001,1002,1003",59000,200,True
repeat-copy,structural_features,ber,length,32600,0.07121050762405502,0.12294996825372762,0.0,0.28416582446545363,4,"1000,1001,1002,1003",59000,200,True
repeat-copy,structural_features,ber,length,32800,0.07085503964161034,0.12231807059823391,0.0001563251530751586,0.28271609283983706,4,"1000,1001,1002,1003",59000,200,True
repeat-copy,structural_features,ber,length,33000,0.06991161141180782,0.12080385880828498,0.0,0.2791499482281506,4,"1000,1001,1002,1003",59000,200,True
repeat-copy,structural_features,ber,length,33200,0.07093991248111706,0.11963057664996597,0.0003634223609697074,0.27813986700959503,4,"1000,1001,1002,1003",59000,200,True
repeat-copy,structural_features,ber,length,33400,0.07578995719333761,0.11972788936007855,9.166974108666181e-05,0.2826761062908918,4,"1000,1001,1002,1003",59000,200,True
repeat-copy,structural_features,ber,length,33600,0.06953682846229639,0.12009055581632332,0.0,0.2775395984761417,4,"1000,1001,1002,1003",59000,200,True
repeat-copy,structural_features,ber,length,33800,0.0725607406666677,0.12518697851536723,0.00014619883149862288,0.2893908626586199,4,"1000,1001,1002,1003",59000,200,True
repeat-copy,structural_features,ber,length,34000,0.0712295766925672,0.12192425269803212,0.0,0.2824017429631203,4,"1000,1001,1002,1003",59000,200,True
repeat-copy,structural_features,ber,length,34200,0.06842050670544268,0.11803676806994069,0.0001803144789300859,0.27286611692979934,4,"1000,1001,1002,1003",59000,200,True
repeat-copy,structural_features,ber,length,34400,0.06971571545946062,0.12013938770040794,0.0,0.27780275520868597,4,"1000,1001,1002,1003",59000,200,True
repeat-copy,structural_features,ber,length,34600,0.06724316930558416,0.11629338075382242,0.0,0.2686691725999117,4,"1000,1001,1002,1003",59000,200,True
repeat-copy,structural_features,ber,length,34800,0.07019466736965115,0.12115527592838465,0.0,0.28004159389063715,4,"1000,1001,1002,1003",59000,200,True
repeat-copy,structural_features,ber,length,35000,0.070585926775384,0.12119024035274441,5.747126415371895e-05,0.28049062721431256,4,"1000,1001,1002,1003",59000,200,True
repeat-copy,structural_features,ber,length,35200,0.07121527674127719,0.12310026025939298,0.0,0.28443110462278126,4,"1000,1001,1002,1003",59000,200,True
repeat-copy,structural_features,ber,length,35400,0.07184442398909596,0.12327976478108155,0.000221646788995713,0.2853696544840932,4,"1000,1001,1002,1003",59000,200,True
repeat-copy,structural_features,ber,length,35600,0.07197617526500835,0.12295699784665162,0.0,0.2849350367486477,4,"1000,1001,1002,1003",59000,200,True
repeat-copy,structural_features,ber,length,35800,0.0726223461511836,0.12528119211202227,0.00022516835597343742,0.28961572298780086,4,"1000,1001,1002,1003",59000,200,True
repeat-copy,structural_features,ber,length,36000,0.07044273840554524,0.12154666149666862,0.00012745414627715946,0.28096767885610463,4,"1000,1001,1002,1003",59000,200,True
repeat-copy,structural_features,ber,length,36200,0.07041185113761458,0.12193556111289856,0.0,0.2816104374267161,4,"1000,1001,1002,1003",59000,200,True
repeat-copy,structural_features,ber,length,36400,0.07063063563182369,0.12202394019733297,0.0,0.28198220270685853,4,"1000,1001,1002,1003",59000,200,True
repeat-copy,structural_features,ber,length,36600,0.0679645400129084,0.11722713904302737,0.0,0.2710075888223946,4,"1000,1001,1002,1003",59000,200,True
repeat-copy,structural_features,ber,length,36800,0.07052221533624106,0.12048702504627605,0.00020288073515985162,0.2792070069722831,4,"1000,1001,1002,1003",59000,200,True
repeat-copy,structural_features,ber,length,37000,0.07209158396435669,0.12364315323510662,0.0001550716464407742,0.28624469504691663,4,"1000,1001,1002,1003",59000,200,True
repeat-copy,structural_features,ber,length,37200,0.07121422494485159,0.11754205174886097,0.00036996528506278993,0.27475569864735006,4,"1000,1001,1002,1003",59000,200,True
repeat-copy,structural_features,ber,length,37400,0.06885804767749505,0.11794594682561217,0.0,0.2731446454394609,4,"1000,1001,1002,1003",59000,200,True
repeat-copy,structural_features,ber,length,37600,0.07360383402367006,0.1259438693592375,7.072663924191147e-05,0.29173856623470784,4,"1000,1001,1002,1003",59000,200,True
repeat-copy,structural_features,ber,length,37800,0.07389071400335524,0.11608418997788088,0.0,0.2744079607538879,4,"1000,1001,1002,1003",59000,200,True
repeat-copy,structural_features,ber,length,38000,0.06764199059529347,0.11539432613409464,0.0004142463114112616,0.2675069207325578,4,"1000,1001,1002,1003",59000,200,True
repeat-copy,structural_features,ber,length,38200,0.07021892813936575,0.12138259229741731,0.0,0.28045963109470906,4,"1000,1001,1002,1003",59000,200,True
repeat-copy,structural_features,ber,length,38400,0.07105773995484924,0.1220480904650066,0.00010310860234312713,0.2824505409691483,4,"1000,1001,1002,1003",59000,200,True
repeat-copy,structural_features,ber,length,38600,0.06888970142390463,0.11821061288753613,0.0,0.273631955543533,4,"1000,1001,1002,1003",59000,200,True
repeat-copy,structural_features,ber,length,38800,0.07154501021956093,0.12234938711176098,7.507507689297199e-05,0.28345473803579807,4,"1000,1001,1002,1003",59000,200,True
repeat-copy,structural_features,ber,length,39000,0.07025265241463785,0.1207259801396972,0.0,0.279355100505054,4,"1000,1001,1002,1003",59000,200,True
repeat-copy,structural_features,ber,length,39200,0.06885957603051793,0.11889618916216224,0.0,0.2747933114506304,4,"1000,1001,1002,1003",59000,200,True
repeat-copy,structural_features,ber,length,39400,0.06697843817237299,0.11529501030601055,0.0,0.26667426659725607,4,"1000,1001,1002,1003",59000,200,True
repeat-copy,structural_features,ber,length,39600,0.07083994602347958,0.12252068720159535,0.0,0.28305196911096575,4,"1000,1001,1002,1003",59000,200,True
repeat-copy,structural_features,ber,length,39800,0.07369789956137537,0.1181026885311081,0.0003113258210942149,0.2779591767583042,4,"1000,1001,1002,1003",59000,200,True
repeat-copy,structural_features,ber,length,40000,0.07012058891385095,0.11966041750644807,7.900199154391884e-05,0.27737102514132855,4,"1000,1001,1002,1003",59000,200,True
repeat-copy,structural_features,ber,length,40200,0.06970866275951267,0.11920867484877401,0.0,0.27617780729196967,4,"1000,1001,1002,1003",59000,200,True
repeat-copy,structural_features,ber,length,40400,0.07223022039426723,0.12243507117947638,0.00012626262381672858,0.2842878871038556,4,"1000,1001,1002,1003",59000,200,True
repeat-copy,structural_features,ber,length,40600,0.06722250837323372,0.11507642376244868,8.242730400525034e-05,0.26653933269903063,4,"1000,1001,1002,1003",59000,200,True
repeat-copy,structural_features,ber,length,40800,0.06718012343946611,0.11431863802219379,4.115226212888956e-05,0.26517394559457896,4,"1000,1001,1002,1003",59000,200,True
repeat-copy,structural_features,ber,length,41000,0.06676845709109329,0.11540884594678139,0.0,0.2666622813604772,4,"1000,1001,1002,1003",59000,200,True
repeat-copy,structural_features,ber,length,41200,0.06937891136854887,0.11986960798745329,0.0,0.27699908152222635,4,"1000,1001,1002,1003",59000,200,True
repeat-copy,structural_features,ber,length,41400,0.06906434389718924,0.11820022435819562,0.0,0.2737878683954477,4,"1000,1001,1002,1003",59000,200,True
repeat-copy,structural_features,ber,length,41600,0.06734249778601224,0.11615512635482783,0.000199107953812927,0.2685290590673685,4,"1000,1001,1002,1003",59000,200,True
repeat-copy,structural_features,ber,length,41800,0.06785772140210611,0.11742051694986604,0.0,0.2712359759118408,4,"1000,1001,1002,1003",59000,200,True
repeat-copy,structural_features,ber,length,42000,0.06383013384984224,0.11037772075430585,0.0,0.2550099199544638,4,"1000,1001,1002,1003",59000,200,True
repeat-copy,structural_features,ber,length,42200,0.07056781333900289,0.12199680708254669,0.00012840598821640015,0.2818724813684821,4,"1000,1001,1002,1003",59000,200,True
repeat-copy,structural_features,ber,length,42400,0.06777844455675222,0.1152692112724623,0.00019877981627359988,0.2674257721565664,4,"1000,1001,1002,1003",59000,200,True
repeat-copy,structural_features,ber,length,42600,0.068703648072551,0.11883269333055303,0.0,0.27452781062573195,4,"1000,1001,1002,1003",59000,200,True
repeat-copy,structural_features,ber,length,42800,0.06852548670882243,0.11838003421214241,0.0,0.27356536951847377,4,"1000,1001,1002,1003",59000,200,True
repeat-copy,structural_features,ber,length,43000,0.06813686530804261,0.11781799254448844,0.0,0.2722035505156964,4,"1000,1001,1002,1003",59000,200,True
repeat-copy,structural_features,ber,length,43200,0.07136252871758188,0.11595256898537057,0.00014126826426945626,0.2720475920382887,4,"1000,1001,1002,1003",59000,200,True
repeat-copy,structural_features,ber,length,43400,0.06605626866148669,0.11429387991007006,0.0,0.2640190501511097,4,"1000,1001,1002,1003",59000,200,True
repeat-copy,structural_features,ber,length,43600,0.0669294052926125,0.1156569487192547,0.0,0.2672529418580234,4,"1000,1001,1002,1003",59000,200,True
repeat-copy,structural_features,ber,length,43800,0.06549695411638821,0.11160767887968578,0.00019592086668126284,0.25880464086309074,4,"1000,1001,1002,1003",59000,200,True
repeat-copy,structural_features,ber,length,44000,0.06805854929087218,0.11766137284882837,0.0,0.2718539781495929,4,"1000,1001,1002,1003",59000,200,True
repeat-copy,structural_features,ber,length,44200,0.06857410057025846,0.1129000873193371,0.0003777844744035974,0.2640210212301463,4,"1000,1001,1002,1003",59000,200,True
repeat-copy,structural_features,ber,length,44400,0.06689467775751837,0.11465067763408758,2.4154589045792818e-05,0.2654707921203226,4,"1000,1001,1002,1003",59000,200,True
repeat-copy,structural_features,ber,length,44600,0.0660656605263648,0.114079669198843,0.0,0.26365697956643996,4,"1000,1001,1002,1003",59000,200,True
repeat-copy,structural_features,ber,length,44800,0.06835075413793675,0.1170311878876352,0.0,0.271049967892468,4,"1000,1001,1002,1003",59000,200,True
repeat-copy,structural_features,ber,length,45000,0.0676310462623951,0.11452266771578128,0.0,0.26598358679097145,4,"1000,1001,1002,1003",59000,200,True
repeat-copy,structural_features,ber,length,45200,0.06606560086191166,0.11414039308231783,0.0,0.26376242030411956,4,"1000,1001,1002,1003",59000,200,True
repeat-copy,structural_features,ber,length,45400,0.06861380314541748,0.11870525178198377,0.0,0.27421728054061534,4,"1000,1001,1002,1003",59000,200,True
repeat-copy,structural_features,ber,length,45600,0.06463854139467004,0.11151848523900612,5.100667360238731e-05,0.2577940601948649,4,"1000,1001,1002,1003",59000,200,True
repeat-copy,structural_features,ber,length,45800,0.06715670277553727,0.11619722138676307,0.0,0.26841617397964,4,"1000,1001,1002,1003",59000,200,True
repeat-copy,structural_features,ber,length,46000,0.06582618142871069,0.11384687528296115,0.0,0.263014647020027,4,"1000,1001,1002,1003",59000,200,True
repeat-copy,structural_features,ber,length,46200,0.07101526726415615,0.12271290521328243,0.0001219527202192694,0.283560242773965,4,"1000,1001,1002,1003",59000,200,True
repeat-copy,structural_features,ber,length,46400,0.06679455937177409,0.11560580701577063,0.0,0.26702966321259736,4,"1000,1001,1002,1003",59000,200,True
repeat-copy,structural_features,ber,length,46600,0.06536494862535619,0.11272312732556267,0.0,0.26060672553256153,4,"1000,1001,1002,1003",59000,200,True
repeat-copy,structural_features,ber,length,46800,0.06860412666224874,0.11809673764385561,8.720384445041417e-05,0.2731530863046646,4,"1000,1001,1002,1003",59000,200,True
repeat-copy,structural_features,ber,length,47000,0.06458816848127753,0.11104738233582356,0.0,0.2569263621605933,4,"1000,1001,1002,1003",59000,200,True
repeat-copy,structural_features,ber,length,47200,0.06965297002796432,0.12032595135189277,0.0,0.27806352348066865,4,"1000,1001,1002,1003",59000,200,True
repeat-copy,structural_features,ber,length,47400,0.06652784442223492,0.11382378251649798,5.4869684390723705e-05,0.2636708568967879,4,"1000,1001,1002,1003",59000,200,True
repeat-copy,structural_features,ber,length,47600,0.06756779879244276,0.1163945267961307,0.0,0.26916840186342594,4,"1000,1001,1002,1003",59000,200,True
repeat-copy,structural_features,ber,length,47800,0.06886153551298776,0.11919344417667688,9.578543831594289e-06,0.2753106328845024,4,"1000,1001,1002,1003",59000,200,True
repeat-copy,structural_features,ber,length,48000,0.06875465665914818,0.11821295367161061,0.0,0.2735047500766814,4,"1000,1001,1002,1003",59000,200,True
repeat-copy,structural_features,ber,length,48200,0.06501582036245963,0.11217734299504921,0.0,0.25931197999976574,4,"1000,1001,1002,1003",59000,200,True
repeat-copy,structural_features,ber,length,48400,0.07104432842636016,0.11586170851973636,0.0,0.2716032959148288,4,"1000,1001,1002,1003",59000,200,True
repeat-copy,structural_features,ber,length,48600,0.08627515601197956,0.109618172849351,0.0,0.2683205064851791,4,"1000,1001,1002,1003",59000,200,True
repeat-copy,structural_features,ber,length,48800,0.06708546155918156,0.11330874499190231,0.0007186784048099071,0.26333919134922323,4,"1000,1001,1002,1003",59000,200,True
repeat-copy,structural_features,ber,length,49000,0.06755718943051761,0.11633331795048385,0.0,0.26905182785354553,4,"1000,1001,1002,1003",59000,200,True
repeat-copy,structural_features,ber,length,49200,0.07020695344763227,0.11869940302280925,0.0,0.275772215500474,4,"1000,1001,1002,1003",59000,200,True
repeat-copy,structural_features,ber,length,49400,0.06995628690667219,0.12099884446785926,0.0,0.27953233090229335,4,"1000,1001,1002,1003",59000,200,True
repeat-copy,structural_features,ber,length,49600,0.06867517416263581,0.11844357944438354,0.0,0.273825180567801,4,"1000,1001,1002,1003",59000,200,True
repeat-copy,structural_features,ber,length,49800,0.06695397993855295,0.11449063432513377,7.024548947811127e-05,0.2652513547614217,4,"1000,1001,1002,1003",59000,200,True
repeat-copy,structural_features,ber,length,50000,0.06633689724083525,0.11450815954019286,0.0,0.2646705445367843,4,"1000,1001,1002,1003",59000,200,True
repeat-copy,structural_features,ber,length,50200,0.06864220634786762,0.11717283676313281,0.0,0.27158501028083265,4,"1000,1001,1002,1003",59000,200,True
repeat-copy,structural_features,ber,length,50400,0.06923711272349464,0.11955028919674976,4.2735044844448565e-05,0.2763041462097317,4,"1000,1001,1002,1003",59000,200,True
repeat-copy,structural_features,ber,length,50600,0.06377244551462355,0.10912827955062025,6.802720949053765e-05,0.2527833660040051,4,"1000,1001,1002,1003",59000,200,True
repeat-copy,structural_features,ber,length,50800,0.06523196596113849,0.1128265304858512,0.0,0.2606532191578299,4,"1000,1001,1002,1003",59000,200,True
repeat-copy,structural_features,ber,length,51000,0.06613937689660816,0.11420818364424895,0.0,0.26395332626067103,4,"1000,1001,1002,1003",59000,200,True
repeat-copy,structural_features,ber,length,51200,0.0639734623550612,0.11017093347246,1.8214936135336755e-05,0.2547944566607475,4,"1000,1001,1002,1003",59000,200,True
repeat-copy,structural_features,ber,length,51400,0.0637894594084355,0.10995855027254006,0.0001701148838037625,0.254243171159178,4,"1000,1001,1002,1003",59000,200,True
repeat-copy,structural_features,ber,length,51600,0.06647135219580377,0.11423220250589129,0.00015857764985412358,0.2643263978231698,4,"1000,1001,1002,1003",59000,200,True
repeat-copy,structural_features,ber,length,51800,0.06746321273880312,0.1166973641636785,0.0,0.2695888904016465,4,"1000,1001,1002,1003",59000,200,True
repeat-copy,structural_features,ber,length,52000,0.06750303572713165,0.116797327669921,0.0,0.26980188680812717,4,"1000,1001,1002,1003",59000,200,True
repeat-copy,structural_features,ber,length,52200,0.06718600297812372,0.11558705107802728,5.12820528820157e-05,0.26738768776878713,4,"1000,1001,1002,1003",59000,200,True
repeat-copy,structural_features,ber,length,52400,0.06606966202074545,0.11423501706572571,0.0,0.2639303623139858,4,"1000,1001,1002,1003",59000,200,True
repeat-copy,structural_features,ber,length,52600,0.06658705610359902,0.11528433700918449,0.0,0.2662653765268624,4,"1000,1001,1002,1003",59000,200,True
repeat-copy,structural_features,ber,length,52800,0.06597009186603828,0.11246377134961391,0.00018790981848724187,0.2607597721926868,4,"1000,1001,1002,1003",59000,200,True
repeat-copy,structural_features,ber,length,53000,0.06686570056815981,0.11560613794951853,0.0,0.2671013643126935,4,"1000,1001,1002,1003",59000,200,True
repeat-copy,structural_features,ber,length,53200,0.06338807724634535,0.10942315220934119,0.00011084783298429102,0.25291443421505394,4,"1000,1001,1002,1003",59000,200,True
repeat-copy,structural_features,ber,length,53400,0.06229515233033454,0.10776121516784529,0.0,0.24894302738830448,4,"1000,1001,1002,1003",59000,200,True
repeat-copy,structural_features,ber,length,53600,0.08867201497254429,0.10710082338741071,0.0,0.2623861768236384,4,"1000,1001,1002,1003",59000,200,True
repeat-copy,structural_features,ber,length,53800,0.07742856429162202,0.1149747994213149,0.0001149425283074379,0.2751274748612195,4,"1000,1001,1002,1003",59000,200,True
repeat-copy,structural_features,ber,length,54000,0.06617363720273715,0.1135959233281596,5.4773082956671716e-05,0.26292515121400356,4,"1000,1001,1002,1003",59000,200,True
repeat-copy,structural_features,ber,length,54200,0.06178082366051967,0.10684120055940631,0.0,0.24683509916532784,4,"1000,1001,1002,1003",59000,200,True
repeat-copy,structural_features,ber,length,54400,0.06498813897851506,0.11242577637555883,1.6103059751912953e-05,0.2597152699530125,4,"1000,1001,1002,1003",59000,200,True
repeat-copy,structural_features,ber,length,54600,0.07016890174214496,0.11708502089683302,7.671954750549048e-05,0.2729424217157066,4,"1000,1001,1002,1003",59000,200,True
repeat-copy,structural_features,ber,length,54800,0.0671438425850647,0.11441137581099342,0.0,0.26530142373405396,4,"1000,1001,1002,1003",59000,200,True
repeat-copy,structural_features,ber,length,55000,0.06781775549068698,0.11673244856638633,0.00016356023377738893,0.27000407721847297,4,"1000,1001,1002,1003",59000,200,True
repeat-copy,structural_features,ber,length,55200,0.0663153242097178,0.11484060725474016,0.0,0.2652250890992582,4,"1000,1001,1002,1003",59000,200,True
repeat-copy,structural_features,ber,length,55400,0.0674335769523168,0.116544034198483,0.0,0.2692935248790309,4,"1000,1001,1002,1003",59000,200,True
repeat-copy,structural_features,ber,length,55600,0.06485634783835849,0.11101801715395342,0.0,0.25713932408951223,4,"1000,1001,1002,1003",59000,200,True
repeat-copy,structural_features,ber,length,55800,0.06454421667091083,0.11105136963132789,0.0,0.25688954402692615,4,"1000,1001,1002,1003",59000,200,True
repeat-copy,structural_features,ber,length,56000,0.06249147580369026,0.1081815132405557,0.0,0.24986734021455048,4,"1000,1001,1002,1003",59000,200,True
repeat-copy,structural_features,ber,length,56200,0.06651936569105601,0.11498310334899382,0.0,0.2656757652759552,4,"1000,1001,1002,1003",59000,200,True
repeat-copy,structural_features,ber,length,56400,0.06475797799197607,0.11179645704610619,0.0,0.2583949331566691,4,"1000,1001,1002,1003",59000,200,True
repeat-copy,structural_features,ber,length,56600,0.06548630477380356,0.11329848678381722,0.0,0.26172502457164226,4,"1000,1001,1002,1003",59000,200,True
repeat-copy,structural_features,ber,length,56800,0.06625341898179614,0.11398482993028283,0.0,0.26367965031415225,4,"1000,1001,1002,1003",59000,200,True
repeat-copy,structural_features,ber,length,57000,0.06347139289195185,0.10992082191939308,0.0,0.2538598409574479,4,"1000,1001,1002,1003",59000,200,True
repeat-copy,structural_features,ber,length,57200,0.07087548826064449,0.11514364967001005,0.0,0.27014018028974535,4,"1000,1001,1002,1003",59000,200,True
repeat-copy,structural_features,ber,length,57400,0.06634668852595496,0.11337416887510285,0.0,0.26270998373627663,4,"1000,1001,1002,1003",59000,200,True
repeat-copy,structural_features,ber,length,57600,0.06808150791141088,0.11641156924491809,0.0004449406353523955,0.26971142505761236,4,"1000,1001,1002,1003",59000,200,True
repeat-copy,structural_features,ber,length,57800,0.06492839920058033,0.11168060251807513,0.0,0.2583639491675422,4,"1000,1001,1002,1003",59000,200,True
repeat-copy,structural_features,ber,length,58000,0.06555232245242223,0.11222922737095761,0.0,0.25993501745164393,4,"1000,1001,1002,1003",59000,200,True
repeat-copy,structural_features,ber,length,58200,0.06431911310908617,0.11133302142211797,0.0,0.2571535431873053,4,"1000,1001,1002,1003",59000,200,True
repeat-copy,structural_features,ber,length,58400,0.06273954260046594,0.10838977157403444,0.0,0.2504760444536805,4,"1000,1001,1002,1003",59000,200,True
repeat-copy,structural_features,ber,length,58600,0.06343108286309872,0.10951104981913623,8.923778892494738e-05,0.25310973622836175,4,"1000,1001,1002,1003",59000,200,True
repeat-copy,structural_features,ber,length,58800,0.06359700223823893,0.10946652533820093,2.6983830612152814e-05,0.2531969816144556,4,"1000,1001,1002,1003",59000,200,True
repeat-copy,structural_features,ber,length,59000,0.06354965837468626,0.1098680541881688,0.0,0.25384657440707087,4,"1000,1001,1002,1003",59000,200,True
repeat-copy,structural_features,ber,position,200,0.4326182468235493,0.0020455962485422673,0.4302332191169262,0.4357063318789005,4,"1000,1001,1002,1003",59000,200,True
repeat-copy,structural_features,ber,position,400,0.4139764087833464,0.002218283944140451,0.4111511778831482,0.41720919467508794,4,"1000,1001,1002,1003",59000,200,True
repeat-copy,structural_features,ber,position,600,0.400996277704835,0.0054487122008641834,0.39191970594227316,0.40602305650711057,4,"1000,1001,1002,1003",59000,200,True
repeat-copy,structural_features,ber,position,800,0.3931756275705993,0.002633928919980878,0.39071026116609575,0.39696339204907416,4,"1000,1001,1002,1003",59000,200,True
repeat-copy,structural_features,ber,position,1000,0.3842007402796298,0.006493145581365872,0.3773419155180454,0.39120142489671705,4,"1000,1001,1002,1003",59000,200,True
repeat-copy,structural_features,ber,position,1200,0.37319899709895255,0.0031825843471535863,0.37000065106898544,0.3784785182774067,4,"1000,1001,1002,1003",59000,200,True
repeat-copy,structural_features,ber,position,1400,0.36772703714668753,0.003776925849288294,0.36208168014883996,0.37118015319108966,4,"1000,1001,1002,1003",59000,200,True
repeat-copy,structural_features,ber,position,1600,0.3619562195893377,0.0038585406018465064,0.3557164205610752,0.3651882337033749,4,"1000,1001,1002,1003",59000,200,True
repeat-copy,structural_features,ber,position,1800,0.35797237793914977,0.004356232101666952,0.3516151135414839,0.3620788538083434,4,"1000,1001,1002,1003",59000,200,True
repeat-copy,structural_features,ber,position,2000,0.34985329705290497,0.007065374136049024,0.3381359842792153,0.3562131492048502,4,"1000,1001,1002,1003",59000,200,True
repeat-copy,structural_features,ber,position,2200,0.35313887420110407,0.0020545616714815135,0.35079004548490045,0.3561317138373852,4,"1000,1001,1002,1003",59000,200,True
repeat-copy,structural_features,ber,position,2400,0.34736338795162736,0.0069875174071486156,0.33614273931831123,0.3537285291031003,4,"1000,1001,1002,1003",59000,200,True
repeat-copy,structural_features,ber,position,2600,0.339971058871597,0.004449190195934504,0.3335658653080463,0.3461259837448597,4,"1000,1001,1002,1003",59000,200,True
repeat-copy,structural_features,ber,position,2800,0.34271698817610746,0.005929427627430532,0.3363249969854951,0.35125585496425626,4,"1000,1001,1002,1003",59000,200,True
repeat-copy,structural_features,ber,position,3000,0.3363302635308355,0.0025624712413946714,0.3327646631002426,0.34001030031591656,4,"1000,1001,1002,1003",59000,200,True
repeat-copy,structural_features,ber,position,3200,0.33371089103631674,0.004885584552076967,0.32698353871703145,0.3393626057356596,4,"1000,1001,1002,1003",59000,200,True
repeat-copy,structural_features,ber,position,3400,0.33445385004393763,0.0019364682162673376,0.3322143694385886,0.3365180037543178,4,"1000,1001,1002,1003",59000,200,True
repeat-copy,structural_features,ber,position,3600,0.32417600237764416,0.006370983240435553,0.3154728041216731,0.33034055687487124,4,"1000,1001,1002,1003",59000,200,True
repeat-copy,structural_features,ber,position,3800,0.3251637066807598,0.003664035826272593,0.3216626521199942,0.33070788994431494,4,"1000,1001,1002,1003",59000,200,True
repeat-copy,structural_features,ber,position,4000,0.3241874696593732,0.0038578261899306684,0.3200380863621831,0.3303801099956036,4,"1000,1001,1002,1003",59000,200,True
repeat-copy,structural_features,ber,position,4200,0.3205233488883823,0.004616006891988023,0.31331667080521586,0.32505728587508204,4,"1000,1001,1002,1003",59000,200,True
repeat-copy,structural_features,ber,position,4400,0.31946717847138645,0.0046118052703276674,0.3135712531581521,0.3262290658056736,4,"1000,1001,1002,1003",59000,200,True
repeat-copy,structural_features,ber,position,4600,0.3183879220578819,0.009852569133140828,0.3060505900904536,0.3335368454828858,4,"1000,1001,1002,1003",59000,200,True
repeat-copy,structural_features,ber,position,4800,0.31711621944094076,0.0051321827426490906,0.3101579079777002,0.32275022310204804,4,"1000,1001,1002,1003",59000,200,True
repeat-copy,structural_features,ber,position,5000,0.3097399086738005,0.007636682703901665,0.29698582775890825,0.31714688990265133,4,"1000,1001,1002,1003",59000,200,True
repeat-copy,structural_features,ber,position,5200,0.3068986672349274,0.01541543286026686,0.28095549926161767,0.32029648061841726,4,"1000,1001,1002,1003",59000,200,True
repeat-copy,structural_features,ber,position,5400,0.3030653296411038,0.022782204853337165,0.26467727083712816,0.32429699175059795,4,"1000,1001,1002,1003",59000,200,True
repeat-copy,structural_features,ber,position,5600,0.2866822741460055,0.04808237606714512,0.2037646222114563,0.3211776687577367,4,"1000,1001,1002,1003",59000,200,True
repeat-copy,structural_features,ber,position,5800,0.26918849161360414,0.0709839391419246,0.14630936259403826,0.31399676043540237,4,"1000,1001,1002,1003",59000,200,True
repeat-copy,structural_features,ber,position,6000,0.2569081205595285,0.0977363718336355,0.08771575599908829,0.31805358447134496,4,"1000,1001,1002,1003",59000,200,True
repeat-copy,structural_features,ber,position,6200,0.25614522799558476,0.10513352684975151,0.07404945409623906,0.31710635222494604,4,"1000,1001,1002,1003",59000,200,True
repeat-copy,structural_features,ber,position,6400,0.24815708298352546,0.1119190229235837,0.05431898016948253,0.31420040905475616,4,"1000,1001,1002,1003",59000,200,True
repeat-copy,structural_features,ber,position,6600,0.24287966868898364,0.12211768395443491,0.031489995329175145,0.31976597018539904,4,"1000,1001,1002,1003",59000,200,True
repeat-copy,structural_features,ber,position,6800,0.23679575083500826,0.12458026315084107,0.02104877251025755,0.3122215643897653,4,"1000,1001,1002,1003",59000,200,True
repeat-copy,structural_features,ber,position,7000,0.2370470363726781,0.12896215419221627,0.013688871035701594,0.31357388451695445,4,"1000,1001,1002,1003",59000,200,True
repeat-copy,structural_features,ber,position,7200,0.24002139470379918,0.13056459545874638,0.013921802708064207,0.3184355160593986,4,"1000,1001,1002,1003",59000,200,True
repeat-copy,structural_features,ber,position,7400,0.23755677065011693,0.1284789765779047,0.015044856374734081,0.3139465310424566,4,"1000,1001,1002,1003",59000,200,True
repeat-copy,structural_features,ber,position,7600,0.23489364478446076,0.12748473557678333,0.014371235973667353,0.31411501245573165,4,"1000,1001,1002,1003",59000,200,True
repeat-copy,structural_features,ber,position,7800,0.23254802791881957,0.12786838682930354,0.011091357023105956,0.30855094430968166,4,"1000,1001,1002,1003",59000,200,True
repeat-copy,structural_features,ber,position,8000,0.22765924298641038,0.12689931923548348,0.008136455881176516,0.30852520778775216,4,"1000,1001,1002,1003",59000,200,True
repeat-copy,structural_features,ber,position,8200,0.22440832434862384,0.12574198417730317,0.007504677127581089,0.3106627993658185,4,"1000,1001,1002,1003",59000,200,True
repeat-copy,structural_features,ber,position,8400,0.22044123811254393,0.1244948751637514,0.006883851870079525,0.3064902337267995,4,"1000,1001,1002,1003",59000,200,True
repeat-copy,structural_features,ber,position,8600,0.2061189218716754,0.12095714276496301,0.010514714182936586,0.3104841558262706,4,"1000,1001,1002,1003",59000,200,True
repeat-copy,structural_features,ber,position,8800,0.1853994972423243,0.12317936277351643,0.008643989735865033,0.30665169283747673,4,"1000,1001,1002,1003",59000,200,True
repeat-copy,structural_features,ber,position,9000,0.17626184020511576,0.129562835656605,0.0037685791158583015,0.30697108156979086,4,"1000,1001,1002,1003",59000,200,True
repeat-copy,structural_features,ber,position,9200,0.16735838149717894,0.13970461526984443,0.003811061030137353,0.30930116746574643,4,"1000,1001,1002,1003",59000,200,True
repeat-copy,structural_features,ber,position,9400,0.15926190218204284,0.14053010670085708,0.0016045650426531211,0.2995143098384142,4,"1000,1001,1002,1003",59000,200,True
repeat-copy,structural_features,ber,position,9600,0.15608528251075768,0.14384441568081033,0.0008774407004239037,0.3023054576665163,4,"1000,1001,1002,1003",59000,200,True
repeat-copy,structural_features,ber,position,9800,0.15301886302244383,0.1424234066222341,0.0036849236028501766,0.2970344676077366,4,"1000,1001,1002,1003",59000,200,True
repeat-copy,structural_features,ber,position,10000,0.15028970445608136,0.1425245807565639,0.0018631816568085923,0.30209514120593667,4,"1000,1001,1002,1003",59000,200,True
repeat-copy,structural_features,ber,position,10200,0.14626568331295858,0.13478017032917455,0.0113541730993893,0.3042590343952179,4,"1000,1001,1002,1003",59000,200,True
repeat-copy,structural_features,ber,position,10400,0.1283707485513878,0.12899288803578884,0.0007772042381111533,0.30202273584902284,4,"1000,1001,1002,1003",59000,200,True
repeat-copy,structural_features,ber,position,10600,0.12163513401392265,0.1257521626778407,0.0015878153801895678,0.3023512294888496,4,"1000,1001,1002,1003",59000,200,True
repeat-copy,structural_features,ber,position,10800,0.11103816005648695,0.118943128882342,0.0014357629523146897,0.29031475700438025,4,"1000,1001,1002,1003",59000,200,True
repeat-copy,structural_features,ber,position,11000,0.09449356105513289,0.11864298779706298,0.00020133957732468844,0.29316906914114954,4,"1000,1001,1002,1003",59000,200,True
repeat-copy,structural_features,ber,position,11200,0.08336380426742834,0.12473507159287438,0.0016121187573298812,0.2986338115483522,4,"1000,1001,1002,1003",59000,200,True
repeat-copy,structural_features,ber,position,11400,0.07932945336477132,0.12763108188357933,0.0005866903538117185,0.3002607525140047,4,"1000,1001,1002,1003",59000,200,True
repeat-copy,structural_features,ber,position,11600,0.07782314592652255,0.12387637416227709,0.003207768340362236,0.29235803268849847,4,"1000,1001,1002,1003",59000,200,True
repeat-copy,structural_features,ber,position,11800,0.0803056177396502,0.1208518269767207,0.00014761138008907438,0.28911520370282234,4,"1000,1001,1002,1003",59000,200,True
repeat-copy,structural_features,ber,position,12000,0.0764955836367153,0.12743273743309627,0.0010790979285957292,0.297197031583637,4,"1000,1001,1002,1003",59000,200,True
repeat-copy,structural_features,ber,position,12200,0.07585311092931078,0.12517607922794555,0.0024708467599703,0.2926562210172415,4,"1000,1001,1002,1003",59000,200,True
repeat-copy,structural_features,ber,position,12400,0.07286231601872714,0.12331516445403468,0.0006535928382072598,0.2864476936496794,4,"1000,1001,1002,1003",59000,200,True
repeat-copy,structural_features,ber,position,12600,0.07323483261410729,0.12290694601061189,0.0002029616484651342,0.28610416244715453,4,"1000,1001,1002,1003",59000,200,True
repeat-copy,structural_features,ber,position,12800,0.07713106794108171,0.12750225319626746,0.001752070900402032,0.2979550088196993,4,"1000,1001,1002,1003",59000,200,True
repeat-copy,structural_features,ber,position,13000,0.07081893877446419,0.11970948228561068,0.00040903542190790177,0.278151507563889,4,"1000,1001,1002,1003",59000,200,True
repeat-copy,structural_features,ber,position,13200,0.07140280292529497,0.12047444880987489,0.0008437419880647213,0.2800665249861777,4,"1000,1001,1002,1003",59000,200,True
repeat-copy,structural_features,ber,position,13400,0.07339045773973339,0.12471497935368611,3.044140059500933e-05,0.2893941380083561,4,"1000,1001,1002,1003",59000,200,True
repeat-copy,structural_features,ber,position,13600,0.07048781475954456,0.11955588489247211,0.0008163565851282328,0.2775629358552396,4,"1000,1001,1002,1003",59000,200,True
repeat-copy,structural_features,ber,position,13800,0.06700687982985983,0.1140095153461612,0.00019843296729959547,0.2644742446113378,4,"1000,1001,1002,1003",59000,200,True
repeat-copy,structural_features,ber,position,14000,0.05400286926640547,0.09094571277274736,8.357075275853277e-05,0.21150434999726714,4,"1000,1001,1002,1003",59000,200,True
repeat-copy,structural_features,ber,position,14200,0.03442314156505745,0.056466870076183395,0.0008239022095222026,0.13222076321020723,4,"1000,1001,1002,1003",59000,200,True
repeat-copy,structural_features,ber,position,14400,0.017612649182701716,0.029101839001932247,0.0006307682860642672,0.06801769712008536,4,"1000,1001,1002,1003",59000,200,True
repeat-copy,structural_features,ber,position,14600,0.0066022484299901405,0.0096490906489788,0.0005845667771063745,0.02330762623110786,4,"1000,1001,1002,1003",59000,200,True
repeat-copy,structural_features,ber,position,14800,0.0045147516389261,0.004871520168279238,6.393282092176378e-05,0.011850790563039481,4,"1000,1001,1002,1003",59000,200,True
repeat-copy,structural_features,ber,position,15000,0.0027304542997444517,0.003869725645159386,0.0,0.009399856071104296,4,"1000,1001,1002,1003",59000,200,True
repeat-copy,structural_features,ber,position,15200,0.0023983433817920743,0.0028446168166475164,0.00034205693344119937,0.007258132999413647,4,"1000,1001,1002,1003",59000,200,True
repeat-copy,structural_features,ber,position,15400,0.00245549892730196,0.0026949022191648728,1.0683761211112141e-05,0.006968760319869034,4,"1000,1001,1002,1003",59000,200,True
repeat-copy,structural_features,ber,position,15600,0.001840389803983271,0.0017618067837906779,0.0005743943387642503,0.004852014189236797,4,"1000,1001,1002,1003",59000,200,True
repeat-copy,structural_features,ber,position,15800,0.00452251454742509,0.002080433874102544,0.0013356237404514104,0.0068228270538384095,4,"1000,1001,1002,1003",59000,200,True
repeat-copy,structural_features,ber,position,16000,0.002012987096240977,0.002202896926268696,0.00017677003517746926,0.005772447772324085,4,"1000,1001,1002,1003",59000,200,True
repeat-copy,structural_features,ber,position,16200,0.0011554612209147307,0.0012399435972295187,0.0003673480125144124,0.0033009102917276323,4,"1000,1001,1002,1003",59000,200,True
repeat-copy,structural_features,ber,position,16400,0.0009473393297230359,0.0009583457531778248,8.653198834508657e-05,0.0025473318982403726,4,"1000,1001,1002,1003",59000,200,True
repeat-copy,structural_features,ber,position,16600,0.0014911247209238353,0.0009005180891223498,9.822470601648093e-05,0.0024900571681791914,4,"1000,1001,1002,1003",59000,200,True
repeat-copy,structural_features,ber,position,16800,0.0008058354856621008,0.0007314799536883819,0.0001710308075416833,0.0019973996496992184,4,"1000,1001,1002,1003",59000,200,True
repeat-copy,structural_features,ber,position,17000,0.0011597135217743925,0.0010705737686759898,5.978086381219328e-05,0.002554079242399894,4,"1000,1001,1002,1003",59000,200,True
repeat-copy,structural_features,ber,position,17200,0.0008256063103908673,0.00033874611695398096,0.0005001958319917322,0.0013769582234090193,4,"1000,1001,1002,1003",59000,200,True
repeat-copy,structural_features,ber,position,17400,0.001164837035466917,0.0011446260664243065,0.0001057873701211065,0.003023901123087853,4,"1000,1001,1002,1003",59000,200,True
repeat-copy,structural_features,ber,position,17600,0.005146140392607777,0.008111256861079734,0.0,0.019161935342708603,4,"1000,1001,1002,1003",59000,200,True
repeat-copy,structural_features,ber,position,17800,0.00035147398593835536,0.00019307184427915297,0.00015558513812720775,0.0006442362535744906,4,"1000,1001,1002,1003",59000,200,True
repeat-copy,structural_features,ber,position,18000,0.0007784584816545249,0.0010647020482699775,7.3099415749311445e-06,0.0025998612167313696,4,"1000,1001,1002,1003",59000,200,True
repeat-copy,structural_features,ber,position,18200,0.0009676706582831684,0.0008491643214483081,0.0,0.0022658868413418533,4,"1000,1001,1002,1003",59000,200,True
repeat-copy,structural_features,ber,position,18400,0.0010755255176627542,0.0007629284687944448,0.0004390297411009669,0.0023572565702488645,4,"1000,1001,1002,1003",59000,200,True
repeat-copy,structural_features,ber,position,18600,0.0014019475302484352,0.0014110620169767792,0.000273561041103676,0.003819915286730975,4,"1000,1001,1002,1003",59000,200,True
repeat-copy,structural_features,ber,position,18800,0.0013778419690788724,0.0016181740826913056,0.0,0.004134603982092813,4,"1000,1001,1002,1003",59000,200,True
repeat-copy,structural_features,ber,position,19000,0.0005539138079620898,0.0007912642332722304,0.0,0.0019197769556194544,4,"1000,1001,1002,1003",59000,200,True
repeat-copy,structural_features,ber,position,19200,0.0006456235631776508,0.0009386960703926345,4.629629664123058e-05,0.002267535975552164,4,"1000,1001,1002,1003",59000,200,True
repeat-copy,structural_features,ber,position,19400,0.0017328726492996794,0.002737085699739101,7.936508394777775e-05,0.0064729096397059035,4,"1000,1001,1002,1003",59000,200,True
repeat-copy,structural_features,ber,position,19600,0.0016388626131811181,0.001569853648124536,0.00019352519186213612,0.004181237129960209,4,"1000,1001,1002,1003",59000,200,True
repeat-copy,structural_features,ber,position,19800,0.00021546686111832968,0.00024196886662059583,0.0,0.0006136943795718253,4,"1000,1001,1002,1003",59000,200,True
repeat-copy,structural_features,ber,position,20000,0.0010173309165111277,0.0008339205858889509,0.00013978591246996075,0.002375170725863427,4,"1000,1001,1002,1003",59000,200,True
repeat-copy,structural_features,ber,position,20200,0.00025663788939709773,0.00017832487647915046,0.0,0.0004668129119090736,4,"1000,1001,1002,1003",59000,200,True
repeat-copy,structural_features,ber,position,20400,0.00028363073215587065,0.00022335873494573337,0.0,0.0006017628667177632,4,"1000,1001,1002,1003",59000,200,True
repeat-copy,structural_features,ber,position,20600,0.0010502620782062877,0.0010280112037615548,8.679812774062157e-05,0.0027731589367613195,4,"1000,1001,1002,1003",59000,200,True
repeat-copy,structural_features,ber,position,20800,0.0010794007340155078,0.0017749400050656578,0.0,0.004153085344005376,4,"1000,1001,1002,1003",59000,200,True
repeat-copy,structural_features,ber,position,21000,0.00056293799134437,0.0002556767446889201,0.0002330253552645445,0.0009506900189444423,4,"1000,1001,1002,1003",59000,200,True
repeat-copy,structural_features,ber,position,21200,0.0009588265436468646,0.0006167206903297752,0.0,0.0016526135394815357,4,"1000,1001,1002,1003",59000,200,True
repeat-copy,structural_features,ber,position,21400,0.0004178952256916091,0.0005773592828294125,0.0,0.0013991860882379115,4,"1000,1001,1002,1003",59000,200,True
repeat-copy,structural_features,ber,position,21600,0.005169931629789063,0.008741381145639007,0.0,0.020309656911995263,4,"1000,1001,1002,1003",59000,200,True
repeat-copy,structural_features,ber,position,21800,0.0003899218147853389,0.0005190381429398389,0.0,0.001264325976371765,4,"1000,1001,1002,1003",59000,200,True
repeat-copy,structural_features,ber,position,22000,0.0007629595551406966,0.0012829005017497633,0.0,0.0029844981548376383,4,"1000,1001,1002,1003",59000,200,True
repeat-copy,structural_features,ber,position,22200,1.857333758380264e-05,2.543814766809677e-05,0.0,6.172839552164078e-05,4,"1000,1001,1002,1003",59000,200,True
repeat-copy,structural_features,ber,position,22400,0.000335396715963725,0.00021631519030859494,2.200220013037324e-05,0.0005499523691833019,4,"1000,1001,1002,1003",59000,200,True
repeat-copy,structural_features,ber,position,22600,0.002270143837085925,0.002110126488039379,0.0,0.004925151602947153,4,"1000,1001,1002,1003",59000,200,True
repeat-copy,structural_features,ber,position,22800,0.00038543228132766673,0.0003850321443192701,0.0,0.0009755800012499094,4,"1000,1001,1002,1003",59000,200,True
repeat-copy,structural_features,ber,position,23000,0.0016398446403036357,0.002630537524846119,0.0,0.006192756706150248,4,"1000,1001,1002,1003",59000,200,True
repeat-copy,structural_features,ber,position,23200,0.00043617275325232187,0.0006428383419176774,0.0,0.001542326252674684,4,"1000,1001,1002,1003",59000,200,True
repeat-copy,structural_features,ber,position,23400,9.319901029812173e-05,0.0001166741514511301,0.0,0.00028566334280185403,4,"1000,1001,1002,1003",59000,200,True
repeat-copy,structural_features,ber,position,23600,0.00031033631094032896,0.00030037131098431926,0.0,0.0007825724012218416,4,"1000,1001,1002,1003",59000,200,True
repeat-copy,structural_features,ber,position,23800,0.00088387037278153,0.0008107840954249719,0.0,0.0021914376085624097,4,"1000,1001,1002,1003",59000,200,True
repeat-copy,structural_features,ber,position,24000,0.00016162969754077494,0.00013657914812955767,0.0,0.00037595290690660475,4,"1000,1001,1002,1003",59000,200,True
repeat-copy,structural_features,ber,position,24200,0.0009186095304903575,0.0009466826426694573,0.0,0.0022981679264921697,4,"1000,1001,1002,1003",59000,200,True
repeat-copy,structural_features,ber,position,24400,0.00020749315794091672,0.0002943349320820318,0.0,0.000710213826969266,4,"1000,1001,1002,1003",59000,200,True
repeat-copy,structural_features,ber,position,24600,0.0010572736557514872,0.0018280773244533355,0.0,0.0042235940729733554,4,"1000,1001,1002,1003",59000,200,True
repeat-copy,structural_features,ber,position,24800,0.00021707216772483664,0.00032166216009256877,0.0,0.0007698412798345089,4,"1000,1001,1002,1003",59000,200,True
repeat-copy,structural_features,ber,position,25000,0.0007094087231962476,0.0008685841814586993,0.0,0.0021275878517189994,4,"1000,1001,1002,1003",59000,200,True
repeat-copy,structural_features,ber,position,25200,0.0030617963465920184,0.0048638729498851835,2.1786491852253676e-05,0.011472790877451188,4,"1000,1001,1002,1003",59000,200,True
repeat-copy,structural_features,ber,position,25400,8.573388331569731e-06,1.4849544183296943e-05,0.0,3.4293553326278925e-05,4,"1000,1001,1002,1003",59000,200,True
repeat-copy,structural_features,ber,position,25600,0.0006148185883648694,0.0004279481311212415,0.0,0.0011497124005109072,4,"1000,1001,1002,1003",59000,200,True
repeat-copy,structural_features,ber,position,25800,0.00019651340000564232,0.0002536148802096306,0.0,0.0006276226986665278,4,"1000,1001,1002,1003",59000,200,True
repeat-copy,structural_features,ber,position,26000,9.588535671355203e-05,0.00013228274219762606,0.0,0.00032064834726043046,4,"1000,1001,1002,1003",59000,200,True
repeat-copy,structural_features,ber,position,26200,1.9350689253769815e-05,3.35163769490064e-05,0.0,7.740275701507926e-05,4,"1000,1001,1002,1003",59000,200,True
repeat-copy,structural_features,ber,position,26400,0.0009251423759269529,0.0011144702201126681,0.0,0.0027737437130417675,4,"1000,1001,1002,1003",59000,200,True
repeat-copy,structural_features,ber,position,26600,0.0009624088522105013,0.0010121874927660167,0.0,0.0025192915537627413,4,"1000,1001,1002,1003",59000,200,True
repeat-copy,structural_features,ber,position,26800,1.9764957833103836e-05,2.2070436789952945e-05,0.0,5.341880489140749e-05,4,"1000,1001,1002,1003",59000,200,True
repeat-copy,structural_features,ber,position,27000,0.00036949116285541096,0.0002651856719860698,0.0,0.0007498482143273577,4,"1000,1001,1002,1003",59000,200,True
repeat-copy,structural_features,ber,position,27200,0.0003555532346945256,0.0005086316601986288,0.0,0.001225476108957082,4,"1000,1001,1002,1003",59000,200,True
repeat-copy,structural_features,ber,position,27400,0.001142120994918514,0.001978211591589982,0.0,0.004568483979674056,4,"1000,1001,1002,1003",59000,200,True
repeat-copy,structural_features,ber,position,27600,8.460162847768515e-05,0.00010818501829118762,0.0,0.0002702533593401313,4,"1000,1001,1002,1003",59000,200,True
repeat-copy,structural_features,ber,position,27800,0.0014451566569914577,0.0016118605420058056,0.0,0.003952579678152688,4,"1000,1001,1002,1003",59000,200,True
repeat-copy,structural_features,ber,position,28000,0.0009579680510796607,0.001213913757141177,0.0,0.002988784364424646,4,"1000,1001,1002,1003",59000,200,True
repeat-copy,structural_features,ber,position,28200,9.068734681932255e-05,5.307186343394963e-05,4.065040498971939e-05,0.00017059023957699537,4,"1000,1001,1002,1003",59000,200,True
repeat-copy,structural_features,ber,position,28400,0.0002042160535347648,0.00020499124802502228,0.0,0.00043362001073546705,4,"1000,1001,1002,1003",59000,200,True
repeat-copy,structural_features,ber,position,28600,0.0006732447171816602,0.000894052386527153,0.0,0.0021867003943771123,4,"1000,1001,1002,1003",59000,200,True
repeat-copy,structural_features,ber,position,28800,0.00040042843320406977,0.0006417917615847738,0.0,0.0015104898670688272,4,"1000,1001,1002,1003",59000,200,True
repeat-copy,structural_features,ber,position,29000,0.00046943752182414754,0.000305440450110697,0.0,0.000807201734278351,4,"1000,1001,1002,1003",59000,200,True
repeat-copy,structural_features,ber,position,29200,6.56020559836179e-05,9.480850087936354e-05,0.0,0.00022800310049206018,4,"1000,1001,1002,1003",59000,200,True
repeat-copy,structural_features,ber,position,29400,0.0007347107522946317,0.0010515261349568555,0.0,0.0025505051016807556,4,"1000,1001,1002,1003",59000,200,True
repeat-copy,structural_features,ber,position,29600,0.0049583545632776805,0.007264885285498719,0.0,0.01743183408980258,4,"1000,1001,1002,1003",59000,200,True
repeat-copy,structural_features,ber,position,29800,0.0,0.0,0.0,0.0,4,"1000,1001,1002,1003",59000,200,True
repeat-copy,structural_features,ber,position,30000,0.00016378448461182416,0.0001832973028233861,0.0,0.0004746039473684505,4,"1000,1001,1002,1003",59000,200,True
repeat-copy,structural_features,ber,position,30200,0.0007331759264343419,0.0009938326054421192,0.0,0.002415199900278822,4,"1000,1001,1002,1003",59000,200,True
repeat-copy,structural_features,ber,position,30400,0.00021279522727127187,0.00016626206301451012,1.8214936135336755e-05,0.00047390685649588703,4,"1000,1001,1002,1003",59000,200,True
repeat-copy,structural_features,ber,position,30600,0.0007481796346837655,0.0008286131627853859,0.0,0.0020000000298023225,4,"1000,1001,1002,1003",59000,200,True
repeat-copy,structural_features,ber,position,30800,0.00011224218644201756,0.00012560037826039438,0.0,0.00032425218727439643,4,"1000,1001,1002,1003",59000,200,True
repeat-copy,structural_features,ber,position,31000,3.0374676862265913e-05,3.7829690925265257e-05,0.0,9.263867861591279e-05,4,"1000,1001,1002,1003",59000,200,True
repeat-copy,structural_features,ber,position,31200,0.00046448919936665334,0.0008045188928700332,0.0,0.0018579567974666134,4,"1000,1001,1002,1003",59000,200,True
repeat-copy,structural_features,ber,position,31400,0.0003202371847874019,0.0005072339708347622,0.0,0.0011967736535007133,4,"1000,1001,1002,1003",59000,200,True
repeat-copy,structural_features,ber,position,31600,0.0002806323426193558,0.000340433070736677,0.0,0.000833808861207217,4,"1000,1001,1002,1003",59000,200,True
repeat-copy,structural_features,ber,position,31800,4.6612064761575314e-05,5.400802380368354e-05,0.0,0.0001318034518044442,4,"1000,1001,1002,1003",59000,200,True
repeat-copy,structural_features,ber,position,32000,9.332172747235744e-05,0.0001366177618557781,0.0,0.00032774957129731773,4,"1000,1001,1002,1003",59000,200,True
repeat-copy,structural_features,ber,position,32200,2.87885352736339e-05,4.23156494470023e-05,0.0,0.00010143671999685467,4,"1000,1001,1002,1003",59000,200,True
repeat-copy,structural_features,ber,position,32400,0.0001205303255119361,0.0002087646476394886,0.0,0.0004821213020477444,4,"1000,1001,1002,1003",59000,200,True
repeat-copy,structural_features,ber,position,32600,1.5432098880410195e-05,2.6729179328297245e-05,0.0,6.172839552164078e-05,4,"1000,1001,1002,1003",59000,200,True
repeat-copy,structural_features,ber,position,32800,0.00032998496666550634,0.0005715507279985793,0.0,0.0013199398666620254,4,"1000,1001,1002,1003",59000,200,True
repeat-copy,structural_features,ber,position,33000,7.440476445481182e-05,0.00012012842458874956,0.0,0.00028218695893883705,4,"1000,1001,1002,1003",59000,200,True
repeat-copy,structural_features,ber,position,33200,0.0,0.0,0.0,0.0,4,"1000,1001,1002,1003",59000,200,True
repeat-copy,structural_features,ber,position,33400,2.7722501836251465e-05,2.8125841884401323e-05,0.0,6.215706351213157e-05,4,"1000,1001,1002,1003",59000,200,True
repeat-copy,structural_features,ber,position,33600,2.9697577265324074e-05,3.131387183321406e-05,0.0,7.343883451540023e-05,4,"1000,1001,1002,1003",59000,200,True
repeat-copy,structural_features,ber,position,33800,0.00021991883710143157,0.0003582548674376311,0.0,0.0008397933095693588,4,"1000,1001,1002,1003",59000,200,True
repeat-copy,structural_features,ber,position,34000,0.0,0.0,0.0,0.0,4,"1000,1001,1002,1003",59000,200,True
repeat-copy,structural_features,ber,position,34200,0.00028451442281948405,0.00035723440805861067,0.0,0.0008745381433982402,4,"1000,1001,1002,1003",59000,200,True
repeat-copy,structural_features,ber,position,34400,0.0003322585482965224,0.0003808617794579888,0.0,0.0009592292364686728,4,"1000,1001,1002,1003",59000,200,True
repeat-copy,structural_features,ber,position,34600,3.22580651845783e-05,5.587260785355833e-05,0.0,0.0001290322607383132,4,"1000,1001,1002,1003",59000,200,True
repeat-copy,structural_features,ber,position,34800,0.00011879894009325653,0.00016578059586202875,0.0,0.00040112168760970236,4,"1000,1001,1002,1003",59000,200,True
repeat-copy,structural_features,ber,position,35000,0.001556722850073129,0.0015303893557815306,0.0,0.003960973739158363,4,"1000,1001,1002,1003",59000,200,True
repeat-copy,structural_features,ber,position,35200,0.00021700995304854587,0.00022498371181993847,0.0,0.0005652612680569291,4,"1000,1001,1002,1003",59000,200,True
repeat-copy,structural_features,ber,position,35400,0.0002490266750101,0.00039046994394507315,0.0,0.0009233826160198078,4,"1000,1001,1002,1003",59000,200,True
repeat-copy,structural_features,ber,position,35600,2.012882468989119e-06,3.4864147059538396e-06,0.0,8.051529875956476e-06,4,"1000,1001,1002,1003",59000,200,True
repeat-copy,structural_features,ber,position,35800,0.0002430908620590344,0.00042104572394196507,0.0,0.0009723634482361376,4,"1000,1001,1002,1003",59000,200,True
repeat-copy,structural_features,ber,position,36000,0.0004300049696757924,0.000726045387148985,0.0,0.0016873401397606359,4,"1000,1001,1002,1003",59000,200,True
repeat-copy,structural_features,ber,position,36200,0.00014652014768216757,0.00023648527582080547,0.0,0.000555555559694767,4,"1000,1001,1002,1003",59000,200,True
repeat-copy,structural_features,ber,position,36400,0.00013189329707529395,0.00022844589171218472,0.0,0.0005275731883011758,4,"1000,1001,1002,1003",59000,200,True
repeat-copy,structural_features,ber,position,36600,0.0,0.0,0.0,0.0,4,"1000,1001,1002,1003",59000,200,True
repeat-copy,structural_features,ber,position,36800,2.364438943914138e-05,4.095328382253785e-05,0.0,9.457755775656552e-05,4,"1000,1001,1002,1003",59000,200,True
repeat-copy,structural_features,ber,position,37000,0.00011311749694868923,0.0001959252519401472,0.0,0.0004524699877947569,4,"1000,1001,1002,1003",59000,200,True
repeat-copy,structural_features,ber,position,37200,0.00011019921279512346,0.0001908706355152481,0.0,0.00044079685118049384,4,"1000,1001,1002,1003",59000,200,True
repeat-copy,structural_features,ber,position,37400,0.00015596609140629882,0.0001684939447783349,0.0,0.00043895747512578964,4,"1000,1001,1002,1003",59000,200,True
repeat-copy,structural_features,ber,position,37600,0.0006127003411529586,0.0010231001738237307,0.0,0.0023841346963308753,4,"1000,1001,1002,1003",59000,200,True
repeat-copy,structural_features,ber,position,37800,0.0,0.0,0.0,0.0,4,"1000,1001,1002,1003",59000,200,True
repeat-copy,structural_features,ber,position,38000,0.00014519371499773114,0.00025148289131574563,0.0,0.0005807748599909245,4,"1000,1001,1002,1003",59000,200,True
repeat-copy,structural_features,ber,position,38200,0.000309142210171558,0.0003360081168032616,0.0,0.0008044700720347464,4,"1000,1001,1002,1003",59000,200,True
repeat-copy,structural_features,ber,position,38400,0.0,0.0,0.0,0.0,4,"1000,1001,1002,1003",59000,200,True
repeat-copy,structural_features,ber,position,38600,0.00017722322605550288,0.0003069596318093955,0.0,0.0007088929042220115,4,"1000,1001,1002,1003",59000,200,True
repeat-copy,structural_features,ber,position,38800,8.852946164552121e-05,0.0001306628327159944,0.0,0.0003129655844531953,4,"1000,1001,1002,1003",59000,200,True
repeat-copy,structural_features,ber,position,39000,3.577441093511879e-05,3.874569182992744e-05,0.0,9.259259328246116e-05,4,"1000,1001,1002,1003",59000,200,True
repeat-copy,structural_features,ber,position,39200,8.1082264368888e-05,0.00014043860147964566,0.0,0.000324329057475552,4,"1000,1001,1002,1003",59000,200,True
repeat-copy,structural_features,ber,position,39400,0.0,0.0,0.0,0.0,4,"1000,1001,1002,1003",59000,200,True
repeat-copy,structural_features,ber,position,39600,0.0,0.0,0.0,0.0,4,"1000,1001,1002,1003",59000,200,True
repeat-copy,structural_features,ber,position,39800,1.0088684794027358e-05,1.7474114644802938e-05,0.0,4.0354739176109434e-05,4,"1000,1001,1002,1003",59000,200,True
repeat-copy,structural_features,ber,position,40000,0.00046510016778483987,0.0008055771212121522,0.0,0.0018604006711393595,4,"1000,1001,1002,1003",59000,200,True
repeat-copy,structural_features,ber,position,40200,5.8562837657518686e-05,0.00010143381025823029,0.0,0.00023425135063007474,4,"1000,1001,1002,1003",59000,200,True
repeat-copy,structural_features,ber,position,40400,0.0,0.0,0.0,0.0,4,"1000,1001,1002,1003",59000,200,True
repeat-copy,structural_features,ber,position,40600,8.25082533992827e-06,1.4290848693132517e-05,0.0,3.300330135971308e-05,4,"1000,1001,1002,1003",59000,200,True
repeat-copy,structural_features,ber,position,40800,0.00010687308153137565,0.00011563519310385046,0.0,0.00029239766299724577,4,"1000,1001,1002,1003",59000,200,True
repeat-copy,structural_features,ber,position,41000,4.027023634989746e-05,4.555174206817146e-05,0.0,0.00011064925114624202,4,"1000,1001,1002,1003",59000,200,True
repeat-copy,structural_features,ber,position,41200,4.443956582690589e-05,7.697158587850263e-05,0.0,0.00017775826330762356,4,"1000,1001,1002,1003",59000,200,True
repeat-copy,structural_features,ber,position,41400,3.5873546730726955e-05,6.213480558531548e-05,0.0,0.00014349418692290782,4,"1000,1001,1002,1003",59000,200,True
repeat-copy,structural_features,ber,position,41600,1.587423976161517e-05,2.3198372314650366e-05,0.0,5.5672232992947105e-05,4,"1000,1001,1002,1003",59000,200,True
repeat-copy,structural_features,ber,position,41800,0.0035028624028200285,0.006067135653607089,0.0,0.014011449611280114,4,"1000,1001,1002,1003",59000,200,True
repeat-copy,structural_features,ber,position,42000,0.00019143222074490042,0.0002325150384180347,0.0,0.0005695028509944678,4,"1000,1001,1002,1003",59000,200,True
repeat-copy,structural_features,ber,position,42200,0.0,0.0,0.0,0.0,4,"1000,1001,1002,1003",59000,200,True
repeat-copy,structural_features,ber,position,42400,1.3020833139307796e-05,2.255274455415767e-05,0.0,5.2083332557231186e-05,4,"1000,1001,1002,1003",59000,200,True
repeat-copy,structural_features,ber,position,42600,0.0001515904307598248,0.00019989823356589455,0.0,0.00048746132757514714,4,"1000,1001,1002,1003",59000,200,True
repeat-copy,structural_features,ber,position,42800,0.00013805765251163394,0.00016074246667963516,0.0,0.0003925474756397307,4,"1000,1001,1002,1003",59000,200,True
repeat-copy,structural_features,ber,position,43000,0.0,0.0,0.0,0.0,4,"1000,1001,1002,1003",59000,200,True
repeat-copy,structural_features,ber,position,43200,0.0,0.0,0.0,0.0,4,"1000,1001,1002,1003",59000,200,True
repeat-copy,structural_features,ber,position,43400,9.748017531819641e-05,0.00016884061638183784,0.0,0.00038992070127278564,4,"1000,1001,1002,1003",59000,200,True
repeat-copy,structural_features,ber,position,43600,0.0,0.0,0.0,0.0,4,"1000,1001,1002,1003",59000,200,True
repeat-copy,structural_features,ber,position,43800,2.7354230842320248e-05,4.7378917620866275e-05,0.0,0.00010941692336928099,4,"1000,1001,1002,1003",59000,200,True
repeat-copy,structural_features,ber,position,44000,1.792114693671465e-05,3.104033702429712e-05,0.0,7.16845877468586e-05,4,"1000,1001,1002,1003",59000,200,True
repeat-copy,structural_features,ber,position,44200,7.13919714326039e-05,0.00012365452177377578,0.0,0.0002855678857304156,4,"1000,1001,1002,1003",59000,200,True
repeat-copy,structural_features,ber,position,44400,0.0,0.0,0.0,0.0,4,"1000,1001,1002,1003",59000,200,True
repeat-copy,structural_features,ber,position,44600,0.0005782256844395306,0.0007397785192096724,0.0,0.001809026752016507,4,"1000,1001,1002,1003",59000,200,True
repeat-copy,structural_features,ber,position,44800,2.136752154910937e-06,3.7009632954880267e-06,0.0,8.547008619643747e-06,4,"1000,1001,1002,1003",59000,200,True
repeat-copy,structural_features,ber,position,45000,0.0,0.0,0.0,0.0,4,"1000,1001,1002,1003",59000,200,True
repeat-copy,structural_features,ber,position,45200,7.63125775847584e-06,1.3217726163334339e-05,0.0,3.052503103390336e-05,4,"1000,1001,1002,1003",59000,200,True
repeat-copy,structural_features,ber,position,45400,0.0002315483381971717,0.000340014826864797,0.0,0.0008152200910262763,4,"1000,1001,1002,1003",59000,200,True
repeat-copy,structural_features,ber,position,45600,0.00018578207047539763,0.0003217839851987305,0.0,0.0007431282819015905,4,"1000,1001,1002,1003",59000,200,True
repeat-copy,structural_features,ber,position,45800,0.0,0.0,0.0,0.0,4,"1000,1001,1002,1003",59000,200,True
repeat-copy,structural_features,ber,position,46000,0.0004486424368224107,0.0007770714950079253,0.0,0.0017945697472896427,4,"1000,1001,1002,1003",59000,200,True
repeat-copy,structural_features,ber,position,46200,0.0010660745576024056,0.0018464952984238805,0.0,0.0042642982304096225,4,"1000,1001,1002,1003",59000,200,True
repeat-copy,structural_features,ber,position,46400,0.00048587399418465794,0.0008415584440042528,0.0,0.0019434959767386318,4,"1000,1001,1002,1003",59000,200,True
repeat-copy,structural_features,ber,position,46600,1.2406292953528463e-05,2.1488329729095046e-05,0.0,4.962517181411385e-05,4,"1000,1001,1002,1003",59000,200,True
repeat-copy,structural_features,ber,position,46800,0.001520427023351658,0.0026334568536457836,0.0,0.006081708093406632,4,"1000,1001,1002,1003",59000,200,True
repeat-copy,structural_features,ber,position,47000,0.0019633643864654005,0.0034006468711293707,0.0,0.007853457545861602,4,"1000,1001,1002,1003",59000,200,True
repeat-copy,structural_features,ber,position,47200,0.0006024489004630596,0.0010434721045660246,0.0,0.0024097956018522384,4,"1000,1001,1002,1003",59000,200,True
repeat-copy,structural_features,ber,position,47400,1.5511156525462867e-05,2.6866111186255217e-05,0.0,6.204462610185147e-05,4,"1000,1001,1002,1003",59000,200,True
repeat-copy,structural_features,ber,position,47600,0.0,0.0,0.0,0.0,4,"1000,1001,1002,1003",59000,200,True
repeat-copy,structural_features,ber,position,47800,0.0006299727672012523,0.0010770920709231965,0.0,0.002495471043512225,4,"1000,1001,1002,1003",59000,200,True
repeat-copy,structural_features,ber,position,48000,1.4991695206845179e-05,2.5966377789842655e-05,0.0,5.9966780827380714e-05,4,"1000,1001,1002,1003",59000,200,True
repeat-copy,structural_features,ber,position,48200,1.3010882248636335e-05,2.2535509105934134e-05,0.0,5.204352899454534e-05,4,"1000,1001,1002,1003",59000,200,True
repeat-copy,structural_features,ber,position,48400,0.0,0.0,0.0,0.0,4,"1000,1001,1002,1003",59000,200,True
repeat-copy,structural_features,ber,position,48600,0.002160874944529496,0.003623940222590165,0.0,0.008436813866719604,4,"1000,1001,1002,1003",59000,200,True
repeat-copy,structural_features,ber,position,48800,0.000950706826406531,0.0009347548249194078,0.0,0.0019744647457264363,4,"1000,1001,1002,1003",59000,200,True
repeat-copy,structural_features,ber,position,49000,0.0,0.0,0.0,0.0,4,"1000,1001,1002,1003",59000,200,True
repeat-copy,structural_features,ber,position,49200,0.00032475958243594505,0.0005176521802330152,0.0,0.0012195980950491503,4,"1000,1001,1002,1003",59000,200,True
repeat-copy,structural_features,ber,position,49400,0.0026889592806401195,0.002690654980967588,0.0,0.005512990495190024,4,"1000,1001,1002,1003",59000,200,True
repeat-copy,structural_features,ber,position,49600,0.0042771346321387686,0.007258465576145546,0.0,0.016847813965869138,4,"1000,1001,1002,1003",59000,200,True
repeat-copy,structural_features,ber,position,49800,0.005241757349867839,0.009078990050918688,0.0,0.020967029399471357,4,"1000,1001,1002,1003",59000,200,True
repeat-copy,structural_features,ber,position,50000,0.0040486393222818155,0.00701244900771333,0.0,0.016194557289127262,4,"1000,1001,1002,1003",59000,200,True
repeat-copy,structural_features,ber,position,50200,0.0014601669601688628,0.0014933297523223523,0.0,0.0033629312488483265,4,"1000,1001,1002,1003",59000,200,True
repeat-copy,structural_features,ber,position,50400,0.008348455493251094,0.012070602333485454,0.0,0.029025960550061427,4,"1000,1001,1002,1003",59000,200,True
repeat-copy,structural_features,ber,position,50600,0.0015475969445833471,0.0026659569186113087,0.0,0.006165135253104382,4,"1000,1001,1002,1003",59000,200,True
repeat-copy,structural_features,ber,position,50800,0.000146900603431277,0.00018221562525857365,0.0,0.00044626593589782717,4,"1000,1001,1002,1003",59000,200,True
repeat-copy,structural_features,ber,position,51000,0.0013574522655108014,0.0018060067910151065,0.0,0.004432688045781106,4,"1000,1001,1002,1003",59000,200,True
repeat-copy,structural_features,ber,position,51200,0.0004968330275733024,0.000727235860223486,0.0,0.0017536790994927287,4,"1000,1001,1002,1003",59000,200,True
repeat-copy,structural_features,ber,position,51400,6.808583275415003e-05,6.922640450905524e-05,0.0,0.00015386993996798992,4,"1000,1001,1002,1003",59000,200,True
repeat-copy,structural_features,ber,position,51600,0.00025983814033679663,0.00045005286080754384,0.0,0.0010393525613471865,4,"1000,1001,1002,1003",59000,200,True
repeat-copy,structural_features,ber,position,51800,0.0017969950049882754,0.0023197085718591024,0.0,0.005681465885136277,4,"1000,1001,1002,1003",59000,200,True
repeat-copy,structural_features,ber,position,52000,0.0005081717931898311,0.00084313372332968,0.0,0.0019678013143129645,4,"1000,1001,1002,1003",59000,200,True
repeat-copy,structural_features,ber,position,52200,1.9561815133783965e-06,3.38820576999836e-06,0.0,7.824726053513586e-06,4,"1000,1001,1002,1003",59000,200,True
repeat-copy,structural_features,ber,position,52400,0.00010152217058930547,0.00017584155755535186,0.0,0.00040608868235722187,4,"1000,1001,1002,1003",59000,200,True
repeat-copy,structural_features,ber,position,52600,0.00032414578992757015,0.00039875105034955344,0.0,0.0009767178486799822,4,"1000,1001,1002,1003",59000,200,True
repeat-copy,structural_features,ber,position,52800,0.000317460335791111,0.0005498574309780808,0.0,0.001269841343164444,4,"1000,1001,1002,1003",59000,200,True
repeat-copy,structural_features,ber,position,53000,1.734438061248511e-05,3.004134844663682e-05,0.0,6.937752244994044e-05,4,"1000,1001,1002,1003",59000,200,True
repeat-copy,structural_features,ber,position,53200,4.147376632317901e-05,7.183467045298511e-05,0.0,0.00016589506529271603,4,"1000,1001,1002,1003",59000,200,True
repeat-copy,structural_features,ber,position,53400,0.0,0.0,0.0,0.0,4,"1000,1001,1002,1003",59000,200,True
repeat-copy,structural_features,ber,position,53600,0.0,0.0,0.0,0.0,4,"1000,1001,1002,1003",59000,200,True
repeat-copy,structural_features,ber,position,53800,0.0,0.0,0.0,0.0,4,"1000,1001,1002,1003",59000,200,True
repeat-copy,structural_features,ber,position,54000,0.0,0.0,0.0,0.0,4,"1000,1001,1002,1003",59000,200,True
repeat-copy,structural_features,ber,position,54200,0.0,0.0,0.0,0.0,4,"1000,1001,1002,1003",59000,200,True
repeat-copy,structural_features,ber,position,54400,0.000530396660178667,0.0009186739635942955,0.0,0.002121586640714668,4,"1000,1001,1002,1003",59000,200,True
repeat-copy,structural_features,ber,position,54600,0.0,0.0,0.0,0.0,4,"1000,1001,1002,1003",59000,200,True
repeat-copy,structural_features,ber,position,54800,1.4572415966540576e-05,1.7905815657878267e-05,0.0,4.385964944958687e-05,4,"1000,1001,1002,1003",59000,200,True
repeat-copy,structural_features,ber,position,55000,0.001214075925090583,0.0018441080993288382,0.0,0.004391187423025258,4,"1000,1001,1002,1003",59000,200,True
repeat-copy,structural_features,ber,position,55200,0.0002142318565165624,0.0003208681842106611,0.0,0.0007662834972143173,4,"1000,1001,1002,1003",59000,200,True
repeat-copy,structural_features,ber,position,55400,0.0017777334575657733,0.0030512970917936505,0.0,0.007062624652171508,4,"1000,1001,1002,1003",59000,200,True
repeat-copy,structural_features,ber,position,55600,1.2805968290194868e-05,2.2180587718733456e-05,0.0,5.122387316077947e-05,4,"1000,1001,1002,1003",59000,200,True
repeat-copy,structural_features,ber,position,55800,9.689922444522381e-06,1.678343799531478e-05,0.0,3.8759689778089525e-05,4,"1000,1001,1002,1003",59000,200,True
repeat-copy,structural_features,ber,position,56000,0.0,0.0,0.0,0.0,4,"1000,1001,1002,1003",59000,200,True
repeat-copy,structural_features,ber,position,56200,1.7683785990811885e-05,3.0629215806260924e-05,0.0,7.073514396324754e-05,4,"1000,1001,1002,1003",59000,200,True
repeat-copy,structural_features,ber,position,56400,3.101503301877528e-05,3.5258389204101226e-05,0.0,8.574595674872399e-05,4,"1000,1001,1002,1003",59000,200,True
repeat-copy,structural_features,ber,position,56600,0.00041631179687101394,0.0007210731839708901,0.0,0.0016652471874840557,4,"1000,1001,1002,1003",59000,200,True
repeat-copy,structural_features,ber,position,56800,0.0,0.0,0.0,0.0,4,"1000,1001,1002,1003",59000,200,True
repeat-copy,structural_features,ber,position,57000,0.0,0.0,0.0,0.0,4,"1000,1001,1002,1003",59000,200,True
repeat-copy,structural_features,ber,position,57200,2.3507034056819976e-05,4.071537732166414e-05,0.0,9.40281362272799e-05,4,"1000,1001,1002,1003",59000,200,True
repeat-copy,structural_features,ber,position,57400,7.984161842614413e-05,5.0378869481154154e-05,0.0,0.00013171622529625893,4,"1000,1001,1002,1003",59000,200,True
repeat-copy,structural_features,ber,position,57600,0.00021005037240684032,0.0003638179171574112,0.0,0.0008402014896273613,4,"1000,1001,1002,1003",59000,200,True
repeat-copy,structural_features,ber,position,57800,0.0,0.0,0.0,0.0,4,"1000,1001,1002,1003",59000,200,True
repeat-copy,structural_features,ber,position,58000,0.0,0.0,0.0,0.0,4,"1000,1001,1002,1003",59000,200,True
repeat-copy,structural_features,ber,position,58200,0.0,0.0,0.0,0.0,4,"1000,1001,1002,1003",59000,200,True
repeat-copy,structural_features,ber,position,58400,0.0,0.0,0.0,0.0,4,"1000,1001,1002,1003",59000,200,True
repeat-copy,structural_features,ber,position,58600,0.0,0.0,0.0,0.0,4,"1000,1001,1002,1003",59000,200,True
repeat-copy,structural_features,ber,position,58800,0.00017553415033034982,0.0001883530193598117,0.0,0.00044765631202608346,4,"1000,1001,1002,1003",59000,200,True
repeat-copy,structural_features,ber,position,59000,0.00548262038253597,0.009496177061165012,0.0,0.02193048153014388,4,"1000,1001,1002,1003",59000,200,True
repeat-copy,structural_features,ber,operation,200,0.4330141893960535,0.004180493008547351,0.42901511676609516,0.4400303764641285,4,"1000,1001,1002,1003",59000,200,True
repeat-copy,structural_features,ber,operation,400,0.41626632124185564,0.0037264164351217236,0.41010574482381346,0.4196837802231312,4,"1000,1001,1002,1003",59000,200,True
repeat-copy,structural_features,ber,operation,600,0.40393450476229187,0.004941848538012437,0.3954084445536137,0.40746731221675875,4,"1000,1001,1002,1003",59000,200,True
repeat-copy,structural_features,ber,operation,800,0.3993713324144483,0.004154606779043214,0.3959911175817251,0.4064391138404608,4,"1000,1001,1002,1003",59000,200,True
repeat-copy,structural_features,ber,operation,1000,0.3900249904952944,0.003749829671471942,0.3856031491607428,0.39584663830697536,4,"1000,1001,1002,1003",59000,200,True
repeat-copy,structural_features,ber,operation,1200,0.3829582420922816,0.004074729786539293,0.37608430482447147,0.38601773031055925,4,"1000,1001,1002,1003",59000,200,True
repeat-copy,structural_features,ber,operation,1400,0.3792330258525908,0.006574887454202352,0.3710871636867523,0.38599136598408224,4,"1000,1001,1002,1003",59000,200,True
repeat-copy,structural_features,ber,operation,1600,0.37220962323248385,0.006052960573183585,0.36231618233025076,0.3777029707282782,4,"1000,1001,1002,1003",59000,200,True
repeat-copy,structural_features,ber,operation,1800,0.3676282292418182,0.001821326752142319,0.3663375051319599,0.3707614436000586,4,"1000,1001,1002,1003",59000,200,True
repeat-copy,structural_features,ber,operation,2000,0.36221240603365007,0.004198714221386138,0.35673750419169664,0.367709159553051,4,"1000,1001,1002,1003",59000,200,True
repeat-copy,structural_features,ber,operation,2200,0.3641122691333294,0.00375844302597102,0.3576332003623247,0.3668291760981083,4,"1000,1001,1002,1003",59000,200,True
repeat-copy,structural_features,ber,operation,2400,0.3590744446311146,0.002800036712856517,0.35620839573442936,0.3635235167294741,4,"1000,1001,1002,1003",59000,200,True
repeat-copy,structural_features,ber,operation,2600,0.35277086513116956,0.00516468360870476,0.34692567769438026,0.3598733404278755,4,"1000,1001,1002,1003",59000,200,True
repeat-copy,structural_features,ber,operation,2800,0.35266255679540337,0.0029673049654509987,0.3496543933823705,0.3568909399956465,4,"1000,1001,1002,1003",59000,200,True
repeat-copy,structural_features,ber,operation,3000,0.3471004810463637,0.004473876541898858,0.3421433487161994,0.35362455986440183,4,"1000,1001,1002,1003",59000,200,True
repeat-copy,structural_features,ber,operation,3200,0.34567685349844396,0.0017817161860138925,0.34275348268449307,0.34711738023906946,4,"1000,1001,1002,1003",59000,200,True
repeat-copy,structural_features,ber,operation,3400,0.3459172924235463,0.0024444398896919252,0.34245797626674174,0.3491021200269461,4,"1000,1001,1002,1003",59000,200,True
repeat-copy,structural_features,ber,operation,3600,0.33916714882478116,0.0034351067015225487,0.3345600732415914,0.34319039978086946,4,"1000,1001,1002,1003",59000,200,True
repeat-copy,structural_features,ber,operation,3800,0.33788585391826925,0.004632028637031796,0.33231844276189804,0.3451610791310668,4,"1000,1001,1002,1003",59000,200,True
repeat-copy,structural_features,ber,operation,4000,0.33733729357831177,0.002811262253919189,0.33396389231085777,0.34152640625834463,4,"1000,1001,1002,1003",59000,200,True
repeat-copy,structural_features,ber,operation,4200,0.3324780737236142,0.002947570626495112,0.32958072625100615,0.3373544442653656,4,"1000,1001,1002,1003",59000,200,True
repeat-copy,structural_features,ber,operation,4400,0.33340531035326426,0.0035313301542073865,0.32935583774000404,0.33899453997612,4,"1000,1001,1002,1003",59000,200,True
repeat-copy,structural_features,ber,operation,4600,0.3347359597031027,0.005330291269988347,0.32839185271412136,0.3431739890575409,4,"1000,1001,1002,1003",59000,200,True
repeat-copy,structural_features,ber,operation,4800,0.3323635497968644,0.0028582966711039586,0.32875781789422037,0.3359171656519175,4,"1000,1001,1002,1003",59000,200,True
repeat-copy,structural_features,ber,operation,5000,0.32942178879864514,0.002776160697851163,0.32605515375733374,0.33348670568317174,4,"1000,1001,1002,1003",59000,200,True
repeat-copy,structural_features,ber,operation,5200,0.32616818897426125,0.003664065724011247,0.3202492394298315,0.3296312813833356,4,"1000,1001,1002,1003",59000,200,True
repeat-copy,structural_features,ber,operation,5400,0.32766872136853636,0.0054582636243686615,0.32302036933600903,0.33641670875251295,4,"1000,1001,1002,1003",59000,200,True
repeat-copy,structural_features,ber,operation,5600,0.32644256167113783,0.0011353289220985992,0.3249508510902524,0.32799694865942003,4,"1000,1001,1002,1003",59000,200,True
repeat-copy,structural_features,ber,operation,5800,0.3217319344403222,0.007303507222256006,0.30926127545535564,0.32747114880010486,4,"1000,1001,1002,1003",59000,200,True
repeat-copy,structural_features,ber,operation,6000,0.32214922457002104,0.0037205286390020287,0.3160672665387392,0.3252575923874974,4,"1000,1001,1002,1003",59000,200,True
repeat-copy,structural_features,ber,operation,6200,0.3310972006432712,0.0023923669415770003,0.32830130361020565,0.3346861528605223,4,"1000,1001,1002,1003",59000,200,True
repeat-copy,structural_features,ber,operation,6400,0.3234964721975848,0.00764976919376002,0.31052131390199067,0.33034995026886466,4,"1000,1001,1002,1003",59000,200,True
repeat-copy,structural_features,ber,operation,6600,0.31844533134717495,0.010433577937880878,0.30106359902769325,0.3287534158304334,4,"1000,1001,1002,1003",59000,200,True
repeat-copy,structural_features,ber,operation,6800,0.31168686766177417,0.022639824647473914,0.2724851293489337,0.3256518819928169,4,"1000,1001,1002,1003",59000,200,True
repeat-copy,structural_features,ber,operation,7000,0.3042685468075797,0.03636104346284263,0.2413303133659065,0.32717362336814404,4,"1000,1001,1002,1003",59000,200,True
repeat-copy,structural_features,ber,operation,7200,0.3019975676946342,0.04331927754291799,0.22739072374999522,0.3336827155575156,4,"1000,1001,1002,1003",59000,200,True
repeat-copy,structural_features,ber,operation,7400,0.2914097453455906,0.05475607769827597,0.1968783563701436,0.32728069968521595,4,"1000,1001,1002,1003",59000,200,True
repeat-copy,structural_features,ber,operation,7600,0.28760198651172686,0.06697349569824246,0.1716601718706079,0.328091803714633,4,"1000,1001,1002,1003",59000,200,True
repeat-copy,structural_features,ber,operation,7800,0.29261623852537016,0.05518607086355689,0.19710250197444112,0.32685103043913843,4,"1000,1001,1002,1003",59000,200,True
repeat-copy,structural_features,ber,operation,8000,0.2852285958238645,0.0636346600613911,0.17505014116642997,0.3236282141879201,4,"1000,1001,1002,1003",59000,200,True
repeat-copy,structural_features,ber,operation,8200,0.271562180010369,0.0905748343779026,0.11478196365293115,0.3285885289311409,4,"1000,1001,1002,1003",59000,200,True
repeat-copy,structural_features,ber,operation,8400,0.2483331332774833,0.12433763395597873,0.033047716189175846,0.3245257444679737,4,"1000,1001,1002,1003",59000,200,True
repeat-copy,structural_features,ber,operation,8600,0.2509273233055137,0.12694226884263457,0.031065269960090517,0.32581519536674025,4,"1000,1001,1002,1003",59000,200,True
repeat-copy,structural_features,ber,operation,8800,0.24422716335000585,0.13056545984780119,0.018129879108746538,0.3237741061300039,4,"1000,1001,1002,1003",59000,200,True
repeat-copy,structural_features,ber,operation,9000,0.24572938225144755,0.13297434281421913,0.015417786199832336,0.3241582316532731,4,"1000,1001,1002,1003",59000,200,True
repeat-copy,structural_features,ber,operation,9200,0.2442785028911021,0.13491727407584952,0.010765067369793541,0.33032634608447553,4,"1000,1001,1002,1003",59000,200,True
repeat-copy,structural_features,ber,operation,9400,0.2443126668786863,0.1328240449388119,0.014281358721200376,0.32271339759230616,4,"1000,1001,1002,1003",59000,200,True
repeat-copy,structural_features,ber,operation,9600,0.24231809395627352,0.13262578188405635,0.012625116641866043,0.3213358213752508,4,"1000,1001,1002,1003",59000,200,True
repeat-copy,structural_features,ber,operation,9800,0.2414324737081188,0.1310750451719015,0.014445414681686088,0.32056380227208137,4,"1000,1001,1002,1003",59000,200,True
repeat-copy,structural_features,ber,operation,10000,0.2403776085819118,0.13550870852300378,0.0056750756409019235,0.31996987491846085,4,"1000,1001,1002,1003",59000,200,True
repeat-copy,structural_features,ber,operation,10200,0.2403402592809289,0.13342441705216398,0.009266852292930707,0.3203960470110178,4,"1000,1001,1002,1003",59000,200,True
repeat-copy,structural_features,ber,operation,10400,0.24062273823918073,0.13557616852868026,0.005816163189010694,0.32135753585025667,4,"1000,1001,1002,1003",59000,200,True
repeat-copy,structural_features,ber,operation,10600,0.2410575431806501,0.13303736055487722,0.010681572793982923,0.32221554446965456,4,"1000,1001,1002,1003",59000,200,True
repeat-copy,structural_features,ber,operation,10800,0.23617668375431095,0.13243935658811926,0.006826348344329745,0.31521651934832334,4,"1000,1001,1002,1003",59000,200,True
repeat-copy,structural_features,ber,operation,11000,0.24072109170243494,0.13226857974239864,0.01164890289248433,0.3200728387385607,4,"1000,1001,1002,1003",59000,200,True
repeat-copy,structural_features,ber,operation,11200,0.23820191057544435,0.13563669365291475,0.003296839079121128,0.3195505214482546,4,"1000,1001,1002,1003",59000,200,True
repeat-copy,structural_features,ber,operation,11400,0.23935572625152415,0.13536396067917514,0.004942285828874447,0.32122151300311086,4,"1000,1001,1002,1003",59000,200,True
repeat-copy,structural_features,ber,operation,11600,0.23446530101879035,0.13381781284850208,0.002733060366008431,0.3158066752552986,4,"1000,1001,1002,1003",59000,200,True
repeat-copy,structural_features,ber,operation,11800,0.23389715338416864,0.12720822509408145,0.014089180317241698,0.314670144431293,4,"1000,1001,1002,1003",59000,200,True
repeat-copy,structural_features,ber,operation,12000,0.22414870295353467,0.13024106048711093,0.0023256051598582418,0.3180365869402885,4,"1000,1001,1002,1003",59000,200,True
repeat-copy,structural_features,ber,operation,12200,0.2150954582005215,0.1267883283597789,0.004556460789754056,0.31648320466279983,4,"1000,1001,1002,1003",59000,200,True
repeat-copy,structural_features,ber,operation,12400,0.2066110204116558,0.12604736447003723,0.00174866002635099,0.31196079690009354,4,"1000,1001,1002,1003",59000,200,True
repeat-copy,structural_features,ber,operation,12600,0.2069087926785869,0.12631424769410118,0.00401139625988435,0.3138773241266608,4,"1000,1001,1002,1003",59000,200,True
repeat-copy,structural_features,ber,operation,12800,0.2076797719721799,0.12759028363435337,0.011952105538221076,0.3261960362643003,4,"1000,1001,1002,1003",59000,200,True
repeat-copy,structural_features,ber,operation,13000,0.2027784108206106,0.12433135571784194,0.0058663339231861756,0.31230742279440166,4,"1000,1001,1002,1003",59000,200,True
repeat-copy,structural_features,ber,operation,13200,0.2058169274726242,0.12545108163405796,0.00755428755946923,0.31640808649361135,4,"1000,1001,1002,1003",59000,200,True
repeat-copy,structural_features,ber,operation,13400,0.20274524997672416,0.12525422767874037,0.005598716060048901,0.3167449607513845,4,"1000,1001,1002,1003",59000,200,True
repeat-copy,structural_features,ber,operation,13600,0.20409713287474007,0.1260525504940767,0.0071847164578503,0.3152651554346085,4,"1000,1001,1002,1003",59000,200,True
repeat-copy,structural_features,ber,operation,13800,0.20415815037995344,0.1250164985061969,0.0042436293268110605,0.31336097571998833,4,"1000,1001,1002,1003",59000,200,True
repeat-copy,structural_features,ber,operation,14000,0.2015477546476177,0.1253284296551744,0.004885115938959643,0.31381502338685097,4,"1000,1001,1002,1003",59000,200,True
repeat-copy,structural_features,ber,operation,14200,0.1987596416582528,0.12438624154630723,0.0032515164715005086,0.3119280941411853,4,"1000,1001,1002,1003",59000,200,True
repeat-copy,structural_features,ber,operation,14400,0.2003453285472642,0.12503310642505833,0.004492731128702871,0.31056520933285353,4,"1000,1001,1002,1003",59000,200,True
repeat-copy,structural_features,ber,operation,14600,0.1943315863984753,0.12692535484586281,0.0037339612597133962,0.31675686866045,4,"1000,1001,1002,1003",59000,200,True
repeat-copy,structural_features,ber,operation,14800,0.1645269837268279,0.14512736966405845,0.006835618066834286,0.3112061551958323,4,"1000,1001,1002,1003",59000,200,True
repeat-copy,structural_features,ber,operation,15000,0.1622609434183687,0.14529077551445937,0.005813042658846825,0.31081480357795954,4,"1000,1001,1002,1003",59000,200,True
repeat-copy,structural_features,ber,operation,15200,0.16444574966095388,0.15102795760865767,0.00495170910959132,0.31839036408811805,4,"1000,1001,1002,1003",59000,200,True
repeat-copy,structural_features,ber,operation,15400,0.1584149300592253,0.1484997399763437,0.003954267591470852,0.309254988655448,4,"1000,1001,1002,1003",59000,200,True
repeat-copy,structural_features,ber,operation,15600,0.16014304447497124,0.14472095561781384,0.005257047052145936,0.30483270063996315,4,"1000,1001,1002,1003",59000,200,True
repeat-copy,structural_features,ber,operation,15800,0.15385415253054818,0.1459897445030754,0.003013468434801325,0.3010344584286213,4,"1000,1001,1002,1003",59000,200,True
repeat-copy,structural_features,ber,operation,16000,0.15970247300589108,0.14954080751219143,0.005548572674160823,0.31095662113279104,4,"1000,1001,1002,1003",59000,200,True
repeat-copy,structural_features,ber,operation,16200,0.15741855584288716,0.15194697416283168,0.0008551076485309749,0.31008338641375305,4,"1000,1001,1002,1003",59000,200,True
repeat-copy,structural_features,ber,operation,16400,0.15653033379785483,0.14971786292555866,0.002250649112975225,0.3064637503772974,4,"1000,1001,1002,1003",59000,200,True
repeat-copy,structural_features,ber,operation,16600,0.15701161959397725,0.14515064383909299,0.011178225312614814,0.30514035895466807,4,"1000,1001,1002,1003",59000,200,True
repeat-copy,structural_features,ber,operation,16800,0.1550648351156269,0.14928019488545577,0.005780246877111495,0.3066241010278463,4,"1000,1001,1002,1003",59000,200,True
repeat-copy,structural_features,ber,operation,17000,0.15459780066026724,0.14880075222499184,0.005128200285835192,0.3056396726332605,4,"1000,1001,1002,1003",59000,200,True
repeat-copy,structural_features,ber,operation,17200,0.15258332924713613,0.1469354562091646,0.004313755351467989,0.3056169675290585,4,"1000,1001,1002,1003",59000,200,True
repeat-copy,structural_features,ber,operation,17400,0.15178139558789552,0.14863028969407924,0.0020196416752878577,0.30332082878798244,4,"1000,1001,1002,1003",59000,200,True
repeat-copy,structural_features,ber,operation,17600,0.14938027761498235,0.14770215977707338,0.00020202020648866893,0.3029256882146001,4,"1000,1001,1002,1003",59000,200,True
repeat-copy,structural_features,ber,operation,17800,0.1486177120594948,0.14638689699600346,0.0008598521049134433,0.29528461875393985,4,"1000,1001,1002,1003",59000,200,True
repeat-copy,structural_features,ber,operation,18000,0.1551059194591653,0.15149636430250857,0.00030249929113779217,0.30845320243388413,4,"1000,1001,1002,1003",59000,200,True
repeat-copy,structural_features,ber,operation,18200,0.15292125221909372,0.14943066664420632,0.0023702143447007985,0.30332712702453135,4,"1000,1001,1002,1003",59000,200,True
repeat-copy,structural_features,ber,operation,18400,0.1507290622917935,0.14788702541404938,0.0016525412863120437,0.30199111249297855,4,"1000,1001,1002,1003",59000,200,True
repeat-copy,structural_features,ber,operation,18600,0.15642441690157283,0.14736270597895273,0.00403127386525739,0.3063403423503041,4,"1000,1001,1002,1003",59000,200,True
repeat-copy,structural_features,ber,operation,18800,0.1508461467489542,0.1492912732233614,2.6455025654286146e-05,0.3070197760313749,4,"1000,1001,1002,1003",59000,200,True
repeat-copy,structural_features,ber,operation,19000,0.15319778560355188,0.15205133962193967,0.0005900327395647764,0.3102164855971932,4,"1000,1001,1002,1003",59000,200,True
repeat-copy,structural_features,ber,operation,19200,0.15094731202872935,0.1482715227525848,0.0004129816335625947,0.3001225675828755,4,"1000,1001,1002,1003",59000,200,True
repeat-copy,structural_features,ber,operation,19400,0.1500057552465296,0.14923380157498248,5.653843865729868e-05,0.3030395794659853,4,"1000,1001,1002,1003",59000,200,True
repeat-copy,structural_features,ber,operation,19600,0.14535786193606326,0.14289243318643605,0.00199175204790663,0.29343302914872765,4,"1000,1001,1002,1003",59000,200,True
repeat-copy,structural_features,ber,operation,19800,0.15085218775624526,0.14851478828027692,4.065040498971939e-05,0.3037016217969358,4,"1000,1001,1002,1003",59000,200,True
repeat-copy,structural_features,ber,operation,20000,0.14761936802242417,0.14612237220696048,0.0008451077376957983,0.30002126401290297,4,"1000,1001,1002,1003",59000,200,True
repeat-copy,structural_features,ber,operation,20200,0.1519622473297932,0.15057069679021337,0.0001208818017039448,0.3054597517848015,4,"1000,1001,1002,1003",59000,200,True
repeat-copy,structural_features,ber,operation,20400,0.15167733275840872,0.15057988091449695,0.0010980018944246695,0.3063062909245491,4,"1000,1001,1002,1003",59000,200,True
repeat-copy,structural_features,ber,operation,20600,0.15245175844203912,0.15200371347823566,0.0,0.310221505779773,4,"1000,1001,1002,1003",59000,200,True
repeat-copy,structural_features,ber,operation,20800,0.14857474053191255,0.1476867833076578,0.000493442551814951,0.2974946655333042,4,"1000,1001,1002,1003",59000,200,True
repeat-copy,structural_features,ber,operation,21000,0.15092533377697692,0.15059724355709161,0.00012455908581614493,0.301668768748641,4,"1000,1001,1002,1003",59000,200,True
repeat-copy,structural_features,ber,operation,21200,0.1485285658753128,0.14685806779557214,0.00031073278747498987,0.2960785410553217,4,"1000,1001,1002,1003",59000,200,True
repeat-copy,structural_features,ber,operation,21400,0.14935363718424924,0.14750934257114962,0.0015231031802250073,0.3019364430010319,4,"1000,1001,1002,1003",59000,200,True
repeat-copy,structural_features,ber,operation,21600,0.14651041312055896,0.1457992764489791,0.0006267641915474087,0.2970551978610456,4,"1000,1001,1002,1003",59000,200,True
repeat-copy,structural_features,ber,operation,21800,0.15016094174134195,0.14872102323235156,0.0003114153165370226,0.3019874296337366,4,"1000,1001,1002,1003",59000,200,True
repeat-copy,structural_features,ber,operation,22000,0.1488827353423403,0.14871657971891397,0.0,0.29871167965233325,4,"1000,1001,1002,1003",59000,200,True
repeat-copy,structural_features,ber,operation,22200,0.14693474437852272,0.14452763866555987,0.0006837064406136051,0.2978529188130051,4,"1000,1001,1002,1003",59000,200,True
repeat-copy,structural_features,ber,operation,22400,0.14913421421981182,0.14889793831739984,3.401360474526882e-05,0.3003945656120777,4,"1000,1001,1002,1003",59000,200,True
repeat-copy,structural_features,ber,operation,22600,0.14828943270826128,0.146687026524924,0.0006924294290365651,0.29602368580177424,4,"1000,1001,1002,1003",59000,200,True
repeat-copy,structural_features,ber,operation,22800,0.1503562471663463,0.14921435212730408,0.0,0.2995816446095705,4,"1000,1001,1002,1003",59000,200,True
repeat-copy,structural_features,ber,operation,23000,0.16918229870221693,0.13197464497706882,0.00033215065486729144,0.29868533737957476,4,"1000,1001,1002,1003",59000,200,True
repeat-copy,structural_features,ber,operation,23200,0.19185350677900714,0.11814171633084093,0.0006107530777808279,0.29337996058166027,4,"1000,1001,1002,1003",59000,200,True
repeat-copy,structural_features,ber,operation,23400,0.14908273823748458,0.14326603245626843,0.0011379928328096867,0.2977048527263105,4,"1000,1001,1002,1003",59000,200,True
repeat-copy,structural_features,ber,operation,23600,0.14646524567506275,0.14604536758551995,0.0,0.2944313781522214,4,"1000,1001,1002,1003",59000,200,True
repeat-copy,structural_features,ber,operation,23800,0.1455320278918953,0.14376830440836064,0.0005619091173866764,0.29169306606054307,4,"1000,1001,1002,1003",59000,200,True
repeat-copy,structural_features,ber,operation,24000,0.14757601903256728,0.14738543580565852,0.00016955575440078975,0.2973448156565428,4,"1000,1001,1002,1003",59000,200,True
repeat-copy,structural_features,ber,operation,24200,0.14780084694095422,0.1472790156672034,0.0004515745583921671,0.3002016045153141,4,"1000,1001,1002,1003",59000,200,True
repeat-copy,structural_features,ber,operation,24400,0.1447182142775273,0.1437590559398372,0.0,0.29845513865351675,4,"1000,1001,1002,1003",59000,200,True
repeat-copy,structural_features,ber,operation,24600,0.1461020841408754,0.14576156993827097,0.00020475736062508076,0.2932573664188385,4,"1000,1001,1002,1003",59000,200,True
repeat-copy,structural_features,ber,operation,24800,0.1428646281037072,0.14277552487231396,0.0,0.28745042365044354,4,"1000,1001,1002,1003",59000,200,True
repeat-copy,structural_features,ber,operation,25000,0.14468494547501903,0.14434661730246612,0.0,0.2907336706481874,4,"1000,1001,1002,1003",59000,200,True
repeat-copy,structural_features,ber,operation,25200,0.14847802191958182,0.14793614747699613,0.00031497140356805174,0.3016177125647664,4,"1000,1001,1002,1003",59000,200,True
repeat-copy,structural_features,ber,operation,25400,0.1460102005697263,0.14482103706604343,0.0005713279423071072,0.2910113576427102,4,"1000,1001,1002,1003",59000,200,True
repeat-copy,structural_features,ber,operation,25600,0.14831366304526455,0.14660045290221765,0.0002742942894110456,0.30039717925712467,4,"1000,1001,1002,1003",59000,200,True
repeat-copy,structural_features,ber,operation,25800,0.1500138516469451,0.14842908240231134,0.0003723084006924182,0.3040574890002608,4,"1000,1001,1002,1003",59000,200,True
repeat-copy,structural_features,ber,operation,26000,0.14723049684485884,0.14459978772626406,0.0025034750276245175,0.2927404852490872,4,"1000,1001,1002,1003",59000,200,True
repeat-copy,structural_features,ber,operation,26200,0.14539072003957698,0.1452640969923985,2.7859464753419162e-05,0.29206491539254786,4,"1000,1001,1002,1003",59000,200,True
repeat-copy,structural_features,ber,operation,26400,0.1456633033877006,0.14543223436705896,0.00019853047095239163,0.2991808215528727,4,"1000,1001,1002,1003",59000,200,True
repeat-copy,structural_features,ber,operation,26600,0.14801703502307645,0.1476942696452986,0.00010419621597975493,0.2957551552355289,4,"1000,1001,1002,1003",59000,200,True
repeat-copy,structural_features,ber,operation,26800,0.14347748078245787,0.1425624206032768,0.0,0.2882079583033919,4,"1000,1001,1002,1003",59000,200,True
repeat-copy,structural_features,ber,operation,27000,0.1461188569806109,0.14610093538113683,0.0,0.2971913786418736,4,"1000,1001,1002,1003",59000,200,True
repeat-copy,structural_features,ber,operation,27200,0.14430987720523264,0.14383815582549142,0.0002186565427109599,0.29312844123691323,4,"1000,1001,1002,1003",59000,200,True
repeat-copy,structural_features,ber,operation,27400,0.14521137465344508,0.1440852509714667,0.00028632479254156354,0.2897111837938428,4,"1000,1001,1002,1003",59000,200,True
repeat-copy,structural_features,ber,operation,27600,0.1451026780519169,0.14440667772837618,0.0006071006192360074,0.2909746512770653,4,"1000,1001,1002,1003",59000,200,True
repeat-copy,structural_features,ber,operation,27800,0.14144941366859712,0.14134134641880222,0.00010107330279424787,0.2843198321014643,4,"1000,1001,1002,1003",59000,200,True
repeat-copy,structural_features,ber,operation,28000,0.14356359390352735,0.14201282042039867,8.31852835835889e-05,0.28863129843026397,4,"1000,1001,1002,1003",59000,200,True
repeat-copy,structural_features,ber,operation,28200,0.14368772489906406,0.143425647918116,0.00026346184604335575,0.288435032684356,4,"1000,1001,1002,1003",59000,200,True
repeat-copy,structural_features,ber,operation,28400,0.13949048473805306,0.1388575548322029,0.0,0.28234716520644726,4,"1000,1001,1002,1003",59000,200,True
repeat-copy,structural_features,ber,operation,28600,0.1466126179062121,0.14648965955481805,0.0,0.29399049510248004,4,"1000,1001,1002,1003",59000,200,True
repeat-copy,structural_features,ber,operation,28800,0.14230965447466587,0.1423211015424171,0.0,0.2878055754303932,4,"1000,1001,1002,1003",59000,200,True
repeat-copy,structural_features,ber,operation,29000,0.14403672347762042,0.14344013018110152,0.00025457779818680135,0.2881859799940139,4,"1000,1001,1002,1003",59000,200,True
repeat-copy,structural_features,ber,operation,29200,0.14320631865659378,0.14324109999023932,0.0,0.2910468527302146,4,"1000,1001,1002,1003",59000,200,True
repeat-copy,structural_features,ber,operation,29400,0.14262218327668963,0.14143639580235096,0.0003019310225499794,0.29199990356341005,4,"1000,1001,1002,1003",59000,200,True
repeat-copy,structural_features,ber,operation,29600,0.14237866977055091,0.1423152027343006,2.200220013037324e-05,0.28835475390776993,4,"1000,1001,1002,1003",59000,200,True
repeat-copy,structural_features,ber,operation,29800,0.1419579230637464,0.14053478772508965,6.970158545300365e-05,0.2861002176906913,4,"1000,1001,1002,1003",59000,200,True
repeat-copy,structural_features,ber,operation,30000,0.14185966230143096,0.14172108845826856,0.0001587301678955555,0.2877077262103558,4,"1000,1001,1002,1003",59000,200,True
repeat-copy,structural_features,ber,operation,30200,0.1394242778987973,0.13920759660588827,0.0,0.28191512774676086,4,"1000,1001,1002,1003",59000,200,True
repeat-copy,structural_features,ber,operation,30400,0.14051911541842854,0.14033975727127415,5.625758785754442e-05,0.2810919428616762,4,"1000,1001,1002,1003",59000,200,True
repeat-copy,structural_features,ber,operation,30600,0.1455251865350874,0.13293943376458964,0.0022678343462757765,0.2799829414021224,4,"1000,1001,1002,1003",59000,200,True
repeat-copy,structural_features,ber,operation,30800,0.14521138039635845,0.14201532966427474,0.0025082958076382057,0.2926028753258288,4,"1000,1001,1002,1003",59000,200,True
repeat-copy,structural_features,ber,operation,31000,0.14141703022891305,0.14132511591133792,0.0,0.2831900960020721,4,"1000,1001,1002,1003",59000,200,True
repeat-copy,structural_features,ber,operation,31200,0.1597543351899367,0.1276848075463524,4.5186799252405765e-05,0.29182140532881023,4,"1000,1001,1002,1003",59000,200,True
repeat-copy,structural_features,ber,operation,31400,0.1729750164860161,0.11768312251756151,0.0001505150506272912,0.2830135355517268,4,"1000,1001,1002,1003",59000,200,True
repeat-copy,structural_features,ber,operation,31600,0.14310205392437636,0.13842813668444537,0.00024228012654930353,0.28384640070609746,4,"1000,1001,1002,1003",59000,200,True
repeat-copy,structural_features,ber,operation,31800,0.2346867986372672,0.1406397316982984,0.0,0.37442735735327004,4,"1000,1001,1002,1003",59000,200,True
repeat-copy,structural_features,ber,operation,32000,0.22582132767143775,0.131863285856782,8.498522045556456e-05,0.33379558719927443,4,"1000,1001,1002,1003",59000,200,True
repeat-copy,structural_features,ber,operation,32200,0.16349934040074005,0.11811724606154005,0.0,0.28361574817448854,4,"1000,1001,1002,1003",59000,200,True
repeat-copy,structural_features,ber,operation,32400,0.14500933442555836,0.14157180792276572,0.000907641940866597,0.29081620220094917,4,"1000,1001,1002,1003",59000,200,True
repeat-copy,structural_features,ber,operation,32600,0.14179952993566985,0.1403483690349883,0.0,0.2823562842234969,4,"1000,1001,1002,1003",59000,200,True
repeat-copy,structural_features,ber,operation,32800,0.14184744563171992,0.1415801394666847,0.00010732471419032663,0.28456662802957,4,"1000,1001,1002,1003",59000,200,True
repeat-copy,structural_features,ber,operation,33000,0.1408265342754021,0.13472132382177388,8.388457354158163e-05,0.2763619865477085,4,"1000,1001,1002,1003",59000,200,True
repeat-copy,structural_features,ber,operation,33200,0.14180098885262848,0.13786722245612962,0.002936508059501648,0.2830103460978717,4,"1000,1001,1002,1003",59000,200,True
repeat-copy,structural_features,ber,operation,33400,0.14009913779678754,0.13900558535227672,5.050505045801401e-05,0.2802847356908023,4,"1000,1001,1002,1003",59000,200,True
repeat-copy,structural_features,ber,operation,33600,0.14108727760059991,0.14082155932631216,0.0,0.28946552792564034,4,"1000,1001,1002,1003",59000,200,True
repeat-copy,structural_features,ber,operation,33800,0.1393802174157463,0.13917651432020806,0.00014718614984303712,0.283834430584684,4,"1000,1001,1002,1003",59000,200,True
repeat-copy,structural_features,ber,operation,34000,0.13863094405067386,0.13862164409222816,0.0,0.2791999274399132,4,"1000,1001,1002,1003",59000,200,True
repeat-copy,structural_features,ber,operation,34200,0.1389654127319227,0.13892545619603885,7.692307932302355e-05,0.28651689873076974,4,"1000,1001,1002,1003",59000,200,True
repeat-copy,structural_features,ber,operation,34400,0.13728026638869778,0.13695230014320914,0.0001757711061509326,0.27552444907836615,4,"1000,1001,1002,1003",59000,200,True
repeat-copy,structural_features,ber,operation,34600,0.139236183068424,0.13532137063617278,0.003670327644795179,0.2850759390555322,4,"1000,1001,1002,1003",59000,200,True
repeat-copy,structural_features,ber,operation,34800,0.13993427926441654,0.13949248135584286,0.0,0.27988040616735815,4,"1000,1001,1002,1003",59000,200,True
repeat-copy,structural_features,ber,operation,35000,0.13878649201607912,0.13855134705734415,0.0002063726889900863,0.2792876650299877,4,"1000,1001,1002,1003",59000,200,True
repeat-copy,structural_features,ber,operation,35200,0.13724190025386634,0.13735812782745901,0.0,0.2826369753852487,4,"1000,1001,1002,1003",59000,200,True
repeat-copy,structural_features,ber,operation,35400,0.13998928535191224,0.1361730117811523,0.0018245841754833236,0.2769590177200735,4,"1000,1001,1002,1003",59000,200,True
repeat-copy,structural_features,ber,operation,35600,0.14101391448522915,0.13510282074618638,2.2675737272948027e-05,0.2805117806978524,4,"1000,1001,1002,1003",59000,200,True
repeat-copy,structural_features,ber,operation,35800,0.1428447618847713,0.14235186642513828,9.259259328246116e-05,0.28820408902131023,4,"1000,1001,1002,1003",59000,200,True
repeat-copy,structural_features,ber,operation,36000,0.13736552126545576,0.13635941460873638,0.0007212679542135447,0.27394895592704416,4,"1000,1001,1002,1003",59000,200,True
repeat-copy,structural_features,ber,operation,36200,0.13657984292891345,0.13557397387892883,4.694835748523474e-05,0.27918445428833366,4,"1000,1001,1002,1003",59000,200,True
repeat-copy,structural_features,ber,operation,36400,0.13823972026555564,0.13820058346219635,0.0,0.27856281597167254,4,"1000,1001,1002,1003",59000,200,True
repeat-copy,structural_features,ber,operation,36600,0.1380890567001188,0.13816649505039727,0.0,0.28421422570943833,4,"1000,1001,1002,1003",59000,200,True
repeat-copy,structural_features,ber,operation,36800,0.13790384790219834,0.13667985965579013,0.00026981826638802883,0.2762358090747148,4,"1000,1001,1002,1003",59000,200,True
repeat-copy,structural_features,ber,operation,37000,0.1404683696410211,0.13966677773402494,0.0,0.2843458399455994,4,"1000,1001,1002,1003",59000,200,True
repeat-copy,structural_features,ber,operation,37200,0.13590845561819154,0.13590956213634553,1.5015015378594398e-05,0.27506081234663726,4,"1000,1001,1002,1003",59000,200,True
repeat-copy,structural_features,ber,operation,37400,0.13435244546373726,0.13431616288101725,0.0,0.26993316118605437,4,"1000,1001,1002,1003",59000,200,True
repeat-copy,structural_features,ber,operation,37600,0.14238082852913064,0.14240617107957576,0.0,0.2885609277524054,4,"1000,1001,1002,1003",59000,200,True
repeat-copy,structural_features,ber,operation,37800,0.13749591298415906,0.13741797681496085,4.7429269761778416e-05,0.2757682761363685,4,"1000,1001,1002,1003",59000,200,True
repeat-copy,structural_features,ber,operation,38000,0.13329539877828211,0.13325585992055825,0.0,0.26682499879971144,4,"1000,1001,1002,1003",59000,200,True
repeat-copy,structural_features,ber,operation,38200,0.14892701298813332,0.12699572291363584,0.0007141591235995293,0.2754574134200811,4,"1000,1001,1002,1003",59000,200,True
repeat-copy,structural_features,ber,operation,38400,0.13608016825251978,0.13412998141554963,0.0003947730315849185,0.2814030843321234,4,"1000,1001,1002,1003",59000,200,True
repeat-copy,structural_features,ber,operation,38600,0.13679907906713196,0.13673362421648713,0.0,0.2741492046136409,4,"1000,1001,1002,1003",59000,200,True
repeat-copy,structural_features,ber,operation,38800,0.1403079605671519,0.13975546230879834,0.0,0.2818772753328085,4,"1000,1001,1002,1003",59000,200,True
repeat-copy,structural_features,ber,operation,39000,0.13794980204897,0.13670346698310198,2.8490028344094754e-05,0.2769469015300274,4,"1000,1001,1002,1003",59000,200,True
repeat-copy,structural_features,ber,operation,39200,0.13652290385580274,0.13624396871572733,0.0,0.2735393655486405,4,"1000,1001,1002,1003",59000,200,True
repeat-copy,structural_features,ber,operation,39400,0.12981365798274055,0.1298227421905036,0.0,0.26179922342300416,4,"1000,1001,1002,1003",59000,200,True
repeat-copy,structural_features,ber,operation,39600,0.1370114372469834,0.135854352222469,0.0001484544761478901,0.2791992221074179,4,"1000,1001,1002,1003",59000,200,True
repeat-copy,structural_features,ber,operation,39800,0.13715541507583112,0.1343043631310802,0.0,0.27369273218326273,4,"1000,1001,1002,1003",59000,200,True
repeat-copy,structural_features,ber,operation,40000,0.13364542716226424,0.133404407690351,0.00020454173965845257,0.2739786864630878,4,"1000,1001,1002,1003",59000,200,True
repeat-copy,structural_features,ber,operation,40200,0.13938636965118348,0.13874066651460668,0.0001419730391353369,0.280719862068072,4,"1000,1001,1002,1003",59000,200,True
repeat-copy,structural_features,ber,operation,40400,0.13858811607409735,0.13877603922115234,0.0,0.28890038885176184,4,"1000,1001,1002,1003",59000,200,True
repeat-copy,structural_features,ber,operation,40600,0.13566555903264088,0.13564895177677813,0.0,0.2752487997896969,4,"1000,1001,1002,1003",59000,200,True
repeat-copy,structural_features,ber,operation,40800,0.1320273916691076,0.1320295194754961,0.0,0.2675557371042669,4,"1000,1001,1002,1003",59000,200,True
repeat-copy,structural_features,ber,operation,41000,0.13716418495008836,0.13694461930590754,0.000203178173978813,0.27834518504329026,4,"1000,1001,1002,1003",59000,200,True
repeat-copy,structural_features,ber,operation,41200,0.13110780255519786,0.13101687058416644,0.0,0.2680279344599694,4,"1000,1001,1002,1003",59000,200,True
repeat-copy,structural_features,ber,operation,41400,0.13391474588948768,0.13382934337565414,7.800780003890395e-05,0.2719115658197552,4,"1000,1001,1002,1003",59000,200,True
repeat-copy,structural_features,ber,operation,41600,0.13302411081531318,0.13301205264531826,0.0,0.2687904922198504,4,"1000,1001,1002,1003",59000,200,True
repeat-copy,structural_features,ber,operation,41800,0.1317982608580496,0.13138381070757757,0.0,0.2673375759180635,4,"1000,1001,1002,1003",59000,200,True
repeat-copy,structural_features,ber,operation,42000,0.12929798702854894,0.129306072528093,0.0,0.26240405936725436,4,"1000,1001,1002,1003",59000,200,True
repeat-copy,structural_features,ber,operation,42200,0.1352419264744094,0.1352411768234589,0.0,0.27627377685159443,4,"1000,1001,1002,1003",59000,200,True
repeat-copy,structural_features,ber,operation,42400,0.12795358574498095,0.12784855143293336,0.0,0.2560905754566193,4,"1000,1001,1002,1003",59000,200,True
repeat-copy,structural_features,ber,operation,42600,0.1326177760353312,0.13267532326075016,0.0,0.2707612885441631,4,"1000,1001,1002,1003",59000,200,True
repeat-copy,structural_features,ber,operation,42800,0.13641983257315587,0.13511884678786446,8.424169034697115e-05,0.2723999727331102,4,"1000,1001,1002,1003",59000,200,True
repeat-copy,structural_features,ber,operation,43000,0.1286626790056471,0.1289456077165157,0.0,0.2696707154810429,4,"1000,1001,1002,1003",59000,200,True
repeat-copy,structural_features,ber,operation,43200,0.13465854517562548,0.13397621071294225,0.0,0.2738532809354365,4,"1000,1001,1002,1003",59000,200,True
repeat-copy,structural_features,ber,operation,43400,0.1286782311426941,0.12865849778356747,0.0,0.25825190121307967,4,"1000,1001,1002,1003",59000,200,True
repeat-copy,structural_features,ber,operation,43600,0.13198738323291764,0.13199308134926277,0.0,0.2657092354912311,4,"1000,1001,1002,1003",59000,200,True
repeat-copy,structural_features,ber,operation,43800,0.12960357192205266,0.12942814693057345,0.0,0.2635326150804758,4,"1000,1001,1002,1003",59000,200,True
repeat-copy,structural_features,ber,operation,44000,0.1353672936387011,0.13405289330072928,0.0,0.27059655195102095,4,"1000,1001,1002,1003",59000,200,True
repeat-copy,structural_features,ber,operation,44200,0.13506493537046482,0.12946005901079585,0.0022106309607625007,0.2651554242195562,4,"1000,1001,1002,1003",59000,200,True
repeat-copy,structural_features,ber,operation,44400,0.12963187102854135,0.12726011234607404,0.00010865201416891068,0.26289944571908563,4,"1000,1001,1002,1003",59000,200,True
repeat-copy,structural_features,ber,operation,44600,0.13411603260261473,0.12429399034798928,0.0009182779147522524,0.26069342155475167,4,"1000,1001,1002,1003",59000,200,True
repeat-copy,structural_features,ber,operation,44800,0.13172862489227555,0.13025487041326653,5.559165438171476e-05,0.2666436999011785,4,"1000,1001,1002,1003",59000,200,True
repeat-copy,structural_features,ber,operation,45000,0.12835424939738005,0.1284238283174797,0.0,0.26282824971713126,4,"1000,1001,1002,1003",59000,200,True
repeat-copy,structural_features,ber,operation,45200,0.1279882087581791,0.12799614019690966,0.0,0.2599078278429806,4,"1000,1001,1002,1003",59000,200,True
repeat-copy,structural_features,ber,operation,45400,0.13220056850463152,0.1322264420320777,0.0,0.26810023406520483,4,"1000,1001,1002,1003",59000,200,True
repeat-copy,structural_features,ber,operation,45600,0.12860107138869353,0.12843386702220383,0.0,0.2638451435510069,4,"1000,1001,1002,1003",59000,200,True
repeat-copy,structural_features,ber,operation,45800,0.13015132113476285,0.13016928125646346,0.0,0.2650203281175345,4,"1000,1001,1002,1003",59000,200,True
repeat-copy,structural_features,ber,operation,46000,0.13007517817546616,0.12819627077154339,0.0014027860714122653,0.25997559864073994,4,"1000,1001,1002,1003",59000,200,True
repeat-copy,structural_features,ber,operation,46200,0.13550151298913987,0.13271652163465106,0.0,0.2751090258732438,4,"1000,1001,1002,1003",59000,200,True
repeat-copy,structural_features,ber,operation,46400,0.12800837592367315,0.12695302357298746,0.0,0.2608959133829922,4,"1000,1001,1002,1003",59000,200,True
repeat-copy,structural_features,ber,operation,46600,0.12874975987477227,0.12875353527636055,0.0,0.25889392166398467,4,"1000,1001,1002,1003",59000,200,True
repeat-copy,structural_features,ber,operation,46800,0.1315460975834867,0.13154611843175726,0.0,0.2659694464877248,4,"1000,1001,1002,1003",59000,200,True
repeat-copy,structural_features,ber,operation,47000,0.1264022713887971,0.12483219352126158,0.00014628784265369177,0.254050074853003,4,"1000,1001,1002,1003",59000,200,True
repeat-copy,structural_features,ber,operation,47200,0.13195100702840137,0.1321233275375717,0.0,0.27364819291047754,4,"1000,1001,1002,1003",59000,200,True
repeat-copy,structural_features,ber,operation,47400,0.1283236789412331,0.12590346243064376,0.0,0.26323798708617685,4,"1000,1001,1002,1003",59000,200,True
repeat-copy,structural_features,ber,operation,47600,0.13131616145488806,0.12762936401367764,0.0022700562747195365,0.26658530001528563,4,"1000,1001,1002,1003",59000,200,True
repeat-copy,structural_features,ber,operation,47800,0.13047082762001083,0.1294962375464182,0.0,0.26915761436335744,4,"1000,1001,1002,1003",59000,200,True
repeat-copy,structural_features,ber,operation,48000,0.1264046681780019,0.12666598504170326,0.0,0.2668755891546607,4,"1000,1001,1002,1003",59000,200,True
repeat-copy,structural_features,ber,operation,48200,0.1249575459517655,0.12494873846535764,0.0,0.2542724018031731,4,"1000,1001,1002,1003",59000,200,True
repeat-copy,structural_features,ber,operation,48400,0.12921629179036245,0.1294456092831021,0.0,0.26932438771240413,4,"1000,1001,1002,1003",59000,200,True
repeat-copy,structural_features,ber,operation,48600,0.13076276920633972,0.1305428320691576,4.662550578359514e-05,0.2638052998483181,4,"1000,1001,1002,1003",59000,200,True
repeat-copy,structural_features,ber,operation,48800,0.12693589972492192,0.12699761129780024,6.858710548840463e-06,0.2600757104344666,4,"1000,1001,1002,1003",59000,200,True
repeat-copy,structural_features,ber,operation,49000,0.12575070797785884,0.1258094006856898,8.373796823434532e-05,0.2644680713862181,4,"1000,1001,1002,1003",59000,200,True
repeat-copy,structural_features,ber,operation,49200,0.12632254437427037,0.126442049254134,0.0,0.2689783050585538,4,"1000,1001,1002,1003",59000,200,True
repeat-copy,structural_features,ber,operation,49400,0.1297553119917575,0.13012647421765938,0.0,0.27422159276902675,4,"1000,1001,1002,1003",59000,200,True
repeat-copy,structural_features,ber,operation,49600,0.1280371127743274,0.12825918443003306,0.0,0.26674344698898494,4,"1000,1001,1002,1003",59000,200,True
repeat-copy,structural_features,ber,operation,49800,0.14935704293806337,0.1095988505600695,0.0,0.25924378240481016,4,"1000,1001,1002,1003",59000,200,True
repeat-copy,structural_features,ber,operation,50000,0.12906260390547686,0.12296036129339698,0.0,0.2633991465996951,4,"1000,1001,1002,1003",59000,200,True
repeat-copy,structural_features,ber,operation,50200,0.12499628679128363,0.12537267004135094,0.0,0.26533400735817847,4,"1000,1001,1002,1003",59000,200,True
repeat-copy,structural_features,ber,operation,50400,0.14241299428540516,0.11740956519797009,0.0,0.264969600350596,4,"1000,1001,1002,1003",59000,200,True
repeat-copy,structural_features,ber,operation,50600,0.1778968709585024,0.10300082184816856,0.0,0.24536701305769384,4,"1000,1001,1002,1003",59000,200,True
repeat-copy,structural_features,ber,operation,50800,0.17474019646295347,0.1028210304156863,0.0,0.25403146660886705,4,"1000,1001,1002,1003",59000,200,True
repeat-copy,structural_features,ber,operation,51000,0.1671215992742509,0.1006845170390153,9.625348087865859e-05,0.25558351365383714,4,"1000,1001,1002,1003",59000,200,True
repeat-copy,structural_features,ber,operation,51200,0.17195388198742875,0.10071406182379032,0.002652312555583194,0.2492197174578905,4,"1000,1001,1002,1003",59000,200,True
repeat-copy,structural_features,ber,operation,51400,0.16205855956766754,0.09946261224285356,0.00042275679181329905,0.24804071290418506,4,"1000,1001,1002,1003",59000,200,True
repeat-copy,structural_features,ber,operation,51600,0.13411545308408676,0.11352491969273605,0.0,0.2489706350956112,4,"1000,1001,1002,1003",59000,200,True
repeat-copy,structural_features,ber,operation,51800,0.12596122266564636,0.12528065353921602,0.0005092592537403106,0.2615043800557032,4,"1000,1001,1002,1003",59000,200,True
repeat-copy,structural_features,ber,operation,52000,0.12639925285737263,0.12495420889501407,0.00046938374754972755,0.2580146556999534,4,"1000,1001,1002,1003",59000,200,True
repeat-copy,structural_features,ber,operation,52200,0.1292317575175548,0.1276855603668514,0.0,0.2599170974455774,4,"1000,1001,1002,1003",59000,200,True
repeat-copy,structural_features,ber,operation,52400,0.12074140983924736,0.12144233996970352,0.0,0.2606685656309128,4,"1000,1001,1002,1003",59000,200,True
repeat-copy,structural_features,ber,operation,52600,0.12439461180460058,0.1235695584500633,0.00019552493933588266,0.2620795695483685,4,"1000,1001,1002,1003",59000,200,True
repeat-copy,structural_features,ber,operation,52800,0.12361845450112013,0.12343971202657145,0.0001227739913156256,0.24764779407065363,4,"1000,1001,1002,1003",59000,200,True
repeat-copy,structural_features,ber,operation,53000,0.12447363921368378,0.12460841095857063,0.0,0.2617664487008005,4,"1000,1001,1002,1003",59000,200,True
repeat-copy,structural_features,ber,operation,53200,0.11884043968326295,0.11883990515418656,4.336332611273974e-05,0.24228844583500175,4,"1000,1001,1002,1003",59000,200,True
repeat-copy,structural_features,ber,operation,53400,0.12171454900031677,0.12165160898404488,1.2919896980747581e-05,0.2458051618281752,4,"1000,1001,1002,1003",59000,200,True
repeat-copy,structural_features,ber,operation,53600,0.12210355888237245,0.12235404120563814,0.0,0.25597776111215353,4,"1000,1001,1002,1003",59000,200,True
repeat-copy,structural_features,ber,operation,53800,0.12815134122560268,0.12813823260709442,0.0,0.2655431375885382,4,"1000,1001,1002,1003",59000,200,True
repeat-copy,structural_features,ber,operation,54000,0.12071182563857291,0.12103476802339527,0.0,0.254087019180879,4,"1000,1001,1002,1003",59000,200,True
repeat-copy,structural_features,ber,operation,54200,0.11912901230301941,0.11893135338772881,0.0,0.24261324299965054,4,"1000,1001,1002,1003",59000,200,True
repeat-copy,structural_features,ber,operation,54400,0.12223317198979203,0.12235167405398567,0.0,0.253264734596014,4,"1000,1001,1002,1003",59000,200,True
repeat-copy,structural_features,ber,operation,54600,0.12321069998302846,0.12380148841938635,0.0,0.2641414541285485,4,"1000,1001,1002,1003",59000,200,True
repeat-copy,structural_features,ber,operation,54800,0.12165154966816771,0.12204149918750998,0.0,0.2578465509042144,4,"1000,1001,1002,1003",59000,200,True
repeat-copy,structural_features,ber,operation,55000,0.12424732859944924,0.12448685514178055,0.0,0.2598237277800217,4,"1000,1001,1002,1003",59000,200,True
repeat-copy,structural_features,ber,operation,55200,0.12331628140935208,0.12229095000222788,0.0,0.25250814378727227,4,"1000,1001,1002,1003",59000,200,True
repeat-copy,structural_features,ber,operation,55400,0.125947255549836,0.12587438613356947,0.0,0.25977868333924564,4,"1000,1001,1002,1003",59000,200,True
repeat-copy,structural_features,ber,operation,55600,0.11905650999746285,0.11778782741185088,0.0004199299728497863,0.2435506066121161,4,"1000,1001,1002,1003",59000,200,True
repeat-copy,structural_features,ber,operation,55800,0.11895911276049446,0.11901209027693196,0.0,0.24324417332187295,4,"1000,1001,1002,1003",59000,200,True
repeat-copy,structural_features,ber,operation,56000,0.11383498071736539,0.11404112893555782,0.0,0.23784333012532444,4,"1000,1001,1002,1003",59000,200,True
repeat-copy,structural_features,ber,operation,56200,0.11856611190683906,0.11906117128012522,4.694835748523474e-05,0.2536574078351259,4,"1000,1001,1002,1003",59000,200,True
repeat-copy,structural_features,ber,operation,56400,0.11851553318847437,0.11856833938557677,0.0,0.24203496439848096,4,"1000,1001,1002,1003",59000,200,True
repeat-copy,structural_features,ber,operation,56600,0.12207553606887814,0.12210888700125318,0.0,0.25021235363557937,4,"1000,1001,1002,1003",59000,200,True
repeat-copy,structural_features,ber,operation,56800,0.12129701300087617,0.12113667008469828,0.0,0.24270599629729986,4,"1000,1001,1002,1003",59000,200,True
repeat-copy,structural_features,ber,operation,57000,0.12081092207823531,0.11946936199885631,8.417508215643466e-06,0.2421184980776161,4,"1000,1001,1002,1003",59000,200,True
repeat-copy,structural_features,ber,operation,57200,0.12093922534608281,0.12107215076958529,0.0,0.2502297448879108,4,"1000,1001,1002,1003",59000,200,True
repeat-copy,structural_features,ber,operation,57400,0.11754276845837013,0.11736916470347604,0.0003534807916730642,0.2457724846340716,4,"1000,1001,1002,1003",59000,200,True
repeat-copy,structural_features,ber,operation,57600,0.12060051950335038,0.12067790789812136,0.0,0.2490588482655585,4,"1000,1001,1002,1003",59000,200,True
repeat-copy,structural_features,ber,operation,57800,0.11899142314738129,0.11899672645507567,0.0,0.23957163475453855,4,"1000,1001,1002,1003",59000,200,True
repeat-copy,structural_features,ber,operation,58000,0.11947018302744256,0.11948171215641376,0.0,0.24281727458816021,4,"1000,1001,1002,1003",59000,200,True
repeat-copy,structural_features,ber,operation,58200,0.11611628627055326,0.11589963289459643,0.0,0.23489244578406215,4,"1000,1001,1002,1003",59000,200,True
repeat-copy,structural_features,ber,operation,58400,0.11639930005912902,0.11633766682097545,0.0,0.23493619146756828,4,"1000,1001,1002,1003",59000,200,True
repeat-copy,structural_features,ber,operation,58600,0.11458105441182852,0.11462855948963309,0.0,0.2338287179870531,4,"1000,1001,1002,1003",59000,200,True
repeat-copy,structural_features,ber,operation,58800,0.11767768454563338,0.11717649605881446,9.852801682427525e-05,0.23508055712096393,4,"1000,1001,1002,1003",59000,200,True
repeat-copy,structural_features,ber,operation,59000,0.11435791809635702,0.11388916360746618,0.0,0.23300615650601686,4,"1000,1001,1002,1003",59000,200,True
repeat-copy,structural_features,ber,relation,200,0.4303733767196536,0.003855288763660493,0.42772685721516607,0.4370167450606823,4,"1000,1001,1002,1003",59000,200,True
repeat-copy,structural_features,ber,relation,400,0.4124503010883927,0.0016278262864894537,0.4100949025899172,0.4146917587518692,4,"1000,1001,1002,1003",59000,200,True
repeat-copy,structural_features,ber,relation,600,0.4006671976670623,0.005093659583992013,0.39204499781131746,0.405299387127161,4,"1000,1001,1002,1003",59000,200,True
repeat-copy,structural_features,ber,relation,800,0.39480087353847926,0.00501829381291795,0.39013506688177585,0.40229135047644377,4,"1000,1001,1002,1003",59000,200,True
repeat-copy,structural_features,ber,relation,1000,0.3882978322170675,0.007249457912181995,0.3794147681444883,0.39807857930660245,4,"1000,1001,1002,1003",59000,200,True
repeat-copy,structural_features,ber,relation,1200,0.3782360944151878,0.0024524605266339258,0.37466103725135325,0.381540943980217,4,"1000,1001,1002,1003",59000,200,True
repeat-copy,structural_features,ber,relation,1400,0.37370241420343514,0.0016966536447799395,0.3713545686006546,0.37595952935516835,4,"1000,1001,1002,1003",59000,200,True
repeat-copy,structural_features,ber,relation,1600,0.36756051622331143,0.002397560590966081,0.3651508979126811,0.37012704007327557,4,"1000,1001,1002,1003",59000,200,True
repeat-copy,structural_features,ber,relation,1800,0.36389379064552485,0.0035905578713018907,0.3598028102889657,0.36869399819523097,4,"1000,1001,1002,1003",59000,200,True
repeat-copy,structural_features,ber,relation,2000,0.3546791701298207,0.004765457971244873,0.34714590810239315,0.3600409333407879,4,"1000,1001,1002,1003",59000,200,True
repeat-copy,structural_features,ber,relation,2200,0.35627438058145344,0.002977178092650518,0.352447345033288,0.3602493985369801,4,"1000,1001,1002,1003",59000,200,True
repeat-copy,structural_features,ber,relation,2400,0.3512774717481807,0.006529528231053165,0.34366481930017473,0.3594870248623192,4,"1000,1001,1002,1003",59000,200,True
repeat-copy,structural_features,ber,relation,2600,0.34270664026029407,0.0052603526260309305,0.33626857563853263,0.35029539857059716,4,"1000,1001,1002,1003",59000,200,True
repeat-copy,structural_features,ber,relation,2800,0.3453099877387285,0.0051101508028718766,0.33772967413067817,0.3511095643043518,4,"1000,1001,1002,1003",59000,200,True
repeat-copy,structural_features,ber,relation,3000,0.3358282485511154,0.0027396138935212866,0.33350855942815544,0.34046677365899086,4,"1000,1001,1002,1003",59000,200,True
repeat-copy,structural_features,ber,relation,3200,0.3338135842233896,0.004663681626613073,0.3278268103301525,0.3407705400884151,4,"1000,1001,1002,1003",59000,200,True
repeat-copy,structural_features,ber,relation,3400,0.33554270312190054,0.0036680398408409517,0.3300779434293509,0.3390258841216564,4,"1000,1001,1002,1003",59000,200,True
repeat-copy,structural_features,ber,relation,3600,0.32554431731812655,0.004707045673435353,0.3186367185786366,0.3319235529378057,4,"1000,1001,1002,1003",59000,200,True
repeat-copy,structural_features,ber,relation,3800,0.3260029921866953,0.007093335290971573,0.31502540841698645,0.33369242295622825,4,"1000,1001,1002,1003",59000,200,True
repeat-copy,structural_features,ber,relation,4000,0.3248880164232105,0.00368606300364679,0.3192272511869669,0.3295383795723319,4,"1000,1001,1002,1003",59000,200,True
repeat-copy,structural_features,ber,relation,4200,0.32140000552870335,0.006587196013530397,0.31457351718097926,0.3294932318106294,4,"1000,1001,1002,1003",59000,200,True
repeat-copy,structural_features,ber,relation,4400,0.31977069737389685,0.003963982133902175,0.3140222090110183,0.32500869408249855,4,"1000,1001,1002,1003",59000,200,True
repeat-copy,structural_features,ber,relation,4600,0.3220156709197909,0.010459074975693471,0.3146040702238679,0.33990328628569844,4,"1000,1001,1002,1003",59000,200,True
repeat-copy,structural_features,ber,relation,4800,0.31838448585942386,0.004994090266110224,0.3135642468556762,0.32656492218375205,4,"1000,1001,1002,1003",59000,200,True
repeat-copy,structural_features,ber,relation,5000,0.31474691218230877,0.005077836447394418,0.31047763299196957,0.3233389597199857,4,"1000,1001,1002,1003",59000,200,True
repeat-copy,structural_features,ber,relation,5200,0.31202888061292466,0.0029890477501803205,0.3092478024214506,0.31689226772636175,4,"1000,1001,1002,1003",59000,200,True
repeat-copy,structural_features,ber,relation,5400,0.3106700758007355,0.009487949516075261,0.3022545552160591,0.32668873719871044,4,"1000,1001,1002,1003",59000,200,True
repeat-copy,structural_features,ber,relation,5600,0.3084533603861928,0.012858147769114711,0.2945688911154866,0.32368436612188817,4,"1000,1001,1002,1003",59000,200,True
repeat-copy,structural_features,ber,relation,5800,0.29724501942982895,0.012935900748442154,0.2822540443856269,0.31625012690201404,4,"1000,1001,1002,1003",59000,200,True
repeat-copy,structural_features,ber,relation,6000,0.29314069311600177,0.024653787737839675,0.26015593314543367,0.3185158821940422,4,"1000,1001,1002,1003",59000,200,True
repeat-copy,structural_features,ber,relation,6200,0.2826290319347754,0.03685618537913549,0.23442959792912008,0.3205272161588073,4,"1000,1001,1002,1003",59000,200,True
repeat-copy,structural_features,ber,relation,6400,0.257428241064772,0.055747178185006754,0.1966548550873995,0.3159219525754452,4,"1000,1001,1002,1003",59000,200,True
repeat-copy,structural_features,ber,relation,6600,0.23520216611097566,0.08270067854329949,0.11602450680918991,0.31522910663858056,4,"1000,1001,1002,1003",59000,200,True
repeat-copy,structural_features,ber,relation,6800,0.21954780125699475,0.09853267096164281,0.07060006617335603,0.31004027106799187,4,"1000,1001,1002,1003",59000,200,True
repeat-copy,structural_features,ber,relation,7000,0.19333453608327544,0.11961750216389554,0.05622120929416269,0.3160106892883778,4,"1000,1001,1002,1003",59000,200,True
repeat-copy,structural_features,ber,relation,7200,0.17720313662051923,0.13638451405225616,0.03183481964864768,0.3144197187945247,4,"1000,1001,1002,1003",59000,200,True
repeat-copy,structural_features,ber,relation,7400,0.1729911937013094,0.13860903352962353,0.021931090998114088,0.31356714786961676,4,"1000,1001,1002,1003",59000,200,True
repeat-copy,structural_features,ber,relation,7600,0.16261459097411718,0.1430701343913668,0.017204290711088106,0.3164087690785527,4,"1000,1001,1002,1003",59000,200,True
repeat-copy,structural_features,ber,relation,7800,0.16269857355815476,0.14546239899131352,0.016837685272330417,0.31174038676545024,4,"1000,1001,1002,1003",59000,200,True
repeat-copy,structural_features,ber,relation,8000,0.15959137294601533,0.1445587655940308,0.01375472622399684,0.30934056229889395,4,"1000,1001,1002,1003",59000,200,True
repeat-copy,structural_features,ber,relation,8200,0.15421373050528925,0.14590308696441479,0.004835806341143325,0.31201876550912855,4,"1000,1001,1002,1003",59000,200,True
repeat-copy,structural_features,ber,relation,8400,0.14943877027151758,0.14229787201981903,0.007695221433532424,0.3091551680490375,4,"1000,1001,1002,1003",59000,200,True
repeat-copy,structural_features,ber,relation,8600,0.1537372667402087,0.13088775930999558,0.006502693048678339,0.31538064680993555,4,"1000,1001,1002,1003",59000,200,True
repeat-copy,structural_features,ber,relation,8800,0.14101171386631906,0.13627598602132654,0.004863284315215424,0.3098950765281916,4,"1000,1001,1002,1003",59000,200,True
repeat-copy,structural_features,ber,relation,9000,0.1375471225794172,0.1287061293289505,0.004951538064633496,0.3073130883648992,4,"1000,1001,1002,1003",59000,200,True
repeat-copy,structural_features,ber,relation,9200,0.12750338615034706,0.12783953676294293,0.004031102522858419,0.30179568847641347,4,"1000,1001,1002,1003",59000,200,True
repeat-copy,structural_features,ber,relation,9400,0.12463242578247445,0.12700239617618217,0.0031874919933034106,0.299787967428565,4,"1000,1001,1002,1003",59000,200,True
repeat-copy,structural_features,ber,relation,9600,0.12084205770370318,0.12576967055897195,0.0031872977688908576,0.3036864084377885,4,"1000,1001,1002,1003",59000,200,True
repeat-copy,structural_features,ber,relation,9800,0.11068555635094526,0.1213391703415079,0.0017665535653941333,0.29977728847414253,4,"1000,1001,1002,1003",59000,200,True
repeat-copy,structural_features,ber,relation,10000,0.10859249049477512,0.12223107511494176,0.003130760106141679,0.30440711265429854,4,"1000,1001,1002,1003",59000,200,True
repeat-copy,structural_features,ber,relation,10200,0.10780892431008397,0.12488370069806129,0.0028840852889697997,0.30880016878247263,4,"1000,1001,1002,1003",59000,200,True
repeat-copy,structural_features,ber,relation,10400,0.10050935959516209,0.12440316234842996,0.0021602635981980713,0.30676715983077885,4,"1000,1001,1002,1003",59000,200,True
repeat-copy,structural_features,ber,relation,10600,0.10230522019643104,0.12379998266446972,0.003085510654491372,0.30635703444480894,4,"1000,1001,1002,1003",59000,200,True
repeat-copy,structural_features,ber,relation,10800,0.0964356190932449,0.11841593116084882,0.002357575852656737,0.2926415572874248,4,"1000,1001,1002,1003",59000,200,True
repeat-copy,structural_features,ber,relation,11000,0.09373429128187126,0.1213542416101416,0.0011513149895472452,0.2980852200463414,4,"1000,1001,1002,1003",59000,200,True
repeat-copy,structural_features,ber,relation,11200,0.10324652526804129,0.1206147313273816,0.002458942676894367,0.3012620434165001,4,"1000,1001,1002,1003",59000,200,True
repeat-copy,structural_features,ber,relation,11400,0.0985228937662032,0.1231147117357443,0.001552217470598407,0.3029627941548824,4,"1000,1001,1002,1003",59000,200,True
repeat-copy,structural_features,ber,relation,11600,0.09394718984927748,0.1189697826578663,0.0014358007482951508,0.2933004257176071,4,"1000,1001,1002,1003",59000,200,True
repeat-copy,structural_features,ber,relation,11800,0.09306059553171508,0.11762485832411591,0.0022345490206498652,0.2905855398066342,4,"1000,1001,1002,1003",59000,200,True
repeat-copy,structural_features,ber,relation,12000,0.08893978952750331,0.11981727671349142,0.0013786214031279087,0.2922092118114233,4,"1000,1001,1002,1003",59000,200,True
repeat-copy,structural_features,ber,relation,12200,0.09222104347703862,0.11845863905969045,0.0014014672610210255,0.2907113390788436,4,"1000,1001,1002,1003",59000,200,True
repeat-copy,structural_features,ber,relation,12400,0.08504662494422519,0.11801185544977072,0.0007242971274536103,0.28624367440119386,4,"1000,1001,1002,1003",59000,200,True
repeat-copy,structural_features,ber,relation,12600,0.08873144530807621,0.11726867059011611,0.0010142032650765033,0.2866853089816868,4,"1000,1001,1002,1003",59000,200,True
repeat-copy,structural_features,ber,relation,12800,0.09004061495608766,0.12467573140069277,0.0020544365025125444,0.30298339657485485,4,"1000,1001,1002,1003",59000,200,True
repeat-copy,structural_features,ber,relation,13000,0.08496521217370173,0.11351605594574044,0.00028810155752580615,0.2768525392189622,4,"1000,1001,1002,1003",59000,200,True
repeat-copy,structural_features,ber,relation,13200,0.08338634510786505,0.11472727894447256,0.0008886820072075353,0.2789212218020111,4,"1000,1001,1002,1003",59000,200,True
repeat-copy,structural_features,ber,relation,13400,0.0854839352214185,0.11803963703754909,0.0012853070360142737,0.28690816739574077,4,"1000,1001,1002,1003",59000,200,True
repeat-copy,structural_features,ber,relation,13600,0.08384947198574083,0.11458547980269322,0.0019359298696508631,0.27939782132394614,4,"1000,1001,1002,1003",59000,200,True
repeat-copy,structural_features,ber,relation,13800,0.08950145384238567,0.11443041597007014,0.0008077944762771949,0.28062025889754294,4,"1000,1001,1002,1003",59000,200,True
repeat-copy,structural_features,ber,relation,14000,0.08306865360456868,0.11220912801082804,0.0005621881026308984,0.2731352426484227,4,"1000,1001,1002,1003",59000,200,True
repeat-copy,structural_features,ber,relation,14200,0.07748715599896969,0.1066228542150176,0.0014562626025872306,0.25977726054377853,4,"1000,1001,1002,1003",59000,200,True
repeat-copy,structural_features,ber,relation,14400,0.08020915197776049,0.11238666816006249,0.00026159550237935035,0.27252410536631944,4,"1000,1001,1002,1003",59000,200,True
repeat-copy,structural_features,ber,relation,14600,0.07927998041224783,0.11667899645513002,0.0003347688534995541,0.2799016142822802,4,"1000,1001,1002,1003",59000,200,True
repeat-copy,structural_features,ber,relation,14800,0.07991141858597985,0.10898646453450926,0.002393827801570296,0.2658728221803904,4,"1000,1001,1002,1003",59000,200,True
repeat-copy,structural_features,ber,relation,15000,0.07880769140523626,0.1071683560994815,0.00047913047601468863,0.26090657943859696,4,"1000,1001,1002,1003",59000,200,True
repeat-copy,structural_features,ber,relation,15200,0.07539778894890332,0.11270887627000489,0.0008519594627432525,0.26972133881412447,4,"1000,1001,1002,1003",59000,200,True
repeat-copy,structural_features,ber,relation,15400,0.07537557076328084,0.10756073138799331,0.0007591799454530701,0.2595621685311198,4,"1000,1001,1002,1003",59000,200,True
repeat-copy,structural_features,ber,relation,15600,0.0752493446909648,0.10453498103496378,0.0002815956179983914,0.2534094978217036,4,"1000,1001,1002,1003",59000,200,True
repeat-copy,structural_features,ber,relation,15800,0.07353755282834755,0.1037582848301614,0.000360264761839062,0.2508308051340282,4,"1000,1001,1002,1003",59000,200,True
repeat-copy,structural_features,ber,relation,16000,0.072119970623462,0.105412581002405,0.0010719782952219247,0.2532994058355689,4,"1000,1001,1002,1003",59000,200,True
repeat-copy,structural_features,ber,relation,16200,0.07047419808601262,0.10490996350766821,0.0007138420554110781,0.2511191819468513,4,"1000,1001,1002,1003",59000,200,True
repeat-copy,structural_features,ber,relation,16400,0.07176956440409413,0.10024376926294866,0.0006868600740563125,0.24296651562210173,4,"1000,1001,1002,1003",59000,200,True
repeat-copy,structural_features,ber,relation,16600,0.06669325389724691,0.09970858300764095,0.000439758418360725,0.2383495978359133,4,"1000,1001,1002,1003",59000,200,True
repeat-copy,structural_features,ber,relation,16800,0.069117145701166,0.09606529492641604,0.0002774327038787305,0.23284756031818687,4,"1000,1001,1002,1003",59000,200,True
repeat-copy,structural_features,ber,relation,17000,0.059248697934963276,0.08694823577351375,8.953382552135735e-05,0.20870139053091408,4,"1000,1001,1002,1003",59000,200,True
repeat-copy,structural_features,ber,relation,17200,0.02736649764308822,0.03350527602513066,4.5537338592112065e-05,0.08385554804932326,4,"1000,1001,1002,1003",59000,200,True
repeat-copy,structural_features,ber,relation,17400,0.014545244925102452,0.01345048253862542,0.000615887432359159,0.029780085888924078,4,"1000,1001,1002,1003",59000,200,True
repeat-copy,structural_features,ber,relation,17600,0.024687496709957485,0.03145392208130743,0.0003095527656842023,0.07803130220039747,4,"1000,1001,1002,1003",59000,200,True
repeat-copy,structural_features,ber,relation,17800,0.011816467044554885,0.014103311752467056,2.6422286173328756e-05,0.03488917674869299,4,"1000,1001,1002,1003",59000,200,True
repeat-copy,structural_features,ber,relation,18000,0.012651284492458215,0.019010477739231504,7.16845877468586e-05,0.0454462960496312,4,"1000,1001,1002,1003",59000,200,True
repeat-copy,structural_features,ber,relation,18200,0.006934497636102606,0.00930464620403085,0.00011559436330571771,0.022848241722676903,4,"1000,1001,1002,1003",59000,200,True
repeat-copy,structural_features,ber,relation,18400,0.006019244062918006,0.007409001952124531,0.0002438094303943217,0.01866519424133003,4,"1000,1001,1002,1003",59000,200,True
repeat-copy,structural_features,ber,relation,18600,0.00643014335364569,0.007738997439170985,0.00033296037057880314,0.01971580965211615,4,"1000,1001,1002,1003",59000,200,True
repeat-copy,structural_features,ber,relation,18800,0.008642911615461345,0.006731711012260952,0.0004757369344588369,0.016905896142707207,4,"1000,1001,1002,1003",59000,200,True
repeat-copy,structural_features,ber,relation,19000,0.008674000674509443,0.01260536015482653,0.0,0.030346179993939584,4,"1000,1001,1002,1003",59000,200,True
repeat-copy,structural_features,ber,relation,19200,0.00987611677192035,0.014929126839097619,0.00034592719399370255,0.035689729567384344,4,"1000,1001,1002,1003",59000,200,True
repeat-copy,structural_features,ber,relation,19400,0.013528210700897034,0.02157950384229319,1.8717971979640424e-05,0.050847151048947124,4,"1000,1001,1002,1003",59000,200,True
repeat-copy,structural_features,ber,relation,19600,0.006787769485090394,0.006846569269542667,0.0011871937417890876,0.01822012837976217,4,"1000,1001,1002,1003",59000,200,True
repeat-copy,structural_features,ber,relation,19800,0.005936838443158195,0.008299071799648937,0.00013948915293440222,0.020270233044866474,4,"1000,1001,1002,1003",59000,200,True
repeat-copy,structural_features,ber,relation,20000,0.011360863487498136,0.014780506392816875,7.25174555554986e-05,0.03634802975284401,4,"1000,1001,1002,1003",59000,200,True
repeat-copy,structural_features,ber,relation,20200,0.03453138736949767,0.05695234441952582,0.0,0.13315987404901533,4,"1000,1001,1002,1003",59000,200,True
repeat-copy,structural_features,ber,relation,20400,0.01344171614764491,0.022276585065503902,0.0,0.05201590314391069,4,"1000,1001,1002,1003",59000,200,True
repeat-copy,structural_features,ber,relation,20600,0.011753050101106055,0.017498348405521134,0.0005903560912702233,0.04200634905660991,4,"1000,1001,1002,1003",59000,200,True
repeat-copy,structural_features,ber,relation,20800,0.004873605389584554,0.0073950472402439784,0.0,0.017643262270721608,4,"1000,1001,1002,1003",59000,200,True
repeat-copy,structural_features,ber,relation,21000,0.006496468893165002,0.010273380543429009,0.0003000754251843318,0.024282346359686926,4,"1000,1001,1002,1003",59000,200,True
repeat-copy,structural_features,ber,relation,21200,0.005434895440994296,0.008789188285637708,0.0,0.020653358612325975,4,"1000,1001,1002,1003",59000,200,True
repeat-copy,structural_features,ber,relation,21400,0.02526326864739531,0.043117655703577944,0.00020914310356602074,0.0999450446345145,4,"1000,1001,1002,1003",59000,200,True
repeat-copy,structural_features,ber,relation,21600,0.005008566121541662,0.007768799725987077,0.0,0.018424394368194045,4,"1000,1001,1002,1003",59000,200,True
repeat-copy,structural_features,ber,relation,21800,0.006065127650654176,0.008247690437024618,0.0003128249611472711,0.02027144412160851,4,"1000,1001,1002,1003",59000,200,True
repeat-copy,structural_features,ber,relation,22000,0.0031289185395871754,0.004711648731505368,0.0,0.011276146019226871,4,"1000,1001,1002,1003",59000,200,True
repeat-copy,structural_features,ber,relation,22200,0.005288250692974543,0.00853360689255404,0.00017645334941335022,0.020064771101460793,4,"1000,1001,1002,1003",59000,200,True
repeat-copy,structural_features,ber,relation,22400,0.0057021458310191515,0.005932760671459891,0.0,0.013981186830205843,4,"1000,1001,1002,1003",59000,200,True
repeat-copy,structural_features,ber,relation,22600,0.0043883731939422434,0.003800572036249308,0.0,0.01025345255911816,4,"1000,1001,1002,1003",59000,200,True
repeat-copy,structural_features,ber,relation,22800,0.0035673833276086953,0.0039009770443180877,0.0005093435238813981,0.010221048339735717,4,"1000,1001,1002,1003",59000,200,True
repeat-copy,structural_features,ber,relation,23000,0.01334815919268294,0.02193586210460697,0.0005798717099241912,0.051341717314207926,4,"1000,1001,1002,1003",59000,200,True
repeat-copy,structural_features,ber,relation,23200,0.07921014068371732,0.13524344833192034,0.0002501275774557143,0.3134544498194009,4,"1000,1001,1002,1003",59000,200,True
repeat-copy,structural_features,ber,relation,23400,0.0733175965968985,0.12543697624507044,0.00019771651015616952,0.2905763243464753,4,"1000,1001,1002,1003",59000,200,True
repeat-copy,structural_features,ber,relation,23600,0.047415745233593036,0.0814762071045521,0.00015072778682224453,0.18853646552190184,4,"1000,1001,1002,1003",59000,200,True
repeat-copy,structural_features,ber,relation,23800,0.02879648540591006,0.0495862459862165,3.851391142234206e-05,0.11468221027869731,4,"1000,1001,1002,1003",59000,200,True
repeat-copy,structural_features,ber,relation,24000,0.01700940726790577,0.026074481251652747,2.4420025292783977e-05,0.062083809311152434,4,"1000,1001,1002,1003",59000,200,True
repeat-copy,structural_features,ber,relation,24200,0.01527689438094967,0.024311975902387706,0.00017997938906773924,0.05736803641892038,4,"1000,1001,1002,1003",59000,200,True
repeat-copy,structural_features,ber,relation,24400,0.060628836367541225,0.07200763313003779,0.0,0.17626199556747452,4,"1000,1001,1002,1003",59000,200,True
repeat-copy,structural_features,ber,relation,24600,0.029411521337169688,0.042442033880311834,9.08080069348216e-05,0.10214827579678967,4,"1000,1001,1002,1003",59000,200,True
repeat-copy,structural_features,ber,relation,24800,0.04578128455381374,0.0785995743694923,0.0,0.18191810395568608,4,"1000,1001,1002,1003",59000,200,True
repeat-copy,structural_features,ber,relation,25000,0.04498863132976112,0.07714928199208898,5.666247510816902e-05,0.178613207815215,4,"1000,1001,1002,1003",59000,200,True
repeat-copy,structural_features,ber,relation,25200,0.04693884898646502,0.0777698842123109,0.00021124810795299708,0.18158882323186845,4,"1000,1001,1002,1003",59000,200,True
repeat-copy,structural_features,ber,relation,25400,0.08187990495003761,0.1406194344169994,0.0,0.3254362864326686,4,"1000,1001,1002,1003",59000,200,True
repeat-copy,structural_features,ber,relation,25600,0.07531291539766244,0.1299694875704256,6.858710548840463e-06,0.3004264467582107,4,"1000,1001,1002,1003",59000,200,True
repeat-copy,structural_features,ber,relation,25800,0.02202396712833433,0.03729792242442272,0.0,0.08662165990215726,4,"1000,1001,1002,1003",59000,200,True
repeat-copy,structural_features,ber,relation,26000,0.009603801474731883,0.014244132789222383,0.0002748766966396943,0.03418229438830167,4,"1000,1001,1002,1003",59000,200,True
repeat-copy,structural_features,ber,relation,26200,0.007493816672795219,0.012571089143028848,0.0,0.029265669985325076,4,"1000,1001,1002,1003",59000,200,True
repeat-copy,structural_features,ber,relation,26400,0.010504148381005508,0.018165405739491693,0.0,0.04196754925767891,4,"1000,1001,1002,1003",59000,200,True
repeat-copy,structural_features,ber,relation,26600,0.00701827510332805,0.011407543236357832,2.4420025292783977e-05,0.026758117321296595,4,"1000,1001,1002,1003",59000,200,True
repeat-copy,structural_features,ber,relation,26800,0.006127129880769644,0.01045574853381785,6.858710548840463e-06,0.024236563265440055,4,"1000,1001,1002,1003",59000,200,True
repeat-copy,structural_features,ber,relation,27000,0.001768514838331612,0.0015491067209259636,0.00023449141066521405,0.004229909242712893,4,"1000,1001,1002,1003",59000,200,True
repeat-copy,structural_features,ber,relation,27200,0.009664003083889839,0.016067629283835493,0.0,0.0374870958563406,4,"1000,1001,1002,1003",59000,200,True
repeat-copy,structural_features,ber,relation,27400,0.003142753943684511,0.005248738320962167,0.0,0.012231738637201488,4,"1000,1001,1002,1003",59000,200,True
repeat-copy,structural_features,ber,relation,27600,0.006701730095519451,0.009883276871446725,0.0001240004680585116,0.023762663422967307,4,"1000,1001,1002,1003",59000,200,True
repeat-copy,structural_features,ber,relation,27800,0.004884448830562178,0.008460113541504078,0.0,0.01953779532224871,4,"1000,1001,1002,1003",59000,200,True
repeat-copy,structural_features,ber,relation,28000,0.02357917098968755,0.020261723572484847,2.1786491852253676e-05,0.04724064290523529,4,"1000,1001,1002,1003",59000,200,True
repeat-copy,structural_features,ber,relation,28200,0.0053419606284296605,0.0053115902449458186,7.24637694656849e-05,0.012603108849725686,4,"1000,1001,1002,1003",59000,200,True
repeat-copy,structural_features,ber,relation,28400,0.01099111595802242,0.018836198253296126,7.442604750394821e-05,0.04361631633422803,4,"1000,1001,1002,1003",59000,200,True
repeat-copy,structural_features,ber,relation,28600,0.0061674688583298115,0.008257383256809199,0.0,0.020330158969736657,4,"1000,1001,1002,1003",59000,200,True
repeat-copy,structural_features,ber,relation,28800,0.004453492092288798,0.0074699936055363245,0.0,0.01739042511151638,4,"1000,1001,1002,1003",59000,200,True
repeat-copy,structural_features,ber,relation,29000,0.004994285787106492,0.006068141309954901,0.00019903149222955108,0.015343724077101797,4,"1000,1001,1002,1003",59000,200,True
repeat-copy,structural_features,ber,relation,29200,0.003677257404051488,0.003939679621339233,3.912363201379776e-05,0.00961598688212689,4,"1000,1001,1002,1003",59000,200,True
repeat-copy,structural_features,ber,relation,29400,0.008483676014293453,0.013521842380513934,0.00030448558391071856,0.03189678673166782,4,"1000,1001,1002,1003",59000,200,True
repeat-copy,structural_features,ber,relation,29600,0.006813271585851908,0.01002128917360646,5.882762605324388e-05,0.024046523958677426,4,"1000,1001,1002,1003",59000,200,True
repeat-copy,structural_features,ber,relation,29800,0.0024757111817598344,0.004052887267212735,0.0,0.009489428389351816,4,"1000,1001,1002,1003",59000,200,True
repeat-copy,structural_features,ber,relation,30000,0.009229840105545008,0.015742534284853685,0.0,0.03649629406048916,4,"1000,1001,1002,1003",59000,200,True
repeat-copy,structural_features,ber,relation,30200,0.01210492627840722,0.01907763461659828,7.439736742526293e-05,0.04508355347905308,4,"1000,1001,1002,1003",59000,200,True
repeat-copy,structural_features,ber,relation,30400,0.012185397016728529,0.020692591043770633,0.0,0.04802440533298068,4,"1000,1001,1002,1003",59000,200,True
repeat-copy,structural_features,ber,relation,30600,0.0021600165904965252,0.003242058612271538,0.0,0.007759494599886238,4,"1000,1001,1002,1003",59000,200,True
repeat-copy,structural_features,ber,relation,30800,0.005346981653565308,0.006073933458583619,0.0,0.015651538008241914,4,"1000,1001,1002,1003",59000,200,True
repeat-copy,structural_features,ber,relation,31000,0.006029865782329579,0.010009656368707598,0.00018185754655860364,0.023366521383286452,4,"1000,1001,1002,1003",59000,200,True
repeat-copy,structural_features,ber,relation,31200,0.005878652040264569,0.009926203790170306,7.878480246290565e-05,0.023071143948473035,4,"1000,1001,1002,1003",59000,200,True
repeat-copy,structural_features,ber,relation,31400,0.00547622529004002,0.009100601227331076,0.0,0.02123521894100122,4,"1000,1001,1002,1003",59000,200,True
repeat-copy,structural_features,ber,relation,31600,0.06561419282326825,0.11326600522417979,0.0,0.26179651313927027,4,"1000,1001,1002,1003",59000,200,True
repeat-copy,structural_features,ber,relation,31800,0.08208642533747479,0.14217785929621557,0.0,0.32834570134989916,4,"1000,1001,1002,1003",59000,200,True
repeat-copy,structural_features,ber,relation,32000,0.09013771649450064,0.15612310464671433,0.0,0.36055086597800257,4,"1000,1001,1002,1003",59000,200,True
repeat-copy,structural_features,ber,relation,32200,0.08573307757847942,0.1482277137134371,6.649019895121455e-05,0.34247097074985505,4,"1000,1001,1002,1003",59000,200,True
repeat-copy,structural_features,ber,relation,32400,0.08662748576665763,0.14982178690719494,0.0,0.3461262909695506,4,"1000,1001,1002,1003",59000,200,True
repeat-copy,structural_features,ber,relation,32600,0.08501377559092362,0.14722813246464858,0.0,0.34002038014121355,4,"1000,1001,1002,1003",59000,200,True
repeat-copy,structural_features,ber,relation,32800,0.07491369716939515,0.1294458799825179,0.0,0.2991203665966168,4,"1000,1001,1002,1003",59000,200,True
repeat-copy,structural_features,ber,relation,33000,0.064177488568821,0.10973869844199616,0.0,0.2542424816545099,4,"1000,1001,1002,1003",59000,200,True
repeat-copy,structural_features,ber,relation,33200,0.06702465664187912,0.11407861757460583,0.0,0.26459912285674364,4,"1000,1001,1002,1003",59000,200,True
repeat-copy,structural_features,ber,relation,33400,0.06871236392442372,0.11810422266934745,0.0,0.2732722179219127,4,"1000,1001,1002,1003",59000,200,True
repeat-copy,structural_features,ber,relation,33600,0.10104663601203356,0.11142723595956931,0.0007814635545946658,0.27128043937496843,4,"1000,1001,1002,1003",59000,200,True
repeat-copy,structural_features,ber,relation,33800,0.07745361790512106,0.10155247971285447,0.0,0.25112251891754567,4,"1000,1001,1002,1003",59000,200,True
repeat-copy,structural_features,ber,relation,34000,0.07290288224248796,0.11821749187966525,0.0,0.27741815222427246,4,"1000,1001,1002,1003",59000,200,True
repeat-copy,structural_features,ber,relation,34200,0.06294539902053657,0.10776735786200686,7.421062502544374e-05,0.24960264624096454,4,"1000,1001,1002,1003",59000,200,True
repeat-copy,structural_features,ber,relation,34400,0.06502087141736411,0.11237522057315201,0.0,0.25966027004877107,4,"1000,1001,1002,1003",59000,200,True
repeat-copy,structural_features,ber,relation,34600,0.06585559273720719,0.11242593713686791,0.0,0.26057788351085037,4,"1000,1001,1002,1003",59000,200,True
repeat-copy,structural_features,ber,relation,34800,0.06504220282295137,0.11220066456040674,0.0,0.2593791887210682,4,"1000,1001,1002,1003",59000,200,True
repeat-copy,structural_features,ber,relation,35000,0.06504726416373159,0.11260533488128391,0.0,0.26008541161194443,4,"1000,1001,1002,1003",59000,200,True
repeat-copy,structural_features,ber,relation,35200,0.06249030424922239,0.1081896006956886,0.0,0.24988018691539765,4,"1000,1001,1002,1003",59000,200,True
repeat-copy,structural_features,ber,relation,35400,0.0592308943613898,0.10255237635482396,0.0,0.23685681437142192,4,"1000,1001,1002,1003",59000,200,True
repeat-copy,structural_features,ber,relation,35600,0.0499941882560961,0.08576967087585445,0.0,0.19854818153195083,4,"1000,1001,1002,1003",59000,200,True
repeat-copy,structural_features,ber,relation,35800,0.037278975171502686,0.064252956567996,0.0,0.1485676853498444,4,"1000,1001,1002,1003",59000,200,True
repeat-copy,structural_features,ber,relation,36000,0.026178277999570128,0.044903048340094724,0.0,0.10395077100838535,4,"1000,1001,1002,1003",59000,200,True
repeat-copy,structural_features,ber,relation,36200,0.016298589242214803,0.027664296962147488,0.0,0.06420970430597663,4,"1000,1001,1002,1003",59000,200,True
repeat-copy,structural_features,ber,relation,36400,0.016073227591987232,0.027839646830939847,0.0,0.06429291036794893,4,"1000,1001,1002,1003",59000,200,True
repeat-copy,structural_features,ber,relation,36600,0.010363902612298262,0.016804224671179417,0.0,0.03944632135680877,4,"1000,1001,1002,1003",59000,200,True
repeat-copy,structural_features,ber,relation,36800,0.006902208726096432,0.010950199344853351,0.0,0.025854542033048346,4,"1000,1001,1002,1003",59000,200,True
repeat-copy,structural_features,ber,relation,37000,0.007000903505831957,0.010485832658881188,0.0,0.025106319226324558,4,"1000,1001,1002,1003",59000,200,True
repeat-copy,structural_features,ber,relation,37200,0.07306389153643976,0.11267660089627306,0.0002052017068490386,0.2674919696571305,4,"1000,1001,1002,1003",59000,200,True
repeat-copy,structural_features,ber,relation,37400,0.08544039020256604,0.14135462804901583,0.0,0.33015017493627963,4,"1000,1001,1002,1003",59000,200,True
repeat-copy,structural_features,ber,relation,37600,0.06852127163787372,0.10429523727405816,0.0,0.24824259549437555,4,"1000,1001,1002,1003",59000,200,True
repeat-copy,structural_features,ber,relation,37800,0.004269484103569993,0.0058395747250113315,0.0,0.014178998477873392,4,"1000,1001,1002,1003",59000,200,True
repeat-copy,structural_features,ber,relation,38000,0.0032598232792224735,0.005646179543309111,0.0,0.013039293116889894,4,"1000,1001,1002,1003",59000,200,True
repeat-copy,structural_features,ber,relation,38200,0.004774097564950353,0.007804260845166411,0.00012518795439973475,0.01828861146583222,4,"1000,1001,1002,1003",59000,200,True
repeat-copy,structural_features,ber,relation,38400,0.0022815833099593874,0.0032439197641501365,0.0,0.007824268591939472,4,"1000,1001,1002,1003",59000,200,True
repeat-copy,structural_features,ber,relation,38600,0.00469485929585062,0.007361564808577968,0.0,0.017410097379470243,4,"1000,1001,1002,1003",59000,200,True
repeat-copy,structural_features,ber,relation,38800,0.0011013949423795567,0.0017677980952381146,0.0,0.004161891468102113,4,"1000,1001,1002,1003",59000,200,True
repeat-copy,structural_features,ber,relation,39000,0.004369868155772565,0.007568833668175392,0.0,0.01747947262309026,4,"1000,1001,1002,1003",59000,200,True
repeat-copy,structural_features,ber,relation,39200,0.0008128381078131498,0.0013615998257953785,0.0,0.003170505200396292,4,"1000,1001,1002,1003",59000,200,True
repeat-copy,structural_features,ber,relation,39400,0.006326754025067203,0.010667721080135868,0.0,0.024801018880680203,4,"1000,1001,1002,1003",59000,200,True
repeat-copy,structural_features,ber,relation,39600,0.008051947940693936,0.013890752951866349,0.0,0.03211134114477318,4,"1000,1001,1002,1003",59000,200,True
repeat-copy,structural_features,ber,relation,39800,0.01045455579616828,0.01801547247938704,0.0,0.041658177942736074,4,"1000,1001,1002,1003",59000,200,True
repeat-copy,structural_features,ber,relation,40000,0.0023757358243165073,0.0036788416996536622,0.0,0.00874171857489273,4,"1000,1001,1002,1003",59000,200,True
repeat-copy,structural_features,ber,relation,40200,0.0012182888157258275,0.0019551583438251344,0.0,0.004599176304764114,4,"1000,1001,1002,1003",59000,200,True
repeat-copy,structural_features,ber,relation,40400,0.0027204773289849983,0.004679922652185559,0.0,0.010826245575444773,4,"1000,1001,1002,1003",59000,200,True
repeat-copy,structural_features,ber,relation,40600,0.0007706382451578975,0.0012453906958563498,0.0,0.002926798367407173,4,"1000,1001,1002,1003",59000,200,True
repeat-copy,structural_features,ber,relation,40800,0.005815357490500901,0.009918644418177455,0.0,0.022993912097299472,4,"1000,1001,1002,1003",59000,200,True
repeat-copy,structural_features,ber,relation,41000,0.008409272210556082,0.014048222244680999,0.0,0.032733109393157066,4,"1000,1001,1002,1003",59000,200,True
repeat-copy,structural_features,ber,relation,41200,0.006632736975152511,0.011473662513516608,0.0,0.026505695375381038,4,"1000,1001,1002,1003",59000,200,True
repeat-copy,structural_features,ber,relation,41400,0.009013513145619073,0.011113526114055743,2.5252525229007007e-05,0.02726896959822625,4,"1000,1001,1002,1003",59000,200,True
repeat-copy,structural_features,ber,relation,41600,0.003549115829227958,0.004633378946543732,0.0,0.011363953546388075,4,"1000,1001,1002,1003",59000,200,True
repeat-copy,structural_features,ber,relation,41800,0.004257627931656315,0.0073555723405651354,0.0,0.01699783198768273,4,"1000,1001,1002,1003",59000,200,True
repeat-copy,structural_features,ber,relation,42000,0.005087388710235246,0.008789859247664355,0.0,0.020311848171404565,4,"1000,1001,1002,1003",59000,200,True
repeat-copy,structural_features,ber,relation,42200,0.010994367951643654,0.01902345170619124,0.0,0.04394394431321416,4,"1000,1001,1002,1003",59000,200,True
repeat-copy,structural_features,ber,relation,42400,0.004875239644898102,0.00834772226668511,0.0,0.019333682178985328,4,"1000,1001,1002,1003",59000,200,True
repeat-copy,structural_features,ber,relation,42600,0.001770679750625277,0.0018629238877184537,0.0,0.004360112983267755,4,"1000,1001,1002,1003",59000,200,True
repeat-copy,structural_features,ber,relation,42800,0.0031088133380399088,0.004115767864602664,0.0,0.010032026955159382,4,"1000,1001,1002,1003",59000,200,True
repeat-copy,structural_features,ber,relation,43000,0.0014154545837664046,0.002430989735235288,0.0,0.005625976041192189,4,"1000,1001,1002,1003",59000,200,True
repeat-copy,structural_features,ber,relation,43200,0.0028920006965927315,0.003578013508481852,0.0,0.008763435110449792,4,"1000,1001,1002,1003",59000,200,True
repeat-copy,structural_features,ber,relation,43400,0.012913449070474599,0.015450935416673847,0.0,0.03782475114508998,4,"1000,1001,1002,1003",59000,200,True
repeat-copy,structural_features,ber,relation,43600,0.0038120213024376427,0.0064670645290565735,0.0,0.01501206226006616,4,"1000,1001,1002,1003",59000,200,True
repeat-copy,structural_features,ber,relation,43800,0.0006009320222074167,0.0008242454586982345,0.0,0.0019996876851655545,4,"1000,1001,1002,1003",59000,200,True
repeat-copy,structural_features,ber,relation,44000,0.009450641152216123,0.014204058610375216,0.0,0.03399649874074385,4,"1000,1001,1002,1003",59000,200,True
repeat-copy,structural_features,ber,relation,44200,0.001693389399588341,0.0017764746052485502,0.0,0.004146113197784871,4,"1000,1001,1002,1003",59000,200,True
repeat-copy,structural_features,ber,relation,44400,0.002183163360168692,0.0036092112333257335,0.0,0.008432973946910352,4,"1000,1001,1002,1003",59000,200,True
repeat-copy,structural_features,ber,relation,44600,0.004718751042382792,0.008173116553675596,0.0,0.018875004169531168,4,"1000,1001,1002,1003",59000,200,True
repeat-copy,structural_features,ber,relation,44800,0.0029920768886222506,0.005092058720440847,0.0,0.011811454428825528,4,"1000,1001,1002,1003",59000,200,True
repeat-copy,structural_features,ber,relation,45000,0.00031539279516437093,0.0004724425760136791,0.0,0.0011282378440955654,4,"1000,1001,1002,1003",59000,200,True
repeat-copy,structural_features,ber,relation,45200,0.001907219638378592,0.0033034013148648626,0.0,0.007628878553514368,4,"1000,1001,1002,1003",59000,200,True
repeat-copy,structural_features,ber,relation,45400,5.480575549881905e-05,6.146397904306974e-05,0.0,0.00014895995147526264,4,"1000,1001,1002,1003",59000,200,True
repeat-copy,structural_features,ber,relation,45600,0.011986079642083496,0.019593799105127534,0.0,0.0459152679797262,4,"1000,1001,1002,1003",59000,200,True
repeat-copy,structural_features,ber,relation,45800,0.01973137072811369,0.03399933652938324,0.0,0.07861981893889607,4,"1000,1001,1002,1003",59000,200,True
repeat-copy,structural_features,ber,relation,46000,0.012888204904593295,0.022211964333529798,0.0,0.05136021460406482,4,"1000,1001,1002,1003",59000,200,True
repeat-copy,structural_features,ber,relation,46200,0.0012916261513601058,0.002231438112440785,0.0,0.005156583969946951,4,"1000,1001,1002,1003",59000,200,True
repeat-copy,structural_features,ber,relation,46400,0.010644558779604267,0.01837587214745645,0.0,0.04247241501579992,4,"1000,1001,1002,1003",59000,200,True
repeat-copy,structural_features,ber,relation,46600,0.0012987335782963783,0.0021282948637864284,0.0,0.004981971348170191,4,"1000,1001,1002,1003",59000,200,True
repeat-copy,structural_features,ber,relation,46800,0.006731368380133063,0.011659072038853078,0.0,0.02692547352053225,4,"1000,1001,1002,1003",59000,200,True
repeat-copy,structural_features,ber,relation,47000,0.00099545739707537,0.0014830097581954328,0.0,0.003550836981739849,4,"1000,1001,1002,1003",59000,200,True
repeat-copy,structural_features,ber,relation,47200,0.0008189021119324024,0.0011454629863787021,0.0,0.002781452964991331,4,"1000,1001,1002,1003",59000,200,True
repeat-copy,structural_features,ber,relation,47400,0.007109029272978659,0.01167470946631746,0.0,0.02731508533703163,4,"1000,1001,1002,1003",59000,200,True
repeat-copy,structural_features,ber,relation,47600,0.0032962806611612906,0.0056751578387674185,0.0,0.01312585303443484,4,"1000,1001,1002,1003",59000,200,True
repeat-copy,structural_features,ber,relation,47800,0.0015957512472232337,0.002763922236432045,0.0,0.006383004988892935,4,"1000,1001,1002,1003",59000,200,True
repeat-copy,structural_features,ber,relation,48000,0.0028094270142901222,0.004866070328907026,0.0,0.011237708057160489,4,"1000,1001,1002,1003",59000,200,True
repeat-copy,structural_features,ber,relation,48200,0.002193523579480825,0.003799294287261137,0.0,0.0087740943179233,4,"1000,1001,1002,1003",59000,200,True
repeat-copy,structural_features,ber,relation,48400,0.0018077331107633654,0.003131085594366686,0.0,0.007230932443053462,4,"1000,1001,1002,1003",59000,200,True
repeat-copy,structural_features,ber,relation,48600,0.0009957714469055645,0.0016505979264186152,0.0,0.003853215657873079,4,"1000,1001,1002,1003",59000,200,True
repeat-copy,structural_features,ber,relation,48800,0.0015655187523225323,0.002673952644215867,0.0,0.0061967099527828395,4,"1000,1001,1002,1003",59000,200,True
repeat-copy,structural_features,ber,relation,49000,0.003720325745234731,0.005864899439869858,0.0,0.013872093335958197,4,"1000,1001,1002,1003",59000,200,True
repeat-copy,structural_features,ber,relation,49200,0.028994609799701723,0.04892472580102895,0.0,0.11371966724283994,4,"1000,1001,1002,1003",59000,200,True
repeat-copy,structural_features,ber,relation,49400,0.007058424014830962,0.012203181356758123,0.0,0.02819493636954576,4,"1000,1001,1002,1003",59000,200,True
repeat-copy,structural_features,ber,relation,49600,0.001496193208731711,0.00259148265546283,0.0,0.005984772834926844,4,"1000,1001,1002,1003",59000,200,True
repeat-copy,structural_features,ber,relation,49800,0.0013050562115677169,0.0021851750588758262,0.0,0.005088943329174072,4,"1000,1001,1002,1003",59000,200,True
repeat-copy,structural_features,ber,relation,50000,0.037258749322936636,0.06443514161337603,0.0,0.14886363144498319,4,"1000,1001,1002,1003",59000,200,True
repeat-copy,structural_features,ber,relation,50200,0.009962171171209774,0.017202836149589187,0.0,0.03975828885566443,4,"1000,1001,1002,1003",59000,200,True
repeat-copy,structural_features,ber,relation,50400,0.0029026087957026905,0.004885055139763508,0.0,0.011361947906552814,4,"1000,1001,1002,1003",59000,200,True
repeat-copy,structural_features,ber,relation,50600,0.0012442462018225342,0.0021196085455365203,0.0,0.004915256411768496,4,"1000,1001,1002,1003",59000,200,True
repeat-copy,structural_features,ber,relation,50800,0.0010008811390434856,0.0014288170736676627,0.0,0.0034438130230410023,4,"1000,1001,1002,1003",59000,200,True
repeat-copy,structural_features,ber,relation,51000,0.0010357803702936508,0.001679171621932181,0.0,0.003941721128067002,4,"1000,1001,1002,1003",59000,200,True
repeat-copy,structural_features,ber,relation,51200,0.001027035020670155,0.0017452769616800794,0.0,0.004049660550081171,4,"1000,1001,1002,1003",59000,200,True
repeat-copy,structural_features,ber,relation,51400,0.00034239819622598587,0.0003489755313206996,0.0,0.0007801630184985697,4,"1000,1001,1002,1003",59000,200,True
repeat-copy,structural_features,ber,relation,51600,0.006145317246264313,0.006555432943933483,0.0,0.015831881545018404,4,"1000,1001,1002,1003",59000,200,True
repeat-copy,structural_features,ber,relation,51800,0.0027216976524505297,0.0027439057883701127,0.0,0.006473108325153589,4,"1000,1001,1002,1003",59000,200,True
repeat-copy,structural_features,ber,relation,52000,0.0018423795385751874,0.0031529764930013295,0.0,0.007303294250741601,4,"1000,1001,1002,1003",59000,200,True
repeat-copy,structural_features,ber,relation,52200,0.0007071530673420056,0.0010052756033079192,0.0,0.002424765018513426,4,"1000,1001,1002,1003",59000,200,True
repeat-copy,structural_features,ber,relation,52400,0.004754916914389468,0.008220845837806075,0.0,0.01899382786359638,4,"1000,1001,1002,1003",59000,200,True
repeat-copy,structural_features,ber,relation,52600,0.0034993269595724992,0.0056165911992653705,0.0,0.013211673721089027,4,"1000,1001,1002,1003",59000,200,True
repeat-copy,structural_features,ber,relation,52800,0.0018106529602664521,0.003074798756077111,0.0,0.0071358253038488325,4,"1000,1001,1002,1003",59000,200,True
repeat-copy,structural_features,ber,relation,53000,0.001039357587287668,0.0016650098748714726,0.0,0.003918276909971609,4,"1000,1001,1002,1003",59000,200,True
repeat-copy,structural_features,ber,relation,53200,0.00035472090108669364,0.0004527846546077689,0.0,0.0011074041767278687,4,"1000,1001,1002,1003",59000,200,True
repeat-copy,structural_features,ber,relation,53400,0.002823271165252663,0.004716902555998218,0.0,0.010991539803799242,4,"1000,1001,1002,1003",59000,200,True
repeat-copy,structural_features,ber,relation,53600,0.00018719779356615618,0.0003242360895213728,0.0,0.0007487911742646247,4,"1000,1001,1002,1003",59000,200,True
repeat-copy,structural_features,ber,relation,53800,0.002722942276741378,0.004264254309929506,0.0,0.010092900140443816,4,"1000,1001,1002,1003",59000,200,True
repeat-copy,structural_features,ber,relation,54000,0.0013246258950675837,0.0020745839920934947,0.0,0.004914119649911299,4,"1000,1001,1002,1003",59000,200,True
repeat-copy,structural_features,ber,relation,54200,0.009386301837221254,0.016228982564037903,0.0,0.037495702396845444,4,"1000,1001,1002,1003",59000,200,True
repeat-copy,structural_features,ber,relation,54400,0.003475672774220584,0.006020041835433922,0.0,0.013902691096882335,4,"1000,1001,1002,1003",59000,200,True
repeat-copy,structural_features,ber,relation,54600,0.0022083745541749524,0.0038250169299732855,0.0,0.00883349821669981,4,"1000,1001,1002,1003",59000,200,True
repeat-copy,structural_features,ber,relation,54800,0.0022284917905926703,0.003859861005556648,0.0,0.008913967162370681,4,"1000,1001,1002,1003",59000,200,True
repeat-copy,structural_features,ber,relation,55000,0.001675202592741698,0.002901536003599735,0.0,0.006700810370966792,4,"1000,1001,1002,1003",59000,200,True
repeat-copy,structural_features,ber,relation,55200,0.001924121743068099,0.0029103302640310887,0.0,0.006936212969012558,4,"1000,1001,1002,1003",59000,200,True
repeat-copy,structural_features,ber,relation,55400,0.001419043600326404,0.00243809641893458,0.0,0.005641880847979337,4,"1000,1001,1002,1003",59000,200,True
repeat-copy,structural_features,ber,relation,55600,0.0010833236531470902,0.001876371608291884,0.0,0.004333294612588361,4,"1000,1001,1002,1003",59000,200,True
repeat-copy,structural_features,ber,relation,55800,0.001396652105031535,0.0020958560759299035,0.0,0.005003270539455116,4,"1000,1001,1002,1003",59000,200,True
repeat-copy,structural_features,ber,relation,56000,0.0014393235462193843,0.002418641020894621,0.0,0.005627527634496801,4,"1000,1001,1002,1003",59000,200,True
repeat-copy,structural_features,ber,relation,56200,0.0008370950707467272,0.0012907747875488546,0.0,0.0030637018504785373,4,"1000,1001,1002,1003",59000,200,True
repeat-copy,structural_features,ber,relation,56400,0.0027306630664679686,0.004729647169474352,0.0,0.010922652265871875,4,"1000,1001,1002,1003",59000,200,True
repeat-copy,structural_features,ber,relation,56600,0.002899203981505707,0.004937903444078044,0.0,0.01145128452219069,4,"1000,1001,1002,1003",59000,200,True
repeat-copy,structural_features,ber,relation,56800,0.00025621111213695256,0.00044377066368492886,0.0,0.0010248444485478102,4,"1000,1001,1002,1003",59000,200,True
repeat-copy,structural_features,ber,relation,57000,0.0012915478039940353,0.001495229004660263,0.0,0.003684629849740304,4,"1000,1001,1002,1003",59000,200,True
repeat-copy,structural_features,ber,relation,57200,0.00019765338351135142,0.00031785542839874543,0.0,0.000747344302944839,4,"1000,1001,1002,1003",59000,200,True
repeat-copy,structural_features,ber,relation,57400,0.00022533961455337704,0.0002858209191253573,0.0,0.0006993382563814521,4,"1000,1001,1002,1003",59000,200,True
repeat-copy,structural_features,ber,relation,57600,0.0015572872606571765,0.0014561466724362117,0.0,0.00338337984518148,4,"1000,1001,1002,1003",59000,200,True
repeat-copy,structural_features,ber,relation,57800,0.00041928990045562385,0.0006973771768383664,0.0,0.0016266545513644814,4,"1000,1001,1002,1003",59000,200,True
repeat-copy,structural_features,ber,relation,58000,0.00031711366566014473,0.00045178431906921066,0.0,0.0010893053334439173,4,"1000,1001,1002,1003",59000,200,True
repeat-copy,structural_features,ber,relation,58200,0.00045196232385933397,0.0007828217080312658,0.0,0.0018078492954373359,4,"1000,1001,1002,1003",59000,200,True
repeat-copy,structural_features,ber,relation,58400,0.0010989654192235321,0.0013258199421807848,0.0,0.00324680978897959,4,"1000,1001,1002,1003",59000,200,True
repeat-copy,structural_features,ber,relation,58600,0.0008451836690073832,0.001463901056448265,0.0,0.003380734676029533,4,"1000,1001,1002,1003",59000,200,True
repeat-copy,structural_features,ber,relation,58800,0.0021452239179052413,0.0037156368194238443,0.0,0.008580895671620965,4,"1000,1001,1002,1003",59000,200,True
repeat-copy,structural_features,ber,relation,59000,0.0022360607417067514,0.0038095226227652674,0.0,0.008834094322519376,4,"1000,1001,1002,1003",59000,200,True
repeat-copy,structural_features,ber,combined,200,0.4298213081434369,0.00357672735837541,0.42663296811282636,0.4356889982521534,4,"1000,1001,1002,1003",59000,200,True
repeat-copy,structural_features,ber,combined,400,0.4109822187013924,0.003706941927311156,0.4054421749711037,0.4144819869846106,4,"1000,1001,1002,1003",59000,200,True
repeat-copy,structural_features,ber,combined,600,0.40031498990952974,0.0037857162000723378,0.3943258625268936,0.40479341834783555,4,"1000,1001,1002,1003",59000,200,True
repeat-copy,structural_features,ber,combined,800,0.39203830271959306,0.004014779895228715,0.38608129501342775,0.39601889073848723,4,"1000,1001,1002,1003",59000,200,True
repeat-copy,structural_features,ber,combined,1000,0.3848663349729031,0.005335147046518653,0.3792264284938574,0.3928605506196618,4,"1000,1001,1002,1003",59000,200,True
repeat-copy,structural_features,ber,combined,1200,0.3740424894820899,0.001635333194631374,0.37248327367007733,0.3764761870354414,4,"1000,1001,1002,1003",59000,200,True
repeat-copy,structural_features,ber,combined,1400,0.37038134003989404,0.0054670418676010845,0.3637546283006668,0.3780367647856474,4,"1000,1001,1002,1003",59000,200,True
repeat-copy,structural_features,ber,combined,1600,0.3632915365882218,0.001865755893023603,0.36118273869156836,0.3662627685070038,4,"1000,1001,1002,1003",59000,200,True
repeat-copy,structural_features,ber,combined,1800,0.3582483598124236,0.005441870838917327,0.3498271092399955,0.3647778183594346,4,"1000,1001,1002,1003",59000,200,True
repeat-copy,structural_features,ber,combined,2000,0.3523310374096036,0.007485586554231715,0.3405992137640715,0.3607184745371342,4,"1000,1001,1002,1003",59000,200,True
repeat-copy,structural_features,ber,combined,2200,0.3523494659550488,0.0031479133429149673,0.3476895383000374,0.3559176712110639,4,"1000,1001,1002,1003",59000,200,True
repeat-copy,structural_features,ber,combined,2400,0.3461020890763029,0.0057029947927234705,0.3384748827293515,0.3531283650547266,4,"1000,1001,1002,1003",59000,200,True
repeat-copy,structural_features,ber,combined,2600,0.3407840034365654,0.003555650893558461,0.33525906335562466,0.34468499790877105,4,"1000,1001,1002,1003",59000,200,True
repeat-copy,structural_features,ber,combined,2800,0.3424497247394174,0.0073652860888439985,0.334003618247807,0.3540433642268181,4,"1000,1001,1002,1003",59000,200,True
repeat-copy,structural_features,ber,combined,3000,0.33582595702260737,0.00372458570723558,0.33230421237647534,0.34181673254817724,4,"1000,1001,1002,1003",59000,200,True
repeat-copy,structural_features,ber,combined,3200,0.3338329178770073,0.0035241822093504188,0.3289153050724417,0.3371829839423299,4,"1000,1001,1002,1003",59000,200,True
repeat-copy,structural_features,ber,combined,3400,0.3336772102676332,0.003035203714445265,0.3288657863438129,0.33663069289177655,4,"1000,1001,1002,1003",59000,200,True
repeat-copy,structural_features,ber,combined,3600,0.3246779699344188,0.005991916071212177,0.31622198775410654,0.3314807017147541,4,"1000,1001,1002,1003",59000,200,True
repeat-copy,structural_features,ber,combined,3800,0.3256350641138852,0.0038547758972355293,0.32104048583656547,0.3312307965010405,4,"1000,1001,1002,1003",59000,200,True
repeat-copy,structural_features,ber,combined,4000,0.32411480596289033,0.003628196918436974,0.3211285612359643,0.33026946246623995,4,"1000,1001,1002,1003",59000,200,True
repeat-copy,structural_features,ber,combined,4200,0.3195502588525414,0.0033550151345981983,0.3139350268989801,0.32255036804825066,4,"1000,1001,1002,1003",59000,200,True
repeat-copy,structural_features,ber,combined,4400,0.3182201320584863,0.0045424126618851535,0.3121892259269953,0.32479647371917963,4,"1000,1001,1002,1003",59000,200,True
repeat-copy,structural_features,ber,combined,4600,0.3207004539109767,0.006445062830706873,0.3143467163294554,0.33142698753625155,4,"1000,1001,1002,1003",59000,200,True
repeat-copy,structural_features,ber,combined,4800,0.31875287590548396,0.004202291801811663,0.3134292418882251,0.32317160580307247,4,"1000,1001,1002,1003",59000,200,True
repeat-copy,structural_features,ber,combined,5000,0.3143465486448258,0.003195551982131457,0.3113734127022326,0.3190762113779783,4,"1000,1001,1002,1003",59000,200,True
repeat-copy,structural_features,ber,combined,5200,0.31126284959726036,0.003506732772670747,0.306207159049809,0.3161051489040256,4,"1000,1001,1002,1003",59000,200,True
repeat-copy,structural_features,ber,combined,5400,0.31403618996497246,0.004853093929743592,0.30901422034949066,0.32184507507830856,4,"1000,1001,1002,1003",59000,200,True
repeat-copy,structural_features,ber,combined,5600,0.3116367102228105,0.0050104145227642845,0.30725404478609564,0.32012070901691914,4,"1000,1001,1002,1003",59000,200,True
repeat-copy,structural_features,ber,combined,5800,0.3079250258952379,0.003248759559368896,0.3033130159601569,0.3123088521603495,4,"1000,1001,1002,1003",59000,200,True
repeat-copy,structural_features,ber,combined,6000,0.3095856350660324,0.0061048590313435725,0.300525022521615,0.3161619743332267,4,"1000,1001,1002,1003",59000,200,True
repeat-copy,structural_features,ber,combined,6200,0.3127533512888476,0.006952579468895949,0.3011507373303175,0.3184372336231172,4,"1000,1001,1002,1003",59000,200,True
repeat-copy,structural_features,ber,combined,6400,0.3027422748645767,0.014635670621819684,0.27757045984268186,0.3127632898464799,4,"1000,1001,1002,1003",59000,200,True
repeat-copy,structural_features,ber,combined,6600,0.284212574941339,0.04981954183563617,0.19825842367485166,0.31989734318107366,4,"1000,1001,1002,1003",59000,200,True
repeat-copy,structural_features,ber,combined,6800,0.25426176137290896,0.09052641721358617,0.09749272213317454,0.30927610624581575,4,"1000,1001,1002,1003",59000,200,True
repeat-copy,structural_features,ber,combined,7000,0.24705073157470908,0.10919445041885865,0.05794038694933988,0.3115601743757725,4,"1000,1001,1002,1003",59000,200,True
repeat-copy,structural_features,ber,combined,7200,0.24201138475997142,0.12299732508228632,0.029023994136368855,0.3173300819098949,4,"1000,1001,1002,1003",59000,200,True
repeat-copy,structural_features,ber,combined,7400,0.23619694264227292,0.1251201185460196,0.01964688578969799,0.31270487762987614,4,"1000,1001,1002,1003",59000,200,True
repeat-copy,structural_features,ber,combined,7600,0.23065146955021193,0.12394690465118845,0.01653338995995,0.31408625695854425,4,"1000,1001,1002,1003",59000,200,True
repeat-copy,structural_features,ber,combined,7800,0.22196444645203883,0.12455236623479714,0.00948313799337484,0.3132728600874543,4,"1000,1001,1002,1003",59000,200,True
repeat-copy,structural_features,ber,combined,8000,0.20992333157089887,0.1228755733865511,0.006088486010557972,0.3070692153275013,4,"1000,1001,1002,1003",59000,200,True
repeat-copy,structural_features,ber,combined,8200,0.20483106195097206,0.12238343472487001,0.006656296844012104,0.31063912726938725,4,"1000,1001,1002,1003",59000,200,True
repeat-copy,structural_features,ber,combined,8400,0.20378663791518192,0.12081357183516717,0.009539978893008083,0.30694178320467475,4,"1000,1001,1002,1003",59000,200,True
repeat-copy,structural_features,ber,combined,8600,0.18132847056825996,0.12750449409867587,0.004453432317241095,0.3077342412993312,4,"1000,1001,1002,1003",59000,200,True
repeat-copy,structural_features,ber,combined,8800,0.16723175801962498,0.13945837081178614,0.0028033262043027207,0.31097179401665925,4,"1000,1001,1002,1003",59000,200,True
repeat-copy,structural_features,ber,combined,9000,0.1646493774636474,0.13552445497867682,0.0037810011842520906,0.30314299281686546,4,"1000,1001,1002,1003",59000,200,True
repeat-copy,structural_features,ber,combined,9200,0.17670126428798538,0.12587719038162853,0.0034040201001334937,0.29896779706701637,4,"1000,1001,1002,1003",59000,200,True
repeat-copy,structural_features,ber,combined,9400,0.15748781355679964,0.13819619865004035,0.0031576775142457335,0.2974521874822676,4,"1000,1001,1002,1003",59000,200,True
repeat-copy,structural_features,ber,combined,9600,0.155882279582147,0.14338104924693926,0.0026218845578841864,0.3012504470068961,4,"1000,1001,1002,1003",59000,200,True
repeat-copy,structural_features,ber,combined,9800,0.15117495792233965,0.13771447248050422,0.007650610065902583,0.29458179164677856,4,"1000,1001,1002,1003",59000,200,True
repeat-copy,structural_features,ber,combined,10000,0.15014511313856926,0.1428450624203622,0.0030626422341447322,0.2977027750574052,4,"1000,1001,1002,1003",59000,200,True
repeat-copy,structural_features,ber,combined,10200,0.1446739545438322,0.13813440335928232,0.0018868421838851646,0.29965492364019153,4,"1000,1001,1002,1003",59000,200,True
repeat-copy,structural_features,ber,combined,10400,0.11690259519775281,0.12290099850904772,0.0017447327537229284,0.2987292771786451,4,"1000,1001,1002,1003",59000,200,True
repeat-copy,structural_features,ber,combined,10600,0.09251401313274983,0.11981002162333067,0.0021495394525118173,0.29596998888999226,4,"1000,1001,1002,1003",59000,200,True
repeat-copy,structural_features,ber,combined,10800,0.08363827044726349,0.11587197871496835,0.002074528366792947,0.283043257240206,4,"1000,1001,1002,1003",59000,200,True
repeat-copy,structural_features,ber,combined,11000,0.08346769624418812,0.11809533940641351,0.00658727056812495,0.2875276016443968,4,"1000,1001,1002,1003",59000,200,True
repeat-copy,structural_features,ber,combined,11200,0.07909048376750434,0.12114419473655395,0.001712392312474549,0.2887148367613554,4,"1000,1001,1002,1003",59000,200,True
repeat-copy,structural_features,ber,combined,11400,0.0739614677609643,0.12337700462834342,0.00042347936134319754,0.2876426420919597,4,"1000,1001,1002,1003",59000,200,True
repeat-copy,structural_features,ber,combined,11600,0.07431030655585345,0.11851482346979736,0.001352975770132616,0.2795047669485211,4,"1000,1001,1002,1003",59000,200,True
repeat-copy,structural_features,ber,combined,11800,0.07915991706118802,0.11279005130223167,0.0005322157172486186,0.27382639451883733,4,"1000,1001,1002,1003",59000,200,True
repeat-copy,structural_features,ber,combined,12000,0.07267216002903297,0.11895840863537728,0.0005817022948758677,0.278678734600544,4,"1000,1001,1002,1003",59000,200,True
repeat-copy,structural_features,ber,combined,12200,0.07372308434874866,0.11798849890942065,0.004275747049832717,0.2780780175887048,4,"1000,1001,1002,1003",59000,200,True
repeat-copy,structural_features,ber,combined,12400,0.07220446744569926,0.11318800973310005,0.0007208904315484688,0.26801740638911725,4,"1000,1001,1002,1003",59000,200,True
repeat-copy,structural_features,ber,combined,12600,0.06822657519427594,0.11387908446400859,0.0020316095114685595,0.2654703649505973,4,"1000,1001,1002,1003",59000,200,True
repeat-copy,structural_features,ber,combined,12800,0.07168633036402752,0.12055264428585305,0.0012542233965359628,0.2804843783006072,4,"1000,1001,1002,1003",59000,200,True
repeat-copy,structural_features,ber,combined,13000,0.06560218402912142,0.10826773206300536,0.00012595475534908475,0.2530683107767254,4,"1000,1001,1002,1003",59000,200,True
repeat-copy,structural_features,ber,combined,13200,0.06519097683180007,0.10712895903839362,0.0012110632605617866,0.2507051027752459,4,"1000,1001,1002,1003",59000,200,True
repeat-copy,structural_features,ber,combined,13400,0.06345970686146757,0.10385911260638725,0.0011687243886990472,0.24330658439546823,4,"1000,1001,1002,1003",59000,200,True
repeat-copy,structural_features,ber,combined,13600,0.054701578514795984,0.09179424463361459,0.0009021920169470832,0.2136915943864733,4,"1000,1001,1002,1003",59000,200,True
repeat-copy,structural_features,ber,combined,13800,0.053351354317128424,0.09018100703600371,0.0007478806376457214,0.20954815073404462,4,"1000,1001,1002,1003",59000,200,True
repeat-copy,structural_features,ber,combined,14000,0.04560175177379278,0.07403296982147393,0.0007202451588818803,0.17376584514044224,4,"1000,1001,1002,1003",59000,200,True
repeat-copy,structural_features,ber,combined,14200,0.033084137578989606,0.05498231429626097,0.00012178362812846899,0.12829987904056905,4,"1000,1001,1002,1003",59000,200,True
repeat-copy,structural_features,ber,combined,14400,0.01779120886421879,0.028265906545136534,0.0008435837173601613,0.06673529889434576,4,"1000,1001,1002,1003",59000,200,True
repeat-copy,structural_features,ber,combined,14600,0.013072548411437311,0.021194078111222665,0.0005997668521013111,0.049778681779280305,4,"1000,1001,1002,1003",59000,200,True
repeat-copy,structural_features,ber,combined,14800,0.015108559797663474,0.02013124347356606,0.0016863225353881716,0.0498464139259886,4,"1000,1001,1002,1003",59000,200,True
repeat-copy,structural_features,ber,combined,15000,0.009650451191118918,0.014539614809000649,0.0007466397894313559,0.03481105066544842,4,"1000,1001,1002,1003",59000,200,True
repeat-copy,structural_features,ber,combined,15200,0.003945183350297156,0.005545440721021071,0.0004950166161870584,0.013539700434193946,4,"1000,1001,1002,1003",59000,200,True
repeat-copy,structural_features,ber,combined,15400,0.0034038499828602654,0.0032195219788174467,0.0009457216702867299,0.008864913184079342,4,"1000,1001,1002,1003",59000,200,True
repeat-copy,structural_features,ber,combined,15600,0.002350581702776253,0.0025169423216623026,0.00010843041818588972,0.0062693279254017395,4,"1000,1001,1002,1003",59000,200,True
repeat-copy,structural_features,ber,combined,15800,0.0013774298509815707,0.0017948537063875224,7.866707106586546e-05,0.0044630124478135256,4,"1000,1001,1002,1003",59000,200,True
repeat-copy,structural_features,ber,combined,16000,0.0023014174721902236,0.0019462775355734362,0.00022927085170522333,0.005428771756123751,4,"1000,1001,1002,1003",59000,200,True
repeat-copy,structural_features,ber,combined,16200,0.002139194469782524,0.0021440371593342772,0.00043051512038800866,0.005682963333674707,4,"1000,1001,1002,1003",59000,200,True
repeat-copy,structural_features,ber,combined,16400,0.002012572731473483,0.0008532209060455205,0.0008827290998306126,0.0032467045984230936,4,"1000,1001,1002,1003",59000,200,True
repeat-copy,structural_features,ber,combined,16600,0.002375473383435747,0.0033969272317304925,0.00016208344721235334,0.008252156302914955,4,"1000,1001,1002,1003",59000,200,True
repeat-copy,structural_features,ber,combined,16800,0.0014729408964922184,0.0008533293293277496,0.0002050842286553234,0.0022928089479682967,4,"1000,1001,1002,1003",59000,200,True
repeat-copy,structural_features,ber,combined,17000,0.00134025610939716,0.0009307243939496296,0.00029739277553744617,0.0024595179123571144,4,"1000,1001,1002,1003",59000,200,True
repeat-copy,structural_features,ber,combined,17200,0.0011945310587179849,0.0005675458018866784,0.0006245813146233558,0.0017856541712535545,4,"1000,1001,1002,1003",59000,200,True
repeat-copy,structural_features,ber,combined,17400,0.000998768069111975,0.0003122218159521228,0.0006348126276861876,0.0014540097658755258,4,"1000,1001,1002,1003",59000,200,True
repeat-copy,structural_features,ber,combined,17600,0.001708210758806672,0.0011980143899560734,0.00041580526158213615,0.0030247319274349137,4,"1000,1001,1002,1003",59000,200,True
repeat-copy,structural_features,ber,combined,17800,0.0007599505940743257,0.0006200834594526634,0.00023026647279039025,0.0017636046471307054,4,"1000,1001,1002,1003",59000,200,True
repeat-copy,structural_features,ber,combined,18000,0.0014582598906417842,0.0009342287284943202,0.0005063558457186445,0.002996375796501525,4,"1000,1001,1002,1003",59000,200,True
repeat-copy,structural_features,ber,combined,18200,0.0009293165737472009,0.0008723291075359321,0.0002745098154991865,0.002430811210651882,4,"1000,1001,1002,1003",59000,200,True
repeat-copy,structural_features,ber,combined,18400,0.0019252517362474463,0.0015050817149794239,0.000518014247645624,0.004351872229017317,4,"1000,1001,1002,1003",59000,200,True
repeat-copy,structural_features,ber,combined,18600,0.0011125365986663384,0.0009510519907776644,8.720333455130457e-05,0.0025176284619374202,4,"1000,1001,1002,1003",59000,200,True
repeat-copy,structural_features,ber,combined,18800,0.000798566832090728,0.0004085154849891535,0.0003623935335781425,0.0013488415302708744,4,"1000,1001,1002,1003",59000,200,True
repeat-copy,structural_features,ber,combined,19000,0.0002921117175719701,0.00031190917879031054,0.0,0.0007388719415757806,4,"1000,1001,1002,1003",59000,200,True
repeat-copy,structural_features,ber,combined,19200,0.0027853982106898906,0.004308287224113237,0.00015406616032123566,0.010244902194826863,4,"1000,1001,1002,1003",59000,200,True
repeat-copy,structural_features,ber,combined,19400,0.000541052962798858,0.0003782831677795765,0.0,0.0010631173709407448,4,"1000,1001,1002,1003",59000,200,True
repeat-copy,structural_features,ber,combined,19600,0.000760426338238176,0.0004947144079537925,0.00016948591102845966,0.0013935080595547334,4,"1000,1001,1002,1003",59000,200,True
repeat-copy,structural_features,ber,combined,19800,0.0004608002872555516,7.55596383745068e-05,0.00034281060681678354,0.0005524123925715685,4,"1000,1001,1002,1003",59000,200,True
repeat-copy,structural_features,ber,combined,20000,0.000963325957127381,0.0004977699319169837,0.00040192093001678586,0.001698713861987926,4,"1000,1001,1002,1003",59000,200,True
repeat-copy,structural_features,ber,combined,20200,0.0017849695603945291,0.0018181054354566445,0.000317667355411686,0.004892707219696603,4,"1000,1001,1002,1003",59000,200,True
repeat-copy,structural_features,ber,combined,20400,0.0010217423572612462,0.0006040819877016703,0.00019467919133603573,0.001798154276330024,4,"1000,1001,1002,1003",59000,200,True
repeat-copy,structural_features,ber,combined,20600,0.001046626895404188,0.0010418872828768001,4.050925839692354e-05,0.0027280039282049982,4,"1000,1001,1002,1003",59000,200,True
repeat-copy,structural_features,ber,combined,20800,0.0004611232792376541,0.00027731988087079313,0.00022203559055924415,0.0009287101612426341,4,"1000,1001,1002,1003",59000,200,True
repeat-copy,structural_features,ber,combined,21000,0.0003229379889671691,0.00027005488388325287,2.4674884625710546e-05,0.0007261392485816032,4,"1000,1001,1002,1003",59000,200,True
repeat-copy,structural_features,ber,combined,21200,0.006247667988063767,0.010185989210561469,0.00023565179901197553,0.02388974856818095,4,"1000,1001,1002,1003",59000,200,True
repeat-copy,structural_features,ber,combined,21400,0.001658839465380879,0.0016242220077486837,0.0,0.0033877892018062995,4,"1000,1001,1002,1003",59000,200,True
repeat-copy,structural_features,ber,combined,21600,0.00014014136089826934,0.0001557368848317088,0.0,0.0004041508911177516,4,"1000,1001,1002,1003",59000,200,True
repeat-copy,structural_features,ber,combined,21800,0.0002247334296407644,0.00019331660636729624,4.694835748523474e-05,0.0005359245254658163,4,"1000,1001,1002,1003",59000,200,True
repeat-copy,structural_features,ber,combined,22000,0.00039174356526928023,0.00016065688161344456,0.00021745954640209675,0.000638315943069756,4,"1000,1001,1002,1003",59000,200,True
repeat-copy,structural_features,ber,combined,22200,0.00031781914149178194,0.00037769654143096306,0.0,0.0009549019485712052,4,"1000,1001,1002,1003",59000,200,True
repeat-copy,structural_features,ber,combined,22400,0.0027350286510773,0.002632052981212534,0.0005053940042853356,0.007126748623559252,4,"1000,1001,1002,1003",59000,200,True
repeat-copy,structural_features,ber,combined,22600,0.003341034086915897,0.00453401840448215,0.0006445238261949271,0.011193649434135295,4,"1000,1001,1002,1003",59000,200,True
repeat-copy,structural_features,ber,combined,22800,0.009630232117342529,0.015778569871060397,0.0,0.03695129155297763,4,"1000,1001,1002,1003",59000,200,True
repeat-copy,structural_features,ber,combined,23000,0.004140578808437567,0.006937682109981785,0.0,0.01615351942135021,4,"1000,1001,1002,1003",59000,200,True
repeat-copy,structural_features,ber,combined,23200,0.002087015032739146,0.001572372047270108,0.0004804677871288732,0.004595120271551423,4,"1000,1001,1002,1003",59000,200,True
repeat-copy,structural_features,ber,combined,23400,0.0005733573726320174,0.0006744871521428671,0.0,0.0016639602242503315,4,"1000,1001,1002,1003",59000,200,True
repeat-copy,structural_features,ber,combined,23600,0.0019822554051643236,0.0022922173906259674,0.0,0.0057885908661410215,4,"1000,1001,1002,1003",59000,200,True
repeat-copy,structural_features,ber,combined,23800,0.0005708509315445554,0.00015236735133401056,0.0004167744657024741,0.0007769902097061277,4,"1000,1001,1002,1003",59000,200,True
repeat-copy,structural_features,ber,combined,24000,0.0006178284826455638,0.000366708470675428,0.0,0.000955903388094157,4,"1000,1001,1002,1003",59000,200,True
repeat-copy,structural_features,ber,combined,24200,0.0017270153448043857,0.002658282435380335,0.0,0.006322447629645467,4,"1000,1001,1002,1003",59000,200,True
repeat-copy,structural_features,ber,combined,24400,0.003524743023008341,0.005775988179749753,0.0,0.013526020951685496,4,"1000,1001,1002,1003",59000,200,True
repeat-copy,structural_features,ber,combined,24600,0.0005221998978231567,0.00034523376646226846,0.0,0.0008885556273162365,4,"1000,1001,1002,1003",59000,200,True
repeat-copy,structural_features,ber,combined,24800,0.00019350294431205836,0.0001469993970439369,0.0,0.000373402526602149,4,"1000,1001,1002,1003",59000,200,True
repeat-copy,structural_features,ber,combined,25000,0.00019342285857419482,0.0001605512592208398,0.0,0.000404313545441255,4,"1000,1001,1002,1003",59000,200,True
repeat-copy,structural_features,ber,combined,25200,0.0016288583161076528,0.0022443087407670544,5.050505045801401e-05,0.005501635423861444,4,"1000,1001,1002,1003",59000,200,True
repeat-copy,structural_features,ber,combined,25400,0.0007006028486648574,0.0005819389224061589,0.0,0.001609427621588111,4,"1000,1001,1002,1003",59000,200,True
repeat-copy,structural_features,ber,combined,25600,6.535767184686847e-05,9.916061873801129e-05,0.0,0.00023617816215846689,4,"1000,1001,1002,1003",59000,200,True
repeat-copy,structural_features,ber,combined,25800,0.0004220081835228485,0.00044026303992686583,0.0,0.0011612931150011719,4,"1000,1001,1002,1003",59000,200,True
repeat-copy,structural_features,ber,combined,26000,9.440057096071541e-05,0.00013487509467445126,0.0,0.00032726424746215343,4,"1000,1001,1002,1003",59000,200,True
repeat-copy,structural_features,ber,combined,26200,0.001119074626767542,0.001267191528443268,2.1367522422224283e-05,0.0031742907781153917,4,"1000,1001,1002,1003",59000,200,True
repeat-copy,structural_features,ber,combined,26400,0.0003287617130263243,0.00038719884754374705,0.0,0.0009695143677527085,4,"1000,1001,1002,1003",59000,200,True
repeat-copy,structural_features,ber,combined,26600,0.0004336265502206516,0.0005828904689834317,0.0,0.0014377542911097408,4,"1000,1001,1002,1003",59000,200,True
repeat-copy,structural_features,ber,combined,26800,0.00033828704705229034,0.00043334334334515573,0.0,0.001082062425557524,4,"1000,1001,1002,1003",59000,200,True
repeat-copy,structural_features,ber,combined,27000,0.0002432604064233601,0.0003932227560742673,0.0,0.0009234384493902326,4,"1000,1001,1002,1003",59000,200,True
repeat-copy,structural_features,ber,combined,27200,2.32937338296324e-05,2.563633913008247e-05,0.0,6.172839552164078e-05,4,"1000,1001,1002,1003",59000,200,True
repeat-copy,structural_features,ber,combined,27400,0.0005739123238890898,0.0008674803726780631,4.192871972918511e-05,0.0020759823377011345,4,"1000,1001,1002,1003",59000,200,True
repeat-copy,structural_features,ber,combined,27600,0.0003004125197185204,0.00021246354036436033,0.0,0.0005036253272555769,4,"1000,1001,1002,1003",59000,200,True
repeat-copy,structural_features,ber,combined,27800,0.002008696582779521,0.0016506151852442275,0.0,0.004592235421296209,4,"1000,1001,1002,1003",59000,200,True
repeat-copy,structural_features,ber,combined,28000,0.0010751700206310488,0.0018622491025078547,0.0,0.004300680082524195,4,"1000,1001,1002,1003",59000,200,True
repeat-copy,structural_features,ber,combined,28200,0.0017828997403557876,0.002288120339558822,0.00039283693535253406,0.005743424391257576,4,"1000,1001,1002,1003",59000,200,True
repeat-copy,structural_features,ber,combined,28400,0.0007836463874264154,0.0006307274390368627,0.00021634615724906326,0.0018431346683064475,4,"1000,1001,1002,1003",59000,200,True
repeat-copy,structural_features,ber,combined,28600,0.00012422468833392486,0.00012423645048258993,0.0,0.000250866994028911,4,"1000,1001,1002,1003",59000,200,True
repeat-copy,structural_features,ber,combined,28800,0.0002622580964816734,0.0003990440304246456,0.0,0.0009525790787301958,4,"1000,1001,1002,1003",59000,200,True
repeat-copy,structural_features,ber,combined,29000,3.425579474424012e-05,3.430786012367536e-05,0.0,7.118358975276351e-05,4,"1000,1001,1002,1003",59000,200,True
repeat-copy,structural_features,ber,combined,29200,0.0009399696190666874,0.000946092653090486,0.0,0.002031915706465952,4,"1000,1001,1002,1003",59000,200,True
repeat-copy,structural_features,ber,combined,29400,0.000616391510993708,0.000992994249562181,0.0,0.0023350612807553264,4,"1000,1001,1002,1003",59000,200,True
repeat-copy,structural_features,ber,combined,29600,0.00011734313622582704,0.00012275865596712043,0.0,0.0003030302980914712,4,"1000,1001,1002,1003",59000,200,True
repeat-copy,structural_features,ber,combined,29800,0.0002250952646136284,0.00019217755273125963,0.0,0.0004692411050200462,4,"1000,1001,1002,1003",59000,200,True
repeat-copy,structural_features,ber,combined,30000,0.0002188370180374477,0.0003790368338177262,0.0,0.0008753480721497908,4,"1000,1001,1002,1003",59000,200,True
repeat-copy,structural_features,ber,combined,30200,0.0006317345175193623,0.0005609175675814594,0.0,0.001335321490187198,4,"1000,1001,1002,1003",59000,200,True
repeat-copy,structural_features,ber,combined,30400,0.0003156189262517728,0.00020544786648291218,0.0,0.000555555559694767,4,"1000,1001,1002,1003",59000,200,True
repeat-copy,structural_features,ber,combined,30600,0.00044550329097546636,0.00029247681307484954,0.0,0.0007223023939877749,4,"1000,1001,1002,1003",59000,200,True
repeat-copy,structural_features,ber,combined,30800,9.644578269217164e-05,0.00010047086092300456,0.0,0.00023270625853911043,4,"1000,1001,1002,1003",59000,200,True
repeat-copy,structural_features,ber,combined,31000,0.00028025293257087473,0.00025277432215995305,0.0,0.0006662511196918786,4,"1000,1001,1002,1003",59000,200,True
repeat-copy,structural_features,ber,combined,31200,0.0006331420547212474,0.0007121201689818011,0.0,0.0018419957160949708,4,"1000,1001,1002,1003",59000,200,True
repeat-copy,structural_features,ber,combined,31400,0.0,0.0,0.0,0.0,4,"1000,1001,1002,1003",59000,200,True
repeat-copy,structural_features,ber,combined,31600,0.0003231564909219742,0.00045907465560021026,0.0,0.0011074407771229744,4,"1000,1001,1002,1003",59000,200,True
repeat-copy,structural_features,ber,combined,31800,2.5634180929046124e-05,4.439970377952105e-05,0.0,0.0001025367237161845,4,"1000,1001,1002,1003",59000,200,True
repeat-copy,structural_features,ber,combined,32000,0.0002232526958687231,0.00035831438140486633,0.0,0.0008428573305718601,4,"1000,1001,1002,1003",59000,200,True
repeat-copy,structural_features,ber,combined,32200,5.3811464458704e-05,9.32041904721622e-05,0.0,0.000215245857834816,4,"1000,1001,1002,1003",59000,200,True
repeat-copy,structural_features,ber,combined,32400,0.0001502927494584583,0.00015179097496939892,4.2087542824447154e-05,0.0004098774970043451,4,"1000,1001,1002,1003",59000,200,True
repeat-copy,structural_features,ber,combined,32600,0.003914818366320105,0.006553509083396125,0.0,0.015262358773034066,4,"1000,1001,1002,1003",59000,200,True
repeat-copy,structural_features,ber,combined,32800,0.009627704247832299,0.01665563206515453,0.0,0.03847609476884827,4,"1000,1001,1002,1003",59000,200,True
repeat-copy,structural_features,ber,combined,33000,0.001053134789399337,0.0007372319348297378,4.5537338592112065e-05,0.002097359023755416,4,"1000,1001,1002,1003",59000,200,True
repeat-copy,structural_features,ber,combined,33200,0.0006089161390264053,0.0007505467499546645,6.758700066711754e-05,0.0019033339561428874,4,"1000,1001,1002,1003",59000,200,True
repeat-copy,structural_features,ber,combined,33400,0.0002901379099057522,0.0002782609780216328,0.0,0.0006728881312301383,4,"1000,1001,1002,1003",59000,200,True
repeat-copy,structural_features,ber,combined,33600,0.0007506700513476971,0.0009825112919411082,5.291005130857229e-05,0.00243528148450423,4,"1000,1001,1002,1003",59000,200,True
repeat-copy,structural_features,ber,combined,33800,0.00015884664360783064,0.0002200299223890009,0.0,0.0005330112407682464,4,"1000,1001,1002,1003",59000,200,True
repeat-copy,structural_features,ber,combined,34000,0.0003190364329202566,0.00040669062002368975,0.0,0.0009947604459011926,4,"1000,1001,1002,1003",59000,200,True
repeat-copy,structural_features,ber,combined,34200,3.4232710604555904e-05,3.44287325744633e-05,0.0,7.365370634943247e-05,4,"1000,1001,1002,1003",59000,200,True
repeat-copy,structural_features,ber,combined,34400,0.0006854503939393908,0.0009240665374797895,0.0,0.002267770916223526,4,"1000,1001,1002,1003",59000,200,True
repeat-copy,structural_features,ber,combined,34600,0.00023099887243006377,0.0003467343702586131,0.0,0.0008276868052780628,4,"1000,1001,1002,1003",59000,200,True
repeat-copy,structural_features,ber,combined,34800,0.00027995054959319534,0.0004232455929457483,0.0,0.0010120414244011045,4,"1000,1001,1002,1003",59000,200,True
repeat-copy,structural_features,ber,combined,35000,3.4521023771958425e-05,3.4906243499058876e-05,0.0,7.635569956619292e-05,4,"1000,1001,1002,1003",59000,200,True
repeat-copy,structural_features,ber,combined,35200,0.0004896155608003028,0.0003907452720024003,0.0,0.0010106877924408763,4,"1000,1001,1002,1003",59000,200,True
repeat-copy,structural_features,ber,combined,35400,0.00010650254000211135,0.00018446781041879363,0.0,0.0004260101600084454,4,"1000,1001,1002,1003",59000,200,True
repeat-copy,structural_features,ber,combined,35600,0.00042089819311513565,0.0004843223637665228,0.0,0.0011806558351963759,4,"1000,1001,1002,1003",59000,200,True
repeat-copy,structural_features,ber,combined,35800,0.00046536803594790396,0.0006026677302182127,0.0,0.0014722912106662988,4,"1000,1001,1002,1003",59000,200,True
repeat-copy,structural_features,ber,combined,36000,0.000366550997714512,0.0005511573687402869,0.0,0.0013151927292346954,4,"1000,1001,1002,1003",59000,200,True
repeat-copy,structural_features,ber,combined,36200,0.0,0.0,0.0,0.0,4,"1000,1001,1002,1003",59000,200,True
repeat-copy,structural_features,ber,combined,36400,0.00017059395875548944,0.000143314243198154,0.0,0.0003146059706341475,4,"1000,1001,1002,1003",59000,200,True
repeat-copy,structural_features,ber,combined,36600,5.8378925459692254e-05,5.976141868353327e-05,0.0,0.00013483149057719857,4,"1000,1001,1002,1003",59000,200,True
repeat-copy,structural_features,ber,combined,36800,0.00022154482139740138,0.00016140099886008483,1.3550135772675276e-05,0.00045890175737440587,4,"1000,1001,1002,1003",59000,200,True
repeat-copy,structural_features,ber,combined,37000,0.0006966737523907795,0.0010995993075210663,0.0,0.002600019907113165,4,"1000,1001,1002,1003",59000,200,True
repeat-copy,structural_features,ber,combined,37200,3.095306776231155e-05,3.4409234867757074e-05,0.0,8.31618660595268e-05,4,"1000,1001,1002,1003",59000,200,True
repeat-copy,structural_features,ber,combined,37400,7.329529442358762e-05,5.881645476938624e-05,0.0,0.00015116326045244932,4,"1000,1001,1002,1003",59000,200,True
repeat-copy,structural_features,ber,combined,37600,0.00022322716016788036,0.00031129719608808754,0.0,0.0007532949279993773,4,"1000,1001,1002,1003",59000,200,True
repeat-copy,structural_features,ber,combined,37800,0.0006212014501215889,0.0009070668385200417,0.0,0.0021811972325667737,4,"1000,1001,1002,1003",59000,200,True
repeat-copy,structural_features,ber,combined,38000,0.00016572382955928333,0.0002473920255546365,0.0,0.0005912107304902747,4,"1000,1001,1002,1003",59000,200,True
repeat-copy,structural_features,ber,combined,38200,0.0,0.0,0.0,0.0,4,"1000,1001,1002,1003",59000,200,True
repeat-copy,structural_features,ber,combined,38400,0.0021778695691318717,0.0036726302894896736,0.0,0.008537867157137953,4,"1000,1001,1002,1003",59000,200,True
repeat-copy,structural_features,ber,combined,38600,0.0003921391503536142,0.00026397600405599585,0.0,0.000664320609648712,4,"1000,1001,1002,1003",59000,200,True
repeat-copy,structural_features,ber,combined,38800,5.284086684696376e-05,6.749423883642565e-05,0.0,0.00016506717074662446,4,"1000,1001,1002,1003",59000,200,True
repeat-copy,structural_features,ber,combined,39000,1.1574074160307645e-05,2.004688449622293e-05,0.0,4.629629664123058e-05,4,"1000,1001,1002,1003",59000,200,True
repeat-copy,structural_features,ber,combined,39200,3.1568892300128934e-05,5.467892540249323e-05,0.0,0.00012627556920051573,4,"1000,1001,1002,1003",59000,200,True
repeat-copy,structural_features,ber,combined,39400,9.069000821909867e-05,7.836059773095959e-05,0.0,0.00018775812350213528,4,"1000,1001,1002,1003",59000,200,True
repeat-copy,structural_features,ber,combined,39600,9.331227833172306e-05,5.59489851243738e-05,0.0,0.00014793138252571224,4,"1000,1001,1002,1003",59000,200,True
repeat-copy,structural_features,ber,combined,39800,3.9794363547116516e-05,6.892585951847265e-05,0.0,0.00015917745418846606,4,"1000,1001,1002,1003",59000,200,True
repeat-copy,structural_features,ber,combined,40000,0.0006481293705292047,0.0007020909426845023,0.0,0.0017094017611816526,4,"1000,1001,1002,1003",59000,200,True
repeat-copy,structural_features,ber,combined,40200,0.00011114475069916806,0.00015193933733124063,0.0,0.0003687982494011521,4,"1000,1001,1002,1003",59000,200,True
repeat-copy,structural_features,ber,combined,40400,2.4754411715548485e-05,4.2875898802808234e-05,0.0,9.901764686219394e-05,4,"1000,1001,1002,1003",59000,200,True
repeat-copy,structural_features,ber,combined,40600,0.00015555177466012538,0.00013175901186725415,0.0,0.00035746549721807244,4,"1000,1001,1002,1003",59000,200,True
repeat-copy,structural_features,ber,combined,40800,0.0005374135437887161,0.0007302614361045035,0.0,0.0017740673152729868,4,"1000,1001,1002,1003",59000,200,True
repeat-copy,structural_features,ber,combined,41000,0.00013401577540207656,0.00016397356365040696,0.0,0.0004097910411655903,4,"1000,1001,1002,1003",59000,200,True
repeat-copy,structural_features,ber,combined,41200,0.00012475469964556396,0.00013934445545797037,0.0,0.00035230353474617,4,"1000,1001,1002,1003",59000,200,True
repeat-copy,structural_features,ber,combined,41400,2.4029942287597806e-05,4.162108094506729e-05,0.0,9.611976915039122e-05,4,"1000,1001,1002,1003",59000,200,True
repeat-copy,structural_features,ber,combined,41600,4.375254386104643e-05,7.57816289277182e-05,0.0,0.00017501017544418573,4,"1000,1001,1002,1003",59000,200,True
repeat-copy,structural_features,ber,combined,41800,0.0004997487549553625,0.0008396107112707922,0.0,0.001953643545275554,4,"1000,1001,1002,1003",59000,200,True
repeat-copy,structural_features,ber,combined,42000,0.000540073649463011,0.0007971613958283074,0.0,0.0019123313896125182,4,"1000,1001,1002,1003",59000,200,True
repeat-copy,structural_features,ber,combined,42200,0.0007935737226216588,0.000818706193513632,0.0,0.001913580298423767,4,"1000,1001,1002,1003",59000,200,True
repeat-copy,structural_features,ber,combined,42400,0.0,0.0,0.0,0.0,4,"1000,1001,1002,1003",59000,200,True
repeat-copy,structural_features,ber,combined,42600,0.0001035685469105374,6.280168873836278e-05,0.0,0.00016648583230562507,4,"1000,1001,1002,1003",59000,200,True
repeat-copy,structural_features,ber,combined,42800,3.113026730716229e-05,3.912867347213094e-05,0.0,9.578543715178967e-05,4,"1000,1001,1002,1003",59000,200,True
repeat-copy,structural_features,ber,combined,43000,0.0018514483622857371,0.0026560756447782372,4.056819598190487e-05,0.006410562472883612,4,"1000,1001,1002,1003",59000,200,True
repeat-copy,structural_features,ber,combined,43200,0.00021719247801229357,0.0003761884069390787,0.0,0.0008687699120491743,4,"1000,1001,1002,1003",59000,200,True
repeat-copy,structural_features,ber,combined,43400,5.3998631046852096e-05,8.15226972518028e-05,0.0,0.0001949146925471723,4,"1000,1001,1002,1003",59000,200,True
repeat-copy,structural_features,ber,combined,43600,4.162399942288175e-05,4.590721816900041e-05,0.0,0.00011063103564083576,4,"1000,1001,1002,1003",59000,200,True
repeat-copy,structural_features,ber,combined,43800,1.9872046541422604e-05,3.4419394260117335e-05,0.0,7.948818616569042e-05,4,"1000,1001,1002,1003",59000,200,True
repeat-copy,structural_features,ber,combined,44000,5.8922558091580866e-05,0.00010205686432654672,0.0,0.00023569023236632346,4,"1000,1001,1002,1003",59000,200,True
repeat-copy,structural_features,ber,combined,44200,0.0005545834131771699,0.0009167583109490155,0.0,0.002141526297200471,4,"1000,1001,1002,1003",59000,200,True
repeat-copy,structural_features,ber,combined,44400,8.37400701129809e-06,1.4504205606506298e-05,0.0,3.349602804519236e-05,4,"1000,1001,1002,1003",59000,200,True
repeat-copy,structural_features,ber,combined,44600,0.00019436130387475714,0.0002177749395683384,0.0,0.0005276442249305546,4,"1000,1001,1002,1003",59000,200,True
repeat-copy,structural_features,ber,combined,44800,0.00010727378947194665,0.00010733988352317538,0.0,0.00021987386979162692,4,"1000,1001,1002,1003",59000,200,True
repeat-copy,structural_features,ber,combined,45000,7.503513843403198e-05,0.00010360356393756431,0.0,0.00025368481408804655,4,"1000,1001,1002,1003",59000,200,True
repeat-copy,structural_features,ber,combined,45200,0.0003198007099854294,0.00020976391329921739,0.0,0.000578108467743732,4,"1000,1001,1002,1003",59000,200,True
repeat-copy,structural_features,ber,combined,45400,8.556011584005318e-05,0.00012632682438903177,0.0,0.00030255792138632386,4,"1000,1001,1002,1003",59000,200,True
repeat-copy,structural_features,ber,combined,45600,0.0006928101449739188,0.001181004765395714,0.0,0.0027382372785359622,4,"1000,1001,1002,1003",59000,200,True
repeat-copy,structural_features,ber,combined,45800,3.732611599843949e-05,6.465072935850672e-05,0.0,0.00014930446399375797,4,"1000,1001,1002,1003",59000,200,True
repeat-copy,structural_features,ber,combined,46000,3.5096786741632966e-05,6.078941781891804e-05,0.0,0.00014038714696653186,4,"1000,1001,1002,1003",59000,200,True
repeat-copy,structural_features,ber,combined,46200,0.0006178480925154872,0.0010353166078456077,0.0,0.0024105529533699154,4,"1000,1001,1002,1003",59000,200,True
repeat-copy,structural_features,ber,combined,46400,4.1041864024009554e-05,4.33643400702332e-05,0.0,0.0001018843031488359,4,"1000,1001,1002,1003",59000,200,True
repeat-copy,structural_features,ber,combined,46600,0.00011895356103195808,0.00018306724237134413,0.0,0.000434699731413275,4,"1000,1001,1002,1003",59000,200,True
repeat-copy,structural_features,ber,combined,46800,3.278192278230563e-05,5.677995582875304e-05,0.0,0.00013112769112922252,4,"1000,1001,1002,1003",59000,200,True
repeat-copy,structural_features,ber,combined,47000,3.41711423243396e-05,5.918615465842344e-05,0.0,0.0001366845692973584,4,"1000,1001,1002,1003",59000,200,True
repeat-copy,structural_features,ber,combined,47200,0.0,0.0,0.0,0.0,4,"1000,1001,1002,1003",59000,200,True
repeat-copy,structural_features,ber,combined,47400,0.00027638238680083305,0.00017675768395666064,0.0,0.00045104511082172394,4,"1000,1001,1002,1003",59000,200,True
repeat-copy,structural_features,ber,combined,47600,4.671406466513872e-05,8.091113342807828e-05,0.0,0.0001868562586605549,4,"1000,1001,1002,1003",59000,200,True
repeat-copy,structural_features,ber,combined,47800,0.0,0.0,0.0,0.0,4,"1000,1001,1002,1003",59000,200,True
repeat-copy,structural_features,ber,combined,48000,0.00011282843392109499,0.00015711815378448662,0.0,0.0003802910086233169,4,"1000,1001,1002,1003",59000,200,True
repeat-copy,structural_features,ber,combined,48200,1.2025012547383086e-05,1.633366825770466e-05,0.0,3.9682541973888874e-05,4,"1000,1001,1002,1003",59000,200,True
repeat-copy,structural_features,ber,combined,48400,0.00040294819249538707,0.0004283321031104018,0.0,0.001051747314631939,4,"1000,1001,1002,1003",59000,200,True
repeat-copy,structural_features,ber,combined,48600,0.00012964192748768255,0.00012841261586382525,0.0,0.00034322833991609516,4,"1000,1001,1002,1003",59000,200,True
repeat-copy,structural_features,ber,combined,48800,0.00013888888992369175,0.0002405626139546752,0.0,0.000555555559694767,4,"1000,1001,1002,1003",59000,200,True
repeat-copy,structural_features,ber,combined,49000,1.7146776372101158e-06,2.9699087862500755e-06,0.0,6.858710548840463e-06,4,"1000,1001,1002,1003",59000,200,True
repeat-copy,structural_features,ber,combined,49200,7.741480498225429e-05,5.1284024238760886e-05,0.0,0.00013330304936971517,4,"1000,1001,1002,1003",59000,200,True
repeat-copy,structural_features,ber,combined,49400,0.0,0.0,0.0,0.0,4,"1000,1001,1002,1003",59000,200,True
repeat-copy,structural_features,ber,combined,49600,0.0003205765571328811,0.000399761389525783,0.0,0.0009789099486079067,4,"1000,1001,1002,1003",59000,200,True
repeat-copy,structural_features,ber,combined,49800,9.076645073946565e-05,9.32152407106188e-05,0.0,0.0002115506469272077,4,"1000,1001,1002,1003",59000,200,True
repeat-copy,structural_features,ber,combined,50000,0.0012392563041066752,0.0019648116200825746,0.0,0.004634772571735084,4,"1000,1001,1002,1003",59000,200,True
repeat-copy,structural_features,ber,combined,50200,4.0747145540080965e-05,3.505852549595173e-05,0.0,8.849409641698003e-05,4,"1000,1001,1002,1003",59000,200,True
repeat-copy,structural_features,ber,combined,50400,5.9004551731050013e-05,6.123468955847791e-05,0.0,0.00014116725884377957,4,"1000,1001,1002,1003",59000,200,True
repeat-copy,structural_features,ber,combined,50600,0.00218013939098455,0.00377611219276751,0.0,0.0087205575639382,4,"1000,1001,1002,1003",59000,200,True
repeat-copy,structural_features,ber,combined,50800,0.0014229745171905961,0.002391314606173041,0.0,0.005563863333663903,4,"1000,1001,1002,1003",59000,200,True
repeat-copy,structural_features,ber,combined,51000,0.0003023923159344122,0.00040020775360327687,0.0,0.0009892722847871483,4,"1000,1001,1002,1003",59000,200,True
repeat-copy,structural_features,ber,combined,51200,0.00012946852773893625,0.00019403322386562878,0.0,0.0004633229272440076,4,"1000,1001,1002,1003",59000,200,True
repeat-copy,structural_features,ber,combined,51400,0.00020730142248794435,0.000310483986887197,0.0,0.0007414863910526037,4,"1000,1001,1002,1003",59000,200,True
repeat-copy,structural_features,ber,combined,51600,8.366042748093604e-06,1.4490411097991276e-05,0.0,3.346417099237442e-05,4,"1000,1001,1002,1003",59000,200,True
repeat-copy,structural_features,ber,combined,51800,0.00019890620940714142,0.0002630127470849539,0.0,0.0006512770988047123,4,"1000,1001,1002,1003",59000,200,True
repeat-copy,structural_features,ber,combined,52000,0.0,0.0,0.0,0.0,4,"1000,1001,1002,1003",59000,200,True
repeat-copy,structural_features,ber,combined,52200,0.0,0.0,0.0,0.0,4,"1000,1001,1002,1003",59000,200,True
repeat-copy,structural_features,ber,combined,52400,0.00019206802418921142,0.00022781151398132556,0.0,0.0005573870800435543,4,"1000,1001,1002,1003",59000,200,True
repeat-copy,structural_features,ber,combined,52600,2.0632284577004612e-05,3.573616516359173e-05,0.0,8.252913830801845e-05,4,"1000,1001,1002,1003",59000,200,True
repeat-copy,structural_features,ber,combined,52800,0.00021104077517520637,0.00025012117564806176,0.0,0.0006119361985474825,4,"1000,1001,1002,1003",59000,200,True
repeat-copy,structural_features,ber,combined,53000,3.7474981509149076e-05,3.979011851085251e-05,0.0,9.386447025462985e-05,4,"1000,1001,1002,1003",59000,200,True
repeat-copy,structural_features,ber,combined,53200,0.00015967633866239338,0.0002137979579855303,0.0,0.0005268246459309012,4,"1000,1001,1002,1003",59000,200,True
repeat-copy,structural_features,ber,combined,53400,5.555555690079927e-05,9.622504719496809e-05,0.0,0.0002222222276031971,4,"1000,1001,1002,1003",59000,200,True
repeat-copy,structural_features,ber,combined,53600,0.0,0.0,0.0,0.0,4,"1000,1001,1002,1003",59000,200,True
repeat-copy,structural_features,ber,combined,53800,0.0,0.0,0.0,0.0,4,"1000,1001,1002,1003",59000,200,True
repeat-copy,structural_features,ber,combined,54000,0.0007598898315336554,0.0011478989710140043,0.0,0.002736529014073312,4,"1000,1001,1002,1003",59000,200,True
repeat-copy,structural_features,ber,combined,54200,0.0,0.0,0.0,0.0,4,"1000,1001,1002,1003",59000,200,True
repeat-copy,structural_features,ber,combined,54400,7.3099415749311445e-06,1.26611902081408e-05,0.0,2.9239766299724578e-05,4,"1000,1001,1002,1003",59000,200,True
repeat-copy,structural_features,ber,combined,54600,9.118814166868105e-05,0.00012200324605675168,0.0,0.0002970018901396543,4,"1000,1001,1002,1003",59000,200,True
repeat-copy,structural_features,ber,combined,54800,1.3550135772675276e-05,2.3469523607730143e-05,0.0,5.42005430907011e-05,4,"1000,1001,1002,1003",59000,200,True
repeat-copy,structural_features,ber,combined,55000,4.8885236028581856e-05,7.256492400234868e-05,0.0,0.000173611119389534,4,"1000,1001,1002,1003",59000,200,True
repeat-copy,structural_features,ber,combined,55200,8.051529875956476e-06,1.3945658823815357e-05,0.0,3.2206119503825905e-05,4,"1000,1001,1002,1003",59000,200,True
repeat-copy,structural_features,ber,combined,55400,1.9615801284089686e-05,3.397556445521816e-05,0.0,7.846320513635874e-05,4,"1000,1001,1002,1003",59000,200,True
repeat-copy,structural_features,ber,combined,55600,4.392316972371191e-05,7.607716159094007e-05,0.0,0.00017569267889484764,4,"1000,1001,1002,1003",59000,200,True
repeat-copy,structural_features,ber,combined,55800,0.00010127314366400242,0.00017541023026827434,0.0,0.0004050925746560097,4,"1000,1001,1002,1003",59000,200,True
repeat-copy,structural_features,ber,combined,56000,5.2622005023295065e-05,6.214928469518993e-05,0.0,0.0001520084874937311,4,"1000,1001,1002,1003",59000,200,True
repeat-copy,structural_features,ber,combined,56200,5.195514764636755e-05,7.784430707653852e-05,0.0,0.00018589076586067677,4,"1000,1001,1002,1003",59000,200,True
repeat-copy,structural_features,ber,combined,56400,0.0007819092244608327,0.0013335598985783888,0.0,0.0030915618618018925,4,"1000,1001,1002,1003",59000,200,True
repeat-copy,structural_features,ber,combined,56600,0.00029604282157379207,0.0004364902428715121,0.0,0.0010456986498320476,4,"1000,1001,1002,1003",59000,200,True
repeat-copy,structural_features,ber,combined,56800,0.0,0.0,0.0,0.0,4,"1000,1001,1002,1003",59000,200,True
repeat-copy,structural_features,ber,combined,57000,0.0005308585107559338,0.0005495830603420688,0.0,0.0012628676206804812,4,"1000,1001,1002,1003",59000,200,True
repeat-copy,structural_features,ber,combined,57200,0.00021088754132506438,0.00036526793625829275,0.0,0.0008435501653002575,4,"1000,1001,1002,1003",59000,200,True
repeat-copy,structural_features,ber,combined,57400,0.00023547437303932383,0.0002443779959397087,0.0,0.0005633870989549905,4,"1000,1001,1002,1003",59000,200,True
repeat-copy,structural_features,ber,combined,57600,7.215007208287716e-06,1.249675906173001e-05,0.0,2.8860028833150865e-05,4,"1000,1001,1002,1003",59000,200,True
repeat-copy,structural_features,ber,combined,57800,5.1210780948167664e-05,8.869967449750667e-05,0.0,0.00020484312379267066,4,"1000,1001,1002,1003",59000,200,True
repeat-copy,structural_features,ber,combined,58000,0.0002601906599011272,0.0004395456954997851,0.0,0.0010213827947154642,4,"1000,1001,1002,1003",59000,200,True
repeat-copy,structural_features,ber,combined,58200,0.0003328297653933987,0.00027398501407196806,0.0,0.0007509157806634903,4,"1000,1001,1002,1003",59000,200,True
repeat-copy,structural_features,ber,combined,58400,0.0001657197019085288,0.0002870349435207409,0.0,0.0006628788076341152,4,"1000,1001,1002,1003",59000,200,True
repeat-copy,structural_features,ber,combined,58600,6.8978201597929e-05,7.098461394814074e-05,0.0,0.00016165548004209995,4,"1000,1001,1002,1003",59000,200,True
repeat-copy,structural_features,ber,combined,58800,2.7777778450399636e-05,4.8112523597484044e-05,0.0,0.00011111111380159854,4,"1000,1001,1002,1003",59000,200,True
repeat-copy,structural_features,ber,combined,59000,0.0004076362820342183,0.00048424740687540624,0.0,0.0011849432624876498,4,"1000,1001,1002,1003",59000,200,True
