task,group,metric,advice_type,batch,mean,std,min,max,n_seeds,seeds,common_horizon,report_interval,sd_shading
repeat-copy,baseline_vs_combined,loss,none,200,0.6451718731969596,0.0016935442572687503,0.6439367574453354,0.6480820545554161,4,"1000,1001,1002,1003",59000,200,True
repeat-copy,baseline_vs_combined,loss,none,400,0.6334314344823361,0.0009016484419056564,0.6323837080597877,0.6344377267360687,4,"1000,1001,1002,1003",59000,200,True
repeat-copy,baseline_vs_combined,loss,none,600,0.629016006141901,0.0016963501528252563,0.627125973701477,0.631706719994545,4,"1000,1001,1002,1003",59000,200,True
repeat-copy,baseline_vs_combined,loss,none,800,0.6261239007115363,0.0016103340470539234,0.623969444334507,0.6282522344589233,4,"1000,1001,1002,1003",59000,200,True
repeat-copy,baseline_vs_combined,loss,none,1000,0.6215783306956292,0.0023941798821517707,0.6186373978853226,0.6251274815201759,4,"1000,1001,1002,1003",59000,200,True
repeat-copy,baseline_vs_combined,loss,none,1200,0.6168930325284601,0.001064335105945848,0.6158057032525539,0.6183823928236961,4,"1000,1001,1002,1003",59000,200,True
repeat-copy,baseline_vs_combined,loss,none,1400,0.6137004595622421,0.002844083909957835,0.6094544017314911,0.6173943015933037,4,"1000,1001,1002,1003",59000,200,True
repeat-copy,baseline_vs_combined,loss,none,1600,0.6102131036296488,0.0014980741881448524,0.6092247897386551,0.612802526652813,4,"1000,1001,1002,1003",59000,200,True
repeat-copy,baseline_vs_combined,loss,none,1800,0.6084666928276419,0.00223109626799142,0.6050022374093532,0.6110772404074669,4,"1000,1001,1002,1003",59000,200,True
repeat-copy,baseline_vs_combined,loss,none,2000,0.6045731913670898,0.004408852492631235,0.5971666793525219,0.6087772580981254,4,"1000,1001,1002,1003",59000,200,True
repeat-copy,baseline_vs_combined,loss,none,2200,0.6050477584078908,0.0013162208120724,0.6033344949781895,0.6070327118039132,4,"1000,1001,1002,1003",59000,200,True
repeat-copy,baseline_vs_combined,loss,none,2400,0.6014675540849566,0.0027006200840337617,0.596977177709341,0.6041979590058326,4,"1000,1001,1002,1003",59000,200,True
repeat-copy,baseline_vs_combined,loss,none,2600,0.5963028964400292,0.00419013655539614,0.5917919826507568,0.6017567618191242,4,"1000,1001,1002,1003",59000,200,True
repeat-copy,baseline_vs_combined,loss,none,2800,0.5981662061437965,0.0018288244177268387,0.5964109270274639,0.6010169549286366,4,"1000,1001,1002,1003",59000,200,True
repeat-copy,baseline_vs_combined,loss,none,3000,0.5931787784770132,0.002161323908927743,0.5905565367639065,0.5957299794256687,4,"1000,1001,1002,1003",59000,200,True
repeat-copy,baseline_vs_combined,loss,none,3200,0.5902053791284562,0.0017269072407282162,0.5886293365061284,0.5931255568563938,4,"1000,1001,1002,1003",59000,200,True
repeat-copy,baseline_vs_combined,loss,none,3400,0.5899955303594471,0.0014291142732425646,0.5879105891287327,0.5914638012647628,4,"1000,1001,1002,1003",59000,200,True
repeat-copy,baseline_vs_combined,loss,none,3600,0.5853213862329721,0.0029999340465105464,0.5824205541610717,0.5893575486540794,4,"1000,1001,1002,1003",59000,200,True
repeat-copy,baseline_vs_combined,loss,none,3800,0.5834621178358794,0.004937267382981877,0.576882043927908,0.5907887667417526,4,"1000,1001,1002,1003",59000,200,True
repeat-copy,baseline_vs_combined,loss,none,4000,0.5827864940091968,0.002132352561348759,0.579106405377388,0.5842562718689441,4,"1000,1001,1002,1003",59000,200,True
repeat-copy,baseline_vs_combined,loss,none,4200,0.5802350215241313,0.002221097757794809,0.5765246649086475,0.5824299225211144,4,"1000,1001,1002,1003",59000,200,True
repeat-copy,baseline_vs_combined,loss,none,4400,0.5786057444661856,0.001033838460769574,0.5773538236320018,0.5801969419419766,4,"1000,1001,1002,1003",59000,200,True
repeat-copy,baseline_vs_combined,loss,none,4600,0.5792748949304223,0.0031714007469580375,0.5760397319495678,0.5845313906669617,4,"1000,1001,1002,1003",59000,200,True
repeat-copy,baseline_vs_combined,loss,none,4800,0.5755466417595745,0.0027024463443129964,0.5710518944263459,0.5782468008995056,4,"1000,1001,1002,1003",59000,200,True
repeat-copy,baseline_vs_combined,loss,none,5000,0.5733955397829413,0.0018611556929764388,0.5714113166928292,0.576256800442934,4,"1000,1001,1002,1003",59000,200,True
repeat-copy,baseline_vs_combined,loss,none,5200,0.5700395092368126,0.004528931860424093,0.5638967606425286,0.5764287678897381,4,"1000,1001,1002,1003",59000,200,True
repeat-copy,baseline_vs_combined,loss,none,5400,0.572441381905228,0.004382290501902242,0.5661303683370352,0.5785070337355137,4,"1000,1001,1002,1003",59000,200,True
repeat-copy,baseline_vs_combined,loss,none,5600,0.5698046771809457,0.0023296372277821684,0.5670534904301167,0.5730509540438652,4,"1000,1001,1002,1003",59000,200,True
repeat-copy,baseline_vs_combined,loss,none,5800,0.5666722011007368,0.005036693517320008,0.5602870106697082,0.5720905308425427,4,"1000,1001,1002,1003",59000,200,True
repeat-copy,baseline_vs_combined,loss,none,6000,0.5680475118756294,0.0035847753822088003,0.5641980305314064,0.5728247644007206,4,"1000,1001,1002,1003",59000,200,True
repeat-copy,baseline_vs_combined,loss,none,6200,0.5724883407354355,0.0029449203561604507,0.5680302606523037,0.576165511906147,4,"1000,1001,1002,1003",59000,200,True
repeat-copy,baseline_vs_combined,loss,none,6400,0.5672496349550783,0.0027063633968904036,0.5627448108792305,0.5694556878507138,4,"1000,1001,1002,1003",59000,200,True
repeat-copy,baseline_vs_combined,loss,none,6600,0.569116209410131,0.001485685704499186,0.5671199016273022,0.5710249970853328,4,"1000,1001,1002,1003",59000,200,True
repeat-copy,baseline_vs_combined,loss,none,6800,0.564007409196347,0.0019456799942547,0.5608105570077896,0.5659724240005016,4,"1000,1001,1002,1003",59000,200,True
repeat-copy,baseline_vs_combined,loss,none,7000,0.5680504868924618,0.004317887060717561,0.5643398906290531,0.5753109215199947,4,"1000,1001,1002,1003",59000,200,True
repeat-copy,baseline_vs_combined,loss,none,7200,0.5694479694589972,0.0029366064666188816,0.5650413402915001,0.5733058100938797,4,"1000,1001,1002,1003",59000,200,True
repeat-copy,baseline_vs_combined,loss,none,7400,0.564033657964319,0.003841018579805471,0.5593077896535397,0.5681355811655522,4,"1000,1001,1002,1003",59000,200,True
repeat-copy,baseline_vs_combined,loss,none,7600,0.5631135467812418,0.004745673931805923,0.5577524241805076,0.5679892782866954,4,"1000,1001,1002,1003",59000,200,True
repeat-copy,baseline_vs_combined,loss,none,7800,0.5631515533663333,0.000862940665150191,0.5621744078397751,0.5642749166488648,4,"1000,1001,1002,1003",59000,200,True
repeat-copy,baseline_vs_combined,loss,none,8000,0.560536982845515,0.00215143823572257,0.5570979410409928,0.5630272820591926,4,"1000,1001,1002,1003",59000,200,True
repeat-copy,baseline_vs_combined,loss,none,8200,0.5606596440263093,0.004246412888590039,0.5559192574024201,0.5672942635416984,4,"1000,1001,1002,1003",59000,200,True
repeat-copy,baseline_vs_combined,loss,none,8400,0.5609496109560131,0.006423438354192947,0.5508247195929289,0.5665100901573896,4,"1000,1001,1002,1003",59000,200,True
repeat-copy,baseline_vs_combined,loss,none,8600,0.559416524413973,0.006211577284719973,0.5492221612483263,0.5659032951295376,4,"1000,1001,1002,1003",59000,200,True
repeat-copy,baseline_vs_combined,loss,none,8800,0.5554788298159837,0.00586795599088639,0.5471071541309357,0.5636848817765713,4,"1000,1001,1002,1003",59000,200,True
repeat-copy,baseline_vs_combined,loss,none,9000,0.5576665243506431,0.005473228862554879,0.5493524319678545,0.562888920456171,4,"1000,1001,1002,1003",59000,200,True
repeat-copy,baseline_vs_combined,loss,none,9200,0.5579318378306926,0.0034167076457536556,0.5541434735804797,0.5632591055333614,4,"1000,1001,1002,1003",59000,200,True
repeat-copy,baseline_vs_combined,loss,none,9400,0.5561508995853364,0.00476490372939343,0.5491107600182294,0.5617978866398334,4,"1000,1001,1002,1003",59000,200,True
repeat-copy,baseline_vs_combined,loss,none,9600,0.5582414613105356,0.0029188100189134524,0.5554360492527485,0.563139422237873,4,"1000,1001,1002,1003",59000,200,True
repeat-copy,baseline_vs_combined,loss,none,9800,0.5549090391397477,0.0035186722523582047,0.5488998372852802,0.5574877107143402,4,"1000,1001,1002,1003",59000,200,True
repeat-copy,baseline_vs_combined,loss,none,10000,0.5569321403838694,0.0011025829949312658,0.5556757421791554,0.5581885059177876,4,"1000,1001,1002,1003",59000,200,True
repeat-copy,baseline_vs_combined,loss,none,10200,0.5551333952508867,0.0036127590257175315,0.5492335930466652,0.5590071442723274,4,"1000,1001,1002,1003",59000,200,True
repeat-copy,baseline_vs_combined,loss,none,10400,0.5557527161389588,0.005136301268020384,0.5475770626962185,0.5607155848294496,4,"1000,1001,1002,1003",59000,200,True
repeat-copy,baseline_vs_combined,loss,none,10600,0.5538392561674118,0.005128663911688986,0.5488097284734249,0.5624188551306725,4,"1000,1001,1002,1003",59000,200,True
repeat-copy,baseline_vs_combined,loss,none,10800,0.5493834397010505,0.00320480096689192,0.5450075776875019,0.5535162768512965,4,"1000,1001,1002,1003",59000,200,True
repeat-copy,baseline_vs_combined,loss,none,11000,0.552115998417139,0.0061591943427938695,0.5459808005392551,0.5621190999448299,4,"1000,1001,1002,1003",59000,200,True
repeat-copy,baseline_vs_combined,loss,none,11200,0.554096826929599,0.00321291970471488,0.5510120932012796,0.5590296466648579,4,"1000,1001,1002,1003",59000,200,True
repeat-copy,baseline_vs_combined,loss,none,11400,0.5563071764633061,0.00492086840606911,0.5509008356183768,0.5642501132190227,4,"1000,1001,1002,1003",59000,200,True
repeat-copy,baseline_vs_combined,loss,none,11600,0.5509832348488272,0.0033336307938201574,0.5467794872075319,0.5547027567028999,4,"1000,1001,1002,1003",59000,200,True
repeat-copy,baseline_vs_combined,loss,none,11800,0.5490824623778463,0.005217635278346878,0.5413048371672631,0.555963566750288,4,"1000,1001,1002,1003",59000,200,True
repeat-copy,baseline_vs_combined,loss,none,12000,0.5503744719922543,0.008720251916582253,0.5413275344669819,0.560533487200737,4,"1000,1001,1002,1003",59000,200,True
repeat-copy,baseline_vs_combined,loss,none,12200,0.5558070599846542,0.0012474214065396577,0.553876241222024,0.5571087400615216,4,"1000,1001,1002,1003",59000,200,True
repeat-copy,baseline_vs_combined,loss,none,12400,0.5497376489825547,0.005966005910847714,0.5426806350052357,0.5583729408681393,4,"1000,1001,1002,1003",59000,200,True
repeat-copy,baseline_vs_combined,loss,none,12600,0.5496487473882735,0.005289217064321275,0.5423730834573507,0.5556296878308058,4,"1000,1001,1002,1003",59000,200,True
repeat-copy,baseline_vs_combined,loss,none,12800,0.5482372109033167,0.012882407796021966,0.5332989034801722,0.5660283143818379,4,"1000,1001,1002,1003",59000,200,True
repeat-copy,baseline_vs_combined,loss,none,13000,0.5497941685095429,0.0070978713178437665,0.541933900937438,0.561253319233656,4,"1000,1001,1002,1003",59000,200,True
repeat-copy,baseline_vs_combined,loss,none,13200,0.5515179200842977,0.006174768813522933,0.5435562399029732,0.5599171198904515,4,"1000,1001,1002,1003",59000,200,True
repeat-copy,baseline_vs_combined,loss,none,13400,0.5481168621964753,0.007033099814604669,0.5372345945239068,0.555995087325573,4,"1000,1001,1002,1003",59000,200,True
repeat-copy,baseline_vs_combined,loss,none,13600,0.5482395378686488,0.004754461598257587,0.540441796630621,0.5532982299476862,4,"1000,1001,1002,1003",59000,200,True
repeat-copy,baseline_vs_combined,loss,none,13800,0.5432435551192613,0.004130236830615638,0.5384561049938202,0.5485944546759128,4,"1000,1001,1002,1003",59000,200,True
repeat-copy,baseline_vs_combined,loss,none,14000,0.5488675401173532,0.003034783975831176,0.5446447261422872,0.5532260192185641,4,"1000,1001,1002,1003",59000,200,True
repeat-copy,baseline_vs_combined,loss,none,14200,0.5451581477373839,0.004983255133721298,0.5385565002262592,0.552529675513506,4,"1000,1001,1002,1003",59000,200,True
repeat-copy,baseline_vs_combined,loss,none,14400,0.5450637088622898,0.0015869245398994634,0.5434928296133876,0.5476843389868736,4,"1000,1001,1002,1003",59000,200,True
repeat-copy,baseline_vs_combined,loss,none,14600,0.5453943965118379,0.009163963364520251,0.5343523681163788,0.5564377464354038,4,"1000,1001,1002,1003",59000,200,True
repeat-copy,baseline_vs_combined,loss,none,14800,0.5453015059232712,0.004219284540411958,0.540634254142642,0.5518194371461869,4,"1000,1001,1002,1003",59000,200,True
repeat-copy,baseline_vs_combined,loss,none,15000,0.5436068012379109,0.004998260080748347,0.5383571617305278,0.5498263759166002,4,"1000,1001,1002,1003",59000,200,True
repeat-copy,baseline_vs_combined,loss,none,15200,0.545744989803061,0.0057324337620281475,0.5418566808477044,0.555652794316411,4,"1000,1001,1002,1003",59000,200,True
repeat-copy,baseline_vs_combined,loss,none,15400,0.5394420394301415,0.0045111899913087405,0.5349642930179834,0.5465076764672995,4,"1000,1001,1002,1003",59000,200,True
repeat-copy,baseline_vs_combined,loss,none,15600,0.5393969715945424,0.0037103884146765242,0.5355198553949595,0.5440322075784206,4,"1000,1001,1002,1003",59000,200,True
repeat-copy,baseline_vs_combined,loss,none,15800,0.5353870698064566,0.004606528855084935,0.5309685341268778,0.5422703611850739,4,"1000,1001,1002,1003",59000,200,True
repeat-copy,baseline_vs_combined,loss,none,16000,0.5447890368755907,0.0016613442595374871,0.5427725250646472,0.5473725215345621,4,"1000,1001,1002,1003",59000,200,True
repeat-copy,baseline_vs_combined,loss,none,16200,0.5410841875895858,0.004179215129392626,0.535350761860609,0.5463891989737749,4,"1000,1001,1002,1003",59000,200,True
repeat-copy,baseline_vs_combined,loss,none,16400,0.537044184692204,0.005107052600478145,0.5305856747180223,0.5439754232019186,4,"1000,1001,1002,1003",59000,200,True
repeat-copy,baseline_vs_combined,loss,none,16600,0.5379134888201953,0.004413118489194268,0.5345228124409914,0.5453928510844708,4,"1000,1001,1002,1003",59000,200,True
repeat-copy,baseline_vs_combined,loss,none,16800,0.541572790890932,0.006107322430937287,0.5323794398084283,0.5481705199554563,4,"1000,1001,1002,1003",59000,200,True
repeat-copy,baseline_vs_combined,loss,none,17000,0.5378900307882577,0.0022905378078982943,0.534897790402174,0.5411979547888041,4,"1000,1001,1002,1003",59000,200,True
repeat-copy,baseline_vs_combined,loss,none,17200,0.5352735493332148,0.006882019456900066,0.5246737516671419,0.5433130194246769,4,"1000,1001,1002,1003",59000,200,True
repeat-copy,baseline_vs_combined,loss,none,17400,0.537211641119793,0.004938517377949446,0.5305962678790093,0.5429342015832662,4,"1000,1001,1002,1003",59000,200,True
repeat-copy,baseline_vs_combined,loss,none,17600,0.5367148950137198,0.00821722212664585,0.5238938652724028,0.5467159640043974,4,"1000,1001,1002,1003",59000,200,True
repeat-copy,baseline_vs_combined,loss,none,17800,0.5337031107209622,0.004641056127757398,0.527191202789545,0.5403172945231199,4,"1000,1001,1002,1003",59000,200,True
repeat-copy,baseline_vs_combined,loss,none,18000,0.5366732886061072,0.00516629204241707,0.5281640485674143,0.5418374755233526,4,"1000,1001,1002,1003",59000,200,True
repeat-copy,baseline_vs_combined,loss,none,18200,0.5297924580145628,0.003526734276743193,0.5259509982913733,0.5337610303610564,4,"1000,1001,1002,1003",59000,200,True
repeat-copy,baseline_vs_combined,loss,none,18400,0.5252080699801445,0.014702636831443424,0.5014580737054348,0.5382594725489617,4,"1000,1001,1002,1003",59000,200,True
repeat-copy,baseline_vs_combined,loss,none,18600,0.5307690580096096,0.016236162184472602,0.503898682370782,0.5475354608148336,4,"1000,1001,1002,1003",59000,200,True
repeat-copy,baseline_vs_combined,loss,none,18800,0.5223450452275574,0.019092345261848432,0.4928935202583671,0.5451934184134006,4,"1000,1001,1002,1003",59000,200,True
repeat-copy,baseline_vs_combined,loss,none,19000,0.5181792363896965,0.026043127316378454,0.47384354077279567,0.5404252198338508,4,"1000,1001,1002,1003",59000,200,True
repeat-copy,baseline_vs_combined,loss,none,19200,0.5165075455605983,0.03339319848618897,0.45875177025794983,0.5386190328747034,4,"1000,1001,1002,1003",59000,200,True
repeat-copy,baseline_vs_combined,loss,none,19400,0.5076077305246144,0.044006472060178006,0.43141063161194326,0.5342101160436868,4,"1000,1001,1002,1003",59000,200,True
repeat-copy,baseline_vs_combined,loss,none,19600,0.49032744053751226,0.05731507990548699,0.39165798455476764,0.5287763548642397,4,"1000,1001,1002,1003",59000,200,True
repeat-copy,baseline_vs_combined,loss,none,19800,0.4954085659515113,0.06682819585198424,0.3801510386168957,0.5407973289489746,4,"1000,1001,1002,1003",59000,200,True
repeat-copy,baseline_vs_combined,loss,none,20000,0.4910014853067696,0.06194303024433127,0.38416508615016937,0.5346360588073731,4,"1000,1001,1002,1003",59000,200,True
repeat-copy,baseline_vs_combined,loss,none,20200,0.49500591835938396,0.06789455165319307,0.37742002349346876,0.5357115859538317,4,"1000,1001,1002,1003",59000,200,True
repeat-copy,baseline_vs_combined,loss,none,20400,0.48237863821908833,0.08673951099998822,0.33248079925775526,0.541734850332141,4,"1000,1001,1002,1003",59000,200,True
repeat-copy,baseline_vs_combined,loss,none,20600,0.4917754257423803,0.08168260601585434,0.35085955599322916,0.5491255834326148,4,"1000,1001,1002,1003",59000,200,True
repeat-copy,baseline_vs_combined,loss,none,20800,0.47910073595587166,0.08149369729049438,0.3382476132549346,0.5345924713462591,4,"1000,1001,1002,1003",59000,200,True
repeat-copy,baseline_vs_combined,loss,none,21000,0.47624078068882225,0.08825774059776134,0.32367080882191657,0.5323614191263915,4,"1000,1001,1002,1003",59000,200,True
repeat-copy,baseline_vs_combined,loss,none,21200,0.4733928654668853,0.0897106017627948,0.31809574587270617,0.5295221269130707,4,"1000,1001,1002,1003",59000,200,True
repeat-copy,baseline_vs_combined,loss,none,21400,0.47856532956473524,0.0802746843627928,0.33977805646136405,0.5318913639336824,4,"1000,1001,1002,1003",59000,200,True
repeat-copy,baseline_vs_combined,loss,none,21600,0.47240000229678114,0.08792014409872206,0.3204376739030704,0.5310706491023303,4,"1000,1001,1002,1003",59000,200,True
repeat-copy,baseline_vs_combined,loss,none,21800,0.47273326520342374,0.092146784651145,0.31352760272100566,0.5325627052783966,4,"1000,1001,1002,1003",59000,200,True
repeat-copy,baseline_vs_combined,loss,none,22000,0.42806144980539096,0.1722271811903367,0.1297851836611517,0.5313566435873508,4,"1000,1001,1002,1003",59000,200,True
repeat-copy,baseline_vs_combined,loss,none,22200,0.41374843739438805,0.18852266288698874,0.0873609510064125,0.5299679651111364,4,"1000,1001,1002,1003",59000,200,True
repeat-copy,baseline_vs_combined,loss,none,22400,0.44108821459230974,0.14462087183220784,0.1906098276237026,0.5259044338203966,4,"1000,1001,1002,1003",59000,200,True
repeat-copy,baseline_vs_combined,loss,none,22600,0.4984041619859636,0.04676417606169907,0.4177652343735099,0.532422305867076,4,"1000,1001,1002,1003",59000,200,True
repeat-copy,baseline_vs_combined,loss,none,22800,0.5679399982956238,0.07287225824948869,0.5235443449765443,0.6940928242448717,4,"1000,1001,1002,1003",59000,200,True
repeat-copy,baseline_vs_combined,loss,none,23000,0.41462459174450483,0.1916267167751936,0.08274461938068271,0.52921426191926,4,"1000,1001,1002,1003",59000,200,True
repeat-copy,baseline_vs_combined,loss,none,23200,0.4076539191504708,0.20083828078588128,0.06037215001648292,0.5407611052319408,4,"1000,1001,1002,1003",59000,200,True
repeat-copy,baseline_vs_combined,loss,none,23400,0.39987963026156653,0.20978021429048582,0.03666252850554883,0.52597555488348,4,"1000,1001,1002,1003",59000,200,True
repeat-copy,baseline_vs_combined,loss,none,23600,0.3925652890035417,0.21077231196461793,0.02760887542273849,0.5200663235783577,4,"1000,1001,1002,1003",59000,200,True
repeat-copy,baseline_vs_combined,loss,none,23800,0.4092485363275046,0.17800649457547427,0.10111772874603048,0.5219067565351725,4,"1000,1001,1002,1003",59000,200,True
repeat-copy,baseline_vs_combined,loss,none,24000,0.3997159752890002,0.21171533623899888,0.03302618640940636,0.5244213858246803,4,"1000,1001,1002,1003",59000,200,True
repeat-copy,baseline_vs_combined,loss,none,24200,0.39539763532375216,0.21761999179956534,0.01850011238013394,0.5245699792914092,4,"1000,1001,1002,1003",59000,200,True
repeat-copy,baseline_vs_combined,loss,none,24400,0.39008696592951314,0.21764400630854153,0.013376341744442471,0.523795849904418,4,"1000,1001,1002,1003",59000,200,True
repeat-copy,baseline_vs_combined,loss,none,24600,0.3933029318442277,0.22058793659932727,0.011246231591212564,0.5226541816443205,4,"1000,1001,1002,1003",59000,200,True
repeat-copy,baseline_vs_combined,loss,none,24800,0.3956845752010122,0.20829497990733303,0.034968330059200525,0.5220347623899579,4,"1000,1001,1002,1003",59000,200,True
repeat-copy,baseline_vs_combined,loss,none,25000,0.39213434008648623,0.21973312184161992,0.01158564860932529,0.5241971569135785,4,"1000,1001,1002,1003",59000,200,True
repeat-copy,baseline_vs_combined,loss,none,25200,0.39552912114522776,0.22078959390662692,0.013185708275414073,0.5267056562751532,4,"1000,1001,1002,1003",59000,200,True
repeat-copy,baseline_vs_combined,loss,none,25400,0.4008277487747546,0.20163824294927568,0.05160998256586027,0.5213685006648302,4,"1000,1001,1002,1003",59000,200,True
repeat-copy,baseline_vs_combined,loss,none,25600,0.40302387934476436,0.20770538371012617,0.043515705552708825,0.5323069615475834,4,"1000,1001,1002,1003",59000,200,True
repeat-copy,baseline_vs_combined,loss,none,25800,0.3949585947703599,0.22174878117404842,0.011147168393072206,0.536016766950488,4,"1000,1001,1002,1003",59000,200,True
repeat-copy,baseline_vs_combined,loss,none,26000,0.3911759954960871,0.2204962366650638,0.009267788637371268,0.5196493924967944,4,"1000,1001,1002,1003",59000,200,True
repeat-copy,baseline_vs_combined,loss,none,26200,0.38876821598420064,0.2209163149116241,0.006322961949190358,0.5251822592690587,4,"1000,1001,1002,1003",59000,200,True
repeat-copy,baseline_vs_combined,loss,none,26400,0.3905942515780771,0.21685340436529565,0.015508905363676604,0.5319453806430101,4,"1000,1001,1002,1003",59000,200,True
repeat-copy,baseline_vs_combined,loss,none,26600,0.39002212523992064,0.22250949698174802,0.004729508088785223,0.5261738399229944,4,"1000,1001,1002,1003",59000,200,True
repeat-copy,baseline_vs_combined,loss,none,26800,0.4127415994338662,0.182755166697325,0.09633357259182958,0.526694616265595,4,"1000,1001,1002,1003",59000,200,True
repeat-copy,baseline_vs_combined,loss,none,27000,0.4040849090066332,0.19353324994997614,0.06898347781097983,0.5209334514662624,4,"1000,1001,1002,1003",59000,200,True
repeat-copy,baseline_vs_combined,loss,none,27200,0.38976120340266784,0.21596938188787462,0.015846271500049625,0.5200270361453295,4,"1000,1001,1002,1003",59000,200,True
repeat-copy,baseline_vs_combined,loss,none,27400,0.3972592741991684,0.20712449980127484,0.03858761353243608,0.5224458225816488,4,"1000,1001,1002,1003",59000,200,True
repeat-copy,baseline_vs_combined,loss,none,27600,0.38793399624457375,0.22107196547473665,0.005100890600151615,0.5198417846672236,4,"1000,1001,1002,1003",59000,200,True
repeat-copy,baseline_vs_combined,loss,none,27800,0.3814121044845888,0.21593015105503413,0.007453837040666258,0.5109966835007071,4,"1000,1001,1002,1003",59000,200,True
repeat-copy,baseline_vs_combined,loss,none,28000,0.3824618577414731,0.21780482599777803,0.0052206604993261865,0.5093742083013058,4,"1000,1001,1002,1003",59000,200,True
repeat-copy,baseline_vs_combined,loss,none,28200,0.38278825119672544,0.2185888985017969,0.004347279801004333,0.515472241602838,4,"1000,1001,1002,1003",59000,200,True
repeat-copy,baseline_vs_combined,loss,none,28400,0.381379280423389,0.21889197852921535,0.0023608609758957754,0.516237055528909,4,"1000,1001,1002,1003",59000,200,True
repeat-copy,baseline_vs_combined,loss,none,28600,0.3896786733651425,0.2207083410796246,0.007586638342545484,0.5244178968667984,4,"1000,1001,1002,1003",59000,200,True
repeat-copy,baseline_vs_combined,loss,none,28800,0.38773455261354683,0.21994161750895871,0.007019573398283682,0.5262907756492495,4,"1000,1001,1002,1003",59000,200,True
repeat-copy,baseline_vs_combined,loss,none,29000,0.3890276640461889,0.21783499002524395,0.011738025674276287,0.5175747763365507,4,"1000,1001,1002,1003",59000,200,True
repeat-copy,baseline_vs_combined,loss,none,29200,0.3836776832935175,0.22026714085231164,0.002307253806575318,0.5195089780725539,4,"1000,1001,1002,1003",59000,200,True
repeat-copy,baseline_vs_combined,loss,none,29400,0.38298161202066694,0.21758643915152734,0.006216131931287236,0.5141646502166987,4,"1000,1001,1002,1003",59000,200,True
repeat-copy,baseline_vs_combined,loss,none,29600,0.38856456606848955,0.22238130455092434,0.0035959746209846344,0.528649632781744,4,"1000,1001,1002,1003",59000,200,True
repeat-copy,baseline_vs_combined,loss,none,29800,0.3829368029526541,0.22061533720788185,0.0009868899513458017,0.5173423506319523,4,"1000,1001,1002,1003",59000,200,True
repeat-copy,baseline_vs_combined,loss,none,30000,0.38395546258214386,0.219802824919245,0.0032903955232904993,0.5163372825831175,4,"1000,1001,1002,1003",59000,200,True
repeat-copy,baseline_vs_combined,loss,none,30200,0.37724189077746817,0.21654016493455772,0.002257697461573116,0.5077206349000335,4,"1000,1001,1002,1003",59000,200,True
repeat-copy,baseline_vs_combined,loss,none,30400,0.38319549005841963,0.2203924558623605,0.001495014574011293,0.5149713965691626,4,"1000,1001,1002,1003",59000,200,True
repeat-copy,baseline_vs_combined,loss,none,30600,0.3749877065681994,0.21386826876763995,0.004665232861843833,0.505368254519999,4,"1000,1001,1002,1003",59000,200,True
repeat-copy,baseline_vs_combined,loss,none,30800,0.3893292557746918,0.221549140663639,0.005836094979495101,0.5271549885347485,4,"1000,1001,1002,1003",59000,200,True
repeat-copy,baseline_vs_combined,loss,none,31000,0.38280036076856055,0.22089418496945395,0.00033311765451799147,0.5181939149647952,4,"1000,1001,1002,1003",59000,200,True
repeat-copy,baseline_vs_combined,loss,none,31200,0.3994599185762763,0.19804364462220053,0.0568862990177513,0.5236043184436858,4,"1000,1001,1002,1003",59000,200,True
repeat-copy,baseline_vs_combined,loss,none,31400,0.3786428125777457,0.21114338919720924,0.013019385353545658,0.5050985689088702,4,"1000,1001,1002,1003",59000,200,True
repeat-copy,baseline_vs_combined,loss,none,31600,0.38889346227946586,0.20845882919809916,0.027950323557961385,0.5172454468160868,4,"1000,1001,1002,1003",59000,200,True
repeat-copy,baseline_vs_combined,loss,none,31800,0.3768311792399436,0.21471778340683215,0.0050683495576231506,0.5102793992310762,4,"1000,1001,1002,1003",59000,200,True
repeat-copy,baseline_vs_combined,loss,none,32000,0.38276553280541525,0.22005431465558958,0.0016569524214355624,0.5143435657024383,4,"1000,1001,1002,1003",59000,200,True
repeat-copy,baseline_vs_combined,loss,none,32200,0.37818744833109125,0.21338039283043447,0.009093110793946835,0.5165986423473805,4,"1000,1001,1002,1003",59000,200,True
repeat-copy,baseline_vs_combined,loss,none,32400,0.3782124969672396,0.21753911094651557,0.0016092267751628242,0.5119776694662869,4,"1000,1001,1002,1003",59000,200,True
repeat-copy,baseline_vs_combined,loss,none,32600,0.38230912116041055,0.21876479253030526,0.003647350078881573,0.5152486964315176,4,"1000,1001,1002,1003",59000,200,True
repeat-copy,baseline_vs_combined,loss,none,32800,0.38444907157773744,0.22174569549046394,0.000437261447259516,0.5168312603421509,4,"1000,1001,1002,1003",59000,200,True
repeat-copy,baseline_vs_combined,loss,none,33000,0.3790856084003008,0.21708507727933934,0.0032179539311255213,0.5137745005264879,4,"1000,1001,1002,1003",59000,200,True
repeat-copy,baseline_vs_combined,loss,none,33200,0.38350378538853425,0.22109513114769264,0.000582584045787371,0.5154152958840131,4,"1000,1001,1002,1003",59000,200,True
repeat-copy,baseline_vs_combined,loss,none,33400,0.3781699680499071,0.217651863297114,0.0012884705734586533,0.5118870824947953,4,"1000,1001,1002,1003",59000,200,True
repeat-copy,baseline_vs_combined,loss,none,33600,0.3783569921809078,0.21824169450859776,0.00041084331453475895,0.5090969707258046,4,"1000,1001,1002,1003",59000,200,True
repeat-copy,baseline_vs_combined,loss,none,33800,0.376367935649223,0.21674891224151335,0.0014541170899246936,0.5196233470924199,4,"1000,1001,1002,1003",59000,200,True
repeat-copy,baseline_vs_combined,loss,none,34000,0.3818975269693351,0.2165557375654102,0.007210869934942821,0.5214272711705417,4,"1000,1001,1002,1003",59000,200,True
repeat-copy,baseline_vs_combined,loss,none,34200,0.3777134875992135,0.2177254574698476,0.0007282746273313024,0.5080918461084366,4,"1000,1001,1002,1003",59000,200,True
repeat-copy,baseline_vs_combined,loss,none,34400,0.3825795421989864,0.20464154587096386,0.02835336337173203,0.5106462937779724,4,"1000,1001,1002,1003",59000,200,True
repeat-copy,baseline_vs_combined,loss,none,34600,0.3796606093418756,0.21200675182523288,0.012681557543378403,0.5114064535452053,4,"1000,1001,1002,1003",59000,200,True
repeat-copy,baseline_vs_combined,loss,none,34800,0.3719505367669603,0.2142868842614984,0.0011158118152434326,0.5050111074000597,4,"1000,1001,1002,1003",59000,200,True
repeat-copy,baseline_vs_combined,loss,none,35000,0.38157578567531114,0.1975354124963776,0.03961746424526609,0.5041463117115199,4,"1000,1001,1002,1003",59000,200,True
repeat-copy,baseline_vs_combined,loss,none,35200,0.37157690028629303,0.21289018366317383,0.003046854966023602,0.505125535633415,4,"1000,1001,1002,1003",59000,200,True
repeat-copy,baseline_vs_combined,loss,none,35400,0.37654561334500836,0.2169214587039359,0.000986518318832168,0.5097047723270953,4,"1000,1001,1002,1003",59000,200,True
repeat-copy,baseline_vs_combined,loss,none,35600,0.37589097126603294,0.21640165834853642,0.0012388490226931026,0.5112904194742441,4,"1000,1001,1002,1003",59000,200,True
repeat-copy,baseline_vs_combined,loss,none,35800,0.37959650569706815,0.21816485499320512,0.00225557093954194,0.5226018453016877,4,"1000,1001,1002,1003",59000,200,True
repeat-copy,baseline_vs_combined,loss,none,36000,0.3724535461224445,0.2148846073151595,0.0004365264206444408,0.5064642688259482,4,"1000,1001,1002,1003",59000,200,True
repeat-copy,baseline_vs_combined,loss,none,36200,0.37404995484768505,0.2154046300280444,0.001548524141389862,0.5087376967817545,4,"1000,1001,1002,1003",59000,200,True
repeat-copy,baseline_vs_combined,loss,none,36400,0.375118238219992,0.21020992554884038,0.011115992197769629,0.5040519180335105,4,"1000,1001,1002,1003",59000,200,True
repeat-copy,baseline_vs_combined,loss,none,36600,0.37805654974252656,0.21576760886419227,0.004367828623157948,0.505374694392085,4,"1000,1001,1002,1003",59000,200,True
repeat-copy,baseline_vs_combined,loss,none,36800,0.3733611551723539,0.21484842412155591,0.0013872755989814323,0.5074539455398918,4,"1000,1001,1002,1003",59000,200,True
repeat-copy,baseline_vs_combined,loss,none,37000,0.3737868071523053,0.21534300313424712,0.0011247090673168715,0.512473217844963,4,"1000,1001,1002,1003",59000,200,True
repeat-copy,baseline_vs_combined,loss,none,37200,0.36828240343064633,0.21142548177752152,0.002367347988210895,0.5036682188976556,4,"1000,1001,1002,1003",59000,200,True
repeat-copy,baseline_vs_combined,loss,none,37400,0.37130175054335945,0.2108077568555904,0.0065875815844901806,0.5079159114230424,4,"1000,1001,1002,1003",59000,200,True
repeat-copy,baseline_vs_combined,loss,none,37600,0.3787559940066165,0.2186997116157243,0.00015635526030337134,0.5164823585189879,4,"1000,1001,1002,1003",59000,200,True
repeat-copy,baseline_vs_combined,loss,none,37800,0.3725821442091086,0.21513129241482834,4.847461513918461e-05,0.5040464295167476,4,"1000,1001,1002,1003",59000,200,True
repeat-copy,baseline_vs_combined,loss,none,38000,0.3706205432184003,0.21210186297715033,0.0033064400207103973,0.49770025397650897,4,"1000,1001,1002,1003",59000,200,True
repeat-copy,baseline_vs_combined,loss,none,38200,0.37196993223392383,0.2146938730029605,0.00027695662345649907,0.5060674580838531,4,"1000,1001,1002,1003",59000,200,True
repeat-copy,baseline_vs_combined,loss,none,38400,0.37178073625542085,0.21397572804276224,0.0018361947730500105,0.5063758627325297,4,"1000,1001,1002,1003",59000,200,True
repeat-copy,baseline_vs_combined,loss,none,38600,0.37031639567118535,0.2137998667468645,7.432050103034271e-05,0.5004723532591016,4,"1000,1001,1002,1003",59000,200,True
repeat-copy,baseline_vs_combined,loss,none,38800,0.37145471966503096,0.2144474745505148,0.00020660279892013023,0.5056113726831972,4,"1000,1001,1002,1003",59000,200,True
repeat-copy,baseline_vs_combined,loss,none,39000,0.3693526189234679,0.21263534396424924,0.0011380045332435884,0.4991995846526697,4,"1000,1001,1002,1003",59000,200,True
repeat-copy,baseline_vs_combined,loss,none,39200,0.37002790280686326,0.21207837299536889,0.0028254598872217685,0.5003618745645508,4,"1000,1001,1002,1003",59000,200,True
repeat-copy,baseline_vs_combined,loss,none,39400,0.3644328401463144,0.210370393910376,0.00044065995776691123,0.5000523545779287,4,"1000,1001,1002,1003",59000,200,True
repeat-copy,baseline_vs_combined,loss,none,39600,0.36845643528526695,0.21235064167683942,0.000987583734990949,0.5027849450986832,4,"1000,1001,1002,1003",59000,200,True
repeat-copy,baseline_vs_combined,loss,none,39800,0.37144339427453305,0.2130842542185679,0.002674080798731211,0.5062231642380357,4,"1000,1001,1002,1003",59000,200,True
repeat-copy,baseline_vs_combined,loss,none,40000,0.36496766221451227,0.21117308153007777,3.9485552259748144e-05,0.509154445277527,4,"1000,1001,1002,1003",59000,200,True
repeat-copy,baseline_vs_combined,loss,none,40200,0.3740769383132423,0.21291771388967487,0.005445391482845707,0.5024339032825083,4,"1000,1001,1002,1003",59000,200,True
repeat-copy,baseline_vs_combined,loss,none,40400,0.3663885214262277,0.2112123076305019,0.0014222740758611963,0.5116183090209961,4,"1000,1001,1002,1003",59000,200,True
repeat-copy,baseline_vs_combined,loss,none,40600,0.36594345680561213,0.20865262772223392,0.0046941601767139214,0.49607448747381566,4,"1000,1001,1002,1003",59000,200,True
repeat-copy,baseline_vs_combined,loss,none,40800,0.3586234677068029,0.20686337955672054,0.00042932615972176793,0.4823409417364746,4,"1000,1001,1002,1003",59000,200,True
repeat-copy,baseline_vs_combined,loss,none,41000,0.36995899929218523,0.21340519494843876,0.00035689080210659084,0.4970999606046826,4,"1000,1001,1002,1003",59000,200,True
repeat-copy,baseline_vs_combined,loss,none,41200,0.3638637934261989,0.20968982609909445,0.0008909067409337012,0.4929334312537685,4,"1000,1001,1002,1003",59000,200,True
repeat-copy,baseline_vs_combined,loss,none,41400,0.3624176155994552,0.20900142445404823,0.0006744881290563854,0.495755803110078,4,"1000,1001,1002,1003",59000,200,True
repeat-copy,baseline_vs_combined,loss,none,41600,0.36234505970710645,0.20923406505031392,2.7801770893347567e-05,0.490590406623669,4,"1000,1001,1002,1003",59000,200,True
repeat-copy,baseline_vs_combined,loss,none,41800,0.3558721891042914,0.20448348842931238,0.0020539025066972274,0.488785624820739,4,"1000,1001,1002,1003",59000,200,True
repeat-copy,baseline_vs_combined,loss,none,42000,0.3601214212883208,0.2054445317013621,0.004293968424202035,0.48153630062704905,4,"1000,1001,1002,1003",59000,200,True
repeat-copy,baseline_vs_combined,loss,none,42200,0.3639874765658152,0.20938539391240624,0.0017062858177746422,0.5003841442521662,4,"1000,1001,1002,1003",59000,200,True
repeat-copy,baseline_vs_combined,loss,none,42400,0.3582589341397078,0.20633851485174337,0.00098133943962182,0.4838650368247181,4,"1000,1001,1002,1003",59000,200,True
repeat-copy,baseline_vs_combined,loss,none,42600,0.36170886578632916,0.20913797144046234,2.664412654667103e-05,0.49228821210563184,4,"1000,1001,1002,1003",59000,200,True
repeat-copy,baseline_vs_combined,loss,none,42800,0.36903215680618473,0.21117356648464,0.003353228778491939,0.49669478319585325,4,"1000,1001,1002,1003",59000,200,True
repeat-copy,baseline_vs_combined,loss,none,43000,0.3587925060004147,0.20650974793906188,0.0016174867229207734,0.4900635245395824,4,"1000,1001,1002,1003",59000,200,True
repeat-copy,baseline_vs_combined,loss,none,43200,0.3651520786430592,0.21036766465399226,0.0011188284432137152,0.4944905017246492,4,"1000,1001,1002,1003",59000,200,True
repeat-copy,baseline_vs_combined,loss,none,43400,0.3604028298704266,0.207808838731416,0.0005697505728660701,0.4883896071370691,4,"1000,1001,1002,1003",59000,200,True
repeat-copy,baseline_vs_combined,loss,none,43600,0.36292939408599734,0.20881199345000376,0.0012792021608487403,0.4870844679023139,4,"1000,1001,1002,1003",59000,200,True
repeat-copy,baseline_vs_combined,loss,none,43800,0.37690500589565745,0.16952950046728718,0.08330375290292863,0.4770595625648275,4,"1000,1001,1002,1003",59000,200,True
repeat-copy,baseline_vs_combined,loss,none,44000,0.36828994992394043,0.21117084479789877,0.002573960764614753,0.4954303077980876,4,"1000,1001,1002,1003",59000,200,True
repeat-copy,baseline_vs_combined,loss,none,44200,0.3562161379651025,0.20584341568497042,1.6760418693593236e-05,0.4857608167547733,4,"1000,1001,1002,1003",59000,200,True
repeat-copy,baseline_vs_combined,loss,none,44400,0.36494236743094904,0.19041969156895977,0.035244053055757264,0.4825055687362328,4,"1000,1001,1002,1003",59000,200,True
repeat-copy,baseline_vs_combined,loss,none,44600,0.36400586348536124,0.21039279630433336,2.1111366215222916e-05,0.5017233824031427,4,"1000,1001,1002,1003",59000,200,True
repeat-copy,baseline_vs_combined,loss,none,44800,0.361677782918092,0.20212829871401516,0.011667329142096037,0.48480270185507834,4,"1000,1001,1002,1003",59000,200,True
repeat-copy,baseline_vs_combined,loss,none,45000,0.35480632392180206,0.20459539217555012,0.0005681019002778953,0.48177106355316934,4,"1000,1001,1002,1003",59000,200,True
repeat-copy,baseline_vs_combined,loss,none,45200,0.3575035070671349,0.20625765679561697,0.00044029900212706253,0.48666941334027797,4,"1000,1001,1002,1003",59000,200,True
repeat-copy,baseline_vs_combined,loss,none,45400,0.3565542455434507,0.20568044713029313,0.0005348202624122678,0.48435499776853247,4,"1000,1001,1002,1003",59000,200,True
repeat-copy,baseline_vs_combined,loss,none,45600,0.35621103216350974,0.204848336677329,0.0018400771477524813,0.48651361503172663,4,"1000,1001,1002,1003",59000,200,True
repeat-copy,baseline_vs_combined,loss,none,45800,0.3592048802251767,0.2061027744439248,0.0022380873614281428,0.480665342528373,4,"1000,1001,1002,1003",59000,200,True
repeat-copy,baseline_vs_combined,loss,none,46000,0.3562096483777414,0.20545917339396091,0.0004299396342213413,0.4811373576382175,4,"1000,1001,1002,1003",59000,200,True
repeat-copy,baseline_vs_combined,loss,none,46200,0.367437620663018,0.21230703355366695,9.741620361864989e-06,0.5032941172644496,4,"1000,1001,1002,1003",59000,200,True
repeat-copy,baseline_vs_combined,loss,none,46400,0.3692965257096761,0.18376055927470625,0.05105263838496242,0.47837866622023284,4,"1000,1001,1002,1003",59000,200,True
repeat-copy,baseline_vs_combined,loss,none,46600,0.37834015377828756,0.17834713123622425,0.06964492315785577,0.4919978808285668,4,"1000,1001,1002,1003",59000,200,True
repeat-copy,baseline_vs_combined,loss,none,46800,0.3640639814216705,0.2102238860503386,1.0435856065242888e-05,0.49074586580274626,4,"1000,1001,1002,1003",59000,200,True
repeat-copy,baseline_vs_combined,loss,none,47000,0.35180893160405835,0.20068206900393154,0.004273676197167049,0.4735464055929333,4,"1000,1001,1002,1003",59000,200,True
repeat-copy,baseline_vs_combined,loss,none,47200,0.3597353509788255,0.2077312123035432,0.00042222292082101377,0.4971112084761262,4,"1000,1001,1002,1003",59000,200,True
repeat-copy,baseline_vs_combined,loss,none,47400,0.3520656779168262,0.20265198450825508,0.0012780740466786255,0.47707280341302977,4,"1000,1001,1002,1003",59000,200,True
repeat-copy,baseline_vs_combined,loss,none,47600,0.353086918610265,0.20397846018642957,1.4323698358538195e-05,0.4826963293645531,4,"1000,1001,1002,1003",59000,200,True
repeat-copy,baseline_vs_combined,loss,none,47800,0.3609804507758772,0.20848668619022964,0.00012251049301639227,0.4888700208463706,4,"1000,1001,1002,1003",59000,200,True
repeat-copy,baseline_vs_combined,loss,none,48000,0.3508303640289402,0.20178157807595012,0.0016806886303916712,0.4814618612406775,4,"1000,1001,1002,1003",59000,200,True
repeat-copy,baseline_vs_combined,loss,none,48200,0.36974923129352993,0.1791672046056612,0.05979573571295561,0.4866233308194205,4,"1000,1001,1002,1003",59000,200,True
repeat-copy,baseline_vs_combined,loss,none,48400,0.3583735533869634,0.20675217777413663,0.0006101492543871246,0.48813967127818614,4,"1000,1001,1002,1003",59000,200,True
repeat-copy,baseline_vs_combined,loss,none,48600,0.3575956715812315,0.20611260783650667,0.0007619464793670261,0.48475970814004543,4,"1000,1001,1002,1003",59000,200,True
repeat-copy,baseline_vs_combined,loss,none,48800,0.3496919214508789,0.20200479026795037,1.5321126604135315e-05,0.47629460708703847,4,"1000,1001,1002,1003",59000,200,True
repeat-copy,baseline_vs_combined,loss,none,49000,0.3515454530723276,0.20162386053471035,0.0030486397189318382,0.48583044425351546,4,"1000,1001,1002,1003",59000,200,True
repeat-copy,baseline_vs_combined,loss,none,49200,0.3507844674768784,0.20295184755302953,8.42923574936094e-06,0.4852332990989089,4,"1000,1001,1002,1003",59000,200,True
repeat-copy,baseline_vs_combined,loss,none,49400,0.3593708990127758,0.20677311281465421,0.002194158236021906,0.4987485914118588,4,"1000,1001,1002,1003",59000,200,True
repeat-copy,baseline_vs_combined,loss,none,49600,0.37456948089215214,0.1751614143909478,0.071312478131955,0.4826479685585946,4,"1000,1001,1002,1003",59000,200,True
repeat-copy,baseline_vs_combined,loss,none,49800,0.3985987336631547,0.12667918704753023,0.17943771912740886,0.48123353015631437,4,"1000,1001,1002,1003",59000,200,True
repeat-copy,baseline_vs_combined,loss,none,50000,0.3479728417506604,0.2010104083746338,0.0005182539569398159,0.47857607892714443,4,"1000,1001,1002,1003",59000,200,True
repeat-copy,baseline_vs_combined,loss,none,50200,0.348440866387818,0.20166492476574402,1.0528206437925292e-05,0.48575505811022596,4,"1000,1001,1002,1003",59000,200,True
repeat-copy,baseline_vs_combined,loss,none,50400,0.35241637188971536,0.20296111062702782,0.0012583149911846192,0.4792892532609403,4,"1000,1001,1002,1003",59000,200,True
repeat-copy,baseline_vs_combined,loss,none,50600,0.35359170190791317,0.17532472815426162,0.05244400255402354,0.48378878070041537,4,"1000,1001,1002,1003",59000,200,True
repeat-copy,baseline_vs_combined,loss,none,50800,0.42767772707034474,0.06010860726304726,0.3243502111101937,0.4726245393231511,4,"1000,1001,1002,1003",59000,200,True
repeat-copy,baseline_vs_combined,loss,none,51000,0.3738726254743563,0.14114204141982628,0.1328052545939727,0.47650867897085847,4,"1000,1001,1002,1003",59000,200,True
repeat-copy,baseline_vs_combined,loss,none,51200,0.3294152316147052,0.19045268015870023,0.0031892935891394813,0.46244281708495694,4,"1000,1001,1002,1003",59000,200,True
repeat-copy,baseline_vs_combined,loss,none,51400,0.34761970679593107,0.1465803105192185,0.10670218036266306,0.4708090787206311,4,"1000,1001,1002,1003",59000,200,True
repeat-copy,baseline_vs_combined,loss,none,51600,0.32394246663792386,0.1915035355347532,0.001222191509282311,0.469187905122526,4,"1000,1001,1002,1003",59000,200,True
repeat-copy,baseline_vs_combined,loss,none,51800,0.31803682271666917,0.19210114134580414,0.0030787205468806177,0.4822430642135441,4,"1000,1001,1002,1003",59000,200,True
repeat-copy,baseline_vs_combined,loss,none,52000,0.31793505865959265,0.19253537855736833,0.0003037803175783438,0.4770455210702494,4,"1000,1001,1002,1003",59000,200,True
repeat-copy,baseline_vs_combined,loss,none,52200,0.3051938927062968,0.1841598420907722,0.007360181239762369,0.47590395086386705,4,"1000,1001,1002,1003",59000,200,True
repeat-copy,baseline_vs_combined,loss,none,52400,0.2979633921831456,0.19554111989085168,0.0003129271178806903,0.4741594797675498,4,"1000,1001,1002,1003",59000,200,True
repeat-copy,baseline_vs_combined,loss,none,52600,0.3550860788787129,0.20632776368319977,9.65857780386159e-06,0.5052499386109411,4,"1000,1001,1002,1003",59000,200,True
repeat-copy,baseline_vs_combined,loss,none,52800,0.25774869178341814,0.20911773394978597,0.0013709006187878003,0.4639088306768099,4,"1000,1001,1002,1003",59000,200,True
repeat-copy,baseline_vs_combined,loss,none,53000,0.25895354177502616,0.21204681670713926,6.681952725386964e-06,0.47414571068482475,4,"1000,1001,1002,1003",59000,200,True
repeat-copy,baseline_vs_combined,loss,none,53200,0.24993609986204085,0.2107623060880428,0.0019243512486623615,0.4636756889754906,4,"1000,1001,1002,1003",59000,200,True
repeat-copy,baseline_vs_combined,loss,none,53400,0.2426108845206269,0.20881643172538614,0.0014539503850743785,0.4525292553100735,4,"1000,1001,1002,1003",59000,200,True
repeat-copy,baseline_vs_combined,loss,none,53600,0.24938796444630684,0.22025184589462943,0.0001689302470987286,0.4687813150300644,4,"1000,1001,1002,1003",59000,200,True
repeat-copy,baseline_vs_combined,loss,none,53800,0.2440094308033236,0.2177240470716583,0.0024350559183861265,0.48532802464440467,4,"1000,1001,1002,1003",59000,200,True
repeat-copy,baseline_vs_combined,loss,none,54000,0.2500291294342867,0.21484409449499628,0.006145491559395779,0.46828609824879097,4,"1000,1001,1002,1003",59000,200,True
repeat-copy,baseline_vs_combined,loss,none,54200,0.23991812192658485,0.2201624124593533,0.002020611549888258,0.4711417736345902,4,"1000,1001,1002,1003",59000,200,True
repeat-copy,baseline_vs_combined,loss,none,54400,0.24277575343726254,0.2233348953494372,0.0014743059720399288,0.47387884782161566,4,"1000,1001,1002,1003",59000,200,True
repeat-copy,baseline_vs_combined,loss,none,54600,0.2488607190508651,0.22144674655405586,0.0009946631855655141,0.49140975458547476,4,"1000,1001,1002,1003",59000,200,True
repeat-copy,baseline_vs_combined,loss,none,54800,0.2453106198100533,0.22760286664194582,0.00039396001321136966,0.47323828206164764,4,"1000,1001,1002,1003",59000,200,True
repeat-copy,baseline_vs_combined,loss,none,55000,0.24205397625811204,0.2243977453021636,0.0013459638276619047,0.47689606622676367,4,"1000,1001,1002,1003",59000,200,True
repeat-copy,baseline_vs_combined,loss,none,55200,0.2440553939225521,0.22251361483671964,0.0005806181117738163,0.4756020610034466,4,"1000,1001,1002,1003",59000,200,True
repeat-copy,baseline_vs_combined,loss,none,55400,0.24095269463608882,0.22829745012422162,3.182299622324081e-06,0.4749865625961684,4,"1000,1001,1002,1003",59000,200,True
repeat-copy,baseline_vs_combined,loss,none,55600,0.23811812368019658,0.2183449854007024,0.0007047775126551059,0.46241561641683804,4,"1000,1001,1002,1003",59000,200,True
repeat-copy,baseline_vs_combined,loss,none,55800,0.2375723037431351,0.21790979817267,0.004515167371969398,0.4586771581158973,4,"1000,1001,1002,1003",59000,200,True
repeat-copy,baseline_vs_combined,loss,none,56000,0.23444802569696144,0.21862045586366405,0.007350717127175983,0.4538753277808428,4,"1000,1001,1002,1003",59000,200,True
repeat-copy,baseline_vs_combined,loss,none,56200,0.2425441026011685,0.2250587645962665,3.745683643323616e-06,0.47518411204218863,4,"1000,1001,1002,1003",59000,200,True
repeat-copy,baseline_vs_combined,loss,none,56400,0.23654741225337167,0.2228063847690637,1.6697080907945861e-06,0.4640125877968967,4,"1000,1001,1002,1003",59000,200,True
repeat-copy,baseline_vs_combined,loss,none,56600,0.24986566129097637,0.22431845821275645,0.015515248609299306,0.4760132109443657,4,"1000,1001,1002,1003",59000,200,True
repeat-copy,baseline_vs_combined,loss,none,56800,0.23743532358579886,0.22724659571292907,2.9685688434142322e-05,0.46539198046550156,4,"1000,1001,1002,1003",59000,200,True
repeat-copy,baseline_vs_combined,loss,none,57000,0.22965967797267398,0.22502270811471303,1.4623109263567358e-06,0.4590302088926546,4,"1000,1001,1002,1003",59000,200,True
repeat-copy,baseline_vs_combined,loss,none,57200,0.2445546230479208,0.23180366168187375,0.003937918018511404,0.4779118087212555,4,"1000,1001,1002,1003",59000,200,True
repeat-copy,baseline_vs_combined,loss,none,57400,0.23657150573782804,0.2280381582754396,0.0013941596056196914,0.47404601793386975,4,"1000,1001,1002,1003",59000,200,True
repeat-copy,baseline_vs_combined,loss,none,57600,0.24165192603164876,0.21303214869963416,0.0010682373030564208,0.47564750238670966,4,"1000,1001,1002,1003",59000,200,True
repeat-copy,baseline_vs_combined,loss,none,57800,0.23154633739324948,0.2216579785113435,0.003893797106657537,0.4590963012923021,4,"1000,1001,1002,1003",59000,200,True
repeat-copy,baseline_vs_combined,loss,none,58000,0.23672158013829614,0.22665145805790557,0.00132093164649568,0.47156304171308877,4,"1000,1001,1002,1003",59000,200,True
repeat-copy,baseline_vs_combined,loss,none,58200,0.23176405775408004,0.22417668463758073,0.00014329419049104785,0.4587911191955209,4,"1000,1001,1002,1003",59000,200,True
repeat-copy,baseline_vs_combined,loss,none,58400,0.2479034850147228,0.21508367044964163,2.7200352673517613e-06,0.4634784553432837,4,"1000,1001,1002,1003",59000,200,True
repeat-copy,baseline_vs_combined,loss,none,58600,0.23220781025302567,0.21882482800768432,6.990050488742127e-07,0.4522669492196292,4,"1000,1001,1002,1003",59000,200,True
repeat-copy,baseline_vs_combined,loss,none,58800,0.23006830169821862,0.22459007082673535,0.0007781947873744687,0.455436191521585,4,"1000,1001,1002,1003",59000,200,True
repeat-copy,baseline_vs_combined,loss,none,59000,0.23056067743615488,0.22004833857129158,1.9946816752369755e-06,0.4517681603267556,4,"1000,1001,1002,1003",59000,200,True
repeat-copy,baseline_vs_combined,loss,combined,200,0.6422173068672418,0.0016790343495067556,0.6395035701990127,0.6440006220340728,4,"1000,1001,1002,1003",59000,200,True
repeat-copy,baseline_vs_combined,loss,combined,400,0.6297424943745136,0.0012693256640293536,0.6280305075645447,0.6314333042502404,4,"1000,1001,1002,1003",59000,200,True
repeat-copy,baseline_vs_combined,loss,combined,600,0.6194322898238898,0.002866381089536225,0.6144814744591713,0.6213090658187866,4,"1000,1001,1002,1003",59000,200,True
repeat-copy,baseline_vs_combined,loss,combined,800,0.6105053560435771,0.001570876170982261,0.6089736613631248,0.6131358116865158,4,"1000,1001,1002,1003",59000,200,True
repeat-copy,baseline_vs_combined,loss,combined,1000,0.6049631749838591,0.003044792038587249,0.6007487142086029,0.6078980088233947,4,"1000,1001,1002,1003",59000,200,True
repeat-copy,baseline_vs_combined,loss,combined,1200,0.5989582929387689,0.001350800162579272,0.5970848250389099,0.600904007256031,4,"1000,1001,1002,1003",59000,200,True
repeat-copy,baseline_vs_combined,loss,combined,1400,0.5965914389491082,0.0014323493238015622,0.5944847010076046,0.598197388201952,4,"1000,1001,1002,1003",59000,200,True
repeat-copy,baseline_vs_combined,loss,combined,1600,0.5920515706017613,0.002411906102212549,0.5892376673221588,0.5954909528791904,4,"1000,1001,1002,1003",59000,200,True
repeat-copy,baseline_vs_combined,loss,combined,1800,0.5891534326970577,0.00358249011265056,0.5839689131081104,0.5930528941750527,4,"1000,1001,1002,1003",59000,200,True
repeat-copy,baseline_vs_combined,loss,combined,2000,0.5837873689085245,0.005009554908270005,0.5764229109883309,0.5898696786165237,4,"1000,1001,1002,1003",59000,200,True
repeat-copy,baseline_vs_combined,loss,combined,2200,0.5847616877779365,0.003823839454977069,0.5794605813920498,0.5892693662643432,4,"1000,1001,1002,1003",59000,200,True
repeat-copy,baseline_vs_combined,loss,combined,2400,0.5806558120995761,0.006179098113085395,0.571752255409956,0.58860940143466,4,"1000,1001,1002,1003",59000,200,True
repeat-copy,baseline_vs_combined,loss,combined,2600,0.574476029239595,0.0035133770450046574,0.5686649119853974,0.577769679427147,4,"1000,1001,1002,1003",59000,200,True
repeat-copy,baseline_vs_combined,loss,combined,2800,0.5754082296788693,0.006184114017013824,0.566895498484373,0.584262789785862,4,"1000,1001,1002,1003",59000,200,True
repeat-copy,baseline_vs_combined,loss,combined,3000,0.5702414755150675,0.0037816325290209955,0.5666465909779071,0.5765830889344216,4,"1000,1001,1002,1003",59000,200,True
repeat-copy,baseline_vs_combined,loss,combined,3200,0.5670118167996406,0.004817317113828841,0.560550730228424,0.5738300344347954,4,"1000,1001,1002,1003",59000,200,True
repeat-copy,baseline_vs_combined,loss,combined,3400,0.56557671058923,0.003423105261524248,0.5604147258400917,0.5696238401532173,4,"1000,1001,1002,1003",59000,200,True
repeat-copy,baseline_vs_combined,loss,combined,3600,0.5576117443852127,0.006581295966735498,0.5484111751616001,0.5659639215469361,4,"1000,1001,1002,1003",59000,200,True
repeat-copy,baseline_vs_combined,loss,combined,3800,0.5556513888761401,0.0040603179156103,0.5512565778195858,0.5612358497083187,4,"1000,1001,1002,1003",59000,200,True
repeat-copy,baseline_vs_combined,loss,combined,4000,0.5538132282346487,0.004374954574377071,0.5495528237521649,0.5610232236981392,4,"1000,1001,1002,1003",59000,200,True
repeat-copy,baseline_vs_combined,loss,combined,4200,0.5488715467229486,0.003583562324135391,0.543029114305973,0.5527804090082645,4,"1000,1001,1002,1003",59000,200,True
repeat-copy,baseline_vs_combined,loss,combined,4400,0.5457542307302357,0.003451449154377616,0.541398330181837,0.5510472501814365,4,"1000,1001,1002,1003",59000,200,True
repeat-copy,baseline_vs_combined,loss,combined,4600,0.5474903907999396,0.0053802163512196,0.5416660325229168,0.5562889340519905,4,"1000,1001,1002,1003",59000,200,True
repeat-copy,baseline_vs_combined,loss,combined,4800,0.5446116570942104,0.004005588490084338,0.5394591739773751,0.5496690686047078,4,"1000,1001,1002,1003",59000,200,True
repeat-copy,baseline_vs_combined,loss,combined,5000,0.5414826150611043,0.0042776047733211475,0.5362610484659672,0.5479611200094223,4,"1000,1001,1002,1003",59000,200,True
repeat-copy,baseline_vs_combined,loss,combined,5200,0.536209499258548,0.004496592557688329,0.5290151937305927,0.5410477195680141,4,"1000,1001,1002,1003",59000,200,True
repeat-copy,baseline_vs_combined,loss,combined,5400,0.5410838775336743,0.004580299403082172,0.5366575437039137,0.5478423592448235,4,"1000,1001,1002,1003",59000,200,True
repeat-copy,baseline_vs_combined,loss,combined,5600,0.5351955605298281,0.0058527847718935384,0.5281334695965052,0.5441651464998722,4,"1000,1001,1002,1003",59000,200,True
repeat-copy,baseline_vs_combined,loss,combined,5800,0.5320493756234645,0.004391435058240838,0.5258808624744415,0.5381846104562282,4,"1000,1001,1002,1003",59000,200,True
repeat-copy,baseline_vs_combined,loss,combined,6000,0.5327604918926954,0.0065944672756146116,0.5239926685392856,0.5407130558043718,4,"1000,1001,1002,1003",59000,200,True
repeat-copy,baseline_vs_combined,loss,combined,6200,0.537294249292463,0.006398449085159316,0.5286997500807047,0.5450095027685166,4,"1000,1001,1002,1003",59000,200,True
repeat-copy,baseline_vs_combined,loss,combined,6400,0.5260777290910482,0.012029365995671148,0.5059670685976744,0.5353743319958448,4,"1000,1001,1002,1003",59000,200,True
repeat-copy,baseline_vs_combined,loss,combined,6600,0.5055380716361105,0.05376468867716252,0.41268713869154455,0.5431453183293342,4,"1000,1001,1002,1003",59000,200,True
repeat-copy,baseline_vs_combined,loss,combined,6800,0.46349801909178495,0.11352007041871737,0.2668991181254387,0.5317818087339401,4,"1000,1001,1002,1003",59000,200,True
repeat-copy,baseline_vs_combined,loss,combined,7000,0.4483548162598163,0.1466347932994049,0.19442283269017935,0.5374863593280316,4,"1000,1001,1002,1003",59000,200,True
repeat-copy,baseline_vs_combined,loss,combined,7200,0.4331137420819141,0.1784554655809619,0.12403477647341787,0.5379670493304729,4,"1000,1001,1002,1003",59000,200,True
repeat-copy,baseline_vs_combined,loss,combined,7400,0.4202668130304664,0.19112560138562973,0.08933954570442439,0.5357161708921194,4,"1000,1001,1002,1003",59000,200,True
repeat-copy,baseline_vs_combined,loss,combined,7600,0.4118505720538087,0.19285556534302592,0.07813785110600292,0.5363535386323929,4,"1000,1001,1002,1003",59000,200,True
repeat-copy,baseline_vs_combined,loss,combined,7800,0.3969259267288726,0.20242398104080112,0.048969202334992586,0.537703790962696,4,"1000,1001,1002,1003",59000,200,True
repeat-copy,baseline_vs_combined,loss,combined,8000,0.3787325771804899,0.20330439649932644,0.034423027709126475,0.528705215677619,4,"1000,1001,1002,1003",59000,200,True
repeat-copy,baseline_vs_combined,loss,combined,8200,0.37238364841323346,0.20335995080292033,0.03202915986999869,0.5324089068174362,4,"1000,1001,1002,1003",59000,200,True
repeat-copy,baseline_vs_combined,loss,combined,8400,0.3717294647562085,0.20031853141195627,0.03933141798479482,0.5315228892862797,4,"1000,1001,1002,1003",59000,200,True
repeat-copy,baseline_vs_combined,loss,combined,8600,0.3384668451780454,0.20633005597125204,0.02179633917286992,0.5305255904048681,4,"1000,1001,1002,1003",59000,200,True
repeat-copy,baseline_vs_combined,loss,combined,8800,0.3125410606744117,0.22166209273114812,0.01587034701718949,0.5332624980062246,4,"1000,1001,1002,1003",59000,200,True
repeat-copy,baseline_vs_combined,loss,combined,9000,0.3104631477766088,0.21676942524557705,0.01591074186726473,0.5233768195286393,4,"1000,1001,1002,1003",59000,200,True
repeat-copy,baseline_vs_combined,loss,combined,9200,0.33527398212638215,0.20604671957702264,0.016055306617636232,0.5233877073973418,4,"1000,1001,1002,1003",59000,200,True
repeat-copy,baseline_vs_combined,loss,combined,9400,0.2950721543384134,0.22373376517078353,0.014430209830170498,0.5160777740925551,4,"1000,1001,1002,1003",59000,200,True
repeat-copy,baseline_vs_combined,loss,combined,9600,0.28680439406394725,0.23522778197488023,0.011776276970049366,0.5203725605458022,4,"1000,1001,1002,1003",59000,200,True
repeat-copy,baseline_vs_combined,loss,combined,9800,0.28458932541674586,0.22182730754013066,0.04286000706779305,0.509857469201088,4,"1000,1001,1002,1003",59000,200,True
repeat-copy,baseline_vs_combined,loss,combined,10000,0.27283470802751253,0.2405980643819223,0.011743158317985945,0.5167053064703941,4,"1000,1001,1002,1003",59000,200,True
repeat-copy,baseline_vs_combined,loss,combined,10200,0.26727692806583947,0.23673894779961674,0.010079284764942712,0.5220861767232418,4,"1000,1001,1002,1003",59000,200,True
repeat-copy,baseline_vs_combined,loss,combined,10400,0.22971520736624368,0.21653333399831898,0.009110215999535286,0.5149068950489163,4,"1000,1001,1002,1003",59000,200,True
repeat-copy,baseline_vs_combined,loss,combined,10600,0.19741778403302307,0.20226408932682158,0.008528392229345627,0.5151698974519968,4,"1000,1001,1002,1003",59000,200,True
repeat-copy,baseline_vs_combined,loss,combined,10800,0.18001688952193945,0.19222682767109237,0.009361350305262021,0.4965157077461481,4,"1000,1001,1002,1003",59000,200,True
repeat-copy,baseline_vs_combined,loss,combined,11000,0.19140594335563946,0.18601560454337854,0.029413366923108697,0.5036175546050071,4,"1000,1001,1002,1003",59000,200,True
repeat-copy,baseline_vs_combined,loss,combined,11200,0.15594131758247387,0.20315244260995002,0.00852432357321959,0.5062407274544239,4,"1000,1001,1002,1003",59000,200,True
repeat-copy,baseline_vs_combined,loss,combined,11400,0.1376915806486795,0.2112250960194113,0.003570770652149804,0.5033044831454754,4,"1000,1001,1002,1003",59000,200,True
repeat-copy,baseline_vs_combined,loss,combined,11600,0.14129072941155754,0.20257893793062134,0.006448371781152673,0.49146912299096585,4,"1000,1001,1002,1003",59000,200,True
repeat-copy,baseline_vs_combined,loss,combined,11800,0.1653746392625544,0.1870519176855501,0.0036536027367401404,0.4833371724188328,4,"1000,1001,1002,1003",59000,200,True
repeat-copy,baseline_vs_combined,loss,combined,12000,0.13282522316367248,0.2035568822868177,0.003267100402736105,0.4851371810212731,4,"1000,1001,1002,1003",59000,200,True
repeat-copy,baseline_vs_combined,loss,combined,12200,0.14357654247156462,0.19686769781315644,0.018172392124542965,0.4841523276269436,4,"1000,1001,1002,1003",59000,200,True
repeat-copy,baseline_vs_combined,loss,combined,12400,0.1437514175306569,0.19056625620190235,0.004307048230839427,0.46913363952189685,4,"1000,1001,1002,1003",59000,200,True
repeat-copy,baseline_vs_combined,loss,combined,12600,0.12535157366641214,0.19732133416152714,0.008460753347026184,0.46709895800799134,4,"1000,1001,1002,1003",59000,200,True
repeat-copy,baseline_vs_combined,loss,combined,12800,0.1295985799787377,0.2081399262573765,0.00557335090401466,0.4900642557814717,4,"1000,1001,1002,1003",59000,200,True
repeat-copy,baseline_vs_combined,loss,combined,13000,0.12631429311879402,0.1885875638296536,0.0013125941897305894,0.4516723889112473,4,"1000,1001,1002,1003",59000,200,True
repeat-copy,baseline_vs_combined,loss,combined,13200,0.12673929088172373,0.18786572255052025,0.005173617672917317,0.4510284661129117,4,"1000,1001,1002,1003",59000,200,True
repeat-copy,baseline_vs_combined,loss,combined,13400,0.12601116274441665,0.18518672322060095,0.004990290111163631,0.44566240375861527,4,"1000,1001,1002,1003",59000,200,True
repeat-copy,baseline_vs_combined,loss,combined,13600,0.10735769125793013,0.17370473922711968,0.004315579229441937,0.4082083659619093,4,"1000,1001,1002,1003",59000,200,True
repeat-copy,baseline_vs_combined,loss,combined,13800,0.10657447521112771,0.17504386672341685,0.0026324708708852997,0.4097356317937374,4,"1000,1001,1002,1003",59000,200,True
repeat-copy,baseline_vs_combined,loss,combined,14000,0.09986392225971939,0.14877633737953674,0.0033857070752128494,0.356653715968132,4,"1000,1001,1002,1003",59000,200,True
repeat-copy,baseline_vs_combined,loss,combined,14200,0.08080982375602616,0.12614460152112086,0.0010661997344868722,0.29894412610679866,4,"1000,1001,1002,1003",59000,200,True
repeat-copy,baseline_vs_combined,loss,combined,14400,0.05541852149130136,0.08569484710914488,0.0033732388155476656,0.2037554894387722,4,"1000,1001,1002,1003",59000,200,True
repeat-copy,baseline_vs_combined,loss,combined,14600,0.043006745828770364,0.06689066090860755,0.0023065377443708714,0.15881390664726497,4,"1000,1001,1002,1003",59000,200,True
repeat-copy,baseline_vs_combined,loss,combined,14800,0.05158193073051734,0.0545487348215668,0.009045267969486303,0.1446668716520071,4,"1000,1001,1002,1003",59000,200,True
repeat-copy,baseline_vs_combined,loss,combined,15000,0.03554164928691535,0.04902659969188934,0.002319122562548728,0.11977381745353341,4,"1000,1001,1002,1003",59000,200,True
repeat-copy,baseline_vs_combined,loss,combined,15200,0.019405223370790738,0.027144357748702323,0.0025959058172702497,0.06638284027576447,4,"1000,1001,1002,1003",59000,200,True
repeat-copy,baseline_vs_combined,loss,combined,15400,0.02008948754144512,0.018317466962760962,0.00445281325824908,0.04958270015195012,4,"1000,1001,1002,1003",59000,200,True
repeat-copy,baseline_vs_combined,loss,combined,15600,0.014061802901869667,0.014904053074551784,0.0009478061384288595,0.037274890174157915,4,"1000,1001,1002,1003",59000,200,True
repeat-copy,baseline_vs_combined,loss,combined,15800,0.008063399172110622,0.010427245615382887,0.00036131724693404976,0.026007978287525477,4,"1000,1001,1002,1003",59000,200,True
repeat-copy,baseline_vs_combined,loss,combined,16000,0.01064423117383285,0.009318868325073167,0.0017358375316325692,0.02583251242293045,4,"1000,1001,1002,1003",59000,200,True
repeat-copy,baseline_vs_combined,loss,combined,16200,0.009166557402841136,0.009698590801023674,0.0014970613258265075,0.025412073626648636,4,"1000,1001,1002,1003",59000,200,True
repeat-copy,baseline_vs_combined,loss,combined,16400,0.014877572759573921,0.011157201064134535,0.004253606210095313,0.032906173514638794,4,"1000,1001,1002,1003",59000,200,True
repeat-copy,baseline_vs_combined,loss,combined,16600,0.008884946460748324,0.012239209839230278,0.000790659137583134,0.030044775167480112,4,"1000,1001,1002,1003",59000,200,True
repeat-copy,baseline_vs_combined,loss,combined,16800,0.006865365535941237,0.004135614100979889,0.0006716283797686629,0.010714682182879187,4,"1000,1001,1002,1003",59000,200,True
repeat-copy,baseline_vs_combined,loss,combined,17000,0.006465714857927196,0.004456073466476715,0.0019784384145532384,0.01203232593019493,4,"1000,1001,1002,1003",59000,200,True
repeat-copy,baseline_vs_combined,loss,combined,17200,0.005113804178390638,0.002595612283788535,0.0026532284592667567,0.008767435140907765,4,"1000,1001,1002,1003",59000,200,True
repeat-copy,baseline_vs_combined,loss,combined,17400,0.005755421299168119,0.0019266531568501396,0.0031184686328833778,0.00812225311587099,4,"1000,1001,1002,1003",59000,200,True
repeat-copy,baseline_vs_combined,loss,combined,17600,0.008890640137399259,0.006424904037697857,0.0023583746523490844,0.016835014995158416,4,"1000,1001,1002,1003",59000,200,True
repeat-copy,baseline_vs_combined,loss,combined,17800,0.003382547322635219,0.003198302219239162,0.0012033075817635109,0.0088940956548322,4,"1000,1001,1002,1003",59000,200,True
repeat-copy,baseline_vs_combined,loss,combined,18000,0.00639986009864515,0.004992821496631723,0.0022982682196015956,0.014898277648317162,4,"1000,1001,1002,1003",59000,200,True
repeat-copy,baseline_vs_combined,loss,combined,18200,0.004197377076329758,0.003287878684193784,0.0016949251649748475,0.009812471417826601,4,"1000,1001,1002,1003",59000,200,True
repeat-copy,baseline_vs_combined,loss,combined,18400,0.010733862949253988,0.01111333775912323,0.002293637444486194,0.029520646252967707,4,"1000,1001,1002,1003",59000,200,True
repeat-copy,baseline_vs_combined,loss,combined,18600,0.006916801366717209,0.006534204795393342,0.00034689942066506773,0.017146043011380244,4,"1000,1001,1002,1003",59000,200,True
repeat-copy,baseline_vs_combined,loss,combined,18800,0.00423772329071312,0.0024865855457726054,0.00182760101866279,0.007863539608215432,4,"1000,1001,1002,1003",59000,200,True
repeat-copy,baseline_vs_combined,loss,combined,19000,0.0015415802044242356,0.00144497987466273,8.198099720630126e-05,0.0029963866394246,4,"1000,1001,1002,1003",59000,200,True
repeat-copy,baseline_vs_combined,loss,combined,19200,0.02979350655850112,0.04919442379816325,0.000417301155084715,0.11498982171319767,4,"1000,1001,1002,1003",59000,200,True
repeat-copy,baseline_vs_combined,loss,combined,19400,0.0033589633829083708,0.002106950989930196,1.0664693569424344e-05,0.005817048817680188,4,"1000,1001,1002,1003",59000,200,True
repeat-copy,baseline_vs_combined,loss,combined,19600,0.003152687887346417,0.00171628970235686,0.0012046980847480882,0.005786797219243454,4,"1000,1001,1002,1003",59000,200,True
repeat-copy,baseline_vs_combined,loss,combined,19800,0.001998258467068581,0.0001632168493530195,0.0018462708999140887,0.0022736501285544365,4,"1000,1001,1002,1003",59000,200,True
repeat-copy,baseline_vs_combined,loss,combined,20000,0.0038961586491106457,0.002168000636770003,0.0010348868550318002,0.007097292622391933,4,"1000,1001,1002,1003",59000,200,True
repeat-copy,baseline_vs_combined,loss,combined,20200,0.013188082822077831,0.017966360483039442,0.0013084544286175515,0.04424108468898339,4,"1000,1001,1002,1003",59000,200,True
repeat-copy,baseline_vs_combined,loss,combined,20400,0.00656239570964459,0.007006746043366156,0.00041518503713746215,0.018437599111857706,4,"1000,1001,1002,1003",59000,200,True
repeat-copy,baseline_vs_combined,loss,combined,20600,0.006170907223211088,0.006902538961999825,0.0003745341302237648,0.01748882996616885,4,"1000,1001,1002,1003",59000,200,True
repeat-copy,baseline_vs_combined,loss,combined,20800,0.0015714240048743024,0.0008664703761412703,0.000695965591305594,0.0029632347380538705,4,"1000,1001,1002,1003",59000,200,True
repeat-copy,baseline_vs_combined,loss,combined,21000,0.0017260384234464255,0.0016844279187564711,7.627752951520961e-05,0.004458627677740879,4,"1000,1001,1002,1003",59000,200,True
repeat-copy,baseline_vs_combined,loss,combined,21200,0.05498705734646066,0.09134664859961707,0.0012315355811733752,0.21319965405138647,4,"1000,1001,1002,1003",59000,200,True
repeat-copy,baseline_vs_combined,loss,combined,21400,0.008852780922571597,0.008652818834311453,2.684301584537252e-05,0.018322145848942456,4,"1000,1001,1002,1003",59000,200,True
repeat-copy,baseline_vs_combined,loss,combined,21600,0.0008640022670632064,0.0007633825993676801,1.284925723012975e-06,0.002095006279996596,4,"1000,1001,1002,1003",59000,200,True
repeat-copy,baseline_vs_combined,loss,combined,21800,0.0011676194256529282,0.0005883654158653282,0.00038959160003752656,0.0018874693149336962,4,"1000,1001,1002,1003",59000,200,True
repeat-copy,baseline_vs_combined,loss,combined,22000,0.002916577256062904,0.0017257088064230998,0.0009152291791087919,0.005676763468075236,4,"1000,1001,1002,1003",59000,200,True
repeat-copy,baseline_vs_combined,loss,combined,22200,0.00454198780225898,0.007278775270307281,8.388426166675345e-05,0.01714458288329027,4,"1000,1001,1002,1003",59000,200,True
repeat-copy,baseline_vs_combined,loss,combined,22400,0.017768117916612952,0.012514938455692693,0.002209949114496794,0.03309160302285363,4,"1000,1001,1002,1003",59000,200,True
repeat-copy,baseline_vs_combined,loss,combined,22600,0.016783009144683236,0.023757398549818166,0.0022613506738298384,0.05790054537053948,4,"1000,1001,1002,1003",59000,200,True
repeat-copy,baseline_vs_combined,loss,combined,22800,0.049880389213903586,0.08095080483902106,2.210032074145829e-06,0.1900215919310358,4,"1000,1001,1002,1003",59000,200,True
repeat-copy,baseline_vs_combined,loss,combined,23000,0.02174567531036217,0.036494813570454025,5.394023093963085e-07,0.08494138151596417,4,"1000,1001,1002,1003",59000,200,True
repeat-copy,baseline_vs_combined,loss,combined,23200,0.022639384487294426,0.016678434537081278,0.002735969646232661,0.0478082607131455,4,"1000,1001,1002,1003",59000,200,True
repeat-copy,baseline_vs_combined,loss,combined,23400,0.0034502772178328558,0.004147106479792347,5.249186891091995e-05,0.010285609030761407,4,"1000,1001,1002,1003",59000,200,True
repeat-copy,baseline_vs_combined,loss,combined,23600,0.022274542297831407,0.02788004272056476,1.0103503128888747e-06,0.06882196422216566,4,"1000,1001,1002,1003",59000,200,True
repeat-copy,baseline_vs_combined,loss,combined,23800,0.00315766431028194,0.0008416103344087003,0.0019356950616111134,0.004028166126018373,4,"1000,1001,1002,1003",59000,200,True
repeat-copy,baseline_vs_combined,loss,combined,24000,0.0016651932756358077,0.0011092690553279052,1.9264756772372494e-05,0.002931829465233022,4,"1000,1001,1002,1003",59000,200,True
repeat-copy,baseline_vs_combined,loss,combined,24200,0.00855900619355733,0.012739045733314013,7.581020579294773e-06,0.030580069480547537,4,"1000,1001,1002,1003",59000,200,True
repeat-copy,baseline_vs_combined,loss,combined,24400,0.038690311848894196,0.06518984108409712,1.553796486604142e-06,0.15159404950911268,4,"1000,1001,1002,1003",59000,200,True
repeat-copy,baseline_vs_combined,loss,combined,24600,0.002508299475665954,0.0017911110666887367,1.900780538278468e-05,0.004871526531715063,4,"1000,1001,1002,1003",59000,200,True
repeat-copy,baseline_vs_combined,loss,combined,24800,0.0006117559223771796,0.0004554295411616957,6.890299977513336e-07,0.0010624466486297023,4,"1000,1001,1002,1003",59000,200,True
repeat-copy,baseline_vs_combined,loss,combined,25000,0.0008355031934745493,0.0007442875774511117,4.715840065152577e-06,0.0018079811099596555,4,"1000,1001,1002,1003",59000,200,True
repeat-copy,baseline_vs_combined,loss,combined,25200,0.02887249699717241,0.04537964275001617,0.00011099458424141062,0.10739473893283048,4,"1000,1001,1002,1003",59000,200,True
repeat-copy,baseline_vs_combined,loss,combined,25400,0.004161210491989861,0.004213064741051364,4.099960667986125e-05,0.011169184287390745,4,"1000,1001,1002,1003",59000,200,True
repeat-copy,baseline_vs_combined,loss,combined,25600,0.0005047208781539947,0.0007436831884591772,6.316935585712002e-05,0.0017927384776908184,4,"1000,1001,1002,1003",59000,200,True
repeat-copy,baseline_vs_combined,loss,combined,25800,0.00440135548268505,0.006531545774381128,6.050651906157611e-06,0.015689164081659327,4,"1000,1001,1002,1003",59000,200,True
repeat-copy,baseline_vs_combined,loss,combined,26000,0.0003312166115532955,0.0002702788597667882,4.62017207301102e-07,0.0007451650252687614,4,"1000,1001,1002,1003",59000,200,True
repeat-copy,baseline_vs_combined,loss,combined,26200,0.010967026261720048,0.01582820505167208,0.00013682460909649307,0.038227669199563934,4,"1000,1001,1002,1003",59000,200,True
repeat-copy,baseline_vs_combined,loss,combined,26400,0.0014587604454972803,0.0015219107253392503,3.4373357029160443e-07,0.0036575258547509293,4,"1000,1001,1002,1003",59000,200,True
repeat-copy,baseline_vs_combined,loss,combined,26600,0.0018466539843219698,0.002265652869136319,9.027399089973188e-05,0.005740641417792176,4,"1000,1001,1002,1003",59000,200,True
repeat-copy,baseline_vs_combined,loss,combined,26800,0.001903844513705497,0.0023079235641581737,1.853888006515092e-05,0.00585288422663325,4,"1000,1001,1002,1003",59000,200,True
repeat-copy,baseline_vs_combined,loss,combined,27000,0.0010079506745849277,0.0014175148767412232,4.059789694466076e-07,0.0034471063291840664,4,"1000,1001,1002,1003",59000,200,True
repeat-copy,baseline_vs_combined,loss,combined,27200,9.295094606428356e-05,7.951023882809676e-05,8.811785985551879e-08,0.00020122335675750946,4,"1000,1001,1002,1003",59000,200,True
repeat-copy,baseline_vs_combined,loss,combined,27400,0.014259918062076632,0.024068175498394486,0.000130649540544141,0.05594618537689204,4,"1000,1001,1002,1003",59000,200,True
repeat-copy,baseline_vs_combined,loss,combined,27600,0.002798750086822321,0.0020988997955711363,6.702653483605658e-06,0.005162073769459994,4,"1000,1001,1002,1003",59000,200,True
repeat-copy,baseline_vs_combined,loss,combined,27800,0.028809923458607715,0.03129986898447855,1.687514893887965e-05,0.08141066566932295,4,"1000,1001,1002,1003",59000,200,True
repeat-copy,baseline_vs_combined,loss,combined,28000,0.015849877509209916,0.02741136140925992,1.4773031773707146e-06,0.06332773094543881,4,"1000,1001,1002,1003",59000,200,True
repeat-copy,baseline_vs_combined,loss,combined,28200,0.01558550001876588,0.020785181884448216,0.0017500405796022278,0.051469723678392254,4,"1000,1001,1002,1003",59000,200,True
repeat-copy,baseline_vs_combined,loss,combined,28400,0.006009343402920946,0.006521702857452541,0.0007434338767109239,0.017182405446019403,4,"1000,1001,1002,1003",59000,200,True
repeat-copy,baseline_vs_combined,loss,combined,28600,0.0004278406987724448,0.00042104289623931226,9.369115591750799e-07,0.0009277929251538808,4,"1000,1001,1002,1003",59000,200,True
repeat-copy,baseline_vs_combined,loss,combined,28800,0.0010725870588286857,0.0013383916434864052,1.2611463170220106e-07,0.003365369852392632,4,"1000,1001,1002,1003",59000,200,True
repeat-copy,baseline_vs_combined,loss,combined,29000,0.0001432444279036907,0.000137123172182377,4.6423980096932385e-06,0.0002998207716109391,4,"1000,1001,1002,1003",59000,200,True
repeat-copy,baseline_vs_combined,loss,combined,29200,0.01214331675294083,0.01816981519679405,2.376972851436676e-05,0.04340842971280806,4,"1000,1001,1002,1003",59000,200,True
repeat-copy,baseline_vs_combined,loss,combined,29400,0.008689730557229963,0.014758829120129798,1.9753041001706606e-05,0.03425138482344664,4,"1000,1001,1002,1003",59000,200,True
repeat-copy,baseline_vs_combined,loss,combined,29600,0.00038944411015098997,0.00039735196046920915,2.1521353424036605e-07,0.0010198769450516566,4,"1000,1001,1002,1003",59000,200,True
repeat-copy,baseline_vs_combined,loss,combined,29800,0.0015261243988600112,0.001503170794245869,2.301427039164139e-08,0.003853759252749853,4,"1000,1001,1002,1003",59000,200,True
repeat-copy,baseline_vs_combined,loss,combined,30000,0.004013400098900336,0.006921884640472107,1.2196977460521286e-08,0.016002435516770105,4,"1000,1001,1002,1003",59000,200,True
repeat-copy,baseline_vs_combined,loss,combined,30200,0.004916971002640815,0.0046838241198154254,3.492626123730025e-09,0.011762088127115931,4,"1000,1001,1002,1003",59000,200,True
repeat-copy,baseline_vs_combined,loss,combined,30400,0.002695544330181113,0.0032467194043775544,2.4434575568443862e-09,0.008218358137655172,4,"1000,1001,1002,1003",59000,200,True
repeat-copy,baseline_vs_combined,loss,combined,30600,0.001928915242556165,0.0014942014187045668,1.5322400187881003e-09,0.004170658639934572,4,"1000,1001,1002,1003",59000,200,True
repeat-copy,baseline_vs_combined,loss,combined,30800,0.0006389756502620816,0.0006395661262573895,1.5927724305794811e-09,0.0014680118960700385,4,"1000,1001,1002,1003",59000,200,True
repeat-copy,baseline_vs_combined,loss,combined,31000,0.0011036587194761657,0.001367200391344612,1.0530582442158653e-09,0.0034290320811408035,4,"1000,1001,1002,1003",59000,200,True
repeat-copy,baseline_vs_combined,loss,combined,31200,0.009767729292897029,0.012219769667729164,1.8987006907087573e-09,0.03056605299490741,4,"1000,1001,1002,1003",59000,200,True
repeat-copy,baseline_vs_combined,loss,combined,31400,1.4046802708928304e-05,9.597119353241203e-06,1.9096005811174153e-09,2.305167127929053e-05,4,"1000,1001,1002,1003",59000,200,True
repeat-copy,baseline_vs_combined,loss,combined,31600,0.0020014999371544403,0.0026273771791472398,4.167662292573482e-06,0.006414867473611431,4,"1000,1001,1002,1003",59000,200,True
repeat-copy,baseline_vs_combined,loss,combined,31800,0.0006248678352573634,0.001070808324874242,6.20349620119448e-08,0.0024795224705507126,4,"1000,1001,1002,1003",59000,200,True
repeat-copy,baseline_vs_combined,loss,combined,32000,0.0045266728246356296,0.00761608404166497,4.53109980017366e-07,0.017715273933407615,4,"1000,1001,1002,1003",59000,200,True
repeat-copy,baseline_vs_combined,loss,combined,32200,0.000728008816391267,0.001236184625542038,3.75241080922864e-06,0.0028690456452994794,4,"1000,1001,1002,1003",59000,200,True
repeat-copy,baseline_vs_combined,loss,combined,32400,0.0006922431861368342,0.0003869630877563767,0.00028649262263037657,0.0013058733839855564,4,"1000,1001,1002,1003",59000,200,True
repeat-copy,baseline_vs_combined,loss,combined,32600,0.08479451609093025,0.1462309558732063,2.6083710077673405e-08,0.3380727649081451,4,"1000,1001,1002,1003",59000,200,True
repeat-copy,baseline_vs_combined,loss,combined,32800,0.17192258486245032,0.2977366003410004,8.546788565141905e-09,0.6876175018103732,4,"1000,1001,1002,1003",59000,200,True
repeat-copy,baseline_vs_combined,loss,combined,33000,0.012652235375184624,0.016722341045729745,9.764150418959616e-05,0.041354529650302535,4,"1000,1001,1002,1003",59000,200,True
repeat-copy,baseline_vs_combined,loss,combined,33200,0.014043587027662672,0.023254713091994988,0.0002386891510069944,0.05431991898197566,4,"1000,1001,1002,1003",59000,200,True
repeat-copy,baseline_vs_combined,loss,combined,33400,0.002105668596862287,0.0020864463123975723,5.711054933897231e-05,0.005368816961258247,4,"1000,1001,1002,1003",59000,200,True
repeat-copy,baseline_vs_combined,loss,combined,33600,0.0036995852026962097,0.004986706400862391,0.00021963504372365605,0.0122959247277727,4,"1000,1001,1002,1003",59000,200,True
repeat-copy,baseline_vs_combined,loss,combined,33800,0.0007022558558030345,0.0008461146244611042,1.008276991207424e-05,0.0020833241540747726,4,"1000,1001,1002,1003",59000,200,True
repeat-copy,baseline_vs_combined,loss,combined,34000,0.0016924160034341405,0.0025011106574165587,6.040377369664895e-07,0.005989796170233035,4,"1000,1001,1002,1003",59000,200,True
repeat-copy,baseline_vs_combined,loss,combined,34200,0.0001683097726365024,0.00021199762876862368,1.2253699392639205e-06,0.0005210651461994509,4,"1000,1001,1002,1003",59000,200,True
repeat-copy,baseline_vs_combined,loss,combined,34400,0.0039442950212691796,0.004684909935541908,1.2054233186802321e-05,0.011585912590126472,4,"1000,1001,1002,1003",59000,200,True
repeat-copy,baseline_vs_combined,loss,combined,34600,0.0014924293058488824,0.0023160485073109986,5.639219750470659e-06,0.005490772703255686,4,"1000,1001,1002,1003",59000,200,True
repeat-copy,baseline_vs_combined,loss,combined,34800,0.00685071680946012,0.011427096774860878,9.597871949562632e-07,0.026641184942768206,4,"1000,1001,1002,1003",59000,200,True
repeat-copy,baseline_vs_combined,loss,combined,35000,0.00010022028542726547,0.00010659682898847936,1.5675746997123597e-07,0.00026150259598793467,4,"1000,1001,1002,1003",59000,200,True
repeat-copy,baseline_vs_combined,loss,combined,35200,0.0039423800292077565,0.00432825545176775,3.80907336045011e-08,0.01109804086026351,4,"1000,1001,1002,1003",59000,200,True
repeat-copy,baseline_vs_combined,loss,combined,35400,0.000679114088471359,0.0011387446927901685,1.590708749917985e-06,0.0026513552456393086,4,"1000,1001,1002,1003",59000,200,True
repeat-copy,baseline_vs_combined,loss,combined,35600,0.002990113090165095,0.004059546343781411,3.119300467595565e-06,0.00986500696899732,4,"1000,1001,1002,1003",59000,200,True
repeat-copy,baseline_vs_combined,loss,combined,35800,0.011032665879813967,0.017289028569263662,8.984030009762112e-08,0.040892897057946555,4,"1000,1001,1002,1003",59000,200,True
repeat-copy,baseline_vs_combined,loss,combined,36000,0.012606672123366663,0.021167614310440612,1.2620393658180352e-08,0.04926093150874337,4,"1000,1001,1002,1003",59000,200,True
repeat-copy,baseline_vs_combined,loss,combined,36200,2.680970734628288e-06,3.321591115749674e-06,3.912684703490099e-09,8.298799680304113e-06,4,"1000,1001,1002,1003",59000,200,True
repeat-copy,baseline_vs_combined,loss,combined,36400,0.0012035583737218974,0.001171213125180739,2.2811309262696365e-09,0.0027321700582530715,4,"1000,1001,1002,1003",59000,200,True
repeat-copy,baseline_vs_combined,loss,combined,36600,0.0002915358805713149,0.00031480312930859405,1.4688462208686803e-09,0.000765546248672706,4,"1000,1001,1002,1003",59000,200,True
repeat-copy,baseline_vs_combined,loss,combined,36800,0.0016152878585486315,0.0010546564998868977,3.1017490949949434e-05,0.002879475003612839,4,"1000,1001,1002,1003",59000,200,True
repeat-copy,baseline_vs_combined,loss,combined,37000,0.01924414919180881,0.03256924657004645,8.485193222824706e-06,0.07565386708412532,4,"1000,1001,1002,1003",59000,200,True
repeat-copy,baseline_vs_combined,loss,combined,37200,0.0003147076853049452,0.0005053514656628321,1.0222495723244407e-08,0.0011889443135703458,4,"1000,1001,1002,1003",59000,200,True
repeat-copy,baseline_vs_combined,loss,combined,37400,0.00033469621025138357,0.00027918183585317523,1.1523038210767278e-08,0.0007312355503068346,4,"1000,1001,1002,1003",59000,200,True
repeat-copy,baseline_vs_combined,loss,combined,37600,0.0014619876655354955,0.0018993766877464942,1.7866940804633913e-09,0.004639026692940433,4,"1000,1001,1002,1003",59000,200,True
repeat-copy,baseline_vs_combined,loss,combined,37800,0.02185529725013297,0.034812699779067965,1.2113399018923165e-09,0.08203506388871958,4,"1000,1001,1002,1003",59000,200,True
repeat-copy,baseline_vs_combined,loss,combined,38000,0.002287032044170927,0.003700492092032028,8.038944905326001e-10,0.00868897676455262,4,"1000,1001,1002,1003",59000,200,True
repeat-copy,baseline_vs_combined,loss,combined,38200,8.71067713351981e-06,9.514493499908657e-06,8.259753277086585e-10,2.4151967007810526e-05,4,"1000,1001,1002,1003",59000,200,True
repeat-copy,baseline_vs_combined,loss,combined,38400,0.06878671608346976,0.11887717828434768,1.0502634597946147e-09,0.27468778415768835,4,"1000,1001,1002,1003",59000,200,True
repeat-copy,baseline_vs_combined,loss,combined,38600,0.008267925056784621,0.009544969396601499,6.336694382234886e-10,0.024353047131090905,4,"1000,1001,1002,1003",59000,200,True
repeat-copy,baseline_vs_combined,loss,combined,38800,0.0006202628665909163,0.0009487124906117093,6.286276086134302e-10,0.0022559241377495456,4,"1000,1001,1002,1003",59000,200,True
repeat-copy,baseline_vs_combined,loss,combined,39000,3.052515706657468e-05,4.430060661402843e-05,6.913138964276602e-10,0.00010699043587244716,4,"1000,1001,1002,1003",59000,200,True
repeat-copy,baseline_vs_combined,loss,combined,39200,0.00021220084812370943,0.00036327710001719235,4.6478012638226374e-10,0.0008414044569752832,4,"1000,1001,1002,1003",59000,200,True
repeat-copy,baseline_vs_combined,loss,combined,39400,0.0007630235277505187,0.0008667466350709338,5.338003085018049e-10,0.002203826423848447,4,"1000,1001,1002,1003",59000,200,True
repeat-copy,baseline_vs_combined,loss,combined,39600,0.0009241619229675277,0.0006127700666861612,2.890361360842475e-10,0.0016813458953114236,4,"1000,1001,1002,1003",59000,200,True
repeat-copy,baseline_vs_combined,loss,combined,39800,0.00020408157830896872,0.0003442924180028463,4.638501976354098e-10,0.0008003321969324872,4,"1000,1001,1002,1003",59000,200,True
repeat-copy,baseline_vs_combined,loss,combined,40000,0.01770638429445934,0.026915663885585143,5.09928381872346e-10,0.06408617301292117,4,"1000,1001,1002,1003",59000,200,True
repeat-copy,baseline_vs_combined,loss,combined,40200,0.0005344262118015332,0.0007960043054281906,3.052640722492339e-10,0.0019093325600232447,4,"1000,1001,1002,1003",59000,200,True
repeat-copy,baseline_vs_combined,loss,combined,40400,0.0002043010583211575,0.0003519942282685967,5.227940238919718e-10,0.0008139718388190076,4,"1000,1001,1002,1003",59000,200,True
repeat-copy,baseline_vs_combined,loss,combined,40600,0.0012401706033011066,0.0008169994089721336,4.356240725696819e-09,0.002147900659150448,4,"1000,1001,1002,1003",59000,200,True
repeat-copy,baseline_vs_combined,loss,combined,40800,0.014345994108769565,0.024031623009916035,3.7326632050849185e-06,0.05595798113711095,4,"1000,1001,1002,1003",59000,200,True
repeat-copy,baseline_vs_combined,loss,combined,41000,0.00230074781177705,0.0028993969538629667,4.298995966434127e-09,0.00711705592981076,4,"1000,1001,1002,1003",59000,200,True
repeat-copy,baseline_vs_combined,loss,combined,41200,0.002763629624715402,0.004497115164980919,3.9671721459300095e-09,0.010550749277611383,4,"1000,1001,1002,1003",59000,200,True
repeat-copy,baseline_vs_combined,loss,combined,41400,0.0001575794901548395,0.00027146632766934884,6.950744227754436e-10,0.0006277720424611033,4,"1000,1001,1002,1003",59000,200,True
repeat-copy,baseline_vs_combined,loss,combined,41600,0.00019177616530453764,0.000327913412352261,6.190115782456207e-10,0.0007597188555626211,4,"1000,1001,1002,1003",59000,200,True
repeat-copy,baseline_vs_combined,loss,combined,41800,0.014901534248903217,0.02565004030503031,3.0083525920376886e-10,0.05932828298856764,4,"1000,1001,1002,1003",59000,200,True
repeat-copy,baseline_vs_combined,loss,combined,42000,0.011750897460443648,0.019383335424756745,4.4193054937746724e-10,0.045304664710937886,4,"1000,1001,1002,1003",59000,200,True
repeat-copy,baseline_vs_combined,loss,combined,42200,0.019963376630211797,0.020965730061923232,2.764078769687539e-10,0.04929344027893329,4,"1000,1001,1002,1003",59000,200,True
repeat-copy,baseline_vs_combined,loss,combined,42400,3.0236019653228453e-06,2.4174524645538715e-06,2.860951694820535e-10,6.659827179866795e-06,4,"1000,1001,1002,1003",59000,200,True
repeat-copy,baseline_vs_combined,loss,combined,42600,0.00235331045985701,0.0015142175229217244,4.586711106584207e-10,0.004220554308475428,4,"1000,1001,1002,1003",59000,200,True
repeat-copy,baseline_vs_combined,loss,combined,42800,0.0003016962129944884,0.00047069086880258663,2.769540816397777e-07,0.0011148812778209204,4,"1000,1001,1002,1003",59000,200,True
repeat-copy,baseline_vs_combined,loss,combined,43000,0.04749789321071463,0.07912857067492733,5.466358494814472e-05,0.18450204218400498,4,"1000,1001,1002,1003",59000,200,True
repeat-copy,baseline_vs_combined,loss,combined,43200,0.0010057536304816813,0.0017398286196422784,3.4893635841217604e-08,0.004019224650609487,4,"1000,1001,1002,1003",59000,200,True
repeat-copy,baseline_vs_combined,loss,combined,43400,0.0008841439772683556,0.0014323430113011178,1.7073697473500223e-08,0.0033639484810298547,4,"1000,1001,1002,1003",59000,200,True
repeat-copy,baseline_vs_combined,loss,combined,43600,0.00027779142081241513,0.0002855027705126495,1.101479950261705e-09,0.000717088176030245,4,"1000,1001,1002,1003",59000,200,True
repeat-copy,baseline_vs_combined,loss,combined,43800,7.0753975541655e-05,0.0001194426445231292,7.509927600884286e-10,0.00027762477635889126,4,"1000,1001,1002,1003",59000,200,True
repeat-copy,baseline_vs_combined,loss,combined,44000,0.00014206556058460367,0.00024486367748168566,4.571486981932299e-10,0.000566181179579317,4,"1000,1001,1002,1003",59000,200,True
repeat-copy,baseline_vs_combined,loss,combined,44200,0.020779542889388214,0.03572824174176296,2.845780848470536e-10,0.08266183406531936,4,"1000,1001,1002,1003",59000,200,True
repeat-copy,baseline_vs_combined,loss,combined,44400,0.0002641402339267444,0.00042358113517273734,3.48820560730316e-10,0.0009966018239106766,4,"1000,1001,1002,1003",59000,200,True
repeat-copy,baseline_vs_combined,loss,combined,44600,0.0021683991227970144,0.0025069476916197825,3.8218647563544037e-10,0.0061299152409767,4,"1000,1001,1002,1003",59000,200,True
repeat-copy,baseline_vs_combined,loss,combined,44800,0.0006663563982965876,0.0006717425967030781,3.1155042750502514e-10,0.0014533341036703008,4,"1000,1001,1002,1003",59000,200,True
repeat-copy,baseline_vs_combined,loss,combined,45000,0.0003059515108425814,0.0004431992249475837,1.929749557719185e-10,0.0010712180705313879,4,"1000,1001,1002,1003",59000,200,True
repeat-copy,baseline_vs_combined,loss,combined,45200,0.0067181252782459525,0.009546108610150079,2.6964635031767605e-10,0.023201439350030384,4,"1000,1001,1002,1003",59000,200,True
repeat-copy,baseline_vs_combined,loss,combined,45400,0.0004643284522533146,0.0007641983266214317,4.683978974053815e-06,0.0017874993261904138,4,"1000,1001,1002,1003",59000,200,True
repeat-copy,baseline_vs_combined,loss,combined,45600,0.006490846089598557,0.011091204775333928,2.259714028589599e-06,0.025700824069710783,4,"1000,1001,1002,1003",59000,200,True
repeat-copy,baseline_vs_combined,loss,combined,45800,0.00020774168726131462,0.0003583324854403124,2.662990192324466e-08,0.0008283908954116192,4,"1000,1001,1002,1003",59000,200,True
repeat-copy,baseline_vs_combined,loss,combined,46000,0.000527885299615078,0.0009103851782662723,8.586857134923465e-09,0.002104714994785448,4,"1000,1001,1002,1003",59000,200,True
repeat-copy,baseline_vs_combined,loss,combined,46200,0.029847815948696187,0.05145538311821536,6.950855482770052e-10,0.1189706819101119,4,"1000,1001,1002,1003",59000,200,True
repeat-copy,baseline_vs_combined,loss,combined,46400,0.0003989679707788918,0.0004722908409639054,6.315397581800608e-10,0.0011650803653454034,4,"1000,1001,1002,1003",59000,200,True
repeat-copy,baseline_vs_combined,loss,combined,46600,0.0005222903586244346,0.000865463372931398,3.5241150576567364e-10,0.0020205583542513583,4,"1000,1001,1002,1003",59000,200,True
repeat-copy,baseline_vs_combined,loss,combined,46800,0.0004603098478000278,0.0007943899492904138,2.4890366192827434e-10,0.0018362317196553902,4,"1000,1001,1002,1003",59000,200,True
repeat-copy,baseline_vs_combined,loss,combined,47000,0.00022718088672204098,0.00039170807934478644,2.0682043425958307e-10,0.0009056382269591357,4,"1000,1001,1002,1003",59000,200,True
repeat-copy,baseline_vs_combined,loss,combined,47200,1.0930257067965015e-06,9.010247879963353e-07,2.2076039005516912e-10,2.155930539256001e-06,4,"1000,1001,1002,1003",59000,200,True
repeat-copy,baseline_vs_combined,loss,combined,47400,0.0014008304374603397,0.0008685721830793744,1.7269409432313885e-10,0.002382901451978192,4,"1000,1001,1002,1003",59000,200,True
repeat-copy,baseline_vs_combined,loss,combined,47600,0.00039158478685834806,0.0006737814153382149,1.652235071675223e-10,0.0015586050206555413,4,"1000,1001,1002,1003",59000,200,True
repeat-copy,baseline_vs_combined,loss,combined,47800,1.06370665605089e-06,7.318829568383732e-07,5.396904166274363e-10,2.0676375828809766e-06,4,"1000,1001,1002,1003",59000,200,True
repeat-copy,baseline_vs_combined,loss,combined,48000,0.001286014207942384,0.0017683147481645602,1.624000538344092e-10,0.004288531709372672,4,"1000,1001,1002,1003",59000,200,True
repeat-copy,baseline_vs_combined,loss,combined,48200,0.00035606263291682906,0.0006034077831727643,1.5382201270976865e-10,0.0014010739824643892,4,"1000,1001,1002,1003",59000,200,True
repeat-copy,baseline_vs_combined,loss,combined,48400,0.00890924119408138,0.01458815147585712,1.8408153110334447e-10,0.03415963143389466,4,"1000,1001,1002,1003",59000,200,True
repeat-copy,baseline_vs_combined,loss,combined,48600,0.0006927750204697477,0.0007264874204506647,1.0762457395337849e-10,0.0018541091234251994,4,"1000,1001,1002,1003",59000,200,True
repeat-copy,baseline_vs_combined,loss,combined,48800,0.0015723846577238916,0.002722324145179399,1.3229865019909887e-10,0.006287588336577867,4,"1000,1001,1002,1003",59000,200,True
repeat-copy,baseline_vs_combined,loss,combined,49000,2.818476693494531e-06,4.635243322988433e-06,1.0876530067544487e-10,1.0845440390110372e-05,4,"1000,1001,1002,1003",59000,200,True
repeat-copy,baseline_vs_combined,loss,combined,49200,0.001209340819124502,0.0007769817857579992,1.0987810042037416e-10,0.0021243301655863613,4,"1000,1001,1002,1003",59000,200,True
repeat-copy,baseline_vs_combined,loss,combined,49400,4.134277836911844e-07,2.6238325870436085e-07,8.536301663577758e-11,7.144055536123517e-07,4,"1000,1001,1002,1003",59000,200,True
repeat-copy,baseline_vs_combined,loss,combined,49600,0.005670088455354933,0.006634696054143739,2.5471727084437797e-10,0.01621293368805512,4,"1000,1001,1002,1003",59000,200,True
repeat-copy,baseline_vs_combined,loss,combined,49800,0.0006356788450116107,0.0006407332506654714,9.657921986455654e-11,0.0013887111065501712,4,"1000,1001,1002,1003",59000,200,True
repeat-copy,baseline_vs_combined,loss,combined,50000,0.0327655622551083,0.05120829770737714,1.4646624390971323e-10,0.12118562722119279,4,"1000,1001,1002,1003",59000,200,True
repeat-copy,baseline_vs_combined,loss,combined,50200,0.0006997956506443222,0.0008581914720195377,7.416700825973315e-11,0.0021625389802267005,4,"1000,1001,1002,1003",59000,200,True
repeat-copy,baseline_vs_combined,loss,combined,50400,0.0015831198909112346,0.0015140988164515248,1.429780146079522e-10,0.003404001751537624,4,"1000,1001,1002,1003",59000,200,True
repeat-copy,baseline_vs_combined,loss,combined,50600,0.01753560156482863,0.030371290484585194,8.43439510313064e-11,0.07014021976950545,4,"1000,1001,1002,1003",59000,200,True
repeat-copy,baseline_vs_combined,loss,combined,50800,0.018292234045336232,0.03126302944216799,1.6726809745669716e-10,0.07243895314372367,4,"1000,1001,1002,1003",59000,200,True
repeat-copy,baseline_vs_combined,loss,combined,51000,0.0008522577068844737,0.0009241985423450706,1.0203925419460108e-10,0.002320140485340403,4,"1000,1001,1002,1003",59000,200,True
repeat-copy,baseline_vs_combined,loss,combined,51200,0.0005179303698902579,0.0005264567594850523,1.5612493717547665e-10,0.001169659357765198,4,"1000,1001,1002,1003",59000,200,True
repeat-copy,baseline_vs_combined,loss,combined,51400,0.0040946324271858995,0.007034859761635357,8.039066702689862e-11,0.016279171705633425,4,"1000,1001,1002,1003",59000,200,True
repeat-copy,baseline_vs_combined,loss,combined,51600,6.459885932948885e-05,0.00010599645566092439,1.3988441250169585e-10,0.0002480557117320159,4,"1000,1001,1002,1003",59000,200,True
repeat-copy,baseline_vs_combined,loss,combined,51800,0.004870163535403195,0.008029492871269563,8.8327594805317e-11,0.018775257668433163,4,"1000,1001,1002,1003",59000,200,True
repeat-copy,baseline_vs_combined,loss,combined,52000,8.100664817476351e-06,1.275075486394278e-05,8.803681542015467e-11,3.0160209674434667e-05,4,"1000,1001,1002,1003",59000,200,True
repeat-copy,baseline_vs_combined,loss,combined,52200,1.3021225783179679e-06,1.4479408343047955e-06,8.920069439382131e-11,3.7404188210676815e-06,4,"1000,1001,1002,1003",59000,200,True
repeat-copy,baseline_vs_combined,loss,combined,52400,0.0012585387936956168,0.001369994500532532,6.88438228147771e-11,0.0032828440197570983,4,"1000,1001,1002,1003",59000,200,True
repeat-copy,baseline_vs_combined,loss,combined,52600,0.0001378491754096656,0.0002318447459899276,1.067451997806149e-10,0.0005393270516436211,4,"1000,1001,1002,1003",59000,200,True
repeat-copy,baseline_vs_combined,loss,combined,52800,0.0024744703366259683,0.0035183767827132472,9.887037440495238e-11,0.008486206638346358,4,"1000,1001,1002,1003",59000,200,True
repeat-copy,baseline_vs_combined,loss,combined,53000,0.0004211866166375059,0.0004644601285902066,7.182719686821965e-11,0.001121788956066787,4,"1000,1001,1002,1003",59000,200,True
repeat-copy,baseline_vs_combined,loss,combined,53200,0.0009304425299777653,0.0009191270931127744,1.072276316902484e-10,0.0024132528955030795,4,"1000,1001,1002,1003",59000,200,True
repeat-copy,baseline_vs_combined,loss,combined,53400,0.00010931529764982832,0.0001865227233201768,1.0215381357329447e-10,0.00043237729359980827,4,"1000,1001,1002,1003",59000,200,True
repeat-copy,baseline_vs_combined,loss,combined,53600,3.6243212747843564e-07,4.6306565355355343e-07,8.009095906825244e-11,1.1576759881348763e-06,4,"1000,1001,1002,1003",59000,200,True
repeat-copy,baseline_vs_combined,loss,combined,53800,4.035882119868216e-07,4.284735272522896e-07,7.259555315718667e-11,1.1113751969954455e-06,4,"1000,1001,1002,1003",59000,200,True
repeat-copy,baseline_vs_combined,loss,combined,54000,0.020543496161326013,0.034575461421288665,1.0271182921978844e-10,0.08041798444918434,4,"1000,1001,1002,1003",59000,200,True
repeat-copy,baseline_vs_combined,loss,combined,54200,8.123697183624452e-06,5.14315076167489e-06,6.545449622846062e-11,1.4177678861458375e-05,4,"1000,1001,1002,1003",59000,200,True
repeat-copy,baseline_vs_combined,loss,combined,54400,0.0002273177268495533,0.00039307775393646326,8.700309889306431e-11,0.0009081481918153905,4,"1000,1001,1002,1003",59000,200,True
repeat-copy,baseline_vs_combined,loss,combined,54600,0.0005263414285414065,0.0008309601977743217,7.970307872463139e-11,0.001962060653915314,4,"1000,1001,1002,1003",59000,200,True
repeat-copy,baseline_vs_combined,loss,combined,54800,1.3602067147818308e-05,2.1943712167308727e-05,5.558526516022746e-11,5.155758506396602e-05,4,"1000,1001,1002,1003",59000,200,True
repeat-copy,baseline_vs_combined,loss,combined,55000,0.0001703023964294263,0.00022793919554811424,6.20992568272586e-11,0.0005552910404520617,4,"1000,1001,1002,1003",59000,200,True
repeat-copy,baseline_vs_combined,loss,combined,55200,0.0004589003334665911,0.0007942350920953148,7.352000027326631e-11,0.001834555812477694,4,"1000,1001,1002,1003",59000,200,True
repeat-copy,baseline_vs_combined,loss,combined,55400,0.00011906222717466664,0.00020596997106485845,6.925845375937295e-11,0.0004758126261073303,4,"1000,1001,1002,1003",59000,200,True
repeat-copy,baseline_vs_combined,loss,combined,55600,0.0006964873833682729,0.0012062865880796774,5.932390375706746e-11,0.0027858370413599144,4,"1000,1001,1002,1003",59000,200,True
repeat-copy,baseline_vs_combined,loss,combined,55800,0.005566951609111418,0.009640515026614206,4.876438823488843e-11,0.02226481336252136,4,"1000,1001,1002,1003",59000,200,True
repeat-copy,baseline_vs_combined,loss,combined,56000,0.0018131948262221805,0.003060618269056263,6.901926773487075e-11,0.00711345840346757,4,"1000,1001,1002,1003",59000,200,True
repeat-copy,baseline_vs_combined,loss,combined,56200,0.0018417456430116813,0.002356769403466406,5.936368371590832e-11,0.005763528759001875,4,"1000,1001,1002,1003",59000,200,True
repeat-copy,baseline_vs_combined,loss,combined,56400,0.027402225324363337,0.046786735916829796,5.583088321845474e-11,0.10843498580645276,4,"1000,1001,1002,1003",59000,200,True
repeat-copy,baseline_vs_combined,loss,combined,56600,0.003822228630214108,0.004362807699296246,4.349668804803919e-08,0.010629973966282522,4,"1000,1001,1002,1003",59000,200,True
repeat-copy,baseline_vs_combined,loss,combined,56800,6.531127746342948e-07,8.17298048006448e-07,6.347173403683202e-09,2.055359297492565e-06,4,"1000,1001,1002,1003",59000,200,True
repeat-copy,baseline_vs_combined,loss,combined,57000,0.012206616786967453,0.016577891586891547,4.512555327705614e-09,0.04027674330182536,4,"1000,1001,1002,1003",59000,200,True
repeat-copy,baseline_vs_combined,loss,combined,57200,0.0013847872584811275,0.0023958588025753762,9.943447930749889e-10,0.005534535840533677,4,"1000,1001,1002,1003",59000,200,True
repeat-copy,baseline_vs_combined,loss,combined,57400,0.0011571819819841133,0.0013482675218195528,2.404220227980938e-10,0.0032929316015373367,4,"1000,1001,1002,1003",59000,200,True
repeat-copy,baseline_vs_combined,loss,combined,57600,5.600257392006083e-05,9.312783200468018e-05,1.725626607687776e-10,0.00021725023467137562,4,"1000,1001,1002,1003",59000,200,True
repeat-copy,baseline_vs_combined,loss,combined,57800,0.0006955847410637288,0.0012045494759446893,1.24299156323629e-10,0.0027819256284612503,4,"1000,1001,1002,1003",59000,200,True
repeat-copy,baseline_vs_combined,loss,combined,58000,0.001070747697261353,0.001766589133851701,1.6047465954812865e-10,0.004128624164412773,4,"1000,1001,1002,1003",59000,200,True
repeat-copy,baseline_vs_combined,loss,combined,58200,0.010465523251125571,0.007461202935362761,9.70141907888529e-11,0.018410993940084105,4,"1000,1001,1002,1003",59000,200,True
repeat-copy,baseline_vs_combined,loss,combined,58400,0.0014507176614315053,0.0024860838596470355,2.537353991163577e-10,0.005756634788899229,4,"1000,1001,1002,1003",59000,200,True
repeat-copy,baseline_vs_combined,loss,combined,58600,0.0008103389783985012,0.0010089885479880247,1.0115289266572277e-10,0.0024709324792295496,4,"1000,1001,1002,1003",59000,200,True
repeat-copy,baseline_vs_combined,loss,combined,58800,3.908491891298514e-05,6.673767069999731e-05,3.321542345158246e-07,0.00015467771066799752,4,"1000,1001,1002,1003",59000,200,True
repeat-copy,baseline_vs_combined,loss,combined,59000,0.013348586974294148,0.013413585874560334,1.385149076754688e-07,0.028583578693103996,4,"1000,1001,1002,1003",59000,200,True
