task,group,metric,advice_type,batch,mean,std,min,max,n_seeds,seeds,common_horizon,report_interval,sd_shading
repeat-copy,controls,ber,none,200,0.43184005141258236,0.003727476801378394,0.4258251102268696,0.4359812740981579,4,"1000,1001,1002,1003",90200,200,True
repeat-copy,controls,ber,none,400,0.41471148341894154,0.005126854875377127,0.40676725216209886,0.4210850909352303,4,"1000,1001,1002,1003",90200,200,True
repeat-copy,controls,ber,none,600,0.40447211075574163,0.0081336585838025,0.393628858551383,0.41364401780068877,4,"1000,1001,1002,1003",90200,200,True
repeat-copy,controls,ber,none,800,0.3973058927431703,0.0056444034083911205,0.3936216264218092,0.4070572886615992,4,"1000,1001,1002,1003",90200,200,True
repeat-copy,controls,ber,none,1000,0.3899450252018869,0.008023869252850927,0.3815425500273705,0.39824769958853723,4,"1000,1001,1002,1003",90200,200,True
repeat-copy,controls,ber,none,1200,0.3814715216122567,0.0020818413606375147,0.37823327869176865,0.38400101236999035,4,"1000,1001,1002,1003",90200,200,True
repeat-copy,controls,ber,none,1400,0.37774801418185233,0.004788017623784244,0.37089422084391116,0.3835633795708418,4,"1000,1001,1002,1003",90200,200,True
repeat-copy,controls,ber,none,1600,0.3718970274087042,0.00436974646108304,0.36821064084768296,0.3789238892495632,4,"1000,1001,1002,1003",90200,200,True
repeat-copy,controls,ber,none,1800,0.3699475019611418,0.0025509761414074586,0.36654340267181396,0.3729440274834633,4,"1000,1001,1002,1003",90200,200,True
repeat-copy,controls,ber,none,2000,0.36279024999588727,0.005937576588390978,0.3537321513146162,0.3701412883400917,4,"1000,1001,1002,1003",90200,200,True
repeat-copy,controls,ber,none,2200,0.3638904908951372,0.001934253172946544,0.3622924168407917,0.3671827935799956,4,"1000,1001,1002,1003",90200,200,True
repeat-copy,controls,ber,none,2400,0.3599741721991449,0.00270573659089962,0.35563445661216975,0.3629430550336838,4,"1000,1001,1002,1003",90200,200,True
repeat-copy,controls,ber,none,2600,0.3537115210108459,0.006192566511032518,0.34543048553168776,0.3624518163502216,4,"1000,1001,1002,1003",90200,200,True
repeat-copy,controls,ber,none,2800,0.35655474590137604,0.0023566919019489237,0.35415361389517785,0.3592698284238577,4,"1000,1001,1002,1003",90200,200,True
repeat-copy,controls,ber,none,3000,0.34946518148295586,0.004108958467506444,0.34383545655757186,0.3548089347034693,4,"1000,1001,1002,1003",90200,200,True
repeat-copy,controls,ber,none,3200,0.34623118218034504,0.0016489873413762142,0.34447168581187726,0.3489379095286131,4,"1000,1001,1002,1003",90200,200,True
repeat-copy,controls,ber,none,3400,0.3470080819167197,0.002870509229019819,0.3426951562985778,0.3506475703418255,4,"1000,1001,1002,1003",90200,200,True
repeat-copy,controls,ber,none,3600,0.34083698685280983,0.0038498947119811945,0.33648269303143025,0.34613147281110285,4,"1000,1001,1002,1003",90200,200,True
repeat-copy,controls,ber,none,3800,0.3413318880740553,0.006818736419534606,0.33263976518064736,0.3516735727339983,4,"1000,1001,1002,1003",90200,200,True
repeat-copy,controls,ber,none,4000,0.3401555157965049,0.0034339208494944032,0.33465327581390736,0.3440196880325675,4,"1000,1001,1002,1003",90200,200,True
repeat-copy,controls,ber,none,4200,0.3351763526629657,0.0015559476773817197,0.33292249996215106,0.3372248290851712,4,"1000,1001,1002,1003",90200,200,True
repeat-copy,controls,ber,none,4400,0.33463414065539837,0.0032208174782975348,0.3320062668249011,0.3401349725201726,4,"1000,1001,1002,1003",90200,200,True
repeat-copy,controls,ber,none,4600,0.3378268876764923,0.0047837877810681445,0.33302751384675505,0.345736176520586,4,"1000,1001,1002,1003",90200,200,True
repeat-copy,controls,ber,none,4800,0.33416201568208637,0.00336572077896825,0.32947865895926953,0.33740880753844976,4,"1000,1001,1002,1003",90200,200,True
repeat-copy,controls,ber,none,5000,0.3306931993132457,0.001837901074809719,0.3292850379087031,0.3338507655635476,4,"1000,1001,1002,1003",90200,200,True
repeat-copy,controls,ber,none,5200,0.3292152709327638,0.004602510806453002,0.32193304553627966,0.334668618068099,4,"1000,1001,1002,1003",90200,200,True
repeat-copy,controls,ber,none,5400,0.3302608439163305,0.006861020147439314,0.32105068769305944,0.3403240703046322,4,"1000,1001,1002,1003",90200,200,True
repeat-copy,controls,ber,none,5600,0.3296953845396638,0.0028510455504203195,0.32662107326090334,0.3338830477744341,4,"1000,1001,1002,1003",90200,200,True
repeat-copy,controls,ber,none,5800,0.3263596759457141,0.00557762082604143,0.31912728544324637,0.33458873910829423,4,"1000,1001,1002,1003",90200,200,True
repeat-copy,controls,ber,none,6000,0.32828695034608246,0.0025048267043195,0.3250324224308133,0.3314789355546236,4,"1000,1001,1002,1003",90200,200,True
repeat-copy,controls,ber,none,6200,0.3319272681232542,0.0033167791124995897,0.32668908894062043,0.33589733093976976,4,"1000,1001,1002,1003",90200,200,True
repeat-copy,controls,ber,none,6400,0.32653994297608735,0.0013677417739078044,0.32426164817065,0.32777174897491934,4,"1000,1001,1002,1003",90200,200,True
repeat-copy,controls,ber,none,6600,0.32883378984057343,0.0037966465874228993,0.3245415025064722,0.33492914829403164,4,"1000,1001,1002,1003",90200,200,True
repeat-copy,controls,ber,none,6800,0.32485277324914935,0.0009173223895879846,0.323751597777009,0.3261528453230858,4,"1000,1001,1002,1003",90200,200,True
repeat-copy,controls,ber,none,7000,0.32683175564743583,0.002252664001552912,0.3251127076894045,0.3306549392640591,4,"1000,1001,1002,1003",90200,200,True
repeat-copy,controls,ber,none,7200,0.33057272719219327,0.0020910778465622914,0.32733695406466723,0.3329792816564441,4,"1000,1001,1002,1003",90200,200,True
repeat-copy,controls,ber,none,7400,0.32445072815753523,0.00457081647042243,0.3175656661018729,0.33027162838727236,4,"1000,1001,1002,1003",90200,200,True
repeat-copy,controls,ber,none,7600,0.32485102412290867,0.005211158320313472,0.31846108097583053,0.33094969775527716,4,"1000,1001,1002,1003",90200,200,True
repeat-copy,controls,ber,none,7800,0.325542201930657,0.000929510422275155,0.324088213481009,0.32650002144277096,4,"1000,1001,1002,1003",90200,200,True
repeat-copy,controls,ber,none,8000,0.3234879018645734,0.0026872373129057606,0.32074913356453183,0.3263645599409938,4,"1000,1001,1002,1003",90200,200,True
repeat-copy,controls,ber,none,8200,0.32340942502021786,0.0030907162967140096,0.32023500617593526,0.3284857126325369,4,"1000,1001,1002,1003",90200,200,True
repeat-copy,controls,ber,none,8400,0.3212859193980694,0.003946051277036447,0.3147363815829158,0.32466375824064014,4,"1000,1001,1002,1003",90200,200,True
repeat-copy,controls,ber,none,8600,0.3236469742376357,0.005215820740828725,0.31516164638102057,0.3285608273744583,4,"1000,1001,1002,1003",90200,200,True
repeat-copy,controls,ber,none,8800,0.3195447324868292,0.0046374044339872154,0.31380058132112026,0.32665515165776016,4,"1000,1001,1002,1003",90200,200,True
repeat-copy,controls,ber,none,9000,0.3214683066960424,0.005729657353000009,0.3136113145947456,0.3270308893173933,4,"1000,1001,1002,1003",90200,200,True
repeat-copy,controls,ber,none,9200,0.3211426640627906,0.003472573004010949,0.3183101093396544,0.3269897262006998,4,"1000,1001,1002,1003",90200,200,True
repeat-copy,controls,ber,none,9400,0.3199294266151264,0.0043104392743819175,0.3136402360908687,0.32556460827589034,4,"1000,1001,1002,1003",90200,200,True
repeat-copy,controls,ber,none,9600,0.3217539623379707,0.0014321013574175318,0.31990854725241663,0.32370775192976,4,"1000,1001,1002,1003",90200,200,True
repeat-copy,controls,ber,none,9800,0.31860741931013764,0.004349366630265847,0.3112816844508052,0.32253981541842225,4,"1000,1001,1002,1003",90200,200,True
repeat-copy,controls,ber,none,10000,0.31871576018631453,0.002468769439589342,0.31451303537935016,0.32068270616233346,4,"1000,1001,1002,1003",90200,200,True
repeat-copy,controls,ber,none,10200,0.31920630685053764,0.003911835176735887,0.3136953318864107,0.32391746655106546,4,"1000,1001,1002,1003",90200,200,True
repeat-copy,controls,ber,none,10400,0.3170271784532815,0.0027421889248414734,0.31263207372277974,0.3198245019093156,4,"1000,1001,1002,1003",90200,200,True
repeat-copy,controls,ber,none,10600,0.3176343522174284,0.004666975431922373,0.31338998809456825,0.32515413079410793,4,"1000,1001,1002,1003",90200,200,True
repeat-copy,controls,ber,none,10800,0.31610025361180305,0.0017716788302412332,0.31336595077067614,0.31819592740386726,4,"1000,1001,1002,1003",90200,200,True
repeat-copy,controls,ber,none,11000,0.3169752805726603,0.004085295738117455,0.31314262725412845,0.32378697007894514,4,"1000,1001,1002,1003",90200,200,True
repeat-copy,controls,ber,none,11200,0.31810455001425,0.002064667873374485,0.31534653846174476,0.3207302597910166,4,"1000,1001,1002,1003",90200,200,True
repeat-copy,controls,ber,none,11400,0.31874964457936583,0.00402133539664343,0.31341911651194093,0.3242298187315464,4,"1000,1001,1002,1003",90200,200,True
repeat-copy,controls,ber,none,11600,0.3173796465806663,0.0018403054809208964,0.3147038462013006,0.3191507460176945,4,"1000,1001,1002,1003",90200,200,True
repeat-copy,controls,ber,none,11800,0.3149821877316572,0.0030733729287749072,0.309960346147418,0.3175481577962637,4,"1000,1001,1002,1003",90200,200,True
repeat-copy,controls,ber,none,12000,0.3163610697956756,0.0067215609109249124,0.3079537094384432,0.3229655079543591,4,"1000,1001,1002,1003",90200,200,True
repeat-copy,controls,ber,none,12200,0.3205380406603217,0.0013288401894922665,0.3182442681863904,0.3214746718853712,4,"1000,1001,1002,1003",90200,200,True
repeat-copy,controls,ber,none,12400,0.3158226226642728,0.0041462336733363095,0.3101851344481111,0.3213855908438563,4,"1000,1001,1002,1003",90200,200,True
repeat-copy,controls,ber,none,12600,0.31622079156339167,0.0026627590316655476,0.3121002469956875,0.3189378597959876,4,"1000,1001,1002,1003",90200,200,True
repeat-copy,controls,ber,none,12800,0.315510389318224,0.009196051150754544,0.3050744142010808,0.32863858580589295,4,"1000,1001,1002,1003",90200,200,True
repeat-copy,controls,ber,none,13000,0.31573904659599067,0.00383515296974767,0.31197166875004767,0.32204196222126485,4,"1000,1001,1002,1003",90200,200,True
repeat-copy,controls,ber,none,13200,0.3176679035834968,0.0044578963245045155,0.3119563852250576,0.32258193399757146,4,"1000,1001,1002,1003",90200,200,True
repeat-copy,controls,ber,none,13400,0.31508284193463626,0.007095261559840925,0.3053104642033577,0.3222322793677449,4,"1000,1001,1002,1003",90200,200,True
repeat-copy,controls,ber,none,13600,0.3164393293624744,0.00459470070931021,0.30851540075615047,0.3195754262432456,4,"1000,1001,1002,1003",90200,200,True
repeat-copy,controls,ber,none,13800,0.31164609564933926,0.004032661614494224,0.3074385127425194,0.3158124400675297,4,"1000,1001,1002,1003",90200,200,True
repeat-copy,controls,ber,none,14000,0.3146739340107888,0.0030321419562428877,0.31201383776962754,0.31956260800361636,4,"1000,1001,1002,1003",90200,200,True
repeat-copy,controls,ber,none,14200,0.3131536023598164,0.0037790286460534037,0.30908271078020333,0.31934283051639795,4,"1000,1001,1002,1003",90200,200,True
repeat-copy,controls,ber,none,14400,0.31042675200849773,0.0014611024838202219,0.30903914891183376,0.3125440815836191,4,"1000,1001,1002,1003",90200,200,True
repeat-copy,controls,ber,none,14600,0.3121873306622729,0.006836365990699169,0.3025701313279569,0.32006343103945256,4,"1000,1001,1002,1003",90200,200,True
repeat-copy,controls,ber,none,14800,0.31300659210421145,0.002671948016967986,0.30933324597775935,0.3160950791835785,4,"1000,1001,1002,1003",90200,200,True
repeat-copy,controls,ber,none,15000,0.3122110849199817,0.0029208376224247735,0.30837963439524174,0.31546169687062503,4,"1000,1001,1002,1003",90200,200,True
repeat-copy,controls,ber,none,15200,0.3132456489093602,0.003651104497681696,0.3101819195225835,0.31921515125781297,4,"1000,1001,1002,1003",90200,200,True
repeat-copy,controls,ber,none,15400,0.3086448912043125,0.003161127093258322,0.3055642605572939,0.313777250982821,4,"1000,1001,1002,1003",90200,200,True
repeat-copy,controls,ber,none,15600,0.30815339176915585,0.0016005957200949609,0.30593156453222037,0.3101641495153308,4,"1000,1001,1002,1003",90200,200,True
repeat-copy,controls,ber,none,15800,0.30737228558864443,0.004675525145883564,0.303099959269166,0.31487641582265496,4,"1000,1001,1002,1003",90200,200,True
repeat-copy,controls,ber,none,16000,0.31325261298567053,0.001504914670747632,0.31103541407734153,0.31474629405885934,4,"1000,1001,1002,1003",90200,200,True
repeat-copy,controls,ber,none,16200,0.3101576169300824,0.003401152839266741,0.3049739784374833,0.3135620166361332,4,"1000,1001,1002,1003",90200,200,True
repeat-copy,controls,ber,none,16400,0.306451756246388,0.004689459456044376,0.29987267065793277,0.3110496681556106,4,"1000,1001,1002,1003",90200,200,True
repeat-copy,controls,ber,none,16600,0.30844993410632016,0.0028485023277267387,0.30510732255876066,0.3128667276725173,4,"1000,1001,1002,1003",90200,200,True
repeat-copy,controls,ber,none,16800,0.3097905171732418,0.0016463595541070198,0.3072216322552413,0.31127327762544155,4,"1000,1001,1002,1003",90200,200,True
repeat-copy,controls,ber,none,17000,0.30822605887893584,0.0018963267800489912,0.30556155674159524,0.3107251832447946,4,"1000,1001,1002,1003",90200,200,True
repeat-copy,controls,ber,none,17200,0.30673650927841667,0.003674394326537546,0.30181561172008514,0.31119706816971304,4,"1000,1001,1002,1003",90200,200,True
repeat-copy,controls,ber,none,17400,0.3054854610841721,0.0018870922903187078,0.30346739534288647,0.30749997068196533,4,"1000,1001,1002,1003",90200,200,True
repeat-copy,controls,ber,none,17600,0.30641670221695677,0.006975340853217302,0.2970472764968872,0.3167292109224945,4,"1000,1001,1002,1003",90200,200,True
repeat-copy,controls,ber,none,17800,0.3042692367034033,0.004519886790265492,0.3002883234061301,0.3118262367323041,4,"1000,1001,1002,1003",90200,200,True
repeat-copy,controls,ber,none,18000,0.30595820262096823,0.005274104559607152,0.297841826826334,0.3117680075019598,4,"1000,1001,1002,1003",90200,200,True
repeat-copy,controls,ber,none,18200,0.30136755200102927,0.004557873231627203,0.2947191272675991,0.30603406846523284,4,"1000,1001,1002,1003",90200,200,True
repeat-copy,controls,ber,none,18400,0.2977186285797506,0.012140986385724195,0.2774898197129369,0.3089657913148403,4,"1000,1001,1002,1003",90200,200,True
repeat-copy,controls,ber,none,18600,0.3038351155281998,0.014080205204698586,0.27988733258098364,0.31534343821927907,4,"1000,1001,1002,1003",90200,200,True
repeat-copy,controls,ber,none,18800,0.29497192812152206,0.016545764400521225,0.2677652154117823,0.31224337588995693,4,"1000,1001,1002,1003",90200,200,True
repeat-copy,controls,ber,none,19000,0.2940113576967269,0.023669419002505528,0.25408194702118636,0.315762101970613,4,"1000,1001,1002,1003",90200,200,True
repeat-copy,controls,ber,none,19200,0.29152648820541804,0.024743110371764892,0.2488087685406208,0.30889540921896697,4,"1000,1001,1002,1003",90200,200,True
repeat-copy,controls,ber,none,19400,0.287922178292647,0.0322272110966439,0.23218119386583566,0.30910510528832674,4,"1000,1001,1002,1003",90200,200,True
repeat-copy,controls,ber,none,19600,0.2750812015798874,0.04045471202081479,0.20545054364018142,0.3032380372658372,4,"1000,1001,1002,1003",90200,200,True
repeat-copy,controls,ber,none,19800,0.27884383891476316,0.0468659754598092,0.1981234161835164,0.31086180225014687,4,"1000,1001,1002,1003",90200,200,True
repeat-copy,controls,ber,none,20000,0.27739421662641695,0.04231020443448673,0.20429381932131946,0.3054472500830889,4,"1000,1001,1002,1003",90200,200,True
repeat-copy,controls,ber,none,20200,0.28091020655294413,0.04474212135374257,0.20347888712538406,0.3089512328803539,4,"1000,1001,1002,1003",90200,200,True
repeat-copy,controls,ber,none,20400,0.2735886781499721,0.057027575278402805,0.1750286915805191,0.31233626302331685,4,"1000,1001,1002,1003",90200,200,True
repeat-copy,controls,ber,none,20600,0.28140391946421006,0.05336143083363447,0.18942817001137882,0.31910920947790145,4,"1000,1001,1002,1003",90200,200,True
repeat-copy,controls,ber,none,20800,0.27102084422309414,0.051270647523794996,0.18227105315076186,0.30350237552076575,4,"1000,1001,1002,1003",90200,200,True
repeat-copy,controls,ber,none,21000,0.27163198144116907,0.05481792534654553,0.17680625300621614,0.3055181432142854,4,"1000,1001,1002,1003",90200,200,True
repeat-copy,controls,ber,none,21200,0.2697386579704471,0.05519570095997528,0.1741599730309099,0.3035551105812192,4,"1000,1001,1002,1003",90200,200,True
repeat-copy,controls,ber,none,21400,0.27146771995467134,0.05111877706375816,0.18304549381602556,0.3041526995971799,4,"1000,1001,1002,1003",90200,200,True
repeat-copy,controls,ber,none,21600,0.26729904500709384,0.05302992798059416,0.1757217967021279,0.30357277687639,4,"1000,1001,1002,1003",90200,200,True
repeat-copy,controls,ber,none,21800,0.267917077485472,0.056814869212653954,0.1699324987642467,0.3064767959713936,4,"1000,1001,1002,1003",90200,200,True
repeat-copy,controls,ber,none,22000,0.23970272775302875,0.11148633775728274,0.04662026876700111,0.30544332690536974,4,"1000,1001,1002,1003",90200,200,True
repeat-copy,controls,ber,none,22200,0.23064668920414988,0.116969180754512,0.028178131284657865,0.30388559913262725,4,"1000,1001,1002,1003",90200,200,True
repeat-copy,controls,ber,none,22400,0.2373534120254044,0.1099979893789094,0.046845834369887596,0.3030564163718373,4,"1000,1001,1002,1003",90200,200,True
repeat-copy,controls,ber,none,22600,0.2548959757493867,0.07921163575441018,0.11776533071475569,0.30301367526873946,4,"1000,1001,1002,1003",90200,200,True
repeat-copy,controls,ber,none,22800,0.3034667230275227,0.0026204048970505088,0.2992402164894156,0.3061893708258867,4,"1000,1001,1002,1003",90200,200,True
repeat-copy,controls,ber,none,23000,0.23260100383748067,0.1222703441095745,0.020864685046253727,0.30712944637984035,4,"1000,1001,1002,1003",90200,200,True
repeat-copy,controls,ber,none,23200,0.22836833050096178,0.12436356597274416,0.013349282819544896,0.31125740060582757,4,"1000,1001,1002,1003",90200,200,True
repeat-copy,controls,ber,none,23400,0.2250988975173095,0.1260360819126735,0.006915418079588562,0.3027844439074397,4,"1000,1001,1002,1003",90200,200,True
repeat-copy,controls,ber,none,23600,0.2210763064985804,0.12446961816545833,0.005538984175655059,0.2954735820554197,4,"1000,1001,1002,1003",90200,200,True
repeat-copy,controls,ber,none,23800,0.226089196196408,0.11330189736374993,0.030006926322821526,0.29850513936951756,4,"1000,1001,1002,1003",90200,200,True
repeat-copy,controls,ber,none,24000,0.2261710221269459,0.12698778389706702,0.006262652946752496,0.3026656376942992,4,"1000,1001,1002,1003",90200,200,True
repeat-copy,controls,ber,none,24200,0.22617991351289674,0.12862199924074302,0.0034249436389654875,0.30211758848279713,4,"1000,1001,1002,1003",90200,200,True
repeat-copy,controls,ber,none,24400,0.22141961625078693,0.1263456252086477,0.0028883852623403073,0.30057571331039074,4,"1000,1001,1002,1003",90200,200,True
repeat-copy,controls,ber,none,24600,0.2245555824198527,0.1282003570272938,0.002518464473541826,0.3000835511088371,4,"1000,1001,1002,1003",90200,200,True
repeat-copy,controls,ber,none,24800,0.22309653528398485,0.1250247220269706,0.006629194426932372,0.3008603178802878,4,"1000,1001,1002,1003",90200,200,True
repeat-copy,controls,ber,none,25000,0.22413886835565788,0.12823890741884886,0.0021065833792090418,0.3039025385584682,4,"1000,1001,1002,1003",90200,200,True
repeat-copy,controls,ber,none,25200,0.22676515461949748,0.1294622857427473,0.002618109642644413,0.30602156452834606,4,"1000,1001,1002,1003",90200,200,True
repeat-copy,controls,ber,none,25400,0.22426317775636562,0.12403527929102028,0.009461961379856802,0.29784410837106406,4,"1000,1001,1002,1003",90200,200,True
repeat-copy,controls,ber,none,25600,0.22759165749448584,0.12684942898401597,0.008061303702415899,0.3081351940706372,4,"1000,1001,1002,1003",90200,200,True
repeat-copy,controls,ber,none,25800,0.22655583577972724,0.1292692211840204,0.002793064575525932,0.30850625989958647,4,"1000,1001,1002,1003",90200,200,True
repeat-copy,controls,ber,none,26000,0.22256372171366817,0.1274247119188743,0.0018745270336512476,0.29836183455772697,4,"1000,1001,1002,1003",90200,200,True
repeat-copy,controls,ber,none,26200,0.22269406663108382,0.12786932331133719,0.0012619941437151283,0.29934961831197143,4,"1000,1001,1002,1003",90200,200,True
repeat-copy,controls,ber,none,26400,0.22176834166573825,0.12700476330257834,0.0021386535302735867,0.3046486831456423,4,"1000,1001,1002,1003",90200,200,True
repeat-copy,controls,ber,none,26600,0.22301623872554044,0.12823293200366587,0.0009924300137208774,0.3000484405364841,4,"1000,1001,1002,1003",90200,200,True
repeat-copy,controls,ber,none,26800,0.22570636687349183,0.12264504577985333,0.013413245194242336,0.3033330135419965,4,"1000,1001,1002,1003",90200,200,True
repeat-copy,controls,ber,none,27000,0.22711784884668307,0.12131763072657276,0.01702474089746829,0.29933958008885386,4,"1000,1001,1002,1003",90200,200,True
repeat-copy,controls,ber,none,27200,0.22286138709008813,0.12554047586429504,0.005600312178139575,0.30058991838246585,4,"1000,1001,1002,1003",90200,200,True
repeat-copy,controls,ber,none,27400,0.22339673759241124,0.12528754156357783,0.006412350351456553,0.29843887776136396,4,"1000,1001,1002,1003",90200,200,True
repeat-copy,controls,ber,none,27600,0.22230644834751728,0.12756951560672944,0.0014677533810026943,0.299512278996408,4,"1000,1001,1002,1003",90200,200,True
repeat-copy,controls,ber,none,27800,0.21722033962461865,0.12441357788593743,0.001781088396674022,0.29183741424232723,4,"1000,1001,1002,1003",90200,200,True
repeat-copy,controls,ber,none,28000,0.21882078889117113,0.12555774688041407,0.0013526719785295427,0.29221019099466505,4,"1000,1001,1002,1003",90200,200,True
repeat-copy,controls,ber,none,28200,0.21810880194942,0.1252754313507719,0.0012151972786523402,0.29372033769264816,4,"1000,1001,1002,1003",90200,200,True
repeat-copy,controls,ber,none,28400,0.21731821915862384,0.12530757526293007,0.0004300376691389829,0.2969599234685302,4,"1000,1001,1002,1003",90200,200,True
repeat-copy,controls,ber,none,28600,0.22149549470297647,0.12645194613799668,0.00260883484093938,0.30022157756611706,4,"1000,1001,1002,1003",90200,200,True
repeat-copy,controls,ber,none,28800,0.22222999213292496,0.12720881800566208,0.0020272105012554675,0.3018434871733189,4,"1000,1001,1002,1003",90200,200,True
repeat-copy,controls,ber,none,29000,0.2221674799697939,0.12680895613493845,0.0025421031145378948,0.2974796752911061,4,"1000,1001,1002,1003",90200,200,True
repeat-copy,controls,ber,none,29200,0.2195760865866032,0.12652926808005927,0.0005072510550962761,0.2978481702879071,4,"1000,1001,1002,1003",90200,200,True
repeat-copy,controls,ber,none,29400,0.21954902807134202,0.1261388426904663,0.0011273488635197282,0.29538948024623096,4,"1000,1001,1002,1003",90200,200,True
repeat-copy,controls,ber,none,29600,0.2219857148193114,0.12777889297772355,0.0008362551388563589,0.3032285968400538,4,"1000,1001,1002,1003",90200,200,True
repeat-copy,controls,ber,none,29800,0.21846763648005435,0.12609219485054818,0.00012584637501277028,0.2941657308489084,4,"1000,1001,1002,1003",90200,200,True
repeat-copy,controls,ber,none,30000,0.21884989150799808,0.12589083373336715,0.0008082199469208718,0.29322701308876276,4,"1000,1001,1002,1003",90200,200,True
repeat-copy,controls,ber,none,30200,0.21556742000189844,0.1242101862913595,0.0004702582221943885,0.29083749413490295,4,"1000,1001,1002,1003",90200,200,True
repeat-copy,controls,ber,none,30400,0.21814306806831157,0.12580963047853438,0.00029246500926092265,0.29540666283108297,4,"1000,1001,1002,1003",90200,200,True
repeat-copy,controls,ber,none,30600,0.21342848353175214,0.12266323369941508,0.001140525866067037,0.2895213443413377,4,"1000,1001,1002,1003",90200,200,True
repeat-copy,controls,ber,none,30800,0.22220131207694066,0.1277758180907619,0.001069150277180597,0.30268718672916295,4,"1000,1001,1002,1003",90200,200,True
repeat-copy,controls,ber,none,31000,0.21989166855113582,0.12698100356134556,0.0,0.29534258984029294,4,"1000,1001,1002,1003",90200,200,True
repeat-copy,controls,ber,none,31200,0.221879305235052,0.12498315660934994,0.005609836749499664,0.29911801267415283,4,"1000,1001,1002,1003",90200,200,True
repeat-copy,controls,ber,none,31400,0.21511415158514863,0.12321177517804141,0.0017908041225746273,0.28912950232625007,4,"1000,1001,1002,1003",90200,200,True
repeat-copy,controls,ber,none,31600,0.21828512065432734,0.12433746259335379,0.003048128610244021,0.29633721653372047,4,"1000,1001,1002,1003",90200,200,True
repeat-copy,controls,ber,none,31800,0.2168073066380748,0.12455975582579772,0.0011757041089003905,0.29482743493281305,4,"1000,1001,1002,1003",90200,200,True
repeat-copy,controls,ber,none,32000,0.2188310220238054,0.1261364984434241,0.00037155113415792584,0.29355881568044423,4,"1000,1001,1002,1003",90200,200,True
repeat-copy,controls,ber,none,32200,0.21592941732480542,0.12360793459947914,0.0022057104896521197,0.29776211773045363,4,"1000,1001,1002,1003",90200,200,True
repeat-copy,controls,ber,none,32400,0.2168715076590888,0.1250320555182389,0.0004713165760040283,0.294571490958333,4,"1000,1001,1002,1003",90200,200,True
repeat-copy,controls,ber,none,32600,0.2188970270054415,0.1259959821405015,0.0008008154202252627,0.29527939583174884,4,"1000,1001,1002,1003",90200,200,True
repeat-copy,controls,ber,none,32800,0.219709876695415,0.12683726687278885,6.0219992883503436e-05,0.29638549104332923,4,"1000,1001,1002,1003",90200,200,True
repeat-copy,controls,ber,none,33000,0.21598262928586337,0.12438196533786693,0.0007213652756763622,0.29558713032864037,4,"1000,1001,1002,1003",90200,200,True
repeat-copy,controls,ber,none,33200,0.21871168372570537,0.1262213580596405,0.00010159137193113565,0.29297678876668215,4,"1000,1001,1002,1003",90200,200,True
repeat-copy,controls,ber,none,33400,0.21678546625291345,0.12509825794625584,0.0001903542078798637,0.2945457844156772,4,"1000,1001,1002,1003",90200,200,True
repeat-copy,controls,ber,none,33600,0.21816979244642426,0.12598416555202518,4.4376172591000793e-05,0.2962630014680326,4,"1000,1001,1002,1003",90200,200,True
repeat-copy,controls,ber,none,33800,0.21584847019868902,0.12462575736265427,0.0003618488693609834,0.29928104834631086,4,"1000,1001,1002,1003",90200,200,True
repeat-copy,controls,ber,none,34000,0.2188045637620962,0.12544370637844515,0.001703504960751161,0.2987066798377782,4,"1000,1001,1002,1003",90200,200,True
repeat-copy,controls,ber,none,34200,0.21662015122128647,0.12502793664856166,0.0002483164984732866,0.2933649607747793,4,"1000,1001,1002,1003",90200,200,True
repeat-copy,controls,ber,none,34400,0.2169632408482721,0.12230383518349486,0.0051961795962415635,0.2919688761420548,4,"1000,1001,1002,1003",90200,200,True
repeat-copy,controls,ber,none,34600,0.2161751722819463,0.12267709988808402,0.0038569495902629567,0.2931067982874811,4,"1000,1001,1002,1003",90200,200,True
repeat-copy,controls,ber,none,34800,0.21373977257710064,0.1233345016161575,0.0003079267992870882,0.2894428747333586,4,"1000,1001,1002,1003",90200,200,True
repeat-copy,controls,ber,none,35000,0.21315540555515328,0.12120265927556326,0.0034861010359600185,0.29100906299427154,4,"1000,1001,1002,1003",90200,200,True
repeat-copy,controls,ber,none,35200,0.21415815698957885,0.12337269100413005,0.00071282553661149,0.2947757022175938,4,"1000,1001,1002,1003",90200,200,True
repeat-copy,controls,ber,none,35400,0.2161520699068205,0.12467454329809027,0.0002900533122010529,0.2936645646393299,4,"1000,1001,1002,1003",90200,200,True
repeat-copy,controls,ber,none,35600,0.21483242290210908,0.12395789007479519,0.00034236666280776265,0.295272285528481,4,"1000,1001,1002,1003",90200,200,True
repeat-copy,controls,ber,none,35800,0.2175734618073329,0.1254031747745626,0.0006411320436745882,0.29906056642532347,4,"1000,1001,1002,1003",90200,200,True
repeat-copy,controls,ber,none,36000,0.2124199169740314,0.12263953409584048,9.18145035393536e-05,0.2880539255589247,4,"1000,1001,1002,1003",90200,200,True
repeat-copy,controls,ber,none,36200,0.21451773775988842,0.12388045408395348,0.0003305754071334377,0.29237567698583006,4,"1000,1001,1002,1003",90200,200,True
repeat-copy,controls,ber,none,36400,0.21377535002626244,0.12238584104203074,0.0018762277939822524,0.289652482625097,4,"1000,1001,1002,1003",90200,200,True
repeat-copy,controls,ber,none,36600,0.21723595784103966,0.12446973097293475,0.0017166384705342352,0.2930793988332152,4,"1000,1001,1002,1003",90200,200,True
repeat-copy,controls,ber,none,36800,0.21240472579462222,0.12247663201953017,0.0005030686908867211,0.2918806166108698,4,"1000,1001,1002,1003",90200,200,True
repeat-copy,controls,ber,none,37000,0.21528565539570993,0.1242395335460665,0.0002758896839804947,0.295017518484965,4,"1000,1001,1002,1003",90200,200,True
repeat-copy,controls,ber,none,37200,0.21016116395418066,0.12120320471173521,0.00037991390796378256,0.28750339383259416,4,"1000,1001,1002,1003",90200,200,True
repeat-copy,controls,ber,none,37400,0.2118523635924794,0.12209768492940899,0.0005614735092967748,0.2897348874248564,4,"1000,1001,1002,1003",90200,200,True
repeat-copy,controls,ber,none,37600,0.21924957833951342,0.12665531595733917,0.0,0.2992467986792326,4,"1000,1001,1002,1003",90200,200,True
repeat-copy,controls,ber,none,37800,0.21323860251344742,0.12311810020457298,0.0,0.2860809241887182,4,"1000,1001,1002,1003",90200,200,True
repeat-copy,controls,ber,none,38000,0.2109516389144119,0.12143905501324967,0.0006269050715491175,0.2823537491634488,4,"1000,1001,1002,1003",90200,200,True
repeat-copy,controls,ber,none,38200,0.2129270719521446,0.12292655982189223,8.325866190716624e-05,0.2887951376475394,4,"1000,1001,1002,1003",90200,200,True
repeat-copy,controls,ber,none,38400,0.21313704313448395,0.12307798422436433,0.000462378904921934,0.29105628065764905,4,"1000,1001,1002,1003",90200,200,True
repeat-copy,controls,ber,none,38600,0.21126380681525916,0.12197600040432907,0.0,0.28301685626618567,4,"1000,1001,1002,1003",90200,200,True
repeat-copy,controls,ber,none,38800,0.21372955884784461,0.12344781242230621,5.843207240104675e-05,0.2908145126700401,4,"1000,1001,1002,1003",90200,200,True
repeat-copy,controls,ber,none,39000,0.21226666056143587,0.12250881772437835,0.00017144543351605535,0.28899089934304356,4,"1000,1001,1002,1003",90200,200,True
repeat-copy,controls,ber,none,39200,0.21039377556196998,0.12116278030339611,0.0006701113475719466,0.2848661210760474,4,"1000,1001,1002,1003",90200,200,True
repeat-copy,controls,ber,none,39400,0.20817592336621604,0.12025397372009045,0.00010232278378680349,0.2851628476008773,4,"1000,1001,1002,1003",90200,200,True
repeat-copy,controls,ber,none,39600,0.21052673019279608,0.12154252586842508,0.00022349733102601022,0.2873175571672618,4,"1000,1001,1002,1003",90200,200,True
repeat-copy,controls,ber,none,39800,0.21275893658268613,0.12250901204283712,0.0006486161745851859,0.28717350303195416,4,"1000,1001,1002,1003",90200,200,True
repeat-copy,controls,ber,none,40000,0.20858179691713302,0.1206543052850765,0.0,0.29021499046124516,4,"1000,1001,1002,1003",90200,200,True
repeat-copy,controls,ber,none,40200,0.2142981200008944,0.1235056734857987,0.0005966318846913055,0.29118453063070776,4,"1000,1001,1002,1003",90200,200,True
repeat-copy,controls,ber,none,40400,0.20949101606034673,0.12124014421112592,0.00019613984506577253,0.2951219859533012,4,"1000,1001,1002,1003",90200,200,True
repeat-copy,controls,ber,none,40600,0.2090755079884548,0.12026374188168726,0.0008874106919392943,0.2849309159535915,4,"1000,1001,1002,1003",90200,200,True
repeat-copy,controls,ber,none,40800,0.20380639088340105,0.11773267235387307,3.654970787465572e-05,0.2760164246801287,4,"1000,1001,1002,1003",90200,200,True
repeat-copy,controls,ber,none,41000,0.21147437978419473,0.12209319072010687,3.9682541973888874e-05,0.2852657864615321,4,"1000,1001,1002,1003",90200,200,True
repeat-copy,controls,ber,none,41200,0.20768434953613907,0.12000374334927277,0.0001666501711588353,0.28352282164618375,4,"1000,1001,1002,1003",90200,200,True
repeat-copy,controls,ber,none,41400,0.2063728082360467,0.11919752083647914,0.00016147876856848598,0.28342357333749535,4,"1000,1001,1002,1003",90200,200,True
repeat-copy,controls,ber,none,41600,0.20596509289229287,0.11895689166640333,0.0,0.2798329069465399,4,"1000,1001,1002,1003",90200,200,True
repeat-copy,controls,ber,none,41800,0.20229969630629058,0.1167544311044722,0.00031170654692687095,0.2781876683793962,4,"1000,1001,1002,1003",90200,200,True
repeat-copy,controls,ber,none,42000,0.20390020840466605,0.1172631797845319,0.0008318942465120927,0.2750732091069221,4,"1000,1001,1002,1003",90200,200,True
repeat-copy,controls,ber,none,42200,0.20835758136978255,0.12031741352920527,0.0003586848982376978,0.28939727663993836,4,"1000,1001,1002,1003",90200,200,True
repeat-copy,controls,ber,none,42400,0.20411311210453276,0.11766025489478787,0.0003727759642060846,0.27638914607465265,4,"1000,1001,1002,1003",90200,200,True
repeat-copy,controls,ber,none,42600,0.20783613638952375,0.12017680093414866,0.0,0.283216815199703,4,"1000,1001,1002,1003",90200,200,True
repeat-copy,controls,ber,none,42800,0.2096527627797332,0.12065489812491237,0.0007079945737496018,0.2822758135572076,4,"1000,1001,1002,1003",90200,200,True
repeat-copy,controls,ber,none,43000,0.20327358131544315,0.11762310529416674,6.734853668604046e-05,0.280256776008755,4,"1000,1001,1002,1003",90200,200,True
repeat-copy,controls,ber,none,43200,0.20678525769530098,0.11936902971501376,0.00024092945852316916,0.2829323212057352,4,"1000,1001,1002,1003",90200,200,True
repeat-copy,controls,ber,none,43400,0.2048529208963737,0.11829582051142128,6.172839552164078e-05,0.2790928423125297,4,"1000,1001,1002,1003",90200,200,True
repeat-copy,controls,ber,none,43600,0.20669618859668845,0.11919432646924341,0.0002493828913429752,0.27625837991014124,4,"1000,1001,1002,1003",90200,200,True
repeat-copy,controls,ber,none,43800,0.20281824161967962,0.11586155911240525,0.0021933912846725436,0.2740499555785209,4,"1000,1001,1002,1003",90200,200,True
repeat-copy,controls,ber,none,44000,0.21203874828628616,0.12209198596454614,0.0005793100077426061,0.28441607902757826,4,"1000,1001,1002,1003",90200,200,True
repeat-copy,controls,ber,none,44200,0.2045236266730353,0.11823641671215251,0.0,0.2780564814060926,4,"1000,1001,1002,1003",90200,200,True
repeat-copy,controls,ber,none,44400,0.20466432540488316,0.1169283630689513,0.0021746640763012693,0.27535420985892417,4,"1000,1001,1002,1003",90200,200,True
repeat-copy,controls,ber,none,44600,0.20798714288277553,0.12021855103246597,0.0,0.2866297664772719,4,"1000,1001,1002,1003",90200,200,True
repeat-copy,controls,ber,none,44800,0.20604549495634275,0.11839389134283841,0.0009875423327321187,0.27569686910137536,4,"1000,1001,1002,1003",90200,200,True
repeat-copy,controls,ber,none,45000,0.2029251864894468,0.11714038445503087,0.00017003201588522643,0.2775628230813891,4,"1000,1001,1002,1003",90200,200,True
repeat-copy,controls,ber,none,45200,0.2025512758930563,0.11690633053595327,0.00011606670334003866,0.2730496063828468,4,"1000,1001,1002,1003",90200,200,True
repeat-copy,controls,ber,none,45400,0.2042117861409497,0.1179708424129997,0.00020113062404561788,0.2802053367067128,4,"1000,1001,1002,1003",90200,200,True
repeat-copy,controls,ber,none,45600,0.2016354837571271,0.11641385745333466,0.0004205247014760971,0.2788880970142782,4,"1000,1001,1002,1003",90200,200,True
repeat-copy,controls,ber,none,45800,0.20585585350287144,0.11863799794213034,0.0003764268802478909,0.2757879228331149,4,"1000,1001,1002,1003",90200,200,True
repeat-copy,controls,ber,none,46000,0.20364959810161962,0.11753285649932135,0.00010571796447038651,0.27398173651658,4,"1000,1001,1002,1003",90200,200,True
repeat-copy,controls,ber,none,46200,0.21073226692620667,0.12172926462482582,0.0,0.28697365123778584,4,"1000,1001,1002,1003",90200,200,True
repeat-copy,controls,ber,none,46400,0.20446607639547437,0.11571220145973506,0.0041132166888564825,0.2759634365513921,4,"1000,1001,1002,1003",90200,200,True
repeat-copy,controls,ber,none,46600,0.2075244575436227,0.11871434848286881,0.0019945354759693147,0.28174162515439094,4,"1000,1001,1002,1003",90200,200,True
repeat-copy,controls,ber,none,46800,0.20776692466810343,0.11998787629946264,0.0,0.2811311800777912,4,"1000,1001,1002,1003",90200,200,True
repeat-copy,controls,ber,none,47000,0.20116698599420488,0.11586101714735808,0.0005555555643513799,0.2728796362457797,4,"1000,1001,1002,1003",90200,200,True
repeat-copy,controls,ber,none,47200,0.20451286415569486,0.11817434564471108,0.00010582010261714459,0.2825169969070703,4,"1000,1001,1002,1003",90200,200,True
repeat-copy,controls,ber,none,47400,0.20161761765833947,0.11638927406053487,0.0002007613703608513,0.27390191245824097,4,"1000,1001,1002,1003",90200,200,True
repeat-copy,controls,ber,none,47600,0.2008603012515232,0.11611404235990677,0.0,0.2769452820438892,4,"1000,1001,1002,1003",90200,200,True
repeat-copy,controls,ber,none,47800,0.2058187522679509,0.11889677773082581,7.855191302951426e-05,0.2813638144731522,4,"1000,1001,1002,1003",90200,200,True
repeat-copy,controls,ber,none,48000,0.19944031985694893,0.11513253810401468,0.0003316278330748901,0.2760754124913365,4,"1000,1001,1002,1003",90200,200,True
repeat-copy,controls,ber,none,48200,0.20107885158286082,0.11505963695593538,0.0019958270486677065,0.2748339271172881,4,"1000,1001,1002,1003",90200,200,True
repeat-copy,controls,ber,none,48400,0.20469138161977754,0.11821120056188186,0.00020202020183205605,0.2807266822550446,4,"1000,1001,1002,1003",90200,200,True
repeat-copy,controls,ber,none,48600,0.20480216019685032,0.1182693865060591,0.0001242739107692614,0.27907260534353556,4,"1000,1001,1002,1003",90200,200,True
repeat-copy,controls,ber,none,48800,0.19897155579645187,0.11496632617527137,0.0,0.2715582036599517,4,"1000,1001,1002,1003",90200,200,True
repeat-copy,controls,ber,none,49000,0.20156180090969428,0.11648322789013739,0.0005061728507280349,0.28245688023045656,4,"1000,1001,1002,1003",90200,200,True
repeat-copy,controls,ber,none,49200,0.20001541204052045,0.1159508681238153,0.0,0.28098281180486084,4,"1000,1001,1002,1003",90200,200,True
repeat-copy,controls,ber,none,49400,0.20574731341883307,0.11918318511834958,0.0002705777424853295,0.28979182926006614,4,"1000,1001,1002,1003",90200,200,True
repeat-copy,controls,ber,none,49600,0.20585318848548922,0.11506880375330741,0.006654415710363537,0.277426033616066,4,"1000,1001,1002,1003",90200,200,True
repeat-copy,controls,ber,none,49800,0.20319668240568717,0.11405944744828357,0.005775909245130606,0.275897354092449,4,"1000,1001,1002,1003",90200,200,True
repeat-copy,controls,ber,none,50000,0.19790593390353023,0.11450776921590382,0.00012666431255638598,0.274284060690552,4,"1000,1001,1002,1003",90200,200,True
repeat-copy,controls,ber,none,50200,0.19867639750707894,0.11511192097435467,0.0,0.2797450269944966,4,"1000,1001,1002,1003",90200,200,True
repeat-copy,controls,ber,none,50400,0.2019948424748145,0.11670898539932915,0.00013661202043294907,0.27576337196864187,4,"1000,1001,1002,1003",90200,200,True
repeat-copy,controls,ber,none,50600,0.193527155785996,0.11104444927709442,0.0030293859157245607,0.27700184523127974,4,"1000,1001,1002,1003",90200,200,True
repeat-copy,controls,ber,none,50800,0.19985339997074333,0.10786253158466796,0.013271324903471396,0.26986330923624335,4,"1000,1001,1002,1003",90200,200,True
repeat-copy,controls,ber,none,51000,0.19637534435445558,0.10565907519172077,0.015449563901056536,0.2720573430322111,4,"1000,1001,1002,1003",90200,200,True
repeat-copy,controls,ber,none,51200,0.18400122556136922,0.10764314166800101,0.0006039373949170112,0.26258217317052185,4,"1000,1001,1002,1003",90200,200,True
repeat-copy,controls,ber,none,51400,0.18314932037101245,0.10633011939491809,0.006843214466352947,0.2722996799368411,4,"1000,1001,1002,1003",90200,200,True
repeat-copy,controls,ber,none,51600,0.18006341776868795,0.10878250458062695,0.00024271971778944135,0.2680593928694725,4,"1000,1001,1002,1003",90200,200,True
repeat-copy,controls,ber,none,51800,0.17999272934568578,0.11032129189372711,0.0012881920766085386,0.2773189908079803,4,"1000,1001,1002,1003",90200,200,True
repeat-copy,controls,ber,none,52000,0.18074498356945695,0.11051004650849496,9.228266950231045e-05,0.2738344396930188,4,"1000,1001,1002,1003",90200,200,True
repeat-copy,controls,ber,none,52200,0.17201736564631576,0.10694627001339425,0.0010404318873770534,0.2737399888969958,4,"1000,1001,1002,1003",90200,200,True
repeat-copy,controls,ber,none,52400,0.16246560959349154,0.11504014066267368,8.346486953087151e-05,0.2713035282958299,4,"1000,1001,1002,1003",90200,200,True
repeat-copy,controls,ber,none,52600,0.2032956868724432,0.11836776628896886,0.0,0.29197077800985427,4,"1000,1001,1002,1003",90200,200,True
repeat-copy,controls,ber,none,52800,0.14144330486655238,0.12355124099766955,0.00020465942565351725,0.2667175799701363,4,"1000,1001,1002,1003",90200,200,True
repeat-copy,controls,ber,none,53000,0.14304840177879669,0.1244305413331901,0.0,0.27218527206219734,4,"1000,1001,1002,1003",90200,200,True
repeat-copy,controls,ber,none,53200,0.1362245161883766,0.12395993401552041,0.0004483430832624435,0.26268172710668297,4,"1000,1001,1002,1003",90200,200,True
repeat-copy,controls,ber,none,53400,0.13363073326778246,0.12192746650265131,0.0003574337001191452,0.2557283284515142,4,"1000,1001,1002,1003",90200,200,True
repeat-copy,controls,ber,none,53600,0.13986022114695515,0.1289652966611021,3.229974070563912e-05,0.26905651032924655,4,"1000,1001,1002,1003",90200,200,True
repeat-copy,controls,ber,none,53800,0.1356347020919202,0.12680721241180315,0.00031840461771935223,0.2786053560301662,4,"1000,1001,1002,1003",90200,200,True
repeat-copy,controls,ber,none,54000,0.1378011379437521,0.12599230505984252,0.0006037463480606675,0.2659949854854494,4,"1000,1001,1002,1003",90200,200,True
repeat-copy,controls,ber,none,54200,0.13400479460542558,0.1270389349830656,0.00021625943714752792,0.26667327192611995,4,"1000,1001,1002,1003",90200,200,True
repeat-copy,controls,ber,none,54400,0.13536201070965034,0.12861700722477692,0.0002824920980492607,0.2689851865451783,4,"1000,1001,1002,1003",90200,200,True
repeat-copy,controls,ber,none,54600,0.13805138058160082,0.12901967867058584,0.00017005225410684943,0.2797318524029106,4,"1000,1001,1002,1003",90200,200,True
repeat-copy,controls,ber,none,54800,0.13813271012419137,0.1320557679943402,0.000184027022914961,0.2705085312202573,4,"1000,1001,1002,1003",90200,200,True
repeat-copy,controls,ber,none,55000,0.13623906516586431,0.1308612315247767,0.0003385407227324322,0.2756066147424281,4,"1000,1001,1002,1003",90200,200,True
repeat-copy,controls,ber,none,55200,0.13663486269171699,0.12860321709624956,0.00011932105990126729,0.27161360350437463,4,"1000,1001,1002,1003",90200,200,True
repeat-copy,controls,ber,none,55400,0.1364805261688889,0.13247817990899194,0.0,0.2733224527630955,4,"1000,1001,1002,1003",90200,200,True
repeat-copy,controls,ber,none,55600,0.13188714019488543,0.12631015417006883,7.814720040187239e-05,0.26319702675566076,4,"1000,1001,1002,1003",90200,200,True
repeat-copy,controls,ber,none,55800,0.13291763586792515,0.12647676977800731,0.0006145762192318216,0.26148976063355805,4,"1000,1001,1002,1003",90200,200,True
repeat-copy,controls,ber,none,56000,0.1304198412875121,0.12633176378000582,0.0006666667014360428,0.2575692552141845,4,"1000,1001,1002,1003",90200,200,True
repeat-copy,controls,ber,none,56200,0.13500494256193632,0.1313268275744656,0.0,0.27150869550183415,4,"1000,1001,1002,1003",90200,200,True
repeat-copy,controls,ber,none,56400,0.1329895523926825,0.12907750832869758,0.0,0.26722339357249436,4,"1000,1001,1002,1003",90200,200,True
repeat-copy,controls,ber,none,56600,0.13927241956975195,0.13266764949112972,0.004071637978195213,0.27369688908569517,4,"1000,1001,1002,1003",90200,200,True
repeat-copy,controls,ber,none,56800,0.13439521034699284,0.13161210480253668,0.0,0.2680412952695042,4,"1000,1001,1002,1003",90200,200,True
repeat-copy,controls,ber,none,57000,0.1290066569444025,0.12818365259021364,0.0,0.2618666723649949,4,"1000,1001,1002,1003",90200,200,True
repeat-copy,controls,ber,none,57200,0.1382012678826868,0.13547122907900178,0.0007724627421703189,0.27451987436041236,4,"1000,1001,1002,1003",90200,200,True
repeat-copy,controls,ber,none,57400,0.13317699750230533,0.13095544742797247,0.00041087962687015535,0.2713202861789614,4,"1000,1001,1002,1003",90200,200,True
repeat-copy,controls,ber,none,57600,0.1349928384005034,0.12380159433852585,0.00014939308632165195,0.27347968748770657,4,"1000,1001,1002,1003",90200,200,True
repeat-copy,controls,ber,none,57800,0.13083105693629477,0.1279054164108015,0.0008326286752708257,0.26290184995159505,4,"1000,1001,1002,1003",90200,200,True
repeat-copy,controls,ber,none,58000,0.13135015238629422,0.12896180779623748,0.00016771282593254,0.26405289482325317,4,"1000,1001,1002,1003",90200,200,True
repeat-copy,controls,ber,none,58200,0.13093937212339368,0.12920927422130768,5.432476056739688e-05,0.2617914974410087,4,"1000,1001,1002,1003",90200,200,True
repeat-copy,controls,ber,none,58400,0.13411883631459204,0.12683982402441363,0.0,0.26479816111736,4,"1000,1001,1002,1003",90200,200,True
repeat-copy,controls,ber,none,58600,0.12914336846704827,0.12638922292296476,0.0,0.25626400837674734,4,"1000,1001,1002,1003",90200,200,True
repeat-copy,controls,ber,none,58800,0.12927868502403725,0.12805346408723417,9.448949305806308e-05,0.2586982028093189,4,"1000,1001,1002,1003",90200,200,True
repeat-copy,controls,ber,none,59000,0.13037837066382052,0.12650386201985664,0.0,0.259240799723193,4,"1000,1001,1002,1003",90200,200,True
repeat-copy,controls,ber,none,59200,0.1291117845312692,0.1279468790340737,0.0,0.263153913449496,4,"1000,1001,1002,1003",90200,200,True
repeat-copy,controls,ber,none,59400,0.1301654707128182,0.12837204632953642,0.00011887982720509171,0.26628763718530535,4,"1000,1001,1002,1003",90200,200,True
repeat-copy,controls,ber,none,59600,0.12847367144422606,0.12370386188307304,0.0005695155239664018,0.2616758105531335,4,"1000,1001,1002,1003",90200,200,True
repeat-copy,controls,ber,none,59800,0.12841110325054617,0.12716716943952228,9.97150968760252e-05,0.267731298673898,4,"1000,1001,1002,1003",90200,200,True
repeat-copy,controls,ber,none,60000,0.13047973620617995,0.12890063012143602,0.001088642188697122,0.2607110627181828,4,"1000,1001,1002,1003",90200,200,True
repeat-copy,controls,ber,none,60200,0.1298416573123541,0.12475610569620937,5.7870370801538225e-06,0.2603513052221388,4,"1000,1001,1002,1003",90200,200,True
repeat-copy,controls,ber,none,60400,0.135235619306186,0.1229374167343549,0.0,0.2617995295114815,4,"1000,1001,1002,1003",90200,200,True
repeat-copy,controls,ber,none,60600,0.13015797849890076,0.12761852479037475,0.002197307708556764,0.26268884222954514,4,"1000,1001,1002,1003",90200,200,True
repeat-copy,controls,ber,none,60800,0.13089425092082818,0.13028213940215766,7.961752766277641e-05,0.26575011199805887,4,"1000,1001,1002,1003",90200,200,True
repeat-copy,controls,ber,none,61000,0.1260783018100483,0.12538184121187887,0.00028257207944989206,0.2621247713593766,4,"1000,1001,1002,1003",90200,200,True
repeat-copy,controls,ber,none,61200,0.1335383917755098,0.12891729116957013,0.000250663582701236,0.2700370692741126,4,"1000,1001,1002,1003",90200,200,True
repeat-copy,controls,ber,none,61400,0.13037644220428773,0.12909195055968978,0.0,0.26645594970323144,4,"1000,1001,1002,1003",90200,200,True
repeat-copy,controls,ber,none,61600,0.12946333163476084,0.12786294657916591,0.00014273221837356686,0.26137634824961425,4,"1000,1001,1002,1003",90200,200,True
repeat-copy,controls,ber,none,61800,0.12807482932606945,0.12480468317791485,0.00018512135604396463,0.2555583319440484,4,"1000,1001,1002,1003",90200,200,True
repeat-copy,controls,ber,none,62000,0.12692138979560696,0.1243588539197984,0.0,0.256112402882427,4,"1000,1001,1002,1003",90200,200,True
repeat-copy,controls,ber,none,62200,0.12611687088327017,0.1255002807584531,6.317887920886278e-05,0.2554805917246267,4,"1000,1001,1002,1003",90200,200,True
repeat-copy,controls,ber,none,62400,0.1256813459722616,0.12476027772026414,0.0,0.25306854957714675,4,"1000,1001,1002,1003",90200,200,True
repeat-copy,controls,ber,none,62600,0.1210830412415089,0.12067668975362085,7.098144618794322e-05,0.24619304199703038,4,"1000,1001,1002,1003",90200,200,True
repeat-copy,controls,ber,none,62800,0.1252989586062904,0.1239025897944137,8.412591414526105e-05,0.25357336779590695,4,"1000,1001,1002,1003",90200,200,True
repeat-copy,controls,ber,none,63000,0.12785814759437925,0.12678905700967968,0.0,0.26619735959917307,4,"1000,1001,1002,1003",90200,200,True
repeat-copy,controls,ber,none,63200,0.12016998895982398,0.12010473876756253,0.0,0.25047303915955127,4,"1000,1001,1002,1003",90200,200,True
repeat-copy,controls,ber,none,63400,0.12637477885728005,0.12494645686206911,2.909643342718482e-05,0.268329683993943,4,"1000,1001,1002,1003",90200,200,True
repeat-copy,controls,ber,none,63600,0.1253095042592031,0.12364955895635495,0.0003305522922892123,0.24929185846820473,4,"1000,1001,1002,1003",90200,200,True
repeat-copy,controls,ber,none,63800,0.12846279213903472,0.1263540820539407,8.547008968889713e-05,0.2666668112948537,4,"1000,1001,1002,1003",90200,200,True
repeat-copy,controls,ber,none,64000,0.1276337715779664,0.12776886268825094,0.0,0.26742964804172514,4,"1000,1001,1002,1003",90200,200,True
repeat-copy,controls,ber,none,64200,0.12420133348787203,0.12458996177573406,0.0,0.2651776039972901,4,"1000,1001,1002,1003",90200,200,True
repeat-copy,controls,ber,none,64400,0.12130182786917432,0.12101378651344048,0.00010416666977107525,0.2571468312945217,4,"1000,1001,1002,1003",90200,200,True
repeat-copy,controls,ber,none,64600,0.12565583524556134,0.12044021090044169,0.0006076010677497834,0.2524374298937619,4,"1000,1001,1002,1003",90200,200,True
repeat-copy,controls,ber,none,64800,0.12288969051325695,0.12280031871764964,0.0,0.2557377691054717,4,"1000,1001,1002,1003",90200,200,True
repeat-copy,controls,ber,none,65000,0.12878448006755208,0.12775867963041249,0.0,0.2691614001290873,4,"1000,1001,1002,1003",90200,200,True
repeat-copy,controls,ber,none,65200,0.12031777050899109,0.12035530136384885,0.0,0.24677174544427544,4,"1000,1001,1002,1003",90200,200,True
repeat-copy,controls,ber,none,65400,0.13043868268985534,0.12842093842096503,6.734006572514773e-05,0.27252459740266205,4,"1000,1001,1002,1003",90200,200,True
repeat-copy,controls,ber,none,65600,0.12326971141403191,0.12200965422730765,0.0,0.2534487202297896,4,"1000,1001,1002,1003",90200,200,True
repeat-copy,controls,ber,none,65800,0.12703642646840307,0.12120830583837461,0.0004596009734086692,0.24976290856022387,4,"1000,1001,1002,1003",90200,200,True
repeat-copy,controls,ber,none,66000,0.126288659862621,0.1255320956229152,0.0,0.2590599306952208,4,"1000,1001,1002,1003",90200,200,True
repeat-copy,controls,ber,none,66200,0.1282023434402072,0.12729202243514434,0.0,0.2677946852147579,4,"1000,1001,1002,1003",90200,200,True
repeat-copy,controls,ber,none,66400,0.13094361864365056,0.12558597814394218,6.410256493836641e-05,0.26585663846693935,4,"1000,1001,1002,1003",90200,200,True
repeat-copy,controls,ber,none,66600,0.11980302961310371,0.11968705537929801,0.0,0.2541678612306714,4,"1000,1001,1002,1003",90200,200,True
repeat-copy,controls,ber,none,66800,0.12416744261921848,0.12390489726769739,5.050505045801401e-05,0.2641304342634976,4,"1000,1001,1002,1003",90200,200,True
repeat-copy,controls,ber,none,67000,0.12021837074687938,0.1191241916257639,0.0003296160022728145,0.2508603558409959,4,"1000,1001,1002,1003",90200,200,True
repeat-copy,controls,ber,none,67200,0.11660311918734806,0.11563532691532086,0.0,0.24453725814819335,4,"1000,1001,1002,1003",90200,200,True
repeat-copy,controls,ber,none,67400,0.11943235077415011,0.11982994721647737,0.00013712754007428886,0.25771557114087046,4,"1000,1001,1002,1003",90200,200,True
repeat-copy,controls,ber,none,67600,0.12844855231116525,0.12829016469176158,6.16123666986823e-05,0.26333915427327154,4,"1000,1001,1002,1003",90200,200,True
repeat-copy,controls,ber,none,67800,0.11733941858517938,0.1167404205067723,0.0,0.23957951954565943,4,"1000,1001,1002,1003",90200,200,True
repeat-copy,controls,ber,none,68000,0.11679671838486683,0.11390401692779435,0.001263616532087326,0.24398953335825355,4,"1000,1001,1002,1003",90200,200,True
repeat-copy,controls,ber,none,68200,0.12267084059101761,0.12140088008922799,0.00018877958646044136,0.2499634242383763,4,"1000,1001,1002,1003",90200,200,True
repeat-copy,controls,ber,none,68400,0.12316679634954199,0.1228613722927259,0.0001307650131639093,0.2576665700040758,4,"1000,1001,1002,1003",90200,200,True
repeat-copy,controls,ber,none,68600,0.12507041508622932,0.1257671878864651,0.0,0.27075221497099844,4,"1000,1001,1002,1003",90200,200,True
repeat-copy,controls,ber,none,68800,0.12209687220281921,0.12198443745481648,0.0,0.2580578573793173,4,"1000,1001,1002,1003",90200,200,True
repeat-copy,controls,ber,none,69000,0.11699291378317866,0.11688555544704642,0.00014112903270870446,0.24803882048930972,4,"1000,1001,1002,1003",90200,200,True
repeat-copy,controls,ber,none,69200,0.12306920763789095,0.12283743413414709,0.00025066477013751864,0.25170049000531436,4,"1000,1001,1002,1003",90200,200,True
repeat-copy,controls,ber,none,69400,0.11747437441867077,0.11768995808716895,0.0,0.24549724653363228,4,"1000,1001,1002,1003",90200,200,True
repeat-copy,controls,ber,none,69600,0.12212483925977721,0.12277437539504585,7.3099415749311445e-06,0.2626813912112266,4,"1000,1001,1002,1003",90200,200,True
repeat-copy,controls,ber,none,69800,0.11793056300026364,0.11780659182329863,5.050505045801401e-05,0.24443869634531437,4,"1000,1001,1002,1003",90200,200,True
repeat-copy,controls,ber,none,70000,0.11889090898912401,0.11954610766037095,0.00011969512095674873,0.2569288374390453,4,"1000,1001,1002,1003",90200,200,True
repeat-copy,controls,ber,none,70200,0.11771149385051102,0.11571058555439374,0.0,0.25285863120574503,4,"1000,1001,1002,1003",90200,200,True
repeat-copy,controls,ber,none,70400,0.11597991489223206,0.1156120181872863,1.2077294522896409e-05,0.24311197149567307,4,"1000,1001,1002,1003",90200,200,True
repeat-copy,controls,ber,none,70600,0.11780207287156373,0.11722826991221921,3.4293553326278925e-05,0.2518103048577905,4,"1000,1001,1002,1003",90200,200,True
repeat-copy,controls,ber,none,70800,0.11716915677650833,0.11415926414208652,0.0022603748727124183,0.24008958014659584,4,"1000,1001,1002,1003",90200,200,True
repeat-copy,controls,ber,none,71000,0.11961045059011668,0.11968224592506169,0.00010607537580654026,0.2523116147937253,4,"1000,1001,1002,1003",90200,200,True
repeat-copy,controls,ber,none,71200,0.1158446010154148,0.11582980179485075,4.981589736416936e-05,0.24858192645478994,4,"1000,1001,1002,1003",90200,200,True
repeat-copy,controls,ber,none,71400,0.11734400673827622,0.11766697571606621,0.0,0.25247989263385534,4,"1000,1001,1002,1003",90200,200,True
repeat-copy,controls,ber,none,71600,0.11495813443063525,0.11497836462555139,0.0004521963745355606,0.24428930276539176,4,"1000,1001,1002,1003",90200,200,True
repeat-copy,controls,ber,none,71800,0.11041736758023035,0.11138772642389157,6.815979839302599e-05,0.24275813887361436,4,"1000,1001,1002,1003",90200,200,True
repeat-copy,controls,ber,none,72000,0.11830089988856343,0.11628044041714808,5.4466230794787405e-05,0.2551349003007635,4,"1000,1001,1002,1003",90200,200,True
repeat-copy,controls,ber,none,72200,0.11930955899413676,0.1149126334014962,0.0,0.2432069541653618,4,"1000,1001,1002,1003",90200,200,True
repeat-copy,controls,ber,none,72400,0.1157004824190517,0.11507975834944562,0.0,0.24987759196432308,4,"1000,1001,1002,1003",90200,200,True
repeat-copy,controls,ber,none,72600,0.11703157094409106,0.11730332053345767,1.8214936135336755e-05,0.24827309381682425,4,"1000,1001,1002,1003",90200,200,True
repeat-copy,controls,ber,none,72800,0.11592808755260195,0.11532944321655071,6.557228742167354e-05,0.24413154879119248,4,"1000,1001,1002,1003",90200,200,True
repeat-copy,controls,ber,none,73000,0.11608362695726102,0.1161322676209756,0.0,0.2441174482414499,4,"1000,1001,1002,1003",90200,200,True
repeat-copy,controls,ber,none,73200,0.11633368171984329,0.1155147750840212,0.0,0.23434804409276694,4,"1000,1001,1002,1003",90200,200,True
repeat-copy,controls,ber,none,73400,0.11703074776814901,0.11284853769829535,0.0003549382742494345,0.24959979678038507,4,"1000,1001,1002,1003",90200,200,True
repeat-copy,controls,ber,none,73600,0.11551381757541093,0.11502191578548239,3.623188473284245e-05,0.24692611007019877,4,"1000,1001,1002,1003",90200,200,True
repeat-copy,controls,ber,none,73800,0.1165221469142125,0.11693268932599776,0.0002083333395421505,0.25338519141078,4,"1000,1001,1002,1003",90200,200,True
repeat-copy,controls,ber,none,74000,0.11140678497555201,0.11110906585534913,0.00011111111380159854,0.22982424926478415,4,"1000,1001,1002,1003",90200,200,True
repeat-copy,controls,ber,none,74200,0.11829941281175707,0.11037025758797896,2.347417874261737e-05,0.2462758289789781,4,"1000,1001,1002,1003",90200,200,True
repeat-copy,controls,ber,none,74400,0.12217200107581447,0.10664109496437263,1.4245014172047377e-05,0.24950393019244074,4,"1000,1001,1002,1003",90200,200,True
repeat-copy,controls,ber,none,74600,0.11390068100212375,0.11320389227548294,0.0,0.2429738612892106,4,"1000,1001,1002,1003",90200,200,True
repeat-copy,controls,ber,none,74800,0.1144007887004409,0.1148667900864921,0.0,0.24654484912753105,4,"1000,1001,1002,1003",90200,200,True
repeat-copy,controls,ber,none,75000,0.1162294387561269,0.11545403056762475,0.0002083333395421505,0.24548782497178764,4,"1000,1001,1002,1003",90200,200,True
repeat-copy,controls,ber,none,75200,0.11788677594304317,0.11686097743231894,0.0001405858399812132,0.24517753530293704,4,"1000,1001,1002,1003",90200,200,True
repeat-copy,controls,ber,none,75400,0.11226183006016072,0.11155769611867314,0.00030373532441444693,0.2293452437920496,4,"1000,1001,1002,1003",90200,200,True
repeat-copy,controls,ber,none,75600,0.10940802952565717,0.10974216387083835,1.9841270986944437e-05,0.23131144050974398,4,"1000,1001,1002,1003",90200,200,True
repeat-copy,controls,ber,none,75800,0.11125278758001514,0.11190753737976582,1.5432098880410195e-05,0.24059463444631546,4,"1000,1001,1002,1003",90200,200,True
repeat-copy,controls,ber,none,76000,0.11651657420879928,0.11577700930258591,0.00019745164201594889,0.2451849335990846,4,"1000,1001,1002,1003",90200,200,True
repeat-copy,controls,ber,none,76200,0.11164662173367104,0.11052808694566675,0.0005614064534893259,0.2378905122866854,4,"1000,1001,1002,1003",90200,200,True
repeat-copy,controls,ber,none,76400,0.11273833636572818,0.11313365053811732,3.883721656166017e-05,0.24234332204796374,4,"1000,1001,1002,1003",90200,200,True
repeat-copy,controls,ber,none,76600,0.11185554685886018,0.11191754822864643,0.00029245092067867515,0.23775935125537218,4,"1000,1001,1002,1003",90200,200,True
repeat-copy,controls,ber,none,76800,0.11535361995003768,0.11499896574780409,0.0,0.23692491669906304,4,"1000,1001,1002,1003",90200,200,True
repeat-copy,controls,ber,none,77000,0.11890108462655917,0.11852728403022698,0.0001612084312364459,0.24487176983151585,4,"1000,1001,1002,1003",90200,200,True
repeat-copy,controls,ber,none,77200,0.11092751699034124,0.11187037696935875,0.0,0.2429944478906691,4,"1000,1001,1002,1003",90200,200,True
repeat-copy,controls,ber,none,77400,0.11184298358319211,0.11252110158880553,0.0,0.24423046005424112,4,"1000,1001,1002,1003",90200,200,True
repeat-copy,controls,ber,none,77600,0.1156556713959435,0.11623688783716933,0.0,0.24808565438725055,4,"1000,1001,1002,1003",90200,200,True
repeat-copy,controls,ber,none,77800,0.11000687863968778,0.11081667986614505,8.960573934018611e-05,0.2402795418538153,4,"1000,1001,1002,1003",90200,200,True
repeat-copy,controls,ber,none,78000,0.11303719054034445,0.10709981330692807,0.00010121457744389772,0.2380990538513288,4,"1000,1001,1002,1003",90200,200,True
repeat-copy,controls,ber,none,78200,0.11225097776434267,0.11262170403242643,0.0,0.23766144454479218,4,"1000,1001,1002,1003",90200,200,True
repeat-copy,controls,ber,none,78400,0.11688859996764223,0.11777752317908839,0.0,0.2568549370369874,4,"1000,1001,1002,1003",90200,200,True
repeat-copy,controls,ber,none,78600,0.10830483004276176,0.10878355316264791,0.0,0.23241092110984027,4,"1000,1001,1002,1003",90200,200,True
repeat-copy,controls,ber,none,78800,0.10906691751646576,0.10950380899411961,0.0004408507456537336,0.23837738450616597,4,"1000,1001,1002,1003",90200,200,True
repeat-copy,controls,ber,none,79000,0.1105093279335415,0.11049943225449115,0.0003030303120613098,0.23300260375253856,4,"1000,1001,1002,1003",90200,200,True
repeat-copy,controls,ber,none,79200,0.113220008048811,0.11360393792531821,0.0,0.24642723618075252,4,"1000,1001,1002,1003",90200,200,True
repeat-copy,controls,ber,none,79400,0.11115441061614548,0.11055908969098839,0.0,0.22379191498272122,4,"1000,1001,1002,1003",90200,200,True
repeat-copy,controls,ber,none,79600,0.10924776293511967,0.1101434745186453,0.0,0.23951270136982203,4,"1000,1001,1002,1003",90200,200,True
repeat-copy,controls,ber,none,79800,0.11202185362693853,0.11206156078244146,0.00037955466657876966,0.24097195516340433,4,"1000,1001,1002,1003",90200,200,True
repeat-copy,controls,ber,none,80000,0.10403932846151293,0.10477976632579171,1.1574074160307645e-05,0.22588111393619328,4,"1000,1001,1002,1003",90200,200,True
repeat-copy,controls,ber,none,80200,0.11963621732837054,0.11958947869887929,0.0,0.2443535732664168,4,"1000,1001,1002,1003",90200,200,True
repeat-copy,controls,ber,none,80400,0.11421798152528936,0.11364718435221631,9.852217161096633e-05,0.23885294248349964,4,"1000,1001,1002,1003",90200,200,True
repeat-copy,controls,ber,none,80600,0.11323188737733289,0.11443066717298164,3.700719214975834e-05,0.2502450095256791,4,"1000,1001,1002,1003",90200,200,True
repeat-copy,controls,ber,none,80800,0.11166370537714101,0.1118339245125785,0.0,0.24127124484162776,4,"1000,1001,1002,1003",90200,200,True
repeat-copy,controls,ber,none,81000,0.10978479435754707,0.11031891464520975,0.0,0.23784588488051667,4,"1000,1001,1002,1003",90200,200,True
repeat-copy,controls,ber,none,81200,0.11144231698679505,0.11138667370920838,0.0,0.2382283458299935,4,"1000,1001,1002,1003",90200,200,True
repeat-copy,controls,ber,none,81400,0.11236535215182812,0.11203917926647436,0.0,0.22674652409739793,4,"1000,1001,1002,1003",90200,200,True
repeat-copy,controls,ber,none,81600,0.11064744968316517,0.1109625148554953,0.0,0.2331119702104479,4,"1000,1001,1002,1003",90200,200,True
repeat-copy,controls,ber,none,81800,0.11373921803489792,0.10680221049134304,0.00016985613154247404,0.23381561997812242,4,"1000,1001,1002,1003",90200,200,True
repeat-copy,controls,ber,none,82000,0.11179512008369785,0.11123272798683913,0.00012739641591906546,0.2400424500880763,4,"1000,1001,1002,1003",90200,200,True
repeat-copy,controls,ber,none,82200,0.11379584101538058,0.11198968107790468,0.0016602348507149145,0.23358288143994288,4,"1000,1001,1002,1003",90200,200,True
repeat-copy,controls,ber,none,82400,0.10792818359244849,0.10770739515315349,0.0,0.22295711083570496,4,"1000,1001,1002,1003",90200,200,True
repeat-copy,controls,ber,none,82600,0.10862860754452414,0.10864095004373707,0.0,0.22180711248423904,4,"1000,1001,1002,1003",90200,200,True
repeat-copy,controls,ber,none,82800,0.10984100707952166,0.10998725355834173,0.0,0.23245391296455636,4,"1000,1001,1002,1003",90200,200,True
repeat-copy,controls,ber,none,83000,0.10544704055821058,0.10628007143570442,0.0,0.23100672168890013,4,"1000,1001,1002,1003",90200,200,True
repeat-copy,controls,ber,none,83200,0.10518399085558486,0.10532398859093856,0.0,0.2180453042127192,4,"1000,1001,1002,1003",90200,200,True
repeat-copy,controls,ber,none,83400,0.10449617154779844,0.10292621296896627,0.0006257639452815056,0.2208861180418171,4,"1000,1001,1002,1003",90200,200,True
repeat-copy,controls,ber,none,83600,0.10949986678286222,0.10799704302007765,9.633392328396439e-05,0.2342219225061126,4,"1000,1001,1002,1003",90200,200,True
repeat-copy,controls,ber,none,83800,0.11355377583910012,0.11302528434761919,0.0,0.2298169673141092,4,"1000,1001,1002,1003",90200,200,True
repeat-copy,controls,ber,none,84000,0.1105867363246216,0.11133816292468021,0.0,0.24019206464290618,4,"1000,1001,1002,1003",90200,200,True
repeat-copy,controls,ber,none,84200,0.10522231770533835,0.10527817610843475,0.0,0.21682210587896406,4,"1000,1001,1002,1003",90200,200,True
repeat-copy,controls,ber,none,84400,0.10828042537526927,0.10674213256235004,8.145363535732031e-05,0.22063366824761033,4,"1000,1001,1002,1003",90200,200,True
repeat-copy,controls,ber,none,84600,0.10508695125055965,0.10435090953438973,0.0,0.21002629444468768,4,"1000,1001,1002,1003",90200,200,True
repeat-copy,controls,ber,none,84800,0.10613281672558514,0.10622345337264252,9.421950671821833e-05,0.22752034129109233,4,"1000,1001,1002,1003",90200,200,True
repeat-copy,controls,ber,none,85000,0.10305356898039464,0.10296053704268673,6.858710607048124e-05,0.21217524940846488,4,"1000,1001,1002,1003",90200,200,True
repeat-copy,controls,ber,none,85200,0.11113706811986049,0.11119208081112929,0.0,0.22897950867190958,4,"1000,1001,1002,1003",90200,200,True
repeat-copy,controls,ber,none,85400,0.10593468461855082,0.10632455832340457,0.0,0.22488158472115174,4,"1000,1001,1002,1003",90200,200,True
repeat-copy,controls,ber,none,85600,0.10469397113949527,0.10462805588870965,0.0,0.21342339581344277,4,"1000,1001,1002,1003",90200,200,True
repeat-copy,controls,ber,none,85800,0.10687082602045847,0.10675730021058316,0.0,0.2228215684182942,4,"1000,1001,1002,1003",90200,200,True
repeat-copy,controls,ber,none,86000,0.11345617083075922,0.11354358252948514,1.5015015378594398e-05,0.2343692679121159,4,"1000,1001,1002,1003",90200,200,True
repeat-copy,controls,ber,none,86200,0.12113416586420499,0.12113579735933007,0.0,0.2431574461911805,4,"1000,1001,1002,1003",90200,200,True
repeat-copy,controls,ber,none,86400,0.10374873809836571,0.1031799041591158,0.00033122372231446205,0.21507973689818755,4,"1000,1001,1002,1003",90200,200,True
repeat-copy,controls,ber,none,86600,0.10601499819458696,0.10564396749924967,0.0,0.21241400930099189,4,"1000,1001,1002,1003",90200,200,True
repeat-copy,controls,ber,none,86800,0.1025503081655188,0.1010089321438442,0.0003533217613585293,0.21338845442282037,4,"1000,1001,1002,1003",90200,200,True
repeat-copy,controls,ber,none,87000,0.10820127362327184,0.10815737836037742,0.0,0.21897493812721222,4,"1000,1001,1002,1003",90200,200,True
repeat-copy,controls,ber,none,87200,0.10802204243474989,0.10863163922738786,0.0,0.2324641542811878,4,"1000,1001,1002,1003",90200,200,True
repeat-copy,controls,ber,none,87400,0.10240272987954085,0.10256195984819197,0.0,0.21310435896739363,4,"1000,1001,1002,1003",90200,200,True
repeat-copy,controls,ber,none,87600,0.11237745494523552,0.11228837906885444,0.0,0.23846359971677886,4,"1000,1001,1002,1003",90200,200,True
repeat-copy,controls,ber,none,87800,0.1113759082328761,0.11127280468302585,0.0,0.23377503226045518,4,"1000,1001,1002,1003",90200,200,True
repeat-copy,controls,ber,none,88000,0.10200874891073908,0.10186241598264585,0.00013741950038820505,0.20749223031569272,4,"1000,1001,1002,1003",90200,200,True
repeat-copy,controls,ber,none,88200,0.11170047105639241,0.1117349920788269,0.0,0.2273285929718986,4,"1000,1001,1002,1003",90200,200,True
repeat-copy,controls,ber,none,88400,0.11287891730549746,0.11288697298066555,0.0,0.23669400215148925,4,"1000,1001,1002,1003",90200,200,True
repeat-copy,controls,ber,none,88600,0.11009960390918422,0.10967688233882127,0.0003958592633716762,0.22286909627262502,4,"1000,1001,1002,1003",90200,200,True
repeat-copy,controls,ber,none,88800,0.10405520850530593,0.1034355998133734,0.0,0.22360513721825556,4,"1000,1001,1002,1003",90200,200,True
repeat-copy,controls,ber,none,89000,0.11273155747854616,0.11264482813834639,0.0,0.22608673541806637,4,"1000,1001,1002,1003",90200,200,True
repeat-copy,controls,ber,none,89200,0.10186425138846972,0.10190725888696922,0.0,0.2114279828593135,4,"1000,1001,1002,1003",90200,200,True
repeat-copy,controls,ber,none,89400,0.1017575181547727,0.10132725447775955,0.0003046327776974067,0.2096550124906935,4,"1000,1001,1002,1003",90200,200,True
repeat-copy,controls,ber,none,89600,0.11151632515888196,0.11095725664776471,0.00010033670114353299,0.23041357008740307,4,"1000,1001,1002,1003",90200,200,True
repeat-copy,controls,ber,none,89800,0.1059852643380873,0.10605222462714824,0.0,0.22700645273551345,4,"1000,1001,1002,1003",90200,200,True
repeat-copy,controls,ber,none,90000,0.09723004219733411,0.09692006066368604,0.0,0.19426336664473637,4,"1000,1001,1002,1003",90200,200,True
repeat-copy,controls,ber,none,90200,0.10353662746638292,0.10346083995359757,2.8490028344094754e-05,0.20744249319424854,4,"1000,1001,1002,1003",90200,200,True
repeat-copy,controls,ber,zero,200,0.4327965733408928,0.003223035862858801,0.4299914091825485,0.43825327448546886,4,"1000,1001,1002,1003",90200,200,True
repeat-copy,controls,ber,zero,400,0.41319756329059604,0.003399424602281874,0.4090500746667385,0.41727689549326896,4,"1000,1001,1002,1003",90200,200,True
repeat-copy,controls,ber,zero,600,0.40337930271402,0.004258945773360235,0.39633031859993934,0.4071739472448826,4,"1000,1001,1002,1003",90200,200,True
repeat-copy,controls,ber,zero,800,0.3956550869904458,0.001993741589558253,0.39306426741182804,0.39826967924833295,4,"1000,1001,1002,1003",90200,200,True
repeat-copy,controls,ber,zero,1000,0.38597404602915053,0.004538177045680568,0.37904256708920003,0.39012943290174007,4,"1000,1001,1002,1003",90200,200,True
repeat-copy,controls,ber,zero,1200,0.38027011234313246,0.0032411539158070705,0.3775401735305786,0.38566927291452885,4,"1000,1001,1002,1003",90200,200,True
repeat-copy,controls,ber,zero,1400,0.3760552558489144,0.005465844260113022,0.367797761335969,0.3823396524786949,4,"1000,1001,1002,1003",90200,200,True
repeat-copy,controls,ber,zero,1600,0.369278328474611,0.005651786540876323,0.36227302864193917,0.3775932808965445,4,"1000,1001,1002,1003",90200,200,True
repeat-copy,controls,ber,zero,1800,0.36829614981077613,0.0026351074290241858,0.3646354236826301,0.37164032623171805,4,"1000,1001,1002,1003",90200,200,True
repeat-copy,controls,ber,zero,2000,0.36201664141379297,0.0013459630415682915,0.36026562444865706,0.3638406299054623,4,"1000,1001,1002,1003",90200,200,True
repeat-copy,controls,ber,zero,2200,0.36445866083726286,0.002734886945465576,0.36147521406412125,0.3677646008133888,4,"1000,1001,1002,1003",90200,200,True
repeat-copy,controls,ber,zero,2400,0.35931593377143145,0.003926673770351592,0.353873155079782,0.36353917062282565,4,"1000,1001,1002,1003",90200,200,True
repeat-copy,controls,ber,zero,2600,0.3524601178895682,0.004374770499225127,0.34602618128061297,0.3577795097976923,4,"1000,1001,1002,1003",90200,200,True
repeat-copy,controls,ber,zero,2800,0.35536456455476584,0.003015990201312698,0.3502404747903347,0.35795296348631384,4,"1000,1001,1002,1003",90200,200,True
repeat-copy,controls,ber,zero,3000,0.35008551403880117,0.005332555211440092,0.34467555791139604,0.3589444664120674,4,"1000,1001,1002,1003",90200,200,True
repeat-copy,controls,ber,zero,3200,0.3469084866251797,0.001559704402153463,0.3448128953948617,0.3488315537571907,4,"1000,1001,1002,1003",90200,200,True
repeat-copy,controls,ber,zero,3400,0.34772169805131853,0.0016340751231232653,0.3462974797934294,0.3504610126465559,4,"1000,1001,1002,1003",90200,200,True
repeat-copy,controls,ber,zero,3600,0.34242035998031495,0.0016901467346808932,0.3400756562128663,0.3442893648147583,4,"1000,1001,1002,1003",90200,200,True
repeat-copy,controls,ber,zero,3800,0.3405940525792539,0.00629314340914819,0.33439275328069923,0.3499898125976324,4,"1000,1001,1002,1003",90200,200,True
repeat-copy,controls,ber,zero,4000,0.34218893595039845,0.005526582946455736,0.3329895308986306,0.3477385713905096,4,"1000,1001,1002,1003",90200,200,True
repeat-copy,controls,ber,zero,4200,0.335941614061594,0.0024839576462670847,0.33235374934971335,0.3388943737745285,4,"1000,1001,1002,1003",90200,200,True
repeat-copy,controls,ber,zero,4400,0.33715686221607033,0.0028111984007463007,0.332937654517591,0.3403383598476648,4,"1000,1001,1002,1003",90200,200,True
repeat-copy,controls,ber,zero,4600,0.33706843138672415,0.006371704223686284,0.33053967867046596,0.34761516787111757,4,"1000,1001,1002,1003",90200,200,True
repeat-copy,controls,ber,zero,4800,0.3363361842837184,0.0034589731575635574,0.3312874925509095,0.34074799552559853,4,"1000,1001,1002,1003",90200,200,True
repeat-copy,controls,ber,zero,5000,0.3333218895737082,0.002403690534734814,0.3300472378730774,0.3363304131105542,4,"1000,1001,1002,1003",90200,200,True
repeat-copy,controls,ber,zero,5200,0.32913395375944676,0.0035464861498361055,0.32385193221271036,0.33284284695982935,4,"1000,1001,1002,1003",90200,200,True
repeat-copy,controls,ber,zero,5400,0.3313510746788234,0.005656755627764312,0.32463646538555624,0.340112275108695,4,"1000,1001,1002,1003",90200,200,True
repeat-copy,controls,ber,zero,5600,0.33057975753210483,0.003728233647143861,0.32587578874081374,0.3360265872254968,4,"1000,1001,1002,1003",90200,200,True
repeat-copy,controls,ber,zero,5800,0.32696256147231906,0.004056712150078502,0.32135881785303355,0.3324342098645866,4,"1000,1001,1002,1003",90200,200,True
repeat-copy,controls,ber,zero,6000,0.32811805928125976,0.004167080277431329,0.32292438685894015,0.33394588947296144,4,"1000,1001,1002,1003",90200,200,True
repeat-copy,controls,ber,zero,6200,0.3323327839747071,0.002413552319180336,0.32901662606745957,0.3350222246348858,4,"1000,1001,1002,1003",90200,200,True
repeat-copy,controls,ber,zero,6400,0.32861414399230854,0.0032178092387342623,0.3235064322501421,0.33181990914046766,4,"1000,1001,1002,1003",90200,200,True
repeat-copy,controls,ber,zero,6600,0.3266213935194537,0.004258200272391935,0.32310839522629975,0.33390560913830997,4,"1000,1001,1002,1003",90200,200,True
repeat-copy,controls,ber,zero,6800,0.325277993278578,0.0009795182585616014,0.3239024931937456,0.32645024586468935,4,"1000,1001,1002,1003",90200,200,True
repeat-copy,controls,ber,zero,7000,0.3278366833273321,0.0011546234155508381,0.32658261694014074,0.32968581531196833,4,"1000,1001,1002,1003",90200,200,True
repeat-copy,controls,ber,zero,7200,0.33030601472593846,0.0038812430915540243,0.3238995737582445,0.3339122355356812,4,"1000,1001,1002,1003",90200,200,True
repeat-copy,controls,ber,zero,7400,0.3266459080064669,0.00606473565713249,0.31653754714876414,0.33176885979250076,4,"1000,1001,1002,1003",90200,200,True
repeat-copy,controls,ber,zero,7600,0.324028397500515,0.003994076112757733,0.3197793488577008,0.32947496462613346,4,"1000,1001,1002,1003",90200,200,True
repeat-copy,controls,ber,zero,7800,0.3268222461733967,0.0018502518431623308,0.3248523337393999,0.3294738081097603,4,"1000,1001,1002,1003",90200,200,True
repeat-copy,controls,ber,zero,8000,0.3240275961859152,0.0011440938940904396,0.3221115493774414,0.32511617444455626,4,"1000,1001,1002,1003",90200,200,True
repeat-copy,controls,ber,zero,8200,0.32221371853724123,0.00331180354029019,0.3182439424097538,0.32744079250842334,4,"1000,1001,1002,1003",90200,200,True
repeat-copy,controls,ber,zero,8400,0.3202747727325186,0.004358102419239034,0.31284440886229276,0.3239958829432726,4,"1000,1001,1002,1003",90200,200,True
repeat-copy,controls,ber,zero,8600,0.3225853863498196,0.0045558757667630255,0.31677696131169797,0.3295296901091933,4,"1000,1001,1002,1003",90200,200,True
repeat-copy,controls,ber,zero,8800,0.3193916581943631,0.004642873293297493,0.312708032913506,0.3258263314515352,4,"1000,1001,1002,1003",90200,200,True
repeat-copy,controls,ber,zero,9000,0.32034090339206156,0.004924523942863851,0.3146764077246189,0.3268947660550475,4,"1000,1001,1002,1003",90200,200,True
repeat-copy,controls,ber,zero,9200,0.32132449272554364,0.0028576821574554374,0.3185427512973547,0.3259324513375759,4,"1000,1001,1002,1003",90200,200,True
repeat-copy,controls,ber,zero,9400,0.32045685916207733,0.002229701009167501,0.3180455418303609,0.3229660427570343,4,"1000,1001,1002,1003",90200,200,True
repeat-copy,controls,ber,zero,9600,0.32149989197961987,0.001640139856019817,0.3193685444444418,0.32394881699234246,4,"1000,1001,1002,1003",90200,200,True
repeat-copy,controls,ber,zero,9800,0.3177748787589372,0.002092451729574392,0.3141524070873857,0.3190843926370144,4,"1000,1001,1002,1003",90200,200,True
repeat-copy,controls,ber,zero,10000,0.32017816291190687,0.0018529168612075983,0.31756177321076395,0.3227478203549981,4,"1000,1001,1002,1003",90200,200,True
repeat-copy,controls,ber,zero,10200,0.31921234148554506,0.004673614551929165,0.3141230209171772,0.32429374776780606,4,"1000,1001,1002,1003",90200,200,True
repeat-copy,controls,ber,zero,10400,0.3179744469374418,0.0036979360027984613,0.31330488093197345,0.32280268166214227,4,"1000,1001,1002,1003",90200,200,True
repeat-copy,controls,ber,zero,10600,0.31793944401899354,0.004291221156993265,0.3134758299682289,0.32498449329286816,4,"1000,1001,1002,1003",90200,200,True
repeat-copy,controls,ber,zero,10800,0.3156578387413174,0.003500747324729402,0.3121478584036231,0.3202486863359809,4,"1000,1001,1002,1003",90200,200,True
repeat-copy,controls,ber,zero,11000,0.3157496576756239,0.004370180895097848,0.31091842491179705,0.3227918015792966,4,"1000,1001,1002,1003",90200,200,True
repeat-copy,controls,ber,zero,11200,0.3179251133091748,0.001613714473676759,0.31636964190751315,0.32036639310419557,4,"1000,1001,1002,1003",90200,200,True
repeat-copy,controls,ber,zero,11400,0.317674172418192,0.0025248802288306885,0.3145886623859406,0.32078837655484677,4,"1000,1001,1002,1003",90200,200,True
repeat-copy,controls,ber,zero,11600,0.31627157840877773,0.0026536582805390405,0.3122174033895135,0.3194196468964219,4,"1000,1001,1002,1003",90200,200,True
repeat-copy,controls,ber,zero,11800,0.3134368120646104,0.0023499114210490564,0.31030317494645715,0.31621915969997644,4,"1000,1001,1002,1003",90200,200,True
repeat-copy,controls,ber,zero,12000,0.31432448940351604,0.00518098362760291,0.3069521192833781,0.3205037094280124,4,"1000,1001,1002,1003",90200,200,True
repeat-copy,controls,ber,zero,12200,0.32074094174429774,0.003378590878737166,0.31661952193826437,0.32603104040026665,4,"1000,1001,1002,1003",90200,200,True
repeat-copy,controls,ber,zero,12400,0.3149400077667087,0.003492503560323067,0.3103383205458522,0.3197593802586198,4,"1000,1001,1002,1003",90200,200,True
repeat-copy,controls,ber,zero,12600,0.3147913537407294,0.002489783531867623,0.3105445532128215,0.31670704267919064,4,"1000,1001,1002,1003",90200,200,True
repeat-copy,controls,ber,zero,12800,0.3142408420471474,0.008750415375051949,0.3062438921444118,0.3273315358161926,4,"1000,1001,1002,1003",90200,200,True
repeat-copy,controls,ber,zero,13000,0.31409812860190867,0.002214477745729257,0.31037852000445126,0.3162000451982021,4,"1000,1001,1002,1003",90200,200,True
repeat-copy,controls,ber,zero,13200,0.31436768317129465,0.0032101018290333102,0.31054898113012314,0.3183333349972963,4,"1000,1001,1002,1003",90200,200,True
repeat-copy,controls,ber,zero,13400,0.3143731664773077,0.005242959975849156,0.308260412029922,0.32042050376534464,4,"1000,1001,1002,1003",90200,200,True
repeat-copy,controls,ber,zero,13600,0.3141882429085672,0.00443317839308247,0.30653001498430965,0.31701625909656284,4,"1000,1001,1002,1003",90200,200,True
repeat-copy,controls,ber,zero,13800,0.31076637943275276,0.0029323925969121562,0.3078129232302308,0.3153807121142745,4,"1000,1001,1002,1003",90200,200,True
repeat-copy,controls,ber,zero,14000,0.3130585949588567,0.003881534371005474,0.3092767158895731,0.31937966506928206,4,"1000,1001,1002,1003",90200,200,True
repeat-copy,controls,ber,zero,14200,0.3102700502984226,0.004263759931390119,0.3034441640600562,0.31431146021932366,4,"1000,1001,1002,1003",90200,200,True
repeat-copy,controls,ber,zero,14400,0.3091890838230029,0.005089332867220469,0.3005887657031417,0.3132586606964469,4,"1000,1001,1002,1003",90200,200,True
repeat-copy,controls,ber,zero,14600,0.3063518674764782,0.008326407656264252,0.2983451820537448,0.31924521788954735,4,"1000,1001,1002,1003",90200,200,True
repeat-copy,controls,ber,zero,14800,0.29381174527108667,0.033333773054291436,0.23622644243761898,0.3167391849681735,4,"1000,1001,1002,1003",90200,200,True
repeat-copy,controls,ber,zero,15000,0.2907476583844982,0.03288104891960979,0.23416095153428615,0.31541595347225665,4,"1000,1001,1002,1003",90200,200,True
repeat-copy,controls,ber,zero,15200,0.2842834471084643,0.0479843012958612,0.2013971630530432,0.31760811250656845,4,"1000,1001,1002,1003",90200,200,True
repeat-copy,controls,ber,zero,15400,0.2804685578355566,0.049658388328881656,0.19450960280373691,0.3116942305117846,4,"1000,1001,1002,1003",90200,200,True
repeat-copy,controls,ber,zero,15600,0.27748002658714543,0.053220447498256045,0.18537894469220192,0.3115533607825637,4,"1000,1001,1002,1003",90200,200,True
repeat-copy,controls,ber,zero,15800,0.277732321866788,0.047565546171393774,0.1954716164432466,0.3094326509535313,4,"1000,1001,1002,1003",90200,200,True
repeat-copy,controls,ber,zero,16000,0.2792626285919687,0.057857149799344657,0.17910967552801593,0.3153320248052478,4,"1000,1001,1002,1003",90200,200,True
repeat-copy,controls,ber,zero,16200,0.2786771684151608,0.0537575743279509,0.1856352913239971,0.3129735449701548,4,"1000,1001,1002,1003",90200,200,True
repeat-copy,controls,ber,zero,16400,0.2738803633954376,0.05895440193874247,0.17179677035659552,0.31014069013297557,4,"1000,1001,1002,1003",90200,200,True
repeat-copy,controls,ber,zero,16600,0.2757817205582978,0.055032032101364765,0.18067970932694152,0.3127306218445301,4,"1000,1001,1002,1003",90200,200,True
repeat-copy,controls,ber,zero,16800,0.2745302137359977,0.05707604099866898,0.17569954574108124,0.3096730302087963,4,"1000,1001,1002,1003",90200,200,True
repeat-copy,controls,ber,zero,17000,0.27357605187222356,0.058006381759452684,0.1733759344741702,0.31093407366424797,4,"1000,1001,1002,1003",90200,200,True
repeat-copy,controls,ber,zero,17200,0.2734561924537411,0.05550613814223896,0.17779239831259475,0.31057106636464593,4,"1000,1001,1002,1003",90200,200,True
repeat-copy,controls,ber,zero,17400,0.2709378664038377,0.05727157957443015,0.17185936744557695,0.3073085582628846,4,"1000,1001,1002,1003",90200,200,True
repeat-copy,controls,ber,zero,17600,0.2724231197754853,0.05300756124034183,0.181073876908049,0.3101525964960456,4,"1000,1001,1002,1003",90200,200,True
repeat-copy,controls,ber,zero,17800,0.2709409321472049,0.055738326149298495,0.17481799328699707,0.31072765128687024,4,"1000,1001,1002,1003",90200,200,True
repeat-copy,controls,ber,zero,18000,0.27249557666014884,0.06472889006036507,0.16043982030823828,0.31263739444315436,4,"1000,1001,1002,1003",90200,200,True
repeat-copy,controls,ber,zero,18200,0.23799022486957255,0.11531776597842985,0.038287040612194685,0.3068803183361888,4,"1000,1001,1002,1003",90200,200,True
repeat-copy,controls,ber,zero,18400,0.23099714685609796,0.11891344813396021,0.025094815144548192,0.3029412231594324,4,"1000,1001,1002,1003",90200,200,True
repeat-copy,controls,ber,zero,18600,0.23326566110481506,0.12241296751917917,0.02128909051883966,0.3074937483202666,4,"1000,1001,1002,1003",90200,200,True
repeat-copy,controls,ber,zero,18800,0.22839669910870725,0.12008563883731584,0.020746963607380167,0.3053265833482146,4,"1000,1001,1002,1003",90200,200,True
repeat-copy,controls,ber,zero,19000,0.2270587369323766,0.12347030187739969,0.013785983636626042,0.30780963053926824,4,"1000,1001,1002,1003",90200,200,True
repeat-copy,controls,ber,zero,19200,0.21455194658614346,0.12032361509203088,0.013040876556769944,0.3097549196705222,4,"1000,1001,1002,1003",90200,200,True
repeat-copy,controls,ber,zero,19400,0.20860379697391182,0.119873417262634,0.012975987824029289,0.31368026298470797,4,"1000,1001,1002,1003",90200,200,True
repeat-copy,controls,ber,zero,19600,0.19994848081740202,0.11104110644721173,0.0165484742220724,0.2894844333454967,4,"1000,1001,1002,1003",90200,200,True
repeat-copy,controls,ber,zero,19800,0.20049305575623294,0.12179458022226741,0.006980367391952314,0.307710571885109,4,"1000,1001,1002,1003",90200,200,True
repeat-copy,controls,ber,zero,20000,0.20008795948553598,0.12085713101839896,0.0061382646101992575,0.302765837367624,4,"1000,1001,1002,1003",90200,200,True
repeat-copy,controls,ber,zero,20200,0.20590435702702964,0.12000819337406382,0.013465308542363346,0.30985867727547883,4,"1000,1001,1002,1003",90200,200,True
repeat-copy,controls,ber,zero,20400,0.18545794905163349,0.12265246892805774,0.005282729198224843,0.3078062641620636,4,"1000,1001,1002,1003",90200,200,True
repeat-copy,controls,ber,zero,20600,0.1732333262250177,0.13171074659868398,0.0036574183928314596,0.30616069834679366,4,"1000,1001,1002,1003",90200,200,True
repeat-copy,controls,ber,zero,20800,0.15970168938161805,0.14141034275042638,0.0031703013344667854,0.30232690621167424,4,"1000,1001,1002,1003",90200,200,True
repeat-copy,controls,ber,zero,21000,0.1603863793167693,0.14352864366192253,0.0065202996419975534,0.30539229288697245,4,"1000,1001,1002,1003",90200,200,True
repeat-copy,controls,ber,zero,21200,0.15681959723777253,0.14161122970456705,0.0037931069085607306,0.3004239539429545,4,"1000,1001,1002,1003",90200,200,True
repeat-copy,controls,ber,zero,21400,0.15798537122187556,0.1459498092450857,0.007351396257872693,0.30411005130037666,4,"1000,1001,1002,1003",90200,200,True
repeat-copy,controls,ber,zero,21600,0.1561973609396955,0.14687847857650274,0.005299324195366353,0.3034294778853655,4,"1000,1001,1002,1003",90200,200,True
repeat-copy,controls,ber,zero,21800,0.16046910226301409,0.14141919841117895,0.004576128300977871,0.307620087787509,4,"1000,1001,1002,1003",90200,200,True
repeat-copy,controls,ber,zero,22000,0.15212183282274055,0.14655093909347502,0.0019349288835655899,0.3007527063507587,4,"1000,1001,1002,1003",90200,200,True
repeat-copy,controls,ber,zero,22200,0.15327005886443656,0.1471175527586078,0.004342656130320393,0.3022978809848428,4,"1000,1001,1002,1003",90200,200,True
repeat-copy,controls,ber,zero,22400,0.22993894229992295,0.1309317983833126,0.004056655077729374,0.322835082646925,4,"1000,1001,1002,1003",90200,200,True
repeat-copy,controls,ber,zero,22600,0.23393735135585303,0.13505691499963124,0.0017531267798040061,0.3381885434594005,4,"1000,1001,1002,1003",90200,200,True
repeat-copy,controls,ber,zero,22800,0.19606076430820396,0.12076166146126403,0.0021881662297528236,0.30464750073850155,4,"1000,1001,1002,1003",90200,200,True
repeat-copy,controls,ber,zero,23000,0.15601885816489813,0.1442031650067566,0.010136634727241472,0.302169257029891,4,"1000,1001,1002,1003",90200,200,True
repeat-copy,controls,ber,zero,23200,0.15212095630457045,0.1433325007811277,0.00850230933225248,0.29731603000313045,4,"1000,1001,1002,1003",90200,200,True
repeat-copy,controls,ber,zero,23400,0.17620296592416707,0.12787518163976436,0.004605271358741447,0.30206584103405476,4,"1000,1001,1002,1003",90200,200,True
repeat-copy,controls,ber,zero,23600,0.2364997928144294,0.13610061807962545,0.003169623602880165,0.345848970990628,4,"1000,1001,1002,1003",90200,200,True
repeat-copy,controls,ber,zero,23800,0.1642485137708718,0.13443651712488644,0.000704849481699057,0.2973296216316521,4,"1000,1001,1002,1003",90200,200,True
repeat-copy,controls,ber,zero,24000,0.14756517632253235,0.14488553449603958,0.001985204278025776,0.2941468209400773,4,"1000,1001,1002,1003",90200,200,True
repeat-copy,controls,ber,zero,24200,0.14808110438418226,0.14450969629753121,0.0009727127134101465,0.29260563091374936,4,"1000,1001,1002,1003",90200,200,True
repeat-copy,controls,ber,zero,24400,0.15117485773123918,0.14682075004395848,0.001339463699841872,0.29929548369720577,4,"1000,1001,1002,1003",90200,200,True
repeat-copy,controls,ber,zero,24600,0.14935576526811928,0.14578146730841354,0.002765649446519092,0.29564880253747106,4,"1000,1001,1002,1003",90200,200,True
repeat-copy,controls,ber,zero,24800,0.14697441701078787,0.14485439041972434,0.0014763281104387715,0.2931612366717309,4,"1000,1001,1002,1003",90200,200,True
repeat-copy,controls,ber,zero,25000,0.14661556185979863,0.1450089265833436,0.001189012845279649,0.2939173439517617,4,"1000,1001,1002,1003",90200,200,True
repeat-copy,controls,ber,zero,25200,0.1489733165538928,0.1475556264727345,0.0010431575594702736,0.29814132064580917,4,"1000,1001,1002,1003",90200,200,True
repeat-copy,controls,ber,zero,25400,0.14914821510203183,0.14646586689271238,0.0011978680646279826,0.2961254268884659,4,"1000,1001,1002,1003",90200,200,True
repeat-copy,controls,ber,zero,25600,0.15314249350354658,0.1517010858861992,0.0011237855401122943,0.30797665007412434,4,"1000,1001,1002,1003",90200,200,True
repeat-copy,controls,ber,zero,25800,0.1515100355359027,0.1505799985860884,0.0009097128402208909,0.3083239229954779,4,"1000,1001,1002,1003",90200,200,True
repeat-copy,controls,ber,zero,26000,0.1511966439455864,0.1496170351369398,0.0005270927055971697,0.30184479780495166,4,"1000,1001,1002,1003",90200,200,True
repeat-copy,controls,ber,zero,26200,0.14769131938097418,0.14690446508019173,0.0007278938015224412,0.2952392646856606,4,"1000,1001,1002,1003",90200,200,True
repeat-copy,controls,ber,zero,26400,0.15206989470054394,0.15049463158692683,0.001096200417377986,0.30421424355357884,4,"1000,1001,1002,1003",90200,200,True
repeat-copy,controls,ber,zero,26600,0.14861278222713736,0.1459794108811279,0.0013759937766008078,0.29711900975555183,4,"1000,1001,1002,1003",90200,200,True
repeat-copy,controls,ber,zero,26800,0.14553246135430525,0.1445315109769331,0.0003564868535613641,0.2917901327833533,4,"1000,1001,1002,1003",90200,200,True
repeat-copy,controls,ber,zero,27000,0.15858284336689393,0.13735553812456694,0.0022926320432452487,0.2997372979391366,4,"1000,1001,1002,1003",90200,200,True
repeat-copy,controls,ber,zero,27200,0.2330362288403558,0.13524272843754692,0.0018979951250366867,0.34552044568117707,4,"1000,1001,1002,1003",90200,200,True
repeat-copy,controls,ber,zero,27400,0.23249645721298295,0.1354726974186067,0.0006024366297060624,0.34353003539144994,4,"1000,1001,1002,1003",90200,200,True
repeat-copy,controls,ber,zero,27600,0.2321078234624292,0.1332394530814166,0.003031116283382289,0.3344259511679411,4,"1000,1001,1002,1003",90200,200,True
repeat-copy,controls,ber,zero,27800,0.1660857977431442,0.1252305795604834,0.0003481451008701697,0.28882157703861594,4,"1000,1001,1002,1003",90200,200,True
repeat-copy,controls,ber,zero,28000,0.14385167792323045,0.14284043558806772,0.0008624768571462482,0.2893976490665227,4,"1000,1001,1002,1003",90200,200,True
repeat-copy,controls,ber,zero,28200,0.1469672729841841,0.1445656829553226,0.0010627911938354373,0.29299429392442106,4,"1000,1001,1002,1003",90200,200,True
repeat-copy,controls,ber,zero,28400,0.14291086816127063,0.14168403594501636,0.001247857337584719,0.2889601166266948,4,"1000,1001,1002,1003",90200,200,True
repeat-copy,controls,ber,zero,28600,0.14481224480448873,0.1442827958445297,0.00033398288476746527,0.29758399883285164,4,"1000,1001,1002,1003",90200,200,True
repeat-copy,controls,ber,zero,28800,0.14856449166560196,0.14804847094352777,0.0005256639583967626,0.3004432351887226,4,"1000,1001,1002,1003",90200,200,True
repeat-copy,controls,ber,zero,29000,0.14835802987465285,0.14674489299731241,0.00039238430152181534,0.2990024283248931,4,"1000,1001,1002,1003",90200,200,True
repeat-copy,controls,ber,zero,29200,0.14640995719324565,0.14574936366070881,0.0005580237385584042,0.2940007691737264,4,"1000,1001,1002,1003",90200,200,True
repeat-copy,controls,ber,zero,29400,0.14348179214415724,0.14296040299693272,0.00023458553245291113,0.2911657089088112,4,"1000,1001,1002,1003",90200,200,True
repeat-copy,controls,ber,zero,29600,0.14745008465251885,0.14710660077254664,0.0002909504470881075,0.2971190064959228,4,"1000,1001,1002,1003",90200,200,True
repeat-copy,controls,ber,zero,29800,0.14282914271825575,0.1422233601069165,0.0004751692601712421,0.2891426603123546,4,"1000,1001,1002,1003",90200,200,True
repeat-copy,controls,ber,zero,30000,0.14471053612272955,0.14382792993773147,0.0006527827540412545,0.2895612694323063,4,"1000,1001,1002,1003",90200,200,True
repeat-copy,controls,ber,zero,30200,0.1442890970413282,0.14401854751111054,0.00012954609119333326,0.2889563715457916,4,"1000,1001,1002,1003",90200,200,True
repeat-copy,controls,ber,zero,30400,0.14491627128576512,0.14432726560472114,0.00040406660584267227,0.2920064146723598,4,"1000,1001,1002,1003",90200,200,True
repeat-copy,controls,ber,zero,30600,0.14348250405921137,0.1421863282697613,0.0003707841975847259,0.2876454700995237,4,"1000,1001,1002,1003",90200,200,True
repeat-copy,controls,ber,zero,30800,0.14594181858657976,0.14580473297103544,0.00016884206735994666,0.2978948783688247,4,"1000,1001,1002,1003",90200,200,True
repeat-copy,controls,ber,zero,31000,0.14404733487739577,0.14357283797717935,0.0003720386204076931,0.2884580393601209,4,"1000,1001,1002,1003",90200,200,True
repeat-copy,controls,ber,zero,31200,0.14619923771868343,0.1459478631319391,0.00017232044832780956,0.2978582090511918,4,"1000,1001,1002,1003",90200,200,True
repeat-copy,controls,ber,zero,31400,0.14176123988945621,0.1412641835511441,0.00016368374228477477,0.2847075864020735,4,"1000,1001,1002,1003",90200,200,True
repeat-copy,controls,ber,zero,31600,0.14543448211741633,0.14483229800786473,0.00030883900995831937,0.2912062504794449,4,"1000,1001,1002,1003",90200,200,True
repeat-copy,controls,ber,zero,31800,0.14241603736169053,0.14023644159200133,0.0006321394239785149,0.288400208465755,4,"1000,1001,1002,1003",90200,200,True
repeat-copy,controls,ber,zero,32000,0.1443060300780053,0.14414354033685756,0.00014669947035145014,0.28891327511519194,4,"1000,1001,1002,1003",90200,200,True
repeat-copy,controls,ber,zero,32200,0.14158317234789136,0.14159293840547327,0.0,0.2908705449104309,4,"1000,1001,1002,1003",90200,200,True
repeat-copy,controls,ber,zero,32400,0.1460762066228199,0.1452215582582599,0.000422777472413145,0.2940021799132228,4,"1000,1001,1002,1003",90200,200,True
repeat-copy,controls,ber,zero,32600,0.1457581629791821,0.14531312385552486,0.00015955075738020242,0.2914987510535866,4,"1000,1001,1002,1003",90200,200,True
repeat-copy,controls,ber,zero,32800,0.14300047112556058,0.142192405414577,1.2810491607524455e-05,0.2890939773246646,4,"1000,1001,1002,1003",90200,200,True
repeat-copy,controls,ber,zero,33000,0.13965490851376672,0.13937908746545216,0.0002753468952141702,0.28063009585253895,4,"1000,1001,1002,1003",90200,200,True
repeat-copy,controls,ber,zero,33200,0.14288234255029236,0.14242812707582544,0.00020908539998345076,0.2859865238144994,4,"1000,1001,1002,1003",90200,200,True
repeat-copy,controls,ber,zero,33400,0.14447429660780473,0.14410685036871834,0.00035771798342466355,0.29004601171240213,4,"1000,1001,1002,1003",90200,200,True
repeat-copy,controls,ber,zero,33600,0.14323926790631958,0.14297716562934074,0.00022872029687277972,0.2880666989181191,4,"1000,1001,1002,1003",90200,200,True
repeat-copy,controls,ber,zero,33800,0.1436367410820094,0.14317206203321708,0.0003549129085149616,0.29189555706456305,4,"1000,1001,1002,1003",90200,200,True
repeat-copy,controls,ber,zero,34000,0.14345125124906188,0.14217049175842617,3.4784056479111316e-05,0.2864106875658035,4,"1000,1001,1002,1003",90200,200,True
repeat-copy,controls,ber,zero,34200,0.13780650518616314,0.13734622796573429,0.00027835370157845317,0.27769099237397316,4,"1000,1001,1002,1003",90200,200,True
repeat-copy,controls,ber,zero,34400,0.1457931596985145,0.13604425793042654,0.002426594365388155,0.2866641071625054,4,"1000,1001,1002,1003",90200,200,True
repeat-copy,controls,ber,zero,34600,0.13834428044036032,0.13834233501203547,0.0,0.28054538658820094,4,"1000,1001,1002,1003",90200,200,True
repeat-copy,controls,ber,zero,34800,0.1429100265011948,0.14265216555656168,0.00017187273071613162,0.28689611416310073,4,"1000,1001,1002,1003",90200,200,True
repeat-copy,controls,ber,zero,35000,0.1423049237576197,0.1421913337403992,7.826986256986856e-05,0.2859565195441246,4,"1000,1001,1002,1003",90200,200,True
repeat-copy,controls,ber,zero,35200,0.13930801921436797,0.13936865232508058,0.00013826637587044388,0.2892661140393466,4,"1000,1001,1002,1003",90200,200,True
repeat-copy,controls,ber,zero,35400,0.13922408609840203,0.13917032685580233,9.354853827971965e-05,0.28796801432967184,4,"1000,1001,1002,1003",90200,200,True
repeat-copy,controls,ber,zero,35600,0.1432128393377934,0.14316483037392289,9.74658876657486e-06,0.2882363691274077,4,"1000,1001,1002,1003",90200,200,True
repeat-copy,controls,ber,zero,35800,0.14357116064144065,0.1434577035718281,0.0002273631130810827,0.29655684277415273,4,"1000,1001,1002,1003",90200,200,True
repeat-copy,controls,ber,zero,36000,0.14196135159189,0.14159143878504188,0.00023328511393629016,0.2859496856480837,4,"1000,1001,1002,1003",90200,200,True
repeat-copy,controls,ber,zero,36200,0.1391278080260963,0.1385515105960714,0.00026019969140179456,0.2882657427806407,4,"1000,1001,1002,1003",90200,200,True
repeat-copy,controls,ber,zero,36400,0.141236972828774,0.13701313989175132,9.009009227156639e-05,0.2840455476380885,4,"1000,1001,1002,1003",90200,200,True
repeat-copy,controls,ber,zero,36600,0.1367126369709149,0.13665232440073605,2.3296724539250135e-05,0.2748434815555811,4,"1000,1001,1002,1003",90200,200,True
repeat-copy,controls,ber,zero,36800,0.13911853067867924,0.13887021849747655,0.00027087864000350235,0.28672998600639404,4,"1000,1001,1002,1003",90200,200,True
repeat-copy,controls,ber,zero,37000,0.14276397406647445,0.14184289903357725,0.00012186818988993764,0.28974920566193757,4,"1000,1001,1002,1003",90200,200,True
repeat-copy,controls,ber,zero,37200,0.14120752704315237,0.14120467470509376,0.0,0.2833907828293741,4,"1000,1001,1002,1003",90200,200,True
repeat-copy,controls,ber,zero,37400,0.13752547453244918,0.13426976734591692,0.0004271322692511603,0.2762379670701921,4,"1000,1001,1002,1003",90200,200,True
repeat-copy,controls,ber,zero,37600,0.14444056342719705,0.1435228478727081,0.0005631503090262413,0.29559386261738835,4,"1000,1001,1002,1003",90200,200,True
repeat-copy,controls,ber,zero,37800,0.13806370950769634,0.13789783890547702,5.887681152671576e-05,0.2803204424865544,4,"1000,1001,1002,1003",90200,200,True
repeat-copy,controls,ber,zero,38000,0.1347627317653678,0.1343946877938032,0.00011234846373554319,0.27236093778163195,4,"1000,1001,1002,1003",90200,200,True
repeat-copy,controls,ber,zero,38200,0.13969167511386332,0.1396219242620976,5.139755317941308e-05,0.28366743566468355,4,"1000,1001,1002,1003",90200,200,True
repeat-copy,controls,ber,zero,38400,0.14112497486901704,0.1410532986061435,0.00010323393275029957,0.2888543905410916,4,"1000,1001,1002,1003",90200,200,True
repeat-copy,controls,ber,zero,38600,0.13659561537191622,0.13642832166835572,4.2612506076693536e-05,0.2793814184330404,4,"1000,1001,1002,1003",90200,200,True
repeat-copy,controls,ber,zero,38800,0.13892736031790265,0.13917600552998952,0.0,0.290225821826607,4,"1000,1001,1002,1003",90200,200,True
repeat-copy,controls,ber,zero,39000,0.13931071297236486,0.13923552823733976,0.0001264656404964626,0.28588436495512726,4,"1000,1001,1002,1003",90200,200,True
repeat-copy,controls,ber,zero,39200,0.13601475633578958,0.1359934548901249,5.314377602189779e-05,0.2784587248787284,4,"1000,1001,1002,1003",90200,200,True
repeat-copy,controls,ber,zero,39400,0.13570854713776498,0.13538933291912308,0.0001307584741152823,0.2718413963355124,4,"1000,1001,1002,1003",90200,200,True
repeat-copy,controls,ber,zero,39600,0.13812839902151608,0.13716576171621567,0.00010782942525111138,0.2850621996726841,4,"1000,1001,1002,1003",90200,200,True
repeat-copy,controls,ber,zero,39800,0.13960519049636788,0.1395783010710541,0.0,0.28146723249927164,4,"1000,1001,1002,1003",90200,200,True
repeat-copy,controls,ber,zero,40000,0.13581905389684834,0.1359508533862737,0.0,0.2841286186967045,4,"1000,1001,1002,1003",90200,200,True
repeat-copy,controls,ber,zero,40200,0.13496222214729642,0.13524511660751629,0.00011036589567083865,0.2856912857573479,4,"1000,1001,1002,1003",90200,200,True
repeat-copy,controls,ber,zero,40400,0.12983892024261875,0.13127798687059838,7.936508394777775e-05,0.2877619837224483,4,"1000,1001,1002,1003",90200,200,True
repeat-copy,controls,ber,zero,40600,0.11669244393066038,0.1199770666625252,5.811540060676634e-05,0.27325166020542385,4,"1000,1001,1002,1003",90200,200,True
repeat-copy,controls,ber,zero,40800,0.11965549236017978,0.12174671301259181,0.00018518518656492232,0.27307048450224103,4,"1000,1001,1002,1003",90200,200,True
repeat-copy,controls,ber,zero,41000,0.1160495329508558,0.1199342424710776,0.00017930629896000026,0.2757783608790487,4,"1000,1001,1002,1003",90200,200,True
repeat-copy,controls,ber,zero,41200,0.1165604559899657,0.12107819393250795,5.555555690079927e-05,0.2798150039836764,4,"1000,1001,1002,1003",90200,200,True
repeat-copy,controls,ber,zero,41400,0.11506324391724775,0.12022612239607033,0.00014439667284023018,0.28196647049859164,4,"1000,1001,1002,1003",90200,200,True
repeat-copy,controls,ber,zero,41600,0.10888774021150312,0.11528052574493244,0.0,0.2720173117052764,4,"1000,1001,1002,1003",90200,200,True
repeat-copy,controls,ber,zero,41800,0.11466173174863797,0.11905603269904852,7.215007208287716e-06,0.2747806076984853,4,"1000,1001,1002,1003",90200,200,True
repeat-copy,controls,ber,zero,42000,0.10855607724937727,0.1134164825600157,0.00012583238596562297,0.26406819603405896,4,"1000,1001,1002,1003",90200,200,True
repeat-copy,controls,ber,zero,42200,0.10984924754666281,0.11800977457290258,0.0,0.28069239472970364,4,"1000,1001,1002,1003",90200,200,True
repeat-copy,controls,ber,zero,42400,0.10400959193648304,0.11217538999375423,2.7322403620928526e-05,0.2675819667428732,4,"1000,1001,1002,1003",90200,200,True
repeat-copy,controls,ber,zero,42600,0.1163646842475282,0.12054521900812658,0.0,0.2773981526866555,4,"1000,1001,1002,1003",90200,200,True
repeat-copy,controls,ber,zero,42800,0.10853274726963719,0.1160640936780322,0.00011057009920477868,0.27567916297353806,4,"1000,1001,1002,1003",90200,200,True
repeat-copy,controls,ber,zero,43000,0.1120408112189034,0.11689218337729777,0.0,0.27168070507235825,4,"1000,1001,1002,1003",90200,200,True
repeat-copy,controls,ber,zero,43200,0.10839186010998673,0.11641580482835734,6.944444496184587e-05,0.2770662714075297,4,"1000,1001,1002,1003",90200,200,True
repeat-copy,controls,ber,zero,43400,0.10737666363813332,0.11248480405587848,0.00023249560908880084,0.2629885896015912,4,"1000,1001,1002,1003",90200,200,True
repeat-copy,controls,ber,zero,43600,0.10846787351780222,0.1145579339223259,7.44264159584418e-05,0.2693960577901453,4,"1000,1001,1002,1003",90200,200,True
repeat-copy,controls,ber,zero,43800,0.10624625409895089,0.11124587797158572,0.0,0.2592202805541456,4,"1000,1001,1002,1003",90200,200,True
repeat-copy,controls,ber,zero,44000,0.10838535804577987,0.11451869344360908,8.453002257738262e-05,0.2722526403702796,4,"1000,1001,1002,1003",90200,200,True
repeat-copy,controls,ber,zero,44200,0.10787486351211556,0.11410286529426923,0.0,0.26843129195272925,4,"1000,1001,1002,1003",90200,200,True
repeat-copy,controls,ber,zero,44400,0.10886740623856894,0.11454111132910991,0.00025167728308588265,0.26902720526792107,4,"1000,1001,1002,1003",90200,200,True
repeat-copy,controls,ber,zero,44600,0.10619696125257178,0.11203270433858828,0.00018546181730926036,0.264318173173815,4,"1000,1001,1002,1003",90200,200,True
repeat-copy,controls,ber,zero,44800,0.10850127167388565,0.11255284430204697,0.0,0.26710650997236374,4,"1000,1001,1002,1003",90200,200,True
repeat-copy,controls,ber,zero,45000,0.10874868756756768,0.11379169314956461,0.00019092399219516665,0.26559064521454273,4,"1000,1001,1002,1003",90200,200,True
repeat-copy,controls,ber,zero,45200,0.10357904537726426,0.11003919485964732,9.74304653936997e-05,0.2601565148122609,4,"1000,1001,1002,1003",90200,200,True
repeat-copy,controls,ber,zero,45400,0.10794195518261404,0.11467917381965999,0.00020755171368364245,0.2732801533211023,4,"1000,1001,1002,1003",90200,200,True
repeat-copy,controls,ber,zero,45600,0.10176865038345569,0.1080102361562163,0.0,0.25525946808047595,4,"1000,1001,1002,1003",90200,200,True
repeat-copy,controls,ber,zero,45800,0.10502295809565113,0.1123369549241647,0.0,0.266433321069926,4,"1000,1001,1002,1003",90200,200,True
repeat-copy,controls,ber,zero,46000,0.10037636878041667,0.1088207774559441,0.00048567706428002564,0.26137344444170596,4,"1000,1001,1002,1003",90200,200,True
repeat-copy,controls,ber,zero,46200,0.10672263382002711,0.11487316128474029,0.0,0.2737700065877289,4,"1000,1001,1002,1003",90200,200,True
repeat-copy,controls,ber,zero,46400,0.10294803174110712,0.11011000767357473,8.417508215643466e-06,0.26142956423573194,4,"1000,1001,1002,1003",90200,200,True
repeat-copy,controls,ber,zero,46600,0.10726679895873531,0.11212362533536396,4.5537340338341894e-05,0.2609531072806567,4,"1000,1001,1002,1003",90200,200,True
repeat-copy,controls,ber,zero,46800,0.10449471319763688,0.11200614541432634,0.0,0.26617372383363547,4,"1000,1001,1002,1003",90200,200,True
repeat-copy,controls,ber,zero,47000,0.10103107672766781,0.10773465158074108,0.0,0.2550006060209125,4,"1000,1001,1002,1003",90200,200,True
repeat-copy,controls,ber,zero,47200,0.10540281470050104,0.113108015935295,4.87329438328743e-05,0.2694844190776348,4,"1000,1001,1002,1003",90200,200,True
repeat-copy,controls,ber,zero,47400,0.1003123851933924,0.10878593189457517,0.0,0.2604636023659259,4,"1000,1001,1002,1003",90200,200,True
repeat-copy,controls,ber,zero,47600,0.10520662336450187,0.11119402775088166,6.105006323195994e-06,0.26153792251832786,4,"1000,1001,1002,1003",90200,200,True
repeat-copy,controls,ber,zero,47800,0.1022841590293683,0.11095534042643752,0.0,0.26538013238459823,4,"1000,1001,1002,1003",90200,200,True
repeat-copy,controls,ber,zero,48000,0.10399192100812799,0.11038694519381045,0.000253272969275713,0.2613422017823905,4,"1000,1001,1002,1003",90200,200,True
repeat-copy,controls,ber,zero,48200,0.0959548948527663,0.10457416362740428,0.0,0.2508783067576587,4,"1000,1001,1002,1003",90200,200,True
repeat-copy,controls,ber,zero,48400,0.10449280815912061,0.11128941419028195,0.0,0.26342039043083787,4,"1000,1001,1002,1003",90200,200,True
repeat-copy,controls,ber,zero,48600,0.1006108553452941,0.10793136654019998,6.458453892264515e-05,0.256709119444713,4,"1000,1001,1002,1003",90200,200,True
repeat-copy,controls,ber,zero,48800,0.10174639495147858,0.10725778574797881,0.0,0.2517088945675641,4,"1000,1001,1002,1003",90200,200,True
repeat-copy,controls,ber,zero,49000,0.10161712604458445,0.10905448053617353,0.0,0.25933510332368315,4,"1000,1001,1002,1003",90200,200,True
repeat-copy,controls,ber,zero,49200,0.0774948028686049,0.10956040257879349,0.0,0.26469464745372534,4,"1000,1001,1002,1003",90200,200,True
repeat-copy,controls,ber,zero,49400,0.07129334070894401,0.11609727354811014,0.0,0.2721693692728877,4,"1000,1001,1002,1003",90200,200,True
repeat-copy,controls,ber,zero,49600,0.0679013404683792,0.11125548351449832,2.6455025654286146e-05,0.26052194547839463,4,"1000,1001,1002,1003",90200,200,True
repeat-copy,controls,ber,zero,49800,0.06508899409978768,0.10988756079808823,0.0,0.2553909383621067,4,"1000,1001,1002,1003",90200,200,True
repeat-copy,controls,ber,zero,50000,0.0639758413042,0.1081889413665092,0.0,0.25133969362825154,4,"1000,1001,1002,1003",90200,200,True
repeat-copy,controls,ber,zero,50200,0.06534189499419882,0.11116845912049465,0.00013410318468231707,0.2578793928027153,4,"1000,1001,1002,1003",90200,200,True
repeat-copy,controls,ber,zero,50400,0.06538445889382274,0.10974584918858919,0.0,0.25542062414810063,4,"1000,1001,1002,1003",90200,200,True
repeat-copy,controls,ber,zero,50600,0.06165256781154312,0.10472283155080361,8.451865520328283e-05,0.24302334210835397,4,"1000,1001,1002,1003",90200,200,True
repeat-copy,controls,ber,zero,50800,0.06383601329464,0.10786162921188508,0.00021212121471762658,0.2506372085772455,4,"1000,1001,1002,1003",90200,200,True
repeat-copy,controls,ber,zero,51000,0.06318928011416575,0.10804291441612655,0.0,0.25031714368145913,4,"1000,1001,1002,1003",90200,200,True
repeat-copy,controls,ber,zero,51200,0.06252884083427489,0.10461612234351678,0.00010683760978281497,0.2437157015874982,4,"1000,1001,1002,1003",90200,200,True
repeat-copy,controls,ber,zero,51400,0.060862677601253384,0.1045736343943199,6.105006323195994e-06,0.24198742609471083,4,"1000,1001,1002,1003",90200,200,True
repeat-copy,controls,ber,zero,51600,0.060977341982506914,0.10438264497821652,0.0,0.24176704006735236,4,"1000,1001,1002,1003",90200,200,True
repeat-copy,controls,ber,zero,51800,0.06442882545801694,0.10987187324895921,0.0,0.2547218019142747,4,"1000,1001,1002,1003",90200,200,True
repeat-copy,controls,ber,zero,52000,0.06311844611802372,0.10855684464760901,0.0,0.25114205849822613,4,"1000,1001,1002,1003",90200,200,True
repeat-copy,controls,ber,zero,52200,0.06317461626327713,0.10848032600191161,2.314814832061529e-05,0.25106715406756847,4,"1000,1001,1002,1003",90200,200,True
repeat-copy,controls,ber,zero,52400,0.06325782758111018,0.1087093251241034,0.00014374244550708682,0.25154713842086496,4,"1000,1001,1002,1003",90200,200,True
repeat-copy,controls,ber,zero,52600,0.06477505388174905,0.11086426467242157,0.0,0.25679585760459306,4,"1000,1001,1002,1003",90200,200,True
repeat-copy,controls,ber,zero,52800,0.06101266879530158,0.1051809437485037,0.0,0.24319056048057974,4,"1000,1001,1002,1003",90200,200,True
repeat-copy,controls,ber,zero,53000,0.06527893839156605,0.10886445112239457,0.00037037037312984464,0.25381806381046773,4,"1000,1001,1002,1003",90200,200,True
repeat-copy,controls,ber,zero,53200,0.06378768250069697,0.0980288829097033,1.3550135772675276e-05,0.2329192566173151,4,"1000,1001,1002,1003",90200,200,True
repeat-copy,controls,ber,zero,53400,0.05919233530832571,0.10094313416126638,0.00010934948862995952,0.2340286355977878,4,"1000,1001,1002,1003",90200,200,True
repeat-copy,controls,ber,zero,53600,0.06255761162319687,0.10643984443484472,8.59483564272523e-05,0.24690709122922272,4,"1000,1001,1002,1003",90200,200,True
repeat-copy,controls,ber,zero,53800,0.06484711636483553,0.1115867863978972,0.0,0.25811970203183593,4,"1000,1001,1002,1003",90200,200,True
repeat-copy,controls,ber,zero,54000,0.06190210883229156,0.10690393922932231,0.0,0.24706490722484886,4,"1000,1001,1002,1003",90200,200,True
repeat-copy,controls,ber,zero,54200,0.05785118242507451,0.09836142352272453,0.0,0.2282107232650742,4,"1000,1001,1002,1003",90200,200,True
repeat-copy,controls,ber,zero,54400,0.060447683037200474,0.10456387334302393,1.3550135772675276e-05,0.24155760871246457,4,"1000,1001,1002,1003",90200,200,True
repeat-copy,controls,ber,zero,54600,0.06483492941086297,0.11110157908232629,0.0,0.2572665371466428,4,"1000,1001,1002,1003",90200,200,True
repeat-copy,controls,ber,zero,54800,0.06263789982956951,0.10810705741894568,0.0,0.2498842212744057,4,"1000,1001,1002,1003",90200,200,True
repeat-copy,controls,ber,zero,55000,0.06335279940874898,0.1093048710189725,0.0,0.25267388618551195,4,"1000,1001,1002,1003",90200,200,True
repeat-copy,controls,ber,zero,55200,0.06188121594750555,0.10699555491709903,0.0,0.24720287235453725,4,"1000,1001,1002,1003",90200,200,True
repeat-copy,controls,ber,zero,55400,0.06260153615919989,0.10787728583257473,0.0,0.24944963964633643,4,"1000,1001,1002,1003",90200,200,True
repeat-copy,controls,ber,zero,55600,0.060026677233254305,0.10333816964103609,6.084989756345749e-05,0.2390128912217915,4,"1000,1001,1002,1003",90200,200,True
repeat-copy,controls,ber,zero,55800,0.060150074743432924,0.10276382442784167,0.0,0.238136585643515,4,"1000,1001,1002,1003",90200,200,True
repeat-copy,controls,ber,zero,56000,0.05785713423552807,0.10011987876705544,1.4430014416575432e-05,0.23126984607428314,4,"1000,1001,1002,1003",90200,200,True
repeat-copy,controls,ber,zero,56200,0.062232003610115494,0.10759465829261634,0.0,0.2485913680680096,4,"1000,1001,1002,1003",90200,200,True
repeat-copy,controls,ber,zero,56400,0.05956636320304824,0.1029425310919227,0.0,0.2378679995238781,4,"1000,1001,1002,1003",90200,200,True
repeat-copy,controls,ber,zero,56600,0.0616814874848933,0.10625175096776873,0.0,0.24571352613624187,4,"1000,1001,1002,1003",90200,200,True
repeat-copy,controls,ber,zero,56800,0.060449480845272775,0.10429721218531139,3.229974070563912e-05,0.24109742179047317,4,"1000,1001,1002,1003",90200,200,True
repeat-copy,controls,ber,zero,57000,0.058386668530292805,0.10088814951255769,0.0,0.2331299270573072,4,"1000,1001,1002,1003",90200,200,True
repeat-copy,controls,ber,zero,57200,0.11364428576867794,0.11428653967903608,7.285167346708476e-05,0.24935380967333912,4,"1000,1001,1002,1003",90200,200,True
repeat-copy,controls,ber,zero,57400,0.1610158581181895,0.17028724810955095,0.0,0.40048921927809716,4,"1000,1001,1002,1003",90200,200,True
repeat-copy,controls,ber,zero,57600,0.15413304248140774,0.16015475453636868,6.493948108982295e-05,0.37060177490115165,4,"1000,1001,1002,1003",90200,200,True
repeat-copy,controls,ber,zero,57800,0.1458096689051308,0.1506617156562479,0.00010417151032015681,0.34604019816964865,4,"1000,1001,1002,1003",90200,200,True
repeat-copy,controls,ber,zero,58000,0.1432013326883316,0.1465340380646988,0.000175990549614653,0.33149957839399574,4,"1000,1001,1002,1003",90200,200,True
repeat-copy,controls,ber,zero,58200,0.11875048897651141,0.1185346834461028,1.587301609106362e-05,0.24238961350405588,4,"1000,1001,1002,1003",90200,200,True
repeat-copy,controls,ber,zero,58400,0.0588002939314174,0.09750636713624808,4.32900432497263e-05,0.2276138305151835,4,"1000,1001,1002,1003",90200,200,True
repeat-copy,controls,ber,zero,58600,0.05824309937248472,0.10060273419856072,0.0,0.23249181502033026,4,"1000,1001,1002,1003",90200,200,True
repeat-copy,controls,ber,zero,58800,0.05824110112720518,0.10022739688152364,4.2824073461815714e-05,0.2318389442237094,4,"1000,1001,1002,1003",90200,200,True
repeat-copy,controls,ber,zero,59000,0.12984371150232618,0.13099478876248502,0.00016319444752298294,0.28640492469305173,4,"1000,1001,1002,1003",90200,200,True
repeat-copy,controls,ber,zero,59200,0.05988439810316777,0.09805398908005512,5.934697401244193e-05,0.22959290704224258,4,"1000,1001,1002,1003",90200,200,True
repeat-copy,controls,ber,zero,59400,0.06074770969644305,0.10435931701075231,0.0,0.2415015610633418,4,"1000,1001,1002,1003",90200,200,True
repeat-copy,controls,ber,zero,59600,0.06045807592250639,0.09812734618811222,0.0,0.23022201050072907,4,"1000,1001,1002,1003",90200,200,True
repeat-copy,controls,ber,zero,59800,0.059715480713639406,0.10305376055138102,2.164502162486315e-05,0.23820941410260274,4,"1000,1001,1002,1003",90200,200,True
repeat-copy,controls,ber,zero,60000,0.05852258153900038,0.10129300255932952,0.0,0.23396720244549216,4,"1000,1001,1002,1003",90200,200,True
repeat-copy,controls,ber,zero,60200,0.0575451363241882,0.0992644444454188,0.0,0.22947559076361357,4,"1000,1001,1002,1003",90200,200,True
repeat-copy,controls,ber,zero,60400,0.058442727237707,0.10098512920847362,0.0,0.23335385323036462,4,"1000,1001,1002,1003",90200,200,True
repeat-copy,controls,ber,zero,60600,0.05806125375005649,0.10042127276102773,0.0,0.2319959738338366,4,"1000,1001,1002,1003",90200,200,True
repeat-copy,controls,ber,zero,60800,0.05988746096641989,0.10356180757117597,6.445500534027815e-05,0.23926176145672798,4,"1000,1001,1002,1003",90200,200,True
repeat-copy,controls,ber,zero,61000,0.057141463102307166,0.09885929811908961,0.0,0.2283707723300904,4,"1000,1001,1002,1003",90200,200,True
repeat-copy,controls,ber,zero,61200,0.0601948798482772,0.10426059025272005,0.0,0.2407795193931088,4,"1000,1001,1002,1003",90200,200,True
repeat-copy,controls,ber,zero,61400,0.059861403955583224,0.10345144472555658,1.587301609106362e-05,0.23904442464932799,4,"1000,1001,1002,1003",90200,200,True
repeat-copy,controls,ber,zero,61600,0.057503087693767156,0.09949383889880804,0.0,0.22983142421813682,4,"1000,1001,1002,1003",90200,200,True
repeat-copy,controls,ber,zero,61800,0.05631871878984384,0.09740415438695103,0.0,0.2250276108458638,4,"1000,1001,1002,1003",90200,200,True
repeat-copy,controls,ber,zero,62000,0.057294980260339794,0.09914751539059959,0.0,0.22902350247837602,4,"1000,1001,1002,1003",90200,200,True
repeat-copy,controls,ber,zero,62200,0.05595699752040673,0.09663935492597375,0.0,0.2233410937199369,4,"1000,1001,1002,1003",90200,200,True
repeat-copy,controls,ber,zero,62400,0.05650105480061029,0.09647062126006238,0.0,0.22358854071237147,4,"1000,1001,1002,1003",90200,200,True
repeat-copy,controls,ber,zero,62600,0.054082397771417164,0.09312277089263181,0.0,0.2153748326189816,4,"1000,1001,1002,1003",90200,200,True
repeat-copy,controls,ber,zero,62800,0.0558446132845711,0.09665290229885401,0.0,0.2232523270091042,4,"1000,1001,1002,1003",90200,200,True
repeat-copy,controls,ber,zero,63000,0.059997689376177735,0.10376453980330351,0.0,0.2397230446455069,4,"1000,1001,1002,1003",90200,200,True
repeat-copy,controls,ber,zero,63200,0.055494997658533975,0.0948418285800866,0.00016989247873425484,0.21976233655586838,4,"1000,1001,1002,1003",90200,200,True
repeat-copy,controls,ber,zero,63400,0.059126470762421376,0.10241005143274956,0.0,0.2365058830496855,4,"1000,1001,1002,1003",90200,200,True
repeat-copy,controls,ber,zero,63600,0.054428393036796474,0.09311964463890737,0.0,0.21571236724732443,4,"1000,1001,1002,1003",90200,200,True
repeat-copy,controls,ber,zero,63800,0.059296928310068324,0.10263307500222921,0.0,0.23706260673934593,4,"1000,1001,1002,1003",90200,200,True
repeat-copy,controls,ber,zero,64000,0.05842660983034875,0.10108674635701817,0.0,0.23351395895937457,4,"1000,1001,1002,1003",90200,200,True
repeat-copy,controls,ber,zero,64200,0.058664069603255486,0.10156303067344467,0.0,0.23457639660220594,4,"1000,1001,1002,1003",90200,200,True
repeat-copy,controls,ber,zero,64400,0.05495248546940275,0.0950404780173563,0.0,0.21956738735549153,4,"1000,1001,1002,1003",90200,200,True
repeat-copy,controls,ber,zero,64600,0.06320365512510762,0.09233270666658551,6.775067653506994e-05,0.22162332301493734,4,"1000,1001,1002,1003",90200,200,True
repeat-copy,controls,ber,zero,64800,0.11532989232349791,0.11551106922153058,5.7750060223042964e-05,0.2412871140561765,4,"1000,1001,1002,1003",90200,200,True
repeat-copy,controls,ber,zero,65000,0.12637441706101527,0.12675174447276094,0.0,0.2669372959109023,4,"1000,1001,1002,1003",90200,200,True
repeat-copy,controls,ber,zero,65200,0.064427240689256,0.08637557016383987,0.0,0.21022460379404947,4,"1000,1001,1002,1003",90200,200,True
repeat-copy,controls,ber,zero,65400,0.05959253024411737,0.10301577739285123,0.0,0.23802101269131526,4,"1000,1001,1002,1003",90200,200,True
repeat-copy,controls,ber,zero,65600,0.05678944897721522,0.09595263855482092,0.0,0.22295895257033407,4,"1000,1001,1002,1003",90200,200,True
repeat-copy,controls,ber,zero,65800,0.05588510544825113,0.09544414127476783,0.0,0.2211918318271637,4,"1000,1001,1002,1003",90200,200,True
repeat-copy,controls,ber,zero,66000,0.0565814685713849,0.09780535246935525,0.0,0.22598525627050547,4,"1000,1001,1002,1003",90200,200,True
repeat-copy,controls,ber,zero,66200,0.058380041131167675,0.10111719738714324,0.0,0.2335201645246707,4,"1000,1001,1002,1003",90200,200,True
repeat-copy,controls,ber,zero,66400,0.05829936261376133,0.10087498512781858,0.0,0.2330199366970919,4,"1000,1001,1002,1003",90200,200,True
repeat-copy,controls,ber,zero,66600,0.05525870186436805,0.09569442325945801,0.0,0.2210063037252985,4,"1000,1001,1002,1003",90200,200,True
repeat-copy,controls,ber,zero,66800,0.05881541242211824,0.10186382341378467,0.0,0.23524872979149222,4,"1000,1001,1002,1003",90200,200,True
repeat-copy,controls,ber,zero,67000,0.05449544017901644,0.09427070527780629,0.0,0.21777702720835804,4,"1000,1001,1002,1003",90200,200,True
repeat-copy,controls,ber,zero,67200,0.05311662651161896,0.09191333504709605,0.0,0.21231517779640854,4,"1000,1001,1002,1003",90200,200,True
repeat-copy,controls,ber,zero,67400,0.05670951855106978,0.09782541322054514,0.0,0.22614768400788307,4,"1000,1001,1002,1003",90200,200,True
repeat-copy,controls,ber,zero,67600,0.05579071344021941,0.09635591665987463,0.00012008818273898214,0.22268403870519252,4,"1000,1001,1002,1003",90200,200,True
repeat-copy,controls,ber,zero,67800,0.05126245981780812,0.08878918492540168,0.0,0.2050498392712325,4,"1000,1001,1002,1003",90200,200,True
repeat-copy,controls,ber,zero,68000,0.05265603069274221,0.09117619326438654,0.0,0.2105778264743276,4,"1000,1001,1002,1003",90200,200,True
repeat-copy,controls,ber,zero,68200,0.05374351165010012,0.09271659551222208,7.897682080511003e-05,0.2143333021365106,4,"1000,1001,1002,1003",90200,200,True
repeat-copy,controls,ber,zero,68400,0.06243948710674886,0.09424516467914922,0.00012345679104328156,0.22526359787210823,4,"1000,1001,1002,1003",90200,200,True
repeat-copy,controls,ber,zero,68600,0.06877837030551746,0.09568751052170396,0.0,0.232096266632434,4,"1000,1001,1002,1003",90200,200,True
repeat-copy,controls,ber,zero,68800,0.05539298426330788,0.09513052735253061,0.0,0.22016269255662338,4,"1000,1001,1002,1003",90200,200,True
repeat-copy,controls,ber,zero,69000,0.05422326760162832,0.09382976548866974,0.0,0.21674115709261968,4,"1000,1001,1002,1003",90200,200,True
repeat-copy,controls,ber,zero,69200,0.05375850041775266,0.09307633329449883,0.0,0.2149714325950481,4,"1000,1001,1002,1003",90200,200,True
repeat-copy,controls,ber,zero,69400,0.05231422976954491,0.09046640172162078,6.481858436018229e-05,0.2090066298772581,4,"1000,1001,1002,1003",90200,200,True
repeat-copy,controls,ber,zero,69600,0.056890427564503625,0.09839375093314003,0.0,0.22731331281596795,4,"1000,1001,1002,1003",90200,200,True
repeat-copy,controls,ber,zero,69800,0.05371340172467171,0.09303038099824598,0.0,0.214846748188138,4,"1000,1001,1002,1003",90200,200,True
repeat-copy,controls,ber,zero,70000,0.05620599970745389,0.09721249205595914,0.0,0.22458288876339794,4,"1000,1001,1002,1003",90200,200,True
repeat-copy,controls,ber,zero,70200,0.05521428783933516,0.0948536347167483,0.00011575381271541119,0.21950512006878853,4,"1000,1001,1002,1003",90200,200,True
repeat-copy,controls,ber,zero,70400,0.05221925323887263,0.09038809094077568,0.0,0.20877600285457448,4,"1000,1001,1002,1003",90200,200,True
repeat-copy,controls,ber,zero,70600,0.07131601856643102,0.08996343270493098,0.0,0.22022745728027077,4,"1000,1001,1002,1003",90200,200,True
repeat-copy,controls,ber,zero,70800,0.06003017247014213,0.08511645976376779,0.0,0.20540821386035532,4,"1000,1001,1002,1003",90200,200,True
repeat-copy,controls,ber,zero,71000,0.05372336746862857,0.09195794975830836,0.0,0.21299500186461956,4,"1000,1001,1002,1003",90200,200,True
repeat-copy,controls,ber,zero,71200,0.055376318227790766,0.09211247684802833,0.0,0.21486043789889664,4,"1000,1001,1002,1003",90200,200,True
repeat-copy,controls,ber,zero,71400,0.054682518825138686,0.09204148884684699,2.9239766299724578e-05,0.21407084925100206,4,"1000,1001,1002,1003",90200,200,True
repeat-copy,controls,ber,zero,71600,0.051769158106762914,0.08954557148110469,0.0,0.2068666189862415,4,"1000,1001,1002,1003",90200,200,True
repeat-copy,controls,ber,zero,71800,0.05248721146184834,0.09077353618344138,0.0,0.20971150565892457,4,"1000,1001,1002,1003",90200,200,True
repeat-copy,controls,ber,zero,72000,0.0542354228712793,0.09379052388366146,0.0,0.21668534591328353,4,"1000,1001,1002,1003",90200,200,True
repeat-copy,controls,ber,zero,72200,0.05323757166246651,0.09212983139029197,0.0,0.21281111292541027,4,"1000,1001,1002,1003",90200,200,True
repeat-copy,controls,ber,zero,72400,0.0561215317476308,0.0971592594646345,0.0,0.2244062960986048,4,"1000,1001,1002,1003",90200,200,True
repeat-copy,controls,ber,zero,72600,0.05300619458954316,0.09137732935664064,0.0,0.2112761434726417,4,"1000,1001,1002,1003",90200,200,True
repeat-copy,controls,ber,zero,72800,0.05151621984376107,0.08918289461637414,0.0,0.2059855142910965,4,"1000,1001,1002,1003",90200,200,True
repeat-copy,controls,ber,zero,73000,0.052717235363088547,0.09006795599047718,0.0,0.20871313613140954,4,"1000,1001,1002,1003",90200,200,True
repeat-copy,controls,ber,zero,73200,0.050829707490047435,0.08692452149782168,0.0,0.20138116059359162,4,"1000,1001,1002,1003",90200,200,True
repeat-copy,controls,ber,zero,73400,0.051679106095689355,0.0894950635455073,0.0,0.20668910197913648,4,"1000,1001,1002,1003",90200,200,True
repeat-copy,controls,ber,zero,73600,0.0513893726891547,0.0885101267621322,0.0,0.2046924355835654,4,"1000,1001,1002,1003",90200,200,True
repeat-copy,controls,ber,zero,73800,0.052754324419656766,0.09137317021381704,0.0,0.21101729767862706,4,"1000,1001,1002,1003",90200,200,True
repeat-copy,controls,ber,zero,74000,0.04855836680144421,0.08389848820716546,0.0,0.1938746795617044,4,"1000,1001,1002,1003",90200,200,True
repeat-copy,controls,ber,zero,74200,0.0527197885903297,0.09028234314737453,0.0,0.20908884275937453,4,"1000,1001,1002,1003",90200,200,True
repeat-copy,controls,ber,zero,74400,0.05370817577815615,0.09198188350621031,0.0,0.21302031689789147,4,"1000,1001,1002,1003",90200,200,True
repeat-copy,controls,ber,zero,74600,0.050603239319752906,0.08757694037317386,0.0,0.20229092507390306,4,"1000,1001,1002,1003",90200,200,True
repeat-copy,controls,ber,zero,74800,0.050604539695195856,0.0876496338457153,0.0,0.20241815878078342,4,"1000,1001,1002,1003",90200,200,True
repeat-copy,controls,ber,zero,75000,0.04686666636654991,0.08115061686376979,0.0,0.1874236558098346,4,"1000,1001,1002,1003",90200,200,True
repeat-copy,controls,ber,zero,75200,0.05362151903842459,0.09284427971587736,0.0,0.21443252424011006,4,"1000,1001,1002,1003",90200,200,True
repeat-copy,controls,ber,zero,75400,0.04654042829788523,0.08053727362937893,0.0,0.18603504937374965,4,"1000,1001,1002,1003",90200,200,True
repeat-copy,controls,ber,zero,75600,0.04702766936126864,0.08138367927937397,0.0,0.1879883102234453,4,"1000,1001,1002,1003",90200,200,True
repeat-copy,controls,ber,zero,75800,0.04938147567387204,0.08515270091168631,1.5015015378594398e-05,0.1968698743567802,4,"1000,1001,1002,1003",90200,200,True
repeat-copy,controls,ber,zero,76000,0.05647708566451911,0.09782118183436699,0.0,0.22590834265807644,4,"1000,1001,1002,1003",90200,200,True
repeat-copy,controls,ber,zero,76200,0.05454531340976246,0.09097601734760363,0.0,0.21206095766741784,4,"1000,1001,1002,1003",90200,200,True
repeat-copy,controls,ber,zero,76400,0.0490328422820312,0.08492102270266703,0.0,0.1961203680280596,4,"1000,1001,1002,1003",90200,200,True
repeat-copy,controls,ber,zero,76600,0.045274699141155,0.07829114654935788,0.0,0.18087888915557415,4,"1000,1001,1002,1003",90200,200,True
repeat-copy,controls,ber,zero,76800,0.04571369331388268,0.07917843942126648,0.0,0.18285477325553073,4,"1000,1001,1002,1003",90200,200,True
repeat-copy,controls,ber,zero,77000,0.04775278507629992,0.08270707424151144,0.0,0.19100563975516707,4,"1000,1001,1002,1003",90200,200,True
repeat-copy,controls,ber,zero,77200,0.05137612898019142,0.08890524985102724,0.0,0.2053645069571212,4,"1000,1001,1002,1003",90200,200,True
repeat-copy,controls,ber,zero,77400,0.05137636047846172,0.08754886524094853,0.0,0.20300532237859442,4,"1000,1001,1002,1003",90200,200,True
repeat-copy,controls,ber,zero,77600,0.05208384623736492,0.09020660981420656,0.0,0.208326277481392,4,"1000,1001,1002,1003",90200,200,True
repeat-copy,controls,ber,zero,77800,0.046804583985940555,0.08106791749077367,0.0,0.18721833594376222,4,"1000,1001,1002,1003",90200,200,True
repeat-copy,controls,ber,zero,78000,0.04584083941532299,0.07904468400559905,0.0,0.18274971638340504,4,"1000,1001,1002,1003",90200,200,True
repeat-copy,controls,ber,zero,78200,0.04511515752587002,0.07786286646963089,0.0,0.17997746989363805,4,"1000,1001,1002,1003",90200,200,True
repeat-copy,controls,ber,zero,78400,0.04981152933556586,0.08589024332759058,0.0,0.1985772838955745,4,"1000,1001,1002,1003",90200,200,True
repeat-copy,controls,ber,zero,78600,0.04706048919004388,0.08029648774928722,0.0,0.18613197383470834,4,"1000,1001,1002,1003",90200,200,True
repeat-copy,controls,ber,zero,78800,0.045224977217148986,0.07824034224142001,0.0,0.1807411787007004,4,"1000,1001,1002,1003",90200,200,True
repeat-copy,controls,ber,zero,79000,0.04458009382899036,0.0771991513959615,0.0,0.17829294494120404,4,"1000,1001,1002,1003",90200,200,True
repeat-copy,controls,ber,zero,79200,0.04736845223669661,0.08195184780917444,0.0,0.18931317096808925,4,"1000,1001,1002,1003",90200,200,True
repeat-copy,controls,ber,zero,79400,0.03947059512312989,0.06826071606352305,0.0,0.15770155436592176,4,"1000,1001,1002,1003",90200,200,True
repeat-copy,controls,ber,zero,79600,0.04552933333034161,0.07873725353923385,0.0,0.18190618634922429,4,"1000,1001,1002,1003",90200,200,True
repeat-copy,controls,ber,zero,79800,0.04391267297382001,0.0757991655380619,7.215007208287716e-06,0.17520039470866322,4,"1000,1001,1002,1003",90200,200,True
repeat-copy,controls,ber,zero,80000,0.041703530767699705,0.0722326341446678,0.0,0.16681412307079882,4,"1000,1001,1002,1003",90200,200,True
repeat-copy,controls,ber,zero,80200,0.046969075300730766,0.08038219989042279,0.0,0.18619242187356577,4,"1000,1001,1002,1003",90200,200,True
repeat-copy,controls,ber,zero,80400,0.04462406062870286,0.07729114024894733,0.0,0.17849624251481144,4,"1000,1001,1002,1003",90200,200,True
repeat-copy,controls,ber,zero,80600,0.05842616057314444,0.10118458223065373,0.0,0.2336829972709529,4,"1000,1001,1002,1003",90200,200,True
repeat-copy,controls,ber,zero,80800,0.05829051545952098,0.10085422405306844,0.0,0.23297510565491394,4,"1000,1001,1002,1003",90200,200,True
repeat-copy,controls,ber,zero,81000,0.058299627545638937,0.10029555304044512,0.0,0.2320154433324933,4,"1000,1001,1002,1003",90200,200,True
repeat-copy,controls,ber,zero,81200,0.04868200239623548,0.08418045852215982,0.0,0.1944868072331883,4,"1000,1001,1002,1003",90200,200,True
repeat-copy,controls,ber,zero,81400,0.0425616586059914,0.0725246991389488,0.0,0.16816988278180361,4,"1000,1001,1002,1003",90200,200,True
repeat-copy,controls,ber,zero,81600,0.04218164555088151,0.07198022674479684,0.0,0.16684827538672833,4,"1000,1001,1002,1003",90200,200,True
repeat-copy,controls,ber,zero,81800,0.04153026386513375,0.07178867225082536,0.0,0.1658718046383001,4,"1000,1001,1002,1003",90200,200,True
repeat-copy,controls,ber,zero,82000,0.045267643686966036,0.0784058588047497,0.0,0.18107057474786414,4,"1000,1001,1002,1003",90200,200,True
repeat-copy,controls,ber,zero,82200,0.050302568548358975,0.07678728374449552,0.0,0.1826531540416181,4,"1000,1001,1002,1003",90200,200,True
repeat-copy,controls,ber,zero,82400,0.040666142388072334,0.06128020657697776,0.0,0.14616811912041158,4,"1000,1001,1002,1003",90200,200,True
repeat-copy,controls,ber,zero,82600,0.04013340640405659,0.0673101275432673,0.0,0.1566893116873689,4,"1000,1001,1002,1003",90200,200,True
repeat-copy,controls,ber,zero,82800,0.04247301035036798,0.07319070263497592,0.0,0.16924276111181824,4,"1000,1001,1002,1003",90200,200,True
repeat-copy,controls,ber,zero,83000,0.042816736194072294,0.07412512788037726,0.0,0.17120521638076752,4,"1000,1001,1002,1003",90200,200,True
repeat-copy,controls,ber,zero,83200,0.04322357718265266,0.07358101490318594,0.0,0.17065983903594314,4,"1000,1001,1002,1003",90200,200,True
repeat-copy,controls,ber,zero,83400,0.03874024864082457,0.06672261883286208,0.0,0.154306287211366,4,"1000,1001,1002,1003",90200,200,True
repeat-copy,controls,ber,zero,83600,0.05090323808835819,0.08815416509934054,0.0,0.20359073013067244,4,"1000,1001,1002,1003",90200,200,True
repeat-copy,controls,ber,zero,83800,0.048607663232978666,0.08297318197129688,0.0,0.19231401475612075,4,"1000,1001,1002,1003",90200,200,True
repeat-copy,controls,ber,zero,84000,0.044858378537173844,0.07762054087722778,7.3099415749311445e-06,0.1793010917957872,4,"1000,1001,1002,1003",90200,200,True
repeat-copy,controls,ber,zero,84200,0.04110201335453894,0.07119077542343595,0.0,0.16440805341815576,4,"1000,1001,1002,1003",90200,200,True
repeat-copy,controls,ber,zero,84400,0.03799593763134908,0.06581089445871487,0.0,0.1519837505253963,4,"1000,1001,1002,1003",90200,200,True
repeat-copy,controls,ber,zero,84600,0.04356672333029565,0.07491629179366675,0.0,0.1733238335303031,4,"1000,1001,1002,1003",90200,200,True
repeat-copy,controls,ber,zero,84800,0.03994978634291328,0.06757465959121234,0.0,0.15698554390342906,4,"1000,1001,1002,1003",90200,200,True
repeat-copy,controls,ber,zero,85000,0.035800363620510325,0.06005611479200101,0.0,0.13979267527814954,4,"1000,1001,1002,1003",90200,200,True
repeat-copy,controls,ber,zero,85200,0.04204452445555944,0.07147939141805222,9.580990765243768e-05,0.16584274961380288,4,"1000,1001,1002,1003",90200,200,True
repeat-copy,controls,ber,zero,85400,0.04090897621703334,0.06983552508457418,0.0,0.16186114363372325,4,"1000,1001,1002,1003",90200,200,True
repeat-copy,controls,ber,zero,85600,0.03904170627647545,0.06753514493530287,0.0,0.15601595995714887,4,"1000,1001,1002,1003",90200,200,True
repeat-copy,controls,ber,zero,85800,0.03983289854659233,0.06884518983189618,0.0,0.15907622827915474,4,"1000,1001,1002,1003",90200,200,True
repeat-copy,controls,ber,zero,86000,0.042492305933265015,0.07359883280717547,0.0,0.16996922373306006,4,"1000,1001,1002,1003",90200,200,True
repeat-copy,controls,ber,zero,86200,0.04753257336502429,0.08232883208271724,0.0,0.19013029346009716,4,"1000,1001,1002,1003",90200,200,True
repeat-copy,controls,ber,zero,86400,0.03954678299705847,0.06829302563114459,0.0,0.15783350890036674,4,"1000,1001,1002,1003",90200,200,True
repeat-copy,controls,ber,zero,86600,0.038349371563235764,0.06626480389431584,0.0,0.15312330902786925,4,"1000,1001,1002,1003",90200,200,True
repeat-copy,controls,ber,zero,86800,0.04156718515790999,0.07199647662112305,0.0,0.16626874063163996,4,"1000,1001,1002,1003",90200,200,True
repeat-copy,controls,ber,zero,87000,0.041008710263995454,0.06977297694949657,0.0,0.16184916853439063,4,"1000,1001,1002,1003",90200,200,True
repeat-copy,controls,ber,zero,87200,0.04229236325074453,0.07325252192244837,0.0,0.16916945300297812,4,"1000,1001,1002,1003",90200,200,True
repeat-copy,controls,ber,zero,87400,0.04032875891236472,0.06971703368525436,0.0,0.16108217533677816,4,"1000,1001,1002,1003",90200,200,True
repeat-copy,controls,ber,zero,87600,0.037417909438954663,0.06480972026128054,0.0,0.14967163775581865,4,"1000,1001,1002,1003",90200,200,True
repeat-copy,controls,ber,zero,87800,0.04009963543852791,0.0694237680084384,0.0,0.16034512294922024,4,"1000,1001,1002,1003",90200,200,True
repeat-copy,controls,ber,zero,88000,0.03929105309143779,0.06783540666376953,0.0,0.15678525052266196,4,"1000,1001,1002,1003",90200,200,True
repeat-copy,controls,ber,zero,88200,0.07312136569293215,0.07331683616694892,0.0,0.15380901775788516,4,"1000,1001,1002,1003",90200,200,True
repeat-copy,controls,ber,zero,88400,0.1096970989208785,0.11487194117371304,0.0,0.26760434941505085,4,"1000,1001,1002,1003",90200,200,True
repeat-copy,controls,ber,zero,88600,0.06938619176726206,0.06484122610154061,5.12820528820157e-05,0.15480589058017358,4,"1000,1001,1002,1003",90200,200,True
repeat-copy,controls,ber,zero,88800,0.049368532090884404,0.06282620948596666,0.00019296607002615928,0.15431457652477548,4,"1000,1001,1002,1003",90200,200,True
repeat-copy,controls,ber,zero,89000,0.04057758335824474,0.06718793297966677,0.0,0.15688730080612004,4,"1000,1001,1002,1003",90200,200,True
repeat-copy,controls,ber,zero,89200,0.03790175970643759,0.06418315149733364,0.0,0.14905559852719308,4,"1000,1001,1002,1003",90200,200,True
repeat-copy,controls,ber,zero,89400,0.041237060013372684,0.07056922839749163,0.0,0.16346203119959682,4,"1000,1001,1002,1003",90200,200,True
repeat-copy,controls,ber,zero,89600,0.06725435225787806,0.07047749320232749,6.172839552164078e-05,0.16456769798882306,4,"1000,1001,1002,1003",90200,200,True
repeat-copy,controls,ber,zero,89800,0.0783617295109434,0.07781385359896806,0.0,0.1695675685442984,4,"1000,1001,1002,1003",90200,200,True
repeat-copy,controls,ber,zero,90000,0.03752306185560883,0.06386927619883667,0.0,0.14813938543666155,4,"1000,1001,1002,1003",90200,200,True
repeat-copy,controls,ber,zero,90200,0.04900657362712082,0.08451319055189914,1.5432098880410195e-05,0.19538749520666898,4,"1000,1001,1002,1003",90200,200,True
repeat-copy,controls,ber,random,200,0.43332811824977396,0.0030711096532178832,0.4313888293504715,0.43864313200116156,4,"1000,1001,1002,1003",90200,200,True
repeat-copy,controls,ber,random,400,0.4166507607698441,0.002208666162404284,0.4143075030297041,0.41938551880419256,4,"1000,1001,1002,1003",90200,200,True
repeat-copy,controls,ber,random,600,0.40720777755603194,0.0068998167104649,0.3953229121863842,0.41225749418139457,4,"1000,1001,1002,1003",90200,200,True
repeat-copy,controls,ber,random,800,0.39969816433265803,0.0008108340656207969,0.3989264837652445,0.4010246130079031,4,"1000,1001,1002,1003",90200,200,True
repeat-copy,controls,ber,random,1000,0.3892410003766417,0.006817987386463877,0.3813539243489504,0.39904915139079095,4,"1000,1001,1002,1003",90200,200,True
repeat-copy,controls,ber,random,1200,0.3821972031146288,0.0034959593797479756,0.3788530520349741,0.38789799720048906,4,"1000,1001,1002,1003",90200,200,True
repeat-copy,controls,ber,random,1400,0.37885620702058076,0.0049069312871993865,0.3735677946358919,0.38658233508467676,4,"1000,1001,1002,1003",90200,200,True
repeat-copy,controls,ber,random,1600,0.37143697608262305,0.004944945137442257,0.36686150673776863,0.3796544162184,4,"1000,1001,1002,1003",90200,200,True
repeat-copy,controls,ber,random,1800,0.3664106166455895,0.003060581387064627,0.36229994338005783,0.3695635025948286,4,"1000,1001,1002,1003",90200,200,True
repeat-copy,controls,ber,random,2000,0.35879943969193845,0.006854257737456,0.34700892999768257,0.3638109128549695,4,"1000,1001,1002,1003",90200,200,True
repeat-copy,controls,ber,random,2200,0.3619250842183828,0.004337176587894999,0.3547988320142031,0.3658174666762352,4,"1000,1001,1002,1003",90200,200,True
repeat-copy,controls,ber,random,2400,0.3570513104181737,0.006622181090889814,0.35008291497826577,0.3641758899018168,4,"1000,1001,1002,1003",90200,200,True
repeat-copy,controls,ber,random,2600,0.3497523805592209,0.0025569389075917963,0.3469028763473034,0.3524667591229081,4,"1000,1001,1002,1003",90200,200,True
repeat-copy,controls,ber,random,2800,0.3528318663872778,0.0048819013497683455,0.34676260069012643,0.3584959818050265,4,"1000,1001,1002,1003",90200,200,True
repeat-copy,controls,ber,random,3000,0.34365754757076505,0.004582157425061281,0.3376408375054598,0.349726849347353,4,"1000,1001,1002,1003",90200,200,True
repeat-copy,controls,ber,random,3200,0.34063772603869436,0.0039422182680914995,0.3352938117086887,0.3444575601071119,4,"1000,1001,1002,1003",90200,200,True
repeat-copy,controls,ber,random,3400,0.3396280872449279,0.0019779461304365344,0.33761667665094136,0.3417676824331284,4,"1000,1001,1002,1003",90200,200,True
repeat-copy,controls,ber,random,3600,0.33375180966220797,0.004327164746670519,0.32731511294841764,0.33900454599410296,4,"1000,1001,1002,1003",90200,200,True
repeat-copy,controls,ber,random,3800,0.3307245231606066,0.0043075654161523385,0.32578171364963054,0.3355408714339137,4,"1000,1001,1002,1003",90200,200,True
repeat-copy,controls,ber,random,4000,0.3310320448968559,0.00359155789985807,0.3263373079895973,0.33560539834201336,4,"1000,1001,1002,1003",90200,200,True
repeat-copy,controls,ber,random,4200,0.3267962040007114,0.005833653247759937,0.31843566831201314,0.33416826006025074,4,"1000,1001,1002,1003",90200,200,True
repeat-copy,controls,ber,random,4400,0.3221174854971468,0.005151987198568081,0.315436246804893,0.32836195699870585,4,"1000,1001,1002,1003",90200,200,True
repeat-copy,controls,ber,random,4600,0.3250480217952281,0.01158054258269871,0.30885317485779523,0.34160004142671824,4,"1000,1001,1002,1003",90200,200,True
repeat-copy,controls,ber,random,4800,0.3218677985970862,0.00900220992776479,0.30684967182576656,0.3308074962068349,4,"1000,1001,1002,1003",90200,200,True
repeat-copy,controls,ber,random,5000,0.3101736124185845,0.015463788707161804,0.28357039161026476,0.3208530034869909,4,"1000,1001,1002,1003",90200,200,True
repeat-copy,controls,ber,random,5200,0.3050272771157324,0.02398408680521558,0.26375508613884446,0.32266991581767795,4,"1000,1001,1002,1003",90200,200,True
repeat-copy,controls,ber,random,5400,0.3000718889338896,0.038622926293538536,0.2341984179802239,0.332826139703393,4,"1000,1001,1002,1003",90200,200,True
repeat-copy,controls,ber,random,5600,0.28851398741360756,0.056749866446632276,0.1904486613534391,0.3262795513495803,4,"1000,1001,1002,1003",90200,200,True
repeat-copy,controls,ber,random,5800,0.2766605128580704,0.06770838409256218,0.1594139591883868,0.31814209462143483,4,"1000,1001,1002,1003",90200,200,True
repeat-copy,controls,ber,random,6000,0.2713881564722397,0.08124732306310005,0.13069852237589658,0.32052179500460626,4,"1000,1001,1002,1003",90200,200,True
repeat-copy,controls,ber,random,6200,0.26870122546330094,0.09271744042885724,0.10817801315337419,0.32657642744481563,4,"1000,1001,1002,1003",90200,200,True
repeat-copy,controls,ber,random,6400,0.25471749374293723,0.10860614127236543,0.06662557060364634,0.3188245238736272,4,"1000,1001,1002,1003",90200,200,True
repeat-copy,controls,ber,random,6600,0.251905694611487,0.11327554865460522,0.055817051485646516,0.32339809887111187,4,"1000,1001,1002,1003",90200,200,True
repeat-copy,controls,ber,random,6800,0.24321834499336548,0.12181909849440585,0.032259520994266495,0.3157367142476141,4,"1000,1001,1002,1003",90200,200,True
repeat-copy,controls,ber,random,7000,0.2441332060468267,0.12455833166879096,0.028414887859253214,0.31797323256731036,4,"1000,1001,1002,1003",90200,200,True
repeat-copy,controls,ber,random,7200,0.24469911617823528,0.12865063197215965,0.021882848539971748,0.3211102406308055,4,"1000,1001,1002,1003",90200,200,True
repeat-copy,controls,ber,random,7400,0.24362041306609172,0.12630842379239715,0.024851488775457255,0.3177385265007615,4,"1000,1001,1002,1003",90200,200,True
repeat-copy,controls,ber,random,7600,0.23860024847876046,0.12972943274684046,0.014136816965183242,0.32102604154497383,4,"1000,1001,1002,1003",90200,200,True
repeat-copy,controls,ber,random,7800,0.23659932010035845,0.13162914405477114,0.00863456451043021,0.31506888281553985,4,"1000,1001,1002,1003",90200,200,True
repeat-copy,controls,ber,random,8000,0.23475603983562907,0.13099928043545617,0.007975356460083276,0.3153447004780173,4,"1000,1001,1002,1003",90200,200,True
repeat-copy,controls,ber,random,8200,0.23431436919403492,0.1308232630744035,0.007843862577574327,0.3167883202433586,4,"1000,1001,1002,1003",90200,200,True
repeat-copy,controls,ber,random,8400,0.23555880517014888,0.13204190129440133,0.006863503186614253,0.31269723884761336,4,"1000,1001,1002,1003",90200,200,True
repeat-copy,controls,ber,random,8600,0.23227267148060493,0.13137657154986643,0.0050420365144964304,0.316039997600019,4,"1000,1001,1002,1003",90200,200,True
repeat-copy,controls,ber,random,8800,0.22863580294142594,0.1289819105457608,0.005550649583456107,0.31277212835848334,4,"1000,1001,1002,1003",90200,200,True
repeat-copy,controls,ber,random,9000,0.2240746988770843,0.12559922581167082,0.007937672844273038,0.31258404668420553,4,"1000,1001,1002,1003",90200,200,True
repeat-copy,controls,ber,random,9200,0.21194543011442873,0.12269300880065656,0.009417820887756534,0.31454467613250015,4,"1000,1001,1002,1003",90200,200,True
repeat-copy,controls,ber,random,9400,0.20149041728451267,0.12459933370694497,0.0023197148035978897,0.30731836732476947,4,"1000,1001,1002,1003",90200,200,True
repeat-copy,controls,ber,random,9600,0.2005655585542263,0.12462188534797451,0.004347675146418623,0.309581736959517,4,"1000,1001,1002,1003",90200,200,True
repeat-copy,controls,ber,random,9800,0.1976099507449544,0.12442751178881202,0.003346963784424588,0.30653426427394154,4,"1000,1001,1002,1003",90200,200,True
repeat-copy,controls,ber,random,10000,0.1772127946795081,0.13354973314764831,0.009312579339602962,0.3091310623288155,4,"1000,1001,1002,1003",90200,200,True
repeat-copy,controls,ber,random,10200,0.16239009490425815,0.1433819391035441,0.008842924172640779,0.31033860102295874,4,"1000,1001,1002,1003",90200,200,True
repeat-copy,controls,ber,random,10400,0.16141415576028523,0.145482215420177,0.0016819122823653742,0.30995412658900023,4,"1000,1001,1002,1003",90200,200,True
repeat-copy,controls,ber,random,10600,0.17845748615131016,0.13191224757189862,0.001885253709042445,0.3118548870459199,4,"1000,1001,1002,1003",90200,200,True
repeat-copy,controls,ber,random,10800,0.20152821301366203,0.11907674472837293,0.00525121146813035,0.29791744757443667,4,"1000,1001,1002,1003",90200,200,True
repeat-copy,controls,ber,random,11000,0.1646991743866238,0.13814244461539432,0.0012692079273983836,0.3046471769362688,4,"1000,1001,1002,1003",90200,200,True
repeat-copy,controls,ber,random,11200,0.1626742817090417,0.14228214448759216,0.0016332852054620163,0.30752405419945716,4,"1000,1001,1002,1003",90200,200,True
repeat-copy,controls,ber,random,11400,0.15964404599566479,0.14648363177078966,0.0016681764274835587,0.31032168079167605,4,"1000,1001,1002,1003",90200,200,True
repeat-copy,controls,ber,random,11600,0.15775690898197353,0.1445514471074884,0.001708008658606559,0.3039625911042094,4,"1000,1001,1002,1003",90200,200,True
repeat-copy,controls,ber,random,11800,0.15388003347470658,0.14475552999139907,0.0011201460543088615,0.30353883871808646,4,"1000,1001,1002,1003",90200,200,True
repeat-copy,controls,ber,random,12000,0.15576533840285267,0.14210920112077216,0.001457677652942948,0.3055611717142165,4,"1000,1001,1002,1003",90200,200,True
repeat-copy,controls,ber,random,12200,0.15622394831385464,0.14726439621208154,0.0022806751960888507,0.30342835135757923,4,"1000,1001,1002,1003",90200,200,True
repeat-copy,controls,ber,random,12400,0.1535495395700855,0.145759590383587,0.0019032005179906264,0.2994760239869356,4,"1000,1001,1002,1003",90200,200,True
repeat-copy,controls,ber,random,12600,0.1539723344540107,0.14789916746195,0.00021761769603472202,0.30371014155447484,4,"1000,1001,1002,1003",90200,200,True
repeat-copy,controls,ber,random,12800,0.15274334159767022,0.14759602695372298,0.0020091447938466443,0.31309486631304023,4,"1000,1001,1002,1003",90200,200,True
repeat-copy,controls,ber,random,13000,0.1517509252294258,0.14674195239359822,0.002092877245740965,0.2985317167639732,4,"1000,1001,1002,1003",90200,200,True
repeat-copy,controls,ber,random,13200,0.1519155924153165,0.14954389746409283,0.0005879778217058629,0.3043602307327092,4,"1000,1001,1002,1003",90200,200,True
repeat-copy,controls,ber,random,13400,0.15558903503100735,0.1505919650770892,0.0005751545535167679,0.30857246652245524,4,"1000,1001,1002,1003",90200,200,True
repeat-copy,controls,ber,random,13600,0.15274197451682994,0.15002494739182407,0.001475614772643894,0.3041708565503359,4,"1000,1001,1002,1003",90200,200,True
repeat-copy,controls,ber,random,13800,0.15146942827690507,0.14854162904773127,0.0007124828587984667,0.30483246758580207,4,"1000,1001,1002,1003",90200,200,True
repeat-copy,controls,ber,random,14000,0.14855986989656228,0.1471225858803048,4.2369525181129576e-05,0.29682932429015635,4,"1000,1001,1002,1003",90200,200,True
repeat-copy,controls,ber,random,14200,0.14658583861382796,0.14472408608830792,0.0015860952390357851,0.29226150814443824,4,"1000,1001,1002,1003",90200,200,True
repeat-copy,controls,ber,random,14400,0.1477972172157024,0.1462323483202781,0.0011838767462177201,0.2971153587475419,4,"1000,1001,1002,1003",90200,200,True
repeat-copy,controls,ber,random,14600,0.15046793439236353,0.14954089284540376,0.00028243286767974494,0.30341850440949203,4,"1000,1001,1002,1003",90200,200,True
repeat-copy,controls,ber,random,14800,0.14744627893305734,0.14564773934822173,0.0011531234928406776,0.29821077417582276,4,"1000,1001,1002,1003",90200,200,True
repeat-copy,controls,ber,random,15000,0.147642374104762,0.1447231590309916,0.0020931922283489255,0.2932475496828556,4,"1000,1001,1002,1003",90200,200,True
repeat-copy,controls,ber,random,15200,0.14903171330253825,0.14638945085886446,0.0005311063578119501,0.305371034424752,4,"1000,1001,1002,1003",90200,200,True
repeat-copy,controls,ber,random,15400,0.16805067069959478,0.124907691828169,0.00180859106592834,0.2962126823142171,4,"1000,1001,1002,1003",90200,200,True
repeat-copy,controls,ber,random,15600,0.14595579313492635,0.1415192552338755,1.2210012646391989e-05,0.2916176287271082,4,"1000,1001,1002,1003",90200,200,True
repeat-copy,controls,ber,random,15800,0.14692132229974958,0.14091165688780266,0.0058984780765604225,0.2888150887936354,4,"1000,1001,1002,1003",90200,200,True
repeat-copy,controls,ber,random,16000,0.14756052723023458,0.14677467744581543,0.0005379477655515075,0.29773187641054394,4,"1000,1001,1002,1003",90200,200,True
repeat-copy,controls,ber,random,16200,0.14961044375275379,0.14180708873203685,0.0019269972678739578,0.2987130648829043,4,"1000,1001,1002,1003",90200,200,True
repeat-copy,controls,ber,random,16400,0.14202346455655063,0.14128918303543866,6.775067653506994e-05,0.29255162604153157,4,"1000,1001,1002,1003",90200,200,True
repeat-copy,controls,ber,random,16600,0.14406511516222964,0.14175492982136634,0.0013024832395603881,0.29195826087147,4,"1000,1001,1002,1003",90200,200,True
repeat-copy,controls,ber,random,16800,0.14573719946478378,0.1446850379531409,0.0009017697087256238,0.2953564176987857,4,"1000,1001,1002,1003",90200,200,True
repeat-copy,controls,ber,random,17000,0.14408177081466417,0.14327905424078188,0.0006144613557262347,0.2912584252376109,4,"1000,1001,1002,1003",90200,200,True
repeat-copy,controls,ber,random,17200,0.14412626376986737,0.14406718953341133,4.8309178091585635e-05,0.2963516476377845,4,"1000,1001,1002,1003",90200,200,True
repeat-copy,controls,ber,random,17400,0.14089557228740887,0.14020837050691762,0.00017516017891466617,0.2878212935756892,4,"1000,1001,1002,1003",90200,200,True
repeat-copy,controls,ber,random,17600,0.14166011989917024,0.14143786361013636,1.587301609106362e-05,0.2883288948610425,4,"1000,1001,1002,1003",90200,200,True
repeat-copy,controls,ber,random,17800,0.14721068921062397,0.1345771726077722,0.008389345288742333,0.28238226275891065,4,"1000,1001,1002,1003",90200,200,True
repeat-copy,controls,ber,random,18000,0.14755912026477744,0.13667860216633482,0.0005392089020460844,0.2928636206872761,4,"1000,1001,1002,1003",90200,200,True
repeat-copy,controls,ber,random,18200,0.1395149472996127,0.1391007681211275,0.00010466168518178165,0.28844724006950856,4,"1000,1001,1002,1003",90200,200,True
repeat-copy,controls,ber,random,18400,0.13788929369227843,0.1365829923796593,0.0,0.27935199603438376,4,"1000,1001,1002,1003",90200,200,True
repeat-copy,controls,ber,random,18600,0.14471596915784177,0.14430171345207082,0.0001539584348211065,0.2904703935980797,4,"1000,1001,1002,1003",90200,200,True
repeat-copy,controls,ber,random,18800,0.1379851915879408,0.1379201976142454,0.00017005711502861233,0.2859551943466067,4,"1000,1001,1002,1003",90200,200,True
repeat-copy,controls,ber,random,19000,0.13725511635784643,0.13709131125440369,0.00011003757361322642,0.27913466669619086,4,"1000,1001,1002,1003",90200,200,True
repeat-copy,controls,ber,random,19200,0.1384389973967336,0.1369494118585382,0.001143277280498296,0.27801204862073065,4,"1000,1001,1002,1003",90200,200,True
repeat-copy,controls,ber,random,19400,0.1417095377316582,0.13102704868378834,0.000628522103652358,0.2745196113921702,4,"1000,1001,1002,1003",90200,200,True
repeat-copy,controls,ber,random,19600,0.1364633518438495,0.1298777268699181,0.0007922296156175435,0.26937017458491025,4,"1000,1001,1002,1003",90200,200,True
repeat-copy,controls,ber,random,19800,0.1407294854920474,0.13624718482733444,0.0006656742340419441,0.2817465684190392,4,"1000,1001,1002,1003",90200,200,True
repeat-copy,controls,ber,random,20000,0.1356717842456419,0.1345578960441985,0.0011022235476411879,0.2796901491843164,4,"1000,1001,1002,1003",90200,200,True
repeat-copy,controls,ber,random,20200,0.13648840089153963,0.13650674255044068,0.0,0.2783995286095887,4,"1000,1001,1002,1003",90200,200,True
repeat-copy,controls,ber,random,20400,0.13689717552013464,0.13687578097712452,0.00011771680554375053,0.28335645110346375,4,"1000,1001,1002,1003",90200,200,True
repeat-copy,controls,ber,random,20600,0.1361555448520812,0.13588991137174666,0.0,0.27253748767077923,4,"1000,1001,1002,1003",90200,200,True
repeat-copy,controls,ber,random,20800,0.1342770513535652,0.13412822566467053,0.0,0.2750248773209751,4,"1000,1001,1002,1003",90200,200,True
repeat-copy,controls,ber,random,21000,0.13453970777627547,0.13432316562305008,0.0,0.27676237842999396,4,"1000,1001,1002,1003",90200,200,True
repeat-copy,controls,ber,random,21200,0.1317599678435363,0.12944000717349427,0.0002165013598278165,0.26887146217748525,4,"1000,1001,1002,1003",90200,200,True
repeat-copy,controls,ber,random,21400,0.1311525553258252,0.13098688213015733,0.0,0.268438131166622,4,"1000,1001,1002,1003",90200,200,True
repeat-copy,controls,ber,random,21600,0.12882997559325304,0.12798706979479327,0.0006926967320032418,0.2596730690728873,4,"1000,1001,1002,1003",90200,200,True
repeat-copy,controls,ber,random,21800,0.12765327806118876,0.1272505128835205,6.858710548840463e-06,0.25978123674169185,4,"1000,1001,1002,1003",90200,200,True
repeat-copy,controls,ber,random,22000,0.1271217761693697,0.1267244955644922,6.976741482503713e-05,0.25589409394189716,4,"1000,1001,1002,1003",90200,200,True
repeat-copy,controls,ber,random,22200,0.11988744475820567,0.11902762623524335,0.0,0.24852628471329807,4,"1000,1001,1002,1003",90200,200,True
repeat-copy,controls,ber,random,22400,0.11471813136929995,0.11417683294416126,0.0001964727375889197,0.25872256585862485,4,"1000,1001,1002,1003",90200,200,True
repeat-copy,controls,ber,random,22600,0.09732491482631303,0.10285896653283712,0.0001075268816202879,0.2435188876185566,4,"1000,1001,1002,1003",90200,200,True
repeat-copy,controls,ber,random,22800,0.09872685111186001,0.10549127690073834,0.0,0.25246395050082354,4,"1000,1001,1002,1003",90200,200,True
repeat-copy,controls,ber,random,23000,0.09797594760661013,0.10193869074562548,0.0003118830523453653,0.2396257589571178,4,"1000,1001,1002,1003",90200,200,True
repeat-copy,controls,ber,random,23200,0.0945237631247437,0.10509682076746608,0.00016513535752892493,0.25465993518941105,4,"1000,1001,1002,1003",90200,200,True
repeat-copy,controls,ber,random,23400,0.09334063559042989,0.09760447223765685,0.0008918293484020978,0.2344827262731269,4,"1000,1001,1002,1003",90200,200,True
repeat-copy,controls,ber,random,23600,0.08409297707898077,0.08911798922763031,0.0002604075288400054,0.2121478133928031,4,"1000,1001,1002,1003",90200,200,True
repeat-copy,controls,ber,random,23800,0.08258032530677155,0.08913178915315496,0.0002875232516089454,0.2133792956871912,4,"1000,1001,1002,1003",90200,200,True
repeat-copy,controls,ber,random,24000,0.0862080582602357,0.09595196606855089,3.642987227067351e-05,0.23292119698598981,4,"1000,1001,1002,1003",90200,200,True
repeat-copy,controls,ber,random,24200,0.06843988881621044,0.09058304822294463,4.2735044844448565e-05,0.22091089973226188,4,"1000,1001,1002,1003",90200,200,True
repeat-copy,controls,ber,random,24400,0.06514443747219047,0.09372415712850933,0.0003342903411248699,0.22584436907432973,4,"1000,1001,1002,1003",90200,200,True
repeat-copy,controls,ber,random,24600,0.06075939937261864,0.09069585584208667,5.8479532599449156e-05,0.21692093221470712,4,"1000,1001,1002,1003",90200,200,True
repeat-copy,controls,ber,random,24800,0.06036644789564889,0.08904086814111893,0.0002207221952266991,0.2134501358680427,4,"1000,1001,1002,1003",90200,200,True
repeat-copy,controls,ber,random,25000,0.06126165082008811,0.09211019751444863,0.0,0.2198818791564554,4,"1000,1001,1002,1003",90200,200,True
repeat-copy,controls,ber,random,25200,0.05642738630442182,0.08916156031516313,0.0,0.21048738717334345,4,"1000,1001,1002,1003",90200,200,True
repeat-copy,controls,ber,random,25400,0.05305132762237918,0.08104913481594099,0.0008284258632920683,0.19302516295574607,4,"1000,1001,1002,1003",90200,200,True
repeat-copy,controls,ber,random,25600,0.10121968877880136,0.10073754824796866,0.0,0.20349948040908203,4,"1000,1001,1002,1003",90200,200,True
repeat-copy,controls,ber,random,25800,0.09861211329465733,0.09860191285639751,0.0,0.19799090100685135,4,"1000,1001,1002,1003",90200,200,True
repeat-copy,controls,ber,random,26000,0.06131858207110782,0.06710925950076214,0.00303117141360417,0.17538628176320345,4,"1000,1001,1002,1003",90200,200,True
repeat-copy,controls,ber,random,26200,0.0758828585493029,0.0675796733373852,0.000694812647998333,0.18495934983715415,4,"1000,1001,1002,1003",90200,200,True
repeat-copy,controls,ber,random,26400,0.06853300217335347,0.11159442367415626,0.00012345679104328156,0.26163269106531517,4,"1000,1001,1002,1003",90200,200,True
repeat-copy,controls,ber,random,26600,0.04983675693438272,0.08039104401510433,0.00036042802792508156,0.18896164522040634,4,"1000,1001,1002,1003",90200,200,True
repeat-copy,controls,ber,random,26800,0.043781992334552336,0.07197814566555556,0.00032174497842788694,0.16841160658281296,4,"1000,1001,1002,1003",90200,200,True
repeat-copy,controls,ber,random,27000,0.043494884059618925,0.07188959148767193,0.0,0.1679438908281736,4,"1000,1001,1002,1003",90200,200,True
repeat-copy,controls,ber,random,27200,0.04198513864947017,0.07091151846708912,0.0,0.16478765678359195,4,"1000,1001,1002,1003",90200,200,True
repeat-copy,controls,ber,random,27400,0.03887052921505529,0.06372338027492325,0.0008535963343456387,0.14922673758352176,4,"1000,1001,1002,1003",90200,200,True
repeat-copy,controls,ber,random,27600,0.041699620581930504,0.06995084399576329,0.0,0.16284870822448283,4,"1000,1001,1002,1003",90200,200,True
repeat-copy,controls,ber,random,27800,0.03598226340982365,0.05998988372200228,6.122653605416416e-05,0.1398572020046413,4,"1000,1001,1002,1003",90200,200,True
repeat-copy,controls,ber,random,28000,0.03601831261912594,0.05860414473504118,0.00035434671968687326,0.1375012217904441,4,"1000,1001,1002,1003",90200,200,True
repeat-copy,controls,ber,random,28200,0.03769286856506369,0.060468701724149775,0.0016831157746491953,0.14242122885072603,4,"1000,1001,1002,1003",90200,200,True
repeat-copy,controls,ber,random,28400,0.0358607427275274,0.05901245343506677,0.0,0.1380477575561963,4,"1000,1001,1002,1003",90200,200,True
repeat-copy,controls,ber,random,28600,0.034741385344532326,0.05634587300552533,2.347417874261737e-05,0.13230391297722235,4,"1000,1001,1002,1003",90200,200,True
repeat-copy,controls,ber,random,28800,0.03236905214536819,0.053107884361274046,0.0009660230338340625,0.12434646268491634,4,"1000,1001,1002,1003",90200,200,True
repeat-copy,controls,ber,random,29000,0.0326590368928737,0.05537418979253395,0.0,0.12855894843349233,4,"1000,1001,1002,1003",90200,200,True
repeat-copy,controls,ber,random,29200,0.030673239457537416,0.05195396165099759,0.00010111233917996287,0.12065796806244179,4,"1000,1001,1002,1003",90200,200,True
repeat-copy,controls,ber,random,29400,0.028293904363235926,0.046637646795410714,2.7434842195361853e-05,0.10902829217491672,4,"1000,1001,1002,1003",90200,200,True
repeat-copy,controls,ber,random,29600,0.031984112714417284,0.05385624395126718,0.0007699805125594139,0.12526570786489175,4,"1000,1001,1002,1003",90200,200,True
repeat-copy,controls,ber,random,29800,0.036462605218112,0.062230987895256,0.0,0.14424531504279003,4,"1000,1001,1002,1003",90200,200,True
repeat-copy,controls,ber,random,30000,0.03321286215141299,0.05467397129320027,0.0007198573416098953,0.12789731881581246,4,"1000,1001,1002,1003",90200,200,True
repeat-copy,controls,ber,random,30200,0.028289338122849585,0.047077576843763944,6.349206436425448e-05,0.10981988867046312,4,"1000,1001,1002,1003",90200,200,True
repeat-copy,controls,ber,random,30400,0.026882107967976483,0.045925965873337755,0.0,0.10642508308403194,4,"1000,1001,1002,1003",90200,200,True
repeat-copy,controls,ber,random,30600,0.026247368867916523,0.042547914119767785,0.0,0.09987423690734432,4,"1000,1001,1002,1003",90200,200,True
repeat-copy,controls,ber,random,30800,0.025552223903214325,0.04346528841348879,0.0,0.10082999758655205,4,"1000,1001,1002,1003",90200,200,True
repeat-copy,controls,ber,random,31000,0.029577878250274806,0.05069314858820206,3.367003286257386e-05,0.1173804942984134,4,"1000,1001,1002,1003",90200,200,True
repeat-copy,controls,ber,random,31200,0.026898196430556708,0.04608509922439175,0.0,0.10671844454831443,4,"1000,1001,1002,1003",90200,200,True
repeat-copy,controls,ber,random,31400,0.02428378816519398,0.040460927624358295,0.00018518518656492232,0.09435894835856744,4,"1000,1001,1002,1003",90200,200,True
repeat-copy,controls,ber,random,31600,0.029450672159582608,0.048545243428739726,0.0008530637179501355,0.11352672584820539,4,"1000,1001,1002,1003",90200,200,True
repeat-copy,controls,ber,random,31800,0.0250393835734576,0.04218278431544155,2.314814832061529e-05,0.09809806731296704,4,"1000,1001,1002,1003",90200,200,True
repeat-copy,controls,ber,random,32000,0.024973930601554454,0.042868674549271825,0.0,0.09922410297906026,4,"1000,1001,1002,1003",90200,200,True
repeat-copy,controls,ber,random,32200,0.03368888541066553,0.056269871471225856,0.0,0.13113828159868718,4,"1000,1001,1002,1003",90200,200,True
repeat-copy,controls,ber,random,32400,0.026696432544267734,0.04418945020157604,0.0,0.10319626196520403,4,"1000,1001,1002,1003",90200,200,True
repeat-copy,controls,ber,random,32600,0.02819779932266101,0.04850734183552975,0.0,0.11221398854162544,4,"1000,1001,1002,1003",90200,200,True
repeat-copy,controls,ber,random,32800,0.024432069133472394,0.04210586633796778,6.349206436425448e-05,0.09736153931589797,4,"1000,1001,1002,1003",90200,200,True
repeat-copy,controls,ber,random,33000,0.023942410662275506,0.04004493339963303,0.00023000911809504032,0.09329637769376858,4,"1000,1001,1002,1003",90200,200,True
repeat-copy,controls,ber,random,33200,0.0223956846834335,0.03585849067110367,0.0,0.08447811272693798,4,"1000,1001,1002,1003",90200,200,True
repeat-copy,controls,ber,random,33400,0.02651973235682817,0.044620688519534296,0.00034746353048831224,0.1038017744012177,4,"1000,1001,1002,1003",90200,200,True
repeat-copy,controls,ber,random,33600,0.027322058656136506,0.0472046358660969,0.0,0.10908275722991675,4,"1000,1001,1002,1003",90200,200,True
repeat-copy,controls,ber,random,33800,0.0368152021196147,0.06285046972361642,0.0003152491897344589,0.14567513496614992,4,"1000,1001,1002,1003",90200,200,True
repeat-copy,controls,ber,random,34000,0.02412902920041233,0.039735799692067794,0.0005230989237315953,0.09294778956100344,4,"1000,1001,1002,1003",90200,200,True
repeat-copy,controls,ber,random,34200,0.02075556445153779,0.035240401340896677,0.00014588663820177316,0.0817930375249125,4,"1000,1001,1002,1003",90200,200,True
repeat-copy,controls,ber,random,34400,0.024038620739302134,0.04084546294484604,0.0,0.09478257443755865,4,"1000,1001,1002,1003",90200,200,True
repeat-copy,controls,ber,random,34600,0.027217763885855676,0.04622589215136042,0.0,0.10727593833813444,4,"1000,1001,1002,1003",90200,200,True
repeat-copy,controls,ber,random,34800,0.03058282837024308,0.05201997988671061,0.0,0.12068123126053251,4,"1000,1001,1002,1003",90200,200,True
repeat-copy,controls,ber,random,35000,0.020325181945954687,0.03446036354812295,0.00025490957545116545,0.08001142998808064,4,"1000,1001,1002,1003",90200,200,True
repeat-copy,controls,ber,random,35200,0.023299398554227083,0.03986650666418997,0.0,0.09234907781006768,4,"1000,1001,1002,1003",90200,200,True
repeat-copy,controls,ber,random,35400,0.021960212231206245,0.0377037119578935,0.0,0.08726451802067459,4,"1000,1001,1002,1003",90200,200,True
repeat-copy,controls,ber,random,35600,0.022220177436247466,0.03801571279956331,5.140385590493679e-05,0.08806403410620987,4,"1000,1001,1002,1003",90200,200,True
repeat-copy,controls,ber,random,35800,0.017824165349884426,0.030428435476257096,0.0,0.07052702426910401,4,"1000,1001,1002,1003",90200,200,True
repeat-copy,controls,ber,random,36000,0.018825935853092234,0.030972506091938013,0.00014183372317347676,0.07246031218674034,4,"1000,1001,1002,1003",90200,200,True
repeat-copy,controls,ber,random,36200,0.017825940826587613,0.02899028871273436,0.0,0.06800945155438967,4,"1000,1001,1002,1003",90200,200,True
repeat-copy,controls,ber,random,36400,0.015884115760709392,0.02483075648996976,0.0,0.05880791604169645,4,"1000,1001,1002,1003",90200,200,True
repeat-copy,controls,ber,random,36600,0.018738326364109527,0.03112886468993552,8.281893096864223e-05,0.07265018357080408,4,"1000,1001,1002,1003",90200,200,True
repeat-copy,controls,ber,random,36800,0.04061303359194426,0.06687799759645802,0.0004285454732598737,0.15641262144432402,4,"1000,1001,1002,1003",90200,200,True
repeat-copy,controls,ber,random,37000,0.02850863783547538,0.046186951881671476,8.649914991110564e-05,0.10842081568436697,4,"1000,1001,1002,1003",90200,200,True
repeat-copy,controls,ber,random,37200,0.02417486458143685,0.04183595638930829,0.0,0.09663685310864821,4,"1000,1001,1002,1003",90200,200,True
repeat-copy,controls,ber,random,37400,0.022954096432658843,0.03852316005280391,0.0,0.08967380766174755,4,"1000,1001,1002,1003",90200,200,True
repeat-copy,controls,ber,random,37600,0.013200163134461037,0.022562787159718465,0.0,0.052279373350902464,4,"1000,1001,1002,1003",90200,200,True
repeat-copy,controls,ber,random,37800,0.011637507424893556,0.01939242018644008,3.300330019555986e-05,0.04521502525196411,4,"1000,1001,1002,1003",90200,200,True
repeat-copy,controls,ber,random,38000,0.01754046099697007,0.02965125168344248,0.0,0.06889230421744287,4,"1000,1001,1002,1003",90200,200,True
repeat-copy,controls,ber,random,38200,0.011510398465179606,0.01890127016490299,1.100110006518662e-05,0.04422872803348582,4,"1000,1001,1002,1003",90200,200,True
repeat-copy,controls,ber,random,38400,0.05465890657767886,0.07066612866040092,0.0,0.17281294444343076,4,"1000,1001,1002,1003",90200,200,True
repeat-copy,controls,ber,random,38600,0.027371197359752845,0.041947040468910506,0.0,0.09974337576655672,4,"1000,1001,1002,1003",90200,200,True
repeat-copy,controls,ber,random,38800,0.004019763255782891,0.0064817024998385635,8.17539938725531e-05,0.015238769311108626,4,"1000,1001,1002,1003",90200,200,True
repeat-copy,controls,ber,random,39000,0.002819263622513972,0.0027100364023737687,0.00040435522911138835,0.00726411561248824,4,"1000,1001,1002,1003",90200,200,True
repeat-copy,controls,ber,random,39200,0.001943171297752997,0.002892083276877153,0.0,0.006943716146051884,4,"1000,1001,1002,1003",90200,200,True
repeat-copy,controls,ber,random,39400,0.004410279683652334,0.006809131233861068,0.00013743651856202633,0.01618949571449775,4,"1000,1001,1002,1003",90200,200,True
repeat-copy,controls,ber,random,39600,0.0705306034781097,0.0728874150787674,0.0,0.1674059930862859,4,"1000,1001,1002,1003",90200,200,True
repeat-copy,controls,ber,random,39800,0.07966930325012073,0.08277983475841794,0.0,0.1922948911273852,4,"1000,1001,1002,1003",90200,200,True
repeat-copy,controls,ber,random,40000,0.028749248159292622,0.04813813751066506,0.0007840770925395191,0.11212673894944601,4,"1000,1001,1002,1003",90200,200,True
repeat-copy,controls,ber,random,40200,0.005966335046832682,0.010290659894192004,0.0,0.023790219405200333,4,"1000,1001,1002,1003",90200,200,True
repeat-copy,controls,ber,random,40400,0.010456444638111862,0.017960908597019747,0.0,0.04156510480679572,4,"1000,1001,1002,1003",90200,200,True
repeat-copy,controls,ber,random,40600,0.018140667420375393,0.030756166387028907,0.00034652834699954837,0.0714118722139392,4,"1000,1001,1002,1003",90200,200,True
repeat-copy,controls,ber,random,40800,0.023268291678105013,0.03983741865531643,0.0,0.09226729596266522,4,"1000,1001,1002,1003",90200,200,True
repeat-copy,controls,ber,random,41000,0.025041344705241497,0.04318748697131846,0.0,0.09984394271159544,4,"1000,1001,1002,1003",90200,200,True
repeat-copy,controls,ber,random,41200,0.022807907747919673,0.03895551119328904,0.0,0.09027999250683934,4,"1000,1001,1002,1003",90200,200,True
repeat-copy,controls,ber,random,41400,0.019595542570168618,0.0332506213653802,0.0,0.0771842293033842,4,"1000,1001,1002,1003",90200,200,True
repeat-copy,controls,ber,random,41600,0.024349551216873808,0.041638172473100976,0.0,0.09646617841091938,4,"1000,1001,1002,1003",90200,200,True
repeat-copy,controls,ber,random,41800,0.011833502748777392,0.0191122417722044,3.4293552162125706e-05,0.044913062143023125,4,"1000,1001,1002,1003",90200,200,True
repeat-copy,controls,ber,random,42000,0.01466403186248499,0.02430027509855648,0.0,0.05673133139149286,4,"1000,1001,1002,1003",90200,200,True
repeat-copy,controls,ber,random,42200,0.01830788628780283,0.03165568783268418,0.0,0.07313710529590026,4,"1000,1001,1002,1003",90200,200,True
repeat-copy,controls,ber,random,42400,0.018022170217736853,0.030836033530721632,0.0,0.07143112905323505,4,"1000,1001,1002,1003",90200,200,True
repeat-copy,controls,ber,random,42600,0.018274999413697514,0.03133840150980338,0.0,0.07255332660744898,4,"1000,1001,1002,1003",90200,200,True
repeat-copy,controls,ber,random,42800,0.022142558673222085,0.036751858163880484,0.0002538131136680022,0.0857836493337527,4,"1000,1001,1002,1003",90200,200,True
repeat-copy,controls,ber,random,43000,0.005585052162932698,0.00609516051848988,0.0,0.014707870640559123,4,"1000,1001,1002,1003",90200,200,True
repeat-copy,controls,ber,random,43200,0.0018290226779936348,0.002796988888467268,0.0,0.006659459752845578,4,"1000,1001,1002,1003",90200,200,True
repeat-copy,controls,ber,random,43400,0.0011559046102047432,0.001690321571854586,0.0,0.004055983264697716,4,"1000,1001,1002,1003",90200,200,True
repeat-copy,controls,ber,random,43600,0.0017570170255203266,0.002989587608141293,0.0,0.0069347138778539374,4,"1000,1001,1002,1003",90200,200,True
repeat-copy,controls,ber,random,43800,0.0034235710209759417,0.003309725506744901,0.00026476424071006474,0.008451342764892615,4,"1000,1001,1002,1003",90200,200,True
repeat-copy,controls,ber,random,44000,0.001232963423099136,0.0020796536954676725,0.0,0.004834866033052094,4,"1000,1001,1002,1003",90200,200,True
repeat-copy,controls,ber,random,44200,0.0013630283244128805,0.0013717034475968562,0.0,0.002943882886902429,4,"1000,1001,1002,1003",90200,200,True
repeat-copy,controls,ber,random,44400,0.0009448547031206544,0.0012690320161446052,7.544581545516849e-05,0.0031274557090364397,4,"1000,1001,1002,1003",90200,200,True
repeat-copy,controls,ber,random,44600,0.0003587722501833923,0.0005785004359136926,0.0,0.0013593314227182418,4,"1000,1001,1002,1003",90200,200,True
repeat-copy,controls,ber,random,44800,0.0037692923205031553,0.005042298196788669,0.00012128465401474386,0.012424259409308434,4,"1000,1001,1002,1003",90200,200,True
repeat-copy,controls,ber,random,45000,0.004230222198239062,0.007264480128490096,0.0,0.016812437175540252,4,"1000,1001,1002,1003",90200,200,True
repeat-copy,controls,ber,random,45200,0.002795794833655236,0.004815391196902238,0.0,0.01113623097713571,4,"1000,1001,1002,1003",90200,200,True
repeat-copy,controls,ber,random,45400,0.001041899345291313,0.0012631807185675987,0.0,0.003150854273699224,4,"1000,1001,1002,1003",90200,200,True
repeat-copy,controls,ber,random,45600,0.0008155738122877664,0.001282869762993388,0.0,0.003033904526382685,4,"1000,1001,1002,1003",90200,200,True
repeat-copy,controls,ber,random,45800,0.0023497792037960605,0.003969049274627597,0.0,0.009223634541267529,4,"1000,1001,1002,1003",90200,200,True
repeat-copy,controls,ber,random,46000,0.001034882000385551,0.001697228025959143,0.0,0.003972184678423219,4,"1000,1001,1002,1003",90200,200,True
repeat-copy,controls,ber,random,46200,0.0008094109749072231,0.0007310334678144221,0.0,0.00199541914393194,4,"1000,1001,1002,1003",90200,200,True
repeat-copy,controls,ber,random,46400,0.003834053144819336,0.0058033594987517145,0.0,0.013839161005453206,4,"1000,1001,1002,1003",90200,200,True
repeat-copy,controls,ber,random,46600,0.010119875860254979,0.016995514835148277,0.0,0.03955485418264289,4,"1000,1001,1002,1003",90200,200,True
repeat-copy,controls,ber,random,46800,0.041242739070585226,0.07141528924805131,0.0,0.16493764624290633,4,"1000,1001,1002,1003",90200,200,True
repeat-copy,controls,ber,random,47000,0.009796489284490235,0.016897554035445093,0.0,0.039063873093109575,4,"1000,1001,1002,1003",90200,200,True
repeat-copy,controls,ber,random,47200,0.005560627340310021,0.009309865793243735,0.0,0.02168089716229588,4,"1000,1001,1002,1003",90200,200,True
repeat-copy,controls,ber,random,47400,0.013515911398135358,0.02341024525216974,0.0,0.05406364559254143,4,"1000,1001,1002,1003",90200,200,True
repeat-copy,controls,ber,random,47600,0.004305707844323478,0.007341880723164921,0.0,0.017021807318087667,4,"1000,1001,1002,1003",90200,200,True
repeat-copy,controls,ber,random,47800,0.002098982599563897,0.0033173916003278532,0.0,0.007835388767998665,4,"1000,1001,1002,1003",90200,200,True
repeat-copy,controls,ber,random,48000,0.0025873468886129557,0.0035436221207608546,0.0,0.008598987518344075,4,"1000,1001,1002,1003",90200,200,True
repeat-copy,controls,ber,random,48200,0.002181550327804871,0.0026975404071929395,0.0002556411502882838,0.006835389711777679,4,"1000,1001,1002,1003",90200,200,True
repeat-copy,controls,ber,random,48400,0.003984658767876681,0.006760302303046185,0.0,0.01569346612377558,4,"1000,1001,1002,1003",90200,200,True
repeat-copy,controls,ber,random,48600,0.01181456954102032,0.020108452613235576,0.0,0.046641388348070904,4,"1000,1001,1002,1003",90200,200,True
repeat-copy,controls,ber,random,48800,0.001287933952989988,0.0010366342443408208,1.3717421097680926e-05,0.002787814111215994,4,"1000,1001,1002,1003",90200,200,True
repeat-copy,controls,ber,random,49000,0.00287753012846224,0.0046063966749019716,0.0,0.010842403760761954,4,"1000,1001,1002,1003",90200,200,True
repeat-copy,controls,ber,random,49200,0.0029161947255488484,0.004889195655003193,0.0,0.01138217187486589,4,"1000,1001,1002,1003",90200,200,True
repeat-copy,controls,ber,random,49400,0.001092552815534873,0.0017251169033153863,0.0,0.004078397608245723,4,"1000,1001,1002,1003",90200,200,True
repeat-copy,controls,ber,random,49600,0.0009695007686968892,0.0015704496446986708,0.0,0.0036885190312750636,4,"1000,1001,1002,1003",90200,200,True
repeat-copy,controls,ber,random,49800,0.001164131085970439,0.0008808220433299299,0.0002692198031581938,0.002351190447807312,4,"1000,1001,1002,1003",90200,200,True
repeat-copy,controls,ber,random,50000,0.000777287492674077,0.0008684010975550881,0.0,0.0022439553681761026,4,"1000,1001,1002,1003",90200,200,True
repeat-copy,controls,ber,random,50200,0.0003122924421040807,0.00043464496472243685,0.0,0.0010593240370508283,4,"1000,1001,1002,1003",90200,200,True
repeat-copy,controls,ber,random,50400,0.0005295564548578114,0.0006202081401726999,0.0001275439152959734,0.001602761372923851,4,"1000,1001,1002,1003",90200,200,True
repeat-copy,controls,ber,random,50600,0.0036243257188471032,0.006237607476177755,0.0,0.01442806786391884,4,"1000,1001,1002,1003",90200,200,True
repeat-copy,controls,ber,random,50800,0.002441545030742418,0.0036645713877982364,0.0,0.008747787027386949,4,"1000,1001,1002,1003",90200,200,True
repeat-copy,controls,ber,random,51000,0.0010830685769906267,0.0018242870507903116,0.0,0.00424218421569094,4,"1000,1001,1002,1003",90200,200,True
repeat-copy,controls,ber,random,51200,0.0004842551448382437,0.0007846708176482688,0.0,0.0018429361609742045,4,"1000,1001,1002,1003",90200,200,True
repeat-copy,controls,ber,random,51400,0.0005030772933969274,0.0005067058567792471,0.0,0.0010917590511962771,4,"1000,1001,1002,1003",90200,200,True
repeat-copy,controls,ber,random,51600,0.0003071033545711543,0.000222917935850087,0.0,0.0005806441814638674,4,"1000,1001,1002,1003",90200,200,True
repeat-copy,controls,ber,random,51800,0.00023661315775825643,0.00040982601097661015,0.0,0.0009464526310330257,4,"1000,1001,1002,1003",90200,200,True
repeat-copy,controls,ber,random,52000,0.00017324284708593042,0.00017806020387270516,0.0,0.00040466390550136566,4,"1000,1001,1002,1003",90200,200,True
repeat-copy,controls,ber,random,52200,0.000748222386755515,0.0008231562993058447,0.0,0.0019817272748332473,4,"1000,1001,1002,1003",90200,200,True
repeat-copy,controls,ber,random,52400,0.0008769565551483539,0.0011365695040629748,0.0,0.002829615533701144,4,"1000,1001,1002,1003",90200,200,True
repeat-copy,controls,ber,random,52600,0.0015699202135147062,0.001989009596235243,0.0,0.0048669823998352514,4,"1000,1001,1002,1003",90200,200,True
repeat-copy,controls,ber,random,52800,0.0004571506270440295,0.0001394920027324478,0.0003214393276721239,0.0006676864344626665,4,"1000,1001,1002,1003",90200,200,True
repeat-copy,controls,ber,random,53000,0.008445049802103312,0.008629627661364433,1.1287587112747132e-05,0.019543475372483955,4,"1000,1001,1002,1003",90200,200,True
repeat-copy,controls,ber,random,53200,0.00172952215973055,0.0014256188316185121,0.0004401908325962722,0.003886824828805402,4,"1000,1001,1002,1003",90200,200,True
repeat-copy,controls,ber,random,53400,0.0007252361046266742,0.0011100008301375892,5.132464284542948e-05,0.0026474209391744805,4,"1000,1001,1002,1003",90200,200,True
repeat-copy,controls,ber,random,53600,0.01240377254143823,0.02140288650312045,1.100110006518662e-05,0.049474597866646944,4,"1000,1001,1002,1003",90200,200,True
repeat-copy,controls,ber,random,53800,0.023810641534219027,0.040555791011509267,0.0002466021542204544,0.09405507643939927,4,"1000,1001,1002,1003",90200,200,True
repeat-copy,controls,ber,random,54000,0.008552214958763215,0.014812870825828458,0.0,0.03420885983505286,4,"1000,1001,1002,1003",90200,200,True
repeat-copy,controls,ber,random,54200,9.56519809551537e-05,0.00013289294870071913,0.0,0.00032177414512261747,4,"1000,1001,1002,1003",90200,200,True
repeat-copy,controls,ber,random,54400,0.018373128752573395,0.03156874539115598,0.0,0.07305152064654977,4,"1000,1001,1002,1003",90200,200,True
repeat-copy,controls,ber,random,54600,0.014992942137178033,0.02596853753653266,0.0,0.05997176854871213,4,"1000,1001,1002,1003",90200,200,True
repeat-copy,controls,ber,random,54800,0.000434739546617493,0.0006241837213512544,0.0,0.0015028934041038155,4,"1000,1001,1002,1003",90200,200,True
repeat-copy,controls,ber,random,55000,0.0009621839589090086,0.0013962108183320353,0.0,0.003372864086413756,4,"1000,1001,1002,1003",90200,200,True
repeat-copy,controls,ber,random,55200,0.0002733105236256961,0.00028575181642555953,0.0,0.0006645655957981944,4,"1000,1001,1002,1003",90200,200,True
repeat-copy,controls,ber,random,55400,0.00041794149612542244,0.00039404211269402614,0.0,0.0009166354732587933,4,"1000,1001,1002,1003",90200,200,True
repeat-copy,controls,ber,random,55600,0.0006162175195640884,0.0007330678784301166,0.0,0.0018067462497856467,4,"1000,1001,1002,1003",90200,200,True
repeat-copy,controls,ber,random,55800,0.0036410506980610077,0.006281835939425312,0.0,0.014521467747399583,4,"1000,1001,1002,1003",90200,200,True
repeat-copy,controls,ber,random,56000,0.00033473614967078903,0.00014619422373173693,0.00010101010091602803,0.0005000000121071935,4,"1000,1001,1002,1003",90200,200,True
repeat-copy,controls,ber,random,56200,0.0005643672312726267,0.0002649530038615004,0.00029677637154236437,0.0009524869138840586,4,"1000,1001,1002,1003",90200,200,True
repeat-copy,controls,ber,random,56400,7.951132953166962e-05,0.00013771766252620345,0.0,0.00031804531812667846,4,"1000,1001,1002,1003",90200,200,True
repeat-copy,controls,ber,random,56600,0.00012097192287910729,0.00010902677697188846,0.0,0.00025252524763345717,4,"1000,1001,1002,1003",90200,200,True
repeat-copy,controls,ber,random,56800,0.000971539169549942,0.0016827552032037734,0.0,0.003886156678199768,4,"1000,1001,1002,1003",90200,200,True
repeat-copy,controls,ber,random,57000,0.0017600034340284766,0.00304841536923302,0.0,0.007040013736113906,4,"1000,1001,1002,1003",90200,200,True
repeat-copy,controls,ber,random,57200,0.0001316636252158787,0.00022804808838260872,0.0,0.0005266545008635148,4,"1000,1001,1002,1003",90200,200,True
repeat-copy,controls,ber,random,57400,0.0022234437623410487,0.003715161449018096,0.0,0.008656097053317354,4,"1000,1001,1002,1003",90200,200,True
repeat-copy,controls,ber,random,57600,0.0010208433582738507,0.0016097588751905936,0.0,0.0038019153801724316,4,"1000,1001,1002,1003",90200,200,True
repeat-copy,controls,ber,random,57800,0.0006109204431413674,0.0009700613148998567,0.0,0.002289969394914806,4,"1000,1001,1002,1003",90200,200,True
repeat-copy,controls,ber,random,58000,0.000126362067530863,0.00021886552111290424,0.0,0.000505448270123452,4,"1000,1001,1002,1003",90200,200,True
repeat-copy,controls,ber,random,58200,0.00033578374321223235,0.0005686736542966386,0.0,0.0013206268101930618,4,"1000,1001,1002,1003",90200,200,True
repeat-copy,controls,ber,random,58400,0.000907494284765562,0.0015718262087923325,0.0,0.003629977139062248,4,"1000,1001,1002,1003",90200,200,True
repeat-copy,controls,ber,random,58600,0.00032464259827975184,0.00020828892087834262,0.00011590102803893387,0.0006470888329204172,4,"1000,1001,1002,1003",90200,200,True
repeat-copy,controls,ber,random,58800,0.015798072734032758,0.027363064637013296,0.0,0.06319229093613103,4,"1000,1001,1002,1003",90200,200,True
repeat-copy,controls,ber,random,59000,0.009961834740824996,0.01692272129650405,0.0,0.03927000477677211,4,"1000,1001,1002,1003",90200,200,True
repeat-copy,controls,ber,random,59200,0.00448176334175514,0.0077382175982658435,0.0,0.01788471594802104,4,"1000,1001,1002,1003",90200,200,True
repeat-copy,controls,ber,random,59400,0.0005990584247047081,0.0010144900008271184,0.0,0.00235597605118528,4,"1000,1001,1002,1003",90200,200,True
repeat-copy,controls,ber,random,59600,0.0010728079109685496,0.0018581578085593564,0.0,0.004291231643874198,4,"1000,1001,1002,1003",90200,200,True
repeat-copy,controls,ber,random,59800,0.02281681733089499,0.0388527427247786,0.0,0.09010823138756678,4,"1000,1001,1002,1003",90200,200,True
repeat-copy,controls,ber,random,60000,0.025967512575152795,0.04400433472265886,0.00046218488831073045,0.1021849677839782,4,"1000,1001,1002,1003",90200,200,True
repeat-copy,controls,ber,random,60200,0.017028053872927558,0.029493454461930527,0.0,0.06811221549171023,4,"1000,1001,1002,1003",90200,200,True
repeat-copy,controls,ber,random,60400,0.013048716717748902,0.02246834743905914,0.0,0.05196469570510089,4,"1000,1001,1002,1003",90200,200,True
repeat-copy,controls,ber,random,60600,0.006269285081361886,0.010782109141951084,0.0,0.024944209373788908,4,"1000,1001,1002,1003",90200,200,True
repeat-copy,controls,ber,random,60800,0.004863414462888614,0.008290699911756452,0.0,0.019222396817058326,4,"1000,1001,1002,1003",90200,200,True
repeat-copy,controls,ber,random,61000,0.0024171267008932774,0.004140891564111654,0.0,0.009589141719625332,4,"1000,1001,1002,1003",90200,200,True
repeat-copy,controls,ber,random,61200,0.0035237570577010048,0.005887201966602534,0.0,0.013717189249000512,4,"1000,1001,1002,1003",90200,200,True
repeat-copy,controls,ber,random,61400,0.0025175910493999256,0.0030453987029130133,0.0,0.007458480911445804,4,"1000,1001,1002,1003",90200,200,True
repeat-copy,controls,ber,random,61600,0.0023745876025350297,0.003672297007541621,4.966085194610059e-05,0.008723668931052088,4,"1000,1001,1002,1003",90200,200,True
repeat-copy,controls,ber,random,61800,0.0005012764234561473,0.0004944625253863399,0.0,0.001226125406101346,4,"1000,1001,1002,1003",90200,200,True
repeat-copy,controls,ber,random,62000,0.00043053035537013787,0.000510808372970126,0.0,0.0012863886868581175,4,"1000,1001,1002,1003",90200,200,True
repeat-copy,controls,ber,random,62200,0.00014802842299104668,0.00025639274958478973,0.0,0.0005921136919641867,4,"1000,1001,1002,1003",90200,200,True
repeat-copy,controls,ber,random,62400,2.6709402445703744e-05,4.626204207576331e-05,0.0,0.00010683760978281497,4,"1000,1001,1002,1003",90200,200,True
repeat-copy,controls,ber,random,62600,0.000258713309885934,0.00031851109379383224,0.0,0.0008036863291636109,4,"1000,1001,1002,1003",90200,200,True
repeat-copy,controls,ber,random,62800,0.00018709822208620608,0.00027288984421503296,0.0,0.0006586373155005276,4,"1000,1001,1002,1003",90200,200,True
repeat-copy,controls,ber,random,63000,7.688793470151722e-05,0.000133173809392066,0.0,0.0003075517388060689,4,"1000,1001,1002,1003",90200,200,True
repeat-copy,controls,ber,random,63200,0.0,0.0,0.0,0.0,4,"1000,1001,1002,1003",90200,200,True
repeat-copy,controls,ber,random,63400,0.02026058299918077,0.0350161916516216,0.0,0.08091033420758321,4,"1000,1001,1002,1003",90200,200,True
repeat-copy,controls,ber,random,63600,0.008991131676011718,0.01516350401042006,0.0,0.035251947426004335,4,"1000,1001,1002,1003",90200,200,True
repeat-copy,controls,ber,random,63800,0.007322364250139799,0.011951517269465502,0.0,0.02800300285220146,4,"1000,1001,1002,1003",90200,200,True
repeat-copy,controls,ber,random,64000,0.036287122315552554,0.06239742467078433,0.0,0.1443615894264076,4,"1000,1001,1002,1003",90200,200,True
repeat-copy,controls,ber,random,64200,0.03377694694441743,0.05819104705158513,0.0,0.13456658411887473,4,"1000,1001,1002,1003",90200,200,True
repeat-copy,controls,ber,random,64400,0.04838724379078485,0.06617641913079944,0.0,0.1606518007419072,4,"1000,1001,1002,1003",90200,200,True
repeat-copy,controls,ber,random,64600,0.002197461383184418,0.003806114763345994,0.0,0.008789845532737673,4,"1000,1001,1002,1003",90200,200,True
repeat-copy,controls,ber,random,64800,0.0006287667356082238,0.0010127269935927673,0.0,0.0023802697320934384,4,"1000,1001,1002,1003",90200,200,True
repeat-copy,controls,ber,random,65000,0.0005314329048269428,0.0006073775115571431,0.0,0.0015361907391343267,4,"1000,1001,1002,1003",90200,200,True
repeat-copy,controls,ber,random,65200,0.000175926816300489,0.00020097498192260099,0.0,0.0004892632295377552,4,"1000,1001,1002,1003",90200,200,True
repeat-copy,controls,ber,random,65400,0.0008938486402621493,0.0015481912592103986,0.0,0.0035753945610485973,4,"1000,1001,1002,1003",90200,200,True
repeat-copy,controls,ber,random,65600,0.00036205589203746057,0.0006229405776636525,0.0,0.0014410085609415546,4,"1000,1001,1002,1003",90200,200,True
repeat-copy,controls,ber,random,65800,0.0003564765596820507,0.00022025882815246802,0.0,0.0005984190199524164,4,"1000,1001,1002,1003",90200,200,True
repeat-copy,controls,ber,random,66000,0.0002643865955178626,0.00015604084265805166,0.0,0.0003934049524832517,4,"1000,1001,1002,1003",90200,200,True
repeat-copy,controls,ber,random,66200,6.243869895115494e-05,0.00010814699894189794,0.0,0.0002497547958046198,4,"1000,1001,1002,1003",90200,200,True
repeat-copy,controls,ber,random,66400,0.0012383369900635442,0.0018982480096701262,0.0,0.004511307610664516,4,"1000,1001,1002,1003",90200,200,True
repeat-copy,controls,ber,random,66600,0.00011598409590078518,0.0001975633262462424,0.0,0.0004581493465229869,4,"1000,1001,1002,1003",90200,200,True
repeat-copy,controls,ber,random,66800,2.234472514828667e-05,3.8702199237994534e-05,0.0,8.937890059314669e-05,4,"1000,1001,1002,1003",90200,200,True
repeat-copy,controls,ber,random,67000,0.0005064526083879173,0.000825249778159902,0.0,0.0019343637907877564,4,"1000,1001,1002,1003",90200,200,True
repeat-copy,controls,ber,random,67200,0.00011934150534216314,0.00020670555070437913,0.0,0.00047736602136865257,4,"1000,1001,1002,1003",90200,200,True
repeat-copy,controls,ber,random,67400,0.00025510681603918784,0.0003694566862835364,0.0,0.0008881521335570142,4,"1000,1001,1002,1003",90200,200,True
repeat-copy,controls,ber,random,67600,6.63362446357496e-05,4.478883519879002e-05,0.0,0.00011111111380159854,4,"1000,1001,1002,1003",90200,200,True
repeat-copy,controls,ber,random,67800,0.000505969122168608,0.0006762075157985243,0.0,0.0016463700402528049,4,"1000,1001,1002,1003",90200,200,True
repeat-copy,controls,ber,random,68000,0.00032341275466023944,0.0001995789982313921,0.0,0.0005031810334185138,4,"1000,1001,1002,1003",90200,200,True
repeat-copy,controls,ber,random,68200,0.00039779966929927464,0.0004161224146470251,0.0,0.0009683030564337969,4,"1000,1001,1002,1003",90200,200,True
repeat-copy,controls,ber,random,68400,0.001487302437017206,0.0025171191459992096,0.0,0.005846475433791056,4,"1000,1001,1002,1003",90200,200,True
repeat-copy,controls,ber,random,68600,0.006135470661683939,0.010609458664934445,0.0,0.02451157961739227,4,"1000,1001,1002,1003",90200,200,True
repeat-copy,controls,ber,random,68800,0.0003301275023841299,0.0005717976071051286,0.0,0.0013205100095365196,4,"1000,1001,1002,1003",90200,200,True
repeat-copy,controls,ber,random,69000,0.00025642308202804997,0.00038969952824978877,0.0,0.000930470663588494,4,"1000,1001,1002,1003",90200,200,True
repeat-copy,controls,ber,random,69200,0.001352298525162041,0.0016025241453889686,0.0,0.00397764436667785,4,"1000,1001,1002,1003",90200,200,True
repeat-copy,controls,ber,random,69400,0.00133716028125491,0.0022952488637903562,0.0,0.005312566088978201,4,"1000,1001,1002,1003",90200,200,True
repeat-copy,controls,ber,random,69600,0.0004856420001306105,0.0004984672015415472,0.0,0.0013094279018696397,4,"1000,1001,1002,1003",90200,200,True
repeat-copy,controls,ber,random,69800,0.0028811701638915108,0.004004020087877045,2.314814832061529e-05,0.00974306552496273,4,"1000,1001,1002,1003",90200,200,True
repeat-copy,controls,ber,random,70000,0.0006152123567881062,0.0008828976168592772,0.0,0.00213728409493342,4,"1000,1001,1002,1003",90200,200,True
repeat-copy,controls,ber,random,70200,0.0002215755979705136,0.0003040196395086334,0.0,0.0007442980975611135,4,"1000,1001,1002,1003",90200,200,True
repeat-copy,controls,ber,random,70400,0.00031737363271531647,0.00039764009133954015,0.0,0.0009735440171789378,4,"1000,1001,1002,1003",90200,200,True
repeat-copy,controls,ber,random,70600,2.8022305341437458e-05,4.8536056596578414e-05,0.0,0.00011208922136574983,4,"1000,1001,1002,1003",90200,200,True
repeat-copy,controls,ber,random,70800,0.0001753686973825097,0.000303747493923678,0.0,0.0007014747895300388,4,"1000,1001,1002,1003",90200,200,True
repeat-copy,controls,ber,random,71000,7.273421273566783e-05,6.740658334885407e-05,0.0,0.0001803130703046918,4,"1000,1001,1002,1003",90200,200,True
repeat-copy,controls,ber,random,71200,0.008591231250611599,0.01452827427621359,7.58744846098125e-05,0.03375351664144546,4,"1000,1001,1002,1003",90200,200,True
repeat-copy,controls,ber,random,71400,0.006578706278814934,0.01095382883439803,0.0,0.025543452266138047,4,"1000,1001,1002,1003",90200,200,True
repeat-copy,controls,ber,random,71600,0.000869037669035606,0.001172331121137322,0.0,0.0028508500568568706,4,"1000,1001,1002,1003",90200,200,True
repeat-copy,controls,ber,random,71800,0.0006125897029414774,0.0008037209821524321,0.0,0.0019922493118792774,4,"1000,1001,1002,1003",90200,200,True
repeat-copy,controls,ber,random,72000,0.0003925790637731552,0.0006799668844429273,0.0,0.0015703162550926208,4,"1000,1001,1002,1003",90200,200,True
repeat-copy,controls,ber,random,72200,0.006642087379004806,0.011330153587380102,0.0,0.026265319203957915,4,"1000,1001,1002,1003",90200,200,True
repeat-copy,controls,ber,random,72400,0.0076215391806908886,0.013140522450515148,0.0,0.030381558114895596,4,"1000,1001,1002,1003",90200,200,True
repeat-copy,controls,ber,random,72600,0.0011201956181321293,0.0013426692091891238,0.0,0.003353140774415806,4,"1000,1001,1002,1003",90200,200,True
repeat-copy,controls,ber,random,72800,0.00013857976213330403,0.00015662400856673723,0.0,0.00038037511985749005,4,"1000,1001,1002,1003",90200,200,True
repeat-copy,controls,ber,random,73000,0.0,0.0,0.0,0.0,4,"1000,1001,1002,1003",90200,200,True
repeat-copy,controls,ber,random,73200,0.00014172045950544998,0.00020445353231108245,0.0,0.0004918470524717122,4,"1000,1001,1002,1003",90200,200,True
repeat-copy,controls,ber,random,73400,0.0005717442465538625,0.0009902900839664768,0.0,0.00228697698621545,4,"1000,1001,1002,1003",90200,200,True
repeat-copy,controls,ber,random,73600,0.0004765745185432024,0.0008254512797095027,0.0,0.0019062980741728097,4,"1000,1001,1002,1003",90200,200,True
repeat-copy,controls,ber,random,73800,0.00040794969419948756,0.0006024664552082682,0.0,0.0014428649004548787,4,"1000,1001,1002,1003",90200,200,True
repeat-copy,controls,ber,random,74000,0.00011259095001150854,8.172792083404782e-05,2.8935184236615896e-05,0.00024786324240267277,4,"1000,1001,1002,1003",90200,200,True
repeat-copy,controls,ber,random,74200,0.00012289432052057237,0.00020428227325671857,0.0,0.0004765622667036951,4,"1000,1001,1002,1003",90200,200,True
repeat-copy,controls,ber,random,74400,6.250000093132258e-05,0.00010825317708615287,0.0,0.0002500000037252903,4,"1000,1001,1002,1003",90200,200,True
repeat-copy,controls,ber,random,74600,0.00012490805849665776,0.00021634710359099663,0.0,0.000499632233986631,4,"1000,1001,1002,1003",90200,200,True
repeat-copy,controls,ber,random,74800,7.611642475239932e-05,0.00010829578770410594,0.0,0.000261175655759871,4,"1000,1001,1002,1003",90200,200,True
repeat-copy,controls,ber,random,75000,0.0002507678116671741,0.0004343425907104091,0.0,0.0010030712466686964,4,"1000,1001,1002,1003",90200,200,True
repeat-copy,controls,ber,random,75200,3.681412985315547e-05,6.376394334210344e-05,0.0,0.00014725651941262187,4,"1000,1001,1002,1003",90200,200,True
repeat-copy,controls,ber,random,75400,0.0005033561881282367,0.00032442463816561554,8.048968622460962e-05,0.0009914883598685265,4,"1000,1001,1002,1003",90200,200,True
repeat-copy,controls,ber,random,75600,0.0006554096603940706,0.0010343660652313961,0.0,0.0024425006663659587,4,"1000,1001,1002,1003",90200,200,True
repeat-copy,controls,ber,random,75800,0.00016186444030608983,0.0002803574345488472,0.0,0.0006474577612243593,4,"1000,1001,1002,1003",90200,200,True
repeat-copy,controls,ber,random,76000,0.00026187120049144143,0.0004535742242902325,0.0,0.0010474848019657657,4,"1000,1001,1002,1003",90200,200,True
repeat-copy,controls,ber,random,76200,0.0015022206533467396,0.0020320971902437783,0.0,0.004967102077789605,4,"1000,1001,1002,1003",90200,200,True
repeat-copy,controls,ber,random,76400,0.0003598089312436059,0.00040838151273711994,0.00010466988780535757,0.0010665654425974936,4,"1000,1001,1002,1003",90200,200,True
repeat-copy,controls,ber,random,76600,0.00010614279541186989,7.672188861781644e-05,0.0,0.0001974767737556249,4,"1000,1001,1002,1003",90200,200,True
repeat-copy,controls,ber,random,76800,9.74891020450741e-05,0.0001688560779263353,0.0,0.0003899564081802964,4,"1000,1001,1002,1003",90200,200,True
repeat-copy,controls,ber,random,77000,9.312384238000959e-05,0.00012223395119566154,0.0,0.0003030302980914712,4,"1000,1001,1002,1003",90200,200,True
repeat-copy,controls,ber,random,77200,7.20470180385746e-05,0.00012478909577664263,0.0,0.0002881880721542984,4,"1000,1001,1002,1003",90200,200,True
repeat-copy,controls,ber,random,77400,0.0002936793558183126,0.00037446767895180614,0.0,0.0009159267519135028,4,"1000,1001,1002,1003",90200,200,True
repeat-copy,controls,ber,random,77600,8.269121230114251e-05,0.0001432253810450434,0.0,0.00033076484920457005,4,"1000,1001,1002,1003",90200,200,True
repeat-copy,controls,ber,random,77800,0.00032046003951109015,0.0004513008952802694,0.0,0.001090314919129014,4,"1000,1001,1002,1003",90200,200,True
repeat-copy,controls,ber,random,78000,0.0006583179481094703,0.0011339596356131527,0.0,0.0026223785465117545,4,"1000,1001,1002,1003",90200,200,True
repeat-copy,controls,ber,random,78200,0.00011992450396064669,0.00015590330333737078,0.0,0.0003807316068559885,4,"1000,1001,1002,1003",90200,200,True
repeat-copy,controls,ber,random,78400,0.0004360307892784476,0.000578996460208517,0.0,0.0014107898063957691,4,"1000,1001,1002,1003",90200,200,True
repeat-copy,controls,ber,random,78600,8.071628399193287e-05,0.00013980470487218616,0.0,0.00032286513596773146,4,"1000,1001,1002,1003",90200,200,True
repeat-copy,controls,ber,random,78800,0.00024471537268254905,0.00037372319494352065,0.0,0.0008888889104127883,4,"1000,1001,1002,1003",90200,200,True
repeat-copy,controls,ber,random,79000,0.0001815025240648538,0.0002757391522944325,0.0,0.0006565656512975693,4,"1000,1001,1002,1003",90200,200,True
repeat-copy,controls,ber,random,79200,0.0,0.0,0.0,0.0,4,"1000,1001,1002,1003",90200,200,True
repeat-copy,controls,ber,random,79400,0.0009895397535001392,0.0009957516187523907,0.0,0.002136129578575492,4,"1000,1001,1002,1003",90200,200,True
repeat-copy,controls,ber,random,79600,0.0004714733254513703,0.0007015094120724677,0.0,0.0016775599622633308,4,"1000,1001,1002,1003",90200,200,True
repeat-copy,controls,ber,random,79800,0.0005187706201104448,0.000664789675047555,1.2919896980747581e-05,0.0016358025372028352,4,"1000,1001,1002,1003",90200,200,True
repeat-copy,controls,ber,random,80000,0.0003817710469593294,0.000548526560412706,0.0,0.0013205560168717057,4,"1000,1001,1002,1003",90200,200,True
repeat-copy,controls,ber,random,80200,0.0002135546994395554,0.00036988758962441077,0.0,0.0008542187977582216,4,"1000,1001,1002,1003",90200,200,True
repeat-copy,controls,ber,random,80400,0.0003908498742384836,0.0006769718403129596,0.0,0.0015633994969539344,4,"1000,1001,1002,1003",90200,200,True
repeat-copy,controls,ber,random,80600,0.00030952730652643366,0.00047997493607927056,0.0,0.0011378393194172531,4,"1000,1001,1002,1003",90200,200,True
repeat-copy,controls,ber,random,80800,0.0005355501221492887,0.0009076638339095898,0.0,0.002107478266116232,4,"1000,1001,1002,1003",90200,200,True
repeat-copy,controls,ber,random,81000,0.0002431398764019832,0.00037602002685909147,0.0,0.0008919250685721636,4,"1000,1001,1002,1003",90200,200,True
repeat-copy,controls,ber,random,81200,0.0009289882233133539,0.0011602689375149642,0.0,0.002841037877369672,4,"1000,1001,1002,1003",90200,200,True
repeat-copy,controls,ber,random,81400,6.727636675350368e-05,6.994515112287959e-05,0.0,0.00016161616425961256,4,"1000,1001,1002,1003",90200,200,True
repeat-copy,controls,ber,random,81600,0.0002815944002941251,0.00036591468674658663,0.0,0.0008936374401673675,4,"1000,1001,1002,1003",90200,200,True
repeat-copy,controls,ber,random,81800,0.059382091212173686,0.10104474919222907,0.0,0.23438259430229663,4,"1000,1001,1002,1003",90200,200,True
repeat-copy,controls,ber,random,82000,0.07718994537979597,0.13321573102718576,0.0,0.3079256059415638,4,"1000,1001,1002,1003",90200,200,True
repeat-copy,controls,ber,random,82200,0.048081051167391704,0.08281654842985683,0.0,0.19152243285730947,4,"1000,1001,1002,1003",90200,200,True
repeat-copy,controls,ber,random,82400,0.014281277580739696,0.0242528902855625,0.0,0.05628430827578995,4,"1000,1001,1002,1003",90200,200,True
repeat-copy,controls,ber,random,82600,0.0004993344872491434,0.0005630185888120964,5.291005130857229e-05,0.0014605007111094892,4,"1000,1001,1002,1003",90200,200,True
repeat-copy,controls,ber,random,82800,7.073047730955295e-05,0.00012250878034374333,0.0,0.0002829219092382118,4,"1000,1001,1002,1003",90200,200,True
repeat-copy,controls,ber,random,83000,0.00020668294208007863,0.00033282030059899123,0.0,0.0007822873227996751,4,"1000,1001,1002,1003",90200,200,True
repeat-copy,controls,ber,random,83200,0.00012883022194728255,0.0002068140252814683,0.0,0.00048646085895597934,4,"1000,1001,1002,1003",90200,200,True
repeat-copy,controls,ber,random,83400,8.335551188793034e-05,0.0001443759816808069,0.0,0.00033342204755172134,4,"1000,1001,1002,1003",90200,200,True
repeat-copy,controls,ber,random,83600,0.00016048145858803763,0.0001826968627746809,0.0,0.0004444444552063942,4,"1000,1001,1002,1003",90200,200,True
repeat-copy,controls,ber,random,83800,0.0006855923599505331,0.0011874808007153732,0.0,0.0027423694398021324,4,"1000,1001,1002,1003",90200,200,True
repeat-copy,controls,ber,random,84000,0.00017290576477535069,0.00019826113912076268,0.0,0.0004830053762998432,4,"1000,1001,1002,1003",90200,200,True
repeat-copy,controls,ber,random,84200,0.0002798551419982687,0.00023742423408451959,0.0,0.0005945917568169534,4,"1000,1001,1002,1003",90200,200,True
repeat-copy,controls,ber,random,84400,0.0002215940220048651,0.00038381210476596216,0.0,0.0008863760880194605,4,"1000,1001,1002,1003",90200,200,True
repeat-copy,controls,ber,random,84600,0.0001020423835143447,0.00017674259277227384,0.0,0.0004081695340573788,4,"1000,1001,1002,1003",90200,200,True
repeat-copy,controls,ber,random,84800,0.0003320195499691181,0.0005270281441666588,0.0,0.0012428684066981078,4,"1000,1001,1002,1003",90200,200,True
repeat-copy,controls,ber,random,85000,0.00016531607543583958,0.0001664642170268584,0.0,0.00035823398968204856,4,"1000,1001,1002,1003",90200,200,True
repeat-copy,controls,ber,random,85200,0.0006450425150978845,0.001045170630209849,0.0,0.0024530999053968116,4,"1000,1001,1002,1003",90200,200,True
repeat-copy,controls,ber,random,85400,0.00019556277271476574,0.00033872465841101884,0.0,0.000782251090859063,4,"1000,1001,1002,1003",90200,200,True
repeat-copy,controls,ber,random,85600,8.229127299273388e-05,9.169873413919951e-05,0.0,0.00023583608912304045,4,"1000,1001,1002,1003",90200,200,True
repeat-copy,controls,ber,random,85800,9.172752266749739e-05,0.00010469455931739458,0.0,0.0002548274816945195,4,"1000,1001,1002,1003",90200,200,True
repeat-copy,controls,ber,random,86000,7.89430778240785e-06,8.58954292689544e-06,0.0,2.057613106444478e-05,4,"1000,1001,1002,1003",90200,200,True
repeat-copy,controls,ber,random,86200,0.00037902271666098383,0.0004119226608911896,0.0,0.0009861772321164608,4,"1000,1001,1002,1003",90200,200,True
repeat-copy,controls,ber,random,86400,0.0002575805602828041,0.00044614261745187474,0.0,0.0010303222411312163,4,"1000,1001,1002,1003",90200,200,True
repeat-copy,controls,ber,random,86600,1.2820513220503926e-05,2.2205780277021294e-05,0.0,5.12820528820157e-05,4,"1000,1001,1002,1003",90200,200,True
repeat-copy,controls,ber,random,86800,0.00043967020508716814,0.0007615311337852035,0.0,0.0017586808203486726,4,"1000,1001,1002,1003",90200,200,True
repeat-copy,controls,ber,random,87000,3.4403674799250436e-05,5.9588912719378754e-05,0.0,0.00013761469919700174,4,"1000,1001,1002,1003",90200,200,True
repeat-copy,controls,ber,random,87200,0.00022132059093564748,0.00038333850826170935,0.0,0.0008852823637425899,4,"1000,1001,1002,1003",90200,200,True
repeat-copy,controls,ber,random,87400,9.267523215385154e-05,0.00016051821069371173,0.0,0.00037070092861540615,4,"1000,1001,1002,1003",90200,200,True
repeat-copy,controls,ber,random,87600,8.984976564534008e-05,0.00012897706087412736,0.0,0.0003105590119957924,4,"1000,1001,1002,1003",90200,200,True
repeat-copy,controls,ber,random,87800,0.0,0.0,0.0,0.0,4,"1000,1001,1002,1003",90200,200,True
repeat-copy,controls,ber,random,88000,0.00043716768210288136,0.0003419684310375106,0.0,0.0009375,4,"1000,1001,1002,1003",90200,200,True
repeat-copy,controls,ber,random,88200,0.000195131745422259,0.00019857886197337103,0.0,0.00044236274901777507,4,"1000,1001,1002,1003",90200,200,True
repeat-copy,controls,ber,random,88400,0.0004123908528708853,0.0007142819097490349,0.0,0.0016495634114835412,4,"1000,1001,1002,1003",90200,200,True
repeat-copy,controls,ber,random,88600,0.00010488469852134585,0.0001816656267755153,0.0,0.0004195387940853834,4,"1000,1001,1002,1003",90200,200,True
repeat-copy,controls,ber,random,88800,0.00011431277496740222,0.00019799553419772836,0.0,0.0004572510998696089,4,"1000,1001,1002,1003",90200,200,True
repeat-copy,controls,ber,random,89000,0.000333845674758777,0.0004263641323119234,0.0,0.0010427471820730716,4,"1000,1001,1002,1003",90200,200,True
repeat-copy,controls,ber,random,89200,8.104069085675292e-05,0.0001403665940443786,0.0,0.0003241627634270117,4,"1000,1001,1002,1003",90200,200,True
repeat-copy,controls,ber,random,89400,0.00013769494864391163,0.00023849464699684223,0.0,0.0005507797945756465,4,"1000,1001,1002,1003",90200,200,True
repeat-copy,controls,ber,random,89600,3.784439730225131e-05,6.554841890932183e-05,0.0,0.00015137758920900525,4,"1000,1001,1002,1003",90200,200,True
repeat-copy,controls,ber,random,89800,0.0,0.0,0.0,0.0,4,"1000,1001,1002,1003",90200,200,True
repeat-copy,controls,ber,random,90000,0.00019869853800628335,0.00034415596321653834,0.0,0.0007947941520251334,4,"1000,1001,1002,1003",90200,200,True
repeat-copy,controls,ber,random,90200,0.00017344719963148237,0.00022744685057438546,0.0,0.000562253666575998,4,"1000,1001,1002,1003",90200,200,True
