task,group,metric,advice_type,batch,mean,std,min,max,n_seeds,seeds,common_horizon,report_interval,sd_shading
repeat-copy,controls,loss,none,200,0.6451718731969596,0.0016935442572687503,0.6439367574453354,0.6480820545554161,4,"1000,1001,1002,1003",90200,200,True
repeat-copy,controls,loss,none,400,0.6334314344823361,0.0009016484419056564,0.6323837080597877,0.6344377267360687,4,"1000,1001,1002,1003",90200,200,True
repeat-copy,controls,loss,none,600,0.629016006141901,0.0016963501528252563,0.627125973701477,0.631706719994545,4,"1000,1001,1002,1003",90200,200,True
repeat-copy,controls,loss,none,800,0.6261239007115363,0.0016103340470539234,0.623969444334507,0.6282522344589233,4,"1000,1001,1002,1003",90200,200,True
repeat-copy,controls,loss,none,1000,0.6215783306956292,0.0023941798821517707,0.6186373978853226,0.6251274815201759,4,"1000,1001,1002,1003",90200,200,True
repeat-copy,controls,loss,none,1200,0.6168930325284601,0.001064335105945848,0.6158057032525539,0.6183823928236961,4,"1000,1001,1002,1003",90200,200,True
repeat-copy,controls,loss,none,1400,0.6137004595622421,0.002844083909957835,0.6094544017314911,0.6173943015933037,4,"1000,1001,1002,1003",90200,200,True
repeat-copy,controls,loss,none,1600,0.6102131036296488,0.0014980741881448524,0.6092247897386551,0.612802526652813,4,"1000,1001,1002,1003",90200,200,True
repeat-copy,controls,loss,none,1800,0.6084666928276419,0.00223109626799142,0.6050022374093532,0.6110772404074669,4,"1000,1001,1002,1003",90200,200,True
repeat-copy,controls,loss,none,2000,0.6045731913670898,0.004408852492631235,0.5971666793525219,0.6087772580981254,4,"1000,1001,1002,1003",90200,200,True
repeat-copy,controls,loss,none,2200,0.6050477584078908,0.0013162208120724,0.6033344949781895,0.6070327118039132,4,"1000,1001,1002,1003",90200,200,True
repeat-copy,controls,loss,none,2400,0.6014675540849566,0.0027006200840337617,0.596977177709341,0.6041979590058326,4,"1000,1001,1002,1003",90200,200,True
repeat-copy,controls,loss,none,2600,0.5963028964400292,0.00419013655539614,0.5917919826507568,0.6017567618191242,4,"1000,1001,1002,1003",90200,200,True
repeat-copy,controls,loss,none,2800,0.5981662061437965,0.0018288244177268387,0.5964109270274639,0.6010169549286366,4,"1000,1001,1002,1003",90200,200,True
repeat-copy,controls,loss,none,3000,0.5931787784770132,0.002161323908927743,0.5905565367639065,0.5957299794256687,4,"1000,1001,1002,1003",90200,200,True
repeat-copy,controls,loss,none,3200,0.5902053791284562,0.0017269072407282162,0.5886293365061284,0.5931255568563938,4,"1000,1001,1002,1003",90200,200,True
repeat-copy,controls,loss,none,3400,0.5899955303594471,0.0014291142732425646,0.5879105891287327,0.5914638012647628,4,"1000,1001,1002,1003",90200,200,True
repeat-copy,controls,loss,none,3600,0.5853213862329721,0.0029999340465105464,0.5824205541610717,0.5893575486540794,4,"1000,1001,1002,1003",90200,200,True
repeat-copy,controls,loss,none,3800,0.5834621178358794,0.004937267382981877,0.576882043927908,0.5907887667417526,4,"1000,1001,1002,1003",90200,200,True
repeat-copy,controls,loss,none,4000,0.5827864940091968,0.002132352561348759,0.579106405377388,0.5842562718689441,4,"1000,1001,1002,1003",90200,200,True
repeat-copy,controls,loss,none,4200,0.5802350215241313,0.002221097757794809,0.5765246649086475,0.5824299225211144,4,"1000,1001,1002,1003",90200,200,True
repeat-copy,controls,loss,none,4400,0.5786057444661856,0.001033838460769574,0.5773538236320018,0.5801969419419766,4,"1000,1001,1002,1003",90200,200,True
repeat-copy,controls,loss,none,4600,0.5792748949304223,0.0031714007469580375,0.5760397319495678,0.5845313906669617,4,"1000,1001,1002,1003",90200,200,True
repeat-copy,controls,loss,none,4800,0.5755466417595745,0.0027024463443129964,0.5710518944263459,0.5782468008995056,4,"1000,1001,1002,1003",90200,200,True
repeat-copy,controls,loss,none,5000,0.5733955397829413,0.0018611556929764388,0.5714113166928292,0.576256800442934,4,"1000,1001,1002,1003",90200,200,True
repeat-copy,controls,loss,none,5200,0.5700395092368126,0.004528931860424093,0.5638967606425286,0.5764287678897381,4,"1000,1001,1002,1003",90200,200,True
repeat-copy,controls,loss,none,5400,0.572441381905228,0.004382290501902242,0.5661303683370352,0.5785070337355137,4,"1000,1001,1002,1003",90200,200,True
repeat-copy,controls,loss,none,5600,0.5698046771809457,0.0023296372277821684,0.5670534904301167,0.5730509540438652,4,"1000,1001,1002,1003",90200,200,True
repeat-copy,controls,loss,none,5800,0.5666722011007368,0.005036693517320008,0.5602870106697082,0.5720905308425427,4,"1000,1001,1002,1003",90200,200,True
repeat-copy,controls,loss,none,6000,0.5680475118756294,0.0035847753822088003,0.5641980305314064,0.5728247644007206,4,"1000,1001,1002,1003",90200,200,True
repeat-copy,controls,loss,none,6200,0.5724883407354355,0.0029449203561604507,0.5680302606523037,0.576165511906147,4,"1000,1001,1002,1003",90200,200,True
repeat-copy,controls,loss,none,6400,0.5672496349550783,0.0027063633968904036,0.5627448108792305,0.5694556878507138,4,"1000,1001,1002,1003",90200,200,True
repeat-copy,controls,loss,none,6600,0.569116209410131,0.001485685704499186,0.5671199016273022,0.5710249970853328,4,"1000,1001,1002,1003",90200,200,True
repeat-copy,controls,loss,none,6800,0.564007409196347,0.0019456799942547,0.5608105570077896,0.5659724240005016,4,"1000,1001,1002,1003",90200,200,True
repeat-copy,controls,loss,none,7000,0.5680504868924618,0.004317887060717561,0.5643398906290531,0.5753109215199947,4,"1000,1001,1002,1003",90200,200,True
repeat-copy,controls,loss,none,7200,0.5694479694589972,0.0029366064666188816,0.5650413402915001,0.5733058100938797,4,"1000,1001,1002,1003",90200,200,True
repeat-copy,controls,loss,none,7400,0.564033657964319,0.003841018579805471,0.5593077896535397,0.5681355811655522,4,"1000,1001,1002,1003",90200,200,True
repeat-copy,controls,loss,none,7600,0.5631135467812418,0.004745673931805923,0.5577524241805076,0.5679892782866954,4,"1000,1001,1002,1003",90200,200,True
repeat-copy,controls,loss,none,7800,0.5631515533663333,0.000862940665150191,0.5621744078397751,0.5642749166488648,4,"1000,1001,1002,1003",90200,200,True
repeat-copy,controls,loss,none,8000,0.560536982845515,0.00215143823572257,0.5570979410409928,0.5630272820591926,4,"1000,1001,1002,1003",90200,200,True
repeat-copy,controls,loss,none,8200,0.5606596440263093,0.004246412888590039,0.5559192574024201,0.5672942635416984,4,"1000,1001,1002,1003",90200,200,True
repeat-copy,controls,loss,none,8400,0.5609496109560131,0.006423438354192947,0.5508247195929289,0.5665100901573896,4,"1000,1001,1002,1003",90200,200,True
repeat-copy,controls,loss,none,8600,0.559416524413973,0.006211577284719973,0.5492221612483263,0.5659032951295376,4,"1000,1001,1002,1003",90200,200,True
repeat-copy,controls,loss,none,8800,0.5554788298159837,0.00586795599088639,0.5471071541309357,0.5636848817765713,4,"1000,1001,1002,1003",90200,200,True
repeat-copy,controls,loss,none,9000,0.5576665243506431,0.005473228862554879,0.5493524319678545,0.562888920456171,4,"1000,1001,1002,1003",90200,200,True
repeat-copy,controls,loss,none,9200,0.5579318378306926,0.0034167076457536556,0.5541434735804797,0.5632591055333614,4,"1000,1001,1002,1003",90200,200,True
repeat-copy,controls,loss,none,9400,0.5561508995853364,0.00476490372939343,0.5491107600182294,0.5617978866398334,4,"1000,1001,1002,1003",90200,200,True
repeat-copy,controls,loss,none,9600,0.5582414613105356,0.0029188100189134524,0.5554360492527485,0.563139422237873,4,"1000,1001,1002,1003",90200,200,True
repeat-copy,controls,loss,none,9800,0.5549090391397477,0.0035186722523582047,0.5488998372852802,0.5574877107143402,4,"1000,1001,1002,1003",90200,200,True
repeat-copy,controls,loss,none,10000,0.5569321403838694,0.0011025829949312658,0.5556757421791554,0.5581885059177876,4,"1000,1001,1002,1003",90200,200,True
repeat-copy,controls,loss,none,10200,0.5551333952508867,0.0036127590257175315,0.5492335930466652,0.5590071442723274,4,"1000,1001,1002,1003",90200,200,True
repeat-copy,controls,loss,none,10400,0.5557527161389588,0.005136301268020384,0.5475770626962185,0.5607155848294496,4,"1000,1001,1002,1003",90200,200,True
repeat-copy,controls,loss,none,10600,0.5538392561674118,0.005128663911688986,0.5488097284734249,0.5624188551306725,4,"1000,1001,1002,1003",90200,200,True
repeat-copy,controls,loss,none,10800,0.5493834397010505,0.00320480096689192,0.5450075776875019,0.5535162768512965,4,"1000,1001,1002,1003",90200,200,True
repeat-copy,controls,loss,none,11000,0.552115998417139,0.0061591943427938695,0.5459808005392551,0.5621190999448299,4,"1000,1001,1002,1003",90200,200,True
repeat-copy,controls,loss,none,11200,0.554096826929599,0.00321291970471488,0.5510120932012796,0.5590296466648579,4,"1000,1001,1002,1003",90200,200,True
repeat-copy,controls,loss,none,11400,0.5563071764633061,0.00492086840606911,0.5509008356183768,0.5642501132190227,4,"1000,1001,1002,1003",90200,200,True
repeat-copy,controls,loss,none,11600,0.5509832348488272,0.0033336307938201574,0.5467794872075319,0.5547027567028999,4,"1000,1001,1002,1003",90200,200,True
repeat-copy,controls,loss,none,11800,0.5490824623778463,0.005217635278346878,0.5413048371672631,0.555963566750288,4,"1000,1001,1002,1003",90200,200,True
repeat-copy,controls,loss,none,12000,0.5503744719922543,0.008720251916582253,0.5413275344669819,0.560533487200737,4,"1000,1001,1002,1003",90200,200,True
repeat-copy,controls,loss,none,12200,0.5558070599846542,0.0012474214065396577,0.553876241222024,0.5571087400615216,4,"1000,1001,1002,1003",90200,200,True
repeat-copy,controls,loss,none,12400,0.5497376489825547,0.005966005910847714,0.5426806350052357,0.5583729408681393,4,"1000,1001,1002,1003",90200,200,True
repeat-copy,controls,loss,none,12600,0.5496487473882735,0.005289217064321275,0.5423730834573507,0.5556296878308058,4,"1000,1001,1002,1003",90200,200,True
repeat-copy,controls,loss,none,12800,0.5482372109033167,0.012882407796021966,0.5332989034801722,0.5660283143818379,4,"1000,1001,1002,1003",90200,200,True
repeat-copy,controls,loss,none,13000,0.5497941685095429,0.0070978713178437665,0.541933900937438,0.561253319233656,4,"1000,1001,1002,1003",90200,200,True
repeat-copy,controls,loss,none,13200,0.5515179200842977,0.006174768813522933,0.5435562399029732,0.5599171198904515,4,"1000,1001,1002,1003",90200,200,True
repeat-copy,controls,loss,none,13400,0.5481168621964753,0.007033099814604669,0.5372345945239068,0.555995087325573,4,"1000,1001,1002,1003",90200,200,True
repeat-copy,controls,loss,none,13600,0.5482395378686488,0.004754461598257587,0.540441796630621,0.5532982299476862,4,"1000,1001,1002,1003",90200,200,True
repeat-copy,controls,loss,none,13800,0.5432435551192613,0.004130236830615638,0.5384561049938202,0.5485944546759128,4,"1000,1001,1002,1003",90200,200,True
repeat-copy,controls,loss,none,14000,0.5488675401173532,0.003034783975831176,0.5446447261422872,0.5532260192185641,4,"1000,1001,1002,1003",90200,200,True
repeat-copy,controls,loss,none,14200,0.5451581477373839,0.004983255133721298,0.5385565002262592,0.552529675513506,4,"1000,1001,1002,1003",90200,200,True
repeat-copy,controls,loss,none,14400,0.5450637088622898,0.0015869245398994634,0.5434928296133876,0.5476843389868736,4,"1000,1001,1002,1003",90200,200,True
repeat-copy,controls,loss,none,14600,0.5453943965118379,0.009163963364520251,0.5343523681163788,0.5564377464354038,4,"1000,1001,1002,1003",90200,200,True
repeat-copy,controls,loss,none,14800,0.5453015059232712,0.004219284540411958,0.540634254142642,0.5518194371461869,4,"1000,1001,1002,1003",90200,200,True
repeat-copy,controls,loss,none,15000,0.5436068012379109,0.004998260080748347,0.5383571617305278,0.5498263759166002,4,"1000,1001,1002,1003",90200,200,True
repeat-copy,controls,loss,none,15200,0.545744989803061,0.0057324337620281475,0.5418566808477044,0.555652794316411,4,"1000,1001,1002,1003",90200,200,True
repeat-copy,controls,loss,none,15400,0.5394420394301415,0.0045111899913087405,0.5349642930179834,0.5465076764672995,4,"1000,1001,1002,1003",90200,200,True
repeat-copy,controls,loss,none,15600,0.5393969715945424,0.0037103884146765242,0.5355198553949595,0.5440322075784206,4,"1000,1001,1002,1003",90200,200,True
repeat-copy,controls,loss,none,15800,0.5353870698064566,0.004606528855084935,0.5309685341268778,0.5422703611850739,4,"1000,1001,1002,1003",90200,200,True
repeat-copy,controls,loss,none,16000,0.5447890368755907,0.0016613442595374871,0.5427725250646472,0.5473725215345621,4,"1000,1001,1002,1003",90200,200,True
repeat-copy,controls,loss,none,16200,0.5410841875895858,0.004179215129392626,0.535350761860609,0.5463891989737749,4,"1000,1001,1002,1003",90200,200,True
repeat-copy,controls,loss,none,16400,0.537044184692204,0.005107052600478145,0.5305856747180223,0.5439754232019186,4,"1000,1001,1002,1003",90200,200,True
repeat-copy,controls,loss,none,16600,0.5379134888201953,0.004413118489194268,0.5345228124409914,0.5453928510844708,4,"1000,1001,1002,1003",90200,200,True
repeat-copy,controls,loss,none,16800,0.541572790890932,0.006107322430937287,0.5323794398084283,0.5481705199554563,4,"1000,1001,1002,1003",90200,200,True
repeat-copy,controls,loss,none,17000,0.5378900307882577,0.0022905378078982943,0.534897790402174,0.5411979547888041,4,"1000,1001,1002,1003",90200,200,True
repeat-copy,controls,loss,none,17200,0.5352735493332148,0.006882019456900066,0.5246737516671419,0.5433130194246769,4,"1000,1001,1002,1003",90200,200,True
repeat-copy,controls,loss,none,17400,0.537211641119793,0.004938517377949446,0.5305962678790093,0.5429342015832662,4,"1000,1001,1002,1003",90200,200,True
repeat-copy,controls,loss,none,17600,0.5367148950137198,0.00821722212664585,0.5238938652724028,0.5467159640043974,4,"1000,1001,1002,1003",90200,200,True
repeat-copy,controls,loss,none,17800,0.5337031107209622,0.004641056127757398,0.527191202789545,0.5403172945231199,4,"1000,1001,1002,1003",90200,200,True
repeat-copy,controls,loss,none,18000,0.5366732886061072,0.00516629204241707,0.5281640485674143,0.5418374755233526,4,"1000,1001,1002,1003",90200,200,True
repeat-copy,controls,loss,none,18200,0.5297924580145628,0.003526734276743193,0.5259509982913733,0.5337610303610564,4,"1000,1001,1002,1003",90200,200,True
repeat-copy,controls,loss,none,18400,0.5252080699801445,0.014702636831443424,0.5014580737054348,0.5382594725489617,4,"1000,1001,1002,1003",90200,200,True
repeat-copy,controls,loss,none,18600,0.5307690580096096,0.016236162184472602,0.503898682370782,0.5475354608148336,4,"1000,1001,1002,1003",90200,200,True
repeat-copy,controls,loss,none,18800,0.5223450452275574,0.019092345261848432,0.4928935202583671,0.5451934184134006,4,"1000,1001,1002,1003",90200,200,True
repeat-copy,controls,loss,none,19000,0.5181792363896965,0.026043127316378454,0.47384354077279567,0.5404252198338508,4,"1000,1001,1002,1003",90200,200,True
repeat-copy,controls,loss,none,19200,0.5165075455605983,0.03339319848618897,0.45875177025794983,0.5386190328747034,4,"1000,1001,1002,1003",90200,200,True
repeat-copy,controls,loss,none,19400,0.5076077305246144,0.044006472060178006,0.43141063161194326,0.5342101160436868,4,"1000,1001,1002,1003",90200,200,True
repeat-copy,controls,loss,none,19600,0.49032744053751226,0.05731507990548699,0.39165798455476764,0.5287763548642397,4,"1000,1001,1002,1003",90200,200,True
repeat-copy,controls,loss,none,19800,0.4954085659515113,0.06682819585198424,0.3801510386168957,0.5407973289489746,4,"1000,1001,1002,1003",90200,200,True
repeat-copy,controls,loss,none,20000,0.4910014853067696,0.06194303024433127,0.38416508615016937,0.5346360588073731,4,"1000,1001,1002,1003",90200,200,True
repeat-copy,controls,loss,none,20200,0.49500591835938396,0.06789455165319307,0.37742002349346876,0.5357115859538317,4,"1000,1001,1002,1003",90200,200,True
repeat-copy,controls,loss,none,20400,0.48237863821908833,0.08673951099998822,0.33248079925775526,0.541734850332141,4,"1000,1001,1002,1003",90200,200,True
repeat-copy,controls,loss,none,20600,0.4917754257423803,0.08168260601585434,0.35085955599322916,0.5491255834326148,4,"1000,1001,1002,1003",90200,200,True
repeat-copy,controls,loss,none,20800,0.47910073595587166,0.08149369729049438,0.3382476132549346,0.5345924713462591,4,"1000,1001,1002,1003",90200,200,True
repeat-copy,controls,loss,none,21000,0.47624078068882225,0.08825774059776134,0.32367080882191657,0.5323614191263915,4,"1000,1001,1002,1003",90200,200,True
repeat-copy,controls,loss,none,21200,0.4733928654668853,0.0897106017627948,0.31809574587270617,0.5295221269130707,4,"1000,1001,1002,1003",90200,200,True
repeat-copy,controls,loss,none,21400,0.47856532956473524,0.0802746843627928,0.33977805646136405,0.5318913639336824,4,"1000,1001,1002,1003",90200,200,True
repeat-copy,controls,loss,none,21600,0.47240000229678114,0.08792014409872206,0.3204376739030704,0.5310706491023303,4,"1000,1001,1002,1003",90200,200,True
repeat-copy,controls,loss,none,21800,0.47273326520342374,0.092146784651145,0.31352760272100566,0.5325627052783966,4,"1000,1001,1002,1003",90200,200,True
repeat-copy,controls,loss,none,22000,0.42806144980539096,0.1722271811903367,0.1297851836611517,0.5313566435873508,4,"1000,1001,1002,1003",90200,200,True
repeat-copy,controls,loss,none,22200,0.41374843739438805,0.18852266288698874,0.0873609510064125,0.5299679651111364,4,"1000,1001,1002,1003",90200,200,True
repeat-copy,controls,loss,none,22400,0.44108821459230974,0.14462087183220784,0.1906098276237026,0.5259044338203966,4,"1000,1001,1002,1003",90200,200,True
repeat-copy,controls,loss,none,22600,0.4984041619859636,0.04676417606169907,0.4177652343735099,0.532422305867076,4,"1000,1001,1002,1003",90200,200,True
repeat-copy,controls,loss,none,22800,0.5679399982956238,0.07287225824948869,0.5235443449765443,0.6940928242448717,4,"1000,1001,1002,1003",90200,200,True
repeat-copy,controls,loss,none,23000,0.41462459174450483,0.1916267167751936,0.08274461938068271,0.52921426191926,4,"1000,1001,1002,1003",90200,200,True
repeat-copy,controls,loss,none,23200,0.4076539191504708,0.20083828078588128,0.06037215001648292,0.5407611052319408,4,"1000,1001,1002,1003",90200,200,True
repeat-copy,controls,loss,none,23400,0.39987963026156653,0.20978021429048582,0.03666252850554883,0.52597555488348,4,"1000,1001,1002,1003",90200,200,True
repeat-copy,controls,loss,none,23600,0.3925652890035417,0.21077231196461793,0.02760887542273849,0.5200663235783577,4,"1000,1001,1002,1003",90200,200,True
repeat-copy,controls,loss,none,23800,0.4092485363275046,0.17800649457547427,0.10111772874603048,0.5219067565351725,4,"1000,1001,1002,1003",90200,200,True
repeat-copy,controls,loss,none,24000,0.3997159752890002,0.21171533623899888,0.03302618640940636,0.5244213858246803,4,"1000,1001,1002,1003",90200,200,True
repeat-copy,controls,loss,none,24200,0.39539763532375216,0.21761999179956534,0.01850011238013394,0.5245699792914092,4,"1000,1001,1002,1003",90200,200,True
repeat-copy,controls,loss,none,24400,0.39008696592951314,0.21764400630854153,0.013376341744442471,0.523795849904418,4,"1000,1001,1002,1003",90200,200,True
repeat-copy,controls,loss,none,24600,0.3933029318442277,0.22058793659932727,0.011246231591212564,0.5226541816443205,4,"1000,1001,1002,1003",90200,200,True
repeat-copy,controls,loss,none,24800,0.3956845752010122,0.20829497990733303,0.034968330059200525,0.5220347623899579,4,"1000,1001,1002,1003",90200,200,True
repeat-copy,controls,loss,none,25000,0.39213434008648623,0.21973312184161992,0.01158564860932529,0.5241971569135785,4,"1000,1001,1002,1003",90200,200,True
repeat-copy,controls,loss,none,25200,0.39552912114522776,0.22078959390662692,0.013185708275414073,0.5267056562751532,4,"1000,1001,1002,1003",90200,200,True
repeat-copy,controls,loss,none,25400,0.4008277487747546,0.20163824294927568,0.05160998256586027,0.5213685006648302,4,"1000,1001,1002,1003",90200,200,True
repeat-copy,controls,loss,none,25600,0.40302387934476436,0.20770538371012617,0.043515705552708825,0.5323069615475834,4,"1000,1001,1002,1003",90200,200,True
repeat-copy,controls,loss,none,25800,0.3949585947703599,0.22174878117404842,0.011147168393072206,0.536016766950488,4,"1000,1001,1002,1003",90200,200,True
repeat-copy,controls,loss,none,26000,0.3911759954960871,0.2204962366650638,0.009267788637371268,0.5196493924967944,4,"1000,1001,1002,1003",90200,200,True
repeat-copy,controls,loss,none,26200,0.38876821598420064,0.2209163149116241,0.006322961949190358,0.5251822592690587,4,"1000,1001,1002,1003",90200,200,True
repeat-copy,controls,loss,none,26400,0.3905942515780771,0.21685340436529565,0.015508905363676604,0.5319453806430101,4,"1000,1001,1002,1003",90200,200,True
repeat-copy,controls,loss,none,26600,0.39002212523992064,0.22250949698174802,0.004729508088785223,0.5261738399229944,4,"1000,1001,1002,1003",90200,200,True
repeat-copy,controls,loss,none,26800,0.4127415994338662,0.182755166697325,0.09633357259182958,0.526694616265595,4,"1000,1001,1002,1003",90200,200,True
repeat-copy,controls,loss,none,27000,0.4040849090066332,0.19353324994997614,0.06898347781097983,0.5209334514662624,4,"1000,1001,1002,1003",90200,200,True
repeat-copy,controls,loss,none,27200,0.38976120340266784,0.21596938188787462,0.015846271500049625,0.5200270361453295,4,"1000,1001,1002,1003",90200,200,True
repeat-copy,controls,loss,none,27400,0.3972592741991684,0.20712449980127484,0.03858761353243608,0.5224458225816488,4,"1000,1001,1002,1003",90200,200,True
repeat-copy,controls,loss,none,27600,0.38793399624457375,0.22107196547473665,0.005100890600151615,0.5198417846672236,4,"1000,1001,1002,1003",90200,200,True
repeat-copy,controls,loss,none,27800,0.3814121044845888,0.21593015105503413,0.007453837040666258,0.5109966835007071,4,"1000,1001,1002,1003",90200,200,True
repeat-copy,controls,loss,none,28000,0.3824618577414731,0.21780482599777803,0.0052206604993261865,0.5093742083013058,4,"1000,1001,1002,1003",90200,200,True
repeat-copy,controls,loss,none,28200,0.38278825119672544,0.2185888985017969,0.004347279801004333,0.515472241602838,4,"1000,1001,1002,1003",90200,200,True
repeat-copy,controls,loss,none,28400,0.381379280423389,0.21889197852921535,0.0023608609758957754,0.516237055528909,4,"1000,1001,1002,1003",90200,200,True
repeat-copy,controls,loss,none,28600,0.3896786733651425,0.2207083410796246,0.007586638342545484,0.5244178968667984,4,"1000,1001,1002,1003",90200,200,True
repeat-copy,controls,loss,none,28800,0.38773455261354683,0.21994161750895871,0.007019573398283682,0.5262907756492495,4,"1000,1001,1002,1003",90200,200,True
repeat-copy,controls,loss,none,29000,0.3890276640461889,0.21783499002524395,0.011738025674276287,0.5175747763365507,4,"1000,1001,1002,1003",90200,200,True
repeat-copy,controls,loss,none,29200,0.3836776832935175,0.22026714085231164,0.002307253806575318,0.5195089780725539,4,"1000,1001,1002,1003",90200,200,True
repeat-copy,controls,loss,none,29400,0.38298161202066694,0.21758643915152734,0.006216131931287236,0.5141646502166987,4,"1000,1001,1002,1003",90200,200,True
repeat-copy,controls,loss,none,29600,0.38856456606848955,0.22238130455092434,0.0035959746209846344,0.528649632781744,4,"1000,1001,1002,1003",90200,200,True
repeat-copy,controls,loss,none,29800,0.3829368029526541,0.22061533720788185,0.0009868899513458017,0.5173423506319523,4,"1000,1001,1002,1003",90200,200,True
repeat-copy,controls,loss,none,30000,0.38395546258214386,0.219802824919245,0.0032903955232904993,0.5163372825831175,4,"1000,1001,1002,1003",90200,200,True
repeat-copy,controls,loss,none,30200,0.37724189077746817,0.21654016493455772,0.002257697461573116,0.5077206349000335,4,"1000,1001,1002,1003",90200,200,True
repeat-copy,controls,loss,none,30400,0.38319549005841963,0.2203924558623605,0.001495014574011293,0.5149713965691626,4,"1000,1001,1002,1003",90200,200,True
repeat-copy,controls,loss,none,30600,0.3749877065681994,0.21386826876763995,0.004665232861843833,0.505368254519999,4,"1000,1001,1002,1003",90200,200,True
repeat-copy,controls,loss,none,30800,0.3893292557746918,0.221549140663639,0.005836094979495101,0.5271549885347485,4,"1000,1001,1002,1003",90200,200,True
repeat-copy,controls,loss,none,31000,0.38280036076856055,0.22089418496945395,0.00033311765451799147,0.5181939149647952,4,"1000,1001,1002,1003",90200,200,True
repeat-copy,controls,loss,none,31200,0.3994599185762763,0.19804364462220053,0.0568862990177513,0.5236043184436858,4,"1000,1001,1002,1003",90200,200,True
repeat-copy,controls,loss,none,31400,0.3786428125777457,0.21114338919720924,0.013019385353545658,0.5050985689088702,4,"1000,1001,1002,1003",90200,200,True
repeat-copy,controls,loss,none,31600,0.38889346227946586,0.20845882919809916,0.027950323557961385,0.5172454468160868,4,"1000,1001,1002,1003",90200,200,True
repeat-copy,controls,loss,none,31800,0.3768311792399436,0.21471778340683215,0.0050683495576231506,0.5102793992310762,4,"1000,1001,1002,1003",90200,200,True
repeat-copy,controls,loss,none,32000,0.38276553280541525,0.22005431465558958,0.0016569524214355624,0.5143435657024383,4,"1000,1001,1002,1003",90200,200,True
repeat-copy,controls,loss,none,32200,0.37818744833109125,0.21338039283043447,0.009093110793946835,0.5165986423473805,4,"1000,1001,1002,1003",90200,200,True
repeat-copy,controls,loss,none,32400,0.3782124969672396,0.21753911094651557,0.0016092267751628242,0.5119776694662869,4,"1000,1001,1002,1003",90200,200,True
repeat-copy,controls,loss,none,32600,0.38230912116041055,0.21876479253030526,0.003647350078881573,0.5152486964315176,4,"1000,1001,1002,1003",90200,200,True
repeat-copy,controls,loss,none,32800,0.38444907157773744,0.22174569549046394,0.000437261447259516,0.5168312603421509,4,"1000,1001,1002,1003",90200,200,True
repeat-copy,controls,loss,none,33000,0.3790856084003008,0.21708507727933934,0.0032179539311255213,0.5137745005264879,4,"1000,1001,1002,1003",90200,200,True
repeat-copy,controls,loss,none,33200,0.38350378538853425,0.22109513114769264,0.000582584045787371,0.5154152958840131,4,"1000,1001,1002,1003",90200,200,True
repeat-copy,controls,loss,none,33400,0.3781699680499071,0.217651863297114,0.0012884705734586533,0.5118870824947953,4,"1000,1001,1002,1003",90200,200,True
repeat-copy,controls,loss,none,33600,0.3783569921809078,0.21824169450859776,0.00041084331453475895,0.5090969707258046,4,"1000,1001,1002,1003",90200,200,True
repeat-copy,controls,loss,none,33800,0.376367935649223,0.21674891224151335,0.0014541170899246936,0.5196233470924199,4,"1000,1001,1002,1003",90200,200,True
repeat-copy,controls,loss,none,34000,0.3818975269693351,0.2165557375654102,0.007210869934942821,0.5214272711705417,4,"1000,1001,1002,1003",90200,200,True
repeat-copy,controls,loss,none,34200,0.3777134875992135,0.2177254574698476,0.0007282746273313024,0.5080918461084366,4,"1000,1001,1002,1003",90200,200,True
repeat-copy,controls,loss,none,34400,0.3825795421989864,0.20464154587096386,0.02835336337173203,0.5106462937779724,4,"1000,1001,1002,1003",90200,200,True
repeat-copy,controls,loss,none,34600,0.3796606093418756,0.21200675182523288,0.012681557543378403,0.5114064535452053,4,"1000,1001,1002,1003",90200,200,True
repeat-copy,controls,loss,none,34800,0.3719505367669603,0.2142868842614984,0.0011158118152434326,0.5050111074000597,4,"1000,1001,1002,1003",90200,200,True
repeat-copy,controls,loss,none,35000,0.38157578567531114,0.1975354124963776,0.03961746424526609,0.5041463117115199,4,"1000,1001,1002,1003",90200,200,True
repeat-copy,controls,loss,none,35200,0.37157690028629303,0.21289018366317383,0.003046854966023602,0.505125535633415,4,"1000,1001,1002,1003",90200,200,True
repeat-copy,controls,loss,none,35400,0.37654561334500836,0.2169214587039359,0.000986518318832168,0.5097047723270953,4,"1000,1001,1002,1003",90200,200,True
repeat-copy,controls,loss,none,35600,0.37589097126603294,0.21640165834853642,0.0012388490226931026,0.5112904194742441,4,"1000,1001,1002,1003",90200,200,True
repeat-copy,controls,loss,none,35800,0.37959650569706815,0.21816485499320512,0.00225557093954194,0.5226018453016877,4,"1000,1001,1002,1003",90200,200,True
repeat-copy,controls,loss,none,36000,0.3724535461224445,0.2148846073151595,0.0004365264206444408,0.5064642688259482,4,"1000,1001,1002,1003",90200,200,True
repeat-copy,controls,loss,none,36200,0.37404995484768505,0.2154046300280444,0.001548524141389862,0.5087376967817545,4,"1000,1001,1002,1003",90200,200,True
repeat-copy,controls,loss,none,36400,0.375118238219992,0.21020992554884038,0.011115992197769629,0.5040519180335105,4,"1000,1001,1002,1003",90200,200,True
repeat-copy,controls,loss,none,36600,0.37805654974252656,0.21576760886419227,0.004367828623157948,0.505374694392085,4,"1000,1001,1002,1003",90200,200,True
repeat-copy,controls,loss,none,36800,0.3733611551723539,0.21484842412155591,0.0013872755989814323,0.5074539455398918,4,"1000,1001,1002,1003",90200,200,True
repeat-copy,controls,loss,none,37000,0.3737868071523053,0.21534300313424712,0.0011247090673168715,0.512473217844963,4,"1000,1001,1002,1003",90200,200,True
repeat-copy,controls,loss,none,37200,0.36828240343064633,0.21142548177752152,0.002367347988210895,0.5036682188976556,4,"1000,1001,1002,1003",90200,200,True
repeat-copy,controls,loss,none,37400,0.37130175054335945,0.2108077568555904,0.0065875815844901806,0.5079159114230424,4,"1000,1001,1002,1003",90200,200,True
repeat-copy,controls,loss,none,37600,0.3787559940066165,0.2186997116157243,0.00015635526030337134,0.5164823585189879,4,"1000,1001,1002,1003",90200,200,True
repeat-copy,controls,loss,none,37800,0.3725821442091086,0.21513129241482834,4.847461513918461e-05,0.5040464295167476,4,"1000,1001,1002,1003",90200,200,True
repeat-copy,controls,loss,none,38000,0.3706205432184003,0.21210186297715033,0.0033064400207103973,0.49770025397650897,4,"1000,1001,1002,1003",90200,200,True
repeat-copy,controls,loss,none,38200,0.37196993223392383,0.2146938730029605,0.00027695662345649907,0.5060674580838531,4,"1000,1001,1002,1003",90200,200,True
repeat-copy,controls,loss,none,38400,0.37178073625542085,0.21397572804276224,0.0018361947730500105,0.5063758627325297,4,"1000,1001,1002,1003",90200,200,True
repeat-copy,controls,loss,none,38600,0.37031639567118535,0.2137998667468645,7.432050103034271e-05,0.5004723532591016,4,"1000,1001,1002,1003",90200,200,True
repeat-copy,controls,loss,none,38800,0.37145471966503096,0.2144474745505148,0.00020660279892013023,0.5056113726831972,4,"1000,1001,1002,1003",90200,200,True
repeat-copy,controls,loss,none,39000,0.3693526189234679,0.21263534396424924,0.0011380045332435884,0.4991995846526697,4,"1000,1001,1002,1003",90200,200,True
repeat-copy,controls,loss,none,39200,0.37002790280686326,0.21207837299536889,0.0028254598872217685,0.5003618745645508,4,"1000,1001,1002,1003",90200,200,True
repeat-copy,controls,loss,none,39400,0.3644328401463144,0.210370393910376,0.00044065995776691123,0.5000523545779287,4,"1000,1001,1002,1003",90200,200,True
repeat-copy,controls,loss,none,39600,0.36845643528526695,0.21235064167683942,0.000987583734990949,0.5027849450986832,4,"1000,1001,1002,1003",90200,200,True
repeat-copy,controls,loss,none,39800,0.37144339427453305,0.2130842542185679,0.002674080798731211,0.5062231642380357,4,"1000,1001,1002,1003",90200,200,True
repeat-copy,controls,loss,none,40000,0.36496766221451227,0.21117308153007777,3.9485552259748144e-05,0.509154445277527,4,"1000,1001,1002,1003",90200,200,True
repeat-copy,controls,loss,none,40200,0.3740769383132423,0.21291771388967487,0.005445391482845707,0.5024339032825083,4,"1000,1001,1002,1003",90200,200,True
repeat-copy,controls,loss,none,40400,0.3663885214262277,0.2112123076305019,0.0014222740758611963,0.5116183090209961,4,"1000,1001,1002,1003",90200,200,True
repeat-copy,controls,loss,none,40600,0.36594345680561213,0.20865262772223392,0.0046941601767139214,0.49607448747381566,4,"1000,1001,1002,1003",90200,200,True
repeat-copy,controls,loss,none,40800,0.3586234677068029,0.20686337955672054,0.00042932615972176793,0.4823409417364746,4,"1000,1001,1002,1003",90200,200,True
repeat-copy,controls,loss,none,41000,0.36995899929218523,0.21340519494843876,0.00035689080210659084,0.4970999606046826,4,"1000,1001,1002,1003",90200,200,True
repeat-copy,controls,loss,none,41200,0.3638637934261989,0.20968982609909445,0.0008909067409337012,0.4929334312537685,4,"1000,1001,1002,1003",90200,200,True
repeat-copy,controls,loss,none,41400,0.3624176155994552,0.20900142445404823,0.0006744881290563854,0.495755803110078,4,"1000,1001,1002,1003",90200,200,True
repeat-copy,controls,loss,none,41600,0.36234505970710645,0.20923406505031392,2.7801770893347567e-05,0.490590406623669,4,"1000,1001,1002,1003",90200,200,True
repeat-copy,controls,loss,none,41800,0.3558721891042914,0.20448348842931238,0.0020539025066972274,0.488785624820739,4,"1000,1001,1002,1003",90200,200,True
repeat-copy,controls,loss,none,42000,0.3601214212883208,0.2054445317013621,0.004293968424202035,0.48153630062704905,4,"1000,1001,1002,1003",90200,200,True
repeat-copy,controls,loss,none,42200,0.3639874765658152,0.20938539391240624,0.0017062858177746422,0.5003841442521662,4,"1000,1001,1002,1003",90200,200,True
repeat-copy,controls,loss,none,42400,0.3582589341397078,0.20633851485174337,0.00098133943962182,0.4838650368247181,4,"1000,1001,1002,1003",90200,200,True
repeat-copy,controls,loss,none,42600,0.36170886578632916,0.20913797144046234,2.664412654667103e-05,0.49228821210563184,4,"1000,1001,1002,1003",90200,200,True
repeat-copy,controls,loss,none,42800,0.36903215680618473,0.21117356648464,0.003353228778491939,0.49669478319585325,4,"1000,1001,1002,1003",90200,200,True
repeat-copy,controls,loss,none,43000,0.3587925060004147,0.20650974793906188,0.0016174867229207734,0.4900635245395824,4,"1000,1001,1002,1003",90200,200,True
repeat-copy,controls,loss,none,43200,0.3651520786430592,0.21036766465399226,0.0011188284432137152,0.4944905017246492,4,"1000,1001,1002,1003",90200,200,True
repeat-copy,controls,loss,none,43400,0.3604028298704266,0.207808838731416,0.0005697505728660701,0.4883896071370691,4,"1000,1001,1002,1003",90200,200,True
repeat-copy,controls,loss,none,43600,0.36292939408599734,0.20881199345000376,0.0012792021608487403,0.4870844679023139,4,"1000,1001,1002,1003",90200,200,True
repeat-copy,controls,loss,none,43800,0.37690500589565745,0.16952950046728718,0.08330375290292863,0.4770595625648275,4,"1000,1001,1002,1003",90200,200,True
repeat-copy,controls,loss,none,44000,0.36828994992394043,0.21117084479789877,0.002573960764614753,0.4954303077980876,4,"1000,1001,1002,1003",90200,200,True
repeat-copy,controls,loss,none,44200,0.3562161379651025,0.20584341568497042,1.6760418693593236e-05,0.4857608167547733,4,"1000,1001,1002,1003",90200,200,True
repeat-copy,controls,loss,none,44400,0.36494236743094904,0.19041969156895977,0.035244053055757264,0.4825055687362328,4,"1000,1001,1002,1003",90200,200,True
repeat-copy,controls,loss,none,44600,0.36400586348536124,0.21039279630433336,2.1111366215222916e-05,0.5017233824031427,4,"1000,1001,1002,1003",90200,200,True
repeat-copy,controls,loss,none,44800,0.361677782918092,0.20212829871401516,0.011667329142096037,0.48480270185507834,4,"1000,1001,1002,1003",90200,200,True
repeat-copy,controls,loss,none,45000,0.35480632392180206,0.20459539217555012,0.0005681019002778953,0.48177106355316934,4,"1000,1001,1002,1003",90200,200,True
repeat-copy,controls,loss,none,45200,0.3575035070671349,0.20625765679561697,0.00044029900212706253,0.48666941334027797,4,"1000,1001,1002,1003",90200,200,True
repeat-copy,controls,loss,none,45400,0.3565542455434507,0.20568044713029313,0.0005348202624122678,0.48435499776853247,4,"1000,1001,1002,1003",90200,200,True
repeat-copy,controls,loss,none,45600,0.35621103216350974,0.204848336677329,0.0018400771477524813,0.48651361503172663,4,"1000,1001,1002,1003",90200,200,True
repeat-copy,controls,loss,none,45800,0.3592048802251767,0.2061027744439248,0.0022380873614281428,0.480665342528373,4,"1000,1001,1002,1003",90200,200,True
repeat-copy,controls,loss,none,46000,0.3562096483777414,0.20545917339396091,0.0004299396342213413,0.4811373576382175,4,"1000,1001,1002,1003",90200,200,True
repeat-copy,controls,loss,none,46200,0.367437620663018,0.21230703355366695,9.741620361864989e-06,0.5032941172644496,4,"1000,1001,1002,1003",90200,200,True
repeat-copy,controls,loss,none,46400,0.3692965257096761,0.18376055927470625,0.05105263838496242,0.47837866622023284,4,"1000,1001,1002,1003",90200,200,True
repeat-copy,controls,loss,none,46600,0.37834015377828756,0.17834713123622425,0.06964492315785577,0.4919978808285668,4,"1000,1001,1002,1003",90200,200,True
repeat-copy,controls,loss,none,46800,0.3640639814216705,0.2102238860503386,1.0435856065242888e-05,0.49074586580274626,4,"1000,1001,1002,1003",90200,200,True
repeat-copy,controls,loss,none,47000,0.35180893160405835,0.20068206900393154,0.004273676197167049,0.4735464055929333,4,"1000,1001,1002,1003",90200,200,True
repeat-copy,controls,loss,none,47200,0.3597353509788255,0.2077312123035432,0.00042222292082101377,0.4971112084761262,4,"1000,1001,1002,1003",90200,200,True
repeat-copy,controls,loss,none,47400,0.3520656779168262,0.20265198450825508,0.0012780740466786255,0.47707280341302977,4,"1000,1001,1002,1003",90200,200,True
repeat-copy,controls,loss,none,47600,0.353086918610265,0.20397846018642957,1.4323698358538195e-05,0.4826963293645531,4,"1000,1001,1002,1003",90200,200,True
repeat-copy,controls,loss,none,47800,0.3609804507758772,0.20848668619022964,0.00012251049301639227,0.4888700208463706,4,"1000,1001,1002,1003",90200,200,True
repeat-copy,controls,loss,none,48000,0.3508303640289402,0.20178157807595012,0.0016806886303916712,0.4814618612406775,4,"1000,1001,1002,1003",90200,200,True
repeat-copy,controls,loss,none,48200,0.36974923129352993,0.1791672046056612,0.05979573571295561,0.4866233308194205,4,"1000,1001,1002,1003",90200,200,True
repeat-copy,controls,loss,none,48400,0.3583735533869634,0.20675217777413663,0.0006101492543871246,0.48813967127818614,4,"1000,1001,1002,1003",90200,200,True
repeat-copy,controls,loss,none,48600,0.3575956715812315,0.20611260783650667,0.0007619464793670261,0.48475970814004543,4,"1000,1001,1002,1003",90200,200,True
repeat-copy,controls,loss,none,48800,0.3496919214508789,0.20200479026795037,1.5321126604135315e-05,0.47629460708703847,4,"1000,1001,1002,1003",90200,200,True
repeat-copy,controls,loss,none,49000,0.3515454530723276,0.20162386053471035,0.0030486397189318382,0.48583044425351546,4,"1000,1001,1002,1003",90200,200,True
repeat-copy,controls,loss,none,49200,0.3507844674768784,0.20295184755302953,8.42923574936094e-06,0.4852332990989089,4,"1000,1001,1002,1003",90200,200,True
repeat-copy,controls,loss,none,49400,0.3593708990127758,0.20677311281465421,0.002194158236021906,0.4987485914118588,4,"1000,1001,1002,1003",90200,200,True
repeat-copy,controls,loss,none,49600,0.37456948089215214,0.1751614143909478,0.071312478131955,0.4826479685585946,4,"1000,1001,1002,1003",90200,200,True
repeat-copy,controls,loss,none,49800,0.3985987336631547,0.12667918704753023,0.17943771912740886,0.48123353015631437,4,"1000,1001,1002,1003",90200,200,True
repeat-copy,controls,loss,none,50000,0.3479728417506604,0.2010104083746338,0.0005182539569398159,0.47857607892714443,4,"1000,1001,1002,1003",90200,200,True
repeat-copy,controls,loss,none,50200,0.348440866387818,0.20166492476574402,1.0528206437925292e-05,0.48575505811022596,4,"1000,1001,1002,1003",90200,200,True
repeat-copy,controls,loss,none,50400,0.35241637188971536,0.20296111062702782,0.0012583149911846192,0.4792892532609403,4,"1000,1001,1002,1003",90200,200,True
repeat-copy,controls,loss,none,50600,0.35359170190791317,0.17532472815426162,0.05244400255402354,0.48378878070041537,4,"1000,1001,1002,1003",90200,200,True
repeat-copy,controls,loss,none,50800,0.42767772707034474,0.06010860726304726,0.3243502111101937,0.4726245393231511,4,"1000,1001,1002,1003",90200,200,True
repeat-copy,controls,loss,none,51000,0.3738726254743563,0.14114204141982628,0.1328052545939727,0.47650867897085847,4,"1000,1001,1002,1003",90200,200,True
repeat-copy,controls,loss,none,51200,0.3294152316147052,0.19045268015870023,0.0031892935891394813,0.46244281708495694,4,"1000,1001,1002,1003",90200,200,True
repeat-copy,controls,loss,none,51400,0.34761970679593107,0.1465803105192185,0.10670218036266306,0.4708090787206311,4,"1000,1001,1002,1003",90200,200,True
repeat-copy,controls,loss,none,51600,0.32394246663792386,0.1915035355347532,0.001222191509282311,0.469187905122526,4,"1000,1001,1002,1003",90200,200,True
repeat-copy,controls,loss,none,51800,0.31803682271666917,0.19210114134580414,0.0030787205468806177,0.4822430642135441,4,"1000,1001,1002,1003",90200,200,True
repeat-copy,controls,loss,none,52000,0.31793505865959265,0.19253537855736833,0.0003037803175783438,0.4770455210702494,4,"1000,1001,1002,1003",90200,200,True
repeat-copy,controls,loss,none,52200,0.3051938927062968,0.1841598420907722,0.007360181239762369,0.47590395086386705,4,"1000,1001,1002,1003",90200,200,True
repeat-copy,controls,loss,none,52400,0.2979633921831456,0.19554111989085168,0.0003129271178806903,0.4741594797675498,4,"1000,1001,1002,1003",90200,200,True
repeat-copy,controls,loss,none,52600,0.3550860788787129,0.20632776368319977,9.65857780386159e-06,0.5052499386109411,4,"1000,1001,1002,1003",90200,200,True
repeat-copy,controls,loss,none,52800,0.25774869178341814,0.20911773394978597,0.0013709006187878003,0.4639088306768099,4,"1000,1001,1002,1003",90200,200,True
repeat-copy,controls,loss,none,53000,0.25895354177502616,0.21204681670713926,6.681952725386964e-06,0.47414571068482475,4,"1000,1001,1002,1003",90200,200,True
repeat-copy,controls,loss,none,53200,0.24993609986204085,0.2107623060880428,0.0019243512486623615,0.4636756889754906,4,"1000,1001,1002,1003",90200,200,True
repeat-copy,controls,loss,none,53400,0.2426108845206269,0.20881643172538614,0.0014539503850743785,0.4525292553100735,4,"1000,1001,1002,1003",90200,200,True
repeat-copy,controls,loss,none,53600,0.24938796444630684,0.22025184589462943,0.0001689302470987286,0.4687813150300644,4,"1000,1001,1002,1003",90200,200,True
repeat-copy,controls,loss,none,53800,0.2440094308033236,0.2177240470716583,0.0024350559183861265,0.48532802464440467,4,"1000,1001,1002,1003",90200,200,True
repeat-copy,controls,loss,none,54000,0.2500291294342867,0.21484409449499628,0.006145491559395779,0.46828609824879097,4,"1000,1001,1002,1003",90200,200,True
repeat-copy,controls,loss,none,54200,0.23991812192658485,0.2201624124593533,0.002020611549888258,0.4711417736345902,4,"1000,1001,1002,1003",90200,200,True
repeat-copy,controls,loss,none,54400,0.24277575343726254,0.2233348953494372,0.0014743059720399288,0.47387884782161566,4,"1000,1001,1002,1003",90200,200,True
repeat-copy,controls,loss,none,54600,0.2488607190508651,0.22144674655405586,0.0009946631855655141,0.49140975458547476,4,"1000,1001,1002,1003",90200,200,True
repeat-copy,controls,loss,none,54800,0.2453106198100533,0.22760286664194582,0.00039396001321136966,0.47323828206164764,4,"1000,1001,1002,1003",90200,200,True
repeat-copy,controls,loss,none,55000,0.24205397625811204,0.2243977453021636,0.0013459638276619047,0.47689606622676367,4,"1000,1001,1002,1003",90200,200,True
repeat-copy,controls,loss,none,55200,0.2440553939225521,0.22251361483671964,0.0005806181117738163,0.4756020610034466,4,"1000,1001,1002,1003",90200,200,True
repeat-copy,controls,loss,none,55400,0.24095269463608882,0.22829745012422162,3.182299622324081e-06,0.4749865625961684,4,"1000,1001,1002,1003",90200,200,True
repeat-copy,controls,loss,none,55600,0.23811812368019658,0.2183449854007024,0.0007047775126551059,0.46241561641683804,4,"1000,1001,1002,1003",90200,200,True
repeat-copy,controls,loss,none,55800,0.2375723037431351,0.21790979817267,0.004515167371969398,0.4586771581158973,4,"1000,1001,1002,1003",90200,200,True
repeat-copy,controls,loss,none,56000,0.23444802569696144,0.21862045586366405,0.007350717127175983,0.4538753277808428,4,"1000,1001,1002,1003",90200,200,True
repeat-copy,controls,loss,none,56200,0.2425441026011685,0.2250587645962665,3.745683643323616e-06,0.47518411204218863,4,"1000,1001,1002,1003",90200,200,True
repeat-copy,controls,loss,none,56400,0.23654741225337167,0.2228063847690637,1.6697080907945861e-06,0.4640125877968967,4,"1000,1001,1002,1003",90200,200,True
repeat-copy,controls,loss,none,56600,0.24986566129097637,0.22431845821275645,0.015515248609299306,0.4760132109443657,4,"1000,1001,1002,1003",90200,200,True
repeat-copy,controls,loss,none,56800,0.23743532358579886,0.22724659571292907,2.9685688434142322e-05,0.46539198046550156,4,"1000,1001,1002,1003",90200,200,True
repeat-copy,controls,loss,none,57000,0.22965967797267398,0.22502270811471303,1.4623109263567358e-06,0.4590302088926546,4,"1000,1001,1002,1003",90200,200,True
repeat-copy,controls,loss,none,57200,0.2445546230479208,0.23180366168187375,0.003937918018511404,0.4779118087212555,4,"1000,1001,1002,1003",90200,200,True
repeat-copy,controls,loss,none,57400,0.23657150573782804,0.2280381582754396,0.0013941596056196914,0.47404601793386975,4,"1000,1001,1002,1003",90200,200,True
repeat-copy,controls,loss,none,57600,0.24165192603164876,0.21303214869963416,0.0010682373030564208,0.47564750238670966,4,"1000,1001,1002,1003",90200,200,True
repeat-copy,controls,loss,none,57800,0.23154633739324948,0.2216579785113435,0.003893797106657537,0.4590963012923021,4,"1000,1001,1002,1003",90200,200,True
repeat-copy,controls,loss,none,58000,0.23672158013829614,0.22665145805790557,0.00132093164649568,0.47156304171308877,4,"1000,1001,1002,1003",90200,200,True
repeat-copy,controls,loss,none,58200,0.23176405775408004,0.22417668463758073,0.00014329419049104785,0.4587911191955209,4,"1000,1001,1002,1003",90200,200,True
repeat-copy,controls,loss,none,58400,0.2479034850147228,0.21508367044964163,2.7200352673517613e-06,0.4634784553432837,4,"1000,1001,1002,1003",90200,200,True
repeat-copy,controls,loss,none,58600,0.23220781025302567,0.21882482800768432,6.990050488742127e-07,0.4522669492196292,4,"1000,1001,1002,1003",90200,200,True
repeat-copy,controls,loss,none,58800,0.23006830169821862,0.22459007082673535,0.0007781947873744687,0.455436191521585,4,"1000,1001,1002,1003",90200,200,True
repeat-copy,controls,loss,none,59000,0.23056067743615488,0.22004833857129158,1.9946816752369755e-06,0.4517681603267556,4,"1000,1001,1002,1003",90200,200,True
repeat-copy,controls,loss,none,59200,0.22921401932915458,0.22379969550578024,1.0127972865259238e-06,0.45986570055014453,4,"1000,1001,1002,1003",90200,200,True
repeat-copy,controls,loss,none,59400,0.23284337902901542,0.22234604098208102,0.003484891780015049,0.4652407607994974,4,"1000,1001,1002,1003",90200,200,True
repeat-copy,controls,loss,none,59600,0.23322468805198676,0.21259727536383066,0.007826876821890564,0.46254784361459317,4,"1000,1001,1002,1003",90200,200,True
repeat-copy,controls,loss,none,59800,0.2278353481429507,0.2226948469031759,0.0005557947764732774,0.4666747781471349,4,"1000,1001,1002,1003",90200,200,True
repeat-copy,controls,loss,none,60000,0.232157446798831,0.22549721671218143,0.005740988034168453,0.45919926509261133,4,"1000,1001,1002,1003",90200,200,True
repeat-copy,controls,loss,none,60200,0.2298208699943869,0.21642803409902944,8.180682454558053e-05,0.4540070858062245,4,"1000,1001,1002,1003",90200,200,True
repeat-copy,controls,loss,none,60400,0.2514672940635206,0.203990380576841,1.6476461590819724e-06,0.4586666063941084,4,"1000,1001,1002,1003",90200,200,True
repeat-copy,controls,loss,none,60600,0.25292013067902613,0.20355743271128274,0.009220837689936161,0.4595362094405573,4,"1000,1001,1002,1003",90200,200,True
repeat-copy,controls,loss,none,60800,0.23053841909448458,0.22779898660987252,0.0006113548697699756,0.46422721198759975,4,"1000,1001,1002,1003",90200,200,True
repeat-copy,controls,loss,none,61000,0.2230380563218127,0.2193478260755995,0.0012836346133242849,0.45710683142533526,4,"1000,1001,1002,1003",90200,200,True
repeat-copy,controls,loss,none,61200,0.23673958823463617,0.2240440525761538,0.0012918468244780712,0.4697122364630923,4,"1000,1001,1002,1003",90200,200,True
repeat-copy,controls,loss,none,61400,0.2302811285037869,0.22639386888411464,1.8293218926324073e-06,0.46325185846537353,4,"1000,1001,1002,1003",90200,200,True
repeat-copy,controls,loss,none,61600,0.22868878247091787,0.22319601417937904,0.0009407396785189804,0.4565634070755914,4,"1000,1001,1002,1003",90200,200,True
repeat-copy,controls,loss,none,61800,0.22966651371646085,0.21690020714791988,0.00104277137541402,0.4494366494595306,4,"1000,1001,1002,1003",90200,200,True
repeat-copy,controls,loss,none,62000,0.22697022150815446,0.21630646693657704,1.0137469035500502e-05,0.4514566374476999,4,"1000,1001,1002,1003",90200,200,True
repeat-copy,controls,loss,none,62200,0.22437890382579212,0.22171960110860434,0.0005209055134445251,0.4479351192183094,4,"1000,1001,1002,1003",90200,200,True
repeat-copy,controls,loss,none,62400,0.22982571414149172,0.2268237344659279,1.0782776125495275e-06,0.47127919071586805,4,"1000,1001,1002,1003",90200,200,True
repeat-copy,controls,loss,none,62600,0.2161566188540362,0.21448609301587132,0.00027406521853760244,0.4369524587376509,4,"1000,1001,1002,1003",90200,200,True
repeat-copy,controls,loss,none,62800,0.2225042362768936,0.21674765017527925,0.0005784300374325558,0.44254024570807815,4,"1000,1001,1002,1003",90200,200,True
repeat-copy,controls,loss,none,63000,0.2270614489730038,0.22371120260068234,2.749311914431729e-06,0.4667759725765791,4,"1000,1001,1002,1003",90200,200,True
repeat-copy,controls,loss,none,63200,0.2142186489208059,0.21304636303065463,7.854194000689319e-07,0.44283691425807775,4,"1000,1001,1002,1003",90200,200,True
repeat-copy,controls,loss,none,63400,0.22490620678713483,0.2158839070716939,6.858474265126979e-05,0.4674276858009398,4,"1000,1001,1002,1003",90200,200,True
repeat-copy,controls,loss,none,63600,0.22374080095968435,0.21639858042560442,0.0041543027658501154,0.44154184476472436,4,"1000,1001,1002,1003",90200,200,True
repeat-copy,controls,loss,none,63800,0.22855087230183305,0.2188079722982477,0.0002969177937235479,0.4675755497533828,4,"1000,1001,1002,1003",90200,200,True
repeat-copy,controls,loss,none,64000,0.22458429462711121,0.2238800221077966,1.3258889151401831e-06,0.46439138923073187,4,"1000,1001,1002,1003",90200,200,True
repeat-copy,controls,loss,none,64200,0.21945486511710638,0.21900873614925362,3.7114227664947207e-07,0.4581481552356854,4,"1000,1001,1002,1003",90200,200,True
repeat-copy,controls,loss,none,64400,0.21686043471972333,0.21513273714957462,0.00016490707091720624,0.45415626669069753,4,"1000,1001,1002,1003",90200,200,True
repeat-copy,controls,loss,none,64600,0.2238416474213626,0.210269430685494,0.0018933823410911764,0.44245002198731526,4,"1000,1001,1002,1003",90200,200,True
repeat-copy,controls,loss,none,64800,0.21952539369261664,0.21813835848308488,1.50198086399711e-06,0.452044022543123,4,"1000,1001,1002,1003",90200,200,True
repeat-copy,controls,loss,none,65000,0.22917857194653352,0.22348087299548605,7.612310299975888e-07,0.47042001866735517,4,"1000,1001,1002,1003",90200,200,True
repeat-copy,controls,loss,none,65200,0.21279448671155413,0.21228886031276642,5.079688317577436e-07,0.43363033718429506,4,"1000,1001,1002,1003",90200,200,True
repeat-copy,controls,loss,none,65400,0.2318546293591765,0.22322525689161024,0.0010929040129097145,0.47097855628002433,4,"1000,1001,1002,1003",90200,200,True
repeat-copy,controls,loss,none,65600,0.2232035459415933,0.21212012775980965,3.343604346883744e-07,0.4420019250269979,4,"1000,1001,1002,1003",90200,200,True
repeat-copy,controls,loss,none,65800,0.23932474934456202,0.20261933993847497,0.007106616079700184,0.44250551640754565,4,"1000,1001,1002,1003",90200,200,True
repeat-copy,controls,loss,none,66000,0.2237341399050888,0.2204689410854082,2.6625790542755823e-06,0.45438421529717743,4,"1000,1001,1002,1003",90200,200,True
repeat-copy,controls,loss,none,66200,0.22731282472822884,0.22088098781402452,8.923039965025304e-08,0.4618635878013447,4,"1000,1001,1002,1003",90200,200,True
repeat-copy,controls,loss,none,66400,0.23407814118908937,0.2165189812517566,0.0045880652266934,0.45887574019376187,4,"1000,1001,1002,1003",90200,200,True
repeat-copy,controls,loss,none,66600,0.2142184462785916,0.21267524206102884,5.270021205161512e-07,0.4498649841733277,4,"1000,1001,1002,1003",90200,200,True
repeat-copy,controls,loss,none,66800,0.22096184237555522,0.21698346864426102,0.002889411963190096,0.46077277060365307,4,"1000,1001,1002,1003",90200,200,True
repeat-copy,controls,loss,none,67000,0.2172058199452698,0.20959386544808054,0.0023440005887823646,0.4418383644759888,4,"1000,1001,1002,1003",90200,200,True
repeat-copy,controls,loss,none,67200,0.21115973114462677,0.20652546900526741,5.8044143628577234e-06,0.43321124226553365,4,"1000,1001,1002,1003",90200,200,True
repeat-copy,controls,loss,none,67400,0.2149722650885274,0.21234296904358188,0.0019915934745949925,0.4509993914724328,4,"1000,1001,1002,1003",90200,200,True
repeat-copy,controls,loss,none,67600,0.22788163040423437,0.2263126832644328,0.0014125392083535176,0.4645810634084046,4,"1000,1001,1002,1003",90200,200,True
repeat-copy,controls,loss,none,67800,0.21269387627545538,0.2097394842371752,3.509803467305339e-07,0.4308091901167063,4,"1000,1001,1002,1003",90200,200,True
repeat-copy,controls,loss,none,68000,0.21135288469264524,0.20061743115990419,0.004362546725182631,0.42892107110004873,4,"1000,1001,1002,1003",90200,200,True
repeat-copy,controls,loss,none,68200,0.2224054517792713,0.2175797503037529,0.0021736725292185,0.44530042181489987,4,"1000,1001,1002,1003",90200,200,True
repeat-copy,controls,loss,none,68400,0.21958298704783785,0.21758951963473486,0.001119332270516682,0.44950708066578954,4,"1000,1001,1002,1003",90200,200,True
repeat-copy,controls,loss,none,68600,0.2205350601538567,0.22053243764950475,6.088495322476017e-07,0.46701189000159504,4,"1000,1001,1002,1003",90200,200,True
repeat-copy,controls,loss,none,68800,0.2190537245714519,0.21680593802421314,8.414824206826044e-08,0.4523854977637529,4,"1000,1001,1002,1003",90200,200,True
repeat-copy,controls,loss,none,69000,0.2105410887167557,0.2071854613280921,0.0027614261135068636,0.4344818846863927,4,"1000,1001,1002,1003",90200,200,True
repeat-copy,controls,loss,none,69200,0.22044709725162376,0.2146772194965991,0.0011074447594546656,0.4394329139427282,4,"1000,1001,1002,1003",90200,200,True
repeat-copy,controls,loss,none,69400,0.2105277665767767,0.21052112231149778,2.38115827410873e-06,0.4335922140884213,4,"1000,1001,1002,1003",90200,200,True
repeat-copy,controls,loss,none,69600,0.21516641648664603,0.2151778195941573,1.4123269014542639e-05,0.44910387923941014,4,"1000,1001,1002,1003",90200,200,True
repeat-copy,controls,loss,none,69800,0.21251455610452735,0.2059823912453833,0.000399361658073758,0.4290932969615096,4,"1000,1001,1002,1003",90200,200,True
repeat-copy,controls,loss,none,70000,0.21261316597317198,0.21129242403029774,0.0009018990736240084,0.4485954840492923,4,"1000,1001,1002,1003",90200,200,True
repeat-copy,controls,loss,none,70200,0.21726101384043545,0.19982568706057469,1.0634815816534805e-06,0.44176611641654745,4,"1000,1001,1002,1003",90200,200,True
repeat-copy,controls,loss,none,70400,0.20960939159103276,0.2060034682809242,6.074719180443999e-05,0.43104583347099834,4,"1000,1001,1002,1003",90200,200,True
repeat-copy,controls,loss,none,70600,0.21286462082231045,0.20827394313443395,0.001057867898424083,0.4434994468721561,4,"1000,1001,1002,1003",90200,200,True
repeat-copy,controls,loss,none,70800,0.22297070531352525,0.18944604625710812,0.022682011214546948,0.42259181294124576,4,"1000,1001,1002,1003",90200,200,True
repeat-copy,controls,loss,none,71000,0.2171731924565724,0.2113670410029927,0.0009069146264300798,0.4441880635707639,4,"1000,1001,1002,1003",90200,200,True
repeat-copy,controls,loss,none,71200,0.20768119482560823,0.20420098881584206,0.0003910451384685043,0.43587411395215897,4,"1000,1001,1002,1003",90200,200,True
repeat-copy,controls,loss,none,71400,0.20970637239481837,0.20896481477908815,1.0637069837260427e-06,0.44056940253765786,4,"1000,1001,1002,1003",90200,200,True
repeat-copy,controls,loss,none,71600,0.2083352769943403,0.2020352758320805,0.002133235623523433,0.43036455326713624,4,"1000,1001,1002,1003",90200,200,True
repeat-copy,controls,loss,none,71800,0.1991729259095698,0.19969916103644897,0.00017682923599656063,0.42720177189214154,4,"1000,1001,1002,1003",90200,200,True
repeat-copy,controls,loss,none,72000,0.2291523687273008,0.1931119719973098,0.003617653730691608,0.4485651713469997,4,"1000,1001,1002,1003",90200,200,True
repeat-copy,controls,loss,none,72200,0.23663064696014513,0.18631801581413623,2.389434927581313e-07,0.42926252549048516,4,"1000,1001,1002,1003",90200,200,True
repeat-copy,controls,loss,none,72400,0.2118525874199819,0.20342190606626892,4.961879904410993e-08,0.43862259009853005,4,"1000,1001,1002,1003",90200,200,True
repeat-copy,controls,loss,none,72600,0.20973422501166522,0.20933752291229535,3.992199428048786e-05,0.4374353408347815,4,"1000,1001,1002,1003",90200,200,True
repeat-copy,controls,loss,none,72800,0.21011557730065944,0.20430149542194406,0.0008849125400939589,0.4291051162336953,4,"1000,1001,1002,1003",90200,200,True
repeat-copy,controls,loss,none,73000,0.20754734539747208,0.2071529031665277,1.3922036389835136e-07,0.4287800252391025,4,"1000,1001,1002,1003",90200,200,True
repeat-copy,controls,loss,none,73200,0.20988150626904756,0.2062403070911246,2.5016073703410665e-06,0.4242516203271225,4,"1000,1001,1002,1003",90200,200,True
repeat-copy,controls,loss,none,73400,0.22460759568792157,0.18740010474638572,0.00537667930654727,0.4380299336335156,4,"1000,1001,1002,1003",90200,200,True
repeat-copy,controls,loss,none,73600,0.20736199829085292,0.20370266741141038,0.0005387524479186257,0.4308009173127357,4,"1000,1001,1002,1003",90200,200,True
repeat-copy,controls,loss,none,73800,0.21430190275749708,0.20508098563625832,0.005368582300143317,0.44713278049137445,4,"1000,1001,1002,1003",90200,200,True
repeat-copy,controls,loss,none,74000,0.20015378691271224,0.19853007345848733,0.00036776172794581564,0.4055609537207056,4,"1000,1001,1002,1003",90200,200,True
repeat-copy,controls,loss,none,74200,0.428271466498351,0.31744142987006785,0.0003786310850409791,0.8952212597730127,4,"1000,1001,1002,1003",90200,200,True
repeat-copy,controls,loss,none,74400,0.2561997218567804,0.16958558880224128,8.247354720282707e-05,0.43973005149746314,4,"1000,1001,1002,1003",90200,200,True
repeat-copy,controls,loss,none,74600,0.2077468374554894,0.20420729456361564,1.02969467206504e-06,0.4339662436768413,4,"1000,1001,1002,1003",90200,200,True
repeat-copy,controls,loss,none,74800,0.20597130360543503,0.2051451346814657,7.865506289339574e-08,0.4332426295056939,4,"1000,1001,1002,1003",90200,200,True
repeat-copy,controls,loss,none,75000,0.21174538485929095,0.20335892118129997,0.004189430610466294,0.4269362693937728,4,"1000,1001,1002,1003",90200,200,True
repeat-copy,controls,loss,none,75200,0.21361224975215004,0.20753801329868318,0.003600695062368435,0.4310336640989408,4,"1000,1001,1002,1003",90200,200,True
repeat-copy,controls,loss,none,75400,0.20509248853679546,0.19897736281709155,0.003264868834057779,0.4088592842617072,4,"1000,1001,1002,1003",90200,200,True
repeat-copy,controls,loss,none,75600,0.19658581024080496,0.1966512343610335,0.0001818019476697996,0.40811813628417437,4,"1000,1001,1002,1003",90200,200,True
repeat-copy,controls,loss,none,75800,0.2001279533757796,0.20068801498523584,1.8891958231017635e-05,0.42539233463350684,4,"1000,1001,1002,1003",90200,200,True
repeat-copy,controls,loss,none,76000,0.21218141363796844,0.20307008399855728,0.0031455856778705815,0.4273535652155988,4,"1000,1001,1002,1003",90200,200,True
repeat-copy,controls,loss,none,76200,0.21141810488006213,0.18886627525776573,0.015455925532145743,0.41981767610879617,4,"1000,1001,1002,1003",90200,200,True
repeat-copy,controls,loss,none,76400,0.2063831025123367,0.20549891797822595,0.00021841082212786133,0.4379752806900069,4,"1000,1001,1002,1003",90200,200,True
repeat-copy,controls,loss,none,76600,0.20212133800505527,0.20026034473197385,0.0015192682255980917,0.4186202753521502,4,"1000,1001,1002,1003",90200,200,True
repeat-copy,controls,loss,none,76800,0.20803123545724023,0.20467837803743924,1.0278642930856563e-05,0.41845549174468033,4,"1000,1001,1002,1003",90200,200,True
repeat-copy,controls,loss,none,77000,0.2179004091955966,0.2143608232328796,0.0013379436050628345,0.4396940925379749,4,"1000,1001,1002,1003",90200,200,True
repeat-copy,controls,loss,none,77200,0.20002560936271835,0.2003261739889013,4.191555481258824e-06,0.4262099885335192,4,"1000,1001,1002,1003",90200,200,True
repeat-copy,controls,loss,none,77400,0.20288043046470597,0.20268556452189418,2.6293402059065495e-05,0.4348138244543225,4,"1000,1001,1002,1003",90200,200,True
repeat-copy,controls,loss,none,77600,0.20683930380043639,0.20723169663631752,4.841710548231237e-07,0.4339806392858736,4,"1000,1001,1002,1003",90200,200,True
repeat-copy,controls,loss,none,77800,0.19935990465804593,0.19946266151927533,0.0006435962826435571,0.42449890367279297,4,"1000,1001,1002,1003",90200,200,True
repeat-copy,controls,loss,none,78000,0.21749573227989433,0.17941158865106024,0.0006347207150918587,0.4148735651024617,4,"1000,1001,1002,1003",90200,200,True
repeat-copy,controls,loss,none,78200,0.2029444665443565,0.20304125796957506,1.3119673850398027e-07,0.4196157623571344,4,"1000,1001,1002,1003",90200,200,True
repeat-copy,controls,loss,none,78400,0.20889165134127965,0.2087623284832582,5.843085158718786e-08,0.44898437756113707,4,"1000,1001,1002,1003",90200,200,True
repeat-copy,controls,loss,none,78600,0.1985228109964544,0.19618583182084667,7.140716536923719e-05,0.4152571734256344,4,"1000,1001,1002,1003",90200,200,True
repeat-copy,controls,loss,none,78800,0.19886207622584817,0.19270065550156007,0.0016037639142632543,0.42086362934904176,4,"1000,1001,1002,1003",90200,200,True
repeat-copy,controls,loss,none,79000,0.202861615782772,0.20072528035248335,0.0015765068453356434,0.41427677894651427,4,"1000,1001,1002,1003",90200,200,True
repeat-copy,controls,loss,none,79200,0.2058143531194446,0.20507534986234968,2.875536051349936e-07,0.4347811299783643,4,"1000,1001,1002,1003",90200,200,True
repeat-copy,controls,loss,none,79400,0.20451866882218794,0.2023736357434172,6.341713909674418e-08,0.4143282678007381,4,"1000,1001,1002,1003",90200,200,True
repeat-copy,controls,loss,none,79600,0.19827998253978746,0.19915998914620245,2.2783862384211094e-08,0.4278344977507368,4,"1000,1001,1002,1003",90200,200,True
repeat-copy,controls,loss,none,79800,0.20587951121390205,0.2005809531148631,0.0034479803279918995,0.4289021412981674,4,"1000,1001,1002,1003",90200,200,True
repeat-copy,controls,loss,none,80000,0.1899218719329846,0.19040725079803716,0.0002665141052807485,0.4036941196233965,4,"1000,1001,1002,1003",90200,200,True
repeat-copy,controls,loss,none,80200,0.21460369883465585,0.21384796788119503,0.00011326163062392425,0.429956321613281,4,"1000,1001,1002,1003",90200,200,True
repeat-copy,controls,loss,none,80400,0.22314354402173145,0.18897960337170377,0.0002076509179914865,0.4232591532589868,4,"1000,1001,1002,1003",90200,200,True
repeat-copy,controls,loss,none,80600,0.20415440801192036,0.2051990459056829,0.00014762560471707432,0.442557263096096,4,"1000,1001,1002,1003",90200,200,True
repeat-copy,controls,loss,none,80800,0.2035387950451864,0.200586919322899,3.102857985394225e-06,0.42734459486440757,4,"1000,1001,1002,1003",90200,200,True
repeat-copy,controls,loss,none,81000,0.1994210693920794,0.1991147605533477,6.519871053550785e-07,0.41891288131300825,4,"1000,1001,1002,1003",90200,200,True
repeat-copy,controls,loss,none,81200,0.21472019998834127,0.18750024233337517,3.6647465042278784e-05,0.4215793500014115,4,"1000,1001,1002,1003",90200,200,True
repeat-copy,controls,loss,none,81400,0.2081615543785003,0.2050698262302189,4.3320601786245303e-07,0.42300367038464176,4,"1000,1001,1002,1003",90200,200,True
repeat-copy,controls,loss,none,81600,0.20056646944527706,0.20066907606380077,7.85004149328472e-08,0.41187855124444467,4,"1000,1001,1002,1003",90200,200,True
repeat-copy,controls,loss,none,81800,0.2243467213543126,0.17628705089203806,0.0016441804693541407,0.4161679222155362,4,"1000,1001,1002,1003",90200,200,True
repeat-copy,controls,loss,none,82000,0.20597826888649345,0.20093374445041962,0.00043187307651725265,0.4274209094780963,4,"1000,1001,1002,1003",90200,200,True
repeat-copy,controls,loss,none,82200,0.23205885842335877,0.17929276562209753,0.004866024250331975,0.4180663028266281,4,"1000,1001,1002,1003",90200,200,True
repeat-copy,controls,loss,none,82400,0.19819894208081681,0.19637641948156834,9.299820034300853e-06,0.4125665433279937,4,"1000,1001,1002,1003",90200,200,True
repeat-copy,controls,loss,none,82600,0.19701512765919021,0.19647931589536594,9.350818545271978e-05,0.3961523037927691,4,"1000,1001,1002,1003",90200,200,True
repeat-copy,controls,loss,none,82800,0.20046484823853794,0.19925892643493848,7.268093494404437e-07,0.4147497367206961,4,"1000,1001,1002,1003",90200,200,True
repeat-copy,controls,loss,none,83000,0.19108761010913203,0.19086702744478984,7.706370142551711e-08,0.4092148510180414,4,"1000,1001,1002,1003",90200,200,True
repeat-copy,controls,loss,none,83200,0.19023132125725817,0.19032820892171687,1.5969875372397052e-05,0.39003735800972206,4,"1000,1001,1002,1003",90200,200,True
repeat-copy,controls,loss,none,83400,0.20434492457510006,0.17561871161349307,0.013400264054387384,0.3974187286198139,4,"1000,1001,1002,1003",90200,200,True
repeat-copy,controls,loss,none,83600,0.20870315132384265,0.1859492915206773,0.0013573292612693727,0.41749169303453526,4,"1000,1001,1002,1003",90200,200,True
repeat-copy,controls,loss,none,83800,0.2059768216050687,0.20302655369449557,3.2078142879865544e-07,0.40982323897536843,4,"1000,1001,1002,1003",90200,200,True
repeat-copy,controls,loss,none,84000,0.20077514953495662,0.20084645962487369,2.5275903615673557e-08,0.4228351338719949,4,"1000,1001,1002,1003",90200,200,True
repeat-copy,controls,loss,none,84200,0.19399932918903007,0.1932684693619517,3.491014217274824e-05,0.3963178687053733,4,"1000,1001,1002,1003",90200,200,True
repeat-copy,controls,loss,none,84400,0.20636089492508305,0.1845588665737397,0.0035503346737335013,0.39369244816945864,4,"1000,1001,1002,1003",90200,200,True
repeat-copy,controls,loss,none,84600,0.19387473916388553,0.1911072933976041,6.459646195861036e-08,0.3898348656081362,4,"1000,1001,1002,1003",90200,200,True
repeat-copy,controls,loss,none,84800,0.1950371222089001,0.1927822925879832,0.0011527326976273247,0.40937092355918137,4,"1000,1001,1002,1003",90200,200,True
repeat-copy,controls,loss,none,85000,0.19030004117535432,0.18945334276852893,0.00028918687895838956,0.3797750639304286,4,"1000,1001,1002,1003",90200,200,True
repeat-copy,controls,loss,none,85200,0.2005113275008896,0.20036401550313918,8.902600796778515e-08,0.40630966149037706,4,"1000,1001,1002,1003",90200,200,True
repeat-copy,controls,loss,none,85400,0.19347280818851098,0.1936617114157996,3.4677413270171875e-08,0.4010389069397934,4,"1000,1001,1002,1003",90200,200,True
repeat-copy,controls,loss,none,85600,0.1890711167068035,0.18871123840337203,8.075266432414075e-09,0.37993999114842153,4,"1000,1001,1002,1003",90200,200,True
repeat-copy,controls,loss,none,85800,0.196342639334216,0.19470693867850314,1.7752881553458056e-08,0.400778232908342,4,"1000,1001,1002,1003",90200,200,True
repeat-copy,controls,loss,none,86000,0.20892682066498713,0.20812351993871403,5.6627804042364005e-05,0.4178394458524417,4,"1000,1001,1002,1003",90200,200,True
repeat-copy,controls,loss,none,86200,0.21903138178521936,0.21916380136009256,4.53958549152117e-08,0.44925133301992903,4,"1000,1001,1002,1003",90200,200,True
repeat-copy,controls,loss,none,86400,0.19286012353288062,0.1881691132546042,0.0029638848442853256,0.39584457536577244,4,"1000,1001,1002,1003",90200,200,True
repeat-copy,controls,loss,none,86600,0.19676828537722657,0.19430457200486415,3.110039853153057e-06,0.3953142799111083,4,"1000,1001,1002,1003",90200,200,True
repeat-copy,controls,loss,none,86800,0.19437513987538413,0.17579314592547834,0.0019051129716595025,0.38171514204354023,4,"1000,1001,1002,1003",90200,200,True
repeat-copy,controls,loss,none,87000,0.2014908908121332,0.20110963378126243,9.802368472863893e-06,0.4066921862686286,4,"1000,1001,1002,1003",90200,200,True
repeat-copy,controls,loss,none,87200,0.19580172959374317,0.1965439495436267,3.116502770653118e-07,0.416590467132628,4,"1000,1001,1002,1003",90200,200,True
repeat-copy,controls,loss,none,87400,0.1871207829356408,0.18686320401082207,2.5890480198427213e-05,0.3837635059794411,4,"1000,1001,1002,1003",90200,200,True
repeat-copy,controls,loss,none,87600,0.21278361209192195,0.20248183689644506,3.4308636300897644e-08,0.4459735321253538,4,"1000,1001,1002,1003",90200,200,True
repeat-copy,controls,loss,none,87800,0.2026396270863159,0.19948848195709729,8.539157957329624e-09,0.4163476318703033,4,"1000,1001,1002,1003",90200,200,True
repeat-copy,controls,loss,none,88000,0.18821218076042123,0.18602099076184078,0.0014488290036592842,0.37463480831007473,4,"1000,1001,1002,1003",90200,200,True
repeat-copy,controls,loss,none,88200,0.20521756735885432,0.20554520463482479,2.5343434346555836e-07,0.4270188513025641,4,"1000,1001,1002,1003",90200,200,True
repeat-copy,controls,loss,none,88400,0.20497973551650273,0.2041255224449845,3.834201396865633e-08,0.42381935791578146,4,"1000,1001,1002,1003",90200,200,True
repeat-copy,controls,loss,none,88600,0.19929458513312728,0.19647490391026484,0.0020767901879449368,0.40043981112306937,4,"1000,1001,1002,1003",90200,200,True
repeat-copy,controls,loss,none,88800,0.19409809765741995,0.18390669828409684,1.321601728688712e-07,0.4019214869546704,4,"1000,1001,1002,1003",90200,200,True
repeat-copy,controls,loss,none,89000,0.21046345855759205,0.21033526209861572,3.939684027585988e-08,0.43398495155299316,4,"1000,1001,1002,1003",90200,200,True
repeat-copy,controls,loss,none,89200,0.1876160355719021,0.18649103945948894,1.495021376533151e-08,0.3798204995284323,4,"1000,1001,1002,1003",90200,200,True
repeat-copy,controls,loss,none,89400,0.1891440015670408,0.18510577578965104,0.0013893968819684232,0.37742835223209115,4,"1000,1001,1002,1003",90200,200,True
repeat-copy,controls,loss,none,89600,0.21316121165509508,0.1920275400448274,0.00029168202913410824,0.414421240047086,4,"1000,1001,1002,1003",90200,200,True
repeat-copy,controls,loss,none,89800,0.19446898227770876,0.19249691874367703,4.2373392327068466e-07,0.4086542378156446,4,"1000,1001,1002,1003",90200,200,True
repeat-copy,controls,loss,none,90000,0.17998346787406538,0.1789518043753557,3.581516087629993e-08,0.3600756989209913,4,"1000,1001,1002,1003",90200,200,True
repeat-copy,controls,loss,none,90200,0.19123171590700044,0.1903951344177898,0.00010140633747028004,0.38807140076649377,4,"1000,1001,1002,1003",90200,200,True
repeat-copy,controls,loss,zero,200,0.6439634973555803,0.0021366461902951293,0.6409341451525689,0.6462263163924217,4,"1000,1001,1002,1003",90200,200,True
repeat-copy,controls,loss,zero,400,0.6329363803565502,0.0009164495872393851,0.6315746173262596,0.6338041636347771,4,"1000,1001,1002,1003",90200,200,True
repeat-copy,controls,loss,zero,600,0.6287781202793121,0.0006530987419750221,0.6277354949712753,0.6295380228757859,4,"1000,1001,1002,1003",90200,200,True
repeat-copy,controls,loss,zero,800,0.6249823382496834,0.000963843424234604,0.6240098124742508,0.6262978425621987,4,"1000,1001,1002,1003",90200,200,True
repeat-copy,controls,loss,zero,1000,0.6199364799633622,0.002372498351163339,0.6162505798041821,0.6227954563498497,4,"1000,1001,1002,1003",90200,200,True
repeat-copy,controls,loss,zero,1200,0.6157049451023341,0.0013268931869006094,0.6141106754541397,0.6171014696359635,4,"1000,1001,1002,1003",90200,200,True
repeat-copy,controls,loss,zero,1400,0.6133924723789095,0.003242739762394787,0.608146920055151,0.6170306712388992,4,"1000,1001,1002,1003",90200,200,True
repeat-copy,controls,loss,zero,1600,0.6099414752051235,0.00183789861887077,0.6078601668775082,0.6124736531078816,4,"1000,1001,1002,1003",90200,200,True
repeat-copy,controls,loss,zero,1800,0.6083183396980166,0.001807269522348994,0.6059530644118786,0.6100763399899006,4,"1000,1001,1002,1003",90200,200,True
repeat-copy,controls,loss,zero,2000,0.6020756571367383,0.0009831254807091787,0.600611962378025,0.6032499526441097,4,"1000,1001,1002,1003",90200,200,True
repeat-copy,controls,loss,zero,2200,0.6050355965271592,0.0014939298234187734,0.6031314633786679,0.6073137764632702,4,"1000,1001,1002,1003",90200,200,True
repeat-copy,controls,loss,zero,2400,0.6013103039935231,0.0016885117871099557,0.5991474825143814,0.6032522170245648,4,"1000,1001,1002,1003",90200,200,True
repeat-copy,controls,loss,zero,2600,0.5956445655599236,0.002148670152540137,0.5920385001599788,0.5977104698121548,4,"1000,1001,1002,1003",90200,200,True
repeat-copy,controls,loss,zero,2800,0.5976793924346566,0.00195320459760354,0.5946197716891766,0.5995720055699348,4,"1000,1001,1002,1003",90200,200,True
repeat-copy,controls,loss,zero,3000,0.5939518808573484,0.0040576491967737474,0.5898359125852585,0.6006124225258828,4,"1000,1001,1002,1003",90200,200,True
repeat-copy,controls,loss,zero,3200,0.5917378026619553,0.001810854854776178,0.5902574630081654,0.5948301535844803,4,"1000,1001,1002,1003",90200,200,True
repeat-copy,controls,loss,zero,3400,0.5905263350158929,0.0013338942840128863,0.5889504818618297,0.5925876504182815,4,"1000,1001,1002,1003",90200,200,True
repeat-copy,controls,loss,zero,3600,0.5863509111478925,0.001556711816274047,0.5839464476704598,0.588170168697834,4,"1000,1001,1002,1003",90200,200,True
repeat-copy,controls,loss,zero,3800,0.5838605538383126,0.005512364105195359,0.5769478376209736,0.5916840863227845,4,"1000,1001,1002,1003",90200,200,True
repeat-copy,controls,loss,zero,4000,0.5844661940261722,0.0036345037429450274,0.5781873348355293,0.5868775789439679,4,"1000,1001,1002,1003",90200,200,True
repeat-copy,controls,loss,zero,4200,0.5803320085257292,0.0026956975910882534,0.5756776094436645,0.5822240535914898,4,"1000,1001,1002,1003",90200,200,True
repeat-copy,controls,loss,zero,4400,0.5811978399753571,0.0019271743105108946,0.577982193827629,0.5828332154452801,4,"1000,1001,1002,1003",90200,200,True
repeat-copy,controls,loss,zero,4600,0.5804305717349052,0.004343369026342952,0.5764591939747333,0.5874170279502868,4,"1000,1001,1002,1003",90200,200,True
repeat-copy,controls,loss,zero,4800,0.5773375364392996,0.003206583099007533,0.5725339464843273,0.5815407389402389,4,"1000,1001,1002,1003",90200,200,True
repeat-copy,controls,loss,zero,5000,0.5759760627523065,0.0018546720667121045,0.5734675750136375,0.5783228668570518,4,"1000,1001,1002,1003",90200,200,True
repeat-copy,controls,loss,zero,5200,0.5698551548272371,0.004608773343374728,0.5632592438161373,0.5751617655158043,4,"1000,1001,1002,1003",90200,200,True
repeat-copy,controls,loss,zero,5400,0.5742594624310732,0.004980201129509022,0.5684847417473793,0.5822017140686512,4,"1000,1001,1002,1003",90200,200,True
repeat-copy,controls,loss,zero,5600,0.5713222084194421,0.0035101952423300426,0.567714321911335,0.5768974497914314,4,"1000,1001,1002,1003",90200,200,True
repeat-copy,controls,loss,zero,5800,0.5673728060536087,0.005315560871034747,0.5596337783336639,0.5731039683520794,4,"1000,1001,1002,1003",90200,200,True
repeat-copy,controls,loss,zero,6000,0.5693560575135052,0.0033158878869891544,0.5653578391671181,0.5730232625454664,4,"1000,1001,1002,1003",90200,200,True
repeat-copy,controls,loss,zero,6200,0.5729585696384311,0.002365598257772855,0.5691425018012524,0.5753212827444076,4,"1000,1001,1002,1003",90200,200,True
repeat-copy,controls,loss,zero,6400,0.5679506839439272,0.004141201732468846,0.5611638949811458,0.5723281249403953,4,"1000,1001,1002,1003",90200,200,True
repeat-copy,controls,loss,zero,6600,0.5691733622178434,0.0027736457358804216,0.5660707817971706,0.5736490023136139,4,"1000,1001,1002,1003",90200,200,True
repeat-copy,controls,loss,zero,6800,0.5654372658766806,0.0012890116975968955,0.5632580605149269,0.5666139313578605,4,"1000,1001,1002,1003",90200,200,True
repeat-copy,controls,loss,zero,7000,0.5662810325995087,0.0018836682268204752,0.5637627586722374,0.5687086620926857,4,"1000,1001,1002,1003",90200,200,True
repeat-copy,controls,loss,zero,7200,0.569685143660754,0.003754060023565339,0.5648317272216081,0.5752599515020848,4,"1000,1001,1002,1003",90200,200,True
repeat-copy,controls,loss,zero,7400,0.5655778438225387,0.005858068369567367,0.556618285626173,0.5712432299554348,4,"1000,1001,1002,1003",90200,200,True
repeat-copy,controls,loss,zero,7600,0.562831479497254,0.004781653969462824,0.558104005008936,0.569750880151987,4,"1000,1001,1002,1003",90200,200,True
repeat-copy,controls,loss,zero,7800,0.5651920461654664,0.001978673411989522,0.562824871391058,0.5681464551389217,4,"1000,1001,1002,1003",90200,200,True
repeat-copy,controls,loss,zero,8000,0.5619692720286548,0.002101047886051084,0.5594396915286779,0.5647882050275803,4,"1000,1001,1002,1003",90200,200,True
repeat-copy,controls,loss,zero,8200,0.5613824040815234,0.004840202780145076,0.5546756261587142,0.5681936405599117,4,"1000,1001,1002,1003",90200,200,True
repeat-copy,controls,loss,zero,8400,0.5605998976901174,0.005312657710668432,0.5526099675148726,0.5664778635650873,4,"1000,1001,1002,1003",90200,200,True
repeat-copy,controls,loss,zero,8600,0.5598928262479603,0.006180063882984332,0.5510328614711761,0.568429347872734,4,"1000,1001,1002,1003",90200,200,True
repeat-copy,controls,loss,zero,8800,0.5567391080036759,0.006369617848234116,0.5481379318237305,0.5658020761609077,4,"1000,1001,1002,1003",90200,200,True
repeat-copy,controls,loss,zero,9000,0.557508888039738,0.004418001235909648,0.5520164585113525,0.5627114257961512,4,"1000,1001,1002,1003",90200,200,True
repeat-copy,controls,loss,zero,9200,0.5587279866263271,0.0036778710204188356,0.5540777876973152,0.5636879566311837,4,"1000,1001,1002,1003",90200,200,True
repeat-copy,controls,loss,zero,9400,0.5566059868223966,0.0023913061660346185,0.553374404385686,0.5593915252387524,4,"1000,1001,1002,1003",90200,200,True
repeat-copy,controls,loss,zero,9600,0.5580462197028101,0.0032736657599400166,0.5537355598807335,0.5620582418143749,4,"1000,1001,1002,1003",90200,200,True
repeat-copy,controls,loss,zero,9800,0.5540778431855142,0.002633617377991142,0.5496333312243223,0.5561715856194496,4,"1000,1001,1002,1003",90200,200,True
repeat-copy,controls,loss,zero,10000,0.5570297892950474,0.0025944651026879725,0.5534074413776398,0.560709721967578,4,"1000,1001,1002,1003",90200,200,True
repeat-copy,controls,loss,zero,10200,0.5563782004080713,0.0035112050110906903,0.5526626409590244,0.5599683595448732,4,"1000,1001,1002,1003",90200,200,True
repeat-copy,controls,loss,zero,10400,0.5536192583851516,0.003536261732441502,0.5479975551366806,0.5577828647941351,4,"1000,1001,1002,1003",90200,200,True
repeat-copy,controls,loss,zero,10600,0.5531224542856217,0.00508818149750367,0.5492074052989483,0.5616918541491032,4,"1000,1001,1002,1003",90200,200,True
repeat-copy,controls,loss,zero,10800,0.5491415083874017,0.0022294691606800396,0.5468924044072628,0.5514429838955403,4,"1000,1001,1002,1003",90200,200,True
repeat-copy,controls,loss,zero,11000,0.55263159615919,0.006657027056780639,0.5466098012775182,0.5634993016719818,4,"1000,1001,1002,1003",90200,200,True
repeat-copy,controls,loss,zero,11200,0.5530694623105228,0.004079936418451068,0.5489487101137638,0.5598543141782284,4,"1000,1001,1002,1003",90200,200,True
repeat-copy,controls,loss,zero,11400,0.554204760864377,0.0026078497235303383,0.5520621456205845,0.5586641312390566,4,"1000,1001,1002,1003",90200,200,True
repeat-copy,controls,loss,zero,11600,0.5521647157333791,0.004478155860387746,0.54673513866961,0.5591355918347836,4,"1000,1001,1002,1003",90200,200,True
repeat-copy,controls,loss,zero,11800,0.5474931200034916,0.0032473005270726844,0.5419403234869242,0.5499582567065954,4,"1000,1001,1002,1003",90200,200,True
repeat-copy,controls,loss,zero,12000,0.5466639465279877,0.006079558372688634,0.5375850650668145,0.5528914988040924,4,"1000,1001,1002,1003",90200,200,True
repeat-copy,controls,loss,zero,12200,0.5552985902875662,0.0031487340287577373,0.551088542714715,0.5596085952967406,4,"1000,1001,1002,1003",90200,200,True
repeat-copy,controls,loss,zero,12400,0.5480250994488597,0.004161279840953326,0.5418549761176109,0.5518399642407894,4,"1000,1001,1002,1003",90200,200,True
repeat-copy,controls,loss,zero,12600,0.5469364612363279,0.003155198838659107,0.5418123096227646,0.5502226301282644,4,"1000,1001,1002,1003",90200,200,True
repeat-copy,controls,loss,zero,12800,0.5476883236691356,0.012498797651092623,0.535831418260932,0.5674366073310375,4,"1000,1001,1002,1003",90200,200,True
repeat-copy,controls,loss,zero,13000,0.5479296560026705,0.003688929715670126,0.5416562538594007,0.5511209692060948,4,"1000,1001,1002,1003",90200,200,True
repeat-copy,controls,loss,zero,13200,0.5481230302527547,0.003092033283720845,0.544830162525177,0.5524805501103401,4,"1000,1001,1002,1003",90200,200,True
repeat-copy,controls,loss,zero,13400,0.5455395467020571,0.004650620199497028,0.5396845430880784,0.5514035636186599,4,"1000,1001,1002,1003",90200,200,True
repeat-copy,controls,loss,zero,13600,0.5455426516197622,0.004018584989596919,0.5387524453550577,0.5486467995494604,4,"1000,1001,1002,1003",90200,200,True
repeat-copy,controls,loss,zero,13800,0.5413634757511319,0.002780424017830754,0.5385209978371859,0.545971901640296,4,"1000,1001,1002,1003",90200,200,True
repeat-copy,controls,loss,zero,14000,0.5455715368315577,0.003552517828341647,0.5427884246408939,0.5516683214157819,4,"1000,1001,1002,1003",90200,200,True
repeat-copy,controls,loss,zero,14200,0.5412319089192897,0.005231295241004327,0.5332342907041311,0.5462374813854695,4,"1000,1001,1002,1003",90200,200,True
repeat-copy,controls,loss,zero,14400,0.5427296682819724,0.005680488471371767,0.5339927485585213,0.549623636379838,4,"1000,1001,1002,1003",90200,200,True
repeat-copy,controls,loss,zero,14600,0.5373604010790587,0.009414799192698296,0.5289950542896986,0.5522739981859922,4,"1000,1001,1002,1003",90200,200,True
repeat-copy,controls,loss,zero,14800,0.5221038530953228,0.0387120161101359,0.455130635201931,0.5461712711304426,4,"1000,1001,1002,1003",90200,200,True
repeat-copy,controls,loss,zero,15000,0.5193681199103594,0.03795700762401303,0.4539896858483553,0.54669230081141,4,"1000,1001,1002,1003",90200,200,True
repeat-copy,controls,loss,zero,15200,0.5048470407351852,0.06503616918768781,0.3923472176492214,0.5477547691017389,4,"1000,1001,1002,1003",90200,200,True
repeat-copy,controls,loss,zero,15400,0.4975531746819615,0.07585132379353147,0.3661767630279064,0.5419150280207395,4,"1000,1001,1002,1003",90200,200,True
repeat-copy,controls,loss,zero,15600,0.4906818550429307,0.08278298183515567,0.34729978061281147,0.5388754000514746,4,"1000,1001,1002,1003",90200,200,True
repeat-copy,controls,loss,zero,15800,0.48676643368788064,0.07812545644283068,0.35151700567454097,0.5358682846277952,4,"1000,1001,1002,1003",90200,200,True
repeat-copy,controls,loss,zero,16000,0.48842424444039356,0.09661364407980726,0.3211204477073625,0.5466359880566597,4,"1000,1001,1002,1003",90200,200,True
repeat-copy,controls,loss,zero,16200,0.491144108317094,0.08572585249629752,0.34274208680260926,0.5451443645358086,4,"1000,1001,1002,1003",90200,200,True
repeat-copy,controls,loss,zero,16400,0.4811500114016235,0.09971284093156714,0.308448511660099,0.5396067494153977,4,"1000,1001,1002,1003",90200,200,True
repeat-copy,controls,loss,zero,16600,0.4816995194228366,0.0945795621838527,0.3183234777115285,0.5471181827038527,4,"1000,1001,1002,1003",90200,200,True
repeat-copy,controls,loss,zero,16800,0.4776763880503132,0.09833564794123062,0.3074331560614519,0.5392695095762611,4,"1000,1001,1002,1003",90200,200,True
repeat-copy,controls,loss,zero,17000,0.47919789790932554,0.0964375526446293,0.31233280963497234,0.5400440209358931,4,"1000,1001,1002,1003",90200,200,True
repeat-copy,controls,loss,zero,17200,0.4781258049540338,0.09621090073865021,0.312281410592841,0.5412918589264154,4,"1000,1001,1002,1003",90200,200,True
repeat-copy,controls,loss,zero,17400,0.4745814267080277,0.09833561991658413,0.30442713748663663,0.535818976610899,4,"1000,1001,1002,1003",90200,200,True
repeat-copy,controls,loss,zero,17600,0.4765333563869354,0.09349426493422738,0.31502857585903254,0.5400217599421739,4,"1000,1001,1002,1003",90200,200,True
repeat-copy,controls,loss,zero,17800,0.4735293047482264,0.09742378408004014,0.305280896454351,0.5403240767121315,4,"1000,1001,1002,1003",90200,200,True
repeat-copy,controls,loss,zero,18000,0.4754118108717375,0.1066510767868385,0.290800977187464,0.542215506285429,4,"1000,1001,1002,1003",90200,200,True
repeat-copy,controls,loss,zero,18200,0.4274557512832689,0.18236944760684753,0.11170069821993821,0.5369898673892021,4,"1000,1001,1002,1003",90200,200,True
repeat-copy,controls,loss,zero,18400,0.41399571519650635,0.194309165631545,0.07745649491727818,0.5287780752778053,4,"1000,1001,1002,1003",90200,200,True
repeat-copy,controls,loss,zero,18600,0.41219633860338944,0.20410687182344264,0.0586956253205426,0.5337414545938373,4,"1000,1001,1002,1003",90200,200,True
repeat-copy,controls,loss,zero,18800,0.40974367714981785,0.19871222540727262,0.06613189915311522,0.5369680509343744,4,"1000,1001,1002,1003",90200,200,True
repeat-copy,controls,loss,zero,19000,0.40385957170074105,0.20914573427280234,0.04191841459949501,0.5333571011573076,4,"1000,1001,1002,1003",90200,200,True
repeat-copy,controls,loss,zero,19200,0.3896071567764011,0.20346133383689474,0.04291973676736234,0.5363573165982962,4,"1000,1001,1002,1003",90200,200,True
repeat-copy,controls,loss,zero,19400,0.38324790451748414,0.19332987200384538,0.06051478043489624,0.5390937860310078,4,"1000,1001,1002,1003",90200,200,True
repeat-copy,controls,loss,zero,19600,0.3658077176592633,0.18032538829100356,0.06474388827657095,0.5057347305119038,4,"1000,1001,1002,1003",90200,200,True
repeat-copy,controls,loss,zero,19800,0.36100212319746794,0.20616184717656139,0.02933552795992,0.53697415612638,4,"1000,1001,1002,1003",90200,200,True
repeat-copy,controls,loss,zero,20000,0.3576924254912228,0.20567908776905136,0.025180561795568792,0.5295859283953905,4,"1000,1001,1002,1003",90200,200,True
repeat-copy,controls,loss,zero,20200,0.37443931048699597,0.18597055048777608,0.08092891975160456,0.5386380825564265,4,"1000,1001,1002,1003",90200,200,True
repeat-copy,controls,loss,zero,20400,0.35988027229468567,0.200217504337185,0.03394270456512458,0.5335175915434957,4,"1000,1001,1002,1003",90200,200,True
repeat-copy,controls,loss,zero,20600,0.32264500344790575,0.21613776615911282,0.015820129603671376,0.5296835538744926,4,"1000,1001,1002,1003",90200,200,True
repeat-copy,controls,loss,zero,20800,0.2892224658877967,0.23907949925061284,0.014508678788843099,0.5284284209087491,4,"1000,1001,1002,1003",90200,200,True
repeat-copy,controls,loss,zero,21000,0.29325119396595256,0.2357757168696683,0.037966549691482214,0.5314514972269535,4,"1000,1001,1002,1003",90200,200,True
repeat-copy,controls,loss,zero,21200,0.2839316136898197,0.23596357369629536,0.01789359332600725,0.5235971884056926,4,"1000,1001,1002,1003",90200,200,True
repeat-copy,controls,loss,zero,21400,0.2854064615464813,0.2428094785092041,0.036888802590983684,0.5283564440160989,4,"1000,1001,1002,1003",90200,200,True
repeat-copy,controls,loss,zero,21600,0.28172678372775406,0.24622327123559162,0.0315730281539436,0.529736390709877,4,"1000,1001,1002,1003",90200,200,True
repeat-copy,controls,loss,zero,21800,0.3074216827907731,0.2242000411413173,0.018549596301891142,0.5324621367082,4,"1000,1001,1002,1003",90200,200,True
repeat-copy,controls,loss,zero,22000,0.2729395467918039,0.2514025925433721,0.01024485874651873,0.5296200535446406,4,"1000,1001,1002,1003",90200,200,True
repeat-copy,controls,loss,zero,22200,0.2793130667401783,0.2443354884517767,0.029399647456593812,0.5251213916763663,4,"1000,1001,1002,1003",90200,200,True
repeat-copy,controls,loss,zero,22400,0.4855723795909216,0.3035572230075928,0.028044489679305114,0.8821459147171118,4,"1000,1001,1002,1003",90200,200,True
repeat-copy,controls,loss,zero,22600,0.4100373596636927,0.23050152090616127,0.01357567673898302,0.5863524026889354,4,"1000,1001,1002,1003",90200,200,True
repeat-copy,controls,loss,zero,22800,0.3495011280052495,0.20402027126364222,0.020829330274282257,0.5274900916963816,4,"1000,1001,1002,1003",90200,200,True
repeat-copy,controls,loss,zero,23000,0.2933159685208375,0.22892036149379982,0.05594540078076534,0.5224725104495883,4,"1000,1001,1002,1003",90200,200,True
repeat-copy,controls,loss,zero,23200,0.2767882723771254,0.23882170456334342,0.03028539263905259,0.5165721853822469,4,"1000,1001,1002,1003",90200,200,True
repeat-copy,controls,loss,zero,23400,0.32975041679073913,0.2083876212674512,0.022128069770842557,0.5252871121466159,4,"1000,1001,1002,1003",90200,200,True
repeat-copy,controls,loss,zero,23600,0.4161898300422945,0.23517734307989416,0.013892032559451763,0.6104466672427953,4,"1000,1001,1002,1003",90200,200,True
repeat-copy,controls,loss,zero,23800,0.2971215368266349,0.22539622808729604,0.004104373984300764,0.520025854408741,4,"1000,1001,1002,1003",90200,200,True
repeat-copy,controls,loss,zero,24000,0.26432087214612693,0.24889295818248452,0.011187582199054304,0.5165683703124523,4,"1000,1001,1002,1003",90200,200,True
repeat-copy,controls,loss,zero,24200,0.2647824999310524,0.24497333985536343,0.004037017987684521,0.5115529003739357,4,"1000,1001,1002,1003",90200,200,True
repeat-copy,controls,loss,zero,24400,0.2754850531655029,0.24438700706452465,0.008722303686517989,0.52072733938694,4,"1000,1001,1002,1003",90200,200,True
repeat-copy,controls,loss,zero,24600,0.26651322011797673,0.24632790003396748,0.013427524590224494,0.5136129527539015,4,"1000,1001,1002,1003",90200,200,True
repeat-copy,controls,loss,zero,24800,0.26100324441022166,0.2504378698312692,0.007440835952656925,0.512815604750067,4,"1000,1001,1002,1003",90200,200,True
repeat-copy,controls,loss,zero,25000,0.25790984509574627,0.2489267359647201,0.005785249817417935,0.5083097483962774,4,"1000,1001,1002,1003",90200,200,True
repeat-copy,controls,loss,zero,25200,0.2612498051750845,0.2540542031724355,0.004018820746059646,0.516219036616385,4,"1000,1001,1002,1003",90200,200,True
repeat-copy,controls,loss,zero,25400,0.2663009490128479,0.2510679996177256,0.005562571809532528,0.5208330965228378,4,"1000,1001,1002,1003",90200,200,True
repeat-copy,controls,loss,zero,25600,0.26753232653840314,0.2598533424292008,0.005706075558700832,0.5311219200119376,4,"1000,1001,1002,1003",90200,200,True
repeat-copy,controls,loss,zero,25800,0.26628651154935146,0.2591538844460236,0.006791795401077252,0.5328911528363824,4,"1000,1001,1002,1003",90200,200,True
repeat-copy,controls,loss,zero,26000,0.2632523445531706,0.25663926779723567,0.002077690665755654,0.52147574711591,4,"1000,1001,1002,1003",90200,200,True
repeat-copy,controls,loss,zero,26200,0.26040996892247226,0.2526563078115066,0.0073683846258427365,0.5138198099099099,4,"1000,1001,1002,1003",90200,200,True
repeat-copy,controls,loss,zero,26400,0.26587432593554694,0.2585043449291612,0.005479817807245126,0.5271645043417812,4,"1000,1001,1002,1003",90200,200,True
repeat-copy,controls,loss,zero,26600,0.2669176749880262,0.2484915843767488,0.006256317491497612,0.5179516036063433,4,"1000,1001,1002,1003",90200,200,True
repeat-copy,controls,loss,zero,26800,0.255232646898612,0.25055064091290236,0.0018393373382787103,0.5088412018120289,4,"1000,1001,1002,1003",90200,200,True
repeat-copy,controls,loss,zero,27000,0.36595054609265387,0.20371366884317033,0.020195140313699084,0.5202966038137674,4,"1000,1001,1002,1003",90200,200,True
repeat-copy,controls,loss,zero,27200,0.4852562664854714,0.3203592336422329,0.007155582664217945,0.9099574623745866,4,"1000,1001,1002,1003",90200,200,True
repeat-copy,controls,loss,zero,27400,0.40874335689713004,0.237398268987767,0.003821368525204889,0.6109865525737405,4,"1000,1001,1002,1003",90200,200,True
repeat-copy,controls,loss,zero,27600,0.4096643044498978,0.222778151838282,0.026574416766779903,0.5800947396457196,4,"1000,1001,1002,1003",90200,200,True
repeat-copy,controls,loss,zero,27800,0.2915163779751129,0.21723589328086662,0.0023086104365211213,0.505005381591618,4,"1000,1001,1002,1003",90200,200,True
repeat-copy,controls,loss,zero,28000,0.2515279036649827,0.2464101399547972,0.004478678756095178,0.5028918259963393,4,"1000,1001,1002,1003",90200,200,True
repeat-copy,controls,loss,zero,28200,0.2616957767455006,0.2441344677936364,0.00577880925637146,0.5065313061513007,4,"1000,1001,1002,1003",90200,200,True
repeat-copy,controls,loss,zero,28400,0.25382255622466804,0.24807006808019452,0.003923489648805116,0.5073279450554401,4,"1000,1001,1002,1003",90200,200,True
repeat-copy,controls,loss,zero,28600,0.2545954149009322,0.2514165099657456,0.002051537850693421,0.5175601835176349,4,"1000,1001,1002,1003",90200,200,True
repeat-copy,controls,loss,zero,28800,0.25863585011713897,0.2558273021543855,0.002701999096752843,0.5190923254936933,4,"1000,1001,1002,1003",90200,200,True
repeat-copy,controls,loss,zero,29000,0.26067298724191,0.25213987104746033,0.0016465439545572736,0.5173662110604346,4,"1000,1001,1002,1003",90200,200,True
repeat-copy,controls,loss,zero,29200,0.25605201078952633,0.25380445957238723,0.0018973100839502876,0.5135510678123683,4,"1000,1001,1002,1003",90200,200,True
repeat-copy,controls,loss,zero,29400,0.2518944305271452,0.2486780436480838,0.0017161825652510744,0.5079981665685773,4,"1000,1001,1002,1003",90200,200,True
repeat-copy,controls,loss,zero,29600,0.2578954379022639,0.2560253406161659,0.0010759467195384786,0.5174237512797117,4,"1000,1001,1002,1003",90200,200,True
repeat-copy,controls,loss,zero,29800,0.25107341817641554,0.2486313943860916,0.0014045245097804582,0.5090589781850576,4,"1000,1001,1002,1003",90200,200,True
repeat-copy,controls,loss,zero,30000,0.2552739042505323,0.2515784177732855,0.002867573717594496,0.5070890912972391,4,"1000,1001,1002,1003",90200,200,True
repeat-copy,controls,loss,zero,30200,0.2531583651192921,0.2521034693827836,0.00048089973399783047,0.5058527661673725,4,"1000,1001,1002,1003",90200,200,True
repeat-copy,controls,loss,zero,30400,0.2544706233734723,0.25221941264880704,0.001408693328157824,0.5111571983620524,4,"1000,1001,1002,1003",90200,200,True
repeat-copy,controls,loss,zero,30600,0.25617369490577857,0.24183827596976293,0.0012742139105648676,0.499644121164456,4,"1000,1001,1002,1003",90200,200,True
repeat-copy,controls,loss,zero,30800,0.2553277658870775,0.2544084993937751,0.0007219021007858827,0.519860670119524,4,"1000,1001,1002,1003",90200,200,True
repeat-copy,controls,loss,zero,31000,0.25093310495191645,0.24916178023115193,0.0015003291384709883,0.5012881896831095,4,"1000,1001,1002,1003",90200,200,True
repeat-copy,controls,loss,zero,31200,0.25554944749997954,0.2542857675468085,0.0006462488971556013,0.5160062988731079,4,"1000,1001,1002,1003",90200,200,True
repeat-copy,controls,loss,zero,31400,0.2497558580487373,0.24648379280572183,0.0008450086960601766,0.49675547467544673,4,"1000,1001,1002,1003",90200,200,True
repeat-copy,controls,loss,zero,31600,0.2558286162431773,0.2519438143273254,0.0011439305462045014,0.508282834761776,4,"1000,1001,1002,1003",90200,200,True
repeat-copy,controls,loss,zero,31800,0.25964096275468596,0.2389603261368822,0.003407836481619597,0.5044787078816444,4,"1000,1001,1002,1003",90200,200,True
repeat-copy,controls,loss,zero,32000,0.25307187417318344,0.2522366824726692,0.0008273692976854363,0.5075391681492328,4,"1000,1001,1002,1003",90200,200,True
repeat-copy,controls,loss,zero,32200,0.2479010412674734,0.2476470981454686,0.00011249473902353202,0.5094054436311126,4,"1000,1001,1002,1003",90200,200,True
repeat-copy,controls,loss,zero,32400,0.25752286489316245,0.2503608199099757,0.003049086951732534,0.5127368541806936,4,"1000,1001,1002,1003",90200,200,True
repeat-copy,controls,loss,zero,32600,0.25347182740955304,0.25079628720098585,0.0004350734310855842,0.5079358252510429,4,"1000,1001,1002,1003",90200,200,True
repeat-copy,controls,loss,zero,32800,0.25597856822230536,0.2445045229052586,0.0003767231938149962,0.5058324027713388,4,"1000,1001,1002,1003",90200,200,True
repeat-copy,controls,loss,zero,33000,0.24675664486334087,0.2456584183508349,0.0008468998507373726,0.4950937764858827,4,"1000,1001,1002,1003",90200,200,True
repeat-copy,controls,loss,zero,33200,0.2503455317062031,0.24861164236247876,0.0007098350129786013,0.5009655281528831,4,"1000,1001,1002,1003",90200,200,True
repeat-copy,controls,loss,zero,33400,0.25249630220819597,0.25137571575241,0.000948871372143003,0.5056019565835596,4,"1000,1001,1002,1003",90200,200,True
repeat-copy,controls,loss,zero,33600,0.24965134258858654,0.2487312932340709,0.0008375743553961001,0.5017125408351422,4,"1000,1001,1002,1003",90200,200,True
repeat-copy,controls,loss,zero,33800,0.2510795850658542,0.24797781796378518,0.0016613132061047509,0.5054677394218743,4,"1000,1001,1002,1003",90200,200,True
repeat-copy,controls,loss,zero,34000,0.2567515629120254,0.2417928549297802,0.0003891183053315217,0.49856653130613265,4,"1000,1001,1002,1003",90200,200,True
repeat-copy,controls,loss,zero,34200,0.24443869951184893,0.2405441009290269,0.0015587433204348146,0.4895203670626506,4,"1000,1001,1002,1003",90200,200,True
repeat-copy,controls,loss,zero,34400,0.3198632988182567,0.19047383085627198,0.02900344295032937,0.5005357013083994,4,"1000,1001,1002,1003",90200,200,True
repeat-copy,controls,loss,zero,34600,0.24254910327302182,0.24222392414902555,0.0003239751650789913,0.48958339002914725,4,"1000,1001,1002,1003",90200,200,True
repeat-copy,controls,loss,zero,34800,0.24958408679824856,0.2487985162848989,0.00048068516383864335,0.4985483478195965,4,"1000,1001,1002,1003",90200,200,True
repeat-copy,controls,loss,zero,35000,0.24957548856409772,0.24865210590795506,0.0009104651694258337,0.4985492731165141,4,"1000,1001,1002,1003",90200,200,True
repeat-copy,controls,loss,zero,35200,0.24285304326099577,0.24218564699141856,0.0006099584812443482,0.49724628639407453,4,"1000,1001,1002,1003",90200,200,True
repeat-copy,controls,loss,zero,35400,0.24472567562615352,0.24366819078573848,0.0004175009650668926,0.4992861790722236,4,"1000,1001,1002,1003",90200,200,True
repeat-copy,controls,loss,zero,35600,0.24974407181049457,0.24955255648481986,7.644406084978073e-05,0.5017617345415055,4,"1000,1001,1002,1003",90200,200,True
repeat-copy,controls,loss,zero,35800,0.2519832333136369,0.25016588031971876,0.0012130321615461525,0.5162554547423497,4,"1000,1001,1002,1003",90200,200,True
repeat-copy,controls,loss,zero,36000,0.25112872756128723,0.24694551450968905,0.0017717617858681934,0.5010981404269114,4,"1000,1001,1002,1003",90200,200,True
repeat-copy,controls,loss,zero,36200,0.24907821751369438,0.23821295630487868,0.0021997336709432603,0.5040628217905759,4,"1000,1001,1002,1003",90200,200,True
repeat-copy,controls,loss,zero,36400,0.26888994834278834,0.22193942932389132,0.0006705250857316969,0.49659823298454286,4,"1000,1001,1002,1003",90200,200,True
repeat-copy,controls,loss,zero,36600,0.2416650947340594,0.24139861017540917,6.530495534434521e-05,0.48608857090119273,4,"1000,1001,1002,1003",90200,200,True
repeat-copy,controls,loss,zero,36800,0.2451739627933685,0.242620226617485,0.0006722209327392648,0.49984527108492327,4,"1000,1001,1002,1003",90200,200,True
repeat-copy,controls,loss,zero,37000,0.2524292547746938,0.24404952233803529,0.0014216396051938318,0.504239982678555,4,"1000,1001,1002,1003",90200,200,True
repeat-copy,controls,loss,zero,37200,0.24666690249927598,0.246544537702657,7.857496958195042e-05,0.4969839729461819,4,"1000,1001,1002,1003",90200,200,True
repeat-copy,controls,loss,zero,37400,0.2735840064001329,0.2078924144018991,0.0034862850013692537,0.4826813620422035,4,"1000,1001,1002,1003",90200,200,True
repeat-copy,controls,loss,zero,37600,0.2640708723320273,0.23921548962528805,0.004075016519716428,0.5150526203168556,4,"1000,1001,1002,1003",90200,200,True
repeat-copy,controls,loss,zero,37800,0.24343275441717652,0.24239430647559465,0.00030660849270816473,0.4909978944156319,4,"1000,1001,1002,1003",90200,200,True
repeat-copy,controls,loss,zero,38000,0.23759941383878058,0.23603001475892038,0.00042726929548678075,0.4765534675819799,4,"1000,1001,1002,1003",90200,200,True
repeat-copy,controls,loss,zero,38200,0.24567972937925625,0.2451004127474534,0.00018311807468876395,0.49719134146347643,4,"1000,1001,1002,1003",90200,200,True
repeat-copy,controls,loss,zero,38400,0.24683672829497788,0.24621242759033654,0.0005946877791515703,0.5015488440496847,4,"1000,1001,1002,1003",90200,200,True
repeat-copy,controls,loss,zero,38600,0.23921822201295967,0.23809834812038652,0.00023680945199373583,0.48719989754259585,4,"1000,1001,1002,1003",90200,200,True
repeat-copy,controls,loss,zero,38800,0.2430508658928045,0.24323908655799092,3.3504419282621714e-05,0.5033945172280073,4,"1000,1001,1002,1003",90200,200,True
repeat-copy,controls,loss,zero,39000,0.24530671327968312,0.24281878267431273,0.0008055471936529556,0.4959146562148817,4,"1000,1001,1002,1003",90200,200,True
repeat-copy,controls,loss,zero,39200,0.24055315890182222,0.2400430555896761,0.00047908831857881753,0.48840779134072365,4,"1000,1001,1002,1003",90200,200,True
repeat-copy,controls,loss,zero,39400,0.2412555269293643,0.2392607541768724,0.0006548248535594326,0.4820300207007676,4,"1000,1001,1002,1003",90200,200,True
repeat-copy,controls,loss,zero,39600,0.25607958586152413,0.23080028547588458,0.00028511607251402893,0.4966921584121883,4,"1000,1001,1002,1003",90200,200,True
repeat-copy,controls,loss,zero,39800,0.24628204654435976,0.24615808615289084,2.9078428777324917e-05,0.4936266665905714,4,"1000,1001,1002,1003",90200,200,True
repeat-copy,controls,loss,zero,40000,0.24042731088404934,0.23955863652163611,1.2451083778159955e-05,0.49240961740957573,4,"1000,1001,1002,1003",90200,200,True
repeat-copy,controls,loss,zero,40200,0.24014517355441398,0.23645537497016017,0.000444520540391693,0.49329912635497747,4,"1000,1001,1002,1003",90200,200,True
repeat-copy,controls,loss,zero,40400,0.2352238008115783,0.23518622300326136,0.00038931610277899155,0.503105456829071,4,"1000,1001,1002,1003",90200,200,True
repeat-copy,controls,loss,zero,40600,0.21425214862466724,0.21657169809434473,0.0001222179830850223,0.4763652774738148,4,"1000,1001,1002,1003",90200,200,True
repeat-copy,controls,loss,zero,40800,0.21593915748185907,0.2162950722468145,0.0007301152498814645,0.473877687016502,4,"1000,1001,1002,1003",90200,200,True
repeat-copy,controls,loss,zero,41000,0.20850015651090653,0.21264106180814613,0.0006775786979929422,0.48072953612543645,4,"1000,1001,1002,1003",90200,200,True
repeat-copy,controls,loss,zero,41200,0.20828631596516609,0.21393578867345844,0.000104105183819172,0.48637508002575486,4,"1000,1001,1002,1003",90200,200,True
repeat-copy,controls,loss,zero,41400,0.20811895384523738,0.2106957578326021,0.0005183558952850831,0.4934701747447252,4,"1000,1001,1002,1003",90200,200,True
repeat-copy,controls,loss,zero,41600,0.19606054428855485,0.20518928100807643,8.655152856022141e-05,0.48075647349469364,4,"1000,1001,1002,1003",90200,200,True
repeat-copy,controls,loss,zero,41800,0.2041272821519468,0.21064888389262387,4.9390797939281584e-05,0.4832106207311153,4,"1000,1001,1002,1003",90200,200,True
repeat-copy,controls,loss,zero,42000,0.19423479271855443,0.20120193822433907,0.0009131775103480778,0.46697611788054927,4,"1000,1001,1002,1003",90200,200,True
repeat-copy,controls,loss,zero,42200,0.19424320047316196,0.2067023038462579,7.455299789569381e-06,0.48854627719614657,4,"1000,1001,1002,1003",90200,200,True
repeat-copy,controls,loss,zero,42400,0.18685060061038206,0.19884544366776422,0.0005851912005902449,0.4734049629949732,4,"1000,1001,1002,1003",90200,200,True
repeat-copy,controls,loss,zero,42600,0.20541834635379094,0.2111752088469144,4.268147477191064e-05,0.4848529522866011,4,"1000,1001,1002,1003",90200,200,True
repeat-copy,controls,loss,zero,42800,0.19380897119249052,0.20580807586125394,0.000379276656425489,0.48769635943695905,4,"1000,1001,1002,1003",90200,200,True
repeat-copy,controls,loss,zero,43000,0.19890289938267858,0.20632607013034274,3.071552622913032e-06,0.4794805854000151,4,"1000,1001,1002,1003",90200,200,True
repeat-copy,controls,loss,zero,43200,0.19265708825422226,0.20609333377095188,0.00018938804324065473,0.489669727422297,4,"1000,1001,1002,1003",90200,200,True
repeat-copy,controls,loss,zero,43400,0.1915067803182558,0.1983513934702233,0.0014274653526089765,0.46482055315282195,4,"1000,1001,1002,1003",90200,200,True
repeat-copy,controls,loss,zero,43600,0.19225688007860756,0.2023113550375618,0.0005461567484653784,0.47549494699109346,4,"1000,1001,1002,1003",90200,200,True
repeat-copy,controls,loss,zero,43800,0.1899810750924746,0.19852182237831983,8.115556020769077e-06,0.4636270871385932,4,"1000,1001,1002,1003",90200,200,True
repeat-copy,controls,loss,zero,44000,0.2089230627790464,0.18784577377754982,0.00043757434076383103,0.47774707059608773,4,"1000,1001,1002,1003",90200,200,True
repeat-copy,controls,loss,zero,44200,0.1901804434990188,0.1995590807688223,3.561104201033061e-05,0.4699654618743807,4,"1000,1001,1002,1003",90200,200,True
repeat-copy,controls,loss,zero,44400,0.1930615417579955,0.20094600086453615,0.001231993745790021,0.471025758869946,4,"1000,1001,1002,1003",90200,200,True
repeat-copy,controls,loss,zero,44600,0.19009643404437376,0.19715928952507636,0.003012032349048752,0.470163091365248,4,"1000,1001,1002,1003",90200,200,True
repeat-copy,controls,loss,zero,44800,0.23271829926469795,0.1705980285251233,2.400465217920811e-05,0.468754416044103,4,"1000,1001,1002,1003",90200,200,True
repeat-copy,controls,loss,zero,45000,0.19220066465202326,0.19940399310382706,0.0008446032399791648,0.4663408020464703,4,"1000,1001,1002,1003",90200,200,True
repeat-copy,controls,loss,zero,45200,0.183720485327254,0.19509920802234276,0.00040668127555235854,0.46165624267887323,4,"1000,1001,1002,1003",90200,200,True
repeat-copy,controls,loss,zero,45400,0.20060515398174925,0.19113581610933977,0.00034339444751324777,0.4784556664084084,4,"1000,1001,1002,1003",90200,200,True
repeat-copy,controls,loss,zero,45600,0.18182635950741602,0.19328722052404607,2.2825838197491066e-05,0.45788534100633116,4,"1000,1001,1002,1003",90200,200,True
repeat-copy,controls,loss,zero,45800,0.18520833297513625,0.1982046171548479,3.5447659669785025e-06,0.47025655761128293,4,"1000,1001,1002,1003",90200,200,True
repeat-copy,controls,loss,zero,46000,0.1797673387197094,0.19087138337771145,0.0018716319131819859,0.46178982137236746,4,"1000,1001,1002,1003",90200,200,True
repeat-copy,controls,loss,zero,46200,0.1886009235229056,0.20121613052471693,4.678388290319191e-05,0.4807952789403498,4,"1000,1001,1002,1003",90200,200,True
repeat-copy,controls,loss,zero,46400,0.1844564305644206,0.19279433647717767,2.2852141435265593e-05,0.4618765414180234,4,"1000,1001,1002,1003",90200,200,True
repeat-copy,controls,loss,zero,46600,0.18987339316259239,0.19683755818108928,0.00018786483756894512,0.46169613892911004,4,"1000,1001,1002,1003",90200,200,True
repeat-copy,controls,loss,zero,46800,0.18578795701360706,0.1974520344524029,2.2144068383376236e-05,0.4693379371985793,4,"1000,1001,1002,1003",90200,200,True
repeat-copy,controls,loss,zero,47000,0.17935671953560534,0.19084558136988952,1.214381346450466e-06,0.45117761646863075,4,"1000,1001,1002,1003",90200,200,True
repeat-copy,controls,loss,zero,47200,0.18967498168765734,0.1942650107523189,0.0032147643419457596,0.47152837813599036,4,"1000,1001,1002,1003",90200,200,True
repeat-copy,controls,loss,zero,47400,0.17795059714391145,0.19125606420447544,1.5611977229603723e-05,0.4591518875933252,4,"1000,1001,1002,1003",90200,200,True
repeat-copy,controls,loss,zero,47600,0.18773985061315202,0.1984573626741768,9.807018796841759e-05,0.46767425667960194,4,"1000,1001,1002,1003",90200,200,True
repeat-copy,controls,loss,zero,47800,0.18106583380683566,0.19537130120231838,1.0434379582946462e-06,0.465921539219562,4,"1000,1001,1002,1003",90200,200,True
repeat-copy,controls,loss,zero,48000,0.1841945864451697,0.19512160668345258,0.0005347182038837417,0.4622383374371566,4,"1000,1001,1002,1003",90200,200,True
repeat-copy,controls,loss,zero,48200,0.1723559799761861,0.18697557572198506,4.118408820357189e-06,0.4481465887208469,4,"1000,1001,1002,1003",90200,200,True
repeat-copy,controls,loss,zero,48400,0.1844294358546236,0.196558746143612,1.6678004205559205e-05,0.4659333131171297,4,"1000,1001,1002,1003",90200,200,True
repeat-copy,controls,loss,zero,48600,0.178947808236107,0.1918438194533319,0.0003646748219638596,0.45701605630572883,4,"1000,1001,1002,1003",90200,200,True
repeat-copy,controls,loss,zero,48800,0.18010553935125348,0.19030789471894083,1.0007781915675195e-05,0.4476438788161613,4,"1000,1001,1002,1003",90200,200,True
repeat-copy,controls,loss,zero,49000,0.18220280312209622,0.1941370436104729,5.924060192441516e-07,0.46356736674439164,4,"1000,1001,1002,1003",90200,200,True
repeat-copy,controls,loss,zero,49200,0.14838537943428776,0.1883670868843605,1.0100846761886828e-05,0.4639938800316304,4,"1000,1001,1002,1003",90200,200,True
repeat-copy,controls,loss,zero,49400,0.12913776665774,0.2014823207345838,1.3821669163860407e-07,0.4769937830406707,4,"1000,1001,1002,1003",90200,200,True
repeat-copy,controls,loss,zero,49600,0.14464804803452894,0.1844864386144807,0.00028909873242918496,0.458749460587278,4,"1000,1001,1002,1003",90200,200,True
repeat-copy,controls,loss,zero,49800,0.11741220300090313,0.1940229903705491,6.970604746605602e-06,0.4532965422980487,4,"1000,1001,1002,1003",90200,200,True
repeat-copy,controls,loss,zero,50000,0.11686057793142977,0.19165342011185202,3.5915269646658033e-06,0.44859977438580245,4,"1000,1001,1002,1003",90200,200,True
repeat-copy,controls,loss,zero,50200,0.1189676636452551,0.19581871420115973,0.0010241166757338504,0.4580754196457565,4,"1000,1001,1002,1003",90200,200,True
repeat-copy,controls,loss,zero,50400,0.12128289839012549,0.19273777000481862,7.0804369283195e-07,0.45440803044475614,4,"1000,1001,1002,1003",90200,200,True
repeat-copy,controls,loss,zero,50600,0.11222102491553997,0.18538713526191541,0.00031601616032146397,0.4331766193243675,4,"1000,1001,1002,1003",90200,200,True
repeat-copy,controls,loss,zero,50800,0.1164768198206845,0.19028562575429622,0.0017832121929430755,0.4459240779839456,4,"1000,1001,1002,1003",90200,200,True
repeat-copy,controls,loss,zero,51000,0.1144355394489979,0.19203747891304113,1.118673567796158e-05,0.4469675104646012,4,"1000,1001,1002,1003",90200,200,True
repeat-copy,controls,loss,zero,51200,0.14936012064152593,0.17472327331560383,0.0004680917280902719,0.43424417165573687,4,"1000,1001,1002,1003",90200,200,True
repeat-copy,controls,loss,zero,51400,0.10909792974964932,0.18492192877078908,2.6852926818143885e-05,0.4293620099965483,4,"1000,1001,1002,1003",90200,200,True
repeat-copy,controls,loss,zero,51600,0.1097595118522729,0.1855861409138914,5.717045555986289e-07,0.4311558575183153,4,"1000,1001,1002,1003",90200,200,True
repeat-copy,controls,loss,zero,51800,0.11632859068097494,0.19386571811074704,1.1207283500347386e-07,0.45207013305276633,4,"1000,1001,1002,1003",90200,200,True
repeat-copy,controls,loss,zero,52000,0.11321547167650901,0.1932921063874551,5.718921792974285e-07,0.4479895077261608,4,"1000,1001,1002,1003",90200,200,True
repeat-copy,controls,loss,zero,52200,0.11536880889885458,0.18982346368857986,0.0012904985556928229,0.4440643644693773,4,"1000,1001,1002,1003",90200,200,True
repeat-copy,controls,loss,zero,52400,0.11327174674995552,0.19114712465737224,0.0009871077745388845,0.44433532532828396,4,"1000,1001,1002,1003",90200,200,True
repeat-copy,controls,loss,zero,52600,0.12437982457705798,0.1914627826964826,2.0092157269377964e-05,0.4549872822663747,4,"1000,1001,1002,1003",90200,200,True
repeat-copy,controls,loss,zero,52800,0.10879152507752116,0.18640613677676823,4.176053846327576e-07,0.4316488510381896,4,"1000,1001,1002,1003",90200,200,True
repeat-copy,controls,loss,zero,53000,0.14256975707866296,0.18054053394806296,0.0025186641734632254,0.44911473475396635,4,"1000,1001,1002,1003",90200,200,True
repeat-copy,controls,loss,zero,53200,0.2707244212228017,0.2821584152564898,5.135716535108692e-05,0.6598789792519889,4,"1000,1001,1002,1003",90200,200,True
repeat-copy,controls,loss,zero,53400,0.11104818392382827,0.17673215321844118,0.0006612388697783445,0.4168486084474716,4,"1000,1001,1002,1003",90200,200,True
repeat-copy,controls,loss,zero,53600,0.11335258583074781,0.1850997213183639,0.003995555806669202,0.4339341353299096,4,"1000,1001,1002,1003",90200,200,True
repeat-copy,controls,loss,zero,53800,0.11597683998954461,0.19842327017355157,9.899648034092934e-05,0.45964832523837684,4,"1000,1001,1002,1003",90200,200,True
repeat-copy,controls,loss,zero,54000,0.11091405967245617,0.19006130045334804,1.3933408159605421e-06,0.440107161476044,4,"1000,1001,1002,1003",90200,200,True
repeat-copy,controls,loss,zero,54200,0.13387778913335488,0.16760175836470473,1.3392445809250476e-05,0.41184164747130125,4,"1000,1001,1002,1003",90200,200,True
repeat-copy,controls,loss,zero,54400,0.10991148350709701,0.1882130689291412,0.00012154804012389774,0.4359027898637578,4,"1000,1001,1002,1003",90200,200,True
repeat-copy,controls,loss,zero,54600,0.11663038014024722,0.1971256588606858,2.7102684694506606e-05,0.4580390081554651,4,"1000,1001,1002,1003",90200,200,True
repeat-copy,controls,loss,zero,54800,0.11179101904635044,0.1923404598639936,2.6361505855554413e-07,0.4449307504831813,4,"1000,1001,1002,1003",90200,200,True
repeat-copy,controls,loss,zero,55000,0.11343045744734805,0.1925091292108809,2.603762487574102e-07,0.44685375316999854,4,"1000,1001,1002,1003",90200,200,True
repeat-copy,controls,loss,zero,55200,0.11050890831556992,0.19044503365475984,1.081891260214185e-05,0.4403686785325408,4,"1000,1001,1002,1003",90200,200,True
repeat-copy,controls,loss,zero,55400,0.11188899066250327,0.1907706368886266,4.531666660145817e-07,0.4422994122188538,4,"1000,1001,1002,1003",90200,200,True
repeat-copy,controls,loss,zero,55600,0.1092466691051609,0.18485821326989899,0.0005659199714018027,0.429422226450406,4,"1000,1001,1002,1003",90200,200,True
repeat-copy,controls,loss,zero,55800,0.1121605441263447,0.17996793290958726,6.102941443408838e-07,0.42351826121564956,4,"1000,1001,1002,1003",90200,200,True
repeat-copy,controls,loss,zero,56000,0.10453812432892634,0.1799783019728762,6.85523146867295e-05,0.41626904513454066,4,"1000,1001,1002,1003",90200,200,True
repeat-copy,controls,loss,zero,56200,0.10997453610249704,0.18940377791109964,2.143646927708076e-05,0.4380308227904607,4,"1000,1001,1002,1003",90200,200,True
repeat-copy,controls,loss,zero,56400,0.1063853504168004,0.1831977343517836,6.0893605820133705e-06,0.423692411291413,4,"1000,1001,1002,1003",90200,200,True
repeat-copy,controls,loss,zero,56600,0.11075547034927484,0.1883962066365047,5.492608162649404e-07,0.4370398746139836,4,"1000,1001,1002,1003",90200,200,True
repeat-copy,controls,loss,zero,56800,0.10830694379697141,0.18470535694456197,0.0003059445730350241,0.42821833198162496,4,"1000,1001,1002,1003",90200,200,True
repeat-copy,controls,loss,zero,57000,0.10542077530437412,0.17963180560343597,1.55690315071233e-07,0.4165405281726271,4,"1000,1001,1002,1003",90200,200,True
repeat-copy,controls,loss,zero,57200,1.4123184825769077,2.193026435541086,0.0016304007428425572,5.197802021072943,4,"1000,1001,1002,1003",90200,200,True
repeat-copy,controls,loss,zero,57400,0.2731861188170769,0.2838201795444953,2.7814777856072224e-06,0.6562925931811333,4,"1000,1001,1002,1003",90200,200,True
repeat-copy,controls,loss,zero,57600,0.2635248788723652,0.27044187453895435,0.00012548857263937175,0.6160587778687477,4,"1000,1001,1002,1003",90200,200,True
repeat-copy,controls,loss,zero,57800,0.25377190526332805,0.2600039247139303,0.0006309373335667789,0.5922184888273477,4,"1000,1001,1002,1003",90200,200,True
repeat-copy,controls,loss,zero,58000,0.2574427963957896,0.26222838125101755,0.0009865604747483303,0.5931249115616083,4,"1000,1001,1002,1003",90200,200,True
repeat-copy,controls,loss,zero,58200,0.26283672709188965,0.2725715449689482,4.760834709442996e-05,0.6315234614053042,4,"1000,1001,1002,1003",90200,200,True
repeat-copy,controls,loss,zero,58400,0.10895329290686745,0.17542411023028245,0.001309857983760594,0.41250797413289547,4,"1000,1001,1002,1003",90200,200,True
repeat-copy,controls,loss,zero,58600,0.10592521727487277,0.17963256130025357,4.2945435249741595e-07,0.4170258496864699,4,"1000,1001,1002,1003",90200,200,True
repeat-copy,controls,loss,zero,58800,0.10542984319137969,0.17866569242091218,0.000366021276774724,0.41487050948664544,4,"1000,1001,1002,1003",90200,200,True
repeat-copy,controls,loss,zero,59000,0.3973142228875922,0.4791191756004581,0.0005466341755527537,1.1740571237496624,4,"1000,1001,1002,1003",90200,200,True
repeat-copy,controls,loss,zero,59200,0.11890507817679538,0.1700887752865683,0.0003144691665147548,0.4101983140059747,4,"1000,1001,1002,1003",90200,200,True
repeat-copy,controls,loss,zero,59400,0.11381904152609762,0.18132411124544898,4.864668522053251e-07,0.42735580370761456,4,"1000,1001,1002,1003",90200,200,True
repeat-copy,controls,loss,zero,59600,0.13900810940065006,0.16795920095816028,6.906960224872804e-08,0.4113877479021903,4,"1000,1001,1002,1003",90200,200,True
repeat-copy,controls,loss,zero,59800,0.10649073191612861,0.18275356393981196,0.00019471622794121402,0.4230251565203071,4,"1000,1001,1002,1003",90200,200,True
repeat-copy,controls,loss,zero,60000,0.10438423330709948,0.180532757959326,1.0666344608503132e-05,0.41707608837867155,4,"1000,1001,1002,1003",90200,200,True
repeat-copy,controls,loss,zero,60200,0.10411907584208469,0.17845329864596166,4.045845157654715e-07,0.41320309638103936,4,"1000,1001,1002,1003",90200,200,True
repeat-copy,controls,loss,zero,60400,0.10435277984167286,0.17977033817423219,5.035868774516672e-06,0.41572199716232716,4,"1000,1001,1002,1003",90200,200,True
repeat-copy,controls,loss,zero,60600,0.10432414536501952,0.1798323747281913,2.278183920428889e-08,0.41580232329200956,4,"1000,1001,1002,1003",90200,200,True
repeat-copy,controls,loss,zero,60800,0.10781612850995044,0.18540791609099583,0.0001795188408505055,0.428950663683936,4,"1000,1001,1002,1003",90200,200,True
repeat-copy,controls,loss,zero,61000,0.10296988786753518,0.17791359472082952,5.6520405836302245e-06,0.4111250841536094,4,"1000,1001,1002,1003",90200,200,True
repeat-copy,controls,loss,zero,61200,0.10637401303379379,0.1842141645536745,2.313026931601847e-06,0.42544230389175935,4,"1000,1001,1002,1003",90200,200,True
repeat-copy,controls,loss,zero,61400,0.10673106558247834,0.18394153656897028,3.8205983257615374e-05,0.42532555873505773,4,"1000,1001,1002,1003",90200,200,True
repeat-copy,controls,loss,zero,61600,0.10234075560596592,0.17693844202826206,2.6272740824284656e-07,0.4088068763166666,4,"1000,1001,1002,1003",90200,200,True
repeat-copy,controls,loss,zero,61800,0.10179807512256372,0.17566335286577967,1.5393550914550856e-05,0.40605529276130253,4,"1000,1001,1002,1003",90200,200,True
repeat-copy,controls,loss,zero,62000,0.1031316630789309,0.1782856505454632,1.495560717411637e-06,0.4119313930766657,4,"1000,1001,1002,1003",90200,200,True
repeat-copy,controls,loss,zero,62200,0.100527833184191,0.17254892432864175,7.2455345341193576e-06,0.3993886251794174,4,"1000,1001,1002,1003",90200,200,True
repeat-copy,controls,loss,zero,62400,0.10298456848206959,0.17281484198406394,3.439193636767257e-07,0.402284371816786,4,"1000,1001,1002,1003",90200,200,True
repeat-copy,controls,loss,zero,62600,0.09798660309156985,0.16723912576158972,3.576318575948534e-08,0.38764011952793226,4,"1000,1001,1002,1003",90200,200,True
repeat-copy,controls,loss,zero,62800,0.09976125787509542,0.17260762781678402,2.4006428928635692e-08,0.3987263697013259,4,"1000,1001,1002,1003",90200,200,True
repeat-copy,controls,loss,zero,63000,0.10759413452852132,0.1857680044103781,2.7732970992566663e-07,0.42935295273782687,4,"1000,1001,1002,1003",90200,200,True
repeat-copy,controls,loss,zero,63200,0.10313609449641938,0.1695356940329985,0.003407710115875016,0.39677377573680134,4,"1000,1001,1002,1003",90200,200,True
repeat-copy,controls,loss,zero,63400,0.10487081291690817,0.18161402898395074,3.270256887705214e-08,0.4194355380302295,4,"1000,1001,1002,1003",90200,200,True
repeat-copy,controls,loss,zero,63600,0.0990529138121207,0.1681219044796335,8.821862965135985e-09,0.3902260637038853,4,"1000,1001,1002,1003",90200,200,True
repeat-copy,controls,loss,zero,63800,0.10585394707204161,0.18279532201367674,2.081991139107231e-05,0.42246425774879753,4,"1000,1001,1002,1003",90200,200,True
repeat-copy,controls,loss,zero,64000,0.10384561367659564,0.1796705807686378,2.093228705808414e-06,0.41504414096940306,4,"1000,1001,1002,1003",90200,200,True
repeat-copy,controls,loss,zero,64200,0.10446462163471891,0.18077257083957374,4.512348931218213e-06,0.4175718794763088,4,"1000,1001,1002,1003",90200,200,True
repeat-copy,controls,loss,zero,64400,0.09907699041007313,0.1709969948506879,4.7604786236110644e-06,0.3952518618913018,4,"1000,1001,1002,1003",90200,200,True
repeat-copy,controls,loss,zero,64600,0.12197893063663866,0.16333472043957453,0.0018277853299012126,0.39872687132563445,4,"1000,1001,1002,1003",90200,200,True
repeat-copy,controls,loss,zero,64800,0.21413403178070867,0.21360642810342015,0.0005923599408368774,0.45357126543205595,4,"1000,1001,1002,1003",90200,200,True
repeat-copy,controls,loss,zero,65000,0.23746168885913752,0.23999712999451678,4.672217516232813e-07,0.5249244506091781,4,"1000,1001,1002,1003",90200,200,True
repeat-copy,controls,loss,zero,65200,0.11589073447046785,0.15733802632382632,2.1101392991162982e-07,0.3823277475358918,4,"1000,1001,1002,1003",90200,200,True
repeat-copy,controls,loss,zero,65400,0.10629629210866817,0.18224868219329457,2.662532488795222e-07,0.42195457631722094,4,"1000,1001,1002,1003",90200,200,True
repeat-copy,controls,loss,zero,65600,0.10119691085760625,0.1712631745543039,2.167523559784279e-06,0.3977974587463541,4,"1000,1001,1002,1003",90200,200,True
repeat-copy,controls,loss,zero,65800,0.11642015266631714,0.1651242181005785,8.316424993687344e-08,0.398534795793239,4,"1000,1001,1002,1003",90200,200,True
repeat-copy,controls,loss,zero,66000,0.10197327470297972,0.1762423998902631,6.168755490012501e-06,0.4072339574457146,4,"1000,1001,1002,1003",90200,200,True
repeat-copy,controls,loss,zero,66200,0.10361554259574249,0.17943157429212545,4.6305035537930196e-07,0.4144001442636363,4,"1000,1001,1002,1003",90200,200,True
repeat-copy,controls,loss,zero,66400,0.10403778219035067,0.17860949507578264,9.395903628761637e-07,0.41339326521963815,4,"1000,1001,1002,1003",90200,200,True
repeat-copy,controls,loss,zero,66600,0.09877876100929109,0.17100501594370723,1.998516835806097e-06,0.394968121945858,4,"1000,1001,1002,1003",90200,200,True
repeat-copy,controls,loss,zero,66800,0.10428290350422217,0.18059357267017592,3.830858197675924e-08,0.4170801447890699,4,"1000,1001,1002,1003",90200,200,True
repeat-copy,controls,loss,zero,67000,0.09839665251436455,0.16987694950820573,4.131577530930297e-08,0.3926313868141733,4,"1000,1001,1002,1003",90200,200,True
repeat-copy,controls,loss,zero,67200,0.09720964276043977,0.16808615760364579,4.6273497056270595e-07,0.38834334758576006,4,"1000,1001,1002,1003",90200,200,True
repeat-copy,controls,loss,zero,67400,0.10433018410735037,0.17369060832232278,3.5858626929341497e-07,0.40514026570192074,4,"1000,1001,1002,1003",90200,200,True
repeat-copy,controls,loss,zero,67600,0.10179199203115219,0.17498990522340255,0.0005887132904029402,0.40488325311103834,4,"1000,1001,1002,1003",90200,200,True
repeat-copy,controls,loss,zero,67800,0.09234753681955103,0.15993858767742702,3.705222590938417e-07,0.36936929642426547,4,"1000,1001,1002,1003",90200,200,True
repeat-copy,controls,loss,zero,68000,0.09498693542888853,0.1644636075790152,3.3650489848213725e-08,0.3798462507670047,4,"1000,1001,1002,1003",90200,200,True
repeat-copy,controls,loss,zero,68200,0.09950480662673852,0.16580077607022206,0.001661422206741463,0.38665279719280077,4,"1000,1001,1002,1003",90200,200,True
repeat-copy,controls,loss,zero,68400,0.14217380821406622,0.16234721319120604,0.0002611530107433657,0.40369971142616123,4,"1000,1001,1002,1003",90200,200,True
repeat-copy,controls,loss,zero,68600,0.12776750674916176,0.16969567358032409,4.366927749577254e-08,0.41442507425381336,4,"1000,1001,1002,1003",90200,200,True
repeat-copy,controls,loss,zero,68800,0.10041903442934037,0.1705928640312019,1.1117750414596506e-08,0.3958874543919228,4,"1000,1001,1002,1003",90200,200,True
repeat-copy,controls,loss,zero,69000,0.09829226692667982,0.1700294492385163,5.705756513929572e-09,0.39279180046753026,4,"1000,1001,1002,1003",90200,200,True
repeat-copy,controls,loss,zero,69200,0.09776369772700395,0.16867769436315622,7.443647331797365e-06,0.38992098775052,4,"1000,1001,1002,1003",90200,200,True
repeat-copy,controls,loss,zero,69400,0.09489806218573929,0.16369632155948718,0.00020107750532244895,0.37842815308249556,4,"1000,1001,1002,1003",90200,200,True
repeat-copy,controls,loss,zero,69600,0.10185123843476492,0.1757115346567743,1.570841595658623e-06,0.40619137409201356,4,"1000,1001,1002,1003",90200,200,True
repeat-copy,controls,loss,zero,69800,0.0969705164773625,0.1679446427180423,9.505638165929752e-08,0.38785917024535593,4,"1000,1001,1002,1003",90200,200,True
repeat-copy,controls,loss,zero,70000,0.10164532949948972,0.17492043533704194,1.1762852253516254e-07,0.4046132326766383,4,"1000,1001,1002,1003",90200,200,True
repeat-copy,controls,loss,zero,70200,0.10350172414329548,0.16722453949920962,0.0038272065753203023,0.39310599841875954,4,"1000,1001,1002,1003",90200,200,True
repeat-copy,controls,loss,zero,70400,0.09572020259255597,0.1653732728669382,1.6953361713700766e-07,0.38215466515743174,4,"1000,1001,1002,1003",90200,200,True
repeat-copy,controls,loss,zero,70600,0.12875468059762102,0.16500192420580034,2.1463818350633268e-05,0.40389470164431257,4,"1000,1001,1002,1003",90200,200,True
repeat-copy,controls,loss,zero,70800,0.13106258994411912,0.15363708520808364,1.3691827874440232e-06,0.37651840586215257,4,"1000,1001,1002,1003",90200,200,True
repeat-copy,controls,loss,zero,71000,0.0981653049431454,0.16615844698648943,3.0769932102076015e-07,0.3859500079508871,4,"1000,1001,1002,1003",90200,200,True
repeat-copy,controls,loss,zero,71200,0.09972055096339351,0.16652986254941674,2.5178695706243315e-08,0.3880784336317447,4,"1000,1001,1002,1003",90200,200,True
repeat-copy,controls,loss,zero,71400,0.14309762705487167,0.1603010704952585,0.00010253457285229528,0.3886337110164459,4,"1000,1001,1002,1003",90200,200,True
repeat-copy,controls,loss,zero,71600,0.09474540953723745,0.16253056419689116,6.277720877676529e-06,0.3762515807442833,4,"1000,1001,1002,1003",90200,200,True
repeat-copy,controls,loss,zero,71800,0.09538404487458674,0.16468564430184549,2.099852485837328e-07,0.380627306944225,4,"1000,1001,1002,1003",90200,200,True
repeat-copy,controls,loss,zero,72000,0.09866128970148272,0.17030932990669617,5.248772277544056e-07,0.39364538033492863,4,"1000,1001,1002,1003",90200,200,True
repeat-copy,controls,loss,zero,72200,0.09846651402155826,0.16936819413994775,4.841558687066205e-06,0.391818831153214,4,"1000,1001,1002,1003",90200,200,True
repeat-copy,controls,loss,zero,72400,0.10252421660577786,0.17616250048954177,3.523145671702199e-08,0.40764180366997604,4,"1000,1001,1002,1003",90200,200,True
repeat-copy,controls,loss,zero,72600,0.1023159078301658,0.16406862458720095,9.457916322563875e-08,0.3862661783664953,4,"1000,1001,1002,1003",90200,200,True
repeat-copy,controls,loss,zero,72800,0.09432261922510153,0.16319198891584602,7.905746643661892e-06,0.37697936738142745,4,"1000,1001,1002,1003",90200,200,True
repeat-copy,controls,loss,zero,73000,0.09703670308488183,0.1638833182521685,2.1690336607149696e-07,0.380878674624837,4,"1000,1001,1002,1003",90200,200,True
repeat-copy,controls,loss,zero,73200,0.09374121791984175,0.16050456335472874,2.613558837322172e-08,0.3717338980044588,4,"1000,1001,1002,1003",90200,200,True
repeat-copy,controls,loss,zero,73400,0.09491375368419021,0.16431657276321324,1.1724733109941265e-06,0.37951839575514895,4,"1000,1001,1002,1003",90200,200,True
repeat-copy,controls,loss,zero,73600,0.09529246936477008,0.1619700652042655,8.508474146406985e-08,0.3758154562814161,4,"1000,1001,1002,1003",90200,200,True
repeat-copy,controls,loss,zero,73800,0.0965910605620616,0.16729484967486796,9.642608153337395e-09,0.3863542400137521,4,"1000,1001,1002,1003",90200,200,True
repeat-copy,controls,loss,zero,74000,0.08943326181873315,0.15291733795455364,1.0931008824085208e-05,0.35428918020479616,4,"1000,1001,1002,1003",90200,200,True
repeat-copy,controls,loss,zero,74200,0.09724997074671068,0.16620854842654967,1.3372198838595972e-07,0.38512400610285114,4,"1000,1001,1002,1003",90200,200,True
repeat-copy,controls,loss,zero,74400,0.0960336671206574,0.1645114902240599,8.946215218838537e-09,0.3809672608808614,4,"1000,1001,1002,1003",90200,200,True
repeat-copy,controls,loss,zero,74600,0.09369560384609074,0.16167593039118544,4.7782578913996285e-08,0.3737255845358595,4,"1000,1001,1002,1003",90200,200,True
repeat-copy,controls,loss,zero,74800,0.09280514179983038,0.16073619014196222,3.040411832896939e-08,0.37120838968781755,4,"1000,1001,1002,1003",90200,200,True
repeat-copy,controls,loss,zero,75000,0.08875070743021188,0.15233758094950076,5.692633036867567e-09,0.3526018410176039,4,"1000,1001,1002,1003",90200,200,True
repeat-copy,controls,loss,zero,75200,0.0971885132018713,0.168198556555279,2.180406251436201e-09,0.3885169106640387,4,"1000,1001,1002,1003",90200,200,True
repeat-copy,controls,loss,zero,75400,0.08775832966790717,0.15013991086373377,1.4106779628632327e-09,0.34779824937693776,4,"1000,1001,1002,1003",90200,200,True
repeat-copy,controls,loss,zero,75600,0.0863750553096307,0.14892434954282896,1.5497601456586352e-06,0.34431825271458366,4,"1000,1001,1002,1003",90200,200,True
repeat-copy,controls,loss,zero,75800,0.09252596298559478,0.15775944604396397,0.0001420371005710276,0.36576982456259427,4,"1000,1001,1002,1003",90200,200,True
repeat-copy,controls,loss,zero,76000,0.09894464651254678,0.17137587988929287,1.7616631389077986e-08,0.39577637767011764,4,"1000,1001,1002,1003",90200,200,True
repeat-copy,controls,loss,zero,76200,0.09696860302979753,0.16248930701465722,3.17256775517194e-09,0.3783273633714998,4,"1000,1001,1002,1003",90200,200,True
repeat-copy,controls,loss,zero,76400,0.0906328531965254,0.15691331999750782,2.766047606812122e-09,0.3624146842080518,4,"1000,1001,1002,1003",90200,200,True
repeat-copy,controls,loss,zero,76600,0.08977809508409447,0.14494345481428902,3.5796348631413064e-08,0.34048756885458714,4,"1000,1001,1002,1003",90200,200,True
repeat-copy,controls,loss,zero,76800,0.08752484371080746,0.15157953621836054,9.662350076559447e-09,0.35006830091122537,4,"1000,1001,1002,1003",90200,200,True
repeat-copy,controls,loss,zero,77000,0.08908534546050445,0.15426127920214638,3.329663789790327e-09,0.3562737167970045,4,"1000,1001,1002,1003",90200,200,True
repeat-copy,controls,loss,zero,77200,0.09294819725220509,0.16055390060333471,2.5148559934656812e-08,0.3710352013492957,4,"1000,1001,1002,1003",90200,200,True
repeat-copy,controls,loss,zero,77400,0.1280271892123011,0.15177237378057057,3.934119989564e-08,0.371343478874187,4,"1000,1001,1002,1003",90200,200,True
repeat-copy,controls,loss,zero,77600,0.09453542095444145,0.16371312032715074,4.627630935516436e-06,0.37809486243058926,4,"1000,1001,1002,1003",90200,200,True
repeat-copy,controls,loss,zero,77800,0.08720269337094341,0.15102824409366727,3.6582204333574646e-08,0.3487912854267051,4,"1000,1001,1002,1003",90200,200,True
repeat-copy,controls,loss,zero,78000,0.08511442580789626,0.14664724395151804,2.3099473389465163e-07,0.3391135939862579,4,"1000,1001,1002,1003",90200,200,True
repeat-copy,controls,loss,zero,78200,0.0856832777482778,0.14444893988064111,1.5321074975335399e-07,0.3358466652763309,4,"1000,1001,1002,1003",90200,200,True
repeat-copy,controls,loss,zero,78400,0.09071465421746124,0.15559653367303428,4.538663470736795e-07,0.36021105318272023,4,"1000,1001,1002,1003",90200,200,True
repeat-copy,controls,loss,zero,78600,0.08794869037145932,0.1499736666736109,4.335716591611846e-08,0.3477031464147149,4,"1000,1001,1002,1003",90200,200,True
repeat-copy,controls,loss,zero,78800,0.08485374635383801,0.14641281269248735,1.868951594943824e-09,0.3384472897532396,4,"1000,1001,1002,1003",90200,200,True
repeat-copy,controls,loss,zero,79000,0.08126077879955096,0.14068362482537322,4.201054906657897e-09,0.3249319521232974,4,"1000,1001,1002,1003",90200,200,True
repeat-copy,controls,loss,zero,79200,0.08827610823653186,0.15036829695757828,3.6930479215685487e-09,0.34870304896088783,4,"1000,1001,1002,1003",90200,200,True
repeat-copy,controls,loss,zero,79400,0.07491029265724293,0.12869861031411833,8.129539506913919e-08,0.29781912542763167,4,"1000,1001,1002,1003",90200,200,True
repeat-copy,controls,loss,zero,79600,0.08270167419059475,0.14225894793922014,1.702531850398259e-06,0.3290985981177073,4,"1000,1001,1002,1003",90200,200,True
repeat-copy,controls,loss,zero,79800,0.08086219166728227,0.1375104100588137,2.9628317384773338e-05,0.31901912052475384,4,"1000,1001,1002,1003",90200,200,True
repeat-copy,controls,loss,zero,80000,0.07618010415513933,0.1319435130096154,1.8768050723569352e-06,0.3047129724139813,4,"1000,1001,1002,1003",90200,200,True
repeat-copy,controls,loss,zero,80200,0.08672144649707772,0.1460587006189844,2.4028041030327295e-08,0.33968645251123236,4,"1000,1001,1002,1003",90200,200,True
repeat-copy,controls,loss,zero,80400,0.08133249908288506,0.14086579874721994,8.44017923175757e-07,0.325319219508674,4,"1000,1001,1002,1003",90200,200,True
repeat-copy,controls,loss,zero,80600,0.10744101022375138,0.1860501661404203,5.395424542056077e-09,0.4296893464148161,4,"1000,1001,1002,1003",90200,200,True
repeat-copy,controls,loss,zero,80800,0.1027357973487452,0.1753006261152769,2.823994891022752e-09,0.40634802437969486,4,"1000,1001,1002,1003",90200,200,True
repeat-copy,controls,loss,zero,81000,0.10125606662628826,0.17341377683478806,5.232139961974941e-06,0.401614019057597,4,"1000,1001,1002,1003",90200,200,True
repeat-copy,controls,loss,zero,81200,0.08796885671762093,0.15156274667348085,4.3530192763884674e-07,0.3504822232807055,4,"1000,1001,1002,1003",90200,200,True
repeat-copy,controls,loss,zero,81400,0.07913329301235747,0.13507636153377864,4.913152152615646e-08,0.3130809064139612,4,"1000,1001,1002,1003",90200,200,True
repeat-copy,controls,loss,zero,81600,0.0782055035037171,0.13349834066728686,2.682398352382709e-08,0.30942190274130554,4,"1000,1001,1002,1003",90200,200,True
repeat-copy,controls,loss,zero,81800,0.07749940620575775,0.133466076712632,1.5868124980755738e-06,0.30866766250575894,4,"1000,1001,1002,1003",90200,200,True
repeat-copy,controls,loss,zero,82000,0.08386382153319744,0.14525598775825174,1.6621089155982592e-08,0.33545457243395504,4,"1000,1001,1002,1003",90200,200,True
repeat-copy,controls,loss,zero,82200,0.09119659190998752,0.14020748908873026,3.837827678224159e-09,0.33300079363281837,4,"1000,1001,1002,1003",90200,200,True
repeat-copy,controls,loss,zero,82400,0.07410950984043184,0.1125319879421724,1.9080634830383886e-09,0.2681070260956767,4,"1000,1001,1002,1003",90200,200,True
repeat-copy,controls,loss,zero,82600,0.07332616827364964,0.12215321919812772,8.259681856024811e-07,0.28484566717699633,4,"1000,1001,1002,1003",90200,200,True
repeat-copy,controls,loss,zero,82800,0.07731333415428507,0.1309225556458154,4.6340105696006384e-08,0.3040688590455102,4,"1000,1001,1002,1003",90200,200,True
repeat-copy,controls,loss,zero,83000,0.07806131209067314,0.1349654370930004,2.159151069097698e-07,0.3118281302391551,4,"1000,1001,1002,1003",90200,200,True
repeat-copy,controls,loss,zero,83200,0.08046972249739301,0.13446318446139735,1.1592763745803952e-07,0.31328765784739515,4,"1000,1001,1002,1003",90200,200,True
repeat-copy,controls,loss,zero,83400,0.07557038169475667,0.11936911436936103,5.9528348727092005e-09,0.28181672198232266,4,"1000,1001,1002,1003",90200,200,True
repeat-copy,controls,loss,zero,83600,0.0951548744142978,0.16477090373015374,1.9977292831660847e-09,0.38054644820978867,4,"1000,1001,1002,1003",90200,200,True
repeat-copy,controls,loss,zero,83800,0.11446492006191122,0.14014352796344312,1.3402573433886345e-09,0.3433184437744785,4,"1000,1001,1002,1003",90200,200,True
repeat-copy,controls,loss,zero,84000,0.08071048361052326,0.13956709364704875,6.749355409041869e-05,0.3224477469816338,4,"1000,1001,1002,1003",90200,200,True
repeat-copy,controls,loss,zero,84200,0.0756793574824578,0.1310677656016261,1.0341361658568193e-08,0.30269538653898054,4,"1000,1001,1002,1003",90200,200,True
repeat-copy,controls,loss,zero,84400,0.07046292149772207,0.12201459685337541,9.920313733847997e-09,0.2817983993154485,4,"1000,1001,1002,1003",90200,200,True
repeat-copy,controls,loss,zero,84600,0.08071241183208813,0.13858354757936706,2.4810470552714958e-08,0.3207415290165227,4,"1000,1001,1002,1003",90200,200,True
repeat-copy,controls,loss,zero,84800,0.07711987724469938,0.1272295136858719,5.540216465212133e-09,0.29743357334518805,4,"1000,1001,1002,1003",90200,200,True
repeat-copy,controls,loss,zero,85000,0.06599030542296731,0.11000214104370988,1.516435781034539e-09,0.25644552837125956,4,"1000,1001,1002,1003",90200,200,True
repeat-copy,controls,loss,zero,85200,0.07754712837360496,0.12915359771616036,0.0016199198834078265,0.3012424066974199,4,"1000,1001,1002,1003",90200,200,True
repeat-copy,controls,loss,zero,85400,0.09645885166764367,0.12207509067720314,4.5103813518611315e-07,0.2987296837021131,4,"1000,1001,1002,1003",90200,200,True
repeat-copy,controls,loss,zero,85600,0.07055020092756337,0.1220071929056115,1.2034268405446483e-08,0.2818727310723625,4,"1000,1001,1002,1003",90200,200,True
repeat-copy,controls,loss,zero,85800,0.07500203701906923,0.1261344611885043,3.496273958972229e-08,0.29344004126265644,4,"1000,1001,1002,1003",90200,200,True
repeat-copy,controls,loss,zero,86000,0.07612945566651232,0.13185923610744243,3.3397902853699036e-09,0.30451635204954075,4,"1000,1001,1002,1003",90200,200,True
repeat-copy,controls,loss,zero,86200,0.0835740843282844,0.14473504796997347,3.0177500674830742e-09,0.3342625399096869,4,"1000,1001,1002,1003",90200,200,True
repeat-copy,controls,loss,zero,86400,0.07477365419170734,0.12839683998026596,9.736758479258339e-10,0.2971592940739356,4,"1000,1001,1002,1003",90200,200,True
repeat-copy,controls,loss,zero,86600,0.0743796227892691,0.12513016678673913,6.846916684186479e-10,0.291086282673059,4,"1000,1001,1002,1003",90200,200,True
repeat-copy,controls,loss,zero,86800,0.07446167452876012,0.1289706082331569,3.041733400476268e-09,0.2978453206695849,4,"1000,1001,1002,1003",90200,200,True
repeat-copy,controls,loss,zero,87000,0.07552361424695776,0.12857254973506727,6.106742789311476e-10,0.29820078301330794,4,"1000,1001,1002,1003",90200,200,True
repeat-copy,controls,loss,zero,87200,0.07640617933784728,0.13233863607352025,1.1184940468256243e-09,0.30562342082033866,4,"1000,1001,1002,1003",90200,200,True
repeat-copy,controls,loss,zero,87400,0.07684430853405474,0.13009180797508355,5.407987591857927e-10,0.3021577009948669,4,"1000,1001,1002,1003",90200,200,True
repeat-copy,controls,loss,zero,87600,0.0706912063742317,0.12243693773165047,7.302431326294823e-10,0.2827582032114151,4,"1000,1001,1002,1003",90200,200,True
repeat-copy,controls,loss,zero,87800,0.07387571918445998,0.12779504024995775,6.845564360399673e-10,0.2952231400716119,4,"1000,1001,1002,1003",90200,200,True
repeat-copy,controls,loss,zero,88000,0.07173340846633748,0.12314513013017259,4.853905953713066e-10,0.2850256864889525,4,"1000,1001,1002,1003",90200,200,True
repeat-copy,controls,loss,zero,88200,0.537450998566268,0.7760027699911295,5.833161900738702e-09,1.8665167145688233,4,"1000,1001,1002,1003",90200,200,True
repeat-copy,controls,loss,zero,88400,0.2466763248627906,0.2789897593553963,2.573739410216547e-07,0.6776686548410066,4,"1000,1001,1002,1003",90200,200,True
repeat-copy,controls,loss,zero,88600,0.1267906315599239,0.11875087842490493,0.00029107815176004383,0.2839417891422636,4,"1000,1001,1002,1003",90200,200,True
repeat-copy,controls,loss,zero,88800,0.09022080223667775,0.11415323563019285,0.002092365519430519,0.28238957152934746,4,"1000,1001,1002,1003",90200,200,True
repeat-copy,controls,loss,zero,89000,0.07637176703961802,0.12598024230645113,5.065277624821501e-07,0.2944360349688213,4,"1000,1001,1002,1003",90200,200,True
repeat-copy,controls,loss,zero,89200,0.1051628111584389,0.11226695782583702,1.4517116914314343e-06,0.26591348011163063,4,"1000,1001,1002,1003",90200,200,True
repeat-copy,controls,loss,zero,89400,0.076255182462066,0.12948997668941548,4.654404159146197e-07,0.3005157951428555,4,"1000,1001,1002,1003",90200,200,True
repeat-copy,controls,loss,zero,89600,0.12158850010734332,0.1259743314792536,0.0003665444695266063,0.29785589427454395,4,"1000,1001,1002,1003",90200,200,True
repeat-copy,controls,loss,zero,89800,0.17216684208904026,0.11662984729872934,1.7456576485286313e-06,0.3091774806706235,4,"1000,1001,1002,1003",90200,200,True
repeat-copy,controls,loss,zero,90000,0.07313117095029895,0.12492541330145933,9.28313188022882e-07,0.2894979675149079,4,"1000,1001,1002,1003",90200,200,True
repeat-copy,controls,loss,zero,90200,0.10353474996093634,0.17328856079471236,6.166355106946737e-05,0.4036350220057648,4,"1000,1001,1002,1003",90200,200,True
repeat-copy,controls,loss,random,200,0.6436299873888494,0.001654994137662484,0.6410046723484993,0.6451772385835648,4,"1000,1001,1002,1003",90200,200,True
repeat-copy,controls,loss,random,400,0.6339135988801718,0.0008778635315183853,0.632828286588192,0.6352667519450188,4,"1000,1001,1002,1003",90200,200,True
repeat-copy,controls,loss,random,600,0.6300919409096241,0.0008779357628444707,0.6286356621980667,0.6309699407219886,4,"1000,1001,1002,1003",90200,200,True
repeat-copy,controls,loss,random,800,0.6266650058329106,0.00025810964783421153,0.6263125702738762,0.6270405641198158,4,"1000,1001,1002,1003",90200,200,True
repeat-copy,controls,loss,random,1000,0.6209524166584014,0.00305872318315741,0.6185995569825172,0.6261489075422287,4,"1000,1001,1002,1003",90200,200,True
repeat-copy,controls,loss,random,1200,0.6158873961865902,0.002557230889577742,0.6124028834700584,0.6195564597845078,4,"1000,1001,1002,1003",90200,200,True
repeat-copy,controls,loss,random,1400,0.6128381650149822,0.0016868211509464865,0.6107308828830719,0.6153275318443775,4,"1000,1001,1002,1003",90200,200,True
repeat-copy,controls,loss,random,1600,0.608264266885817,0.0028382503259438245,0.6048769626021385,0.6127439525723457,4,"1000,1001,1002,1003",90200,200,True
repeat-copy,controls,loss,random,1800,0.6047039518505335,0.0023191178592579815,0.6008963035047055,0.6071219801902771,4,"1000,1001,1002,1003",90200,200,True
repeat-copy,controls,loss,random,2000,0.5981651655212045,0.004589879357547967,0.5902400767803192,0.6013986040651799,4,"1000,1001,1002,1003",90200,200,True
repeat-copy,controls,loss,random,2200,0.5989983360096812,0.003027811222773693,0.594569283425808,0.6030284534394741,4,"1000,1001,1002,1003",90200,200,True
repeat-copy,controls,loss,random,2400,0.5958834753185511,0.004408710339662825,0.5895958423614502,0.6001672607660293,4,"1000,1001,1002,1003",90200,200,True
repeat-copy,controls,loss,random,2600,0.5875692950561643,0.002738028417708352,0.5840286391973496,0.5908358508348465,4,"1000,1001,1002,1003",90200,200,True
repeat-copy,controls,loss,random,2800,0.588957117497921,0.004230812793253055,0.5826927815377713,0.5942078474164009,4,"1000,1001,1002,1003",90200,200,True
repeat-copy,controls,loss,random,3000,0.5822045944258571,0.0019346271482613324,0.5795858293771744,0.5847019939124585,4,"1000,1001,1002,1003",90200,200,True
repeat-copy,controls,loss,random,3200,0.580071189403534,0.0032518836873558425,0.574766983538866,0.5836249892413616,4,"1000,1001,1002,1003",90200,200,True
repeat-copy,controls,loss,random,3400,0.576952255293727,0.0029296441243449965,0.572187146693468,0.5801086665689945,4,"1000,1001,1002,1003",90200,200,True
repeat-copy,controls,loss,random,3600,0.5705518621951341,0.005615030462434992,0.5612123471498489,0.5760838925838471,4,"1000,1001,1002,1003",90200,200,True
repeat-copy,controls,loss,random,3800,0.5670802288129926,0.0031105621405898556,0.5635435943305492,0.5710761366784572,4,"1000,1001,1002,1003",90200,200,True
repeat-copy,controls,loss,random,4000,0.5655233084782959,0.0038386430439563335,0.5617554217576981,0.571462914198637,4,"1000,1001,1002,1003",90200,200,True
repeat-copy,controls,loss,random,4200,0.5619760844856501,0.003966508824235688,0.5551119457185268,0.5645347665250301,4,"1000,1001,1002,1003",90200,200,True
repeat-copy,controls,loss,random,4400,0.5586837700009346,0.0036013469667369497,0.5532582624256611,0.5630824488401412,4,"1000,1001,1002,1003",90200,200,True
repeat-copy,controls,loss,random,4600,0.5582573038339615,0.008495352660423705,0.5457332302629948,0.5695957805216313,4,"1000,1001,1002,1003",90200,200,True
repeat-copy,controls,loss,random,4800,0.5545598214678467,0.007621160289894424,0.5418178388476371,0.5608352858573198,4,"1000,1001,1002,1003",90200,200,True
repeat-copy,controls,loss,random,5000,0.5472573940269649,0.012850074348849343,0.5252219537645578,0.5575088800489902,4,"1000,1001,1002,1003",90200,200,True
repeat-copy,controls,loss,random,5200,0.53713652305305,0.020242490354116724,0.5028749389946461,0.5542469415068626,4,"1000,1001,1002,1003",90200,200,True
repeat-copy,controls,loss,random,5400,0.5334691593050956,0.036549424846007136,0.4709234231710434,0.5618814547359944,4,"1000,1001,1002,1003",90200,200,True
repeat-copy,controls,loss,random,5600,0.5173143053427338,0.05738204405697671,0.41809645742177964,0.555563671439886,4,"1000,1001,1002,1003",90200,200,True
repeat-copy,controls,loss,random,5800,0.5013489745929838,0.0737431780593803,0.3737019620835781,0.5479266957938671,4,"1000,1001,1002,1003",90200,200,True
repeat-copy,controls,loss,random,6000,0.4929154216777533,0.09363456346061105,0.3308343336358666,0.5500837250798941,4,"1000,1001,1002,1003",90200,200,True
repeat-copy,controls,loss,random,6200,0.48457404516637326,0.1117546107030467,0.2911105328053236,0.5537751176953316,4,"1000,1001,1002,1003",90200,200,True
repeat-copy,controls,loss,random,6400,0.46079242804087694,0.1438318345404137,0.21173031833022832,0.5474946087598801,4,"1000,1001,1002,1003",90200,200,True
repeat-copy,controls,loss,random,6600,0.4571928571071476,0.15420065965327315,0.19015032734721898,0.5505725647509098,4,"1000,1001,1002,1003",90200,200,True
repeat-copy,controls,loss,random,6800,0.43660674267914146,0.18171949116073566,0.12194041868671775,0.5477951918542385,4,"1000,1001,1002,1003",90200,200,True
repeat-copy,controls,loss,random,7000,0.4329303245805204,0.18616643369181016,0.11050367526710034,0.5437874284386635,4,"1000,1001,1002,1003",90200,200,True
repeat-copy,controls,loss,random,7200,0.43167888144031163,0.19788406223514504,0.08895760625600815,0.5496900814771652,4,"1000,1001,1002,1003",90200,200,True
repeat-copy,controls,loss,random,7400,0.4328206557105296,0.18851755355883001,0.10631323951296508,0.5442298645526171,4,"1000,1001,1002,1003",90200,200,True
repeat-copy,controls,loss,random,7600,0.4178019136795774,0.2091358995786739,0.055724067334085706,0.5463897414505482,4,"1000,1001,1002,1003",90200,200,True
repeat-copy,controls,loss,random,7800,0.4125201735156588,0.21561781192180723,0.039159174812957644,0.5439410343766212,4,"1000,1001,1002,1003",90200,200,True
repeat-copy,controls,loss,random,8000,0.40967626187135464,0.21343961348055693,0.04004465442616492,0.5365425101667642,4,"1000,1001,1002,1003",90200,200,True
repeat-copy,controls,loss,random,8200,0.4079983675340191,0.2176289594279769,0.031157696414738895,0.5411932173371315,4,"1000,1001,1002,1003",90200,200,True
repeat-copy,controls,loss,random,8400,0.4109063673519995,0.2182518550862921,0.03291823340114206,0.5401907828450203,4,"1000,1001,1002,1003",90200,200,True
repeat-copy,controls,loss,random,8600,0.40281912180071233,0.22065128221403466,0.02090097469976172,0.5391121396422386,4,"1000,1001,1002,1003",90200,200,True
repeat-copy,controls,loss,random,8800,0.4010035648322082,0.21867569144880716,0.022454386627068744,0.5390037079155445,4,"1000,1001,1002,1003",90200,200,True
repeat-copy,controls,loss,random,9000,0.4006750259909313,0.2035963561868803,0.048927251207642256,0.5344076165184378,4,"1000,1001,1002,1003",90200,200,True
repeat-copy,controls,loss,random,9200,0.38801223578251665,0.1979450004608827,0.0530950755008962,0.5375219483673572,4,"1000,1001,1002,1003",90200,200,True
repeat-copy,controls,loss,random,9400,0.3625453418600955,0.21048835351093317,0.012775375029304996,0.5291975691914559,4,"1000,1001,1002,1003",90200,200,True
repeat-copy,controls,loss,random,9600,0.3609163481896394,0.20664760167644705,0.028292980851838366,0.5386769811064005,4,"1000,1001,1002,1003",90200,200,True
repeat-copy,controls,loss,random,9800,0.349103055870728,0.2094912010291749,0.01457723481435096,0.5305542741715908,4,"1000,1001,1002,1003",90200,200,True
repeat-copy,controls,loss,random,10000,0.3233033968522795,0.21346108494295743,0.04338316496112384,0.5310042408853769,4,"1000,1001,1002,1003",90200,200,True
repeat-copy,controls,loss,random,10200,0.29690915182160094,0.23080181368174127,0.05918287215929013,0.5319264788925647,4,"1000,1001,1002,1003",90200,200,True
repeat-copy,controls,loss,random,10400,0.2862121586180001,0.24333497118312172,0.007940338865737431,0.5318329774215818,4,"1000,1001,1002,1003",90200,200,True
repeat-copy,controls,loss,random,10600,0.32630700833746235,0.21748672376292663,0.00817680274369195,0.5342073331773282,4,"1000,1001,1002,1003",90200,200,True
repeat-copy,controls,loss,random,10800,0.3645862975239288,0.19973817689462614,0.028937481874600053,0.5165987417846918,4,"1000,1001,1002,1003",90200,200,True
repeat-copy,controls,loss,random,11000,0.28943186655800673,0.2350208369451978,0.008419863846502267,0.5257158801704646,4,"1000,1001,1002,1003",90200,200,True
repeat-copy,controls,loss,random,11200,0.29826226862329347,0.23109859099962526,0.007688609597098548,0.5304318802058696,4,"1000,1001,1002,1003",90200,200,True
repeat-copy,controls,loss,random,11400,0.2816135707437934,0.2476667353934119,0.007406371752149425,0.533798194155097,4,"1000,1001,1002,1003",90200,200,True
repeat-copy,controls,loss,random,11600,0.28103712902273403,0.24300214728976594,0.0072820242802845315,0.526469913944602,4,"1000,1001,1002,1003",90200,200,True
repeat-copy,controls,loss,random,11800,0.2704656884721044,0.24684806625262606,0.005036364314437378,0.5256854010373354,4,"1000,1001,1002,1003",90200,200,True
repeat-copy,controls,loss,random,12000,0.28375146465077705,0.23559915871655981,0.005393641385308001,0.527825903147459,4,"1000,1001,1002,1003",90200,200,True
repeat-copy,controls,loss,random,12200,0.2760937048248161,0.24827062096498823,0.014210810502117966,0.5244820151478052,4,"1000,1001,1002,1003",90200,200,True
repeat-copy,controls,loss,random,12400,0.2729851960071392,0.24666525309755521,0.005435455710685346,0.5205084795504809,4,"1000,1001,1002,1003",90200,200,True
repeat-copy,controls,loss,random,12600,0.2737784687324165,0.2505036953177488,0.002116083912260365,0.5269347303360701,4,"1000,1001,1002,1003",90200,200,True
repeat-copy,controls,loss,random,12800,0.27269196989302147,0.24829611656514436,0.009444620803842554,0.5376613081246614,4,"1000,1001,1002,1003",90200,200,True
repeat-copy,controls,loss,random,13000,0.2708705877319153,0.2457048839020369,0.016880444898852147,0.5178495454788208,4,"1000,1001,1002,1003",90200,200,True
repeat-copy,controls,loss,random,13200,0.26523771006815877,0.25496636419849694,0.0022707395857287337,0.5249334120005369,4,"1000,1001,1002,1003",90200,200,True
repeat-copy,controls,loss,random,13400,0.2765088012345586,0.2481189245195296,0.003533618918590946,0.5255807273462415,4,"1000,1001,1002,1003",90200,200,True
repeat-copy,controls,loss,random,13600,0.2660472486516119,0.25473698336918804,0.006003687241245643,0.5215738954022526,4,"1000,1001,1002,1003",90200,200,True
repeat-copy,controls,loss,random,13800,0.2633705532539898,0.25203794023526965,0.002818077615229413,0.5185874152928591,4,"1000,1001,1002,1003",90200,200,True
repeat-copy,controls,loss,random,14000,0.25988747763391074,0.2532823710273565,0.0007113601943274262,0.5160076969116926,4,"1000,1001,1002,1003",90200,200,True
repeat-copy,controls,loss,random,14200,0.2555206353097765,0.24726029313501702,0.006967638611276925,0.5029656587541104,4,"1000,1001,1002,1003",90200,200,True
repeat-copy,controls,loss,random,14400,0.25938283213524305,0.2520457380669176,0.005388346845320484,0.5191321711242199,4,"1000,1001,1002,1003",90200,200,True
repeat-copy,controls,loss,random,14600,0.2619524027529042,0.2574115392668841,0.0014350024063605816,0.5233642672002315,4,"1000,1001,1002,1003",90200,200,True
repeat-copy,controls,loss,random,14800,0.25732805383540835,0.2500067456284335,0.005376809344306821,0.5177704480290413,4,"1000,1001,1002,1003",90200,200,True
repeat-copy,controls,loss,random,15000,0.262607540694471,0.2438089690982332,0.008444538429466774,0.50713752720505,4,"1000,1001,1002,1003",90200,200,True
repeat-copy,controls,loss,random,15200,0.2595509159075391,0.24956751652803125,0.002986849062253896,0.5192405143007636,4,"1000,1001,1002,1003",90200,200,True
repeat-copy,controls,loss,random,15400,0.33433838938804,0.2033713966899007,0.006186531968160125,0.5167658086121082,4,"1000,1001,1002,1003",90200,200,True
repeat-copy,controls,loss,random,15600,0.2570052739177254,0.24600144225549359,0.0003725452138132823,0.5119893074780703,4,"1000,1001,1002,1003",90200,200,True
repeat-copy,controls,loss,random,15800,0.26433681309998974,0.23477741523102685,0.02572831802695873,0.5003192855417729,4,"1000,1001,1002,1003",90200,200,True
repeat-copy,controls,loss,random,16000,0.2561970599064853,0.25254714104229753,0.0021472476225062563,0.5122690438479185,4,"1000,1001,1002,1003",90200,200,True
repeat-copy,controls,loss,random,16200,0.29934432858049154,0.2135987994555481,0.009934271091769914,0.5138109043240547,4,"1000,1001,1002,1003",90200,200,True
repeat-copy,controls,loss,random,16400,0.2520672067368196,0.2491523655083911,0.000513432359257422,0.5161973274499178,4,"1000,1001,1002,1003",90200,200,True
repeat-copy,controls,loss,random,16600,0.2538703662492162,0.24139692431857607,0.005706650933789205,0.5039600987918675,4,"1000,1001,1002,1003",90200,200,True
repeat-copy,controls,loss,random,16800,0.2531031509719787,0.24924639900586656,0.0026255270343790472,0.5092236994579434,4,"1000,1001,1002,1003",90200,200,True
repeat-copy,controls,loss,random,17000,0.2512866149012234,0.2477065337999315,0.002867845789241983,0.5058197135478258,4,"1000,1001,1002,1003",90200,200,True
repeat-copy,controls,loss,random,17200,0.2513571797609029,0.2504808237322347,0.000552505708164972,0.5127587392181158,4,"1000,1001,1002,1003",90200,200,True
repeat-copy,controls,loss,random,17400,0.2479830953839837,0.24458860725746992,0.0012305087941058446,0.5032252053916454,4,"1000,1001,1002,1003",90200,200,True
repeat-copy,controls,loss,random,17600,0.24660105802435167,0.24516364249204775,0.0002554564628690059,0.4960313425399363,4,"1000,1001,1002,1003",90200,200,True
repeat-copy,controls,loss,random,17800,0.28374698572525175,0.20960060183331206,0.058115362344706226,0.495145656503737,4,"1000,1001,1002,1003",90200,200,True
repeat-copy,controls,loss,random,18000,0.26830669958414544,0.2273957200746841,0.0017519939718113164,0.5057767046242952,4,"1000,1001,1002,1003",90200,200,True
repeat-copy,controls,loss,random,18200,0.24453465313866216,0.24197668779176734,0.0004888847298934706,0.501219580322504,4,"1000,1001,1002,1003",90200,200,True
repeat-copy,controls,loss,random,18400,0.2433664354525038,0.23908183650741147,0.00011800011774653286,0.4908399137482047,4,"1000,1001,1002,1003",90200,200,True
repeat-copy,controls,loss,random,18600,0.2511876628152959,0.24903686717651724,0.0013621857277030358,0.501486238501966,4,"1000,1001,1002,1003",90200,200,True
repeat-copy,controls,loss,random,18800,0.24322468099317918,0.24233897484195935,0.0006429285840886223,0.5021928293630481,4,"1000,1001,1002,1003",90200,200,True
repeat-copy,controls,loss,random,19000,0.24105748948679773,0.24008997241918298,0.0007087582544772886,0.4911951800063252,4,"1000,1001,1002,1003",90200,200,True
repeat-copy,controls,loss,random,19200,0.2438917078884526,0.23964732121447715,0.0036012014735797493,0.4935651416704059,4,"1000,1001,1002,1003",90200,200,True
repeat-copy,controls,loss,random,19400,0.26903293309279663,0.21399976930547152,0.0019098783684239607,0.4872374638170004,4,"1000,1001,1002,1003",90200,200,True
repeat-copy,controls,loss,random,19600,0.2418383860365566,0.2227683571883455,0.0018539989943201364,0.47109172683209183,4,"1000,1001,1002,1003",90200,200,True
repeat-copy,controls,loss,random,19800,0.2541683841678059,0.23015417686038128,0.0029823432311786744,0.49729365680366755,4,"1000,1001,1002,1003",90200,200,True
repeat-copy,controls,loss,random,20000,0.23892439729258969,0.2351423249916807,0.0035745509140906505,0.4916756503283978,4,"1000,1001,1002,1003",90200,200,True
repeat-copy,controls,loss,random,20200,0.23884654768195335,0.2386891016073073,0.0002774317506009538,0.4908869601041079,4,"1000,1001,1002,1003",90200,200,True
repeat-copy,controls,loss,random,20400,0.23881708253106582,0.2383484642622509,0.0003242217652314139,0.49320141203701495,4,"1000,1001,1002,1003",90200,200,True
repeat-copy,controls,loss,random,20600,0.2402679433131658,0.23911982386393202,0.00012913039738350564,0.48238616943359375,4,"1000,1001,1002,1003",90200,200,True
repeat-copy,controls,loss,random,20800,0.23576278194058375,0.23457387849727745,4.496409963167025e-05,0.4867850971594453,4,"1000,1001,1002,1003",90200,200,True
repeat-copy,controls,loss,random,21000,0.23469614744764158,0.23396298530475604,5.204639239309472e-05,0.48969953395426274,4,"1000,1001,1002,1003",90200,200,True
repeat-copy,controls,loss,random,21200,0.24250874870699674,0.21784531618627098,0.0010503750897078135,0.47824615735560655,4,"1000,1001,1002,1003",90200,200,True
repeat-copy,controls,loss,random,21400,0.23134545811693585,0.23038874681051086,0.00010100534801154027,0.4782850251533091,4,"1000,1001,1002,1003",90200,200,True
repeat-copy,controls,loss,random,21600,0.22956815162715258,0.22534645067056677,0.0027575570650697047,0.47030470065772534,4,"1000,1001,1002,1003",90200,200,True
repeat-copy,controls,loss,random,21800,0.2300725638513586,0.22511745231909294,9.832329537857731e-05,0.4750531128793955,4,"1000,1001,1002,1003",90200,200,True
repeat-copy,controls,loss,random,22000,0.22858232679314533,0.22718513650228414,0.0002526147443560944,0.4667088384926319,4,"1000,1001,1002,1003",90200,200,True
repeat-copy,controls,loss,random,22200,0.22295418176388976,0.21625221215637763,7.395085656980882e-05,0.44160117395222187,4,"1000,1001,1002,1003",90200,200,True
repeat-copy,controls,loss,random,22400,0.24858157431162786,0.18005078204647354,0.0007330933338289469,0.44730288099497556,4,"1000,1001,1002,1003",90200,200,True
repeat-copy,controls,loss,random,22600,0.19389851570384664,0.18365930431713695,0.00035698694219718166,0.42880711363162843,4,"1000,1001,1002,1003",90200,200,True
repeat-copy,controls,loss,random,22800,0.1839912796230834,0.18419246963847724,2.898724270380626e-05,0.43544710864312947,4,"1000,1001,1002,1003",90200,200,True
repeat-copy,controls,loss,random,23000,0.18271993996005337,0.18220712299872835,0.002528817152697229,0.41936464035883547,4,"1000,1001,1002,1003",90200,200,True
repeat-copy,controls,loss,random,23200,0.1712263629542906,0.18412908845145814,0.0011146966830347083,0.4415754657331854,4,"1000,1001,1002,1003",90200,200,True
repeat-copy,controls,loss,random,23400,0.17758259403900922,0.1667064373608182,0.0023779218847266746,0.4068284865655005,4,"1000,1001,1002,1003",90200,200,True
repeat-copy,controls,loss,random,23600,0.15345189841079332,0.15891370408451858,0.0011948567765375628,0.3759961423370987,4,"1000,1001,1002,1003",90200,200,True
repeat-copy,controls,loss,random,23800,0.14676586066496555,0.15492721814645394,0.0014107178863764602,0.3699721549917012,4,"1000,1001,1002,1003",90200,200,True
repeat-copy,controls,loss,random,24000,0.1539629234139045,0.1655069383528352,0.0002305685207966235,0.39893291261512787,4,"1000,1001,1002,1003",90200,200,True
repeat-copy,controls,loss,random,24200,0.13221910196074987,0.15377511679225958,0.00020276352401197073,0.3764723291667178,4,"1000,1001,1002,1003",90200,200,True
repeat-copy,controls,loss,random,24400,0.12159621041426248,0.15661578556812353,0.0035742526566127707,0.3876068196212873,4,"1000,1001,1002,1003",90200,200,True
repeat-copy,controls,loss,random,24600,0.11191561032961546,0.15322335606903367,0.0001807017373130293,0.37297078378032894,4,"1000,1001,1002,1003",90200,200,True
repeat-copy,controls,loss,random,24800,0.11449326012989217,0.15540663975451763,0.0006686868758652054,0.3789003532193601,4,"1000,1001,1002,1003",90200,200,True
repeat-copy,controls,loss,random,25000,0.11289177538841522,0.15424569557413265,2.0531298160619828e-05,0.3751520508993417,4,"1000,1001,1002,1003",90200,200,True
repeat-copy,controls,loss,random,25200,0.1035198709677198,0.1528772008273416,9.96716147369625e-06,0.3661518267239444,4,"1000,1001,1002,1003",90200,200,True
repeat-copy,controls,loss,random,25400,0.10808024435974638,0.1420626394545458,0.0060132574584145,0.3516747811390087,4,"1000,1001,1002,1003",90200,200,True
repeat-copy,controls,loss,random,25600,0.24022540179803398,0.2503670138785743,6.278282549601499e-05,0.5933330803603166,4,"1000,1001,1002,1003",90200,200,True
repeat-copy,controls,loss,random,25800,0.18195341386999828,0.18192307850469136,1.601463238159795e-05,0.37329964684322475,4,"1000,1001,1002,1003",90200,200,True
repeat-copy,controls,loss,random,26000,0.17567682417231525,0.10841518770764053,0.04105067116675173,0.3348067795019597,4,"1000,1001,1002,1003",90200,200,True
repeat-copy,controls,loss,random,26200,0.21871870327019566,0.14088884269464116,0.002650758175518604,0.35041849673725667,4,"1000,1001,1002,1003",90200,200,True
repeat-copy,controls,loss,random,26400,0.15665406542362376,0.24731060553746076,0.00048050240898533047,0.584027428086847,4,"1000,1001,1002,1003",90200,200,True
repeat-copy,controls,loss,random,26600,0.09918364561736466,0.1474139472098343,0.0019402895173743673,0.35327723659574983,4,"1000,1001,1002,1003",90200,200,True
repeat-copy,controls,loss,random,26800,0.08800461742833249,0.1340487693888052,0.001395837878403654,0.31961842412129043,4,"1000,1001,1002,1003",90200,200,True
repeat-copy,controls,loss,random,27000,0.08590282565205996,0.13563407596315757,4.137774401669958e-05,0.3203085482819006,4,"1000,1001,1002,1003",90200,200,True
repeat-copy,controls,loss,random,27200,0.08223577086081463,0.13346075198516902,4.2443004089136595e-05,0.3131316956342198,4,"1000,1001,1002,1003",90200,200,True
repeat-copy,controls,loss,random,27400,0.077613107235805,0.11914133135361338,0.0038875050901583563,0.2838295474741608,4,"1000,1001,1002,1003",90200,200,True
repeat-copy,controls,loss,random,27600,0.08227777879182958,0.13277841211208463,2.11530932392634e-05,0.3121587304538116,4,"1000,1001,1002,1003",90200,200,True
repeat-copy,controls,loss,random,27800,0.0743739575044414,0.11823691934095164,0.00016868123804954392,0.27880454742116856,4,"1000,1001,1002,1003",90200,200,True
repeat-copy,controls,loss,random,28000,0.07502161845116746,0.11281146685323179,0.0027047749697078414,0.27025882941205054,4,"1000,1001,1002,1003",90200,200,True
repeat-copy,controls,loss,random,28200,0.10805552985985316,0.10378023324292177,0.00721099945178139,0.2777821959904395,4,"1000,1001,1002,1003",90200,200,True
repeat-copy,controls,loss,random,28400,0.09182745484876194,0.10679628374131743,6.402537355597815e-05,0.265537803680636,4,"1000,1001,1002,1003",90200,200,True
repeat-copy,controls,loss,random,28600,0.07786165102606334,0.1076377161012557,6.55171879975569e-05,0.26285103176953273,4,"1000,1001,1002,1003",90200,200,True
repeat-copy,controls,loss,random,28800,0.0768530472643731,0.09916752282020165,0.00448517204388736,0.24555358332116156,4,"1000,1001,1002,1003",90200,200,True
repeat-copy,controls,loss,random,29000,0.06779377002414846,0.11285871183892497,2.8553069092822625e-05,0.2631944850692525,4,"1000,1001,1002,1003",90200,200,True
repeat-copy,controls,loss,random,29200,0.06470684247936602,0.10772898068224376,0.0006075356708839763,0.25128212821669876,4,"1000,1001,1002,1003",90200,200,True
repeat-copy,controls,loss,random,29400,0.06030942806297517,0.09355025306593902,5.8110699660005596e-05,0.22182129918364807,4,"1000,1001,1002,1003",90200,200,True
repeat-copy,controls,loss,random,29600,0.06518258128846902,0.10840759354250039,0.0020197715872069468,0.25294845740310845,4,"1000,1001,1002,1003",90200,200,True
repeat-copy,controls,loss,random,29800,0.07290429018845415,0.12299064130894093,4.48098914938555e-05,0.28590406325645745,4,"1000,1001,1002,1003",90200,200,True
repeat-copy,controls,loss,random,30000,0.07058862631324245,0.10719125726754516,0.0024929768870060797,0.2558304821001366,4,"1000,1001,1002,1003",90200,200,True
repeat-copy,controls,loss,random,30200,0.06569100456811369,0.09248138388904245,0.00022782995840032072,0.22429884295212105,4,"1000,1001,1002,1003",90200,200,True
repeat-copy,controls,loss,random,30400,0.05448929197536241,0.09224296461841253,8.235184276230712e-06,0.21424115831498056,4,"1000,1001,1002,1003",90200,200,True
repeat-copy,controls,loss,random,30600,0.05893103239446818,0.08546679620720113,1.4866753070990058e-05,0.20580213415203616,4,"1000,1001,1002,1003",90200,200,True
repeat-copy,controls,loss,random,30800,0.05596995572585114,0.09349967222844002,1.8246846460066025e-05,0.21786207604571245,4,"1000,1001,1002,1003",90200,200,True
repeat-copy,controls,loss,random,31000,0.06156420325958283,0.10318325246902371,5.0057444460946954e-05,0.24027088220929727,4,"1000,1001,1002,1003",90200,200,True
repeat-copy,controls,loss,random,31200,0.05911812094446643,0.09379322241304523,8.331890509403195e-06,0.22132929881103336,4,"1000,1001,1002,1003",90200,200,True
repeat-copy,controls,loss,random,31400,0.06261547108357987,0.08873942530913052,0.00047163191543859285,0.21523720822879114,4,"1000,1001,1002,1003",90200,200,True
repeat-copy,controls,loss,random,31600,0.0773072817799525,0.10079435895798762,0.0034186311666871915,0.24846066567581146,4,"1000,1001,1002,1003",90200,200,True
repeat-copy,controls,loss,random,31800,0.05186760299585228,0.08621427400046047,0.00011658876898081871,0.20118032697355376,4,"1000,1001,1002,1003",90200,200,True
repeat-copy,controls,loss,random,32000,0.052156574112679314,0.0881884237417872,1.6347578643589598e-05,0.20489430479356088,4,"1000,1001,1002,1003",90200,200,True
repeat-copy,controls,loss,random,32200,0.06980280777177333,0.1126964313170333,5.849770918189279e-06,0.26491239637485703,4,"1000,1001,1002,1003",90200,200,True
repeat-copy,controls,loss,random,32400,0.06200702149860165,0.09287119357120438,2.623490907730286e-05,0.22182575351558625,4,"1000,1001,1002,1003",90200,200,True
repeat-copy,controls,loss,random,32600,0.05709054668650005,0.097787914574722,1.6977777725912802e-06,0.22645888826344163,4,"1000,1001,1002,1003",90200,200,True
repeat-copy,controls,loss,random,32800,0.05073421830373298,0.08674467156920117,0.00041858481405496304,0.2009800520632416,4,"1000,1001,1002,1003",90200,200,True
repeat-copy,controls,loss,random,33000,0.05753966987339593,0.07835523995314292,0.0010887615611454749,0.1914688825956546,4,"1000,1001,1002,1003",90200,200,True
repeat-copy,controls,loss,random,33200,0.06619361287748222,0.06782918325655059,6.137614852974593e-06,0.17344851438654588,4,"1000,1001,1002,1003",90200,200,True
repeat-copy,controls,loss,random,33400,0.05731947048639525,0.09486581996065134,0.0012864628878833174,0.22161900126258843,4,"1000,1001,1002,1003",90200,200,True
repeat-copy,controls,loss,random,33600,0.05517596977817674,0.09516407014170718,2.0663952260946416e-06,0.22000433282577433,4,"1000,1001,1002,1003",90200,200,True
repeat-copy,controls,loss,random,33800,0.13610199820435412,0.23111587366835334,0.0020471023128957456,0.5364052074358915,4,"1000,1001,1002,1003",90200,200,True
repeat-copy,controls,loss,random,34000,0.05675256194413756,0.08738272535589924,0.0021521375595249027,0.20788734530564398,4,"1000,1001,1002,1003",90200,200,True
repeat-copy,controls,loss,random,34200,0.04329528024235451,0.07200332634154558,0.0011086736847641986,0.16800518239382656,4,"1000,1001,1002,1003",90200,200,True
repeat-copy,controls,loss,random,34400,0.0493239608349657,0.08066224682012454,1.3947032754231258e-05,0.1889629345445428,4,"1000,1001,1002,1003",90200,200,True
repeat-copy,controls,loss,random,34600,0.05810405886313675,0.08954075650080501,7.07198991108271e-06,0.21257840136531742,4,"1000,1001,1002,1003",90200,200,True
repeat-copy,controls,loss,random,34800,0.06897209350578097,0.11577961317501352,9.390039468861744e-06,0.269484897647053,4,"1000,1001,1002,1003",90200,200,True
repeat-copy,controls,loss,random,35000,0.04273821221905302,0.0685575381249052,0.0009931893302757545,0.16146041390835308,4,"1000,1001,1002,1003",90200,200,True
repeat-copy,controls,loss,random,35200,0.04610776857961131,0.0782555022698484,7.765601985312287e-06,0.18164362829294986,4,"1000,1001,1002,1003",90200,200,True
repeat-copy,controls,loss,random,35400,0.04626296182849567,0.07867745883038385,2.687561329928201e-06,0.1825319710560143,4,"1000,1001,1002,1003",90200,200,True
repeat-copy,controls,loss,random,35600,0.04678226631349685,0.07594178150805049,0.000254589788928854,0.1781943869055249,4,"1000,1001,1002,1003",90200,200,True
repeat-copy,controls,loss,random,35800,0.03546956777700152,0.05989698918434803,4.264933101012502e-06,0.13920750501041768,4,"1000,1001,1002,1003",90200,200,True
repeat-copy,controls,loss,random,36000,0.0416385410055908,0.06596036065031942,0.0006520883890392071,0.15581338626041544,4,"1000,1001,1002,1003",90200,200,True
repeat-copy,controls,loss,random,36200,0.0515920241040086,0.0561810460520114,1.069646594350715e-05,0.1368617628910579,4,"1000,1001,1002,1003",90200,200,True
repeat-copy,controls,loss,random,36400,0.05778094716075871,0.05714510043783766,3.767592732344838e-05,0.12595528344390913,4,"1000,1001,1002,1003",90200,200,True
repeat-copy,controls,loss,random,36600,0.0514016511377092,0.08126645184642614,0.00031107297670168065,0.19203321856970434,4,"1000,1001,1002,1003",90200,200,True
repeat-copy,controls,loss,random,36800,0.18326204916463443,0.2152044797969802,0.001566971110328268,0.5338153150235303,4,"1000,1001,1002,1003",90200,200,True
repeat-copy,controls,loss,random,37000,0.12081590082123349,0.12375991511280458,0.00044983978627413987,0.28226903279777615,4,"1000,1001,1002,1003",90200,200,True
repeat-copy,controls,loss,random,37200,0.05258941537333788,0.09072062005094673,7.709020684387724e-06,0.20972155611729248,4,"1000,1001,1002,1003",90200,200,True
repeat-copy,controls,loss,random,37400,0.05648304259649118,0.0937208468925617,1.6956015683433633e-06,0.21879269810160623,4,"1000,1001,1002,1003",90200,200,True
repeat-copy,controls,loss,random,37600,0.038019717383304584,0.06406335314530492,4.59486389665642e-06,0.14897451449185609,4,"1000,1001,1002,1003",90200,200,True
repeat-copy,controls,loss,random,37800,0.03761408481775897,0.06300360640069837,0.0001950694722654589,0.14671677782549522,4,"1000,1001,1002,1003",90200,200,True
repeat-copy,controls,loss,random,38000,0.03806484340116267,0.061881238171950737,1.739844616409414e-05,0.1451635537482798,4,"1000,1001,1002,1003",90200,200,True
repeat-copy,controls,loss,random,38200,0.028835540523245055,0.04470175327038311,0.00018804828053362144,0.10612604684079997,4,"1000,1001,1002,1003",90200,200,True
repeat-copy,controls,loss,random,38400,0.2932534671784383,0.4380623335534034,1.7821606934376178e-05,1.04686788879452,4,"1000,1001,1002,1003",90200,200,True
repeat-copy,controls,loss,random,38600,0.10912537084940285,0.1643067651578446,1.2676302741390088e-05,0.3921404419126702,4,"1000,1001,1002,1003",90200,200,True
repeat-copy,controls,loss,random,38800,0.010845904198836676,0.01747759585110936,0.0002528522496754704,0.04110145712504163,4,"1000,1001,1002,1003",90200,200,True
repeat-copy,controls,loss,random,39000,0.0164159720026219,0.013326673125723576,0.002190960571915639,0.0311470907452167,4,"1000,1001,1002,1003",90200,200,True
repeat-copy,controls,loss,random,39200,0.008272469789262668,0.01277456953236961,8.356925371728608e-06,0.03037527445296291,4,"1000,1001,1002,1003",90200,200,True
repeat-copy,controls,loss,random,39400,0.014268865197588671,0.019679358690769144,0.0005147123123651909,0.04802106979303062,4,"1000,1001,1002,1003",90200,200,True
repeat-copy,controls,loss,random,39600,0.18295859381955068,0.19115607716976799,1.6123492607107437e-05,0.450908702454351,4,"1000,1001,1002,1003",90200,200,True
repeat-copy,controls,loss,random,39800,0.1803956047062633,0.19309262380805955,2.9598412409370667e-06,0.46119861494284126,4,"1000,1001,1002,1003",90200,200,True
repeat-copy,controls,loss,random,40000,0.054471975937471544,0.08676688512079254,0.002731017713550976,0.20472752106084954,4,"1000,1001,1002,1003",90200,200,True
repeat-copy,controls,loss,random,40200,0.016588519441665773,0.02808487829979977,1.5912690462549507e-05,0.06522947502497117,4,"1000,1001,1002,1003",90200,200,True
repeat-copy,controls,loss,random,40400,0.020486100570331425,0.035138464843311165,9.635068789677347e-06,0.08134685150929727,4,"1000,1001,1002,1003",90200,200,True
repeat-copy,controls,loss,random,40600,0.03329585928114399,0.0529176715561193,0.0014036936356234264,0.12494087109691464,4,"1000,1001,1002,1003",90200,200,True
repeat-copy,controls,loss,random,40800,0.04008502316968859,0.06652120746875927,2.147975571205052e-05,0.15526030748442282,4,"1000,1001,1002,1003",90200,200,True
repeat-copy,controls,loss,random,41000,0.04880577393105732,0.0759764515812046,3.138485632092625e-06,0.1799601707799593,4,"1000,1001,1002,1003",90200,200,True
repeat-copy,controls,loss,random,41200,0.037349975680591105,0.06187562983899918,1.9382026040659638e-05,0.14450008583866292,4,"1000,1001,1002,1003",90200,200,True
repeat-copy,controls,loss,random,41400,0.04306030602458262,0.06802869575551988,6.059477016311377e-06,0.16082019165391104,4,"1000,1001,1002,1003",90200,200,True
repeat-copy,controls,loss,random,41600,0.04849281538538081,0.07725836568403727,2.427595693461626e-06,0.18204729204386239,4,"1000,1001,1002,1003",90200,200,True
repeat-copy,controls,loss,random,41800,0.027864435851920125,0.03713514043308973,6.892514450413501e-05,0.09180966741754673,4,"1000,1001,1002,1003",90200,200,True
repeat-copy,controls,loss,random,42000,0.03760840157738992,0.04369126415835983,6.712097734506983e-06,0.106728664971306,4,"1000,1001,1002,1003",90200,200,True
repeat-copy,controls,loss,random,42200,0.033890567308155796,0.05827502785390994,3.476979543037828e-06,0.13482457730046007,4,"1000,1001,1002,1003",90200,200,True
repeat-copy,controls,loss,random,42400,0.034075534852682436,0.05584317108674687,3.2263260723119915e-06,0.13077345607933238,4,"1000,1001,1002,1003",90200,200,True
repeat-copy,controls,loss,random,42600,0.03494562263289885,0.05975742172100455,4.068461799575651e-06,0.1384442811383633,4,"1000,1001,1002,1003",90200,200,True
repeat-copy,controls,loss,random,42800,0.04081095094046504,0.06239738366900727,0.0011556448281404919,0.14861270527006126,4,"1000,1001,1002,1003",90200,200,True
repeat-copy,controls,loss,random,43000,0.0935418716243879,0.14118617167859965,2.4998877004378528e-06,0.33667026656225757,4,"1000,1001,1002,1003",90200,200,True
repeat-copy,controls,loss,random,43200,0.005503141842540415,0.008216581574524465,5.358816379441578e-07,0.019703145019884686,4,"1000,1001,1002,1003",90200,200,True
repeat-copy,controls,loss,random,43400,0.005473627361174183,0.008094682320651364,3.2541099598049073e-07,0.019381431826623156,4,"1000,1001,1002,1003",90200,200,True
repeat-copy,controls,loss,random,43600,0.0062586387390091,0.010719119696887498,8.232453820333774e-07,0.02482426979986485,4,"1000,1001,1002,1003",90200,200,True
repeat-copy,controls,loss,random,43800,0.032385244277604676,0.04275242861404983,0.0009338504045177842,0.10555263094461564,4,"1000,1001,1002,1003",90200,200,True
repeat-copy,controls,loss,random,44000,0.004666017431770983,0.007904953819895609,2.4973712654343672e-05,0.018357545812759783,4,"1000,1001,1002,1003",90200,200,True
repeat-copy,controls,loss,random,44200,0.005337423606973273,0.005643327750957182,1.1671720543660058e-06,0.01327327979102847,4,"1000,1001,1002,1003",90200,200,True
repeat-copy,controls,loss,random,44400,0.004052792686979133,0.004152179739812179,0.0004804662724075115,0.011058322083263192,4,"1000,1001,1002,1003",90200,200,True
repeat-copy,controls,loss,random,44600,0.0015014352824075927,0.002479730443663404,8.884631480921001e-07,0.005794287713652011,4,"1000,1001,1002,1003",90200,200,True
repeat-copy,controls,loss,random,44800,0.14660466515549958,0.24691368534376545,0.0009529331036638133,0.5742586094240201,4,"1000,1001,1002,1003",90200,200,True
repeat-copy,controls,loss,random,45000,0.009841126493984472,0.015343058472402017,1.2641774648614047e-06,0.03633095689274342,4,"1000,1001,1002,1003",90200,200,True
repeat-copy,controls,loss,random,45200,0.0065933790553062135,0.011130920624067257,1.2575941075620988e-07,0.02586944485665299,4,"1000,1001,1002,1003",90200,200,True
repeat-copy,controls,loss,random,45400,0.004168412353168786,0.0027261228127166684,5.563706678328728e-06,0.007634196432954923,4,"1000,1001,1002,1003",90200,200,True
repeat-copy,controls,loss,random,45600,0.004204538343446224,0.005661932775900419,5.316819816458818e-07,0.013807098636752925,4,"1000,1001,1002,1003",90200,200,True
repeat-copy,controls,loss,random,45800,0.011442808024580257,0.017968947609207205,2.0536536506687853e-07,0.04248268593371904,4,"1000,1001,1002,1003",90200,200,True
repeat-copy,controls,loss,random,46000,0.004846324533504035,0.00802155571312286,5.882469941846935e-06,0.018733531225007028,4,"1000,1001,1002,1003",90200,200,True
repeat-copy,controls,loss,random,46200,0.005262250987715512,0.004758391039824885,2.1163260681191785e-05,0.012209287606711123,4,"1000,1001,1002,1003",90200,200,True
repeat-copy,controls,loss,random,46400,0.015081607148771103,0.01569792239835693,4.415588214849997e-06,0.037330267007018844,4,"1000,1001,1002,1003",90200,200,True
repeat-copy,controls,loss,random,46600,0.024653425138160677,0.03626592772786155,3.342088057678438e-07,0.08722709008845414,4,"1000,1001,1002,1003",90200,200,True
repeat-copy,controls,loss,random,46800,0.22746901770295228,0.3938954817578996,1.0869474302399596e-07,0.9097159968975757,4,"1000,1001,1002,1003",90200,200,True
repeat-copy,controls,loss,random,47000,0.023308988362498905,0.03995338562084187,1.8610524795370508e-06,0.09250971645989921,4,"1000,1001,1002,1003",90200,200,True
repeat-copy,controls,loss,random,47200,0.011524154621331523,0.017621685026942033,1.8590469714752088e-07,0.041901590175111775,4,"1000,1001,1002,1003",90200,200,True
repeat-copy,controls,loss,random,47400,0.02833687220555304,0.049063770841976606,4.424662454316497e-08,0.11331781379602035,4,"1000,1001,1002,1003",90200,200,True
repeat-copy,controls,loss,random,47600,0.010344659359870082,0.014667833355636898,2.342371891964623e-06,0.03543769327967311,4,"1000,1001,1002,1003",90200,200,True
repeat-copy,controls,loss,random,47800,0.010392861162534036,0.01060467624992012,8.632995690360801e-07,0.02486234275366904,4,"1000,1001,1002,1003",90200,200,True
repeat-copy,controls,loss,random,48000,0.01962331175831247,0.020190627156588665,5.201227691098431e-08,0.0459722140411759,4,"1000,1001,1002,1003",90200,200,True
repeat-copy,controls,loss,random,48200,0.010889995928058586,0.00793019609576203,0.0034055104024497494,0.024211420374485898,4,"1000,1001,1002,1003",90200,200,True
repeat-copy,controls,loss,random,48400,0.009582353769807444,0.015951759398968136,8.811857888479935e-07,0.03720793043627055,4,"1000,1001,1002,1003",90200,200,True
repeat-copy,controls,loss,random,48600,0.028511568387900088,0.04386047349158457,2.921676598345302e-06,0.10418595763221675,4,"1000,1001,1002,1003",90200,200,True
repeat-copy,controls,loss,random,48800,0.005174477997878246,0.004171614173391985,2.7735599443774462e-05,0.011034933385203918,4,"1000,1001,1002,1003",90200,200,True
repeat-copy,controls,loss,random,49000,0.01093649365536309,0.011672527863861842,6.896986428572837e-07,0.027670322589910937,4,"1000,1001,1002,1003",90200,200,True
repeat-copy,controls,loss,random,49200,0.0074369110828882735,0.008893006898955468,1.1972737706145153e-06,0.021772781189338276,4,"1000,1001,1002,1003",90200,200,True
repeat-copy,controls,loss,random,49400,0.00885725912592653,0.011520483230174355,3.7296183215418386e-06,0.028590302183001768,4,"1000,1001,1002,1003",90200,200,True
repeat-copy,controls,loss,random,49600,0.005947283735040578,0.007586817704745229,4.408758346385877e-07,0.018636537214770214,4,"1000,1001,1002,1003",90200,200,True
repeat-copy,controls,loss,random,49800,0.03678579138058735,0.05728885140252435,0.0019654177468696153,0.1359724926690765,4,"1000,1001,1002,1003",90200,200,True
repeat-copy,controls,loss,random,50000,0.0025313779670798507,0.0027088219779037763,6.161689534955883e-07,0.00709899621859222,4,"1000,1001,1002,1003",90200,200,True
repeat-copy,controls,loss,random,50200,0.0019447823725388747,0.002560625802387787,1.5837159684561896e-07,0.00633043430165344,4,"1000,1001,1002,1003",90200,200,True
repeat-copy,controls,loss,random,50400,0.0038393914055706254,0.004784626637474373,0.000990812952668918,0.012124727786143303,4,"1000,1001,1002,1003",90200,200,True
repeat-copy,controls,loss,random,50600,0.02592239822768284,0.044680772597789825,1.872285909385596e-06,0.10331146827666089,4,"1000,1001,1002,1003",90200,200,True
repeat-copy,controls,loss,random,50800,0.02289261845979162,0.026565229207399566,1.5934418566398988e-07,0.06484910242132173,4,"1000,1001,1002,1003",90200,200,True
repeat-copy,controls,loss,random,51000,0.004494008187955463,0.007239414338303271,1.2013769508505412e-05,0.017016040673915996,4,"1000,1001,1002,1003",90200,200,True
repeat-copy,controls,loss,random,51200,0.001482963584260733,0.0023077529797107064,3.455534153815609e-06,0.00547701262323244,4,"1000,1001,1002,1003",90200,200,True
repeat-copy,controls,loss,random,51400,0.0078300098998382,0.00935070258408939,1.2690181676688894e-06,0.022891184208648968,4,"1000,1001,1002,1003",90200,200,True
repeat-copy,controls,loss,random,51600,0.007394016961705159,0.01101278379145511,3.16261944437457e-07,0.026422746990188938,4,"1000,1001,1002,1003",90200,200,True
repeat-copy,controls,loss,random,51800,0.0013803219852891225,0.0023836491742302212,5.672413510460217e-08,0.00550891883964141,4,"1000,1001,1002,1003",90200,200,True
repeat-copy,controls,loss,random,52000,0.0014893706805577762,0.0015690862904323413,1.7928773146103084e-07,0.003677851222182653,4,"1000,1001,1002,1003",90200,200,True
repeat-copy,controls,loss,random,52200,0.013490741923208115,0.01990351630223745,5.709779777762769e-08,0.047677019722163455,4,"1000,1001,1002,1003",90200,200,True
repeat-copy,controls,loss,random,52400,0.0067471705155086525,0.006325402103704998,4.386528734967587e-08,0.016716851824274816,4,"1000,1001,1002,1003",90200,200,True
repeat-copy,controls,loss,random,52600,0.009288668611653632,0.009999060232961722,2.921574365044588e-08,0.023813193008409145,4,"1000,1001,1002,1003",90200,200,True
repeat-copy,controls,loss,random,52800,0.006398192506820698,0.007310037100468119,0.0018858118507341715,0.019055728295325015,4,"1000,1001,1002,1003",90200,200,True
repeat-copy,controls,loss,random,53000,0.1701990699012568,0.2374488792140246,2.6898048804763208e-05,0.5745821234498347,4,"1000,1001,1002,1003",90200,200,True
repeat-copy,controls,loss,random,53200,0.004989497387218117,0.002571040380623446,0.0024285478871543466,0.008848869629764522,4,"1000,1001,1002,1003",90200,200,True
repeat-copy,controls,loss,random,53400,0.0033615341408328903,0.0024472738570044832,0.0005292827653439503,0.006037206006449196,4,"1000,1001,1002,1003",90200,200,True
repeat-copy,controls,loss,random,53600,0.0314644434615629,0.054086323992713466,2.8998914712037304e-05,0.12514378598947587,4,"1000,1001,1002,1003",90200,200,True
repeat-copy,controls,loss,random,53800,0.04689046877057489,0.07781722615930257,0.0008712646801548374,0.18166592733610742,4,"1000,1001,1002,1003",90200,200,True
repeat-copy,controls,loss,random,54000,0.014741062644917575,0.02553002062611172,8.388614818599649e-07,0.05896035548461441,4,"1000,1001,1002,1003",90200,200,True
repeat-copy,controls,loss,random,54200,0.0007265794131876283,0.0007469160984507233,9.142529623806794e-08,0.0016999493442745007,4,"1000,1001,1002,1003",90200,200,True
repeat-copy,controls,loss,random,54400,0.03851942500448534,0.05869945986327364,6.747458765679615e-07,0.13986346694249732,4,"1000,1001,1002,1003",90200,200,True
repeat-copy,controls,loss,random,54600,0.030317737316393107,0.052511367810865156,1.3109484940043713e-07,0.12127009433945204,4,"1000,1001,1002,1003",90200,200,True
repeat-copy,controls,loss,random,54800,0.0019415670732845511,0.0019463535670192651,2.6067760878212275e-08,0.004095111267044777,4,"1000,1001,1002,1003",90200,200,True
repeat-copy,controls,loss,random,55000,0.007054566540129452,0.008306049860862308,1.637678809102705e-06,0.020989656215706417,4,"1000,1001,1002,1003",90200,200,True
repeat-copy,controls,loss,random,55200,0.0014629912803835942,0.0017638523867656805,1.4182794550619478e-07,0.004330500891974225,4,"1000,1001,1002,1003",90200,200,True
repeat-copy,controls,loss,random,55400,0.0020986344240550175,0.0020051862190624305,9.110688674061062e-06,0.004386407715583118,4,"1000,1001,1002,1003",90200,200,True
repeat-copy,controls,loss,random,55600,0.0030401336120384416,0.003958546597967698,4.649669555192304e-06,0.009681480784402084,4,"1000,1001,1002,1003",90200,200,True
repeat-copy,controls,loss,random,55800,0.010274101417423916,0.01647229858420886,5.585453839884735e-08,0.038756988979603196,4,"1000,1001,1002,1003",90200,200,True
repeat-copy,controls,loss,random,56000,0.0024935541393555044,0.001915580802559095,0.000148770605744577,0.004905810078424155,4,"1000,1001,1002,1003",90200,200,True
repeat-copy,controls,loss,random,56200,0.004145676307379207,0.0010360832373490366,0.002637831238960937,0.005557418075322813,4,"1000,1001,1002,1003",90200,200,True
repeat-copy,controls,loss,random,56400,0.00024449474351880934,0.00042221590611074127,2.880281766337589e-07,0.0009757938493385154,4,"1000,1001,1002,1003",90200,200,True
repeat-copy,controls,loss,random,56600,0.0008345764575770156,0.0008764598700344224,3.351329609135867e-07,0.0022550467948584353,4,"1000,1001,1002,1003",90200,200,True
repeat-copy,controls,loss,random,56800,0.05706695216010244,0.09879365351384452,1.8818118101981972e-05,0.22818257887258597,4,"1000,1001,1002,1003",90200,200,True
repeat-copy,controls,loss,random,57000,0.008631830889850813,0.014912699769903228,9.449680895334822e-08,0.034461342991270384,4,"1000,1001,1002,1003",90200,200,True
repeat-copy,controls,loss,random,57200,0.0007611703712025011,0.0013174940002597568,2.9586299769568393e-08,0.0030431367490405137,4,"1000,1001,1002,1003",90200,200,True
repeat-copy,controls,loss,random,57400,0.005081507782027166,0.007950265595871432,1.1706934266702412e-07,0.018810384357404928,4,"1000,1001,1002,1003",90200,200,True
repeat-copy,controls,loss,random,57600,0.0046782502935764905,0.006248118169167574,3.3105181560754567e-07,0.015214053336076177,4,"1000,1001,1002,1003",90200,200,True
repeat-copy,controls,loss,random,57800,0.00208030768184195,0.0016048378703305104,7.462331167351448e-07,0.004398931279872613,4,"1000,1001,1002,1003",90200,200,True
repeat-copy,controls,loss,random,58000,0.00042710303795301467,0.0006972748136297288,6.584457809699629e-07,0.0016337470139724153,4,"1000,1001,1002,1003",90200,200,True
repeat-copy,controls,loss,random,58200,0.0027889173777275213,0.004747611600685546,1.5030545396643723e-08,0.011011393502991495,4,"1000,1001,1002,1003",90200,200,True
repeat-copy,controls,loss,random,58400,0.005139821711887341,0.008902236275279685,3.769236626774419e-08,0.02055894724141581,4,"1000,1001,1002,1003",90200,200,True
repeat-copy,controls,loss,random,58600,0.002716869589792823,0.001476997171262505,0.00043015576803895784,0.004545730174464759,4,"1000,1001,1002,1003",90200,200,True
repeat-copy,controls,loss,random,58800,0.02823744660832318,0.04888649494657437,2.0265110657202713e-06,0.11291133672731803,4,"1000,1001,1002,1003",90200,200,True
repeat-copy,controls,loss,random,59000,0.018121310592473395,0.028968166652725932,2.336766734511997e-07,0.06820430266830044,4,"1000,1001,1002,1003",90200,200,True
repeat-copy,controls,loss,random,59200,0.008312928112806301,0.014227712741591333,1.5409751610850896e-08,0.032955157613487246,4,"1000,1001,1002,1003",90200,200,True
repeat-copy,controls,loss,random,59400,0.0019090543972634108,0.00305011440700305,1.2762273495343923e-07,0.007182280127435661,4,"1000,1001,1002,1003",90200,200,True
repeat-copy,controls,loss,random,59600,0.0026232968530327805,0.004541402549939819,4.100193554332221e-09,0.01048923635081337,4,"1000,1001,1002,1003",90200,200,True
repeat-copy,controls,loss,random,59800,0.05186382115121866,0.06335055659514814,9.633668735971323e-09,0.15682615646380782,4,"1000,1001,1002,1003",90200,200,True
repeat-copy,controls,loss,random,60000,0.055375236036469426,0.07412399549196028,0.0016941367300100474,0.18187870930218197,4,"1000,1001,1002,1003",90200,200,True
repeat-copy,controls,loss,random,60200,0.029552501063873134,0.05117962128139584,1.189602988366234e-07,0.11819820508584598,4,"1000,1001,1002,1003",90200,200,True
repeat-copy,controls,loss,random,60400,0.028742128245719166,0.0490876061366941,9.147275892851248e-09,0.11376006337151921,4,"1000,1001,1002,1003",90200,200,True
repeat-copy,controls,loss,random,60600,0.016561496594235618,0.028439418770766917,3.815237546826722e-09,0.06581909806052863,4,"1000,1001,1002,1003",90200,200,True
repeat-copy,controls,loss,random,60800,0.01401956763717625,0.018196443786020276,7.207852257742203e-09,0.04444419827661477,4,"1000,1001,1002,1003",90200,200,True
repeat-copy,controls,loss,random,61000,0.005552237691022297,0.009125192606512263,2.870832930337852e-09,0.02134659174560511,4,"1000,1001,1002,1003",90200,200,True
repeat-copy,controls,loss,random,61200,0.008895185754008736,0.013005299921871109,1.8787841242137728e-09,0.03120811475881055,4,"1000,1001,1002,1003",90200,200,True
repeat-copy,controls,loss,random,61400,0.016066777120407466,0.01719833109374684,2.021977187575269e-09,0.040812050123076385,4,"1000,1001,1002,1003",90200,200,True
repeat-copy,controls,loss,random,61600,0.013391432093616732,0.020137701821790005,0.0004637131642116175,0.048188077104285174,4,"1000,1001,1002,1003",90200,200,True
repeat-copy,controls,loss,random,61800,0.008782904717068264,0.011099854852086442,1.0190102054524752e-08,0.02721999828679877,4,"1000,1001,1002,1003",90200,200,True
repeat-copy,controls,loss,random,62000,0.00198733382916714,0.002389149151712052,8.74321367720296e-09,0.006044171456398808,4,"1000,1001,1002,1003",90200,200,True
repeat-copy,controls,loss,random,62200,0.0004467860114439076,0.0007655068226494659,2.778586640442976e-09,0.0017726456423042692,4,"1000,1001,1002,1003",90200,200,True
repeat-copy,controls,loss,random,62400,0.00028328079462247585,0.0004900620939665896,1.9792477712506085e-09,0.001132092987413671,4,"1000,1001,1002,1003",90200,200,True
repeat-copy,controls,loss,random,62600,0.0010542509541701358,0.001176584556979276,9.376846608552536e-10,0.0030232020173025374,4,"1000,1001,1002,1003",90200,200,True
repeat-copy,controls,loss,random,62800,0.001771719571761311,0.0024720459848447977,5.523982688043216e-06,0.006017917677449986,4,"1000,1001,1002,1003",90200,200,True
repeat-copy,controls,loss,random,63000,0.0002930224894462557,0.0005063533209188022,7.088943423773711e-09,0.0011700516861174036,4,"1000,1001,1002,1003",90200,200,True
repeat-copy,controls,loss,random,63200,2.3438522620598455e-05,4.033843663733356e-05,2.7342715543457464e-09,9.330643692010199e-05,4,"1000,1001,1002,1003",90200,200,True
repeat-copy,controls,loss,random,63400,0.0921700730730667,0.1581126139314399,1.5477792478409136e-09,0.3660227126844916,4,"1000,1001,1002,1003",90200,200,True
repeat-copy,controls,loss,random,63600,0.022493659903269868,0.03688597116798985,7.918110849890886e-10,0.08634280961495279,4,"1000,1001,1002,1003",90200,200,True
repeat-copy,controls,loss,random,63800,0.026628973437539706,0.04314669178986041,9.293049291897449e-10,0.10126909619091688,4,"1000,1001,1002,1003",90200,200,True
repeat-copy,controls,loss,random,64000,0.09670703361757388,0.16644205922546956,5.228175885968467e-10,0.38499068932684616,4,"1000,1001,1002,1003",90200,200,True
repeat-copy,controls,loss,random,64200,0.05494215865672512,0.0942175409614177,6.991560897503385e-10,0.21813022556947204,4,"1000,1001,1002,1003",90200,200,True
repeat-copy,controls,loss,random,64400,0.07967248842060409,0.10638608272270421,5.183357900968161e-10,0.2592083548184596,4,"1000,1001,1002,1003",90200,200,True
repeat-copy,controls,loss,random,64600,0.0043809460715420094,0.007566724902380883,1.2564144366913887e-09,0.01748689152901534,4,"1000,1001,1002,1003",90200,200,True
repeat-copy,controls,loss,random,64800,0.003477404313248923,0.005857165739156279,4.729432432314107e-10,0.013620296087401585,4,"1000,1001,1002,1003",90200,200,True
repeat-copy,controls,loss,random,65000,0.00437111806769807,0.003884759427790055,4.6266249433254967e-07,0.010265896862701993,4,"1000,1001,1002,1003",90200,200,True
repeat-copy,controls,loss,random,65200,0.0012833583255454214,0.00152754507669574,1.4606632243591156e-08,0.003738988336392111,4,"1000,1001,1002,1003",90200,200,True
repeat-copy,controls,loss,random,65400,0.0019723184398882415,0.0034153051722775715,3.3627408683317705e-09,0.007887800471639821,4,"1000,1001,1002,1003",90200,200,True
repeat-copy,controls,loss,random,65600,0.0009145077421113093,0.0015671611152576227,8.395918141192865e-10,0.0036288415125227402,4,"1000,1001,1002,1003",90200,200,True
repeat-copy,controls,loss,random,65800,0.0036790333500558436,0.0031256125726235526,6.460789135024486e-10,0.008568763980463384,4,"1000,1001,1002,1003",90200,200,True
repeat-copy,controls,loss,random,66000,0.002876963905402036,0.0032664879544799562,8.317967823768049e-10,0.008428137928315845,4,"1000,1001,1002,1003",90200,200,True
repeat-copy,controls,loss,random,66200,0.0004320365535111952,0.0007439477802162585,1.0000192408269465e-09,0.0017205814353042114,4,"1000,1001,1002,1003",90200,200,True
repeat-copy,controls,loss,random,66400,0.007087271891683431,0.011022359642909986,1.0286094162450381e-09,0.026113164182274887,4,"1000,1001,1002,1003",90200,200,True
repeat-copy,controls,loss,random,66600,0.0007342578121564999,0.0012522280011012664,7.666309205511812e-10,0.0029030585830582822,4,"1000,1001,1002,1003",90200,200,True
repeat-copy,controls,loss,random,66800,6.823259956392061e-05,0.00011311889881497485,5.505386400754542e-10,0.00026407029349797997,4,"1000,1001,1002,1003",90200,200,True
repeat-copy,controls,loss,random,67000,0.0018383138201826883,0.0028590769662200453,5.867423380490067e-10,0.006773386536582393,4,"1000,1001,1002,1003",90200,200,True
repeat-copy,controls,loss,random,67200,0.000913133857474097,0.0015809041876632226,4.4334966740368355e-10,0.00365134012849353,4,"1000,1001,1002,1003",90200,200,True
repeat-copy,controls,loss,random,67400,0.00230754972580556,0.0038789554849315835,4.742709482606633e-10,0.009024525917086522,4,"1000,1001,1002,1003",90200,200,True
repeat-copy,controls,loss,random,67600,0.0006442218915719495,0.0008311526652367856,5.065434892344456e-05,0.0020693278899853195,4,"1000,1001,1002,1003",90200,200,True
repeat-copy,controls,loss,random,67800,0.0016604603066546109,0.0020707685803204694,5.8783299200226846e-08,0.0050708055896336,4,"1000,1001,1002,1003",90200,200,True
repeat-copy,controls,loss,random,68000,0.0037004933183583163,0.004817134056492048,3.5987315430772994e-07,0.011982742901616814,4,"1000,1001,1002,1003",90200,200,True
repeat-copy,controls,loss,random,68200,0.0030011734200761095,0.004018789716679598,8.527876277822366e-08,0.009782268917776475,4,"1000,1001,1002,1003",90200,200,True
repeat-copy,controls,loss,random,68400,0.04833397266404028,0.08359561102003947,1.5561418268139616e-08,0.19312574219681305,4,"1000,1001,1002,1003",90200,200,True
repeat-copy,controls,loss,random,68600,0.0944533833031423,0.16355544203792147,6.534999342951153e-09,0.37773971412068874,4,"1000,1001,1002,1003",90200,200,True
repeat-copy,controls,loss,random,68800,0.0035459585960979636,0.00613438201720717,2.8378047972794916e-09,0.014171016130053431,4,"1000,1001,1002,1003",90200,200,True
repeat-copy,controls,loss,random,69000,0.0019282669876192573,0.002456868028981514,4.684914055436834e-08,0.006041792081188078,4,"1000,1001,1002,1003",90200,200,True
repeat-copy,controls,loss,random,69200,0.010965584103949218,0.012257766274449806,1.9562442474477943e-07,0.031066531624287564,4,"1000,1001,1002,1003",90200,200,True
repeat-copy,controls,loss,random,69400,0.018010437042344948,0.0298364270173699,8.59218036658796e-09,0.06966124226615648,4,"1000,1001,1002,1003",90200,200,True
repeat-copy,controls,loss,random,69600,0.008550137942691697,0.00877110702663453,1.420014118302653e-06,0.020859733845215268,4,"1000,1001,1002,1003",90200,200,True
repeat-copy,controls,loss,random,69800,0.12297738230040134,0.20214597245254448,0.00044230428729190893,0.4730349700431593,4,"1000,1001,1002,1003",90200,200,True
repeat-copy,controls,loss,random,70000,0.026740429241623714,0.04592120329526204,1.6882044732179427e-06,0.10627773089939278,4,"1000,1001,1002,1003",90200,200,True
repeat-copy,controls,loss,random,70200,0.001715329495697386,0.0014770076486239543,2.2087013586542526e-05,0.0036470344358612962,4,"1000,1001,1002,1003",90200,200,True
repeat-copy,controls,loss,random,70400,0.002717853044455894,0.004005141738696815,1.5654648772989165e-06,0.009596682441376512,4,"1000,1001,1002,1003",90200,200,True
repeat-copy,controls,loss,random,70600,8.581284863577228e-05,0.00014758649081280642,6.134925708778383e-08,0.000341437725716105,4,"1000,1001,1002,1003",90200,200,True
repeat-copy,controls,loss,random,70800,0.0005778115105238594,0.001000594125151817,1.5299751376790515e-08,0.002310891361837548,4,"1000,1001,1002,1003",90200,200,True
repeat-copy,controls,loss,random,71000,0.002125707548595663,0.003527814082402817,1.8394528757709194e-07,0.008235275127490678,4,"1000,1001,1002,1003",90200,200,True
repeat-copy,controls,loss,random,71200,0.061731435282164904,0.1038783865849239,0.00010817461250184124,0.24164355018585768,4,"1000,1001,1002,1003",90200,200,True
repeat-copy,controls,loss,random,71400,0.15297293475910712,0.25583230966008325,1.03849127952374e-07,0.5959439992099288,4,"1000,1001,1002,1003",90200,200,True
repeat-copy,controls,loss,random,71600,0.004977509601898104,0.007628006113140987,2.2150548012189743e-08,0.018129481293162827,4,"1000,1001,1002,1003",90200,200,True
repeat-copy,controls,loss,random,71800,0.003539490287169213,0.005371647092289869,2.416169204627616e-06,0.012830862975523445,4,"1000,1001,1002,1003",90200,200,True
repeat-copy,controls,loss,random,72000,0.006094674623684541,0.010551125968554127,4.968366583273099e-07,0.024369760574104476,4,"1000,1001,1002,1003",90200,200,True
repeat-copy,controls,loss,random,72200,0.018336713827023017,0.030666575065691454,1.3191554946168082e-07,0.07143650247071491,4,"1000,1001,1002,1003",90200,200,True
repeat-copy,controls,loss,random,72400,0.02482590801872845,0.04104082599313073,5.8053163083382485e-08,0.09587503225482806,4,"1000,1001,1002,1003",90200,200,True
repeat-copy,controls,loss,random,72600,0.007581674487288802,0.008551266556556142,4.6430131032740297e-08,0.021190960146968793,4,"1000,1001,1002,1003",90200,200,True
repeat-copy,controls,loss,random,72800,0.0004360098409928949,0.00044347100944657435,1.4243382779749459e-08,0.0010212854570772834,4,"1000,1001,1002,1003",90200,200,True
repeat-copy,controls,loss,random,73000,1.7685289957465167e-05,2.9148838135206237e-05,3.1435082308711728e-09,6.814375606040813e-05,4,"1000,1001,1002,1003",90200,200,True
repeat-copy,controls,loss,random,73200,0.0011762619251564142,0.001936312125824813,1.827726163073501e-09,0.0045277083005177635,4,"1000,1001,1002,1003",90200,200,True
repeat-copy,controls,loss,random,73400,0.00302150439288541,0.005232695709510738,2.6821892994133288e-09,0.012084799201737155,4,"1000,1001,1002,1003",90200,200,True
repeat-copy,controls,loss,random,73600,0.0017960657173524928,0.0031106911529131458,1.4835354150352641e-09,0.007183940836455065,4,"1000,1001,1002,1003",90200,200,True
repeat-copy,controls,loss,random,73800,0.001970067115838068,0.0027664776649865626,1.6516802919461226e-09,0.006686903068428478,4,"1000,1001,1002,1003",90200,200,True
repeat-copy,controls,loss,random,74000,0.0007017653401914107,0.0007012726519333971,0.00014336119720444545,0.0018994877932817264,4,"1000,1001,1002,1003",90200,200,True
repeat-copy,controls,loss,random,74200,0.0007512357066848964,0.0012274210636066716,3.938205217601798e-08,0.0028763384194195342,4,"1000,1001,1002,1003",90200,200,True
repeat-copy,controls,loss,random,74400,0.00011514057832859938,0.00019900377002301587,3.735257732284669e-08,0.0004598250920301439,4,"1000,1001,1002,1003",90200,200,True
repeat-copy,controls,loss,random,74600,0.0005367660919235887,0.0009295178834840135,7.723588779304235e-09,0.0021467382784462075,4,"1000,1001,1002,1003",90200,200,True
repeat-copy,controls,loss,random,74800,0.0004971283215100976,0.0007340966878010115,3.312878429743982e-09,0.0017581734573110452,4,"1000,1001,1002,1003",90200,200,True
repeat-copy,controls,loss,random,75000,0.0007081607700122051,0.0012264331781845872,1.078484986307901e-09,0.0028324053420033125,4,"1000,1001,1002,1003",90200,200,True
repeat-copy,controls,loss,random,75200,0.00019954238096058077,0.00034558320966388006,1.0561170225159567e-09,0.0007981100577134726,4,"1000,1001,1002,1003",90200,200,True
repeat-copy,controls,loss,random,75400,0.0036098272729317774,0.002922126787080557,0.0008825325239537602,0.007934102255389413,4,"1000,1001,1002,1003",90200,200,True
repeat-copy,controls,loss,random,75600,0.002518746604401124,0.003913138418846973,1.4923838955877012e-08,0.009272764286951977,4,"1000,1001,1002,1003",90200,200,True
repeat-copy,controls,loss,random,75800,0.0014431257488066278,0.0024992964813870533,5.376906321540031e-09,0.005772034226085623,4,"1000,1001,1002,1003",90200,200,True
repeat-copy,controls,loss,random,76000,0.0009054630457198268,0.0015682473317790852,2.0288970904377977e-09,0.0036217471026304794,4,"1000,1001,1002,1003",90200,200,True
repeat-copy,controls,loss,random,76200,0.06868758047894369,0.1126825898820241,3.5482192794773075e-09,0.26379242204085307,4,"1000,1001,1002,1003",90200,200,True
repeat-copy,controls,loss,random,76400,0.004967400446986854,0.005131286073714357,0.00016397685660352268,0.013045276766375053,4,"1000,1001,1002,1003",90200,200,True
repeat-copy,controls,loss,random,76600,0.0031732197649178514,0.0050176853280573235,1.3383048137697584e-05,0.011857577912545682,4,"1000,1001,1002,1003",90200,200,True
repeat-copy,controls,loss,random,76800,0.0004155992095045645,0.0007145359629432744,2.7851746145710067e-08,0.0016531951078452606,4,"1000,1001,1002,1003",90200,200,True
repeat-copy,controls,loss,random,77000,0.004392121723764982,0.007084075350610175,7.391868869152662e-09,0.01664995075170941,4,"1000,1001,1002,1003",90200,200,True
repeat-copy,controls,loss,random,77200,0.00016454758873660246,0.0002848541485075515,1.4400538791980998e-09,0.0006579294317368323,4,"1000,1001,1002,1003",90200,200,True
repeat-copy,controls,loss,random,77400,0.0011556903187930618,0.0011589109712013437,1.0614515364229527e-09,0.002433801046814352,4,"1000,1001,1002,1003",90200,200,True
repeat-copy,controls,loss,random,77600,0.0005329739158794756,0.0009214291555264504,9.459565913135653e-10,0.0021289356605957723,4,"1000,1001,1002,1003",90200,200,True
repeat-copy,controls,loss,random,77800,0.0024881347603816655,0.003985667865156007,8.975166404176505e-10,0.00937962372077794,4,"1000,1001,1002,1003",90200,200,True
repeat-copy,controls,loss,random,78000,0.035335404585589626,0.06116989844593101,2.0490956686991524e-09,0.1412847693249301,4,"1000,1001,1002,1003",90200,200,True
repeat-copy,controls,loss,random,78200,0.0005858150253001538,0.0006227853757884722,5.97750777694972e-10,0.0014832433776068687,4,"1000,1001,1002,1003",90200,200,True
repeat-copy,controls,loss,random,78400,0.0017022933676612319,0.002376533189929491,8.676554051016e-10,0.005749855236310992,4,"1000,1001,1002,1003",90200,200,True
repeat-copy,controls,loss,random,78600,0.0003428499247242143,0.0005936566439464665,5.345468434038436e-10,0.0013710933754992993,4,"1000,1001,1002,1003",90200,200,True
repeat-copy,controls,loss,random,78800,0.001232744161245158,0.0013722447189614745,2.784648447037852e-09,0.003318311909654881,4,"1000,1001,1002,1003",90200,200,True
repeat-copy,controls,loss,random,79000,0.0011633143039731673,0.0019409897120491169,3.4852743604780326e-10,0.004524008810239068,4,"1000,1001,1002,1003",90200,200,True
repeat-copy,controls,loss,random,79200,1.5517491444652995e-05,2.5895029239156498e-05,3.7487770486802076e-10,6.035532784856912e-05,4,"1000,1001,1002,1003",90200,200,True
repeat-copy,controls,loss,random,79400,0.010551202133459813,0.012652551976068224,4.753392569833981e-10,0.030979050709953528,4,"1000,1001,1002,1003",90200,200,True
repeat-copy,controls,loss,random,79600,0.026079004145764428,0.04404968137210454,1.1163845587596268e-09,0.10236313433083706,4,"1000,1001,1002,1003",90200,200,True
repeat-copy,controls,loss,random,79800,0.025637291591006122,0.04207275028885448,2.7476418476239276e-05,0.09845577881589254,4,"1000,1001,1002,1003",90200,200,True
repeat-copy,controls,loss,random,80000,0.002872540096492072,0.003687838092493525,3.840178747493983e-08,0.009016454221610673,4,"1000,1001,1002,1003",90200,200,True
repeat-copy,controls,loss,random,80200,0.0007993448551146321,0.0013834528590711223,7.328282931257438e-09,0.003195555247821744,4,"1000,1001,1002,1003",90200,200,True
repeat-copy,controls,loss,random,80400,0.0013774181096632314,0.0023857227009777323,3.376834072782442e-09,0.005509611040422726,4,"1000,1001,1002,1003",90200,200,True
repeat-copy,controls,loss,random,80600,0.0010578457634083994,0.0014732266796501153,8.596231556700501e-10,0.0035658034310046107,4,"1000,1001,1002,1003",90200,200,True
repeat-copy,controls,loss,random,80800,0.004125634841030204,0.007048223545387461,8.180276313708019e-10,0.016332927163086878,4,"1000,1001,1002,1003",90200,200,True
repeat-copy,controls,loss,random,81000,0.0006735984657763953,0.0008370498866658452,9.595645508188831e-10,0.0020501022112733836,4,"1000,1001,1002,1003",90200,200,True
repeat-copy,controls,loss,random,81200,0.032811923317320336,0.055307255216803776,1.6022671786661975e-09,0.12858844393131824,4,"1000,1001,1002,1003",90200,200,True
repeat-copy,controls,loss,random,81400,0.00024442713689656675,0.0002460892133620867,4.683844020362399e-10,0.0005292880529594868,4,"1000,1001,1002,1003",90200,200,True
repeat-copy,controls,loss,random,81600,0.0019244110219264396,0.0025789280246257744,5.415196366450811e-10,0.0062770936938375144,4,"1000,1001,1002,1003",90200,200,True
repeat-copy,controls,loss,random,81800,0.17620481151323802,0.29931597093908546,3.052977190151629e-10,0.6945847683713504,4,"1000,1001,1002,1003",90200,200,True
repeat-copy,controls,loss,random,82000,0.13769663284808417,0.23731013770996146,3.245671827156217e-10,0.5487272693442042,4,"1000,1001,1002,1003",90200,200,True
repeat-copy,controls,loss,random,82200,0.12497623428685349,0.21492004159582576,2.0861957861738334e-10,0.4972238885643926,4,"1000,1001,1002,1003",90200,200,True
repeat-copy,controls,loss,random,82400,0.08378423744715811,0.14409932460375935,2.4854920548144156e-10,0.3333684631968111,4,"1000,1001,1002,1003",90200,200,True
repeat-copy,controls,loss,random,82600,0.002784006370118141,0.0017382202068807083,0.0001935421440817109,0.005061609323511277,4,"1000,1001,1002,1003",90200,200,True
repeat-copy,controls,loss,random,82800,0.00018170716054472823,0.00031362530921262116,2.5315613330235272e-08,0.0007249206292814847,4,"1000,1001,1002,1003",90200,200,True
repeat-copy,controls,loss,random,83000,0.0003892862104656381,0.0006130036386334504,6.9574118053642584e-09,0.001448254549058845,4,"1000,1001,1002,1003",90200,200,True
repeat-copy,controls,loss,random,83200,0.0006181294271316575,0.0006238348829211459,1.072170496638908e-09,0.0013664249482876866,4,"1000,1001,1002,1003",90200,200,True
repeat-copy,controls,loss,random,83400,0.00031325412043562936,0.000531229685139151,4.977670515875221e-10,0.00123327951074657,4,"1000,1001,1002,1003",90200,200,True
repeat-copy,controls,loss,random,83600,0.0021123682497882503,0.003329854123628969,5.066706385871422e-10,0.007865109086629588,4,"1000,1001,1002,1003",90200,200,True
repeat-copy,controls,loss,random,83800,0.0011683647722499333,0.0020233987354345436,3.494899269941218e-10,0.004672994173752585,4,"1000,1001,1002,1003",90200,200,True
repeat-copy,controls,loss,random,84000,0.0008773624790459226,0.001144434492644847,4.833546776716879e-10,0.002793924771335384,4,"1000,1001,1002,1003",90200,200,True
repeat-copy,controls,loss,random,84200,0.002249665064678427,0.0014203515129022457,3.059606213480157e-10,0.0038697864297939782,4,"1000,1001,1002,1003",90200,200,True
repeat-copy,controls,loss,random,84400,0.0005545854932549636,0.0009603004389220627,2.7244042454313556e-10,0.0022178746354649093,4,"1000,1001,1002,1003",90200,200,True
repeat-copy,controls,loss,random,84600,0.0004574526561032879,0.000792031683747707,3.5268047230037345e-10,0.0018292917477020865,4,"1000,1001,1002,1003",90200,200,True
repeat-copy,controls,loss,random,84800,0.002256432425681188,0.0037721803853278096,4.415936579339058e-10,0.008787888315508247,4,"1000,1001,1002,1003",90200,200,True
repeat-copy,controls,loss,random,85000,0.0012437554261421845,0.0017346052577573443,3.8993561382854455e-10,0.004197440891150557,4,"1000,1001,1002,1003",90200,200,True
repeat-copy,controls,loss,random,85200,0.005039720459346228,0.0082774870248465,2.919852626695474e-10,0.01936577610591712,4,"1000,1001,1002,1003",90200,200,True
repeat-copy,controls,loss,random,85400,0.0005843349762087352,0.0010008482193992383,1.5760172381983768e-10,0.0023178332562753213,4,"1000,1001,1002,1003",90200,200,True
repeat-copy,controls,loss,random,85600,0.001082366304264391,0.0009891196965819626,1.9560313003000317e-10,0.0021818493308107985,4,"1000,1001,1002,1003",90200,200,True
repeat-copy,controls,loss,random,85800,0.0004444979826213932,0.0005986967292255249,2.1398965415614368e-10,0.001456255336913088,4,"1000,1001,1002,1003",90200,200,True
repeat-copy,controls,loss,random,86000,1.7489990403046716e-05,1.7732743557957978e-05,2.6706565152065373e-10,3.9275174501796076e-05,4,"1000,1001,1002,1003",90200,200,True
repeat-copy,controls,loss,random,86200,0.003843729398439238,0.004137613374940712,2.9145541542274083e-10,0.009853400009437465,4,"1000,1001,1002,1003",90200,200,True
repeat-copy,controls,loss,random,86400,0.0011044030238784876,0.0019127192177349087,2.3599233968038533e-10,0.0044173298839834275,4,"1000,1001,1002,1003",90200,200,True
repeat-copy,controls,loss,random,86600,6.128863409189196e-05,0.00010051759556717785,2.5302847447492005e-10,0.00023524937512694484,4,"1000,1001,1002,1003",90200,200,True
repeat-copy,controls,loss,random,86800,0.008842753433278686,0.015313594956880575,2.21686394662364e-10,0.03536667776810759,4,"1000,1001,1002,1003",90200,200,True
repeat-copy,controls,loss,random,87000,8.034327444121253e-05,0.00013891601238827516,2.5961796203295697e-10,0.0003209526837156318,4,"1000,1001,1002,1003",90200,200,True
repeat-copy,controls,loss,random,87200,0.0008242105429003624,0.001427529375561203,1.543694792957226e-10,0.0032967639500736824,4,"1000,1001,1002,1003",90200,200,True
repeat-copy,controls,loss,random,87400,0.00016954708512855637,0.0002935842742702744,1.5769738528036149e-10,0.0006780499551933872,4,"1000,1001,1002,1003",90200,200,True
repeat-copy,controls,loss,random,87600,0.0003682938029407242,0.0004803142140903767,2.3603957746806853e-10,0.001172618602940406,4,"1000,1001,1002,1003",90200,200,True
repeat-copy,controls,loss,random,87800,4.868230770208034e-05,8.40998933437793e-05,3.270099654647043e-10,0.00019434734762938889,4,"1000,1001,1002,1003",90200,200,True
repeat-copy,controls,loss,random,88000,0.003384442170660087,0.0037717350469747253,2.908292481536637e-10,0.009780743726841694,4,"1000,1001,1002,1003",90200,200,True
repeat-copy,controls,loss,random,88200,0.002648401172510015,0.0029080021676752476,3.0799842343763076e-10,0.006995305955627203,4,"1000,1001,1002,1003",90200,200,True
repeat-copy,controls,loss,random,88400,0.0017939169504879232,0.0031044627144923387,5.439554143877797e-10,0.007171003132555829,4,"1000,1001,1002,1003",90200,200,True
repeat-copy,controls,loss,random,88600,0.00044121166931279063,0.0007567362298074003,4.802332079527002e-10,0.001751885622508169,4,"1000,1001,1002,1003",90200,200,True
repeat-copy,controls,loss,random,88800,0.0004057411682339702,0.0007026870870589944,1.957012205153902e-10,0.0016228309039306055,4,"1000,1001,1002,1003",90200,200,True
repeat-copy,controls,loss,random,89000,0.003312985014728205,0.00542005290287809,2.93929106759145e-10,0.012692452428132661,4,"1000,1001,1002,1003",90200,200,True
repeat-copy,controls,loss,random,89200,0.00034624112144650515,0.0005994492383658378,1.288441237859081e-10,0.0013845176111055935,4,"1000,1001,1002,1003",90200,200,True
repeat-copy,controls,loss,random,89400,0.0006883268196692578,0.001192178506406039,4.758226178065532e-10,0.0027532405639459512,4,"1000,1001,1002,1003",90200,200,True
repeat-copy,controls,loss,random,89600,8.545606630354023e-05,0.00014575564749304463,2.5550523396252604e-10,0.00033789729475159903,4,"1000,1001,1002,1003",90200,200,True
repeat-copy,controls,loss,random,89800,3.7488495245607118e-06,6.429665133991707e-06,1.5510100466985254e-10,1.4885102859807376e-05,4,"1000,1001,1002,1003",90200,200,True
repeat-copy,controls,loss,random,90000,0.00045154428181796595,0.000782058420689614,2.616651858253563e-10,0.0018061092001457268,4,"1000,1001,1002,1003",90200,200,True
repeat-copy,controls,loss,random,90200,0.0014081967159321146,0.001568427553647683,2.5131629408179504e-10,0.003955880683506221,4,"1000,1001,1002,1003",90200,200,True
