task,group,metric,advice_type,batch,mean,std,min,max,n_seeds,seeds,common_horizon,report_interval,sd_shading
copy,structural_features,loss,none,200,0.6897894942263761,0.0014997940323146376,0.6873388719558716,0.6914895123243332,6,"1000,1001,1002,1003,1004,1005",20000,200,True
copy,structural_features,loss,none,400,0.6781643053889274,0.0021279050625706286,0.6756270098686218,0.6819538006186485,6,"1000,1001,1002,1003,1004,1005",20000,200,True
copy,structural_features,loss,none,600,0.6740042225519817,0.0013878593078677545,0.6721575197577476,0.6758061230182648,6,"1000,1001,1002,1003,1004,1005",20000,200,True
copy,structural_features,loss,none,800,0.6675915265083314,0.0012940966988136899,0.665868601500988,0.6694210323691369,6,"1000,1001,1002,1003,1004,1005",20000,200,True
copy,structural_features,loss,none,1000,0.6625415706137816,0.0019878303165119294,0.6596089985966682,0.6654547125101089,6,"1000,1001,1002,1003,1004,1005",20000,200,True
copy,structural_features,loss,none,1200,0.6552370579292377,0.0035808217771080876,0.651229802519083,0.6619929608702659,6,"1000,1001,1002,1003,1004,1005",20000,200,True
copy,structural_features,loss,none,1400,0.6506247411171595,0.003214585460375321,0.6459826821088791,0.6556524178385734,6,"1000,1001,1002,1003,1004,1005",20000,200,True
copy,structural_features,loss,none,1600,0.6481776260832945,0.003892129839353955,0.6431889624893665,0.6549597123265266,6,"1000,1001,1002,1003,1004,1005",20000,200,True
copy,structural_features,loss,none,1800,0.6445223176727692,0.004766974808378499,0.6364532548189163,0.6513796672224998,6,"1000,1001,1002,1003,1004,1005",20000,200,True
copy,structural_features,loss,none,2000,0.6408979719380538,0.005250705173700309,0.6360367521643638,0.6507267591357231,6,"1000,1001,1002,1003,1004,1005",20000,200,True
copy,structural_features,loss,none,2200,0.6390017593900362,0.0061034199090152464,0.628919473439455,0.6460400280356408,6,"1000,1001,1002,1003,1004,1005",20000,200,True
copy,structural_features,loss,none,2400,0.633271741171678,0.004395980766388849,0.6268398627638817,0.6395666711032391,6,"1000,1001,1002,1003,1004,1005",20000,200,True
copy,structural_features,loss,none,2600,0.6299656161914269,0.005820440277967791,0.6206538650393486,0.6382646223902703,6,"1000,1001,1002,1003,1004,1005",20000,200,True
copy,structural_features,loss,none,2800,0.6260117748379707,0.008482413117677747,0.608008275181055,0.6351764273643493,6,"1000,1001,1002,1003,1004,1005",20000,200,True
copy,structural_features,loss,none,3000,0.6143855717778206,0.022104033727631804,0.5664019565284252,0.6347287091612815,6,"1000,1001,1002,1003,1004,1005",20000,200,True
copy,structural_features,loss,none,3200,0.5982080399865907,0.060356075757717044,0.46373834677040576,0.6334807740151882,6,"1000,1001,1002,1003,1004,1005",20000,200,True
copy,structural_features,loss,none,3400,0.5763754016285141,0.10211397766787428,0.3481375198811293,0.6256637932360172,6,"1000,1001,1002,1003,1004,1005",20000,200,True
copy,structural_features,loss,none,3600,0.5755687776704629,0.10370866973384955,0.3437643623352051,0.6254317362606525,6,"1000,1001,1002,1003,1004,1005",20000,200,True
copy,structural_features,loss,none,3800,0.5446747743586698,0.15104964393053835,0.207240005210042,0.6251893527805805,6,"1000,1001,1002,1003,1004,1005",20000,200,True
copy,structural_features,loss,none,4000,0.5407213605878254,0.157661174808268,0.18841749113053083,0.6186678571999074,6,"1000,1001,1002,1003,1004,1005",20000,200,True
copy,structural_features,loss,none,4200,0.5249324746600662,0.19121232765228854,0.09744129913859069,0.61723100066185,6,"1000,1001,1002,1003,1004,1005",20000,200,True
copy,structural_features,loss,none,4400,0.5179153714608401,0.19571079924757273,0.08036321083083749,0.6103477725386619,6,"1000,1001,1002,1003,1004,1005",20000,200,True
copy,structural_features,loss,none,4600,0.5194801062586096,0.19796960355279625,0.07685275479685515,0.6125967614352703,6,"1000,1001,1002,1003,1004,1005",20000,200,True
copy,structural_features,loss,none,4800,0.5140705024109533,0.1881040865936526,0.09397762628272176,0.6097260813415051,6,"1000,1001,1002,1003,1004,1005",20000,200,True
copy,structural_features,loss,none,5000,0.5359155297318163,0.0962315263709851,0.32977392370346936,0.6118316818773747,6,"1000,1001,1002,1003,1004,1005",20000,200,True
copy,structural_features,loss,none,5200,0.5006235264195129,0.13790510578083742,0.20662236695177852,0.6107758428156376,6,"1000,1001,1002,1003,1004,1005",20000,200,True
copy,structural_features,loss,none,5400,0.4979110171832144,0.10168638298666671,0.35561950769275424,0.599476098716259,6,"1000,1001,1002,1003,1004,1005",20000,200,True
copy,structural_features,loss,none,5600,0.4466914011227588,0.1533725523473583,0.264839183986187,0.6056971397995948,6,"1000,1001,1002,1003,1004,1005",20000,200,True
copy,structural_features,loss,none,5800,0.39669311737486473,0.21267886713709175,0.09243311905302107,0.5844002069532871,6,"1000,1001,1002,1003,1004,1005",20000,200,True
copy,structural_features,loss,none,6000,0.434743490414694,0.23699196734691239,0.02909498194232583,0.6529463899135589,6,"1000,1001,1002,1003,1004,1005",20000,200,True
copy,structural_features,loss,none,6200,0.4347222838286932,0.21911677671797614,0.04679323440417647,0.6339711337536573,6,"1000,1001,1002,1003,1004,1005",20000,200,True
copy,structural_features,loss,none,6400,0.4880338302547655,0.075686868031605,0.3903779428452253,0.5803898973017931,6,"1000,1001,1002,1003,1004,1005",20000,200,True
copy,structural_features,loss,none,6600,0.40030372172555256,0.1947725739786854,0.11542771022766829,0.5849101606756448,6,"1000,1001,1002,1003,1004,1005",20000,200,True
copy,structural_features,loss,none,6800,0.30885686543498503,0.2504336541108944,0.019796316621359437,0.5713027873635292,6,"1000,1001,1002,1003,1004,1005",20000,200,True
copy,structural_features,loss,none,7000,0.2891886436541245,0.23246860256683466,0.001202321824239334,0.570342261120677,6,"1000,1001,1002,1003,1004,1005",20000,200,True
copy,structural_features,loss,none,7200,0.24907739650418684,0.2337545058396241,0.006142462014649936,0.5665386337041854,6,"1000,1001,1002,1003,1004,1005",20000,200,True
copy,structural_features,loss,none,7400,0.2649519418977858,0.21744109545379467,0.04397020923814125,0.5765465280413627,6,"1000,1001,1002,1003,1004,1005",20000,200,True
copy,structural_features,loss,none,7600,0.24494831620558521,0.23530745751217827,0.00016208625038416358,0.5666647410392761,6,"1000,1001,1002,1003,1004,1005",20000,200,True
copy,structural_features,loss,none,7800,0.21564132880777453,0.23705669291981415,4.615060222477041e-05,0.5496244131401181,6,"1000,1001,1002,1003,1004,1005",20000,200,True
copy,structural_features,loss,none,8000,0.19229740097062178,0.23435376488481288,1.024993519877171e-05,0.5498715893179178,6,"1000,1001,1002,1003,1004,1005",20000,200,True
copy,structural_features,loss,none,8200,0.19858906110515642,0.21266722209993094,2.2182243888835275e-06,0.5479610366374255,6,"1000,1001,1002,1003,1004,1005",20000,200,True
copy,structural_features,loss,none,8400,0.16823193068906273,0.22101968346845308,7.719546040974024e-07,0.5580712759494781,6,"1000,1001,1002,1003,1004,1005",20000,200,True
copy,structural_features,loss,none,8600,0.14825649964269746,0.20870074817281503,4.5653913310239603e-07,0.5385663942247629,6,"1000,1001,1002,1003,1004,1005",20000,200,True
copy,structural_features,loss,none,8800,0.1331197818026755,0.199234008315333,1.2309815624389487e-07,0.5319676452130079,6,"1000,1001,1002,1003,1004,1005",20000,200,True
copy,structural_features,loss,none,9000,0.13821718598543883,0.18710669921632184,3.717977769823744e-08,0.5297353322803974,6,"1000,1001,1002,1003,1004,1005",20000,200,True
copy,structural_features,loss,none,9200,0.39296883301702984,0.47317859726325434,1.2023090963930727e-08,1.3644958517863506,6,"1000,1001,1002,1003,1004,1005",20000,200,True
copy,structural_features,loss,none,9400,0.4167927844559139,0.3631049561338515,1.0042495444673172e-08,0.8857063542632386,6,"1000,1001,1002,1003,1004,1005",20000,200,True
copy,structural_features,loss,none,9600,0.36887474819526966,0.29196831006009183,4.575938989948014e-09,0.7383664627466351,6,"1000,1001,1002,1003,1004,1005",20000,200,True
copy,structural_features,loss,none,9800,0.5022300889381852,0.23354723339817854,0.11269442742690444,0.8005214313538598,6,"1000,1001,1002,1003,1004,1005",20000,200,True
copy,structural_features,loss,none,10000,0.3106751122632234,0.22903876175927365,0.016083077652438077,0.6859401735663414,6,"1000,1001,1002,1003,1004,1005",20000,200,True
copy,structural_features,loss,none,10200,0.14034111026820792,0.17617139289035663,5.0410612357651985e-05,0.5252259880490601,6,"1000,1001,1002,1003,1004,1005",20000,200,True
copy,structural_features,loss,none,10400,0.11136468681693358,0.18263778487330262,8.183600462574603e-07,0.5165712433494627,6,"1000,1001,1002,1003,1004,1005",20000,200,True
copy,structural_features,loss,none,10600,0.2416771661569098,0.2182354599547207,1.3751676528755974e-08,0.5367663974549214,6,"1000,1001,1002,1003,1004,1005",20000,200,True
copy,structural_features,loss,none,10800,0.22216814996632425,0.26340506703005345,6.181484360073819e-09,0.6766804683208466,6,"1000,1001,1002,1003,1004,1005",20000,200,True
copy,structural_features,loss,none,11000,0.22058141790852395,0.24592884623507086,2.8009760866254395e-09,0.6301594047248363,6,"1000,1001,1002,1003,1004,1005",20000,200,True
copy,structural_features,loss,none,11200,0.17952750349659938,0.24751814297874697,2.347564846509609e-09,0.6056959334015847,6,"1000,1001,1002,1003,1004,1005",20000,200,True
copy,structural_features,loss,none,11400,0.16661829966214906,0.22825449327749328,2.3683499304066878e-09,0.5936389921605587,6,"1000,1001,1002,1003,1004,1005",20000,200,True
copy,structural_features,loss,none,11600,0.16234495097897084,0.25149701140995373,1.361269431135459e-09,0.6884094873070716,6,"1000,1001,1002,1003,1004,1005",20000,200,True
copy,structural_features,loss,none,11800,0.13896907192979044,0.21422726253087834,1.3847760153232886e-09,0.591172166466713,6,"1000,1001,1002,1003,1004,1005",20000,200,True
copy,structural_features,loss,none,12000,0.23580072907340396,0.21879348854730585,1.4617600292865518e-06,0.5794742584973573,6,"1000,1001,1002,1003,1004,1005",20000,200,True
copy,structural_features,loss,none,12200,0.22166314362906805,0.26730109700022353,2.7758328675631104e-07,0.7046456357836723,6,"1000,1001,1002,1003,1004,1005",20000,200,True
copy,structural_features,loss,none,12400,0.5272371922443625,0.9626712003269973,8.10455492428197e-08,2.657815120596567,6,"1000,1001,1002,1003,1004,1005",20000,200,True
copy,structural_features,loss,none,12600,0.5733108631567406,1.144375110691309,2.7472891433177883e-08,3.124088636212641,6,"1000,1001,1002,1003,1004,1005",20000,200,True
copy,structural_features,loss,none,12800,0.29516203867080754,0.5368068546618683,1.2947924274420153e-08,1.4865636255078425,6,"1000,1001,1002,1003,1004,1005",20000,200,True
copy,structural_features,loss,none,13000,0.12007221295530894,0.2085591544999878,1.3113175893406104e-08,0.5785451488819672,6,"1000,1001,1002,1003,1004,1005",20000,200,True
copy,structural_features,loss,none,13200,0.02965358769825599,0.022609271717322,5.966697919287945e-09,0.0671680413465947,6,"1000,1001,1002,1003,1004,1005",20000,200,True
copy,structural_features,loss,none,13400,0.0853212857187783,0.15304007558405514,4.122797824350488e-09,0.4242484735020298,6,"1000,1001,1002,1003,1004,1005",20000,200,True
copy,structural_features,loss,none,13600,0.0044917914712620894,0.006123770135181787,3.4094520764971215e-09,0.01631834393250756,6,"1000,1001,1002,1003,1004,1005",20000,200,True
copy,structural_features,loss,none,13800,0.06423833788441091,0.11679703433469962,3.0616419779277983e-09,0.32260451143725644,6,"1000,1001,1002,1003,1004,1005",20000,200,True
copy,structural_features,loss,none,14000,0.08092980886806399,0.13536752784612488,1.6657297286296058e-09,0.3765704648363538,6,"1000,1001,1002,1003,1004,1005",20000,200,True
copy,structural_features,loss,none,14200,0.02289516032792642,0.0360512792270354,1.3681501263504426e-09,0.10136548479116754,6,"1000,1001,1002,1003,1004,1005",20000,200,True
copy,structural_features,loss,none,14400,0.01189964293940908,0.02511201631607353,1.5809958324973506e-09,0.06801220682391432,6,"1000,1001,1002,1003,1004,1005",20000,200,True
copy,structural_features,loss,none,14600,0.0010343460875610272,0.0012945597580078236,1.040731368411041e-09,0.0033093154191737996,6,"1000,1001,1002,1003,1004,1005",20000,200,True
copy,structural_features,loss,none,14800,0.011124093084931258,0.015437420519046587,8.510708731507277e-10,0.038571228188375245,6,"1000,1001,1002,1003,1004,1005",20000,200,True
copy,structural_features,loss,none,15000,0.002080012571760854,0.003929225448039434,9.679194635896226e-10,0.010798971998738124,6,"1000,1001,1002,1003,1004,1005",20000,200,True
copy,structural_features,loss,none,15200,0.0004042357410656108,0.0004823127917193734,8.512548442356216e-10,0.0011664772550284397,6,"1000,1001,1002,1003,1004,1005",20000,200,True
copy,structural_features,loss,none,15400,0.013648303517140624,0.021370172120711302,7.628129721371641e-10,0.058106398674461844,6,"1000,1001,1002,1003,1004,1005",20000,200,True
copy,structural_features,loss,none,15600,0.0037008732627408585,0.007843765723873004,7.422928191471584e-10,0.02122927888209233,6,"1000,1001,1002,1003,1004,1005",20000,200,True
copy,structural_features,loss,none,15800,0.013002068738210817,0.02493111683352538,5.868312703827261e-10,0.06854783344973839,6,"1000,1001,1002,1003,1004,1005",20000,200,True
copy,structural_features,loss,none,16000,0.004671768770001456,0.008769206577711124,5.470624681470221e-10,0.024156093118799616,6,"1000,1001,1002,1003,1004,1005",20000,200,True
copy,structural_features,loss,none,16200,0.11068762646757858,0.2468664412932136,8.525822498429286e-10,0.662697324435809,6,"1000,1001,1002,1003,1004,1005",20000,200,True
copy,structural_features,loss,none,16400,0.12605844703279542,0.22513140602578754,6.63468027769891e-10,0.6220706222585431,6,"1000,1001,1002,1003,1004,1005",20000,200,True
copy,structural_features,loss,none,16600,0.033572224665269636,0.06419376730910845,4.347673530219476e-10,0.1756167636218288,6,"1000,1001,1002,1003,1004,1005",20000,200,True
copy,structural_features,loss,none,16800,0.009263503288752759,0.013845846249481932,3.587838458057532e-10,0.03613222725120977,6,"1000,1001,1002,1003,1004,1005",20000,200,True
copy,structural_features,loss,none,17000,0.003897711357493685,0.00713193241507634,4.867583405787634e-10,0.01956312212263583,6,"1000,1001,1002,1003,1004,1005",20000,200,True
copy,structural_features,loss,none,17200,0.004651259773071729,0.007571046084975929,3.5064026620602875e-10,0.020634033290371008,6,"1000,1001,1002,1003,1004,1005",20000,200,True
copy,structural_features,loss,none,17400,0.00011752926404394324,0.00012506708985182146,3.5691025859589667e-10,0.00035476632525387685,6,"1000,1001,1002,1003,1004,1005",20000,200,True
copy,structural_features,loss,none,17600,0.0006565512106775675,0.0012907824431755862,4.226061829431735e-10,0.003537356453891789,6,"1000,1001,1002,1003,1004,1005",20000,200,True
copy,structural_features,loss,none,17800,0.00014054266932831178,0.0001549087809221337,4.871043052245838e-10,0.0004043748978790518,6,"1000,1001,1002,1003,1004,1005",20000,200,True
copy,structural_features,loss,none,18000,0.0019178281913535423,0.002614348643430344,4.107846607271856e-10,0.006817449883617428,6,"1000,1001,1002,1003,1004,1005",20000,200,True
copy,structural_features,loss,none,18200,0.0010534085980962885,0.0014457069511019886,5.458338003295776e-10,0.0032694208523776067,6,"1000,1001,1002,1003,1004,1005",20000,200,True
copy,structural_features,loss,none,18400,0.007811448745657097,0.01738552679307834,4.71244199452478e-10,0.046686587377644174,6,"1000,1001,1002,1003,1004,1005",20000,200,True
copy,structural_features,loss,none,18600,0.016486535532672264,0.036719194891025694,3.315691866597262e-10,0.0985929920994954,6,"1000,1001,1002,1003,1004,1005",20000,200,True
copy,structural_features,loss,none,18800,0.0245665891308733,0.05265178088717453,3.214536481443986e-10,0.1422294324590501,6,"1000,1001,1002,1003,1004,1005",20000,200,True
copy,structural_features,loss,none,19000,0.05274110012607658,0.11456754905927571,2.492746187612339e-10,0.30886684808592546,6,"1000,1001,1002,1003,1004,1005",20000,200,True
copy,structural_features,loss,none,19200,0.0584131118561062,0.11633545111784767,2.7711890609278743e-10,0.31712393755810353,6,"1000,1001,1002,1003,1004,1005",20000,200,True
copy,structural_features,loss,none,19400,0.02118966452033386,0.04574022713072682,4.200734723199158e-10,0.12343040210414072,6,"1000,1001,1002,1003,1004,1005",20000,200,True
copy,structural_features,loss,none,19600,3.188211607989504e-05,3.581665795581516e-05,2.3473767049066174e-10,9.246196668755147e-05,6,"1000,1001,1002,1003,1004,1005",20000,200,True
copy,structural_features,loss,none,19800,0.012979621962118028,0.027442809817369743,2.2634197458350562e-10,0.07427470279181762,6,"1000,1001,1002,1003,1004,1005",20000,200,True
copy,structural_features,loss,none,20000,0.02298064493673906,0.03940239667952505,1.9416161176457127e-10,0.10754709810891384,6,"1000,1001,1002,1003,1004,1005",20000,200,True
copy,structural_features,loss,length,200,0.689188757588466,0.0017690062731259477,0.687827388048172,0.6930669289827347,6,"1000,1001,1002,1003,1004,1005",20000,200,True
copy,structural_features,loss,length,400,0.6775061805049578,0.002417626920266266,0.673056671321392,0.6803631490468979,6,"1000,1001,1002,1003,1004,1005",20000,200,True
copy,structural_features,loss,length,600,0.6731779158115386,0.0022256050076638273,0.6685977366566658,0.6752463683485985,6,"1000,1001,1002,1003,1004,1005",20000,200,True
copy,structural_features,loss,length,800,0.6666671680907408,0.002876830057852599,0.6614844366908074,0.6694918403029442,6,"1000,1001,1002,1003,1004,1005",20000,200,True
copy,structural_features,loss,length,1000,0.6610171151161194,0.0015785672697778603,0.6584727504849434,0.663241965174675,6,"1000,1001,1002,1003,1004,1005",20000,200,True
copy,structural_features,loss,length,1200,0.6548609825223685,0.0036696171094163306,0.6513524670898915,0.6624250346422196,6,"1000,1001,1002,1003,1004,1005",20000,200,True
copy,structural_features,loss,length,1400,0.649708706215024,0.004052278252331752,0.6454640330374241,0.6561408376693726,6,"1000,1001,1002,1003,1004,1005",20000,200,True
copy,structural_features,loss,length,1600,0.6473215575764577,0.0030840124586063774,0.6429846379160881,0.652523844987154,6,"1000,1001,1002,1003,1004,1005",20000,200,True
copy,structural_features,loss,length,1800,0.6437273170302312,0.0040484260450581325,0.6357871448993683,0.6491116914153099,6,"1000,1001,1002,1003,1004,1005",20000,200,True
copy,structural_features,loss,length,2000,0.640404697706302,0.005257627741723176,0.6328023412823677,0.6493671426177025,6,"1000,1001,1002,1003,1004,1005",20000,200,True
copy,structural_features,loss,length,2200,0.6386442150423924,0.005483116544196128,0.6312876495718956,0.6466384646296501,6,"1000,1001,1002,1003,1004,1005",20000,200,True
copy,structural_features,loss,length,2400,0.631140381867687,0.00765263337364444,0.6185468578338623,0.6411643822491169,6,"1000,1001,1002,1003,1004,1005",20000,200,True
copy,structural_features,loss,length,2600,0.625825084572037,0.011829412425072081,0.6011870688199997,0.6368759950995445,6,"1000,1001,1002,1003,1004,1005",20000,200,True
copy,structural_features,loss,length,2800,0.618948316598932,0.02719572644103296,0.5582395614683628,0.6331470736861229,6,"1000,1001,1002,1003,1004,1005",20000,200,True
copy,structural_features,loss,length,3000,0.5974130620683232,0.06305358818210216,0.45671871669590475,0.6316916611790657,6,"1000,1001,1002,1003,1004,1005",20000,200,True
copy,structural_features,loss,length,3200,0.5764865485702951,0.10770421638681982,0.33581661149859426,0.6309639370441437,6,"1000,1001,1002,1003,1004,1005",20000,200,True
copy,structural_features,loss,length,3400,0.5665364539623261,0.12138856825535549,0.29564468160271645,0.6283631305396556,6,"1000,1001,1002,1003,1004,1005",20000,200,True
copy,structural_features,loss,length,3600,0.5473187090146044,0.15286300004974832,0.20616596046835184,0.6230148375034332,6,"1000,1001,1002,1003,1004,1005",20000,200,True
copy,structural_features,loss,length,3800,0.5305347700417041,0.15708886398212654,0.18637212350964547,0.6204758457839489,6,"1000,1001,1002,1003,1004,1005",20000,200,True
copy,structural_features,loss,length,4000,0.5164102304773405,0.15605404445784302,0.1814097565691918,0.6174121694266796,6,"1000,1001,1002,1003,1004,1005",20000,200,True
copy,structural_features,loss,length,4200,0.4905494665785228,0.1821354588045789,0.11412165213143453,0.6167352436482907,6,"1000,1001,1002,1003,1004,1005",20000,200,True
copy,structural_features,loss,length,4400,0.46989457690312225,0.1703793343658888,0.21138128160499037,0.6100162175297738,6,"1000,1001,1002,1003,1004,1005",20000,200,True
copy,structural_features,loss,length,4600,0.419717918826888,0.2067166927417703,0.10570636073127389,0.6056501580774785,6,"1000,1001,1002,1003,1004,1005",20000,200,True
copy,structural_features,loss,length,4800,0.3859077093959786,0.20970063561003405,0.07316717214416713,0.6019368433952331,6,"1000,1001,1002,1003,1004,1005",20000,200,True
copy,structural_features,loss,length,5000,0.32660226658335884,0.23109118679545843,0.021615812734235077,0.5990135410428047,6,"1000,1001,1002,1003,1004,1005",20000,200,True
copy,structural_features,loss,length,5200,0.33180487661370234,0.20415447706048062,0.04200801148544997,0.6008139170706273,6,"1000,1001,1002,1003,1004,1005",20000,200,True
copy,structural_features,loss,length,5400,0.4353123137211272,0.3234722832260011,0.04026658175745979,0.9879711429076269,6,"1000,1001,1002,1003,1004,1005",20000,200,True
copy,structural_features,loss,length,5600,0.34407981702369095,0.2707404240323642,0.008238677387707867,0.6440354788675904,6,"1000,1001,1002,1003,1004,1005",20000,200,True
copy,structural_features,loss,length,5800,0.26490690657975696,0.23089217490928282,0.003715643758769147,0.5834760344773531,6,"1000,1001,1002,1003,1004,1005",20000,200,True
copy,structural_features,loss,length,6000,0.31896695585489704,0.2728512888509147,0.002124235166411381,0.6173729165829718,6,"1000,1001,1002,1003,1004,1005",20000,200,True
copy,structural_features,loss,length,6200,0.35900134060029815,0.24906289286933073,0.006477094877191121,0.6415938206017018,6,"1000,1001,1002,1003,1004,1005",20000,200,True
copy,structural_features,loss,length,6400,0.32470973616699966,0.26306299229632685,0.009126384211776894,0.6168456422537565,6,"1000,1001,1002,1003,1004,1005",20000,200,True
copy,structural_features,loss,length,6600,0.34771430857415914,0.24996752297034133,0.003792152211208304,0.5750905875861645,6,"1000,1001,1002,1003,1004,1005",20000,200,True
copy,structural_features,loss,length,6800,0.3860219366156464,0.2601937575344452,0.00046565998327423584,0.6533246979117393,6,"1000,1001,1002,1003,1004,1005",20000,200,True
copy,structural_features,loss,length,7000,0.35839795435580823,0.26543272595631306,0.004004679705012677,0.6800742347538471,6,"1000,1001,1002,1003,1004,1005",20000,200,True
copy,structural_features,loss,length,7200,0.4431394206385812,0.2584786660449296,0.004080667989692302,0.7405816140270326,6,"1000,1001,1002,1003,1004,1005",20000,200,True
copy,structural_features,loss,length,7400,0.44358162401296947,0.30503801591438917,0.00015934025254864536,0.9436277376115322,6,"1000,1001,1002,1003,1004,1005",20000,200,True
copy,structural_features,loss,length,7600,0.45280302269339545,0.21710222486182018,0.0001182263876489742,0.6781156819313765,6,"1000,1001,1002,1003,1004,1005",20000,200,True
copy,structural_features,loss,length,7800,0.34628101770892267,0.20936985993802304,0.025927958447141464,0.5678416956961155,6,"1000,1001,1002,1003,1004,1005",20000,200,True
copy,structural_features,loss,length,8000,0.2772740814959866,0.22400466578278908,0.003051336090361474,0.5542695875838399,6,"1000,1001,1002,1003,1004,1005",20000,200,True
copy,structural_features,loss,length,8200,0.2798635515645647,0.20778275707628172,6.471466815355598e-05,0.5363089403137564,6,"1000,1001,1002,1003,1004,1005",20000,200,True
copy,structural_features,loss,length,8400,0.30359924620760165,0.26889187001037584,0.024737982195802033,0.6584618382155896,6,"1000,1001,1002,1003,1004,1005",20000,200,True
copy,structural_features,loss,length,8600,0.2594344296639525,0.21648362523683234,0.041813366574009476,0.5518050544522702,6,"1000,1001,1002,1003,1004,1005",20000,200,True
copy,structural_features,loss,length,8800,0.24233926684699666,0.23370652398355177,6.99622485103646e-05,0.5383419054746628,6,"1000,1001,1002,1003,1004,1005",20000,200,True
copy,structural_features,loss,length,9000,0.22428374880790958,0.2234777601954385,2.8653994203580168e-05,0.5319164198450744,6,"1000,1001,1002,1003,1004,1005",20000,200,True
copy,structural_features,loss,length,9200,0.21502442565562027,0.2284601587582433,2.738205132402527e-05,0.5367539446614683,6,"1000,1001,1002,1003,1004,1005",20000,200,True
copy,structural_features,loss,length,9400,0.29198921648257287,0.16949102810500485,0.05817116010352038,0.5233061554282904,6,"1000,1001,1002,1003,1004,1005",20000,200,True
copy,structural_features,loss,length,9600,0.30143706870444475,0.2512036522428878,4.618018543624203e-05,0.678005707859993,6,"1000,1001,1002,1003,1004,1005",20000,200,True
copy,structural_features,loss,length,9800,0.2554624500121037,0.2377585097078043,1.6708907350562184e-05,0.6173119643330574,6,"1000,1001,1002,1003,1004,1005",20000,200,True
copy,structural_features,loss,length,10000,0.19149833015173456,0.152880543527968,0.045150416181274695,0.5139326536655426,6,"1000,1001,1002,1003,1004,1005",20000,200,True
copy,structural_features,loss,length,10200,0.11939382563257017,0.17939200166499927,1.911648544307809e-05,0.5136472966149449,6,"1000,1001,1002,1003,1004,1005",20000,200,True
copy,structural_features,loss,length,10400,0.1275013040851358,0.17908166910942175,9.131678509675112e-06,0.5203702112007886,6,"1000,1001,1002,1003,1004,1005",20000,200,True
copy,structural_features,loss,length,10600,0.10261775362068735,0.18521762284405627,1.0356874546033623e-05,0.5146881401911378,6,"1000,1001,1002,1003,1004,1005",20000,200,True
copy,structural_features,loss,length,10800,0.11862662088316843,0.17062511552252374,0.0010440378603686895,0.4920790608599782,6,"1000,1001,1002,1003,1004,1005",20000,200,True
copy,structural_features,loss,length,11000,0.1097934001841596,0.1810751689918833,1.0908510160021478e-05,0.5095150883030146,6,"1000,1001,1002,1003,1004,1005",20000,200,True
copy,structural_features,loss,length,11200,0.11027277663295672,0.18316551986220136,5.616250426925262e-06,0.5143012562766671,6,"1000,1001,1002,1003,1004,1005",20000,200,True
copy,structural_features,loss,length,11400,0.10418245545363769,0.18012262379243799,9.84594944263506e-06,0.5047097942139953,6,"1000,1001,1002,1003,1004,1005",20000,200,True
copy,structural_features,loss,length,11600,0.1061199528587896,0.17841496783694938,4.753050526069558e-06,0.4944489366468042,6,"1000,1001,1002,1003,1004,1005",20000,200,True
copy,structural_features,loss,length,11800,0.2026360135159844,0.19222640709797426,2.5847115391233188e-05,0.4997611316852272,6,"1000,1001,1002,1003,1004,1005",20000,200,True
copy,structural_features,loss,length,12000,0.3070263999254878,0.2924928761121802,5.015544583741871e-06,0.6464735443890095,6,"1000,1001,1002,1003,1004,1005",20000,200,True
copy,structural_features,loss,length,12200,0.2514982675729229,0.24282838269912885,5.0027471391800305e-06,0.5163064913079143,6,"1000,1001,1002,1003,1004,1005",20000,200,True
copy,structural_features,loss,length,12400,0.1315147145744978,0.17864592045220098,8.670132240293782e-06,0.49305791312363,6,"1000,1001,1002,1003,1004,1005",20000,200,True
copy,structural_features,loss,length,12600,0.10832757183860119,0.17808212249960864,1.3564933503573684e-06,0.4952178048575297,6,"1000,1001,1002,1003,1004,1005",20000,200,True
copy,structural_features,loss,length,12800,0.08718669434340309,0.18287056465414975,2.1752135328512168e-06,0.4956682536611334,6,"1000,1001,1002,1003,1004,1005",20000,200,True
copy,structural_features,loss,length,13000,0.10910407238129936,0.1780252018091569,1.58724081109618e-06,0.4982603408396244,6,"1000,1001,1002,1003,1004,1005",20000,200,True
copy,structural_features,loss,length,13200,0.13220644887311034,0.171543426853539,0.0008015658021031414,0.466689400235191,6,"1000,1001,1002,1003,1004,1005",20000,200,True
copy,structural_features,loss,length,13400,0.10009999691631682,0.17000129762334323,1.259499442785028e-06,0.4701334252022207,6,"1000,1001,1002,1003,1004,1005",20000,200,True
copy,structural_features,loss,length,13600,0.11160921276213509,0.17255242463384723,1.1540154067768426e-06,0.48873098094947637,6,"1000,1001,1002,1003,1004,1005",20000,200,True
copy,structural_features,loss,length,13800,0.1292245100933247,0.1770469144679276,9.817555433133673e-07,0.48845248541794717,6,"1000,1001,1002,1003,1004,1005",20000,200,True
copy,structural_features,loss,length,14000,0.1139033639216116,0.16888157208925236,1.6794272776010644e-06,0.4784120307955891,6,"1000,1001,1002,1003,1004,1005",20000,200,True
copy,structural_features,loss,length,14200,0.11284127786492787,0.17210775767734285,2.176195816487869e-06,0.4820400832500309,6,"1000,1001,1002,1003,1004,1005",20000,200,True
copy,structural_features,loss,length,14400,0.08318295967942398,0.16907932108937,1.4779336633674589e-06,0.46052518479060384,6,"1000,1001,1002,1003,1004,1005",20000,200,True
copy,structural_features,loss,length,14600,0.08075472555967289,0.16924671036757868,3.258847214304694e-07,0.45876562444726005,6,"1000,1001,1002,1003,1004,1005",20000,200,True
copy,structural_features,loss,length,14800,0.08091873039664492,0.15990436322597304,5.108417976962265e-07,0.4372524595912546,6,"1000,1001,1002,1003,1004,1005",20000,200,True
copy,structural_features,loss,length,15000,0.15987709627819238,0.22348244616029336,2.5759706967221073e-07,0.49577027796131007,6,"1000,1001,1002,1003,1004,1005",20000,200,True
copy,structural_features,loss,length,15200,0.09848550582940858,0.16220285885837574,2.7339690219661814e-06,0.4545855153771117,6,"1000,1001,1002,1003,1004,1005",20000,200,True
copy,structural_features,loss,length,15400,0.10289401609760501,0.1642606177435481,1.1692973142368723e-06,0.46166893470101056,6,"1000,1001,1002,1003,1004,1005",20000,200,True
copy,structural_features,loss,length,15600,0.08147359103274586,0.160574662747139,4.02813114971437e-07,0.43933508984046055,6,"1000,1001,1002,1003,1004,1005",20000,200,True
copy,structural_features,loss,length,15800,0.08349643409133382,0.16849600435245843,4.187736452948565e-07,0.4592342598922551,6,"1000,1001,1002,1003,1004,1005",20000,200,True
copy,structural_features,loss,length,16000,0.10157761705300765,0.16237594011183926,1.5846826849977292e-07,0.43611986248288304,6,"1000,1001,1002,1003,1004,1005",20000,200,True
copy,structural_features,loss,length,16200,0.0777572414627045,0.16147620415146877,2.929957032125896e-07,0.43809368867892773,6,"1000,1001,1002,1003,1004,1005",20000,200,True
copy,structural_features,loss,length,16400,0.07913378128296199,0.1595804085839615,5.927823640132502e-07,0.434857797032455,6,"1000,1001,1002,1003,1004,1005",20000,200,True
copy,structural_features,loss,length,16600,0.09227846322849731,0.15878513404671057,1.1444253473658073e-07,0.4430042622843757,6,"1000,1001,1002,1003,1004,1005",20000,200,True
copy,structural_features,loss,length,16800,0.0794836220625333,0.15579898172042966,4.817061224128387e-07,0.42611359818605704,6,"1000,1001,1002,1003,1004,1005",20000,200,True
copy,structural_features,loss,length,17000,0.09623768559635971,0.1564378023682775,3.62585298595286e-07,0.44202729905722665,6,"1000,1001,1002,1003,1004,1005",20000,200,True
copy,structural_features,loss,length,17200,0.07638215635049284,0.169121611055222,1.5333264876023906e-06,0.45453923637629484,6,"1000,1001,1002,1003,1004,1005",20000,200,True
copy,structural_features,loss,length,17400,0.08508506130881884,0.14937934229896627,4.606649274520314e-08,0.4153900380479172,6,"1000,1001,1002,1003,1004,1005",20000,200,True
copy,structural_features,loss,length,17600,0.13414540802805516,0.16800140236005506,1.491609966676459e-05,0.45752009777817876,6,"1000,1001,1002,1003,1004,1005",20000,200,True
copy,structural_features,loss,length,17800,0.16153874603056254,0.22010241902490627,3.927028460148918e-07,0.5060715535977636,6,"1000,1001,1002,1003,1004,1005",20000,200,True
copy,structural_features,loss,length,18000,0.08654043583674985,0.15539498073902924,0.00010928985619557352,0.4325048143020831,6,"1000,1001,1002,1003,1004,1005",20000,200,True
copy,structural_features,loss,length,18200,0.0897664560658566,0.15557510954541107,3.0592475917412544e-07,0.42747809652471913,6,"1000,1001,1002,1003,1004,1005",20000,200,True
copy,structural_features,loss,length,18400,0.08601702279786617,0.14875755300959276,1.34354326953752e-06,0.41065898473374546,6,"1000,1001,1002,1003,1004,1005",20000,200,True
copy,structural_features,loss,length,18600,0.12389445541625922,0.1552820895215011,3.0335805692477403e-07,0.42220033969730136,6,"1000,1001,1002,1003,1004,1005",20000,200,True
copy,structural_features,loss,length,18800,0.15068635836567132,0.17574491474679677,1.5321201266484814e-08,0.4367136409273371,6,"1000,1001,1002,1003,1004,1005",20000,200,True
copy,structural_features,loss,length,19000,0.10138951610483311,0.14438392080877338,4.676247055253541e-07,0.40756220604176635,6,"1000,1001,1002,1003,1004,1005",20000,200,True
copy,structural_features,loss,length,19200,0.08753397307564535,0.145762643014074,2.9188849125626887e-08,0.40776710483711215,6,"1000,1001,1002,1003,1004,1005",20000,200,True
copy,structural_features,loss,length,19400,0.07593694386874983,0.15635339577563562,1.2293919271020442e-08,0.4248720974382013,6,"1000,1001,1002,1003,1004,1005",20000,200,True
copy,structural_features,loss,length,19600,0.06618769182914751,0.14790998395255925,1.0164896281118774e-08,0.39692446030327116,6,"1000,1001,1002,1003,1004,1005",20000,200,True
copy,structural_features,loss,length,19800,0.14867166281776115,0.20906035165416786,1.4601647136784635e-08,0.47162981275718374,6,"1000,1001,1002,1003,1004,1005",20000,200,True
copy,structural_features,loss,length,20000,0.16918290882996512,0.1887163774172871,1.2568941320748473e-08,0.4578641676604221,6,"1000,1001,1002,1003,1004,1005",20000,200,True
copy,structural_features,loss,position,200,0.6893763820827007,0.0015323465725510365,0.6884428104758262,0.6927788969874382,6,"1000,1001,1002,1003,1004,1005",20000,200,True
copy,structural_features,loss,position,400,0.6779823295772075,0.0019491995805309685,0.6741345515847206,0.6803118440508843,6,"1000,1001,1002,1003,1004,1005",20000,200,True
copy,structural_features,loss,position,600,0.6727031980454923,0.002443290979094784,0.6691944378614426,0.6760780620574951,6,"1000,1001,1002,1003,1004,1005",20000,200,True
copy,structural_features,loss,position,800,0.666849418580532,0.0021039861363987065,0.6629639372229577,0.6694055154919625,6,"1000,1001,1002,1003,1004,1005",20000,200,True
copy,structural_features,loss,position,1000,0.6609467067072788,0.0023633879650773633,0.6579407270252705,0.6645565098524093,6,"1000,1001,1002,1003,1004,1005",20000,200,True
copy,structural_features,loss,position,1200,0.6547585076590378,0.003580115375091547,0.6495346307754517,0.6607685655355453,6,"1000,1001,1002,1003,1004,1005",20000,200,True
copy,structural_features,loss,position,1400,0.6489973693837722,0.0037074147270065787,0.6444101141393185,0.6555465275049209,6,"1000,1001,1002,1003,1004,1005",20000,200,True
copy,structural_features,loss,position,1600,0.647046301762263,0.003275447604183725,0.6413022224605084,0.6519599521160125,6,"1000,1001,1002,1003,1004,1005",20000,200,True
copy,structural_features,loss,position,1800,0.6431610395262639,0.0038877548113913983,0.6372761577367783,0.6491352564096451,6,"1000,1001,1002,1003,1004,1005",20000,200,True
copy,structural_features,loss,position,2000,0.6395705375572046,0.0050577576304755905,0.6336879067122936,0.6479751205444336,6,"1000,1001,1002,1003,1004,1005",20000,200,True
copy,structural_features,loss,position,2200,0.6380322634925444,0.004986073734818073,0.6288326427340507,0.6442804305255413,6,"1000,1001,1002,1003,1004,1005",20000,200,True
copy,structural_features,loss,position,2400,0.6318253514170646,0.004384115410640944,0.6247215984761715,0.636848990470171,6,"1000,1001,1002,1003,1004,1005",20000,200,True
copy,structural_features,loss,position,2600,0.6284567781289419,0.005485507700493952,0.6188581953942776,0.6351369209587574,6,"1000,1001,1002,1003,1004,1005",20000,200,True
copy,structural_features,loss,position,2800,0.6266455742716789,0.003162233383591735,0.6221760010719299,0.6298049218952656,6,"1000,1001,1002,1003,1004,1005",20000,200,True
copy,structural_features,loss,position,3000,0.6188769816110531,0.0071783888838889654,0.6039297473430634,0.6267273795604705,6,"1000,1001,1002,1003,1004,1005",20000,200,True
copy,structural_features,loss,position,3200,0.615166382069389,0.015479039029372718,0.5816843879222869,0.6271549288928508,6,"1000,1001,1002,1003,1004,1005",20000,200,True
copy,structural_features,loss,position,3400,0.6005324911201994,0.0388750078968499,0.5144630146771669,0.6262039704620839,6,"1000,1001,1002,1003,1004,1005",20000,200,True
copy,structural_features,loss,position,3600,0.5800497067098817,0.07715026634486652,0.407691216096282,0.619147240370512,6,"1000,1001,1002,1003,1004,1005",20000,200,True
copy,structural_features,loss,position,3800,0.5505737069497506,0.11525459477758615,0.2938802572339773,0.6113201110064983,6,"1000,1001,1002,1003,1004,1005",20000,200,True
copy,structural_features,loss,position,4000,0.5269035510936132,0.14477868450364229,0.20732916420325637,0.6119800882041454,6,"1000,1001,1002,1003,1004,1005",20000,200,True
copy,structural_features,loss,position,4200,0.5019203002906094,0.16730474858163855,0.14273444728925824,0.6140089842677117,6,"1000,1001,1002,1003,1004,1005",20000,200,True
copy,structural_features,loss,position,4400,0.4741219094876821,0.17885338453859828,0.1322273565735668,0.6035310842096806,6,"1000,1001,1002,1003,1004,1005",20000,200,True
copy,structural_features,loss,position,4600,0.4500021633831785,0.2044984736781666,0.11463240505196154,0.5981553495675326,6,"1000,1001,1002,1003,1004,1005",20000,200,True
copy,structural_features,loss,position,4800,0.4326050583700029,0.2197798040057872,0.08660498547833413,0.5961242808401584,6,"1000,1001,1002,1003,1004,1005",20000,200,True
copy,structural_features,loss,position,5000,0.4113819843658712,0.24702521228247118,0.030211697884369643,0.5885790909826756,6,"1000,1001,1002,1003,1004,1005",20000,200,True
copy,structural_features,loss,position,5200,0.42337780766383126,0.22345086658480767,0.046416904386132954,0.5907888078689575,6,"1000,1001,1002,1003,1004,1005",20000,200,True
copy,structural_features,loss,position,5400,0.3924972684050833,0.25893020440421055,0.010419574332190677,0.583350016027689,6,"1000,1001,1002,1003,1004,1005",20000,200,True
copy,structural_features,loss,position,5600,0.40031521732889813,0.24685787580706192,0.01929373875784222,0.6013160106539727,6,"1000,1001,1002,1003,1004,1005",20000,200,True
copy,structural_features,loss,position,5800,0.38091327324208885,0.24895694373884159,0.01867865873966366,0.5728027300536632,6,"1000,1001,1002,1003,1004,1005",20000,200,True
copy,structural_features,loss,position,6000,0.41730010329330985,0.20933924436216067,0.0027963361372530925,0.5644963186606765,6,"1000,1001,1002,1003,1004,1005",20000,200,True
copy,structural_features,loss,position,6200,0.36428570852272973,0.24383239825157874,0.014963307324796915,0.5639740600436925,6,"1000,1001,1002,1003,1004,1005",20000,200,True
copy,structural_features,loss,position,6400,0.394004329044692,0.18845476506433723,0.022975364447629546,0.5674873195588589,6,"1000,1001,1002,1003,1004,1005",20000,200,True
copy,structural_features,loss,position,6600,0.30470956673923255,0.22509873836086913,0.007112779771559872,0.5552040337771177,6,"1000,1001,1002,1003,1004,1005",20000,200,True
copy,structural_features,loss,position,6800,0.3715959629802092,0.20091077206796124,0.0494068462823634,0.5532626156538026,6,"1000,1001,1002,1003,1004,1005",20000,200,True
copy,structural_features,loss,position,7000,0.2747473135228575,0.1905293112070756,0.0008761827559646918,0.5336129942536354,6,"1000,1001,1002,1003,1004,1005",20000,200,True
copy,structural_features,loss,position,7200,0.21187738349983798,0.1928688170786013,0.0134727919769648,0.547362403832376,6,"1000,1001,1002,1003,1004,1005",20000,200,True
copy,structural_features,loss,position,7400,0.3199121858149374,0.2844883520837374,0.05784105594269931,0.8284724962398468,6,"1000,1001,1002,1003,1004,1005",20000,200,True
copy,structural_features,loss,position,7600,0.29452317605352923,0.23380657001824723,0.050503344853350424,0.6787145915906876,6,"1000,1001,1002,1003,1004,1005",20000,200,True
copy,structural_features,loss,position,7800,0.3076143723285471,0.2802930390718188,0.07498741473864357,0.8290688744187356,6,"1000,1001,1002,1003,1004,1005",20000,200,True
copy,structural_features,loss,position,8000,0.22992732929427198,0.15822285937844885,0.06783115443773567,0.5343833033181727,6,"1000,1001,1002,1003,1004,1005",20000,200,True
copy,structural_features,loss,position,8200,0.1251876372332845,0.18743224189623453,0.00963887670164695,0.5361305387690664,6,"1000,1001,1002,1003,1004,1005",20000,200,True
copy,structural_features,loss,position,8400,0.21743105098673668,0.2091074914793129,0.0019422769400262042,0.5444668027758598,6,"1000,1001,1002,1003,1004,1005",20000,200,True
copy,structural_features,loss,position,8600,0.2239175311017668,0.21344473899425745,0.0007538582021152251,0.5270691695250571,6,"1000,1001,1002,1003,1004,1005",20000,200,True
copy,structural_features,loss,position,8800,0.23288118319798443,0.2591243947927172,0.013138166981298128,0.6650598956644536,6,"1000,1001,1002,1003,1004,1005",20000,200,True
copy,structural_features,loss,position,9000,0.17394338609475202,0.2060908685817996,0.0006542084142165549,0.5180473713763059,6,"1000,1001,1002,1003,1004,1005",20000,200,True
copy,structural_features,loss,position,9200,0.13699006621143628,0.19375812723542815,0.0005487426571107789,0.5365262753795832,6,"1000,1001,1002,1003,1004,1005",20000,200,True
copy,structural_features,loss,position,9400,0.1769575704482971,0.1982359828111776,0.02880420773755759,0.5150343792885542,6,"1000,1001,1002,1003,1004,1005",20000,200,True
copy,structural_features,loss,position,9600,0.11639315207619495,0.1770876181897602,0.023660390209406613,0.511440044529736,6,"1000,1001,1002,1003,1004,1005",20000,200,True
copy,structural_features,loss,position,9800,0.10935043512375918,0.17408319525124974,0.0002022068786300224,0.4912782458402216,6,"1000,1001,1002,1003,1004,1005",20000,200,True
copy,structural_features,loss,position,10000,0.09054616885768156,0.18089370858263412,0.0029905279541162597,0.4946945957560092,6,"1000,1001,1002,1003,1004,1005",20000,200,True
copy,structural_features,loss,position,10200,0.10137376750907351,0.18304132384583816,0.00017066566430287366,0.5085585262067616,6,"1000,1001,1002,1003,1004,1005",20000,200,True
copy,structural_features,loss,position,10400,0.18362933903105613,0.18643758702323823,7.049287124118564e-05,0.500167579529807,6,"1000,1001,1002,1003,1004,1005",20000,200,True
copy,structural_features,loss,position,10600,0.10335735833463662,0.16618381265947893,5.662981695593316e-05,0.4664215861354023,6,"1000,1001,1002,1003,1004,1005",20000,200,True
copy,structural_features,loss,position,10800,0.08813056322718638,0.1578525231393399,5.9553964143788106e-05,0.440115856193006,6,"1000,1001,1002,1003,1004,1005",20000,200,True
copy,structural_features,loss,position,11000,0.08397981810642734,0.13668344649651268,3.330049970088567e-05,0.387535200365819,6,"1000,1001,1002,1003,1004,1005",20000,200,True
copy,structural_features,loss,position,11200,0.08846914832414232,0.11416821106750535,3.296490340716218e-05,0.2565487612225115,6,"1000,1001,1002,1003,1004,1005",20000,200,True
copy,structural_features,loss,position,11400,0.19333420470475438,0.14695334721733547,4.4676896129516306e-05,0.3707996777415974,6,"1000,1001,1002,1003,1004,1005",20000,200,True
copy,structural_features,loss,position,11600,0.0800355592747542,0.13089842137698243,1.6103808871008596e-05,0.3645128642450436,6,"1000,1001,1002,1003,1004,1005",20000,200,True
copy,structural_features,loss,position,11800,0.050184526078898395,0.07325805635534353,1.1506303453785449e-05,0.20355549172423706,6,"1000,1001,1002,1003,1004,1005",20000,200,True
copy,structural_features,loss,position,12000,0.08333674551386028,0.10308560120770831,6.075339235991351e-06,0.298913921082094,6,"1000,1001,1002,1003,1004,1005",20000,200,True
copy,structural_features,loss,position,12200,0.08158458699381534,0.13883459972563597,9.085951058796837e-05,0.3846329765053451,6,"1000,1001,1002,1003,1004,1005",20000,200,True
copy,structural_features,loss,position,12400,0.08474759832580829,0.1123103613421076,1.9118433807818747e-05,0.2435626768716611,6,"1000,1001,1002,1003,1004,1005",20000,200,True
copy,structural_features,loss,position,12600,0.05414588941014406,0.04413276785453637,5.366569822093936e-06,0.13603515263281224,6,"1000,1001,1002,1003,1004,1005",20000,200,True
copy,structural_features,loss,position,12800,0.05664244935406565,0.09898338435281503,4.7417143562000775e-06,0.2756618586373406,6,"1000,1001,1002,1003,1004,1005",20000,200,True
copy,structural_features,loss,position,13000,0.005682383996110397,0.007122823065352566,2.372014887264129e-06,0.02110736805392662,6,"1000,1001,1002,1003,1004,1005",20000,200,True
copy,structural_features,loss,position,13200,0.0046605053271791975,0.0044290903889855,2.7783213209794932e-06,0.011113807879737578,6,"1000,1001,1002,1003,1004,1005",20000,200,True
copy,structural_features,loss,position,13400,0.008286395613106939,0.011216969001766207,2.090773467617879e-06,0.028199389613378117,6,"1000,1001,1002,1003,1004,1005",20000,200,True
copy,structural_features,loss,position,13600,0.0020173030008279465,0.001536956960151203,3.3042504641966897e-06,0.003848526132328516,6,"1000,1001,1002,1003,1004,1005",20000,200,True
copy,structural_features,loss,position,13800,0.021782983368343143,0.04447598695873877,0.00018244615532694297,0.12116312420841852,6,"1000,1001,1002,1003,1004,1005",20000,200,True
copy,structural_features,loss,position,14000,0.006156139622023669,0.006380750545342206,4.612993578074764e-06,0.019794122630555647,6,"1000,1001,1002,1003,1004,1005",20000,200,True
copy,structural_features,loss,position,14200,0.06483959262749671,0.13844986461316747,1.817554112735209e-06,0.37428386507900996,6,"1000,1001,1002,1003,1004,1005",20000,200,True
copy,structural_features,loss,position,14400,0.02163818173962129,0.025943442529416882,5.973821480828034e-06,0.06927895824811457,6,"1000,1001,1002,1003,1004,1005",20000,200,True
copy,structural_features,loss,position,14600,0.2678842568563022,0.5666246126882036,7.015607156745319e-05,1.5344600359458127,6,"1000,1001,1002,1003,1004,1005",20000,200,True
copy,structural_features,loss,position,14800,0.13730448230056633,0.29234620586599946,1.213035795957218e-06,0.7907001270842738,6,"1000,1001,1002,1003,1004,1005",20000,200,True
copy,structural_features,loss,position,15000,0.10855961671161919,0.22685025094761258,1.030453895083938e-06,0.6149685403844342,6,"1000,1001,1002,1003,1004,1005",20000,200,True
copy,structural_features,loss,position,15200,0.0694507404400974,0.09949213462264835,9.08288934973675e-07,0.23721433304249842,6,"1000,1001,1002,1003,1004,1005",20000,200,True
copy,structural_features,loss,position,15400,0.11738732102302608,0.22558719865279198,0.0002884710571925098,0.6185086027182285,6,"1000,1001,1002,1003,1004,1005",20000,200,True
copy,structural_features,loss,position,15600,0.07589557435108657,0.11763226910167567,3.3264967654531575e-05,0.31551553258714193,6,"1000,1001,1002,1003,1004,1005",20000,200,True
copy,structural_features,loss,position,15800,0.09920594164966838,0.19786405901319687,1.3444180447028664e-05,0.5407647269242526,6,"1000,1001,1002,1003,1004,1005",20000,200,True
copy,structural_features,loss,position,16000,0.02912870365591115,0.04713162107059738,8.685384481585401e-07,0.12774057328892469,6,"1000,1001,1002,1003,1004,1005",20000,200,True
copy,structural_features,loss,position,16200,0.008143430751983323,0.016830331321596264,1.8715604643371186e-06,0.04574708608758158,6,"1000,1001,1002,1003,1004,1005",20000,200,True
copy,structural_features,loss,position,16400,0.021125352118087845,0.03793923101292897,0.00018553321780927944,0.10549951028404275,6,"1000,1001,1002,1003,1004,1005",20000,200,True
copy,structural_features,loss,position,16600,0.0032589130654732492,0.002575910945623348,1.0919312041011153e-05,0.007278325890288215,6,"1000,1001,1002,1003,1004,1005",20000,200,True
copy,structural_features,loss,position,16800,0.008288066047240044,0.012186133373153146,6.588274215646451e-07,0.03176243182995677,6,"1000,1001,1002,1003,1004,1005",20000,200,True
copy,structural_features,loss,position,17000,0.0014740017682576404,0.0020716909229342496,1.2420406323709887e-06,0.005054279086962197,6,"1000,1001,1002,1003,1004,1005",20000,200,True
copy,structural_features,loss,position,17200,0.004318157713424261,0.0037366147295618576,2.805697067786647e-07,0.010086352214539573,6,"1000,1001,1002,1003,1004,1005",20000,200,True
copy,structural_features,loss,position,17400,0.00796737867751662,0.016120071581898248,8.906928020989413e-07,0.043899529935988536,6,"1000,1001,1002,1003,1004,1005",20000,200,True
copy,structural_features,loss,position,17600,0.0025205618791436664,0.0025724289369001103,4.3901219855708996e-07,0.006797893620313289,6,"1000,1001,1002,1003,1004,1005",20000,200,True
copy,structural_features,loss,position,17800,7.920480839441137e-05,9.557974054897658e-05,7.617006536078663e-08,0.00027558217170735587,6,"1000,1001,1002,1003,1004,1005",20000,200,True
copy,structural_features,loss,position,18000,0.00011546907340380266,0.00023084402257626428,4.301257447575715e-07,0.0006312852837982064,6,"1000,1001,1002,1003,1004,1005",20000,200,True
copy,structural_features,loss,position,18200,0.0026399055137264014,0.002883046072497229,2.7230563118413115e-06,0.00692272455297438,6,"1000,1001,1002,1003,1004,1005",20000,200,True
copy,structural_features,loss,position,18400,0.00238386277600556,0.002561283871723613,2.3672371451108342e-07,0.006988852420544447,6,"1000,1001,1002,1003,1004,1005",20000,200,True
copy,structural_features,loss,position,18600,0.0036909036078169102,0.00429427363671824,3.7111747314538814e-06,0.011438655386745182,6,"1000,1001,1002,1003,1004,1005",20000,200,True
copy,structural_features,loss,position,18800,0.030553828876641282,0.06689468178804461,5.544836055790606e-07,0.1801138868052294,6,"1000,1001,1002,1003,1004,1005",20000,200,True
copy,structural_features,loss,position,19000,0.07616261253603496,0.14599493485167916,6.016327404836375e-06,0.4011059277311142,6,"1000,1001,1002,1003,1004,1005",20000,200,True
copy,structural_features,loss,position,19200,0.00033352932611915766,0.0007028492369592968,4.478084350694189e-06,0.0019048330277655623,6,"1000,1001,1002,1003,1004,1005",20000,200,True
copy,structural_features,loss,position,19400,6.566316883557006e-05,0.00011563948665405394,7.500010713092434e-07,0.0003228367503743357,6,"1000,1001,1002,1003,1004,1005",20000,200,True
copy,structural_features,loss,position,19600,0.018624516227622314,0.03439253788918535,4.579263035538877e-08,0.09480374686984035,6,"1000,1001,1002,1003,1004,1005",20000,200,True
copy,structural_features,loss,position,19800,0.034839624151058964,0.07631600667423952,2.916391257823392e-06,0.20546317602527608,6,"1000,1001,1002,1003,1004,1005",20000,200,True
copy,structural_features,loss,position,20000,0.00045184639266866787,0.0009339312072629651,1.3850671002381408e-07,0.002537445577824862,6,"1000,1001,1002,1003,1004,1005",20000,200,True
copy,structural_features,loss,operation,200,0.6896283959348996,0.0017128392632485723,0.6884064534306527,0.6933796229958534,6,"1000,1001,1002,1003,1004,1005",20000,200,True
copy,structural_features,loss,operation,400,0.6786487500369548,0.0015103477297680782,0.676066966354847,0.6804523861408234,6,"1000,1001,1002,1003,1004,1005",20000,200,True
copy,structural_features,loss,operation,600,0.6742666906615099,0.0022030504640127885,0.6707503095269203,0.6764419269561768,6,"1000,1001,1002,1003,1004,1005",20000,200,True
copy,structural_features,loss,operation,800,0.6679508372644584,0.0023476629120380006,0.6634857130050659,0.6709550774097442,6,"1000,1001,1002,1003,1004,1005",20000,200,True
copy,structural_features,loss,operation,1000,0.66151821911335,0.0020494274594609974,0.659134107530117,0.6654446366429329,6,"1000,1001,1002,1003,1004,1005",20000,200,True
copy,structural_features,loss,operation,1200,0.6546354057391485,0.004350078058761315,0.6482941143214702,0.6619741752743721,6,"1000,1001,1002,1003,1004,1005",20000,200,True
copy,structural_features,loss,operation,1400,0.6487156876176595,0.0035672981005635384,0.6448563447594643,0.6555857992172242,6,"1000,1001,1002,1003,1004,1005",20000,200,True
copy,structural_features,loss,operation,1600,0.6469254481295744,0.003132713332103767,0.6420082011818886,0.6517947374284268,6,"1000,1001,1002,1003,1004,1005",20000,200,True
copy,structural_features,loss,operation,1800,0.6435249224801858,0.0032343911642692268,0.638530475795269,0.6482467821240425,6,"1000,1001,1002,1003,1004,1005",20000,200,True
copy,structural_features,loss,operation,2000,0.6402857976158459,0.004688421032030425,0.6341882503032684,0.6477438323199749,6,"1000,1001,1002,1003,1004,1005",20000,200,True
copy,structural_features,loss,operation,2200,0.63793625322481,0.005451554562643133,0.6294691576063633,0.6467599055171013,6,"1000,1001,1002,1003,1004,1005",20000,200,True
copy,structural_features,loss,operation,2400,0.6306397284815708,0.006559679933240231,0.6204272702336311,0.6391351145505905,6,"1000,1001,1002,1003,1004,1005",20000,200,True
copy,structural_features,loss,operation,2600,0.6247096320986748,0.010880727102625339,0.6042300063371658,0.6381843952834606,6,"1000,1001,1002,1003,1004,1005",20000,200,True
copy,structural_features,loss,operation,2800,0.6144826280077299,0.032641683874887334,0.5416096684336662,0.6324273210763931,6,"1000,1001,1002,1003,1004,1005",20000,200,True
copy,structural_features,loss,operation,3000,0.5993988559395075,0.05401996996836142,0.4786636862158775,0.6260919973254204,6,"1000,1001,1002,1003,1004,1005",20000,200,True
copy,structural_features,loss,operation,3200,0.5765707174067697,0.10236121036620272,0.3482131323963404,0.6316300472617149,6,"1000,1001,1002,1003,1004,1005",20000,200,True
copy,structural_features,loss,operation,3400,0.5552885272043446,0.13068675895648338,0.26462397899478673,0.6253110441565514,6,"1000,1001,1002,1003,1004,1005",20000,200,True
copy,structural_features,loss,operation,3600,0.5170620415763308,0.17932726636516502,0.12985826963558794,0.6259960961341858,6,"1000,1001,1002,1003,1004,1005",20000,200,True
copy,structural_features,loss,operation,3800,0.48961330140009524,0.17858297680905175,0.1568524230644107,0.6199242264032364,6,"1000,1001,1002,1003,1004,1005",20000,200,True
copy,structural_features,loss,operation,4000,0.4457830727426335,0.22249266428676115,0.045291737327352165,0.6249577315151691,6,"1000,1001,1002,1003,1004,1005",20000,200,True
copy,structural_features,loss,operation,4200,0.5098590377764777,0.18908327975305797,0.13571918355301021,0.6983826933894306,6,"1000,1001,1002,1003,1004,1005",20000,200,True
copy,structural_features,loss,operation,4400,0.47694534004045025,0.2163839337945109,0.0555689562484622,0.66975973919034,6,"1000,1001,1002,1003,1004,1005",20000,200,True
copy,structural_features,loss,operation,4600,0.5745989867160096,0.14992935888285377,0.26988313352689147,0.754819442788139,6,"1000,1001,1002,1003,1004,1005",20000,200,True
copy,structural_features,loss,operation,4800,0.453388861080942,0.18097516571460687,0.16015817540697752,0.6409465074539185,6,"1000,1001,1002,1003,1004,1005",20000,200,True
copy,structural_features,loss,operation,5000,0.4660899348324165,0.210934243990038,0.07268828743137419,0.6338949154317379,6,"1000,1001,1002,1003,1004,1005",20000,200,True
copy,structural_features,loss,operation,5200,0.4013294487594006,0.19783529758809787,0.17574411731213332,0.6204335287213325,6,"1000,1001,1002,1003,1004,1005",20000,200,True
copy,structural_features,loss,operation,5400,0.4056188542535528,0.24178834837339525,0.03860506739234552,0.6223530520498752,6,"1000,1001,1002,1003,1004,1005",20000,200,True
copy,structural_features,loss,operation,5600,0.43876524282347723,0.2573958488932018,0.0662301173293963,0.6679008989036084,6,"1000,1001,1002,1003,1004,1005",20000,200,True
copy,structural_features,loss,operation,5800,0.5271720479882788,0.11593567912499976,0.27104983530705795,0.6037062053894624,6,"1000,1001,1002,1003,1004,1005",20000,200,True
copy,structural_features,loss,operation,6000,0.5304877598086993,0.12911058955233112,0.2899691342562437,0.6555579622089863,6,"1000,1001,1002,1003,1004,1005",20000,200,True
copy,structural_features,loss,operation,6200,0.4271197961751993,0.16840454592983695,0.20945404632017017,0.6193888281285763,6,"1000,1001,1002,1003,1004,1005",20000,200,True
copy,structural_features,loss,operation,6400,0.4343307132308836,0.21890586836399598,0.0709371722326614,0.6037383680604398,6,"1000,1001,1002,1003,1004,1005",20000,200,True
copy,structural_features,loss,operation,6600,0.3316124622417071,0.226111336773493,0.015611291098175571,0.5877156595885754,6,"1000,1001,1002,1003,1004,1005",20000,200,True
copy,structural_features,loss,operation,6800,0.38610167139132207,0.21389358670172617,0.02289278683369048,0.5923824060708285,6,"1000,1001,1002,1003,1004,1005",20000,200,True
copy,structural_features,loss,operation,7000,0.31815264032998436,0.19178772091346344,0.03564928657840937,0.5591829799860716,6,"1000,1001,1002,1003,1004,1005",20000,200,True
copy,structural_features,loss,operation,7200,0.20447405219015005,0.19000866015821494,0.006064298535638954,0.5503064833581448,6,"1000,1001,1002,1003,1004,1005",20000,200,True
copy,structural_features,loss,operation,7400,0.2178913203638755,0.20057317227313262,0.004894303277833387,0.5559037611633539,6,"1000,1001,1002,1003,1004,1005",20000,200,True
copy,structural_features,loss,operation,7600,0.31486930816347014,0.2684313680437908,0.003346010693348944,0.7453373752796324,6,"1000,1001,1002,1003,1004,1005",20000,200,True
copy,structural_features,loss,operation,7800,0.24041535199651362,0.1832216654809989,0.003294454077113187,0.5345093527063728,6,"1000,1001,1002,1003,1004,1005",20000,200,True
copy,structural_features,loss,operation,8000,0.15478196115261578,0.186101437016433,9.65180035245794e-05,0.539750084914267,6,"1000,1001,1002,1003,1004,1005",20000,200,True
copy,structural_features,loss,operation,8200,0.205462421808874,0.2138799703788531,1.7568104235579087e-05,0.5373755678907037,6,"1000,1001,1002,1003,1004,1005",20000,200,True
copy,structural_features,loss,operation,8400,0.17612722578413129,0.18620859522320574,0.018521648167807145,0.5176278793625534,6,"1000,1001,1002,1003,1004,1005",20000,200,True
copy,structural_features,loss,operation,8600,0.1552974332472176,0.18651045465305902,1.244790955524877e-05,0.5077178822644055,6,"1000,1001,1002,1003,1004,1005",20000,200,True
copy,structural_features,loss,operation,8800,0.101983494489986,0.18333638269489017,3.1996021566271792e-06,0.5111340723745524,6,"1000,1001,1002,1003,1004,1005",20000,200,True
copy,structural_features,loss,operation,9000,0.16588154701208424,0.19748621081770124,5.486796971254648e-07,0.5111146907508374,6,"1000,1001,1002,1003,1004,1005",20000,200,True
copy,structural_features,loss,operation,9200,0.1657186433678244,0.1850586933257132,1.2308970533503328e-07,0.5059889998659491,6,"1000,1001,1002,1003,1004,1005",20000,200,True
copy,structural_features,loss,operation,9400,0.10591003096875488,0.18564588737631788,3.571828838588864e-08,0.5176411579642445,6,"1000,1001,1002,1003,1004,1005",20000,200,True
copy,structural_features,loss,operation,9600,0.09550251402871308,0.18187029556029388,1.3001639334042637e-08,0.49937361335381864,6,"1000,1001,1002,1003,1004,1005",20000,200,True
copy,structural_features,loss,operation,9800,0.1128580257353069,0.17439390751076536,7.1666924375546336e-09,0.4944398129265755,6,"1000,1001,1002,1003,1004,1005",20000,200,True
copy,structural_features,loss,operation,10000,0.1418712008662828,0.18242678467339737,3.958816361254725e-09,0.48963201344013213,6,"1000,1001,1002,1003,1004,1005",20000,200,True
copy,structural_features,loss,operation,10200,0.11719302821219198,0.16916074605480264,3.1124503172691444e-09,0.4828837999235839,6,"1000,1001,1002,1003,1004,1005",20000,200,True
copy,structural_features,loss,operation,10400,0.095661845005249,0.1785686856710822,2.7415743586445273e-09,0.4929341021925211,6,"1000,1001,1002,1003,1004,1005",20000,200,True
copy,structural_features,loss,operation,10600,0.14050294039394243,0.1830466943813517,1.7063272101519589e-09,0.47291518448852005,6,"1000,1001,1002,1003,1004,1005",20000,200,True
copy,structural_features,loss,operation,10800,0.18498629954799303,0.2425010935178191,1.6469163795218567e-09,0.5859970282763243,6,"1000,1001,1002,1003,1004,1005",20000,200,True
copy,structural_features,loss,operation,11000,0.0901857438738507,0.13802987145399334,1.2649338967767043e-09,0.3951837286911905,6,"1000,1001,1002,1003,1004,1005",20000,200,True
copy,structural_features,loss,operation,11200,0.12037973334263218,0.16505650835798044,1.1277022954857274e-09,0.4307246274757199,6,"1000,1001,1002,1003,1004,1005",20000,200,True
copy,structural_features,loss,operation,11400,0.063916922654819,0.1251583032446373,9.454448732931774e-10,0.3429913291241974,6,"1000,1001,1002,1003,1004,1005",20000,200,True
copy,structural_features,loss,operation,11600,0.05273517438115485,0.08702772058962659,1.0225880185503467e-09,0.2457139733294025,6,"1000,1001,1002,1003,1004,1005",20000,200,True
copy,structural_features,loss,operation,11800,0.03442593930525517,0.05776254117870152,7.898149929387588e-10,0.16195746896788477,6,"1000,1001,1002,1003,1004,1005",20000,200,True
copy,structural_features,loss,operation,12000,0.025184572183761123,0.04531980960901608,7.402763524053113e-10,0.12571567876264453,6,"1000,1001,1002,1003,1004,1005",20000,200,True
copy,structural_features,loss,operation,12200,0.018915908424816722,0.0295279799711922,7.244668974708962e-10,0.08213196330238133,6,"1000,1001,1002,1003,1004,1005",20000,200,True
copy,structural_features,loss,operation,12400,0.04735663187209572,0.07879968066384106,6.18739355428416e-10,0.2163695615470715,6,"1000,1001,1002,1003,1004,1005",20000,200,True
copy,structural_features,loss,operation,12600,0.03255633378974903,0.04705720817329599,7.78617219188843e-10,0.13109562366104,6,"1000,1001,1002,1003,1004,1005",20000,200,True
copy,structural_features,loss,operation,12800,0.009711010756017708,0.01589099309160739,7.289197930578778e-10,0.043471420691348614,6,"1000,1001,1002,1003,1004,1005",20000,200,True
copy,structural_features,loss,operation,13000,0.006851716739273921,0.011008827389108779,5.472688210245157e-10,0.030142233679071068,6,"1000,1001,1002,1003,1004,1005",20000,200,True
copy,structural_features,loss,operation,13200,0.006288295786445606,0.012323206430148507,4.801219282823261e-10,0.033706734499428424,6,"1000,1001,1002,1003,1004,1005",20000,200,True
copy,structural_features,loss,operation,13400,0.012598148761325546,0.015507344299573976,4.024882492223436e-10,0.03996263637806351,6,"1000,1001,1002,1003,1004,1005",20000,200,True
copy,structural_features,loss,operation,13600,0.005387260173507939,0.010975429249922555,3.027279840911792e-10,0.029889246984384953,6,"1000,1001,1002,1003,1004,1005",20000,200,True
copy,structural_features,loss,operation,13800,0.016448409732842662,0.018840394042020626,4.4514060624188666e-10,0.043698870376952074,6,"1000,1001,1002,1003,1004,1005",20000,200,True
copy,structural_features,loss,operation,14000,0.0028947552573892793,0.0050847316334392415,3.87342774061869e-10,0.013999295199755579,6,"1000,1001,1002,1003,1004,1005",20000,200,True
copy,structural_features,loss,operation,14200,0.0034707150516606615,0.0038654440237090204,3.6126391097374145e-10,0.009630755262915045,6,"1000,1001,1002,1003,1004,1005",20000,200,True
copy,structural_features,loss,operation,14400,0.02610367863759028,0.023602661806925475,2.7585863320521953e-10,0.05888537264478593,6,"1000,1001,1002,1003,1004,1005",20000,200,True
copy,structural_features,loss,operation,14600,0.023008513259061964,0.024742364233093294,2.776311820349396e-10,0.07007796540661304,6,"1000,1001,1002,1003,1004,1005",20000,200,True
copy,structural_features,loss,operation,14800,0.0029047898926916824,0.0031051369189052163,2.9377903338310973e-10,0.007516730956390632,6,"1000,1001,1002,1003,1004,1005",20000,200,True
copy,structural_features,loss,operation,15000,0.010121841660409841,0.02042118216314698,2.7176076408327863e-10,0.05560889729877999,6,"1000,1001,1002,1003,1004,1005",20000,200,True
copy,structural_features,loss,operation,15200,0.00645889262047107,0.012194433678062637,3.1232515749438777e-10,0.03344236291071525,6,"1000,1001,1002,1003,1004,1005",20000,200,True
copy,structural_features,loss,operation,15400,0.027654832009602687,0.05919087603782458,2.3689897131213416e-10,0.15992882005871023,6,"1000,1001,1002,1003,1004,1005",20000,200,True
copy,structural_features,loss,operation,15600,0.01652902031397529,0.022632341663157793,2.3592341988429995e-10,0.057579722142454555,6,"1000,1001,1002,1003,1004,1005",20000,200,True
copy,structural_features,loss,operation,15800,0.014668355781295573,0.019586551768045385,2.3805062972703447e-10,0.04484067461267387,6,"1000,1001,1002,1003,1004,1005",20000,200,True
copy,structural_features,loss,operation,16000,0.0006247087426549509,0.0011936885182860645,2.682203633459432e-10,0.003285044366202783,6,"1000,1001,1002,1003,1004,1005",20000,200,True
copy,structural_features,loss,operation,16200,0.0005286120863570324,0.0008761717937781016,2.0881149683047578e-10,0.002409168033336755,6,"1000,1001,1002,1003,1004,1005",20000,200,True
copy,structural_features,loss,operation,16400,0.0029838230562784936,0.006560843907693086,2.4463722531238573e-10,0.017653849702037407,6,"1000,1001,1002,1003,1004,1005",20000,200,True
copy,structural_features,loss,operation,16600,0.0003736369915078971,0.0007799144598203656,2.7365457788914097e-10,0.002116669229872059,6,"1000,1001,1002,1003,1004,1005",20000,200,True
copy,structural_features,loss,operation,16800,0.014397399473293054,0.02504506770664125,1.9419058397548635e-10,0.0700961309277045,6,"1000,1001,1002,1003,1004,1005",20000,200,True
copy,structural_features,loss,operation,17000,0.0004206025201156174,0.0007445719169986052,1.7845975410326135e-10,0.002053843237372348,6,"1000,1001,1002,1003,1004,1005",20000,200,True
copy,structural_features,loss,operation,17200,0.00036922214046231024,0.00075301711501235,2.6506808510065247e-10,0.002052053446386708,6,"1000,1001,1002,1003,1004,1005",20000,200,True
copy,structural_features,loss,operation,17400,0.010960261412974544,0.02363940098391255,1.7809582040237762e-10,0.06379625963488707,6,"1000,1001,1002,1003,1004,1005",20000,200,True
copy,structural_features,loss,operation,17600,0.004934485040712947,0.01029399599180664,1.7839411709571347e-10,0.027917792616052567,6,"1000,1001,1002,1003,1004,1005",20000,200,True
copy,structural_features,loss,operation,17800,0.02899635672325678,0.03405427188974537,2.5866531282777575e-10,0.07708881500306916,6,"1000,1001,1002,1003,1004,1005",20000,200,True
copy,structural_features,loss,operation,18000,0.01872547467228908,0.026534600562072828,1.8015008014862777e-10,0.06495700078016682,6,"1000,1001,1002,1003,1004,1005",20000,200,True
copy,structural_features,loss,operation,18200,0.00019617122014696815,0.00036918682743129966,1.365222426297566e-10,0.0010199276288039981,6,"1000,1001,1002,1003,1004,1005",20000,200,True
copy,structural_features,loss,operation,18400,0.02670390329449403,0.03122749698459896,1.6741929961784035e-10,0.08074395276458582,6,"1000,1001,1002,1003,1004,1005",20000,200,True
copy,structural_features,loss,operation,18600,0.013546981779156926,0.029605834054495687,1.545117950469202e-10,0.07974030813486575,6,"1000,1001,1002,1003,1004,1005",20000,200,True
copy,structural_features,loss,operation,18800,0.012882033880879619,0.01912641394793831,1.9598879622950011e-10,0.04880583476845345,6,"1000,1001,1002,1003,1004,1005",20000,200,True
copy,structural_features,loss,operation,19000,0.014913242176386675,0.031504229770131696,1.3713131113935947e-10,0.08532748491919846,6,"1000,1001,1002,1003,1004,1005",20000,200,True
copy,structural_features,loss,operation,19200,0.001343584148876237,0.0026309521234302476,1.3179547727910218e-10,0.007185728480731086,6,"1000,1001,1002,1003,1004,1005",20000,200,True
copy,structural_features,loss,operation,19400,0.003917547377793683,0.005727998219963171,1.437266577324417e-10,0.014347310160774214,6,"1000,1001,1002,1003,1004,1005",20000,200,True
copy,structural_features,loss,operation,19600,0.0002054794101193348,0.0004330425063766466,2.0204922062273117e-10,0.001173342363908887,6,"1000,1001,1002,1003,1004,1005",20000,200,True
copy,structural_features,loss,operation,19800,0.00026418804749488845,0.0005596688022029233,1.2916696708314273e-10,0.001515108896055608,6,"1000,1001,1002,1003,1004,1005",20000,200,True
copy,structural_features,loss,operation,20000,0.0006875005910325079,0.0012031401535624985,1.6654570247865915e-10,0.0033107224584848893,6,"1000,1001,1002,1003,1004,1005",20000,200,True
copy,structural_features,loss,relation,200,0.68964009826382,0.0013599992856386982,0.6882965523004532,0.6923968401551247,6,"1000,1001,1002,1003,1004,1005",20000,200,True
copy,structural_features,loss,relation,400,0.6784358709553877,0.0014861496280430195,0.6758964824676513,0.6809818673133851,6,"1000,1001,1002,1003,1004,1005",20000,200,True
copy,structural_features,loss,relation,600,0.673253739029169,0.0025033525136747207,0.6685639899969101,0.6757891163229942,6,"1000,1001,1002,1003,1004,1005",20000,200,True
copy,structural_features,loss,relation,800,0.6661627532045046,0.002283246536709015,0.6622124567627907,0.669911430478096,6,"1000,1001,1002,1003,1004,1005",20000,200,True
copy,structural_features,loss,relation,1000,0.6605253836512566,0.0011495463071300425,0.658977999985218,0.6625007992982864,6,"1000,1001,1002,1003,1004,1005",20000,200,True
copy,structural_features,loss,relation,1200,0.6547450562814872,0.003951204210800241,0.6496465155482292,0.6627122041583061,6,"1000,1001,1002,1003,1004,1005",20000,200,True
copy,structural_features,loss,relation,1400,0.648539042621851,0.004053301340404935,0.6439563438296318,0.6565611934661866,6,"1000,1001,1002,1003,1004,1005",20000,200,True
copy,structural_features,loss,relation,1600,0.6463264338423809,0.003704706077586976,0.6407522919774056,0.6533766293525696,6,"1000,1001,1002,1003,1004,1005",20000,200,True
copy,structural_features,loss,relation,1800,0.6421825055778027,0.004013417146387292,0.635118470042944,0.6464779023826123,6,"1000,1001,1002,1003,1004,1005",20000,200,True
copy,structural_features,loss,relation,2000,0.6394577004263798,0.005099325604852001,0.6351638478040695,0.6469505430757999,6,"1000,1001,1002,1003,1004,1005",20000,200,True
copy,structural_features,loss,relation,2200,0.6369864178697269,0.0048310480361935595,0.6279948037862778,0.642318052649498,6,"1000,1001,1002,1003,1004,1005",20000,200,True
copy,structural_features,loss,relation,2400,0.6309989900887013,0.005486948439688161,0.6202999885380268,0.6353979940712452,6,"1000,1001,1002,1003,1004,1005",20000,200,True
copy,structural_features,loss,relation,2600,0.6276459479580322,0.0059164165658965925,0.6162423439323902,0.6360025475919246,6,"1000,1001,1002,1003,1004,1005",20000,200,True
copy,structural_features,loss,relation,2800,0.6271749311933915,0.0021079352546685705,0.6243236598372459,0.6307841797173023,6,"1000,1001,1002,1003,1004,1005",20000,200,True
copy,structural_features,loss,relation,3000,0.6213465224703153,0.0018196808629851778,0.6178410904109478,0.6237683346867562,6,"1000,1001,1002,1003,1004,1005",20000,200,True
copy,structural_features,loss,relation,3200,0.6210287533452113,0.004231161533371607,0.6153071464598179,0.6278049938380719,6,"1000,1001,1002,1003,1004,1005",20000,200,True
copy,structural_features,loss,relation,3400,0.6174403048803409,0.00592216510569955,0.6098509874939918,0.6266807675361633,6,"1000,1001,1002,1003,1004,1005",20000,200,True
copy,structural_features,loss,relation,3600,0.6167804025734464,0.006663262724044224,0.6047470146417617,0.624173908829689,6,"1000,1001,1002,1003,1004,1005",20000,200,True
copy,structural_features,loss,relation,3800,0.6050312706703941,0.006995990001397583,0.595490728020668,0.6144974753260612,6,"1000,1001,1002,1003,1004,1005",20000,200,True
copy,structural_features,loss,relation,4000,0.6005982283502816,0.007830740752507918,0.5910677802562714,0.616780166476965,6,"1000,1001,1002,1003,1004,1005",20000,200,True
copy,structural_features,loss,relation,4200,0.5942476684227586,0.012974030268787635,0.5762833799421787,0.6163680726289749,6,"1000,1001,1002,1003,1004,1005",20000,200,True
copy,structural_features,loss,relation,4400,0.5808352319151162,0.025200842187719244,0.5296651894599199,0.6085220266878605,6,"1000,1001,1002,1003,1004,1005",20000,200,True
copy,structural_features,loss,relation,4600,0.5596693692232172,0.06642446190778999,0.4136050173640251,0.6061804763227702,6,"1000,1001,1002,1003,1004,1005",20000,200,True
copy,structural_features,loss,relation,4800,0.5202919629899164,0.11845630600485875,0.2585076734051108,0.6008401338756084,6,"1000,1001,1002,1003,1004,1005",20000,200,True
copy,structural_features,loss,relation,5000,0.4954252771412333,0.13869999085048573,0.19742538638412951,0.583244861960411,6,"1000,1001,1002,1003,1004,1005",20000,200,True
copy,structural_features,loss,relation,5200,0.4918440177012234,0.09668921339158765,0.3334128547646105,0.589983885884285,6,"1000,1001,1002,1003,1004,1005",20000,200,True
copy,structural_features,loss,relation,5400,0.434192730995516,0.15385774908713098,0.18019625168293715,0.5812110868096352,6,"1000,1001,1002,1003,1004,1005",20000,200,True
copy,structural_features,loss,relation,5600,0.3901295696649079,0.1752373295073473,0.15408975926227866,0.5689349783957005,6,"1000,1001,1002,1003,1004,1005",20000,200,True
copy,structural_features,loss,relation,5800,0.3991570821621766,0.13621568067214845,0.23547605209052563,0.5517798405140638,6,"1000,1001,1002,1003,1004,1005",20000,200,True
copy,structural_features,loss,relation,6000,0.4766570594689498,0.17271185012022597,0.17163822419941424,0.7278727087378501,6,"1000,1001,1002,1003,1004,1005",20000,200,True
copy,structural_features,loss,relation,6200,0.4351828063325956,0.17590810676202148,0.165725279385224,0.6680891764163971,6,"1000,1001,1002,1003,1004,1005",20000,200,True
copy,structural_features,loss,relation,6400,0.3545322629995644,0.20255366679367084,0.08678205940872431,0.6241490943729877,6,"1000,1001,1002,1003,1004,1005",20000,200,True
copy,structural_features,loss,relation,6600,0.4313806081004441,0.18162299785123256,0.1706641431991011,0.6604618748929352,6,"1000,1001,1002,1003,1004,1005",20000,200,True
copy,structural_features,loss,relation,6800,0.366286638964278,0.20850953917804946,0.07609374538064002,0.5806856913119555,6,"1000,1001,1002,1003,1004,1005",20000,200,True
copy,structural_features,loss,relation,7000,0.387935019301561,0.1912119798901693,0.06329026863910257,0.581757673677057,6,"1000,1001,1002,1003,1004,1005",20000,200,True
copy,structural_features,loss,relation,7200,0.2683313455032961,0.22653305160532583,0.031840815341565756,0.6205196993425488,6,"1000,1001,1002,1003,1004,1005",20000,200,True
copy,structural_features,loss,relation,7400,0.19801661629307396,0.17332703037159564,0.03880515735596418,0.5149118605814874,6,"1000,1001,1002,1003,1004,1005",20000,200,True
copy,structural_features,loss,relation,7600,0.13685042707191317,0.19010346306556533,0.012245427191955968,0.553350786305964,6,"1000,1001,1002,1003,1004,1005",20000,200,True
copy,structural_features,loss,relation,7800,0.18229187038411812,0.21412447045281993,0.005446776342287194,0.5569256689026951,6,"1000,1001,1002,1003,1004,1005",20000,200,True
copy,structural_features,loss,relation,8000,0.33157052065692066,0.4377112433975039,0.0027666830422822387,1.2221956063061952,6,"1000,1001,1002,1003,1004,1005",20000,200,True
copy,structural_features,loss,relation,8200,0.2756432883536036,0.2527633049154471,0.0014400832177489066,0.6522328213974834,6,"1000,1001,1002,1003,1004,1005",20000,200,True
copy,structural_features,loss,relation,8400,0.3134127656896878,0.2878013981434137,0.0007885994294701959,0.6701017099618912,6,"1000,1001,1002,1003,1004,1005",20000,200,True
copy,structural_features,loss,relation,8600,0.22815171365315412,0.20522042377151448,0.0006601057870830119,0.5334113109018653,6,"1000,1001,1002,1003,1004,1005",20000,200,True
copy,structural_features,loss,relation,8800,0.12381206279590513,0.1841560648667794,0.0003017706429272948,0.5208843083120882,6,"1000,1001,1002,1003,1004,1005",20000,200,True
copy,structural_features,loss,relation,9000,0.1577642937279279,0.1797457906386865,0.0002878724609308847,0.5148914069496096,6,"1000,1001,1002,1003,1004,1005",20000,200,True
copy,structural_features,loss,relation,9200,0.1973223083848105,0.19799139380070313,0.0014054467642563395,0.49727542287670073,6,"1000,1001,1002,1003,1004,1005",20000,200,True
copy,structural_features,loss,relation,9400,0.12754904522962154,0.1745913461364335,0.004372098669555271,0.5028997093532235,6,"1000,1001,1002,1003,1004,1005",20000,200,True
copy,structural_features,loss,relation,9600,0.1267699798261185,0.17682588443674505,0.00018558428269670912,0.5126419398374855,6,"1000,1001,1002,1003,1004,1005",20000,200,True
copy,structural_features,loss,relation,9800,0.13227683852657152,0.18027226057708434,0.0002436524068275503,0.4937245153542608,6,"1000,1001,1002,1003,1004,1005",20000,200,True
copy,structural_features,loss,relation,10000,0.13310457816908675,0.18091824353623479,5.6238522322473724e-05,0.49385618419386446,6,"1000,1001,1002,1003,1004,1005",20000,200,True
copy,structural_features,loss,relation,10200,0.11677897457403143,0.17351619088407683,5.954546547627615e-05,0.4927129512699321,6,"1000,1001,1002,1003,1004,1005",20000,200,True
copy,structural_features,loss,relation,10400,0.09893699699618101,0.1816898692815665,3.724340245867097e-05,0.5007223170530051,6,"1000,1001,1002,1003,1004,1005",20000,200,True
copy,structural_features,loss,relation,10600,0.08804160821695528,0.18136197918689337,4.123623858333758e-05,0.4930848289327696,6,"1000,1001,1002,1003,1004,1005",20000,200,True
copy,structural_features,loss,relation,10800,0.0850227934936693,0.1721866765930108,1.9023398747037844e-05,0.46948827763088047,6,"1000,1001,1002,1003,1004,1005",20000,200,True
copy,structural_features,loss,relation,11000,0.08362468212045637,0.18174683182610715,2.7088443958973583e-05,0.48999586740043016,6,"1000,1001,1002,1003,1004,1005",20000,200,True
copy,structural_features,loss,relation,11200,0.0862623321878435,0.18036216332077054,1.1372601256027792e-05,0.4892372763203457,6,"1000,1001,1002,1003,1004,1005",20000,200,True
copy,structural_features,loss,relation,11400,0.08237806542506389,0.1793187963981647,0.0006465309938721475,0.48333578012883666,6,"1000,1001,1002,1003,1004,1005",20000,200,True
copy,structural_features,loss,relation,11600,0.07828961395811784,0.1723494033926948,6.909707109343799e-06,0.4636637369962409,6,"1000,1001,1002,1003,1004,1005",20000,200,True
copy,structural_features,loss,relation,11800,0.09111724472607674,0.17103413695152903,1.1525048709373209e-05,0.47148744941456244,6,"1000,1001,1002,1003,1004,1005",20000,200,True
copy,structural_features,loss,relation,12000,0.08463277675761027,0.16196695589520863,7.085560777113642e-05,0.44571156884077934,6,"1000,1001,1002,1003,1004,1005",20000,200,True
copy,structural_features,loss,relation,12200,0.08956717551553756,0.15432971136818777,7.510406070991849e-06,0.4302096986025572,6,"1000,1001,1002,1003,1004,1005",20000,200,True
copy,structural_features,loss,relation,12400,0.056224310994203545,0.11177993097874704,0.00028308990853474823,0.30569910394959154,6,"1000,1001,1002,1003,1004,1005",20000,200,True
copy,structural_features,loss,relation,12600,0.1774267700428371,0.2662618323739596,0.002678911243400108,0.7515143470421026,6,"1000,1001,1002,1003,1004,1005",20000,200,True
copy,structural_features,loss,relation,12800,0.13500433606100018,0.23034579985597126,5.499736849330361e-06,0.6286562475562095,6,"1000,1001,1002,1003,1004,1005",20000,200,True
copy,structural_features,loss,relation,13000,0.12088012417031296,0.222387138654111,4.5845230907559655e-06,0.6092012771964073,6,"1000,1001,1002,1003,1004,1005",20000,200,True
copy,structural_features,loss,relation,13200,0.10682899474139951,0.21265444871428363,3.446128630653078e-06,0.5803137226216495,6,"1000,1001,1002,1003,1004,1005",20000,200,True
copy,structural_features,loss,relation,13400,0.10738010440776814,0.21431247505680756,2.525149768679569e-06,0.5856965134380152,6,"1000,1001,1002,1003,1004,1005",20000,200,True
copy,structural_features,loss,relation,13600,0.12601127651738334,0.1715018092597017,2.1220812545941216e-06,0.4980075193371158,6,"1000,1001,1002,1003,1004,1005",20000,200,True
copy,structural_features,loss,relation,13800,0.03795567055326996,0.07002480530566639,1.0769032506807718e-06,0.19340600830328186,6,"1000,1001,1002,1003,1004,1005",20000,200,True
copy,structural_features,loss,relation,14000,0.15790386954922808,0.2345912994262218,1.884354040726066e-05,0.5986204127874225,6,"1000,1001,1002,1003,1004,1005",20000,200,True
copy,structural_features,loss,relation,14200,0.19303255310582756,0.2728027267003376,1.9066113217434122e-05,0.5803226058930159,6,"1000,1001,1002,1003,1004,1005",20000,200,True
copy,structural_features,loss,relation,14400,0.09961075102674595,0.18601603670832884,3.783954114382482e-06,0.509966908180504,6,"1000,1001,1002,1003,1004,1005",20000,200,True
copy,structural_features,loss,relation,14600,0.10328688421173553,0.20595727468443145,4.049226748696344e-06,0.5629726664698683,6,"1000,1001,1002,1003,1004,1005",20000,200,True
copy,structural_features,loss,relation,14800,0.09474830228697866,0.19029480049499112,1.8607148805926954e-06,0.5183031368203228,6,"1000,1001,1002,1003,1004,1005",20000,200,True
copy,structural_features,loss,relation,15000,0.02085971507745998,0.04176348664067929,3.8097955226801264e-07,0.11379885424918029,6,"1000,1001,1002,1003,1004,1005",20000,200,True
copy,structural_features,loss,relation,15200,0.018754462405819138,0.0363507606040833,2.722742022498892e-05,0.09977678377632401,6,"1000,1001,1002,1003,1004,1005",20000,200,True
copy,structural_features,loss,relation,15400,0.005632296014973102,0.008282881253065161,6.398092117931853e-07,0.021075895094254518,6,"1000,1001,1002,1003,1004,1005",20000,200,True
copy,structural_features,loss,relation,15600,0.03642654466415977,0.06394783564654004,2.2572143395516165e-07,0.17495653571852018,6,"1000,1001,1002,1003,1004,1005",20000,200,True
copy,structural_features,loss,relation,15800,0.0827953478473014,0.16576695428131155,4.440607465085122e-05,0.45203240477829243,6,"1000,1001,1002,1003,1004,1005",20000,200,True
copy,structural_features,loss,relation,16000,0.1075488624805251,0.1833170002691876,2.6277272136479014e-05,0.5085133519268129,6,"1000,1001,1002,1003,1004,1005",20000,200,True
copy,structural_features,loss,relation,16200,0.06444259617944871,0.13886647890746648,3.402678251337443e-06,0.3748894558940083,6,"1000,1001,1002,1003,1004,1005",20000,200,True
copy,structural_features,loss,relation,16400,0.05691113161804493,0.0817767057912021,3.53286160884636e-05,0.22259671451407484,6,"1000,1001,1002,1003,1004,1005",20000,200,True
copy,structural_features,loss,relation,16600,0.019662015545173737,0.033647841446176115,1.5238160813169088e-06,0.09366161015791023,6,"1000,1001,1002,1003,1004,1005",20000,200,True
copy,structural_features,loss,relation,16800,0.05067634874127087,0.09358782972817693,3.2229900452662717e-06,0.25808510674950524,6,"1000,1001,1002,1003,1004,1005",20000,200,True
copy,structural_features,loss,relation,17000,0.0027871780744739096,0.006054398158880798,3.266147086262716e-06,0.016324331763753433,6,"1000,1001,1002,1003,1004,1005",20000,200,True
copy,structural_features,loss,relation,17200,0.006273611150919883,0.010091815788318343,2.084073871131409e-06,0.028054799614826608,6,"1000,1001,1002,1003,1004,1005",20000,200,True
copy,structural_features,loss,relation,17400,0.014974552416088735,0.03129576207937012,2.0042572450407192e-06,0.08490182100346784,6,"1000,1001,1002,1003,1004,1005",20000,200,True
copy,structural_features,loss,relation,17600,0.010112683724376135,0.013658325016216027,8.056456876133211e-06,0.03862187415594235,6,"1000,1001,1002,1003,1004,1005",20000,200,True
copy,structural_features,loss,relation,17800,0.1024343866448637,0.19305065775807223,1.5947807595312336e-06,0.5312593929245486,6,"1000,1001,1002,1003,1004,1005",20000,200,True
copy,structural_features,loss,relation,18000,0.0490991544019146,0.10370094770145967,2.6151031412213755e-06,0.28083855929355195,6,"1000,1001,1002,1003,1004,1005",20000,200,True
copy,structural_features,loss,relation,18200,0.027260454019866015,0.05347932621650092,4.340365320683049e-06,0.14598898640758307,6,"1000,1001,1002,1003,1004,1005",20000,200,True
copy,structural_features,loss,relation,18400,0.13088989050481573,0.25624466680802066,3.261340342869401e-07,0.6996707309188059,6,"1000,1001,1002,1003,1004,1005",20000,200,True
copy,structural_features,loss,relation,18600,0.10203655701182694,0.227856869477943,1.3827543762023886e-06,0.6115397743880748,6,"1000,1001,1002,1003,1004,1005",20000,200,True
copy,structural_features,loss,relation,18800,0.1287677985772053,0.1765754448161279,3.896762846517521e-06,0.49577235119475516,6,"1000,1001,1002,1003,1004,1005",20000,200,True
copy,structural_features,loss,relation,19000,0.12898071478417247,0.21773436418201395,8.260862185993645e-07,0.605642383221857,6,"1000,1001,1002,1003,1004,1005",20000,200,True
copy,structural_features,loss,relation,19200,0.004958164144071738,0.006040338734925262,2.2467284904424678e-07,0.016541918679395168,6,"1000,1001,1002,1003,1004,1005",20000,200,True
copy,structural_features,loss,relation,19400,0.01084563339829625,0.019991256089434632,2.4251156801113895e-06,0.05475455797057293,6,"1000,1001,1002,1003,1004,1005",20000,200,True
copy,structural_features,loss,relation,19600,0.062484939165862334,0.13939823109701655,1.6525399437819498e-07,0.3741886779277411,6,"1000,1001,1002,1003,1004,1005",20000,200,True
copy,structural_features,loss,relation,19800,0.02389379582933673,0.03151374685643877,1.0839353315389433e-07,0.07098170477256645,6,"1000,1001,1002,1003,1004,1005",20000,200,True
copy,structural_features,loss,relation,20000,0.01316286121425314,0.029265532691478024,1.3307582980827402e-07,0.0786024516816542,6,"1000,1001,1002,1003,1004,1005",20000,200,True
copy,structural_features,loss,combined,200,0.6898153376579285,0.001525829350761212,0.6888060623407364,0.6931724935770035,6,"1000,1001,1002,1003,1004,1005",20000,200,True
copy,structural_features,loss,combined,400,0.6785433589915435,0.0018360891036272916,0.6747484022378921,0.6800466239452362,6,"1000,1001,1002,1003,1004,1005",20000,200,True
copy,structural_features,loss,combined,600,0.6745419551432134,0.002017654470911625,0.6711138060688973,0.6774493157863617,6,"1000,1001,1002,1003,1004,1005",20000,200,True
copy,structural_features,loss,combined,800,0.6673940616349379,0.0020289116212232425,0.6636870837211609,0.6700461131334304,6,"1000,1001,1002,1003,1004,1005",20000,200,True
copy,structural_features,loss,combined,1000,0.6605617782721916,0.0022158816523944963,0.6577614021301269,0.6637875126302242,6,"1000,1001,1002,1003,1004,1005",20000,200,True
copy,structural_features,loss,combined,1200,0.6543718265990416,0.004107756569639404,0.6486800312995911,0.6614894020557404,6,"1000,1001,1002,1003,1004,1005",20000,200,True
copy,structural_features,loss,combined,1400,0.6490717601031064,0.0033648860769858167,0.644745542705059,0.6557532170414925,6,"1000,1001,1002,1003,1004,1005",20000,200,True
copy,structural_features,loss,combined,1600,0.6466969181348879,0.0038023295926489795,0.6411699004471302,0.6536334931850434,6,"1000,1001,1002,1003,1004,1005",20000,200,True
copy,structural_features,loss,combined,1800,0.6431990074117978,0.003234064858077976,0.6377422288060188,0.6476371389627457,6,"1000,1001,1002,1003,1004,1005",20000,200,True
copy,structural_features,loss,combined,2000,0.6392199110984802,0.004236154554956554,0.6341321636736393,0.6448253563046455,6,"1000,1001,1002,1003,1004,1005",20000,200,True
copy,structural_features,loss,combined,2200,0.6365488641212383,0.005017685513971949,0.6286620976030827,0.6442484354972839,6,"1000,1001,1002,1003,1004,1005",20000,200,True
copy,structural_features,loss,combined,2400,0.6285575209061305,0.009619223844758752,0.608171463906765,0.6352685494720935,6,"1000,1001,1002,1003,1004,1005",20000,200,True
copy,structural_features,loss,combined,2600,0.6203380780915418,0.014321090841764052,0.5922746528685093,0.6362153641879559,6,"1000,1001,1002,1003,1004,1005",20000,200,True
copy,structural_features,loss,combined,2800,0.6134657659878333,0.02961935600916623,0.5477033418416977,0.6321071062982082,6,"1000,1001,1002,1003,1004,1005",20000,200,True
copy,structural_features,loss,combined,3000,0.584980600848794,0.06732514120231775,0.4363601090013981,0.6232185594737529,6,"1000,1001,1002,1003,1004,1005",20000,200,True
copy,structural_features,loss,combined,3200,0.5429334052900474,0.13413497581460368,0.25638751342892646,0.6285194689035416,6,"1000,1001,1002,1003,1004,1005",20000,200,True
copy,structural_features,loss,combined,3400,0.5100548248924315,0.1649097333727558,0.18675027336925268,0.6243029518425465,6,"1000,1001,1002,1003,1004,1005",20000,200,True
copy,structural_features,loss,combined,3600,0.47897062113353367,0.20203596052468412,0.13750656242482365,0.6254146544635296,6,"1000,1001,1002,1003,1004,1005",20000,200,True
copy,structural_features,loss,combined,3800,0.44494005487455673,0.22838852464179749,0.07116275093518197,0.6160972771048546,6,"1000,1001,1002,1003,1004,1005",20000,200,True
copy,structural_features,loss,combined,4000,0.4492722541637098,0.22292741874250796,0.08836683441884816,0.6206517833471298,6,"1000,1001,1002,1003,1004,1005",20000,200,True
copy,structural_features,loss,combined,4200,0.4628637808761171,0.20528990725758028,0.1089208578877151,0.6197900427877903,6,"1000,1001,1002,1003,1004,1005",20000,200,True
copy,structural_features,loss,combined,4400,0.5219790614699015,0.20943067170113874,0.05881578493397683,0.6805278617143631,6,"1000,1001,1002,1003,1004,1005",20000,200,True
copy,structural_features,loss,combined,4600,0.4968600728944876,0.1946381953519335,0.06858559011947364,0.604584758579731,6,"1000,1001,1002,1003,1004,1005",20000,200,True
copy,structural_features,loss,combined,4800,0.4179582638194552,0.2469819487655315,0.023981215487001464,0.6025027313828468,6,"1000,1001,1002,1003,1004,1005",20000,200,True
copy,structural_features,loss,combined,5000,0.38577018758767134,0.25248677602370667,0.02300968163763173,0.58403485044837,6,"1000,1001,1002,1003,1004,1005",20000,200,True
copy,structural_features,loss,combined,5200,0.35998962614239044,0.23110686759015966,0.06638147269608453,0.5870375115424394,6,"1000,1001,1002,1003,1004,1005",20000,200,True
copy,structural_features,loss,combined,5400,0.32097889345469105,0.26081627272076374,0.025648755138390697,0.5892060152441263,6,"1000,1001,1002,1003,1004,1005",20000,200,True
copy,structural_features,loss,combined,5600,0.30364060586085545,0.27764971276098765,0.015557373677147553,0.6026513388752938,6,"1000,1001,1002,1003,1004,1005",20000,200,True
copy,structural_features,loss,combined,5800,0.4049586573231985,0.2671569795612348,0.011568620994512457,0.6689676704816521,6,"1000,1001,1002,1003,1004,1005",20000,200,True
copy,structural_features,loss,combined,6000,0.2944225905254947,0.2702950231409101,0.004195168835540244,0.5696974590793252,6,"1000,1001,1002,1003,1004,1005",20000,200,True
copy,structural_features,loss,combined,6200,0.2927768638020704,0.2689451385025469,0.004122955438688223,0.5681834810972214,6,"1000,1001,1002,1003,1004,1005",20000,200,True
copy,structural_features,loss,combined,6400,0.29136701109970087,0.27483261597701175,4.914105247735279e-05,0.572082987204194,6,"1000,1001,1002,1003,1004,1005",20000,200,True
copy,structural_features,loss,combined,6600,0.3823963512395953,0.2723678580327217,8.442462769835401e-06,0.6518620944340364,6,"1000,1001,1002,1003,1004,1005",20000,200,True
copy,structural_features,loss,combined,6800,0.28767555060153777,0.24916016818066222,0.0027399867229542,0.5586438366770744,6,"1000,1001,1002,1003,1004,1005",20000,200,True
copy,structural_features,loss,combined,7000,0.33130986002071133,0.2183947807442099,0.0013282746283221059,0.5455633665248751,6,"1000,1001,1002,1003,1004,1005",20000,200,True
copy,structural_features,loss,combined,7200,0.4645098649278952,0.43256409816329566,0.0006864157646850799,1.2855935506516836,6,"1000,1001,1002,1003,1004,1005",20000,200,True
copy,structural_features,loss,combined,7400,0.35743873888546657,0.24861700806646253,0.003912236845571897,0.6835435123741627,6,"1000,1001,1002,1003,1004,1005",20000,200,True
copy,structural_features,loss,combined,7600,0.3336362358655742,0.2501899347785785,0.000491476144952685,0.6580590571463109,6,"1000,1001,1002,1003,1004,1005",20000,200,True
copy,structural_features,loss,combined,7800,0.3184972645451641,0.25300443117596266,0.03096100087290324,0.6341732859611511,6,"1000,1001,1002,1003,1004,1005",20000,200,True
copy,structural_features,loss,combined,8000,0.29565777307691554,0.2734971528792925,0.00042301415513065874,0.6554247573058819,6,"1000,1001,1002,1003,1004,1005",20000,200,True
copy,structural_features,loss,combined,8200,0.38211648911491164,0.24866371988618308,0.032955628273120964,0.6220202445238828,6,"1000,1001,1002,1003,1004,1005",20000,200,True
copy,structural_features,loss,combined,8400,0.34647482266762225,0.22760659038352107,0.00028222512712090976,0.6220453169941902,6,"1000,1001,1002,1003,1004,1005",20000,200,True
copy,structural_features,loss,combined,8600,0.2870184681778672,0.2596532456742668,0.030585775626823308,0.667743574976921,6,"1000,1001,1002,1003,1004,1005",20000,200,True
copy,structural_features,loss,combined,8800,0.28075155188546885,0.2282923672227843,0.0024006375845510774,0.6014044297114015,6,"1000,1001,1002,1003,1004,1005",20000,200,True
copy,structural_features,loss,combined,9000,0.23762058937968314,0.24761696284168652,0.0001596819918768233,0.6109975129365921,6,"1000,1001,1002,1003,1004,1005",20000,200,True
copy,structural_features,loss,combined,9200,0.2888718197023166,0.24036019746171236,0.00011885191431133535,0.623302912414074,6,"1000,1001,1002,1003,1004,1005",20000,200,True
copy,structural_features,loss,combined,9400,0.22436852459781256,0.26828399546809706,0.0004868448230240574,0.6835804644972086,6,"1000,1001,1002,1003,1004,1005",20000,200,True
copy,structural_features,loss,combined,9600,0.24412039218777862,0.23259624834831125,8.302151093630527e-05,0.6112019128538668,6,"1000,1001,1002,1003,1004,1005",20000,200,True
copy,structural_features,loss,combined,9800,0.18594678931757166,0.22715394794276797,9.747398376475758e-05,0.6118688138760626,6,"1000,1001,1002,1003,1004,1005",20000,200,True
copy,structural_features,loss,combined,10000,0.15159860978055065,0.20821029615150996,0.0001937890333317682,0.5769269371405243,6,"1000,1001,1002,1003,1004,1005",20000,200,True
copy,structural_features,loss,combined,10200,0.13086292181812034,0.21420515945281463,8.376976303111406e-05,0.5915441489964723,6,"1000,1001,1002,1003,1004,1005",20000,200,True
copy,structural_features,loss,combined,10400,0.2179119435008713,0.23198731465636035,0.0001213799279230443,0.5797827918082475,6,"1000,1001,1002,1003,1004,1005",20000,200,True
copy,structural_features,loss,combined,10600,0.16903900877685504,0.20521994948486555,0.006614878163090907,0.5612672347575426,6,"1000,1001,1002,1003,1004,1005",20000,200,True
copy,structural_features,loss,combined,10800,0.10803493766868712,0.21873889765477778,0.0001772948668610752,0.5961829570215196,6,"1000,1001,1002,1003,1004,1005",20000,200,True
copy,structural_features,loss,combined,11000,0.09918237756322001,0.2045530008113534,4.3560118338064055e-05,0.5561983892135323,6,"1000,1001,1002,1003,1004,1005",20000,200,True
copy,structural_features,loss,combined,11200,0.19109640178422505,0.18545843555317723,0.0001907820258369952,0.5445767918229103,6,"1000,1001,1002,1003,1004,1005",20000,200,True
copy,structural_features,loss,combined,11400,0.09139258923533133,0.19492825185285298,4.7054002461095476e-05,0.5271713462122716,6,"1000,1001,1002,1003,1004,1005",20000,200,True
copy,structural_features,loss,combined,11600,0.08096393853167153,0.1766262528367127,4.092369925103867e-05,0.4758758244087221,6,"1000,1001,1002,1003,1004,1005",20000,200,True
copy,structural_features,loss,combined,11800,0.04580024990650985,0.06495621143541253,3.5978447780635745e-05,0.18909727180231128,6,"1000,1001,1002,1003,1004,1005",20000,200,True
copy,structural_features,loss,combined,12000,0.002373863193773609,0.0040017795824226,5.2871582583975394e-05,0.011264020146918484,6,"1000,1001,1002,1003,1004,1005",20000,200,True
copy,structural_features,loss,combined,12200,0.013077889263284253,0.015231909486806805,2.1588275128863188e-05,0.04426275122412335,6,"1000,1001,1002,1003,1004,1005",20000,200,True
copy,structural_features,loss,combined,12400,0.02111703720678167,0.04670639805603603,5.9106087536520134e-06,0.12555422079138226,6,"1000,1001,1002,1003,1004,1005",20000,200,True
copy,structural_features,loss,combined,12600,0.021501663757251144,0.03488583155740181,8.302413013794307e-07,0.09844994612592348,6,"1000,1001,1002,1003,1004,1005",20000,200,True
copy,structural_features,loss,combined,12800,0.0009913554954901662,0.0012977132731301704,1.279063974823913e-07,0.0037314410657018015,6,"1000,1001,1002,1003,1004,1005",20000,200,True
copy,structural_features,loss,combined,13000,0.01246757829032436,0.02700716511612327,2.7461607016721067e-08,0.07284688418916631,6,"1000,1001,1002,1003,1004,1005",20000,200,True
copy,structural_features,loss,combined,13200,0.7525396467487176,1.409792496415286,1.3802379710825541e-08,3.867052728731445,6,"1000,1001,1002,1003,1004,1005",20000,200,True
copy,structural_features,loss,combined,13400,0.05131994387498948,0.07878949778620987,4.287908048818123e-07,0.21268659603141715,6,"1000,1001,1002,1003,1004,1005",20000,200,True
copy,structural_features,loss,combined,13600,0.06487507741597558,0.11534707022178411,7.65656849677221e-08,0.3194623061155289,6,"1000,1001,1002,1003,1004,1005",20000,200,True
copy,structural_features,loss,combined,13800,0.004295752744075311,0.007888582412897686,8.02844585021112e-09,0.0216745974868536,6,"1000,1001,1002,1003,1004,1005",20000,200,True
copy,structural_features,loss,combined,14000,0.047637120820044,0.09440396458044605,2.795369824989957e-09,0.2575771344576037,6,"1000,1001,1002,1003,1004,1005",20000,200,True
copy,structural_features,loss,combined,14200,0.005024085558856234,0.007265307946643335,2.5418610831093314e-09,0.018680461398571425,6,"1000,1001,1002,1003,1004,1005",20000,200,True
copy,structural_features,loss,combined,14400,0.052306539787492806,0.08458425275940996,1.1527136995361786e-05,0.22985221601255035,6,"1000,1001,1002,1003,1004,1005",20000,200,True
copy,structural_features,loss,combined,14600,0.016709643516766813,0.03706493675861457,1.6525897406569068e-07,0.09958825771918782,6,"1000,1001,1002,1003,1004,1005",20000,200,True
copy,structural_features,loss,combined,14800,0.013273492929428596,0.02788709297860964,1.9512671045746054e-08,0.07557786431885824,6,"1000,1001,1002,1003,1004,1005",20000,200,True
copy,structural_features,loss,combined,15000,0.017117395787627724,0.02701158534537033,3.889393865481871e-09,0.07437627635430313,6,"1000,1001,1002,1003,1004,1005",20000,200,True
copy,structural_features,loss,combined,15200,0.03563635054511612,0.0660779738180106,2.3378456161064767e-09,0.18097378744796516,6,"1000,1001,1002,1003,1004,1005",20000,200,True
copy,structural_features,loss,combined,15400,0.00971694044212501,0.021389899541240584,1.675239452905014e-09,0.05754488192693316,6,"1000,1001,1002,1003,1004,1005",20000,200,True
copy,structural_features,loss,combined,15600,0.18873335050998008,0.4092017186326995,9.389919125579739e-10,1.1034388064529503,6,"1000,1001,1002,1003,1004,1005",20000,200,True
copy,structural_features,loss,combined,15800,0.15318407436481873,0.33093689874508386,8.061898508840426e-10,0.8928806501821964,6,"1000,1001,1002,1003,1004,1005",20000,200,True
copy,structural_features,loss,combined,16000,0.10619985599245002,0.14798879750916236,8.047006050913852e-10,0.4189449453167714,6,"1000,1001,1002,1003,1004,1005",20000,200,True
copy,structural_features,loss,combined,16200,0.011731005372248138,0.01683480782872912,5.197225029680841e-10,0.04497599961201559,6,"1000,1001,1002,1003,1004,1005",20000,200,True
copy,structural_features,loss,combined,16400,0.0037059801729602414,0.006390373055919939,6.030135596760133e-10,0.01751269869825137,6,"1000,1001,1002,1003,1004,1005",20000,200,True
copy,structural_features,loss,combined,16600,0.009510692800551114,0.011516705840552335,5.895361058485745e-10,0.028873575780849023,6,"1000,1001,1002,1003,1004,1005",20000,200,True
copy,structural_features,loss,combined,16800,0.0010656312220543856,0.002299011895340689,5.866974704953239e-10,0.006205967390592378,6,"1000,1001,1002,1003,1004,1005",20000,200,True
copy,structural_features,loss,combined,17000,5.5950589523657956e-05,4.9438523097969756e-05,3.966980795504921e-10,0.00012822784980585312,6,"1000,1001,1002,1003,1004,1005",20000,200,True
copy,structural_features,loss,combined,17200,0.07895249274717017,0.1447710669570771,7.552375538150136e-10,0.4002407056498288,6,"1000,1001,1002,1003,1004,1005",20000,200,True
copy,structural_features,loss,combined,17400,0.009969551848570924,0.01793899365463187,4.405914134529218e-10,0.04915800753731389,6,"1000,1001,1002,1003,1004,1005",20000,200,True
copy,structural_features,loss,combined,17600,0.0012192543949690361,0.0026295160261510966,5.0554805930067e-10,0.007097815819249718,6,"1000,1001,1002,1003,1004,1005",20000,200,True
copy,structural_features,loss,combined,17800,0.0005623371539653163,0.0011953993706130136,4.4842884507675233e-10,0.003234618823817925,6,"1000,1001,1002,1003,1004,1005",20000,200,True
copy,structural_features,loss,combined,18000,0.003848948931350276,0.008560136756866862,2.8124393492258774e-10,0.02298996661414549,6,"1000,1001,1002,1003,1004,1005",20000,200,True
copy,structural_features,loss,combined,18200,0.002556283745634237,0.0041324306345144135,4.3758026849541333e-10,0.011319618641759748,6,"1000,1001,1002,1003,1004,1005",20000,200,True
copy,structural_features,loss,combined,18400,0.02233721142075061,0.03801902393205187,3.70488263184629e-10,0.10371507610581887,6,"1000,1001,1002,1003,1004,1005",20000,200,True
copy,structural_features,loss,combined,18600,0.05533267214165219,0.11942250701642726,2.4490472982701894e-10,0.32232258367743233,6,"1000,1001,1002,1003,1004,1005",20000,200,True
copy,structural_features,loss,combined,18800,0.0016854761021361624,0.0024251089702826707,3.8983234748775354e-10,0.006388326605985526,6,"1000,1001,1002,1003,1004,1005",20000,200,True
copy,structural_features,loss,combined,19000,0.013292305511249458,0.02806389820671738,2.827598483481908e-10,0.07597027718684615,6,"1000,1001,1002,1003,1004,1005",20000,200,True
copy,structural_features,loss,combined,19200,0.0010167406183831816,0.0014381534629201037,3.8613073806079146e-10,0.0036141165612752248,6,"1000,1001,1002,1003,1004,1005",20000,200,True
copy,structural_features,loss,combined,19400,2.941256954488637e-05,2.416082376439869e-05,2.4683632624412226e-10,6.499987352938775e-05,6,"1000,1001,1002,1003,1004,1005",20000,200,True
copy,structural_features,loss,combined,19600,0.000589537089812929,0.0013027650630869695,2.8680208177984943e-10,0.0035025522222224483,6,"1000,1001,1002,1003,1004,1005",20000,200,True
copy,structural_features,loss,combined,19800,0.02437844356772406,0.048598294694780046,3.2889856352302796e-10,0.1328429518383106,6,"1000,1001,1002,1003,1004,1005",20000,200,True
copy,structural_features,loss,combined,20000,0.0005922921263676547,0.0012932544289413702,3.429717149823139e-10,0.003483940184977712,6,"1000,1001,1002,1003,1004,1005",20000,200,True
